product_name,price
LCWAIKIKI Classic - %100 Pamuk Regular Fit Basic Tişört,299.99
LCWAIKIKI Classic - V Yaka Penye Erkek Tişört,299.99
LCWAIKIKI Classic - Polo Yaka Pike Erkek Tişört,449.99
LCW Vision - Loose Fit Basic Soft Touch Tişört,499.99
LC WAIKIKI - Slim Fit Erkek Şort 2'li,699.99
LCW Vision - Standart Kalıp Erkek  Pantolon,899.99
LCWAIKIKI Classic - Polo Yaka Erkek Triko Tişört,329.99
LCWAIKIKI Classic - Standart Kalıp Gabardin Erkek Chino Pantolon,499.99
LCW Vision - Regular Fit Keten Görünümlü Erkek Pantolon,899.99
LCW Vision - Polo Yaka Erkek Tişört,499.99
LCWAIKIKI Classic - Standart Kalıp Erkek Eşofman Altı,649.99
LC WAIKIKI - Pamuklu Esnek Erkek Boxer 7li,599.99
Freemen - Erkek Normal Kalıp Bisiklet Yaka 30/1 Süpre 5’li Basic Tişört Seti,769.00
SOUTHBLUE - Standart Kalıp Erkek Pantolon,499.99
XSIDE - Standart Kalıp Fermuarlı Cepli Erkek Jogger Eşofman Altı,699.99
LCWAIKIKI Classic - Standart Kalıp Erkek Eşofman Altı,499.99
LCW Jeans - 779 Regular Fit Erkek Jean Pantolon,899.99
XSIDE - Polo Yaka Penye Erkek Tişört,399.99
SOUTHBLUE - Standart Kalıp Armürlü Erkek Pantolon,499.99
LC WAIKIKI - Standart Kalıp Erkek Pijama Altı 2'li,799.99
LC WAIKIKI - Standart Kalıp Pamuklu Esnek Erkek Boxer 5'li,549.99
LCWAIKIKI Classic - Polo Yaka Strüktürlü Erkek Tişört,699.99
LCWAIKIKI Classic - Standart Kalıp Gabardin Erkek Chino Pantolon,899.99
LCW Jeans - 750 Slim Fit Erkek Jean Pantolon,899.99
SOUTHBLUE - Polo Yaka Erkek Triko Tişört,599.99
LCWAIKIKI Classic - Dar Kalıp Erkek Chino Pantolon,499.99
LCWAIKIKI Classic - Bisiklet Yaka Baskılı Penye Erkek Tişört,299.99
LCW Jeans - 760 Skinny Fit Erkek Jean Pantolon,899.99
XSIDE - Bisiklet Yaka Baskılı Erkek Tişört,299.99
SOUTHBLUE - Standart Kalıp Erkek Pantolon,899.99
XSIDE ACTIVE - Standart Kalıp Erkek Eşofman Altı,549.99
SOUTHBLUE - Standart Kalıp Erkek Eşofman Altı,399.99
XSIDE - Bisiklet Yaka Kısa Kollu Erkek Tişört,249.99
LCWAIKIKI Classic - Standart Kalıp Erkek Chino Pantolon,699.99
LCW ACCESSORIES - Erkek Bambu Patik Çorap 7'li,399.99
LCWAIKIKI Classic - Slim Fit Gabardin Erkek Chino Pantolon,799.99
SOUTHBLUE - Standart Kalıp Erkek Pantolon,999.99
SOUTHBLUE - Regular Fit Çizgili Erkek Gömlek,799.99
SOUTHBLUE - Standart Kalıp Erkek Pantolon,549.99
LCW Vision - Regular Fit Erkek Kumaş Pantolon,1199.99
SOUTHBLUE - Standart Kalıp Erkek Pantolon,649.99
LCW Jeans - 710 Loose Fit Erkek Jean Pantolon,999.99
SOUTHBLUE - Standart Kalıp Erkek Pantolon,799.99
XSIDE - Standart Kalıp Erkek Yağmurluk,999.99
LC WAIKIKI - U Yaka Penye Erkek Atlet 5'li,599.99
LCWAIKIKI Classic - Bisiklet Yaka Baskılı Penye Erkek Tişört,399.99
LCWAIKIKI Classic - Standart Kalıp Erkek Roller Şort,699.99
LC WAIKIKI - Standart Kalıp Baskılı Erkek Şortlu Pijama Takımı,899.99
LC WAIKIKI - Slim Fit Erkek Şort,399.99
LCWAIKIKI Classic - Bisiklet Yaka Erkek Tişört,399.99
LC WAIKIKI - Standart Kalıp Erkek Pijama Altı 2'li,899.99
LC WAIKIKI - Standart Kalıp Pamuklu Esnek Erkek Boxer 7'li,599.99
LCW Vision - Standart Kalıp Keten Görünümlü Erkek Şort,799.99
XSIDE - Standart Kalıp Çizgili Erkek Şort,499.99
LCW Vision - Polo Yaka Erkek Tişört,599.99
LCW Kids - Polo Yaka Unisex Çocuk Pike Tişört,329.99
LC WAIKIKI - U Yaka Erkek Atlet 3'lü,499.99
XSIDE - Bisiklet Yaka Kısa Kollu Baskılı Erkek Tişört,399.99
LCW Vision - Regular Fit Erkek Ceket,1999.99
XSIDE - Bisiklet Yaka Çizgili Penye Erkek Tişört,249.99
XSIDE - Loose Fit Basic Kalın  Tişört,399.99
SOUTHBLUE - Polo Yaka Erkek Triko Tişört,549.99
LC WAIKIKI - U Yaka Penye Erkek Atlet,329.99
LCWAIKIKI Basic - Kapüşonlu Uzun Kollu Erkek Fermuarlı Sweatshirt,329.99
LCW Vision - Polo Yaka Erkek Tişört,399.99
XSIDE - Kapüşonlu Erkek Ceket,799.99
LCWAIKIKI Classic - Standart Kalıp Erkek Bermuda Şort,299.99
SOUTHBLUE - Polo Yaka Çizgili Erkek Triko Tişört,499.99
LCWAIKIKI Classic - Dik Yaka Erkek Ceket,1299.99
LCWAIKIKI Classic - Standart Kalıp Erkek Şort,449.99
XSIDE - Rahat Kalıp Keten Görünümlü Erkek Pantolon,899.99
LCW ACCESSORIES - Erkek Patik Çorap 10'lu,359.99
SOUTHBLUE - Polo Yaka Erkek Tişört,599.99
LCWAIKIKI Classic - Polo Yaka Penye Erkek Tişört,399.99
LCW Vision - Standart Kalıp Erkek Pantolon,899.99
LCW Vision - Regular Fit Resort Yaka Müslin Erkek Gömlek,799.99
LC WAIKIKI - Standart Kalıp Erkek Şortlu Pijama Takımı,799.99
XSIDE - Polo Yaka Penye Erkek Tişört,549.99
XSIDE - Bisiklet Yaka Baskılı Erkek Tişört,249.99
LC WAIKIKI - Galatasaray Baskılı Erkek Şortlu Pijama Takımı,1099.99
LCW Vision - Regular Fit Dokulu Erkek Gömlek,899.99
LCW Vision - Regular Fit Erkek Şort,699.99
LCWAIKIKI Classic - Bisiklet Yaka Baskılı Penye Erkek Tişört,359.99
LCW Vision - Regular Fit Keten Karışımlı Erkek Gömlek,899.99
LCW Jeans - 779 Regular Fit Erkek Jean Pantolon,1099.99
LCWAIKIKI Classic - Regular Fit Poplin Erkek Gömlek,699.99
XSIDE - Standart Kalıp Erkek Şişme Yelek,699.99
LCWAIKIKI Classic - Bisiklet Yaka Baskılı Erkek Tişört,399.99
LCWAIKIKI Classic - Slim Fit %100 Pamuk Basic Tişört,299.99
LCW Vision - Standart Kalıp Erkek Blazer Ceket,1299.99
LCW Vision - Rahat Kalıp Erkek Pantolon,799.99
LCWAIKIKI Classic - Standart Kalıp Erkek Şort,549.99
LCWAIKIKI Classic - Bisiklet Yaka Uzun Kollu Erkek Tişört,399.99
LCW Jeans - 779 Regular Fit Erkek Jean Pantolon,999.99
XSIDE - Slim Fit Erkek Jogger Pantolon,699.99
LCW Vision - Standart Kalıp Erkek Blazer Ceket,999.99
XSIDE - Dik Yaka Erkek Fermuarlı Sweatshirt,699.99
LCWAIKIKI Classic - Oversize Fit Bisiklet Yaka Baskılı Erkek Tişört,399.99
LCWAIKIKI Classic - Bisiklet Yaka Renk Bloklu Penye Erkek Tişört,359.99
LCWAIKIKI Classic - Dik Yaka Erkek Ceket,1799.99
XSIDE - Bisiklet Yaka Kısa Kollu Erkek Tişört,399.99
LC WAIKIKI - Regular Fit Erkek Şortlu Pijama Takımı,899.99
LC WAIKIKI - Standart Kalıp Erkek Şortlu Pijama Takımı,899.99
LCW Jeans - 745 Baggy Fit Erkek Jean Pantolon,999.99
LC WAIKIKI - Beli Lastikli Erkek Pijama Altı 2'li,799.99
LCWAIKIKI Classic - Standart Kalıp Pike Erkek Şort,299.99
XSIDE ACTIVE - Bisiklet Yaka Erkek Spor Tişört,599.99
LCWAIKIKI Classic - Polo Yaka Standart Fit Strüktürlü Erkek Tişört,549.99
LCW STEPS - Suni Deri Görünümlü Bağcıklı Erkek Spor Ayakkabı,399.99
LCW Jeans - 750 Slim Fit Erkek Jean Pantolon,1099.99
XSIDE ACTIVE - Standart Kalıp Erkek Jogger Eşofman Altı,899.99
XSIDE ACTIVE - Bisiklet Yaka Erkek Spor Tişört,399.99
XSIDE - Standart Kalıp Erkek Şort,499.99
LC WAIKIKI - Standart Kalıp Erkek Pijama Alt Şort,449.99
XSIDE ACTIVE - Standart Kalıp Erkek Eşofman Altı,899.99
SOUTHBLUE - Bisiklet Yaka Nakışlı Erkek Tişört,499.99
LC WAIKIKI - Slim Fit İnce Basic Tişört,279.99
LCWAIKIKI Classic - Polo Yaka Erkek Dokulu Tişört,549.99
LCW STEPS - Deri Görünümlü Erkek Spor Ayakkabı,699.99
XSIDE - Loose Fit Erkek Müslin Pantolon,899.99
LCW Jeans - Standart Kalıp Erkek Jean Şort,999.99
LC WAIKIKI - Regular Fit Baskılı Erkek Şortlu Pijama Takımı,799.99
LCWAIKIKI Classic - Regular Fit Erkek Şort,599.99
LCWAIKIKI Classic - Slim Fit %100 Pamuk Basic Tişört,199.99
LCWAIKIKI Classic - Bisiklet Yaka Uzun Kollu Erkek Tişört,249.99
XSIDE - Slim Fit Erkek Pantolon,499.99
LCW ECO - 790 Rahat Kalıp Erkek Jean Pantolon,649.99
LC WAIKIKI - Standart Kalıp Erkek Pijama Takım,899.99
SOUTHBLUE - Regular Fit %100 Keten Erkek Basic Gömlek,1299.99
LCW STEPS - Deri Görünümlü Erkek Spor Ayakkabı,599.99
LCW Vision - Regular Fit Keten Karışımlı Erkek Basic Gömlek,899.99
LCWAIKIKI Classic - Polo Yaka Kısa Kollu Pike Erkek Tişört,359.99
SOUTHBLUE - Regular Fit %100 Keten Erkek Gömlek,1299.99
XSIDE - Polo Yaka Penye Erkek Tişört,299.99
XSIDE - Bisiklet Yaka Nakışlı Erkek Tişört,499.99
LCW Vision - Polo Yaka Çizgili Erkek Triko Tişört,399.99
LCW ACCESSORIES - Desenli Erkek Patik Çorap 7'li,359.99
LCWAIKIKI Classic - Standart Kalıp Erkek Roller Şort,549.99
XSIDE - Loose Fit Erkek Gabardin Gömlek Ceket,699.99
LCWAIKIKI Classic - Standart Kalıp Beli Bağlama Detaylı Erkek Şort,499.99
LCW STEPS - Çift Bantlı Erkek Terlik,329.99
LCWAIKIKI Classic - Regular Fit Keten Karışımlı Erkek Gömlek,799.99
LCW Limitless - Kolay Giyilebilir Çıtçıtlı Erkek Pijama Takımı,599.99
XSIDE - Standart Kalıp Erkek Jogger Eşofman Altı,399.99
LCWAIKIKI Classic - Standart Kalıp Erkek Jogger Eşofman Altı,399.99
LCW STEPS - Deri Görünümlü Erkek Spor Ayakkabı,499.99
LCW Jeans - 730 Carrot Fit Erkek Jean Pantolon,1099.99
LCWAIKIKI Classic - Rahat Kalıp Erkek Kargo Şort,699.99
XSIDE - Standart Kalıp Kapüşonlu Erkek Yağmurluk,1499.99
LCW STEPS - Bağcıklı Erkek Spor Ayakkabı,499.99
XSIDE - Standart Kalıp Erkek Gabardin Jogger Pantolon,699.99
LCWAIKIKI Classic - V Yaka Penye Erkek Tişört,199.99
LCW Vision - Slim Fit Erkek Pantolon,899.99
LCW STEPS - Bağcıklı Erkek Spor Ayakkabı,399.99
LCWAIKIKI Classic - Bisiklet Yaka Yazı Baskılı Penye Erkek Tişört,299.99
XSIDE - Loose Fit Keten Görünümlü Erkek Gömlek,699.99
XSIDE - Rahat Kalıp Erkek Pantolon,799.99
XSIDE - Standart Kalıp Erkek Eşofman Altı,699.99
XSIDE - V Yaka Penye Erkek Tişört,149.99
XSIDE - Standart Kalıp Erkek Jogger Eşofman Alt,499.99
SOUTHBLUE - Standart Kalıp Erkek Pileli Keten Pantolon,1499.99
XSIDE - Rahat Kalıp Erkek Jogger Eşofman Altı,899.99
LCW Vision - Standart Kalıp Gömlek Yaka Erkek Mont,799.99
XSIDE - Bisiklet Yaka Baskılı Penye Erkek Tişört,149.99
XSIDE - Polo Yaka Erkek Triko Tişört,599.99
LCWAIKIKI Classic - Standart Kalıp Erkek Şort,599.99
LCWAIKIKI Classic - Dik Yaka Erkek Ceket,1499.99
LCWAIKIKI Classic - Regular Fit Armürlü Erkek Gömlek,749.99
LCWAIKIKI Classic - Regular Fit Keten Karışımlı Erkek Gömlek,749.99
XSIDE - Regular Fit Müslin Erkek Gömlek,799.99
LCW ACCESSORIES - Erkek Soket Çorap 5'l,249.99
LCW Jeans - 750 Slim Fit Erkek Jean Pantolon,999.99
XSIDE - Bisiklet Yaka Erkek Penye Tişört,359.99
XSIDE - Dik Yaka Erkek Fermuarlı Sweatshirt,549.99
XSIDE - Ford Baskılı Bisiklet Yaka Erkek Tişört,699.99
LCW SWIMWEAR - Kısa Boy Erkek Deniz Şortu,499.99
LCW Vision - Polo Yaka Çizgili Erkek Tişört,599.99
LCW Vision - Rahat Kalıp Erkek Pantolon,999.99
XSIDE - Standart Kalıp Kapüşonlu Erkek Yağmurluk,899.99
LCW Jeans - 779 Regular Fit Erkek Jean Pantolon,799.99
TONNY BLACK - Erkek Siyah Beyaz Esnek Konforlu Rahat Kalıp Spor Ayakkabı,749.97
LCWAIKIKI Classic - Polo Yaka Pike Erkek Tişört,499.99
XSIDE - Standart Kalıp Erkek Kargo Şort,699.99
LCW Vision - Regular Fit Keten Görünümlü Erkek Gömlek,699.99
XSIDE - Loose Fit Erkek Eşofman Altı,499.99
LCW ACCESSORIES - Erkek Bambu Patik Çorap 5'li,329.99
LCW Vision - Regular Fit Gabardin Erkek Pantolon,799.99
XSIDE ACTIVE - Polo Yaka Nakışlı Erkek Spor Tişört,499.99
SOUTHBLUE - Gömlek Yaka Erkek Ceket,1799.99
LC WAIKIKI - Regular Fit  Basic Tişört,359.99
LC WAIKIKI - V Yaka Erkek Tişört,229.99
LCWAIKIKI Classic - Standart Kalıp Erkek Roller Şort,399.99
LCWAIKIKI Classic - Standart Kalıp Erkek Eşofman Altı,599.99
LC WAIKIKI - Standart Kalıp Erkek Jean Şort,399.99
LCW Vision - Hakim Yaka Erkek Tişört,399.99
LCW Vision - Standart Kalıp Kapüşonlu Erkek Yağmurluk,1499.99
XSIDE - Standart Kalıp Kapüşonlu Erkek Yağmurluk,699.99
XSIDE - Standart Kalıp Erkek Jogger Eşofman Altı,799.99
LCW Jeans - Regular Fit Erkek Jean Şort,999.99
LCW Jeans - 790 Rahat Kalıp Erkek Jean Pantolon,1099.99
LCW SWIMWEAR - Diz Hizası Boy Desenli Erkek Deniz Şortu,649.99
LCW Vision - Regular Fit Resort Yaka Müslin Erkek Basic Gömlek,799.99
XSIDE - Bisiklet Yaka Penye Erkek Tişört,179.99
LCW Vision - Bisiklet Yaka Baskılı Penye Erkek Tişört,329.99
TONNY BLACK - Erkek Siyah Esnek Konforlu Rahat Kalıp Spor Ayakkabı,749.97
LCWAIKIKI Classic - Standart Kalıp Erkek Jogger Eşofman Altı,799.99
LCWAIKIKI Classic - Standart Kalıp Dik Yaka Erkek Fermuarlı Sweatshirt,399.99
LCW SWIMWEAR - Diz Hizası Boy Basic Erkek Deniz Şortu,499.99
LCWAIKIKI Classic - Regular Fit Keten Karışımlı Erkek Chino Pantolon,1099.99
LC WAIKIKI - Standart Kalıp Florida Baskılı Erkek Şortlu Pijama Takımı,899.99
Kappa LC WAIKIKI - Bisiklet Yaka Kappa Baskılı Erkek Tişört,699.99
LCWAIKIKI Basic - Kapüşonlu Erkek Fermuarlı Sweatshirt,899.99
XSIDE - Loose Fit Resort Yaka Müslin Erkek Gömlek,699.99
LCWAIKIKI Classic - Standart Kalıp Erkek Şort,649.99
LCWAIKIKI Classic - Dar Kalıp Erkek Chino Pantolon,999.99
XSIDE - Loose Fit Basic Kalın  Tişört,499.99
XSIDE - Bisiklet Yaka Şeritli Baskılı Erkek Tişört,499.99
XSIDE - Rahat Kalıp Erkek Kargo Pantolon,1099.99
LC WAIKIKI - Bisiklet Yaka Teddy Baskılı Erkek Şortlu Pijama Takımı,899.99
LCWAIKIKI Classic - Standart Kalıp Dik Yaka Erkek Fermuarlı Sweatshirt,499.99
Comstar - Erkek Fermuarlı Siyah Kolej Ceket,1049.99
XSIDE ACTIVE - Rahat Kalıp Erkek Spor Şort,699.99
SOUTHBLUE - Standart Kalıp Erkek Triko Hırka,399.99
LCWAIKIKI Classic - Bisiklet Yaka Uzun Kollu Erkek Tişört,179.99
LCWAIKIKI Classic - Polo Yaka Erkek Pike Tişört,449.99
LCW Vision - Slim Fit Erkek Pantolon,1199.99
LCW Vision - Regular Fit Armürlü Erkek Gömlek,899.99
XSIDE - Standart Kalıp Baskılı Erkek Şort,699.99
SOUTHBLUE - Bisiklet Yaka Baskılı Erkek Penye Tişört,399.99
XSIDE - Bisiklet Yaka Penye Erkek Tişört,299.99
SOUTHBLUE - Standart Kalıp Erkek Pantolon,399.99
LCW HOME - Fiyonk Görünümlü Kadın Ev Terliği,499.99
XSIDE - Standart Kalıp Erkek Yağmurluk,899.99
SOUTHBLUE - Regular Fit %100 Keten Erkek Pantolon,1499.99
SOUTHBLUE - Standart Kalıp Gabardin Erkek Pantolon,499.99
XSIDE - Bisiklet Yaka Erkek Tişört,359.99
SOUTHBLUE - Gömlek Yaka Süet Erkek Ceket,1499.99
LCWAIKIKI Classic - Standart Kalıp Erkek Chino Pantolon,899.99
LCW Jeans - 790 Rahat Kalıp Erkek Jean Pantolon,999.99
XSIDE - Regular Fit Keten Görünümlü Erkek Gömlek,699.99
XSIDE - Bisiklet Yaka Star Wars Baskılı Erkek Tişört,599.99
XSIDE - Regular Fit Gabardin Erkek Kargo Pantolon,999.99
LCW Jeans - Rahat Kalıp Erkek Jean Ceket,699.99
LCW Vision - Regular Fit Çizgili Poplin Erkek Gömlek,399.99
LC WAIKIKI - Regular Fit Erkek Şortlu Pijama Takımı,1099.99
LCWAIKIKI Classic - Standart Kalıp Erkek Eşofman Altı,549.99
LCW Vision - Regular Fit Uzun Kollu Süet Erkek Gömlek Ceket,399.99
XSIDE ACTIVE - Regular Fit Liverpool Baskılı Erkek Spor Şort,799.99
LCW BUSINESS - Dar Kalıp Erkek Takım Elbise Ceketi,1999.99
LCW Vision - Kolej Yaka Erkek Ceket,999.99
XSIDE - Loose Fit Basic Kalın  Tişört,329.99
LCW Vision - Regular Fit Kısa Kollu Erkek Gömlek,699.99
LCW Vision - Polo Yaka Çizgili Erkek Tişört,799.99
LCW Vision - Regular Fit Gabardin Erkek Pantolon,999.99
XSIDE ACTIVE - Standart Kalıp Erkek Spor Şort,699.99
LCW Vision - Polo Yaka Fitilli Erkek Triko Tişört,599.99
XSIDE ACTIVE - Bisiklet Yaka Erkek Kolsuz Tişört,399.99
SLAZENGER - MAKE Erkek Siyah Eşofman Altı,479.90
XSIDE - Regular Fit Hakim Yaka Erkek Dokulu Gömlek,699.99
XSIDE - Bisiklet Yaka Baskılı Erkek Tişört,279.99
LCW Jeans - Baggy Fit Erkek Jean Pantolon,999.99
XSIDE - Bisiklet Yaka Kısa Kollu Rick and Morty Baskılı Penye Erkek Tişört,329.99
Kappa LC WAIKIKI - Bisiklet Yaka Baskılı Unisex Spor Tişört,699.99
LCWAIKIKI Classic - Standart Kalıp Dik Yaka Erkek Şişme Yelek,999.99
ajn - Kids Polo Yaka Basic Kısa Kollu Unisex Çocuk Tişört,399.99
LCW Vision - Polo Yaka Çizgili Erkek Tişört,699.99
LCWAIKIKI Classic - Standart Kalıp Kapüşonlu Erkek Fermuarlı Sweatshirt,899.99
LCW Vision - Standart Kalıp Erkek Ceket,699.99
LCW Vision - Polo Yaka Çizgili Erkek Triko Tişört,699.99
XSIDE - Loose Fit Erkek Pantolon,899.99
Kappa LC WAIKIKI - Rahat Kalıp Şeritli Unisex Eşofman Altı,899.99
LCWAIKIKI Classic - Standart Kalıp Erkek Eşofman Altı,899.99
LC WAIKIKI - Standart Kalıp Erkek Pijama Takımı,899.99
LCW Vision - Regular Fit Dokulu Erkek Basic Gömlek,899.99
XSIDE - Slim Fit Basic Esnek Tişört,359.99
Tommylife - Standart Kalıp 3'lü Paket Siyah-Gri Melanj-Çağla Erkek Kapri - 83091,2449.90
LCWAIKIKI Classic - Polo Yaka Erkek Tişört,299.99
LCWAIKIKI Classic - Bisiklet Yaka Erkek Tişört,449.99
LCW Vision - Standart Kalıp Kapüşonlu Erkek Yağmurluk,1299.99
LCWAIKIKI Classic - Standart Kalıp Erkek Şort,359.99
LCWAIKIKI Classic - Bisiklet Yaka Uzun Kollu Erkek Tişört,359.99
XSIDE - Baskılı Bisiklet Yaka Erkek Tişört,249.99
SOUTHBLUE - Straight Fit Erkek Jean Pantolon,649.99
LCW Vision - Hakim Yaka Çizgili Erkek Tişört,599.99
XSIDE ACTIVE - Kapüşonlu Uzun Kollu Erkek Sweatshirt,649.99
XSIDE ACTIVE - Polo Yaka Liverpool Nakışlı Erkek Spor Tişört,999.99
LC WAIKIKI - Standart Kalıp Erkek Pijama Alt,499.99
LC WAIKIKI - Polo Yaka Çizgili Erkek Tişört,399.99
Buratti - Pamuklu Slim Fit Şerit Detaylı Düğmeli Polo Yaka 5'li Paket %100 Pamuk Tişört 5902118S5,1499.99
SOUTHBLUE - Standart Fit Beli Lastikli Erkek Pantolon,499.99
LC WAIKIKI - Standart Kalıp Ekose Erkek Pijama Alt,599.99
LCW Jeans - 779 Regular Fit Erkek Jean Pantolon,699.99
XSIDE ACTIVE - Standart Kalıp Erkek Jogger Eşofman Altı,799.99
LCWAIKIKI Classic - Regular Fit Keten Karışımlı Erkek Gömlek,899.99
XSIDE - Rahat Kalıp Keten Görünümlü Erkek Pantolon,999.99
SOUTHBLUE - Standart Kalıp Armürlü Erkek Pantolon,799.99
SOUTHBLUE - Standart Kalıp Kapüşonlu Erkek Kaşe Mont,1299.99
XSIDE - Standart Kalıp Erkek Yağmurluk,1199.99
LCW Vision - Standart Kalıp Erkek Pantolon,799.99
LCWAIKIKI Classic - Polo Yaka Erkek Tişört,499.99
XSIDE - Rahat Kalıp Erkek Eşofman Altı,599.99
LC WAIKIKI - Fenerbahçe Baskılı Erkek Şortlu Pijama Takımı,1099.99
LCW Jeans - 790 Rahat Kalıp Erkek Jean Pantolon,799.99
LCW STEPS - Erkek Klasik Ayakkabı,599.99
LCWAIKIKI Classic - Polo Yaka %100 Pamuk Erkek Tişört,699.99
"Freemen - Erkek 5 Adet Tişört Paketi, 30/1 Süprem %100 Pamuk, Yumuşak Doku, Bisiklet Yaka",769.00
LCW Vision - Regular Fit Hakim Yaka Erkek Gömlek,799.99
LCWAIKIKI Classic - Standart Kalıp Erkek Kargo Şort,799.99
SOUTHBLUE - Standart Kalıp Dik Yaka Erkek Triko Hırka,499.99
XSIDE ACTIVE - Rahat Kalıp Kapüşonlu Erkek Mont,799.99
XSIDE - Bisiklet Yaka Baskılı Erkek Kolsuz Tişört,359.99
XSIDE - Polo Yaka Erkek Tişört,549.99
LC WAIKIKI - Regular Fit Ekose Erkek Pijama Takım,1199.99
LCWAIKIKI Classic - Regular Fit Erkek Kargo Şort,699.99
LCWAIKIKI Classic - Bisiklet Yaka Penye Erkek Tişört,299.99
LCWAIKIKI Classic - Slim Fit Basic Soft Touch Tişört,359.99
LCWAIKIKI Classic - Dik Yaka Erkek Fermuarlı Sweatshirt,999.99
XSIDE - Regular Fit Erkek Jogger Eşofman Altı,449.99
Kappa LC WAIKIKI - Rahat Kalıp Baskılı Erkek Spor Şort,999.99
LCW Jeans - Straight Fit Erkek Jean Pantolon,999.99
SOUTHBLUE - Regular Fit Erkek Blazer Ceket,1799.99
XSIDE - Standart Kalıp Gabardin Erkek Jogger Pantolon,499.99
SOUTHBLUE - Standart Kalıp Keten Karışımlı Erkek Pileli Pantolon,1199.99
XSIDE - Bisiklet Yaka Baskılı Erkek Kolsuz Tişört,279.99
LC WAIKIKI - Standart Kalıp Ayı Teddy Baskılı Erkek Pijama Takım,1099.99
LC WAIKIKI - Standart Kalıp Baskılı Erkek Pijama Takım,999.99
LC WAIKIKI - Regular Fit Erkek Boxer 7'li,599.99
LCW Vision - Fermuarlı Polo Yaka Erkek Tişört,799.99
LC WAIKIKI - Standart Kalıp Erkek Pijama Takımı,1099.99
Tommylife - Rahat Form 2li Paket Siyah-Gri Melanj Büyük Beden Erkek Şort - 81297,1599.90
LCW ACCESSORIES - Çizgili Erkek Patik Çorap 7'li,359.99
LCWAIKIKI Classic - Standart Kalıp Erkek Şort,499.99
LCW ACCESSORIES - Azure EDP Erkek Parfüm 90 ml,449.99
LCW Vision - Kapüşonlu Erkek Ceket,999.99
LCWAIKIKI Classic - Regular Fit Erkek Gabardin Chino Pantolon,499.99
LCW Vision - Polo Yaka Erkek Penye Tişört,699.99
XSIDE ACTIVE - Regular Fit Manchester City Baskılı Erkek Spor Şort,799.99
LCW ACCESSORIES - Erkek Patik Çorap 7'li,359.99
LCWAIKIKI Classic - V Yaka Erkek Soft Touch Tişört,359.99
XSIDE ACTIVE - Standart Kalıp Erkek Eşofman Altı,699.99
SOUTHBLUE - Standart Kalıp Erkek Pantolon,699.99
XSIDE - Rahat Kalıp Erkek Jean Şort,899.99
SOUTHBLUE - Regular Fit Erkek Jean Gömlek,599.99
LC WAIKIKI - Regular Fit Erkek Şort,499.99
LCW Vision - Polo Yaka Çizgili Pike Erkek Tişört,399.99
LCW Vision - Regular Fit Erkek %100 Keten Pantolon,1599.99
LC WAIKIKI - Standart Kalıp Ekose Erkek Şortlu Pijama Takımı,899.99
LCWAIKIKI Classic - Regular Fit Erkek Gömlek,749.99
SOUTHBLUE - Regular Fit Erkek Pileli Kumaş Pantolon,999.99
LCW BUSINESS - Slim Fit Çizgili Erkek Gömlek,749.99
SOUTHBLUE - Polo Yaka Erkek Tişört,699.99
LCW Vision - Slim Fit Erkek Pantolon,999.99
Puma - Softride Cosmic Lt Erkek Siyah Spor Ayakkabı,1799.99
XSIDE - Bisiklet Yaka Erkek Tişört,499.99
LC WAIKIKI - Fenerbahçe Baskılı Penye Erkek Pijama Takımı,1199.99
XSIDE ACTIVE - Rahat Kalıp Erkek Spor Şort,499.99
XSIDE - Bisiklet Yaka One Piece Baskılı Erkek Tişört,699.99
LCW BUSINESS - Regular Fit Gabardin Erkek Takım Elbise Pantolonu,999.99
XSIDE - Loose Fit Erkek Jean Ceket,1499.99
LC WAIKIKI - U Yaka Penye Erkek Atlet,149.99
LCW Limitless - Kolay Giyilebilir Loose Fit Erkek Boxer 3'lü,249.99
LCW ACCESSORIES - Renk Bloklu Erkek Patik Çorap 7'li,359.99
LCW Vision - Bisiklet Yaka Kısa Kollu Erkek Tişört,449.99
SOUTHBLUE - Regular Fit Erkek Blazer Ceket,1999.99
XSIDE - Regular Fit Erkek Eşofman Altı,699.99
SOUTHBLUE - Standart Fit Polo Yaka Erkek Tişört,599.99
XSIDE - Slim Fit Esnek Basic Erkek Tişört 3'lü,799.99
XSIDE - Loose Fit Erkek Gabardin Gömlek Ceket,899.99
XSIDE - Loose Fit  Erkek Jean Pantolon,399.99
LCWAIKIKI Classic - Loose Fit Basic Dry Touch Tişört,449.99
XSIDE ACTIVE - Polo Yaka Erkek Spor Tişört,599.99
LCWAIKIKI Classic - Standart Kalıp Nakışlı Erkek Tişört,699.99
XSIDE - Polo Yaka Ford Baskılı Erkek Tişört,899.99
LCW STEPS - Bağcıklı Hasır Tabanlı Erkek Klasik Ayakkabı,799.99
LCWAIKIKI Classic - Regular Fit Armürlü Erkek Gömlek,799.99
XSIDE - Standart Kalıp Keten Görünümlü Erkek Şort,799.99
LC WAIKIKI - Standart Kalıp Galatasaray Baskılı Erkek Pijama Takım,1199.99
LCW Vision - Regular Fit %100 Keten Erkek Pantolon,1499.99
SOUTHBLUE - Polo Yaka Dokulu Erkek Tişört,599.99
XSIDE ACTIVE - Bisiklet Yaka Manchester City Baskılı Erkek Spor Tişört,699.99
Jane's - Erkek Atatürk Baskılı Tişört Kısa Kollu Bisiklet Yaka T-Shirt - Kırmızı,618.30
Kiğılı Polo Club - 5'li Pamuklu Büyük Beden Boxer Seti,999.99
LCWAIKIKI Classic - Standart Kalıp Erkek Chino Pantolon,799.99
LCWAIKIKI Classic - Polo Yaka Erkek Tişört,699.99
LCW Vision - Hakim Yaka Erkek Gömlek,699.99
LCWAIKIKI Classic - Bisiklet Yaka Baskılı Erkek Kolsuz Tişört,399.99
XSIDE - %100 Pamuk Boxy Fit Basic Kalın Tişört,399.99
XSIDE - Relax Fit Erkek Oduncu Gömlek Ceket,549.99
LCWAIKIKI Classic - Regular Fit Keten Görünümlü Erkek Basic Gömlek,799.99
XSIDE - Bisiklet Yaka Baskılı Penye Erkek Tişört,279.99
LCWAIKIKI Classic - Regular Fit Erkek Keten Görünümlü Gömlek,699.99
Jane's - Erkek Keten Cepli Pantolon Lastikli Bel Bağcıklı Önden Fermuarlı - Siyah,1056.65
LCW Jeans - Rahat Kalıp Erkek Jean Gömlek,1299.99
SOUTHBLUE - Standart Kalıp Armürlü Erkek Pantolon,399.99
SOUTHBLUE - Regular Fit Erkek Pileli Pantolon,1299.99
LCWAIKIKI Basic - Bisiklet Yaka Penye Erkek Tişört,299.99
XSIDE ACTIVE - Polo Yaka Barcelona Baskılı Erkek Spor Tişört,899.99
LCWAIKIKI Classic - Bisiklet Yaka Baskılı Erkek Penye Tişört,399.99
Kappa LC WAIKIKI - Standart Kalıp Baskılı Unisex Eşofman Altı,899.99
LCWAIKIKI Classic - Regular Fit Desenli Erkek Gömlek,399.99
LCW Vision - Slim Fit Poliviskon Erkek Pantolon,799.99
LCW Vision - Regular Fit Armürlü Erkek Gömlek,699.99
LCW JOY - Harry Potter Nakışlı Boyun Yastığı,299.99
XSIDE - Bisiklet Yaka Snoopy Baskılı Erkek Tişört,599.99
"Jane's - Erkek Kapüşonlu Sweatshirt Hoodie 3 İplik Şardonlu Pamuklu Kumaş, Önü Baskılı, Fermuarlı Rahat Kalıp",1021.81
TONNY BLACK - Erkek Füme Esnek Konforlu Rahat Kalıp Spor Ayakkabı,749.97
XSIDE ACTIVE - Standart Kalıp Erkek Eşofman Altı,1099.99
LCWAIKIKI Classic - Kolej Yaka Erkek Ceket,999.99
Kiğılı - Polo Yaka Regular Fit Nakışlı Pamuk %100 Pamuk Tişört,999.99
LCWAIKIKI Classic - Rahat Kalıp Erkek Eşofman Altı,799.99
LCW Vision - Regular Fit Armürlü Erkek Basic Gömlek,799.99
LCW Vision - Regular Fit Resort Yaka Erkek Gömlek,799.99
Dockers by Gerli - TOBIAS Bej Erkek Spor Ayakkabı,2549.99
XSIDE - Oversize Bisiklet Yaka Baskılı Erkek Tişört,399.99
LCW Vision - Baggy Fit Erkek Pantolon,799.99
LCWAIKIKI Classic - %100 Pamuklu Regular Fit Basic Tişört,299.99
LCWAIKIKI Classic - Polo Yaka Dokulu Erkek Tişört,549.99
LCW Vision - Standart Kalıp Erkek Şort,699.99
SOUTHBLUE - Regular Fit Keten Karışımlı Erkek Pileli Pantolon,1199.99
TONNY BLACK - Erkek Kahve Esnek Konforlu Rahat Kalıp Spor Ayakkabı,749.97
Koza İç Giyim - Erkek Pamuklu Mavi Yengeç Desenli Cepli Şortlu Pijama Takımı,699.90
DARK SEER - DS E.MJ1838 Sneaker 2025,899.94
LCW Jeans - 700 Straight Fit Erkek Jean Pantolon,999.99
LCW Vision - Polo Yaka Erkek Triko Tişört,499.99
TONNY BLACK - Erkek Beyaz Esnek Konforlu Rahat Kalıp Spor Ayakkabı,749.97
XSIDE - Bisiklet Yaka Çizgili Erkek Tişört,699.99
XSIDE - Standart Kalıp Chicago Baskılı Erkek Jogger Eşofman Altı,359.99
LCW Vision - Standart Kalıp Erkek Pantolon,1199.99
LCWAIKIKI Classic - Polo Yaka Desenli Pike Erkek Tişört,599.99
XSIDE - Kapüşonlu Erkek Fermuarlı Sweatshirt,699.99
XSIDE - Gabardin Standart Kalıp Erkek Jogger Pantolon,499.99
LCWAIKIKI Classic - Standart Kalıp Erkek Jogger Eşofman Altı,549.99
LCW Vision - Regular Fit Erkek Gömlek,999.99
XSIDE - Bol Kalıp Bol Paça Erkek Eşofman Altı,279.99
Remsa - Erkek Kısa Kol Pamuklu Pijama Takımı 260422 Koyu Lacivert,679.90
LCW Jeans - Regular Fit Erkek Jean Gömlek,1099.99
XSIDE - Bisiklet Yaka Superman Baskılı Erkek Tişört,599.99
LCW ACCESSORIES - Nakışlı Erkek Bambu Patik Çorap 5'li,359.99
LC WAIKIKI - Standart Kalıp Erkek Şortlu Pijama Takımı,999.99
LCWAIKIKI Classic - Regular Fit Erkek Kargo Şort,999.99
XSIDE - Standart Kalıp Gabardin Erkek Şort,999.99
Sabri Özel - Erkek Kum Dar Kesim Slim Fit %100 Pamuk Pike Polo Yaka T-Shirt,699.00
LCW Vision - Regular Fit Hakim Yaka Erkek Basic Gömlek,799.99
XSIDE - Bisiklet Yaka Çizgili Erkek Tişört,299.99
LCWAIKIKI Classic - Regular Fit Erkek Chino Pantolon,999.99
LCW ACCESSORIES - Erkek Sneaker Çorap 7'li,359.99
XSIDE - Relax Fit %100 Pamuk Basic Tişört 3'lü,999.99
XSIDE - Relax Fit %100 Pamuk Basic Erkek Tişört 3'lü,999.99
LCW ACCESSORIES - Erkek Bambu Soket Çorap 7'li,499.99
LCW Vision - Regular Fit Resort Yaka Erkek Gömlek,699.99
LC WAIKIKI - Bisiklet Yaka Baskılı Erkek Pijama Takım,999.99
LCW Vision - Regular Fit Armürlü Erkek Basic Gömlek,899.99
LCW Vision - Regular Fit Resort Yaka Dokulu Erkek Gömlek,899.99
XSIDE - Rahat Kalıp Çizgili Erkek Şort,899.99
XSIDE - Rahat Kalıp Gömlek Yakalı Erkek Ceket,1599.99
LCW SWIMWEAR - Diz Altı Boy Erkek Deniz Şortu,649.99
LCW Vision - Regular Fit Desenli Erkek Gömlek,899.99
XSIDE ACTIVE - Bisiklet Yaka Baskılı Erkek Kolsuz Tişört,399.99
LC WAIKIKI - Standart Kalıp Erkek Pijama Takım,999.99
LC WAIKIKI - Standart Kalıp Ekose Erkek Pijama Takım,999.99
LCW Jeans - Regular Fit Erkek Jean Şort,899.99
LC WAIKIKI - Standart Kalıp Ayı Teddy Baskılı Erkek Pijama Takımı,999.99
Walkway - Siyah Beyaz Hafif Esnek Kilit Bağcıklı Erkek Spor Ayakkabı Bertina M,2280.00
Comstar - 3 Adet Erkek Yazlık Baskılı Slim Fit Kısa Kollu Tişört,2399.90
XSIDE - Bisiklet Yaka Kısa Kollu Çizgili Erkek Tişört,399.99
LCW ACCESSORIES - Erkek Babet Çorap 10'lu,359.99
XSIDE - Rahat Kalıp Çizgili Erkek Gömlek,799.99
LCWAIKIKI Classic - Regular Fit Çizgili Erkek Keten Karışımlı Gömlek,799.99
LCW Vision - Regular Fit Keten Görünümlü Erkek Gömlek,899.99
LCW Jeans - 760 Skinny Fit Erkek Jean Pantolon,1099.99
LCW Vision - Kapüşonlu Erkek Ceket,699.99
XSIDE - Regular Fit Gabardin Erkek Kargo Şort,999.99
LCW SWIMWEAR - Diz Altı Boy Desenli Erkek Deniz Şortu,649.99
LC WAIKIKI - Standart Kalıp Erkek Pijama Takımı,999.99
LCW Vision - Regular Fit Erkek Şort,799.99
LCWAIKIKI Classic - Regular Fit Çizgili Oxford Erkek Gömlek,799.99
Shooter Sportswear - Siyah Erkek Elit Class Eşofman Takımı Mevsimlik Kapüşonlu Manşetli Paça Rahat Kalıp,1999.99
XSIDE - Bisiklet Yaka FIFA 2026 Baskılı Erkek Tişört,699.99
D'S damat - Royal Uzun Kol Pijama Takımı,1799.00
LCW SWIMWEAR - Diz Altı Boy Desenli Erkek Yüzme Şort,649.99
LCW Vision - Slim Fit Erkek Pantolon,699.99
XSIDE - V Yaka Harry Potter Baskılı Erkek Tişört,699.99
LCWAIKIKI Classic - %100 Pamuk Loose Fit Basic Kalın Tişört,399.99
XSIDE - Polo Yaka Renk Bloklu Penye Erkek Tişört,279.99
LCWAIKIKI Classic - Standart Kalıp Erkek Roller Şort,799.99
LCW Vision - Regular Fit Çizgili Erkek Şort,699.99
XSIDE - Rahat Kalıp Erkek Şort,699.99
XSIDE - Regular Fit Erkek Jogger Eşofman Altı,699.99
LCW Vision - Regular Fit Soft Touch Erkek Şort,699.99
Tommylife - Rahat Form Polo Yaka 2'li Paket Tişört- 88496,1549.90
LCW STEPS - Hasır Tabanlı Erkek Espadril Ayakkabı,899.99
XSIDE ACTIVE - Rahat Kalıp Erkek Spor Şort,229.99
LCW Vision - Slim Fit Erkek Basic Gömlek,399.99
LCWAIKIKI Classic - Polo Yaka Dokulu Erkek Tişört,699.99
LCW BUSINESS - Slim Fit Çizgili Erkek Gömlek,799.99
LCWAIKIKI Classic - Standart Kalıp Dokulu Bisiklet Yaka Erkek Tişört,249.99
XSIDE ACTIVE - Standart Kalıp Erkek Jogger Eşofman Altı,449.99
LCW Vision - Polo Yaka Erkek Sweatshirt,329.99
XSIDE - Polo Yaka Renk Bloklu Erkek Tişört,699.99
LCW ACCESSORIES - Desenli Erkek Soket Çorap 7'li,359.99
LCW Kids - Nostaljik Maymun Baskılı Unisex Çocuk Tişört,299.99
SLAZENGER - VICENTE 2 Lİ SET Erkek   Şort,1219.90
Quiksilver - Emu Coop Şapka,1199.99
XSIDE - Polo Yaka Oversize Erkek Penye Tişört,299.99
XSIDE ACTIVE - Regular Fit Barcelona Nakışlı Erkek Şort,799.99
XSIDE - Standart Kalıp Erkek Jogger Eşofman Altı,329.99
LCW Vision - Hakim Yaka Erkek Basic Gömlek,699.99
XSIDE - 710 Loose Fit Erkek Jean Pantolon,799.99
XSIDE - Bisiklet Yaka Harry Potter Baskılı Erkek Tişört,599.99
SOUTHBLUE - Regular Fit Çizgili Oxford Erkek Gömlek,599.99
LCWAIKIKI Classic - Bisiklet Yaka Baskılı Erkek Tişört,549.99
LCW Vision - Dik Yaka Erkek Şişme Yelek,999.99
Comstar - Erkek Çizgili Fermuarlı Sweatshirt Bol Eşofman Beyaz İkili Takım,1349.99
XSIDE - Regular Fit Erkek Keten Görünümlü Gömlek,549.99
BGK - 5 Çift Erkek Çizgi Desenli Tenis Çorap,139.99
LCWAIKIKI Classic - Polo Yaka Çizgili Erkek Tişört,599.99
Tutku - 8'li Erkek Pamuklu Havlu Bel Penye Rahat Kesim Düğmeli Büyük Beden Boxer,779.99
Altınyıldız Classics - Erkek Mavi Pamuklu Standart Fit Normal Kesim Jakarlı Polo Yaka Triko Kazak,1499.99
XSIDE - Loose Fit Müslin Erkek Şort,899.99
BGK - 10 Çift Erkek Siyah Pamuklu Çorap,244.99
Sabri Özel - Erkek Ekru Normal Kesim Regular Fit Modal Düğmeli Polo Yaka Tişört,699.00
XSIDE - Regular Fit Keten Görünümlü Erkek Gömlek,799.99
XSIDE - Bisiklet Yaka Kısa Kollu Baskılı Penye Erkek Tişört,249.99
LC WAIKIKI - Kısa Boy Baskılı Erkek Deniz Şortu,359.99
LC WAIKIKI - Bisiklet Yaka Cepli Erkek Tişört,549.99
XSIDE - Bisiklet Yaka %100 Pamuk Erkek Tişört,499.99
LCW Vision - Bisiklet Yaka Relaxed Fit Erkek Tişört,499.99
LCW ACCESSORIES - Çizgili Erkek Soket Çorap 5'li,299.99
XSIDE - Bisiklet Yaka Mickey Mouse Baskılı Erkek Tişört,599.99
LCWAIKIKI Classic - Regular Fit Erkek Jogger Eşofman Altı,699.99
LCW BUSINESS - Slim Fit Erkek Takım Elbise Pantolonu,999.99
Mmetalic - Erkek 3'Lü Yanları Cepli Bermuda Diz Altı Kapri Beli Ayarlanabilir Lastikli Uzun Şort,974.99
XSIDE - Bisiklet Yaka Penye Erkek Tişört,449.99
LC WAIKIKI - U Yaka Erkek Atlet 2'li,399.99
Stilkombin - Baggy Kumaş Pantolon MM 603_0441,908.85
XSIDE - 779 Regular Fit Erkek Jean Pantolon,699.99
LCW Vision - Regular Fit Erkek Dokulu Gömlek,799.99
ajn - Kids Polo Yaka Basic Kısa Kollu Çocuk Tişört,399.99
ajn - Kids Polo Yaka Basic Kısa Kollu  Kız Çocuk Tişört,399.99
Tarz Cool - Oversize Jean Gömlek,892.38
Kiğılı - 3'lü Bambu Karışımlı Düz Çorap Hediye Kutulu Set,329.99
Tarz Cool - Erkek Geniş Paça Baggy Pantolon,1019.25
Tarz Cool - Erkek Baggy Pantolon Geniş Paça,1019.25
LCWAIKIKI Classic - Regular Fit Basic Erkek Dry Touch Tişört,449.99
SOUTHBLUE - Polo Yaka Pike Erkek Tişört,549.99
XSIDE - Regular Fit %100 Pamuk Erkek Tişört,399.99
LCWAIKIKI Classic - Regular Fit Gabardin Erkek Basic Gömlek,499.99
XSIDE - Standart Kalıp Erkek Jogger Eşofman Altı,899.99
XSIDE ACTIVE - Bisiklet Yaka Baskılı Kolsuz Erkek Tişört,399.99
LCW Vision - Standart Kalıp Erkek Pantolon,599.99
LCWAIKIKI Classic - Bisiklet Yaka Çizgili Erkek Tişört,359.99
XSIDE - Standart Kalıp Erkek Kargo Pantolon,799.99
LCW Vision - Bisiklet Yaka Kısa Kollu Erkek Tişört,599.99
Katia And Bony - Erkek Modal Kısa Kollu Ekru T-Shirt,1199.90
LCW STEPS - Bağcıklı Mokasen Burunlu Erkek Klasik Ayakkabı,1099.99
Tarz Cool - Modal Kumaş Erkek Lastikli Bel Rahat Kesim Pantolon – Günlük & Konforlu,1019.25
LC WAIKIKI - Loose Fit Pamuklu Esnek Erkek Boxer 3'lü,399.99
XSIDE - Bisiklet Yaka Atatürk Baskılı Erkek Tişört,359.99
XSIDE - Bisiklet Yaka Baskılı Erkek Penye Tişört,359.99
gothamVibes - Erkek Chill Boxy Premium Kahverengi Tişört,571.99
XSIDE - Bisiklet Yaka Standart Fit Penye Erkek Tişört,399.99
XSIDE ACTIVE - Standart Kalıp Erkek Eşofman Altı,999.99
XSIDE - Standart Kalıp Kapüşonlu Erkek Mont,899.99
LCWAIKIKI Classic - Bisiklet Yaka Antalya Baskılı Erkek Tişört,359.99
LCWAIKIKI Classic - %100 Pamuk Loose Fit Basic Kalın Tişört,329.99
XSIDE - Baggy Fit Erkek Pantolon,899.99
LCWAIKIKI Classic - Standart Kalıp Erkek Jogger Eşofman Altı,499.99
LCWAIKIKI Classic - Bisiklet Yaka Uzun Kollu Erkek Tişört,299.99
Tarz Cool - Çok Cepli Yazlık Rahat Kargo Şort,621.75
XSIDE - Bisiklet Yaka Oversize Baskılı Erkek Tişört,199.99
LCWAIKIKI Classic - Regular Fit Oxford Erkek Gömlek,799.99
XSIDE - Büyük Beden Standart Kalıp Erkek Jogger Eşofman Altı,649.99
XSIDE - Bisiklet Yaka Kısa Kollu Baskılı Penye Erkek Tişört,279.99
LCW Vision - Standart Kalıp Dik Yaka Erkek Süet Mont,1499.99
XSIDE - Regular Fit Erkek Eşofman Altı,899.99
XSIDE ACTIVE - V Yaka Liverpool Baskılı Erkek Spor Tişört,899.99
XSIDE - Loose Fit Erkek Jean Ceket,699.99
SOUTHBLUE - Polo Yaka Erkek Triko Tişört,799.99
XSIDE - Oversize Polo Yaka Ford Baskılı Erkek Tişört,499.99
SOUTHBLUE - Polo Yaka Erkek Triko Tişört,699.99
Kappa LC WAIKIKI - Loose Fit Erkek Spor Şort,799.99
Muggo - GORDON Unisex Ortopedik Günlük Bağcıklı Yürüyüş Koşu Sneaker Spor Ayakkabı,759.90
Ayakmod - Buz Büyük Numara Eva Hafif Erkek Sabo Terlik 214 M,720.00
LCW Vision - Polo Yaka Çizgili Havlu Kumaş Erkek Tişört,399.99
XSIDE - Bisiklet Yaka Oversize Baskılı Erkek Tişört,399.99
LCWAIKIKI Classic - V Yaka Erkek Tişört,399.99
LCWAIKIKI Classic - Regular Fit Erkek Eşofman Altı,899.99
LCWAIKIKI Classic - Bisiklet Yaka Erkek Penye Tişört,229.99
LCWAIKIKI Classic - Regular Fit Ekose Erkek Gömlek,599.99
Kiğılı - Regular Fit Pamuklu Nakışlı Cepli Polo Yaka Tişört,699.99
Hatemoğlu - Bambu 4'lü Nefes Alabilen Kutulu Uzun Soket Çorap Set,373.50
XSIDE - Bisiklet Yaka Baskılı Penye Erkek Tişört,179.99
Formo - PREMIUM Erkek %100 Doğal Pamuk Ekoseli Compact Penye Cepli Yüksek Kaliteli Kaprili Pijama Takımı,849.99
LCW Vision - Slim Fit Erkek Pantolon,599.99
LCW Vision - Standart Kalıp Dokulu Erkek Pantolon,999.99
LCWAIKIKI Classic - Standart Kalıp Erkek Gabardin Şort,799.99
LCW BUSINESS - Slim Fit Erkek Gömlek,699.99
SOUTHBLUE - Regular Fit Armürlü Erkek Gömlek,799.99
Jane's - Erkek Keten Cepli Pantolon Lastikli Bel Bağcıklı Önden Fermuarlı - Gri,1056.65
SOUTHBLUE - Regular Fit Keten Karışımlı Erkek Basic Gömlek,749.99
XSIDE - Bisiklet Yaka Baskılı Penye Erkek Tişört,249.99
LCW Vision - Erkek Deri Görünümlü Ceket,999.99
Madmext - Mürdüm Delikli Polo Yaka Erkek Triko Tişört E7495,799.99
SOUTHBLUE - Polo Yaka Erkek Dokulu Tişört,599.99
LCW BUSINESS - Slim Fit Erkek Basic Gömlek,699.99
Tarz Cool - Erkek Old Money Örgü Polo Yaka Triko Tişört,599.25
Abluka Online - Unisex Apex Dikdörtgen Asetat Çerçeve Güneş Gözlüğü Kahverengi,799.90
XSIDE - Polo Yaka Çizgili Erkek Tişört,699.99
LCW STEPS - Erkek Deniz Ayakkabısı,359.99
Kiğılı - Otomatik Tokalı Düz Kemer,899.99
LCW BUSINESS - Slim Fit Armürlü Erkek Gömlek,799.99
XSIDE - Bisiklet Yaka Penye Erkek Tişört,249.99
LCW STEPS - Bağcıklı Erkek Loafer Ayakkabı,1099.99
LCW ACCESSORIES - Yazı Nakışlı Erkek Kep Şapka,299.99
Fullamoda - Büyük Beden Fermuarlı Jean,649.99
Polaris - 610050.M5PR Bej Erkek Ev Terliği,484.49
LCW Jeans - 730 Havuç Kalıp Erkek Jean Pantolon,999.99
LCW JOY - Paw Patrol Baskılı Çocuk Güneş Gözlüğü,359.99
Jane's - Erkek Yağmur İtici İç Astarlı Çıtçıtlı İç Cepli Dış Cepli Mevsimlik Mont,981.00
Tarz Cool - Old Money Fit Bisiklet Yaka Çizgili Triko T-Shirt – Slim Kalıp Premium Kahve,599.25
LCW Vision - Bisiklet Yaka Erkek Tişört 2'li,699.99
TUDORS - Erkek Regular Fit Rahat Kesim Çift Cepli Spor Yaka Denim Haki Gömlek,629.99
XSIDE - Bisiklet Yaka Desenli Penye Erkek Tişört,299.99
Remsa - Erkek Kısa Kol Pamuklu Pijama Takımı 7945 Bordo,679.90
Remsa - Erkek Kısa Kol Pamuklu Pijama Takımı 260424 Füme,679.90
Remsa - Erkek Kısa Kol Pamuklu Pijama Takımı 260420 Siyah01,679.90
LC WAIKIKI - Bisiklet Yaka Kısa Kollu Erkek Pijama Üst,329.99
Adidas - Think Linear 3' lü Beyaz Çorap,649.00
Adidas - Think Linear 3' lü Çorap,649.00
Jane's - Erkek Keten Uzun Kollu Rahat Kalıp Gömlek,806.40
LCW ACCESSORIES - Çizgili Erkek Soket Çorap 3'lü,179.99
XSIDE ACTIVE - Bisiklet Yaka Erkek Spor Tişört,449.99
LCWAIKIKI Classic - Regular Fit Erkek Şort,699.99
Jane's - Erkek Premium Tişört,806.40
"Jane's - Erkek Diagonel Mikro Dokulu Duble Paça Cepli Pantolon Bağcıklı Bel, Modern Kesim - Krem",784.62
Mmetalic - Erkek Çok Renkli Tişört Regular Fit Rahat Kesim Bisiklet Yaka 3'lü Basic Tişört Paketi,899.99
LCWAIKIKI Classic - Kolej Yaka Erkek Bomber Ceket,1499.99
LCW Vision - Polo Yaka Pike Erkek Tişört,699.99
Jane's - Erkek Üç İplik Düz Bisiklet Yaka SweatShirt - Gri,776.70
LCW Vision - Loose Fit Dokulu Erkek Pantolon,999.99
XSIDE - Rahat Kalıp Erkek Pantolon,699.99
LCW Vision - Regular Fit Erkek Dokulu Gömlek,699.99
Oksit - Watermelon Sugar Retro Baskılı Oversize Unisex Pamuklu Tişört,431.91
Jane's - Erkek Waffle Kumaş Uzun Kollu Düğmeli Açık Yaka Regular Fit Gömlek - Bej,711.36
Jane's - Erkek Waffle Kumaş Uzun Kollu Düğmeli Açık Yaka Regular Fit Gömlek - Kırmızı,711.36
Jane's - Erkek Waffle Kumaş Uzun Kollu Düğmeli Açık Yaka Regular Fit Gömlek - Haki,711.36
Jane's - Erkek Waffle Kumaş Uzun Kollu Düğmeli Açık Yaka Regular Fit Gömlek - Füme,711.36
XSIDE ACTIVE - Bisiklet Yaka FC Barcelona Baskılı Erkek Tişört,699.99
LCWAIKIKI Classic - Standart Kalıp Erkek Jogger Eşofman Altı,599.99
XSIDE - Polo Yaka Oversize Erkek Penye Tişört,249.99
LCWAIKIKI Classic - Polo Yaka Erkek Tişört,599.99
XSIDE - Oversize Bisiklet Yaka Baskılı Erkek Tişört,249.99
LCW SWIMWEAR - Diz Hizası Boy Basic Erkek Deniz Şortu,649.99
Jane's - Erkek Pike Kumaş Çizgili Polo Yaka Tişört Kısa Kol Yazlık T-Shirt - Siyah,664.83
LCWAIKIKI Classic - Bisiklet Yaka Baskılı Erkek Sweatshirt,329.99
Formo - Erkek %100 Doğal Pamuk Cepli Yüksek Kaliteli Pijama Altı,499.99
Fullamoda - Petek Kumaş Bisiklet Yaka Tişört,449.99
Jane's - Erkek Atatürk Baskılı Tişört Kısa Kollu Bisiklet Yaka T-Shirt - Beyaz,618.30
Jane's - Erkek Deniz Şortu Fermuarlı Cepli File Astarlı Hızlı Kuruyan Premium - Mavi,618.30
Jane's - Erkek Deniz Şortu Fermuarlı Cepli File Astarlı Hızlı Kuruyan Premium - Siyah,618.30
LCWAIKIKI Classic - Bisiklet Yaka Baskılı Penye Erkek Kolsuz Tişört,399.99
Madmext - Çizgili Mor Deniz Şortu 4253,454.99
LCW ACCESSORIES - Edp Erkek Parfüm 90 Ml,449.99
LCW Vision - Resort Yaka Erkek Keten  Gömlek,1299.99
Fullamoda - Biyeli Beli Lastikli Fermuar Cepli Şort,419.99
LCW Jeans - Erkek Kargo Jean Şort,999.99
SOUTHBLUE - Gömlek Yaka Erkek Ceket,999.99
LCWAIKIKI Classic - Standart Kalıp Kapüşonlu Erkek Su Geçirmez Yağmurluk,1199.99
XSIDE - New York Baskılı Erkek Sweatshirt,399.99
SOUTHBLUE - Dik Yaka Erkek Şişme Yelek,1199.99
LCWAIKIKI Classic - Standart Kalıp Erkek Eşofman Altı,249.99
SOUTHBLUE - Regular Fit Dokulu Erkek Gömlek,799.99
XSIDE - Bisiklet Yaka Baskılı Erkek Penye Tişört,299.99
Genius Store - Genius Erkek Spor Tişört Oversize Fitness & Gym Antrenman Tişörtü KAPPA001,413.99
LCW Vision - Bisiklet Yaka Çizgili Erkek Tişört,599.99
XSIDE - Kapüşonlu Erkek Fermuarlı Sweatshirt,999.99
LCW Vision - Standart Kalıp Kolej Yaka Erkek Triko Hırka,399.99
XSIDE - Bisiklet Yaka New York Baskılı Erkek Tişört,359.99
LC WAIKIKI - Regular Fit Baskılı Erkek Pijama Takımı,999.99
LCW Vision - Bisiklet Yaka Esnek Erkek Tişört,449.99
LCW ACCESSORIES - Erkek Soket Çorap 7'li,499.99
XSIDE - Rahat Kalıp Baskılı Erkek Eşofman Alt,599.99
SOUTHBLUE - Regular Fit Erkek Kaşe Gömlek Ceket,649.99
SOUTHBLUE - Standart Kalıp Erkek Ceket,699.99
LCW Vision - Rahat Kalıp Erkek Pileli Pantolon,549.99
Süvari - Bej Slim Sivri Yaka 6 Drop Takım Elbise,5399.91
D'S damat - Maschio Pamuk Şort Takım SİYAH,739.90
D'S damat - Maschio Pamuk Şort Takım LACİVERT,739.90
Genius Store - Erkek Oversize Polo Yaka Waffle Tişört Poloyaka-Düğmeli,296.99
LCW Vision - Regular Fit Erkek Keten Görünümlü Pantolon,999.99
LCWAIKIKI Classic - Kolej Yaka Erkek Ceket,1299.99
Trendseninle - Erkek Beyaz Flys Angels Baskılı Pamuklu Tişört,499.60
SLAZENGER - NACIO 2 Lİ SET Erkek   Eşofman Altı,1569.90
XSIDE - Bisiklet Yaka Nakışlı Erkek Tişört,359.99
XSIDE - Bol Kalıp Packers Baskılı Polo Yaka Erkek Tişört,699.99
XSIDE - Standart Kalıp Poplin Erkek Jogger Pantolon,999.99
LCW BUSINESS - Regular Fit Çizgili Erkek Gömlek,649.99
XSIDE - Bisiklet Yaka Çizgili Erkek Tişört,549.99
SOUTHBLUE - Regular Fit Erkek Basic Gömlek,799.99
LC WAIKIKI - Desenli Erkek Pijama Alt,599.99
TUDORS - Unisex Slim Fit Dar Kesim %100 Pamuk Yumuşak Dokulu Beyaz Bisiklet Yaka Büyük Beden Tişört,274.99
LCW Jeans - Regular Fit Erkek Jean Gömlek,1199.99
XSIDE ACTIVE - Polo Yaka Nakışlı Erkek Spor Tişört,599.99
LC WAIKIKI - Regular Fit Desenli Erkek Şort,499.99
LCW Vision - Polo Yaka Fitilli Erkek Triko Tişört,399.99
LCWAIKIKI Basic - Kapüşonlu Erkek Fermuarlı Sweatshirt,499.99
Kappa LC WAIKIKI - Rahat Kalıp Şeritli Unisex Eşofman Altı,1299.99
LCW Vision - Bisiklet Yaka Erkek Triko Kazak,599.99
LC WAIKIKI - Standart Kalıp Ekose Erkek Pijama Takımı,1199.99
LCW STEPS - File Detaylı Erkek Spor Ayakkabı,899.99
XSIDE - Bisiklet Yaka Pokemon Baskılı Penye Erkek Tişört,399.99
XSIDE - Patriots Baskılı Bol Kalıp Erkek Tişört,599.99
LCW Vision - Regular Fit Çizgili Oxford Erkek Gömlek,499.99
XSIDE - Bisiklet Yaka Nakışlı Erkek Tişört,549.99
XSIDE - Keten Görünümlü Rahat Kalıp Erkek Pantolon,999.99
LCW Vision - Bisiklet Yaka Çizgili Erkek Tişört,449.99
LCWAIKIKI Classic - Regular Fit Erkek Chino Pantolon,1099.99
LCWAIKIKI Classic - Bisiklet Yaka Baskılı Erkek Penye Tişört,499.99
LCW STEPS - Bağcıklı Erkek Spor Ayakkabı,899.99
Tommylife - Rahat Form 2li Paket Siyah Büyük Beden Erkek Şort - 81297,1599.90
SOUTHBLUE - Polo Yaka Erkek Triko Kazak,249.99
Mmetalic - Çok Renkli Erkek Düz Paça Rahat Kesim 4'lü Büyük Beden Eşofman Altı Paketi,1409.99
XSIDE ACTIVE - Regular Fit Barcelona Baskılı Erkek Spor Şort,799.99
XSIDE - Bisiklet Yaka Yazı Baskılı Erkek Tişört,359.99
SOUTHBLUE - Hakim Yaka Erkek Tişört,599.99
LC WAIKIKI - Bisiklet Yaka Erkek Pijama Üst,359.99
LCW Vision - Slim Fit Uzun Kollu %100 Keten Erkek Gömlek,699.99
SOUTHBLUE - Standart Kalıp Erkek Blazer Ceket,2299.99
LCW Vision - Standart Kalıp Dik Yaka Erkek Deri Görünümlü Mont,999.99
XSIDE - Slim Fit Dik Yaka Erkek Şişme Yelek,549.99
XSIDE - Bisiklet Yaka Los Angeles Baskılı Penye Erkek Tişört,249.99
LCW Vision - Standart Kalıp Erkek Pileli Kumaş Pantolon,1199.99
LC WAIKIKI - U Yaka Penye Erkek Atlet 2'li,399.99
LCW Vision - Loose Fit Erkek Gömlek,699.99
LC WAIKIKI - Standart Kalıp Ekose Erkek Pijama Altı,599.99
LCWAIKIKI Classic - Standart Kalıp Gabardin Erkek Şort,549.99
LC WAIKIKI - Standart Kalıp Ekose Erkek Pijama Takımı,1099.99
LCWAIKIKI Classic - Slim Fit Basic Soft Touch Tişört,249.99
LCWAIKIKI Classic - Bisiklet Yaka Pike Erkek Tişört,359.99
LCWAIKIKI Classic - Regular Fit Erkek Dry Touch Eşofman Altı,899.99
LCW Vision - Standart Kalıp Erkek Dokulu Pileli Pantolon,1199.99
XSIDE - Bisiklet Yaka Baskılı Penye Erkek Tişört,299.99
İMZA - Beyaz Uzun Kol Düğmeli Yaka Düz %100 Pamuk Comfort Fit Gömlek 1004255205,1539.99
LCW Jeans - Regular Fit Erkek Jean Gömlek,899.99
XSIDE - Bisiklet Yaka Çizgili Erkek Tişört,499.99
LCW Vision - Regular Fit Kısa Kollu Armürlü Erkek Gömlek,499.99
LC WAIKIKI - Erkek Ekstra Yumuşak Pijama Takımı,1099.99
LCW Vision - Standart Kalıp Erkek Pantolon,549.99
XSIDE - Bisiklet Yaka New York Baskılı Erkek Tişört,449.99
LCWAIKIKI Classic - Standart Kalıp Erkek Jogger Eşofman Altı,699.99
XSIDE - Rahat Kalıp Erkek Eşofman Altı,899.99
XSIDE - Rahat Kalıp Krinkle Kumaş Erkek Pantolon,999.99
Freemen - Erkek/Unisex Bisiklet Yaka Basic Tişört %100 Pamuk - 371,249.95
SOUTHBLUE - Standart Kalıp Dik Yaka Erkek Triko Hırka,449.99
LC WAIKIKI - Regular Fit Ekose Erkek Pijama Takımı,999.99
XSIDE - Standart Kalıp Gabardin Erkek Pantolon,499.99
LCW Vision - Standart Kalıp Erkek Dokulu Pantolon,999.99
XSIDE - Dik Yaka Nakışlı Erkek Triko Hırka,499.99
SOUTHBLUE - Regular Fit Gabardin Erkek Pantolon,999.99
LCW Vision - Regular Fit Keten Görünümlü Erkek Pantolon,999.99
XSIDE - Loose Fit Erkek Eşofman Altı,399.99
SOUTHBLUE - Bisiklet Yaka Erkek Tişört,449.99
LCW Vision - Rahat Kalıp Gömlek Yaka Süet Erkek Mont,1199.99
TUDORS - 3 Adet Compact Penye Gri Erkek Atlet Pamuklu Standart Fit Normal Kesim 3'Lü Paket,449.99
XSIDE ACTIVE - Slim Fit Manchester City Baskılı Erkek Jogger Eşofman Altı,499.99
LCW BUSINESS - Slim Fit Armürlü Erkek Gömlek,749.99
XSIDE - Baggy Fit Erkek Jean Pantolon,499.99
LCW Vision - Rahat Kalıp Erkek Pileli Pantolon,649.99
TONNY BLACK - Unisex Gri Yeşil Nefes Alabilen Kumaş Poli Taban Bağcıklı Spor Ayakkabı,456.97
SOUTHBLUE - Regular Fit Çizgili Poplin Erkek Gömlek,1499.99
LCW Jeans - 780 Jogger Fit Erkek Jean Pantolon,999.99
XSIDE - Regular Fit Bisiklet Yaka Yıkamalı Erkek Tişört,499.99
XSIDE ACTIVE - Regular Fit Beli Lastikli Baskılı Erkek Spor Şort,699.99
SOUTHBLUE - Polo Yaka Çizgili Erkek Triko Kazak,799.99
Süperlife - Bisiklet Yaka Büyük Beden Tişört SPRBTS10,435.00
XSIDE - Bisiklet Yaka Brooklyn Baskılı Erkek Tişört,299.99
LCW ACCESSORIES - Intense EDP Erkek Parfüm 100 ml,499.99
XSIDE - Regular Fit Desenli Erkek Gömlek,699.99
XSIDE ACTIVE - Polo Yaka Real Madrid Nakışlı Erkek Spor Tişört,999.99
Fullamoda - Basic Polo Yaka Pike Tişört,379.99
XSIDE - Rahat Kalıp Erkek Eşofman Altı,549.99
LCW STEPS - Çift Bantlı Erkek Terlik,549.99
XSIDE ACTIVE - Regular Fit Barcelona Nakışlı Erkek Eşofman Altı,1099.99
LCW Vision - Normal Bel Dar Fit Desenli Erkek Pantolon,799.99
LCW Jeans - Regular Fit Erkek Jean Gömlek,999.99
XSIDE - Loose Fit Gabardin Erkek Gömlek Ceket,799.99
LCW Vision - Regular Fit Erkek Şort,899.99
SLAZENGER - REDVALE Erkek Koyu Gri Tişört,589.90
LCW SWIMWEAR - Kısa Boy Desenli Erkek Deniz Şortu,699.99
LCW BUSINESS - Slim Fit Erkek Pantolon,1199.99
SOUTHBLUE - Regular Fit Erkek Gömlek,699.99
LCW Vision - Regular Fit Dokulu Erkek Gömlek,699.99
XSIDE - Bisiklet Yaka Erkek Tişört,449.99
LCW Vision - Regular Fit Kareli Erkek Gömlek,799.99
XSIDE - Bisiklet Yaka Çizgili Nakışlı Erkek Tişört,599.99
XSIDE - Bisiklet Yaka Rick and Morty Baskılı Erkek Tişört,599.99
XSIDE - Bisiklet Yaka Snoopy Baskılı Erkek Tişört,699.99
LCW Vision - Polo Yaka Triko Erkek Tişört,649.99
LCW Vision - Regular Fit Ekose Erkek Armürlü Gömlek,799.99
LCW Vision - Regular Fit Ekose Erkek Gömlek,899.99
LCW Vision - Regular Fit Gabardin Erkek Pileli Pantolon,1199.99
LCW Vision - Regular Fit Dokulu Erkek Pantolon,999.99
XSIDE - Rahat Kalıp Keten Görünümlü Erkek Şort,899.99
LCW BUSINESS - Slim Fit Erkek Blazer Ceket,2299.99
LC WAIKIKI - Regular Fit Teddy Baskılı Erkek Pijama Takımı,999.99
LCW Vision - Relax Fit Bisiklet Yaka Erkek Tişört,699.99
XSIDE - Bisiklet Yaka Baskılı Penye Erkek Tişört,399.99
LCW Vision - Regular Fit Keten Görünümlü Erkek Pantolon,1199.99
LCWAIKIKI Classic - Bisiklet Yaka Erkek Kolsuz Tişört,449.99
LCWAIKIKI Classic - Bisiklet Yaka Baskılı Erkek Tişört,499.99
LCWAIKIKI Classic - Bisiklet Yaka Baskılı Penye Erkek Tişört,499.99
LCW Vision - Regular Fit Çizgili Erkek Gömlek,899.99
LCW Vision - Polo Yaka Pike Erkek Tişört,599.99
LCW Jeans - Loose Fit Erkek Jean Gömlek,1299.99
LCW Jeans - Baggy Fit Erkek Jean Pantolon,1099.99
XSIDE - Rahat Kalıp Nakışlı Ekose Erkek Gömlek,799.99
LCW Vision - Regular Fit Resort Yaka Çizgili Erkek Gömlek,899.99
XSIDE ACTIVE - Bisiklet Yaka FC Barcelona Baskılı Erkek Spor Tişört,699.99
LCW Vision - Regular Fit Desenli Erkek Gömlek,599.99
SLAZENGER - NEAL KTN Erkek Jogger Eşofman Altı Lacivert,709.90
XSIDE - Slim Fit Basic Esnek Erkek Tişört 2'li,799.99
XSIDE - Relax Fit Bisiklet Yaka Erkek Tişört 3'lü,999.99
XSIDE - Relaxed Fit %100 Pamuk Basic Erkek Tişört 3'lü,999.99
LCW Vision - Regular Fit Erkek Dokulu Gömlek,899.99
LCW Vision - Standart Kalıp Çizgili Erkek Gömlek,899.99
SOUTHBLUE - Polo Yaka Erkek Tişört,649.99
SOUTHBLUE - Polo Yaka Erkek Tişört,799.99
LCW Jeans - Slim Fit Erkek Jean Şort,899.99
LCW Jeans - Loose Fit Erkek Jean Şort,899.99
SOUTHBLUE - Regular Fit Erkek Gömlek,799.99
LCW Vision - Polo Yaka Desenli Erkek Tişört,599.99
LCW Vision - Polo Yaka Desenli Pike Erkek Tişört,599.99
SOUTHBLUE - Regular Fit Çizgili Poplin Erkek Gömlek,899.99
LCW Vision - Loose Fit Bisiklet Yaka Baskılı Erkek Tişört,499.99
XSIDE - Bisiklet Yaka Hot Wheels Baskılı Erkek Tişört,599.99
SOUTHBLUE - Regular Fit Erkek Pantolon,1299.99
LCWAIKIKI Classic - V Yaka Erkek Penye  Tişört,449.99
LCW Vision - Regular Fit Müslin Erkek Gömlek,799.99
LCW Vision - Bisiklet Yaka Pike Erkek Tişört,699.99
LCW Vision - Bisiklet Yaka Renk Bloklu Pike Erkek Tişört,699.99
LCW Vision - Regular Fit Erkek Pantolon,1199.99
LC WAIKIKI - Basic Erkek Kep Şapka,149.99
XSIDE - Relaxed Fit Erkek Eşofman Altı,899.99
LCWAIKIKI Classic - Polo Yaka Desenli Erkek Tişört,599.99
LCW Vision - Standart Kalıp Çizgili Müslin Erkek Gömlek,899.99
LCWAIKIKI Classic - Bisiklet Yaka Strüktürlü Erkek Tişört,449.99
LCW Vision - Regular Fit Erkek Gömlek,799.99
LCW Jeans - Loose Fit Erkek Jean Gömlek,999.99
LC WAIKIKI - Loose Fit Erkek Gömlek,1099.99
XSIDE - Loose Fit Basic Kalın  Tişört,299.99
LCW Vision - Loose Fit Erkek Gömlek,799.99
LCWAIKIKI Classic - Polo Yaka Çizgili Erkek Tişört,699.99
LCW Vision - Regular Fit Erkek Pantolon,999.99
SOUTHBLUE - Loose Fit Kemerli Erkek Pileli  Şort,1299.99
LCWAIKIKI Classic - Polo Yaka Erkek Triko Kazak,399.99
LCW Vision - %100 Pamuk Loose Fit Basic Soft Touch Tişört,449.99
XSIDE ACTIVE - Bisiklet Yaka Baskılı Erkek Sporcu Atleti,399.99
LC WAIKIKI - Bisiklet Yaka Kısa Kollu Erkek Atlet,229.99
SOUTHBLUE - Regular Fit Krinkle Erkek Gömlek,799.99
SLAZENGER - PHANTOS I Erkek Siyah / Beyaz Günlük Spor Ayakkabısı,1069.99
XSIDE - Bisiklet Yaka Kısa Kollu Çizgili Penye Erkek Tişört,399.99
LCWAIKIKI Classic - Regular Fit Gabardin Erkek Gömlek,499.99
SOUTHBLUE - Standart Kalıp Erkek Blazer Ceket,1799.99
XSIDE - Bisiklet Yaka Çizgili Erkek Penye Tişört,279.99
LCWAIKIKI Classic - Rahat Kalıp Gabardin Erkek Şort,799.99
LCW Vision - Regular Fit Çizgili Keten Karışımlı Erkek Gömlek,899.99
XSIDE - Baggy Fit Erkek Jean Pantolon,899.99
XSIDE - Regular Fit Poplin Erkek Gömlek,799.99
Mmetalic - Erkek Çok Renkli %100 Pamuk TişörtRegular Fit Rahat Kesim Bisiklet Yaka Basic %100 Pamuk Tişört,322.49
XSIDE - Bisiklet Yaka Çizgili Penye Erkek Tişört,299.99
LC WAIKIKI - Standart Kalıp Beşiktaş Baskılı Erkek Pijama Takımı,999.99
LCW Vision - Gömlek Yaka Erkek Ceket,1799.99
LCW Vision - Regular Fit Kısa Kollu Desenli Viskon Erkek Gömlek,299.99
LCW BUSINESS - Slim Fit Çizgili Poplin Erkek Gömlek,699.99
SOUTHBLUE - Standart Fit Armürlü Erkek Pantolon,649.99
LCWAIKIKI Classic - Bisiklet Yaka Baskılı Erkek Tişört,359.99
XSIDE - Oversize Bisiklet Yaka Garfield Baskılı Erkek Tişört,399.99
LC WAIKIKI - Bisiklet Yaka Baskılı Erkek Kolsuz Tişört,359.99
LCW Vision - Regular Fit Erkek Gömlek,699.99
Mmetalic - Siyah-Antrasit-Lacivert Erkek Düz Paça Rahat Kesim 3'lü Büyük Beden Eşofman Altı Paketi,1124.99
XSIDE - Regular Fit Nakışlı Keten Karışımlı Erkek Gömlek,799.99
XSIDE - Bisiklet Yaka Çizgili Penye Erkek Tişört,399.99
SLAZENGER - PINEDA I Erkek Koyu Gri Koşu & Yürüyüş Spor Ayakkabısı,1069.99
LCWAIKIKI Classic - Regular Fit Çizgili Oxford Erkek Gömlek,749.99
LCW ACCESSORIES - Desenli Erkek Bambu Patik Çorap 7'li,399.99
LCWAIKIKI Classic - Bisiklet Yaka Erkek Kalın Sweatshirt,249.99
LCWAIKIKI Classic - Regular Fit Ekose Erkek Gömlek,499.99
SOUTHBLUE - Standart Kalıp Kürk Yaka Erkek Deri Görünümlü Mont,799.99
SOUTHBLUE - Bisiklet Yaka Baskılı Erkek Kalın Sweatshirt,359.99
LCW ACCESSORIES - Erkek Patik Çorap 5'li,299.99
XSIDE - Regular Fit Kısa Kollu Çizgili Erkek Gömlek,699.99
LCW Vision - Bisiklet Yaka Yün Karışımlı Erkek Triko Kazak,359.99
XSIDE - Baggy Fit Erkek Pantolon,799.99
LCW BUSINESS - Slim Fit Armürlü Erkek Basic Gömlek,749.99
LCWAIKIKI Basic - Erkek Fermuarlı Sweatshirt,599.99
XSIDE - Regular Fit Gabardin Erkek Gömlek,699.99
LCWAIKIKI Classic - Standart Fit Bisiklet Yaka Baskılı Erkek Tişört,399.99
XSIDE - Bisiklet Yaka Çizgili Erkek Tişört,359.99
XSIDE - Standart Kalıp Kolej Yaka Erkek Mont,1099.99
XSIDE - Rahat Kalıp Uzun Kollu Erkek Gömlek Ceket,449.99
SOUTHBLUE - Standart Kalıp Keten Görünümlü Erkek Blazer Ceket,999.99
LCWAIKIKI Classic - Standart Kalıp V Yaka Erkek Triko Yelek,399.99
XSIDE ACTIVE - Polo Yaka Liverpool Baskılı Erkek Spor Tişört,999.99
LCWAIKIKI Classic - Dik Yaka Erkek Fermuarlı Sweatshirt,699.99
XSIDE - Standart Kalıp Chicago Baskılı Erkek Jogger Eşofman Altı,399.99
Genius Store - Erkek Pantolon Beli Lastikli Jogger Pantolon Cepli Fit ERKEK-JOGGER,629.99
LCWAIKIKI Classic - Regular Fit Çizgili Erkek Gömlek,749.99
LCW Vision - Kolej Yaka Erkek Fermuarlı Sweatshirt,699.99
XSIDE - Florida Baskılı Erkek Kolsuz Tişört,359.99
SOUTHBLUE - Kısa Boy Basic Erkek Deniz Şortu,359.99
XSIDE - Bisiklet Yaka Marvel Baskılı Erkek Tişört,599.99
XSIDE - Standart Kalıp Gabardin Erkek Kargo Pantolon,999.99
LCWAIKIKI Basic - Kapüşonlu Uzun Kollu Erkek Fermuarlı Sweatshirt,699.99
LCWAIKIKI Classic - Regular Fit Erkek Eşofman Altı,599.99
SOUTHBLUE - Dik Yaka Erkek Fermuarlı Sweatshirt,999.99
LCWAIKIKI Classic - V Yaka Erkek Triko Kazak,359.99
LCW Vision - Polo Yaka Çizgili Pike Erkek Tişört,599.99
TONNY BLACK - Unisex Kahve Bej Termo Taban Yanı Şeritli Bağcıklı Spor Ayakkabı,528.97
D'S damat - Maschio Pamuk V Yaka Pijama Takımı SİYAH,949.90
LCW STEPS - Bağcıklı Erkek Klasik Ayakkabı,699.99
XSIDE - Rahat Kalıp Gömlek Yaka Erkek Ceket,1499.99
XSIDE - Diz Hizası Boy Desenli Erkek Deniz Şortu,549.99
SOUTHBLUE - Standart Kalıp Kısa Kollu Gabardin Erkek Gömlek,549.99
XSIDE - Bisiklet Yaka Rick and Morty Baskılı Penye Erkek Tişört,399.99
D'S damat - Maschio Pamuk V Yaka Pijama Takımı BORDO,949.90
LCW SWIMWEAR - Diz Hizası Boy Desenli Erkek Deniz Şortu,599.99
Jack & Jones - Baskılı Büyük Beden Esnek ve Yumuşak Pamuklu Jjecorp Erkek T Shirt 12158505,1070.99
XSIDE - Dik Yaka Baskılı Erkek Fermuarlı Sweatshirt,699.99
LCW Vision - Regular Fit Erkek Gömlek,599.99
LCW BUSINESS - Regular Fit Armürlü Erkek Gömlek,649.99
SLAZENGER - FREAK Erkek Bej / Kahve Koşu & Yürüyüş Spor Ayakkabısı,1579.90
XSIDE - Standart Kalıp Erkek Pike Şort,599.99
XSIDE - Bisiklet Yaka Düz Erkek Tişört,279.99
XSIDE ACTIVE - Kapüşonlu Uzun Kollu Erkek Fermuarlı Sweatshirt,649.99
LCW Vision - Polo Yaka Kısa Kollu Basic Erkek Tişört,699.99
LCW Vision - Regular Fit Ekose Erkek Gömlek,799.99
Genius Store - Erkek Spor Tişört Running Sports Gym Reglan Oval Kesim Penye T-shirt OVALT-SHİRT,359.99
SOUTHBLUE - %100 Pamuk Bisiklet Yaka Erkek Tişört,599.99
LCWAIKIKI Classic - Polo Yaka Erkek Fermuarlı Sweatshirt,1499.99
LCW Vision - Bisiklet Yaka Erkek Sweatshirt,329.99
LCWAIKIKI Classic - Standart Kalıp V Yaka Erkek Triko Süveter,329.99
LCW SWIMWEAR - Diz Hizası Boy Palmiye Desenli Erkek Deniz Şortu,649.99
LCWAIKIKI Classic - Regular Fit Ekose Erkek Gömlek,399.99
TONNY BLACK - Erkek Gri Su Geçirmez Baharlık Kol Fermuar Detaylı Ceket,899.97
XSIDE - Standart Kalıp Erkek Eşofman Altı,599.99
Abluka Online - Erkek Relaxed Fit Fermuarlı İnce Mont Bej,2899.90
Abluka Online - Erkek Relaxed Fit Fermuarlı İnce Mont Yeşil,2899.90
SOUTHBLUE - Regular Fit Viskon Erkek Pileli Pantolon,999.99
Altınyıldız Classics - Erkek Mavi Comfort Fit Rahat Kesim Polo Yaka Pamuklu Kısa Kollu Tişört,899.99
LCW Jeans - 710 Loose Fit Erkek Jean Pantolon,1099.99
XSIDE - Slim Fit Basic Esnek Erkek Tişört,359.99
Süvari - Lacivert Slim Desenli Sivri Yaka 6 Drop Blazer Ceket,7199.92
LCWAIKIKI Classic - Diz Hizası Boy Basic Erkek Deniz Şortu,499.99
XSIDE - Bisiklet Yaka Erkek Triko Kazak,329.99
Süvari - Beyaz Regular Armürlü Klasik Yaka Gömlek,1439.91
SOUTHBLUE - Regular Fit Button Down Yaka Erkek Gömlek,599.99
LCW Vision - Gömlek Yaka Erkek Ceket,1999.99
LCWAIKIKI Classic - Standart Kalıp Erkek Şort,399.99
LCWAIKIKI Classic - Polo Yaka Çizgili Erkek Pike Tişört,699.99
LCWAIKIKI Classic - Polo Yaka Erkek Tişört,329.99
Welder - WWRC521 45 mm Erkek Kol Saati,10150.00
Livio Ferri - Lenie Desenli Keten Görünümlü Lastikli Erkek Pantolon,849.99
Michael Kors - MK9133 Erkek Kol Saati,7502.40
Milano X Change - MEX3241 Erkek Kol Saati,1111.20
Milano X Change - MXG3124 Erkek Kol Saati,1795.20
LCWAIKIKI Classic - Standart Kalıp Erkek Gömlek,749.99
LCW SWIMWEAR - Kısa Boy Yanları Şeritli Erkek Deniz Şortu,649.99
Ayakmod - Lila Cırtlı Işıklı Hafif Kız Çocuk Spor Ayakkabı 1015 P,2000.00
Fullamoda - Petek Kumaş Düğmeli Polo Yaka Tişört,629.99
Fullamoda - Biyeli Bisiklet Yaka Triko Tişört,549.99
Shooter Sportswear - Açık Lacivert Erkek Eşofman Altı İki İplik Pamuklu Regular Kalıp Fermuarlı Cep Günlük Spor Pantolon,999.99
Jack & Jones - Blaze Erkek Lacivert Polo Yaka Tişört,1799.99
Jack & Jones - Maui Wave Logo Regular Erkek Lacivert Mayo,1549.99
Jack & Jones - Blaze Erkek Siyah Polo Yaka Tişört,1799.99
Jack & Jones - Maui Ocean Seersucker Erkek Lacivert Mayo,1799.99
Bad Bear - Merle Erkek Siyah Şort,2099.98
Bad Bear - Merle Erkek Bej Şort,2099.98
Abluka Online - Erkek Baggy Fit Spray Desenli Lastikli Bel Pantolon Siyah,1519.90
Jack & Jones - Jaiden Rocco Hybrid Jogger Regular Erkek Sarı Şort,1799.99
Shooter Sportswear - Erkek İki İplik Pamuklu Eşofman Altı,999.99
Jack & Jones - Jaiden Rocco Hybrid Jogger Regular Erkek Lacivert Şort,1799.99
Jack & Jones - Regular Erkek Ekru Şort,1799.99
Jack & Jones - Regular Erkek Siyah Şort,1799.99
Shooter Sportswear - Molina Gri Erkek Basic Eşofman Altı,999.99
Stilkombin - Sabit Kapüşonlu Nova Mevsimlik Mont PLDP 3016_60392,1445.50
Katia And Bony - Erkek Sea La Vie Teddy Desenli Şortlu Pijama Takımı Yeşil,3239.90
Katia And Bony - Erkek Modal Kısa Kollu Lacivert T-Shirt,1199.90
Abluka Online - Erkek Baggy Kesim Modal Karışımlı Şort Haki Yeşil,1279.90
Abluka Online - Erkek Baggy Kesim Modal Karışımlı Şort Siyah,1279.90
Abluka Online - Erkek İnce Örgü Metal Tokalı Kemer Kahverengi,399.90
Adidas - Linear Graphic Kahverengi Cüzdan,699.00
Adidas - F50 Club Fg/Mg Erkek Krampon,3699.00
Fly Flot - Erkek Sneaker 93 231 KX CLOTH,5349.00
Adidas - Runvista Erkek Siyah Spor Ayakkabı,3849.00
Adidas - Adilette Comfort 2.0 Erkek Bej Terlik,2799.00
Adidas - Hoops Classic Erkek Beyaz Sneaker,3999.00
Fly Flot - Erkek Sandalet 78 242 KC SYNTHETIC,4599.00
Adidas - Think Linear 3' lü Siyah Çorap,649.00
Adidas - 3 Stripes Erkek Siyah Eşofman Takımı-19351,4299.00
Adidas - No Show 3' lü Beyaz Çorap,799.00
Adidas - Thin&Light Sportswear 3' lü Beyaz Çorap,599.00
Adidas - Thin&Light Sportswear 3' lü Siyah Çorap,599.00
Adidas - Thin&Light Sportswear 3' lü Çorap,599.00
Tarz Cool - Erkek Jakar Desenli Düğmesiz Polo Yaka Tişört Slim Fit Yazlık Triko Tişört,596.25
Fullamoda - Beli Lastikli Bağcıklı Kabartma Baskılı Şort,549.99
Fullamoda - Yarım Fermuarlı Polo Yaka Triko Tişört,599.99
Fullamoda - Beli Bağlamalı Baskılı Şort,499.99
Fullamoda - Polo Yaka Ottoman Kumaş Regular Tişört,649.99
Kiğılı - Bisiklet Yaka Regular Fit Ribana Detaylı Tişört,1999.00
Fullamoda - Think Different Baskılı Bisiklet Yaka Modal Tişört,549.99
Fullamoda - Beli Lastikli Cepli Lyocell Pantolon,849.99
Fullamoda - Büyük Beden Beli Lastikli Nakışlı Kapri,549.99
Ziya Ayakkabı - Erkek Hakiki Deri Sandalet 1611045ZS32 Haki,2224.42
BGK - 5 Çift Erkek Renkli Soket Çorap,174.99
Rodi - Erkek Bisiklet Yaka T-shirt 6212,600.00
Rodi - Erkek Önü Fermuarlı Polo Yaka Tshirt 1981,700.00
Fullamoda - Basic Bisiklet Yaka Modal Tişört,549.99
Fullamoda - Fermuarlı Slim Fit Jean,849.99
BGK - 10 Çift Erkek Çok Renkli Pamuklu Çorap,244.99
Mmetalic - Düz Paça Cep Fermuar Detaylı Rahat Kesim Büyük Beden Eşofman Altı MTLC046,449.99
BGK - Unisex 6 Çift Lastik Desenli Uzun Çorap,139.99
BGK - 5 Çift Erkek Mevsimlik Pamuklu Çorap,174.99
BGK - Unisex 5 Çift Kışlık Havlu Çorap,209.99
BGK - Unisex 5'li Yazlık Renkli Çorap,139.99
Madmext - Haki Erkek Tişört 4451,339.99
BGK - Unisex Spor Babet Renkli 7'li,139.99
BGK - 6 Çift Erkek Pamuklu Ekonomik Çorap Siyah,209.99
BGK - Erkek Siyah Premium Bambu Çorap 5'li Siyah,279.99
BGK - Erkek Siyah 4 Mevsim Pamuklu  Çorap 72 Çift,1399.30
BGK - Unisex 5'li Sport Patik Çorap,139.99
BGK - 5 Çift Erkek Pamuklu Ekonomik Çorap Renkli,174.99
BGK - Düz Siyah Asker Çorabı Düz Siyah 8 Çift Extra Rahat,209.99
BGK - 5 Çift Sport Yazılı Uzun Erkek Çorap,139.99
Fullamoda - Beli Lastikli Cebi Fermuarlı Kapri,549.99
Fullamoda - Beli Lastikli Cepli Pike Kumaş Pantolon,1285.68
Tchibo - Manikür ve Pedikür Aleti,999.00
BGK - 5 Çift Erkek Renkli Soket Çorap,209.99
Tchibo - Nasır Temizleyici,1299.00
Sabri Özel - Giotelli Erkek Siyah Dar Kesim Viskon 6 Drop Klasik Smokin Takım Elbise,14999.90
Shooter Sportswear - Bej Scuba Mevsimlik Regular Fit Erkek Eşofman Takım,2499.98
Sabri Özel - Lacivert Düğmelİ Yaka Kazak,4449.00
Sabri Özel - Taş Bermuda Shorts,4299.89
Sabri Özel - Metal Beyaz-Gri Yuvarlak Erkek Kol Düğmesi,799.90
Sabri Özel - Metal Siyah-Gri Kare Erkek Kol Düğmesi,799.90
Sabri Özel - Metal Gri Yuvarlak Erkek Kol Düğmesi,799.90
Sabri Özel - Metal Sarı-Siyah Yuvarlak Erkek Kol Düğmesi,799.90
Lumberjack - Cüzdan Erkek Siyah ESL CIRTLI,471.74
Sabri Özel - Unisex Kırmızı Normal Kesim Regular Fit %100 Pamuk Bisiklet Yaka Sweatshirt,749.00
Sabri Özel - Antrasit Erkek Pantolon,3999.00
Sabri Özel - Erkek Beyaz Normal Kesim Regular Fit %100 Pamuk Yan Cep Bel Lastikli Pantolon,2399.00
Sabri Özel - Giotelli Erkek Lacivert Dar Kesim Slim Fit Düz Kargo Cep Normal Bel Pantolon,7569.90
Sabri Özel - Lacivert Haki İnce Bambu Erkek Çorap,229.90
Sabri Özel - Erkek Mint Normal Kesim Regular Fit %100 Pamuk Klasik Yaka Muslin Gömlek,2399.00
Sabri Özel - Erkek Mint Normal Kesim Regular Fit %100 Pamuk Kısa Kollu Klasik Yaka Gömlek,2399.00
Sabri Özel - Erkek Ekru Normal Kesim Regular Fit %100 Pamuk Klasik Yaka Gömlek,2399.00
Sabri Özel - Giotelli Erkek Siyah Geniş Kesim Oversize Fit Kısa Kollu Bisiklet Yaka Tişört,1299.00
GÖNDERİ(R) - Erkek SİYAH Bağcıklı Hakiki Deri Comfort Sneaker,8246.21
Sabri Özel - Erkek Bej Normal Kesim Regular Fit %100 Pamuk Klasik Yaka Muslin Gömlek,2399.00
GÖNDERİ(R) - Erkek TÜTÜN KAHVE Bağcıklı Hakiki Deri Comfort Sneaker,8246.21
Sabri Özel - Erkek Kahve Normal Kesim Regular Fit %100 Pamuk Klasik Yaka Gömlek,2399.00
GÖNDERİ(R) - Erkek AÇIK LACİVERT Bağcıklı Hakiki Deri Comfort Sneaker,8246.21
Dockers by Gerli - DOROCK Kahverengi Erkek Spor Ayakkabı,2464.99
Sabri Özel - Erkek Beyaz Normal Kesim Regular Fit %100 Pamuk Kısa Kollu Klasik Yaka Gömlek,2399.00
Sabri Özel - Erkek Beyaz Normal Kesim Regular Fit %100 Pamuk Klasik Yaka Gömlek,2399.00
Dockers by Gerli - DOROCK Haki Erkek Spor Ayakkabı,2464.99
Sabri Özel - Erkek Beyaz Normal Kesim Regular Fit %100 Pamuk Klasik Yaka Muslin Gömlek,2399.00
Sabri Özel - Erkek Siyah Normal Kesim Regular Fit %100 Pamuk Klasik Yaka Gömlek,2399.00
Sabri Özel - Giotelli Erkek Yeşil Normal Kesim Regular Fit Dokuma Bisiklet Yaka Tişört,2699.00
Sabri Özel - Giotelli Erkek Kum Normal Kesim Regular Fit Dokuma Bisiklet Yaka Tişört,2699.00
Sabri Özel - Erkek Siyah Normal Kesim Regular Fit %100 Pamuk Kısa Kollu Klasik Yaka Gömlek,2399.00
Dockers by Gerli - TOBIAS Gri Erkek Spor Ayakkabı,2549.99
Polaris 5 Nokta - 109156.M Siyah Erkek Ayakkabı,1954.98
Polaris 5 Nokta - 109131N.M Yeşil Erkek Rahat Ayakkabı,1699.99
Sabri Özel - Giotelli Erkek Lacivert Dar Kesim Slim Fit Dokuma Bisiklet Yaka Tişört,1699.00
Sabri Özel - Giotelli Erkek Ekru Normal Kesim Regular Fit Dokuma Uzun Kollu Gömlek Yaka Çıtçıt Düğme Gömlek,11700.90
Sabri Özel - Giotelli Erkek Yeşil Normal Kesim Regular Fit Dokuma Uzun Kollu Gömlek Yaka Çıtçıt Düğme Gömlek,11700.90
Sabri Özel - Giotelli Erkek Bej Normal Kesim Regular Fit Dokuma Basic Tişört,1799.00
Sabri Özel - Giotelli Erkek Beyaz Normal Kesim Regular Fit Dokuma Basic Tişört,1799.00
Sabri Özel - Giotelli Erkek Ekru Normal Kesim Regular Fit Dokuma Baskılı Kısa Kollu Bisiklet Yaka Tişört,1799.00
Sabri Özel - Giotelli Erkek Siyah Normal Kesim Regular Fit Dokuma Baskılı Kısa Kollu Bisiklet Yaka Tişört,1799.00
Sabri Özel - Giotelli Erkek Mavi Dar Kesim Slim Fit %100 Pamuk Bisiklet Yaka Tişört,3199.00
Sabri Özel - Giotelli Erkek Mavi Normal Kesim Regular Fit Dokuma Klasik Yaka Fermuarlı Gömlek,7846.90
Sabri Özel - Giotelli Erkek Pudra Dar Kesim Slim Fit Desenli Kısa Kollu Polo Yaka Tişört,1399.00
Sabri Özel - Giotelli Erkek Ekru Dar Kesim Slim Fit Desenli Kısa Kollu Polo Yaka Tişört,1399.00
Sabri Özel - Giotelli Erkek Gül Kurusu Normal Kesim Regular Fit Kısa Kollu Kamp Yaka Gömlek,3499.00
Sabri Özel - Giotelli Erkek Beyaz Normal Kesim Regular Fit Geometrik Desen Bisiklet Yaka Tişört,1899.00
Sabri Özel - Giotelli Erkek Yeşil Dar Kesim Slim Fit Desenli Kısa Kollu Polo Yaka Tişört,1399.00
Sabri Özel - Giotelli Erkek Sarı Dar Kesim Slim Fit Dokuma Desenli Kısa Kollu Polo Yaka Tişört,1399.00
Sabri Özel - Giotelli Erkek Açık Mavi Geniş Kesim Oversize Fit Dokuma Baskılı Kamp Yaka Gömlek,3199.00
Sabri Özel - Giotelli Erkek Bej Geniş Kesim Oversize Fit Dokuma Baskılı Kamp Yaka Gömlek,3199.00
Sabri Özel - Giotelli Erkek Turkuaz Geniş Kesim Oversize Fit Baskılı Kısa Kollu Bisiklet Yaka Tişört,1999.00
Sabri Özel - Giotelli Erkek Mint Geniş Kesim Oversize Fit Baskılı Kısa Kollu Bisiklet Yaka Tişört,1999.00
Sabri Özel - Giotelli Erkek Lacivert Geniş Kesim Oversize Fit Baskılı Kısa Kollu Bisiklet Yaka Tişört,1999.00
Sabri Özel - Giotelli Erkek Açık Mavi Geniş Kesim Oversize Fit Baskılı Kısa Kollu Bisiklet Yaka Tişört,1999.00
Sabri Özel - Giotelli Erkek Lila Geniş Kesim Oversize Fit Kısa Kollu Yaka Baskılı Bisiklet Yaka Tişört,1599.00
Sabri Özel - Giotelli Erkek Ekru Geniş Kesim Oversize Fit Kısa Kollu Bisiklet Yaka Tişört,1599.00
Sabri Özel - Giotelli Erkek Lacivert Geniş Kesim Oversize Fit Kısa Kollu Bisiklet Yaka Tişört,1599.00
Sabri Özel - Giotelli Erkek Mavi Geniş Kesim Oversize Fit Kısa Kollu Yaka Baskılı Bisiklet Yaka Tişört,1599.00
Sabri Özel - Giotelli Erkek Pudra Normal Kesim Regular Fit Dokuma İşlemeli Kısa Kollu Bisiklet Yaka Tişört,1199.00
Sabri Özel - Giotelli Erkek Pembe Normal Kesim Regular Fit Dokuma İşlemeli Kısa Kollu Bisiklet Yaka Tişört,1199.00
Sabri Özel - Giotelli Erkek Lacivert Normal Kesim Regular Fit Dokuma İşlemeli Kısa Kollu Bisiklet Yaka Tişört,1199.00
Sabri Özel - Bisiklet Yaka Erkek Tişört,1199.00
Sabri Özel - Giotelli Erkek Gri-Beyaz Dar Kesim Slim Fit Çizgi Desen Düğmeli Tişört,1499.00
Sabri Özel - Giotelli Erkek Beyaz Normal Kesim Regular Fit Dokuma Kısa Kollu Bisiklet Yaka Tişört,1199.00
Sabri Özel - Giotelli Erkek Açık Mavi Normal Kesim Regular Fit Kısa Kollu Fermuarlı Dik Yaka Tişört,2299.00
Sabri Özel - Giotelli Erkek Koyu Mavi Normal Kesim Regular Fit Kısa Kollu Fermuarlı Dik Yaka Tişört,2299.00
Sabri Özel - Giotelli Erkek Beyaz Normal Kesim Regular Fit Kısa Kollu Fermuarlı Polo Yaka Tişört,2299.00
Sabri Özel - Giotelli Erkek Beyaz Dar Kesim Slim Fit %100 Pamuk Klasik Yaka Gömlek,4499.00
Sabri Özel - Erkek Bej Normal Kesim Regular Fit %100 Pamuk Gabardin Uzun Kollu Klasik Yaka Gömlek,4999.99
Sabri Özel - Erkek Gri Normal Kesim Regular Fit %100 Pamuk Gabardin Uzun Kollu Klasik Yaka Gömlek,4999.99
Sabri Özel - Giotelli Erkek Gri Geniş Kesim Oversize Fit Kısa Kollu Bisiklet Yaka Tişört,1799.00
Sabri Özel - Erkek Lacivert Normal Kesim Regular Fit %100 Pamuk Gabardin Uzun Kollu Klasik Yaka Gömlek,4999.99
Sabri Özel - Erkek Kahve Normal Kesim Regular Fit %100 Pamuk Gabardin Uzun Kollu Klasik Yaka Gömlek,4999.99
Sabri Özel - Giotelli Erkek Pudra Geniş Kesim Oversize Fit Kısa Kollu Bisiklet Yaka Tişört,1799.00
Sabri Özel - Giotelli Erkek Taş Geniş Kesim Oversize Fit Kısa Kollu Bisiklet Yaka Tişört,1799.00
Sabri Özel - Giotelli Erkek Lila Geniş Kesim Oversize Fit Kısa Kollu Bisiklet Yaka Tişört,1799.00
Sabri Özel - Giotelli Erkek Mavi Geniş Kesim Oversize Fit Kısa Kollu Bisiklet Yaka Tişört,1799.00
Sabri Özel - Giotelli Erkek Beyaz Geniş Kesim Oversize Fit Kısa Kollu Bisiklet Yaka Tişört,1799.00
Sabri Özel - Siyah Polo Yaka Havlu T-Shirt,3999.00
Sabri Özel - Giotelli Erkek Mint Normal Kesim Regular Fit Havlu Polo Yaka Tişört,3999.00
Sabri Özel - Beyaz Polo Yaka Havlu T-Shirt,3999.00
Polaris 5 Nokta - 109156N.M Vizon Erkek Ayakkabı,1954.98
Sabri Özel - Giotelli Erkek Ekru Normal Kesim Regular Fit Bisiklet Yaka Tişört,1699.00
Tommylife - Bej Nefes Alabilir Kendinden Dönüşlü Kemerli Erkek Şort - 81313,899.90
Tommylife - Lacivert Nefes Alabilir Kendinden Dönüşlü Kemerli Erkek Şort - 81313,899.90
Tommylife - Haki Nefes Alabilir Kendinden Dönüşlü Kemerli Erkek Şort - 81313,899.90
Tommylife - Ekru Nefes Alabilir Kendinden Dönüşlü Kemerli Erkek Şort - 81313,899.90
Tommylife - Kahverengi Nefes Alabilir Kendinden Dönüşlü Kemerli Erkek Şort - 81313,899.90
Tommylife - Siyah Nefes Alabilir Kendinden Dönüşlü Kemerli Erkek Şort - 81313,899.90
Tommylife - Açık Yeşil Nefes Alabilir Kendinden Dönüşlü Kemerli Erkek Şort - 81313,899.90
Tommylife - Siyah Rahat Form Baskılı Spor Performans Kolsuz Erkek Atlet - 88502,699.90
Tommylife - Gri Melanj Standart Kalıp Basic Spor Performans Kolsuz Erkek Atlet - 88503,649.90
Tommylife - Siyah Standart Kalıp Basic Spor Performans Kolsuz Erkek Atlet - 88503,649.90
Tommylife - Haki Esnek Konforlu Nefes Alabilir Standart Fit Erkek Kapri - 83106,949.90
Tommylife - Beyaz Standart Kalıp Basic Spor Performans Kolsuz Erkek Atlet - 88503,649.90
Tommylife - Parlament Standart Kalıp Basic Spor Performans Kolsuz Erkek Atlet - 88503,649.90
Tommylife - Haki Standart Kalıp Basic Spor Performans Kolsuz Erkek Atlet - 88503,649.90
Tommylife - Kahverengi Esnek Konforlu Nefes Alabilir Standart Fit Erkek Kapri - 83106,949.90
Formo - PREMIUM Erkek %100 Doğal Pamuk Ekoseli Compact Penye Düğmeli Cepli Yüksek Kaliteli Pijama Takımı,699.99
Tarz Cool - Erkek Argentina Nakışlı Oversize V Yaka Triko T-Shirt,944.25
D'S damat - Comfort Kalıp Bej Yumuşak Viskon Karışımlı Rahat Bisiklet Yaka Tişört,1124.25
D'S damat - Comfort Kalıp Adaçayı Yumuşak Viskon Karışımlı Rahat Bisiklet Yaka Tişört,1124.25
D'S damat - Comfort Kalıp Lacivert Yumuşak Viskon Karışımlı Rahat Bisiklet Yaka Tişört,1124.25
D'S damat - Comfort Kalıp Ekru Yumuşak Viskon Karışımlı Rahat Bisiklet Yaka Tişört,1124.25
D'S damat - Comfort Kalıp Kahverengi Yumuşak Viskon Karışımlı Rahat Bisiklet Yaka Tişört,1124.25
D'S damat - Comfort Kalıp Siyah Yumuşak Viskon Karışımlı Rahat Bisiklet Yaka Tişört,1124.25
D'S damat - Comfort Kalıp Mürdüm Yumuşak Viskon Karışımlı Rahat Bisiklet Yaka Tişört,1124.25
Koza İç Giyim - Erkek Pamuklu Sıfır Kollu Baskı Detaylı Şortlu Pijama Takımı,649.90
Formo - Erkek %100 Doğal Pamuk Cepli Kaliteli Kapri,499.99
gothamVibes - Erkek Tank Top Beyaz Atlet,292.49
gothamVibes - Erkek Tank Top Siyah Atlet,292.49
Tarz Cool - Erkek Old Money Çizgili Polo Yaka Triko Tişört Slim Fit,621.75
Fullamoda - Beli Lastikli Baskılı Kargo Cepli Kapri,549.99
Fullamoda - Armalı Bisiklet Yaka Tişört,549.99
Fullamoda - Basic Düğmeli Gömlek,849.99
Fullamoda - Beli Bağlamalı Kabartma Baskılı Cepli Şort,549.99
Puma - Team Liga Erkek Turuncu Çorap,549.90
Fullamoda - Beli Lastikli Cepli Modal Şort,649.99
Koza İç Giyim - Erkek Lacivert Kısa Kollu Ekose Desenli Pamuklu Pijama Takımı,699.90
Etikmen - %100 Organik Pamuk Düz Oversize Lacivert Erkek Tişört,499.99
igs - Erkek Açık Yeşil Slim Fit Dar Kalıp Polo Yaka Düz Kısa Kollu Triko Tişört,2070.00
Tarz Cool - Premium %100 Pamuk Bağcıklı Erkek Şort – Relax Fit Yazlık Old Money Şort,501.75
AC&Co / Altınyıldız Classics - Erkek Beyaz-Turkuaz Slim Fit Dar Kesim %100 Pamuk Polo Yaka Tişört,799.99
Eda Taşpınar - Doğal At Kılı Fırça – Kuru Fırçalama & Pürüzsüz Cilt Görünümü,500.00
Altınyıldız Classics - Erkek Siyah Pamuklu Slim Fit Dar Kesim Bato Yaka Dokulu Triko Kazak,1499.99
Altınyıldız Classics - Erkek Lacivert Pamuklu Standart Fit Normal Kesim Bisiklet Yaka Desenli Triko Kazak,1199.99
Altınyıldız Classics - Erkek Ekru Standart Fit Normal Kesim Bisiklet Yaka Jakarlı Triko Kazak,2699.99
Altınyıldız Classics - Erkek Mavi Pamuklu Slim Fit Dar Kesim Bisiklet Yaka Tişört,1649.99
Altınyıldız Classics - Erkek Gri Pamuklu Slim Fit Dar Kesim Bisiklet Yaka Tişört,1649.99
Altınyıldız Classics - Erkek Beyaz Pamuklu Slim Fit Dar Kesim Gant Yaka Poplin Gömlek,2499.98
Altınyıldız Classics - Erkek Antrasit-Melanj Standart Fit Normal Kesim Bisiklet Yaka Jakarlı Triko Kazak,1499.99
AC&Co / Altınyıldız Classics - Erkek Vizon Pamuklu Tailored Slim Fit Dar Kesim Düğmeli Yaka Örme Gömlek,533.99
AC&Co / Altınyıldız Classics - Erkek İndigo Pamuklu Tailored Slim Fit Dar Kesim Düğmeli Yaka Örme Gömlek,533.99
Altınyıldız Classics - Erkek Siyah Pamuklu Standart Fit Normal Kesim Bisiklet Yaka Jakarlı Triko Kazak,1499.99
Altınyıldız Classics - Erkek Beyaz-Bej Pamuklu Tailored Slim Fit Dar Kesim Düğmeli Yaka Çizgili Gömlek,1799.99
Altınyıldız Classics - Erkek Taş %100 Pamuk Tailored Slim Fit Dar Kesim Klasik Yaka Armürlü Gömlek,1799.99
Altınyıldız Classics - Erkek Bej Pamuklu Tailored Slim Fit Dar Kesim Küçük İtalyan Yaka Armürlü Gömlek,1799.99
Altınyıldız Classics - Erkek Siyah Yünlü Standart Fit Normal Kesim Bato Yaka Triko Kazak,1499.99
Altınyıldız Classics - Erkek Siyah Pamuklu Slim Fit Dar Kesim Düğmeli Yaka Örme Gömlek,1799.99
Altınyıldız Classics - Erkek Lacivert Pamuklu Slim Fit Dar Kesim Polo Yaka Uzun Kollu Jakarlı Esnek Tişört,1499.99
AC&Co / Altınyıldız Classics - Erkek Sarı Comfort Fit Rahat Kesim Düğmeli Yaka Casual Keten Gömlek,1079.99
Remsa Mayo - Erkek Kısa Kol Yüzme Havuz Tişört Deniz Sörf Tişört 26900 Lacivert,1799.00
Remsa Mayo - Erkek Kısa Kol Yüzme Havuz Tişört Deniz Sörf Tişört 26900 Siyah,1799.00
Altınyıldız Classics - Erkek Bej Pamuklu Slim Fit Dar Kesim Mono Yaka Kapak Cepli Esnek Blazer Ceket,2999.99
Altınyıldız Classics - Erkek Siyah Pamuklu Standart Fit Normal Kesim Mono Yaka Torba Cepli Jakarlı Triko Hırka,2299.98
Altınyıldız Classics - Erkek Ekru Pamuklu Slim Fit Dar Kesim Mono Yaka Kapak Cepli Esnek Blazer Ceket,2999.99
Oxide - LUCA-N Kum Erkek Günlük Ayakkabı,1699.99
TONNY BLACK - Erkek Füme Eva Taban Rahat Kalıp Günlük Spor Ayakkabı,799.97
Polaris - 410040.M6FX Siyah Erkek Terlik,1444.99
Dockers by Gerli - 238657 5FX Siyah Erkek Parmak Arası Terlik,743.74
Polaris - 109183.M Kahverengi Erkek Sandalet,1126.24
Polaris - 109183.M Siyah Erkek Sandalet,1126.24
Polaris 5 Nokta - 109154.M Siyah Erkek Klasik Ayakkabı,1954.98
Lumberjack - Cüzdan Erkek Ekru ESL CIRTLI,471.74
Altınyıldız Classics - Erkek Gri Desenli Standart Fit Atkı,899.99
Altınyıldız Classics - Erkek Lacivert-Bordo Desenli Standart Fit Atkı,899.99
Altınyıldız Classics - Erkek Siyah-Gri Desenli Standart Fit Atkı,899.99
Altınyıldız Classics - Erkek Lacivert-Gri Desenli Standart Fit Atkı,899.99
Altınyıldız Classics - Erkek Lacivert Sıcak Tutan Atkı,899.99
Altınyıldız Classics - Erkek Lacivert Desenli Standart Fit Atkı,899.99
Altınyıldız Classics - Erkek Bordo-Lacivert Desenli Standart Fit Atkı,899.99
Altınyıldız Classics - Erkek Bej-Kahve Desenli Standart Fit Atkı,899.99
Altınyıldız Classics - Erkek Siyah Desenli Standart Fit Atkı,899.99
Altınyıldız Classics - Erkek Gri Sıcak Tutan Atkı,899.99
Remsa Mayo - Erkek Uzun Kol Yüzme Havuz Tişört Deniz Sörf Tişört 26901 Siyah,1999.00
Danger - Rahat Kalıp Gofre Dokulu Çizgili Pamuklu Erkek Gömlek Gri 5037DNGR,799.99
Danger - Erkek Rahat Kalıp Old Money Pileli Pamuk Pantolon Siyah 6001DNGR,899.99
Danger - Rahat Kalıp Gofre Dokulu Çizgili Pamuklu Erkek Gömlek Mavi 5037DNGR,799.99
Danger - Erkek Rahat Kalıp Old Money Pileli Pamuk Pantolon Antrasit 6001DNGR,899.99
Fullamoda - Beli Bağlamalı Keten Görünümlü Cepli Pantolon,749.99
Fullamoda - Beli Bağlamalı Cepli Regular Fit Şort,549.99
Fullamoda - Çizgili Fitilli Beli Lastikli Şort,399.99
Danger - Rahat Kalıp Gofre Dokulu Çizgili Pamuklu Erkek Gömlek Bej 5037DNGR,799.99
Danger - Rahat Kalıp Gofre Dokulu Çizgili Pamuklu Erkek Gömlek Füme 5037DNGR,799.99
Danger - Rahat Kalıp Gofre Dokulu Çizgili Pamuklu Erkek Gömlek Haki 5037DNGR,799.99
Lumberjack - DERI BSC SLIDE KRT 6FX Siyah Erkek Cüzdan,573.74
Polaris 5 Nokta - 109132N.M Gri Erkek Rahat Ayakkabı,1529.99
Walkway - Beyaz Fileli Hafif Esnek Bağcıklı Erkek Spor Ayakkabı Pete M,2100.00
Ayakmod - Premium Siyah Hakiki Deri Erkek Casual Ayakkabı 2407 M,2500.00
Walkway - Siyah Beyaz Fileli Hafif Esnek Büyük Numara Erkek Spor Ayakkabı Pete M,2200.00
Walkway - Beyaz Fileli Hafif Esnek Büyük Numara Erkek Spor Ayakkabı Pete M,2200.00
Walkway - Siyah Fileli Hafif Esnek Büyük Numara Erkek Spor Ayakkabı Pete M,2200.00
Fullamoda - Basic Bisiklet Yaka Tişört,349.99
Ayakmod - Premium Kum Nubuk Hakiki Deri Anatomik Erkek Casual Ayakkabı 2406 M,3100.00
Ayakmod - Premium Siyah Nubuk Hakiki Deri Anatomik Erkek Casual Ayakkabı 2406 M,3100.00
Ayakmod - Siyah Hakiki Deri Erkek Casual Ayakkabı 2234 M,3000.00
Walkway - Siyah Fileli Hafif Esnek Bağcıklı Erkek Spor Ayakkabı Pete M,2100.00
Ayakmod - Premium Haki Nubuk Hakiki Deri Anatomik Erkek Casual Ayakkabı 2406 M,3100.00
Walkway - Beyaz Siyah Hafif Esnek Bağcıklı Erkek Spor Ayakkabı Senti M,2000.00
Walkway - Siyah Beyaz Fileli Hafif Esnek Bağcıklı Erkek Spor Ayakkabı Pete M,2100.00
Walkway - Siyah Beyaz Hafif Esnek Bağcıklı Erkek Spor Ayakkabı Senti M,2000.00
Fullamoda - Basic Bisiklet Yaka Oversize Tişört,449.99
Süvari - Siyah Çorap,179.90
Fullamoda - Beli Bağlamalı Keten Görünümlü Şort,649.99
Fullamoda - Fermuarlı Skinny Jean,849.99
Fullamoda - Beli Lastikli Bağlamalı Duble Paça Pantolon,649.99
Ayakmod - Siyah Hakiki Deri Erkek Casual Ayakkabı 2253 M,3400.00
Walkway - Beyaz-Siyah Fileli Hafif Esnek Erkek Spor Ayakkabı BST-2088 M,2200.00
Walkway - Siyah-Siyah Hafif Esnek Erkek Terlik 8000-02 M,1400.00
Walkway - Siyah Hafif Esnek Erkek Terlik 8000-02 M,1400.00
Walkway - Lacivert Hafif Esnek Erkek Terlik 8000-02 M,1400.00
Walkway - Beyaz Hafif Esnek Erkek Terlik 8000-02 M,1400.00
Walkway - Sarı Lacivert Hafif Esnek Erkek Terlik 8000-01 M,1400.00
Walkway - Beyaz Lacivert Hafif Esnek Erkek Terlik 8000-01 M,1400.00
Walkway - Siyah Beyaz Hafif Esnek Erkek Terlik 8000-01 M,1400.00
Walkway - Sarı Kırmızı Hafif Esnek Erkek Terlik 8000-01 M,1400.00
Dockers by Gerli - 238621 Haki Erkek Desenli Terlik,1296.24
Dockers by Gerli - 238621 Siyah Erkek Desenli Terlik,1296.24
Dockers by Gerli - 238657 5FX Kahverengi Erkek Parmak Arası Terlik,743.74
Dockers by Gerli - 238658 GRI Erkek Terlik,1296.24
Süvari - Su Yeşili Slim Klasik Yaka Düz Düz Cepsiz Düğmeli Uzun Kollu Standart Casual Gömlek,1799.90
Süvari - Buz Mavi Slim Düğmeli Yaka Düz Pike Cepsiz Manşetli Uzun Kollu Yıkamalı Casual Gömlek,1999.90
Süvari - Siyah Slim Düz Pike Kemerli Yıkamalı Jogger Pantolon,2999.90
Süvari - Buz Mavi Slim Klasik Yaka Düz Düz Cepsiz Düğmeli Uzun Kollu Standart Casual Gömlek,1799.90
Süvari - Lacivert Slim Klasik Yaka Düğmeli Uzun Kollu Standart Casual Gömlek,1799.90
Süvari - Bej Regular Klasik Yaka Kapaksız Cep Düğmeli Uzun Kollu Standart Casual Gömlek,1799.90
Ayakmod - Siyah Hakiki Deri Erkek Casual Ayakkabı 2604 M,3400.00
Ayakmod - Taba Hakiki Deri Erkek Casual Ayakkabı 2555 M,3700.00
Ayakmod - Siyah Hakiki Deri Erkek Casual Ayakkabı 2555 M,3700.00
Ayakmod - Siyah Hakiki Deri Erkek Casual Ayakkabı 2554 M,3700.00
Süvari - Siyah Slim Sivri Yaka Düz Pike Torba Cep Yıkamalı 6 Drop Takım Elbise,10999.90
Ayakmod - Taba Hakiki Deri Büyük Numara Erkek Casual Ayakkabı 2555 M,3900.00
Süvari - Siyah Gerçek Deri Bağcıklı Sneakers,5199.89
Ayakmod - Taba Hakiki Deri Erkek Casual Ayakkabı 2554 M,3700.00
Walkway - Vizon Bağcıklı Hafif Esnek Erkek Spor Ayakkabı Elva M,2300.00
Ayakmod - Siyah Hakiki Deri Erkek Casual Ayakkabı 2298 M,2900.00
Walkway - Siyah-Beyaz-Siyah Bağcıklı Hafif Esnek Erkek Spor Ayakkabı Elva M,2300.00
Ayakmod - Siyah Hakiki Deri Erkek Casual Ayakkabı 62206 M,3700.00
Ayakmod - Siyah Hakiki Deri Erkek Casual Ayakkabı 022-B M,3500.00
Süvari - Bej Slim Sivri Yaka 6 Drop Takım Elbise,10999.90
Süvari - Lacivert Slim Mono Yaka Düz Pike Torba Cep Yıkamalı 6 Drop Klasik Ceket,7999.90
Süvari - Siyah Slim Klasik Yaka Düz Kapaklı Cep Cırtlı Dolgusuz Yıkamalı Süet Mont,6999.90
Süvari - Haki Slim Klasik Yaka Düz Kapaklı Cep Süet Mont,6999.90
Süvari - Bej Regular Mono Yaka Düz Pike Torba Cep Yıkamalı 4 Drop Klasik Ceket,7999.90
Ayakmod - Kum Nubuk Hakiki Deri Jel Taban Erkek Casual Ayakkabı 800 M,3500.00
Süvari - Siyah Slim Düz Jogger Pantolon,2999.90
Süvari - Lacivert Regular Casual Pantolon,2999.90
Süvari - Bej Regular Klasik Pantolon,2799.90
Süvari - Siyah Regular Klasik Pantolon,2799.90
Süvari - Siyah Slim Klasik Yaka Casual Gömlek,1799.90
Süvari - Siyah Denim Pantolon,2799.90
Süvari - Gri Slim Düz Jogger Pantolon,2999.90
Süvari - Bej Slim Klasik Yaka Düz Düz Cepsiz Düğmeli Uzun Kollu Standart Casual Gömlek,1799.90
Süvari - Taş Regular Klasik Yaka Düz Düz Kapaksız Cep Düğmeli Uzun Kollu Standart Casual Gömlek,1799.90
Süvari - Lacivert Regular Klasik Yaka Düz Düz Kapaksız Cep Düğmeli Uzun Kollu Standart Casual Gömlek,1799.90
Süvari - Siyah Slim Kruvaze Yaka Düz Pike Torba Cep Yıkamalı 6 Drop Takım Elbise,11999.90
Süvari - Buz Mavi Regular Klasik Yaka Düz Düz Kapaksız Cep Düğmeli Uzun Kollu Standart Casual Gömlek,1799.90
Süvari - Lacivert Regular Düğmeli Yaka Düz Düz Kapaksız Cep Düğmeli Kısa Kollu Standart Casual Gömlek,1599.90
Süvari - Saks Mavi Slim Mono Yaka Torba Cep 6 Drop Klasik Ceket,7999.90
Süvari - Lacivert Regular Sivri Yaka 6 Drop Takım Elbise,10999.90
Süvari - Lacivert Slim Kruvaze Yaka Düz Pike Torba Cep Yıkamalı 6 Drop Takım Elbise,11999.90
Süvari - Lacivert Regular Sivri Yaka Düz Pike Torba Cep Yıkamalı 4 Drop Takım Elbise,10999.90
Süvari - Gri Slim Mono Yaka Düz Torba Cep 6 Drop Takım Elbise,10999.90
Ayakmod - Beyaz Hakiki Deri Erkek Casual Ayakkabı 2692 M,3400.00
Süvari - Siyah Regular Casual Pantolon,2999.90
Süvari - Siyah Slim Sivri Yaka Düz Pike Torba Cep Yıkamalı 6 Drop Klasik Ceket,7999.90
Süvari - Lacivert Regular Klasik Pantolon,2799.90
Süvari - Bej Slim Düz Yan Cepli Fermuarlı Dolgusuz Standart Mont,6999.90
Süvari - Beyaz Slim Klasik Yaka Casual Gömlek,1799.90
Süvari - Siyah Slim Sivri Yaka Düz Pike Torba Cep Yıkamalı 6 Drop Yelekli Takım Elbise,11999.90
Süvari - Bej Slim Klasik Yaka Düz Kapaklı Cep Süet Mont,6999.90
Süvari - Siyah Regular Sivri Yaka Düz Pike Torba Cep Yıkamalı 4 Drop Takım Elbise,10999.90
Süvari - Siyah Regular Casual Pantolon,2699.91
Süvari - Lacivert Regular Casual Pantolon,2699.91
Süvari - Saks Mavi Slim Düz Fileto Cepli Mont,6499.90
Süvari - Lacivert Slim Düz Jogger Pantolon,2999.90
Süvari - Koyu Yeşil Regular Klasik Yaka Düz Armürlü Cepsiz Düz Uzun Kollu Standart Casual Gömlek,1999.90
Süvari - Bej Regular Casual Pantolon,2999.90
Süvari - Siyah Regular Sivri Yaka 6 Drop Takım Elbise,10999.90
Süvari - Buz Mavi Slim Klasik Yaka Düz Pike Cepsiz Manşetli Uzun Kollu Yıkamalı Casual Gömlek,1799.90
Shooter Sportswear - Açık Bej Erkek Şort Baskı Detaylı Günlük Kullanım Beli Ayarlanabilir Lastikli Regular Kalıp,649.99
Shooter Sportswear - Açık Haki Erkek Şort Baskı Detaylı Günlük Kullanım Beli Ayarlanabilir Lastikli Regular Kalıp,649.99
Shooter Sportswear - Haki Erkek Şort Baskı Detaylı Günlük Kullanım Beli Ayarlanabilir Lastikli Regular Kalıp,649.99
Shooter Sportswear - Bebe Mavisi Erkek Şort Baskı Detaylı Günlük Kullanım Beli Ayarlanabilir Lastikli Regular Kalıp,649.99
Shooter Sportswear - Koyu Bej Erkek Şort Baskı Detaylı Günlük Kullanım Beli Ayarlanabilir Lastikli Regular Kalıp,649.99
Shooter Sportswear - Şeftali Erkek Şort Baskı Detaylı Günlük Kullanım Beli Ayarlanabilir Lastikli Regular Kalıp,649.99
Shooter Sportswear - Taş Erkek Şort Baskı Detaylı Günlük Kullanım Beli Ayarlanabilir Lastikli Regular Kalıp,649.99
Süvari - Erkek Bej Spor Ayakkabı,4499.89
Süvari - Siyah Gerçek Deri Bağcıksız Klasik Ayakkabı,5199.89
Shooter Sportswear - Açık Bej  Erkek Şort Minimal Logolu Pamuklu Regular Kalıp,649.99
Shooter Sportswear - Koyu Bej  Erkek Şort Minimal Logolu Pamuklu Regular Kalıp,649.99
Dockers by Gerli - 238658 Siyah Erkek Terlik,1296.24
Shooter Sportswear - Şeftali Erkek Şort Minimal Logolu Pamuklu Regular Kalıp,649.99
Shooter Sportswear - Füme  Erkek Şort Pamuklu Baskılı Yandan Cepli Regular Kalıp,699.99
Shooter Sportswear - Taş  Erkek Şort Minimal Logolu Pamuklu Regular Kalıp,649.99
Shooter Sportswear - Haki  Erkek Şort Pamuklu Baskılı Yandan Cepli Regular Kalıp,699.99
Shooter Sportswear - Kahverengi  Erkek Şort Pamuklu Baskılı Yandan Cepli Regular Kalıp,699.99
Shooter Sportswear - Lacivert  Erkek Şort Pamuklu Baskılı Yandan Cepli Regular Kalıp,699.99
Shooter Sportswear - Bej Erkek Şort Minimal Baskı Detaylı Gizli Fermuar Cep Regular Kalıp,699.99
Shooter Sportswear - Siyah  Erkek Şort Pamuklu Baskılı Yandan Cepli Regular Kalıp,699.99
Shooter Sportswear - Ekru Erkek Şort Minimal Baskı Detaylı Gizli Fermuar Cep Regular Kalıp,699.99
Shooter Sportswear - Füme Erkek Şort Minimal Baskı Detaylı Gizli Fermuar Cep Regular Kalıp,699.99
Shooter Sportswear - Lacivert Erkek Şort Minimal Baskı Detaylı Gizli Fermuar Cep Regular Kalıp,699.99
Shooter Sportswear - Lila Erkek Şort Minimal Baskı Detaylı Gizli Fermuar Cep Regular Kalıp,699.99
Shooter Sportswear - Vizon Erkek Şort Minimal Baskı Detaylı Gizli Fermuar Cep Regular Kalıp,699.99
Shooter Sportswear - Yeşil Erkek Şort Minimal Baskı Detaylı Gizli Fermuar Cep Regular Kalıp,699.99
Shooter Sportswear - Lacivert Erkek Şort Yan Çizgi Nakış Detaylı Gizli Fermuarlı,649.99
Shooter Sportswear - Ekru Erkek Şort Kargo Cep Baskı Detaylı Regular Kalıp,749.99
Shooter Sportswear - Toprak Erkek Yazlık Şort Baskı Detaylı Rahat Kalıp,849.99
Shooter Sportswear - Yeşil Erkek Yazlık Şort Baskı Detaylı Rahat Kalıp,849.99
Shooter Sportswear - Lacivert Erkek Yazlık Spor Şort Çok Cepli Tasarım Lastikli Bel Hafif Dokulu Kumaş,849.99
Shooter Sportswear - Toprak Erkek Yazlık Spor Şort Çok Cepli Tasarım Lastikli Bel Hafif Dokulu Kumaş,849.99
Shooter Sportswear - Yeşil Erkek Yazlık Spor Şort Çok Cepli Tasarım Lastikli Bel Hafif Dokulu Kumaş,849.99
LC WAIKIKI - Standart Kalıp Ekose Erkek Pijama Takım,1099.99
Shooter Sportswear - Yeşil Erkek Yazlık Şort Kargo Cep Rahat Kalıp,849.99
Shooter Sportswear - Bej - Lacivert Erkek Elite Mevsimlik Eşofman Takımı Rahat Form Günlük Kullanım,1999.99
Shooter Sportswear - Lacivert Erkek Elite Mevsimlik Eşofman Takımı Rahat Form Günlük Kullanım,1999.99
Shooter Sportswear - Gri Erkek Elite Mevsimlik Eşofman Takımı Rahat Form Günlük Kullanım,1999.99
Shooter Sportswear - Lacivert -  Bej Erkek Elite Mevsimlik Eşofman Takımı Rahat Form Günlük Kullanım,1999.99
Shooter Sportswear - Siyah - Vizon Erkek Elite Mevsimlik Eşofman Takımı Rahat Form Günlük Kullanım,1999.99
Shooter Sportswear - Siyah Erkek Elite Mevsimlik Eşofman Takımı Rahat Form Günlük Kullanım,1999.99
Shooter Sportswear - Petrol Mavisi Premium  Erkek Eşofman Takımı Mevsimlik Kapüşonlu Rahat Kalıp,1999.99
Shooter Sportswear - Haki Erkek Eşofman Takımı Mevsimlik Luxe Kalite Pamuklu,2499.98
Shooter Sportswear - Vizon Premium  Erkek Eşofman Takımı Mevsimlik Kapüşonlu Rahat Kalıp,1999.99
Shooter Sportswear - Orman Yeşili Erkek Eşofman Takımı Mevsimlik Luxe Kalite Pamuklu,2499.98
Shooter Sportswear - Lacivert Erkek Eşofman Takımı Mevsimlik Luxe Kalite Pamuklu,2499.98
Shooter Sportswear - Siyah Erkek Eşofman Takımı Mevsimlik Luxe Kalite Pamuklu,2499.98
Shooter Sportswear - Bej  Erkek Luxe Eşofman Takımı Rahat Kalıp Manşetli Minimal Logo,1999.99
Shooter Sportswear - Haki  Erkek Luxe Eşofman Takımı Rahat Kalıp Manşetli Minimal Logo,1999.99
Shooter Sportswear - Ekru  Erkek Luxe Eşofman Takımı Rahat Kalıp Manşetli Minimal Logo,1999.99
Shooter Sportswear - Lacivert  Erkek Luxe Eşofman Takımı Rahat Kalıp Manşetli Minimal Logo,1999.99
Shooter Sportswear - Siyah  Erkek Luxe Eşofman Takımı Rahat Kalıp Manşetli Minimal Logo,1999.99
Shooter Sportswear - Gri Premium Rahat Kalıp Mevsimlik Yumuşak Dokulu Erkek Eşofman Takımı,1999.99
Shooter Sportswear - Siyah Premium Rahat Kalıp Mevsimlik Yumuşak Dokulu Erkek Eşofman Takımı,1999.99
Shooter Sportswear - Antrasit Klasik Erkek Eşofman Takımı Çıkartılabilir Kapüşonlu Rahat Kalıp,1999.99
Shooter Sportswear - Lacivert Klasik Erkek Eşofman Takımı Çıkartılabilir Kapüşonlu Rahat Kalıp,1999.99
Shooter Sportswear - Vizon Klasik Erkek Eşofman Takımı Çıkartılabilir Kapüşonlu Rahat Kalıp,1999.99
Shooter Sportswear - Siyah Klasik Erkek Eşofman Takımı Çıkartılabilir Kapüşonlu Rahat Kalıp,1999.99
Shooter Sportswear - Yeşil Klasik Erkek Eşofman Takımı Çıkartılabilir Kapüşonlu Rahat Kalıp,1999.99
Shooter Sportswear - Dik Yaka Rahat Form Klasik Paça Erkek Eşofman Takımı,1999.99
Sabri Özel - Erkek Bordo Normal Kesim Regular Fit Yünlü Desenli Bisiklet Yaka Triko Kazak,3999.90
Shooter Sportswear - Gri Premium Dik Yaka  Rahat Form Klasik Paça Erkek Eşofman Takımı,1999.99
Shooter Sportswear - Lacivert Premium Dik Yaka  Rahat Form Klasik Paça Erkek Eşofman Takımı,1999.99
Shooter Sportswear - Siyah Premium Dik Yaka  Rahat Form Klasik Paça Erkek Eşofman Takımı,1999.99
Shooter Sportswear - Petrol Mavisi Premium Dik Yaka  Rahat Form Klasik Paça Erkek Eşofman Takımı,1999.99
Shooter Sportswear - Vizon Premium Dik Yaka  Rahat Form Klasik Paça Erkek Eşofman Takımı,1999.99
Shooter Sportswear - Antrasit Erkek Fermuarlı Kapüşonlu Gizli Cep Detaylı Eşofman Takımı,2499.98
Shooter Sportswear - Yeşil Premium Dik Yaka  Rahat Form Klasik Paça Erkek Eşofman Takımı,1999.99
Shooter Sportswear - Petrol Mavisi Erkek Fermuarlı Kapüşonlu Gizli Cep Detaylı Eşofman Takımı,2499.98
Shooter Sportswear - Siyah Erkek Fermuarlı Kapüşonlu Gizli Cep Detaylı Eşofman Takımı,2499.98
Shooter Sportswear - Lacivert Erkek Fermuarlı Kapüşonlu Gizli Cep Detaylı Eşofman Takımı,2499.98
Altınyıldız Classics - Erkek Siyah Standart Fit Normal Kesim Bisiklet Yaka Triko Basic Kazak,2899.99
Altınyıldız Classics - Erkek Lacivert Pamuklu Standart Fit Normal Kesim Bato Yaka Jakarlı Triko Kazak,1499.99
Altınyıldız Classics - Erkek Bej %100 Pamuk Slim Fit Dar Kesim Düğmeli Yaka Örme Gömlek,1499.99
Altınyıldız Classics - Erkek Haki Standart Fit Normal Kesim Bisiklet Yaka Triko Basic Kazak,2899.99
Altınyıldız Classics - Erkek Su Yeşili Pamuklu Standart Fit Normal Kesim Bisiklet Yaka Jakarlı Triko Kazak,1499.99
Altınyıldız Classics - Erkek Ekru %100 Pamuk Standart Fit Normal Kesim Bato Yaka Jakarlı Triko Kazak,1999.99
Altınyıldız Classics - Erkek Haki Standart Fit Normal Kesim Yarım Balıkçı Yaka Basic Triko Kazak,3249.99
Altınyıldız Classics - Erkek Siyah %100 Pamuk Standart Fit Normal Kesim Bato Yaka Jakarlı Triko Kazak,1999.99
Altınyıldız Classics - Erkek Ekru Pamuklu Standart Fiit Normal Kesim Yarım Balıkçı Yaka Jakarlı Triko Kazak,1499.99
Altınyıldız Classics - Erkek Siyah Pamuklu Standart Fit Normal Kesim Bisiklet Yaka Desenli Triko Kazak,1499.99
Altınyıldız Classics - Erkek Bej Slim Fit Dar Kesim Kırlangıç Yaka Beli Gizli Lastikli Kapak Cepli Ekose Desenli Kruvaze T-,15999.99
Altınyıldız Classics - Erkek Siyah Yumuşak Dokulu Standart Fit Normal Kesim Bisiklet Yaka Triko Kazak,1949.99
Altınyıldız Classics - Erkek Bej Pamuklu Standart Fit Normal Kesim Polo Yaka Jakarlı Triko Kazak,1499.99
Altınyıldız Classics - Erkek Bej Pamuklu Comfort Fit Rahat Kesim Polo Yaka Cepli Tişört,1999.99
Altınyıldız Classics - Erkek Haki Pamuklu Comfort Fit Rahat Kesim Polo Yaka Cepli Tişört,1999.99
Altınyıldız Classics - Erkek Beyaz %100 Pamuk Slim Fit Dar Kesim Polo Yaka Tişört,2499.98
Altınyıldız Classics - Erkek Lacivert %100 Pamuk Slim Fit Dar Kesim Polo Yaka Tişört,2499.98
Altınyıldız Classics - Erkek Siyah %100 Pamuk Slim Fit Dar Kesim Polo Yaka Tişört,2499.98
Altınyıldız Classics - Erkek Siyah Tekli Sneaker Spor Çorap,199.99
Altınyıldız Classics - Erkek Lacivert Pamuklu Comfort Fit Rahat Kesim Polo Yaka Cepli Tişört,1999.99
Altınyıldız Classics - Erkek Antrasit Tekli Sneaker Spor Çorap,199.99
Altınyıldız Classics - Erkek Lacivert Tekli Sneaker Spor Çorap,199.99
Altınyıldız Classics - Erkek Beyaz Tekli Sneaker Spor Çorap,199.99
Altınyıldız Classics - Erkek Beyaz-Lacivert Tekli Babet Çorap,199.99
Altınyıldız Classics - Erkek Siyah-Beyaz Tekli Babet Çorap,199.99
Altınyıldız Classics - Erkek Lacivert-Beyaz Tekli Babet Çorap,199.99
Altınyıldız Classics - Erkek Bej Tekli Babet Çorap,199.99
Altınyıldız Classics - Erkek Siyah Tekli Babet Çorap,199.99
Altınyıldız Classics - Erkek Antrasit Tekli Babet Çorap,199.99
Altınyıldız Classics - Erkek Beyaz Tekli Babet Çorap,199.99
Altınyıldız Classics - Erkek Lacivert Tekli Babet Çorap,199.99
Shooter Sportswear - Siyah Erkek Eşofman Altı Fermuarlı Cepli Slim Fit Paça Ribanalı Spor Eşofman,999.99
Shooter Sportswear - Antrasit Erkek Eşofman Altı Düz Paça Rahat Kesim Torba Cep Basic Günlük Spor Eşofman,999.99
Shooter Sportswear - Lacivert Erkek Eşofman Altı Fermuarlı Cepli Slim Fit Paça Ribanalı Spor Eşofman,999.99
Shooter Sportswear - Gri Erkek Eşofman Altı Düz Paça Rahat Kesim Torba Cep Basic Günlük Spor Eşofman,999.99
Shooter Sportswear - Lacivert Erkek Eşofman Altı Düz Paça Rahat Kesim Torba Cep Basic Günlük Spor Eşofman,999.99
Shooter Sportswear - Gri Erkek Eşofman Altı Fermuarlı Cepli Slim Fit Paça Ribanalı Spor Eşofman,999.99
Shooter Sportswear - Antrasit Erkek Eşofman Altı Fermuarlı Cepli Slim Fit Paça Ribanalı Spor Eşofman,999.99
Shooter Sportswear - Siyah Erkek Eşofman Altı Düz Paça Rahat Kesim Torba Cep Basic Günlük Spor Eşofman,999.99
Shooter Sportswear - Antrasit Erkek Eşofman Altı Rahat Kesim Basic Düz Paça Günlük Spor Eşofman,999.99
Shooter Sportswear - Lacivert Erkek Eşofman Altı Rahat Kesim Basic Düz Paça Günlük Spor Eşofman,999.99
Billabong - Arch Snapback Erkek Mavi Şapka,1199.99
Trendseninle - Erkek Beyaz %100 Organik Pamuk Dokulu Comfort Fit Bisiklet Yakalı Tişört,499.60
Toms - Erkek Espadril 10023173 10023184 ALPARGATA ROPE 2.0 Nautical Stripe,5949.00
TUDORS - Erkek Slim Fit Dar Kesim %100 Pamuk Düz Pike Yaka Ve Kol Detaylı Bej Polo Yaka Tişört,949.97
"Freemen - Erkek Cepli Keten Şort – Rahat Kalıp, Hafif Ve Nefes Alabilir Kumaş",1098.90
TUDORS - Kışlık Kalın Kahverengi Erkek Çorap,284.89
Trendseninle - Beyaz Atatürk Baskılı Pamuklu Tişört,499.60
TUDORS - Erkek Büyük Beden Kısa Kol  Yaka Düğmeli Pamuklu Cepli Düz Gri Gömlek,999.97
TUDORS - Erkek Koyu Vizon Baggy Fit Rahat Kesim Modal Kumaş Soft Doku Beli Bağcıklı Yan Cepli Eşofman Altı,1449.97
TUDORS - Erkek Standart Fit Normal Kesim Fermuarlı Haki Hırka,1399.90
TUDORS - Erkek Slim Fit Dar Kesim %100 Pamuk Beyaz Polo Yaka Tişört,949.97
Camper - Erkek Klasik Ayakkabı K101073-003 Runner Four Brown,9999.00
Stilkombin - Yazlık Uzun Kol Keten Gömlek SPR 16223_40428,1072.36
Trendseninle - Beyaz Yonca Baskılı Tişört,499.60
Stilkombin - Örme Baggy Jogger Pantolon ÖSR 3055_0444,1128.86
Süvari - Haki Regular Düz Bisiklet Yaka Tişört,2799.90
TUDORS - Erkek Kışlık Atkı,414.90
TUDORS - Hakiki Deri Erkek Siyah Cüzdan,1274.90
TUDORS - Hakiki Deri Erkek Kahverengi Cüzdan,1649.97
TUDORS - Hakiki Deri Erkek Siyah Cüzdan,1049.97
TUDORS - Hakiki Deri Erkek Kahverengi Cüzdan,1274.90
TUDORS - Hakiki Deri Erkek Kahverengi Cüzdan,1449.97
TUDORS - Hakiki Deri Erkek Siyah Cüzdan,1169.90
TUDORS - Hakiki Deri Erkek Siyah Cüzdan,1499.97
TUDORS - Erkek Kol Düğmesi,449.97
TUDORS - Hakiki Deri Erkek Kahverengi Cüzdan,1169.90
"TUDORS - Erkek 3'Lü Set 3,5 Cm Klasik Siyah-Kahverengi-Lacivert Kemer",844.90
TUDORS - Klasik Erkek Çorap,224.90
Shooter Sportswear - Antrasit Erkek Rahat Kalıp Eşofman Altı Gizli Cepli Lastikli Bel Günlük Spor Alt,999.99
TUDORS - Klasik Fit Uzun Kollu Pamuklu Kolay Ütü Çizgili Erkek Mavi Gömlek,999.97
Shooter Sportswear - Gri Erkek Rahat Kalıp Eşofman Altı Gizli Cepli Lastikli Bel Günlük Spor Alt,999.99
TUDORS - Desenli Klasik Cep Mendilli Erkek Kravat,399.97
Shooter Sportswear - Siyah Erkek Rahat Kalıp Eşofman Altı Gizli Cepli Lastikli Bel Günlük Spor Alt,999.99
Shooter Sportswear - Lacivert Erkek Rahat Kalıp Eşofman Altı Gizli Cepli Lastikli Bel Günlük Spor Alt,999.99
Shooter Sportswear - Antrasit İki İplik Manşetli Erkek Eşofman Alt,999.99
Shooter Sportswear - Lacivert İki İplik Manşetli Erkek Eşofman Alt,999.99
Shooter Sportswear - Siyah İki İplik Manşetli Erkek Eşofman Alt,999.99
TUDORS - Erkek Slim Fit Dar Kesim %100 Pamuk Jakarlı Düz Yaka Ve Kol Detaylı Siyah Polo Yaka Tişört,999.97
TUDORS - Erkek Standart Fit Normal Kesim Uzun Kollu Ekstra Soft Modal Kumaş Bisiklet Yaka Taş Sweatshirt,869.90
TUDORS - Erkek 2'Li Desenli Patik Çorap,299.97
TUDORS - Erkek Taş Baggy Fit Rahat Kesim Modal Kumaş Soft Doku Beli Bağcıklı Yan Cepli Eşofman Altı,1449.97
TUDORS - Erkek Kahverengi Baggy Fit Rahat Kesim Modal Kumaş Soft Doku Beli Bağcıklı Yan Cepli Eşofman Altı,1449.97
TUDORS - Erkek Regular Fit Rahat Kesim %100 Pamuk Çizgili Keten Efektli Bordo Gömlek,1099.97
Shooter Sportswear - Açık Lacivert Erkek İki İplik Pamuklu Eşofman Altı Regular Kalıp Fermuarlı Günlük Spor Pantolon,999.99
Shooter Sportswear - Bej Erkek Cep Detaylı Jogger Eşofman Altı,1099.99
Shooter Sportswear - Gri Erkek Cep Detaylı Jogger Eşofman Altı,1099.99
Shooter Sportswear - Haki Erkek Cep Detaylı Jogger Eşofman Altı,1099.99
Shooter Sportswear - Lacivert Erkek Cep Detaylı Jogger Eşofman Altı,1099.99
Shooter Sportswear - Gri Erkek Eşofman Altı Rahat Kesim Basic Düz Paça Günlük Spor Eşofman,999.99
Shooter Sportswear - Siyah Erkek Eşofman Altı Rahat Kesim Basic Düz Paça Günlük Spor Eşofman,999.99
Shooter Sportswear - Ekru  Luxe Kalite Pamuklu Mevsimlik Erkek Eşofman Altı,759.99
Stilkombin - Yıkamalı Keten Baggy Pantolon SPR 2313_0445,1072.36
Shooter Sportswear - Füme  Luxe Kalite Pamuklu Mevsimlik Erkek Eşofman Altı,759.99
TUDORS - Erkek Regular Fit Klasik Kesim %100 Pamuk Düz Pike Siyah Polo Yaka Tişört,949.97
Shooter Sportswear - Kahverengi  Luxe Kalite Pamuklu Mevsimlik Erkek Eşofman Altı,759.99
Shooter Sportswear - Yeşil  Luxe Kalite Pamuklu Mevsimlik Erkek Eşofman Altı,759.99
TUDORS - Erkek Regular Fit Klasik Kesim %100 Pamuk Düz Pike Lacivert Polo Yaka Tişört,949.97
TUDORS - Erkek Slim Fit Dar Kesim %100 Pamuk Düz Pike Yaka Ve Kol Detaylı Beyaz Polo Yaka Tişört,949.97
Shooter Sportswear - Lacivert Erkek Eşofman Alt Beli Bağcıklı Arka Cep Detaylı Rahat Kalıp,1099.99
Shooter Sportswear - Siyah Erkek Eşofman Alt Beli Bağcıklı Arka Cep Detaylı Rahat Kalıp,1099.99
Shooter Sportswear - Taş Erkek Eşofman Alt Beli Bağcıklı Arka Cep Detaylı Rahat Kalıp,1099.99
TUDORS - Erkek Slim Fit Dar Kesim %100 Pamuk Siyah Polo Yaka Tişört,949.97
TUDORS - Erkek 3'Lü Paket Lacivert-Gri-Beyaz Slim Fit Dar Kesim Pamuklu Düz Fermuarlı Pike Polo Yaka Tişört,1969.90
Shooter Sportswear - Antrasit  Erkek Eşofman Alt Paça Lastikli Beli Bağcıklı Fermuarlı Cepli Standart Kalıp,1099.99
Shooter Sportswear - Haki  Erkek Eşofman Alt Paça Lastikli Beli Bağcıklı Fermuarlı Cepli Standart Kalıp,1099.99
Shooter Sportswear - Lacivert  Erkek Eşofman Alt Paça Lastikli Beli Bağcıklı Fermuarlı Cepli Standart Kalıp,1099.99
Shooter Sportswear - Siyah  Erkek Eşofman Alt Paça Lastikli Beli Bağcıklı Fermuarlı Cepli Standart Kalıp,1099.99
Shooter Sportswear - Toprak  Erkek Eşofman Alt Paça Lastikli Beli Bağcıklı Fermuarlı Cepli Standart Kalıp,1099.99
TUDORS - Erkek Slim Fit Dar Kesim %100 Pamuk Kısa Kollu Polo Yaka Kırmızı Tişört,799.97
Shooter Sportswear - Lacivert Erkek Eşofman Altı Beli Bağcıklı Paça Lastikli Rahat Kalıp Fermuarlı,1099.99
Shooter Sportswear - Siyah Erkek Eşofman Altı Beli Bağcıklı Paça Lastikli Rahat Kalıp Fermuarlı,1099.99
Shooter Sportswear - Gri Erkek Fermuarlı Üç Cepli İnce Dökümlü Kumaş Rahat Kalıp Klasik Paça Eşofman Alt,849.99
Trendseninle - Erkek Siyah Nope. Baskı Detay %100 Organik Pamuk Örme Oversize Tişört,499.60
Shooter Sportswear - Lacivert Erkek Fermuarlı Üç Cepli İnce Dökümlü Kumaş Rahat Kalıp Klasik Paça Eşofman Alt,849.99
Stilkombin - Düz 2 İp Baggy Eşofman Altı SPR_70135,993.27
Shooter Sportswear - Açık Lacivert Erkek Eşofman Altı Fermuarlı Üç Cepli İnce Dökümlü Kumaş Rahat Kalıp Klasik Paça,849.99
Shooter Sportswear - Antrasit Erkek Eşofman Altı Fermuarlı Üç Cepli İnce Dökümlü Kumaş Rahat Kalıp Klasik Paça,849.99
Shooter Sportswear - Lacivert Erkek Eşofman Altı Fermuarlı Üç Cepli İnce Dökümlü Kumaş Rahat Kalıp Klasik Paça,849.99
Shooter Sportswear - Siyah Erkek Eşofman Altı Fermuarlı Üç Cepli İnce Dökümlü Kumaş Rahat Kalıp Klasik Paça,849.99
Shooter Sportswear - Haki Erkek Fermuarlı Üç Cepli İnce Dökümlü Kumaş Rahat Kalıp Klasik Paça Eşofman Alt,849.99
Trendseninle - Siyah Our Life Baskı %100 Organik Pamuk Kalın Dokulu Comfort Fit Bisiklet Yaka Tişört,499.60
Shooter Sportswear - Haki Erkek Eşofman Altı Rahat Kalıp  Fermuarlı Üç Cepli İnce Dökümlü Kumaş Klasik Paça,849.99
TUDORS - 3'Lü Paket Lacivert Erkek Papyon,549.97
TUDORS - 5'Li Paket Lacivert Erkek Papyon,799.97
TUDORS - 3'Lü Paket Kırmızı Erkek Papyon,549.97
TUDORS - 5'Li Paket Kırmızı-Lacivert-Siyah Erkek Papyon,799.97
TUDORS - 5'Li Paket Armürlü Lacivert Erkek Papyon,799.97
TUDORS - 5'Li Paket Armürlü Lacivert-Siyah-Kırmızı Erkek Papyon,799.97
TUDORS - 5'Li Paket Siyah Erkek Papyon,799.97
TUDORS - 5'Li Paket Kırmızı Erkek Papyon,799.97
TUDORS - 5'Li Paket Armürlü Siyah-Lacivert-Kırmızı Erkek Papyon,799.97
Shooter Sportswear - Siyah Erkek Eşofman Altı Rahat Kalıp  Fermuarlı Üç Cepli İnce Dökümlü Kumaş Klasik Paça,849.99
Shooter Sportswear - Vizon Erkek Eşofman Altı Rahat Kalıp  Fermuarlı Üç Cepli İnce Dökümlü Kumaş Klasik Paça,849.99
Trendseninle - Erkek Beyaz Hawkins Baskı Detay %100 Organik Pamuk Örme Oversize Tişört,499.60
TUDORS - Erkek 10'lu Elastanlı Pamuklu Esnek Kumaş Premium Seri Boxer,2079.90
TUDORS - Erkek Desenli Örme Bej Çorap,309.89
TUDORS - Kışlık Kalın Bordo Erkek Çorap,284.89
TUDORS - Erkek Lacivert Modal Kumaş Soft Doku Beli Bağcıklı Yan Cepli Eşofman Altı,1449.97
TUDORS - Erkek Yeşil Rahat Kesim Modal Kumaş Soft Doku Beli Bağcıklı Yan Cepli Eşofman Altı,1449.97
TUDORS - Erkek Regular Fit Klasik Kesim Kravatlık Yaka Pamuklu Düz Beyaz Gömlek,999.97
TUDORS - Erkek Standart Fit Normal Kesim Fermuarlı Gri Hırka,1399.90
Shooter Sportswear - Açık Haki Erkek Eşofman Altı Fermuarlı Üç Cepli İnce Dökümlü Kumaş Rahat Kalıp Klasik Paça,849.99
Shooter Sportswear - Siyah Erkek Fermuarlı Üç Cepli İnce Dökümlü Kumaş Rahat Kalıp Klasik Paça Eşofman Alt,849.99
Shooter Sportswear - Gri Erkek Eşofman Altı Rahat Kalıp  Fermuarlı Üç Cepli İnce Dökümlü Kumaş Klasik Paça,849.99
Shooter Sportswear - Lacivert Erkek Eşofman Altı Rahat Kalıp  Fermuarlı Üç Cepli İnce Dökümlü Kumaş Klasik Paça,849.99
TUDORS - 5'Li Paket Kırmızı-Siyah-Lacivert Erkek Papyon,799.97
Shooter Sportswear - Siyah Shooter Erkek Eşofman Alt Paça Lastikli Beli Bağcıklı Fermuarlı Cepli Standart Kalıp,749.99
Shooter Sportswear - Haki Shooter Erkek Eşofman Alt Paça Lastikli Beli Bağcıklı Fermuarlı Cepli Standart Kalıp,749.98
TUDORS - Erkek Regular Fit Klasik Kesim %100 Pamuk Düz Pike Beyaz Polo Yaka Tişört,949.97
TUDORS - Erkek Baggy Fit Geniş Kesim %100 Pamuk Beli Lastikli Yandan Cepli Müslin Bej Düz Pantolon,1499.97
TUDORS - Erkek Regular Fit Klasik Kesim %100 Pamuk Düz Pike Gri Polo Yaka Tişört,949.97
TUDORS - Erkek Regular Fit Klasik Kesim %100 Pamuk Düz Pike Lacivert Polo Yaka Tişört,899.97
TUDORS - Erkek Slim Fit Dar Kesim %100 Pamuk Düz Pike Yaka Ve Kol Detaylı Lacivert Polo Yaka Tişört,949.97
TUDORS - Erkek Slim Fit Dar Kesim %100 Pamuk Düz Pike Yaka Ve Kol Detaylı Siyah Polo Yaka Tişört,949.97
Trendseninle - Siyah Atatürk Baskılı Pamuklu Tişört,499.60
TUDORS - Erkek Slim Fit Dar Kesim %100 Pamuk Haki Polo Yaka Tişört,949.97
TUDORS - Erkek 3'lü Paket Turkuaz-Açık Mavi-Yeşil Slim Fit Dar Kesim Pamuklu Düz Pike Polo Yaka Tişört,1754.90
TUDORS - Erkek Slim Fit Dar Kesim %100 Pamuk Koyu Yeşil Polo Yaka Tişört,799.90
TUDORS - Erkek Slim Fit Dar Kesim %100 Pamuk Kısa Kollu Yarım Fermuarlı Siyah Polo Yaka Tişört,949.90
TUDORS - Erkek Slim Fit Dar Kesim %100 Pamuk Kısa Kollu Polo Yaka Yeşil Tişört,799.97
TUDORS - Erkek Standart Fit Normal Kesim Uzun Kollu Ekstra Soft Modal Kumaş Bisiklet Yaka Yeşil Sweatshirt,869.90
Trendseninle - Siyah Yonca Baskılı Tişört,499.60
Freemen - Erkek Kısa Kol Gömlek Pantolon - Nefes Alan Kumaş Yazlık Keten Karışımlı Takım,13990.00
"Freemen - Erkek Keten Şort & Siyah - Beyaz Basic Pamuklu Tişört – Rahat Kalıp, Nefes Alabilir 3Lü Takım",8390.00
Jane's - Bisiklet Yaka Baskılı Oversize T-Shirt - Siyah,616.19
Sabri Özel - Erkek Açık Gri Kruvaze Yaka 6 Drop Klasik Paça Çift Yırtmaçlı Tam Astarlı Dokuma Takım Elbise,5499.00
Sabri Özel - Erkek Lacivert Kruvaze Yaka 6 Drop Klasik Paça Çift Yırtmaçlı Tam Astarlı Dokuma Takım Elbise,5499.00
Sabri Özel - Erkek Açık Lacivert Kruvaze Yaka 6 Drop Klasik Paça Çift Yırtmaçlı Tam Astarlı Dokuma Takım Elbise,5499.00
Shooter Sportswear - Siyah Erkek Cep Detaylı Jogger Eşofman Altı,1099.99
Shooter Sportswear - Koyu Haki Erkek Eşofman Altı Fermuarlı Üç Cepli İnce Dökümlü Kumaş Rahat Kalıp Klasik Paça,849.99
Shooter Sportswear - Siyah Erkek Bisiklet Yaka Tişört Premium Pamuklu Yüksek Kalite Regular Fit,649.99
Shooter Sportswear - Gri Erkek Bisiklet Yaka Tişört Premium Pamuklu Yüksek Kalite Regular Fit,649.99
Shooter Sportswear - Beyaz Erkek Bisiklet Yaka Tişört Premium Pamuklu Yüksek Kalite Regular Fit,649.99
Shooter Sportswear - Lacivert Erkek Bisiklet Yaka Tişört Premium Pamuklu Yüksek Kalite Regular Fit,649.99
Shooter Sportswear - Haki Erkek Bisiklet Yaka Tişört Premium Pamuklu Yüksek Kalite Regular Fit,649.99
Shooter Sportswear - İndigo Erkek Bisiklet Yaka Tişört Premium Pamuklu Yüksek Kalite Regular Fit,649.99
Jane's - 4 Adet Unisex Kaşkorse Boğazlı Full Elastanlı Fitilli Body Kazak,996.66
Shooter Sportswear - Siyah Erkek T-Shirt %100 Pamuk Nefes Alan Bisiklet Yaka Regular Fit,649.99
Shooter Sportswear - Siyah Erkek Basic Tişört Pamuklu Regular Fit Bisiklet Yaka Günlük Düz T-Shirt,579.99
Shooter Sportswear - Gri Erkek T-Shirt %100 Pamuk Nefes Alan Bisiklet Yaka Regular Fit,649.99
Shooter Sportswear - Lacivert Erkek T-Shirt %100 Pamuk Nefes Alan Bisiklet Yaka Regular Fit,649.99
Sabri Özel - Erkek Siyah Lastikli Bel Standart Boy Cepli Düz Paça Viskon Pantolon,2499.00
Shooter Sportswear - Siyah - Yeşil Erkek Basic Tişört Pamuklu Regular Fit Bisiklet Yaka Günlük Düz T-Shirt 2'li Paket,899.99
Sabri Özel - Erkek Bej Lastikli Bel Standart Boy Cepli Düz Paça Viskon Pantolon,2499.00
Shooter Sportswear - Siyah - Yeşil - Krem Erkek Basic Tişört Pamuklu Regular Bisiklet Yaka Günlük Düz T-Shirt 3'lü Paket,1299.99
Shooter Sportswear - Yeşil Erkek Basic Tişört Pamuklu Regular Fit Bisiklet Yaka Günlük Düz T-Shirt,579.99
Shooter Sportswear - Siyah Shooter Erkek Pamuklu T-Shirt Premium Kalite Minimal Tasarım Regular Kalıp,649.99
Madmext - Şerit Detaylı Modern Kesim Erkek Tişört E7182,594.99
Madmext - Ekru Şerit Detaylı Modern Kesim Erkek Tişört E7182,594.99
Polaris 5 Nokta - 109126N.M 6FX Vizon Erkek Rahat Ayakkabı,1699.99
Tarz Cool - Modal Kumaş Erkek Lastikli Bel Rahat Kesim Pantolon,1019.25
Tarz Cool - Erkek Baggy Pantolon Geniş Paça Rahat Kesim Günlük Stil,1019.25
Comstar - Erkek Bol Paça Baggy Pantolon,949.99
Madmext - Polo Yaka Oversize Erkek Tişört E7185,679.99
Madmext - Polo Yaka Oversize Erkek Tişört E7185,799.99
Madmext - Modern Kesim Erkek Tişört E7182,594.99
Tarz Cool - Erkek %100 Pamuk Linen Şort Rahat Kesim Yazlık Şort,944.64
gothamVibes - Erkek Blank Siyah Ayarlanabilir Paça Eşofman Altı,727.99
gothamVibes - Erkek Blank Gri Ayarlanabilir Paça Eşofman Altı,727.99
gothamVibes - Erkek Blank Bordo Ayarlanabilir Paça Eşofman Altı,727.99
gothamVibes - Erkek Blank Lacivert Ayarlanabilir Paça Eşofman Altı,727.99
Jane's - Kısa Kol Bisiklet Yaka Baskılı Tişört,618.30
Jane's - Erkek Baskılı Tişört Kısa Kol Bisiklet Yaka Regular Fit,618.30
Jane's - Erkek Baskılı Tişört Kısa Kol Bisiklet Yaka,618.30
Jane's - Kısa Kollu Triko Tişört %100 Pamuk,871.74
Jane's - Örümcek Baskılı Tişört,616.19
Jane's - Erkek Toka Detaylı Kumaş Pantolon,915.30
Jane's - Erkek Örgü Desen Yakalı Kısa Kollu Triko Tişört %100 Pamuk,871.74
Jane's - Erkek Örümcek Baskılı Tişört Kısa Kollu Bisiklet Yaka Tişört,616.19
Jane's - Erkek %100 Pamuk Polo Yaka Triko Tişört,871.74
Jane's - Erkek Örümcek Baskılı Tişört,616.19
Jane's - Erkek Baskılı Tişört,618.30
Jane's - Ön Bomber Ceket - Siyah,946.35
Jane's - Arka Bomber Ceket - Siyah,946.35
Jane's - Erkek Waffle Kumaş Uzun Kollu Düğmeli Açık Yaka Regular Fit Gömlek - Beyaz,711.36
Jane's - Ön Arka Bomber Ceket - Siyah,946.35
Jane's - Erkek Keten Cepli Pantolon Lastikli Bel Bağcıklı Önden Fermuarlı,1056.65
LCW Vision - Standart Kalıp Erkek Ceket,999.99
LCW STEPS - Erkek Plaj Sandaleti,399.99
Madmext - Füme Basic Erkek Şort Takımı 6729,1104.99
XSIDE - Regular Fit Ekose Erkek Gömlek,499.99
SLAZENGER - NADJA Erkek Cepli Dar Paça Siyah Jogger Eşofman Altı,719.90
LCW STEPS - Bağcıklı Erkek Spor Ayakkabı,999.99
Buratti - Normal Kalıp Kargo Cepli Lastikli Bel Trekking ve Kurye 3'lü Paket Pantolon 693710S3,2124.98
Madmext - Baskılı Sarı Erkek Tişört 4472,399.99
D'S damat - Pijama Tk.Yarım Patlı Uzunkol BORDO,2169.90
LCW Vision - Regular Fit Dokulu Erkek Basic Gömlek,699.99
LCWAIKIKI Classic - Bisiklet Yaka Baskılı Erkek Sweatshirt,279.99
Kiğılı - Uzun Kol Regular Fit Çizgili Düğmeli Yaka Pamuklu Kolay Ütülenebilir Gömlek,899.99
New Obsessions - Geo Unisex Üçgen Şekilli 2 Desenli Geçici Dövme,81.00
TUDORS - Erkek 6'Lı Pamuklu Elastanlı Esnek Kumaş Premium Seri Boxer,924.99
LCW Jeans - 880 Chino Fit Erkek Jean Pantolon,1099.99
C&City - C11006 Erkek Atlet Korse Siyah,739.99
XSIDE - Bisiklet Yaka Kısa Kollu Baskılı Penye Erkek Tişört,199.99
Welder - WWRC1023 47 mm Erkek Kol Saati,10980.00
Oksit - Crash Man African Erkek Oversize Tshirt,359.91
Wesse - WWG206802 Erkek Kol Saati,5300.00
Jane's - Erkek Keten Kumaş Uzun Kollu Rahat Kalıp Gömlek,806.40
Jane's - Erkek Bisiklet Yaka Triko Tişört,806.40
Jane's - Erkek Polo Yaka Triko Tişört,871.74
Jane's - Ön Polar Kazak Dik Yaka - Yeşil,740.97
Jane's - Ön Arka Polar Kazak Dik Yaka - Yeşil,740.97
Jane's - Ön Polar Kazak Dik Yaka - Siyah,740.97
Jane's - Arka Polar Kazak Dik Yaka - Yeşil,740.97
Jane's - Arka Polar Kazak Dik Yaka - Siyah,740.97
Jane's - Ön Arka Polar Kazak Dik Yaka - Siyah,740.97
Jane's - Ön Polar Kazak Dik Yaka - Sarı,740.97
Jane's - Arka Polar Kazak Dik Yaka - Sarı,740.97
Jane's - Ön Arka Polar Kazak Dik Yaka - Sarı,740.97
Jane's - Erkek Kısa Kol Fitilli Triko Tişört,937.08
Jane's - Erkek Yazlık Triko Polo Yaka Tişört,937.08
Jane's - Erkek Yazlık Triko Tişört Kısa Kol Polo Yaka,937.08
Jane's - Erkek Aerobin Kumaş 4 Mevsim Uzun Kollu,806.40
Jane's - Erkek Yazlık Triko Tişört Kısa Kol Polo Yaka Düğmeli,937.08
Jane's - Erkek Uzun Kollu Gömlek,806.40
Jane's - Erkek Baskılı Tişört 2026 Dünya Kupası Taraftar Forma Tişört,616.19
Jane's - Erkek Türkiye World Cup 2026 Baskılı Tişört Futbol Temalı Forma Tişört,616.19
Jane's - Erkek TÜRKİYE Ay Yıldız Baskılı 10 Numara Forma Tişört Taraftar Tişört,616.19
Jane's - Erkek Waffle Kumaş Uzun Kollu Düğmeli Açık Yaka Regular Fit Gömlek,711.36
Jane's - Erkek Baskılı Taraftar Forma Tişört,616.19
Jane's - Erkek Baskılı Tişört Ay Yıldız 2026 Dünya Kupası Taraftar Forma Tişört,616.19
Jane's - Erkek 2026 Dünya Kupası Taraftar Forma Tişört,616.19
Jane's - Erkek Oldmoney Kumaş Pantolon,915.30
Jane's - Erkek Yağmur İtici İç Astarlı Çıtçıtlı Cepli Mevsimlik Ceket,981.00
Jane's - Erkek Duble Kol Basic Tişört,711.36
Jane's - Erkek Triko Polo Yaka Fermuarlı Çizgili Tişört,664.83
Jane's - Erkek 3 İplik Pamuklu Kapüşonlu Baskılı Sweatshirt Hoodie,871.74
Jane's - Erkek Yazlık Fitilli Triko Tişört Kısa Kol Bisiklet Yaka,618.30
Jane's - Erkek Asit Yıkamalı Baskılı Tişört Bisiklet Yaka Kısa Kollu,664.83
Jane's - Erkek Yazlık Fitilli Triko Tişört Kısa Kol,618.30
Jane's - Unisex Bisiklet Yaka Baskılı Oversize Tişört,662.71
Jane's - Erkek Pelüş Polar Hırka,800.46
Jane's - Erkek Bisiklet Yuvarlak Yaka Triko Kazak,576.54
Jane's - Unisex Bisiklet Yaka Baskılı Oversize Tişört,616.19
Jane's - Erkek Fitilli Kadife Cepli Baggy Pantolon,871.74
Jane's - Erkek Polar Kazak,740.97
Jane's - Erkek Uzun Kol Kapüşonlu Basic Hoodie,893.52
Jane's - Erkek Yarım Boğaz Triko Kazak,732.51
Jane's - Premium Kalite Kapüşonlu Dijital Patchli Sweatshirt,915.30
Jane's - Erkek Yarım Boğaz Triko Kazak,728.28
Jane's - Erkek Şişme Fermuarlı Yelek,871.74
Jane's - Erkek Düz Bomber Ceket,946.35
Jane's - Tam Boğazlı Balıkcı Yaka Triko Kazak,732.51
Jane's - Erkek Uzun Kol Kapüşonlu Basic Sweatshirt Hoodie - Gri,893.52
Jane's - Tam Boğazlı Balıkçı Yaka Triko Kazak,732.51
Jane's - Baskılı Oversize Bisiklet Yaka Tişört,652.14
Jane's - Erkek Uzun Kol Kapüşonlu Basic Sweatshirt Hoodie - Lacivert,893.52
Jane's - Erkek Fermuarlı Yaka Fitilli Triko Kısa Kollu Tişört,618.30
Jane's - Erkek Uzun Kol Kapüşonlu Basic Sweatshirt Hoodie,893.52
Jane's - Erkek Baskılı Bisiklet Yaka Erkek Tişört,616.19
Jane's - Erkek Yazlık Triko Dokuma Tişört,871.74
Jane's - Erkek Yazlık Triko Saç Örgü Tişört,937.08
Jane's - Erkek Renkli Yakalı File Desenli Kısa Kollu Tişört,781.15
Jane's - Erkek Üç İplik Düz Bisiklet Yaka SweatShirt - Bej,776.70
Jane's - Erkek Fitilli Triko Dokuma Kısa Kol Tişört,871.74
Jane's - Erkek Yazlık Triko Dokuma Tişört,937.08
Jane's - Erkek Keten Cepli Çıma Dikişli Jogger Buggy Pantolon,871.74
Jane's - Erkek Baskılı Tişort,662.71
Jane's - ERKEK Oversize Baskılı Bisiklet Yaka Tişört,662.71
Jane's - Erkek Kısa Kol Fitilli Triko T-Shirt Yazlık Hakim Yaka Tişört,937.08
Jane's - Erkek Pike Kumaş Düğmeli Yaka Battal Büyük Beden Tişört,734.63
Jane's - Erkek Dokuma Triko Tişört Fermuar Yakalı Yazlık Kısa Kol T-Shirt 2’li Set,992.78
Jane's - Erkek Deniz Şortu Fermuarlı Cepli File Astarlı Hızlı Kuruyan Premium - Kırmızı,618.30
Jane's - Erkek Deniz Şortu Fermuarlı Cepli File Astarlı Hızlı Kuruyan Premium - Kahverengi,618.30
Jane's - Erkek Yazlık Triko Tişört,937.08
Jane's - Erkek Deniz Şortu Fermuarlı Cepli File Astarlı Hızlı Kuruyan Premium - Su Yeşili,618.30
Jane's - Erkek Deniz Şortu Fermuarlı Cepli File Astarlı Hızlı Kuruyan Premium - Sarı,618.30
Jane's - Erkek Deniz Şortu Fermuarlı Cepli File Astarlı Hızlı Kuruyan Premium - Beyaz,618.30
Jane's - Erkek Aerobin Kumaş Oversize 4 Mevsim Uzun Kollu Rahat Kalıp Gömlek - Füme,806.40
Jane's - Erkek Aerobin Kumaş Oversize 4 Mevsim Uzun Kollu Rahat Kalıp Gömlek - Haki,806.40
Jane's - Erkek Deniz Şortu Fermuarlı Cepli File Astarlı Hızlı Kuruyan Premium - Turuncu,618.30
Jane's - Erkek Basic Bisiklet Yaka Kısa Kollu Triko Tişört,773.73
Jane's - Erkek Zikzak Dokulu Yakalı Kısa Kollu Triko,781.15
Jane's - Erkek Aerobin Kumaş Oversize 4 Mevsim Uzun Kollu Rahat Kalıp Gömlek - Bej,806.40
Jane's - Erkek Keten Cepli Pantolon Lastikli Bel Bağcıklı Önden Fermuarlı - Krem,1056.65
Jane's - Erkek KETEN Kumaş Oversize Uzun Kollu Rahat Kalıp Gömlek - Açık Mavi,806.40
Jane's - Erkek KETEN Kumaş Oversize Uzun Kollu Rahat Kalıp Gömlek - Beyaz,806.40
Jane's - Erkek Keten Cepli Pantolon Lastikli Bel Bağcıklı Önden Fermuarlı - Beyaz,1056.65
Jane's - Erkek Armürlü Yarım Oversize Müslin Gömlek,871.74
Jane's - Erkek Pike Kumaş Polo Yaka Desenli Tişört,664.83
Jane's - Erkek Pike Kumaş Polo Yaka Desenli Tişört Kısa Kol Yazlık T-Shirt - Turkuaz,664.83
Jane's - Erkek Pike Kumaş Polo Yaka Palmiye Desenli Tişört,664.83
Jane's - Erkek Örgü Desenli Renkli Kısa Kollu Triko Tişört,781.15
Jane's - Erkek Renk Bloklu Bisiklet Yaka Kısa Kollu Triko Tişört,734.63
Jane's - Uzun Kol Bisiklet Yaka Basic Sweatshirt - Siyah,895.50
Jane's - Uzun Kol Bisiklet Yaka Baskılı Sweatshirt - Siyah,913.32
Jane's - Tam Kalıp Uzun Kol Baskılı Bomber Ceket - Siyah,1089.53
Jane's - Uzun Kol Bisiklet Yaka Basic Sweatshirt - Beyaz,895.50
Jane's - Üç İplik Bisiklet Yaka Baskılı Sweatshirt - Siyah,917.28
Jane's - Uzun Kol Bisiklet Yaka Baskılı Sweatshirt - Beyaz,913.32
Jane's - Erkek Şort Tişört Alt Üst Takım,983.11
Jane's - Unisex Bisiklet Yaka Ön Ve Arka Baskılı Sweatshirt - Siyah,917.28
Jane's - Parçalı Bisiklet Yaka Baskılı Sweatshirt - Bej,911.34
Jane's - Erkek Hemşire Yaka Kısa Kollu Tişört,688.09
Jane's - Erkek Renkli Yaka Kısa Kollu Tişört,688.09
Jane's - Erkek Fermuar Yakalı Çizgi Detaylı Kısa Kollu Tişört,781.15
Jane's - Erkek Basic Kısa Kollu Tişört,664.83
Jane's - İki İplik Kumaş Baskılı Tişört Şortlu Takım,1207.62
Jane's - Erkek Dik Yaka Sweatshirt Dik Yaka Yarım Fermuarlı 3 İplik Şardonlu Pamuk Kumaş - Beyaz,895.50
Jane's - Erkek Bisiklet Yaka Baskılı Kısa Kollu Tişört Streetwear Günlük Pamuklu Tişört,618.30
Jane's - Erkek Dik Yaka Sweatshirt Dik Yaka Yarım Fermuarlı 3 İplik Şardonlu Pamuk Kumaş - Antrasit,895.50
Jane's - Unisex Uzun Kol Baskılı Bomber Ceket - Siyah,1089.53
Jane's - Erkek Yarım Balıkçı Yaka Pamuklu Triko,754.92
Jane's - Erkek Dik Yaka Sweatshirt Dik Yaka Yarım Fermuarlı 3 İplik Şardonlu Pamuk Kumaş - Gri,895.50
Jane's - Erkek Düğmeli Yaka Waffle Kumaş Kısa Kollu Tişört,653.19
Jane's - Unisex Uzun Kol Baskılı Bomber Ceket,1089.53
Jane's - Erkek Şeritli Kapüşonlu Sweatshirt Oversize 3 Iplik Pamuklu - Siyah,806.40
Jane's - Erkek Çizgili Triko Dokuma Bisiklet Yaka Tişört,595.03
Jane's - Tam Kalıp Uzun Kol Baskılı Bomber Ceket,1089.53
Jane's - Erkek Bisiklet Yaka Ön Baskılı Kısa Kollu Tişört,618.30
Jane's - Erkek Yarım Fermuarlı Triko Kazak,664.83
Jane's - Erkek Şeritli Kapüşonlu Sweatshirt Oversize 3 Iplik Pamuklu - Beyaz,806.40
Jane's - Tam Fermuarlı Uzun Kol Baskılı Bomber Ceket - Siyah,1089.53
Jane's - Erkek Oversize Sweatshirt,869.76
Jane's - Tam Fermuarlı Uzun Kol Baskılı Bomber Ceket,1045.03
Jane's - Erkek Ottoman Kumaş Pantolon Gömlek Takım,1150.92
Jane's - İçi Kapitone Astarlı Tam Kalıp Baskılı Bomber Ceket,1089.53
Jane's - Erkek Şişme Kapüşonlu Fermuarlı Mont Su Itici Kapitone Astarlı Kumaş Cepli Kışlık Rahat Kalıp - Krem,1043.10
Jane's - Erkek Zip Yaka Polar Sweat,590.58
Jane's - Kolları Suni Deri Içi Astarlı Oduncu Kolej Içi Ceket - Haki,992.78
Jane's - Erkek Triko Kumaş Yakalı Düğmesiz Açık Yaka Fitilli Kısa Kollu Regular Fit Tişört,595.03
Jane's - Üç İplik Kapüşonlu Ön Ve Arka Baskılı Sweatshirt Hoodie - Siyah,871.74
Jane's - Erkek Oversize Üç İplik Kapüşonlu Sweatshirt,869.76
Jane's - Erkek Bisiklet Yaka Kısa Kol Baskılı Tişört,616.19
Jane's - Erkek Bisiklet Yaka Örme Kazak,676.46
Jane's - Erkek Fitilli Kadife Cepli Buggy Pantolon Oversize Rahat Kalıp - Gri,871.74
Jane's - Üç İplik Kapüşonlu Ön Ve Arka Baskılı Sweatshirt Hoodie - Beyaz,871.74
"Jane's - Oversize Üç İplik Şardonlu Kapüşonlu Sweatshirt – Beyaz “Other Lives” Ön Ve Arka Baskılı, Kanguru Ce",869.76
Jane's - Erkek Fitilli Kadife Cepli Buggy Pantolon Oversize Rahat Kalıp - Kahverengi,871.74
Jane's - Erkek Üç İplik Kapüşonlu Tam Fermuarlı Kanguru Çepli SweatShirt Hoodie - Beyaz,946.35
Jane's - Erkek Waffle Kumaş Tişört,616.32
Jane's - Erkek Wafıl Kumaş Tişört,616.32
Jane's - Erkek Üç İplik Kapüşonlu Tam Fermuarlı Kanguru Çepli SweatShirt Hoodie - Siyah,946.35
Jane's - Erkek Düz Paça Beli Lastikli İpli Günlük Spor Eşofman Altı Rahat Fit - Siyah,772.69
Jane's - Erkek Düz Paça Beli Lastikli İpli Günlük Spor Eşofman Altı Rahat Fit - Lacivert,772.69
Jane's - Erkek Içi Astarlı Fermuarlı Bomber Mont Ceket - Haki,891.54
Jane's - Erkek Üç İplik Kapüşonlu Tam Fermuarlı Kanguru Çepli SweatShirt Hoodie - Haki,946.35
Jane's - Kolları Suni Deri Içi Astarlı Oduncu Kolej Içi Ceket - Bordo,992.78
Jane's - Kolları Suni Deri Içi Astarlı Oduncu Kolej Içi Ceket - Gri,992.78
Jane's - Erkek Üç İplik Kapüşonlu Tam Fermuarlı Kanguru Çepli SweatShirt Hoodie - Gri,946.35
Jane's - Erkek Üç İplik Düz Bisiklet Yaka Sweatshirt - Haki,776.70
Jane's - Erkek Balıkcı Yaka Bağazlı Triko Kazak,576.54
Jane's - Erkek Üç İplik Düz Bisiklet Yaka Sweatshirt,776.70
Jane's - Erkek Üç İplik Düz Bisiklet Yaka Sweatshirt - Beyaz,776.70
Jane's - Erkek Üç İplik Düz Bisiklet Yaka Sweatshirt - Lacivert,776.70
Jane's - Erkek Üç İplik Kapüşonlu Kanguru Cepli SweatShirt Hoodie - Siyah,895.50
Jane's - Erkek Üç İplik Kapüşonlu Kanguru Cepli Sweashirt Hoodie - Beyaz,895.50
Jane's - Erkek Oversize Kapüşonlu Sweatshirt,869.76
Jane's - Erkek Üç İplik Kapüşonlu Ön Ve Arka Baskılı SweatShirt Hoodie - Siyah,871.74
Jane's - Erkek Üç İplik Kapüşonlu Kanguru Cepli SweatShirt Hoodie - Haki,895.50
Jane's - Üç İplik Kapüşonlu Ön Ve Arka Baskılı SweatShirt Hoodie - Siyah,871.74
Jane's - Erkek Mavi Detaylı Şort,774.00
Jane's - Üç İplik Kapüşonlu Ön Ve Arka Baskılı SweatShirt Hoodie - Beyaz,871.74
Jane's - Erkek Flamlı Kumaş Sıfır Kolsuz Atlet,564.84
Jane's - Erkek Oversize Kapüşonlu Sweatshirt – Beyaz Renk Üç İplik İçi Pamuklu Kanguru Cepli Baskılı Hoodie R,869.76
Jane's - Erkek Spor Fitilli Atlet 2li Set Siyah Ve Beyaz Slim Fit Kaşkorse Arka Baskılı Spor Atlet,806.40
Jane's - Erkek Spor Fitilli Atlet 2li Set Siyah Ve Bej Slim Fit Kaşkorse Arka Baskılı Spor Atlet,806.40
Jane's - Erkek Bisiklet Yaka Baskılı Kısa Kollu Tişört,618.30
Jane's - Erkek Spor Fitilli Atlet 2li Set Kahverengi Ve Beyaz Slim Fit Kaşkorse Arka Baskılı Spor Atlet,806.40
Jane's - Erkek örgü Desen Bisiklet Yaka Kazak,776.70
Jane's - Erkek Yarım Boğaz Triko Kazak,664.83
Jane's - Erkek Şişme Kapüşonlu Fermuarlı Mont Su Itici Kapitone Astarlı Kumaş Cepli Kışlık Rahat Kalıp - Haki,1043.10
Jane's - Erkek Atatürk Baskılı Tişört Kısa Kollu Bisiklet Yaka T-Shirt - Siyah,618.30
Puma - Essentials No.1 Logo Kadın Gri Eşofman Altı,2599.00
Jane's - Uzun Kol Bisiklet Yaka Basic Sweatshirt - Füme,895.50
Jane's - Unisex Uzun Kol Bisiklet Yaka Yıkamalı Sweatshirt - Beyaz,1105.56
Jane's - Üç İplik Bisiklet Yaka Baskılı Sweatshirt - Beyaz,917.28
gothamVibes - Erkek Blank Kahverengi Ayarlanabilir Paça Eşofman Altı,727.99
Puma - Classics Cuff Erkek Gri Eşofman Altı,2024.99
Listerine - Total Care Hafif Tat Alkolsüz 250 ml + Le Petit Marseillais Çilek 250 ml,408.00
OGX - Bond Protein Repair Isı Koruyucu Sprey 193 ml,832.90
Listerine - Total Care Hafif Tat Alkolsüz 250 ml + Le Petit Marseillais Vanilya 250 ml,408.00
MSHB&G - Oversize Ekru Unisex T-shirt,570.00
MSHB&G - Oversize Hardal Unisex T-shirt,570.00
Adidas - Seersucker Bej Şapka,1599.00
MSHB&G - Oversize Mint Unisex T-shirt,570.00
MSHB&G - Oversize Pembe Unisex T-shirt,570.00
MSHB&G - Oversize Mavi Unisex T-shirt,570.00
Toms - Erkek Espadril 10023174 ALP FWD Natural Undyed Stitched Stripe,5149.00
Toms - Erkek Espadril 10019869 10019868 SANTIAGO,5949.00
Toms - Erkek Espadril 10023169/20015628 10023176 ALP FWD Recycled Pamuk Canvas,4749.00
Ayakmod - Siyah Beyaz Keten Hafif Esnek Erkek Casual Ayakkabı 2308 M,1600.00
Ayakmod - Siyah Beyaz Hakiki Deri Erkek Casual Ayakkabı 6Y3334-8086 M,6600.00
Ayakmod - Siyah Keten Hafif Esnek Erkek Casual Ayakkabı 2308 M,1600.00
Ayakmod - Kahve Keten Hafif Esnek Erkek Casual Ayakkabı 2308 M,1600.00
Ayakmod - Bej Keten Hafif Esnek Erkek Casual Ayakkabı 2308 M,1600.00
Danger - Erkek Jakarlı %100 Pamuk Dokulu Gömlek Şort Takım Vizon 3016DNGR,1199.99
Danger - Erkek Jakarlı %100 Pamuk Dokulu Gömlek Şort Takım Kahverengi 3016DNGR,1199.99
Danger - Erkek Jakarlı %100 Pamuk Dokulu Gömlek Şort Takım Siyah 3016DNGR,1199.99
Danger - Erkek Jakarlı %100 Pamuk Dokulu Gömlek Şort Takım Bej 3016DNGR,1199.99
Danger - Erkek Jakarlı %100 Pamuk Dokulu Gömlek Şort Takım Lacivert 3016DNGR,1199.99
Ayakmod - Siyah Hakiki Deri Erkek Casual Ayakkabı 2692 M,3060.00
Ayakmod - Siyah Hakiki Deri Erkek Casual Ayakkabı 2675 M,3400.00
Ayakmod - Kahve Hakiki Deri Erkek Casual Ayakkabı 2692 M,3060.00
Ayakmod - Kahve Hakiki Deri Erkek Casual Ayakkabı 2297 M,2375.00
Ayakmod - Lacivert Hakiki Deri Erkek Casual Ayakkabı 2675 M,3060.00
Ayakmod - Kum Nubuk Hakiki Deri Jel Taban Anatomik Erkek Casual Ayakkabı 418 M,2040.00
Ayakmod - Lacivert Nubuk Hakiki Deri Erkek Casual Ayakkabı 6Y3318-179 M,4400.00
Ayakmod - Siyah Bağcıklı Cilt Hafifi Unisex Sneaker 628 G,2250.00
Ayakmod - Siyah Nubuk Hakiki Deri Jel Taban Anatomik Erkek Casual Ayakkabı 419 M,3400.00
Ayakmod - Kum Nubuk Hakiki Deri Erkek Casual Ayakkabı 138 M,2030.00
Ayakmod - Beyaz Hakiki Deri Erkek Casual Ayakkabı 6Y3334-8086 M,3960.00
Abluka Online - Erkek Premium Metal Çerçeve Dikdörtgen Güneş Gözlüğü Altın,799.90
Abluka Online - Unisex Kare Tasarım Kemik Çerçeve Güneş Gözlüğü Siyah,799.90
Abluka Online - Erkek İnce Metal Dikdörtgen Güneş Gözlüğü Siyah,799.90
Abluka Online - Unisex Nova Kemik Çerçeve Oval Gözlük Siyah,799.90
Abluka Online - Erkek Neo Dikdörtgen Metal Çerçeve Güneş Gözlüğü Füme,799.90
Abluka Online - Erkek Modern Pilot Metal Çerçeve Güneş Gözlüğü Siyah,799.90
Abluka Online - Erkek Modern Keskin Dikdörtgen Çerçevesiz Güneş Gözlüğü Siyah,799.90
Abluka Online - Erkek Oval Metal Çerçeve Güneş Gözlüğü Siyah,799.90
Abluka Online - Erkek Neo Dikdörtgen Metal Çerçeve Güneş Gözlüğü Altın,799.90
Abluka Online - Unisex Metal Çerçeveli Kemik Detaylı Güneş Gözlüğü Krem,799.90
Abluka Online - Erkek Vortex Kare Asetat Polarize Güneş Gözlüğü Kahverengi,799.90
Abluka Online - Erkek Zenith Kare Metal Çerçeve Polarize Güneş Gözlüğü Siyah,799.90
Abluka Online - Erkek Dikdörtgen Asetat Çerçeveli Metal Detaylı Güneş Gözlüğü Siyah,799.90
Abluka Online - Erkek Retro Yarım Çerçeve Metal Güneş Gözlüğü Siyah,799.90
Abluka Online - Erkek Retro Geometrik Metal Çerçeve Güneş Gözlüğü Kahverengi,799.90
Abluka Online - Unisex Retro Oval Asetat Çerçeve Güneş Gözlüğü Kahverengi,799.90
Abluka Online - Erkek Retro Yuvarlak Metal Çerçeve Güneş Gözlüğü Siyah,799.90
Abluka Online - Erkek Retro Yuvarlak Metal Çerçeve Güneş Gözlüğü Altın,799.90
Abluka Online - Unisex Apex Dikdörtgen Asetat Çerçeve Güneş Gözlüğü Siyah,799.90
Abluka Online - Erkek Zenith Kare Metal Çerçeve Polarize Güneş Gözlüğü Krem,799.90
Abluka Online - Erkek Orion Geometrik Metal Çerçeve Güneş Gözlüğü Altın,799.90
Abluka Online - Erkek Orion Geometrik Metal Çerçeve Güneş Gözlüğü Siyah,799.90
Abluka Online - Unisex Modern Oval Kemik Çerçeve Güneş Gözlüğü Siyah,799.90
Abluka Online - Unisex Minimal Köşeli Kemik Çerçeve Güneş Gözlüğü Siyah,799.90
Abluka Online - Erkek Vortex Kare Asetat Polarize Güneş Gözlüğü Siyah,799.90
Abluka Online - Unisex Kare Tasarım Kemik Çerçeve Güneş Gözlüğü Gri,799.90
Abluka Online - Erkek Retro Dikdörtgen Metal Çerçeveli Polarize Güneş Gözlüğü Siyah,799.90
Abluka Online - Erkek Sportif Detaylı Gözlük Siyah,599.90
Abluka Online - Erkek Oval Metal Çerçeve Güneş Gözlüğü Altın,799.90
Abluka Online - Erkek Retro Yarım Çerçeve Metal Güneş Gözlüğü Altın,799.90
Abluka Online - Erkek Süper Baggy Pileli Geniş Paça Gabardin Pantolon Açık Kahve,1548.40
Abluka Online - Erkek Süper Baggy Pileli Geniş Paça Gabardin Pantolon Antrasit,1548.40
Abluka Online - Erkek Süper Baggy Pileli Geniş Paça Gabardin Pantolon Lacivert,1548.40
Abluka Online - Erkek Süper Baggy Pileli Geniş Paça Gabardin Pantolon Bej,1548.40
Abluka Online - Erkek Süper Baggy Pileli Geniş Paça Gabardin Pantolon Siyah,1548.40
Abluka Online - Erkek Süper Baggy Pileli Geniş Paça Gabardin Pantolon Koyu Kahve,1548.40
Abluka Online - Erkek Relaxed Fit Jakar Desenli Uzun Kollu Gömlek Kahverengi,1453.40
Abluka Online - Erkek Relaxed Fit Jakar Desenli Uzun Kollu Gömlek Krem,1453.40
Abluka Online - Erkek Oversize Çizgili Keten Karışımlı Uzun Kollu Gömlek Kahverengi,1234.90
Abluka Online - Unisex Eskitme Kuzey Yıldızı Uçlu Zincir Çelik Kolye Siyah/Gümüş,499.90
Abluka Online - Erkek Oversize Esnek Kumaş Basic T-Shirt Bej,997.40
Abluka Online - Unisex Yuvarlak Plaka Uçlu Zincir Çelik Kolye Siyah/Gümüş,499.90
Abluka Online - Unisex Minimal Taş Detaylı Çelik Kolye Siyah/Gümüş,499.90
Abluka Online - Erkek Plaka Uçlu Çelik Kolye Siyah/Gümüş,499.90
Abluka Online - Erkek Şerit Çelik Bileklik Siyah/Gümüş,329.90
Abluka Online - Erkek Gurmet Zincir Çelik Bileklik Gümüş,329.90
Abluka Online - Unisex Nazar Boncuklu Örgü Deri Bileklik Siyah,699.90
Abluka Online - Erkek Spiral Dokulu Çelik Kelepçe Bileklik Gümüş,549.90
Abluka Online - Unisex Küba Zincir Çelik Bileklik Altın,329.90
Abluka Online - Erkek Ejderha Başlı Halat Desenli Çelik Bileklik Gümüş,999.90
Abluka Online - Erkek Burgulu Halat Desenli Bohem Çelik Bileklik Gümüş,999.90
Abluka Online - Unisex Çift Sıra Örgü Zincir Çelik Bileklik Altın,329.90
Abluka Online - Erkek Kalın Yılan Zincir Çelik Bileklik Gümüş,499.90
Abluka Online - Erkek Şerit Çelik Bileklik Gümüş,369.90
Comstar - Erkek Trend Kışlık Içi Kürklü Jean Ceket Bej Siyah,1799.99
SLAZENGER - Polo Yaka Gri Tişört,849.90
SLAZENGER - Erkek Polo Yaka Saks Mavi Tişört,849.90
SLAZENGER - Erkek Polo Yaka Siyah Tişört,849.90
Eda Taşpınar - Nemlendirici Ve Aydınlatıcı Etkili Yüz Spreyi SPF 30 - 200 ml (EGY0079),1950.00
Eda Taşpınar - Ferahlatıcı Etkili Yüz Spreyi SPF 30 - 200 ml (EGY0078),1950.00
Jane's - Samuray Ninja Çift Kapüşonlu ZIP Fermuarlı Kanguru Çepli Tam Fermuarlı Hoodie Swetshirt - Siyah,1181.16
Eda Taşpınar - Canlandırıcı Etkili Yüz Spreyi SPF 30 - 200 ml (EGY0080),1950.00
AVON - AT Color Vitality Renk Koruyucu Şampuan 400 Ml.,219.90
AVON - AT Color Vitality Renk Koruyucu Saç Kremi 250 Ml.,199.90
AVON - AT Color Vitality Renk Koruyucu Saç Bakım Spreyi 100 Ml.,249.90
Tarz Cool - Erkek %100 Pamuk Regular Baskılı Tişört,494.02
SEBOTEKS - %100 Pamuklu Kısa Kollu Cepli Erkek Şortlu Pijama Takımı 2016,729.99
Oksit - Ches Ottoman Oversize Erkek Şort Tişört Takım,1061.91
Jane's - Erkek Müzik Temalı Baskılı Tişört,616.19
Jane's - Erkek Astronot Ay Temalı Tişört,616.19
Jane's - Erkek Minimal Geyik Logolu Tişört,616.19
Jane's - Erkek Minimal Gitar Baskılı Tişört,616.19
Bonbon - Erkek Cepli Ve Astarlı Deniz Şortu Siyah Desenli Bb2366,1349.91
Jane's - Erkek Deniz Şortu Fermuarlı Cepli File Astarlı - Turuncu,618.30
Bonbon - Erkek Cepli Ve Astarlı Deniz Şortu Mavi Desenli Bb2364,1349.91
Jane's - Unisex Bisiklet Yaka Baskılı Oversize T-Shirt - Siyah,616.19
Seiko - SEIRPH85K Erkek Kol Saati,17850.00
U.S. POLO ASSN. - USPA1049-04 Erkek Kol Saati,1676.40
U.S. POLO ASSN. - USPA1097-01 Erkek Kol Saati,2109.60
Seiko 5 - S5-SRPD61K Erkek Kol Saati,19000.00
Jane's - Unisex Kapüşonlu Üç İplik Oversize Baskılı Sweatshirt - Beyaz,913.32
TONNY BLACK - Erkek Bej Eva Taban Rahat Kalıp Günlük Spor Ayakkabı,799.97
Walkway - Siyah Hafif Esnek Kilit Bağcıklı Erkek Spor Ayakkabı Bertina M,2280.00
Guja - Haki Hafif Esnek Erkek Casual Ayakkabı 26Y518 M,3710.00
TONNY BLACK - Erkek Bej Esnek Konforlu Rahat Kalıp Spor Ayakkabı,749.97
Walkway - Bej Hafif Esnek Kilit Bağcıklı Erkek Spor Ayakkabı Bertina M,2280.00
Walkway - Füme Hafif Esnek Kilit Bağcıklı Erkek Spor Ayakkabı Bertina M,2280.00
Guja - Siyah Hafif Esnek Erkek Casual Ayakkabı 26Y518 M,3710.00
Guja - Bej Hafif Esnek Erkek Casual Ayakkabı 26Y518 M,3710.00
Haşema - Erkek Toka Detaylı Haki Eva Plaj Terliği 23702,1109.90
Guja - Siyah Fileli Esnek Hava Alabilen Erkek Casual Ayakkabı 26Y514 M,4140.00
Haşema - Erkek Haki Eva Plaj Terliği 23701,989.90
Slipstop - Black Kaydırmaz Havuz ve Unisex Deniz Ayakkabısı SS16140039,427.49
Letoon - Erkek Günlük Rahat Spor Ayakkabı,1200.00
Polaris 5 Nokta - 109136N.M Lacivert Erkek Comfort Ayakkabı,2124.98
Polaris 5 Nokta - 109181.M Siyah Erkek Terlik,1444.99
Polaris 5 Nokta - 109181.M Kahverengi Erkek Terlik,1444.99
Abluka Online - Erkek Baggy Fit Yıkamalı Jean Pantolon Mavi,1168.40
Walkway - Siyah Hafızalı Taban Hafif Esnek Unisex Spor Ayakkabı Muveon M,3192.00
Walkway - Beyaz Hafızalı Taban Hafif Esnek Unisex Spor Ayakkabı Muveon M,3192.00
Walkway - Bej Fileli Hafif Esnek Hafızalı Taban Erkek Spor Ayakkabı Flexion M,3192.00
Walkway - Siyah Beyaz Fileli Hafif Esnek Hafızalı Taban Erkek Spor Ayakkabı Flexion M,3192.00
Walkway - Beyaz Gümüş Fileli Hafif Esnek Hafızalı Taban Erkek Spor Ayakkabı Flexion M,3192.00
Walkway - Siyah Beyaz Fileli Hafif Esnek Hafızalı Taban Unisex Spor Ayakkabı Flexnova M,3990.00
Walkway - Bej Fileli Hafif Esnek Hafızalı Taban Unisex Spor Ayakkabı Flexnova M,3192.00
Walkway - Füme Triko Hafif Unisex Spor Ayakkabı Pına 101 G,1440.00
Walkway - Bej Fileli Hafif Esnek Hafızalı Taban Unisex Spor Ayakkabı Flystep G,3192.00
Walkway - Siyah Beyaz Fileli Hafif Esnek Hafızalı Taban Unisex Spor Ayakkabı Flystep G,3192.00
Walkway - Siyah Fileli Hafif Esnek Hafızalı Taban Unisex Spor Ayakkabı Flystep G,3192.00
John May - Erkek Sneaker OG-9144 1575-1570 Laci Asel-Kırık Beyaz Asel,4749.00
Jane's - Unisex Kapüşonlu Üç İplik Oversize Baskılı Kapüşonlu Sweatshirt - Siyah,913.32
Abluka Online - Erkek Slim Fit Bisiklet Yaka Basic T-Shirt Siyah,1168.40
John May - Erkek Sneaker OG-437 Siyah-Gri,4599.00
Abluka Online - Erkek Regular Fit Çizgili Triko Polo Yaka T-Shirt Lacivert,1139.90
John May - Erkek Sandalet OG-146 923 Gri Havlu Nubuk,3499.00
Fly Flot - Erkek Panduf 22 646 JD CLOTH MAN FULL_SLIPPER 2001-Blue,1999.40
IGI&Co - Erkek Sandalet 1137722 UFK 11377 FUSSB.VITELLO Safari,5499.00
John May - Erkek Sneaker OG-437 Beyaz-Taba,4599.00
Camper - Erkek Sandalet K101048-006 Karst Sandal Multicolor,5999.00
Camper - Erkek Sneaker K101084-002 Drift Trail Multicolor,9999.00
Toms - Erkek Espadril 10020792 - BLK HRTG CNVS MN ACLASS ESP,4349.00
Toms - Erkek Espadril 10020785 10020786 10020787 ALPARGATA CLASSIC,4349.00
Camper - Erkek Sneaker K101097-005 Drift Walk Blue,8499.00
John May - Erkek Siyah Loafer OG-570 Siyah Flother,5049.00
John May - Erkek Loafer OG-481 Suggero Süet,4599.00
John May - Erkek Lacivert Loafer OG-481 Laci Süet,4599.00
John May - Erkek Loafer OG-570 Laci Süet,5049.00
John May - Erkek Loafer OG-481 Kahve Süet,4599.00
John May - Erkek Loafer OG-570 Kahve Süet,5049.00
U.S. POLO ASSN. - USPA1023-07 Erkek Kol Saati,1843.20
U.S. POLO ASSN. - USPA1111-03 Erkek Kol Saati,4580.00
U.S. POLO ASSN. - USPA1068-09 Erkek Kol Saati,2044.80
Vergelio - Erkek Cüzdan & Kartlık 1701 Purse Matte Crystal wallet card holder,1949.00
John May - Erkek Loafer OG-570 Suggero Süet,5049.00
Lumberjack - Cüzdan Erkek Siyah STD DERI DKY,531.24
Lumberjack - STD DERI YTY  6FX Siyah Erkek Cüzdan,573.74
Boss Watches - HB1514236 Erkek Kol Saati,29640.00
Tommy Hilfiger - TH1710426 Erkek Kol Saati,4859.39
Vergelio - Erkek Cüzdan & Kartlık 866 Purse Matte Crystal wallet card holder,1799.00
igs - Dar Kalıp Polo Yaka Düz Kısa Kollu Triko Tişört,2070.00
Abluka Online - Erkek Pamuklu Modal Lastikli Boxer Lacivert,299.89
Abluka Online - Erkek Pamuklu Modal Lastikli Boxer Füme,299.89
Abluka Online - Erkek Pamuklu Modal Lastikli Boxer Siyah,299.89
Abluka Online - Erkek Relaxed Fit Jakar Desenli Bağcıklı Pantolon Ekru,1424.90
Abluka Online - Erkek Relaxed Fit Jakar Desenli Bağcıklı Şort Kahverengi,1139.90
Abluka Online - Erkek Relaxed Fit Jakar Desenli Bağcıklı Şort Siyah,1139.90
Abluka Online - Erkek Relaxed Fit Jakar Desenli Bağcıklı Şort Krem,1139.90
Remsa - Erkek Kısa Kol Pamuklu Pijama Takımı 260425 Bordo02,679.90
Remsa - Erkek Kısa Kol Pamuklu Suprem Pijama Takımı 240328 Antrasit,729.90
Abluka Online - Erkek Regular Fit Saç Örgü Pamuklu Triko Polo Yaka T-Shirt Lacivert,1424.90
Fullamoda - Çizgili Fitilli Kısa Kollu Gömlek,459.99
Abluka Online - Erkek Oversize Örme Kumaş Nakış Detaylı Basic T-Shirt Siyah,1234.90
Remsa - Erkek Kısa Kol Pamuklu Pijama Takımı 7969 Bordo01,679.90
Remsa - Erkek Kısa Kol Modal Pijama Takımı 250152 Gri,699.90
Tarz Cool - Erkek Baggy Fit Old Money Cep Detaylı Pantolon,1042.48
IGI&Co - Erkek Klasik Ayakkabı 1103788 URT 11037 FUSSBETT VITELLO Nero(Black),5849.00
Genius Store - Erkek Tişört Basic Bisiklet Yaka Tişört Rahat Kesim Dökümlü Günlük Spor Tshirt GARNİ-5050,503.99
Remsa - Erkek Kısa Kol Pamuklu Pijama Takımı 7956 Siyah,1940.00
Remsa - Büyük Beden Erkek Kısa Kol Modal Pijama Takım 250180 Bordo03,2080.00
Remsa - Erkek Kısa Kol Şort Biye Detay Waffle Kumaş Pijama Takımı 260104 Antrasit,2080.00
Remsa - Erkek Kısa Kol Şort Biye Detay Waffle Kumaş Pijama Takımı 260102 Mint,2080.00
Koza İç Giyim - Erkek Pamuklu Ekose Desenli Kısa Kollu Cepli Şortlu Pijama Takımı,599.90
Remsa - Erkek Kısa Kol Şort Biye Detay Waffle Kumaş Pijama Takımı 260103 Açık Gri,2080.00
United Colors Of Benetton - Erkek Yeşil  %100 Pamuk Regular Fit Logo  Nakışlı T-Shirt,1999.99
United Colors Of Benetton - Erkek Gri  %100 Pamuk Regular Fit Logo  Nakışlı T-Shirt,1999.99
United Colors Of Benetton - Erkek Bordo %100 Pamuk Logolu Bisiklet Yaka T-Shirt,1499.99
United Colors Of Benetton - Erkek Saks Mavi %100 Pamuk Logolu Bisiklet Yaka T-Shirt,1499.99
United Colors Of Benetton - Erkek Beyaz  %100 Pamuk Regular Fit Grafik Baskılı T-Shirt,1999.99
United Colors Of Benetton - Erkek Haki  %100 Pamuk Regular Fit Grafik Baskılı T-Shirt,1999.99
United Colors Of Benetton - Erkek Kahverengi  %100 Pamuk Regular Fit Bisiklet Yaka T-Shirt,1499.99
United Colors Of Benetton - Erkek Antrasit  %100 Pamuk Regular Fit Bisiklet Yaka T-Shirt,1499.99
United Colors Of Benetton - Erkek Taş  %100 Pamuk Regular Fit Bisiklet Yaka T-Shirt,1499.99
Lumberjack - Siyah Erkek Kısa Kol T-Shirt,871.24
Lumberjack - Erkek Kısa Kol T-Shirt,871.24
Lumberjack - Yeşil Erkek Şort,1041.24
Lumberjack - Erkek Şort,1041.24
Kinetix - Erkek Şort,526.99
Kinetix - Erkek Şort,654.49
Fullamoda - Jakarlı Kısa Kollu Gömlek,549.99
Fullamoda - Basic Bisiklet Yaka Oversize Tişört,379.99
Tarz Cool - Erkek Kargo Cepli Lastikli Bel Günlük Şort,494.25
Fullamoda - Basic Düğmeli Gömlek,719.99
Sabri Özel - Giotelli Erkek Ekru Normal Kesim Regular Fit %100 Pamuk Örme Bisiklet Yaka Sweatshirt,3999.00
Sabri Özel - Giotelli Erkek Lacivert Normal Kesim Regular Fit %100 Pamuk Örme Bisiklet Yaka Sweatshirt,3999.00
Sabri Özel - Giotelli Erkek Siyah Normal Kesim Regular Fit %100 Pamuk Örme Bisiklet Yaka Sweatshirt,3999.00
Sabri Özel - Giotelli Erkek Beyaz Normal Kesim Regular Fit %100 Pamuk Örme Bisiklet Yaka Sweatshirt,3999.00
Remsa - Büyük Beden Erkek Kısa Kol Süprem Pamuklu Pijama Takımı 250003 Siyah,2080.00
Abluka Online - Erkek Oversize Rahat Kalıp Kruvaze Takım Elbise Antrasit,3499.90
Stilkombin - Flamlı Baggy Jogger Pantolon MM 260_0442,948.41
Stilkombin - Diagonel Kumaş Yakalı Fermuarlı Mevsimlik Mont PLDP 3031_60391,1445.50
Stilkombin - Basket Düğmesiz Yazlık Gömlek Quk 6828_40427,869.30
Fullamoda - Beli Lastikli Cebi Fermuarlı Kapri,459.99
Fullamoda - Baskılı Beli Lastikli Fermuar Cepli Kapri,459.99
Fullamoda - Şeritli Beli Lastikli Fermuar Cepli Kapri,459.99
Fullamoda - Beli Lastikli Biyeli Cebi Fermuarlı Kapri,459.99
Tarz Cool - Erkek Slim Fit Körüklü Jogger Paçası Lastikli Pantolon,524.25
Fullamoda - Büyük Beden Beli Lastikli Nakışlı Kapri,459.99
Madmext - Lacivert Fermuar Yaka Renk Bloklu Uzun Kollu Kazak 7262,849.99
Stilkombin - Yakalı Fermuarlı Mevsimlik Mont PLDP 3033_60390,1535.90
AVON - Attraction Deep Instinct Erkek Parfüm Edt 75 Ml.,799.90
AVON - Full Speed Max Turbo Erkek Parfüm Edt 100 Ml.,599.90
Remsa - Erkek Kısa Kol Şortlu Bambu Pijama Takımı 260021 Haki02,2200.00
Remsa - Erkek Önü Yarım Düğmeli Kısa Kol Modal Pijama Takımı 7978 Bordo,2000.00
Remsa - Erkek Kısa Kol Kaprili Modal Pijama Takımı 260025 İndigo01,2080.00
Remsa - Erkek Kısa Kol Şortlu Bambu Pijama Takımı 260017 Mint,2200.00
Remsa - Erkek Kısa Kol Şortlu Bambu Pijama Takımı 260023 İndigo,2200.00
Remsa - Erkek Kısa Kol Şortlu Bambu Pijama Takımı 260019 Kahverengi,2200.00
Remsa - Erkek Kısa Kol Kaprili Modal Pijama Takımı 260031 Lacivert01,2080.00
Remsa - Büyük Beden Erkek Kısa Kol Süprem Pamuklu Pijama Takımı 250007 Bordo,2080.00
Remsa - Erkek Kısa Kol Şortlu Bambu Pijama Takımı 260018 Haki,2200.00
Remsa - Erkek Kısa Kol Kaprili Modal Pijama Takımı 260026 Gri,2079.00
Remsa - Erkek Kısa Kol Kaprili Modal Pijama Takımı 26008 Çağla Yeşili,2079.00
Remsa - Erkek Kısa Kol Şortlu Bambu Pijama Takımı 260022 Lacivert,2200.00
Remsa - Erkek Kısa Kol Kaprili Modal Pijama Takımı 260030 Siyah02,2079.00
Remsa - Erkek Kısa Kol Kaprili Modal Pijama Takımı 260032 Açık Haki,2080.00
AVON - Full Speed Max Turbo Erkek Rollon 50 Ml.,199.90
Fullamoda - Beli Lastikli Cepli Şort,459.99
Fullamoda - Beli Lastikli Çimalı Cepli Şort,419.99
Fullamoda - Fitilli Beli Lastikli Bağlamalı Şort,329.99
Fullamoda - Şeritli Baskılı Beli Bağlamalı Şort,459.99
Fullamoda - Coolstyle Etiketli Beli Lastikli Şort,459.99
Fullamoda - Beli Lastikli Kabartma Baskılı Şort,419.99
Fullamoda - Beli Lastikli Keten Görünümlü Cepli Şort,549.99
Fullamoda - Beli Lastikli Bağcıklı Kabartma Baskılı Şort,459.99
Fullamoda - Coolstyle Adrenalıne Baskılı Beli Lastikli Şort,459.99
Fullamoda - Çizgili Fitilli Beli Lastikli Şort,329.99
Fullamoda - Beli Bağlamalı Baskılı Şort,419.99
Kiğılı - 6 Drop Regular Fit Standart Kesim Mono Yaka Elastanlı Düz Takım Elbise,4999.00
Madmext - Beyaz Erkek Şort Takım 5213,1190.99
Tarz Cool - Erkek Oval Etek Geniş Yaka %100 Pamuk Kısa Kollu Tişört,448.91
Lumberjack - Haki Erkek Kısa Kol T-Shirt,871.24
Fullamoda - Basic Bisiklet Yaka Modal Tişört,289.99
Oksit - JR TEKWS Baskılı Scuba Elastanlı Muscle Fit Bisiklet Yaka Tişört,656.91
Fullamoda - Armalı Bisiklet Yaka Tişört,459.99
Fullamoda - Yarım Fermuarlı Polo Yaka Tişört,549.99
Fullamoda - Yarım Fermuarlı Çizgili Polo Yaka Tişört,549.99
Fullamoda - Tek Cepli Polo Yaka Tişört,629.99
Fullamoda - Think Different Baskılı Bisiklet Yaka Modal Tişört,459.99
Fullamoda - Ontour Yazı Baskılı Bisiklet Yaka Tişört,419.99
Fullamoda - Bisiklet Yaka Armalı Pike Tişört,629.99
Fullamoda - Basic Bisiklet Yaka Tişört,289.99
Fullamoda - Çizgili Bisiklet Yaka Tişört,459.99
Madmext - Siyah Slim Fit Polo Yaka Triko Erkek Tişört E7491,799.99
Madmext - Kahverengi Slim Fit Polo Yaka Triko Erkek Tişört E7491,799.99
Madmext - Antrasit Slim Fit Polo Yaka Triko Erkek Tişört E7491,799.99
Madmext - Taş Rengi Slim Fit Polo Yaka Triko Erkek Tişört E7491,799.99
Madmext - Mürdüm Slim Fit Polo Yaka Triko Erkek Tişört E7472,699.99
Madmext - Siyah Yarım Fermuar Detaylı Polo Yaka Erkek Tişört E7184,699.99
Madmext - Lacivert Yarım Fermuar Detaylı Polo Yaka Erkek Tişört E7184,699.99
Madmext - Bej Yarım Fermuar Detaylı Polo Yaka Erkek Tişört E7184,699.99
Madmext - Açık Gri Yarım Fermuar Detaylı Polo Yaka Erkek Tişört E7184,699.99
Madmext - Ekru Yarım Fermuar Detaylı Polo Yaka Erkek Tişört E7184,699.99
Madmext - Siyah Delikli Polo Yaka Erkek Triko Tişört E7495,799.99
Madmext - Kahverengi Delikli Polo Yaka Erkek Triko Tişört E7495,799.99
Madmext - Taş Rengi Delikli Polo Yaka Erkek Triko Tişört E7495,799.99
Madmext - Beyaz Delikli Polo Yaka Erkek Triko Tişört E7495,799.99
Madmext - Siyah Yarım Fermuar Detaylı Polo Yaka Triko Erkek Tişört E7492,799.99
Madmext - Beyaz Yarım Fermuar Detaylı Polo Yaka Triko Erkek Tişört E7492,799.99
Madmext - Kahverengi Yarım Fermuar Detaylı Polo Yaka Triko Erkek Tişört E7492,799.99
Madmext - Lacivert Yarım Fermuar Detaylı Polo Yaka Triko Erkek Tişört E7492,799.99
Madmext - Taş Rengi Yarım Fermuar Detaylı Polo Yaka Triko Erkek Tişört E7492,799.99
Madmext - Mürdüm Yarım Fermuar Detaylı Polo Yaka Triko Erkek Tişört E7492,799.99
Fullamoda - Basic Fitilli Bisiklet Yaka Tişört,379.99
Abluka Online - Erkek Fermuarlı Portföy Uzun Cüzdan Siyah,1299.90
Jane's - Erkek Kore Parmak Kalp Aşk Temalı Minimal Baskılı Tişört Yazlık Kısa Kol T-Shirt - Siyah,616.19
Jane's - Erkek Köpek Figürlü Minimal Baskılı Tişört Kısa Kol Yazlık T-Shirt - Beyaz,616.19
Jane's - Erkek Köpek Figürlü Minimal Baskılı Tişört Kısa Kol Yazlık T-Shirt - Siyah,616.19
Jane's - Erkek Minimal Kedi Çizim Baskılı Tişört Kısa Kol Yazlık T-Shirt - Siyah,616.19
Jane's - Erkek Minimal Gülümseyen Yüz Baskılı Tişört Kısa Kol Yazlık T-Shirt - Beyaz,616.19
Jane's - Erkek Minimal Kedi Çizim Baskılı Tişört Kısa Kol Yazlık T-Shirt - Beyaz,616.19
Jane's - Erkek Minimal Gülümseyen Yüz Baskılı Tişört Kısa Kol Yazlık T-Shirt - Siyah,616.19
Abluka Online - Erkek Hakiki Deri Rfid Korumalı Kimlik Bölmeli Cüzdan Füme,699.90
Jane's - Erkek Motosiklet Baskılı Tişört Bisiklet Yaka Kısa Kol Yazlık T-Shirt - Beyaz,616.19
Jane's - Erkek Minimal Geyik Logolu Tişört Bisiklet Yaka Kısa Kol Yazlık T-Shirt - Beyaz,616.19
Abluka Online - Erkek Hakiki Deri Rfid Korumalı Kimlik Bölmeli Cüzdan Siyah,699.90
Jane's - Erkek Motosiklet Baskılı Tişört Bisiklet Yaka Kısa Kol Yazlık T-Shirt - Siyah,616.19
Jane's - Erkek Kuğu Figürlü Soru İşareti Baskılı Tişört Kısa Kol T-Shirt - Siyah,616.19
Abluka Online - Erkek Hakiki Deri Rfid Korumalı Kimlik Bölmeli Cüzdan Koyu Kahve,699.90
Jane's - Erkek Kuğu Figürlü Soru İşareti Baskılı Tişört Kısa Kol T-Shirt - Beyaz,616.19
Abluka Online - Unisex Hakiki Deri Fermuarlı Uzun Cüzdan Siyah,2199.90
Jane's - Erkek Çizgili Polo Yaka Tişört Kısa Kol Yazlık T-Shirt Regular Fit - Mavi,664.83
Jane's - Erkek Flamlı Penye Çizgili Polo Yaka Tişört Kısa Kol Yazlık T-Shirt - Gri,664.83
Jane's - Erkek Pike Kumaş Çizgili Polo Yaka Tişört Kısa Kol Yazlık T-Shirt - Lacivert,664.83
Jane's - Erkek Pike Kumaş Gül Kurusu Çizgili Polo Yaka Tişört Kısa Kol T-Shirt - Siyah,664.83
Jane's - Erkek Kore Parmak Kalp Aşk Temalı Minimal Baskılı Tişört Yazlık Kısa Kol T-Shirt - Beyaz,616.19
AVON - TTA Love Quartz Kadın Vücut Kremi 200 Ml.,350.00
AVON - TTA Nemlendirici Vücut Kremi 200 Ml.,199.90
Ayakmod - Turuncu Hafif Esnek Büyük Boy 3'lü Ayakkabı Çekeceği,499.00
AVON - Attraction Nemlendirici Vücut Kremi 200 Ml.,199.90
Ayakmod - Turuncu Hafif Esnek Büyük Boy Ayakkabı Çekeceği,299.00
Fullamoda - Baskılı Beli Lastikli Bağlamalı Şort,419.99
Billabong - Wasted Times Lb Erkek Mavi Volley Short,1299.99
Abluka Online - Erkek Hakiki Deri Organizer Üç Fermuarlı El Çantası Siyah,1999.90
Abluka Online - Erkek Fermuarlı Portföy Uzun Cüzdan Taba,1299.90
Abluka Online - Erkek Hakiki Deri Üç Fermuarlı El Çantası Koyu Kahve,1999.90
Abluka Online - Erkek Hakiki Deri Organizer Üç Fermuarlı El Çantası Kahverengi,1999.90
Abluka Online - Erkek Hakiki Deri İnce Tasarım Kartlık Siyah,499.90
Abluka Online - Erkek Dokulu Deri Kartlık Haki,299.89
Abluka Online - Erkek Dokulu Deri Kartlık Kahverengi,299.89
Abluka Online - Erkek Dokulu Deri Kartlık Lacivert,299.89
Abluka Online - Erkek Dokulu Deri Kartlık Koyu Kahve,299.89
Abluka Online - Erkek Dokulu Deri Kartlık Siyah,299.89
Abluka Online - Erkek Dokulu Deri Kartlık Füme,299.89
Abluka Online - Erkek Hakiki Deri İnce Tasarım Kartlık Koyu Kahve,499.90
Abluka Online - Erkek Hakiki Deri Çıtçıtlı Mekanizmalı Kartlık Kahverengi,499.90
Fullamoda - Beli Lastikli Cebi Fermuarlı Şort,419.99
Tommy Hilfiger - THJ2790521 Erkek Bileklik,5580.00
HYMAN - Erkek Oversize Modal Gömlek,799.92
BlackBörk - Kids Sincap Logolu Beyaz Çocuk Beyzbol Şapka,1199.00
BlackBörk - Kids Aslan Logolu Beyaz Çocuk Beyzbol Şapka,1199.00
BlackBörk - Kids Kartal Logolu Beyaz Çocuk Beyzbol Şapka,1199.00
BlackBörk - Boss Logolu Unisex Siyah Siperli-Beyaz Şapka (Cap),1499.00
BlackBörk - Panter Logolu Siyah-Beyaz Trucker Şapka,1499.00
BlackBörk - Logolu Siyah-Beyaz Trucker Şapka,1499.00
BlackBörk - Bengal Kaplan Logolu Siyah-Beyaz Trucker Şapka,1499.00
BlackBörk - Never Give Up Logolu Siyah-Beyaz Trucker Şapka,1499.00
Calvin Klein - CK25200547 Erkek Kol Saati,10030.00
U.S. POLO ASSN. - USPA1068-07 Erkek Kol Saati,1841.40
Welder - WWRC1005 47 mm Erkek Kol Saati,11050.00
U.S. POLO ASSN. - USPA1147-01 Erkek Kol Saati,6090.00
LCW BUSINESS - Standart Kalıp Erkek Pantolon,1099.99
Toms - Erkek Espadril 10019875 10019866 10019870 10019899 ALPARGATA ROPE 2.0,5549.00
IGI&Co - Erkek Sneaker 7623211 UNG 76232 FIO.BOTT.MARTIN Bianco,4849.39
IGI&Co - Erkek Sandalet 7648000 UPL 76480VITEL. SCIROCCO Nero,3763.40
IGI&Co - Erkek Sneaker 7608100 URT 76081 TES.FLYKNIT Nero,4475.00
Seiko - SEIRK047P Erkek Kol Saati,9206.40
Seiko - SEINE527P Erkek Kol Saati,10627.20
Comstar - Erkek Günlük Yazlık Çizgili Bol Gri Eşofman Altı,829.90
Comstar - Erkek Günlük Yazlık Çizgili Bol Haki Eşofman Altı,829.90
LCW SWIMWEAR - Diz Hizası Boy Regular Fit Erkek Deniz Şortu,799.99
Seiko 5 - S5-SRPD53K Erkek Kol Saati,19000.00
U.S. POLO ASSN. - USPA1144-02 Erkek Kol Saati,6140.00
Comstar - Erkek Günlük Çizgili Pamuklu Beyaz Polo Yaka Tişört,629.90
Comstar - Erkek Günlük Çizgili Pamuklu Kırmızı Polo Yaka Tişört,629.90
Comstar - Erkek Günlük Çizgili Pamuklu Gri Polo Yaka Tişört,629.90
Seiko - SEIRPH89K Erkek Kol Saati,17850.00
Seiko - SEIRPD37J Erkek Kol Saati,26650.00
Seiko - SEIRPH87K Erkek Kol Saati,17850.00
Seiko - SEIUR399P Erkek Kol Saati,10700.00
Seiko 5 - S5-SRPD55K Erkek Kol Saati,19000.00
Seiko - SEIUR449P Erkek Kol Saati,13650.00
Camper - Erkek Sneaker K101114-002 Peu Path+ Black,8499.00
Camper - Erkek Sneaker K100937-022 Pelotas Soller White,7499.00
Camper - Erkek Terlik K101091-001 Lluc Sandal Black,6999.00
Camper - Erkek Terlik K101091-002 Lluc Sandal Brown,6999.00
Camper - Erkek Sneaker K101107-001 TWS White,8999.00
Camper - Erkek Sneaker K101069-009 Karst 2 Multicolor,10599.00
Camper - Erkek Sneaker K101100-001 Peu Path+ White,7999.00
Camper - Erkek Sneaker K101096-001 Beetle Multicolor,9699.00
Camper - Erkek Sneaker K101084-001 Drift Trail Multicolor,9999.00
Muggo - GARCİA Unisex Ortopedik Günlük Bağcıklı Yürüyüş Koşu Sneaker Spor Ayakkabı,759.90
Comstar - Erkek Pamuklu Bisiklet Yaka Dar Beyaz Eşofman Takımı,1099.90
Seiko - SEIWR103P Erkek Kol Saati,15450.00
Seiko - SEINE525P Erkek Kol Saati,10627.20
SLAZENGER - LOGAN 2 li set Unisex Çocuk Yeşil - Mavi Sweatshırt,1029.90
SLAZENGER - LONE 2 li Set Unisex Çocuk Lacivert - Mavi Sweatshırt,1029.90
SLAZENGER - NEYRA Erkek Lacivert Şort,779.90
SLAZENGER - DEADLOCK I Erkek  Beyaz Günlük Spor Ayakkabısı,1319.90
SLAZENGER - ZEGNA Erkek Siyah Tişört,699.90
John May - Erkek Klasik Ayakkabı OG-2365 Kahve Marsel,5199.00
John May - Erkek Siyah Loafer OG-2365 141 Siyah Marsel(Siyah Dana Astar),5199.00
SLAZENGER - FINESSE I Erkek Siyah / Beyaz Koşu & Yürüyüş Spor Ayakkabısı,1199.99
SLAZENGER - PLATIN I Erkek Beyaz Günlük Spor Ayakkabısı,1319.90
Süvari - Bej Regular Sivri Yaka 4 Drop Yelekli Takım Elbise,9599.92
Bad Bear - Daytona Erkek Lacivert Mayo,974.99
Bad Bear - Chameleon Erkek Yeşil Mayo,1199.99
Bad Bear - Chas Erkek Gri Şort,1139.99
Jack & Jones - Norrebro Stripe Erkek Beyaz Tişört,1399.99
Quiksilver - Bliss Point Erkek Kahverengi Tişört,1199.99
Quiksilver - Bliss Point Erkek Bej Tişört,1199.99
Quiksilver - Bliss Point Erkek Bordo Tişört,1199.99
Quiksilver - Nomad Vl Erkek Mayo,3199.99
Tarz Cool - Erkek Oversize Bomber Ceket Fermuarlı Basic Günlük Mont,1068.94
Ayakmod - Siyah Hakiki Deri Erkek Casual Ayakkabı 332 M,2100.00
Haşema - Erkek Kayış Detaylı Siyah Eva Sabo Terlik 23709,1259.90
Haşema - Erkek Toka Detaylı Siyah Eva Plaj Terliği 23702,1109.90
Haşema - Erkek Siyah Eva Plaj Terliği 23701,989.90
Muggo - EDWIN Bağcıklı Rahat Taban Erkek Günlük Klasik Casual Ayakkabı,919.90
Ayakmod - Lacivert Büyük Numara Eva Hafif Erkek Sabo Terlik 214 M,720.00
Ayakmod - Kum Nubuk Hakiki Deri Erkek Casual Ayakkabı 6Y3318-179 M,4400.00
Ayakmod - Kum Nubuk Hakiki Deri Erkek Casual Ayakkabı 6Y3319-179 M,2640.00
Altınyıldız Classics - Erkek Mavi Desenli İpek Kravat,1169.99
Altınyıldız Classics - Erkek Lacivert Desenli İpek Kravat,1169.99
Altınyıldız Classics - Erkek Lacivert Desenli İpek İnce Kravat,1799.99
Altınyıldız Classics - Erkek Gri Desenli İpek İnce Kravat,1799.99
Quiksilver - Emu Coop Siyah Şapka,1199.99
Jack & Jones - Loose Pisa Erkek Lacivert Şapka,1099.99
Jack & Jones - Loose Pisa Erkek Bej Şapka,1099.99
Polaris - 109188.M Bej Erkek Terlik,828.74
Oilwise - Güçlendirici ve Besleyici Kaş Kirpik Bakım Yağı 30 ml,449.90
Oilwise - Nemlendirici ve Çatlak Önleyici Bakım Kremi 50 ml,749.90
AVON - Kids Mango Kokulu ve Meyve Kokulu Saç Açıcı Sprey Paketi,299.89
Oilwise - Akne ve Kepek Karşıtı Biberiye Uçucu Yağı 10 ml,699.90
Siveno - %100 Doğal İntim Yıkama Köpüğü Beyazlatıcı Etkili Koku Önleyici pH 3.8 100 ml,224.96
Oilwise - Nioli Uçucu Yağı 10 ml,399.90
Oilwise - Dökülme ve Kepek Karşıtı Güçlendirici Biberiye Suyu 100 ml,399.90
Trendseninle - Logo Baskılı Oversize Erkek Kısa Kollu Tişört,799.60
Trendseninle - Baskılı Oversize Erkek Kısa Kollu Tişört,799.60
Ayakmod - Kahve Yumuşak Taban Hafif Anatomik Erkek Terlik 305-2002 M,1300.00
Tarz Cool - Erkek Pileli Old Money Klasik Kumaş Pantolon Rahat Kalıp Yazlık,1042.14
Walkway - Siyah Beyaz Bağcıklı Hafif Esnek Erkek Spor Ayakkabı BST-2086 M,1900.00
Walkway - Beyaz Siyah Bağcıklı Hafif Esnek Erkek Spor Ayakkabı BST-2086 M,1900.00
Walkway - Beyaz Bağcıklı Hafif Esnek Erkek Spor Ayakkabı BST-2086 M,1900.00
Walkway - Siyah-Siyah Fileli Hafif Esnek Erkek Spor Ayakkabı BST-2088 M,2090.00
Walkway - Beyaz-Beyaz Fileli Hafif Esnek Erkek Spor Ayakkabı BST-2088 M,2090.00
Ayakmod - Siyah Bej Hakiki Deri Erkek Casual Ayakkabı 024 M,3500.00
Ayakmod - Siyah Hakiki Deri Bağcıklı Erkek Casual Ayakkabı 332 M,2100.00
Ayakmod - Siyah Hakiki Deri Erkek Casual Ayakkabı 076 M,3500.00
Tommylife - Rahat Form O Yaka 2'li Paket Tişört - 88495,1499.90
Lee - %100 Pamuk Relaxed Fit Logo Detaylı Tişört,1499.25
Lee - %100 Keten Regular Fit Cepli Pantolon,3749.25
Wrangler - Kısa Kollu Gömlek,2624.25
Lee - Resort Yaka Kısa Kollu Gömlek,2999.25
Lee - Beli Lastikli Şort,2999.25
Lee - Regular Fit Bisiklet Yaka Tişört,1724.25
Wrangler - Regular Fit Siyah Pantolon,3749.25
Lee - Regular Fit Bisiklet Yaka İçi Polarlı Sweatshirt,1439.10
Lee - Regular Fit Kapüşonlu Sweatshirt,1619.10
Lee - Regular Fit Bisiklet Yaka İçi Polarlı Sweatshirt,1169.10
Lee - Regular Fit Bisiklet Yaka Baskılı Sweatshirt,1169.10
Lee - Regular Fit Bisiklet Yaka Sweatshirt,1799.10
Wrangler - Regular Fit İçi Polarlı Sweatshirt,1169.10
Lee - Regular Fit Bisiklet Yaka Sweatshirt,1349.10
Wrangler - Regular Fit Gömlek,1039.35
Lee - Regular Fit Bisiklet Yaka Sweatshirt,779.35
Jack Wolfskin - Polo Yaka Kısa Kollu Tişört,1999.99
Jack Wolfskin - Polo Yaka Kısa Kollu Tişört,2999.99
Tarz Cool - Bol Paça Rahat Kesim Jean Pantolon,744.27
Remsa - Büyük Beden Erkek Penye Kısa Kol Pijama Takımı,1049.90
Remsa - Kısa Kollu Penye Pijama Takımı,1049.90
Remsa - Kısa Kol Penye Pijama Takımı,1049.90
gothamVibes - Oversize Şort,571.99
gothamVibes - Blank Boxy Gri Tişört,571.99
gothamVibes - Erkek Blank Boxy Kahverengi Tişört,571.99
gothamVibes - Erkek Blank Boxy Bordo Tişört,571.99
gothamVibes - Erkek Chill Boxy Premium Bordo Tişört,571.99
gothamVibes - Erkek Blank Boxy Lacivert Tişört,571.99
gothamVibes - Erkek Blank Gri Şort,571.99
Oksit - Flok Baskılı Slim Fit Erkek Elastanlı Tişört,476.91
Remsa - Büyük Beden Erkek Ribana Paça Alt ve Ceket Pamuklu Eşofman Takım 3715 Siyah01,2599.90
LC WAIKIKI - V Yaka Erkek Tişört,279.99
TUDORS - Erkek Regular Fit Klasik Kesim Beyaz Non-Iron Pamuklu Ütü Gerektirmez Gömlek,704.99
SOUTHBLUE - Regular Fit Çizgili Poplin Erkek Gömlek,359.99
SLAZENGER - RAIL Erkek Eşofman Altı Koyu Gri,859.99
LCW Vision - Slim Fit Gabardin Erkek Pantolon,499.99
LCW Vision - Regular Fit Oxford Erkek Basic Gömlek,499.99
Kiğılı - Polo Yaka Slim Fit Dar Kesim Nakışlı Pamuk Tişört,999.99
XSIDE - Rahat Kalıp Erkek Çıtçıtlı Sweatshirt,899.99
LCW Vision - Gabardin Rahat Kalıp Gömlek Yaka Erkek Ceket,1299.99
LCW ACCESSORIES - Erkek Bambu Sneaker Çorap 5'li,329.99
XSIDE - Rahat Kalıp Kontrast Yaka Erkek Ceket,1299.99
XSIDE - Polo Yaka Erkek Tişört,499.99
Mmetalic - Erkek Düz Paça Rahat Kesim Büyük Beden Eşofman Altı,412.49
LCWAIKIKI Classic - Kadife Yaka Gabardin Erkek Ceket,1799.99
SLAZENGER - VONDA 2 Lİ SET Erkek Sweatshırt,2199.90
LCW Vision - Polo Yaka Desenli Pike Erkek Tişört,399.99
XSIDE ACTIVE - Slim Fit Erkek Spor Şort,599.99
XSIDE - Bisiklet Yaka Penye Erkek Kolsuz Tişört,499.99
LCWAIKIKI Classic - Regular Fit Ekose Armürlü Erkek Gömlek,699.99
LCW ACCESSORIES - Erkek Babet Çorap 5'li,299.99
LCWAIKIKI Classic - Bisiklet Yaka Baskılı Erkek Dry Touch Tişört,499.99
XSIDE - Loose Fit Oxford Erkek Basic Gömlek,499.99
XSIDE - Rahat Kalıp Poplin Erkek Kargo Pantolon,1099.99
XSIDE - Standart Kalıp Gabardin Erkek Pantolon,649.99
LCWAIKIKI Classic - Polo Yaka Pike Erkek Tişört,359.99
JAKAMEN - Beyaz Slim Fit Polo Yaka T-Shirt,874.87
XSIDE - Standart Kalıp Erkek Kargo Pantolon,1099.99
LCW Vision - Standart Kalıp Kapüşonlu Erkek Yağmurluk,999.99
D'S damat - Regular Fit Lacivert Apoletli Beli Kemerli Pardösü/Trenckot,3749.25
LCW Vision - Hakim Yaka Erkek Tişört,449.99
Hammer Jack - Jeremy Kum Erkek Terlik,999.00
LCW Vision - Bisiklet Yaka Erkek Tişört,449.99
SOUTHBLUE - Bisiklet Yaka Saç Örgüsü Erkek Triko Kazak,249.99
LCW Jeans - 760 Skinny Fit Erkek Jean Pantolon,999.99
LCW Vision - Relaxed Fit  Bisiklet Yaka Erkek Tişört,499.99
LC WAIKIKI - Standart Kalıp Baskılı Erkek Pijama Takımı,1099.99
XSIDE - Regular Fit Hakim Yaka Poplin Erkek Gömlek,799.99
XSIDE - Oversize Baskılı Erkek Polo Yaka Tişört,599.99
LC WAIKIKI - Standart Kalıp Erkek Pijama Altı,499.99
XSIDE ACTIVE - Bisiklet Yaka Erkek Sporcu Atleti,399.99
XSIDE - Standart Kalıp Erkek Eşofman Altı,499.99
XSIDE ACTIVE - Rahat Kalıp Erkek Eşofman Altı,499.99
XSIDE ACTIVE - Kapüşonlu Erkek Sporcu Atleti,499.99
LCW Vision - Erkek Deri Görünümlü Ceket,699.99
SOUTHBLUE - Regular Fit Çizgili Poplin Erkek Gömlek,399.99
XSIDE - Kolej Yaka Erkek Bomber Ceket,999.99
LCW BUSINESS - Standart Kalıp Pileli Erkek Kumaş Pantolon,1099.99
LCW Jeans - 730 Havuç Kalıp Erkek Jean Pantolon,1099.99
LCW BUSINESS - Slim Fit Erkek Gömlek,299.99
XSIDE - Rahat Kalıp Baskılı Erkek Eşofman Alt,649.99
LCW Jeans - Balloon Fit Erkek Jean Pantolon,999.99
LCW Jeans - 700 Straight Fit Erkek Jean Pantolon,1199.99
LCW Vision - Rahat Kalıp Erkek Süet Ceket,999.99
Bonbon - Erkek Pamuklu 3 Adet 2'Li Pijama Takımı Bb2236,1799.91
LC WAIKIKI - Loose Fit Erkek Pantolon,999.99
LC WAIKIKI - Ekose Erkek Pijama Takımı,999.99
XSIDE - Slim Fit Erkek Kargo Pantolon,999.99
LCW Vision - Dik Yaka Erkek Fermuarlı Sweatshirt,999.99
LCW Jeans - 745 Baggy  Fit Erkek Jean Pantolon,999.99
XSIDE - Polo Yaka Erkek Tişört,449.99
Mmetalic - METALIC Erkek Lacivert Düz Paça Cep Fermuar Detaylı Rahat Kesim Büyük Beden Eşofman Altı MTLC046,449.99
XSIDE - Standart Kalıp Erkek Jogger Eşofman Alt,359.99
XSIDE - Rahat Kalıp Erkek Şort,999.99
SOUTHBLUE - Regular Fit Erkek Gömlek,499.99
XSIDE - Dik Yaka Baskılı Erkek Fermuarlı Sweatshirt,899.99
LCWAIKIKI Classic - Bisiklet Yaka Baskılı  Erkek Tişört,359.99
LCW Jeans - Loose Fit Erkek Jean Pantolon,999.99
SLAZENGER - TRUTH Erkek Bej Koşu & Yürüyüş Spor Ayakkabısı,1749.99
LCWAIKIKI Classic - Standart Kalıp Pike Erkek Şort,649.99
XSIDE - New York Baskılı Erkek Sweatshirt,449.99
LCW Vision - Regular Fit Erkek Pileli Pantolon,999.99
LCW Jeans - Regular Fit Kargo Cepli Erkek Jean Şort,899.99
XSIDE - Bisiklet Yaka Çizgili Penye Erkek Tişört,449.99
SOUTHBLUE - Kolej Yaka Bomber Erkek Ceket,1799.99
TUDORS - Slim Fit Kolay Ütülenen Kravatlık Erkek Gömlek,339.99
XSIDE - Bisiklet Yaka Atatürk İmzası Baskılı Erkek Tişört,249.99
Puma - Softride Cosmic Lt Erkek Beyaz Spor Ayakkabı,1699.99
Tutku - 6'lı Erkek Beyaz Pamuklu Esnek Penye Büyük Beden Külot,599.99
LCW Vision - Standart Kalıp Keten Görünümlü Erkek Gömlek,899.99
LC WAIKIKI - Bisiklet Yaka Kısa Kollu Erkek Pijama Üst,399.99
LCWAIKIKI Classic - Regular Fit Gabardin Erkek Chino Pantolon,899.99
LCW Vision - Regular Fit Ekose Yün Karışımlı Erkek Gömlek Ceket,399.99
XSIDE - Loose Fit Baskılı Erkek Gömlek,899.99
LCW Vision - Regular Fit Çizgili Armürlü Erkek Gömlek,899.99
SOUTHBLUE - Gömlek Yaka %100 Keten Erkek Ceket,1499.99
LC WAIKIKI - Standart Kalıp Ekose Erkek Pijama Takım,1199.99
LCW ACCESSORIES - Pamuklu Plaj Havlusu 70x150 cm,599.99
XSIDE - Bisiklet Yaka Venom Baskılı Erkek Tişört,449.99
D'S damat - Regular Fit Açık Sarı %100 Pamuklu Kıvrılmaz Polo Yaka Nakışlı Tişört,674.25
LCW STEPS - Çift Bantlı Erkek Terlik,499.99
LCW Vision - Rahat Kalıp Erkek Pantolon,1199.99
LCWAIKIKI Classic - Standart Kalıp Nakışlı Erkek Tişört,899.99
LCWAIKIKI Classic - Standart Kalıp Erkek Chino Pantolon,999.99
Fullamoda - Regular Fit Normal Bel Jean,719.99
Daxtors - D0315 Günlük Ortopedik Erkek Ayakkabı,1554.22
U.S. POLO ASSN. - USPA1118-01 Erkek Kol Saati,1686.30
SOUTHBLUE - %100 Pamuk Regular Fit Basic Kalın Tişört,449.99
Quiksilver - CRUCIAL BATTLE SHORT,1449.99
Buratti - Loose Fit Kruvaze Yaka Uzun Astarlı Kaşe Kaban 681003,1699.99
XSIDE - Loose Fit Erkek Gömlek,899.99
LCW Vision - Regular Fit Kemerli Erkek Şort,899.99
XSIDE - Regular Fit Erkek Pantolon,399.99
Tarz Cool - Füme Renk Erkek Yazlık Keten Karışımı Relaxed Pantolon,493.94
LCW Jeans - 750 Slim Fit ErkekJean Pantolon,1099.99
LCW Jeans - Super Baggy Fit Erkek Jean Pantolon,999.99
XSIDE - Standart Fit Bisiklet Yaka Penye Erkek Tişört,399.99
LCW BUSINESS - Regular Fit Erkek Takım Elbise Ceketi,2299.99
LC WAIKIKI - Pamuklu Esnek Erkek Boxer 7'li,599.99
LCW Vision - Bisiklet Yaka Petek Dokulu Erkek Triko Kazak,359.99
LCW Vision - Regular Fit Erkek Armürlü Gömlek,999.99
Remsa Mayo - Remsa Erkek Havuz Deniz Uzun Kapri Şort Mayo RKS-01 Antrasit,1599.90
XSIDE - Dik Yaka NYC Baskılı Erkek Sweatshirt,399.99
LCW Vision - Bisiklet Yaka Erkek Tişört,499.99
XSIDE - Oversize Bisiklet Yaka Erkek Tişört,399.99
Kiğılı Polo Club - 8'li Pamuklu Dikişsiz Soket Çorap Seti,799.99
SOUTHBLUE - Regular Fit Keten Karışımlı Erkek Gömlek,899.99
Haşema - Kargo Cepli Siyah Erkek Kapri 5073,1819.90
Haşema - Kargo Cepli Gri Erkek Kapri 5073,1819.90
LC WAIKIKI - Standart Kalıp Beşiktaş Baskılı Erkek Pijama Takımı,1099.99
XSIDE - Standart Kalıp Gabardin Erkek Pantolon,799.99
LCW STEPS - Bağcıklı Erkek Spor Ayakkabı,799.99
LCW Vision - Standart Kalıp Gömlek Yaka Erkek Mont,999.99
XSIDE - Bisiklet Yaka Baskılı Erkek Tişört,399.99
LC WAIKIKI - Standart Kalıp Ekose Erkek Pijama Takımı,899.99
XSIDE - Rahat Kalıp Kapüşonlu Erkek Yağmurluk,899.99
XSIDE - Bisiklet Yaka Baskılı Erkek Penye Tişört,399.99
SOUTHBLUE - Polo Yaka Erkek Triko Hırka,399.99
LCWAIKIKI Classic - Bisiklet Yaka Ibiza Baskılı  Erkek Kolsuz Tişört,399.99
Genius Store - Erkek Yelek Softshell Su Geçirmez Tam Fermuarlı Cepli Normal Kalıp Spor Yelek,656.99
LC WAIKIKI - Bisiklet Yaka Kısa Kollu Erkek Tişört,359.99
LCWAIKIKI Classic - Desenli Standart Fit Erkek Polo Yaka Tişört,499.99
SLAZENGER - FLEX FIT I Erkek Büyük Beden Siyah / Siyah Koşu & Yürüyüş Spor Ayakkabısı,1349.90
Comstar - Erkek Trend Günlük Basic Cepli Dar B.Mavi Jean Ceket,1699.90
XSIDE - Polo Yaka Penye Ajurlu Erkek Tişört,799.99
Tarz Cool - Lacivert Renk Erkek Yazlık Keten Karışımı Relaxed Pantolon,494.25
LCWAIKIKI Classic - Regular Fit Uzun Kollu Armürlü Erkek Gömlek,299.99
LCW Jeans - Jogger Fit Erkek Jean Pantolon,999.99
Polaris - 402259.M Siyah Erkek Sabo Terlik,484.49
LCW Vision - Regular Fit Çizgili Müslin Erkek Gömlek,899.99
XSIDE ACTIVE - Dik Yaka Şeritli Erkek Fermuarlı Sweatshirt,999.99
LCW Vision - Standart Kalıp Erkek Süet Mont,1199.99
LC WAIKIKI - Bisiklet Yaka Penye Erkek Atlet,249.99
XSIDE - Loose Fit Müslin Erkek Gömlek,799.99
XSIDE - Bisiklet Yaka Penye Erkek Kolsuz Tişört,399.99
Buratti - Normal Kalıp Kargo Cepli Lastikli Bel Trekking ve Kurye 2'li Paket Pantolon 693710S2,1444.99
Stilkombin - İçi Kürklü Kapüşonlu Kışlık Erkek Mont,1807.10
SOUTHBLUE - Standart Kalıp Poliviskon Pileli Erkek Pantolon,999.99
XSIDE - Rahat Kalıp Erkek Mont,1199.99
LCWAIKIKI Classic - Regular Fit Ekose Erkek Gömlek,699.99
LCW BUSINESS - Slim Fit Erkek Gömlek,799.99
LC WAIKIKI - Pamuklu Erkek Boxer 7'li,599.99
LCWAIKIKI Classic - Polo Yaka Erkek Sweatshirt,359.99
LCW Vision - Slim Fit Erkek Pantolon,799.99
XSIDE - Bisiklet Yaka Baskılı Penye Erkek Tişört,359.99
XSIDE - Slim Fit Erkek Pantolon,699.99
TUDORS - Erkek Slim Fit Pamuklu Beli Bağlamalı Yan Cepli Katlamalı Paça Jogger Siyah Pantolon,549.99
XSIDE - Gömlek Yaka Erkek Ceket,899.99
LCWAIKIKI Classic - Bisiklet Yaka Nakışlı Erkek Tişört,359.99
AC&Co / Altınyıldız Classics - Erkek Lacivert-İndigo Pamuklu Comfort Fit Rahat Kesim Polo Yaka Cepli Tişört,558.59
Mmetalic - Erkek 4'Lü Yanları Cepli Bermuda Diz Altı Kapri Beli Ayarlanabilir Lastikli Uzun Şort,1199.99
SOUTHBLUE - Standart Kalıp Dik Yaka Erkek Şişme Yelek,1299.99
LCW Vision - Regular Fit Erkek Krinkle Gömlek,799.99
LCW Vision - Dik Yaka Triko Erkek Kazak,329.99
LCW Vision - Regular Fit Krinkle Erkek Basic Gömlek,699.99
TUDORS - Unisex 3'Lü Paket Lacivert-Beyaz-Siyah Oversize Geniş Kesim %100 Pamuk Basic Bisiklet Yaka Tişört,1279.99
LCWAIKIKI Classic - Standart Kalıp Erkek Şort,699.99
LCW STEPS - Süet Görünümlü Bağcıklı Erkek Klasik Ayakkabı,799.99
LCW Vision - Fermuar Kapamalı Polo Yaka Erkek Sweatshirt,329.99
LCW Vision - Bisiklet Yaka Erkek Kalın Sweatshirt,329.99
LCW Vision - Standart Kalıp Armürlü Erkek Pantolon,1199.99
XSIDE - Oversize Bisiklet Yaka Baskılı Erkek Tişört,329.99
AC&Co / Altınyıldız Classics - Erkek Lacivert Pamuklu Comfort Fit Rahat Kesim Polo Yaka Cepli Tişört,541.49
SOUTHBLUE - Regular Fit Erkek Basic Gömlek,699.99
LCWAIKIKI Classic - Bisiklet Yaka Baskılı Erkek Sweatshirt,249.99
LCW Jeans - Standart Kalıp Erkek Jean Şort,899.99
LCWAIKIKI Classic - Dar Kalıp Gabardin Erkek Chino Pantolon,899.99
XSIDE - Slim Fit Erkek Kargo Pantolon,699.99
D'S damat - Regular Fit Pamuk Pijama Takımı,942.90
SOUTHBLUE - Polo Yaka Çizgili Erkek Tişört,699.99
LCW Vision - Regular Fit Kısa Kollu Resort Yaka Erkek Gömlek,699.99
XSIDE - Rahat Kalıp Süet Erkek Ceket,1099.99
LCW Vision - Polo Yaka Çizgili Triko Erkek Tişört,699.99
LCW Vision - Standart Kalıp Beli Lastikli Erkek Pantolon,799.99
LCW ACCESSORIES - Erkek Patik Çorap 7'li,399.99
XSIDE - Polo Yaka Erkek Penye Tişört,499.99
XSIDE - Rahat Kalıp Gabardin Erkek Pantolon,799.99
SOUTHBLUE - Polo Yaka Çizgili Pike Erkek Tişört,449.99
LC WAIKIKI - Standart Kalıp Erkek Pijama Alt Şort,279.99
LCW Vision - Regular Fit Erkek  Pantolon,899.99
Hammer Jack - Su Geçirmez Vectör Siyah Mavi Erkek Outdoor Bot,1899.00
XSIDE - Baggy Fit Erkek Jean Pantolon,699.99
Sabri Özel - Giotelli Erkek Siyah Normal Kesim Regular Fit Yünlü Düğmeli V Yaka Triko Hırka,1499.90
LCW ACCESSORIES - Erkek Denim Kep Şapka,299.99
SOUTHBLUE - Dik Yaka Erkek Deri Görünümlü Ceket,999.99
LCW Vision - Rahat Kalıp Gömlek Yaka Erkek Ceket,999.99
LCW Vision - Rahat Kalıp Dik Yaka Erkek Ceket,999.99
LCW Vision - Loose Fit Gömlek Yaka Erkek Ceket,1499.99
XSIDE - Straight Fit Erkek Jean Pantolon,799.99
LCW ACCESSORIES - Captain Nakışlı Erkek Kep Şapka,299.99
XSIDE - Standart Kalıp Erkek Jogger Eşofman Altı,699.99
AC&Co / Altınyıldız Classics - Erkek İndigo-Beyaz Pamuklu Comfort Fit Rahat Kesim Polo Yaka Cepli Tişört,531.99
SOUTHBLUE - Regular Fit Erkek Dokulu Gömlek,799.99
LCWAIKIKI Classic - Polo Yaka Desenli Erkek Tişört,699.99
XSIDE - Rahat Fit Polo Yaka Çizgili Erkek Tişört,699.99
LCWAIKIKI Classic - Bisiklet Yaka İstanbul Baskılı Erkek Tişört,299.99
LC WAIKIKI - Bisiklet Yaka Baskılı Penye Erkek Pijama Üst,149.99
D'S damat - Pamuk 3'lü Çorap Set GRİ-SİYAH-LACİ,189.90
XSIDE ACTIVE - Bisiklet Yaka Kısa Kollu Erkek Spor Tişört,399.99
LCWAIKIKI Classic - Kolej Yaka Erkek Ceket,1099.99
Buratti - Pamuklu Slim Fit Şerit Detaylı Düğmeli Polo Yaka 4'lü Paket %100 Pamuk Tişört 5902118S4,1299.99
LC WAIKIKI - Regular Fit Çizgili Keten Karışımlı Erkek Gömlek,599.99
XSIDE - Baskılı Erkek Şort,599.99
LC WAIKIKI - Standart Kalıp Erkek Pijama Alt,599.99
XSIDE - Standart Kalıp NFL Baskılı Şeritli Erkek Şort,699.99
Haşema - Kemer Toka Detaylı Mor Erkek Kısa Havuz Ve Deniz Şortu 5061,2099.90
SOUTHBLUE - Standart Kalıp Kürk Yaka Erkek Deri Görünümlü Mont,999.99
XSIDE - Rahat Kalıp Müslin Erkek Şort,799.99
Jack & Jones - Jeff Logo Erkek Siyah Tişört,1099.99
LCW Vision - Bisiklet Yaka Erkek Triko Kazak,649.99
LCW ACCESSORIES - Çizgili Erkek Patik Çorap 5'li,249.99
XSIDE - Bisiklet Yaka Marvel Baskılı Penye Erkek Tişört,399.99
New Balance - 1647 Erkek Gri Tişört,1199.00
XSIDE - Regular Fit Resort Yaka Erkek Gömlek,699.99
SOUTHBLUE - Regular Fit Keten Karışımlı Erkek Blazer Ceket,2199.99
LCWAIKIKI Classic - Polo Yaka Desenli Strüktürlü Erkek Tişört,549.99
XSIDE - Bisiklet Yaka Erkek Tişört,249.99
LCW Vision - Dar Kalıp Erkek Blazer Ceket,699.99
LCW Vision - Regular Fit Erkek Basic Gömlek,699.99
XSIDE - Rahat Kalıp Resort Yaka Erkek Müslin Gömlek,699.99
LCW Vision - Regular Fit Çizgili Erkek Gömlek,699.99
XSIDE - Mickey Mouse Baskılı Erkek Tişört,599.99
XSIDE - Rahat Kalıp Erkek Şort,599.99
Fullamoda - Tek Cepli Polo Yaka Tişört,499.99
LCW Vision - Regular Fit Armürlü Erkek Gömlek,599.99
XSIDE - Pokemon Baskılı Erkek Tişört,649.99
LC WAIKIKI - Standart Kalıp Ekose Erkek Pijama Alt,449.99
XSIDE - Standart Kalıp Kapüşonlu Erkek Yağmurluk,1299.99
XSIDE ACTIVE - Standart Kalıp Erkek Spor Şort,799.99
LCW Vision - Dik Yaka Erkek Fermuarlı Sweatshirt,799.99
LCWAIKIKI Classic - Standart Kalıp Erkek Yelek,1299.99
DARK SEER - DS E STORM Sneaker 2025 Erkek,959.94
AC&Co / Altınyıldız Classics - Erkek Siyah UV 400 Korumalı Kemik Güneş Gözlüğü,291.59
LCW Vision - Polo Yaka Dokulu Erkek Tişört,599.99
LCW SWIMWEAR - Kısa Boy Sünger Bob Baskılı Erkek Deniz Şortu,699.99
XSIDE - Standart Kalıp Erkek Şort,599.99
SOUTHBLUE - Polo Yaka Pike Erkek Tişört,599.99
LCW Jeans - Standart Kalıp Erkek Jean Şort,799.99
XSIDE ACTIVE - Standart Kalıp Erkek Jogger Eşofman Altı,999.99
SLAZENGER - OVERMAN I Erkek Koyu Gri Günlük Spor Ayakkabısı,1319.90
D'S damat - Gri Beli Lastikli Marka Logolu Elastanlı Esneyebilen 2 Li Boxer Set,449.25
Koza İç Giyim - Erkek Pamuklu Baskılı Cepli Şortlu Pijama Takımı,499.90
TONNY BLACK - Unisex Bordo Termo Taban Yanı Şeritli Bağcıklı Spor Ayakkabı,528.97
SLAZENGER - TADDEO I Erkek Koyu Gri Sneaker,1459.99
XSIDE - Kapüşonlu Erkek Fermuarlı Sweatshirt,599.99
LCW SWIMWEAR - Kısa Boy Erkek Deniz Şortu,649.99
D'S damat - Slim Fit Beyaz V Yaka %100 Pamuk Tişört,344.25
LCWAIKIKI Classic - Polo Yaka Erkek Tişört,359.99
XSIDE - Rahat Kalıp Keten Görünümlü Erkek Pantolon,699.99
LCW Vision - Gömlek Yaka Erkek Deri Görünümlü Ceket,999.99
XSIDE - Bisiklet Yaka One Piece Baskılı Erkek Tişört,599.99
SLAZENGER - AGAIN I Erkek Siyah / Koyu Gri Günlük Spor Ayakkabısı,1189.93
LCW STEPS - Bağcıklı Erkek Çocuk Spor Ayakkabı,999.99
Kiğılı - Erkek Bisiklet Yaka Regular Fit %100 Pamuk 3'lü Paket T-shirt Seti,1199.00
LCW Vision - Regular Fit Oxford Erkek Gömlek,499.99
LCW Vision - Bisiklet Yaka Erkek Kalın Sweatshirt,499.99
LCW BUSINESS - Regular Fit Ekose Armürlü Erkek Gömlek,649.99
LCW BUSINESS - Regular Fit Desenli Erkek Gömlek,649.99
XSIDE - Regular Fit Resort Yaka Çiçek Desenli Erkek Gömlek,699.99
L'Oreal Paris - Age Perfect Kolajen Yüz Temizleme Jeli 150 ml,299.95
SOUTHBLUE - Bisiklet Yaka Çizgili Erkek Triko Kazak,249.99
Hummel - Morian Siyah Sneaker,1499.99
LCWAIKIKI Classic - Regular Fit Erkek Eşofman Altı,699.99
LCW Vision - Regular Fit Krinkle Erkek Gömlek,699.99
Abluka Online - Erkek Baggy Fit Yıkamalı Jean Pantolon Açık Mavi,1168.40
LC WAIKIKI - Standart Kalıpı Erkek Pijama Alt Şort,499.99
SOUTHBLUE - Standart Fit Yün Karışımlı Erkek Pantolon,649.99
Madmext - Mint Yeşili %100 Pamuklu Erkek Şort Gömlek Takım E7360,1189.99
LCWAIKIKI Basic - Kapüşonlu Erkek Fermuarlı Sweatshirt,599.99
LCWAIKIKI Classic - Regular Fit Ekose Poplin Erkek Gömlek,699.99
"Biggdesign - Moods Up TSA Kilitli 28"" ABS Gövdeli Valiz | Büyük Boy-Siyah",3199.90
LC WAIKIKI - Pamuklu Esnek Erkek 7'li Boxer,599.99
XSIDE - Regular Fit Erkek Gömlek,699.99
LCW Vision - Polo Yaka Erkek Tişört,549.99
XSIDE - Bisiklet Yaka New York Baskılı Erkek Tişört,499.99
LCW SWIMWEAR - Kısa Boy Palmiye Desenli Erkek Deniz Şortu,599.99
SLAZENGER - JUMPY 3 lü Erkek Beyaz Çorap,249.90
Buratti - Pamuklu Regular Fit Yarım Fermuarlı 3'lü Paket Polo Yaka T Shirt 5902738S3,1104.99
SLAZENGER - OVERMAN I Erkek Lacivert Günlük Spor Ayakkabısı,1129.99
LCW Vision - Regular Fit Çizgili Erkek Gömlek,599.99
LCWAIKIKI Classic - Standart Kalıp Gabardin Erkek Şort,799.99
LCW Vision - Regular Fit Armürlü Erkek Basic Gömlek,599.99
LCW Vision - Regular Fit Erkek Kısa Kollu Gömlek,599.99
LCW Vision - Regular Fit Erkek Basic Gömlek,599.99
Mmetalic - Erkek Yanları Cepli Lacivert Bermuda Diz Altı Kapri Beli Ayarlanabilir Lastikli Uzun Şort MTLCE108,397.49
LCW Vision - Bisiklet Yaka Erkek Triko Kazak,549.99
SOUTHBLUE - Regular Fit Keten Karışımlı Erkek Gömlek,749.99
XSIDE - Bisiklet Yaka Kısa Kollu Erkek Sweatshirt,279.99
SOUTHBLUE - Regular Fit Erkek Oduncu Gömlek,599.99
Sabri Özel - Erkek Bordo Normal Kesim Regular Fit Viskon Dokuma Düğmeli Polo Yaka Tişört,1249.90
Gezer - Yazlık Erkek Kaydırmaz Taban Terlik,193.72
LCW Jeans - 730 Carrot Fit Erkek Jean Pantolon,899.99
LCWAIKIKI Classic - Standart Kalıp Erkek Jogger Eşofman Altı,449.99
LCWAIKIKI Classic - Regular Fit Poplin Erkek Basic Gömlek,699.99
LCWAIKIKI Classic - Dik Yaka Fermuarlı Erkek Polar Yelek,499.99
LCW Vision - Slim Fit Uzun Kollu Erkek Gömlek,699.99
LCWAIKIKI Classic - Regular Fit Oxford Erkek Gömlek,649.99
SOUTHBLUE - Regular Fit Erkek Kaşe Gömlek Ceket,499.99
LCW SWIMWEAR - Kısa Boy Desenli Erkek Deniz Şortu,649.99
SLAZENGER - ATTAL I Erkek Siyah / Koyu Gri Günlük Spor Ayakkabısı,1119.90
AC&Co / Altınyıldız Classics - Erkek SIYAH-BEYAZ-LACIVERT Slim Fit Dar Kesim 3 'lü Kıvrılmaz Polo Yaka Tişört,1479.99
LCW Vision - Regular Fit Armürlü Erkek Gömlek,549.99
LCW SWIMWEAR - Kısa Boy Yazı Baskılı Erkek Deniz Şortu,649.99
Freemen - Erkek Gömlek Yaka Fermuarlı Basic Bomber Mont Ceket,1072.00
Puma - Academy Portable Siyah Çapraz Çanta,1049.90
LCW Jeans - Rahat Kalıp Erkek Jean Şortolon,699.99
SLAZENGER - PIERO I Erkek Beyaz Günlük Spor Ayakkabısı,1069.99
LCW Vision - Polo Yaka Erkek Sweatshirt,599.99
LCW BUSINESS - Regular Fit Armürlü Erkek Basic Gömlek,749.99
XSIDE - Bisiklet Yaka Kabartmalı Erkek Triko Kazak,649.99
LCW Vision - Basic Erkek Hoodie,499.99
LCWAIKIKI Classic - Dik Yaka Erkek Triko Hırka,549.99
igs - Beyaz Rahat Kalıp Klasik Yaka Düz Uzun Kollu Cepli Kolay Ütülenir Gömlek,1199.88
LCW SWIMWEAR - Çizgili Erkek Deniz Şortu,649.99
Süvari - Bej Regular Armürlü Pantolon,1349.91
SLAZENGER - FINESSE I Erkek Gri Koşu & Yürüyüş Spor Ayakkabısı,1159.99
XSIDE - Loose Fit Erkek Jean Pantolon,499.99
LCW STEPS - Hakiki Deri Erkek Klasik Ayakkabı,1299.99
LCW Vision - Slim Fit Erkek Gömlek,499.99
"Biggdesign - Moods Up Mavi Küçük Boy 20"" Valiz",2799.90
LCW Vision - Regular Fit Kısa Kollu Erkek Basic Gömlek,699.99
LCW Vision - Regular Fit Basic Kalın Tişört,399.99
XSIDE - Gömlek Yaka Erkek Deri Görünümlü Ceket,649.99
SLAZENGER - ASTRAMAX I Erkek Siyah / Beyaz Günlük Spor Ayakkabısı,1019.99
Marco Ferry - Pamuklu Kapüşonlu Erkek Eşofman Takımı Lacivert 5745-L,959.95
XSIDE - Bisiklet Yaka Erkek Triko Kazak,449.99
SLAZENGER - ECHOMAX I Erkek Koyu Gri Koşu & Yürüyüş Spor Ayakkabısı,1019.99
LCW BUSINESS - Regular Fit Erkek Basic Gömlek,599.99
LCWAIKIKI Classic - Beli Lastikli Erkek Eşofman Altı,499.99
XSIDE - Standart Kalıp Erkek Jogger Eşofman Altı,499.99
SOUTHBLUE - Standart Kalıp Erkek Şort,599.99
LCW Vision - Polo Yaka Kısa Kollu Penye Erkek Tişört,599.99
LCW BUSINESS - Slim Fit Armürlü Erkek Gömlek,699.99
LCW Vision - Polo Yaka Erkek Tişört,699.99
XSIDE - Bisiklet Yaka Baskılı Erkek Tişört,149.99
LCWAIKIKI Classic - Regular Fit Ekose Erkek Gömlek,359.99
Comstar - Erkek İçi Astarlı Suya Dayanıklı Kapüşonlu Cepli Yağmurluk,999.99
LC WAIKIKI - Standart Kalıp Baskılı Erkek Pijama Takım,699.99
Quiksilver - Overcast 3k Parka Erkek Siyah Mont,949.99
Buratti - %100 Pamuk Düğmeli Slim Fit Erkek Polo Yaka Tişört 5902118,424.99
Buratti - Pamuklu Slim Fit Şerit Detaylı Düğmeli Polo Yaka 3'lü Paket %100 Pamuk Tişört 5902118S3,999.99
LCWAIKIKI Classic - Bisiklet Yaka İstanbul Baskılı Erkek Tişört,399.99
LCW Vision - Regular Fit Çizgili Armürlü Erkek Gömlek,699.99
Trendseninle - Siyah Vancouver Baskılı Regular Tişört,499.60
Madmext - Ekru Bisiklet Yaka Basic Erkek Eşofman Takımı E7323,1299.99
Mmetalic - Erkek Çok Renkli %100 Pamuk Tişört Regular Fit  Bisiklet Yaka 5'li Basic %100 Pamuk Tişört Paketi,1387.49
LCW Vision - Bisiklet Yaka Erkek Sweatshirt,359.99
XSIDE - U Yaka Erkek Kolsuz Tişört,399.99
LCW ACCESSORIES - Wood EDT Erkek Parfüm 100 ml,449.99
AC&Co / Altınyıldız Classics - Erkek BEYAZ-LACIVERT-ACIK MAVI Slim Fit Dar Kesim 3 'lü Kıvrılmaz Polo Yaka Tişört,1459.99
LC WAIKIKI - Standart Kalıp Ekose Desenli Erkek Pijama Alt,449.99
Buratti - Pamuklu Regular Fit Düğmeli Polo Yaka 3'lü Paket Tişört 5902127S3,999.99
D'S damat - Maschio Pamuk Pijama Takımı SİYAH,829.90
Tarz Cool - Erkek Oversize T-Shirt Şort Takım Rahat Yazlık Kombin,899.25
SOUTHBLUE - Polo Yaka Standart Kalıp Erkek Tişört,599.99
LCW Vision - Dar Kalıp Erkek Blazer Ceket,999.99
Buratti - Pamuklu Regular Fit Düğmeli Polo Yaka 5'li Paket %100 Pamuk Tişört 590211827S5,1499.99
LCW Vision - Standart Kalıp Erkek Pantolon,1099.99
LCWAIKIKI Classic - Polo Yaka Erkek Triko Tişört,549.99
LCWAIKIKI Classic - Regular Fit Çizgili Erkek Gömlek,799.99
XSIDE - Bisiklet Yaka Ford Mustang Baskılı Penye Erkek Tişört,399.99
SLAZENGER - PINEDA I Erkek Siyah / Beyaz Koşu & Yürüyüş Spor Ayakkabısı,1069.99
XSIDE - Rahat Kalıp V Yaka Nakışlı Erkek Triko Hırka,399.99
XSIDE - Bisiklet Yaka NYC Baskılı Erkek Tişört,399.99
XSIDE - Baskılı Erkek Tişört,399.99
Comstar - Erkek Günlük Comfort Siyah Şişme Mont,1049.99
LCWAIKIKI Classic - Bisiklet Yaka Penye Erkek Tişört,399.99
LCWAIKIKI Classic - Dik Yaka Erkek Triko Hırka,449.99
THERMOFORM - North Ice Boardshort Şort Mayo SU YEŞİLİ,969.90
Danger - Erkek Beli Lastikli Rahat Kesim Keten Pantolon Siyah,949.99
SLAZENGER - PILLOW I Erkek Beyaz / Beyaz Günlük Spor Ayakkabısı,979.99
LCWAIKIKI Classic - Bisiklet Yaka Erkek Triko Kazak,399.99
LCW ECO - Kısa Boy Desenli Erkek Deniz Şortu,359.99
Comstar - Erkek Premium Comfort Siyah Kargo Baggy Pantolon,1049.99
Comstar - Erkek Astarlı Kapüşonlu Gri Rüzgarlık & Yağmurluk,999.99
THERMOFORM - North Ice Boardshort Şort Mayo TURUNCU,969.90
LCW Vision - Standart Kalıp Erkek Trençkot,999.99
XSIDE - Polo Yaka Ford Baskılı Oversize Erkek Tişört,899.99
SOUTHBLUE - Regular Fit Armürlü Erkek Gömlek,599.99
Altınyıldız Classics - Erkek Antrasit Yünlü Cordura Kumaş Slim Fit Kırlangıç Yaka Desenli Kapak Cepli Takım Elbise,6374.99
LCW Vision - Regular Fit Erkek Pileli Pantolon,1199.99
XSIDE - Bisiklet Yaka Renk Bloklu Penye Erkek Tişört,399.99
LCW Vision - Slim Fit Erkek Basic Dokulu Gömlek,499.99
TUDORS - Slim Fit Uzun Kollu Kolay Ütü Teri Emen Nefes Alan Doku Kravatlık Dört Mevsim İndigo Erkek Gömlek,329.99
FOSSİL - Kutulu Hakiki Deri Dikey Dikişli Siyah El Portföyü Kartlık Cüzdan,1399.90
Comstar - Erkek Premium Comfort Haki Kargo Baggy Pantolon,1049.99
D'S damat - Regular Fit Pamuk Pijama Takımı K.LACİVERT,942.90
Comstar - Erkek Astarlı Kapüşonlu Haki Rüzgarlık & Yağmurluk,999.99
SLAZENGER - PROTECT I Erkek Siyah / Beyaz Günlük Spor Ayakkabısı,1139.99
XSIDE ACTIVE - Standart Kalıp Erkek Taytlı Şort,899.99
LCW Vision - Standart Fit Erkek Pantolon,499.99
Jack & Jones - Grayson Erkek Siyah Tişört,849.99
LCW Vision - Bol Fit Erkek Pantolon,499.99
LCWAIKIKI Classic - Antalya Baskılı Bisiklet Yaka Erkek Tişört,399.99
XSIDE - Bisiklet Yaka Çizgili Penye Erkek Tişört,499.99
XSIDE - Bisiklet Yaka Penye Erkek Tişört,359.99
SLAZENGER - ASTRAMAX I Erkek Koyu Gri Günlük Spor Ayakkabısı,1019.99
Daxtors - Mayback Günlük Ortopedik Erkek Sneaker Spor Ayakkabı,1749.72
LCWAIKIKI Classic - Regular Fit Ekose Desenli Gabardin Erkek Gömlek,399.99
Süperlife - Erkek  Bisiklet Yaka Büyük Beden Tişört SPRBTS10,435.00
XSIDE - Bisiklet Yaka Ayı Teddy Nakışlı Erkek Tişört,359.99
SOUTHBLUE - Slim Fit Erkek Gömlek,499.99
SOUTHBLUE - Slim Fit Erkek Basic Gömlek,499.99
LCW Vision - Loose Fit Gömlek Yaka Erkek Gabardin Ceket,1299.99
LCW ACCESSORIES - Desenli Erkek Soket Çorap 5'li,299.99
LCWAIKIKI Classic - Bisiklet Yaka Baskılı Erkek Kolsuz Tişört,359.99
LCW Vision - Bisiklet Yaka Erkek Tişört,399.99
LCWAIKIKI Classic - V Yaka Baklava Desenli Erkek Triko Süveter,399.99
SOUTHBLUE - Standart Kalıp Viskon Erkek Pantolon,999.99
SLAZENGER - PURSUIT I Erkek Koşu ve Yürüyüş Ayakkabı Koyu Gri / Beyaz,1019.99
Genius Store - Erkek Nem Emici Hızlı Kuruma Atletik Teknik Performans Spor T-shirt DRIFIT-KISAKOLNEW,350.99
LCWAIKIKI Classic - Polo Yaka Renk Bloklu Erkek Sweatshirt,499.99
Gezer - Yazlık Erkek Cırtlı Ayarlanabilir Rahat Taban Sandalet,967.62
D'S damat - Slim Fit Gri Çizgili %100 Pamuk Yazlık Keten Gömlek,1199.25
Hummel - Alberge Siyah Şapka,849.95
Buratti - % 100 Pamuklu V Yaka Tişört 5902122,373.99
LCW Vision - Bisiklet Yaka Erkek Triko Kazak,449.99
Walkway - Siyah Fileli Hafif Esnek Bağcıklı Erkek Spor Ayakkabı Bst-646 M,875.00
XSIDE - Rahat Kalıp Baskılı Erkek Deri Görünümlü Ceket,1299.99
XSIDE - Bisiklet Yaka Çizgili Erkek Tişört,449.99
SLAZENGER - NOAKS Erkek Siyah Eşofman Altı,879.90
XSIDE - Rick and Morty Baskılı Penye Erkek Tişört,449.99
LC WAIKIKI - Loose Fit Erkek Kargo Pantolon,899.99
LCWAIKIKI Classic - Bisiklet Yaka Erkek Sweatshirt,399.99
LCW ACCESSORIES - Renkli Camlı Erkek Güneş Gözlüğü,599.99
LCW BUSINESS - Slim Fit Gabardin Erkek Basic Gömlek,899.99
LCWAIKIKI Classic - Balıkçı Yaka Uzun Kollu Erkek Triko Kazak,229.99
Tarz Cool - Erkek Polo Yaka İnce Triko Tişört Yazlık Rahat Kalıp,644.25
LCW BUSINESS - Slim Fit Erkek Kumaş Pantolon,1199.99
XSIDE - Bisiklet Yaka Baskılı Erkek Tişört,359.99
Vicco - Anka II Basic Unisex Bebek Gri Günlük Ayakkabı,899.92
XSIDE - Bisiklet Yaka Nostaljik Maymun Baskılı Erkek Tişört,359.99
LCWAIKIKI Classic - Bisiklet Yaka Baskılı  Erkek Tişört,449.99
Comstar - Erkek Günlük Kargo Cep Siyah Baggy Pantolon,1049.99
Comstar - Erkek Trend Bol Paça Günlük Kargo Füme Baggy Pantolon,1049.99
XSIDE ACTIVE - Şeritli Erkek Fermuarlı Sweatshirt,449.99
XSIDE - Dik Yaka Erkek Fermuarlı Sweatshirt,649.99
LCWAIKIKI Classic - Bisiklet Yaka Uzun Kollu Ribana Erkek Tişört,249.99
SOUTHBLUE - Regular Fit Çizgili Erkek Gömlek,499.99
XSIDE - Bisiklet Yaka Kısa Kollu Erkek Sweatshirt,359.99
LCW Vision - Slim Fit Çizgili Erkek Gömlek,499.99
SLAZENGER - ZODIACS Erkek Polo Yaka Siyah Tişört,909.90
XSIDE - Standart Kalıp Fermuarlı Cepli Erkek Jogger Eşofman Altı,499.99
DARK SEER - DS Cooper Casual Ayakkabı 2026 Erkek,834.00
XSIDE - Henley Yaka Erkek Tişört,399.99
LCWAIKIKI Classic - Bisiklet Yaka Erkek Tişört,329.99
SLAZENGER - CAMBLY Erkek Futbol Ayakkabı Siyah / Yeşil,999.90
Tarz Cool - Erkek Bisiklet Yaka Slim Fit Saç Örgülü Triko Kazak,644.25
LCW ACCESSORIES - Kaymaz Silikon Topuklu Erkek Babet Çorap 7'li,399.99
XSIDE - Bisiklet Yaka Baskılı Penye Erkek Tişört,199.99
LCW Vision - Standart Kalıp Müslin Erkek Pantolon,599.99
Ayakmod - Beyaz Lastik Bağcıklı Erkek Casual Ayakkabı 404 M,970.00
LCW ACCESSORIES - Erkek Bambu Soket Çorap 5'li,399.99
XSIDE - Polo Yaka Nakışlı Erkek Triko Kazak,399.99
LCW Vision - Polo Yaka Erkek Sweatshirt,399.99
Madmext - Siyah Önü Pileli Overfit Erkek Takım E7304,1104.99
Madmext - Füme Önü Pileli Overfit Erkek Takım E7304,1104.99
SLAZENGER - MELBURN I Erkek Beyaz Günlük Spor Ayakkabısı,799.99
Remsa - Spor Erkek Büyük Beden Eşofman Altı 3 Cepli Fermuarlı REA-0705 Siyah,899.90
LCW Vision - Petek Dokulu Bisiklet Yaka Erkek Triko Kazak,399.99
TONNY BLACK - Erkek Siyah Cilt Rahat Kalıp Erkek Klasik Ayakkabı,799.97
D'S damat - Pamuk 3'lü Çorap Set SİYAH,189.90
TUDORS - Erkek Relax Fit Rahat Kesim Eskitmeli Cift Cep Siyah Ceket %100 Pamuk Gömlek,954.99
Süperlife - Ikili  Reçme Paça İnce Erkek Büyük Beden Eşofman Altı SPR25BEA52-2,899.00
XSIDE - Bisiklet Yaka Penye Erkek Tişört,399.99
Kiğılı - Uzun Kol Regular Fit Non Iron Ütü Gerektirmeyen Pamuklu Düğmeli Yaka Büyük Beden Gömlek,1499.00
LCW Vision - Polo Yaka Erkek Triko Kazak,399.99
D'S damat - Regular Fit Pamuk Şort Takım,819.90
XSIDE - Bisiklet Yaka Erkek Triko Kazak,399.99
LCWAIKIKI Classic - Dik Yaka Uzun Kollu Çizgili Erkek Sweatshirt,329.99
Gs - VALEN  6FX Siyah Erkek Terlik,786.24
XSIDE ACTIVE - Loose Fit Erkek Jogger Eşofman Altı,999.99
XSIDE - Rahat Kalıp Erkek Müslin Şort,799.99
Chirpy - Kadın Ev İçi Ayakkabı - COZYWALK,769.89
Muggo - DENZEL Günlük Klasik Hakiki Deri Casual Rahat Ortopedik Bağcıksız Erkek Ayakkabı,1179.90
XSIDE ACTIVE - Standart Kalıp Erkek Jogger Eşofman Altı,599.99
LCW Vision - Regular Fit Uzun Kollu Süet Erkek Gömlek Ceket,499.99
Madmext - Lacivert  Erkek Kumaş Pantolon E6577,849.99
Air Jones - Gri Melanj Pamuklu Kalın Yumuşak Dokulu  Fit Basic Erkek Eşofman Takım - 85251,1299.90
Madmext - Siyah Erkek Şort 5438,339.99
Bargello - Erkek Parfüm Odunsu - 50ml Edp No:599,300.00
XSIDE - Standart Kalıp Erkek Gabardin Pantolon,499.99
TONNY BLACK - Çocuk Unisex Siyah Çoçuk Cırtlı Rahat Kalıp Sneaker,779.97
SLAZENGER - GOLDEN I Erkek Sneaker Ayakkabı Beyaz,1019.99
XSIDE - Bisiklet Yaka Erkek Tişört,299.99
XSIDE ACTIVE - Rahat Kalıp Erkek Spor Şort,599.99
Comstar - Erkek Kışlık Cepli Basic Fermuarlı Lacivert Polar Ceket,799.99
XSIDE - Regular Fit Erkek Şort,699.99
SLAZENGER - VINAL Erkek Eşofman Altı Koyu Gri,1109.90
XSIDE ACTIVE - Rahat Kalıp Manchester City Baskılı Erkek Spor Şort,799.99
TONNY BLACK - Erkek Siyah Eva Taban Rahat Kalıp Günlük Spor Ayakkabı,799.97
Chirpy - Erkek Ev Terliği - FELTOR,769.89
TONNY BLACK - Erkek Beyaz Eva Taban Rahat Kalıp Günlük Spor Ayakkabı,799.97
SOUTHBLUE - Regular Fit Keten Karışımlı Erkek Pileli Pantolon,999.99
SLAZENGER - NOCTURA Erkek Gri Kapri,779.90
Buratti - Pamuklu Regular Fit Yarım Fermuarlı 3'lü Paket Polo Yaka %100 Pamuk Tişört 5902434S3,1019.99
SLAZENGER - NOCTURA Erkek Kapri Siyah Şort,779.90
Comstar - Baggy Salaş Bol Ve Rahat Kalıp  Erkek Pantolon,1049.99
Hatemoğlu - Kahverengi Erkek Kemer,373.50
LC WAIKIKI - Standart Kalıp Erkek Pijama Alt Şort,549.99
"Himalaya Since 1930 - Yoğun Nemlendirici Lip Balm Kakao Yağı Besleyici%100 Doğal Renk Silikon Içermez 4,5 gr 3 Adet",299.39
XSIDE - Rahat Kalıp Dik Yaka Erkek Ceket,899.99
Buratti - Pamuklu Regular Fit Yarım Fermuarlı 3'lü Paket Polo Yaka %100 Pamuk Tişört 5902738S3,1104.99
SLAZENGER - EARNINGS Erkek Şort Siyah,989.99
LCW Vision - Bisiklet Yaka Çizgili Erkek Sweatshirt,359.99
XSIDE - Bisiklet Yaka Baskılı Penye Erkek Tişört,329.99
LCWAIKIKI Classic - Polo Yaka Pike Erkek Tişört,549.99
XSIDE - Standart Kalıp Erkek Eşofman Altı,449.99
Daxtors - D0873 Günlük Ortopedik Erkek Klasik Ayakkabı,1651.98
Enisena - Erkek Pijama Takımı -%100 Pamuk -3 Düğmeli-Yaka Roba Biyeli 12608,789.99
TUDORS - Erkek Regular Fit Klasik Kesim Pamuklu 2 İplik Yumuşak Dokulu Bisiklet Yaka Siyah Eşofman Takımı,744.99
LCW Vision - Polo Yaka Çizgili Erkek Kalın Sweatshirt,399.99
LCWAIKIKI Classic - Polo Yaka Desenli Pike Erkek Tişört,399.99
XSIDE ACTIVE - Bisiklet Yaka Baskılı Erkek Spor Tişört,499.99
SLAZENGER - KALINA IN Erkek Fermuar Cepli Koyu Gri Eşofman Altı,799.99
LC WAIKIKI - Pamuklu Esnek Erkek Boxer 5'li,599.99
LCW Vision - Polo Yaka Erkek Tişört,449.99
TUDORS - Erkek 10'Lu Elastanlı Pamuklu Esnek Kumaş Premium Seri Boxer,754.99
Danger - Erkek Yarım Oversize Müslin Kumaş Pamuklu Gömlek Kahverengi,749.99
Eda Taşpınar - Yüksek Korumalı Güneş Kremi SPF50+ 200ml,750.00
Tommylife - Ekru Yazı Nakışlı Dik Yaka  Standart Kalıp Erkek Fermuarlı Sweatshirt Hırka Polar - 87992,1224.90
LCWAIKIKI Classic - Bisiklet Yaka Ribana Erkek Tişört,299.99
LCWAIKIKI Classic - Bisiklet Yaka Erkek Sweatshirt,299.99
Trendseninle - %100 saf pamuk Füme Unisex Tişört,699.60
Eda Taşpınar - Bronzlaştırıcı Koruyucu Yağ SPF 15 - 200 ml,720.00
Madmext - Siyah Rahat Kesim Erkek Eşofman Altı E6578,764.99
SOUTHBLUE - Gömlek Yaka Erkek Ceket,1499.99
XSIDE - Bisiklet Yaka Slogan Baskılı Erkek Triko Kazak,359.99
Tarz Cool - Erkek Keten Karışımlı Gömlek Relaxed Yazlık İnce Kumaş Casual Gömlek,524.25
XSIDE - Bisiklet Yaka NYC Baskılı Erkek Tişört,359.99
Ayakmod - Buz Hafif Esnek Eva Erkek Sabo Terlik 214 M,720.00
SEBOTEKS - %100 Pamuklu Kısa Kollu Cepli Büyük Beden Erkek Pijama Takımı 2045,849.99
XSIDE - Bisiklet Yaka Nakışlı Erkek Triko Kazak,359.99
Comstar - Erkek Trend Basic Bol Paça Krem Baggy Keten Pantolon,879.99
Madmext - Siyah Erkek Yıkamalı Baggy Jean 7216,849.99
"Ella Bonna - Bebek Çocuk Deniz Ayakkabısı, Kaydırmaz Taban, Unisex Havuz Patiği",321.75
Madmext - Beyaz Polo Yaka Triko Erkek Tişört E7471,699.99
Formo - 6'lı Erkek Gri Bambu Yüksek Kaliteli Dikişsiz Yumuşak Nefes Alabilen Sneaker Patik Çorap,279.99
Comstar - Erkek Bol Paça Beli Lastikli Siyah Eşofman Altı,759.99
LCWAIKIKI Classic - Loose Fit Ekose Erkek Gömlek,799.99
XSIDE - Standart Kalıp Baskılı Erkek Şort,599.99
SOUTHBLUE - Dik Yaka Erkek Şişme Yelek,699.99
LCW Vision - Fermuarlı Polo Yaka Erkek Sweatshirt,329.99
Buratti - Pamuklu Regular Fit Düğmeli Polo Yaka 3'lü Paket %100 Pamuk Tişört 5902127S3,999.99
LCW Kids - Bisiklet Yaka Baskılı Unisex Çocuk Tişört,199.99
TRENDHILL - Erkek Düz Paça Rahat Kesim Eşofman Altı 6501,311.95
LC WAIKIKI - Standart Kalıp Pamuklu Esnek Erkek Külot 3'lü,399.99
LCWAIKIKI Classic - Bisiklet Yaka Baskılı Erkek Kalın Sweatshirt,329.99
LCW ACCESSORIES - Gentleman Edp Erkek Parfüm 100 Ml,449.99
Formo - Erkek %100 Doğal Pamuk Uzun Kollu Düğmeli Yüksek Kaliteli Pijama Takımı,699.99
LCW Vision - Bisiklet Yaka Fitilli Erkek Sweatshirt,799.99
SOUTHBLUE - Polo Yaka Erkek Triko Tişört,399.99
Formo - Erkek %100 Doğal Pamuk Ekoseli Kısa Kollu Düğmeli Yüksek Kaliteli Battal Pijama Takımı,699.99
SOUTHBLUE - Bisiklet Yaka Baskılı Erkek Sweatshirt,699.99
LCW Vision - Standart Kalıp Gömlek Yaka Erkek Kaşe Mont,1199.99
Madmext - Skinny Fit Buz Mavisi Erkek Jean 5712,999.90
XSIDE - Loose Fit %100 Pamuk Basic Tişört,399.99
Freemen - Erkek Kışlık Nova Kumaş Su Geçirmez İç Cepli Çıkarılabilir Kapüşonlu Şişme Mont,839.00
LCW STEPS - Deri Görünümlü Erkek Spor Ayakkabı,999.99
D'S damat - Slim Fit Beyaz Düğmeli Yaka %100 Pamuk Yazlık Flamlı Keten Görünümlü Gömlek,1199.25
LCWAIKIKI Classic - Regular Fit Armürlü Erkek Gömlek,699.99
LCWAIKIKI Classic - Bisiklet Yaka Baskılı Erkek Sweatshirt,449.99
D'S damat - Slim Fit Siyah Beli Lastikli İpli Fermuarlı Elastanlı Rahat Jogger Pantolon,1199.25
Madmext - Kahverengi Polo Yaka Triko Erkek Tişört E7464,679.99
Jane's - Unisex Tam Fermuarlı Kapüşonlu Özel Tasarım SweatShirt - Bordo,923.22
SOUTHBLUE - Bisiklet Yaka Erkek Triko Kazak,249.99
LCW Vision - Slim Fit Erkek Gabardin Pantolon,999.99
LCW Vision - Regular Fit Kısa Kollu Desenli Viskon Erkek Gömlek,549.99
XSIDE ACTIVE - Bisiklet Yaka Erkek Spor Tişört,299.99
LCW ACCESSORIES - Desenli Bambu Erkek Patik Çorap 7'li,399.99
LCW Vision - Hakim Yaka Erkek Tişört,359.99
LCW STEPS - Tek Bantlı Erkek Terlik,399.99
LCW STEPS - Bağcıklı Erkek Klasik Ayakkabı,999.99
Madmext - Füme Erkek Jean Pantolon E7419,999.90
LCW Vision - Erkek Bisiklet Yaka 3 İplik Şardonlu Sweatshirt,249.99
Hatemoğlu - Bej Regular Fit Düz 100% Pamuklu Polo Yaka Tişört,973.50
XSIDE - Beli Lastikli Erkek Kargo Pantolon,999.99
Quiksilver - Overcast 3k Warm Jacket Erkek Mavi Mont,749.99
SOUTHBLUE - Bisiklet Yaka Baskılı Erkek Kalın Sweatshirt,279.99
Buratti - Pamuklu Regular Fit Kareli 2'li Paket Pijama Takımı 657200120S2,934.15
TONNY BLACK - Çocuk Unisex Siyah Gümüş Termo Taban Yıldız Detaylı Bağcıklı ve Cırtlı Spor Ayakkabı,649.97
L'Oreal Paris - Hydra (Hyaluronic) Nem ile Dolgunlaştıran Serum (150 ml),279.89
Kiğılı - Uzun Kol Slim Fit Çizgili Klasik Yaka Pamuklu Kolay Ütülenebilir Gömlek,799.99
TONNY BLACK - Çocuk Unisex Beyaz Termo Taban Yıldız Detaylı Bağcıklı ve Cırtlı Spor Ayakkabı,649.97
XSIDE - Baggy Fit Erkek Jean Pantolon,999.99
TUDORS - Hakiki Deri Erkek Kahverengi Cüzdan,874.99
Madmext - Lacivert Erkek Rahat Kesim Keten %100 Pamuk Pantolon 6539,679.99
Koza İç Giyim - Mavi Erkek Kısa Kollu Pamuklu Hayvan Desenli Pijama Takımı - S000265560-37368 |,759.90
Billabong - All Day Stripe Lb Erkek Siyah Volley Short,649.99
Formo - Erkek %100 Doğal Pamuk Kısa Kollu Düğmeli Yüksek Kaliteli Pijama Takımı,649.99
Tarz Cool - Erkek Kontrast Yaka Basic Tişört – Modern ve T-Shirt,494.25
Etikmen - Panolu Yeşil Beyaz Geçişli Keten Slimfit Erkek %100 Pamuk Gömlek,749.99
Altınyıldız Classics - Erkek Mavi-Lacivert Desenli Kravat-Mendil Set,710.99
LCW Vision - Standart Kalıp Beli Lastikli Bağcıklı Erkek Pantolon,1199.99
Formo - PREMIUM Erkek %100 Doğal Pamuk Ekose Desenli Yüksek Kaliteli Baskılı Kısa Kollu Cepli Pijama Takımı,649.99
Genius Store - Erkek Pantolon Beli Lastikli Jogger Pantolon Cepli Fit Pantolon ERKEK-JOGGER,629.99
LCW Vision - Standart Kalıp Fitilli Erkek Pantolon,999.99
TONNY BLACK - Erkek Kahve Eva Taban Rahat Kalıp Günlük Spor Ayakkabı,799.97
LCWAIKIKI Classic - Kapüşonlu Erkek Fermuarlı Sweatshirt,699.99
LC WAIKIKI - Standart Kalıp Ekose Erkek Pijama Altı,699.99
Mmetalic - Erkek 2'Li Cepleri Fermuarlı Siyah-Antrasit Bermuda Diz Altı Kapri Beli Ayarlanabilir Lastikli Uzun,749.99
TONNY BLACK - Çocuk Unisex Saks Rahat Kalıp Çift Bantlı Ayakkabı,599.97
justmore - Erkek Cepli Kısa Kollu Bermuda Pijama Takımı,629.30
"NIVEA - Sun Güneş Kremi SPF 50+ Güneş Alerjisine Karşı Hassas Koruma 200 ml Sprey, Çok Yüksek Güneş Koruyucu",1054.90
XSIDE ACTIVE - Standart Kalıp Erkek Eşofman Altı,399.99
AC&Co / Altınyıldız Classics - Erkek Haki Pamuklu Tailored Slim Fit Dar Kesim Düğmeli Yaka Örme Gömlek,645.99
LC WAIKIKI - Standart Kalıp Erkek Şortlu Pijama Takımı,649.99
TUDORS - Erkek Regular Fit Klasik Kesim Beli Lastikli Bağcıklı Koyu Haki Jogger Pantolon,634.99
Altınyıldız Classics - Erkek Vizon %100 Pamuk Standart Fit Normal Kesim Polo Yaka Triko Tişört,899.99
Sabri Özel - Erkek Parlement Normal Kesim Regular Fit Modal Düğmeli Polo Yaka Tişört,699.00
TUDORS - Erkek Regular Fit Klasik Kesim Kolay Ütü Nefes Alan Doku Kravatlık Dört Mevsim Beyaz Gömlek,329.99
LCW Vision - Rahat Kalıp Kapüşonlu Erkek Mont,999.99
"Freemen - Erkek 3 Adet Tişört Paketi, 30/1 Süprem Pamuk, Yumuşak Doku, Bisiklet Yaka",607.45
Madmext - Mavi Basic %100 Pamuklu Uzun Kollu Erkek Gömlek E6761,679.99
Eda Taşpınar - SPF 50+ Invisible Güneş Korucu Face Stick (EGY0032),600.00
Madmext - Siyah Polo Yaka Triko Erkek Tişört E7471,594.99
United Colors Of Benetton - Erkek Siyah Logolu Beyzbol Şapkası,599.99
Tutku - 6'lı Erkek Siyah %100 Pamuk Ribana Büyük Beden Atlet,699.99
LCW ACCESSORIES - Erkek Göğüs Çantası,499.99
LCWAIKIKI Classic - Çizgili Polo Yaka Erkek Tişört,599.99
XSIDE - Bisiklet Yaka NYC Baskılı Penye Erkek Tişört,299.99
L'Oreal Paris - Bright Reveal Spf 50+ Koyu Leke Karşıtı Renkli Fluid Günlük Yüz Güneş Kremi 50 ml - Light,679.95
Comstar - Erkek Yazlık Elastanlı Slim Fit Gömlek Yaka Kısa Kollu Gömlek,599.99
Fullamoda - Fermuarlı Slim Fit Jean,719.99
XSIDE - Standart Kalıp Erkek Şort,449.99
LCW Jeans - Regular Fit Erkek Jean Pantolon,999.99
SLAZENGER - RODOLF Erkek Lacivert Mayo,639.90
Madmext - Taş Rengi Bisiklet Yaka Slim Fit Triko Erkek Tişört E7466,594.99
Tommylife - Siyah Hızlı Kuruyan Standart Fit Erkek Deniz Şortu - 81237,699.90
Buratti - Pamuklu Regular Fit Normal Bel Düz Paça Cepli 2'li Paket Pijama Altı 6574003S2,594.99
Koza İç Giyim - Erkek Pamuklu Siyah - Gri Uzun Kollu Cepli Pijama Takımı - S000328084-37287 |,759.90
LC WAIKIKI - U Yaka Penye Erkek Atlet 2'li,449.99
Madmext - Erkek Mürdüm Polo Yaka Fermuarlı Tişört 6876,594.99
A.S.L GOLF CLUB - Unisex Çocuk Beyaz Pantolon,589.99
Abluka Online - Erkek Nakışlı Vintage Beyzbol Şapka Haki,549.90
Formo - Erkek Lacivert %100 Pamuk Kısa Kollu Pijama Takımı,649.99
Freemen - Erkek Basic Gabardin Kumaş Fermuarlı Oversize Mevsimlik Polo Yaka Ceket,709.00
XSIDE - Slim Fit Armürlü Erkek Pantolon,799.99
LCW Kids - Nostaljik Maymun Baskılı Unisex Çocuk Tişört,279.99
XSIDE - Bisiklet Yaka Cepli Erkek Penye Tişört,499.99
LCW STEPS - Bağcıklı Erkek Spor Ayakkabı,1099.99
Madmext - Lacivert Slim Fit Polo Yaka Triko Erkek Tişört E7472,594.99
LC WAIKIKI - Bisiklet Yaka Çizgili Erkek Pijama Takım,999.99
Jane's - Baskılı Oversize Bisiklet Yaka T-shirt - Siyah,652.14
SOUTHBLUE - Regular Fit Erkek Gömlek Ceket,1499.99
Daxtors - D10180 Günlük Klasik Hakiki Deri Erkek Ayakkabı,1749.72
LCW Jeans - Regular Fit Erkek Jean Pantolon,1099.99
SLAZENGER - RODOLF Erkek Siyah Mayo,639.90
Madmext - Kahverengi Hakim Yaka Keten Görünümlü Pamuklu Uzun Kollu Erkek %100 Pamuk Gömlek 6745,594.99
TUDORS - 5'Li Siyah-Lacivert Klasik Erkek Çorap,234.99
LCW BUSINESS - Regular Fit Ekose Erkek Gömlek,649.99
XSIDE - Rahat Kalıp Erkek Pantolon,899.99
SLAZENGER - JAGGER 3 lü Erkek  Siyah / Beyaz Çorap,229.90
LC WAIKIKI - Slim Fit Baskılı Erkek Pijama Alt Şort,499.99
LCWAIKIKI Classic - Regular Fit Keten Karışmlı Erkek Şort,999.99
Abluka Online - Unisex Basic Yıkamalı Beyzbol Şapka Turuncu,549.90
Fullamoda - Çizgili Beli Lastikli Pantolon,549.99
AC&Co / Altınyıldız Classics - Erkek Nefti-Beyaz Pamuklu Comfort Fit Rahat Kesim Polo Yaka Cepli Tişört,541.49
Etikmen - Beyaz Hakim Yaka Üç Düğmeli Keten Slimfit Erkek %100 Pamuk Gömlek,749.99
XSIDE - Standart Kalıp FIFA 2026 Baskılı Erkek Şort,999.99
Kompedan - Erkek Uzun Kollu 4 Mevsim Penye Süprem Önü Patlı Pijama Takımı | Lacivert 802,514.99
LCW Vision - Dik Yaka Erkek Fermuarlı Sweatshirt,549.99
LCW Vision - Standart Kalıp Dik Yaka Erkek Mont,1299.99
LCW Vision - Rahat Kalıp Gömlek Yaka Süet Erkek Mont,1299.99
SLAZENGER - OFER IN Erkek Jogger Eşofman Altı Siyah,729.90
SOUTHBLUE - Regular Fit Erkek Dokulu Pileli Pantolon,1299.99
Fullamoda - Beli Lastikli Cepli Jogger Pantolon,549.99
LCWAIKIKI Classic - Slim Fit Erkek Şort,649.99
Formo - Erkek %100 Organik Doğal Pamuk Ekose Cep Detaylı Yüksek Kalite Kısa Kollu Battal Pijama Takımı,549.99
Polaris - 410046.M6FX Siyah Erkek Sabo Terlik,573.74
LCW Vision - Regular Fit Resort Yaka Krinkle Erkek Gömlek,699.99
SLAZENGER - RENO Erkek Mayo Saks Mavi,639.90
Trendseninle - Beyaz Vancouver Baskılı Regular Tişört,499.60
Koza İç Giyim - Erkek Pamuklu Kısa Kollu Palmiye Desenli Cepli Şortlu Pijama Takımı,499.99
TUDORS - Erkek Slim Fit Dar Kesim Lastikli Bel Bağcık Detaylı Pileli Taş Pantolon,534.99
Koza İç Giyim - Erkek Pamuklu Kısa Üst Baskılı Cepli Şort Pijama Takımı,499.99
Koza İç Giyim - Erkek Kısa Kollu Pamuklu Ekose Desenli Ördek Baskılı %100 Pamuk Şortlu Pijama Takımıı,549.90
Eda Taşpınar - Kalıcı Bronzluk Losyonu - 200 ml,520.00
Line Smart - 6'lı Erkek Beyaz Pamuklu Patik Çorap,199.99
TUDORS - Erkek Regular Fit Rahat Kesim Müslin %100 Pamuk Beli Lastikli Cepli Bağcıklı Beyaz Şort,584.99
XSIDE - Bisiklet Yaka Baskılı Erkek Tişört,499.99
Mmetalic - Erkek Siyah Regular Fit Dik Yaka Fermuarlı Uzun Kollu Hırka,599.99
LCW Vision - Regular Fit Desenli Erkek Gömlek,699.99
AC&Co / Altınyıldız Classics - Erkek Karışık 5'li Boxer Paketi,712.49
Fullamoda - Yarım Fermuarlı Polo Yaka Triko Tişört,499.99
Trendseninle - Beyaz Horse Baskılı Hırka,399.60
LC WAIKIKI - Bisiklet Yaka Düz Erkek Pijama Takımı,999.99
Ayakmod - Beyaz Eva Hafif Erkek Sabo Terlik 214 M,720.00
TUDORS - Hakiki Deri Erkek Siyah Cüzdan,539.99
LCWAIKIKI Classic - Gömlek Yaka Erkek Ceket,1499.99
SOUTHBLUE - Standart Kalıp Dik Yaka Erkek Şişme Yelek,899.99
Süperlife - Erkek Büyük Beden N Logolu Paça Lastikli Rahat Kesim Jogger İnce Eşofman Altı SPR26BEA951-4,480.00
Toms - Erkek Espadril 10019858 10019881 ALP FWD,4749.00
LCW ACCESSORIES - Dark Black EDP Erkek Parfüm 100 ml,449.99
Formo - Erkek %100 Pamuk Uzun Kollu Baskılı Kaliteli Pijama Takımı,599.99
NIVEA - SUN Hafif Dokulu Güneş Koruyucu Yüz Kremi 40 ml SPF 50+,824.90
Madmext - Erkek Lacivert Müslin Uzun Kollu %100 Pamuk Gömlek 6742,589.99
LCW STEPS - Hasır Tabanlı Erkek Espadril,899.99
TUDORS - Erkek Lacivert Pamuklu Baggy Fit Rahat Kesim Beli Bağcıklı Yan Cepli Örme Eşofman Altı,494.99
Madmext - Erkek Siyah Polo Yaka Fermuarlı Tişört 6876,594.99
Buratti - Regular Fit Uzun Kollu Düğmeli Yaka Erkek Gömlek CF25S116777,552.49
Güneş - Standart Kalıp Pamuklu Esnek Erkek Boxer 5'li,664.99
Madmext - Bej Fermuar Detaylı Paraşüt Jogger Pantolon,679.99
Madmext - Siyah Fermuar Detaylı Paraşüt Jogger Pantolon,679.99
Madmext - Çağla Yeşili Fermuar Yakalı Çizgili Sweatshirt 7056,579.99
AC&Co / Altınyıldız Classics - Erkek Lacivert Slim Fit Dar Kesim %100 Pamuk Polo Yaka Tişört,687.79
AVON - Full Speed Surfer Erkek Parfüm Edt 75 Ml.,569.90
Madmext - Haki Kargo Cep Erkek Kapri Şort 5737,674.99
Jane's - Unisex Baskılı Oversize T-Shirt - Siyah,660.60
SLAZENGER - OFER IN Erkek Jogger Eşofman Altı Koyu Gri,729.90
SLAZENGER - OFER IN Erkek Jogger Eşofman Altı Gri,729.90
LCW ACCESSORIES - Erkek Soket Çorap 10'lu,449.99
LCWAIKIKI Classic - Kalın Erkek Jogger Eşofman Altı,649.99
Gezer - Yazlık Sabo Erkek Terlik,612.57
SLAZENGER - KALLIE Erkek Cepli Gri Şort,567.90
Tarz Cool - Tam Kalıp Bürümcük Kumaş Gömlek Zümrüt Beyaz,516.75
LCW STEPS - Süet Görünümlü Erkek Spor Ayakkabı,999.99
Loris - E-261 Frequence Erkek Parfüm EDP 50 ML,599.90
Oksit - Kapty Erkek Büyük Beden Battal Basic Bisiklet Yaka Pamuklu T-Shirt Rahat Kesim Unisex Sevgili Kombin,431.91
SOUTHBLUE - Standart Kalıp Erkek Keten Blazer Ceket,2499.99
XSIDE - Standart Kalıp Erkek Eşofman Altı,549.99
Buratti - Pamuklu Regular Fit Normal Bel Düz Paça Cepli 2'li Paket %100 Pamuk Pijama Altı 6574003S2,594.99
Tommylife - Siyah Basic Kısa Kol O Yaka  Erkek Büyük Beden Tişört - 88072,774.90
Oksit - Yeşil Benriy Erkek  Basic Bisiklet Yaka Pamuklu T-Shirt Rahat Kesim Unisex Sevgili Kombini-18194,431.91
LCWAIKIKI Classic - Standart Kalıp Gabardin Erkek Şort,699.99
TONNY BLACK - Unisex Beyaz Rahat Kalıp Bağcıklı Uzun Spor Ayakkabı,429.97
Madmext - Siyah Hakim Yaka Düğme Detaylı Kısa Kollu %100 Pamuk Tişört 7021,499.99
LCW Modest - Dantel Detaylı Soft Touch Kadın Tişört,599.99
LCW DREAM - Bisiklet Yaka Baskılı Kadın Kaprili Pijama Takımı,699.99
LCW Modest - Beli Kemerli Poplin Gömlek Elbise,1799.99
XSIDE - Beli Lastikli Puantiyeli Poplin Pileli Etek,999.99
LCW DREAM - Dik Yaka Desenli Kadın Tesettür Mayo Takımı,1499.99
XSIDE - Belden Oturtmalı Gömlek Elbise,1999.99
LCW DREAM - Bisiklet Yaka Baskılı Kadın Şortlu Pijama Takımı,499.99
LCW DREAM - Bisiklet Yaka Baskılı Kadın Pijama Takımı,799.99
LCW STUDIO - Kruvaze Yaka Keten Karışımlı Kadın Blazer Ceket,1499.99
LCW STUDIO - Kruvaze Yaka Kemerli Kadın Klasik Yelek,899.99
LCW Modest - Beli Bağlamalı Anvelop Etek,999.99
LCW Modest - Müslin Kadın Gömlek Tunik,599.99
LCW Modest - Bağlama Detaylı Kadın Gömlek Tunik,549.99
LCW EVERYDAY - Parlak Dokulu Leopar Desenli Kadın Tişört,499.99
LCW Modest - Bisiklet Yaka Kadın Tişört,299.99
LCW Jeans - Beli Kemerli Wideleg Kadın Jean Pantolon,999.99
LCW EVERYDAY - Bisiklet Yaka Kadın Atlet,299.99
LCW Modest - Beli Lastikli Kadın Pantolon,599.99
LCW Modest - Kadın Keten Gömlek,1499.99
LCW EVERYDAY - Çizgili Kadın Gömlek Tunik,899.99
LCW Vision - Beli Kemerli Havuç Kesim Pileli Kadın Pantolon,1099.99
LCW Vision - Havuç Kesim Kadın Pileli Kumaş Pantolon,699.99
LCWAIKIKI Basic - Beli Lastikli Kadın Şort,359.99
LCW Comfort - V Yaka Kadın Tişört,299.99
LCW Modest - Gömlek Yaka Kadın Jean Elbise,1199.99
LCW Modest - Kadın %100 Keten Gömlek,1199.99
LCW Modest - Kapüşonlu Oversize Kadın Tunik,1099.99
LCW Modest - Kuşaklı Keten Karışımlı Gömlek Elbise,799.99
LCW Vision - Beli Lastikli Kadın Pantolon,699.99
LCW Modest - Bisiklet Yaka Taşlı Kadın Tişört,499.99
LCW Modest - Bisiklet Yaka Keten Karışımlı Elbise,1299.99
LCW Modest - Beli Fermuarlı Büzgülü Etek,999.99
XSIDE - Beli Lastikli Keten Karışımlı Kadın Pantolon,899.99
LCW Modest - Desenli Oversize Kadın Gömlek Tunik,799.99
LCW Modest - Beli Lastikli Havuç Kesim Kadın Pantolon,699.99
LCW Vision - Dik Yaka Kadın Gabardin Ceket,999.99
LCW Vision - Bisiklet Yaka Belden Oturtmalı Elbise,1499.99
XSIDE - Oversize Kadın Keten Gömlek,1299.99
LCW Modest - Balon Kollu Müslin Uzun Elbise,899.99
LCW Comfort - Bisiklet Yaka Yıldız İşlemeli Kadın Tişört,399.99
LCW Vision - Bisiklet Yaka Kemerli Elbise,799.99
LCW Modest - Keten Karışımlı Kadın Gömlek Tunik,999.99
XSIDE - Geniş Paça Soft Touch Kadın Eşofman Altı,699.99
LCWAIKIKI Basic - Kapüşonlu Oversize Kadın Fermuarlı Sweatshirt,549.99
LCW DREAM - Gömlek Yaka Çiçekli Kadın Pijama Takım,799.99
LCW Modest - Yüksek Bel Wideleg Kadın Jean Pantolon,549.99
LCW Comfort - Fırfırlı Hakim Yaka Kadın Gömlek Tunik,799.99
LCWAIKIKI Classic - Gömlek Yaka Beli Kuşaklı Jean Elbise,899.99
LCW Vision - Bisiklet Yaka California Baskılı Kadın Tişört,299.99
LCW Modest - Beli Lastikli Geniş Paça Kadın Pantolon,699.99
LCW EVERYDAY - Gömlek Yaka Jean Elbise,1599.99
LCW Modest - Beli Bağlamalı Anvelop Etek,699.99
LCW EVERYDAY - Bisiklet Yaka Baskılı Kadın Tişört,359.99
LCW Grace - Keten Karışımlı Kadın Gömlek Tunik,399.99
LCW Modest - Fırfırlı Dik Yaka Kadın Body,229.99
LCW Vision - Beli Kuşaklı Geniş Paça Kadın Pantolon,499.99
KOOR SPORT - Beli Lastikli İspanyol Paça Kadın Spor Tayt,599.99
LCW Modest - Bağlama Detaylı Kadın Gömlek Tunik,899.99
LCW Modest - Şal Yaka Oversize Kadın Kimono,799.99
LCW Modest - Soft Touch Kadın Eşofman Altı,699.99
LCW Vision - Kruvaze Yaka Beli Kuşaklı Kadın Klasik Yelek,899.99
XSIDE - Beli Lastikli Poplin Pileli Etek,999.99
LCW EVERYDAY - Polo Yaka Soft Touch Kadın Tişört,599.99
LCWAIKIKI Classic - Slim Fit Kadın Jean Pantolon,799.99
LCW Modest - Dokulu Kadın Gömlek Tunik,599.99
LCWAIKIKI Classic - Kare Yaka Beli Kemerli Jean Salopet Elbise,999.99
LCW Modest - Beli Lastikli Geniş Paça Kadın Pantolon,899.99
LCW Vision - Leopar Desenli İp Askılı A Kesim Elbise,1099.99
LCW DREAM - Baskılı Kadın Kaprili Pijama Takımı,699.99
LCW Modest - Wideleg Kadın Jean Pantolon,699.99
LCW Modest - Puantiyeli Vual Kadın Gömlek,799.99
LCW Vision - Beli Fermuarlı Dar Fit Kadın Pantolon,399.99
LCW Modest - Kapüşonlu Oversize Kadın Tunik,999.99
LCW Vision - Kruvaze Yaka Oversize Kadın Trençkot,1799.99
LCW Jeans - Crop Flare Kadın Jean Pantolon,899.99
LCW Vision - Bisiklet Yaka Kadın Tişört,399.99
LCW Modest - Dokulu Kuşaklı Gömlek Elbise,1299.99
LCW Comfort - Belden Oturtmalı Midi Elbise,699.99
LCW Jeans - Barrel Fit Kadın Jean Pantolon,699.99
LCW Modest - Beli Lastikli Kadın Keten Pantolon,1299.99
LCW Modest - Çizgili Oversize Kadın Gömlek Tunik,1199.99
LCW Vision - Bisiklet Yaka Belden Oturtmalı Elbise,1299.99
LCW Modest - Kadın %100 Keten Gömlek,1499.99
LCW Vision - Kapüşonlu Kadın Deri Görünümlü Yağmurluk,1199.99
LCW Grace - Bağlamalı Yaka Çiçek Nakışlı Bluz,499.99
LCW DREAM - Beli Lastikli Fitilli Kadın Pijama Altı,549.99
LCW Vision - Geniş Paça Soft Touch Kadın Eşofman Altı,359.99
LCW Grace - Bisiklet Yaka A Kesim Elbise,1499.99
LCW Modest - Bisiklet Yaka Keten Karışımlı Bluz,899.99
LCW Modest - Kaçık Yaka Büzgülü Bluz,999.99
LCW DREAM - Çiçekli Kadın Patik Çorap 5'li,229.99
LCW EVERYDAY - Çizgili Kadın Gömlek,549.99
LCW Vision - Loose Fit Çizgili Kadın Pileli Kumaş Pantolon,599.99
LCW STUDIO - Kruvaze Yaka Çizgili Kadın Blazer Ceket,1499.99
XSIDE - Beli Lastikli Kadın Keten Pantolon,1299.99
LCW Modest - Beli Lastikli Keten Karışımlı Kadın Pantolon,899.99
LCW DREAM - Beli Lastikli Kadın Pijama Alt,359.99
LCW DREAM - Bisiklet Yaka Baskılı Kadın Pijama Takımı,699.99
XSIDE - Harry Potter Baskılı Oversize Kadın Tişört,549.99
LCW Vision - Loose Fit Kadın Pantolon,499.99
LCW Modest - Beli Lastikli Kloş Etek,999.99
LCW Modest - Beli Lastikli Kloş Müslin Etek,549.99
LCW Vision - Bisiklet Yaka Püskül Detaylı Kadın Tüvit Ceket,799.99
LCW DREAM - Kadın Düz Sneaker Çorap 5'li,179.99
LCW Modest - Straight Fit Kadın Jean Pantolon,899.99
LCW Modest - Hakim Yaka Beli Büzgülü Kadın Tunik,1199.99
LC WAIKIKI - Beli Lastikli Kadın Şort,279.99
LCW Modest - Fırfırlı Dik Yaka Kadın Body,399.99
LCW Vision - Kruvaze Yaka Kadın Klasik Yelek,699.99
LCW Modest - Kruvaze Yaka Kadın Müslin Kimono,599.99
LCW Comfort - Beli Kuşaklı Gömlek Elbise,899.99
LCW Modest - Kadın Jean Gömlek Tunik,1099.99
LCW Comfort - Bisiklet Yaka Çiçek Aplikeli Kadın Tişört,399.99
LCWAIKIKI Classic - Fular Yakalı Çizgili Kadın Gömlek Tunik,549.99
LCW DREAM - U Yaka İp Askılı Kadın Kaplı Atlet,359.99
LCW DREAM - U Yaka İp Askılı Kadın Atlet,199.99
LCW Modest - Havuç Kesim Dokulu Kadın Müslin Pantolon,599.99
LCW Modest - Çizgili Oversize Poplin Kadın Gömlek Tunik,799.99
LCWAIKIKI Classic - %100 Keten Kadın Gömlek Tunik,899.99
LCW Modest - Beli Fermuarlı Büzgülü Kloş Etek,1299.99
LCW STUDIO - Beli Lastikli Çizgili Keten Karışımlı Kadın Pantolon,899.99
LCW DREAM - Yüksek Bel Klasik Külot 3'lü,299.99
XSIDE - Beli Fermuarlı Kloş Etek,1199.99
XSIDE - Belİ Lastikli Geniş Paça Kadın Pantolon,799.99
LCW Modest - Kruvaze Yaka Kadın Klasik Yelek,799.99
LCW Modest - Flare Kadın Jean Pantolon,699.99
LCW Modest - Beli Lastikli Kloş Müslin Etek,799.99
LC WAIKIKI - Beli Lastikli Kadın Kapri,329.99
LCW Grace - Bisiklet Yaka Nakışlı Bluz,549.99
LCW Modest - Kadın Gömlek Tunik,799.99
LCW DREAM - Dik Yaka Desenli Kadın Tesettür Mayo Takımı,1999.99
LCW Modest - Bisiklet Yaka Çizgili Kadın Tişört,359.99
LCW Vision - Bisiklet Yaka Büzgülü Elbise,599.99
XSIDE - Çizgili Keten Karışımlı Oversize Kadın Gömlek,699.99
LCW DREAM - Bisiklet Yaka Baskılı Kadın Pijama Takımı,329.99
LCW Modest - Oversize Keten Karışımlı Kadın Gömlek Tunik,999.99
LCW Vision - Oversize Kadın Jean Gömlek,799.99
LCWAIKIKI Classic - Halter Yaka Puantiyeli A Kesim Elbise,649.99
LCW Vision - Monte Carlo Nakışlı Kadın Tişört,359.99
LCW DREAM - Ayı Teddy Baskılı Kadın Pijama Takım,799.99
LCW DREAM - Gömlek Yaka Müslin Kadın Şortlu Pijama Takımı,599.99
LCW EVERYDAY - Dokulu Yırtmaçlı Gömlek Elbise,799.99
LCW Modest - V Yaka Beli Kemerli Kadın Klasik Yelek,799.99
LCW Modest - Keten Karışımlı Kadın Gömlek Tunik,1099.99
LCW EVERYDAY - Kemerli Belden Oturtmalı Elbise,799.99
LCW EVERYDAY - Beli Lastikli Soft Touch Kadın Eşofman Altı,799.99
LCW Vision - Bisiklet Yaka Kemerli Elbise,699.99
LCW Grace - Fırfırlı Hakim Yaka A Kesim Elbise,1199.99
LCW Modest - Dik Yaka Oversize Kadın Yelek,899.99
XSIDE - Bebe Yaka Kadın Gömlek,999.99
LCW Comfort - Belden Oturtmalı Büzgülü Gömlek Elbise,899.99
LCW Modest - Beli Lastikli Soft Touch Kadın Eşofman Altı,799.99
LCW Vision - Büzgülü A Kesim Modal Karışımlı Elbise,1299.99
LCWAIKIKI Basic - V Yaka Kadın Tişört,499.99
LCW Vision - Bisiklet Yaka Kadın Tişört,299.99
LCW Vision - Kruvaze Yaka Kadın Trençkot,1999.99
LCW Vision - Kare Yaka Kadın Atlet,299.99
LCW Modest - Regular Fit Beli Lastikli Kloş Kadın Etek,999.99
LCW Vision - Wideleg Kadın Jean Pantolon,599.99
LCW Vision - Kare Yaka Askılı Poplin Belden Oturtmalı Elbise,1299.99
LCWAIKIKI Classic - Beli Lastikli Çizgili Müslin Kadın Pantolon,499.99
LCW Comfort - Flare Kadın Jean Pantolon,899.99
LCWAIKIKI Basic - Beli Lastikli Soft Touch Kadın Eşofman Altı,799.99
LCW Comfort - Bisiklet Yaka Modal Karışımlı Elbise,999.99
LCW EVERYDAY - Dantel Detaylı Kadın Gömlek,799.99
KOOR SPORT - Bisiklet Yaka Oversize Kadın Spor Tişört,599.99
LCW Grace - Bağlamalı Yaka Nakışlı Bluz,499.99
LCW Modest - Modal Karışımlı A Kesim Elbise,999.99
LCWAIKIKI Basic - V Yaka Soft Touch Kadın Tişört,359.99
LCW EVERYDAY - Bisiklet Yaka Taşlı Bluz,249.99
LCWAIKIKI Classic - Dokulu Kadın Gömlek Tunik,599.99
LCW Vision - Bisiklet Yaka Dantelli Bluz,699.99
XSIDE - V Yaka Kadın Kroşe Yelek,799.99
LCW Vision - Modal Karışımlı Büzgülü Elbise,999.99
LCW Vision - V Yaka İp Askılı A Kesim Elbise,1099.99
LCW Modest - Kapüşonlu Kadın Tunik,999.99
LCWAIKIKI Classic - Dik Yaka Kadın Şişme Yelek,549.99
LCW Vision - Los Angeles Baskılı Oversize Kadın Tişört,359.99
XSIDE - Çiçekli Büzgülü Keten Karışımlı Elbise,1199.99
LCW EVERYDAY - Bisiklet Yaka Kadın Tişört,299.99
LCW Modest - Bebe Yaka Nakışlı Kadın Gömlek Tunik,999.99
LCW DREAM - Gömlek Yaka Çiçekli Kadın Pijama Takımı,699.99
LCW Vision - Carrot Fit Kadın Pileli Pantolon,899.99
LCW STUDIO - Gömlek Yaka Kadın Jean Ceket,1199.99
LCW DREAM - Beli Lastikli Çiçekli Kadın Pijama Altı,399.99
LCW DREAM - U Yaka Askılı Kadın Atlet 2'li,399.99
LCW Comfort - Leopar Desenli Mini Jean Elbise,1299.99
LCW Vision - Keten Karışımlı Kadın Blazer Ceket,1599.99
LCW Vision - Balon Kollu Kadın Brode Gömlek,899.99
LCW DREAM - Tek Omuz Kadın Etekli Mayo,1199.99
LCW Comfort - Polo Yaka Kadın Tişört,599.99
LCW DREAM - Bisiklet Yaka Çiçekli Kadın Kaprili Pijama Takımı,699.99
LCW STUDIO - Poplin Kadın Gömlek Tunik,999.99
LCW EVERYDAY - Çiçekli Kuşaklı Kadın Gömlek Tunik,549.99
LCW Modest - Dokulu Keten Karışımlı Kadın Gömlek Tunik,999.99
LCW Young - Yıldız Baskılı Kadın Şortlu Pijama Takımı,699.99
LCW Vision - Hakim Yaka Kadın Yelek,999.99
LCW Vision - Beli Lastikli Dokulu Kadın Pantolon,699.99
LCW DREAM - V Yaka Leopar Desenli Kadın Pijama Takımı,799.99
LCW Vision - Şal Yaka Kadın Yelek,1499.99
LCW EVERYDAY - Gömlek Yaka Belden Oturmalı Elbise,699.99
LCW DREAM - Ayı Teddy Baskılı Kadın Pijama Takım,1099.99
LCW Modest - Müslin Kadın Gömlek Tunik,499.99
LCW Modest - Beli Lastikli Geniş Paça Kadın Pantolon,1099.99
LCW Vision - Oversize Kadın Gömlek,699.99
XSIDE - Bisiklet Yaka Kadın Tişört,249.99
LCW Vision - Çizgili Oversize Poplin Kadın Gömlek,899.99
LCW DREAM - Bisiklet Yaka Baskılı Kadın Pijama Takımı,449.99
LCW Vision - Bisiklet Yaka Kemerli Elbise,999.99
LCW Grace - Kaçık Yaka Nakışlı Bluz,649.99
LCW Modest - Kare Yaka Jile Elbise,1299.99
LCW Jeans - Jüpiter Süper Skinny Fit Kadın Jean Pantolon,699.99
LCW Vision - Şal Detaylı Nakışlı Yarasa Kol Brode Bluz,1299.99
LCW Vision - Paris Baskılı Oversize Kadın Tişört,359.99
XSIDE - Bisiklet Yaka Mickey Mouse Baskılı Kadın Tişört,299.99
LCWAIKIKI Classic - Oversize Modal Karışımlı Kadın Gömlek,899.99
LCW Vision - Kapüşonlu Kadın Şişme Mont,599.99
LCW Vision - U Yaka Belden Oturtmalı Brode Elbise,1799.99
LCW EVERYDAY - V Yaka Modal Karışımlı Bluz,899.99
LCW Vision - Dik Yaka Kapitone Oversize Kadın Şişme Yelek,699.99
XSIDE - Beli Lastikli Puantiyeli Kloş Etek,999.99
LCW Jeans - Jüpiter Süper Skinny Fit Kadın Jean Pantolon,549.99
LCW Jeans - Straight Fit Kadın Jean Pantolon,499.99
LCW Modest - Bisiklet Yaka Baskılı Kadın Tişört,359.99
LCW EVERYDAY - Batik Desenli Kadın Gömlek Tunik,549.99
LCWAIKIKI Classic - Beli Lastikli Modal Karışımlı Kadın Pantolon,549.99
LCW Jeans - Yüksek Bel Wideleg Kadın Jean Pantolon,1099.99
LCW DREAM - Fiyonk Desenli Kadın Patik Çorap 5'li,249.99
LCW Vision - Geniş Paça Kadın Pantolon,899.99
LCW EVERYDAY - Dokulu Yırtmaçlı Gömlek Elbise,1099.99
LCW Grace - Beli Lastikli Kadın Pantolon,399.99
LCW DREAM - Bisiklet Yaka Yıldız Desenli Kadın Pijama Takım,699.99
XSIDE - Karpuz Kol Mini Elbise,999.99
LCWAIKIKI Classic - Yüksek Bel Barrel Fit Kadın Jean Pantolon,449.99
LCW STEPS - Deri Görünümlü Kadın Babet,999.99
LCW STUDIO - Çizgili Oversize Kadın Gömlek Tunik,649.99
LCW Vision - Çizgili Peplum Kadın Gömlek,599.99
LCW Vision - Oversize Kadın Gömlek,999.99
LCWAIKIKI Classic - Desenli Kadın Gömlek Tunik,899.99
LCW STUDIO - Çizgili Kadın Gömlek Tunik,899.99
LCW Modest - Beli Lastikli Soft Touch Kadın Eşofman Altı,899.99
LCW DREAM - Balenli Dolgusuz Straplez Sütyen 2'li,799.99
LCW DREAM - Leopar Desenli Kadın Pijama Takımı,699.99
LCW Vision - A Kesim Modal Karışımlı Elbise,899.99
LCW Vision - Bağlamalı Yaka Oversize Bluz,549.99
LCW Vision - Halter Yaka Desenli Büzgülü Elbise,999.99
LCW EVERYDAY - Kapüşonlu Kadın Ceket,1099.99
LCWAIKIKI Classic - Loose Fit Kadın Pileli Kumaş Pantolon,1199.99
LCW Jeans - Barrel Fit Kadın Jean Pantolon,999.99
LCW Modest - Dokulu Kuşaklı Gömlek Elbise,999.99
LCW STUDIO - Kuşaklı Modal Karışımlı Kadın Blazer Ceket,1799.99
LCW Vision - Beli Kemerli Poplin Pileli Etek,699.99
XSIDE - Kare Yaka Pileli Jean Elbise,1599.99
LCW Young - Civciv Baskılı Kadın Pijama Takımı,599.99
LCW ACCESSORIES - Leopar Desenli Kadın Kep Şapka,399.99
LCW EVERYDAY - Kuşaklı Kadın Gömlek Tunik,899.99
XSIDE - Kruvaze Yaka Kadın Trençkot,1499.99
LCW Vision - Bisiklet Yaka Fırfırlı Peplum Bluz,549.99
LCWAIKIKI Classic - Beli Lastikli Carrot Fit Kadın Jean Pantolon,699.99
LCWAIKIKI Basic - Bisiklet Yaka Soft Touch Kadın Tişört,399.99
LCW Vision - Yüksek Bel Geniş Paça Kadın Kumaş Pantolon,1099.99
LCW DREAM - V Yaka Desenli Kadın Pijama Takımı,699.99
LCW Modest - Yüksek Bel Wideleg Kadın Jean Pantolon,799.99
LCW STUDIO - Keten Karışımlı Kadın Gömlek Tunik,899.99
LCW Kids - Polo Yaka Unisex Çocuk Pike Tişört,329.99
LCW STUDIO - Beli Lastikli Dokulu Şifon Etek,649.99
LCWAIKIKI Classic - Beli Lastikli Pileli Etek,649.99
LCW Modest - Çizgili Poplin Kadın Gömlek Tunik,649.99
LCW DREAM - Gömlek Yaka Baskılı Kadın Şortlu Pijama Takımı,899.99
LCW STUDIO - Dokulu Krinkle Kadın Gömlek Tunik,499.99
LCW Vision - Beli Fermuarlı Büzgülü Kloş Etek,1299.99
LCW Comfort - Çiçek Aplikeli Soft Touch Kadın Tişört,499.99
LCW Vision - Poplin Oversize Kadın Gömlek,699.99
LCW Young - Bisiklet Yaka Baskılı Kadın Kaprili Pijama Takımı,699.99
LCW Vision - Bisiklet Yaka Kadın Atlet,359.99
XSIDE - Fiyonklu Belden Oturtmalı Puantiyeli Elbise,1499.99
LCWAIKIKI Classic - Slim Mom Kadın Jean Pantolon,649.99
LCWAIKIKI Basic - V Yaka Kadın Tişört,299.99
LCW Vision - Dar Fit Kadın Pantolon,899.99
LCW DREAM - V Yaka Tül Detaylı Kadın Şortlu Pijama Takımı,799.99
LCW Vision - Asimetrik Kesim Keten Karışımlı Elbise,1299.99
LCW EVERYDAY - Saten Kadın Gömlek,399.99
LCW Vision - Gömlek Yaka Kadın Jean Ceket,999.99
LCW Vision - Kayık Yaka Büzgülü Krep Elbise,699.99
LCW Comfort - Bisiklet Yaka Kadın Tişört,299.99
LCW Grace - V Yaka Çizgili Kadın Tişört,499.99
XSIDE - Büzgülü Belden Oturtmalı Poplin Elbise,1199.99
LCW Modest - Nakışlı Kadın Gömlek,999.99
LCW EVERYDAY - Çizgili Ajur Detaylı Kadın Gömlek,799.99
XSIDE - Bisiklet Yaka Kadın Tişört,399.99
LCWAIKIKI Classic - Kare Yaka A Kesim Jean Elbise,1599.99
LCWAIKIKI Classic - Krinkle Kadın Gömlek Tunik,999.99
LCW Modest - Beli Lastikli Dantelli Etek,999.99
LCW Modest - Beli Lastikli İspanyol Paça Kadın Pantolon,499.99
LCW Modest - Soft Touch Taşlı Kadın Eşofman Altı,799.99
LCW DREAM - Gömlek Yaka Desenli Hamile Pijama Takım,999.99
LCW Vision - Kruvaze Yaka Kadın Trençkot,999.99
LCW EVERYDAY - Desenli Kadın Gömlek Tunik,599.99
LCW DREAM - Bisiklet Yaka Baskılı Kadın Pijama Takımı,899.99
LCW Vision - Yüksek Bel Geniş Paça Kadın Kumaş Pantolon,549.99
LCW EVERYDAY - V Yaka Kadın Tişört,299.99
LCW EVERYDAY - Kadın Gömlek Tunik,699.99
LCW DREAM - Puantiyeli Kadın Kaprili Pijama Takımı,699.99
LCW DREAM - Çiçekli Kadın Soket Çorap 5'li,179.99
LCW Modest - Bisiklet Yaka Nakışlı Kadın Tişört,399.99
LCWAIKIKI Classic - Beli Lastikli Kadın Tayt,149.99
LCW Vision - Keten Karışımlı Kadın Pantolon,999.99
LCWAIKIKI Classic - Beli Lastikli Havuç Kesim Kadın Pantolon,899.99
LCW Comfort - Polo Yaka Yırtmaçlı Elbise,899.99
LCWAIKIKI Classic - Beli Lastikli Puantiyeli Şifon Pileli Etek,1299.99
LCW Grace - Hakim Yaka Fırfırlı Desenli Elbise,1499.99
LCW Modest - Oversize Modal Karışımlı Kadın Gömlek Tunik,599.99
LCWAIKIKI Classic - Dokulu Kadın Ceket,749.99
LCW Vision - Bisiklet Yaka Ajurlu Kadın Triko Atlet,229.99
XSIDE - Bisiklet Yaka Soft Touch Oversize Kadın Tişört,399.99
LCW Modest - Beli Lastikli Keten Karışımlı Kloş Etek,899.99
LCW Vision - Keten Karışımlı Kadın Ceket,1199.99
LCW EVERYDAY - U Yaka Kadın Atlet,249.99
LCWAIKIKI Classic - Beli Fermuarlı Dikiş Detaylı Kadın Pantolon,399.99
LCW DREAM - Kalp Desenli Kadın Jogger Pijama Altı,249.99
LCW EVERYDAY - Kapüşonlu Kadın Tunik,1299.99
LCWAIKIKI Basic - Beli Lastikli Kadın Şort,399.99
XSIDE - Karpuz Kol Mini Elbise,1299.99
LCW Modest - Straight Fit Kadın Jean Pantolon,649.99
LCW Vision - Beli Kemerli Kadın Pileli Kumaş Pantolon,1099.99
LCW EVERYDAY - Kolej Yaka Kadın Ceket,1799.99
LCW Vision - Kruvaze Yaka Çizgili Kadın Klasik Yelek,799.99
LCW Vision - Dik Yaka Oversize Kadın Süet Görünümlü Ceket,1099.99
LCW Vision - A Kesim Midi Jean Elbise,1499.99
LCW Modest - Dokulu Oversize Müslin Kadın Gömlek Tunik,599.99
LCW Modest - Beli Bağlamalı Modal Karışımlı Gömlek Elbise,999.99
LCW Jeans - Beli Lastikli Wideleg Kadın Jean Pantolon,1099.99
LCW Vision - Bisiklet Yaka Leoparlı Kalp Baskılı Kadın Tişört,359.99
LCW DREAM - V Yaka Kadın Mayo,799.99
LCWAIKIKI Classic - Gömlek Yaka Desenli Poplin Elbise,1199.99
LCW DREAM - Bisiklet Yaka Puantiyeli Kadın Pijama Takım,699.99
LCWAIKIKI Classic - Beli Lastikli Desenli Şifon Kadın Pileli Etek,329.99
LCW Vision - Gömlek Yaka Kadın Ceket,899.99
LCW Young - Civciv Baskılı Kadın Şortlu Pijama Takımı,599.99
LCW EVERYDAY - Nakışlı Brode Kadın Gömlek,899.99
LCW DREAM - Bisiklet Yaka Desenli Kadın Kaprili Pijama Takımı,699.99
LCW Grace - Hakim Yaka Desenli Elbise,999.99
LC WAIKIKI - Bisiklet Yaka Kadın Tunik,279.99
LCW EVERYDAY - Soft Touch Oversize Kadın Sweatshirt Tunik,399.99
LCW Comfort - V Yaka Katkat Elbise,699.99
LCW Vision - V Yaka Çiçekli Mini Elbise,999.99
LCW Vision - A Kesim Büzgülü Elbise,799.99
LCW Modest - Keten Karışımlı Kadın Gömlek,899.99
LCW Vision - Bisiklet Yaka Kadın Tişört,199.99
LCW Young - Bisiklet Yaka Kiraz Nakışlı Kadın Pijama Takım,799.99
LCWAIKIKI Basic - Bisiklet Yaka Çizgili Kadın Tişört,399.99
LCW EVERYDAY - Gömlek Yaka Kadın Ceket,899.99
LCW Modest - Çizgili Kadın Gömlek,799.99
LCWAIKIKI Classic - Beli Kemerli Standart Fit Kadın Kumaş Pantolon,1099.99
LCW Modest - Bisiklet Yaka Baskılı Kadın Tişört,599.99
LCW DREAM - Bisiklet Yaka Baskılı Kadın Pijama Takım,699.99
LCWAIKIKI Classic - Yüksek Bel Ekose Kloş Etek,599.99
LCW Modest - Wideleg Taşlı Kadın Jean Pantolon,1099.99
LCWAIKIKI Classic - Beli Lastikli Soft Touch Kadın Eşofman Altı,549.99
LCW Modest - Çizgili Kadın Gömlek Tunik,899.99
LC WAIKIKI - Beli Lastikli Kadın Jogger Eşofman Altı,599.99
LCW EVERYDAY - V Yaka Desenli Fırfırlı Bluz,499.99
LCW STUDIO - Beli Kuşaklı Modal Karışımlı Gömlek Elbise,649.99
LCW Vision - Çizgili Modal Karışımlı Kadın Pantolon,449.99
LCW Modest - Soft Touch Kadın Sweatshirt Tunik,499.99
LCW Modest - Yüksek Bel Wideleg Kadın Jean Pantolon,999.99
LCW Comfort - Beli Lastikli Pileli Kadın Eşofman Altı,799.99
LCW Modest - Bisiklet Yaka Kadın Tunik,299.99
LC WAIKIKI - Bisiklet Yaka Los Angeles Baskılı Kadın Tişört,279.99
XSIDE - Beli Lastikli Wideleg Kadın Jean Pantolon,1099.99
LCW Modest - Hakim Yaka Oversize Kadın Gömlek Tunik,999.99
LCW Vision - Fermuarlı Puantiyeli Mini Jean Etek,699.99
LCW Modest - Bisiklet Yaka Baskılı Kadın Tişört,499.99
LCW Vision - Polo Yaka Belden Oturtmalı Elbise,999.99
LCW EVERYDAY - Bisiklet Yaka %100 Keten Elbise,1799.99
Soulife - Büyük Beden Kayık Yaka Dokulu Bluz,499.99
LCW EVERYDAY - Regular Fit Kadın Gömlek Tunik,599.99
LCW Grace - Bağlamalı Yaka Desenli Bluz,449.99
LCW Modest - Dik Yaka Kadın Tunik,1199.99
LCW DREAM - Desenli Kadın Pijama Takım,699.99
XSIDE - Beli Lastikli Kadın Tayt,229.99
LCW DREAM - Kaçık Yaka Hamile Pijama Takımı,599.99
LCW EVERYDAY - Bağlama Detaylı Kadın Gömlek Tunik,799.99
LCW EVERYDAY - Gömlek Yaka Belden Oturmalı Elbise,799.99
LCW Modest - Beli Bağlamalı Modal Karışımlı Gömlek Elbise,1299.99
LCW Vision - Yüksek Bel A Kesim Jean Etek,999.99
LCW Young - Gömlek Yaka Ayıcık Baskılı Kadın Pijama Takım,699.99
LCW DREAM - U Yaka Kadın Atlet,199.99
LCW Young - Stitch Baskılı Kadın Şortlu Pijama Takımı,699.99
LCW Vision - Kruvaze Yaka Kadın Blazer Ceket,899.99
LCW Vision - Krep Kadın Blazer Ceket,899.99
LCW EVERYDAY - Regular Fit Kadın Gömlek Tunik,699.99
LCW Jeans - Yüksek Bel Wideleg Kadın Jean Pantolon,899.99
LCW Vision - Keten Karışımlı Asimetrik Etek,1299.99
LCW STUDIO - Hakim Yaka Poplin Oversize Kadın Gömlek Tunik,449.99
LCW STUDIO - Beli Lastikli Çizgili Havuç Kesim Kadın Pantolon,899.99
LCW Grace - Desenli Kadın Gömlek Tunik,699.99
LCW Grace - Bisiklet Yaka Büzgülü Bluz,649.99
LCW Grace - Hakim Yaka Çiçekli Kadın Gömlek Tunik,899.99
LCW Modest - Gömlek Yaka Kadın Jean Elbise,999.99
LCW DREAM - Çıkarılabilir Pedli Halka Detaylı Kadın Mayo,999.99
LCW DREAM - Düz Klasik Külot 3'lü Paket,299.99
XSIDE - Kare Yaka Limon Baskılı Crop,799.99
LCW Vision - Çizgili Oversize Kadın Gömlek,549.99
LCW EVERYDAY - Polo Yaka Soft Touch Elbise,599.99
LCW STEPS - Süet Görünümlü Kadın Spor Ayakkabı,999.99
LCW Modest - Kapüşonlu Kadın Yağmurluk,1299.99
XSIDE - Oversize Kadın Jean Gömlek,1299.99
LCW ACCESSORIES - Orange Blossom Sprey Kadın EDP Parfüm 100 ml,499.99
LCW Comfort - Karın Panelli Geniş Paça Kadın Eşofman Altı,599.99
LCW Vision - Kayık Yaka Dokulu Bluz,599.99
LCW DREAM - Balensiz Dolgusuz Lazer Kesim Sütyen,549.99
LCW Vision - Bisiklet Yaka Vatkalı Kadın Atlet,399.99
LCW DREAM - Desenli Kadın Patik Çorap 5'li,229.99
LCW Comfort - V Yaka Çiçekli Balon Kollu Katkat Elbise,799.99
LCW Vision - Geniş Paça Pileli Kadın Kumaş Pantolon,899.99
XSIDE - Wideleg Kadın Jean Pantolon,599.99
XSIDE - Kalp Yaka İp Askılı Crop Bluz,799.99
LCW STUDIO - Beli Lastikli Wideleg Kadın Jean Pantolon,799.99
LCW Modest - Leopar Desenli Kadın Gömlek Tunik,449.99
XSIDE - Kare Yaka Puantiyeli Fırfırlı Katkat Elbise,1499.99
LCWAIKIKI Classic - Kapüşonlu Kadın Tunik,699.99
LCWAIKIKI Classic - Şal Yaka Desenli Oversize Kadın Hırka,399.99
LCW EVERYDAY - Polo Yaka Mini Elbise,799.99
LCW Grace - Beli Lastikli Kadın Pantolon,899.99
LCW Modest - Beli Lastikli Kadın Pantolon,799.99
LCW EVERYDAY - Bisiklet Yaka Baskılı Kadın Tişört,399.99
LCW Grace - Bisiklet Yaka Çiçekli Kadın Tişört,359.99
LCW Vision - Polo Yaka Midi Elbise,399.99
LCW Vision - Poplin Kadın Gömlek,449.99
LCW STUDIO - Gömlek Yaka Kadın Ceket,1299.99
LCW STUDIO - Kruvaze Yaka Çizgili Kadın Klasik Yelek,899.99
LCW EVERYDAY - Desenli Kadın Gömlek Tunik,799.99
LCW Vision - Kayık Yaka Büzgülü Krep Mini Elbise,899.99
LCW Comfort - Bisiklet Yaka Baskılı Kadın Tişört,249.99
LCW ACCESSORIES - Deri Görünümlü Kadın Omuz Çantası,549.99
LCW DREAM - Balenli Dolgusuz Tişört Sütyen,359.99
LCW Vision - Ekstra Dar İspanyol Paça Kadın Pantolon,399.99
XSIDE - Çiçekli Kat Kat Poplin Elbise,999.99
LCW Comfort - Bisiklet Yaka Taşlı Kadın Tişört,499.99
LCWAIKIKI Basic - U Yaka Kadın Atlet,359.99
LCW Modest - Bisiklet Yaka Sweat Elbise,359.99
LCW Vision - Keten Karışımlı Kadın Blazer Ceket,1799.99
XSIDE - Taşlı  Wideleg Kadın Jean Pantolon,1599.99
LCW STUDIO - Modal Karışımlı Oversize Kadın Gömlek Tunik,699.99
XSIDE - Bağcıklı Kadın Spor Ayakkabı,1299.99
LCW EVERYDAY - Belden Oturtmalı Mini Jean Elbise,1099.99
LCW EVERYDAY - V Yaka İp Askılı A Kesim Elbise,999.99
LCW Modest - Beli Lastikli Kadın Eşofman Altı,799.99
LCW EVERYDAY - Oversize Gofre Kadın Gömlek Tunik,999.99
LCWAIKIKI Maternity - Karın Panelli Slim Fit Hamile Jean Pantolon,999.99
XSIDE - Bisiklet Yaka Kiraz Nakışlı Kadın Tişört,399.99
LCW Modest - Beli Lastikli Kloş Jean Etek,999.99
LCW Vision - Oversize Kadın Blazer Ceket,1299.99
LCW Comfort - Bisiklet Yaka Çizgili Kadın Tişört,299.99
LCW EVERYDAY - Hakim Yaka Kuşaklı Poplin Elbise,899.99
XSIDE - Beli Kemerli Geniş Paça Kadın Pantolon,1099.99
LCW Jeans - Yüksek Bel Süper Skinny Fit Kadın Jean Pantolon,799.99
LCW Vision - Bisiklet Yaka Kemerli Elbise,1499.99
LCW Comfort - Bisiklet Yaka Keten Mini Elbise,1299.99
LCW Comfort - Bisiklet Yaka Belden Oturtmalı Elbise,1499.99
LCW DREAM - Çizgili Kadın Şortlu Pijama Takımı,399.99
LCW EVERYDAY - Yüksek Bel Barrel Fit Kadın Jean Pantolon,699.99
LCW EVERYDAY - Gömlek Yaka Çizgili Oversize Kadın Tunik,899.99
LCW Jeans - Wideleg Kadın Jean Pantolon,799.99
LCW Modest - Dik Yaka Soft Touch Kadın Fermuarlı Sweatshirt,799.99
LCW Young - Bisiklet Yaka Baskılı Oversize Kadın Gecelik,329.99
LCW Vision - V Yaka İp Askılı Büzgülü Elbise,1299.99
XSIDE - Çizgili Poplin Kadın Gömlek,599.99
LCW Grace - Beli Lastikli A Kesim Jean Etek,1199.99
LCW Jeans - Yüksek Bel Wideleg Fit Kadın Jean Pantolon,1099.99
LCW STUDIO - Kruvaze Yaka Kadın Blazer Ceket,1299.99
LCW DREAM - Gömlek Yaka Kadın Pijama Takımı,1099.99
LCW Grace - Nakış Detaylı Kadın Gömlek Tunik,999.99
LCW Jeans - Taşlı Wideleg Kadın Jean Pantolon,899.99
LCW EVERYDAY - Gömlek Yaka Dokulu Oversize Müslin Elbise,699.99
LCW Modest - Yüksek Bel A Kesim Kloş Etek,1299.99
LCW Vision - Gömlek Yaka Kadın Deri Görünümlü Ceket,649.99
LCW Modest - Nakışlı Kadın Gömlek Tunik,1499.99
LCW Modest - Beli Lastikli Dokulu Kadın Pantolon,799.99
LCWAIKIKI Classic - Soft Touch Oversize Kadın Sweatshirt Tunik,499.99
LCW Modest - Hakim Yaka Desenli Belden Oturtmalı Elbise,999.99
LCW Comfort - Kare Yaka Çiçekli Yırtmaçlı Elbise,999.99
LCW Jeans - Mercury Skinny Fit Kadın Jean Pantolon,899.99
LCWAIKIKI Classic - V Yaka Kuşaklı Elbise,359.99
LCW Comfort - Bisiklet Yak Taşlı Kadın Tişört,449.99
LCWAIKIKI Classic - Beli Lastikli Modal Karışımlı Kadın Eşofman Altı,399.99
LC WAIKIKI - Bisiklet Yaka Bağlama Detaylı Kadın Spor Tişört,279.99
LCW Comfort - Bisiklet Yaka Nakışlı Fırfırlı Bluz,399.99
LCW STUDIO - Çizgili Kuşaklı Armürlü Gömlek Elbise,1099.99
LCW Comfort - Süs Kemer Detaylı Mini Elbise,499.99
LCW Modest - Hakim Yaka Kadın Gömlek Tunik,899.99
LCW DREAM - V Yaka Desenli Kadın Şortlu Pijama Takımı,599.99
LCW DREAM - Beli Lastikli Kadın Şort Pijama Alt 2'li Paket,329.99
LCWAIKIKI Classic - Beli Lastikli Modal Karışımlı Kadın Eşofman Altı,499.99
LCW STUDIO - Kadın Blazer Ceket,1799.99
LCW Modest - Gömlek Detaylı Kadın Sweatshirt Tunik,699.99
LCW Grace - Kaçık Yaka Desenli Elbise,1299.99
LCWAIKIKI Classic - Beli Kemerli Gabardin Kadın Pantolon,1099.99
LCW STUDIO - Wideleg Kadın Jean Pantolon,699.99
LCW DREAM - Beli Lastikli Kadın Yüzme Şort Etek,599.99
LCWAIKIKI Classic - V Yaka Çiçekli Belden Oturtmalı Elbise,359.99
LC WAIKIKI - Fiyonklu Çizgili Kadın Sweatshirt Tunik,649.99
LCW Comfort - Minnie Mouse Baskılı Kadın Tişört,499.99
LCW Vision - Dik Yaka Oversize Kadın Ceket,1499.99
XSIDE - V Yaka Stitch Baskılı Oversize Kadın Tişört,499.99
LCW Comfort - Kruvaze Yaka Kadın Jean Kimono,499.99
LCW Vision - Oversize Krep Kadın Gömlek,699.99
LCW Modest - Gömlek Yaka Kadın Jean Ceket,1299.99
LCW Modest - Beli Fermuarlı Kloş Etek,1299.99
LCW Vision - Loose Fit Kadın Pileli Kargo Pantolon,699.99
LCW STUDIO - Gömlek Yaka Belden Oturtmalı Elbise,599.99
LCW Vision - Loose Fit Pileli Kadın Kumaş Pantolon,699.99
LCWAIKIKI Classic - V Yaka Çiçekli Elbise,699.99
LCW Comfort - Kare Yaka Ekose Belden Oturtmalı Elbise,1299.99
XSIDE - U Yaka Kadın Atlet,299.99
LCW Comfort - V Yaka Puantiyeli Bluz,799.99
LCW Vision - Beli Kemerli Kloş Etek,1299.99
LCW EVERYDAY - Çizgili Modal Karışımlı Kadın Gömlek Tunik,649.99
LCW DREAM - Kaymaz Topuk Kadın Babet Çorap 7'li,199.99
LCW DREAM - Gömlek Yaka Baskılı Hamile Pijama Takımı,599.99
LCW Vision - Beli Lastikli Wideleg Kadın Jean Pantolon,599.99
LCW Modest - Dik Yaka Kadın Sweatshirt Tunik,399.99
LCW Modest - Beli Lastikli Modal Karışımlı Kadın Pantolon,899.99
LCW DREAM - Çiçekli Kadın Şortlu Pijama Takımı,599.99
LCW EVERYDAY - Havuç Kesim Kadın Pileli Pantolon,899.99
LCW DREAM - Düz Klasik Külot 3'lü,299.99
LCW DREAM - Kalp Baskılı Hamile Pijama Takım,799.99
LCW JOY - Çiçek Figürlü Kadın Taç,199.99
LCW ACCESSORIES - Desenli Kadın Fular,199.99
LCWAIKIKI Classic - Bisiklet Yaka Desenli Elbise,359.99
LCW Vision - Beli Lastikli Soft Touch Kadın Pantolon,399.99
LCW DREAM - Çizgili Kadın Şortlu Pijama Takımı,599.99
LCW Vision - V Yaka Balon Kollu Bluz,799.99
XSIDE - Oversize Modal Karışımlı Kadın Gömlek,799.99
LCWAIKIKI Classic - Yüksek Bel Pileli Etek,599.99
LCW EVERYDAY - U Yaka Askılı Peplum Elbise,999.99
LCWAIKIKI Classic - Kayık Yaka Büzgülü Elbise,1299.99
LCW STUDIO - Yüksek Bel Kadın Cigarette Pantolon,999.99
LCWAIKIKI Classic - Ceket Yaka Kuşaklı Kadın Trençkot,1999.99
LCW Vision - Beli Lastikli Kadın Eşofman Altı,699.99
LCWAIKIKI Classic - Kruvaze Yaka Ekose Kadın Blazer Ceket,1299.99
LCW Vision - Polo Yaka Oversize Kadın Triko Kazak,399.99
LCW EVERYDAY - Yüksek Bel Bermuda Fit Kadın Jean Şort,799.99
LCW Grace - Kaçık Yaka Büzgülü Kadın Tişört,649.99
LCW Young - Gömlek Yaka Kadın Şortlu Pijama Takımı,699.99
LCW DREAM - V Yaka İp Askılı Kadın Pijama Takım,999.99
LCW Modest - Şal Yaka A Kesim Krep Elbise,1499.99
XSIDE - Kayık Yaka Baskılı Kadın Tişört,399.99
LCW EVERYDAY - Bisiklet Yaka Pileli Kadın Tunik,499.99
LCW Modest - Bisiklet Yaka Oversize Krep Kadın Ferace,1599.99
LC WAIKIKI - V Yaka Desenli Oversize Kadın Kimono,699.99
LCW Modest - Desenli Kadın Gömlek Tunik,799.99
XSIDE - Beli Lastikli Kadın Eşofman Altı,399.99
LCW Modest - Nakışlı Poplin Kadın Gömlek,999.99
LCW Modest - Kare Yaka Jile Elbise,999.99
LCW Modest - Kruvaze Yaka Kadın Blazer Ceket,1199.99
LCWAIKIKI Classic - Kapüşonlu Düz Oversize Kadın Tunik,1499.99
LCWAIKIKI Classic - Kapüşonlu Kadın Jean Tunik,1099.99
LCWAIKIKI Classic - Mom Fit Kadın Jean Pantolon,1099.99
LCW STEPS - Sivri Burunlu Kadın Topuklu Ayakkabı,1199.99
LCW Vision - Bisiklet Yaka Çizgili Oversize Kadın Tişört,449.99
LCWAIKIKI Classic - Dik Yaka Batik Desenli Beli Kuşaklı Elbise,1499.99
LCW Comfort - V Yaka Belden Oturtmalı Elbise,899.99
LCW Jeans - Straight Fit Kadın Jean Pantolon,699.99
LCW EVERYDAY - Soft Touch Kadın Sweatshirt Tunik,499.99
LCW Modest - Dar Fit Kadın İspanyol Paça Pantolon,359.99
LCW Vision - Belden Oturtmalı Midi Jean Elbise,1499.99
LCW Modest - Kruvaze Bağlamalı Uzun Elbise,1499.99
LCW Modest - Dik Yaka Kadın Ceket,1299.99
LCW Vision - Gömlek Yaka Kadın Jean Ceket,549.99
LCW Comfort - Beli Lastikli Geniş Paça Kadın Eşofman Altı,899.99
LCW Vision - Oversize Kadın Gömlek,549.99
LCW Vision - Kare Yaka Kadın Jean Yelek,899.99
LCWAIKIKI Basic - Bisiklet Yaka Kadın Body,399.99
LCW Modest - Krinkle Kadın Gömlek Tunik,999.99
LCW DREAM - Gömlek Yaka Limon Baskılı Kadın Pijama Takımı,1199.99
LCW Vision - Bisiklet Yaka Baskılı Oversize Kadın Tişört,399.99
LCW Grace - V Yaka Kadın Tişört,399.99
LCWAIKIKI Classic - Beli Büzgülü Kadın Gömlek Tunik,899.99
LCWAIKIKI Classic - Kemerli Havuç Kesim Kadın Gabardin Pantolon,1099.99
LCW Vision - Bağlamalı Yaka Balon Kollu Crop Bluz,699.99
LCW EVERYDAY - Beli Lastikli Kadın Pantolon,699.99
LCW Comfort - Kare Yaka Taşlı Mini Elbise,1299.99
XSIDE - Çizgili Oversize Keten Karışımlı Kadın Gömlek,649.99
LCW Comfort - Bisiklet Yaka Belden Oturtmalı Elbise,899.99
LCW Modest - Poplin Kadın Gömlek Tunik,899.99
LCW Jeans - Beli Kemerli Carrot Fit Kadın Jean Pantolon,1199.99
LCW Modest - Dik Yaka Kuşaklı Oversize Büzgülü Elbise,899.99
LCW Modest - Beli Lastikli Kadın Gabardin Pantolon,899.99
LCW EVERYDAY - Gömlek Yaka Kadın Jean Tunik,1099.99
LCW Modest - Kruvaze Yaka Çizgili Poplin Kadın Tunik,899.99
LC WAIKIKI - Bisiklet Yaka Balık Baskılı Oversize Kadın Tişört,299.99
LCW STUDIO - V Yaka Beli Kemerli Kadın Yelek,899.99
LCW Grace - Bisiklet Yaka Kadın Jean Tunik,649.99
LCW Modest - Beli Lastikli Kadın Jogger Eşofman Altı,279.99
LCW Modest - Taşlı Soft Touch Kadın Tişört,549.99
LCWAIKIKI Basic - Şal Yaka Kadın Hırka,699.99
LCWAIKIKI Classic - Yüksek Bel İspanyol Paça Kadın Pantolon,899.99
LCW DREAM - Kadın Düz Patik Çorap 10'lu,359.99
LCW Vision - Çizgili Oversize Kadın Gömlek,899.99
LCW STUDIO - Bisiklet Yaka Keten Karışımlı A Kesim Elbise,999.99
LCW Grace - Kaçık Yaka Desenli Bluz,549.99
LCW Vision - Wideleg Kadın Jean Pantolon,999.99
LCW Vision - Yüksek Bel Barrel Fit Kadın Jean Pantolon,549.99
LCW Vision - U Yaka İp Askılı Kadın Atlet,329.99
LCW Modest - Modal Karışımlı Bağcık Detaylı Elbise,1299.99
LCW Vision - Beli Kemerli Gabardin Kadın Pantolon,1099.99
LCW Modest - Kapüşonlu Soft Touch Kadın Fermuarlı Sweatshirt,699.99
LCWAIKIKI Classic - Bisiklet Yaka Desenli Oversize Kadın Tişört,149.99
LCW DREAM - Balensiz Dolgusuz Büstiyer 2'li,799.99
XSIDE - V Yaka Keten Karışımlı Kadın Klasik Yelek,1099.99
LCW Comfort - Bisiklet Yaka Süs Kemer Detaylı Mini Elbise,499.99
LCWAIKIKI Classic - Beli Lastikli Balon Etek,1099.99
LCWAIKIKI Classic - Beli Lastikli Puantiyeli Şifon Etek,799.99
LC WAIKIKI - Kruvaze Yaka Kuşaklı Kadın Trençkot,1499.99
LCW DREAM - Kalp Yaka Büzgü Detaylı Kadın Etekli Mayo,1199.99
LCW Vision - Bisiklet Yaka Kemerli Pileli Elbise,1299.99
LCW Vision - Beli Kemerli Havuç Kesim Kadın Pantolon,499.99
LCW Modest - Bisiklet Yaka Kadın Tişört,399.99
XSIDE - Bisiklet Yaka Soft Touch Oversize Kadın Tişört,299.99
LCWAIKIKI Classic - Beli Lastikli Kadın Jean Şort,699.99
LCW Jeans - Flare Kadın Jean Pantolon,599.99
LCW EVERYDAY - Beli Bağlamalı Kadın Gömlek,399.99
LCW Modest - Kruvaze Yaka Kadın Trençkot,1999.99
LCW Vision - Beli Lastikli Geniş Paça Kadın Eşofman Altı,399.99
LCW Modest - Beli Lastikli Geniş Paça Kadın Eşofman Altı,799.99
LCW DREAM - Kiraz Baskılı Kadın Pijama Altı,499.99
LCW DREAM - V Yaka Kadın Şortlu Pijama Takımı,799.99
LCW DREAM - Askılı Dantelli Fantezi Çıtçıtlı Body,799.99
LCW Vision - Çizgili Oversize Kadın Gömlek,449.99
LCW DREAM - V Yaka İp Askılı Kadın Şortlu Pijama Takımı,799.99
LCWAIKIKI Classic - Beli Lastikli Soft Touch Kadın Eşofman Altı,649.99
XSIDE - Gömlek Yaka Kadın Jean Ceket,1299.99
XSIDE - Kare Yaka Çiçekli Balon Kollu Poplin Elbise,1199.99
LCW Grace - Kaçık Yaka Çiçek Nakışlı Bluz,649.99
DARK SEER - DS.PMD239K2051 Sneaker Günlük Spor Ayakkabı 2025 Kadın,839.40
LCW Modest - Beli Lastikli Geniş Paça Kadın Pantolon,799.99
LCW Grace - Bisiklet Yaka Desenli Bluz,649.99
LCWAIKIKI Classic - Dik Yaka Soft Touch Kadın Fermuarlı Sweatshirt,649.99
LCW Modest - Kuşaklı Kadın Sweatshirt Tunik,599.99
LCW Vision - Ekstra Dar İspanyol Paça Kadın Pantolon,449.99
LCW EVERYDAY - Şal Yaka Ekose Kadın Gömlek,499.99
LCW DREAM - Fiyonk Desenli Kadın Sneaker Çorap 5'li,249.99
XSIDE - Yüksek Bel Flare Kadın Jean Pantolon,999.99
LCWAIKIKI Classic - Kruvaze Yaka Kadın Trençkot,1999.99
LCW DREAM - Beli Lastikli Puantiyeli Kadın Pijama Altı,499.99
LCW Modest - Bisiklet Yaka Kadın Tişört,329.99
LC WAIKIKI - Beli Lastikli Soft Touch Kadın Eşofman Altı,449.99
LCW Vision - Oversize Kadın Gömlek Ceket,1199.99
LCWAIKIKI Classic - Kaçık Yaka Müslin Elbise,499.99
LCW Grace - Bağlamalı Yaka Elbise,899.99
LCWAIKIKI Classic - İp Askılı Dantel Detaylı Poplin Elbise,1499.99
XSIDE - Geniş Paça Soft Touch Kadın Eşofman Altı,549.99
LCW EVERYDAY - Modal Karışımlı Kadın Gömlek Tunik,899.99
LCW Modest - Bağlama Detaylı Desenli Kadın Gömlek,799.99
LCW DREAM - V Yaka Desenli Kadın Pijama Takım,799.99
LCW EVERYDAY - Kruvaze Yaka Kadın Blazer Ceket,1499.99
LCW Vision - Poplin Kadın Klasik Yelek,1199.99
LCWAIKIKI Classic - Bisiklet Yaka Desenli Elbise,449.99
LCW EVERYDAY - Dik Yaka Çizgili Oversize Kadın Ceket,899.99
LCW DREAM - Gömlek Yaka Çizgili Kadın Şortlu Pijama Takımı,899.99
LCWAIKIKI Basic - Kapüşonlu Oversize Kadın Fermuarlı Sweatshirt,899.99
LCW Modest - Oversize Modal Karışımlı Kadın Gömlek Tunik,799.99
LCW Modest - Beli Fermuarlı A Kesim Etek,1299.99
LCW Vision - Bağlamalı Yaka Fırfırlı Bluz,699.99
LCW Vision - Yengeç Baskılı Kadın Tişört,359.99
LCW Grace - Beli Lastikli Kadın Etek,599.99
LCW Modest - Bisiklet Yaka Kadın Elbise Astarı,599.99
LCW Jeans - Wideleg Kadın Jean Pantolon,649.99
LCW Vision - Kemerli Havuç Kesim Kadın Kumaş Pantolon,1099.99
LCW Grace - Bisiklet Yaka Keten Görünümlü Kadın Ferace,1599.99
LCW Modest - Bisiklet Yaka A Kesin Elbise,799.99
LCW Jeans - Baggy Fit Kadın Jean Pantolon,499.99
LCW Modest - Dik Yaka Soft Touch Kadın Sweatshirt Tunik,549.99
LCW Modest - Büzgülü Kadın Gömlek Tunik,699.99
LCW Jeans - Boyfriend Kadın Jean Pantolon,499.99
LCW Modest - Kuşaklı Soft Touch Kadın Sweatshirt Tunik,799.99
LCWAIKIKI Classic - Bisiklet Yaka Oversize Kadın Tunik,599.99
LCW Modest - Kruvaze Yaka Kadın Trençkot,1499.99
LC WAIKIKI - U Yaka Kadın Atlet,229.99
LCW Comfort - Belden Oturtmalı Mini Jean Elbise,1799.99
LCW Vision - Beli Lastikli Kadın Jogger Pantolon,799.99
LCWAIKIKI Classic - Yüksek Bel Pileli Etek,699.99
LC WAIKIKI - Çift Saplı Çiçek Baskılı Bez Çanta,29.99
LCW Modest - Kuşaklı Yaka Kadın Blazer Ceket,1499.99
LCW Vision - Beli Bağlamalı Geniş Paça Kadın Pantolon,699.99
LC WAIKIKI - Kapüşonlu Oversize Kadın Tunik,699.99
LCW Grace - Bağlamalı Yaka Puantiyeli Bluz,599.99
LCW DREAM - Balenli Dolgusuz Tişört Sütyen,399.99
XSIDE - Bisiklet Yaka Snoopy Baskılı Kadın Tişört,499.99
LCW DREAM - Desenli Kadın Kaprili Pijama Takımı,699.99
LCW Jeans - Yüksek Bel Flare Kadın Jean Pantolon,899.99
LCW DREAM - Kalp Baskılı Kadın Sneaker Çorap 5'li,249.99
LCWAIKIKI Classic - Beli Lastikli Havuç Kesim Kadın Pantolon,699.99
LCW EVERYDAY - V Yaka Desenli Fırfırlı Bluz,799.99
LCW EVERYDAY - Dokulu Kadın Gömlek,699.99
LCWAIKIKI Basic - Beli Lastikli Dokulu Kadın Pantolon,599.99
LCW EVERYDAY - Bisiklet Yaka Paris Baskılı Kadın Tişört,399.99
LCW Jeans - Leopar Desenli Kadın Jean Şort,799.99
LCWAIKIKI Classic - Beli Lastikli Havuç Kesim Kadın Müslin Pantolon,799.99
LCW Comfort - Kaçık Yaka Mini Jean Elbise,1499.99
LCW Vision - Yüksek Bel Barrel Fit Kadın Jean Pantolon,899.99
LCW EVERYDAY - Çiçekli Kuşaklı Kadın Gömlek Tunik,599.99
LCWAIKIKI Maternity - Puantiyeli A Kesim Poplin Elbise,1299.99
LCW Comfort - Gömlek Yaka Kemerli Mini Jean Elbise,1499.99
LCW Modest - Dik Yaka Oversize Büzgülü Kadın Yelek,899.99
LCW STUDIO - Gömlek  Yaka Kadın Tunik,899.99
LCW EVERYDAY - Çiçek Kuşaklı Kadın Gömlek,999.99
XSIDE - Beli Lastikli Soft Touch Kadın Şort,499.99
LCW Young - Bisiklet Yaka Baskılı Kadın Pijama Takımı,699.99
LCW EVERYDAY - Bağlamalı Yaka Dokulu Bluz,449.99
LCW Modest - Beli Lastikli Poplin Kloş Etek,699.99
LCW STUDIO - Nakışlı Brode Kadın Gömlek,799.99
LCW Vision - Polo Yaka Kadın Triko Kazak,499.99
LCW STEPS - Süet Kadın Loafer Ayakkabı,1799.99
LCW DREAM - U Yaka Düz İp Askılı Hamile Kuplu Atlet,359.99
LCW EVERYDAY - Kruvaze Yaka Kadın Blazer Ceket,1299.99
LCW STUDIO - Dokulu Kadın Gömlek Tunik,899.99
LCW Grace - Bisiklet Yaka Desenli Bluz,499.99
LCWAIKIKI Classic - Bisiklet Yaka Dokulu Bluz,399.99
LCWAIKIKI Classic - Beli Lastikli Desenli Kadın Kapri,499.99
LCW Grace - Beli Lastikli Kloş Jean Etek,999.99
XSIDE - Limon Desenli İp Askılı Poplin Elbise,1499.99
LCWAIKIKI Classic - Beli Lastikli Kadın Müslin Pantolon,799.99
LCWAIKIKI Maternity - Karın Panelli Slim Mom Hamile Jean Pantolon,399.99
LCW Grace - Bisiklet Yaka Desenli Bluz,399.99
LCW Modest - V Yaka Kemerli Kadın Blazer Ceket,899.99
LCWAIKIKI Classic - Beli Kuşaklı A Kesim Modal Karışımlı Etek,699.99
LCW DREAM - Gömlek Yaka Kadın Pijama Takım,999.99
KOOR SPORT - Yüksek Bel Kadın Spor Tayt,449.99
LCW Vision - Beli Fermuarlı Dar Fit Kadın Pantolon,499.99
LCW Modest - Kruvaze Yaka Dokulu Modal Karışımlı Kadın Kimono,1099.99
LCW Vision - Bisiklet Yaka Kadın Klasik Yelek,999.99
LCW Modest - Çizgili Fırfırlı Kadın Gömlek Tunik,699.99
LCW Modest - Beli Lastikli Soft Touch Kadın Eşofman Altı,599.99
LCW Vision - Loose Fit Geniş Paça Kadın Pileli Kumaş Pantolon,599.99
LCWAIKIKI Classic - Beli Lastikli Desenli Şifon Kadın Pileli Etek,299.99
LCW DREAM - Yüksek Bel Külot 3'lü,299.99
XSIDE - Beli Lastikli Wideleg Kadın Jean Pantolon,1299.99
LCWAIKIKI Classic - Ekstra Dar Fit İspanyol Paça Kadın Pantolon,549.99
LCW Grace - Beli Lastikli Jean Etek,999.99
LCW Jeans - Beli Lastikli Carrot Fit Kadın Jean Pantolon,999.99
LCW Vision - Polo Yaka Kısa Kollu Fermuarlı Kadın Triko Kazak,699.99
LCW Jeans - Yüksek Bel Wideleg Kadın Jean Pantolon,999.99
LCW Vision - Beli Lastikli Kadın Pantolon,549.99
LCW STUDIO - Gömlek Yaka Çizgili Bluz,899.99
LCW Jeans - Beli Lastikli Balloon Fit Kadın Jean Pantolon,999.99
LCW DREAM - Beli Lastikli Kadın Yüzme Şort,499.99
LCW DREAM - Tek Omuz Düz Çıkarılabilir Pedli Kadın Mayo,899.99
LCW DREAM - Ekose Kadın Şortlu Pijama Takımı,599.99
LCW Grace - Beli Lastikli Pileli Etek,999.99
LCW DREAM - Çizgili Kadın Kaprili Pijama Takımı,699.99
LCWAIKIKI Classic - Ekoseli Kuşaklı Poplin Gömlek Elbise,1499.99
XSIDE - Beli Lastikli Poplin Kloş Etek,999.99
LCW DREAM - Bisiklet Yaka Baskılı Kadın Pijama Takımı,599.99
LCW Vision - Bağlamalı Yaka Nakışlı Bluz,999.99
LCW Vision - Çizgili Oversize Oxford Kadın Gömlek,799.99
LC WAIKIKI - Beli Lastikli Keten Karışımlı Kadın Pantolon,599.99
LCW Comfort - Dokulu Oversize Müslin Kadın Gömlek,799.99
LCW Modest - Bisiklet Yaka Soft Touch Kadın Sweatshirt Tunik,449.99
Puma - Court Lally Kadın Beyaz Sneaker,1599.99
LCW STUDIO - Gömlek Yaka Modal Karışımlı Bluz,699.99
LCW HOME - Limon Nakışlı Kadın Ev Terliği,499.99
LCW Modest - Beli Lastikli Desenli Katkat Etek,999.99
LCW Modest - Dar Fit Kadın İspanyol Paça Pantolon,449.99
LCW EVERYDAY - Belden Oturtmalı A Kesim Elbise,999.99
LCW Modest - Nakış Detaylı Kadın Gömlek Tunik,899.99
LCW STUDIO - Bisiklet Yaka Kadın Klasik Yelek,699.99
LCW Modest - Gömlek Yaka Kemerli Jean Elbise,1499.99
LCW Modest - Beli Lastikli Keten Karışımlı Kloş Etek,999.99
LCW Modest - Hakim Yaka Ekose Kuşaklı Elbise,799.99
LCW Jeans - Beli Kemerli Wideleg Kadın Jean Pantolon,899.99
LC WAIKIKI - V Yaka Kadın Tişört,279.99
LCW DREAM - Kalp Nakışlı Kadın Şortlu Pijama Takımı,649.99
LCW Grace - Hakim Yaka Dokulu Kadın Gömlek Tunik,999.99
LCW STUDIO - Beli Bağcıklı Çizgili Kadın Gömlek Tunik,549.99
LCW Comfort - Baskılı Müslin Salopet Elbise ve Tişört,999.99
LCW Modest - Dik Yaka Kuşaklı Kadın Trençkot,1799.99
LCWAIKIKI Classic - Dik Yaka Kadın Şişme Yelek,699.99
LC WAIKIKI - Bisiklet Yaka Kadın Tişört,229.99
LCW Young - Nakışlı Kadın Şortlu Pijama Takımı,799.99
LCW Vision - Dik Yaka Kadın Fermuarlı Sweatshirt,999.99
LCW DREAM - Gömlek Yaka Çizgili Kadın Pijama Takım,999.99
LCW Vision - Regular Fit Kadın Gömlek,899.99
LCW Grace - Beli Lastikli Desenli Kadın Kapri,449.99
LCW DREAM - Kadın Sneaker Çorap 10'lu,359.99
LCWAIKIKI Classic - Beli Lastikli Soft Touch Kadın Eşofman Altı,899.99
LCW Comfort - Soft Touch Taşlı Kadın Eşofman Altı,799.99
LCW Jeans - Yüksek Bel Püsküllü Kadın Jean Şort,899.99
LCW Vision - Kapüşonlu Oversize Kadın Yağmurluk,1199.99
LCW STUDIO - Beli Bağlamalı Gömlek Elbise,699.99
LCW Modest - Kuşaklı Keten Gömlek Elbise,2299.99
LCW Vision - Regular Fit Çizgili A Kesim Etek,1299.99
LCWAIKIKI Basic - Çiçekli Kadın Tişört,359.99
LCW Vision - Kapüşonlu Oversize Kadın Yağmurluk,1299.99
XSIDE - Beli Kemerli Mini Etek,299.99
LCWAIKIKI Classic - Beli Lastikli Slim Mom Kadın Jean Pantolon,899.99
LCW Vision - Bisiklet Yaka Jean Bluz,899.99
Soulife - Gömlek Yaka Kadın Ceket,699.99
LCW Grace - Beli Lastikli Kloş Etek,899.99
LCW DREAM - Bisiklet Yaka Çiçekli Kadın Şortlu Pijama Takımı,599.99
LCW STUDIO - Bebe Yaka Müslin Kadın Gömlek,799.99
XSIDE - Kapüşonlu Kadın Kalın Fermuarlı Sweatshirt,499.99
Soulife - Bisiklet Yaka Nakışlı Kadın Tişört,449.99
LCW Modest - Beli Lastikli Mom Fit Kadın Jean Pantolon,499.99
LCW Modest - Hakim Yaka Çizgili Kadın Gömlek Tunik,899.99
LCW Vision - Bebe Yaka Kadın Gömlek,799.99
KOOR SPORT - Bisiklet Yaka Kadın Oversize Spor Tişört,599.99
LCW EVERYDAY - Bağcıklı Oversize Kadın Gömlek,599.99
LCW Vision - V Yaka Dantel Detaylı Bluz,699.99
LCWAIKIKI Classic - Kaçık Yaka Desenli Kadın Bluz,359.99
LCW Comfort - Yüksek Bel Wideleg Kadın Jean Pantolon,799.99
LCW Grace - Bisiklet Yaka Çiçekli A Kesim Elbise,1099.99
LCW Vision - Bisiklet Yaka Kadın Crop,329.99
LCW Modest - Gömlek Yaka Kadın Jean Ceket,899.99
LCW DREAM - V Yaka Tül Detaylı Kadın Pijama Takımı,999.99
LCWAIKIKI Basic - U Yaka Kadın Atlet,249.99
LCW EVERYDAY - Regular Fit Kadın Gömlek,599.99
LCW DREAM - V Yaka Dokulu Askılı Kadın Gecelik,399.99
LCW EVERYDAY - Çizgili Oversize Kadın Gömlek Tunik,899.99
LCWAIKIKI Classic - Beli Fermuarlı Kemerli A Kesim Poplin Etek,599.99
LCW DREAM - V Yaka Müslin Kadın Pijama Takımı,899.99
LCWAIKIKI Classic - Gömlek Yaka Oversize Kadın Jean Ceket,1199.99
LCWAIKIKI Classic - Bisiklet Yaka Büzgülü Yırtmaçlı Elbise,399.99
LCW Grace - Bağlamalı Yaka Çiçekli Bluz,449.99
XSIDE - Kare Yaka Brode Mini Elbise,1499.99
LCW Grace - Kaçık Yaka Nakışlı Keten Karışımlı Bluz,1199.99
LCW DREAM - V Yaka Dantel Detaylı Plaj Elbisesi,599.99
LCWAIKIKI Classic - Beli Lastikli Soft Touch Kadın Eşofman Altı,399.99
LCW Young - U Yaka Düz Büstiyer 2'li Paket,599.99
LCW Modest - Kontrast Yaka Oversize Kadın Ceket,799.99
XSIDE - Kalp Yaka İp Askılı Poplin Elbise,1799.99
LCW Jeans - Stragiht Fit Leopar Desenli Kadın Jean Pantolon,999.99
LC WAIKIKI - Çizgili Kadın Gömlek Tunik,699.99
LCW Vision - Bisiklet Yaka Kadın Tişört,449.99
LCW Modest - Dik Yaka Soft Touch Kadın Sweatshirt Tunik,649.99
LCW Modest - Kruvaze Yaka Jean Elbise,1099.99
LCW EVERYDAY - Polo Yaka Kadın Tişört,499.99
LCW Young - Bisiklet Yaka Baskılı Kadın Pijama Takım,699.99
LCW Comfort - Bisiklet Yaka Nakışlı Bluz,399.99
LCW Vision - Çizgili Oxford Kadın Gömlek,449.99
LCW STUDIO - Yüksek Bel Geniş Paça Kadın Pantolon,699.99
LCW Grace - Hakim Yaka Çiçekli Kadın Gömlek Tunik,1199.99
LCWAIKIKI Classic - Kruvaze Yaka Çizgili Bluz,499.99
LCW STEPS - Hasır Tabanlı Kadın Babet,899.99
LCW Vision - Oversize Kadın Gömlek,329.99
LCW DREAM - V Yaka Tül Detaylı Kadın Pijama Takım,899.99
LCWAIKIKI Classic - Kare Yaka Desenli A Kesim İp Askılı Elbise,279.99
LCW DREAM - Dik Yaka Kadın Atlet,279.99
LCW Comfort - Bisiklet Yaka Yırtmaçlı Elbise,699.99
LCW Grace - Fırfırlı Kaçık Yaka Çizgili Bluz,699.99
XSIDE - Yüksek Bel Geniş Paça Kadın Kumaş Pantolon,1199.99
LCW Grace - Hakim Yaka Çizgili Kadın Gömlek,1199.99
XSIDE - U Yaka %100 Keten Elbise,1799.99
LCW Grace - Kaçık Yaka Çiçekli Bluz,549.99
LCW DREAM - U Yaka Kadın Atlet,179.99
XSIDE - Bisiklet Yaka Soft Touch Oversize Kadın Tişört,329.99
LCW Vision - İp Askılı Dantel Detaylı Kadın Atlet,449.99
LCW EVERYDAY - Kaçık Yaka Çiçekli Bluz,599.99
LCW STUDIO - Poplin Kadın Gömlek,699.99
LC WAIKIKI - Bisiklet Yaka Kadın Tişört,279.99
LCW DREAM - Gömlek Yaka Çilek Baskılı Hamile Pijama Takımı,1099.99
LCW Vision - Yandan Bağlamalı Desenli Mini Etek,699.99
LCW Comfort - Oversize Poplin Kadın Gömlek,279.99
LCW Modest - Çiçekli Oversize Kadın Ceket,1099.99
LCWAIKIKI Classic - Standart Fit Kadın Kapri,699.99
LCW EVERYDAY - Kuşaklı Kadın Blazer Ceket,1199.99
LCW DREAM - U Yaka Desenli Kadın Pijama Takım,699.99
LCWAIKIKI Classic - Kruvaze Yaka Oversize Kadın Trençkot,1099.99
LCWAIKIKI Classic - Beli Kuşaklı Gömlek Elbise,799.99
LCW EVERYDAY - Polo Yaka Kadın Tişört,599.99
LCW Vision - Beli Lastikli Kadın Pantolon,799.99
XSIDE - U Yaka Fitilli Kadın Atlet,299.99
Natuvera - Beli Lastikli Gabardin Kadın Pantolon,799.99
LCW Jeans - Crop Flare Kadın Jean Pantolon,799.99
LCW Jeans - Jüpiter Süper Skinny Fit Kadın Jean Pantolon,799.99
LCW Grace - Beli Lastikli Geniş Paça Kadın Pantolon,799.99
LC WAIKIKI - Dik Yaka Kemerli Yırtmaçlı Elbise,999.99
LCW Vision - Modal Karışımlı Crop Kadın Gömlek,799.99
LCW Grace - Bağlamalı Yaka Nakışlı Bluz,699.99
LCW DREAM - U Yaka Kiraz Desenli Kadın Pijama Takım,1099.99
LCW Vision - Beli Kemerli Dar Fit Kadın Pantolon,649.99
XSIDE - Oversize %100 Keten Kadın Gömlek,1199.99
LCW Modest - Gömlek Yaka Belden Oturtmalı Elbise,999.99
LCW Comfort - Ekose Kuşaklı Gömlek Elbise,1299.99
LCWAIKIKI Classic - Çiçekli Fırfırlı Elbise,799.99
LCW Modest - Bisiklet Yaka Desenli Kadın Sweatshirt Tunik,449.99
LCW Modest - Fırfırlı Dik Yaka Kadın Body,329.99
LCW STUDIO - Gömlek Yaka Beli Kuşaklı Kadın Jean Ceket,1499.99
LCW Vision - Copacabana Baskılı Kadın Tişört,359.99
XSIDE - Kolej Yaka Kapitone Oversize Kadın Ceket,1299.99
LCWAIKIKI Classic - U Yaka Boncuk İşlemeli Kadın Atlet,499.99
Natuvera - V Yaka Kadın Klasik Yelek,799.99
LCW DREAM - V Yaka Dantelli  İp Askılı Kadın Atlet,359.99
LCW DREAM - Kadın Patik Çorap 10'lu,359.99
LCW Vision - Kaplan Baskılı Oversize Kadın Tişört,329.99
LCW Vision - Soft Touch Kadın Elbise,999.99
LCWAIKIKI Basic - Bisiklet Yaka Kadın Body,249.99
XSIDE - Bisiklet Yaka Soft Touch Kadın Tişört,399.99
LC WAIKIKI - Beli Kuşaklı Kadın Gömlek Tunik,649.99
LCW Modest - Bağlama Detaylı Kadın Gömlek Tunik,649.99
LCW Vision - Modal Karışımlı Kadın Klasik Yelek,1299.99
LCW Comfort - Bisiklet Yaka Brode Detaylı Bluz,399.99
LCW DREAM - V Yaka Desenli Kadın Kaprili Pijama Takımı,699.99
LCW DREAM - Bisiklet Yaka Baskılı Kadın Gecelik,449.99
LCW EVERYDAY - Polo Yaka Soft Touch Elbise,799.99
LCW DREAM - Çıkarılabilir Pedli Kadın Mayo,799.99
LCW DREAM - Bisiklet Yaka Çizgili Kadın Gecelik,499.99
LCW Modest - Oversize Kadın Gömlek Tunik,599.99
LCW DREAM - Beli Lastikli Leopar Desenli Kadın Pijama Altı,399.99
LCW Vision - Bisiklet Yaka Büzgülü Krep Elbise,899.99
LCW Comfort - Bisiklet Yaka Kadın Tişört,399.99
LCW Modest - Gömlek Yaka Kuşaklı Kadın Jean Ceket,1099.99
XSIDE - Wideleg Kadın Jean Pantolon,799.99
LCW Young - U Yaka Baskılı Kadın Şortlu Pijama Takımı,499.99
LCW Grace - Fırfırlı Hakim Yaka Kadın Gömlek Tunik,999.99
GÖNDERİ(R) - Kadın TABA KAHVE MEL. Dolgu Taban Hakiki Deri Terlik,2900.43
LCW Vision - Çizgili Keten Karışımlı Kadın Gömlek,899.99
LCW Comfort - Yüksek Bel Paperbag Kadın Jean Pantolon,699.99
LCW Modest - Ekose Kadın Gömlek,549.99
LCW DREAM - V Yaka Fiyonk Detaylı Kadın Pijama Takımı,899.99
LCW DREAM - Bisiklet Yaka Baskılı Kadın Pijama Takım,799.99
LCW Vision - Bisiklet Yaka Taşlı Kadın Tişört,549.99
LCW Grace - Bisiklet Yaka Çiçekli Kadın Tişört,329.99
LCW Modest - Kruvaze Yaka Kadın Blazer Ceket,1299.99
LCWAIKIKI Classic - Kaçık Yaka Bluz,549.99
LCW Vision - Beli Lastikli Dar Fit Kadın Pantolon,449.99
LCW Modest - Bisiklet Yaka Soft Touch Kadın Sweatshirt Tunik,499.99
LCW STEPS - Sivri Burun Rugan Kadın Topuklu Ayakkabı,1199.99
LCW Modest - Gömlek Yaka Kadın Yağmurluk,1499.99
LCWAIKIKI Classic - Dar Fit Kadın Jean Kapri,549.99
Soulife - Polo Yaka Desenli Kadın Triko Kazak,599.99
LCW EVERYDAY - Kruvaze Yaka Kadın Trençkot,999.99
LCW STEPS - Süet Kadın Babet,1499.99
LCW Grace - Hakim Yaka Nakışlı Bluz,899.99
LCW Jeans - Yüksek Bel Kadın Jean Şort,899.99
LCW Vision - Loose Fit Keten Karışımlı Kadın Pileli Pantolon,1099.99
LCWAIKIKI Classic - Beli Lastikli Ekose Kloş Etek,749.99
LCW Grace - Hakim Yaka Desenli Kadın Tunik,599.99
LCW Grace - Fırfırlı Hakim Yaka Çiçek Nakışlı Oversize Bluz,599.99
LCW Modest - Dokulu Pul Detaylı Kadın Gömlek Tunik,999.99
LCW STUDIO - Büzgülü Poplin Kadın Gömlek,399.99
LCW EVERYDAY - V Yaka Beli Kuşaklı Dokulu Elbise,1299.99
LCW Modest - Bağlama Detaylı Kadın Jean Ceket,999.99
LCW Vision - Balloon Fit Çizgili Kadın Pantolon,699.99
LCW EVERYDAY - Kapüşonlu Oversize Kadın Fermuarlı Sweatshirt,799.99
LCW Jeans - Yüksek Bel Crop Flare Kadın Jean Pantolon,899.99
LCW Vision - Oversize Kadın Jean Gömlek,1099.99
LCWAIKIKI Classic - Dokulu Büzgülü Kadın Gömlek Tunik,899.99
LCW Modest - Belden Oturtmalı Poplin Elbise,1299.99
LCW EVERYDAY - Saten Kadın Gömlek,499.99
LCW Grace - Bisiklet Yaka Desenli Bluz,899.99
Soulife - Wideleg Kadın Jean Pantolon,999.99
LCWAIKIKI Classic - Beli Lastikli Çiçekli Pileli Etek,999.99
LCW Modest - Büzgülü Soft Touch Kadın Sweatshirt Tunik,899.99
LCW Comfort - Gömlek Yaka Çiçekli Mini Elbise,799.99
LCW Comfort - V Yaka Kadın Jean Elbise,649.99
LCW Vision - Regular Fit Keten Karışımlı Kadın Pantolon,1099.99
LCW Grace - Beli Lastikli Keten Karışımlı Kadın Pantolon,359.99
LCW Comfort - Bisiklet Yaka Kadın Atlet,279.99
LCW DREAM - Şal Yaka Parlak Görünümlü Kadın Kimono,599.99
LCW Comfort - Karın Panelli Mom Fit Hamile Jean Pantolon,499.99
LCW Modest - Beli Lastikli Slouchy Fit Kadın Jean Pantolon,999.99
LCW Modest - Beli Lastikli Çizgili Kadın Pantolon,1099.99
LCW Comfort - Bisiklet Yaka Dantel Detaylı Poplin Bluz,599.99
LCW Modest - Polo Yaka Çizgili Kadın Sweatshirt Tunik,549.99
XSIDE - Kaçık Yaka Belden Oturtma Mini Jean Elbise,1499.99
LCWAIKIKI Classic - Bisiklet Yaka Taşlı Kadın Tişört,599.99
LCW Grace - Büyük Beden Gömlek Yaka Kadın Ferace,1799.99
LCW STUDIO - Ekose Büzgülü Gofre Kadın Gömlek,399.99
LCW Vision - Çizgili Keten Karışımlı Kadın Blazer Ceket,1199.99
LCW DREAM - V Yaka Baskılı Kadın Pijama Takımı,649.99
LCW Grace - Fırfırlı Kaçık Yaka Çizgili Kadın Gömlek,799.99
LCW Modest - Bisiklet Yaka Kadın Elbise Astarı,399.99
LCW Grace - Beli Lastikli Düğme Detaylı Kadın Pantolon,449.99
LCW Comfort - Kruvaze Yaka Desenli Belden Oturtmalı Elbise,899.99
LCW DREAM - Balensiz Dolgusuz Düz Sporcu Sütyeni,449.99
LCWAIKIKI Classic - Kruvaze Yaka Kuşaklı Kadın Trençkot,1999.99
LCW DREAM - V Yaka Desenli Askılı Kadın Şortlu Tulum Pijama,329.99
LCW ACCESSORIES - Aksesuarlı Kadın Omuz Çantası,599.99
LCW Modest - Beli Lastikli Dantel Detaylı A Kesim Etek,699.99
LCW Modest - Kadife Gömlek Yaka Oversize Kadın Şişme Mont,1599.99
LCW Vision - Gömlek Yaka Kadın Ceket,1299.99
LCWAIKIKI Classic - Beli Lastikli Soft Touch Kadın Eşofman Altı,699.99
LCW Vision - Beli Kemerli Kalem Etek,649.99
LCW Modest - Keten Karışımlı Kadın Gömlek Tunik,899.99
LCW Modest - Yaprak Desenli Kadın Gömlek Tunik,799.99
LCW DREAM - Kedi Baskılı Kadın Pijama Takımı,599.99
LCW Modest - Kruvaze Yaka Kadın Klasik Yelek,999.99
LCW DREAM - V Yaka Halka Detaylı Kadın Plaj Elbisesi,899.99
LCW Modest - Kadın Gömlek Tunik,549.99
LCW Vision - Arizona Baskılı Oversize Kadın Tişört,499.99
LCWAIKIKI Classic - Yüksek Bel Slim Fit Kadın Jean Pantolon,649.99
XSIDE - Bisiklet Yaka Snoopy Baskılı Kadın Tişört,399.99
LCW DREAM - Desenli Kadın Patik Çorap 5'li,149.99
LCW Jeans - Slim Fit Kadın Jean Pantolon,799.99
LCW Vision - V Yaka Bağlama Detaylı Jean Bluz,699.99
LCWAIKIKI Classic - Soft Touch Oversize Kadın Sweatshirt Tunik,599.99
LCW Grace - Çizgili Fırfırlı Kadın Gömlek,899.99
LCWAIKIKI Basic - Beli Lastikli Çiçekli Kadın Kapri,399.99
LCW Vision - Çizgili Oversize Kadın Gömlek,799.99
XSIDE - Bisiklet Yaka Fiyonklu Kadın Triko Hırka,549.99
LCW DREAM - Kadın Çıkarılabilir Pedli Mayo,899.99
LCW ACCESSORIES - Paraşüt Kumaşı Kadın Omuz Çantası,329.99
LCW Vision - Kayık Yaka Kadın Bluz,399.99
LCW Grace - Hakim Yaka Nakışlı Kadın Gömlek,699.99
LCW Comfort - Bağlama Detaylı Büzgülü Kadın Gömlek,899.99
Kappa LC WAIKIKI - Bisiklet Yaka Kappa Baskılı Erkek Tişört,699.99
LCW Modest - Gömlek Yaka Kadın Jean Ceket,1199.99
LCW DREAM - Çiçekli Kadın Şortlu Pijama Takımı,1199.99
LCW STEPS - İnci Detaylı Kadın Kare Burun Babet,899.99
XSIDE - Bisiklet Yaka Ajurlu Kadın Triko Hırka,359.99
LCW Modest - Kapüşonlu Kadın Jean Tunik,899.99
LCW Vision - Beli Lastikli Kloş Jean Etek,999.99
LCW EVERYDAY - Modal Karışımlı Kadın Blazer Ceket,1799.99
LCW Modest - Regular Fit Kadın Jean Pantolon,999.99
LCW Grace - Bisiklet Yaka Desenli Fırfırlı Elbise,1099.99
LCW STEPS - Bağcıklı Kadın Spor Ayakkabı,899.99
LCW Vision - Beli Kemerli Şort Etek,499.99
LCW Grace - Gömlek Yaka Keten Görünümlü Elbise,1799.99
LC WAIKIKI - V Yaka Kadın Tişört,229.99
LCWAIKIKI Classic - Beli Lastikli Regular Fit Kadın Pantolon,899.99
LCW EVERYDAY - Bebek Yaka Ekose Bluz,599.99
LCW Vision - Bisiklet Yaka Peplum Elbise,1499.99
XSIDE - Bağlama Detaylı Çizgili Kadın Yelek,1199.99
LCW Vision - Bisiklet Yaka Crop Kadın Jean Ceket,1299.99
LCW Comfort - V Yaka Çiçekli Belden Oturtmalı Elbise,899.99
LCW Comfort - Beli Lastikli Wideleg Kadın Jean Pantolon,899.99
LCW Modest - Beli Lastikli Soft Touch Kadın Eşofman Altı,699.99
LCWAIKIKI Classic - Hakim Yaka Çiçekli Belmando Elbise,899.99
LCW Vision - Regular Fit Mini Jean Etek,699.99
LCW STEPS - Bağcıklı Kadın Spor Ayakkabı,799.99
LCW Modest - Polo Yaka Çizgili Kadın Sweatshirt Tunik,699.99
LCW Young - Bisiklet Yaka Desenli Kadın Pijama Takım,699.99
LCW EVERYDAY - Beli Lastikli Soft Touch Kadın Eşofman Altı,449.99
XSIDE - Belİ Lastikli Geniş Paça Kadın Pantolon,899.99
LCWAIKIKI Classic - Beli Lastikli Kadın Kapri,599.99
LCW Comfort - V Yaka Askılı Mini Jean Elbise,649.99
LCW Vision - Bebe Yaka Kadın Gömlek,599.99
LCW Vision - Gömlek Yaka Oversize Kadın Jean Ceket,799.99
LCW DREAM - Ayı Teddy Desenli Hamile Pijama Takım,699.99
LCW Grace - Puantiyeli Dantel Detaylı Kadın Tişört,699.99
LCW Grace - Fırfırlı Kaçık Yaka Bluz,649.99
LCW Vision - Ekose Oversize Kadın Gömlek,899.99
LCW ACCESSORIES - Etriel Blonde Kadın Edp Parfüm 50 ml,359.99
LCW Modest - Dik Yaka Ekose Oversize Kadın Yağmurluk,1299.99
LCW EVERYDAY - Kapüşonlu Kadın Yağmurluk,999.99
LCW Modest - Kruvaze Yaka Keten Karışımlı Kadın Kimono,1099.99
LCW Jeans - Yüksek Bel Kadın Jean Şort,799.99
XSIDE - Yüksek Bel Wideleg Kadın Jean Pantolon,1199.99
LCW Vision - Oversize Kadın Keten Gömlek,1299.99
LCW Modest - Modal Karışımlı Kadın Gömlek,799.99
LCWAIKIKI Classic - Geniş Paça Soft Touch Kadın Eşofman Altı,699.99
LCW Vision - Beli Kemerli Ekose A Kesim Etek,699.99
LCWAIKIKI Classic - Beli Lastikli Geniş Paça Kadın Pantolon,899.99
XSIDE - Winnie the Pooh Baskılı Kadın Tişört,499.99
LC WAIKIKI - Bisiklet Yaka Balon Kollu Oversize Bluz,399.99
LCW DREAM - Beli Lastikli Çizgili Kadın Pijama Altı,449.99
LCW Modest - Bisiklet Yaka Modal Karışımlı Bluz,499.99
LCW Vision - Keten Karışımlı Kadın Klasik Yelek,1499.99
LCW Vision - Gömlek Yaka Ekose Kadın Ceket,1099.99
LCW Modest - Kapüşonlu Düz Oversize Kadın Tunik,999.99
LCW EVERYDAY - Desenli Kadın Gömlek Tunik,999.99
LCW DREAM - Dantel Detaylı Kadın Babet Çorap 3'lü,229.99
XSIDE - Kayık Yaka Kadın Tişört,399.99
LCW Comfort - Kare Yaka Askılı Jean Salopet Elbise,499.99
LCW Jeans - Bermuda Fit Kadın Jean Şort,899.99
XSIDE - Bisiklet Yaka Ajurlu Kadın Triko Hırka,799.99
XSIDE - Bisiklet Yaka A Kesim Mini Jean Elbise,1499.99
LCW Comfort - Beli Lastikli Kadın Eşofman Altı,599.99
LCW EVERYDAY - Bisiklet Yaka Çiçek Nakışlı Bluz,449.99
LCW Vision - Şal Yaka Kadın Blazer Ceket,999.99
LCW Vision - Beli Lastikl Kadın Şort,599.99
LCW STUDIO - Ekose Flanel Kadın Gömlek Tunik,999.99
LCW HOME - Fiyonk Görünümlü Kadın Ev Terliği,499.99
LCWAIKIKI Classic - Kruvaze Yaka Kadın Trençkot,1799.99
LCW DREAM - V Yaka Baskılı Kadın Gecelik,299.99
LCW Jeans - Flare Kadın Jean Pantolon,999.99
LCW Grace - Büyük Beden Dokulu Kadın Gömlek Tunik,999.99
LCW Vision - Çizgili Oversize Poplin Kadın Gömlek,699.99
LCW Modest - Beli Lastikli Desenli Kadın Pantolon,599.99
LCW Vision - Nakışlı İp Askılı Bluz,599.99
Natuvera - Çizgili Poplin Kadın Gömlek,599.99
LCW STUDIO - Taşlı Oversize Poplin Kadın Gömlek,499.99
LCWAIKIKI Basic - Beli Lastikli Kadın Jogger Eşofman Altı,799.99
LCW DREAM - Kadın Şort Pijama Altı 2'li,599.99
LC WAIKIKI - Bisiklet Yaka Baskılı Kadın Tişört,299.99
XSIDE - V Yaka Mickey Mouse Baskılı Oversize Kadın Tişört,499.99
LCW EVERYDAY - Beli Kuşaklı Kadın Gömlek,549.99
LCWAIKIKI Classic - Dik Yaka Büzgülü Kadın Fermuarlı Sweatshirt,699.99
LCWAIKIKI Classic - U Yaka Kadın Atlet,279.99
LCW Comfort - Kare Yaka Keten Karışımlı Elbise,549.99
XSIDE - A Kesim Keten Karışımlı Elbise,1199.99
LCW Grace - Gömlek Yaka Dokulu Elbise,1099.99
LC WAIKIKI - Bisiklet Yaka New York Baskılı Kadın Tişört,279.99
LCW STUDIO - Çizgili Kuşaklı Poplin Gömlek Elbise,999.99
LCW Vision - Beli Lastikli Dokulu Kadın Pantolon,599.99
LCW STEPS - Süet Görünümlü Kadın Babet,999.99
LCW EVERYDAY - Bisiklet Yaka Bağlamalı Elbise,799.99
LCW Vision - Beli Lastikli Ekose Kadın Pileli Jogger Pantolon,599.99
LCW STEPS - Sivri Burun File Kadın Babet,1299.99
LCW DREAM - Bisiklet Yaka Kadın Şortlu Pijama Takımı,599.99
LCW Comfort - Boncuk İşlemeli İp Askılı Mini Elbise,1299.99
LCWAIKIKI Classic - %100 Keten Kadın Gömlek,999.99
LCW Comfort - Zımba Detaylı Soft Touch Kadın Eşofman Altı,799.99
LCW DREAM - Balensiz Dolgusuz Çiçekli Üçgen Sütyen 2'li,849.99
LCW Vision - İp Askılı Çizgili Fırfırlı Katkat Elbise,1299.99
LCW Comfort - Beli Lastikli Dokulu Kadın Pantolon,699.99
LCW Modest - Beli Lastikli Havuç Kesim Kadın Pantolon,549.99
LCW EVERYDAY - Çizgili Kadın Gömlek,399.99
LCW Modest - Bisiklet Yaka Baskılı Kadın Tişört,279.99
LCW Grace - Bisiklet Yaka Desenli Bluz,599.99
LCW Young - Bisiklet Yaka Stitch Baskılı Kadın Pijama Takım,799.99
LCW EVERYDAY - Gömlek Yaka Kadın Ceket,1099.99
LC WAIKIKI - Bisiklet Yaka Baskılı Kadın Tişört,229.99
LCWAIKIKI Basic - Beli Lastikli Geniş Paça Kadın Pantolon,799.99
LCWAIKIKI Classic - Dik Yaka Soft Touch Kadın Sweatshirt Tunik,499.99
LCW Modest - Kadın Blazer Ceket,1299.99
XSIDE - Halter Yaka Mini Elbise,1199.99
LCW Modest - Gömlek Yaka Desenli Elbise,999.99
LCW EVERYDAY - Oversize Kadın Gömlek,899.99
LCW STEPS - File Görünümlü File Kadın Babet,1299.99
LCW Vision - Bisiklet Yaka Fiyonk Baskılı Kadın Tişört,399.99
LCW JOY - Meyve Figürlü Kadın Toka Seti 6'lı,299.99
LCW Grace - Beli Lastikli Desenli Kadın Etek,359.99
LCW EVERYDAY - Polo Yaka Fitilli Kadın Body,399.99
LCW Vision - V Yaka Nakışlı Kadın Jean Yelek,999.99
LCW Vision - Beli Kemerli Havuç Kesim Kadın Pantolon,699.99
LCW DREAM - Gömlek Yaka Çiçekli Kadın Pijama Takımı,899.99
LCWAIKIKI Classic - Dokulu Müslin Gömlek Elbise,899.99
XSIDE - Flare Kadın Jean Pantolon,999.99
LCW DREAM - Fiyonk Desenli Hamile Pijama Takım,1099.99
LCW Vision - Beli Lastikli Wideleg Kadın Jean Pantolon,1299.99
LCW Modest - Kruvaze Yaka Kadın Kimono,399.99
LCW Vision - Polo Yaka Kadın Triko Kazak,599.99
LCW Vision - Beli Lastikli Geniş Paça Kadın Eşofman Altı,999.99
LCWAIKIKI Classic - Beli Kemerli Desenli Pileli Etek,699.99
LCW Vision - Bisiklet Yaka Modal Karışımlı Elbise,799.99
LCW Vision - Armürlü Kadın Gömlek,899.99
XSIDE - Kapüşonlu Kapitone Oversize Kadın Ceket,999.99
LCW Grace - Bisiklet Yaka Çiçekli Kadın Tişört,249.99
LCWAIKIKI Basic - U Yaka Kadın Atlet,299.99
LCW Modest - Polo Yaka Çizgili Oversize Kadın Tişört,449.99
LCWAIKIKI Classic - Beli Kemerli A Kesim Pileli Etek,1499.99
LCW Modest - Wideleg Kadın Jean Pantolon,549.99
LCW Jeans - Straight Fit Kadın Jean Pantolon,449.99
LCW Jeans - Regular Fit Kadın Jean Şort,799.99
XSIDE - Beli Fermuarlı Ekose Kloş Etek,449.99
XSIDE - Gömlek Yaka Oversize Kadın Jean Ceket,1099.99
LCW EVERYDAY - Desenli Kadın Jean Gömlek,549.99
LCW STUDIO - Hakim Yaka Çizgili Gofre Gömlek Elbise,1299.99
LCW DREAM - Fiyonk Desenli Hamile Pijama Takımı,1099.99
LCW Vision - Beli Lastikli Yırtmaçlı Etek,699.99
LCWAIKIKI Classic - Dokulu Kadın Gömlek Tunik,799.99
LCW STEPS - Deri Görünümlü Çift Bantlı Kadın Terlik,599.99
LCWAIKIKI Classic - Beli Lastikli Dokulu Kadın Pantolon,499.99
XSIDE - Bisiklet Yaka Sünger Bob Baskılı Kadın Tişört,399.99
LCW DREAM - V Yaka Puantiyeli Kadın Pijama Takım,999.99
LCW Modest - Büzgülü Poplin Gömlek Elbise,1299.99
LCW Vision - Kemerli Mini Jean Elbise,1499.99
LCW Modest - İspanyol Paça Dikiş Detaylı Kadın Eşofman Altı,599.99
LCWAIKIKI Classic - Gömlek Yaka Oversize Oxford Bluz,599.99
LCW Jeans - Straight Fit Kadın Jean Pantolon,899.99
LCW ACCESSORIES - Deri Görünümlü Kadın Moon Çanta,449.99
LCW DREAM - Dik Yaka Düz Kısa Kollu Kadın Mayo,1199.99
LCW Comfort - Yüksek Bel Straight Fit Kadın Jean Pantolon,799.99
LCW STUDIO - Beli Lastikli Modal Karışımlı Kadın Pantolon,899.99
KOOR SPORT - Yüksek Bel Kadın Spor Tayt,399.99
LCW Modest - Beli Lastikli Geniş Paça Kadın Eşofman Altı,549.99
LCW STUDIO - Oversize Armürlü Kadın Gömlek Tunik,899.99
LCW EVERYDAY - Çiçekli Kuşaklı Kadın Saten Gömlek,999.99
LCW Comfort - Kaçık Yaka Çizgili Kadın Gömlek,699.99
LCW Comfort - Bisiklet Yaka Mini Jean Elbise,1099.99
LCW Vision - Beli Lastikli Geniş Paça Kadın Eşofman Altı,499.99
LCW Jeans - Bermuda Fit Kadın Denim Şortolon,899.99
LCW Grace - Kaçık Yaka Çiçekli Bluz,699.99
LCW Grace - Bisiklet Yaka Kapitone Kadın Mont,1499.99
LCW Modest - Beli Lastikli Desenli Kloş Etek,999.99
LCW Grace - Brode Kadın Gömlek,799.99
LCW DREAM - Bisiklet Yaka Baskılı Kadın Gecelik,399.99
LCWAIKIKI Classic - Beli Lastikli Straight Fit Kadın Jean Pantolon,449.99
LCW Vision - V Yaka Bağlama Detaylı Bluz,999.99
LCW STEPS - Deri Görünümlü Kadın Babet,899.99
XSIDE - Hello Kitty Baskılı Kadın Tişört,499.99
LCW Vision - Bisiklet Yaka Kemerli Kadın Jean Yelek,1099.99
XSIDE - Beli Lastikli Kadın Jogger Eşofman Altı,549.99
LCWAIKIKI Classic - Beli Lastikli Modal Karışımlı Kadın Pantolon,799.99
LCW Comfort - Karın Panelli Geniş Paça Kadın Eşofman Altı,499.99
LCW Vision - Gömlek Yaka Kuşaklı Jean Elbise,1499.99
LC WAIKIKI - Bisiklet Yaka Kadın Sweatshirt Tunik,549.99
LCW Vision - Kruvaze Yaka Kadın Klasik Yelek,899.99
LCW EVERYDAY - U Yaka Kadın Triko Atlet,299.99
LCW EVERYDAY - V Yaka A Kesim Elbise,999.99
LCW Vision - Halter Yaka Büzgülü Jean Elbise,999.99
LCW EVERYDAY - Çizgili Oversize Kadın Gömlek Tunik,699.99
LCW STUDIO - Kruvaze Yaka Dokulu Kadın Blazer Ceket,999.99
LCW Jeans - Wideleg Kadın Jean Pantolon,999.99
LCW Grace - Desenli Kadın Gömlek Tunik,999.99
LCW Vision - Kayık Yaka Kadın Jean Yelek,899.99
LCW Modest - V Yaka Desenli Kadın Kimono,1599.99
LCW EVERYDAY - Poplin Kadın Gömlek,449.99
Kappa LC WAIKIKI - Bisiklet Yaka Baskılı Unisex Spor Tişört,699.99
LCW Modest - Desenli Kadın Gömlek Tunik,999.99
LCW Grace - Regular Fit Kadın Gömlek Tunik,999.99
LCW Modest - Desenli Krep Kadın Ferace ve Şal,1499.99
LCW Modest - Beli Lastikli Geniş Paça Kadın Pantolon,649.99
LCW Grace - Nakışlı Kadın Jean Gömlek,1199.99
LCW Modest - Mom Fit Kadın Jean Pantolon,899.99
LC WAIKIKI - Bisiklet Yaka Kadın Atlet,229.99
Soulife - Regular Fit Kadın Jean Şort,899.99
LCW DREAM - Desenli Kadın Kaprili Pijama Takımı,899.99
LCW Modest - Puantiyeli Katkat Midi Etek,999.99
XSIDE - Ekose Oversize Kadın Oduncu Gömlek,649.99
LCW Modest - Beli Lastikli Keten Karışımlı Kloş Etek,799.99
ajn - Kids Polo Yaka Basic Kısa Kollu Unisex Çocuk Tişört,399.99
XSIDE - Straight Fit Kadın Jean Pantolon,999.99
LCWAIKIKI Classic - Kadın Ceket Elbise,1199.99
LCW EVERYDAY - Polo Yaka Soft Touch Mini Elbise,899.99
LCWAIKIKI Classic - Gömlek Yaka Kadın Jean Ceket,1099.99
LCW Modest - Beli Lastikli Katkat Etek,1299.99
LCW Young - Lilo & Stitch Baskılı Kadın Pijama Takım,899.99
LCW Vision - Beli Lastikli İspanyol Paça Kadın Tayt Pantolon,359.99
LCWAIKIKI Classic - Slim Fit Kadın Jean Pantolon,699.99
LCW Modest - Kapüşonlu Soft Touch Kadın Fermuarlı Sweatshirt,899.99
LCW Vision - Beli Lastikli A Kesim Etek,999.99
LCW Vision - Oversize Poplin Kadın Gömlek,899.99
LCWAIKIKI Classic - Beli Lastikli Pileli Kadın Etek,449.99
Kappa LC WAIKIKI - Rahat Kalıp Şeritli Unisex Eşofman Altı,899.99
LCW STEPS - File Detaylı Kadın Spor Ayakkabı,899.99
LCW EVERYDAY - Bisiklet Yaka Soft Touch Kadın Sweatshirt,499.99
LCW EVERYDAY - Dokulu Oversize Kadın Gömlek Tunik,799.99
LCWAIKIKI Classic - V Yaka Volanlı Ekose Bluz,399.99
XSIDE - Çizgili Oxford Oversize Kadın Gömlek,799.99
LCW EVERYDAY - Kadın Kolej Ceket,449.99
LCW Vision - Beli Lastikli Kadın Jogger Eşofman Altı,399.99
LCW Vision - Crop Keten Karışımlı Kadın Gömlek,1099.99
LCW Vision - Beli Lastikli Pileli Kadın Pantolon,899.99
LCWAIKIKI Classic - Brode Gömlek Elbise,1499.99
LCW Vision - Metal Aplikeli Büzgülü Elbise,999.99
LCW DREAM - Dik Yaka Desenli Kadın Tesettür Mayo Takımı,1299.99
LCW Vision - Fular Yaka Puantiyeli Bluz,899.99
LCW EVERYDAY - Çiçekli Kadın Gömlek Tunik,699.99
LCW Jeans - Flare Kadın Jean Pantolon,1099.99
LCW Grace - Gömlek Yaka Desenli Kadın Şişme Mont,1999.99
LCW EVERYDAY - Kadın Gömlek Tunik,999.99
LCW Modest - Beli Fermuarlı Kloş Etek,799.99
LC WAIKIKI - Desenli Kadın Gömlek Tunik,699.99
LCW EVERYDAY - Gömlek Yaka Oversize Kadın Jean Ceket,1199.99
LCW DREAM - Beli Lastikli Kadın İçlik Tayt,299.99
LCW STUDIO - Oversize Kadın Tunik,899.99
LCW Modest - Fırfırlı Dik Yaka Çiçekli Gömlek Elbise,999.99
LCW DREAM - Desenli Kadın Şortlu Pijama Takımı,899.99
LCW Modest - Çizgili Poplin Kadın Gömlek Tunik,699.99
TONNY BLACK - Kadın Beyaz Lacivert Rahat Kalıp Kauçuk Taban Bağcıklı Sneaker,749.97
LCW Young - Baskılı Bikini Külot 5'li,499.99
LCWAIKIKI Basic - Beli Lastikli Soft Touch Kadın Eşofman Altı,699.99
LCWAIKIKI Classic - Gömlek Yaka Beli Kuşaklı Jean Elbise,1099.99
LCW Grace - Bisiklet Yaka Kadın Ferace,1999.99
XSIDE - Bisiklet Yaka Stitch Baskılı Kadın Tişört,499.99
LCW Vision - V Yaka İp Askılı Dantelli Kadın Atlet,699.99
LCWAIKIKI Classic - Dik Yaka Kemerli Soft Touch Elbise,399.99
LCW Grace - Bisiklet Yaka Çiçekli Bluz,499.99
LCW Vision - Oversize Kadın Müslin Gömlek,649.99
LCW Modest - Çizgili Kadın Oxford Gömlek,699.99
LCW DREAM - Bisiklet Yaka Ayı Teddy Baskılı Kadın Pijama Takımı,649.99
LCWAIKIKI Classic - Çizgili Büzgülü Kadın Gömlek,499.99
LCW Jeans - Regular Fit Kadın Jean Şort Etek,899.99
LCW Vision - Soft Touch Oversize Kadın Sweatshirt,359.99
LCW EVERYDAY - Ceket Yaka Kadın Triko Hırka,329.99
LCW DREAM - V Yaka Desenli Kadın Kaprili Pijama Takımı,599.99
LCW STUDIO - Kruvaze Yaka Kadın Deri Görünümlü Trençkot,1299.99
LCW Vision - Beli Lastikli Dokulu Kadın Pantolon,899.99
LCWAIKIKI Classic - V Yaka Kuşaklı Elbise,799.99
LCW Vision - Beli Lastikli Kadın Balon Şort,499.99
LCW Comfort - Bisiklet Yaka Katkat Elbise,599.99
LCW Modest - Desenli Modal Karışımlı Kadın Gömlek Tunik,899.99
LCW DREAM - Yüksek Bel Dikişsiz Boxer,399.99
LCW EVERYDAY - Beli Lastikli Soft Touch Kadın Eşofman Altı,399.99
LCW Modest - Kapüşonlu Desenli Kadın Fermuarlı Sweatshirt,1299.99
LCW Comfort - Bisiklet Yaka Taşlı Mini Elbise,699.99
LCW Vision - Loose Fit Pileli Kadın Şort,899.99
LCW EVERYDAY - Polo Yaka Soft Touch Mini Elbise,549.99
LCW DREAM - Kalp Desenli Kadın Patik Çorap 5'li,179.99
LCW Modest - Beli Lastikli Poplin Kloş Etek,899.99
LCW Modest - Kadın Jean Gömlek Tunik,1199.99
LCW Vision - Beli Lastikli Pileli Etek,649.99
LCW Young - Gömlek Yaka Çizgili Kadın Pijama Takımı,899.99
LCW DREAM - Kadın Patik Çorap 5'li,149.99
LCW EVERYDAY - U Yaka Çizgili Kadın Atlet,399.99
LCW Vision - Brode Kadın Gömlek,899.99
LCW EVERYDAY - Wideleg Kadın Jean Pantolon,799.99
LCW Vision - Bisiklet Yaka Kadın Tişört,359.99
LCWAIKIKI Maternity - Karın Panelli Geniş Paça Hamile Pantolon,649.99
LCW Modest - Bisiklet Yaka Baskılı Kadın Tişört,399.99
LCW Comfort - Taşlı Soft Touch Kadın Tişört,499.99
LCW Modest - Beli Kuşaklı Kadın Blazer Ceket,1299.99
XSIDE - Kruvaze Yaka Kadın Trençkot,1999.99
LCW Vision - Dik Yaka Büzgülü Bluz	Mock Neck Ruched Blouse,499.99
LC WAIKIKI - Bisiklet Yaka Baskılı Kadın Tişört,279.99
LCWAIKIKI Classic - Dar Fit İspanyol Paça Kadın Pantolon,899.99
LCW Modest - Dik Yaka Desenli Kemerli Şifon Elbise,899.99
LCW DREAM - Gömlek Yaka Kadın Şortlu Pijama Takımı,899.99
LCW Grace - Bisiklet Yaka Taşlı Kadın Tişört,599.99
LCW Grace - V Yaka Nakışlı Bluz,599.99
LCWAIKIKI Maternity - Karın Panelli Straight Fit Hamile Jean Pantolon,549.99
Daxtors - D0112 Günlük Ortopedik Kadın Sneaker Spor Ayakkabı,1260.98
LCW STUDIO - Kolej Yaka Kadın Bomber Ceket,799.99
LCW DREAM - Desenli Kadın Patik Çorap 5'li,129.99
KOOR SPORT - Beli Lastikli Soft Touch Kadın Eşofman Altı,799.99
LCW Jeans - Beli Kemerli Kadın Jean Şort,799.99
LCW EVERYDAY - Regular Fit Kadın Gömlek Tunik,449.99
Jane's - Kadın Kısa Kollu Yuvarlak Yakalı Yakası Renkli Kiloş Midi Viskon Elbise,770.76
LC WAIKIKI - Halter Yaka Fitilli Kadın Atlet,229.99
LCW Comfort - V Yaka Kadın Kimono,899.99
LCW Vision - U Yaka İp Askılı Kadın Atlet,299.99
LCWAIKIKI Basic - Soft Touch Kadın Jogger Eşofman Altı,799.99
LCW Vision - Kare Yaka Kadın Çıtçıtlı Body,499.99
LCWAIKIKI Basic - Beli Lastikli Dokulu Kadın Kapri,399.99
LCW Modest - Bisiklet Yaka Fırfırlı Bluz,999.99
LCW Grace - Bisiklet Yaka Taşlı Bluz,549.99
LC WAIKIKI - Bisiklet Yaka Oversize Kadın Tişört,249.99
LCW EVERYDAY - U Yaka Toka Detaylı Büzgülü Bluz,599.99
LCWAIKIKI Classic - Beli Bağlamalı Oversize Kadın Gömlek,899.99
LCW Grace - Gömlek Yaka Kendinden Desenli Kadın Ferace,1199.99
LCW Vision - Beli Lastikli Geniş Paça Kadın Pantolon,449.99
XSIDE - Tüvit Mini Gömlek Elbise,799.99
LCW ACCESSORIES - Hasır Kadın Plaj Çantası,999.99
LCW ECO - Yüksek Bel Dar Fit Kadın Gabardin Pantolon,649.99
LCW EVERYDAY - Desenli Kuşaklı Kadın Gömlek Tunik,799.99
LCW Modest - Beli Fermuarlı Desenli Pileli Etek,699.99
LCW Modest - Hakim Yaka Oversize Kadın Gömlek Tunik,1599.99
LCWAIKIKI Classic - Şal Yaka Kadın Hırka,399.99
LCW Vision - Bağlamalı Yaka Oversize Kadın Gömlek,899.99
LCW DREAM - U Yaka İp Askılı Kadın Crop Atlet,279.99
LCW Grace - Çizgili Keten Karışımlı Kadın Gömlek Tunik,399.99
LCW EVERYDAY - Kruvaze Yaka Dokulu Kadın Müslin Kimono,599.99
LCWAIKIKI Classic - U Yaka Dokulu Müslin Bluz,399.99
XSIDE - Bisiklet Yaka Çiçek Baskılı Kadın Tişört,399.99
LCW Vision - Puantiyeli İp Askılı Uzun Saten Elbise,899.99
Formo - Kadın Ekstra Yüksek Bel Büyük Beden Dalgıç Kumaş Esnek Spor Rahat Günlük Battal Tayt,449.99
LCW Comfort - Kare Yaka Pileli Mini Jean Elbise,599.99
LCW Modest - Beli Lastikli Çiçekli Kloş Etek,1599.99
LCW Vision - Beli Kemerli Ekstra Dar Fit Kadın Pantolon,599.99
LCW Jeans - Bermuda Fit Kadın Jean Şort,799.99
LCW EVERYDAY - Bisiklet Yaka Düğmeli Kadın Tişört,449.99
LCW DREAM - Desenli Kadın Patik Çorap 5'li,179.99
LCW Young - Ayı Teddy Baskılı Kadın Pijama Takım,799.99
LCW Vision - Kare Yaka Keten Karışımlı Elbise,1199.99
KOOR SPORT - Beli Lastikli Kadın Spor Tayt,799.99
LCW ACCESSORIES - Kadın Bucket Şapka,399.99
LCWAIKIKI Classic - Çizgili Kadın Gömlek,799.99
LCWAIKIKI Classic - Beli Lastikli Müslin Kadın Pantolon,799.99
LCW Vision - Cepli Kadın Jean Gömlek,1299.99
LCW Modest - Bebe Yaka Çizgili Kadın Gömlek,899.99
LCW Grace - Kaçık Yaka Nakışlı Bluz,1199.99
XSIDE - Çizgili Keten Karışımlı Kadın Pantolon,799.99
LCW Vision - Kare Yaka İp Askılı Crop Bluz,799.99
LCW Comfort - V Yaka Puantiyeli Fırfırlı Mini Elbise,799.99
XSIDE - Mickey Mouse Baskılı Kadın Tişört,499.99
LCW Grace - Bağlamalı Yaka Fırfırlı Bluz,799.99
LCW Vision - Bisiklet Yaka Büzgülü Uzun Elbise,999.99
LCW Modest - Loose Fit Pileli Kadın Gömlek,999.99
LCW EVERYDAY - Beli Büzgülü Kadın Gömlek,599.99
QUZU - Hasır Kemerli Yüksek Bel Bol Paça Pantolon Mavi,1899.99
LCWAIKIKI Classic - Beli Kemerli Cigarette Kadın Pileli Pantolon,649.99
LCW Modest - Beli Kemerli Kadın Blazer Ceket,1299.99
LCW Vision - Polo Yaka Kadın Tişört,599.99
LCW DREAM - Gömlek Yaka Baskılı Kadın Pijama Takımı,799.99
LCWAIKIKI Classic - Beli Lastikli Geniş Paça Kadın Pantolon,799.99
LCW Modest - Bisiklet Yaka Taş İşlemeli Kadın Tişört,599.99
LCW Vision - Beli Kemerli Wideleg Kadın Jean Pantolon,1299.99
LCW Vision - Hakim Yaka Büzgülü Bluz,999.99
LCWAIKIKI Classic - Bağlamalı Yaka Desenli Elbise,899.99
LCW DREAM - V Yaka Fiyonklu Kadın Şortlu Pijama Takımı,799.99
XSIDE - Beli Lastikli Modal Karışımlı Kadın Pantolon,1099.99
LCW Vision - Beli Lastikli Soft Touch Kadın Eşofman Altı,359.99
Lafaba - Kadın Kahverengi Büyük Beden Otrişli Örme Midi Abiye Elbise,1769.99
LCW DREAM - Bisiklet Yaka Desenli Kadın Tesettür Mayo Takımı,999.99
LCW ACCESSORIES - Süet Görünümlü Kadın Omuz Çantası,599.99
LCW EVERYDAY - Kapüşonlu Yaka Kadın Fermuarlı Sweatshirt,549.99
LCW Vision - Beli Fermuarlı Ekose Kloş Etek,599.99
LCWAIKIKI Basic - Bisiklet Yaka Kadın Atlet,329.99
LCW Modest - Bisiklet Yaka Çiçek Nakışlı Bluz,299.99
LCWAIKIKI Maternity - Karın Panelli Hamile Eşofman Alt,499.99
XSIDE - Beli Lastikli Wideleg Kadın Jean Pantolon,1199.99
LCW EVERYDAY - Çiçekli Kuşaklı Kadın Gömlek Tunik,649.99
LCW Jeans - Kare Yaka Peplum Mini Jean Elbise,1499.99
LC WAIKIKI - Yüksek Bel Bermuda Fit Kadın Jean Şortolon,549.99
LCW Modest - Bisiklet Yaka Kadın Sweatshirt Tunik,499.99
LCW DREAM - Yüksek Bel Düz Külot Korse,549.99
LCW DREAM - Kalp Desenli Kadın Pijama Takım,599.99
LC WAIKIKI - Bağlamalı Yaka Desenli Bluz,449.99
LCWAIKIKI Classic - Beli Lastikli Kadın Eşofman Altı,699.99
LCW Modest - Nakışlı Kadın Gömlek Tunik,799.99
LCW Modest - Soft Touch Oversize Kadın Sweatshirt Tunik,599.99
LCW Vision - Gömlek Yaka Kadın Süet Görünümlü Ceket,2299.99
LCWAIKIKI Classic - Gömlek Yaka Oversize Oxford Bluz,449.99
LCW ACCESSORIES - Metal Saplı Deri Görünümlü Kadın Omuz Çantası,699.99
LCW Grace - Beli Lastikli Dokulu Kadın Pantolon,279.99
XSIDE - Bisiklet Yaka Mickey Mouse Baskılı Kadın Tişört,229.99
LCW Modest - Ekose Oversize Kadın Gömlek,699.99
LCW Grace - Beli Lastikli Dikiş Detaylı Kadın Pantolon,499.99
XSIDE - Yüksek Bel Geniş Paça Kadın Kumaş Pantolon,499.99
LCW Young - Winnie the Pooh Baskılı Kadın Şortlu Pijama Takımı,699.99
XSIDE - Beli Kemerli Mini Etek,549.99
LCW EVERYDAY - U Yaka Askılı Peplum Elbise,499.99
XSIDE - Modal Karışımlı İp Askılı Elbise,1299.99
LCW EVERYDAY - Dokulu Kadın Gömlek,799.99
LCWAIKIKI Classic - V Yaka Çiçekli Bluz,149.99
LCW Grace - Hakim Yaka Kadın Gömlek Tunik,899.99
LCW Vision - Bisiklet Yaka Baskılı Oversize Kadın Tişört,359.99
Trendseninle - Kadın Mavi Keten Karışımlı Beli Lastikli Yazlık Havuç Pantolon,499.60
LCW Comfort - Beli Lastikli Havuç Kesim Kadın Pantolon,899.99
LCW DREAM - Balensiz Dolgusuz Düz Sporcu Sütyeni,329.99
LCW Comfort - Bisiklet Yaka Kadın Tişört,499.99
LCW Grace - Regular Fit Kadın Gömlek,699.99
LCW EVERYDAY - U Yaka Taşlı Kadın Atlet,359.99
LCW Vision - Beli Lastikli Dokulu Havuç Kesim Kadın Pantolon,599.99
LCW DREAM - Balensiz Dolgusuz Düz Sporcu Sütyeni,399.99
LCW STUDIO - Çizgili Oversize Armürlü Kadın Gömlek Tunik,799.99
LCW DREAM - Gömlek Yaka Nakışlı Kadın Pijama Takım,999.99
TONNY BLACK - Kadın Bej Bordo Rahat Kalıp Kauçuk Taban Bağcıklı Sneaker,749.97
LCW Modest - Kruvaze Yaka Kadın Blazer Ceket,999.99
LCW Modest - Polo Yaka Çizgili Kadın Tişört,599.99
LCW EVERYDAY - Poplin Kadın Gömlek Tunik,699.99
LCW DREAM - Lazer Kesim Dikişsiz Boxer,359.99
LCW Modest - Bebe Yaka Ekose Kadın Gömlek,649.99
LCW Vision - Standart Fit Düz Keten Karışımlı Kadın Pantolon,649.99
LCWAIKIKI Classic - Şal Yaka Desenli Kadın Kimono,699.99
LCW Vision - Gömlek Yaka Oversize Kadın Deri Görünümlü Ceket,699.99
LCW Modest - V Yaka Kadın Jean Kimono,1099.99
LCW Comfort - Beli Lastikli Kadın Jean Şort,649.99
LCW Comfort - Bisiklet Yaka Fiyonk Detaylı Mini Elbise,1299.99
LCW EVERYDAY - V Yaka Düğmeli Kadın Atlet,699.99
LCW Vision - Ekose Kadın Blazer Ceket,999.99
LCW Modest - Beli Fermuarlı Ekose Kloş Etek,549.99
LCW Modest - Beli Lastikli Keten Karışımlı Kadın Pantolon,649.99
LCW EVERYDAY - Dantel Detaylı Modal Karışımlı Bluz,599.99
LCW DREAM - Beli Lastikli Kadın Yüzme Şortu,499.99
XSIDE - Beli Lastikli Geniş Paça Kadın Pantolon,999.99
LCW Vision - Bisiklet Yaka Nakışlı Kadın Tişört,399.99
LCWAIKIKI Classic - Beli Lastikli Keten Karışımlı Kadın Pantolon,649.99
LCW EVERYDAY - Bisiklet Yaka Çiçekli Bluz,399.99
LCW Modest - Kruvaze Yaka Kadın Jean Kimono,1299.99
XSIDE - Mickey ve Arkadaşları Baskılı Kadın Tişört,499.99
LCW Vision - Bisiklet Yaka Modal Karışımlı Elbise,899.99
LCW STEPS - Hakiki Deri Kadın Loafer Ayakkabı,1299.99
LCW EVERYDAY - V Yaka Dokulu Büzgülü Bluz,599.99
LCW STUDIO - Beli Lastikli Geniş Paça Kadın Pantolon,699.99
LCW DREAM - Kısa Kollu Bisiklet Yaka Desenli Kadın Gecelik,549.99
LCWAIKIKI Classic - Gömlek Yaka Kemerli Kadın Tulum,549.99
LCW Grace - Desenli Kadın Gömlek,1299.99
LCW EVERYDAY - Poplin Kadın Gömlek,249.99
LCWAIKIKI Classic - Beli Lastikli Kadın Eşofman Altı,399.99
LCW Vision - Poplin Kadın Gömlek,699.99
LCW EVERYDAY - Bisiklet Yaka Çiçek Baskılı Kadın Tişört,359.99
LCWAIKIKI Classic - Beli Kemerli Pileli Kadın Kumaş Pantolon,1199.99
LCW Modest - Dantel Detaylı Kadın Gömlek Tunik,699.99
LCW ECO - Yüksek Bel Kadın Spor Şort Tayt,279.99
LCWAIKIKI Classic - Beli Lastikli Dokulu Geniş Paça Kadın Pantolon,899.99
LCW Comfort - Gömlek Yaka Mini Elbise,799.99
LCW Vision - Beli Lastikli Keten Karışımlı Kadın Pantolon,999.99
XSIDE - Puantiyeli Katkat Poplin Elbise,1299.99
LCW Comfort - Karın Panelli Wideleg Hamile Jean Pantolon,649.99
KOOR SPORT - Parmak Geçmeli Kadın Fermuarlı Sweatshirt,899.99
LCW EVERYDAY - Bisiklet Yaka Kadın Ceket,699.99
LCW Grace - Bisiklet Yaka Büzgülü A Kesim Elbise,699.99
LCW Vision - Halter Yaka Puantiyeli Fular Detaylı Bluz,549.99
LCW Vision - Dökümlü Yaka Puantiyeli Bluz,549.99
LCW Grace - Beli Lastikli Desenli Belmando Kloş Etek,649.99
LCW Grace - Bisiklet Yaka Desenli Elbise,649.99
LCW Vision - Beli Kemerli Havuç Kesim Kadın Pantolon,599.99
LCW Modest - Kuşaklı Yaka Kadın Blazer Ceket,1799.99
LCW Jeans - Yüksek Bel Bermuda Fit Kadın Jean Şortolon,899.99
LCW Comfort - Bisiklet Yaka Taşlı Kadın Atlet,399.99
LCW Modest - Polo Yaka Çizgili Oversize Kadın Tişört,599.99
LC WAIKIKI - Önden Düğmeli Pileli Jean Etek,699.99
LCW Modest - Bağlamalı Yaka Fırfırlı Balon Kollu Desenli Elbise,999.99
Soulife - V Yaka İp Askılı Kadın Atlet 5'li,1099.99
LCW ACCESSORIES - Hasır Görünümlü Kadın Omuz Çantası,699.99
LCW Modest - Kuşaklı Modal Karışımlı Gömlek Elbise,1499.99
LCW Modest - Ekose Kadın Gömlek Tunik,499.99
LCW Vision - Oversize Kadın Gömlek,899.99
LCWAIKIKI Maternity - Beli Lastikli Karın Panelli Hamile Eşofman Altı,549.99
LCW EVERYDAY - Hakim Yaka Desenli Kuşaklı Elbise,1199.99
LCWAIKIKI Classic - V Yaka Çiçekli Bluz,599.99
LC WAIKIKI - Bisiklet Yaka Baskılı Kadın Tişört,249.99
LCW EVERYDAY - U Yaka Metal Aplikeli Kadın Atlet,399.99
LCW Vision - Malibu Baskılı Oversize Kadın Tişört,399.99
LCW Vision - Bisiklet Yaka Baskılı Kadın Tişört,399.99
XSIDE - V Yaka Manhattan Baskılı Oversize Kadın Tişört,499.99
LCW Vision - Polo Yaka Oversize Kadın Sweatshirt,499.99
LCW Grace - Çiçekli Dantel Detaylı Kadın Tişört,549.99
XSIDE - Bisiklet Yaka Hello Kitty Baskılı Kadın Tişört,499.99
Soulife - Petite Bisiklet Yaka Büzgülü Bluz,499.99
LCW Modest - Çizgili Keten Kadın Gömlek Ceket,999.99
LCW Vision - Çizgili Modal Karışımlı Kadın Pantolon,899.99
LCW Vision - Oversize Poplin Kadın Gömlek,699.99
XSIDE - Beli Lastikli Soft Touch Kadın Eşofman Altı,549.99
LCW Comfort - Kare Yaka Puantiyeli Yırtmaçlı Elbise,999.99
LCW ACCESSORIES - Desenli Kadın Bandana  2'li,399.99
LCW Vision - Kruvaze Yaka Süet Görünümlü Kadın Trençkot,999.99
LCW ACCESSORIES - Nakışlı Kadın Kep Şapka,399.99
LC WAIKIKI - Loose Fit Kadın Gömlek Tunik,649.99
LCW Modest - Bisiklet Yaka New York Baskılı Kadın Tişört,499.99
LCW EVERYDAY - Modal Karışımlı Kadın Gömlek,699.99
LCW Comfort - Beli Lastikli Soft Touch Kadın Şort,499.99
LCW EVERYDAY - Bisiklet Yaka Nakışlı Kadın Tişört,499.99
LCW Vision - Bisiklet Yaka Çiçekli Oversize Kadın Tişört,329.99
LCWAIKIKI Classic - Bisiklet Yaka Elbise,359.99
LCW DREAM - Balensiz Dolgusuz İlk Sütyen 2'li,799.99
LCW EVERYDAY - Kaçık Yaka Ekose Oversize Bluz,399.99
XSIDE - Keten Karışımlı Pileli Kadın Pantolon,1199.99
LCW Comfort - V Yaka Askılı Kadın Tulum,999.99
LCW Comfort - Wideleg Kadın Jean Pantolon,999.99
LCWAIKIKI Classic - Yüksek Bel Straight Fit Kadın Jean Pantolon,999.99
LCWAIKIKI Classic - Beli Lastikli Dokulu Kadın Pantolon,899.99
XSIDE - Çizgili Keten Karışımlı Kadın Gömlek,899.99
XSIDE - Poplin Kadın Gömlek,499.99
LCW Grace - Etnik Desenli Kadın Gömlek,1099.99
LCW Vision - Kayık Yaka Büzgülü Bluz,499.99
LCW EVERYDAY - Dik Yaka Kadın Sweatshirt,359.99
LCW Modest - Beli Lastikli Soft Touch Kadın Eşofman Altı,499.99
LCW Jeans - Crop Flare Kadın Jean Pantolon,599.99
XSIDE - Puantiyeli Kadın Jean Şort,899.99
LCWAIKIKI Classic - Desenli Volanlı Kadın Uzun Elbise,899.99
LCWAIKIKI Classic - Kapüşonlu Kadın Yağmurluk,999.99
LCWAIKIKI Classic - Yüksek Bel Geniş Paça Kadın Pantolon,649.99
LCW Vision - Straplez Yaka Fular Detaylı Bluz,1299.99
LCW Vision - Bisiklet Yaka Kadın Jean Yelek,599.99
LCW Young - Bisiklet Yaka Puantiyeli Kadın Şortlu Pijama Takımı,699.99
LCWAIKIKI Classic - Çizgili Kadın Gömlek,399.99
LCW EVERYDAY - Modal Karışımlı Kadın Gömlek,399.99
LCWAIKIKI Classic - Yüksek Bel Wideleg Kadın Jean Pantolon,899.99
XSIDE - Wideleg Kadın Jean Pantolon,699.99
LCW Modest - Beli Fermuarlı Kloş Etek,699.99
LCW Vision - Polo Yaka Kadın Triko Hırka,599.99
LCW Modest - Kruvaze Yaka Kuşaklı Kadın Trençkot,1999.99
LCW Vision - Kruvaze Yaka Kadın Jean Yelek,649.99
LCW Comfort - Kruvaze Yaka Desenli Elbise,899.99
LCW Grace - Bisiklet Yaka Desenli Bluz,549.99
LCWAIKIKI Classic - Kaçık Yaka Oversize Kadın Bluz,499.99
LCW Vision - Bisiklet Yaka Kadın Atlet,299.99
LCW Vision - Bisiklet Yaka Desenli Kadın Mont,799.99
LCW DREAM - Balenli Dolgusuz Tişört Sütyen 2'li,799.99
XSIDE - Beli Kemerli Havuç Kesim Kadın Pileli Pantolon,899.99
Soulife - Loose Fit Geniş Paça Kadın Pileli Kumaş Pantolon,999.99
LCW Grace - Çizgili Keten Görünümlü Gömlek Elbise,649.99
LCW Vision - Kayık Yaka Kadın Tişört,449.99
LCW Modest - Beli Lastikli Wideleg Kadın Jean Pantolon,999.99
KOOR SPORT - Soft Touch Oversize Kadın Sweatshirt,599.99
LCW Modest - Çizgili Keten Karışımlı Kadın Gömlek,999.99
LCW STUDIO - Kolu Bağlamalı Çizgili Kadın Gömlek,699.99
LCW Modest - Loose Fit Geniş Paça  Kadın Pantolon,649.99
LCW Grace - Fırfırlı Dokulu Kadın Gömlek,899.99
LCW Modest - Şal Yaka Taşlı Oversize Kadın Kimono,1499.99
LCW Grace - Kadın Gömlek Tunik,999.99
LCW Jeans - Boyfriend Fit Kadın Jean Pantolon,899.99
LCW Young - Ayı Teddy Baskılı Kadın Pijama Takım,599.99
LCW Grace - Beli Lastikli Kadın Jean Kapri,899.99
LCW Jeans - Barrel Fit Kadın Jean Pantolon,649.99
LCW Modest - Wideleg Kadın Jean Pantolon,499.99
XSIDE - Kare Yaka Desenli Crop Bluz,799.99
LCWAIKIKI Classic - Leopar Desenli Kadın Pantolon,899.99
LCW Modest - Yüksek Bel Çizgili Geniş Paça Kadın Pantolon,399.99
LCWAIKIKI Classic - Beli Bağlamalı Saten Etek,799.99
XSIDE - Yüksek Bel Mini Jean Etek,899.99
LCW DREAM - Bisiklet Yaka Desenli Kadın Pijama Takım,799.99
LC WAIKIKI - V Yaka Katkat Elbise,359.99
LCWAIKIKI Classic - Beli Lastikli Kadın Jean Etek,799.99
LCW Jeans - Flare Kadın Jean Pantolon,899.99
LCW Modest - Bisiklet Yaka Soft Touch Kadın Sweatshirt Tunik,359.99
LCW Grace - V Yaka Kadın Triko Yelek,449.99
LCW Vision - Büzgülü Kadın Gömlek,799.99
QUZU - Boncuk Aksesuarlı Asimetrik Bluz Mavi,1149.99
LCW EVERYDAY - Kaçık Yaka Kadın Gömlek,599.99
LCW Jeans - Bermuda Fit Kadın Jean Şortolon,899.99
LCW Grace - Beli Lastikli Kloş Etek,699.99
LCW Modest - Büzgülü Oversize Kadın Gömlek Tunik,699.99
LCW Vision - Beli Lastikli Keten Karışımlı Kadın Pantolon,1199.99
LCW Vision - U Yaka Kadın Atlet,299.99
LCW EVERYDAY - Bağlama Detaylı Dokulu Kadın Gömlek Tunik,899.99
LCW STUDIO - Beli Lastikli Kadın Pileli Kumaş Pantolon,549.99
LCW DREAM - Bisiklet Yaka Baskılı Kadın Pijama Takım,899.99
LCW JOY - Hello Kitty Baskılı Kadın Alışveriş Çantası,99.99
LCW DREAM - Kaçık Yaka Civciv Baskılı Hamile Gecelik,599.99
LCW Grace - Beli Lastikli Desenli A Kesim Etek,799.99
LCW Modest - Beli Fermuarlı Brode Detaylı Kloş Etek,1999.99
LCW Comfort - Bağlama Detaylı Kadın Gömlek,899.99
LCW Vision - Beli Bağlamalı Geniş Paça Kadın Pantolon,499.99
LCW Comfort - Bisiklet Yaka Brode Detaylı Bluz,299.99
LCW Modest - Loose Fit Geniş Paça  Kadın Pantolon,799.99
LCWAIKIKI Classic - Beli Kuşaklı Çizgili Gömlek Elbise,899.99
LCW Vision - Dik Yaka Baklava Desenli Kadın Şişme Mont,799.99
LCW EVERYDAY - Dokulu Büzgülü Kadın Gömlek Tunik,899.99
LCW Modest - Hakim Yaka Poplin Kadın Gömlek Tunik,549.99
LCW DREAM - Kaymaz Taban Kadın Babet Çorap 5'li,229.99
LCW EVERYDAY - Oversize %100 Keten Kadın Gömlek Tunik,1999.99
LCW Grace - Beli Lastikli Baklava Desenli A Kesim Etek,359.99
LCW Modest - Bisiklet Yaka Manhattan Baskılı Kadın Tişört,249.99
LCW Comfort - Polo Yaka Fitilli Peplum Mini Elbise,599.99
LCWAIKIKI Basic - Bisiklet Yaka Kadın Body,149.99
LCW EVERYDAY - Kruvaze Yaka Kuşaklı Kadın Trençkot,1799.99
LCW Comfort - V Yaka İp Askılı A Kesim Elbise,799.99
XSIDE - Bisiklet Yaka Nakışlı Kadın Tişört,399.99
LCWAIKIKI Classic - Beli Lastikli Çiçekli Yırtmaçlı Etek,899.99
LCW DREAM - Leopar Desenli Kadın Şortlu Pijama Takımı,799.99
LCW Vision - Bisiklet Yaka A Kesim Kroşe Elbise,1599.99
LCW EVERYDAY - Bisiklet Yaka Kadın Tişört,399.99
LCWAIKIKI Classic - Beli Lastikli Modal Karışımlı Kadın Eşofman Altı,699.99
LCW Modest - Bisiklet Yaka Sweat Elbise,499.99
KOOR SPORT - Beli Lastikli Kadın Jogger Eşofman Altı,599.99
LCWAIKIKI Classic - Beli Lastikli Dokulu Kadın Kapri,699.99
LCWAIKIKI Maternity - Karın Panelli Hamile Pantolon,649.99
LCW ACCESSORIES - Kanvas Kadın Omuz Çantası,599.99
LCWAIKIKI Classic - Carrot Fit Keten Karışımlı Kadın Jean Pantolon,899.99
LCW Modest - Gömlek Yaka Ekose Kadın Sweatshirt Tunik,549.99
LCW EVERYDAY - Çizgili Kadın Blazer Ceket,1199.99
XSIDE - Kayık Yaka Dantelli Büzgülü Bluz,699.99
LCWAIKIKI Classic - V Yaka İp Askılı A Kesim Elbise,999.99
LCW DREAM - Dikişsiz Yüksek Bel Külot 2'li,599.99
LCW DREAM - Beli Lastikli Kadın Yüzme Şort Etek,499.99
LCW Vision - V Yaka Çiçekli Balon Kollu Bluz,1199.99
LCW Modest - Bisiklet Yaka Dantel Nakışlı Kadın Tişört,399.99
LCW Grace - V Yaka Çiçekli Poplin Elbise,899.99
LCW EVERYDAY - Bisiklet Yaka Kadın Yelek,599.99
LCW Vision - Kayık Yaka Dokulu Bluz,699.99
Natuvera - Kruvaze Yaka Kadın Jean Blazer Ceket,1199.99
LCW EVERYDAY - Bisiklet Yaka Kadın Body,299.99
LCW STUDIO - Çizgili Keten Görünümlü Kadın Gömlek,899.99
Natuvera - Bisiklet Yaka Kadın Tişört,699.99
LCW Grace - Bağlamalı Yaka Desenli Bluz,599.99
LCW Grace - Beli Lastikli Desenli Geniş Paça Kadın Kapri,449.99
XSIDE - Beli Lastikli Geniş Paça Kadın Eşofman Altı,599.99
LCW Grace - Beli Lastikli Desenli Belmando Kloş Etek,899.99
LCW EVERYDAY - Bisiklet Yaka Çiçek Aplikeli Bluz,399.99
LCW Modest - V Yaka Kadın Triko Hırka,299.99
LCW STEPS - Deri Görünümlü Kadın Spor Ayakkabı,799.99
LCWAIKIKI Basic - U Yaka Kadın Fitilli Atlet,299.99
LCW Vision - Oversize Kadın Jean Gömlek Ceket,1099.99
LC WAIKIKI - Marseille Baskılı Oversize Kadın Tişört,279.99
XSIDE - Balloon Fit Kadın Jean Pantolon,1099.99
LCW Modest - Pileli Kadın Kumaş Pantolon,699.99
KOOR SPORT - Bisiklet Yaka Kadın Spor Tişört,599.99
LCWAIKIKI Classic - Bisiklet Yaka Kadın Atlet,329.99
LCW ACCESSORIES - Çizgili Kadın Plaj Çantası,599.99
Jane's - Kadın Askılı Kare Yakalı Uzun Ithal Krep Elbise,762.05
LCW ACCESSORIES - Çıkarılabilir Askılı Kadın Omuz Çantası,499.99
XSIDE - Çiçekli Mini Kloş Elbise,599.99
LCW EVERYDAY - Dokulu Kadın Gömlek,599.99
XSIDE - Kruvaze Yaka Çizgili Kadın Blazer Ceket,999.99
LCW EVERYDAY - Çiçekli Kadın Gömlek Tunik,799.99
LCW DREAM - V Yaka Baskılı Kadın Şortlu Pijama Takımı,599.99
LCW Vision - Beli Fermuarlı Çiçekli A Kesim Etek,1299.99
LCW Vision - Kapüşonlu Kapitone Kadın Şişme Mont,1099.99
LCW Grace - Beli Lastikli Dokulu Etek,899.99
LCW DREAM - Balenli Dolgusuz Straplez Sütyen,499.99
LCW Vision - Beli Lastikli Dokulu Kloş Etek,699.99
LCW Comfort - Bisiklet Yaka Kadın Atlet,359.99
LCWAIKIKI Classic - Beli Lastikli Havuç Kesim Çizgili Kadın Pantolon,449.99
LCW ACCESSORIES - Kadın Omuz Çantası,449.99
LCW EVERYDAY - Müslin Kadın Gömlek,699.99
LCW ACCESSORIES - Hasır Kadın Fötr Şapka,149.99
LCW DREAM - Kalp Desenli Kadın Patik Çorap 5'li,149.99
LCW EVERYDAY - Bağlamalı Yaka Dokulu Bluz,699.99
LCW DREAM - Yüksek Bel Kadın Hipster Bikini Altı,499.99
LCW DREAM - Gömlek Yaka Desenli Kadın Şortlu Pijama Takımı,799.99
Shulebags - Guide Kartlık Charmlı El Ve Omuz Çantası Siyah,899.90
XSIDE - Kare Yaka Puantiyeli Mini Elbise,1499.99
LCW STUDIO - Beli Kemerli Kadın Klasik Yelek,649.99
LCW DREAM - Lazer Kesim Bikini Külot 2'li,279.99
Jane's - Kadın Tek Omuzdan Askılı şerit Detaylı Düğmeli Viskon Bluz,703.53
LCW DREAM - Yüksek Bel Külot 3'lü,359.99
LCW Young - Winnie the Pooh Baskılı Kadın Gecelik,499.99
XSIDE - Bisiklet Yaka Baskılı Kadın Tişört,279.99
LCW DREAM - Ayı Teddy Baskılı Kadın Pijama Takım,999.99
LCW STUDIO - Fular Yaka Büzgülü Oversize Bluz,499.99
LCW Modest - Gömlek Yaka Beli Bağcıklı Jean Elbise,1499.99
Jane's - Kadın Ip Askılı V Dantel Yakalı Dantel Bluz,753.66
LCW Vision - Oversize Kadın Jean Gömlek,1199.99
LCW Vision - Kruvaze Kapamalı Keten Karışımlı Kadın Pantolon,1199.99
LCW ACCESSORIES - Metal Saplı Deri Görünümlü Kadın Omuz Çantası,799.99
LCW Grace - Bisiklet Yaka Taşlı Bluz,599.99
XSIDE - V Yaka Hello Kitty Oversize Baskılı Kadın Tişört,499.99
LCWAIKIKI Classic - Polo Yaka Kadın Tişört,399.99
LCW Vision - Beli Lastikli Çiçekli Kadın Pantolon,599.99
LCW Vision - Bisiklet Yaka Keten Karışımlı Bluz,599.99
LCW Grace - Fırfırlı Hakim Yaka Puantiyeli Elbise,1499.99
LCW Vision - Polo Yaka Kadın Triko Kazak,399.99
LCW Modest - Modal Dokulu Kadın Kumaş Pantolon,799.99
LCW Grace - Beli Lastikli Ekose A Kesim Etek,799.99
LCW Vision - V Yaka Fırfırlı Bluz,699.99
LCW Vision - Keten Karışımlı Kadın Gömlek,799.99
LCW Modest - Bisiklet Yaka Büzgülü Bluz,899.99
LCW HOME - Fiyonk Detaylı Kadın Ev Terliği,399.99
LCW STUDIO - Loose Fit Kadın Pantolon,549.99
LCW Comfort - Bisiklet Yaka Soft Touch Tüllü Elbise,799.99
GÖNDERİ(R) - Kadın SİYAH El Ve Omuz Çantası,3516.80
Soulife - Bisiklet Yaka Kadın Klasik Yelek,1299.99
LCW Jeans - Yırtık Detaylı Kadın Jean Şort,799.99
LCWAIKIKI Classic - Kaçık Yaka Bluz,699.99
LCW DREAM - Balensiz Dolgusuz Straplez Sütyen,499.99
XSIDE - Straplez Yaka Jean Bluz,1099.99
LC WAIKIKI - Bisiklet Yaka Leopar Baskılı Oversize Kadın Crop,249.99
LCW EVERYDAY - Şal Yaka Desenli Kadın Hırka,799.99
LCW DREAM - Puantiyeli Kadın Babet Çorap 3'lü,199.99
LCW DREAM - Bisiklet Yaka Baskılı Kadın Şortlu Pijama Takımı,599.99
LCWAIKIKI Classic - Beli Lastikli Katkat Etek,299.99
LCWAIKIKI Classic - Gömlek Yaka Büzgülü Elbise,1299.99
Kappa LC WAIKIKI - Standart Kalıp Baskılı Unisex Eşofman Altı,899.99
LCW Modest - Beli Lastikli Modal Karışımlı Kloş Etek,1299.99
LCWAIKIKI Classic - Beli Kemerli Slim Mom Kadın Jean Pantolon,1299.99
LCW Comfort - Beli Lastikli Pileli Kadın Eşofman Altı,599.99
LCW ACCESSORIES - Hasır Örgü Desenli Kadın Omuz Çantası,699.99
LCW Grace - Kaçık Yaka Çizgili Keten Karışımlı Kadın Gömlek,899.99
LCW DREAM - Balensiz Yarım Dolgulu Lazer Kesim Sporcu Sütyeni,599.99
LCW EVERYDAY - Bisiklet Yaka Nakışlı Kadın Tişört,399.99
LCW Vision - Beli Lastikli Kadın Şort,549.99
Soulife - Loose Fit Kadın Pileli Kumaş Pantolon,1299.99
Jane's - Pike Kumaş Düğmeli Yaka Regular Rahat Günlük Kısa Kol Tişört T-shirt - Gri,618.30
XSIDE - Straplez Yaka Ekose Belden Oturtmalı Elbise,899.99
LCW JOY - Harry Potter Nakışlı Boyun Yastığı,299.99
XSIDE - Mickey ve Minnie Mouse Baskılı Kadın Tişört,329.99
LCW EVERYDAY - U Yaka Kadın Atlet,299.99
LCW ACCESSORIES - NY Nakışlı Kadın Gabardin Kep Şapka,399.99
LCW Vision - Cepli Oversize Kadın Jean Gömlek,1299.99
LCW Modest - Balıkçı Yaka Oversize Kadın Triko Tunik,329.99
LCW Vision - Beli Lastikli İspanyol Paça Kadın Tayt Pantolon,499.99
LCW STEPS - Deri Görünümlü Kadın Babet Ayakkabı,899.99
LCW EVERYDAY - Bebe Yaka Ekose Kadın Gömlek Tunik,649.99
LCW DREAM - Bisiklet Yaka Baskılı Kadın Gecelik,499.99
LCW Vision - Bisiklet Yaka Oversize Kadın Sweatshirt,359.99
XSIDE - Çiçekli Balon Kollu Belden Oturtmalı Elbise,1199.99
LCW STUDIO - Oversize Poplin Kadın Gömlek,399.99
LCW DREAM - Kadın Soket Çorap 5'l,179.99
LCW Vision - Oversize Kadın Jean Gömlek,999.99
LCW DREAM - Gömlek Yaka Hamile Pijama Takımı,799.99
LCW Grace - Bisiklet Yaka Kadın Triko Hırka,399.99
LCWAIKIKI Classic - Dokulu Kadın Gömlek,399.99
LCW STUDIO - Yüksek Bel Geniş Paça Kadın Pantolon,549.99
LCW DREAM - Balenli Dolgusuz Dantelli Tişört Sütyen,549.99
LCW Comfort - Bisiklet Yaka Kadın Tişört,359.99
LCW Comfort - U Yaka Çiçekli Mini Elbise,699.99
LCW Modest - Hakim Yaka Beli Kemerli Pileli Elbise,1499.99
LCW Comfort - Beli Lastikli Dokulu Kadın Pantolon,399.99
LCW Modest - Beli Lastikli Keten Karışımlı Kadın Etek,699.99
LCW Grace - Bisiklet Yaka Taşlı Kadın Tişört,549.99
LCW Comfort - Halter Yaka Desenli Bluz,599.99
LCW DREAM - V Yaka Kadın Pijama Takımı,799.99
LCW EVERYDAY - Bisiklet Yaka Soft Touch Kadın Sweatshirt,359.99
Natuvera - Kruvaze Yaka Kadın Jean Ceket,1199.99
LC WAIKIKI - V Yaka Kadın Tişört,359.99
LCW Vision - Kayık Yaka Ekose Fırfırlı Bluz,499.99
LCW Grace - Çizgili Kadın Gömlek Tunik,799.99
LCW Modest - Bisiklet Yaka Soft Touch Kadın Tişört,499.99
LCWAIKIKI Classic - Kare Yaka Leopar Desenli İp Askılı Elbise,1099.99
LCW Vision - Beli Kemerli Kloş Etek,699.99
LCW Jeans - Wideleg Kadın Jean Pantolon,599.99
LCW Grace - Fırfırlı Dik Yaka Desenli Bluz,549.99
LCW DREAM - Balenli Dolgusuz Çiçekli Tişört Sütyen 2'li,849.99
LCWAIKIKI Classic - Kapüşonlu Kadın Ceket,1099.99
LCW Vision - Modal Karışımlı Oversize Kadın Gömlek,549.99
LCW Vision - Modal Karışımlı Oversize Kadın Gömlek,599.99
LCW Modest - Kürk Yakalı Kadın Deri Görünümlü Ceket,1499.99
LCW Vision - Bisiklet Yaka Kadın Triko Hırka,399.99
LCW Vision - Beli Kemerli Geniş Paça Kadın Pantolon,599.99
LCW Grace - Beli Lastikli Çiçekli A Kesim Etek,499.99
LCW Modest - Bisiklet Yaka Pileli Bluz,499.99
LCW Vision - Çizgili Oversize Kadın Gömlek Ceket,699.99
LCW Vision - Beli Lastikli Etek,329.99
Soulife - Petite Kadife Yaka Kadın Deri Görünümlü Mont,1299.99
LCW Vision - Bisiklet Yaka Taşlı Soft Touch Kadın Tişört,279.99
Remsa - Kadın Desenli Pamuklu Kısa Kol Pointelle Kumaş Pijama Takımı 70753-3153 Pudra,709.90
Remsa - Kadın Desenli Pamuklu Kısa Kol Pointelle Kumaş Pijama Takımı 70753-3151 Somon,709.90
LCW DREAM - Ekose Kadın Şortlu Pijama Takımı,999.99
LCW Modest - Bisiklet Yaka Limon Nakışlı Kadın Tişört,399.99
LCW EVERYDAY - Bağlamalı Yaka Oversize Fırfırlı Bluz,329.99
LCWAIKIKI Basic - Beli Lastikli Soft Touch Kadın Şort,499.99
LCW Modest - Kadın Gömlek Tunik,499.99
LCW ACCESSORIES - Deri Görünümlü Kadın Omuz Çantası,649.99
LCW Modest - Pile Detaylı Crop Kadın Gömlek,699.99
LCW Modest - Yüksek Bel Wideleg Kadın Jean Pantolon,649.99
LCW Comfort - Beli Lastikli Wideleg Kadın Jean Pantolon,699.99
Natuvera - Gömlek Yaka Mini Jean Elbise,1299.99
LCW Vision - Bisiklet Yaka Baskılı Kadın Tişört,499.99
Natuvera - Yüksek Bel Jean Etek,999.99
LCW Vision - Standart Fit Kadın Jean Etek,699.99
LCW DREAM - Beli Lastikli Kadın Pijama Alt,549.99
LC WAIKIKI - Bisiklet Yaka Fitilli Kadın Tunik,399.99
LCW ACCESSORIES - Süet Görünümlü Kadın Omuz Çantası,699.99
Soulife - Petite Flare Kadın Jean Pantolon,1099.99
LCWAIKIKI Classic - Dar Fit Kadın Jean Etek,699.99
LCW EVERYDAY - Bağlamalı Yaka Dokulu Bluz,599.99
LCW EVERYDAY - Polo Yaka Mini Elbise,1099.99
LCW Comfort - Bisiklet Yaka Ekose Mini Gömlek Elbise,799.99
XSIDE - Bermuda Fit Kadın Jean Şort,999.99
XSIDE - Bisiklet Yaka Baskılı Kadın Tişört,199.99
LCWAIKIKI Classic - Gömlek Yaka Oversize Keten Karışımlı Kadın Ceket,1099.99
LCW Modest - V Yaka Kadın Kimono,1099.99
LCWAIKIKI Basic - Beli Lastikli Kadın Kapri,499.99
LCW Grace - Hakim Yaka Büzgülü Kadın Yelek,999.99
XSIDE - Bisiklet Yaka Karpuz Kol Mini Jean Elbise,1299.99
LCW Vision - Beli Lastikli Çizgili Pileli Etek,1299.99
LCW Vision - Beli Fermuarlı Renk Bloklu Kadın Pantolon,1099.99
LC WAIKIKI - Kruvaze Yaka Oversize Kadın Trençkot,1199.99
LCW Modest - Hakim Yaka Desenli Elbise,999.99
AVON - TTA Love Quartz Kadın Parfüm Edp 50 Ml.,749.90
LCWAIKIKI Maternity - Karın Panelli Wideleg Kadın Jean Pantolon,699.99
LCW EVERYDAY - Polo Yaka Poplin Mini Elbise,999.99
LCW Vision - Keten Karışımlı Oversize Kadın Gömlek,1299.99
LCW Modest - Bisiklet Yaka Kadın Tişört,449.99
LCW Vision - Beli Lastikli Geniş Paça Kadın Pantolon,799.99
LCW Young - Bisiklet Yaka Civciv Baskılı Kadın Gecelik,499.99
TONNY BLACK - Kadın Vizon Rahat Kalıp Çift Bantlı Toka Detaylı Terlik,749.97
LCWAIKIKI Classic - Beli Lastikli Desenli Kadın Şort,499.99
LCW Grace - Beli Lastikli Jean Etek,899.99
LCW Vision - Kruvaze Yaka Dokulu Kadın Kimono,499.99
LCW Vision - Barrel Fit Kadın Jean Pantolon,699.99
LCW STEPS - Sivri Burun Kadın Babet,999.99
LCW EVERYDAY - Gömlek Yaka Dokulu Oversize Müslin Elbise,999.99
XSIDE - Hot Wheels Baskılı Kadın Tişört,499.99
LCW Grace - Beli Lastikli Wideleg Kadın Jean Pantolon,999.99
XSIDE - Loose Fit Çizgili Keten Karışımlı Kadın Pileli Pantolon,599.99
LCW Grace - Bağlamalı Yaka Çiçekli Bluz,549.99
LCW Grace - Hakim Yaka Ekose Kadın Gömlek,1199.99
LCW Modest - Beli Lastikli Dokulu Kadın Pantolon,499.99
LCW DREAM - Beli Lastikli Baskılı Kadın Pijama Altı,399.99
LCWAIKIKI Classic - Beli Lastikli Kadın Pantolon,899.99
XSIDE - Bermuda Fit Kadın Jean Şortolon,999.99
LCW EVERYDAY - Polo Yaka Çizgili Elbise,999.99
XSIDE - The Mandalorian Baskılı Kadın Tişört,499.99
LCW Modest - Desenli Oversize Kadın Gömlek Tunik,699.99
LCW Modest - Desenli Kadın Gömlek Tunik,699.99
LCW Grace - Beli Lastikli Geniş Paça Kadın Pantolon,399.99
Muggo - LACE Kadın File Detaylı Boncuk İşlemeli Bantlı Günlük Babet Ayakkabı,699.90
Straswans - Molly Kadın Topuklu Süet Ayakkabı Kahve,1287.99
LCW Grace - Beli Lastikli Standart Fit Kadın Kapri,999.99
LCW Vision - Beli Lastikli Yırtmaçlı Etek,999.99
LCW Modest - Beli Lastikli Geniş Paça Kadın Eşofman Altı,699.99
LC WAIKIKI - Çizgili Poplin Kadın Gömlek Tunik,699.99
LCW Grace - Hakim Yaka Dikiş Detaylı Elbise,999.99
LCW ACCESSORIES - Fermuarlı Kadın Omuz Çantası,899.99
LCWAIKIKI Classic - Beli Lastikli Nakışlı Kadın Pantolon,799.99
LCWAIKIKI Classic - V Yaka Oversize Kadın Tişört,499.99
LCW Grace - V Yaka A Kesim Elbise,649.99
Natuvera - Standart Fit Mini Jean Etek,699.99
LCW Modest - Kravat Detaylı Kadın Gömlek Tunik,999.99
LCW ACCESSORIES - Kadın Hasır Omuz Çantası,399.99
LCW Grace - Beli Lastikli Çiçekli Geniş Paça Kadın Kapri,449.99
XSIDE - Standart Fit Kadın Jean Etek,649.99
LCW EVERYDAY - Bisiklet Yaka Kadın Triko Kazak,359.99
XSIDE - Beli Lastikli Geniş Paça Kadın Pantolon,1099.99
LCW Grace - Kaçık Yaka Çiçek Nakışlı Kadın Gömlek,899.99
BGK - 6 Çift Kadın Kurdale Desenli Babet Çorap,139.99
LCW Vision - Beli Lastikli Dokulu Müslin Kadın Pantolon,799.99
LCW STUDIO - Yüksek Bel Pileli Kadın Kumaş Pantolon,1099.99
LCW Vision - Bisiklet Yaka Baskılı Kadın Tişört,359.99
LCW Modest - Çizgili Poplin Kadın Gömlek,699.99
LCW Vision - Dik Yaka Oversize Kadın Süet Görünümlü Yelek,999.99
LC WAIKIKI - Çizgili Oversize Poplin Kadın Gömlek Tunik,649.99
LCWAIKIKI Classic - V Yaka Dokulu Kadın Bluz,359.99
LCW Vision - Asimetrik Kesim Dantelli Etek,699.99
LCW Jeans - Leopar Desenli Crop Straight Kadın Jean Pantolon,999.99
LCW Vision - Bisiklet Yaka Paris Baskılı Kadın Tişört,499.99
LCW Vision - Bisiklet Yaka Kadın Triko Kazak,899.99
LCW DREAM - Bisiklet Yaka Desenli Kadın Pijama Takım,899.99
LCW EVERYDAY - Beli Kuşaklı Kadın Gömlek,699.99
LCW Modest - Kruvaze Yaka Modal Karışımlı Kadın Kimono,999.99
LCW Modest - Puantiyeli Kadın Gömlek Tunik,799.99
LCW DREAM - Kadın Düz Patik Çorap 5'li,249.99
LCW Vision - Krep Kadın Blazer Ceket,799.99
LCW Grace - Bağlamalı Yaka Dokulu Bluz,1099.99
XSIDE - Mom Fit Kadın Jean Şort,899.99
LCW Modest - Wideleg Leopar Desenli Kadın Jean Pantolon,649.99
LCW EVERYDAY - Bisiklet Yaka Desenli Kadın Yelek,599.99
LCW ACCESSORIES - Fular Aksesuarlı Kadın Omuz Çantası,549.99
XSIDE - Beli Lastikli Dantelli Kloş Etek,999.99
Haşema - Deri Detaylı Siyah Bej Örme Hasır Plaj Çantası 1301,1739.90
LCW Grace - Beli Lastikli Ekose Katkat Etek,899.99
LCW EVERYDAY - Dokulu Oversize Kadın Gömlek,899.99
LCW ACCESSORIES - Kadın Hasır Omuz Çantası,699.99
LCWAIKIKI Basic - U Yaka Çizgili Kadın Atlet,399.99
LCWAIKIKI Classic - Bisiklet Yaka Kadın Sweatshirt Tunik,449.99
LCW Vision - Kapüşonlu Kadın Yağmurluk,1099.99
LCW Vision - Kayık Yaka Büzgülü Elbise,449.99
LCW Vision - Beli Lastikli Desenli Kadın Pantolon,599.99
LCW Grace - Kaçık Yaka Nakışlı Bluz,799.99
LCW Modest - Standart Fit Saten Kadın Etek,499.99
LCW Vision - Oversize Keten Karışımlı Kadın Gömlek,999.99
LCW Modest - Soft Touch Kadın Eşofman Altı,799.99
LC WAIKIKI - Kaplan Baskılı Kadın Alışveriş Çantası,29.99
LCW DREAM - Bağlama Detaylı Kadın Mayo,999.99
LCW Modest - Beli Lastikli Kadın Pantolon,549.99
LCW EVERYDAY - Bisiklet Yaka Desenli Kadın Tişört,359.99
LCW Modest - Bisiklet Yaka New York Baskılı Kadın Tişört,299.99
Natuvera - Gömlek Yaka Kadın Jean Ceket,1099.99
LCWAIKIKI Classic - Kapüşonlu Kadın Şişme Mont,599.99
LCW Grace - Fırfırlı Kaçık Yaka Bluz,799.99
LCWAIKIKI Classic - Beli Kemerli Cigarette Kadın Pileli Pantolon,549.99
LCW Comfort - İp Askılı Leopar Desenli A Kesim Elbise,799.99
LCW Vision - Çizgili Keten Karışımlı Kadın Gömlek,499.99
XSIDE - Standart Fit Kadın Pantolon,899.99
LC WAIKIKI - Nakışlı Kadın Gömlek Tunik,699.99
Tarz Cool - Kadın Oversize Düşük Omuz Basic Tişört – Salaş Kesim Yazlık Rahat T-Shirt,449.25
Polaris 5 Nokta - 105798.Z Bej Kadın Comfort Sandalet,1699.99
LCWAIKIKI Classic - Beli Lastikli Kadın Pantolon,549.99
XSIDE - Oversize Müslin Kadın Gömlek,799.99
Tory Burch - TBW1082 Kadın Kol Saati,9966.00
Siyah İnci - Kısa Kollu Pamuklu Düğmeli Biyeli Pijama Takım,232.17
Natuvera - Beli Lastikli Şort Etek,799.99
LCW Comfort - Beli Lastikli Kadın Pileli Pantolon,799.99
LCW EVERYDAY - Kruvaze Yaka Oversize Kadın Kimono,999.99
LCW Vision - Bisiklet Yaka Çizgili Keten Karışımlı Kadın Klasik Yelek,599.99
LCW DREAM - Baskılı Kadın Şortlu Pijama Takımı,599.99
LCW Grace - Bisiklet Yaka Kadın Hırka,899.99
LCW Comfort - Bisiklet Yaka Desenli Mini Elbise,799.99
KOOR SPORT - Baskılı Oversize Kadın Spor Tişört,299.99
Saade - Bej Kadın Dikey Çizgili Geniş Kollu Yazlık Relaxed Kimono,552.49
LCW STEPS - Kare Burunlu Bantlı Taş İşlemeli Kadın Babet,999.99
LCW Modest - Beli Lastikli Desenli Pileli Etek,699.99
LCW DREAM - Yüksek Bel Hamile Külot 2'li,359.99
LCW Grace - Bisiklet Yaka Desenli Elbise,599.99
XSIDE - Ekose Kısa Kollu Kadın Gömlek,799.99
LCW Modest - Crop Flare Kadın Jean Pantolon,899.99
XSIDE - Beli Lastikli Müslin Kadın Şort,699.99
LCW EVERYDAY - Kaçık Yaka Büzgülü Bluz,599.99
LCW Modest - Modal Karışımlı Kadın Gömlek Tunik,999.99
LCW STUDIO - Gömlek Yaka Süet Görünümlü Kadın Ceket,1099.99
LCWAIKIKI Classic - Çiçekli Kadın Gömlek Tunik,899.99
LCW Vision - Dik Yaka Kadın Trençkot,1299.99
LCW Modest - V Yaka Modal Karışımlı Kadın Kimono,1299.99
Haşema - Deri Saplı Fermuarlı Siyah Bej Renk Hasır Plaj Çantası 3121,1599.90
Haşema - Kahverengi Deri Saplı Camel Renk Plaj Çantası 1114,1599.90
Haşema - Ahşap Boncuk Detaylı Camel Renk Hasır Örme Plaj Çantası 1120,1599.90
LCW DREAM - V Yaka Dantel Detaylı İp Askılı Kadın Atlet,359.99
XSIDE - Önü Bağlama Detaylı Crop Kadın Gömlek,799.99
LCW Modest - Bisiklet Yaka Kloş Elbise,699.99
LCW DREAM - V Yaka Kadın Triko Plaj Elbisesi,899.99
LCW Comfort - Bisiklet Yaka Kolsuz Mini Elbise,899.99
LCW Vision - Kaçık Yaka Çizgili Oversize Armürlü Bluz,899.99
Matthew Cox - Kapaklı Kadın Sırt Çantası BYN2325,1299.00
LCW Grace - Beli Lastikli Desenli Kloş Etek,1099.99
LCW EVERYDAY - Beli Lastikli Soft Touch Kadın Eşofman Altı,899.99
LCW STEPS - Deri Görünümlü Toka Detaylı Kadın Babet,649.99
LC WAIKIKI - Beli Lastikli Kadın Şort,329.99
LCW Young - Sünger Bob Baskılı Kadın Pijama Takımı,649.99
LCW Vision - A Kesim Midi Jean Etek,999.99
LCW Vision - Bisiklet Yaka Renk Bloklu Oversize Kadın Tişört,549.99
XSIDE - Çizgili Oversize Kadın Gömlek,999.99
LCW DREAM - Düz Jüpon Tayt,279.99
LCW Grace - V Yaka Dantel Detaylı Fırfırlı Bluz,699.99
Artış - Düz Paça Ayarlanabilir Bel Jarse Esnek Viskoz Soft Hamile Pantolon VTP03,1799.99
LCWAIKIKI Classic - Beli Lastikli Dokulu Müslin Kadın Şort,399.99
LCW EVERYDAY - Modal Karışımlı Pileli Kadın Şort,699.99
Muggo - MESH Kadın Örgü ve File Detaylı Bantlı Arkası Açık Kısa Topuklu Ayakkabı,939.90
LCWAIKIKI Classic - Dantelli Uzun Elbise,1299.99
LCW Jeans - Beli Kemerli Flare Kadın Jean Pantolon,1099.99
Calvin Klein - CK25100132 Kadın Kol Saati,15080.00
LCW Vision - Kayık Yaka Peplum Bluz,649.99
LCW Comfort - Bisiklet Yaka Çizgili Kadın Tişört,249.99
LCW Vision - Bisiklet Yaka Monaco Baskılı Kadın Tişört,299.99
Soulife - Straight Fit Kadın Jean Pantolon,999.99
Ayakmod - Bej Yumuşak Tabanlı Önü Kapalı Kadın Terlik 322224 Z,1890.00
LCW Vision - Yüksek Bel Pileli Kadın Şort,699.99
LCW Vision - Kaçık Yaka Nakışlı Bluz,999.99
LCW Grace - Beli Lastikli Desenli Fırfırlı Etek,699.99
LC WAIKIKI - Bisiklet Yaka Çiçekli Kadın Tişört,299.99
LCWAIKIKI Classic - Dokulu Oversize Kadın Gömlek,649.99
LCW Vision - Barrel Fit Kadın Jean Pantolon,999.99
Soulife - Barrel Fit Kadın Jean Pantolon,999.99
LCW DREAM - Balenli Yarım Dolgulu Düz Tişört Sütyen,449.99
LCW EVERYDAY - Dantel Detaylı Kadın Sweatshirt Tunik,499.99
LCW EVERYDAY - Bisiklet Yaka Mini Jean Elbise,999.99
Tesettür Dünyası - Eteği Volanlı Düğmeli Elbise TSD260218 Kahverengi,1799.99
Tesettür Dünyası - Eteği Volanlı Düğmeli Elbise TSD260218 Füme,1799.99
XSIDE - Bisiklet Yaka Kadın Tüvit Ceket,1299.99
LCW EVERYDAY - Poplin Kadın Gömlek,359.99
LCW STEPS - Deri Görünümlü Kadın Terlik,549.99
LCW STUDIO - Bağlamalı Detaylı Armürlü Kadın Gömlek Tunik,649.99
LCW Kids - Nostaljik Maymun Baskılı Unisex Çocuk Tişört,299.99
LCW DREAM - Fiyonk Baskılı Kadın Pijama Altı,499.99
XSIDE - Beli Lastikli Geniş Paça Kadın Pantolon,799.99
LCW Young - Bisiklet Yaka Baskılı Kadın Şortlu Pijama Takımı,599.99
XSIDE - Keten Karışımlı Kadın Pantolon,999.99
LCW Vision - Kontrast Yaka Kadın Ceket,1799.99
Formo - Kadın Ekstra Yüksek Bel Toparlayıcı İspanyol Paça Ribana Kumaş Esnek Spor Rahat Günlük Tayt,499.99
LCW Comfort - Kuşaklı Kadın Jean Tunik,1499.99
LCW Grace - Beli Lastikli Baklava Desenli Etek,499.99
LC WAIKIKI - Bisiklet Yaka Çizgili Kadın Body,329.99
Polaris - 409077.Z Siyah Kadın Kalın Taban Sandalet,1359.99
LCW Vision - Standart Fit Kadın Jean Etek,899.99
LCW DREAM - Çiçekli Kadın Pijama Takım,999.99
LCW Modest - Bisiklet Yaka Yırtmaçlı Sweat Elbise,699.99
LCW ACCESSORIES - Fular Aksesuarlı Deri Görünümlü Kadın Omuz Çantası,599.99
LCW Modest - Fırfırlı Dik Yaka Kadın Body,249.99
LCW EVERYDAY - Dokulu Kadın Gömlek,899.99
LCW Grace - Bisiklet Yaka Baskılı Kadın Tişört,599.99
LCW DREAM - Halter Yaka Çizgili Kadın Plaj Elbisesi,599.99
LCW Vision - Beli Lastikli Geniş Paça Kadın Pantolon,649.99
LCW DREAM - Beli Lastikli Çiçekli Kadın Pijama Altı,329.99
Julude - Hakim Yaka Basic Tesettür Tunik,1189.99
Lafaba - Kadın Bordo Büyük Beden Otrişli Örme Midi Abiye Elbise,1554.99
LCW Vision - Dokulu Kadın Gömlek,299.99
LCW Comfort - Bisiklet Yaka Nakışlı Kadın Tişört,499.99
LCW DREAM - Bisiklet Yaka Çiçekli Kadın Gecelik,359.99
LCW Jeans - Mars Flare Kadın Jean Pantolon,799.99
LCW Vision - Halter Yaka Fularlı Puantiyeli Bluz,799.99
Soulife - Balloon Fit Kadın Jean Pantolon,999.99
LCWAIKIKI Classic - Çizgili Poplin Kadın Gömlek,549.99
LCW Vision - Fiyonklu Çizgili Kadın Gömlek,699.99
Formo - Kadın Ekstra Yüksek Bel Toparlayıcı İspanyol Paça Dalgıç Kumaş Esnek Spor Rahat Günlük Tayt,449.99
LCW Comfort - Beli Lastikli Keten Karışımlı Kadın Şort,549.99
LCW Modest - Bisiklet Yaka Kadın Yelek,799.99
LC WAIKIKI - Desenli Kadın Gömlek Tunik,599.99
LC WAIKIKI - Regular Fit Kadın Jean Şort Etek,549.99
LCW DREAM - Fiyonk Desenli Kadın Babet Çorap 5'li,249.99
LCWAIKIKI Classic - Yüksek Bel Leopar Desenli Kadın Şort,549.99
LCW Young - Bisiklet Yaka Baskılı ve Çizgili Kadın Pijama Takım,699.99
LCW Modest - Beli Kuşaklı Oversize Kadın Gömlek Tunik,899.99
LCWAIKIKI Classic - Bisiklet Yaka Oversize Kadın Sweatshirt Tunik,399.99
LCW Vision - Bisiklet Yaka Büzgülü Bluz,499.99
Straswans - Livia Kadın Topuklu Kırışık Deri Ayakkabı Bej,1471.99
LCW EVERYDAY - U Yaka Fitilli Kadın Atlet,549.99
LCW DREAM - Düz Bikini Külot 3'lü,279.99
LCW Comfort - Bisiklet Yaka Süet Görünümlü Mini Elbise,399.99
KOOR SPORT - Çizgili Kadın Sporcu Atleti,499.99
Daxtors - D0120 Günlük Ortopedik Kadın Sneaker Spor Ayakkabı,1163.22
LCW Vision - Yüksek Bel Loose Fit Kadın Kumaş Pantolon,499.99
LCW Grace - Beli Lastikli Kadın Kapri,499.99
XSIDE - Kayık Yaka Kadın Sweatshirt,299.99
LCW Vision - V Yaka Keten Bluz,799.99
XSIDE - Mom Fit Puantiyeli Kadın Jean Şort,899.99
XSIDE - Beli Lastikli Wideleg Kadın Jean Pantolon,999.99
LCW Modest - Yüksek Bel Wideleg Kadın Jean Pantolon,899.99
KOOR SPORT - Modal Karışımlı Kadın Spor Şort,599.99
LCW Vision - Dökümlü Yaka Modal Karışımlı Asimetrik Kesim Bluz,399.99
Straswans - Levina Kadın Kırışık Deri Topuklu Ayakkabı Siyah,1278.79
LCWAIKIKI Classic - Yüksek Bel Kadın Cigarette Pantolon,899.99
LCW EVERYDAY - Beli Lastikli Kadın Pileli Şort,499.99
LCW ACCESSORIES - Kadın Kep Şapka,299.99
LCW Grace - Bisiklet Yaka A Kesim Elbise,499.99
LCW Comfort - Şeritli Soft Touch Kadın Şort,599.99
XSIDE - Bisiklet Yaka California Baskılı Kadın Tişört,499.99
XSIDE - Bisiklet Yaka Winnie the Pooh Baskılı Kadın Tişört,499.99
LCW Vision - Yüksek Bel Dar Fit Kadın Pantolon,599.99
LC WAIKIKI - Bisiklet Yaka Baskılı Oversize Kadın Tişört,299.99
TH - Kadın Sırt Çantası TH-YK12941 Krem-Taba,1249.00
LCW EVERYDAY - Bisiklet Yaka Çiçekli Kadın Tişört,399.99
LCW DREAM - Bisiklet Yaka Çiçekli Kadın Pijama Takımı,899.99
Remsa - Kadın Modal Penye Uzun Kol Pijama Takımı 3307 Yeşil,1049.90
XSIDE - Beli Kemerli Mini Etek,599.99
LCW Modest - Gömlek Yaka Oversize Kadın Ceket,1499.99
LCW DREAM - Desenli Kadın Şifon Pareo,449.99
LCW Comfort - Taşlı Kadın Gömlek Ceket,1799.99
LCWAIKIKI Classic - Bağlamalı Dokulu Kadın Müslin Gömlek,799.99
LCW Modest - Hakim Yaka Beli Kuşaklı Kadın Gömlek Tunik,899.99
LCW Vision - Kapüşonlu Oversize Kadın Yağmurluk,1799.99
Remsa - Büyük Beden Kadın Ekose Viskon Kumaş Penye Battal Tek Pijama Alt 22 Bej,1200.00
LCW STUDIO - Polo Yaka Kadın Tişört,499.99
LCW DREAM - Kadın Bambu Patik Çorap 5'li,229.99
LCW Vision - İp Askılı Çizgili Elbise,1099.99
It's Basic - Kadın Kırık Beyaz 7s6-101 Barrel Fit %100 Pamuk Bol Kesim Denim Jean,1299.99
Soulife - Bisiklet Yaka Büyük Beden Kadın Tişört,449.99
LCWAIKIKI Classic - Beli Lastikli Dokulu Kadın Pantolon,999.99
LCW Comfort - V Yaka Ekose Bağlamalı Bluz,899.99
LCW EVERYDAY - Kemerli Oversize Armürlü Kadın Gömlek Tunik,499.99
Natuvera - Gömlek Yaka Kadın Yelek,899.99
LCW Comfort - Bisiklet Yaka Taşlı Mini Elbise,899.99
Lamelif - Shine Desen Ayrobin Floş Jakar Şal Siyah,399.99
ajn - Kids Polo Yaka Basic Kısa Kollu Çocuk Tişört,399.99
ajn - Kids Polo Yaka Basic Kısa Kollu  Kız Çocuk Tişört,399.99
KOOR SPORT - Bisiklet Yaka Oversize Kadın Spor Tişört,399.99
LCW Comfort - Çizgili Kadın Poplin Gömlek,799.99
Jane's - Çizgili Yazlık Triko T-Shirt Bisiklet Yaka Rahat Kalıp Tişört - Beyaz,504.00
XSIDE - Beli Lastikli Wideleg Kadın Jean Pantolon,799.99
LCWAIKIKI Classic - Kruvaze Yaka Oversize Kadın Trençkot,1799.99
Bonbon - Kadın Pamuklu 2 Adet 2'Li Pijama Takımı Bb2212,1259.91
LCW EVERYDAY - V Yaka Askılı A Kesim Elbise,999.99
LCW Grace - Büyük Beden Beli Lastikli Geniş Paça Kadın Pantolon,1199.99
LCWAIKIKI Basic - Beli Lastikli Kadın Şort,449.99
XSIDE - Bisiklet Yaka Çizgili Kadın Body,299.99
LCW Vision - Kemerli Krep Kadın Blazer Ceket,899.99
It's Basic - Kadın Jean Renk 4s6-32 Relax Fit Esnek Kumaş Denim Jean,1249.99
LCW Vision - Beli Lastikli Keten Karışımlı Kadın Pantolon,799.99
LCW EVERYDAY - Beli Lastikli Keten Görünümlü Kadın Şort,699.99
LCW Modest - Beli Lastikli Desenli Şifon Pileli Etek,999.99
KOOR SPORT - New York Baskılı Oversize Kadın Spor Tişört,399.99
LCW Modest - Bebe Yaka Fırfırlı Bluz,899.99
LC WAIKIKI - Bisiklet Yaka Çizgili Kadın Atlet,249.99
LCW Modest - Bisiklet Yaka Çizgili Kadın Atlet,279.99
Lafaba - Kadın Siyah Dar Kalıp Otrişli Söz Nişan Nikah Abiye Elbise,1895.99
LCWAIKIKI Classic - Kapüşonlu Kadın Şişme Mont,699.99
XSIDE - Bisiklet Yaka Baskılı Kadın Crop,399.99
LCW Vision - Bisiklet Yaka Kadın Triko Yelek,299.99
TONNY BLACK - Kadın Beyaz Lacivert Rahat Kalıp Yüksek Taban Bağcıklı Spor Ayakkabı,618.97
LCW Vision - Bisiklet Yaka Asimetrik Kesim Dantel Detaylı Bluz,899.99
Remsa Mayo - Geniş Siperlikli Vizör Hasır Şapka Güneş Koruyucu Siperlik 2127 Siyah,379.90
LCW DREAM - Desenli Kadın Sneaker Çorap 5'li,249.99
Jane's - Basic Pamuklu Tişört Bisiklet Yaka Düz Renk Relaxed Fit T-Shirt - Fuşya,487.61
LCWAIKIKI Classic - Yüksek Bel İspanyol Paça Kadın Pantolon,649.99
LCW Vision - Santorini Baskılı Oversize Kadın Tişört,399.99
LCW Modest - Mickey Mouse Baskılı Kadın Tişört,499.99
LCW Modest - Gömlek Detaylı Kadın Sweatshirt Tunik,799.99
It's Basic - Kadın Jean Renk 4s6-3 Maxi Denim Bermuda Şort,1199.99
Soulife - Gömlek Yaka Kadın Ceket,799.99
Bigdart - Kadın Desenli Uzun Tesettür Elbise 2585 - Buz Mavi,1199.99
LCW DREAM - Balensiz Dolgusuz Düz Emzirme Sütyeni,399.99
XSIDE - Bisiklet Yaka Dokulu Bluz,399.99
LCW Limitless - Kolay Giyilebilir Fermuarlı Kapüşonlu Kadın Ceket,1799.99
LCW DREAM - Çıkarılabilir Askılı Dolgusuz Kadın Bikini Üstü,599.99
LCW Vision - V Yaka Fitilli İp Askılı Kadın Atlet,399.99
XSIDE - Bisiklet Yaka Kadın Crop Tişört,399.99
LCW Vision - Halter Yaka A Kesim Mini Jean Elbise,799.99
LCW Modest - Modal Dokulu Pileli Etek,1299.99
XSIDE - Bisiklet Yaka Kadın Tişört,299.99
Natuvera - Beli Fermuarlı Taşlı A Kesim Jean Etek,899.99
LCW STEPS - Bağcıklı ve Kalın Tabanlı Kadın Spor Ayakkabı,799.99
LCW STUDIO - Dik Yaka Büzgülü Elbise,649.99
XSIDE - Dokulu Oversize Aerobin Kadın Gömlek,799.99
Gülseli - Kadın Kemer Aksesuarlı Dantel Detaylı Etek,1189.99
LCW Comfort - Leoparlı Fiyonk Baskılı Kadın Tişört,399.99
LCW Vision - Lisbon Baskılı Oversize Kadın Tişört,359.99
XSIDE - Bisiklet Yaka Baskılı Kadın Tişört,449.99
LCW EVERYDAY - Beli Kuşaklı Jean Elbise,1799.99
LCW Modest - Kruvaze Yaka Oversize Kadın Trençkot,1599.99
LCW DREAM - Gömlek Yaka Hamile Şortlu Pijama Takımı,799.99
LCW Modest - Bisiklet Yaka Kadın Triko Kazak,499.99
LCW DREAM - Çizgili Kadın Pijama Alt,499.99
LCW Grace - Beli Lastikli Keten Karışımlı Kadın Pantolon,999.99
LCW STEPS - Leopar Desenli Kadın Sandalet,599.99
LCWAIKIKI Classic - Beli Lastikli Çiçekli Kadın Kapri,549.99
Saade - Antrasit Kadın Ahşap Düğmeli Uzun Kollu Bisiklet Yaka Triko Hırka,194.99
LCW Grace - Hakim Yaka Fırfırlı Bluz,799.99
LCW Vision - Bisiklet Yaka Fiyonk Baskılı Kadın Tişört,359.99
LCWAIKIKI Classic - Loose Fit Kadın Jean Gömlek,799.99
LCW Comfort - Halter Yaka Kadın Triko Atlet,359.99
LCW Vision - Bisiklet Yaka Kadın Triko Yelek,499.99
BGK - 5 Çift Kadın Çiçek Desenli Kısa Çorap,139.99
LCW Vision - Büzgülü Bodycon Midi Elbise,899.99
XSIDE - Bisiklet Yaka Nakışlı Kadın Tişört,299.99
LCW Comfort - Mickey Mouse Baskılı Kadın Tişört,399.99
LCW Grace - Beli Lastikli Kadın Jean Etek,359.99
XSIDE - Bisiklet Yaka London Baskılı Kadın Tişört,359.99
LCW Vision - Kapüşonlu Kadın Fermuarlı Sweatshirt,799.99
Jane's - Pike Kumaş Düğmeli Yaka Regular Rahat Günlük Kısa Kol Tişört T-shirt - Beyaz,618.30
Formo - Kadın Ekstra Yüksek Çapraz Kemer Bel Dalgıç Kumaş Esnek Spor Rahat Günlük Tayt,349.99
LCW Comfort - Oversize Dokulu Kadın Gömlek,799.99
LCW Modest - Dik Yaka Çizgili Kadın Body,399.99
LCW Modest - Oversize Soft Touch Kadın Fermuarlı Sweatshirt,599.99
XSIDE - Standart Fit Jean Etek,649.99
LC WAIKIKI - Beli Lastikli Geniş Paça Kadın Eşofman Altı,549.99
LCW Vision - Dik Yaka Kadın Klasik Yelek,799.99
LCW STUDIO - Gömlek Yaka Kadın Deri Görünümlü Ceket,1099.99
XSIDE - Bisiklet Yaka Aristocats Baskılı Kadın Tişört,399.99
LCW Modest - Kadın Gömlek Tunik,399.99
LCW Vision - Beli Lastikli Soft Touch Kadın Eşofman Altı,699.99
LC WAIKIKI - Bisiklet Yaka California Baskılı Kadın Tişört,279.99
It's Basic - Kadın Kırık Beyaz 7s6-101 Mid Rise Flare Fit Denim Jean,1034.99
LCW Young - Bisiklet Yaka Stitch Baskılı Kadın Gecelik,549.99
Remsa - Kadın Penye Kısa Kol Pijama Takımı 3361 Yeşil,1049.90
LCW Young - Bisiklet Yaka Ayı Baskılı Kadın Pijama Takımı,699.99
LCW Grace - Büyük Beden Beli Lastikli Armürlü Etek,799.99
LCW DREAM - Bisiklet Yaka Desenli Kadın Tesettür Mayo Takımı,1199.99
XSIDE - %100 Keten Oversize Kadın Gömlek,1299.99
LCWAIKIKI Classic - Gömlek Yaka Ekose Beli Kemerli Elbise,799.99
LCW Comfort - V Yaka Belden Oturtmalı Elbise,699.99
Jane's - Kadın Kısa Kollu V Yakalı Uzun Janjan Elbise,851.35
LCW Modest - Beli Fermuarlı Kloş Etek,999.99
XSIDE - The Mandalorian Baskılı Kadın Tişört,399.99
LCW Vision - Kare Yaka Büzgülü Belden Oturtmalı Elbise,999.99
LCW DREAM - V Yaka İp Askılı Kadın Plaj Elbisesi,799.99
LCW DREAM - Balenli Dolgusuz Dantelli Bodysuit,799.99
Locco Moda - Kadın Çiçek Desen Asimetrik Şifon Etek Kahverengi,999.98
LCW Vision - U Yaka Ajurlu Kadın Triko Atlet,599.99
LCW Vision - Saint Tropez Baskılı Kadın Tişört,359.99
LCWAIKIKI Basic - Beli Lastikli Soft Touch Kadın Eşofman Altı,399.99
It's Basic - Kadın Kırık Beyaz 7s6-101 Relax Fit Denim Jean,989.99
LCW Grace - Beli Lastikli Keten Karışımlı Kadın Pantolon,899.99
KOOR SPORT - Beli Lastikli Ispanyol Paça Kadın Spor Tayt,699.99
LCWAIKIKI Classic - Kare Yaka Kloş Jean Elbise,1599.99
LCWAIKIKI Classic - Kadın Klasik Yelek,1499.99
Jane's - Kadın Omuzlardan Açık Askılı Uzun Süprem Elbise,804.42
Jane's - Kadın Askılı Yuvarlak Yakalı Etek Ucu şerit Detaylı Uzun Viskon Elbise,812.34
Natuvera - Bermuda Fit Kadın Jean Şortolon,799.99
Muggo - GORDON Unisex Ortopedik Günlük Bağcıklı Yürüyüş Koşu Sneaker Spor Ayakkabı,759.90
XSIDE - Bisiklet Yaka Baskılı Kadın Tişört,699.99
LCW Comfort - Beli Lastikli Soft Touch Kadın Eşofman Altı,799.99
TONNY BLACK - Kadın Siyah Rahat Kalıp Poli Taban Bağcıklı Sneaker,949.97
Jane's - Kadın Askılı Geniş V Yakalı Sırttan Bağlamalı Yırtmaçlı Süprem Elbise,754.36
LCWAIKIKI Classic - Regular Fit Dokulu Kadın Gömlek,549.99
TONNY BLACK - Kadın Siyah Rahat Kalıp Çift Bantlı Toka Detaylı Terlik,749.97
Natuvera - V Yaka Kadın Jean Yelek,799.99
LCW Modest - Ekose Kadın Gömlek,899.99
LCW DREAM - Çıkarılabilir Pedli Leopar Desenli Kadın Mayo,999.99
LCWAIKIKI Classic - Uzun Kollu Poplin Kadın Gömlek,449.99
XSIDE - Bisiklet Yaka Fırfırlı Mini Triko Elbise,799.99
LCW EVERYDAY - Çizgili Poplin Kadın Gömlek,699.99
LCW Vision - Beli Lastikli Havuç Kesim Kadın Pantolon,699.99
LCWAIKIKI Classic - U Yaka Kadın Atlet,449.99
LCW Vision - Yüksek Bel Wideleg Kadın Jean Pantolon,1299.99
KOOR SPORT - Yüksek Bel Kadın Spor Tayt,499.99
LCW Vision - Bisiklet Yaka Kadın Triko Kazak,499.99
LCW Vision - V Yaka Kadın Klasik Yelek,499.99
LCWAIKIKI Classic - Beli Lastikli Dokulu Müslin Kadın Pantolon,799.99
LCW Vision - Loose Fit Kadın Pileli Kumaş Pantolon,1099.99
LCW STUDIO - Beli Lastikli Havuç Kesim Kadın Pantolon,699.99
LCWAIKIKI Classic - Bisiklet Yaka Dokulu Kadın Tunik,399.99
LCW EVERYDAY - Bisiklet Yaka Çizgili Elbise,799.99
XSIDE - Ekose Oversize Kadın Oduncu Gömlek,699.99
Trendseninle - Kadın Lila Papatya Baskı Regular Fit Tişört,339.60
LCW Modest - Bisiklet Yaka Çizgili Kadın Tişört,399.99
Muggo - GOLDY Kadın Çift Tokalı Ayarlanabilir Rahat Taban Günlük Terlik,999.95
LCW Modest - Bisiklet Yaka Çiçek Aplikeli Bluz,599.99
BGK - 5 Çift Bambu Kadın Soket Çorap (Dikişsiz) Premium,279.99
LCWAIKIKI Basic - V Yaka Çiçekli Kısa Kollu Kadın Tişört,249.99
LCW STUDIO - Bisiklet Yaka Ekose Kadın Tüvit Ceket,899.99
LCW Vision - Dökümlü Yaka Modal Karışımlı Asimetrik Kesim Bluz,329.99
Jane's - Kadın Askılı Kruvaze Yakalı Belden Dantelli Uzun Bürümcük Elbise,751.16
Jane's - Nihilist Penguen Temalı Oversize Kapüşonlu Sweatshirt - Siyah,913.32
LCW STUDIO - Fular Yaka Desenli Şifon Bluz,799.99
LCW Modest - Kadın Beli Lastikli Geniş Paça Eşofman Altı,799.99
Jane's - Kadın Kısa Kollu V Yakalı Yandan şerit Ve Yırtmaçlı Viskon Uzun Elbise,681.75
Jane's - Kadın Kısa Kollu Yuvarlak Yaka önden Yırtmaçlı Cepli Viskon Uzun Elbise,869.76
Haşema - Siyah Kadın Deniz Ayakkabısı 3405,879.90
Ayakmod - Bej Hafif Anatomik Kadın Terlik 11-113,910.00
LCW Modest - Beli Lastikli Taşlı Kadın Pantolon,999.99
LCW Vision - Çizgili Oversize Keten Karışımlı Kadın Gömlek,649.99
XSIDE - Bisiklet Yaka NYC Baskılı Kadın Tişört,399.99
Fullamoda - Beli Lastikli Dantelli Maxi Boy Etek,849.99
BGK - 5 Çift Tüllü Bear Desenli Kadın Çorap,139.99
LCW Comfort - Bisiklet Yaka Taşlı Elbise,699.99
LCW STEPS - Deri Görünümlü Kadın Topuklu Ayakkabı,1199.99
LCW Grace - Beli Lastikli Kadın Saten Pantolon,899.99
LCW Modest - Los Angeles Baskılı Soft Touch Kadın Sweatshirt Tunik,359.99
Soulife - Büyük Beden V Yaka Kadın Atlet 2'li,549.99
BGK - 5 Çift Çilek Desenli Tül Babet Çorap,139.99
BGK - 5 Çift Soft Kalp Desenli Krem Kadın Çorap,139.99
LCW Modest - Bisiklet Yaka Ekose Kadın Tüvit Yelek,799.99
LCWAIKIKI Classic - Beli Lastikli Wideleg Kadın Jean Pantolon,699.99
BGK - 5 Çift Pembe Kalp Desenli Çorap,139.99
BGK - 5 Çift Krem Desenli Kadın Çorap,139.99
BGK - Unisex 6 Çift Çizgili Tenis Çorap,139.99
Trendseninle - Kadın Pembe Keten Karışımlı Beli Lastikli Yazlık Havuç Pantolon,499.60
XSIDE - Bisiklet Yaka Baskılı Kadın Tişört,399.99
Oksit - Gold Cherry Kadın Oversize Ön Baskılı Bisiklet Yaka Pamuklu T-Shirt Rahat Kesim,431.91
Natuvera - Gömlek Yaka Çizgili Bluz,799.99
Shulebags - Core Basic Omuz Baget Çanta Siyah,759.90
LCW DREAM - Balenli Dolgulu Tişört Sütyen,449.99
LCWAIKIKI Classic - Flare Kadın Jean Pantolon,999.99
TUDORS - Kadın Slim Fit Dar Kesim %100 Pamuk Polo Yaka Siyah Pike Tişört,749.90
TUDORS - Kadın Slim Fit Dar Kesim %100 Pamuk Polo Yaka Pembe Pike Tişört,749.90
LCW Grace - Beli Lastikli Katkat Etek,699.99
LCW Modest - Beli Bağlamalı Kadın Gömlek Tunik,699.99
LCW Comfort - Beli Lastikli Kadın Pantolon,799.99
Never More - Beli Kuşaklı Viskon Bluz Bej,772.14
LCWAIKIKI Basic - Bisiklet Yaka Çizgili Kadın Atlet,249.99
LCW DREAM - V Yaka Dantel Detaylı Kadın Pijama Takım,899.99
Remsa Mayo - Puantiye Nakışlı Bej Hasır Şapka 2137 Siyah,769.00
LCW Vision - Bisiklet Yaka Oversize Bluz,699.99
Soulife - Yüksek Bel Pileli Kadın Kumaş Pantolon,799.99
Tommylife - Lacivert Kalın Yumuşak Dokulu Kapüşonlu Oversize Nakışlı Polar Kadın Eşofman Takım  95338,1824.90
LCW Modest - Kadın Şal,399.99
LCWAIKIKI Classic - Şal Yaka Kadın Triko Hırka,399.99
LCW Comfort - Bisiklet Yaka Peplum Mini Jean Elbise,699.99
Straswans - Mila Kadın Topuklu Kırışık Deri Ayakkabı Bej,1370.79
QEF - Pamuk Twill Şal Linkage Camel,749.87
TONNY BLACK - Kadın Siyah Beyaz Rahat Kalıp Kauçuk Taban Bağcıklı Sneaker,749.97
LCWAIKIKI Classic - Beli Lastikli Baklava Desenli Etek,1199.99
LCW Modest - Beli Lastikli Süet Görünümlü Etek,699.99
Minebag - Kapaklı Zarif Tasarım Sarrah Kadın Omuz Çanta Pudra,734.99
LCWAIKIKI Classic - Dar Fit Geniş Paça Kadın Pantolon,649.99
LCWAIKIKI Classic - Bağlamalı Yaka Dokulu Bluz,699.99
LCW Grace - Bağlama Yaka Fırfırlı Desenli Bluz,599.99
New Obsessions - Gold 3lü At Kuyruğu Toka Seti,269.10
LCW DREAM - Balenli Dolgusuz Dantelli Tişört Sütyen,329.99
LCW DREAM - Beli Lastikli Leopar Desenli Kadın Deniz Şortu,499.99
XSIDE - Biker Yaka Kadın Deri Görünümlü Ceket,1299.99
LCW Modest - Dik Yaka Fırfırlı A Kesim Elbise,1799.99
LCW EVERYDAY - Bisiklet Yaka Bağlamalı Büzgülü Bluz,599.99
LCW JOY - Paw Patrol Baskılı Çocuk Güneş Gözlüğü,359.99
Jane's - Kadın Kısa Kollu Yuvarlak Yakalı Beyaz şerit Detaylı Viskon Bluz,629.08
LCWAIKIKI Basic - V Yaka Kadın Body,199.99
LCW STUDIO - Çizgili Kadın Gömlek,449.99
LCWAIKIKI Basic - Beli Lastikli Modal Karışımlı Kadın Kapri,699.99
XSIDE - Kare Yaka Büzgülü Bluz,499.99
XSIDE - Uzun Jean Etek,699.99
XSIDE - Kadın Kare Yaka Büzgü Detaylı Kolsuz Bluz,499.99
LCW Modest - Beli Fermuarlı Poplin Kloş Etek,649.99
LCW Young - Hello Kitty Baskılı Kadın Şortlu Pijama Takımı,699.99
LCWAIKIKI Classic - U Yaka Çizgili Kadın Atlet,359.99
Minebag - Özel Tasarım Simli Dokulu Shelia Abiye El Çantası Altın,699.99
LCW Modest - Beli Lastikli Keten Karışımlı Kloş Etek,1299.99
LCW DREAM - Desenli Bikini Külot 2'li,359.99
LCW Vision - V Yaka Çiçekli Şifon İp Askılı Elbise,799.99
DARK SEER - DS Sevi Palazzo KADIN Pantolon 2026,659.94
LCW Modest - Gömlek Yaka Oversize Kadın Deri Görünümlü Ceket,1599.99
LCWAIKIKI Basic - Bisiklet Yaka Taşlı Kadın Atlet,399.99
LCW DREAM - Balenli Dolgusuz Tişört Sütyen,499.99
XSIDE - Polo Yaka Nakışlı Oversize Kadın Kalın Sweatshirt,499.99
LCW Comfort - Beli Lastikli Geniş Paça Kadın Pantolon,699.99
LCW Grace - Bisiklet Yaka Çizgili Kadın Tişört,649.99
XSIDE - Bisiklet Yaka Fitilli Kadın Body,249.99
LCW Vision - Wideleg Kadın Jean Pantolon,899.99
BGK - Unisex Bambu 5 Çift Renkli Patik Çorap Dikişsiz,209.99
carla10 - Kalp Detaylı Siyah T-Shirt & Ekose Desenli Kadın Uzun Pijama Takımı – Rahat Ev Giyimi,675.00
Trendseninle - Kadın Lila Cherish Time Regular Fit Tişört,399.60
TONNY BLACK - Kadın Kahve Rahat Kalıp Kauçuk Taban Bağcıklı Sneaker,749.97
LCW DREAM - Kalp Yaka Askılı Kadın Mayo,699.99
Trendseninle - Kadın Haki Papatya Baskı Regular Fit Tişört,399.60
LCW STEPS - Çiçek Baskılı Kadın Plaj Sandaleti,449.99
LCWAIKIKI Classic - Beli Lastikli Havuç Kesim Kadın Pantolon,649.99
Manuka - Desenli Pamuklu Şal Lıberty Mürdüm,660.99
XSIDE - Beli Lastikli Soft Touch Kadın Eşofman Altı,699.99
LCW Vision - V Yaka Dantel Detaylı Kadın Triko Hırka,649.99
LCW Modest - Gömlek Detaylı Kadın Sweatshirt Tunik,599.99
LCW Grace - Kadın Gömlek Ceket,699.99
LCW Modest - Soft Touch Modal Karışımlı Kadın Eşofman Altı,799.99
XSIDE - Gömlek Yaka Mini Jean Elbise,1299.99
Fullamoda - Yüksek Bel Fermuarlı Flare Jean,649.99
LCW EVERYDAY - Kapüşonlu Kadın Fermuarlı Sweatshirt,799.99
It's Basic - Kadın Kiremit s6-55 Aksesuar Detaylı Bluz,622.99
LCW Vision - Kayık Yaka Oversize Kadın Triko Panço,329.99
LCW DREAM - Balenli Yarım Dolgulu Fantezi Tişört Sütyen,549.99
Kinetix - Sırt Çantası Unisex Siyah DORI BPCK,924.99
QEF - Pamuk Eşarp Garden Siyah,624.88
LCW EVERYDAY - Bisiklet Yaka Payetli Kadın Tişört,449.99
Jane's - Kadın Yüksel Bel Yan şerit Detaylı Uzun Dalgıç Tayt,576.54
LCWAIKIKI Classic - Beli Kuşaklı Gömlek Elbise,1499.99
LCW Modest - Gömlek Yaka Poplin Elbise,649.99
LCW EVERYDAY - Büzgülü Kadın Gömlek Tunik,899.99
LCW EVERYDAY - Desenli Kuşaklı Gömlek Elbise,799.99
LCW Grace - Bisiklet Yaka Çiçekli Bluz,449.99
LCW Modest - Hakim Yaka Volanlı Kadın Gömlek Tunik,699.99
LCW Grace - Beli Lastikli Puantiyeli Etek,799.99
LCW EVERYDAY - Polo Yaka Kadın Triko Hırka,329.99
LCW STEPS - Deri Görünümlü Kadın Sandalet,899.99
Straswans - Stefan Kadın Deri Topuklu Ayakkabı Bej,855.59
Jane's - Dijital Baskılı T-Shirt - Siyah,616.19
Jane's - Bisiklet Yaka Baskılı T-shirt - Siyah,616.19
Jane's - Unisex Bisiklet Yaka Baskılı Oversize T-Shirt - Beyaz,616.19
Jane's - Unisex Bisiklet Yaka Baskılı Oversize T-Shirt - Siyah,616.19
LCWAIKIKI Classic - Beli Lastikli Desenli Kadın Pantolon,699.99
LCW ACCESSORIES - Desenli Kadın Bandana,199.99
LCWAIKIKI Classic - Kaçık Yaka Desenli Bluz,499.99
LCW Grace - Kaçık Yaka Bluz,799.99
LCW EVERYDAY - Bisiklet Yaka Kadın Triko Hırka,399.99
Soulife - Polo Yaka Kadın Triko Hırka,699.99
LCW Comfort - Kruvaze Yaka Çiçekli Belden Oturtmalı Mini Elbise,699.99
XSIDE - Puantiyeli Straight Fit Kadın Jean Pantolon,1099.99
LCW Jeans - Yüksek Bel Mars Flare Kadın Jean Pantolon,899.99
LCW DREAM - Yüksek Bel Külot Korse,399.99
LCWAIKIKI Basic - Bisiklet Yaka Kadın Atlet,299.99
LCW Jeans - Beli Kemerli Barrel Fit Kadın Jean Pantolon,1499.99
Minebag - Kilit Kapanma Detaylı Suni Deri Will Kadın Çapraz Çanta Krem,559.99
ALLDAY - Taş-Beli Lastikli Havuç Pantolon,1312.49
BGK - 8 Çift Kadın Renkli Koyu Renkli Patik Çorap,174.99
LCWAIKIKI Classic - Bisiklet Yaka Kadın Tişört,199.99
Soulife - Büyük Beden  Wideleg Kadın Jean Pantolon,1099.99
LCW Vision - Dik Yaka Krep Elbise,699.99
LCW Comfort - Standart Fit Geniş Paça Kadın Pantolon,699.99
LCW STEPS - Deri Görünümlü Taşlı Kadın Terlik,799.99
LCW Comfort - Beli Lastikli Havuç Kesim Kadın Pantolon,499.99
LCW EVERYDAY - Dokulu Kadın Gömlek,399.99
LCW ACCESSORIES - Kadın Omuz Çantası,499.99
Saade - Sarı Kadın Dikey Çizgili Geniş Kollu Yazlık Relaxed Kimono,552.49
Artış - Ayarlanabilir Yüksek Bel Esnek Çelik Örme Hamile Pantolonu CLK03,999.90
LCW Modest - %100 Keten Kadın Blazer Ceket,1999.99
LCW EVERYDAY - Bisiklet Yaka Ajurlu Kadın Triko Kazak,399.99
LCW Modest - Dik Yaka Kadın Yelek,899.99
Gülseli - Kadın Ön Ve Arka V Yaka Tişört,549.99
LCWAIKIKI Basic - Beli Lastikli Kadın Jogger Eşofman Altı,599.99
LCW ECO - Bisiklet Yaka Beli Kemerli Kadın Sweatshirt Tunik,649.99
LCW Jeans - Beli Kemerli Paperbag Kadın Jean Şort,899.99
LCW EVERYDAY - Bisiklet Yaka Desenli Bluz,699.99
LCW Modest - Baggy Fit Kadın Jean Pantolon,549.99
LCW Comfort - Kayık Yaka Brode Elbise,1299.99
LCW Modest - Gömlek Yaka Kadın Tüvit Klasik Yelek,899.99
Tarz Cool - Kadın Fitilli Atlet Slim Fit Kaşkorse Basic Yazlık Askılı Bluz,396.75
Remsa - Kadın Kısa Kol Cep Detay Viskon Elbise Pijama 25234-4 Lacivert,419.90
LCW DREAM - Gömlek Yaka Müslin Kadın Plaj Elbisesi,699.99
LCW Modest - Beli Kuşaklı Süet Görünümlü Kadın Ceket,1499.99
TUDORS - Kadın Slim Fit Dar Kesim Pamuklu Kısa Kollu Bisiklet Yaka Beyaz Tişört,369.99
TUDORS - Kadın Slim Fit Dar Kesim Pamuklu Kısa Kollu Bisiklet Yaka Siyah Tişört,369.99
XSIDE - Bisiklet Yaka Soft Touch Kadın Sweatshirt,299.99
Jane's - Atatürk Baskılı Tişört Kısa Kollu Bisiklet Yaka T-Shirt - Kırmızı,618.30
MİSS DÜNYA LİSSA - Premium Yumuşak Dokulu Esnek Örme Siyah Beyaz Çizgili Bisiklet Yaka Crop Bluz,399.99
LCW Vision - Gömlek Yaka Oversize Kadın Jean Ceket,1499.99
LCW Grace - Fırfırlı Dik Yaka Desenli Bluz,449.99
LCW Vision - Beli Lastikli A Kesim Kroşe Etek,1499.99
XSIDE - Straight Fit Kadın Jean Pantolon,599.99
Saade - Siyah Kadın Yarım Balıkçı Yaka Basic Örme Bluz - Drape Detaylı,162.49
LC WAIKIKI - Flare Kadın Jean Pantolon,649.99
LCW DREAM - V Yaka Tül Detaylı Kadın Fantezi Gecelik,699.99
LCW ACCESSORIES - Kadın Hasır Omuz Çantası,599.99
Julude - Kadın Bel Lastikli Desenli Saten Etek,499.99
Formo - Kadın Ekstra Yüksek Bel Toparlayıcı Düz Paça Ribana Kumaş Esnek Spor Rahat Günlük Tayt,499.99
SLAZENGER - LOOPY Kadın Pudra Sabo Terlik,399.90
Toni Pons - Kadın Sandalet Fiore Platinum,5849.00
LCW Vision - Oversize Baskılı Kadın Tişört,399.99
LCW Modest - Hakim Yaka Pileli Elbise,1299.99
LCW EVERYDAY - Bisiklet Yaka Kadın Triko Kazak,699.99
BGK - 5 Çift Kadın Kalp Desenli Kısa Çorap,139.99
Bipanya - Cosmos Hasır Kadın Omuz Çantası BP-4862O,519.99
BGK - Kadın Desenli Tül Çorap 5 Çift,139.99
BGK - 5' Li Sevimli Kadın Patik,139.99
BGK - Unisex 5 Li Basic Patik Çorap,139.99
LCW Grace - Büyük Beden Beli Lastikli Kloş Etek,799.99
LCWAIKIKI Classic - Bisiklet Yaka Keten Karışımlı Bluz,399.99
BGK - 5 Çift Kadın Çiçek-Kalp Desenli Çorap,139.99
Remsa Mayo - Püskül Detay Kenarı Geniş Hasır Şapka 2119 Bej,499.90
LCW Grace - Bisiklet Yaka Desenli A Kesim Elbise,599.99
LCW ACCESSORIES - Fular Aksesuarlı Deri Görünümlü Kadın Omuz Çantası,549.99
BGK - 3 Çift Kadın Siyah Desenli Tül Çorap – Transparan Soket Çorap,139.99
BGK - Unisex 3 Çizgili 5 Çift Kısa Konç Çorap Seti,139.99
Oksit - Coffee Lover Baskılı Unisex Oversize T-Shirt - Büyük Beden Seçenekli,431.91
Jane's - Atatürk Baskılı Tişört Kısa Kollu Bisiklet Yaka T-Shirt - Siyah,618.30
LCW DREAM - Ajurlu Kadın Babet Çorap 3'lü,199.99
Soulife - Petite Çizgili Kadın Gömlek,599.99
LCW Modest - Desenli Oversize Kadın Gömlek Tunik,499.99
Gezer - Kadın Yazlık Bilekten Ayarlanabilir Suni Deri Rahat Taban Sandalet,582.19
LCWAIKIKI Classic - Kayık Yaka Kadın Body,299.99
LC WAIKIKI - Beli Lastikli Soft Touch Kadın Jogger Eşofman Altı,599.99
LCW Vision - Beli Kemerli Desenli Etek,699.99
LCW Grace - Hakim Yaka Fırfırlı Çiçekli Elbise,1099.99
LCWAIKIKI Classic - Yüksek Bel Pileli Havuç Kesim Kadın Pantolon,649.99
XSIDE - Bisiklet Yaka Mickey Mouse Baskılı Kadın Tişört,329.99
XSIDE - Bisiklet Yaka Oversize Kadın Tişört,329.99
Oksit - C'est La Vie Yazılı Oversize Kadın T-shirt,431.91
Oksit - Kelebek Baskılı Kadın Büyük Beden Battal Bisiklet Yaka Pamuklu T-Shirt Rahat Kesim,431.91
LCW Grace - Çizgili Keten Karışımlı Kadın Gömlek,1199.99
Genius Store - Kadın Pantolon Scuba Krep Kumaş Beli Lastikli Cepli Pileli Geniş Paça Palazzo Pantolon SCUBA-CREP,557.99
Shulebags - Vux Çapraz Çanta Mint,429.90
Madmext - Bej Vatkalı Tişört Mg900,339.99
LCW EVERYDAY - Polo Yaka Kadın Triko Kazak,399.99
It's Basic - Kadın Ice 4s6-3 Süper Baggy Fit Maxi Boy Bermuda Denim Şort,1169.99
Luminos Butik - Kurdeleli Bej Gondol Hasır Şapka Kadın Yazlık Bağcıklı Şerit Detaylı Plaj Şapkası HSR2149 BEJ,399.99
LCW STUDIO - Gömlek Yaka Kuşaklı Oversize Kadın Ceket,1299.99
LCW Comfort - Kaçık Yaka Kadın Jean Elbise,649.99
LCW Grace - Çiçekli Kadın Gömlek,1299.99
LCWAIKIKI Classic - Bağlamalı Yaka Dokulu Kadın Bluz,449.99
LCW Comfort - Taşlı A Kesim Mini Süet Görünümlü Elbise,599.99
LCW ACCESSORIES - Kadın Denim Kep Şapka,399.99
Lamelif - Çiçek Desen Bambu Şal Vişne,399.99
LCW Comfort - Bisiklet Yaka Dokulu A Kesim Elbise,699.99
LCW Comfort - Ekose Cepli Kadın Gömlek,899.99
LCW DREAM - Bisiklet Yaka Fiyonk Baskılı Hamile Gecelik,649.99
LCW Vision - Gömlek Yaka Oversize Kadın Jean Ceket,899.99
XSIDE - V Yaka Mickey Mouse Baskılı Oversize Kadın Tişört,399.99
LCW Vision - Beli Lastikli Kadın Şort,699.99
LCW Vision - Dik Yaka Kadın Tişört,399.99
LCW DREAM - Çiçekli Kadın Patik Çorap 5'li,179.99
TUDORS - Kadın Slim Fit Dar Kesim %100 Pamuk Kısa Kollu Bisiklet Yaka Beyaz Crop Tişört,279.99
XSIDE - Kayık Yaka Dökümlü  Bluz,249.99
Soulife - Çizgili Dantel Detaylı Kadın Gömlek,899.99
LC WAIKIKI - Kruvaze Yaka Kadın Deri Görünümlü Ceket,1499.99
LCW EVERYDAY - Kruvaze Yaka Kadın Klasik Yelek,1499.99
LCW Vision - Kayık Yaka Elbise,899.99
Formo - Kadın %100 Doğal Pamuk Desenli Kaliteli Düz Paça Pijama Altı,399.99
Formo - Kadın Desenli Viskon Düz Paça Pijama Altı,399.99
Remsa Mayo - Geniş Siperlikli Vizör Hasır Şapka Güneş Koruyucu Siperlik 2127 Bej,379.90
LCW DREAM - V Yaka Çıkarılabilir Pedli Kadın Mayo,999.99
LCW EVERYDAY - Dik Yaka Kadın Sweatshirt,399.99
LCWAIKIKI Basic - Yüksek Bel Zebra Desenli Kadın Şortolon,399.99
LCWAIKIKI Classic - Gömlek Yaka Desenli Elbise,799.99
LCW EVERYDAY - Şal Yaka Ekose Kadın Triko Pelüş Hırka,1299.99
LCW Vision - Beli Kemerli İspanyol Paça Kadın Pantolon,599.99
LCW Modest - Ekose Oversize Kadın Gömlek,899.99
Saade - Ekru Kadın Saç Örgü Detaylı Crop Triko Kazak,259.99
LCWAIKIKI Classic - Slim Fit Kadın Jean Şort Etek,999.99
Luvmabelly - Beli Ayarlamalı Kadın Hamile  Şort Tayt,479.90
LCW Jeans - Beli Kemerli Kadın Pileli Jean Şort,899.99
Formo - Kadın Ekstra Yüksek Bel Şeritli Dalgıç Kumaş Esnek Spor Rahat Günlük Tayt,349.99
Formo - Kadın Ekstra Yüksek Bel Biyeli Dalgıç Kumaş Esnek Spor Rahat Günlük Tayt,349.99
Formo - Kadın Ekstra Yüksek Bel Dalgıç Kumaş Esnek Spor Rahat Günlük Tayt,349.99
Lamelif - Çiçek Desen Pamuk Şal Acı Kahverengi,349.99
Formo - Kadın Cepli Ekstra Yüksek Bel Dalgıç Kumaş Esnek Spor Rahat Günlük Tayt,349.99
LCW STUDIO - Kayık Yaka Fitilli Kadın Body,299.99
LCWAIKIKI Classic - Beli Lastikli Mom Fit Kadın Jean Pantolon,899.99
LCW Modest - Beli Lastikli Saten Kadın Etek,599.99
Remsa Mayo - İncili Vizör Hasır Şapka Güneş Koruyucu Siperlik RŞ-2134 Siyah,339.90
LCWAIKIKI Classic - Loose Fit Kadın Gömlek,549.99
QEF - Desenli Twill İpek Eşarp Nadine,312.50
LCWAIKIKI Classic - Loose Fit Zincir Kemerli Kadın Pantolon,1099.99
LCW EVERYDAY - Bisiklet Yaka Kadın Sweatshirt Tunik,549.99
XSIDE - Bisiklet Yaka Oversize Kadın Tişört,399.99
LCW Modest - Bisiklet Yaka Fırfırlı Kadın Triko Hırka,449.99
LCW Modest - Bisiklet Yaka A Kesim Elbise Astarı,499.99
LCW EVERYDAY - Kuşaklı Kadın Gofre Gömlek,799.99
LCW Vision - V Yaka Kadın Klasik Yelek,599.99
LCW DREAM - V Yaka Şifon Plaj Elbisesi,449.99
LCW STEPS - Sivri Burun Kadın Topuklu Terlik,1199.99
LCW STUDIO - Dokulu Oversize Kadın Gömlek Tunik,549.99
LCW Vision - Hakim Yaka Ekose Oversize Kadın Gömlek,1299.99
LCW Comfort - Büzgülü Kadın Jean Gömlek Tunik,1199.99
LCW Grace - Beli Lastikli Kadın Pantolon,799.99
Muggo - DAİSİE Gold Tokalı Kemerli Kadın Babet Ayakkabı,829.90
Saade - Siyah Kadın V Yaka Oversize Triko Süveter – Yan Yırtmaçlı Tasarım,259.99
XSIDE - Bisiklet Yaka Mimi & Neko Baskılı Kadın Tişört,359.99
LCW Grace - V Yaka Fitilli Kadife Kadın Yelek,1299.99
XSIDE - Straplez Yaka Jean Crop,279.99
LCW Modest - Fırfırlı Kadın Gömlek,449.99
LCW Modest - Beli Kemerli Kadın Gömlek Tunik,799.99
MODAFRATO - NAYS Dolgu Taban Kadın Terlik Yüksek Platform Plaj Deniz Havuz Terliği,499.95
LCW DREAM - V Yaka Kadın Pijama Takım,649.99
LC WAIKIKI - Bisiklet Yaka Fitilli Kadın Tişört,279.99
LCW Vision - Beli Lastikli %100 Keten Kadın Pantolon,899.99
LCW Modest - Çizgili Oversize Kadın Gömlek Tunik,799.99
New Obsessions - Piyano Asetat Mandal Toka,269.10
LCW Grace - Fırfırlı Dik Yaka Taşlı A Kesim Elbise,1299.99
BGK - Unisex 10'lu Pamuklu Görünmez Sneakers Çorap Beyaz,244.99
LCW EVERYDAY - Polo Yaka Kadın Triko Body,399.99
LC WAIKIKI - Beli Lastikli Soft Touch Kadın Eşofman Altı,549.99
LCW Vision - Beli Fermuarlı Balon Etek,699.99
LCW EVERYDAY - Bisiklet Yaka Dokulu Kadın Tişört,499.99
LCW STUDIO - Bebe Yaka Ekose Kadın Gömlek,799.99
LCW Grace - Bisiklet Yaka Desenli Bluz,359.99
LCWAIKIKI Classic - Dokulu Kadın Gömlek,699.99
LCW JOY - Gold Detaylı Kadın Bileklik,249.99
LCW EVERYDAY - Kayık Yaka Fitilli Kadın Triko Kazak,229.99
LCW Vision - Beli Lastikli %100 Keten Kadın Pantolon,649.99
BGK - 7'li Unisex Kışlık Havlu Çorap Pamuklu,244.99
XSIDE - Çiçekli Kat Kat Poplin Elbise,1299.99
LCW Modest - Şeritli Soft Touch Kadın Eşofman Altı,799.99
LCW EVERYDAY - Bisiklet Yaka Tül Detaylı Bluz,499.99
Trendseninle - Kadın Lila  West Coast Calif Baskı Regular Fit Tişört,399.60
LCW Vision - Beli Lastikli Dokulu Müslin Kadın Şort,229.99
LCW DREAM - Balenli Dolgulu Tişört Sütyen,499.99
LCW Modest - Bisiklet Yaka Çizgili Kadın Triko Kazak,599.99
LCW Vision - Fular Yakalı Kadın Gömlek,599.99
LCW Comfort - Bisiklet Yaka Elbise,649.99
LCW Vision - Beli Kemerli Kadın Pileli Kumaş Pantolon,1199.99
LCW EVERYDAY - V Yaka Kadın Triko Atlet,499.99
LCW EVERYDAY - Kruvaze Yaka Çizgili Kadın Blazer Ceket,1799.99
XSIDE - Çizgili Oversize Poplin Kadın Gömlek,449.99
Trendseninle - Kadın Kahve Papatya Baskı Regular Fit Tişört,339.60
LCW Modest - Soft Touch Püsküllü Kadın Sweatshirt Tunik,599.99
LCW EVERYDAY - Bisiklet Yaka Kadın Tişört,499.99
LCW DREAM - Batik Desenli Kadın Çıkarılabilir Pedli Mayo,999.99
BGK - Unisex Basic Patik Çorap 8 Çift,174.99
LCW EVERYDAY - Çizgili Kadın Gömlek,599.99
LCWAIKIKI Basic - Bisiklet Yaka Çizgili Kadın Body,249.99
BGK - 8 Çift Pamuklu Pantolon Çorap Beyaz,160.99
XSIDE - Beli Lastikli Dantelli Etek,399.99
Cottonhill - Balenli Toparlayıcı Dolgusuz Straplez Lotus Sütyen 3'Lü Paket,819.90
LCW Modest - Kapüşonlu Oversize Kadın Yağmurluk,1499.99
BGK - 5 Çift Çizgili Renkli Kadın Çorap,139.99
BGK - 5 Çift Kadın Kiraz-Elma Desenli Yazlık Çorap,139.99
LCW Vision - Beli Kemerli Loose Fit Kadın Şort,799.99
LCWAIKIKI Classic - Kaçık Yaka Çiçekli Bluz,359.99
BGK - 6 Çift Çiçek Desenli Kadın Tül Çorap,139.99
BGK - Kadın 5 Çift Siyah Beyaz Inek Desenli Çizgili Tenis Çorabı,139.99
BGK - 5 Çift Kadın Bej Happy Desenli Çorap,139.99
"BGK - Kadın Siyah Tül Çorap 5 Çift 36-41 Beden, Narin Ve Esnek",139.99
BGK - 5 Çift Kadın Kabartmalı Çiçek Görünmez Çorap,139.99
BGK - 5 Çift Kalp-Kurdale Desenli Çorap,139.99
BGK - 6 Çift Kadın Desenli Görünmez Çorap,139.99
BGK - 5 Çift Mavi - Krem Yazılı Çorap,139.99
LCW STEPS - Süet Görünümlü Kadın Babet,899.99
BGK - Unisex 6'lı Çizgili Tenis Çorap,139.99
BGK - Unisex 5'li Spor Patik Çorap Renkli Extra Rahat,139.99
BGK - 5 Çift Kabartmalı Yeşil Kadın Çorap,139.99
Lafaba - Kadın Beyaz Şal Yaka Etek Ucu Volanlı Midi Söz Nişan Nikah Abiye,4125.99
Saade - Siyah Yırtmaç Detaylı Dokuma Etek,129.99
LCW Jeans - Standart Fit Kadın Jean Şort,599.99
BGK - Unisex 5'li Spor Patik Çorap,97.99
LCW Vision - Yüksek Bel Wideleg Kadın Jean Pantolon,999.99
Kappa LC WAIKIKI - Rahat Kalıp Şeritli Unisex Eşofman Altı,1299.99
LCW STUDIO - Beli Kemerli Kadın Blazer Ceket,899.99
LCW Vision - Dik Yaka Soft Touch Kadın Sweatshirt,399.99
LCW EVERYDAY - Çizgili Büzgülü Soft Touch Bluz,599.99
LCW Grace - Kaçık Yaka Pul Payet İşlemeli Bluz,549.99
LCW Grace - Dokulu Kadın Gömlek,449.99
Soulife - Yüksek Bel Wideleg Kadın Jean Pantolon,999.99
LCW Vision - Polo Yaka Çizgili Kadın Tişört,549.99
LCW STEPS - Kalın Tabanlı Kadın Spor Ayakkabı,1099.99
LCW Vision - Gömlek Yaka Süet Görünümlü Kadın Ceket,599.99
It's Basic - Kadın Mavi Renk Mom Fit Midi Boy Denim Şort,709.99
LCWAIKIKI Classic - Gömlek Yaka Desenli A Kesim Elbise,399.99
Mai Collection - Arisa Kemer Detay Ekru Blazer Ceket,3999.90
LCW Vision - Regular Fit Kadın Pantolon,449.99
LCW Comfort - Bisiklet Yaka Fırfırlı Kadın Tişört,399.99
XSIDE - Wideleg Kadın Jean Pantolon,999.99
XSIDE - Beli Lastikli Kadın Jogger Eşofman Altı,599.99
LCW Modest - Bisiklet Yaka Kadın Tunik,399.99
LCW DREAM - Balenli Yarım Dolgulu Straplez Sütyen 2'li,899.99
XSIDE - Bisiklet Yaka Soft Touch Kadın Sweatshirt,199.99
Manuka - Çima Dikişli Kumaş Pantolon Siyah,1521.99
LCW Comfort - Beli Lastikli Geniş Paça Kadın Pantolon,799.99
LCW Modest - Dokulu Kadın Gömlek Tunik,999.99
XSIDE - Çizgili Oversize Keten Karışımlı Kadın Gömlek,999.99
LCW STUDIO - Bisiklet Yaka Ekose Kadın Tüvit Ceket,999.99
LCW Jeans - Flare Kadın Jean Pantolon,499.99
LCWAIKIKI Classic - Havuç Kesim Keten Karışımlı Kadın Pantolon,899.99
"Yorni - 2 ADET 30x37cm Family, Su Geçirmez, Fermuarlı Islak Mayo, Kirli Bez Taşıma Çantası, Çok Amaçlı Torba",399.00
KOOR SPORT - Beli Lastikli Kadın Spor Şort Tayt,399.99
LCW Grace - Beli Lastikli Keten Karışımlı Kadın Şort,649.99
XSIDE - Bisiklet Yaka Cepli A Kesim Elbise,1199.99
GOLDEN ROSE - Color Expert Nail Lacquer No: 26 Wine - Geniş Fırçalı Oje,131.85
Natuvera - Gömlek Yaka Kemerli Kadın Jean Yelek,999.99
LCW Comfort - Bisiklet Yaka Kurdele Baskılı Kadın Tişört,249.99
XSIDE - Bisiklet Yaka Stitch ve Angel Baskılı Kadın Tişört,499.99
LCW Grace - Bağlama Yaka Nakışlı Bluz,899.99
LCW EVERYDAY - Kayık Yaka Büzgülü Bluz,329.99
LCW Comfort - Straight Fit Kadın Jean Pantolon,699.99
LCW EVERYDAY - V Yaka Kadın Triko Hırka,999.99
XSIDE - V Yaka Keten  Karışımlı Kadın Klasik Yelek,1199.99
LCW DREAM - V Yaka Askılı Dantelli Kadın Fantezi Gecelik,799.99
XSIDE - V Yaka Los Angeles Baskılı Oversize Kadın Tişört,499.99
LCW Grace - Kaçık Yaka Desenli Büzgülü Bluz,899.99
LCW Vision - U Yaka Poplin Elbise,1199.99
XSIDE - Normal Bel Kadın Jean Kapri,999.99
LCW Vision - Bisiklet Yaka Kadın Tişört,329.99
LCW JOY - Kalp Klipsli Figürlü Çanta Charmı,299.99
LCWAIKIKI Classic - Kare Yaka Çiçekli Poplin Elbise,999.99
LCW Grace - Bisiklet Yaka Desenli Kadın Tişört,359.99
LCW Grace - Hakim Yaka Desenli Kadın Tunik,549.99
ALLDAY - Siyah-Şal Yaka Trençkot,3624.99
XSIDE - Bisiklet Yaka Kadın Triko Yelek,359.99
LCWAIKIKI Classic - Bisiklet Yaka Bağlama Detaylı Kadın Body,399.99
LCW STEPS - Süet Görünümlü Metal Aksesuarlı Kadın Loafer,999.99
LCWAIKIKI Classic - V Yaka Bağlamalı Bluz,399.99
LCW EVERYDAY - Polo Yaka Çizgili Kadın Triko Kazak,399.99
LCW JOY - Çiçek Figürlü Kadın Mandal Toka,149.99
LCWAIKIKI Classic - Büzgülü Dik Yaka Modal Karışımlı Kemerli Elbise,599.99
LCWAIKIKI Basic - Soft Touch Kadın Jogger Eşofman Altı,359.99
LCW EVERYDAY - Çizgili Kadın Gömlek,699.99
LC WAIKIKI - U Yaka Fitilli Kadın Tişört,299.99
LCW ACCESSORIES - Deri Görünümlü Kadın Omuz Çantası,359.99
LCWAIKIKI Classic - Beli Lastikli Modal Karışımlı Kadın Pantolon,899.99
LCW Comfort - Beli Lastikli Havuç Kesim Kadın Pantolon,799.99
LCW DREAM - Baskılı Hipster Külot 3'lü,299.99
LCW Modest - Geniş Paça Pileli Kadın Kumaş Pantolon,649.99
LCW Vision - Oversize Kadın Süet Görünümlü Ceket,999.99
LCWAIKIKI Classic - Beli Kemerli Büzgülü Kalem Etek,1099.99
LCWAIKIKI Classic - Beli Lastikli Çiçekli Kadın Şort,499.99
LCW DREAM - Kadın Düz Pareo,449.99
LCW Grace - Fırfır Dik Yaka Bluz,549.99
LCW EVERYDAY - Beli Lastikli Leopar Desenli Kadın Şort,549.99
LCW Young - Bisiklet Yaka Desenli Kadın Pijama Takım,499.99
XSIDE - V Yaka Hello Kitty Baskılı Oversize Kadın Tişört,499.99
LCW Comfort - Beli Lastikli Soft Touch Kadın Eşofman Altı,649.99
Bipantolon - Kadın Tesettür Soluk Haki Fırça Baskılı Tam Kapalı 3 Parça Mayo Takımı,1499.90
XSIDE - Loose Fit Keten Karışımlı Kadın Pileli Pantolon,1099.99
LCW STEPS - Bağcıklı File Detaylı Kadın Spor Ayakkabı,699.99
LCW EVERYDAY - V Yaka Kadın Triko Hırka,899.99
LCWAIKIKI Classic - Modal Karışımlı Kadın Gömlek,549.99
LCW Vision - Beli Fermuarlı Geniş Paça Kadın Pantolon,699.99
LC WAIKIKI - Bisiklet Yaka Desenli Kadın Tişört,359.99
LCWAIKIKI Basic - Soft Touch Kadın Body,249.99
LCW Vision - Bisiklet Yaka Kuşaklı Poplin Bluz,699.99
LCW Jeans - Dar Fit Kadın Jean Kapri,899.99
LCW STEPS - Süet Görünümlü Kadın Terlik,599.99
KOOR SPORT - Soft Touch Kadın Spor Şort,699.99
LCW Modest - Kadın Müslin Gömlek Tunik,899.99
LCW Vision - Bisiklet Yaka Slogan Baskılı Kadın Tişört,359.99
LCWAIKIKI Classic - V Yaka Desenli Kadın Bluz,199.99
LCWAIKIKI Classic - Yüksek Bel Slim Fit Kadın Jean Kapri,899.99
LCW Modest - Dik Yaka Kadın Yelek,699.99
LCW Grace - Kaçık Yaka Desenli Bluz,799.99
LCW Modest - Bisiklet Yaka Kadın Body,499.99
LCW ACCESSORIES - Kadın Hasır Vizör Şapka,549.99
KOOR SPORT - Beli Lastikli Modal Karışımlı Kadın Eşofman Altı,999.99
LCW Comfort - V Yaka Modal Karışımlı Elbise,999.99
LCW Modest - Bisiklet Yaka Oversize Kadın Triko Tunik,249.99
LCW Modest - İspanyol Paça Dikiş Detaylı Kadın Eşofman Altı,499.99
LCW Vision - Loose Fit Kadın Jean Gömlek,899.99
XSIDE - Çizgili Oversize Kadın Gömlek,899.99
XSIDE - Beli Lastikli Müslin Kadın Pantolon,899.99
LCW Grace - Hakim Yaka Kadın Gömlek Tunik,999.99
LCW ACCESSORIES - Deri Görünümlü Kadın Omuz Çantası,599.99
LCW DREAM - Bisiklet Yaka Baskılı Hamile Gecelik,499.99
LCW Grace - Hakim Yaka Dokulu Kadın Gömlek,599.99
LCW Vision - Barrel Fit Kadın Jean Pantolon,1099.99
LCW DREAM - Bisiklet Yaka Kadın Pijama Üstü,149.99
Casabony - Wide Leg Yüksek Bel Geniş Paça Kadın Jeans,654.99
LCW Vision - Bisiklet Yaka Baskılı Kadın Tişört,299.99
LCW Modest - Yüksek Bel Wideleg Kadın Jean Pantolon,499.99
LCWAIKIKI Classic - Polo Yaka A Kesim Modal Karışımlı Elbise,799.99
Kompedan - Kadın Kısa Kol Taş Süslemeli Viskon Bluz | Lacivert 25908,244.99
LCW Vision - Mini Jean Elbise,1099.99
XSIDE - Bisiklet Yaka My Melody Baskılı Kadın Tişört,499.99
LCWAIKIKI Basic - Bisiklet Yaka Kadın Tişört,249.99
Mai Collection - Morlina Dantel Detay Ekru Saten Etek,2999.90
LCW Modest - Bisiklet Yaka Desenli Kadın Sweatshirt Tunik,499.99
LCW Modest - Beli Lastikli Kadın Jean Etek,549.99
LCWAIKIKI Classic - Kemerli Kadın Tüvit Yelek,999.99
XSIDE - Dik Yaka Kadın Şişme Yelek,499.99
LCW Modest - Şal Yaka Desenli Oversize Kadın Kimono,499.99
LCW DREAM - Kadın Düz Patik Çorap 7'li,299.99
LCW Comfort - Hakim Yaka Dokulu Kadın Gömlek,899.99
LCW Comfort - İspanyol Paça Kadın Eşofman Altı,899.99
LCW Vision - Slim Fit Kadın Jean Pantolon,599.99
LCW ACCESSORIES - Pink Edition Edp Kadın Parfüm 100 Ml,449.99
LCW DREAM - Bisiklet Yaka Chip and Dale Baskılı Kadın Gecelik,499.99
LCWAIKIKI Basic - Bisiklet Yaka Kadın Tişört,399.99
Soulife - Çizgili Oversize Kadın Gömlek,999.99
Manuka - Büzgülü Uzun Kol Elbise Pastel Sarı,2677.99
LCW Vision - V Yaka Dokulu Bluz,449.99
LCWAIKIKI Classic - Beli Lastikli Şifon Etek,999.99
LCW DREAM - Hayvan Baskılı Kadın Sneaker Çorap 5'li,299.99
LCW Jeans - Yüksek Bel Flare Kadın Jean Pantolon,999.99
LCW Vision - V Yaka Dantel Detaylı İp Askılı Bluz,499.99
LCWAIKIKI Classic - Beli Lastikli Çiçekli Kadın Şort,359.99
XSIDE - Bisiklet Yaka Gofre Bluz,499.99
LCW Jeans - Baggy Fit Kadın Jean Pantolon,999.99
LCW Grace - Gömlek Yaka Dokulu Kadın Ferace,1199.99
LCW Vision - Ceket Yaka Süet Görünümlü Kadın Ceket,799.99
LCWAIKIKI Classic - Beli Lastikli Soft Touch Kadın Eşofman Altı,499.99
LCW Grace - V Yaka Kendinden Desenli Kadın Hırka,799.99
LCWAIKIKI Classic - Beli Lastikli Dokulu Kadın Pantolon,599.99
LCWAIKIKI Basic - Beli Lastikli Kadın Eşofman Altı,499.99
LCWAIKIKI Classic - Beli Lastikli Geniş Paça Kadın Pantolon,999.99
LCW Vision - Kruvaze Yaka Çiçekli Kadın Kimono,649.99
LCWAIKIKI Classic - Çizgili Kadın Gömlek,599.99
LCW Vision - Halter Yaka Çiçekli Elbise,899.99
Natuvera - Gömlek Yaka Taşlı Kadın Jean Ceket,999.99
LCW DREAM - Balenli Dolgusuz Kalp Desenli Tişört Sütyen,359.99
LCW Grace - Kaçık Yaka Desenli Elbise,799.99
LCW Modest - Bağlamalı Yaka Bluz,999.99
LCW Jeans - Yüksek Bel Straight Fit Kadın Jean Pantolon,999.99
LCW Jeans - Beli Kemerli Straight Fit Kadın Jean Pantolon,999.99
LCW DREAM - Ayı Teddy Baskılı Kadın Pijama Takım,549.99
LCW Vision - Çizgili Keten Karışımlı Oversize Kadın Gömlek,799.99
LCW Comfort - Kare Yaka Balon Kollu Belden Oturtmalı Elbise,799.99
Soulife - Bebe Yaka Büzgülü Bluz,999.99
LCWAIKIKI Classic - Desenli Kadın Gömlek,899.99
TONNY BLACK - Unisex Gri Yeşil Nefes Alabilen Kumaş Poli Taban Bağcıklı Spor Ayakkabı,456.97
LCW Vision - Bisiklet Yaka Oversize Kadın Sweatshirt,449.99
LCW Vision - Dökümlü Yaka Çiçekli Şifon İp Askılı Elbise,999.99
LCW DREAM - Büyük Beden Kadın Yüzme Şort Etek,499.99
LCW Vision - Oversize Kadın Gömlek,649.99
LCW Young - Gömlek Yakalı Desenli Kadın Pijama Takım,899.99
LCW DREAM - İp Askılı Puantiyeli Kadın Şortlu Pijama Takımı,1199.99
XSIDE - Beli Lastikli Dokulu Kadın Pantolon,699.99
LCW Vision - Bisiklet Yaka Mini Elbise,999.99
Guja - Siyah Anorak Hafif Taşlı Kadın Casual Ayakkabı 26Y303 G,3500.00
LCW Vision - Bisiklet Yaka Kadın Triko Atlet,599.99
SLAZENGER - VERA I Kadın Polo Yaka Yeşil Tişört,589.99
LCW Jeans - Slim Fit Kadın Jean Pantolon,999.99
LCW JOY - Fiyonk Detaylı Çanta Charmı,249.99
LCW Comfort - Bisiklet Yaka Nakışlı Kadın Tişört,329.99
LCWAIKIKI Classic - Kadın Gömlek Tunik,899.99
XSIDE - Bisiklet Yaka Metallica Baskılı Kadın Tişört,699.99
LCW EVERYDAY - Bisiklet Yaka Bağlamalı Elbise,449.99
LCW STEPS - Cırt Cırtlı Kadın Babet,899.99
KOOR SPORT - Soft Touch Kadın Spor Eşofman Altı,799.99
XSIDE - Bisiklet Yaka Powerpuff Girls Baskılı Kadın Tişört,329.99
XSIDE - Biker Yaka Crop Kadın Deri Görünümlü Ceket,1299.99
LCW Grace - Beli Lastikli Çiçekli Kadın Etek,799.99
LCW DREAM - Desenli Kadın Patik Çorap 5'li,249.99
LCWAIKIKI Basic - Beli Lastikli Kadın Pantolon,499.99
LC WAIKIKI - Oxford Kadın Gömlek,649.99
LCW Vision - Bisiklet Yaka Baskılı Oversize Kadın Tişört,549.99
LCW DREAM - V Yaka Dantelli Kadın Şortlu Pijama Takımı,599.99
LCW Vision - Bisiklet Yaka Baskılı Kadın Tişört,549.99
Daxtors - Daxors D163 Günlük Ortopedik Kadın Sneaker Spor Ayakkabı,1456.48
LCW EVERYDAY - Dokulu Kadın Gömlek,499.99
LCW Jeans - Wideleg Kadın Jean Pantolon,1099.99
LCW Vision - Dokulu Oversize Kadın Gömlek,799.99
LCWAIKIKI Classic - Baskılı Oversize Kadın Sweatshirt Tunik,399.99
LCW Grace - Beli Lastikli Desenli Katkat Etek,899.99
LCWAIKIKI Classic - Polo Yaka Kadın Triko Kazak,699.99
SLAZENGER - AMIR I Kadın Bej Koşu & Yürüyüş Spor Ayakkabısı,1399.90
LCW DREAM - Beli Lastikli Desenli Kadın Deniz Şortu,499.99
LCWAIKIKI Classic - Soft Touch Oversize Kadın Sweatshirt Tunik,699.99
LCW Vision - Beli Lastikli Kadın Müslin Pantolon,799.99
LCWAIKIKI Classic - Gömlek Yaka Desenli A Kesim Elbise,1299.99
LCW EVERYDAY - Kapüşonlu Oversize Kadın Sweatshirt Tunik,799.99
LCWAIKIKI Classic - Beli Lastikli Geniş Paça Kadın Pantolon,699.99
LCW EVERYDAY - Bisiklet Yaka Çiçek Baskılı Kadın Tişört,399.99
LCW STEPS - Süet Görünümlü Kadın Babet,799.99
LCW Limitless - Kolay Giyilebilir Yanları Çıtçıtlı Kadın Pantolon,899.99
LCW Modest - Bisiklet Yaka Kloş Jean Elbise,899.99
LCW Comfort - Kaçık Yaka Beli Kuşaklı Elbise,899.99
LCW Grace - Fırfırlı Hakim Yaka Kadın Gömlek Tunik,799.99
LCW Vision - Bisiklet Yaka Desenli Fırfırlı Bluz,899.99
Daxtors - D0143 Günlük Ortopedik Kadın Sneaker Spor Ayakkabı,1466.15
LCWAIKIKI Basic - Kapüşonlu Soft Touch Kadın Fermuarlı Sweatshirt,899.99
KOOR SPORT - Kapüşonlu Oversize Kadın Fermuarlı Sweatshirt,1299.99
Mai Collection - Corvin Pile Detaylı Dökümlü Kahve Ekose Pantolon,2999.90
XSIDE - Regular Fit Kadın Jean Şort,899.99
LCW Vision - Beli Lastikli Kloş Etek,899.99
LCW Young - Desenli Kadın Pijama Altı 2'li,599.99
LCW Modest - Müslin Kadın Gömlek Tunik,899.99
LCW Jeans - Boyfriend Fit Kadın Jean Pantolon,999.99
LCW Vision - Bisiklet Yaka Ajurlu Kadın Triko Atlet,449.99
LCW Jeans - Beli Lastikli Kadın Jean Şort,799.99
LCW Jeans - Oversize Kadın Jean Gömlek,1099.99
AVON - Pur Blanca Kadın Parfüm Edt 50 Ml.,389.90
It's Basic - Kadın Jean  Rengi s5-8 Özel Flok Desenli Skater Fit Tasarım Denim Jean,2699.99
LCW Vision - U Yaka Büzgülü Bluz,359.99
LCW Modest - Kadife Yaka Kadın Jean Ceket,1499.99
LCW EVERYDAY - V Yaka Çiçekli A Kesim Elbise,999.99
LCWAIKIKI Classic - Bisiklet Yaka Desenli Elbise,1299.99
LCW DREAM - V Yaka Fiyonk Baskılı Hamile Pijama Takımı,899.99
LCW DREAM - Beli Lastikli Puantiyeli Kadın Kapri Pijama Altı,399.99
LCW Modest - Beli Lastikli Dokulu Kadın Pantolon,899.99
LCW Modest - Yüksek Bel Wideleg Fit Kadın Jean Pantolon,899.99
XSIDE - Kayık Yaka Dantelli Bluz,499.99
LCW EVERYDAY - V Yaka İp Askılı Elbise,999.99
LCW Jeans - Wideleg Kadın Jean Pantolon,399.99
LCW EVERYDAY - Bağlamalı Yaka Çiçekli Bluz,699.99
LCW Comfort - Beli Lastikli Kadın Pantolon,899.99
LCW Modest - Geniş Paça Pileli Kadın Kumaş Pantolon,1299.99
LCW EVERYDAY - Modal Karışımlı Kadın Gömlek Tunik,999.99
LCW Grace - Bağlamalı Yaka Nakışlı Bluz,899.99
LCW Grace - Bisiklet Yaka Desenli Bluz,449.99
XSIDE - Yırtık Detaylı Kadın Jean Şort,899.99
LCW Comfort - V Yaka Desenli İp Askılı Elbise,899.99
LCW Grace - Bağlamalı Yaka Çiçekli Fırfırlı Bluz,799.99
LCW STUDIO - Oversize Kadın Gömlek,399.99
XSIDE - Bisiklet Yaka Keten Karışımlı Mini Elbise,1499.99
LCW Vision - Beli Lastikli Geniş Paça Kadın Eşofman Altı,699.99
XSIDE - Beli Lastikli Çiçekli Katkat Etek,999.99
XSIDE - Beli Lastikli Hawaii Baskılı Kadın Şort,599.99
LCW Modest - Dik Yaka Kadın Blazer Ceket,2999.99
LCW Vision - U Yaka Kadın Çıtçıtlı Body,499.99
KOOR SPORT - Beli Lastikli Kadın Spor Şort Etek,899.99
KOOR SPORT - Balensiz Dolgusuz Düz Sporcu Sütyeni,699.99
LCW Grace - Hakim Yaka Çiçekli Kadın Tunik,549.99
LCW DREAM - Balensiz Dolgusuz Düz Üçgen Sütyen,399.99
XSIDE - Bisiklet Yaka Chip and Dale Baskılı Kadın Atlet,499.99
LCW Vision - Bisiklet Yaka Soft Touch Kadın Tişört,399.99
LCW Vision - Dökümlü Yaka Büzgülü Elbise,1499.99
LCW DREAM - Kalp Desenli İp Askılı Kadın Fantezi Gecelik,899.99
LCW Vision - Bisiklet Yaka Çizgili Kadın Tişört,399.99
LCWAIKIKI Classic - Bisiklet Yaka Taşlı Kadın Tişört,499.99
LCW DREAM - Kalp Desenli Kadın Pijama Üstü,399.99
LCW Vision - Kayık Yaka Büzgülü Bluz,899.99
LCW Vision - Beli Lastikli Modal Karışımlı Kadın Pantolon,799.99
LCW EVERYDAY - Bisiklet Yaka Boncuk İşlemeli Kadın Tişört,499.99
LCW Jeans - Yüksek Bel Wideleg Fit Kadın Jean Pantolon,899.99
LCW EVERYDAY - Bisiklet Yaka Çizgili Kadın Tişört,359.99
LCW Vision - Kayık Yaka Büzgülü Modal Karışımlı Bluz,499.99
LCW Vision - Tek Omuz Toka Detaylı Büzgülü Bluz,699.99
LCW Grace - Bisiklet Yaka Bluz,699.99
XSIDE - Bisiklet Yaka Baskılı Kadın Tişört,499.99
LCW Modest - Soft Touch Kadın Eşofman Altı,899.99
LCW Modest - Polo Yaka Kadın Tişört,799.99
LC WAIKIKI - Atlet Detaylı Kadın Gömlek,499.99
LCW Jeans - Loose Fit Kadın Jean Kargo Şort,999.99
LCW Jeans - Regular Fit Kadın Mini Jean Şort,899.99
LCW Vision - V Yaka Asimetrik Kesim Renk Bloklu Elbise,999.99
XSIDE - V Yaka İp Askılı Elbise,1299.99
LCW Vision - Pileli Belden Oturtmalı Poplin Kadın Gömlek,599.99
XSIDE - V Yaka İp Askılı Midi Elbise,1299.99
Soulife - Keten Karışımlı Kadın Gömlek,799.99
KOOR SPORT - Baskılı Kadın Oversize Spor Tişört,299.99
LCW Vision - Bisiklet Yaka Kemerli Dokulu Elbise,999.99
Soulife - Şal Yaka Keten Görünümlü Kadın Kimono,999.99
LCW EVERYDAY - V Yaka Bağlamalı Dokulu Kadın Hırka,449.99
LCW Grace - Beli Lastikli Kloş Etek,449.99
XSIDE - Bisiklet Yaka Marie Baskılı Kadın Tişört,499.99
LCWAIKIKI Classic - Beli Lastikli Kadın Jean Şort,799.99
LCW Vision - Beli Kemerli Mini Jean Etek,799.99
LCW Grace - V Yaka Nakış Detaylı Bluz,499.99
LCW Vision - Bisiklet Yaka California Baskılı Kadın Tişört,399.99
LCW Young - Baskılı Kadın Şortlu Pijama Takımı,599.99
LCW Vision - Bisiklet Yaka Los Angeles Baskılı Kadın Tişört,399.99
LCW Limitless - Kolay Giyilebilir Fermuar ve Cırt Bantlı Bluz,599.99
LCW Limitless - Kolay Giyilebilir Yandan ve Omuzdan Çıtçıtlı Bluz,499.99
LCWAIKIKI Basic - Beli Lastikli Kadın Jogger Eşofman Altı,399.99
XSIDE - V Yaka Modal Karışımlı Elbise,499.99
LCW Vision - San Francisco Baskılı Kadın Tişört,399.99
LCW Grace - Bisiklet Yaka Çiçekli A Kesim Elbise,599.99
LCW Vision - Kare Yaka Peplum Bluz,649.99
LCW Vision - Beli Fermuarlı Desenli Kadın Şort Etek,1299.99
LCW Modest - Bisiklet Yaka Taşlı Oversize Kadın Tişört,599.99
LCW Modest - Bisiklet Yaka Oversize Kadın Tişört,449.99
LCW Vision - Bisiklet Yaka Yazı Baskılı Kadın Tişört,399.99
LCW Modest - Beli Lastikli Kadın Pantolon,1099.99
LCW EVERYDAY - Fırfırlı Bağlamalı Yaka Desenli Bluz,599.99
LCW Comfort - Bisiklet Yaka Kadın Triko Süveter,499.99
LCW Comfort - Beli Lastikli Dokulu Kadın Pantolon,1099.99
LCW Modest - Beli Lastikli Çizgili Kadın Eşofman Altı,799.99
LCW Comfort - V Yaka Dokulu Bluz,899.99
LCW Jeans - Wideleg Kadın Jean Pantolon,899.99
LCW Vision - Bisiklet Yaka Paris Baskılı Kadın Tişört,399.99
LCW Comfort - A Kesim Çiçekli Balon Kol Elbise,899.99
LCW Modest - Dantel Detaylı Kadın Blazer Ceket,2199.99
LCW Comfort - Beli Lastikli Dokulu Kadın Şort,399.99
LCW Comfort - Bisiklet Yaka Modal Karışımlı Mini Elbise,799.99
KOOR SPORT - Bisiklet Yaka Kadın Spor Tişört,499.99
LCW Limitless - Kolay Giyilebilir Puantiyeli Çıtçıtlı Gömlek Elbise,999.99
LCW Limitless - Kolay Giyilebilir Kruvaze Yaka Çıtçıtlı Elbise,999.99
LCW Vision - Bisiklet Yaka Taşlı Kadın Tişört,899.99
LCW Comfort - Polo Yaka Dokulu Kadın Tişört,549.99
LCW Limitless - Kolay Giyilebilir Kolları Fermuarlı Çıtçıtlı Gömlek,1099.99
LCW Limitless - Kolay Giyilebilir Çıtçıtlı Kadın Gömlek,599.99
LCW Limitless - Kolay Giyilebilir Çıtçıtlı Puantiyeli Kadın Gömlek,899.99
LCW Limitless - Kolay Giyilebilir Kadın Pijama Altı,899.99
LCW Jeans - Beli Kemerli Kadın Jean Şortolon,899.99
LCW Vision - Müslin Kadın Gömlek,699.99
LCW JOY - Meyve Figürlü Kadın Mandal Toka Seti 2'li,129.99
LCW EVERYDAY - Kapüşonlu Kadın Yağmurluk,899.99
LCW Vision - Bisiklet Yaka Transparan Bluz,899.99
XSIDE - Baggy Fit Kadın Jean Pantolon,1199.99
LCWAIKIKI Classic - Beli Lastikli Kadın Pileli Şort,499.99
LCW Vision - Beli Kemerli Standart Fit Kadın Pantolon,1099.99
LCW STUDIO - Modal Karışımlı Kadın Gömlek,699.99
XSIDE - İp Askılı Belden Oturtmalı Brode Elbise,1799.99
Soulife - Petite Bisiklet Yaka Püsküllü Kadın Tüvit Ceket,1799.99
LCW Modest - Yüksek Bel İspanyol Paça Kadın Pantolon,599.99
LCW Modest - V Yaka Çizgili Modal Karışımlı Elbise,1299.99
LCW Grace - Hakim Yaka Desenli Kadın Tunik,899.99
XSIDE - Bisiklet Yaka Büzgülü Bluz,199.99
LCW DREAM - Kadın Düz Yoga ve Pilates Çorabı 2'li,199.99
LCW DREAM - Dantelli Brazilian Külot 3'lü,399.99
LCW EVERYDAY - Kruvaze Yaka Metal Aplikeli Bluz,449.99
LCWAIKIKI Classic - Straight Fit Kadın Jean Pantolon,799.99
LCW Grace - Beli Lastikli Straight Fit Kadın Jean Pantolon,359.99
LCW Grace - V Yaka Taşlı Uzun Kollu Kadın Bluz,549.99
Puma - Court Lally Kadın Beyaz Sneaker,3139.99
LCW Vision - V Yaka Askılı %100 Keten Bluz,359.99
LCW DREAM - Balensiz Yarım Dolgulu Düz Tişört Sütyen,549.99
LCW Grace - Bisiklet Yaka Fırfırlı Elbise,699.99
Luvmabelly - Kadın Düğmeli Ve Cepli Denim Hamile Elbise,1129.90
LCW DREAM - Ayı Teddy Baskılı Kadın Pijama Takımı,999.99
LCW STUDIO - Çizgili Kadın Gömlek,359.99
LCW Modest - Beli Lastikli Kadın Eşofman Altı,699.99
LCW Jeans - Yüksek Bel Kadın Jean Şort Etek,899.99
LCW Grace - Beli Lastikli Kadın Kadife Pantolon,399.99
LCW STUDIO - Yüksek Bel Geniş Paça Kadın Pileli Kumaş Pantolon,749.99
MİSS DÜNYA LİSSA - Lacivert Dantel Detaylı 3lü Sabahlıklı Hamile Ve Lohusa Pijama Takımı,1039.99
LCWAIKIKI Classic - Slim Mom Kadın Jean Pantolon,699.99
LCW DREAM - Fiyonk Desenli Kadın Patik Çorap 5'li,229.99
LCW Modest - Taşlı Oversize Kadın Gömlek Tunik,899.99
XSIDE - Beli Kemerli Desenli Mini Şort Etek,299.99
LCW Modest - Fırfırlı Dik Yaka Çiçekli Kadın Gömlek Elbise,999.99
LCW EVERYDAY - Bisiklet Yaka Kadın Triko Kazak,599.99
LCW Grace - Keten Karışımlı Gömlek Elbise,899.99
XSIDE - Soft Touch Kadın Jogger Eşofman Altı,279.99
LCW Modest - Standart Fit Saten Kadın Etek,449.99
LCWAIKIKI Classic - Polo Yaka Soft Touch Elbise,899.99
LCW Vision - U Yaka Pileli Şifon Elbise,1299.99
LCW Young - Toy Story Baskılı Kadın Şortlu Pijama Takımı,499.99
LC WAIKIKI - Polo Yaka Fitilli Kadın Tişört,399.99
LCWAIKIKI Classic - Kapüşonlu Kapitone Oversize Kadın Şişme Mont,1299.99
LCW DREAM - Yanları Bağlamalı Kadın Bikini Altı,549.99
LCW ECO - Yüksek Bel Kadın Spor Tayt,359.99
LCWAIKIKI Classic - Bisiklet Yaka Dokulu Kadın Atlet,329.99
LCW EVERYDAY - Bisiklet Yaka Ajurlu Kadın Triko Kazak,599.99
XSIDE - Beli Lastikli Soft Touch Kadın Şort,599.99
LCW DREAM - Beli Lastikli Baskılı Kadın Jogger Pijama Altı,399.99
LCW Vision - Bisiklet Yaka Taşlı Kadın Tişört,399.99
LCWAIKIKI Classic - Yüksek Bel Crop Flare Kadın Jean Pantolon,699.99
LCW JOY - Kadın Küpe Seti 3'lü,199.99
XSIDE - Gömlek Yaka Mini Tüvit Elbise,799.99
LCW Modest - Bisiklet Yaka Taşlı Kadın Tişört,399.99
LCW Grace - Kaçık Yaka Çiçekli Bluz,799.99
LCW Modest - Ekose Kadın Gömlek Tunik,899.99
LCW Jeans - Barrel Fit Kadın Jean Pantolon,399.99
Lafaba - Kadın Gold Volanlı Yırtmaçlı Saten Abiye & Mezuniyet Elbisesi,3719.99
LCW Grace - Beli Lastikli Desenli Kadın Pantolon,899.99
LCW Comfort - Bisiklet Yaka Nakışlı Kadın Tişört,249.99
LCW DREAM - Dantel Detaylı Fiyonklu Babet Çorap 3'lü,229.99
LCW DREAM - Bisiklet Yaka Desenli Kadın Pijama Takım,699.99
Soulife - Yüksek Bel Flare Kadın Jean Pantolon,799.99
LCW Grace - Bisiklet Yaka Çiçekli Elbise,399.99
LCWAIKIKI Classic - Beli Lastikli Kadın Pantolon,699.99
LCW EVERYDAY - Leopar Desenli Kadın Gömlek Tunik,799.99
LCWAIKIKI Basic - Bisiklet Yaka Kadın Tişört,359.99
XSIDE - Yüksek Bel İspanyol Paça Kadın Tayt Pantolon,699.99
LCW EVERYDAY - Polo Yaka Kadın Triko Kazak,699.99
LCWAIKIKI Classic - Kapüşonlu Kadın Fermuarlı Sweatshirt,799.99
LCW Modest - Bisiklet Yaka Keten Karışımlı Bluz,699.99
LCWAIKIKI Basic - Bisiklet Yaka Kadın Tişört,299.99
LCWAIKIKI Classic - Çizgili Saten Kadın Gömlek,799.99
LCW EVERYDAY - V Yaka Pike Kadın Yelek,799.99
XSIDE - Beli Lastikli Kadın Eşofman Altı,599.99
LCW Vision - Bisiklet Yaka Amalfi Baskılı Kadın Tişört,499.99
KOOR SPORT - Dik Yaka Soft Touch Oversize Kadın Sweatshirt,699.99
LCW Jeans - Beli Kemerli Wideleg Fit Kadın Jean Pantolon,1099.99
LCW Modest - Dantel Detaylı Asimetrik Kesim Kadın Tişört,399.99
XSIDE - PowerPuff Girls Baskılı Kadın Tişört,399.99
LCW Vision - Beli Fermuarlı Çizgili Kloş Etek,1299.99
LCW EVERYDAY - Bisiklet Yaka Fitilli Kadın Body,499.99
LCW Grace - Bağlamalı Yaka Desenli Bluz,699.99
XSIDE - Taşlı Kadın Jean Şort,999.99
XSIDE - Bağlamalı Yaka Ekose Fırfırlı Bluz,799.99
LCW ACCESSORIES - Deri Görünümlü Kadın Cüzdan,299.99
LCW Vision - Yüksek Bel Geniş Paça Pileli Kadın Kumaş Pantolon,799.99
LCWAIKIKI Classic - Beli Lastikli Carrot Fit Kadın Jean Pantolon,799.99
LCW Comfort - Fırfırlı Halter Yaka Elbise,799.99
LCW Modest - Kapüşonlu Kadın Fermuarlı Tunik,799.99
LCW Comfort - Gömlek Yaka Tüvit Mini Elbise,699.99
LCW Vision - Bisiklet Yaka Modal Karışımlı Elbise,549.99
LCW DREAM - Beli Lastikli Desenli Kadın Plaj Şortu,449.99
LCWAIKIKI Classic - Beli Lastikli Kadın Jogger Eşofman Altı,599.99
LCW Comfort - Kare Yaka Düz Askılı Kadın Jean Salopet Elbise,899.99
LCW DREAM - 15 Denye Kadın Diz Altı Çorap 2'li,129.99
XSIDE - Bisiklet Yaka London Baskılı Kadın Tişört,399.99
LCW JOY - Kiraz Figürlü Kadın Saç Bandı ve Bileklik Seti,299.99
XSIDE - Bisiklet Yaka Stitch Baskılı Kadın Tişört,399.99
Artış - Kısa Kollu Emzirme Bölmeli Ayarlanabilir Bel Esnek Elastanlı Viskoz Soft Hamile Pijama Takım 19317,2569.90
XSIDE - Intense EDP Kadın Parfüm 100 ml,449.99
LCW Vision - Dik Yaka Oversize Kadın Triko Kazak,499.99
LCW Grace - Bisiklet Yaka Desenli Kadın Tişört,399.99
LCW Modest - Dik Yaka Çizgili Kadın Body,329.99
