product_name,price
Karcher SC 3 Easyfix Buharlı Temizlik Makinesi,"11.989,00"
Philips HR2738/00 Daily Collection Narenciye Sıkacağı,"1.239,00"
Philips CA6700/10 Espresso Makinesi Kireç Çözücü,"479,00"
Philips CA6704/10 Kahve Yağı Çözücü Tablet,"369,00"
DeLonghi CTO 2003 BK Icona Ekmek Kızartma Makinesi,"3.499,00"
KitchenAid 1.7 lt 5KFP0719EER Empire Red 250 W Mutfak Robotu,"13.999,00"
Philips CA6700/10 Espresso Makinesi Kireç Temizleme Solüsyonu - CA6704/10 Yağ Çözücü Tablet 2'li Avantaj Set,"949,00"
KitchenAid Go 5KHMR762BM Bataryalı El Mikseri,"14.999,00"
Dlc Favonıo 35W Bakır Motor Led Beyaz Tavan Vantilatörü 132cm,"9.990,00"
Dlc TSP40-RC Bakır Motor Uzaktan Kumandalı Buharlı Vantilatör Ayaklı Vantilatör,"5.599,00"
Dlc Nem Alma Ve Hava Temizleme Cihazı 22 Litre Hepa Filtreli Ve Su Hazneli DYD-Z22B431,"23.900,00"
Gazzella SM GZK 100 B Squad Büyük Kol ve Omuz Ütüleme Aparatı,"759,00"
Philips HR1863/20 Viva Collection Katı Meyve Sıkacağı,"6.499,00"
KitchenAid Artisan 5KEK1522ECA Candy Apple 2400 W 1.5 lt Çelik Kettle,"19.999,00"
Braun MQ7087X Multiquick 7 El Blender Seti,"9.999,00"
Karcher KB 5 3.7 V Dikey Şarjlı Süpürge,"5.999,00"
KitchenAid 5KCM1209EER Empire Red Kırmızı Filtre Kahve Makinesi,"13.999,00"
KitchenAid Artisan 5KMT2204EER Empire Red 2 Dilim Ekmek Kızartma Makinesi,"26.999,00"
Philips HR3705/10 Daily Collection Mikser,"1.499,00"
Ariete Vintage Smoothie Blender - Bej,"2.999,00"
Komo KoMoMio Nature Un Değirmeni,"35.305,00"
Dlc TSP40-EA Bakır Motor Uzaktan Kumandalı Buharlı İyonizerli Vantilatör Ayaklı Vantilatör,"8.399,00"
KitchenAid 5KCM1209EAC Almond Cream Beyaz Filtre Kahve Makinesi,"13.999,00"
KitchenAid 5KMT221ESX Stainless steel 2 Dilim Ekmek Kızartma Makinesi,"12.999,00"
KitchenAid 5KMT221EER Empire Red 2 Dilim Ekmek Kızartma Makinesi,"12.999,00"
KitchenAid 5KSM2CB5BM 4.7 lt Stand Mikser İçin Seramik Kase Siyah,"7.999,00"
KitchenAid 5KSM2CB5ER 4.7 lt Stand Mikser İçin Seramik Kase Kırmızı,"7.999,00"
KitchenAid 5KSM2CB5LW 4.7 lt Stand Mikser İçin Seramik Kase Beyaz,"6.999,00"
KitchenAid 5KSM2CB5PFC 4.7 lt Stand Mikser İçin Seramik Kase Gold,"7.999,00"
KitchenAid 5KSM2CB5PWS 4.7 lt Stand Mikser İçin Seramik Kase Beyaz,"7.999,00"
KitchenAid 5KSM2CB5PBS 4.7 lt Stand Mikser İçin Seramik Kase Siyah,"7.999,00"
KitchenAid 5K5THSBP 4.8 lt Stand Mikser İçin Çelik Kase,"7.999,00"
KitchenAid 5KSM5SSBVG 4.8 lt Stand Mikser İçin Çelik Kase Gold,"6.999,00"
KitchenAid 5KSM2CB5PSS 4.7 lt Stand Mikser İçin Seramik Kase Beyaz,"7.999,00"
KitchenAid 5KSM2CB5PHS 4.7 lt Stand Mikser İçin Seramik Kase Beyaz,"7.999,00"
Blendtec C575B4101A Classic 575 Blender,"66.365,00"
KitchenAid 5KSM5SSBDR 4.8 lt Stand Mikser İçin Çelik Kase Dried Rose,"6.999,00"
KitchenAid Artisan 5KEK1522EER Empire Red 2400 W 1.5 lt Çelik Kettle,"19.999,00"
KitchenAid 5KHM9212EOB Siyah 9 Hızlı 85 W Mikser,"12.999,00"
KitchenAid 5KMT221ECU Countur Silver 2 Dilim Ekmek Kızartma Makinesi,"12.999,00"
KitchenAid Artisan 5KEK1522EMS Medallion Silver 2400 W 1.5 lt Çelik Kettle,"19.999,00"
KitchenAid Artisan 5KEK1522EOB Onyx Black 2400 W 1.5 lt Çelik Kettle,"19.999,00"
KitchenAid 5KMT2204EGR Imperial Grey 2 Dilim Ekmek Kızartma Makinesi,"26.999,00"
KitchenAid 5KCM1208EOB Classic Onyx Black Filtre Kahve Makinesi,"11.999,00"
KitchenAid 5KCM1208EWH Classic White Filtre Kahve Makinesi,"11.999,00"
Tribest GSE-5000-F Greenstar Elite Soğuk Sıkım Meyve Ve Sebze Sıkacağı Beyaz,"62.285,00"
Gazzella Çamasır Kurutmalık  SM HND 253 Maxi,"4.799,00"
Ariete Vintage 6815 Mavi 500 W Blender,"2.799,00"
Komo Flic Floc Tahıl ve Baharat Ezme Cihazı,"17.335,00"
KitchenAid 5KSM2CB5BGS Pişirici Kapaklı Evde Ekmek Yapma Kasesi,"15.999,00"
KitchenAid 1.7 lt 5KFP0719EAC Almond Cream 250 W Mutfak Robotu,"13.999,00"
Tribest Solostar SS-4200 F Soğuk Sıkım Cold Press Meyve ve Sebze Sıkacağı Beyaz,"32.890,00"
KitchenAid 5KFP0921EER 2.1lt Mutfak Robotu Empire Red,"18.999,00"
Komo Fidibus XL Plus Un Değirmeni,"109.000,00"
KitchenAid Artisan 5KSM175PSECA Candy Apple 300 W 4.8 lt Mutfak Şefi,"54.999,00"
KitchenAid Artisan 5KSM175PSEBK Iron Black 300 W 4.8 lt Mutfak Şefi,"54.999,00"
Fakir Prestige TVL 90 S Uzaktan Kumandalı Kule Tipi Vantilatör,"5.399,00"
KitchenAid Artisan 5KSM175PSEMS Medallion Silver 300 W 4.8 lt Mutfak Şefi,"54.999,00"
KitchenAid Artisan 5KSM175PSEER Empire Red 300 W 4.8 lt Mutfak Şefi,"54.999,00"
Ariete Vintage 6815 Mavi 500 W Blender Alt Hazne,"499,00"
Ariete Vintage 6815 Krem 500 W Blender Alt Hazne,"499,00"
Ariete Vintage 6815 Yeşil 500 W Blender Alt Hazne,"499,00"
Lurch Soğuk Sıkım Katı Meyve ve Buğday Çimi Sıkacağı,"4.860,00"
Blendtec D650D0507A1A Designer 650s Paslanmaz Çelik Blender,"85.400,00"
KitchenAid Artisan 5KSM175PSEOB Onyx Black 300 W 4.8 lt Mutfak Şefi,"54.999,00"
"KitchenAid 5KSM70SHXEER 6,6 L Kaldırılabilir Kaseli Stand Mikser - Empire Red","66.999,00"
"KitchenAid 5KSM70SHXEMS 6,6 L Kaldırılabilir Kaseli Stand Mikser - Medallion Silver","66.999,00"
"KitchenAid 5KSM70SHXEOB 6,6 L Kaldırılabilir Kaseli Stand Mikser - Onyx Black","66.999,00"
KitchenAid K150 5KSB1325EDG 1.4 Litre Sürahi Blender - Charcoal Grey,"19.999,00"
KitchenAid K150 5KSB1325EER 1.4 Litre Sürahi Blender - Empire Red,"19.999,00"
KitchenAid Mutfak Robotu Aksesuarı - 5KSM2FPA,"17.999,00"
KitchenAid 5KSMPRA 3 Parça Hamur Silindiri ve Makarna Kesici Aksesuarları,"9.999,00"
KitchenAid 5KSMFGA Gıda Öğütme Aksesuarı,"9.999,00"
KitchenAid 5KSMVSA Dilimleme Ve Doğrama Aksesuarı,"9.999,00"
KitchenAid 5KSM2FPPC Meyve Sebze Doğrama Aksesuarı,"19.999,00"
KitchenAid Meyve/Sebze Yavaş Sıkma (Slow Juicer) Aksesuarı - 5KSM1JA,"19.999,00"
Hunter Contempo Fırçalanmış Nikel 132 Cm Aydınlatmalı Tavan Vantilatörü,"29.990,00"
Hunter Contempo Beyaz 132 Cm Aydınlatmalı Tavan Vantilatörü,"29.990,00"
Hunter Kohala Bay Antik Kalay 122 Cm Aydınlatmalı Tavan Vantilatörü,"29.990,00"
KitchenAid 5KHM9212EER 9 Hızlı Empire Red 85 W Mikser,"12.999,00"
Hunter Revolutions Classic Elite Çağdaş Bronz 132 Cm Tavan Vantilatörü,"15.990,00"
Hunter Revolutions Classic Plus Beyaz 132 Cm Aydınlatmalı Tavan Vantilatörü,"16.990,00"
Hunter Revolutions Classic Elite Beyaz 132 Cm Tavan Vantilatörü,"15.990,00"
Hunter Breeze Urla Antik Bronz 122 Cm Ahşap Kanatlı Tavan Vantilatörü,"23.990,00"
Hunter Merced Fırçalanmış Nikel 112cm Çekme Zincirli Aydınlatmalı Tavan Vantilatörü,"31.990,00"
KitchenAid Artisan 5KSM185PSEOB 300 W 4.8 lt Onyx Black Hamur Yoğurma Makinesi,"59.999,00"
Hunter Arcot Fırçalanmış Nikel 117 cm Aydınlatmalı Tavan Vantilatörü,"33.990,00"
La Sommeliere CIG650BU Puro Dolabı 650 Puro Kapasiteli,"149.990,00"
Tribest Sedona Classic 47 Lt Meyve Ve Sebze Kurutma Makinesi,"40.930,00"
La Sommeliere ECS312Z Çift Isılı Service Solo Şarap Dolabı - 29 Şişe,"79.990,00"
La Sommeliere ECS512Z Çift Isılı Service Solo Şarap Dolabı - 49 Şişe,"89.990,00"
KitchenAid Artisan 5KSM175PSEAC Almond Cream 300 W 4.8 lt Mutfak Şefi,"54.999,00"
Dlc Favonıo 35W Bakır Motor Led Siyah Tavan Vantilatörü 132cm,"9.990,00"
KitchenAid Artisan 5KEK1522EBK Cast Iron Black 2400 W 1.5 lt Çelik Kettle,"19.999,00"
Dlc Poyraz Bakır Motor Lambalı 4 Kanatlı 107cm Tavan Vantilatörü Beyaz,"6.500,00"
Dlc Poyraz Bakır Motor Lambalı 4 Kanatlı 107cm Tavan Vantilatörü Ahşap,"6.500,00"
KitchenAid 5KFP1319EOB 3.1 lt Parlak Siyah 400 W Mutfak Robotu,"26.999,00"
KitchenAid 5KFP0921EOB 2.1lt Mutfak Robotu Onyx Black,"18.999,00"
KitchenAid 5KFCR500BM Kablosuz Mutfak Robotu Siyah (Bataryasız),"12.999,00"
KitchenAid 5KFCR531BM Kablosuz Mutfak Robotu Siyah (Bataryalı),"14.999,00"
KitchenAid 5KHMR700BM Kablosuz El Mikseri Siyah (Bataryasız),"12.999,00"
KitchenAid 5KSBR200BM Kablosuz Mini Blender Siyah (Bataryasız),"12.999,00"
KitchenAid 5KKVR100BM Kablosuz El Süpürgesi Siyah (Bataryasız),"12.999,00"
KitchenAid 5KKVR121BM Kablosuz El Süpürgesi Siyah (Bataryalı),"14.999,00"
Philips 5000 Serisi HR2695/01 1200 W Blender Seti,"4.089,00"
La Sommeliere LSBU51DB2 51 Şişe Siyah Şarap Dolabı,"119.990,00"
KitchenAid K400 Artisan 5KSB4026EMS Medallion Silver 1200 W Blender,"28.999,00"
KitchenAid Artisan 5KSM175PSEJP Juniper 300 W 4.8 lt Mutfak Şefi,"54.999,00"
Blendtec Designer 650 Blender,"79.050,00"
KitchenAid 1.7 lt 5KFP0719EOB Onyx Black 250 W Mutfak Robotu,"13.999,00"
BlackWell 76 Cm 6 Kanat Lambalı Tavan Vantilatörü Beyaz - OUTLET - FANUS KIRIK,"1.399,00"
KitchenAid Artisan 5KMT2204EMS Medallion Silver 2 Dilim Ekmek Kızartma Makinesi,"26.999,00"
KitchenAid Classic Mini 5KFC3516EWH White 240 W Mutfak Robotu,"9.999,00"
La Sommeliere LS512ZBLACK Solo Şarap Dolabı - 50 Şişe,"69.990,00"
"KitchenAid 5KSM70SHXECA 6,6 L Kaldırılabilir Kaseli Stand Mikser - Candy Apple","66.999,00"
KitchenAid Mini 5KFC3516ECU Contour Silver 240 W Mutfak Robotu,"9.999,00"
Dlc Brisote 132cm Mat Krom Motor 3 Lambalı Tavan Vantilatörü,"11.950,00"
La Sommeliere ECS812Z Şarap Dolabı,"119.990,00"
Dlc FL-750-F 240 Watt Sanayi Tipi Ayaklı Vantilatör Siyah,"10.249,55"
Dlc TST10-RK 60 Watt İyonizerli Kule Tipi Vantilatör Siyah,"6.907,45"
Dlc TST08-RF 50 Watt Kule Tipi Vantilatör Siyah,"3.091,30"
Dlc FS-45-360 70 Watt 360 Derece Hareketli Ayaklı Vantilatör,"3.752,50"
Dlc FS-K45BR 65 Watt Zaman Ayarlı Kumandalı Ayaklı Vantilatör Beyaz,"3.704,05"
Dlc KYT-50B 130 Watt 50cm Ultra Fan Yer Vantilatörü Siyah,"3.838,00"
Dlc FS-K40BR 50 Watt Zaman Ayarlı Kumandalı Ayaklı Vantilatör Beyaz,"3.006,75"
Dlc FE45 130 Watt Krom Yer Vantilatörü,"4.560,00"
Dlc FL-500 135 Watt Ayaklı Vantilatör Siyah,"6.792,50"
Blendtec Twister 0.5 Lt (16 oz) Blender Hazne,"19.990,00"
Tribest GSE-5010-F Greenstar Elite Soğuk Sıkım Meyve Ve Sebze Sıkacağı Siyah,"62.285,00"
"La Sommeliere LS38BLACK Service Solo Şarap Dolabı, 38 Şişe Kapasiteli","69.099,00"
Tribest GSE-5050-F Greenstar Elite Soğuk Sıkım Meyve Ve Sebze Sıkacağı Krom,"78.700,00"
Tribest Solostar SS-4250-F Soğuk Sıkım Cold Press Meyve ve Sebze Sıkacağı Krom,"39.420,00"
KitchenAid 5KSMICM Dondurma Yapma Aksesuarı,"10.999,00"
"Dlc SKJ-CR050 35 Watt Akıllı Wifi Sistemi, Soğuk Fanlı ve Led Aydınlatmalı Hava Temizleme Cihazı","18.750,00"
Dlc 35 Watt Soğuk 2000 Watt Sıcak Fanlı Akıllı Wifi Sistemli Hava Temizleme Cihazı,"17.999,00"
MPIA 8İN1 VE 18000 PA 1 Şarjlı El Süpürgesi,"1.999,00"
Tribest Dynapro DPS-2250GY-F 1865 W Bar Blenderı,"49.720,00"
Tribest PBG-5001-C Glass Personal 500 W Vacuum Blender,"25.960,00"
Tribest PBG-5050-C Glass 500 W Personal Blender,"14.480,00"
Tribest Z-710 Z-Star Manuel Meyve ve Sebze Sıkacağı,"14.630,00"
Tribest GS5-2GY-F Greenstar 5 Soğuk Sıkım Meyve Ve Sebze Sıkacağı,"78.640,00"
"Brod & Taylor Hamur, Yoğurt Mayalama Makinesi ve Yavaş Pişirici","31.900,00"
Electrolux Explore 6 E6EC1-6ST Espresso Makinesi,"6.099,00"
Komo Flocman Elektrikli Ezme Cihazı,"46.860,00"
Komo KoMoMio Eco Nature Un Değirmeni,"28.890,00"
Komo Magic Un Değirmeni,"51.350,00"
Komo Fidibus Medium Un Değirmeni,"55.640,00"
Komo Fidibus XL Un Değirmeni,"74.900,00"
Komo KoMoMio Black Un Değirmeni,"35.305,00"
La Sommeliere SLS32DZ BLACK Solo Şarap Dolabı - 32 Şişe,"59.990,00"
Yeşil YHK10 220v 10kg Un 15kg Hamur Kapasiteli Hamur Yoğurma Makinası,"18.400,00"
Yeşil YHK15 220v 15Kg Un 25kg Hamur Kapasiteli Hamur Yoğurma Makinası,"21.350,00"
Yeşil YHK50 220v 50Kg Un 65kg Hamur Kapasiteli Hamur Yoğurma Makinası,"47.400,00"
Dlc Alizee 132 Cm Krom Led Kumandalı Tavan Vantilatörü,"12.750,00"
Dlc Alizee 132 Cm Beyaz Led Kumandalı Tavan Vantilatörü,"12.750,00"
"La Sommeliere Service Solo LS18S Şarap Dolabı, 18 Şişe Kapasiteli","32.990,00"
La Sommeliere Service Solo Şarap Dolabı LS12S 12 Şişe Kapasiteli,"29.990,00"
Fakir Chaizen 1800 W Çelik Demlikli Çay Makinesi Rosie,"3.299,00"
Delonghi DLSC200 Ecodecalk Kahve Makinesi Temizleme Solüsyonu 2x100ml,"999,00"
Russell Hobbs 22620-56 Dijital Zaman Ayarlı Filtre Kahve Makinesi,"2.499,00"
Hunter Fan Beacon Hill Fırçalanmış Nikel 107 Cm Aydınlatmalı Tavan Vantilatörü,"28.990,00"
Hunter Fan Beacon Hill Beyaz 107 Cm Aydınlatmalı Tavan Vantilatörü,"28.990,00"
Hunter Fan Beacon Hill Antik Pirinç 107 Cm Aydınlatmalı Tavan Vantilatörü,"28.990,00"
Hunter Fan Nova Beyaz 107 Cm Aydınlatmalı Tavan Vantilatörü,"32.990,00"
Hunter Fan Nova Mat Siyah 107 Cm Aydınlatmalı Tavan Vantilatörü,"32.990,00"
Hunter Fan Central Park Yıpranmış Çelik 107 Cm Aydınlatmalı Tavan Vantilatörü,"32.990,00"
Hunter Fan Central Park Canlı Kalay 107 Cm Aydınlatmalı Tavan Vantilatörü,"32.990,00"
Hunter Finley Fırçalanmış Nikel 92 Cm Aydınlatmalı Duvar Kumandalı Tavan Vantilatörü,"43.990,00"
Hunter Finley Taze Beyaz 92 Cm Aydınlatmalı Duvar Kumandalı Tavan Vantilatörü,"43.990,00"
Hunter Fan Eurus Fırçalanmış Nikel 137 Cm Aydınlatmalı Tavan Vantilatörü,"24.990,00"
Hunter Fan Builders Elite Beyaz 132 Cm Aydınlatmasız Tavan Vantilatörü,"29.990,00"
Mars&Hars KIM15 LCD 18Kg Kapasiteli Buz Makinası-Buz Küpü Kırık Buz Soğuk Su Sebili,"18.500,00"
"Philips 5000 Serisi HD7360/00 Çay Makinesi - Otomatik Sıcak Tutma, 2,2L Ekstra Geniş Kapasite, 0,9L Cam Demlik, 1900W Güç","5.285,00"
Philips HD9350/90 Çelik Su Isıtıcı Daily Collection 2200 W 1.7 l Kettle,"1.889,00"
"Neakasa M1 Üstü Açık Akıllı Full Otomatik Kedi Tuvaleti, App Kontrol, Uv Temizleme","24.999,00"
Reyo Pet Lüxperi Kedi Salıncağı & Kedi Yatağı & Kafesi 38x45x65 cm Kahve,"1.399,00"
"Haegs Büyük ve Orta Köpekler İçin Köpek Araba Koltuğu, Evcil Hayvan Araç içi Hamağı, Köpekler İçin Arka Koltuk Uzatıcı, Su Geçirmez Oxford Kumaş, Katlanabilir Evcil Hayvan Araba Koltuğu - Gri","2.480,00"
Reyo Brave Paws Plastik Fileli Piramit Model Yıkanabilir Kedi ve Köpek Çantası Mor,"1.199,00"
Reyo Kedi Evi Dış Ortam Uygun Ahşap Kedi Evi OSB 61x41x36 cm MLD0CAT48,"1.239,00"
Reyo OK-AY Store Beta Akvaryum Ahşap Hediyelik Balık Akvaryumu Şık ve Dayanıklı Modern Doğal Ahşap Tasarım Hediyelik Akvaryum Siyah,"1.799,00"
Brit Care Mini Yorkshire Somonlu 2 kg Küçük Irk Yetişkin Köpek Maması,"1.049,00"
Reyo Lüxperi Hilal Kedi Cam Yatağı & Vantuzlu Cam Yatağı & Kedi Pencere Yatağı Açık Gri,"749,00"
"Haegs Evcil Hayvan için Araba Koltuk Kılıfı, Oto Köpek Koltuk Örtüsü, Su Geçirmez Hamak 600D Ağır Hizmet Tipi Çizilmeye Dayanıklı Kaymaz Bagaj Köpek Örtüsü Araba Pickup ve Suvlar için- Gri","2.299,00"
Reyo Pet B-07 Hamaklı Yuvalı Lüx Kedi Tırmalama Oyun Evi Antrasit,"2.599,00"
Reyo Pet Lüxperi Bombeli Kedi Ranzası 2 Katlı Kedi Yatağı Gri,"1.699,00"
Brit Care Mini Light & Sterilised Tavşanlı 2 kg Küçük Irk Yetişkin Köpek Maması,"1.199,00"
Brit Care Hypo-Allergenic Üriner Sistem Tahılsız Kısırlaştırılmış Kedi Maması 7 kg,"2.799,00"
Reyo Pet S9 Kedi Tırmalama Kulesi Platformlu 124 cm Antrasit,"2.899,00"
Brave Paws Plastik Fileli Piramit Model Yıkanabilir Kedi ve Köpek Çantası Gri,"1.079,00"
Melada Kedi Evi Dış Ortam Uygun Ahşap Kedi Evi OSB 100x90x55 cm MLD0CAT18,"4.299,00"
Rotipet Theta Karton Kedi Tırmalaması Siyah Small,"599,00"
Brave Paws Plastik Fileli Piramit Model Yıkanabilir Kedi ve Köpek Çantası Siyah,"1.199,00"
Reyo Kedi Evi Dış Ortam Uygun Ahşap Kedi Evi OSB 58x58x40 cm MLD0CAT28,"2.599,00"
Brave Paws Hawaii Yırtılmaz Plastik Fileli Kedi ve Köpek Taşıma Çantası Siyah,"1.499,00"
Reyo Akıllı Kedi Tuvaleti Tüm Modeller ile Uyumlu Büzgülü Çöp Poşeti 55x43cm 3x15 Adet - 45 Poşet,"549,00"
Reflex Care Evcil Hayvanlar için Çok Amaçlı Temizleme Havlusu 50'li X 3 Adet,"229,00"
Reyo OK-AY Store Veynor Modern Ahşap Demonte Kedi Köpek Mama Standı 2'li Paslanmaz Çelik Kaseli Mama ve Su Standı Krem,"1.649,00"
Reyo Pet Amazon Kedi Tırmalama Evi Platformu,"2.799,00"
Brit Care Kitten Bağışıklık Güçlendiren Tavuklu Yavru Kedi Maması 2kg,"999,00"
Reyo Pet Stepli Yuvalı Kedi Tırmalaması (Kedi Görünümlü) Beyaz,"1.899,00"
Pet Love Argan Yağlı 60 Yaprak Evcil Hayvan Temizleme Mendili,"99,00"
Reyo Pet Suya Soğuğa Dayanıklı Lüks Büyük Boy Ahşap Köpek Kulubesi Sokak Köpek Evi Yeşil Çatılı 100x100x78 cm Ceviz,"7.999,00"
Reyo Köpek Kulübesi Büyük Boy OSB XL Yeşil Çatılı 100x100x78 cm MLD0DOG08,"5.799,00"
Reyo Pet Dekoratif Teraslı Kedi Evi ve Mama Kabı Seti,"699,00"
Reyo Pet Üçgen Toplu Kedi Tırmalaması,"499,00"
Brit Care Sterilised Sensitive Tavşanlı 2 kg Kısırlaştırılmış Yetişkin Kedi Maması,"1.099,00"
Inaba Ciao Churu Cream Ton Balıklı ve Tavuklu 4x14 gr Kedi Ödül Kreması,"99,00"
Reyo Brave Paws Plastik Fileli Piramit Model Yıkanabilir Kedi ve Köpek Çantası Gri,"1.079,00"
Reyo Pet Stepli Yuvalı Kedi Tırmalaması (Kedi Görünümlü) Antrasit,"1.899,00"
Reyo Pet B-10 Hamaklı Yuvalı Lüx Kedi Tırmalama Evi Beyaz,"2.799,00"
Cook Kaka Torbası Taşıma Aparatı 30'lu Torba Hediyeli Pembe,"99,00"
Reyo Pet Stepli Yuvalı Kare Serisi Kedi Tırmalaması Gri 115cm,"1.599,00"
Reyo Pet Y01 Salıncaklı Yuvalı Lüx Kedi Tırmalama Oyun Evi Bej,"2.799,00"
Reyo Pet Çift Stepli Yuvalı Kedi Tırmalaması Krem,"1.999,00"
Reyo Pet Çift Stepli Yuvalı Kedi Tırmalaması Antrasit,"1.999,00"
Reyo Pet Merdivenli Maxi Kedi Tırmalama Kulesi,"1.899,00"
Reyo Pet Residence Kedi Tırmalama Evi Antrasit,"4.399,00"
Reyo Pet Residence Kedi Tırmalama Evi Beyaz,"4.399,00"
Reyo Pet Kedi Tırmalama ve Oyun Evi Antrasit,"2.399,00"
Reyo Pet Kedi Tırmalama Kedi Evi Ve Kedi Oyun Evi - Bej,"2.799,00"
Reyo Pet Üçgen Kedi Tırmalama Evi,"1.999,00"
Reyo Pet Mega Boy Step Kedi Tırmalama Tahtası Beyaz,"699,00"
Reyo Pet S-9 Kedi Tırmalama Kulesi Platformlu 124 cm Beyaz,"2.899,00"
Reyo Pet Katlı Yavru Kedi Tırmalama Tahtası Turkuaz,"799,00"
Reyo Pet Koltuk Köşe Koruyucu Kedi Tırmalama Tahtası Çok Yönlü Kullanım Antrasit,"679,00"
Reyo Pet Mega Boy Step Kedi Tırmalama Tahtası Antrasit,"699,00"
Brit Care Indoor Anti-Stress Tavuklu 2 kg Yetişkin Kedi Maması,"999,00"
Brit Care Tahılsız Haircare Healthy & Shiny Coat Tavuklu ve Somonlu 2 kg Yetişkin Kedi Maması,"999,00"
Brit Care Sensitive Hypo-Allergenic Sindirim Sistemi Destekleyici Tahılsız Yetişkin Kedi Maması 2kg,"999,00"
Brit Care Sensitive Hypo-Allergenic Larva Proteinli Tahılsız Yetişkin Kedi Maması 2kg,"1.040,00"
Brit Care Mini Tahılsız Kuzu Etli 2 kg Küçük Irk Yetişkin Köpek Maması,"1.099,00"
Brit Care Mini Hair & Skin Somonlu ve Ringalı 2 kg Küçük Irk Yetişkin Köpek Maması,"1.099,00"
Reyo Pet Suya Soğuğa Dayanıklı Lüks Büyük Boy Ahşap Köpek Kulubesi Sokak Köpek Evi Kırmızı Çatılı 100x100x78 cm,"7.999,00"
Brit Care Tahılsız Kilo Dengeleyici Ördekli Kısırlaştırılmış 2 kg Yetişkin Kedi Maması,"999,00"
Reyo Pet Suya Soğuğa Dayanıklı Lüks Büyük Boy Ahşap Köpek Kulubesi Sokak Köpek Evi Yeşil Çatılı 100x100x78 cm,"7.999,00"
Reflex Plus Mini ve Küçük Irk Kuzulu ve Pirinçli Yetişkin Köpek Maması 8 kg,"1.349,00"
Reyo Pet Suya Soğuğa Dayanıklı Lüks Büyük Boy Ahşap Köpek Kulubesi Sokak Köpek Evi Kırmızı Çatılı 100x100x78 cm Ceviz,"7.999,00"
Reyo Kedi Evi Dış Ortam Uygun Ahşap Kedi Evi 34x27x24 cm Cat01,"599,00"
Reyo Kedi Evi Dış Ortam Uygun Ahşap Kedi Evi OSB 34x32x26 cm,"719,00"
Reyo Kedi Evi Dış Ortam Uygun Ahşap Kedi Evi OSB 43x41x29 cm,"989,00"
Reyo Pet Puffy Kedi Köpek Koltuğu,"1.299,00"
Reyo Pet Kalorifer Petek Radyatöre Asılabilen Kedi Köpek Yatağı Peluş Beyaz,"799,00"
Reyo Pet Kalorifer Petek Radyatöre Asılabilen Kedi Köpek Yatağı Peluş Antrasit,"799,00"
Brit Care Mini Puppy Kuzu Etli 2 kg Küçük Irk Yavru Köpek Maması,"730,00"
Reyo Kedi Evi Dış Ortam Uygun Ahşap Kedi Evi OSB 34x27x24 cm MLD0CAT01,"449,00"
Melada Kedi Evi Dış Ortam Uygun Ahşap Kedi Evi OSB 40x30x30 cm MLD0CAT05,"829,00"
Melada Kedi Evi Dış Ortam Uygun Ahşap Kedi Evi OSB 40x30x30 cm MLD0CAT06,"759,00"
Melada Kedi Evi Dış Ortam Uygun Ahşap Kedi Evi 57x40x28 cm MLD0CAT07,"1.349,00"
Melada Kedi Evi Dış Ortam Uygun Ahşap Kedi Evi OSB 39x37x34 cm MLD0CAT08,"999,00"
Melada Kedi Evi Dış Ortam Uygun Ahşap Kedi Evi OSB 43x40x37 cm MLD0CAT09,"1.159,00"
Melada Kedi Evi Dış Ortam Uygun Ahşap Kedi Evi Dublex OSB 66x39x32 cm MLD0CAT10,"1.199,00"
Reyo Kedi Evi Dış Ortam Uygun 3'lü Ahşap Kedi Evi OSB 93x41x39 cm MLD0CAT11,"2.049,00"
Melada Kedi Evi Dış Ortam Uygun Ahşap Kedi Evi OSB 45x35x34 cm MLD0CAT12,"999,00"
Melada Kedi Evi Dış Ortam Uygun Ahşap Kedi Evi OSB 43x40x37 cm MLD0CAT14,"1.059,00"
Melada Kedi Evi Dış Ortam Uygun Ahşap Kedi Evi OSB Plastik Ayak 40x40x30 cm MLD0CAT15,"1.149,00"
Melada Kedi Evi Dış Ortam Uygun Ahşap Kedi Evi OSB 50x50x35 cm MLD0CAT17,"1.199,00"
Melada Kedi Evi Dış Ortam Uygun Ahşap Kedi Evi OSB 50x35x30 cm MLD0CAT19,"1.199,00"
Melada Kedi Evi Dış Ortam Uygun Ahşap Kedi Evi OSB 100x50x40 cm MLD0CAT22,"1.999,00"
Melada Kedi Evi Dış Ortam Uygun Ahşap Kedi Evi OSB 60x40x30 cm MLD0CAT24,"1.179,00"
Melada Kedi Evi Dış Ortam Uygun Ahşap Kedi Evi OSB 39x32x30 cm MLD0CAT25,"899,00"
Melada Kedi Evi Dış Ortam Uygun Ahşap Kedi Evi OSB 46x34x34 cm MLD0CAT26,"999,00"
Melada Kedi Evi Dış Ortam Uygun Ahşap Kedi Evi OSB 55x40x40 cm MLD0CAT33,"1.059,00"
Melada Kedi Evi Dış Ortam Uygun Ahşap Kedi Evi OSB 50x50x35 cm MLD0CAT45,"1.080,00"
Melada Kedi Evi Dış Ortam Uygun Ahşap Kedi Evi OSB Minderli 40x37x34 cm MLD0CAT47M,"899,00"
Melada Kedi Evi Dış Ortam Uygun Ahşap Kedi Evi OSB Minderli 61x41x36 cm MLD0CAT49M,"1.599,00"
Melada Kedi Evi Dış Ortam Uygun Ahşap Kedi Evi Double OSB 61x41x36 cm Bölmeli MLD0CAT50,"1.359,00"
Melada MLD0CAT51M  Kedi Evi Dış Ortam Uygun Ahşap Kedi Evi Double OSB Minderli 61x41x36 cm MLD0CAT51M,"1.699,00"
Brit Care Hypo-Allergenic Tavuklu ve Hindili Tahilsiz Yavru Kedi Mamasi 7kg,"2.499,00"
Inaba Ciao Churu Bites Tavuk Sargılı Tavuklu 3x10 gr Kedi Ödül Maması,"119,00"
Reyo Köpek Kulübesi Büyük Boy OSB XL Kırmızı Çatılı100x100x78 cm MLD0DOG07,"5.799,00"
Inaba Ciao Churu Hairball Ton Balıklı 4x14 gr Sıvı Kedi Ödül Maması,"119,00"
Inaba Ciao Churu Tuna Balıklı 4x14 gr Yavru Kedi Ödül Kreması,"99,00"
Inaba Ciao Churu Cream Ton Balıklı 4x14 gr Kedi Ödül Kreması,"109,00"
Zampa Beyaz Press Kemik Köpek Ödülü 5 li 20-25g,"125,00"
"Zampa Nova 52x76,5x95 cm Kedi ve Köpek Arabası Siyah","4.749,00"
Inaba Ciao Churu Skin & Coat Deri ve Tüy Sağlığı için Ton Balıklı Sıvı Kedi Ödül Maması,"99,00"
Reyo Pet Komfor Stepli Yuvalı Kedi Tırmalaması Antrasit,"1.399,00"
Reyo Pet Komfor Stepli Yuvalı Kedi Tırmalaması Beyaz,"1.399,00"
Reyo Pet Dekoratif Kedi Tırmalama Ve Oyun Evi Krem,"1.599,00"
Melada Kedi Evi Dış Ortam Uygun Ahşap Kedi Evi OSB 60x45x40 cm MLD0CAT23,"1.399,00"
Reyo Pet Kedi Tırmalama Ve Oyun Evi Platformu Beyaz,"2.299,00"
Reyo Pet Kedi Tırmalama Ve Oyun Evi Platformu Antrasit,"2.199,00"
Reyo Pet T06 Kedi Oyun evi Kedi Tırmalama ve Oyun Evi Gri,"2.199,00"
Reyo Pet Stepli Kedi Tırmalama Tahtası Siyah,"499,00"
Reyo Pet Kedi Tırmalama ve Oyun Evi Beyaz,"2.399,00"
Reyo Pet Kedi Tırmalama ve Oyun Evi Gri,"2.399,00"
Brit Care Mini Sensitive Geyik Etli 2 kg Küçük Irk Yetişkin Köpek Maması,"1.199,00"
Reyo Pet Kedi Tırmalama ve Oyun Evi Gül Kurusu,"2.399,00"
Reyo Pet Y01 Salıncaklı Yuvalı Lüx Kedi Tırmalama Oyun Evi Antrasit,"2.799,00"
Reyo Pet Y01 Salıncaklı Yuvalı Lüx Kedi Tırmalama Oyun Evi Gri,"2.799,00"
Reyo Pet Y01 Salıncaklı Yuvalı Lüx Kedi Tırmalama Oyun Evi Beyaz,"2.799,00"
Reyo Pet Y01 Salıncaklı Yuvalı Lüx Kedi Tırmalama Oyun Evi Gül Kurusu,"2.799,00"
Reyo Pet B-07 Hamaklı Yuvalı Lüx Kedi Tırmalama Oyun Evi Gül Kurusu,"2.599,00"
Reyo Pet B-07 Hamaklı Yuvalı Lüx Kedi Tırmalama Oyun Evi Turkuaz,"2.599,00"
Reyo Pet B-07 Hamaklı Yuvalı Lüx Kedi Tırmalama Oyun Evi Gri,"2.599,00"
Reyo Pet B-07 Hamaklı Yuvalı Lüx Kedi Tırmalama Oyun Evi Beyaz,"2.599,00"
Reyo Pet S9 Kedi Tırmalama Kulesi Platformlu 124 cm Gri,"2.899,00"
Reyo Pet S9 Kedi Tırmalama Kulesi Platformlu 124 cm Gül Kurusu,"2.899,00"
Reyo Pet S9 Kedi Tırmalama Kulesi Platformlu 124 cm Turkuaz,"2.899,00"
Reyo Pet Stepli Kedi Tırmalama Tahtası Beyaz,"499,00"
Reyo Pet Stepli Kedi Tırmalama Tahtası Bej,"499,00"
Reyo Pet Stepli Kedi Tırmalama Tahtası Gri,"499,00"
Reyo Pet Tekli Step Kedi Tırmalama Tahtası Gri,"499,00"
Reyo Pet Çift Stepli Kedi Tırmalama Beyaz,"779,00"
Reyo Pet Çift Stepli Kedi Tırmalama Gri,"779,00"
Reyo Pet Çift Stepli Kedi Tırmalama Antrasit,"779,00"
Reyo Pet Kulübeli Çift Teraslı Kedi Tırmalaması Gri,"2.799,00"
Reyo Pet Teraslı Yataklı Ponponlu Kedi Tırmalaması Bej,"1.099,00"
Reyo Pet Teraslı Yataklı Ponponlu Kedi Tırmalaması Beyaz,"1.099,00"
Reyo Pet Teraslı Yataklı Ponponlu Kedi Tırmalaması Antrasit,"1.099,00"
Reyo Pet Kedi Tırmalama Tahtası Beyaz 42 cm,"449,00"
Reyo Pet Kedi Tırmalama Tahtası Pembe 42 cm,"449,00"
Reyo Pet Kedi Tırmalama Tahtası Gri 42 cm,"449,00"
Reyo Pet Kedi Tırmalama Tahtası Antrasit 42 cm,"449,00"
Reyo Pet Double Step Kedi Tırmalama Evi,"2.599,00"
Reyo Pet Katlı Yavru Kedi Tırmalama Tahtası Gül Kurusu,"799,00"
Reyo Brave Paws Plastik Fileli Piramit Model Yıkanabilir Kedi ve Köpek Çantası Siyah,"1.199,00"
Brave Paws Kare Model Yırtılmaz Plastik Fileli Kedi ve Köpek Taşıma Çantası Siyah,"1.249,00"
Brave Paws Kare Model Yırtılmaz Plastik Fileli Kedi ve Köpek Taşıma Çantası Mor,"1.139,00"
Reyo Brave Paws Kare Model Yırtılmaz Plastik Fileli Kedi ve Köpek Taşıma Çantası Mor,"999,00"
Reyo Pet Katlı Yavru Kedi Tırmalama Tahtası Haki Yeşil,"799,00"
Reyo Pet Koltuk Köşe Koruyucu Kedi Tırmalama Tahtası Çok Yönlü Kullanım Beyaz,"679,00"
"Naturbird Ahşap Köpek Çiti 100x60x70 Cm Köpek Oyun Alanı, Evcil Hayvan Oyun Alanı, Köpek Çiti, Tavşan Çiti","5.099,00"
Rotipet Karton Kedi Tırmalaması 45x4x24cm,"149,00"
Brit Care Hypo-Allergenic Üriner Sistem Sağlığı için Tahılsız Kısırlaştırılmış Kedi Maması 2kg,"1.045,00"
Reyo Kedi Evi Dış Ortam Uygun Ahşap Kedi Evi OSB 44x36x32 cm MLD0CAT43,"899,00"
Brit Care Sustainable Sensitive Larvalı ve Balıklı 12 kg Yetişkin Köpek Maması,"3.849,00"
Reflex Care Evcil Hayvanlar için Çok Amaçlı Temizleme Havlusu 50'li,"69,90"
Brit Care Sterilised Weight Control Ördekli 7 kg Kısırlaştırılmış Yetişkin Kedi Maması,"2.699,00"
Inaba Ciao Churu Bites Tavuk Sargılı Ton Balıklı 3x10 gr Kedi Ödül Maması,"130,00"
Zampa Natürel Burgu Çubuk Sticks Kemik Köpek Ödülü 10 lu 5g,"55,00"
Reyo Pet Sekizgen Kedi Tırmalama Platformu Yeşil,"249,00"
Naturbird Kapı Önü Ayarlanabilir Ahşap Köpek Çiti (Çit Arası 5 cm),"2.099,00"
Inaba Ciao Churu Somonlu ve Tavuklu Tamamlayıcı Köpek Ödül Maması 8 x 20 Gr,"249,00"
Inaba Ciao Churu Ton Balıklı ve Tavuklu Tamamlayıcı Köpek Ödül Maması 8 x 20 Gr,"249,00"
Inaba Twins Tavuklu Kedi Ödül Jölesi 2 x 35 Gr,"129,00"
"Reyo Pet OSB Ahşap Kedi Evi Çift Bölmeli, Dış Mekan Kullanıma Uygun CaT50","1.459,00"
"Tasaryum Kedi Köpek Kalorifer Yatağı, Hamak, Kedi Yatağı Krem","799,00"
"Tasaryum Kedi Köpek Kalorifer Yatağı, Hamak, Radyatör Kedi Yatağı Kahverengi","799,00"
"Tasaryum Kedi Köpek Kalorifer Yatağı, Hamak Kedi Yatağı Antrasit","799,00"
"Tasaryum Kedi Köpek Kalorifer Yatağı, Hamak, Kedi Yatağı Gri","799,00"
Tasaryum El Örgüsü Kedi Evi Yumuşak Kedi Yataklı Kedi Yuvası Gri,"799,00"
"Tasaryum El Örgüsü iskandinav Kedi Yuvası, Yumuşak Minderli Kedi Evi Bej","799,00"
"Tasaryum El Örgüsü İskandinav Kedi Yuvası, Yumuşak Yataklı Kedi Evi Kahverengi","799,00"
Tasaryum El Örgüsü İskandinav Kedi Yuvası Yatağı Kedi Evi Yumuşak Yataklı Antrasit,"679,00"
Tasaryum Kedi ve Köpek El Örgüsü Vantuzlu Cam Yatağı Kedi Hamağı Puf MinderliKrem,"799,00"
"Tasaryum Kedi ve Köpek El Örgüsü Vantuzlu Cam Yatağı, Kedi Hamağı Gri","799,00"
"Tasaryum Kedi ve Köpek El Örgüsü Vantuzlu Cam Yatağı, Kedi Hamağı Kahve","799,00"
"Tasaryum Kedi ve Köpek El Örgüsü Vantuzlu Cam Yatağı, Kedi Hamağı Antrasit","799,00"
Tasaryum Kedi ve Köpek El Örgüsü Vantuzlu Cam Yatağı Hamak Krem,"799,00"
Tasaryum Kedi ve Köpek El Örgüsü Vantuzlu Cam Yatağı Hamak Gri,"799,00"
Tasaryum Kedi ve Köpek El Örgüsü Vantuzlu Cam Yatağı Kedi Hamağı Puf MinderliAntrasit,"799,00"
Tasaryum Kedi ve Köpek El Örgüsü Vantuzlu Cam Yatağı Kedi Hamağı Puf Minderli Kahve,"799,00"
Tasaryum Kedi ve Köpek El Örgüsü İskandinav Kedi Yuvası Kahve,"799,00"
Tasaryum Kedi ve Köpek Evi El Örgüsü Yatağı Kedi Yuvası Antrasit,"799,00"
"Tasaryum Kedi ve Köpek El Örgüsü Yatağı, Kedi Yuvası Kedi Evi Gri","799,00"
"Tasaryum Kedi ve Köpek İskandinav El Örgüsü Kedi Yatağı, Kedi Yuvası Krem","799,00"
"Tasaryum Çift Katlı Kedi Yatağı Kedi Ranzası, İskandinav Kedi Evi Kahverengi","1.799,00"
"Tasaryum Çift Katlı Kedi Yatağı Kedi Ranzası, İskandinav Kedi Evi Bej","1.749,00"
"Tasaryum Çift Katlı Kedi Yatağı Kedi Ranzası, İskandinav Kedi Evi Gri","1.799,00"
"Tasaryum Çift Katlı Kedi Yatağı Kedi Ranzası, İskandinav Kedi Evi Antrasit","1.799,00"
"Tasaryum El Örgüsü Kedi ve Köpek Vantuzlu Cam Yatağı, Hamak Krem","799,00"
"Tasaryum El Örgüsü Kedi ve Köpek Vantuzlu Cam Yatağı, Kedi Hamağı Puf Minderli Antrasit","679,00"
"Tasaryum El Örgüsü Kedi ve Köpek Vantuzlu Cam Yatağı, İskandinav Kedi Hamağı Puf Minderli Kahverengi","799,00"
"Tasaryum El Örgüsü Kedi ve Köpek Vantuzlu Cam Yatağı, Kedi Hamağı Puf Minderli Gri","799,00"
"Tasaryum Kedi Köpek Kalorifer Yatağı, Kedi Hamağı, Radyatör Yatağı Kahve","799,00"
"Tasaryum Kedi Köpek Kalorifer Yatağı, Kedi Hamağı, Puf Minderli Radyatör Yatağı Krem","799,00"
"Tasaryum Kedi Köpek Kalorifer Yatağı, Kedi Hamağı, Puf Minderli Radyatör Yatağı Füme","799,00"
"Tasaryum Kedi Köpek Kalorifer Yatağı, Kedi Hamak, Puf Minderli Radyatör Yatağı AçıkGri","799,00"
"Tasaryum Kedi ve Köpek Vantuzlu Cam Yatağı, Kedi Hamağı, Kedi Yatağı Puf Minderli Krem","799,00"
"Tasaryum Kedi ve Köpek Vantuzlu Cam Yatağı, Kedi Hamağı, Kedi Yatağı Puf Minderli Kahverengi","799,00"
"Tasaryum Kedi ve Köpek Vantuzlu Cam Yatağı, Kedi Hamağı, Kedi Yatağı Puf Minderli Antrasit","799,00"
"Tasaryum Kedi ve Köpek Vantuzlu Cam Yatağı, Kedi Hamağı Kedi Yatağı Puf MinderliGri","799,00"
Reyo Pet Lüxperi Bombeli Kedi Ranzası 2 Katlı Kedi Yatağı Krem,"1.699,00"
"Lotus Pet Design Üç Basamaklı, Demonte Kedi - Köpek Merdiveni","1.570,66"
Lotus Pet Design Işıklı Palmiye Kedi Tırmalaması,"5.385,12"
Lotus Pet Design Havuç Tırmalama Tahtası Kedi Tırmalama Tahtası,"2.468,18"
Lotus Pet Design Torino Tırmalamalı Kedi Evi Kahve,"5.160,74"
Lotus Pet Design Torino Tırmalamalı Kedi Evi Siyah,"5.160,74"
Lotus Pet Design Torino Tırmalamalı Kedi Evi Naturel,"5.160,74"
Lotus Pet Design Tırmalamalı Kedi Evi Kedi Oyun Evi Kahve,"3.545,20"
Lotus Pet Design Tırmalamalı Kedi Evi Kedi Oyun Evi Gri,"3.545,20"
Lotus Pet Design Tırmalamalı Kedi Evi Kedi Oyun Evi Bal,"3.545,20"
Brave Paws Anti Hairball 100 gr Kedi Macunu,"259,00"
Brave Paws Calming Aid 100 gr Kedi Macunu,"259,00"
Reyo Dekorapet Dekoratif Kedi Tuvaleti Beyaz,"2.499,00"
Reyo Dekorapet Dekoratif Kedi Tuvaleti Kahverengi,"2.499,00"
Reyo Dekorapet Dekoratif Kedi Tuvaleti Siyah,"2.499,00"
Reyo Dış Mekan Kedi Evi Isı Yalıtımlı Su ve Rüzgar Geçirmez Kedi Barınağı Yeşil,"1.699,00"
Reyo Dış Mekan Kedi Evi Isı Yalıtımlı Su ve Rüzgar Geçirmez Kedi Barınağı Kahverengi,"1.699,00"
Brave Paws Deri Ve Tüy Desteği İçin Kedi Macunu,"299,00"
Brave Paws Yavru Köpekler İçin Gelişim Destekleyici Multivitamin,"329,00"
Brave Paws Köpekler İçin Gelişim Destekleyici Multivitamin,"329,00"
Cook Kaka Torbası Taşıma Aparatı 30'lu Torba Hediyeli Mavi,"99,00"
Cook Kaka Torbası Taşıma Aparatı 30'lu Torba Hediyeli Yeşil,"99,00"
Reyo Kedi Yuvası Yağmura Ve Soğuğa Dayanıklı Osb Kedi Evi (DENİZ TUTKALLI) Monteli Teslimat Cat30,"899,00"
"Tasaryum XL Peluş Puf - 2'si 1 Arada Makyaj Taburesi ve Konforlu Kedi Yatağı, Kedi Ranzası - Açık Gri","2.200,00"
"Tasaryum XL Peluş Puf - 2'si 1 Arada Makyaj Taburesi ve Konforlu Kedi Yatağı, Kedi Ranzası - Kahverengi","2.200,00"
"Tasaryum XL Peluş Puf - 2'si 1 Arada Makyaj Taburesi ve Konforlu Kedi Yatağı, Kedi Ranzası - Füme","2.200,00"
"Tasaryum XL Peluş Puf - 2'si 1 Arada Makyaj Taburesi ve Konforlu Kedi Yatağı, Kedi Ranzası - Krem","2.200,00"
"Tasaryum Peluş Oval Puf - 2'si 1 Arada Makyaj Taburesi ve Konforlu Kedi Yatağı, Kedi Ranzası - Krem","1.799,00"
"Tasaryum Peluş Oval Puf - 2'si 1 Arada Makyaj Taburesi ve Konforlu Kedi Yatağı, Kedi Ranzası - Füme","1.799,00"
"Tasaryum Peluş Oval Puf - 2'si 1 Arada Makyaj Taburesi ve Konforlu Kedi Yatağı, Kedi Ranzası - Açık Gri","1.799,00"
Rotipet Theta Karton Kedi Tırmalaması Ceviz Small,"649,00"
"Tasaryum Peluş Oval Puf - 2'si 1 Arada Makyaj Taburesi ve Konforlu Kedi Yatağı, Kedi Ranzası - Kahverengi","1.799,00"
"Notty En Büyük Otomatik Kedi Tuvaleti – Akıllı Kedi Kumu Kabı, Geniş Hazneli, Distribütör Garantili","25.999,00"
Reyo Neakasa Uyumlu Otomatik Kedi Tuvaleti Yedek Çöp Poşeti 30'lu 69x43 cm – Büyük Boy Dayanıklı İç Torba,"499,00"
"Haegs Araç Bagaj Örtüsü, Evcil Hayvan Köpek Bagaj Koruma Kılıfı, SUV, Sedan, Pickup Panelvan Bagaj Havuzu, Araba için Su Geçirmez Bagaj Koruyucu Kılıf Örtü Mat- Small - Gri","1.900,00"
"Haegs Araç Bagaj Örtüsü, Evcil Hayvan Köpek Bagaj Koruma Kılıfı, SUV, Sedan, Pickup Panelvan Bagaj Havuzu, Araba için Su Geçirmez Bagaj Koruyucu Kılıf Örtü Mat- Small - Siyah","1.900,00"
"Haegs Araç Bagaj Örtüsü, Evcil Hayvan Köpek Bagaj Koruma Kılıfı , SUV, Sedan, Pickup Panelvan Bagaj Havuzu, Araba için Su Geçirmez Bagaj Koruyucu Kılıf Örtü Mat- Large - Gri","2.100,00"
"Haegs Araç Bagaj Örtüsü, Evcil Hayvan Köpek Bagaj Koruma Kılıfı , SUV, Sedan, Pickup Panelvan Bagaj Havuzu, Araba için Su Geçirmez Bagaj Koruyucu Kılıf Örtü Mat- Large - Siyah","2.100,00"
"Haegs Araç Konsol Üstü Köpek Koltuğu, Köpek Taşıma Çantası, Küçük Köpekler İçin Taşınabilir Köpek Yatağı, Kol Dayama Yeri Olan, Yumuşak Minderli, Evcil Hayvan Araba Koltuğu, Gri - Kırmızı","2.099,00"
"Haegs Araç Konsol Üstü Köpek Koltuğu, Köpek Taşıma Çantası, Küçük Köpekler İçin Taşınabilir Köpek Yatağı, Kol Dayama Yeri Olan, Yumuşak Minderli, Evcil Hayvan Araba Koltuğu, Gri - Gri","2.099,00"
"Haegs Araç Konsol Üstü Köpek Koltuğu, Köpek Taşıma Çantası, Küçük Köpekler İçin Taşınabilir Köpek Yatağı, Kol Dayama Yeri Olan, Yumuşak Minderli, Evcil Hayvan Araba Koltuğu, Siyah - Kırmızı","2.099,00"
"Haegs Araç Konsol Üstü Köpek Koltuğu, Köpek Taşıma Çantası, Küçük Köpekler İçin Taşınabilir Köpek Yatağı, Kol Dayama Yeri Olan, Yumuşak Minderli, Evcil Hayvan Araba Koltuğu, Siyah - Gri","2.099,00"
"Haegs Evcil Hayvan için Araba Koltuk Kılıfı, Oto Köpek Koltuk Örtüsü, Su Geçirmez Hamak 600D Ağır Hizmet Tipi Çizilmeye Dayanıklı Kaymaz Bagaj Köpek Örtüsü Araba Pickup ve Suvlar için - Siyah","2.299,00"
"Haegs Evcil Hayvan Ön Koltuk Kılıfı - Araç Köpek Koltuk Koruma Örtüsü, Yan Kanatlı, Kaymaz, Ağır Hizmet Tipi, Su Geçirmez Koltuk Koruyucu Kılıf - Gri","1.299,00"
Reflex Plus Licky Lick Sıvı Kedi Ödül Maması 15 gr,"10,00"
Reflex Care Evcil Hayvanlar için Çok Amaçlı Temizleme Havlusu 50'li X 6 Adet,"549,00"
"Reyo OK-AY Store Radessa XL Yüksek Standlı Çift Hazneli Mama ve Su Kabı, Büyük ve Orta Boy Köpek ve Kedi Su Kabı Paslanmaz Çelik Krem","2.499,00"
"Reyo OK-AY Store Radessa XL Yüksek Standlı Çift Hazneli Mama ve Su Kabı, Büyük ve Orta Boy Köpek ve Kedi Su Kabı Paslanmaz Çelik Gri","2.499,00"
"Reyo OK-AY Store Radessa XL Yüksek Standlı Çift Hazneli Mama ve Su Kabı, Büyük ve Orta Boy Köpek ve Kedi Su Kabı Paslanmaz Çelik Siyah","2.499,00"
"Reyo OK-AY Store Radessa XL Yüksek Standlı Çift Hazneli Mama ve Su Kabı, Büyük ve Orta Boy Köpek ve Kedi Su Kabı Paslanmaz Çelik Beyaz","2.499,00"
Reyo OK-AY Store Aybisev Büyük ve Orta Boy Köpekler İçin Ayarlanabilir 3 Yükseklikli Paslanmaz Çelik Mama ve Su Kabı Standı Siyah-Ceviz,"1.699,00"
Reyo OK-AY Store Aybisev Büyük ve Orta Boy Köpekler İçin Ayarlanabilir 3 Yükseklikli Paslanmaz Çelik Mama ve Su Kabı Standı Siyah-Siyah,"1.699,00"
Reyo OK-AY Store Aybisev Büyük ve Orta Boy Köpekler İçin Ayarlanabilir 3 Yükseklikli Paslanmaz Çelik Mama ve Su Kabı Standı Siyah-Beyaz,"1.699,00"
Reyo OK-AY Store Aybisev Büyük ve Orta Boy Köpekler İçin Ayarlanabilir 3 Yükseklikli Paslanmaz Çelik Mama ve Su Kabı Standı Gri-Siyah,"1.699,00"
Reyo OK-AY Store Aybisev Büyük ve Orta Boy Köpekler İçin Ayarlanabilir 3 Yükseklikli Paslanmaz Çelik Mama ve Su Kabı Standı Gri-Beyaz,"1.699,00"
Reyo OK-AY Store Aybisev Büyük ve Orta Boy Köpekler İçin Ayarlanabilir 3 Yükseklikli Paslanmaz Çelik Mama ve Su Kabı Standı Gri-Ceviz,"1.699,00"
"Reyo OK-AY Store Zorvia Paslanmaz Çelik Kedi Köpek Mama ve Su Kabı Standı, %10 Eğimli, Ergonomik, Yükseltilmiş Sağlıklı Beslenme, Siyah-Siyah","999,00"
"Reyo OK-AY Store Zorvia Paslanmaz Çelik Kedi Köpek Mama ve Su Kabı Standı, %10 Eğimli, Ergonomik, Yükseltilmiş Sağlıklı Beslenme, Siyah-Beyaz","999,00"
"Reyo OK-AY Store Zorvia Paslanmaz Çelik Kedi Köpek Mama ve Su Kabı Standı, %10 Eğimli, Ergonomik, Yükseltilmiş Sağlıklı Beslenme, Siyah-Ceviz","999,00"
"Reyo OK-AY Store Yükseltilmiş Kedi ve Küçük Irk Köpek Mama Kabı 3'lü Paslanmaz Çelik Yüzde 10 Eğimli Mama ve Su Standı, Siyah","999,00"
"Reyo OK-AY Store Yükseltilmiş Kedi ve Küçük Irk Köpek Mama Kabı 3'lü Paslanmaz Çelik Yüzde 10 Eğimli Mama ve Su Standı, Beyaz","999,00"
"Reyo OK-AY Store Yükseltilmiş Kedi ve Küçük Irk Köpek Mama Kabı 3'lü Paslanmaz Çelik Yüzde 10 Eğimli Mama ve Su Standı, Ceviz","999,00"
Reyo OK-AY Store Büyük Boy Şık Ahşap Mama Standı Çelik Kaseli Yükseltilmiş Kedi ve Köpek Mama Su Kabı Ceviz-Siyah,"1.049,00"
Reyo OK-AY Store Büyük Boy Şık Ahşap Mama Standı Çelik Kaseli Yükseltilmiş Kedi ve Köpek Mama Su Kabı Ceviz-Beyaz,"1.049,00"
"Reyo OK-AY Store Arvenna Premium Kedi ve Köpek Mama Standı Paslanmaz Çelik Kase, Kaymaz Tabanlı Siyah-Beyaz","1.199,00"
"Reyo OK-AY Store Arvenna Premium Kedi ve Köpek Mama Standı Paslanmaz Çelik Kase, Kaymaz Tabanlı Siyah-Siyah","1.199,00"
"Reyo OK-AY Store Arvenna Premium Kedi ve Köpek Mama Standı Paslanmaz Çelik Kase, Kaymaz Tabanlı Siyah-Ceviz","1.199,00"
Reyo OK-AY Store Kedi ve Köpekler İçin 3'lü Paslanmaz Çelik Kase ile Ahşap Mama Standı Su Kabı,"999,00"
Reyo OK-AY Store Silvara Modern Ahşap Kedi ve Köpek Mama Standı Paslanmaz Çelik Kaseli Mama ve Su Kabı Beyaz,"1.299,00"
Reyo OK-AY Store Silvara Modern Ahşap Kedi ve Köpek Mama Standı Paslanmaz Çelik Kaseli Mama ve Su Kabı Krem,"1.299,00"
Reyo OK-AY Store Silvara Modern Ahşap Kedi ve Köpek Mama Standı Paslanmaz Çelik Kaseli Mama ve Su Kabı Siyah,"1.299,00"
Reyo OK-AY Store Lunara Modern Ahşap Demonte Kedi ve Köpek Mama Standı 2'li Paslanmaz Çelik Kaseli Beyaz,"1.649,00"
Reyo OK-AY Store Lunara Modern Ahşap Demonte Kedi ve Köpek Mama Standı 2'li Paslanmaz Çelik Kaseli Krem,"1.649,00"
Reyo OK-AY Store Lunara Modern Ahşap Demonte Kedi ve Köpek Mama Standı 2'li Paslanmaz Çelik Kaseli Siyah,"1.649,00"
Reyo OK-AY Store Veynor Modern Ahşap Demonte Kedi Köpek Mama Standı 2'li Paslanmaz Çelik Kaseli Mama ve Su Standı Beyaz,"1.649,00"
Reyo OK-AY Store Veynor Modern Ahşap Demonte Kedi Köpek Mama Standı 2'li Paslanmaz Çelik Kaseli Mama ve Su Standı Siyah,"1.649,00"
"Reyo OK-AY Store Morvenn Yüzde 10 Eğimli XL Kedi Köpek Mama ve Su Standı Paslanmaz Çelik Kaplı, Ahşap Metal Yükseltilmiş Mama Kabı Siyah","1.899,00"
Reyo OK-AY Store Exclusive Işıklı Beta Akvaryum ve Fanus Modern Tasarım LED Aydınlatmalı Modern Temalı Fanus Siyah-Siyah,"5.299,00"
Reyo OK-AY Store Exclusive Işıklı Beta Akvaryum ve Fanus Modern Tasarım LED Aydınlatmalı Modern Temalı Fanus Siyah-Beyaz,"5.299,00"
Reyo OK-AY Store Exclusive Işıklı Beta Akvaryum ve Fanus Modern Tasarım LED Aydınlatmalı Modern Temalı Fanus Siyah-Ceviz,"5.299,00"
Reyo OK-AY Store Exclusive Işıklı Beta Akvaryum ve Fanus Modern Tasarım LED Aydınlatmalı Modern Temalı Fanus Gold-Krem,"5.299,00"
Reyo OK-AY Store Exclusive Işıklı Beta Akvaryum ve Fanus Modern Tasarım LED Aydınlatmalı Modern Temalı Fanus Gold-Beyaz,"5.299,00"
Reyo OK-AY Store Düz Raflı Işıklı Lüks Cam Fanus İçinde Beta Balığı İçin Özel Tasarım Masa Üstü Dekoratif Akvaryum Siyah-Siyah,"4.499,00"
Reyo OK-AY Store Düz Raflı Işıklı Lüks Cam Fanus İçinde Beta Balığı İçin Özel Tasarım Masa Üstü Dekoratif Akvaryum Siyah-Krem,"4.499,00"
Reyo OK-AY Store Düz Raflı Işıklı Lüks Cam Fanus İçinde Beta Balığı İçin Özel Tasarım Masa Üstü Dekoratif Akvaryum Siyah-Beyaz,"4.499,00"
Reyo OK-AY Store Düz Raflı Işıklı Lüks Cam Fanus İçinde Beta Balığı İçin Özel Tasarım Masa Üstü Dekoratif Akvaryum Gold-Siyah,"4.499,00"
Reyo OK-AY Store Düz Raflı Işıklı Lüks Cam Fanus İçinde Beta Balığı İçin Özel Tasarım Masa Üstü Dekoratif Akvaryum Gold-Krem,"4.499,00"
Reyo OK-AY Store Düz Raflı Işıklı Lüks Cam Fanus İçinde Beta Balığı İçin Özel Tasarım Masa Üstü Dekoratif Akvaryum Gold-Beyaz,"4.499,00"
"Reyo OK-AY Store Exclusive LED Işıklı Beta Akvaryumu Modern ve Lüks Cam Fanus, Masaüstü Dekoratif Aksesuar Fanus","4.499,00"
Reyo OK-AY Store Beta Balığı İçin Ahşap Mini Akvaryum Modern Şık Doğal Minimal Tasarım Akvaryum Krem,"1.699,00"
Reyo OK-AY Store Beta Balığı İçin Ahşap Mini Akvaryum Modern Şık Doğal Minimal Tasarım Akvaryum Beyaz,"1.699,00"
Reyo OK-AY Store Beta Balığı İçin Ahşap Mini Akvaryum Modern Şık Doğal Minimal Tasarım Akvaryum Siyah,"1.699,00"
Brave Paws Plastik Fileli Piramit Model Yıkanabilir Kedi ve Köpek Çantası Mor,"1.199,00"
Reflex Care Nergis Kokulu Kedi ve Köpekler İçin Temizleme Mendili 50li,"65,00"
"Reflex Care Evcil Hayvanlar İçin Hijyenik Temizleme Mendili 3'lü 50'li Karışık Koku Seti Pudra, Nergis, Alaçatı","229,00"
Husqvarna 120 Mark II Benzinli Ağaç Kesme Makinesi,"10.999,00"
Soyberg 250 E 250 Amper Çanta Kaynak Makinesi,"4.500,00"
Port-Bag DP.01 Profesyonel Duvar Paneli Seti 43 Parça Avandalık,"1.399,00"
Lavor One R Plus 130 Yıkama Makinesi,"3.250,00"
Ikra Flexo Fem 1500 W Elektrikli Çapa Makinesi,"10.250,00"
Yeşil HS500 220v 500kg/s Helezonlu Şıra Makinası Üzüm Sıkma Makinası,"73.500,00"
Port-Bag PP08 Poly 4 Çekmeceli Taşınabilir Aksesuar Organizer Seti,"949,00"
Reyo 1/2'' Örgülü Premium Şeffaf Bahçe Hortumu 25 Metre,"1.490,00"
Claber 8410 Aquadue Duplo Evolution İki Çıkışlı Sulama Zamanlayıcı,"7.400,00"
Claber 9028 Mini Hortum Seti 10mt,"1.950,00"
Ferrino Blower 3W Benzinli Motorlu Yaprak Üfleme Makinesi 3.0hp,"8.999,00"
Ikra IGH 2800 Elektrik Motorlu Dal Öğütme Makinesi,"9.200,00"
Soyberg 250 EŞ Şarjlı Kaynak Makinesi,"4.950,00"
Soyberg 122 Rende Tipi Şartelli Dijital Göstergeli Akü Test Cihazı,"5.200,00"
Soyberg 250 A Çanta Kaynak Makinesi,"4.950,00"
Soyberg S-1220 Otomatik Akü Şarj Cihazı,"4.500,00"
Soyberg 160A Pro İnverter Kaynak Makinası,"6.200,00"
Soyberg MOT-1 Akü Test Cihazı,"4.499,00"
ACTIVE 454042 4.5 B MOTORLU TIRPAN YAN TİP,"24.000,00"
Ferrino Pro 555Y Turbo Motorlu Yan Tırpan,"9.500,00"
Ferrino Pro555S Turbo Motorlu Sırt Tırpan,"11.500,00"
Ikra IBKH 33-1 Çok Amaçlı Tırpan ve Bahçe Seti,"13.650,00"
"Teammax TMM620 Çok Amaçlı Tırpan 2,85hp","10.400,00"
ACTIVE 1454002 - 4.5 BT Motorlu Yan Tip Tırpan,"25.000,00"
ACTIVE 1450002 - 4.5 B Motorlu Yan Tip Tırpan,"24.000,00"
ACTIVE 1654002 - 6.5 BT Motorlu Yan Tip Tırpan,"53.000,00"
ACTIVE 1550002 - 5.5 B Motorlu Yan Tip Tırpan,"39.999,00"
ACTIVE 1500008 - ST50 BT EURO5 Motorlu Bisiklet Kollu Tırpan,"42.000,00"
AL-KO 113.691 - BC 223 L-S Benzin Motorlu Yan Tip Eğik Şaftlı Tırpan,"8.250,00"
AL-KO 113.784 - Comfort BC 400 B Motorlu Yan Tip Tırpan,"8.999,00"
Claber 8921 Kiros Hortum Makarası 40M,"1.599,00"
Claber 9031 10 mt Balkon Hortumu,"1.899,00"
Claber 8696 Rotoroll 20 m Hortumlu Hortum Makarası,"8.799,00"
Claber 8054 Oasis Otomatik Saksi Sulama Sistemi,"4.999,00"
Claber 8412 Aquauno Video-2 Plus Su Zamanlayıcısı,"4.399,00"
Claber 8705 Pulsar Sistem 3/4,"779,00"
Claber 8422 Aquauno Logıca Tımer Sulama Zamanlayıcısı,"3.550,00"
Claber 8697 Rotoroll Evolution Otomatik Sarma 30 mt Hortum Makarası,"12.250,00"
Claber 9032 Mini-Set Garden Hortum Makarası,"1.499,00"
Claber 90772 Terrazzo Drıp Kıt Damlama Sulama Seti 25 Metre,"5.149,00"
Claber 8940 Aquaviva 60 Hortum Sarma Makarası,"2.099,00"
Claber 8945 Kiros Kit Hortum Makarası,"3.850,00"
"Port-Bag CP02 Compacto 20"" Takım Çantası","989,00"
Port-Bag CM02 22'' Metal Gövdeli Takım Çantası,"1.699,00"
SGS PLUS SGS5528 AKÜLÜ VİDALAMA ŞARJLI MATKAP 45 Nm 20 VOLT 2x2.0 Ah,"2.950,00"
Sgs 5520 Akülü Darbeli Kırıcı Delici Seti 20 Volt - 4 Amper,"6.900,00"
Sgs Plus 5400 1800 W Yüksek Basınçlı Yıkama Makinesi,"4.900,00"
Sgs 5185 Sunta Kesme Makinası 1500WATT 185 mm,"2.425,00"
Sgs 5255 310 W Kesici Raspalama ve Zımpara Makinesi,"1.899,00"
Sgs 5140 Profesyonel Darbesiz Elektrikli Matkap 500 Watt,"999,00"
Dualpest AN-A325 Elektromanyetik ve Ultrasonik Örümcek Pire Kovucu,"850,00"
"Dualpest AN-A633 Ultrasonik Fare, Haşere, Sinek, Böcek Kovucu","1.599,00"
Dualpest An-b010 Elektromanyetik Yabani Hayvan Kovucu,"1.660,00"
Dualpest AN-B019 + AN-B119 Fare Haşere Kovucu,"2.979,00"
Dualpest AN-B019 Ultrasonik Fare Haşere Sinek Böcek Kovucu,"1.299,00"
Dualpest AN-C900 Ultraviyole Sivrisinek Kovucu - Sinek Öldürücü - Usb Girişli,"929,00"
Insafe ISC806KEY Şifreli Anahtar Kasası Siyah,"1.329,00"
İnsafe ISCYFC20 Büyük Boy Bozuk Para Kasası - Değerli Eşya ve Mücevher Kasası,"889,00"
Therabody Theragun Sense 2. Jenerasyon Perküsif Masaj Cihazı,"18.200,00"
Therabody Theragun Relief Mat Siyah,"9.200,00"
Therabody Theragun Mini Plus,"16.400,00"
Avyna Nioli Suyu Cilt Toniği Ve Çamaşır Spreyi 100 ml,"249,00"
Avyna Biberiye Suyu Dökülme Karşıtı ve Saç Uzamasını Destekleyici 100 ml Saç Toniği %100 Doğal ve Saf,"249,00"
Tartı Fast Vücut Analiz Cihazı - Adaptörlü,"99.900,00"
Tanita Bc 730 Vücut Analiz Baskülü Beyaz,"5.299,00"
Fantom Jolie HS1500 Hava Üflemeli İyon Etkili Islak&Kuru Saç Düzleştirici Mint Yeşili,"7.149,00"
Philips QP2724/10 Oneblade Yüz Şekillendirici,"1.329,00"
Tanita Bc 730 Vücut Analiz Baskülü Siyah,"4.999,00"
Philips OneBlade QP630/51 3'lü Yedek Bıçak,"1.198,00"
Philips MG7930/15 Series 7000  All-in-One Trimmer Tıraş Makinesi,"2.999,00"
Tangle Teezer Original Mini Unicorn Multi Çocuk Saç Fırçası,"769,00"
Therabody Theragun Relief Navy,"9.200,00"
Philips BHD510/00 5000 Series Saç Kurutma Makinesi - OUTLET,"3.599,00"
Avyna Nioli Uçucu Yağı 10 ml %100 Saf ve Doğal,"319,00"
Tanita Bc 730 Vücut Analiz Baskülü Pembe,"4.999,00"
TheraBody TheraFace Depuffing Wand Şişkinlik Giderici Çubuk,"13.900,00"
Theragun Mini 3. Jenerasyon,"13.500,00"
Therabody ThermBack LED 4'ü 1 Arada Sırt Bel Masaj Aleti,"16.400,00"
Therabody Theragun Prime Plus,"25.200,00"
Therabody SmartGoggles 2. Jenerasyon,"12.700,00"
Philips MG5940/15 Series 5000  All-in-One Trimmer Tıraş Makinesi,"2.649,00"
Tanita Bc 730 Vücut Analiz Baskülü Yeşil,"4.999,00"
Avyna Saç Maskesi Yağı 30 ml Cam Şişede %100 Saf Ve Doğal,"329,00"
Avyna Çatlak Karşıtı Masaj Yağı 30 ml Cam Şişede %100 Doğal Selülit Karşıtı,"349,00"
Avyna Yüz Yogası Yağı 30 ml Cam Şişede %100 Saf ve Doğal Yaşlanma ve Kırışıklık Karşıtı,"319,00"
Flameline ZDT 130 Elektrikli Plazma Şömine,"37.179,00"
Dlc DSF25 Ayaklı Dekoratif Elektrikli Şömine,"11.665,00"
Tashoven Pro 100 Taş Fırın Barbekü,"99.000,00"
Flameline Nada KRN70 2000 Watt Ses Efektli Elektrikli Şömine,"28.779,00"
Thermall T-20 Lora Kuzine Kovalı Fanlı Kat Kalorifer Sobas,"47.999,00"
Dlc WF2613S 1800 Watt Ses Efektli Bluetoothlu Dekoratif Elektrikli Şömine,"33.450,00"
Zesto Fuji Bahçe Şöminesi Kapak ve Izgaralı Barbekü Ateş Çukuru,"18.720,00"
Flameline ZDT-100 Elektrikli Şömine (100 cm),"29.979,00"
Flameline Gaze BSC130 2D Linear Elektrikli Şömine,"27.579,00"
Flameline ZDT-80 Kare Elektrikli Şömine (80 cm),"29.979,00"
Tashoven Pro 100 Yan Masa 72x62cm,"24.000,00"
Flameline Vasko VK130 2000 Watt Hazneli 3D Isıtmalı Elektrikli Şömine,"57.579,00"
Tashoven Pro 75 Taş Fırın Barbekü,"65.000,00"
Korflame Kormet 160S 2000 Watt Ses Efektli Isıtmalı Elektrikli Şömine,"38.900,00"
Korflame Camino Beyaz Bacasız Şömine Dekoratif Biyoetanol Şömine,"29.900,00"
Zesto Etna Taşınabilir Bahçe Şöminesi Ateş Çukuru,"5.479,00"
Flameline Gaze BSC180 2D Linear Elektrikli Şömine,"35.979,00"
Thermall T-25 Mimoza Mini Şömineli Kat Kalorifer Kazanı,"58.855,00"
Dlc 1198S 1800 Watt Bluetooth ve Ses Efektli Dekoratif Elektrikli Şömine,"37.250,00"
Dlc Ceningan 1800 Watt Mermer Desen Bluetooth ve Ses Efektli Dekoratif Elektrikli Şömine,"28.999,00"
Korflame Kormet 80S 2000 Watt Ses Efektli Isıtmalı Elektrikli Şömine,"27.900,00"
Flameline Cosa RZN90 2000W 3D Dekoratif Elektrikli Şömine,"49.179,00"
Dlc 1114 1800 W Gri Taşlı Beyaz Dekoratif Elektrikli Şömine,"29.558,00"
Flameline ZDT-160 Elektrikli Şömine (160 cm),"43.179,00"
Flameline ZDT-200 Elektrikli Şömine (200 cm),"47.979,00"
Flameline ZDT-240 Elektrikli Şömine (240 cm),"53.979,00"
Ribimex Cenerill 1000 W Elektrikli Şömine ve Soba Kül Süpürgesi,"5.249,00"
Tashoven Saplı Kül Fırçası,"2.250,00"
Tashoven Çengel Kor Küreği,"2.250,00"
Tashoven Metal Döndürme Küreği Fırıncı Küreği,"2.250,00"
Tashoven Gerçek Deri Askılı Cepli Kot Kumaş Şef Önlüğü,"1.500,00"
Tashoven First 60 - Pro 75 Su Geçirmez Koruma Kılıfı,"3.500,00"
Tashoven Pro 100 Su Geçirmez Koruma Kılıfı,"4.000,00"
Tashoven Paslanmaz Çelik Mangal Izgarası,"3.000,00"
Ribimex Cenehot Kırmızı Elektrikli Şömine Soba Kül Süpürgesi,"7.249,00"
Flameline Nada KRN100 2000 Watt Ses Efektli Elektrikli Şömine,"28.779,00"
Flameline Nada KRN155 2000 Watt Ses Efektli Elektrikli Şömine,"41.979,00"
Flameline Nada KRN180 2000 Watt Ses Efektli Elektrikli Şömine,"45.579,00"
Flameline Spark Eco 70 2D Elektrikli Şömine,"22.779,00"
Flameline Spark Eco 130 2D Elektrikli Şömine,"27.579,00"
Flameline Spark Eco 155 2D Elektrikli Şömine,"31.179,00"
Flameline Spark Eco 180 2D Elektrikli Şömine,"35.979,00"
Flameline Gaze BSC100 2D Linear Elektrikli Şömine,"22.779,00"
Flameline Gaze BSC155 2D Linear Elektrikli Şömine,"31.179,00"
Flameline Spark Eco100 2D Linear Serisi,"22.779,00"
Thermall T-15 Mira Kovalı Fanlı Kat Kalorifer Sobası,"40.450,00"
Thermall T-25 Manolya Dikey Şömine Fırınlı Kat Kalorifer Kazanı,"64.613,00"
Thermall T-25 Fulya Yatay Şömine Fırınlı Kat Kalorifer Kazanı,"70.725,00"
Thermall T-30 Poyraz Manuel Yüklemeli Katı Yakıtlı Iş Yeri Sobası,"54.550,00"
Tashoven 30x38 cm Fırın Taşı,"3.000,00"
Tashoven Büyük Fırın Küreği Pizza Küreği,"3.000,00"
Tashoven 50°-550° Pilli Lazer Termometre,"3.000,00"
Dlc 1160 Retro 1800 Watt Dekoratif Elektrikli Şömine,"38.550,00"
Dlc 1160S Retro 1800 Watt Bluetooth ve Ses Efektli Dekoratif Elektrikli Şömine,"38.950,00"
Dlc 1165S Ceningan Mermer Desen Bluetooth ve Ses Efektli Elektrikli Şömine,"28.999,00"
Dlc 1166 1800 Watt Dekoratif Elektrikli Şömine,"31.050,00"
Dlc 1166S 1800 Watt Bluetooth ve Ses Efektli Dekoratif Elektrikli Şömine,"31.450,00"
Dlc 1198 1800 Watt Taşlı Dekoratif Elektrikli Şömine,"36.950,00"
Dlc 1160 1800 Watt Dekoratif Elektrikli Şömine,"38.550,00"
Dlc Retro Beyaz 1800 Watt Bluetooth ve Ses Efektli Dekoratif Elektrikli Şömine,"37.250,00"
Dlc Retro 1800 Watt Taşlı Dekoratif Elektrikli Şömine,"36.950,00"
Dlc Alegre 1800 Watt Bluetooth ve Ses Efektli Dekoratif Elektrikli Şömine,"31.450,00"
Dlc Alegre 1800 Watt Dekoratif Elektrikli Şömine,"31.050,00"
Dlc 1114S 1800 W Gri Taşlı Beyaz Dekoratif Bluetooth ve Ses Efektli Elektrikli Şömine,"32.558,00"
Korflame Legno Siyah Dekoratif Bacasız Şömine Biyoetanol Şömine,"48.900,00"
Korflame Montagna Bacasız Şömine Dekoratif Biyoetanol Şömine,"44.900,00"
Korflame Petto Large Bacasız Şömine Dekoratif Biyoetanol Şömine,"34.900,00"
Korflame Tesoro Beyaz Bacasız Şömine Dekoratif Biyoetanol Şömine,"32.900,00"
Korflame Tesoro Siyah Bacasız Şömine Dekoratif Biyoetanol Şömine,"32.900,00"
Korflame Rettan Siyah Bacasız Şömine Dekoratif Biyoetanol Şömine,"26.900,00"
Korflame Angi Beyaz Bacasız Şömine Dekoratif Biyoetanol Şömine,"39.900,00"
Korflame Eyfel Kulesi Bacasız Şömine Dekoratif Biyoetanol Şömine,"21.900,00"
Korflame Guard 160cm Bacasız Şömine Dekoratif Biyoetanol Şömine,"24.900,00"
Korflame Guard 120cm Bacasız Şömine Dekoratif Biyoetanol Şömine,"19.900,00"
Korflame Supporto Beyaz Bacasız Şömine Dekoratif Biyoetanol Şömine,"29.900,00"
Korflame Supporto Siyah Bacasız Şömine Dekoratif Biyoetanol Şömine,"29.900,00"
Korflame Petto Beyaz Bacasız Şömine Dekoratif Biyoetanol Şömine,"29.900,00"
Korflame Cavallo Bacasız Şömine Dekoratif Biyoetanol Şömine,"24.900,00"
Dlc 1165 Ceningan 1800 Watt Mermer Desenli Dekoratif Elektrikli Şömine,"25.999,00"
Dlc Ceningan 1800 Watt Mermer Desenli Dekoratif Elektrikli Şömine,"25.999,00"
Guruss CG-050 Kömürlü Barbekü Mangal Tam Set Kırmızı-OUTLET,"17.000,00"
Dlc Köşe 1800 Watt Figürlü Dekoratif Elektrikli Şömine,"26.550,00"
Dlc Köşe 1800 Watt Figürlü Bluetooth ve Ses Efektli Dekoratif Elektrikli Şömine,"29.550,00"
Korflame Kormet 100S 2000 Watt Ses Efektli Isıtmalı Elektrikli Şömine,"29.900,00"
Korflame Kormet 130S 2000 Watt Ses Efektli Isıtmalı Elektrikli Şömine,"33.900,00"
Tashoven Isıya Dayanıklı Eldiven,"2.000,00"
Flameline Cosa RZN70 2000W 3D Dekoratif Elektrikli Şömine,"41.979,00"
Flameline Cosa RZN110 2000W 3D Dekoratif Elektrikli Şömine,"55.179,00"
Flameline Cosa RZN140 2000W 3D Dekoratif Elektrikli Şömine,"62.379,00"
Flameline Cosa RZN170 2000W 3D Dekoratif Elektrikli Şömine,"68.379,00"
Flameline Vasko VK60 2000 Watt Hazneli 3D Isıtmalı Elektrikli Şömine,"41.979,00"
Flameline Vasko VK80 2000 Watt Hazneli 3D Isıtmalı Elektrikli Şömine,"46.779,00"
Flameline Vasko VK180 2000 Watt Hazneli 3D Isıtmalı Elektrikli Şömine,"73.179,00"
Thermall T-20 Anadolu Üflemeli Fırınlı Kovalı Soba Kuzine,"19.390,00"
Grillmate Döküm Mangal Izgarası,"1.470,00"
Grillmate Basic 75 Kömürlü Barbekü Mangal,"16.999,00"
Invicta Brio Döküm Odun Sobası,"93.924,44"
Invicta Remilly Döküm Odun Sobası 6013-84,"37.749,28"
Invicta Chatel İthal Döküm Şömine Soba,"43.646,29"
Invicta Stimo Döküm Odun Sobası Döküm Soba 6101-44,"44.876,77"
Invicta Samara Döküm Odun Sobası,"50.156,39"
Ribimex Cenetop 1200 W Elektrikli Şömine ve Kül Süpürgesi,"7.249,00"
Zesto Loa Taşınabilir Bahça Şöminesi Ateş Çukuru,"5.360,00"
Zesto Maria Bahçe Şöminesi Ateş Çukuru,"66.700,00"
Zesto Mayon Bahçe Şöminesi Ateş Çukuru,"19.150,00"
Flameline Vasko VPK60 Isıtıcılı Buharlı Elektrikli Şömine,"41.989,00"
Flameline Vasko VPK80 Isıtıcılı Buharlı Elektrikli Şömine,"46.789,00"
Flameline Vasko VPK130 Isıtıcılı Buharlı Elektrikli Şömine Haznesi,"57.589,00"
Flameline Vasko VPK180 Isıtıcılı Buharlı Elektrikli Şömine,"73.189,00"
Ribimex Babycen Elektrikli Süpürge Şömine Ve Kül Süpürgesi,"4.249,00"
Volkan V-03 Fırınlı Kuzineli Şömine Soba,"34.420,00"
Flamestove Altara Lux Premium Üç Cam Çift Kapaklı Fırınlı Döküm Şömine Soba,"40.399,00"
Flamestove Altara Lux Üç Cam Çift Kapaklı Döküm Şömine Soba,"29.359,00"
Grillmate Gurme Döküm Izgara Mangal Izgarası,"1.650,00"
Grillmate GB60 Standlı Tekerlekli 60cm Kömürlü Barbekü Mangal,"14.250,00"
Zesto Santa Izgaralı Taşınabilir Bahçe Şöminesi Ateş Çukuru Barbekü Mangal,"13.359,00"
Invicta 6481-14 Brio Sur Pied 7 kw İthal Döküm Şömine Soba,"112.455,91"
Invicta Carolo 8 kw İthal Döküm Şömine Soba,"54.644,07"
Invicta Kazan Zen 9 kw İthal Döküm Şömine Soba,"96.247,47"
Invicta Kazan Grand Angle 9 kw İthal Döküm Şömine Soba,"93.396,48"
Invicta Kazan 9 kw İthal Döküm Şömine Soba,"85.318,66"
Invicta Ove 10 kw İthal Döküm Şömine Soba,"129.878,65"
Invicta Stimo 7 kw İthal Döküm Şömine Soba,"47.463,79"
Invicta Bradford Antrasit 9 kw İthal Döküm Şömine Soba,"83.154,02"
Invicta Bradford Kırmızı 9 kw İthal Döküm Şömine Soba,"114.145,39"
Invicta Bradford Krem 9 kw İthal Döküm Şömine Soba,"114.145,39"
Invicta Alma 12 kw İthal Döküm Şömine Soba,"72.858,76"
Invicta Altea 8 kw İthal Döküm Şömine Soba,"60.715,63"
Invicta Samara 6 kw İthal Döküm Şömine Soba,"52.004,25"
Invicta Siam 12 kw İthal Döküm Şömine Soba,"71.274,87"
Invicta Vosges 8 kw İthal Döküm Şömine Soba,"54.644,07"
Invicta Norik 6 kw İthal Döküm Şömine Soba,"58.656,58"
Invicta Seville-2 Kırmızı 7 kw İthal Döküm Şömine Soba,"85.001,88"
Invicta Seville-2 Krem 7 kw İthal Döküm Şömine Soba,"85.001,88"
Invicta Chamane 14 kw İthal Döküm Şömine Soba,"86.321,79"
Invicta Aratos 8 kw İthal Döküm Şömine Soba,"76.888,90"
Invicta Alcor 6 kw İthal Döküm Şömine Soba,"168.947,84"
Invicta Sedan S Antrasit 5 kw İthal Döküm Şömine Soba,"59.923,68"
Invicta Sedan S Gri 5 kw İthal Döküm Şömine Soba,"93.502,07"
Invicta Sedan S Kırmızı 5 kw İthal Döküm Şömine Soba,"93.502,07"
Invicta Sedan S Krem 5 kw İthal Döküm Şömine Soba,"93.502,07"
Invicta Sedan M Antrasit 10 kw İthal Döküm Şömine Soba,"69.004,64"
Invicta Sedan M Kırmızı 10 kw İthal Döküm Şömine Soba,"101.738,28"
Invicta Sedan M Krem 10 kw İthal Döküm Şömine Soba,"101.738,28"
Invicta Sedan L Antrasit 12 kw İthal Döküm Şömine Soba,"84.262,74"
Invicta Mandor 8-18 kw İthal Döküm Şömine Soba,"83.681,97"
Invicta Balami (Rémilly) 7 kw İthal Döküm Şömine Soba,"40.230,70"
Invicta Chatel 8 kw İthal Döküm Şömine Soba,"46.724,64"
Invicta Cassine 10 kw İthal Döküm Şömine Soba,"60.715,63"
Invicta Gomont 12 kw İthal Döküm Şömine Soba,"71.964,06"
Invicta Mesnil 8 kw İthal Döküm Şömine Soba,"51.159,52"
Invicta Balham 12 kw İthal Döküm Şömine Soba,"71.591,65"
Invicta Treville 8 kw İthal Döküm Şömine Soba,"60.134,87"
Dlc Retro 1800 Watt Bluetooth ve Ses Efektli Dekoratif Elektrikli Şömine,"38.950,00"
Korflame Legno Beyaz Dekoratif Bacasız Şömine Biyoetanol Şömine,"48.900,00"
Tashoven Pro100 Yan Masa 103x62cm,"29.000,00"
"Invicta Boree 7,5 KW Çelik Şömineli Odun Sobası","55.383,22"
Invicta Euros 8 KW Şömineli Çelik Odun Sobası,"60.662,83"
Invicta Calcias 9 KW Şömineli Odunluklu Çelik Odun Sobası,"121.431,26"
Dlc 1115ANT 1800 Watt Beyaz Taşlı Dekoratif Elektrikli Şömine,"29.558,00"
Dlc 1115ANTS 1800 Watt Taşlı Bluetooth ve Ses Efektli Dekoratif Elektrikli Şömine,"32.558,00"
Invicta Modena 10 KW Döküm Şömine Soba Antrasit,"82.837,24"
Invicta Modena 10 KW Döküm Şömine Soba Krem,"111.663,96"
Invicta Modena 10 KW İthal Döküm Şömine Soba Kırmızı,"111.663,96"
Invicta Modena 10 KW İthal Döküm Şömine Soba Gri,"111.663,96"
Invicta Tipi 10 KW İthal Döküm Soba Şömine,"128.294,77"
Invicta Angor 12 KW İthal Döküm Soba Şömine,"83.945,96"
Invicta Symphonia 12 KW İthal Döküm Soba Şömine,"145.717,51"
Invicta Antaya 12 KW İthal Döküm Soba Şömine,"117.154,77"
Invicta Gaya Slate 12 KW İthal Döküm Soba Şömine,"158.335,81"
Invicta Itaya 12 KW İthal Döküm Soba Şömine,"111.399,98"
Invicta Gaya Leaf İthal Döküm Soba Şömine,"158.335,81"
Invicta Argos 12 KW İthal Döküm Soba Şömine,"125.126,99"
Invicta Pharos 12 KW 360 Derece Dönebilen İthal Döküm Soba Şömine,"138.326,04"
Invicta Aaron 12 KW İthal Döküm Soba Şömine,"115.254,11"
Invicta Elton 14 KW İthal Döküm Soba Şömine,"120.797,71"
Invicta Nelson İthal Döküm Soba Şömine,"126.235,71"
Invicta Preston 14 KW İthal Döküm Soba Şömine,"104.589,27"
Invicta Altara İthal Döküm Soba Şömine,"115.359,69"
Invicta Okino İthal Döküm Soba Şömine,"74.231,46"
Invicta Moai 8 KW İthal Döküm Soba Şömine,"180.721,39"
Invicta Kaori 9 KW İthal Döküm Soba Şömine,"91.663,37"
Invicta Mairy 10 KW İthal Döküm Soba Şömine,"65.203,31"
Invicta Chamane 14 KW İthal Döküm Soba Şömine,"85.899,42"
Invicta Ovatio 5 KW İthal Döküm Soba Şömine,"109.921,69"
Invicta Fifty Arche İthal Döküm Soba Şömine,"108.126,62"
Invicta Fifty Arche İthal Seramikli Krem Döküm Odun Sobası,"125.918,94"
Invicta Fifty Arche 10 KW İthal Seramikli Döküm Odun Sobası,"125.918,94"
Invicta Fifty On Pedestal İthal Döküm Soba Şömine,"106.331,54"
Invicta Fifty On Pedestal İthal Döküm Soba Şömine Krem,"122.381,59"
Invicta Fifty On Pedestal Seramikli Döküm Odun Sobası Kırmızı,"122.381,59"
Invicta 700 Primo Şömine Haznesi 6777-00,"28.615,54"
Barba FL-46 Set Üstü Taşınabilir Bahçe Fırını Mega Pack,"28.000,00"
Alaz Efekt 1800W 80cm Bluetooth ve Ses Efektli Dekoratif Elektrlkli Şömine,"20.499,00"
Alaz Efekt 1800W 95cm Bluetooth ve Ses Efektli Dekoratif Elektrikli Şömine,"22.100,00"
Alaz Efekt 1800W 130cm Bluetooth ve Ses Efektli Dekoratif Elektrikli Şömine,"25.700,00"
Alaz Efekt 1800W 180cm Bluetooth ve Ses Efektli Dekoratif Elektrikli Şömine,"28.500,00"
Grillmate GM60 Asansörlü Döküm Izgaralı Barbekü Mangal,"7.250,00"
Reyo Aro Ahşap Saplı 3'lü Mangal Barbekü Seti Maşa Seti,"499,00"
Grillmate GM60KA Asansörlü Döküm Izgaralı Katlanır Barbekü Mangal,"6.999,00"
Grillmate Kömür Sepeti,"1.299,00"
La Nordica Rosa 5.0 İtalyan Fırınlı Şömine Soba Kırmızı,"142.919,31"
"La Nordica Favola Family 4,5 Fırınlı Şömine Soba Beyaz","105.328,42"
"La Nordica Favola Family 4,5 Fırınlı Şömine Soba","105.328,42"
La Nordica Sovrana Easy Evo 2.0 İtalyan Fırınlı Şömine Soba,"107.176,29"
Pres-iş Alttan Küllük Fırınlı Şömineli Soba Kuzine,"28.350,00"
Serez 400-E Mini 9kW Elektrikli Isıtıcı Mekan Isıtıcı,"43.415,48"
Tashoven Hybrid 50 Gazlı ve Odun Ateşli Taş Fırın,"85.000,00"
Tashoven Hybrid 66 Gazlı ve Odun Ateşli Taş Fırın,"115.000,00"
Grillmate Cookout Katlanır Ayak Kilitli Barbekü Mangal-Kırmızı,"5.350,00"
Grillmate Cookout Katlanır Ayak Kilitli Barbekü Mangal,"5.350,00"
Dlc Craton 1950 Watt Dekoratif Elektrikli Şömine,"10.200,00"
Rösle Air F60 Kömürlü Barbekü,"59.990,00"
Rösle Videro G3-S Vario Gazlı Barbekü İstasyonu - Siyah,"99.990,00"
Rösle Videro G2-P Taşınabilir Barbekü,"39.990,00"
Rösle Videro E2-P Taşınabilir Elektrikli Barbekü,"49.990,00"
Rösle Videro G6-S Vario Gazlı Barbekü İstasyonu - Siyah,"124.999,00"
Rösle Videro G4-S Vario Gazlı Barbekü İstasyonu - Siyah,"109.990,00"
Rösle G3-25516 Gazlı BarbeküKoruma Kılıfı,"7.099,00"
Rösle Barbekü Şiş Tutucu 6 lı Set,"4.290,00"
Rösle Barbekü Çevirme Sepeti,"6.799,00"
Rösle Barbekü Gurme Termometre 25066,"3.590,00"
The Favilla Grillord 50 Standlı Taşınabilir Barbekü Mangal-Önlük Kılıf Hediye,"11.250,00"
The Favilla Grillord 75 Standlı Taşınabilir Barbekü Mangal-Önlük Kılıf Hediye,"12.990,00"
The Favilla Demox Duvar Tipi Barbekü Mangal,"5.990,00"
The Favilla Fumo Medium Pratik Kamp Barbekü Mangal,"2.490,00"
The Favilla Fumo Large Çantalı Pratik Mangal Barbekü,"3.190,00"
The Favilla Grillchi Standlı Yükseklik Ayarlı Çift Izgara Barbekü Mangal,"6.490,00"
Thermall T-25 Nova Döküm Şömine Soba,"27.260,00"
Thermall T-25 Vira Fırınlı Döküm Şömine Soba,"32.850,00"
Thermall T-25 Petra Fırınlı Döküm Şömine Soba,"40.200,00"
Dlc Çizgi Sütunlu 1600 Watt Beyaz Dekoratif Elektrikli Şömine,"24.290,00"
Dlc Çizgi Sütunlu 1600w Bluetooth ve Ses Efektli Elektrikli Şömine,"26.490,00"
Dlc Silindir Sütunlu 1800W Bluetooth ve Ses Efektli Elektrikli Şömine,"29.959,10"
Volkan V-04 Üç Camlı Döküm Şömine Soba,"33.200,00"
Yakar YS02 Boylerli 16kW Majolik Kat Kalorifer Sobası,"75.000,00"
Yakar YS02 Boylersiz 16kW Majolik Kat Kalorifer Sobası,"71.390,00"
Yakar 301/A 25kW Fırınlı Kat Kalorifer Sobası,"71.390,00"
Yakar 301/A Eşanjörlü 25kW Fırınlı Kat Kalorifer Sobası,"75.000,00"
Yakar 302/A 25kW Katı Yakıtlı Kat Kalorifer Sobası,"70.250,00"
Yakar 302/A Eşanjörlü 25kW Katı Yakıtlı Kat Kalorifer Sobası,"73.829,00"
Yakar 401 25kW Fırınlı Kat Kalorifer Sobası,"72.500,00"
Yakar 401 Eşanjörlü 25kW Fırınlı Kat Kalorifer Sobası,"76.170,00"
Heatbox HBM2000K Mini 2000W Monofaze Krem Fanlı Isıtıcı,"4.594,00"
Heatbox HBB2000F Board 2000W Monofaze Füme Fanlı Isıtıcı,"5.881,00"
Volkan V-09 Üç Camlı Yan Kapak Fırınlı Döküm Şömine Soba,"42.925,00"
Volkan V-29 Pik Döküm Fırınlı Şömine Soba,"40.600,00"
Volkan V-58 Fırınlı Küllüklü Döküm Şömine Soba,"32.630,00"
Volkan V-58C Üç Camlı Yan Kapak Fırınlı Döküm Şömine Soba,"33.730,00"
Volkan V-61H Üç Camlı Yan Kapak Fırınlı Döküm Şömine Soba,"41.950,00"
Volkan V-60H Üç Camlı Yan Kapak Fırınlı Döküm Şömine Soba,"42.240,00"
Korflame Kormet 80 Isıtmasız Bluetooth ve Ses Efektli Dekoratif Elektrikli Şömine,"22.900,00"
Korflame Kormet 100 Isıtmasız Bluetooth ve Ses Efektli Dekoratif Elektrikli Şömine,"24.900,00"
Korflame Kormet 130 Isıtmasız Bluetooth ve Ses Efektli Dekoratif Elektrikli Şömine,"28.900,00"
Korflame Kormet 160 Isıtmasız Bluetooth ve Ses Efektli Dekoratif Elektrikli Şömine,"33.900,00"
Korflame Kormet 180 Isıtmasız Bluetooth ve Ses Efektli Dekoratif Elektrikli Şömine,"35.900,00"
Çalışkan 302 Tuğlalı Dik Fırınlı Şömine Soba,"21.500,00"
Akın AKN430 Üç Camlı Yan Kapak Fırınlı Döküm Şömine Soba,"31.090,00"
Korflame Epi 130 Cm Bioetanol Bacasız Şömine,"33.900,00"
Korflame Epi 100 Cm Bioetanol Bacasız Şömine,"26.900,00"
Korflame Epi 80 Cm Bioetanol Bacasız Şömine,"21.900,00"
Korflame Çift Taraflı 200 Cm Bioetanol Bacasız Şömine,"44.900,00"
Korflame Çift Taraflı 160 Cm Bioetanol Bacasız Şömine,"41.900,00"
Korflame Çift Taraflı 130 Cm Bioetanol Bacasız Şömine,"33.900,00"
Korflame Çift Taraflı 100 Cm Bioetanol Bacasız Şömine,"26.900,00"
Korflame Çift Taraflı 80 Cm Bioetanol  Bacasız Şömine,"21.900,00"
Korflame Asma 200 Cm Bioetanol Bacasız Şömine,"44.900,00"
Korflame Asma 160 Cm Bioetanol Bacasız Şömine,"41.900,00"
Korflame Asma 130 Cm Bioetanol Bacasız Şömine,"33.900,00"
Korflame Asma 100 Cm Bioetanol Bacasız Şömine,"26.900,00"
Korflame Asma 80 Cm Bioetanol Bacasız Şömine,"21.900,00"
Korflame Ankastre 200 Cm Bioetanol Bacasız Şömine,"44.900,00"
Korflame Ankastre 160 Cm Bioetanol Bacasız Şömine,"41.900,00"
Korflame Ankastre 130 Cm Bioetanol Bacasız Şömine,"33.900,00"
Korflame Ankastre 100 Cm Bioetanol Bacasız Şömine,"26.900,00"
Korflame Ankastre 80 Cm Bioetanol Bacasız Şömine,"21.900,00"
Korflame Fuoco Bacasız Şömine,"54.900,00"
Korflame Prism Bacasız Şömine,"26.900,00"
Korflame Dolce Bacasız Şömine,"33.900,00"
Korflame Bern Bacasız Şömine,"21.900,00"
Korflame Cavaletto Beyaz Taşınabilir Bacasız Şömine,"39.900,00"
Korflame Epi 160 Cm Bioetanol Bacasız Şömine,"41.900,00"
Korflame Epi 200 Cm Bioetanol Bacasız Şömine,"44.900,00"
Korflame Sağ Açık 80 Cm Bioetanol Bacasız Şömine,"21.900,00"
Korflame Sağ Açık 100 Cm Bioetanol Bacasız Şömine,"26.900,00"
Korflame Sağ Açık 130 Cm Bioetanol Bacasız Şömine,"33.900,00"
Korflame Sağ Açık 160 Cm Bioetanol Bacasız Şömine,"41.900,00"
Korflame Sağ Açık 200 Cm Bioetanol Bacasız Şömine,"44.900,00"
Korflame Sol Açık 80 Cm Bioetanol Bacasız Şömine,"21.900,00"
Korflame Sol Açık 100 Cm Bioetanol Bacasız Şömine,"26.900,00"
Korflame Sol Açık 130 Cm Bioetanol Bacasız Şömine,"33.900,00"
Korflame Sol Açık 160 Cm Bioetanol Bacasız Şömine,"41.900,00"
Korflame Sol Açık 200 Cm Bioetanol Bacasız Şömine,"44.900,00"
Korflame U Tipi 100 Cm Bioetanol Bacasız Şömine,"26.900,00"
Korflame U Tipi 80 Cm Bioetanol Bacasız Şömine,"21.900,00"
Korflame U Tipi 130 Cm Bioetanol Bacasız Şömine,"33.900,00"
Korflame U Tipi 160 Cm Bioetanol Bacasız Şömine,"41.900,00"
Korflame U Tipi 200 Cm Bioetanol Bacasız Şömine,"44.900,00"
Flameline Kona KN75 2000W Ayaklı Dekoratif Elektrikli Şömine,"40.779,00"
Flameline Kona KN90 2000W Ayaklı Dekoratif Elektrikli Şömine,"45.579,00"
Flameline Kona KN60 2000W Ayaklı Dekoratif Elektrikli Şömine,"35.979,00"
Flameline Vasko V55 3D Üç Boyutlu Elektrikli Şömine,"49.179,00"
Flameline VK55 2000W 3D Isıtıcılı Üç Boyutlu Dekoratif Elektrikli Şömine,"61.179,00"
Grillmate Roadtrip Çantalı Katlanır Ayak Mangal,"2.430,00"
Barba Fl-46 Sehpalı Taşınabilir Bahçe Fırını Mega Pack,"35.000,00"
Barba Fl-46 Sehpalı Taşınabilir Bahçe Fırını,"32.000,00"
Barba FL46 Sehpalı Bahçe Fırını Profesyonel Paket,"39.000,00"
Barba FL-46 Set Üstü Bahçe Fırını Profesyonel Paket,"32.000,00"
Barba FL46 Set Üstü Taşınabilir Bahçe ve Pizza Fırını,"25.000,00"
Barba Fl-46 Set Üstü Taşınabilir Bahçe Fırını Mega Pack,"28.000,00"
TDS Safir Döküm Şömine Soba,"33.200,00"
TDS Mercan Çift Kat Fırınlı Döküm Şömine Soba,"34.420,00"
"TDS Optima X Fırınlı,Yan Kapaklı, Alttan Küllüklü Döküm Şömine Soba","41.950,00"
"TDS Plazma X Fırınlı, Yan Kapaklı,Yan Camlı,  Alttan Küllüklü Döküm Şömine Soba","42.240,00"
"TDS İnci Fırınlı, Yan Camlı,Yan Kapaklı Döküm Şömine Soba","33.730,00"
TDS İnci Fırınlı Kapalı Döküm Şömine Soba,"32.630,00"
ZS Hermanos Granit Evyeli Avangarde Köşe Fırınlı Barbekü,"291.600,00"
ZS Hermanos Elegance Barbekü,"129.600,00"
ZS Hermanos Avangarde Köşe Fırınlı Barbekü,"273.600,00"
ZS Hermanos  Avangarde Granit Evyeli Köşe Bacalı Barbekü,"277.200,00"
ZS Hermanos Avangarde Köşe Bacalı Barbekü,"259.200,00"
ZS Hermanos Jaguar Barbekü,"115.200,00"
ZS Hermanos Avangarde Granit Evyeli Köşe Fırınlı Barbekü,"216.000,00"
ZS Hermanos Avangarde 220 cm Fırınlı Barbekü,"198.000,00"
ZS Hermanos Avangarde Granit Evyeli 220cm Bacalı Barbekü,"201.600,00"
ZS Hermanos Avangarde 220cm Bacalı Barbekü,"183.600,00"
ZS Hermanos Avangarde Granit Evyeli 280cm Fırınlı Barbekü,"258.000,00"
ZS Hermanos Avangarde Granit Evyeli 280cm Bacalı Barbekü,"243.600,00"
ZS Hermanos Avangarde 280 cm Fırınlı Barbekü,"240.000,00"
ZS Hermanos Avangarde 280 cm Bacalı Barbekü,"225.600,00"
Tarrington House Memphis Uyumlu Döküm Izgara,"2.544,00"
"Grillmate Izgara (Weber 57, Blooma Russel 56 Uyumlu)","3.499,00"
Grillmate Izgara (Weber 47 cm Uyumlu),"2.570,00"
Grillmate GM 60 Katlanır Ayak Mangal Çantası,"1.020,00"
Grillmate 75 cm Barbekü Mangal Kılıfı,"1.230,00"
Grillmate GM60 Serisi Mangal Kılıfı,"1.230,00"
Grillmate Uyumlu Çevirme Seti,"4.799,00"
Grillmate Kömür Tutuşturma Bacası,"1.230,00"
Grillmate Büyük Boy Tutuşturma Bacası,"1.750,00"
Grillmate Küre Mangal Kömür Sepeti,"1.299,00"
Grillmate Taş Izgara ( Fırın Taşı),"1.025,00"
Grillmate Gurme Izgara,"1.470,00"
Grillmate Gurme Izgara Kaplamalı,"1.650,00"
Grillmate Mangal Izgarası,"1.470,00"
Grillmate Izgara (Kaplamalı),"1.650,00"
The Favilla Bombe Ateş Çukuru Bahçe Şöminesi,"2.790,00"
Dlc Urban Irony 1800W Bluetooth ve Ses Efektli Elektrikli Şömine,"31.675,00"
Dlc Nordica Beyaz 1800W Bluetooth ve Ses Efektli Elektrikli Şömine,"32.558,00"
Dlc Urban Irony 1800W Dekoratif Elektrikli Şömine,"28.675,00"
Dlc Nordica Beyaz 1800W Dekoratif Elektrikli Şömine,"29.550,00"
Baba's Stove Eco Mini 8 KW Manuel Pelet ve Odun Sobası,"29.000,00"
Baba's Stove Eco Mini Plus 8 KW Pelet ve Odun Sobası,"31.300,00"
Baba's Stove Eco 8KW Plus Pelet ve Odun Sobası,"38.000,00"
Baba's Stove Eco Fan 8KW Plus Pelet ve Odun Sobası,"39.500,00"
Baba's Stove Eco Plus 8KW Pelet ve Odun Sobası,"38.400,00"
Baba's Stove Eco Plus Fan 8KW Pelet ve Odun Sobası,"41.750,00"
Baba's Stove Flame Plus Fan 12KW Pelet ve Odun Sobası,"46.350,00"
Baba's Stove Flame Fan 12KW Manuel Pelet ve Odun Sobası,"42.000,00"
Baba's Stove Gold 12KW Kuzine Manuel Pelet ve Odun Sobası,"42.000,00"
Baba's Stove Gold Plus 12KW Kuzine Manuel Pelet ve Odun Sobası,"45.800,00"
Baba's Stove Saphire 10KW Kuzine Manuel Pelet ve Odun Sobası,"58.000,00"
Baba's Stove Hidro A22 Otomatik Kombi Tip Pelet Sobası,"120.000,00"
Baba's Stove Hidro D22 Otomatik Kombi Pelet Kazanı,"120.000,00"
Serez 400-D Plus Elektrikli Fabrika Atolye Kafe Isıtıcı,"155.000,00"
Rösle Allflame Peer 3 Gazlı Barbekü Istasyonu - Siyah,"99.990,00"
Rösle 25036 Kömür Maşası 50 cm,"2.390,00"
The Favilla Grillchi Standlı Yükseklik Ayarlı Çift Izgara Barbekü Mangal + Önlük Hediyeli,"6.490,00"
Rösle Grill Kazıyıcı 25393,"1.190,00"
Rösle Barbekü Temizleme Fırçası 25390,"2.390,00"
Rösle Barbekü Burger Seti 25426,"5.390,00"
Echatech Font 70 lik Odunlu Şömine Haznesi,"32.416,87"
Echatech Font 70 lik BE Sol Açık Odunlu Şömine Haznesi,"55.488,80"
Echatech Font 70 lik G Sol Açık Odunlu Şömine Haznesi,"76.871,27"
Echatech Font 70 lik BE Sağ Açık Odunlu Şömine Haznesi,"55.488,80"
Echatech Font 70 lik G Odunlu Şömine Haznesi,"59.290,13"
Echatech Font 70 lik Sol Açık Odunlu Şömine Haznesi,"51.793,07"
Echatech Font 70 lik Çift Traflı Odunlu Şömine Haznesi,"61.771,55"
Echatech Font 70 lik Sağ Açık Odunlu Şömine Haznesi,"51.793,07"
Echatech Font 70 lik G Sağ Açık Odunlu Şömine Haznesi,"76.871,27"
Echatech Font 80 lik Odunlu Şömine Haznesi,"52.849,00"
Echatech Font 80 lik Çift Taraflı Odunlu Şömine Haznesi,"74.178,66"
Echatech Font 80 lik BE Sağ Açık Odunlu Şömine Haznesi,"75.920,93"
Echatech Font 80 lik G Odunlu Şömine Haznesi,"79.194,30"
Echatech Font 80 lik BE Sol Açık Odunlu Şömine Haznesi,"75.920,93"
La Castellamonte Cooking Stack Seramik Odun Sobası,"422.369,60"
La Castellamonte Liberty Seramik Odun Sobası 120 cm,"579.702,28"
La Castellamonte Liberty Seramik Odun Sobası 143 cm,"657.312,69"
La Castellamonte Liberty Seramik Odun Sobası 166 cm,"744.426,42"
La Castellamonte Vienna Seramik Odun Sobası 144 cm,"788.511,24"
La Castellamonte Vienna Seramik Odun Sobası 172 cm,"897.535,40"
La Castellamonte Vienna Seramik Odun Sobası 190 cm,"1.005.767,61"
La Castellamonte Vienna Seramik Odun Sobası 218 cm,"1.116.639,63"
La Castellamonte Voluta Seramik Odun Sobası 120 cm,"579.702,28"
La Castellamonte Voluta Seramik Odun Sobası 143 cm,"657.312,69"
La Castellamonte Voluta Seramik Odun Sobası 166 cm,"744.426,42"
La Castellamonte Cubi Stack Wood Seramik Odun Sobası,"641.473,83"
La Castellamonte Cubi Stack Slim Seramik Odun Sobası,"641.473,83"
La Castellamonte Mini Stack Seramik Odun Sobası,"440.848,27"
La Castellamonte Rondò Seramik Odun Sobası,"613.755,83"
Hoşseven 8000 Fırınlı Yan Kapaklı Döküm Şömine,"40.250,00"
Heatbox HBB3000K Board 3000 watt Monofaze Elektrikli Fanlı Isıtıcı Krem,"7.173,00"
Heatbox HBB4000K Board 4000 watt Monofaze Elektrikli Fanlı Isıtıcı Krem,"10.032,00"
Heatbox HBB3000F Board 3000 watt Monofaze Elektrikli Fanlı Isıtıcı Füme,"7.173,00"
Heatbox HBB4000F Board 4000 watt Monofaze Elektrikli Fanlı Isıtıcı Füme,"10.032,00"
Heatbox HB3602000F 360 2000W Monofaze Elektrikli Fanlı Isıtıcı Füme,"6.138,00"
Heatbox HB3602000K 360 2000W Monofaze Elektrikli Fanlı Isıtıcı Krem,"6.138,00"
Heatbox HB3603000F 360 3000W Monofaze Elektrikli Fanlı Isıtıcı Füme,"7.393,00"
Heatbox HB3603000K 360 3000W Monofaze Elektrikli Fanlı Isıtıcı Krem,"7.393,00"
Heatbox HB3606000F 360 6000W Monofaze Elektrikli Fanlı Isıtıcı Füme,"13.093,00"
Heatbox HBPRO9000F Pro 9000W Trifaze Elektrikli Fanlı Isıtıcı Füme,"18.790,00"
Heatbox HBPRO9000K Pro 9000W Trifaze Elektrikli Fanlı Isıtıcı Krem,"18.790,00"
Heatbox HBPRO12000F Pro 12000W Trifaze Elektrikli Fanlı Isıtıcı Füme,"20.262,00"
Heatbox HBPRO12000K Pro 12000W Trifaze Elektrikli Fanlı Isıtıcı Krem,"20.262,00"
Heatbox HBPRO18000F Pro 18000W Trifaze Elektrikli Fanlı Isıtıcı Füme,"51.084,00"
Heatbox HBPRO30000F Pro 30000W Trifaze Elektrikli Fanlı Isıtıcı Füme,"62.192,00"
Heatbox HBPRO40000F Pro 40000W Trifaze Elektrikli Fanlı Isıtıcı Füme,"66.165,00"
Dlc 0989 Beyaz 1800W Dekoratif Elektrikli Şömine,"29.558,00"
Dlc 0989S Beyaz 1800W Bluetooth ve Ses Efektli Elektrikli Şömine,"32.558,00"
Dlc 0990 1800W Dekoratif Elektrikli Şömine,"28.675,00"
Dlc 0990S 1800W Bluetooth ve Ses Efektli Dekoratif Elektrikli Şömine,"31.675,00"
Dlc 1239 Çizgi Sütunlu Siyah 1800W Dekoratif Elektrikli Şömine,"29.000,00"
Dlc 1239S Çizgi Sütunlu Siyah 1800W Bluetooth ve Ses Efektli Dekoratif Elektrikli Şömine,"29.250,00"
Baba's Stove Silver Plus 8 KW Kuzine Manuel Pelet Odun Sobası,"38.500,00"
Baba's Silver 8 KW Kuzine Manuel Pelet Odun Sobası,"36.350,00"
Baba's Stove Diamond Z Manuel Dış Mekan Pelet Odun Sobası,"23.750,00"
Dlc 1162KHV 1800W Kahve Dekoratif Elektrikli Şömine,"34.190,00"
Dlc Tuvalu Kahve 1800W Dekoratif Elektrikli Şömine,"34.190,00"
Dlc 1162KHV 1800W Kahve Bluetooth ve Ses Efektli Elektrikli Şömine,"36.690,00"
Dlc Tuvalu Kahve 1800W Bluetooth ve Ses Efektli Elektrikli Şömine,"36.690,00"
"The Favilla 24x39cm Döküm Izgara Cheffi, Grillmate, Guruss, The Favilla Uyumlu","1.790,00"
Dlc 1175M Siyah Mermer Desen 1800 Watt Dekoratif Elektrikli Şömine,"32.500,00"
Dlc Large Penida Siyah Mermer Desen 1800 Watt Dekoratif Elektrikli Şömine,"32.500,00"
Dlc 1175MS Siyah Mermer Desen 1800 Watt Bluetooth ve Ses Efektli Dekoratif Elektrikli Şömine,"35.900,00"
Dlc Large Penida Siyah Mermer Desen 1800 Watt Bluetooth ve Ses Efektli Dekoratif Elektrikli Şömine,"35.900,00"
Dr.Maya Garden Döner Tabanlı Gazlı Taş Fırın Bahçe Fırını,"38.500,00"
Dr.Maya Pro+ Çok Amaçlı Elektrikli Taş Fırın Tandır ve Ekmek Yapma Makinesi Kırmızı - Pizza Lahmacun Ekmek,"10.350,00"
Lacunza Sagra CP 6-12 kW Odun Sobası,"47.000,00"
Lacunza Sagra CH 6-12 kW Kuzine Odun Sobası,"57.850,00"
Lacunza Calpe 8-16 kW Odun Sobası,"61.700,00"
Lacunza Atlantic 603 8-16 kW Odun Sobası,"77.150,00"
Lacunza Bidart 6- 12 kW Odun Sobası,"89.900,00"
Lacunza IN 700 8-14 kW Şömine Sobası,"79.750,00"
Lacunza Atlantic 613 8-14 kW Odun Sobası,"91.200,00"
Rösle Barbekü Premium Maşa 44 cm,"2.890,00"
Rösle Barbekü Kavisli Izgara Maşası,"2.390,00"
Lacunza Altea 5-9 kW Kuzine Odun Sobası,"103.540,00"
Lacunza Atlantic 613R 7-10 kW Odun Sobası,"94.000,00"
Lacunza Bergen 8-15 kW Kuzine Odun Sobası,"171.380,00"
Lacunza Biarritz 6-12 kW Odun Sobası,"94.750,00"
Lacunza Bristol 6-12 kW Odun Sobası,"132.000,00"
Lacunza CM Metal 7-14 kW Metal Odun Sobası Şömine,"153.975,00"
Lacunza Calais 9-17 kW Odun Sobası,"132.775,00"
Lacunza Classica 7T 8-14 kW Kuzine Odun Sobası,"218.000,00"
Lacunza Etna 7T 6-12 kW Kuzine Odun Sobası,"212.350,00"
Lacunza Garde 8-14 kW Odun Sobası,"135.950,00"
Lacunza Leon 8-16 kW Odun Sobası,"167.450,00"
Lacunza Levante 7-13 kW Odun Sobası,"111.500,00"
Lacunza Lugo 8-16 kW Odun Sobası,"148.600,00"
Lacunza Martina L 5-9 kW Odun Sobası,"96.300,00"
Lacunza Martina 5-9 kW Odun Sobası,"98.049,00"
Lacunza Maule 5-9 kW Odun Sobası,"116.000,00"
"Lacunza Maya Acu 7-9,5 kW Odun Sobası","173.490,00"
"Lacunza Maya Acu Vision 7-9,5 kW Odun Sobası","185.685,00"
Lacunza Maya 5-7 kW Odun Sobası,"133.400,00"
Lacunza Maya + Stone 5-7 kW Odun Sobası,"146.190,00"
Lacunza Maya Vision 5-7 kW Odun Sobası,"141.940,00"
Lacunza Maya Vision + Stone 5-7 kW Odun Sobası,"154.990,00"
Lacunza Oslo 8-15 kW Kuzine Odun Sobası,"109.700,00"
Lacunza Paris 1000 8-14 kW Odun Sobası,"123.730,00"
Lacunza Paris 1000 Mural 8-14 kW Odun Sobası,"112.090,00"
Lacunza 700 Paris Clid Mural 6-10 kW Odun Sobası,"121.550,00"
Lacunza 700 Paris Clid 7-12 kW Odun Sobası,"132.590,00"
Lacunza 800 Paris Clid 7-13 kW Odun Sobası,"136.400,00"
Lacunza 700 Paris 6-10 kW Odun Sobası,"103.200,00"
Lacunza 800 Paris 7-13 kW Odun Sobası,"106.190,00"
Lacunza Platinum 800 9-16 kW Odun Sobası,"110.950,00"
Lacunza Roma 700 7-13 kW Odun Sobası,"132.550,00"
Lacunza Stelar 93 6-12 kW Odun Sobası,"145.000,00"
Lacunza Tarbes 6-12 kW Odun Sobası,"113.250,00"
Lacunza Verona 1000 12-22 kW Odun Sobası,"181.640,00"
Lacunza Verona 1001 12-22 kW Odun Sobası,"199.400,00"
Lacunza Verona 1003 12-22 kW Odun Sobası,"207.450,00"
Lacunza Verona 800 11-20 kW Odun Sobası,"159.300,00"
Lacunza Verona 801 11-20 kW Odun Sobası,"173.750,00"
By Chef Roma Large 90cm Kapaklı Termometreli Taş Fırın,"60.000,00"
By Chef Kapaklı Termometreli Tandır Yer Fırını,"20.000,00"
By Chef Roma Medium Kapaklı Termometreli Taş Fırın,"50.000,00"
By Chef Taş Masalı Barbekü,"75.000,00"
Dlc Kristal Siyah 1800W Dekoratif Elektrikli Şömine,"24.900,00"
Dlc 0992 1800W Dekoratif Elektrikli Şömine,"24.900,00"
Dlc Kristal Siyah 1800W Bluetooth ve Ses Efektli Elektrikli Şömine,"27.500,00"
Dlc 0992S 1800W Bluetooth ve Ses Efektli Elektrikli Şömine,"27.500,00"
Dlc Kristal Beyaz 1800W Dekoratif Elektrikli Şömine,"24.900,00"
Dlc 0993 Beyaz 1800W Dekoratif Elektrikli Şömine,"24.900,00"
Dlc Kristal Beyaz 1800W Bluetooth ve Ses Efektli Elektrikli Şömine,"27.500,00"
Dlc 0993S 1800W Bluetooth ve Ses Efektli Elektrikli Şömine,"27.500,00"
Dlc Pyrabliss 1600W Dekoratif Elektrikli Şömine,"21.950,00"
Dlc 0991 1800W Dekoratif Elektrikli Şömine,"21.950,00"
Dlc Pyrabliss 1800W Bluetooth ve Ses Efektli Elektrikli Şömine,"24.500,00"
Dlc 0991S 1800W Bluetooth ve Ses Efektli Elektrikli Şömine,"24.500,00"
Reyo Stove Abant Üç Camlı Yan Kapak Fırınlı Döküm Şömine Soba,"41.950,00"
Reyo Stove Ayder Fırınlı Kuzineli Döküm Şömine Soba,"34.420,00"
Reyo Stove Salda Üç Camlı Yan Kapak Fırınlı Döküm Şömine Soba,"42.240,00"
Reyo Stove Mengücek Üç Camlı Yan Kapak Fırınlı Döküm Şömine Soba,"33.730,00"
Reyo Stove Danışment Fırınlı Küllüklü Döküm Şömine Soba,"32.630,00"
Reyo Stove Kemah  Üç Camlı Yan Kapak Fırınlı Döküm Şömine Soba,"42.925,00"
Reyo Stove Bozkır Pik Döküm Fırınlı Şömine Soba,"40.600,00"
Reyo Stove Harput Üç Camlı Döküm Şömine Soba,"33.200,00"
Pres-iş Aden Büyük Camlı Fırınlı Şömine Soba,"21.299,00"
Reyo Stove Halfeti Büyük Camlı Fırınlı Şömine Kuzine Soba,"28.350,00"
Reyo Stove Kırkgöze Büyük Camlı Fırınlı Şömine Soba,"21.299,00"
Reyo Stove Sümer 1950 Watt Çift Kademe Dekoratif Elektrikli Şömine,"10.449,00"
Dlc Flamix 1950W Dekoratif Ayaklı Şömine,"7.261,00"
Dlc Cardiff Poliston 1800W Elektrikli Şömine,"40.365,00"
Dlc London Poliston Gerçek Saat Dekorlu 1800W Elektrikli Şömine,"32.200,00"
Dlc Canyon Poliston 1800W Elektrikli Şömine,"22.015,00"
"Goldfire Linea 11,5kW Odunluk ve Fırınlı Çelik Soba Şömine","125.000,00"
"Goldfire Nova 11,5kW Odunluk ve Fırınlı Çelik Kuzine Soba","135.000,00"
Fakir Hobby S Premium 2000 W Fanlı Isıtıcı,"1.999,00"
Dr.Maya Pro+ Çok Amaçlı Elektrikli Taş Fırın Tandır ve Ekmek Yapma Makinesi Siyah- Pizza Lahmacun Ekmek,"10.350,00"
Westonya WESTART01 Flame One Masaüstü Bioethanol Şömine,"2.140,00"
Reyo Stove Ametis Masaüstü Bioethanol Şömine,"2.140,00"
Reyo Stove Babil Isıtıcılı Çift Kademe Dekoratif Elektrikli Şömine,"11.665,00"
Westonya WESTART02 Dual Flame Masaüstü Bioethanol Şömine,"2.295,00"
Reyo Stove Kuvars Masaüstü Bioethanol Şömine,"2.295,00"
Westonya WESTART03 Nox Masaüstü Bioethanol Şömine,"2.199,00"
Reyo Stove Oniks Masaüstü Bioethanol Şömine,"2.199,00"
Westonya WESTART04 Orion Masaüstü Bioethanol Şömine,"2.175,00"
Reyo Stove Oltu Masaüstü Bioethanol Şömine,"2.175,00"
Westonya WESTART05 Aura Stone Masaüstü Bioethanol Şömine,"2.450,00"
Reyo Stove Lazuli Masaüstü Bioethanol Şömine,"2.450,00"
Westonya WESTART06 Embera Masaüstü Bioethanol Şömine,"2.450,00"
Reyo Stove Azur Masaüstü Bioethanol Şömine,"2.450,00"
Westonya WESTART07 Arcus Masaüstü Bioethanol Şömine,"2.450,00"
Reyo Stove Garnet Masaüstü Bioethanol Şömine,"2.450,00"
Westonya WESTART08 Velar Masaüstü Bioethanol Şömine,"2.450,00"
Reyo Stove Aytaşı Masaüstü Bioethanol Şömine,"2.450,00"
Westonya WESTART09 Solea Masaüstü Bioethanol Şömine,"2.650,00"
Reyo Stove Opal Masaüstü Bioethanol Şömine,"2.650,00"
Westonya WESTART10 Orel Masaüstü Bioethanol Şömine,"2.650,00"
Reyo Stove Selen Masaüstü Bioethanol Şömine,"2.650,00"
Deville Pandorine Çelik Odun Sobası C077BV 06,"79.194,30"
Deville Petit Express Çelik Odun Sobası C07799 11 A,"54.116,11"
Deville Petit Neptune Çelik Odun Sobası C077AR 06 B,"58.075,82"
"Haegs Katlanır Mangal, Paslanmaz Çelik Krom, Barbekü Kömür Mangalı, Izgaralı, Portatif taşınabilir Pratik Mangal","1.849,00"
"Haegs Fire Pit Portatif Ateş Çukuru, Kamp Ateşi, Kolay Taşınabilir Odun Kömür Dış Mekan Outdoor Barbekü Mangal 38cm x44cm-  Küçük Boy","2.299,00"
Zs Hermanos HKM01 30x20cm Çantalı Krom Katlanır Mangal Oluklu Izgara,"2.775,00"
Zs Hermanos HKM02 35x25cm Çantalı Paslanmaz Krom Katlanır Mangal Oluklu Izgara,"3.590,00"
Zs Hermanos HKM03 50x25cm Çantalı Paslanmaz Krom Katlanır Mangal Oluklu Izgara,"4.299,00"
Kamados 21inç 55cm Seramik Barbekü Mangal Fırın,"62.000,00"
Kamados 15inç 40cm Seramik Barbekü Mangal Fırın,"29.000,00"
Kamados 13inç 32cm Sarı-Kırmızı Seramik Barbekü Mangal Fırın,"15.000,00"
Kamados 13inç 32cm Sarı-Lacivert Seramik Barbekü Mangal Fırın,"15.000,00"
Kamados 13inç 32cm Siyah-Beyaz Seramik Barbekü Mangal Fırın,"15.000,00"
Outdoven Spark G8.1 Ateş Kutusu - Mangal,"5.200,00"
Outdoven M1.2 Alev Yapmayan Katlanabilir Inox Mangal,"4.050,00"
Outdoven G4.1 Tamamı Paslanmaz Ateş Kutusu - Ocak - Mangal,"1.955,00"
"Haegs BBQ Mangal Örtüsü, Gazlı, Kömürlü Grill Koruma Brandası, Su geçirmez, Outdoor Dış Mekan Barbekü Mangal Kılıfı - 105-49-102 cm","1.529,00"
"Haegs BBQ Mangal Örtüsü, Gazlı, Kömürlü Grill Koruma Brandası, Su geçirmez, Outdoor Dış Mekan Barbekü Mangal Kılıfı - 120-60-120 cm","1.629,00"
"Haegs BBQ Mangal Örtüsü, Gazlı, Kömürlü Grill Koruma Brandası, Su geçirmez, Outdoor Dış Mekan Barbekü Mangal Kılıfı - 147-61-122 cm","1.759,00"
Nap's Oven NG40 Full Set Gazlı Taşınabilir Taş Tabanlı Fırın-Önlük Hediye,"35.990,00"
Nap's Oven NG40 Pro Set Gazlı Taşınabilir Taş Tabanlı Fırın-Önlük Hediye,"38.990,00"
Nap's Oven NG40 Pro Set Steel Spin Taşınabilir Taş Tabanlı Fırın-Önlük Hediye,"45.588,00"
Nap's Oven N40 Hibrit Lpg ve Odunlu Taşınabilir Taş Tabanlı Fırın-Önlük Hediye,"42.990,00"
Alaz Efekt AE150.3A Üç Açık Elektrikli Şömine Wifi Bluetoothlu Prizmatik 150 Lik,"38.500,00"
Alaz Efekt AE120.3A Elektrikli Şömine Üç Açık Wifi Bluetoothlu Prizmatik 120 Lik,"32.500,00"
Alaz Efekt AE120.SOL.A Elektrikli Şömine Sol Açık Wifi Bluetoothlu Prizmatik 120 Lik,"32.500,00"
Alaz Efekt AE150.SAĞ.A Elektrikli Şömine Sağ Açık Wifi Bluetoothlu Prizmatik 150 Lik,"38.500,00"
Alaz Efekt AE90.SOL.A Elektrikli Şömine Sol Açık Wifi Bluetoothlu Prizmatik 90 Lık,"28.750,00"
Alaz Efekt AE90.SAĞ.A Elektrikli Şömine Sağ Açık Wifi Bluetoothlu Prizmatik 90 Lık,"28.750,00"
Alaz Efekt AE90.3AP Üç Açık Elektrikli Şömine Wifi Bluetoothlu Prizmatik 90 Lık,"28.750,00"
Alaz Efekt AE150.Sol.A Elektrikli Şömine Sol Açık Wifi Bluetoothlu Prizmatik 150 Lik,"38.500,00"
Alaz Efekt AE120.SAĞ.A Elektrikli Şömine Sağ Açık Wifi Bluetoothlu Prizmatik 120 Lik,"32.500,00"
Nap's Oven N34 Hibrit Lpg ve Odunlu Taşınabilir Taş Tabanlı Fırın-Önlük Hediye,"36.990,00"
Nap's Oven N45 Pro LPG ve Doğal Gazlı Dijital Döner Taş Tabanlı Fırın-Önlük Hediye,"119.000,00"
Nap's Oven N45 Pro LPG ve Doğal Gazlı Dijital Sabit Taş Tabanlı Fırın-Önlük Hediye,"106.000,00"
Nap's Oven N70 Pro LPG ve Doğal Gazlı Dijital Taş Tabanlı Fırın-Önlük Hediye,"139.000,00"
Nap's Oven N80 Pro LPG ve Doğal Gazlı Dijital Taş Tabanlı Fırın-Önlük Hediye,"169.000,00"
Ayflame 70'lik 3 Boyut Odun ve Taş Buharlı Elektrikli Şömine,"26.500,00"
Ayflame 150'lik 3 Boyut Odun ve Taş Buharlı Elektrikli Şömine,"45.000,00"
Ayflame 100'lük 3 Boyut Odun ve Taş Buharlı Elektrikli Şömine,"35.000,00"
Nap's Oven N90 Pro LPG ve Doğal Gazlı Dijital Taş Tabanlı Fırın-Önlük Hediye,"199.000,00"
Pratik Outdoor Portatif Katlanır Ayaklı Emaye Çantalı Mangal 44x27 cm,"1.215,00"
Pratik Outdoor Portatif Katlanır Ayaklı Emaye Çantalı Mangal 52x30 cm,"1.355,00"
Pratik Outdoor Portatif Katlanır Ayaklı Emaye Çantalı Mangal 62x35 cm,"1.515,00"
Pratik Outdoor Paslanmaz Çelikten Vidalı Ayaklı ve 3 Kademeli Sehpalı Mangal - 50x30 cm,"4.300,00"
Outdoven G4 Paslanmaz Izgaralı Ateş Kutusu - Ocak - Mangal,"1.740,00"
Northopia Küp Kamp Sobası,"4.610,00"
Madfox Zugspitzar Artera Metal Çantalı Yağ Oluklu Katlanır Mangal,"3.150,00"
Madfox Ateş Üstü Izgara ( Büyük Boy ),"1.420,00"
Jetmen Brix– Premium Briket Mangal Kömürü (10KG),"1.620,00"
Jetmen Quick Grill Inox Katlanır Mangal,"3.200,00"
Jetmen Quick Grill Mangal + Oluklu Izgara Seti,"3.600,00"
Jetmen Paslanmaz Çelik Oluklu Izgara 40x24 (Quick Grill Uyumlu),"870,00"
Outdoven Motorlu Mangal Şiş Çevirme Aparatı M1 Uyumlu,"2.549,00"
Outdoven Kındle– Uzun Yanışlı Güvenli Çıra Kibrit (30'lu) x 10 Paket,"777,00"
Outdoven Ecolog Katkısız Sıkıştırılmış %100 Kayın Briket Şömine ve Kamp Odunu - 20KG,"1.260,00"
Nap's Oven Alüminyum Kısa Saplı Pizza Küreği,"2.300,00"
Nap's Oven S-75cm Paslanmaz Çelik Pizza Çevirme Küreği,"2.200,00"
Nap's Oven Alüminyum Pizza Küreği,"2.190,00"
Nap's Oven S-120cm Paslanmaz Çelik Çevirme Küreği,"2.500,00"
Nap's Oven İnfrared Termometre (0 - 500°C),"2.500,00"
Nap's Oven Pro Sehpa (N70 - N80 - N90 Uyumlu),"19.900,00"
"Nap's Oven 40x40x1,5 cm Kordiyerit Pizza Taşı","2.200,00"
Nap's Oven 40x40x3 cm Kordiyerit Pizza Taşı,"2.500,00"
Reyo Falez Komodin Modern Ahşap 3 Katlı Raflı Yan Sehpa Çok Amaçlı Organizer Kitaplık Naturel,"1.699,00"
Reyo Falez Komodin Modern Ahşap 3 Katlı Raflı Yan Sehpa Çok Amaçlı Organizer Kitaplık Beyaz,"1.699,00"
Reyo Falez Komodin Modern Ahşap 3 Katlı Raflı Yan Sehpa Çok Amaçlı Organizer Kitaplık Atlantik Çam,"1.699,00"
Reyo Falez Komodin Modern Ahşap 3 Katlı Raflı Yan Sehpa Çok Amaçlı Organizer Kitaplık Traverten,"1.699,00"
Reyo Falez Mutfak Masası 90 cm Yuvarlak Masa Modern Metal Ayaklı Cafe Balkon Ofis Yemek Masası 9826 Atlantik Çam,"1.899,00"
Reyo Falez Mutfak Masası 90 cm Yuvarlak Masa Modern Metal Ayaklı Cafe Balkon Ofis Yemek Masası 9826 Traverten,"1.899,00"
"Reyo Venedik Sallanan Sandalye, Tv Koltuğu, Baba Koltuğu, Kitap Okuma Koltuğu Ceviz Ahşap, Kahve Krem","9.899,00"
"Reyo Venedik Sallanan Sandalye, Tv Koltuğu, Baba Koltuğu, Kitap Okuma Koltuğu Ceviz Ahşap, Petrol Mavisi Krem","9.899,00"
"Reyo Venedik Sallanan Sandalye, Tv Koltuğu, Baba Koltuğu, Kitap Okuma Koltuğu Ceviz Ahşap, Kiremit Krem","9.899,00"
"Reyo Venedik Sallanan Sandalye, Tv Koltuğu, Baba Koltuğu, Kitap Okuma Koltuğu Ceviz Ahşap, Yeşil Krem","9.899,00"
"Reyo Venedik Sallanan Sandalye, Tv Koltuğu, Baba Koltuğu, Kitap Okuma Koltuğu Ceviz Ahşap, Gri Krem","9.899,00"
Reyo Falez Modern Orta Sehpa Seti - 2'li Ahşap Ayaklı Salon ve Oturma Odası Sehpa Takımı Ceviz Efes,"2.399,00"
Enda Home Lumen 2 Kapaklı Raflı Klasik Komodin Antrasit,"2.699,00"
Enda Home Lumen 2 Kapaklı Raflı Klasik Komodin Antrasit-Atlantik Çam,"2.699,00"
Enda Home Lumen 2 Kapaklı Raflı Klasik Komodin Atlantik Çam,"2.699,00"
Enda Home Lumen 2 Kapaklı Raflı Klasik Komodin Beyaz,"2.699,00"
Enda Home Lumen 2 Kapaklı Raflı Klasik Komodin Beyaz-Atlantik Çam,"2.699,00"
Niron Kanguru Dikey Katlanır Yatak Baza 90x200 Tek Kişilik,"6.299,00"
Niron Premium Katlanır Yatak 90x200 cm Paket Yaylı Lüks Yatak ve Kaydırmaz Kumaş Kaplı Karyola,"13.299,00"
Reyo IKEA Divan Hemnes Uyumlu Katlanır Sünger Yatak 160x200 cm Yer Yatağı 10cm Kalınlık,"5.099,00"
Reyo Falez Askılık Duvar Elbise Askılığı Portmanto 80 Cm Bendir,"649,00"
Reyo Falez Askılık Duvar Elbise Askılığı Portmanto 80 Cm Efes,"649,00"
Reyo Falez Askılık Duvar Elbise Askılığı Portmanto 80 Cm Krem,"649,00"
Reyo Falez Askılık Duvar Elbise Askılığı Portmanto 80 Cm Beyaz,"649,00"
Reyo Falez Askılık Duvar Elbise Askılığı Portmanto 80 Cm Ceviz,"649,00"
Reyo Falez Ayakkabılık Çok Amaçlı Dolap 5 Raflı 2 Kapaklı Çam,"2.899,00"
Reyo Falez Ayakkabılık Çok Amaçlı Dolap 5 Raflı 2 Kapaklı Çam-Beyaz,"2.899,00"
Reyo Falez Portmanto Metal Ahşap Askılık Mini Vestiyer Portmanto Ayakkabılık Çam,"3.499,00"
Reyo Falez Düşer Kapak Ayakkabılık 3 Bölmeli Ayakkabılık Beyaz,"2.399,00"
Reyo Falez Düşer Kapak Ayakkabılık 3 Bölmeli Ayakkabılık Çam,"2.399,00"
Reyo Falez 5 Raflı Metal Ayakkabılık-Çok Amaçlı Raf Siyah,"999,00"
Reyo Falez Ayakkabılık Ahşap 2 Kapaklı Metal Raflı 4 Katlı Çok Amaçlı Raf Dolap Beyaz,"2.899,00"
Kuntbay 100x120x80 (0-12 Ay) Bebek Jakuzi,"139.810,00"
Kuntbay 110x150x105 (0-36 Ay) Bebek Jakuzi,"153.180,00"
Kuntbay 195 x 195 H 105 Camlı Bebek Spa Jakuzi,"618.930,00"
Kuntbay 120 Q H 55 Oval Jakuzi,"79.350,00"
Kuntbay 150 Q H 60 Oval Jakuzi,"90.300,00"
Kuntbay 165 Q H 65 Oval Jakuzi,"94.530,00"
Kuntbay 150 x 150 H 60 Köşe Oval Jakuzi,"95.049,00"
Kuntbay 151 x 151 H 65 Köşe Oval Camlı Jakuzi,"102.465,00"
Kuntbay 175 Q H 60 Oval Jakuzi,"114.025,00"
Kuntbay 190 Q H 65 Oval Jakuzi,"114.540,00"
Kuntbay 180 Q H 60 Oval Jakuzi,"115.540,00"
Kuntbay 160 x 160 H 65 Köşe Oval Camlı Jakuzi,"134.379,00"
Reyo Falez Laptop Sehpası Çalışma Kahvaltı Masası Beyaz,"649,00"
Reyo Falez 4 Raflı Metal Atlantik Çam Çok Amaçlı Kitaplık Beyaz,"1.999,00"
Reyo Falez 4 Raflı Metal Atlantik Çam Çok Amaçlı Kitaplık Çam,"1.999,00"
Reyo Falez 5 Geniş Raflı Kitaplık Metal Çerçeveli Modern Raf Çalışma Odası Ofis Salon Kitaplığı Evrak Rafı 180 cm Atlantik Çam,"2.239,00"
Reyo Falez 5 Geniş Raflı Kitaplık Metal Çerçeveli Modern Raf Çalışma Odası Ofis Salon Kitaplığı Evrak Rafı 180 cm Beyaz,"2.239,00"
Reyo Falez 2 Raflı Çalışma Masası 60x120 - Bilgisayar Ofis Ders Masası Ceviz - OUTLET,"1.199,00"
"Reyo Falez Metal Ayaklı Raflı Çalışma Masası, Ofis Masası, Ders Masası Atlantik Çam","2.499,00"
"Reyo Falez Metal Ayaklı Raflı Çalışma Masası, Ofis Masası, Ders Masası Beyaz","2.499,00"
"Haegs Kadın Termal Çanta, Yalıtımlı Yemek Taşıma Çantası, Sızdırmaz Beslenme Kutusu, Ofis Kamp Piknik Çantası 11L - Bej","1.789,00"
"Haegs Kadın Termal Çanta, Yalıtımlı Yemek Taşıma Çantası, Sızdırmaz Beslenme Kutusu, Ofis Kamp Piknik Çantası 11L - Pembe","1.789,00"
Russell Hobbs 28011-56 Classics Elektrikli Tuz Karabiber Değirmeni Seti,"2.699,00"
"Rösle Silikon ve Cam Kapaklı Saklama Kabı Paslanmaz Çelik 0,3 Lt","2.390,00"
Rösle Artesano Ekmek Bıçağı 22 cm,"14.990,00"
Rösle Artesano Santoku Bıçak 16 cm,"14.990,00"
"Reyo 304 Kalite Paslanmaz Çelik, Tam Yüzeyli Tartım Küreği, Erzak Küreği, Gıda Küreği, Şaşula - No:5","599,00"
"Reyo 304 Kalite Paslanmaz Çelik, Tam Yüzeyli Tartım Küreği, Erzak Küreği, Gıda Küreği, Şaşula - No:4","499,00"
"Reyo 304 Kalite Paslanmaz Çelik, Tam Yüzeyli Tartım Küreği, Erzak Küreği, Gıda Küreği, Şaşula - No:3","459,00"
"Reyo 304 Kalite Paslanmaz Çelik, Tam Yüzeyli Tartım Küreği, Erzak Küreği, Gıda Küreği, Şaşula - No:2","399,00"
"Reyo 304 Kalite Paslanmaz Çelik, Tam Yüzeyli Tartım Küreği, Erzak Küreği, Gıda Küreği, Şaşula - No:1","369,00"
"Haegs Kadın Termal Çanta, Yalıtımlı Yemek Taşıma Çantası, Sızdırmaz Beslenme Kutusu, Ofis Kamp Piknik Çantası 11L - Yeşil","1.789,00"
Reyo Falez 5 Raflı Metal Köşe Kitaplık Dekoratif Aksesuar Rafı Çiçeklik Salon Dekoratif Çok Amaçlı Raf Traventen,"1.699,00"
Reyo Falez 5 Raflı Metal Köşe Kitaplık Dekoratif Aksesuar Rafı Çiçeklik Salon Dekoratif Çok Amaçlı Raf,"1.799,00"
Reyo Kitaplık 10 Raflı Dekoratif Bölmeli Ev Ofis Çok Amaçlı Beyaz,"1.699,00"
Reyo Falez Kitaplık 10 Raflı Dekoratif Bölmeli Ev Ofis Çok Amaçlı Ceviz,"1.699,00"
Enda Home Oras 6 Raflı 2 Kapaklı Klasik Kitaplık Atlantik Çam,"4.399,00"
Reyo Şık Tasarımlı 6 Raflı Çiçeklik Çok Amaçlı 6 Katlı Modern Saksılık 160x43 Cm Beyaz,"1.199,00"
"Reyo Çalışma Masası Kitaplıklı, Bilgisayar Masası, Ofis Masası Efes","1.185,00"
"Reyo Çalışma Masası Kitaplıklı, Bilgisayar Masası, Ofis Masası Ceviz","1.185,00"
"Reyo Çalışma Masası Kitaplıklı, Bilgisayar Masası, Ofis Masası Beyaz","1.185,00"
Reyo Kitaplık Raf 9 Bölmeli Atlantik Çam,"1.490,00"
Baby Icon Saç Ve Vücut Bebek Şampuanı Vegan Sülfat Ve Parfüm Içermez 300 Ml,"299,00"
Chicco Cuddle & Bubble Bebek Küveti Comfort Ocean,"10.699,00"
Chicco Swing Relax & Play Bebek Salıncağı,"4.799,00"
Baby Icon Yeni Doğan Bebek Bakım Masaj Yağı Bebe Yağı Baby Oil 100ml,"199,00"
Mamatoyz Fold Öğrenme Kulesi – Sarı Kuş,"4.799,00"
bblüv Üvi 4'ü 1 Arada UV Portatif Sterilizatör,"1.399,00"
Norfolk Pro Safety Easy Fit Bebek Taşıma Kangurusu - 0-3 Yaş Kanguru,"739,00"
bblüv Moskitö Sessiz Sivrisinek Toplayıcı Lamba,"2.399,00"
bblüv Rino Pilli Burun Aspiratörü,"2.299,00"
"Reyo 3in1 Montessori Sallanan At, Mama Sandalyesi, Aktivite Masası","6.189,00"
Tommee Tippee TwistClick Bebek Bezi Çöp Kova Sistemi,"999,00"
Mamatoyz Kule Öğrenme Kulesi – Köpek,"4.649,00"
Reyo Penguen Figürlü Havlu Panço,"599,00"
Mamatoyz Ministep Çok Amaçlı Tabure Oturak,"3.099,00"
Alfa Country Montessori Çocuk 1 Mickey Sandalye Beyaz-Kahve,"799,00"
Baby Icon Bebek Köpük Şampuanı Vegan Doğal İçerikli Konak Önleyici Şampuan 150 ml,"259,00"
bblüv Termö Temassız Dijital Kızılötesi Termometre Ateş Ölçer,"3.399,00"
bblüv Foöd Kaşıklı Termal Mama Termosu Yeşil,"1.849,00"
Reyo Ahşap Katlanabilir Mama Sandalyesi Gürgen Cilalı,"6.099,00"
Havlu Denizi Ev Tekstil Ürünleri Figürlü Kapüşonlu Wellsoft Battaniye Unicorn battaniye,"599,00"
Reyo Unicorn Figürlü Havlu Panço,"599,00"
Reyo Kuzu Figürlü Nakışlı Havlu Panço,"599,00"
Norfolk Baby Sleep Oyuncaklı Sallanır Bebek Beşiği Hamak Beşik Ekru,"1.799,00"
Baby Marine Katlanabilir Top Havuzu - Oyun Alanı - Oyun Halısı (Toplar Dahil Değildir),"889,00"
Babyjem Emniyet Kemeri Boyun Koruyucu Ekru,"259,00"
Mamatoyz 03DWA Driveme Wood Ambulans Yürüteç – Bin Sür – Oyuncak Deposu,"2.829,00"
Micro Mini Micro 3in1 Deluxe 3 Tekerlekli Scooter Pembe,"6.499,00"
Reyo Hayvan Figürlü Ahşap Amigurumi Çocuk Taburesi Tavşan,"1.499,00"
Mamatoyz 03DSB Driveme Soft Ayı Figürlü | Yürüteç Bin Sür Oyuncak Deposu,"2.899,00"
Mamatoyz 03DWp DriveMe Wood Polis – Yürüteç ve Oyuncak Deposu Walker and Toy Wagon,"2.769,00"
Mamatoyz 03DSC DriveMe Soft İnek Figürlü -Yürüteç ve Oyuncak Deposu,"2.625,00"
Mamatoyz Fold Öğrenme Kulesi – Mint,"4.799,00"
Mamatoyz Kule Öğrenme Kulesi – Fare,"4.649,00"
Mamatoyz RideMe Denge Bisikleti – Balance Bike,"3.199,00"
Mamatoyz Tribike | Yürüme Bisikleti,"2.475,00"
Mamatoyz Pony Sallanan At,"2.310,00"
Mamatoyz Yay Ahşap Denge Tahtası,"2.899,00"
Mamatoyz Mama Sandalyesi 10MC,"6.499,00"
Mamatoyz Trio Stroller İlk Adım Yürüteç ve Oyuncak Bebek Arabası,"1.999,00"
Mamatoyz Trio Shopper Yürüteç ve Oyuncak Avm Arabası,"1.999,00"
Mamatoyz Massam Beyaz Mdf Aktivite Masası,"2.349,00"
Mamatoyz 01Mf Massam Tilki Figürlü Ahşap Aktivite Masası,"3.689,00"
Mamatoyz Ayı Figürlü Ahşap Aktivite Masası,"3.999,00"
Mamatoyz Öğrenme Kulesi Beyaz- Mdf 07KM,"4.649,00"
Alfa Country Montessori Çocuk 1 Adet Bunny Sandalye Kahverengi,"599,00"
Alfa Country Montessori Çocuk 1 Adet Bunny Sandalye Beyaz,"799,00"
Alfa Country Montessori Çocuk Masası 1 Masa & 2 Mickey Sandalye Kahverengi,"2.750,00"
Alfa Country Montessori Çocuk Masası 1 Masa & 1 Mickey Sandalye Kahverengi,"2.199,00"
Alfa Country Montessori Çocuk 1 Mickey Sandalye Kahverengi,"799,00"
Alfa Country Montessori Çocuk 1 Mickey Sandalye Beyaz,"799,00"
Alfa Country Montessori Geyik Sandalyeli Çalışma Masası 2 Sandalye 1 Masa Kahverengi,"2.899,00"
"Alfa Country Sincap Montessori Pikler Aktivite Ve Oyun Masası, Kaydıraklı Tırmanma Seti Ve Sandalye","4.599,00"
Funko POP Star Wars Rise of Skywalker Jannah Figür,"699,00"
Reyo Beberotti Müslin Set Aslanlı,"1.299,00"
Reyo Beberotti Müslin Set Kalpli,"1.299,00"
Reyo Beberotti Müslin Set Bulut,"1.190,00"
Reyo Beberotti Müslin Set Zürafa,"1.190,00"
Reyo Beberotti Müslin Set Güneş,"1.299,00"
Reyo Beberotti Müslin Set Fare,"1.299,00"
Reyo Beberotti Müslin Set Tavşan,"1.899,00"
Reyo Beberotti Müslin Set Koala,"1.299,00"
Reyo Beberotti Müslin Set Köpekli,"1.299,00"
Reyo Beberotti Müslin Set Pembe Balonlu,"1.299,00"
Reyo Beberotti Müslin Set Mavi Balonlu,"1.299,00"
Reyo Beberotti Müslin Set Tavşanlı Ekru,"899,00"
Reyo Beberotti Müslin Set Pembe Ayıcıklı,"899,00"
Reyo Beberotti Müslin Set Önlüklü,"799,00"
Reyo Beberotti Müslin Set Balinalı,"899,00"
Reyo Beberotti Müslin Set Gökkuşağı ve Tavşan,"1.299,00"
Reyo Beberotti Müslin Set Gri Fare,"1.299,00"
Reyo Beberotti Müslin Set Güneş ve Dinazor,"899,00"
Mamatoyz 17GIMY Doğal Montessori Bebek Egzersiz Oyun Halı Matı ve Kitaplık,"3.399,00"
Reyo Beberotti Müslin Set Yıldız ve Köpek,"1.299,00"
Reyo Beberotti Müslin Set Balonlu Koala,"1.299,00"
Infantino Kapüşonlu Ergonomik Kanguru,"2.499,00"
Reyo Beberotti Müslin Bebek Şapkası Aslanlı,"129,00"
Reyo Beberotti Müslin Önlük Fular Aslanlı,"109,00"
Reyo Beberotti Müslin Önlük Fular Dinozorlu,"109,00"
Reyo Beberotti Müslin Önlük Fular Kalpli,"109,00"
Reyo Beberotti Müslin Bebek Şapkası Balinalı,"129,00"
Reyo Beberotti Müslin Önlük Fular Gökkuşağı,"109,00"
Reyo Beberotti Müslin Önlük Fular Fare,"109,00"
Reyo Beberotti Müslin Önlük Fular Koala,"109,00"
Reyo Beberotti Müslin 4'lü Ağız Ter Bezi Mint,"139,00"
Reyo Beberotti Müslin 4'lü Ağız Ter Bezi Petrol Mavisi,"139,00"
Reyo Beberotti Müslin 4'lü Ağız Ter Bezi Bej,"139,00"
Reyo Beberotti Müslin 4'lü Ağız Ter Bezi Balina,"139,00"
Reyo Beberotti Müslin 4'lü Ağız Ter Bezi Hardal Sarı,"139,00"
Reyo Beberotti Müslin 4'lü Ağız Ter Bezi Yeşil,"139,00"
Reyo Beberotti Müslin 4'lü Ağız Ter Bezi Güneş,"139,00"
Reyo Beberotti Müslin 2'li Örtü Sarı Güneş,"499,00"
Reyo Beberotti Müslin 2'li Örtü Petrol Mavisi Güneş,"499,00"
Reyo Beberotti Müslin 2'li Örtü Gri Balonlu,"499,00"
Reyo Beberotti Müslin 2'li Örtü Vizon Tavşanlı,"499,00"
Reyo Beberotti Müslin 2'li Örtü Vizon Ayıcıklı,"499,00"
Reyo Beberotti Müslin Tekli Örtü Yeşil 120 cm,"399,00"
Reyo Beberotti Müslin Tekli Örtü Tarçın 120 cm,"399,00"
Reyo Beberotti Müslin Tekli Örtü Zürafa 120 cm,"399,00"
Reyo Beberotti Müslin Tekli Örtü Bulut 120 cm,"399,00"
Reyo Beberotti Müslin Tekli Örtü Mavi 120 cm,"549,00"
Reyo Beberotti Müslin Tekli Örtü Hardal Sarı 120 cm,"549,00"
Reyo Beberotti Müslin Bebek Şapkası Balonlu,"129,00"
Reyo Beberotti Müslin Bebek Şapkası Güneş,"129,00"
Reyo Beberotti Müslin Önlük Fular Güneş,"109,00"
Reyo Beberotti Müslin Önlük Fular Balina,"109,00"
Reyo Beberotti Müslin 4'lü Ağız Ter Bezi Ekru,"139,00"
Reyo Beberotti Müslin 4'lü Ağız Ter Bezi Bulut,"139,00"
Reyo Beberotti Müslin 4'lü Ağız Ter Bezi Tavşan,"139,00"
Reyo Beberotti Müslin 4'lü Ağız Ter Bezi Balon,"139,00"
Reyo Beberotti Müslin 4'lü Ağız Ter Bezi Ayıcık,"139,00"
Reyo Beberotti Müslin Bebek Panço Tavşanlı,"599,00"
Reyo Beberotti Müslin Bebek Panço Yıldız,"599,00"
Reyo Beberotti Müslin Bebek Panço Fare,"599,00"
Reyo Beberotti Müslin Uyku Oyun Arkadaşı Pembe,"249,00"
Reyo Beberotti Müslin Uyku Oyun Arkadaşı Hardal,"249,00"
Reyo Beberotti Müslin Uyku Oyun Arkadaşı Gri,"249,00"
Reyo Beberotti Müslin Uyku Oyun Arkadaşı Petrol Mavisi,"249,00"
Reyo Beberotti Müslin Uyku Oyun Arkadaşı Açık Yeşil,"249,00"
Reyo Beberotti Müslin Uyku Oyun Arkadaşı Koyu Yeşil,"249,00"
Reyo Beberotti Müslin Uyku Oyun Arkadaşı Mor,"249,00"
Reyo Beberotti Müslin Uyku Oyun Arkadaşı Vişne,"249,00"
Reyo Beberotti Müslin Uyku Oyun Arkadaşı Vizon,"249,00"
Reyo Beberotti Müslin Uyku Oyun Arkadaşı Ekru,"249,00"
Reyo Doğal Aktivite Askılığı,"699,00"
Reyo Kahverengi Anakucağı Beşik,"2.999,00"
Reyo Beyaz Market Arabası,"599,00"
Reyo Beberotti Balonlu Müslin Set,"899,00"
Reyo Beberotti Aslanlı Müslin Set,"199,00"
Reyo Beberotti Balinalı Müslin Set,"199,00"
Mamatoyz Piky Pikler Tırmanma Üçgeni ve Kaydırak,"6.429,00"
"Reyo DA-15 Amedan Sepet Beşik 0-2 Yaş ""Krem Fr. Dantelli Uyku Seti"" ile","6.490,00"
"Reyo DS-05 Doğal Ahşap Sepet Beşik ""Krem Fr. Dantelli Uyku Seti"" İle","5.490,00"
"Reyo DM-01 Doğal Mabela Anne Yanı Beşik ""Renkli Yıldız"" Uyku Seti ile","7.499,00"
"Reyo DR-15 Elyeza Anne Yanı Beşik ""Krem Fransız Dantelli"" Uyku Seti ile","7.499,00"
Waboba Sharky Shark Suda Batmayan Top,"599,00"
Chicco 6sı 1 Arada Bebek Seyahat Seti,"999,00"
Mamatoyz Flip Mint 3'ü 1 Arada Öğrenme Kulesi & Aktivite Masası & Yazı Tahtası,"5.999,00"
Mamatoyz Flip Natural 3'ü 1 Arada Öğrenme Kulesi & Aktivite Masası & Yazı Tahtası,"4.945,00"
Mamatoyz Flip Terra Cotta 3'ü 1 Arada Öğrenme Kulesi & Aktivite Masası & Yazı Tahtası,"5.389,00"
Reyo Hayvan Figürlü Ahşap Amigurumi Çocuk Taburesi Sarı Zürafa,"1.499,00"
Waboba Moonshine Işıklı Top Yeşil,"699,00"
Waboba Moonshine Işıklı Top Mavi,"699,00"
Waboba Moonshine Işıklı Top Turuncu,"699,00"
Mamatoyz Fold Öğrenme Kulesi – Gri,"4.999,00"
Boule De Petite Siyah Çok Fonksiyonlu Çanta,"5.799,00"
Boule De Petite Mavi Çok Fonksiyonlu Çanta,"5.799,00"
Boule De Petite Bordo Çok Fonksiyonlu Çanta,"5.799,00"
Boule De Petite Gri Çok Fonksiyonlu Çanta,"5.799,00"
AlfaCountry Pikler Halkası Çocuk Aktivite Masası ( Minder Dahil Değil),"3.399,00"
Doona i Bebek Arabasına Dönüşen Tekerlekli Gr 0 i-Size Ana Kucağı Oto Koltuğu - Blush Pink,"59.990,00"
Doona  İ Yeni Nesil Desert Green Bebek Arabası ve Oto Koltuğu,"59.990,00"
Doona i Bebek Arabasına Dönüşen Tekerlekli Gr 0 i-Size Ana Kucağı Oto Koltuğu - Nitro Black,"59.990,00"
Doona i Bebek Arabasına Dönüşen Tekerlekli Gr 0 i-Size Ana Kucağı Oto Koltuğu - Sahara Sand,"59.990,00"
SmarTrike Xtend Büyüyebilen Ride On Scooter (1 - 12 Yaş) - Blue,"10.794,00"
SmarTrike Xtend Ride On Sarı Ebeveyn Kontrollü 3 Tekerlekli Çocuk Scooter,"10.794,00"
SmarTrike Xtend Ride On Ebeveyn Kontrollü 3 Tekerlekli Çocuk Scooter Turuncu,"10.794,00"
SmarTrike Traveler Beyaz Bebek Arabası ve Bisiklet,"23.994,00"
SmarTrike Traveler Yeşil Bebek Arabası ve Bisiklet,"23.994,00"
SmarTrike Traveler Mavi Bebek Arabası ve Bisiklet,"23.994,00"
SmarTrike Traveler Siyah Bebek Arabası ve Bisiklet,"23.994,00"
Gezenbebe Beyaz Gürültü Bebek Hoparlörü - Uyku ve Konsantrasyon Yardımcısı,"1.795,00"
Gezenbebe Buddy Sallanan Arkadaş - Koala,"2.995,00"
Gezenbebe Buddy Sallanan Arkadaş - Teddy,"2.995,00"
Gezenbebe Çocuklar İçin Arka Koltuk Düzenleyici,"1.195,00"
Gezenbebe Çok Fonksiyonlu Kişiselleştirilebilir Bebekli Aile Bebek Bakım Sırt Çantası Black,"3.844,00"
Gezenbebe Çok Fonksiyonlu Kişiselleştirilebilir Bebekli Aile Bebek Bakım Sırt Çantası Grey,"3.844,00"
Gezenbebe Katlanabilir Seyahat Çocuk Tuvaleti,"895,00"
"Gezenbebe 3'ü 1 Arada Bebek Arabası Telefon, Şişe ve Atıştırmalık Tepsisi","895,00"
Gezenbebe Araç Koltuğu Tablet Tutucu,"1.790,00"
Gezenbebe Bebek Arabası Telefon Tutucu,"1.190,00"
Gezenbebe Bebek Arabası Bardak Tutucu,"1.190,00"
Gezenbebe 360 Derece Dönebilen Bebek Arabası Kancası,"773,00"
SmarTrike Xtend 3 Aşamalı Büyüyebilen Çocuk Scooterı (3-12 Yaş) - Lime,"10.194,00"
SmarTrike Xtend 3 Aşamalı Büyüyebilen Çocuk Scooterı (3-12 Yaş) - Orange,"10.194,00"
Baby Icon Organik Vegan Saç ve Vücut Bebek Şampuanı 500ML,"289,00"
Baby Icon Kolay Tarama Spreyi 200 ml,"219,00"
Baby Icon Hero Stick 15 ml,"249,00"
Reyo Townew ve Heyplus Uyumlu Kartuşsuz Çöp Poşeti,"599,00"
Doona 360° Siyah Bebek Arabası Koruma Aksesuarı,"5.990,00"
Doona i Isofix Baza,"27.590,00"
Doona Sineklik ve Böcek Koruyucu,"5.390,00"
Reyo Korbell 15/16L Uyumlu Yerli Bebek Bezi Çöp Poşeti 4lü,"549,00"
Reyo Motek Bebek Bezi Kovaları İçin Muadil Çöp Poşeti 3lü,"449,00"
Gezenbebe Arka Koltuk Bebek Aynası,"1.553,00"
Gezenbebe 4'lü Seyahat Aksesuarları Seti,"2.795,00"
Gezenbebe Araba İçin Tablet Düzenleyici,"1.195,00"
Gezenbebe Katlanabilir Çocuk Tuvaleti,"1.490,00"
Neutron Townew Dolum Halkaları 6x25 Çöp Torbası,"1.399,00"
Reyo Melek Göz LED Akıllı Çocuk Çantası Sarı,"4.999,00"
Reyo Koca Göz LED Akıllı Çocuk Çantası Turuncu,"4.699,00"
Reyo PixelBag Mini Led Çocuk Çantası Mavi,"4.099,00"
Reyo PixelBag Mini Led Çocuk Çantası Siyah,"4.099,00"
Reyo PixelBag Mini Led Çocuk Çantası Pembe,"4.099,00"
Reyo PixelBag Led Çanta Siyah,"4.899,00"
Reyo PixelBag Led Çanta Pembe,"4.899,00"
Reyo PixelBag Led Çanta Mavi,"4.899,00"
Ternx Carry On Valiz ve Kabin Boy Bebek Arabası Siyah,"39.750,00"
Hipnotico Spicy Oversize T-Shirt,"249,00"
Hipnotico Bogota Bucket Hat Balıkçı Şapkası,"699,00"
Hipnotico Panama Bucket Hat Balıkçı Şapkası,"699,00"
Hipnotico Havana Bucket Hat Balıkçı Şapkası,"699,00"
"Hipnotico ""Every Child is an Artist"" Çocuk T-Shirt","549,00"
"Hipnotico ""Every Child is an Artist"" Yetişkin T-Shirt","599,00"
"Hipnotico ""Don't Look Back"" Oversize T-Shirt","599,00"
"Hipnotico ""I Am Unique"" Oversize T-Shirt","599,00"
"Hipnotico ""Don't Compare Your Life To Others"" Unisex T-Shirt","599,00"
"Hipnotico ""Only You Can Turn Your Dreams Into A Reality"" Oversize T-Shirt","599,00"
Duver Metal Kutu Tam Set 200 ml,"899,00"
Hipnotico Shark Slides Köpek Balığı Terlik,"999,00"
Hipnotico Çocuk Shark Slides Köpek Balığı Terlik Sandalet,"899,00"
Therabody TheraCup Kupa Terapisi 4'lü Set,"38.500,00"
Therabody TheraCup Kupa Terapisi,"10.200,00"
Therabody Wave Roller,"9.100,00"
Therabody Wave Duo,"6.700,00"
TRX Pink Suspension Trainer Egzersiz Seti,"14.500,00"
Evacool EVAS100 100W Katlanır Solar Panel,"9.330,00"
Therabody RecoveryTherm Cube,"9.900,00"
Parex Windy Sprey Mop Mikrofiber Yedek Bez,"199,00"
Theragun Relief Sand,"9.200,00"
Reyo  3x4.5 Kolay Kurulum Pratik Çardak Tente Gazebo Kamelya,"13.499,00"
Reyo 3x3 Yeşil Akordiyon Katlanır Çardak,"9.999,00"
Reyo 3x3 Krem Hızlı Kurulum Çardak,"9.999,00"
Reyo 3x2 Çok Pratik Katlanır Akordiyon Çardak Krem,"9.799,00"
Dragon Akrobat Lüx Portatif Ev Ofis Tipi Langırt Masası,"34.800,00"
Dragon Çocuklar İçin Ejder Model Air Hockey Masası,"97.999,00"
Reyo Premium Serisi Altıgen Profil Mavi 3x3 Katlanır Makaslı Çardak,"10.999,00"
Reyo Premium Serisi Altıgen Profil Yeşil 3x3 Katlanır Makaslı Çardak,"10.999,00"
Reyo Premium Serisi Altıgen Profil Krem 3x3 Katlanır Makaslı Çardak,"10.999,00"
Reyo Premium Serisi Altıgen Profil Sarı 3x3 Katlanır Makaslı Çardak,"10.999,00"
Hipnotico Köpek Balığı Terlik Shark Slides,"999,00"
"Reyo 3×4,5 Premium Makaslı Katlanır Çardak","15.490,00"
Reyo 3x3 Mavi Hızlı Kurulum Çardak,"9.999,00"
Reyo 3x3 Beyaz Hızlı Kurulum Çardak,"9.999,00"
Reyo 3x3 Siyah Hızlı Kurulum Çardak,"9.999,00"
"Hipnotico ""Winter"" Gömlek","899,00"
"Hipnotico ""Summer"" Gömlek","899,00"
"Hipnotico ""Joyful"" Gömlek","949,00"
Dragon Elegant Gold Yüksek Kalite Tasarım Langırt Masa Futbolu Foosball,"149.290,00"
Trx Rip Trainer Kondisyon Halatı,"14.500,00"
Trx - Door Anchor Kondisyon Aleti,"1.700,00"
Trx Suspension Training Mat,"4.500,00"
Samsung EF-DX925BBEGTR TAB S10/S9 ULTRA  Klavyeli Mousepadli Siyah Kılıf,"12.899,00"
"Hipnotico ""The Sun"" Uzun Kollu T-Shirt","949,00"
Momax Vibe Go Manyetik Taşınabilir Kablosuz Hoparlör Desert Titanyum,"1.095,00"
Momax Q2.Mag 3'ü 1 Arada Katlanabilir Qi2 15W Manyetik Kablosuz Şarj Standı,"7.499,00"
Reyo Dizayn Doğal Ahşap Ev Içi Kullanıma Uygun Kaymaz Tabanlı Step Tahtası 10x25x50 cm,"599,00"
Reyo Doğal Ahşaptan Ev içi Kullanıma Uygun Kaymaz Tabanlı Step Tahtası 18x25x50 cm,"789,00"
Imilab EC3 Lite 2K 270° Wifi Dış Mekan Kamerası,"2.299,00"
Imilab EC6 Dual 2K+2K Çift Lensli 360 Dış Mekan Güvenlik Kamerası,"3.229,00"
Imilab EC5 2K 360° IP66 Dış Mekan Güvenlik Kamerası,"2.949,00"
Reyo 2×2 Makaslı Katlanır Çardak Mavi,"8.499,00"
Reyo Bot Tekne Kayık Kano için Güneşlik Tente (aks aralığı 130 cm.),"6.990,00"
Reyo Palo Santo 1 ADET,"119,00"
"Reyo Nazar, Bereket, Şans Tütsü Demeti Arınma 3'lü Ritüel Set","269,00"
"Hipnotico ""Ocean"" Gömlek","949,00"
Reyo Enerji Ritüeli Mum Vanilya Oryantal ve Baharat Notalı %100 Soya Wax Meditasyon Aromaterapi,"189,00"
"Hipnotico ""Ocean"" Şort","799,00"
"Hipnotico ""Ocean"" Takım","1.699,00"
"Hipnotico ""Crab"" Gömlek","949,00"
"Hipnotico ""Crab"" Şort","799,00"
"Hipnotico ""Crab"" Takım","1.699,00"
"Hipnotico ""Sun"" Gömlek","949,00"
"Hipnotico ""Sun"" Şort","799,00"
"Hipnotico ""Joyful"" Şort","799,00"
"Hipnotico ""Joyful"" Takım","1.699,00"
Ferrino Kayık Tekne Sandal Aparatı 2.6hp Marşlı Motorlu 2 Zamanlı,"10.500,00"
Trx Pro4 Camo,"18.200,00"
Reyo 3×3 Bagaj Boy Premium Beyaz Katlanır Çardak (115cm),"10.999,00"
Reyo 3×3 Bagaj Boy Premium Krem Katlanır Çardak (115cm),"10.999,00"
Reyo 3×3 Bagaj Boy Premium Turuncu Katlanır Çardak (115cm),"10.999,00"
Reyo 3×3 Bagaj Boy Premium Mavi Katlanır Çardak (115cm),"10.999,00"
Reyo 3×3 Bagaj Boy Premium Yeşil Katlanır Çardak (115cm),"10.999,00"
Reyo 3×3 Bagaj Boy Premium Gri Katlanır Çardak (115cm),"10.999,00"
Intex Mega Chill 2 3P Yüzebilir Şişme İçecek Taşıyıcı ve Soğutucu,"1.299,00"
Dragon 405B Kolay Kurulum Çocuk Basket Potası Basketbol Oyunu,"9.775,00"
"Hipnotico ""Soleil"" Kimono","1.099,00"
"Hipnotico ""Oceanica"" Kolye","699,00"
"Hipnotico ""Oceanica"" Bileklik","549,00"
Momax Pinguard Casus Kamera Dedektörü ile Konum Belirleyici,"1.599,00"
S-link IP-G10N 10000 mAh Powerbank Siyah,"399,00"
Reyo 3x2 Turkuaz Katlanabilir Makaslı Çardak Tente,"7.999,00"
Genco GK01 Fırınlı Kamp Sobası Taşınabilir Çadır Sobası,"4.615,00"
Genco GK02 Şömineli Fırınlı Kamp Sobası Taşınabilir Çadır Sobası,"5.919,00"
Genco GK04 Fırınsız Camlı Kamp Sobası Taşınabilir Çadır Şöminesi,"5.919,00"
Momax 1-Vibe Go Magnetic Wireless Taşınabilir Kablosuz Hoparlör Titanium,"1.299,00"
Momax 1-Vibe Go Magnetic Wireless Taşınabilir Kablosuz Hoparlör Blue,"1.299,00"
Momax 1-Vibe Go Magnetic Wireless Taşınabilir Kablosuz Hoparlör Pink,"1.299,00"
Momax 1-Vibe Lite Gerçek Kablosuz Gürültü Engelleyici Kulaklık Black,"2.199,00"
Momax UD36L 1-Charge Q.Port 3-in-1 Katlanabilir Qi2 15W Manyetik Kablosuz Şarj Standı - Titanyum,"5.999,00"
Momax 1-Vibe Lite Gerçek Kablosuz Gürültü Engelleyici Kulaklık Titanium,"2.199,00"
Momax 1-Vibe Lite Gerçek Kablosuz Gürültü Engelleyici Kulaklık Desert Titanium,"2.199,00"
"Hipnotico ""Terra"" Sweatshirt","1.399,00"
"Hipnotico ""Miel"" Uzun Kollu","1.299,00"
Reyo Rider Led Orta Boy Motorcu Çantası,"8.299,00"
Reyo Shadow Rider Led Büyük Boy Motorcu Çantası,"8.999,00"
Reyo Lion King Led Büyük Boy Motorcu Çantası,"8.999,00"
"S-Link P107 10000mAh Type-C, LCD Taşınabilir Şarj Cihazı Powerbank","699,00"
Dragon Sultan Model Air Hockey (209),"155.000,00"
Dragon Camlı Sempati Langırt Masası 101-A - Jetonlu,"44.500,00"
Dragon Tayfun 201/A Air Hockey Masası,"118.562,00"
Dragon 303 Çim Topu Oyun Makinesi,"74.000,00"
Dragon 420 Atari Oyun Makinesi,"50.025,00"
Igofor 3 Tekerlekli Katlanabilir Elektrikli Oturulabilir Scooter Siyah,"68.500,00"
Igofor 3 Tekerlekli Katlanabilir Elektrikli Oturulabilir Scooter Gri,"68.500,00"
Igofor 3 Tekerlekli Katlanabilir Elektrikli Oturulabilir Scooter Pembe,"68.500,00"
AirWheel SE3S Elektrikli Binilebilir Scooter Valiz Siyah,"29.900,00"
AirWheel SE3S Elektrikli Binilebilir Scooter Valiz Gri,"29.900,00"
AirWheel SE3S Elektrikli Binilebilir Scooter Valiz Pembe,"29.900,00"
Airwheel SE3SL Elektrikli Binilebilir Scooter Valiz Siyah,"33.990,00"
Airwheel SE3SL Elektrikli Binilebilir Scooter Valiz Pembe,"33.990,00"
AirWheel SE3MINIT Elektrikli Binilebilir Scooter Valiz Siyah,"26.500,00"
AirWheel SE3MINIT Elektrikli Binilebilir Scooter Valiz Gri,"26.500,00"
AirWheel SE3MINIT Elektrikli Binilebilir Scooter Valiz Pembe,"26.500,00"
Airwheel SQ3 Çocuklar İçin Elektrikli Binilebilir Scooter Valiz Mavi,"21.900,00"
Zampago Panda Kabin Boy Çocuk Valizi,"7.190,00"
Zampago Cheerful Kabin Boy Çocuk Valizi,"8.250,00"
Zampago Robix Kabin Boy Çocuk Valizi,"6.830,00"
ZampaGo BlinkCase Kabin Boy Ledli Çocuk Valizi Gri,"12.350,00"
Zampago Duffy Kabin Boy Çocuk Valizi,"8.250,00"
Zampago BlinkCase Kabin Boy Ledli Çocuk Valizi Turuncu,"12.350,00"
Zampago Motto Kabin Boy Çocuk Valizi,"6.950,00"
Zampago Ironman Bold Grafitti Led Işıklı Sırt Çantası,"7.900,00"
Zampago Ironman SE Led Işıklı Sırt Çantası,"7.499,00"
Zampago ShowMe Led Ekranlı Zımbalı Sırt Çantası Siyah,"4.500,00"
Zampago ShowMe Led Ekranlı Desenli Sırt Çantası Gri,"4.500,00"
Zampago ShowMe Led Ekranlı Desenli Sırt Çantası Mavi,"4.500,00"
Zampago Owl Led Işıklı Motorcu Sırt Çantası,"7.800,00"
Zampago Glow Led Ekranlı Sırt Çantası Siyah,"8.849,00"
Zampago Golden Retriwer Led Işıklı Çocuk Sırt Çantası,"4.350,00"
Zampago Buzzy Led Işıklı Çocuk Sırt Çantası,"4.350,00"
Zampago Big Eye Led Işıklı Çocuk Sırt Çantası Pembe,"4.350,00"
Zampago Big Eye Led Işıklı Çocuk Sırt Çantası Beyaz,"4.350,00"
Zampago Blinker Led Işıklı Valiz,"8.750,00"
Zampago Glint Ekranlı Led Işıklı Valiz Siyah,"8.750,00"
Zampago ShadowCat Led Işıklı Grafitti Bel Çantası,"4.299,00"
Zampago Sling Led Işıklı Bel Çantası Mavi,"3.450,00"
Zampago Sling Led Işıklı Bel Çantası Pembe,"3.450,00"
Samsung EF-DX925BWEGTR TAB S10/S9 ULTRA  Klavyeli Mousepadli Beyaz Kılıf,"12.499,00"
"Hipnotico ""Tropica"" Sweatshirt","1.299,00"
Reyo Golden Retriever LED Ekranlı Akıllı Sırt Çantası Işıklı Dijital Ekran Çanta,"4.099,00"
Reyo Road King LED Işıklı Sırt Çantası Motorcu Çantası Büyük Boy,"8.999,00"
"Reyo Owl Led Ekranlı Orta Boy Sırt Çantası, Motorcu Çantası, Baykuş","8.999,00"
Hipnotico Nomadica Stripe Top,"999,00"
Hipnotico Nomadica Stripe Pantolon,"1.199,00"
Hipnotico Nomadica Stripe Takım,"2.099,00"
Hipnotico Vivida T-Shirt,"899,00"
"HAEGS Full Alüminyum Katlanır Kamp Sehpası, Plaj, Outdoor Kamp Piknik Masası Küçük Boy - Gümüş","1.299,00"
"HAEGS Full Alüminyum Katlanır Kamp Masası, Piknik, Plaj, Outdoor Hafif Kamp Masası Küçük Boy - Siyah","1.299,00"
"HAEGS Full Alüminyum Katlanır Kamp Masası, Piknik, Plaj, Outdoor Hafif Kamp Masası Orta Boy - Siyah","1.569,00"
"HAEGS Full Alüminyum Katlanır Kamp Masası, Piknik, Plaj, Outdoor Hafif Kamp Masası Orta Boy - Gümüş","1.579,00"
"HAEGS Full Alüminyum Katlanır Kamp Masası, Piknik, BBQ, Balıkçılık, Doğa Aktiviteleri, Plaj için Kolay Taşınabilir Kompakt Outdoor Ultra Hafif Kamp Masası Büyük Boy - Gümüş","1.869,00"
"HAEGS Full Alüminyum Katlanır Kamp Masası, Piknik, BBQ, Balıkçılık, Doğa Aktiviteleri, Plaj için Kolay Taşınabilir Kompakt Outdoor Ultra Hafif Kamp Masası Büyük Boy - Siyah","1.657,00"
"Haegs Güçlendirilmiş Alüminyum Katlanır Kamp Masası, Katlanabilir Outdoor Masa, Piknik Masası, Menteşeli Sistem, Dayanıklı Sağlam Gövdeli Kamp Masası, Taşınabilir Hafif, 3-4 Kişilik, 70x70x60cm Gümüş","2.099,00"
"Haegs Portatif Küçük Masa Alüminyum Ultra hafif Katlanır Mini Masa - Plaj, Piknik, Kamp, Balıkçı, Outdoor Küçük Sehpa Masa - Gümüş","1.349,00"
"Haegs Saklama Dolaplı Kamp Masası, Outdoor Kamp Mutfağı, Kamp Dolabı, Katlanabilir Kamp Piknik Masası, Seyahat Mutfağı, Mutfak Dolabı, Depolama bölmeli, Dış Mekan Mutfağı 90x50cm Naturel Meşe","3.259,00"
"Haegs Masa Altı Saklama Filesi, Kamp Piknik Outdoor, Kamp Masa Altı Filesi S / 35x35cm - Mavi","599,00"
"Haegs Masa Altı Saklama Filesi, Kamp Piknik Outdoor, Kamp Masa Altı Filesi S / 35x35cm - Gri","549,00"
"Haegs Masa Altı Saklama Filesi, Kamp için Masa Altı Eşya Depolama, Düzenleyici Organizer Kese M / 45x45 cm - Mavi","599,00"
"Haegs Masa Altı Saklama Filesi, Kamp için Masa Altı Eşya Depolama, Düzenleyici Organizer Kese M / 45x45 cm - Gri","599,00"
"Haegs Masa Altı Saklama Filesi, Kamp için Masa Altı Eşya Depolama, Düzenleyici Organizer Kese File  L  / 70x30 cm - Mavi","700,00"
"Haegs Masa Altı Saklama Filesi, Kamp için Masa Altı Eşya Depolama, Düzenleyici Organizer Kese File  L  / 70x30 cm - Gri","700,00"
"Haegs Saklama Dolaplı Kamp Masası, Outdoor Kamp Mutfağı, Kamp Dolabı, Katlanabilir Kamp Piknik Masası, Seyahat Mutfağı, Mutfak Dolabı, Depolama bölmeli, Dış Mekan Mutfağı 120x60cm- Hareli Ceviz","3.799,00"
"HAEGS Portatif Kamp Masası, 2 Yükseklik Ayarlı, Katlanır Alüminyum Piknik Masası 90x50 Kumaş Desenli","2.699,00"
"Haegs Kadın Termal Çanta, Yalıtımlı Yemek Taşıma Çantası, Sızdırmaz Beslenme Kutusu, Ofis Kamp Piknik Çantası 11L - Lila","1.789,00"
"Haegs Kadın Termal Çanta, Yalıtımlı Yemek Taşıma Çantası, Sızdırmaz Beslenme Kutusu, Ofis Kamp Piknik Çantası 11L - Lacivert","1.789,00"
"Haegs Çocuk Beslenme Çantası, Öğle Yemeği Kutusu, Öğrenci Öğle Yemeği Kutusu - Dino İsland","889,00"
"Haegs Çocuk Beslenme Çantası, Öğle Yemeği Kutusu, Öğrenci Öğle Yemeği Kutusu - Bunny","889,00"
"Haegs Çocuk Beslenme Çantası, Öğle Yemeği Kutusu, Öğrenci Öğle Yemeği Kutusu - Swan","889,00"
"Haegs Çocuk Beslenme Çantası, Öğle Yemeği Kutusu, Öğrenci Öğle Yemeği Kutusu - Unicorn","889,00"
"Haegs Çocuk Beslenme Çantası, Öğle Yemeği Kutusu, Öğrenci Öğle Yemeği Kutusu - Graffiti Toys","889,00"
"Haegs Çocuk Beslenme Çantası, Öğle Yemeği Kutusu, Öğrenci Öğle Yemeği Kutusu - Monster Truck","889,00"
"Haegs Çocuk Beslenme Çantası, Öğle Yemeği Kutusu, Öğrenci Öğle Yemeği Kutusu - Speed Car","889,00"
"Haegs Çocuk Beslenme Çantası, Öğle Yemeği Kutusu, Öğrenci Öğle Yemeği Kutusu - Adventure","889,00"
"Haegs Termal Kamp Çantası, Termos Çanta, Kamp, Plaj, Piknik Çantası, Isı Yalıtımlı  Büyük Boy 38 Lt- Turkuaz","1.839,00"
"Haegs Termal Kamp Çantası, Termos Çanta, Kamp, Pla, Piknik Çantası, Isı Yalıtımlı  Büyük Boy 38 Lt - Koyu Mavi","1.839,00"
"Haegs Termal Kamp Çantası, Termos Çanta, Kamp, Plaj, Piknik Çantası, Isı Yalıtımlı  Büyük Boy 38 Lt - Gri","1.839,00"
"Haegs Termal Kamp Çantası, Termos Çanta, Kamp, Plaj, Piknik Çantası, Isı Yalıtımlı  Büyük Boy 38 Lt - Siyah","1.839,00"
"Haegs Taşıma Çantası, Uzun Geniş Çok Amaçlı Fermuarlı Dayanıklı Seyahat, Kamp Malzemeleri Saklama Çantası, Hurç, Valiz, 330L (150 x 43 x 52 cm) - Siyah","1.679,00"
"Haegs Körüklü Termal Termos Çanta, Çift Bölmeli, Yalıtımlı Beslenme Çantası, Soğutucu Buzluk Yemek Taşıma Çantası 21L - Gri","1.920,00"
"Haegs Taşıma Çantası, Çok Amaçlı Fermuarlı Dayanıklı Seyahat, Kamp Malzemeleri Saklama Çantası, Hurç, Valiz, 155L (105 x 38 x 39 cm) - Siyah","1.420,00"
"Haegs Taşıma Çantası, Uzun Dar Yüksek Çok Amaçlı Fermuarlı Dayanıklı Seyahat Spor, Kamp Malzemeleri Saklama Çantası, Hurç, Valiz, 145L (125 x 28 x 42 cm) - Siyah","1.369,00"
"Haegs Taşıma Çantası, Uzun Kare Çok Amaçlı Fermuarlı Dayanıklı Seyahat Spor, Kamp Malzemeleri Saklama Çantası, Hurç, Valiz, 135L (125 x 33 x 33 cm) - Siyah","1.329,00"
"Haegs Taşıma Çantası, Fermuarlı Dayanıklı Seyahat Spor, Kamp Malzemeleri Saklama Çantası, Hurç, Valiz, 95L (105 x 25 x 36 cm) - Siyah","1.159,00"
"Haegs Taşıma Çantası, İnce Yassı Çok Amaçlı, Kamp Masası Çantası, Fermuarlı Dayanıklı Saklama Çantası, 40L (62 x 10 x 62 cm) Siyah","739,00"
"Haegs Termal Sırt Çantası, Yalıtımlı Termos Soğutucu Çanta, Buzluk Çanta Soğutucu, Kamp, Plaj, Balıkçılık, Piknik, Beslenme Yemek Taşıma Çantası Duman Gri","1.950,00"
"Haegs Taşıma Çantası, İnce Yassı Çok Amaçlı, Kamp Masası Çantası, Fermuarlı Dayanıklı Saklama Çantası, 24L (52 x 10 x 47 cm) Siyah","769,00"
"Haegs Taşıma Çantası, İnce Uzun Çok Amaçlı Alet Tripod Olta Çantası, Fermuarlı Dayanıklı, Kamp Malzemeleri Saklama Çantası, 35L (115 x 18 x 18 cm) Siyah","660,00"
"Haegs Termal Çanta, Soğuk Sıcak Tutucu Yalıtımlı Beslenme Çantası, Soğutucu Buzluk Yemek Çantası 8,5L - Gri","1.550,00"
"Haegs Taşıma Çantası, İnce Uzun Çok Amaçlı Kamp Sandalyesi, Tripod Çantası, Fermuarlı Dayanıklı, Kamp Malzemeleri Saklama Çantası, 25L (90 x 17 x 17 cm) Siyah","649,00"
"Haegs Termal Çanta, Soğuk Sıcak Tutucu Yalıtımlı Beslenme Çantası, Soğutucu Buzluk Yemek Çantası 8,5L - Siyah","1.550,00"
"Haegs Taşıma Çantası, Çok Amaçlı Küçük Alet Çantası, Fermuarlı Dayanıklı, Kamp Malzemeleri Saklama Çantası, 20L (80 x 25 x 10 cm) Siyah","619,00"
"Haegs Taşıma Çantası, Çok Amaçlı Küçük Alet Çantası, Fermuarlı Dayanıklı, Kamp Malzemeleri Saklama Çantası, 12L (50 x 15 x 10 cm) Siyah","579,00"
"Haegs Taşıma Çantası, Fermuarlı Dayanıklı Seyahat Spor, Kamp Malzemeleri Saklama Çantası, Hurç, Valiz, 70L (60 x 30 x 30 cm) - Siyah","1.059,00"
"Haegs Termal Çanta, Soğuk Sıcak Tutucu Yalıtımlı Beslenme Çantası, Soğutucu Buzluk Yemek Çantası 15L - Siyah","1.699,00"
"Haegs Şömine Odun Çantası, Yakacak Kütük Taşıma Depolama Çantası, Şömine Odun Sobası Aksesuarları 50 x 36 cm Kahverengi","1.059,00"
"Haegs Taşıma Çantası, Fermuarlı Dayanıklı Seyahat Spor, Kamp Malzemeleri Saklama Çantası, Hurç, Valiz, 105L (115 x 30 x 30cm) - Siyah","1.269,00"
"Haegs 2in1 Fermuarlı Ağır Hizmet Çantası, Waxed Kanvas, Şömine Odun Çantası, Yakacak Kütük Taşıma Depolama Çantası, Şömine Odun Sobası Aksesuarları 46x24x44 cm Timsah Yeşili","1.899,00"
"Haegs Taşıma Çantası, Fermuarlı Dayanıklı Seyahat Spor, Kamp Malzemeleri Saklama Çantası, Hurç, Valiz, 55L (60 x 30 x 30 cm) - Siyah","949,00"
"Haegs Ağır Hizmet Çantası, Waxed Kanvas, Şömine Odun Çantası, Yakacak Kütük Taşıma Depolama Çantası, Şömine Odun Sobası Aksesuarları - Amber Sarısı","1.499,00"
"HAEGS Spor Çantası, 10 Cepli, Ayakkabı bölmeli, Su Geçirmez Islak Eşya Keseli, Organizer Tasarımlı Dayanıklı Bay Bayan Seyahat Çantası, Gym, Fitness Çantası, Medium - Mor","1.929,00"
"HAEGS Spor Çantası, 10 Cepli, Ayakkabı bölmeli, Su Geçirmez Islak Eşya Keseli, Organizer Tasarımlı Dayanıklı Bay Bayan Seyahat Çantası, Gym, Fitness Çantası, Medium - Lacivert","1.929,00"
"HAEGS Spor Çantası, 10 Cepli, Ayakkabı bölmeli, Su Geçirmez Islak Eşya Keseli, Organizer Tasarımlı Dayanıklı Bay Bayan Seyahat Çantası, Gym, Fitness Çantası, Medium - Gri","1.929,00"
"HAEGS Spor Çantası, 10 Cepli, Ayakkabı bölmeli, Su Geçirmez Islak Eşya Keseli, Organizer Tasarımlı Dayanıklı Bay Bayan Seyahat Çantası, Gym, Fitness Çantası, Medium - Siyah","1.929,00"
"Haegs Kamp Sandalyesi, Outdoor, Plaj ve Piknik için Katlanır Kamp Sandalyesi, Bardak Tutuculu, Extra Destekli, 120 Kg Taşıma Kapasiteli, Standart Boy - Turuncu","1.470,00"
"Haegs Laptop Sırt Çantası, Multi Cepli İş Seyahat Çantası, Dizüstü Bilgisayar Sırt Çantası, Suya Dayanıklı, Kolej Bilgisayar Çantası, Kadınlar ve Erkekler İçin Çok Bölmeli Organizer Çanta - Pembe","2.000,00"
"Haegs Laptop Sırt Çantası, Multi Cepli İş Seyahat Çantası, Dizüstü Bilgisayar Sırt Çantası, Suya Dayanıklı, Kolej Bilgisayar Çantası, Kadınlar ve Erkekler İçin Çok Bölmeli Organizer Çanta - Koyu Mavi","2.000,00"
"Haegs Kamp Sandalyesi, Outdoor, Plaj ve Piknik için Katlanır Kamp Sandalyesi, Bardak Tutuculu, Extra Destekli, 120 Kg Taşıma Kapasiteli, Standart Boy - Kırmızı","1.470,00"
"Haegs Laptop Sırt Çantası, Multi Cepli İş Seyahat Çantası, Dizüstü Bilgisayar Sırt Çantası, Suya Dayanıklı, Kolej Bilgisayar Çantası, Kadınlar ve Erkekler İçin Çok Bölmeli Organizer Çanta - Gri","2.000,00"
"Haegs Kamp Sandalyesi, Outdoor, Plaj ve Piknik için Katlanır Kamp Sandalyesi, Bardak Tutuculu, Extra Destekli, 120 Kg Taşıma Kapasiteli, Standart Boy - Mavi","1.470,00"
"Haegs Katlanır Yatak, Kamp Yatağı, Kamp Matı, Taşınabilir Yer Yatağı, Yıkanabilir Kılıf, Seyahat, Kamp, Araç, Karavan, Çadır ve Yoga için İdeal; 22 Dens 190x65x10 cm - Gri","2.999,00"
"Haegs Katlanır Yatak, Kamp Yatağı, Kamp Matı, Taşınabilir Yer Yatağı, Yıkanabilir Kılıf, Seyahat, Kamp, Araç, Karavan, Çadır ve Yoga için İdeal; 22 Dens 190x65x10 cm - Bej","2.999,00"
"Haegs Piknik Örtüsü, Çanta Kamp Matı, Plaj Matı, Piknik Yer Örtüsü, Seyahat, Kamp, Outdoor, Kum Tutmaz, Su Geçirmez, Katlanabilir 200x150cm - Mavi Beyaz Çizgili","929,00"
"Haegs Piknik Örtüsü, Çanta Kamp Matı, Plaj Matı, Piknik Yer Örtüsü, Seyahat, Kamp, Outdoor, Kum Tutmaz, Su Geçirmez, Katlanabilir 200x150cm - Kırmızı Çizgili","929,00"
"Haegs Ayarlanabilir Tarp Tente Direkleri, 2'li Set, Teleskopik Alüminyum Çadır Gölgelik Branda Direkleri, Kamp Direği Katlanabilir Hafif Karavan Araç Yan Tente Direği - Gümüş","1.899,00"
"Haegs Outdoor Oturma Minderi, Kamp Matı, Yürüyüş, Stadyum ve Seyahat İçin Katlanabilir Su Geçirmez Oxford Kumaş Termal Oturma Minderi - Swan","719,00"
"Haegs Outdoor Oturma Minderi, Kamp Matı, Yürüyüş, Stadyum ve Seyahat İçin Katlanabilir Su Geçirmez Oxford Kumaş Termal Oturma Minderi - Adventure","719,00"
"Haegs Outdoor Oturma Minderi, Kamp Matı, Yürüyüş, Stadyum ve Seyahat İçin Katlanabilir Su Geçirmez Oxford Kumaş Termal Oturma Minderi - Mavi Çizgili","719,00"
"Haegs Outdoor Oturma Minderi, Kamp Matı, Yürüyüş, Stadyum ve Seyahat İçin Katlanabilir Su Geçirmez Oxford Kumaş Termal Oturma Minderi - Açık Mavi","719,00"
"Haegs Outdoor Oturma Minderi, Kamp Matı, Yürüyüş, Stadyum ve Seyahat İçin Katlanabilir Su Geçirmez Oxford Kumaş Termal Oturma Minderi - Gri","719,00"
"Haegs Outdoor Oturma Minderi, Kamp Matı, Yürüyüş, Stadyum ve Seyahat İçin Katlanabilir Su Geçirmez Oxford Kumaş Termal Oturma Minderi - Siyah","719,00"
"Haegs Araba Bagaj Organizer Çanta, Çok Amaçlı Termal Çanta, Araç içi Alet Eşya Düzenleyici, Kamp Malzemeleri, Piknik Çantası, Taktik, Yalıtımlı Soğutucu Yemek Taşıma Çantası, 45 Lt, Çöl Sarısı","2.099,00"
"Haegs Araba Bagaj Organizer Çanta, Çok Amaçlı Termal Çanta, Araç içi Alet Eşya Düzenleyici, Kamp Malzemeleri, Piknik Çantası, Taktik, Yalıtımlı Soğutucu Yemek Taşıma Çantası, 45 Lt, Mavi","2.099,00"
"HAEGS Askeri Taktik Sırt Çantası, Ordu Derecesinde Sağlam, Ağır Hizmet Taktik Çanta, 3 Günlük Acil Durum Hücum Çantası, Kampçılık, Dağcılık, Trekking Seyahat Sırt Çantası- 45L - Camel Bej","2.300,00"
"HAEGS Askeri Taktik Sırt Çantası, Ordu Derecesinde Sağlam, Ağır Hizmet Taktik Çanta, 3 Günlük Acil Durum Hücum Çantası, Kampçılık, Dağcılık, Trekking Seyahat Sırt Çantası- 45L - Sarı","2.300,00"
"HAEGS Askeri Taktik Sırt Çantası, Ordu Derecesinde Sağlam, Ağır Hizmet Taktik Çanta, 3 Günlük Acil Durum Hücum Çantası, Kampçılık, Dağcılık, Trekking Seyahat Sırt Çantası- 45L - Gri","2.300,00"
"HAEGS Askeri Taktik Sırt Çantası, Ordu Derecesinde Sağlam, Ağır Hizmet Taktik Çanta, 3 Günlük Acil Durum Hücum Çantası, Kampçılık, Dağcılık, Trekking Seyahat Sırt Çantası- 45L - Siyah","2.300,00"
"HAEGS Askeri Taktik Sırt Çantası, Ordu Derecesinde Sağlam, Ağır Hizmet Taktik Çanta, 3 Günlük Acil Durum Hücum Çantası, Kampçılık, Dağcılık, Trekking Seyahat Sırt Çantası- 45L - Yeşil","2.300,00"
"HAEGS Askeri Taktik Sırt Çantası, Ordu Derecesinde Sağlam, Ağır Hizmet Taktik Çanta, 3 Günlük Acil Durum Hücum Çantası, Kampçılık, Dağcılık, Trekking Seyahat Sırt Çantası- 45L - Kamuflaj","2.300,00"
"Haegs Alüminyum Kamp Sandalyesi, Hafif Taşınabilir Katlanır Yönetmen Sandalyesi, Yan Sehpa ve Çıkarılabilir Yan Cep ile Açık Hava Kampı, Çim, Piknik, Bahçe, Teras, Balkon - Kırmızı","2.699,00"
"Haegs Alüminyum Kamp Sandalyesi, Hafif Taşınabilir Katlanır Yönetmen Sandalyesi, Yan Sehpa ve Çıkarılabilir Yan Cep ile Açık Hava Kampı, Çim, Piknik, Bahçe, Teras, Balkon - Koyu Mavi","2.699,00"
"Haegs Alüminyum Kamp Sandalyesi, Hafif Taşınabilir Katlanır Yönetmen Sandalyesi, Yan Sehpa ve Çıkarılabilir Yan Cep ile Açık Hava Kampı, Çim, Piknik, Bahçe, Teras, Balkon - Yeşil","2.699,00"
"Haegs Alüminyum Kamp Sandalyesi, Hafif Taşınabilir Katlanır Yönetmen Sandalyesi, Yan Sehpa ve Çıkarılabilir Yan Cep ile Açık Hava Kampı, Çim, Piknik, Bahçe, Teras, Balkon - Siyah","2.699,00"
"Haegs Flanel Kamp Battaniyesi, Seyahat Yorganı Dış Mekan Hafif Kompakt Outdoor Kamp Çadır Karavan Battaniye 215-150 cm Haki","2.379,00"
"Haegs Flanel Kamp Battaniyesi, Seyahat Yorganı Dış Mekan Hafif Kompakt Outdoor Kamp Çadır Karavan Battaniye 215-150 cm Antrasit","2.379,00"
"Haegs Flanel Kamp Battaniyesi, Seyahat Yorganı Dış Mekan Hafif Kompakt Outdoor Kamp Çadır Karavan Battaniye 215-150 cm Siyah","2.379,00"
"Haegs Kamp Battaniyesi, Dış Mekan Hafif Kompakt Seyahat Yorganı Kamp Yürüyüş Outdoor Şal, Battaniye 200-150 cm Kırmızı","2.399,00"
"Haegs Kamp Battaniyesi, Dış Mekan Hafif Kompakt Seyahat Yorganı Kamp Yürüyüş Outdoor Şal, Battaniye 200-150 cm Gri","2.399,00"
"Haegs Kamp Battaniyesi, Dış Mekan Hafif Kompakt Seyahat Yorganı Kamp Yürüyüş Outdoor Şal, Battaniye 200-150 cm Siyah","2.399,00"
"Haegs Kamp Battaniyesi, Dış Mekan Hafif Kompakt Seyahat Yorganı Kamp Yürüyüş Outdoor Şal, Battaniye 175-135 cm Turuncu","2.100,00"
"Haegs Kamp Battaniyesi, Dış Mekan Hafif Kompakt Seyahat Yorganı Kamp Yürüyüş Outdoor Şal, Battaniye 175-135 cm Kırmızı","2.100,00"
"Haegs Kamp Battaniyesi, Dış Mekan Hafif Kompakt Seyahat Yorganı Kamp Yürüyüş Outdoor Şal, Battaniye 175-135 cm Gri","2.100,00"
"Haegs Kamp Battaniyesi, Dış Mekan Hafif Kompakt Seyahat Yorganı Kamp Yürüyüş Outdoor Şal, Battaniye 175-135 cm Siyah","2.100,00"
"Madfox Air Hammer El Pompası, Şişirme Pompası 1,5L","499,00"
Madfox AirNest Ultra Katlanır Kamp Sandalyesi Krem,"1.899,00"
Madfox Portatif Katlanır Kamp Piknik Mangal Ateş Üstü Ayaklı Demir Izgara,"1.449,00"
"Haegs Kamp Yastığı, Seyahat Yastığı, Silikon Elyaf Dolgulu Hafif Küçük Yastık, Orta Sertlikte, Nefes Alabilir Kılıf, Kamp, Uçak ve Araba İçin İdeal 35x50cm Gri","799,00"
Madfox Atmosphere Glamping Pilli Kamp Lambası 250 Lümen Kırmızı,"799,00"
"Haegs Kamp Yastığı, Seyahat Yastığı, Silikon Elyaf Dolgulu Hafif Küçük Yastık, Orta Sertlikte, Nefes Alabilir Kılıf, Kamp, Uçak ve Araba İçin İdeal 35x50cm Polar Antrasit","799,00"
"Haegs Kamp Yastığı, Seyahat Yastığı, Silikon Elyaf Dolgulu Hafif Küçük Yastık, Orta Sertlikte, Nefes Alabilir Kılıf, Kamp, Uçak ve Araba İçin İdeal 35x50cm Flanel Yeşil","799,00"
Madfox Avanger Katlanır Kamp Yatağı Kampet Siyah,"6.679,00"
"Haegs Kamp Yastığı, Seyahat Yastığı, Silikon Elyaf Dolgulu Hafif Küçük Yastık, Orta Sertlikte, Nefes Alabilir Kılıf, Kamp, Uçak ve Araba İçin İdeal 35x50cm Flanel Kırmızı","799,00"
"Haegs Kamp Yastığı, Seyahat Yastığı, Silikon Elyaf Dolgulu Hafif Küçük Yastık, Orta Sertlikte, Nefes Alabilir Kılıf, Kamp, Uçak ve Araba İçin İdeal 30x45cm Gri","699,00"
"Haegs Kamp Yastığı, Seyahat Yastığı, Silikon Elyaf Dolgulu Hafif Küçük Yastık, Orta Sertlikte, Nefes Alabilir Kılıf, Kamp, Uçak ve Araba İçin İdeal 35x50cm Flanel Gri","699,00"
"Haegs Kamp Yastığı, Seyahat Yastığı, Silikon Elyaf Dolgulu Hafif Küçük Yastık, Orta Sertlikte, Nefes Alabilir Kılıf, Kamp, Uçak ve Araba İçin İdeal 30x45cm Polar Antrasit","699,00"
"Madfox Katlanabilir Pazar Arabası, 100 Kg Taşıma Kapasitesi, Sağlam Çelik Gövde, Oxford Kumaş, Su Geçirmez Tasarım, 360 Derece Manevralı Tekerlek, Kamp, Plaj, Pazar, Market İçin Vagon Taşıma Arabası","4.799,00"
"Haegs Kamp Yastığı, Seyahat Yastığı, Silikon Elyaf Dolgulu Hafif Küçük Yastık, Orta Sertlikte, Nefes Alabilir Kılıf, Kamp, Uçak ve Araba İçin İdeal 30x45cm Flanel Yeşil","699,00"
"Haegs Kamp Yastığı, Seyahat Yastığı, Silikon Elyaf Dolgulu Hafif Küçük Yastık, Orta Sertlikte, Nefes Alabilir Kılıf, Kamp, Uçak ve Araba İçin İdeal 30x45cm Flanel Kırmızı","699,00"
"Haegs Kamp Yastığı, Seyahat Yastığı, Silikon Elyaf Dolgulu Hafif Küçük Yastık, Orta Sertlikte, Nefes Alabilir Kılıf, Kamp, Uçak ve Araba İçin İdeal 30x45cm Flanel Gri","699,00"
Madfox İnfinity Ultralight Katlanır Kamp Sandalyesi - Retro Çizgili,"2.859,00"
"Madfox Tekli Portatif Organizer Kapaklı Kasa Çok Amaçlı Katlanır Dolap, Kamp Dolabı, Bahçe, Balkon Depolama Kutusu","2.699,00"
"Madfox FoldMesh Mini Kompakt Katlanır Kamp Sandalyesi, Piknik Sandalyesi Mavi","1.399,00"
"Madfox FoldMesh Mini Kompakt Katlanır Kamp Sandalyesi, Piknik Sandalyesi Yeşil","1.399,00"
"Haegs Seyahat Sırt Çantası, 3in1 Dönüştürülebilir, El Bavulu, Kadınlar ve Erkekler için Uçak Onaylı Ayakkabı Bölmeli, Multi Cepli Organizer Sırt ve El Çantası, Mavi","2.199,00"
"Haegs Seyahat Sırt Çantası, 3in1 Dönüştürülebilir, El Bavulu, Kadınlar ve Erkekler için Uçak Onaylı Ayakkabı Bölmeli, Multi Cepli Organizer Sırt ve El Çantası, Yeşil","2.199,00"
"Haegs Seyahat Sırt Çantası, 3in1 Dönüştürülebilir, El Bavulu, Kadınlar ve Erkekler için Uçak Onaylı Ayakkabı Bölmeli, Multi Cepli Organizer Sırt ve El Çantası, Pembe","2.199,00"
"Haegs Seyahat Sırt Çantası, 3in1 Dönüştürülebilir, El Bavulu, Kadınlar ve Erkekler için Uçak Onaylı Ayakkabı Bölmeli, Multi Cepli Organizer Sırt ve El Çantası, Koyu Gri","2.199,00"
"Haegs Seyahat Sırt Çantası, 3in1 Dönüştürülebilir, El Bavulu, Kadınlar ve Erkekler için Uçak Onaylı Ayakkabı Bölmeli, Multi Cepli Organizer Sırt ve El Çantası, Gri","2.199,00"
"Haegs Seyahat Sırt Çantası, 3in1 Dönüştürülebilir, El Bavulu, Kadınlar ve Erkekler için Uçak Onaylı Ayakkabı Bölmeli, Multi Cepli Organizer Sırt ve El Çantası, Siyah","2.199,00"
"Haegs Seyahat Sırt Çantası, Laptop Sırt Çantası Hafif El Çantası Küçük Bavul Valiz, Uçak Onaylı Bagaj Çantası, Erkek ve Bayan İçin, 15.6 inç Notebook Dizüstü Bilgisayar Macbook Laptop Çantası, Turuncu","1.949,00"
"Haegs Seyahat Sırt Çantası, Laptop Sırt Çantası Hafif El Çantası Küçük Bavul Valiz, Uçak Onaylı Bagaj Çantası, Erkek ve Bayan İçin, 15.6 inç Notebook Dizüstü Bilgisayar Macbook Laptop Çantası, Yeşil","1.949,00"
"Haegs Seyahat Sırt Çantası, Laptop Sırt Çantası Hafif El Çantası Küçük Bavul Valiz, Uçak Onaylı Bagaj Çantası, Erkek ve Bayan İçin, 15.6 inç Notebook Dizüstü Bilgisayar Macbook Laptop Çantası, Bej","1.949,00"
"Haegs Seyahat Sırt Çantası, Laptop Sırt Çantası Hafif El Çantası Küçük Bavul Valiz, Uçak Onaylı Bagaj Çantası, Erkek ve Bayan İçin, 15.6 inç Notebook Dizüstü Bilgisayar Macbook Laptop Çantası, Gri","1.949,00"
Madfox Tritech Luftbett Double Çift Kişilik Şişme Yatak,"1.869,00"
"Haegs Saklama Dolaplı Kamp Masası, Outdoor Kamp Mutfağı, Kamp Dolabı, Katlanabilir Kamp Piknik Masası, Seyahat Mutfağı, Mutfak Dolabı, Depolama bölmeli, Dış Mekan Mutfağı 90x50cm - Hareli Ceviz","3.259,00"
"Haegs Portatif Kamp Masası, 2 Yükseklik Ayarlı, Katlanır Piknik Masası, Kolay Taşınabilir Alüminyum Masa 90x50 - Naturel Meşe","2.699,00"
"Haegs Portatif Kamp Masası, 2 Yükseklik Ayarlı, Katlanır Piknik Masası, Kolay Taşınabilir Alüminyum Masa 90x50 - Hareli Ceviz","2.699,00"
"Haegs Portatif Kamp Masası, 3 Yükseklik Ayarlı, Katlanır Piknik Masası, Kolay Taşınabilir Alüminyum Masa - 120x60 - Naturel Meşe","2.999,00"
"Haegs Portatif Kamp Masası, 2 Yükseklik Ayarlı, Katlanır Piknik Masası, Kolay Taşınabilir Alüminyum Masa 90x50 - Antrasit","2.699,00"
"Haegs Portatif Kamp Masası, 2 Yükseklik Ayarlı, Katlanır Piknik Masası, Kolay Taşınabilir Alüminyum Masa 90x50 - Kumaş Desenli","2.799,00"
"Haegs Portatif Kamp Masası, 2 Yükseklik Ayarlı, Katlanır Piknik Masası, Kolay Taşınabilir Alüminyum Masa 90x50 - Mermer Desenli","2.699,00"
"Haegs Portatif Kamp Masası, 3 Yükseklik Ayarlı, Katlanır Piknik Masası, Kolay Taşınabilir Alüminyum Masa - 120x60 - Antrasit","2.999,00"
"Haegs Portatif Kamp Masası, 3 Yükseklik Ayarlı, Katlanır Piknik Masası, Kolay Taşınabilir Alüminyum Masa - 120x60 - Kumaş Desenli","2.999,00"
"Haegs Portatif Kamp Masası, 3 Yükseklik Ayarlı, Katlanır Piknik Masası, Kolay Taşınabilir Alüminyum Masa - 120x60 cm Mermer Desenli","2.999,00"
"Haegs Saklama Dolaplı Kamp Masası, Outdoor Kamp Mutfağı, Kamp Dolabı, Katlanabilir Kamp Piknik Masası, Seyahat Mutfağı, Mutfak Dolabı, Depolama bölmeli, Dış Mekan Mutfağı 90x50cm - Kumaş Desenli","3.249,00"
"Haegs Saklama Dolaplı Kamp Masası, Outdoor Kamp Mutfağı, Kamp Dolabı, Katlanabilir Kamp Piknik Masası, Seyahat Mutfağı, Mutfak Dolabı, Depolama bölmeli, Dış Mekan Mutfağı 90x50cm - Mermer Desenli","3.259,00"
"Haegs Saklama Dolaplı Kamp Masası, Outdoor Kamp Mutfağı, Kamp Dolabı, Katlanabilir Kamp Piknik Masası, Seyahat Mutfağı, Mutfak Dolabı, Depolama bölmeli, Dış Mekan Mutfağı 90x50cm - Antrasit","3.259,00"
"Haegs Saklama Dolaplı Kamp Masası, Outdoor Kamp Mutfağı, Kamp Dolabı, Katlanabilir Kamp Piknik Masası, Seyahat Mutfağı, Mutfak Dolabı, Depolama bölmeli, Dış Mekan Mutfağı 120x60cm- Kumaş Desenli","3.799,00"
"Haegs Saklama Dolaplı Kamp Masası, Outdoor Kamp Mutfağı, Kamp Dolabı, Katlanabilir Kamp Piknik Masası, Seyahat Mutfağı, Mutfak Dolabı, Depolama bölmeli, Dış Mekan Mutfağı 120x60cm- Mermer Desenli","3.799,00"
"Haegs Saklama Dolaplı Kamp Masası, Outdoor Kamp Mutfağı, Kamp Dolabı, Katlanabilir Kamp Piknik Masası, Seyahat Mutfağı, Mutfak Dolabı, Depolama bölmeli, Dış Mekan Mutfağı 120x60cm- Antrasit","3.799,00"
"Haegs Ultralight Katlanır Kamp Masası, Piknik, BBQ, Balıkçılık, Avcılık, Plaj, Hiking için Taşınabilir Kompakt Roll Up Outdoor Kamp Masası Small - Siyah","999,00"
"Haegs Ultralight Katlanır Kamp Masası, Piknik, BBQ, Balıkçılık, Avcılık, Plaj, Hiking için Taşınabilir Kompakt Roll Up Outdoor Kamp Masası Medium - Kamuflaj","1.299,00"
"Haegs Ultralight Katlanır Kamp Masası, Piknik, BBQ, Balıkçılık, Avcılık, Plaj, Hiking için Taşınabilir Kompakt Roll Up Outdoor Kamp Masası Medium - Mavi","1.299,00"
"Haegs Ultralight Katlanır Kamp Masası, Piknik, BBQ, Balıkçılık, Avcılık, Plaj, Hiking için Taşınabilir Kompakt Roll Up Outdoor Kamp Masası Medium - Yeşil","1.299,00"
"Haegs Su Geçirmez Tarp Tente Gölgelik Örtü, 4 Mevsim Taşınabilir Örtü Branda Çok İşlevli Outdoor Açık Hava Kamp Seyahat Tente Branda Barınak Yağmurluk, Güneşlik Karavan Yan Gölgelik Çadır 300x300 cm Koyu Mavi","2.899,00"
"Haegs Ultralight Katlanır Kamp Masası, Piknik, BBQ, Balıkçılık, Avcılık, Plaj, Hiking için Taşınabilir Kompakt Roll Up Outdoor Kamp Masası Medium - Gri","1.299,00"
"Haegs Ultralight Katlanır Kamp Masası, Piknik, BBQ, Balıkçılık, Avcılık, Plaj, Hiking için Taşınabilir Kompakt Roll Up Outdoor Kamp Masası Medium - Siyah","1.299,00"
"Haegs Tarp Gölgelik Tente, Taşınabilir Örtü Branda Çok İşlevli Outdoor Açık Hava Kamp Seyahat Tente Branda Güneşlik Karavan Tente Yan Çadır Gölgelik - 300x400 cm - Siyah","2.399,00"
"Haegs Ultralight Katlanır Kamp Masası, Piknik, BBQ, Balıkçılık, Avcılık, Plaj, Hiking için Taşınabilir Kompakt Roll Up Outdoor Kamp Masası Large - Kamuflaj","1.399,00"
"Haegs Ultralight Katlanır Kamp Masası, Piknik, BBQ, Balıkçılık, Avcılık, Plaj, Hiking için Taşınabilir Kompakt Roll Up Outdoor Kamp Masası Large - Yeşil","1.399,00"
"Haegs Tarp Gölgelik Tente, Taşınabilir Örtü Branda Çok İşlevli Outdoor Açık Hava Kamp Seyahat Tente Branda Güneşlik Karavan Tente Yan Çadır Gölgelik - 300x300 cm - Siyah","2.399,00"
"Haegs Ultralight Katlanır Kamp Masası, Piknik, BBQ, Balıkçılık, Avcılık, Plaj, Hiking için Taşınabilir Kompakt Roll Up Outdoor Kamp Masası Large - Mavi","1.399,00"
"Haegs Ultralight Katlanır Kamp Masası, Piknik, BBQ, Balıkçılık, Avcılık, Plaj, Hiking için Taşınabilir Kompakt Roll Up Outdoor Kamp Masası Large - Gri","1.399,00"
"Haegs Ultralight Katlanır Kamp Masası, Piknik, BBQ, Balıkçılık, Avcılık, Plaj, Hiking için Taşınabilir Kompakt Roll Up Outdoor Kamp Masası Large - Siyah","1.399,00"
"Haegs Ultralight Katlanır Kamp Masası, Piknik, BBQ, Balıkçılık, Avcılık, Plaj, Hiking için Taşınabilir Kompakt Roll Up Outdoor Kamp Masası Large - Adventure","1.399,00"
"Haegs Ultralight Katlanır Kamp Masası, Piknik, BBQ, Balıkçılık, Avcılık, Plaj, Hiking için Taşınabilir Kompakt Roll Up Outdoor Kamp Masası Large - Grafiti Toys","1.399,00"
"Haegs Ultralight Katlanır Kamp Masası, Piknik, BBQ, Balıkçılık, Avcılık, Plaj, Hiking için Taşınabilir Kompakt Roll Up Outdoor Kamp Masası Large - Dino İsland","1.399,00"
"Haegs Ultralight Katlanır Kamp Masası, Piknik, BBQ, Balıkçılık, Avcılık, Plaj, Hiking için Taşınabilir Kompakt Roll Up Outdoor Kamp Masası Large - Unicorn","1.399,00"
"Haegs Su Geçirmez Tarp Tente Gölgelik Örtü, 4 Mevsim Taşınabilir Örtü Branda Çok İşlevli Outdoor Açık Hava Kamp Seyahat Tente Branda Barınak Yağmurluk, Güneşlik Karavan Yan Gölgelik Çadır 300x400 cm - Siyah","2.899,00"
"Haegs Ultralight Katlanır Kamp Masası, Piknik, BBQ, Balıkçılık, Avcılık, Plaj, Hiking için Taşınabilir Kompakt Roll Up Outdoor Kamp Masası Medium - Adventure","1.299,00"
"Haegs Ultralight Katlanır Kamp Masası, Piknik, BBQ, Balıkçılık, Avcılık, Plaj, Hiking için Taşınabilir Kompakt Roll Up Outdoor Kamp Masası Medium - Grafiti Toys","1.299,00"
"Haegs Su Geçirmez Tarp Tente Gölgelik Örtü, 4 Mevsim Taşınabilir Örtü Branda Çok İşlevli Outdoor Açık Hava Kamp Seyahat Tente Branda Barınak Yağmurluk, Güneşlik Karavan Yan Gölgelik Çadır 300x300 cm - Yeşil","2.899,00"
"Haegs Ultralight Katlanır Kamp Masası, Piknik, BBQ, Balıkçılık, Avcılık, Plaj, Hiking için Taşınabilir Kompakt Roll Up Outdoor Kamp Masası Medium - Dino Island","1.299,00"
"Haegs Ultralight Katlanır Kamp Masası, Piknik, BBQ, Balıkçılık, Avcılık, Plaj, Hiking için Taşınabilir Kompakt Roll Up Outdoor Kamp Masası Medium - Unicorn","1.299,00"
"Haegs Su Geçirmez Tarp Tente Gölgelik Örtü, 4 Mevsim Taşınabilir Örtü Branda Çok İşlevli Outdoor Açık Hava Kamp Seyahat Tente Branda Barınak Yağmurluk, Güneşlik Karavan Yan Gölgelik Çadır 300x300 cm Siyah","2.899,00"
"Haegs Plaj Gölgelik Tente Deniz Çadırı, Sahil Plaj Gölgeliği Kanopy, UPF50 Güneş Koruma, Açık Hava Deniz Şemsiyesi Tente Gölgelik Aile Kampı Balık Piknik için Gölgelik, 300x300cm Derin Mavi","4.699,00"
"Haegs Plaj Gölgelik Tente Deniz Çadırı, Sahil Plaj Gölgeliği Kanopy, UPF50 Güneş Koruma, Açık Hava Deniz Şemsiyesi Tente Gölgelik Aile Kampı Balık Piknik için Gölgelik, 300x300cm Açık Mavi","4.699,00"
"Haegs Plaj Gölgelik Tente Deniz Çadırı, Sahil Plaj Gölgeliği Kanopy, UPF50 Güneş Koruma, Açık Hava Deniz Şemsiyesi Tente Gölgelik Aile Kampı Balık Piknik için Gölgelik, 300x300cm, Turkuaz","4.699,00"
"Haegs Plaj Gölgelik Tente Deniz Çadırı, Sahil Plaj Gölgeliği Kanopy, UPF50 Güneş Koruma, Açık Hava Deniz Şemsiyesi Tente Gölgelik Aile Kampı Balık Piknik için Gölgelik, 250x250cm Derin Mavi","4.699,00"
"Haegs Plaj Gölgelik Tente Deniz Çadırı, Sahil Plaj Gölgeliği Kanopy, UPF50 Güneş Koruma, Açık Hava Deniz Şemsiyesi Tente Gölgelik Aile Kampı Balık Piknik için Gölgelik, 250x250cm, Turkuaz","4.099,00"
"Haegs Uyku Tulumu, Flanel, Battaniye, Kamp Uyku Tulumu, Outdoor Dış Mekan, 3 - 4 Mevsim, Yazlık Uyku Tulumu - Kış Uyku Tulumu, Ultra Hafif, Sıcak ve Kompakt - Flanel -Siyah","2.769,00"
"Haegs Uyku Tulumu, Flanel, Battaniye, Kamp Uyku Tulumu, Outdoor Dış Mekan, 3 - 4 Mevsim, Yazlık Uyku Tulumu - Kış Uyku Tulumu, Ultra Hafif, Sıcak ve Kompakt - Flanel - Haki","2.769,00"
"Haegs Uyku Tulumu, Flanel, Battaniye, Kamp Uyku Tulumu, Outdoor Dış Mekan, 3 - 4 Mevsim, Yazlık Uyku Tulumu - Kış Uyku Tulumu, Ultra Hafif, Sıcak ve Kompakt - Flanel - Pembe","2.769,00"
"Haegs Uyku Tulumu, Flanel, Battaniye, Kamp Uyku Tulumu, Outdoor Dış Mekan, 3 - 4 Mevsim, Yazlık Uyku Tulumu - Kış Uyku Tulumu, Ultra Hafif, Sıcak ve Kompakt - Flanel - Antrasit","2.769,00"
"Haegs Katlanabilir Sırt Destekli Kamp ve Plaj Matı, Katlanır Şezlong, Plaj Zemin Sandalyesi, Fermuar Cepli, Kamp, Piknik, Havuz Başı, Deniz, Plaj için Mat, Mavi","1.949,00"
"Haegs Katlanabilir Sırt Destekli Kamp ve Plaj Matı, Katlanır Şezlong, Plaj Zemin Sandalyesi, Fermuar Cepli, Kamp, Piknik, Havuz Başı, Deniz, Plaj için Mat, Yeşil","1.949,00"
"Haegs Katlanabilir Sırt Destekli Kamp ve Plaj Matı, Katlanır Şezlong, Plaj Zemin Sandalyesi, Fermuar Cepli, Kamp, Piknik, Havuz Başı, Deniz, Plaj için Mat, Turuncu","1.949,00"
"Haegs Katlanabilir Sırt Destekli Kamp ve Plaj Matı, Katlanır Şezlong, Plaj Zemin Sandalyesi, Fermuar Cepli, Kamp, Piknik, Havuz Başı, Deniz, Plaj için Mat, Açık Gri","1.949,00"
"Haegs Katlanabilir Sırt Destekli Kamp ve Plaj Matı, Katlanır Şezlong, Plaj Zemin Sandalyesi, Fermuar Cepli, Kamp, Piknik, Havuz Başı, Deniz, Plaj için Mat, Füme","1.949,00"
Madfox Haven 6 Kademeli Katlanır Kamp Sandalyesi Krem,"5.249,00"
Madfox Katlanır Kamp Piknik Sandalyesi - Moonchair Deluxe - Siyah/Gri Taşıma Çantalı,"2.899,00"
Madfox Moonlite Yükseklik Ayarlı Katlanır Kamp Masası 90X50Cm,"4.799,00"
Madfox Katlanır Kamp Masası Seti 4 Tabureli Alüminyum Piknik Masası Taşınabilir,"3.299,00"
Madfox Oem Tarp 4X3 Mt Güneş Ve Rüzgar Koruma Brandası,"5.199,00"
MADFOX Campix Katlanır Kamp Masası Büyük 72x72 cm,"2.749,00"
Madfox Prowler 3 Kademeli Yatabilen Kamp Sandalyesi,"3.099,00"
"Bysay Katlanır Şezlong Minderi 5 cm – Su İtici Kumaş, Fermuarlı, Kamp & Plaj İçin Yeşil","1.119,00"
"Bysay Katlanır Şezlong Minderi 5 cm – Su İtici Kumaş, Fermuarlı, Kamp & Plaj İçin Krem","1.119,00"
Madfox CampSeat X90 Katlanır Kamp Sandalyesi Mavi (Taşıma Çantalı),"1.699,00"
Madfox CampSeat X90 Katlanır Kamp Sandalyesi Yeşil (Taşıma Çantalı),"1.699,00"
Madfox Prowler 3 Kademeli Yatabilen Kamp Sandalyesi Green/Black,"2.899,00"
Madfox Roxy Katlanır Kamp Sandalyesi Mavi / Siyah,"2.449,00"
Madfox Roxy Katlanır Kamp Sandalyesi Yeşil / Siyah,"2.449,00"
Madfox SitCommand G92 Katlanır Kamp Koltuğu,"3.899,00"
"Northopia Flip Katlanır Kamp Taburesi, Balıkçı Taburesi","799,00"
Northopia Axis Ark Katlanabilir Kamp Masası 2 Kişilik,"2.399,00"
Snc Oil 9100 Fh Extreme Racing 10W-60 Motor Yağı 4 Litre,"1.399,00"
Evacool EVAMARIN90 Kırmızı 12/24v 85 Litre Dağ Evi Tekne Karavan Buzdolabı,"13.000,00"
Evacool EVA15 12/24V 15 Litre Kompresörlü Oto Buzdolabı,"13.150,00"
Blackvue Power Magic Araç Kamerası Güç Kaynağı B112,"11.039,50"
Evacool EVA25CL 12/24V 25 Litre Kompresörlü Oto Buzdolabı,"10.649,00"
"Haegs Araç içi Çöp Çantası, Kapaklı ve Saklama Cepli, %100 Sızdırmaz Organizer Çanta, Su Geçirmez Oto Çöp Kovası, Çok Amaçlı Araç içi Düzenleyici Çanta, 8 Lt - Gri","1.349,00"
"Haegs Araç Üstü Bagaj Çantası, Port Bagaj, Araç Üstü Tavan Çantası, Ağır Hizmet Tipi, Su Geçirmez, 570 L (130 x 102 x 43cm) Siyah - Gri","3.800,00"
"Haegs Araç Arka Koltuk Kılıfı - Evcil Hayvan Oto Köpek Koltuk Koruma Örtüsü, Fermuarlı, Konsol Bölmeli, Kaymaz, Ağır Hizmet Tipi, Su Geçirmez Koltuk Koruyucu Kılıf, Standart:132cm - Gri","1.900,00"
"Haegs Motosiklet Brandası, Motor Kılıfı, Örtüsü Dış Mekan Motosiklet Örtüsü Su Geçirmez, Rüzgar, Toz Geçirmez, Motor Scooter Garaj Brandası, Kışa Dayanıklı L 220x95x125 cm - Siyah Gri","1.749,00"
"Haegs Buz ve Kar Önleyici Araç Ön Cam Örtüsü Brandası | Ağır Hizmet Tipi 600D Oxford Kumaş | Arabalar, SUV`lar, Kamyonetler İçin Oto Ön Cam Koruyucu Güneşlik | Don Örtüsü (178x106cm) L - Siyah","1.079,00"
Mellifera 200012 Uzaktan Kumandalı 12v 2kW Ultra Sessiz Benzinli DC Jeneratör,"26.499,00"
Evacool EVAG20 12/24V Pembe 18 Litre Kompresörlü Oto Buzdolabı,"8.420,00"
Storcell S03-PRO 512 Wh Kapasiteli Taşınabilir Güç Kaynağı,"19.990,00"
Storcell PV100 Taşınabilir Solar Panel Güneş Paneli,"9.990,00"
"Haegs Araba Bagaj Çantası, Araç içi Düzenleyici Organizer, Katlanabilir Oto Bagaj Düzenleyici, Oto Aksesuarları, Sağlam Araba Alet Eşya Düzenleyici - 65 Lt- Gri","1.999,00"
Snc Oil Pro-S Plus Yoğun Onarıcı 5W-30 Motor Yağı 5 Litre,"2.290,00"
"Evacool Tesla Model Y Uyumlu 35 Litre 12,24,220V Kompresörlü Taşınabilir Buzdolabı","17.490,00"
Snc-Oil Pro-S Plus Quattro Yoğun Onarıcı 10W-40 Motor Yağı 5 Litre,"1.899,00"
Storcell PV240 240W Taşınabilir Katlanabilir Solar Panel,"19.990,00"
Evacool EVA45AT 12/24V 45 Litre Tek Kapak Çift Ekran Kompresörlü Oto Buzdolabı,"13.775,00"
Evacool EVAG20LP 220 Adaptörlü 12/24V 18 Litre Kompresörlü Oto Buzdolabı,"9.430,00"
Mars&Hars KCB10 12/220 Kahve Makinesi Uyumlu Çok Amaçlı 10 Litre Mini Buzdolabı,"4.439,00"
"Haegs UTV Brandası, UTV Koruma Kılıfı, Örtüsü, Ağır Hizmet Tipi, Su Geçirmez, 4 Mevsim Koruma, Tek Sıra Koltuklu 2-3 Kişilik UTV için (M-350-175-180cm) Gri","2.870,00"
"Haegs Oto Koltuk Koruyucu Kılıf, Çocuk Oto Koltuğu için Koruyucu Örtü, Kalın Pedli Araba Koltuk Minderi Su Geçirmez Evcil Hayvan, Kedi Köpek Araç Koltuk Örtüsü, - Gri","1.299,00"
Mars&Hars K02 Çekmece Tipi 12Kg Kapasiteli Buz Makinesi,"7.850,00"
Evacool EVAMARIN90 Silver 12/24v 90 Litre Dağ Evi Tekne Karavan Buzdolabı,"13.000,00"
"Haegs Araba Bagaj Organizer Çanta, Çok Amaçlı Termal Çanta, Araç içi Alet Eşya Düzenleyici, Kamp Malzemeleri, Piknik Çantası, Taktik, Yalıtımlı Soğutucu Yemek Taşıma Çantası, 45 Lt, Gri","2.099,00"
"Haegs Araç Üstü Bagaj Çantası, Port Bagaj, Araç Üstü Tavan Çantası, Ağır Hizmet Tipi, Su Geçirmez, Tüm Araç Tavanları için 415 L (112 x 86 x 43cm) Siyah - Turuncu","3.500,00"
Snc Oil 200.000 Km+ Pro-S Plus Onarıcı XL 10W-40 Motor Yağı 4 Litre,"1.245,00"
Evacool EVA35A 12/24V 35 Litre Kompresörlü Oto Buzdolabı,"12.075,00"
Snc Oil 300.000 Km+ Bakım Pro-S Plus XXL Onarıcı 10W-40 Motor Yağı 4 Litre,"1.543,00"
Snc Oil 200.000 Km+ Bakım Pro S Plus Onarıcı XL 5W-30 Motor Yağı 4 Litre,"1.150,00"
Snc Oil 150.000 Km+ Bakım Pro-S Plus Onarıcı 15W-50  Motor Yağı 1 Litre,"370,00"
Snc Oil 200.000 Km+ Bakım Pro-S Plus XL Onarıcı 5W-30 Motor Yağı 1 Litre,"430,00"
Snc Oil 100.000 Km+ Pro-S Plus Onarıcı 5W-30 Motor Yağı 4 Litre,"1.239,00"
Snc Oil 300.000 Km+ Pro-S Plus Onarıcı 5W-30 Xxl 1 Litre Motor Yağı,"510,00"
Snc Oil 100.000 Km+ Pro S Plus Onarıcı 10W-40 Motor Yağı 1 Litre,"310,00"
Snc Oil 9100 Fh Racing Extreme 10W-60 Motor Yağı 1 Litre,"249,00"
SNC OIL 200.000 Km+ Bakım Pro-S Plus XL Onarıcı 10W-40 Motor Yağı 1 Litre,"420,00"
Snc Oil 300.000 Km+ Bakım Pro-S Plus XXL Onarıcı 10W-40 Motor Yağı 1 Litre,"499,00"
Snc Oil 200.000Km+ Bakım Pro-S Plus Onarıcı 5W-40 Motor Yağı 4 Litre,"1.649,00"
Snc Oil 200.000 Km+ Bakım Pro-S Plus Onarıcı 5W-40 1 Litre,"499,00"
Snc Oil 1.5 Dci Own 5W-30 Motor Yağı 5 Litre,"1.099,00"
GNET G6 FullHD 2 Kameralı Wi-Fi Türkçe Ekranlı Park Modlu Araç Kamerası,"8.199,00"
Evacool EVA18CL 12/24V 18 Litre Kompresörlü Oto Buzdolabı,"9.890,00"
Evacool EVA18CL Kompresörlü 12/24V 18 Litre Oto Buzdolabı,"9.890,00"
Evacool EVA55A  12/24V 55 Litre Kompresörlü Oto Buzdolabı,"14.659,00"
Evacool EVA29 12/24V 30 Litre Kompresörlü Oto Buzdolabı,"11.045,00"
Evacool EVAMARIN45 12/24 Kompresörlü Tekne Karavan Buzdolabı,"14.220,00"
Evacool EVA11 Premium 12/24v 11 Litre Soğutma ve Isıtma Kompresörlü Oto Buzdolabı,"19.800,00"
Blackvue DR750X-2CH Plus 60 Fps Wi-Fi Modemsiz Fullhd Araç Kamerası,"10.231,73"
Evacool 220v Oto Buzdolabı Dönüştürücü Adaptör Ev Adaptörü,"1.140,00"
AL-KO AKS 3004 Stabilizatör Karavan Anti Yalpalama Kaplini 3'lü Set,"19.500,00"
Al-Ko S21 Karavan Manevra Sistemi Mover/Ranger,"53.500,00"
Evacool EVAMARIN90 Classic 12/24v 85 Litre Dağ Evi Tekne Karavan Buzdolabı,"13.000,00"
Momax Move Easy Araç İçi Telefon Tutucu CM22E Siyah,"1.199,00"
Evacool EVAG20 12/24V 18 Litre Kompresörlü Oto Buzdolabı,"8.419,00"
Evacool EVA55AT 12/24V 55 Litre Tek Kapak Çift Ekran Kompresörlü Oto Buzdolabı,"14.400,00"
Evacool EVA29LP 220 Adaptörlü 12/24V 30 Litre Kompresörlü Oto Buzdolabı,"12.000,00"
Evacool EVA55AX  12/24V 55 Litre Kompresörlü Oto Buzdolabı,"16.900,00"
Evacool EVA25CLP 220 Adaptörlü 12/24V 25 Litre Kompresörlü Oto Buzdolabı,"11.595,00"
Snc Oil 300.000 Km+ Pro-S Plus Onarıcı 5W-30 Xxl Motor Yağı 4 Litre,"1.730,00"
Blackvue Dr750X LTE Plus 60fps FullHd Modem Dahil Online Araç Kamerası,"15.616,85"
Blacksys Betoptek BTM710 Ticari Araç Ekranlı 3'lü Kamera Sistemi,"10.994,62"
Finevu GX400 Qhd 2k Wi-Fi Türkçe 2 Kameralı Araç Kamerası,"9.648,34"
Finevu GX4K UltraHd 4K 2ch Wi-Fi Türkçe 2 Kameralı Araç Kamerası,"11.443,38"
Finevu GX30 New 2ch Eds Radar Wi-Fi Fullhd Araç Kamerası,"6.641,65"
Finevu LX2000 Full Hd 2 Kameralı IPS Güvenlik Kod Ekranlı Gps Araç Kamerası,"8.032,81"
GNet Gonw 2ch Fullhd Hdr Wi-Fi Akıllı 2 Kameralı Araç Kamerası,"7.628,92"
GNet Gonx FULLBOX 2ch HDR FullHD Wi-Fi 2 Kameralı Araç Kamerası,"7.628,92"
GNet Mvr Motosiklet 2 Kameralı Full Hd Wifi Araç Kamerası,"9.872,72"
Mars&Hars SCT135S Kompresörlü Akıllı Sehpa Buzdolabı Bluetooth Haparlör-Siyah Renk,"61.500,00"
Mars&Hars SCT135B Kompresörlü Akıllı Sehpa Buzdolabı Bluetooth Haparlör-Beyaz Renk,"61.500,00"
Mars&Hars KCB22B 12/220 Taşınabilir Çok Amaçlı 22 Litre Mini Buzdolabı,"5.990,00"
Secop BD35F Hermetik Ekovat DC 12/24V Kompresör,"13.380,00"
Secop BD50F Hermetik Ekovat DC 12/24V Kompresör,"14.630,00"
Secop BD80F Hermetik Ekovat DC 12/24V Kompresör,"17.850,00"
Dometic CFX2 45 12/24v 45 Litre Kompresörlü Oto Buzdolabı,"52.899,00"
Dometic CFF45 12/24v 44 Litre Kompresörlü Oto Buzdolabı,"46.890,00"
Dometic CFX2 37 12/24v 37 Litre Kompresörlü Oto Buzdolabı,"49.149,00"
Dometic CFX5 35 12/24v 35 Litre Kompresörlü Oto Buzdolabı,"71.359,00"
Dometic CFX5 45 12/24v 45 Litre Kompresörlü Oto Buzdolabı,"75.749,00"
Dometic CFX5 75DZ 12/24v 75 Litre Çift Kapak Kompresörlü Oto Buzdolabı,"98.599,00"
Bluetti Charger 1 Dc-Dc 560w Araç Hızlı Şarj Cihazı (Bluetti Türkiye Garantili),"13.789,00"
"Haegs Araç Bagaj Düzenleyici, Soğutucu Çantalı Bagaj Organizer Sağlam Katlanabilir, Otomobil ve SUV`lar için, Cepli, 3 Ana Bölmeli, 100L /  90x40x28 cm - Gri","2.399,00"
"Haegs Araba Bagaj Organizer Çanta, Çok Amaçlı Termal Çanta, Araç içi Alet Eşya Düzenleyici, Kamp Malzemeleri, Piknik Çantası, Taktik, Yalıtımlı Soğutucu Yemek Taşıma Çantası, 45 Lt, Siyah","2.099,00"
"Haegs Araba Bagaj Çantası, Araç içi Düzenleyici Organizer, Katlanabilir Oto Bagaj Düzenleyici, Oto Aksesuarları, Araba Alet Eşya Düzenleyici - 65 Lt- Siyah","1.999,00"
"Haegs Araba Bagaj Çantası, Araç içi Düzenleyici Organizer, Katlanabilir Oto Bagaj Düzenleyici, Oto Aksesuarları, Araba Alet Eşya Düzenleyici - 50 Lt- Siyah","1.849,00"
"Haegs Araç içi Çöp Çantası, Kapaklı ve Saklama Cepli, %100 Sızdırmaz Organizer Çanta, Su Geçirmez Oto Çöp Kovası, Çok Amaçlı Araç içi Düzenleyici Çanta, 8 Lt - Siyah","1.349,00"
"Haegs Araç Üstü Bagaj Çantası, Pickup Bagaj içi Çantası, Ağır Hizmet Tipi, Su Geçirmez, Tüm Araç Tavanları için  540 L (150 x 60 x 60cm) Siyah - Gri","3.949,00"
"Haegs Araç Üstü Bagaj Çantası, Pickup Bagaj içi Çantası, Ağır Hizmet Tipi, Su Geçirmez, Tüm Araç Tavanları için  540 L (150 x 60 x 60cm) Siyah - Turuncu","3.949,00"
"Haegs Araç Üstü Bagaj Çantası, Port Bagaj, Araç Üstü Tavan Çantası, Ağır Hizmet Tipi, Su Geçirmez, 570 L (130 x 102 x 43cm) Siyah - Turuncu","3.800,00"
"Haegs Araç Üstü Bagaj Çantası, Port Bagaj, Araç Üstü Tavan Çantası, Ağır Hizmet Tipi, Su Geçirmez, Tüm Araç Tavanları için 415 L (112 x 86 x 43cm) Siyah - Gri","3.500,00"
"Haegs Araç Bagaj Örtüsü, Evcil Hayvan Köpek Bagaj Koruma Kılıfı - SUV, Sedan, Pickup Panelvan Bagaj Havuzu, Araba için Su Geçirmez Bagaj Koruyucu Kılıf Örtü Mat- Medium - Gri","1.999,00"
"Haegs Araç Bagaj Örtüsü, Evcil Hayvan Köpek Bagaj Koruma Kılıfı - SUV, Sedan, Pickup Panelvan Bagaj Havuzu, Araba için Su Geçirmez Bagaj Koruyucu Kılıf Örtü Mat- Medium - Siyah","1.999,00"
"Haegs Motosiklet Brandası, Motor Kılıfı, Örtüsü Dış Mekan Motosiklet Örtüsü Su Geçirmez, Rüzgar, Toz Geçirmez, Motor Garaj Brandası, Kışa Dayanıklı XXL 265x105x125 cm - Siyah Gri","1.979,00"
"Haegs Motosiklet Brandası, Motor Kılıfı, Örtüsü Dış Mekan Motosiklet Örtüsü Su Geçirmez, Rüzgar, Toz Geçirmez, Motor Garaj Brandası, Kışa Dayanıklı XXL 265x105x125 cm - Siyah","1.979,00"
"Haegs Motosiklet Brandası, Motor Kılıfı, Örtüsü Dış Mekan Motosiklet Örtüsü Su Geçirmez, Rüzgar, Toz Geçirmez, Motor Garaj Brandası, Kışa Dayanıklı XXL 265x105x125 cm - Gri","1.979,00"
"Haegs Motosiklet Brandası, Motor Kılıfı, Örtüsü Dış Mekan Motosiklet Örtüsü Su Geçirmez, Rüzgar, Toz Geçirmez, Motor Garaj Brandası, Kışa Dayanıklı XL 245x95x125 cm - Siyah Gri","1.870,00"
"Haegs Motosiklet Brandası, Motor Kılıfı, Örtüsü Dış Mekan Motosiklet Örtüsü Su Geçirmez, Rüzgar, Toz Geçirmez, Motor Garaj Brandası, Kışa Dayanıklı XL 245x95x125 cm - Siyah","1.870,00"
"Haegs Motosiklet Brandası, Motor Kılıfı, Örtüsü Dış Mekan Motosiklet Örtüsü Su Geçirmez, Rüzgar, Toz Geçirmez, Motor Garaj Brandası, Kışa Dayanıklı XL 245x95x125 cm - Gri","1.870,00"
"Haegs Araç Arka Koltuk Kılıfı - Evcil Hayvan Oto Köpek Koltuk Koruma Örtüsü, Fermuarlı, Konsol Bölmeli, Kaymaz, Ağır Hizmet Tipi, Su Geçirmez Koltuk Koruyucu Kılıf, Large:145cm Gri","1.999,00"
"Haegs Motosiklet Brandası, Motor Kılıfı, Örtüsü Dış Mekan Motosiklet Örtüsü Su Geçirmez, Rüzgar, Toz Geçirmez, Motor Scooter Garaj Brandası, Kışa Dayanıklı L 220x95x125 cm - Siyah-Gri","1.749,00"
"Haegs Motosiklet Brandası, Motor Kılıfı, Örtüsü Dış Mekan Motosiklet Örtüsü Su Geçirmez, Rüzgar, Toz Geçirmez, Motor Scooter Garaj Brandası, Kışa Dayanıklı L 220x95x125 cm - Siyah","1.749,00"
"Haegs Motosiklet Brandası, Motor Kılıfı, Örtüsü Dış Mekan Motosiklet Örtüsü Su Geçirmez, Rüzgar, Toz Geçirmez, Motor Scooter Garaj Brandası, Kışa Dayanıklı L 220x95x125 cm - Gri","1.749,00"
"Haegs Araç Arka Koltuk Kılıfı - Evcil Hayvan Oto Köpek Koltuk Koruma Örtüsü, Fermuarlı, Konsol Bölmeli, Kaymaz, Ağır Hizmet Tipi, Su Geçirmez Koltuk Koruyucu Kılıf, Large:145cm - Siyah","1.900,00"
"Haegs Oto Koltuk Koruyucu Kılıf, Çocuk Oto Koltuğu için Koruyucu Örtü, Kalın Pedli Araba Koltuk Minderi Su Geçirmez Evcil Hayvan, Kedi Köpek Araç Koltuk Örtüsü, - Siyah","1.199,00"
"Haegs Buz ve Kar Önleyici Araç Ön Cam Örtüsü Brandası | Ağır Hizmet Tipi 600D Oxford Kumaş | Arabalar, SUV`lar, Kamyonetler İçin Oto Ön Cam Koruyucu Güneşlik | Don Örtüsü (198x114cm) XXL - Siyah","1.059,00"
"Haegs Buz ve Kar Önleyici Araç Ön Cam Örtüsü Brandası | Ağır Hizmet Tipi 600D Oxford Kumaş | Arabalar, SUV`lar, Kamyonetler İçin Oto Ön Cam Koruyucu Güneşlik | Don Örtüsü (198x114cm) XXL - Gri","1.059,00"
"Haegs Buz ve Kar Önleyici Araç Ön Cam Örtüsü Brandası | Ağır Hizmet Tipi 600D Oxford Kumaş | Arabalar, SUV`lar, Kamyonetler İçin Oto Ön Cam Koruyucu Güneşlik | Don Örtüsü (185x109cm) XL - Siyah","1.079,00"
"Haegs Buz ve Kar Önleyici Araç Ön Cam Örtüsü Brandası | Ağır Hizmet Tipi 600D Oxford Kumaş | Arabalar, SUV`lar, Kamyonetler İçin Oto Ön Cam Koruyucu Güneşlik | Don Örtüsü (185x109cm) XL - Gri","1.079,00"
"Haegs Buz ve Kar Önleyici Araç Ön Cam Örtüsü Brandası | Ağır Hizmet Tipi 600D Oxford Kumaş | Arabalar, SUV`lar, Kamyonetler İçin Oto Ön Cam Koruyucu Güneşlik | Don Örtüsü (178x106cm) L - Gri","1.079,00"
"Haegs Buz ve Kar Önleyici Araç Ön Cam Örtüsü Brandası | Ağır Hizmet Tipi 600D Oxford Kumaş | Arabalar, SUV`lar, Kamyonetler İçin Oto Ön Cam Koruyucu Güneşlik | Don Örtüsü (175x106cm) STD - Siyah","1.079,00"
"Haegs Buz ve Kar Önleyici Araç Ön Cam Örtüsü Brandası | Ağır Hizmet Tipi 600D Oxford Kumaş | Arabalar, SUV`lar, Kamyonetler İçin Oto Ön Cam Koruyucu Güneşlik | Don Örtüsü (175x106cm) STD - Gri","1.079,00"
"Haegs Buz ve Kar Önleyici Araç Ön Cam Örtüsü Brandası | Ağır Hizmet Tipi 600D Oxford Kumaş | Arabalar, SUV`lar, Kamyonetler İçin Oto Ön Cam Koruyucu Güneşlik | Don Örtüsü (162x106cm) S - Siyah","1.079,00"
"Haegs Buz ve Kar Önleyici Araç Ön Cam Örtüsü Brandası | Ağır Hizmet Tipi 600D Oxford Kumaş | Arabalar, SUV`lar, Kamyonetler İçin Oto Ön Cam Koruyucu Güneşlik | Don Örtüsü (162x106cm) S - Gri","1.079,00"
"Haegs Buz ve Kar Önleyici Araç Ön Cam Örtüsü Brandası | Ağır Hizmet Tipi 600D Oxford Kumaş | Arabalar, SUV`lar, Kamyonetler İçin Oto Ön Cam Koruyucu Güneşlik | Don Örtüsü (165x76cm) XS - Siyah","1.079,00"
"Haegs Buz ve Kar Önleyici Araç Ön Cam Örtüsü Brandası | Ağır Hizmet Tipi 600D Oxford Kumaş | Arabalar, SUV`lar, Kamyonetler İçin Oto Ön Cam Koruyucu Güneşlik | Don Örtüsü (165x76cm) XS - Gri","1.079,00"
"Haegs Araba Ön Cam Koruma Örtüsü, Termal Araç Güneşlik, Oto Buzlanma Önleyici, Cam Kar Örtüsü, Kalın Ağır Hizmet Tipi PEVA Oto Kar Örtüsü | Otomobil, SUV, Hatchback Ön Cam Koruması | Araba Brandası - 155-125 cm -Gri","1.349,00"
"Haegs ATV Brandası, ATV Koruma Kılıfı, Örtüsü Su Geçirmez Dış Mekan Ağır Hizmet Tipi, 4 Mevsim (XXXL-255-110-120) - Siyah - Gri","2.099,00"
"Haegs ATV Brandası, ATV Koruma Kılıfı, Örtüsü Su Geçirmez Dış Mekan Ağır Hizmet Tipi, 4 Mevsim (XXXL-255-110-120) - Gri","2.099,00"
"Haegs ATV Brandası, ATV Koruma Kılıfı, Örtüsü Su Geçirmez Dış Mekan Ağır Hizmet Tipi, 4 Mevsim (XXXL-255-110-120) - Siyah","2.099,00"
"Haegs ATV Brandası, ATV Koruma Kılıfı, Örtüsü Su Geçirmez Dış Mekan Ağır Hizmet Tipi, 4 Mevsim (XXL-220-95-105) - Siyah - Gri","2.099,00"
"Haegs ATV Brandası, ATV Koruma Kılıfı, Örtüsü Su Geçirmez Dış Mekan Ağır Hizmet Tipi, 4 Mevsim (XXL-220-95-105) - Gri","2.099,00"
"Haegs ATV Brandası, ATV Koruma Kılıfı, Örtüsü Su Geçirmez Dış Mekan Ağır Hizmet Tipi, 4 Mevsim (XXL-220-95-105) - Siyah","2.099,00"
"Haegs ATV Brandası, ATV Koruma Kılıfı, Örtüsü Su Geçirmez Dış Mekan Ağır Hizmet Tipi, 4 Mevsim (XL-210-120-115cm) - Siyah - Gri","1.929,00"
"Haegs ATV Brandası, ATV Koruma Kılıfı, Örtüsü Su Geçirmez Dış Mekan Ağır Hizmet Tipi, 4 Mevsim (XL-210-120-115cm) - Gri","1.929,00"
"Haegs ATV Brandası, ATV Koruma Kılıfı, Örtüsü Su Geçirmez Dış Mekan Ağır Hizmet Tipi, 4 Mevsim (XL-210-120-115cm) - Siyah","1.929,00"
"Haegs ATV Brandası, ATV Koruma Kılıfı, Örtüsü Su Geçirmez Dış Mekan Ağır Hizmet Tipi, 4 Mevsim (L-200-95-105cm) - Siyah - Gri","1.879,00"
"Haegs ATV Brandası, ATV Koruma Kılıfı, Örtüsü Su Geçirmez Dış Mekan Ağır Hizmet Tipi, 4 Mevsim (L-200-95-105cm) - Gri","1.879,00"
"Haegs ATV Brandası, ATV Koruma Kılıfı, Örtüsü Su Geçirmez Dış Mekan Ağır Hizmet Tipi, 4 Mevsim (L-200-95-105cm) - Siyah","1.879,00"
"Haegs UTV Brandası, UTV Koruma Kılıfı, Örtüsü, Ağır Hizmet Tipi, Su Geçirmez, 4 Mevsim Koruma, Tek Sıra Koltuklu 2-3 Kişilik UTV için (M-350-175-180cm) Siyah","2.700,00"
"Haegs UTV Brandası, UTV Koruma Kılıfı, Örtüsü, Ağır Hizmet Tipi, Su Geçirmez, 4 Mevsim Koruma, Tek Sıra Koltuklu 2-3 Kişilik UTV için (M-350-175-180cm) Siyah - Gri","2.700,00"
"Haegs UTV Brandası, UTV Koruma Kılıfı, Örtüsü, Ağır Hizmet Tipi, Su Geçirmez, 4 Mevsim Koruma, Çift Sıra Koltuklu 4-6 Kişilik UTV için (L-390-175-190cm) Siyah","2.800,00"
"Haegs UTV Brandası, UTV Koruma Kılıfı, Örtüsü, Ağır Hizmet Tipi, Su Geçirmez, 4 Mevsim Koruma, Çift Sıra Koltuklu 4-6 Kişilik UTV için (L-390-175-190cm) Gri","2.800,00"
"Haegs UTV Brandası, UTV Koruma Kılıfı, Örtüsü, Ağır Hizmet Tipi, Su Geçirmez, 4 Mevsim Koruma, Çift Sıra Koltuklu 4-6 Kişilik UTV için (L-390-175-190cm) Siyah - Gri","2.800,00"
"Haegs UTV Brandası, UTV Koruma Kılıfı, Örtüsü, Ağır Hizmet Tipi, Su Geçirmez, 4 Mevsim Koruma, Çift Sıra Koltuklu 4-6 Kişilik Plus UTV için (XL-420-175-190cm) Siyah","2.900,00"
"Haegs UTV Brandası, UTV Koruma Kılıfı, Örtüsü, Ağır Hizmet Tipi, Su Geçirmez, 4 Mevsim Koruma, Çift Sıra Koltuklu 4-6 Kişilik Plus UTV için (XL-420-175-190cm) Gri","2.900,00"
"Haegs UTV Brandası, UTV Koruma Kılıfı, Örtüsü, Ağır Hizmet Tipi, Su Geçirmez, 4 Mevsim Koruma, Çift Sıra Koltuklu 4-6 Kişilik Plus UTV için (XL-420-175-190cm) Siyah - Gri","2.900,00"
Mellifera 200024 Uzaktan Kumandalı 24v 2kW Ultra Sessiz Benzinli DC Jeneratör,"28.900,00"
Mellifera 200048 Uzaktan Kumandalı 48v 2kW Ultra Sessiz Benzinli DC Jeneratör,"31.690,00"
Storcell S1 1024Wh Kapasiteli Taşınabilir Güç Kaynağı,"44.990,00"
Storcell S2 2048 Wh Kapasiteli Taşınabilir Güç Kaynağı,"69.990,00"
Storcell S3 3072Wh Kapasiteli Taşınabilir Güç Kaynağı,"119.990,00"
Storcell S5 5040Wh Kapasiteli Taşınabilir Güç Kaynağı,"209.990,00"
Storcell S2-BAT 2048Wh Kapasiteli S2 ve S3 Modellerine Uyumlu Ek Batarya Güç Kaynağı,"54.990,00"
Storcell S5-BAT – S5 Modeline Uyumlu 5040Wh Kapasiteli Ek Batarya Güç Kaynağı,"109.990,00"
Boule De Petite Colors Of Pure Işıklı Top Aydınlatma,"1.249,00"
Boule De Petite Pure Whites Işıklı Top Aydınlatma,"1.249,00"
Boule De Petite Merry Christmas Işıklı Top Aydınlatma,"1.249,00"
Husqvarna 445 2.1kW Benzinli Ağaç Kesme Makinesi,"18.999,00"
Reyo Home Sultan Ahşap Sallanan Sandalye,"7.999,00"
Reyo Paslanmaz Çelik Altlıklı Çay Süzgeci 304 Kalite Paslanmaz Çelik,"499,00"
"Mutsan Paslanmaz Çelik 6'lı Çerezlik (8,5 cm) Takımı","689,00"
"Mutsan Paslanmaz Çelik 6'lı Reçellik/Sosluk (7,2 cm) Takımı","499,00"
Dualpest AN-B060 Güneş Enerjili ve Pilli Yabani Hayvan Kovucu,"3.999,00"
Dualpest An-A316 Güneş Enerjili Köstebek Kovucu - Yılan Akrep Fare Kovucu,"929,00"
"Bysay Ahşap Katlanabilir Taşınır Puf Minderli Plaj, Bahçe, Balkon Şezlong Krem","3.199,00"
"Bysay Ahşap Katlanabilir Taşınır Puf Minderli Plaj, Bahçe, Balkon Şezlong Gri","3.199,00"
Reyo Taşınabilir Katlanır Plaj Havuz Şezlong Minderi Kamp Yatağı Minderi Haki,"849,00"
Lurch Vario Mandolin Doğrayıcı,"2.980,00"
"Bysay Ahşap Katlanabilir Taşınır Puf Minderli Kollu Kademeli Şezlong Plaj, Bahçe Şezlong 3lü Set Krem","7.599,00"
BySay Ahşap Katlanabilir Taşınır Puf Minderli Şezlong Balkon Sandalyesi Takımı 3 Lü Set Krem,"6.899,00"
Bysay Ahşap Katlanabilir Taşinır Şezlong Plaj Bahçe Teras Balkon Sandalyesi 3'lü Takım Krem,"5.599,00"
Dr. Bei Sonic Gy3 Şarjlı Diş Fırçası,"989,00"
Yeşil HS250 220v 250kg/s Helezonlu Şıra Makinası Üzüm Sıkma Makinası,"56.799,00"
"Baove Ocw260 A4 Laminasyon Makinesi + 10 Pvc Film, Pvc Laminasyon Kaplama Makinesi - Baove OCW260","1.649,00"
"Baove Ocw360 A3 Laminasyon Makinesi + 10 Pvc Film, Pvc Laminasyon Kaplama Makinesi - Baove OCW360","1.649,00"
Reyo Home %100 Pamuk Çift Kişilik Pike Ve Yatak Örtüsü 200x230 cm Bej,"349,00"
Reyo Home Lucia Siyah Pamuklu Pike ve Yatak Örtüsü 220x240 cm,"329,00"
Mobildeco Sultan Lüx Gri Krem Ahşap Çift Minderli Çift Cepli Sallanan Sandalye,"7.899,00"
Bysay Ahşap Katlanabilir Taşinır Şezlong Plaj Bahçe Teras Balkon Sandalyesi 3'lü Takım Haki,"5.599,00"
Nascita Pro Üç Boyutlu Oval Saç Fırçası - Çanta Boyu,"99,00"
"Reyo Home İndigo Gri Krem Sallanan Sandalye Dinlenme, Emzirme Koltuğu TV Koltuğu Berjer","7.999,00"
VINTERFINT Gıda Saklama Kutusu Kırmızı-Beyaz,"279,00"
"VINTER 2021 Ağaç Süsü Mavi-Lame, 3.5 cm 25 adet","399,00"
VINTER 2021 Ağaç Süsü Kırmızı 8 Adet,"129,00"
VINTERFINT Gıda Saklama Kutusu Kırmızı,"229,00"
VINTER 2021 Yapboz Çok Renkli,"199,00"
VINTER 2021 Ağaç Süsü Altın Rengi Beyaz 3.5 cm 25 adet,"399,00"
VINTER 2021 Ağaç Süsü Kırmızı-Beyaz 5 cm  4 adet,"259,00"
Reyo Home Sultan Lüx Ahşap Çift Minderli Çift Cepli Sallanan Sandalye Bordo Krem,"7.899,00"
Reyo Home Sultan Lüx Ahşap Çift Minderli Çift Cepli Sallanan Sandalye Yeşil Füme,"7.899,00"
"Reyo Paşa Ahşap Sallanan Sandalye, Boyun Yastıklı Çıkartılabilir Kılıflı Minderli Dinlenme Koltuğu Emzirme Koltuğu Açık Gri","7.899,00"
Reyo Home Asos Lüks Çift Minderli Sallanan Sandalye Tv Koltuğu Kahve/Krem,"7.899,00"
Reyo Home Asos Lüks Çift Minderli Sallanan Sandalye Tv Koltuğu Yeşil/Krem,"8.199,00"
Reyo Home Efes Lüks Çift Minderli Sallanan Sandalye Tv Koltuğu Gri/Krem,"8.199,00"
Reyo Home Efes Lüks Çift Minderli Sallanan Sandalye Tv Koltuğu Yeşil/Krem,"8.299,00"
Reyo Home Efes Lüks Çift Minderli Sallanan Sandalye Tv Koltuğu Bordo/Krem,"8.199,00"
Reyo Home Efes Lüks Çift Minderli Sallanan Sandalye Tv Koltuğu Gri/Yeşil,"8.199,00"
Reyo Home Efes Lüks Çift Minderli Sallanan Sandalye Tv Koltuğu Kahve/Krem,"8.199,00"
Reyo Home Lidya Lüks Çift Minderli Sallanan Sandalye Tv Koltuğu Kahve/Krem,"8.199,00"
Reyo Home Lidya Lüks Çift Minderli Sallanan Sandalye Tv Koltuğu Bordo/Krem,"8.199,00"
Reyo Home Lidya Lüks Çift Minderli Sallanan Sandalye Tv Koltuğu Gri/Krem,"8.199,00"
Reyo Home Lidya Lüks Çift Minderli Sallanan Sandalye Tv Koltuğu Gri/Yeşil,"8.199,00"
Reyo Home Lidya Lüks Çift Minderli Sallanan Sandalye Tv Koltuğu Yeşil/Krem,"8.199,00"
"Bysay Ahşap Katlanabilir Taşınır Puf Minderli Kollu Kademeli Şezlong Plaj, Bahçe Şezlong 3lü Set Ceviz-Gri","8.399,00"
"Reyo Home Helena TV, Kitap Okuma, Emzirme, Baba Koltuğu Sallanan Sandalye Gri/Krem Çift Minder","7.999,00"
Melada Mobilya Gürgen Çift Tepeli Dilsiz Uşak Elbise Askısı Cilalı Ceviz MLD0CTCD,"2.399,00"
Duver Ayakkabı Temizleme Köpüğü 100 ml,"84,90"
Duver Ayakkabı Temizleme Köpüğü 200 ml,"124,90"
Duver Tanışma Paketi 50 ml,"329,00"
Mobildeco Vezir Ahşap Sallanan Sandalye Dinlenme Koltuğu Yeşil,"7.599,00"
"Reyo Home Helena TV, Kitap Okuma, Emzirme, Baba Koltuğu Sallanan Sandalye Bordo/Krem Çift Minder","7.999,00"
Duver Ayakkabı ve Bot İçin Kendinden Parlaklık Sağlayan Krem Ayakkabı Boyası,"149,90"
Duver Süet ve Nubuk Ayakkabı için Nubuk Fırça,"84,90"
Duver Ayakkabı Deodorantı 200 ml,"249,90"
Asedia Mama Puflu Naturel Bej Minderli Sallanan Sandalye Emzirme Koltuğu MPSS,"16.999,00"
Mylamp Yaprak Doğal Hazeran Avize 50x30x55 cm,"2.499,00"
Mylamp Nubu Doğal Hazeranlı & Fildişi Hasır Kadife Kumaş 50X35 cm,"2.399,00"
Bysay Ahşap Katlanabilir Taşınır Şezlong Plaj Bahçe Teras Balkon Sandalyesi 3'lü Takım Mavi,"5.599,00"
Bysay Ahşap Katlanabilir Taşinır Şezlong Plaj Bahçe Teras Balkon Sandalyesi 3'lü Takım Turkuaz,"5.599,00"
Niron XL Katlanır Yatak 90x200 Portatif Yatak ve Karyola,"9.199,00"
"Niron Emeralt Sallanan Dönen Ve Yatan Tv Koltuğu, Yeşil","19.699,00"
Niron Comfort Elegance Fonksiyonel Tekli Koltuk Tv - Baba Koltuğu - Berjer Bej,"16.399,00"
Reyo Santorini Kapitoneli Tv Koltuğu Baba Koltuğu Sallanan Sandalye Emzirme Koltuğu Dinlenme Koltuğu Bej,"7.899,00"
Reyo Santorini Kapitoneli Tv Koltuğu Baba Koltuğu Sallanan Sandalye Emzirme Koltuğu Dinlenme Koltuğu Yeşil,"8.299,00"
Reyo Santorini Kapitoneli Tv Koltuğu Baba Koltuğu Sallanan Sandalye Emzirme Koltuğu Dinlenme Koltuğu Füme,"8.299,00"
Reyo Paslanmaz Çelik 6'lı Yumurtalık - Yumurta Tutucu,"569,00"
Reyo Paslanmaz Çelik 2'li Yumurtalık - Yumurta Tutucu,"299,00"
Reyo Paslanmaz Çelik 4'lü Yumurtalık - Yumurta Tutucu,"419,00"
Reyo Paslanmaz Çelik Tekli Yumurtalık - Yumurta Tutucu,"129,00"
"VINTERFINT Ağaç Süsü, Kırık Beyaz, 8 cm, 3","499,00"
Reyo Maymun Figürlü Havlu Panço,"599,00"
Havlu Denizi Ayıcık Figürlü Havlu Panço,"599,00"
Melada Mobilya Gürgen İkili Dilsiz Uşak Ham Cilalı Basic MLD0iHCU,"2.599,00"
Melada Mobilya Gürgen İkili Dilsiz Uşak Ham Cilalı Sehpalı MLD0iHC+S,"2.999,00"
Melada Mobilya Gürgen Tekli Dilsiz Uşak Ham Cilalı Basic MLD0THCU,"2.399,00"
"Bysay Ahşap Katlanabilir Taşınır Puf Minderli Kollu Kademeli Şezlong Plaj, Bahçe Şezlong 3lü Set Ceviz-Antrasit","8.399,00"
Reyo Montessori Çok Amaçlı Ahşap Kitaplık ve Çalışma Masası 110cm,"2.499,00"
Reyo 1/2 Örgülü Premium Şeffaf Bahçe Hortumu 15 Metre,"999,00"
Reyo Santorini Kapitoneli Tv Koltuğu Baba Koltuğu Sallanan Sandalye Emzirme Koltuğu Dinlenme Koltuğu Kiremit,"8.299,00"
Reyo Santorini Kapitoneli Tv Koltuğu Baba Koltuğu Sallanan Sandalye Emzirme Koltuğu Dinlenme Koltuğu Hardal,"8.299,00"
Reyo Florya Füme/Gri Çift Renkli Kapitoneli Sallanan Sandalye Dinlenme ve TV Koltuğu Gri Fitilli,"7.899,00"
Reyo Florya Füme/Gri Çift Renkli Kapitoneli Sallanan Sandalye Dinlenme ve TV Koltuğu Füme Fitilli,"7.899,00"
Mylamp Sitrus Doğal Bambu Avize 30x30 cm,"1.150,00"
Duver Ayakkabı Temizleme Mendili 5'li,"29,90"
"Reyo Lüx Ahşap Tekerlekli Tepsili Mutfak Servis Arabası & Dresuar Yan Sehpa, İçecek Servis Arabası","10.299,00"
Reyo Home Indigo Kiremit Krem Sallanan Sandalye Dinlenme ve Emzirme Koltuğu TV Koltuğu Berjer,"7.699,00"
Asedia Kontes Naturel Krem Dolgu Minderli Sallanan Sandalye Dinlenme Koltuğu,"12.999,00"
Reyo Santorini Kapitoneli Tv Koltuğu Baba Koltuğu Sallanan Sandalye Emzirme Koltuğu Dinlenme Koltuğu Açık Gri,"8.299,00"
Asedia Rustik Ceviz Kahve Sallanan Sandalye Dinlenme Emzirme Baba Tv Okuma Babalar Günü Hediyesi,"16.999,00"
Reyo Santorini Kapitoneli Tv Koltuğu Baba Koltuğu Sallanan Sandalye Emzirme Koltuğu Dinlenme Koltuğu Petrol Mavisi,"8.299,00"
The Mia Globe Yılbaşı Temalı Masa Örtüsü 230 X 140 cm,"599,00"
The Mia Globe Yılbaşı Temalı Dikdörtgen Servis Tabağı 34 x 25 cm,"399,00"
The Mia Globe Yılbaşı Temalı Çerezlik 6 Parça 10 cm,"499,00"
Erinöz Salıncak Minder Takımı 3 Kişilik (Süngerli) - Antrasit,"6.352,50"
Erinöz Salıncak Minder Takımı 3 Kişilik (Süngerli) -Minder: Yeşil Çizgili Tente: Yeşil,"6.352,50"
VINTERFINT Yılbaşı Temalı Paspas 40x60 cm,"429,00"
Reyo 110cm Açılır Yuvarlak Yemek Masası Baba Ayak Masa Natural Cilalı (Sandalyeler Dahil Değildir),"18.299,00"
Reyo Metis Genç Çocuk Yatak Odası Metal  Turuncu Ranza Turuncu 90x190,"12.990,00"
Al-ko 112.808 EKS 2400-40 Elektrik Motorlu Zincirli Testere,"7.250,00"
Al-ko 112.809 EKI 2200-40 Elektrik Motorlu Zincirli Testere,"7.500,00"
Reyo Metis Genç Çocuk Yatak Odası Metal  Ranza ve Karyola Turuncu 90x200,"13.990,00"
Enda Home 3 Raflı 2 Kapaklı Çok Amaçlı Dolap Antrasit,"2.399,00"
Enda Home 3 Raflı 2 Kapaklı Çok Amaçlı Dolap Antrasit - Atlantik Çam,"2.899,00"
Enda Home X Ayaklı Raflı Ders Çalışma Masası 50x90 cm Antrasit - Beyaz,"2.199,00"
Enda Home 3 Raflı 2 Kapaklı Çok Amaçlı Dolap Beyaz,"2.899,00"
Erinöz Assento Bahçe Oturma Grubu 3+1+1+Sehpa - Kum Rengi,"89.133,00"
Reyo Ahşap Katlanır 3'lü Bistro Seti Mutfak Balkon Bahçe Teras Masa Sandalye Seti Ceviz,"3.699,00"
Reyo Ahşap Katlanır Döşeme Minderli 3'lü Bistro Set Bahçe Takımı Ceviz Antrasit,"4.199,00"
Reyo  Ahşap Katlanır Döşeme Minderli 3'lü Bistro Set Bahçe Takımı Ceviz Gri,"4.199,00"
Reyo Ahşap Katlanır Döşeme Minderli 3'lü Bistro Set Bahçe Takımı Ceviz Krem,"4.199,00"
Reyo Ahşap Katlanır Döşeme Minderli 3'lü Bistro Set Bahçe Takımı Naturel Antrasit,"4.199,00"
Reyo Ahşap Katlanır Döşeme Minderli 3'lü Bistro Set Bahçe Takımı Naturel Gri,"4.199,00"
Reyo Ahşap Katlanır Döşeme Minderli 3'lü Bistro Set Bahçe Takımı Naturel Krem,"4.199,00"
Reyo Ahşap Katlanır Minderli 3'lü Bistro Set Mutfak Balkon Bahçe Masa Sandalye Seti Ceviz Gri,"3.999,00"
Reyo Ahşap Katlanır Minderli 3'lü Bistro Set Mutfak Balkon Bahçe Masa Sandalye Seti Ceviz Yeşil,"3.999,00"
Reyo Ahşap Katlanır 3'lü Bistro Set Bahçe Takımı Naturel,"3.999,00"
Reyo Ahşap Katlanır Puf Minderli 3'lü Bistro Set Bahçe Takımı Naturel Gri,"3.999,00"
Reyo Ahşap Katlanır Puf Minderli 3'lü Bistro Set Bahçe Takımı Naturel Yeşil,"3.999,00"
Bysay Ahşap Katlanabilir Yatar Şezlong 3 Kademe Plaj Yatağı Ceviz,"5.599,00"
Bysay Ahşap Katlanabilir Yatar Şezlong 3 Kademe Plaj Yatağı Naturel,"6.199,00"
Bysay Ahşap Katlanabilir Yatar Şezlong 3 Kademe Plaj Yatağı Minder Dahil Ceviz-Antrasit,"6.199,00"
Bysay Ahşap Katlanabilir Yatar Şezlong 3 Kademe Plaj Yatağı Minder Dahil Ceviz-Gri,"6.199,00"
Bysay Ahşap Katlanabilir Yatar Şezlong 3 Kademe Plaj Yatağı Minder Dahil Ceviz-Kırmızı,"6.199,00"
Bysay Ahşap Katlanabilir Yatar Şezlong 3 Kademe Plaj Yatağı Minder Dahil Ceviz-Krem,"6.199,00"
Bysay Puf Minderli Ahşap Kademeli Şezlong Bahçe&Balkon&Teras&Plaj Katlanır Şezlong Naturel Haki,"3.599,00"
Bysay Ahşap Katlanabilir Yatar Şezlong 3 Kademe Plaj Yatağı Minder Dahil Ceviz-Mavi,"6.199,00"
Bysay Puf Minderli Ahşap Kademeli Şezlong Bahçe&Balkon&Teras&Plaj Katlanır Şezlong Naturel Antrasit,"3.599,00"
Bysay Ahşap Katlanabilir Yatar Şezlong 3 Kademe Plaj Yatağı Minder Dahil Ceviz-Yeşil,"6.199,00"
Bysay Ahşap Katlanabilir Yatar Şezlong 3 Kademe Plaj Yatağı Minder Dahil Naturel-Antrasit,"6.199,00"
Bysay Ahşap Katlanabilir Yatar Şezlong 3 Kademe Plaj Yatağı Minder Dahil Naturel-Krem,"6.199,00"
Bysay Ahşap Katlanabilir Yatar Şezlong 3 Kademe Plaj Yatağı Minder Dahil Naturel-Turkuaz,"6.199,00"
Bysay Ahşap Katlanabilir Yatar Şezlong 3 Kademe Plaj Yatağı Minder Dahil Naturel-Yeşil,"6.199,00"
Ereyon 500 TL Hediye Kartı,"500,00"
Ereyon 750TL Hediye Kartı,"750,00"
Ereyon 1000TL Hediye Kartı,"1.000,00"
Ereyon 1500TL Hediye Kartı,"1.500,00"
Ereyon 2000TL Hediye Kartı,"2.000,00"
Claber 8497 Tempo Myaquasolar Tek Çıkışlı Otomatik Su Zamanlayıcı,"5.450,00"
Erinöz Morus 2 Kişilik Bahçe Balkon Salıncağı - İngiliz Gülü,"21.332,30"
"Dy Home Garden Mekanizmalı Sallanan Koltuk, Sallanan Şezlong, Tv Koltuğu, Dinlenme Koltuğu, Okuma Koltuğu Kahve","10.599,00"
Reyo 72x45 1. Sınıf Açılır Kapanır Duvara Monte Raf Masa Mutfak Masası,"1.359,00"
Ankara Orman Ürünleri Beyaz Petek Üstü Raf Masa Oval Köşeli Duvara Montaj Gerektirmez Mutfak Masası Çalışma Masası,"2.299,00"
Handy 4232 Çim Kök Havalandırma Tırmığı Vertikat,"1.399,00"
"Intex 64760 Dura-Beam Tek Kişilik Ev, Kamp Yatağı Ayak Pompalı Şişme Yatak","1.299,00"
Intex 64762 Full Dura-Beam Downy Çift Kişilik Şişme Yatak,"1.699,00"
"Intex 67997 Şişme Kamp Yatağı, Kamp Matı 67x184x17cm","1.249,00"
Mutsan Paslanmaz Çelik Altlıklı Çay Süzgeci,"349,00"
WMF Perfect 6.5 lt + 3 lt Düdüklü Tencere Seti (Kulpu Kırık-Outlet),"11.200,00"
Hitit 3mm Yüksek Kalite Jilet Tırmık Çapa,"1.599,00"
"Reyo Paşa Ahşap Sallanan Sandalye, Çıkartılabilir Kılıflı Minderli, Boyun Yastıklı Dinlenme Koltuğu Emzirme Koltuğu Füme","7.899,00"
Bysay Taşınabilir Katlanır Plaj Havuz Şezlong Minderi Kamp Yatağı Minderi Haki,"849,00"
BySay Ahşap Katlanır Döşeme Minderli 3'lü Bistro Set Bahçe Takımı Naturel Gri,"4.199,00"
BySay Ahşap Katlanır 3'lü Bistro Seti Mutfak Balkon Bahçe Teras Masa Sandalye Seti Ceviz,"3.699,00"
BySay Ahşap Katlanır Döşeme Minderli 3'lü Bistro Set Bahçe Takımı Ceviz Antrasit,"4.199,00"
BySay Ahşap Katlanır Döşeme Minderli 3'lü Bistro Set Bahçe Takımı Ceviz Gri,"4.199,00"
BySay Ahşap Katlanır Döşeme Minderli 3'lü Bistro Set Bahçe Takımı Ceviz Krem,"4.199,00"
BySay Ahşap Katlanır Döşeme Minderli 3'lü Bistro Set Bahçe Takımı Naturel Antrasit,"4.199,00"
BySay Ahşap Katlanır Döşeme Minderli 3'lü Bistro Set Bahçe Takımı Naturel Krem,"4.199,00"
BySay Ahşap Katlanır Minderli 3'lü Bistro Set Mutfak Balkon Bahçe Masa Sandalye Seti Ceviz Gri,"3.999,00"
BySay Ahşap Katlanır Minderli 3'lü Bistro Set Mutfak Balkon Bahçe Masa Sandalye Seti Ceviz Krem,"3.999,00"
BySay Ahşap Katlanır Minderli 3'lü Bistro Set Mutfak Balkon Bahçe Masa Sandalye Seti Ceviz Yeşil,"3.999,00"
BySay Ahşap Katlanır 3'lü Bistro Set Bahçe Takımı Naturel,"3.999,00"
BySay Ahşap Katlanır Puf Minderli 3'lü Bistro Set Bahçe Takımı Naturel Gri,"3.999,00"
BySay Ahşap Katlanır Puf Minderli 3'lü Bistro Set Bahçe Takımı Naturel Yeşil,"3.999,00"
