product_name,price
7 DAYS FINDIKLI KRUVASAN 72 GR,"34,99 ₺"
7 DAYS KAKAOLU KRUVASAN 72 GR,"34,99 ₺"
AKTURK 475 GR GOFRET,"69,99 ₺"
BEBETO BERRIES BUYUK BOY 70 GR,"40,00 ₺"
BEBETO DOUBLE JOY CILEK VAN.75 GR,"40,00 ₺"
BEBETO ICE CREAM YUMUSAK SEKER 80 GR,"40,00 ₺"
BEBETO PEACH RINGS 80 GR,"40,00 ₺"
BEBETO SUPER BELT 75 GR,"40,00 ₺"
BIG BABOL 26 GR SHAKIES CILEK CUZDAN,"40,00 ₺"
BIG BABOL 26 GR SHAKIES MUZ CUZDAN,"20,00 ₺"
BIG BABOL BOX MEYVE 36 GR,"40,00 ₺"
BIG BABOL MAGIC CUBES BOTTLE 86 GR,"92,50 ₺"
BOUNTY BAR 57 GR,"54,95 ₺"
CEREZZA DEV BAHARAT DOMATES SOSU TADINDA 150 GR,"69,00 ₺"
CEREZZA KOKTEYL SUPER 117 GR,"49,50 ₺"
CEREZZA STICK 117 GR PEYNIR SOGON SUPER,"49,50 ₺"
CEREZZA TV SUT MISIRI SUPER 117 GR,"49,50 ₺"
CHEETOS FIRINDAN  41 GR FISTIK AILEPLUS,"25,00 ₺"
CHEETOS FIRINDAN 41 GR BIFTEK AILEPLUS,"25,00 ₺"
CHEETOS FIRINDAN 41 GR PEYNIR AILEPLUS,"25,00 ₺"
CHUPA CHUPS LOLIPOP TRIO 29 GR,"20,99 ₺"
CHUPA CHUPS MELODY POPS CILEK 15 GR,"17,99 ₺"
CIPSO 104 GR KETCAP S.PLUS,"55,00 ₺"
CIPSO YOGURT S.PLUS 104 GR,"55,00 ₺"
CIZMECI 65 GR WAFER MASTER FINDIKLI,"40,00 ₺"
CIZMECI WAFER MASTER 120 GR,"100,00 ₺"
DEL BEBETO WACKY STICKS 75 GR,"40,00 ₺"
DEL COSBY BIGMIX 9  GR,"130,00 ₺"
DEL ETI BROWNI 200 GR,"85,00 ₺"
DEL ETI PAYKEK MEYVELI 200 GR,"53,00 ₺"
DEL ETI PAYKEK MOZAIK 200 GR,"53,00 ₺"
DEL KAHVE DUNYASI 125 GR GOFRIK GOFRET,"154,99 ₺"
DEL KOSKA KAGIT HELVA 45 GR,"19,99 ₺"
DEL NESTLE POLO 34 GR,"25,00 ₺"
DEL ROCHER T3 38 GR,"64,99 ₺"
DEL ULKER 20 GR YUPO COKOJELO BOGURTLEN,"13,99 ₺"
DEL ULKER YUPO 20 GR COKOJELO PORTAKAL,"13,99 ₺"
DEL.ETI BROWNI INTENSE 150 GR 3'LU PAKET,"72,95 ₺"
DEL.HANUTA 2'Lİ GOFRET 44 GR,"45,99 ₺"
DEL.ONEO 60 GR BUBBLEE MINI DRAJE,"52,50 ₺"
DEL.ONEO ÇİLEK ARO.BOTTLE SAKIZ 60 GR,"67,50 ₺"
DEL.RUFFLES & DORITOS 2'LI SET 310 GR,"106,25 ₺"
DEL.SOLEN  40GR BOOMBASTIC FANTASTIK BAR,"25,00 ₺"
DEL.SOLEN 125 GR BISCOLATA MOOD BITTER,"70,00 ₺"
DEL.SOLEN 82 GR BISCOLATA STARZ SUTLU,"30,00 ₺"
DEL.SOLEN BISCOLATA MOOD CIKO  40 GR,"25,00 ₺"
DEL.TADIM 100 GR AYCEKIRDEK SIYAH BOL TUZLU,"32,00 ₺"
DEL.TADIM ANTEP FISTIGI 40 GR,"320,00 ₺"
DEL.ULKER 55 GR DANKEK 8 KEK DUBLE CIKO.,"13,00 ₺"
DORITOS EXTREME SUPER 113  GR,"58,95 ₺"
DORITOS MEGA 218 GR,"79,95 ₺"
DORITOS NACHO PARTI 169 GR,"74,99 ₺"
DORITOS NACHO SUPER 113 GR,"58,95 ₺"
DORITOS TACO PARTI 169 GR,"74,99 ₺"
DORITOS TACO SUPER 121 GR,"58,95 ₺"
ETI 34 GR CIK.GOFRETLI SUTLU CIK.,"15,00 ₺"
ETI 40 GR FORM MAHLEP CIYA COREK OTLU BISK,"14,00 ₺"
ETI 50 GR BROWNI INTENSE,"22,99 ₺"
ETI 50 GR KARAM BITTER,"27,99 ₺"
ETI AHENK GURME 50 GR,"30,00 ₺"
ETI BALIK MISIRLI KRAKER 70 GR,"22,00 ₺"
ETI BENIMO 80 GR,"30,00 ₺"
ETI BENIMO LOKMALIK 3 LU 240 GR,"87,25 ₺"
ETI BIDOLU 81 GR YER FISTIKLI KAKAOLU,"35,00 ₺"
ETI BIDOLU YER FISTIKLI 81 GR,"35,00 ₺"
ETI BROWNI INT. MINI 160 GR KARAMELLI,"74,95 ₺"
ETI BROWNI INTENSE CIK.160 GR,"74,95 ₺"
ETI BROWNI INTENSE GOLD 48 GR,"25,00 ₺"
ETI BROWNI KAK.CIKO.45 GR,"15,00 ₺"
ETI BROWNI KLASIK 40 GR,"15,00 ₺"
ETI BROWNI MINI KAKAOLU 180 GR,"54,95 ₺"
ETI BROWNI PATISSERIE CIK.SOSLU KEK 165 GR,"94,00 ₺"
ETI BROWNI VISNE 45 GR,"15,00 ₺"
ETI BUMBO 42 GR,"15,00 ₺"
ETI BURCAK 100 GR LIMONLU KREMALI YULAFLI,"25,00 ₺"
ETI BURCAK 100 GR. H. CEVIZLI KREMALI BISK.,"25,00 ₺"
ETI BURCAK 114 GR SUTLU CIKOLATALI,"34,95 ₺"
ETI BURCAK 273 GR COREK OTLU TUZLU BISK. MP,"70,50 ₺"
ETI BURCAK 3 LU 393 GR,"64,99 ₺"
ETI BURCAK 91 GR COREK OTLU TUZLU BISK.,"24,00 ₺"
ETI BURCAK 91 GR ZEYTINLI TUZLU BISK.,"24,00 ₺"
ETI BURCAK BITTER CIK.114 GR,"38,00 ₺"
ETI BURCAK KURABI 198 GR. YULAFLI YER FIST.,"60,00 ₺"
ETI BURCAK SUTLU KREMALI 100 GR,"25,00 ₺"
ETI BURCAK SUTLU KREMALI 300 GR,"74,50 ₺"
ETI CANGA DARK 45 GR,"25,00 ₺"
ETI CANGA GOLD 45 GR,"25,00 ₺"
ETI CANGA SUTLU 45 GR,"22,99 ₺"
ETI CIK.ICIBOL ANTEP FIST.30 GR,"55,00 ₺"
ETI CIK.KARAM 60 GR %70 KAKAO KARE,"67,00 ₺"
ETI CIK.KARE ANTEP FIST. 60 GR,"102,00 ₺"
ETI CIK.KARE KARAM 60 GR %54 KAKAO,"67,00 ₺"
ETI CIK.KARE KARAM BITTER 60 GR,"67,00 ₺"
ETI CIK.KARE SUTLU 65 GR,"67,00 ₺"
ETI CIK.UZUN ANTEP FISTIKLI 34 GR,"43,00 ₺"
ETI CIK.UZUN SUTLU 34 GR,"35,00 ₺"
ETI CIN LOKMALIK 114 GR,"25,00 ₺"
ETI CIN PORTAKALLI 25 GR,"6,00 ₺"
ETI CIN PORTAKALLI 325 GR,"60,00 ₺"
ETI CRAX 50 GR ACI BAHARATLI KRAKER,"20,00 ₺"
ETI CRAX 50 GR CHILI LIME MISKET LIMONLU ACILI,"20,00 ₺"
ETI CRAX BAHARATLI 80 GR,"19,00 ₺"
ETI CRAX BAHARATLI KRAKER 175 GR,"37,00 ₺"
ETI CRAX PEYNIRLI KRAKER 175 GR,"37,00 ₺"
ETI CRAX PEYNIRLI KRAKER 80 GR,"19,00 ₺"
ETI FORM 138 GR KIZARMIS KEPEKLI EKMEK,"62,00 ₺"
ETI FORM 41 GR TAHILLI BUGDAYLI PATLAGI,"24,00 ₺"
ETI FORM 45 GR,"13,50 ₺"
ETI FORM CIK.KAPL.BISKUVI 50 GR,"37,00 ₺"
ETI FORM LIMON LIFLI BISK.50 GR,"18,00 ₺"
ETI HOSBES CILEKLI 142 GR,"49,95 ₺"
ETI HOSBES FINDIKLI 142 GR,"49,95 ₺"
ETI HOSBES KAKAOLU 142 GR,"49,95 ₺"
ETI KAKAOLU BISK.125 GR,"25,00 ₺"
ETI KRAKER BALIK 85 GR,"21,00 ₺"
ETI LIFALIF 35 GR BITTER CIKO.MUSLI BAR,"33,00 ₺"
ETI LIFALIF 35 GR KURU YEMIS MUSLI BAR,"33,00 ₺"
ETI LIFALIF 35 GR YULAF BAR KIRMIZI MEY.,"33,00 ₺"
ETI MAXIMUS SUTLU BAR 50 GR,"22,50 ₺"
ETI NERO 110 GR KAKAOLU BISKUVI,"25,00 ₺"
ETI PETIT BEURRE 400 GR,"62,00 ₺"
ETI PETITO BAMBU 15 GR,"17,00 ₺"
ETI PETITO SUTLU 18 GR,"17,00 ₺"
ETI PETITO TOPCU 16 GR,"17,00 ₺"
ETI POPKEK 55 GR BITTER CIKOLATALI,"15,00 ₺"
ETI POPKEK KAKAOLU 60 GR,"15,00 ₺"
ETI POPKEK LIMONLU 60 GR,"15,00 ₺"
ETI POPKEK MINI KAKAOLU 180 GR,"49,95 ₺"
ETI POPKEK MINI LIMONLU 180 GR,"49,95 ₺"
ETI POPKEK MINI MUZLU 180 GR,"49,95 ₺"
ETI POPKEK MUZLU 60 GR,"15,00 ₺"
ETI PUF HIND.CEV.16 GR,"6,00 ₺"
ETI PUF RENKLI 18 GR,"6,00 ₺"
ETI SOSBOM 50 GR CIK.SOSLU KAP.KEK,"28,00 ₺"
ETI SULTANI 123 GR,"25,00 ₺"
ETI SULTANI 3 LU 369 GR,"73,00 ₺"
ETI SUT BURGER BALLI 35 GR,"18,50 ₺"
ETI SUT BURGER CILEKLI 35 GR,"18,50 ₺"
ETI SUT BURGER KAKAOLU 35GR,"18,50 ₺"
ETI SUT BURGER MUZLU  35 GR,"18,50 ₺"
ETI TARTINI FRAMBUAZLI 114 GR,"34,95 ₺"
ETI TOPKEK CILEKLI 40 GR,"12,00 ₺"
ETI TOPKEK FINDIKLI 35 GR,"12,00 ₺"
ETI TOPKEK MEYVELI 40 GR,"12,00 ₺"
ETI TUTKU 100 GR,"25,00 ₺"
ETI TUTKU 138 GR KAKAO KREMALI BISK.,"36,00 ₺"
ETI TUTKU RULO 150 GR,"36,00 ₺"
ETI YULAFLI 3 LU 375 GR,"73,00 ₺"
ETI YULAFLI BISK.125 GR,"25,00 ₺"
FIRST 60 DK AHUD. LIMON AROM. SAKIZ 27 GR,"59,99 ₺"
FIRST 60 DK KARPUZ SEFTALI AROM.SAKIZ 27 GR,"59,99 ₺"
HARIBO AHUDUDU/BOGURTLEN 80 GR,"43,00 ₺"
HARIBO ALTIN AYICIK 80 GR,"43,00 ₺"
HARIBO CHAMALLOWS RUBINO 70 GR,"43,00 ₺"
HARIBO FIZZ EKSILI SOLUCAN 70 GR,"43,00 ₺"
HARIBO FIZZ MIX 70 GR,"43,00 ₺"
HARIBO JELLY FUNNY STARMIX 80 GR BAG,"43,00 ₺"
HARIBO JELLY SOLUCAN 80 GR,"43,00 ₺"
HARIBO JELLY TEETH BAG 80 GR,"43,00 ₺"
HARIBO JELLY TROPIFRUTTI 80 GR BAG,"43,00 ₺"
HARIBO MARSH.CHOCOLATE 62 GR,"43,00 ₺"
HARIBO MEGA PARTY 200 GR,"103,00 ₺"
HARIBO MINI ALTIN AYICIK 200 GR MAXI,"103,00 ₺"
HARIBO ROULETTE MEYVELI  45 GR,"25,00 ₺"
KAHVE DUN.TAMBOL 77GR ANTEP FIST.SUTLU CIK,"109,95 ₺"
KAHVE DUNYASI 33 GR GOFRIK A.FISTIGI,"29,99 ₺"
KARA SEVDA KLASIK TUZLU SIYAH AYÇEKIRDEĞI 135 GR,"40,00 ₺"
KENT 28 GR OLIPS STICK LIMON PORTAKAL,"28,75 ₺"
KENT 28 GR OLIPS STICK MENTOL OKALIPTUS,"28,75 ₺"
KENT BUBBLICIOUS 38 GR KARISIK MEYV.,"30,00 ₺"
KENT BUBBLICIOUS CILEK 38 GR,"30,00 ₺"
KENT DOKME SEKER KG,"275,00 ₺"
KENT FALIM 5 LI CILEK 7 GR,"14,99 ₺"
KENT FALIM 5 LI KARPUZ 7 GR,"14,99 ₺"
KENT FALIM 5 LI MP KARISIK MEYVELI,"59,99 ₺"
KENT FALIM 5 LI NANE 7 GR,"14,99 ₺"
KENT FALIM CILEK 5 LI MP,"59,99 ₺"
KENT FALIM DAMLA SAKIZLI 5 LI,"14,99 ₺"
KENT FALIM DAMLA SAKIZLI 5 LI MP,"59,99 ₺"
KENT FALIM ISIL NANE  KARBONATLI 5 LI,"14,99 ₺"
KENT FALIM NANE 5 LI MP,"59,99 ₺"
KENT FIRST 27 GR 60 DK KESKIN NANE,"59,99 ₺"
KENT FIRST 27GR 60 DK YEŞİL NANE,"59,99 ₺"
KENT FIRST SENSATIONS 27 GR DAMLA SAKIZLI,"59,99 ₺"
KENT FIRST SENSATIONS 27 GR KARADUT,"59,99 ₺"
KENT FIRST SENSATIONS 27 GR KARPUZ,"59,99 ₺"
KENT FIRST SENSATIONS 27 GR KESKIN NANE,"59,99 ₺"
KENT FIRST SENSATIONS 27 GR TROPICAL,"59,99 ₺"
KENT FIRST SENSATIONS 27 GR YESIL NANE,"59,99 ₺"
KENT FIRST SENSATIONS CILEK 27 GR,"59,99 ₺"
KENT JELIBON AYICIK 80 GR,"47,99 ₺"
KENT JELIBON SOUR PATCH KIDS 80 GR,"47,99 ₺"
KENT JELIBON TOPİK 80 GR,"47,99 ₺"
KENT MISSBON KAHVELI 43 GR,"28,75 ₺"
KENT MISSBON TEREYAGLI 43 GR,"28,75 ₺"
KENT OLIPS 12.5 GR MINI MINTS NANE MENTOL,"40,00 ₺"
KENT OLIPS MINTS NANELI 12.5 GR,"40,00 ₺"
KENT OLIPS NANE 76 GR,"72,50 ₺"
KENT OLIPS SOFT MINTS KARPUZ 47 GR,"28,75 ₺"
KENT OLIPS SOFT MINTS NANE 47 GR,"28,75 ₺"
KENT OLİPS STICK 28 GR KESKIN MENTOL,"28,75 ₺"
KENT OLIPS STICK NANE 28 GR,"28,75 ₺"
KENT SIPSEVDI MUZ CILEK 25 GR,"25,00 ₺"
KENT TOFITA BOGURTLEN 47 GR,"28,75 ₺"
KENT TOFITA CILEK 47 GR,"28,75 ₺"
KENT TOPITOP MEYVELI 88 GR,"85,90 ₺"
KENT TOPITOP MUZIK MEYVELI 13 GR,"20,00 ₺"
KIMIN 170 GR CIPS FISTIK,"29,99 ₺"
KIMIN ANTEP FISTIGI 200 GR,"219,99 ₺"
KIMIN BADEM ICI 200 GR,"99,99 ₺"
KIMIN CEVIZ ICI 150 GR,"125,00 ₺"
KIMIN CUBUK CIPS 200 GR,"29,99 ₺"
KIMIN DAKOTA ÇEKİRDEK SADE 330 GR,"54,99 ₺"
KIMIN FINDIK ICI 250 GR,"299,99 ₺"
KIMIN KABAK NEVSEHIR 150 GR,"54,99 ₺"
KIMIN KABUKLU FISTIK 400 GR,"49,99 ₺"
KIMIN KAJU 200 GR,"99,99 ₺"
KIMIN KAV.SIYAH CEK.115 GR,"14,99 ₺"
KIMIN KAV.SIYAH CEK.TUZLU 350 GR,"54,99 ₺"
KIMIN KOKTEYL EKO 400 GR,"99,99 ₺"
KIMIN KOKTEYL LUX 250 GR,"159,99 ₺"
KIMIN KULAH CIPS 200 GR,"34,99 ₺"
"KIMIN SIYAH BOL TUZLU  CEK,120 GR","14,99 ₺"
KIMIN SOSLU FISTIK 200 GR,"39,99 ₺"
KIMIN SOSLU MISIR 150 GR,"19,99 ₺"
KIMIN TUZLU FISTIK 400 GR,"64,99 ₺"
KIMIN TUZLU LEBLEBI 200 GR,"44,99 ₺"
KINDER BUENO T2 44 GR,"39,99 ₺"
KINDER BUENO WHITE T2 39 GR,"39,99 ₺"
KINDER JOY T1 ERKEK 20 GR,"36,99 ₺"
KINDER JOY T1 KIZ 20 GR,"36,99 ₺"
KINDER PINGUI CACAO 4 LU,"108,50 ₺"
KINDER PINGUI T1 30GR,"28,75 ₺"
KINDER SUT DILIMI 4 LU,"77,50 ₺"
KINDER SUT DILIMI T1 20GR,"19,50 ₺"
KOSKA DONDURMA KULAHI 10 LU,"32,50 ₺"
KOSKA KARISIK MEYVELI LOKUM 500 GR,"169,99 ₺"
LAYS  BAHARATLI PARTI 150 GR,"75,99 ₺"
LAYS FIRINDAN  96 GR YOĞURT MEVSİM YES.SÜPER,"60,95 ₺"
LAYS FIRINDAN 134 GR YOGURT MEVSIM YES.PARTI,"75,99 ₺"
LAYS KLASIK SUPER 107 GR,"60,95 ₺"
LAYS PARTI 150  GR YOGURT MEVSIM YESILLIKLERI,"75,99 ₺"
LAYS PARTI KLASIK 150  GR,"75,99 ₺"
LAYS YOGURT 107 GR MEVSIM YES.SUPER,"60,95 ₺"
M&M'S CIKOLATALI 45 GR,"54,95 ₺"
M&M'S CRISPY 36 GR,"54,95 ₺"
M&M'S FISTIKLI 45 GR,"54,95 ₺"
MARS BAR 51 GR,"44,95 ₺"
MASTER FARM ERIK KURUSU 120 GR,"85,00 ₺"
MASTER FARM IC CEVIZ 150 GR,"165,00 ₺"
MASTER FARM IC FINDIK CIG 180 GR,"280,00 ₺"
MASTER FARM IC TATLI BADEM CIG 160 GR,"155,00 ₺"
MASTER FARM INCIR 150 GR,"180,00 ₺"
MASTER FARM KURU KAYISI 140 GR,"155,00 ₺"
MASTER NUT 135GR BOL TUZLU SIYAH AYÇEKIRDEĞI,"40,00 ₺"
MASTER NUT FINDIK ICI 130 GR,"235,00 ₺"
MASTER NUT IC TATLI BADEM TUZLU 135 GR,"135,00 ₺"
MASTER NUT IC YER FISTIGI TUZLU 160 GR,"55,00 ₺"
MASTER NUT KABUKLU ANTEP FISTIGI 140 GR,"320,00 ₺"
MASTER NUT KAJU TUZLU 140 GR,"140,00 ₺"
MASTER NUT KIZARTILMIS YERFISTIGI - ACILI 150 GR,"42,50 ₺"
MASTER NUT MıSıR CEREZI 110 GR,"37,00 ₺"
MASTER POTATO SOGANLI & EKSI KREMALI CIPS 160GR,"120,00 ₺"
MENTOS  21 GR 2 HOURS CLEAN INTENSE NANE,"47,50 ₺"
MENTOS 30 GR PURE FRESH KARPUZ,"50,00 ₺"
MENTOS 30 GR PURE FRESH NANE,"50,00 ₺"
MENTOS STICK RAINBOW 37.5 GR,"22,50 ₺"
MILKA  SUTLU 80 GR.,"69,99 ₺"
MILKA BONIBON 24.3 GR,"55,00 ₺"
MILKA BONIBON 3 LU 81 GR,"129,90 ₺"
"MILKA GOFRET KAKAKOLU 28,5 GR","30,00 ₺"
"MILKA MILKINIS CIKO.87,5 GR.","69,99 ₺"
MILKA OREO 92 GR SANDVIC.,"69,99 ₺"
MILKA OREO PARCACIKLI 100 GR.,"69,99 ₺"
MILKA TABLET CIKO.RUYASI 100 GR.,"69,99 ₺"
MILKA TABLET CILEK YOGURT 100 GR.,"69,99 ₺"
MILKA TABLET FINDIKLI 80 GR.,"69,99 ₺"
MILKA TABLET HAPPY COWS 100 GR.,"69,99 ₺"
MIXMEY MEYVE BOGURTLEN BAR 20 GR,"42,50 ₺"
MIXMEY MEYVE CILEK BAR 20 GR,"42,50 ₺"
MIXMEY MEYVE HURMA BAR 20 GR,"42,50 ₺"
NESTLE 60 GR  BEYAZ CIKO.KARE,"76,99 ₺"
NESTLE CIK.SUTLU KARE 60 GR,"76,99 ₺"
"NESTLE DAMAK 176,4 GR ANTEP FISTIKLI KUTU","349,99 ₺"
NESTLE GOFRET 1927 SUTLU 28 GR,"25,99 ₺"
NESTLE GOFRET 27 GR CITIR,"19,99 ₺"
NESTLE NESGUİK BAR 25 GR,"39,99 ₺"
NUTZZ POPCORN KLASIK 105 GR,"40,00 ₺"
ONEO FRESH 60 STICK SAKIZ 33 GR,"30,00 ₺"
ONEO KARPUZ ARO BOTTLE SAKIZ 60 GR,"67,50 ₺"
ONEO NANE ARO.BOTTLE SAKIZ 60 GR,"67,50 ₺"
OREO BISKUVI  220 GR,"189,90 ₺"
PATOS 109 GR ACI SOSLU S.PLUS,"55,00 ₺"
PATOS 109 GR BAHARATLI S.PLUS,"55,00 ₺"
PATOS 109 GR ROLLS ACI S.PLUS,"55,00 ₺"
PATOS 167 GRBAHARATLI PARTI %20 DAHA FAZLA,"70,00 ₺"
PATOS CRITOS 115 GR  ACI S.PLUS,"55,00 ₺"
PEYMAN 120 GR KARA SIMSEK BOL TUZLU,"36,00 ₺"
PEYMAN 140 GR  BAHCEDEN IC CIG FINDIK,"245,00 ₺"
PEYMAN 140 GR  BAHCEDEN KURU KAYISI,"175,00 ₺"
PEYMAN 140 GR BAHCEDEN GLUTENSIZ CIG KARISIK,"150,00 ₺"
PEYMAN 140 GR BAHCEDEN GUNKURUSU KAYISI,"200,00 ₺"
PEYMAN 150 GR  KABUKLU ANTEP FISTIGI,"340,00 ₺"
PEYMAN 165 GR BAHCEDEN CIG KARIŞIK,"155,00 ₺"
PEYMAN 180 GR BAHCEDEN TUZLU LEBLEBI,"82,50 ₺"
PEYMAN 180 GR SOSLU KARIŞIK KURUYEMİŞ,"130,00 ₺"
PEYMAN ANTEP FISTIKLI BAR 27 GR,"65,00 ₺"
PEYMAN ASORTI MIX 140 GR,"260,00 ₺"
PEYMAN BAHCEDEN 130 GR TUZLU KAVRULMUS FINDIK,"235,00 ₺"
PEYMAN BAHCEDEN 200 GR KURU UZUM,"78,00 ₺"
PEYMAN BAHCEDEN CEVIZ ICI 140 GR,"170,00 ₺"
PEYMAN BAHCEDEN DUT KURUSU 100 GR,"110,00 ₺"
PEYMAN FINDIKLI BAR 30 GR,"37,50 ₺"
PEYMAN IC FINDIK 160 GR,"365,00 ₺"
PEYMAN KARA SIMSEK 120 GR,"36,00 ₺"
PEYMAN KIZARTILMIS YER FISTIGI 150 GR,"50,00 ₺"
PEYMAN YER FISTIKLI BAR 30 GR,"15,00 ₺"
RUFFLES 107 GR PEYNIR SOGAN KETCAP SUPER,"60,95 ₺"
RUFFLES 150 GR  MAXIMUM PEYNIR SOGAN PARTI BOY,"75,99 ₺"
RUFFLES KETCAP PARTI 150 GR,"75,99 ₺"
RUFFLES ORGINAL PARTI 150 GR,"75,99 ₺"
RUFFLES ORIGINAL SUPER 107 GR,"60,95 ₺"
RUFFLES PEYNIR SOGAN SUPER 107 GR,"60,95 ₺"
SNICKERS BAR 50 GR,"44,95 ₺"
SOLEN 100 GR BISCOLATA PIA FRAMBUAZLI KEK,"65,00 ₺"
SOLEN 34 GR BISCOLATA STIX P.PATLAKLI,"30,00 ₺"
SOLEN 36 GR BISCOLATA STIX H.CEVIZLI,"30,00 ₺"
SOLEN 40GR BOOMBASTIC CIKO.KEK BAR,"25,00 ₺"
SOLEN BISCOLATA MOOD 125 GR,"59,99 ₺"
SOLEN BISCOLATA STIX SADE 40 GR,"30,00 ₺"
SOLEN GRETA 4*30 GR KRAKER MEVSIM YESILLIKLERI,"55,00 ₺"
SOLEN NUTYMAX A.FISTIKLI 44 GR,"40,00 ₺"
SOLEN NUTYMAX FINDIKLI 44 GR,"40,00 ₺"
SOLEN OCTAVIA DOKME KG,"800,00 ₺"
SOLEN OZMO 25 GR CORNET CILEKLI,"15,00 ₺"
SOLEN OZMO CORNET 25 GR,"15,00 ₺"
SOLEN OZMO FUN SEKILLI 23 GR,"25,00 ₺"
SOLEN OZMO GO TASIT 30 GR,"35,00 ₺"
SOLEN OZMO HOPPO 40 GR,"25,00 ₺"
SOLEN OZMO HOPPO 90GR,"52,00 ₺"
SOLEN OZMO MINI EGGS 154 GR,"150,00 ₺"
SOLEN OZMO OGOPOGO 30 GR,"13,50 ₺"
SOLEN OZMO POPSY 24 GR,"25,00 ₺"
SOLEN OZMO YUMURTA ÇIK 20 GR,"40,00 ₺"
SOLEN VENI CIKOLATALI I 110 GR,"34,99 ₺"
SOLEN VENI FINDIKLI 110 GR,"34,99 ₺"
TADELLE 30 GR FINDIK DOL.SUTLU CIK,"37,50 ₺"
TADELLE 30 GR MAXINUT GOFRETIİ FINDIKLI GRANUL BAR,"25,00 ₺"
TADELLE 35 GR BEYAZ ÇİKOLATA KAPLAMALI SÜTLÜ KREMA,"16,00 ₺"
TADELLE 35 GR ÇIKOLATALI GOFRET,"16,00 ₺"
TADELLE 52 GR FINDIK DOL.SUTLU CIK KING SIZE,"62,50 ₺"
TADIM  180 GR AYCEKIRDEK SIYAH BOL TUZLU,"56,00 ₺"
TADIM 135 GR BADEM ICI KAV.,"135,00 ₺"
TADIM 180 GR  KLASIK TUZLU  YER FISTIGI,"52,00 ₺"
TADIM 180 GR AYCEKIRDEGI SIYAH,"56,00 ₺"
TADIM 180 GR SARI LEBLEBI CİFTE KAV.,"80,00 ₺"
TADIM ANTEP FISTIKLI BAR 30 GR,"65,00 ₺"
TADIM BADEM ICI CIG 180 GR,"176,00 ₺"
TADIM BEYAZ LEBLEBI 180 GR,"70,00 ₺"
TADIM CEVIZ ICI 150 GR,"165,00 ₺"
TADIM FINDIK ICI 180 GR KAVRULMUS,"328,00 ₺"
TADIM FINDIKLI BAR 30 GR,"35,00 ₺"
TADIM KABAK CEK.TUZSUZ 180 GR,"110,00 ₺"
TADIM KABAK CEKIRDEGI 180 GR,"110,00 ₺"
TADIM KABUKLU YER FISTIĞI 250GR,"80,00 ₺"
TADIM KARISIK FESTIVAL 180 GR,"200,00 ₺"
TADIM KARISIK NATUREL 180 GR,"165,00 ₺"
TADIM KARNAVAL 122 GR,"235,00 ₺"
TADIM KLASIK 180 GR,"128,00 ₺"
TADIM KURU KAYISI 140 GR,"155,00 ₺"
TADIM SARI LEBLEBI 180 GR TUZLU,"80,00 ₺"
TADIM SPORTIF BAR 30 GR,"20,00 ₺"
TADIM UZUM SULTANIYE 140 GR,"46,00 ₺"
TADIM YER FISTIGI 180 GR TUZLU,"64,00 ₺"
TADIM YER FISTIKLI BAR 30 GR,"15,00 ₺"
TAHA BADEM SEKERI 150 GR,"99,99 ₺"
TAHA DRAJE UZUM 150GR,"119,99 ₺"
TIPITIP 27 GR,"45,90 ₺"
TOYBOX 4 DILIM SURPRIZ OYUNCAK ERKEK 94 GR,"100,00 ₺"
TOYBOX 4 DILIM SURPRIZ OYUNCAK KIZ 94 GR,"100,00 ₺"
TOYBOX BIG EGG 94 GR,"75,00 ₺"
TOYBOX CORNET 25 GR,"15,00 ₺"
TOYBOX LOLIPOP MIX 11 GR,"19,95 ₺"
TOYBOX MAX 20 GR YUMURTA KIZ&ERKEK,"30,00 ₺"
TOYBOX OYUNCAKLI SAKIZ 5 GR,"20,00 ₺"
TWIX BAR 50 GR,"44,95 ₺"
ULK KREMALI BISKUVI CILEKLI  61 GR,"13,00 ₺"
ULKER  200 GR DANKEK CAY SAATI MOZAIK,"49,99 ₺"
ULKER  350 GR ECE FINDIKLI CIK.POSET,"300,00 ₺"
ULKER  38 GR KEKSTRA KONFETI KAK.KEK,"13,75 ₺"
ULKER  40 GR  ALTINBASAK COREKOTLU KINOALI,"11,99 ₺"
ULKER  BONBON NANELI 36 GR,"25,00 ₺"
ULKER  COCOSTAR 4 LU 100 GR,"49,50 ₺"
ULKER 100 GR SAKLIKOY SUTLU BISKUVI,"23,00 ₺"
ULKER 102 GR METRO KAPLAMALI BAR MINI,"57,50 ₺"
ULKER 125 GR ALTINBASAK GRISSINI KEP.,"60,00 ₺"
ULKER 150 GR HANIMELLER COKODAMLA POSET,"34,99 ₺"
ULKER 160GR DANKEK LOK.HAVUC TARCIN,"50,00 ₺"
ULKER 162 GR DANKEK DONUT MARSHMALLOW KEK,"67,00 ₺"
ULKER 180 GR DANKEK TART KEK CILEK,"80,00 ₺"
ULKER 200 GR DANKEK CAY SAATI KAKAOLU,"49,99 ₺"
ULKER 200 GR DANKEK CAY SAATI MEYVELI,"49,99 ₺"
ULKER 220 GR DELUXE GOFRET  FINDIKLI,"52,50 ₺"
ULKER 220 GR DELUXE GOFRET VANILYALI,"52,50 ₺"
ULKER 235  GR DANKEK RULO PASTA CIKO.,"70,00 ₺"
ULKER 24 GR  BEYAZ CIKOLATALI GOFRET,"16,50 ₺"
ULKER 264 GR  SAKLIKOY SUTLU BISKUVI,"57,50 ₺"
ULKER 28 GR ALPELLA 3GEN BEYAZ GOFRET,"16,00 ₺"
ULKER 36 GR CIKOLATALI GOFRET,"16,50 ₺"
ULKER 39 GR 9 KAT TAT FINDIKLI GOFRET,"12,00 ₺"
ULKER 40 GR KEKSTRA JOLEBOL CILEKLI,"11,00 ₺"
ULKER 40 GR KEKSTRA JOLEBOL PORTAKALLI,"11,00 ₺"
ULKER 450 GR PETIBOR CIFTE KAVRULMUS,"70,00 ₺"
ULKER 55 GR DANKEK 8 KEK CIKO.CILEKLI,"13,00 ₺"
ULKER 55 GR DANKEK 8 KEK CIKO.MUZLU,"13,00 ₺"
ULKER 65 GR MAGMA CIKOLATALI KEK,"20,00 ₺"
ULKER 65 GR MAGMA KARAMELLI KEK,"20,00 ₺"
ULKER 70 GR BEYAZ TABLET CIKOLATA,"92,50 ₺"
ULKER 8 KEK ORMAN MEYVELI 55 GR,"13,00 ₺"
ULKER 81 GR HANIMELLER MAHLEPLI TUZLU KURABIYE,"20,00 ₺"
ULKER 82 GR CIK.GOF.MINI COKLU PAK.,"57,50 ₺"
ULKER 82 GR HANIMELLER FINDIKLI RULO,"20,00 ₺"
ULKER 84 GR IKRAM PRALINLI FINDIKLI,"23,00 ₺"
ULKER 9 KAT KAT FINDIKLI 114 GR,"35,00 ₺"
ULKER 9 KAT KAT INCE CILEKLI 114 GR,"35,00 ₺"
ULKER ALBENI  KURABIYEM 170 GR,"87,50 ₺"
ULKER ALBENI 40 GR,"20,00 ₺"
ULKER ALBENI 52 GR,"23,50 ₺"
ULKER ALBENI ATISTIRMALIK 72 GR,"35,00 ₺"
ULKER ALTINBASAK COREKOT&KINOA LABNE SANDVIC 60 GR,"20,00 ₺"
ULKER ALTINBASAK COREKOTLU 5*40  GR,"59,99 ₺"
ULKER ALTINBASAK GRISSINI 125 GR,"60,00 ₺"
ULKER ALTINBASAK YULAFLI 46 GR,"13,00 ₺"
ULKER ALTINBASAK YULAFLI 5 LI 230 GR,"61,50 ₺"
ULKER BATON CIK.FISTIKLIM 30 GR,"52,50 ₺"
ULKER BATON CIK.SUTLU 30 GR,"35,00 ₺"
ULKER BEBE BISKUVI 172 GR,"40,00 ₺"
ULKER BEBE BISKUVI 400GR POSET,"82,50 ₺"
ULKER BEBE BISKUVI 800 GR,"125,00 ₺"
ULKER BISKREM EXTRA KAK.184 GR.,"52,00 ₺"
ULKER BISKREM KAKAOLU 100 GR,"25,00 ₺"
ULKER BISKREM RULO 150GR,"29,99 ₺"
ULKER BUKLET MADLEN 208 GR,"299,99 ₺"
ULKER CIK.%60 BITTER KARE 60 GR,"70,00 ₺"
ULKER CIK.CARAMIO 32 GR,"27,50 ₺"
"ULKER CIK.DIDO GOFRET 55,5 GR","45,00 ₺"
"ULKER CIK.DIDO TRİO BEYAZ 36,5 GR","30,00 ₺"
ULKER CIK.FINDIKLI KARE 60 GR,"72,50 ₺"
ULKER CIK.GOFRET BITTER 36 GR,"16,50 ₺"
ULKER CIK.HOBBY 25 GR,"10,00 ₺"
ULKER CIK.KARE A.FISTIKLI 65 GR,"79,99 ₺"
ULKER CIK.KARE CARAMIO 55 GR,"44,50 ₺"
ULKER CIK.LAVIVA 35 GR,"27,50 ₺"
ULKER CIK.SUTLU KARE 60 GR,"59,99 ₺"
ULKER CIK.TABLET BITTER 70 GR,"92,50 ₺"
ULKER CIK.TABLET SUTLU 70 GR,"92,50 ₺"
ULKER CIZI CITIR 40 GR PEYNIR SOGAN KRAKER,"16,00 ₺"
ULKER CIZI CITIR 40 GR TULUM PEYN KOZ BIBER KRAKER,"16,00 ₺"
ULKER CIZI KRAKER 4*70 GR,"56,00 ₺"
ULKER CIZI KRAKER 70 GR,"15,00 ₺"
ULKER CIZIVIC 3 LU 246 GR,"58,00 ₺"
ULKER CIZIVIC SANDIVIC 82 GR,"20,00 ₺"
ULKER COCOSTAR 25 GR,"13,00 ₺"
ULKER COCOSTAR ATIŞTIRMALIK 66 GR,"27,50 ₺"
ULKER COKOMEL MARSHMALLOW SADE 36 GR,"17,00 ₺"
ULKER COKOMILK 24 GR,"10,00 ₺"
ULKER COKONAT 3*33 GR,"71,50 ₺"
ULKER COKONAT 33 GR,"25,00 ₺"
ULKER COKOPRENS 30 GR,"8,00 ₺"
ULKER COKOPRENS 300 GR 10 LU,"63,00 ₺"
ULKER COKOPRENS 81 GR,"20,00 ₺"
ULKER CUBUK KRAKER 80 GR,"11,50 ₺"
ULKER DANKEK LOK.HIND.CEV.160 GR,"50,00 ₺"
ULKER DANKEK LOK.KAKAOLU 160 GR,"50,00 ₺"
ULKER DANKEK LOK.UZUMLU 160 GR,"50,00 ₺"
ULKER DANKEK MUZLU RULO 235 GR,"70,00 ₺"
ULKER DANKEK POTI HIND.CEV.35 GR,"10,00 ₺"
ULKER DANKEK POTI KAKAOLU 35 GR,"10,00 ₺"
ULKER DANKEK POTI MEYVELI 35 GR,"10,00 ₺"
ULKER DIDO GOFRET 35 GR,"27,50 ₺"
ULKER DOKME SEKER KG,"275,00 ₺"
ULKER DORE BISK.SADE 86 GR,"30,00 ₺"
"ULKER FINDIK RUYASI 40,5 GR","35,00 ₺"
ULKER FINGER 750 GR,"120,00 ₺"
ULKER GOFRET 9 KAT KAT MUZLU 39 GR,"12,00 ₺"
ULKER HALLEY 30 GR,"12,00 ₺"
ULKER HALLEY 8 LI 240 GR,"59,99 ₺"
ULKER HALLEY KARADUT 7 LI 236 GR,"59,99 ₺"
ULKER HANIMELLER ASORTI 150 GR,"34,99 ₺"
ULKER HANIMELLER COKODAMLA 82 GR,"20,00 ₺"
ULKER HANIMELLER TUZLU KARMA 150 GR,"34,99 ₺"
ULKER HAYLAYF BISKUVI 64 GR,"12,50 ₺"
ULKER IKRAM CIKOLATALI 84 GR,"23,00 ₺"
ULKER IKRAM KREMALI 3*84 GR,"65,00 ₺"
ULKER KAT KAT FINDIK 25 GR,"10,00 ₺"
ULKER KRAKER ÇUBUK 40 GR,"6,00 ₺"
ULKER KRAKER CUBUK SUSAMLI 45 GR,"11,50 ₺"
ULKER KRAKER SUSAMLI CUBUK 70 GR,"16,50 ₺"
ULKER KREMALI BISKUVI 244 GR,"49,00 ₺"
ULKER KREMALI BISKUVI 61 GR,"13,00 ₺"
ULKER KREMALI BISKUVI 8 LI,"79,99 ₺"
ULKER KREMALI BISKUVILI  MUZLU 61 GR,"13,00 ₺"
ULKER KREMINI TOFFEE CILEK 44 GR,"25,00 ₺"
ULKER KREMINI TOFFEE KARPUZ 44 GR,"25,00 ₺"
ULKER KRISPI CUBUK KRAKER ACILI 43 GR,"10,00 ₺"
ULKER KRISPI CUBUK KRAKER BAHARATLI 43 GR,"10,00 ₺"
ULKER KRISPI CUBUK KRAKER PEYNIRLI 43 GR,"10,00 ₺"
ULKER METRO 36 GR,"17,00 ₺"
ULKER METRO 4*36,"65,00 ₺"
ULKER MINI HALLEY KARADUT 74 GR,"27,50 ₺"
ULKER NAPOLITEN 33 GR,"39,99 ₺"
ULKER OLALA SUFLE KEK 70 GR,"35,00 ₺"
ULKER PETIBOR 800 GR,"99,99 ₺"
ULKER PETIBOR CIFTE KAV.175 GR,"30,00 ₺"
ULKER PETIBOR KAKAOLU 175GR,"30,00 ₺"
ULKER PETIBOR KAKAOLU 450GR,"70,00 ₺"
ULKER PETIT BEURRE 175GR,"30,00 ₺"
ULKER PETIT BEURRE 450 GR,"70,00 ₺"
ULKER PIKO PORT.BAR 18 GR,"10,00 ₺"
ULKER PROBIS 10 LU 280 GR,"80,00 ₺"
ULKER PROBIS BISKUVI 75 GR,"23,00 ₺"
ULKER PUL CIKOLATA 100 GR,"140,00 ₺"
ULKER RULO KAT FINDIKLI 170 GR,"70,00 ₺"
ULKER RULOKAT FINDIKLI 42 GR,"18,50 ₺"
ULKER SAKLIKOY 100 GR  FRAMBUAZLI CHEESECAKE BISK.,"35,00 ₺"
ULKER SAKLIKOY CIK.KAK.BIS.87 GR,"23,00 ₺"
ULKER SAKLIKOY SUTLU CIKO.100 GR,"35,00 ₺"
ULKER SUTLU CIKOLATIN KG,"750,00 ₺"
ULKER TAC KRAKER 76 GR,"15,00 ₺"
ULKER YUPO AYICIK 80 GR,"38,50 ₺"
ULKER YUPO MEYVE BAHCESI 80 GR,"38,50 ₺"
UYSAL CEZERYE 50 GR,"14,99 ₺"
"VIVIDENT 37,5 MENTOS MEYVELI STICK","23,99 ₺"
VIVIDENT CUZDAN DAMLA SAKIZLI 26 GR,"50,99 ₺"
VIVIDENT CUZDAN EKSTRA 26  GR,"50,99 ₺"
VIVIDENT STORMING 45 DAKIKA 33 GR,"50,99 ₺"
VIVIDENT STORMING KARPUZ 33 GR,"50,99 ₺"
VIVIDENT STORMING NANE 33 GR,"50,99 ₺"
ZUBER 40 GR YER FISTIKLI CIKOLATALI,"64,95 ₺"
ZUBER CILEKLI CIKO.40 GR,"64,95 ₺"
ZUBER FINDIKLI KAKAOLU 40 GR,"64,95 ₺"
ARMUT DEVECİ,"129,99 ₺"
ARMUT SANTAMARİA,"139,99 ₺"
BAL KABAK,"39,99 ₺"
BİBER KIRMIZI,"229,99 ₺"
BİBER KÖY KG,"229,99 ₺"
ÇARLİSTON BİBER,"199,99 ₺"
ÇENGELKÖY BADEM,"69,99 ₺"
DEREOTU DEMET,"34,99 ₺"
DOLMA BİBER,"199,99 ₺"
DOMATES,"149,99 ₺"
DOMATES KOKTEYL,"279,99 ₺"
DOMATES PEMBE,"179,99 ₺"
DOMATES SALKIM KG,"169,99 ₺"
ELMA GOLDEN,"109,99 ₺"
ELMA GRANNY SMİTH,"119,99 ₺"
ELMA STARKİNG,"109,99 ₺"
ELMA STARKİNG EKONOMIK,"59,99 ₺"
HAVUÇ,"39,99 ₺"
HÜNNAP,"54,99 ₺"
KABAK,"89,99 ₺"
KİVİ 4 LÜ PAKET,"199,99 ₺"
KİVİ KG,"199,99 ₺"
KIVIRCIK ADET,"89,99 ₺"
LAHANA BRÜKSEL PAKET,"199,99 ₺"
LAHANA KARA DEMET,"199,99 ₺"
LAHANA KIRMIZI,"199,99 ₺"
LİMON,"199,99 ₺"
MANDALİNA MURCOTT,"199,99 ₺"
MANTAR ISTIRIDYE PAKET 300 GR,"199,99 ₺"
MUZ İTHAL,"199,99 ₺"
NANE DEMET,"199,99 ₺"
PATATES TAZE,"199,99 ₺"
PATLICAN,"199,99 ₺"
PIRASA,"199,99 ₺"
PORTAKAL FİNİKE,"199,99 ₺"
PORTAKAL SIKMA,"199,99 ₺"
ROKA,"29,99 ₺"
SALAMURA VAKUMLU 400 GR,"199,99 ₺"
SALAMURA YAPRAK PET 1 KG,"199,99 ₺"
SALAMURA YAPRAK PET 3KG,"199,99 ₺"
SALAMURA YAPRAK PET 750 GR,"199,99 ₺"
SALATALIK,"199,99 ₺"
SARIMSAK FİLE KG,"199,99 ₺"
SARIMSAK ORGU,"199,99 ₺"
SİVRİ BİBER,"199,99 ₺"
SOĞAN ARPACIK 500 GR,"199,99 ₺"
SOĞAN KURU,"19,99 ₺"
SOĞAN MOR FILE,"49,99 ₺"
TURP KURABİYE KG,"29,99 ₺"
ZENCEFİL KG,"249,99 ₺"
APTAMIL 1 AKILLI KUTU 800 GR,"1.109,90 ₺"
APTAMIL 3 AKILLI KUTU 350 GR,"539,90 ₺"
ARI MAMA MUZLU 250 GR,"74,99 ₺"
ARI MAMA SUTLU 250 GR,"74,99 ₺"
BABY TURCO DOGADAN BONUS  120 LI MAXI,"449,99 ₺"
BABY TURCO JUMBO  MAXI 30LU,"169,99 ₺"
BABY TURCO JUMBO MIDI 34 LU,"169,99 ₺"
BEBELAC 400 GR 1 YENI,"379,90 ₺"
BEBELAC 400 GR COCUK 4 YENI,"379,90 ₺"
BEBELAC 800 GOLD 1 YENI,"819,90 ₺"
BEBELAC KVN ELMA ARMUT 125GR,"54,99 ₺"
BEBEM NATURAL ULTRA FIRSAT 104 LI MAXI,"349,99 ₺"
DALIN KOLAY TARAMA SPREYI 200 ML,"219,99 ₺"
DALIN KOPUK SABUN MANGO 200ML,"149,99 ₺"
DALIN SAMPUAN 900 ML,"219,99 ₺"
DEL.DALIN SAMP. 700 ML,"139,99 ₺"
ETI CICIBEBE 700 GR,"125,00 ₺"
FERIDE SERPME PUDRA 75 GR,"39,99 ₺"
HERO BABY 120 GR KEMIK SULU KAR.SEBZELI,"69,99 ₺"
HERO BABY 120 GR KVN.YULAF KARISIK MEYV.,"42,50 ₺"
HERO BABY 120 GR PREB.CILEK YOGURT,"69,99 ₺"
HERO BABY 120 GR PREB.MUZLU YOGURT,"69,99 ₺"
HERO BABY 125 GR KVN.KARISIK MEYVELI,"42,50 ₺"
HERO BABY 125 GR KVN.MUZ MAND.ARMUT,"42,50 ₺"
HERO BABY 200 GR SUTLU 8 TAHILLI MEYVELI,"145,00 ₺"
HERO BABY 200 GR SUTLU IRMIKLI BALLI,"145,00 ₺"
HERO BABY 200 GR SUTLU PIRINCLI MUZLU,"145,00 ₺"
HERO BABY ORG KVN. ELMALI 120 GR,"69,99 ₺"
HERO BABY ORG.KAYISILI 120 GR,"69,99 ₺"
HERO BABY SÜTLAÇ 125 GR,"42,50 ₺"
HIPP KVN ORG.SUTLAC 125GR,"79,90 ₺"
HIPP KVN.ORG.ELMA PURESI 125 GR,"89,90 ₺"
HIPP KVN.ORG.ERIK PURESI 125 GR,"94,90 ₺"
HIPP KVN.ORG.KAYISI PURESI 125 GR,"89,90 ₺"
HIPP KVN.ORG.SEFTALI PURESI 125 GR,"94,90 ₺"
HIPP ORG.BIBERON MAMASI 3 300 GR,"439,90 ₺"
HIPP ORGANİK 350 GR COMBİOTİC 1 BEBEK SUTU,"629,90 ₺"
HIPP ORGANİK 350 GR COMBİOTİC 2 DEVAM SÜTÜ,"629,90 ₺"
HIPP ORGANİK 350 GR COMBİOTİC 3 BEBEK SÜTÜ,"629,90 ₺"
MOLFIX 30 LU EXTRA KUCUK YENIDOGAN,"149,99 ₺"
MOLFIX FIRSAT PAKET JUNIOR 48 LI,"259,99 ₺"
PRIMA FIRSAT MIDI 3 62 LI,"524,99 ₺"
UNI BABY SAMPUAN 900 ML,"199,99 ₺"
WEE BABY  837 SEFFAF DESENLI DAMAKLI EMZIK NO:2,"199,99 ₺"
WEE BABY 122  MAMA KASIGI 2 'LI.,"329,99 ₺"
WEE BABY 753 AKITMAZ KLP PP BARDAK 125 ML (ANTIKOL,"379,99 ₺"
WEE BABY 754 AKITMAZ KLP  PP BARDAK 250 ML ANTIKOL,"429,99 ₺"
AÇIK BAHARAT KÖFTE HARCI KG,"14,99 ₺"
AKMAN ACI TOZ BIBER 60 GR,"49,99 ₺"
AKMAN COREKOTU 60 GR,"46,50 ₺"
AKMAN DOLMA BAHARI 40 GR,"35,99 ₺"
AKMAN DOLMA FISTIK 23 GR,"105,99 ₺"
AKMAN FESLEGEN 20 GR,"19,99 ₺"
AKMAN HINDISTAN CEVIZI 40 GR,"43,99 ₺"
AKMAN ISOT 60 GR,"47,99 ₺"
AKMAN KARABIBER 150 GR,"169,99 ₺"
AKMAN KARABIBER TANE 40 GR,"59,99 ₺"
AKMAN KARABIBER TOZ 45 GR,"69,99 ₺"
AKMAN KARANFIL 15 GR,"44,99 ₺"
AKMAN KARBONAT 100 GR,"22,99 ₺"
AKMAN KEKIK 20 GR,"42,99 ₺"
AKMAN KIMYON 60 GR,"53,99 ₺"
AKMAN KOFTE HARCI 90 GR,"44,99 ₺"
AKMAN KORI 40 GR,"31,99 ₺"
AKMAN KUS UZUMU 40 GR,"66,99 ₺"
AKMAN LIMON TUZU 60 GR,"37,99 ₺"
AKMAN NANE 25 GR,"27,99 ₺"
AKMAN NANE 85 GR,"80,99 ₺"
AKMAN PUL BIBER 200 GR,"135,99 ₺"
AKMAN PULBIBER 60 GR,"49,99 ₺"
AKMAN SARIMSAK TOZU 40 GR,"43,50 ₺"
AKMAN SUMAK 60 GR,"59,99 ₺"
AKMAN TATLI TOZ BIBER 60 GR,"53,99 ₺"
AKMAN YEDI TURLU BAHARAT 50 GR,"85,99 ₺"
AKMAN ZENCEFIL 40 GR,"38,99 ₺"
AKMAN ZERDECAL 40 GR,"32,99 ₺"
ANKARA MAKARNA ARPA SEHRIYE 500 GR,"31,00 ₺"
ANKARA MAKARNA BONCUK 500 GR,"31,00 ₺"
ANKARA MAKARNA BURGU 500 GR,"31,00 ₺"
ANKARA MAKARNA FIYONK 500 GR,"31,00 ₺"
ANKARA MAKARNA INCE SPAGETTI 500GR,"31,00 ₺"
ANKARA MAKARNA INCE UZUN 500 GR,"31,00 ₺"
ANKARA MAKARNA KELEBEK 500 GR,"31,00 ₺"
ANKARA MAKARNA KEPEKLI SPAGETTI 350 GR,"34,50 ₺"
ANKARA MAKARNA MANTI 500 GR,"31,00 ₺"
ANKARA MAKARNA PENNE 500 GR,"31,00 ₺"
ANKARA MAKARNA SPAGETTI 500 GR,"31,00 ₺"
ANKARA MAKARNA TAM BUGDAY SPAGETTI 500 GR,"41,99 ₺"
ANKARA MAKARNA TEL SEHRIYE 500 GR,"31,00 ₺"
ANKARA MAKARNA YUKSUK 500 GR,"31,00 ₺"
ARBELLA MAKARNA 500 GR ARPA SEHRIYE,"29,99 ₺"
ARBELLA MAKARNA 500 GR BURGU,"29,99 ₺"
ARBELLA MAKARNA 500 GR DIRSEK,"29,99 ₺"
ARBELLA MAKARNA 500 GR FIYONK,"29,99 ₺"
ARBELLA MAKARNA 500 GR KALEM KESME,"29,99 ₺"
ARBELLA MAKARNA 500 GR KELEBEK,"29,99 ₺"
ARBELLA MAKARNA 500 GR SPAGHETTI,"29,99 ₺"
BAGBASI ACUKA 200 GR,"54,99 ₺"
BAGDAT ACI BIBER K.QUADRO 75 GR,"74,99 ₺"
BAGDAT BAH.KARANFIL 15GR,"49,99 ₺"
BAGDAT CAJUN BAHARATI K.QUADRO 80 GR,"79,99 ₺"
BAGDAT CITIR PANE HARCI 90GR,"49,99 ₺"
BAGDAT COREKOTU K.QUADRO 75 GR,"69,99 ₺"
BAGDAT DEFNE YAPRAGI POSET 6 GR,"29,99 ₺"
BAGDAT DOLMA BAHARI 40 GR,"41,99 ₺"
BAGDAT DOLMALIK FISTIK 23 GR,"199,99 ₺"
BAGDAT FESLEGEN K.QUADRO 30 GR,"34,99 ₺"
BAGDAT HASHAS MAVI K.QUADRO 80 GR,"64,99 ₺"
BAGDAT HINDISTAN CEVIZI K.QUADRO 50 GR,"59,99 ₺"
BAGDAT HINDISTAN CEVIZI QUADRO 160GR,"159,99 ₺"
BAGDAT ISOT BIBER K.QUADRO 80 GR,"74,99 ₺"
BAGDAT KARABIBER 40 GR,"75,99 ₺"
BAGDAT KARABIBER TANE 40 GR,"75,99 ₺"
BAGDAT KARBONAT K.QUADRO 150 GR,"35,99 ₺"
BAGDAT KEKIK K.QUADRO 25 GR,"79,99 ₺"
BAGDAT KEKIK KILITLI QUADRO EKO POSET 60 GR,"173,99 ₺"
BAGDAT KIMYON K.QUADRO 75 GR,"76,99 ₺"
BAGDAT KISNIS 40 GR,"27,99 ₺"
BAGDAT KOFTE HARCI 90 GR,"46,95 ₺"
BAGDAT KORİ K.QUADRO 70 GR,"64,99 ₺"
BAGDAT LIMON TUZU 60 GR,"44,99 ₺"
BAGDAT MAHLEP 30 GR,"164,99 ₺"
BAGDAT NANE K.QUADRO 30 GR,"36,99 ₺"
BAGDAT PUL BIBER EKSTRA ACI K.QUADRO 80 GR,"74,99 ₺"
BAGDAT PUL BIBER QUADRO EKO POSET 210 GR,"159,99 ₺"
BAGDAT PUL KIRMIZI BIBER K.QUADRO 80 GR,"73,99 ₺"
BAGDAT SARIMSAK TOZU TUZLUKLU CAM 48 GR,"86,99 ₺"
BAGDAT SUMAK K.QUADRO 80 GR,"94,99 ₺"
BAGDAT SUSAM K.QUADRO 75 GR,"49,99 ₺"
BAGDAT TARCIN 45 GR,"54,99 ₺"
BAGDAT TARCIN KABUK POSET 45 GR,"68,99 ₺"
BAGDAT TATLI KIRMIZI BIBER K.QUADRO 75 GR,"73,99 ₺"
BAGDAT TAVUK HARCI 65GR,"49,99 ₺"
BAGDAT YENI BAHAR 40 GR,"84,99 ₺"
BAGDAT ZENCEFIL K.QUADRO 60 GR,"69,99 ₺"
BAGDAT ZERDECAL QUADRO 70 GR,"63,99 ₺"
BARILLA MAKARNA 400 GR GLUTENSIZ SPAGETTI,"199,99 ₺"
BARILLA MAKARNA 500 GR FIYONK (FARFALLE),"52,99 ₺"
BARILLA MAKARNA 500 GR YASSI SPAGETTI(BAVETTE),"52,99 ₺"
BILLUR HIMALAYA TUZ DEGIRMEN 200 GR,"99,99 ₺"
BILLUR IRI SALAMURA TUZ 3000 GR,"79,99 ₺"
BILLUR TUZ 1500GR,"69,99 ₺"
BILLUR TUZ 750GR,"34,99 ₺"
BILLUR TUZ PLASTIK TUZLUKLU 500 GR,"54,99 ₺"
BILLUR TUZ TUZLUKLU 125 GR,"29,99 ₺"
BIRYAG AYCICEK YAGI 4 LT PET,"409,99 ₺"
BIRYAG AYCICEK YAGI 5 LT PET,"494,99 ₺"
BIZIM BULYON ET 120 GR 9+3,"34,99 ₺"
BIZIM BULYON TAVUK 120 GR 9+3,"34,99 ₺"
BIZIM CORBA DOMATES 65 GR,"35,99 ₺"
BIZIM CORBA EZOGELIN 80 GR,"35,99 ₺"
BIZIM CORBA K.MANTAR 65GR,"35,99 ₺"
BIZIM CORBA K.TAVUK 62 GR,"35,99 ₺"
BURCU BEZELYE 570 GR CAM,"59,99 ₺"
BURCU BEZELYE TNK 830 GR,"74,99 ₺"
BURCU GARNITUR 570 GR CAM.,"59,99 ₺"
BURCU HASLANMIS FASULYE 600 GR CAM,"59,95 ₺"
BURCU HASLANMIS NOHUT 600 GR CAM,"59,95 ₺"
BURCU KETCAP KATKISIZ 650 GR ACI,"63,99 ₺"
BURCU KETCAP KATKISIZ 650 GR TATLI,"63,99 ₺"
BURCU KOZLEMIS PATLICAN 540 GR,"59,99 ₺"
BURCU KOZLENMIS BIBER 560 GR,"119,99 ₺"
BURCU MAYONEZ BUFE 550 GR,"67,50 ₺"
CALVE KETCAP 400 GR,"79,99 ₺"
CALVE KETCAP ACILI 600 GR,"99,99 ₺"
CALVE MAYONEZ 540 GR,"149,99 ₺"
CALVE SOS ACI 265 GR,"99,99 ₺"
CALVE SOS BALLI HARDAL 260 GR,"134,99 ₺"
CALVE SOS CHEDDAR 240 GR,"99,99 ₺"
CALVE SOS RANCH 245GR,"99,99 ₺"
DARDANEL EKONOMIK 140 GRX2,"259,99 ₺"
DARDANEL EKONOMIK TON 4*75 GR(HEDIYELI),"249,99 ₺"
DARDANEL TON  2*140 GR,"384,99 ₺"
DARDANEL TON H.YEMEK 4 TAHILLI 160 GR,"169,99 ₺"
DARDANEL TON H.YEMEK MEKSIKA FASULYELI 160G,"169,99 ₺"
DARDANEL TON H.YEMEK MISIRLI 160 GR,"169,99 ₺"
DARDANEL TON Z YAGLI  3*75 GR,"399,99 ₺"
DEL.AKMAN KEKIK 85 GR,"99,99 ₺"
DEL.BAGDAT PASTA SÜSÜ K.QUADRO 50 GR,"9,99 ₺"
DEL.ONCU SALCA DOMATES 700 CC CAM,"89,99 ₺"
DEL.TARIS 750 ML Z.YAGI NAT. SIZMA CAM,"449,99 ₺"
DEL.TUKAS 700 GR RENDELENMIS DOMATES CAM,"49,99 ₺"
DR OETKER SOS CIKO.BITTER 125 GR,"57,50 ₺"
DR OETKER SOS CIKOLATALI 128 GR,"57,50 ₺"
DR OETKER SOS MEYVELI 80 GR,"31,50 ₺"
DURU BULGUR BASBASI 1000 GR,"64,99 ₺"
DURU BULGUR CIGKOFTELIK 1000 GR,"64,99 ₺"
DURU BULGUR KOFTELIK KISIRLIK 1000 GR,"64,99 ₺"
FIDE KELLE PACA CORBASI 480 ML,"149,99 ₺"
FIDE TAVUK SUYU 480 ML,"51,99 ₺"
FIDE TON BALIGI 2X160 GR.,"229,99 ₺"
FIDE TON BALIGI KLASIK 3*80 GR,"209,99 ₺"
FILIZ MAKARNA 350 GR YUMURTALI UZUN ERISTE,"41,00 ₺"
FILIZ MAKARNA 500 GR ARPA SEHRIYE,"22,99 ₺"
FILIZ MAKARNA 500 GR BONCUK,"22,99 ₺"
FILIZ MAKARNA 500 GR BURGU,"22,99 ₺"
FILIZ MAKARNA 500 GR FIRIN,"22,99 ₺"
FILIZ MAKARNA 500 GR FIYONK,"22,99 ₺"
FILIZ MAKARNA 500 GR INCE UZUN,"22,99 ₺"
FILIZ MAKARNA 500 GR KALEM,"22,99 ₺"
FILIZ MAKARNA 500 GR KELEBEK,"22,99 ₺"
FILIZ MAKARNA 500 GR KUSKUS,"22,99 ₺"
FILIZ MAKARNA 500 GR MANTI,"22,99 ₺"
FILIZ MAKARNA 500 GR SPAGETTI,"22,99 ₺"
FILIZ MAKARNA 500 GR TEL SEHRIYE,"22,99 ₺"
FILIZ MAKARNA 500 GR YASSI SPAGETTI,"22,99 ₺"
FILIZ MAKARNA 500 GR YUKSUK,"22,99 ₺"
GUNSEVEN SIRKE ELMA 500 ML PET,"29,99 ₺"
HASATA BASMATI PIRINC 1000 GR,"149,99 ₺"
HASATA GONEN BALDO PIRINC 1000 GR,"169,99 ₺"
HASATA GONEN BALDO PIRINC 2000 GR,"329,99 ₺"
HEINZ AMERICAN BURGER SOS 230 GR,"129,99 ₺"
HEINZ HARDAL MILD 240GR,"149,99 ₺"
HEINZ HP ORIGINAL 465 GR WOODSMOKE BBQ SOS,"179,99 ₺"
HEINZ KETCAP 570 GR,"139,99 ₺"
HEINZ MAYONEZ 330 GR,"152,99 ₺"
HEINZ MAYONEZ ACI 405 GR,"229,99 ₺"
INDOMIE 120 GR  JUMBO SEBZE  AROMALI,"25,99 ₺"
INDOMIE 120 GR JUMBO KORI AROMALI,"25,99 ₺"
INDOMIE 120 GR JUMBO TAVUK AROMALI,"25,99 ₺"
INDOMIE 60 GR BARDAK DANA ETI CESNILI NOODLE,"40,99 ₺"
INDOMIE 60 GR BARDAK KORI NOODLE,"40,99 ₺"
INDOMIE 60 GR BARDAK SEBZELI NOODLE,"40,99 ₺"
INDOMIE 60 GR BARDAK TAVUK CESNILI NOODLE,"40,99 ₺"
INDOMIE 70 GR PAK.TAVUK CESNILI NOODLE,"19,99 ₺"
INDOMIE 75 GR PAK.KORI NOODLE,"19,99 ₺"
INDOMIE 75 GR PAK.SPESIYAL NOODLE,"19,99 ₺"
INDOMIE 80 GR GURME ACI VE BAHARATLI,"26,99 ₺"
INDOMIE 80 GR GURME SOYA SOSLU,"26,99 ₺"
INDOMIE PAKET KORILI NOODLE 5 LI,"85,99 ₺"
INDOMIE PAKET SEBZELI NOODLE 5 LI,"85,99 ₺"
INDOMIE PAKET SPESIYAL NODLE 5 LI,"85,99 ₺"
INDOMIE PAKET TAVUK CESNILI NOODLE 5 LI,"85,99 ₺"
IPEK SALCA DOMATES 1650 GR PET,"169,99 ₺"
K.KUKRER 250 ML %100 NAR EKSISI  CAM,"174,99 ₺"
K.KUKRER BEYAZ SIRKE 2 LT,"48,99 ₺"
K.KUKRER SIRKE ELMA 500 ML CAM,"69,99 ₺"
K.KUKRER SIRKE ELMA 500ML PET,"66,49 ₺"
K.KUKRER SIRKE UZUM 1000 ML PET,"111,99 ₺"
K.KUKRER SIRKE UZUM 500ML  PET,"62,99 ₺"
K.KUKRER SOYA SOSU 375 ML PET,"111,99 ₺"
KIMIN ASURELIK BUGDAY 1000 GR,"39,99 ₺"
KIMIN BULGUR ESMER 1000 GR CIG KOFTELIK,"39,99 ₺"
KIMIN BULGUR IRI PILAVLIK 1000 GR,"39,99 ₺"
KIMIN BULGUR KOFTELIK 1000 GR,"39,99 ₺"
KIMIN FASULYE DERMASON 1000 GR.,"89,99 ₺"
KIMIN GONEN BALDO PIRINC 1000 GR,"129,99 ₺"
KIMIN GONEN BALDO PIRINC 2000 GR,"249,99 ₺"
KIMIN KIRIK PIRINC 1000 GR,"39,99 ₺"
KIMIN KIRMIZI IC MERCIMEK 1000 GR,"119,99 ₺"
KIMIN KOCBASI NOHUT 1000 GR,"89,99 ₺"
KIMIN OSMANCIK PIRINC 1000 GR,"79,99 ₺"
KIMIN PILAVLIK PIRINC 1000 GR,"99,99 ₺"
KIMIN YAKAN BIBER TURSU CAM 330 GR,"79,99 ₺"
KIMIN YESIL MERCIMEK 1000 GR,"79,99 ₺"
KNORR BULYON ET SUYU 240GR,"86,99 ₺"
KNORR BULYON TAVUK SUYU 120GR,"51,00 ₺"
KNORR BULYON TAVUK SUYU 240GR,"86,99 ₺"
KNORR CABUK CORBA 18 GR KREMALI TAVUK,"16,99 ₺"
KNORR CABUK CORBA 19 GR KREMALI MANTAR,"16,99 ₺"
KNORR CABUK CORBA 22 GR ACILI DOMATES,"16,99 ₺"
KNORR CABUK CORBA 22 GR KITIRLI DOMATES,"16,99 ₺"
KNORR CESNI 32 GR TAVUK MANGAL LEZZETI,"51,99 ₺"
KNORR CESNI 37 GR TAVUK BAH. SARIMSAKLI,"51,99 ₺"
KNORR CORBA ISKEMBE 63 GR,"39,99 ₺"
KNORR CORBA KREMALI DOMATES 69 GR,"39,99 ₺"
KNORR CORBA KREMALI MANTAR 63 GR,"39,99 ₺"
KNORR CORBA KREMALI TAVUK 65 GR,"39,99 ₺"
KNORR CORBA MERCIMEK 76 GR,"39,99 ₺"
KNORR CORBA SEHRIYELI TAVUK 51 GR,"39,99 ₺"
KNORR HARC CITIR PANE  90 GR,"51,99 ₺"
KNORR HARC KOFTE 82 GR,"51,99 ₺"
KNORR HARC TAVUK PANE MIX 90 GR,"51,99 ₺"
KNORR SEH. TAVK DOM. CORBASI 67 GR,"39,99 ₺"
KNORR SOS BESAMEL70 GR,"64,99 ₺"
KNORR SOS MAKARNA FESLEGENLI 50 GR,"64,99 ₺"
KNORR SOS MAKARNA KREMALI MANTAR 52GR,"64,99 ₺"
KNORR SOS MAKARNA PEYNIRLI 50 GR,"64,99 ₺"
KOMILI AYCICEK YAGI 1 LT,"149,99 ₺"
KOMILI AYCICEK YAGI 5 LT PET,"429,99 ₺"
KOMILI Z.YAGI RIVIERA 1 LT,"399,99 ₺"
KOMILI Z.YAGI RIVIERA 500 ML,"209,99 ₺"
KUHNE %100 NAR EKSISI 250 ML,"299,99 ₺"
KUHNE BEYAZ TEMIZLIK SIRKESI 2 LT,"99,99 ₺"
KUHNE SIRKE UZUM 500 ML CAM,"109,99 ₺"
KUHNE TURSU 670 TIPI KORNISON,"199,99 ₺"
KUHNE TURSU ALMAN TIPI KORNISON 350 GR CAM,"169,99 ₺"
KUHNE TURSU CUCCU KORNISON 340 GR,"169,99 ₺"
KUHNE TURSU GEWURZGURKEN SALATALIK 670 GR CAM,"199,99 ₺"
KUHNE TURSU JALAPENO 650 GR CAM,"199,99 ₺"
KUHNE TURSU TURK TIPI SALATALIK 670 GR CAM,"179,99 ₺"
MELIS BIBERIYE 370 ML,"94,99 ₺"
MELIS CUBUK TURSUSU 720 ML,"169,99 ₺"
MELIS JALAPENO 370 ML,"94,99 ₺"
MELIS KARISIK TURSU 720 ML,"89,99 ₺"
MELIS KORNISON 370 ML,"94,99 ₺"
MELIS LAHANA 720 ML,"99,99 ₺"
MELIS PANCAR 720 ML,"94,99 ₺"
MELIS SALATALIK TURSUSU  720 ML,"109,99 ₺"
MELIS SARIMSAK 210 ML,"82,99 ₺"
MELIS YAKAN BIBER 370 ML,"94,99 ₺"
OGUT FASULYE DERMASON 1000 GR,"154,99 ₺"
OGUT MERCIMEK KIRMIZI 1000 GR,"189,99 ₺"
OGUT MERCIMEK YESIL 1000 GR,"174,99 ₺"
OGUT NOHUT KOCBASI 1000 GR,"154,99 ₺"
OGUT PIRINC GONEN BALDO 1000 GR,"179,99 ₺"
OGUT PIRINC GONEN BALDO 2500 GR,"299,99 ₺"
OGUT PIRINC OSMANCIK 1000 GR,"159,99 ₺"
OGUT PIRINC OSMANCIK 2500 GR,"359,99 ₺"
ONCU DOMATES SALCASI 830 GR,"76,99 ₺"
ONCU SALCA BIBER ACI 700 GR CAM,"144,99 ₺"
ONCU SALCA BIBER TATLI 700 GR CAM,"144,99 ₺"
PAKMAYA CIKOLATALI SOS 125 GR,"56,95 ₺"
PAKMAYA ORMAN MEYV. SOS 78 GR,"34,99 ₺"
PASTAVILLA MAKARNA 500 GR BURGU,"40,00 ₺"
PASTAVILLA MAKARNA 500 GR DIRSEK,"40,00 ₺"
PASTAVILLA MAKARNA 500 GR KALEM,"40,00 ₺"
PASTAVILLA MAKARNA 500 GR KELEBEK,"40,00 ₺"
PASTAVILLA MAKARNA 500 GR LINGUINE,"40,00 ₺"
PASTAVILLA MAKARNA 500 GR MANTI,"40,00 ₺"
PASTAVILLA MAKARNA 500 GR RIGATONI,"40,00 ₺"
PASTAVILLA MAKARNA 500 GR SPAGETTI,"40,00 ₺"
REIS BULGUR BASAKBASI 1000 GR,"69,99 ₺"
REIS BULGUR CIGKOFTELIK 1000 GR,"69,99 ₺"
REIS BULGUR ESMER CIGKOFTELIK 1000 GR,"69,99 ₺"
REIS BULGUR KOFTELIK 1000 GR,"69,99 ₺"
REIS MERCIMEK KIRMIZI 1000 GR.,"214,99 ₺"
REIS NOHUT 1000 GR,"189,99 ₺"
REIS PIRINC OSMANCIK 1000 GR.,"179,99 ₺"
S.FRESH TON BALIGI KLASIK 75 GR*3,"299,99 ₺"
SALINA TUZ 750 GR IYOTLU,"28,99 ₺"
SIFALIKOY DOLMALIK BIBER 20'LI,"199,99 ₺"
SIFALIKOY DOLMALIK BIBER KABAK PATLICAN 20'LI,"199,99 ₺"
SIFALIKOY DOLMALIK PATLICAN 20'LI,"199,99 ₺"
TAMEK DOMATES SALCASI 700 GR CAM,"79,99 ₺"
TAMEK GARNITUR 550 GR CAM,"78,99 ₺"
TAMEK HASLANMIS NOHUT 800 GR TNK,"87,99 ₺"
TAMEK KAHVALTI SOSU 300 GR ACI,"79,99 ₺"
TAMEK KONSERVE MISIR 3X210 GR,"114,99 ₺"
TAMEK SALCA DOMATES 360 GR CAM,"64,99 ₺"
TAMEK SALCA DOMATES 830 GR TNK,"74,99 ₺"
TARIS Z.YAGI NAT. SIZMA 750 ML CAM (1915 SERISI),"429,99 ₺"
TAT BEZELYE 680 GR CAM,"29,99 ₺"
TAT BEZELYE 830GR TNK,"79,99 ₺"
TAT CEVIZLI EZME 300 GR,"89,99 ₺"
TAT DOMATES PURE 200ML PKT,"29,99 ₺"
TAT DOMATES SALCASI 830 GR,"79,99 ₺"
TAT GARNITUR 550 GR CAM,"59,99 ₺"
TAT HASLANMIS BARBUNYA 800 GR TNK,"89,99 ₺"
TAT HASLANMIS FASULYE 800 GR TNK,"89,99 ₺"
TAT KETCAP 650 GR+MAYONEZ 560 GR,"199,99 ₺"
TAT KETCAP ACI 600 GR BUFE,"99,99 ₺"
TAT MISIR 3'LU 210 GR TNK,"129,99 ₺"
TAT PATLICAN SALATASI 520 GR  CAM,"139,99 ₺"
TAT SALCA BIBER ACI CAM 550 GR,"124,99 ₺"
TAT TURSU ACI YAKAN 330 GR CAM,"99,95 ₺"
TAT TURSU BIBERIYE 330 GR CAM,"99,95 ₺"
TAT TURSU KORNISON 350 GR CAM,"129,99 ₺"
TAT TURSU KORNISON 680 GR CAM,"169,99 ₺"
TUKAS GARNITUR 560 GR CAM.,"64,99 ₺"
TUKAS KOZLENMIS BIBER 680 GR,"99,99 ₺"
TUKAS MISIR 3X220 GR,"79,99 ₺"
TUKAS SALCA DOMATES 830 GR TNK,"49,99 ₺"
YAYLA BULGUR NOHUTLU 250 GR,"58,99 ₺"
YAYLA DOMATES CORBASI 250 GR,"43,99 ₺"
YAYLA KINOALI BULGUR PILAVI 250 GR,"62,99 ₺"
YAYLA MERCIMEK CORBASI 250 GR,"43,99 ₺"
YAYLA NAPOLITEN SOSLU MAKARNA 250 GR,"65,99 ₺"
YAYLA PILAKI BARBUNYA 400 GR,"69,99 ₺"
YAYLA SIYEZLI BULGUR 250 GR,"69,99 ₺"
YUDUM AYCICEK YAGI 1 LT,"164,99 ₺"
YUDUM AYCICEK YAGI 5 LT PET,"499,99 ₺"
ACE C.SUYU 1000 GR NORMAL,"74,99 ₺"
ACE C.SUYU 2000 GR NORMAL,"119,99 ₺"
ACE C.SUYU 4000 GR NORMAL,"214,99 ₺"
ACE POWER JEL 810 GR DAG TAZELIGI.,"79,99 ₺"
ACE ULTRA KOPUK 700 ML CICEK KOKULU,"139,99 ₺"
ACE ULTRA KOPUK 700ML CAMASIR SULU GENEL KULLANIM,"139,99 ₺"
AIRWICK AEROSOL 300 ML LAVANTA ESINTISI,"219,99 ₺"
AIRWICK AEROSOL 300 ML MANOLYA VE KIRAZ ÇİÇ.,"219,99 ₺"
AIRWICK AEROSOL 300 ML OKYANUS FERAHLIGI,"219,99 ₺"
ARIEL MATIK 1.5 KG DAG ESINTISI,"159,99 ₺"
ARIEL MATIK 1.5 KG PARLAK RENKLER,"159,99 ₺"
ARIEL MATIK 4 KG PARLAK RENKLER,"319,99 ₺"
ASPEROX MAVI GUC 1 LT SPREY,"109,99 ₺"
ASPEROX SARI GUC 1000 ML,"129,99 ₺"
AUTOKIT GENEL TEMIZLEYICI 500 ML,"99,99 ₺"
BINGO BULASIK MAKINE PRO KAPSUL 36 LI,"269,95 ₺"
BINGO BULASIK MAKINE PRO KAPSUL 50 LI,"239,99 ₺"
BINGO DYNAMIC 675 ML HASSAS ELLER,"69,99 ₺"
BINGO FRESH  1000GR MASAL&FERAH,"69,99 ₺"
BINGO FRESH 1000GR MUTLU YUVAM,"69,99 ₺"
BINGO FRESH 2500 ML LOVELY,"99,99 ₺"
BINGO FRESH 2500 ML PEMBE DUSLER,"99,99 ₺"
"BINGO MATIK 1,5 KG RENKLI","129,99 ₺"
"BINGO MATIK 1,5 KG ULTRA BEYAZ","129,99 ₺"
BINGO MATIK 10 KG MUTLU YUVAM,"399,99 ₺"
BINGO MATIK 6 KG RENKLI&BEYAZ,"449,99 ₺"
BINGO OÇS CAM KOKULU 750 ML,"69,99 ₺"
BINGO OÇS LIMON KOKULU 750 ML,"69,99 ₺"
BINGO SIVI DET. 2600 ML RENKLI&BEYAZ,"249,99 ₺"
BINGO SIVI DET.BAKIM SERISI 4 LT SIYAH,"279,99 ₺"
BINGO SOFT 5 LT LOVELY,"169,99 ₺"
BINGO SOFT KONSANTRE 1440 ML LOVELY,"129,99 ₺"
BINGO SOFT KONSANTRE 1440 ML SENSITIVE,"129,99 ₺"
BINGO TEK FISTA SPREY 900ML KIREC SOKUCU,"69,99 ₺"
BREF POWER AKTIV 50 GR ÇAM TEKLI,"79,99 ₺"
BREF POWER AKTIV 50 GR OKYANUS TEKLI,"79,99 ₺"
BREF POWER AKTIV DUOPACK 100 GR CAM 2 LI,"149,99 ₺"
BREF POWER AKTIV DUOPACK 100 GR OKYANUS 2 LI,"149,99 ₺"
CAMSIL MATIK 500 ML,"79,99 ₺"
CAMSIL MATIK YEDEK 1000GR,"79,99 ₺"
CIF JEL 750 ML CICEK FERAHLIGI,"109,99 ₺"
CIF KREM 500ML AMONYAKLI,"69,99 ₺"
CIF KREM 500ML LIMON,"69,99 ₺"
CIF KREM 750  GR AMONYAKLI+LIMON 750 GR,"189,99 ₺"
CIF KREM 750ML AMONYAK,"99,99 ₺"
CIF KREM 750ML LIMON,"99,99 ₺"
CIF KREM SPREY 750 ML AMONYAKLI,"99,99 ₺"
CIF SPREY POWER BANYO 750 ML,"129,99 ₺"
CILLIT BANG 500ML TURBO LAVABO ACICI JEL,"199,99 ₺"
COOK B.DOLABI POŞET BÜYÜK 15 Lİ (30X45),"59,99 ₺"
COOK B.DOLABI POSETI ORTA 4AL3 ODE,"129,99 ₺"
COOK ÇÖP TORBASI BATTAL 7LI(75X90),"129,99 ₺"
COOK PİŞİRME KAĞIDI 16 LI HAZIR KESİLMİŞ,"129,99 ₺"
COOK STREÇ FİLM 15MT,"109,99 ₺"
DALIN SIVI DETERJAN 1500 ML,"399,99 ₺"
"DEL.ASPEROX YUZEY TEM. 2,5 LT PEMBE","119,99 ₺"
DEL.ASPEROX YUZEY TEMIZLEYICI 2.5ML MOR,"119,99 ₺"
DEL.BINGO MATIK 4 KG RENKLI BEYAZ,"269,99 ₺"
DEL.BINGO MATIK 4 KG ULTRA BEYAZ,"269,99 ₺"
DEL.CIF SPREY HERYER SILIKONLU 1000 ML,"109,99 ₺"
DEL.COOK STREÇ FİLM 100 MT  BIÇAK HEDİYELİ,"199,99 ₺"
DEL.FEBREZE AEROSOL 300 ML DAG ESINTISI,"229,99 ₺"
DEL.GLADE 500 ML MULTI SPRAY VICTORIAN ROSE,"149,99 ₺"
DEL.MAGIC DOSE 8 ML DEKORATIF AYNA KOKUSU MANGO,"49,99 ₺"
DEL.PEROS 1440ML ORKIDE ASKI KONSANTRE YUMUSATICI,"149,99 ₺"
DEL.PEROS MATİK 6 KG BEYAZ,"249,99 ₺"
DEL.YUMOS EXTRA 1440 ML MYSTIC,"224,99 ₺"
DETAN DEFANS SU BAZLI LOSYON 100 ML,"119,99 ₺"
DETAN KARINCA ILACI 250 ML,"199,99 ₺"
DETAN KARINCA YEMI,"169,99 ₺"
DETAN MAXI 250ML,"199,99 ₺"
DETAN SINEKKIRAN 275 ML SU BAZLI,"139,99 ₺"
DETAN SUPER MAT CIHAZ+YEDEK,"199,99 ₺"
"DIXI YUZEY TEMIZLEYICI 2,5 KG CAM","159,99 ₺"
DOMESTOS 1850 ML DAG ESINTISI,"149,95 ₺"
DOMESTOS 1850ML KAR BEYAZI,"149,95 ₺"
DOMESTOS 3240ML DAG ESINTISI,"219,99 ₺"
DOMESTOS 3240ML KAR BEYAZI,"219,99 ₺"
DOMESTOS 750 ML DAG ESINTISI,"75,95 ₺"
DOMESTOS 750ML KAR BEYAZI,"75,95 ₺"
DOMESTOS 750ML OKALIPTUS FERAHLIGI,"75,95 ₺"
DOMESTOS DAĞ ESİNTİSİ 750 ML+KAR BEYAZ 750 ML,"119,99 ₺"
DOMESTOS YUZEY TEMIZLEYICI  1500ML CAM,"125,99 ₺"
ERNET CENK TABLET NAFTALIN 100 GR,"89,99 ₺"
ERNET TUZ RUHU 1000GR,"89,99 ₺"
FAIRY H1A KAPSUL 36 LI,"339,99 ₺"
FAIRY SIVI 1500 ML LIMON,"199,99 ₺"
FAIRY SIVI 650 ML ELMA,"99,99 ₺"
FAIRY SIVI 650 ML LIMON,"99,99 ₺"
FAKIR 1000 ML AHSAP TEMIZLEYICI,"69,99 ₺"
FINISH 40 ULTIMATE QUANTUM TABLET,"255,99 ₺"
FINISH MAKINE TEMZ.LIMONLU 250 ML,"189,99 ₺"
FINISH PARLATICI 400GR NORMAL,"145,99 ₺"
FINISH QUANTUM 36 LI,"299,99 ₺"
FINISH QUANTUM TABLET 50 LI,"379,99 ₺"
FINISH ULTIMATE 40 LI PLUS,"449,99 ₺"
GLADE AEROSOL ASKIN BUYUSU 300ML,"139,99 ₺"
GLADE AEROSOL OKYANUS SERINLIGI  300 ML,"139,99 ₺"
GLADE AEROSOL SABAH TAZELIGI 300ML,"139,99 ₺"
GLADE AEROSOL TROPIKAL 300ML,"139,99 ₺"
GLADE AEROSOL VANILYA 300 ML,"139,99 ₺"
GLADE BANYO 10 ML CIHAZ+YEDEK TEMIZ CARSAF FER,"179,99 ₺"
GLADE BANYO 10 ML YEDEK LAVANTA,"89,99 ₺"
HIGHGENIC 1000 ML LEKE CIKARICI SPREY,"99,99 ₺"
"HIGHGENİC 500 ML FIRIN,OCAK ASP.TEMIZLEYICI","69,99 ₺"
KIMI 1000ML ULTRA CAMASIR SUYU,"49,99 ₺"
KIMI 1500 ML YUZEY TEMIZLEYICI GUL,"59,99 ₺"
KIMI 1500 ML YUZEY TEMIZLEYICI LAVANTA,"59,99 ₺"
"KIMI 2,5 KG CAMASIR SUYU","59,99 ₺"
KIMI 3000 ML YUMUSATICI GUL,"119,99 ₺"
KIMI 3000 ML YUMUSATICI LAVANTA,"119,99 ₺"
KIMI 4 KG SIVI BULASIK DETERJANI,"129,99 ₺"
KIMI 4 KG ULTRA CAMASIR SUYU,"134,99 ₺"
KIMI 750 ML BULASIK LIMON,"49,99 ₺"
KIMI 750 ML CAM TEMIZLEYICI,"39,99 ₺"
"KIMI SIVI BAKIM DETERJAN 2,5 LT BEYAZ VE RENKLILER","139,99 ₺"
KOROPLAST ALUMINYUM FOLYO 8MT,"169,99 ₺"
KOROPLAST BUZDOLABI POŞETI BÜYÜK 20 LI,"69,99 ₺"
KOROPLAST BUZDOLABI POŞETI KÜÇÜK 40 LI,"69,99 ₺"
KOROPLAST BUZDOLABI POŞETI ORTA 20 LI,"69,99 ₺"
KOROPLAST ÇÖP TORBASI BÜZ. BÜYÜK VANILYALI 10LU,"139,99 ₺"
KOROPLAST ÇÖP TORBASI BÜZ. BÜYÜK YASEMİN 10 LU,"139,99 ₺"
KOROPLAST ÇÖP TORBASI BÜZ.ORTA YASEMIN 15 LI,"139,99 ₺"
KOROPLAST ÇÖP TORBASI GUCLU BÜYÜK 10LU,"79,99 ₺"
KOROPLAST ÇÖP TORBASI GUCLU KUCUK 30LU,"79,99 ₺"
KOROPLAST ÇÖP TORBASI GUCLU ORTA 15 LI,"79,99 ₺"
KOROPLAST ÇÖP TORBASI PROF.BATTAL10LU,"149,99 ₺"
KOROPLAST FIRIN TORBASI 8LI 25X38,"99,99 ₺"
KOROPLAST PISIRME KAGIT HAZIR KESILMIS 16 LI,"149,99 ₺"
KOROPLAST STREC FİLM 15 MT.,"139,99 ₺"
MARC 250 ML CAMASIR MAKINE TEMIZLEYICI TEKLI,"119,99 ₺"
MARC SPREY POWER HIJYEN 750 ML MUTFAK,"123,99 ₺"
MR.MUSCLE LAVABO AÇICI GRANUL 50 GR TEKLI,"59,99 ₺"
OFF! SINEKKOVAR LOSYON 100 ML,"149,99 ₺"
OMO ACTIVE OXYGEN TOZ 6 KG,"349,99 ₺"
OMO EXPRESS FRESH 1485ML KOTU KOKU KARSI BEYAZLAR,"199,99 ₺"
OMO MATIK 1.5 KG  ACTIVE FRESH RENKLILER,"179,99 ₺"
OMO MATIK 5.5 KG COLOR,"449,99 ₺"
"OMO MATIK 7,5 KG AKTIF FRESH RENKLILER","299,99 ₺"
PAREX STANDART ELDIVEN ORTA BOY,"89,99 ₺"
PERSIL JEL 26 YIKAMA 1690ML COLOR,"319,99 ₺"
PERSIL MATIK 7 KG GÜLÜN BÜYÜSÜ.,"399,99 ₺"
"PERWOLL SIVI DETERJAN 2,97 LT RENKLI","339,99 ₺"
"PERWOLL SIVI DETERJAN 2,97 LT SIYAH","339,99 ₺"
PORCOZ 200GR 4'LU LAVABO ACICI GRANUL,"119,99 ₺"
PORCOZ PAS VE KIREC SOKUCU 1 LT,"69,99 ₺"
PRIL BULASIK SIVISI 4 KG LIMON,"249,99 ₺"
PRONTO AHSAP 750 ML,"199,99 ₺"
RAID AYARLANABILIR LIKIT MAKINE + YEDEK,"349,99 ₺"
RAID BOCEKSAVAR MAX 300ML,"219,99 ₺"
RAID ELECTRO ISITI (1 ISITICI +10 MAT  BEDAVA),"219,99 ₺"
RAID ELECTRO LIKIT 45 GECE MAKINA SISTEM,"349,99 ₺"
"RAID ELECTRO LIKIT YEDEK 27,4 ML","249,99 ₺"
RAID SINEKSAVAR 2IN1 300ML,"149,99 ₺"
STEPY MAGIC SUPER SUNGER 3LU,"89,99 ₺"
TEX 250 ML BULASIK MAK.TEMIZLEYICI,"34,99 ₺"
TEX 750 ML SIVI KREM Ç.SUYU ETKİLİ,"39,99 ₺"
TEX 750ML SIVI KREM AMONYAKLI,"39,99 ₺"
TEX ASPIRIX 2500 ML KIRMIZI,"149,99 ₺"
TEX ASPIRIX 750 ML KIRMIZI,"49,99 ₺"
TEX SIVI ARAP SABUNU 1000 GR,"79,99 ₺"
TEX SODAMATIK 600 GR,"49,99 ₺"
TEX TUZ RUHU 550 GR,"29,99 ₺"
TURSIL JEL 33 YIKAMA 2145 ML KIR ÇİÇELERİ,"199,99 ₺"
UNI BABY CAMASIR DETERJANI 1500 ML,"449,99 ₺"
UNI BABY CAMASIR YUMUSATICI 1500 ML,"219,99 ₺"
VANISH 1000ML KOSLA SIVI GOLD PEMBE,"339,99 ₺"
VANISH 450 GR+500GR TUL SISTEM TOZ  PARLATICI,"499,99 ₺"
VANISH MULTIPOWER TOZ  400 GR,"349,99 ₺"
VERNEL 3 LT GÜLÜN BÜYÜSÜ,"129,99 ₺"
VERNEL MAX 1440 ML SENSITIVE,"129,99 ₺"
VERNEL MAX 1440 ML TAZE GUL,"129,99 ₺"
VERNEL MAX 1440 ML TAZE LALE,"129,99 ₺"
YUMOS 450 ML COMFORT SPREY LILYUM,"189,99 ₺"
YUMOS 450 ML COMFORT SPREY ORKIDE,"189,99 ₺"
YUMOS EXTRA 1440 ML AMBER,"224,99 ₺"
YUMOS EXTRA 1440 ML Y.ORKİDE YASEMİN,"224,99 ₺"
YUMOS EXTRA YABANI ORKIDE YAS.1008ML,"99,99 ₺"
ALGİDA CARTEDOR SELECTİON 800 ML ÇİKOLATA KARNAVAL,"295,00 ₺"
ALGİDA CARTEDOR SELECTİON 900 ML MEYVE ŞÖLENİ,"295,00 ₺"
ALGIDA CLASSICS VANILYA 65 ML,"20,00 ₺"
ALGIDA IMP.CORNETTO 125 ML CIKOLATA,"50,00 ₺"
ALGIDA IMP.CORNETTO 125 ML KAYMAK,"50,00 ₺"
ALGIDA IMP.FRIGOLA CIKOLATA&FINDIK 65 ML,"40,00 ₺"
ALGIDA IMP.MAGNUM 100 ML  CLASSIC,"85,00 ₺"
ALGIDA IMP.MAGNUM 100 ML BEYAZ BUYU,"85,00 ₺"
ALGIDA IMP.MAGNUM DOUBLE CIKOLATA 95 ML,"85,00 ₺"
ALGIDA IMP.MAGNUM DOUBLE KARADUT BOGUR. 95 ML,"85,00 ₺"
ALGIDA IMP.MAX 65 ML  KAKAO,"20,00 ₺"
ALGIDA IMP.NOGGER SANDWICH 145 ML,"65,00 ₺"
ALGIDA KEYIF CILEK VANILYA KAKAO 1400 ML,"140,00 ₺"
ALGIDA MARAS 500 ML SADE-KAKAO,"200,00 ₺"
ALGIDA MARAS SADE CIFTE DOV.500 ML,"225,00 ₺"
CARTEDOR CLASSIC 850 ML VISNE BITTER KAYMAK,"192,00 ₺"
CORNETTO DISC MILKA 130ML,"75,00 ₺"
CORNETTO DISC OREO 130ML,"75,00 ₺"
CORNETTO DİSK VANİLYA-KARAMEL 130 ML,"75,00 ₺"
ETI FRIGO ALASKA BITTER CIK.60 GR,"47,50 ₺"
ETI FRIGO ALASKA SUTLU CIK.60 GR,"47,50 ₺"
FEAST DONDURULMUS ELMA DILIMLI PATATES 1000 GR,"259,99 ₺"
FEAST DONDURULMUS VISNE  400 GR,"449,99 ₺"
MAGNUM COOKIE 95 ML,"85,00 ₺"
MAGNUM MINI 345 ML  KLASİK BADEM BEYAZ,"325,00 ₺"
MAGNUM MINI BADEM 345 ML,"325,00 ₺"
MAGNUM MINI DOUBLE 360 GR K.DUT-BOGURTLEN,"325,00 ₺"
MAGNUM MINI MP CLASSIC 345 ML,"325,00 ₺"
MAX TWISTER FOREST 65 ML,"15,00 ₺"
S.FRESH 1000 GR MİLFÖY,"139,99 ₺"
S.FRESH 1000 GR PATATES,"149,99 ₺"
S.FRESH 1000 GR PATATES ÇITIR,"189,99 ₺"
S.FRESH 1000 GR PATATES JUMBO,"189,99 ₺"
S.FRESH 360 GR ÇITIR TOPLAR,"189,99 ₺"
S.FRESH 400 GR KAYSERİ MANTISI,"99,99 ₺"
S.FRESH 450 GR BEZELYE,"129,99 ₺"
S.FRESH 450 GR ISPANAK DOĞRANMIŞ,"119,99 ₺"
S.FRESH 450 GR MISIR,"139,99 ₺"
S.FRESH 450 GR PATATES KROKET,"109,99 ₺"
S.FRESH 450 GR SOĞAN HALKA KROKET GURME,"149,99 ₺"
S.FRESH 500 GR RULO BÖREK PATATESLİ,"149,99 ₺"
S.FRESH 500 GR RULO BÖREK PEYNİRLİ,"149,99 ₺"
S.FRESH 780 GR PİZZA KİNG 4 LÜ,"279,99 ₺"
S.FRESH PIZZA KING SLIMMO SUPREME 300GR,"189,99 ₺"
ASPILIC  BUTUN PILIC KG,"109,99 ₺"
ASPILIC TAB. BAGET KG,"119,99 ₺"
ASPILIC TAB. BUT KG,"99,99 ₺"
ASPILIC TAB. FILETO KG,"279,99 ₺"
BESLER 300 GR GOLD FERMENTE SUCUK,"369,99 ₺"
BESLER NOSTAJI DANA DÖNER 200 GR,"219,99 ₺"
BEYPILIC TAB. FILETO KG,"299,99 ₺"
DANA ANTRIKOT KG,"1.499,99 ₺"
DANA BIFTEK KG,"1.100,00 ₺"
DANA GULAS KG,"1.100,00 ₺"
DANA INCIK KG,"1.100,00 ₺"
DANA KASAP KOFTE KG,"899,99 ₺"
DANA KUSBASI KG,"949,99 ₺"
DANA SOTE KG,"1.100,00 ₺"
DANA STROGONOF KG,"1.100,00 ₺"
DANA YEMEKLIK KIYMA KG,"949,99 ₺"
DEL.HASPILIC TAB.FLETO KG,"199,99 ₺"
FIDE TON BALIGI EKO 3*80 GR,"149,99 ₺"
GEDIK TAB. UCLU KANAT KG,"249,99 ₺"
LEZITA PILIC NUGGET 700 GR,"169,99 ₺"
LEZITA PILIC SCHNITZEL 700 GR,"169,99 ₺"
PINAR HINDI SOSIS 430 GR,"199,99 ₺"
SENPILIC TAB. BAGET KG,"119,99 ₺"
SENPILIC TAB. BONFILE DERISIZ KG,"199,99 ₺"
SENPILIC TAB. KALCALI BUT KG,"124,99 ₺"
SENPILIC TAB. KARISIK IZGARALIK KANAT,"269,99 ₺"
34 GSM IPHONE USB SARJ KABLOSU,"199,99 ₺"
34 GSM KULAKLIK,"209,99 ₺"
34 GSM MICRO USB SARJ KABLOSU,"199,99 ₺"
"34 GSM TYPE-C USB SARJ KABLOSU 39,99TL","199,99 ₺"
A4 FOTOKOPI KAGIDI 500 LU 80 GR,"125,00 ₺"
AIRWICK YEDEK 250 ML LAVANTA,"249,99 ₺"
ARGEM ALA SURAHI 1500 ML,"149,99 ₺"
AUTOKIT LASTIK TEMIZLEYICI VE PARLATICI 500 ML,"119,99 ₺"
AUTOKIT OTO YIKAMA SUNGERI,"34,99 ₺"
BAKIR CEZVE NO:4,"249,99 ₺"
BAYRAM KURBAN BIÇAK SETİ 3 LU,"29,99 ₺"
BESTA ANGORA BAYAN,"79,99 ₺"
BESTA BAMBU BAYAN PATIK CORAP,"99,99 ₺"
"BESTA BAMBU BAYAN SNEAKERS CORAP,","99,99 ₺"
BESTA BAMBU ERKEK CORAP,"119,99 ₺"
BESTA BAMBU ERKEK PATIK CORAP,"99,99 ₺"
BESTA BAMBU ERKEK SNEAKERS CORAP,"99,99 ₺"
BESTA BAYAN PATIK CORAP,"39,99 ₺"
BESTA DESENLI BAMBU ERKEK CORAP,"99,99 ₺"
BESTA DESENLI MODAL ERKEK CORABI,"89,99 ₺"
BESTA MODAL BAYAN PATIK CORAP,"79,99 ₺"
BESTA MODAL BAYAN SNEAKERS CORAP,"79,99 ₺"
BESTA MODAL ERKEK CORAP,"99,99 ₺"
BESTA MODAL ERKEK PATIK CORAP,"99,99 ₺"
BESTA MODAL ERKEK SNEAKERS CORAP,"79,99 ₺"
BESTA PENYE SNEAKERS BAYAN CORAP,"49,99 ₺"
BESTA PENYE SNEAKERS ERKEK CORAP,"74,99 ₺"
BOZKURT FENER MUM 10 LU,"99,99 ₺"
BOZKURT KOKULU BARDAK MUM,"199,99 ₺"
BROART KARE FIRIN TEPSISI 2 LI.,"299,99 ₺"
BROART YUVARLAK FIRIN TEPSISI 2 LI.,"299,99 ₺"
COFFEE BARDAK 400ML 9122,"19,99 ₺"
DEL.SITIL SUNGERLI HAZIR 200 GR BOYA KOYU KAHVE,"50,99 ₺"
DIS FIRCALIK KUTUSU (TEKLI),"19,99 ₺"
DURACELL  PIL 9 VOLT TEKLI,"319,99 ₺"
DURACELL 2032 PIL DUGME 3 VOLT 2 LI,"199,99 ₺"
DURACELL PIL D BUYUK BOY 2LI,"299,99 ₺"
DURACELL PIL INCE KALEM 4LU AAA,"259,99 ₺"
DURACELL PIL KALEM 4LU AA,"259,99 ₺"
ECE 3 GOZLU KOPUK TABAK 5 LI,"59,99 ₺"
ECE 3 GOZLU PLASTIK TABAK 8 LI,"99,99 ₺"
ECE ADANA SIS 20 LI 25 CM,"49,99 ₺"
ECE COP SIS 100 LU 25 CM,"49,99 ₺"
ECE DEMET ÇIRA,"49,99 ₺"
ECE JELATINLI KURDAN 200 LU,"79,99 ₺"
ECE KAGIT BARDAK  12 OZ 10LU,"74,99 ₺"
ECE KAGIT BARDAK 4 OZ 25 LI,"79,99 ₺"
ECE KAGIT BARDAK 50 LI 7 OZ(TOPTAN),"79,99 ₺"
ECE KAGIT BARDAK 7 OZ 10'LU *30,"34,99 ₺"
ECE KAGIT TABAK LUX 10LU,"74,99 ₺"
ECE KOFTECI MASASI,"69,99 ₺"
ECE KRISTAL BARDAK 10 LU,"74,99 ₺"
ECE LUKS BICAK 10'LU,"32,99 ₺"
ECE LUKS CATAL 10 LU,"32,99 ₺"
ECE LUKS KASIK 10 LU,"32,99 ₺"
ECE LUX UZUN KOFTECI MAŞASI,"99,99 ₺"
ECE PARTY KORUKLU 50 LI JELATINLI PIPET,"69,99 ₺"
ECE PLASTIK BARDAK 180 CC 10 LU OTOMAT,"24,99 ₺"
ECE PLASTIK BARDAK 180 CC 10LU  EKO OTOMAT,"19,99 ₺"
ECE PLASTIK BARDAK 180 CC 50 LI OTOMAT,"59,99 ₺"
ECE PLASTIK KARISTIRICI 50 LI,"19,99 ₺"
ECE PLASTIK TABAK BUYUK 10 LU,"59,99 ₺"
ECE PLASTIK TABAK KUCUK 10 LU,"54,99 ₺"
ECE YELPAZE,"24,99 ₺"
ELITLED 3LU BLISTER AMPUL,"99,99 ₺"
ELITLED RGB KUMANDALI AMPUL,"139,99 ₺"
ENSAR ASLAN YILDIZ ERKEK PENYE BOXER,"49,99 ₺"
FATIH KURU BOYA KALEMI 12 LI,"99,99 ₺"
FE STOP SIGAR FILTRESI,"17,99 ₺"
FELIX KEDI KONSERVE 400 GR ETLI-TAVUKLU,"219,99 ₺"
FELIX KEDI KONSERVE SOMONLU 400GR,"219,99 ₺"
FELIX POUCH 4 LU AVANTAJ PAKET ETLI 85 GR,"124,99 ₺"
FELIX POUCH 4 LU AVANTAJ PAKET SOMONLU 85 GR,"124,99 ₺"
FELIX POUCH 4 LU AVANTAJ PAKET YAVRU 85 GR,"124,99 ₺"
FELIX POUCH CIFTE LEZZET ETLI-KANATLI 85 GR,"36,99 ₺"
FELIX POUCH ETLI 85 GR,"36,99 ₺"
FELIX POUCH KUZU ETLI 85 GR,"36,99 ₺"
FELIX POUCH SENSATION TAVUK-HAVUC 85 GR,"36,99 ₺"
FELIX POUCH SENSATION TON BALIKLI 85 GR,"36,99 ₺"
FELIX POUCH SOMONLI 85 GR,"36,99 ₺"
FELIX POUCH TASTY SHREDS TAVUKLU 85 GR,"36,99 ₺"
FELIX POUCH YAVRU TAVUKLU 85 GR,"36,99 ₺"
FILIZ CICEK TOPRAK 10 LT,"59,99 ₺"
FLEXI PLASTIK BIÇAK 10 LU,"6,99 ₺"
FRISKIES MINI MENU 1.5KG KOPEK MAMASI,"499,99 ₺"
FRISKIES POUCH 85 GR YAVRU KEDILER ICIN,"32,99 ₺"
FRISKIES POUCH ETLI 85 GR,"32,99 ₺"
FRISKIES POUCH SOMONLU 85 GR,"32,99 ₺"
GEZER.Y21. MERDANE TERLIK 10489.03,"89,99 ₺"
GEZER.Y23. MERDANE TERLIK 8025,"129,99 ₺"
"GMAX ANTIFRIZ  -56 1,5LT","59,99 ₺"
GOLDEN DAISY ANTIK KILIM 80X125 CM,"50,95 ₺"
GOLDEN DAISY YASTIK ALEZI JAKARLI,"29,99 ₺"
GOURMET GOLD KEDI KONS. KIYILMIS HINDI ETLI 85 GR,"64,99 ₺"
GOURMET GOLD KEDI KONS. KIYILMIS SIGIR ETLI 85 GR,"64,99 ₺"
GOURMET GOLD KEDI KONS. KIYILMIS TAVUK ETLI 85 GR,"64,99 ₺"
GOURMET GOLD KEDI KONS. KIYILMIS TON BALIKLI 85 GR,"64,99 ₺"
"IRAK SUMBUL BALKON SAKSI NO:1  4,2 LT  SS200","29,99 ₺"
"IRAK SUMBUL SAKSI NO:2  1,2 LT  SS105","14,99 ₺"
JUNGLE MUHABBET KUS YEMI GURME (KRAKER HED.) 400 G,"93,95 ₺"
JUNGLE YAVRU KEDI MAMASI TAVUKLU 500 GR,"146,95 ₺"
JUNGLE YETISKIN KEDI MAMASI TAVUK - BALIKLI 500 GR,"146,95 ₺"
KERAMIKA KUPA CIFT RENKLI,"69,99 ₺"
KODAK K3A-4 XTRALIFE 4 LU ALKALIN KALEM PIL,"139,99 ₺"
KODAK LITYUM DUGME PIL 2 LI CR2016,"119,99 ₺"
KODAK LITYUM DUGME PIL 2 LI CR2032,"119,99 ₺"
KODAK PIL INCE KALEM CINKO 4LU AAA,"89,99 ₺"
KODAK PIL KALEM CINKO 4LU AA,"89,99 ₺"
KODAK PIL ULTRA PREMIUM 4LU KALEM ALKALIN AA,"189,99 ₺"
MRY DOLDURULABILEN TASLI CAKMAK,"22,99 ₺"
MRY RUZGAR CAKMAK,"29,99 ₺"
MRY SUNDAY MANYETOLU ELEKTRO CAKMAK,"29,99 ₺"
O. 01923 CANDY DOKTOR ÇANTASI,"349,99 ₺"
OYUNCAK KIZILDERILI KOVBOY OYUN SETI 77116SUN-,"349,99 ₺"
OYUNCAK SUN YFN MUTFAK GERECLERI SET 10 PRC 37004,"299,99 ₺"
P.BAHÇE 420154 NOVA MESR. BARDAGI 3 LU,"219,99 ₺"
P.BAHCE 420695 NOVA MESRUBAT BARDAGI 3 LU,"249,99 ₺"
P.BAHÇE 42191 ÇAY BARDAĞI 6 LI TEMPO SADE,"119,99 ₺"
P.BAHCE 42451 IREM CAY BARDAGI 6 LI,"199,99 ₺"
P.BAHÇE 42461 G4U MISIS 6LI ÇAY BARDAĞI,"179,99 ₺"
P.BAHCE 42741 LINKA CAY BARDAGI 3 LU,"119,99 ₺"
P.BAHCE 440410 DONDURMALIK TEKLİ,"99,99 ₺"
P.BAHÇE 52056 YONCA SU BARDAGI 6LI,"119,99 ₺"
P.BAHÇE 52944 FLOWERS 6LI SU BARDAGI,"119,99 ₺"
P.BAHCE 530083 SAKLAMA KABI ROSE KARE 355CC,"129,99 ₺"
P.BAHCE 55783 LİNA KULPLU 6 LI ÇAY BARDAĞI,"149,99 ₺"
P.BAHCE 59033 KP.LI YUV.TENCERE 1 LT.HK.DK.,"349,99 ₺"
P.BAHÇE 62511 AIDA ÇAY BARDAĞI 6 LI,"199,99 ₺"
P.BAHCE 80230 METAL UCLU YAGLIK SIRKELIK 1 LT,"249,99 ₺"
P.BAHCE 96942 VEFA CAY TAKIMI 12 LI,"299,99 ₺"
P.BAHÇE 97236 PERLA SEKERLIK,"199,99 ₺"
PAREX MEGA COMFORT SUNGER OLUKLU 2LI,"119,99 ₺"
PAREX MIKROFIBER CAM BEZI (MIKROFIBER HEDIYELI),"229,99 ₺"
PAREX QUICK TEMIZLIK SETI,"499,99 ₺"
PAREX STANDART ELDIVEN BUYUK BOY,"89,99 ₺"
PAREX STANDART ELDIVEN KUCUK BOY,"89,99 ₺"
PAREX SUNGER CIZMEZ OLUKLU 4LU,"119,99 ₺"
PAREX SUNGER KLASIK 5 LI OLUKLU,"89,99 ₺"
PAREX SUNGER KLASIK 5LI DUZ,"89,99 ₺"
PAREX SUNGER KLASIK 8 LI OLUKLU,"149,99 ₺"
PAREX SUNGER OLUKLU 2 LI,"59,99 ₺"
PAREX TEMIZLIK BEZI 5LI (%30 MIKROFIBERLI),"149,99 ₺"
PAREX TREND KLASIK SUNGER 5 LI OLUKLU,"79,99 ₺"
PAREX TUY TOPLAYICI EASY 60LI RULO,"229,99 ₺"
PEDIGREE 180 GR KOPEK ODUL MAMASI  DENT.,"139,99 ₺"
PEDIGREE 400 GR  KOPEK KONSERVE ERISKIN BIFTEKLI,"119,99 ₺"
PENA MASKE SAKLAMA KUTUSU,"10,99 ₺"
PENA METAL CIRPICI,"35,99 ₺"
PENA URVE DIK SOYACAK UR-3120,"14,99 ₺"
PENA WENKEN SPIRAL PATATES DILIMLEYICI,"19,99 ₺"
PENTI CORAP FIT 15 DIZALTI 500,"79,99 ₺"
PENTI CORAP FIT 15 DIZALTI 57,"79,99 ₺"
PENTI CORAP FIT KULOTLU 500-2,"199,99 ₺"
PENTI CORAP FIT KULOTLU 500-3,"199,99 ₺"
PENTI CORAP FIT KULOTLU 57-2,"199,99 ₺"
PENTI CORAP FIT KULOTLU 57-3,"199,99 ₺"
PENTI CORAP SUPER KULOTLU 500-2,"159,99 ₺"
PENTI CORAP SUPER KULOTLU 57-2,"159,99 ₺"
PENTI CORAP SUPER KULOTLU 57-3,"159,99 ₺"
PENTI MICRO 40 DIZALTI 500,"119,99 ₺"
PENTI MICRO 40 DIZALTI 57,"119,99 ₺"
PENTI MICRO 40 KULOTLU 500-2,"249,99 ₺"
PENTI SUPER KULOTLU CORAP 500-3,"159,99 ₺"
PENTI SUPER PANTOLON 500,"69,99 ₺"
PENTI SUPER PANTOLON 57,"69,99 ₺"
PIKNIK SETI 32 PRC,"199,99 ₺"
PURINA ONE KISIR KEDI MAMASI SOMONLU 800 GR,"499,99 ₺"
PURINA ONE YETISKIN KEDI MAMASI TSIGIR ETLI 800 GR,"499,99 ₺"
SARTEN RENKLI KAVANOZ KAPAGI METAL 10 LU,"49,99 ₺"
SINBO SHD SAC DUZLESTIRICI SHD-7057,"399,99 ₺"
SIRIM DESENLI KOTON BAYAN CORAP,"59,99 ₺"
SIRIM DESENLI KOTON ERKEK CORAP,"39,99 ₺"
SIRIM ERKEK CORABI 3LU,"49,99 ₺"
SIRIM PELUS BAYAN BABET,"69,99 ₺"
SIRIM PENYE ERKEK PATIK CORAP,"69,99 ₺"
SITIL SUNGER PREMIUM EVALI,"29,99 ₺"
STEPY 4LU MICROFIBER BEZ MULTI COLOR,"149,99 ₺"
STEPY SUNGERI OLUKLU 5 LI,"49,99 ₺"
TITIZ KOKTEYL YOGURT KABI,"79,99 ₺"
TITIZ PIPETLI BARDAK 400 ML 9127,"99,99 ₺"
VILEDA ÇELIK TEL INOX 2+1,"179,99 ₺"
VILEDA CIZMEZ COLORS SUNGER 4 LU,"119,99 ₺"
VILEDA ELDIVEN STANDART BÜYÜK,"149,99 ₺"
VILEDA PARLAK KONFOR SUNGER OLUKLU 2LI,"139,99 ₺"
VILEDA POWER SUNGER PAD 2 LI,"199,99 ₺"
VILEDA SUNGER CIZMEZ 2'LI OLUKLU,"179,99 ₺"
VILEDA SUNGER ULTRA PARLAK,"59,99 ₺"
VILEDA TEMIZLIK BEZI 5 LI %30 MICROFIBER,"159,99 ₺"
VILEDA YEDEK PASPAS 2LI EKO,"289,99 ₺"
WELLNAX  KOKU DOLAP VE CEKMECE CESITLERI,"34,99 ₺"
WHISKAS KEDI GUVEC 85 GR SIGIR ETLI,"24,99 ₺"
WHISKAS KEDI GUVEC TAVUK ETLI 85 GR,"24,99 ₺"
WHISKAS KEDI KONS. 400 GR ERISKIN TAVUKLU,"124,99 ₺"
WHISKAS KEDI KONS.400 GR ERISKIN TONLU,"124,99 ₺"
WHISKAS KEDI KONS.400GR  ERISKIN BIFTEKLI,"124,99 ₺"
"WHISKAS KEDI KURU MAMA 1,4 KG  TON - SEBZE","384,99 ₺"
"WHISKAS KEDI KURU MAMA 1,4 KG TAVUK - SEBZE","384,99 ₺"
WHISKAS KEDI POUCH  BIFTEKLI 85 GR,"24,99 ₺"
WHISKAS KEDI YAVRU 300 GR KURU MAMA  TAVUKLU,"89,99 ₺"
WHISKAS KEDI YAVRU POUCH TAVUKLU 85 GR,"24,99 ₺"
WHISKAS POUCH TAVUK 85 GR,"24,99 ₺"
YAGIZER AHSAP SET CESITLERI,"9,99 ₺"
ZARIF CELIK CEZVE NO:4,"119,99 ₺"
DEL.UNIFOOD 300 GR GRANUL ICECEK LIMON  AROMALI,"35,99 ₺"
"JACOBS 2 SI 1 ARADA 10,5 GR","11,99 ₺"
JACOBS 3 U 1ARADA 16 GR,"11,99 ₺"
KAHVE DÜNYASI 2SI1 ARD KLASİK 8LI,"59,99 ₺"
KAHVE DÜNYASI 3Ü1 ARD KLASİK 8LI,"59,99 ₺"
NESCAFE 2 SI 1 ARADA 10 GR,"12,50 ₺"
NESCAFE 2 SI 1 ARADA 10 LU,"69,99 ₺"
NESCAFE 3 U 1 ARADA 10 LU,"69,99 ₺"
NESCAFE 3 U 1 ARADA 10 LU EXTRA,"69,99 ₺"
NESCAFE 3 U 1 ARADA 10 LU SUTLU KOPUKLU,"69,99 ₺"
"NESCAFE 3 U 1 ARADA 17,4 GR SUTLU KOPUKLU","12,50 ₺"
NESCAFE 3 U 1 ARADA 18 GR,"12,50 ₺"
NESCAFE 3 U 1 ARADA EXTRA 17 GR,"12,50 ₺"
NESCAFE CAPPUCCİNO 14 GR,"14,50 ₺"
NESCAFE CLASSIC 2GR,"13,50 ₺"
NESCAFE CREMA LATTE 17 GR,"14,50 ₺"
NESCAFE XPRESS KARAMEL 250 ML,"69,99 ₺"
NESCAFE XPRESS LATTE 250ML,"69,99 ₺"
NESCAFE XPRESS VANİLYA 250 ML,"69,99 ₺"
STARBUCKS 22 GR CAPPUCINNO.,"25,99 ₺"
BABY TURCO CEP MENDILI 3*15 LI,"24,99 ₺"
CANPED H.BEZI EMICI KULOT EXTRA LARGE 8 LI,"274,99 ₺"
CANPED H.BEZI EMICI KULOT ORTA 9LU,"274,99 ₺"
CANPED MESANE PEDI BUYUK 10LU,"164,99 ₺"
CANPED MESANE PEDI ORTA 10 LU,"164,99 ₺"
DEL.BABY TURCO ISLAK HAVLU 90'LI,"34,99 ₺"
DEL.CANPED YATAK KORUYUCU 60*90 CM 10LU,"119,99 ₺"
DEL.EVONY MESANE PEDI 10 LU  YOGUN,"60,99 ₺"
DEL.KOTEX NATURAL 14 LU ULTRA SÜPER .PAKET GECE,"99,99 ₺"
DEL.ORKID SUPER ULTRA EXTRA UZUN 36 LI,"159,99 ₺"
FAMILIA HAVLU 16 LI  COCONAT,"239,99 ₺"
FAMILIA PECETE 100 LU,"59,99 ₺"
FAMILIA PECETE 200 LU,"119,99 ₺"
FAMILIA T.KAGIDI 40 LI COCONAT,"349,99 ₺"
KIMI DEV KAGIT HAVLU,"49,99 ₺"
KIMI HAVLU 6 LI 2 KATLI,"99,99 ₺"
KIMI T.KAGIDI 16 LI  2 KATLI,"119,99 ₺"
KOTEX GUNLUK PED 28 LI ANYDAY EKO UZUN,"129,99 ₺"
KOTEX ULTRA 4 LU GECE 16LI,"199,99 ₺"
KOTEX ULTRA 4 LU NORMAL 24 LI,"199,99 ₺"
KOTEX ULTRA 4 LU UZUN 18LI,"199,99 ₺"
KOTEX ULTRA TEKLI PK GECE 6 LI,"79,99 ₺"
KOTEX ULTRA TEKLI PK NORMAL 8 LI,"79,99 ₺"
KOTEX ULTRA TEKLI PK UZUN 7 LI,"79,99 ₺"
MAYLO MENDIL  10 LU,"39,99 ₺"
MOLPED GUNLUK PED 32 LI PURE&SOFT INCELIK EKO,"89,99 ₺"
MOLPED PURE & SOFT SUPER GECE EKONOMIK 16'LI,"129,99 ₺"
MOLPED PURE & SOFT SUPER UZUN EKONOMIK 18'LI,"129,99 ₺"
MOLPED SUPERNIGHT 14 LI S.EKO GECE,"129,99 ₺"
MOLPED SUPERNIGHT 16 LI  S.EKO SUPER GECE,"129,99 ₺"
MOLPED SUPERNIGHT 18LI S.EKO UZUN,"129,99 ₺"
MOLPED SUPERNIGHT GECE 6LI,"49,99 ₺"
MOLPED SUPERNIGHT SUPER GECE 5LI,"49,99 ₺"
MOLPED TEKLI PURE&SOFT GECE 6'LI,"44,99 ₺"
ORKID GUNLUK EKO NORMAL 40 LI,"199,99 ₺"
ORKID PLATINUM 6 LI TEKLI GECE EXTRA,"86,99 ₺"
ORKID PLATINUM TEKLI NORMAL 8 LU,"86,99 ₺"
ORKID PLATINUM TEKLI UZUN 7 LI,"86,99 ₺"
ORKID ULTRA TEKLI GECE 7 LI,"64,99 ₺"
ORKID ULTRA TEKLI NORMAL 8 LU,"64,99 ₺"
ORKID ULTRA TEKLI UZUN 8 LI,"64,99 ₺"
PAPIA HAVLU 12 LI,"279,99 ₺"
PAPIA T.KAGIDI 32 LI 4 KATLI,"399,99 ₺"
SELPAK 3 LU ISLAK CEP MENDIL,"69,99 ₺"
SELPAK COLLECTION PEÇETE DESENLI 20 LI,"39,99 ₺"
SELPAK DEV RULO HAVLU 2 LI,"59,99 ₺"
SELPAK HAVLU 12 LI,"269,99 ₺"
SELPAK HAVLU 6 LI.,"169,99 ₺"
SELPAK HAVLU 8 LI,"99,99 ₺"
SELPAK MENDIL 10'LU KLASIK,"79,99 ₺"
SELPAK PECETE 75 LI,"89,99 ₺"
SELPAK T.KAGIDI 32 LI,"399,99 ₺"
SERVIS PEÇETE 200 LU,"45,95 ₺"
SLEEPY YUZEY TEMIZLEYICI 100 LU ISLAK MENDIL,"149,99 ₺"
SOLO DEV RULO HAVLU,"69,99 ₺"
SOLO HAVLU 16 LI BAMBU,"229,99 ₺"
SOLO HAVLU 6 LI ULTRA,"129,99 ₺"
SOLO PEÇETE 100 LU,"59,99 ₺"
SOLO PEÇETE 200 LU,"69,99 ₺"
SOLO T.KAGIDI 16 LI,"189,99 ₺"
SOLO T.KAGIDI 32 LI,"284,99 ₺"
SOLO T.KAGIDI 40 LI BAMBU,"329,99 ₺"
STEPY MIKROFIBER CAM BEZI 2LI,"149,99 ₺"
TENO PEÇETE 100 LU,"19,99 ₺"
UNI BABY 90'LI AKTIF SENSITIVE,"39,99 ₺"
UNI BABY AILE ISLAK HAVLU 90 LI,"49,99 ₺"
ARKO KREM D.YAGLAR 60 ML AVAKADO,"89,99 ₺"
ARKO KREM SOFT TOUCH 250 ML,"149,99 ₺"
ARKO KREM SOFT TOUCH 60ML,"89,99 ₺"
ARKO NEM 20CC EL KREMI YAGLI,"39,99 ₺"
ARKO TIRAS SABUNU 75GR,"79,99 ₺"
ARKO TRAS KOLONYASI 200 ML GOLD POWER,"149,99 ₺"
ARKO TRAS KOPUGU 200 ML ANTI IRRITATION,"149,99 ₺"
ARKO TRAS KOPUGU 200 ML COOL,"149,99 ₺"
ARKO TRAS KREMI 90 GR COOL,"79,99 ₺"
ARKO TRAS KREMI 90 GR EXTRA SENSITIVE,"79,99 ₺"
AXE DEO 150ML AFRICA,"239,99 ₺"
AXE DEO 150ML APOLLO,"239,99 ₺"
AXE DEO 150ML DARK TEMPTATION,"239,99 ₺"
AXE STICK 50 ML LEATHER & COOKIES,"199,99 ₺"
BIOBLAS 250ML SAC BAKIM KREMI 7/24 COLLAGEN&KERATI,"244,99 ₺"
BIOBLAS 250ML SAC BAKIM KREMI COLLAGEN&KERATIN,"244,99 ₺"
BIOBLAS BOTANIK 360ML SAMP.IN.ISIRGAN,"169,99 ₺"
BLADE DEO 150ML  GREEN DREAM,"189,99 ₺"
BLENDAX 470ML SAMP.ISIRGAN OTU GUCLNDRC,"139,99 ₺"
BLENDAX 470ML SAMP.KEPEGE KARSI,"139,99 ₺"
BLENIOR AGDA BEZI 25 MT,"129,99 ₺"
CIRE ASEPTINE 150 MLVAZELİN KLASIK,"99,99 ₺"
CIRE ASEPTINE 30 ML ALOE VERA EL VUCUT KREMI(FANUS,"29,99 ₺"
CIRE ASEPTINE SOFT 100 ML  ALOE VERA EL YÜZ VÜCUT,"59,99 ₺"
CLEAR MEN 350 ML SAMPUAN COOL SPORT,"199,99 ₺"
CLEAR MEN 350 ML SAMPUAN HIZLI STIL 2N1,"199,99 ₺"
CLEAR MEN 350 ML SAMPUAN LEGEND BY CR7 RONALDO,"199,99 ₺"
CLEAR MEN 350 ML SAMPUAN MAXIMUM FERHALIK,"199,99 ₺"
CLEAR MEN 350 ML SAMPUAN YOGUN ARINDIRICI,"199,99 ₺"
CLEAR MEN 350ML SAMP.GUNLUK ARINMA&FERAHLIK,"199,99 ₺"
CLEAR WOMEN 350 ML SAMPUAN SAC DOKULMESINE KARSI,"199,99 ₺"
CLEAR WOMEN 350 ML SAMPUAN YUMUSAK PARLAK,"199,99 ₺"
COLGATE 250 ML PLAX AGIZ BAKIM SUYU MAVI,"179,99 ₺"
COLGATE 500 MLPLAX AGIZ BAKIM SUYU MAVI,"329,99 ₺"
COLGATE D.FIRCASI 360 1+1 OPTIK BEYAZ ORTA,"349,99 ₺"
COLGATE D.MACUNU 75 ML MAX BEYAZLIK,"149,99 ₺"
COLGATE D.MACUNU 75ML BARBIE SPIDERMAN COCUK,"189,99 ₺"
COLGATE D.MACUNU 75ML MISVAK OZLU,"104,99 ₺"
COLGATE DIS IPI DIS ETI SAGLIGI,"349,99 ₺"
DALAN 4X150 GR GLISERINLI SABUN MISKET LIMONU,"139,99 ₺"
DALAN 600GR BEYAZ BANYO SABUNU GUL,"129,99 ₺"
DALAN 600GR BEYAZ BANYO SABUNU KLASIK,"129,99 ₺"
DALIN 150 ML SPREY KOLONYA CICEK BAHCESI,"124,99 ₺"
DEL.ACTIVEX SIVI SABUN 700ML HASSAS,"129,99 ₺"
DEL.ACTIVEX SIVI SABUN 700ML NEMLENDIRICI,"129,99 ₺"
DEL.ARKO KREM D.YAGLAR 250 ML AVOKADO,"179,99 ₺"
DEL.ARKO NEM KREM PREBIYOTIK 250 ML BADEM SUTU,"179,99 ₺"
DEL.ARKO NEM KREM PREBIYOTIK 250 ML YULAF,"101,99 ₺"
DEL.BIOBLAS 1000 ML KERATIN SAMPUAN,"199,99 ₺"
DEL.BIOBLAS 1000 ML SARIMSAK SAMPUAN,"199,99 ₺"
DEL.CAMSAKIZI 240 GR AGDA,"89,99 ₺"
DEL.COLGATE D.MACUNU 150 ML 2 LI UCLU ETKI,"119,99 ₺"
DEL.COLGATE D.MACUNU 75ML OPTIK ANINDA BEYAZLIK,"349,99 ₺"
DEL.COLGATE DIS MACUNU 75 ML BARBIE+FIRÇA,"149,99 ₺"
DEL.DIFAS DIS FIRCASI YUMUSAK SOFT BLACK,"49,99 ₺"
DEL.DOVE 500 ML SIVI SABUN FRESH TOUCH X,"224,99 ₺"
DEL.DOVE 500 ML SIVI SABUN ORIJINAL,"224,99 ₺"
DEL.DOVE DEO 150 ML EVENTONE WOMEN,"249,99 ₺"
DEL.DOVE SAMPUAN 600 ML YOGUN ONARICI,"179,99 ₺"
DEL.EST DOGAL DIS MACUNU 60 ML KARADUT OZLU,"159,99 ₺"
DEL.EST DOGAL DIS MACUNU 75 ML KARANFIL OZLU,"179,99 ₺"
DEL.EST GUL SUYU 350 ML,"129,99 ₺"
DEL.NEUTROGENA 200ML BESLEYICI BAKIM KREMI,"149,99 ₺"
DEL.OLD SPICE  DEO 150 ML MEN BEARGLOVE,"199,99 ₺"
DEL.OLD SPICE  DEO 150 ML MEN SLUGGER,"99,99 ₺"
DEL.OLD SPICE  DEO 150 ML MEN WOLFTHORN,"199,99 ₺"
DEL.OLD SPICE  STICK 50 ML MEN  SLUGGER,"199,99 ₺"
DEL.OLD SPICE  STICK 50 ML MEN WHITEWATER,"199,99 ₺"
DEL.ORAL B D100 YETISKIN SARJLI D.FIRCASI CROSS BE,"1.999,99 ₺"
DEL.PANTENE 600 ML SAMPUAN GUC PARLAK,"249,99 ₺"
DEL.PANTENE 600 ML SAMPUAN KLASIK BAKIM 2IN1,"249,99 ₺"
DEL.PERMATIK BANYO 10LU,"139,99 ₺"
DEL.REMOVE 24LU YUZ AGDA BANDI HASSAS CILTLER,"139,99 ₺"
DEL.REXONA STICK 50ML EXTRA COOL MEN,"239,99 ₺"
DEL.REXONA STICK 50ML MEN QUANTUM X,"239,99 ₺"
DEL.SECRET MILANO 100 ML BAYAN DERI PEMBE,"124,99 ₺"
DEL.SENSODYNE 30 M DIS IPI TOTAL CARE GENTLE TAPE,"89,99 ₺"
DEL.SIGNAL 75ML D.MACUNU BEYAZLATICI SYSTEM X,"149,99 ₺"
DEL.XTRACARE BURUN BANDI COCUK 5+YA? 12 LI,"14,99 ₺"
DERBY LADY 2 BICAKLI 5 LI POSET,"79,99 ₺"
DERBY SAMURAI 3 10'LU POSET,"239,99 ₺"
DERBY SAMURAI 3 PLATINUM BLISTER 3 LU,"139,99 ₺"
DERBY TEK BICAKLI 5'LI POSET,"79,99 ₺"
DERMOKIL AYAK MASKESI KIL&KENEVIR TOHUMU 35 ML,"79,99 ₺"
DIFAS DIS FIRCASI COCUK SWEET ANIMALS,"64,99 ₺"
DIFAS DIS FIRCASI COCUK Z TAKIMI,"79,99 ₺"
DIFAS DIS FIRCASI DOUBLE POWER 2 LI,"89,99 ₺"
DIFAS DIS FIRCASI PRO-CLINIC SLIM SOFT,"114,99 ₺"
DIFAS DIS FIRCASI PRO-CLINIC STIL BAMBOO,"114,99 ₺"
DIFAS DIS FIRCASI PRO-CLINIC STIL BAMBOO 2 LI,"169,99 ₺"
DIFAS DIS FIRCASI PRO-CLINIC ULTRA SOFT,"114,99 ₺"
DIFAS DIS FIRCASI SEYEHAT SETI,"89,99 ₺"
DIFAS DIS FIRCASI ULTRA CLEAN 3LU ORTA/SERT,"119,99 ₺"
DIFAS TARAK D-STYLE  BUYUK NEON 2021,"24,99 ₺"
DIFAS TARAK D-STYLE ZIGZAG NEON 2014,"24,99 ₺"
DOVE CREAM BAR  FRESH TOUCH 90GR,"54,99 ₺"
DOVE CREAM BAR ORGINAL 4LU,"199,99 ₺"
DOVE CREAM BAR ORGINAL 90 GR,"54,99 ₺"
DOVE CREAM BAR PINK 90GR,"54,99 ₺"
DP SAMPUAN 500 ML COREK OTU YAGI TUZSUZ,"119,99 ₺"
DP SAMPUAN 500 ML PAMUKSUTU,"119,99 ₺"
"DURU 1,5 LT SIVI SABUN AVOKADO","199,99 ₺"
"DURU 1,5 LT SIVI SABUN KIRAZ CICEGI","199,99 ₺"
"DURU 1,5 LT SIVI SABUN MANDALINA&GREYFURT","199,99 ₺"
"DURU 1,5 LT SIVI SABUN OKYANUS","199,99 ₺"
DURU 500 ML SIVI SABUN OKYANUS,"79,99 ₺"
DURU BEYAZ 600 GR GUL ( 4X150 GR),"139,99 ₺"
DURU BEYAZ 600 GR KLASIK (4X150 GR),"139,99 ₺"
DURU BEYAZ 600 GR LAVANTA (4X150 GR),"139,99 ₺"
DURU DUS JELI 450 ML CICEK TAZELIGI,"159,99 ₺"
DURU DUS JELI 450 ML D.TUZ&YOSUN,"159,99 ₺"
DURU DUS JELI 450 ML YASEMIN&AMBER,"159,99 ₺"
DURU FRESH DUS SABUNU MISKET LIMONU 4X150 GR,"154,99 ₺"
DURU FRESH DUS SABUNU OKYANUS ESINTI 4X150 GR,"154,99 ₺"
DURU GRANUL MATIK SABUN LAVANTA 1000 GR,"279,99 ₺"
DURU KOLONYASI 400 ML LIMON,"179,99 ₺"
DURU KOLONYASI 900 ML LIMON,"219,99 ₺"
DURU SAF VE DOGAL 4X70 GR ZEYTINYAGLI,"99,99 ₺"
EGOS JOLE 250ML ULTRA GUCLU TUTUS,"199,99 ₺"
ELIDOR 350 ML SAC KREMI ANINDA ONARICI,"169,99 ₺"
ELIDOR 350 ML SAC KREMI ESMER PARLAKLIK,"169,99 ₺"
ELIDOR 350 ML SAC KREMI GUCLU VE PARLAK,"169,99 ₺"
ELIDOR 350 ML SAC KREMI SAC DOKULMESINE KARSI,"169,99 ₺"
ELIDOR 350 ML SAC KREMI SAGLIKLI UZAYAN SAÇLAR,"169,99 ₺"
ELIDOR 7/24 ONARICI BAKIM 265 ML,"219,99 ₺"
ELIDOR SAMPUAN 400+200 SAC KREMI GUCLU PARLAK,"139,99 ₺"
ELIDOR SAMPUAN 400+200 SAC KREMI ONARICI BAKIM,"139,99 ₺"
EMOTION 50 ML ROLL ON NATURAL BLOOM,"189,99 ₺"
EMOTION 50 ML ROLL ON OCEAN FRESH,"189,99 ₺"
EMOTION 50 ML ROLL ON ROMANCE,"94,99 ₺"
EMOTION DEODORANT 150 ML AQUA KISS,"189,99 ₺"
EMOTION DEODORANT 150 ML DETOX FLORAL,"189,99 ₺"
EMOTION DEODORANT 150 ML DETOX FRESH,"94,99 ₺"
EMOTION DEODORANT 150 ML ROMANCE,"189,99 ₺"
EMOTION DEODORANT 150ML NATURAL BREEZE,"189,99 ₺"
EMOTION DEODORANT 150ML OCEAN FRESH,"189,99 ₺"
EMOTION DEODORANT 150ML VIOLET,"189,99 ₺"
EST 1500 ML DOGAL ZEYTINYAGLI  S.SABUN BODRUM MAND,"289,99 ₺"
EST 1500 ML DOGAL ZEYTINYAGLI  S.SABUN KIRAZ CI,"289,99 ₺"
EST 1500 ML DOGAL ZEYTINYAGLI  S.SABUN OKYANUS,"289,99 ₺"
EST 500 ML DOGAL ZEYTINYAGLI SIVI SABUN AYVALIK ZE,"149,99 ₺"
EST 500 ML DOGAL ZEYTINYAGLI SIVI SABUN BODRUM MAN,"149,99 ₺"
EST 500 ML DOGAL ZEYTINYAGLI SIVI SABUN JAPON KIRA,"149,99 ₺"
EST 500 ML DOGAL ZEYTINYAGLI SIVI SABUN OKYANUS,"149,99 ₺"
EST 500 ML FRAMBUAZLI SIRKE&SAC TONIK,"229,99 ₺"
EST 750 ML DOGAL SIVI SABUN ZEYTINYAGLI,"179,99 ₺"
EST DOGAL DIS MACUNU 90 ML BAMBU/KARBON,"199,99 ₺"
EST DOGAL DIS MACUNU 90 ML MISVAK OZLU,"179,99 ₺"
EST DOGAL EL VE VUCUT KREMI 50 ML ZEYTINYAGLI,"99,99 ₺"
EST DOGAL EL VE VUCUT LOSYONU 250 ML  ZEYTINYAGLI,"119,99 ₺"
EST DOGAL SAMPUAN 600 ML  ZEYTINYAGLI,"249,99 ₺"
EST KOLONYA 1 LT LIMON,"289,99 ₺"
EST KOLONYA 150 ML SPREY PET LIMON,"99,99 ₺"
EST KOLONYA 400 ML LIMON,"189,99 ₺"
FAX SABUN 600GR KLASIK,"89,99 ₺"
FE TIRNAK MAKASI,"99,99 ₺"
FE TIRNAK TORPUSU ORTA BOY,"89,99 ₺"
GARNIER NEM BOMB.KAGIT MASKE KOMURLU YOSUN,"99,99 ₺"
GARNIER NEM BOMBASI KAGIT MASKE MAVI,"99,99 ₺"
GARNIER NEM BOMBASI KAGIT MASKE PEMBE,"99,99 ₺"
GILLETTE 200ML TRAS JELI NORMAL,"139,99 ₺"
GILLETTE BLUE II PLUS 5+2 POSET,"139,99 ₺"
GILLETTE BLUE II REGULAR 5 LI POSET,"124,99 ₺"
GILLETTE MACH3 BICAK 2 LI,"244,99 ₺"
GILLETTE MACH3 BICAK 4 LU,"384,99 ₺"
GILLETTE MACH3 MAKINE + 2 YEDEK BICAK,"299,99 ₺"
GILLETTE VENUS 2 4'LU POSET,"69,99 ₺"
GILLETTE VENUS BREEZE MAKINA UP,"454,99 ₺"
GILLETTE VENUS RIVIERA 3 BICAKLI 2LI POSET,"229,99 ₺"
GILLETTE VENUS SIMPLY 3 BICAKLI 4LU POSET,"159,99 ₺"
GLISS 360ML SAC KREMI INTENSE THERAPY,"199,99 ₺"
GLISS 360ML SAC KREMI MILLION GLOSS,"199,99 ₺"
GLISS 360ML SAC KREMI SUPREME LENGTH,"199,99 ₺"
GLISS 500 ML SAMP. BIO-TECH,"179,99 ₺"
GLISS 500 ML SAMP.FIBER  THERAPY,"179,99 ₺"
GLISS 500ML SAMP.SUPREME LENGTH,"179,99 ₺"
H&S 350 ML SAMPUAN 2IN1 KLASIK,"179,99 ₺"
H&S 350 ML SAMPUAN 2IN1 LIMON,"179,99 ₺"
H&S 350 ML SAMPUAN EXTRA VOLUME,"179,99 ₺"
H&S 350 ML SAMPUAN MENTOL,"179,99 ₺"
H&S 350 ML SAMPUAN SA DOKULME KARSITI KADIN,"179,99 ₺"
H&S 350 ML SAMPUAN SAC DOKULME KARSITI ERKEK,"179,99 ₺"
H.SAKIR 4X70GR GUZELLIK SABUNU ELEGAN,"129,99 ₺"
H.SAKIR 4X70GR GUZELLIK SABUNU KLASIK,"129,99 ₺"
H.SAKIR 600GR BANYO SABUNU BEYAZ.,"119,99 ₺"
H.SAKIR 600GR BANYO SABUNU LAVANTA,"119,99 ₺"
HOBBY 1500 ML SIVI SABUN BAHAR CICEGI,"79,99 ₺"
HOBBY 250ML SAC SPREYI EXSTA HACIM,"169,99 ₺"
HOBBY 3000 ML SIVI SABUN NILUFER,"129,99 ₺"
HOBBY 600ML SAMP. GUL OZLU,"69,99 ₺"
HOBBY 600ML SAMP. KEPEK BADEM YASEMIN,"69,99 ₺"
HOBBY 600ML SAMP.ARGAN PAPATYA,"69,99 ₺"
HOBBY DUS JELI 500ML BOGURTLEN&A.DUDU,"79,99 ₺"
HOBBY DUS JELI 500ML CILEK,"79,99 ₺"
HOBBY DUS JELI 500ML VANILYA,"79,99 ₺"
"KIMI 3,6 LT SIVI SABUN GUL BAHCESI","69,99 ₺"
"KIMI 3,6 LT SIVI SABUN OKYANUS","69,99 ₺"
KOLESTON KIT 3/0 KOYU KAHVE,"424,99 ₺"
KOLESTON KIT 8/0 ACIK KUMRAL,"424,99 ₺"
KOLESTON NATURALS 2/0 SIYAH,"199,99 ₺"
KOLESTON NATURALS 6/0  KOYU KUMRAL,"199,99 ₺"
KOLESTON NATURALS 6/7 CIKOLATA KAHVE,"199,99 ₺"
KOLESTON NATURALS 7/3 KARAMEL KUMRAL,"199,99 ₺"
KOLESTON NATURALS MAXI 8/0 ACIK KUMRAL,"199,99 ₺"
LISTERINE 500ML COLL MINT,"319,99 ₺"
MISS IP DIS IPLI KURDAN 50 LI,"69,99 ₺"
NEUTROGENA 200ML YOGUN BAKIM KREMI,"149,99 ₺"
NIVEA DEO ERKEK 150 ML DEEP,"219,99 ₺"
NIVEA DEO ERKEK 150 ML DEEP AMOZONIA,"219,99 ₺"
NIVEA DEO ERKEK 150 ML INV B&W POWER,"219,99 ₺"
NIVEA DEO KADIN 150 ML INV B&W CLEAR,"219,99 ₺"
NIVEA DEO KADIN 150 ML MOR DUSLER,"219,99 ₺"
NIVEA KREM SOFT KAVANOZ 100 ML,"129,99 ₺"
NIVEA ROLL-ON ERKEK 50 ML FRESH,"219,99 ₺"
NIVEA ROLL-ON ERKEK 50 ML INV B&W POWER,"219,99 ₺"
NIVEA ROLL-ON KADIN 50 ML FRESH,"219,99 ₺"
NIVEA ROLL-ON KADIN 50 ML FRESH CHERY,"219,99 ₺"
NIVEA ROLL-ON KADIN 50 ML INV B&W CLEAR,"219,99 ₺"
NIVEA ROLL-ON KADIN 50 ML INV B&W PURE,"219,99 ₺"
NIVEA STICK ERKEK 50 ML FRESH,"249,99 ₺"
NIVEA STICK ERKEK 50 ML INV B&W FRESH,"249,99 ₺"
NIVEA STICK ERKEK 50 ML INV B&W ORGINAL,"249,99 ₺"
NIVEA STICK ERKEK 50 ML SILVER PROTECT,"249,99 ₺"
NIVEA STICK KADIN 50 ML FRESH,"249,99 ₺"
NIVEA STICK KADIN 50 ML INV B&W CLEAR,"249,99 ₺"
NIVEA STICK KADIN 50 ML INV B&W SILK,"249,99 ₺"
NIVEA STICK KADIN 50 ML PEARL BEAUTY,"249,99 ₺"
NIVEA YUZ TEMIZLEME KOPUGU 150 ML K/H,"179,99 ₺"
NIVEA YUZ TEMIZLEME KOPUGU N/K 150ML,"179,99 ₺"
OKEY HISSET 10LU,"249,99 ₺"
OKEY KLASIK 10LU,"199,99 ₺"
OKEY NIRVANA 10 LU,"349,99 ₺"
OKEY ROTAR 10LU,"249,99 ₺"
ORAL-B DIS FIRCASI SIMPLE SENSITIVE 35 SOFT,"99,99 ₺"
ORAL-B PROF DIS MACUNU HASS. ORIGINAL 50ML,"109,99 ₺"
PALETTE NATURAL COLORS 10-0 ACIK PAPATYA,"169,99 ₺"
PALETTE NATURAL COLORS 4-0 AMBER KAHVE,"169,99 ₺"
PALETTE NATURAL COLORS 8-77 TARCIN BAKIR,"169,99 ₺"
PALETTE SAC BOYASI 1/0 SIYAH,"369,99 ₺"
PALETTE SAC BOYASI 10/2 PLATIN SARISI,"369,99 ₺"
PALETTE SAC BOYASI 3/65 CIKOLATA KAHVE.,"369,99 ₺"
PALETTE SAC BOYASI 5/60 SICAK CIKOLATA.,"369,99 ₺"
PALETTE SAC BOYASI 5/889 SARAP KIZILI.,"369,99 ₺"
PALETTE SAC BOYASI 6/0 KOYU KUMRAL,"369,99 ₺"
PALETTE SAC BOYASI 7/1 KULLU KUMRAL.,"369,99 ₺"
PALETTE SAC BOYASI 7/77 YOGUN BAKIR,"369,99 ₺"
PALETTE SAC BOYASI 8/01 KULLU ACIK KUMRAL,"369,99 ₺"
PALMOLIVE 500 ML DUS JELI SO RELAXED,"149,99 ₺"
PALMOLIVE DUS JELI 500 ML FIRMING,"149,99 ₺"
PANTENE 275 ML S.KREMI KLASIK BAKIM,"169,99 ₺"
PANTENE 275 ML S.KREMI ONARICI BAKIM,"169,99 ₺"
PANTENE 275 ML S.KREMI SAC DOKULMELERINE KARSI,"169,99 ₺"
PANTENE 600 ML SAMPUAN ONARICI BAKIM,"249,99 ₺"
PARODONTAX 50 ML D.MACUNU TAM KOR.FERAHLIK,"129,99 ₺"
PERMATIK 10 LU POSET,"139,99 ₺"
PERMATIK BANYO 5 LI POSET,"74,99 ₺"
PERMATIK POSET 5 LI,"74,99 ₺"
REMOVE 24'LU SIR AGDA BANTLARI HASSAS CILTLER,"149,99 ₺"
REMOVE 2LI TUY DOKUCU KREM HASSAS,"299,99 ₺"
REMOVE 2LI TUY DOKUCU KREM NORMAL,"299,99 ₺"
REMOVE MEN 100 ML TUY DOKUCU KREM CLASSIC,"199,99 ₺"
REMOVE ROLLON SIR AGDA 100ML INATCI-SIK,"149,99 ₺"
REMOVE ROLLON SIR AGDA 100ML NORMAL TUY,"149,99 ₺"
REMOVE SIR AGDA BANT 52LI NORMAL TUY,"199,99 ₺"
REXONA DEO MEN 150ML CHARCOAL,"199,99 ₺"
REXONA DEO MEN 150ML EXTRA COOL,"199,99 ₺"
REXONA DEO MEN 150ML INVISIBLE BLACK&WHITE,"199,99 ₺"
REXONA DEO MEN 150ML INVISIBLE ICE FRESH,"199,99 ₺"
REXONA DEO WOMEN 150 ML INVISIBLE FRESH,"199,99 ₺"
REXONA DEO WOMEN 150ML ALOE VERA&BAMBU,"107,99 ₺"
REXONA DEO WOMEN 150ML COTTON DRY,"199,99 ₺"
REXONA DEO WOMEN 150ML INVISIBLE BLACK&WHITE,"199,99 ₺"
REXONA DEO WOMEN 150ML SHOWER FRESH,"199,99 ₺"
REXONA ROLL ON MEN 50ML EXTRA COOL,"199,99 ₺"
REXONA ROLL ON MEN 50ML INVISIBLE BLACK&WHITE,"199,99 ₺"
REXONA ROLL ON WOMEN 50ML COTTON,"199,99 ₺"
REXONA ROLL ON WOMEN 50ML SHOWER FRESH,"199,99 ₺"
REXONA STICK WOMEN 40ML COTTON DRY,"239,99 ₺"
REXONA STICK WOMEN 40ML INVISIBLE BLACK&WHITE,"239,99 ₺"
SECRET MILANO 100 ML BAYAN PARFUM GOLD,"169,99 ₺"
SECRET MILANO 100 ML BAYAN PARFUM LILA,"169,99 ₺"
SECRET MILANO 100 ML BAYAN PARFUM SANDAL,"169,99 ₺"
SECRET MILANO 100 ML ERKEK PARFUM BLACK,"169,99 ₺"
SECRET MILANO 100 ML ERKEK PARFUM BLUE,"169,99 ₺"
SECRET MILANO BAMBU ODA KOKUSU ISTANBUL 100 ML,"149,99 ₺"
SECRET MILANO BAMBU ODA KOKUSU MANGO 100 ML,"149,99 ₺"
SELIN KOLONYA 150ML SPREY LIMON,"49,99 ₺"
SELIN KOLONYA 900 ML LIMON,"199,99 ₺"
SELIN KOLONYA PET 200 ML,"119,99 ₺"
SELIN KOLONYA PET 400ML,"149,99 ₺"
SENSODYNE 100 ML D.MACUNU FLORUR,"199,99 ₺"
SENSODYNE 100 ML D.MACUNU NANE,"199,99 ₺"
SENSODYNE 75 ML D.MACUNU BEYAZLATICI.,"189,99 ₺"
SENSODYNE 75 ML D.MACUNU ONARIM VE KORUMA BEYAZLAT,"379,99 ₺"
SENSODYNE 75 ML D.MACUNU TAM KOR.+FIRCA HED(ıNOUT),"199,99 ₺"
SENSODYNE 75 ML D.MACUNU TAM KORUMA BEYAZLATICI,"269,99 ₺"
SENSODYNE 75ML D.MACUNU DERIN TEMIZLIK,"99,99 ₺"
SENSODYNE 75ML D.MACUNU HASSIYET& DIS ETI BEYAZLAT,"339,99 ₺"
SENSODYNE 75ML D.MACUNU HIZLI RAHATLAMA BEYAZ.,"329,99 ₺"
SENSODYNE DIS FIRCASI COK YONLU KORUMA 1+1,"279,99 ₺"
SENSODYNE DIS FIRCASI HIZLI RAHATLAMA 1+1,"279,99 ₺"
SENSODYNE DIS FIRCASI TAM KORUMA SOFT,"209,99 ₺"
SESU 100ML ROLL-ON SIR AGDA HASSAS CILT,"179,99 ₺"
SESU 100ML ROLL-ON SIR AGDA NORMAL SARI,"179,99 ₺"
SESU 250 GR EL AGDA YESIL,"129,99 ₺"
SIGNAL 100ML D.MACUNU.KARSI NANE FERAHLIGI,"49,99 ₺"
SIGNAL 120 ML D.MACUNU  UCLU KORUMA,"99,99 ₺"
SIGNAL 50 ML D.MACUNU UCLU KORUMA,"54,99 ₺"
SIGNAL 75 ML D.MACUNU WHITE NOW ANINDA BEYAZLIK,"219,99 ₺"
SIGNAL 75 ML DIS MACUNU SYSTEM BEYAZLATICI,"114,99 ₺"
SIGNAL D.FIRCASI 1+1 NAZIK DIS ETI BAKIMI,"169,99 ₺"
SIGNAL D.FIRCASI 1+1 PERFORMANCE BLACK,"199,99 ₺"
SIGNAL D.FIRCASI 2+1 PERFORMANCE,"199,99 ₺"
TAFT 250ML SAC SPREYI KERATIN,"279,99 ₺"
VEET AGDA BANDI NORMAL 12+8'LI,"299,99 ₺"
VEET MEN IN-SHOWER DUSTA 150 ML,"499,99 ₺"
VEET MEN KREM 200 ML HASSA CILT,"499,99 ₺"
VEET MEN KREM 200 ML KURU CILT,"499,99 ₺"
VEET PROFESSIONAL YUZ AGDA BANDI 20LI NORMAL,"179,99 ₺"
VEET TUY DOKUCU KREM 200ML HASSAS,"379,99 ₺"
VEET TUY DOKUCU KREM 200ML NORMAL,"379,99 ₺"
ACTIVIA 4*100 GR ANANAS,"99,99 ₺"
ACTIVIA 4*100 GR INCIRLI-TAHILLI VE CEVIZ.Y,"99,99 ₺"
ACTIVIA 4*100 GR KURU KAYISI,"99,99 ₺"
ACTIVIA 4*100 GR ORMAN MEYVELI,"99,99 ₺"
ACTIVIA 4*100 GR SADE,"99,99 ₺"
ACTIVIA SHOT VIT.K.MURVER&Y.MERSINI 80 ML,"34,99 ₺"
ACTIVIA SHOT VIT.NAR&CILEK 80 ML,"34,99 ₺"
ACTIVIA YOGURT PROBIYOTIKLI VE TAHIL GEVREKLI 183G,"62,99 ₺"
ALPRO BADEM SUTU 1 LT,"249,99 ₺"
ALTINKILIC KEFIR 1000 GR,"104,99 ₺"
ALTINKILIC KEFIR 250 ML,"49,99 ₺"
ALTINKILIC KEFIRIX 250 ML YABAN MERSINI,"49,99 ₺"
ALTINKILIC KEFIRIX BALLI & MUZLU 250 ML,"49,99 ₺"
ALTINKILIC KEFIRIX MEYVELI 250 ML CILEKLI,"49,99 ₺"
ALTINKILIC KLASIK BEYAZ PEYNIR KG,"449,99 ₺"
ALTINKILIC KLS.INEK 500GR PEYNIR,"299,99 ₺"
ALTINKILIC TRAKYA ESKI KASAR KG,"469,99 ₺"
ASPILIC BATON SUCUK 400GR,"99,99 ₺"
ASPILIC KOKTEYL SOSIS 500GR,"99,99 ₺"
ASPILIC SALAM 700GR,"99,99 ₺"
AYDOGMUS KURU SELE ZEYTIN KG,"299,99 ₺"
BAGBASI ZILE PEKMEZI (CEVIZLI) 150GR,"109,99 ₺"
BAGBASI ZILE PEKMEZI (SADE) 150GR,"109,99 ₺"
BAHCIVAN PEYNIR 600 GR TOST,"249,99 ₺"
BAHCIVAN TOST PEYNIR 350 GR DILIMLI,"169,99 ₺"
BALPARMAK CICEK BALI 225 GR,"239,99 ₺"
BALPARMAK CICEK BALI CITKAPAK 600 GR,"499,99 ₺"
BALPARMAK YAYLA OVA BALI 460 GR,"379,99 ₺"
BECEL KASE 250 GR,"75,99 ₺"
BECEL KASE 500GR,"145,99 ₺"
BECEL TEREYAG KEYFI KASE 250 GR,"74,99 ₺"
BECEL ZEYTINYAGLI KASE 250GR,"87,99 ₺"
BESLER DANA SOSIS 220 GR,"199,99 ₺"
BESLER H.DİLİMLİ . PLÇ. SUCUK 260 GR,"109,99 ₺"
BESLER PILIC SOSIS 220 GR,"59,99 ₺"
BIZIM MARGARIN 250 GR 6 LI,"199,99 ₺"
BIZIM MARGARIN 250 GR PAKET,"51,50 ₺"
CANPETEK BAL 1000 GR,"299,99 ₺"
CANPETEK TABAKLI BAL 400 GR,"249,99 ₺"
CEMALIM LOKUMLU KLASIK PEYNIR KG,"299,99 ₺"
COŞKUN PARMAK SUCUK KG(I.İ),"1.199,99 ₺"
CUMHURIYET 180 GR VAKUMLU KANGAL SUCUK,"379,99 ₺"
DAGLI YARIM YAGLI ERTIME PEYNIR KG,"299,99 ₺"
DANET 100 GR KAVURMA,"229,99 ₺"
DANET 200 GR FERMENTE SUCUK,"249,99 ₺"
DANET 300 GR FERMENTE SUCUK KUVET,"349,99 ₺"
DANET 50 GR MACAR SALAM,"49,99 ₺"
DANET 60 GR HINDI FUME,"39,99 ₺"
DANET 60 GR HINDI SALAM,"26,99 ₺"
DANET 70 GR FUME KABURGA,"119,99 ₺"
DANET 70 GR PASTIRMA,"279,99 ₺"
DANET FERMENTE SUCUK KG,"1.199,99 ₺"
DANINO 6*40  GR  CILEKLI,"69,99 ₺"
DANINO 6*40 GR BISKUVILI,"69,99 ₺"
DANINO 6*40 GR MUZLU,"69,99 ₺"
DANINO 6*40 GR ORMAN MEYVELI,"69,99 ₺"
DANONE 180 ML 6 LI  AROMALI SUT  KAKAOLU,"99,99 ₺"
DANONE 180 ML DISNEY AROMALI SUT CILEK,"24,99 ₺"
DANONE 180 ML DISNEY AROMALI SUT MUZ,"24,99 ₺"
DANONE 2X90 GR DANY ORMAN MEYVE,"59,99 ₺"
DANONE 67 GR DISNEY HUPPER YOG. MUZLU,"35,00 ₺"
DANONE 70 GR DISNEY HUPPER CIKOLATALI,"35,00 ₺"
DANONE KREMA 200 ML BTKS.,"23,99 ₺"
DANONE SUT 6X180ML UHT DOGAL,"99,99 ₺"
DANONE SUT LAKTOZSUZ 1 LT,"49,99 ₺"
DANONE YOGURT 400GR CILEK,"89,99 ₺"
DANONE YOGURT ORMAN MEYVELI  400 GR,"89,99 ₺"
DEL KOSKA PEKMEZ 700 GR UZUM BIDON,"269,99 ₺"
DEL NUTELLA 1000 GR,"334,99 ₺"
DEL PAKKÖY GEZEN TAVUK YUMURTASI 30 LU,"109,99 ₺"
DEL SARELLE 350 GR FINDIK EZMESI BITTER,"199,99 ₺"
DEL SEYIDOGLU HELVA BLOK FISTIKLI KG,"449,99 ₺"
DEL SEYIDOGLU RECEL 380 GR KAYISI,"109,99 ₺"
DEL SEYIDOGLU RECEL 380 GR KURU INCIR,"109,99 ₺"
DEL TAMEK RECEL 380 GR AHUDUDU,"119,99 ₺"
DEL TAMEK RECEL 380 GR CILEK,"109,99 ₺"
DEL TAMEK RECEL 380 GR PORTAKAL,"109,99 ₺"
DEL TAMEK RECEL 380 GR VISNE,"149,99 ₺"
DEL TEKSUT TAZE KASAR PEYNIRI 600 GR,"269,99 ₺"
DEL.ATESOGLU AYRAN NATUREL SISE 1500 ML,"71,99 ₺"
DEL.ATESOGLU YOGURT 2000 GR Y.YAGLI NATUREL,"99,99 ₺"
DEL.AYNES BEYAZ PEYNYR 900 GR,"119,99 ₺"
DEL.GURSOY SUTLU FINDIK KREMA 400 GR %40,"259,99 ₺"
DEL.KOSKA TAHIN 550 GR BIDON,"199,99 ₺"
DEL.SEPETCIOGLU 180 GR CEKME HELVA SADE,"79,99 ₺"
DEL.SEPETCIOGLU 40 GR A.FISTIKLI CEKME HELVA,"34,99 ₺"
DEL.SEPETCIOGLU 40 GR CIK.KAPLI CEKME HELVA,"17,99 ₺"
DEL.SEYIDOGLU 1000 GR RECEL CILEK,"149,99 ₺"
DEL.SEYIDOGLU RECEL 1000 GR INCIR,"149,99 ₺"
DEL.SEYIDOGLU RECEL 380 GR AHUDUDU,"119,99 ₺"
DEL.SUTAS SUT GUNLUK CAM PAST.1 LT,"79,50 ₺"
DEL.SUTAS SUZME PEYNIR 900 GR,"259,99 ₺"
DEL.TORKU KREM PEYNIR 180 GR,"79,99 ₺"
DIMES MILKSHAKE 310 ML CILEKLI BEYAZ CIKOLATALI,"49,99 ₺"
DIMES MILKSHAKE 310 ML MUZLU S. VE CIK.KURABI,"49,99 ₺"
DR.OETKER SADE IRMIK HELVASI 400 GR,"74,50 ₺"
EKER KAYMAK (200GR),"134,99 ₺"
EKER KEFIR 200 ML ANANAS,"34,99 ₺"
EKER KEFIR 290 ML HAVUC ZERDECAL MANDALINA 290ML,"44,99 ₺"
EKER KEFIR 290ML PANCARLI LIMONLU ZENCEFIL,"44,99 ₺"
EKICI KASAR PEYNIRI 600 GR,"299,99 ₺"
ETI LIFALIF 250 GR INCE OGUTULMUS KIRMIZI MEYVELI,"147,50 ₺"
ETI LIFALIF 350 GR MEYV.FINDIKLI MUSLI,"116,00 ₺"
ETI LIFALIF 350 GR YULAF EZMESI INCE ÖGUTULMUŞ,"74,95 ₺"
ETI LIFALIF YULAF EZMESI 500 GR,"79,99 ₺"
FISKOBIRLIK FINDIK EZMESI 300 GR,"249,99 ₺"
FISKOKREM SUTLU KREMA 400 GR,"119,99 ₺"
GURSOY FINDIK EZMESI 320 GR %70FINDIK,"239,99 ₺"
GURSOY KAKAO FINDIK KREMA 700 GR,"239,99 ₺"
GURSOY KAKAOLU FINDIK KREMASI 400GR %15 FINDIK,"139,99 ₺"
GURSUT TOST PEYNIRI 1000 GR,"349,99 ₺"
HALK MARGARİN 250 GR 6 LI,"169,99 ₺"
HALK PAKET MARGARIN 250GR,"38,99 ₺"
ICIM  PRESIDENT 100 GR UCGEN CHEDDAR,"54,99 ₺"
ICIM AYRAN 1500 ML,"72,99 ₺"
ICIM AYRAN 200 ML,"11,99 ₺"
ICIM AYRAN 285 ML,"18,49 ₺"
ICIM BEYAZ PEYNIR 900 GR,"269,99 ₺"
ICIM KEFIR 1000 ML CILEK,"99,99 ₺"
ICIM KEFIR 260 GR ORMAN MEYVELI,"39,99 ₺"
ICIM KEFIR 260 ML ARONYA KARADUT,"39,99 ₺"
ICIM KREM PEYNIR 180 GR,"64,99 ₺"
ICIM KREM PEYNIR 300 GR,"99,99 ₺"
ICIM KREMA %18 YAGLI 200 ML,"59,99 ₺"
ICIM KREMA %35 YAGLI 200 ML,"69,99 ₺"
ICIM LABNE 200 GR,"64,99 ₺"
ICIM LABNE 3X180 GR,"179,99 ₺"
ICIM LABNE 400 GR,"119,99 ₺"
ICIM PRESIDENT KREM CHEDDARLI 270 GR,"134,99 ₺"
ICIM RULO KAYMAK 150 GR,"114,99 ₺"
ICIM SUT AROMALI CIK.6*180 ML,"99,99 ₺"
ICIM SUT AROMALI CILEK 180 ML,"17,99 ₺"
ICIM SUT AROMALI MUZ 180 ML,"17,99 ₺"
ICIM SUT DEVAM 1000 ML,"79,99 ₺"
ICIM SUT LAKTOZSUZ 1000 ML UHT,"69,99 ₺"
ICIM SUT LAKTOZSUZ 200 ML,"23,99 ₺"
ICIM SUT LAKTOZSUZ 500 ML,"46,99 ₺"
ICIM SUT LIGHT 1000 ML,"67,99 ₺"
ICIM SUT T.YAGLI UHT 1000 ML,"67,99 ₺"
ICIM SUT UHT 200 ML,"21,99 ₺"
ICIM SUT Y.YAGLI 1000 ML,"58,99 ₺"
ICIM SUZME BEYAZ PEYNIR 250 GR,"79,99 ₺"
ICIM SUZME BEYAZ PEYNIR 500 GR,"139,99 ₺"
ICIM SUZME PEYNIR 900 GR,"249,99 ₺"
ICIM SUZME YOGURT 900 GR,"179,99 ₺"
ICIM TAZE KASAR PEYNIRI 400 GR,"229,99 ₺"
ICIM TAZE KASAR PEYNIRI 600 GR,"289,99 ₺"
ICIM TEREYAG 200 GR,"149,99 ₺"
ICIM TEREYAG 750 GR,"499,99 ₺"
ICIM TOST PEYNIRI 600 GR,"269,99 ₺"
ICIM UCGEN ERITME PEYNIRI 100 GR,"47,99 ₺"
ICIM UCGEN PEYNIR 24'LU 300 GR,"129,99 ₺"
ICIM YOGURT 1000 GR DOGAL,"89,99 ₺"
ICIM YOGURT 1200 GR DOGAL,"99,99 ₺"
ICIM YOGURT 2000 GR DOGAL KAYMAKSIZ,"159,99 ₺"
ICIM YOGURT 3 KG YARIM YAGLI,"189,99 ₺"
ICIM YOGURT 500 GR DOGAL,"49,99 ₺"
ISTIRANCA GEZEN TAVUK YUMURTASI 15'LI,"139,99 ₺"
KAANLAR  ZEYTIN 450 GR SIYAH,"99,99 ₺"
KARLIDAG TEREYAG 400 GR TUZLU,"325,99 ₺"
KARPER 6 LI 108 GR SADE,"65,99 ₺"
KARPER SADE 8 LI 100 GR,"49,99 ₺"
KEBIR GURME TEREYAGI 400 GR,"349,99 ₺"
KEBIR GURME TEREYAGI 400 GR TUZLU,"349,99 ₺"
KEBIR GURME TEREYAGI 750 GR,"649,99 ₺"
KEBIR KUYMAK PEYNIRI 500 GR,"289,99 ₺"
KEBIR YOGURT 1KG KOY TIPI,"89,99 ₺"
KEBIR YOGURT 2KG KOY TIPI,"169,99 ₺"
KELLOGS  60 GR GRANOLA KARISIK MEYVE,"49,90 ₺"
KELLOGS 60 GR GRANOLA BEYAZ CIK.FISTIK,"49,90 ₺"
KELLOGS 60 GR GRANOLA CIKOLATA FINDIK,"49,90 ₺"
KELLOGS COCO POPS 450 GR,"144,99 ₺"
KELLOGS K FLAKES 400 GR ÇİKOLATALI,"175,00 ₺"
KELLOGS K FLAKES 400 GR KIRMIZI MEYVELİ,"175,00 ₺"
KIRI LABNE 150GRX3'LU,"199,99 ₺"
KOSKA HELVA 200 GR FISTIKLI,"159,99 ₺"
KOSKA HELVA 200 GR KAKAOLU,"79,99 ₺"
KOSKA HELVA 200 GR SADE,"79,99 ₺"
KOSKA HELVA 500 GR KAKAOLU,"159,99 ₺"
KOSKA HELVA 500 GR SADE,"159,99 ₺"
KOSKA PEKMEZ 380 GR KECI BOYNUZU,"99,99 ₺"
KOSKA PEKMEZ 380 GR UZUM,"179,99 ₺"
KOSKA RECEL 380 GR CILEK,"109,99 ₺"
KOSKA TAHIN 300 GR CAM,"134,99 ₺"
KOSKA TAHIN PEKMEZ 350 GR CAM,"149,99 ₺"
KUMBASAR 10 LU YUMURTA M BOY (53-62 GR),"74,99 ₺"
KUMBASAR 15 Lİ YUMURTA L BOY (63-72 GR),"99,99 ₺"
KUMBASAR 30 LU YUMURTA M BOY (53-62 GR),"129,99 ₺"
KUMBASAR 6 LI YUMURTA M BOY (53-62 GR),"44,99 ₺"
LA VACHE QUI RIT  270 GR KREM PEYNIR,"135,99 ₺"
LA VACHE QUI RIT 140 GR KREM PEYNIR,"79,99 ₺"
LA VACHE QUI RIT 200 GR 16 P,"135,99 ₺"
LA VACHE QUI RIT 200 GR DILIM PEY. CHEDDAR,"169,99 ₺"
LA VACHE QUI RIT 8 LI 100 GR,"69,99 ₺"
M.BIRLIK GOLD 800GR 261-290 KB TNK,"319,99 ₺"
M.BIRLIK HUSUSI AZT. 400 GR TNK,"139,99 ₺"
M.BIRLIK HUSUSI AZT. 800 GR TNK,"249,99 ₺"
M.BIRLIK KURU SELE 400 GR,"139,99 ₺"
M.BIRLIK YESIL KOKTEYL 400 GR,"159,99 ₺"
M.BIRLIK ZEYTIN EZMESI 175 GR,"59,99 ₺"
M.BIRLIK ZEYTIN EZMESI 340 GR CAM BAHARATLI,"114,99 ₺"
M.BIRLIK ZEYTIN EZMESI 340GR,"109,99 ₺"
MARET  PRATİK SERİ HİNDİ SALAM 60 GR,"26,99 ₺"
MARET AFİYETLE DANA SUCUK 200 GR,"219,99 ₺"
MARET HİNDİ FÜME 60 GR,"39,99 ₺"
MARET LEZZETİNCE HINDI FÜME 110GR,"94,99 ₺"
MARET PRATIK MACAR SALAM 50 GR,"49,99 ₺"
MARET YORE PILIC SUCUK VAKUMLU 225 GR,"84,99 ₺"
MURATBEY BURGU 200 GR,"189,99 ₺"
MURATBEY LOR PEYNIRI 500GR,"89,99 ₺"
MURATBEY MISTO PEYNIR 200 GR,"189,99 ₺"
MURATBEY SURMELI PEYNIR 700 GR,"299,99 ₺"
MURATBEY TAZE KASAR 300 GR,"229,99 ₺"
MURATBEY TAZE KASAR 500 GR,"359,99 ₺"
MURATBEY TEL PEYNIRI 200GR,"179,99 ₺"
MURATBEY TOPI PEYNIR 200 GR,"189,99 ₺"
NAMET 7/24 HİNDİ FÜME 60 GR,"29,99 ₺"
NAMET 7/24 HİNDİ SALAM 60 GR,"29,99 ₺"
NAMET 7/24 MACAR SALAM 50 GR,"52,99 ₺"
NAMET DANA SUCUK ISIL İŞLEM 200 GR,"209,99 ₺"
NAMET PİLİÇ FÜME 150 GR,"74,99 ₺"
NESTLE CORN FLAKES 200 GR,"105,99 ₺"
NESTLE NESFIT BALLI BADEMLI 400 GR,"237,99 ₺"
NESTLE NESFIT CIKOLATALI 400 GR,"237,99 ₺"
NESTLE NESFIT KARISIK MEY.400 GR,"237,99 ₺"
NESTLE NESGUIK CILEK GEVREK 310 GR,"174,99 ₺"
NESTLE NESGUIK ÇOKOKARE 310 GR,"144,99 ₺"
NESTLE NESGUIK GEVREK 450 GR,"194,99 ₺"
NESTLE NESQUIK DUO 310 GR,"174,99 ₺"
NESTLE NESQUIK HARFLER GEVREK 310 GR,"174,99 ₺"
NESTLE NESQUIK SUT 6LI KAKAOLU 180 ML,"139,99 ₺"
NUGA FINDIK KREMASI 350 GR,"169,99 ₺"
NUTELLA 400 GR,"159,99 ₺"
NUTELLA 750 GR,"274,99 ₺"
OLEA FAMILYA IZGARA ZEYTIN 440 GR,"199,99 ₺"
OLEA S. ZEYTIN YAGLI 150 GR,"72,99 ₺"
OLEA S.ZEYTIN 330-360 PET 1 KG,"269,99 ₺"
OLEA Y. ZEYTIN 150GR BIBERLI,"104,99 ₺"
OLEA Y.ZEYTIN 150 G CIZIK,"47,99 ₺"
OLEA Y.ZEYTIN 150 G SOSLU BIBERLI,"69,99 ₺"
PINAR  HİNDİ MANGAL SUCUK 300 GR,"219,99 ₺"
PINAR 50 GR AÇ BİTİR HİNDİ SALAM FISTIKLI,"39,99 ₺"
PINAR 60 GR  AC BITIR MACAR SALAM XL,"69,99 ₺"
PINAR 60 GR AC BITIR HINDI SALAM XL,"37,99 ₺"
PINAR 60 GR AC BITIR MACAR SALAM,"64,99 ₺"
PINAR 75 GR AÇ BİTİR HİNDİ SALAM,"34,99 ₺"
PINAR AÇ BİTİR SOSİS 180 GR,"79,99 ₺"
PINAR BEYAZ 180 GR,"99,99 ₺"
PINAR DOYUM BUFE SALAM 700 GR,"179,99 ₺"
PINAR DOYUM SALAM 225 GR,"84,99 ₺"
PINAR KLASİK SUCUK 225 GR,"379,99 ₺"
PINAR LABNE 180GR,"87,99 ₺"
PINAR LABNE 3X180 GR,"249,99 ₺"
PINAR LABNE 400 GR,"144,99 ₺"
PINAR SUT COCUK SUTU 200 ML,"31,99 ₺"
PINAR SUT COCUK SUTU 500 ML,"54,99 ₺"
PINAR SUT DENGE LAKTOZSUZ 1 LT,"74,99 ₺"
PINAR SUT KIDO CILEK 180 ML,"17,99 ₺"
PINAR SUT KIDO KAKAOLU 180 ML,"17,99 ₺"
PINAR SUT KIDO MUZLU 180 ML,"17,99 ₺"
PINAR SUT ORGANIK 200 ML,"29,99 ₺"
PINAR SUT PROTEIN 500ML VANILYALI,"79,99 ₺"
PINAR SUT PROTEIN CILEK 500 ML,"79,99 ₺"
PINAR SUT PROTEIN KAKAOLU 500 ML,"79,99 ₺"
PINAR SUT PROTEIN MUZ YER FIST. 500 ML,"79,99 ₺"
PINAR SUT TAM YAGLI 200 ML,"29,99 ₺"
PINAR SUZME PEYNIR 500 GR,"179,99 ₺"
PINAR TEREYAG 125 GR,"124,99 ₺"
PINAR YOGURT %1YAGLI 1200GR,"129,99 ₺"
PINAR YOGURT 500 GR,"69,99 ₺"
SAKLIKOY ORGANIK YUMURTA 10'LU,"109,99 ₺"
SANA 250 GR TEREYAGI LEZZETI PAKET,"62,99 ₺"
SANA KLASIK PAKET MARGARIN 250GR,"52,99 ₺"
SANA PAKET MARG 250 GRX6 LI,"269,99 ₺"
SARELLE KAKAOLU FINDIK EZMESI 700  GR,"329,99 ₺"
SEYIDOGLU 300 GR TAHIN BIDON,"99,99 ₺"
SEYIDOGLU 350 GR  CEVIZLI YAZ HELVASI,"84,99 ₺"
SEYIDOGLU 400 GR PEKMEZ  UZUM BIDON,"79,99 ₺"
SEYIDOGLU 700 GR PEKMEZ UZUM BIDON,"219,99 ₺"
SEYIDOGLU 740 GR TAHIN PEKMEZ IKILI,"219,99 ₺"
SEYIDOGLU BOOL 900 GR KAKAOLU FINDIK KREMASI,"149,99 ₺"
SEYIDOGLU CEVIZLI YAZ HELVASI KG,"279,99 ₺"
SEYIDOGLU HELVA 175 GR FISTIKLI,"89,99 ₺"
SEYIDOGLU HELVA 175 GR KAKAOLU,"49,99 ₺"
SEYIDOGLU HELVA 175 GR SADE,"49,99 ₺"
SEYIDOGLU HELVA BLOK KAKAOLU KG,"249,99 ₺"
SEYIDOGLU HELVA BLOK SADE KG,"249,99 ₺"
SEYIDOGLU KARISIK MEYVELI HELVA 350GR,"99,99 ₺"
SEYIDOGLU PEKMEZ 400 GR DUT CAM,"119,99 ₺"
SEYIDOGLU PEKMEZ 400 GR UZUM CAM,"119,99 ₺"
SEYIDOGLU RECEL 380 GR CILEK,"109,99 ₺"
SEYIDOGLU RECEL 380 GR VISNE,"119,99 ₺"
SEYIDOGLU TAHIN BIDON 550GR,"159,99 ₺"
SEYIDOGLU TAHIN CAM 300 GR,"69,99 ₺"
SIYAH ZEYTIN 201-230 KB  KG,"369,99 ₺"
SIYAH ZEYTIN 260-290 KB,"299,99 ₺"
SIYAH ZEYTIN 320-350 KB,"179,99 ₺"
SIYAH ZEYTIN OZEL KG 180-230 KB,"399,99 ₺"
SOLEN OZMO TUP 35 GR,"30,00 ₺"
SUTAS AYRAN 1 LT,"47,50 ₺"
SUTAS AYRAN 170 ML 10 LU PAKET,"99,90 ₺"
SUTAS AYRAN 2 LT,"89,50 ₺"
SUTAS AYRAN 200 ML,"13,99 ₺"
SUTAS AYRAN 300 ML,"19,99 ₺"
SUTAS AYRAN GENC SISE 250 ML,"19,99 ₺"
SUTAS BEYAZ PEYNIR 250 GR,"89,99 ₺"
SUTAS BEYAZ PEYNIR 500 GR,"145,00 ₺"
SUTAS BEYAZ PEYNIR 500 GR LIGHT,"140,00 ₺"
SUTAS BUYUMIX 6*40GR SUTLU-BISKUVI,"47,99 ₺"
SUTAS HUPTRIK CILEKLI KREMALI 3*40GR,"18,50 ₺"
SUTAS KAF KEFIR 1LT CILEK,"99,99 ₺"
SUTAS KAF KEFIR 1LT LAKTOZSUZ,"99,99 ₺"
SUTAS KAF KEFIR 1LT ORMAN MEYVELI,"99,99 ₺"
SUTAS KAF KEFIR 250ML SADE,"39,99 ₺"
SUTAS KAF KEFIR ORMAN MEYVELI 250ML,"39,99 ₺"
SUTAS KASAR PEYNIR DILIMLI 150 GR 8LI,"99,99 ₺"
SUTAS KAYMAK 180 GR,"140,00 ₺"
SUTAS KREM PEYNIR 300 GR,"99,99 ₺"
SUTAS KREMA 200 ML,"79,99 ₺"
SUTAS LABNE 200 GR,"79,99 ₺"
SUTAS LABNE 3*180GR,"209,99 ₺"
SUTAS LABNE 400 GR,"142,99 ₺"
SUTAS MINIMIX 85GR ORMAN MEYVELI,"49,50 ₺"
SUTAS PEYNIR 200GR CECIL,"149,99 ₺"
SUTAS PEYNIR 200GR DIL,"149,99 ₺"
SUTAS PEYNIR 200GR ORGU,"149,99 ₺"
"SUTAS SUT %2,5 YAGLI 500 ML","36,99 ₺"
SUTAS SUT 6X180 ML CIKOLATALI,"84,99 ₺"
SUTAS SUT LAKSOZSUZ 1000 ML,"59,99 ₺"
SUTAS SUT LIGHT 1 LT,"59,99 ₺"
SUTAS SUT T.YAGLI 1000 ML,"75,99 ₺"
SUTAS SUT UHT 6*180 ML,"84,99 ₺"
SUTAS SUT YAGLI UHT 1000 ML,"59,99 ₺"
SUTAS SUZME BEYAZ PEYNIR 250 GR,"79,99 ₺"
SUTAS T.YAGLI SUT 200 ML,"18,99 ₺"
SUTAS TAZE  KASAR 225 GR,"139,99 ₺"
SUTAS TAZE KASAR 400 GR,"219,99 ₺"
SUTAS TAZE KASAR 600 GR,"285,00 ₺"
SUTAS TAZE KASAR BLOK KG,"499,99 ₺"
SUTAS TEREYAG 225 GR YAYIK,"179,99 ₺"
SUTAS TEREYAG PASTORIZE 125 GR,"109,99 ₺"
SUTAS TEREYAGI 750GR,"599,99 ₺"
SUTAS TOST PEYNIR 350GR DILIMLI,"169,99 ₺"
SUTAS TOST PEYNIR DILIMLI 60 GR,"38,99 ₺"
"SUTAS UCGEN PEYNIR 8*12,5GR","49,99 ₺"
SUTAS YOGURT 1000 GR KAYMAKSIZ,"79,99 ₺"
SUTAS YOGURT 2000 GR KAYMAKSIZ,"149,99 ₺"
SUTAS YOGURT 3 KG YARIM YAGLI KOVA,"199,99 ₺"
SUTAS YOGURT 500 GR KAYMAKLI,"59,99 ₺"
SUTAS YOGURT 600 GR KAYMAKSIZ,"59,99 ₺"
SUTAS YOGURT 750 GR SUZME,"129,99 ₺"
SUTAS YOGURT SUZME DAHA YOGUN 900GR,"174,99 ₺"
T.OGLU 300 GR KAHVALTILIK LOR PEY.,"119,99 ₺"
T.OGLU 350GR EZINE KECI PEYNIR,"349,99 ₺"
T.OGLU 350GR EZINE KOYUN PEYNIR,"349,99 ₺"
T.OGLU DILIM EZINE 450GR KECI PEYNIRI,"399,99 ₺"
T.OGLU DILIM EZINE 450GR KLASIK BEYAZ PEYNIR,"329,99 ₺"
T.OGLU DILIM EZINE 450GR KOYUN PEYNIRI,"399,99 ₺"
T.OGLU PEYNIR CECIL 250 GR,"169,99 ₺"
T.OGLU PEYNIR DIL 250 GR,"169,99 ₺"
TADIBU 330 GR KAKAOLU FINDIK KREMASI,"319,99 ₺"
TAHSILDAROGLU KLASIK BEYAZ PEYNIR KG,"549,99 ₺"
TAMEK KAHVALTI SOSU 300 GR NORMAL,"79,99 ₺"
"TEKSUT 200GR UC YORESEL PEYNIR (CUBUK,CECIL,ORGU)","139,99 ₺"
TEKSUT CECIL PEYNIRI 200 GR,"139,99 ₺"
TEKSUT CUBUK PEYNIR 200 GR,"124,99 ₺"
TEKSUT HELLIM PEYNIRI 250 GR,"159,99 ₺"
TEKSUT KREM PEYNIR 270 GR,"89,99 ₺"
TEKSUT LOR PEYNIR 500 GR,"69,99 ₺"
TEKSUT MISKET PEYNIR 200 GR,"124,99 ₺"
TEKSUT SUT 200 ML YARIM YAGLI UHT,"16,99 ₺"
TEKSUT TAZE KASAR PEYNIRI 400 GR,"209,99 ₺"
TEKSUT TOST PEYNIR KG,"389,99 ₺"
TEREM MARGARIN 250 GR KASE,"75,99 ₺"
TEREM MARGARIN 250 GR PAKET,"59,99 ₺"
TEREM MARGARIN 250GRX3 LU,"169,99 ₺"
TORKU AYRAN SISE 2 LT,"99,99 ₺"
TORKU BANADA 400 GR,"169,99 ₺"
TORKU BANADA CAM  700 GR,"199,99 ₺"
TORKU BEYAZ PEYNIR 900 GR,"299,99 ₺"
TORKU SUCUK 180 GR ISIL İŞL.GÖRMÜŞ VAK,"219,99 ₺"
TORKU SUT Y.YAGLI 1000 ML,"52,99 ₺"
TORKU SUZME PEYNIR 450 GR,"99,99 ₺"
TORKU TEREYAG 750 GR,"389,99 ₺"
TORKU TOST KASAR 400 GR,"229,99 ₺"
TORKU TOST PEYNIRI 600 GR,"199,99 ₺"
TORKU YOGURT 900 GR.HOM.TAM YAG.,"79,99 ₺"
TOYBOX SNACK STICK 56 GR,"50,00 ₺"
TRABZON 300 GR TARIM FINDIK EZMESI,"249,99 ₺"
TRABZON 300 GR TARIM FISTIK EZMESI,"99,99 ₺"
ULKER COKOKREM 400 GR,"89,99 ₺"
ULKER COKOKREM 950 GR,"219,99 ₺"
ULKER COKOKREM TUP 40 GR,"29,99 ₺"
UNAL ANADOLU ESKI KASAR 250 GR,"189,99 ₺"
UNAL CECIL PEYNIRI 250 GR,"149,99 ₺"
UNAL ESKI KASAR KG,"799,99 ₺"
UNAL KLASIK BEYAZ PEYNIR 4 DILIM 450GR,"249,99 ₺"
UNAL KLASIK BEYAZ PEYNIR 500 GR,"249,99 ₺"
UNAL KLASIK TRAKYA PEYNIRI KG,"569,99 ₺"
UNAL TAZE KASAR 250 GR,"154,99 ₺"
YAGMUR B.PEYNIR 450GR 3 DILIM,"179,99 ₺"
YESIL ZEYTIN AYVALIK TAS KIRMA 320 350,"199,99 ₺"
YESIL ZEYTIN BIBERLI KG 140-160 KLB.,"329,99 ₺"
YESIL ZEYTIN CIZIK KG 230-260 KB,"279,99 ₺"
YESIL ZEYTIN GRILL KG,"369,99 ₺"
YESIL ZEYTIN KIRMA KG 110-140 KB,"279,99 ₺"
YORE YESIL ZEYTIN BIBERLI 400GR,"139,99 ₺"
YORE YESIL ZEYTIN CIZIK SOFRALIK 400 GR,"139,99 ₺"
YORUKOGLU 1 LT SUT Y.YAGLI UHT,"49,99 ₺"
ZUHRE ANA KARADUT OZU 670 GR,"279,99 ₺"
AKMAN GALETA UNU 250 GR,"29,99 ₺"
AKMAN MISIR UNU 250 GR,"26,99 ₺"
ALY TORTILLA 25 CM 6 PCS,"99,99 ₺"
ARSEVEN SAFFET ABDULLAH GÜLLAÇ 100 GR,"89,99 ₺"
BAGDAT GALETA UNU EKO POSET 250 GR,"34,99 ₺"
BAGDAT MISIR UNU EKO POSET 250GR,"29,99 ₺"
DANETTE 4X100 GR CIKOLATALI,"92,99 ₺"
DEL UNTAD PASTA  ALTI KAK.280 GR,"159,99 ₺"
DEL.BUNSA MISIR UNU 400 GR PAKET,"42,99 ₺"
DEL.DR.OETKER GLUTENSIZ KAK.PUDING 147 GR,"54,50 ₺"
DEL.DR.OETKER SAKIZLI MUHALLEBİ 450 GR 2+1,"54,99 ₺"
DEL.ERIS UN 1 KG,"42,99 ₺"
DEL.ERIS UN 2 KG,"79,99 ₺"
DEL.KENT MEYVELI TOPPING SOS 320 GR,"79,99 ₺"
DEL.KENTON BUGDAY NISASTASI 200 GR,"44,99 ₺"
DOGAL YUFKA 5 YAPRAK,"129,99 ₺"
DR OETKER ASURE 222 GR,"50,99 ₺"
DR OETKER ÇIKOLATA PAR.SUTLU 70 GR,"139,50 ₺"
DR OETKER CREM OLE MUZLU 110 GR,"51,50 ₺"
DR OETKER CREM OLE VANILYALI 110 GR,"51,50 ₺"
DR OETKER GOURMET KAKAO 50 GR,"68,50 ₺"
DR OETKER H.KABARTMA TOZU 15 LI,"41,50 ₺"
DR OETKER H.KABARTMA TOZU 5 LI,"15,25 ₺"
DR OETKER INSTANT MAYA 3 LU 30 GR,"28,50 ₺"
DR OETKER KAKAO 50 GR,"65,00 ₺"
DR OETKER KAZANDIBI 150 GR,"29,50 ₺"
DR OETKER KEKUN SADE 450 GR,"56,50 ₺"
DR OETKER KREM SANTI SADE 75 GR,"41,50 ₺"
DR OETKER MUHALLEBI 210 GR,"38,50 ₺"
DR OETKER PANCAKE 134 GR,"26,75 ₺"
DR OETKER PASTA KREMASI KAKAOLU 160 GR,"68,75 ₺"
DR OETKER PASTA KREMASI VAN.140 GR,"68,75 ₺"
DR OETKER PASTA SUSU INCI 10 GR,"27,00 ₺"
DR OETKER PASTA SUSU KAK.10 GR,"27,00 ₺"
DR OETKER PASTA SUSU KELEBEK 10 GR,"27,00 ₺"
DR OETKER PASTACI KREMASI 156 GR,"32,75 ₺"
DR OETKER PIRINC UNU 5 LI 175 GR,"45,00 ₺"
DR OETKER PROFITEROL 360 GR,"114,50 ₺"
DR OETKER PUD.BITTER CIKO.111 GR,"43,50 ₺"
DR OETKER PUD.CIKO.FINDIKLI 102 GR,"43,50 ₺"
DR OETKER PUD.CIKO.PARCALI 115 GR,"43,50 ₺"
DR OETKER PUD.CILEKLI 120 GR,"32,50 ₺"
DR OETKER PUD.MUZLU 120 GR,"32,50 ₺"
DR OETKER PUD.VANILYANI 120 GR,"32,50 ₺"
DR OETKER PUDRA SEKERI 150 GR,"32,75 ₺"
DR OETKER PUDRA SEKERI 250 GR,"52,50 ₺"
DR OETKER SEKERLI VANILIN 15 LI,"30,75 ₺"
DR OETKER SEKERLI VANILIN 5 LI,"11,50 ₺"
DR OETKER TAVUK GOGSU 125 GR,"29,50 ₺"
DR OETKER WAFFLE 210 GR,"36,75 ₺"
DR.OETKER 6 GR. JELATIN,"12,75 ₺"
DR.OETKER AKTIF MAYA 90 GR,"54,75 ₺"
EKER PUDING CIKOLATALI 500 GR,"89,99 ₺"
EKMEK ADET 200 GR (KEPEK-SADE-PAPY. ),"19,50 ₺"
FILIZ IRMIK 500 GR,"37,99 ₺"
ICIM PUDING MUZLU 200 ML,"23,99 ₺"
NEVZAT KEMALPAŞA  LÜX 150 GR,"139,99 ₺"
NEVZAT KEMALPAŞA EKSTRA 150 GR,"109,99 ₺"
NEVZAT KURABİYE 300 GR ÇEŞİTLERİ,"89,99 ₺"
NEVZAT ŞEKERPARE FINDIKLI 250 GR,"89,99 ₺"
NEVZAT ŞEKERPARE SADE  250 GR,"69,99 ₺"
ONUR BAKLAVALIK YUFKA 800 GR,"149,99 ₺"
ONUR UCGEN YUFKA 25 LI,"79,99 ₺"
ONUR YUFKA 700 GR 5 LI,"99,99 ₺"
PAKMAYA  INSTANT MAYA 3X10 GR,"34,99 ₺"
PAKMAYA  PUDING ANTEP FIST  90 GR,"39,99 ₺"
PAKMAYA BITTER PARCA CIKOLATA 70 GR,"129,99 ₺"
PAKMAYA HAMUR KABARTMA TOZU 15LI,"39,99 ₺"
PAKMAYA HAMUR KABARTMA TOZU 5LI,"14,99 ₺"
PAKMAYA KURU MAYA 100 GR,"44,99 ₺"
PAKMAYA MAYA  42GX2Lİ,"24,50 ₺"
PAKMAYA MISIR NISASTASI 200 GR,"42,50 ₺"
PAKMAYA PUDING CIKOTALALI 106 GR,"39,99 ₺"
PAKMAYA PUDING KAKAOLU 145 GR,"39,99 ₺"
PAKMAYA PUDRA SEKERI 200 GR,"49,99 ₺"
PAKMAYA SADE KREM SANTI 2X75 GR,"79,99 ₺"
PAKMAYA SEKERLI VANILIN 15LI,"29,99 ₺"
PAKMAYA SEKERLI VANILIN 5LI,"11,50 ₺"
PAKMAYA SUTLU PUL CIKOLATA 100 GR,"139,99 ₺"
SARAN LAVAS 5 Lİ 300 GR,"59,99 ₺"
SICAK TAVA BAZLAMA 250 GR,"54,99 ₺"
SICAK TAVA KANEPE EKMEK 200 GR,"54,99 ₺"
SOKE UN 1KG,"46,99 ₺"
SUTAS KREMA  200 ML %18 YAGLI YEMEKLIK,"59,99 ₺"
SUTAS PUDING MUZLU 200GR,"24,99 ₺"
SUTAS TATLIM TATLIM 4*65 GR CIKO-CILEK,"45,00 ₺"
SUTAS TATLIMMM CIKOLATA  4*100 GR,"45,00 ₺"
SUTAS TATLIMMM TATLIM CIKO-SUT 4*65 GR,"45,00 ₺"
TELLIOGLU UN 5 KG,"149,99 ₺"
TIKVESLI 200 ML AZ YAGLI UHT KREMA,"57,99 ₺"
ULKER DAMLA CIKOLATA 120 GR,"140,00 ₺"
ULKER PUL CIK.%54 BITTER 100 GR,"140,00 ₺"
ULKER PUL CIK.BEYAZ 100 GR,"140,00 ₺"
ULKER TOZ KAKAO 25 GR,"30,00 ₺"
ULKER TOZ KAKAO 50 GR,"60,00 ₺"
UNO GELENEKSEL LAVAŞ 25 CM 390 GR,"119,99 ₺"
UNO GİRİSSUNO 150 GR TAM BUG. DENGE VE CİYA TOH,"99,99 ₺"
UNO GRİSSUNO KEPEKLİ 150 GR,"99,99 ₺"
UNO GRİSSUNO YULAFLI KARABUĞDAYLI 150 GR,"99,99 ₺"
UNO TAM BUĞDAY TAVA 450 GR,"94,99 ₺"
UNO TAM CAVDAR EKMEGI 450GR  FIRINDAN,"89,99 ₺"
UNO TAMBUĞDAYLI  325  GR LAVAŞ 25 CM,"119,99 ₺"
UNO TOST EKMEGI 550 GR BYK,"79,99 ₺"
UNTAD SANDVIC EKMEK  (65 GR X 6),"104,99 ₺"
UNTAD TOST EKMEĞI 670 GR BYK,"119,99 ₺"
UNTAD YORESEL TAM BUDAYLı LAVAS 25 CM,"139,99 ₺"
UNTAD YORESEL TORTILLA LAVAS 25 CM 560 GR,"139,99 ₺"
YUVA İNSTANT MAYA 3X11 GR,"19,50 ₺"
YUVA KURU MAYA 100 GR,"28,95 ₺"
YUVA YAŞ MAYA 2X42 GR,"14,50 ₺"
