product_name,price
Batı Düğün ve Kına Salonu Fiyatları - 8 medyayı görüntüle Kapasite 50 - 450 Kişi Bütün Kapasite Bilgileri Yemekli Paket,50000
Batı Düğün ve Kına Salonu Fiyatları - Yemekli Paket,50000
Batı Düğün ve Kına Salonu Fiyatları - Kokteyl Kokteyl Hafta İçi Paket,25000
Batı Düğün ve Kına Salonu Fiyatları - Hafta Sonu Paket,30000
Batı Düğün ve Kına Salonu Fiyatları - Detaylar Son Güncelleme: 01.06.2026 Beyaz Et Menü Yemekli Hafta İçi Paket,50000
Batı Düğün ve Kına Salonu Fiyatları - Hafta Sonu Paket,60000
Batı Düğün ve Kına Salonu Fiyatları - Detaylar Son Güncelleme: 09.04.2026 Boş Salon Ki̇ralama Mekan Fiyatı Hafta İçi Paket,15000
Batı Düğün ve Kına Salonu Fiyatları - Hafta Sonu Paket,20000
Batı Düğün ve Kına Salonu Fiyatları - Beyaz Et Menü Yemekli Hafta İçi Paket,50000
Batı Düğün ve Kına Salonu Fiyatları - Boş Salon Ki̇ralama Mekan Fiyatı Hafta İçi Paket,15000
Batı Düğün ve Kına Salonu Fiyatları - Yemekli Min. 50 - Maks,70
Batı Düğün ve Kına Salonu Fiyatları - Kokteyl Min. 60 - Maks,70
Batı Düğün ve Kına Salonu Fiyatları - Yemekli Min. 100 - Maks,400
Batı Düğün ve Kına Salonu Fiyatları - Kokteyl Min. 100 - Maks,450
Batı Düğün ve Kına Salonu Fiyatları - Önerilen Firmalar Vip Olivya Organizasyon Davet Evi 4 - 4 (10) Yenimahalle 100 - 250 Yemekli Kişi Başı,750
Batı Düğün ve Kına Salonu Fiyatları - Cafe En Terrasse Event 5 - 0 (46) Keçiören 50 - 150 Yemekli Kişi Başı,750
Batı Düğün ve Kına Salonu Fiyatları - Maya Davet Evi 5 - 0 (14) Etimesgut 10 - 150 Yemekli Kişi Başı,800
Batı Düğün ve Kına Salonu Fiyatları - Bella Wedding & Event 5 - 0 (10) Keçiören 20 - 200 Kokteyl Paket,62500
Batı Düğün ve Kına Salonu Fiyatları - Uluçınar Konağı 4 - 4 (17) Altındağ 50 - 500 Yemekli Paket,67000
Batı Düğün ve Kına Salonu Fiyatları - Pandora Wedding Event 4 - 2 (10) Çankaya 10 - 250 Yemekli Kişi Başı,600
Batı Düğün ve Kına Salonu Fiyatları - Vip Olivya Organizasyon Davet Evi 4 - 4 (10) Yenimahalle 100 - 250 Yemekli Kişi Başı,750
Batı Düğün ve Kına Salonu Fiyatları - 4 - 4 (10) Yenimahalle 100,250
Batı Düğün ve Kına Salonu Fiyatları - 100,250
Batı Düğün ve Kına Salonu Fiyatları - Yemekli Kişi Başı,750
Batı Düğün ve Kına Salonu Fiyatları - 5 - 0 (46) Keçiören 50,150
Batı Düğün ve Kına Salonu Fiyatları - 50,150
Batı Düğün ve Kına Salonu Fiyatları - 5 - 0 (14) Etimesgut 10,150
Batı Düğün ve Kına Salonu Fiyatları - 10,150
Batı Düğün ve Kına Salonu Fiyatları - Yemekli Kişi Başı,800
Batı Düğün ve Kına Salonu Fiyatları - 5 - 0 (10) Keçiören 20,200
Batı Düğün ve Kına Salonu Fiyatları - 20,200
Batı Düğün ve Kına Salonu Fiyatları - Kokteyl Paket,62500
Batı Düğün ve Kına Salonu Fiyatları - 4 - 4 (17) Altındağ 50,500
Batı Düğün ve Kına Salonu Fiyatları - 50,500
Batı Düğün ve Kına Salonu Fiyatları - Yemekli Paket,67000
Batı Düğün ve Kına Salonu Fiyatları - 4 - 2 (10) Çankaya 10,250
Batı Düğün ve Kına Salonu Fiyatları - 10,250
Batı Düğün ve Kına Salonu Fiyatları - Yemekli Kişi Başı,600
Batı Düğün ve Kına Salonu Fiyatları - Min. 50 - Maks,70
Batı Düğün ve Kına Salonu Fiyatları - Min. 60 - Maks,70
Batı Düğün ve Kına Salonu Fiyatları - Min. 100 - Maks,400
Batı Düğün ve Kına Salonu Fiyatları - Min. 100 - Maks,450
Sultan Davet Salonu Fiyatları - Önerilen Firmalar Ayaz Elegance Düğün Salonu 5 - 0 (10) Kayapınar 80 - 1000 Yemekli Kişi Başı,80000
Sultan Davet Salonu Fiyatları - Çırağan Event Center 4 - 0 (1) Bağlar 150 - 1200 Kokteyl Paket,160000
Sultan Davet Salonu Fiyatları - Ayaz Elegance Düğün Salonu 5 - 0 (10) Kayapınar 80 - 1000 Yemekli Kişi Başı,80000
Sultan Davet Salonu Fiyatları - 5 - 0 (10) Kayapınar 80,1000
Sultan Davet Salonu Fiyatları - 80,1000
Sultan Davet Salonu Fiyatları - Yemekli Kişi Başı,80000
Sultan Davet Salonu Fiyatları - 4 - 0 (1) Bağlar 150,1200
Sultan Davet Salonu Fiyatları - 150,1200
Sultan Davet Salonu Fiyatları - Kokteyl Paket,160000
Sultan Davet Salonu Fiyatları - Güneş Wedding Hall Kayapınar 50,1200
Sultan Davet Salonu Fiyatları - Kayapınar 50,1200
Sultan Davet Salonu Fiyatları - 50,1200
Tuna Gold Düğün Salonu ve Kongre Merkezi Fiyatları - Yemekli Min. 200 - Maks,875
Tuna Gold Düğün Salonu ve Kongre Merkezi Fiyatları - Kokteyl Min. 200 - Maks,875
Tuna Gold Düğün Salonu ve Kongre Merkezi Fiyatları - Önerilen Firmalar Sobepark 4 - 7 (10) Selçuklu 30 - 350 Yemekli Kişi Başı,750
Tuna Gold Düğün Salonu ve Kongre Merkezi Fiyatları - Vizyon Garden Düğün & Kongre Merkezi 5 - 0 (7) Karatay 50 - 1250 Kişi Başı,425380
Tuna Gold Düğün Salonu ve Kongre Merkezi Fiyatları - Prenses Deluxe Düğün Sarayı Selçuklu 100 - 600 Kişi Başı,350250
Tuna Gold Düğün Salonu ve Kongre Merkezi Fiyatları - Pamuk Prenses Düğün Salonları 4 - 4 (21) Selçuklu 100 - 3000 Kokteyl Paket,45000
Tuna Gold Düğün Salonu ve Kongre Merkezi Fiyatları - Beyaz Melek Düğün Salonu 5 - 0 (10) Selçuklu 100 - 500 Yemekli Paket,30000
Tuna Gold Düğün Salonu ve Kongre Merkezi Fiyatları - Çiltaş Premium Düğün Salonları Karatay 600 - 1500 Yemekli Kişi Başı,250
Tuna Gold Düğün Salonu ve Kongre Merkezi Fiyatları - Sobepark 4 - 7 (10) Selçuklu 30 - 350 Yemekli Kişi Başı,750
Tuna Gold Düğün Salonu ve Kongre Merkezi Fiyatları - 4 - 7 (10) Selçuklu 30,350
Tuna Gold Düğün Salonu ve Kongre Merkezi Fiyatları - 30,350
Tuna Gold Düğün Salonu ve Kongre Merkezi Fiyatları - Yemekli Kişi Başı,750
Tuna Gold Düğün Salonu ve Kongre Merkezi Fiyatları - 5 - 0 (7) Karatay 50,1250
Tuna Gold Düğün Salonu ve Kongre Merkezi Fiyatları - 50,1250
Tuna Gold Düğün Salonu ve Kongre Merkezi Fiyatları - Kişi Başı,425380
Tuna Gold Düğün Salonu ve Kongre Merkezi Fiyatları - 425,380
Tuna Gold Düğün Salonu ve Kongre Merkezi Fiyatları - Selçuklu 100,600
Tuna Gold Düğün Salonu ve Kongre Merkezi Fiyatları - 100,600
Tuna Gold Düğün Salonu ve Kongre Merkezi Fiyatları - Kişi Başı,350250
Tuna Gold Düğün Salonu ve Kongre Merkezi Fiyatları - 350,250
Tuna Gold Düğün Salonu ve Kongre Merkezi Fiyatları - 4 - 4 (21) Selçuklu 100,3000
Tuna Gold Düğün Salonu ve Kongre Merkezi Fiyatları - 100,3000
Tuna Gold Düğün Salonu ve Kongre Merkezi Fiyatları - Kokteyl Paket,45000
Tuna Gold Düğün Salonu ve Kongre Merkezi Fiyatları - 5 - 0 (10) Selçuklu 100,500
Tuna Gold Düğün Salonu ve Kongre Merkezi Fiyatları - 100,500
Tuna Gold Düğün Salonu ve Kongre Merkezi Fiyatları - Yemekli Paket,30000
Tuna Gold Düğün Salonu ve Kongre Merkezi Fiyatları - Karatay 600,1500
Tuna Gold Düğün Salonu ve Kongre Merkezi Fiyatları - 600,1500
Tuna Gold Düğün Salonu ve Kongre Merkezi Fiyatları - Yemekli Kişi Başı,250
Tuna Gold Düğün Salonu ve Kongre Merkezi Fiyatları - Min. 200 - Maks,875
Tuna Gold Düğün Salonu ve Kongre Merkezi Fiyatları - Kişi Başı,425
Tuna Gold Düğün Salonu ve Kongre Merkezi Fiyatları - Kişi Başı,380
Tuna Gold Düğün Salonu ve Kongre Merkezi Fiyatları - Kişi Başı,350
Tuna Gold Düğün Salonu ve Kongre Merkezi Fiyatları - Kişi Başı,250
Moda Düğün Salonu Fiyatları - Mutlu Düğün Salonu Onikişubat Mekan Fiyatı Kişi Başı,75000
Moda Düğün Salonu Fiyatları - Mekan Fiyatı Kişi Başı,75000
Baraj Davet Salonu Fiyatları - 70 medyayı görüntüle Kapasite 30 - 300 Kişi Bütün Kapasite Bilgileri Paket 40.000,30000
Baraj Davet Salonu Fiyatları - Paket 40.000,30000
Baraj Davet Salonu Fiyatları - 40.000,30000
Baraj Davet Salonu Fiyatları - İkram Tabağı Kokteyl Hafta İçi Paket,35000
Baraj Davet Salonu Fiyatları - Hafta Sonu Paket,50000
Baraj Davet Salonu Fiyatları - Detaylar Son Güncelleme: 23.05.2026 Boş Mekan Kiralama Mekan Fiyatı Hafta İçi Paket,25000
Baraj Davet Salonu Fiyatları - Hafta Sonu Paket,30000
Baraj Davet Salonu Fiyatları - Boş Mekan Kiralama Mekan Fiyatı Hafta İçi Paket,25000
Baraj Davet Salonu Fiyatları - Yemekli Min. 30 - Maks,300
Baraj Davet Salonu Fiyatları - Kokteyl Min. 30 - Maks,300
Baraj Davet Salonu Fiyatları - 0850 532 11,72
Baraj Davet Salonu Fiyatları - Min. 30 - Maks,300
Salon Yeni İstiklal Fiyatları - 68 medyayı görüntüle Kapasite 100 - 500 Kişi Bütün Kapasite Bilgileri Kokteyl Paket,45000
Salon Yeni İstiklal Fiyatları - Kokteyl Paket,45000
Salon Yeni İstiklal Fiyatları - Yemeksiz Salon Kiralama Kokteyl Hafta İçi Paket,45000
Salon Yeni İstiklal Fiyatları - Hafta Sonu Paket,80000
Salon Yeni İstiklal Fiyatları - Yemekli Min. 100 - Maks,500
Salon Yeni İstiklal Fiyatları - Kokteyl Min. 100 - Maks,500
Salon Yeni İstiklal Fiyatları - Fiyatlar,2025
Salon Yeni İstiklal Fiyatları - Min. 100 - Maks,500
Güneş Davet Salonu Fiyatları - Önerilen Firmalar Hacı Dayı Rüya Kır Bahçesi Merkez 10 - 2000 Yemekli Kişi Başı,550
Güneş Davet Salonu Fiyatları - Hacı Dayı Rüya Kır Bahçesi Merkez 10 - 2000 Yemekli Kişi Başı,550
Güneş Davet Salonu Fiyatları - Merkez 10,2000
Güneş Davet Salonu Fiyatları - 10,2000
Güneş Davet Salonu Fiyatları - Yemekli Kişi Başı,550
Masal Kına & Davet Salonu Fiyatları - 44 medyayı görüntüle Kapasite 50 - 220 Kişi Bütün Kapasite Bilgileri Paket 33.000,28000
Masal Kına & Davet Salonu Fiyatları - Paket 33.000,28000
Masal Kına & Davet Salonu Fiyatları - 33.000,28000
Masal Kına & Davet Salonu Fiyatları - Ekonomik Menü Kokteyl Hafta İçi Paket,33000
Masal Kına & Davet Salonu Fiyatları - Hafta Sonu Paket,35000
Masal Kına & Davet Salonu Fiyatları - Detaylar Son Güncelleme: 10.04.2026 Bronz Menü Kokteyl Hafta İçi Paket,35000
Masal Kına & Davet Salonu Fiyatları - Hafta Sonu Paket,37000
Masal Kına & Davet Salonu Fiyatları - Detaylar Son Güncelleme: 09.04.2026 Gümüş Paket Kokteyl Hafta İçi Paket,47000
Masal Kına & Davet Salonu Fiyatları - Hafta Sonu Paket,50000
Masal Kına & Davet Salonu Fiyatları - Detaylar Son Güncelleme: 30.04.2026 Tavuk Menü Yemekli Hafta İçi Paket,60000
Masal Kına & Davet Salonu Fiyatları - Hafta Sonu Paket,70000
Masal Kına & Davet Salonu Fiyatları - Detaylar Son Güncelleme: 30.04.2026 Et Menü Yemekli Hafta İçi Paket,70000
Masal Kına & Davet Salonu Fiyatları - Hafta Sonu Paket,80000
Masal Kına & Davet Salonu Fiyatları - Bronz Menü Kokteyl Hafta İçi Paket,35000
Masal Kına & Davet Salonu Fiyatları - Gümüş Paket Kokteyl Hafta İçi Paket,47000
Masal Kına & Davet Salonu Fiyatları - Tavuk Menü Yemekli Hafta İçi Paket,60000
Masal Kına & Davet Salonu Fiyatları - Et Menü Yemekli Hafta İçi Paket,70000
Masal Kına & Davet Salonu Fiyatları - %15 Son gün 31/05/2026 Mayıs Sonuna Kadar Hafta İçi Ekonomik Menü %15 İndirimle,28000
Masal Kına & Davet Salonu Fiyatları - Mayıs Sonuna Kadar Hafta İçi Ekonomik Menü %15 İndirimle,28000
Masal Kına & Davet Salonu Fiyatları - %14 Son gün 31/05/2026 Mayıs Sonuna Kadar Hafta Sonu Ekonomik Menü %14 İndirimle,30000
Masal Kına & Davet Salonu Fiyatları - Mayıs Sonuna Kadar Hafta Sonu Ekonomik Menü %14 İndirimle,30000
Masal Kına & Davet Salonu Fiyatları - Yemekli Min. 50 - Maks,220
Masal Kına & Davet Salonu Fiyatları - Kokteyl Min. 50 - Maks,220
Masal Kına & Davet Salonu Fiyatları - Min. 50 - Maks,220
La Vella Davet Fiyatları - Yemekli Min. 10 - Maks,150
La Vella Davet Fiyatları - Kokteyl Min. 10 - Maks,150
La Vella Davet Fiyatları - Önerilen Firmalar Plus Hotel 5 - 0 (58) Ataşehir 30 - 165 Yemekli Paket,75000
La Vella Davet Fiyatları - Arjin Davet Salonu 4 - 6 (12) Ataşehir 10 - 250 Kokteyl Paket,65000
La Vella Davet Fiyatları - Asu Davet Evi 5 - 0 (12) Ümraniye 10 - 150 Kokteyl Kişi Başı,160
La Vella Davet Fiyatları - Yağmur Davet Evi 5 - 0 (10) Pendik 50 - 120 Kokteyl Paket,42000
La Vella Davet Fiyatları - Menessa Organizasyon ve Davet Evi 4 - 9 (3) Üsküdar 30 - 80 Yemekli Kişi Başı,750
La Vella Davet Fiyatları - Bengi Davet Evi 5 - 0 (11) Sancaktepe 10 - 100 Kokteyl Paket,17000
La Vella Davet Fiyatları - Plus Hotel 5 - 0 (58) Ataşehir 30 - 165 Yemekli Paket,75000
La Vella Davet Fiyatları - 5 - 0 (58) Ataşehir 30,165
La Vella Davet Fiyatları - 30,165
La Vella Davet Fiyatları - Yemekli Paket,75000
La Vella Davet Fiyatları - 4 - 6 (12) Ataşehir 10,250
La Vella Davet Fiyatları - 10,250
La Vella Davet Fiyatları - Kokteyl Paket,65000
La Vella Davet Fiyatları - 5 - 0 (12) Ümraniye 10,150
La Vella Davet Fiyatları - 10,150
La Vella Davet Fiyatları - Kokteyl Kişi Başı,160
La Vella Davet Fiyatları - 5 - 0 (10) Pendik 50,120
La Vella Davet Fiyatları - 50,120
La Vella Davet Fiyatları - Kokteyl Paket,42000
La Vella Davet Fiyatları - 4 - 9 (3) Üsküdar 30,80
La Vella Davet Fiyatları - 30,80
La Vella Davet Fiyatları - Yemekli Kişi Başı,750
La Vella Davet Fiyatları - 5 - 0 (11) Sancaktepe 10,100
La Vella Davet Fiyatları - 10,100
La Vella Davet Fiyatları - Kokteyl Paket,17000
La Vella Davet Fiyatları - Min. 10 - Maks,150
Şato Düğün Salonu Fiyatları - Mutlu Düğün Salonu Onikişubat Mekan Fiyatı Kişi Başı,75000
Şato Düğün Salonu Fiyatları - Mekan Fiyatı Kişi Başı,75000
Saltanat Sarayı Düğün Salonu Fiyatları - Mutlu Düğün Salonu Onikişubat Mekan Fiyatı Kişi Başı,75000
Saltanat Sarayı Düğün Salonu Fiyatları - Mekan Fiyatı Kişi Başı,75000
Cadde Kına Nişan Salonu Fiyatları - Yemekli Min. 50 - Maks,150
Cadde Kına Nişan Salonu Fiyatları - Kokteyl Min. 50 - Maks,150
Cadde Kına Nişan Salonu Fiyatları - Önerilen Firmalar Mercan Korupark Kır Düğünü 4 - 8 (10) Akçaabat 70 - 900 Yemekli Kişi Başı,850
Cadde Kına Nişan Salonu Fiyatları - Flowers Düğün ve Toplantı Salonu 5 - 0 (4) Yomra 100 - 625 Mekan Fiyatı Paket,90000
Cadde Kına Nişan Salonu Fiyatları - Mercan Korupark Kır Düğünü 4 - 8 (10) Akçaabat 70 - 900 Yemekli Kişi Başı,850
Cadde Kına Nişan Salonu Fiyatları - 4 - 8 (10) Akçaabat 70,900
Cadde Kına Nişan Salonu Fiyatları - 70,900
Cadde Kına Nişan Salonu Fiyatları - Yemekli Kişi Başı,850
Cadde Kına Nişan Salonu Fiyatları - 5 - 0 (4) Yomra 100,625
Cadde Kına Nişan Salonu Fiyatları - 100,625
Cadde Kına Nişan Salonu Fiyatları - Mekan Fiyatı Paket,90000
Cadde Kına Nişan Salonu Fiyatları - Min. 50 - Maks,150
Mavera Davet Salonu Fiyatları - 40 medyayı görüntüle Kapasite 80 - 850 Kişi Bütün Kapasite Bilgileri %35 İndirim,540350
Mavera Davet Salonu Fiyatları - %35 İndirim,540350
Mavera Davet Salonu Fiyatları - 540,350
Mavera Davet Salonu Fiyatları - %35 İndirim Kişi Başı,540
Mavera Davet Salonu Fiyatları - %35 İndirim Kişi Başı,350
Mavera Davet Salonu Fiyatları - Son Kalan Nisan ve Mayıs Günlerine Özel Hafta Sonu Akşam Organizasyonlarında Ordövr Menü Kişi Başı,350
Mavera Davet Salonu Fiyatları - Tükenmeden Teklif Al Son Gün: 24 Haziran,2026
Mavera Davet Salonu Fiyatları - Son Gün: 24 Haziran,2026
Mavera Davet Salonu Fiyatları - Ordövr Menü Kokteyl Hafta İçi Kişi Başı,540
Mavera Davet Salonu Fiyatları - Hafta Sonu Kişi Başı,580
Mavera Davet Salonu Fiyatları - Yemekli Min. 350 - Maks,850
Mavera Davet Salonu Fiyatları - Kokteyl Min. 350 - Maks,850
Mavera Davet Salonu Fiyatları - Yemekli Min. 80 - Maks,230
Mavera Davet Salonu Fiyatları - Kokteyl Min. 80 - Maks,230
Mavera Davet Salonu Fiyatları - %35 İndirim,540
Mavera Davet Salonu Fiyatları - %35 İndirim,350
Mavera Davet Salonu Fiyatları - Kişi Başı,540
Mavera Davet Salonu Fiyatları - Kişi Başı,350
Mavera Davet Salonu Fiyatları - 24 Haziran,2026
Mavera Davet Salonu Fiyatları - Kişi Başı,580
Mavera Davet Salonu Fiyatları - Min. 350 - Maks,850
Mavera Davet Salonu Fiyatları - Min. 80 - Maks,230
Anisa Davet Salonu Fiyatları - Yemekli Min. 100 - Maks,625
Anisa Davet Salonu Fiyatları - Kokteyl Min. 100 - Maks,625
Anisa Davet Salonu Fiyatları - Önerilen Firmalar Mavera Davet Salonu 4 - 7 (10) Arnavutköy 80 - 850 Kokteyl Kişi Başı,540
Anisa Davet Salonu Fiyatları - Mado Davet 5 - 0 (10) Bağcılar 25 - 200 Kokteyl Paket,60000
Anisa Davet Salonu Fiyatları - Erbabı Kına Nişan Davet Evi 4 - 8 (10) Beylikdüzü 80 - 300 Yemekli Kişi Başı,695
Anisa Davet Salonu Fiyatları - Sohbet Garden 4 - 7 (22) Küçükçekmece 10 - 500 Yemekli Kişi Başı,1000
Anisa Davet Salonu Fiyatları - Mavera Davet Salonu 4 - 7 (10) Arnavutköy 80 - 850 Kokteyl Kişi Başı,540
Anisa Davet Salonu Fiyatları - 4 - 7 (10) Arnavutköy 80,850
Anisa Davet Salonu Fiyatları - 80,850
Anisa Davet Salonu Fiyatları - Kokteyl Kişi Başı,540
Anisa Davet Salonu Fiyatları - 5 - 0 (10) Bağcılar 25,200
Anisa Davet Salonu Fiyatları - 25,200
Anisa Davet Salonu Fiyatları - Kokteyl Paket,60000
Anisa Davet Salonu Fiyatları - 4 - 8 (10) Beylikdüzü 80,300
Anisa Davet Salonu Fiyatları - 80,300
Anisa Davet Salonu Fiyatları - Yemekli Kişi Başı,695
Anisa Davet Salonu Fiyatları - 4 - 7 (22) Küçükçekmece 10,500
Anisa Davet Salonu Fiyatları - 10,500
Anisa Davet Salonu Fiyatları - Yemekli Kişi Başı,1000
Anisa Davet Salonu Fiyatları - 5 - 0 (10) Beyoğlu 50,650
Anisa Davet Salonu Fiyatları - 50,650
Anisa Davet Salonu Fiyatları - Saraylı Davet Organizasyon 4 - 9 (20) Başakşehir 100 - 600 Yemekli Kişi Başı,550
Anisa Davet Salonu Fiyatları - 4 - 9 (20) Başakşehir 100,600
Anisa Davet Salonu Fiyatları - 100,600
Anisa Davet Salonu Fiyatları - Yemekli Kişi Başı,550
Anisa Davet Salonu Fiyatları - Min. 100 - Maks,625
Meydan Davet Salonu Fiyatları - 86 medyayı görüntüle Kapasite 50 - 250 Kişi Bütün Kapasite Bilgileri %46 İndirim 65.000,35000
Meydan Davet Salonu Fiyatları - %46 İndirim 65.000,35000
Meydan Davet Salonu Fiyatları - 65.000,35000
Meydan Davet Salonu Fiyatları - %46 İndirim Paket,65000
Meydan Davet Salonu Fiyatları - %46 İndirim Paket,35000
Meydan Davet Salonu Fiyatları - Eylül Ayına Kadar Yapılacak 80 Kişilik Hafta Sonu Söz & Nişan Organizasyonları Sadece,35000
Meydan Davet Salonu Fiyatları - Tükenmeden Teklif Al Son Gün: 15 Haziran,2026
Meydan Davet Salonu Fiyatları - Son Gün: 15 Haziran,2026
Meydan Davet Salonu Fiyatları - Kokteyl Menü Mekan Fiyatı Hafta İçi Paket,30000
Meydan Davet Salonu Fiyatları - Hafta Sonu Paket,40000
Meydan Davet Salonu Fiyatları - Kampanyalar %33 Son gün 30/06/2026 Eylül Ayına Kadar Yapılacak 80 Kişilik Söz Nişan Organizasyonları,30000
Meydan Davet Salonu Fiyatları - %33 Son gün 30/06/2026 Eylül Ayına Kadar Yapılacak 80 Kişilik Söz Nişan Organizasyonları,30000
Meydan Davet Salonu Fiyatları - Eylül Ayına Kadar Yapılacak 80 Kişilik Söz Nişan Organizasyonları,30000
Meydan Davet Salonu Fiyatları - Kuru pasta - limitsiz soft içecek - yaş pasta menü için geçerlidir,80
Meydan Davet Salonu Fiyatları - Yemekli Min. 50 - Maks,220
Meydan Davet Salonu Fiyatları - Kokteyl Min. 50 - Maks,220
Meydan Davet Salonu Fiyatları - Yemekli Min. 50 - Maks,250
Meydan Davet Salonu Fiyatları - Kokteyl Min. 50 - Maks,250
Meydan Davet Salonu Fiyatları - Fiyatlar,2025
Meydan Davet Salonu Fiyatları - Paket,65000
Meydan Davet Salonu Fiyatları - Paket,35000
Meydan Davet Salonu Fiyatları - 15 Haziran,2026
Meydan Davet Salonu Fiyatları - Min. 50 - Maks,220
Meydan Davet Salonu Fiyatları - Min. 50 - Maks,250
Salon S - 40 medyayı görüntüle Kapasite 50 - 200 Kişi Bütün Kapasite Bilgileri %44 İndirim 90.000,50000
Salon S - %44 İndirim 90.000,50000
Salon S - 90.000,50000
Salon S - %44 İndirim Paket,90000
Salon S - %44 İndirim Paket,50000
Salon S - Son Kalan Mayıs ve Haziran Günlerine Özel Hafta İçi Akşam Organizasyonlarında Kokteyl Menü Sadece,50000
Salon S - Tükenmeden Teklif Al Son Gün: 22 Haziran,2026
Salon S - Son Gün: 22 Haziran,2026
Salon S - Ela Kokteyl Hafta İçi Paket,55000
Salon S - Hafta Sonu Paket,55000
Salon S - Yemekli Min. 50 - Maks,200
Salon S - Kokteyl Min. 50 - Maks,200
Salon S - 0224 322 21,70
Salon S - Fiyatlar,2025
Salon S - Paket,90000
Salon S - Paket,50000
Salon S - 22 Haziran,2026
Salon S - Min. 50 - Maks,200
Ekin City Davet Salonu Fiyatları - 47 medyayı görüntüle Kapasite 10 - 170 Kişi Bütün Kapasite Bilgileri Kokteyl Paket,50000
Ekin City Davet Salonu Fiyatları - Kokteyl Paket,50000
Ekin City Davet Salonu Fiyatları - Kokteyl Menü Kokteyl Hafta İçi Paket,50000
Ekin City Davet Salonu Fiyatları - Hafta Sonu Paket,60000
Ekin City Davet Salonu Fiyatları - Yemekli Min. 10 - Maks,60
Ekin City Davet Salonu Fiyatları - Kokteyl Min. 10 - Maks,60
Ekin City Davet Salonu Fiyatları - Yemekli Min. 70 - Maks,170
Ekin City Davet Salonu Fiyatları - Kokteyl Min. 70 - Maks,170
Ekin City Davet Salonu Fiyatları - 0222 255 59,64
Ekin City Davet Salonu Fiyatları - Fiyatlar,2025
Ekin City Davet Salonu Fiyatları - Min. 10 - Maks,60
Ekin City Davet Salonu Fiyatları - Min. 70 - Maks,170
Asia Davet ve Balo Salonu Fiyatları - 2 medyayı görüntüle Kapasite 100 - 750 Kişi Bütün Kapasite Bilgileri Kokteyl Paket,120000
Asia Davet ve Balo Salonu Fiyatları - Kokteyl Paket,120000
Asia Davet ve Balo Salonu Fiyatları - Kokteyl Pastalı Kokteyl Hafta İçi Paket,120000
Asia Davet ve Balo Salonu Fiyatları - Hafta Sonu Paket,185000
Asia Davet ve Balo Salonu Fiyatları - Detaylar Son Güncelleme: 02.05.2026 Kokteyl Pastalı Menü Kokteyl Hafta İçi Paket,150000
Asia Davet ve Balo Salonu Fiyatları - Detaylar Son Güncelleme: 24.04.2026 Kokteyl Pastalı Menü Kokteyl Hafta İçi Kişi Başı,750
Asia Davet ve Balo Salonu Fiyatları - Hafta Sonu Kişi Başı,850
Asia Davet ve Balo Salonu Fiyatları - Kokteyl Pastalı Menü Kokteyl Hafta İçi Paket,150000
Asia Davet ve Balo Salonu Fiyatları - Kokteyl Pastalı Menü Kokteyl Hafta İçi Kişi Başı,750
Asia Davet ve Balo Salonu Fiyatları - Yemekli Min. 100 - Maks,750
Asia Davet ve Balo Salonu Fiyatları - Kokteyl Min. 100 - Maks,750
Asia Davet ve Balo Salonu Fiyatları - Önerilen Firmalar Demet Rose Garden 5 - 0 (4) Çekmeköy 30 - 250 Mekan Fiyatı Paket,35000
Asia Davet ve Balo Salonu Fiyatları - Meydan Davet Salonu 4 - 9 (14) Kartal 50 - 250 Mekan Fiyatı Paket,30000
Asia Davet ve Balo Salonu Fiyatları - Mavi Rüya Balo Davet Salonu 4 - 9 (10) Pendik 50 - 500 Yemekli Kişi Başı,250
Asia Davet ve Balo Salonu Fiyatları - Nefes Garden 5 - 0 (12) Sancaktepe 10 - 800 Kokteyl Paket,55000
Asia Davet ve Balo Salonu Fiyatları - Arjin Davet Salonu 4 - 6 (12) Ataşehir 10 - 250 Kokteyl Paket,65000
Asia Davet ve Balo Salonu Fiyatları - Çamlıca Köşk 4 - 9 (23) Üsküdar 50 - 900 Kokteyl Paket,75000
Asia Davet ve Balo Salonu Fiyatları - Demet Rose Garden 5 - 0 (4) Çekmeköy 30 - 250 Mekan Fiyatı Paket,35000
Asia Davet ve Balo Salonu Fiyatları - 5 - 0 (4) Çekmeköy 30,250
Asia Davet ve Balo Salonu Fiyatları - 30,250
Asia Davet ve Balo Salonu Fiyatları - Mekan Fiyatı Paket,35000
Asia Davet ve Balo Salonu Fiyatları - 4 - 9 (14) Kartal 50,250
Asia Davet ve Balo Salonu Fiyatları - 50,250
Asia Davet ve Balo Salonu Fiyatları - Mekan Fiyatı Paket,30000
Asia Davet ve Balo Salonu Fiyatları - 4 - 9 (10) Pendik 50,500
Asia Davet ve Balo Salonu Fiyatları - 50,500
Asia Davet ve Balo Salonu Fiyatları - Yemekli Kişi Başı,250
Asia Davet ve Balo Salonu Fiyatları - 5 - 0 (12) Sancaktepe 10,800
Asia Davet ve Balo Salonu Fiyatları - 10,800
Asia Davet ve Balo Salonu Fiyatları - Kokteyl Paket,55000
Asia Davet ve Balo Salonu Fiyatları - 4 - 6 (12) Ataşehir 10,250
Asia Davet ve Balo Salonu Fiyatları - 10,250
Asia Davet ve Balo Salonu Fiyatları - Kokteyl Paket,65000
Asia Davet ve Balo Salonu Fiyatları - 4 - 9 (23) Üsküdar 50,900
Asia Davet ve Balo Salonu Fiyatları - 50,900
Asia Davet ve Balo Salonu Fiyatları - Kokteyl Paket,75000
Asia Davet ve Balo Salonu Fiyatları - Kişi Başı,750
Asia Davet ve Balo Salonu Fiyatları - Kişi Başı,850
Asia Davet ve Balo Salonu Fiyatları - Min. 100 - Maks,750
Çeşmeli Düğün Salonları Fiyatları - Yemekli Min. 200 - Maks,1500
Çeşmeli Düğün Salonları Fiyatları - Kokteyl Min. 200 - Maks,1500
Çeşmeli Düğün Salonları Fiyatları - Margarita Davet Evi 4 - 3 (4) Süleymanpaşa 80,150
Çeşmeli Düğün Salonları Fiyatları - 4 - 3 (4) Süleymanpaşa 80,150
Çeşmeli Düğün Salonları Fiyatları - 80,150
Çeşmeli Düğün Salonları Fiyatları - Kurdela Garden 5 - 0 (5) Süleymanpaşa 100,1000
Çeşmeli Düğün Salonları Fiyatları - 5 - 0 (5) Süleymanpaşa 100,1000
Çeşmeli Düğün Salonları Fiyatları - 100,1000
Çeşmeli Düğün Salonları Fiyatları - Bisanthe Panorama Sütlüce Dağ Oteli Süleymanpaşa 100,1500
Çeşmeli Düğün Salonları Fiyatları - Süleymanpaşa 100,1500
Çeşmeli Düğün Salonları Fiyatları - 100,1500
Çeşmeli Düğün Salonları Fiyatları - Hilton Garden Inn Çorlu Çorlu 100,350
Çeşmeli Düğün Salonları Fiyatları - Çorlu 100,350
Çeşmeli Düğün Salonları Fiyatları - 100,350
Çeşmeli Düğün Salonları Fiyatları - Aydık Garden 4 - 0 (2) Süleymanpaşa 50,1500
Çeşmeli Düğün Salonları Fiyatları - 4 - 0 (2) Süleymanpaşa 50,1500
Çeşmeli Düğün Salonları Fiyatları - 50,1500
Çeşmeli Düğün Salonları Fiyatları - Min. 200 - Maks,1500
İnci Davet ve Balo Salonu Fiyatları - 87 medyayı görüntüle Kapasite 50 - 350 Kişi Bütün Kapasite Bilgileri Paket 75.000,55000
İnci Davet ve Balo Salonu Fiyatları - Paket 75.000,55000
İnci Davet ve Balo Salonu Fiyatları - 75.000,55000
İnci Davet ve Balo Salonu Fiyatları - Boş Mekan Kiralama Mekan Fiyatı Hafta İçi Paket,50000
İnci Davet ve Balo Salonu Fiyatları - Hafta Sonu Paket,60000
İnci Davet ve Balo Salonu Fiyatları - Detaylar Son Güncelleme: 13.05.2026 Kokteyl Menü Kokteyl Hafta İçi Paket,70000
İnci Davet ve Balo Salonu Fiyatları - Hafta Sonu Paket,75000
İnci Davet ve Balo Salonu Fiyatları - Kokteyl Menü Kokteyl Hafta İçi Paket,70000
İnci Davet ve Balo Salonu Fiyatları - Kampanyalar %27 Son gün 01/06/2026 Haziran ve Temmuz Aylarında Her Şey Dahil Söz Nişan Organizasyonları,55000
İnci Davet ve Balo Salonu Fiyatları - %27 Son gün 01/06/2026 Haziran ve Temmuz Aylarında Her Şey Dahil Söz Nişan Organizasyonları,55000
İnci Davet ve Balo Salonu Fiyatları - Haziran ve Temmuz Aylarında Her Şey Dahil Söz Nişan Organizasyonları,55000
İnci Davet ve Balo Salonu Fiyatları - Yemekli Min. 50 - Maks,350
İnci Davet ve Balo Salonu Fiyatları - Kokteyl Min. 50 - Maks,350
İnci Davet ve Balo Salonu Fiyatları - Fiyatlar,2025
İnci Davet ve Balo Salonu Fiyatları - Min. 50 - Maks,350
Asmina Davet Salonları Fiyatları - 10 medyayı görüntüle Kapasite 250 - 900 Kişi Bütün Kapasite Bilgileri Kokteyl Paket,55000
Asmina Davet Salonları Fiyatları - Kokteyl Paket,55000
Asmina Davet Salonları Fiyatları - Kokteyl Kokteyl Hafta İçi Paket,55000
Asmina Davet Salonları Fiyatları - Hafta Sonu Paket,85000
Asmina Davet Salonları Fiyatları - Yemekli Min. 250 - Maks,900
Asmina Davet Salonları Fiyatları - Kokteyl Min. 250 - Maks,900
Asmina Davet Salonları Fiyatları - Önerilen Firmalar Gümüş Davet Balo Salonu 4 - 9 (69) Ümraniye 50 - 350 Kokteyl Paket,40000
Asmina Davet Salonları Fiyatları - Çamlıca Köşk Teras 5 - 0 (17) Üsküdar 100 - 350 Kokteyl Kişi Başı,500
Asmina Davet Salonları Fiyatları - Nefes Garden 5 - 0 (12) Sancaktepe 10 - 800 Kokteyl Paket,55000
Asmina Davet Salonları Fiyatları - Çamlıca Köşk 4 - 9 (23) Üsküdar 50 - 900 Kokteyl Paket,75000
Asmina Davet Salonları Fiyatları - Kokoş Wedding 5 - 0 (10) Beykoz 100 - 350 Kokteyl Paket,55000
Asmina Davet Salonları Fiyatları - Süslü Bahçe Event 4 - 4 (11) Çekmeköy 50 - 300 Yemekli Paket,75000
Asmina Davet Salonları Fiyatları - Gümüş Davet Balo Salonu 4 - 9 (69) Ümraniye 50 - 350 Kokteyl Paket,40000
Asmina Davet Salonları Fiyatları - 4 - 9 (69) Ümraniye 50,350
Asmina Davet Salonları Fiyatları - 50,350
Asmina Davet Salonları Fiyatları - Kokteyl Paket,40000
Asmina Davet Salonları Fiyatları - 5 - 0 (17) Üsküdar 100,350
Asmina Davet Salonları Fiyatları - 100,350
Asmina Davet Salonları Fiyatları - Kokteyl Kişi Başı,500
Asmina Davet Salonları Fiyatları - 5 - 0 (12) Sancaktepe 10,800
Asmina Davet Salonları Fiyatları - 10,800
Asmina Davet Salonları Fiyatları - 4 - 9 (23) Üsküdar 50,900
Asmina Davet Salonları Fiyatları - 50,900
Asmina Davet Salonları Fiyatları - Kokteyl Paket,75000
Asmina Davet Salonları Fiyatları - 5 - 0 (10) Beykoz 100,350
Asmina Davet Salonları Fiyatları - 4 - 4 (11) Çekmeköy 50,300
Asmina Davet Salonları Fiyatları - 50,300
Asmina Davet Salonları Fiyatları - Yemekli Paket,75000
Asmina Davet Salonları Fiyatları - Min. 250 - Maks,900
Formback Sultan Düğün Salonu Fiyatları - 10 medyayı görüntüle Kapasite 50 - 500 Kişi Bütün Kapasite Bilgileri Yemekli Kişi Başı,175
Formback Sultan Düğün Salonu Fiyatları - Yemekli Kişi Başı,175
Formback Sultan Düğün Salonu Fiyatları - Beyaz Et Yemekli Hafta İçi Kişi Başı,180
Formback Sultan Düğün Salonu Fiyatları - Hafta Sonu Kişi Başı,210
Formback Sultan Düğün Salonu Fiyatları - Detaylar Son Güncelleme: 03.05.2026 Kirmizi Et Yemekli Hafta İçi Kişi Başı,175
Formback Sultan Düğün Salonu Fiyatları - Hafta Sonu Kişi Başı,225
Formback Sultan Düğün Salonu Fiyatları - Kirmizi Et Yemekli Hafta İçi Kişi Başı,175
Formback Sultan Düğün Salonu Fiyatları - Yemekli Min. 50 - Maks,500
Formback Sultan Düğün Salonu Fiyatları - Kokteyl Min. 50 - Maks,500
Formback Sultan Düğün Salonu Fiyatları - Önerilen Firmalar Nilüfer Botanik Garden Nilüfer 50 - 200 Yemekli Kişi Başı,800
Formback Sultan Düğün Salonu Fiyatları - Rakkas Davet 4 - 8 (4) Yıldırım 20 - 175 Kokteyl Paket,28500
Formback Sultan Düğün Salonu Fiyatları - Alya Davet 4 - 7 (10) Yıldırım 30 - 150 Yemekli Paket,28000
Formback Sultan Düğün Salonu Fiyatları - Salon S - Ela Nilüfer 50 - 200 Kokteyl Paket,55000
Formback Sultan Düğün Salonu Fiyatları - Konak 18 Yeşilbahçe Osmangazi 20 - 700 Kokteyl Paket,60000
Formback Sultan Düğün Salonu Fiyatları - Kadim Davet 5 - 0 (13) Nilüfer 20 - 350 Yemekli Kişi Başı,850
Formback Sultan Düğün Salonu Fiyatları - Nilüfer Botanik Garden Nilüfer 50 - 200 Yemekli Kişi Başı,800
Formback Sultan Düğün Salonu Fiyatları - Nilüfer 50,200
Formback Sultan Düğün Salonu Fiyatları - 50,200
Formback Sultan Düğün Salonu Fiyatları - Yemekli Kişi Başı,800
Formback Sultan Düğün Salonu Fiyatları - 4 - 8 (4) Yıldırım 20,175
Formback Sultan Düğün Salonu Fiyatları - 20,175
Formback Sultan Düğün Salonu Fiyatları - Kokteyl Paket,28500
Formback Sultan Düğün Salonu Fiyatları - 4 - 7 (10) Yıldırım 30,150
Formback Sultan Düğün Salonu Fiyatları - 30,150
Formback Sultan Düğün Salonu Fiyatları - Yemekli Paket,28000
Formback Sultan Düğün Salonu Fiyatları - Kokteyl Paket,55000
Formback Sultan Düğün Salonu Fiyatları - Osmangazi 20,700
Formback Sultan Düğün Salonu Fiyatları - 20,700
Formback Sultan Düğün Salonu Fiyatları - Kokteyl Paket,60000
Formback Sultan Düğün Salonu Fiyatları - 5 - 0 (13) Nilüfer 20,350
Formback Sultan Düğün Salonu Fiyatları - 20,350
Formback Sultan Düğün Salonu Fiyatları - Yemekli Kişi Başı,850
Formback Sultan Düğün Salonu Fiyatları - Kişi Başı,180
Formback Sultan Düğün Salonu Fiyatları - Kişi Başı,210
Formback Sultan Düğün Salonu Fiyatları - Kişi Başı,175
Formback Sultan Düğün Salonu Fiyatları - Kişi Başı,225
Formback Sultan Düğün Salonu Fiyatları - Min. 50 - Maks,500
Üstel Düğün Salonu Fiyatları - Önerilen Firmalar Neva Garden Onikişubat Mutlu Düğün Salonu Onikişubat Mekan Fiyatı Kişi Başı,75000
Üstel Düğün Salonu Fiyatları - Neva Garden Onikişubat Mutlu Düğün Salonu Onikişubat Mekan Fiyatı Kişi Başı,75000
Üstel Düğün Salonu Fiyatları - Mutlu Düğün Salonu Onikişubat Mekan Fiyatı Kişi Başı,75000
Üstel Düğün Salonu Fiyatları - Mekan Fiyatı Kişi Başı,75000
Şehrazat Park Düğün Salonu Fiyatları - Yemekli Min. 200 - Maks,1500
Şehrazat Park Düğün Salonu Fiyatları - Kokteyl Min. 200 - Maks,1500
Şehrazat Park Düğün Salonu Fiyatları - Min. 200 - Maks,1500
Dicle Davet Salonu Fiyatları - Önerilen Firmalar Çırağan Event Center 4 - 0 (1) Bağlar 150 - 1200 Kokteyl Paket,160000
Dicle Davet Salonu Fiyatları - Ayaz Elegance Düğün Salonu 5 - 0 (10) Kayapınar 80 - 1000 Yemekli Kişi Başı,80000
Dicle Davet Salonu Fiyatları - Çırağan Event Center 4 - 0 (1) Bağlar 150 - 1200 Kokteyl Paket,160000
Dicle Davet Salonu Fiyatları - 4 - 0 (1) Bağlar 150,1200
Dicle Davet Salonu Fiyatları - 150,1200
Dicle Davet Salonu Fiyatları - Kokteyl Paket,160000
Dicle Davet Salonu Fiyatları - 5 - 0 (10) Kayapınar 80,1000
Dicle Davet Salonu Fiyatları - 80,1000
Dicle Davet Salonu Fiyatları - Yemekli Kişi Başı,80000
Dicle Davet Salonu Fiyatları - Güneş Wedding Hall Kayapınar 50,1200
Dicle Davet Salonu Fiyatları - Kayapınar 50,1200
Dicle Davet Salonu Fiyatları - 50,1200
Yaşam Davet Salonu Fiyatları - 10 medyayı görüntüle Kapasite 10 - 400 Kişi Bütün Kapasite Bilgileri Mekan Fiyatı Paket,35000
Yaşam Davet Salonu Fiyatları - Mekan Fiyatı Paket,35000
Yaşam Davet Salonu Fiyatları - Soft Menü Mekan Fiyatı Hafta İçi Paket,35000
Yaşam Davet Salonu Fiyatları - Hafta Sonu Paket,45000
Yaşam Davet Salonu Fiyatları - Yemekli Min. 10 - Maks,400
Yaşam Davet Salonu Fiyatları - Kokteyl Min. 10 - Maks,400
Yaşam Davet Salonu Fiyatları - Önerilen Firmalar Sanateli Davet 5 - 0 (71) Esenyurt 10 - 300 Kokteyl Paket,35000
Yaşam Davet Salonu Fiyatları - B&G Event Davet 5 - 0 (10) Büyükçekmece 10 - 100 Yemekli Kişi Başı,150
Yaşam Davet Salonu Fiyatları - Güneşli Davet Evi 5 - 0 (17) Bağcılar 50 - 155 Kokteyl Paket,35000
Yaşam Davet Salonu Fiyatları - Nars Event 5 - 0 (28) Başakşehir 50 - 250 Kokteyl Kişi Başı,400
Yaşam Davet Salonu Fiyatları - Manzara Davet 5 - 0 (11) Avcılar 50 - 350 Kokteyl Paket,12000
Yaşam Davet Salonu Fiyatları - Diyan Davet & Organizasyon 4 - 9 (6) Beylikdüzü 10 - 130 Kokteyl Paket,30000
Yaşam Davet Salonu Fiyatları - Sanateli Davet 5 - 0 (71) Esenyurt 10 - 300 Kokteyl Paket,35000
Yaşam Davet Salonu Fiyatları - 5 - 0 (71) Esenyurt 10,300
Yaşam Davet Salonu Fiyatları - 10,300
Yaşam Davet Salonu Fiyatları - Kokteyl Paket,35000
Yaşam Davet Salonu Fiyatları - 5 - 0 (10) Büyükçekmece 10,100
Yaşam Davet Salonu Fiyatları - 10,100
Yaşam Davet Salonu Fiyatları - Yemekli Kişi Başı,150
Yaşam Davet Salonu Fiyatları - 5 - 0 (17) Bağcılar 50,155
Yaşam Davet Salonu Fiyatları - 50,155
Yaşam Davet Salonu Fiyatları - 5 - 0 (28) Başakşehir 50,250
Yaşam Davet Salonu Fiyatları - 50,250
Yaşam Davet Salonu Fiyatları - Kokteyl Kişi Başı,400
Yaşam Davet Salonu Fiyatları - 5 - 0 (11) Avcılar 50,350
Yaşam Davet Salonu Fiyatları - 50,350
Yaşam Davet Salonu Fiyatları - Kokteyl Paket,12000
Yaşam Davet Salonu Fiyatları - 4 - 9 (6) Beylikdüzü 10,130
Yaşam Davet Salonu Fiyatları - 10,130
Yaşam Davet Salonu Fiyatları - Kokteyl Paket,30000
Yaşam Davet Salonu Fiyatları - Min. 10 - Maks,400
Yıldız Park Düğün & Nikah Salonları Fiyatları - 53 medyayı görüntüle Kapasite 100 - 700 Kişi Bütün Kapasite Bilgileri Yemekli Kişi Başı,550
Yıldız Park Düğün & Nikah Salonları Fiyatları - Yemekli Kişi Başı,550
Yıldız Park Düğün & Nikah Salonları Fiyatları - Kokteyl Menü Kokteyl Hafta İçi Paket,60000
Yıldız Park Düğün & Nikah Salonları Fiyatları - Hafta Sonu Paket,65000
Yıldız Park Düğün & Nikah Salonları Fiyatları - Detaylar Son Güncelleme: 31.05.2026 Beyaz Et Menü Yemekli Hafta İçi Kişi Başı,550
Yıldız Park Düğün & Nikah Salonları Fiyatları - Hafta Sonu Kişi Başı,650
Yıldız Park Düğün & Nikah Salonları Fiyatları - Detaylar Son Güncelleme: 31.03.2026 Kırmızı Et Menü Yemekli Hafta İçi Kişi Başı,600
Yıldız Park Düğün & Nikah Salonları Fiyatları - Hafta Sonu Kişi Başı,750
Yıldız Park Düğün & Nikah Salonları Fiyatları - Beyaz Et Menü Yemekli Hafta İçi Kişi Başı,550
Yıldız Park Düğün & Nikah Salonları Fiyatları - Kırmızı Et Menü Yemekli Hafta İçi Kişi Başı,600
Yıldız Park Düğün & Nikah Salonları Fiyatları - Yemekli Min. 100 - Maks,250
Yıldız Park Düğün & Nikah Salonları Fiyatları - Kokteyl Min. 100 - Maks,300
Yıldız Park Düğün & Nikah Salonları Fiyatları - Yemekli Min. 200 - Maks,500
Yıldız Park Düğün & Nikah Salonları Fiyatları - Kokteyl Min. 200 - Maks,500
Yıldız Park Düğün & Nikah Salonları Fiyatları - Yemekli Min. 250 - Maks,600
Yıldız Park Düğün & Nikah Salonları Fiyatları - Kokteyl Min. 250 - Maks,700
Yıldız Park Düğün & Nikah Salonları Fiyatları - Kişi Başı,550
Yıldız Park Düğün & Nikah Salonları Fiyatları - Kişi Başı,650
Yıldız Park Düğün & Nikah Salonları Fiyatları - Kişi Başı,600
Yıldız Park Düğün & Nikah Salonları Fiyatları - Kişi Başı,750
Yıldız Park Düğün & Nikah Salonları Fiyatları - Min. 100 - Maks,250
Yıldız Park Düğün & Nikah Salonları Fiyatları - Min. 100 - Maks,300
Yıldız Park Düğün & Nikah Salonları Fiyatları - Min. 200 - Maks,500
Yıldız Park Düğün & Nikah Salonları Fiyatları - Min. 250 - Maks,600
Yıldız Park Düğün & Nikah Salonları Fiyatları - Min. 250 - Maks,700
Şura Hall Düğün Salonu Fiyatları - 33 medyayı görüntüle Kapasite 50 - 1000 Kişi Bütün Kapasite Bilgileri Yemekli Kişi Başı,500
Şura Hall Düğün Salonu Fiyatları - Yemekli Kişi Başı,500
Şura Hall Düğün Salonu Fiyatları - Mekan Kiralama Mekan Fiyatı Hafta İçi Paket,70000
Şura Hall Düğün Salonu Fiyatları - Hafta Sonu Paket,100000
Şura Hall Düğün Salonu Fiyatları - Detaylar Son Güncelleme: 13.05.2026 Kırmızı Et Menü Yemekli Hafta İçi Kişi Başı,650
Şura Hall Düğün Salonu Fiyatları - Hafta Sonu Kişi Başı,650
Şura Hall Düğün Salonu Fiyatları - Detaylar Son Güncelleme: 13.05.2026 Beyaz Et Menü Yemekli Hafta İçi Kişi Başı,500
Şura Hall Düğün Salonu Fiyatları - Hafta Sonu Kişi Başı,500
Şura Hall Düğün Salonu Fiyatları - Kırmızı Et Menü Yemekli Hafta İçi Kişi Başı,650
Şura Hall Düğün Salonu Fiyatları - Beyaz Et Menü Yemekli Hafta İçi Kişi Başı,500
Şura Hall Düğün Salonu Fiyatları - Yemekli Min. 50 - Maks,1000
Şura Hall Düğün Salonu Fiyatları - Kokteyl Min. 50 - Maks,1000
Şura Hall Düğün Salonu Fiyatları - 0242 255 53,89
Şura Hall Düğün Salonu Fiyatları - Fiyatlar,2025
Şura Hall Düğün Salonu Fiyatları - Kişi Başı,650
Şura Hall Düğün Salonu Fiyatları - Kişi Başı,500
Şura Hall Düğün Salonu Fiyatları - Min. 50 - Maks,1000
Bakırköy Sayanora Düğün Davet Salonları Fiyatları - 10 medyayı görüntüle Kapasite 100 - 350 Kişi Bütün Kapasite Bilgileri Kokteyl Paket,69000
Bakırköy Sayanora Düğün Davet Salonları Fiyatları - Kokteyl Paket,69000
Bakırköy Sayanora Düğün Davet Salonları Fiyatları - Gündüz Söz Nişan Organizasyonu Kokteyl Hafta İçi Paket,69000
Bakırköy Sayanora Düğün Davet Salonları Fiyatları - Hafta Sonu Paket,99000
Bakırköy Sayanora Düğün Davet Salonları Fiyatları - Detaylar Son Güncelleme: 05.05.2026 Akşam Söz Nişan Organizasyonu Kokteyl Hafta İçi Paket,69000
Bakırköy Sayanora Düğün Davet Salonları Fiyatları - Akşam Söz Nişan Organizasyonu Kokteyl Hafta İçi Paket,69000
Bakırköy Sayanora Düğün Davet Salonları Fiyatları - Yemekli Min. 100 - Maks,250
Bakırköy Sayanora Düğün Davet Salonları Fiyatları - Kokteyl Min. 100 - Maks,350
Bakırköy Sayanora Düğün Davet Salonları Fiyatları - Önerilen Firmalar Bahçe Kuzguncuk 4 - 6 (16) Üsküdar 50 - 200 Kokteyl Kişi Başı,700
Bakırköy Sayanora Düğün Davet Salonları Fiyatları - Sohbet Garden 4 - 7 (22) Küçükçekmece 10 - 500 Yemekli Kişi Başı,1000
Bakırköy Sayanora Düğün Davet Salonları Fiyatları - Armonia Park 4 - 9 (10) Bayrampaşa 100 - 350 Yemekli Kişi Başı,900
Bakırköy Sayanora Düğün Davet Salonları Fiyatları - Ada Garden Davet 4 - 7 (10) Avcılar 70 - 170 Mekan Fiyatı Paket,45000
Bakırköy Sayanora Düğün Davet Salonları Fiyatları - Erbabı Kına Nişan Davet Evi 4 - 8 (10) Beylikdüzü 80 - 300 Yemekli Kişi Başı,695
Bakırköy Sayanora Düğün Davet Salonları Fiyatları - Elite Garden Plus 4 - 5 (12) Avcılar 50 - 400 Yemekli Kişi Başı,850
Bakırköy Sayanora Düğün Davet Salonları Fiyatları - Bahçe Kuzguncuk 4 - 6 (16) Üsküdar 50 - 200 Kokteyl Kişi Başı,700
Bakırköy Sayanora Düğün Davet Salonları Fiyatları - 4 - 6 (16) Üsküdar 50,200
Bakırköy Sayanora Düğün Davet Salonları Fiyatları - 50,200
Bakırköy Sayanora Düğün Davet Salonları Fiyatları - Kokteyl Kişi Başı,700
Bakırköy Sayanora Düğün Davet Salonları Fiyatları - 4 - 7 (22) Küçükçekmece 10,500
Bakırköy Sayanora Düğün Davet Salonları Fiyatları - 10,500
Bakırköy Sayanora Düğün Davet Salonları Fiyatları - Yemekli Kişi Başı,1000
Bakırköy Sayanora Düğün Davet Salonları Fiyatları - 4 - 9 (10) Bayrampaşa 100,350
Bakırköy Sayanora Düğün Davet Salonları Fiyatları - 100,350
Bakırköy Sayanora Düğün Davet Salonları Fiyatları - Yemekli Kişi Başı,900
Bakırköy Sayanora Düğün Davet Salonları Fiyatları - 4 - 7 (10) Avcılar 70,170
Bakırköy Sayanora Düğün Davet Salonları Fiyatları - 70,170
Bakırköy Sayanora Düğün Davet Salonları Fiyatları - Mekan Fiyatı Paket,45000
Bakırköy Sayanora Düğün Davet Salonları Fiyatları - 4 - 8 (10) Beylikdüzü 80,300
Bakırköy Sayanora Düğün Davet Salonları Fiyatları - 80,300
Bakırköy Sayanora Düğün Davet Salonları Fiyatları - Yemekli Kişi Başı,695
Bakırköy Sayanora Düğün Davet Salonları Fiyatları - 4 - 5 (12) Avcılar 50,400
Bakırköy Sayanora Düğün Davet Salonları Fiyatları - 50,400
Bakırköy Sayanora Düğün Davet Salonları Fiyatları - Yemekli Kişi Başı,850
Bakırköy Sayanora Düğün Davet Salonları Fiyatları - Min. 100 - Maks,250
Bakırköy Sayanora Düğün Davet Salonları Fiyatları - Min. 100 - Maks,350
Gözde Düğün Salonu Fiyatları - Önerilen Firmalar Seyirtepe Kır Düğünü & Sıla Düğün Salonu İskilip Mekan Fiyatı Kişi Başı,400
Gözde Düğün Salonu Fiyatları - Seyirtepe Kır Düğünü & Sıla Düğün Salonu İskilip Mekan Fiyatı Kişi Başı,400
Gözde Düğün Salonu Fiyatları - Mekan Fiyatı Kişi Başı,400
Gözde Düğün Salonu Fiyatları - Adres: Çorum Yolu 5.Km - Iskilip - Corum - Turkey,19400
Gözde Düğün Salonu Fiyatları - Çorum Yolu 5.Km - Iskilip - Corum - Turkey,19400
Moon Event Davet Fiyatları - 132 medyayı görüntüle Kapasite 30 - 180 Kişi Bütün Kapasite Bilgileri Paket 95.000,69000
Moon Event Davet Fiyatları - Paket 95.000,69000
Moon Event Davet Fiyatları - 95.000,69000
Moon Event Davet Fiyatları - Standart Paket Kokteyl Hafta İçi Paket,45000
Moon Event Davet Fiyatları - Hafta Sonu Paket,49000
Moon Event Davet Fiyatları - Detaylar Son Güncelleme: 12.05.2026 Moon Event Dolunay Paket Kokteyl Hafta İçi Paket,35000
Moon Event Davet Fiyatları - Hafta Sonu Paket,55000
Moon Event Davet Fiyatları - Detaylar Son Güncelleme: 01.06.2026 Salon Kiralama Mekan Fiyatı Hafta İçi Paket,29999
Moon Event Davet Fiyatları - Hafta Sonu Paket,44999
Moon Event Davet Fiyatları - Moon Event Dolunay Paket Kokteyl Hafta İçi Paket,35000
Moon Event Davet Fiyatları - Salon Kiralama Mekan Fiyatı Hafta İçi Paket,29999
Moon Event Davet Fiyatları - Yemekli Min. 50 - Maks,180
Moon Event Davet Fiyatları - Kokteyl Min. 30 - Maks,180
Moon Event Davet Fiyatları - Min. 50 - Maks,180
Moon Event Davet Fiyatları - Min. 30 - Maks,180
İntersivin Düğün Davet & Balo Salonu Fiyatları - Yemekli Min. 200 - Maks,875
İntersivin Düğün Davet & Balo Salonu Fiyatları - Kokteyl Min. 200 - Maks,875
İntersivin Düğün Davet & Balo Salonu Fiyatları - Önerilen Firmalar Doğa Çiftlik Evi Gebze 50 - 2000 Yemekli Kişi Başı,900
İntersivin Düğün Davet & Balo Salonu Fiyatları - The Elexsus Darıca 100 - 1000 Yemekli Kişi Başı,110000
İntersivin Düğün Davet & Balo Salonu Fiyatları - Kaptan Köşkü Gebze 150 - 200 Kokteyl Kişi Başı,650
İntersivin Düğün Davet & Balo Salonu Fiyatları - Stellar Davet 5 - 0 (20) İzmit 10 - 100 Paket 25.000,22000
İntersivin Düğün Davet & Balo Salonu Fiyatları - Berra Davet Evi 5 - 0 (11) Gölcük 30 - 120 Paket 55.000,45000
İntersivin Düğün Davet & Balo Salonu Fiyatları - İnovapak 4 - 7 (10) Başiskele 100 - 1000 Kişi Başı,300200
İntersivin Düğün Davet & Balo Salonu Fiyatları - Doğa Çiftlik Evi Gebze 50 - 2000 Yemekli Kişi Başı,900
İntersivin Düğün Davet & Balo Salonu Fiyatları - Gebze 50,2000
İntersivin Düğün Davet & Balo Salonu Fiyatları - 50,2000
İntersivin Düğün Davet & Balo Salonu Fiyatları - Yemekli Kişi Başı,900
İntersivin Düğün Davet & Balo Salonu Fiyatları - Darıca 100,1000
İntersivin Düğün Davet & Balo Salonu Fiyatları - 100,1000
İntersivin Düğün Davet & Balo Salonu Fiyatları - Yemekli Kişi Başı,110000
İntersivin Düğün Davet & Balo Salonu Fiyatları - Gebze 150,200
İntersivin Düğün Davet & Balo Salonu Fiyatları - 150,200
İntersivin Düğün Davet & Balo Salonu Fiyatları - Kokteyl Kişi Başı,650
İntersivin Düğün Davet & Balo Salonu Fiyatları - 5 - 0 (20) İzmit 10,100
İntersivin Düğün Davet & Balo Salonu Fiyatları - 10,100
İntersivin Düğün Davet & Balo Salonu Fiyatları - Paket 25.000,22000
İntersivin Düğün Davet & Balo Salonu Fiyatları - 25.000,22000
İntersivin Düğün Davet & Balo Salonu Fiyatları - 5 - 0 (11) Gölcük 30,120
İntersivin Düğün Davet & Balo Salonu Fiyatları - 30,120
İntersivin Düğün Davet & Balo Salonu Fiyatları - Paket 55.000,45000
İntersivin Düğün Davet & Balo Salonu Fiyatları - 55.000,45000
İntersivin Düğün Davet & Balo Salonu Fiyatları - 4 - 7 (10) Başiskele 100,1000
İntersivin Düğün Davet & Balo Salonu Fiyatları - Kişi Başı,300200
İntersivin Düğün Davet & Balo Salonu Fiyatları - 300,200
İntersivin Düğün Davet & Balo Salonu Fiyatları - Min. 200 - Maks,875
İntersivin Düğün Davet & Balo Salonu Fiyatları - Kişi Başı,300
İntersivin Düğün Davet & Balo Salonu Fiyatları - Kişi Başı,200
Salon Lidya Park Fiyatları - 76 medyayı görüntüle Kapasite 150 - 700 Kişi Bütün Kapasite Bilgileri Mekan Fiyatı Paket,80000
Salon Lidya Park Fiyatları - Mekan Fiyatı Paket,80000
Salon Lidya Park Fiyatları - Standart Paket Mekan Fiyatı Hafta İçi Paket,80000
Salon Lidya Park Fiyatları - Hafta Sonu Paket,130000
Salon Lidya Park Fiyatları - Yemekli Min. 200 - Maks,700
Salon Lidya Park Fiyatları - Kokteyl Min. 200 - Maks,700
Salon Lidya Park Fiyatları - Yemekli Min. 150 - Maks,500
Salon Lidya Park Fiyatları - Kokteyl Min. 150 - Maks,500
Salon Lidya Park Fiyatları - Fiyatlar,2025
Salon Lidya Park Fiyatları - Min. 200 - Maks,700
Salon Lidya Park Fiyatları - Min. 150 - Maks,500
Salon 16 Davet Fiyatları - 10 medyayı görüntüle Kapasite 25 - 1000 Kişi Bütün Kapasite Bilgileri Kokteyl Paket,100000
Salon 16 Davet Fiyatları - Kokteyl Paket,100000
Salon 16 Davet Fiyatları - Kokteyl Menü Kokteyl Hafta İçi Paket,100000
Salon 16 Davet Fiyatları - Hafta Sonu Paket,130000
Salon 16 Davet Fiyatları - Yemekli Min. 25 - Maks,750
Salon 16 Davet Fiyatları - Kokteyl Min. 25 - Maks,1000
Salon 16 Davet Fiyatları - Önerilen Firmalar Nilüfer Botanik Garden Nilüfer 50 - 200 Yemekli Kişi Başı,800
Salon 16 Davet Fiyatları - Alya Davet 4 - 7 (10) Yıldırım 30 - 150 Yemekli Paket,28000
Salon 16 Davet Fiyatları - Juno Çiflik Nilüfer 100 - 1000 Yemekli Kişi Başı,1499
Salon 16 Davet Fiyatları - Salon S - Ela Nilüfer 50 - 200 Kokteyl Paket,55000
Salon 16 Davet Fiyatları - Konak 18 Yeşilbahçe Osmangazi 20 - 700 Kokteyl Paket,60000
Salon 16 Davet Fiyatları - Kadim Davet 5 - 0 (13) Nilüfer 20 - 350 Yemekli Kişi Başı,850
Salon 16 Davet Fiyatları - Nilüfer Botanik Garden Nilüfer 50 - 200 Yemekli Kişi Başı,800
Salon 16 Davet Fiyatları - Nilüfer 50,200
Salon 16 Davet Fiyatları - 50,200
Salon 16 Davet Fiyatları - Yemekli Kişi Başı,800
Salon 16 Davet Fiyatları - 4 - 7 (10) Yıldırım 30,150
Salon 16 Davet Fiyatları - 30,150
Salon 16 Davet Fiyatları - Yemekli Paket,28000
Salon 16 Davet Fiyatları - Nilüfer 100,1000
Salon 16 Davet Fiyatları - 100,1000
Salon 16 Davet Fiyatları - Yemekli Kişi Başı,1499
Salon 16 Davet Fiyatları - Kokteyl Paket,55000
Salon 16 Davet Fiyatları - Osmangazi 20,700
Salon 16 Davet Fiyatları - 20,700
Salon 16 Davet Fiyatları - Kokteyl Paket,60000
Salon 16 Davet Fiyatları - 5 - 0 (13) Nilüfer 20,350
Salon 16 Davet Fiyatları - 20,350
Salon 16 Davet Fiyatları - Yemekli Kişi Başı,850
Salon 16 Davet Fiyatları - Min. 25 - Maks,750
Salon 16 Davet Fiyatları - Min. 25 - Maks,1000
Yağmur Düğün Salonu Fiyatları - 41 medyayı görüntüle Kapasite 100 - 500 Kişi Bütün Kapasite Bilgileri Paket 70.000,55000
Yağmur Düğün Salonu Fiyatları - Paket 70.000,55000
Yağmur Düğün Salonu Fiyatları - 70.000,55000
Yağmur Düğün Salonu Fiyatları - Standart Paket Kokteyl Hafta İçi Paket,55000
Yağmur Düğün Salonu Fiyatları - Hafta Sonu Paket,80000
Yağmur Düğün Salonu Fiyatları - Kampanyalar %21 Son gün 31/10/2026 Hafta İçine Özel Her Şey Dahil Söz Nişan Organizasyonlarınız,55000
Yağmur Düğün Salonu Fiyatları - %21 Son gün 31/10/2026 Hafta İçine Özel Her Şey Dahil Söz Nişan Organizasyonlarınız,55000
Yağmur Düğün Salonu Fiyatları - Hafta İçine Özel Her Şey Dahil Söz Nişan Organizasyonlarınız,55000
Yağmur Düğün Salonu Fiyatları - Yemekli Min. 100 - Maks,500
Yağmur Düğün Salonu Fiyatları - Kokteyl Min. 100 - Maks,500
Yağmur Düğün Salonu Fiyatları - 0850 532 08,60
Yağmur Düğün Salonu Fiyatları - Min. 100 - Maks,500
Antiokheia Davet Salonu Fiyatları - 66 medyayı görüntüle Kapasite 40 - 250 Kişi Bütün Kapasite Bilgileri Paket 65.000,49000
Antiokheia Davet Salonu Fiyatları - Paket 65.000,49000
Antiokheia Davet Salonu Fiyatları - 65.000,49000
Antiokheia Davet Salonu Fiyatları - Sadece Salon Kiralama Mekan Fiyatı Hafta İçi Paket,25000
Antiokheia Davet Salonu Fiyatları - Hafta Sonu Paket,30000
Antiokheia Davet Salonu Fiyatları - Kampanyalar %25 Son gün 31/08/2026 Hafta Sonuna Özel Yapılacak Anlaşmalarınız %25 İndirimle Sadece,49000
Antiokheia Davet Salonu Fiyatları - etişime geçin - detaylar hakkında görüşelim,40000
Antiokheia Davet Salonu Fiyatları - %25 Son gün 31/08/2026 Hafta Sonuna Özel Yapılacak Anlaşmalarınız %25 İndirimle Sadece,49000
Antiokheia Davet Salonu Fiyatları - Hafta Sonuna Özel Yapılacak Anlaşmalarınız %25 İndirimle Sadece,49000
Antiokheia Davet Salonu Fiyatları - %20 Son gün 31/08/2026 Hafta İçine Özel Yapılacak Anlaşmalarınız %20 İndirimle Sadece,40000
Antiokheia Davet Salonu Fiyatları - Hafta İçine Özel Yapılacak Anlaşmalarınız %20 İndirimle Sadece,40000
Antiokheia Davet Salonu Fiyatları - Yemekli Min. 40 - Maks,250
Antiokheia Davet Salonu Fiyatları - Kokteyl Min. 40 - Maks,250
Antiokheia Davet Salonu Fiyatları - Min. 40 - Maks,250
Sofram Kına ve Nişan Salonu Fiyatları - Yemekli Min. 50 - Maks,150
Sofram Kına ve Nişan Salonu Fiyatları - Kokteyl Min. 50 - Maks,150
Sofram Kına ve Nişan Salonu Fiyatları - Önerilen Firmalar Flowers Düğün ve Toplantı Salonu 5 - 0 (4) Yomra 100 - 625 Mekan Fiyatı Paket,90000
Sofram Kına ve Nişan Salonu Fiyatları - Garden Uzunkum Ortahisar Mercan Korupark Kır Düğünü 4 - 8 (10) Akçaabat 70 - 900 Yemekli Kişi Başı,850
Sofram Kına ve Nişan Salonu Fiyatları - Flowers Düğün ve Toplantı Salonu 5 - 0 (4) Yomra 100 - 625 Mekan Fiyatı Paket,90000
Sofram Kına ve Nişan Salonu Fiyatları - 5 - 0 (4) Yomra 100,625
Sofram Kına ve Nişan Salonu Fiyatları - 100,625
Sofram Kına ve Nişan Salonu Fiyatları - Mekan Fiyatı Paket,90000
Sofram Kına ve Nişan Salonu Fiyatları - Mercan Korupark Kır Düğünü 4 - 8 (10) Akçaabat 70 - 900 Yemekli Kişi Başı,850
Sofram Kına ve Nişan Salonu Fiyatları - 4 - 8 (10) Akçaabat 70,900
Sofram Kına ve Nişan Salonu Fiyatları - 70,900
Sofram Kına ve Nişan Salonu Fiyatları - Yemekli Kişi Başı,850
Sofram Kına ve Nişan Salonu Fiyatları - Min. 50 - Maks,150
Altınsaray Düğün Salonu ve Kır Bahçesi Fiyatları - Yemekli Min. 200 - Maks,2500
Altınsaray Düğün Salonu ve Kır Bahçesi Fiyatları - Kokteyl Min. 200 - Maks,2500
Altınsaray Düğün Salonu ve Kır Bahçesi Fiyatları - Önerilen Firmalar Sobepark 4 - 7 (10) Selçuklu 30 - 350 Yemekli Kişi Başı,750
Altınsaray Düğün Salonu ve Kır Bahçesi Fiyatları - Vizyon Garden Düğün & Kongre Merkezi 5 - 0 (7) Karatay 50 - 1250 Kişi Başı,425380
Altınsaray Düğün Salonu ve Kır Bahçesi Fiyatları - Deluxe Manolya Düğün Sarayı 5 - 0 (3) Selçuklu 100 - 9000 Kişi Başı,450350
Altınsaray Düğün Salonu ve Kır Bahçesi Fiyatları - Küçükkırlı Deluxe 5 - 0 (11) Meram 100 - 3000 Yemekli Kişi Başı,500
Altınsaray Düğün Salonu ve Kır Bahçesi Fiyatları - Sobepark 4 - 7 (10) Selçuklu 30 - 350 Yemekli Kişi Başı,750
Altınsaray Düğün Salonu ve Kır Bahçesi Fiyatları - 4 - 7 (10) Selçuklu 30,350
Altınsaray Düğün Salonu ve Kır Bahçesi Fiyatları - 30,350
Altınsaray Düğün Salonu ve Kır Bahçesi Fiyatları - Yemekli Kişi Başı,750
Altınsaray Düğün Salonu ve Kır Bahçesi Fiyatları - 4 - 6 (14) Meram 50,5000
Altınsaray Düğün Salonu ve Kır Bahçesi Fiyatları - 50,5000
Altınsaray Düğün Salonu ve Kır Bahçesi Fiyatları - 5 - 0 (10) Meram 100,9500
Altınsaray Düğün Salonu ve Kır Bahçesi Fiyatları - 100,9500
Altınsaray Düğün Salonu ve Kır Bahçesi Fiyatları - 5 - 0 (7) Karatay 50,1250
Altınsaray Düğün Salonu ve Kır Bahçesi Fiyatları - 50,1250
Altınsaray Düğün Salonu ve Kır Bahçesi Fiyatları - Kişi Başı,425380
Altınsaray Düğün Salonu ve Kır Bahçesi Fiyatları - 425,380
Altınsaray Düğün Salonu ve Kır Bahçesi Fiyatları - 5 - 0 (3) Selçuklu 100,9000
Altınsaray Düğün Salonu ve Kır Bahçesi Fiyatları - 100,9000
Altınsaray Düğün Salonu ve Kır Bahçesi Fiyatları - Kişi Başı,450350
Altınsaray Düğün Salonu ve Kır Bahçesi Fiyatları - 450,350
Altınsaray Düğün Salonu ve Kır Bahçesi Fiyatları - 5 - 0 (11) Meram 100,3000
Altınsaray Düğün Salonu ve Kır Bahçesi Fiyatları - 100,3000
Altınsaray Düğün Salonu ve Kır Bahçesi Fiyatları - Yemekli Kişi Başı,500
Altınsaray Düğün Salonu ve Kır Bahçesi Fiyatları - Min. 200 - Maks,2500
Altınsaray Düğün Salonu ve Kır Bahçesi Fiyatları - 210.000,100000
Altınsaray Düğün Salonu ve Kır Bahçesi Fiyatları - 195.000,130000
Altınsaray Düğün Salonu ve Kır Bahçesi Fiyatları - Kişi Başı,425
Altınsaray Düğün Salonu ve Kır Bahçesi Fiyatları - Kişi Başı,380
Altınsaray Düğün Salonu ve Kır Bahçesi Fiyatları - Kişi Başı,450
Altınsaray Düğün Salonu ve Kır Bahçesi Fiyatları - Kişi Başı,350
Çorum Öğretmenevi Hitit Düğün Salonu Fiyatları - Önerilen Firmalar Seyirtepe Kır Düğünü & Sıla Düğün Salonu İskilip Mekan Fiyatı Kişi Başı,400
Çorum Öğretmenevi Hitit Düğün Salonu Fiyatları - Seyirtepe Kır Düğünü & Sıla Düğün Salonu İskilip Mekan Fiyatı Kişi Başı,400
Çorum Öğretmenevi Hitit Düğün Salonu Fiyatları - Mekan Fiyatı Kişi Başı,400
Gürses Kına Düğün Davet Salonu Fiyatları - Yemekli Min. 10 - Maks,500
Gürses Kına Düğün Davet Salonu Fiyatları - Kokteyl Min. 10 - Maks,650
Gürses Kına Düğün Davet Salonu Fiyatları - Önerilen Firmalar Armonia Park 4 - 9 (10) Bayrampaşa 100 - 350 Yemekli Kişi Başı,900
Gürses Kına Düğün Davet Salonu Fiyatları - Sarıyer Garden 5 - 0 (11) Sarıyer 200 - 350 Kokteyl Kişi Başı,650
Gürses Kına Düğün Davet Salonu Fiyatları - Mavera Davet Salonu 4 - 7 (10) Arnavutköy 80 - 850 Kokteyl Kişi Başı,540
Gürses Kına Düğün Davet Salonu Fiyatları - Çamlık Garden 4 - 5 (11) Sarıyer 100 - 400 Kokteyl Paket,120000
Gürses Kına Düğün Davet Salonu Fiyatları - Armonia Park 4 - 9 (10) Bayrampaşa 100 - 350 Yemekli Kişi Başı,900
Gürses Kına Düğün Davet Salonu Fiyatları - 4 - 9 (10) Bayrampaşa 100,350
Gürses Kına Düğün Davet Salonu Fiyatları - 100,350
Gürses Kına Düğün Davet Salonu Fiyatları - Yemekli Kişi Başı,900
Gürses Kına Düğün Davet Salonu Fiyatları - 5 - 0 (11) Sarıyer 200,350
Gürses Kına Düğün Davet Salonu Fiyatları - 200,350
Gürses Kına Düğün Davet Salonu Fiyatları - Kokteyl Kişi Başı,650
Gürses Kına Düğün Davet Salonu Fiyatları - 4 - 7 (10) Arnavutköy 80,850
Gürses Kına Düğün Davet Salonu Fiyatları - 80,850
Gürses Kına Düğün Davet Salonu Fiyatları - Kokteyl Kişi Başı,540
Gürses Kına Düğün Davet Salonu Fiyatları - 4 - 5 (11) Sarıyer 100,400
Gürses Kına Düğün Davet Salonu Fiyatları - 100,400
Gürses Kına Düğün Davet Salonu Fiyatları - Kokteyl Paket,120000
Gürses Kına Düğün Davet Salonu Fiyatları - 5 - 0 (10) Beyoğlu 50,650
Gürses Kına Düğün Davet Salonu Fiyatları - 50,650
Gürses Kına Düğün Davet Salonu Fiyatları - Fatih 10,500
Gürses Kına Düğün Davet Salonu Fiyatları - 10,500
Gürses Kına Düğün Davet Salonu Fiyatları - Min. 10 - Maks,500
Gürses Kına Düğün Davet Salonu Fiyatları - Min. 10 - Maks,650
Safir Davet Salonu Fiyatları - Önerilen Firmalar Altınyunus Yunuspark Kır Salonu 4 - 3 (14) Battalgazi 200 - 1500 Yemekli Paket,250000
Safir Davet Salonu Fiyatları - Altınyunus Yunuspark Kır Salonu 4 - 3 (14) Battalgazi 200 - 1500 Yemekli Paket,250000
Safir Davet Salonu Fiyatları - 4 - 3 (14) Battalgazi 200,1500
Safir Davet Salonu Fiyatları - 200,1500
Safir Davet Salonu Fiyatları - Yemekli Paket,250000
Safir Davet Salonu Fiyatları - Battalgazi 10,750
Safir Davet Salonu Fiyatları - 10,750
Safir Davet Salonu Fiyatları - 240.000,215000
Eylül Davet Fiyatları - 10 medyayı görüntüle Kapasite 30 - 400 Kişi Bütün Kapasite Bilgileri Paket 70.000,50000
Eylül Davet Fiyatları - Paket 70.000,50000
Eylül Davet Fiyatları - 70.000,50000
Eylül Davet Fiyatları - Yemekli Min. 30 - Maks,300
Eylül Davet Fiyatları - Kokteyl Min. 30 - Maks,400
Eylül Davet Fiyatları - Önerilen Firmalar Safir Dome Event Altıeylül 10 - 200 Yemekli Kişi Başı,900
Eylül Davet Fiyatları - Asos Garden Kır Düğün Sarayı 4 - 4 (3) Karesi 200 - 1500 Yemekli Kişi Başı,480
Eylül Davet Fiyatları - Alfa Plaza Event & Wedding 4 - 7 (1) Karesi 50 - 600 Yemekli Kişi Başı,120
Eylül Davet Fiyatları - Safir Dome Event Altıeylül 10 - 200 Yemekli Kişi Başı,900
Eylül Davet Fiyatları - Altıeylül 10,200
Eylül Davet Fiyatları - 10,200
Eylül Davet Fiyatları - Yemekli Kişi Başı,900
Eylül Davet Fiyatları - 4 - 4 (3) Karesi 200,1500
Eylül Davet Fiyatları - 200,1500
Eylül Davet Fiyatları - Yemekli Kişi Başı,480
Eylül Davet Fiyatları - 4 - 7 (1) Karesi 50,600
Eylül Davet Fiyatları - 50,600
Eylül Davet Fiyatları - Yemekli Kişi Başı,120
Eylül Davet Fiyatları - Erka Aktivite ve Yaşam Merkezi Karesi 100,625
Eylül Davet Fiyatları - Karesi 100,625
Eylül Davet Fiyatları - 100,625
Eylül Davet Fiyatları - 4 - 8 (10) Altıeylül 250,1500
Eylül Davet Fiyatları - 250,1500
Eylül Davet Fiyatları - Min. 30 - Maks,300
Eylül Davet Fiyatları - Min. 30 - Maks,400
Eylül Davet Fiyatları - 120.000,100000
Değirmenci Düğün Salonu Fiyatları - 10 medyayı görüntüle Kapasite 100 - 450 Kişi Bütün Kapasite Bilgileri Paket 55.000,35000
Değirmenci Düğün Salonu Fiyatları - Paket 55.000,35000
Değirmenci Düğün Salonu Fiyatları - 55.000,35000
Değirmenci Düğün Salonu Fiyatları - Kokteyl Menü Mekan Fiyatı Hafta İçi Paket,60000
Değirmenci Düğün Salonu Fiyatları - Hafta Sonu Paket,80000
Değirmenci Düğün Salonu Fiyatları - Yemekli Min. 100 - Maks,450
Değirmenci Düğün Salonu Fiyatları - Kokteyl Min. 100 - Maks,450
Değirmenci Düğün Salonu Fiyatları - Önerilen Firmalar Visal Event & More 4 - 6 (11) Buca 10 - 120 Kokteyl Paket,45000
Değirmenci Düğün Salonu Fiyatları - Weiss Event Bornova 35 - 150 Yemekli Kişi Başı,550
Değirmenci Düğün Salonu Fiyatları - Beyaz Ev By Saran Organizasyon 5 - 0 (1) Balçova 50 - 500 Kokteyl Paket,80000
Değirmenci Düğün Salonu Fiyatları - Taş Konak 4 - 8 (12) Bornova 10 - 350 Kokteyl Paket,45000
Değirmenci Düğün Salonu Fiyatları - First Step Event Hall 4 - 3 (10) Çiğli 100 - 500 Mekan Fiyatı Paket,75000
Değirmenci Düğün Salonu Fiyatları - Yel Event 4 - 2 (11) Balçova 10 - 400 Kokteyl Kişi Başı,500
Değirmenci Düğün Salonu Fiyatları - Visal Event & More 4 - 6 (11) Buca 10 - 120 Kokteyl Paket,45000
Değirmenci Düğün Salonu Fiyatları - 4 - 6 (11) Buca 10,120
Değirmenci Düğün Salonu Fiyatları - 10,120
Değirmenci Düğün Salonu Fiyatları - Kokteyl Paket,45000
Değirmenci Düğün Salonu Fiyatları - Bornova 35,150
Değirmenci Düğün Salonu Fiyatları - 35,150
Değirmenci Düğün Salonu Fiyatları - Yemekli Kişi Başı,550
Değirmenci Düğün Salonu Fiyatları - 5 - 0 (1) Balçova 50,500
Değirmenci Düğün Salonu Fiyatları - 50,500
Değirmenci Düğün Salonu Fiyatları - Kokteyl Paket,80000
Değirmenci Düğün Salonu Fiyatları - 4 - 8 (12) Bornova 10,350
Değirmenci Düğün Salonu Fiyatları - 10,350
Değirmenci Düğün Salonu Fiyatları - 4 - 3 (10) Çiğli 100,500
Değirmenci Düğün Salonu Fiyatları - 100,500
Değirmenci Düğün Salonu Fiyatları - Mekan Fiyatı Paket,75000
Değirmenci Düğün Salonu Fiyatları - 4 - 2 (11) Balçova 10,400
Değirmenci Düğün Salonu Fiyatları - 10,400
Değirmenci Düğün Salonu Fiyatları - Kokteyl Kişi Başı,500
Değirmenci Düğün Salonu Fiyatları - Min. 100 - Maks,450
Zeytindalı Davet İstanbul Fiyatları - Yemekli Min. 10 - Maks,115
Zeytindalı Davet İstanbul Fiyatları - Kokteyl Min. 10 - Maks,150
Zeytindalı Davet İstanbul Fiyatları - Önerilen Firmalar Güneşli Davet Evi 5 - 0 (17) Bağcılar 50 - 155 Kokteyl Paket,35000
Zeytindalı Davet İstanbul Fiyatları - Eva Penthouse 5 - 0 (11) Beyoğlu 10 - 120 Kokteyl Paket,42500
Zeytindalı Davet İstanbul Fiyatları - Volim Davet 5 - 0 (10) Başakşehir 20 - 150 Yemekli Paket,69000
Zeytindalı Davet İstanbul Fiyatları - Breeze Angel Davet Evi 5 - 0 (8) Eyüp 50 - 130 Kokteyl Paket,65000
Zeytindalı Davet İstanbul Fiyatları - Zirve Davet İstanbul 4 - 6 (10) Gaziosmanpaşa 10 - 200 Kokteyl Paket,35000
Zeytindalı Davet İstanbul Fiyatları - Mado Davet 5 - 0 (10) Bağcılar 25 - 200 Kokteyl Paket,60000
Zeytindalı Davet İstanbul Fiyatları - Güneşli Davet Evi 5 - 0 (17) Bağcılar 50 - 155 Kokteyl Paket,35000
Zeytindalı Davet İstanbul Fiyatları - 5 - 0 (17) Bağcılar 50,155
Zeytindalı Davet İstanbul Fiyatları - 50,155
Zeytindalı Davet İstanbul Fiyatları - Kokteyl Paket,35000
Zeytindalı Davet İstanbul Fiyatları - 5 - 0 (11) Beyoğlu 10,120
Zeytindalı Davet İstanbul Fiyatları - 10,120
Zeytindalı Davet İstanbul Fiyatları - Kokteyl Paket,42500
Zeytindalı Davet İstanbul Fiyatları - 5 - 0 (10) Başakşehir 20,150
Zeytindalı Davet İstanbul Fiyatları - 20,150
Zeytindalı Davet İstanbul Fiyatları - Yemekli Paket,69000
Zeytindalı Davet İstanbul Fiyatları - 5 - 0 (8) Eyüp 50,130
Zeytindalı Davet İstanbul Fiyatları - 50,130
Zeytindalı Davet İstanbul Fiyatları - Kokteyl Paket,65000
Zeytindalı Davet İstanbul Fiyatları - 4 - 6 (10) Gaziosmanpaşa 10,200
Zeytindalı Davet İstanbul Fiyatları - 10,200
Zeytindalı Davet İstanbul Fiyatları - 5 - 0 (10) Bağcılar 25,200
Zeytindalı Davet İstanbul Fiyatları - 25,200
Zeytindalı Davet İstanbul Fiyatları - Kokteyl Paket,60000
Zeytindalı Davet İstanbul Fiyatları - Min. 10 - Maks,115
Zeytindalı Davet İstanbul Fiyatları - Min. 10 - Maks,150
Teras Davet Salonu Fiyatları - Önerilen Firmalar Artı Nirvana Garden 4 - 7 (10) Altınordu 100 - 600 Paket 80.000,65000
Teras Davet Salonu Fiyatları - Artı Nirvana Garden 4 - 7 (10) Altınordu 100 - 600 Paket 80.000,65000
Teras Davet Salonu Fiyatları - 4 - 7 (10) Altınordu 100,600
Teras Davet Salonu Fiyatları - 100,600
Teras Davet Salonu Fiyatları - Paket 80.000,65000
Teras Davet Salonu Fiyatları - 80.000,65000
Atatürk Orman Çiftliği Düğün Salonu Fiyatları - Önerilen Firmalar Seyirtepe Kır Düğünü & Sıla Düğün Salonu İskilip Mekan Fiyatı Kişi Başı,400
Atatürk Orman Çiftliği Düğün Salonu Fiyatları - Seyirtepe Kır Düğünü & Sıla Düğün Salonu İskilip Mekan Fiyatı Kişi Başı,400
Atatürk Orman Çiftliği Düğün Salonu Fiyatları - Mekan Fiyatı Kişi Başı,400
Vip Gala Ezgi Salon Fiyatları - 88 medyayı görüntüle Kapasite 50 - 250 Kişi Bütün Kapasite Bilgileri Kokteyl Kişi Başı,500
Vip Gala Ezgi Salon Fiyatları - Kokteyl Kişi Başı,500
Vip Gala Ezgi Salon Fiyatları - Ezgi̇ Salon Mekan Fiyatı Hafta İçi Paket,40000
Vip Gala Ezgi Salon Fiyatları - Hafta Sonu Paket,50000
Vip Gala Ezgi Salon Fiyatları - Detaylar Son Güncelleme: 18.05.2026 Ezgi̇ Salon Kokteyl Menü Kokteyl Hafta İçi Kişi Başı,500
Vip Gala Ezgi Salon Fiyatları - Hafta Sonu Kişi Başı,500
Vip Gala Ezgi Salon Fiyatları - Ezgi̇ Salon Kokteyl Menü Kokteyl Hafta İçi Kişi Başı,500
Vip Gala Ezgi Salon Fiyatları - Yemekli Min. 50 - Maks,250
Vip Gala Ezgi Salon Fiyatları - Kokteyl Min. 50 - Maks,250
Vip Gala Ezgi Salon Fiyatları - Fiyatlar,2025
Vip Gala Ezgi Salon Fiyatları - Kişi Başı,500
Vip Gala Ezgi Salon Fiyatları - Min. 50 - Maks,250
Beyzade Düğün Kına Ve Söz Nişan Salonu Fiyatları - Yemekli Min. 50 - Maks,200
Beyzade Düğün Kına Ve Söz Nişan Salonu Fiyatları - Kokteyl Min. 50 - Maks,200
Beyzade Düğün Kına Ve Söz Nişan Salonu Fiyatları - Yemekli Min. 50 - Maks,400
Beyzade Düğün Kına Ve Söz Nişan Salonu Fiyatları - Kokteyl Min. 50 - Maks,400
Beyzade Düğün Kına Ve Söz Nişan Salonu Fiyatları - Önerilen Firmalar Çamlıca Köşk Teras 5 - 0 (17) Üsküdar 100 - 350 Kokteyl Kişi Başı,500
Beyzade Düğün Kına Ve Söz Nişan Salonu Fiyatları - Meydan Davet Salonu 4 - 9 (14) Kartal 50 - 250 Mekan Fiyatı Paket,30000
Beyzade Düğün Kına Ve Söz Nişan Salonu Fiyatları - Mavi Rüya Balo Davet Salonu 4 - 9 (10) Pendik 50 - 500 Yemekli Kişi Başı,250
Beyzade Düğün Kına Ve Söz Nişan Salonu Fiyatları - Arjin Davet Salonu 4 - 6 (12) Ataşehir 10 - 250 Kokteyl Paket,65000
Beyzade Düğün Kına Ve Söz Nişan Salonu Fiyatları - Gülce Davet 4 - 9 (36) Sancaktepe 30 - 120 Kokteyl Paket,16000
Beyzade Düğün Kına Ve Söz Nişan Salonu Fiyatları - Kokoş Wedding 5 - 0 (10) Beykoz 100 - 350 Kokteyl Paket,55000
Beyzade Düğün Kına Ve Söz Nişan Salonu Fiyatları - Çamlıca Köşk Teras 5 - 0 (17) Üsküdar 100 - 350 Kokteyl Kişi Başı,500
Beyzade Düğün Kına Ve Söz Nişan Salonu Fiyatları - 5 - 0 (17) Üsküdar 100,350
Beyzade Düğün Kına Ve Söz Nişan Salonu Fiyatları - 100,350
Beyzade Düğün Kına Ve Söz Nişan Salonu Fiyatları - Kokteyl Kişi Başı,500
Beyzade Düğün Kına Ve Söz Nişan Salonu Fiyatları - 4 - 9 (14) Kartal 50,250
Beyzade Düğün Kına Ve Söz Nişan Salonu Fiyatları - 50,250
Beyzade Düğün Kına Ve Söz Nişan Salonu Fiyatları - Mekan Fiyatı Paket,30000
Beyzade Düğün Kına Ve Söz Nişan Salonu Fiyatları - 4 - 9 (10) Pendik 50,500
Beyzade Düğün Kına Ve Söz Nişan Salonu Fiyatları - 50,500
Beyzade Düğün Kına Ve Söz Nişan Salonu Fiyatları - Yemekli Kişi Başı,250
Beyzade Düğün Kına Ve Söz Nişan Salonu Fiyatları - 4 - 6 (12) Ataşehir 10,250
Beyzade Düğün Kına Ve Söz Nişan Salonu Fiyatları - 10,250
Beyzade Düğün Kına Ve Söz Nişan Salonu Fiyatları - Kokteyl Paket,65000
Beyzade Düğün Kına Ve Söz Nişan Salonu Fiyatları - 4 - 9 (36) Sancaktepe 30,120
Beyzade Düğün Kına Ve Söz Nişan Salonu Fiyatları - 30,120
Beyzade Düğün Kına Ve Söz Nişan Salonu Fiyatları - Kokteyl Paket,16000
Beyzade Düğün Kına Ve Söz Nişan Salonu Fiyatları - 5 - 0 (10) Beykoz 100,350
Beyzade Düğün Kına Ve Söz Nişan Salonu Fiyatları - Kokteyl Paket,55000
Beyzade Düğün Kına Ve Söz Nişan Salonu Fiyatları - Min. 50 - Maks,200
Beyzade Düğün Kına Ve Söz Nişan Salonu Fiyatları - Min. 50 - Maks,400
Pamuk Prenses Düğün Salonları Fiyatları - 10 medyayı görüntüle Kapasite 200 - 2500 Kişi Bütün Kapasite Bilgileri Yemekli Kişi Başı,45000
Pamuk Prenses Düğün Salonları Fiyatları - Yemekli Kişi Başı,45000
Pamuk Prenses Düğün Salonları Fiyatları - Yemekli Yemekli Hafta İçi Kişi Başı,45000
Pamuk Prenses Düğün Salonları Fiyatları - Hafta Sonu Kişi Başı,60000
Pamuk Prenses Düğün Salonları Fiyatları - Detaylar Son Güncelleme: 01.06.2026 Yemekli Yemekli Hafta İçi Kişi Başı,45000
Pamuk Prenses Düğün Salonları Fiyatları - Detaylar Son Güncelleme: 01.06.2026 Kokteyl Kokteyl Hafta İçi Kişi Başı,45000
Pamuk Prenses Düğün Salonları Fiyatları - Kokteyl Kokteyl Hafta İçi Kişi Başı,45000
Pamuk Prenses Düğün Salonları Fiyatları - Yemekli Min. 200 - Maks,2500
Pamuk Prenses Düğün Salonları Fiyatları - Kokteyl Min. 200 - Maks,2500
Pamuk Prenses Düğün Salonları Fiyatları - Önerilen Firmalar Sobepark 4 - 7 (10) Selçuklu 30 - 350 Paket 80.000,59000
Pamuk Prenses Düğün Salonları Fiyatları - Gold Nişan ve Kına Salonu 4 - 9 (12) Selçuklu 50 - 400 Kokteyl Paket,35000
Pamuk Prenses Düğün Salonları Fiyatları - Dedeman Konya 4 - 8 (10) Selçuklu 300 - 2000 Yemekli Kişi Başı,1650
Pamuk Prenses Düğün Salonları Fiyatları - Deluxe Manolya Düğün Sarayı 5 - 0 (3) Selçuklu 100 - 9000 Kişi Başı,450350
Pamuk Prenses Düğün Salonları Fiyatları - Küçükkırlı Deluxe 5 - 0 (11) Meram 100 - 3000 Yemekli Kişi Başı,500
Pamuk Prenses Düğün Salonları Fiyatları - Prenses Deluxe Düğün Sarayı Selçuklu 100 - 600 Kişi Başı,350250
Pamuk Prenses Düğün Salonları Fiyatları - Sobepark 4 - 7 (10) Selçuklu 30 - 350 Paket 80.000,59000
Pamuk Prenses Düğün Salonları Fiyatları - 4 - 7 (10) Selçuklu 30,350
Pamuk Prenses Düğün Salonları Fiyatları - 30,350
Pamuk Prenses Düğün Salonları Fiyatları - Paket 80.000,59000
Pamuk Prenses Düğün Salonları Fiyatları - 80.000,59000
Pamuk Prenses Düğün Salonları Fiyatları - 4 - 9 (12) Selçuklu 50,400
Pamuk Prenses Düğün Salonları Fiyatları - 50,400
Pamuk Prenses Düğün Salonları Fiyatları - Kokteyl Paket,35000
Pamuk Prenses Düğün Salonları Fiyatları - 4 - 8 (10) Selçuklu 300,2000
Pamuk Prenses Düğün Salonları Fiyatları - 300,2000
Pamuk Prenses Düğün Salonları Fiyatları - Yemekli Kişi Başı,1650
Pamuk Prenses Düğün Salonları Fiyatları - 5 - 0 (3) Selçuklu 100,9000
Pamuk Prenses Düğün Salonları Fiyatları - 100,9000
Pamuk Prenses Düğün Salonları Fiyatları - Kişi Başı,450350
Pamuk Prenses Düğün Salonları Fiyatları - 450,350
Pamuk Prenses Düğün Salonları Fiyatları - 5 - 0 (11) Meram 100,3000
Pamuk Prenses Düğün Salonları Fiyatları - 100,3000
Pamuk Prenses Düğün Salonları Fiyatları - Yemekli Kişi Başı,500
Pamuk Prenses Düğün Salonları Fiyatları - Selçuklu 100,600
Pamuk Prenses Düğün Salonları Fiyatları - 100,600
Pamuk Prenses Düğün Salonları Fiyatları - Kişi Başı,350250
Pamuk Prenses Düğün Salonları Fiyatları - 350,250
Pamuk Prenses Düğün Salonları Fiyatları - Min. 200 - Maks,2500
Pamuk Prenses Düğün Salonları Fiyatları - Kişi Başı,450
Pamuk Prenses Düğün Salonları Fiyatları - Kişi Başı,350
Pamuk Prenses Düğün Salonları Fiyatları - Kişi Başı,250
Black Swan Davet Salonu Fiyatları - Önerilen Firmalar Windyhill Hotel 4 - 8 (10) Merkez 10 - 3000 Yemekli Kişi Başı,780
Black Swan Davet Salonu Fiyatları - Windyhill Hotel 4 - 8 (10) Merkez 10 - 3000 Yemekli Kişi Başı,780
Black Swan Davet Salonu Fiyatları - 4 - 8 (10) Merkez 10,3000
Black Swan Davet Salonu Fiyatları - 10,3000
Black Swan Davet Salonu Fiyatları - Yemekli Kişi Başı,780
Lin House Davet Salonları Fiyatları - 60 medyayı görüntüle Kapasite 20 - 100 Kişi Bütün Kapasite Bilgileri Kokteyl Paket,40000
Lin House Davet Salonları Fiyatları - Kokteyl Paket,40000
Lin House Davet Salonları Fiyatları - Kokteyl Kokteyl Hafta İçi Paket,40000
Lin House Davet Salonları Fiyatları - Hafta Sonu Paket,55000
Lin House Davet Salonları Fiyatları - Yemekli Min. 20 - Maks,100
Lin House Davet Salonları Fiyatları - Kokteyl Min. 20 - Maks,100
Lin House Davet Salonları Fiyatları - Adres: Zafer mahallesi 185. Sk. 19C - 34513 Esenyurt - Istanbul - Turkey,34100
Lin House Davet Salonları Fiyatları - Zafer mahallesi 185. Sk. 19C - 34513 Esenyurt - Istanbul - Turkey,34100
Lin House Davet Salonları Fiyatları - Min. 20 - Maks,100
Wedding Palace Davet Salonları Fiyatları - 10 medyayı görüntüle Kapasite 100 - 300 Kişi Bütün Kapasite Bilgileri Kokteyl Paket,69000
Wedding Palace Davet Salonları Fiyatları - Kokteyl Paket,69000
Wedding Palace Davet Salonları Fiyatları - Kampanyalı Menü Kokteyl Hafta İçi Paket,69000
Wedding Palace Davet Salonları Fiyatları - Hafta Sonu Paket,69000
Wedding Palace Davet Salonları Fiyatları - Yemekli Min. 100 - Maks,300
Wedding Palace Davet Salonları Fiyatları - Kokteyl Min. 100 - Maks,300
Wedding Palace Davet Salonları Fiyatları - Önerilen Firmalar Çamlıca Köşk Teras 5 - 0 (17) Üsküdar 100 - 350 Kokteyl Kişi Başı,500
Wedding Palace Davet Salonları Fiyatları - Sanateli Davet 5 - 0 (71) Esenyurt 10 - 300 Kokteyl Paket,35000
Wedding Palace Davet Salonları Fiyatları - Nars Event 5 - 0 (28) Başakşehir 50 - 250 Kokteyl Kişi Başı,400
Wedding Palace Davet Salonları Fiyatları - Eva Penthouse 5 - 0 (11) Beyoğlu 10 - 120 Kokteyl Paket,42500
Wedding Palace Davet Salonları Fiyatları - Breeze Angel Davet Evi 5 - 0 (8) Eyüp 50 - 130 Kokteyl Paket,65000
Wedding Palace Davet Salonları Fiyatları - Mavera Davet Salonu 4 - 7 (10) Arnavutköy 80 - 850 Kokteyl Kişi Başı,540
Wedding Palace Davet Salonları Fiyatları - Çamlıca Köşk Teras 5 - 0 (17) Üsküdar 100 - 350 Kokteyl Kişi Başı,500
Wedding Palace Davet Salonları Fiyatları - 5 - 0 (17) Üsküdar 100,350
Wedding Palace Davet Salonları Fiyatları - 100,350
Wedding Palace Davet Salonları Fiyatları - Kokteyl Kişi Başı,500
Wedding Palace Davet Salonları Fiyatları - 5 - 0 (71) Esenyurt 10,300
Wedding Palace Davet Salonları Fiyatları - 10,300
Wedding Palace Davet Salonları Fiyatları - Kokteyl Paket,35000
Wedding Palace Davet Salonları Fiyatları - 5 - 0 (28) Başakşehir 50,250
Wedding Palace Davet Salonları Fiyatları - 50,250
Wedding Palace Davet Salonları Fiyatları - Kokteyl Kişi Başı,400
Wedding Palace Davet Salonları Fiyatları - 5 - 0 (11) Beyoğlu 10,120
Wedding Palace Davet Salonları Fiyatları - 10,120
Wedding Palace Davet Salonları Fiyatları - Kokteyl Paket,42500
Wedding Palace Davet Salonları Fiyatları - 5 - 0 (8) Eyüp 50,130
Wedding Palace Davet Salonları Fiyatları - 50,130
Wedding Palace Davet Salonları Fiyatları - Kokteyl Paket,65000
Wedding Palace Davet Salonları Fiyatları - 4 - 7 (10) Arnavutköy 80,850
Wedding Palace Davet Salonları Fiyatları - 80,850
Wedding Palace Davet Salonları Fiyatları - Kokteyl Kişi Başı,540
Wedding Palace Davet Salonları Fiyatları - Min. 100 - Maks,300
Salon S - 23 medyayı görüntüle Kapasite 50 - 300 Kişi Bütün Kapasite Bilgileri %35 İndirim 100.000,65000
Salon S - %35 İndirim 100.000,65000
Salon S - 100.000,65000
Salon S - %35 İndirim Paket,100000
Salon S - %35 İndirim Paket,65000
Salon S - Son Kalan Mayıs ve Haziran Günlerine Özel Hafta İçi Akşam Organizasyonlarında Kokteyl Menü Sadece,65000
Salon S - Tuana Mekan Fiyatı Hafta İçi Paket,65000
Salon S - Hafta Sonu Paket,65000
Salon S - Yemekli Min. 50 - Maks,300
Salon S - Kokteyl Min. 50 - Maks,300
Salon S - 0224 322 20,68
Salon S - Paket,100000
Salon S - Paket,65000
Salon S - Min. 50 - Maks,300
Yelken Düğün Salonları Fiyatları - 8 medyayı görüntüle Kokteyl Kişi Başı,35000
Yelken Düğün Salonları Fiyatları - Kokteyl Kişi Başı,35000
Yelken Düğün Salonları Fiyatları - Pasta Meşrubat Menü Kokteyl Hafta İçi Kişi Başı,35000
Yelken Düğün Salonları Fiyatları - Hafta Sonu Kişi Başı,45000
Yelken Düğün Salonları Fiyatları - Önerilen Firmalar Glamour Luxury Event Melikgazi 50 - 100 Mekan Fiyatı Paket,32000
Yelken Düğün Salonları Fiyatları - Armonia Deluxe 4 - 8 (10) Talas 100 - 1500 Kokteyl Paket,80000
Yelken Düğün Salonları Fiyatları - Erciyes Binicilik Balo & Davet Salonu 5 - 0 (163) Melikgazi 300 - 800 Yemekli Kişi Başı,950
Yelken Düğün Salonları Fiyatları - Diva Premium Düğün Salonu 5 - 0 (119) Talas 100 - 600 Paket 85.000,65000
Yelken Düğün Salonları Fiyatları - Glamour Luxury Event Melikgazi 50 - 100 Mekan Fiyatı Paket,32000
Yelken Düğün Salonları Fiyatları - Melikgazi 50,100
Yelken Düğün Salonları Fiyatları - 50,100
Yelken Düğün Salonları Fiyatları - Mekan Fiyatı Paket,32000
Yelken Düğün Salonları Fiyatları - 5 - 0 (10) Kocasinan 50,600
Yelken Düğün Salonları Fiyatları - 50,600
Yelken Düğün Salonları Fiyatları - 4 - 8 (10) Talas 100,1500
Yelken Düğün Salonları Fiyatları - 100,1500
Yelken Düğün Salonları Fiyatları - Kokteyl Paket,80000
Yelken Düğün Salonları Fiyatları - 4 - 9 (10) Kocasinan 50,600
Yelken Düğün Salonları Fiyatları - 5 - 0 (163) Melikgazi 300,800
Yelken Düğün Salonları Fiyatları - 300,800
Yelken Düğün Salonları Fiyatları - Yemekli Kişi Başı,950
Yelken Düğün Salonları Fiyatları - 5 - 0 (119) Talas 100,600
Yelken Düğün Salonları Fiyatları - 100,600
Yelken Düğün Salonları Fiyatları - Paket 85.000,65000
Yelken Düğün Salonları Fiyatları - 85.000,65000
Yelken Düğün Salonları Fiyatları - 170.000,150000
Pırlanta Organizasyon ve Davet Salonu Fiyatları - 10 medyayı görüntüle Kapasite 10 - 150 Kişi Bütün Kapasite Bilgileri Paket 42.000,37000
Pırlanta Organizasyon ve Davet Salonu Fiyatları - Paket 42.000,37000
Pırlanta Organizasyon ve Davet Salonu Fiyatları - 42.000,37000
Pırlanta Organizasyon ve Davet Salonu Fiyatları - Kokteyl Menü Kokteyl Hafta İçi Paket,31000
Pırlanta Organizasyon ve Davet Salonu Fiyatları - Hafta Sonu Paket,35000
Pırlanta Organizasyon ve Davet Salonu Fiyatları - Yemekli Min. 10 - Maks,150
Pırlanta Organizasyon ve Davet Salonu Fiyatları - Kokteyl Min. 10 - Maks,150
Pırlanta Organizasyon ve Davet Salonu Fiyatları - Önerilen Firmalar Plus Hotel 5 - 0 (58) Ataşehir 30 - 165 Yemekli Paket,75000
Pırlanta Organizasyon ve Davet Salonu Fiyatları - Demet Rose Garden 5 - 0 (4) Çekmeköy 30 - 250 Mekan Fiyatı Paket,35000
Pırlanta Organizasyon ve Davet Salonu Fiyatları - Meydan Davet Salonu 4 - 9 (14) Kartal 50 - 250 Mekan Fiyatı Paket,30000
Pırlanta Organizasyon ve Davet Salonu Fiyatları - Mavi Rüya Balo Davet Salonu 4 - 9 (10) Pendik 50 - 500 Yemekli Kişi Başı,250
Pırlanta Organizasyon ve Davet Salonu Fiyatları - Asu Davet Evi 5 - 0 (12) Ümraniye 10 - 150 Kokteyl Kişi Başı,160
Pırlanta Organizasyon ve Davet Salonu Fiyatları - Yağmur Davet Evi 5 - 0 (10) Pendik 50 - 120 Kokteyl Paket,42000
Pırlanta Organizasyon ve Davet Salonu Fiyatları - Plus Hotel 5 - 0 (58) Ataşehir 30 - 165 Yemekli Paket,75000
Pırlanta Organizasyon ve Davet Salonu Fiyatları - 5 - 0 (58) Ataşehir 30,165
Pırlanta Organizasyon ve Davet Salonu Fiyatları - 30,165
Pırlanta Organizasyon ve Davet Salonu Fiyatları - Yemekli Paket,75000
Pırlanta Organizasyon ve Davet Salonu Fiyatları - 5 - 0 (4) Çekmeköy 30,250
Pırlanta Organizasyon ve Davet Salonu Fiyatları - 30,250
Pırlanta Organizasyon ve Davet Salonu Fiyatları - Mekan Fiyatı Paket,35000
Pırlanta Organizasyon ve Davet Salonu Fiyatları - 4 - 9 (14) Kartal 50,250
Pırlanta Organizasyon ve Davet Salonu Fiyatları - 50,250
Pırlanta Organizasyon ve Davet Salonu Fiyatları - Mekan Fiyatı Paket,30000
Pırlanta Organizasyon ve Davet Salonu Fiyatları - 4 - 9 (10) Pendik 50,500
Pırlanta Organizasyon ve Davet Salonu Fiyatları - 50,500
Pırlanta Organizasyon ve Davet Salonu Fiyatları - Yemekli Kişi Başı,250
Pırlanta Organizasyon ve Davet Salonu Fiyatları - 5 - 0 (12) Ümraniye 10,150
Pırlanta Organizasyon ve Davet Salonu Fiyatları - 10,150
Pırlanta Organizasyon ve Davet Salonu Fiyatları - Kokteyl Kişi Başı,160
Pırlanta Organizasyon ve Davet Salonu Fiyatları - 5 - 0 (10) Pendik 50,120
Pırlanta Organizasyon ve Davet Salonu Fiyatları - 50,120
Pırlanta Organizasyon ve Davet Salonu Fiyatları - Kokteyl Paket,42000
Pırlanta Organizasyon ve Davet Salonu Fiyatları - Min. 10 - Maks,150
Blanca Düğün Salonu Fiyatları - 47 medyayı görüntüle Kapasite 100 - 250 Kişi Bütün Kapasite Bilgileri Kokteyl Paket,90000
Blanca Düğün Salonu Fiyatları - Kokteyl Paket,90000
Blanca Düğün Salonu Fiyatları - Pastalı Menü Kokteyl Hafta İçi Paket,90000
Blanca Düğün Salonu Fiyatları - Hafta Sonu Paket,110000
Blanca Düğün Salonu Fiyatları - Yemekli Min. 100 - Maks,250
Blanca Düğün Salonu Fiyatları - Kokteyl Min. 100 - Maks,250
Blanca Düğün Salonu Fiyatları - Min. 100 - Maks,250
Eva Concept Davet Salonu Fiyatları - 20 medyayı görüntüle Kapasite 50 - 200 Kişi Bütün Kapasite Bilgileri Mekan Fiyatı Paket,35000
Eva Concept Davet Salonu Fiyatları - Mekan Fiyatı Paket,35000
Eva Concept Davet Salonu Fiyatları - Gold Paket Mekan Fiyatı Hafta İçi Paket,35000
Eva Concept Davet Salonu Fiyatları - Hafta Sonu Paket,35000
Eva Concept Davet Salonu Fiyatları - Detaylar Son Güncelleme: 30.05.2026 Silver Paket Mekan Fiyatı Hafta İçi Paket,35000
Eva Concept Davet Salonu Fiyatları - Detaylar Son Güncelleme: 30.05.2026 Bronz Paket Mekan Fiyatı Hafta İçi Paket,35000
Eva Concept Davet Salonu Fiyatları - Silver Paket Mekan Fiyatı Hafta İçi Paket,35000
Eva Concept Davet Salonu Fiyatları - Bronz Paket Mekan Fiyatı Hafta İçi Paket,35000
Eva Concept Davet Salonu Fiyatları - Yemekli Min. 50 - Maks,200
Eva Concept Davet Salonu Fiyatları - Kokteyl Min. 50 - Maks,200
Eva Concept Davet Salonu Fiyatları - 0850 532 01,53
Eva Concept Davet Salonu Fiyatları - Min. 50 - Maks,200
Arjin Davet Salonu Fiyatları - 89 medyayı görüntüle Kapasite 10 - 250 Kişi Bütün Kapasite Bilgileri Paket 68.000,60000
Arjin Davet Salonu Fiyatları - Paket 68.000,60000
Arjin Davet Salonu Fiyatları - 68.000,60000
Arjin Davet Salonu Fiyatları - Mekan Kiralama Mekan Fiyatı Hafta İçi Paket,35000
Arjin Davet Salonu Fiyatları - Hafta Sonu Paket,45000
Arjin Davet Salonu Fiyatları - Detaylar Son Güncelleme: 31.05.2026 Ordövr Kokteyl Hafta İçi Paket,54500
Arjin Davet Salonu Fiyatları - Hafta Sonu Paket,65000
Arjin Davet Salonu Fiyatları - Detaylar Son Güncelleme: 31.05.2026 Ordövr Tabağı Kokteyl Hafta İçi Paket,65000
Arjin Davet Salonu Fiyatları - Hafta Sonu Paket,74500
Arjin Davet Salonu Fiyatları - Ordövr Kokteyl Hafta İçi Paket,54500
Arjin Davet Salonu Fiyatları - Ordövr Tabağı Kokteyl Hafta İçi Paket,65000
Arjin Davet Salonu Fiyatları - Kampanyalar %12 Son gün 30/06/2026 Haziran Kampanyasıyla 150 Kişilik Paketimiz Sadece,60000
Arjin Davet Salonu Fiyatları - %12 Son gün 30/06/2026 Haziran Kampanyasıyla 150 Kişilik Paketimiz Sadece,60000
Arjin Davet Salonu Fiyatları - Haziran Kampanyasıyla 150 Kişilik Paketimiz Sadece,60000
Arjin Davet Salonu Fiyatları - %13 Son gün 30/06/2026 Haziran Ayına Özel 250 Kişilik Paket Her Şey Dahil,70000
Arjin Davet Salonu Fiyatları - Haziran Ayına Özel 250 Kişilik Paket Her Şey Dahil,70000
Arjin Davet Salonu Fiyatları - Yemekli Min. 10 - Maks,250
Arjin Davet Salonu Fiyatları - Kokteyl Min. 10 - Maks,250
Arjin Davet Salonu Fiyatları - 0216 706 06,80
Arjin Davet Salonu Fiyatları - Min. 10 - Maks,250
İlk Adım Düğün Salonu Fiyatları - Yemekli Min. 100 - Maks,625
İlk Adım Düğün Salonu Fiyatları - Kokteyl Min. 100 - Maks,625
İlk Adım Düğün Salonu Fiyatları - Yemekli Min. 600 - Maks,700
İlk Adım Düğün Salonu Fiyatları - Kokteyl Min. 600 - Maks,700
İlk Adım Düğün Salonu Fiyatları - Yemekli Min. 500 - Maks,600
İlk Adım Düğün Salonu Fiyatları - Kokteyl Min. 500 - Maks,600
İlk Adım Düğün Salonu Fiyatları - Yemekli Min. 300 - Maks,400
İlk Adım Düğün Salonu Fiyatları - Kokteyl Min. 300 - Maks,400
İlk Adım Düğün Salonu Fiyatları - Yemekli Min. 200 - Maks,1500
İlk Adım Düğün Salonu Fiyatları - Kokteyl Min. 200 - Maks,1500
İlk Adım Düğün Salonu Fiyatları - Yemekli Min. 400 - Maks,450
İlk Adım Düğün Salonu Fiyatları - Kokteyl Min. 400 - Maks,450
İlk Adım Düğün Salonu Fiyatları - Yemekli Min. 70 - Maks,80
İlk Adım Düğün Salonu Fiyatları - Kokteyl Min. 70 - Maks,80
İlk Adım Düğün Salonu Fiyatları - Önerilen Firmalar Kırdalife Düğün Davet Organizasyon 4 - 6 (11) Tepebaşı 30 - 100 Kokteyl Paket,22000
İlk Adım Düğün Salonu Fiyatları - White Garden Premium 5 - 0 (10) Tepebaşı 400 - 1300 Kokteyl Paket,100000
İlk Adım Düğün Salonu Fiyatları - Teke Events The Teke 4 - 6 (13) Tepebaşı 50 - 300 Yemekli Kişi Başı,450
İlk Adım Düğün Salonu Fiyatları - Salon Lidya Park 5 - 0 (11) Odunpazarı 150 - 700 Mekan Fiyatı Paket,80000
İlk Adım Düğün Salonu Fiyatları - Ekin City Davet Salonu 5 - 0 (10) Tepebaşı 10 - 170 Kokteyl Paket,50000
İlk Adım Düğün Salonu Fiyatları - Kırdalife Düğün Davet Organizasyon 4 - 6 (11) Tepebaşı 30 - 100 Kokteyl Paket,22000
İlk Adım Düğün Salonu Fiyatları - 4 - 6 (11) Tepebaşı 30,100
İlk Adım Düğün Salonu Fiyatları - 30,100
İlk Adım Düğün Salonu Fiyatları - Kokteyl Paket,22000
İlk Adım Düğün Salonu Fiyatları - 5 - 0 (10) Tepebaşı 400,1300
İlk Adım Düğün Salonu Fiyatları - 400,1300
İlk Adım Düğün Salonu Fiyatları - Kokteyl Paket,100000
İlk Adım Düğün Salonu Fiyatları - 4 - 6 (13) Tepebaşı 50,300
İlk Adım Düğün Salonu Fiyatları - 50,300
İlk Adım Düğün Salonu Fiyatları - Yemekli Kişi Başı,450
İlk Adım Düğün Salonu Fiyatları - 5 - 0 (11) Odunpazarı 150,700
İlk Adım Düğün Salonu Fiyatları - 150,700
İlk Adım Düğün Salonu Fiyatları - Mekan Fiyatı Paket,80000
İlk Adım Düğün Salonu Fiyatları - 5 - 0 (10) Tepebaşı 10,170
İlk Adım Düğün Salonu Fiyatları - 10,170
İlk Adım Düğün Salonu Fiyatları - Kokteyl Paket,50000
İlk Adım Düğün Salonu Fiyatları - Tepebaşı 200,1500
İlk Adım Düğün Salonu Fiyatları - 200,1500
İlk Adım Düğün Salonu Fiyatları - Min. 100 - Maks,625
İlk Adım Düğün Salonu Fiyatları - Min. 600 - Maks,700
İlk Adım Düğün Salonu Fiyatları - Min. 500 - Maks,600
İlk Adım Düğün Salonu Fiyatları - Min. 300 - Maks,400
İlk Adım Düğün Salonu Fiyatları - Min. 200 - Maks,1500
İlk Adım Düğün Salonu Fiyatları - Min. 400 - Maks,450
İlk Adım Düğün Salonu Fiyatları - Min. 70 - Maks,80
İlk Adım Düğün Salonu Fiyatları - 250.000,160000
Mavi Rüya Balo Davet Salonu Fiyatları - 80 medyayı görüntüle Kapasite 50 - 500 Kişi Bütün Kapasite Bilgileri Paket 55.000,40000
Mavi Rüya Balo Davet Salonu Fiyatları - Paket 55.000,40000
Mavi Rüya Balo Davet Salonu Fiyatları - 55.000,40000
Mavi Rüya Balo Davet Salonu Fiyatları - Et Menü Yemekli Hafta İçi Kişi Başı,350
Mavi Rüya Balo Davet Salonu Fiyatları - Hafta Sonu Kişi Başı,400
Mavi Rüya Balo Davet Salonu Fiyatları - Detaylar Son Güncelleme: 11.05.2026 Tavuk Menü Yemekli Hafta İçi Kişi Başı,250
Mavi Rüya Balo Davet Salonu Fiyatları - Hafta Sonu Kişi Başı,300
Mavi Rüya Balo Davet Salonu Fiyatları - Detaylar Son Güncelleme: 11.05.2026 Kokteyl Menü Kokteyl Hafta İçi Paket,60000
Mavi Rüya Balo Davet Salonu Fiyatları - Hafta Sonu Paket,70000
Mavi Rüya Balo Davet Salonu Fiyatları - Detaylar Son Güncelleme: 11.05.2026 İkramsız Salon Kiralama Mekan Fiyatı Hafta İçi Paket,50000
Mavi Rüya Balo Davet Salonu Fiyatları - Hafta Sonu Paket,60000
Mavi Rüya Balo Davet Salonu Fiyatları - Tavuk Menü Yemekli Hafta İçi Kişi Başı,250
Mavi Rüya Balo Davet Salonu Fiyatları - Kokteyl Menü Kokteyl Hafta İçi Paket,60000
Mavi Rüya Balo Davet Salonu Fiyatları - İkramsız Salon Kiralama Mekan Fiyatı Hafta İçi Paket,50000
Mavi Rüya Balo Davet Salonu Fiyatları - Kampanyalar %27 Son gün 01/07/2026 Hafta İçi Akşam Yapılacak Söz Nişan Organizasyonları,40000
Mavi Rüya Balo Davet Salonu Fiyatları - %27 Son gün 01/07/2026 Hafta İçi Akşam Yapılacak Söz Nişan Organizasyonları,40000
Mavi Rüya Balo Davet Salonu Fiyatları - Hafta İçi Akşam Yapılacak Söz Nişan Organizasyonları,40000
Mavi Rüya Balo Davet Salonu Fiyatları - Yemekli Min. 50 - Maks,500
Mavi Rüya Balo Davet Salonu Fiyatları - Kokteyl Min. 50 - Maks,500
Mavi Rüya Balo Davet Salonu Fiyatları - 0216 706 02,85
Mavi Rüya Balo Davet Salonu Fiyatları - Fiyatlar,2025
Mavi Rüya Balo Davet Salonu Fiyatları - Kişi Başı,350
Mavi Rüya Balo Davet Salonu Fiyatları - Kişi Başı,400
Mavi Rüya Balo Davet Salonu Fiyatları - Kişi Başı,250
Mavi Rüya Balo Davet Salonu Fiyatları - Kişi Başı,300
Mavi Rüya Balo Davet Salonu Fiyatları - Min. 50 - Maks,500
Salon Paşabey Fiyatları - Yemekli Min. 100 - Maks,450
Salon Paşabey Fiyatları - Kokteyl Min. 100 - Maks,450
Salon Paşabey Fiyatları - Min. 100 - Maks,450
Lilyum Wedding Düğün Ve Balo Salonu Fiyatları - 10 medyayı görüntüle Kapasite 50 - 450 Kişi Bütün Kapasite Bilgileri Kokteyl Paket,40000
Lilyum Wedding Düğün Ve Balo Salonu Fiyatları - Kokteyl Paket,40000
Lilyum Wedding Düğün Ve Balo Salonu Fiyatları - Söz Nişan Paketi Kokteyl Hafta İçi Kişi Başı,40000
Lilyum Wedding Düğün Ve Balo Salonu Fiyatları - Hafta Sonu Kişi Başı,60000
Lilyum Wedding Düğün Ve Balo Salonu Fiyatları - Detaylar Son Güncelleme: 20.05.2026 Gün Tabağı Kokteyl Hafta İçi Kişi Başı,40000
Lilyum Wedding Düğün Ve Balo Salonu Fiyatları - Detaylar Son Güncelleme: 20.05.2026 Ordövr Tabağı Kokteyl Hafta İçi Paket,40000
Lilyum Wedding Düğün Ve Balo Salonu Fiyatları - Hafta Sonu Paket,60000
Lilyum Wedding Düğün Ve Balo Salonu Fiyatları - Gün Tabağı Kokteyl Hafta İçi Kişi Başı,40000
Lilyum Wedding Düğün Ve Balo Salonu Fiyatları - Ordövr Tabağı Kokteyl Hafta İçi Paket,40000
Lilyum Wedding Düğün Ve Balo Salonu Fiyatları - Yemekli Min. 50 - Maks,450
Lilyum Wedding Düğün Ve Balo Salonu Fiyatları - Kokteyl Min. 50 - Maks,450
Lilyum Wedding Düğün Ve Balo Salonu Fiyatları - Önerilen Firmalar Miranda Event Keçiören 20 - 150 Paket 44.000,38000
Lilyum Wedding Düğün Ve Balo Salonu Fiyatları - Cafe En Terrasse Event 5 - 0 (46) Keçiören 50 - 150 Yemekli Kişi Başı,750
Lilyum Wedding Düğün Ve Balo Salonu Fiyatları - Bella Wedding & Event 5 - 0 (10) Keçiören 20 - 200 Düğün Kredisi Kokteyl Paket,62500
Lilyum Wedding Düğün Ve Balo Salonu Fiyatları - Via Event Davet Evi Organizasyon 4 - 2 (10) Keçiören 10 - 130 Paket 41.000,35000
Lilyum Wedding Düğün Ve Balo Salonu Fiyatları - Mood Event 4 - 7 (1) Keçiören 25 - 90 Kokteyl Paket,30000
Lilyum Wedding Düğün Ve Balo Salonu Fiyatları - Lena Kına Nikah Balo Salonu 4 - 6 (10) Keçiören 100 - 350 Kokteyl Paket,42500
Lilyum Wedding Düğün Ve Balo Salonu Fiyatları - Miranda Event Keçiören 20 - 150 Paket 44.000,38000
Lilyum Wedding Düğün Ve Balo Salonu Fiyatları - Keçiören 20,150
Lilyum Wedding Düğün Ve Balo Salonu Fiyatları - 20,150
Lilyum Wedding Düğün Ve Balo Salonu Fiyatları - Paket 44.000,38000
Lilyum Wedding Düğün Ve Balo Salonu Fiyatları - 44.000,38000
Lilyum Wedding Düğün Ve Balo Salonu Fiyatları - 5 - 0 (46) Keçiören 50,150
Lilyum Wedding Düğün Ve Balo Salonu Fiyatları - 50,150
Lilyum Wedding Düğün Ve Balo Salonu Fiyatları - Yemekli Kişi Başı,750
Lilyum Wedding Düğün Ve Balo Salonu Fiyatları - 20,200
Lilyum Wedding Düğün Ve Balo Salonu Fiyatları - Kokteyl Paket,62500
Lilyum Wedding Düğün Ve Balo Salonu Fiyatları - 4 - 2 (10) Keçiören 10,130
Lilyum Wedding Düğün Ve Balo Salonu Fiyatları - 10,130
Lilyum Wedding Düğün Ve Balo Salonu Fiyatları - Paket 41.000,35000
Lilyum Wedding Düğün Ve Balo Salonu Fiyatları - 41.000,35000
Lilyum Wedding Düğün Ve Balo Salonu Fiyatları - 4 - 7 (1) Keçiören 25,90
Lilyum Wedding Düğün Ve Balo Salonu Fiyatları - 25,90
Lilyum Wedding Düğün Ve Balo Salonu Fiyatları - Kokteyl Paket,30000
Lilyum Wedding Düğün Ve Balo Salonu Fiyatları - 4 - 6 (10) Keçiören 100,350
Lilyum Wedding Düğün Ve Balo Salonu Fiyatları - 100,350
Lilyum Wedding Düğün Ve Balo Salonu Fiyatları - Kokteyl Paket,42500
Lilyum Wedding Düğün Ve Balo Salonu Fiyatları - Min. 50 - Maks,450
Asfor & Arus Balo Salonları Fiyatları - 10 medyayı görüntüle Kapasite 100 - 1200 Kişi Bütün Kapasite Bilgileri Yemekli Kişi Başı,750
Asfor & Arus Balo Salonları Fiyatları - Yemekli Kişi Başı,750
Asfor & Arus Balo Salonları Fiyatları - Kokteyl Menü Kokteyl Hafta İçi Kişi Başı,550
Asfor & Arus Balo Salonları Fiyatları - Hafta Sonu Kişi Başı,650
Asfor & Arus Balo Salonları Fiyatları - Detaylar Son Güncelleme: 10.04.2026 Beyaz Et Menü Yemekli Hafta İçi Kişi Başı,750
Asfor & Arus Balo Salonları Fiyatları - Hafta Sonu Kişi Başı,850
Asfor & Arus Balo Salonları Fiyatları - Detaylar Son Güncelleme: 10.04.2026 Kirmizi Et Menü Yemekli Hafta İçi Kişi Başı,900
Asfor & Arus Balo Salonları Fiyatları - Hafta Sonu Kişi Başı,1000
Asfor & Arus Balo Salonları Fiyatları - Beyaz Et Menü Yemekli Hafta İçi Kişi Başı,750
Asfor & Arus Balo Salonları Fiyatları - Kirmizi Et Menü Yemekli Hafta İçi Kişi Başı,900
Asfor & Arus Balo Salonları Fiyatları - Yemekli Min. 100 - Maks,300
Asfor & Arus Balo Salonları Fiyatları - Kokteyl Min. 100 - Maks,400
Asfor & Arus Balo Salonları Fiyatları - Yemekli Min. 400 - Maks,1000
Asfor & Arus Balo Salonları Fiyatları - Kokteyl Min. 400 - Maks,1200
Asfor & Arus Balo Salonları Fiyatları - Önerilen Firmalar Vals Event 4 - 7 (10) Çankaya 50 - 230 Kokteyl Paket,42000
Asfor & Arus Balo Salonları Fiyatları - Vip Olivya Organizasyon Davet Evi 4 - 4 (10) Yenimahalle 100 - 250 Yemekli Kişi Başı,750
Asfor & Arus Balo Salonları Fiyatları - Cafe En Terrasse Event 5 - 0 (46) Keçiören 50 - 150 Yemekli Kişi Başı,750
Asfor & Arus Balo Salonları Fiyatları - Bella Wedding & Event 5 - 0 (10) Keçiören 20 - 200 Kokteyl Paket,62500
Asfor & Arus Balo Salonları Fiyatları - Uluçınar Konağı 4 - 4 (17) Altındağ 50 - 500 Yemekli Paket,67000
Asfor & Arus Balo Salonları Fiyatları - Pandora Wedding Event 4 - 2 (10) Çankaya 10 - 250 Yemekli Kişi Başı,600
Asfor & Arus Balo Salonları Fiyatları - Vals Event 4 - 7 (10) Çankaya 50 - 230 Kokteyl Paket,42000
Asfor & Arus Balo Salonları Fiyatları - 4 - 7 (10) Çankaya 50,230
Asfor & Arus Balo Salonları Fiyatları - 50,230
Asfor & Arus Balo Salonları Fiyatları - Kokteyl Paket,42000
Asfor & Arus Balo Salonları Fiyatları - 4 - 4 (10) Yenimahalle 100,250
Asfor & Arus Balo Salonları Fiyatları - 100,250
Asfor & Arus Balo Salonları Fiyatları - 5 - 0 (46) Keçiören 50,150
Asfor & Arus Balo Salonları Fiyatları - 50,150
Asfor & Arus Balo Salonları Fiyatları - 5 - 0 (10) Keçiören 20,200
Asfor & Arus Balo Salonları Fiyatları - 20,200
Asfor & Arus Balo Salonları Fiyatları - Kokteyl Paket,62500
Asfor & Arus Balo Salonları Fiyatları - 4 - 4 (17) Altındağ 50,500
Asfor & Arus Balo Salonları Fiyatları - 50,500
Asfor & Arus Balo Salonları Fiyatları - Yemekli Paket,67000
Asfor & Arus Balo Salonları Fiyatları - 4 - 2 (10) Çankaya 10,250
Asfor & Arus Balo Salonları Fiyatları - 10,250
Asfor & Arus Balo Salonları Fiyatları - Yemekli Kişi Başı,600
Asfor & Arus Balo Salonları Fiyatları - Kişi Başı,550
Asfor & Arus Balo Salonları Fiyatları - Kişi Başı,650
Asfor & Arus Balo Salonları Fiyatları - Kişi Başı,750
Asfor & Arus Balo Salonları Fiyatları - Kişi Başı,850
Asfor & Arus Balo Salonları Fiyatları - Kişi Başı,900
Asfor & Arus Balo Salonları Fiyatları - Min. 100 - Maks,300
Asfor & Arus Balo Salonları Fiyatları - Min. 100 - Maks,400
Asfor & Arus Balo Salonları Fiyatları - Min. 400 - Maks,1000
Asfor & Arus Balo Salonları Fiyatları - Min. 400 - Maks,1200
Asrın Park Balo Salonları Fiyatları - 43 medyayı görüntüle Kapasite 10 - 400 Kişi Bütün Kapasite Bilgileri Kişi Başı 65.000,50000
Asrın Park Balo Salonları Fiyatları - Kişi Başı 65.000,50000
Asrın Park Balo Salonları Fiyatları - 65.000,50000
Asrın Park Balo Salonları Fiyatları - Kokteyl Menü Kokteyl Hafta İçi Paket,55000
Asrın Park Balo Salonları Fiyatları - Hafta Sonu Paket,70000
Asrın Park Balo Salonları Fiyatları - Detaylar Son Güncelleme: 02.06.2026 Mekan Kiralama Mekan Fiyatı Hafta İçi Paket,40000
Asrın Park Balo Salonları Fiyatları - Hafta Sonu Paket,50000
Asrın Park Balo Salonları Fiyatları - Mekan Kiralama Mekan Fiyatı Hafta İçi Paket,40000
Asrın Park Balo Salonları Fiyatları - Kampanyalar %23 Son gün 01/08/2026 Temmuz - Ağustos - Eylül ve Ekim Aylarına Özel Yapılacak Söz Nişanlar Hafta İçi,50000
Asrın Park Balo Salonları Fiyatları - etaylar hakkında görüşelim,70000
Asrın Park Balo Salonları Fiyatları - %23 Son gün 01/08/2026 Temmuz - Ağustos - Eylül ve Ekim Aylarına Özel Yapılacak Söz Nişanlar Hafta İçi,50000
Asrın Park Balo Salonları Fiyatları - Temmuz - Ağustos - Eylül ve Ekim Aylarına Özel Yapılacak Söz Nişanlar Hafta İçi,50000
Asrın Park Balo Salonları Fiyatları - %18 Son gün 01/08/2026 Temmuz - Ağustos - Eylül ve Ekim Aylarına Özel Yapılacak Söz Nişanlar Hafta Sonu,70000
Asrın Park Balo Salonları Fiyatları - Temmuz - Ağustos - Eylül ve Ekim Aylarına Özel Yapılacak Söz Nişanlar Hafta Sonu,70000
Asrın Park Balo Salonları Fiyatları - Yemekli Min. 10 - Maks,100
Asrın Park Balo Salonları Fiyatları - Kokteyl Min. 10 - Maks,100
Asrın Park Balo Salonları Fiyatları - Yemekli Min. 10 - Maks,300
Asrın Park Balo Salonları Fiyatları - Kokteyl Min. 10 - Maks,300
Asrın Park Balo Salonları Fiyatları - Yemekli Min. 10 - Maks,400
Asrın Park Balo Salonları Fiyatları - Kokteyl Min. 10 - Maks,400
Asrın Park Balo Salonları Fiyatları - Fiyatlar,2025
Asrın Park Balo Salonları Fiyatları - Min. 10 - Maks,100
Asrın Park Balo Salonları Fiyatları - Min. 10 - Maks,300
Asrın Park Balo Salonları Fiyatları - Min. 10 - Maks,400
Eyüboğlu Davet Balo Salonu Fiyatları - Yemekli Min. 200 - Maks,875
Eyüboğlu Davet Balo Salonu Fiyatları - Kokteyl Min. 200 - Maks,875
Eyüboğlu Davet Balo Salonu Fiyatları - Önerilen Firmalar Çamlıca Köşk Teras 5 - 0 (17) Üsküdar 100 - 350 Kokteyl Kişi Başı,500
Eyüboğlu Davet Balo Salonu Fiyatları - Nefes Garden 5 - 0 (12) Sancaktepe 10 - 800 Kokteyl Paket,55000
Eyüboğlu Davet Balo Salonu Fiyatları - Arjin Davet Salonu 4 - 6 (12) Ataşehir 10 - 250 Kokteyl Paket,65000
Eyüboğlu Davet Balo Salonu Fiyatları - Çamlıca Köşk 4 - 9 (23) Üsküdar 50 - 900 Kokteyl Paket,75000
Eyüboğlu Davet Balo Salonu Fiyatları - Gülce Davet 4 - 9 (36) Sancaktepe 30 - 120 Kokteyl Paket,16000
Eyüboğlu Davet Balo Salonu Fiyatları - Kokoş Wedding 5 - 0 (10) Beykoz 100 - 350 Kokteyl Paket,55000
Eyüboğlu Davet Balo Salonu Fiyatları - Çamlıca Köşk Teras 5 - 0 (17) Üsküdar 100 - 350 Kokteyl Kişi Başı,500
Eyüboğlu Davet Balo Salonu Fiyatları - 5 - 0 (17) Üsküdar 100,350
Eyüboğlu Davet Balo Salonu Fiyatları - 100,350
Eyüboğlu Davet Balo Salonu Fiyatları - Kokteyl Kişi Başı,500
Eyüboğlu Davet Balo Salonu Fiyatları - 5 - 0 (12) Sancaktepe 10,800
Eyüboğlu Davet Balo Salonu Fiyatları - 10,800
Eyüboğlu Davet Balo Salonu Fiyatları - Kokteyl Paket,55000
Eyüboğlu Davet Balo Salonu Fiyatları - 4 - 6 (12) Ataşehir 10,250
Eyüboğlu Davet Balo Salonu Fiyatları - 10,250
Eyüboğlu Davet Balo Salonu Fiyatları - Kokteyl Paket,65000
Eyüboğlu Davet Balo Salonu Fiyatları - 4 - 9 (23) Üsküdar 50,900
Eyüboğlu Davet Balo Salonu Fiyatları - 50,900
Eyüboğlu Davet Balo Salonu Fiyatları - Kokteyl Paket,75000
Eyüboğlu Davet Balo Salonu Fiyatları - 4 - 9 (36) Sancaktepe 30,120
Eyüboğlu Davet Balo Salonu Fiyatları - 30,120
Eyüboğlu Davet Balo Salonu Fiyatları - Kokteyl Paket,16000
Eyüboğlu Davet Balo Salonu Fiyatları - 5 - 0 (10) Beykoz 100,350
Eyüboğlu Davet Balo Salonu Fiyatları - Min. 200 - Maks,875
By Özer Davet Salonu Fiyatları - 10 medyayı görüntüle Kapasite 150 - 600 Kişi Bütün Kapasite Bilgileri Mekan Fiyatı Paket,50000
By Özer Davet Salonu Fiyatları - Mekan Fiyatı Paket,50000
By Özer Davet Salonu Fiyatları - Söz Nişan Paketi Mekan Fiyatı Hafta İçi Paket,50000
By Özer Davet Salonu Fiyatları - Hafta Sonu Paket,55000
By Özer Davet Salonu Fiyatları - Yemekli Min. 150 - Maks,600
By Özer Davet Salonu Fiyatları - Kokteyl Min. 150 - Maks,600
By Özer Davet Salonu Fiyatları - Önerilen Firmalar Güneşli Davet Evi 5 - 0 (12) Bağcılar 50 - 155 Kokteyl Paket,35000
By Özer Davet Salonu Fiyatları - Armonia Ada 5 - 0 (10) Bayrampaşa 300 - 800 Kokteyl Kişi Başı,800
By Özer Davet Salonu Fiyatları - Kokoş Wedding 5 - 0 (10) Beykoz 100 - 350 Kokteyl Paket,55000
By Özer Davet Salonu Fiyatları - Mavera Davet Salonu 4 - 7 (10) Arnavutköy 80 - 850 Kokteyl Kişi Başı,540
By Özer Davet Salonu Fiyatları - Mado Davet 5 - 0 (10) Bağcılar 25 - 200 Kokteyl Paket,60000
By Özer Davet Salonu Fiyatları - Zirve Davet İstanbul 4 - 6 (10) Gaziosmanpaşa 10 - 200 Kokteyl Paket,35000
By Özer Davet Salonu Fiyatları - Güneşli Davet Evi 5 - 0 (12) Bağcılar 50 - 155 Kokteyl Paket,35000
By Özer Davet Salonu Fiyatları - 5 - 0 (12) Bağcılar 50,155
By Özer Davet Salonu Fiyatları - 50,155
By Özer Davet Salonu Fiyatları - Kokteyl Paket,35000
By Özer Davet Salonu Fiyatları - 5 - 0 (10) Bayrampaşa 300,800
By Özer Davet Salonu Fiyatları - 300,800
By Özer Davet Salonu Fiyatları - Kokteyl Kişi Başı,800
By Özer Davet Salonu Fiyatları - 5 - 0 (10) Beykoz 100,350
By Özer Davet Salonu Fiyatları - 100,350
By Özer Davet Salonu Fiyatları - Kokteyl Paket,55000
By Özer Davet Salonu Fiyatları - 4 - 7 (10) Arnavutköy 80,850
By Özer Davet Salonu Fiyatları - 80,850
By Özer Davet Salonu Fiyatları - Kokteyl Kişi Başı,540
By Özer Davet Salonu Fiyatları - 5 - 0 (10) Bağcılar 25,200
By Özer Davet Salonu Fiyatları - 25,200
By Özer Davet Salonu Fiyatları - Kokteyl Paket,60000
By Özer Davet Salonu Fiyatları - 4 - 6 (10) Gaziosmanpaşa 10,200
By Özer Davet Salonu Fiyatları - 10,200
By Özer Davet Salonu Fiyatları - Min. 150 - Maks,600
Ada Davet & Düğün Salonu Fiyatları - Yemekli Min. 100 - Maks,300
Ada Davet & Düğün Salonu Fiyatları - Kokteyl Min. 100 - Maks,400
Ada Davet & Düğün Salonu Fiyatları - Önerilen Firmalar Lina Florya 4 - 9 (10) Bakırköy 100 - 300 Yemekli Kişi Başı,1850
Ada Davet & Düğün Salonu Fiyatları - Armonia Park 4 - 9 (10) Bayrampaşa 100 - 350 Yemekli Kişi Başı,900
Ada Davet & Düğün Salonu Fiyatları - Lina Florya 4 - 9 (10) Bakırköy 100 - 300 Yemekli Kişi Başı,1850
Ada Davet & Düğün Salonu Fiyatları - 4 - 9 (10) Bakırköy 100,300
Ada Davet & Düğün Salonu Fiyatları - 100,300
Ada Davet & Düğün Salonu Fiyatları - Yemekli Kişi Başı,1850
Ada Davet & Düğün Salonu Fiyatları - 5 - 0 (21) Beşiktaş 50,350
Ada Davet & Düğün Salonu Fiyatları - 50,350
Ada Davet & Düğün Salonu Fiyatları - Sarıyer Garden 5 - 0 (11) Sarıyer 200 - 350 Kokteyl Kişi Başı,650
Ada Davet & Düğün Salonu Fiyatları - 5 - 0 (11) Sarıyer 200,350
Ada Davet & Düğün Salonu Fiyatları - 200,350
Ada Davet & Düğün Salonu Fiyatları - Kokteyl Kişi Başı,650
Ada Davet & Düğün Salonu Fiyatları - 4 - 9 (10) Bayrampaşa 100,350
Ada Davet & Düğün Salonu Fiyatları - 100,350
Ada Davet & Düğün Salonu Fiyatları - Yemekli Kişi Başı,900
Ada Davet & Düğün Salonu Fiyatları - 4 - 8 (10) Beşiktaş 50,450
Ada Davet & Düğün Salonu Fiyatları - 50,450
Ada Davet & Düğün Salonu Fiyatları - Sohbet Garden 4 - 7 (22) Küçükçekmece 10 - 500 Yemekli Kişi Başı,1000
Ada Davet & Düğün Salonu Fiyatları - 4 - 7 (22) Küçükçekmece 10,500
Ada Davet & Düğün Salonu Fiyatları - 10,500
Ada Davet & Düğün Salonu Fiyatları - Yemekli Kişi Başı,1000
Ada Davet & Düğün Salonu Fiyatları - Min. 100 - Maks,300
Ada Davet & Düğün Salonu Fiyatları - Min. 100 - Maks,400
Hanzade Davet Evi Fiyatları - Yemekli Min. 100 - Maks,250
Hanzade Davet Evi Fiyatları - Kokteyl Min. 100 - Maks,250
Hanzade Davet Evi Fiyatları - Önerilen Firmalar Windyhill Hotel 4 - 8 (10) Merkez 10 - 3000 Yemekli Kişi Başı,780
Hanzade Davet Evi Fiyatları - Windyhill Hotel 4 - 8 (10) Merkez 10 - 3000 Yemekli Kişi Başı,780
Hanzade Davet Evi Fiyatları - 4 - 8 (10) Merkez 10,3000
Hanzade Davet Evi Fiyatları - 10,3000
Hanzade Davet Evi Fiyatları - Yemekli Kişi Başı,780
Hanzade Davet Evi Fiyatları - Min. 100 - Maks,250
Platin Davet Salonu Fiyatları - Önerilen Firmalar Ramada Plaza By Wyndham Samsun 4 - 9 (11) İlkadım 30 - 550 Kokteyl Paket,150000
Platin Davet Salonu Fiyatları - La Bella Note Event 5 - 0 (10) Atakum 50 - 300 Kokteyl Paket,55000
Platin Davet Salonu Fiyatları - Juliet Event House Atakum Deluxe Wedding House Atakum 400 - 800 Yemekli Kişi Başı,1000
Platin Davet Salonu Fiyatları - Love in Love 4 - 8 (10) Canik 200 - 1000 Yemekli Kişi Başı,550
Platin Davet Salonu Fiyatları - Ramada Plaza By Wyndham Samsun 4 - 9 (11) İlkadım 30 - 550 Kokteyl Paket,150000
Platin Davet Salonu Fiyatları - 4 - 9 (11) İlkadım 30,550
Platin Davet Salonu Fiyatları - 30,550
Platin Davet Salonu Fiyatları - Kokteyl Paket,150000
Platin Davet Salonu Fiyatları - 5 - 0 (10) Atakum 50,300
Platin Davet Salonu Fiyatları - 50,300
Platin Davet Salonu Fiyatları - Kokteyl Paket,55000
Platin Davet Salonu Fiyatları - Deluxe Wedding House Atakum 400 - 800 Yemekli Kişi Başı,1000
Platin Davet Salonu Fiyatları - Atakum 400,800
Platin Davet Salonu Fiyatları - 400,800
Platin Davet Salonu Fiyatları - Yemekli Kişi Başı,1000
Platin Davet Salonu Fiyatları - 4 - 8 (10) Canik 200,1000
Platin Davet Salonu Fiyatları - 200,1000
Platin Davet Salonu Fiyatları - Yemekli Kişi Başı,550
Platin Davet Salonu Fiyatları - İlkadım 200,900
Platin Davet Salonu Fiyatları - 200,900
Platin Davet Salonu Fiyatları - 150.000,120000
Onurum Davet ve Balo Salonları Fiyatları - Önerilen Firmalar Avrupa Organizasyon Davet Evi 5 - 0 (10) Beylikdüzü 10 - 120 Paket 47.000,30000
Onurum Davet ve Balo Salonları Fiyatları - Diyan Davet & Organizasyon 4 - 9 (6) Beylikdüzü 10 - 130 Paket 45.000,28000
Onurum Davet ve Balo Salonları Fiyatları - Sudems Davet 4 - 7 (16) Beylikdüzü 40 - 80 Paket 43.000,27000
Onurum Davet ve Balo Salonları Fiyatları - Manolya Ağacı 4 - 6 (14) Beylikdüzü 50 - 150 Kişi Başı 2.000,1650
Onurum Davet ve Balo Salonları Fiyatları - Erbabı Kına Nişan Davet Evi 4 - 8 (10) Beylikdüzü 80 - 300 Yemekli Kişi Başı,695
Onurum Davet ve Balo Salonları Fiyatları - Moon Marin Davet 4 - 1 (10) Beylikdüzü 75 - 650 Yemekli Kişi Başı,850
Onurum Davet ve Balo Salonları Fiyatları - Avrupa Organizasyon Davet Evi 5 - 0 (10) Beylikdüzü 10 - 120 Paket 47.000,30000
Onurum Davet ve Balo Salonları Fiyatları - 5 - 0 (10) Beylikdüzü 10,120
Onurum Davet ve Balo Salonları Fiyatları - 10,120
Onurum Davet ve Balo Salonları Fiyatları - Paket 47.000,30000
Onurum Davet ve Balo Salonları Fiyatları - 47.000,30000
Onurum Davet ve Balo Salonları Fiyatları - 4 - 9 (6) Beylikdüzü 10,130
Onurum Davet ve Balo Salonları Fiyatları - 10,130
Onurum Davet ve Balo Salonları Fiyatları - Paket 45.000,28000
Onurum Davet ve Balo Salonları Fiyatları - 45.000,28000
Onurum Davet ve Balo Salonları Fiyatları - 4 - 7 (16) Beylikdüzü 40,80
Onurum Davet ve Balo Salonları Fiyatları - 40,80
Onurum Davet ve Balo Salonları Fiyatları - Paket 43.000,27000
Onurum Davet ve Balo Salonları Fiyatları - 43.000,27000
Onurum Davet ve Balo Salonları Fiyatları - 4 - 6 (14) Beylikdüzü 50,150
Onurum Davet ve Balo Salonları Fiyatları - 50,150
Onurum Davet ve Balo Salonları Fiyatları - Kişi Başı 2.000,1650
Onurum Davet ve Balo Salonları Fiyatları - 2.000,1650
Onurum Davet ve Balo Salonları Fiyatları - 4 - 8 (10) Beylikdüzü 80,300
Onurum Davet ve Balo Salonları Fiyatları - 80,300
Onurum Davet ve Balo Salonları Fiyatları - Yemekli Kişi Başı,695
Onurum Davet ve Balo Salonları Fiyatları - 4 - 1 (10) Beylikdüzü 75,650
Onurum Davet ve Balo Salonları Fiyatları - 75,650
Onurum Davet ve Balo Salonları Fiyatları - Yemekli Kişi Başı,850
Pekala Davet Salonu Fiyatları - Yemekli Min. 100 - Maks,250
Pekala Davet Salonu Fiyatları - Kokteyl Min. 100 - Maks,250
Pekala Davet Salonu Fiyatları - Önerilen Firmalar Demet Rose Garden 5 - 0 (4) Çekmeköy 30 - 250 Mekan Fiyatı Paket,35000
Pekala Davet Salonu Fiyatları - Meydan Davet Salonu 4 - 9 (14) Kartal 50 - 250 Mekan Fiyatı Paket,30000
Pekala Davet Salonu Fiyatları - Çamlıca Köşk Teras 5 - 0 (17) Üsküdar 100 - 350 Kokteyl Kişi Başı,500
Pekala Davet Salonu Fiyatları - Gülce Davet 4 - 9 (36) Sancaktepe 30 - 120 Kokteyl Paket,16000
Pekala Davet Salonu Fiyatları - Süslü Bahçe Event 4 - 4 (11) Çekmeköy 50 - 300 Yemekli Paket,75000
Pekala Davet Salonu Fiyatları - Ada Kanlıca - Baro Bahçe 4 - 9 (10) Beykoz 100 - 250 Kokteyl Kişi Başı,1000
Pekala Davet Salonu Fiyatları - Demet Rose Garden 5 - 0 (4) Çekmeköy 30 - 250 Mekan Fiyatı Paket,35000
Pekala Davet Salonu Fiyatları - 5 - 0 (4) Çekmeköy 30,250
Pekala Davet Salonu Fiyatları - 30,250
Pekala Davet Salonu Fiyatları - Mekan Fiyatı Paket,35000
Pekala Davet Salonu Fiyatları - 4 - 9 (14) Kartal 50,250
Pekala Davet Salonu Fiyatları - 50,250
Pekala Davet Salonu Fiyatları - Mekan Fiyatı Paket,30000
Pekala Davet Salonu Fiyatları - 5 - 0 (17) Üsküdar 100,350
Pekala Davet Salonu Fiyatları - 100,350
Pekala Davet Salonu Fiyatları - Kokteyl Kişi Başı,500
Pekala Davet Salonu Fiyatları - 4 - 9 (36) Sancaktepe 30,120
Pekala Davet Salonu Fiyatları - 30,120
Pekala Davet Salonu Fiyatları - Kokteyl Paket,16000
Pekala Davet Salonu Fiyatları - 4 - 4 (11) Çekmeköy 50,300
Pekala Davet Salonu Fiyatları - 50,300
Pekala Davet Salonu Fiyatları - Yemekli Paket,75000
Pekala Davet Salonu Fiyatları - 4 - 9 (10) Beykoz 100,250
Pekala Davet Salonu Fiyatları - 100,250
Pekala Davet Salonu Fiyatları - Kokteyl Kişi Başı,1000
Pekala Davet Salonu Fiyatları - Min. 100 - Maks,250
Gümüş Davet Balo Salonu Fiyatları - 58 medyayı görüntüle Kapasite 50 - 350 Kişi Bütün Kapasite Bilgileri Paket 45.000,30000
Gümüş Davet Balo Salonu Fiyatları - Paket 45.000,30000
Gümüş Davet Balo Salonu Fiyatları - 45.000,30000
Gümüş Davet Balo Salonu Fiyatları - Kokteyl Kokteyl Hafta İçi Paket,40000
Gümüş Davet Balo Salonu Fiyatları - Hafta Sonu Paket,40000
Gümüş Davet Balo Salonu Fiyatları - Detaylar Son Güncelleme: 10.04.2026 Boş Mekan Kiralama Mekan Fiyatı Hafta İçi Paket,30000
Gümüş Davet Balo Salonu Fiyatları - Hafta Sonu Paket,30000
Gümüş Davet Balo Salonu Fiyatları - Boş Mekan Kiralama Mekan Fiyatı Hafta İçi Paket,30000
Gümüş Davet Balo Salonu Fiyatları - %33 Son gün 01/07/2026 Mekan Kiralamalarına Özel Tasarım Nişan Konsepti - DJ Performans ve Müzik Arşivi Sadece,30000
Gümüş Davet Balo Salonu Fiyatları - Mekan Kiralamalarına Özel Tasarım Nişan Konsepti - DJ Performans ve Müzik Arşivi Sadece,30000
Gümüş Davet Balo Salonu Fiyatları - %10 Son gün 30/06/2026 Ağustos - Eylül - Ekim Aylarına Özel Hafta Sonu Günleri Her Şey Dahil 150 Kişiye Kadar,45000
Gümüş Davet Balo Salonu Fiyatları - Ağustos - Eylül - Ekim Aylarına Özel Hafta Sonu Günleri Her Şey Dahil 150 Kişiye Kadar,45000
Gümüş Davet Balo Salonu Fiyatları - Yemekli Min. 50 - Maks,350
Gümüş Davet Balo Salonu Fiyatları - Kokteyl Min. 50 - Maks,350
Gümüş Davet Balo Salonu Fiyatları - 0216 706 07,82
Gümüş Davet Balo Salonu Fiyatları - Fiyatlar,2025
Gümüş Davet Balo Salonu Fiyatları - Min. 50 - Maks,350
Lena Kına Nikah Balo Salonu Fiyatları - 40 medyayı görüntüle Kapasite 100 - 350 Kişi Bütün Kapasite Bilgileri Paket 72.500,42500
Lena Kına Nikah Balo Salonu Fiyatları - Paket 72.500,42500
Lena Kına Nikah Balo Salonu Fiyatları - 72.500,42500
Lena Kına Nikah Balo Salonu Fiyatları - Nisan Mayıs Söz Nişan Paketi Kokteyl Hafta İçi Paket,42500
Lena Kına Nikah Balo Salonu Fiyatları - Hafta Sonu Paket,52500
Lena Kına Nikah Balo Salonu Fiyatları - Kampanyalar %41 Son gün 31/05/2026 Nisan ve Mayıs Ayında Yapacağınız Organizasyonlar,42500
Lena Kına Nikah Balo Salonu Fiyatları - %41 Son gün 31/05/2026 Nisan ve Mayıs Ayında Yapacağınız Organizasyonlar,42500
Lena Kına Nikah Balo Salonu Fiyatları - Nisan ve Mayıs Ayında Yapacağınız Organizasyonlar,42500
Lena Kına Nikah Balo Salonu Fiyatları - Yemekli Min. 100 - Maks,300
Lena Kına Nikah Balo Salonu Fiyatları - Kokteyl Min. 100 - Maks,350
Lena Kına Nikah Balo Salonu Fiyatları - 0312 963 31,56
Lena Kına Nikah Balo Salonu Fiyatları - Min. 100 - Maks,300
Lena Kına Nikah Balo Salonu Fiyatları - Min. 100 - Maks,350
Milena Düğün Salonu Fiyatları - Gardenya Kokteyl Kokteyl Hafta İçi Paket,180000
Milena Düğün Salonu Fiyatları - Hafta Sonu Paket,220000
Milena Düğün Salonu Fiyatları - Detaylar Son Güncelleme: 13.04.2026 Begonya Kokteyl Kokteyl Hafta İçi Paket,150000
Milena Düğün Salonu Fiyatları - Hafta Sonu Paket,170000
Milena Düğün Salonu Fiyatları - Detaylar Son Güncelleme: 13.04.2026 Alya Kokteyl Kokteyl Hafta İçi Paket,80000
Milena Düğün Salonu Fiyatları - Hafta Sonu Paket,100000
Milena Düğün Salonu Fiyatları - Detaylar Son Güncelleme: 13.04.2026 Kırmızı Et Menü Yemekli Hafta İçi Kişi Başı,1100
Milena Düğün Salonu Fiyatları - Hafta Sonu Kişi Başı,1350
Milena Düğün Salonu Fiyatları - Detaylar Son Güncelleme: 13.04.2026 Beyaz Et Menü Yemekli Hafta İçi Kişi Başı,800
Milena Düğün Salonu Fiyatları - Hafta Sonu Kişi Başı,950
Milena Düğün Salonu Fiyatları - Detaylar Son Güncelleme: 13.04.2026 Ordövr Menü Kokteyl Hafta İçi Kişi Başı,550
Milena Düğün Salonu Fiyatları - Hafta Sonu Kişi Başı,650
Milena Düğün Salonu Fiyatları - Begonya Kokteyl Kokteyl Hafta İçi Paket,150000
Milena Düğün Salonu Fiyatları - Alya Kokteyl Kokteyl Hafta İçi Paket,80000
Milena Düğün Salonu Fiyatları - Kırmızı Et Menü Yemekli Hafta İçi Kişi Başı,1100
Milena Düğün Salonu Fiyatları - Beyaz Et Menü Yemekli Hafta İçi Kişi Başı,800
Milena Düğün Salonu Fiyatları - Ordövr Menü Kokteyl Hafta İçi Kişi Başı,550
Milena Düğün Salonu Fiyatları - Yemekli Min. 100 - Maks,400
Milena Düğün Salonu Fiyatları - Kokteyl Min. 100 - Maks,400
Milena Düğün Salonu Fiyatları - Yemekli Min. 100 - Maks,600
Milena Düğün Salonu Fiyatları - Kokteyl Min. 100 - Maks,600
Milena Düğün Salonu Fiyatları - Yemekli Min. 50 - Maks,300
Milena Düğün Salonu Fiyatları - Kokteyl Min. 50 - Maks,300
Milena Düğün Salonu Fiyatları - 0352 353 31,62
Milena Düğün Salonu Fiyatları - 170.000,150000
Milena Düğün Salonu Fiyatları - Fiyatlar,2025
Milena Düğün Salonu Fiyatları - Kişi Başı,800
Milena Düğün Salonu Fiyatları - Kişi Başı,950
Milena Düğün Salonu Fiyatları - Kişi Başı,550
Milena Düğün Salonu Fiyatları - Kişi Başı,650
Milena Düğün Salonu Fiyatları - Min. 100 - Maks,400
Milena Düğün Salonu Fiyatları - Min. 100 - Maks,600
Milena Düğün Salonu Fiyatları - Min. 50 - Maks,300
Prenses Düğün Salonu Adapazarı Fiyatları - Yemekli Min. 200 - Maks,2500
Prenses Düğün Salonu Adapazarı Fiyatları - Kokteyl Min. 200 - Maks,2500
Prenses Düğün Salonu Adapazarı Fiyatları - Önerilen Firmalar Sapanca Seyir Terası Sapanca 20 - 600 Yemekli Kişi Başı,1000
Prenses Düğün Salonu Adapazarı Fiyatları - Butik Davet 4 - 9 (12) Serdivan 10 - 200 Paket 50.000,35000
Prenses Düğün Salonu Adapazarı Fiyatları - Erkan Sezgin Düğün & Toplantı 5 - 0 (10) Adapazarı 200 - 1000 Kişi Başı,670560
Prenses Düğün Salonu Adapazarı Fiyatları - Erkan Sezgin Düğün & Toplantı 4 - 7 (19) Adapazarı 200 - 4000 Kişi Başı,670560
Prenses Düğün Salonu Adapazarı Fiyatları - Asya Düğün Davet Salonu 5 - 0 (12) Adapazarı 200 - 1500 Yemekli Paket,380000
Prenses Düğün Salonu Adapazarı Fiyatları - Sapanca Seyir Terası Sapanca 20 - 600 Yemekli Kişi Başı,1000
Prenses Düğün Salonu Adapazarı Fiyatları - Sapanca 20,600
Prenses Düğün Salonu Adapazarı Fiyatları - 20,600
Prenses Düğün Salonu Adapazarı Fiyatları - Yemekli Kişi Başı,1000
Prenses Düğün Salonu Adapazarı Fiyatları - 4 - 9 (12) Serdivan 10,200
Prenses Düğün Salonu Adapazarı Fiyatları - 10,200
Prenses Düğün Salonu Adapazarı Fiyatları - Paket 50.000,35000
Prenses Düğün Salonu Adapazarı Fiyatları - 50.000,35000
Prenses Düğün Salonu Adapazarı Fiyatları - 5 - 0 (10) Adapazarı 200,1000
Prenses Düğün Salonu Adapazarı Fiyatları - 200,1000
Prenses Düğün Salonu Adapazarı Fiyatları - Kişi Başı,670560
Prenses Düğün Salonu Adapazarı Fiyatları - 670,560
Prenses Düğün Salonu Adapazarı Fiyatları - 4 - 7 (19) Adapazarı 200,4000
Prenses Düğün Salonu Adapazarı Fiyatları - 200,4000
Prenses Düğün Salonu Adapazarı Fiyatları - Arya Düğün ve Toplantı Salonu 4 - 6 (10) Adapazarı 100 - 1000 Kişi Başı 1.100,800
Prenses Düğün Salonu Adapazarı Fiyatları - 4 - 6 (10) Adapazarı 100,1000
Prenses Düğün Salonu Adapazarı Fiyatları - 100,1000
Prenses Düğün Salonu Adapazarı Fiyatları - Kişi Başı 1.100,800
Prenses Düğün Salonu Adapazarı Fiyatları - 1.100,800
Prenses Düğün Salonu Adapazarı Fiyatları - 5 - 0 (12) Adapazarı 200,1500
Prenses Düğün Salonu Adapazarı Fiyatları - 200,1500
Prenses Düğün Salonu Adapazarı Fiyatları - Yemekli Paket,380000
Prenses Düğün Salonu Adapazarı Fiyatları - Min. 200 - Maks,2500
Prenses Düğün Salonu Adapazarı Fiyatları - Kişi Başı,670
Prenses Düğün Salonu Adapazarı Fiyatları - Kişi Başı,560
Çamaş Ay Işığı Düğün Salonu Fiyatları - Önerilen Firmalar Artı Nirvana Garden 4 - 7 (10) Altınordu 100 - 600 Paket 80.000,65000
Çamaş Ay Işığı Düğün Salonu Fiyatları - Artı Nirvana Garden 4 - 7 (10) Altınordu 100 - 600 Paket 80.000,65000
Çamaş Ay Işığı Düğün Salonu Fiyatları - 4 - 7 (10) Altınordu 100,600
Çamaş Ay Işığı Düğün Salonu Fiyatları - 100,600
Çamaş Ay Işığı Düğün Salonu Fiyatları - Paket 80.000,65000
Çamaş Ay Işığı Düğün Salonu Fiyatları - 80.000,65000
Gramofoni Davet Salonu Fiyatları - 232 medyayı görüntüle Kapasite 50 - 150 Kişi Bütün Kapasite Bilgileri Paket 43.000,37000
Gramofoni Davet Salonu Fiyatları - Paket 43.000,37000
Gramofoni Davet Salonu Fiyatları - 43.000,37000
Gramofoni Davet Salonu Fiyatları - Kokteyl Menü Kokteyl Hafta İçi Paket,35000
Gramofoni Davet Salonu Fiyatları - Hafta Sonu Paket,39000
Gramofoni Davet Salonu Fiyatları - Kampanyalar %14 Son gün 30/06/2026 Düğün,37000
Gramofoni Davet Salonu Fiyatları - %14 Son gün 30/06/2026 Düğün,37000
Gramofoni Davet Salonu Fiyatları - Düğün,37000
Gramofoni Davet Salonu Fiyatları - Yemekli Min. 50 - Maks,150
Gramofoni Davet Salonu Fiyatları - Kokteyl Min. 50 - Maks,150
Gramofoni Davet Salonu Fiyatları - Min. 50 - Maks,150
Güneş Davet Salonu Fiyatları - Yemekli Min. 50 - Maks,250
Güneş Davet Salonu Fiyatları - Kokteyl Min. 50 - Maks,250
Güneş Davet Salonu Fiyatları - Yemekli Min. 20 - Maks,150
Güneş Davet Salonu Fiyatları - Kokteyl Min. 20 - Maks,150
Güneş Davet Salonu Fiyatları - Önerilen Firmalar Sanateli Davet 5 - 0 (71) Esenyurt 10 - 300 Kokteyl Paket,35000
Güneş Davet Salonu Fiyatları - Güneşli Davet Evi 5 - 0 (17) Bağcılar 50 - 155 Kokteyl Paket,35000
Güneş Davet Salonu Fiyatları - Lorien Davet Bahçeşehir 5 - 0 (15) Başakşehir 50 - 140 Yemekli Kişi Başı,1500
Güneş Davet Salonu Fiyatları - Diyan Davet & Organizasyon 4 - 9 (6) Beylikdüzü 10 - 130 Kokteyl Paket,30000
Güneş Davet Salonu Fiyatları - Volim Davet 5 - 0 (10) Başakşehir 20 - 150 Yemekli Paket,69000
Güneş Davet Salonu Fiyatları - Mado Davet 5 - 0 (10) Bağcılar 25 - 200 Kokteyl Paket,60000
Güneş Davet Salonu Fiyatları - Sanateli Davet 5 - 0 (71) Esenyurt 10 - 300 Kokteyl Paket,35000
Güneş Davet Salonu Fiyatları - 5 - 0 (71) Esenyurt 10,300
Güneş Davet Salonu Fiyatları - 10,300
Güneş Davet Salonu Fiyatları - Kokteyl Paket,35000
Güneş Davet Salonu Fiyatları - 5 - 0 (17) Bağcılar 50,155
Güneş Davet Salonu Fiyatları - 50,155
Güneş Davet Salonu Fiyatları - 5 - 0 (15) Başakşehir 50,140
Güneş Davet Salonu Fiyatları - 50,140
Güneş Davet Salonu Fiyatları - Yemekli Kişi Başı,1500
Güneş Davet Salonu Fiyatları - 4 - 9 (6) Beylikdüzü 10,130
Güneş Davet Salonu Fiyatları - 10,130
Güneş Davet Salonu Fiyatları - Kokteyl Paket,30000
Güneş Davet Salonu Fiyatları - 5 - 0 (10) Başakşehir 20,150
Güneş Davet Salonu Fiyatları - 20,150
Güneş Davet Salonu Fiyatları - Yemekli Paket,69000
Güneş Davet Salonu Fiyatları - 5 - 0 (10) Bağcılar 25,200
Güneş Davet Salonu Fiyatları - 25,200
Güneş Davet Salonu Fiyatları - Kokteyl Paket,60000
Güneş Davet Salonu Fiyatları - Min. 50 - Maks,250
Güneş Davet Salonu Fiyatları - Min. 20 - Maks,150
Grand Dallas Düğün Salonu Fiyatları - Yemekli Min. 200 - Maks,1500
Grand Dallas Düğün Salonu Fiyatları - Kokteyl Min. 200 - Maks,1500
Grand Dallas Düğün Salonu Fiyatları - Önerilen Firmalar Safir Dome Event Altıeylül 10 - 200 Paket 50.000,40000
Grand Dallas Düğün Salonu Fiyatları - Orient Kır Bahçesi Düğün Salonları 4 - 5 (5) Edremit 50 - 1000 Mekan Fiyatı Paket,100000
Grand Dallas Düğün Salonu Fiyatları - Saklı Göl Kır Bahçesi 5 - 0 (3) İvrindi 100 - 900 Mekan Fiyatı Paket,90000
Grand Dallas Düğün Salonu Fiyatları - Davet 1923 5 - 0 (2) Bandırma 50 - 1500 Mekan Fiyatı Paket,160000
Grand Dallas Düğün Salonu Fiyatları - Asos Garden Kır Düğün Sarayı 4 - 4 (3) Karesi 200 - 1500 Yemekli Kişi Başı,480
Grand Dallas Düğün Salonu Fiyatları - Safir Dome Event Altıeylül 10 - 200 Paket 50.000,40000
Grand Dallas Düğün Salonu Fiyatları - Altıeylül 10,200
Grand Dallas Düğün Salonu Fiyatları - 10,200
Grand Dallas Düğün Salonu Fiyatları - Paket 50.000,40000
Grand Dallas Düğün Salonu Fiyatları - 50.000,40000
Grand Dallas Düğün Salonu Fiyatları - 4 - 5 (5) Edremit 50,1000
Grand Dallas Düğün Salonu Fiyatları - 50,1000
Grand Dallas Düğün Salonu Fiyatları - Mekan Fiyatı Paket,100000
Grand Dallas Düğün Salonu Fiyatları - 4 - 8 (10) Altıeylül 250,1500
Grand Dallas Düğün Salonu Fiyatları - 250,1500
Grand Dallas Düğün Salonu Fiyatları - 5 - 0 (3) İvrindi 100,900
Grand Dallas Düğün Salonu Fiyatları - 100,900
Grand Dallas Düğün Salonu Fiyatları - Mekan Fiyatı Paket,90000
Grand Dallas Düğün Salonu Fiyatları - Davet,1923
Grand Dallas Düğün Salonu Fiyatları - 5 - 0 (2) Bandırma 50,1500
Grand Dallas Düğün Salonu Fiyatları - 50,1500
Grand Dallas Düğün Salonu Fiyatları - Mekan Fiyatı Paket,160000
Grand Dallas Düğün Salonu Fiyatları - 4 - 4 (3) Karesi 200,1500
Grand Dallas Düğün Salonu Fiyatları - 200,1500
Grand Dallas Düğün Salonu Fiyatları - Yemekli Kişi Başı,480
Grand Dallas Düğün Salonu Fiyatları - Min. 200 - Maks,1500
Grand Dallas Düğün Salonu Fiyatları - 120.000,100000
Boda Davet & Balo Salonu Fiyatları - Yemekli Min. 100 - Maks,350
Boda Davet & Balo Salonu Fiyatları - Kokteyl Min. 100 - Maks,350
Boda Davet & Balo Salonu Fiyatları - Yemekli Min. 30 - Maks,110
Boda Davet & Balo Salonu Fiyatları - Kokteyl Min. 30 - Maks,132
Boda Davet & Balo Salonu Fiyatları - Önerilen Firmalar Meydan Davet Salonu 4 - 9 (14) Kartal 50 - 250 Mekan Fiyatı Paket,30000
Boda Davet & Balo Salonu Fiyatları - Çamlıca Köşk Teras 5 - 0 (17) Üsküdar 100 - 350 Kokteyl Kişi Başı,500
Boda Davet & Balo Salonu Fiyatları - Gülce Davet 4 - 9 (36) Sancaktepe 30 - 120 Kokteyl Paket,16000
Boda Davet & Balo Salonu Fiyatları - Kalia 4 - 9 (10) Maltepe 50 - 200 Kokteyl Kişi Başı,950
Boda Davet & Balo Salonu Fiyatları - Kokoş Wedding 5 - 0 (10) Beykoz 100 - 350 Kokteyl Paket,55000
Boda Davet & Balo Salonu Fiyatları - Süslü Bahçe Event 4 - 4 (11) Çekmeköy 50 - 300 Yemekli Paket,75000
Boda Davet & Balo Salonu Fiyatları - Meydan Davet Salonu 4 - 9 (14) Kartal 50 - 250 Mekan Fiyatı Paket,30000
Boda Davet & Balo Salonu Fiyatları - 4 - 9 (14) Kartal 50,250
Boda Davet & Balo Salonu Fiyatları - 50,250
Boda Davet & Balo Salonu Fiyatları - Mekan Fiyatı Paket,30000
Boda Davet & Balo Salonu Fiyatları - 5 - 0 (17) Üsküdar 100,350
Boda Davet & Balo Salonu Fiyatları - 100,350
Boda Davet & Balo Salonu Fiyatları - Kokteyl Kişi Başı,500
Boda Davet & Balo Salonu Fiyatları - 4 - 9 (36) Sancaktepe 30,120
Boda Davet & Balo Salonu Fiyatları - 30,120
Boda Davet & Balo Salonu Fiyatları - Kokteyl Paket,16000
Boda Davet & Balo Salonu Fiyatları - 4 - 9 (10) Maltepe 50,200
Boda Davet & Balo Salonu Fiyatları - 50,200
Boda Davet & Balo Salonu Fiyatları - Kokteyl Kişi Başı,950
Boda Davet & Balo Salonu Fiyatları - 5 - 0 (10) Beykoz 100,350
Boda Davet & Balo Salonu Fiyatları - Kokteyl Paket,55000
Boda Davet & Balo Salonu Fiyatları - 4 - 4 (11) Çekmeköy 50,300
Boda Davet & Balo Salonu Fiyatları - 50,300
Boda Davet & Balo Salonu Fiyatları - Yemekli Paket,75000
Boda Davet & Balo Salonu Fiyatları - Min. 100 - Maks,350
Boda Davet & Balo Salonu Fiyatları - Min. 30 - Maks,110
Boda Davet & Balo Salonu Fiyatları - Min. 30 - Maks,132
Arel Wedding Düğün Salonları Fiyatları - 2026 Kokteyl Menü Kişi Başı Yemekli Hafta İçi Paket,89000
Arel Wedding Düğün Salonları Fiyatları - Hafta Sonu Paket,110000
Arel Wedding Düğün Salonları Fiyatları - 2026 Düğün Sezonuna Özel,100000
Arel Wedding Düğün Salonları Fiyatları - Hediye Çeki - Kuaförde,2000
Arel Wedding Düğün Salonları Fiyatları - Yemekli Min. 10 - Maks,350
Arel Wedding Düğün Salonları Fiyatları - Kokteyl Min. 10 - Maks,350
Arel Wedding Düğün Salonları Fiyatları - 0312 963 30,67
Arel Wedding Düğün Salonları Fiyatları - 150.000,100000
Arel Wedding Düğün Salonları Fiyatları - Fiyatlar,2025
Arel Wedding Düğün Salonları Fiyatları - Damatlıkta,1500
Arel Wedding Düğün Salonları Fiyatları - Kuaförde,2000
Arel Wedding Düğün Salonları Fiyatları - Min. 10 - Maks,350
Polen Organizasyon ve Davet Salonu Fiyatları - Margarita Davet Evi 4 - 3 (4) Süleymanpaşa 80,150
Polen Organizasyon ve Davet Salonu Fiyatları - 4 - 3 (4) Süleymanpaşa 80,150
Polen Organizasyon ve Davet Salonu Fiyatları - 80,150
Polen Organizasyon ve Davet Salonu Fiyatları - Hilton Garden Inn Çorlu Çorlu 100,350
Polen Organizasyon ve Davet Salonu Fiyatları - Çorlu 100,350
Polen Organizasyon ve Davet Salonu Fiyatları - 100,350
Polen Organizasyon ve Davet Salonu Fiyatları - Kurdela Garden 5 - 0 (5) Süleymanpaşa 100,1000
Polen Organizasyon ve Davet Salonu Fiyatları - 5 - 0 (5) Süleymanpaşa 100,1000
Polen Organizasyon ve Davet Salonu Fiyatları - 100,1000
Polen Organizasyon ve Davet Salonu Fiyatları - Bisanthe Panorama Sütlüce Dağ Oteli Süleymanpaşa 100,1500
Polen Organizasyon ve Davet Salonu Fiyatları - Süleymanpaşa 100,1500
Polen Organizasyon ve Davet Salonu Fiyatları - 100,1500
Polen Organizasyon ve Davet Salonu Fiyatları - Aydık Garden 4 - 0 (2) Süleymanpaşa 50,1500
Polen Organizasyon ve Davet Salonu Fiyatları - 4 - 0 (2) Süleymanpaşa 50,1500
Polen Organizasyon ve Davet Salonu Fiyatları - 50,1500
Bahçe Saray Düğün Salonu Fiyatları - Önerilen Firmalar Sapanca Seyir Terası Sapanca 20 - 600 Yemekli Kişi Başı,1000
Bahçe Saray Düğün Salonu Fiyatları - Butik Davet 4 - 9 (12) Serdivan 10 - 200 Paket 50.000,35000
Bahçe Saray Düğün Salonu Fiyatları - Meşelik Park Restoran 5 - 0 (10) Sapanca 50 - 2000 Yemekli Kişi Başı,1100
Bahçe Saray Düğün Salonu Fiyatları - Asya Düğün Davet Salonu 5 - 0 (12) Adapazarı 200 - 1500 Yemekli Paket,380000
Bahçe Saray Düğün Salonu Fiyatları - Sapanca Seyir Terası Sapanca 20 - 600 Yemekli Kişi Başı,1000
Bahçe Saray Düğün Salonu Fiyatları - Sapanca 20,600
Bahçe Saray Düğün Salonu Fiyatları - 20,600
Bahçe Saray Düğün Salonu Fiyatları - Yemekli Kişi Başı,1000
Bahçe Saray Düğün Salonu Fiyatları - 4 - 9 (12) Serdivan 10,200
Bahçe Saray Düğün Salonu Fiyatları - 10,200
Bahçe Saray Düğün Salonu Fiyatları - Paket 50.000,35000
Bahçe Saray Düğün Salonu Fiyatları - 50.000,35000
Bahçe Saray Düğün Salonu Fiyatları - Arya Düğün ve Toplantı Salonu 4 - 6 (10) Adapazarı 100 - 1000 Kişi Başı 1.100,800
Bahçe Saray Düğün Salonu Fiyatları - 4 - 6 (10) Adapazarı 100,1000
Bahçe Saray Düğün Salonu Fiyatları - 100,1000
Bahçe Saray Düğün Salonu Fiyatları - Kişi Başı 1.100,800
Bahçe Saray Düğün Salonu Fiyatları - 1.100,800
Bahçe Saray Düğün Salonu Fiyatları - 5 - 0 (10) Sapanca 50,2000
Bahçe Saray Düğün Salonu Fiyatları - 50,2000
Bahçe Saray Düğün Salonu Fiyatları - Yemekli Kişi Başı,1100
Bahçe Saray Düğün Salonu Fiyatları - 5 - 0 (12) Adapazarı 200,1500
Bahçe Saray Düğün Salonu Fiyatları - 200,1500
Bahçe Saray Düğün Salonu Fiyatları - Yemekli Paket,380000
Bahçe Saray Düğün Salonu Fiyatları - 4 - 8 (19) Erenler 200,2000
Bahçe Saray Düğün Salonu Fiyatları - 200,2000
Bahçe Saray Düğün Salonu Fiyatları - 150.000,125000
Altay Söz Nişan Organizasyon Evi Fiyatları - Yemekli Min. 50 - Maks,200
Altay Söz Nişan Organizasyon Evi Fiyatları - Kokteyl Min. 50 - Maks,200
Altay Söz Nişan Organizasyon Evi Fiyatları - Önerilen Firmalar Sobepark 4 - 7 (10) Selçuklu 30 - 350 Yemekli Kişi Başı,750
Altay Söz Nişan Organizasyon Evi Fiyatları - Gold Nişan ve Kına Salonu 4 - 9 (12) Selçuklu 50 - 400 Kokteyl Paket,35000
Altay Söz Nişan Organizasyon Evi Fiyatları - Dedeman Konya 4 - 8 (10) Selçuklu 300 - 2000 Yemekli Kişi Başı,1650
Altay Söz Nişan Organizasyon Evi Fiyatları - Deluxe Manolya Düğün Sarayı 5 - 0 (3) Selçuklu 100 - 9000 Kişi Başı,450350
Altay Söz Nişan Organizasyon Evi Fiyatları - Küçükkırlı Deluxe 5 - 0 (11) Meram 100 - 3000 Yemekli Kişi Başı,500
Altay Söz Nişan Organizasyon Evi Fiyatları - Prenses Deluxe Düğün Sarayı Selçuklu 100 - 600 Kişi Başı,350250
Altay Söz Nişan Organizasyon Evi Fiyatları - Sobepark 4 - 7 (10) Selçuklu 30 - 350 Yemekli Kişi Başı,750
Altay Söz Nişan Organizasyon Evi Fiyatları - 4 - 7 (10) Selçuklu 30,350
Altay Söz Nişan Organizasyon Evi Fiyatları - 30,350
Altay Söz Nişan Organizasyon Evi Fiyatları - Yemekli Kişi Başı,750
Altay Söz Nişan Organizasyon Evi Fiyatları - 4 - 9 (12) Selçuklu 50,400
Altay Söz Nişan Organizasyon Evi Fiyatları - 50,400
Altay Söz Nişan Organizasyon Evi Fiyatları - Kokteyl Paket,35000
Altay Söz Nişan Organizasyon Evi Fiyatları - 4 - 8 (10) Selçuklu 300,2000
Altay Söz Nişan Organizasyon Evi Fiyatları - 300,2000
Altay Söz Nişan Organizasyon Evi Fiyatları - Yemekli Kişi Başı,1650
Altay Söz Nişan Organizasyon Evi Fiyatları - 5 - 0 (3) Selçuklu 100,9000
Altay Söz Nişan Organizasyon Evi Fiyatları - 100,9000
Altay Söz Nişan Organizasyon Evi Fiyatları - Kişi Başı,450350
Altay Söz Nişan Organizasyon Evi Fiyatları - 450,350
Altay Söz Nişan Organizasyon Evi Fiyatları - 5 - 0 (11) Meram 100,3000
Altay Söz Nişan Organizasyon Evi Fiyatları - 100,3000
Altay Söz Nişan Organizasyon Evi Fiyatları - Yemekli Kişi Başı,500
Altay Söz Nişan Organizasyon Evi Fiyatları - Selçuklu 100,600
Altay Söz Nişan Organizasyon Evi Fiyatları - 100,600
Altay Söz Nişan Organizasyon Evi Fiyatları - Kişi Başı,350250
Altay Söz Nişan Organizasyon Evi Fiyatları - 350,250
Altay Söz Nişan Organizasyon Evi Fiyatları - Min. 50 - Maks,200
Altay Söz Nişan Organizasyon Evi Fiyatları - Kişi Başı,450
Altay Söz Nişan Organizasyon Evi Fiyatları - Kişi Başı,350
Altay Söz Nişan Organizasyon Evi Fiyatları - Kişi Başı,250
Ala Davet ve Düğün Salonu Fiyatları - Yemekli Min. 100 - Maks,350
Ala Davet ve Düğün Salonu Fiyatları - Kokteyl Min. 100 - Maks,350
Ala Davet ve Düğün Salonu Fiyatları - Önerilen Firmalar Meydan Davet Salonu 4 - 9 (14) Kartal 50 - 250 Mekan Fiyatı Paket,30000
Ala Davet ve Düğün Salonu Fiyatları - Mavi Rüya Balo Davet Salonu 4 - 9 (10) Pendik 50 - 500 Yemekli Kişi Başı,250
Ala Davet ve Düğün Salonu Fiyatları - Çamlıca Köşk Teras 5 - 0 (17) Üsküdar 100 - 350 Kokteyl Kişi Başı,500
Ala Davet ve Düğün Salonu Fiyatları - Arjin Davet Salonu 4 - 6 (12) Ataşehir 10 - 250 Kokteyl Paket,65000
Ala Davet ve Düğün Salonu Fiyatları - Gülce Davet 4 - 9 (36) Sancaktepe 30 - 120 Kokteyl Paket,16000
Ala Davet ve Düğün Salonu Fiyatları - Kokoş Wedding 5 - 0 (10) Beykoz 100 - 350 Kokteyl Paket,55000
Ala Davet ve Düğün Salonu Fiyatları - Meydan Davet Salonu 4 - 9 (14) Kartal 50 - 250 Mekan Fiyatı Paket,30000
Ala Davet ve Düğün Salonu Fiyatları - 4 - 9 (14) Kartal 50,250
Ala Davet ve Düğün Salonu Fiyatları - 50,250
Ala Davet ve Düğün Salonu Fiyatları - Mekan Fiyatı Paket,30000
Ala Davet ve Düğün Salonu Fiyatları - 4 - 9 (10) Pendik 50,500
Ala Davet ve Düğün Salonu Fiyatları - 50,500
Ala Davet ve Düğün Salonu Fiyatları - Yemekli Kişi Başı,250
Ala Davet ve Düğün Salonu Fiyatları - 5 - 0 (17) Üsküdar 100,350
Ala Davet ve Düğün Salonu Fiyatları - 100,350
Ala Davet ve Düğün Salonu Fiyatları - Kokteyl Kişi Başı,500
Ala Davet ve Düğün Salonu Fiyatları - 4 - 6 (12) Ataşehir 10,250
Ala Davet ve Düğün Salonu Fiyatları - 10,250
Ala Davet ve Düğün Salonu Fiyatları - Kokteyl Paket,65000
Ala Davet ve Düğün Salonu Fiyatları - 4 - 9 (36) Sancaktepe 30,120
Ala Davet ve Düğün Salonu Fiyatları - 30,120
Ala Davet ve Düğün Salonu Fiyatları - Kokteyl Paket,16000
Ala Davet ve Düğün Salonu Fiyatları - 5 - 0 (10) Beykoz 100,350
Ala Davet ve Düğün Salonu Fiyatları - Kokteyl Paket,55000
Ala Davet ve Düğün Salonu Fiyatları - Min. 100 - Maks,350
İz Event Davet Evi Fiyatları - Önerilen Firmalar Windyhill Hotel 4 - 8 (10) Merkez 10 - 3000 Yemekli Kişi Başı,780
İz Event Davet Evi Fiyatları - Windyhill Hotel 4 - 8 (10) Merkez 10 - 3000 Yemekli Kişi Başı,780
İz Event Davet Evi Fiyatları - 4 - 8 (10) Merkez 10,3000
İz Event Davet Evi Fiyatları - 10,3000
İz Event Davet Evi Fiyatları - Yemekli Kişi Başı,780
Kelebek Event Fiyatları - 57 medyayı görüntüle Kapasite 50 - 150 Kişi Bütün Kapasite Bilgileri Kokteyl Paket,45000
Kelebek Event Fiyatları - Kokteyl Paket,45000
Kelebek Event Fiyatları - Kokteyl Menü Kokteyl Hafta İçi Paket,45000
Kelebek Event Fiyatları - Hafta Sonu Paket,55000
Kelebek Event Fiyatları - Yemekli Min. 50 - Maks,150
Kelebek Event Fiyatları - Kokteyl Min. 50 - Maks,150
Kelebek Event Fiyatları - 0312 963 30,51
Kelebek Event Fiyatları - Min. 50 - Maks,150
Leymona Beach&Restaurant Fiyatları - Yemekli Min. 50 - Maks,75
Leymona Beach&Restaurant Fiyatları - Kokteyl Min. 50 - Maks,75
Leymona Beach&Restaurant Fiyatları - Önerilen Firmalar Sever Hall Davet Evi 5 - 0 (10) Muratpaşa 100 - 850 Kokteyl Paket,65000
Leymona Beach&Restaurant Fiyatları - Konyaaltı Wedding 4 - 8 (11) Konyaaltı 100 - 600 Paket 110.000,65000
Leymona Beach&Restaurant Fiyatları - The Pond Event 5 - 0 (11) Muratpaşa 50 - 150 Paket 105.000,65000
Leymona Beach&Restaurant Fiyatları - One Design Davet Evi 4 - 8 (10) Kepez 10 - 120 Paket 40.000,25000
Leymona Beach&Restaurant Fiyatları - Sevgi Tomurcuğu Davet Evi & Organizasyon 5 - 0 (31) Manavgat 50 - 150 Paket 35.000,25000
Leymona Beach&Restaurant Fiyatları - İz Davet Evi 5 - 0 (2) Manavgat 20 - 130 Paket 18.000,12000
Leymona Beach&Restaurant Fiyatları - Sever Hall Davet Evi 5 - 0 (10) Muratpaşa 100 - 850 Kokteyl Paket,65000
Leymona Beach&Restaurant Fiyatları - 5 - 0 (10) Muratpaşa 100,850
Leymona Beach&Restaurant Fiyatları - 100,850
Leymona Beach&Restaurant Fiyatları - Kokteyl Paket,65000
Leymona Beach&Restaurant Fiyatları - 4 - 8 (11) Konyaaltı 100,600
Leymona Beach&Restaurant Fiyatları - 100,600
Leymona Beach&Restaurant Fiyatları - Paket 110.000,65000
Leymona Beach&Restaurant Fiyatları - 110.000,65000
Leymona Beach&Restaurant Fiyatları - 5 - 0 (11) Muratpaşa 50,150
Leymona Beach&Restaurant Fiyatları - 50,150
Leymona Beach&Restaurant Fiyatları - Paket 105.000,65000
Leymona Beach&Restaurant Fiyatları - 105.000,65000
Leymona Beach&Restaurant Fiyatları - 4 - 8 (10) Kepez 10,120
Leymona Beach&Restaurant Fiyatları - 10,120
Leymona Beach&Restaurant Fiyatları - Paket 40.000,25000
Leymona Beach&Restaurant Fiyatları - 40.000,25000
Leymona Beach&Restaurant Fiyatları - 5 - 0 (31) Manavgat 50,150
Leymona Beach&Restaurant Fiyatları - Paket 35.000,25000
Leymona Beach&Restaurant Fiyatları - 35.000,25000
Leymona Beach&Restaurant Fiyatları - 5 - 0 (2) Manavgat 20,130
Leymona Beach&Restaurant Fiyatları - 20,130
Leymona Beach&Restaurant Fiyatları - Paket 18.000,12000
Leymona Beach&Restaurant Fiyatları - 18.000,12000
Leymona Beach&Restaurant Fiyatları - Min. 50 - Maks,75
Dore Event Fiyatları - 71 medyayı görüntüle Kapasite 30 - 130 Kişi Bütün Kapasite Bilgileri Kokteyl Paket,45000
Dore Event Fiyatları - Kokteyl Paket,45000
Dore Event Fiyatları - Standart Paket Mekan Fiyatı Hafta İçi Paket,37000
Dore Event Fiyatları - Hafta Sonu Paket,40000
Dore Event Fiyatları - Detaylar Son Güncelleme: 07.04.2026 Kokteyl Paket Kokteyl Hafta İçi Paket,45000
Dore Event Fiyatları - Hafta Sonu Paket,47000
Dore Event Fiyatları - Detaylar Son Güncelleme: 15.04.2026 Sadece Mekan Kiralama Mekan Fiyatı Hafta İçi Paket,20000
Dore Event Fiyatları - Hafta Sonu Paket,25000
Dore Event Fiyatları - Kokteyl Paket Kokteyl Hafta İçi Paket,45000
Dore Event Fiyatları - Sadece Mekan Kiralama Mekan Fiyatı Hafta İçi Paket,20000
Dore Event Fiyatları - Yemekli Min. 30 - Maks,130
Dore Event Fiyatları - Kokteyl Min. 30 - Maks,130
Dore Event Fiyatları - 0212 963 08,60
Dore Event Fiyatları - Min. 30 - Maks,130
Çardak Restaurant Fiyatları - Yemekli Min. 50 - Maks,150
Çardak Restaurant Fiyatları - Kokteyl Min. 50 - Maks,150
Çardak Restaurant Fiyatları - Önerilen Firmalar Truva Life Otel 5 - 0 (10) Samandağ 10 - 1200 Yemekli Kişi Başı,1100
Çardak Restaurant Fiyatları - Miray Garden Kır Düğünü 5 - 0 (11) Antakya 250 - 1000 Kişi Başı,800600
Çardak Restaurant Fiyatları - Truva Life Otel 4 - 7 (10) Samandağ 10 - 1200 Yemekli Kişi Başı,1100
Çardak Restaurant Fiyatları - Truva Life Otel 5 - 0 (10) Samandağ 10 - 1200 Yemekli Kişi Başı,1100
Çardak Restaurant Fiyatları - 5 - 0 (10) Samandağ 10,1200
Çardak Restaurant Fiyatları - 10,1200
Çardak Restaurant Fiyatları - Yemekli Kişi Başı,1100
Çardak Restaurant Fiyatları - 5 - 0 (15) İskenderun 200,1600
Çardak Restaurant Fiyatları - 200,1600
Çardak Restaurant Fiyatları - 5 - 0 (20) İskenderun 50,1000
Çardak Restaurant Fiyatları - 50,1000
Çardak Restaurant Fiyatları - 5 - 0 (11) Antakya 250,1000
Çardak Restaurant Fiyatları - 250,1000
Çardak Restaurant Fiyatları - Kişi Başı,800600
Çardak Restaurant Fiyatları - 800,600
Çardak Restaurant Fiyatları - 4 - 7 (10) Samandağ 10,1200
Çardak Restaurant Fiyatları - Min. 50 - Maks,150
Çardak Restaurant Fiyatları - 195.000,160000
Çardak Restaurant Fiyatları - 150.000,100000
Çardak Restaurant Fiyatları - Kişi Başı,800
Çardak Restaurant Fiyatları - Kişi Başı,600
Event Garden Fiyatları - 10 medyayı görüntüle Kapasite 50 - 300 Kişi Bütün Kapasite Bilgileri Mekan Fiyatı Paket,45000
Event Garden Fiyatları - Mekan Fiyatı Paket,45000
Event Garden Fiyatları - Pasta - Meşrubat Menü Mekan Fiyatı Hafta İçi Paket,45000
Event Garden Fiyatları - Hafta Sonu Paket,58000
Event Garden Fiyatları - Yemekli Min. 100 - Maks,120
Event Garden Fiyatları - Kokteyl Min. 100 - Maks,120
Event Garden Fiyatları - Yemekli Min. 50 - Maks,250
Event Garden Fiyatları - Kokteyl Min. 50 - Maks,250
Event Garden Fiyatları - Yemekli Min. 50 - Maks,300
Event Garden Fiyatları - Kokteyl Min. 50 - Maks,300
Event Garden Fiyatları - Önerilen Firmalar Safir Dome Event Altıeylül 10 - 200 Paket 50.000,40000
Event Garden Fiyatları - Asos Garden Kır Düğün Sarayı 4 - 4 (3) Karesi 200 - 1500 Yemekli Kişi Başı,480
Event Garden Fiyatları - Alfa Plaza Event & Wedding 4 - 7 (1) Karesi 50 - 600 Yemekli Kişi Başı,120
Event Garden Fiyatları - Safir Dome Event Altıeylül 10 - 200 Paket 50.000,40000
Event Garden Fiyatları - Altıeylül 10,200
Event Garden Fiyatları - 10,200
Event Garden Fiyatları - Paket 50.000,40000
Event Garden Fiyatları - 50.000,40000
Event Garden Fiyatları - 4 - 4 (3) Karesi 200,1500
Event Garden Fiyatları - 200,1500
Event Garden Fiyatları - Yemekli Kişi Başı,480
Event Garden Fiyatları - 4 - 7 (1) Karesi 50,600
Event Garden Fiyatları - 50,600
Event Garden Fiyatları - Yemekli Kişi Başı,120
Event Garden Fiyatları - Erka Aktivite ve Yaşam Merkezi Karesi 100,625
Event Garden Fiyatları - Karesi 100,625
Event Garden Fiyatları - 100,625
Event Garden Fiyatları - 4 - 8 (10) Altıeylül 250,1500
Event Garden Fiyatları - 250,1500
Event Garden Fiyatları - Min. 100 - Maks,120
Event Garden Fiyatları - Min. 50 - Maks,250
Event Garden Fiyatları - Min. 50 - Maks,300
Event Garden Fiyatları - 120.000,100000
Nuve Organizasyon Evi Fiyatları - Yemekli Min. 10 - Maks,100
Nuve Organizasyon Evi Fiyatları - Kokteyl Min. 10 - Maks,100
Nuve Organizasyon Evi Fiyatları - Önerilen Firmalar Doğa Çiftlik Evi Gebze 50 - 2000 Yemekli Kişi Başı,900
Nuve Organizasyon Evi Fiyatları - Kaptan Köşkü Gebze 150 - 200 Kokteyl Kişi Başı,650
Nuve Organizasyon Evi Fiyatları - Stellar Davet 5 - 0 (20) İzmit 10 - 100 Paket 25.000,22000
Nuve Organizasyon Evi Fiyatları - Berra Davet Evi 5 - 0 (11) Gölcük 30 - 120 Paket 55.000,45000
Nuve Organizasyon Evi Fiyatları - İnovapak 4 - 7 (10) Başiskele 100 - 1000 Kişi Başı,300200
Nuve Organizasyon Evi Fiyatları - Tanyeli Söz Nişan Kız İsteme Davet Evi 5 - 0 (10) İzmit 100 - 800 Kokteyl Paket,85000
Nuve Organizasyon Evi Fiyatları - Doğa Çiftlik Evi Gebze 50 - 2000 Yemekli Kişi Başı,900
Nuve Organizasyon Evi Fiyatları - Gebze 50,2000
Nuve Organizasyon Evi Fiyatları - 50,2000
Nuve Organizasyon Evi Fiyatları - Yemekli Kişi Başı,900
Nuve Organizasyon Evi Fiyatları - Gebze 150,200
Nuve Organizasyon Evi Fiyatları - 150,200
Nuve Organizasyon Evi Fiyatları - Kokteyl Kişi Başı,650
Nuve Organizasyon Evi Fiyatları - 5 - 0 (20) İzmit 10,100
Nuve Organizasyon Evi Fiyatları - 10,100
Nuve Organizasyon Evi Fiyatları - Paket 25.000,22000
Nuve Organizasyon Evi Fiyatları - 25.000,22000
Nuve Organizasyon Evi Fiyatları - 5 - 0 (11) Gölcük 30,120
Nuve Organizasyon Evi Fiyatları - 30,120
Nuve Organizasyon Evi Fiyatları - Paket 55.000,45000
Nuve Organizasyon Evi Fiyatları - 55.000,45000
Nuve Organizasyon Evi Fiyatları - 4 - 7 (10) Başiskele 100,1000
Nuve Organizasyon Evi Fiyatları - 100,1000
Nuve Organizasyon Evi Fiyatları - Kişi Başı,300200
Nuve Organizasyon Evi Fiyatları - 300,200
Nuve Organizasyon Evi Fiyatları - 5 - 0 (10) İzmit 100,800
Nuve Organizasyon Evi Fiyatları - 100,800
Nuve Organizasyon Evi Fiyatları - Kokteyl Paket,85000
Nuve Organizasyon Evi Fiyatları - Min. 10 - Maks,100
Nuve Organizasyon Evi Fiyatları - Kişi Başı,300
Nuve Organizasyon Evi Fiyatları - Kişi Başı,200
Rukiye Restaurant Fiyatları - Önerilen Firmalar As Düğün ve Kongre Salonu Merkez 100 - 1000 Kokteyl Paket,125000
Rukiye Restaurant Fiyatları - As Düğün ve Kongre Salonu Merkez 100 - 1000 Kokteyl Paket,125000
Rukiye Restaurant Fiyatları - Merkez 100,1000
Rukiye Restaurant Fiyatları - 100,1000
Rukiye Restaurant Fiyatları - Kokteyl Paket,125000
Junto Davet Fiyatları - 121 medyayı görüntüle Kapasite 30 - 500 Kişi Bütün Kapasite Bilgileri %39 İndirim 80.000,49000
Junto Davet Fiyatları - %39 İndirim 80.000,49000
Junto Davet Fiyatları - 80.000,49000
Junto Davet Fiyatları - %39 İndirim Paket,80000
Junto Davet Fiyatları - %39 İndirim Paket,49000
Junto Davet Fiyatları - Son Kalan Günlere Özel Hafta Sonu Gündüz Kokteyl Menü,49000
Junto Davet Fiyatları - Tükenmeden Teklif Al Son Gün: 10 Haziran,2026
Junto Davet Fiyatları - Son Gün: 10 Haziran,2026
Junto Davet Fiyatları - Garden Kokteyl Menü Kokteyl Hafta İçi Paket,139000
Junto Davet Fiyatları - Hafta Sonu Paket,149000
Junto Davet Fiyatları - Detaylar Son Güncelleme: 20.04.2026 Secret Kokteyl Menü Kokteyl Hafta İçi Paket,29000
Junto Davet Fiyatları - Hafta Sonu Paket,35000
Junto Davet Fiyatları - Detaylar Son Güncelleme: 31.05.2026 Wedding Kokteyl Menü Kokteyl Hafta İçi Paket,29000
Junto Davet Fiyatları - Secret Kokteyl Menü Kokteyl Hafta İçi Paket,29000
Junto Davet Fiyatları - Wedding Kokteyl Menü Kokteyl Hafta İçi Paket,29000
Junto Davet Fiyatları - Yemekli Min. 30 - Maks,80
Junto Davet Fiyatları - Kokteyl Min. 30 - Maks,80
Junto Davet Fiyatları - Yemekli Min. 50 - Maks,150
Junto Davet Fiyatları - Kokteyl Min. 50 - Maks,150
Junto Davet Fiyatları - Yemekli Min. 50 - Maks,250
Junto Davet Fiyatları - Kokteyl Min. 50 - Maks,250
Junto Davet Fiyatları - Yemekli Min. 50 - Maks,500
Junto Davet Fiyatları - Kokteyl Min. 50 - Maks,500
Junto Davet Fiyatları - 0216 706 26,52
Junto Davet Fiyatları - Fiyatlar,2025
Junto Davet Fiyatları - Paket,80000
Junto Davet Fiyatları - Paket,49000
Junto Davet Fiyatları - 10 Haziran,2026
Junto Davet Fiyatları - Min. 30 - Maks,80
Junto Davet Fiyatları - Min. 50 - Maks,150
Junto Davet Fiyatları - Min. 50 - Maks,250
Junto Davet Fiyatları - Min. 50 - Maks,500
Ve Hotels Kars Beylerbeyi Sarayı Fiyatları - Adres: Kaleiçi mahallesi 1.Karadağ Sokak No2 - Kars,36100
Ve Hotels Kars Beylerbeyi Sarayı Fiyatları - Kaleiçi mahallesi 1.Karadağ Sokak No2 - Kars,36100
Adaland Celebrations Fiyatları - Adaland Celebrations 0232 335 53,51
Adaland Celebrations Fiyatları - 0232 335 53,51
Adaland Celebrations Fiyatları - Söz - Nişan Mekanları İzmir - Güzelbahçe Adaland Celebrations Güzelbahçe 0232 335 53,51
Adaland Celebrations Fiyatları - Adaland Celebrations Güzelbahçe 0232 335 53,51
Adaland Celebrations Fiyatları - Güzelbahçe 0232 335 53,51
Adaland Celebrations Fiyatları - 8 medyayı görüntüle Kapasite 50 - 100 Kişi Bütün Kapasite Bilgileri Paket 60.000,48000
Adaland Celebrations Fiyatları - Paket 60.000,48000
Adaland Celebrations Fiyatları - 60.000,48000
Adaland Celebrations Fiyatları - Yemeksiz Salon Kiralama Mekan Fiyatı Hafta İçi Paket,50000
Adaland Celebrations Fiyatları - Hafta Sonu Paket,60000
Adaland Celebrations Fiyatları - Detaylar Son Güncelleme: 12.05.2026 Kokteyl Menü Kokteyl Hafta İçi Kişi Başı,1400
Adaland Celebrations Fiyatları - Hafta Sonu Kişi Başı,1400
Adaland Celebrations Fiyatları - Kokteyl Menü Kokteyl Hafta İçi Kişi Başı,1400
Adaland Celebrations Fiyatları - %20 Son gün 30/06/2026 Haziran Sonuna Kadar Salon Kirama Sadece,48000
Adaland Celebrations Fiyatları - Haziran Sonuna Kadar Salon Kirama Sadece,48000
Adaland Celebrations Fiyatları - %20 Son gün 30/06/2026 Haziran Sonuna Kadar Kokteyl Menü %20 İndirimle Kişi Başı,1120
Adaland Celebrations Fiyatları - Haziran Sonuna Kadar Kokteyl Menü %20 İndirimle Kişi Başı,1120
Adaland Celebrations Fiyatları - Yemekli Min. 50 - Maks,100
Adaland Celebrations Fiyatları - Kokteyl Min. 50 - Maks,100
Adaland Celebrations Fiyatları - Min. 50 - Maks,100
Söz - Nişan Mekanları İstanbul Çatalca - 5 - 0 (6) Çatalca 250,900
Söz - Nişan Mekanları İstanbul Çatalca - 250,900
İzmir Güzelbahçe Söz ve Nişan Mekanları - nişan mekanı arayışınızın en şeçkin adresi olarak mutluluğunuza ortak oluyoruz,48000
İzmir Güzelbahçe Söz ve Nişan Mekanları - Güzelbahçe 50,100
İzmir Güzelbahçe Söz ve Nişan Mekanları - 50,100
İzmir Güzelbahçe Söz ve Nişan Mekanları - Paket 60.000,48000
İzmir Güzelbahçe Söz ve Nişan Mekanları - 60.000,48000
İzmir Güzelbahçe Söz ve Nişan Mekanları - 5 - 0 (10) Güzelbahçe 20,125
İzmir Güzelbahçe Söz ve Nişan Mekanları - 20,125
İzmir Güzelbahçe Söz ve Nişan Mekanları - Yemekli Kişi Başı,2250
İzmir Güzelbahçe Söz ve Nişan Mekanları - anizasyonları - ülkemizin en güzel geleneklerinden biri olarak biliniyor,1300
İzmir Güzelbahçe Söz ve Nişan Mekanları - 5 - 0 (1) Güzelbahçe 100,650
İzmir Güzelbahçe Söz ve Nişan Mekanları - 100,650
İzmir Güzelbahçe Söz ve Nişan Mekanları - Yemekli Kişi Başı,1300
İzmir Güzelbahçe Söz ve Nişan Mekanları - 10,750
İzmir Güzelbahçe Söz ve Nişan Mekanları - Yemekli Kişi Başı,1247
İzmir Güzelbahçe Söz ve Nişan Mekanları - 5 - 0 (10) Güzelbahçe 10,1000
İzmir Güzelbahçe Söz ve Nişan Mekanları - 10,1000
İzmir Güzelbahçe Söz ve Nişan Mekanları - Yemekli Kişi Başı,1000
İzmir Güzelbahçe Söz ve Nişan Mekanları - Güzelbahçe Söz - Nişan Mekanları Fiyatları Firma Kişi Başı Fiyat Kapasite Düğün Fiyatı Güzide Restoran,2250
İzmir Güzelbahçe Söz ve Nişan Mekanları - 125,22500
İzmir Güzelbahçe Söz ve Nişan Mekanları - Mandarin Event Group,1050
İzmir Güzelbahçe Söz ve Nişan Mekanları - Güzelbahçe Şamdan Event,1000
İzmir Güzelbahçe Söz ve Nişan Mekanları - 125 Mandarin Event Group Güzelbahçe Şamdan Event 1,200000
İzmir Güzelbahçe Söz ve Nişan Mekanları - Gözde Wedding House,1600
İzmir Güzelbahçe Söz ve Nişan Mekanları - 650,1600
İzmir Güzelbahçe Söz ve Nişan Mekanları - Güzide Restoran,2250
İzmir Güzelbahçe Söz ve Nişan Mekanları - Güzelbahçe Şamdan Event 1,200000
İzmir Güzelbahçe Söz ve Nişan Mekanları - Güzide Restoran,125
İzmir Güzelbahçe Söz ve Nişan Mekanları - Güzide Restoran,22500
İzmir Güzelbahçe Söz ve Nişan Mekanları - Mandarin Event Group,750
İzmir Güzelbahçe Söz ve Nişan Mekanları - Mandarin Event Group,206000
İzmir Güzelbahçe Söz ve Nişan Mekanları - Güzelbahçe Şamdan Event,200000
İzmir Güzelbahçe Söz ve Nişan Mekanları - Gözde Wedding House,650
WelweTaksm Restaurant & Cafe Fiyatları - 24 medyayı görüntüle Kapasite 100 - 200 Kişi Bütün Kapasite Bilgileri Yemekli Kişi Başı,1400
WelweTaksm Restaurant & Cafe Fiyatları - Yemekli Kişi Başı,1400
WelweTaksm Restaurant & Cafe Fiyatları - Kokteyl Menü Kokteyl Hafta İçi Kişi Başı,750
WelweTaksm Restaurant & Cafe Fiyatları - Hafta Sonu Kişi Başı,850
WelweTaksm Restaurant & Cafe Fiyatları - Detaylar Son Güncelleme: 27.04.2026 Kırmızı Et Menü Yemekli Hafta İçi Kişi Başı,1400
WelweTaksm Restaurant & Cafe Fiyatları - Hafta Sonu Kişi Başı,1600
WelweTaksm Restaurant & Cafe Fiyatları - Kırmızı Et Menü Yemekli Hafta İçi Kişi Başı,1400
WelweTaksm Restaurant & Cafe Fiyatları - Yemekli Min. 100 - Maks,200
WelweTaksm Restaurant & Cafe Fiyatları - Kokteyl Min. 100 - Maks,200
WelweTaksm Restaurant & Cafe Fiyatları - 0212 963 06,86
WelweTaksm Restaurant & Cafe Fiyatları - Kişi Başı,750
WelweTaksm Restaurant & Cafe Fiyatları - Kişi Başı,850
WelweTaksm Restaurant & Cafe Fiyatları - Min. 100 - Maks,200
Demonti Otel Fiyatları - 10 medyayı görüntüle Kapasite 50 - 350 Kişi Bütün Kapasite Bilgileri Yemekli Kişi Başı,1300
Demonti Otel Fiyatları - Yemekli Kişi Başı,1300
Demonti Otel Fiyatları - Yemekli Yemekli Hafta İçi Kişi Başı,1300
Demonti Otel Fiyatları - Hafta Sonu Kişi Başı,1600
Demonti Otel Fiyatları - Detaylar Son Güncelleme: 30.03.2026 Kokteyl Kokteyl Hafta İçi Kişi Başı,500
Demonti Otel Fiyatları - Hafta Sonu Kişi Başı,500
Demonti Otel Fiyatları - Detaylar Son Güncelleme: 30.03.2026 Yemekli Yemekli Hafta İçi Kişi Başı,1300
Demonti Otel Fiyatları - Kokteyl Kokteyl Hafta İçi Kişi Başı,500
Demonti Otel Fiyatları - Yemekli Min. 50 - Maks,350
Demonti Otel Fiyatları - Kokteyl Min. 50 - Maks,350
Demonti Otel Fiyatları - Önerilen Firmalar Vals Event 4 - 7 (10) Çankaya 50 - 230 Kokteyl Paket,42000
Demonti Otel Fiyatları - Vip Olivya Organizasyon Davet Evi 4 - 4 (10) Yenimahalle 100 - 250 Yemekli Kişi Başı,750
Demonti Otel Fiyatları - Cafe En Terrasse Event 5 - 0 (46) Keçiören 50 - 150 Yemekli Kişi Başı,750
Demonti Otel Fiyatları - Maya Davet Evi 5 - 0 (14) Etimesgut 10 - 150 Yemekli Kişi Başı,800
Demonti Otel Fiyatları - Uluçınar Konağı 4 - 4 (17) Altındağ 50 - 500 Yemekli Paket,67000
Demonti Otel Fiyatları - Endemik Ankara 5 - 0 (10) Gölbaşı 40 - 300 Kokteyl Kişi Başı,750
Demonti Otel Fiyatları - Vals Event 4 - 7 (10) Çankaya 50 - 230 Kokteyl Paket,42000
Demonti Otel Fiyatları - 4 - 7 (10) Çankaya 50,230
Demonti Otel Fiyatları - 50,230
Demonti Otel Fiyatları - Kokteyl Paket,42000
Demonti Otel Fiyatları - 4 - 4 (10) Yenimahalle 100,250
Demonti Otel Fiyatları - 100,250
Demonti Otel Fiyatları - Yemekli Kişi Başı,750
Demonti Otel Fiyatları - 5 - 0 (46) Keçiören 50,150
Demonti Otel Fiyatları - 50,150
Demonti Otel Fiyatları - 5 - 0 (14) Etimesgut 10,150
Demonti Otel Fiyatları - 10,150
Demonti Otel Fiyatları - Yemekli Kişi Başı,800
Demonti Otel Fiyatları - 4 - 4 (17) Altındağ 50,500
Demonti Otel Fiyatları - 50,500
Demonti Otel Fiyatları - Yemekli Paket,67000
Demonti Otel Fiyatları - 5 - 0 (10) Gölbaşı 40,300
Demonti Otel Fiyatları - 40,300
Demonti Otel Fiyatları - Kokteyl Kişi Başı,750
Demonti Otel Fiyatları - Kişi Başı,500
Demonti Otel Fiyatları - Min. 50 - Maks,350
Sky Garden Davet Fiyatları - 89 medyayı görüntüle Kapasite 80 - 150 Kişi Bütün Kapasite Bilgileri %40 İndirim 75.000,45000
Sky Garden Davet Fiyatları - %40 İndirim 75.000,45000
Sky Garden Davet Fiyatları - 75.000,45000
Sky Garden Davet Fiyatları - %40 İndirim Paket,75000
Sky Garden Davet Fiyatları - %40 İndirim Paket,45000
Sky Garden Davet Fiyatları - Son Kalan Nisan ve Mayıs Günlerine Özel Hafta Sonu Gündüz Organizasyonlarında Ordövr Menü Sadece,45000
Sky Garden Davet Fiyatları - Tükenmeden Teklif Al Son Gün: 3 Haziran,2026
Sky Garden Davet Fiyatları - Son Gün: 3 Haziran,2026
Sky Garden Davet Fiyatları - Ordövr Menü Kokteyl Hafta İçi Kişi Başı,700
Sky Garden Davet Fiyatları - Hafta Sonu Kişi Başı,800
Sky Garden Davet Fiyatları - Detaylar Son Güncelleme: 24.03.2026 Kokteyl Menü Kokteyl Hafta İçi Kişi Başı,500
Sky Garden Davet Fiyatları - Hafta Sonu Kişi Başı,600
Sky Garden Davet Fiyatları - Kokteyl Menü Kokteyl Hafta İçi Kişi Başı,500
Sky Garden Davet Fiyatları - Yemekli Min. 80 - Maks,120
Sky Garden Davet Fiyatları - Kokteyl Min. 100 - Maks,150
Sky Garden Davet Fiyatları - Paket,75000
Sky Garden Davet Fiyatları - Paket,45000
Sky Garden Davet Fiyatları - 3 Haziran,2026
Sky Garden Davet Fiyatları - Kişi Başı,700
Sky Garden Davet Fiyatları - Kişi Başı,800
Sky Garden Davet Fiyatları - Kişi Başı,500
Sky Garden Davet Fiyatları - Kişi Başı,600
Sky Garden Davet Fiyatları - Min. 80 - Maks,120
Sky Garden Davet Fiyatları - Min. 100 - Maks,150
Bıçakçılar Wedding Venue - 10 medyayı görüntüle Kapasite 50 - 400 Kişi Bütün Kapasite Bilgileri Yemekli Kişi Başı,1300
Bıçakçılar Wedding Venue - Yemekli Kişi Başı,1300
Bıçakçılar Wedding Venue - Yemekli Yemekli Hafta İçi Kişi Başı,1300
Bıçakçılar Wedding Venue - Hafta Sonu Kişi Başı,1600
Bıçakçılar Wedding Venue - Yemekli Min. 50 - Maks,400
Bıçakçılar Wedding Venue - Kokteyl Min. 50 - Maks,400
Bıçakçılar Wedding Venue - Önerilen Firmalar Toyhan / Bizim Bahçe 4 - 6 (15) Bayraklı 50 - 400 Kokteyl Kişi Başı,1400
Bıçakçılar Wedding Venue - İzmir Seyirtepe 4 - 3 (10) Karşıyaka 50 - 500 Yemekli Kişi Başı,1500
Bıçakçılar Wedding Venue - My Terrace Event 4 - 5 (12) Bayraklı 50 - 500 Yemekli Kişi Başı,1250
Bıçakçılar Wedding Venue - Cassava Organizasyon 4 - 6 (10) Balçova 50 - 120 Yemekli Kişi Başı,1200
Bıçakçılar Wedding Venue - Tagi Event 4 - 9 (17) Balçova 100 - 150 Yemekli Kişi Başı,1500
Bıçakçılar Wedding Venue - Marin Event Hall 1 Buca 10 - 1000 Yemekli Kişi Başı,1500
Bıçakçılar Wedding Venue - Toyhan / Bizim Bahçe 4 - 6 (15) Bayraklı 50 - 400 Kokteyl Kişi Başı,1400
Bıçakçılar Wedding Venue - 4 - 6 (15) Bayraklı 50,400
Bıçakçılar Wedding Venue - 50,400
Bıçakçılar Wedding Venue - Kokteyl Kişi Başı,1400
Bıçakçılar Wedding Venue - 4 - 3 (10) Karşıyaka 50,500
Bıçakçılar Wedding Venue - 50,500
Bıçakçılar Wedding Venue - Yemekli Kişi Başı,1500
Bıçakçılar Wedding Venue - 4 - 5 (12) Bayraklı 50,500
Bıçakçılar Wedding Venue - Yemekli Kişi Başı,1250
Bıçakçılar Wedding Venue - 4 - 6 (10) Balçova 50,120
Bıçakçılar Wedding Venue - 50,120
Bıçakçılar Wedding Venue - Yemekli Kişi Başı,1200
Bıçakçılar Wedding Venue - 4 - 9 (17) Balçova 100,150
Bıçakçılar Wedding Venue - 100,150
Bıçakçılar Wedding Venue - 1 Buca 10,1000
Bıçakçılar Wedding Venue - 10,1000
Bıçakçılar Wedding Venue - Min. 50 - Maks,400
Elifçe Şirin Mutfak Taş Mekan & Garden Fiyatları - Yemekli Min. 30 - Maks,120
Elifçe Şirin Mutfak Taş Mekan & Garden Fiyatları - Kokteyl Min. 30 - Maks,120
Elifçe Şirin Mutfak Taş Mekan & Garden Fiyatları - Min. 30 - Maks,120
Masal Garden Fiyatları - Kapasite 200 - 2000 Kişi Bütün Kapasite Bilgileri Yemekli Kişi Başı,600
Masal Garden Fiyatları - Yemekli Kişi Başı,600
Masal Garden Fiyatları - Kokteyl Menü Kokteyl Hafta İçi Kişi Başı,390
Masal Garden Fiyatları - Hafta Sonu Kişi Başı,490
Masal Garden Fiyatları - Detaylar Son Güncelleme: 23.03.2026 Kırmızı Et Menü Yemekli Hafta İçi Kişi Başı,600
Masal Garden Fiyatları - Hafta Sonu Kişi Başı,725
Masal Garden Fiyatları - Kırmızı Et Menü Yemekli Hafta İçi Kişi Başı,600
Masal Garden Fiyatları - Yemekli Min. 200 - Maks,500
Masal Garden Fiyatları - Kokteyl Min. 200 - Maks,500
Masal Garden Fiyatları - Yemekli Min. 200 - Maks,2000
Masal Garden Fiyatları - Kokteyl Min. 200 - Maks,2000
Masal Garden Fiyatları - Önerilen Firmalar Sapanca Seyir Terası Sapanca 20 - 600 Yemekli Kişi Başı,1000
Masal Garden Fiyatları - Butik Davet 4 - 9 (12) Serdivan 10 - 200 Paket 50.000,35000
Masal Garden Fiyatları - Erkan Sezgin Düğün & Toplantı 5 - 0 (10) Adapazarı 200 - 1000 Kişi Başı,670560
Masal Garden Fiyatları - Erkan Sezgin Düğün & Toplantı 4 - 7 (19) Adapazarı 200 - 4000 Kişi Başı,670560
Masal Garden Fiyatları - Sapanca Seyir Terası Sapanca 20 - 600 Yemekli Kişi Başı,1000
Masal Garden Fiyatları - Sapanca 20,600
Masal Garden Fiyatları - 20,600
Masal Garden Fiyatları - Yemekli Kişi Başı,1000
Masal Garden Fiyatları - 4 - 9 (12) Serdivan 10,200
Masal Garden Fiyatları - 10,200
Masal Garden Fiyatları - Paket 50.000,35000
Masal Garden Fiyatları - 50.000,35000
Masal Garden Fiyatları - 4 - 8 (19) Erenler 200,2000
Masal Garden Fiyatları - 200,2000
Masal Garden Fiyatları - 5 - 0 (10) Adapazarı 200,1000
Masal Garden Fiyatları - 200,1000
Masal Garden Fiyatları - Kişi Başı,670560
Masal Garden Fiyatları - 670,560
Masal Garden Fiyatları - Arya Düğün ve Toplantı Salonu 4 - 6 (10) Adapazarı 100 - 1000 Kişi Başı 1.100,800
Masal Garden Fiyatları - 4 - 6 (10) Adapazarı 100,1000
Masal Garden Fiyatları - 100,1000
Masal Garden Fiyatları - Kişi Başı 1.100,800
Masal Garden Fiyatları - 1.100,800
Masal Garden Fiyatları - 4 - 7 (19) Adapazarı 200,4000
Masal Garden Fiyatları - 200,4000
Masal Garden Fiyatları - Kişi Başı,390
Masal Garden Fiyatları - Kişi Başı,490
Masal Garden Fiyatları - Kişi Başı,600
Masal Garden Fiyatları - Kişi Başı,725
Masal Garden Fiyatları - Min. 200 - Maks,500
Masal Garden Fiyatları - Min. 200 - Maks,2000
Masal Garden Fiyatları - 150.000,125000
Masal Garden Fiyatları - Kişi Başı,670
Masal Garden Fiyatları - Kişi Başı,560
Tüfad Prestige Hotel Fiyatları - 52 medyayı görüntüle Kapasite 20 - 200 Kişi Bütün Kapasite Bilgileri Yemekli Kişi Başı,1200
Tüfad Prestige Hotel Fiyatları - Yemekli Kişi Başı,1200
Tüfad Prestige Hotel Fiyatları - Salon Kiralama Mekan Fiyatı Hafta İçi Paket,45000
Tüfad Prestige Hotel Fiyatları - Hafta Sonu Paket,50000
Tüfad Prestige Hotel Fiyatları - Detaylar Son Güncelleme: 18.03.2026 Kokteyl Menü Kokteyl Hafta İçi Kişi Başı,1100
Tüfad Prestige Hotel Fiyatları - Hafta Sonu Kişi Başı,1200
Tüfad Prestige Hotel Fiyatları - Detaylar Son Güncelleme: 23.05.2026 Beyaz Et Menü Yemekli Hafta İçi Kişi Başı,1200
Tüfad Prestige Hotel Fiyatları - Hafta Sonu Kişi Başı,1400
Tüfad Prestige Hotel Fiyatları - Detaylar Son Güncelleme: 04.05.2026 Kırmızı Et Menü Yemekli Hafta İçi Kişi Başı,1600
Tüfad Prestige Hotel Fiyatları - Hafta Sonu Kişi Başı,1800
Tüfad Prestige Hotel Fiyatları - Kokteyl Menü Kokteyl Hafta İçi Kişi Başı,1100
Tüfad Prestige Hotel Fiyatları - Beyaz Et Menü Yemekli Hafta İçi Kişi Başı,1200
Tüfad Prestige Hotel Fiyatları - Kırmızı Et Menü Yemekli Hafta İçi Kişi Başı,1600
Tüfad Prestige Hotel Fiyatları - Yemekli Min. 20 - Maks,150
Tüfad Prestige Hotel Fiyatları - Kokteyl Min. 20 - Maks,200
Tüfad Prestige Hotel Fiyatları - 0312 963 33,65
Tüfad Prestige Hotel Fiyatları - Min. 20 - Maks,150
Tüfad Prestige Hotel Fiyatları - Min. 20 - Maks,200
Mavera Cafe Restaurant Fiyatları - Yemekli Min. 100 - Maks,250
Mavera Cafe Restaurant Fiyatları - Kokteyl Min. 100 - Maks,250
Mavera Cafe Restaurant Fiyatları - Önerilen Firmalar Bahçe Kuzguncuk 4 - 6 (16) Üsküdar 50 - 200 Kokteyl Kişi Başı,700
Mavera Cafe Restaurant Fiyatları - Çamlıca Köşk Teras 5 - 0 (17) Üsküdar 100 - 350 Kokteyl Kişi Başı,500
Mavera Cafe Restaurant Fiyatları - Meydan Davet Salonu 4 - 9 (14) Kartal 50 - 250 Mekan Fiyatı Paket,30000
Mavera Cafe Restaurant Fiyatları - Arjin Davet Salonu 4 - 6 (12) Ataşehir 10 - 250 Kokteyl Paket,65000
Mavera Cafe Restaurant Fiyatları - Gülce Davet 4 - 9 (36) Sancaktepe 30 - 120 Kokteyl Paket,16000
Mavera Cafe Restaurant Fiyatları - Kokoş Wedding 5 - 0 (10) Beykoz 100 - 350 Kokteyl Paket,55000
Mavera Cafe Restaurant Fiyatları - Bahçe Kuzguncuk 4 - 6 (16) Üsküdar 50 - 200 Kokteyl Kişi Başı,700
Mavera Cafe Restaurant Fiyatları - 4 - 6 (16) Üsküdar 50,200
Mavera Cafe Restaurant Fiyatları - 50,200
Mavera Cafe Restaurant Fiyatları - Kokteyl Kişi Başı,700
Mavera Cafe Restaurant Fiyatları - 5 - 0 (17) Üsküdar 100,350
Mavera Cafe Restaurant Fiyatları - 100,350
Mavera Cafe Restaurant Fiyatları - Kokteyl Kişi Başı,500
Mavera Cafe Restaurant Fiyatları - 4 - 9 (14) Kartal 50,250
Mavera Cafe Restaurant Fiyatları - 50,250
Mavera Cafe Restaurant Fiyatları - Mekan Fiyatı Paket,30000
Mavera Cafe Restaurant Fiyatları - 4 - 6 (12) Ataşehir 10,250
Mavera Cafe Restaurant Fiyatları - 10,250
Mavera Cafe Restaurant Fiyatları - Kokteyl Paket,65000
Mavera Cafe Restaurant Fiyatları - 4 - 9 (36) Sancaktepe 30,120
Mavera Cafe Restaurant Fiyatları - 30,120
Mavera Cafe Restaurant Fiyatları - Kokteyl Paket,16000
Mavera Cafe Restaurant Fiyatları - 5 - 0 (10) Beykoz 100,350
Mavera Cafe Restaurant Fiyatları - Kokteyl Paket,55000
Mavera Cafe Restaurant Fiyatları - Min. 100 - Maks,250
Saray Kına Evi Fiyatları - 9 medyayı görüntüle Kapasite 50 - 150 Kişi Bütün Kapasite Bilgileri Kokteyl Paket,55000
Saray Kına Evi Fiyatları - Kokteyl Paket,55000
Saray Kına Evi Fiyatları - Standart Kokteyl Hafta İçi Paket,55000
Saray Kına Evi Fiyatları - Hafta Sonu Paket,60000
Saray Kına Evi Fiyatları - Yemekli Min. 50 - Maks,150
Saray Kına Evi Fiyatları - Kokteyl Min. 50 - Maks,150
Saray Kına Evi Fiyatları - Önerilen Firmalar Nars Event 5 - 0 (28) Başakşehir 50 - 250 Kokteyl Kişi Başı,400
Saray Kına Evi Fiyatları - Avrupa Organizasyon Davet Evi 5 - 0 (10) Beylikdüzü 10 - 120 Kokteyl Paket,35000
Saray Kına Evi Fiyatları - Eva Penthouse 5 - 0 (11) Beyoğlu 10 - 120 Kokteyl Paket,42500
Saray Kına Evi Fiyatları - Breeze Angel Davet Evi 5 - 0 (8) Eyüp 50 - 130 Kokteyl Paket,65000
Saray Kına Evi Fiyatları - Rosalie Davet Evi 4 - 9 (10) Esenyurt 10 - 90 Kokteyl Paket,35000
Saray Kına Evi Fiyatları - Volim Davet 5 - 0 (10) Başakşehir 20 - 150 Yemekli Paket,69000
Saray Kına Evi Fiyatları - Nars Event 5 - 0 (28) Başakşehir 50 - 250 Kokteyl Kişi Başı,400
Saray Kına Evi Fiyatları - 5 - 0 (28) Başakşehir 50,250
Saray Kına Evi Fiyatları - 50,250
Saray Kına Evi Fiyatları - Kokteyl Kişi Başı,400
Saray Kına Evi Fiyatları - 5 - 0 (10) Beylikdüzü 10,120
Saray Kına Evi Fiyatları - 10,120
Saray Kına Evi Fiyatları - Kokteyl Paket,35000
Saray Kına Evi Fiyatları - 5 - 0 (11) Beyoğlu 10,120
Saray Kına Evi Fiyatları - Kokteyl Paket,42500
Saray Kına Evi Fiyatları - 5 - 0 (8) Eyüp 50,130
Saray Kına Evi Fiyatları - 50,130
Saray Kına Evi Fiyatları - Kokteyl Paket,65000
Saray Kına Evi Fiyatları - 4 - 9 (10) Esenyurt 10,90
Saray Kına Evi Fiyatları - 10,90
Saray Kına Evi Fiyatları - 5 - 0 (10) Başakşehir 20,150
Saray Kına Evi Fiyatları - 20,150
Saray Kına Evi Fiyatları - Yemekli Paket,69000
Saray Kına Evi Fiyatları - Min. 50 - Maks,150
Cafe Home Teras Fiyatları - Önerilen Firmalar La Bella Note Event 5 - 0 (10) Atakum 50 - 300 Kokteyl Paket,55000
Cafe Home Teras Fiyatları - Juliet Event House Atakum Ramada Plaza By Wyndham Samsun 4 - 9 (11) İlkadım 30 - 550 Kokteyl Paket,150000
Cafe Home Teras Fiyatları - Blue Dolphin Otel 4 - 4 (11) Atakum 100 - 450 Paket 70.000,50000
Cafe Home Teras Fiyatları - Deluxe Wedding House Atakum 400 - 800 Yemekli Kişi Başı,1000
Cafe Home Teras Fiyatları - La Bella Note Event 5 - 0 (10) Atakum 50 - 300 Kokteyl Paket,55000
Cafe Home Teras Fiyatları - 5 - 0 (10) Atakum 50,300
Cafe Home Teras Fiyatları - 50,300
Cafe Home Teras Fiyatları - Kokteyl Paket,55000
Cafe Home Teras Fiyatları - Ramada Plaza By Wyndham Samsun 4 - 9 (11) İlkadım 30 - 550 Kokteyl Paket,150000
Cafe Home Teras Fiyatları - 4 - 9 (11) İlkadım 30,550
Cafe Home Teras Fiyatları - 30,550
Cafe Home Teras Fiyatları - Kokteyl Paket,150000
Cafe Home Teras Fiyatları - 4 - 4 (11) Atakum 100,450
Cafe Home Teras Fiyatları - 100,450
Cafe Home Teras Fiyatları - Paket 70.000,50000
Cafe Home Teras Fiyatları - 70.000,50000
Cafe Home Teras Fiyatları - Atakum 400,800
Cafe Home Teras Fiyatları - 400,800
Cafe Home Teras Fiyatları - Yemekli Kişi Başı,1000
Cafe Home Teras Fiyatları - 5 - 0 (10) Atakum 200,875
Cafe Home Teras Fiyatları - 200,875
Cafe Home Teras Fiyatları - 130.000,104000
Taş Konak Fiyatları - 55 medyayı görüntüle Kapasite 10 - 350 Kişi Bütün Kapasite Bilgileri Paket 45.000,38000
Taş Konak Fiyatları - Paket 45.000,38000
Taş Konak Fiyatları - 45.000,38000
Taş Konak Fiyatları - Kokteyl Menü Kokteyl Hafta İçi Paket,45000
Taş Konak Fiyatları - Hafta Sonu Paket,60000
Taş Konak Fiyatları - Kampanyalar %16 Son gün 30/06/2026 Düğün.com Çiftlerine Özel Hafta İçi Organizasyonlarınız,31500
Taş Konak Fiyatları - %16 Son gün 30/06/2026 Düğün.com Çiftlerine Özel Hafta İçi Organizasyonlarınız,31500
Taş Konak Fiyatları - Düğün.com Çiftlerine Özel Hafta İçi Organizasyonlarınız,31500
Taş Konak Fiyatları - %17 Son gün 30/06/2026 Düğün.com Çiftlerine Özel Hafta Sonu Organizasyonlarınız,37500
Taş Konak Fiyatları - Düğün.com Çiftlerine Özel Hafta Sonu Organizasyonlarınız,37500
Taş Konak Fiyatları - Yemekli Min. 10 - Maks,350
Taş Konak Fiyatları - Kokteyl Min. 10 - Maks,350
Taş Konak Fiyatları - e tüm personel çok güzel agirladilar bizleri,1750
Taş Konak Fiyatları - Min. 10 - Maks,350
Baben Beykoz Fiyatları - Yemekli Min. 100 - Maks,250
Baben Beykoz Fiyatları - Kokteyl Min. 100 - Maks,250
Baben Beykoz Fiyatları - Önerilen Firmalar Bahçe Kuzguncuk 4 - 6 (16) Üsküdar 50 - 200 Kokteyl Kişi Başı,700
Baben Beykoz Fiyatları - Demet Rose Garden 5 - 0 (4) Çekmeköy 30 - 250 Mekan Fiyatı Paket,35000
Baben Beykoz Fiyatları - Meydan Davet Salonu 4 - 9 (14) Kartal 50 - 250 Mekan Fiyatı Paket,30000
Baben Beykoz Fiyatları - Gülce Davet 4 - 9 (36) Sancaktepe 30 - 120 Kokteyl Paket,16000
Baben Beykoz Fiyatları - Kalia 4 - 9 (10) Maltepe 50 - 200 Kokteyl Kişi Başı,950
Baben Beykoz Fiyatları - Süslü Bahçe Event 4 - 4 (11) Çekmeköy 50 - 300 Yemekli Paket,75000
Baben Beykoz Fiyatları - Bahçe Kuzguncuk 4 - 6 (16) Üsküdar 50 - 200 Kokteyl Kişi Başı,700
Baben Beykoz Fiyatları - 4 - 6 (16) Üsküdar 50,200
Baben Beykoz Fiyatları - 50,200
Baben Beykoz Fiyatları - Kokteyl Kişi Başı,700
Baben Beykoz Fiyatları - 5 - 0 (4) Çekmeköy 30,250
Baben Beykoz Fiyatları - 30,250
Baben Beykoz Fiyatları - Mekan Fiyatı Paket,35000
Baben Beykoz Fiyatları - 4 - 9 (14) Kartal 50,250
Baben Beykoz Fiyatları - 50,250
Baben Beykoz Fiyatları - Mekan Fiyatı Paket,30000
Baben Beykoz Fiyatları - 4 - 9 (36) Sancaktepe 30,120
Baben Beykoz Fiyatları - 30,120
Baben Beykoz Fiyatları - Kokteyl Paket,16000
Baben Beykoz Fiyatları - 4 - 9 (10) Maltepe 50,200
Baben Beykoz Fiyatları - Kokteyl Kişi Başı,950
Baben Beykoz Fiyatları - 4 - 4 (11) Çekmeköy 50,300
Baben Beykoz Fiyatları - 50,300
Baben Beykoz Fiyatları - Yemekli Paket,75000
Baben Beykoz Fiyatları - Min. 100 - Maks,250
Sporköy Fiyatları - 10 medyayı görüntüle Kapasite 50 - 1500 Kişi Bütün Kapasite Bilgileri Yemekli Kişi Başı,1000
Sporköy Fiyatları - Yemekli Kişi Başı,1000
Sporköy Fiyatları - Yemekli Yemekli Hafta İçi Kişi Başı,1000
Sporköy Fiyatları - Hafta Sonu Kişi Başı,1100
Sporköy Fiyatları - Detaylar Son Güncelleme: 30.03.2026 Kokteyl Kokteyl Hafta İçi Kişi Başı,600
Sporköy Fiyatları - Hafta Sonu Kişi Başı,800
Sporköy Fiyatları - Kokteyl Kokteyl Hafta İçi Kişi Başı,600
Sporköy Fiyatları - Yemekli Min. 50 - Maks,500
Sporköy Fiyatları - Kokteyl Min. 50 - Maks,500
Sporköy Fiyatları - Yemekli Min. 53 - Maks,1500
Sporköy Fiyatları - Kokteyl Min. 50 - Maks,1500
Sporköy Fiyatları - Önerilen Firmalar Birgül Davet & Organizasyon Darıca 20 - 200 Kokteyl Paket,42500
Sporköy Fiyatları - Doğa Çiftlik Evi Gebze 50 - 2000 Yemekli Kişi Başı,900
Sporköy Fiyatları - Kaptan Köşkü Gebze 150 - 200 Kokteyl Kişi Başı,650
Sporköy Fiyatları - Stellar Davet 5 - 0 (20) İzmit 10 - 100 Paket 25.000,22000
Sporköy Fiyatları - Berra Davet Evi 5 - 0 (11) Gölcük 30 - 120 Paket 55.000,45000
Sporköy Fiyatları - İnovapak 4 - 7 (10) Başiskele 100 - 1000 Kişi Başı,300200
Sporköy Fiyatları - Birgül Davet & Organizasyon Darıca 20 - 200 Kokteyl Paket,42500
Sporköy Fiyatları - Darıca 20,200
Sporköy Fiyatları - 20,200
Sporköy Fiyatları - Kokteyl Paket,42500
Sporköy Fiyatları - Gebze 50,2000
Sporköy Fiyatları - 50,2000
Sporköy Fiyatları - Yemekli Kişi Başı,900
Sporköy Fiyatları - Gebze 150,200
Sporköy Fiyatları - 150,200
Sporköy Fiyatları - Kokteyl Kişi Başı,650
Sporköy Fiyatları - 5 - 0 (20) İzmit 10,100
Sporköy Fiyatları - 10,100
Sporköy Fiyatları - Paket 25.000,22000
Sporköy Fiyatları - 25.000,22000
Sporköy Fiyatları - 5 - 0 (11) Gölcük 30,120
Sporköy Fiyatları - 30,120
Sporköy Fiyatları - Paket 55.000,45000
Sporköy Fiyatları - 55.000,45000
Sporköy Fiyatları - 4 - 7 (10) Başiskele 100,1000
Sporköy Fiyatları - 100,1000
Sporköy Fiyatları - Kişi Başı,300200
Sporköy Fiyatları - 300,200
Sporköy Fiyatları - Kişi Başı,600
Sporköy Fiyatları - Kişi Başı,800
Sporköy Fiyatları - Min. 50 - Maks,500
Sporköy Fiyatları - Min. 53 - Maks,1500
Sporköy Fiyatları - Min. 50 - Maks,1500
Sporköy Fiyatları - Kişi Başı,300
Sporköy Fiyatları - Kişi Başı,200
Gül Davet Evi Fiyatları - Önerilen Firmalar Ayaz Elegance Düğün Salonu 5 - 0 (10) Kayapınar 80 - 1000 Yemekli Kişi Başı,80000
Gül Davet Evi Fiyatları - Çırağan Event Center 4 - 0 (1) Bağlar 150 - 1200 Kokteyl Paket,160000
Gül Davet Evi Fiyatları - Ayaz Elegance Düğün Salonu 5 - 0 (10) Kayapınar 80 - 1000 Yemekli Kişi Başı,80000
Gül Davet Evi Fiyatları - 5 - 0 (10) Kayapınar 80,1000
Gül Davet Evi Fiyatları - 80,1000
Gül Davet Evi Fiyatları - Yemekli Kişi Başı,80000
Gül Davet Evi Fiyatları - 4 - 0 (1) Bağlar 150,1200
Gül Davet Evi Fiyatları - 150,1200
Gül Davet Evi Fiyatları - Kokteyl Paket,160000
Gül Davet Evi Fiyatları - Güneş Wedding Hall Kayapınar 50,1200
Gül Davet Evi Fiyatları - Kayapınar 50,1200
Gül Davet Evi Fiyatları - 50,1200
Hayat Lokantası Fiyatları - Hafta Sonu Kişi Başı,550
Hayat Lokantası Fiyatları - Detaylar Son Güncelleme: 16.05.2026 Kokteyl Menü Kokteyl Hafta İçi Paket,50000
Hayat Lokantası Fiyatları - Hafta Sonu Paket,60000
Hayat Lokantası Fiyatları - Kokteyl Menü Kokteyl Hafta İçi Paket,50000
Hayat Lokantası Fiyatları - Yemekli Min. 20 - Maks,1000
Hayat Lokantası Fiyatları - Kokteyl Min. 20 - Maks,1000
Hayat Lokantası Fiyatları - Yemekli Min. 50 - Maks,300
Hayat Lokantası Fiyatları - Kokteyl Min. 50 - Maks,350
Hayat Lokantası Fiyatları - Önerilen Firmalar Gardenya Davet 5 - 0 (10) Nilüfer 10 - 80 Kokteyl Paket,110000
Hayat Lokantası Fiyatları - Literal Davet 5 - 0 (2) Osmangazi 85 - 150 Paket 60.000,35000
Hayat Lokantası Fiyatları - Gönül Dağı Davet Osmangazi 30 - 200 Paket 60.000,38000
Hayat Lokantası Fiyatları - Konak 18 Cümbüş 4 - 9 (10) Osmangazi 50 - 100 Kokteyl Paket,20000
Hayat Lokantası Fiyatları - Konak 18 Yeşilbahçe Osmangazi 20 - 700 Kokteyl Paket,60000
Hayat Lokantası Fiyatları - Rumeli Organizasyon 5 - 0 (11) Osmangazi 10 - 140 Paket 16.500,11900
Hayat Lokantası Fiyatları - Gardenya Davet 5 - 0 (10) Nilüfer 10 - 80 Kokteyl Paket,110000
Hayat Lokantası Fiyatları - 5 - 0 (10) Nilüfer 10,80
Hayat Lokantası Fiyatları - 10,80
Hayat Lokantası Fiyatları - Kokteyl Paket,110000
Hayat Lokantası Fiyatları - 5 - 0 (2) Osmangazi 85,150
Hayat Lokantası Fiyatları - 85,150
Hayat Lokantası Fiyatları - Paket 60.000,35000
Hayat Lokantası Fiyatları - 60.000,35000
Hayat Lokantası Fiyatları - Osmangazi 30,200
Hayat Lokantası Fiyatları - 30,200
Hayat Lokantası Fiyatları - Paket 60.000,38000
Hayat Lokantası Fiyatları - 60.000,38000
Hayat Lokantası Fiyatları - 4 - 9 (10) Osmangazi 50,100
Hayat Lokantası Fiyatları - 50,100
Hayat Lokantası Fiyatları - Kokteyl Paket,20000
Hayat Lokantası Fiyatları - Osmangazi 20,700
Hayat Lokantası Fiyatları - 20,700
Hayat Lokantası Fiyatları - Kokteyl Paket,60000
Hayat Lokantası Fiyatları - 5 - 0 (11) Osmangazi 10,140
Hayat Lokantası Fiyatları - 10,140
Hayat Lokantası Fiyatları - Paket 16.500,11900
Hayat Lokantası Fiyatları - 16.500,11900
Hayat Lokantası Fiyatları - Kişi Başı,550
Hayat Lokantası Fiyatları - Min. 20 - Maks,1000
Hayat Lokantası Fiyatları - Min. 50 - Maks,300
Hayat Lokantası Fiyatları - Min. 50 - Maks,350
Miranda Event Fiyatları - 29 medyayı görüntüle Kapasite 20 - 150 Kişi Bütün Kapasite Bilgileri Paket 44.000,38000
Miranda Event Fiyatları - Paket 44.000,38000
Miranda Event Fiyatları - 44.000,38000
Miranda Event Fiyatları - Ekonomik Paket 2 Kokteyl Hafta İçi Paket,32000
Miranda Event Fiyatları - Hafta Sonu Paket,35000
Miranda Event Fiyatları - Detaylar Son Güncelleme: 25.05.2026 Gümüş Paket Kokteyl Hafta İçi Paket,44000
Miranda Event Fiyatları - Hafta Sonu Paket,49000
Miranda Event Fiyatları - Detaylar Son Güncelleme: 25.05.2026 Bronz Paket Kokteyl Hafta İçi Paket,38000
Miranda Event Fiyatları - Hafta Sonu Paket,44000
Miranda Event Fiyatları - Detaylar Son Güncelleme: 25.05.2026 Ekonomik Paket Kokteyl Hafta İçi Paket,36000
Miranda Event Fiyatları - Hafta Sonu Paket,40000
Miranda Event Fiyatları - Detaylar Son Güncelleme: 25.05.2026 Salon Ki̇ralama (Kendin Geti̇r) Mekan Fiyatı Hafta İçi Paket,25000
Miranda Event Fiyatları - Hafta Sonu Paket,30000
Miranda Event Fiyatları - Gümüş Paket Kokteyl Hafta İçi Paket,44000
Miranda Event Fiyatları - Bronz Paket Kokteyl Hafta İçi Paket,38000
Miranda Event Fiyatları - Ekonomik Paket Kokteyl Hafta İçi Paket,36000
Miranda Event Fiyatları - Salon Ki̇ralama (Kendin Geti̇r) Mekan Fiyatı Hafta İçi Paket,25000
Miranda Event Fiyatları - Kampanyalar %14 Son gün 01/07/2026 Düğün.com'a Özel Bronz Paket Organizasyonlarınız,38000
Miranda Event Fiyatları - %14 Son gün 01/07/2026 Düğün.com'a Özel Bronz Paket Organizasyonlarınız,38000
Miranda Event Fiyatları - Düğün.com'a Özel Bronz Paket Organizasyonlarınız,38000
Miranda Event Fiyatları - Yemekli Min. 40 - Maks,120
Miranda Event Fiyatları - Kokteyl Min. 20 - Maks,150
Miranda Event Fiyatları - 0312 963 31,66
Miranda Event Fiyatları - Min. 40 - Maks,120
Miranda Event Fiyatları - Min. 20 - Maks,150
Hayat Bahçem Fiyatları - Önerilen Firmalar Lina Florya 4 - 9 (10) Bakırköy 100 - 300 Düğün Kredisi Kişi Başı 1.900,1200
Hayat Bahçem Fiyatları - Avrupa Organizasyon Davet Evi 5 - 0 (10) Beylikdüzü 10 - 120 Paket 47.000,30000
Hayat Bahçem Fiyatları - Lorien Davet Bahçeşehir 5 - 0 (15) Başakşehir 50 - 140 Paket 100.000,63000
Hayat Bahçem Fiyatları - Eva Penthouse 5 - 0 (11) Beyoğlu 10 - 120 Paket 79.000,49990
Hayat Bahçem Fiyatları - Lina Florya 4 - 9 (10) Bakırköy 100 - 300 Düğün Kredisi Kişi Başı 1.900,1200
Hayat Bahçem Fiyatları - 100,300
Hayat Bahçem Fiyatları - Kişi Başı 1.900,1200
Hayat Bahçem Fiyatları - 1.900,1200
Hayat Bahçem Fiyatları - 5 - 0 (10) Beylikdüzü 10,120
Hayat Bahçem Fiyatları - 10,120
Hayat Bahçem Fiyatları - Paket 47.000,30000
Hayat Bahçem Fiyatları - 47.000,30000
Hayat Bahçem Fiyatları - 5 - 0 (15) Başakşehir 50,140
Hayat Bahçem Fiyatları - 50,140
Hayat Bahçem Fiyatları - Paket 100.000,63000
Hayat Bahçem Fiyatları - 100.000,63000
Hayat Bahçem Fiyatları - 5 - 0 (21) Beşiktaş 50,350
Hayat Bahçem Fiyatları - 50,350
Hayat Bahçem Fiyatları - Diyan Davet & Organizasyon 4 - 9 (6) Beylikdüzü 10 - 130 Paket 45.000,28000
Hayat Bahçem Fiyatları - 4 - 9 (6) Beylikdüzü 10,130
Hayat Bahçem Fiyatları - 10,130
Hayat Bahçem Fiyatları - Paket 45.000,28000
Hayat Bahçem Fiyatları - 45.000,28000
Hayat Bahçem Fiyatları - 5 - 0 (11) Beyoğlu 10,120
Hayat Bahçem Fiyatları - Paket 79.000,49990
Hayat Bahçem Fiyatları - 79.000,49990
Hayat Bahçem Fiyatları - Kişi Başı,100
Lidya Sardes Otel Fiyatları - Yemekli Min. 200 - Maks,875
Lidya Sardes Otel Fiyatları - Kokteyl Min. 200 - Maks,875
Lidya Sardes Otel Fiyatları - Önerilen Firmalar Yağmur Düğün Salonu 5 - 0 (10) Yunusemre 100 - 500 Paket 70.000,55000
Lidya Sardes Otel Fiyatları - Yarenaz Event 5 - 0 (13) Yunusemre 100 - 700 Kokteyl Paket,80000
Lidya Sardes Otel Fiyatları - 45 Park Event Merkez 10 - 160 Mekan Fiyatı Paket,45000
Lidya Sardes Otel Fiyatları - Livia X 5 - 0 (10) Yunusemre 300 - 300 Mekan Fiyatı Paket,55000
Lidya Sardes Otel Fiyatları - Yarenaz Kır Düğünü 4 - 9 (17) Yunusemre 50 - 700 Paket 145.600,90000
Lidya Sardes Otel Fiyatları - Canuyar Sera Park 5 - 0 (10) Şehzadeler 50 - 900 Kokteyl Paket,14000
Lidya Sardes Otel Fiyatları - Yağmur Düğün Salonu 5 - 0 (10) Yunusemre 100 - 500 Paket 70.000,55000
Lidya Sardes Otel Fiyatları - 5 - 0 (10) Yunusemre 100,500
Lidya Sardes Otel Fiyatları - 100,500
Lidya Sardes Otel Fiyatları - Paket 70.000,55000
Lidya Sardes Otel Fiyatları - 70.000,55000
Lidya Sardes Otel Fiyatları - 5 - 0 (13) Yunusemre 100,700
Lidya Sardes Otel Fiyatları - 100,700
Lidya Sardes Otel Fiyatları - Kokteyl Paket,80000
Lidya Sardes Otel Fiyatları - Merkez 10,160
Lidya Sardes Otel Fiyatları - 10,160
Lidya Sardes Otel Fiyatları - Mekan Fiyatı Paket,45000
Lidya Sardes Otel Fiyatları - 5 - 0 (10) Yunusemre 300,300
Lidya Sardes Otel Fiyatları - 300,300
Lidya Sardes Otel Fiyatları - Mekan Fiyatı Paket,55000
Lidya Sardes Otel Fiyatları - 4 - 9 (17) Yunusemre 50,700
Lidya Sardes Otel Fiyatları - 50,700
Lidya Sardes Otel Fiyatları - Paket 145.600,90000
Lidya Sardes Otel Fiyatları - 145.600,90000
Lidya Sardes Otel Fiyatları - 5 - 0 (10) Şehzadeler 50,900
Lidya Sardes Otel Fiyatları - 50,900
Lidya Sardes Otel Fiyatları - Kokteyl Paket,14000
Lidya Sardes Otel Fiyatları - Min. 200 - Maks,875
Atalay Club Teras Fiyatları - 43 medyayı görüntüle Kapasite 50 - 300 Kişi Bütün Kapasite Bilgileri Paket 60.000,45000
Atalay Club Teras Fiyatları - Paket 60.000,45000
Atalay Club Teras Fiyatları - 60.000,45000
Atalay Club Teras Fiyatları - Kokteyl Tabaği - Gece Kokteyl Hafta İçi Paket,55000
Atalay Club Teras Fiyatları - Hafta Sonu Paket,65000
Atalay Club Teras Fiyatları - %25 Son gün 31/12/2026 Atalay Club Teras Salon'da Hafta içi Yapacağınız Kokteyl Menülü Organizasyonlarınız,45000
Atalay Club Teras Fiyatları - Atalay Club Teras Salon'da Hafta içi Yapacağınız Kokteyl Menülü Organizasyonlarınız,45000
Atalay Club Teras Fiyatları - %20 Son gün 31/10/2026 Atalay Club Teras Salon'da Hafta Sonu Yapacağınız Kokteyl Menülü Organizasyonlarınız,60000
Atalay Club Teras Fiyatları - Atalay Club Teras Salon'da Hafta Sonu Yapacağınız Kokteyl Menülü Organizasyonlarınız,60000
Atalay Club Teras Fiyatları - Yemekli Min. 50 - Maks,300
Atalay Club Teras Fiyatları - Kokteyl Min. 50 - Maks,300
Atalay Club Teras Fiyatları - Fiyatlar,2025
Atalay Club Teras Fiyatları - Min. 50 - Maks,300
Big Loft Davet Fiyatları - Yemekli Min. 20 - Maks,600
Big Loft Davet Fiyatları - Kokteyl Min. 20 - Maks,600
Big Loft Davet Fiyatları - Mavera Davet Salonu 4 - 7 (10) Arnavutköy 80 - 850 Kokteyl Kişi Başı,540
Big Loft Davet Fiyatları - Çamlık Garden 4 - 5 (11) Sarıyer 100 - 400 Kokteyl Paket,120000
Big Loft Davet Fiyatları - 5 - 0 (21) Beşiktaş 50,350
Big Loft Davet Fiyatları - 50,350
Big Loft Davet Fiyatları - Sarıyer Garden 5 - 0 (11) Sarıyer 200 - 350 Kokteyl Kişi Başı,650
Big Loft Davet Fiyatları - 5 - 0 (11) Sarıyer 200,350
Big Loft Davet Fiyatları - 200,350
Big Loft Davet Fiyatları - Kokteyl Kişi Başı,650
Big Loft Davet Fiyatları - 4 - 7 (10) Arnavutköy 80,850
Big Loft Davet Fiyatları - 80,850
Big Loft Davet Fiyatları - Kokteyl Kişi Başı,540
Big Loft Davet Fiyatları - 4 - 5 (11) Sarıyer 100,400
Big Loft Davet Fiyatları - 100,400
Big Loft Davet Fiyatları - Kokteyl Paket,120000
Big Loft Davet Fiyatları - 5 - 0 (10) Beyoğlu 50,650
Big Loft Davet Fiyatları - 50,650
Big Loft Davet Fiyatları - Saraylı Davet Organizasyon 4 - 9 (20) Başakşehir 100 - 600 Yemekli Kişi Başı,550
Big Loft Davet Fiyatları - 4 - 9 (20) Başakşehir 100,600
Big Loft Davet Fiyatları - 100,600
Big Loft Davet Fiyatları - Yemekli Kişi Başı,550
Big Loft Davet Fiyatları - Min. 20 - Maks,600
Shine Boutique Organizasyon Fiyatları - Yemekli Min. 30 - Maks,100
Shine Boutique Organizasyon Fiyatları - Kokteyl Min. 30 - Maks,100
Shine Boutique Organizasyon Fiyatları - Önerilen Firmalar Nilüfer Botanik Garden Nilüfer 50 - 200 Yemekli Kişi Başı,800
Shine Boutique Organizasyon Fiyatları - Rakkas Davet 4 - 8 (4) Yıldırım 20 - 175 Kokteyl Paket,28500
Shine Boutique Organizasyon Fiyatları - Alya Davet 4 - 7 (10) Yıldırım 30 - 150 Yemekli Paket,28000
Shine Boutique Organizasyon Fiyatları - Gönül Dağı Davet Osmangazi 30 - 200 Kokteyl Paket,30000
Shine Boutique Organizasyon Fiyatları - Salon S - Ela Nilüfer 50 - 200 Kokteyl Paket,55000
Shine Boutique Organizasyon Fiyatları - Konak 18 Yeşilbahçe Osmangazi 20 - 700 Kokteyl Paket,60000
Shine Boutique Organizasyon Fiyatları - Nilüfer Botanik Garden Nilüfer 50 - 200 Yemekli Kişi Başı,800
Shine Boutique Organizasyon Fiyatları - Nilüfer 50,200
Shine Boutique Organizasyon Fiyatları - 50,200
Shine Boutique Organizasyon Fiyatları - Yemekli Kişi Başı,800
Shine Boutique Organizasyon Fiyatları - 4 - 8 (4) Yıldırım 20,175
Shine Boutique Organizasyon Fiyatları - 20,175
Shine Boutique Organizasyon Fiyatları - Kokteyl Paket,28500
Shine Boutique Organizasyon Fiyatları - 4 - 7 (10) Yıldırım 30,150
Shine Boutique Organizasyon Fiyatları - 30,150
Shine Boutique Organizasyon Fiyatları - Yemekli Paket,28000
Shine Boutique Organizasyon Fiyatları - Osmangazi 30,200
Shine Boutique Organizasyon Fiyatları - 30,200
Shine Boutique Organizasyon Fiyatları - Kokteyl Paket,30000
Shine Boutique Organizasyon Fiyatları - Kokteyl Paket,55000
Shine Boutique Organizasyon Fiyatları - Osmangazi 20,700
Shine Boutique Organizasyon Fiyatları - 20,700
Shine Boutique Organizasyon Fiyatları - Kokteyl Paket,60000
Shine Boutique Organizasyon Fiyatları - Min. 30 - Maks,100
Tivoli Event Fiyatları - 10 medyayı görüntüle Kapasite 100 - 250 Kişi Bütün Kapasite Bilgileri Kokteyl Paket,75000
Tivoli Event Fiyatları - Kokteyl Paket,75000
Tivoli Event Fiyatları - Söz Nişan Standart Kokteyl Hafta İçi Paket,75000
Tivoli Event Fiyatları - Hafta Sonu Paket,120000
Tivoli Event Fiyatları - Yemekli Min. 100 - Maks,250
Tivoli Event Fiyatları - Kokteyl Min. 100 - Maks,250
Tivoli Event Fiyatları - Önerilen Firmalar Nilüfer Botanik Garden Nilüfer 50 - 200 Yemekli Kişi Başı,800
Tivoli Event Fiyatları - Alya Davet 4 - 7 (10) Yıldırım 30 - 150 Yemekli Paket,28000
Tivoli Event Fiyatları - Gönül Dağı Davet Osmangazi 30 - 200 Kokteyl Paket,30000
Tivoli Event Fiyatları - Salon S - Ela Nilüfer 50 - 200 Kokteyl Paket,55000
Tivoli Event Fiyatları - Konak 18 Yeşilbahçe Osmangazi 20 - 700 Kokteyl Paket,60000
Tivoli Event Fiyatları - Kadim Davet 5 - 0 (13) Nilüfer 20 - 350 Yemekli Kişi Başı,850
Tivoli Event Fiyatları - Nilüfer Botanik Garden Nilüfer 50 - 200 Yemekli Kişi Başı,800
Tivoli Event Fiyatları - Nilüfer 50,200
Tivoli Event Fiyatları - 50,200
Tivoli Event Fiyatları - Yemekli Kişi Başı,800
Tivoli Event Fiyatları - 4 - 7 (10) Yıldırım 30,150
Tivoli Event Fiyatları - 30,150
Tivoli Event Fiyatları - Yemekli Paket,28000
Tivoli Event Fiyatları - Osmangazi 30,200
Tivoli Event Fiyatları - 30,200
Tivoli Event Fiyatları - Kokteyl Paket,30000
Tivoli Event Fiyatları - Kokteyl Paket,55000
Tivoli Event Fiyatları - Osmangazi 20,700
Tivoli Event Fiyatları - 20,700
Tivoli Event Fiyatları - Kokteyl Paket,60000
Tivoli Event Fiyatları - 5 - 0 (13) Nilüfer 20,350
Tivoli Event Fiyatları - 20,350
Tivoli Event Fiyatları - Yemekli Kişi Başı,850
Tivoli Event Fiyatları - Min. 100 - Maks,250
Şerbetçi Event Home Fiyatları - Önerilen Firmalar Seyirtepe Kır Düğünü & Sıla Düğün Salonu İskilip Mekan Fiyatı Kişi Başı,400
Şerbetçi Event Home Fiyatları - Seyirtepe Kır Düğünü & Sıla Düğün Salonu İskilip Mekan Fiyatı Kişi Başı,400
Şerbetçi Event Home Fiyatları - Mekan Fiyatı Kişi Başı,400
Fehmi Bey Butik Otel Fiyatları - Yemekli Min. 50 - Maks,75
Fehmi Bey Butik Otel Fiyatları - Kokteyl Min. 50 - Maks,75
Fehmi Bey Butik Otel Fiyatları - Önerilen Firmalar Rüya Event 5 - 0 (4) Bornova 30 - 80 Kokteyl Paket,30000
Fehmi Bey Butik Otel Fiyatları - Miray Event & Davet Evi 4 - 8 (5) Bornova 20 - 100 Paket 70.000,40000
Fehmi Bey Butik Otel Fiyatları - Appos Rustik Event 5 - 0 (11) Menemen 20 - 450 Paket 80.000,65000
Fehmi Bey Butik Otel Fiyatları - Alince Event 5 - 0 (3) Buca 20 - 65 Paket 17.000,15000
Fehmi Bey Butik Otel Fiyatları - Rüya Event 5 - 0 (4) Bornova 30 - 80 Kokteyl Paket,30000
Fehmi Bey Butik Otel Fiyatları - 5 - 0 (4) Bornova 30,80
Fehmi Bey Butik Otel Fiyatları - 30,80
Fehmi Bey Butik Otel Fiyatları - Kokteyl Paket,30000
Fehmi Bey Butik Otel Fiyatları - 1 Buca 10,1000
Fehmi Bey Butik Otel Fiyatları - 10,1000
Fehmi Bey Butik Otel Fiyatları - Piari Pera Ulucak 5 - 0 (10) Kemalpaşa 50 - 300 Kişi Başı 1.300,800
Fehmi Bey Butik Otel Fiyatları - 5 - 0 (10) Kemalpaşa 50,300
Fehmi Bey Butik Otel Fiyatları - 50,300
Fehmi Bey Butik Otel Fiyatları - Kişi Başı 1.300,800
Fehmi Bey Butik Otel Fiyatları - 1.300,800
Fehmi Bey Butik Otel Fiyatları - 4 - 8 (5) Bornova 20,100
Fehmi Bey Butik Otel Fiyatları - 20,100
Fehmi Bey Butik Otel Fiyatları - Paket 70.000,40000
Fehmi Bey Butik Otel Fiyatları - 70.000,40000
Fehmi Bey Butik Otel Fiyatları - 5 - 0 (11) Menemen 20,450
Fehmi Bey Butik Otel Fiyatları - 20,450
Fehmi Bey Butik Otel Fiyatları - Paket 80.000,65000
Fehmi Bey Butik Otel Fiyatları - 80.000,65000
Fehmi Bey Butik Otel Fiyatları - 5 - 0 (3) Buca 20,65
Fehmi Bey Butik Otel Fiyatları - 20,65
Fehmi Bey Butik Otel Fiyatları - Paket 17.000,15000
Fehmi Bey Butik Otel Fiyatları - 17.000,15000
Fehmi Bey Butik Otel Fiyatları - Min. 50 - Maks,75
Fehmi Bey Butik Otel Fiyatları - 340.000,170000
Nur Davet Evi Fiyatları - 15 medyayı görüntüle Kapasite 50 - 100 Kişi Bütün Kapasite Bilgileri Mekan Fiyatı Paket,21000
Nur Davet Evi Fiyatları - Mekan Fiyatı Paket,21000
Nur Davet Evi Fiyatları - Standart Paket Mekan Fiyatı Hafta İçi Paket,21000
Nur Davet Evi Fiyatları - Hafta Sonu Paket,24500
Nur Davet Evi Fiyatları - Yemekli Min. 50 - Maks,100
Nur Davet Evi Fiyatları - Kokteyl Min. 50 - Maks,100
Nur Davet Evi Fiyatları - 0212 963 15,87
Nur Davet Evi Fiyatları - Min. 50 - Maks,100
Elite Bosphorus Organizasyon Fiyatları - Önerilen Firmalar Villa Arka Organizasyon 5 - 0 (15) Kadıköy 10 - 70 Mekan Fiyatı Paket,78000
Elite Bosphorus Organizasyon Fiyatları - Çengelköy Sütiş Abdullah Ağa Yalısı 4 - 6 (10) Üsküdar 15 - 180 Kokteyl Kişi Başı,2500
Elite Bosphorus Organizasyon Fiyatları - Arjin Davet Salonu 4 - 6 (12) Ataşehir 10 - 250 Kokteyl Paket,65000
Elite Bosphorus Organizasyon Fiyatları - Bi House Davet 5 - 0 (5) Ataşehir 20 - 60 Kokteyl Paket,55000
Elite Bosphorus Organizasyon Fiyatları - Asu Davet Evi 5 - 0 (12) Ümraniye 10 - 150 Kokteyl Kişi Başı,160
Elite Bosphorus Organizasyon Fiyatları - Eva Penthouse 5 - 0 (11) Beyoğlu 10 - 120 Kokteyl Paket,42500
Elite Bosphorus Organizasyon Fiyatları - Villa Arka Organizasyon 5 - 0 (15) Kadıköy 10 - 70 Mekan Fiyatı Paket,78000
Elite Bosphorus Organizasyon Fiyatları - 5 - 0 (15) Kadıköy 10,70
Elite Bosphorus Organizasyon Fiyatları - 10,70
Elite Bosphorus Organizasyon Fiyatları - Mekan Fiyatı Paket,78000
Elite Bosphorus Organizasyon Fiyatları - 4 - 6 (10) Üsküdar 15,180
Elite Bosphorus Organizasyon Fiyatları - 15,180
Elite Bosphorus Organizasyon Fiyatları - Kokteyl Kişi Başı,2500
Elite Bosphorus Organizasyon Fiyatları - 4 - 6 (12) Ataşehir 10,250
Elite Bosphorus Organizasyon Fiyatları - 10,250
Elite Bosphorus Organizasyon Fiyatları - Kokteyl Paket,65000
Elite Bosphorus Organizasyon Fiyatları - 5 - 0 (5) Ataşehir 20,60
Elite Bosphorus Organizasyon Fiyatları - 20,60
Elite Bosphorus Organizasyon Fiyatları - Kokteyl Paket,55000
Elite Bosphorus Organizasyon Fiyatları - 5 - 0 (12) Ümraniye 10,150
Elite Bosphorus Organizasyon Fiyatları - 10,150
Elite Bosphorus Organizasyon Fiyatları - Kokteyl Kişi Başı,160
Elite Bosphorus Organizasyon Fiyatları - 5 - 0 (11) Beyoğlu 10,120
Elite Bosphorus Organizasyon Fiyatları - 10,120
Elite Bosphorus Organizasyon Fiyatları - Kokteyl Paket,42500
