product_name,price
FLARE FIT PANTOLON,719.99
FITTED PUANTİYELİ BÜRÜMCÜK ATLET,499.99
KALEM PUANTİYELİ NORMAL BEL BÜRÜMCÜK MİDİ ETEK,899.99
FITTED DÜĞMELİ BLUZ,499.99
FITTED ATLET,599.99
FITTED ÖNDEN BAĞLAMALI DOKULU BLUZ,799.99
ÇAPRAZ ÇANTA,999.99
FITTED FİTİLLİ KAŞKORSE ATLET,499.99
JEAN ÇAPRAZ ÇANTA,1499.99
ASİMETRİK MİNİ ETEK,999.99
JEAN BERMUDA ŞORT,1299.99
FITTED KRİNKIL VİSKON BLUZ,799.99
YARIM BALIKÇI YAKA DANTEL TİŞÖRT,599.99
FITTED FİTİLLİ KAŞKORSE ATLET,399.99
BAGGY FIT NORMAL BEL GABARDİN PANTOLON,779.99
FITTED KAYIK YAKA FİTİLLİ KAŞKORSE TİŞÖRT,399.99
BAGGY FIT NORMAL BEL GABARDİN PANTOLON,779.99
OMUZ ÇANTASI,1299.99
GABARDİN BERMUDA ŞORT,899.99
FITTED ÖNDEN BAĞLAMALI BÜRÜMCÜK BLUZ,629.99
NORMAL BEL ŞORT ETEK,999.99
OVERSIZE HAKİM YAKA BLAZER CEKET,1799.99
BALLOON FIT NORMAL BEL DÜZ PAÇA PANTOLON,1299.99
MİNİ ETEK,1299.99
SLIM FIT FİTİLLİ KAŞKORSE ATLET,399.99
SLIM FIT KAYIK YAKA TOKA DETAYLI TİŞÖRT,599.99
FITTED BASKILI RİBANA TİŞÖRT,299.99
OMUZ ÇANTASI,1499.99
FITTED FİTİLLİ KAŞKORSE ATLET,299.99
YÜKSEK BEL BAGGY FIT PANTOLON,1499.99
KADIN BİLEKLİK,399.99
%100 PAMUK BARREL FIT YÜKSEK BEL JEAN PANTOLON,1039.99
90'S WIDE LEG YÜKSEK BEL JEAN PANTOLON,1499.99
SLIM FIT TEK OMUZLU TİŞÖRT,499.99
OVERSIZE,599.99
YÜKSEK BEL STRAIGHT FIT PANTOLON,1039.99
JEAN OMUZ ÇANTASI,1299.99
SLIM FIT FİTİLLİ KAŞKORSE ATLET,299.99
%100 PAMUK STRAIGHT WIDE YÜKSEK BEL JEAN PANTOLON,1299.99
SU GEÇİRMEZ DİK YAKA PAMUKLU MONT,1839.99
KADIN DESENLİ PAMUKLU BANDANA,299.99
%100 PAMUK 90'S WIDE LEG YÜKSEK BEL JEAN PANTOLON,1349.99
%100 PAMUK STRAIGHT WIDE YÜKSEK BEL JEAN PANTOLON,999.99
SLIM FIT BASIC FİTİLLİ KAŞKORSE TİŞÖRT,499.99
JEAN ÇAPRAZ ÇANTA,1499.99
KAYIK YAKA ÇİÇEKLİ TRİKO KAZAK,899.99
SLIM FIT BASIC FİTİLLİ KAŞKORSE TİŞÖRT,499.99
NORMAL BEL FLARE FIT PANTOLON,1299.99
SÜET OMUZ ÇANTASI,1999.99
SLIM FIT TEK OMUZLU TİŞÖRT,499.99
FITTED,899.99
NORMAL BEL CROP FİT GABARDİN PANTOLON,999.99
KAPRİ,999.99
SU GEÇİRMEZ MONT,2299.99
JEAN ÇAPRAZ ÇANTA,1499.99
CROPPED FIT TWİLL TRENÇKOT,1999.99
FITTED PUANTİYELİ BELMANDO BLUZ,799.99
FITTED KARE YAKA KREP ASKILI BLUZ,999.99
BALLOON FIT DİK YAKA POPLİN CEKET,1999.99
FITTED POPLİN,799.99
BALLOON FIT MİDİ ETEK,1499.99
BALLOON FIT MİDİ ETEK,1499.99
SLIM FIT STRAPLEZ BÜRÜMCÜK BLUZ,399.99
PUANTİYELİ POPLİN MİDİ ELBİSE,1299.99
OVERSIZE POPLİN,999.99
FERMUARLI KISA MONT,1049.99
STRAIGHT FIT GENİŞ PAÇA KETEN KARIŞIMLI PANTOLON,999.99
RELAX FIT KETEN KARIŞIMLI FERMUARLI GÖMLEK,1299.99
%100 PAMUK POPLİN ÇİZGİLİ MİDİ ELBİSE,1299.99
A KESİM KETEN KARIŞIMLI ETEK,899.99
PAMUKLU UZUN KOLLU GÖMLEK,799.99
YÜKSEK BEL COMFORT STRAIGHT PANTOLON,999.99
RELAX FIT UZUN KOLLU BLUZ,799.99
RELAX FIT GÖMLEK YAKA POPLİN UZUN KOLLU GÖMLEK,899.99
REGULAR FIT TRİKO KAZAK,899.99
U YAKA TRİKO ATLET,599.99
ÇİZGİLİ KEMERLİ ŞORT ETEK,899.99
V YAKA UZUN KOLLU GÖMLEK,899.99
STRAIGHT FIT PANTOLON,899.99
ASKILI MİDİ ELBİSE,979.99
ASKILI MİDİ ELBİSE,979.99
RELAX FIT KISA KOLLU TİŞÖRT,399.99
REGULAR FIT KAYIK YAKA RİBANA TİŞÖRT,399.99
ASİMETRİK KAYIK YAKA BÜRÜMCÜK TİŞÖRT,599.99
WRAP YAKA KEMERLİ HIRKA,699.99
WRAP YAKA KEMERLİ HIRKA,699.99
REGULAR FIT KAZAK,699.99
REGULAR FIT POLO YAKA KAZAK,699.99
WRAP YAKA KEMERLİ HIRKA,699.99
MONT,1399.99
YÜKSEK BEL KEMERLİ MİDİ ETEK,979.99
KISA KOLLU TİŞÖRT,349.99
RELAX FIT,1299.99
KAPRİ,999.99
YÜKSEK BEL WIDE LEG PANTOLON,1499.99
STANDART FIT KISA KOLLU TİŞÖRT,399.99
ELBİSE,1099.99
PİKE ELBİSE,799.99
FITTED DANTEL UZUN KOLLU BLUZ,899.99
REGULAR FIT FLAMLI PAMUK,999.99
ŞORT,999.99
KISA KOLLU TİŞÖRT,599.99
YÜKSEK BEL WIDE LEG PANTOLON,999.99
OVERSIZE ÇİZGİLİ TİŞÖRT,499.99
OVERSIZE BLAZER CEKET,1999.99
RELAX FIT MODAL KISA KOLLU TİŞÖRT,499.99
YÜKSEK BEL CARROT FIT PANTOLON,999.99
OVERSIZE,799.99
SLIM FIT RİBANA KISA KOLLU TİŞÖRT,599.99
YÜKSEK BEL WIDE LEG PANTOLON,999.99
SLIM FIT ATLET,599.99
YÜKSEK BEL COMFORT STRAIGHT PANTOLON,999.99
BASIC KOLSUZ TUNİK,299.99
REGULAR FIT TRİKO,1099.99
UZUN KOLLU GÖMLEK TUNİK,799.99
FITTED BENGALİN GÖMLEK,899.99
KPOP - DEMON HUNTERS OVERSIZE SIRT BASKILI TİŞÖRT,599.99
JEAN ŞORT,999.99
LOOSE FIT ÇİZGİLİ TUNİK,699.99
RELAX FIT KAÇIK YAKA BLUZ,599.99
SLIM FIT FİTİLLİ KAŞKORSE TUNİK,399.99
TRENÇKOT,2299.99
OVERSIZE AYICIKLI TİŞÖRT,699.99
FITTED KISA KOLLU GÖMLEK,699.99
AIRTECH STANDART FIT GENİŞ PAÇA DOKUMA SPORCU PANTOLON,1299.99
RELAX FIT DOKUMA GÖMLEK,1299.99
SPOR VE SEYAHAT ÇANTASI,1499.99
WIDE LEG PANTOLON,1999.99
STANDART FIT DOKUMA ETEK,999.99
RELAX FIT DOKUMA GÖMLEK,1299.99
WIDE LEG PANTOLON,1299.99
BARREL FIT SKUBA DALGIÇ KUMAŞ SPORCU PANTOLON,1299.99
STANDART FIT PANTOLON,1299.99
BODYCON VÜCUDU SARAN ASKILI MAXİ ELBİSE,899.99
TRENÇKOT,2499.99
CULOTTE YÜKSEK BEL GABARDİN PANTOLON,1099.99
FITTED DANTEL BLUZ,499.99
REGULAR FIT GABARDİN BLAZER CEKET,1999.99
REGULAR FIT KETEN KARIŞIMLI GÖMLEK,1299.99
REGULAR FIT UZUN KOLLU GÖMLEK TUNİK,699.99
FITTED VİSKON TİŞÖRT,499.99
REGULAR FIT BLAZER CEKET,1999.99
REGULAR FIT BASKILI TİŞÖRT,699.99
A KESİM ETEK,699.99
FITTED BENGALİN GÖMLEK,599.99
A KESİM AKIŞKAN KUMAŞ MAXİ ETEK,1499.99
STAR WARS OVERSIZE SIRT BASKILI TİŞÖRT,699.99
MODAL ELBİSE,1199.99
A KESİM POPLİN ELBİSE,1499.99
FITTED DANTEL BLUZ,499.99
REGULAR FIT DANTEL DETAYLI TUNİK,1199.99
TRENÇKOT,2299.99
V YAKA POPLİN MAXİ ELBİSE,1799.99
OVERSIZE KETEN KARIŞIMLI GÖMLEK,799.99
REGULAR FIT BLAZER CEKET,1999.99
FITTED AÇIK OMUZ BASKILI TİŞÖRT,499.99
FITTED DANTEL BLUZ,499.99
RELAX FIT DOKUMA BLAZER CEKET,1899.99
BALLOON FIT NORMAL BEL MÜSLİN PANTOLON,1299.99
TRENÇKOT,2499.99
FITTED BASIC CROP TİŞÖRT,499.99
FITTED BENGALİN GÖMLEK,899.99
A KESİM ETEK,699.99
OVERSIZE SIRT BASKILI TİŞÖRT,599.99
FITTED BASIC CROP TİŞÖRT,499.99
CROP FLARE FIT NORMAL BEL GABARDİN PANTOLON,999.99
FITTED KARELİ PAMUKLU GÖMLEK,799.99
REGULAR FIT ÇİZGİLİ TİŞÖRT,699.99
STRAIGHT WIDE YÜKSEK BEL JEAN YIKAMALI PANTOLON,1499.99
MAXİ ETEK,1199.99
KRİNKIL KUMAŞ UZUN KOLLU TUNİK,899.99
LOOSE FIT ÇİZGİLİ TUNİK,799.99
NORMAL BEL PARAŞÜT PANTOLON,1299.99
REGULAR FIT AKIŞKAN KUMAŞ YELEK,1299.99
NORMAL BEL PARAŞÜT PANTOLON,1299.99
FİYONKLU KISA KOLLU KAZAK,899.99
REGULAR FIT KISA KOLLU TUNİK,1199.99
YÜKSEK BEL WIDE LEG PANTOLON,1299.99
KALEM MİDİ ETEK,1299.99
OVERSIZE TRİKO PÜSKÜLLÜ YELEK,1299.99
OVERSIZE TENCEL BLAZER CEKET,1999.99
SLIM FIT DANTEL ATLET,599.99
KAPÜŞONLU KARELİ CEKET,1499.99
ELBİSE,999.99
MİDİ ELBİSE,999.99
SLIM FIT FİTİLLİ KAŞKORSE TİŞÖRT,599.99
SLIM FIT ATLET,399.99
FITTED DESENLİ POPLİN BLUZ,799.99
STRAIGHT FIT YÜKSEK BEL KETEN KARIŞIMLI PANTOLON,1099.99
BELİ SARAN SPORCU TAYT,699.99
FITTED KETEN KARIŞIMLI YELEK,1499.99
PİKE ELBİSE,799.99
WIDE LEG NORMAL BEL POPLİN PANTOLON,1299.99
FİYONKLU KISA KOLLU KAZAK,899.99
POPLİN MİDİ ELBİSE,1699.99
STANDART FIT SPORCU MODAL TİŞÖRT,799.99
ASKILI AKIŞKAN KUMAŞ YELEK,999.99
DESENLİ UZUN KOLLU BLUZ,799.99
STANDART FIT DİK YAKA SPORCU MODAL KISA KOLLU TİŞÖRT,799.99
BASIC KOLSUZ TUNİK,349.99
ÇİZGİLİ UZUN KOLLU TİŞÖRT,489.99
REGULAR FIT BASKILI PENYE TİŞÖRT,349.99
OVERSIZE MODAL,1299.99
MİA FLARE FIT NORMAL BEL İSPANYOL PAÇA UZUN JEAN PANTOLON,1299.99
STANDART FIT SPORCU MODAL TİŞÖRT,799.99
SLIM FIT YÜKSEK BEL JOGGER PAÇA PANTOLON,799.99
YÜKSEK BEL KETEN GÖRÜNÜMLÜ PANTOLON,999.99
YÜKSEK BEL GENİŞ PAÇA OXFORD PANTOLON,899.99
SLIM FIT RİBANA ATLET,499.99
YÜKSEK BEL WIDE LEG PANTOLON,999.99
WIDE LEG YÜKSEK BEL MÜSLİN PANTOLON,899.99
SLIM FIT FİTİLLİ KAŞKORSE TİŞÖRT,599.99
RELAX FIT ÇİZGİLİ TİŞÖRT,599.99
LOOSE FIT AKIŞKAN KUMAŞ GÖMLEK,899.99
V YAKA VİSKON UZUN KOLLU BLUZ,1299.99
WIDE LEG NORMAL BEL POPLİN PANTOLON,1299.99
WIDE LEG YÜKSEK BEL KETEN KARIŞIMLI PANTOLON,999.99
CROPPED FIT AKIŞKAN KUMAŞ GÖMLEK,899.99
SLIM FIT RİBANA ATLET,499.99
WIDE LEG YÜKSEK BEL MODAL PANTOLON,999.99
REGULAR FIT JEAN GÖMLEK,1699.99
WIDE LEG YÜKSEK BEL MODAL PANTOLON,999.99
REGULAR FIT YÜKSEK BEL KETEN GÖRÜNÜMLÜ PANTOLON,999.99
REGULAR FIT UZUN KOLLU GÖMLEK,699.99
YÜKSEK BEL WIDE LEG PANTOLON,999.99
SLIM FIT YÜKSEK BEL JOGGER PAÇA PANTOLON,799.99
BALLOON FIT BELİ LASTİKLİ MODAL PANTOLON,999.99
YÜKSEK BEL WIDE LEG PANTOLON,999.99
BALLOON FIT BELİ LASTİKLİ MODAL PANTOLON,999.99
NBA MIAMI HEAT SLIM FIT POLO YAKA POLO TİŞÖRT,599.99
FITTED MODAL,999.99
YÜKSEK BEL KETEN GÖRÜNÜMLÜ PANTOLON,999.99
ŞAL YAKA KRİNKIL KUMAŞ BLUZ,1499.99
YÜKSEK BEL WIDE LEG PANTOLON,1499.99
STANDART FIT DİK YAKA SKUBA DALGIÇ KUMAŞ FERMUARLI SWEATSHİRT,1299.99
FLARE FIT İSPANYOL PAÇA SPORCU PANTOLON,899.99
REGULAR FIT KISA KOLLU TİŞÖRT,399.99
REGULAR FIT FİTİLLİ KAŞKORSE KISA KOLLU POLO TİŞÖRT,699.99
YÜKSEK BEL WIDE LEG PANTOLON,999.99
SLIM FIT ÇİFT KATMANLI RİBANA TİŞÖRT,599.99
REGULAR FIT TRİKO KAZAK,799.99
REGULAR FIT KAZAK,999.99
GÖMLEK YAKA ASTARLI SÜET MONT,2299.99
YÜKSEK BEL BALLOON FİT PANTOLON,999.99
STANDART FIT DİK YAKA SKUBA DALGIÇ KUMAŞ FERMUARLI SWEATSHİRT,1299.99
SLİM FİT ÇİFT KATMANLI RİBANA TİŞÖRT,599.99
KISA KOLLU TİŞÖRT,599.99
RELAX FIT,899.99
BODYCON VÜCUDU SARAN RİBANA MİNİ ELBİSE,999.99
BODYCON VÜCUDU SARAN RİBANA MİNİ ELBİSE,999.99
ÇİZGİLİ NORMAL BEL RİBANA MİNİ ETEK,699.99
YÜKSEK BEL BALLOON FİT PANTOLON,999.99
PAMUKLU MİNİ ELBİSE,899.99
A KESİM SATEN ETEK,999.99
WIDE LEG YÜKSEK BEL KETEN KARIŞIMLI PANTOLON,999.99
OVERSIZE PAMUKLU ÇİZGİLİ TİŞÖRT,799.99
WİDE LEG SKUBA DALGIÇ KUMAŞ SPORCU PANTOLON,1299.99
PUANTİYELİ PENYE KISA KOLLU TİŞÖRT,399.99
ELBİSE,1499.99
BİKER BELİ SARAN SPORCU TAYT,399.99
OVERSIZE ÇİÇEKLİ TİŞÖRT,499.99
YÜKSEK BEL BALLOON FİT PANTOLON,999.99
ŞAL YAKA KRİNKIL KUMAŞ BLUZ,1499.99
BELİ SARAN SPORCU TAYT,599.99
YÜKSEK BEL BALLOON FIT PANTOLON,999.99
FİTİLLİ KAŞKORSE POLO TİŞÖRT,699.99
REGULAR FIT TRİKO KAZAK,799.99
A KESİM PAMUKLU MİDİ ELBİSE,999.99
REGULAR FIT KAZAK,999.99
YÜKSEK BEL BALLOON FİT PANTOLON,999.99
ÇİZGİLİ UZUN KOLLU TİŞÖRT,699.99
NORMAL BEL SİGARET PANTOLON,799.99
OVERSIZE BASIC GÖMLEK,799.99
STRAIGHT FIT NORMAL BEL GABARDİN PANTOLON,1299.99
YÜKSEK BEL WIDE LEG PANTOLON,999.99
STANDART FIT SKUBA DALGIÇ KUMAŞ FERMUARLI SWEATSHİRT,1299.99
TRENÇKOT,1839.99
TRENÇKOT,959.99
KAŞE,2099.99
DİK YAKA KAŞE KABAN,2399.99
%100 PAMUK STRAIGHT WIDE YÜKSEK BEL JEAN PANTOLON,799.99
KUŞAKLI KISA TRENÇKOT,1619.99
MONT,1999.99
POPLİN CEKET,2299.99
SU GEÇİRMEZ TRENÇKOT,1439.99
RÜZGAR GEÇİRMEZ SU İTİCİ KAPÜŞONLU FERMUARLI YAĞMURLUK,1799.99
%100 PAMUK WIDE LEG NORMAL BEL GABARDİN PANTOLON,699.99
SU GEÇİRMEZ MONT,1799.99
SU GEÇİRMEZ TRENÇKOT,1799.99
SU GEÇİRMEZ MONT,1259.99
TRENÇKOT,1839.99
KAYIK YAKA MİNİ ELBİSE,1699.99
KAYIK YAKA MİNİ ELBİSE,1699.99
SU GEÇİRMEZ FERMUARLI MONT,2299.99
MONT,1999.99
PAMUK ASTARLI ÇAPRAZ DOKUMA TRENÇKOT,2239.99
SU GEÇİRMEZ RELAX FIT TRENÇKOT,1259.99
OVERSIZE,799.99
KAYIK YAKA KOLSUZ MİNİ ELBİSE,1699.99
SU GEÇİRMEZ RELAX FIT TRENÇKOT,1439.99
MONT,2299.99
REGULAR FIT KUŞAKLI BLAZER CEKET,1999.99
REGULAR FIT PANTOLON,659.99
%100 PAMUK PUANTİYELİ POPLİN TUNİK,1499.99
HARRY POTTER OVERSIZE KAPÜŞONLU FERMUARLI SWEATSHİRT,799.99
BALLOON FIT PANTOLON,799.99
BALLOON FIT PANTOLON,799.99
SU İTİCİ FERMUARLI MONT,1999.99
YÜKSEK BEL 90'S WIDE LEG PANTOLON,1299.99
OVERSIZE BLAZER CEKET,1799.99
FITTED KREP BLAZER CEKET,1999.99
%100 PAMUK OVERSIZE BASKILI SWEATSHİRT,489.99
SU GEÇİRMEZ MONT,1609.99
DİK YAKA MONT,1609.99
SLIM FIT,599.99
WIDE LEG PANTOLON,559.99
WIDE LEG KREP PANTOLON,999.99
SU GEÇİRMEZ KAPÜŞONLU DOKUMA MONT,1799.99
TRENÇKOT,1839.99
FLARE FIT FERMUARLI NORMAL BEL BENGALİN PANTOLON,999.99
KAŞE,1999.99
SU İTİCİ SLIM FIT KAPÜŞONLU FERMUARLI SOFTSHELL MONT,1999.99
SU İTİCİ KAPÜŞONLU FERMUARLI MONT,1999.99
TRENÇKOT,1999.99
OVERSIZE BASIC BLAZER CEKET,1499.99
YÜKSEK BEL CULOTTE PANTOLON,779.99
TRENÇKOT,1999.99
FITTED BLAZER CEKET,1399.99
RELAX FIT,659.99
%100 PAMUK STRAIGHT WIDE YÜKSEK BEL JEAN PANTOLON,999.99
BALLOON FIT KAYIK YAKA MİNİ ELBİSE,1199.99
A KESİM MİDİ ETEK,1049.99
SLIM FIT YARIM BALIKÇI YAKA KREP TİŞÖRT,599.99
WIDE LEG PANTOLON,559.99
KAŞE,2069.99
KISA KAŞE KABAN,2069.99
SU İTİCİ KAPÜŞONLU FERMUARLI MONT,2499.99
BAGGY FIT YÜKSEK BEL UZUN JEAN PANTOLON,1349.99
RELAX FIT PANTOLON,1119.99
REGULAR FIT PANTOLON,659.99
PİKE ELBİSE,1299.99
RÜZGAR GEÇİRMEZ SU İTİCİ KAPÜŞONLU FERMUARLI YAĞMURLUK,1799.99
OVERSIZE KETEN GÖMLEK,1499.99
WIDE LEG PANTOLON,1499.99
REGULAR FIT BLAZER CEKET,1499.99
FITTED,599.99
FITTED POPLİN GÖMLEK,999.99
RELAX FIT KALIN SWEATSHİRT KUMAŞI GÜNLÜK,799.99
REGULAR FIT,479.99
YAĞMURLUK,1439.99
MONT,1799.99
SU GEÇİRMEZ MONT,2299.99
SWEATSHİRT,419.99
SU GEÇİRMEZ PARKA,1999.99
MONT,1399.99
WIDE LEG KREP PANTOLON,999.99
SELANİK KUMAŞ ELBİSE,599.99
PUANTİYELİ A KESİM NORMAL BEL SATEN ETEK,999.99
A KESİM MAXİ ETEK,779.99
WIDE LEG PANTOLON,1299.99
AIRTECH FLARE FİT TOPARLAYICI YÜKSEK BEL İSPANYOL PAÇA SOFT TOUCH SPORCU PANTOLON,489.99
RÜZGAR GEÇİRMEZ SU İTİCİ KAPÜŞONLU FERMUARLI YAĞMURLUK,1499.99
%100 PAMUK STRAIGHT WIDE YÜKSEK BEL GENİŞ PAÇA JEAN KAR YIKAMALI PANTOLON,999.99
BLAZER CEKET,1799.99
LONG FIT MODAL,779.99
MIA FLARE FİT JEAN PANTOLON,1299.99
BALLOON FIT POPLİN BLAZER CEKET,1999.99
MONT,1999.99
TRENÇKOT,1999.99
BAKLAVA DESENLİ HIRKA,699.99
WIDE LEG PANTOLON,699.99
%100 PAMUK STRAIGHT WIDE YÜKSEK BEL JEAN PANTOLON,799.99
STRAİGHT FİT BASIC CEPLİ YÜKSEK BEL EŞOFMAN ALTI,419.99
SU GEÇİRMEZ MONT,2299.99
MONT,2299.99
BALLOON FIT PANTOLON,799.99
REGULAR FIT BLAZER CEKET,1499.99
A KESİM DANTEL MİDİ ELBİSE,1049.99
REGULAR FIT BLAZER CEKET,1499.99
YELEK,1499.99
OVERSIZE BASIC BLAZER CEKET,1499.99
BASIC GÖMLEK,699.99
BARREL FIT PANTOLON,1299.99
LONG FIT MODAL SWEATSHİRT,1299.99
%100 PAMUK STRAIGHT WIDE YÜKSEK BEL JEAN PANTOLON,1299.99
YÜKSEK BEL STRAIGHT WIDE PANTOLON,1299.99
%100 PAMUK STRAIGHT WIDE FIT YÜKSEK BEL JEAN PANTOLON,1299.99
%100 PAMUK 90'S WIDE LEG YÜKSEK BEL JEAN PANTOLON,999.99
OVERSIZE POPLİN,999.99
FITTED KETEN KARIŞIMLI,599.99
DİK YAKA CEKET,1799.99
FITTED SUNİ DERİ BLAZER CEKET,2499.99
%100 PAMUK REGULAR FIT DANTELLİ HIRKA,659.99
REGULAR FIT KARELİ KAŞE KABAN,2099.99
CEKET,1999.99
BODYCON VÜCUDU SARAN MİNİ ELBİSE,1049.99
FITTED TRİKO KAZAK,699.99
FITTED POPLİN GÖMLEK,999.99
REGULAR FIT,479.99
FITTED BENGALİN KLASİK GÖMLEK,699.99
ELBİSE,779.99
RELAX FIT,1299.99
YÜKSEK BEL 90'S WIDE LEG PANTOLON,1039.99
MIA FLARE FIT YÜKSEK BEL JEAN PANTOLON,1299.99
YELEK,1299.99
OVERSIZE ÇİZGİLİ POPLİN GÖMLEK,899.99
REGULAR FIT GÖMLEK YAKA TWİLL TRENÇKOT,2299.99
FITTED BEBE YAKA KISA KOLLU GÖMLEK,799.99
OVERSIZE KISA KOLLU TİŞÖRT,799.99
%100 PAMUK RELAX FIT KAYIK YAKA PREMİUM ÇİZGİLİ TİŞÖRT,419.99
RELAX FIT,659.99
STRAIGHT FIT PANTOLON,999.99
WIDE LEG PANTOLON,799.99
%100 PAMUK OVERSIZE ÇİZGİLİ POPLİN GÖMLEK,999.99
OVERSIZE FULAR YAKA KARELİ POPLİN GÖMLEK,999.99
ASİMETRİK ÇİÇEKLİ NORMAL BEL PENYE ASTAR TÜL ETEK,999.99
SLIM FIT,599.99
TRENÇKOT,1799.99
ELBİSE,1799.99
FITTED İÇİ YUMUŞAK TÜYLÜ BAĞLAMALI HIRKA,1799.99
SLIM FIT KREP KISA KOLLU TİŞÖRT,599.99
%100 PAMUK REGULAR FIT UZUN KOLLU TUNİK,599.99
FITTED DANTEL MAXİ ELBİSE,1499.99
OVERSIZE KETEN GÖMLEK,1499.99
A KESİM ETEK,1499.99
%100 PAMUK REGULAR FIT POLO YAKA SWEATSHİRT TUNİK,699.99
SLIM FIT RİBANA UZUN KOLLU TİŞÖRT,489.99
SU GEÇİRMEZ MONT,2599.99
BAĞLAMALI POPLİN GÖMLEK TUNİK,1299.99
YÜKSEK BEL WIDE LEG PANTOLON,1299.99
RELAX FIT SKUBA DALGIÇ KUMAŞ GÜNLÜK,779.99
CEKET YAKA YELEK,1699.99
%100 PAMUK REGULAR FIT TİŞÖRT TUNİK,599.99
OVERSIZE KISA KOLLU TİŞÖRT,599.99
KADİFE YAKA MONT,2499.99
YAĞMURLUK,1999.99
PUANTİYELİ NORMAL BEL KREP MİDİ ETEK,999.99
REGULAR FIT TRİKO HIRKA,659.99
FİYONK DETAYLI MİNİ ELBİSE,979.99
JOGGER FIT YÜKSEK BEL UZUN PANTOLON,1399.99
REGULAR FIT PAMUKLU TUNİK,1199.99
BALLOON FIT KAYIK YAKA MİNİ ELBİSE,1199.99
FITTED KAYIK YAKA BLUZ,799.99
NORMAL BEL SİGARET PANTOLON,799.99
FITTED HALTER YAKA FİTİLLİ KAŞKORSE TİŞÖRT,599.99
REGULAR FIT UZUN KOLLU TİŞÖRT,299.99
TWEED BLAZER CEKET,2299.99
OVERSIZE BLAZER CEKET,1609.99
A KESİM ETEK,649.99
%100 PAMUK STRAIGHT FIT NORMAL BEL GABARDİN PANTOLON,1299.99
BALLOON FIT NORMAL BEL POPLİN PANTOLON,1299.99
ELBİSE,1299.99
STANDART FIT SKUBA DALGIÇ KUMAŞ,1299.99
A KESİM ETEK,1499.99
YÜKSEK BEL WIDE LEG PANTOLON,999.99
CROP FLARE FIT YÜKSEK BEL JEAN PANTOLON,999.99
KADIN DİKDÖRTGEN TOKA SUNİ DERİ GÜNLÜK KEMER,299.99
KADIN DİKDÖRTGEN TOKA 2'Lİ SUNİ DERİ KEMER,499.99
KADIN DİKDÖRTGEN TOKA SUNİ DERİ GÜNLÜK KEMER,299.99
KADIN OVAL TOKA 2'Lİ SUNİ DERİ KEMER,499.99
KADIN HASIR ŞAPKA,699.99
KADIN OVAL TOKA 2'Lİ SUNİ DERİ KEMER,499.99
KADIN SUNİ DERİ 3'LÜ GÜNLÜK KEMER,499.99
KADIN DİKDÖRTGEN TOKA SUNİ DERİ GÜNLÜK KEMER,299.99
KADIN 5'Lİ YÜZÜK,299.99
KADIN HASIR ŞAPKA,499.99
KADIN DİKDÖRTGEN TOKA SUNİ DERİ GÜNLÜK KEMER,299.99
KADIN OVAL TOKA 2'Lİ SUNİ DERİ KEMER,499.99
KADIN VİZÖR ŞAPKA,499.99
KADIN OVAL TOKA SUNİ DERİ GÜNLÜK KEMER,299.99
KADIN 7'Lİ YÜZÜK,249.99
KADIN HASIR ŞAPKA,499.99
KADIN HASIR ŞAPKA,599.99
KADIN HASIR ŞAPKA,599.99
KADIN NAKIŞLI PAMUKLU CAP ŞAPKA,399.99
KADIN VİZÖR ŞAPKA,499.99
KADIN NAKIŞLI PAMUKLU CAP ŞAPKA,399.99
KADIN DİKDÖRTGEN TOKA SUNİ DERİ GÜNLÜK KEMER,299.99
KADIN HASIR ŞAPKA,599.99
KADIN OVAL TOKA SUNİ DERİ GÜNLÜK KEMER,299.99
KADIN HASIR ŞAPKA,599.99
KADIN OVAL TOKA SUNİ DERİ GÜNLÜK KEMER,299.99
KADIN HASIR ŞAPKA,499.99
KADIN OVAL TOKA 2'Lİ SUNİ DERİ KEMER,499.99
KADIN OVAL TOKA SUNİ DERİ GÜNLÜK KEMER,299.99
PİJAMA TAKIMI AYICIKLI ÜST ALT,899.99
KADIN VİZÖR ŞAPKA,499.99
KADIN HASIR ŞAPKA,499.99
KAPLI YARIM DOLGULU STRAPLEZ SÜTYEN,499.99
KADIN TONİK NEMLENDİRİCİ,999.99
KADIN TONİK YENİLEYİCİ,1099.99
KADIN KREM NEMLENDİRİCİ,1599.99
KADIN SERUM YENİLEYİCİ,1599.99
KADIN SERUM YAŞLANMA KARŞITI BAKIM,1499.99
KADIN KREM GÖZENEK SIKILAŞTIRICI,1499.99
KADIN OVAL TOKA SUNİ DERİ GÜNLÜK KEMER,499.99
KADIN SERUM AYDINLATICI,1499.99
KADIN KREM LEKE KARŞITI BAKIM,1599.99
KADIN KREM AYDINLATICI,1599.99
KADIN KREM NEMLENDİRİCİ,599.99
KADIN TONİK ARINDIRICI,1399.99
2'Lİ UZUN ÇORAP,149.99
KADIN KARTLIK,199.99
KADIN SUNİ DERİ CÜZDAN,399.99
KADIN DİKDÖRTGEN TOKA SUNİ DERİ JEAN KEMERİ,299.99
KADIN SUNİ DERİ CÜZDAN,399.99
2'Lİ UZUN ÇORAP,149.99
2'Lİ UZUN ÇORAP,149.99
REGULAR FIT ÜST,499.99
2'Lİ TAKIM,999.99
2'Lİ UZUN ÇORAP,149.99
KADIN SUNİ DERİ CÜZDAN,399.99
KADIN NAKIŞLI KETEN CAP ŞAPKA,349.99
REGULAR FIT WRAP YAKA SOFTSHELL SABAHLIK,799.99
5'Lİ PAMUKLU PATİK ÇORAP,299.99
2'Lİ TAKIM,799.99
3'LÜ PAMUKLU UZUN ÇORAP,249.99
5'Lİ PAMUKLU PATİK ÇORAP,349.99
MASKE,1299.99
5'Lİ PAMUKLU SNEAKER ÇORAP,299.99
KADIN KARTLIK,199.99
5'Lİ PAMUKLU SNEAKER ÇORAP,299.99
KADIN KARTLIK,199.99
KADIN SUNİ DERİ CÜZDAN,399.99
KADIN SUNİ DERİ CÜZDAN,399.99
KÜLOTLU ÇORAP,199.99
SİMLİ DANTEL BRAZİLİAN KÜLOT,299.99
SİMLİ DANTEL BRAZİLİAN KÜLOT,299.99
KAPLI PEDLİ BRALET,349.99
KAPLI YARIM DOLGULU STRAPLEZ SÜTYEN,499.99
DESENLİ ŞORT PİJAMA ALTI,499.99
SATEN DESENLİ ŞORTLU PİJAMA TAKIMI,999.99
KAPLI PEDLİ BRALET,349.99
KAPLI YARIM DOLGULU BRA,499.99
DANTEL DETAYLI KAPLI PEDLİ STRAPLEZ SÜTYEN,499.99
DANTELLİ SATEN ÜST,699.99
KISA KOLLU GECELİK,499.99
KAPLI YARIM DOLGULU BRA,499.99
KAPLI PEDLİ STRAPLEZ SÜTYEN,499.99
DESENLİ PİJAMA ÜSTÜ,499.99
ÇİZGİLİ KRAVAT,399.99
ÇİZGİLİ KRAVAT,399.99
BASIC DÜZ KRAVAT,399.99
DANTELLİ KAPLI PEDLİ BALENLİ TİŞÖRT BRA,599.99
KAPLI YARIM DOLGULU TİŞÖRT BRA,599.99
DESENLİ KRAVAT,399.99
KAPLI YARIM DOLGULU TİŞÖRT BRA,599.99
KADIN 12'Lİ KÜPE,399.99
KADIN 8'Lİ YÜZÜK,299.99
KADIN 12'Lİ KÜPE,399.99
KADIN 6'LI KÜPE,399.99
RİBANA 2'Lİ TAKIM,899.99
KADIN 8'Lİ YÜZÜK,299.99
KADIN 8'Lİ YÜZÜK,299.99
KADIN 5'Lİ BİLEKLİK,299.99
KADIN GÜNEŞ GÖZLÜĞÜ,999.99
OMUZ ÇANTASI,2999.99
KADIN KREM YAŞLANMA KARŞITI BAKIM,999.99
PİJAMA TAKIMI BASKILI ÜST ALT,899.99
PİJAMA TAKIMI ÜST DESENLİ ALT,799.99
KADIN SERUM SIKILAŞTIRICI,1999.99
MASKE,149.99
MİZON ALL IN ONE SNAİL REPAİR CREAM TUBE NEMLENDİRİCİ SALYANGOZ ÖZLÜ BAKIM KREMİ 35 GR,599.99
KADIN GÜNEŞ GÖZLÜĞÜ,999.99
KADIN AMBER - AROMATİC 100 ML PARFÜM,599.99
KADIN AROMATİC - FRUİTY 100 ML PARFÜM,599.99
MASKE,149.99
KADIN STİCK GÜNEŞ KORUMA 50,1199.99
KADIN KREM ONARICI,1699.99
ÇİÇEKLİ PİJAMA ALTI,599.99
MASKE,149.99
KADIN ÇANTA,499.99
KADIN KREM SIKILAŞTIRICI,1299.99
5'Lİ PAMUKLU PATİK ÇORAP,299.99
KADIN SERUM NEMLENDİRİCİ,1499.99
KADIN TONİK ARINDIRICI,1499.99
COSRX ADVANCED SNAİL MUCİN POWER GEL CLEANSER – 150ML SALYANGOZ ÖZLÜ TEMİZLEYİCİ JEL,999.99
BAĞCIKLI PİJAMA ALTI,899.99
OMUZ ÇANTASI,2999.99
BASKILI KISA KOLLU GECELİK,499.99
OMUZ ÇANTASI,2999.99
MASKE,399.99
KADIN GOURMAND - FRUİTY 100 ML PARFÜM,599.99
MASKE,149.99
KADIN NAKIŞLI KETEN CAP ŞAPKA,399.99
MASKE,149.99
PİJAMA TAKIMI ÜST ALT,899.99
OMUZ ÇANTASI,2999.99
PİJAMA TAKIMI ÜST KARELİ ALT,899.99
KADIN KREM GÜNEŞ KORUMA,999.99
MASKE,149.99
EŞOFMAN ALTI,1299.99
KADIN 4'LÜ YÜZÜK,299.99
MASKE,249.99
KADIN GÜNEŞ GÖZLÜĞÜ,999.99
MİZON REAL VİTAMİN C AMPOULE CANLANDIRICI CİLT SERUMU 15 ML,1799.99
KADIN SERUM SIKILAŞTIRICI,1999.99
RİBANA ATLET,399.99
KADIN ATKI,399.99
KADIN ATKI,399.99
KADIN ATKI,399.99
ÇAPRAZ ÇANTA,799.99
KADIN SUNİ DERİ CÜZDAN,499.99
YARIM KOLLU GECELİK,899.99
KADIN BOZUK PARA ÇANTASI,299.99
KADIN APLİKE PAMUKLU CAP ŞAPKA,399.99
DANTEL DETAYLI ATLET,299.99
ÇIKARILABİLİR KAP PEDLİ TİŞÖRT BRA,499.99
KADIN OVAL TOKA SUNİ DERİ JEAN KEMERİ,199.99
KADIN NAKIŞLI KETEN CAP ŞAPKA,349.99
KADIN PUANTİYELİ ŞAL,399.99
KADIN DESENLİ ŞAL,399.99
KADIN BOZUK PARA ÇANTASI,299.99
KADIN KARTLIK,199.99
KADIN BOZUK PARA ÇANTASI,299.99
KADIN BOZUK PARA ÇANTASI,299.99
BOXER PAMUKLU SLİP KÜLOT,299.99
DANTEL DETAYLI ATLET,299.99
KADIN BOZUK PARA ÇANTASI,299.99
KADIN DİKDÖRTGEN TOKA SUNİ DERİ JEAN KEMERİ,299.99
KADIN SUNİ DERİ CÜZDAN,399.99
KADIN DİKDÖRTGEN TOKA SUNİ DERİ JEAN KEMERİ,299.99
KADIN BOZUK PARA ÇANTASI,299.99
KADIN OVAL TOKA SUNİ DERİ JEAN KEMERİ,199.99
KADIN DESENLİ ŞAL,399.99
ÇAPRAZ ÇANTA,799.99
2'Lİ UZUN ÇORAP,149.99
5'Lİ PAMUKLU UZUN ÇORAP,299.99
DESENLİ PİJAMA TAKIMI,1299.99
DESENLİ SOFTSHELL PİJAMA TAKIMI,999.99
KALPLİ PİJAMA TAKIMI,699.99
OMUZ ÇANTASI,1999.99
PUANTİYELİ SOFTSHELL PİJAMA TAKIMI,699.99
NAKIŞLI DOKUMA CAP ŞAPKA,349.99
ÇIKARILABİLİR PEDLİ STRAPLEZ SÜTYEN,499.99
OMUZ ÇANTASI,1299.99
KADIN 3'LÜ BİLEKLİK,399.99
ÇIKARILABİLİR PEDLİ STRAPLEZ SÜTYEN,499.99
AYICIKLI CHARM ANAHTARLIK,299.99
KADIN 4'LÜ BİLEKLİK,299.99
EL ÇANTASI,1499.99
KADIN 5'Lİ BİLEKLİK,299.99
EL ÇANTASI,1499.99
NAKIŞLI PAMUKLU CAP ŞAPKA,349.99
AYICIKLI CHARM ANAHTARLIK,299.99
EL ÇANTASI,1499.99
ÇIKARILABİLİR PEDLİ STRAPLEZ SÜTYEN,499.99
OMUZ ÇANTASI,1299.99
MEDİCUBE - AGE R BOOSTER PRO (4 FARKLI MODLU KORE CAM CİLT BAKIM CİHAZI),16999.0
MEDİCUBE - AGE-R BOOSTER PRO MİNİ PİNK CİLT BAKIM CİHAZI,9999.99
MEDİCUBE - AGE-R BOOSTER PRO MİNİ WHİTE CİLT BAKIM CİHAZI,9999.0
MEDİTHERAPY BLUE LAYER MİST AMPOULE JET NEMLENDİRİCİ CANLANDIRICI CİLT BAKIM CİHAZI,6999.99
MEDİTHERAPY SHUMAGE GOLD SEAL LİFTİNG CREAM & EMS DEVİCE SIKILAŞTIRICI NEMLENDİRİCİ CİLT BAKIM CİHAZI,3499.99
KAPSIZ PEDSİZ TİŞÖRT BRA,499.99
MEDİTHERAPY TRANEXAMİC ACİD SKİN BOOSTER CREAM & BOOSTER CAP LEKE KARŞITI NEMLENDİRİCİ YÜZ KREMİ VE CİHAZI 100 ML,5999.99
MEDİTHERAPY ARBUTİN SKİN BOOSTER SERUM & BOOSTER CAP LEKE KARŞITI AYDINLATICI CİLT SERUMU VE CİHAZI 150 ML,5999.99
BASIC PİJAMA TAKIMI ÜST ALT,1039.99
KADIN TONİK SİYAH NOKTA ÖNLEYİCİ,1099.99
3'LÜ SLİP KÜLOT,199.99
SOFTSHELL AYICIKLI PİJAMA TAKIMI ÜST ALT,1299.99
TÜL ÜST,479.99
TÜL ALT,399.99
RİBANA 3'LÜ BRİEF,199.99
JEAN ÇAPRAZ ÇANTA,1499.99
2'Lİ TAKIM,899.99
DANTEL DETAYLI BRAZİLİAN KÜLOT,299.99
AYICIKLI PİJAMA TAKIMI,799.99
%100 PAMUK REGULAR FIT BASKILI GECELİK,299.99
2'Lİ TAKIM,1039.99
ÇIKARILABİLİR KAP ÇIKARILABİLİR PEDLİ GÖRÜNMEZ SÜTYEN,599.99
ÇIKARILABİLİR KAP ÇIKARILABİLİR PEDLİ BRALET,499.99
ÇİZGİLİ SİMLİ KUMAŞ GÖMLEK,899.99
OVERSIZE BENGALİN,629.99
AIRTECH NBA MIAMI HEAT STRAIGHT FIT CEPLİ PANTOLON,899.99
OVERSIZE KISA KOLLU TİŞÖRT,799.99
OVERSIZE KALIN KUMAŞ SWEATSHİRT,399.99
2'Lİ TAKIM,799.99
%100 PAMUK OVERSIZE FULAR YAKA POPLİN GÖMLEK,799.99
OVERSIZE KISA KOLLU TİŞÖRT,599.99
NORMAL BEL PANTOLON,699.99
CARROT FIT YÜKSEK BEL CROP PANTOLON,999.99
BALLOON FIT ÇİZGİLİ POPLİN GÖMLEK,999.99
NORMAL BEL WIDE LEG PANTOLON,999.99
WIDE LEG YÜKSEK BEL PANTOLON,999.99
REGULAR FIT,999.99
SLIM FIT,699.99
SLIM FIT RİBANA UZUN KOLLU TİŞÖRT,349.99
%100 PAMUK RELAX FIT KAYIK YAKA PREMİUM TİŞÖRT,419.99
BOXY FIT KISA KOLLU TİŞÖRT,699.99
OVERSIZE BASKILI TİŞÖRT,499.99
BASIC PENYE TİŞÖRT,299.99
BASIC PENYE TİŞÖRT,299.99
BASIC PENYE TİŞÖRT,299.99
REGULAR FIT KISA KOLLU TİŞÖRT TUNİK,299.99
RELAX FIT YÜKSEK BEL PANTOLON,1189.99
STRAIGHT FIT PANTOLON,1099.99
ÇIKARILABİLİR KAP ÇIKARILABİLİR PEDLİ GÖRÜNMEZ SÜTYEN,599.99
ASİMETRİK RENK BLOKLU TÜL ASKILI MİDİ ELBİSE,1299.99
YÜKSEK BEL 90'S WIDE LEG PANTOLON,1299.99
RELAX FIT BÜRÜMCÜK MİDİ ELBİSE,1039.99
RELAX FIT UZUN KOLLU GÖMLEK,1299.99
AIRTECH LONG FİT DİK YAKA MODAL HIRKA,779.99
WIDE LEG PANTOLON,1299.99
%100 PAMUK BAGGY FIT NORMAL BEL GABARDİN PANTOLON,779.99
YÜKSEK BEL CROP FLARE FIT PANTOLON,1299.99
WIDE LEG PANTOLON,1299.99
YÜKSEK BEL CROP FLARE FIT PANTOLON,1299.99
%100 PAMUK 90'S WIDE LEG YÜKSEK BEL JEAN PANTOLON,1299.99
DANTELLİ PİJAMA TAKIMI TÜL ÜST ALT,1039.99
CROP FLARE FIT YÜKSEK BEL JEAN PANTOLON,1299.99
STANDART FIT SKUBA DALGIÇ KUMAŞ,1039.99
KALP YAKA PUANTİYELİ BÜRÜMCÜK ASKILI MAXİ ELBİSE,1299.99
YÜKSEK BEL CULOTTE PANTOLON,1299.99
STRAIGHT WIDE NORMAL BEL JEAN KAR YIKAMALI PANTOLON,1299.99
YÜKSEK BEL BAGGY FIT PANTOLON,1299.99
STANDART FIT PANTOLON,1299.99
KAPLI PEDLİ TİŞÖRT BRA,499.99
LOOSE FIT RİBANA UZUN KOLLU TİŞÖRT,499.99
2'Lİ TAKIM,559.99
HALTER YAKA DANTELLİ KREP BLUZ,799.99
2'Lİ TAKIM,559.99
FITTED BAĞLAMALI DANTEL BLUZ,899.99
LOOSE FIT MODAL,899.99
FITTED KISA KOLLU GÖMLEK,699.99
MEDİTHERAPY PDRN SKİN BOOSTER CAP CİLT BAKIM CİHAZI,5999.99
KETEN KARIŞIMLI KUŞAKLI MAXİ ELBİSE,1999.99
JEAN ÇAPRAZ ÇANTA,1499.99
WIDE LEG FERMUARLI NORMAL BEL PANTOLON,1499.99
SU İTİCİ FERMUARLI YELEK,1499.99
KONTRAST YAKA CEKET,1049.99
YÜKSEK BEL BARREL FIT PANTOLON,1499.99
BAGGY FIT YÜKSEK BEL UZUN JEAN PANTOLON,1499.99
%100 PAMUK KEMERLİ KOLSUZ MİDİ ELBİSE,1499.99
SLIM FIT KEÇE,839.99
REGULAR FIT GOFRE DOKULU TUNİK,719.99
PUANTİYELİ ŞİFON MİDİ ETEK,1199.99
REGULAR FIT GOFRE DOKULU TUNİK,719.99
FITTED,999.99
REGULAR FIT GOFRE DOKULU UZUN KOLLU BLUZ,699.99
REGULAR FIT AJURLU TRİKO HIRKA,999.99
NORMAL BEL COMFORT STRAIGHT PANTOLON,999.99
LOOSE FIT DİK YAKA FERMUARLI SWEATSHİRT,799.99
SLIM FIT KAZAK,699.99
AIRTECH STRAIGHT FIT MODAL SPORCU PANTOLON,999.99
YÜKSEK BEL CROP FLARE FIT PANTOLON,999.99
SU GEÇİRMEZ FERMUARLI YELEK,999.99
BAGGY FIT SKUBA DALGIÇ KUMAŞ PANTOLON,599.99
NORMAL BEL WIDE LEG PANTOLON,999.99
RELAX FIT ÇİZGİLİ TİŞÖRT,599.99
ÇIKARILABİLİR KAP ÇIKARILABİLİR PEDLİ GÖRÜNMEZ SÜTYEN,599.99
OVERSIZE KISA KOLLU TİŞÖRT,599.99
SU GEÇİRMEZ PARKA,1959.99
REGULAR FIT,979.99
WIDE LEG ALT,799.99
YÜKSEK BEL FLORIDA PANTOLON,799.99
FITTED PAMUKLU,799.99
MLS OVERSIZE V YAKA TİŞÖRT,799.99
OVERSIZE KISA KOLLU TİŞÖRT,699.99
%100 PAMUK BASIC GÖMLEK,699.99
REGULAR FIT,629.99
KAPLI PEDLİ TİŞÖRT BRA,699.99
%100 PAMUK OVERSIZE BRODE GÖMLEK,1099.99
ROUND LAB - BİRCH JUİCE TON EŞİTLEYİCİ GÜNEŞ KREMİ,1099.99
YÜKSEK BEL STRAIGHT FIT PANTOLON,1099.99
STRAIGHT FIT YÜKSEK BEL KETEN KARIŞIMLI PANTOLON,1099.99
YÜKSEK BEL STRAIGHT FIT PANTOLON,1099.99
NORMAL BEL PANTOLON,659.99
SLIM FIT RİBANA TİŞÖRT,299.99
SLIM FIT BASIC TİŞÖRT,299.99
FİTTED RİBANA TİŞÖRT,249.99
KISA KAŞE MONT,1799.99
A KESİM MİNİ ETEK,719.99
RİBANA,719.99
FLARE FIT PANTOLON,899.99
SLIM FIT POLO YAKA FİTİLLİ KAŞKORSE TİŞÖRT,599.99
OVERSIZE DANTEL KISA KOLLU TİŞÖRT,599.99
FITTED RİBANA TİŞÖRT,249.99
WIDE LEG UZUN JEAN PANTOLON,1299.99
FITTED BİSİKLET YAKA YELEK,1299.99
WIDE LEG PANTOLON,1299.99
YÜKSEK BEL WIDE LEG PANTOLON,1299.99
TÜL KOLSUZ MİDİ ELBİSE,1039.99
MIA FLARE FIT NORMAL BEL DÜZ PAÇA UZUN JEAN PANTOLON,1299.99
NORMAL BEL KARGO FIT PANTOLON,779.99
YÜKSEK BEL WIDE LEG PANTOLON,1299.99
STANDART FIT SKUBA DALGIÇ KUMAŞ,1299.99
BALLOON FIT YARI ELASTİK BANTLI BEL PANTOLON,1299.99
REGULAR FIT MÜSLİN TUNİK,1299.99
FITTED BİSİKLET YAKA YELEK,1299.99
SOFTSHELL PUANTİYELİ PİJAMA TAKIMI,1299.99
YÜKSEK BEL STRAIGHT FIT PANTOLON,1299.99
OVERSIZE ÇİZGİLİ AKIŞKAN KUMAŞ GÖMLEK,1299.99
YÜKSEK BEL CULOTTE PANTOLON,1299.99
PENYE MİDİ ELBİSE,909.99
KAPSIZ PEDSİZ BALKONET SÜTYEN,279.99
A KESİM TERRY COTTON MİDİ ELBİSE,1699.99
REGULAR FIT TRİKO KAZAK,1749.99
REGULAR FIT TRİKO KAZAK,1749.99
STRAIGHT FIT PANTOLON,999.99
STRAIGHT FIT PANTOLON,699.99
OVERSIZE TRİKO KAZAK,699.99
%100 PAMUK POPLİN GÖMLEK TUNİK,999.99
OVERSIZE SATEN,699.99
YÜKSEK BEL CARROT FIT PANTOLON,999.99
%100 PAMUK RELAX FIT POPLİN GÖMLEK TUNİK,999.99
FITTED,999.99
WIDE LEG PUANTİYELİ YÜKSEK BEL VİSKON PANTOLON,999.99
RELAX FIT KRİNKIL KUMAŞ GÖMLEK,999.99
OVERSIZE FLANEL,599.99
POPLİN ELBİSE,999.99
FITTED ÇİZGİLİ POPLİN GÖMLEK,999.99
REGULAR FIT RİBANA KISA KOLLU TİŞÖRT,499.99
MİCRO 2'Lİ BOXER,499.99
SWEATSHİRT,699.99
BOXY FIT KISA KOLLU TİŞÖRT,699.99
SLIM FIT MODAL UZUN KOLLU TİŞÖRT,419.99
DÜĞMELİ TRİKO HIRKA,1119.99
A FORM MAXİ ETEK,1199.99
DANTEL DETAYLI HIRKA,839.99
YÜKSEK BEL WIDE LEG PANTOLON,1199.99
REGULAR FIT,839.99
REGULAR FIT,1199.99
FLARE FIT PANTOLON,559.99
REGULAR FIT PANTOLON,479.99
RELAX FIT KALIN SWEATSHİRT KUMAŞI GÜNLÜK,799.99
BODYCON VÜCUDU SARAN MODAL MAXİ ELBİSE,799.99
BARREL FIT PANTOLON,799.99
FITTED KISA KOLLU TİŞÖRT,599.99
OVERSIZE KISA KOLLU TİŞÖRT,599.99
OVERSIZE BASIC PENYE TİŞÖRT,399.99
REGULAR FIT FİTİLLİ KAŞKORSE KISA KOLLU TİŞÖRT,399.99
PARAŞÜT CEKET,2299.99
İP ASKILI KAPLI PAMUKLU ATLET,349.99
SPOR VE SEYAHAT ÇANTASI,1499.99
BAGGY FIT YÜKSEK BEL DÜZ PAÇA UZUN JEAN PANTOLON,1349.99
YÜKSEK BEL BARREL FIT PANTOLON,1499.99
%100 PAMUK BASKILI POPLİN UZUN KOLLU ELBİSE,1499.99
NORMAL BEL WIDE LEG PANTOLON,1499.99
JEAN ÇAPRAZ ÇANTA,1499.99
FITTED KETEN KARIŞIMLI YELEK,1499.99
%100 PAMUK WIDE LEG JEAN PANTOLON,1049.99
REGULAR FIT TRİKO,1049.99
A KESİM MİDİ ETEK,1499.99
2'Lİ TAKIM,719.99
REGULAR FIT SİMLİ KUMAŞ,899.99
OVERSIZE OXFORD,899.99
REGULAR FIT SATEN KOLSUZ BLUZ,899.99
REGULAR FIT TRİKO HIRKA,719.99
OVERSIZE ÇİZGİLİ POPLİN GÖMLEK,899.99
OVERSIZE MÜSLİN GÖMLEK,899.99
AIRTECH NBA NEW YORK KNICKS STRAIGHT FIT PANTOLON,899.99
LOOSE FIT SWEATSHİRT,899.99
2'Lİ TAKIM,899.99
BASIC PİJAMA TAKIMI ÜST ALT,899.99
REGULAR FIT UZUN KOLLU TİŞÖRT,539.99
REGULAR FIT SWEATSHİRT KUMAŞI SWEATSHİRT TUNİK,899.99
REGULAR FIT POPLİN UZUN KOLLU TUNİK,899.99
RELAX FIT MODAL PANTOLON,899.99
TOM & JERRY OVERSIZE SIRT BASKILI TİŞÖRT,499.99
BASIC JOGGER EŞOFMAN ALTI,499.99
DISNEY LILO & STITCH OVERSIZE SIRT BASKILI TİŞÖRT,499.99
OVERSIZE SIRT BASKILI TİŞÖRT,499.99
BASIC KISA KOLLU TİŞÖRT,499.99
YÜKSEK BEL CULOTTE PANTOLON,1099.99
REGULAR FIT KETEN KARIŞIMLI,1099.99
SLIM FIT BASIC FİTİLLİ KAŞKORSE TİŞÖRT,399.99
STRAIGHT FIT EŞOFMAN ALTI,699.99
SLIM FIT MODAL UZUN KOLLU TİŞÖRT,419.99
OVERSIZE KAYIK YAKA BASKILI SWEATSHİRT,419.99
RELAX FİT BASIC GÖMLEK,699.99
REGULAR FIT FLAMLI PAMUK,699.99
REGULAR FIT FLAMLI PAMUK,699.99
KAPLI YARIM DOLGULU STRAPLEZ SÜTYEN,599.99
RİBANA 5'Lİ BRİEF KÜLOT,599.99
BAGGY FIT PANTOLON,599.99
REGULAR FIT KISA KOLLU GÖMLEK,599.99
REGULAR FIT,599.99
FITTED RİBANA KISA KOLLU TİŞÖRT,299.99
OVERSIZE BLAZER CEKET,1999.99
DANTEL MİDİ ELBİSE,1999.99
WIDE LEG PANTOLON,1999.99
KEMERLİ BLAZER CEKET,1999.99
WIDE LEG PANTOLON,999.99
OVERSIZE KARELİ FLANEL GÖMLEK,999.99
OVERSIZE SATEN GÖMLEK,699.99
A KESİM NORMAL BEL ASTARLI DANTEL MAXİ ETEK,799.99
PAMUKLU MİNİ ELBİSE,999.99
WARMTECH MODAL SPORCU SWEATSHİRT,699.99
ÇİÇEKLİ PİJAMA TAKIMI ÜST ALT,999.99
WIDE LEG PANTOLON,999.99
WIDE LEG AKSESUAR DETAYLI PANTOLON,999.99
NORMAL BEL COMFORT STRAIGHT PANTOLON,999.99
CROP BÜYÜK YAKA ÇİZGİLİ KAZAK,999.99
FLARE FIT FERMUARLI NORMAL BEL BENGALİN PANTOLON,999.99
COMFORT STRAIGHT NORMAL BEL UZUN JEAN YIKAMALI PANTOLON,999.99
WIDE LEG PANTOLON,999.99
2'Lİ TAKIM,799.99
COMFORT STRAIGHT NORMAL BEL JEAN YIKAMALI PANTOLON,999.99
WIDE LEG NORMAL BEL PANTOLON,999.99
RELAX FIT KAZAK,699.99
REGULAR FIT MODAL UZUN KOLLU TUNİK,999.99
KAYIK YAKA YARIM KOLLU TİŞÖRT,479.99
WIDE LEG PANTOLON,799.99
KADIN GÜNEŞ GÖZLÜĞÜ,799.99
REGULAR FIT UZUN KOLLU GÖMLEK,799.99
2'Lİ TAKIM,799.99
REGULAR FIT RİBANA ALT,479.99
FITTED POPLİN,799.99
FLARE FIT RİBANA PANTOLON,799.99
SLIM FIT RİBANA ATLET,499.99
%100 PAMUK SLIM FIT KAYIK YAKA RİBANA TİŞÖRT,399.99
DISNEY MICKEY & MINNIE FITTED NAKIŞLI TİŞÖRT,499.99
KADIN ATKI,399.99
CULOTTE YÜKSEK BEL PANTOLON,1299.99
ASİMETRİK NORMAL BEL DANTELLİ MİDİ ETEK,779.99
FITTED BİSİKLET YAKA YELEK,1299.99
YELEK,1039.99
MIA FLARE FIT NORMAL BEL İSPANYOL PAÇA UZUN JEAN PANTOLON,1299.99
KETEN KARIŞIMLI ELBİSE,1299.99
YÜKSEK BEL 90'S WIDE LEG PANTOLON,1039.99
PİKE ELBİSE,1299.99
REGULAR FIT YARIM KOLLU MİDİ ELBİSE,1299.99
ASİMETRİK MİDİ ETEK,779.99
STRAIGHT FIT FERMUARLI NORMAL BEL MODAL PANTOLON,1299.99
REGULAR FIT SATEN KISA KOLLU BLUZ,1299.99
%100 PAMUK WIDE LEG NORMAL BEL JEAN PANTOLON,1039.99
RELAX FIT TERRY COTTON TUNİK,1299.99
%100 PAMUK STRAIGHT WIDE JEAN PANTOLON,1039.99
SOFTSHELL 2'Lİ TAKIM,1299.99
MODAL SWEATSHİRT,1299.99
%100 PAMUK BARREL FIT NORMAL BEL JEAN PANTOLON,1299.99
FITTED BİSİKLET YAKA YELEK,1299.99
90'S WIDE LEG YÜKSEK BEL JEAN YIKAMALI PANTOLON,1299.99
KAÇIK YAKA YARIM KOL ELBİSE,1299.99
%100 PAMUK STRAIGHT FIT NORMAL BEL GABARDİN PANTOLON,1299.99
TÜL MİDİ ELBİSE,1299.99
5'Lİ PAMUKLU UZUN ÇORAP,299.99
İP ASKILI KAPLI PAMUKLU ATLET,349.99
RELAX FIT BLAZER CEKET,1799.99
KAŞE,1799.99
YÜKSEK BEL 90'S WIDE LEG PANTOLON,1199.99
GENİŞ PAÇA PANTOLON,1199.99
YÜKSEK BEL CULOTTE PANTOLON,1199.99
PİJAMA TAKIMI ÜST ALT,899.99
BODYCON VÜCUDU SARAN MAXİ ELBİSE,899.99
VOLANLI MODAL BLUZ,899.99
REGULAR FIT TRİKO,539.99
RELAX FIT DANTEL DETAYLI PREMİUM TİŞÖRT,899.99
OVERSIZE MÜSLİN UZUN KOLLU GÖMLEK,899.99
FITTED,629.99
AJURLU KISA KOLLU HIRKA,629.99
RİBANA,719.99
REGULAR FIT KAZAK,899.99
FITTED UZUN KOLLU TİŞÖRT,419.99
BERMUDA,599.99
FITTED UZUN KOLLU TİŞÖRT,419.99
REGULAR FIT SOFTSHELL ALT,479.99
SLIM FIT AKSESUAR DETAYLI RİBANA TİŞÖRT,599.99
SPONGEBOB OVERSIZE SIRT BASKILI TİŞÖRT,599.99
REGULAR FIT ATLET,399.99
FITTED RİBANA KISA KOLLU TİŞÖRT,399.99
KISA KOLLU TUNİK,299.99
REGULAR FIT UZUN KOLLU GÖMLEK,699.99
MODAL FLARE PANTOLON,699.99
REGULAR FIT UZUN KOLLU GÖMLEK,699.99
%100 PAMUK BASIC GÖMLEK,699.99
SLIM FIT RİBANA UZUN KOLLU TİŞÖRT,349.99
LOOSE FIT UZUN KOLLU TİŞÖRT,489.99
YÜKSEK BEL SPORCU TAYT,699.99
%100 PAMUK BASIC GÖMLEK,699.99
PAMUKLU KAPLI PEDLİ BALENLİ 2'Lİ TİŞÖRT BRA,699.99
OVERSIZE KISA KOLLU TİŞÖRT,499.99
OVERSIZE SIRT BASKILI TİŞÖRT,499.99
OVERSIZE KISA KOLLU TİŞÖRT,499.99
%100 PAMUK BASIC PREMIUM TİŞÖRT,499.99
ÇİZGİLİ KISA KOLLU TİŞÖRT,499.99
REGULAR FIT KISA KOLLU TUNİK,349.99
DÜĞME DETAYLI MİNİ ELBİSE,1359.99
DESENLİ JEAN PANTOLON,1189.99
RELAX FIT BAĞLAMALI SÜVETER,1699.99
STRAIGHT FIT PANTOLON,1099.99
REGULAR FIT KAZAK,769.99
REGULAR FIT KETEN KARIŞIMLI UZUN KOLLU TUNİK,1099.99
YARASA KOLLU MİDİ ELBİSE,1099.99
NORMAL BEL STRAIGHT FIT PANTOLON,1099.99
REGULAR FIT KISA KOLLU TİŞÖRT,249.99
REGULAR FIT KISA KOLLU TİŞÖRT,249.99
STRAIGHT FIT BASIC EŞOFMAN ALTI,799.99
WIDE LEG PANTOLON,799.99
KADIN GÜNEŞ GÖZLÜĞÜ,799.99
LOOSE FIT SWEATSHİRT,799.99
FITTED BÜRÜMCÜK GÖMLEK,479.99
REGULAR FIT ALT,559.99
WIDE LEG ALT,799.99
REGULAR FIT DOKULU UZUN KOLLU BLUZ,799.99
OVERSIZE KISA KOLLU TİŞÖRT,799.99
ÇİZGİLİ YARIM KOLLU GÖMLEK,799.99
STRAIGHT FIT BASIC EŞOFMAN ALTI,799.99
SLIM FIT BASIC FİTİLLİ KAŞKORSE TİŞÖRT,399.99
OVERSIZE BASKILI TİŞÖRT,399.99
DANTEL DETAYLI ÇIKARILABİLİR PEDLİ BALENSİZ BRALET,399.99
EQQUALBERRY BAKUCHİOL PLUMPİNG CAPSULE CREAM GENİŞ GÖZENEK VE SARKMA KARŞITI KREM 50ML,1499.99
FERMUARLI KISA MONT,1049.99
REGULAR FIT JEAN,1049.99
A KESİM MAXİ ETEK,1499.99
YÜKSEK BEL STRAIGHT WIDE PANTOLON,1349.99
REGULAR FIT GÖMLEK YAKA CEKET,1499.99
JEAN ÇAPRAZ ÇANTA,1499.99
PUANTİYELİ PİJAMA TAKIMI UZUN KOLLU ÜST ALT,1049.99
SUNİ DERİ BAGET ÇANTA,1499.99
SPOR VE SEYAHAT ÇANTASI,1499.99
YÜKSEK BEL STRAIGHT WIDE PANTOLON,1349.99
A KESİM MİDİ ETEK,1499.99
FITTED CEKET YAKA YELEK,1499.99
YÜKSEK BEL BARREL FIT PANTOLON,1499.99
REGULAR FIT UZUN KOLLU GÖMLEK,999.99
REGULAR FIT KISA KOLLU KAZAK,999.99
FITTED DANTEL UZUN KOLLU BLUZ,999.99
ŞİFON PİJAMA TAKIMI ASKILI ÜST ALT,999.99
A KESİM NORMAL BEL SATEN ETEK,999.99
FITTED KAZAK,999.99
STRAIGHT WIDE PANTOLON,599.99
%100 PAMUK 90'S WIDE LEG YÜKSEK BEL JEAN PANTOLON,799.99
FLANEL ELBİSE,699.99
%100 PAMUK REGULAR FIT SWEATSHİRT TUNİK,699.99
FITTED KAZAK,799.99
REGULAR FIT KEÇE,799.99
SU GEÇİRMEZ FERMUARLI YELEK,999.99
REGULAR FIT KAZAK,999.99
REGULAR FIT,699.99
OVERSIZE FLANEL,599.99
POPLİN ELBİSE,999.99
FITTED KAYIK YAKA DANTEL BLUZ,999.99
CROP FLARE FIT YÜKSEK BEL JEAN YIKAMALI PANTOLON,999.99
OVERSHIRT FIT FULAR YAKA SİMLİ ÇAPRAZ DOKUMA BLUZ,999.99
AIRTECH FLARE FIT BELİ SARAN SPORCU PANTOLON,999.99
REGULAR FIT,699.99
WIDE LEG PANTOLON,599.99
SATEN SABAHLIK,999.99
REGULAR FIT UZUN KOLLU BLUZ,599.99
BELİ SARAN SPORCU TAYT,599.99
KAPLI YARIM DOLGULU STRAPLEZ SÜTYEN,599.99
REGULAR FIT KISA KOLLU TİŞÖRT,599.99
SLIM FIT FİTİLLİ KAŞKORSE KISA KOLLU POLO TİŞÖRT,599.99
OVERSIZE KALIN KUMAŞ SWEATSHİRT,479.99
REGULAR FIT UZUN KOLLU BLUZ,599.99
WIDE LEG BÜRÜMCÜK PANTOLON,599.99
SLIM FIT POLO YAKA FİTİLLİ KAŞKORSE TİŞÖRT,599.99
MOFUSAND OVERSIZE TİŞÖRT,599.99
SLIM FIT KAYIK YAKA ŞAL DETAYLI TİŞÖRT,599.99
CROPPED FIT TÜL KISA KOLLU POLO TİŞÖRT,599.99
OVERSIZE TÜL KISA KOLLU TİŞÖRT,599.99
OVERSIZE KISA KOLLU TİŞÖRT,599.99
OVERSIZE SPORCU MODAL TİŞÖRT,599.99
KADIN ŞAL,599.99
STANDART FIT UZUN KOLLU TİŞÖRT,599.99
KAPLI YARIM DOLGULU TİŞÖRT BRA,599.99
SLIM FIT DANTEL KISA KOLLU TİŞÖRT,499.99
SLIM FIT BASIC MODAL TİŞÖRT,499.99
KAPLI PEDLİ TİŞÖRT BRA,499.99
SLIM FIT FİTİLLİ KAŞKORSE ATLET,499.99
SLIM FIT KAYIK YAKA TİŞÖRT,499.99
FITTED OMZU AÇIK DANTEL TİŞÖRT,499.99
REGULAR FIT BÜRÜMCÜK KISA KOLLU TİŞÖRT,499.99
OVERSIZE BASKILI TİŞÖRT,499.99
DANTEL DETAYLI ÇIKARILABİLİR PEDLİ BALENSİZ TİŞÖRT BRA,499.99
KAPLI PEDLİ TİŞÖRT BRA,499.99
FITTED FİTİLLİ KAŞKORSE ATLET,299.99
LOOSE FIT SWEATSHİRT,699.99
LOOSE FIT UZUN KOLLU TUNİK,699.99
SLIM FIT DÜĞMELİ KOLSUZ BLUZ,699.99
FITTED DANTEL UZUN KOLLU TİŞÖRT,699.99
RELAX FIT GÖMLEK YAKA POPLİN TUNİK,699.99
KADIN ŞAL DESENLİ ATKI,699.99
REGULAR FIT BİSİKLET YAKA POPLİN UZUN KOLLU GÖMLEK,699.99
REGULAR FIT,699.99
NBA WORDMARK OVERSIZE POLO YAKA TİŞÖRT,699.99
RELAX FIT GÖMLEK YAKA POPLİN TUNİK,699.99
KADIN PUANTİYELİ SATEN FULAR,399.99
3'LÜ SLİP KÜLOT,399.99
REGULAR FIT BASIC FİTİLLİ KAŞKORSE TİŞÖRT,399.99
SLIM FIT TEK OMUZLU ATLET,399.99
ATLET,399.99
SLIM FIT FİTİLLİ KAŞKORSE UZUN KOLLU TUNİK,399.99
SLIM FIT FİTİLLİ KAŞKORSE KISA KOLLU TİŞÖRT,399.99
%100 PAMUK OVERSIZE AYICIKLI TİŞÖRT,399.99
REGULAR FIT PENYE KISA KOLLU TİŞÖRT,349.99
REGULAR FIT KISA KOLLU TİŞÖRT,209.99
TÜL BRAZİLİAN KÜLOT,149.99
REGULAR FIT UZUN KOLLU TUNİK,899.99
REGULAR FIT KAZAK,899.99
REGULAR FIT UZUN KOLLU TUNİK,899.99
OVERSIZE ÇİZGİLİ OXFORD GÖMLEK,899.99
REGULAR FIT GOFRE DOKULU UZUN KOLLU TUNİK,899.99
WRAP YAKA AKSESUAR DETAYLI BLUZ,539.99
WIDE LEG PANTOLON,899.99
REGULAR FIT KARELİ MODAL KOLSUZ BLUZ,899.99
LOOSE FIT AKIŞKAN KUMAŞ GÖMLEK,899.99
REGULAR FIT WAFFLE ÜST,539.99
SOFTSHELL PİJAMA TAKIMI ÜST ALT,899.99
YÜKSEK BEL PANTOLON,899.99
REGULAR FIT PAMUKLU TUNİK,899.99
SATEN 2'Lİ TAKIM,719.99
BOXY FIT KETEN KARIŞIMLI GÖMLEK,899.99
KEMERLİ ŞORT ETEK,899.99
BASKILI MAXİ ETEK,899.99
WIDE LEG KETEN KARIŞIMLI PANTOLON,899.99
OVERSIZE OXFORD,899.99
REGULAR FIT V YAKA UZUN KOLLU GÖMLEK,899.99
REGULAR FIT,719.99
REGULAR FIT PANTOLON,899.99
OVERSIZE POPLİN,899.99
RELAX FIT MODAL PANTOLON,899.99
%100 PAMUK 90'S WIDE LEG YÜKSEK BEL KESİK UÇ PAÇA UZUN JEAN PANTOLON,1299.99
WIDE LEG PANTOLON,779.99
OMUZ ÇANTASI,1299.99
TÜL MİDİ ELBİSE,1299.99
KADIN KREM NEMLENDİRİCİ,1299.99
DESENLİ PİJAMA TAKIMI ÜST ALT,909.99
NORMAL BEL DANTELLİ SATEN MİDİ ETEK,1039.99
YÜKSEK BEL STRAIGHT FIT PANTOLON,1299.99
LONG FIT MODAL SWEATSHİRT,1299.99
REGULAR FIT TRİKO HIRKA,909.99
SUNİ DERİ ÇAPRAZ ÇANTA,1299.99
WIDE LEG SKUBA DALGIÇ KUMAŞ SPORCU PANTOLON,1299.99
A KESİM NORMAL BEL DANTELLİ MİNİ ETEK,779.99
OMUZ ÇANTASI,1299.99
NORMAL BEL BAGGY FIT PANTOLON,1299.99
SOFTSHELL 2'Lİ TAKIM,1299.99
JEAN ŞORT ETEK,1299.99
BALLOON FIT NORMAL BEL POPLİN PANTOLON,779.99
ELBİSE,1299.99
NORMAL BEL FLARE FIT PANTOLON,1299.99
A FORM MAXİ ETEK,1299.99
KADIN KREM NEMLENDİRİCİ,1299.99
ELBİSE,1299.99
A KESİM MAXİ ETEK,1039.99
KETEN KARIŞIMLI ELBİSE,1299.99
STRAIGHT WIDE YÜKSEK BEL UZUN JEAN YIKAMALI PANTOLON,1039.99
YÜKSEK BEL FLARE FIT PANTOLON,1299.99
%100 PAMUK 90'S WIDE LEG JEAN PANTOLON,1299.99
A KESİM DESENLİ MİDİ ELBİSE,1299.99
%100 PAMUK DÜŞÜK BEL JEAN PANTOLON,1299.99
KETEN KARIŞIMLI TUNİK,1299.99
YÜKSEK BEL WIDE LEG PANTOLON,1299.99
BARREL FIT YÜKSEK BEL KATLAMALI PAÇA JEAN PANTOLON,1299.99
LONG FIT MODAL SWEATSHİRT,1039.99
%100 PAMUK BARREL FIT YÜKSEK BEL JEAN PANTOLON,1039.99
SLIM FIT,909.99
DÜŞÜK BEL LOW RISE WIDELEG PANTOLON,1299.99
WIDE LEG FERMUARLI YÜKSEK BEL PANTOLON,1299.99
REGULAR FIT PENYE KISA KOLLU TİŞÖRT,499.99
FITTED RİBANA KISA KOLLU TİŞÖRT,499.99
%100 PAMUK SLIM FIT FITİLLİ KAŞKORSE TİŞÖRT,499.99
OVERSIZE KISA KOLLU TİŞÖRT,499.99
KAPLI YARIM DOLGULU BALKONET SÜTYEN,499.99
REGULAR FIT KISA KOLLU TİŞÖRT,499.99
FITTED KISA KOLLU TİŞÖRT,499.99
REGULAR FIT ALT,399.99
%100 PAMUK SLIM FIT RİBANA TİŞÖRT,499.99
KADIN KOLYE,499.99
KAPLI DOLGULU BRALET,499.99
DANTEL DETAYLI RİBANA ÇIKARILABİLİR PEDLİ BALENSİZ BRALET,499.99
ÇIKARILABİLİR KAP ÇIKARILABİLİR PEDLİ BRALET,499.99
%100 PAMUK SLIM FIT FITİLLİ KAŞKORSE TİŞÖRT,499.99
KADIN 2'Lİ BİLEKLİK,499.99
KPOP - DEMON HUNTERS OVERSIZE TİŞÖRT,499.99
REGULAR FIT POPLİN UZUN KOLLU TUNİK,1199.99
YÜKSEK BEL 90'S WIDE LEG PANTOLON,1199.99
YÜKSEK BEL WIDE LEG PANTOLON,1199.99
ÇİZGİLİ DÜĞMELİ HIRKA,839.99
OVERSIZE ÇİZGİLİ KAZAK,839.99
DANTEL DETAYLI HIRKA,839.99
NBA NEW YORK KNICKS OVERSIZE POLO YAKA TİŞÖRT,799.99
DANTEL DETAYLI ASKILI SATEN BLUZ,799.99
REGULAR FIT UZUN KOLLU TUNİK,799.99
BALLOON FIT BASIC EŞOFMAN ALTI,799.99
BİSİKLET YAKA BRA,799.99
2'Lİ TAKIM,799.99
REGULAR FIT PANTOLON,799.99
TRİKO KAZAK,479.99
MİNİ ELBİSE,559.99
REGULAR FIT UZUN KOLLU TİŞÖRT,799.99
REGULAR FIT GOFRE DOKULU GÖMLEK,599.99
REGULAR FIT UZUN KOLLU BLUZ,599.99
BELİ SARAN SPORCU TAYT,599.99
RELAX FIT UZUN KOLLU TİŞÖRT,419.99
RİBANA 5'Lİ SLİP KÜLOT,599.99
BELİ SARAN SPORCU TAYT,599.99
STRAIGHT FIT BÜRÜMCÜK PANTOLON,599.99
FITTED RİBANA KISA KOLLU TİŞÖRT,599.99
OVERSIZE SPORCU MODAL TİŞÖRT,599.99
BELİ SARAN SPORCU TAYT,599.99
KAPLI YARIM DOLGULU STRAPLEZ SÜTYEN,599.99
ÇIKARILABİLİR KAP ÇIKARILABİLİR PEDLİ GÖRÜNMEZ SÜTYEN,599.99
BASKILI UZUN KOLLU BLUZ,599.99
KADIN ŞAL,599.99
HELLO KİTTY OVERSIZE SIRT BASKILI TİŞÖRT,599.99
SLIM FIT KISA KOLLU TİŞÖRT,599.99
RİLAKKUMA OVERSIZE SIRT BASKILI TİŞÖRT,599.99
BELİ SARAN SPORCU TAYT,599.99
REGULAR FIT,599.99
RELAX FIT KISA KOLLU TİŞÖRT,599.99
STANDART FIT UZUN KOLLU TİŞÖRT,419.99
REGULAR FIT BİSİKLET YAKA KISA KOLLU BLUZ,599.99
OVERSIZE KAZAK,599.99
PUANTİYELİ PENYE TİŞÖRT,399.99
REGULAR FIT BASIC FİTİLLİ KAŞKORSE TİŞÖRT,399.99
FITTED RİBANA TİŞÖRT,399.99
PAMUKLU KAPLI PEDLİ BALENSİZ BRA,399.99
SLIM FIT BASIC FİTİLLİ KAŞKORSE TİŞÖRT,399.99
OVERSIZE KISA KOLLU TİŞÖRT,399.99
SLIM FIT YARIM BALIKÇI YAKA TİŞÖRT,199.99
SLIM FIT BASIC FİTİLLİ KAŞKORSE TİŞÖRT,399.99
OVERSIZE SIRT BASKILI TİŞÖRT,399.99
OVERSIZE BASIC TİŞÖRT,399.99
KADIN ATKI,399.99
KISA KOLLU TİŞÖRT,399.99
KADIN 7'Lİ PAMUKLU PATİK ÇORAP,299.99
FITTED FİTİLLİ KAŞKORSE ATLET,299.99
REGULAR FIT KISA KOLLU TİŞÖRT,299.99
REGULAR FIT TRİKO KAZAK,1609.99
REGULAR FIT BLAZER CEKET,2299.99
REGULAR FIT,1609.99
REGULAR FIT DOKULU UZUN KOLLU BLUZ,1099.99
REGULAR FIT AJURLU HIRKA,659.99
REGULAR FIT TRİKO,1099.99
OVERSIZE PAMUKLU GÖMLEK,659.99
NORMAL BEL STRAIGHT FIT PANTOLON,1099.99
RELAX FIT MODAL,1099.99
REGULAR FIT TRİKO KAZAK,1099.99
STRAIGHT WIDE KREP PANTOLON,1099.99
RELAX FIT POPLİN UZUN KOLLU TUNİK,699.99
BELİ SARAN SPORCU TAYT,699.99
SLIM FIT MODAL UZUN KOLLU TİŞÖRT,419.99
%100 PAMUK RELAX FIT YARIM BALIKÇI YAKA PREMİUM TİŞÖRT,419.99
REGULAR FIT,629.99
REGULAR FIT FLAMLI PAMUK,699.99
SLIM FIT KISA KOLLU TİŞÖRT,699.99
OVERSIZE TÜL KISA KOLLU TİŞÖRT,699.99
REGULAR FIT FLAMLI PAMUK,699.99
RELAX FIT BASKILI TİŞÖRT,349.99
KADIN 15'Lİ YÜZÜK,299.99
KADIN 5'Lİ YÜZÜK,299.99
FITTED ÇİZGİLİ FİTİLLİ KAŞKORSE TİŞÖRT,299.99
WARMTECH SU İTİCİ SLIM FIT FERMUARLI MONT,1999.99
BLAZER CEKET,1999.99
EL ÇANTASI,1999.99
ROUND LAB - DOKDO GENİŞ GÖZENEK KARŞITI NEMLENDİRİCİ DENİZ SULU TEMİZLİK BALMI,999.99
%100 PAMUK 90'S WIDE LEG YÜKSEK BEL JEAN PANTOLON,999.99
REGULAR FIT TRİKO,699.99
NORMAL BEL BİLEK BOY PANTOLON,999.99
WIDE LEG YÜKSEK BEL MODAL PANTOLON,999.99
REGULAR FIT SÜET,699.99
OMUZ ÇANTASI,999.99
SELANİK KUMAŞ ELBİSE,999.99
REGULAR FIT BRODE,999.99
WIDE LEG PANTOLON,599.99
YÜKSEK BEL CARROT FIT PANTOLON,999.99
REGULAR FIT ÇİÇEKLİ GÖMLEK TUNİK,999.99
NORMAL BEL WIDE LEG PANTOLON,999.99
%100 PAMUK LOOSE FIT RENK BLOKLU SWEATSHİRT,699.99
PANTOLON,599.99
SLİM FİT AYICIKLI KAZAK,899.99
STRAIGHT WIDE PANTOLON,999.99
STRAIGHT WIDE KETEN KARIŞIMLI PANTOLON,999.99
DÜŞÜK BEL CROP FLARE FIT PANTOLON,899.99
WARMTECH MODAL SPORCU SWEATSHİRT,999.99
REGULAR FIT MODAL UZUN KOLLU TUNİK,999.99
%100 PAMUK LOOSE FIT ÇİZGİLİ SWEATSHİRT,699.99
SWEATSHİRT,699.99
BALLOON FIT PANTOLON,999.99
OVERSIZE MODAL SWEATSHİRT,799.99
A KESİM MİDİ ETEK,699.99
OVERSIZE MODAL,999.99
PİJAMA TAKIMI ÜST ALT,999.99
OVERSIZE TRİKO KAZAK,699.99
YÜKSEK BEL COMFORT STRAIGHT PANTOLON,999.99
SNOOPY PİJAMA TAKIMI ÜST ALT,999.99
BEBE YAKA SIRT BASKILI SWEATSHİRT,599.99
RELAX FIT NAKIŞLI ÇİZGİLİ GÖMLEK,999.99
FITTED KAYIK YAKA DANTEL BLUZ,999.99
REGULAR FIT KAZAK,999.99
A KESİM MAXİ ETEK,799.99
%100 PAMUK RELAX FIT POPLİN GÖMLEK TUNİK,999.99
OVERSIZE PENYE KISA KOLLU TİŞÖRT,499.99
MİCRO 3'LÜ,499.99
RELAX FIT UZUN KOLLU TİŞÖRT,499.99
A KESİM ETEK,399.99
KAPLI PEDLİ TİŞÖRT BRA,499.99
SLIM FIT RİBANA TİŞÖRT,299.99
KAPLI PEDSİZ BALKONET SÜTYEN,499.99
KAPLI YARIM DOLGULU BALKONET SÜTYEN,499.99
REGULAR FİT BÜRÜMCÜK TİŞÖRT,499.99
RELAX FIT UZUN KOLLU TİŞÖRT,499.99
FITTED RİBANA UZUN KOLLU TİŞÖRT,299.99
SLIM FIT UZUN KOLLU TUNİK,499.99
%100 PAMUK BASIC PREMIUM TİŞÖRT,499.99
KAPLI PEDSİZ BALKONET SÜTYEN,499.99
OVERSIZE BASKILI TİŞÖRT,499.99
SLIM FIT BASIC MODAL TİŞÖRT,299.99
SLIM FIT TİŞÖRT TUNİK,499.99
DANTELLİ ŞORT PİJAMA ALTI,499.99
İSPANYOL PAÇA TAYT PANTOLON,499.99
KAPLI PEDLİ TİŞÖRT BRA,499.99
%100 PAMUK BASIC PREMIUM TİŞÖRT,499.99
OVERSIZE BASKILI TİŞÖRT,399.99
KAPSIZ PEDSİZ BRALET,399.99
OVERSIZE BASIC PENYE TİŞÖRT,399.99
KADIN ATKI,399.99
DANTELLİ KAPSIZ PEDSİZ BALENSİZ BRALET,399.99
DANTEL DETAYLI ÇIKARILABİLİR PEDLİ BALENSİZ BRALET,399.99
PAMUKLU KAPLI PEDLİ BALENSİZ BRA,399.99
FITTED RİBANA KISA KOLLU TİŞÖRT,399.99
REGULAR FIT,1799.99
SU GEÇİRMEZ MONT,1079.99
CARROT FIT YÜKSEK BEL KREP PANTOLON,899.99
STRAIGHT WIDE PANTOLON,899.99
ÇİZGİLİ BENGALİN GÖMLEK,899.99
PANTOLON,719.99
FITTED BÜRÜMCÜK UZUN KOLLU BLUZ,899.99
2'Lİ TAKIM,899.99
%100 PAMUK ASİMETRİK KARELİ FLANEL ETEK,899.99
OVERSIZE POPLİN,899.99
OVERSIZE OXFORD,899.99
AIRTECH NBA CHICAGO BULLS WIDE LEG DOKUMA PANTOLON,629.99
POLO YAKA KISA KOLLU AJURLU TRİKO KAZAK,899.99
REGULAR FIT UZUN KOLLU TUNİK,899.99
BALLOON FIT NORMAL BEL MİNİ ETEK,629.99
RİBANA 2'Lİ TAKIM,899.99
RELAX FIT ÇİZGİLİ GÖMLEK TUNİK,899.99
PİJAMA TAKIMI ÜST ALT,899.99
%100 PAMUK UZUN KOLLU TUNİK,899.99
REGULAR FIT UZUN KOLLU TUNİK,899.99
FITTED KALIN SWEATSHİRT KUMAŞI,719.99
STRAIGHT WIDE PANTOLON,629.99
%100 PAMUK LOOSE FIT ÇİZGİLİ SWEATSHİRT,899.99
ASİMETRİK MİDİ ETEK,719.99
SLIM FIT POLO YAKA FİTİLLİ KAŞKORSE TİŞÖRT,599.99
KAPLI PEDLİ TİŞÖRT BRA,599.99
RELAX FIT KISA KOLLU BLUZ,599.99
RELAX FIT ÇİZGİLİ TİŞÖRT,599.99
SLIM FIT BASIC MODAL TİŞÖRT,419.99
KAPLI PUSH UP BÜYÜK BEDEN SÜTYEN,599.99
KAPLI YARIM DOLGULU STRAPLEZ SÜTYEN,599.99
KAPLI PEDLİ TİŞÖRT BRA,599.99
KAPLI YARIM DOLGULU STRAPLEZ SÜTYEN,599.99
SLIM FIT POLO YAKA FİTİLLİ KAŞKORSE TİŞÖRT,599.99
REGULAR FIT GÖMLEK YAKA GOFRE DOKULU UZUN KOLLU GÖMLEK,599.99
KAPLI YARIM DOLGULU STRAPLEZ SÜTYEN,599.99
2'Lİ TAKIM,599.99
REGULAR FIT GOFRE DOKULU,599.99
KADIN ŞAL,599.99
GOFRE DOKULU BLUZ,599.99
REGULAR FIT UZUN KOLLU BLUZ,599.99
REGULAR FIT KISA KOLLU TİŞÖRT,599.99
KADIN DESENLİ SATEN FULAR,299.99
BOXER PAMUKLU SLİP KÜLOT,299.99
İP ASKILI KAPLI PAMUKLU ATLET,349.99
SLIM FITBASIC YUVARLAK YAKA ATLET,249.99
FITTED RİBANA TİŞÖRT,249.99
KRİNKIL KUMAŞ ELBİSE,1019.99
RELAX FIT BLAZER CEKET,1699.99
BALLOON FIT JEAN PANTOLON,1119.99
NORMAL BEL SİGARET PANTOLON,799.99
RELAX FIT ÇİZGİLİ FLAMLI PAMUK TUNİK,799.99
STRAIGHT FIT PANTOLON,799.99
REGULAR FIT V YAKA YELEK,479.99
FLARE FIT MODAL PANTOLON,719.99
2'Lİ TAKIM,799.99
A KESİM POPLİN MİDİ ELBİSE,799.99
SLIM FIT BASIC TİŞÖRT,479.99
FLAMLI PAMUK UZUN KOLLU GÖMLEK,799.99
SLIM FIT BASIC TİŞÖRT,479.99
OVERSIZE KETEN KARIŞIMLI,799.99
OVERSIZE KALIN KUMAŞ SWEATSHİRT,479.99
SATEN ELBİSE,559.99
REGULAR FIT UZUN KOLLU GÖMLEK,799.99
WARMTECH FLARE FİT BELİ SARAN SPORCU PANTOLON,799.99
RELAX FIT KRİNKIL KUMAŞ UZUN KOLLU BLUZ,799.99
STRAIGHT FIT PANTOLON,799.99
STRAIGHT FIT KREP PANTOLON,559.99
BEBE YAKA DOKULU GÖMLEK,799.99
REGULAR FIT,799.99
BİSİKLET YAKA BRA,799.99
KADIN GÜNEŞ GÖZLÜĞÜ,799.99
PİJAMA TAKIMI ÜST KARELİ ALT,799.99
FLARE FIT PANTOLON,559.99
REGULAR FIT UZUN KOLLU TUNİK,799.99
FLARE FIT RİBANA PANTOLON,799.99
KAPLI DOLGUSUZ TİŞÖRT BRA,279.99
RİBANA 3'LÜ KÜLOT,399.99
BİSİKLET YAKA UZUN KOLLU ÜST,399.99
FITTED UZUN KOLLU TİŞÖRT,279.99
OVERSIZE BASKILI TİŞÖRT,399.99
MİCRO 2'Lİ HİPSTER KÜLOT,399.99
FITTED UZUN KOLLU TİŞÖRT,399.99
KADIN PUANTİYELİ SATEN FULAR,399.99
DANTEL DETAYLI 3'LÜ KÜLOT,399.99
KADIN PAMUKLU CAP ŞAPKA,399.99
BİSİKLET YAKA TAŞ BASKILI TİŞÖRT,399.99
KADIN 9'LU KÜPE,399.99
3'LÜ SLİP KÜLOT,399.99
3’LÜ BRİEF KÜLOT,199.99
OVERSIZE BASKILI TİŞÖRT,399.99
FITTED RİBANA KISA KOLLU TİŞÖRT,399.99
3'LÜ,279.99
BOXER,199.99
YÜKSEK BEL STRAIGHT WIDE PANTOLON,1499.99
BARREL FIT YÜKSEK BEL BİLEK BOY JEAN YIKAMALI PANTOLON,1499.99
A KESİM MİDİ ETEK,1049.99
YÜKSEK BEL STRAIGHT WIDE PANTOLON,1349.99
FITTED CEKET YAKA YELEK,1499.99
JEAN ÇAPRAZ ÇANTA,1499.99
SÜET ÇAPRAZ ÇANTA,1499.99
BALLOON FIT NORMAL BEL PANTOLON,1499.99
OMUZ ÇANTASI,1499.99
OVERSIZE POLO YAKA GÖMLEK,1499.99
ELBİSE,749.99
KADIN TONİK GÖZENEK SIKILAŞTIRICI,1499.99
A KESİM MAXİ ETEK,1499.99
STANDART FIT,1049.99
REGULAR FIT TRİKO,1499.99
SPOR VE SEYAHAT ÇANTASI,1499.99
KAPLI PEDLİ TİŞÖRT BRA,499.99
KAPLI PEDLİ TİŞÖRT BRA,499.99
SLIM FIT UZUN KOLLU TİŞÖRT,499.99
REGULAR FIT RİBANA TİŞÖRT,499.99
KAPLI DOLGULU BRALET,499.99
REGULAR FIT RİBANA ÜST,299.99
MİCRO KAPLI DOLGUSUZ BALENSİZ BRALET,499.99
%100 PAMUK BASKILI KISA KOLLU PİJAMA ÜSTÜ,299.99
KAPLI PEDLİ TİŞÖRT BRA,499.99
FITTED RİBANA UZUN KOLLU TİŞÖRT,499.99
%100 PAMUK SLIM FIT KAYIK YAKA RİBANA TİŞÖRT,399.99
KISA KOLLU TİŞÖRT,349.99
%100 PAMUK BASIC PREMIUM TİŞÖRT,499.99
SLIM FIT TEK OMUZLU BÜRÜMCÜK TİŞÖRT,499.99
SLIM FIT V YAKA PUANTİYELİ BÜRÜMCÜK TİŞÖRT,499.99
KAPLI PEDLİ TİŞÖRT BRA,499.99
SLIM FIT V YAKA FİTİLLİ KAŞKORSE ATLET,499.99
FITTED KISA KOLLU TİŞÖRT,499.99
KUŞAKLI UZUN KOLLU TİŞÖRT,499.99
SLIM FITBASIC MODAL TİŞÖRT,499.99
SLIM FIT FİTİLLİ KAŞKORSE ATLET,499.99
KUŞAKLI UZUN KOLLU TİŞÖRT,499.99
KAPLI YARIM DOLGULU STRAPLEZ SÜTYEN,499.99
REGULAR FIT JAKARLI UZUN KOLLU BLUZ,399.99
KADIN CİTY OF CALİFORNİA SWEET BEAR 50 ML PARFÜM,499.99
SATEN,299.99
KADIN ŞAL DESENLİ SATEN FULAR,299.99
REGULAR FIT PENYE KISA KOLLU TİŞÖRT,299.99
KISA KOLLU TUNİK,299.99
FITTED FİTİLLİ KAŞKORSE KISA KOLLU TİŞÖRT,299.99
%100 PAMUK ÇİÇEKLİ BOXER,299.99
5'Lİ PAMUKLU SOKET ÇORAP,299.99
KADIN SAÇ AKSESUARI,299.99
KADIN DESENLİ SATEN ŞAL,299.99
KADIN 8'Lİ YÜZÜK,249.99
ONLY ONE EYE CREAM FOR FACE AYDINLATICI GÖZ ÇEVRESİ BAKIM KREMİ 30 ML,699.99
REGULAR FIT UZUN KOLLU TUNİK,699.99
AIRTECH FLARE FİT TOPARLAYICI YÜKSEK BEL İSPANYOL PAÇA SOFT TOUCH SPORCU PANTOLON,699.99
SNOOPY 2'Lİ PİJAMA ÜSTÜ,699.99
MODAL EŞOFMAN ALTI,699.99
FITTED DANTEL TİŞÖRT,489.99
LOOSE FIT UZUN KOLLU TUNİK,699.99
FITTED DANTEL DETAYLI BLUZ,699.99
WIDE LEG BÜRÜMCÜK PANTOLON,699.99
RELAX FIT BAĞLAMALI TİŞÖRT,699.99
STRAİGHT FİT BASIC EŞOFMAN ALTI,699.99
KADIN ŞAL DESENLİ ATKI,699.99
REGULAR FIT ALT,699.99
SLIM FIT KISA KOLLU TİŞÖRT,699.99
FITTED BENGALİN,699.99
REGULAR FIT,699.99
RELAX FIT GÖMLEK YAKA POPLİN TUNİK,699.99
%100 PAMUK LOOSE FIT TUNİK,699.99
KADIN ŞAL DESENLİ ATKI,699.99
KADIN ŞAL DESENLİ ATKI,699.99
SLIM FIT FİTİLLİ KAŞKORSE POLO TİŞÖRT,699.99
SPORCU SÜTYENİ,699.99
RELAX FIT BASIC GÖMLEK,699.99
OVERSIZE KISA KOLLU TİŞÖRT,699.99
REGULAR FIT KAZAK,489.99
SLIM FIT RİBANA KISA KOLLU TİŞÖRT,349.99
PAMUKLU HAMİLE KÜLODU,199.99
KPOP - DEMON HUNTERS FITTED RİBANA TİŞÖRT,449.99
%100 PAMUK STRAIGHT WIDE YÜKSEK BEL JEAN PANTOLON,1039.99
POLO YAKA AJURLU KAZAK,909.99
A KESİM MAXİ ETEK,1299.99
BALLOON FIT YARI ELASTİK BANTLI BEL PANTOLON,1299.99
%100 PAMUK BARREL FIT YÜKSEK BEL JEAN PANTOLON,1299.99
%100 PAMUK STRAIGHT FIT YÜKSEK BEL JEAN PANTOLON,1039.99
OMUZ ÇANTASI,1299.99
OMUZ ÇANTASI,1299.99
MODAL UZUN KOLLU GÖMLEK,1299.99
NORMAL BEL FLARE FIT PANTOLON,1299.99
NORMAL BEL BALLOON FIT PANTOLON,1299.99
DÜŞÜK BEL PANTOLON,1299.99
LOW RISE WIDELEG DÜŞÜK BEL JEAN PANTOLON,1299.99
OMUZ ÇANTASI,1299.99
STRAIGHT FIT NORMAL BEL DÜZ PAÇA PANTOLON,1299.99
YÜKSEK BEL WIDE LEG PANTOLON,1299.99
YÜKSEK BEL CARROT FIT PANTOLON,909.99
YIRTMAÇ DETAYLI PANTOLON,909.99
REGULAR FIT TRİKO,909.99
REGULAR FIT SATEN KISA KOLLU BLUZ,1299.99
STRAİGHT FİT BASIC EŞOFMAN ALTI,1299.99
WARMTECH WIDE LEG CEPLİ MODAL EŞOFMAN ALTI,1299.99
OMUZ ÇANTASI,1299.99
OVERSIZE POLO YAKA GÖMLEK,1299.99
TÜL MİDİ ELBİSE,1039.99
NORMAL BEL BALLOON FIT PANTOLON,1299.99
OMUZ ÇANTASI,1299.99
STRAIGHT FIT FERMUARLI NORMAL BEL MODAL PANTOLON,1299.99
2'Lİ TAKIM,909.99
ÇİZGİLİ SATEN PİJAMA TAKIMI ÜST ALT,1039.99
SLIM FIT ATLET,249.99
DANTEL BRAZİLİAN KÜLOT,249.99
REGULAR FIT POPLİN UZUN KOLLU TUNİK,1199.99
OVERSIZE ÇİZGİLİ KAZAK,839.99
REGULAR FIT,839.99
YÜKSEK BEL 90'S WIDE LEG PANTOLON,1199.99
YÜKSEK BEL RELAX FIT PANTOLON,1199.99
REGULAR FIT GOFRE DOKULU UZUN KOLLU TUNİK,1199.99
REGULAR FIT,839.99
SLIM FIT,1199.99
CULOTTE YÜKSEK BEL JEAN KAR YIKAMALI PANTOLON,1199.99
REGULAR FIT BASIC PREMIUM TİŞÖRT,599.99
FITTED RİBANA UZUN KOLLU TİŞÖRT,299.99
SLIM FIT FİTİLLİ KAŞKORSE KISA KOLLU POLO TİŞÖRT,599.99
SLIM FIT FİTİLLİ KAŞKORSE KISA KOLLU POLO TİŞÖRT,599.99
FITTED OMZU AÇIK TÜL TİŞÖRT,599.99
STANDART FIT RİBANA PEDLİ SPORCU ATLET,599.99
SLIM FIT YARIM BALIKÇI YAKA TİŞÖRT,599.99
RELAX FIT PENYE TİŞÖRT,599.99
ASİMETRİK KAYIK YAKA BÜRÜMCÜK TİŞÖRT,599.99
RELAX FIT KISA KOLLU TİŞÖRT,599.99
SLIM FIT KAYIK YAKA ŞAL DETAYLI TİŞÖRT,419.99
SLIM FIT KISA KOLLU TİŞÖRT,599.99
OVERSIZE KALIN KUMAŞ KISA KOLLU TİŞÖRT,599.99
%100 PAMUK SLİM FIT RİBANA TİŞÖRT,599.99
%100 PAMUK LOOSE FIT TUNİK,599.99
BELİ SARAN SPORCU TAYT,599.99
GOFRE DOKULU BLUZ,599.99
FITTED POLO YAKA RİBANA TİŞÖRT,599.99
GOFRE DOKULU BLUZ,599.99
%100 PAMUK OVERSIZE SPOR BASKILI TİŞÖRT,599.99
KADIN ATKI,399.99
SLIM FIT BASIC FİTİLLİ KAŞKORSE ATLET,399.99
REGULAR FIT RİBANA ATLET,399.99
OVERSIZE SIRT BASKILI TİŞÖRT,399.99
OVERSIZE BASIC PENYE TİŞÖRT,399.99
MİCRO 2'Lİ,399.99
SLIM FIT BASIC FİTİLLİ KAŞKORSE TİŞÖRT,399.99
KISA KOLLU TİŞÖRT,399.99
FITTED DANTEL YAKA RİBANA TİŞÖRT,399.99
KADIN DESENLİ SATEN FULAR,399.99
FITTED UZUN KOLLU TİŞÖRT,399.99
REGULAR FIT ATLET,399.99
KISA KOLLU ÜST,399.99
OVERSIZE BASKILI TİŞÖRT,399.99
RİBANA ATLET,399.99
REGULAR FIT ATLET,399.99
%100 PAMUK OVERSHIRT FIT SIRT BASKILI TİŞÖRT,399.99
SLIM FIT FİTİLLİ KAŞKORSE UZUN KOLLU TİŞÖRT,279.99
OVERSIZE KISA KOLLU TİŞÖRT,399.99
KISA KOLLU TİŞÖRT,399.99
KADIN 3'LÜ KOLYE,399.99
BASIC RİBANA TİŞÖRT,399.99
KADIN 3'LÜ SAÇ AKSESUARI,399.99
SLIM FIT FİTİLLİ KAŞKORSE ATLET,399.99
DANTEL DETAYLI SATEN KAPSIZ PEDSİZ BALENSİZ BRALET,399.99
FITTED FİTİLLİ KAŞKORSE ATLET,299.99
2'Lİ TERMAL KIŞLIK ÇORAP,299.99
KADIN ŞAL DESENLİ SATEN ŞAL,299.99
KADIN DİKDÖRTGEN TOKA SUNİ DERİ GÜNLÜK KEMER,299.99
KADIN KÜPE,299.99
KADIN DESENLİ PAMUKLU BANDANA,299.99
RİBANA ATLET,299.99
KADIN BOZUK PARA ÇANTASI,299.99
SLIM FIT KAZAK,769.99
REGULAR FIT KAZAK,769.99
REGULAR FIT BRODE,1099.99
DOKUMA ETİKETLİ TRİKO KAZAK,769.99
REGULAR FIT,1099.99
WIDE LEG BELİ LASTİKLİ PANTOLON,1099.99
REGULAR FIT TRİKO,659.99
REGULAR FIT TRİKO,659.99
PÜSKÜLLÜ TRİKO HIRKA,659.99
REGULAR FIT BRODE,1099.99
5'Lİ PAMUKLU UZUN ÇORAP,349.99
REGULAR FIT ÇİÇEKLİ TİŞÖRT,349.99
RELAX FIT BASKILI TİŞÖRT,349.99
SLIM FIT BASIC RİBANA TİŞÖRT,349.99
KISA KOLLU TİŞÖRT,349.99
SLIM FIT RİBANA KISA KOLLU TİŞÖRT,349.99
SLIM FIT RİBANA KISA KOLLU TİŞÖRT,349.99
KISA KOLLU HAMİLE ÜSTÜ,349.99
2'Lİ PAMUKLU UZUN ÇORAP,149.99
KADIN GÜNEŞ GÖZLÜĞÜ,999.99
REGULAR FIT UZUN KOLLU TUNİK,999.99
STRAIGHT FIT PANTOLON,999.99
REGULAR FIT,999.99
ŞAL YAKA DESENLİ GÖMLEK,999.99
REGULAR FIT BRODE,999.99
OVERSIZE ÇİZGİLİ POPLİN GÖMLEK,999.99
OVERSIZE MODAL,999.99
OMUZ ÇANTASI,999.99
LOOSE FIT UZUN KOLLU TUNİK,999.99
OVERSIZE MODAL SWEATSHİRT,799.99
REGULAR FIT TRİKO KAZAK,999.99
OVERSIZE SATEN,699.99
OMUZ ÇANTASI,999.99
SLIM FIT AYICIKLI ÇİZGİLİ KAZAK,899.99
CROP FLARE FIT YÜKSEK BEL JEAN PANTOLON,999.99
SLIM FIT KAZAK,699.99
STRAIGHT FIT DÜZ PAÇA PANTOLON,999.99
PANTOLON,599.99
LOOSE FIT KALIN SWEATSHİRT KUMAŞI,799.99
KAPÜŞONLU BASKILI FERMUARLI SWEATSHİRT,999.99
OVERSIZE FLANEL,999.99
OMUZ ÇANTASI,999.99
PİJAMA TAKIMI DESENLİ ÜST ALT,999.99
%100 PAMUK 90'S WIDE LEG YÜKSEK BEL UZUN JEAN PANTOLON,999.99
STANDART FIT ETEK,999.99
OVERSIZE KAZAK,799.99
KADIN GÜNEŞ GÖZLÜĞÜ,999.99
SATEN SABAHLIK,799.99
%100 PAMUK REGULAR FIT FLAMLI UZUN KOLLU TUNİK,999.99
ŞORT,999.99
WIDE LEG PANTOLON,999.99
FLARE FIT PANTOLON,999.99
WIDE LEG PANTOLON,999.99
%100 PAMUK SWEATSHİRT TUNİK,499.99
SLIM FIT,699.99
KALEM MİDİ ETEK,699.99
RELAX FIT,999.99
FITTED KAZAK,999.99
NORMAL BEL COMFORT STRAIGHT PANTOLON,999.99
NORMAL BEL WIDE LEG PANTOLON,999.99
KPOP - DEMON HUNTERS OVERSIZE TİŞÖRT,499.99
KAPLI PEDLİ SEAMLES BRA,499.99
ELBİSE,499.99
MODAL KISA KOLLU ÜST,499.99
RELAX FIT UZUN KOLLU TİŞÖRT,499.99
SLIM FIT KAYIK YAKA TİŞÖRT,499.99
SLIM FIT RİBANA ATLET,499.99
A KESİM ETEK,499.99
PUANTİYELİ FITTED KAYIK YAKA BLUZ,499.99
KAPLI PEDLİ TİŞÖRT BRA,499.99
DANTEL DETAYLI ÇIKARILABİLİR PEDLİ BALENSİZ TİŞÖRT BRA,499.99
KPOP - DEMON HUNTERS OVERSIZE TİŞÖRT,499.99
REGULAR FIT UZUN KOLLU TİŞÖRT,499.99
SLIM FIT ATLET,499.99
DANTELLİ KAPSIZ PEDSİZ BALENLİ BALKONET SÜTYEN,499.99
ELBİSE,499.99
KAPLI YARIM DOLGULU BALKONET SÜTYEN,499.99
DANTEL KAPLI YARIM DOLGULU BALENLİ TİŞÖRT BRA,499.99
OVERSIZE KISA KOLLU TİŞÖRT,499.99
SLIM FIT BASIC RİBANA TİŞÖRT,499.99
KAPLI FULL PUSH UP TİŞÖRT BRA,499.99
SLIM FIT UZUN KOLLU TİŞÖRT,499.99
KAPLI PEDLİ TİŞÖRT BRA,499.99
SLIM FIT BÜRÜMCÜK TİŞÖRT,499.99
RELAX FIT UZUN KOLLU TİŞÖRT,499.99
SLIM FIT ATLET,499.99
İSPANYOL PAÇA TAYT PANTOLON,499.99
REGULAR FIT KISA KOLLU TİŞÖRT,499.99
FITTED VİSKON KISA KOLLU TİŞÖRT,499.99
STANDART FIT PAMUKLU KISA KOLLU TİŞÖRT,499.99
FITTED BASKILI RİBANA TİŞÖRT,499.99
3'LÜ BAMBU SOKET ÇORAP,249.99
REGULAR FIT KISA KOLLU TİŞÖRT,249.99
WIDE LEG KETEN KARIŞIMLI PANTOLON,899.99
OVERSIZE BENGALİN,899.99
PİJAMA TAKIMI ÜST DESENLİ ALT,899.99
KADIN KREM YAŞLANMA KARŞITI BAKIM,899.99
REGULAR FIT TRİKO,629.99
A KESİM MİNİ ETEK,719.99
AIRTECH NBA BROOKLYN NETS FLARE FIT İSPANYOL PAÇA STANDART BOY PANTOLON,899.99
ELBİSE,899.99
RELAX FIT,899.99
PİJAMA TAKIMI ÜST KARELİ ALT,899.99
OVERSIZE POPLİN GÖMLEK,899.99
FITTED RİBANA,899.99
REGULAR FIT POPLİN UZUN KOLLU TUNİK,899.99
REGULAR FIT GENİŞ PAÇA PANTOLON,899.99
LOOSE FIT MODAL,719.99
RELAX FIT ÇİZGİLİ GÖMLEK TUNİK,899.99
REGULAR FIT PİKE UZUN KOLLU TİŞÖRT,629.99
V YAKA GOFRE DOKULU KOLSUZ ELBİSE,899.99
FITTED BENGALİN GÖMLEK,899.99
V YAKA GOFRE DOKULU KOLSUZ ELBİSE,899.99
REGULAR FIT MODAL UZUN KOLLU BLUZ,899.99
WIDE LEG PANTOLON,899.99
2'Lİ TAKIM,809.99
OVERSIZE POPLİN UZUN KOLLU GÖMLEK,899.99
WIDE LEG PANTOLON,899.99
WIDE LEG PANTOLON,899.99
REGULAR FIT ŞAL YAKA YELEK,899.99
RELAX FIT GÜNLÜK,899.99
%100 PAMUK OVERSIZE GÖMLEK YAKA ÇİZGİLİ OXFORD GÖMLEK,899.99
ASİMETRİK PİKE,629.99
REGULAR FIT UZUN KOLLU TUNİK,899.99
KADIN GOURMAND - FRUİTY 90 ML VÜCUT SPREYİ,299.99
KADIN SATEN FULAR,299.99
ÇİZGİLİ RİBANA BOXER,299.99
KADIN ÇİÇEKLİ DOKUMA FULAR,299.99
SLIM FIT FİTİLLİ KAŞKORSE ATLET,299.99
KADIN BİLEKLİK,299.99
5'Lİ PAMUKLU PATİK ÇORAP,299.99
DANTEL BRAZİLİAN KÜLOT,299.99
KADIN DESENLİ FULAR,299.99
RİBANA BOXER,299.99
RİBANA 3'LÜ,299.99
REGULAR FIT BASKILI PENYE TİŞÖRT,299.99
ATLET,299.99
SATEN BRAZİLİAN KÜLOT,299.99
BİSİKLET YAKA ÇİÇEKLİ KISA KOLLU TİŞÖRT,299.99
KADIN 3'LÜ BİLEKLİK,299.99
KADIN DESENLİ SATEN FULAR,299.99
KADIN KÜPE,299.99
KADIN 3'LÜ BİLEKLİK,299.99
BRİEF,209.99
ATLET,299.99
FITTED FİTİLLİ KAŞKORSE KISA KOLLU TİŞÖRT,299.99
KADIN 3'LÜ YÜZÜK,299.99
KADIN DESENLİ SATEN FULAR,299.99
REGULAR FIT UZUN KOLLU GÖMLEK,799.99
REGULAR FIT PANTOLON,799.99
RELAX FIT ÇİZGİLİ FLAMLI PAMUK TUNİK,799.99
FITTED BÜRÜMCÜK,479.99
REGULAR FIT UZUN KOLLU GÖMLEK,799.99
REGULAR FIT UZUN KOLLU TUNİK,799.99
REGULAR FIT BİSİKLET YAKA YELEK,479.99
FITTED KISA KOLLU BLUZ,799.99
OVERSIZE KALIN KUMAŞ,799.99
KADIN GÜNEŞ GÖZLÜĞÜ,799.99
WIDE LEG PANTOLON,559.99
ÇAPRAZ ÇANTA,799.99
RELAX FIT ÇİZGİLİ FLAMLI PAMUK TUNİK,799.99
BODYCON VÜCUDU SARAN MODAL MAXİ ELBİSE,799.99
KADIN GÜNEŞ GÖZLÜĞÜ,799.99
FLORIDA YÜKSEK BEL BELMANDO PANTOLON,799.99
REGULAR FIT ALT,559.99
STRAIGHT FIT DÜZ PAÇA PANTOLON,799.99
İSPANYOL PAÇA HAMİLE ALTI,799.99
STRAIGHT FIT PANTOLON,799.99
STRAIGHT FIT DÜZ PAÇA PANTOLON,799.99
ÇİZGİLİ PİJAMA TAKIMI,799.99
STRAIGHT WIDE PANTOLON,799.99
REGULAR FIT,799.99
FITTED BÜRÜMCÜK,479.99
TRİKO KAZAK,799.99
REGULAR FIT ALT,559.99
%100 PAMUK %100 PAMUK LOOSE FIT ÇİZGİLİ SWEATSHİRT,799.99
FITTED TÜL UZUN KOLLU TİŞÖRT,399.99
OVERSIZE BASIC TİŞÖRT,399.99
STANDART FIT RİBANA ATLET,399.99
KADIN KOLYE,399.99
PENYE KISA KOLLU TİŞÖRT,399.99
OVERSIZE KISA KOLLU TİŞÖRT,399.99
OVERSIZE BASIC PENYE TİŞÖRT,399.99
KADIN 3'LÜ KOLYE,399.99
SLIM FIT TEK OMUZLU RİBANA TİŞÖRT,399.99
RELAX FIT KISA KOLLU TİŞÖRT,399.99
KADIN ÇİÇEKLİ TESETTÜR ŞAL,399.99
KADIN PAMUKLU BUCKET ŞAPKA,399.99
PAMUKLU KAPLI PEDLİ BALENSİZ BRA,399.99
KADIN JAKARLI TESETTÜR ŞAL,399.99
SLIM FIT FİTİLLİ KAŞKORSE ATLET,399.99
SLIM FIT MODAL UZUN KOLLU TUNİK,399.99
3'LÜ SLİP KÜLOT,279.99
STANDART FIT KISA KOLLU TİŞÖRT,399.99
KADIN JAKARLI TESETTÜR ŞAL,399.99
KADIN 2'Lİ KOLYE,399.99
KISA KOLLU TİŞÖRT,399.99
REGULAR FIT KISA KOLLU TİŞÖRT,399.99
KADIN KOLYE,399.99
KADIN OVAL TOKA SUNİ DERİ KLASİK KEMER,399.99
SLIM FIT NAKIŞLI FİTİLLİ KAŞKORSE TİŞÖRT,399.99
ÇIKARILABİLİR KAP ÇIKARILABİLİR PEDLİ BRALET,399.99
KADIN ETİKET BASKILI DOKUMA CAP ŞAPKA,399.99
KADIN PUANTİYELİ ŞAL,399.99
KADIN DİKDÖRTGEN TOKA SUNİ DERİ GÜNLÜK KEMER,399.99
OVERSIZE BASIC PENYE TİŞÖRT,399.99
3'LÜ SLİP KÜLOT,279.99
KADIN ÇİÇEKLİ TESETTÜR ŞAL,399.99
PAMUKLU KAPLI PEDLİ BALENSİZ BRA,399.99
KADIN SUNİ DERİ CÜZDAN,399.99
KADIN BİLEKLİK,399.99
3'LÜ,279.99
3'LÜ,399.99
SLIM FIT BASIC YUVARLAK YAKA ATLET,249.99
KISA KOLLU TİŞÖRT,249.99
KADIN KARTLIK,149.99
WIDE LEG BÜRÜMCÜK PANTOLON,699.99
%100 PAMUK LOOSE FIT TUNİK,699.99
STANDART FIT POLO YAKA SPORCU TİŞÖRT,699.99
REGULAR FIT BASIC YUMUŞAK TRİKO KAZAK,489.99
OVERSIZE POLO YAKA BASKILI TİŞÖRT,699.99
SLIM FIT RİBANA UZUN KOLLU TİŞÖRT,699.99
LOOSE FIT DESENLİ GÖMLEK TUNİK,699.99
BALLOON FIT KISA KOLLU TİŞÖRT,699.99
SLIM FIT RİBANA UZUN KOLLU TİŞÖRT,419.99
FITTED BENGALİN,699.99
OVERSIZE TÜL KISA KOLLU TİŞÖRT,699.99
STRAIGHT WIDE SÜET PANTOLON,699.99
SELANİK KUMAŞ ELBİSE,699.99
STANDART FIT POLO YAKA SPORCU TİŞÖRT,699.99
A KESİM ETEK,419.99
SLIM FIT FİTİLLİ KAŞKORSE ÇİZGİLİ POLO TİŞÖRT,699.99
UZUN KOLLU TİŞÖRT,699.99
STRAIGHT FIT BÜRÜMCÜK PANTOLON,699.99
REGULAR FIT BASIC YUMUŞAK TRİKO KAZAK,489.99
SLIM FIT KISA KOLLU POLO TİŞÖRT,699.99
OVERSIZE KISA KOLLU TİŞÖRT,699.99
SLIM FIT BİSİKLET YAKA ATLET,699.99
AIRTECH FLARE FİT TOPARLAYICI YÜKSEK BEL İSPANYOL PAÇA SOFT TOUCH SPORCU PANTOLON,699.99
LOOSE FIT UZUN KOLLU TİŞÖRT,419.99
KISA KOLLU TİŞÖRT,349.99
REGULAR FIT KISA KOLLU TİŞÖRT,349.99
SLIM FIT RİBANA KISA KOLLU TİŞÖRT,349.99
SLIM FIT YARIM BALIKÇI YAKA FİTİLLİ KAŞKORSE TUNİK,349.99
REGULAR FIT BASKILI RİBANA TİŞÖRT,349.99
KADIN KANVAS CAP ŞAPKA,349.99
REGULAR FIT BASKILI RİBANA TİŞÖRT,349.99
KADIN 2'Lİ BİLEKLİK,349.99
SLIM FIT YARIM BALIKÇI YAKA TİŞÖRT,599.99
SLIM FIT PİKE KISA KOLLU POLO TİŞÖRT,599.99
KADIN FLORAL - GOURMAND 100 ML PARFÜM,599.99
REGULAR FIT BASIC PREMIUM TİŞÖRT,599.99
KAYIK YAKA TRİKO KAZAK,599.99
SLIM FIT AKSESUAR DETAYLI RİBANA TİŞÖRT,599.99
İSPANYOL PAÇA HAMİLE ALTI,599.99
SLIM FIT KAYIK YAKA RİBANA TİŞÖRT,599.99
NBA WORDMARK OVERSIZE SIRT BASKILI TİŞÖRT,599.99
KADIN GOURMAND - FRUİTY 100 ML PARFÜM,599.99
STANDART FIT RİBANA PEDLİ SPORCU ATLET,599.99
REGULAR FIT TAŞ BASKILI TİŞÖRT,599.99
FITTED RİBANA UZUN KOLLU TİŞÖRT,419.99
REGULAR FIT GOFRE DOKULU PANTOLON,599.99
STRAIGHT FIT BÜRÜMCÜK PANTOLON,599.99
UZUN KOLLU TİŞÖRT,599.99
TEK OMUZLU KALIN SWEATSHİRT,599.99
WIDE LEG BÜRÜMCÜK PANTOLON,599.99
REGULAR FIT HAMİLE ALTI,599.99
BİSİKLET YAKA SPORCU SÜTYENİ,599.99
FITTED RİBANA UZUN KOLLU TİŞÖRT,599.99
RELAX FIT PENYE KISA KOLLU TİŞÖRT,599.99
FITTED RİBANA KISA KOLLU TİŞÖRT,599.99
BİSİKLET YAKA SPORCU SÜTYENİ,599.99
KAPLI YARIM DOLGULU TİŞÖRT BRA,599.99
OVERSIZE SPORCU MODAL TİŞÖRT,599.99
REGULAR FIT FLANEL ALT,599.99
KAPLI PUSH UP BÜYÜK BEDEN SÜTYEN,599.99
STRAIGHT FIT BÜRÜMCÜK PANTOLON,599.99
SLIM FIT KISA KOLLU TİŞÖRT,599.99
KARE YAKA BODYSUİT,599.99
STRAIGHT FIT BÜRÜMCÜK PANTOLON,599.99
KAPLI YARIM DOLGULU STRAPLEZ SÜTYEN,599.99
KADIN VANİLLA - FLORAL 100 ML PARFÜM,599.99
KAPLI PUSH UP BÜYÜK BEDEN SÜTYEN,599.99
WIDE LEG PANTOLON,419.99
KADIN ŞAL,599.99
KAPLI YARIM DOLGULU STRAPLEZ SÜTYEN,599.99
KADIN 2'Lİ KÜPE,299.99
KADIN OVAL TOKA SUNİ DERİ GÜNLÜK KEMER,299.99
KADIN DESENLİ PAMUKLU BANDANA,299.99
5'Lİ PAMUKLU PATİK ÇORAP,299.99
DANTEL SLİP KÜLOT,299.99
BRİEF,299.99
KADIN OVAL TOKA SUNİ DERİ GÜNLÜK KEMER,299.99
CROP TOP ATLET,299.99
BASKILI KISA KOLLU TİŞÖRT,299.99
REGULAR FIT ATLET,299.99
KADIN ETNİK DESENLİ FULAR,299.99
KADIN 3'LÜ BİLEKLİK,299.99
REGULAR FIT ATLET,299.99
KADIN KÜPE,299.99
KADIN KÜPE,299.99
KADIN 2'Lİ KÜPE,299.99
7'Lİ PATİK ÇORAP,299.99
KADIN 9'LU YÜZÜK,299.99
KADIN 2'Lİ KÜPE,299.99
KADIN DESENLİ PAMUKLU BANDANA,299.99
CROP TOP ATLET,299.99
KADIN DESENLİ FULAR,299.99
KADIN DESENLİ FULAR,299.99
KADIN SUNİ DERİ GÜNLÜK KEMER,299.99
KADIN 2'Lİ KOLYE,299.99
7'Lİ PATİK ÇORAP,299.99
KADIN DESENLİ SATEN FULAR,299.99
5'Lİ PAMUKLU UZUN ÇORAP,299.99
KADIN KÜPE,299.99
REGULAR FIT ATLET,299.99
REGULAR FIT ATLET,299.99
KADIN GOURMAND - FRUİTY 90 ML VÜCUT SPREYİ,299.99
KADIN 2'Lİ KOLYE,299.99
KADIN 10'LU SAÇ AKSESUARI,149.99
RELAX FIT UZUN KOLLU TİŞÖRT,499.99
OVERSIZE BASKILI TİŞÖRT,499.99
KADIN ÖRME BUCKET ŞAPKA,499.99
KUŞAKLI UZUN KOLLU TİŞÖRT,499.99
SLIM FIT RİBANA TİŞÖRT,499.99
SOFTSHELL ÇİZGİLİ ASKILI GECELİK,499.99
SLIM FIT DANTEL KISA KOLLU TİŞÖRT,499.99
OVERSIZE KISA KOLLU TİŞÖRT,499.99
REGULAR FIT İŞLEMELİ PENYE TİŞÖRT,499.99
YÜKSEK BEL TAYT,499.99
KADIN ÖRME BUCKET ŞAPKA,499.99
KAPLI PEDLİ TİŞÖRT BRA,499.99
ÇİZGİLİ ŞORT PİJAMA ALTI,499.99
KADIN SUNİ DERİ CÜZDAN,499.99
FITTED BASKILI RİBANA TİŞÖRT,499.99
NAKIŞLI PENYE TİŞÖRT,499.99
MİCRO 3'LÜ,499.99
KAPLI PEDSİZ TİŞÖRT BRA,499.99
KADIN KOLYE,499.99
KADIN KOLYE,499.99
KAPLI PEDSİZ TİŞÖRT BRA,499.99
KADIN KOLYE,499.99
KADIN KOLYE,499.99
KADIN SUNİ DERİ CÜZDAN,499.99
SLIM FIT FİTİLLİ KAŞKORSE ATLET,499.99
SLIM FIT RİBANA KISA KOLLU TİŞÖRT,499.99
KAPLI PEDLİ SEAMLES BRA,499.99
SATEN DANTELLİ ÜST,499.99
KADIN SUNİ DERİ CÜZDAN,499.99
DANTEL DETAYLI KAPLI YARIM DOLGULU BALENLİ STRAPLEZ SÜTYEN,499.99
SLIM FIT RİBANA KISA KOLLU TİŞÖRT,499.99
KADIN CİTY OF CALİFORNİA CUTE BEAR 50 ML PARFÜM,499.99
KAPLI YARIM DOLGULU STRAPLEZ SÜTYEN,499.99
SATEN ÜST,499.99
REGULAR FIT KISA KOLLU TİŞÖRT,499.99
KADIN NAKIŞLI BANDANA,499.99
KADIN KOLYE,499.99
REGULAR FIT ÇİZGİLİ RİBANA TİŞÖRT,499.99
OVERSIZE KISA KOLLU TİŞÖRT,499.99
UZUN KOLLU TİŞÖRT,499.99
BAĞLAMALI UZUN KOLLU ÜST,499.99
OVERSIZE KISA KOLLU TİŞÖRT,499.99
KADIN SUNİ DERİ CÜZDAN,499.99
SLIM FIT BASIC RİBANA TİŞÖRT,499.99
KAPLI PEDLİ TİŞÖRT BRA,499.99
FITTED RİBANA KISA KOLLU TİŞÖRT,499.99
KADIN TRİKO BUCKET ŞAPKA,499.99
KADIN PAMUKLU CAP ŞAPKA,499.99
STANDART FIT PAMUKLU KISA KOLLU TİŞÖRT,499.99
İSPANYOL PAÇA TAYT PANTOLON,499.99
KAPLI DOLGULU BRALET,499.99
REGULAR FIT RİBANA KISA KOLLU TİŞÖRT,499.99
UZUN KOLLU HAMİLE ÜSTÜ,499.99
KAPLI PEDLİ TİŞÖRT BRA,499.99
RİBANA ATLET,499.99
SLIM FIT PAMUKLU KISA KOLLU TİŞÖRT,499.99
NBA BOSTON CELTICS SLIM FIT TİŞÖRT,499.99
SLIM FIT UZUN KOLLU TİŞÖRT,499.99
ÇIKARILABİLİR KAP PEDSİZ BALENSİZ SEAMLES BRA,499.99
REGULAR FİT BÜRÜMCÜK TİŞÖRT,499.99
KAPLI PEDLİ TİŞÖRT BRA,499.99
SLIM FIT BASIC RİBANA TİŞÖRT,499.99
RELAX FIT V YAKA UZUN KOLLU TİŞÖRT,499.99
KAPLI PEDLİ TİŞÖRT BRA,499.99
YÜKSEK BEL TAYT,499.99
SLIM FIT BASIC MODAL TİŞÖRT,299.99
MİCRO,149.99
KADIN 2'Lİ KÜPE,249.99
KADIN KÜPE,249.99
KADIN SAÇ TOKASI,249.99
KADIN 2'Lİ SAÇ AKSESUARI,249.99
KISA KOLLU TİŞÖRT,449.99
KADIN 6'LI SAÇ AKSESUARI,149.99
OVERSIZE BASKILI TİŞÖRT,399.99
KADIN JAKARLI TESETTÜR ŞAL,399.99
KADIN DİKDÖRTGEN TOKA SUNİ DERİ GÜNLÜK KEMER,399.99
7'Lİ PAMUKLU PATİK ÇORAP,399.99
FITTED MODAL KISA KOLLU TİŞÖRT,399.99
MİCRO 2'Lİ,279.99
KADIN 2'Lİ KOLYE,399.99
KADIN 12'Lİ KÜPE,399.99
PAMUKLU ATLET,399.99
KADIN KOLYE,399.99
KADIN TESETTÜR ŞAL,399.99
KADIN SATEN ŞAL,399.99
RİBANA 3'LÜ BRİEF,399.99
KADIN 2'Lİ KOLYE,399.99
REGULAR FIT KISA KOLLU TİŞÖRT,399.99
KADIN 3'LÜ KOLYE,399.99
RİBANA 3'LÜ,399.99
KADIN 3'LÜ KOLYE,399.99
KADIN BİLEKLİK,399.99
KADIN 2'Lİ KOLYE,399.99
KADIN 2'Lİ KOLYE,399.99
KADIN KOLYE,399.99
MİCRO 3'LÜ BRAZİLİAN KÜLOT,399.99
SLIM FIT RİBANA ATLET,399.99
SLIM FIT FİTİLLİ KAŞKORSE TİŞÖRT,399.99
KADIN PAMUKLU CAP ŞAPKA,399.99
KISA KOLLU TİŞÖRT,399.99
BİSİKLET YAKA UZUN KOLLU ÜST,399.99
KADIN ATKI,399.99
KADIN TESETTÜR ŞAL,399.99
MİCRO 2'Lİ SLİP KÜLOT,279.99
KADIN DİKDÖRTGEN TOKA SUNİ DERİ 2'Lİ KLASİK KEMER,399.99
DANTEL DETAYLI 3'LÜ KÜLOT,399.99
KISA KOLLU TİŞÖRT,399.99
KADIN DİKDÖRTGEN TOKA SUNİ DERİ GÜNLÜK KEMER,399.99
KADIN 3'LÜ SAÇ AKSESUARI,399.99
KADIN DESENLİ ŞAL,399.99
REGULAR FIT BASIC TİŞÖRT,399.99
FITTED MODAL KISA KOLLU TİŞÖRT,399.99
KADIN NAKIŞLI KADİFE CAP ŞAPKA,399.99
KADIN PAMUKLU BUCKET ŞAPKA,399.99
KADIN ÇİÇEKLİ TESETTÜR ŞAL,399.99
RELAX FIT DESENLİ PENYE TİŞÖRT,399.99
SLIM FIT FİTİLLİ KAŞKORSE UZUN KOLLU TUNİK,399.99
3'LÜ,399.99
PAMUKLU KAPLI PEDLİ BALENSİZ BRA,399.99
SLIM FIT TEK OMUZLU RİBANA TİŞÖRT,399.99
RİBANA 3'LÜ,199.99
3'LÜ SLİP KÜLOT,399.99
REGULAR FIT ATLET,399.99
KISA KOLLU TİŞÖRT,399.99
SLIM FIT PAMUKLU TUNİK,399.99
KISA KOLLU ÜST,399.99
KADIN ATKI,399.99
KISA KOLLU TİŞÖRT,399.99
REGULAR FIT ATLET,399.99
KADIN 12'Lİ KÜPE,399.99
İŞLEMELİ KISA KOLLU TİŞÖRT,399.99
KADIN SAÇ TOKASI,199.99
KADIN 2'Lİ MARTENİÇKA BİLEKLİK,199.99
3'LÜ BAMBU PATİK ÇORAP,199.99
KADIN KANVAS CAP ŞAPKA,349.99
KADIN PAMUKLU CAP ŞAPKA,349.99
REGULAR FIT KISA KOLLU TİŞÖRT,349.99
REGULAR FIT BASKILI RİBANA TİŞÖRT,349.99
REGULAR FIT BASKILI TİŞÖRT,349.99
REGULAR FIT RİBANA ATLET,349.99
5'Lİ PAMUKLU UZUN ÇORAP,349.99
KADIN KANVAS CAP ŞAPKA,349.99
KADIN KANVAS CAP ŞAPKA,349.99
SLIM FIT YARIM BALIKÇI YAKA FİTİLLİ KAŞKORSE TUNİK,349.99
KISA KOLLU HAMİLE ÜSTÜ,349.99
REGULAR FIT RİBANA KISA KOLLU TİŞÖRT,349.99
SLIM FIT RİBANA KISA KOLLU TİŞÖRT,349.99
KADIN NAKIŞ PAMUKLU CAP ŞAPKA,349.99
KADIN 2'Lİ BİLEKLİK,299.99
KADIN 4'LÜ KÜPE,299.99
RİBANA ATLET,299.99
5'Lİ PAMUKLU PATİK ÇORAP,299.99
RELAX FIT KISA KOLLU TİŞÖRT,299.99
KADIN KÜPE,299.99
SARJ KABLOLU TELEFON ASKISI,299.99
KISA KOLLU TİŞÖRT,299.99
5'Lİ PAMUKLU PATİK ÇORAP,299.99
KADIN DESENLİ SATEN FULAR,299.99
KADIN SAÇ AKSESUARI,299.99
FITTED BASIC TİŞÖRT,299.99
RİBANA ATLET,299.99
REGULAR FIT PENYE KISA KOLLU TİŞÖRT,299.99
KADIN DİKDÖRTGEN TOKA SUNİ DERİ GÜNLÜK KEMER,299.99
ÇİÇEKLİ ATLET,299.99
KADIN BOZUK PARA ÇANTASI,299.99
KADIN 8'Lİ YÜZÜK,299.99
KADIN 6'LI YÜZÜK,299.99
DANTEL BRAZİLİAN KÜLOT,299.99
KADIN 5'Lİ BİLEKLİK,299.99
KADIN KÜPE,299.99
5'Lİ PAMUKLU PATİK ÇORAP,299.99
KADIN BİLEKLİK,299.99
KADIN KÜPE,299.99
KADIN KÜPE,299.99
KADIN BİLEKLİK,299.99
5'Lİ PAMUKLU PATİK ÇORAP,299.99
KADIN KÜPE,299.99
KADIN 3'LÜ KÜPE,299.99
5'Lİ UZUN ÇORAP,299.99
KADIN OVAL TOKA SUNİ DERİ GÜNLÜK KEMER,299.99
KADIN 2'Lİ KOLYE,299.99
KADIN 8'Lİ YÜZÜK,299.99
5'Lİ PAMUKLU PATİK ÇORAP,299.99
KADIN GÖZ DETAYLI ŞAHMERAN,299.99
5'Lİ PAMUKLU SOKET ÇORAP,299.99
KADIN BİLEKLİK,299.99
5'Lİ PAMUKLU PATİK ÇORAP,299.99
KADIN DESENLİ PAMUKLU BANDANA,299.99
KADIN SUNİ DERİ GÜNLÜK KEMER,299.99
REGULAR FIT ATLET,299.99
KADIN KOLYE,299.99
KADIN 2'Lİ KÜPE,299.99
5'Lİ PAMUKLU SNEAKER ÇORAP,299.99
KADIN KÜPE,299.99
KADIN 5'Lİ PAMUKLU PATİK ÇORAP,299.99
5'Lİ PAMUKLU SNEAKER ÇORAP,299.99
KADIN KÜPE,299.99
KADIN DESENLİ SATEN ŞAL,299.99
KADIN 2'Lİ BİLEKLİK,299.99
KADIN KÜPE,299.99
KADIN BOZUK PARA ÇANTASI,299.99
FITTED FİTİLLİ KAŞKORSE ATLET,299.99
MİCRO BRAZİLİAN KÜLOT,299.99
KADIN 2'Lİ KÜPE,299.99
5'Lİ PAMUKLU SNEAKER ÇORAP,299.99
HİPSTER KÜLOT,299.99
KADIN DESENLİ SATEN FULAR,299.99
KADIN DESENLİ FULAR,299.99
KADIN OVAL TOKA SUNİ DERİ GÜNLÜK KEMER,299.99
FITTED FİTİLLİ KAŞKORSE KISA KOLLU TİŞÖRT,299.99
KADIN BOZUK PARA ÇANTASI,299.99
KADIN GOURMAND - FRUİTY 90 ML VÜCUT SPREYİ,299.99
KADIN OVAL TOKA SUNİ DERİ GÜNLÜK KEMER,299.99
KADIN DESENLİ PAMUKLU BANDANA,299.99
DANTEL DETAYLI PAMUKLU TANGA,299.99
KADIN 2'Lİ KOLYE,299.99
KADIN OVAL TOKA SUNİ DERİ GÜNLÜK KEMER,299.99
FITTED RİBANA TİŞÖRT,299.99
KADIN 3'LÜ YÜZÜK,299.99
2'Lİ PAMUKLU UZUN ÇORAP,149.99
2'Lİ PAMUKLU UZUN ÇORAP,149.99
KADIN SAÇ AKSESUARI,249.99
KADIN KÜPE,249.99
KADIN 3'LÜ YÜZÜK,249.99
KADIN 6'LI YÜZÜK,249.99
KADIN KÜPE,249.99
KADIN KÜPE,249.99
KADIN 3'LÜ KÜPE,249.99
KADIN KÜPE,249.99
SLIM FIT BASIC YUVARLAK YAKA ATLET,249.99
KADIN 8'Lİ YÜZÜK,249.99
KADIN 2'Lİ SAÇ AKSESUARI,249.99
KADIN KÜPE,249.99
KADIN 8'Lİ YÜZÜK,249.99
3'LÜ PAMUKLU UZUN ÇORAP,249.99
KADIN KÜPE,249.99
KADIN 2'Lİ MARTENİÇKA BİLEKLİK,199.99
KADIN KARTLIK,199.99
PAMUKLU BRİEF HAMİLE KÜLODU,199.99
3'LÜ PAMUKLU PATİK ÇORAP,199.99
KADIN KÜPE,199.99
KADIN 2'Lİ MARTENİÇKA BİLEKLİK,199.99
KADIN CÜZDAN,199.99
3'LÜ BAMBU PATİK ÇORAP,199.99
KADIN 2'Lİ PAMUKLU TOZLUK,199.99
KADIN BOZUK PARA ÇANTASI,199.99
KADIN KARTLIK,199.99
KADIN KARTLIK,199.99
KADIN KARTLIK,149.99
KADIN KARTLIK,149.99
KADIN 20'Lİ SAÇ AKSESUARI,149.99
KADIN KARTLIK,149.99
KADIN 20'Lİ SAÇ AKSESUARI,149.99
2'Lİ PAMUKLU UZUN ÇORAP,149.99
KADIN KARTLIK,149.99
KADIN SUNİ DERİ JEAN KEMERİ,299.99
RELAX FIT,999.99
CROPPED FIT GÖMLEK,999.99
STRAİGHT FİT YÜKSEK BEL ÇAPRAZ DOKUMA PANTOLON,779.99
SLIM FIT V YAKA RİBANA TİŞÖRT,499.99
KADIN SUNİ DERİ CÜZDAN,499.99
KADIN SUNİ DERİ CÜZDAN,499.99
RİBANA ATLET,299.99
ATLET,299.99
KRİNKIL KUMAŞ MAXİ ELBİSE,1019.99
YÜKSEK BEL CARROT FIT PANTOLON,899.99
KAPLI PEDLİ TİŞÖRT BRA,499.99
RELAX FIT GÜNLÜK,1299.99
WIDE LEG BELİ LASTİKLİ KETEN KARIŞIMLI PANTOLON,999.99
KADIN DESENLİ ŞAL,599.99
KADIN 2'Lİ KOLYE,299.99
SLIM FIT PİKE KISA KOLLU POLO TİŞÖRT,599.99
%100 PAMUK STRAIGHT FIT YÜKSEK BEL JEAN PANTOLON,999.99
PUANTİYELİ SATEN PİJAMA TAKIMI ÜST ŞORT,1039.99
REGULAR FIT PAMUKLU ATLET,299.99
FITTED KISA KOLLU TİŞÖRT,699.99
KADIN DİKDÖRTGEN TOKA SUNİ DERİ GÜNLÜK KEMER,299.99
SPOR VE SEYAHAT ÇANTASI,1499.99
OVERSHIRT FIT MODAL GÖMLEK,999.99
ATKILI TRİKO KAZAK,839.99
AKSESUAR DETAYLI BÜRÜMCÜK TİŞÖRT,599.99
KADIN DESENLİ 5'Lİ PAMUKLU PATİK ÇORAP,299.99
KADIN,499.99
KADIN JAKARLI TESETTÜR ŞAL,399.99
SLIM FIT NAKIŞLI FİTİLLİ KAŞKORSE TİŞÖRT,399.99
BİODANCE COLLAGEN MASK TO FOAM YÜZ TEMİZLEME KÖPÜĞÜ 150 ML,999.99
KISA KOLLU TİŞÖRT,349.99
KADIN DİKDÖRTGEN TOKA SUNİ DERİ GÜNLÜK KEMER,299.99
SLIM FIT,1049.99
KETEN KARIŞIMLI UZUN KOLLU TUNİK,1299.99
KADIN SUNİ DERİ CÜZDAN,499.99
KADIN 2'Lİ MARTENİÇKA BİLEKLİK,199.99
KADIN SUNİ DERİ CÜZDAN,499.99
ATKILI TRİKO HIRKA,1199.99
KADIN ÇİZGİLİ SATEN FULAR,299.99
KADIN 2'Lİ BİLEKLİK,399.99
SLIM FIT RİBANA ATLET,499.99
OMUZ ÇANTASI,1299.99
KADIN 2'Lİ KOLYE,299.99
BASIC TRİKO KAZAK,699.99
KADIN DESENLİ ŞAL,399.99
KADIN 3'LÜ KOLYE,399.99
KADIN 2'Lİ BİLEKLİK,249.99
KADIN SAÇ AKSESUARI,299.99
KADIN DESENLİ PAMUKLU BANDANA,299.99
MEDİTHERAPY SHUMAGE GOLD SEAL WRAPPİNG MASK ELASTİKİYET VE SIKILIK KORUYUCU KIRIŞIKLIK ÖNLEYİCİ ALTIN İPLİKLİ MASKE,2199.99
KADIN BOZUK PARA ÇANTASI,299.99
ROUND LAB - 1025 DOKDO DENİZ SULU VE SERAMİDLİ TEMİZLEYİCİ KÖPÜK 150ML,899.99
ELBİSE,1599.99
RELAX FIT KALIN SWEATSHİRT KUMAŞI GÜNLÜK,799.99
5'Lİ PAMUKLU SNEAKER ÇORAP,299.99
LOOSE FIT UZUN KOLLU TUNİK,999.99
KADIN NAKIŞLI BANDANA,499.99
KADIN CÜZDAN,199.99
RİBANA 5'Lİ BRİEF,599.99
5'Lİ PAMUKLU PATİK ÇORAP,299.99
5'Lİ PAMUKLU PATİK ÇORAP,299.99
KADIN KARTLIK,199.99
KADIN GÜNEŞ GÖZLÜĞÜ,999.99
KISA KOLLU TİŞÖRT,349.99
KADIN SERUM SIKILAŞTIRICI,1299.99
STRAIGHT WIDE PANTOLON,999.99
%100 PAMUK SLİM FIT RİBANA TİŞÖRT,599.99
EQQUALBERRY - BAKUCHİOL PLUMPİNG KIRIŞIKLIK VE GENİŞ GÖZENEK ÖNLEYİCİ 13 ÇEŞİT PEPTİTLİ BAKUCHİOL SERUM 30ML,1499.99
STANDART FIT KISA KOLLU TİŞÖRT,399.99
OMUZ ÇANTASI,1499.99
REGULAR FIT,629.99
KADIN KÜPE,249.99
UZUN KOLLU TİŞÖRT,599.99
SLIM FIT RİBANA KISA KOLLU TİŞÖRT,599.99
SLIM FIT RİBANA TİŞÖRT,499.99
KADIN GÜNEŞ GÖZLÜĞÜ,1299.99
BİSİKLET YAKA TRİKO KAZAK,999.99
KADIN NAKIŞLI BANDANA,499.99
KADIN GÜNEŞ GÖZLÜĞÜ,799.99
REGULAR FIT PAMUKLU ATLET,299.99
MİZON COLLAGEN POWER LİFTİNG TONER NEMLENDİRİCİ CİLT TONİĞİ 120 ML,1399.99
SLIM FIT TEK OMUZLU RİBANA TİŞÖRT,399.99
KADIN ÇİZGİLİ SATEN FULAR,299.99
REGULAR FIT TRİKO,719.99
FİTİLLİ KAŞKORSE BASIC TİŞÖRT,399.99
RİBANA ATLET,299.99
3'LÜ PAMUKLU UZUN ÇORAP,249.99
WIDE LEG PANTOLON,999.99
STANDART FIT SPORCU ATLET,399.99
AJURLU KISA KOLLU HIRKA,629.99
KISA KOLLU TİŞÖRT,449.99
KADIN KÜPE,249.99
KADIN SUNİ DERİ CÜZDAN,499.99
FITTED DANTEL UZUN KOLLU BLUZ,999.99
REGULAR FIT,799.99
KADIN,499.99
KADIN 20'Lİ SAÇ AKSESUARI,149.99
STANDART FIT MODAL ŞORT,699.99
OMUZ ÇANTASI,1299.99
SLIM FIT BÜRÜMCÜK KISA KOLLU TİŞÖRT,499.99
KADIN 2'Lİ PAMUKLU BAKLAVA DESENLİ ÇORAP,149.99
A KESİM ETEK,899.99
REGULAR FIT POPLİN UZUN KOLLU TUNİK,699.99
STRAIGHT FIT BÜRÜMCÜK PANTOLON,699.99
KADIN 2'Lİ KOLYE,399.99
REGULAR FIT PANTOLON,799.99
FITTED TRİKO,699.99
KADIN 2'Lİ KÜPE,299.99
KADIN GÜNEŞ GÖZLÜĞÜ,1299.99
REGULAR FIT TRİKO KAZAK,1609.99
KADIN 7'Lİ YÜZÜK,299.99
FITTED BASKILI RİBANA TİŞÖRT,499.99
KADIN 3'LÜ SAÇ AKSESUARI,249.99
KADIN KOLYE,399.99
STRAIGHT WIDE PANTOLON,899.99
KADIN PAMUKLU CAP ŞAPKA,399.99
YÜKSEK BEL TAYT,799.99
KADIN 2'Lİ KÜPE,299.99
SLIM FIT KISA KOLLU TİŞÖRT,599.99
KADIN BOZUK PARA ÇANTASI,299.99
REGULAR FIT KAZAK,719.99
KADIN ŞAL,599.99
FITTED BASKILI TİŞÖRT,699.99
KADIN KÜPE,249.99
JOGGER FIT BASIC EŞOFMAN ALTI,499.99
SLIM FIT ATLET,499.99
KADIN 3'LÜ SAÇ AKSESUARI,399.99
KADIN LUNA SHADOW VÜCUT SPREYİ,299.99
WIDE LEG PANTOLON,999.99
EQQUALBERRY VİTAMİN ILLUMİNATİNG SERUM KOYU LEKE ÖNLEYİCİ VE PARLATICI ASEROLALI C VİTAMİNİ SERUMU,1299.99
EL ÇANTASI,1499.99
MEDİTHERAPY HYALURONİC ACİD FİRST SKİN BOOSTER NEMLENDİRİCİ CİLT SERUMU,1799.99
KADIN SUNİ DERİ CÜZDAN,499.99
BİODANCE HYDRO CERA-NOL YATIŞTIRICI VE NEMLENDİRİCİ SERUM 30 ML,1799.99
FITTED BİSİKLET YAKA YELEK,1299.99
KADIN SUNİ DERİ CÜZDAN,399.99
KADIN SİYAH SALLANTILI KÜPE,399.99
FITTED UZUN KOLLU TİŞÖRT,399.99
KADIN SUNİ DERİ CÜZDAN,499.99
KADIN DESENLİ SATEN FULAR,299.99
SLIM FIT BASIC MODAL TİŞÖRT,419.99
WIDE LEG PANTOLON,1099.99
KADIN 8'Lİ YÜZÜK,299.99
A KESİM MİDİ ETEK,999.99
KADIN 3'LÜ SAÇ AKSESUARI,399.99
KADIN GÜNEŞ GÖZLÜĞÜ,1299.99
OVERSIZE BİSİKLET YAKA YELEK,769.99
REGULAR FIT UZUN KOLLU TUNİK,899.99
BİODANCE REAL DEEP MASK * HYDRO CERA-NOL KIZARIKLIK KARŞITI 5 ÇEŞİT SERAMİDLİ ŞEFFAFLAŞAN MASKE,399.99
WIDE LEG PANTOLON,1999.99
5'Lİ PAMUKLU PATİK ÇORAP,299.99
KADIN KARTLIK,299.99
KADIN SUNİ DERİ CÜZDAN,399.99
KADIN GÜNEŞ GÖZLÜĞÜ,1299.99
KADIN 12'Lİ KÜPE,399.99
WIDE LEG BELİ LASTİKLİ KETEN KARIŞIMLI PANTOLON,999.99
KADIN ATKI,399.99
NORMAL BEL STRAIGHT FIT PANTOLON,1099.99
KADIN DESENLİ ŞAL,599.99
KADIN SUNİ DERİ CÜZDAN,499.99
SLIM FIT RİBANA ATLET,499.99
REGULAR FIT V YAKA BLAZER CEKET,2299.99
RİBANA 3'LÜ,399.99
KADIN DİKDÖRTGEN TOKA SUNİ DERİ GÜNLÜK KEMER,299.99
EQQUALBERRY ALOE PDRN CALMİNG TONER BARİYER DESTEKLEYİCİ KURULUK KAYNAKLI KIZARIKLIK VE STRES KARŞITI TONİK,1299.99
İSPANYOL PAÇA HAMİLE ALTI,599.99
OMUZ ÇANTASI,1299.99
ÇİZGİLİ KETEN KARIŞIMLI YELEK,1499.99
BELİ LASTİKLİ WIDE LEG PANTOLON,999.99
STRAIGHT FIT NORMAL BEL DÜZ PAÇA PANTOLON,1299.99
YÜKSEK BEL TAYT,799.99
BİODANCE SEA KELP GEL TONER YATIŞTIRICI TONİK PED 60 ADET,1499.99
ÇIKARILABİLİR PEDLİ BALENSİZ GÖRÜNMEZ SÜTYEN,599.99
WIDE LEG BELİ LASTİKLİ KETEN KARIŞIMLI PANTOLON,999.99
WIDE LEG PANTOLON,899.99
KAPLI PEDLİ SEAMLES BRA,499.99
RELAX FIT KISA KOLLU TİŞÖRT,399.99
KADIN SUNİ DERİ CÜZDAN,499.99
NAKIŞLI DANTEL DETAYLI TÜL TANGA,299.99
REGULAR FIT POPLİN UZUN KOLLU TUNİK,699.99
BASKILI KISA KOLLU TİŞÖRT,299.99
REGULAR FIT TRİKO KAZAK,899.99
KADIN 2'Lİ KÜPE,299.99
SİMLİ DANTEL BRAZİLİAN KÜLOT,299.99
PİKE ELBİSE,799.99
CARROT FIT YÜKSEK BEL PANTOLON,1299.99
RELAX FIT SÜET UZUN KOLLU BLUZ,539.99
WIDE LEG YÜKSEK BEL MÜSLİN PANTOLON,899.99
3'LÜ HİPSTER KÜLOT,399.99
ÇİÇEKLİ KISA KOLLU TİŞÖRT,249.99
OVERSIZE KAYIK YAKA KAZAK,839.99
KADIN KARTLIK,199.99
FITTED DANTEL MAXİ ELBİSE,1499.99
STANDART FIT KAPÜŞONLU MODAL SPORCU SWEATSHİRT,1039.99
KADIN SAÇ AKSESUARI,299.99
CULOTTE YÜKSEK BEL JEAN YIKAMALI PANTOLON,1299.99
KADIN 8'Lİ YÜZÜK,249.99
KADIN GÜNEŞ GÖZLÜĞÜ,799.99
MİCRO 3'LÜ,499.99
FITTED RİBANA ATLET,299.99
KADIN NAKIŞLI BANDANA,499.99
CROP TOP ATLET,299.99
SUNİ DERİ ÇAPRAZ ÇANTA,1299.99
KADIN,499.99
EL ÇANTASI,1999.99
KADIN ÇİÇEKLİ FULAR,299.99
REGULAR FIT PAMUKLU ATLET,299.99
KADIN,499.99
STANDART FIT PANTOLON,999.99
SLIM FIT RİBANA ATLET,399.99
REGULAR FIT,799.99
MONT,1799.99
POPLİN ELBİSE,1699.99
5'Lİ PAMUKLU UZUN ÇORAP,299.99
5'Lİ PAMUKLU SOKET ÇORAP,299.99
NORMAL BEL SİGARET PANTOLON,799.99
KADIN ÇİÇEKLİ TESETTÜR ŞAL,399.99
BODYSUİT,599.99
STANDART FIT ÇİFT CEPLİ JOGGER SPORCU PANTOLON,699.99
KADIN BAKLAVA DESENLİ ATKI,599.99
5'Lİ PAMUKLU PATİK ÇORAP,299.99
SLIM FIT FİTİLLİ KAŞKORSE ATLET,499.99
KADIN KÜPE,249.99
KADIN 2'Lİ KÜPE,299.99
%100 PAMUK KRİNKIL KUMAŞ TUNİK,1299.99
OMUZ ÇANTASI,1299.99
REGULAR FIT KAZAK,719.99
KAPLI PEDLİ TİŞÖRT BRA,499.99
KADIN KÖPÜK ARINDIRICI,799.99
KADIN 2'Lİ BİLEKLİK,399.99
ANUA - HEARTLEAF 77% CLEAR PAD (GÖZENEK VE SİYAH NOKTA KARŞITI ASİTLİ TONİK PED) 160ML,1499.99
JEAN ÇAPRAZ ÇANTA,1999.99
KAPLI YARIM DOLGULU TİŞÖRT BRA,599.99
FITTED POLO YAKA RİBANA TİŞÖRT,599.99
NORMAL BEL BİLEK BOY PANTOLON,999.99
"COSRX - AHA 7 WHİTEHEAD POWER LİQUİD (BEYAZ NOKTA, PÜRÜZ VE KOMEDON ÖNLEYİCİ %7 ASİTLİ TONİK) 100ML",1099.99
KADIN,499.99
KADIN KARTLIK,199.99
KADIN 4'LÜ KÜPE,299.99
KADIN OVAL TOKA SUNİ DERİ GÜNLÜK KEMER,299.99
EL ÇANTASI,1499.99
KADIN DİKDÖRTGEN TOKA SUNİ DERİ GÜNLÜK KEMER,299.99
KADIN BOZUK PARA ÇANTASI,299.99
KADIN 2'Lİ KÜPE,299.99
KADIN 2'Lİ BİLEKLİK,299.99
KADIN SUNİ DERİ CÜZDAN,499.99
CARROT FIT DÜZ PAÇA PANTOLON,699.99
KADIN 2'Lİ MARTENİÇKA BİLEKLİK,199.99
A KESİM MAXİ ETEK,1299.99
KADIN KARTLIK,199.99
7'Lİ SNEAKER ÇORAP,299.99
KADIN ŞAL DESENLİ ATKI,699.99
A KESİM ETEK,1499.99
SLIM FIT MODAL UZUN KOLLU TİŞÖRT,499.99
MEDİCUBE RED ERASİNG CREAM KIZARIKLIK KARŞITI NEMLENDİRİCİ KREM,999.99
KADIN KÜPE,249.99
NORMAL BEL SİGARET PANTOLON,799.99
BELİ LASTİKLİ WIDE LEG PANTOLON,999.99
KADIN BOZUK PARA ÇANTASI,299.99
RELAX FIT POPLİN UZUN KOLLU TUNİK,1299.99
ŞAL DETAYLI TRİKO HIRKA,1039.99
KADIN CÜZDAN,199.99
BASİC MAXİ ETEK,799.99
BİODANCE VİTA NİACİNAMİDE LEKE KARŞITI JEL PED 60 ADET,1499.99
REGULAR FIT AJURLU TRİKO YELEK,999.99
REGULAR FIT BRODE UZUN KOLLU TUNİK,1199.99
OVERSIZE TÜL KISA KOLLU TİŞÖRT,599.99
SLIM FIT UZUN KOLLU TUNİK,399.99
KADIN 2'Lİ SAÇ AKSESUARI,249.99
KADIN KREM GÜNEŞ KORUMA 50,799.99
SATEN 2'Lİ TAKIM,1039.99
MİZON SNAİL REPAİR YAŞLANMA KARŞITI ALTIN VE SALYANGOZ EKSTRELİ GÖZ MASKESİ 60 ADET,1299.99
FITTED FİTİLLİ KAŞKORSE ATLET,299.99
KADIN,499.99
KADIN KARTLIK,199.99
REGULAR FIT PAMUKLU ATLET,299.99
KADIN 2'Lİ BİLEKLİK,499.99
KADIN SUNİ KÜRK BUCKET ŞAPKA,599.99
RİBANA ATLET,299.99
KADIN SUNİ DERİ CÜZDAN,499.99
KADIN SUNİ DERİ CÜZDAN,499.99
KADIN 2'Lİ PAMUKLU TOZLUK,199.99
KADIN KARTLIK,199.99
KADIN KOLYE,399.99
2'Lİ SLİP KÜLOT,399.99
LEOPAR DESENLİ TRİKO HIRKA,909.99
BİODANCE RADİANT VİTA NİACİNAMİDE LEKE KARŞITI KUSURSUZLAŞTIRICI SERUM 30 ML,1799.99
KADIN 5'Lİ YÜZÜK,299.99
FLARE FIT PANTOLON,899.99
KADIN 2'Lİ KOLYE,399.99
KADIN KARTLIK,199.99
KADIN 2'Lİ BİLEKLİK,299.99
MLS OVERSIZE POLO YAKA TİŞÖRT,799.99
KADIN BOZUK PARA ÇANTASI,299.99
FITTED RİBANA KISA KOLLU TİŞÖRT,299.99
KADIN 2'Lİ MARTENİÇKA BİLEKLİK,199.99
KADIN SUNİ DERİ CÜZDAN,499.99
EQQUALBERRY NAD+ PEPTİDE BOOSTİNG TONER CANLILIK VE ENERJİ VERİCİ ELASTİKİYET KORUYUCU TONİK,1299.99
FITTED ŞAL YAKA BAKLAVA DESENLİ SÜVETER,719.99
KAPLI YARIM DOLGULU TİŞÖRT BRA,599.99
STANDART FIT JOGGER SPORCU PANTOLON,899.99
KADIN TRİKO BUCKET ŞAPKA,399.99
OVERSIZE TRİKO KAZAK,699.99
SLIM FIT FİTİLLİ KAŞKORSE UZUN KOLLU TİŞÖRT,279.99
%100 PAMUK OVERSIZE KARELİ POPLİN GÖMLEK,999.99
KAZAK,769.99
TELEFON ASKISI,299.99
KADIN ÇİÇEKLİ FULAR,299.99
KADIN KARTLIK,199.99
KADIN KÜPE,299.99
MİCRO 2'Lİ HİPSTER KÜLOT,399.99
STANDART FIT KISA KOLLU TİŞÖRT,499.99
WIDE LEG CEPLİ YÜKSEK BEL KETEN KARIŞIMLI PANTOLON,999.99
KADIN 2'Lİ BİLEKLİK,299.99
REGULAR FIT BASKILI TİŞÖRT,399.99
REGULAR FIT SATEN KISA KOLLU TUNİK,1499.99
DANTEL BRAZİLİAN KÜLOT,299.99
KADIN SUNİ DERİ JEAN KEMERİ,299.99
FLARE FIT RİBANA PANTOLON,799.99
KADIN 5'Lİ YÜZÜK,249.99
KADIN KARTLIK,199.99
3'LÜ PAMUKLU UZUN ÇORAP,199.99
REGULAR FIT UZUN KOLLU TUNİK,489.99
DANTEL DETAYLI KISA KOLLU HIRKA,999.99
KADIN 2'Lİ KOLYE,399.99
KADIN DİKDÖRTGEN TOKA SUNİ DERİ GÜNLÜK KEMER,299.99
UZUN KOLLU HAMİLE ÜSTÜ,499.99
KADIN SUNİ DERİ CÜZDAN,499.99
KADIN BOZUK PARA ÇANTASI,299.99
FITTED KISA KOLLU TİŞÖRT,299.99
OMUZ ÇANTASI,1299.99
UZUN KOLLU TİŞÖRT,599.99
KADIN 2'Lİ BİLEKLİK,349.99
STRAIGHT FIT MODAL SPORCU PANTOLON,1299.99
KADIN SUNİ KÜRK ATKI,999.99
KADIN 6'LI BİLEKLİK,299.99
FITTED YARIM BALIKÇI YAKA TİŞÖRT,419.99
WIDE LEG ÇİFT CEPLİ YÜKSEK BEL PANTOLON,999.99
STANDART FIT UZUN KOLLU TİŞÖRT,599.99
KADIN CHARM ANAHTARLIK,299.99
OMUZ ÇANTASI,1299.99
KADIN KÜPE,299.99
KADIN ŞAL,599.99
EL ÇANTASI,1999.99
GÖMLEK YAKA MAXİ ELBİSE,1299.99
MİCRO BRAZİLİAN KÜLOT,299.99
FITTED KISA KOLLU TİŞÖRT,399.99
KADIN 2'Lİ MARTENİÇKA BİLEKLİK,199.99
KADIN 3'LÜ KÜPE,249.99
KADIN KOLYE,299.99
KADIN 2'Lİ BİLEKLİK,399.99
RELAX FIT UZUN KOLLU TİŞÖRT,599.99
KADIN GÜNEŞ GÖZLÜĞÜ,799.99
KADIN 5'Lİ BİLEKLİK,299.99
REGULAR FIT TRİKO,899.99
KADIN 2'Lİ KOLYE,399.99
SLIM FIT BASIC FİTİLLİ KAŞKORSE ATLET,399.99
KADIN KÜPE,249.99
%100 PAMUK SLİM FIT RİBANA TİŞÖRT,599.99
BAĞLAMALI UZUN KOLLU TİŞÖRT,799.99
KADIN KÜPE,249.99
FULARLI BLAZER CEKET,2299.99
5'Lİ PAMUKLU UZUN ÇORAP,299.99
KADIN KARTLIK,149.99
SATEN BRAZİLİAN KÜLOT,299.99
KADIN,499.99
REGULAR FIT GOFRE DOKULU PANTOLON,599.99
KADIN OVAL TOKA SUNİ DERİ GÜNLÜK KEMER,299.99
A KESİM MİDİ ETEK,499.99
KADIN CÜZDAN,199.99
KADIN DİKDÖRTGEN TOKA SUNİ DERİ GÜNLÜK KEMER,299.99
BİODANCE REFRESHİNG SEA KELP YATIŞTIRICI SERUM 30 ML,1799.99
OVERSIZE KAZAK,769.99
FITTED FİTİLLİ KAŞKORSE KISA KOLLU TİŞÖRT,299.99
STANDART FIT PİKE ŞORT,699.99
KADIN 2'Lİ SAÇ AKSESUARI,249.99
KADIN 2'Lİ BİLEKLİK,349.99
%100 PAMUK OVERSIZE BRODE GÖMLEK,1099.99
KADIN 2'Lİ SAÇ AKSESUARI,249.99
KADIN 2'Lİ KÜPE,299.99
REGULAR FİT KISA KOLLU KAZAK,999.99
5'Lİ PAMUKLU PATİK ÇORAP,299.99
FITTED RİBANA KISA KOLLU TİŞÖRT,399.99
HEARTLEAF SİLKY MOİSTURE SUN CREAM CİLDİ SAKİN TUTAN IPEKSİ DOKULU GÜNEŞ KREMİ 50ML,1199.99
SWEATSHİRT,1299.99
SLİM FIT AYICIKLI ÇİZGİLİ KAZAK,899.99
DÜŞÜK BEL JEAN YIKAMALI PANTOLON,1039.99
KADIN KÜPE,249.99
"EQQUALBERRY BAKUCHİOL PLUMPİNG CAPSULE TONER 150 ML-HYALURONİK ASİT,MADECASSOSİDE VE SERAMİD İÇERİKLİ TONİK",1299.99
EQQUALBERRY PURPLE PDRN PORE MİNİMİZİNG GENİŞ GÖZENEK ÖNLEYİCİ VE ELASTİKİYET KORUYUCU MOR PİRİNÇLİ SERUM 30ML,1299.99
KADIN SAÇ AKSESUARI,249.99
KADIN SUNİ DERİ CÜZDAN,499.99
KADIN SUNİ DERİ CÜZDAN,499.99
KADIN BOZUK PARA ÇANTASI,299.99
STANDART FIT SPORCU ATLET,399.99
KADIN KÜPE,249.99
UZUN KOLLU TİŞÖRT,699.99
KADIN KRAVAT,399.99
KADIN 2'Lİ KÜPE,299.99
MİZON HYALUGEN GEL TO FOAM CLEANSER NEMLENDİRİCİ YÜZ TEMİZLEYİCİ JEL 100 ML,899.99
KADIN KARTLIK,199.99
OVERSIZE FLANEL,599.99
SLIM FIT,879.99
KADIN BOZUK PARA ÇANTASI,299.99
DÜŞÜK BEL LOW RISE WIDELEG PANTOLON,1039.99
DANTEL BRAZİLİAN KÜLOT,299.99
OMUZ ÇANTASI,1299.99
BELİ SARAN SPORCU BİKER,399.99
REGULAR FIT PENYE KISA KOLLU TİŞÖRT,299.99
REGULAR FIT PİKE,899.99
KADIN,499.99
KADIN 3'LÜ KÜPE,299.99
KADIN 3'LÜ YÜZÜK,299.99
KADIN KOLYE,299.99
REGULAR FIT KRİNKIL KUMAŞ BLAZER CEKET,1499.99
CROP SPORCU ATLET,299.99
KADIN GOURMAND 100 ML PARFÜM,599.99
BIKER BELİ SARAN SPORCU TAYT,399.99
KADIN GÜNEŞ GÖZLÜĞÜ,1299.99
SLIM FIT UZUN KOLLU TİŞÖRT,499.99
KADIN KARTLIK,149.99
STRAIGHT FIT MODAL SPORCU PANTOLON,1299.99
KADIN BOZUK PARA ÇANTASI,299.99
KADIN 2'Lİ KOLYE,399.99
COMFORT FIT SPORCU TİŞÖRT,499.99
STANDART FIT MODAL ŞORT,699.99
SLIM FIT KAZAK,769.99
EQQUALBERRY NAD+ PEPTİDE BOOSTİNG CREAM ELASTİKİYET VE SIKILIK KORUYUCU NAD+ VE PEPTİTLİ KREM,1499.99
KADIN BAKLAVA DESENLİ BERE,249.99
KADIN KÜPE,299.99
KADIN 6'LI KÜPE,399.99
KADIN DESENLİ SATEN FULAR,299.99
ANUA AİRY SUN CREAM SPF50+ PA++++ CENTELLA VE MUGWORT ÖZLÜ GÜNEŞ KREMİ 50ML,1299.99
FITTED RİBANA KISA KOLLU TİŞÖRT,399.99
KADIN JAKARLI TESETTÜR ŞAL,399.99
FİYONK DETAYLI BLUZ,769.99
SLIM FIT MODAL UZUN KOLLU TİŞÖRT,799.99
SLIM FIT BASIC MODAL TİŞÖRT,419.99
KAYIK YAKA YARIM KOLLU TİŞÖRT,799.99
RİBANA ATLET,399.99
REGULAR FIT DOKULU,799.99
BALLOON FIT MİNİ ETEK,999.99
KADIN KÜPE,249.99
TAŞ DETAYLI JEAN PANTOLON,1049.99
KİRAZLI MANDAL TOKA,249.99
KADIN DİKDÖRTGEN TOKA SUNİ DERİ GÜNLÜK KEMER,399.99
3'LÜ BAMBU UZUN ÇORAP,249.99
KADIN SUNİ DERİ CÜZDAN,399.99
UZUN KOLLU TİŞÖRT,599.99
KADIN ŞAL,599.99
KADIN GÜNEŞ GÖZLÜĞÜ,1299.99
REGULAR FIT TRİKO,1039.99
YÜKSEK BEL STRAIGHT FIT PANTOLON,1099.99
KADIN KARTLIK,149.99
REGULAR FIT PANTOLON,799.99
KADIN SUNİ DERİ CÜZDAN,499.99
BOXY FIT BLAZER CEKET,1999.99
KADIN KARTLIK,149.99
KADIN 2'Lİ BİLEKLİK,399.99
RİBANA ATLET,499.99
SLIM FIT FİTİLLİ KAŞKORSE TİŞÖRT,399.99
OVERSIZE POPLİN GÖMLEK,999.99
OVERSIZE POPLİN GÖMLEK,999.99
RELAX FIT UZUN KOLLU TİŞÖRT,499.99
KADIN MOONLIT GRACE VÜCUT SPREYİ,299.99
FITTED YARIM BALIKÇI YAKA HIRKA,559.99
STRAIGHT FIT PİKE PANTOLON,599.99
KADIN 2'Lİ SAÇ TOKASI,299.99
ELBİSE,1299.99
KADIN 2'Lİ BİLEKLİK,349.99
TÜL BRAZİLİAN KÜLOT,249.99
MİZON 7 VEGAN PEPTİDE BOOSTER SIKILAŞTIRICI CİLT SERUMU 150 ML,1099.99
KADIN GÜNEŞ GÖZLÜĞÜ,799.99
BELİ SARAN SPORCU TAYT,699.99
KADIN 4'LÜ BİLEKLİK,399.99
REGULAR FIT,719.99
EQQUALBERRY PURPLE RİCE PORE PURİFYİNG PACK GENİŞ GÖZENEK ÖNLEYİCİ VE ÖLÜ DERİ ARINDIRICI MOR PİRİNÇLİ TEMİZLEYİCİ 130GR,999.99
YARASA KOLLU MİDİ ELBİSE,1099.99
KADIN KÜPE,299.99
SLIM FIT FİTİLLİ KAŞKORSE ATLET,299.99
KADIN SUNİ DERİ CÜZDAN,499.99
BALON KOL DÜĞMELİ KAZAK,1119.99
3'LÜ SLİP KÜLOT,399.99
2'Lİ TERMAL KIŞLIK ÇORAP,299.99
ROUND LAB - DOKDO EYE CREAM (KIRIŞIKLIK KARŞITI AYDINLATICI DENİZ SULU GÖZ KREMİ) 30ML,899.99
KADIN 2'Lİ KÜPE,299.99
KADIN 2'Lİ KÜPE,299.99
DESENLİ TRİKO KAZAK,909.99
%100 PAMUK REGULAR FIT POPLİN MİDİ ELBİSE,1499.99
KADIN KÜPE,299.99
DANTEL DETAYLI ÇIKARILABİLİR PEDLİ BALENSİZ TİŞÖRT BRA,499.99
DANTEL HİPSTER KÜLOT,299.99
KADIN BOZUK PARA ÇANTASI,299.99
KADIN KÜPE,299.99
SLIM FIT MODAL UZUN KOLLU TİŞÖRT,799.99
REGULAR FIT PİJAMA ALTI,599.99
SLIM FIT FİTİLLİ KAŞKORSE ATLET,299.99
KADIN 8'Lİ YÜZÜK,299.99
KANVAS OMUZ ÇANTASI,1499.99
KADIN KÜPE,249.99
RİBANA ATLET,499.99
OVERSIZE KAZAK,799.99
YÜKSEK BEL 90'S WIDE LEG PANTOLON,1499.99
PANTOLON,1049.99
%100 PAMUK REGULAR FIT ÇİZGİLİ TUNİK,599.99
MANDAL TOKA,249.99
KADIN SAÇ AKSESUARI,249.99
BELİ SARAN SPORCU TAYT,399.99
KADIN PAMUKLU BUCKET ŞAPKA,399.99
KADIN KÜPE,249.99
KADIN ZEBRA DESENLİ SATEN FULAR,399.99
3'LÜ SLİP KÜLOT,399.99
KADIN KOLYE,299.99
OMUZ ÇANTASI,1499.99
EQQUALBERRY VİTAMİN ILLUMİNATİNG CREAM PARLATICI VE LEKE ÖNLEYİCİ %5 NİACİNAMİDE VE SERAMİD KAPSÜLLÜ KREM,1499.99
KADIN SUNİ DERİ CÜZDAN,499.99
SUNİ DERİ ÇAPRAZ ÇANTA,1299.99
MEDİCUBE ZERO PORE TONER GÖZENEK KARŞITI TONİK,899.99
STRAİGHT FİT BASIC YÜKSEK BEL KALIN EŞOFMAN ALTI,419.99
WIDE LEG PANTOLON,899.99
KADIN SERUM YAŞLANMA KARŞITI BAKIM,1099.99
PANTOLON,719.99
EQQUALBERRY HYALTOİN FLOODİNG TONER – YOĞUN NEMLENDİRİCİ VE SERİNLETİCİ BARİYER GÜÇLENDİRİCİ TONİK,1299.99
KADIN 2'Lİ SAÇ AKSESUARI,249.99
KADIN ŞAL,599.99
KADIN SUNİ DERİ CÜZDAN,499.99
FITTED BASKILI RİBANA TİŞÖRT,499.99
KADIN SUNİ DERİ CÜZDAN,399.99
5'Lİ PAMUKLU PATİK ÇORAP,299.99
KADIN KOLYE,299.99
NORMAL BEL SİGARET PANTOLON,799.99
KADIN 2'Lİ KÜPE,299.99
YÜKSEK BEL STRAIGHT FIT PANTOLON,1099.99
WIDE LEG BÜRÜMCÜK PANTOLON,799.99
KADIN 2'Lİ KOLYE,299.99
REGULAR FIT UZUN KOLLU TUNİK,1299.99
REGULAR FIT UZUN KOLLU GÖMLEK,999.99
KADIN KOLYE,499.99
KADIN BOZUK PARA ÇANTASI,299.99
FİYONKLU KISA KOLLU KAZAK,699.99
KADIN ÇİÇEKLİ FULAR,299.99
KADIN,499.99
KADIN CÜZDAN,499.99
KADIN 2'Lİ SAÇ AKSESUARI,299.99
NORMAL BEL SATEN ŞORT,559.99
KADIN SUNİ DERİ CÜZDAN,499.99
SİMLİ DANTEL BRAZİLİAN KÜLOT,299.99
REGULAR FIT TRİKO TUNİK,1299.99
KADIN SAÇ AKSESUARI,249.99
3'LÜ PATİK ÇORAP,199.99
KADIN KÜPE,249.99
OMUZ ÇANTASI,1299.99
KADIN DİKDÖRTGEN TOKA SUNİ DERİ GÜNLÜK KEMER,399.99
KADIN 6'LI KÜPE,399.99
REGULAR FIT TRİKO KAZAK,909.99
OVERSHIRT FIT MODAL GÖMLEK,999.99
WIDE LEG PANTOLON,1299.99
STANDART FIT KISA KOLLU TİŞÖRT,499.99
COMFORT FIT SPORCU TİŞÖRT,499.99
OMUZ ÇANTASI,999.99
KADIN 3'LÜ KOLYE,299.99
EQQUALBERRY VİTAMİN ILLUMİNATİNG TONER PARLATICI VE PÜRÜZLÜ DOKU KARŞITI C VİTAMİNLİ TONİK,1299.99
TÜL MİDİ ELBİSE,1299.99
RİBANA 2'Lİ BRİEF,239.99
YÜKSEK BEL STRAIGHT FIT PANTOLON,1299.99
REGULAR FIT KAZAK,1299.99
BRAZİLİAN KÜLOT,299.99
KADIN FLORAL - GOURMAND 100 ML PARFÜM,599.99
REGULAR FIT PAMUKLU ATLET,299.99
SLIM FIT UZUN KOLLU TİŞÖRT,499.99
KADIN KARTLIK,149.99
MEDİTHERAPY SHUMAGE RETİNOL 550 DEEP SHOT PATCH (4 PARÇA) KIRIŞIKLIK ÖNLEYİCİ 550 MİKRO SPİKÜL VE RETİNOLLÜ CİLT BAKIM BANTI,1599.99
KAPLI PEDLİ TİŞÖRT BRA,599.99
BİODANCE PORE PERFECTİNG KOLAJEN PEPTİDE SERUM 30 ML,1799.99
KADIN ŞAL,599.99
KATLAMALI PAÇA JEAN PANTOLON,979.99
WIDE STRAIGHT KETEN KARIŞIMLI PANTOLON,1099.99
FITTED BENGALİN KLASİK GÖMLEK,699.99
YÜKSEK BEL BARREL FIT PANTOLON,1499.99
OVERSHIRT FIT MODAL GÖMLEK,999.99
KADIN 2'Lİ KOLYE,399.99
OVERSIZE,769.99
KADIN LUNA SHADOW VÜCUT SPREYİ,299.99
KADIN KÜPE,249.99
YÜKSEK BEL WIDE LEG PANTOLON,999.99
KADIN SUNİ DERİ GÜNLÜK KEMER,399.99
BİODANCE CERA NOL GEL TONER ANINDA NEMLENDİRİCİ VE SERİNLETİCİ BUZUL SULU JEL TONİK PED 60LI,1499.99
KADIN 2'Lİ KOLYE,299.99
KADIN GÜNEŞ GÖZLÜĞÜ,1299.99
KAPLI YARIM DOLGULU TİŞÖRT BRA,599.99
EQQUALBERRY PURPLE RİCE PORE PURİFYİNG PACK GÖZENEK ÖNLEYİCİ VE ARINDIRICI MOR PİRİNÇLİ TEMİZLEYİCİ 130GR,999.99
STRAIGHT FIT YÜKSEK BEL GABARDİN PANTOLON,1799.99
REGULAR FIT KAZAK,999.99
KADIN DİKDÖRTGEN TOKA SUNİ DERİ GÜNLÜK KEMER,399.99
ŞAL DETAYLI RİBANA SÜVETER,719.99
EQQUALBERRY NAD+ PEPTİDE BOOSTİNG İNCE ÇİZGİ VE ELASTİKİYET KAYBI ÖNLEYİCİ NAD+ PEPTİT DESTEKLİ YAŞLANMA ENGELLEYİCİ SERUM 30ML,1499.99
OVERSIZE KAYIK YAKA KAZAK,839.99
%100 PAMUK WIDE LEG NORMAL BEL GABARDİN PANTOLON,699.99
OMZU AÇIK KAZAK,629.99
KADIN KOLYE,399.99
BALLOON FIT POPLİN GÖMLEK,999.99
KAPLI PEDLİ STRAPLEZ SÜTYEN,499.99
REGULAR FIT KREP KISA KOLLU TİŞÖRT,599.99
KADIN ÇİÇEKLİ TESETTÜR ŞAL,399.99
RELAX FIT KRİNKIL KUMAŞ UZUN KOLLU BLUZ,799.99
%100 PAMUK OVERSIZE BRODE GÖMLEK,1099.99
KADIN 2'Lİ KOLYE,299.99
KADIN DİKDÖRTGEN TOKA SUNİ DERİ GÜNLÜK KEMER,299.99
WIDE LEG PANTOLON,899.99
FITTED ÇİZGİLİ POPLİN GÖMLEK,799.99
RİLAKKUMA OVERSIZE SIRT BASKILI TİŞÖRT,599.99
KADIN JEL NEMLENDİRİCİ,299.99
KADIN KARTLIK,149.99
%100 PAMUK RELAX FIT JEAN PANTOLON,1049.99
KAPLI YARIM DOLGULU TİŞÖRT BRA,599.99
2'Lİ PAMUKLU UZUN ÇORAP,199.99
KADIN PAMUKLU BUCKET ŞAPKA,399.99
KADIN SUNİ DERİ CÜZDAN,399.99
RELAX FIT GOFRE DOKULU UZUN KOLLU BLUZ,799.99
KADIN 2'Lİ MARTENİÇKA BİLEKLİK,199.99
KISA KOLLU PİJAMA ÜSTÜ,499.99
KADIN 3'LÜ KOLYE,399.99
A KESİM MİDİ ETEK,999.99
KADIN CÜZDAN,199.99
KADIN 6'LI KÜPE,399.99
KPOP - DEMON HUNTERS OVERSIZE KAPÜŞONLU SWEATSHİRT,629.99
%100 PAMUK RELAX FIT GÖMLEK YAKA FLAMLI GÖMLEK,999.99
KADIN BOZUK PARA ÇANTASI,299.99
REGULAR FIT FLAMLI PAMUK TUNİK,799.99
KADIN 3'LÜ KOLYE,399.99
A KESİM GÖMLEK YAKA POPLİN MİDİ ELBİSE,799.99
FITTED MODAL KISA KOLLU TİŞÖRT,399.99
KADIN 3'LÜ SAÇ AKSESUARI,199.99
WIDE LEG PANTOLON,899.99
KADIN SAÇ AKSESUARI,249.99
KISA KOLLU ÜST,399.99
KADIN SUNİ DERİ CÜZDAN,499.99
KADIN 2'Lİ BİLEKLİK,299.99
SLIM FIT POLO YAKA FİTİLLİ KAŞKORSE TİŞÖRT,599.99
KADIN 2'Lİ MARTENİÇKA BİLEKLİK,199.99
KAŞE,1839.99
KADIN KARTLIK,149.99
KADIN KARTLIK,199.99
KADIN BOZUK PARA ÇANTASI,299.99
KADIN KARTLIK,199.99
GÖZLÜK İPİ,249.99
KADIN BAKLAVA DESENLİ ATKI,599.99
3'LÜ PAMUKLU SOKET ÇORAP,199.99
KADIN BOZUK PARA ÇANTASI,299.99
EL ÇANTASI,1499.99
KADIN 2'Lİ SAÇ AKSESUARI,249.99
KADIN KÜPE,249.99
KADIN 4'LÜ SAÇ AKSESUARI,299.99
KADIN SUNİ DERİ JEAN KEMERİ,299.99
ELBİSE,1499.99
KADIN 2'Lİ SAÇ AKSESUARI,249.99
DESENLİ UZUN KOLLU MAXİ ELBİSE,1299.99
KADIN 3'LÜ SAÇ AKSESUARI,399.99
3'LÜ BAMBU PATİK ÇORAP,199.99
KADIN 2'Lİ BİLEKLİK,299.99
REGULAR FIT BÜRÜMCÜK ATLET,399.99
RİBANA 2'Lİ BRİEF,349.99
KADIN KARTLIK,199.99
OVERSHIRT FIT,1749.99
KADIN KOLYE,399.99
MODAL KISA KOLLU ÜST,499.99
KADIN KÜPE,299.99
KADIN 2'Lİ KÜPE,249.99
SLIM FIT UZUN KOLLU TUNİK,399.99
KADIN DİKDÖRTGEN TOKA SUNİ DERİ GÜNLÜK KEMER,399.99
KADIN 2'Lİ KOLYE,399.99
ŞAL DETAYLI RİBANA SÜVETER,719.99
SLIM FIT PİKE KISA KOLLU POLO TİŞÖRT,599.99
REGULAR FIT ŞAL YAKA YELEK,899.99
KAPLI YARIM DOLGULU TİŞÖRT BRA,599.99
DÜŞÜK BEL PANTOLON,899.99
SLIM FIT YARIM BALIKÇI YAKA TİŞÖRT,399.99
KADIN SUNİ DERİ CÜZDAN,499.99
ROUND LAB - MUGWORT CALMİNG CREAM (NEM VE HİDRASYON YÜKSELTEN KIZARIKLIK KARŞITI MUGWORTLU KREM) 80ML,1299.99
KAŞE,1999.99
KADIN 2'Lİ BİLEKLİK,249.99
KADIN TONİK YAŞLANMA KARŞITI BAKIM,1099.99
KADIN 3'LÜ KOLYE,399.99
%100 PAMUK LOOSE FIT TUNİK,599.99
KADIN KARTLIK,199.99
RELAX FIT,699.99
%100 PAMUK 90'S WIDE LEG YÜKSEK BEL JEAN PANTOLON,899.99
KADIN KÜPE,299.99
KADIN 2'Lİ KÜPE,249.99
KADIN SUNİ DERİ CÜZDAN,499.99
STANDART FIT SPORCU TİŞÖRT,499.99
KADIN 2'Lİ KOLYE,399.99
KRİNKIL KUMAŞ TUNİK,839.99
KADIN FLORAL - GOURMAND 100 ML PARFÜM,599.99
STANDART FIT SKUBA DALGIÇ KUMAŞ FERMUARLI SWEATSHİRT,1299.99
KADIN BAKLAVA DESENLİ BERE,249.99
KADIN SUNİ DERİ CÜZDAN,499.99
EL ÇANTASI,1499.99
ELBİSE,1299.99
RELAX FIT GÜNLÜK,899.99
KADIN KÜPE,299.99
BOXY FIT KETEN KARIŞIMLI GÖMLEK,899.99
KADIN 3'LÜ KOLYE,399.99
OVERSIZE BASKILI TİŞÖRT,699.99
KADIN 2'Lİ KOLYE,299.99
KADIN 2'Lİ BİLEKLİK,399.99
KADIN,499.99
AIRTECH NBA LOS ANGELES LAKERS WİDE LEG EŞOFMAN ALTI,1299.99
KADIN 3'LÜ KOLYE,399.99
REGULAR FIT KAZAK,769.99
OMUZ ÇANTASI,1299.99
BİODANCE COLLAGEN GEL TONER GENİŞ GÖZENEK KARŞITI KOLAJEN SULU JEL TONİK PED 60LI,1499.99
STANDART FIT PİKE ŞORT,699.99
SLIM FIT FİTİLLİ KAŞKORSE ATLET,399.99
KADIN KOLYE,399.99
PİJAMA TAKIMI ÜST ŞORT ALT,699.99
TRİKO KAZAK,799.99
SLIM FIT HALTER YAKA FİTİLLİ KAŞKORSE ATLET,399.99
ASİMETRİK MİNİ ETEK,489.99
REGULAR FIT PENYE KISA KOLLU TİŞÖRT,499.99
MİDİ ETEK,1049.99
REGULAR FIT BASKILI PENYE TİŞÖRT,499.99
KADIN 7'Lİ YÜZÜK,249.99
REGULAR FIT KAZAK,909.99
3'LÜ PAMUKLU UZUN ÇORAP,249.99
MİZON INOUT DAİLY SOOTHİNG SUNSCREEN SPF50+ PA++++ NEMLENDİRİCİ YATIŞTIRICI GÜNEŞ KREMİ 50 ML,899.99
KADIN DİKDÖRTGEN TOKA SUNİ DERİ GÜNLÜK KEMER,299.99
KADIN 7'Lİ YÜZÜK,299.99
SLIM FIT KAZAK,769.99
KAZAK,559.99
KARELİ ŞORT PİJAMA ALTI,599.99
REGULAR FIT PAMUKLU ATLET,299.99
KADIN SAÇ AKSESUARI,249.99
3'LÜ BAMBU SOKET ÇORAP,249.99
3'LÜ PAMUKLU PATİK ÇORAP,199.99
KAPLI PEDLİ STRAPLEZ SÜTYEN,499.99
OVERSIZE KAZAK,1049.99
REGULAR FIT TRİKO,1499.99
KADIN DESENLİ ŞAL,599.99
DESENLİ TRİKO KAZAK,909.99
ÇAPRAZ ÇANTA,799.99
REGULAR FIT POPLİN UZUN KOLLU TUNİK,699.99
SLIM FIT V YAKA RİBANA TİŞÖRT,499.99
KADIN 3'LÜ SAÇ AKSESUARI,199.99
STANDART FIT KISA KOLLU TİŞÖRT,399.99
WIDE LEG STANDART BOY PANTOLON,1299.99
KADIN 2'Lİ SAÇ AKSESUARI,299.99
EQQUALBERRY ALOE PDRN CALMİNG SERUM CİLT BARİYERİNİ DESTEKLEYİCİ KURULUK KAYNAKLI KIZARIKLIK VE STRES KARŞITI ALOE PDRN SERUM 30ML,1499.99
SLIM FIT ATLET,499.99
ÇİZGİLİ YARIM KOLLU GÖMLEK,799.99
KADIN ŞAL,599.99
REGULAR FIT TRİKO,629.99
KAPLI PEDLİ STRAPLEZ SÜTYEN,499.99
KADIN ÇİZGİLİ BANDANA,499.99
KADIN WAFFLE CREAM 100 ML PARFÜM,599.99
KADIN,499.99
REGULAR FIT KAZAK,1299.99
KADIN 3D BANDANA,499.99
KADIN DİKDÖRTGEN TOKA SUNİ DERİ GÜNLÜK KEMER,299.99
MİZON WHİTE FLOWER SNOW CREAM - BEYAZLATICI & IŞILTI ARTIRICI KREM,1099.99
KADIN 2'Lİ SAÇ AKSESUARI,249.99
FITTED RİBANA,899.99
EQQUALBERRY HYALTOİN FLOODİNG SERUM ANINDA SOĞUTMA ETKİLİ NEM KİLİTLEYİCİ HYALURONİK ASİT KOMPLEKSİ SERUM 30ML,1499.99
OVERSIZE BASKILI KISA KOLLU TİŞÖRT,699.99
BİSİKLET YAKA UZUN KOLLU ÜST,399.99
90'S WIDE LEG YÜKSEK BEL UZUN JEAN PANTOLON,999.99
3'LÜ PAMUKLU SOKET ÇORAP,299.99
KADIN 3'LÜ KÜPE,299.99
KADIN SUNİ DERİ CÜZDAN,499.99
OMUZ ÇANTASI,1299.99
SLIM FIT KISA KOLLU TİŞÖRT,599.99
REGULAR FIT PENYE KISA KOLLU TİŞÖRT,299.99
SU GEÇİRMEZ MONT,2299.99
SU GEÇİRMEZ BALLOON FIT MONT,2499.99
SU GEÇİRMEZ MONT,2299.99
KISA FERMUARLI MONT,1329.99
A KESİM ETEK,1299.99
SU GEÇİRMEZ PARKA,2799.99
REGULAR FIT V YAKA ŞİFON ASKILI TULUM,559.99
STRAIGHT WIDE PANTOLON,899.99
BASIC PENYE TİŞÖRT,299.99
%100 PAMUK V YAKA BASIC PENYE TİŞÖRT,299.99
MONT,2499.99
REGULAR FIT SATEN UZUN KOLLU BLUZ,999.99
REGULAR FIT UZUN KOLLU BLUZ,599.99
REGULAR FIT POPLİN UZUN KOLLU TUNİK,1199.99
BAGGY FIT YÜKSEK BEL KATLAMALI PAÇA JEAN PANTOLON,1299.99
90'S WIDE LEG YÜKSEK BEL DÜZ PAÇA UZUN JEAN PANTOLON,1299.99
NORMAL BEL STRAIGHT FIT PANTOLON,999.99
REGULAR FIT TRİKO,999.99
SU GEÇİRMEZ BALLOON FIT MONT,2499.99
NORMAL BEL FLARE FIT PANTOLON,1399.99
REGULAR FIT BİSİKLET YAKA ÇİÇEKLİ KISA KOLLU TİŞÖRT,249.99
REGULAR FIT UZUN KOLLU TİŞÖRT,499.99
NORMAL BEL STRAIGHT FIT PANTOLON,999.99
CARROT FIT PANTOLON,1299.99
YÜKSEK BEL CARROT FIT PANTOLON,999.99
JEAN ŞORT,799.99
KADIN 3'LÜ YÜZÜK,249.99
SLİM FİT OMZU AÇIK RİBANA TİŞÖRT,699.99
%100 PAMUK STRAIGHT WIDE YÜKSEK BEL JEAN PANTOLON,999.99
SLIM FIT YÜKSEK BEL JOGGER PAÇA PANTOLON,799.99
BOXY FIT,799.99
REGULAR FIT BASKILI PENYE TİŞÖRT,299.99
FİTİLLİ KAŞKORSE UZUN KOLLU TUNİK,399.99
REGULAR FIT POPLİN UZUN KOLLU TUNİK,699.99
2'Lİ TAKIM,799.99
KAYIK YAKA UZUN KOLLU TİŞÖRT,599.99
BELİ LASTİKLİ SİGARET PANTOLON,699.99
WIDE LEG PANTOLON,999.99
REGULAR FIT BÜRÜMCÜK TİŞÖRT,599.99
SLIM FIT TEK OMUZLU RİBANA TİŞÖRT,299.99
SLIM FIT POLO YAKA FİTİLLİ KAŞKORSE TİŞÖRT,499.99
KISA KOLLU TİŞÖRT,299.99
SLIM FIT RİBANA ATLET,399.99
LOOSE FIT UZUN KOLLU TUNİK,999.99
OVERSIZE BLAZER CEKET,1999.99
RELAX FIT KISA KOLLU TİŞÖRT,399.99
REGULAR FIT BASKILI PENYE TİŞÖRT,349.99
BASIC FİTİLLİ KAŞKORSE ATLET,299.99
SLIM FIT FİTİLLİ KAŞKORSE UZUN KOLLU TİŞÖRT,279.99
SLIM FIT KISA KOLLU TUNİK,299.99
FITTED RİBANA ATLET,299.99
KADIN 5'Lİ YÜZÜK,249.99
SLIM FIT FİTİLLİ KAŞKORSE UZUN KOLLU TİŞÖRT,279.99
KISA KOLLU TİŞÖRT,299.99
FITTED POPLİN,899.99
OVERSIZE,599.99
PİJAMA TAKIMI REGULAR FİT POİNTEL KUMAŞ UZUN KOLLU ÜST UZUN ALT,999.99
KARELİ GOFRE DOKULU BLUZ,699.99
REGULAR FIT KISA KOLLU TİŞÖRT,399.99
KAPSIZ PEDSİZ BRALET,244.99
A KESİM ETEK,499.99
REGULAR FIT ATLET,399.99
KAPSIZ PEDSİZ BRALET,399.99
%100 PAMUK ATLET,299.99
RİBANA BOXER,299.99
KADIN 8'Lİ YÜZÜK,299.99
%100 PAMUK FITTED KAYIK YAKA SLOGAN BASKILI RİBANA TİŞÖRT,499.99
%100 PAMUK SLIM FIT UZUN KOLLU TUNİK,399.99
BRAZİLİAN KÜLOT SLİP KÜLOT,249.99
BRAZİLİAN KÜLOT,249.99
%100 PAMUK JOGGER FIT PANTOLON,999.99
SLIM FIT FİTİLLİ KAŞKORSE UZUN KOLLU TİŞÖRT,279.99
SU GEÇİRMEZ MONT,2299.99
%100 PAMUK REGULAR FIT ÇİZGİLİ TUNİK,599.99
WIDE LEG PANTOLON,1499.99
WIDE LEG PANTOLON,1499.99
STANDART FIT TRİKO KISA KOLLU POLO TİŞÖRT,899.99
MONT,2499.99
PANTOLON,1299.99
KISA KOLLU POLO TİŞÖRT,899.99
RELAX FIT PANTOLON,1499.99
KISA KOLLU POLO TİŞÖRT,899.99
WIDE LEG PANTOLON,1499.99
LONG MUSCLE FİT KISA KOLLU TİŞÖRT,399.99
FERMUARLI MONT,2499.99
STRAIGHT FIT PANTOLON,1299.99
PEDRO SLIM FIT PANTOLON,999.99
FERMUARLI MONT,2499.99
REGULAR FIT BLAZER CEKET,2299.99
STANDART FIT TRİKO KISA KOLLU TİŞÖRT,799.99
FERMUARLI MONT,1799.99
STRAIGHT FIT PANTOLON,1299.99
SU İTİCİ FERMUARLI MONT,1499.99
SERGİO REGULAR FIT NORMAL BEL BORU PAÇA PANTOLON,899.99
MONT,2499.99
BAGGY FIT PANTOLON,1299.99
STANDART FIT MODAL JOGGER,1299.99
PANTOLON,899.99
LONG MUSCLE FİT KISA KOLLU TİŞÖRT,399.99
PEDRO SLIM FIT PANTOLON,1299.99
SERGİO REGULAR FIT NORMAL BEL BORU PAÇA PANTOLON,1299.99
JOGGER FIT PANTOLON,1299.99
SERGİO REGULAR FIT NORMAL BEL BORU PAÇA PANTOLON,1299.99
SLIM TAPERED FIT PANTOLON,1299.99
PANTOLON,899.99
SLIM FIT UZUN KOLLU GÖMLEK,1499.99
FERMUARLI MONT,1999.99
PANTOLON,899.99
CARLO SKINNY FIT NORMAL BEL DAR PAÇA PANTOLON,999.99
PANTOLON,899.99
PEDRO SLIM FIT PANTOLON,1299.99
FERMUARLI MONT,1499.99
PREMİUM AKIŞKAN KUMAŞ GÖMLEK,1299.99
90'S SLIM FIT PANTOLON,1299.99
FERMUARLI MONT,1999.99
PANTOLON,999.99
PANTOLON,999.99
RELAX FIT PANTOLON,1299.99
PANTOLON,1299.99
RÜZGAR GEÇİRMEZ SU İTİCİ FERMUARLI MONT,2499.99
KOLAY ÜTÜLENEBİLİR SLIM FIT BASIC GÖMLEK,1299.99
MONT,1999.99
BOXY FIT KISA KOLLU POLO TİŞÖRT,699.99
REGULAR FIT KISA KOLLU POLO TİŞÖRT,999.99
BAGGY FIT PANTOLON,1299.99
SLIM FIT PANTOLON,1299.99
%100 PAMUK BAGGY FİT PANTOLON,899.99
BAGGY FIT PANTOLON,1299.99
PANTOLON,1299.99
BAGGY FIT PANTOLON,1299.99
PEDRO SLIM FIT PANTOLON,999.99
KISA KOLLU POLO TİŞÖRT,999.99
PANTOLON,999.99
PANTOLON,1299.99
RÜZGAR GEÇİRMEZ SU İTİCİ FERMUARLI MONT,2499.99
BOXY FIT KISA KOLLU TİŞÖRT,499.99
PAMUKLU SMART-CASUAL PANTOLON,999.99
PANTOLON,999.99
STANDART FIT SPORCU ŞORT,899.99
MONT,1999.99
REGULAR FIT PANTOLON,899.99
REGULAR JOGGER PANTOLON,1299.99
REGULAR FIT PANTOLON,1299.99
FERMUARLI MONT,2999.99
REGULAR FIT PANTOLON,999.99
REGULAR FIT PANTOLON,1299.99
PANTOLON,999.99
REGULAR FIT PANTOLON,999.99
%100 PAMUK BOXY FIT PİKE TİŞÖRT,499.99
REGULAR FIT KISA KOLLU TİŞÖRT,699.99
%100 PAMUK ÇİZGİLİ GÖMLEK,799.99
SU GEÇİRMEZ SLIM FIT DİK YAKA ESNEK MONT,1999.99
STRAIGHT FIT PANTOLON,1299.99
PANTOLON,999.99
REGULAR JOGGER PANTOLON,999.99
LOOSE FIT KISA KOLLU TİŞÖRT,499.99
PANTOLON,999.99
FERMUARLI MONT,2499.99
PREMİUM AKIŞKAN KUMAŞ GÖMLEK,1299.99
FERMUARLI MONT,1799.99
%100 PAMUK POLO YAKA GÖMLEK,999.99
SLIM FIT DOKUMA JOGGER,999.99
FERMUARLI MONT,2499.99
STRAIGHT FIT PANTOLON,1299.99
SLIM FIT KISA KOLLU POLO TİŞÖRT,699.99
PREMİUM AKIŞKAN KUMAŞ GÖMLEK,1299.99
STANDART FIT KISA KOLLU POLO TİŞÖRT,899.99
MONT,1999.99
%100 KETEN PANTOLON,1699.99
STANDART FIT SKUBA DALGIÇ KUMAŞ JOGGER,999.99
REGULAR FIT KISA KOLLU TİŞÖRT,699.99
%100 PAMUK BAGGY FİT PANTOLON,899.99
RELAX FIT PANTOLON,1499.99
STANDART FIT ŞORT,999.99
STANDART FIT KAPÜŞONLU FERMUARLI SWEATSHİRT,999.99
RELAX FIT PANTOLON,1299.99
STANDART FIT TRİKO KISA KOLLU POLO TİŞÖRT,899.99
BAGGY FIT PANTOLON,1299.99
RELAX FIT PANTOLON,1299.99
%100 PAMUK BOXY FİT SIRT BASKILI TİŞÖRT,499.99
PEDRO SLIM FIT PANTOLON,1299.99
RELAX FIT PANTOLON,1299.99
RELAX FIT JOGGER,999.99
90'S SLIM FIT PANTOLON,1299.99
STANDART FIT ŞORT,999.99
REGULAR JOGGER PANTOLON,999.99
PANTOLON,999.99
PANTOLON,999.99
BOXY FIT KISA KOLLU POLO TİŞÖRT,699.99
REGULAR JOGGER PANTOLON,1299.99
RELAX FIT KISA KOLLU TİŞÖRT,799.99
RELAX TAPERED FIT PANTOLON,1299.99
PEDRO SLIM FIT PANTOLON,1299.99
STANDART FIT TRİKO KISA KOLLU TİŞÖRT,799.99
PREMIUM OVERSIZE MONT,1999.99
%100 PAMUK POLO YAKA GÖMLEK,999.99
REGULAR JOGGER PANTOLON,899.99
REGULAR FIT KISA KOLLU POLO TİŞÖRT,799.99
BAGGY FIT PANTOLON,999.99
RELAX FIT KISA KOLLU TİŞÖRT,799.99
DİAGO COMFORT FİT YÜKSEK BEL GENİŞ PAÇA PANTOLON,899.99
LOOSE FIT KISA KOLLU TİŞÖRT,499.99
KIRIŞMAZ FERMUARLI POLO YAKA TİŞÖRT,799.99
KISA KOLLU POLO TİŞÖRT,899.99
STANDART FIT KISA KOLLU POLO TİŞÖRT,999.99
KISA KOLLU TİŞÖRT,699.99
LOOSE FIT KISA KOLLU TİŞÖRT,499.99
SLIM FIT PANTOLON,1299.99
%100 PAMUK BOXY FIT PİKE TİŞÖRT,499.99
RELAX FIT PANTOLON,1299.99
REGULAR FIT KISA KOLLU TİŞÖRT,399.99
FERMUARLI MONT,2499.99
FERMUARLI MONT,1499.99
%100 KETEN GÖMLEK,1699.99
CARLO SKINNY FIT NORMAL BEL DAR PAÇA PANTOLON,999.99
FERMUARLI MONT,2499.99
BOXY FIT KISA KOLLU TİŞÖRT,499.99
MONT,1499.99
RELAX FIT PANTOLON,1299.99
PANTOLON,999.99
PREMİUM AKIŞKAN KUMAŞ PANTOLON,1299.99
RELAX FIT PANTOLON,1299.99
STANDART FIT SPORCU ŞORT,899.99
90'S SLIM FIT PANTOLON,1299.99
FERMUARLI MONT,1799.99
PEDRO SLIM FIT PANTOLON,1299.99
FERMUARLI MONT,2499.99
%100 PAMUK AĞIR KUMAŞ TİŞÖRT,299.99
PANTOLON,999.99
MONT,1499.99
REGULAR FIT KISA KOLLU POLO TİŞÖRT,799.99
REGULAR FIT YARIM BALIKÇI YAKA YELEK,1499.99
KOLAY ÜTÜLENEBİLİR SLIM FIT BASIC GÖMLEK,1299.99
REGULAR JOGGER PANTOLON,999.99
SLIM FIT PANTOLON,1299.99
BOXY FIT KISA KOLLU TİŞÖRT,499.99
SERGİO REGULAR FIT NORMAL BEL BORU PAÇA PANTOLON,999.99
%100 PAMUK BOXY FİT BASKILI TİŞÖRT,499.99
REGULAR FIT PANTOLON,1299.99
REGULAR FIT KISA KOLLU TİŞÖRT,499.99
%100 PAMUK GÖMLEK,999.99
BOXY FIT KISA KOLLU TİŞÖRT,499.99
%100 PAMUK VIKINGS VALHALLA BOXY FIT BASKILI TİŞÖRT,499.99
%100 PAMUK BOXY FİT BASKILI TİŞÖRT,499.99
%100 PAMUK BOXY FİT GÖMLEK,899.99
PANTOLON,999.99
SLIM FIT DOKUMA JOGGER,999.99
SU İTİCİ MONT,1999.99
%100 PAMUK ÖRGÜ GÖRÜNÜMLÜ GÖMLEK,999.99
FERMUARLI MONT,1799.99
BOXY FIT KISA KOLLU TİŞÖRT,499.99
%100 PAMUK AĞIR KUMAŞ TİŞÖRT,299.99
KISA KOLLU TİŞÖRT,499.99
OVERSIZE MONT,2999.99
BOXY FIT KISA KOLLU TİŞÖRT,499.99
TAILORED FIT PANTOLON,1299.99
%100 PAMUK BOXY FİT BASKILI TİŞÖRT,499.99
90'S SLIM FIT PANTOLON,1299.99
REGULAR FIT PANTOLON,1299.99
STANDART FIT MODAL ŞORT,799.99
PREMIUM REGULAR FIT MONT,1999.99
BİSİKLET YAKA ÇAPRAZ DOKUMA TİŞÖRT,399.99
BOXY FIT KISA KOLLU TİŞÖRT,499.99
SLIM FIT KISA KOLLU POLO TİŞÖRT,699.99
REGULAR FIT BİSİKLET YAKA ÇAPRAZ DOKUMA KISA KOLLU TİŞÖRT,399.99
WIDE LEG PANTOLON,899.99
%100 PAMUK BOXY FİT GÖMLEK,899.99
%100 PAMUK BOXY FİT BASKILI TİŞÖRT,499.99
REGULAR FIT BLAZER CEKET,2499.99
WIDE LEG KUMAŞ PANTOLON,1499.99
SERGİO REGULAR FIT NORMAL BEL BORU PAÇA PANTOLON,899.99
BAGGY FIT PANTOLON,999.99
PANTOLON,899.99
CARLO SKINNY FIT NORMAL BEL DAR PAÇA PANTOLON,999.99
BAGGY FIT PANTOLON,999.99
BAGGY FIT PANTOLON,1299.99
%100 PAMUK TİŞÖRT,499.99
LOOSE FIT KISA KOLLU TİŞÖRT,499.99
%100 PAMUK BOXY FİT BASKILI TİŞÖRT,399.99
BOXY FIT UZUN KOLLU GÖMLEK,899.99
RELAX FIT KISA KOLLU TİŞÖRT,799.99
%100 PAMUK BOXY FİT BASKILI TİŞÖRT,499.99
STRAIGHT FIT PANTOLON,1299.99
SERGİO REGULAR FIT NORMAL BEL BORU PAÇA PANTOLON,1299.99
REGULAR FIT GABARDİN UZUN KOLLU GÖMLEK,1299.99
FERMUARLI MONT,2499.99
REGULAR FIT PANTOLON,999.99
STANDART FIT PANTOLON,1299.99
STANDART FIT PANTOLON,1299.99
%100 PAMUK BOXY FİT BASKILI TİŞÖRT,499.99
LOOSE FIT KISA KOLLU TİŞÖRT,499.99
TAPERED WIDE LEG FIT PANTOLON,1299.99
STANDART FIT KISA KOLLU POLO TİŞÖRT,1299.99
BOXY FIT PENYE UZUN KOLLU GÖMLEK,899.99
REGULAR FIT KISA KOLLU TİŞÖRT,499.99
MONT,1999.99
LOOSE FIT PANTOLON,1299.99
BELİ LASTİKLİ PANTOLON,999.99
KOLAY ÜTÜLENEBİLİR SLIM FIT BASIC GÖMLEK,1299.99
OVERSIZE KISA KOLLU TİŞÖRT,699.99
REGULAR JOGGER PANTOLON,1299.99
FERMUARLI MONT,2499.99
REGULAR FIT PANTOLON,999.99
KISA KOLLU POLO TİŞÖRT,999.99
RÜZGAR GEÇİRMEZ SU İTİCİ FERMUARLI MONT,2499.99
%100 PAMUK VIKINGS BOXY FIT SIRT BASKILI TİŞÖRT,499.99
%100 PAMUK KISA KOLLU POLO TİŞÖRT,699.99
BOXY FIT KISA KOLLU TİŞÖRT,499.99
BOXY FIT KISA KOLLU TİŞÖRT,499.99
SLIM FIT ŞORT,899.99
CEKET,1999.99
BOXY FIT KISA KOLLU TİŞÖRT,499.99
BAGGY FIT PANTOLON,1299.99
PANTOLON,1299.99
KISA KOLLU POLO TİŞÖRT,999.99
%100 PAMUK GÖMLEK,999.99
TAPERED FIT PANTOLON,1299.99
SERGİO REGULAR FIT NORMAL BEL BORU PAÇA PANTOLON,999.99
%100 PAMUK UZUN KOLLU GÖMLEK,1299.99
LOOSE FIT KISA KOLLU TİŞÖRT,499.99
BOXY FIT KISA KOLLU TİŞÖRT,499.99
REGULAR FIT KISA KOLLU TİŞÖRT,499.99
LOOSE FIT KISA KOLLU TİŞÖRT,799.99
REGULAR JOGGER PANTOLON,899.99
LOOSE FIT KISA KOLLU TİŞÖRT,499.99
REGULAR FIT KETEN KARIŞIMLI UZUN KOLLU GÖMLEK,1299.99
%100 PAMUK BOXY FİT BASKILI TİŞÖRT,499.99
STANDART FIT KISA KOLLU TİŞÖRT,499.99
HIRKA,1499.99
PANTOLON,1299.99
KISA KOLLU POLO TİŞÖRT,699.99
RELAX FIT PANTOLON,1299.99
LOOSE FIT KISA KOLLU TİŞÖRT,499.99
MONT,1999.99
BOXY FIT KRİNKIL UZUN KOLLU GÖMLEK,899.99
STANDART FIT DOKUMA JOGGER,1299.99
KISA KOLLU TİŞÖRT,499.99
STANDART FIT KISA KOLLU TİŞÖRT,499.99
SERGİO REGULAR FIT NORMAL BEL BORU PAÇA PANTOLON,1299.99
KISA KOLLU TİŞÖRT,699.99
90'S SLIM FIT PANTOLON,1299.99
%100 PAMUK BOXY FİT BASKILI TİŞÖRT,499.99
%100 PAMUK BOXY FİT BASKILI TİŞÖRT,399.99
RELAX FIT PANTOLON,1299.99
FERMUARLI MONT,1999.99
LOOSE FIT KISA KOLLU TİŞÖRT,599.99
KISA KOLLU TİŞÖRT,699.99
BAGGY FIT PANTOLON,1299.99
PANTOLON,799.99
OVERSIZE KISA KOLLU TİŞÖRT,699.99
SLIM FIT ŞORT,699.99
KISA KOLLU POLO TİŞÖRT,699.99
CEKET,1799.99
SERGİO REGULAR FIT NORMAL BEL BORU PAÇA PANTOLON,899.99
CEKET,1799.99
%100 PAMUK BOXY FİT BASKILI TİŞÖRT,499.99
BOXY FIT KISA KOLLU TİŞÖRT,599.99
CARROT FIT PANTOLON,1299.99
BARREL FIT PANTOLON,1299.99
BAGGY FIT PANTOLON,1299.99
RELAX FIT PANTOLON,1299.99
RELAX FIT PANTOLON,999.99
%100 PAMUK BOXY FİT BASKILI TİŞÖRT,499.99
BOXY FIT KISA KOLLU TİŞÖRT,599.99
KISA KOLLU POLO TİŞÖRT,799.99
REGULAR FIT PANTOLON,999.99
TAPERED FIT PANTOLON,1299.99
%100 PAMUK BOXY FİT GÖMLEK,899.99
PANTOLON,899.99
%100 PAMUK BASKILI TİŞÖRT,499.99
BAGGY FIT PANTOLON,999.99
SLIM FIT POPLİN UZUN KOLLU GÖMLEK,999.99
%100 PAMUK BASKILI TİŞÖRT,499.99
%100 PAMUK FORD MOTOR COMPANY BOXY FIT BASKILI TİŞÖRT,499.99
REGULAR FIT 3'LÜ BOXER,399.99
2'Lİ TAKIM,899.99
REGULAR FIT 3'LÜ BOXER,499.99
ERKEK PAMUKLU CAP ŞAPKA,299.99
REGULAR FIT 3'LÜ BOXER,399.99
REGULAR FIT 3'LÜ,499.99
2'Lİ TAKIM,999.99
REGULAR FIT 3'LÜ BOXER,499.99
2'Lİ TAKIM,999.99
REGULAR FIT 3'LÜ BOXER,499.99
REGULAR FIT 3'LÜ BOXER,399.99
REGULAR FIT 3'LÜ BOXER,399.99
REGULAR FIT 3'LÜ BOXER,399.99
REGULAR FIT 3'LÜ BOXER,399.99
2'Lİ TAKIM,999.99
REGULAR FIT 3'LÜ BOXER,399.99
REGULAR FIT 3'LÜ BOXER,499.99
2'Lİ TAKIM,999.99
REGULAR FIT 3'LÜ BOXER,399.99
REGULAR FIT 5'Lİ BOXER,699.99
REGULAR FIT 5'Lİ BOXER,699.99
MODAL 2'Lİ TAKIM,999.99
REGULAR FIT 3'LÜ BOXER,499.99
KISA KOLLU POLO TİŞÖRT,699.99
MONT,1999.99
BOXY FIT KISA KOLLU TİŞÖRT,499.99
BOXY FIT DOKULU UZUN KOLLU GÖMLEK,899.99
REGULAR FIT PAMUKLU UZUN KOLLU GÖMLEK,1299.99
%100 PAMUK ONE PİECE LOOSE FIT TİŞÖRT,599.99
SLIM FIT KISA KOLLU TİŞÖRT,499.99
KISA KOLLU POLO TİŞÖRT,699.99
%100 PAMUK FERMUAR YAKA POLO TİŞÖRT,999.99
MONT,1499.99
BAGGY FIT PANTOLON,1299.99
BOXY FIT KISA KOLLU TİŞÖRT,499.99
RELAX FIT PANTOLON,1299.99
%100 PAMUK BOXY FIT BASKILI TİŞÖRT,399.99
BELİ LASTİKLİ PANTOLON,1299.99
TAPERED FIT PANTOLON,1299.99
BOXY FIT KISA KOLLU TİŞÖRT,599.99
%100 PAMUK FERMUAR YAKA POLO TİŞÖRT,999.99
BOXY FIT KISA KOLLU TİŞÖRT,499.99
KAPÜŞONLU FERMUARLI SWEATSHİRT,1299.99
REGULAR FIT UZUN KOLLU GÖMLEK,999.99
PREMİUM DÜZ PAÇA PANTOLON,1499.99
STANDART FIT MODAL JOGGER,1299.99
2'Lİ TAKIM,799.99
MONT,2499.99
TAILORED FIT PANTOLON,999.99
%100 PAMUK BASKILI TİŞÖRT,399.99
%100 PAMUK FAST & FURİOUS BOXY FIT TİŞÖRT,499.99
MONT,1999.99
LOOSE FIT KISA KOLLU TİŞÖRT,499.99
FERMUARLI MONT,1999.99
REGULAR FIT KISA KOLLU TİŞÖRT,499.99
KOLAY ÜTÜLENEBİLİR SLIM FIT BASIC GÖMLEK,1299.99
RELAX FIT PANTOLON,999.99
%100 PAMUK RELAX FİT GÖMLEK,999.99
SERGİO REGULAR FIT NORMAL BEL BORU PAÇA PANTOLON,1299.99
REGULAR FIT KISA KOLLU TİŞÖRT,599.99
2'Lİ TAKIM,999.99
%100 PAMUK FERMUAR YAKA POLO TİŞÖRT,999.99
BİSİKLET YAKA ÇAPRAZ DOKUMA KISA KOLLU TİŞÖRT,399.99
REGULAR FIT 3'LÜ BOXER,499.99
YELEK,1499.99
REGULAR FIT PANTOLON,999.99
%100 PAMUK LOOSE FIT SLOGAN BASKILI SWEATSHİRT KUMAŞI POLO YAKA TİŞÖRT,599.99
%100 PAMUK TİŞÖRT,499.99
%100 PAMUK KISA KOLLU POLO TİŞÖRT,699.99
STANDART FIT,1299.99
REGULAR FIT KISA KOLLU TİŞÖRT,499.99
TAILORED FIT PANTOLON,999.99
REGULAR FIT 3'LÜ BOXER,499.99
REGULAR FIT 5'Lİ BOXER,599.99
PEDRO SLIM FIT PANTOLON,1299.99
REGULAR FIT 3'LÜ BOXER,499.99
%100 PAMUK BASKILI TİŞÖRT,399.99
BARREL FIT PANTOLON,1299.99
STANDART FIT PANTOLON,1299.99
STANDART FIT UZUN KOLLU POLO TİŞÖRT,999.99
%100 PAMUK KISA KOLLU POLO TİŞÖRT,699.99
MONT,2299.99
BAGGY FIT PANTOLON,1299.99
%100 PAMUK GABARDİN GÖMLEK,999.99
%100 PAMUK GÖMLEK,999.99
BOXY FIT PENYE KISA KOLLU GÖMLEK,899.99
BOXY FIT KISA KOLLU TİŞÖRT,599.99
ERKEK NAKIŞLI PAMUKLU CAP ŞAPKA,399.99
TAPERED FIT PANTOLON,1299.99
BOXY FIT PİKE KISA KOLLU GÖMLEK,999.99
%100 PAMUK BOXY FİT BASKILI TİŞÖRT,399.99
VİSKON 2'Lİ TAKIM,1499.99
%100 PAMUK BAGGY FİT PANTOLON,899.99
REGULAR FIT 3'LÜ BOXER,499.99
SERGİO REGULAR FIT NORMAL BEL BORU PAÇA PANTOLON,1299.99
REGULAR FIT KISA KOLLU TİŞÖRT,499.99
PİKE 2'Lİ TAKIM,999.99
BOXY FIT UZUN KOLLU GÖMLEK,899.99
SLIM FIT KISA KOLLU GÖMLEK,1299.99
BOXY FIT KISA KOLLU TİŞÖRT,499.99
STRAIGHT FIT PANTOLON,1299.99
SLIM FIT ŞORT,699.99
MODERN FIT PAMUKLU UZUN KOLLU GÖMLEK,699.99
DÜĞMELİ MONT,1999.99
BAGGY FIT PANTOLON,1299.99
LOOSE FIT KISA KOLLU TİŞÖRT,499.99
%100 PAMUK BASKILI TİŞÖRT,399.99
LOOSE FIT KISA KOLLU TİŞÖRT,499.99
TAPERED FIT PANTOLON,1299.99
RELAX FIT SWEATSHİRT KUMAŞI UZUN ŞORT,699.99
TAPERED FIT PANTOLON,1299.99
WIDE LEG PANTOLON,899.99
%100 PAMUK BOXY FİT BASKILI TİŞÖRT,399.99
YAKA DETAYLI MONT,2499.99
REGULAR FIT 3'LÜ BOXER,499.99
BAGGY FIT PANTOLON,1299.99
%100 PAMUK BOXY FİT BASKILI TİŞÖRT,499.99
CARLO SKINNY FIT NORMAL BEL DAR PAÇA PANTOLON,999.99
MONT,1999.99
PANTOLON,1499.99
REGULAR FIT KISA KOLLU POLO TİŞÖRT,799.99
BOXY FIT PİKE KISA KOLLU GÖMLEK,999.99
%100 PAMUK BOXY FIT BASKILI TİŞÖRT,699.99
BOXY FIT ATLET,399.99
WIDE LEG PANTOLON,699.99
STRAIGHT FIT PANTOLON,1299.99
%100 PAMUK FORD MOTOR COMPANY BOXY FIT BASKILI TİŞÖRT,499.99
BOXY FIT KISA KOLLU POLO TİŞÖRT,699.99
REGULAR FIT 3'LÜ BOXER,499.99
2'Lİ TAKIM,799.99
OVERSIZE KISA KOLLU TİŞÖRT,799.99
STANDART FIT TRİKO KISA KOLLU POLO TİŞÖRT,999.99
REGULAR FIT KISA KOLLU TİŞÖRT,499.99
%100 PAMUK INİTİAL D LOOSE FIT TİŞÖRT,599.99
REGULAR FIT PENYE GÖMLEK CEKET,1299.99
BOXY FIT KISA KOLLU TİŞÖRT,599.99
WIDE LEG PANTOLON,899.99
KISA KOLLU POLO TİŞÖRT,999.99
REGULAR FIT 3'LÜ BOXER,499.99
REGULAR FIT 3'LÜ BOXER,499.99
% 100 PAMUK BASKILI TİŞÖRT,399.99
REGULAR FIT 3'LÜ BOXER,499.99
%100 PAMUK LOOSE FIT POLO YAKA TİŞÖRT,699.99
REGULAR FIT BİSİKLET YAKA ÇAPRAZ DOKUMA KISA KOLLU TİŞÖRT,399.99
DÜĞMELİ MONT,1999.99
RELAX FIT SWEATSHİRT KUMAŞI UZUN ŞORT,699.99
REGULAR FIT 3'LÜ BOXER,499.99
%100 PAMUK BOXY FİT BASKILI TİŞÖRT,499.99
REGULAR FIT 7'Lİ BOXER,899.99
REGULAR FIT 3'LÜ BOXER,499.99
WIDE LEG PANTOLON,1499.99
RÜZGAR GEÇİRMEZ MONT,1999.99
RELAX FIT İNCE SWEATSHİRT KUMAŞI ALT,599.99
BOXY FIT KISA KOLLU TİŞÖRT,499.99
%100 PAMUK BASKILI TİŞÖRT,399.99
KOLAY ÜTÜLENEBİLİR SLIM FIT BASIC GÖMLEK,1299.99
KAPÜŞONLU FERMUARLI SWEATSHİRT,1299.99
REGULAR FIT 3'LÜ BOXER,499.99
%100 PAMUK BOXY FIT BASKILI TİŞÖRT,499.99
REGULAR FIT 3'LÜ BOXER,499.99
ERKEK NAKIŞLI PAMUKLU CAP ŞAPKA,399.99
REGULAR FIT 3'LÜ BOXER,499.99
PREMİUM AKIŞKAN KUMAŞ PANTOLON,1299.99
LOOSE FIT KISA KOLLU TİŞÖRT,699.99
BOXY FIT ATLET,399.99
%100 PAMUK BOXY FIT TİŞÖRT,599.99
REGULAR FIT PENYE GÖMLEK CEKET,1299.99
%100 PAMUK BOXY FIT ÇİZGİLİ TİŞÖRT,699.99
BOXY FIT KISA KOLLU GÖMLEK,999.99
%100 PAMUK LEONARDO DA VINCI BOXY FIT SLOGAN DESENLİ TİŞÖRT,599.99
REGULAR FIT 3'LÜ BOXER,499.99
REGULAR FIT 3'LÜ BOXER,499.99
REGULAR FIT 3'LÜ BOXER,399.99
STRAIGHT FIT PANTOLON,1299.99
RELAX FIT PAMUKLU KISA KOLLU GÖMLEK,799.99
%100 PAMUK ÇİZGİLİ TİŞÖRT,499.99
2'Lİ TAKIM,999.99
REGULAR FIT 3'LÜ BOXER,399.99
%100 PAMUK BOXY FİT BASKILI TİŞÖRT,399.99
%100 PAMUK BASKILI TİŞÖRT,399.99
REGULAR FIT 3'LÜ BOXER,499.99
LOOSE FIT KISA KOLLU TİŞÖRT,499.99
2'Lİ TAKIM,999.99
KISA KOLLU POLO TİŞÖRT,999.99
KETEN KARIŞIMLI KISA KOLLU GÖMLEK,999.99
BAGGY FIT PANTOLON,1299.99
BARREL FIT PANTOLON,1299.99
OVERSIZE KISA KOLLU TİŞÖRT,799.99
%100 PAMUK AVATAR THE LAST AIRBENDER BASKILI TİŞÖRT,499.99
REGULAR FIT İNCE SWEATSHİRT KUMAŞI ALT,499.99
REGULAR FIT UZUN KOLLU GÖMLEK,999.99
DÜĞMELİ MONT,1999.99
BOXY FIT KISA KOLLU TİŞÖRT,599.99
%100 PAMUK BOXY FİT BASKILI TİŞÖRT,399.99
WIDE LEG PANTOLON,1499.99
LOOSE FIT KISA KOLLU TİŞÖRT,599.99
%100 PAMUK BOXY FIT TİŞÖRT,499.99
ERKEK NAKIŞLI PAMUKLU CAP ŞAPKA,399.99
%100 PAMUK BOXY FİT BASKILI TİŞÖRT,399.99
REGULAR FIT KISA KOLLU TİŞÖRT,499.99
BOXY FIT PENYE KISA KOLLU GÖMLEK,899.99
BOXY FIT KISA KOLLU TİŞÖRT,799.99
REGULAR FIT UZUN KOLLU GÖMLEK,1299.99
ÇAPRAZ DOKUMA KISA KOLLU TİŞÖRT,399.99
OVERSIZE KISA KOLLU TİŞÖRT,699.99
REGULAR FIT DOKULU EŞOFMAN ALTI,799.99
REGULAR FIT 3'LÜ BOXER,499.99
SLIM FIT UZUN KOLLU GÖMLEK,699.99
REGULAR FIT PAMUKLU UZUN KOLLU GÖMLEK,1299.99
%100 PAMUK ÇİZGİLİ TİŞÖRT,499.99
REGULAR FIT KISA KOLLU TİŞÖRT,599.99
%100 PAMUK TİŞÖRT,499.99
STANDART FIT ŞORT,699.99
REGULAR FIT 3'LÜ BOXER,499.99
BAGGY FIT PANTOLON,1299.99
WIDE LEG PANTOLON,1499.99
FERMUARLI MONT,1799.99
LOOSE FIT KISA KOLLU POLO TİŞÖRT,699.99
REGULAR FIT 3'LÜ BOXER,499.99
REGULAR FIT 7'Lİ BOXER,899.99
REGULAR FIT ŞORT,699.99
STRAIGHT FIT PANTOLON,1299.99
%100 PAMUK BASKILI TİŞÖRT,499.99
REGULAR FIT 3'LÜ BOXER,399.99
%100 PAMUK ONE PIECE BOXY FIT TİŞÖRT,499.99
BOXY FIT KISA KOLLU TİŞÖRT,499.99
%100 PAMUK BASKILI TİŞÖRT,399.99
%100 PAMUK LOOSE FİT BASKILI TİŞÖRT,599.99
REGULAR FIT 3'LÜ BOXER,499.99
KISA KOLLU POLO TİŞÖRT,999.99
%100 PAMUK INITIAL D BOXY FIT BASKILI TİŞÖRT,599.99
%100 PAMUK BOXY FİT BASKILI TİŞÖRT,399.99
%100 PAMUK BOXY FİT TİŞÖRT,399.99
%100 PAMUK LOOSE FIT POLO TİŞÖRT,599.99
BARREL FIT PANTOLON,1299.99
REGULAR FIT 3'LÜ BOXER,499.99
DÜĞMELİ MONT,1999.99
REGULAR FIT UZUN KOLLU GÖMLEK,1299.99
OVERSIZE KISA KOLLU TİŞÖRT,699.99
KETEN KARIŞIMLI KISA KOLLU GÖMLEK,999.99
%100 PAMUK GABARDİN GÖMLEK,999.99
REGULAR FIT 3'LÜ BOXER,499.99
KOLAY ÜTÜLENEBİLİR SLIM FIT BASIC GÖMLEK,1299.99
%100 PAMUK BOXY FİT BASKILI TİŞÖRT,499.99
OVERSIZE KISA KOLLU TİŞÖRT,799.99
REGULAR FIT 3'LÜ BOXER,499.99
%100 PAMUK AĞIR KUMAŞ TİŞÖRT,299.99
FERMUARLI MONT,1799.99
%100 PAMUK TİŞÖRT,499.99
CEKET,2499.99
%100 PAMUK BOXY FIT TİŞÖRT,599.99
BOXY FIT KISA KOLLU TİŞÖRT,499.99
SLIM FIT UZUN KOLLU GÖMLEK,699.99
%100 PAMUK BOXY FİT BASKILI TİŞÖRT,399.99
% 100 PAMUK BASKILI TİŞÖRT,399.99
%100 PAMUK BOXY FİT BASKILI TİŞÖRT,499.99
REGULAR FIT ALT,599.99
%100 PAMUK BOXY FIT BASKILI TİŞÖRT,399.99
WIDE LEG PANTOLON,1499.99
%100 PAMUK JUSTICE LEAGUE BOXY FIT SIRT BASKILI TİŞÖRT,499.99
%100 PAMUK RICK AND MORTY BOXY FIT BASKILI TİŞÖRT,499.99
%100 PAMUK VAN GOGH BOXY FIT SLOGAN DESENLİ TİŞÖRT,599.99
BOXY FIT KISA KOLLU TİŞÖRT,349.99
2'Lİ TAKIM,899.99
BOXY FIT KISA KOLLU TİŞÖRT,499.99
STANDART FIT ŞORT,699.99
KISA KOLLU TİŞÖRT,499.99
%100 PAMUK LOOSE FIT POLO TİŞÖRT,599.99
%100 PAMUK BOXY FİT BASKILI TİŞÖRT,349.99
BOXY FIT KISA KOLLU TİŞÖRT,599.99
BAGGY FIT PANTOLON,1299.99
%100 PAMUK NEFES ALABİLEN BOXY FİT TİŞÖRT,499.99
%100 PAMUK FERMUARLI SWEATSHİRT,799.99
%100 PAMUK ONE PIECE BOXY FIT BASKILI TİŞÖRT,499.99
%100 PAMUK BASKILI TİŞÖRT,399.99
PANTOLON,999.99
REGULAR FIT TWİLL UZUN KOLLU GÖMLEK,999.99
STRAIGHT FIT PANTOLON,1299.99
STANDART FIT KISA KOLLU TİŞÖRT,699.99
PANTOLON,1299.99
KISA KOLLU TİŞÖRT,499.99
%100 PAMUK BASKILI TİŞÖRT,399.99
BOXY FIT KISA KOLLU TİŞÖRT,499.99
SLIM FIT UZUN KOLLU GÖMLEK,1499.99
SLIM FIT UZUN KOLLU GÖMLEK,999.99
%100 PAMUK VIKINGS VALHALLA BOXY FIT TİŞÖRT,499.99
ERKEK STAR WARS CAP ŞAPKA,399.99
ERKEK NAKIŞLI PAMUKLU CAP ŞAPKA,399.99
REGULAR FIT UZUN KOLLU GÖMLEK,899.99
%100 PAMUK BOXY FİT TİŞÖRT,499.99
BOXY FIT FLANEL UZUN KOLLU GÖMLEK,799.99
%100 PAMUK POLO TİŞÖRT,799.99
BAGGY FIT SWEATSHİRT KUMAŞI ALT,599.99
%100 PAMUK BOXY FİT BASKILI TİŞÖRT,349.99
SLIM FIT POPLİN UZUN KOLLU GÖMLEK,999.99
REGULAR FIT ŞORT,599.99
KISA KOLLU TİŞÖRT,699.99
%100 PAMUK STAR WARS BOXY FIT BASKILI TİŞÖRT,499.99
KISA BOY,799.99
BAGGY FIT PANTOLON,1299.99
KISA KOLLU POLO TİŞÖRT,999.99
2'Lİ TAKIM,799.99
%100 PAMUK BASİC TİŞÖRT,499.99
STRAIGHT FIT PANTOLON,1299.99
%100 PAMUK RICK AND MORTY BOXY FIT TİŞÖRT,499.99
%100 PAMUK BOXY FİT BASKILI TİŞÖRT,399.99
%100 PAMUK BOXY FIT TİŞÖRT,599.99
ERKEK ETİKET BASKILI JEAN CAP ŞAPKA,349.99
BOXY FIT UZUN KOLLU GÖMLEK,1299.99
STANDART FIT KISA KOLLU TİŞÖRT,699.99
BOXY FIT KISA KOLLU TİŞÖRT,499.99
ERKEK SÜET CAP ŞAPKA,399.99
%100 PAMUK VIKINGS BASKILI TİŞÖRT,499.99
REGULAR FIT ŞORT,699.99
KISA KOLLU TİŞÖRT,499.99
%100 PAMUK HOUSE OF THE DRAGON BOXY FIT BASKILI TİŞÖRT,499.99
STRAIGHT FIT PANTOLON,1299.99
REGULAR FIT ALT,599.99
REGULAR FIT PAMUKLU UZUN KOLLU GÖMLEK,1299.99
REGULAR FIT KISA KOLLU TİŞÖRT,399.99
BOXY FIT KISA KOLLU TİŞÖRT,599.99
SLIM FIT KISA KOLLU GÖMLEK,999.99
%100 PAMUK NEFES ALABİLEN LOOSE FİT TİŞÖRT,599.99
%100 PAMUK BOXY FİT BASKILI TİŞÖRT,349.99
%100 PAMUK BOXY FIT BASKILI TİŞÖRT,349.99
%100 PAMUK BOXY FİT BASKILI TİŞÖRT,349.99
%100 PAMUK NEFES ALABİLEN LOOSE FİT TİŞÖRT,599.99
ERKEK NAKIŞLI PAMUKLU CAP ŞAPKA,399.99
REGULAR FIT KISA KOLLU TİŞÖRT,499.99
KLASİK KESİM GENİŞ PAÇA PANTOLON,1299.99
WİDE LEG PİLE DETAYLI PANTOLON,1499.99
ERKEK NAKIŞLI PAMUKLU CAP ŞAPKA,399.99
ERKEK ETİKET BASKILI DOKUMA BEYZBOL BASKETBOL ŞAPKASI,349.99
ERKEK NAKIŞLI DOKUMA CAP ŞAPKA,399.99
ESNEK KIRIŞMAZ SLIM FIT POLO TİŞÖRT,999.99
%100 PAMUK ESNEK KUMAŞ BOXY FİT GÖMLEK,899.99
ESNEK KIRIŞMAZ SLIM FIT POLO TİŞÖRT,999.99
BOXY FIT KISA KOLLU TİŞÖRT,399.99
%100 PAMUK BOXY FİT BASKILI TİŞÖRT,349.99
%100 PAMUK BOXY FİT BASKILI TİŞÖRT,349.99
ERKEK NAKIŞLI NAKIŞ JEAN BEYZBOL BASKETBOL ŞAPKASI,399.99
%100 PAMUK BOXY FİT BASKILI TİŞÖRT,349.99
%100 PAMUK BOXY FİT TİŞÖRT,499.99
REGULAR FIT 3'LÜ BOXER,399.99
KISA KOLLU TİŞÖRT,699.99
ERKEK NAKIŞLI KETEN KARIŞIMLI CAP ŞAPKA,349.99
%100 PAMUK BOXY FİT TİŞÖRT,499.99
REGULAR FIT KISA KOLLU TİŞÖRT,399.99
REGULAR FIT KISA KOLLU POLO TİŞÖRT,499.99
STRAIGHT FIT PANTOLON,1299.99
BOXY FIT KISA KOLLU TİŞÖRT,899.99
%100 PAMUK BOXY FİT TİŞÖRT,349.99
KALIN KUMAŞ 2'Lİ TAKIM,999.99
%100 PAMUK STAR WARS BOXY FİT TİŞÖRT,499.99
STRAIGHT FIT PANTOLON,1299.99
PANTOLON,999.99
NBA LOS ANGELES LAKERS KISA KOLLU TİŞÖRT,799.99
ERKEK PAMUKLU CAP ŞAPKA,299.99
SLIM FIT KISA KOLLU GÖMLEK,999.99
LOOSE FIT KISA KOLLU TİŞÖRT,499.99
SLIM FIT KISA KOLLU GÖMLEK,999.99
SUPER BAGGY FIT PANTOLON,1299.99
ERKEK NAKIŞLI PAMUKLU CAP ŞAPKA,399.99
REGULAR FIT KISA KOLLU TİŞÖRT,399.99
REGULAR FIT ALT,899.99
%100 PAMUK BOXY FİT TİŞÖRT,349.99
MONT,1999.99
ERKEK KRAVAT,399.99
ERKEK ETİKET BASKILI JEAN BEYZBOL BASKETBOL ŞAPKASI,399.99
ERKEK ETİKET BASKILI PAMUKLU CAP ŞAPKA,349.99
2'Lİ TAKIM,999.99
ERKEK NAKIŞLI PAMUKLU CAP ŞAPKA,399.99
KALIN KUMAŞ 2'Lİ TAKIM,999.99
%100 PAMUK LOOSE FIT POLO YAKA TİŞÖRT,699.99
ERKEK NAKIŞLI PAMUKLU CAP ŞAPKA,399.99
ERKEK NAKIŞLI PAMUKLU CAP ŞAPKA,299.99
SUPER BAGGY FIT PANTOLON,1299.99
ERKEK PAMUKLU CAP ŞAPKA,299.99
%100 PAMUK BAGGY FİT PANTOLON,899.99
%100 PAMUK BOXY FIT BASKILI TİŞÖRT,499.99
REGULAR FIT TWİLL KISA KOLLU TİŞÖRT,399.99
%100 PAMUK BOXY FİT BASKILI TİŞÖRT,349.99
ERKEK ETİKET BASKILI DOKUMA BEYZBOL BASKETBOL ŞAPKASI,349.99
ERKEK ETİKET BASKILI DOKUMA BEYZBOL BASKETBOL ŞAPKASI,349.99
BOXY FIT KISA KOLLU TİŞÖRT,599.99
ERKEK PAMUKLU CAP ŞAPKA,349.99
LOOSE FIT KISA KOLLU TİŞÖRT,799.99
REGULAR FIT KISA KOLLU POLO TİŞÖRT,799.99
ERKEK ETİKET BASKILI DOKUMA BEYZBOL BASKETBOL ŞAPKASI,349.99
ERKEK PAMUKLU CAP ŞAPKA,349.99
ERKEK ETİKET BASKILI PAMUKLU CAP ŞAPKA,349.99
ERKEK PAMUKLU CAP ŞAPKA,349.99
%100 PAMUK BASKILI TİŞÖRT,399.99
%100 PAMUK BASKILI TİŞÖRT,399.99
ERKEK ETİKET BASKILI SÜET CAP ŞAPKA,399.99
REGULAR FIT ŞORT,699.99
SLIM FIT POPLİN UZUN KOLLU GÖMLEK,999.99
BOXY FIT ÇİZGİLİ KISA KOLLU GÖMLEK,899.99
KLASİK KESİM GENİŞ PAÇA PANTOLON,1299.99
ERKEK KRAVAT,399.99
ERKEK TRİKO ATKI,399.99
ERKEK PAMUKLU CAP ŞAPKA,349.99
BOXY FIT DOKUMA KISA KOLLU GÖMLEK,899.99
ERKEK ETİKET BASKILI PAMUKLU CAP ŞAPKA,349.99
ERKEK ETİKET BASKILI PAMUKLU CAP ŞAPKA,349.99
BOXY FIT KISA KOLLU POLO TİŞÖRT,799.99
%100 PAMUK BOXY FIT BASKILI TİŞÖRT,499.99
STRAIGHT FIT PANTOLON,1499.99
ERKEK NAKIŞLI PAMUKLU CAP ŞAPKA,299.99
BOXY FIT KISA KOLLU TİŞÖRT,399.99
%100 PAMUK BOXY FIT BASKILI TİŞÖRT,499.99
ERKEK NAKIŞLI KETEN KARIŞIMLI CAP ŞAPKA,349.99
ERKEK PAMUKLU CAP ŞAPKA,299.99
REGULAR FIT ŞORT,799.99
LOOSE FIT KISA KOLLU POLO TİŞÖRT,699.99
ERKEK ETİKET BASKILI SÜET CAP ŞAPKA,399.99
ERKEK SÜET CAP ŞAPKA,399.99
REGULAR FIT TWİLL KISA KOLLU TİŞÖRT,399.99
ERKEK ETİKET BASKILI PAMUKLU CAP ŞAPKA,349.99
REGULAR FIT ŞORT,799.99
ERKEK MARVEL AVENGERS ETİKET BASKILI DOKUMA BEYZBOL BASKETBOL ŞAPKASI,399.99
PANTOLON,999.99
REGULAR FIT ŞORT,799.99
KISA KOLLU POLO TİŞÖRT,599.99
BOXY FIT KISA KOLLU POLO TİŞÖRT,799.99
REGULAR FIT KISA KOLLU POLO TİŞÖRT,799.99
%100 PAMUK ONE PIECE BASKILI BOXY FIT TİŞÖRT,599.99
ERKEK ETİKET BASKILI PAMUKLU CAP ŞAPKA,349.99
LOOSE FIT KISA KOLLU TİŞÖRT,699.99
ERKEK TRİKO ATKI,399.99
%100 PAMUK BOXY FIT SLOGAN DESENLİ ATLET,399.99
STRAIGHT FIT PANTOLON,1299.99
REGULAR FIT ŞORT,599.99
FLARE FIT PANTOLON,1499.99
ERKEK NAKIŞLI PAMUKLU CAP ŞAPKA,399.99
FLARE FIT PANTOLON,1499.99
KISA KOLLU TİŞÖRT,499.99
KISA KOLLU TİŞÖRT,499.99
FLARE FIT PANTOLON,1499.99
BOXY FIT KISA KOLLU TİŞÖRT,499.99
ERKEK BASIC DÜZ KAŞE CAP ŞAPKA,349.99
ERKEK PAMUKLU CAP ŞAPKA,349.99
%100 PAMUK BOXY FIT BASKILI TİŞÖRT,349.99
LOOSE FIT KISA KOLLU TİŞÖRT,699.99
%100 PAMUK BOXY FIT SLOGAN DESENLİ ATLET,399.99
ERKEK ETİKET BASKILI JEAN BEYZBOL BASKETBOL ŞAPKASI,349.99
BAGGY FIT BERMUDA,999.99
BOXY FIT KISA KOLLU TİŞÖRT,699.99
%100 PAMUK ONE PIECE BASKILI BOXY FIT TİŞÖRT,599.99
BOXY FIT WAFFLE KISA KOLLU TİŞÖRT,599.99
FERMUARLI MONT,1999.99
ERKEK ETİKET BASKILI DOKUMA BEYZBOL BASKETBOL ŞAPKASI,349.99
ERKEK TRİKO ATKI,399.99
ERKEK DESENLİ PAMUKLU CAP ŞAPKA,399.99
PEDRO SLIM FIT PANTOLON,1299.99
BOXY FIT KISA KOLLU TİŞÖRT,499.99
REGULAR FIT ŞORT,599.99
REGULAR FIT ŞORT,599.99
ERKEK BASKILI BEYZBOL BASKETBOL ŞAPKASI,399.99
BOXY FIT ÇİZGİLİ KISA KOLLU GÖMLEK,899.99
BOXY FIT KRİNKIL KISA KOLLU GÖMLEK,899.99
ERKEK PAMUKLU CAP ŞAPKA,299.99
ERKEK PAMUKLU CAP ŞAPKA,299.99
BOXY FIT ÇİZGİLİ KISA KOLLU GÖMLEK,899.99
BOXY FIT KRİNKIL KISA KOLLU GÖMLEK,899.99
LOOSE FIT KISA KOLLU POLO TİŞÖRT,699.99
REGULAR FIT ŞORT,799.99
RELAX FIT JOGGER,1299.99
NBA BROOKLYN NETS KISA KOLLU TİŞÖRT,899.99
REGULAR FIT ŞORT,799.99
ERKEK ETİKET BASKILI DOKUMA BEYZBOL BASKETBOL ŞAPKASI,349.99
KISA KOLLU POLO TİŞÖRT,1299.99
STRAIGHT FIT PANTOLON,1499.99
KISA KOLLU TİŞÖRT,799.99
LOOSE FIT KISA KOLLU TİŞÖRT,799.99
REGULAR FIT KISA KOLLU POLO TİŞÖRT,799.99
REGULAR FIT KISA KOLLU POLO TİŞÖRT,799.99
REGULAR FIT KISA KOLLU POLO TİŞÖRT,799.99
PANTOLON,999.99
STRAIGHT FIT BERMUDA,1299.99
BOXY FIT ÇİZGİLİ KISA KOLLU GÖMLEK,899.99
REGULAR FIT KISA KOLLU POLO TİŞÖRT,799.99
ERKEK NAKIŞLI KETEN KARIŞIMLI CAP ŞAPKA,349.99
REGULAR FIT BERMUDA,899.99
STRAIGHT FIT BERMUDA,999.99
RELAX FIT SWEATSHİRT KUMAŞI UZUN ŞORT,699.99
ERKEK BASIC DÜZ KAŞE CAP ŞAPKA,349.99
REGULAR FIT KISA KOLLU POLO TİŞÖRT,799.99
BOXY FIT KISA KOLLU GÖMLEK,899.99
ERKEK ŞAPKA,499.99
KISA KOLLU TİŞÖRT,799.99
%100 PAMUK ONE PIECE BASKILI BOXY FIT TİŞÖRT,599.99
BOXY FIT KISA KOLLU TİŞÖRT,599.99
BAGGY FIT BERMUDA,999.99
ERKEK ŞAPKA,499.99
ERKEK ŞAPKA,499.99
ERKEK BASIC DÜZ KAŞE CAP ŞAPKA,349.99
ERKEK PAMUKLU CAP ŞAPKA,299.99
REGULAR FIT ŞORT,599.99
BOXY FIT WAFFLE KISA KOLLU TİŞÖRT,599.99
ERKEK NAKIŞLI FITİLLİ KADİFE CAP ŞAPKA,399.99
ERKEK EVA CAP ŞAPKA,399.99
PREMİUM AKIŞKAN KUMAŞ GÖMLEK,999.99
REGULAR FIT 3'LÜ BOXER,399.99
BALLOON FIT PANTOLON,999.99
SERGİO REGULAR FIT NORMAL BEL BORU PAÇA PANTOLON,999.99
BAGGY FIT PANTOLON,1299.99
2'Lİ TAKIM,999.99
BOXY FIT MONT,2499.99
%100 PAMUK BOXY FİT BASKILI TİŞÖRT,349.99
REGULAR FIT 3'LÜ BOXER,399.99
REGULAR FIT ALT,599.99
REGULAR FIT PANTOLON,1299.99
RELAX FIT PANTOLON,1699.99
CEKET,1999.99
REGULAR FIT BLAZER CEKET,2499.99
STANDART FIT PANTOLON,1299.99
SLIM FIT KISA KOLLU POLO TİŞÖRT,1299.99
STANDART FIT,999.99
STANDART FIT KISA KOLLU POLO TİŞÖRT,699.99
CEKET,1799.99
%100 PAMUK GÖMLEK,999.99
STANDART FIT KISA KOLLU TİŞÖRT,499.99
CEKET,1999.99
TAILORED FIT PANTOLON,1299.99
%100 PAMUK GÖMLEK,999.99
STANDART FIT MODAL KISA KOLLU POLO TİŞÖRT,1299.99
SLIM FIT UZUN KOLLU GÖMLEK,1499.99
BAGGY FIT PANTOLON,799.99
REGULAR FIT BLAZER CEKET,2499.99
BELİ LASTİKLİ ŞORT,799.99
CEKET,1999.99
CEKET,1999.99
TAILORED FIT PANTOLON,1299.99
TAILORED FIT PANTOLON,1299.99
BAGGY FIT PANTOLON,1299.99
BAGGY FIT PANTOLON,1299.99
SLIM FIT PİKE KISA KOLLU POLO TİŞÖRT,699.99
STANDART FIT KISA KOLLU POLO TİŞÖRT,999.99
SLIM FIT PİKE KISA KOLLU POLO TİŞÖRT,699.99
BARREL FIT PANTOLON,1299.99
STANDART FIT KISA KOLLU POLO TİŞÖRT,1299.99
TAILORED FIT PANTOLON,1299.99
SLIM FIT KISA KOLLU POLO TİŞÖRT,1299.99
SLIM FIT PANTOLON,1299.99
TAILORED FIT PANTOLON,1299.99
BAGGY FIT PANTOLON,1299.99
STANDART FIT UZUN KOLLU POLO TİŞÖRT,999.99
STANDART FIT PANTOLON,1299.99
STANDART FIT KISA KOLLU POLO TİŞÖRT,1299.99
SLIM FIT KISA KOLLU TİŞÖRT,499.99
FERMUARLI MONT,1499.99
SLIM FIT UZUN KOLLU GÖMLEK,1499.99
STANDART FIT MODAL KISA KOLLU POLO TİŞÖRT,1299.99
STANDART FIT PANTOLON,1299.99
ESNEK TAILORED FIT PANTOLON,1499.99
BELİ LASTİKLİ ŞORT,799.99
STANDART FIT KISA KOLLU TİŞÖRT,799.99
REGULAR JOGGER PANTOLON,899.99
STANDART FIT PANTOLON,1299.99
STRAIGHT FIT PANTOLON,1299.99
STANDART FIT,1499.99
STANDART FIT KISA KOLLU POLO TİŞÖRT,1299.99
SLIM FIT KISA KOLLU TİŞÖRT,499.99
STANDART FIT PANTOLON,1299.99
BAGGY FIT PANTOLON,1299.99
STANDART FIT KISA KOLLU TİŞÖRT,799.99
REGULAR FIT BLAZER CEKET,2499.99
STANDART FIT KISA KOLLU POLO TİŞÖRT,999.99
ESNEK TAILORED FIT PANTOLON,1499.99
CEKET,1999.99
STANDART FIT MODAL ŞORT,799.99
STANDART FIT KISA KOLLU TİŞÖRT,499.99
RELAX FIT PANTOLON,999.99
CEKET,1999.99
BELİ LASTİKLİ ŞORT,799.99
SLIM FIT KISA KOLLU TİŞÖRT,499.99
DISNEY LILO & STITCH 2'Lİ TAKIM KIZ ÇOCUK,999.99
DISNEY MICKEY & MINNIE FİTİLLİ KAŞKORSE 2'Lİ PİJAMA TAKIMI KIZ ÇOCUK,899.99
JEAN ŞORT ERKEK ÇOCUK,699.99
AYICIKLI ÇİZGİLİ POPLİN GÖMLEK ERKEK ÇOCUK,799.99
FİTİLLİ KAŞKORSE 2'Lİ TAKIM KIZ BEBEK,599.99
DESENLİ FİTİLLİ KAŞKORSE 2'Lİ TAKIM KIZ BEBEK,599.99
TROPİKAL DESENLİ GÖMLEK ERKEK BEBEK,599.99
AYICIKLI PİKE 2'Lİ TAKIM ERKEK BEBEK,1299.99
AYICIKLI PAMUKLU ELBİSE KIZ ÇOCUK,899.99
2'Lİ KURDELE SAÇ TOKASI KIZ ÇOCUK,199.99
GABARDİN ŞORT ERKEK ÇOCUK,599.99
DOKULU ÇİZGİLİ ŞORT ERKEK ÇOCUK,799.99
3D PENYE TİŞÖRT KIZ BEBEK,499.99
MEYVE DESENLİ 2'Lİ TAKIM KIZ BEBEK,699.99
AYICIKLI TİŞÖRT ERKEK BEBEK,399.99
JEAN ŞORT ERKEK BEBEK,699.99
AYICIKLI POLO TİŞÖRT KIZ ÇOCUK,599.99
AYICIKLI TİŞÖRT KIZ ÇOCUK,499.99
DOKULU ŞORT ERKEK ÇOCUK,599.99
PLAYSTATION 3'LÜ PAMUKLU UZUN ÇORAP ERKEK ÇOCUK,199.99
AYICIKLI ELBİSE KIZ BEBEK,799.99
AYICIKLI GÖMLEK KIZ BEBEK,699.99
AYICIKLI POPLİN GÖMLEK ERKEK BEBEK,699.99
AYICIKLI TİŞÖRT ERKEK BEBEK,399.99
PİLELİ ETEK KIZ ÇOCUK,799.99
ŞORT KIZ ÇOCUK,599.99
TİŞÖRT ŞORT 2'Lİ TAKIM ERKEK ÇOCUK,999.99
APAŞ YAKA GÖMLEK ERKEK ÇOCUK,599.99
FİTİLLİ KAŞKORSE 2'Lİ TAKIM KIZ BEBEK,599.99
AYICIKLI ELBİSE KIZ BEBEK,799.99
AYICIKLI TİŞÖRT ERKEK BEBEK,399.99
AYICIKLI JEAN TULUM ERKEK BEBEK,1299.99
ELBİSE KIZ ÇOCUK,999.99
HASIR ŞAPKA KIZ ÇOCUK,599.99
OVERSIZE TİŞÖRT ERKEK ÇOCUK,399.99
2'Lİ TAKIM ERKEK ÇOCUK,499.99
AYICIKLI 2'Lİ TAKIM KIZ BEBEK,999.99
REGULAR FIT ŞORT KIZ BEBEK,499.99
ÇİZGİLİ TİŞÖRT ŞORT 2'Lİ TAKIM ERKEK BEBEK,699.99
ATLET ŞORT 2'Lİ TAKIM ERKEK BEBEK,399.99
STANDART BOY KRİNKIL TAYT KIZ ÇOCUK,499.99
KETEN GÖRÜNÜMLÜ KIZ ÇOCUK,699.99
SWEATSHİRT KUMAŞI 2'Lİ TAKIM ERKEK ÇOCUK,799.99
JEAN BUCKET ŞAPKA ERKEK ÇOCUK,399.99
KRİNKIL 2'Lİ TAKIM KIZ BEBEK,999.99
ÇİÇEKLİ FİTİLLİ KAŞKORSE TİŞÖRT KIZ BEBEK,299.99
TROPİKAL DESENLİ GÖMLEK ERKEK BEBEK,599.99
HAYVAN DESENLİ 2'Lİ PİJAMA TAKIMI ERKEK BEBEK,399.99
BAGGY FIT JEAN PANTOLON KIZ ÇOCUK,899.99
WIDE LEG PANTOLON KIZ ÇOCUK,699.99
OVERSIZE POLO YAKA KISA KOLLU POLO TİŞÖRT ERKEK ÇOCUK,799.99
SWEATSHİRT KUMAŞI 2'Lİ TAKIM ERKEK ÇOCUK,999.99
KRİNKIL PUANTİYELİ 2'Lİ TAKIM KIZ BEBEK,799.99
BOMBER HIRKA KIZ BEBEK,599.99
HOT WHEELS 2'Lİ TAKIM ERKEK BEBEK,799.99
MÜSLİN ŞORT ERKEK BEBEK,499.99
JEAN ŞORT ETEK KIZ ÇOCUK,899.99
2'Lİ KURDELE SAÇ TOKASI KIZ ÇOCUK,199.99
OVERSIZE BİSİKLET YAKA SLOGAN BASKILI MODAL KISA KOLLU TİŞÖRT ERKEK ÇOCUK,599.99
NINJA TURTLES-RETRO NEW REGULAR FIT BİSİKLET YAKA KISA KOLLU TİŞÖRT ERKEK ÇOCUK,499.99
KARE YAKA PAMUKLU GÖMLEK KIZ BEBEK,499.99
RİBANA KURDELA DETAYLI TİŞÖRT KIZ BEBEK,499.99
HOT WHEELS TİŞÖRT ERKEK BEBEK,399.99
HAYVAN BASKILI 2'Lİ TAKIM ERKEK BEBEK,999.99
KETEN GÖRÜNÜMLÜ KIZ ÇOCUK,699.99
TİŞÖRT ALT 2'Lİ PİJAMA TAKIMI KIZ ÇOCUK,799.99
GABARDİN ŞORT ERKEK ÇOCUK,599.99
JEAN BUCKET ŞAPKA ERKEK ÇOCUK,399.99
HELLO KİTTY OVERSIZE TİŞÖRT KIZ BEBEK,499.99
ÇİZGİLİ PENYE 3'LÜ TİŞÖRT KIZ BEBEK,699.99
BELİ LASTİKLİ 2'Lİ ŞORT ERKEK BEBEK,799.99
MÜSLİN 2'Lİ TAKIM ERKEK BEBEK,1299.99
ÇİFT KATMANLI GOFRE DOKULU GÖMLEK KIZ ÇOCUK,999.99
MEYVE DESENLİ RİBANA TİŞÖRT KIZ ÇOCUK,499.99
ŞORT ERKEK ÇOCUK,799.99
OVERSIZE BASKILI ŞORT ERKEK ÇOCUK,499.99
PAMUKLU DENİM ELBİSE KIZ BEBEK,1299.99
WAFFLE TAYT KIZ BEBEK,499.99
REGULAR FIT KISA KOLLU TİŞÖRT ERKEK BEBEK,299.99
BELİ LASTİKLİ ŞORT ERKEK BEBEK,599.99
WIDE LEG PANTOLON KIZ ÇOCUK,699.99
5'Lİ PAMUKLU PATİK ÇORAP KIZ ÇOCUK,249.99
OVERSIZE POLO YAKA GÖMLEK ERKEK ÇOCUK,799.99
JEAN ŞORT ERKEK ÇOCUK,799.99
ÇİÇEKLİ FİTİLLİ KAŞKORSE TAYT KIZ BEBEK,399.99
WIDE LEG JEAN PANTOLON KIZ BEBEK,799.99
PAMUKLU ŞORT ERKEK BEBEK,699.99
DESENLİ 2'Lİ PİJAMA TAKIMI ERKEK BEBEK,399.99
PLAJ ELBİSESİ KIZ ÇOCUK,599.99
TİŞÖRT KIZ ÇOCUK,599.99
DÜZ PAÇA BASİC DÜZ GABARDİN PANTOLON ERKEK ÇOCUK,699.99
PAMUKLU CAP ŞAPKA ERKEK ÇOCUK,349.99
BALLOON FIT ESNEK BANTLI PAÇA KETEN KARIŞIMLI PANTOLON KIZ BEBEK,599.99
MEYVE BASKILI WAFFLE TAYT KIZ BEBEK,399.99
DİNOZOR BASKILI 2'Lİ TAKIM ERKEK BEBEK,499.99
REGULAR FIT KISA KOLLU TİŞÖRT ERKEK BEBEK,299.99
WIDE BAGGY FIT GABARDİN PANTOLON KIZ ÇOCUK,999.99
TİŞÖRT ETEK 2'Lİ TAKIM KIZ ÇOCUK,999.99
KETEN GÖRÜNÜMLÜ GÖMLEK ERKEK ÇOCUK,599.99
SU İTİCİ SUNİ DERİ MONT ERKEK ÇOCUK,1299.99
ÇİZGİLİ ASKILI GOFRE DOKULU ELBİSE KIZ BEBEK,799.99
BİSİKLET YAKA LEOPAR DESENLİ FİTİLLİ KAŞKORSE 2'Lİ UZUN KOLLU TİŞÖRT KIZ BEBEK,599.99
OVERSHIRT FIT SLOGAN BASKILI KISA KOLLU TİŞÖRT ERKEK BEBEK,299.99
REGULAR FIT JAKARLI KISA KOLLU POLO TİŞÖRT ERKEK BEBEK,599.99
MİDİ TAYT KIZ ÇOCUK,299.99
3'LÜ PAMUKLU PATİK ÇORAP KIZ ÇOCUK,199.99
ATATÜRK BASKILI TİŞÖRT ERKEK ÇOCUK,299.99
SU İTİCİ KONTRAST KADİFE YAKA MONT ERKEK ÇOCUK,1799.99
POLO YAKA CEKET KIZ BEBEK,1299.99
RİBANA 2'Lİ TAYT KIZ BEBEK,599.99
REGULAR FIT KISA KOLLU TİŞÖRT ERKEK BEBEK,299.99
REGULAR FIT KISA KOLLU TİŞÖRT ERKEK BEBEK,299.99
WIDE LEG KRİNKIL KUMAŞ PANTOLON KIZ ÇOCUK,599.99
YILDIZ DESENLİ FİTİLLİ KAŞKORSE TİŞÖRT KIZ ÇOCUK,399.99
STRAIGHT FIT STANDART PAÇA BASİC DÜZ JEAN PANTOLON ERKEK ÇOCUK,799.99
PAMUKLU CAP ŞAPKA ERKEK ÇOCUK,349.99
REGULAR FIT PAMUKLU ŞORT KIZ BEBEK,599.99
KETEN KARIŞIMLI KISA KOLLU GÖMLEK KIZ BEBEK,499.99
ARAÇ BASKILI 2'Lİ TAKIM ERKEK BEBEK,599.99
PAMUKLU DENİM ŞORT ERKEK BEBEK,599.99
ÇİÇEKLİ İŞLEMELİ TİŞÖRT KIZ ÇOCUK,299.99
WIDE LEG KRİNKIL PANTOLON KIZ ÇOCUK,599.99
POLO TİŞÖRT ERKEK ÇOCUK,599.99
CARROT FIT STANDART PAÇA GABARDİN PANTOLON ERKEK ÇOCUK,799.99
2'Lİ PİJAMA TAKIMI KIZ BEBEK,599.99
BIKER FİTİLLİ KAŞKORSE ŞORT KIZ BEBEK,299.99
2'Lİ TAKIM DİNOZOR BASKILI SWEATSHİRT ALT ERKEK BEBEK,799.99
%100 PAMUKLU BASKILI 2'Lİ PİJAMA TAKIMI ERKEK BEBEK,499.99
GÖMLEK KIZ ÇOCUK,499.99
3'LÜ PAMUKLU UZUN ÇORAP KIZ ÇOCUK,199.99
2'Lİ TAKIM ERKEK ÇOCUK,1299.99
KOLEJ YAKA BOMBER NAKIŞLI MONT ERKEK ÇOCUK,1599.99
ÇİÇEKLİ 2'Lİ TAKIM KIZ BEBEK,899.99
LEOPAR DESENLİ FİTİLLİ KAŞKORSE 2'Lİ TAYT KIZ BEBEK,599.99
PAMUKLU TULUM ERKEK BEBEK,999.99
DİNAZOR BASKILI SU GEÇİRMEZ YAĞMURLUK ERKEK BEBEK,799.99
GÖMLEK KIZ ÇOCUK,499.99
TİŞÖRT ŞORT 2'Lİ TAKIM KIZ ÇOCUK,799.99
RÜZGAR GEÇİRMEZ KAPÜŞONLU POLAR ASTARLI MONT ERKEK ÇOCUK,1599.99
NAKIŞLI PAMUKLU CAP ŞAPKA ERKEK ÇOCUK,299.99
ÇİZGİLİ ASKILI GOFRE DOKULU ELBİSE KIZ BEBEK,799.99
BİSİKLET YAKA SLOGAN BASKILI WAFFLE UZUN KOLLU TİŞÖRT KIZ BEBEK,399.99
1 TOG ELYAF TULUM ERKEK BEBEK,799.99
SLOGAN BASKILI SWEATSHİRT KUMAŞI 2'Lİ TAKIM ERKEK BEBEK,799.99
BLUZ KIZ ÇOCUK,499.99
BLUZ KIZ ÇOCUK,499.99
DÜZ PAÇA PANTOLON ERKEK ÇOCUK,799.99
OVERSIZE GÖMLEK ERKEK ÇOCUK,799.99
DOKUMA 2'Lİ DOKUMA PİJAMA KIZ BEBEK,899.99
BIKER FİTİLLİ KAŞKORSE ŞORT KIZ BEBEK,299.99
OVERSİZE GENİŞ KALIP BASKILI 2'Lİ EŞOFMAN ALTI ERKEK BEBEK,799.99
GABARDİN PANTOLON ERKEK BEBEK,599.99
PAREO KIZ ÇOCUK,399.99
NAKIŞLI PAMUKLU CAP ŞAPKA KIZ ÇOCUK,299.99
2'Lİ TAKIM ERKEK ÇOCUK,1299.99
AKIŞKAN KUMAŞ GÖMLEK ERKEK ÇOCUK,799.99
BİSİKLET YAKA FLORAL FİTİLLİ KAŞKORSE UZUN KOLLU TİŞÖRT KIZ BEBEK,299.99
ÇİÇEKLİ MÜSLİN 2'Lİ TAKIM KIZ BEBEK,999.99
GABARDİN UZUN KOLLU GÖMLEK ERKEK BEBEK,999.99
HAYVAN BASKILI 2'Lİ TAKIM ERKEK BEBEK,999.99
2'Lİ TAKIM KIZ ÇOCUK,799.99
MİDİ TAYT KIZ ÇOCUK,299.99
STRAIGHT FIT JEAN PANTOLON ERKEK ÇOCUK,999.99
3'LÜ PAMUKLU ERKEK ÇOCUK,199.99
ÇİZGİLİ PENYE TİŞÖRT KIZ BEBEK,399.99
ÇİZGİLİ PENYE TİŞÖRT KIZ BEBEK,399.99
2'Lİ TAKIM SWEATSHİRT ALT ERKEK BEBEK,599.99
2'Lİ DİNOZOR BASKILI TİŞÖRT ERKEK BEBEK,599.99
TİŞÖRT KIZ ÇOCUK,599.99
TİŞÖRT KIZ ÇOCUK,299.99
JEAN PANTOLON ERKEK ÇOCUK,799.99
DÜZ PAÇA PANTOLON ERKEK ÇOCUK,799.99
CINNAMOROLL OVERSIZE PENYE TİŞÖRT KIZ BEBEK,499.99
WIDE LEG KRİNKIL PUANTİYELİ PANTOLON KIZ BEBEK,499.99
DİNOZOR BASKILI GABARDİN PANTOLON ERKEK BEBEK,599.99
%100 PAMUKLU DESENLİ 2'Lİ PİJAMA TAKIMI ERKEK BEBEK,499.99
REGULAR FIT BİSİKLET YAKA UZUN KOLLU TİŞÖRT KIZ ÇOCUK,299.99
3'LÜ PAMUKLU PATİK ÇORAP KIZ ÇOCUK,149.99
EŞOFMAN ALTI ERKEK ÇOCUK,499.99
BASIC PİKE POLO TİŞÖRT ERKEK ÇOCUK,399.99
POPLİN ETEK KIZ BEBEK,599.99
PİLELİ JEAN ŞORT ETEK KIZ BEBEK,699.99
HAYVAN DESENLİ 2'Lİ TAKIM ERKEK BEBEK,499.99
1 TOG ELYAF TULUM ERKEK BEBEK,799.99
POLO TİŞÖRT KIZ ÇOCUK,399.99
OMZU AÇIK BASKILI TİŞÖRT KIZ ÇOCUK,499.99
KOLEJ YAKA NAKIŞ DETAYLI BOMBER MONT ERKEK ÇOCUK,1299.99
PAMUKLU PAPYON PANTOLON ASKISI 2'Lİ ERKEK ÇOCUK,499.99
MEYVE BASKILI 2'Lİ TAKIM KIZ BEBEK,899.99
MÜSLİN ELBİSE KIZ BEBEK,799.99
JEAN TULUM ERKEK BEBEK,799.99
SU GEÇİRMEZ KAPÜŞONLU YAĞMURLUK ERKEK BEBEK,999.99
OXFORD GÖMLEK TİŞÖRT 2'Lİ TAKIM KIZ ÇOCUK,799.99
JEAN CEKET KIZ ÇOCUK,1299.99
DÜZ PAÇA GABARDİN PANTOLON ERKEK ÇOCUK,699.99
TİŞÖRT ŞORT 2'Lİ TAKIM ERKEK ÇOCUK,999.99
MEYVE BASKILI 2'Lİ TAKIM KIZ BEBEK,899.99
SU İTİCİ KAPÜŞONLU YAĞMURLUK KIZ BEBEK,1499.99
GABARDİN 2'Lİ TAKIM ERKEK BEBEK,999.99
FERMUARLI NAKIŞLI DENIM CEKET ERKEK BEBEK,999.99
OXFORD GÖMLEK TİŞÖRT 2'Lİ TAKIM KIZ ÇOCUK,899.99
ÇİZGİLİ CAP ŞAPKA KIZ ÇOCUK,299.99
NBA CHICAGO BULLS BOMBER HIRKA ERKEK ÇOCUK,1299.99
DİK YAKA SÜET MONT ERKEK ÇOCUK,1599.99
BEBE YAKA PENYE TİŞÖRT KIZ BEBEK,499.99
PAPERBAG GABARDİN PANTOLON KIZ BEBEK,699.99
GABARDİN PANTOLON ERKEK BEBEK,599.99
%100 PAMUKLU DESENLİ 2'Lİ PİJAMA TAKIMI ERKEK BEBEK,499.99
ŞORT ETEK KIZ ÇOCUK,699.99
FİYONKLU BLUZ KIZ ÇOCUK,599.99
STRAIGHT FIT DÜZ PAÇA JEAN PANTOLON ERKEK ÇOCUK,799.99
5'Lİ PAMUKLU UZUN ÇORAP ERKEK ÇOCUK,249.99
2'Lİ TAKIM KIZ BEBEK,799.99
TWILL NAKIŞ DETAYLI TULUM KIZ BEBEK,899.99
DİNOZOR BASKILI KISA KOLLU TİŞÖRT ERKEK BEBEK,299.99
BASKILI 2'Lİ TAKIM ERKEK BEBEK,499.99
WIDE LEG GENİŞ PAÇA PANTOLON KIZ ÇOCUK,799.99
PAMUKLU ELBİSE KIZ ÇOCUK,899.99
DÜZ PAÇA AKIŞKAN KUMAŞ PANTOLON ERKEK ÇOCUK,799.99
SLIM FIT DÜZ PAÇA JEAN PANTOLON ERKEK ÇOCUK,799.99
KIZ BEBEK PAMUKLU TULUM,1299.99
RİBANA 2'Lİ TAKIM KIZ BEBEK,899.99
PİKE POLO TİŞÖRT ŞORT 2'Lİ TAKIM ERKEK BEBEK,799.99
BASKILI 2'Lİ TAKIM ERKEK BEBEK,799.99
STANDART BOY TAYT KIZ ÇOCUK,599.99
3'LÜ PAMUKLU UZUN ÇORAP KIZ ÇOCUK,199.99
HER YÖNE ESNEYEN PANTOLON ERKEK ÇOCUK,799.99
REGULAR FIT 2'Lİ PİJAMA TAKIMI ERKEK ÇOCUK,699.99
MİFFY TİŞÖRT ALT 2'Lİ TAKIM KIZ BEBEK,899.99
KOLSUZ JEAN ELBİSE KIZ BEBEK,999.99
KARGO FİT JOGGER PAÇA GABARDİN PANTOLON ERKEK BEBEK,799.99
2'Lİ TAKIM BASKILI TİŞÖRT ALT ERKEK BEBEK,799.99
ATATÜRK BASKILI TİŞÖRT KIZ ÇOCUK,299.99
2'Lİ TAKIM KIZ ÇOCUK,1299.99
BARREL FIT JEAN PANTOLON ERKEK ÇOCUK,999.99
BASKILI 5'Lİ PAMUKLU UZUN ÇORAP ERKEK ÇOCUK,249.99
PÖTİKARELİ GOFRE DOKULU ELBİSE KIZ BEBEK,799.99
2'Lİ TAKIM DESENLİ SWEATSHİRT ALT KIZ BEBEK,899.99
2'Lİ TAKIM BASKILI SWEATSHİRT EŞOFMAN ALTI ERKEK BEBEK,799.99
MÜSLİN GÖMLEK ERKEK BEBEK,599.99
SUNİ DERİ CEKET KIZ ÇOCUK,1299.99
WIDE LEG PAMUKLU PANTOLON KIZ ÇOCUK,699.99
GABARDİN PANTOLON ERKEK ÇOCUK,799.99
KETEN GÖRÜNÜMLÜ GÖMLEK ERKEK ÇOCUK,599.99
SU GEÇİRMEZ KAPÜŞONLU YAĞMURLUK KIZ BEBEK,1499.99
"1,6 TOG ELYAF DESENLİ TULUM KIZ BEBEK",999.99
DÜZ PAÇA PANTOLON ERKEK BEBEK,599.99
GABARDİN 2'Lİ TAKIM ERKEK BEBEK,999.99
SU İTİCİ KAPÜŞONLU MONT KIZ ÇOCUK,999.99
3'LÜ PAMUKLU UZUN ÇORAP KIZ ÇOCUK,199.99
KADİFE YAKA MONT ERKEK ÇOCUK,1299.99
PİKE POLO TİŞÖRT ERKEK ÇOCUK,399.99
ELBİSE KIZ BEBEK,699.99
AKIŞKAN KUMAŞLI TULUM KIZ BEBEK,899.99
GABARDİN TULUM ERKEK BEBEK,999.99
2'Lİ TAKIM ÇİZGİLİ TİŞÖRT ALT ERKEK BEBEK,999.99
2'Lİ TAKIM KIZ ÇOCUK,1299.99
TRENÇKOT KIZ ÇOCUK,1599.99
MINECRAFT TİŞÖRT ŞORT 2'Lİ TAKIM ERKEK ÇOCUK,999.99
3'LÜ PAMUKLU UZUN ÇORAP ERKEK ÇOCUK,149.99
2'Lİ TAKIM KIZ BEBEK,899.99
UZUN KOLLU JEAN ELBİSE KIZ BEBEK,1299.99
SU GEÇİRMEZ MONT ERKEK BEBEK,999.99
BELİ LASTİKLİ DÜZ PAÇA GABARDİN PANTOLON ERKEK BEBEK,499.99
2'Lİ TAKIM KIZ ÇOCUK,799.99
KISA KOLLU BLUZ KIZ ÇOCUK,599.99
BARREL FIT JEAN PANTOLON ERKEK ÇOCUK,999.99
PLAYSTATION OVERSIZE TİŞÖRT ERKEK ÇOCUK,499.99
KALPLİ SWEATSHIRT ÇİZİLİ ALT 2'Lİ TAKIM KIZ BEBEK,799.99
WIDE LEG PAMUKLU PANTOLON KIZ BEBEK,799.99
KETEN GÖRÜNÜMLÜ GÖMLEK ERKEK BEBEK,399.99
POLO YAKA MÜSLİN UZUN KOLLU GÖMLEK ERKEK BEBEK,599.99
GABARDİN KIZ ÇOCUK,499.99
SİMLİ PARILTILI KÜLOTLU ÇORAP KIZ ÇOCUK,149.99
DİK YAKA SÜET MONT ERKEK ÇOCUK,1599.99
GABARDİN PANTOLON ERKEK ÇOCUK,799.99
ELBİSE KIZ BEBEK,699.99
GABARDİN ŞORT KIZ BEBEK,699.99
BELİ LASTİKLİ JEAN PANTOLON ERKEK BEBEK,599.99
JOGGER FİT JEAN PANTOLON ERKEK BEBEK,599.99
DENİM CEKET KIZ ÇOCUK,1499.99
WIDE LEG PAMUKLU PANTOLON KIZ ÇOCUK,699.99
GABARDİN PANTOLON ERKEK ÇOCUK,799.99
PAMUKLU PAPYON PANTOLON ASKISI 2'Lİ ERKEK ÇOCUK,499.99
NAKIŞLI SALOPET JEAN ELBİSE KIZ BEBEK,999.99
OVERSIZE DESENLİ SWEATSHIRT KIZ BEBEK,399.99
KAYKAY BASKILI 2'Lİ TAKIM ERKEK BEBEK,799.99
2'Lİ TAKIM BASKILI SWEATSHİRT EŞOFMAN ALTI ERKEK BEBEK,799.99
RELAX FIT BİSİKLET YAKA KISA KOLLU TİŞÖRT KIZ ÇOCUK,199.99
JEAN ŞORT KIZ ÇOCUK,799.99
DÜZ PAÇA PANTOLON ERKEK ÇOCUK,799.99
OVERSIZE TİŞÖRT ERKEK ÇOCUK,399.99
KALPLİ PENYE TİŞÖRT KIZ BEBEK,399.99
DISNEY LILO & STITCH 2'Lİ TAKIM KIZ BEBEK,899.99
JOGGER FIT JEAN PANTOLON ERKEK BEBEK,799.99
%100 PAMUKLU YILDIZ DESENLİ 2'Lİ PİJAMA TAKIMI ERKEK BEBEK,499.99
KAPÜŞONLU YAĞMURLUK KIZ ÇOCUK,1499.99
ATATÜRK İMZALI PAMUKLU CAP ŞAPKA KIZ ÇOCUK,399.99
ATATÜRK BASKILI TİŞÖRT ERKEK ÇOCUK,299.99
REGULAR FIT SLOGAN BASKILI SWEATSHİRT KUMAŞI PANTOLON ERKEK ÇOCUK,699.99
SİMLİ FİTİLLİ KAŞKORSE TÜTÜLÜ ELBİSE KIZ BEBEK,599.99
SİMLİ FİTİLLİ KAŞKORSE TÜTÜLÜ ELBİSE KIZ BEBEK,599.99
%100 PAMUKLU DİNOZOR DESENLİ BELİ LASTİKLİ PİJAMA TAKIMI ERKEK BEBEK,499.99
GÖMLEK YAKA TİŞÖRT ERKEK BEBEK,499.99
JEAN ŞORT KIZ ÇOCUK,999.99
SU İTİCİ KAPÜŞONLU MONT KIZ ÇOCUK,999.99
KETEN GÖRÜNÜMLÜ GÖMLEK ERKEK ÇOCUK,599.99
BASKILI 5'Lİ PAMUKLU UZUN ÇORAP ERKEK ÇOCUK,249.99
PAPERBAG JEAN PANTOLON KIZ BEBEK,799.99
PAPERBAG AKIŞKAN KUMAŞ PANTOLON KIZ BEBEK,799.99
HAYVAN DESENLİ 2'Lİ TAKIM ERKEK BEBEK,499.99
%100 PAMUKLU KAPLAN DESENLİ 2'Lİ PİJAMA TAKIMI ERKEK BEBEK,499.99
İSPANYOL PAÇA GABARDİN PANTOLON KIZ ÇOCUK,899.99
FLARE FIT JEAN PANTOLON KIZ ÇOCUK,799.99
SU İTİCİ KAPÜŞONLU YELEK ERKEK ÇOCUK,999.99
TİŞÖRT EŞOFMAN ALTI 2'Lİ TAKIM ERKEK ÇOCUK,999.99
FLAMLI POPLİN ELBİSE KIZ BEBEK,399.99
WIDE LEG FIRFIRLI ÇİÇEKLİ PANTOLON KIZ BEBEK,499.99
%100 PAMUKLU DESENLİ BELİ LASTİKLİ PİJAMA TAKIMI ERKEK BEBEK,499.99
ARAÇ BASKILI 2'Lİ TAKIM ERKEK BEBEK,699.99
2'Lİ TAKIM KIZ ÇOCUK,999.99
ÇAPRAZ ÇANTA KIZ ÇOCUK,999.99
BASKILI KAPÜŞONLU SKUBA DALGIÇ KUMAŞ FERMUARLI HIRKA ERKEK ÇOCUK,999.99
CARPENTER FIT JEAN PANTOLON ERKEK ÇOCUK,999.99
BİSİKLET YAKA PAMUKLU HIRKA KIZ BEBEK,499.99
NAKIŞLI GOFRE DOKULU UZUN KOLLU GÖMLEK KIZ BEBEK,699.99
WAFFLE 2'Lİ TAKIM ERKEK BEBEK,1299.99
OVERSİZE BASKILI 2'Lİ UZUN KOLLU TİŞÖRT ERKEK BEBEK,599.99
DESENLİ PAMUKLU ELBİSE KIZ ÇOCUK,999.99
GABARDİN KIZ ÇOCUK,499.99
DÜZ PAÇA GABARDİN PANTOLON ERKEK ÇOCUK,799.99
DİKİŞSİZ 5'Lİ MODAL HAVLU ÇORAP ERKEK ÇOCUK,249.99
FİYONKLU ELBİSE KIZ BEBEK,699.99
WIDE LEG PAMUKLU PANTOLON KIZ BEBEK,699.99
BELİ LASTİKLİ PİKE EŞOFMAN ALTI ERKEK BEBEK,399.99
BAGGY FIT BASKILI PANTOLON ERKEK BEBEK,399.99
KAPÜŞONLU SUNİ DERİ MONT KIZ ÇOCUK,1499.99
90'S WIDE LEG GENİŞ PAÇA JEAN PANTOLON KIZ ÇOCUK,799.99
WIDE LEG DÜZ PAÇA JEAN PANTOLON ERKEK ÇOCUK,799.99
SKUBA DALGIÇ KUMAŞ EŞOFMAN ALTI ERKEK ÇOCUK,799.99
BİSİKLET YAKA MONT KIZ BEBEK,1299.99
KALP CEPLİ DENİM CEKET KIZ BEBEK,1299.99
BİSİKLET YAKA TİŞÖRT ERKEK BEBEK,399.99
HAYVAN BASKILI 2'Lİ TAKIM ERKEK BEBEK,999.99
MOM FIT GENİŞ PAÇA JEAN PANTOLON KIZ ÇOCUK,799.99
ÇAPRAZ ÇANTA KIZ ÇOCUK,999.99
DÜZ PAÇA AKIŞKAN KUMAŞ PANTOLON ERKEK ÇOCUK,799.99
ERKEK ÇOCUK BELİ LASTİKLİ BASKILI SKUBA DALGIÇ KUMAŞ EŞOFMAN ALTI,799.99
UZUN KOLLU PAMUKLU ELBİSE KIZ BEBEK,1299.99
PAMUKLU ELBİSE KIZ BEBEK,1299.99
%100 PAMUKLU DİNOZOR BASKILI 2'Lİ PİJAMA TAKIMI ERKEK BEBEK,499.99
%100 PAMUKLU GÖMLEK ERKEK BEBEK,499.99
2'Lİ TAKIM KIZ ÇOCUK,799.99
KISA KOLLU BLUZ KIZ ÇOCUK,599.99
DÜZ PAÇA GABARDİN PANTOLON ERKEK ÇOCUK,799.99
DESENLİ 5'Lİ PAMUKLU PATİK ÇORAP ERKEK ÇOCUK,249.99
ELBİSE KIZ BEBEK,599.99
ÇİZGİLİ ELBİSE KIZ BEBEK,599.99
DÜZ PAÇA BASİC DÜZ JEAN PANTOLON ERKEK BEBEK,499.99
%100 PAMUKLU BASKILI BELİ LASTİKLİ PİJAMA TAKIMI ERKEK BEBEK,499.99
RELAX FIT BİSİKLET YAKA KISA KOLLU TİŞÖRT KIZ ÇOCUK,199.99
KEMER DETAYLI TULUM KIZ ÇOCUK,1299.99
GABARDİN PANTOLON ERKEK ÇOCUK,799.99
KETEN GÖRÜNÜMLÜ GÖMLEK ERKEK ÇOCUK,499.99
FİTİLLİ KAŞKORSE TAYT KIZ BEBEK,399.99
HELLO KİTTY 2'Lİ TAKIM KIZ BEBEK,999.99
BASKILI 2'Lİ TAKIM ERKEK BEBEK,499.99
OVERSIZE BASKILI KISA KOLLU TİŞÖRT ERKEK BEBEK,249.99
V YAKA MONT KIZ ÇOCUK,1599.99
ÇİÇEKLİ 2'Lİ TOKA SETİ KIZ ÇOCUK,299.99
ÇİZGİLİ BASKILI TİŞÖRT ERKEK ÇOCUK,499.99
%100 PAMUKLU 2'Lİ PİJAMA TAKIMI ERKEK ÇOCUK,499.99
ÇİZGİLİ TİŞÖRT PANTOLON 2'Lİ TAKIM KIZ BEBEK,999.99
ÇİÇEKLİ MÜSLİN 2'Lİ TAKIM KIZ BEBEK,999.99
REGULAR FIT DİNOZOR BASKILI KISA KOLLU TİŞÖRT ERKEK BEBEK,249.99
BASKILI TİŞÖRT ERKEK BEBEK,299.99
2'Lİ TAKIM KIZ ÇOCUK,799.99
WIDE LEG GABARDİN PANTOLON KIZ ÇOCUK,899.99
BELİ PAÇASI LASTİKLİ BASİC DÜZ PİKE EŞOFMAN ALTI ERKEK ÇOCUK,599.99
DİKİŞSİZ 4'LÜ PAMUKLU UZUN ÇORAP ERKEK ÇOCUK,199.99
KETEN GÖRÜNÜMLÜ 2'Lİ TAKIM KIZ BEBEK,999.99
FLORAL FİTİLLİ KAŞKORSE 2'Lİ TAKIM KIZ BEBEK,999.99
BELİ LASTİKLİ JEAN PANTOLON ERKEK BEBEK,799.99
NAKIŞLI JEAN TULUM ERKEK BEBEK,799.99
%100 PAMUKLU 2'Lİ PİJAMA TAKIMI KIZ ÇOCUK,899.99
WIDE LEG PANTOLON KIZ ÇOCUK,799.99
OVERSIZE DESENLİ GÖMLEK ERKEK ÇOCUK,599.99
KOLEJ YAKA BOMBER HIRKA ERKEK ÇOCUK,699.99
KALP PATCHLİ PAMUKLU PANTOLON KIZ BEBEK,999.99
WIDE LEG JAKARLI PANTOLON KIZ BEBEK,499.99
DÜZ PAÇA JEAN PANTOLON ERKEK BEBEK,799.99
DISNEY MICKEY & MINNIE 2'Lİ TAKIM ERKEK BEBEK,799.99
WIDE LEG PAMUKLU PANTOLON KIZ ÇOCUK,699.99
ÇAPRAZ ÇANTA KIZ ÇOCUK,999.99
%100 PAMUKLU SPOR BASKILI BELİ LASTİKLİ PİJAMA TAKIMI ERKEK ÇOCUK,699.99
%100 PAMUKLU 2'Lİ PİJAMA TAKIMI ERKEK ÇOCUK,499.99
%100 PAMUKLU ÇİÇEKLİ GÖMLEK KIZ BEBEK,499.99
HELLO KITTY FİTİLLİ KAŞKORSE ELBİSE KIZ BEBEK,899.99
MARVEL COMİCS 2'Lİ TAKIM SWEATSHİRT EŞOFMAN ALTI ERKEK BEBEK,799.99
BELİ LASTİKLİ JEAN PANTOLON ERKEK BEBEK,799.99
GÖMLEK KIZ ÇOCUK,499.99
TWILL ELBİSE KIZ ÇOCUK,899.99
23 NİSAN ÇOCUK BAYRAMI REGULAR FIT BİSİKLET YAKA KISA KOLLU TİŞÖRT ERKEK ÇOCUK,249.99
SUNİ DERİ ÇAPRAZ ÇANTA ERKEK ÇOCUK,499.99
BİSİKLET YAKA KAPİTONE DÜĞMELİ YELEK KIZ BEBEK,899.99
ÇİÇEKLİ TİŞÖRT KARELİ PANTOLON 2'Lİ TAKIM KIZ BEBEK,899.99
OVERSİZE GENİŞ KALIP BİSİKLET YAKA BASKILI 2'Lİ SWEATSHİRT ERKEK BEBEK,799.99
ERKEK BEBEK TULUM,799.99
WIDE LEG DÜZ PAÇA GABARDİN PANTOLON KIZ ÇOCUK,899.99
JEAN ŞORT ETEK KIZ ÇOCUK,899.99
REGULAR FIT BİSİKLET YAKA KISA KOLLU TİŞÖRT ERKEK ÇOCUK,249.99
EKOSE ASTAR DETAYLI SU İTİCİ MONT ERKEK ÇOCUK,1599.99
ELBİSE KIZ BEBEK,899.99
2'Lİ TAKIM KIZ BEBEK,899.99
SNOOPY 2'Lİ TAKIM ERKEK BEBEK,799.99
MARVEL SPIDERMAN TİŞÖRT ERKEK BEBEK,399.99
TİŞÖRT EŞOFMAN ALTI 2'Lİ TAKIM KIZ ÇOCUK,899.99
ÇAPRAZ ÇANTA KIZ ÇOCUK,999.99
KARGO GABARDİN PANTOLON ERKEK ÇOCUK,799.99
OVERSIZE TİŞÖRT ERKEK ÇOCUK,399.99
CULOTTE BASKILI JEAN PANTOLON KIZ BEBEK,899.99
İŞLEMELİ UZUN KOLLU FİTİLLİ KAŞKORSE ELBİSE KIZ BEBEK,799.99
ÇİZGİLİ POLO TİŞÖRT ERKEK BEBEK,399.99
%100 PAMUKLU TİŞÖRT ERKEK BEBEK,199.99
SU İTİCİ KAPÜŞONLU YAĞMURLUK KIZ ÇOCUK,1299.99
2'Lİ TAKIM KIZ ÇOCUK,1299.99
STRAIGHT FIT JEAN PANTOLON ERKEK ÇOCUK,999.99
KANVAS BEL ÇANTASI ERKEK ÇOCUK,499.99
TİŞÖRT TAYT 2'Lİ TAKIM KIZ BEBEK,799.99
FLORAL SWEATSHİRT KUMAŞI 2'Lİ TAKIM KIZ BEBEK,799.99
BASKILI KISA KOLLU TİŞÖRT ERKEK BEBEK,199.99
KAPÜŞONLU 2'Lİ SWEATSHIRT ERKEK BEBEK,699.99
GÖMLEK KIZ ÇOCUK,499.99
TİŞÖRT KIZ ÇOCUK,499.99
KAPÜŞONLU PİKE FERMUARLI SWEATSHİRT ERKEK ÇOCUK,599.99
KETEN GÖRÜNÜMLÜ GÖMLEK ERKEK ÇOCUK,599.99
FİYONK DETAYLI 2'Lİ TAKIM KIZ BEBEK,799.99
GABARDİN PANTOLON KIZ BEBEK,799.99
BASKILI 2'Lİ UZUN KOLLU TİŞÖRT ERKEK BEBEK,599.99
BASKILI 2'Lİ TAKIM ERKEK BEBEK,599.99
FİTİLLİ KAŞKORSE TİŞÖRT KIZ ÇOCUK,499.99
ÇAPRAZ ÇANTA KIZ ÇOCUK,999.99
MINECRAFT TİŞÖRT ERKEK ÇOCUK,499.99
REGULAR FIT BİSİKLET YAKA UZUN KOLLU TİŞÖRT ERKEK ÇOCUK,299.99
WIDE LEG NAKIŞLI JEAN PANTOLON KIZ BEBEK,799.99
WİDE LEG NAKIŞLI ESNEK BANTLI PAÇA GABARDİN PANTOLON KIZ BEBEK,799.99
REGULAR FIT DÜZ PAÇA PANTOLON ERKEK BEBEK,599.99
PANTOLON ERKEK BEBEK,599.99
FERMUARLI HIRKA KIZ ÇOCUK,499.99
%100 PAMUKLU 2'Lİ PİJAMA TAKIMI KIZ ÇOCUK,699.99
EŞOFMAN ALTI ERKEK ÇOCUK,699.99
PAMUKLU CAP ŞAPKA ERKEK ÇOCUK,249.99
KRİNKIL TİŞÖRT KIZ BEBEK,399.99
İSPANYOL PAÇA FİTİLLİ KAŞKORSE TAYT KIZ BEBEK,399.99
OVERSİZE GENİŞ KALIP BİSİKLET YAKA BASKILI UZUN KOLLU TİŞÖRT ERKEK BEBEK,299.99
OVERSİZE BASKILI SWEATSHİRT ERKEK BEBEK,299.99
POLO YAKA MONT KIZ ÇOCUK,1599.99
WIDE LEG MODAL PANTOLON KIZ ÇOCUK,799.99
OVERSIZE PANTOLON ERKEK ÇOCUK,699.99
OVERSİZE GENİŞ KALIP BİSİKLET YAKA BASKILI SKUBA DALGIÇ KUMAŞ SWEATSHİRT ERKEK ÇOCUK,699.99
YUMUŞAK TUŞE KÖPEK BASKILI PENYE TİŞÖRT KIZ BEBEK,199.99
REGULAR FIT BİSİKLET YAKA ÇİÇEKLİ PENYE UZUN KOLLU TİŞÖRT KIZ BEBEK,199.99
TİŞÖRT ERKEK BEBEK,199.99
%100 PAMUKLU ARAÇ BASKILI 2'Lİ PİJAMA TAKIMI ERKEK BEBEK,499.99
WIDE LEG MODAL EŞOFMAN ALTI KIZ ÇOCUK,799.99
ÇAPRAZ ÇANTA KIZ ÇOCUK,999.99
%100 PAMUKLU 2'Lİ PİJAMA TAKIMI ERKEK ÇOCUK,699.99
PREMIUM OVERSIZE KALIN TİŞÖRT ERKEK ÇOCUK,399.99
%100 PAMUKLU DESENLİ 2'Lİ PİJAMA TAKIMI KIZ BEBEK,699.99
WIDE LEG PAMUKLU PANTOLON KIZ BEBEK,699.99
DUBLE PAÇA EŞOFMAN ALTI ERKEK BEBEK,499.99
KARGO FIT PANTOLON ERKEK BEBEK,499.99
PAPERBAG JEAN PANTOLON KIZ ÇOCUK,799.99
STRAIGHT WIDE GENİŞ PAÇA JEAN PANTOLON KIZ ÇOCUK,799.99
%100 PAMUKLU MINECRAFT 2'Lİ PİJAMA TAKIMI ERKEK ÇOCUK,899.99
PAMUKLU CAP ŞAPKA ERKEK ÇOCUK,249.99
WIDE LEG PAMUKLU PANTOLON KIZ BEBEK,699.99
NAKIŞLI HIRKA KIZ BEBEK,599.99
KOLEJ YAKA PİKE HIRKA ERKEK BEBEK,499.99
ARAÇ BASKILI TİŞÖRT ŞORT 2'Lİ TAKIM ERKEK BEBEK,499.99
HELLO KİTTY SWEATSHİRT KIZ ÇOCUK,599.99
WIDE LEG PANTOLON KIZ ÇOCUK,599.99
SU İTİCİ BASKI DETAYLI YELEK ERKEK ÇOCUK,1299.99
SU İTİCİ KADİFE YAKA MONT ERKEK ÇOCUK,1299.99
ÇİZGİLİ ELBİSE KIZ BEBEK,599.99
DESENLİ ELBİSE KIZ BEBEK,599.99
DİNOZOR BASKILI KETEN GÖRÜNÜMLÜ UZUN KOLLU GÖMLEK ERKEK BEBEK,499.99
BİSİKLET YAKA ÇİZGİLİ SWEATSHİRT ERKEK BEBEK,499.99
BASKILI TİŞÖRT KIZ ÇOCUK,299.99
5'Lİ PAMUKLU SOKET ÇORAP KIZ ÇOCUK,249.99
ÇIKARILABİLİR KAPÜŞONLU CEKET ERKEK ÇOCUK,1299.99
POLO YAKA HIRKA ERKEK ÇOCUK,1299.99
POPLİN KIZ BEBEK,599.99
DESENLİ ELBİSE KIZ BEBEK,599.99
OVERSIZE BASKILI TİŞÖRT ERKEK BEBEK,249.99
BASKILI ŞORT ERKEK BEBEK,399.99
WIDE LEG JEAN PANTOLON KIZ ÇOCUK,999.99
PAMUKLU ELBİSE KIZ ÇOCUK,999.99
OVERSİZE GENİŞ KALIP BİSİKLET YAKA BASKILI UZUN KOLLU TİŞÖRT ERKEK ÇOCUK,499.99
BASKILI 5'Lİ PAMUKLU UZUN ÇORAP ERKEK ÇOCUK,249.99
HASIR ŞAPKA ERKEK ÇOCUK,349.99
HAYVAN BASKILI 2'Lİ TAKIM KIZ BEBEK,699.99
ÇİÇEKLİ 2'Lİ TAKIM KIZ BEBEK,699.99
HASIR ŞAPKA KIZ ÇOCUK,499.99
HASIR ŞAPKA KIZ ÇOCUK,599.99
KURDELE SAÇ TOKASI KIZ ÇOCUK,199.99
2'Lİ KURDELE SAÇ TOKASI KIZ ÇOCUK,199.99
HASIR ŞAPKA ERKEK ÇOCUK,349.99
SNOOPY HAYVAN DESENLİ 2'Lİ ATLET KIZ ÇOCUK,299.99
KALP DESENLİ 2'Lİ ATLET KIZ ÇOCUK,299.99
ARAÇ BASKILI 3'LÜ ATLET ERKEK ÇOCUK,349.99
HAYVAN DESENLİ PENYE 3'LÜ BOXER ERKEK ÇOCUK,349.99
BASKILI PENYE 3'LÜ SLİP KÜLOT KIZ ÇOCUK,299.99
ARAÇ BASKILI PENYE 3'LÜ SLİP KÜLOT ERKEK ÇOCUK,299.99
DESENLİ RİBANA 3'LÜ SLİP KÜLOT KIZ ÇOCUK,299.99
PENYE 3'LÜ BOXER ERKEK ÇOCUK,349.99
KALP DESENLİ PENYE 2'Lİ BOXER KIZ ÇOCUK,349.99
DESENLİ PENYE 5'Lİ BOXER ERKEK ÇOCUK,499.99
HAYVAN BASKILI PENYE 3'LÜ SLİP KÜLOT KIZ ÇOCUK,299.99
5'Lİ PAMUKLU UZUN ÇORAP KIZ BEBEK,249.99
KAYDIRMAZ TABAN 5'Lİ PAMUKLU PATİK ÇORAP ERKEK BEBEK,249.99
5'Lİ PAMUKLU UZUN ÇORAP KIZ BEBEK,249.99
BASKILI KAYDIRMAZ TABAN 3'LÜ PAMUKLU PATİK ÇORAP ERKEK BEBEK,149.99
KAYDIRMAZ TABAN 5'Lİ PAMUKLU PATİK ÇORAP ERKEK BEBEK,249.99
BASKILI KAYDIRMAZ TABAN 3'LÜ PAMUKLU PATİK ÇORAP ERKEK BEBEK,149.99
5'Lİ PAMUKLU UZUN ÇORAP KIZ BEBEK,249.99
5'Lİ PAMUKLU UZUN ÇORAP KIZ BEBEK,249.99
5'Lİ PAMUKLU UZUN ÇORAP KIZ BEBEK,249.99
GENİŞ PAÇA JEAN PANTOLON KIZ ÇOCUK,799.99
%100 PAMUKLU FİTİLLİ KAŞKORSE 2'Lİ PİJAMA TAKIMI KIZ ÇOCUK,799.99
FLARE FIT PANTOLON KIZ ÇOCUK,499.99
FİTİLLİ KAŞKORSE BALON KOLLU TİŞÖRT KIZ ÇOCUK,399.99
WIDE LEG GENİŞ PAÇA JEAN PANTOLON KIZ ÇOCUK,1299.99
AKIŞKAN KUMAŞ GÖMLEK KIZ ÇOCUK,1299.99
SU İTİCİ KIRINKIL KAPÜŞONLU YAĞMURLUK KIZ ÇOCUK,1299.99
ELBİSE KIZ ÇOCUK,899.99
RELAX FIT BASKILI SWEATSHIRT KIZ ÇOCUK,399.99
%100 PAMUKLU HELLO KITTY 2'Lİ PİJAMA TAKIMI KIZ ÇOCUK,699.99
WIDE LEG WAFFLE PANTOLON KIZ ÇOCUK,499.99
JOGGER FIT PENYE PANTOLON KIZ ÇOCUK,499.99
BASKILI TİŞÖRT KIZ ÇOCUK,299.99
SUNİ DERİ CEKET KIZ ÇOCUK,1599.99
KIZ ÇOCUK,799.99
SLIM FIT FİTİLLİ ÇİZGİLİ KAŞKORSE POLO TİŞÖRT KIZ ÇOCUK,399.99
SLIM FIT RİBANA TİŞÖRT KIZ ÇOCUK,399.99
SÜET MONT KIZ ÇOCUK,1499.99
BASKILI TİŞÖRT ETEK 2'Lİ TAKIM KIZ ÇOCUK,999.99
RELAX FIT JEAN PANTOLON KIZ ÇOCUK,999.99
WIDE LEG JEAN PANTOLON KIZ ÇOCUK,999.99
WIDE LEG AKIŞKAN KUMAŞ PANTOLON KIZ ÇOCUK,999.99
BAGGY FIT JEAN PANTOLON KIZ ÇOCUK,999.99
BAGGY FIT GENİŞ PAÇA JEAN PANTOLON KIZ ÇOCUK,999.99
DISNEY LILO & STITCH TİŞÖRT KIZ ÇOCUK,599.99
CINNAMOROLL OVERSIZE TİŞÖRT KIZ ÇOCUK,599.99
WIDE LEG PAMUKLU PANTOLON KIZ ÇOCUK,699.99
JOGGER EŞOFMAN ALTI KIZ ÇOCUK,699.99
PENYE TİŞÖRT KIZ ÇOCUK,399.99
%100 PAMUKLU MIFFY 2'Lİ PİJAMA TAKIMI KIZ ÇOCUK,899.99
%100 PAMUKLU 2'Lİ ATLET ERKEK ÇOCUK,299.99
2'Lİ TAKIM KIZ ÇOCUK,1299.99
DESENLİ DOKUMA 2'Lİ TAKIM KIZ ÇOCUK,1299.99
JEAN CEKET KIZ ÇOCUK,1299.99
GABARDİN TULUM KIZ ÇOCUK,1299.99
AKIŞKAN KUMAŞ GÖMLEK KIZ ÇOCUK,1299.99
FİTİLLİ KAŞKORSE TİŞÖRT KIZ ÇOCUK,499.99
RELAX FIT BASKILI SWEATSHIRT KIZ ÇOCUK,499.99
RELAX FIT BASKILI TİŞÖRT KIZ ÇOCUK,499.99
RELAX FIT BASKILI SWEATSHIRT KIZ ÇOCUK,499.99
MODAL TİŞÖRT KIZ ÇOCUK,499.99
OVERSIZE HAYVAN DESENLİ TİŞÖRT KIZ ÇOCUK,499.99
BASKILI PİKE TİŞÖRT ERKEK ÇOCUK,499.99
NBA LOS ANGELES LAKERS NEW REGULAR FIT BİSİKLET YAKA KISA KOLLU TİŞÖRT ERKEK ÇOCUK,499.99
KPOP - DEMON HUNTERS OVERSIZE TİŞÖRT KIZ ÇOCUK,499.99
WIDE LEG EŞOFMAN ALTI KIZ ÇOCUK,799.99
STRAIGHT FIT DÜZ PAÇA JEAN PANTOLON ERKEK ÇOCUK,799.99
SKINNY FIT JEAN PANTOLON KIZ ÇOCUK,799.99
DİKİŞ DETAYLI GABARDIN PANTOLON ERKEK ÇOCUK,799.99
JEAN ŞORT ERKEK ÇOCUK,799.99
90'S WIDE LEG İSPANYOL PAÇA GABARDİN PANTOLON KIZ ÇOCUK,799.99
WIDE LEG PANTOLON KIZ ÇOCUK,799.99
JEAN ŞORT KIZ ÇOCUK,799.99
AKIŞKAN KUMAŞ GÖMLEK ERKEK ÇOCUK,799.99
BASKILI BELİ PAÇASI LASTİKLİ EŞOFMAN ALTI ERKEK ÇOCUK,799.99
STRAIGHT WIDE JEAN PANTOLON KIZ ÇOCUK,799.99
LEOPAR DESENLİ GABARDİN ŞORT KIZ ÇOCUK,799.99
BALLOON FİT ESNEK BANTLI PAÇA PANTOLON KIZ ÇOCUK,799.99
%100 PAMUKLU 2'Lİ PİJAMA TAKIMI KIZ ÇOCUK,599.99
STRAIGHT FIT DÜZ PAÇA JEAN PANTOLON ERKEK ÇOCUK,599.99
KAPÜŞONLU PİKE FERMUARLI SWEATSHİRT ERKEK ÇOCUK,599.99
ERKEK ÇOCUK JOGGER FIT GABARDİN PANTOLON,599.99
TİŞÖRT ŞORT WAFFLE 2'Lİ PİJAMA TAKIMI ERKEK ÇOCUK,599.99
POPLİN KIZ ÇOCUK,599.99
ÇİZGİLİ TİŞÖRT ERKEK ÇOCUK,399.99
BİSİKLET YAKA SIRT BASKILI KISA KOLLU TİŞÖRT ERKEK ÇOCUK,399.99
KAYIK YAKA RİBANA TİŞÖRT KIZ ÇOCUK,399.99
BASKILI EŞOFMAN ALTI ERKEK ÇOCUK,699.99
2'Lİ PİJAMA TAKIMI ERKEK ÇOCUK,699.99
OVERSİZE GENİŞ KALIP BİSİKLET YAKA BASKILI UZUN KOLLU TİŞÖRT ERKEK ÇOCUK,699.99
BASKILI TİŞÖRT ERKEK ÇOCUK,299.99
MONT KIZ ÇOCUK,1999.99
ÇİZGİLİ TİŞÖRT EŞOFMAN ALTI 2'Lİ TAKIM ERKEK ÇOCUK,999.99
SU İTİCİ KAPÜŞONLU MONT ERKEK ÇOCUK,999.99
BAGGY FIT GABARDİN PANTOLON KIZ ÇOCUK,999.99
WIDE LEG JEAN PANTOLON KIZ ÇOCUK,999.99
TİŞÖRT EŞOFMAN ALTI 2'Lİ TAKIM ERKEK ÇOCUK,999.99
2'Lİ TAKIM ERKEK ÇOCUK,999.99
STRAIGHT WIDE JEAN PANTOLON KIZ ÇOCUK,999.99
WIDE LEG PANTOLON KIZ ÇOCUK,999.99
GABARDİN ELBİSE KIZ ÇOCUK,999.99
KONTRAST GÖMLEK YAKA GABARDİN CEKET ERKEK ÇOCUK,999.99
MÜSLİN 2'Lİ TAKIM ERKEK ÇOCUK,999.99
MARVEL AVENGERS TİŞÖRT ŞORT 2'Lİ TAKIM ERKEK ÇOCUK,999.99
STRAIGHT WIDE DUBLE PAÇA JEAN PANTOLON KIZ ÇOCUK,999.99
FLARE FIT PANTOLON KIZ ÇOCUK,499.99
POLO YAKA BASKILI TİŞÖRT KIZ ÇOCUK,499.99
HELLO KİTTY BİSİKLET YAKA UZUN KOLLU TİŞÖRT KIZ ÇOCUK,499.99
MINECRAFT OVERSIZE TİŞÖRT ERKEK ÇOCUK,499.99
MODAL TİŞÖRT KIZ ÇOCUK,499.99
OVERSIZE DESENLİ KISA KOLLU TİŞÖRT ERKEK ÇOCUK,399.99
PREMIUM OVERSIZE KALIN TİŞÖRT ERKEK ÇOCUK,399.99
OVERSİZE KALIN KUMAŞ TİŞÖRT ERKEK ÇOCUK,399.99
MONT KIZ ÇOCUK,1799.99
2'Lİ OXFORD GÖMLEK KIZ ÇOCUK,899.99
PAMUKLU KIZ ÇOCUK,599.99
BASKILI TİŞÖRT KIZ ÇOCUK,599.99
RELAX FIT POLO YAKA BASKILI SWEATSHIRT KIZ ÇOCUK,599.99
WIDE LEG PANTOLON KIZ ÇOCUK,599.99
REGULAR FIT POLO YAKA KISA KOLLU POLO TİŞÖRT ERKEK ÇOCUK,599.99
BELİ PAÇASI LASTİKLİ BASİC DÜZ PİKE EŞOFMAN ALTI ERKEK ÇOCUK,599.99
FERMUARLI MODAL HIRKA KIZ ÇOCUK,599.99
UZUN TAYT KIZ ÇOCUK,299.99
%100 PAMUKLU ÇİÇEKLİ 2'Lİ ATLET KIZ ÇOCUK,299.99
ÇİÇEKLİ PENYE 3'LÜ SLİP KÜLOT KIZ ÇOCUK,299.99
REGULAR FIT BİSİKLET YAKA BASKILI KISA KOLLU TİŞÖRT ERKEK ÇOCUK,299.99
DESENLİ PENYE 3'LÜ SLİP KÜLOT KIZ ÇOCUK,299.99
GÖMLEK YAKA TRENÇKOT KIZ ÇOCUK,1599.99
PAMUKLU ELBİSE KIZ ÇOCUK,1599.99
KAŞE MONT KIZ ÇOCUK,1599.99
JOGGER FIT PANTOLON ERKEK ÇOCUK,799.99
STRAIGHT FIT DÜZ PAÇA JEAN PANTOLON ERKEK ÇOCUK,799.99
90'S WIDE LEG GABARDİN PANTOLON KIZ ÇOCUK,799.99
BARREL FIT DÜZ PAÇA GABARDİN PANTOLON ERKEK ÇOCUK,799.99
%100 KETEN GÖMLEK ERKEK ÇOCUK,799.99
3'LÜ PİJAMA TAKIMI KIZ ÇOCUK,799.99
JOGGER FIT MODAL PANTOLON ERKEK ÇOCUK,799.99
JEAN ŞORT KIZ ÇOCUK,799.99
HER YÖNE ESNEYEN PANTOLON ERKEK ÇOCUK,799.99
STRAIGHT FIT DÜZ PAÇA JEAN PANTOLON ERKEK ÇOCUK,799.99
OVERSIZE GÖMLEK ERKEK ÇOCUK,799.99
CARROT FIT GABARDİN PANTOLON ERKEK ÇOCUK,799.99
LOOSE FİT YIRTIK DETAYLI DÜZ PAÇA JEAN PANTOLON ERKEK ÇOCUK,799.99
NBA EŞOFMAN ALTI ERKEK ÇOCUK,799.99
PENYE TİŞÖRT KIZ ÇOCUK,399.99
%100 PAMUKLU 2'Lİ ATLET ERKEK ÇOCUK,399.99
OVERSIZE TİŞÖRT ERKEK ÇOCUK,399.99
KAPÜŞONLU FERMUARLI YAĞMURLUK KIZ ÇOCUK,1499.99
KAPÜŞONLU SUNİ DERİ MONT KIZ ÇOCUK,1499.99
JOGGER EŞOFMAN ALTI KIZ ÇOCUK,499.99
RELAX FIT TİŞÖRT KIZ ÇOCUK,499.99
OVERSIZE BİSİKLET YAKA KISA KOLLU TİŞÖRT ERKEK ÇOCUK,499.99
WIDE LEG WAFFLE PANTOLON KIZ ÇOCUK,499.99
ONE PIECE OVERSIZE TİŞÖRT ERKEK ÇOCUK,499.99
NAKIŞLI TİŞÖRT ERKEK ÇOCUK,499.99
OVERSIZE TİŞÖRT KIZ ÇOCUK,299.99
OVERSIZE HAYVAN DESENLİ TİŞÖRT KIZ ÇOCUK,299.99
EŞOFMAN ALTI KIZ ÇOCUK,699.99
RENK BLOKLU POLO YAKA UZUN KOLLU TİŞÖRT ERKEK ÇOCUK,699.99
%100 PAMUKLU 2'Lİ PİJAMA TAKIMI KIZ ÇOCUK,699.99
CINNAMOROLL ÇİZGİLİ POLO TİŞÖRT KIZ ÇOCUK,699.99
OVERSIZE BASKILI POLO TİŞÖRT ERKEK ÇOCUK,699.99
BELİ LASTİKLİ KARGO CEPLİ JOGGER EŞOFMAN ALTI ERKEK ÇOCUK,699.99
WIDE LEG PANTOLON KIZ ÇOCUK,699.99
RİBANA 3'LÜ BOXER ERKEK ÇOCUK,349.99
BİSİKLET YAKA ATLET KIZ ÇOCUK,199.99
GABARDİN 2'Lİ TAKIM ERKEK ÇOCUK,1299.99
DÜĞMELİ NAKIŞLI DENİM CEKET ERKEK ÇOCUK,1299.99
TWILL CEKET KIZ ÇOCUK,1299.99
SUNİ DERİ CEKET KIZ ÇOCUK,1299.99
BAGGY FIT JEAN PANTOLON KIZ ÇOCUK,1299.99
KAPÜŞONLU ŞİŞME MONT ERKEK ÇOCUK,1299.99
TAŞ DETAYLI ASKILI ELBİSE KIZ ÇOCUK,1299.99
PATCHLI NAKIŞLI JEAN ELBİSE KIZ ÇOCUK,1299.99
2'Lİ TAKIM KAPÜŞONLU BASKILI SWEATSHİRT EŞOFMAN ALTI ERKEK ÇOCUK,1299.99
REGULAR FIT WAFFLE 2'Lİ PİJAMA TAKIMI ERKEK ÇOCUK,599.99
CARMEN YAKA SWEATSHİRT KIZ ÇOCUK,599.99
OVERSIZE BASKILI POLO TİŞÖRT ERKEK ÇOCUK,599.99
OVERSIZE POLO TİŞÖRT ERKEK ÇOCUK,599.99
FERMUARLI HIRKA KIZ ÇOCUK,599.99
POLO YAKA OXFORD UZUN KOLLU BASİC DÜZ GÖMLEK ERKEK ÇOCUK,599.99
DISNEY LILO & STITCH OVERSIZE TİŞÖRT KIZ ÇOCUK,599.99
FERMUARLI MODAL HIRKA KIZ ÇOCUK,599.99
BELİ LASTİKLİ EŞOFMAN ALTI ERKEK ÇOCUK,599.99
%100 PAMUKLU 5'Lİ ATLET KIZ ÇOCUK,599.99
POLO YAKA ÇİZGİLİ TİŞÖRT ERKEK ÇOCUK,599.99
YILDIZ DESENLİ RİBANA TİŞÖRT KIZ ÇOCUK,399.99
OVERSIZE TİŞÖRT ERKEK ÇOCUK,399.99
OVERSIZE TİŞÖRT ERKEK ÇOCUK,399.99
REGULAR FIT POLO YAKA BASIC DÜZ PİKE KISA KOLLU POLO TİŞÖRT ERKEK ÇOCUK,399.99
DESENLİ PENYE TİŞÖRT KIZ ÇOCUK,399.99
REGULAR FIT POLO YAKA BASIC DÜZ PİKE KISA KOLLU POLO TİŞÖRT ERKEK ÇOCUK,399.99
SLIM FIT POLO YAKA FİTİLLİ KAŞKORSE TİŞÖRT KIZ ÇOCUK,399.99
SLIM FIT DESENLİ FİTİLLİ KAŞKORSE TİŞÖRT KIZ ÇOCUK,399.99
BASKILI TİŞÖRT ERKEK ÇOCUK,299.99
BASKILI TİŞÖRT KIZ ÇOCUK,299.99
BASKILI FİTİLLİ KAŞKORSE TİŞÖRT KIZ ÇOCUK,299.99
BASKILI TİŞÖRT ERKEK ÇOCUK,299.99
KISA BOY TAYT KIZ ÇOCUK,199.99
AYI BASKILI PENYE 3'LÜ BOXER ERKEK ÇOCUK,349.99
DİNOZOR BASKILI PENYE 3'LÜ BOXER ERKEK ÇOCUK,349.99
WİDE LEG GENİŞ PAÇA GABARDİN PANTOLON KIZ ÇOCUK,999.99
BAGGY FIT GABARDİN PANTOLON KIZ ÇOCUK,999.99
2'Lİ TAKIM ERKEK ÇOCUK,999.99
%100 KETEN PANTOLON ERKEK ÇOCUK,999.99
BAGGY FIT POPLİN PANTOLON KIZ ÇOCUK,999.99
WIDE LEG JEAN PANTOLON KIZ ÇOCUK,999.99
BARREL FİT GENİŞ PAÇA JEAN PANTOLON KIZ ÇOCUK,999.99
WIDE LEG JEAN PANTOLON KIZ ÇOCUK,999.99
WIDE LEG AKIŞKAN KUMAŞ PANTOLON KIZ ÇOCUK,999.99
STRAIGHT WIDE JEAN PANTOLON KIZ ÇOCUK,999.99
DÜZ PAÇA JEAN PANTOLON ERKEK ÇOCUK,999.99
2'Lİ TAKIM ERKEK ÇOCUK,999.99
TİŞÖRT PANTOLON 2'Lİ TAKIM ERKEK ÇOCUK,999.99
WIDE LEG JEAN PANTOLON KIZ ÇOCUK,999.99
ÇİÇEKLİ PAMUKLU ELBİSE KIZ ÇOCUK,999.99
TİŞÖRT EŞOFMAN ALTI 2'Lİ TAKIM ERKEK ÇOCUK,999.99
SU İTİCİ KAPÜŞONLU YELEK ERKEK ÇOCUK,999.99
SU İTİCİ KAPÜŞONLU CEP DETAYLI YELEK ERKEK ÇOCUK,999.99
STRAIGHT WIDE ÇİÇEK BASKILI JEAN PANTOLON KIZ ÇOCUK,999.99
WIDE LEG AKIŞKAN KUMAŞ PANTOLON KIZ ÇOCUK,999.99
KPOP - DEMON HUNTERS RELAX FIT TİŞÖRT KIZ ÇOCUK,499.99
DISNEY LILO & STITCH TİŞÖRT KIZ ÇOCUK,499.99
MEYVE BASKILI TİŞÖRT KIZ ÇOCUK,499.99
DISNEY LILO & STITCH RELAX FIT BİSİKLET YAKA KISA KOLLU TİŞÖRT KIZ ÇOCUK,499.99
JOGGER EŞOFMAN ALTI KIZ ÇOCUK,499.99
OVERSİZE GENİŞ KALIP BASKILI SWEATSHİRT ERKEK ÇOCUK,499.99
KALPLİ FİTİLLİ KAŞKORSE TİŞÖRT KIZ ÇOCUK,499.99
OVERSIZE ŞORT ERKEK ÇOCUK,499.99
OVERSIZE ÇİÇEKLİ TİŞÖRT KIZ ÇOCUK,499.99
KETEN GÖRÜNÜMLÜ GÖMLEK ERKEK ÇOCUK,499.99
%100 PAMUKLU 2'Lİ PİJAMA TAKIMI ERKEK ÇOCUK,499.99
DESENLİ FİTİLLİ KAŞKORSE TİŞÖRT KIZ ÇOCUK,499.99
BASKILI ŞORT ERKEK ÇOCUK,499.99
ÇİZGİLİ TİŞÖRT ERKEK ÇOCUK,499.99
SNOOPY RELAX FIT TİŞÖRT KIZ ÇOCUK,499.99
NBA CHICAGO BULLS TİŞÖRT ERKEK ÇOCUK,499.99
NBA HOUSTON ROCKETS TİŞÖRT ERKEK ÇOCUK,499.99
KPOP - DEMON HUNTERS RİBANA TİŞÖRT KIZ ÇOCUK,499.99
ÇİÇEK APLİKELİ TİŞÖRT KIZ ÇOCUK,499.99
KPOP - DEMON HUNTERS OVERSIZE BİSİKLET YAKA KISA KOLLU TİŞÖRT KIZ ÇOCUK,499.99
HELLO KITTY OVERSIZE TİŞÖRT KIZ ÇOCUK,499.99
WIDE LEG GABARDİN PANTOLON KIZ ÇOCUK,899.99
WIDE LEG GABARDİN PANTOLON KIZ ÇOCUK,899.99
TWILL ELBİSE KIZ ÇOCUK,899.99
ELBİSE KIZ ÇOCUK,899.99
ELBİSE KIZ ÇOCUK,899.99
OXFORD 2'Lİ UZUN KOLLU GÖMLEK KIZ ÇOCUK,899.99
BASKILI TİŞÖRT ERKEK ÇOCUK,299.99
PENYE 3'LÜ SLİP KÜLOT KIZ ÇOCUK,299.99
NEW REGULAR FIT BİSİKLET YAKA BASKILI KISA KOLLU TİŞÖRT ERKEK ÇOCUK,299.99
SLIM FIT BASKILI FİTİLLİ KAŞKORSE TİŞÖRT KIZ ÇOCUK,299.99
%100 PAMUKLU BASKILI 2'Lİ ATLET ERKEK ÇOCUK,299.99
JOGGER FIT PANTOLON ERKEK ÇOCUK,799.99
BASKILI SWEATSHIRT HIRKA KIZ ÇOCUK,799.99
FLORAL MAYO KIZ ÇOCUK,799.99
OVERSIZE GÖMLEK ERKEK ÇOCUK,799.99
V YAKA FİYONK DÜĞMELİ HIRKA KIZ ÇOCUK,799.99
BASKILI POPLİN GÖMLEK KIZ ÇOCUK,799.99
NBA CHICAGO BULLS PANTOLON ERKEK ÇOCUK,799.99
BİSİKLET YAKA HIRKA KIZ ÇOCUK,799.99
BİSİKLET YAKA HIRKA KIZ ÇOCUK,799.99
TİŞÖRT ŞORT 2'Lİ TAKIM ERKEK ÇOCUK,799.99
STRAIGHT WIDE GENİŞ PAÇA JEAN PANTOLON KIZ ÇOCUK,799.99
WIDE LEG EŞOFMAN ALTI KIZ ÇOCUK,799.99
BALON ETEK KIZ ÇOCUK,799.99
BARREL FİT DÜZ PAÇA JEAN PANTOLON ERKEK ÇOCUK,799.99
KETEN KARIŞIMLI PANTOLON ERKEK ÇOCUK,799.99
POPLİN GÖMLEK KIZ ÇOCUK,799.99
DÜZ PAÇA PANTOLON ERKEK ÇOCUK,799.99
REGULAR FIT DÜZ PAÇA GABARDİN PANTOLON ERKEK ÇOCUK,799.99
90'S WIDE LEG JEAN PANTOLON KIZ ÇOCUK,799.99
%100 KETEN GÖMLEK ERKEK ÇOCUK,799.99
GENİŞ PAÇA JEAN PANTOLON KIZ ÇOCUK,799.99
GÖMLEK ERKEK ÇOCUK,799.99
KARGO JOGGER GABARDİN PANTOLON ERKEK ÇOCUK,799.99
WİDE LEG PANTOLON KIZ ÇOCUK,799.99
WIDE LEG JEAN PANTOLON ERKEK ÇOCUK,799.99
DİK YAKA ÇİZGİLİ GÖMLEK ERKEK ÇOCUK,799.99
POPLİN UZUN KOLLU GÖMLEK KIZ ÇOCUK,799.99
KARGO JOGGER GABARDİN PANTOLON ERKEK ÇOCUK,799.99
PREMIUM BASKILI TİŞÖRT ERKEK ÇOCUK,399.99
OVERSIZE TİŞÖRT ERKEK ÇOCUK,399.99
DESENLİ TİŞÖRT ERKEK ÇOCUK,399.99
CARMEN YAKA SLOGAN BASKILI UZUN KOLLU TİŞÖRT KIZ ÇOCUK,399.99
OVERSIZE BASKILI TİŞÖRT ERKEK ÇOCUK,399.99
PİKE POLO TİŞÖRT ERKEK ÇOCUK,399.99
OVERSIZE ÇİZGİLİ TİŞÖRT KIZ ÇOCUK,399.99
FİTİLLİ KAŞKORSE TİŞÖRT KIZ ÇOCUK,399.99
PİKE ŞORT ERKEK ÇOCUK,399.99
RELAX FIT BASKILI SWEATSHIRT KIZ ÇOCUK,399.99
REGULAR FIT BİSİKLET YAKA BASKILI KISA KOLLU TİŞÖRT ERKEK ÇOCUK,399.99
NEW REGULAR FIT BİSİKLET YAKA BASKILI KISA KOLLU TİŞÖRT ERKEK ÇOCUK,399.99
OVERSİZE BASKILI TİŞÖRT ERKEK ÇOCUK,399.99
YARIM BALIKÇI YAKA RİBANA TİŞÖRT KIZ ÇOCUK,399.99
DİKİŞSİZ PAMUKLU HAVLU ÇORAP KIZ BEBEK,199.99
V YAKA ÇİZGİLİ HIRKA KIZ ÇOCUK,699.99
PANTOLON ERKEK ÇOCUK,699.99
WIDE LEG PANTOLON KIZ ÇOCUK,699.99
NAKIŞLI BİSİKLET YAKA HIRKA KIZ ÇOCUK,699.99
PAMUKLU ETEK KIZ ÇOCUK,699.99
BELİ LASTİKLİ MODAL ŞORT ERKEK ÇOCUK,699.99
WIDE LEG PAMUKLU PANTOLON KIZ ÇOCUK,699.99
2'Lİ BİKİNİ KIZ ÇOCUK,699.99
YIRTIK DETAYLI PAMUKLU ŞORT KIZ ÇOCUK,699.99
KAPÜŞONLU PİKE FERMUARLI SWEATSHİRT ERKEK ÇOCUK,599.99
HELLO KİTTY OVERSIZE TİŞÖRT KIZ ÇOCUK,599.99
FERMUARLI MODAL HIRKA KIZ ÇOCUK,599.99
JOGGER FIT GABARDİN PANTOLON ERKEK ÇOCUK,599.99
ÇİZGİLİ TRİKO KAZAK ERKEK ÇOCUK,599.99
FERMUARLI HIRKA KIZ ÇOCUK,599.99
ÇİZGİLİ OVERSIZE POLO TİŞÖRT ERKEK ÇOCUK,599.99
OVERSHİRT FİT BİSİKLET YAKA BASKILI UZUN KOLLU TİŞÖRT KIZ ÇOCUK,599.99
KAPÜŞONLU BASKILI SWEATSHIRT KIZ ÇOCUK,599.99
DUBLE PAÇA PANTOLON ERKEK ÇOCUK,599.99
%100 PAMUKLU GÖMLEK ERKEK ÇOCUK,599.99
OVERSIZE DESENLİ GÖMLEK ERKEK ÇOCUK,599.99
OVERSİZE GENİŞ KALIP BİSİKLET YAKA BASKILI UZUN KOLLU TİŞÖRT ERKEK ÇOCUK,599.99
MAYO KIZ ÇOCUK,599.99
POPLİN ETEK KIZ BEBEK,599.99
POLO YAKA BASKILI SWEATSHIRT KIZ ÇOCUK,599.99
KPOP - DEMON HUNTERS SLIM FIT TİŞÖRT KIZ ÇOCUK,599.99
ELBİSE KIZ BEBEK,599.99
OVERSİZE KAPÜŞONLU BASKILI SWEATSHİRT ERKEK ÇOCUK,599.99
STANDART BOY TAYT KIZ ÇOCUK,599.99
%100 PAMUKLU BASKILI 5'Lİ ATLET ERKEK ÇOCUK,599.99
GÜNEŞ GÖZLÜĞÜ KIZ ÇOCUK,299.99
FIRFIRLI YAKA FİTİLLİ KAŞKORSE TİŞÖRT KIZ BEBEK,299.99
BASKILI TİŞÖRT ERKEK ÇOCUK,299.99
BASKILI TİŞÖRT ERKEK ÇOCUK,299.99
%100 PAMUKLU DESENLİ 2'Lİ ATLET ERKEK ÇOCUK,299.99
OVERSIZE BİSİKLET YAKA KISA KOLLU TİŞÖRT KIZ ÇOCUK,299.99
TİŞÖRT KIZ BEBEK,299.99
2'Lİ ATLET ERKEK ÇOCUK,299.99
%100 PAMUKLU KALP DESENLİ 3'LÜ SLİP KÜLOT KIZ ÇOCUK,299.99
CINNAMOROLL RELAX FIT TİŞÖRT KIZ ÇOCUK,499.99
BALLOON FIT TİŞÖRT KIZ BEBEK,499.99
DESENLİ FİTİLLİ KAŞKORSE TİŞÖRT KIZ ÇOCUK,499.99
FIRFIR DETAYLI ÇİÇEKLİ SWEATSHIRT KIZ BEBEK,499.99
JOGGER FIT PENYE PANTOLON KIZ ÇOCUK,499.99
OVERSIZE PATCH DETAYLI TİŞÖRT ERKEK ÇOCUK,499.99
DANTEL YAKA DETAYLI ÇİÇEKLİ SWEATSHIRT KIZ BEBEK,499.99
STUMBLE GUYS TİŞÖRT ERKEK ÇOCUK,499.99
OVERSİZE GENİŞ KALIP BİSİKLET YAKA BASKILI UZUN KOLLU TİŞÖRT ERKEK ÇOCUK,499.99
HELLO KITTY FITTED RİBANA TİŞÖRT KIZ ÇOCUK,499.99
ÇİZGİLİ PENYE 5'Lİ BOXER ERKEK ÇOCUK,499.99
KUROMI OVERSIZE TİŞÖRT KIZ ÇOCUK,499.99
EŞOFMAN ALTI ERKEK ÇOCUK,499.99
WIDE LEG PANTOLON KIZ BEBEK,499.99
FİYONK BASKILI FİTİLLİ KAŞKORSE TİŞÖRT KIZ ÇOCUK,499.99
BASKILI SWEATSHIRT TİŞÖRT KIZ ÇOCUK,499.99
HELLO KITTY OVERSIZE TİŞÖRT KIZ ÇOCUK,499.99
MEYVE BASKILI TİŞÖRT KIZ ÇOCUK,499.99
OVERSIZE NAKIŞLI SWEATSHIRT KIZ BEBEK,499.99
SLIM FIT BASKILI POLO TİŞÖRT KIZ ÇOCUK,499.99
RELAX FIT BİSİKLET YAKA BASKILI SWEATSHİRT KIZ ÇOCUK,499.99
BASKILI FİTİLLİ KAŞKORSE TİŞÖRT KIZ ÇOCUK,499.99
I LOVE NY OVERSIZE TİŞÖRT KIZ ÇOCUK,499.99
BELİ LASTİKLİ BASKILI EŞOFMAN ALTI ERKEK ÇOCUK,499.99
REGULAR FIT SWEATSHİRT KUMAŞI ŞORT ERKEK ÇOCUK,499.99
SLIM FIT POLO YAKA BASKILI TİŞÖRT KIZ ÇOCUK,499.99
REGULAR FIT POLO YAKA PİKE KISA KOLLU POLO TİŞÖRT ERKEK ÇOCUK,499.99
BASKILI ŞORT ERKEK ÇOCUK,499.99
I LOVE NY OVERSIZE TİŞÖRT KIZ ÇOCUK,499.99
OVERSIZE TİŞÖRT ERKEK ÇOCUK,499.99
PAMUKLU CAP ŞAPKA KIZ ÇOCUK,249.99
3'LÜ KALPLİ SAÇ AKSESUARI KIZ ÇOCUK,249.99
MINECRAFT BASKILI 2'Lİ PAMUKLU ERKEK ÇOCUK,149.99
3'LÜ PAMUKLU UZUN ÇORAP ERKEK ÇOCUK,149.99
3'LÜ PAMUKLU UZUN ÇORAP ERKEK ÇOCUK,149.99
BASKILI TİŞÖRT ERKEK ÇOCUK,399.99
KIZ ÇOCUK GÜNEŞ GÖZLÜĞÜ,399.99
JEAN BUCKET ŞAPKA ERKEK ÇOCUK,399.99
FLARE FIT FİTİLLİ KAŞKORSE TAYT KIZ BEBEK,399.99
BASKILI TİŞÖRT ERKEK ÇOCUK,399.99
ÇİÇEKLİ FİTİLLİ KAŞKORSE TAYT KIZ BEBEK,399.99
SLIM FIT RİBANA TİŞÖRT KIZ ÇOCUK,399.99
FİTİLLİ KAŞKORSE TİŞÖRT KIZ ÇOCUK,399.99
WİDE LEG BELİ LASTİKLİ EŞOFMAN ALTI ERKEK BEBEK,399.99
FLAMLI POPLİN ELBİSE KIZ BEBEK,399.99
ATATÜRK İMZALI NAKIŞLI PAMUKLU CAP ŞAPKA ERKEK ÇOCUK,399.99
OVERSIZE BİSİKLET YAKA SLOGAN BASKILI KISA KOLLU TİŞÖRT KIZ ÇOCUK,399.99
TİŞÖRT ERKEK ÇOCUK,399.99
OVERSIZE BASKILI TİŞÖRT KIZ ÇOCUK,399.99
NEW REGULAR FIT BİSİKLET YAKA KISA KOLLU TİŞÖRT ERKEK ÇOCUK,399.99
BİSİKLET YAKA BASİC DÜZ SWEATSHİRT ERKEK BEBEK,399.99
NEW REGULAR FIT BİSİKLET YAKA BASKILI KISA KOLLU TİŞÖRT ERKEK ÇOCUK,399.99
OXFORD UZUN KOLLU GÖMLEK ERKEK BEBEK,399.99
KIZ ÇOCUK GÜNEŞ GÖZLÜĞÜ,399.99
REGULAR FIT PİKE ŞORT ERKEK ÇOCUK,399.99
BİSİKLET YAKA BASKILI SWEATSHİRT ERKEK BEBEK,399.99
ÇİZGİLİ TİŞÖRT KIZ BEBEK,399.99
3'LÜ PAMUKLU PATİK ÇORAP KIZ ÇOCUK,199.99
BASKILI TİŞÖRT KIZ BEBEK,199.99
%100 PAMUKLU BİSİKLET YAKA TİŞÖRT ERKEK BEBEK,199.99
REGULAR FIT BİSİKLET YAKA KISA KOLLU TİŞÖRT ERKEK BEBEK,199.99
BİSİKLET YAKA ATLET KIZ ÇOCUK,199.99
DİNAZOR BASKILI 7'Lİ PAMUKLU PATİK ÇORAP ERKEK ÇOCUK,349.99
NAKIŞLI JEAN CAP ŞAPKA ERKEK ÇOCUK,349.99
BASKILI PENYE 3'LÜ BOXER ERKEK ÇOCUK,349.99
OVERSIZE BASKILI TİŞÖRT ERKEK BEBEK,349.99
MARVEL SPIDERMAN PAMUKLU CAP ŞAPKA ERKEK ÇOCUK,349.99
RİBANA 3'LÜ SLİP KÜLOT KIZ ÇOCUK,349.99
BASKILI 7'Lİ PAMUKLU UZUN ÇORAP ERKEK ÇOCUK,349.99
PENYE 3'LÜ BOXER ERKEK ÇOCUK,349.99
SONIC THE HEDGEDOG: MODERN PAMUKLU CAP ŞAPKA ERKEK ÇOCUK,349.99
BASKILI TİŞÖRT ERKEK ÇOCUK,299.99
OVERSİZE BASKILI SWEATSHİRT KIZ BEBEK,299.99
NAKIŞLI JEAN CAP ŞAPKA KIZ ÇOCUK,299.99
HAYVAN DESENLİ PENYE 3'LÜ SLİP KÜLOT KIZ ÇOCUK,299.99
NEW REGULAR FIT BİSİKLET YAKA BASKILI KISA KOLLU TİŞÖRT ERKEK ÇOCUK,299.99
BELİ LASTİKLİ BASKILI ŞORT ERKEK BEBEK,299.99
REGULAR FIT DESENLİ KISA KOLLU TİŞÖRT ERKEK BEBEK,299.99
AYI BASKILI 2'Lİ ATLET KIZ ÇOCUK,299.99
OVERSİZE BASKILI PİKE TİŞÖRT ERKEK BEBEK,299.99
BASKILI TİŞÖRT KIZ ÇOCUK,299.99
BASKILI TİŞÖRT ERKEK ÇOCUK,299.99
GÜNEŞ GÖZLÜĞÜ ERKEK ÇOCUK,299.99
3'LÜ PAMUKLU UZUN ÇORAP ERKEK ÇOCUK,149.99
DİKİŞSİZ 3'LÜ MODAL HAVLU ÇORAP ERKEK ÇOCUK,149.99
DESENLİ SATEN FULAR KIZ ÇOCUK,249.99
HELLO KITTY PAMUKLU KÜLOTLU ÇORAP KIZ ÇOCUK,249.99
%100 PAMUK BİSİKLET YAKA ÜST KIZ ÇOCUK,249.99
PAMUKLU CAP ŞAPKA ERKEK ÇOCUK,249.99
OVERSİZE GENİŞ KALIP KISA KOLLU TİŞÖRT ERKEK BEBEK,249.99
OVERSIZE DİNOZOR BASKILI TİŞÖRT ERKEK BEBEK,249.99
PAMUKLU CAP ŞAPKA KIZ ÇOCUK,249.99
DESENLİ SATEN FULAR KIZ ÇOCUK,249.99
V YAKA TİŞÖRT ERKEK ÇOCUK,249.99
5'Lİ PAMUKLU PATİK ÇORAP ERKEK ÇOCUK,249.99
DESENLİ SATEN FULAR KIZ ÇOCUK,249.99
FIRFIRLI 3'LÜ PAMUKLU UZUN ÇORAP KIZ ÇOCUK,199.99
MODAL KÜLOTLU ÇORAP KIZ ÇOCUK,199.99
KURDELE TOKA KIZ ÇOCUK,199.99
DOKUMA ETİKETLİ KULAKLI TRİKO BERE KIZ BEBEK,199.99
DİKİŞSİZ 4'LÜ PAMUKLU UZUN ÇORAP ERKEK ÇOCUK,199.99
3'LÜ PAMUKLU UZUN ÇORAP ERKEK ÇOCUK,149.99
PAMUKLU PAPYON PANTOLON ASKISI 2'Lİ ERKEK ÇOCUK,499.99
JEAN PANTOLON ERKEK ÇOCUK,999.99
SU GEÇİRMEZ KAPÜŞONLU YAĞMURLUK KIZ BEBEK,1299.99
TRİKO YELEK ERKEK ÇOCUK,499.99
FİTİLLİ KAŞKORSE TİŞÖRT KIZ ÇOCUK,499.99
BALIKÇI YAKA MONT KIZ ÇOCUK,1599.99
OVERSIZE BASKILI TİŞÖRT ERKEK BEBEK,249.99
NBA TİŞÖRT ERKEK ÇOCUK,499.99
2'Lİ TAKIM DESENLİ GÖMLEK PANTOLON ERKEK BEBEK,999.99
ÇİÇEKLİ TİŞÖRT KIZ BEBEK,299.99
ZIMBA DETAYLI FİTİLLİ KAŞKORSE TİŞÖRT KIZ ÇOCUK,599.99
DESENLİ SATEN FULAR KIZ ÇOCUK,249.99
WIDE LEG CEPLİ JEAN PANTOLON ERKEK ÇOCUK,799.99
%100 KETEN PANTOLON ERKEK ÇOCUK,999.99
HAKİM YAKA TİŞÖRT ERKEK ÇOCUK,499.99
JEAN OMUZ ÇANTASI KIZ ÇOCUK,999.99
3'LÜ PAMUKLU UZUN ÇORAP ERKEK ÇOCUK,149.99
OVERSIZE TİŞÖRT KIZ ÇOCUK,299.99
OVERSİZE GENİŞ KALIP POLO YAKA ÇİZGİLİ UZUN KOLLU GÖMLEK ERKEK ÇOCUK,799.99
FERMUARLI NAKIŞ VE BASKILI TAFTA MONT ERKEK ÇOCUK,1599.99
MARVEL COMICS TİŞÖRT ERKEK BEBEK,399.99
DESENLİ ELBİSE KIZ BEBEK,599.99
BASKILI KISA KOLLU TİŞÖRT ERKEK BEBEK,349.99
ÇAPRAZ ÇANTA KIZ ÇOCUK,999.99
SUNİ DERİ ÇAPRAZ ÇANTA ERKEK ÇOCUK,499.99
WIDE LEG JEAN GÖRÜNÜMLÜ PANTOLON KIZ ÇOCUK,899.99
BASKILI ŞORT ERKEK BEBEK,299.99
ÇİÇEKLİ FİTİLLİ KAŞKORSE TİŞÖRT KIZ BEBEK,299.99
PAMUKLU CAP ŞAPKA KIZ ÇOCUK,249.99
FLANEL KIZ ÇOCUK,799.99
SELANİK KUMAŞ ELBİSE KIZ BEBEK,599.99
WIDE LEG JEAN PANTOLON ERKEK ÇOCUK,799.99
MONT KIZ ÇOCUK,1799.99
WIDE LEG PANTOLON KIZ ÇOCUK,799.99
TAYT KIZ ÇOCUK,599.99
KONTRAST KADİFE YAKA MONT ERKEK BEBEK,1299.99
KALP DESENLİ FİTİLLİ KAŞKORSE 2'Lİ TAKIM KIZ BEBEK,799.99
OVERSIZE BASKILI TİŞÖRT ERKEK BEBEK,249.99
BATMAN NAKIŞLI PAMUKLU CAP ŞAPKA ERKEK ÇOCUK,349.99
%100 PAMUKLU UNICORN BASKILI 2'Lİ ATLET KIZ ÇOCUK,299.99
TRENÇKOT KIZ BEBEK,1799.99
MARVEL AVENGERS BASKILI PAMUKLU CAP ŞAPKA ERKEK ÇOCUK,349.99
WIDE LEG JEAN GÖRÜNÜMLÜ PANTOLON KIZ ÇOCUK,899.99
DESENLİ SATEN FULAR KIZ ÇOCUK,249.99
MÜSLİN ELBİSE KIZ BEBEK,799.99
AJURLU SÜVETER KIZ ÇOCUK,699.99
DESENLİ SATEN FULAR KIZ ÇOCUK,249.99
DISNEY LILO & STITCH PAMUKLU CAP ŞAPKA KIZ ÇOCUK,349.99
GÜNEŞ GÖZLÜĞÜ KIZ ÇOCUK,399.99
SUNİ DERİ ÇAPRAZ ÇANTA ERKEK ÇOCUK,499.99
WIDE LEG FİYONK NAKIŞLI GABARDİN PANTOLON KIZ BEBEK,799.99
FERMUARLI HIRKA KIZ ÇOCUK,499.99
BALLOON FIT JEAN PANTOLON KIZ ÇOCUK,999.99
DUBLE PAÇA PANTOLON ERKEK ÇOCUK,599.99
PİKE GÖMLEK ERKEK ÇOCUK,799.99
I LOVE NY OVERSIZE TİŞÖRT KIZ ÇOCUK,499.99
OVERSIZE BASKILI TİŞÖRT KIZ ÇOCUK,499.99
CULOTTE JEAN PANTOLON KIZ BEBEK,899.99
PAMUKLU CAP ŞAPKA KIZ ÇOCUK,249.99
PAMUKLU DENİM ELBİSE KIZ BEBEK,999.99
DESENLİ SATEN FULAR KIZ ÇOCUK,249.99
3D PAMUKLU CAP ŞAPKA KIZ ÇOCUK,349.99
GABARDİN GÖMLEK KIZ ÇOCUK,899.99
2'Lİ TAKIM KIZ BEBEK,899.99
ELBİSE KIZ ÇOCUK,899.99
3'LÜ PAMUKLU UZUN ÇORAP ERKEK ÇOCUK,149.99
ÇAPRAZ ÇANTA KIZ ÇOCUK,999.99
BİSİKLET YAKA TİŞÖRT ERKEK ÇOCUK,499.99
SWEATSHIRT ETEK 2'Lİ TAKIM KIZ BEBEK,999.99
V YAKA HIRKA KIZ ÇOCUK,799.99
JEAN KIZ ÇOCUK,799.99
POPLİN ŞORT ERKEK BEBEK,499.99
GÜNEŞ GÖZLÜĞÜ KIZ ÇOCUK,299.99
TRİKO HIRKA KIZ ÇOCUK,699.99
GÜNEŞ GÖZLÜĞÜ ERKEK ÇOCUK,299.99
OVERSIZE DESENLİ SWEATSHIRT KIZ BEBEK,499.99
BELİ PAÇASI LASTİKLİ BASİC DÜZ PİKE EŞOFMAN ALTI ERKEK ÇOCUK,599.99
ÇİÇEK İŞLEMELİ MÜSLİN BLUZ KIZ ÇOCUK,799.99
PİKE TİŞÖRT ERKEK ÇOCUK,499.99
%100 KETEN GÖMLEK ERKEK ÇOCUK,799.99
POLO YAKA DOKULU PAMUKLU KAZAK ERKEK ÇOCUK,699.99
ÇİÇEKLİ MÜSLİN NAKIŞ YAKALI ELBİSE KIZ BEBEK,799.99
GABARDİN 2'Lİ TAKIM ERKEK BEBEK,1299.99
PAMUKLU GÖMLEK ERKEK BEBEK,599.99
%100 PAMUKLU ÇİÇEK DESENLİ ELBİSE KIZ BEBEK,799.99
REGULAR FIT SWEATSHİRT KUMAŞI ŞORT ERKEK ÇOCUK,499.99
ÇİZGİLİ PAMUKLU ELBİSE,799.99
WIDE LEG PAMUKLU PANTOLON KIZ ÇOCUK,699.99
BELİ LASTİKLİ PANTOLON ERKEK BEBEK,499.99
GABARDİN GÖMLEK KIZ ÇOCUK,899.99
ÇİZGİLİ TİŞÖRT ERKEK ÇOCUK,399.99
DESENLİ SATEN FULAR KIZ ÇOCUK,249.99
BAGGY FIT GENİŞ PAÇA JEAN PANTOLON KIZ ÇOCUK,999.99
OVERSIZE TİŞÖRT ERKEK ÇOCUK,399.99
ÇAPRAZ ÇANTA KIZ ÇOCUK,999.99
OVERSIZE POLO TİŞÖRT ERKEK BEBEK,499.99
SU İTİCİ BOMBER NAKIŞLI MONT ERKEK ÇOCUK,1599.99
BATİK FİTİLLİ KAŞKORSE TİŞÖRT KIZ BEBEK,499.99
MARVEL AVENGERS BASKILI CAP ŞAPKA ERKEK ÇOCUK,349.99
%100 PAMUKLU 2'Lİ ATLET ERKEK ÇOCUK,399.99
POPLİN BLUZ KIZ ÇOCUK,499.99
FİTİLLİ KAŞKORSE TAYT KIZ BEBEK,399.99
KALP DESENLİ PAMUKLU CAP ŞAPKA KIZ ÇOCUK,299.99
ÇİÇEK DESENLİ POPLİN ETEK KIZ ÇOCUK,799.99
FERMUARLI YELEK ERKEK BEBEK,399.99
BİSİKLET YAKA HIRKA KIZ BEBEK,599.99
MÜSLİN 2'Lİ TAKIM GÖMLEK PANTOLON ERKEK BEBEK,1299.99
FERMUARLI 2'Lİ TAKIM KIZ ÇOCUK,1299.99
BARREL FİT DÜZ PAÇA JEAN PANTOLON ERKEK ÇOCUK,799.99
GÜNEŞ GÖZLÜĞÜ ERKEK ÇOCUK,399.99
APLİKE 2'Lİ TAKIM SWEATSHİRT EŞOFMAN ALTI KIZ BEBEK,699.99
KIZ ÇOCUK NAKIŞLI JEAN GÖRÜNÜMLÜ CAP ŞAPKA,299.99
YAKA DETAYLI ÇİÇEKLİ SWEATSHIRT KIZ BEBEK,499.99
TAŞ DÜĞME DETAYLI KAZAK KIZ ÇOCUK,799.99
3'LÜ PAMUKLU HAVLU ÇORAP ERKEK BEBEK,149.99
DESENLİ SATEN FULAR KIZ ÇOCUK,249.99
AJURLU HIRKA KIZ ÇOCUK,799.99
2'Lİ SAÇ AKSESUARI KIZ ÇOCUK,299.99
%100 PAMUKLU STUMBLE GUYS 2'Lİ PİJAMA TAKIMI ERKEK ÇOCUK,799.99
ÇİZGİLİ TİŞÖRT PANTOLON 2'Lİ TAKIM ERKEK ÇOCUK,1299.99
KADİFE FERMUARLI CEKET KIZ ÇOCUK,1199.99
TRİKO GÖRÜNÜMLÜ 2'Lİ TAKIM ERKEK BEBEK,999.99
POLO YAKA KAZAK KIZ ÇOCUK,699.99
5'Lİ PAMUKLU SOKET ÇORAP ERKEK ÇOCUK,249.99
KURDELE TOKA KIZ ÇOCUK,199.99
BÜRÜMCÜK 2'Lİ TAKIM KIZ ÇOCUK,1299.99
NAKIŞLI BÜYÜK YAKA HIRKA KIZ BEBEK,699.99
POLO YAKA PAMUKLU FERMUARLI KAZAK ERKEK ÇOCUK,699.99
WIDE LEG GABARDİN PANTOLON KIZ ÇOCUK,999.99
5'Lİ PAMUKLU PATİK ÇORAP KIZ ÇOCUK,249.99
PAMUKLU CAP ŞAPKA KIZ ÇOCUK,249.99
APLİKE 2'Lİ TAKIM SWEATSHİRT EŞOFMAN ALTI KIZ BEBEK,699.99
ÇAPRAZ ÇANTA KIZ ÇOCUK,1299.99
BASKILI 7'Lİ PAMUKLU PATİK ÇORAP ERKEK ÇOCUK,349.99
DESENLİ SATEN FULAR KIZ ÇOCUK,249.99
LOOSE FIT PAMUKLU PANTOLON ERKEK BEBEK,599.99
ÇİÇEKLİ FİTİLLİ KAŞKORSE TİŞÖRT KIZ BEBEK,299.99
DESENLİ CAP ŞAPKA KIZ ÇOCUK,299.99
ÇİZGİLİ POLO TİŞÖRT ERKEK ÇOCUK,599.99
WIDE LEG MODAL PANTOLON KIZ ÇOCUK,799.99
DESENLİ PENYE 3'LÜ BOXER ERKEK ÇOCUK,349.99
TİŞÖRT ERKEK ÇOCUK,399.99
3'LÜ PAMUKLU SOKET ÇORAP KIZ ÇOCUK,199.99
SLIM FIT BİSİKLET YAKA ÇİZGİLİ FİTİLLİ KAŞKORSE KISA KOLLU TİŞÖRT KIZ ÇOCUK,399.99
WIDE LEG JEAN PANTOLON KIZ BEBEK,799.99
OVERSIZE TİŞÖRT KIZ ÇOCUK,399.99
OVERSIZE BASKILI TİŞÖRT KIZ ÇOCUK,299.99
GÜNEŞ GÖZLÜĞÜ KIZ ÇOCUK,299.99
BASKILI TİŞÖRT ERKEK ÇOCUK,299.99
HAKİM YAKA TİŞÖRT ERKEK ÇOCUK,499.99
POLO TİŞÖRT ERKEK ÇOCUK,499.99
ÇİZGİLİ KAZAK KIZ ÇOCUK,699.99
OVERSİZE SIRT BASKILI SWEATSHİRT ERKEK BEBEK,499.99
%100 PAMUKLU 2'Lİ ATLET KIZ ÇOCUK,299.99
PİKE ŞORT ERKEK ÇOCUK,399.99
WIDE LEG AKIŞKAN KUMAŞ PANTOLON KIZ BEBEK,799.99
PENYE 2'Lİ BOXER ERKEK ÇOCUK,299.99
DİNAZOR DESENLİ PAMUKLU CAP ŞAPKA ERKEK ÇOCUK,299.99
FIRFIRLI WIDE LEG PAMUKLU PANTOLON KIZ BEBEK,799.99
OVERSIZE BASKILI KISA KOLLU TİŞÖRT ERKEK ÇOCUK,399.99
90'S WIDE LEG GENİŞ PAÇA JEAN PANTOLON KIZ ÇOCUK,799.99
2'Lİ TAKIM ERKEK ÇOCUK,999.99
WIDE LEG PANTOLON KIZ ÇOCUK,799.99
DESENLİ MÜSLİN ELBİSE KIZ BEBEK,799.99
TİŞÖRT ERKEK ÇOCUK,399.99
GÜNEŞ GÖZLÜĞÜ KIZ ÇOCUK,299.99
NEW REGULAR FIT BİSİKLET YAKA FLORAL KISA KOLLU TİŞÖRT ERKEK ÇOCUK,399.99
SU GEÇİRMEZ BOMBER MONT ERKEK BEBEK,1299.99
POLO YAKA BASKILI TİŞÖRT ERKEK ÇOCUK,699.99
FİTİLLİ KAŞKORSE 2'Lİ ELBİSE KIZ ÇOCUK,799.99
POLO YAKA BASKILI SWEATSHİRT KIZ ÇOCUK,599.99
BASKILI RİBANA TİŞÖRT KIZ ÇOCUK,399.99
PAMUKLU CAP ŞAPKA ERKEK ÇOCUK,249.99
REGULAR FIT SLOGAN DESENLİ KISA KOLLU TİŞÖRT ERKEK BEBEK,199.99
KARGO FİT BELİ LASTİKLİ JEAN PANTOLON ERKEK ÇOCUK,999.99
TİŞÖRT KIZ ÇOCUK,499.99
GÜNEŞ GÖZLÜĞÜ ERKEK ÇOCUK,399.99
BASKILI WAFFLE SWEATSHİRT ERKEK BEBEK,399.99
%100 PAMUKLU 2'Lİ PİJAMA TAKIMI ERKEK ÇOCUK,699.99
NAKIŞLI SALOPET JEAN TULUM KIZ BEBEK,1299.99
DESENLİ PENYE 2'Lİ SLİP KÜLOT ERKEK ÇOCUK,299.99
TAÇ KIZ ÇOCUK,199.99
GÜNEŞ GÖZLÜĞÜ ERKEK ÇOCUK,399.99
KIZ ÇOCUK GÜNEŞ GÖZLÜĞÜ,299.99
DISNEY MICKEY & MINNIE DESENLİ JEAN CAP ŞAPKA KIZ ÇOCUK,349.99
KIZ ÇOCUK GÜNEŞ GÖZLÜĞÜ,299.99
NEW REGULAR FIT APAŞ YAKA SLOGAN BASKILI UZUN KOLLU POLO TİŞÖRT ERKEK ÇOCUK,699.99
POLO YAKA OXFORD UZUN KOLLU BASİC DÜZ GÖMLEK ERKEK ÇOCUK,599.99
KAPÜŞONLU YAĞMURLUK KIZ ÇOCUK,1499.99
%100 PAMUKLU UNICORN BASKILI PENYE 3'LÜ SLİP KÜLOT KIZ ÇOCUK,299.99
BİSİKLET YAKA HIRKA KIZ BEBEK,599.99
FİYONK İŞLEMELİ TİŞÖRT KIZ BEBEK,299.99
ÇİÇEKLİ SWEATSHIRT TAYT 2'Lİ TAKIM KIZ BEBEK,899.99
3D PAMUKLU CAP ŞAPKA KIZ ÇOCUK,349.99
MAYO KIZ ÇOCUK,799.99
TAÇ KIZ ÇOCUK,199.99
KAYKAY BASKILI TİŞÖRT ERKEK BEBEK,249.99
KUROMİ PAMUKLU KÜLOTLU ÇORAP KIZ ÇOCUK,249.99
POLO YAKA DOKULU TRİKO KAZAK ERKEK ÇOCUK,699.99
MÜSLİN KIZ BEBEK,599.99
KAPÜŞONLU YAĞMURLUK KIZ ÇOCUK,1499.99
2'Lİ TAKIM KIZ BEBEK,899.99
TAÇ KIZ ÇOCUK,199.99
NAKIŞLI JEAN CAP ŞAPKA ERKEK ÇOCUK,349.99
PAPERBAG JEAN PANTOLON KIZ BEBEK,799.99
BAGGY FIT PAMUKLU PANTOLON KIZ BEBEK,799.99
WİDE LEG GENİŞ PAÇA ÇİZGİLİ PANTOLON KIZ ÇOCUK,999.99
2'Lİ TAKIM TIŞÖRT NAKIŞLI ELBİSE KIZ BEBEK,899.99
FİTİLLİ KAŞKORSE TİŞÖRT KIZ ÇOCUK,499.99
İŞLEMELİ UZUN KOLLU SELANİK KUMAŞ ELBİSE KIZ BEBEK,599.99
ERKEK BEBEK JEAN TULUM,799.99
WIDE LEG PANTOLON KIZ ÇOCUK,599.99
BASKILI ŞORT ERKEK BEBEK,299.99
3'LÜ TAKIM KISA KOLLU TİŞÖRT SWEATSHİRT EŞOFMAN ALTI ERKEK ÇOCUK,1299.99
DISNEY LILO & STITCH TİŞÖRT KIZ ÇOCUK,599.99
STRAIGHT WIDE İSPANYOL PAÇA GABARDİN PANTOLON KIZ ÇOCUK,899.99
DESENLİ SATEN FULAR KIZ ÇOCUK,249.99
GABARDİN ŞORT ERKEK ÇOCUK,599.99
DESENLİ ELBİSE KIZ ÇOCUK,899.99
WİDE LEG GENİŞ PAÇA JEAN PANTOLON KIZ ÇOCUK,999.99
2'Lİ TAKIM ERKEK BEBEK,1299.99
FİTİLLİ KAŞKORSE TİŞÖRT KIZ ÇOCUK,499.99
WİDE LEG PANTOLON KIZ ÇOCUK,799.99
FİYONK DETAYLI HIRKA KIZ BEBEK,499.99
2'Lİ TAKIM ERKEK ÇOCUK,599.99
BALLOON FIT JEAN PANTOLON KIZ ÇOCUK,999.99
REGULAR FIT SWEATSHİRT KUMAŞI ŞORT ERKEK ÇOCUK,399.99
WİDE LEG GENİŞ PAÇA PANTOLON KIZ ÇOCUK,799.99
BASKILI FİTİLLİ KAŞKORSE TİŞÖRT KIZ ÇOCUK,499.99
SU İTİCİ DİK YAKA MONT KIZ ÇOCUK,1299.99
POPLİN 2'Lİ TAKIM ÇİZGİLİ GÖMLEK PANTOLON ERKEK BEBEK,999.99
KAZAK ERKEK ÇOCUK,699.99
KIZ ÇOCUK 6'LI SAÇ AKSESUARI,199.99
DÜZ PAÇA BELİ LASTİKLİ BASİC DÜZ JEAN PANTOLON ERKEK BEBEK,599.99
PAMUKLU CAP ŞAPKA KIZ ÇOCUK,299.99
NBA LOS ANGELES LAKERS KALIN KUMAŞ PANTOLON ERKEK ÇOCUK,799.99
2'Lİ TAKIM KIZ BEBEK,799.99
FİTİLLİ KAŞKORSE ZIMBA DETAYLI TİŞÖRT KIZ ÇOCUK,499.99
DESENLİ PENYE 2'Lİ SLİP KÜLOT ERKEK ÇOCUK,299.99
ÇİÇEKLİ TİŞÖRT KIZ BEBEK,299.99
KAYKAY BASKILI TİŞÖRT ERKEK BEBEK,249.99
TİŞÖRT ERKEK ÇOCUK,249.99
2'Lİ SAÇ AKSESUARI KIZ ÇOCUK,299.99
PİKE ŞORT ERKEK BEBEK,249.99
FİTİLLİ KAŞKORSE TİŞÖRT KIZ BEBEK,299.99
OVERSIZE POLO TİŞÖRT ERKEK ÇOCUK,599.99
JEAN ŞORT ETEK KIZ ÇOCUK,899.99
DİKİŞSİZ 4'LÜ PAMUKLU UZUN ÇORAP ERKEK ÇOCUK,199.99
2'Lİ TAKIM KIZ BEBEK,799.99
DESENLİ DOKUMA CAP ŞAPKA ERKEK ÇOCUK,349.99
WIDE LEG EŞOFMAN ALTI KIZ BEBEK,499.99
SLOGAN BASKILI SWEATSHİRT KUMAŞI 2'Lİ TAKIM ERKEK BEBEK,999.99
WIDE LEG BATİK FİTİLLİ KAŞKORSE PANTOLON KIZ BEBEK,599.99
OVERSIZE ÇİZGİLİ POPLİN GÖMLEK ERKEK ÇOCUK,599.99
NBA MEMPHIS GRIZZLIES TİŞÖRT ERKEK ÇOCUK,499.99
5'Lİ PAMUKLU PATİK ÇORAP KIZ ÇOCUK,249.99
BASKILI CAP ŞAPKA KIZ ÇOCUK,299.99
ŞERİTLİ CULOTTE JEAN PANTOLON KIZ BEBEK,899.99
SLIM FIT DÜZ PAÇA JEAN PANTOLON ERKEK ÇOCUK,799.99
BOMBER HIRKA ERKEK ÇOCUK,699.99
POLO TİŞÖRT GABARDİN PANTOLON 2'Lİ TAKIM ERKEK ÇOCUK,999.99
NBA MILWAUKEE BUCKS TİŞÖRT ERKEK ÇOCUK,499.99
POLO YAKA KAZAK KIZ ÇOCUK,799.99
WIDE LEG JEAN GÖRÜNÜMLÜ PANTOLON KIZ ÇOCUK,899.99
MÜSLİN 2'Lİ TAKIM KIZ BEBEK,999.99
REGULAR FIT DİK YAKA NAKIŞLI KAZAK KIZ ÇOCUK,799.99
GÜNEŞ GÖZLÜĞÜ ERKEK ÇOCUK,399.99
FİTİLLİ KAŞKORSE TİŞÖRT KIZ ÇOCUK,499.99
NAKIŞLI FİTİLLİ KADİFE CAP ŞAPKA KIZ ÇOCUK,299.99
BASKILI TİŞÖRT ERKEK ÇOCUK,399.99
MARVEL SPIDERMAN PAMUKLU CAP ŞAPKA ERKEK ÇOCUK,349.99
PÖTİKARELİ POPLİN GÖMLEK KIZ BEBEK,599.99
BASKILI TİŞÖRT ERKEK ÇOCUK,399.99
ERKEK ÇOCUK ÇİZGİLİ GÖMLEK,799.99
3D SİMLİ KUMAŞ CAP ŞAPKA KIZ ÇOCUK,349.99
KAPÜŞONLU BASKILI SKUBA DALGIÇ KUMAŞ KOLSUZ SWEATSHİRT ERKEK ÇOCUK,499.99
MOM FİT JEAN PANTOLON KIZ BEBEK,699.99
FIRFIR DETAYLI OVERSIZE ÇİÇEKLİ SWEATSHIRT KIZ BEBEK,499.99
BASKILI RİBANA TİŞÖRT KIZ ÇOCUK,499.99
DESENLİ CAP ŞAPKA KIZ ÇOCUK,299.99
JOGGER FIT JEAN PANTOLON ERKEK ÇOCUK,999.99
OVERSİZE GENİŞ KALIP BİSİKLET YAKA BASKILI KISA KOLLU TİŞÖRT ERKEK ÇOCUK,399.99
3'LÜ SAÇ AKSESUARI KIZ ÇOCUK,299.99
GÜNEŞ GÖZLÜĞÜ ERKEK ÇOCUK,299.99
FİTİLLİ KAŞKORSE 2'Lİ ELBİSE KIZ ÇOCUK,799.99
REGULAR FIT SWEATSHİRT KUMAŞI ŞORT ERKEK ÇOCUK,399.99
2'Lİ PAMUKLU UZUN ÇORAP KIZ BEBEK,129.99
DİNOZOR DESENLİ SWEATSHİRT ERKEK BEBEK,499.99
2'Lİ TAKIM TİŞÖRT İŞLEMELİ ELBİSE KIZ ÇOCUK,1299.99
İŞLEMELİ ELBİSE KIZ BEBEK,599.99
BASKILI 2'Lİ TAKIM ERKEK BEBEK,999.99
SLIM FIT DESENLİ FİTİLLİ KAŞKORSE TİŞÖRT KIZ ÇOCUK,399.99
REGULAR FIT SWEATSHİRT KUMAŞI ŞORT ERKEK ÇOCUK,499.99
ZIMBALI FİTİLLİ KAŞKORSE TİŞÖRT KIZ ÇOCUK,599.99
OVERSIZE DESENLİ GÖMLEK ERKEK ÇOCUK,599.99
BASKILI SWEATSHIRT KIZ ÇOCUK,499.99
HAYVAN DESENLİ PAMUKLU 2'Lİ TAKIM ERKEK BEBEK,1299.99
%100 PAMUKLU 2'Lİ ATLET ERKEK ÇOCUK,299.99
ÇİZGİLİ 5'Lİ PAMUKLU UZUN ÇORAP ERKEK ÇOCUK,249.99
2'Lİ TAKIM KIZ BEBEK,899.99
KIZ ÇOCUK GÜNEŞ GÖZLÜĞÜ,399.99
%100 PAMUKLU BLUZ KIZ ÇOCUK,599.99
WIDE LEG EŞOFMAN ALTI KIZ BEBEK,499.99
FİTİLLİ KAŞKORSE TİŞÖRT KIZ ÇOCUK,499.99
PENYE 3'LÜ SLİP KÜLOT ERKEK ÇOCUK,299.99
BEL ÇANTASI ERKEK ÇOCUK,499.99
BALLOON FIT GABARDİN PANTOLON ERKEK BEBEK,799.99
BASKILI TİŞÖRT ERKEK ÇOCUK,299.99
BASKILI HIRKA ERKEK ÇOCUK,1299.99
MİDİ TAYT KIZ ÇOCUK,299.99
OVERSİZE GENİŞ KALIP BİSİKLET YAKA BASKILI UZUN KOLLU TİŞÖRT ERKEK ÇOCUK,399.99
2'Lİ TAKIM KIZ BEBEK,899.99
MARVEL SPIDERMAN PAMUKLU CAP ŞAPKA ERKEK ÇOCUK,349.99
DÜZ PAÇA BASİC DÜZ JEAN PANTOLON ERKEK BEBEK,599.99
JOGGER FIT JEAN PANTOLON ERKEK ÇOCUK,999.99
OXFORD 2'Lİ GÖMLEK KIZ ÇOCUK,899.99
DÜZ PAÇA PANTOLON ERKEK ÇOCUK,799.99
PAMUKLU CAP ŞAPKA ERKEK ÇOCUK,249.99
PENYE TİŞÖRT KIZ ÇOCUK,399.99
PAMUKLU PAPYON PANTOLON ASKISI 2'Lİ ERKEK ÇOCUK,499.99
PAMUKLU CAP ŞAPKA KIZ ÇOCUK,249.99
OVERSIZE BASKILI TİŞÖRT ERKEK BEBEK,299.99
SU İTİCİ KAPÜŞONLU MONT ERKEK ÇOCUK,999.99
FİTİLLİ KAŞKORSE TAYT KIZ BEBEK,399.99
"1,6 TOG ELYAF DESENLİ TULUM KIZ BEBEK",999.99
ÇİÇEKLİ MÜSLİN 2'Lİ TAKIM KIZ BEBEK,999.99
NAKIŞLI FİTİLLİ KADİFE CAP ŞAPKA ERKEK ÇOCUK,299.99
OVERSIZE ÇİÇEKLİ TİŞÖRT KIZ ÇOCUK,399.99
LOONEY TUNES CROPPED FIT RİBANA TİŞÖRT KIZ ÇOCUK,499.99
KANVAS BEL ÇANTASI ERKEK ÇOCUK,499.99
KARELİ FLANEL UZUN KOLLU GÖMLEK ERKEK BEBEK,499.99
WIDE LEG PANTOLON KIZ ÇOCUK,799.99
BALLOON FIT BİSİKLET YAKA TİŞÖRT KIZ BEBEK,399.99
DESENLİ SATEN FULAR KIZ ÇOCUK,249.99
PAMUKLU CAP ŞAPKA ERKEK ÇOCUK,249.99
ÇAPRAZ ÇANTA ERKEK ÇOCUK,499.99
WIDE LEG PANTOLON KIZ ÇOCUK,699.99
KOLEJ YAKA BOMBER MONT KIZ ÇOCUK,1599.99
3'LÜ KURDELE TOKA KIZ ÇOCUK,299.99
WIDE LEG PANTOLON KIZ ÇOCUK,599.99
DANTEL DETAYLI GÖMLEK KIZ BEBEK,599.99
2'Lİ TAKIM BASKILI SWEATSHİRT TAYT KIZ BEBEK,899.99
WİDE LEG DÜZ PAÇA JEAN PANTOLON ERKEK ÇOCUK,599.99
TAYT KIZ BEBEK,399.99
PAMUKLU BUCKET ŞAPKA KIZ ÇOCUK,399.99
KAYIK YAKA PENYE TİŞÖRT KIZ ÇOCUK,399.99
TRENÇKOT KIZ ÇOCUK,1799.99
REGULAR FIT SWEATSHİRT KUMAŞI ŞORT ERKEK ÇOCUK,499.99
ÇAPRAZ ÇANTA ERKEK ÇOCUK,499.99
TİŞÖRT KIZ BEBEK,299.99
OVERSIZE POLO YAKA SLOGAN BASKILI KISA KOLLU POLO TİŞÖRT ERKEK ÇOCUK,599.99
DİKİŞSİZ 2'Lİ PAMUKLU UZUN ÇORAP ERKEK BEBEK,129.99
BASKILI TİŞÖRT ERKEK BEBEK,399.99
OVERSİZE GENİŞ KALIP KARELİ FLANEL UZUN KOLLU GÖMLEK ERKEK ÇOCUK,599.99
AYICIKLI 3'LÜ PAMUKLU UZUN ÇORAP ERKEK ÇOCUK,199.99
YİYECEK BASKILI PENYE 5'Lİ BOXER ERKEK ÇOCUK,499.99
FLAMLI POPLİN ELBİSE KIZ BEBEK,399.99
FİYONK NAKIŞLI HIRKA KIZ BEBEK,699.99
REGULAR FIT V YAKA KISA KOLLU TİŞÖRT ERKEK ÇOCUK,249.99
NAKIŞLI PAMUKLU CAP ŞAPKA KIZ ÇOCUK,349.99
POPLİN GÖMLEK KIZ ÇOCUK,799.99
WIDE LEG BELİ LASTİKLİ BASKILI EŞOFMAN ALTI ERKEK ÇOCUK,599.99
REGULAR FIT SWEATSHİRT KUMAŞI PANTOLON ERKEK ÇOCUK,499.99
KAYKAY BASKILI 2'Lİ TAKIM ERKEK BEBEK,799.99
GABARDİN GÖMLEK ERKEK BEBEK,999.99
FİTİLLİ KAŞKORSE TİŞÖRT KIZ ÇOCUK,399.99
NEW REGULAR FIT BİSİKLET YAKA BASKILI KISA KOLLU TİŞÖRT ERKEK ÇOCUK,499.99
NAKIŞLI PAMUKLU DENİM CAP ŞAPKA ERKEK ÇOCUK,349.99
DİK YAKA GÖMLEK ERKEK ÇOCUK,799.99
REGULAR FIT SWEATSHİRT KUMAŞI ŞORT ERKEK ÇOCUK,399.99
OVERSIZE NAKIŞLI YAKA BASKILI TİŞÖRT ERKEK ÇOCUK,499.99
CHARM DETAYLI ÇAPRAZ ÇANTA KIZ ÇOCUK,999.99
FİYONK DETAYLI TİŞÖRT KIZ BEBEK,399.99
NAKIŞLI TİŞÖRT ERKEK ÇOCUK,399.99
DISNEY LILO & STITCH 2'Lİ TAKIM KIZ BEBEK,999.99
GABARDİN PANTOLON ERKEK ÇOCUK,799.99
WIDE LEG EŞOFMAN ALTI KIZ ÇOCUK,599.99
2'Lİ TAKIM ÇİZGİLİ SWEATSHİRT PANTOLON ERKEK BEBEK,899.99
JEAN KIZ ÇOCUK,899.99
TAŞLI POPLİN GÖMLEK KIZ ÇOCUK,799.99
WIDE LEG JEAN PANTOLON KIZ ÇOCUK,999.99
WIDE LEG MODAL PANTOLON KIZ ÇOCUK,799.99
GABARDİN KIZ ÇOCUK,499.99
DÜZ PAÇA JEAN PANTOLON ERKEK BEBEK,599.99
WIDE LEG MODAL PANTOLON KIZ ÇOCUK,799.99
KPOP - DEMON HUNTERS RELAX FIT SWEATSHIRT KIZ ÇOCUK,599.99
KISA KOLLU POLO TİŞÖRT ERKEK ÇOCUK,599.99
BİSİKLET YAKA BASKILI UZUN KOLLU TİŞÖRT ERKEK ÇOCUK,399.99
BASKILI TİŞÖRT ERKEK ÇOCUK,299.99
ÇİZGİLİ KETEN KARIŞIMLI GÖMLEK ERKEK BEBEK,599.99
ERKEK BEBEK UZUN KOLLU GÖMLEK,599.99
DİKİŞSİZ SEAMLESS 2'Lİ BOXER KIZ ÇOCUK,349.99
RELAX FIT BASKILI SWEATSHIRT KIZ ÇOCUK,399.99
OVERSIZE BASKILI TİŞÖRT ERKEK BEBEK,349.99
İŞLEMELİ ELBİSE KIZ BEBEK,799.99
OVERSİZE ÇİZGİLİ TİŞÖRT ERKEK BEBEK,399.99
REGULAR FIT BİSİKLET YAKA SLOGAN BASKILI KISA KOLLU TİŞÖRT ERKEK ÇOCUK,399.99
DİNOZOR BASKILI TİŞÖRT ERKEK BEBEK,199.99
KARGO FİT BASKILI EŞOFMAN ALTI ERKEK BEBEK,399.99
TİŞÖRT ERKEK BEBEK,299.99
OVERSİZE GENİŞ KALIP BİSİKLET YAKA BASKILI UZUN KOLLU TİŞÖRT ERKEK BEBEK,399.99
BİSİKLET YAKA BASKILI KISA KOLLU TİŞÖRT ERKEK BEBEK,199.99
BİSİKLET YAKA BASKILI KISA KOLLU TİŞÖRT ERKEK BEBEK,299.99
BİSİKLET YAKA BASİC DÜZ UZUN KOLLU TİŞÖRT ERKEK BEBEK,249.99
ELBİSE KIZ BEBEK,899.99
SELANİK KUMAŞ 2'Lİ TAKIM POLO YAKA SWEATSHİRT PANTOLON ERKEK BEBEK,999.99
BELİ LASTİKLİ PİLELİ JEAN ŞORT ETEK KIZ BEBEK,699.99
2'Lİ TAKIM KALP DESENLİ DOKULU SWEATSHİRT PANTOLON KIZ BEBEK,999.99
FLAMLI POPLİN GÖMLEK ERKEK BEBEK,399.99
KIZ ÇOCUK,799.99
KARELİ KEMERLİ KOLSUZ ELBİSE KIZ ÇOCUK,899.99
OVERSİZE GENİŞ KALIP POLO YAKA BASKILI UZUN KOLLU TİŞÖRT ERKEK ÇOCUK,699.99
GABARDİN DANTEL YAKA ELBİSE KIZ BEBEK,899.99
2'Lİ TAKIM DOKULU KUMAŞ GÖMLEK PANTOLON ERKEK BEBEK,999.99
OVERSİZE GENİŞ KALIP BİSİKLET YAKA BASKILI UZUN KOLLU TİŞÖRT ERKEK ÇOCUK,499.99
BİSİKLET YAKA DÜĞMELİ UZUN KOLLU TİŞÖRT KIZ ÇOCUK,399.99
%100 PAMUKLU TİŞÖRT KIZ BEBEK,399.99
OVERSIZE BASKILI TİŞÖRT KIZ ÇOCUK,299.99
LOOSE FİT BELİ LASTİKLİ EŞOFMAN ALTI ERKEK BEBEK,399.99
ÇİÇEKLİ FİTİLLİ KAŞKORSE TİŞÖRT KIZ ÇOCUK,399.99
OVERSIZE BASKILI SWEATSHIRT TİŞÖRT KIZ ÇOCUK,499.99
NEW REGULAR FIT BİSİKLET YAKA SLOGAN BASKILI UZUN KOLLU TİŞÖRT ERKEK ÇOCUK,499.99
WIDE LEG PANTOLON KIZ ÇOCUK,599.99
BİSİKLET YAKA BASİC DÜZ UZUN KOLLU TİŞÖRT ERKEK BEBEK,249.99
OVERSİZE GENİŞ KALIP BİSİKLET YAKA BASKILI UZUN KOLLU TİŞÖRT ERKEK BEBEK,299.99
BİSİKLET YAKA ÇİZGİLİ UZUN KOLLU TİŞÖRT ERKEK BEBEK,399.99
BİSİKLET YAKA BASİC DÜZ KISA KOLLU TİŞÖRT ERKEK BEBEK,199.99
OVERSİZE KALIN KUMAŞ TİŞÖRT ERKEK ÇOCUK,399.99
REGULAR FIT BİSİKLET YAKA KISA KOLLU TİŞÖRT ERKEK BEBEK,199.99
