product_name,price
Civil Baby Rea Desen 6-18 Ay Bebek Kız Külotlu Çorap - Beyaz,129.99
Civil Baby Derbili Basic 3'lü 6-18 Ay Bebek Kız Çorap Set,99.99
Civil Baby Dino 3'lü 6-18 Ay Bebek Erkek Çorap Set,79.99
Civil Baby Mini Dino 9-18 Ay Bebek Erkek Boxer,99.99
Civil Baby King 6-18 Ay Bebek Erkek Külotlu Çorap - Yeşil,129.99
Hello Kıtty Kız Bebek 30 Denye Mus Külotlu Çorap 6-18 Ay - Siyah,99.99
Civil Baby Penguen Havlu 6-18 Ay 2'li Bebek Kız Çorap Set,99.99
Civil Baby Unicorn Havlu 6-18 Ay Bebek Kız Çorap Set,79.99
Tweety Havlu 0-24 Ay Bebek Kız Çorap Set,79.99
Civil Baby Basic Havlu 0-24 Ay Bebek Erk Çorap Set,69.99
Civil Baby Horse Desen Asetat 0-24 Ay Çorap Setleri,129.99
Civil Baby I Mom I Dad Kaydırmaz 2'li 6-18 Ay Bebek Kız Çorap Set,79.99
Civil Baby Hello World Kaydırmaz 2'li 6-18 Ay Bebek Kız Çorap Set,79.99
Civil Baby Mini Dino 9-18 Ay Bebek Erkek Atlet,119.99
Civil Baby I Mom I Dad Abs Baskı 6-18 Ay 2'li Bebek Kız Çorap,59.99
Civil Baby Bear Havlu 6-18 Ay Bebek Erkek Külotlu Çorap - Gri,99.99
Civil Baby Bambu Basic Asetat 0-24 Ay Çorap Setleri,129.99
Civil Baby Rabbit Desen Asetat 0-24 Ay Çorap Setleri,129.99
Civil Baby Cat 6-18 Ay Bebek Kız Külotlu Çorap - Beyaz,129.99
Civil Baby Lion Havlu 6-18 Ay Bebek Erkek Külotlu Çorap - Ekru,99.99
Civil Baby Kalp 3'lü 6-18 Ay Bebek Kız Çorap Set,99.99
Civil Baby Dinazor Desen Asetat 0-24 Ay Çorap Setleri,129.99
Civil Baby Sincap 6-18 Ay Bebek Kız Külotlu Çorap - Bej,129.99
Civil Baby Düz 6-18 Ay Bebek Kız Külotlu Çorap - Beyaz,129.99
Civil Baby Night Bear 6-18 Ay Bebek Erkek Külotlu Çorap - Lacivert,129.99
Civil Baby Erkek Bebek 3'lü Çorap Set 6-18 Ay,129.99
Civil Baby Erkek Bebek Boxer 9-18 Ay,79.99
Civil Baby I Dad Desen Asetat 0-24 Ay Çorap Setleri,129.99
Civil Baby Dinazor Havlu 0-24 Ay Bebek Erk Çorap Set,49.99
Civil Baby İş Makinesi 9-18 Ay Atlet,49.99
Civil Baby Animal Havlu 6-18 Ay Bebek Erkek Külotlu Çorap - Kahverengi,99.99
Civil Baby Havlu Unicorn 6-18 Ay Bebek Kız Külotlu Çorap - Beyaz,99.99
Civil Baby Animal 9-18 Ay Atlet,99.99
Civil Baby Tüllü Çorap 0-24 Ay Bebek Kız Soket Çorap - Kırmızı,99.99
Civil Baby Kalp Kıvrık Havlu 6-18 Ay 2'li Bebek Kız Çorap Set,99.99
Civil Baby Balon 9-18 Ay Bebek Erkek Atlet,119.99
Bepanthol Baby Pişik Önleyici Merhem 30 gr,269.00
Hello Kitty Havlu 0-24 Ay Bebek Kız Çorap Set,79.99
Civil Baby Roar Havlu 6-18 Ay Bebek Erk Çorap Set,29.99
Civil Baby Çiçek Bebek Kız Havlu Çarık Çorap,99.99
Civil Baby Erkek Bebek 3'lü Çorap Set 0-6 Ay,129.99
Civil Baby Kız Bebek 5'li Çorap 6-18 Ay,149.99
Civil Baby Princess 3'lü 6-18 Ay Bebek Kız Çorap Set,99.99
Öts Çiçek Desen 2-12 Yaş Atlet - Gri,24.99
Civil Baby Tüllü Çorap ve Bandana 0-24 Ay Bebek Kız Çorap Set - Beyaz,119.99
Civil Baby Dinazor 6-18 Ay Bebek Erkek Külotlu Çorap - Bej,129.99
Civil Baby Kuğu 9-18 Ay Bebek Kız Atlet,119.99
Civil Baby Yumoş İp Kıvrık 6-18 Ay 2'li Bebek Erkek Çorap Set,99.99
Civil Baby Çiçek Havlu 6-18 Ay Bebek Kız Külotlu Çorap - Turuncu,99.99
Civil Baby Space Abs Baskı 6-18 Ay 2'li Bebek Erkek Çorap,79.99
Civil Baby Kız Bebek 3'lü Çorap Set 0-6 Ay,129.99
Civil Baby Erkek Bebek 5'li Çorap 6-18 Ay,149.99
Civil Baby Basic Düz Havlu 6-18 Ay Bebek Kız Külotlu Çorap - Beyaz,149.99
Civil Baby Düz Sıfır Kol 12-36 Ay Çıtçıtlı Badi - Beyaz,69.99
Civil Baby Bambu Basic Asetat 0-24 Ay Çorap Setleri,129.99
Civil Baby Derbili Çiçek 3'lü 6-18 Ay Bebek Kız Çorap Set,99.99
Civil Baby Basic Çizgili 3'lü 6-18 Ay Bebek Erkek Çorap Set,99.99
Civil Baby Kuğu 9-18 Ay Bebek Kız Boxer,99.99
Civil Baby Rea Desen 6-18 Ay Bebek Kız Külotlu Çorap - Pembe,129.99
Civil Baby Hello World Kaydırmaz 2'li 6-18 Ay Bebek Erkek Çorap Set,79.99
Civil Baby Basic Derbi Kaydırmaz 3'lü 6-18 Ay Bebek Erkek Çorap Set,99.99
Civil Baby Penguen Bebek Kız Havlu Çarık Çorap,99.99
Civil Baby Tüllü Çorap 0-24 Ay Bebek Kız Soket Çorap - Siyah,99.99
Civil Baby Düz Sıfır Kol 3-9 Ay Çıtçıtlı Badi - Beyaz,69.99
Civil Baby Meow Havlu 6-18 Ay Bebek Kız Çorap Set,79.99
Civil Baby Karikatür Desen 3'lü 6-18 Ay Bebek Erkek Çorap Set,99.99
Civil Baby Roket 9-18 Ay Atlet,69.99
Civil Baby Unicorn 6-18 Ay Bebek Kız Külotlu Çorap - Yeşil,79.99
Civil Baby Tavşan 6-18 Ay Bebek Kız Külotlu Çorap - Pembe,129.99
Civil Baby Bambi 6-18 Ay Bebek Kız Külotlu Çorap - Pembe,49.99
Civil Baby Erkek Bebek Kaydırmaz Çorap 6-18 Ay,59.99
Civil Baby Car 9-18 Ay Bebek Erkek Boxer,99.99
Civil Baby Kalp Puanlı 6-18 Ay Bebek Kız Külotlu Çorap - Bej,99.99
Civil Baby Roar 3'lü 6-18 Ay Bebek Erkek Çorap Set,99.99
Süperman Erkek Bebek 2'li Havlu Çorap 6-12 Ay,59.99
Civil Baby Düz 6-18 Ay Bebek Kız Külotlu Çorap - Pembe,129.99
Civil Girls Kız Çocuk Düz 2-5 Yaş Sweatshirt - Pembe,199.99
Civil Baby Ekru-Kahve Asetat 0-24 Ay Çorap Setleri,129.99
Civil Baby Cool Bear 6-18 Ay Bebek Erkek Külotlu Çorap - Mavi,129.99
Civil Baby Cats 9-18 Ay Atlet,59.99
Civil Baby Princes Koala 6-18 Ay Bebek Kız Çorap Set,49.99
Civil Baby Monster Kaydırmaz 2'li 6-18 Ay Bebek Erkek Çorap Set,79.99
Civil Baby Siyah-Beyaz Asetat 0-24 Ay Çorap Setleri,129.99
Civil Baby My Mom Dad Havlu 6-18 Ay Bebek Kız Külotlu Çorap - Beyaz,99.99
Civil Baby Erkek Bebek Boxer 9-18 Ay,99.99
Katamino Erkek Bebek Külotlu Çorap 0-12 Ay,79.99
Silayla Aks. File Bebek Soket Çorap 6-18 Ay,49.99
Civil Baby Arı Bebek Kız Havlu Çarık Çorap,99.99
Civil Baby Erkek Bebek 3'lü Çorap Set 0-6 Ay,129.99
Civil Baby Mikro 0-12 Ay Külotlu Çorap - Beyaz,99.99
Civil Baby Jungle 3'lü 6-18 Ay Bebek Erkek Çorap Set,99.99
Civil Baby Kız Bebek 3'lü Çorap Set 0-6 Ay,129.99
Civil Baby Erkek Bebek 5'li Çorap Set 6-12 Ay,149.99
Civil Baby Geyik Havlu 6-18 Ay 2'li Bebek Erkek Çorap Set,99.99
Civil Baby Tüllü Çorap 0-24 Ay Bebek Kız Soket Çorap - Beyaz,99.99
Mycey Alıştırma Külodu,49.99
Civil Baby Tiger 6-18 Ay Bebek Erkek Külotlu Çorap - Gri,49.99
Civil Baby Love 6-18 Ay Bebek Kız Külotlu Çorap - Ekru,129.99
Civil Baby Basic Düz Havlu 6-18 Ay Bebek Kız Külotlu Çorap - Pembe,149.99
Civil Baby Düz 6-18 Ay Bebek Erkek Külotlu Çorap - Gri,129.99
Civil Baby Hello Dino Desen Asetat 0-24 Ay Çorap Setleri,129.99
Civil Baby Hello World Abs Baskı 6-18 Ay 2'li Bebek Erkek Çorap,79.99
Civil Baby Basic Havlu 6-18 Ay 3'lü Bebek Erkek Çorap Set,99.99
Civil Baby Lacost Basic Asetat 0-24 Ay Çorap Setleri,129.99
Civil Baby Bunny 6-18 Ay Bebek Kız Külotlu Çorap - Yeşil,99.99
Civil Baby Basic Havlu 6-18 Ay 3'lü Bebek Kız Çorap Set,99.99
Civil Baby Dinazor 6-18 Ay Bebek Erkek Külotlu Çorap - Gri,99.99
Civil Baby Dinazor 9-18 Ay Atlet,79.99
Civil Baby Unicorn 6-18 Ay Bebek Kız Külotlu Çorap - Gri,99.99
Civil Baby Aslan 6-18 Ay Bebek Erkek Külotlu Çorap - Bej,129.99
Civil Baby Mini Bunny 6-18 Ay Bebek Kız Külotlu Çorap - Bej,129.99
Civil Baby Bambu Organik Bebek Çorap Set - Ekru,99.99
Civil Baby Zürafa 6-18 Ay Bebek Erkek Külotlu Çorap - Lacivert,129.99
DANTELLİ AYAKLI ÇORAP - Ekru,39.99
Civil Baby Derbili Fiyonk Aks. 6-18 Ay Bebek Kız Külotlu Çorap - Beyaz,169.99
Civil Baby Kurdele Desen 6-18 Ay Bebek Kız Külotlu Çorap - Bej,129.99
Civil Baby Mini Bear Havlu 6-18 Ay 2'li Bebek Erkek Çorap Set,99.99
Civil Baby Kedi 6-18 Ay Bebek Kız Külotlu Çorap - Ekru,129.99
Civil Baby Tiger Havlu 6-18 Ay Bebek Erkek Külotlu Çorap - Yeşil,79.99
Civil Baby Cute Bird 3'lü 6-18 Ay Bebek Kız Çorap Set,99.99
Civil Baby Nixer Bebek Erkek Havlu Çarık Çorap,99.99
Civil Baby Bambu Organik Bebek Çorap Set - Beyaz,99.99
Civil Baby Rabbit 9-18 Ay Atlet,69.99
Civil Baby Strawberry Kaydırmaz 6-18 Ay Bebek Kız Çorap Set,79.99
Civil Baby Kız Bebek 3'lü Havlu Çorap Set,69.99
Civil Baby Camper 6-18 Ay Bebek Erk Çorap Set,79.99
Civil Baby Nakışlı Kıvrık Havlu 6-18 Ay 3'lü Bebek Erkek Çorap Set,149.99
Civil Baby Çizgili Kalpli 6-18 Ay Bebek Kız Külotlu Çorap - Beyaz,99.99
Civil Baby Baykuş Bebek Kız Havlu Çarık Çorap,99.99
Civil Baby Flower Havlu 6-18 Ay 2'li Bebek Kız Çorap Set,79.99
Civil Baby Kız Bebek Külotlu Çorap 6-18 Ay - Beyaz,129.99
Civil Baby Geyik 6-18 Ay Bebek Kız Çorap Set,49.99
Civil Baby Born To Rıde Havlu 6-18 Ay Bebek Erk Çorap Set,49.99
Civil Baby Bambu Organik Bebek Çorap Set - Ekru,99.99
Civil Baby Panda 9-18 Ay Atlet,49.99
Civil Baby Renk Basic Asetat 0-24 Ay Çorap Setleri,129.99
Civil Baby Bambu 6-18 Ay Bebek Çorap Set,69.99
Civil Baby Cute Bunny Havlu 6-18 Ay 2'li Bebek Kız Çorap Set,79.99
Civil Baby Love 6-18 Ay Bebek Kız Külotlu Çorap - Kahverengi,129.99
Civil Baby Bulut Desen Kız 2 Li Atlet Set,19.99
Civil Baby Mini Bunny Kıvrık Havlu 6-18 Ay 2'li Bebek Kız Çorap Set,99.99
Minidamla ÇİFT SİMLİ AYAKLI ÇORAP - Beyaz,79.99
Civil Baby Derbili Fiyonk Aks. 6-18 Ay Bebek Kız Külotlu Çorap - Pembe,169.99
Civil Baby Deer Havlu 6-18 Ay Bebek Kız Külotlu Çorap - Ekru,99.99
Civil Baby Bear Havlu 6-18 Ay 2'li Bebek Erk Çorap Set,79.99
Civil Baby Rea Desen 6-18 Ay Bebek Kız Külotlu Çorap - Ekru,129.99
Civil Baby Race Abs Baskı 6-18 Ay 2'li Bebek Erkek Çorap,79.99
Civil Baby Bambi Havlu 6-18 Ay Bebek Kız Külotlu Çorap - Pembe,79.99
Civil Baby Düz Kısa Kol 12-36 Ay Çıtçıtlı Badi - Beyaz,84.99
Civil Baby Farm 3'lü 6-18 Ay Bebek Erkek Çorap Set,79.99
Civil Baby Çizgili Tavşan Havlu 6-18 Ay Bebek Kız Külotlu Çorap - Pembe,79.99
Civil Baby Smile 3'lü 6-18 Ay Bebek Erkek Çorap Set,99.99
Civil Baby Turtle Kaydırmaz 6-18 Ay Bebek Erk Çorap Set,79.99
Civil Baby Dinazor 9-18 Ay Bebek Erkek Boxer,99.99
Civil Baby Off Road Havlu 6-18 Ay Bebek Erk Çorap Set,79.99
Civil Baby Floş Kurdale Desenli 60 Denye 6-18 Ay Bebek Kız Mus Külotlu Çorap - Ekru,79.99
Civil Baby Sarı-Kırmızı Asetat 0-24 Ay Çorap Setleri,129.99
Civil Baby Nakışlı Kıvrık Havlu 6-18 Ay 3'lü Bebek Kız Çorap Set,149.99
Civil Baby Kalp Akseusarlı 17-20 Numara Kız Bebek Çarık Çorap,59.99
Civil Baby Basic Kıvrık Havlu 6-18 Ay 3'lü Bebek Kız Çorap Set,99.99
Civil Baby Zürafa 9-18 Ay Atlet,99.99
Civil Girls Renkli Çiçek 2-5 Yaş Sweatshirt - Kırmızı,199.99
Öts Çiçek Desen 2-12 Yaş Atlet - Pudra,24.99
Civil Baby Bambu Organik Bebek Çorap Set - Beyaz,99.99
Civil Baby Monster Bebek Erkek Havlu Çarık Çorap,99.99
Civil Baby Erkek Bebek Boxer 9-18 Ay,79.99
Civil Baby Funny Bunny 3'lü 6-18 Ay Bebek Kız Çorap Set,79.99
Civil Baby Princess Havlu 6-18 Ay Bebek Kız Külotlu Çorap - Ekru,99.99
Civil Baby 5 li Düz Basic Sıfır Kol1-3 Yaş Çıtçıtlı Badi - Beyaz,499.00
Civil Baby Denizci World Abs Baskı 6-18 Ay 2'li Bebek Erkek Çorap,79.99
Civil Baby İş Makinesi Havlu 6-18 Ay 2'li Bebek Erkek Çorap Set,79.99
Civil Baby Kız Bebek 3!lü Çorap Set 6-18 Ay,49.99
Civil Baby Bike Fun 6-18 Ay Bebek Kız Çorap Set,49.99
Civil Baby Bunny Havlu 6-18 Ay 2'li Bebek Kız Çorap Set,79.99
Civil Baby Basic Düz Havlu 6-18 Ay Bebek Kız Külotlu Çorap - Ekru,149.99
Civil Baby İş Makinesi Havlu 6-18 Ay 3'lü Bebek Erk Çorap Set,99.99
Civil Baby Rea 0-24 Ay Bebek Kız Külotlu Çorap - Beyaz,29.99
Civil Baby Kız Bebek Boxer 9-18 Ay,79.99
Civil Baby Bears Havlu 0-24 Ay Bebek Erk Çorap Set,29.99
Civil Baby Mini Car 6-18 Ay Bebek Erkek Külotlu Çorap - Ekru,129.99
Civil Baby Havlu Animal Bebek Kız Çarık Çorap,79.99
Civil Baby Erkek Bebek 3'lü Çorap Set 6-18 Ay,99.99
Civil Baby Cute Kaydırmaz 6-18 Ay Bebek Kız Çorap Set,79.99
Minidamla SİMLİ AYAKLI ÇORAP - Sarı,79.99
Civil Baby File Papatya Külotlu Çorap - Ekru,49.99
Civil Baby Sarı-Lacivert Asetat 0-24 Ay Çorap Setleri,129.99
Civil Baby Unicorn 9-18 Ay Bebek Kız Atlet,119.99
Civil Baby Yumoş İp Kıvrık 6-18 Ay 2'li Bebek Kız Çorap Set,99.99
Civil Baby Derbili Fiyonk Aks. 6-18 Ay Bebek Kız Külotlu Çorap - Ekru,169.99
Civil Baby Mikro 0-12 Ay Külotlu Çorap - Ekru,99.99
Civil Baby Unicorn 3'lü 6-18 Ay Bebek Kız Çorap Set,99.99
Civil Baby Dinazor Bebek Erkek Havlu Çarık Çorap - Gri,99.99
Civil Baby Kız Bebek Külotlu Çorap 6-18 Ay - Ekru,69.99
Civil Baby Düz Renkli 3 Lü Set 6-18 Ay Çorap Set,79.99
Civil Baby Kız Bebek Bambu Külotlu Çorap 1-12 Ay - Mavi,149.99
Civil Baby Cute Bebek Kız Havlu Çarık Çorap,99.99
Civil Baby Camper 6-18 Ay Bebek Erkek Külotlu Çorap - Lacivert,99.99
Civil Baby Bambu Organik Bebek Çorap Set - Beyaz,99.99
Civil Baby Tüllü Çorap 0-24 Ay Bebek Kız Soket Çorap - Pembe,99.99
Civil Baby CVL 3'lü 6-18 Ay Bebek Kız Çorap Set,99.99
Batman Havlu 6-18 Ay Bebek Erk Çorap Set,79.99
Civil Baby Basic 5'li Kutulu 6-12 Ay Bebek Kız Çorap Set,149.99
Civil Baby Roar 6-18 Ay Bebek Erk Çorap Set,59.99
Civil Baby Basic Düz Havlu 6-18 Ay Bebek Kız Külotlu Çorap - Siyah,149.99
Civil Baby Let It Snow 6-18 Ay Bebek Kız Külotlu Çorap - Pembe,129.99
Civil Baby Dinazor 3'lü 6-18 Ay Bebek Erkek Çorap Set,79.99
Dolu Nuve Premium Lazımlık - Yeşil,649.00
Civil Baby Renk Basic Asetat 0-24 Ay Çorap Setleri,129.99
Civil Baby Sincap Havlu 6-18 Ay Bebek Kız Külotlu Çorap - Beyaz,99.99
Civil Baby Bebek 5'li Çorap 6-12 Ay,149.99
Katamino Kız Bebek 0-12 Ay Külotlu Çorap,69.99
Civil Baby Erkek Bebek 3'lü Çorap Set 0-24 Ay,129.99
Civil Baby Kız Bebek 5'li Çorap Set 6-12 Ay,149.99
Civil Baby Hero Animal 3'lü 6-18 Ay Bebek Erkek Çorap Set,99.99
Civil Baby Çizgili Bear Kıvrık Havlu 6-18 Ay 2'li Bebek Erkek Çorap Set,99.99
Civil Baby Dinazor 9-18 Ay Bebek Erkek Atlet,119.99
Civil Baby Face Bear Havlu 6-18 Ay Bebek Erkek Külotlu Çorap - Bej,99.99
Civil Baby Geyik Bebek Erkek Havlu Çarık Çorap,99.99
Civil Baby Fruit 3'lü 6-18 Ay Bebek Kız Çorap Set,99.99
Civil Baby Basic Asetat 0-24 Ay Çorap Setleri,129.99
Civil Baby Asetat Çorap Setleri,129.99
Civil Baby Kalp Havlu 6-18 Ay Bebek Kız Külotlu Çorap - Ekru,99.99
Civil Baby Erkek Bebek 5'li Çorap 6-18 Ay,149.99
Civil Baby Dont Sleep Kaydırmaz 6-18 Ay Bebek Erk Çorap Set,49.99
Civil Baby I Mom Dad 3'lü 6-18 Ay Bebek Kız Çorap Set,79.99
Civil Baby Tavşan 9-18 Ay Atlet,49.99
Minidamla SİMLİ AYAKLI ÇORAP - Beyaz,79.99
Civil Baby Basic Derbili Kıvrık Havlu 6-18 Ay 3'lü Bebek Erkek Çorap Set,99.99
Civil Baby Snow Bear Havlu 6-18 Ay Bebek Erkek Külotlu Çorap - Gri,99.99
Civil Baby Kız Bebek Bambu Külotlu Çorap 1-12 Ay - Pembe,149.99
Civil Baby Mantar 9-18 Ay Bebek Kız Atlet,119.99
Civil Baby Tüllü Çorap ve Bandana 0-24 Ay Bebek Kız Çorap Set - Ekru,119.99
Civil Baby Frog 6-18 Ay Bebek Erkek Külotlu Çorap - Yeşil,129.99
Civil Baby Gemi 9-18 Ay Atlet,99.99
Civil Baby Erkek Bebek 3'lü Çorap Set 0-6 Ay,129.99
Civil Baby Cute Bunny Havlu 6-18 Ay Bebek Kız Külotlu Çorap - Beyaz,79.99
Civil Baby Düz 6-18 Ay Bebek Kız Külotlu Çorap - Yeşil,129.99
Civil Baby Have Fun 6-18 Ay Bebek Erk Çorap Set,49.99
Civil Baby Bunny 9-18 Ay Bebek Kız Boxer,99.99
Civil Baby Balon 9-18 Ay Bebek Erkek Boxer,99.99
Civil Baby Araba 6-18 Ay Bebek Erkek Külotlu Çorap - Mavi,129.99
Civil Baby Unicorn 9-18 Ay Atlet,99.99
Civil Baby Kız Bebek Boxer 9-18 Ay,79.99
Civil Baby Erkek Bebek 3'lü Çorap Set 6-18 Ay,99.99
Civil Baby Bambu Basic Asetat 0-24 Ay Çorap Setleri,129.99
Civil Baby Tüllü Çorap ve Bandana 0-24 Ay Bebek Kız Çorap Set - Siyah,119.99
Minidamla SİMLİ AYAKLI ÇORAP - Ekru,79.99
Civil Baby Bambu Basic Asetat 0-24 Ay Çorap Setleri,129.99
Civil Baby Tüllü Çorap 0-24 Ay Bebek Kız Soket Çorap - Ekru,99.99
Civil Baby Dinazor 9-18 Ay Atlet,49.99
Civil Girls Renkli Çiçek 2-5 Yaş Eşofman Altı - Kırmızı,149.99
Civil Baby Simli Taç Havlu 6-18 Ay Bebek Kız Külotlu Çorap - Beyaz,99.99
Civil Baby Basic Kıvrık 3'lü 6-18 Ay Bebek Erkek Çorap Set,129.99
Civil Baby Monster Abs Baskı 6-18 Ay 2'li Bebek Erkek Çorap,79.99
Civil Baby Space Havlu 0-24 Ay Bebek Erk Çorap Set,69.99
Civil Baby Animal Work 6-18 Ay Bebek Erk Çorap Set,59.99
Civil Baby Animal Havlu 6-18 Ay 3'lü Bebek Erk Çorap Set,99.99
Civil Baby Kız Bebek Bambu Külotlu Çorap 1-12 Ay - Beyaz,149.99
Katamino Bebek Kız 6-18 Ay Külotlu Çorap - Bej,129.99
Civil Baby Kız Bebek Külotlu Çorap 6-18 Ay - Pembe,129.99
Elifin Düşleri 2-9 Yaş İp Askı Atlet Set,49.99
Civil Baby Roar Bebek Erkek Havlu 18-22 Çarık Çorap,99.99
Civil Baby Beep Havlu 6-18 Ay 2'li Bebek Erk Çorap Set,99.99
Civil Baby Rainbow Kıvrık Havlu 6-18 Ay 2'li Bebek Kız Çorap Set,79.99
Civil Baby Mix Asetat Çorap Setleri,129.99
Civil Baby Basic Kıvrık Havlu 6-18 Ay 3'lü Bebek Erkek Çorap Set,99.99
Civil Baby CVL 3'lü 6-18 Ay Bebek Erkek Çorap Set,99.99
Civil Baby Classic Kıvrık 3'lü 6-18 Ay Bebek Erkek Çorap Set,129.99
Civil Baby Dinazor Havlu 6-18 Ay Bebek Erkek Külotlu Çorap - Ekru,99.99
Civil Baby Basic Düz Havlu 6-18 Ay Bebek Kız Külotlu Çorap - Gri,149.99
Civil Baby Animal 3'lü 6-18 Ay Bebek Erkek Çorap Set,99.99
Civil Baby I Dad Desen Asetat 0-24 Ay Çorap Setleri,129.99
Civil Baby Mantar 9-18 Ay Bebek Kız Boxer,99.99
Civil Baby Tavşan Bebek Kız Havlu Çarık Çorap,99.99
Civil Baby Kamyon Havlu 6-18 Ay 3'lü Bebek Erkek Çorap Set,99.99
Civil Baby Car 9-18 Ay Bebek Erkek Atlet,119.99
Civil Baby Special Havlu 0-24 Ay Bebek Kız Çorap Set,79.99
Civil Baby Kız Bebek Bambu Külotlu Çorap 1-12 Ay - Ekru,149.99
Civil Baby Düz 6-18 Ay Bebek Erkek Külotlu Çorap - Lacivert,129.99
Civil Baby I Dad Kıvrık Havlu 6-18 Ay 2'li Bebek Kız Çorap Set,99.99
Civil Baby Kıvrık Üst Desenli 3'lü 6-18 Ay Bebek Erkek Çorap Set,129.99
Civil Baby Asetat Çorap Setleri,99.99
Civil Baby Mikro 0-12 Ay Külotlu Çorap - Pembe,99.99
Civil Baby Little Camper Havlu 6-18 Ay 2'li Bebek Erk Çorap Set,79.99
Civil Baby Kalp Bebek Kız Havlu Çarık Çorap,99.99
Civil Baby Erkek Bebek Boxer 9-18 Ay,79.99
Civil Baby Basic Asetat 0-24 Ay Çorap Setleri,129.99
Babyjem Doğum Sonrası Balenli Korse - Bej,899.00
Kujju Hamile Slip 2li - Beyaz,239.99
Mycey Tek Kullanımlık Lohusa Kulodu,21.99
Kujju Hamile Slip 2li - Siyah,239.99
Mycey Dantellı Külot - Gri,19.99
Babyjem Atılabilir Lohusa Külodu 3lü,79.99
Kujju Hamile Slip 2li - Bej,239.99
Owli Doğum Sonrası Korse - Bej,1099.00
Babyjem Doğum Sonrası Balenli Korse - Siyah,899.00
Civil Baby Çiçek Empirme Baskılı Mini Zıbınlar - Pudra,59.99
Civil Baby Animals Family 8 Li Zıbın Setleri - Hardal,399.00
Civil Baby Tavşan Nakışlı 8 Li Zıbın Setleri - Mavi,999.00
Bebelinna Tavşan Desenli Set Zıbın Setleri - Mavi,749.00
Minidünya Zebralı 10 Lu Zıbın Seti - Pudra,249.00
Civil Baby Ayıcık At Nakışlı 0-1 Ay Zıbın Setleri - Ekru,699.00
Civil Baby Kız Bebek 8'li Zıbın Setleri 0-1 Ay - Pembe,699.00
Minidünya Turp 10 Lu Zıbın Seti - Kırmızı,249.99
Civil Baby Dinazor Empirme Baskılı Mini Zıbınlar - Yeşil,79.99
Beybek 5'li 0-3 Ay Zıbın Setleri - Pembe,349.00
Civil Baby Çiçek Baskılı Zıbın Setleri - Yeşil,449.00
Civil Baby Tilki Tavşan Empirme Baskılı Mini Zıbınlar - Mavi,69.99
Civil Baby Papyonlu Ayıcık Nakışlı 0-1 Ay Zıbın Setleri - Bej,999.00
Civil Baby Kız Bebek Zıbın Setleri 0-1 Ay - Kahverengi,1499.00
Civil Baby Kız Bebek 10'lu Zıbın Setleri 0-1 Ay - Pembe,999.00
Civil Baby Aslan Nakışlı 0-1 Ay Zıbın Setleri - Yeşil,699.00
Minidünya Fiyonklu Prenses 10P Zıbın Seti - Pembe,599.00
Civil Baby Dream Friend At Nakışlı Zıbın Setleri - Mavi,799.00
Civil Baby Unisex Bebek 10'lu Zıbın Seti 0-1 Ay - Bej,999.00
Civil Baby Papatya Baskılı Mini Zıbınlar - Sarı,69.99
Beybek 5'li 0-1 Ay Zıbın Setleri - Bej,349.00
Civil Baby Tavşanlar Nakışlı 0-1 Ay Zıbın Setleri - Lila,999.00
Civil Baby Erkek Bebek 6'lı Zıbın Setleri 0-1 Ay - Gri,499.00
İmaj Be Bear Tulumlu Zıbın Seti - Mavi,599.00
Beybek 5'li 0-3 Ay Zıbın Setleri - Yeşil,349.00
Civil Baby Sevimli Hayvanlar Empirme Baskılı Mini Zıbınlar - Turuncu,79.99
Civil Baby Çiçek Empirme Baskılı Mini Zıbınlar - Pudra,69.99
Civil Baby Dream Friend At Nakışlı Zıbın Setleri - Yeşil,799.00
Minidamla Born To Be 10'Lu Zıbın Set - Mavi,399.00
Civil Baby 0-1 Ay Unisex Tek İç Zıbın - Beyaz,79.99
Civil Baby Papatya Baskılı Mini Zıbınlar - Yeşil,69.99
Civil Baby Puan Kız Baskılı 0-1 Ay Mini Zıbınlar - Pudra,69.99
Civil Baby Tavşan Çiçek Empirme Baskılı Mini Zıbınlar - Ekru,59.99
Civil Baby Yıldız Ayıcık Nakışlı 0-1 Ay Zıbın Setleri - Pudra,999.00
Civil Baby Tavşan baskılı 8 li 0-1 Ay Zıbın Setleri - Pudra,699.00
Civil Baby Kuğu Nakışlı 0-1 Ay Zıbın Setleri - Ekru,699.00
Civil Baby Erkek Bebek Zıbın Setleri 0-1 Ay - Kahverengi,999.00
Aziz Bebe Ayıcık Baskılı Zıbın Setleri - Ekru,799.00
Civil Baby Tavşan Nakışlı 0-1 Ay Zıbın Setleri - Ekru,699.00
Minidünya Prince 10P Zıbın Seti - Kahve,599.00
Minidamla Love Lol 10'Lu Zıbın Set - Pembe,399.00
Civil Baby Roar Aslan Nakışlı Zıbın Setleri - Bej,799.00
Beybek 5'li 0-3 Ay Zıbın Setleri - Bej,349.00
Civil Baby Dinazor Empirme Baskılı Mini Zıbınlar - Mavi,79.99
Beybek 5'li 0-1 Ay Zıbın Setleri - Pudra,349.00
Civil Baby Renkli Çizgi Empirme Baskılı Mini Zıbınlar - Mavi,59.99
Minidünya Zebralı 10 Lu Zıbın Seti - Mavi,249.00
Civil Baby Kız Bebek 10'lu Zıbın Setleri 0-1 Ay - Bej,999.00
Minidünya Havuç 10 Lu Zıbın Seti - Turuncu,249.99
Civil Baby Uğur Böceği Baskılı Zıbın Setleri - Pembe,449.00
Civil Baby Timsah Empirme Baskılı Mini Zıbınlar - Yeşil,49.99
Civil Baby Kedi Çiçek Empirme Baskılı Mini Zıbınlar - Pembe,69.99
Civil Baby Hayvanlar Baskılı Mini Zıbınlar - Yeşil,99.99
Aziz Kelebek Çiçek Nakışlı Zıbın Setleri - Ekru,699.00
Civil Baby Ayıcık Baskılı Zıbın Setleri - Mavi,449.00
Beybek 5'li 0-3 Ay Zıbın Setleri - Ekru,349.00
Civil Baby Kız Bebek 8'li Zıbın Setleri 0-1 Ay - Kahverengi,699.00
Civil Baby Kız Bebek Zıbın Setleri 0-1 Ay - Pudra,1499.00
İmaj Arkadaşım Fil Zıbın Seti - Turuncu,599.00
Civil Baby Erkek Bebek 6'lı Zıbın Setleri 0-1 Ay - Yeşil,499.00
Bebelinna Çiçek Nakışlı Set Zıbın Setleri - Ekru,749.00
Civil Baby Look Hayvanlar Nakışlı 0-1 Ay Zıbın Setleri - Mavi,999.00
Aziz Bebe Kirpi Baskılı Zıbın Setleri - Ekru,799.00
Civil Baby Araba Empirme Baskılı Mini Zıbınlar - Kırmızı,59.99
Beybek 5'li 0-3 Ay Zıbın Setleri - Pembe,349.00
Civil Baby Pandalı 6 Lı Erk Tulum Set - Mavi,349.00
Civil Baby Çadır Empirme Baskılı Mini Zıbınlar - Yeşil,69.99
Civil Baby Kız Bebek 10'lu Zıbın Setleri 0-1 Ay - Yeşil,999.00
Nature Life 10'Lu Set - Fil Dişi,399.00
Civil Baby Çiçek Baskılı Zıbın Setleri - Pudra,449.00
Civil Baby Gök Kuşağı Nakışlı 0-1 Ay Zıbın Setleri - Pembe,699.00
Civil Baby Kız Bebek 6'lı Zıbın Setleri 0-1 Ay - Bej,499.00
Nenny Baby Lıttle Rabbıt 10'Lu Set - Bej,399.00
Civil Baby Hayvanlar Empirme Baskılı Mini Zıbınlar - Ekru,49.99
Civil Baby Puan Baskılı Mini Zıbınlar - Yeşil,89.99
Civil Baby Kedi Çiçek Empirme Baskılı Mini Zıbınlar - Pudra,69.99
Civil Baby Ayıcık Çizgili Empirme 0-1 Ay Zıbın Setleri - Kahverengi,799.00
Bebelinna Sweet Rabbit Nakışlı Set Zıbın Setleri - Ekru,749.00
Civil Baby Green Land Yazı Baskılı Zıbın Setleri - Bej,999.00
Nenny Baby Best Friends 10 lu Zıbın Setleri - Pembe,499.00
Civil Baby Dinazor Empirme Baskılı Mini Zıbınlar - Pudra,79.99
Civil Baby Araba Empirme Baskılı Mini Zıbınlar - Mavi,59.99
İmaj Bebe Lalezar Kız Tulumlu 10 Lu Zıbın Setleri - Kırmızı,699.00
Beybek 5'li 0-1 Ay Zıbın Setleri - Ekru,349.00
Civil Baby Rainbow Tavşan Nakışlı 0-1 Ay Zıbın Setleri - Mavi,999.00
Gırl Sprıng Season 10'Lu Set - Ekru,499.00
Beybek 5'li 0-3 Ay Zıbın Setleri - Pembe,349.00
Civil Baby Timsah Empirme Baskılı Mini Zıbınlar - Mavi,49.99
Civil Baby Mother Hug Yazı Baskılı Zıbın Setleri - Bej,999.00
Civil Baby Araba Tavşan Nakışlı 0-1 Ay Zıbın Setleri - Bej,699.00
Civil Baby Gökkuşağı Empirme Baskılı Mini Zıbınlar - Fil Dişi,79.99
Civil Baby Dino Baskılı 8 li 0-1 Ay Zıbın Setleri - Yeşil,799.00
Bebengo Kedi Baskılı Zıbın Setleri - Pudra,399.00
Civil Baby Fil Baskılı 0-1 Ay Zıbın Setleri - Bej,1199.00
Civil Baby Papyonlu Ayıcık Nakışlı 0-1 Ay Zıbın Setleri - Mavi,999.00
Civil Baby Erkek Bebek Zıbın Setleri 0-1 Ay - Bej,999.00
Civil Baby Çiçek Nakışlı Zıbın Setleri - Lila,999.00
İmaj Bebe Koala Erkek Tulumlu 10 Lu Zıbın Setleri - Lacivert,699.00
Civil Baby Çiçek Empirme Baskılı Mini Zıbınlar - Ekru,69.99
Bebelinna Fiyonklu Tavşan Set Zıbın Setleri - Kahverengi,749.00
Civil Baby Puantiye Empirme Baskılı Mini Zıbınlar - Ekru,39.99
Civil Baby Pandalı 6 Lı Erk Tulum Set - Sarı,349.00
Civil Baby Tavşan baskılı 8 li 0-1 Ay Zıbın Setleri - Pudra,699.00
Turtle Escape 10'Lu Set - Ekru,399.00
Civil Baby Kedi Kız Empirme Baskılı Mini Zıbınlar - Pembe,39.99
Civil Baby Çiçek Baskılı 8 li 0-1 Ay Zıbın Setleri - Yeşil,799.00
Civil Baby Aslan Baskılı Zıbın Setleri - Bej,449.00
Civil Baby Tavşanlar Nakışlı 0-1 Ay Zıbın Setleri - Pudra,999.00
Civil Baby Prens 10'lu 0-1 Ay Zıbın Setleri - Kahverengi,1499.00
Civil Baby Kız Bebek 6'lı Zıbın Setleri 0-1 Ay - Beyaz,499.00
Civil Baby Yıldız Ayıcık Nakışlı 0-1 Ay Zıbın Setleri - Pembe,999.00
Civil Baby Erkek Bebek 6'lı Zıbın Setleri 0-1 Ay - Bej,499.00
Beybek 5'li 0-1 Ay Zıbın Setleri - Yeşil,349.00
Civil Baby Korsan Baskılı Mini Zıbınlar - Lacivert,69.99
Aziz Bebe Yıldız Nakışlı Zıbın Setleri - Mavi,799.00
Civil Baby Pandalı 6 Lı Erk Tulum Set - Mavi,349.00
Civil Baby Kurbağa Baskılı Mini Zıbınlar - Ekru,69.99
Aziz Bebe Ayıcık Bulut Nakışlı Zıbın Setleri - Ekru,799.00
Civil Baby Ördek Nakışlı 0-1 Ay Zıbın Setleri - Pudra,999.00
Civil Baby Tavşan Nakışlı 8 Li Zıbın Setleri - Ekru,999.00
Civil Baby Hayvanlar Empirme Baskılı Mini Zıbınlar - Mavi,59.99
Aziz Bebe Ayı Ve Puantiyeli 0-1 Ay Zıbın Setleri - Lila,499.00
Civil Baby Tavşan Çiçek Empirme Baskılı Mini Zıbınlar - Pudra,59.99
Civil Baby Fil Nakışlı 0-1 Ay Zıbın Setleri - Pembe,699.00
Beybek 5'li 0-3 Ay Zıbın Setleri - Ekru,349.00
Civil Baby Kız Bebek Zıbın Setleri 0-1 Ay - Bej,1499.00
Civil Baby Meyve Ve Sebze Empirme Baskılı Mini Zıbınlar - Pembe,59.99
Civil Baby Ceylan Çiçek Baskılı 0-1 Ay Zıbın Setleri - Pembe,1099.00
İmaj Tavşan Kız Zıbın Seti - Pembe,599.00
Civil Baby Puan Baskılı Mini Zıbınlar - Yeşil,99.99
Aziz Bebe Köpek Nakışlı Zıbın Setleri - Yeşil,799.00
Nenny Baby Fun Lamb 10 lu Zıbın Setleri - Hardal,499.00
Aziz Tavşan Baskılı Zıbın Setleri - Ekru,699.00
Beybek 5'li 0-3 Ay Zıbın Setleri - Gri,349.00
Civil Baby Erkek Bebek 8'li Zıbın Setleri 0-1 Ay - Kahverengi,699.00
İmaj Boom Yelekli Zıbın Seti - Gri,599.00
Beybek 5'li 0-1 Ay Zıbın Setleri - Gri,349.00
Civil Baby Kuzu Nakışlı Zıbın Setleri - Ekru,499.00
Civil Baby Tilki Tavşan Empirme Baskılı Mini Zıbınlar - Yeşil,69.99
Minidamla Love Lol 10'Lu Zıbın Set - Sarı,399.00
Civil Baby Dinazor Empirme Baskılı Mini Zıbınlar - Pembe,79.99
Civil Baby Ördek Nakışlı 0-1 Ay Zıbın Setleri - Pembe,999.00
Civil Baby Çadır Empirme Baskılı Mini Zıbınlar - Mavi,69.99
Civil Baby Limonlu Mini Zıbınlar - Ekru,99.99
Minidünya Zebralı 10 Lu Zıbın Seti - Sarı,249.00
Aziz Sweet Baby Girl Baskılı Zıbın Setleri - Bej,699.00
Civil Baby Aslan Nakışlı 0-1 Ay Zıbın Setleri - Ekru,699.00
Aziz Bebe Ayıcık Nakışlı Zıbın Setleri - Ekru,799.00
Civil Baby Meyve Ve Sebze Empirme Baskılı Mini Zıbınlar - Kırmızı,59.99
Civil Baby Animals Family 8 Li Zıbın Setleri - Yeşil,399.00
İmaj Be Bear Tulumlu Zıbın Seti - Sarı,599.00
Civil Baby Kız Bebek 10'lu Zıbın Setleri 0-1 Ay - Pembe,999.00
Civil Baby Pandalı 6 Lı Erk Tulum Set - Kahverengi,349.00
Aziz Bebe Yıldız Nakışlı Zıbın Setleri - Pembe,799.00
Civil Baby Gökkuşağı Empirme Baskılı Mini Zıbınlar - Pudra,79.99
Nenny Baby Autumn 10'Lu Set - Bej,399.00
Civil Baby Sevimli Hayvanlar Empirme Baskılı Mini Zıbınlar - Fil Dişi,79.99
Civil Baby Korsan Baskılı Mini Zıbınlar - Gri,69.99
Aziz Bebe Western All-Starts 0-1 Ay Zıbın Setleri - Lacivert,499.00
Civil Baby Kedi Kız Empirme Baskılı Mini Zıbınlar - Kırmızı,39.99
Civil Baby Green Land Yazı Baskılı Zıbın Setleri - Yeşil,999.00
Civil Baby 0-1 Ay Unisex Tek İç Zıbın - Ekru,79.99
Civil Baby Unisex Bebek 10'lu Zıbın Seti 0-1 Ay - Pudra,999.00
Civil Baby Puan Kız Baskılı 0-1 Ay Mini Zıbınlar - Kırmızı,69.99
Civil Baby Renkli Çizgi Empirme Baskılı Mini Zıbınlar - Kahverengi,59.99
Beybek 5'li 0-3 Ay Zıbın Setleri - Gri,199.99
Civil Baby Hayvanlar Empirme Baskılı Mini Zıbınlar - Haki,59.99
Aziz Zürafa ve Ağaç Empirme Baskılı Zıbın Setleri - Ekru,699.00
Civil Baby Ayıcık Nakış ve Kulaklı 6-18 Ay Tulum - Lacivert,399.00
Civil Baby Aslan Baskılı 6-18 Ay Tulum - Mavi,249.99
Civil Baby Cep Detaylı 6-18 Ay Slopet - Kahverengi,799.00
Civil Baby Saç Örgülü Welsoftlu 6-18 Ay Tulum - Gri,399.00
Civil Baby Çiçek Cep Baskı 6-18 Ay Tulum - Yeşil,349.00
Bombili Papyonlu Araba Nakışlı 6-18 Ay Tulum - Kahverengi,299.00
Civil Baby Mini Çiçek Empirme 6-18 Ay Tulum - Fil Dişi,149.99
Civil Baby Çizgili Fil Nakışlı 1-3 Ay Tulum - Turuncu,69.99
Civil Baby Kedi Empirme 6-18 Ay Tulum - Bej,349.00
Civil Baby Meyve Ve Sebze Empirme Baskılı 1-6 Ay Tulum - Kırmızı,89.99
Civil Baby Kıvırcık Yaka Dantelli 6-18 Ay Tulum - Pembe,139.99
Civil Baby Süs Etiketli 6-18 Ay Tulum - Yeşil,299.00
Civil Baby Garden 2'in 1 Pack 6-18 Ay Tulum - Hardal,299.00
Civil Baby Aslan Baskılı 6-18 Ay Tulum - Sarı,249.99
Minidamla Zürafa Nakış Çıtçıtlı 1-6 Ay Tulum - Kahve,399.00
Civil Baby Çizgi Empirme 6-18 Ay Tulum - Bej,329.00
Bebelinna Kareli Nakışlı Kısa 1-3 Ay Tulum - Lila,199.99
Bebetto Organic My Mushroom 6-18 Ay Tulum - Ekru,399.00
Civil Baby Cepli 6-18 Ay Astronot - Kahverengi,699.00
Bebelinna Fırfırlı Nakışlı Kısa 1-3 Ay Tulum - Pudra,199.99
Batman Empirme Baskılı 3-12 Ay Tulum - Sarı,219.99
Beybek Düğmeli 3-12 Ay Tulum - Pembe,149.99
Civil Baby Kaşkorse 1-6 Ay Tulum - Pudra,199.99
Civil Baby Araba Empirme Baskılı 1-6 Ay Tulum - Mavi,89.99
Civil Baby Kalp Empirme 6-18 Ay Tulum - Pudra,129.99
Civil Baby Çiçek Nakışlı 6-18 Ay Tulum - Bej,249.99
Bebelinna Köpek Nakışlı 2 li 1-3 Ay Tulum - Gri,219.99
Civil Baby Yakalı Puan Baskılı 6-18 Ay Tulum - Yeşil,159.99
Beybek Kapşonlu 3-12 Ay Tulum - Gri,259.00
Civil Baby Kedi Çiçek Empirme Baskılı 1-6 Ay Tulum - Pembe,99.99
Civil Baby Süs Etiketli 6-18 Ay Tulum - Mavi,49.99
Pelerinli Superman Baskılı 6-18 Ay Tulum - Mavi,249.99
Civil Baby Mobil Kulaklı Unicorn Nakışlı 1-9 Ay Tulum - Mavi,399.00
Civil Baby Cep Detaylı 6-18 Ay Slopet - Mavi,249.99
Civil Baby Hayvanlar Empirme 6-18 Ay Tulum - Fil Dişi,199.99
Beybek Düğmeli 3-12 Ay Tulum - Gri,199.99
Civil Baby Jurassic Dino 1-6 Ay Tulum - Bej,99.99
Civil Baby Cute Numbers 6-18 Ay Tulum - Sarı,279.99
İmaj Bebe Lalezar Baskılı 3 lü 1-6 Ay Tulum - Kırmızı,349.00
Beybek Kapşonlu 3-12 Ay Tulum - Bej,259.00
Tom & Jerry Baskılı 6-18 Ay Tulum - Yeşil,69.99
Civil Baby Hello Kitty Kalp Baskılı 1-6 Ay Tulum - Pembe,279.00
Minidamla Koala Düğmeli 3-12 Ay Tulum - Kırmızı,129.99
Civil Baby Kuğu Empirme Baskılı 3-9 Ay Tulum - Pembe,329.00
MiniDünya Love Star 0-9 Ay Tulum - Gri,99.99
Civil Baby Kanguru Cepli 6-18 Ay Tulum - Sarı,249.99
Civil Baby Natural Bear Baskılı 3-9 Ay Tulum - Yeşil,479.00
Civil Baby Çiçek Empirme 6-18 Ay Tulum - Yeşil,319.00
Misket Kedi Kız Golf 1-6 Ay Tulum - Kırmızı,89.99
Civil Baby Çiçek Nakışlı 1-6 Ay Tulum - Bej,129.99
Nova Baby Yeşil Elma Kokulu Oval 1-6 Ay Tulum - Ekru,299.00
Civil Baby Balina Empirme 1-6 Ay Tulum - Ekru,219.99
Civil Baby Duz 3-12 Ay Astronot - Pembe,199.99
Civil Baby Araba Desenli Cepli 6-18 Ay Tulum - Sarı,139.99
Miniworld Kapşonlu Müslin 3-12 Ay Tulum - Mavi,249.99
Civil Baby Çiçek Empirmeli 6-18 Ay Tulum - Lila,199.99
Civil Baby Cepli ve Kapüşonlu 6-18 Ay Tulum - Gri,229.99
Minidamla Zürafa Nakış Çıtçıtlı 1-6 Ay Tulum - Pembe,399.00
Civil Baby Aslan Empirmeli 6-18 Ay Astronot - Hardal,699.00
Civil Baby The Flıntstones 6-18 Ay Tulum - Kahverengi,299.00
Civil Baby Renklı Batman 6-18 Ay Tulum - Mavi,249.99
Minidamla Koala Düğmeli 3-12 Ay Tulum - Lacivert,129.99
Mınıdamla Kuslu 3 Parca Tulum Set - Ekru,99.99
Civil Baby Yakalı Ayıcık Baskılı 1-9 Ay Tulum - Pembe,349.99
Civil Baby Süs Etiketli 6-18 Ay Tulum - Sarı,49.99
Civil Baby Ceylan Nakışlı 1-6 Ay Tulum - Ekru,99.99
Civil Baby Ayıcık Baskılı 6-18 Ay Tulum - Turuncu,249.99
Civil Baby Cute Numbers 1-6 Ay Tulum - Fil Dişi,199.99
Civil Baby Mikro Cepli 6-18 Ay Tulum - Pembe,299.00
İmaj Bebe Origami Baskılı 3 lü 1-6 Ay Tulum - Yeşil,179.99
Beybek Kapşonlu 3-12 Ay Tulum - Gri,259.00
Nova Baby Çilek Kokulu Oval 0-6 Ay Tulum - Ekru,299.00
Civil Baby Yaprak Empirme 6-18 Ay Tulum - Gri,299.00
Civil Baby Renkli Hayvanlar Baskılı 3-9 Ay Tulum - Yeşil,479.00
Civil Baby Kıvırcık Önü Patlı Alttan Çıtçıtlı 6-18 Ay Tulum - Yeşil,399.00
Civil Baby Kırık Çizgi Empirme Baskılı 1-6 Ay Tulum - Sarı,149.99
Civil Baby Cepli ve Kapüşonlu 6-18 Ay Tulum - Bej,229.99
Civil Baby Tilki Tavşan Empirme Baskılı 1-6 Ay Tulum - Mavi,99.99
Minidamla Desenli Kozmonot 1-9 Ay Tulum - Ekru,499.00
Civil Baby Penguen Emprime Prematüre Tulum - Mavi,249.99
Minidamla Cat Baskılı 0-3 Ay Tulum - Pembe,179.99
Civil Dinozor Empirme Baskılı 1-6 Ay Tulum - Fil Dişi,229.99
Civil Baby Ayıcık Baskılı 1-6 Ay Tulum - Kahverengi,99.99
Civil Baby Kalp Zürafa 1-6 Ay Slopet - Fil Dişi,269.00
Civil Baby Cep Detaylı 6-18 Ay Slopet - Sarı,249.99
Civil Baby Ayıcık Empirmeli 1-6 Ay Tulum - Kahve,299.00
Nenny Baby Bear Baskılı 2 li 3-9 Ay Tulum - Mavi,149.99
Civil Baby Araba Empirme Baskılı 1-6 Ay Tulum - Sarı,169.99
Civil Baby Müslin 6-18 Ay Tulum - Mavi,399.00
Civil Baby Saç Bantlı Fistolu 3-18 Ay Tulum - Yeşil,149.99
Bebelinna Yelekli Papyonlu Kısa 1-3 Ay Tulum - Mavi,199.99
Civil Baby Sleepy Bear Ayıcık Nakışlı 1-9 Ay Tulum - Gri,299.00
Civil Baby Civil Nakışlı 1-6 Ay Tulum - Bej,269.00
Civil Baby Aslan Baskılı 2 Li 1-3 Ay Tulum - Sarı,199.99
Civil Baby Fermuarlı 3-12 Ay Tulum - Bordo,129.99
Süperman Pelerin Baskılı 3-12 Ay Tulum - Lacivert,199.99
Civil Baby Ayı Nakışlı 6-18 Ay Tulum - Haki,299.00
Civil Baby Süs Etiketli 6-18 Ay Tulum - Ekru,49.99
Civil Baby Renkli Kamuflaj Baskılı 3-12 Ay Tulum - Hardal,84.99
Civil Baby Araba Empirme Baskılı 6-12 Ay Tulum - Mavi,199.99
Civil Baby Omuz Fırfırlı Elma Nakışlı 6-18 Ay Tulum - Pudra,299.00
Civil Baby Tavşanlar Baskılı 1-6 Ay Tulum - Pembe,199.99
Civil Baby Crack Pattern Baskılı 3-9 Ay Tulum - Kahve,479.00
Civil Baby Şortlu 6-18 Ay Tulum - Lila,149.99
Civil Baby Papyon ve Askılı 6-12 Ay Tulum - Lacivert,149.99
Civil Baby Düz Basic 1-6 Ay Tulum - Pembe,149.99
Civil Baby Papatya Empirme 6-18 Ay Tulum - Lila,109.99
Civil Baby Hayvanlar Empirme 6-18 Ay Tulum - Gri,319.00
Aziz Bebe Çizgili Köpek Nakışlı 0-3 Ay Tulum - Lacivert,229.99
Civil Baby Fok Balığı Empirme 1-9 Ay Tulum - Kırık Beyaz,299.00
Bebelinna Askılı Papyonlu Kısa 1-3 Ay Tulum - Hardal,199.99
Aziz Yeleli Aslan Baskılı 0-24 Ay Tulum - Bej,159.99
Minidamla 3 Arkadaş Baskılı 0-3 Ay Tulum - Mavi,119.99
Minidamla Star Baskılı 0-3 Ay Tulum - Pembe,149.99
Civil Baby Kaplan Baskılı Çizgi Empirme 6-18 Ay Tulum - Fil Dişi,149.99
Minidamla Tavşanlı Baskılı 0-3 Ay Tulum - Pudra,119.99
Civil Baby Düğmeli Kulaklı 6-18 Ay Slopet - Bordo,199.99
Aziz Bebe Yaprak Desenli 0-3 Ay Tulum - Lila,149.99
Civil Baby Çiçek Tavşan Baskılı 2 Li 3-9 AY Tulum - Pembe,229.99
Misket Hayvan Kafası Golf 1-6 Ay Tulum - Sarı,89.99
Civil Baby Cepli Ayıcık Baskılı 1-6 Ay Tulum - Haki,299.00
Civil Baby Tavşan Baskılı 1-6 Ay Tulum - Yeşil,89.99
Civil Baby Be Friends 2'in 1 Pack 6-18 Ay Tulum - Yeşil,179.99
Civil Baby Okyanus Hayvanları Emprime 1-6 Ay Erkek Tulum - Yeşil,129.99
Civil Baby Dinazor Baskılı 3-12 Ay Tulum - Turuncu,84.99
Civil Baby Çizgi Raporlu 1-6 Ay Tulum - Lila,349.00
Minidamla Koala Düğmeli 3-12 Ay Tulum - Gri,129.99
Bebelinna Çiçek Nakışlı Kısa 1-3 Ay Tulum - Pudra,199.99
Civil Baby Tramlı Kalp Empirme 6-18 Ay Tulum - Pembe,329.00
Civil Baby Kiraz 6-18 Ay Tulum - Fil Dişi,69.99
Civil Baby Yaprak 1-6 Ay Tulum - Haki,99.99
Civil Baby Cool Baskılı 1-6 Ay Tulum - Yeşil,299.00
Civil Baby Dağınık Çiçek Empirme Düğmeli 6-18 Ay Tulum - Fil Dişi,99.99
Civil Baby Ceylan Baskılı 6-18 Ay Tulum - Pembe,229.99
Minidamla Zürafa Nakış Çıtçıtlı 1-6 Ay Tulum - Gri,399.00
Civil Baby Ayıcık Nakışlı 6-18 Ay Astronot - Ekru,499.00
Civil Baby Adventurous Dino Empirme 6-18 AY Tulum - Bej,299.00
Civil Baby Renkli Ev Baskılı 1-6 Ay Tulum - Ekru,249.99
MiniDünya My First Fermuarlı 0-9 Ay Tulum - Gri,149.99
Beybek Kapşonlu 3-12 Ay Tulum - Mavi,259.00
Civil Baby Yakalı 6-18 Ay Slopet - Hardal,499.00
Civil Baby Flowery Baskılı 3-9 Ay Tulum - Pudra,479.00
Civil Baby Mobıl Kulaklı Kapşonlu 1-9 Ay Tulum - Kahverengi,399.00
Civil Baby Yaprak Empirme 6-18 Ay Tulum - Yeşil,299.00
Civil Baby Tavşan Baskılı 1-6 Ay Tulum - Pudra,149.99
Minidamla Koala Düğmeli 3-12 Ay Tulum - Pembe,129.99
Bebelinna Çiçek Nakışlı Kısa 1-3 Ay Tulum - Pembe,199.99
Minidamla Balonlu Ayı Baskılı 0-3 Ay Tulum - Mavi,119.99
Civil Baby Colored Fıgures Baskılı 3-9 Ay Tulum - Mavi,479.00
Civil Baby Kaşkorse Cepli 6-18 Ay Tulum - Haki,399.00
Civil Baby Araba Nakışlı 1-6 Ay Tulum - Kahve,179.99
Mınıdamla Kuslu 3 Parca Tulum Set - Pembe,99.99
Bebelinna Ayıcık Kafalar Nakışlı 2 li 1-3 Ay Tulum - Ekru,219.99
Minidamla Koala Düğmeli 3-12 Ay Tulum - Hardal,129.99
Civil Baby Jurassic Dino 1-6 Ay Tulum - Hardal,99.99
Civil Baby Lıttle And Pretty Empirme 6-18 Ay Tulum - Pembe,299.00
Civil Baby Fermuarlı 1-9 Ay Tulum - Bej,129.99
Civil Baby Cute Numbers 1-6 Ay Tulum - Sarı,199.99
Civil Baby Yıldız Baskılı 3-12 Ay Astronot - Pembe,599.00
Civil Baby Kaşkorse 1-6 Ay Tulum - Bej,199.99
Civil Baby Askılı 6-18 Ay Slopet - Haki,399.00
Aziz Bebe Köpek Nakışlı 0-3 Ay Tulum - Yeşil,229.99
Civil Baby Cep Fiyonklu 6-18 Ay Slopet - Pembe,299.00
Civil Baby Noktalı Empirme Fırfırlı 1-6 Ay Tulum - Hardal,99.99
Civil Baby Çadır Empirme Baskılı 1-6 Ay Tulum - Yeşil,99.99
Civil Baby Mini Çiçek Baskılı Şortlu 6-18 Ay Tulum - Sarı,69.99
Civil Baby Dalmaçyalı Ayıcık Nakışlı 0-6 Ay Tulum - Pembe,129.99
Miniworld Baby Club 3-12 Ay Tulum - Turuncu,69.99
Minidamla Ayı Nakışlı Kozmonot 1-9 Ay Tulum - Gri,499.00
Civil Baby Cool Baskılı 1-6 Ay Tulum - Turuncu,299.00
Civil Baby Dağınık Çiçek Empirme Düğmeli 6-18 Ay Tulum - Pudra,99.99
Civil Baby Çiçek Nakışlı 6-18 Ay Tulum - Yeşil,199.99
Bebelinna Sweet Rabbit Nakışlı 1-3 Ay Tulum - Pudra,219.99
Civil Baby Güpürlü 6-18 Ay Tulum - Pudra,149.99
Bebelinna Ayıcık Kafalar Nakışlı 1-3 Ay Tulum - Pembe,219.99
İmaj Bebe Dino Kız 3 lü 1-6 Ay Tulum - Kırmızı,179.99
Civil Baby Gökkuşağı Etiketli 6-18 Ay Tulum - Pudra,349.00
İmaj Bebe Lıtte Stars 3 lü 1-6 Ay Tulum - Beyaz,179.99
Civil Baby Mikro Cepli 6-18 Ay Tulum - Pudra,299.00
Civil Baby Yıldız Baskılı 3-12 Ay Astronot - Pudra,599.00
Civil Baby Kıvırcık Yaka Dantelli 6-18 Ay Tulum - Pudra,139.99
Civil Baby Yazı Baskılı 6-18 Ay Tulum - Lacivert,199.99
Civil Baby Ayıcık Baskılı 1-6 Ay Tulum - Ekru,229.99
Civil Baby Lale Baskılı Bereli Prematüre Tulum - Lila,229.99
Civil Baby Sımply Nıce Baskılı 1-9 Ay Tulum - Pembe,299.00
Miniworld Büyük Çiçekli 2'in 1 Pack 3-12 Ay Tulum - Hardal,199.99
Civil Baby Çizgili 6-18 Ay Tulum - Bej,299.00
Civil Baby Şortlu 6-18 Ay Tulum - Pudra,149.99
Civil Baby Dinozor Empirme Baskılı 3-9 Ay Tulum - Mavi,329.00
Civil Baby Patlı 6-18 Ay Tulum - Yeşil,119.99
Civil Baby Çizgili 6-18 Ay Tulum - Yeşil,119.99
Beybek Kapşonlu 3-12 Ay Tulum - Pembe,259.00
Nenny Baby Lion Baskılı 2 li 3-9 Ay Tulum - Ekru,149.99
Civil Baby Ayıcık Nakışlı 6-18 Ay Tulum - Bej,299.00
Aziz Bebe Ayıcık Nakışlı 0-3 Ay Tulum - Ekru,229.99
Civil Baby Puan Baskılı 6-18 Ay Tulum - Yeşil,119.99
Civil Baby Renkli Taşıtlar Emprime 3-12 Ay Erkek Şortlu Tulum - Sarı,99.99
Civil Baby Kıvırcık Çift Cepli Bağcıklı 6-18 Ay Tulum - Ekru,124.99
Civil Baby Arlo Overalls 6-18 Ay Slopet - Kahverengi,449.00
Superman Logo 6-18 Ay Tulum - Mavi,299.00
Aziz Kelebek Çiçek Nakışlı 0-24 Ay Tulum - Ekru,159.99
Civil Baby Baby Tıger Baskılı 6-12 Ay Tulum - Hardal,149.99
Civil Baby Mini Çiçek Baskılı Şortlu 6-18 Ay Tulum - Yeşil,69.99
Civil Baby Arlo Overalls 6-18 Ay Slopet - Gri,449.00
Civil Baby Hibernation Empirme 6-18 Ay Tulum - Kahverengi,219.99
Civil Baby Dinozor Nakışlı 1-9 Ay Tulum - Kahve,299.00
Civil Baby Köpek Nakışlı 6-18 Ay Astronot - Ekru,499.00
Civil Baby Renkli Baskılı 0-9 Ay Tulum,29.99
Civil Baby Mantar Çiçek 1-6 Ay Tulum - Lila,249.99
Civil Baby Aslan Baskılı 6-18 Ay Tulum - Gri,249.99
Civil Baby Hello Kitty Kalp Baskılı 1-6 Ay Tulum - Kırmızı,279.00
Civil Baby 96 Nakışlı 6-18 Ay Tulum - Lacivert,399.00
Beybek Kapşonlu 3-12 Ay Tulum - Pembe,259.00
Civil Baby Mini Renkli Çiçek Empirme 6-18 Ay Tulum - Ekru,199.99
Civil Baby Meyve ve Sebze Empirme 1-6 Ay Tulum - Kahve,229.99
Civil Baby Just For Fun Etiketli 6-18 Ay Tulum - Kırmızı,54.99
Tom ve Jerry Çizgi Empirme 6-18 Ay Salopet - Kırmızı,399.00
Civil Baby Funny Baskılı 2 Li 3-9 AY Tulum - Mavi,229.99
Civil Baby Güpürlü 6-18 Ay Tulum - Pembe,249.99
Civil Baby Cepli 3-18 Ay Tulum - Gri,199.99
Minidamla Tavşanlı Baskılı 0-3 Ay Tulum - Pembe,119.99
Beybek Düğmeli 3-12 Ay Tulum - Gri,149.99
Minidamla Arabalı Ayılı 0-1 Ay Tulum - Mavi,99.99
Misket Kedi Kız Golf 1-6 Ay Tulum - Pembe,89.99
Civil Baby Tavşan Baskılı 3-9 Ay Tulum - Pudra,329.00
Civil Baby Güpürlü 6-18 Ay Tulum - Pembe,149.99
Civil Baby Dondurma Baskılı 3-12 Ay Tulum - Kırmızı,49.99
Civil Baby Balerin Nakışlı 6-18 Ay Tulum - Mavi,249.99
Aziz Bebe Kuzu Ve Tavuk Desenli 0-3 Ay Tulum - Ekru,149.99
Bebelinna Yelekli Kareli 2 li 1-3 Ay Tulum - Kahverengi,219.99
Civil Baby Ekoseli Empirme 1-6 Ay Tulum - Yeşil,199.99
Civil Baby Kapşon Fırfırlı 6-18 Ay Tulum - Lila,149.99
Minidamla Star Baskılı 0-3 Ay Tulum - Gri,149.99
Civil Baby Çizgili ve Nice Nakışlı 6-18 Ay Tulum - Pembe,299.00
Civil Baby Ayıcık Baskılı 6-18 Ay Tulum - Kırmızı,249.99
Misket Hayvan Kafası Golf 1-6 Ay Tulum - Pudra,89.99
Civil Baby Geometrik Cvl Empirme 3-12 Ay Tulum - Lacivert,24.99
Civil Baby Düz Basic 1-6 Ay Tulum - Kahverengi,249.99
Beybek Kapşonlu 3-12 Ay Tulum - Mavi,259.00
Civil Baby Duz 3-12 Ay Astronot - Mavi,199.99
Civil Baby Düz Basic 1-6 Ay Tulum - Yeşil,149.99
Civil Baby Boom Empirme Baskılı 1-6 Ay Tulum - Gri,99.99
Pelerinli Superman Baskılı 6-18 Ay Tulum - Kırmızı,249.99
Civil Baby Tavşan Empirme 1-6 Ay Tulum - Fil Dişi,299.00
Civil Baby Gökkuşağı Empirme Baskılı 1-6 Ay Tulum - Pudra,149.99
Civil Baby Dinazor Baskılı 3-12 Ay Tulum - Yeşil,84.99
Civil Baby Dinazor Empirme Baskılı 1-6 Ay Tulum - Pudra,149.99
Civil Baby Dalmaçyalı Ayıcık Nakışlı 0-6 Ay Tulum - Siyah,129.99
Minidamla Zürafa Nakış Çıtçıtlı 1-6 Ay Tulum - Ekru,399.00
Aziz Bebe Ayıcık Nakışlı 0-3 Ay Tulum - Ekru,229.99
Civil Baby Kazayağı Desen 1-9 Ay Tulum - Ekose,699.00
Beybek Düğmeli 3-12 Ay Tulum - Mavi,199.99
Civil Baby Renkli Hayvanlar Baskılı 3-9 Ay Tulum - Hardal,479.00
Civil Baby Süs Etiketli 6-18 Ay Tulum - Yeşil,99.99
Civil Baby Colored Fıgures Baskılı 3-9 Ay Tulum - Turuncu,479.00
Beybek Kapşonlu 3-12 Ay Tulum - Bej,259.00
Civil Baby Renkli Taşıtlar Emprime 3-12 Ay Erkek Şortlu Tulum - Mavi,99.99
Civil Baby Kalp Empirme 6-18 Ay Slopet - Pembe,299.00
Civil Baby Duz 3-12 Ay Astronot - Ekru,199.99
MiniDünya Star Lıght 0-9 Ay Tulum - Gri,149.99
Civil Baby Tavşan Nakışlı 1-6 Ay Tulum - Kahverengi,99.99
Civil Baby Kot 6-18 Ay Tulum - Mavi,249.99
Civil Baby Dinazor Baskılı 3-12 Ay Tulum - Hardal,84.99
Civil Baby Ekoseli Empirme 6-12 Ay Tulum - Pudra,199.99
Bebelinna Yelekli Fiyonklu 2 li 1-3 Ay Tulum - Kahverengi,219.99
Bombili Gömlekli Keten Tulum 6-18 Ay Tulum - Bej,419.00
Bebelinna Fırfırlı Nakışlı Kısa 1-3 Ay Tulum - Pembe,199.99
Civil Baby Puan Baskılı 1-6 Ay Tulum - Ekru,249.99
Civil Baby Tavşan Baskılı 2 Li1-3 Ay Tulum - Hardal,179.99
Civil Baby Çizgi Empirme 1-9 Ay Tulum - Bej,299.00
Civil Baby Yandan Açılımlı Tiktak Band Detaylı 6-18 Ay Tulum - Haki,399.00
Civil Baby Puanlı Empirme Baskılı 6-12 Ay Tulum - Yeşil,299.00
Civil Baby Papatya Nakışlı 6-18 Ay Tulum - Lila,149.99
Minidamla Star Baskılı 0-3 Ay Tulum - Pudra,149.99
Civil Baby Askılı Papyonlu1-9 Ay Tulum - Yeşil,249.99
Civil Baby Okyanus Hayvanları Emprime 1-6 Ay Erkek Tulum - Ekru,129.99
Civil Baby Geometrik Hayvan 1-6 Ay Tulum - Yeşil,99.99
Civil Baby Renkli Çizgi Empirme Baskılı 1-6 Ay Tulum - Mavi,89.99
Kumru Bandanalı Puantiyeli 6-18 Ay Tulum - Yeşil,129.99
Civil Baby I Love Hugs Baskılı 1-6 Ay Tulum - Hardal,199.99
Civil Baby Kaplan Baskılı 1-9 Ay Tulum - Haki,259.00
Civil Baby Dalgalı Çizgi Empirmeli 1-6 Ay Tulum - Turuncu,269.00
Civil Baby Safari Baskılı 3-9 Ay Tulum - Kahve,329.00
Civil Baby Ayıcık Baskılı 6-18 Ay Tulum - Bej,249.99
Minidamla Kalpli Tavşan Baskılı 0-3 Ay Tulum - Kırmızı,229.99
Civil Baby Timsah Empirme Baskılı 1-6 Ay Tulum - Mavi,89.99
Civil Baby Lıttle And Pretty Empirme 1-6 Ay Tulum - Sarı,299.00
Minidamla Desenli Kozmonot 1-9 Ay Tulum - Mavi,499.00
Civil Baby Müslin 6-18 Ay Tulum - Bej,399.00
İmaj Bebe Eğlenceli Meyveler Baskılı 3 lü 1-6 Ay Tulum - Yeşil,179.99
Civil Baby Şortlu 6-18 Ay Tulum - Sarı,149.99
Misket Puanlı Emp. Golf 1-6 Ay Tulum - Turuncu,89.99
Bebelinna Dantelli Nakışlıı Kısa 1-3 Ay Tulum - Ekru,199.99
MiniDünya My First Fermuarlı 0-9 Ay Tulum - Pembe,149.99
Miniworld Geometrik Desenli 2'in 1 Pack 3-12 Ay Tulum - Mavi,299.00
Aziz Bebe Kirpi Baskılı 0-3 Ay Tulum - Mavi,229.99
Bombili Gömlekli Keten Tulum 6-18 Ay Tulum - Haki,419.00
Civil Baby Zebra Empirme Baskılı 1-6 Ay Tulum - Haki,149.99
Civil Baby Dinozor Baskılı 6-18 Ay Tulum - Bej,319.00
Civil Baby Fermuarlı 3-12 Ay Tulum - Kırmızı,129.99
Civil Baby Ceylan Empirmeli 6-18 Ay Tulum - Pembe,229.99
Civil Baby Natural Flowers Baskılı 3-9 Ay Tulum - Pembe,479.00
Civil Baby Roar Nakışlı 1-6 Ay Tulum - Bej,299.00
Minidamla Koala Düğmeli 3-12 Ay Tulum - Pudra,129.99
Civil Baby Dondurma Baskılı 3-12 Ay Tulum - Turuncu,49.99
Civil Baby Çiçek Baskılı 1-6 Ay Tulum - Pembe,179.99
Beybek Kapşonlu 3-12 Ay Tulum - Mavi,259.00
Civil Baby Ekoseli Empirme 6-12 Ay Tulum - Bebe Mavi,199.99
Civil Baby Natural Flowers Baskılı 3-9 Ay Tulum - Hardal,479.00
Civil Baby Tavşan Nakışlı 1-6 Ay Tulum - Yeşil,99.99
Civil Baby Kuzu Cepli 3-18 Ay Tulum - Kahverengi,149.99
Tom and Jerry Sörf Baskılı 6-18 Ay Tulum - Hardal,249.99
Civil Baby Kontür Dinozor Empirme 6-18 Ay Tulum - Bej,299.00
Civil Baby Kiraz Empirme 6-18 Ay Tulum - Ekru,349.00
Miniworld Büyük Çiçekli 2'in 1 Pack 3-12 Ay Tulum - Mavi,199.99
Civil Baby Kapüşonlu 6-18 Ay Astronot - Gri,699.00
Civil Baby Dino Boy Pano 1-6 Ay Tulum - Bej,99.99
Civil Baby Dinozor Empirme Baskılı 3-9 Ay Tulum - Kahverengi,329.00
Aziz Tavşan Baskılı 0-24 Ay Tulum - Ekru,159.99
Civil Baby Tilki Tavşan Empirme Baskılı 1-6 Ay Tulum - Yeşil,99.99
Civil Baby Cepli 6-18 Ay Slopet - Mavi,699.00
Civil Baby Crack Pattern Baskılı 3-9 Ay Tulum - Yeşil,479.00
Civil Baby Kedi Nakışlı 6-18 Ay Slopet - Bej,299.00
Civil Baby Hello Summer Empirme 6-18 Ay Tulum - Ekru,249.99
Minidamla Arabalı Ayılı 0-1 Ay Tulum - Mavi,99.99
Civil Baby Kıvırcık Askılı Düğmeli 6-18 Ay Slopet - Yeşil,499.00
Tazmanya Canavarı Baskılı 6-18 Ay Tulum - Fil Dişi,69.99
Bebelinna Love Flowers Nakışlı Kısa 1-3 Ay Tulum - Ekru,199.99
Civil Baby Kapüşonlu 6-18 Ay Astronot - Pembe,699.00
Civil Baby Timsah Baskılı 6-12 Ay Tulum - Haki,299.00
Civil Baby Zürafa Baskılı 6-18 Ay Tulum - Gri,319.00
Civil Baby Kurbağa Baskılı 1-6 Ay Tulum - Hardal,199.99
Civil Baby Hayvanlar Empirme Baskılı 1-6 Ay Tulum - Ekru,89.99
Tazmanya Canavarı Baskılı 6-18 Ay Tulum - Hardal,69.99
Civil Baby Araba Aplikeli 1-6 Ay Tulum - Kahverengi,249.99
Civil Baby Kaplan Baskılı 3-12 Ay Tulum - Ekru,99.99
Misket Araba Emp. Golf 1-6 Ay Tulum - Mavi,89.99
Civil Baby Hello Panda Nakış 3-9 Ay Erkek Tulum - Gri,149.99
Civil Baby Flowery Baskılı 3-9 Ay Tulum - Pudra,479.00
Civil Baby Cepli 1-6 Ay Tulum - Gri,269.00
Civil Baby Roarrr Baskılı Nakışlı 3-12 Ay Erkek Şortlu Tulum - Sarı,29.99
Civil Baby Çizgili 6-18 Ay Tulum - Yeşil,399.00
Civil Baby Ayıcık Baskılı 1-6 Ay Tulum - Haki,99.99
MiniDünya Love Star 0-9 Ay Tulum - Gri,99.99
Bebengo Dalmaçyalı Baskılı 1-9 Ay Tulum - Sarı,119.99
Civil Baby Safari Baskılı 2 Li 3-9 AY Tulum - Turuncu,229.99
Miniworld Little Tiger 2'in 1 Pack 3-12 Ay Tulum - Hardal,149.99
Civil Baby Kurbağa Baskılı 1-6 Ay Tulum - Haki,199.99
Civil Baby My Sunshine Baskılı 1-9 AY Tulum - Pembe,299.00
Civil Baby Fermuarlı 3-12 Ay Tulum - Fusya,129.99
Civil Baby Kapşon Fırfırlı 6-18 Ay Tulum - Bej,149.99
AzizBebe Çizgili Ayıcıklı 0-3 Ay Tulum - Ekru,229.99
Civil Baby Ayıcık Baskılı 6-18 Ay Tulum - Haki,249.99
Civil Baby Dinazor Empirme Baskılı 1-6 Ay Tulum - Pembe,149.99
Civil Baby Çilek Ve Çiçek Baskılı 6-18 Ay Tulum - Yeşil,69.99
Beybek Kapşonlu 3-12 Ay Tulum - Ekru,259.00
Civil Baby Ayıcık Nakışlı 1-6 Ay Tulum - Pembe,169.99
Civil Baby Just For Fun Etiketli 6-18 Ay Tulum - Mavi,54.99
Civil Baby Orıgınals Baskılı 6-18 Ay Tulum - Gri,299.00
Nenny Baby Bear Family Baskılı 2 li 3-9 Ay Tulum - Pembe,149.99
Civil Baby Dalmaçyalı Ayıcık Nakışlı 0-6 Ay Tulum - Mavi,129.99
Civil Baby Karışık Baskılı 1-6 Ay Tulum,99.99
Civil Baby Çadır Empirme Baskılı 1-6 Ay Tulum - Mavi,99.99
Civil Baby Düz Basic 1-6 Ay Tulum - Gri,149.99
Minidamla Balonlu Ayı Baskılı 0-3 Ay Tulum - Mavi,119.99
Civil Baby Yeleklı Papyonlu 1-6 AY Tulum - Kahverengi,149.99
Civil Baby Ayıcık Nakış ve Kulaklı 6-18 Ay Tulum - Kahverengi,399.00
Civil Baby Tavşan Baskılı 1-6 Ay Tulum - Lila,149.99
MiniDünya Storıes 0-9 Ay Tulum - Gri,149.99
Aziz Bebe Çizgi Fiyonklu 0-3 Ay Tulum - Pembe,229.99
Bebelinna Fiyonklu Fırfırlı 1-3 Ay Tulum - Pudra,219.99
Minidamla Balonlu Ayı Baskılı 0-3 Ay Tulum - Gri,119.99
Civil Baby Omuz Fırfırlı Elma Nakışlı 6-18 Ay Tulum - Pudra,299.00
Civil Baby Saç Bantlı Fistolu 3-18 Ay Tulum - Lila,149.99
Aziz Bebe Tavşan Nakışlı 0-3 Ay Tulum - Mavi,229.99
Civil Baby Polarlı Örgülü 6-18 Ay Tulum - Pudra,399.00
Civil Baby Kedi Baskılı 1-9 Ay Tulum - Bej,349.00
Civil Baby Hayvanlar Empirme 6-18 Ay Tulum - Lacivert,199.99
Civil Baby Renkli Kamuflaj Baskılı 3-12 Ay Tulum - Turuncu,84.99
Civil Baby Fiyonklu Çiçek Baskılı 6-18 Ay Çıtçıtlı Badi - Lila,169.99
Civil Baby Papatya Empirme 6-18 Ay Tulum - Hardal,149.99
Civil Baby Çiçek Empirmeli 6-18 Ay Tulum - Kırmızı,299.00
Civil Baby Araba Aplikeli 6-18 Ay Tulum - Kahverengi,319.00
Civil Baby Roar Nakışlı 1-6 Ay Tulum - Hardal,299.00
Civil Baby Papatya Kabartmalı 6-18 Ay Tulum - Ekru,269.00
Aziz Yeleli Aslan Baskılı 0-24 Ay Tulum - Bej,159.99
Tom and Jerry Empirme Baskılı 3-12 Ay Tulum - Yeşil,199.99
Civil Baby Noktalı Empirme Fırfırlı 1-6 Ay Tulum - Pudra,99.99
İmaj Bebe Baby Zebra Bereli 1-6 Ay Tulum - Mavi,349.00
Minidamla Koala Düğmeli 3-12 Ay Tulum - Mavi,129.99
Civil Baby Çizgili Ön Cepli 6-18 Ay Slopet - Mavi,499.00
Civil Baby Safari Baskılı 3-9 Ay Tulum - Hardal,329.00
Civil Baby Sıçratma Dino 6-18 Ay Tulum - Lacivert,79.99
Civil Baby Yakalı Ayıcık Baskılı 1-9 Ay Tulum - Ekru,349.99
Civil Baby Ayı Nakışlı 6-18 Ay Tulum - Bej,299.00
Civil Baby Şortlu 6-18 Ay Tulum - Beyaz,149.99
Civil Baby Aslan Baskılı 6-18 Ay Tulum - Yeşil,249.99
Bebelinna Araba Nakışlı 2 li 1-3 Ay Tulum - Kahverengi,219.99
Tom & Jerry Baskılı 6-18 Ay Tulum - Ekru,69.99
Civil Baby Süs Etiketli 6-18 Ay Tulum - Fil Dişi,99.99
Civil Baby Omuz Fırfırlı 6-18 Ay Slopet - Yeşil,399.00
Civil Baby Çizgisel Dino Empirme 6-18 Ay Tulum - Kahve,279.00
Civil Baby Princess Cat Emprime Nakış 1-6 Ay Kız Tulum - Pembe,149.99
Civil Baby Tavşanlar Baskılı 1-6 Ay Tulum - Lila,199.99
Minidamla Fil Baskılı 0-3 Ay Tulum - Gri,119.99
Civil Baby Panda 6-18 Ay Astronot - Yeşil,299.00
Civil Baby Mikro Cepli 6-18 Ay Tulum - Pembe,299.00
Civil Baby Aslan Baskılı 6-18 Ay Tulum - Sarı,249.99
Bebengo Tavşan Baskılı 1-6 Ay Tulum - Yeşil,119.99
Civil Baby Düz Basic 1-6 Ay Tulum - Gri,99.99
Civil Baby Papatya Nakışlı 1-6 Ay Tulum - Sarı,229.99
Minidamla Kız Ayı Tavşan Nakış Fermuarlı 1-6 Ay Tulum - Pembe,399.00
Minidamla Cat Baskılı Tüllü 0-3 Ay Tulum - Pembe,179.99
Civil Baby Work Baskılı 1-6 Ay Tulum - Kırmızı,299.00
Civil Baby Cute Bear Baskılı 3-9 Ay Tulum - Kahve,479.00
Civil Baby Renkli Çizgi Empirme Baskılı 1-6 Ay Tulum - Pudra,44.99
Civil Baby Çıtır Çiçek Empirme Baskılı 1-6 Ay Tulum - Pudra,149.99
Beybek Düğmeli 3-12 Ay Tulum - Pembe,199.99
Civil Baby Hello Summer Empirme 6-18 Ay Tulum - Haki,249.99
Civil Baby Ceylan Nakışlı 1-6 Ay Tulum - Pudra,99.99
Civil Baby Leopar Empirme Baskılı 1-6 Ay Tulum - Lila,149.99
Minidamla 4 Kafadar Baskılı 0-3 Ay Tulum - Gri,119.99
Civil Baby Aslan Baskılı 6-18 Ay Tulum - Pembe,249.99
Civil Baby Geometrik Hayvan 1-6 Ay Tulum - Turuncu,99.99
Civil Baby Ayı Nakışlı 6-18 Ay Tulum - Haki,299.00
Civil Baby Princess Cat Emprime Nakış 1-6 Ay Kız Tulum - Pudra,149.99
Misket Puanlı Emp. Golf 1-6 Ay Tulum - Sarı,89.99
Civil Baby Hayvanlar Empirme Baskılı 1-6 Ay Tulum - Mavi,89.99
Civil Baby Süs Etiketli Yakalı 6-18 Ay Tulum - Yeşil,99.99
Civil Baby Pati Ayıcık Baskılı 1-6 Ay Tulum - Fil Dişi,319.00
Civil Baby Sunny Day Baskılı 2 Li 1-3 Ay Tulum - Yeşil,199.99
Minidamla Koala Düğmeli 3-12 Ay Tulum - Mavi,129.99
Civil Baby Çıtır Çiçek Emprime Prematüre Tulum - Fil Dişi,249.99
Civil Baby Special Çiçek Baskılı 1-6 Ay Tulum - Lila,99.99
Civil Baby Garden 2'in 1 Pack 6-18 Ay Tulum - Pembe,299.00
Bebelinna Love Flowers Nakışlı Kısa 1-3 Ay Tulum - Pudra,199.99
Hello Kitty Çizgi Empirme 1-6 Ay Tulum - Siyah,299.00
Civil Baby Geometrik Hayvan Aslan 1-6 Ay Tulum - Turuncu,99.99
Civil Baby Çiçek Kapitone 6-18 Ay Astronot - Yeşil,999.00
Civil Baby Çiçek Nakışlı 1-6 Ay Tulum - Bej,129.99
Misket Puanlı Emp. Golf 1-6 Ay Tulum - Yeşil,89.99
Civil Baby Papatya Kabartmalı 6-18 Ay Tulum - Pudra,269.00
Civil Baby Süs Etiketli 6-18 Ay Tulum - Mavi,299.00
Civil Baby Ayıcık Baskılı 1-6 Ay Tulum - Pudra,249.99
Civil Baby Saç Örgülü Welsoftlu 6-18 Ay Tulum - Pembe,399.00
Aziz Bebe Kalp Nakışlı 0-3 Ay Tulum - Ekru,229.99
Civil Baby Unicorn 6-18 Ay Astronot - Pudra,299.00
Buude Kedi Baskılı 6-18 Ay Tulum,119.99
Civil Baby Tavşan Baskılı 1-6 Ay Tulum - Pudra,89.99
Civil Baby Sevimli Hayvanlar Empirme Baskılı 1-6 Ay Tulum - Fil Dişi,149.99
Aziz Kelebek Çiçek Nakışlı 0-24 Ay Tulum - Ekru,159.99
Civil Baby Kuzu Cepli 3-18 Ay Tulum - Yeşil,149.99
Civil Baby Dondurma Baskılı 3-12 Ay Tulum - Yeşil,49.99
Bebelinna Çizgili Yelekli Nakışlı 1-3 Ay Tulum - Kahverengi,219.99
Civil Baby Dalgalı Desen 6-18 Ay Astronot - Hardal,399.00
Civil Baby Çiçek Empirme Baskılı 1-6 Ay Tulum - Ekru,99.99
Civil Baby Aslan Empirme Baskılı 1-6 Ay Tulum - Mavi,89.99
Civil Baby Araba Empirme Baskılı 1-6 Ay Tulum - Kahverengi,169.99
Civil Baby Kiraz 6-18 Ay Tulum - Pembe,69.99
Civil Baby Ayıcık Empirmeli 6-18 Ay Tulum - Bej,329.00
Civil Baby Ayıcık Nakışlı 1-6 Ay Tulum - Ekru,169.99
Minidamla 3 Arkadaş Baskılı 0-3 Ay Tulum - Mavi,119.99
Civil Baby Aslan Bulut Baskılı 3-12 Ay Astronot - Mavi,599.00
Civil Baby Kıvırcık Önü Patlı Alttan Çıtçıtlı 6-18 Ay Tulum - Bej,399.00
Minidamla Fil Baskılı 0-3 Ay Tulum - Mavi,119.99
Civil Baby Aslan Empirme Baskılı 1-6 Ay Tulum - Pudra,89.99
Civil Baby Ekoseli Empirme 6-12 Ay Tulum - Lila,199.99
Civil Baby Çiçek Kapitone 6-18 Ay Astronot - Lila,999.00
Civil Baby Fırfır Tüllü 1-9 Ay Tulum - Ekru,599.00
Civil Baby Cep Detaylı 6-18 Ay Slopet - Mavi,799.00
Civil Baby Fermuarlı 1-9 Ay Tulum - Hardal,129.99
Miniworld Geometrik Desenli 2'in 1 Pack 3-12 Ay Tulum - Mavi,299.00
Civil Baby Puan Baskılı 1-6 Ay Tulum - Yeşil,139.99
Civil Baby Lıttle And Pretty Empirme 6-18 Ay Tulum - Sarı,299.00
Tom and Jerry Empirme Baskılı 3-12 Ay Tulum - Mavi,199.99
Civil Baby Çizgi Kalp Empirme 6-18 Ay Tulum - Ekru,499.00
Bebetto Organic My Mushroom 0-6 Ay Tulum - Ekru,429.00
Civil Baby Cvl Nakışlı 6-18 Ay Tulum - Bej,299.00
Civil Baby Güneş Etiketli 1-6 Ay Tulum - Kahverengi,149.99
Kumru Bandanalı Puantiyeli 6-18 Ay Tulum - Ekru,129.99
Aziz Bebe Çizgili Nakışlı 0-3 Ay Tulum - Ekru,229.99
Civil Baby Kapüşon ve Ponponlu 3-12 Ay Tulum - Ekru,299.00
Minidamla Koala Düğmeli 3-12 Ay Tulum - Ekru,129.99
Civil Baby Kıvırcık Çift Cepli Bağcıklı 6-18 Ay Tulum - Pudra,124.99
Civil Baby Kalpli Ayıcık Empirme Baskılı 1-6 Ay Tulum - Lila,149.99
Civil Baby Erkek Bebek Baskılı 6-18 Ay Slopet - Ekru,799.00
Civil Baby Gökkuşağı Etiketli 1-6 Ay Tulum - Pudra,279.00
Civil Baby Fiyonk Meow Nakışlı 6-18 Ay Tulum - Lila,399.00
Minidamla Star Baskılı 0-3 Ay Tulum - Beyaz,149.99
Aziz Bebe Çizgi Empirme 0-3 Ay Tulum - Ekru,229.99
Civil Baby Dondurma Baskılı 3-12 Ay Tulum - Fusya,49.99
Beybek Kapşonlu 3-12 Ay Tulum - Gri,259.00
Beybek Kapşonlu 3-12 Ay Tulum - Ekru,259.00
Bebelinna Fiyonklu Nakışlı 1-3 Ay Tulum - Pembe,219.99
Bebelinna Çizgili Yelekli Nakışlı 1-3 Ay Tulum - Gri,219.99
Civil Baby Ayıcık Baskılı 6-18 Ay Tulum - Turuncu,249.99
Civil Baby Süs Etiketli 6-18 Ay Tulum - Gri,299.00
Civil Baby Kanguru Cepli 6-18 Ay Tulum - Lacivert,249.99
Civil Baby Omuz Fırfırlı 6-18 Ay Slopet - Bej,299.00
Civil Baby Fermuarlı 1-9 Ay Tulum - Mavi,129.99
Minidamla Kız Ayı Tavşan Nakış Fermuarlı 1-6 Ay Tulum - Ekru,399.00
Aziz Bebe Ayıcık Nakışlı Cizgili 0-3 Ay Tulum - Ekru,229.99
Civil Baby Kuğu Empirme Baskılı 3-9 Ay Tulum - Turuncu,329.00
Civil Baby Ayıcık Empirme Premature Tulum - Pembe,49.99
Aziz Bebe Çizgi Empirme 0-3 Ay Tulum - Ekru,229.99
Civil Baby Kedi Çiçek Empirme Baskılı 1-6 Ay Tulum - Pudra,99.99
Civil Baby 96 Nakışlı 1-9 Ay Tulum - Pembe,299.00
Civil Baby Puanlı Empirme Baskılı 6-12 Ay Tulum - Lila,299.00
Miniworld Little Tiger 2'in 1 Pack 3-12 Ay Tulum - Turuncu,149.99
Civil Baby Sincap 6-18 Ay Astronot - Ekru,299.00
Miniworld Büyük Çiçekli 2'in 1 Pack 3-12 Ay Tulum - Turuncu,199.99
Beybek Düğmeli 3-12 Ay Tulum - Mavi,149.99
Civil Baby Gökkuşağı Etiketli 1-6 Ay Tulum - Fil Dişi,279.00
Nenny Baby Love Baskılı 2 li 3-9 Ay Tulum - Turuncu,149.99
Civil Baby Mikro Cepli 6-18 Ay Tulum - Gri,299.00
Civil Baby Gökkuşağı Empirme Baskılı 3-9 Ay Tulum - Yeşil,329.00
Civil Baby Nakışlı 6-18 Ay Slopet - Mavi,699.00
Bombili Papyonlu Araba Nakışlı 6-18 Ay Tulum - Gri,299.00
Civil Baby Safari Baskılı 2 Li 3-9 AY Tulum - Yeşil,229.99
Civil Baby Meyve Ve Sebze Empirme Baskılı 1-6 Ay Tulum - Pembe,89.99
Bebelinna Araba Nakışlı 2 li 1-3 Ay Tulum - Lacivert,219.99
Civil Baby Ekoseli Empirme 6-12 Ay Tulum - Yeşil,199.99
Civil Baby Ayıcık Nakışlı 6-18 Ay Tulum - Bej,229.99
Civil Baby Ayıcık Nakışlı 1-6 Ay Tulum - Mavi,169.99
Civil Baby Badili Ayıcık ve Pati Nakışlı 6-18 Ay Slopet - Yeşil,399.00
Civil Baby Tavşan Baskılı 3-9 Ay Tulum - Lila,329.00
Civil Baby Ayıcık Baskılı 1-6 Ay Tulum - Bej,249.99
Minidamla Koala Düğmeli 3-12 Ay Tulum - Yeşil,129.99
Civil Baby Düz Basic 1-6 Ay Tulum - Bebe Mavi,249.99
Civil Baby Cute Numbers 6-18 Ay Tulum - Fil Dişi,279.99
Civil Baby Çiçek Empirmeli 6-18 Ay Tulum - Yeşil,299.00
Civil Baby Süs Etiketli Yakalı 6-18 Ay Tulum - Turuncu,99.99
Civil Baby Cep Detaylı 6-18 Ay Slopet - Pembe,349.00
Aziz Zürafa ve Ağaç Empirme Baskılı 0-24 Ay Tulum - Ekru,159.99
Aziz Bebe Hayvanlar Empirme 0-3 Ay Tulum - Ekru,229.99
Bebelinna Ayıcık Kafalar Nakışlı 2 li 1-3 Ay Tulum - Kahverengi,219.99
Civil Baby Ayıcık Empirmeli 6-18 Ay Tulum - Kahve,329.00
Civil Baby Müslin 6-18 Ay Tulum - Kahverengi,499.00
Civil Baby Sleepy Bear Empirme 6-18 Ay Tulum - Bej,299.00
Minidamla Filli Nakış Fermuarlı 1-6 Ay Tulum - Ekru,499.00
Civil Baby Cvl Nakışlı 6-18 Ay Tulum - Lacivert,299.00
Civil Baby Saç Bantlı Fistolu 3-18 Ay Tulum - Turuncu,149.99
Civil Baby Gökkuşağı Empirme Baskılı 3-9 Ay Tulum - Hardal,329.00
Bebelinna Askılı Papyonlu 2 li 1-3 Ay Tulum - Kahverengi,219.99
Civil Baby Şortlu 6-18 Ay Tulum - Ekru,149.99
Civil Baby Lale Baskılı Bereli Prematüre Tulum - Turuncu,229.99
Civil Baby Shark Empirme 6-18 Ay Tulum - Mavi,249.99
Minidamla Helikopter Baskılı 0-3 Ay Tulum - Kahverengi,119.99
Civil Baby Harf Nakışlı 1-6 Ay Tulum - Sarı,129.99
Civil Baby Kaplan Empirmeli 6-18 Ay Astronot - Gri,699.00
Beybek Kapşonlu 3-12 Ay Tulum - Gri,259.00
Civil Baby Çiçek Nakışlı 1-6 Ay Tulum - Pudra,329.00
Civil Baby Dino Boy Pano 1-6 Ay Tulum - Hardal,99.99
Civil Baby Süs Etiketli 6-18 Ay Tulum - Sarı,299.00
Miniworld Little Tiger 2'in 1 Pack 3-12 Ay Tulum - Yeşil,149.99
Bebelinna Dantelli Nakışlıı Kısa 1-3 Ay Tulum - Pembe,199.99
Civil Baby Meow Nakışlı 1-6 Ay Tulum - Pudra,299.00
Civil Baby Fermuarlı 3-12 Ay Tulum - Pembe,129.99
Civil Baby Aslan Empirmeli 6-18 Ay Tulum - Mavi,299.00
Civil Baby Mantar Çiçek 1-6 Ay Tulum - Bej,249.99
Civil Baby Nakışlı 6-18 Ay Slopet - Siyah,699.00
Civil Baby Düz Basic 1-6 Ay Tulum - Yeşil,249.99
Civil Baby Sincap 6-18 Ay Astronot - Gri,299.00
Kumru Bandanalı Puantiyeli 6-18 Ay Tulum - Pudra,129.99
Minidamla Koala Düğmeli 3-12 Ay Tulum - Bordo,129.99
Aziz Tavşan ve Kuş Baskılı 0-24 Ay Tulum - Sarı,159.99
Miniworld Little Tiger 2'in 1 Pack 3-12 Ay Tulum - Mavi,149.99
Civil Baby Çiçek Empirme 6-18 Ay Tulum - Bej,249.99
Civil Baby Mikro Cepli 6-18 Ay Tulum - Bej,299.00
Civil Baby Düğmeli Cepli 6-18 Ay Tulum - Yeşil,109.99
Civil Baby Dondurma Baskılı 3-12 Ay Tulum - Mavi,49.99
MiniDünya Kedicik 3-12 Ay Tulum - Gri,149.99
Civil Baby Sıçratma Dino 6-18 Ay Tulum - Beyaz,79.99
Civil Baby Timsah Empirme Baskılı 1-6 Ay Tulum - Yeşil,89.99
Civil Baby Çiçek Empirmeli 6-18 Ay Tulum - Lila,199.99
Civil Baby Çiçek Empirme 3-9 Ay Tulum - Pudra,329.00
Aziz Bebe Çizgili Köpek Nakışlı 0-3 Ay Tulum - Yeşil,229.99
Civil Baby Düğmeli 6-18 Ay Slopet - Sarı,299.00
Civil Baby Be Friends 2'in 1 Pack 6-18 Ay Tulum - Mavi,179.99
Civil Baby Düz Basic 1-6 Ay Tulum - Pembe,249.99
Civil Baby Kalp Empirme Baskılı 1-6 Ay Tulum - Gri,119.99
Civil Baby Nakışlı 6-18 Ay Slopet - Mavi,699.00
Civil Baby Maymun 6-18 Ay Astronot - Gri,299.00
Minidamla Desenli Kozmonot 1-9 Ay Tulum - Pembe,499.00
Civil Baby Çizgili Fil Nakışlı 1-3 Ay Tulum - Sarı,69.99
Civil Baby Fermuarlı Tavşan Nakışlı 1-6 Ay Tulum - Pembe,119.99
Civil Baby Papatya Empirme 6-18 Ay Tulum - Yeşil,149.99
Bebelinna Kareli Nakışlı Kısa 1-3 Ay Tulum - Pembe,199.99
Civil Baby Fun Animals Baskılı 3-9 Ay Tulum - Kahve,479.00
İmaj Bebe Çizgili Kaplan Kapşonlu 1-6 Ay Tulum - Sarı,179.99
Civil Baby Süs Etiketli 6-18 Ay Tulum - Turuncu,99.99
Civil Baby Cepli 3-18 Ay Tulum - Bej,199.99
Civil Baby Kabartmalı Yaprak Empirme 6-18 Ay Tulum - Fil Dişi,349.00
Civil Baby Tavşan Nakışlı 1-6 Ay Tulum - Ekru,179.99
Civil Baby Askılı Papyonlu1-9 Ay Tulum - Mavi,249.99
Civil Baby Müslin 6-18 Ay Tulum - Kahverengi,399.00
Civil Baby Yelekli 1-9 Ay Tulum - Lacivert,259.00
Bebelinna Sweet Rabbit Nakışlı 1-3 Ay Tulum - Ekru,219.99
Civil Baby Süs Etiketli Yakalı 6-18 Ay Tulum - Fil Dişi,99.99
Minidamla Arabalı Ayılı 0-1 Ay Tulum - Mavi,99.99
Civil Baby Fermuarlı Tavşan Nakışlı 1-6 Ay Tulum - Mavi,119.99
Miniworld Baby Club 3-12 Ay Tulum - Sarı,69.99
Civil Baby Hi Baskılı - Nakışlı 6-18 Ay Slopet - Mavi,299.00
Civil Baby Araba Empirme Baskılı 6-12 Ay Tulum - Haki,199.99
Aziz Bebe Kelebek Desenli 0-3 Ay Tulum - Pudra,69.99
Civil Baby Kedi Kız Empirme Baskılı 1-6 Ay Tulum - Kırmızı,59.99
Civil Baby Dondurma Baskılı 3-12 Ay Tulum - Gri,49.99
Civil Baby Tavşan Çiçek Empirme Baskılı 1-6 Ay Tulum - Pudra,89.99
Civil Baby Tavşan Çiçek Empirme Baskılı 1-6 Ay Tulum - Ekru,89.99
Civil Baby Yaka Detaylı 3-9 Ay Tulum - Yeşil,299.00
İmaj Bebe Kelebek Kız 3 lü 1-6 Ay Tulum - Ekru,349.00
Civil Baby Meyve ve Sebze Empirme 1-6 Ay Tulum - Pembe,229.99
Civil Baby Papatya Nakışlı 1-6 Ay Tulum - Pembe,229.99
Civil Baby Yazı Baskılı 6-18 Ay Tulum - Haki,199.99
İmaj Bebe Sevimli Sincap 3 lü 1-6 Ay Tulum - Sarı,179.99
Civil Baby Çizgi Kalp Empirme 6-18 Ay Tulum - Ekru,349.00
Civil Baby Mikro Cepli 6-18 Ay Tulum - Lila,299.00
Civil Baby Mini Crew Baskılı 6-18 Ay Tulum - Gri,349.00
Aziz Bebe Kirpi Baskılı 0-3 Ay Tulum - Mavi,229.99
Civil Baby Papyonlu Yelekli 1-6 Ay Tulum - Gri,179.99
Civil Baby Mini Crew Nakışlı 6-18 Ay Slopet - Bej,299.00
Civil Baby Penguen Baskılı 6-18 Ay Astronot - Pembe,499.00
Civil Baby Yakalı Bandanalı 6-18 Ay Tulum - Lila,179.99
Aziz Bebe Köpek Nakışlı 0-3 Ay Tulum - Lacivert,229.99
Civil Baby Kapüşon ve Ponponlu 3-12 Ay Tulum - Hardal,299.00
Civil Baby Düz Basic 1-6 Ay Tulum - Pembe,249.99
Civil Baby Süs Etiketli 6-18 Ay Tulum - Turuncu,49.99
Civil Baby Çilek Ve Çiçek Baskılı 6-18 Ay Tulum - Pudra,69.99
Bebelinna Askılı Papyonlu 2 li 1-3 Ay Tulum - Lacivert,219.99
Civil Baby Dondurma Baskılı 3-12 Ay Tulum - Kırmızı,49.99
Civil Baby Dondurma Baskılı 3-12 Ay Tulum - Yeşil,49.99
Civil Baby Lıttle And Pretty Empirme 1-6 Ay Tulum - Pembe,299.00
Civil Baby Çizgi Empirme 1-9 Ay Tulum - Bej,349.00
Miniworld Geometrik Desenli 2'in 1 Pack 3-12 Ay Tulum - Hardal,299.00
Civil Baby Kiraz Baskılı 3-18 Ay Tulum - Ekru,299.00
Civil Baby Fermuarlı 3-12 Ay Tulum - Turuncu,129.99
Civil Baby Askılı Papyonlu1-9 Ay Tulum - Kahverengi,249.99
Civil Baby Yaprak Empirme 6-18 Ay Tulum - Ekru,299.00
Civil Baby M Baskılı 6-18 Ay Tulum - Lacivert,319.00
Civil Baby Dalgalı Çizgi Empirmeli 1-6 Ay Tulum - Gri,269.00
Civil Baby Çizgili 6-18 Ay Slopet - Ekru,499.00
Babycenter Penye Dreams 4 Lu Tulum Setı - Mavi,249.99
Civil Baby Panda Nakışlı 3-12 Ay Astronot - Gri,299.00
Civil Baby Funny Baskılı 2 Li 3-9 AY Tulum - Yeşil,229.99
Civil Baby Leopar Empirme Baskılı 1-6 Ay Tulum - Hardal,149.99
Civil Baby Pati Nakışlı Badili 6-18 Ay Slopet - Kahve,299.00
Batman Empirme Baskılı 3-12 Ay Tulum - Siyah,219.99
Minidamla Arabalı Ayılı 0-1 Ay Tulum - Gri,99.99
Civil Baby Müslin 6-18 Ay Tulum - Pudra,499.00
Minidamla Ayı Nakışlı Kozmonot 1-9 Ay Tulum - Mavi,499.00
Minidamla Helikopter Baskılı 0-3 Ay Tulum - Mavi,119.99
Bebelinna Yelekli Fiyonklu 2 li 1-3 Ay Tulum - Mavi,219.99
Civil Baby Fermuarlı 3-12 Ay Tulum - Lila,129.99
Civil Baby Cep Detaylı 6-18 Ay Slopet - Haki,799.00
Civil Baby Just For Fun Etiketli 6-18 Ay Tulum - Yeşil,54.99
Civil Baby Aslan Baskılı 6-18 Ay Tulum - Hardal,249.99
Civil Baby Mini Çiçek Baskılı Şortlu 6-18 Ay Tulum - Turuncu,69.99
İmaj Bebe Kelebek Kız 3 lü 1-6 Ay Tulum - Pudra,349.00
Civil Baby Kıvırcık Önü Patlı Alttan Çıtçıtlı 6-18 Ay Tulum - Haki,399.00
Civil Baby Dinazor Empirme Baskılı 1-6 Ay Tulum - Yeşil,129.99
Aziz Bebe Kalp Nakışlı 0-3 Ay Tulum - Ekru,229.99
Civil Baby Şortlu 6-18 Ay Tulum - Yeşil,149.99
Bebelinna Ayıcık Kafalar Nakışlı 1-3 Ay Tulum - Pudra,219.99
Tafyy Triko 3-12 Ay Tulum - Bej,149.99
Beybek Kapşonlu 3-12 Ay Tulum - Mavi,259.00
MiniDünya Kedicik 3-12 Ay Tulum - Mavi,149.99
Bugs Bunny Baskılı 6-18 Ay Tulum - Pudra,69.99
Civil Baby Selanik Çizgili Nakışlı 6-18 Ay Tulum - Ekru,299.00
Civil Baby Basic 6-18 Ay Tulum - Yeşil,199.99
Minidamla 3 Arkadaş Baskılı 0-3 Ay Tulum - Kahve,119.99
Civil Baby Cepli 6-18 Ay Astronot - Bej,699.00
MiniDünya Storıes 0-9 Ay Tulum - Gri,149.99
Civil Baby Happy Bear Çizgili 1-6 Ay Tulum - Mavi,229.99
Civil Baby Tavşan Nakışlı 1-6 Ay Tulum - Pudra,179.99
Aziz Çiçek ve Ayıcık Baskılı 0-24 Ay Tulum - Pembe,159.99
Civil Baby Kardan Adam Empirme Baskılı 3-12 Ay Tulum - Lacivert,99.99
Civil Baby Kedi Nakışlı 1-6 Ay Tulum - Gri,179.99
Civil Baby Kabartmalı Ayıcık Baskılı 1-6 Ay Tulum - Bej,349.00
Civil Baby Çiçek Empirme 6-18 Ay Salopet - Pembe,99.99
Civil Baby Çıtır Çiçek Empirme Baskılı 1-6 Ay Tulum - Ekru,149.99
Civil Baby Tavşan Baskılı 2 Li1-3 Ay Tulum - Bej,179.99
Civil Baby Cep ve Yaka Detaylı 6-18 Ay Astronot - Kahve,399.00
Civil Baby Çiçek Empirme 3-9 Ay Tulum - Haki,329.00
Civil Baby Çizgili Yan Cepli 6-18 Ay Tulum - Mavi,449.00
Beybek Düğmeli 3-12 Ay Tulum - Bej,149.99
Civil Baby Bebe Yakalı Çizgili 6-18 Ay Tulum - Pembe,379.00
Civil Baby Mikro Cepli 6-18 Ay Tulum - Kahverengi,299.00
Civil Baby Natural Bear Baskılı 3-9 Ay Tulum - Turuncu,479.00
Tuffy Basic 12-24 Ay Tulum - Pembe,129.99
Civil Baby Şortlu 6-18 Ay Tulum - Kırmızı,149.99
Civil Baby Düğmeli 6-18 Ay Slopet - Mavi,299.00
Aziz Bebe Çizgili Fiyonklu 0-3 Ay Tulum - Pembe,229.99
Civil Baby Cheer Leader 6-18 Ay Tulum - Mavi,329.00
Civil Baby Gökkuşağı Empirme Baskılı 1-6 Ay Tulum - Fil Dişi,149.99
Civil Baby Çizgili 6-18 Ay Tulum - Gri,399.00
Aziz Bebe Kirpi Baskılı 0-3 Ay Tulum - Ekru,229.99
Civil Baby Yakalı Bandanalı 6-18 Ay Tulum - Bej,179.99
Minidamla 3 Arkadaş Baskılı 0-3 Ay Tulum - Lacivert,119.99
Civil Baby Kırık Çizgi Empirme Baskılı 1-6 Ay Tulum - Yeşil,149.99
Civil Baby Renkli Çizgi Empirme Baskılı 1-6 Ay Tulum - Pembe,44.99
Civil Baby Sleepy Bear Empirme 1-9 Ay Tulum - Bej,299.00
Civil Baby Cute Numbers 6-18 Ay Salopet - Fil Dişi,149.99
Civil Baby Puan Empirme 1-9 AY Tulum - Bej,319.00
Civil Baby Panda ve Hayvanlar Baskılı 3-9 Ay Tulum - Hardal,329.00
Civil Baby Hibernation Empirme 6-18 Ay Tulum - Ekru,219.99
Civil Baby Kaşkorse 1-6 Ay Tulum - Lila,199.99
Civil Baby Cep ve Yaka Detaylı 6-18 Ay Astronot - Ekru,399.00
Civil Baby Kareli Çiçek Baskılı 1-6 Ay Tulum - Ekru,249.99
Civil Baby Kaplan Baskılı 3-12 Ay Tulum - Bej,99.99
Civil Baby Dondurma Baskılı 3-12 Ay Tulum - Pembe,49.99
Bebelinna Askılı Papyonlu Kısa 1-3 Ay Tulum - Mavi,199.99
Minidamla 4 Kafadar Baskılı 0-3 Ay Tulum - Ekru,119.99
Civil Baby Fermuarlı 1-9 Ay Tulum - Yeşil,129.99
Civil Baby Kanguru Cepli 6-18 Ay Tulum - Gri,249.99
Civil Baby Cepli Beli Fırfırlı 1-6 AY Tulum - Ekru,149.99
Civil Baby Desenli Papyonlu 1-6 Ay Tulum - Kahverengi,299.00
Civil Baby Korsan Ayıcık Baskılı 3-12 Ay Tulum - Mavi,84.99
Civil Baby Sevimli Hayvanlar Empirme Baskılı 1-6 Ay Tulum - Turuncu,149.99
Civil Baby Kaşkorse Cepli 6-18 Ay Tulum - Bej,399.00
Civil Baby Palmiye Nakışlı 3-12 Ay Tulum - Kahverengi,599.00
Miniworld Büyük Çiçekli 2'in 1 Pack 3-12 Ay Tulum - Yeşil,199.99
Nova Baby Karpuz Kokulu Oval 1-6 Ay Tulum - Ekru,299.00
Civil Baby Cepli 1-6 Ay Tulum - Kahverengi,269.00
Civil Baby Leopar Baskılı 2 Li 3-9 AY Tulum - Lila,229.99
Civil Baby Ayıcık Baskılı 6-18 Ay Tulum - Hardal,249.99
Miniworld Kapşonlu Müslin 3-12 Ay Tulum - Hardal,249.99
Civil Baby Çiçek Baskılı 1-6 Ay Tulum - Ekru,179.99
Civil Baby Ceylan Baskılı 6-18 Ay Tulum - Pudra,229.99
Civil Baby Yaka Dantelli 1-9 Ay Tulum - Pembe,299.00
Aziz Bebe Kuzu Ve Tavuk Desenli 0-3 Ay Tulum - Ekru,149.99
Civil Baby Kuzu Cepli 3-18 Ay Tulum - Pudra,149.99
Civil Baby Fermuarlı Elma Baskılı 2 Li 3-9 AY Tulum - Hardal,209.99
Civil Baby Müslin 6-18 Ay Tulum - Gri,399.00
Civil Baby Fiyonk Meow Nakışlı 6-18 Ay Tulum - Bej,399.00
Civil Baby Geometrik Hayvan Aslan 1-6 Ay Tulum - Yeşil,99.99
Civil Baby Fermuarlı 3-12 Ay Tulum - Pembe,129.99
Bebelinna Yelekli Papyonlu Kısa 1-3 Ay Tulum - Kahverengi,199.99
Beybek Kapşonlu 3-12 Ay Tulum - Ekru,259.00
Civil Baby Çiçek Empirme Baskılı 1-6 Ay Tulum - Pudra,89.99
MiniDünya Star Lıght 0-9 Ay Tulum - Gri,149.99
Civil Baby Tiger Empirme 6-18 Ay Tulum - Turuncu,249.99
Civil Baby Hayvanlar Empirme Baskılı 1-6 Ay Tulum - Haki,89.99
Bugs Bunny Baskılı 6-18 Ay Tulum - Lila,199.99
Bebengo Dalmaçyalı Baskılı 1-9 Ay Tulum - Gri,119.99
Civil Baby Şortlu 6-18 Ay Tulum - Mavi,149.99
Civil Baby Unicorn 6-18 Ay Astronot - Lacivert,299.00
MiniDünya Dogs 0-9 Ay Tulum - Siyah,149.99
Civil Baby Yaprak 1-6 Ay Tulum - Bej,99.99
Civil Baby Dinozor Empirme 6-18 Ay Tulum - Haki,299.00
Civil Baby Kıvırcık Önü Patlı Alttan Çıtçıtlı 6-18 Ay Tulum - Turuncu,399.00
Minidamla Dinazor Baskılı 0-3 Ay Tulum - Fusya,119.99
Civil Baby Fermuarlı 3-12 Ay Tulum - Pudra,129.99
Minidamla Filli Nakış Fermuarlı 1-6 Ay Tulum - Gri,499.00
Civil Baby Harf Nakışlı 1-6 Ay Tulum - Yeşil,129.99
Civil Baby Papatya Empirme 6-18 Ay Tulum - Yeşil,109.99
Civil Baby Kalpli Ayıcık Empirme Baskılı 1-6 Ay Tulum - Pudra,149.99
Civil Baby Kıvırcık Önü Patlı Alttan Çıtçıtlı 6-18 Ay Tulum - Mavi,399.00
Civil Baby Çizgili 6-18 Ay Slopet - Kahverengi,499.00
Civil Baby Aslan Baskılı 6-18 Ay Tulum - Kırmızı,249.99
Aziz Bebe Yıldız Empirme 0-3 Ay Tulum - Pembe,229.99
Civil Baby Mantar Çiçek 6-18 Ay Tulum - Lila,299.00
Miniworld Büyük Çiçekli 2'in 1 Pack 3-12 Ay Tulum - Turuncu,199.99
İmaj Bebe Renkli Bulutlar Baskılı 3 lü 1-6 Ay Tulum - Ekru,179.99
Civil Baby Maymun 6-18 Ay Astronot - Hardal,299.00
Civil Baby Balerin Nakışlı 1-9 Ay Tulum - Bebe Mavi,349.00
Minidamla Kız Ayı Tavşan Nakış Fermuarlı 1-6 Ay Tulum - Gri,399.00
Aziz Zürafa ve Ağaç Empirme Baskılı 0-24 Ay Tulum - Ekru,159.99
Civil Baby Roket Empirme 6-18 Ay Slopet - Mavi,349.00
Civil Baby Şortlu 6-18 Ay Tulum - Sarı,149.99
Civil Baby Polarlı Örgülü 6-18 Ay Tulum - Bej,399.00
Civil Baby Çizgili Parçalı 1-6 Ay Tulum - Lila,149.99
Aziz Bebe Yıldız Empirme 0-3 Ay Tulum - Mavi,229.99
Aziz Bebe Gökkuşağı Baskılı 0-3 Ay Tulum - Ekru,229.99
Civil Baby Yakalı Ayıcık Baskılı 1-9 Ay Tulum - Mavi,349.99
Civil Baby Çiçek Empirme 6-18 Ay Salopet - Kahverengi,99.99
Civil Baby Ekoseli Empirme 1-6 Ay Tulum - Bebe Mavi,199.99
Minidamla Tavşanlı Ayı Nakışlı Çizgili 0-1 Ay Tulum - Mavi,349.00
Civil Baby Papyon ve Askılı 6-12 Ay Tulum - Bej,149.99
Civil Baby Araba Desenli 1-6 Ay Tulum - Sarı,119.99
Civil Baby Beach Empirme 6-18 Ay Tulum - Bej,249.99
Bugs Bunny Baskılı 6-18 Ay Tulum - Pembe,199.99
Civil Baby Süs Etiketli 6-18 Ay Tulum - Kırmızı,299.00
Civil Baby Fermuarlı 3-12 Ay Tulum - Kırmızı,129.99
Aziz Bebe Gökkuşağı Baskılı 0-3 Ay Tulum - Ekru,229.99
Civil Baby Dinazor Baskılı 6-18 Ay Astronot - Mavi,599.00
Tafyy Triko Tulum - Bej,299.00
Civil Baby Fil Empirme 6-18 Ay Tulum - Pembe,229.99
Civil Baby M Nakışlı 6-18 Ay Tulum - Lacivert,299.00
Civil Baby Basic 6-18 Ay Slopet - Pudra,249.99
Civil Baby Araba Desenli 1-6 Ay Tulum - Yeşil,119.99
Civil Baby Panda 6-18 Ay Astronot - Mavi,299.00
Beybek Düğmeli 3-12 Ay Tulum - Mavi,149.99
Miniworld Geometrik Desenli 2'in 1 Pack 3-12 Ay Tulum - Turuncu,299.00
Civil Baby Çiçek Baskılı 6-18 Ay Tulum - Bej,399.00
Civil Baby Work Baskılı 1-6 Ay Tulum - Lacivert,299.00
Civil Baby Fun Animals Baskılı 3-9 Ay Tulum - Hardal,479.00
Civil Baby Ceylan Baskılı 6-18 Ay Tulum - Lila,229.99
Civil Baby Geometrik Dino Empirme Şortlu 6-18 Ay Tulum - Fil Dişi,84.99
Civil Baby Fermuarlı Elma Baskılı 2 Li 3-9 AY Tulum - Kırmızı,209.99
Minidamla Filli Nakış Fermuarlı 1-6 Ay Tulum - Mavi,499.00
Civil Baby Düğmeli 6-18 Ay Slopet - Haki,299.00
Civil Baby Mini Çiçek Empirme 6-18 Ay Tulum - Fil Dişi,199.99
Civil Baby Kıvırcık Çift Cepli Bağcıklı 6-18 Ay Tulum - Lila,124.99
Civil Baby Just For Fun Etiketli 6-18 Ay Tulum - Sarı,54.99
Civil Baby Çiçek Nakışlı 6-18 Ay Tulum - Pembe,249.99
Civil Baby Boom Empirme Baskılı 1-6 Ay Tulum - Kahverengi,99.99
Beybek Düğmeli 3-12 Ay Tulum - Gri,149.99
MiniDünya Dogs 0-9 Ay Tulum - Gri,149.99
Civil Baby Teddy Bear 1-6 Ay Tulum - Fil Dişi,299.00
Civil Baby Güpürlü 6-18 Ay Tulum - Pudra,249.99
Civil Baby Aslan Empirmeli 6-18 Ay Tulum - Gri,299.00
Civil Baby Aslan Baskılı 2 Li 1-3 Ay Tulum - Kırmızı,199.99
Civil Baby Cute Toys Empirme 6-12 Ay Tulum - Sarı,199.99
Civil Baby Çıtır Çiçek Empirmeli 6-18 Ay Astronot - Ekru,699.00
Civil Baby Sulu Boya Hayvanlar Baskılı 6-18 Ay Tulum - Beyaz,249.99
Civil Baby Special Çiçek Baskılı 1-6 Ay Tulum - Fil Dişi,99.99
Civil Baby Cute Bear Baskılı 3-9 Ay Tulum - Bordo,479.00
Miniworld Kapşonlu Müslin 3-12 Ay Tulum - Turuncu,249.99
Civil Baby Ayıcık Baskılı 1-6 Ay Tulum - Ekru,249.99
Civil Baby Unicorn Baskılı 6-18 Ay Tulum - Pembe,379.00
Civil Baby Düz Basic 1-6 Ay Tulum - Mavi,149.99
Civil Baby Çizgi Empirmeli Dinozor Baskılı 6-18 Ay Slopet - Yeşil,399.00
Miniworld Little Tiger 2'in 1 Pack 3-12 Ay Tulum - Kahverengi,149.99
Civil Baby Ayıcık Nakışlı 1-6 Ay Tulum - Ekru,169.99
Civil Baby Butterfly Baskılı 3-9 Tulum - Lila,479.00
Civil Baby Adventure Awaıts Nakışlı Badili 6-18 Ay Slopet - Gri,399.00
Civil Baby Saç Örgülü Welsoftlu 6-18 Ay Tulum - Bej,399.00
Civil Baby Kulaklı Kapüşonlu 6-18 Ay Slopet - Turuncu,399.00
Civil Baby Roarrr Baskılı Nakışlı 3-12 Ay Erkek Şortlu Tulum - Yeşil,29.99
Civil Baby Kiraz Empirme 6-18 Ay Tulum - Fil Dişi,229.99
Civil Baby Korsan Ayıcık Baskılı 3-12 Ay Tulum - Haki,84.99
Civil Baby Hayvanlar Baskılı 1-6 Ay Tulum - Yeşil,139.99
Civil Baby Family Panda Baskılı 3-9 Ay Tulum - Yeşil,329.00
MiniDünya My First Fermuarlı 0-9 Ay Tulum - Gri,149.99
Civil Baby Çizgili 6-18 Ay Tulum - Turuncu,119.99
Civil Baby Kedi Kız Empirme Baskılı 1-6 Ay Tulum - Pembe,59.99
Civil Baby Papatya Nakışlı 6-18 Ay Tulum - Yeşil,149.99
Civil Baby Dinosaur Empirme 6-18 Ay Tulum - Yeşil,249.99
Civil Baby Süs Etiketli 6-18 Ay Tulum - Turuncu,299.00
Civil Baby Yandan Açılımlı Tiktak Band Detaylı 6-18 Ay Tulum - Bej,399.00
Minidamla Kız Ayı Tavşan Nakış Fermuarlı 1-6 Ay Tulum - Kahve,399.00
Civil Baby Kedi Baskılı 6-18 Ay Astronot - Gri,699.00
Civil Baby Fiyonklu Çiçek Baskılı 6-18 Ay Çıtçıtlı Badi - Kırmızı,169.99
İmaj Bebe Sevimli Sincap 3 lü 1-6 Ay Tulum - Pudra,179.99
Bebelinna Araba Nakışlı Kısa 1-3 Ay Tulum - Mavi,199.99
Civil Baby Timsah Baskılı 6-12 Ay Tulum - Kahverengi,299.00
Bugs Bunny Baskılı 6-18 Ay Tulum - Ekru,69.99
Civil Baby Hello World Baskılı 1-6 Ay Tulum - Bej,199.99
Civil Baby Süs Etiketli 6-18 Ay Tulum - Haki,49.99
Civil Baby Sunny Day Baskılı 2 Li 1-3 Ay Tulum - Pudra,199.99
Civil Baby Ayıcık Baskılı 6-18 Ay Tulum - Sarı,249.99
Civil Baby Zebra Empirme Baskılı 1-6 Ay Tulum - Fil Dişi,149.99
Aziz Bebe Kuğu Baskılı 0-3 Ay Tulum - Lila,229.99
Civil Baby Papyonlu Yelekli 1-6 Ay Tulum - Kahverengi,179.99
Civil Baby Kuğu Puanlı Empirme 6-18 Ay Tulum - Lila,299.00
Civil Baby Kalp Desenli 6-18 Ay Tulum - Pembe,299.00
Civil Baby Gökkuşağı Baskılı 6-18 Ay Tulum - Fil Dişi,79.99
Civil Baby Ayıcık Empirmeli 1-6 Ay Tulum - Bej,299.00
Civil Baby Dinozor Empirme 1-6 Ay Tulum - Haki,299.00
Civil Baby Basic 6-18 Ay Tulum - Lila,199.99
Bebelinna Yelekli Kareli 2 li 1-3 Ay Tulum - Lacivert,219.99
Civil Baby İskelet Baskılı 1-6 Ay Tulum - Siyah,199.99
Civil Baby Unicorn Empirmeli 6-18 Ay Astronot - Ekru,699.00
Civil Baby Aslan Bulut Baskılı 3-12 Ay Astronot - Ekru,599.00
Civil Baby Harf Nakışlı Kapşonlu 6-18 Ay Tulum - Yeşil,179.99
Minidamla Arabalı Ayılı 0-1 Ay Tulum - Mavi,99.99
Civil Baby Kalp Jakarlı 6-18 Ay Tulum - Pudra,349.00
Bugs Bunny Empirme Baskılı 1-9 Ay Tulum - Turuncu,189.99
Civil Baby Ayı Nakışlı 6-18 Ay Tulum - Bej,299.00
Civil Baby Aslan Baskılı 6-18 Ay Tulum - Yeşil,249.99
Civil Baby Dinazor Empirme Baskılı 1-6 Ay Tulum - Mavi,129.99
Civil Baby Adventure Time Empirme 6-18 Ay Tulum - Ekru,249.99
Civil Baby Düğmeli Cepli 6-18 Ay Tulum - Turuncu,109.99
Civil Baby Fil Empirme 6-18 Ay Tulum - Fil Dişi,229.99
Civil Baby Düğmeli 6-18 Ay Slopet - Bej,299.00
Civil Baby Araba Nakışlı 1-6 Ay Tulum - Yeşil,179.99
Buude Ayıcık Baskılı 6-18 Ay Tulum,119.99
Civil Baby Baby Tıger Baskılı 6-12 Ay Tulum - Bej,149.99
Civil Baby Meow Nakışlı 1-6 Ay Tulum - Ekru,299.00
Civil Baby Renkli 6-18 Ay Slopet - Bej,299.00
Civil Baby Yaka Dantelli 1-9 Ay Tulum - Bej,299.00
Civil Baby Güneş Etiketli 1-6 Ay Tulum - Kahverengi,149.99
Civil Baby Yakalı 6-18 Ay Slopet - Lacivert,499.00
Bugs Bunny Empirme Baskılı 1-9 Ay Tulum - Gri,189.99
Babycenter Penye Dreams 4 Lu Tulum Setı - Pembe,249.99
Civil Baby I Love Hugs Baskılı 1-6 Ay Tulum - Yeşil,199.99
Civil Baby Dinazor Baskılı 6-18 Ay Astronot - Gri,599.00
Civil Baby Renkli Çizgi Empirme Baskılı 1-6 Ay Tulum - Kahverengi,89.99
Civil Baby Çizgili Parçalı 1-6 Ay Tulum - Pudra,149.99
Aziz Çiçek Empirme Baskılı 0-24 Ay Tulum - Pembe,159.99
Civil Baby Sevimli Geometrik Hayvanlar Emp.1-6 Ay Tulum - Ekru,269.00
Aziz Bebe Kalp Nakışlı 0-3 Ay Tulum - Ekru,229.99
Civil Baby Harf Nakışlı Kapşonlu 6-18 Ay Tulum - Sarı,179.99
Civil Baby Çiçek Empirme Baskılı 1-6 Ay Tulum - Pudra,99.99
Civil Baby Dantel 6-18 Ay Tulum - Ekru,549.00
Civil Baby Fok Balığı Nakışlı 6-18 Ay Tulum - Mavi,299.00
Civil Baby Çiçek Desenli 6-18 Ay Tulum - Pembe,299.00
Civil Baby Gökkuşağı Etiketli 6-18 Ay Tulum - Fil Dişi,349.00
Miniworld Baby Club 3-12 Ay Tulum - Yeşil,69.99
Civil Baby Araba Empirme Baskılı 1-6 Ay Tulum - Kırmızı,89.99
Civil Baby Leopar Baskılı 2 Li 3-9 AY Tulum - Pembe,229.99
Civil Baby Fermuarlı 3-12 Ay Tulum - Pudra,129.99
Civil Baby Çiçek Empirme 6-18 Ay Tulum - Bej,199.99
Aziz Bebe Yaprak Desenli 0-3 Ay Tulum - Lila,149.99
Civil Baby Kedi Nakışlı 1-6 Ay Tulum - Kahverengi,179.99
Civil Baby Family Panda Baskılı 3-9 Ay Tulum - Turuncu,329.00
Civil Baby Mikro Cepli 6-18 Ay Tulum - Haki,299.00
Civil Baby Panda ve Hayvanlar Baskılı 3-9 Ay Tulum - Kahverengi,329.00
Civil Baby Kalp Empirme 6-18 Ay Tulum - Fil Dişi,129.99
Civil Baby Kedi Nakışlı 6-18 Ay Slopet - Lila,299.00
Tom and Jerry Sörf Baskılı 6-18 Ay Tulum - Mavi,249.99
Civil Baby Mantar Çiçek 6-18 Ay Tulum - Bej,299.00
Civil Baby Ayıcık Nakışlı 1-6 Ay Tulum - Kahverengi,269.00
Civil Baby Bebek Hayvanlar Empirme 6-18 Ay Tulum - Ekru,149.99
Civil Baby Balerin Empirme 1-9 Ay Tulum - Ekru,319.00
Civil Baby Sörfçü Martı Empirme 3-12 Ay Tulum - Ekru,24.99
Minidamla Balonlu Ayı Baskılı 0-3 Ay Tulum - Kahve,119.99
Civil Baby Omuz Fırfırlı 6-18 Ay Slopet - Turuncu,299.00
Civil Baby Kontrast Detaylı 6-18 Ay Slopet - Beyaz,699.00
Civil Baby Summer Palm Empirme 6-18 Ay Tulum - Sarı,249.99
Civil Baby Askılı 6-18 Ay Slopet - Kahve,399.00
Civil Baby Hello Panda Nakış 3-9 Ay Erkek Tulum - Mavi,149.99
Miniworld Little Tiger 2'in 1 Pack 3-12 Ay Tulum - Mavi,149.99
Bebetto Organic Stars and Koalas 3-6 Ay Tulum - Mavi,429.00
Civil Baby Araba Desenli Cepli 6-18 Ay Tulum - Yeşil,139.99
Civil Baby Çizgili 6-18 Ay Tulum - Gri,399.00
Civil Baby Ayıcık Baskılı 6-18 Ay Tulum - Yeşil,249.99
Civil Baby Cepli 6-18 Ay Slopet - Siyah,699.00
Beybek Düğmeli 3-12 Ay Tulum - Bej,199.99
Civil Baby Şortlu 6-18 Ay Tulum - Gri,149.99
Civil Baby Çizgili 6-18 Ay Tulum - Sarı,119.99
Minidamla Dinazor Baskılı 0-3 Ay Tulum - Yeşil,119.99
Civil Baby Meyve Empirme 6-18 Ay Tulum - Ekru,419.00
Civil Baby Çilek Baskılı 1-6 Ay Tulum - Ekru,229.99
Civil Baby Kaşkorse 1-6 Ay Tulum - Haki,199.99
Civil Baby Happy Bear Çizgili 1-6 Ay Tulum - Kahverengi,229.99
Civil Baby Ekose Ayılı 3-12 Ay Astranot - Ekru,249.99
Civil Baby Çizgi Raporlu 1-6 Ay Tulum - Pudra,349.00
Civil Baby 26 Baskılı 6-18 Ay Tulum - Bordo,349.00
Nenny Baby Litte Bear Baskılı 2 li 3-9 Ay Tulum - Kahverengi,149.99
Civil Baby Ceylan Empirmeli 6-18 Ay Tulum - Pudra,229.99
Civil Baby Panda Nakışlı 3-12 Ay Astronot - Kahve,299.00
Civil Baby Dinazor Baskılı 3-18 Ay Tulum - Yeşil,249.99
Miniworld Büyük Çiçekli 3-12 Ay Tulum - Turuncu,149.99
Civil Baby Civil Nakışlı 1-6 Ay Tulum - Yeşil,269.00
Minidamla Koala Düğmeli 3-12 Ay Tulum - Yeşil,129.99
Civil Baby Çiçek Tavşan Baskılı 2 Li 3-9 AY Tulum - Lila,229.99
Beybek Düğmeli 3-12 Ay Tulum - Ekru,149.99
Misket Araba Emp. Golf 1-6 Ay Tulum - Mavi,89.99
Civil Baby Yıldız Nakışlı 3-18 Ay Hırka - Mavi,399.00
Civil Baby Basic 6-18 Ay Yelek - Beyaz,119.99
Civil Baby Basic 6-18 Ay Yelek - Ekru,39.99
Civil Baby Timsah Empirme Baskılı 1-9 Ay Yelek - Yeşil,39.99
Civil Baby Happy Bear Çizgili 6-18 Ay Yelek - Mavi,129.99
Civil Baby Fiyonklu Cepli 6-18 Ay Yelek - Yeşil,99.99
Civil Baby Mobil Kulaklı Unicorn Nakışlı 6-18 Ay Hırka - Pembe,299.00
Pengim Dogshow Nakışlı 6-18 Ay Hırka - Siyah,149.99
Civil Baby Cepli 6-18 Ay Ceket - Haki,499.00
Civil Baby Renkli Parçalar Empirme 6-18 Ay Yelek - Pembe,99.99
Civil Baby Harf Nakışlı Cepli 6-18 Ay Yelek - Yeşil,79.99
Civil Baby Mikro 6-18 Ay Yelek - Gri,249.99
Civil Baby Crew Nakışlı 6-18 Ay Hırka - Bej,299.00
Civil Baby Cep Fiyonklu Yaka Fırfırlı 6-18 Ay Yelek - Pembe,169.99
Civil Baby Maymun Emprime Nakış 6-18 Ay Erkek Yelek - Hardal,119.99
Civil Baby Yıldız Empirme ve Fok Nakışlı 6-18 Ay Hırka - Mavi,249.99
Aziz Bebe Köpek Nakışlı 0-24 Ay Yelek - Lacivert,99.99
Civil Baby Cep Detaylı Kedi Nakışlı 6-18 Ay Yelek - Ekru,199.99
Civil Baby Bebe Yaka Fırfırlı Cepli 6-18 Ay Yelek - Pudra,119.99
Minidamla Armalı Kapitone 3-9 Ay Yelek - Mavi,49.99
Civil Baby Cute Toys Empirme 6-18 Ay Yelek - Sarı,129.99
Civil Baby Kurbağa Baskılı 3-18 Ay Yelek - Ekru,59.99
Civil Baby Triko Saç Örgü 3-18 Ay Yelek - Gri,99.99
Civil Baby Dino Roar Etiketli 3-18 Ay Yelek - Turuncu,89.99
Civil Baby Gökkuşağı Empirme 6-18 Ay Yelek - Bej,179.99
Civil Baby Parlak Puan Desenli 6-18 Ay Yelek - Pembe,99.99
Civil Baby Amazon Emprime Arma Baskı 6-18 Ay Yelek - Haki,99.99
Civil Baby Ekoseli Empirme 6-18 Ay Yelek - Pudra,99.99
Civil Baby Kabartmalı Yaprak Empirme 6-18 Ay Hırka - Fil Dişi,349.00
Civil Baby Cute Numbers 6-18 Ay Yelek - Fil Dişi,129.99
Beybek Kapşonlu Cepli 3-12 Ay Hırka - Mavi,149.99
Civil Baby Dino Baskılı 6-18 Ay Hırka - Fil Dişi,399.00
Civil Baby Zürafa Empirme Baskılı 6-18 Ay Yelek - Bej,99.99
Civil Baby M Nakışlı 6-18 Ay Yelek - Lacivert,149.99
Civil Baby Flower Mood 6-18 Ay Yelek - Pudra,299.00
Civil Baby Timsah Empirme Baskılı 1-9 Ay Yelek - Mavi,39.99
Civil Baby Tilki Tavşan Empirme Baskılı 1-9 Ay Yelek - Yeşil,49.99
Civil Baby Basıc 6-18 Ay Yelek - Bej,299.00
Civil Baby Kabartmalı Yaprak Empirme 6-18 Ay Yelek - Fil Dişi,169.99
Civil Baby Kalp Baskılı 6-18 Ay Hırka - Pudra,299.00
Civil Baby Ayıcık Nakışlı 1-9 Ay Yelek - Kahverengi,119.99
Civil Baby Dinozor Baskılı Cepli 6-18 Ay Yelek - Mavi,99.99
Civil Baby Hayvanlar Empirme Baskılı 1-9 Ay Yelek - Mavi,39.99
Civil Baby Kuzu Athletic Nakışlı 6-18 Ay Hırka - Yeşil,299.00
Civil Baby Düz Kapşonlu 6-18 Ay Yelek - Hardal,49.99
Civil Baby Çiçek Nakışlı 6-18 Ay Yelek - Yeşil,149.99
Civil Baby Little Sailors Baskılı 6-18 Ay Hırka - Kırık Beyaz,399.00
Nova Baby Yeşil Elma Kokulu 1-9 Ay Yelek - Ekru,149.99
Civil Baby Papatya Empirme 6-18 Ay Yelek - Hardal,99.99
Civil Baby Saç Örgülü 3-18 Ay Yelek - Bej,99.99
Misket Araba Empirme 1-9 Ay Yelek - Kahverengi,99.99
Civil Baby Ayıcık Baskılı 6-18 Ay Yelek - Pudra,119.99
Civil Baby Puan Baskılı 6-18 Ay Yelek - Yeşil,59.99
Civil Baby Civil Arma Etiketli 6-18 Ay Yelek - Kahverengi,229.99
Civil Baby Hayvan Baskılı 6-18 Ay Yelek - Yeşil,59.99
Civil Baby C Nakışlı 6-18 Ay Yelek - Lacivert,299.00
Civil Baby Renkli Parçalar Empirme 6-18 Ay Yelek - Yeşil,99.99
Civil Baby Fiyonklu 6-18 Ay Hırka - Pudra,299.00
Misket Araba Empirme 1-9 Ay Yelek - Mavi,99.99
Civil Baby Cvl Nakışlı 6-18 Ay Yelek - Lacivert,149.99
Civil Baby Baseball Baskılı 6-18 Ay Ceket - Haki,199.99
Civil Baby Çiçek Empirme 6-18 Ay Yelek - Yeşil,179.99
Civil Baby Basıc 6-18 Ay Yelek - Lacivert,299.00
Civil Baby Araba Empirme Baskılı 1-9 Ay Yelek - Mavi,29.99
Civil Baby Kapşonlu Fırfırlı 6-18 Ay Yelek - Bej,109.99
Civil Baby Kapşonlu Fırfırlı 6-18 Ay Yelek - Lila,109.99
Minidamla Harfli Kapitone 3-9 Ay Yelek - Gri,49.99
Civil Baby Kol Fırfırlı 6-18 Ay Hırka - Pembe,249.99
Minidamla Atlı Kapitone 3-9 Ay Yelek - Gri,49.99
Minidamla Bulutlu Kapitone 3-9 Ay Yelek - Pembe,49.99
Civil Baby Çiçek Empirme Baskılı 1-9 Ay Yelek - Ekru,49.99
Civil Baby Basic Düz 6-18 Ay Yelek - Lila,249.99
Civil Baby Tavşanlar Baskılı 6-18 Ay Yelek - Pembe,99.99
Civil Baby Tavşanlar Baskılı 6-18 Ay Yelek - Lila,99.99
Civil Baby Cep Detaylı Kedi Nakışlı 6-18 Ay Yelek - Pudra,199.99
Minidamla Ayılı Tavşanlı 1-9 Ay Yelek - Mavi,119.99
Civil Baby Noktalı Empirme Fırfırlı 3-12 Ay Yelek - Pudra,44.99
Civil Baby Dinozor Nakışlı 6-18 Ay Yelek - Yeşil,169.99
Civil Baby Papatya Baskılı 3-18 Ay Yelek - Sarı,89.99
Civil Baby Happy Ayıcık 6-18 Ay Yelek - Haki,129.99
Civil Baby Baklava Desen 6-18 Ay Yelek - Lacivert,199.99
Civil Baby Etiketli Basic 6-18 Ay Hırka - Kahverengi,399.00
Aziz Bebe Köpek Nakışlı 0-24 Ay Yelek - Yeşil,99.99
Civil Baby Basic 6-18 Ay Yelek - Mavi,119.99
Civil Baby Ayıcık Nakışlı 1-9 Ay Yelek - Pembe,119.99
Civil Baby Funny Safari 6-18 Ay Yelek - Kahverengi,249.99
Minidamla Ayılı Tavşanlı 1-9 Ay Yelek - Pembe,119.99
Aziz Bebe Kirpi Baskılı 0-24 Ay Yelek - Lila,99.99
Civil Baby Göğüs Ayıcık Baskılı 6-18 Ay Yelek - Kahverengi,79.99
Civil Baby Kalp Empirme 6-18 Ay Hırka - Pembe,299.00
Civil Baby Kapşonlu Kalp 6-18 Ay Yelek - Pudra,129.99
Civil Baby Baklava Desenli Cepli 3-18 Ay Yelek - Gri,49.99
Civil Baby Basic 6-18 Ay Yelek - Lila,149.99
Civil Baby C Nakışlı 6-18 Ay Yelek - Lacivert,249.99
Minidamla Ayılı Tavşanlı 1-9 Ay Yelek - Gri,119.99
Minidamla Ayı Nakışlı Kapşonlu 1-9 Ay Yelek - Mavi,299.00
Civil Baby Saç Örgülü 3-18 Ay Yelek - Mavi,99.99
Civil Baby Tilki Tavşan Empirme Baskılı 1-9 Ay Yelek - Mavi,49.99
Civil Baby Basic 6-18 Ay Yelek - Gri,39.99
Civil Baby Parlak Puan Desenli 6-18 Ay Yelek - Pembe,99.99
Civil Baby Yakalı Cepli 3-18 Ay Yelek - Bej,99.99
Civil Baby Mikro 6-18 Ay Yelek - Pembe,199.99
Civil Baby Basic 6-18 Ay Yelek - Pudra,119.99
Civil Baby Basic 6-18 Ay Yelek - Yeşil,119.99
Civil Baby Papyonlu Ayıcık 6-18 Ay Yelek - Pudra,79.99
Civil Baby Fiyonklu Cepli 6-18 Ay Yelek - Pudra,99.99
Civil Baby İnterlok Oturan Ayıcık Nakış 6-18 Ay Unisex Yelek - Pembe,59.99
Civil Baby Ayıcık Nakışlı 1-9 Ay Yelek - Mavi,119.99
Civil Baby Basic 6-18 Ay Yelek - Haki,99.99
Civil Baby Amazon Emprime Arma Baskı 6-18 Ay Yelek - Gri,99.99
Civil Baby İnterlok Gökyüzü Baskı 6-18 Ay Unisex Yelek - Ekru,119.99
Minidamla Armalı Kapitone 3-9 Ay Yelek - Gri,49.99
Civil Baby Mantar Çiçek 6-18 Ay Yelek - Bej,179.99
Civil Baby Çilek Baskı 6-18 Ay Yelek - Pembe,99.99
Civil Baby Örgü Desenli 3-18 Ay Yelek - Pudra,79.99
Civil Baby Unicorn Empirmeli 6-18 Ay Yelek - Ekru,249.99
Civil Baby Baseball Baskılı 6-18 Ay Ceket - Lacivert,199.99
Civil Baby Nakışlı Gabardin 9-18 Ay Ceket - Lila,499.00
Civil Baby Erkek Bebek Yelek 6-18 Ay - Ekru,99.99
Civil Baby 6-18 Ay Unısex Yelek - Ekru,149.99
Civil Baby Dino Roar Etiketli 3-18 Ay Yelek - Yeşil,89.99
Civil Baby Basic 6-18 Ay Yelek - Kahverengi,149.99
Minidamla Harfli Kapitone 3-9 Ay Yelek - Mavi,49.99
Civil Baby Kedi Baskılı 9-18 Ay Yelek - Pembe,49.99
Minidamla Ayılı Tavşanlı 1-9 Ay Yelek - Ekru,119.99
Civil Baby Kırık Çizgi Empirme Baskılı 1-9 Ay Yelek - Yeşil,39.99
Civil Baby Renkli Çizgi Empirme Baskılı 1-9 Ay Yelek - Mavi,39.99
Civil Baby Bulut 6-18 Ay Yelek - Ekru,249.99
Civil Baby Mobıl Kulaklı 6-18 Ay Hırka - Kahverengi,299.00
Civil Baby Basic Düz 6-18 Ay Yelek - Pembe,249.99
Minidamla Atlı Kapitone 3-9 Ay Yelek - Gri,49.99
Civil Baby Basic 6-18 Ay Yelek - Pembe,99.99
Civil Baby Basic 9-18 Ay Ceket - Lila,469.00
Civil Baby Çizgili 6-18 Ay Hırka - Lacivert,299.00
Civil Baby Lıttle Gamer 6-18 Ay Yelek - Yeşil,129.99
Civil Baby Ayıcık Nakışlı 1-9 Ay Yelek - Ekru,119.99
Civil Baby Erkek Bebek Hırka 6-18 Ay - Bej,299.00
Civil Baby Collage 6-18 Ay Ceket - Lila,199.99
Civil Baby Beautiful Nakışlı 9-18 Ay Yelek - Pembe,89.99
Civil Baby Zürafa Empirme Baskılı 1-9 Ay Yelek - Sarı,39.99
Civil Baby Maymun Emprime Nakış 6-18 Ay Erkek Yelek - Gri,119.99
Civil Baby Ekoseli Empirme 6-18 Ay Yelek - Yeşil,89.99
Civil Baby Ayıcık Nakışlı 6-18 Ay Yelek - Pembe,99.99
Civil Baby Jurassic Dino 3-12 Ay Yelek - Hardal,49.99
Civil Baby Bulut 6-18 Ay Yelek - Lila,249.99
Civil Baby Yaka Velsoftlu 6-18 Ay Yelek - Kahverengi,249.99
Civil Baby Kapüşonu Kulaklı 6-18 Ay Yelek - Kahverengi,299.00
Minidamla Raccoon Baskılı 1-9 Ay Yelek - Gri,69.99
Civil Baby Kapüşonu Kulaklı 6-18 Ay Yelek - Haki,299.00
Civil Baby Renkli 6-18 Ay Yelek - Hardal,99.99
Civil Baby Basic 6-18 Ay Yelek - Kırmızı,119.99
Civil Baby Basic Düz 6-18 Ay Yelek - Mavi,249.99
Civil Baby Basic 6-18 Ay Yelek - Mavi,99.99
Civil Baby Ayıcık Empirmeli 6-18 Ay Yelek - Kahve,249.99
Civil Baby Saç Örgülü 3-18 Ay Yelek - Sarı,99.99
Misket Kalpli Ayıcık Empirme 1-9 Ay Yelek - Pudra,99.99
Civil Baby İnterlok Oturan Ayıcık Nakış 6-18 Ay Unisex Yelek - Beyaz,59.99
Civil Baby Basic 6-18 Ay Yelek - Hardal,119.99
Civil Baby Fiyonklu 6-18 Ay Hırka - Bej,299.00
Beybek Kapşonlu Cepli 3-12 Ay Hırka - Gri,149.99
Civil Baby Gökkuşağı Empirme 6-18 Ay Yelek - Ekru,99.99
Civil Baby Saç Örgülü 3-18 Ay Yelek - Pembe,99.99
Civil Baby Kalp 6-18 Ay Yelek - Lila,129.99
Civil Baby Triko Saç Örgü 3-18 Ay Yelek - Mavi,99.99
Civil Baby 96 Nakışlı 6-18 Ay Hırka - Lacivert,299.00
Civil Baby Basic Fitilli 6-18 Ay Hırka - Lila,199.99
Civil Baby Basic 6-18 Ay Yelek - Pembe,119.99
Civil Baby Kalp Baskılı 6-18 Ay Hırka - Lila,449.00
Civil Baby Kalp Empirme Baskılı 1-9 Ay Yelek - Gri,39.99
Civil Baby Mikro 6-18 Ay Yelek - Lila,199.99
Civil Baby Renkli Çiçek Empirmeli 6-18 Ay Hırka - Ekru,299.00
Civil Baby Kol Fırfırlı 6-18 Ay Yelek - Yeşil,69.99
Civil Baby Yapraklı Çiçek 6-18 Ay Yelek - Ekru,79.99
Civil Baby Basic 6-18 Ay Yelek - Lila,119.99
Civil Baby Kol Ayıcık Nakışlı 6-18 Ay Hırka - Gri,299.00
Civil Baby Basic 9-18 Ay Ceket - Beyaz,469.00
Civil Baby Puanlı Kalp Empirme 6-18 Ay Yelek - Ekru,99.99
Civil Baby Basic 6-18 Ay Yelek - Pudra,39.99
Civil Baby Dalgalı Çizgi Empirmeli 6-18 Ay Yelek - Turuncu,129.99
Civil Baby Çizgi Kalp Empirme 6-18 Ay Yelek - Ekru,159.99
Civil Baby Örgü Desenli 3-18 Ay Yelek - Lila,79.99
Civil Baby Ayıcıklar Empirme 6-18 Ay Yelek - Fil Dişi,289.00
Civil Baby Basic 6-18 Ay Yelek - Pudra,119.99
Civil Baby Düğme Detaylı 6-18 Ay Yelek - Bej,199.99
Civil Baby Mikro 6-18 Ay Yelek - Pudra,199.99
Civil Baby Tavşan Çiçek Empirme Baskılı 1-9 Ay Yelek - Ekru,39.99
Civil Baby Ayıcık Nakışlı 6-18 Ay Yelek - Gri,169.99
Civil Baby Kapşonlu Kalp 6-18 Ay Yelek - Ekru,129.99
Civil Baby Yakalı Cepli 3-18 Ay Yelek - Gri,99.99
Civil Baby Saç Örgülü 3-18 Ay Yelek - Ekru,99.99
Civil Baby Baklava Desen 6-18 Ay Yelek - Bej,199.99
Civil Baby Örgü Desenli 3-18 Ay Yelek - Ekru,79.99
Civil Baby Basic 6-18 Ay Yelek - Kırmızı,149.99
Civil Baby Mikro 6-18 Ay Yelek - Bej,249.99
Civil Baby Jurassic Dino 3-12 Ay Yelek - Bej,49.99
Civil Baby Kuzu Athletic Nakışlı 6-18 Ay Hırka - Lacivert,299.00
Civil Baby Renkli Çizgi 6-18 Ay Yelek - Yeşil,199.99
Civil Baby Düz Kapşonlu 6-18 Ay Yelek - Lila,79.99
Tweety Puan Empirme 6-18 Ay Yelek - Ekru,249.99
Civil Baby Dinazor Empirme Baskılı 1-9 Ay Yelek - Pudra,59.99
Civil Baby Basic Fitilli 6-18 Ay Hırka - Lila,199.99
Civil Baby Yazı Nakışlı 6-18 Ay Hırka - Lacivert,299.00
Civil Baby Fiyonklu 6-18 Ay Hırka - Ekru,299.00
Civil Baby Mikro 6-18 Ay Yelek - Pembe,199.99
Minidamla Raccoon Baskılı 1-9 Ay Yelek - Mavi,69.99
Beybek Kapşonlu Cepli 3-12 Ay Hırka - Ekru,149.99
Civil Baby Çıtır Çiçek Empirmeli 6-18 Ay Yelek - Ekru,249.99
Civil Baby Düz Basic Kalpli 6-18 Ay Yelek - Pembe,319.00
Civil Baby Basic Düz 6-18 Ay Yelek - Ekru,249.99
Civil Baby Kamuflaj Desen 6-18 Ay Yelek - Mavi,129.99
Civil Baby Basic 6-18 Ay Yelek - Pembe,119.99
Civil Baby Mini Pati Empirme 6-18 Ay Yelek - Kahve,149.99
Civil Baby Dinazor Empirme Baskılı 1-9 Ay Yelek - Mavi,59.99
Beybek Kapşonlu Cepli 3-12 Ay Hırka - Mavi,149.99
Civil Baby Baklava Desenli Cepli 3-18 Ay Yelek - Mavi,49.99
Civil Baby Yakalı Cepli 3-18 Ay Yelek - Lacivert,99.99
Civil Baby Papatya 6-18 Ay Ceket - Lila,199.99
Civil Baby Dinazor Emprime Armalı 6-18 Ay Erkek Yelek - Haki,99.99
Minidamla Raccoon Baskılı 1-9 Ay Yelek - Ekru,69.99
Civil Baby Kapüşonlu Cepli 6-18 Ay Ceket - Siyah,499.00
Civil Baby Basic 6-18 Ay Yelek - Bej,99.99
Civil Baby Puanlı Empirme 6-18 Ay Yelek - Mavi,99.99
Civil Baby Kaşkorse Cepli 6-18 Ay Yelek - Bej,149.99
Civil Baby Kalp 6-18 Ay Yelek - Lila,129.99
Civil Baby Fiyonklu 6-18 Ay Hırka - Lila,299.00
Beybek Kapşonlu Cepli 3-12 Ay Hırka - Bej,149.99
Civil Baby Puan Kız Baskılı 3-18 Ay Yelek - Pudra,59.99
Civil Baby Dinozor Baskılı 6-18 Ay Hırka - Kahve,349.00
Civil Baby Ayıcık Baskılı 6-18 Ay Yelek - Kahverengi,49.99
Civil Baby Parlak Puan Desenli 6-18 Ay Yelek - Bej,99.99
Civil Baby Büyük Puan 6-18 Ay Yelek - Ekru,129.99
Beybek Kapşonlu Cepli 3-12 Ay Hırka - Ekru,149.99
Civil Baby Çiçek Baskılı 6-18 Ay Hırka - Yeşil,299.00
Civil Baby Kapüşonlu Cepli 6-18 Ay Ceket - Haki,499.00
Civil Baby Basıc 6-18 Ay Yelek - Yeşil,299.00
Civil Baby Kapşonlu Güneş Etiketli 6-18 Ay Yelek - Kahverengi,249.99
Civil Baby Basic Fitilli 6-18 Ay Hırka - Turuncu,199.99
Civil Baby Yıldız Nakışlı 3-18 Ay Hırka - Kahverengi,399.00
Civil Baby Kalp Baskılı 6-18 Ay Hırka - Lila,299.00
Civil Baby Düğmeli Triko 6-18 Ay Hırka - Bej,599.00
Beybek Kapşonlu Cepli 3-12 Ay Hırka - Bej,149.99
Civil Baby Ayıcık Nakışlı 6-18 Ay Yelek - Ekru,99.99
Civil Baby Baklava Desen 6-18 Ay Yelek - Haki,199.99
Civil Baby Fiyonklu 6-18 Ay Hırka - Siyah,299.00
Civil Baby Dinozor Empirme 6-18 Ay Yelek - Haki,149.99
Nova Baby Karpuz Kokulu 0-9 Ay Yelek - Ekru,149.99
Civil Baby Aslan Empirmeli 6-18 Ay Yelek - Hardal,249.99
Beybek Kapşonlu Cepli 3-12 Ay Hırka - Pembe,149.99
Civil Baby Yıldız Nakışlı 3-18 Ay Yelek - Mavi,229.99
Civil Baby Basic 6-18 Ay Yelek - Gri,399.00
Civil Baby İnterlok Gökyüzü Baskı 6-18 Ay Unisex Yelek - Mavi,119.99
Civil Baby Çiçek Empirme Baskılı 1-9 Ay Yelek - Pudra,49.99
Civil Baby Saç Örgülü 3-18 Ay Yelek - Mavi,99.99
Civil Baby Dinosaur Emprime 6-18 Ay Erkek Yelek - Bej,129.99
Civil Baby Korsan Baskılı 3-18 Ay Yelek - Gri,59.99
Civil Baby Beautiful Nakışlı 9-18 Ay Yelek - Lila,89.99
Civil Baby Çiçek Baskılı 6-18 Ay Yelek - Bej,199.99
Civil Baby Kapüşonlu 6-18 Ay Hırka - Haki,399.00
Minidamla Ayı Nakışlı 1-9 Ay Yelek - Gri,299.00
Civil Baby Renkli Çizgi Empirme Baskılı 1-9 Ay Yelek - Kahverengi,39.99
Minidamla Armalı Kapitone 3-9 Ay Yelek - Gri,49.99
Civil Baby Palmiye Baskılı 6-18 Ay Hırka - Yeşil,399.00
Civil Baby Basic 6-18 Ay Yelek - Yeşil,119.99
Civil Baby Çiçek Nakışlı 6-18 Ay Hırka - Ekru,299.00
Civil Baby Little And Pretty 6-18 Ay Yelek - Pembe,169.99
Civil Baby Mini Çiçek Empirme 6-18 Ay Yelek - Lila,129.99
Civil Baby Beautiful Nakışlı 9-18 Ay Yelek - Gri,89.99
Civil Baby Yapraklı Çiçek 6-18 Ay Yelek - Lacivert,79.99
Civil Baby Basic Düz 6-18 Ay Yelek - Haki,249.99
Civil Baby Kedi Baskılı 9-18 Ay Pelerin - Pembe,99.99
Civil Baby Kapşonlu Maymun 6-18 Ay Yelek - Hardal,79.99
Civil Baby Basic Düz 6-18 Ay Yelek - Gri,249.99
Civil Baby Desenli 1-9 Ay Yelek - Ekru,299.00
Civil Baby Basic 6-18 Ay Yelek - Pembe,119.99
Minidamla Bulutlu Kapitone 3-9 Ay Yelek - Gri,49.99
Civil Baby Saç Örgülü 3-18 Ay Yelek - Ekru,99.99
Civil Baby Basic 6-18 Ay Yelek - Gri,299.00
Civil Baby Meyve ve Sebze Empirme Baskılı 6-18 Ay Yelek - Kahve,149.99
Civil Baby Sleepy Bear Empirme 6-18 Ay Yelek - Bej,149.99
Civil Baby Winter Flower 6-18 Ay Yelek - Pembe,149.99
Civil Baby Tavşan Kulak Kapüşonlu 6-18 Ay Hırka - Lila,299.00
Misket Tren Empirme 1-9 Ay Yelek - Mavi,99.99
Civil Baby Flamlı 6-18 Ay Yelek - Lila,119.99
Civil Baby Dalgalı Çizgi Empirmeli 6-18 Ay Yelek - Gri,129.99
Civil Baby Ayıcık Nakışlı 6-18 Ay Yelek - Gri,99.99
Civil Baby Ayıcık Baskılı 6-18 Ay Yelek - Haki,49.99
Civil Baby Dinazor Emprime Armalı 6-18 Ay Erkek Yelek - Gri,99.99
Civil Baby Puanlı Empirme 6-18 Ay Yelek - Pembe,99.99
Civil Baby Çiçek 3-12 Ay Yelek - Fil Dişi,49.99
Civil Baby Mikro 6-18 Ay Yelek - Kahverengi,249.99
Civil Baby Çilek Baskı 6-18 Ay Yelek - Ekru,99.99
Civil Baby Saç Örgülü 3-18 Ay Yelek - Lila,99.99
Civil Baby Yakalı Cepli 3-18 Ay Yelek - Haki,99.99
Civil Baby Hayvanlar Empirme Baskılı 1-9 Ay Yelek - Ekru,39.99
Civil Baby Geyik Empirme 6-18 Ay Yelek - Fil Dişi,249.99
Minidamla Ayı Nakışlı Kapşonlu 1-9 Ay Yelek - Gri,299.00
Civil Baby Happy Bear Çizgili 6-18 Ay Yelek - Kahverengi,129.99
Nova Baby Çilek Kokulu 1-9 Ay Yelek - Ekru,149.99
Civil Baby Düz Kapşonlu 6-18 Ay Yelek - Ekru,79.99
Civil Baby Bebe Yaka 6-18 Ay Bolero - Mavi,249.99
Civil Baby Basic 6-18 Ay Yelek - Mavi,119.99
Minidamla Ayılı Kapitone 3-9 Ay Yelek - Mavi,49.99
Civil Baby Little Flower Empirme 6-18 Ay Yelek - Fil Dişi,249.99
Civil Baby Basic Fitilli 6-18 Ay Hırka - Hardal,199.99
Civil Baby Tavşan Nakışlı 3-12 Ay Yelek - Kahverengi,49.99
Civil Baby Basic 6-18 Ay Hırka - Lacivert,299.00
Civil Baby Kardan Adam Empirmeli 6-18 Ay Yelek - Bej,249.99
Civil Baby Ayıcık Nakışlı 6-18 Ay Yelek - Mavi,99.99
Civil Baby Kalp Jakarlı 6-18 Ay Yelek - Pudra,169.99
Civil Baby Hello Ayıcık Nakışlı 6-18 Ay Yelek - Mavi,179.99
Civil Baby Yıldız Nakışlı 3-18 Ay Hırka - Ekru,399.00
Civil Baby Nakışlı Gabardin 9-18 Ay Ceket - Pudra,499.00
Misket Araba Empirme 1-9 Ay Yelek - Kırmızı,99.99
Civil Baby Limon Baskılı 6-18 Ay Yelek - Pudra,69.99
Civil Baby Papyonlu Ayıcık 6-18 Ay Yelek - Lacivert,79.99
Civil Baby Happy Ayıcık 6-18 Ay Yelek - Kahverengi,129.99
Civil Baby Civil Basic Timeless Kapüşonlu 6-18 Ay Yelek - Kahverengi,249.99
Civil Baby Meyve Ve Sebze Empirme Baskılı 1-9 Ay Yelek - Kırmızı,39.99
Civil Baby Dinazor 6-18 Ay Yelek - Hardal,129.99
Civil Baby Basic 6-18 Ay Yelek - Pembe,119.99
Minidamla Ayı Nakışlı 1-9 Ay Yelek - Mavi,299.00
Civil Baby Kaşkorse Cepli 6-18 Ay Yelek - Haki,149.99
Civil Baby Yıldız Nakışlı 3-18 Ay Yelek - Kahverengi,229.99
Civil Baby Kare Ceplı Nakışlı 6-18 Ay Hırka - Yeşil,299.00
Civil Baby Baklava Desenli Cepli 3-18 Ay Yelek - Yeşil,49.99
Civil Baby Basic Düz 6-18 Ay Yelek - Pembe,249.99
Civil Baby Aslan Empirme Baskılı 1-9 Ay Yelek - Mavi,49.99
Civil Baby Kalp Zürafa 6-18 Ay Yelek - Fil Dişi,149.99
Civil Baby Triko Saç Örgü 3-18 Ay Yelek - Ekru,99.99
Civil Baby Winter Flower 6-18 Ay Yelek - Pudra,149.99
Civil Baby Araba Empirme 6-18 Ay Yelek - Bej,99.99
Civil Baby Bulut Baskılı Cepli 6-18 Ay Yelek - Lila,99.99
Civil Baby Mantar Çiçek 6-18 Ay Yelek - Lila,179.99
Civil Baby Romantik Çiçek 6-18 Ay Yelek - Bej,99.99
Civil Baby Papatya Baskılı 3-18 Ay Yelek - Yeşil,89.99
Civil Baby Düz Kapşonlu 6-18 Ay Yelek - Lacivert,49.99
Civil Baby Kalp Desenli 6-18 Ay Yelek - Pembe,149.99
Civil Baby Araba Empirme Baskılı 1-9 Ay Yelek - Kırmızı,39.99
Civil Baby İnterlok Oturan Ayıcık Nakış 6-18 Ay Unisex Yelek - Mavi,59.99
The Flıntstones 6-18 Ay Hırka - Kahverengi,299.00
Civil Baby Triko Saç Örgü 3-18 Ay Yelek - Kahverengi,99.99
Civil Baby Flamlı 6-18 Ay Yelek - Turuncu,119.99
Civil Baby Büyük Puan 6-18 Ay Yelek - Lila,129.99
Civil Baby Renkli Hayvanlar Empirme 6-18 Ay Yelek - Ekru,89.99
Civil Baby İnterlok Gökyüzü Baskı 6-18 Ay Unisex Yelek - Sarı,119.99
Civil Baby Yaka Dantelli 6-18 Ay Hırka - Bej,229.99
Civil Baby Mini Pati Empirme 6-18 Ay Hırka - Kahve,249.99
Civil Baby Taşıtlar Baskılı 6-18 Ay Yelek - Mavi,79.99
Civil Baby Civil Basic Kalp Etiketli Kapüşonlu 6-18 Ay Hırka - Ekru,399.00
Civil Baby Basic 6-18 Ay Yelek - Pudra,119.99
Civil Baby Yaka Dantelli 6-18 Ay Hırka - Pembe,229.99
Minidamla Atlı Kapitone 3-9 Ay Yelek - Bej,49.99
Civil Baby Basic 6-18 Ay Yelek - Bej,149.99
Civil Baby Harf Nakışlı Cepli 6-18 Ay Yelek - Sarı,79.99
Civil Baby Puan Kız Baskılı 3-18 Ay Yelek - Kırmızı,59.99
Civil Baby Hello Ayıcık Nakışlı 6-18 Ay Yelek - Haki,179.99
Civil Baby Araba Empirme Baskılı 1-9 Ay Yelek - Mavi,39.99
Civil Baby Çiçek Empirme 6-18 Ay Yelek - Pembe,179.99
Civil Baby Taşıtlar Baskılı 6-18 Ay Yelek - Kırmızı,79.99
Civil Baby Lıttle Gamer 6-18 Ay Yelek - Kırmızı,129.99
Civil Baby Dinazor Empirme Baskılı 1-9 Ay Yelek - Pembe,59.99
Civil Baby Basic 6-18 Ay Yelek - Pembe,99.99
Civil Baby Kış Çiçeği Baskılı 6-18 Ay Hırka - Bej,449.00
Civil Baby Dinozor Empirmeli 6-18 Ay Hırka - Ekru,299.00
Civil Baby Cep Ve Fermuarlı 9-18 Ay Ceket - Siyah,299.00
Civil Baby Civil Basic Kalp Etiketli Kapüşonlu 6-18 Ay Hırka - Pembe,399.00
Civil Baby Yıldız Nakışlı 3-18 Ay Yelek - Ekru,229.99
Civil Baby Kapşonlu Maymun 6-18 Ay Yelek - Gri,79.99
Civil Baby Baskı- Nakışlı 6-18 Ay Hırka - Lacivert,399.00
Civil Baby Aslan Empirme Baskılı 6-18 Ay Yelek - Hardal,99.99
Civil Baby 6-18 Ay Unısex Yelek - Hardal,149.99
Civil Baby Basic 6-18 Ay Yelek - Sarı,119.99
Civil Baby Bahar 6-18 Ay Yelek - Lila,249.99
Minidamla Geyikli Kelebekli Kapitone 3-9 Ay Yelek - Gri,49.99
Civil Baby Basic 6-18 Ay Yelek - Fusya,119.99
Civil Baby Bulut 6-18 Ay Yelek - Lila,249.99
Civil Baby Kuzu Parçalı 6-18 Ay Yelek - Lacivert,299.00
Civil Baby Dinazor 6-18 Ay Yelek - Haki,129.99
Civil Baby Çiçek Empirme Baskılı 1-9 Ay Yelek - Pudra,39.99
Minidamla Geyikli Kelebekli Kapitone 3-9 Ay Yelek - Pembe,49.99
Civil Baby Ayıcık Empirmeli 6-18 Ay Yelek - Bej,249.99
Civil Baby Süs Etiketli 6-18 Ay Yelek - Ekru,69.99
Civil Baby Düz 6-18 Ay Ceket - Mavi,469.00
Civil Baby Çizgi Raporlu 6-18 Ay Yelek - Pudra,299.00
Beybek Kapşonlu Cepli 3-12 Ay Hırka - Pembe,149.99
Civil Baby Dinosaur Emprime 6-18 Ay Erkek Yelek - Haki,129.99
Civil Baby Ayıcık Baskılı 6-18 Ay Yelek - Bej,119.99
Civil Baby Roar Dino 6-18 Ay Yelek - Turuncu,79.99
Minidamla Atlı Kapitone 3-9 Ay Yelek - Mavi,49.99
Tafyy Kapüşonlu 3-9 Ay Hırka - Ekru,299.00
Civil Baby Zürafa Empirme Baskılı 1-9 Ay Yelek - Pudra,39.99
Civil Baby C Nakışlı 6-18 Ay Yelek - Yeşil,299.00
Civil Baby Civil Arma Etiketli 6-18 Ay Yelek - Sarı,229.99
Civil Baby Kedi Çiçek Empirme Baskılı 1-9 Ay Yelek - Pembe,49.99
Minidamla Geyikli Kelebekli Kapitone 3-9 Ay Yelek - Bej,49.99
Civil Baby Yazı Nakışlı 6-18 Ay Hırka - Bordo,299.00
Civil Baby Çiçek Baskılı 6-18 Ay Hırka - Bej,299.00
Civil Baby Cvl Team 6-18 Ay Ceket - Pembe,149.99
Civil Baby Düz 6-18 Ay Ceket - Mavi,469.00
Civil Baby Renkli 6-18 Ay Yelek - Kırmızı,99.99
Civil Baby Kırık Çizgi Empirme Baskılı 1-9 Ay Yelek - Sarı,39.99
Aziz Bebe Gemi Desenli 1-18 Ay Yelek - Bej,99.99
Civil Baby Düz Welsoftlu 6-18 Ay Ceket - Mavi,399.00
Misket Tren Empirme 1-9 Ay Yelek - Sarı,99.99
Civil Baby Geyik Empirme 6-18 Ay Yelek - Pudra,249.99
Civil Baby Kamuflaj Desen 6-18 Ay Yelek - Gri,129.99
Civil Baby 6-18 Ay Unısex Yelek - Pembe,149.99
Civil Baby Kadife Garnili 6-18 Ay Yelek - Kahverengi,129.99
Civil Baby 86 Baskılı 6-18 Ay Hırka - Bej,449.00
Pengim Dogshow Nakışlı 6-18 Ay Hırka - Lacivert,149.99
Civil Baby Puanlı Empirme 6-18 Ay Yelek - Ekru,99.99
Civil Baby Ayıcık Nakışlı 1-9 Ay Yelek - Gri,119.99
Civil Baby Çizgili 6-18 Ay Hırka - Kırmızı,299.00
Civil Baby Meyve Ve Sebze Empirme Baskılı 1-9 Ay Yelek - Pembe,39.99
Civil Baby Teddy Bear 6-18 Ay Yelek - Fil Dişi,99.99
Civil Baby Parlak Puan Desenli 6-18 Ay Yelek - Pudra,99.99
Civil Baby Basic 6-18 Ay Yelek - Yeşil,119.99
Aziz Bebe Köpek Nakışlı 0-24 Ay Yelek - Kırmızı,99.99
Civil Baby 6-18 Ay Unısex Yelek - Pembe,149.99
Civil Baby Kedi Empirme 6-18 Ay Yelek - Bej,179.99
Civil Baby Basic 6-18 Ay Yelek - Mavi,39.99
Civil Baby 6-18 Ay Unısex Yelek - Yeşil,149.99
Minidünya Discover 6-18 Ay Hırka - Hardal,149.99
Minidamla Ayılı Kapitone 3-9 Ay Yelek - Gri,49.99
Civil Baby Nakışlı 9-18 Ay Ceket - Mavi,399.00
Civil Baby Fiyonklu Cepli 6-18 Ay Yelek - Gri,99.99
Civil Baby Basic 6-18 Ay Yelek - Hardal,99.99
Civil Baby Saç Örgülü 3-18 Ay Yelek - Pembe,99.99
Civil Baby Basic 6-18 Ay Yelek - Ekru,119.99
Civil Baby Çiçek 3-12 Ay Yelek - Lila,49.99
Civil Baby Hayvanlar Empirme Baskılı 1-9 Ay Yelek - Haki,39.99
Civil Baby İnterlok Oturan Ayıcık Nakış 6-18 Ay Unisex Yelek - Ekru,59.99
Civil Baby Kedi Baskılı 6-18 Ay Yelek - Kahve,179.99
Beybek Kapşonlu Cepli 3-12 Ay Hırka - Gri,149.99
Civil Baby Cute Rabbit Nakışlı 6-18 Ay Yelek - Pembe,99.99
Civil Baby Mini Çiçek Empirme 6-18 Ay Yelek - Beyaz,129.99
Civil Baby Mikro 6-18 Ay Yelek - Kahverengi,249.99
Civil Baby Triko Saç Örgü 3-18 Ay Yelek - Pembe,99.99
Civil Baby Korsan Baskılı 3-18 Ay Yelek - Lacivert,59.99
Civil Baby Çizgi Raporlu 6-18 Ay Yelek - Lila,299.00
Civil Baby Bebe Yaka Fırfırlı Cepli 6-18 Ay Yelek - Pudra,119.99
Minidamla Geyikli Kelebekli Kapitone 3-9 Ay Yelek - Ekru,49.99
Civil Baby Basic 6-18 Ay Yelek - Ekru,99.99
Civil Baby Fare 6-18 Ay Yelek - Ekru,79.99
Civil Baby Araba Aplikeli 6-18 Ay Yelek - Kahverengi,149.99
Civil Baby Boom Empirme Baskılı 3-18 Ay Yelek - Kahverengi,49.99
Civil Baby Fiyonklu 6-18 Ay Hırka - Siyah,399.00
Civil Baby Civil Arma Etiketli 6-18 Ay Yelek - Gri,229.99
Civil Baby Kadife Garnili 6-18 Ay Yelek - Kahverengi,129.99
Civil Baby Dinozor Baskılı Cepli 6-18 Ay Yelek - Kahverengi,99.99
Civil Baby Düz Basic Kalpli 6-18 Ay Yelek - Bej,319.00
Civil Baby Mikro 6-18 Ay Yelek - Haki,249.99
Civil Baby Fiyonklu 6-18 Ay Hırka - Lila,299.00
Civil Baby Triko Saç Örgü 3-18 Ay Yelek - Sarı,99.99
Civil Baby Happy Ayıcık Nakışlı 6-18 Ay Yelek - Ekru,99.99
Civil Baby Cep Nakış Detaylı 6-18 Ay Hırka - Ekru,299.00
Civil Baby Basic 6-18 Ay Yelek - Bordo,149.99
Civil Baby Palmiye Baskılı 6-18 Ay Hırka - Bej,399.00
Civil Baby Happy Ayıcık Nakışlı 6-18 Ay Yelek - Mavi,99.99
Civil Baby İnterlok Gökyüzü Baskı 6-18 Ay Unisex Yelek - Pembe,119.99
Civil Baby Basic 6-18 Ay Yelek - Lila,99.99
Civil Baby Aslan Empirme Baskılı 6-18 Ay Yelek - Bej,99.99
Civil Baby Civil Basic Kalp Etiketli Kapüşonlu 6-18 Ay Hırka - Lila,399.00
Civil Baby Tavşan Nakışlı 3-12 Ay Yelek - Yeşil,49.99
Civil Baby Kabartmalı Ayıcık Baskılı 6-18 Ay Yelek - Bej,249.99
Civil Baby Tavşan Çiçek Empirme Baskılı 1-9 Ay Yelek - Pudra,39.99
Civil Baby Basic 6-18 Ay Yelek - Lacivert,299.00
Civil Baby Basic Düz 6-18 Ay Yelek - Kahverengi,249.99
Civil Baby Çadır Empirme Baskılı 1-9 Ay Yelek - Yeşil,49.99
Civil Baby Kedi Baskılı 9-18 Ay Pelerin - Gri,99.99
Civil Baby Kapşonlu Güneş Etiketli 6-18 Ay Yelek - Kahverengi,249.99
Civil Baby Gökkuşağı Empirme 6-18 Ay Yelek - Pudra,99.99
Civil Baby Kedi Çiçek Empirme Baskılı 1-9 Ay Yelek - Pudra,49.99
Civil Baby Basic 6-18 Ay Yelek - Pembe,149.99
Civil Baby Bulut 6-18 Ay Yelek - Lila,249.99
Civil Baby Civil Arma Etiketli 6-18 Ay Yelek - Yeşil,229.99
Civil Baby Araba Empirme Baskılı 1-9 Ay Yelek - Mavi,29.99
Civil Baby Çiçek Nakışlı 6-18 Ay Pelerin - Yeşil,299.00
Civil Baby Lıttle Gamer 6-18 Ay Yelek - Sarı,129.99
Civil Baby Civil Basic Kalp Etiketli Kapüşonlu 6-18 Ay Hırka - Bej,399.00
Civil Baby Kedi Köpek 6-18 Ay Yelek - Bej,249.99
Civil Baby Cep Kalp Nakışlı 6-18 Ay Yelek - Pembe,179.99
Civil Baby Boom Empirme Baskılı 3-18 Ay Yelek - Gri,49.99
Civil Baby Flamlı 6-18 Ay Yelek - Lacivert,119.99
Minidamla Raccoon Baskılı 1-9 Ay Yelek - Siyah,69.99
Civil Baby Çizgi Empirme 6-18 Ay Yelek - Bej,189.99
Civil Baby Kuzu Parçalı 6-18 Ay Hırka - Lacivert,299.00
Civil Baby Kuğu Puanlı Empirme 6-18 Ay Hırka - Lila,249.99
Civil Baby Noktalı Empirme Fırfırlı 3-12 Ay Yelek - Hardal,44.99
Civil Baby Cvl Nakışlı 6-18 Ay Yelek - Bej,149.99
Civil Baby Bulut Baskılı Cepli 6-18 Ay Yelek - Pudra,99.99
Civil Baby Roar Dino 6-18 Ay Yelek - Yeşil,79.99
Civil Baby Dinozor Empirme 6-18 Ay Hırka - Haki,299.00
Civil Baby Garnili 6-18 Ay Yelek - Bej,99.99
Civil Baby Tavşan Baskılı 3-18 Ay Yelek - Pudra,49.99
Civil Baby Göğüs Ayıcık Baskılı 6-18 Ay Yelek - Ekru,79.99
Minidünya Discover 6-18 Ay Hırka - Yeşil,149.99
Civil Baby Basic 6-18 Ay Yelek - Gri,119.99
Civil Baby Garnili 6-18 Ay Yelek - Haki,99.99
Civil Baby Dino Baskılı 6-18 Ay Hırka - Bej,399.00
Minidamla Geyikli Kelebekli Kapitone 3-9 Ay Yelek - Pudra,49.99
Civil Baby Aslan Empirme Baskılı 1-9 Ay Yelek - Pudra,49.99
Civil Baby Çadır Empirme Baskılı 1-9 Ay Yelek - Mavi,49.99
Civil Baby İnterlok Gökyüzü Baskı 6-18 Ay Unisex Yelek - Mavi,119.99
Civil Baby Civil Basic Timeless Kapüşonlu 6-18 Ay Hırka - Gri,299.00
Civil Baby Kapüşonlu 6-18 Ay Hırka - Kahverengi,399.00
Civil Baby Cute Numbers 6-18 Ay Yelek - Sarı,129.99
Civil Baby Tramlı Kalp Empirme 6-18 Ay Yelek - Pembe,149.99
Civil Baby Araba Empirme 6-18 Ay Yelek - Gri,99.99
Civil Baby Çiçek Nakışlı 6-18 Ay Pelerin - Bej,299.00
Civil Baby Fare 6-18 Ay Yelek - Pembe,79.99
Civil Baby Ekoseli Empirme 6-18 Ay Yelek - Lila,99.99
Civil Baby Ekoseli Empirme 6-18 Ay Yelek - Bebe Mavi,89.99
Civil Baby Basıc 6-18 Ay Yelek - Pembe,299.00
Civil Baby Papatya Empirme 6-18 Ay Yelek - Yeşil,99.99
Civil Baby Tavşan Baskılı 3-18 Ay Yelek - Yeşil,49.99
Civil Baby Dinazor Empirme Baskılı 1-9 Ay Yelek - Yeşil,59.99
Civil Baby Meyve ve Sebze Empirme Baskılı 6-18 Ay Yelek - Pembe,149.99
Civil Baby Cute Rabbit Nakışlı 6-18 Ay Yelek - Ekru,99.99
Civil Baby Basic 6-18 Ay Yelek - Bej,119.99
Civil Baby Renkli Çizgi 6-18 Ay Yelek - Turuncu,199.99
Minidamla Raccoon Baskılı 1-9 Ay Yelek - Bej,69.99
Civil Baby Basic 9-18 Ay Ceket - Pembe,469.00
Civil Baby İnterlok Gökyüzü Baskı 6-18 Ay Unisex Yelek - Yeşil,119.99
Civil Baby Cutıe Nakışlı 6-18 Ay Hırka - Pembe,299.00
Civil Baby Renkli Baskılı 6-18 Ay Yağmurluk - Beyaz,249.99
Civil Baby Kürklü 6-18 Ay Mont - Haki,599.00
Civil Baby Tavşan Kulak Nakışlı 6-18 Ay Mont - Kırmızı,599.00
Civil Baby Wild Roar 6-18 Ay Yağmurluk - Mavi,249.99
Civil Baby Unicorn Empirme 6-18 Ay Yağmurluk - Lacivert,149.99
Civil Baby Adventure Nakışlı 6-18 Ay Yağmurluk - Yeşil,249.99
Civil Baby Cepli 6-18 Ay Mont - Mavi,399.00
Civil Baby Basic 6-18 Ay Mont - Bej,999.00
Civil Baby Çıtır Çiçek Empirmeli 6-18 Ay Yağmurluk - Ekru,399.00
Civil Baby Düz 6-18 Ay Mont - Pembe,399.00
Civil Baby Düz 6-18 Ay Mont - Kırmızı,399.00
Minidamla Ayı Nakışlı Kapşonlu Mont 1-9 Ay Hırka - Mavi,299.00
Civil Baby Kardan Adam Empirmeli 6-18 Ay Yağmurluk - Bej,399.00
Civil Baby Cepli 6-18 Ay Mont - Bej,399.00
Civil Baby Adventure Nakışlı 6-18 Ay Yağmurluk - Mavi,249.99
Civil Baby Cool Baskılı 6-18 Ay Yağmurluk - Bej,499.00
Civil Baby Panda Empirme 6-18 Ay Yağmurluk - Yeşil,149.99
Civil Baby Basic 6-18 Ay Mont - Pembe,999.00
Civil Baby Dalgalı Desen Cepli 6-18 Ay Mont - Ekru,399.00
Civil Baby Kürklü 6-18 Ay Mont - Hardal,599.00
Civil Baby Kalp Baskılı 6-18 Ay Yağmurluk - Lila,199.99
Civil Baby Unicorn Empirme 6-18 Ay Yağmurluk - Pudra,149.99
Civil Baby Yelken Baskılı 6-18 Ay Yağmurluk - Lacivert,249.99
Civil Baby Çiçek Baskılı 6-18 Ay Yağmurluk - Pembe,199.99
Civil Baby Kaplan Empirmeli 6-18 Ay Yağmurluk - Gri,399.00
Civil Baby Kürklü 6-18 Ay Mont - Bej,599.00
Civil Baby Cepli 6-18 Ay Mont - Kahverengi,399.00
Civil Baby Çiçek Empirmeli 6-18 Ay Yağmurluk - Pudra,249.99
Civil Baby Cepli 6-18 Ay Mont - Pembe,399.00
Civil Baby Çiçek Baskılı 6-18 Ay Yağmurluk - Pembe,649.00
Civil Baby Roba Ve Cepleri Kürklü 6-18 Ay Mont - Pembe,599.00
Civil Baby Baklava Desen 6-18 Ay Mont - Hardal,399.00
Civil Baby Hayvan Baskılı 6-18 Ay Yağmurluk - Gri,249.99
Civil Baby Düz 6-18 Ay Mont - Fusya,399.00
Civil Baby Basic 6-18 Ay Mont - Bej,999.00
Civil Baby Basic 6-18 Ay Mont - Mavi,999.00
Civil Baby Dinazor 6-18 Ay Mont - Haki,599.00
Civil Baby Cepli 6-18 Ay Mont - Yeşil,399.00
Civil Baby Unicorn Empirmeli 6-18 Ay Yağmurluk - Ekru,399.00
Civil Baby Superman Empirme 6-18 Ay Yağmurluk - Lacivert,99.99
Civil Baby Düz 6-18 Ay Mont - Lila,399.00
Civil Baby Cepli 6-18 Ay Mont - Turuncu,399.00
Civil Baby Cepli 6-18 Ay Mont - Kahverengi,399.00
Civil Baby Çiçek Empirmeli 6-18 Ay Yağmurluk - Beyaz,249.99
Civil Baby Parçalı 9-18 Ay Yağmurluk - Haki,149.99
Civil Baby Yazı Baskılı 6-18 Ay Mont - Siyah,899.00
Civil Baby Cepli 6-18 Ay Mont - Haki,399.00
Civil Baby Kapitone 6-18 Ay Mont - Bej,499.00
Civil Baby Çiçek Baskı 6-18 Ay Yağmurluk - Yeşil,499.00
Civil Baby Tavşan Kulak Nakışlı 6-18 Ay Mont - Haki,599.00
Civil Baby Çiçek Baskılı İçi Polarlı 6-18 Ay Yağmurluk - Ekru,499.00
Civil Baby Basic 6-18 Ay Mont - Yeşil,999.00
Civil Baby Basic 6-18 Ay Mont - Lacivert,999.00
Civil Baby Çiçek Baskılı 6-18 Ay Yağmurluk - Lila,199.99
Civil Baby Blok Renkli İçi Polarlı 6-18 Ay Yağmurluk - Haki,499.00
Civil Baby Dinazor Baskılı 6-18 Ay Yağmurluk - Haki,199.99
Civil Baby Deniz Kızı Baskılı 6-18 Ay Yağmurluk - Ekru,649.00
Civil Baby Cepli 6-18 Ay Mont - Turuncu,399.00
Civil Baby Çoban Düğme 6-18 Ay Mont - Kahverengi,599.00
Civil Baby Dinazor 6-18 Ay Yağmurluk - Lacivert,499.00
Civil Baby Cepli 6-18 Ay Mont - Bordo,399.00
Civil Baby Yelken Baskılı 6-18 Ay Yağmurluk - Sarı,249.99
Civil Baby Baklava Desen 6-18 Ay Mont - Ekru,399.00
Civil Baby Pelüş Kulaklı 6-18 Ay Mont - Lacivert,999.00
Civil Baby Düz 6-18 Ay Mont - Kırmızı,399.00
Civil Baby Fiyonklu 6-18 Ay Yağmurluk - Bej,499.00
Civil Baby Cepli 6-18 Ay Mont - Yeşil,399.00
Civil Baby Wild Roar 6-18 Ay Yağmurluk - Gri,249.99
Civil Baby Varak Baskılı 9-18 Ay Yağmurluk - Pembe,149.99
Civil Baby Çiçek Empirmeli 6-18 Ay Yağmurluk - Yeşil,249.99
Civil Baby Pelüş Kulaklı 6-18 Ay Mont - Pudra,999.00
Civil Baby Ponponlu 6-18 Ay Mont - Ekru,399.00
Civil Baby Tavşan Kulak Nakışlı 6-18 Ay Mont - Pudra,599.00
Civil Baby Dinazor Baskılı 6-18 Ay Yağmurluk - Mavi,199.99
Civil Baby Aslan Baskılı 6-18 Ay Yağmurluk - Gri,199.99
Civil Baby Roba Ve Cepleri Kürklü 6-18 Ay Mont - Pudra,599.00
Civil Baby Cepli 6-18 Ay Mont - Bej,399.00
Civil Baby Unicorn Baskılı 9-18 Ay Yağmurluk - Pembe,199.99
Civil Baby Panda Empirme 6-18 Ay Yağmurluk - Mavi,149.99
Civil Baby Cepli 6-18 Ay Mont - Haki,399.00
Minidamla Ayı Nakışlı Kapşonlu Mont 1-9 Ay Hırka - Gri,299.00
Civil Baby Dalgalı Desen Cepli 6-18 Ay Mont - Hardal,399.00
Civil Baby Zebralar Empirme 6-9 Ay Uyku Tulumu - Kahverengi,399.00
Civil Baby Dost Hayvanlar 60 Gr 12-18 AY Uyku Tulumu - Haki,229.99
Civil Baby Bulutlu Yıldız Empirme 12-18 Ay Uyku Tulumu - Ekru,599.00
Civil Baby Unicorn 30 Gr 12-18 Ay Uyku Tulumu - Pembe,229.99
Civil Baby Renkli Çiçek Empirmeli 6-18 Ay Tulum - Ekru,299.00
Civil Baby Yıldızlı Kedi 60 Gr 12-18 AY Uyku Tulumu - Pembe,229.99
Civil Baby Bear And Pine Empirme 60 Gr 12-18 AY Uyku Tulumu - Kahverengi,449.00
Civil Baby Bear And Pine Empirme 60 Gr 6-9 Ay Uyku Tulumu - Haki,449.00
Civil Baby Kuğu Puan Empirme 60 Gr 12-18 Ay Uyku Tulumu - Lila,499.00
Civil Baby Zebralar Empirme 12-18 Ay Uyku Tulumu - Kahverengi,599.00
Civil Baby Unicorn And Sky Empirme 90 Gr 6-9 AY Uyku Tulumu - Lila,399.00
Civil Baby Baby Dino 90 Gr Ay 6-9 Ay Uyku Tulumu - Bej,219.99
Civil Baby Big Daisy Empirme 12-18 Ay Uyku Tulumu - Bej,299.00
Civil Baby Bear And Pine Empirme 60 Gr 6-9 Ay Uyku Tulumu - Kahverengi,449.00
Civil Baby Dost Hayvanlar 60 Gr 6-9 AY Uyku Tulumu - Ekru,219.99
Civil Baby Yıldızlı Kedi 60 Gr 6-9 AY Uyku Tulumu - Pembe,219.99
Civil Baby Ayıcık Empirme 30 Gr 12-18 Ay Uyku Tulumu - Bej,599.00
Civil Baby Çizgili Harf Empirme 90 Gr 6-9 AY Uyku Tulumu - Bej,399.00
Civil Baby Gökkuşağı Empirme 90 Gr 12-18 Ay Uyku Tulumu - Mavi,599.00
Civil Baby Dost Hayvanlar 60 Gr 6-9 AY Uyku Tulumu - Haki,219.99
Civil Baby Unicorn And Sky Empirme 90 Gr 12-18 AY Uyku Tulumu - Lila,399.00
Civil Baby Kuzu 90 Gr 12-18 AY Uyku Tulumu - Kahverengi,229.99
Civil Baby Colourful Empirme 30 Gr 12-18 Ay Uyku Tulumu - Fil Dişi,299.00
Civil Baby Renkli Kalpler Empirme 60 Gr 6-9 AY Uyku Tulumu - Bej,399.00
Civil Baby Noktalı Yıldız 90 Gr 12-18 Ay Uyku Tulumu - Kırmızı,599.00
Civil Baby Deer 90 Gr 12-18 Ay Uyku Tulumu - Fil Dişi,499.00
Civil Baby Yeniyıl Empirme 90 Gr 6-9 Ay Uyku Tulumu - Lacivert,499.00
Civil Baby Ay Yıldız Empirme 30 Gr 12-18 Ay Uyku Tulumu - Fil Dişi,599.00
Civil Baby Dino Baskılı Erkek 12-24 Ay Uyku Tulumu - Bej,499.00
Civil Baby Stay Cool 90 Gr 6-9 AY Uyku Tulumu - Pudra,219.99
Civil Baby Renkli Kalpler Empirme 60 Gr 12-18 Ay Uyku Tulumu - Bej,599.00
Civil Baby Yeniyıl Empirme 90 Gr 12-18 Ay Uyku Tulumu - Lacivert,599.00
Civil Baby Stay Cool 90 Gr 6-9 AY Uyku Tulumu - Pembe,219.99
Civil Baby Kuzu 90 Gr 12-18 AY Uyku Tulumu - Lacivert,229.99
Civil Baby Boyama Köpekler Empirme 12-18 Ay Uyku Tulumu - Ekru,299.00
Civil Baby Kareli Ayıcık Empirme 12-18 Ay Uyku Tulumu - Kahverengi,499.00
Civil Baby Bear And Pine Empirme 60 Gr 12-18 AY Uyku Tulumu - Haki,449.00
Civil Baby Unicorn And Sky Empirme 90 Gr 12-18 AY Uyku Tulumu - Pudra,399.00
Civil Baby Renkli Çiçekler Empirme 30 Gr 12-18 Ay Uyku Tulumu - Mavi,599.00
Civil Baby Kuğu Puan Empirme 60 Gr 12-18 Ay Uyku Tulumu - Yeşil,499.00
Civil Baby Safari Empirme 12-18 Ay Uyku Tulumu - Bej,599.00
Civil Baby C Nakışlı Düz 6-18 Ay Kazak - Pudra,149.99
Montella Parça Desenli Armalı 1-5 Yaş Kazak - Gri,249.99
Civil Baby C Nakışlı Düz 6-18 Ay Kazak - Pembe,149.99
Civil Baby C Nakışlı Düz 6-18 Ay Kazak - Haki,149.99
Montella Zincir Örgü 1-5 Yaş Kazak - Lacivert,299.00
Civil Baby C Nakışlı Düz 6-18 Ay Kazak - Pembe,149.99
Civil Baby Wılme Örgülü 6-18 Ay Kazak - Haki,299.00
Civil Baby Zigzag Desenli 6-18 Ay Kazak - Bordo,249.99
Montella Parça Desenli Armalı 1-5 Yaş Kazak - Haki,249.99
Civil Baby Elvi Çizgili 6-18 Ay Kazak - Haki,399.00
Montella Baklava Desen 1-5 Yaş Kazak - Bordo,149.99
Civil Baby Triko Çizgili 6-18 Ay Kazak - Lila,149.99
Civil Baby Basic Triko 6-18 Ay Kazak - Gri,299.00
Civil Baby Wılme Örgülü 6-18 Ay Kazak - Bordo,299.00
Civil Baby Kardan Adam Baskılı 6-18 Ay Kazak - Gri,269.00
Montella Kol Parça Desenli 1-5 Yaş Kazak - Bordo,299.00
Civil Baby Triko Çizgili 6-18 Ay Kazak - Lila,149.99
Montella Kol Parça Desenli 1-5 Yaş Kazak - Bej,299.00
Civil Baby Basic Triko 6-18 Ay Kazak - Kahve,299.00
Civil Baby Yandan Bağcıklı 6-18 Ay Süeter - Pembe,199.99
Civil Baby Ayı Nakışlı 6-18 Ay Kazak - Gri,99.99
Civil Baby C Nakışlı Düz 6-18 Ay Kazak - Ekru,149.99
Civil Baby Ayı Nakışlı 6-18 Ay Kazak - Hardal,99.99
Montella Baklava Desen 1-5 Yaş Kazak - Lacivert,149.99
Civil Baby Triko C Nakışlı Düz 6-18 Ay Kazak - Pudra,79.99
Civil Baby Çizgili Kaplan Nakışlı 6-18 Ay Kazak - Bej,199.99
Civil Baby Fırfırlı 6-18 Ay Kazak - Pudra,69.99
Civil Baby Kalp Nakışlı 6-18 Ay Kazak - Pembe,129.99
Montella M Nakışlı 1-5 Yaş Kazak - Bej,249.99
Civil Baby Zigzag Desenli Ponponlu 6-18 Ay Kazak - Ekru,179.99
Civil Baby C Nakışlı Düz 6-18 Ay Kazak - Gri,149.99
Montella Zincir Örgü 1-5 Yaş Kazak - Lacivert,299.00
Civil Baby C Nakışlı Düz 6-18 Ay Kazak - Mavi,149.99
Civil Baby Ayı Nakışlı 6-18 Ay Kazak - Gri,99.99
Civil Baby C Nakışlı Düz 6-18 Ay Kazak - Bej,149.99
Civil Baby Köpek Nakışlı 6-18 Ay Kazak - Lacivert,129.99
Civil Baby Nord Etnik Örğü 6-18 Ay Kazak - Turuncu,299.00
Civil Baby Çoklu Nakışlı 6-18 Ay Kazak - Bej,299.00
Civil Baby Cutie İşlemeli 6-18 Ay Kazak - Yeşil,299.00
Civil Baby C Nakışlı Düz 6-18 Ay Kazak - Gri,149.99
Civil Baby Cloud Örgü 6-18 Ay Kazak - Pembe,299.00
Civil Baby Basic Triko 6-18 Ay Kazak - Bej,299.00
Civil Baby İnce Çizgili 6-18 Ay Kazak - Bordo,199.99
Civil Baby M Nakışlı 6-18 Ay Kazak - Kırmızı,299.00
Civil Baby Tilki Nakışlı 6-18 Ay Kazak - Lacivert,99.99
Civil Baby Tavşan Nakışlı 6-18 Ay Kazak - Pudra,129.99
Civil Baby Yaka Tor ve Full Pileli 6-18 Ay Kazak - Ekru,199.99
Civil Baby Elvi Çizgili 6-18 Ay Kazak - Lacivert,399.00
Civil Baby Basic Triko 6-18 Ay Kazak - Kırmızı,299.00
Civil Baby Ayı Nakışlı 6-18 Ay Kazak - Gri,129.99
Civil Baby C Nakışlı Düz 6-18 Ay Kazak - Hardal,149.99
Civil Baby Wılme Örgülü 6-18 Ay Kazak - Bej,299.00
Civil Baby Nord Etnik Örğü 6-18 Ay Kazak - Haki,299.00
Civil Baby C Nakışlı Düz 6-18 Ay Kazak - Kahverengi,149.99
Montella Kol Parça Desenli 1-5 Yaş Kazak - Lacivert,299.00
Civil Baby Tilki Nakışlı 6-18 Ay Kazak - Bej,99.99
Civil Baby Fiyonk Detaylı 6-18 Ay Kazak - Kırmızı,299.00
Civil Baby Triko Çizgili 6-18 Ay Kazak - Pudra,149.99
Civil Baby Boğazlı Çizgili 6-18 Ay Kazak - Pudra,149.99
Civil Baby Zigzag Desenli 6-18 Ay Kazak - Lacivert,249.99
Civil Baby Boğazlı Çizgili 6-18 Ay Kazak - Lacivert,169.99
Civil Baby Rain Saç Örgü 6-18 Ay Kazak - Mavi,299.00
Montella M Nakışlı 1-5 Yaş Kazak - Lacivert,249.99
Civil Baby Cloud Örgü 6-18 Ay Kazak - Mavi,299.00
Civil Baby M Nakışlı 6-18 Ay Kazak - Lacivert,299.00
Civil Baby Ayı Nakışlı 6-18 Ay Kazak - Bej,129.99
Civil Baby Ayı Nakışlı 6-18 Ay Kazak - Turuncu,99.99
Civil Baby İnce Çizgili 6-18 Ay Kazak - Lacivert,199.99
Civil Baby Ayıcık Nakışlı 6-18 Ay Kazak - Ekru,299.00
Montella Zincir Örgü 1-5 Yaş Kazak - Bordo,299.00
Civil Baby Zigzag Desenli 6-18 Ay Kazak - Bej,129.99
Montella Zincir Örgü 1-5 Yaş Kazak - Bej,299.00
Civil Baby Çizgili 6-18 Ay Kazak - Ekru,299.00
Civil Baby Ayı Nakışlı 6-18 Ay Kazak - Ekru,99.99
Montella Baklava Desen 1-5 Yaş Kazak - Gri,149.99
Montella Parça Desenli Armalı 1-5 Yaş Kazak - Lacivert,249.99
Civil Baby Basic Triko 6-18 Ay Kazak - Pembe,299.00
Montella Karışık Çizgili 1-5 Yaş Kazak - Kahverengi,249.99
Montella Zincir Örgü Baklava Desenli 1-5 Yaş Kazak - Bej,299.00
Civil Baby Triko Çizgili 6-18 Ay Kazak - Pembe,149.99
Montella Zincir Örgü 1-5 Yaş Kazak - Hardal,299.00
Civil Baby Kalpli 6-18 Ay Kazak - Lila,99.99
Civil Baby Kalpli 6-18 Ay Kazak - Ekru,99.99
Civil Baby Zigzag Desenli 6-18 Ay Kazak - Ekru,249.99
Civil Baby Rain Saç Örgü 6-18 Ay Kazak - Bej,299.00
Montella Karışık Çizgili 1-5 Yaş Kazak - Gri,249.99
Civil Baby Cutie İşlemeli 6-18 Ay Kazak - Turuncu,299.00
Civil Baby Boğazlı Çizgili 6-18 Ay Kazak - Gri,169.99
Civil Baby Çizgili 6-18 Ay Kazak - Bej,299.00
Civil Baby C Nakışlı Düz 6-18 Ay Kazak - Lila,149.99
Civil Baby Wılme Örgülü 6-18 Ay Kazak - Lacivert,299.00
Montella Zincir Örgü Baklava Desenli 1-5 Yaş Kazak - Lacivert,299.00
Civil Baby Geyik Desenli 6-18 Ay Kazak - Kırmızı,129.99
Civil Baby Geyik Desenli 6-18 Ay Kazak - Kırmızı,99.99
Montella Zincir Örgü Baklava Desenli 1-5 Yaş Kazak - Gri,299.00
Civil Baby Kalp Nakışlı 6-18 Ay Kazak - Pudra,129.99
Civil Baby Fiyonk Detaylı 6-18 Ay Kazak - Pudra,299.00
Civil Baby Triko Çizgili 6-18 Ay Kazak - Pembe,149.99
Civil Baby Kız Bebek Tişört 6-18 Ay - Pudra,129.99
Civil Baby Nakışlı 6-18 Ay Tişört - Beyaz,149.99
Civil Baby Papatya Nakışlı 6-18 Ay Tişört - Lila,169.99
Civil Baby TeddyBear Baskılı 3'lü Set 6-18 Ay Tişört,599.00
Civil Baby Çiçek Empirmeli 6-18 Ay Tişört - Fil Dişi,199.00
Civil Baby Yaka Brodeli 6-18 Ay Tişört - Pembe,219.99
Civil Baby Puan Empirme Rainbow 6-18 Ay Tek Üst Bebe - Lila,29.99
Civil Baby Yaka Brodeli 6-18 Ay Tişört - Lila,219.99
Civil Baby Yaka Brodeli 6-18 Ay Tişört - Siyah,219.99
Civil Baby Yelkenli Nakışlı 6-18 Ay Tişört - Sarı,189.99
Batman Baskılı 6-18 Ay Tişört - Hardal,99.99
Batman BaskılI-Etiketli 6-18 Ay Tek Üst Bebe - Gri,24.99
Civil Baby Baskılı 6-18 Ay Tişört - Kırmızı,149.99
Civil Baby Ben Baskılı 1-6 Ay Tek Üst Bebe - Beyaz,14.99
Civil Baby Baskılı 6-18 Ay Tişört - Lacivert,149.99
Civil Baby Hello Summer Empirme 6-18 Ay Tişört - Haki,189.99
Civil Baby Papatyalı 6-18 Ay Tişört - Lila,99.99
Civil Baby Yelkenli Nakışlı 6-18 Ay Tişört - Yeşil,189.99
Civil Baby Mini Çiçek Empirme 6-18 Ay Tişört - Fil Dişi,249.99
Civil Baby Surf Days Baskılı 6-18 Ay Tişört - Beyaz,149.99
Civil Baby Papatya Empirme 6-18 Ay Tişört - Lila,129.99
Civil Baby Kız Bebek Tişört 6-18 Ay - Pudra,129.99
Civil Baby Selanik Çizgili Etiketli 6-18 Ay Tişört - Ekru,189.99
Civil Baby Çiçek Nakışlı Basic 6-18 Ay Tişört - Sarı,229.99
Minidünya Tekstil Renkli Figürlü 2'in 1 Pack 3-12 Ay Tişört - Hardal,149.99
Civil Baby Çizgili 6-18 Ay Tişört - Bej,189.99
Civil Baby Kız Bebek Tişört 6-18 Ay - Sarı,129.99
Civil Baby Aslan Baskılı 3-12 Ay Tişört - Gri,189.99
Civil Baby Kız Bebek Tişört 6-18 Ay - Gri,129.99
Civil Baby Safari Dino Emprime Baskı 6-18 Ay Erkek Tek Üst - Gri,29.99
Civil Baby Papatya Kabartmalı Nakışlı 6-18 Ay Tişört - Pudra,249.99
Civil Baby Kız Bebek Tişört 6-18 Ay - Pembe,129.99
Civil Baby Hello Summer Empirme 6-18 Ay Tişört - Ekru,189.99
Civil Baby 4 Renkli Çizgi Empirme 6-18 Ay Tişört - Beyaz,189.99
Civil Baby Çiçek Nakışlı 6-18 Ay Tişört - Pudra,189.99
Civil Baby Çiçek Empirme 6-18 Ay Tişört - Bej,199.99
Civil Baby Yelkenli Nakışlı 6-18 Ay Tişört - Pudra,189.99
Civil Baby Kız Bebek Tişört 6-18 Ay - Kırmızı,129.99
Civil Baby Galaxy Astronot Baskılı 6-18 Ay Tek Üst Bebe - Sarı,29.99
Civil Baby Kız Bebek Tişört 6-18 Ay - Kırmızı,129.99
Civil Baby Surf Skate Baskılı 6-18 Ay Tişört - Turuncu,189.99
Civil Baby Yelkenli Nakışlı 6-18 Ay Tişört - Beyaz,189.99
Civil Baby Papatya Kabartmalı Nakışlı 6-18 Ay Tişört - Ekru,249.99
Süperman Faster Baskılı 6-18 Ay Tek Üst Bebe - Yeşil,59.99
Civil Baby Çizgili Empirme Yengeç Cepli 6-18 Ay Tek Üst Bebe - Sarı,49.99
Civil Baby Safari Dino Emprime Baskı 6-18 Ay Erkek Tek Üst - Haki,29.99
Civil Baby Rainbow 6-18 Ay Tek Üst Bebe - Lila,24.99
Civil Baby Kız Bebek Tişört 6-18 Ay - Lila,129.99
Civil Baby Renkli Organik Tilki Baskılı 1-9 Ay Tek Üst Bebe - Ekru,22.99
Civil Baby Kız Bebek Tişört 6-18 Ay - Ekru,129.99
Civil Baby Yelkenli Nakışlı 6-18 Ay Tişört - Gri,189.99
Civil Baby Aslan Empirmeli 6-18 Ay Tişört - Gri,189.99
Civil Baby Yelkenli Nakışlı 6-18 Ay Tişört - Turuncu,189.99
Civil Baby Street Photograph 6-18 Ay Tişört - Fil Dişi,149.99
Civil Baby Renkli Organik Tilki Baskılı 1-9 Ay Tek Üst Bebe - Yeşil,22.99
Civil Baby Aslan Empirmeli 6-18 Ay Tişört - Mavi,189.99
Civil Baby Bebek Hayvanlar Empirme 6-18 Ay Tişört - Ekru,99.99
Civil Baby Nakışlı 6-18 Ay Tişört - Kırmızı,149.99
Civil Baby Baskılı 6-18 Ay Tişört - Kırmızı,189.99
Civil Baby Baskılı 6-18 Ay Tişört - Ekru,149.99
Civil Baby Galaxy Astronot Baskılı 6-18 Ay Tek Üst Bebe - Gri,29.99
Civil Baby Çizgili Empirme Yengeç Cepli 6-18 Ay Tek Üst Bebe - Lacivert,49.99
Civil Baby Düz Fiyonklu 6-18 Ay Tişört - Lila,99.99
Civil Baby Basic Etiketli 6-18 Ay Tişört - Sarı,189.99
Civil Baby Erkek Bebek Tişört 6-18 Ay - Beyaz,229.99
Civil Baby Yaka Brodeli 6-18 Ay Tişört - Fil Dişi,219.99
Civil Baby Çiçek Nakışlı Basic 6-18 Ay Tişört - Lila,229.99
Civil Baby Kız Bebek Tişört 6-18 Ay - Beyaz,129.99
Minidünya Tekstil Renkli Figürlü 2'in 1 Pack 3-12 Ay Tişört - Turuncu,149.99
Civil Baby Rainbow 6-18 Ay Tek Üst Bebe - Sarı,24.99
Civil Baby Yaka Brodeli 6-18 Ay Tişört - Sarı,219.99
Civil Baby Baskılı 6-18 Ay Tişört - Sarı,189.99
Civil Baby Kız Bebek Tişört 6-18 Ay - Siyah,129.99
Civil Baby Nakışlı 6-18 Ay Tişört - Pudra,149.99
Civil Baby Düz Fiyonklu 6-18 Ay Tişört - Pudra,99.99
Civil Baby Palmiye Nakışlı 6-18 Ay Tişört - Gri,229.99
Civil Baby Papatya Empirme 6-18 Ay Tişört - Yeşil,129.99
Batman Baskılı 6-18 Ay Tek Üst Bebe - Gri,19.99
Civil Baby Puan Empirme Rainbow 6-18 Ay Tek Üst Bebe - Pembe,29.99
Civil Baby Erkek Bebek Tişört 6-18 Ay - Mavi,229.99
Miniworld Garden 2'in 1 Pack 3-12 Ay Tişört - Hardal,149.99
Civil Baby Cookie Monster 3-12 Ay Tişört - Ekru,189.99
Tuffy Yakası Düğmeli 9-24 Ay Tişört - Haki,129.99
Civil Baby Rainbow 6-18 Ay Tek Üst Bebe - Pembe,24.99
Civil Baby Erkek Bebek Tişört 6-18 Ay - Haki,229.99
Civil Baby Kız Bebek Tişört 6-18 Ay - Lila,129.99
Civil Baby Galaxy Astronot Baskılı 6-18 Ay Tek Üst Bebe - Lacivert,29.99
Civil Baby Dürbün Detaylı 6-18 Ay Tişört - Bej,99.99
Civil Baby Brodeli Balon Kol Basic 6-18 Ay Tişört - Lila,129.99
Civil Baby Kız Bebek Tişört 6-18 Ay - Yeşil,129.99
Civil Baby Çiçek Nakışlı Basic 6-18 Ay Tişört - Ekru,229.99
Civil Baby Kız Bebek Tişört 6-18 Ay - Yeşil,129.99
Civil Baby Basic 6-18 Ay Tişört - Sarı,99.99
Civil Baby Basic Etiketli 6-18 Ay Tişört - Hardal,189.99
Civil Baby Baskılı 6-18 Ay Tişört - Haki,189.99
Civil Baby Surf Day's Baskılı 6-18 Ay Tişört - Mavi,189.99
Civil Baby Summer Palm Empirme 6-18 Ay Tişört - Sarı,189.99
Civil Baby Kız Bebek Tişört 6-18 Ay - Pembe,129.99
Civil Baby Civil Basic Timeless 6-18 Ay Sweatshirt - Yeşil,229.99
Civil Baby Basic 6-18 Ay Sweatshirt - Gri,199.99
Civil Baby Need More Sleep Baskılı 6-18 Ay Sweatshirt - Kahverengi,199.99
Civil Baby Little Bunny Baskılı 6-18 Ay Sweatshirt - Pudra,199.99
Civil Baby Fiyonk Meow Nakışlı 6-18 Ay Sweatshirt - Bej,199.99
Civil Baby Fok Balığı Nakışlı 6-18 Ay Sweatshirt - Mavi,169.99
Batman Erkek Bebek Sweatshirt 6-18 Ay - Yeşil,229.99
Civil Baby Büyük Kelebek Baskılı 6-18 Ay Sweatshirt - Hardal,199.99
Civil Baby Funny Safari 6-18 Ay Sweatshirt - Kahverengi,199.99
Civil Baby Fistolu 6-18 Ay Sweatshirt - Lila,249.99
Civil Baby Önü Parçalı 6-18 Ay Kız Tek Üst - Gri,199.99
Civil Baby Basic 6-18 Ay Sweatshirt - Gri,149.99
Civil Baby Bebek Penye Sweatshirt 12-24 Ay - Pembe,169.99
Civil Baby Basic 6-18 Ay Sweatshirt - Beyaz,199.99
Civil Baby Teddy Baskılı 6-18 Ay Sweatshirt - Bej,229.99
Civil Baby Tavşan Baskılı 3'lü Set 6-18 Ay Sweatshirt,599.00
Civil Baby Dantelli 6-18 Ay Sweatshirt - Bej,299.00
Civil Baby Bebek Penye Sweatshirt 12-24 Ay - Beyaz,169.99
Civil Baby Gezegen Empirme 6-18 Ay Sweatshirt - Ekru,199.99
Civil Baby Basic 6-18 Ay Sweatshirt - Haki,149.99
Civil Baby Civil Basic Kalp Etiketli 6-18 Ay Sweatshirt - Lila,249.99
Civil Baby Ayıcık Nakışlı 6-18 Ay Sweatshirt - Gri,169.99
Civil Baby To The Moon Baskılı 6-18 Ay Sweatshirt - Hardal,199.99
Civil Baby Cute Tiger Etiketli 6-18 Ay Sweatshirt - Kahverengi,249.99
Civil Baby Fiyonk Meow Nakışlı 6-18 Ay Sweatshirt - Lila,199.99
Civil Baby Ayıcıklar Baskılı 6-18 Ay Sweatshirt - Bordo,199.99
Civil Baby Keep Smiling Etiketli Basic 6-18 Ay Sweatshirt - Gri,199.99
Civil Baby Fiyonklu 6-18 Ay Sweatshirt - Bej,199.99
Civil Baby Taç Kalp Baskılı 6-18 Ay Sweatshirt - Siyah,199.99
Civil Baby Basic 6-18 Ay Sweatshirt - Lacivert,149.99
Civil Baby 26 Baskılı 6-18 Ay Sweatshirt - Mavi,169.99
Civil Baby Küçük Kelebekler Baskılı 6-18 Ay Sweatshirt - Yeşil,199.99
Civil Baby Fiyonk Baskılı 6-18 Ay Sweatshirt - Bej,199.99
Civil Baby Benekli Dino Empirme 6-18 Ay Sweatshirt - Kahverengi,229.99
Civil Baby Dıno Baskılı 3'lü Set 6-18 Ay Sweatshirt,549.00
Civil Baby Dinozor Baskılı 6-18 Ay Sweatshirt - Kahverengi,199.99
Civil Baby Tavşan Baskılı 3'lü Set 6-18 Ay Sweatshirt,699.00
Civil Baby Fiyonklu 6-18 Ay Sweatshirt - Siyah,199.99
Civil Baby Teddy Baskılı 6-18 Ay Sweatshirt - Gri,229.99
Civil Baby Graffiti Baskılı 6-18 Ay Sweatshirt - Haki,249.99
Civil Baby Civil Basic Kalp Etiketli 6-18 Ay Sweatshirt - Lila,249.99
Civil Baby Kalp Taçlı 6-18 Ay Sweatshirt - Gri,199.99
Civil Baby Astronot Baskılı 6-18 Ay Sweatshirt - Fil Dişi,199.99
Civil Baby Dinozor Baskılı 6-18 Ay Sweatshirt - Haki,199.99
Civil Baby Civil Basic Kalp Etiketli 6-18 Ay Sweatshirt - Yeşil,249.99
Civil Baby Fırfırlı 6-18 Ay Sweatshirt - Lila,199.99
Civil Baby Kaykay Baskılı 6-18 Ay Sweatshirt - Bej,169.99
Civil Baby Kalp Baskılı 6-18 Ay Sweatshirt - Gri,199.99
Civil Baby Civil Basic Timeless 6-18 Ay Sweatshirt - Kahverengi,229.99
Civil Baby Milk Club Baskılı 3-18 Ay Sweatshirt - Ekru,269.00
Civil Baby Little Explorer Baskılı 6-18 Ay Sweatshirt - Mavi,199.99
Civil Baby Süs Etiketli 6-18 Ay Sweatshirt - Turuncu,149.99
Civil Baby Parçalı 6-18 Ay Sweatshirt - Mavi,199.99
Civil Baby Teddy Baskılı 6-18 Ay Sweatshirt - Yeşil,229.99
Civil Baby Civil Basic Timeless 6-18 Ay Sweatshirt - Hardal,229.99
Civil Baby Civil Basic Kalp Etiketli 6-18 Ay Sweatshirt - Pembe,249.99
Civil Baby Kedi Nakışlı 6-18 Ay Sweatshirt - Pembe,149.99
Civil Baby 3-9 Ay Unisex Tek Üst - Kırmızı,169.99
Civil Baby Basic 6-18 Ay Sweatshirt - Bej,149.99
Civil Baby Önü Parçalı 6-18 Ay Kız Tek Üst - Yeşil,199.99
Civil Baby Basic 6-18 Ay Sweatshirt - Gri,189.99
Civil Baby Süs Etiketli 6-18 Ay Sweatshirt - Mavi,149.99
Civil Baby Süs Etiketli 6-18 Ay Sweatshirt - Mavi,149.99
Civil Baby 3-9 Ay Unisex Tek Üst - Pembe,169.99
Civil Baby Basic 3-18 Ay Sweatshirt - Bej,199.99
Civil Baby Fisto Yakalı 6-18 Ay Sweatshirt - Beyaz,189.99
Civil Baby Yakalı 6-18 Ay Sweatshirt - Gri,199.99
Civil Baby Cute Tiger Baskılı 6-18 Ay Sweatshirt - Haki,299.00
Civil Baby Basic 6-18 Ay Sweatshirt - Kahverengi,199.99
Civil Baby Düz Basic 6-18 Ay Sweatshirt - Kırmızı,199.99
Civil Baby Kol Ucu Detaylı 6-18 Ay Sweatshirt - Lila,199.99
Civil Baby Kontür Ayı Empirme 6-18 Ay Sweatshirt - Bej,199.99
Civil Baby Civil Basic Kalp Etiketli 6-18 Ay Sweatshirt - Gri,249.99
Civil Baby Kalp Zürafa 6-18 Ay Sweatshirt - Fil Dişi,199.99
Civil Baby Kedi Empirme 6-18 Ay Sweatshirt - Bej,199.99
Civil Baby Bahar 6-18 Ay Sweatshirt - Lila,219.99
Civil Baby Kalın Çizgi Empirme 6-18 Ay Sweatshirt - Turuncu,229.99
Civil Baby Give Me Yazı Baskılı 6-18 Ay Sweatshirt - Haki,199.99
Civil Baby Basic 6-18 Ay Sweatshirt - Lacivert,249.99
Civil Baby Civil Basic Kalp Etiketli 6-18 Ay Sweatshirt - Bej,249.99
Civil Baby Basic 6-18 Ay Sweatshirt - Yeşil,249.99
Civil Baby Dinazor Nakışlı 6-18 Ay Sweatshirt - Bej,169.99
Civil Baby Çift Cep 6-18 Ay Sweatshirt - Lacivert,199.99
Civil Baby Need More Sleep Baskılı 6-18 Ay Sweatshirt - Lila,199.99
Civil Baby Önü Parçalı 6-18 Ay Kız Tek Üst - Beyaz,199.99
Civil Baby Basic 6-18 Ay Sweatshirt - Kahverengi,249.99
Civil Baby Fermuarlı C Baskılı 6-18 Ay Sweatshirt - Mavi,299.00
Civil Baby Kedi Yüz Baskılı 6-18 Ay Sweatshirt - Bej,199.99
Civil Baby Keep Smiling Etiketli Basic 6-18 Ay Sweatshirt - Lacivert,199.99
Civil Baby Mini Papatya Empirme 6-18 Ay Sweatshirt - Yeşil,199.99
Civil Baby Yakalı Cutıe Baskılı 6-18 Ay Sweatshirt - Gri,219.99
Civil Baby Ayıcık Nakış ve Kulaklı 6-18 Ay Sweatshirt - Lacivert,249.99
Civil Baby Cute Çiçek Baskılı 6-18 Ay Sweatshirt - Ekru,219.99
Civil Baby Keep Smiling Etiketli Basic 6-18 Ay Sweatshirt - Gri,199.99
Civil Baby Dinazor Baskılı 6-18 Ay Sweatshirt - Haki,169.99
Civil Baby Need More Sleep Baskılı 6-18 Ay Sweatshirt - Fil Dişi,199.99
Civil Baby Yakalı Balerin Empirme 6-18 Ay Sweatshirt - Ekru,239.99
Civil Baby Önü Parçalı 6-18 Ay Kız Tek Üst - Pembe,199.99
Civil Baby Ayıcık Baskılı 3'lü Set 6-18 Ay Sweatshirt,699.00
Civil Baby Summer Vibes Baskılı 6-18 Ay Sweatshirt - Mavi,229.99
Civil Baby Önü Parçalı 6-18 Ay Kız Tek Üst - Bebe Mavi,199.99
Civil Baby Need More Sleep Baskılı 6-18 Ay Sweatshirt - Pudra,199.99
Civil Baby Basic 6-18 Ay Sweatshirt - Gri,199.99
Civil Baby Düz Basic 6-18 Ay Sweatshirt - Pembe,199.99
Civil Baby To The Moon Baskılı 6-18 Ay Sweatshirt - Kahverengi,199.99
Civil Baby MINI CREW Baskılı 6-18 Ay Sweatshirt - Bordo,299.00
Civil Baby Nice Girl Baskılı 6-18 Ay Sweatshirt - Lila,229.99
Civil Baby Düz 6-18 Ay Sweatshirt - Lila,199.99
Civil Baby Uğur Böceği Nakışlı 6-18 Ay Sweatshirt - Gri,299.00
Civil Baby Little Bunny Baskılı 6-18 Ay Sweatshirt - Lila,199.99
Civil Baby Etiketli Basic 6-18 Ay Sweatshirt - Kahverengi,299.00
Civil Baby Nice Girl Baskılı 6-18 Ay Sweatshirt - Mavi,229.99
Civil Baby Basic 6-18 Ay Sweatshirt - Lacivert,199.99
Civil Baby Önü Parçalı 6-18 Ay Kız Tek Üst - Ekru,199.99
Civil Baby Süs Etiketli 6-18 Ay Sweatshirt - Mavi,149.99
Civil Baby Roarrr Dinozor Nakışlı 6-18 Ay Sweatshirt - Kahve,269.00
Civil Baby Civil Basic Timeless Kapüşonlu 6-18 Ay Sweatshirt - Hardal,229.99
Civil Baby Gökkuşağı Empirme 6-18 Ay Sweatshirt - Bej,279.00
Civil Baby Ayı Baskı 6-18 Ay Sweatshirt - Bej,199.99
Civil Baby Basic 6-18 Ay Sweatshirt - Lacivert,189.99
Civil Baby Next Baskılı 6-18 Ay Sweatshirt - Kahverengi,199.99
Civil Baby Basic 6-18 Ay Sweatshirt - Siyah,199.99
Civil Baby Basic 3-18 Ay Sweatshirt - Haki,199.99
Civil Baby Basic 6-18 Ay Sweatshirt - Mavi,249.99
Civil Baby Kol Aplikeli 6-18 Ay Sweatshirt - Bej,229.99
Civil Baby Önü Parçalı 6-18 Ay Kız Tek Üst - Siyah,199.99
Civil Baby Civil Basic Kalp Etiketli Kapüşonlu 6-18 Ay Sweatshirt - Bej,279.00
Batman Erkek Bebek Sweatshirt 6-18 Ay - Bej,229.99
Civil Baby Kol Ucu Detaylı 6-18 Ay Sweatshirt - Fil Dişi,199.99
Civil Baby Çiçek Baskılı 6-18 Ay Sweatshirt - Yeşil,199.99
Civil Baby Basic 6-18 Ay Sweatshirt - Pembe,149.99
Civil Baby Önü Parçalı 6-18 Ay Kız Tek Üst - Kırmızı,199.99
Civil Baby Dinozor Baskılı 6-18 Ay Sweatshirt - Yeşil,219.99
Civil Baby Süs Etiketli 6-18 Ay Sweatshirt - Mavi,149.99
Civil Baby Adventurous Dino Empirme 6-18 AY Sweatshirt - Bej,229.99
Civil Baby Önü Parçalı 6-18 Ay Kız Tek Üst - Lila,199.99
Civil Baby Kalp Nakışlı Basic 6-18 Ay Sweatshirt - Turuncu,149.99
Civil Baby Athletic Baskılı Nakışlı 6-18 Ay Sweatshirt - Bordo,249.99
Civil Baby Kalp Jakarlı 6-18 Ay Sweatshirt - Pudra,249.99
Civil Baby Kol Ucu Detaylı 6-18 Ay Sweatshirt - Kırmızı,199.99
Civil Baby Bebek Penye Sweatshirt 12-24 Ay - Kırmızı,169.99
Civil Baby Çizgi Emp. Çiçek Nakışlı 6-18 Ay Sweatshirt - Bej,249.99
Civil Baby Teddy Bear Baskılı 6-18 Ay Sweatshirt - Siyah,229.99
Civil Baby Kedi Baskılı 6-18 Ay Sweatshirt - Gri,249.99
Civil Baby Basic 6-18 Ay Sweatshirt - Beyaz,199.99
Civil Baby Civil Basic Timeless 6-18 Ay Sweatshirt - Mavi,229.99
Civil Baby Kalp Nakışlı 6-18 Ay Sweatshirt - Bej,249.99
Civil Baby Basic Arma Etiketli 6-18 Ay Sweatshirt - Ekru,199.99
Civil Baby Uğur Böceği Nakışlı 6-18 Ay Sweatshirt - Kırmızı,299.00
Civil Baby Ayı Empirme 6-18 Ay Sweatshirt - Bej,199.99
Civil Baby Araba Aplikeli 6-18 Ay Sweatshirt - Kahverengi,199.99
Civil Baby Çift Cep 6-18 Ay Sweatshirt - Kahverengi,199.99
Civil Baby Çizgili 6-18 Ay Sweatshirt - Bej,229.99
Civil Baby Basic 6-18 Ay Sweatshirt - Kahverengi,199.99
Civil Baby Kol Ucu Detaylı 6-18 Ay Sweatshirt - Yeşil,199.99
Civil Baby Unicorn Baskılı 6-18 Ay Sweatshirt - Lacivert,219.99
Civil Baby Unicorn Baskılı 3'lü Set 6-18 Ay Sweatshirt,549.00
Civil Baby Next Baskılı 6-18 Ay Sweatshirt - Fil Dişi,199.99
Civil Baby Çiçek Baskılı 6-18 Ay Sweatshirt - Pudra,199.99
Civil Baby Önü Parçalı 6-18 Ay Kız Tek Üst - Pudra,199.99
Civil Baby Give Me Yazı Baskılı 6-18 Ay Sweatshirt - Fil Dişi,199.99
Civil Baby Teddy Baskılı 6-18 Ay Sweatshirt - Hardal,229.99
Civil Baby Çizgi Emp. Çiçek Nakışlı 6-18 Ay Sweatshirt - Yeşil,249.99
Civil Baby Civil Basic Timeless 6-18 Ay Sweatshirt - Lacivert,229.99
Civil Baby Yıldız Baskılı 6-18 Ay Sweatshirt - Bej,199.99
Civil Baby Çizgili 6-18 Ay Sweatshirt - Turuncu,229.99
Civil Baby Dinazorlar 6-18 Ay Sweatshirt - Ekru,169.99
Civil Baby Kol Ucu Detaylı 6-18 Ay Sweatshirt - Lacivert,199.99
Civil Baby Oturan Kedi Baskılı 6-18 Ay Sweatshirt - Kahve,199.99
Civil Baby Astronot Baskılı 6-18 Ay Sweatshirt - Hardal,199.99
Civil Baby Yıldız Kalp Baskılı 6-18 Ay Sweatshirt - Bej,199.99
Civil Baby Civil Basic Timeless Kapüşonlu 6-18 Ay Sweatshirt - Kahverengi,229.99
Civil Baby Yıldız Baskılı 6-18 Ay Sweatshirt - Gri,199.99
Civil Baby 3-9 Ay Unisex Tek Üst - Mavi,169.99
Civil Baby Fiyonklu 6-18 Ay Sweatshirt - Lila,199.99
Civil Baby Hayvanlar Baskılı 6-18 Ay Sweatshirt - Gri,219.99
Civil Baby Wonder Girl Baskılı 6-18 Ay Sweatshirt - Pembe,199.99
Civil Baby Çiçek Baskılı 6-18 Ay Sweatshirt - Yeşil,199.99
Civil Baby Düz Basic 6-18 Ay Sweatshirt - Pudra,199.99
Civil Baby Basic 6-18 Ay Sweatshirt - Haki,199.99
Civil Baby Basic 3-18 Ay Sweatshirt - Bej,199.99
Civil Baby Düz Basic 6-18 Ay Sweatshirt - Siyah,199.99
Civil Baby Yelken Baskılı 6-18 Ay Sweatshirt - Beyaz,279.00
Civil Baby Ayıcık Baskılı Çizgili 6-18 Ay Sweatshirt - Bej,199.99
Civil Baby Kalp Nakışlı Basic 6-18 Ay Sweatshirt - Siyah,149.99
Civil Baby Ayıcıklar Baskılı 6-18 Ay Sweatshirt - Lacivert,199.99
Civil Baby Basic 6-18 Ay Sweatshirt - Mavi,149.99
Civil Baby Basic 6-18 Ay Sweatshirt - Gri,149.99
Civil Baby Civil Basic Kalp Etiketli Kapüşonlu 6-18 Ay Sweatshirt - Gri,279.00
Civil Baby Basic 6-18 Ay Sweatshirt - Bej,199.99
Civil Baby Ayıcıklar Empirme 6-18 Ay Sweatshirt - Fil Dişi,199.99
Civil Baby Süs Etiketli 6-18 Ay Sweatshirt - Mavi,149.99
Civil Baby Düz Basic 6-18 Ay Sweatshirt - Ekru,199.99
Civil Baby Civil Basic Kalp Etiketli Kapüşonlu 6-18 Ay Sweatshirt - Pembe,279.00
Civil Baby Civil Basic Kalp Etiketli 6-18 Ay Sweatshirt - Ekru,249.99
Civil Baby College Originals Nakışlı 6-18 Ay Sweatshirt - Pembe,169.99
Civil Baby Basic 6-18 Ay Sweatshirt - Gri,149.99
Civil Baby Düz Basic 6-18 Ay Sweatshirt - Beyaz,199.99
Civil Baby Basic 6-18 Ay Sweatshirt - Gri,249.99
Civil Baby Bebek Penye Sweatshirt 12-24 Ay - Ekru,169.99
Civil Baby Fiyonk Baskılı 6-18 Ay Sweatshirt - Bordo,199.99
Civil Baby Be Wıld Baskılı 6-18 Ay Sweatshirt - Hardal,169.99
Civil Baby Dinozor Baskılı 6-18 Ay Sweatshirt - Hardal,199.99
Civil Baby Fırfırlı 6-18 Ay Sweatshirt - Lacivert,199.99
Civil Baby Lımıted Baskılı 6-18 Ay Sweatshirt - Gri,169.99
Civil Baby Little Bunny Baskılı 6-18 Ay Sweatshirt - Fil Dişi,199.99
Civil Baby Fok Balığı Empirme 6-18 Ay Sweatshirt - Beyaz,169.99
Civil Baby Keep Smiling Etiketli Basic 6-18 Ay Sweatshirt - Hardal,199.99
Civil Baby Kontür Ayı Empirme 6-18 Ay Sweatshirt - Mavi,199.99
Civil Baby Next Baskılı 6-18 Ay Sweatshirt - Hardal,199.99
Civil Baby Next Baskılı 6-18 Ay Sweatshirt - Haki,199.99
Nova Baby Karpuz Kokulu Renglan Kol 1-9 Ay Sweatshirt - Ekru,179.99
Civil Baby Fiyonklu 6-18 Ay Sweatshirt - Mavi,199.99
Civil Baby Hayvanlar Empirme 6-18 Ay Sweatshirt - Bej,219.99
Civil Baby Mini Pati Empirme 6-18 Ay Sweatshirt - Kahve,169.99
Civil Baby Düz Basic 6-18 Ay Sweatshirt - Pembe,149.99
Civil Baby Balerin Nakışlı 6-18 Ay Sweatshirt - Pembe,169.99
Civil Baby Graffiti Baskılı 6-18 Ay Sweatshirt - Bej,249.99
Civil Baby Kalp Nakışlı Basic 6-18 Ay Sweatshirt - Bej,149.99
Civil Baby Fistolu 6-18 Ay Sweatshirt - Pudra,249.99
Civil Baby Cute Tiger Etiketli 6-18 Ay Sweatshirt - Bej,249.99
Civil Baby Kol Ucu Detaylı 6-18 Ay Sweatshirt - Pudra,199.99
Civil Baby Unicorn Baskılı 6-18 Ay Sweatshirt - Pembe,279.00
Civil Baby Crew Baskılı 6-18 Ay Sweatshirt - Lacivert,279.00
Civil Baby Little Man Çizigili 6-18 Ay Sweatshirt - Kahverengi,199.99
Civil Baby Lovely Nakışlı 6-18 Ay Sweatshirt - Gri,199.99
Civil Baby Astronot Baskılı 3'lü Set 6-18 Ay Sweatshirt,599.00
Civil Baby Fiyonk Nakışlı 6-18 Ay Sweatshirt - Gri,249.99
Civil Baby Bebek Penye Sweatshirt 12-24 Ay - Mavi,169.99
Civil Baby Çizgili 6-18 Ay Gömlek - Kahverengi,399.00
Civil Baby Jakarlı 6-18 Ay Gömlek - Kahverengi,199.99
Civil Baby Çizgili 6-18 Ay Gömlek - Kahverengi,399.00
Civil Baby Çizgili 6-18 Ay Gömlek - Kahverengi,499.00
Civil Baby Çizgili 6-18 Ay Gömlek - Yeşil,329.00
Civil Baby Palmiye Desenli 6-18 Ay Gömlek - Haki,39.99
Civil Baby Basic 6-18 Ay Gömlek - Pembe,139.99
105193151 Zeyneva Keten U/k Alt Pat Garnılı Papyonlu 6-24 Ay Gomlek,14.99
Civil Baby Bebe Yaka Basic 6-18 Ay Gömlek - Beyaz,69.99
Cv81kgm1133 Cıvıl Baby Keten Kus Baskılı Yakalı Bebe 6-18 Ay Gomlek - Yeşil,14.99
201194261 Cıvıl Baby Keten Ceplıaraba 6-18 Ay Gomlek - Beyaz,29.99
Civil Baby Klasik Kapak Cepli 6-18 Ay Gömlek - Kahverengi,199.99
Civil Baby Oduncu 6-18 Ay Gömlek - Lacivert,299.00
Civil Baby Bebe Yaka Basic 6-18 Ay Gömlek - Lila,69.99
Civil Baby Klasik Pitikareli Cep Nakışlı 6-18 Ay Gömlek - Pembe,69.99
201194211 Cıvıl Baby Keten Garnılı 6-18 Ay Gomlek - Mavi,16.99
101191911 Zeyneva Keten U/k Hakım Yaka Ilık Ceplı Erkek 6-24 Ay Gomlek,19.99
Civil Baby Düz Müslin 6-18 Ay Gömlek - Turuncu,399.00
Civil Baby Kapak Cepli Nakışlı 6-18 Ay Gömlek - Beyaz,69.99
Civil Baby Kapak Cepli Born To Be 6-18 Ay Gömlek - Mavi,199.99
353 Cıvıl Baby Keten Hakım Yaka Bebe 6-18 Ay Gomlek - Ekru,26.99
Civil Baby Düz Hakim Yaka 6-18 Ay Gömlek - Beyaz,299.00
Civil Baby Kol Lastıklı 6-18 Ay Gömlek - Ekru,499.00
Cıvıl Baby Keten Kaktus 6-18 Ay Gomlek - Beyaz,26.99
Civil Baby Cep Tavşan Nakışlı 6-18 Ay Gömlek - Pembe,199.99
Cıvıl Baby Keten Arabalar Baskılı Ceplı 6-18 Ay Gomlek - Beyaz,29.99
Civil Baby Basic 6-18 Ay Gömlek - Lila,139.99
Civil Baby Çizgili 6-18 Ay Gömlek - Mavi,399.00
Civil Baby Oduncu 6-18 Ay Gömlek - Yeşil,299.00
Civil Baby Papyonlu 6-18 Ay Gömlek - Beyaz,249.99
Civil Baby Müslin Uzun Kol 6-18 Ay Gömlek - Bej,449.00
Civil Baby Basic 6-18 Ay Gömlek - Ekru,139.99
Civil Baby Çiçek Nakışlı 6-18 Ay Gömlek - Lila,139.99
Civil Baby Çiçek Baskılı 6-18 Ay Gömlek - Mavi,299.00
Cıvıl Baby Keten Cıcek Cılek Baskılı 6-18 Ay Gomlek - Yeşil,49.99
Cıvıl Baby Keten Arabalar Baskılı Ceplı 6-18 Ay Gomlek - Mavi,29.99
Timo U/K Kız Nervürlü Şönil 1-18 Ay Gömlek - Pudra,129.99
Civil Baby Kapak Cepli Nakışlı 6-18 Ay Gömlek - Bordo,69.99
Civil Baby Düz Yakalı 6-18 Ay Gömlek - Beyaz,229.99
Civil Baby Oscar Jacket 6-18 Ay Gömlek - Gri,399.00
Civil Baby Dinozor Nakışlı Çizgili 6-18 Ay Gömlek - Mavi,399.00
Civil Baby Düz Hakim Yaka 6-18 Ay Gömlek - Mavi,299.00
250194441 Cıvıl Baby Poplın Baglamalı 6-18 Ay Gomlek - Turuncu,29.99
Civil Baby Çiçek Baskılı 6-18 Ay Gömlek - Lila,399.00
Civil Baby Düz 6-18 Ay Gömlek - Turuncu,399.00
671516 Cıvıl Baby Keten Armur Desen 6-18 Ay Gomlek - Sarı,16.99
Civil Baby Düz Hakim Yaka 6-18 Ay Gömlek - Sarı,229.99
201194211 Cıvıl Baby Keten Garnılı 6-18 Ay Gomlek - Yeşil,16.99
Civil Baby Palmiye Baskılı 6-18 Ay Gömlek - Bej,69.99
Cıvıl Baby Keten Uk Sım Bskılı 6-18 Ay Kız Gomlek - Pudra,15.99
Civil Baby Düz 6-18 Ay Gömlek - Mavi,349.00
Civil Baby Yaprak Desenli Parçalı 6-18 Ay Gömlek - Haki,49.99
Timo Ayı Süzeneli Ekose Erkek 1-18 Ay Gömlek - Mavi,129.99
Civil Baby Papyonlu Yakalı Kısa Kol 6-18 Ay Gömlek - Beyaz,69.99
201194261 Cıvıl Baby Keten Ceplıaraba 6-18 Ay Gomlek - Mavi,29.99
Civil Baby Papyonlu 6-18 Ay Gömlek - Beyaz,199.99
Tm81kgm1559 Zeyneva Keten U/k Ikı Ceplı 6-24 Ay Gomlek,14.99
Civil Baby Kol Büzgülü 6-18 Ay Gömlek - Beyaz,499.00
Timo U/K Çift Cep Kapaklı1-18 Ay Gömlek - Gri,99.99
2030 Civil Baby Düz 6-18 Ay Gömlek - Gri,34.99
Civil Baby Klasik Pitikareli Cep Nakışlı 6-18 Ay Gömlek - Kırmızı,69.99
Cıvıl Baby Keten Arabalar Baskılı Ceplı 6-18 Ay Gomlek - Sarı,29.99
Timo U/K Kız Ekose 6-24 Ay Gömlek - Pudra,129.99
Civil Baby Oduncu 6-18 Ay Gömlek - Hardal,299.00
Civil Baby Düz Yakalı 6-18 Ay Gömlek - Mavi,229.99
Civil Baby Yaprak Desenli Parçalı 6-18 Ay Gömlek - Lacivert,49.99
Civil Baby Kapak Cepli Nakışlı 6-18 Ay Gömlek - Haki,69.99
Civil Baby Papyonlu 6-18 Ay Gömlek - Mavi,199.99
Civil Baby Oscar Jacket 6-18 Ay Gömlek - Kahverengi,399.00
Civil Baby Papyonlu Yakalı Uzun Kol 6-18 Ay Gömlek - Beyaz,129.99
Civil Baby Kapüşonlu Oduncu 6-18 Ay Gömlek - Haki,199.99
Civil Baby Dinozor Nakışlı 6-18 Ay Gömlek - Lacivert,399.00
Civil Baby Papatya Baskılı Volan Kol 6-18 Ay Gömlek - Lila,24.99
Civil Baby Düz Hakim Yaka 6-18 Ay Gömlek - Kahverengi,299.00
Civil Baby Trend Best Etiketli 6-18 Ay Gömlek - Hardal,99.99
Civil Baby Düz 6-18 Ay Gömlek - Bej,399.00
Civil Baby Cep Tavşan Nakışlı 6-18 Ay Gömlek - Lila,199.99
Civil Baby Oduncu 6-18 Ay Gömlek - Bej,299.00
Civil Baby Düz Hakim Yaka 6-18 Ay Gömlek - Mavi,229.99
Civil Baby Araba Baskılı 6-18 Ay Gömlek - Beyaz,31.99
Zeyneva Keten U/k Tek Ceplı 6-24 Ay Gomlek,14.99
Civil Baby Basic 6-18 Ay Gömlek - Haki,499.00
353 Cıvıl Baby Keten Hakım Yaka Bebe 6-18 Ay Gomlek - Mavi,26.99
Civil Baby Harf Baskılı 6-18 Ay Gömlek - Lacivert,29.99
Civil Baby Tek Cep 6-18 Ay Gömlek - Haki,299.00
Timo Kaplan Kafalı Büyük Ekose Erkek 6-24 Ay Gömlek - Yeşil,129.99
Civil Baby Basic 6-18 Ay Gömlek - Hardal,499.00
Civil Baby Papatya Baskılı Volan Kol 6-18 Ay Gömlek - Haki,24.99
Civil Baby Klasik Forget To Rules 6-18 Ay Gömlek - Haki,199.99
Cıvıl Baby Keten Hakım Yaka Bebe 6-18 Ay Gomlek - Yeşil,15.99
Civil Baby Klasik 6-18 Ay Gömlek - Kahverengi,399.00
Civil Baby Bebe Yaka 6-18 Ay Gömlek - Pudra,199.99
105193171 Zeyneva Keten U/k Cıft Katlı Papyonlu 6-24 Ay Gomlek,14.99
Civil Baby Basic 6-18 Ay Gömlek - Yeşil,139.99
Civil Baby Aslan Baskılı 6-18 Ay Gömlek - Ekru,119.99
250194441 Cıvıl Baby Poplın Baglamalı 6-18 Ay Gomlek - Fusya,29.99
Civil Baby Harf Baskılı 6-18 Ay Gömlek - Sarı,29.99
Civil Baby Düz Hakim Yaka 6-18 Ay Gömlek - Ekru,299.00
Civil Baby Düz Yakalı 6-18 Ay Gömlek - Kahverengi,229.99
Civil Baby Dinazor Baskılı 6-18 Ay Gömlek - Ekru,69.99
Civil Baby Püskürtme Desen 6-18 Ay Gömlek - Kahverengi,39.99
Civil Baby Düz Yakalı 6-18 Ay Gömlek - Ekru,229.99
Cıvıl Baby Keten Kaktus 6-18 Ay Gomlek - Mavi,26.99
Cıvıl Baby Keten Hakım Yaka Bebe 6-18 Ay Gomlek - Sarı,15.99
Civil Baby Oduncu 6-18 Ay Gömlek - Lacivert,299.00
201194261 Cıvıl Baby Keten Ceplıaraba 6-18 Ay Gomlek - Sarı,29.99
Civil Baby Kadife 6-18 Ay Gömlek - Ekru,299.00
Civil Baby Çiçek Nakışlı 6-18 Ay Gömlek - Mavi,699.00
Civil Baby Dantel Yaka 6-18 Ay Gömlek - Ekru,499.00
Civil Baby Kareli Oduncu 6-18 Ay Gömlek - Kırmızı,199.99
Civil Baby Papyonlu Yakalı Kısa Kol 6-18 Ay Gömlek - Kırmızı,69.99
671516 Cıvıl Baby Keten Armur Desen 6-18 Ay Gomlek - Beyaz,16.99
Civil Baby Klasik Kapak Cepli 6-18 Ay Gömlek - Mavi,199.99
Cıvıl Baby Keten Hakım Yaka Bebe 6-18 Ay Gomlek - Mavi,15.99
250192611 Cıvıl Baby Kot Yaka Nakıslı 6-18 Ay Gomlek - Mavi,21.99
Cıvıl Baby Keten Cıcek Cılek Baskılı 6-18 Ay Gomlek - Pembe,49.99
Civil Baby Papyonlu Yakalı Uzun Kol 6-18 Ay Gömlek - Lacivert,129.99
Civil Baby Basic 9-18 Ay Gömlek - Mavi,649.00
Cıvıl Baby Keten Hakım Yaka Bebe 6-18 Ay Gomlek - Beyaz,15.99
Civil Baby Püskürtme Desen 6-18 Ay Gömlek - Siyah,39.99
Civil Baby Müslin Kısa Kol 6-18 Ay Gömlek - Bej,399.00
Civil Baby Çizgili 6-18 Ay Gömlek - Mavi,349.00
Civil Baby Oduncu 6-18 Ay Gömlek - Bordo,299.00
Civil Baby Yelken Baskılı 6-18 Ay Gömlek - Mavi,399.00
Civil Baby Düz Yakalı 6-18 Ay Gömlek - Mavi,299.00
Civil Baby Klasik Kapak Cepli 6-18 Ay Gömlek - Haki,199.99
Civil Baby Çiçek Nakışlı 6-18 Ay Gömlek - Ekru,139.99
Civil Baby Düz Yakalı 6-18 Ay Gömlek - Kahverengi,299.00
Civil Baby Düz Yakalı 6-18 Ay Gömlek - Beyaz,299.00
Civil Baby Oduncu 6-18 Ay Gömlek - Lacivert,299.00
Civil Baby Klasik Forget To Rules 6-18 Ay Gömlek - Beyaz,199.99
Civil Baby Puan Baskılı Kadife 6-18 Ay Gömlek - Bej,399.00
Civil Baby Papyonlu Yakalı Uzun Kol 6-18 Ay Gömlek - Pembe,129.99
Civil Baby Papyonlu 6-18 Ay Gömlek - Mavi,249.99
Civil Baby Çizgili 6-18 Ay Gömlek - Kahverengi,349.00
Civil Baby Dinozor Nakışlı 6-18 Ay Gömlek - Beyaz,399.00
Civil Baby Klasik Forget To Rules 6-18 Ay Gömlek - Kırmızı,199.99
Civil Baby Klasik Kapak Cepli 6-18 Ay Gömlek - Bordo,199.99
Civil Baby Müslin Uzun Kol 6-18 Ay Gömlek - Mavi,449.00
Civil Baby Müslin Uzun Kol 6-18 Ay Gömlek - Gri,449.00
Civil Baby Kareli Oduncu 6-18 Ay Gömlek - Hardal,199.99
Timo U/K Kız Nervürlü Şönil 1-18 Ay Gömlek - Yeşil,129.99
Civil Baby Çizgili 6-18 Ay Gömlek - Ekru,499.00
Civil Baby Düz Yakalı 6-18 Ay Gömlek - Sarı,229.99
Civil Baby Düz Yakalı 6-18 Ay Gömlek - Sarı,299.00
Civil Baby Klasik Forget To Rules 6-18 Ay Gömlek - Bordo,199.99
Civil Baby Papyonlu Yakalı Uzun Kol 6-18 Ay Gömlek - Mavi,129.99
101195351 Zeyneva Keten U/k Tek Ceplı Kaktus Baskılı 6-24 Ay Gomlek,14.99
353 Cıvıl Baby Keten Hakım Yaka Bebe 6-18 Ay Gomlek - Yeşil,26.99
Civil Baby Müslin Kısa Kol 6-18 Ay Gömlek - Gri,399.00
201194211 Cıvıl Baby Keten Garnılı 6-18 Ay Gomlek - Beyaz,16.99
Tımo Gabardın Cep Kapaklı Ek Gomlek,24.99
Civil Baby Klasik 6-18 Ay Gömlek - Kahverengi,329.00
Cıvıl Baby Keten Dondurma Baskılı 6-18 Ay Gomlek - Pembe,29.99
Civil Baby Bebe Yaka 6-18 Ay Gömlek - Lila,199.99
Civil Baby Hayvan Baskılı 6-18 Ay Gömlek - Ekru,399.00
150196651 Zeyneva Keten U/k Cıft Fırfır Ceplı Gomlek,14.99
Cv81kgm1133 Cıvıl Baby Keten Kus Baskılı Yakalı Bebe 6-18 Ay Gomlek - Pembe,14.99
Civil Baby Palmiye Desenli 6-18 Ay Gömlek - Sarı,39.99
Cıvıl Baby Keten Uk Sım Bskılı 6-18 Ay Kız Gomlek - Ekru,15.99
Civil Baby Müslin 6-18 Ay Gömlek - Ekru,399.00
Civil Baby Oduncu 6-18 Ay Gömlek - Bej,299.00
Cıvıl Baby Keten Cıcek Cılek Baskılı 6-18 Ay Gomlek - Ekru,49.99
Civil Baby Müslin Uzun Kol 6-18 Ay Gömlek - Kahverengi,449.00
Civil Baby Düz Yakalı 6-18 Ay Gömlek - Ekru,299.00
Civil Baby Müslin Kısa Kol 6-18 Ay Gömlek - Hardal,399.00
Civil Baby Oxford Gemi Baskılı 6-18 Ay Gömlek - Beyaz,69.99
Cıvıl Baby Keten Dondurma Baskılı 6-18 Ay Gomlek - Ekru,29.99
Civil Baby Kareli Oduncu 6-18 Ay Gömlek - Beyaz,199.99
101193291 Zeyneva Keten U/k Robalı Pat Serıt Parcalı 6-24 Ay Gomlek,14.99
Civil Baby Kapak Cepli Born To Be 6-18 Ay Gömlek - Kırmızı,199.99
353 Cıvıl Baby Keten Hakım Yaka Bebe 6-18 Ay Gomlek - Sarı,26.99
2030 Civil Baby Düz 6-18 Ay Gömlek - Yeşil,34.99
Civil Baby Çiçek Nakışlı 6-18 Ay Gömlek - Pembe,139.99
Civil Baby Papyonlu Yakalı Uzun Kol 6-18 Ay Gömlek - Kırmızı,129.99
Civil Baby Müslin Kısa Kol 6-18 Ay Gömlek - Mavi,399.00
Timo U/K Kapşonlu Erkek 1-18 Ay Gömlek - Gri,129.99
Civil Baby Cep Tavşan Nakışlı 6-18 Ay Gömlek - Pudra,199.99
Civil Baby Palmiye Baskılı 6-18 Ay Gömlek - Mavi,69.99
Civil Baby Papyonlu Yakalı Kısa Kol 6-18 Ay Gömlek - Pembe,69.99
Civil Baby Düz Hakim Yaka 6-18 Ay Gömlek - Kahverengi,229.99
Civil Baby Düz Hakim Yaka 6-18 Ay Gömlek - Sarı,299.00
Timo Ekoseli Yazılı 1-18 Ay Gömlek - Mavi,129.99
Civil Baby Yunus Balığı Baskılı 6-18 Ay Gömlek - Beyaz,399.00
Civil Baby Klasik Forget To Rules 6-18 Ay Gömlek - Hardal,199.99
Civil Baby Ekose Desenli 6-18 Ay Gömlek - Yeşil,99.99
Civil Baby Çizgili 6-18 Ay Gömlek - Gri,399.00
Civil Baby Düz Hakim Yaka 6-18 Ay Gömlek - Ekru,229.99
Civil Baby Palmiye Baskılı 6-18 Ay Gömlek - Haki,69.99
Civil Baby Bebe Yaka Basic 6-18 Ay Gömlek - Pembe,69.99
Civil Baby Papyonlu Yakalı Kısa Kol 6-18 Ay Gömlek - Mavi,69.99
Cıvıl Baby Keten Dondurma Baskılı 6-18 Ay Gomlek - Yeşil,29.99
Civil Baby Ekose Desenli 6-18 Ay Gömlek - Lacivert,99.99
Civil Baby Düz Hakim Yaka 6-18 Ay Gömlek - Beyaz,229.99
250192611 Cıvıl Baby Kot Yaka Nakıslı 6-18 Ay Gomlek - Mavi,21.99
671516 Cıvıl Baby Keten Armur Desen 6-18 Ay Gomlek - Yeşil,16.99
Civil Baby Aslan Empirmeli 6-18 Ay Şort - Mavi,249.99
Civil Boys 3'lü Set 6-18 Ay Şort,449.00
Civil Baby Süs Etiketli 6-18 Ay Şort - Yeşil,249.99
Civil Baby Erkek Bebek Balık Empirme 6-18 Ay Şort - Lacivert,249.99
Civil Baby Kız Bebek Düz Cepli 6-18 Ay Şort - Pudra,199.99
Civil Baby Basic Karyoka Dikişli 6-18 Ay Şort - Turuncu,199.99
Civil Baby Yandan Dikişli 3-24 Ay Unisex Şort - Lila,119.99
Civil Baby Çiçek Empirmeli 6-18 Ay Şort - Fil Dişi,199.99
Civil Baby Beli Ribanalı 6-18 Ay Şort - Bej,299.00
Civil Baby Yandan Dikişli 3-24 Ay Unisex Şort - Beyaz,119.99
Civil Baby Bel Lastikli Filotolu 6-18 Ay Şort - Haki,299.00
Civil Baby Bel Ribanalı Bağcıklı 6-18 Ay Şort - Kırmızı,249.99
Civil Baby Yandan Dikişli 3-24 Ay Unisex Şort - Mavi,119.99
Civil Baby Çiçek Desenli 6-18 Ay Şort - Pembe,199.99
Civil Baby Yandan Dikişli 3-24 Ay Unisex Şort - Gri,119.99
Civil Baby Bel Lastikli Filotolu 6-18 Ay Şort - Beyaz,299.00
Civil Baby Beli Ribanalı 6-18 Ay Şort - Pudra,299.00
Civil Baby Düz Basic 6-18 Ay Şort - Siyah,119.99
Civil Baby Papatya Kabartmalı 6-18 Ay Şort - Ekru,199.99
Civil Baby Ribanalı 6-18 Ay Erkek Kapri - Bej,169.99
Civil Baby Paça Lastikli 6-18 Ay Kız Şort - Pudra,129.99
Civil Baby Papatya Kabartmalı 6-18 Ay Şort - Pudra,199.99
Civil Baby Erkek Bebek Balık Empirme 6-18 Ay Şort - Beyaz,249.99
Civil Baby Basic Etiketli 6-18 Ay Kapri - Hardal,199.99
Civil Baby Yandan Dikişli 3-24 Ay Unisex Şort - Kırmızı,119.99
Civil Baby Kız Bebek Düz Cepli 6-18 Ay Şort - Yeşil,199.99
Civil Baby Yaprak Empirme 6-18 Ay Şort - Ekru,199.99
Civil Baby Bel Lastikli Filotolu 6-18 Ay Şort - Bej,299.00
Civil Baby Papatya Baskılı 6-18 Ay Şort - Yeşil,179.99
Civil Baby Yıkamalı 6-18 Ay Şort - Mavi,249.99
Civil Baby Yandan Dikişli 3-24 Ay Unisex Şort - Mavi,119.99
Civil Baby Yandan Dikişli 3-24 Ay Unisex Şort - Lila,119.99
Civil Baby Deri Düz 9-18 Ay Şort - Siyah,199.99
Civil Baby Çiçek Empirmeli 6-18 Ay Şort - Haki,199.99
Civil Baby Süs Etiketli 6-18 Ay Şort - Mavi,249.99
Civil Baby Müslin 3-12 Ay Şort - Ekru,249.99
Civil Baby Çiçek Empirmeli 6-18 Ay Şort - Hardal,199.99
Civil Baby Yandan Dikişli 3-24 Ay Unisex Şort - Gri,119.99
Civil Baby Bel Lastikli Filotolu 6-18 Ay Şort - Sarı,299.00
Civil Baby Paça Lastikli 6-18 Ay Kız Şort - Lila,129.99
Civil Baby Paça Lastikli 6-18 Ay Kız Şort - Sarı,129.99
Civil Baby Çiçek Baskılı 6-18 Ay Şort - Pembe,249.99
Civil Baby Kız Bebek Düz Cepli 6-18 Ay Şort - Pembe,199.99
Civil Baby Kargo Cepli 6-18 Ay Kapri - Kahverengi,269.00
Civil Baby Düz Basic 6-18 Ay Şort - Gri,119.99
Civil Baby Basic Karyoka Dikişli 6-18 Ay Şort - Pudra,199.99
Civil Baby Kız Bebek Düz Cepli 6-18 Ay Şort - Lila,199.99
Civil Baby Düz Basic 6-18 Ay Şort - Pudra,119.99
Civil Baby Basic Etiketli 6-18 Ay Kapri - Gri,199.99
Civil Baby Bel Lastikli Filotolu 6-18 Ay Şort - Bej,299.00
Civil Baby Çizgili 6-18 Ay Kapri - Gri,299.00
Civil Baby Ribanalı 6-18 Ay Erkek Kapri - Pudra,169.99
Civil Baby Paça Büzgülü Çiçek Empirme 6-18 Ay Şort - Beyaz,249.99
Civil Baby Çizgili 6-18 Ay Şort - Kırmızı,299.00
Civil Baby Müslin 6-18 Ay Şort - Hardal,299.00
Civil Baby Kız Bebek Düz Cepli 6-18 Ay Şort - Bej,199.99
Civil Baby Bel Fiyonklu Düz 6-18 Ay Şort - Pembe,199.99
Civil Baby Yandan Dikişli 3-24 Ay Unisex Şort - Mavi,119.99
Civil Baby Ayı Surat Nakış Cepli 6-18 Ay Erkek Şort - Kırmızı,149.99
Civil Baby Çizgili 6-18 Ay Şort - Mavi,299.00
Civil Baby Beli Ribanalı 6-18 Ay Şort - Pembe,299.00
Civil Baby Ribanalı 6-18 Ay Erkek Kapri - Yeşil,169.99
Civil Baby Beli Ribanalı 6-18 Ay Şort - Fusya,299.00
Civil Baby Yandan Dikişli 3-24 Ay Unisex Şort - Sarı,119.99
Civil Baby Yandan Dikişli 3-24 Ay Unisex Şort - Gri,119.99
Civil Baby Düz Basic 6-18 Ay Şort - Lila,119.99
Civil Baby Müslin 6-18 Ay Şort - Bej,299.00
Civil Baby Düz Basic 6-18 Ay Şort - Sarı,119.99
Civil Baby Yandan Dikişli 3-24 Ay Unisex Şort - Siyah,119.99
Civil Baby Kaplan Çizgi Empirme Askılı 6-18 Ay Şort - Fil Dişi,249.99
Civil Baby Yandan Dikişli 3-24 Ay Unisex Şort - Pudra,119.99
Civil Baby Müslin 6-18 Ay Şort - Gri,299.00
Civil Baby Fiyonklu Deri 6-18 Ay Şort - Siyah,349.00
Civil Baby Yandan Dikişli 3-24 Ay Unisex Şort - Ekru,119.99
Civil Baby Bel Lastikli Filotolu 6-18 Ay Şort - Lacivert,299.00
Civil Baby Çizgili Müslin 6-18 Ay Kapri - Yeşil,299.00
B26Y484 Civil Baby Fiyonk Empirmeli Kot 6-18 Ay Şort - Mavi,499.00
Civil Baby Müslin 6-18 Ay Şort - Gri,299.00
Civil Baby Paça Lastikli 6-18 Ay Kız Şort - Lila,129.99
Civil Baby Çiçek Empirmeli 6-18 Ay Şort - Pudra,199.99
Civil Baby Süet 6-18 Ay Şort - Bej,329.00
Civil Baby Yandan Dikişli 3-24 Ay Unisex Şort - Lacivert,119.99
Civil Baby Kız Bebek Düz Cepli 6-18 Ay Şort - Yeşil,199.99
Civil Baby Kargo Cepli 6-18 Ay Kapri - Haki,269.00
Civil Baby Yaprak Empirme 6-18 Ay Şort - Yeşil,199.99
Civil Baby Düz Basic 6-18 Ay Şort - Ekru,119.99
Civil Baby Çiçek Empirmeli 6-18 Ay Şort - Yeşil,199.99
Civil Baby Mini Çiçek Empirme 6-18 Ay Şort - Fil Dişi,199.99
Civil Baby Süs Etiketli 6-18 Ay Şort - Gri,249.99
Civil Baby Paça Lastikli 6-18 Ay Kız Şort - Ekru,129.99
Civil Baby Aslan Empirmeli 6-18 Ay Şort - Gri,249.99
Civil Baby Paça Lastikli 6-18 Ay Kız Şort - Gri,129.99
Civil Baby Batik Empirme 6 Ay Şort - Yeşil,79.99
Civil Baby Yandan Dikişli 3-24 Ay Unisex Şort - Haki,119.99
Civil Baby Basic 6-18 Ay Şort - Yeşil,99.99
Civil Baby Müslin 6-18 Ay Şort - Mavi,299.00
Civil Baby Papatya Baskılı 6-18 Ay Şort - Lila,179.99
Civil Baby Çizgili 6-18 Ay Şort - Bej,199.99
Civil Baby Bel Ribanalı Bağcıklı 6-18 Ay Şort - Sarı,249.99
Civil Baby Fiyonklu Tüllü 6-18 Ay Etek - Pembe,299.00
Civil Baby Fiyonklu Deri Şort 6-18 Ay Etek - Siyah,349.00
Civil Baby Fiyonklu Tüllü Deri 6-18 Ay Etek - Siyah,399.00
Civil Baby Fiyonk Empirmeli Kot 6-18 Ay Etek - Mavi,499.00
Civil Baby Şort Etek 6-18 Ay Etek - Lila,299.00
Civil Baby Deri Düz 9-18 Ay Etek - Siyah,199.99
Civil Baby Gökkuşağı Kabartmalı 6-18 Ay Etek - Ekru,249.99
Civil Baby Fiyonk Nakışlı 6-18 Ay Etek - Mavi,499.00
Civil Baby Suni Deri 9-18 Ay Etek - Siyah,349.00
Civil Baby Katlı 6-18 Ay Etek - Pembe,149.99
Civil Baby Pileli 6-18 Ay Etek - Gri,349.00
Civil Baby Süet 6-18 Ay Etek - Bej,299.00
Civil Baby Gökkuşağı Kabartmalı 6-18 Ay Etek - Pudra,249.99
Civil Baby Uğur Böceği Nakışlı 6-18 Ay Elbise - Bej,449.00
Civil Baby Çiçek Baskılı 6-18 Ay Elbise - Yeşil,369.00
Bombili Dantel Detaylı Müslin 3-12 Ay Elbise - Bej,329.00
Civil Baby Kol Fırfırlı 6-18 Ay Elbise - Gri,299.00
Civil Baby Fiyonk Empirme 6-18 Ay Elbise - Bej,329.00
Civil Baby Yaka Nakışlı Fiyonklu 6-18 Ay Elbise - Kahverengi,199.99
Civil Baby Yakası Nakışlı 6-18 Ay Elbise - Gri,499.00
Civil Baby Bebe Yaka 6-18 Ay Elbise - Bej,699.00
Civil Baby Çiçek Nakışlı 6-18 Ay Elbise - Ekru,699.00
Civil Baby Bebe Yaka 6-18 Ay Elbise - Gri,599.00
Civil Baby Askılı Çıkmalı 6-18 Ay Elbise - Pembe,79.99
Civil Baby Eteği Büzgülü 6-18 Ay Jile ve Elbise - Pembe,299.00
Lüks Kumru Tekstil Süs Bolerolu Bandanalı 6-18 Ay Elbise - Bej,599.00
Civil Baby Pitikare Desenli 6-18 Ay Elbise - Kahve,699.00
Civil Baby Fırfır Tüllü 3-12 Ay Elbise - Ekru,449.00
Lüks Kumru Tekstil Süs Bolerolu Bandanalı 6-18 Ay Elbise - Pudra,599.00
Lüks Kumru Tekstil Yakalı Omuz Fırfırlı 6-18 Ay Elbise - Pudra,549.00
Civil Baby Elbise 6-18 Ay - Gri,349.00
Civil Baby Dama Desen 6-18 Ay Elbise - Kahve,449.00
Lüks Kumru Roba Fistolu Bandanalı 6-18 Ay Elbise - Pembe,599.00
Zeyneva Timo Kız Kareli Elbise 6-18 Ay - Yeşil,499.00
Civil Baby Çiçek Baskılı 6-18 Ay Elbise - Mavi,299.00
Civil Baby Dalga Eskitme Çizgi Emp. Baskı-Nakışlı 6-18 Ay Elbise - Sarı,249.99
Civil Baby Dantel Yaka 6-18 Ay Elbise - Pudra,299.00
Civil Baby Deri Kulaklı Fiyonklu 9-18 Ay Elbise - Siyah,399.00
Civil Baby Karışık Fiyonk Empirme 6-18 Ay Jile ve Elbise - Gri,349.00
Civil Baby Askılı Çıkmalı 6-18 Ay Elbise - Pudra,79.99
Civil Baby Roba Fırfırlı 6-18 Ay Elbise - Bej,799.00
Tafyy Fiyonklu 3-18 Ay Elbise - Ekru,199.99
Cocoland Dantel Yaka Fiyon Detaylı 6-18 Ay Elbise - Mavi,1099.00
Zeyneva Timo Kız Uzun Kollu Denim Elbise 6-18 Ay - Siyah,499.00
Welkin Tüllü 6-18 Ay Elbise - Ekru,299.00
Zeyneva Timo Kız Bebek Puanlı Elbise 6-18 Ay - Pembe,499.00
Timo U/K Kız Ekose 1-18 Ay Elbise - Kırmızı,129.99
Civil Baby Fiyonk Empirme 6-18 Ay Elbise - Gri,329.00
Cocoland Dantel Yaka Süs Düğmeli Pileli 6-18 Ay Elbise - Lila,499.00
Timo U/K Kız Ekose 1-18 Ay Elbise - Bej,129.99
Civil Baby Tüllü 6-18 Ay Jile ve Elbise - Siyah,199.99
Civil Baby Çiçek Baskılı Düğmeli 6-18 Ay Elbise - Pudra,899.00
Civil Baby Yakası Nakışlı 6-18 Ay Elbise - Kırmızı,499.00
Timo Ekose Nakışlı 1-18 Ay Elbise - Kırmızı,129.99
Civil Baby Cep Detaylı 6-18 Ay Elbise - Lila,249.99
Timo Puanlı Nakışlı 1-18 Ay Elbise - Turuncu,169.99
Civil Baby Nakışlı 6-18 Ay Elbise - Ekru,499.00
Civil Baby Desenli 6-18 Ay Elbise - Ekru,349.00
Kumru Puantiye Nokta Baskılı 6-18 Ay Elbise - Yeşil,149.99
Civil Baby Leopar Baskılı 6-18 Ay Elbise - Kahverengi,749.00
Civil Baby Çiçek Baskılı 6-18 Ay Elbise - Bej,699.00
Timo U/K Kız Ekose 1-18 Ay Elbise - Gri,129.99
Kumru Puantiye Nokta Baskılı 6-18 Ay Elbise - Pembe,149.99
Civil Baby Kedi Nakışlı 6-18 Ay Elbise - Bej,299.00
Civil Baby Bulut Baskılı 3-18 Ay Elbise - Lila,149.99
Civil Baby Mobil Çiçekli Çizgi Emp 6-18 Ay Jile ve Elbise - Ekru,369.00
Zeyneva Timo Bebe Yaka Elbise 6-18 Ay - Bordo,499.00
Civil Baby Basic Tüllü 6-18 Ay Elbise - Lila,199.99
Civil Baby Brode Yaka Detaylı 6-18 Ay Elbise - Kırmızı,79.99
Beybek Triko 12-36 Ay Elbise - Pudra,149.99
Civil Baby Elbise 6-18 Ay - Yeşil,349.00
Beybek Triko 12-36 Ay Elbise - Mavi,149.99
Zeyneva Timo Kız Uzun Kollu Denim Elbise 6-18 Ay - Lacivert,499.00
Lüks Kumru Roba Fistolu Bandanalı 6-18 Ay Elbise - Bej,599.00
Miniworld Simli Çizgili 6-18 Ay Elbise - Lila,199.99
Civil Baby Eteği Büzgülü 6-18 Ay Jile ve Elbise - Bej,299.00
Zeyneva Timo Bebe Yaka Elbise 6-18 Ay - Turuncu,499.00
Beybek Triko 12-36 Ay Elbise - Ekru,149.99
Civil Baby Kedi Empirme Badili 6-18 Ay Elbise - Bej,399.00
Civil Baby Müslin 6-18 Ay Elbise - Kahverengi,499.00
Civil Baby Düğme Detaylı 6-18 Ay Elbise - Gri,299.00
Civil Baby Yakası Fırfırlı 6-18 Ay Elbise - Bordo,499.00
Civil Baby Yaka Fırfırlı Bel Fiyonklu 6-18 Ay Elbise - Pembe,249.99
Civil Baby Düğme ve Cepli 6-18 Ay Elbise - Bej,299.00
Kumru Puantiye Nokta Baskılı 6-18 Ay Elbise - Pudra,149.99
Civil Baby Kot 6-18 Ay Elbise - Mavi,599.00
Zeyneva Timo Kız Bebek Robalı Elbise 6-18 Ay - Gri,499.00
Civil Baby Dantel Çiçek Desenli 6-18 Ay Elbise - Ekru,649.00
Civil Baby İstiridye Empirme 6-18 Ay Jile ve Elbise - Yeşil,349.00
Civil Baby Dantel Yaka 6-18 Ay Elbise - Lila,299.00
Civil Baby Brode Yaka Detaylı 6-18 Ay Elbise - Lila,79.99
Civil Baby Mini Papatya Empirme 6-18 Ay Elbise - Yeşil,199.99
Civil Baby Çiçek Nakışlı 6-18 Ay Elbise - Pudra,349.00
Zeyneva Timo Ekose Kız 1-18 Ay Elbise - Pudra,129.99
Civil Baby Fiyonklu 6-18 Ay Elbise - Ekru,799.00
Civil Baby Çizgili 6-18 Ay Elbise - Yeşil,269.00
Bombili Çiçek Nakışlı Çizgili 1-3 Yaş Elbise - Bej,399.00
Bombili Çiçek Nakışlı Çizgili 1-3 Yaş Elbise - Pudra,399.00
Civil Baby Dal Baskılı 6-18 Ay Elbise - Haki,499.00
Civil Baby Cep Detaylı 6-18 Ay Elbise - Lila,249.99
Lüks Kumru Roba Fistolu Bandanalı 6-18 Ay Elbise - Pudra,599.00
Civil Baby Civil Basic Kalp Etiketli 6-18 Ay Elbise - Ekru,249.99
Kumru Puantiye Nokta Baskılı 6-18 Ay Elbise - Ekru,149.99
Zeyneva Timo Bebe Yaka Elbise 6-18 Ay - Sarı,499.00
Civil Baby 6-18 Ay Elbise - Kahverengi,199.99
Cocoland Dantel Yaka Süs Düğmeli Pileli 6-18 Ay Elbise - Bej,499.00
Zeyneva Timo Kız Bebek Robalı Elbise 6-18 Ay - Bordo,499.00
Zeyneva Timo Kız Bebek Puanlı Elbise 6-18 Ay - Yeşil,499.00
Timo Ekose Nakışlı 1-18 Ay Elbise - Pembe,129.99
Civil Baby Bulut Baskılı 3-18 Ay Elbise - Pudra,149.99
Zeyneva Timo Kız Bebek Robalı Elbise 6-18 Ay - Haki,499.00
Timo Ekose Nakışlı 1-18 Ay Elbise - Yeşil,129.99
Bombili Dantel Detaylı Elbise 9-24 Ay Jile ve Elbise - Bej,499.00
Cocoland Dantel Yaka Süs Düğmeli Pileli 6-18 Ay Elbise - Pembe,499.00
Civil Baby Mini Papatya Empirme 6-18 Ay Elbise - Lila,199.99
Civil Baby Süet 6-18 Ay Elbise - Bej,399.00
Zeyneva Timo Ekose Kız 1-18 Ay Elbise - Bej,129.99
Civil Baby Cep Detaylı Kedi Nakışlı 6-18 Ay Elbise - Lila,299.00
Civil Baby Dama Desen 6-18 Ay Elbise - Pudra,449.00
Civil Baby Askılı Çıkmalı 6-18 Ay Elbise - Lila,79.99
Bombili Çiçek Nakışlı Çizgili 1-3 Yaş Elbise - Haki,399.00
Civil Baby Kurdeleli 6-18 Ay Elbise - Lila,499.00
Zeyneva Timo Ekose Kız 1-18 Ay Elbise - Kırmızı,129.99
Civil Baby Eteği Büzgülü 6-18 Ay Jile ve Elbise - Bordo,299.00
Civil Baby Çiçek Nakışlı 6-18 Ay Elbise - Mavi,499.00
Zeyneva Timo Kız Bebek Puanlı Elbise 6-18 Ay - Siyah,499.00
Lüks Kumru Tekstil Yakalı Omuz Fırfırlı 6-18 Ay Elbise - Pembe,549.00
Civil Baby Puanlı Yaka Detaylı 6-18 Ay Elbise - Turuncu,299.00
Beybek Triko 12-36 Ay Elbise - Bej,149.99
Timo Bebe Yaka Baskılı Etekli 6-24 Ay Elbise - Mavi,149.99
Civil Baby Brode Yaka Detaylı 6-18 Ay Elbise - Yeşil,79.99
Civil Baby Çizgili 6-18 Ay Elbise - Lacivert,269.00
Civil Baby Dantel Bel Fiyonklu 6-18 Ay Elbise - Ekru,699.00
Civil Baby Kol Fırfırlı 6-18 Ay Elbise - Kahve,299.00
Civil Baby Cep Detaylı Kedi Nakışlı 6-18 Ay Elbise - Gri,299.00
Civil Baby Çilek Empirme 6-18 Ay Elbise - Kırmızı,649.00
Civil Baby Kız Bebek Cepli 6-18 Ay Elbise - Siyah,449.00
Cocoland Dantel Yaka Süs Düğmeli Pileli 6-18 Ay Elbise - Pudra,499.00
Civil Baby Tüllü 6-18 Ay Jile ve Elbise - Lila,199.99
Civil Baby Düğme Detaylı 6-18 Ay Elbise - Lila,299.00
Bombili Fiyonklu Dantel Detaylı 12-36 Ay Elbise - Haki,399.00
Cocoland Dantel Yaka Süs Düğmeli Pileli 6-18 Ay Elbise - Yeşil,499.00
Civil Baby Basic Tüllü 6-18 Ay Elbise - Bordo,199.99
Lüks Kumru Tekstil Yakalı Omuz Fırfırlı 6-18 Ay Elbise - Bej,549.00
Civil Baby Çiçek Baskı Yakalı 6-18 Ay Elbise - Pudra,499.00
Civil Baby Püsküllü Şeritli 6-18 Ay Elbise - Ekru,599.00
Civil Baby Pitikare Desenli 6-18 Ay Elbise - Yeşil,699.00
Beybek Triko 12-36 Ay Elbise - Yeşil,149.99
Civil Baby Dantel 6-18 Ay Elbise - Ekru,549.00
Civil Baby Leopar Desen 6-18 Ay Elbise - Kahve,599.00
Civil Baby Yakası Fırfırlı 6-18 Ay Elbise - Pembe,499.00
Civil Baby Düğme ve Cepli 6-18 Ay Elbise - Lila,299.00
Civil Baby Bel Lastikli 6-18 Ay Pantolon - Haki,249.99
Civil Baby Basic 6-18 Ay Pantolon - Mavi,499.00
Civil Baby Bel Lastikli Filotolu 6-18 Ay Pantolon - Hardal,199.99
Civil Baby Baggy 6-18 Ay Pantolon - Mavi,599.00
Civil Baby Wıde Leg 6-18 Ay Pantolon - Bej,429.00
Civil Baby Dal Baskılı 6-18 Ay Pantolon - Haki,299.00
Civil Baby Basic 6-18 Ay Pantolon - Lila,299.00
Civil Baby Kargo Cepli 6-18 Ay Pantolon - Pembe,399.00
Civil Baby Çizgili 6-18 Ay Pantolon - Kahverengi,399.00
Civil Baby Adrian Klasik 6-18 Ay Pantolon - Kahve,299.00
Civil Baby Derin Cepli 6-18 Ay Pantolon - Bej,299.00
Civil Baby Bel Fırfırlı 6-18 Ay Pantolon - Lila,429.00
Civil Baby Bağcıklı 6-18 Ay Pantolon - Gri,449.00
Civil Baby Çiçek Nakışlı İspanyol Paça 6-18 Ay Pantolon - Pudra,449.00
Civil Baby Müslin Basic 6-18 Ay Pantolon - Ekru,349.00
Civil Baby Cepli 6-18 Ay Pantolon - Lila,299.00
Civil Baby Bel Lastikli Filotolu 6-18 Ay Pantolon - Haki,199.99
Civil Baby Deri Etiketli 6-18 Ay Pantolon - Yeşil,349.00
Civil Baby Skate Baggy 6-18 Ay Pantolon - Mavi,549.00
Civil Baby Tom Slım 6-18 Ay Pantolon - Siyah,499.00
Civil Baby Müslin Basic 6-18 Ay Pantolon - Pembe,349.00
Civil Baby İspanyol Paça 6-18 Ay Pantolon - Lila,399.00
Civil Baby Kargo Cepli Jogger 9-18 Ay Pantolon - Haki,249.99
Civil Baby Bel Fırfırlı 6-18 Ay Pantolon - Fusya,429.00
Civil Baby İspanyol Paça 6-18 Ay Pantolon - Pudra,399.00
Civil Baby Müslin 6-18 Ay Pantolon - Bej,349.00
Civil Baby Flara Fit 6-18 Ay Pantolon - Pembe,429.00
Civil Baby Erkek Bebek İnce Kot 6-18 Ay Pantolon - Mavi,399.00
Civil Baby Cepli 6-18 Ay Pantolon - Bej,299.00
Civil Baby Loe Jogger 6-18 Ay Pantolon - Mavi,549.00
Civil Baby Wıde Leg 6-18 Ay Pantolon - Mavi,549.00
Civil Baby Kargo Cepli Jogger 9-18 Ay Pantolon - Kahve,249.99
Civil Baby Çizgili 6-18 Ay Pantolon - Kırmızı,399.00
Civil Baby Kargo Cepli Jogger 9-18 Ay Pantolon - Turuncu,249.99
Civil Baby Dinozor Nakışlı 6-18 Ay Pantolon - Gri,599.00
Civil Baby Joan Kargo 6-18 Ay Pantolon - Bej,499.00
Civil Baby Wıde Leg 6-18 Ay Pantolon - Mavi,549.00
Civil Baby Bel Fırfırlı 6-18 Ay Pantolon - Bej,429.00
Civil Baby Müslin 6-18 Ay Pantolon - Mavi,349.00
Civil Baby Adrian Klasik 6-18 Ay Pantolon - Haki,299.00
Civil Baby Wıde Leg 6-18 Ay Pantolon - Gri,549.00
Civil Baby Kargo 6-18 Ay Pantolon - Haki,299.00
Civil Baby Örme Kumaş 6-18 Ay Pantolon - Haki,499.00
Civil Baby Flara Fit 6-18 Ay Pantolon - Siyah,429.00
Civil Baby Paça Detaylı 6-18 Ay Pantolon - Lila,249.99
Civil Baby Kargo Cepli Jogger 9-18 Ay Pantolon - Pudra,249.99
Civil Baby Örme Kumaş 6-18 Ay Pantolon - Kahverengi,499.00
Civil Baby Flara Fit 6-18 Ay Pantolon - Bej,429.00
Civil Baby Alfonso Carpenter 6-18 Ay Pantolon - Kahverengi,249.99
Civil Baby Alfonso Carpenter 6-18 Ay Pantolon - Gri,249.99
Civil Baby Düğme Detaylı 6-18 Ay Pantolon - Bej,449.00
Civil Baby İspanyol Paça 6-18 Ay Pantolon - Pembe,399.00
Civil Baby Süet 6-18 Ay Pantolon - Bej,349.00
Civil Baby Basic 6-18 Ay Pantolon - Gri,299.00
Civil Baby Bel ve Paça Ribanalı 6-18 Ay Pantolon - Haki,199.99
Civil Baby Çiçek Desenli 6-18 Ay Pantolon - Pembe,199.99
Civil Baby Kargo Cepli Kot 6-18 Ay Pantolon - Mavi,449.00
Civil Baby Düğmeli 6-18 Ay Pantolon - Lila,299.00
Civil Baby Çizgili 6-18 Ay Pantolon - Ekru,399.00
Civil Baby Kargo 6-18 Ay Pantolon - Kahve,299.00
Civil Baby Bel Fırfırlı 6-18 Ay Pantolon - Pembe,429.00
Civil Baby Glory Slım 6-18 Ay Pantolon - Mavi,549.00
Civil Baby Bol Paça 6-18 Ay Pantolon - Beyaz,299.00
Civil Baby Glory Slım 6-18 Ay Pantolon - Mavi,549.00
Civil Baby Bel Lastikli Yandan Cepli 4 Düğme 6-18 Ay Pantolon - Mavi,349.00
Civil Baby Bel Fırfırlı 6-18 Ay Pantolon - Turuncu,99.99
Civil Baby Loe Jogger 6-18 Ay Pantolon - Mavi,549.00
Civil Baby Mary Mom 6-18 Ay Pantolon - Gri,549.00
Civil Baby Kargo Cepli İnce Kot 6-18 Ay Pantolon - Mavi,499.00
Civil Baby Glory Slım 6-18 Ay Pantolon - Siyah,549.00
Civil Baby Basic Jogger 9-18 Ay Pantolon - Lacivert,199.99
Civil Baby Bol Paça 6-18 Ay Pantolon - Pembe,299.00
Civil Baby Bel Fırfırlı 6-18 Ay Pantolon - Gri,429.00
Civil Baby Müslin 6-18 Ay Pantolon - Gri,349.00
Civil Baby Flara Fit 6-18 Ay Pantolon - Lila,429.00
Civil Baby Luk Kargo 6-18 Ay Pantolon - Mavi,549.00
Civil Baby Straıght Lennon 6-18 Ay Pantolon - Gri,549.00
Civil Baby Ekose Desenli 6-18 Ay Eşofman Altı - Lacivert,99.99
Civil Baby Çiçek Empirmeli 6-18 Ay Pantolon - Hardal,299.00
Civil Baby Çiçek Nakışlı Straight 6-18 Ay Pantolon - Mavi,599.00
Civil Baby Kargo Cepli 6-18 Ay Pantolon - Lila,399.00
Civil Baby Adrian Klasik 6-18 Ay Pantolon - Gri,299.00
Civil Baby Bağcıklı 6-18 Ay Pantolon - Beyaz,349.00
Civil Baby Joan Kargo 6-18 Ay Pantolon - Siyah,499.00
Civil Baby Pençli 6-18 Ay Pantolon - Gri,299.00
Civil Baby Basic 6-18 Ay Pantolon - Mavi,499.00
Civil Baby Adrian Klasik 6-18 Ay Pantolon - Lacivert,299.00
Civil Baby Kargo Cepli Jogger 9-18 Ay Pantolon - Lacivert,249.99
Civil Baby Bel Lastikli Filotolu 6-18 Ay Pantolon - Turuncu,199.99
Civil Baby Müslin 6-18 Ay Pantolon - Kahverengi,349.00
Civil Baby Tom Slım 6-18 Ay Pantolon - Mavi,499.00
Civil Baby Flara Carmen 6-18 Ay Pantolon - Siyah,549.00
Civil Baby Kargo 6-18 Ay Pantolon - Lacivert,299.00
Civil Baby Müslin Basic 6-18 Ay Pantolon - Pudra,349.00
Civil Baby Basic 6-18 Ay Pantolon - Bej,299.00
Civil Baby Joan Kargo 6-18 Ay Pantolon - Haki,499.00
Civil Baby Basic 6-18 Ay Pantolon - Bej,399.00
Civil Baby Kargo Cepli Jogger 9-18 Ay Pantolon - Pembe,249.99
Civil Baby Flara Carmen 6-18 Ay Pantolon - Mavi,549.00
Civil Baby Straıght Lennon 6-18 Ay Pantolon - Mavi,549.00
Civil Baby Basic Jogger 9-18 Ay Pantolon - Pudra,199.99
Civil Baby Deri Etiketli 6-18 Ay Pantolon - Bej,349.00
Civil Baby Wıde Leg 6-18 Ay Pantolon - Lila,429.00
Civil Baby Örme Kumaş 6-18 Ay Pantolon - Bej,499.00
Civil Baby Mary Mom 6-18 Ay Pantolon - Mavi,549.00
Civil Baby Çiçek Empirmeli 6-18 Ay Pantolon - Yeşil,299.00
Civil Baby Müslin Kareli 6-18 Ay Pantolon - Ekru,349.00
Civil Baby Tom Slım 6-18 Ay Pantolon - Mavi,499.00
Civil Baby Bel Ribanalı Bağcıklı 6-18 Ay Pantolon - Sarı,199.99
Civil Baby Basic Jogger 9-18 Ay Pantolon - Haki,199.99
Civil Baby Düz 6-18 Ay Pantolon - Pembe,399.00
Civil Baby Çiçek Nakışlı 6-18 Ay Pantolon - Pudra,449.00
Civil Baby Pitikare Desenli 6-18 Ay Pantolon - Yeşil,219.99
Civil Baby Çizgili 6-18 Ay Pantolon - Mavi,399.00
Civil Baby Paça Büzgülü 6-18 Ay Pantolon - Pembe,299.00
Civil Baby Kelebek Taşlı 6-18 Ay Kız Uzun Tayt - Pembe,34.99
Civil Baby Kulaklı Tavşan Baskı 6-18 Ay Uzun Tayt - Kırmızı,129.99
Civil Baby Düz Model Yan Dikişsiz 6-18 Ay Uzun Tayt - Siyah,129.99
Civil Baby Papatyalı 6-18 Ay Tayt - Hardal,59.99
Civil Baby Bel Fiyonklu 6-18 Ay Tayt - Pudra,59.99
Civil Baby Tavşan Kulaklı 6-18 Ay Tayt - Lila,69.99
Civil Baby Rainbow 6-18 Ay Tayt - Pembe,44.99
Civil Baby Puanlı 6-18 Ay Tayt - Lila,59.99
Civil Baby Yandan Dikişli 6-18 Ay Kız Uzun Tayt - Mavi,29.99
Civil Baby Düz Model Yan Dikişsiz 6-18 Ay Uzun Tayt - Mavi,129.99
Civil Baby Yanları Fırfırlı 6-18 Ay Tayt - Pudra,69.99
Civil Baby Yandan Dikişli 6-18 Ay Kız Uzun Tayt - Beyaz,29.99
Civil Baby Yanları Fırfırlı 6-18 Ay Tayt - Kırmızı,69.99
Civil Baby Yanı Püsküllü 6-18 Ay Uzun Tayt - Lacivert,39.99
Civil Baby Yanı Püsküllü 6-18 Ay Uzun Tayt - Fusya,39.99
Civil Baby Balık Sırtı Desenli 9-18 Ay Tayt - Gri,29.99
Civil Baby Çizgili Emp. Happy Baskılı 6-18 Ay Tayt - Sarı,39.99
Civil Baby Yandan Dikişli 6-18 Ay Kız Uzun Tayt - Yeşil,29.99
Civil Baby Çizgili 6-18 Ay Tayt - Lila,149.99
Civil Baby Kelebek Taşlı 6-18 Ay Kız Uzun Tayt - Pudra,34.99
Civil Baby Fırfır Detaylı 6-18 Ay Tayt - Kırmızı,59.99
Civil Baby Çiçek Desenli 6-18 Ay Tayt - Pembe,14.99
Civil Baby Basic 6-18 Ay Tayt - Sarı,129.99
Civil Baby Çizgili 6-18 Ay Tayt - Lacivert,129.99
Civil Baby Yandan Dikişli 6-18 Ay Kız Uzun Tayt - Yeşil,29.99
Civil Baby İspanyol Paça 6-18 Ay Tayt - Lila,69.99
A626 Kujju Lkr Sprm Capa Can Sımıdı Emp 6-18 Ay Kız Uzun Tayt - Gri,10.99
Civil Baby Paça Volanlı 6-18 Ay Uzun Tayt - Pembe,59.99
Civil Baby Fırfırlı 6-18 Ay Tayt - Siyah,169.99
Civil Baby İspanyol Paça 6-18 Ay Tayt - Yeşil,189.99
Civil Baby Basic 6-18 Ay Tayt - Pembe,129.99
Civil Baby Papatyalı 6-18 Ay Tayt - Pembe,59.99
Civil Baby Papatya 6-18 Ay Tayt - Sarı,29.99
Civil Baby Düz Model Yan Dikişsiz 6-18 Ay Uzun Tayt - Pudra,129.99
Civil Baby Gökkuşağı Nakışlı 6-18 Ay Tayt - Pudra,59.99
Civil Baby Batik Desen 6-18 Ay Tayt - Pembe,59.99
Civil Baby Mini Çiçek Baskılı 6-18 Ay Tayt - Sarı,59.99
7346 Kujju Lkr Sprm Kujju Baby Bsk 6-18 Ay Kz Uzun Tayt - Sarı,499.00
Civil Baby Yandan Dikişli 6-18 Ay Kız Uzun Tayt - Pembe,29.99
Civil Baby Paçası Welsoftlu 6-18 Ay Tayt - Gri,39.99
Civil Baby Basic 6-18 Ay Tayt - Fusya,129.99
Civil Baby Düz Model Yan Dikişsiz 6-18 Ay Uzun Tayt - Pembe,129.99
Civil Baby Geyik Desenli 6-18 Ay Tayt - Gri,14.99
Civil Baby Kontür Çiçek Baskı 6-18 Ay Tayt - Ekru,59.99
Civil Baby Çizgili 6-18 Ay Tayt - Siyah,129.99
Civil Baby Elma Nakışlı 6-18 Ay Tayt - Yeşil,89.99
Civil Baby Kalp Empirme 6-18 Ay Tayt - Fil Dişi,119.99
C570 Civil Baby Sweet Cherry Emprime 6-18 Ay Kız Uzun Tayt - Lacivert,14.99
Civil Baby Yandan Dikişli 6-18 Ay Kız Uzun Tayt - Ekru,29.99
Tweety Baskılı 6-18 Ay Tayt - Lila,69.99
Civil Baby Paça Pilisoley 9-18 Ay Tayt - Siyah,249.99
Civil Baby Dondurma Baskı 6-18 Ay Kız Uzun Tayt - Pembe,14.99
Civil Baby Yapraklı Çiçek Baskı 6-18 Ay Tayt - Turuncu,59.99
Civil Baby Basic 6-18 Ay Tayt - Fusya,79.99
Civil Baby Yapraklı Çiçek Baskı 6-18 Ay Tayt - Pembe,59.99
Civil Baby Kız Bebek Tayt 6-18 Ay - Pudra,129.99
Civil Baby Çiçekli 6-18 Ay Tayt - Turuncu,59.99
Civil Baby Düz 6-18 Ay Tayt - Lila,169.99
Civil Baby Düz Model Yan Dikişsiz 6-18 Ay Uzun Tayt - Turuncu,129.99
Civil Baby Mini Çiçek Baskılı 6-18 Ay Tayt - Turuncu,59.99
Civil Baby İspanyol Paça 6-18 Ay Tayt - Pembe,69.99
Civil Baby Düz Model Yan Dikişsiz 6-18 Ay Uzun Tayt - Beyaz,129.99
Civil Baby Gül Baskılı 6-18 Ay Tayt - Siyah,14.99
Civil Baby Düz Model Yan Dikişsiz 6-18 Ay Uzun Tayt - Pembe,129.99
Civil Baby Mini Çiçek Baskılı 6-18 Ay Tayt - Turuncu,49.99
Civil Baby Düz 6-18 Ay Tayt - Lacivert,129.99
Civil Baby Çiçek Nakışlı 6-18 Ay Tayt - Sarı,59.99
Civil Baby Deniz Yıldızı Baskı 6-18 Ay Tayt - Yeşil,59.99
Civil Baby Renkli Fil Baskı Taş 6-18 Ay Kız Tayt - Kırmızı,14.99
Civil Baby Düz Model Yan Dikişsiz 6-18 Ay Uzun Tayt - Gri,129.99
Civil Baby Mini Yaprak ve Çiçek Empirmeli 6-18 Ay Tayt - Pudra,149.99
Civil Baby Paçası Welsoftlu 6-18 Ay Tayt - Pembe,39.99
Civil Baby Yanı Püsküllü 6-18 Ay Uzun Tayt - Pudra,39.99
Civil Baby Papatya Kabartmalı 6-18 Ay Tayt - Pudra,159.99
Civil Baby Papatya 6-18 Ay Tayt - Lacivert,29.99
Civil Baby Çiçek Emp.6-18 Ay Tayt - Lila,119.99
Civil Baby Yandan Dikişli 6-18 Ay Kız Uzun Tayt - Lacivert,29.99
Civil Baby Basic 6-18 Ay Tayt - Mavi,149.99
Civil Baby Minik Uğur Böceği Empirme 6-18 Ay Tayt - Fil Dişi,129.99
Civil Baby Düz Model Yan Dikişsiz 6-18 Ay Uzun Tayt - Hardal,129.99
1568 Cıvıl Baby Suprem Flamıngo Empırme Baskılı 2'lı 6-18 Ay Tayt - Sarı,14.99
Civil Baby Ayıcık Baskılı 6-18 Ay Tayt - Pembe,39.99
Civil Baby Kar Tanesi Desenli 6-18 Ay Tayt - Fusya,14.99
Civil Baby Kelebekli 6-18 Ay Tayt - Yeşil,59.99
Civil Baby Çiçek Baskılı 6-18 Ay Tayt - Yeşil,109.99
Civil Baby Little Apple Empirmeli 6-18 Ay Tayt - Ekru,99.99
Civil Baby Fırfır Detaylı 6-18 Ay Tayt - Yeşil,119.99
Civil Baby Renkli Empirme Desenli 6-18 Ay Tayt - Lacivert,129.99
Civil Baby Kar Tanesi Desenli 6-18 Ay Tayt - Pudra,14.99
Civil Baby Düz Model Yan Dikişsiz 6-18 Ay Uzun Tayt - Pembe,129.99
Civil Baby Kalpli Leopar Empirme 6-18 Ay Tayt - Lila,89.99
Civil Baby Düz Model Yan Dikişsiz 6-18 Ay Uzun Tayt - Lacivert,129.99
Civil Baby Düz 6-18 Ay Tayt - Lila,129.99
Civil Baby Düz 6-18 Ay Tayt - Yeşil,129.99
Civil Baby Çıtır Çiçek Baskılı 6-18 Ay Tayt - Kahverengi,14.99
Civil Baby Batik Empirme 6-18 Ay Tayt - Beyaz,89.99
Civil Baby Geometrik Çiçek Desenli 6-18 Ay Tayt - Sarı,14.99
Civil Baby Kurdaleli Kedicik Baskı 6-18 Ay Kız Uzun Tayt - Pudra,14.99
Civil Baby Düz 6-18 Ay Tayt - Pembe,69.99
Civil Baby Fırfır Detaylı 6-18 Ay Tayt - Lila,59.99
Civil Baby Basic 6-18 Ay Tayt - Turuncu,79.99
Civil Baby Bel Fiyonklu 6-18 Ay Tayt - Lila,59.99
Civil Baby Kalp Empirme 6-18 Ay Tayt - Pudra,119.99
Civil Baby Çiçek Baskılı 6-18 Ay Tayt - Gri,169.99
Civil Baby Yandan Dikişli 6-18 Ay Kız Uzun Tayt - Fusya,29.99
Civil Baby Düz Model Yan Dikişsiz 6-18 Ay Uzun Tayt - Pembe,129.99
Civil Baby Summer Flamingo Emprime 6-18 Ay Kız Uzun Tayt - Pembe,12.99
Civil Baby Fitilli 6-18 Ay Tayt - Lila,99.99
Civil Baby Büyük Çiçek Baskı 6-18 Ay Tayt - Ekru,59.99
Civil Baby Düz 6-18 Ay Tayt - Gri,129.99
Civil Baby Yanı Püsküllü 6-18 Ay Uzun Tayt - Sarı,39.99
Civil Baby İspanyol Paça 6-18 Ay Tayt - Kırmızı,189.99
Civil Baby Papatya Empirme 6-18 Ay Tayt - Lila,99.99
Civil Baby Fitilli 6-18 Ay Tayt - Bordo,99.99
Civil Baby Yanı Püsküllü 6-18 Ay Uzun Tayt - Gri,39.99
Civil Baby Çizgili 6-18 Ay Tayt - Turuncu,189.99
Civil Baby Düz Model Yan Dikişsiz 6-18 Ay Uzun Tayt - Sarı,129.99
Civil Baby Deniz Yıldızı Baskı 6-18 Ay Tayt - Pembe,59.99
Civil Baby Basic 6-18 Ay Tayt - Pembe,79.99
Civil Baby Yandan Dikişli 6-18 Ay Kız Uzun Tayt - Pudra,29.99
Civil Baby Bahar Çiçeği Empirme 6-18 Ay Tayt - Lila,129.99
Civil Baby Kelebek Taşlı 6-18 Ay Kız Uzun Tayt - Lacivert,34.99
Civil Baby Papatyalı 6-18 Ay Tayt - Yeşil,59.99
Civil Baby Kedi 6-12 Ay Tayt - Pudra,39.99
C570 Civil Baby Sweet Cherry Emprime 6-18 Ay Kız Uzun Tayt - Yeşil,14.99
Civil Baby Kelebek Çiçek Baskılı 6-18 Ay Tayt - Pudra,169.99
Civil Baby Basic 6-18 Ay Tayt - Lila,79.99
Civil Baby Mini Çiçek Baskılı 6-18 Ay Tayt - Yeşil,59.99
Civil Baby Yanı Püsküllü 6-18 Ay Uzun Tayt - Siyah,39.99
Civil Baby Düz Model Yan Dikişsiz 6-18 Ay Uzun Tayt - Lila,129.99
Civil Baby Yanları Fırfırlı 6-18 Ay Tayt - Fusya,69.99
Civil Baby Kelebek Taşlı 6-18 Ay Kız Uzun Tayt - Sarı,34.99
Civil Baby Çizgili Emp. Happy Baskılı 6-18 Ay Tayt - Pudra,39.99
Civil Baby Tatlı Elma Empirme 6-18 Ay Tayt - Pudra,69.99
Civil Baby Düz Model Yan Dikişsiz 6-18 Ay Uzun Tayt - Pembe,129.99
Civil Baby Yandan Dikişli 6-18 Ay Kız Uzun Tayt - Pembe,29.99
Civil Baby Yandan Dikişli 6-18 Ay Kız Uzun Tayt - Turuncu,29.99
Civil Baby Tavşan Baskılı 3'lü Set 6-18 Ay Tayt,499.00
Civil Baby Papatyalı 6-18 Ay Tayt - Kırmızı,59.99
Civil Baby Unicorn Baskılı 6-18 Ay Tek Alt Bebe - Pembe,249.99
Civil Baby Gelincik Baskılı 6-18 Ay Tayt - Yeşil,49.99
Civil Baby Çiçek Empirme 6-18 Ay Tayt - Bej,149.99
Civil Baby Fırfır Detaylı 6-18 Ay Tayt - Yeşil,59.99
Civil Baby Kurdaleli Kedicik Baskı 6-18 Ay Kız Uzun Tayt - Gri,14.99
Civil Baby Düz Model Yan Dikişsiz 6-18 Ay Uzun Tayt - Lila,129.99
Civil Baby Yandan Dikişli 6-18 Ay Kız Uzun Tayt - Haki,29.99
Civil Baby İspanyol Paça 6-18 Ay Tayt - Fil Dişi,189.99
Civil Baby Kulaklı Tavşan Baskı 6-18 Ay Uzun Tayt - Gri,129.99
Civil Baby Deniz Yıldızı Baskı 6-18 Ay Tayt - Pudra,59.99
Civil Baby Renkli Çiçek Baskı 6-18 Ay Tayt - Ekru,59.99
Civil Baby Geometrik Kar Desenli 6-18 Ay Tayt - Kırmızı,14.99
Civil Baby Gelincik Baskılı 6-18 Ay Tayt - Lila,49.99
Civil Baby Düz Model Yan Dikişsiz 6-18 Ay Uzun Tayt - Pudra,129.99
Civil Baby Düz Model Yan Dikişsiz 6-18 Ay Uzun Tayt - Lila,129.99
Civil Baby İspanyol Paça 6-18 Ay Tayt - Pudra,189.99
Civil Baby İspanyol Paça 6-18 Ay Tayt - Kırmızı,69.99
Civil Baby Fiyonklu Deri 6-18 Ay Tayt - Siyah,399.00
Civil Baby Çiçek Nakışlı 6-18 Ay Tayt - Bej,79.99
Civil Baby Düz 6-18 Ay Tayt - Siyah,169.99
Civil Baby Yandan Dikişli 6-18 Ay Kız Uzun Tayt - Kırmızı,29.99
Civil Baby Gökkuşağı Unicorn Empirme 6-18 Ay Tayt - Beyaz,89.99
Civil Baby Düz Model Yan Dikişsiz 6-18 Ay Uzun Tayt - Lila,129.99
Civil Baby Düz 6-18 Ay Tayt - Kırmızı,169.99
7346 Kujju Lkr Sprm Kujju Baby Bsk 6-18 Ay Kz Uzun Tayt - Pembe,499.00
Civil Baby Çizgili Emp. Happy Baskılı 6-18 Ay Tayt - Yeşil,39.99
Civil Baby Düz 6-18 Ay Tayt - Pembe,169.99
Civil Baby Fırfır Detaylı 6-18 Ay Tayt - Pembe,59.99
Civil Baby Tavşan Kulaklı 6-18 Ay Tayt - Lila,69.99
Civil Baby Düz Model Yan Dikişsiz 6-18 Ay Uzun Tayt - Mavi,129.99
Civil Baby Düz Model Yan Dikişsiz 6-18 Ay Uzun Tayt - Turuncu,129.99
Civil Baby Puanlı 6-18 Ay Tayt - Yeşil,59.99
Civil Baby Tilki Baskılı 6-18 Ay Tayt - Lila,39.99
Civil Baby Elma Nakışlı 6-18 Ay Tayt - Pembe,89.99
Civil Baby Dağınık Kiraz Empirme 6-18 Ay Tayt - Pudra,129.99
Civil Baby Kedi Kalp Baskılı 6-18 Ay Tayt - Pudra,14.99
Civil Baby Basic 6-18 Ay Tayt - Gri,149.99
Civil Baby Çizgili 6-18 Ay Tayt - Bej,189.99
Civil Baby Fiyonklu 6-18 Ay Tayt - Gri,169.99
Civil Baby Basic 6-18 Ay Tayt - Kırmızı,129.99
Civil Baby Düz Model Yan Dikişsiz 6-18 Ay Uzun Tayt - Kırmızı,129.99
Civil Baby Yandan Dikişli 6-18 Ay Kız Uzun Tayt - Pembe,29.99
Civil Baby Kelebekli 6-18 Ay Tayt - Sarı,59.99
Civil Baby Düz Model Yan Dikişsiz 6-18 Ay Uzun Tayt - Ekru,129.99
Civil Baby Düz Model Yan Dikişsiz 6-18 Ay Uzun Tayt - Pembe,129.99
Civil Baby Kulaklı Tavşan Baskı 6-18 Ay Uzun Tayt - Lila,129.99
A626 Kujju Lkr Sprm Capa Can Sımıdı Emp 6-18 Ay Kız Uzun Tayt - Lacivert,10.99
Civil Baby Basic 6-18 Ay Tayt - Pudra,79.99
Civil Baby Gökkuşağı Nakışlı 6-18 Ay Tayt - Turuncu,59.99
Civil Baby İspanyol Paça 6-18 Ay Tayt - Lacivert,189.99
Civil Baby Yandan Dikişli 6-18 Ay Kız Uzun Tayt - Pudra,29.99
Civil Baby Paça Volanlı 6-18 Ay Uzun Tayt - Lila,59.99
1568 Cıvıl Baby Suprem Flamıngo Empırme Baskılı 2'lı 6-18 Ay Tayt - Yeşil,14.99
Civil Baby Yandan Dikişli 6-18 Ay Kız Uzun Tayt - Turuncu,29.99
Civil Baby Papatya Empirme 6-18 Ay Tayt - Yeşil,99.99
Civil Baby Panda Desenli 6-18 Ay Tayt - Bej,14.99
Civil Baby Kar Tanesi Desenli 6-18 Ay Tayt - Gri,14.99
Civil Baby Tavşan Bulut Baskılı 6-18 Ay Tayt - Pudra,14.99
Civil Baby Kiraz Baskılı 6-18 Ay Tayt - Fil Dişi,44.99
B067 Civil Baby Yıldız Emprime 6-18 Ay Kız Uzun Tayt - Beyaz,999.00
Civil Baby Kelebekli 6-18 Ay Tayt - Pembe,59.99
Civil Baby Yandan Dikişli 6-18 Ay Kız Uzun Tayt - Pudra,29.99
Civil Baby Geometrik Kar Desenli 6-18 Ay Tayt - Siyah,14.99
A626 Kujju Lkr Sprm Capa Can Sımıdı Emp 6-18 Ay Kız Uzun Tayt - Mavi,10.99
Civil Baby Yanı Püsküllü 6-18 Ay Uzun Tayt - Kırmızı,39.99
Civil Baby Yapraklı Çiçek Baskı 6-18 Ay Tayt - Hardal,59.99
Civil Baby Kulaklı Tavşan Baskı 6-18 Ay Uzun Tayt - Ekru,129.99
Civil Baby Yandan Dikişli 6-18 Ay Kız Uzun Tayt - Pudra,29.99
Civil Baby Bohem Empirme 6-18 Ay Tayt - Ekru,129.99
Civil Baby Paça Volanlı 6-18 Ay Uzun Tayt - Kırmızı,59.99
Civil Baby Papatya Kabartmalı 6-18 Ay Tayt - Ekru,159.99
1568 Cıvıl Baby Suprem Flamıngo Empırme Baskılı 2'lı 6-18 Ay Tayt - Pudra,14.99
Civil Baby Basic 3'lü Kısa 6-18 Ay Tayt,399.00
Civil Baby Bel Fiyonklu 6-18 Ay Tayt - Kırmızı,59.99
Civil Baby Düz Model Yan Dikişsiz 6-18 Ay Uzun Tayt - Pembe,129.99
Civil Baby Çiçek Kelebek Baskılı 6-18 Ay Tayt - Gri,169.99
Civil Baby Basic 6-18 Ay Tayt - Fusya,79.99
Civil Baby Çizgili Emp. Happy Baskılı 6-18 Ay Tayt - Lila,39.99
Civil Baby Leopar Baskılı 6-18 Ay Tayt - Ekru,14.99
Civil Baby Düz Model Yan Dikişsiz 6-18 Ay Uzun Tayt - Gri,129.99
Civil Baby Paça Volanlı 6-18 Ay Uzun Tayt - Lacivert,59.99
Civil Baby Kız Bebek Tayt 6-18 Ay - Lacivert,129.99
Civil Baby Düz Model Yan Dikişsiz 6-18 Ay Uzun Tayt - Mavi,129.99
Civil Baby Love Kalp Empirme 6-18 Ay Tayt - Yeşil,129.99
Civil Girls Armutlu 2 li Tayt - Gri,34.99
Civil Baby Summer Flamingo Emprime 6-18 Ay Kız Uzun Tayt - Pembe,12.99
Civil Baby Düz Model Yan Dikişsiz 6-18 Ay Uzun Tayt - Turuncu,129.99
Civil Baby Çiçekli 6-18 Ay Tayt - Sarı,59.99
Civil Baby Düz Model Yan Dikişsiz 6-18 Ay Uzun Tayt - Sarı,129.99
Civil Baby Fırfır Detaylı 6-18 Ay Tayt - Lila,119.99
Civil Baby Fırfırlı 6-18 Ay Tayt - Pembe,169.99
Civil Baby Basic 6-18 Ay Tayt - Pembe,129.99
Civil Baby Basic 6-18 Ay Tayt - Bordo,149.99
Civil Baby Kalp Baskılı 6-18 Ay Tayt - Gri,169.99
Civil Baby Düz Model Yan Dikişsiz 6-18 Ay Uzun Tayt - Kırmızı,129.99
Civil Baby Geyik Desenli 6-18 Ay Tayt - Kırmızı,14.99
Civil Baby Kulaklı Tavşan Baskı 6-18 Ay Uzun Tayt - Gri,129.99
Civil Baby Düz Model Yan Dikişsiz 6-18 Ay Uzun Tayt - Gri,129.99
Civil Baby Düz Model Yan Dikişsiz 6-18 Ay Uzun Tayt - Yeşil,129.99
Civil Baby Gül Baskılı 6-18 Ay Tayt - Ekru,14.99
Civil Baby Çiçek Nakışlı 6-18 Ay Tayt - Turuncu,59.99
Civil Baby Düz Model Yan Dikişsiz 6-18 Ay Uzun Tayt - Haki,129.99
Civil Baby Basic 6-18 Ay Tayt - Lila,149.99
Civil Baby Çizgi Baskılı 6-18 Ay Tayt - Siyah,169.99
Civil Baby Düz Model Yan Dikişsiz 6-18 Ay Uzun Tayt - Pudra,129.99
Civil Baby Çiçek Nakışlı 6-18 Ay Tayt - Yeşil,59.99
Civil Baby Basic 6-18 Ay Tayt - Beyaz,129.99
Civil Baby Düz 6-18 Ay Tayt - Bej,129.99
Civil Baby Yandan Dikişli 6-18 Ay Kız Uzun Tayt - Siyah,29.99
Civil Baby Yandan Dikişli 6-18 Ay Kız Uzun Tayt - Pembe,29.99
Civil Baby Düz Model Yan Dikişsiz 6-18 Ay Uzun Tayt - Fusya,129.99
Civil Baby Yanları Fırfırlı 6-18 Ay Tayt - Lila,69.99
Civil Baby Kalp Baskılı 6-18 Ay Tayt - Kahve,169.99
Civil Baby Tavşan Kulaklı 6-18 Ay Tayt - Pembe,69.99
Civil Baby Tilki Baskılı 6-18 Ay Tayt - Lila,39.99
Civil Baby Tavşan Kulaklı 6-18 Ay Tayt - Kırmızı,69.99
Civil Baby Kelebek Taşlı 6-18 Ay Kız Uzun Tayt - Yeşil,34.99
Civil Baby Paça Detaylı 6-18 Ay Tayt - Yeşil,169.99
Civil Baby Dondurma Baskı 6-18 Ay Kız Uzun Tayt - Yeşil,14.99
Civil Baby Puanlı 6-18 Ay Tayt - Pembe,59.99
Civil Baby Düz Model Yan Dikişsiz 6-18 Ay Uzun Tayt - Yeşil,129.99
Civil Baby Kelebek Taşlı 6-18 Ay Kız Uzun Tayt - Ekru,34.99
Civil Baby Yandan Dikişli 6-18 Ay Kız Uzun Tayt - Mavi,29.99
Civil Baby Düz Model Yan Dikişsiz 6-18 Ay Uzun Tayt - Lila,129.99
Civil Baby Kulaklı Tavşan Baskı 6-18 Ay Uzun Tayt - Pembe,129.99
Civil Baby Paça Detaylı 6-18 Ay Tayt - Bej,169.99
Civil Baby Gökkuşağı Baskılı 6-18 Ay Tayt - Fil Dişi,59.99
Civil Baby Çiçek Emp.6-18 Ay Tayt - Pudra,119.99
Civil Baby Yandan Dikişli 6-18 Ay Kız Uzun Tayt - Gri,29.99
Civil Baby Fiyonklu 6-18 Ay Tayt - Sarı,59.99
Civil Girls Düz Tayt - Gri,14.99
Civil Baby Leopar Empirme 6-18 Ay Tayt - Bej,79.99
Civil Baby Tilki Baskılı 6-18 Ay Tayt - Kahverengi,39.99
Civil Baby Düz Model Yan Dikişsiz 6-18 Ay Uzun Tayt - Mavi,129.99
Civil Baby Kulaklı Tavşan Baskı 6-18 Ay Uzun Tayt - Pembe,129.99
A626 Kujju Lkr Sprm Capa Can Sımıdı Emp 6-18 Ay Kız Uzun Tayt - Lacivert,10.99
Civil Baby Düz Model Yan Dikişsiz 6-18 Ay Uzun Tayt - Fusya,129.99
Civil Baby Çizgili 6-18 Ay Tayt - Lila,149.99
Civil Baby Paçası Welsoftlu 6-18 Ay Tayt - Ekru,39.99
Civil Baby Geyik Desenli 6-18 Ay Tayt - Pudra,14.99
Civil Baby Düz Model Yan Dikişsiz 6-18 Ay Uzun Tayt - Pudra,129.99
Civil Baby Mini Çiçek Baskılı 6-18 Ay Tayt - Yeşil,49.99
Civil Baby Kulaklı Tavşan Baskı 6-18 Ay Uzun Tayt - Pudra,129.99
Civil Baby Ayıcık Baskılı 6-18 Ay Tayt - Yeşil,39.99
Civil Baby Ayıcık Baskılı 6-18 Ay Tayt - Kırmızı,39.99
Civil Baby Leopar Baskılı 6-18 Ay Tayt - Siyah,169.99
Civil Baby Fiyonklu 6-18 Ay Tayt - Pembe,59.99
Civil Baby Düz Model Yan Dikişsiz 6-18 Ay Uzun Tayt - Sarı,129.99
Civil Baby İspanyol Paça 6-18 Ay Tayt - Lila,69.99
Civil Baby Çiçek Desenli 6-18 Ay Tayt - Siyah,14.99
Civil Baby Düz Model Yan Dikişsiz 6-18 Ay Uzun Tayt - Gri,129.99
Civil Baby Kaz Ayağı Desenli 9-18 Ay Tayt - Gri,29.99
Civil Baby Mini Çiçek Baskılı 6-18 Ay Tayt - Sarı,49.99
Kujju Penye Bebe Uzun Tayt,399.00
Civil Baby Elma Nakışlı 6-18 Ay Tayt - Kırmızı,89.99
Civil Baby Kulaklı Tavşan Baskı 6-18 Ay Uzun Tayt - Pudra,129.99
Civil Baby Rainbow 6-18 Ay Tayt - Lila,44.99
Civil Baby Puanlı 6-18 Ay Tayt - Sarı,59.99
Civil Baby Düz 6-18 Ay Tayt - Gri,169.99
Civil Baby Yandan Dikişli 6-18 Ay Kız Uzun Tayt - Yeşil,29.99
Civil Baby Papatya Baskılı 6-18 Ay Tayt - Lacivert,169.99
Civil Baby Bel Fiyonklu 6-18 Ay Tayt - Fusya,59.99
Civil Baby Fiyonklu 6-18 Ay Tayt - Yeşil,59.99
Civil Baby Çiçek Emp.6-18 Ay Tayt - Lila,119.99
Civil Baby Düz 6-18 Ay Tayt - Pembe,169.99
Civil Baby Düz 6-18 Ay Tayt - Mavi,129.99
Civil Baby Tilki Baskılı 6-18 Ay Tayt - Lila,39.99
Civil Baby Düz 6-18 Ay Tayt - Gri,129.99
Civil Baby Düz 6-18 Ay Tayt - Ekru,169.99
Civil Baby Yandan Dikişli 6-18 Ay Kız Uzun Tayt - Sarı,29.99
Civil Baby Kalp ve Yaprak Desenli 6-18 Ay Tayt - Lacivert,129.99
Tweety Baskılı 6-18 Ay Tayt - Sarı,69.99
Civil Baby Düz Model Yan Dikişsiz 6-18 Ay Uzun Tayt - Pembe,129.99
Civil Baby Paçası Welsoftlu 6-18 Ay Tayt - Sarı,39.99
Civil Baby Basic 6-18 Ay Tayt - Pembe,79.99
Civil Baby Çiçek Desenli 6-18 Ay Tayt - Yeşil,129.99
Civil Baby Kiraz Baskılı 6-18 Ay Tayt - Pembe,44.99
Civil Baby Çiçek Desenli 6-18 Ay Tayt - Kırmızı,14.99
A626 Kujju Lkr Sprm Capa Can Sımıdı Emp 6-18 Ay Kız Uzun Tayt - Lacivert,10.99
Civil Baby Basic 6-18 Ay Tayt - Beyaz,79.99
Civil Baby Paça Volanlı 6-18 Ay Uzun Tayt - Lila,59.99
Civil Baby Çiçek Nakışlı 6-18 Ay Tayt - Pembe,79.99
Civil Baby Basic 6-18 Ay Tayt - Pembe,149.99
Civil Baby Çiçek Emp.6-18 Ay Tayt - Lila,119.99
Civil Baby Fiyonk Desenli 9-18 Ay Tayt - Siyah,24.99
Civil Baby Düz 6-18 Ay Tayt - Beyaz,169.99
Civil Baby Kız Bebek Tayt 6-18 Ay - Ekru,129.99
Civil Baby Basic 6-18 Ay Tayt - Ekru,129.99
Civil Baby Batik Desen 6-18 Ay Tayt - Yeşil,59.99
Civil Baby Basic 6-18 Ay Tayt - Sarı,79.99
1568 Cıvıl Baby Suprem Flamıngo Empırme Baskılı 2'lı 6-18 Ay Tayt - Beyaz,14.99
Civil Baby Fitilli 6-18 Ay Tayt - Lila,99.99
Civil Baby Renkli Fil Baskı Taş 6-18 Ay Kız Tayt - Sarı,14.99
Civil Baby Kurdaleli Kedicik Baskı 6-18 Ay Kız Uzun Tayt - Ekru,14.99
Civil Baby Çiçekli 6-18 Ay Tayt - Yeşil,59.99
Civil Baby Fiyonklu 6-18 Ay Tayt - Kırmızı,59.99
Civil Baby Düz Model Yan Dikişsiz 6-18 Ay Uzun Tayt - Kırmızı,129.99
A822 Civil Baby Renkli Filcik Emprime 6-18 Ay Kız Uzun Tayt - Beyaz,999.00
Civil Baby Yandan Dikişli 6-18 Ay Kız Uzun Tayt - Pudra,29.99
Civil Baby Yandan Dikişli 6-18 Ay Kız Uzun Tayt - Gri,29.99
Civil Baby Çiçek Baskılı 6-18 Ay Tayt - Lila,109.99
Civil Baby Fiyonk Desenli 9-18 Ay Tayt - Lila,24.99
Civil Baby Kedi Kalp Baskılı 6-18 Ay Tayt - Gri,14.99
7346 Kujju Lkr Sprm Kujju Baby Bsk 6-18 Ay Kz Uzun Tayt - Yeşil,499.00
Civil Baby Düz Model Yan Dikişsiz 6-18 Ay Uzun Tayt - Turuncu,129.99
Civil Baby Unicorn Baskılı 3'lü Set 6-18 Ay Tayt,499.00
Civil Baby Batik Desen 6-18 Ay Tayt - Sarı,59.99
Civil Baby Çiçekli 6-18 Ay Tayt - Pudra,59.99
Civil Baby Çizgili 6-18 Ay Tayt - Pudra,149.99
Civil Baby Kalpli Leopar Empirme 6-18 Ay Tayt - Pembe,89.99
Civil Baby Kız Bebek Mayo 6-18 Ay - Mavi,199.99
Civil Baby Kız Bebek Mayo 6-18 Ay - Pembe,249.99
Civil Baby Ok İşareti Baskılı 9-18 Ay Ceket - Mavi,499.00
Civil Baby Basic 9-18 Ay Ceket - Mavi,699.00
Civil Baby Basic 9-18 Ay Ceket - Mavi,699.00
Civil Baby Çiçek Nakışlı 9-18 Ay Ceket - Mavi,799.00
Civil Baby Ayıcık Nakışlı 9-18 Ay Ceket - Mavi,999.00
Civil Baby Basic 9-18 Ay Ceket - Siyah,699.00
Civil Baby Basic 6-18 Ay Eşofman Altı - Kahverengi,149.99
Civil Baby Cvl Nakışlı 6-18 Ay Eşofman Altı - Lacivert,149.99
Civil Baby Basic 6-18 Ay Eşofman Altı - Lila,199.99
Nova Baby Karpuz Kokulu Ribanalı 1-9 Ay Tek Alt Bebe - Ekru,149.99
Civil Baby Patlı 6-18 Ay Eşofman Altı - Haki,149.99
Civil Baby Ayıcık Baskılı 3'lü Set 6-18 Ay Eşofman Altı,549.00
Civil Baby Basic 6-18 Ay Eşofman Altı - Yeşil,249.99
Civil Baby Teddy Baskılı 6-18 Ay Eşofman Altı - Yeşil,199.99
Civil Baby Balon Kalıp 6-18 Ay Eşofman Altı - Lila,249.99
Civil Baby Basic 6-18 Ay Eşofman Altı - Mavi,249.99
Civil Baby Basic 6-18 Ay Eşofman Altı - Haki,149.99
Civil Baby Baby Hero Baskılı 6-18 Ay Tek Alt Bebe - Hardal,119.99
Civil Baby Kargo Cepli 6-18 Ay Eşofman Altı - Haki,299.00
Civil Baby Basic 6-18 Ay Eşofman Altı - Gri,249.99
Civil Baby Renkli Parçalar Empirme 6-18 Ay Tek Alt Bebe - Yeşil,119.99
Civil Baby Düz 6-18 Ay Tek Alt Bebe - Kahverengi,149.99
Civil Baby Çizgi 6-18 Ay Eşofman Altı - Turuncu,229.99
Civil Baby Düz Basic 6-18 Ay Eşofman Altı - Lacivert,149.99
Civil Baby Basic 6-18 Ay Eşofman Altı - Bej,149.99
Civil Baby Düz 6-18 Ay Tek Alt Bebe - Gri,149.99
Civil Baby Big Daisy Empirme 6-18 Ay Eşofman Altı - Bej,129.99
Civil Baby Basic 6-18 Ay Eşofman Altı - Haki,149.99
Civil Baby Düz Basic 6-18 Ay Eşofman Altı - Hardal,149.99
Civil Baby Dinozor Baskılı 6-18 Ay Tek Alt Bebe - Hardal,199.99
Civil Baby Çizgi Empirme C Baskılı 1-9 AY Tek Alt Bebe - Bej,149.99
Civil Baby Mobıl Kulaklı Ayıcık Nakış 1-9 Ay Tek Alt Bebe - Kahverengi,149.99
Civil Baby Puan Baskılı 6-18 Ay Eşofman Altı - Bej,249.99
Civil Baby Civil Basic Kalp Etiketli İspanyol Paça 6-18 Ay Eşofman Altı - Lila,249.99
Civil Baby Teddy Baskılı 6-18 Ay Eşofman Altı - Gri,199.99
Civil Baby Kargo Cepli 6-18 Ay Eşofman Altı - Gri,299.00
Civil Baby Civil Basic Timeless Kargo Cepli 6-18 Ay Eşofman Altı - Hardal,229.99
Civil Baby Gökkuşağı Empirme 6-18 Ay Tek Alt Bebe - Bej,149.99
Civil Baby Basic 6-18 Ay Eşofman Altı - Bej,149.99
Civil Baby Çizgi Empirme C Baskılı 6-18 Ay Tek Alt Bebe - Pembe,249.99
Civil Baby Keep Smiling Etiketli Basic 6-18 Ay Eşofman Altı - Siyah,199.99
Civil Baby Fırfırlı 6-18 Ay Eşofman Altı - Lila,149.99
Civil Baby Basic 6-18 Ay Eşofman Altı - Lacivert,149.99
Civil Baby Düz Basic 6-18 Ay Eşofman Altı - Pembe,149.99
Civil Baby Kalp Cepli 6-18 Ay Eşofman Altı - Lila,249.99
Civil Baby Kız Bebek Eşofman Altı 6-18 Ay - Ekru,229.99
Civil Baby Düz Basic 6-18 Ay Eşofman Altı - Pembe,149.99
Bebetto Organic My Mushroom 1-6 Ay Tek Alt Bebe - Pembe,199.99
Civil Baby Basic 6-18 Ay Eşofman Altı - Sarı,149.99
Civil Baby Benekli Dino Empirme 6-18 Ay Eşofman Altı - Kahverengi,229.99
Civil Baby Çiçek Baskılı 6-18 Ay Eşofman Altı - Pudra,149.99
Civil Baby Basic 6-18 Ay Eşofman Altı - Gri,149.99
Civil Baby Çiçek Baskılı Prematüre Tek Alt Bebe - Pembe,169.99
Civil Baby Kareli Çiçek Baskılı 1-6 Ay Tek Alt Bebe - Ekru,139.99
Civil Baby Basic Arma 6-18 Ay Eşofman Altı - Yeşil,169.99
Civil Baby Çizgili 6-18 Ay Eşofman Altı - Lacivert,249.99
Civil Baby Düz Basic 6-18 Ay Eşofman Altı - Bej,149.99
Civil Baby Çizgi Empirme 6-18 Ay Tek Alt Bebe - Bej,179.99
Civil Baby Kedi Yüz Baskılı 6-18 Ay Tek Alt Bebe - Bej,149.99
Civil Baby Basic 6-18 Ay Eşofman Altı - Haki,149.99
Civil Baby Basic 6-18 Ay Eşofman Altı - Haki,149.99
Civil Baby Basic 6-18 Ay Eşofman Altı - Bej,189.99
Civil Baby Civil Basic Kalp Etiketli 6-18 Ay Eşofman Altı - Pembe,249.99
Civil Baby Çizgi 6-18 Ay Eşofman Altı - Kahverengi,229.99
Civil Baby Düz Basic 6-18 Ay Eşofman Altı - Pembe,149.99
Civil Baby Basic 6-18 Ay Eşofman Altı - Pembe,149.99
Civil Baby Sleep Baskılı 6-18 Ay Tek Alt Bebe - Pudra,129.99
Civil Baby Mikro Garnili Cepli 6-18 Ay Eşofman Altı - Haki,149.99
Civil Baby Desenli 1-6 Ay Tek Alt Bebe - Ekru,149.99
Civil Baby Teddy Baskılı 6-18 Ay Eşofman Altı - Bej,199.99
Civil Baby Gökkuşağı Empirme 6-18 Ay Tek Alt Bebe - Bej,249.99
Civil Baby Basic 6-18 Ay Eşofman Altı - Kahverengi,149.99
Civil Baby Civil Basic Kalp Etiketli 6-18 Ay Eşofman Altı - Lila,249.99
Civil Baby Düz Basic 6-18 Ay Eşofman Altı - Bej,149.99
Civil Baby Dinozor Empirme 6-18 Ay Tek Alt Bebe - Haki,179.99
Civil Baby Basic 6-18 Ay Eşofman Altı - Pudra,149.99
Civil Baby Düz 6-18 Ay Tek Alt Bebe - Mavi,149.99
Civil Baby Basic 6-18 Ay Eşofman Altı - Lila,149.99
Civil Baby Basic Cepli 6-18 Ay Eşofman Altı - Turuncu,149.99
Civil Baby Paçası Dinozor Nakışlı 6-18 Ay Tek Alt Bebe - Yeşil,199.99
Civil Baby Tavşan Baskılı 3'lü Set 6-18 Ay Eşofman Altı,549.00
Civil Baby Düz Basic 6-18 Ay Eşofman Altı - Turuncu,149.99
Civil Baby Kabartmalı Ayıcık Baskılı 6-18 Ay Tek Alt Bebe - Bej,139.99
Civil Baby Düz Basic 6-18 Ay Eşofman Altı - Gri,149.99
Civil Baby 26 Baskılı 1-9 Ay Tek Alt Bebe - Bordo,169.99
Civil Baby Patlı 6-18 Ay Eşofman Altı - Lacivert,149.99
Civil Baby Simply Nice Baskılı 6-18 Ay Tek Alt Bebe - Bordo,249.99
Tweety 6-18 Ay Eşofman Altı - Bej,199.99
Civil Baby Civil Basic Kalp Etiketli İspanyol Paça 6-18 Ay Eşofman Altı - Lila,249.99
Civil Baby Roket Empirme 6-18 Ay Tek Alt Bebe - Mavi,149.99
Civil Baby Keep Smiling Etiketli Basic 6-18 Ay Eşofman Altı - Yeşil,199.99
Civil Baby Basic 6-18 Ay Eşofman Altı - Hardal,149.99
Civil Baby Bel Fiyonklu Meow Nakışlı 6-18 Ay Eşofman Altı - Lila,199.99
Civil Baby Süs Etiketli 1-9 Ay Tek Alt Bebe - Kahve,149.99
Civil Baby Civil Basic Timeless Kargo Cepli 6-18 Ay Eşofman Altı - Yeşil,229.99
Civil Baby Basic 6-18 Ay Eşofman Altı - Kahverengi,149.99
Civil Baby Basic 6-18 Ay Eşofman Altı - Lila,149.99
Civil Baby Basic 6-18 Ay Eşofman Altı - Pudra,149.99
Civil Baby Civil Basic Kalp Etiketli 6-18 Ay Eşofman Altı - Lila,249.99
Civil Baby Düz Basic 6-18 Ay Eşofman Altı - Lacivert,149.99
Civil Baby Basic 6-18 Ay Eşofman Altı - Mavi,149.99
Civil Baby Bel Büzgülü Çizgi Kalp Empirmeli 6-18 Ay Tek Alt Bebe - Ekru,179.99
Civil Baby Çizgi Emp. Çiçek Nakışlı 6-18 Ay Eşofman Altı - Bej,229.99
Civil Baby Kalın Çizgi Empirme 6-18 Ay Eşofman Altı - Turuncu,229.99
Civil Baby Erkek Bebek Eşofman Altı 6-18 Ay - Fil Dişi,189.99
Civil Baby İnterlok Beli Lastikli 3-9 Ay Tek Alt - Beyaz,119.99
Civil Baby Düz Basic 6-18 Ay Eşofman Altı - Mavi,149.99
Civil Baby Cute Tiger Etiketli 6-18 Ay Eşofman Altı - Kahverengi,249.99
Civil Baby Civil Basic Kalp Etiketli 6-18 Ay Eşofman Altı - Gri,249.99
Civil Baby Civil Basic Kalp Etiketli 6-18 Ay Eşofman Altı - Yeşil,249.99
Civil Baby Çizgi Raporlu 6-18 Ay Tek Alt Bebe - Lila,139.99
Civil Baby Düz 6-18 Ay Tek Alt Bebe - Turuncu,149.99
Civil Baby Yanı Dantelli 1-6 Ay Tek Alt Bebe - Bej,149.99
Civil Baby İnterlok Beli Lastikli 3-9 Ay Tek Alt - Ekru,119.99
Bebetto Organic Stars and Koalas 9-24 Ay Tek Alt Bebe - Mavi,279.00
Civil Baby Basic 6-18 Ay Eşofman Altı - Kahverengi,149.99
Civil Baby Düz Basic 6-18 Ay Eşofman Altı - Mavi,149.99
Civil Baby Kalp Zürafa 6-18 Ay Tek Alt Bebe - Fil Dişi,179.99
Civil Baby Çizgi 6-18 Ay Eşofman Altı - Haki,229.99
Civil Baby İnterlok Beli Lastikli 3-9 Ay Tek Alt - Mavi,119.99
Civil Baby Basic 6-18 Ay Eşofman Altı - Ekru,149.99
Civil Baby Dama Empirme 6-18 Ay Eşofman Altı - Bej,199.99
Civil Baby Basic 6-18 Ay Eşofman Altı - Bordo,199.99
Civil Baby Basic 6-18 Ay Eşofman Altı - Gri,149.99
Civil Baby Düz Basic 6-18 Ay Eşofman Altı - Haki,149.99
Civil Baby Need More Sleep Baskılı 6-18 Ay Tek Alt Bebe - Fil Dişi,199.99
Civil Baby Düz 6-18 Ay Tek Alt Bebe - Lila,149.99
Civil Baby Çizgi Kalp Empirme 6-18 Ay Tek Alt Bebe - Ekru,149.99
Nova Baby Çilek Kokulu Ribanalı 1-12 Ay Tek Alt Bebe - Ekru,149.99
Civil Baby Basic 6-18 Ay Eşofman Altı - Turuncu,149.99
Civil Baby Düz 6-18 Ay Tek Alt Bebe - Gri,149.99
Civil Baby Basic 6-18 Ay Eşofman Altı - Lacivert,149.99
Civil Baby Keep Smiling Etiketli Basic 6-18 Ay Eşofman Altı - Bej,199.99
Civil Baby Çizgi Emp. Çiçek Nakışlı 6-18 Ay Eşofman Altı - Yeşil,229.99
Civil Baby Basic Cepli 6-18 Ay Eşofman Altı - Haki,149.99
Bebetto Organic Stars and Koalas 1-6 Ay Tek Alt Bebe - Mavi,199.99
Civil Baby Cute Tiger Etiketli 6-18 Ay Eşofman Altı - Bej,249.99
Civil Baby Basic 6-18 Ay Eşofman Altı - Hardal,149.99
Civil Baby 96 Baskılı 1-9 Ay Tek Alt Bebe - Mavi,149.99
Civil Baby Sleep Baskılı 6-18 Ay Tek Alt Bebe - Lila,129.99
Civil Baby Çizgili 6-18 Ay Eşofman Altı - Kırmızı,249.99
Civil Baby Fok Balığı Baskılı 6-18 Ay Tek Alt Bebe - Mavi,249.99
Civil Baby İnterlok Beli Lastikli 3-9 Ay Tek Alt - Pembe,119.99
Civil Baby Süs Etiketli Düğmeli 6-18 Ay Tek Alt Bebe - Pudra,149.99
Civil Baby Basic 6-18 Ay Eşofman Altı - Bej,149.99
Civil Baby Teddy Baskılı 6-18 Ay Eşofman Altı - Hardal,199.99
Civil Baby Basic 6-18 Ay Eşofman Altı - Lacivert,149.99
Civil Baby Hayvanlar Empirme 1-9 Ay Tek Alt Bebe - Bej,169.99
Civil Baby Balerin Empirme 6-18 Ay Tek Alt Bebe - Ekru,179.99
Civil Baby Need More Sleep Baskılı 6-18 Ay Tek Alt Bebe - Lila,199.99
Civil Baby Basic 6-18 Ay Eşofman Altı - Gri,149.99
Civil Baby Astronot Baskılı 3'lü Set 6-18 Ay Tek Alt Bebe,699.00
Civil Baby Düz Model Beli Lastikli 12-24 Ay Tek Alt Bebe - Ekru,119.99
Civil Baby Düz 6-18 Ay Tek Alt Bebe - Yeşil,149.99
Civil Baby Basic 6-18 Ay Eşofman Altı - Kahve,149.99
Civil Baby Civil Basic Kalp Etiketli İspanyol Paça 6-18 Ay Eşofman Altı - Yeşil,249.99
Civil Baby Unicorn Baskılı 1-9 Ay Tek Alt Bebe - Gri,149.99
Civil Baby Kalp Jakarlı 6-18 Ay Tek Alt Bebe - Pudra,149.99
Civil Baby Need More Sleep Baskılı 6-18 Ay Tek Alt Bebe - Kahverengi,199.99
Civil Baby Basic 6-18 Ay Eşofman Altı - Gri,149.99
Civil Baby Next Baskılı 6-18 Ay Tek Alt Bebe - Yeşil,199.99
Civil Baby Kalın Çizgi Empirme 6-18 Ay Eşofman Altı - Haki,229.99
Civil Baby Basic 6-18 Ay Eşofman Altı - Kahverengi,149.99
Civil Baby Nakışlı Bel Fiyonklu 6-18 Ay Tek Alt Bebe - Pembe,149.99
Civil Baby Basic 6-18 Ay Eşofman Altı - Lila,149.99
Minidamla Büyük Kalp Desenli 1-6 Ay Tek Alt Bebe - Ekru,149.99
Civil Baby Kalp Nakışlı Basic 6-18 Ay Eşofman Altı - Lila,199.99
Civil Baby Civil Basic Timeless 6-18 Ay Eşofman Altı - Yeşil,229.99
Civil Baby Kargo Cepli 6-18 Ay Eşofman Altı - Siyah,299.00
Civil Baby Timsah Baskılı 1-9 Ay Tek Alt Bebe - Hardal,169.99
Civil Baby Civil Basic Timeless 6-18 Ay Eşofman Altı - Hardal,229.99
Civil Baby Paça Kalp Baskılı 6-18 Ay Tek Alt Bebe - Pembe,149.99
Civil Baby Bel Büzgülü Fiyonklu 6-18 Ay Tek Alt Bebe - Pembe,169.99
Civil Baby Basic 6-18 Ay Eşofman Altı - Haki,149.99
Civil Baby Basic 6-18 Ay Eşofman Altı - Mavi,149.99
Civil Baby Etiketli Basic 6-18 Ay Eşofman Altı - Kahverengi,269.00
Civil Baby Basic 6-18 Ay Eşofman Altı - Sarı,149.99
Civil Baby Civil Basic Kalp Etiketli İspanyol Paça 6-18 Ay Eşofman Altı - Pembe,249.99
Civil Baby Basic 6-18 Ay Eşofman Altı - Yeşil,149.99
Civil Baby Çizgi Empirme 1-9 AY Tek Alt Bebe - Bej,179.99
Civil Baby Basic 6-18 Ay Eşofman Altı - Hardal,149.99
Civil Baby Patlı 6-18 Ay Eşofman Altı - Pudra,149.99
Civil Baby Kargo Cepli 6-18 Ay Eşofman Altı - Siyah,229.99
Civil Baby Düz 6-18 Ay Tek Alt Bebe - Lacivert,149.99
Civil Baby Milk Club Baskılı 3-18 Ay Tek Alt Bebe - Ekru,269.00
Civil Baby Mini Pati Empirme 6-18 Ay Tek Alt Bebe - Kahve,149.99
Civil Baby Örgülü Triko 6-18 Ay Eşofman Altı - Kahverengi,199.99
Civil Baby Düz Basic 6-18 Ay Eşofman Altı - Lila,149.99
Civil Baby Basic 6-18 Ay Eşofman Altı - Yeşil,149.99
Civil Baby Düz Model Beli Lastikli 12-24 Ay Tek Alt Bebe - Pembe,119.99
Civil Baby Basic 6-18 Ay Eşofman Altı - Gri,149.99
Civil Baby Basic 6-18 Ay Eşofman Altı - Mavi,149.99
Civil Baby Düz 6-18 Ay Tek Alt Bebe - Lacivert,149.99
Civil Baby Star Baskılı 6-18 Ay Tek Alt Bebe - Kahverengi,129.99
Civil Baby Kargo Cepli Cvl Nakışlı 6-18 Ay Eşofman Altı - Sarı,149.99
Civil Baby Yıldız Desenli 1-6 Ay Tek Alt Bebe - Gri,149.99
Civil Baby Civil Basic Kalp Etiketli 6-18 Ay Eşofman Altı - Bej,249.99
Civil Baby Star Baskılı 6-18 Ay Tek Alt Bebe - Hardal,129.99
Civil Baby Unicorn Baskılı 6-18 Ay Tek Alt Bebe - Gri,149.99
Civil Baby Düz Basic 6-18 Ay Eşofman Altı - Mavi,149.99
Civil Baby Civil Basic Timeless 6-18 Ay Eşofman Altı - Lacivert,229.99
Civil Baby Cvl Nakışlı 6-18 Ay Eşofman Altı - Bej,149.99
Civil Baby Graffiti Baskılı 6-18 Ay Eşofman Altı - Haki,229.99
Civil Baby Basic 6-18 Ay Eşofman Altı - Gri,199.99
Civil Baby Basic 6-18 Ay Eşofman Altı - Yeşil,149.99
Civil Baby Basic 6-18 Ay Eşofman Altı - Siyah,149.99
Civil Baby Fırfırlı 6-18 Ay Eşofman Altı - Mavi,149.99
Civil Baby Örgülü Triko 6-18 Ay Eşofman Altı - Bej,199.99
Civil Baby Düz Basic 6-18 Ay Eşofman Altı - Ekru,149.99
Civil Baby Çizgi Baskılı 6-18 Ay Eşofman Altı - Lacivert,249.99
Civil Baby Çizgili 6-18 Ay Eşofman Altı - Hardal,149.99
Civil Baby Düz Basic 6-18 Ay Eşofman Altı - Turuncu,149.99
Civil Baby Logo ve M Nakışlı 6-18 Ay Tek Alt Bebe - Lacivert,249.99
Civil Baby Yıldız ve Ay Empirmeli 1-9 Ay Tek Alt Bebe - Ekru,169.99
Civil Baby Civil Basic Kalp Etiketli İspanyol Paça 6-18 Ay Eşofman Altı - Bej,249.99
Civil Baby Yıldız Empirme 1-9 Ay Tek Alt Bebe - Mavi,149.99
Civil Baby Düz 6-18 Ay Tek Alt Bebe - Gri,149.99
Civil Baby Yıldızlı Unıcorn Emprime 0-6 Ay Kız Tek Alt - Yeşil,119.99
Civil Baby Mini Pati Empirme 1-9 AY Tek Alt Bebe - Kahve,149.99
Civil Baby Basic 6-18 Ay Eşofman Altı - Lacivert,249.99
Civil Baby Basic 6-18 Ay Eşofman Altı - Kahverengi,249.99
Civil Baby Fırfır Çiçek Baksılı 6-18 Ay Tek Alt Bebe - Pembe,199.99
Civil Baby Civil Basic Timeless 6-18 Ay Eşofman Altı - Kahverengi,229.99
Civil Baby Basic 6-18 Ay Eşofman Altı - Sarı,199.99
Civil Baby Çiçek Empirme 6-18 Ay Tek Alt Bebe - Yeşil,169.99
Civil Baby Ayıcık Süzene Nakışlı 6-18 Ay Tek Alt Bebe - Gri,149.99
Civil Baby Parçalı 6-18 Ay Eşofman Altı - Mavi,149.99
Civil Baby Fırfırlı 6-18 Ay Eşofman Altı - Bej,149.99
Minidamla Topçikli 1-6 Ay Tek Alt Bebe - Ekru,149.99
Civil Baby Hayvanlar Empirme 6-18 Ay Tek Alt Bebe - Bej,169.99
Civil Baby Next Baskılı 6-18 Ay Tek Alt Bebe - Fil Dişi,199.99
Civil Baby Düz 6-18 Ay Tek Alt Bebe - Haki,149.99
Civil Baby Basic 6-18 Ay Eşofman Altı - Lacivert,149.99
Civil Baby Basic Cepli 6-18 Ay Eşofman Altı - Bej,149.99
Civil Baby Basic 6-18 Ay Eşofman Altı - Kırmızı,149.99
Civil Baby Kedi Empirme 1-9 Ay Tek Alt Bebe - Bej,169.99
Civil Baby Colored Fıgures Baskılı 6-18 Tek Alt Bebe - Turuncu,249.99
Civil Baby Basic 6-18 Ay Eşofman Altı - Yeşil,149.99
Civil Baby Little Sailors Baskılı 6-18 Ay Tek Alt Bebe - Kırık Beyaz,249.99
Civil Baby Kalp Nakışlı Basic 6-18 Ay Eşofman Altı - Gri,199.99
Civil Baby Basic 6-18 Ay Eşofman Altı - Hardal,149.99
Civil Baby Düz Model Beli Lastikli 12-24 Ay Tek Alt Bebe - Beyaz,119.99
Civil Baby Çizgi Empirme 6-18 Ay Tek Alt Bebe - Bej,179.99
Civil Baby Kargo Cepli Jogger 6-18 Ay Eşofman Altı - Sarı,199.99
Civil Baby Çiçek Baskılı 6-18 Ay Eşofman Altı - Yeşil,149.99
Civil Baby Basic 6-18 Ay Eşofman Altı - Yeşil,149.99
Civil Baby Basic 6-18 Ay Eşofman Altı - Yeşil,149.99
Civil Baby Kabartmalı Yaprak Empirme 6-18 Ay Tek Alt Bebe - Fil Dişi,179.99
Civil Baby Düz Basic 6-18 Ay Eşofman Altı - Yeşil,149.99
Civil Baby Simply Nice Baskılı 6-18 Ay Tek Alt Bebe - Bej,249.99
Civil Baby Kargo Cepli Jogger 6-18 Ay Eşofman Altı - Pudra,189.99
Civil Baby Basic 3-18 Ay Eşofman Altı - Bej,199.99
Civil Baby Düz 6-18 Ay Tek Alt Bebe - Mavi,149.99
Civil Baby Kargo Cepli 6-18 Ay Eşofman Altı - Bej,229.99
Civil Baby M Baskılı 1-9 Ay Tek Alt Bebe - Lacivert,169.99
Civil Baby Kalp Nakışlı Basic 6-18 Ay Eşofman Altı - Bej,199.99
Civil Baby Lıttle Saılors Nakışlı 6-18 Ay Tek Alt Bebe - Sarı,149.99
Civil Baby Need More Sleep Baskılı 6-18 Ay Tek Alt Bebe - Pudra,199.99
Civil Baby Basic 6-18 Ay Eşofman Altı - Fusya,199.99
Civil Baby Düz Basic 6-18 Ay Eşofman Altı - Lacivert,149.99
Civil Baby Çizgili 26 Baskılı 6-18 Ay Tek Alt Bebe - Bej,249.99
Civil Baby Kalp Jakarlı 1-6 Ay Tek Alt Bebe - Pudra,149.99
Civil Baby Lale Baskılı Prematüre Tek Alt Bebe - Turuncu,129.99
Bebetto Organic My Mushroom 9-24 Ay Tek Alt Bebe - Pembe,229.99
Civil Baby Adventurous Dino Empirme 6-18 Ay Tek Alt Bebe - Bej,179.99
Civil Baby Basic 6-18 Ay Eşofman Altı - Fil Dişi,149.99
Civil Baby Sleepy Bear Empirme 6-18 Ay Tek Alt Bebe - Bej,149.99
Civil Baby Penguen Emprime Prematüre Tek Alt Bebe - Mavi,169.99
Civil Baby Cvl Nakışlı 6-18 Ay Eşofman Altı - Gri,149.99
Civil Baby Araba Aplikeli 3-6 Ay Tek Alt Bebe - Kahverengi,149.99
Civil Baby Basic Fitilli 3-12 Ay Eşofman Altı - Lila,99.99
Civil Baby Cvl Nakışlı 6-18 Ay Eşofman Altı - Yeşil,149.99
Civil Baby Kargo Cepli 6-18 Ay Eşofman Altı - Mavi,299.00
Civil Baby Kargo Cepli Cvl Nakışlı 6-18 Ay Eşofman Altı - Yeşil,149.99
Civil Baby Cute Tiger Baskılı 6-18 Ay Eşofman Altı - Haki,249.99
Civil Baby Patlı 6-18 Ay Eşofman Altı - Kahverengi,149.99
Civil Baby Graffiti Baskılı 6-18 Ay Eşofman Altı - Bej,229.99
Civil Baby Paça Ayıcık Nakışlı 6-18 Ay Tek Alt Bebe - Bej,149.99
Civil Baby Basic 6-18 Ay Eşofman Altı - Gri,149.99
Civil Baby Düz 6-18 Ay Tek Alt Bebe - Haki,149.99
Civil Baby Yıldız Empirme Fok Nakışlı 6-18 Ay Tek Alt Bebe - Mavi,149.99
Civil Baby Basic 3-18 Ay Eşofman Altı - Bej,199.99
Civil Baby Unicorn Nakışlı 1-9 Ay Tek Alt Bebe - Pembe,149.99
Civil Baby Bel Fiyonklu Meow Nakışlı 6-18 Ay Eşofman Altı - Bej,199.99
Civil Baby Dinozor Baskılı 6-18 Ay Tek Alt Bebe - Haki,199.99
Tweety 6-18 Ay Eşofman Altı - Sarı,199.99
Civil Baby Basic 3-18 Ay Eşofman Altı - Haki,199.99
Civil Baby Basic 6-18 Ay Eşofman Altı - Pudra,149.99
Civil Baby Düz Model Beli Lastikli 12-24 Ay Tek Alt Bebe - Mavi,119.99
Civil Baby Yanı Dantelli 1-6 Ay Tek Alt Bebe - Pembe,149.99
Civil Baby Kamuflaj Desen 6-18 Ay Eşofman Altı - Mavi,129.99
Civil Baby Düz Basic 6-18 Ay Eşofman Altı - Yeşil,149.99
Civil Baby Çiçek Empirme 1-9 Ay Tek Alt Bebe - Yeşil,149.99
Civil Baby Kedi Empirme 1-9 Ay Tek Alt Bebe - Bej,169.99
Civil Baby Düz Basic 6-18 Ay Eşofman Altı - Turuncu,149.99
Civil Baby Gezegen Empirme 6-18 Ay Tek Alt Bebe - Ekru,149.99
Civil Baby Düz Basic 6-18 Ay Eşofman Altı - Yeşil,149.99
Civil Baby Basic 6-18 Ay Eşofman Altı - Turuncu,199.99
Civil Baby Civil Basic Kalp Etiketli İspanyol Paça 6-18 Ay Eşofman Altı - Lila,249.99
Civil Baby Çizgili 6-18 Ay Eşofman Altı - Mavi,149.99
Civil Baby Adventure Awaıts Nakışlı 1-9 Ay Tek Alt Bebe - Bej,149.99
Pierre Esposito Bambu Viskoz 40-44 Nm Dikişsiz Erkek Çorap - Kahverengi,14.99
Civil Boys Süprem 2-12 Yaş Atlet,24.99
Civil Socks Space 3'lü 3-11 Yaş Soket Çorap,24.99
Civil Boys Basic Spor Çizgili 3'lü 2-12 Yaş Erkek Soket Çorap,149.99
Civil Boys Düz 3-7 Yaş Çocuk Erkek Külotlu Çorap - Gri,129.99
Civil Boys Basic 2-5 Yaş Deniz Şort - Yeşil,99.99
Sevi Bebe Sünnet Külotu,119.99
Civil Boys Basic 6-9 Yaş Deniz Şort - Mavi,99.99
Pierre Esposito Bambu Viskoz 40-44 Nm Dikişsiz Erkek Çorap - Lacivert,14.99
Rafadan Tayfa 2-9 Yaş Tek Atlet Set,49.99
Pierre Esposito Bambu Viskoz 40-44 Nm Dikişsiz Erkek Çorap - Siyah,14.99
Civil Boys Dino Surf Baskılı 2-5 Yaş Mayo - Lacivert,169.99
Batman 2-10 Yaş 2'li Atlet Set,249.99
Spiderman 3-11 Yaş Erkek Soket Çorap,29.99
Civil Boys Basic 6-9 Yaş Deniz Şort - Lacivert,99.99
Civil Boys İnterlok Smile Desen 3 Lü 2-9 Yaş Soket Çorap,799.00
Civil Boys Kalın Çizgili 3 Lü Set 2 9 Yaş Soket Çorap,34.99
Süperman 2'li 2-12 Yaş Erkek Soket Çorap,59.99
Civil Boys Düz 3-11 Yaş Çocuk Erk Külotlu Çorap - Lacivert,24.99
Civil Boys Palmiye 2-10 Yaş 2'li Külot Set,129.99
Civil Boys Kaktüs Baskılı 2-5 Yaş Mayo - Kırmızı,169.99
Civil Boys College Desen 3'lü 2-12 Yaş Soket Çorap,24.99
Batman Havlu 3-11 Yaş Çocuk Erk Soket Çorap,34.99
Civil Boys Space 2-10 Yaş 2'li Külot Set,129.99
Civil Boys Dinazor 2-8 Yaş Erkek Çocuk 2'li Atlet,279.00
Civil Boys Palmiye 10-13 Yaş Deniz Şort - Sarı,99.99
Sevı Bebe Onden Acılır Sünnet Kulodu,169.99
Civil Boys Dinazor 2-10 Yaş 2'li Boxer Set,79.99
Civil Boys Best Bear Havlu 2'li 2-12 Yaş Erkek Soket Çorap,99.99
Minidamla Askılı 2-4 Yas Çıtçıtlı Badi - Pembe,59.99
Civil Boys Basic Süprem 2-12 Yaş Atlet,99.99
Civil Boys Basic 2-5 Yaş Deniz Şort - Lacivert,99.99
Rafadan Tayfa 2-9 Yaş Tüp Bel Külot Set,29.99
Civil Boys Captain 2-10 Yaş 2'li Külot Set,99.99
Civil Boys Space Mars 2-10 Yaş 2'li Atlet Set,149.99
Civil Boys Erkek Çocuk 2'li Boxer Set 2-10 Ya - Lacivert,149.99
Süperman Çizgili 6-9 Yaş Deniz şort - Turuncu,169.99
Civil Boys Kaktüs 6-9 Yaş Deniz Şort - Sarı,129.99
Süperman Havlu 3-11 Yaş Çocuk Erk Soket Çorap,34.99
Civil Boys Düz 3-7 Yaş Erkek Külotlu Çorap - Mavi,39.99
Civil Boys Space Desen 2-10 Yaş 2'li Külot Set,39.99
Civil Boys Colorful 3'lü 2-12 Yaş Erkek Soket Çorap,119.99
Civil Boys Alien Havlu 2'li 2-12 Yaş Erkek Soket Çorap,99.99
Civil Boys Palmiye 2-10 Yaş 2'li Atlet Set,169.99
Civil Boys Space 2-10 Yaş 2'li Atlet Set,199.99
Civil Boys Dinasour Alive 2-10 Yaş 2'li Atlet Set,79.99
Civil Boys Bike 2-10 Yaş Erkek Çocuk 2'li Boxer,249.99
Civil Boys Bear 3-7 Yaş Külotlu Çorap - Siyah,39.99
Civil Boys Çemberli 3 Lü Set 2 9 Yaş Soket Çorap,29.99
Taz 3-11 Yaş Havlu Soket Çorap,39.99
Civil Boys Winter Bear 20-24 Nm Erkek Çarık Çorap,49.99
Civil Boys Termal 3-7 Yaş Tayt - Gri,99.99
Civil Boys Ananas Baskılı 10-13 Yaş Deniz Şort - Sarı,229.99
Civil Boys Basic Derbili 3'lü 2-12 Yaş Erkek Soket Çorap,149.99
Civil Boys Dinazor 2-10 Yaş 2'li Külot Set,129.99
Civil Boys Monster 2-10 Yaş Tek Atlet,49.99
Civil Girls Snow Havlu 2'li 2-12 Yaş Kız Soket Çorap,59.99
Civil Boys Siyah-Beyaz 2-12 Yaş Erkek Çocuk 2'li Boxer,229.99
Civil Boys Basic 10-13 Yaş Deniz Şort - Siyah,99.99
Civil Boys Surf Empirme Desen 2-10 Yaş İç Çmşr Tk,79.99
1918 Civil Boys Follow Me Dinazor Desen 20-24 Num. Çarık Çorap Havlu,999.00
Civil Boys Triko Desen Havlu 2'li 2-12 Yaş Erkek Soket Çorap,99.99
Çizgili Çocuk Erkek Külot - Haki,19.99
Süperman 3'lü 2-12 Yaş Erkek Soket Çorap,149.99
Civil Boys Erkek Çocuk Boxer 2-10 Yaş - Turuncu,149.99
Civil Boys T-Rex 3'lü 2-12 Yaş Erkek Soket Çorap,149.99
Civil Boys Hello Snow Havlu 2'li 3-11 Yaş Erkek Soket Çorap,99.99
Civil Boys Basic 2-5 Yaş Deniz Şort - Mavi,99.99
Civil Boys 3B Dinazor Desen 3-11 Yaş Havlu Soket Çorap,34.99
Civil Boys Silüet Geyik Desen 3-11 Yaş Havlu Soket Çorap,29.99
Civil Boys Dinazor 2-10 Yaş 3'lü Atlet Set,299.00
Civil Boys Basic 2-5 Yaş Deniz Şort - Mavi,99.99
Civil Boys Dinazor Music 2-10 Yaş Tek Külot,29.99
Civil Boys Yengeç 6-9 Yaş Deniz Şort - Pudra,99.99
Civil Boys Pirhana Baskılı 2-5 Yaş Mayo Tişört - Yeşil,99.99
Civil Boys Erkek Çocuk 2'li Boxer Set 2-10 Yaş,169.99
Civil Boys Çemberlii 5'li 2-12 Yaş Soket Çorap,59.99
Civil Boys Active 3'lü 3-11 Yaş Erkek Soket Çorap,49.99
Civil Boys Basic 2-5 Yaş Deniz Şort - Sarı,99.99
Civil Boys Erkek Çocuk 2'li Boxer Set 2-10 Yaş,169.99
Civil Boys Space 2-10 Yaş 2'li Atlet Set,99.99
Civil Boys Derbili CVL 3'lü 2-12 Yaş Erkek Soket Çorap,129.99
Civil Boys Soft Colors 2-10 Yaş 3'lü Atlet Set,249.99
Civil Boys Deniz Kabuğu Baskılı 6-9 Yaş Mayo - Mavi,399.00
Taz 2-10 Yaş Çocuk Erkek Külot,49.99
Civil Boys Düz 3-7 Yaş Çocuk Erkek Külotlu Çorap - Lacivert,129.99
Civil Boys Captain 2-10 Yaş 2'li Boxer Set,99.99
Civil Boys Basic 2-10 Yaş 2'li Boxer Set - Mavi,149.99
Civil Boys Basic Düz 5'li 2-12 Yaş Erkek Soket Çorap,99.99
Minidamla Düz 2-4 Yas Çıtçıtlı Badi - Gri,59.99
Civil Boys Basic 10-13 Yaş Deniz Şort - Mavi,99.99
Civil Boys Canavarlar Baskılı 2-5 Yaş Mayo - Yeşil,169.99
Civil Boys Gri-Siyah 2-12 Yaş Erkek Çocuk 2'li Atlet,199.99
Civil Boys Basic 10-13 Yaş Deniz Şort - Mavi,99.99
Civil Socks Music 3'lü 3-11 Yaş Soket Çorap,24.99
Civil Boys Animal 3'lü 3-11 Yaş Soket Çorap,49.99
Civil Boys Dinazor Havlu 2'li 2-12 Yaş Erkek Soket Çorap,99.99
Civil Boys Basic 2-5 Yaş Deniz Şort - Mavi,99.99
Civil Boys Winter Deer Desen 3-11 Yaş Havlu Soket Çorap,29.99
Civil Boys Space Havlu 2'li 2-12 Yaş Erkek Soket Çorap,59.99
Civil Boys Pirhana Baskılı 2-5 Yaş Mayo - Yeşil,129.99
Civil Boys Strong 2-10 Yaş 3'lü Boxer Set,229.99
Civil Boys Basic Düz Çizgi 5'li 2-12 Yaş Soket Çorap,199.99
Civil Boys Ribana 2-14 Yaş Askılı Atlet - Beyaz,99.99
Civil Boys Adventure 2-10 Yaş 2'li Külot Set,59.99
Süperman 2-10 Yaş 2'li Atlet Set,249.99
Civil Boys Soft Colors 2-10 Yaş 3'lü Boxer Set,199.99
Süperman 2-10 Yaş 2'li Atlet Set,149.99
Batman 3-11 Yaş Havlu Soket Çorap,29.99
Donella Animal 2-10 Yaş Atlet - Ekru,29.99
Civil Boys Siyah-Beyaz 2-12 Yaş Erkek Çocuk 2'li Atlet,249.99
Civil Boys Papağan Palmiye Baskılı 2-5 Yaş Mayo Tulum - Mavi,169.99
Civil Boys Formula Araba Baskılı Erkek Külotlu Çorap - Lacivert,14.99
Civil Boys Rovot 2-10 Yaş 2'li Boxer Set,119.99
Civil Boys Formula Araba Baskılı Erkek Külotlu Çorap - Gri,14.99
Civil Boys Over The Moon 2-10 Yaş Tek Atlet,59.99
Minidamla Düz 2-4 Yas Çıtçıtlı Badi - Beyaz,59.99
Civil Boys Formula Araba Baskılı Erkek Külotlu Çorap - Beyaz,14.99
Civil Boys Mavi-Gri 2-12 Yaş Erkek Çocuk 2'li Boxer,199.99
Civil Boys Düz 3-7 Yaş Çocuk Erkek Külotlu Çorap - Mavi,129.99
Civil Boys Basic 5'Li 2-12 Yaş Erkek Soket Çorap,199.99
Donella Hippo 2-6 Yaş Atlet - Yeşil,29.99
Civil Boys Triko Winter Desen 3-11 Yaş Havlu Soket Çorap,39.99
Domi Kids Football 2-8 Yaş Erkek Çocuk 2'li Boxer,199.99
Süperman 3-11 Yaş Havlu Soket Çorap,34.99
Civil Boys Space Havlu 2'li 2-12 Yaş Erkek Soket Çorap,99.99
Civil Boys Çizgili 2-10 Yaş 2'li Atlet Set,199.99
Civil Boys Sport Basic 3'lü 2-12 Yaş Erkek Soket Çorap,69.99
Civil Boys Space Desen 3-7 Yaş Çocuk Erkek Külotlu Çorap - Gri,34.99
Civil Boys Monster Havlu 2'li 2-12 Yaş Erkek Soket Çorap,99.99
Civil Boys Monster 2-10 Yaş 2'li Külot Set,59.99
Minidamla Düz 2-4 Yas Çıtçıtlı Badi - Ekru,59.99
Süperman Baskılı 2-5 Yaş Mayo Tişört - Mavi,99.99
Civil Boys Basic 2-10 Yaş 2'li Külot Set - Yeşil,99.99
Civil Boys Hi World 2-10 Yaş 2'li Atlet Set,79.99
Civil Boys Yengeç 10-13 Yaş Deniz Şort - Pudra,99.99
Rafadan Tayfa 2-9 Yaş Geçmebel Külot Set,29.99
Civil Boys Basic 10-13 Yaş Deniz Şort - Mavi,99.99
Civil Boys Crazy 2-10 Yaş 2'li Külot Set,129.99
Civil Boys Dinazor Nakış 3'lü 2-12 Yaş Erkek Soket Çorap,169.99
Civil Boys Leopar Baskılı 2-5 Yaş Deniz Şort - Turuncu,199.99
Civil Boys Ribana 2-12 Yaş Atlet,24.99
Civil Boys Monster 2-10 Yaş 2'li Külot Set,129.99
Civil Socks Bang 3'lü 2-12 Yaş Erkek Soket Çorap,69.99
Batman 2-10 Yaş 2'li Boxer Set,199.99
Civil Boys Renkli Çember 3'lü 2-12 Yaş Soket Çorap,59.99
Civil Boys Space 3'lü 2-12 Yaş Erkek Soket Çorap,69.99
Civil Back To School Space 3'lü 3-11 Yaş Erkek Soket Çorap,39.99
Civil Boys Düz 2-5 Yaş Çıtçıtlı Badi - Ekru,29.99
Civil Boys Lacivert-Beyaz 2-12 Yaş Erkek Çocuk 2'li Atlet,219.99
Civil Boys Gülen Yüz 3'lü 2-12 Yaş Soket Çorap,129.99
Civil Boys Game Over 2-10 Yaş Tek Külot,29.99
Batman Kamuflaj Şehir 6-9 Yaş Deniz Şort - Sarı,169.99
Civil Boys Basic 1-13 Yaş Mayo - Turuncu,79.99
Civil Boys Adventure 2-10 Yaş 2'li Atlet Set,79.99
Civil Boys Şömine Desen 3-11 Yaş Havlu Soket Çorap,34.99
Civil Boys Çizgili 2-10 Yaş Erkek Çocuk 2'li Atlet,249.99
Civil Boys Deniz Anası Baskılı 2-5 Yaş Mayo - Beyaz,169.99
Civil Boys Just Dino 3'lü 2-12 Yaş Erkek Soket Çorap,119.99
Spiderman 3-11 Yaş Erkek Soket Çorap,29.99
Süperman 2-10 Yaş 2'li Külot Set,129.99
Civil Boys Basic 2-5 Yaş Deniz Şort - Turuncu,99.99
Civil Boys Monster 2-10 Yaş 2'li Atlet Set,79.99
Civil Boys Basic 2-10 Yaş 2'li Külot Set - Sarı,129.99
Civil Boys Basic Konsept Düz 5'li 2-12 Yaş Erkek Soket Çorap,149.99
Civil Boys Dama Desen 3'lü 2-12 Yaş Soket Çorap,24.99
Batman Havlu 2'li 2-12 Yaş Erkek Soket Çorap,99.99
Minidamla Askılı 2-4 Yas Çıtçıtlı Badi - Gri,59.99
Civil Boys Crazy 2-10 Yaş 2'li Atlet Set,199.99
Donella Animal 2-10 Yaş Atlet - Yeşil,29.99
Batman Şehir Baskılı 2-5 Yaş Mayo - Mavi,99.99
Civil Boys Kaktüs 10-13 Yaş Deniz Şort - Sarı,99.99
Pierre Esposito Bambu Viskoz 40-44 Nm Dikişsiz Erkek Çorap - Gri,14.99
Civil Boys Basic 2-10 Yaş 2'li Boxer Set - Mavi,149.99
Civil Boys Triko Kar Desen 3-11 Yaş Havlu Soket Çorap,34.99
Civil Boys Palmiye 2-10 Yaş 2'li Boxer Set,149.99
Civil Boys Dinazor 2-10 Yaş 2'li Atlet Set,99.99
Minidamla Düz 2-4 Yas Çıtçıtlı Badi - Lacivert,59.99
Civil Boys Basic Süprem 2-12 Yaş 2'li Atlet,149.99
Civil Boys Monster 2-10 Yaş 2'li Atlet Set,199.99
Civil Boys Ahtapot Mercan Baskılı 6-9 Yaş Mayo - Yeşil,99.99
Civil Boys Socks Motto 3'lü 3-11 Yaş Soket Çorap,39.99
Civil Boys Düz 3'lü 2-12 Yaş Soket Çorap,79.99
Civil Boys Palmiye 6-9 Yaş Deniz Şort - Sarı,99.99
Civil Boys Yıldız Desen 3'lü 2-12 Yaş Soket Çorap,24.99
Civil Boys Oh Dear 3'lü 2-12 Yaş Soket Çorap,39.99
Minidamla Düz 2-4 Yas Çıtçıtlı Badi - Yeşil,59.99
Civil Boys Erkek Çocuk 2'li Boxer Set 2-10 Yaş,199.99
Civil Boys Gift Deer Havlu 2'li 3-11 Yaş Erkek Soket Çorap,99.99
Civil Boys Basic 2-5 Yaş Deniz Şort - Siyah,99.99
Civil Boys Sıfır Kol 6-9 Yaş Çıtçıtlı Badi - Beyaz,39.99
Civil Boys Basic Çizgili 3'lü 2-12 Yaş Erkek Soket Çorap,129.99
Civil Boys NYC 3'lü 2-12 Yaş Soket Çorap,39.99
Minidamla Askılı 2-4 Yas Çıtçıtlı Badi - Ekru,59.99
Civil Boys The Wild Bear 3'lü 3-11 Yaş Soket Çorap,44.99
Civil Boys Dinazor Desen 2-10 Yaş 2'li Atlet Set,69.99
Civil Socks Pop Art 3'lü 3-11 Yaş Soket Çorap,29.99
Civil Boys Cute Dog Havlu 2'li 2-12 Yaş Erkek Soket Çorap,99.99
Civil Boys Basic 2-10 Yaş 2'li Külot Set - Mavi,99.99
Civil Boys Balık Yengeç 6-9 Yaş Deniz Şort - Mavi,99.99
Öts Likralı Be Cool Baskılı 4-12 Yaş Külot - Siyah,17.99
Civil Boys Dinazor Desen 2'li 3-11 Yaş Havlu Soket Çorap,79.99
Domi Kids Siyah-Beyaz 2-8 Yaş Erkek Çocuk 2'li Boxer,169.99
Civil Boys Düz 3-7 Yaş Erkek Külotlu Çorap - Gri,39.99
Civil Socks School 3'lü 3-11 Yaş Soket Çorap,34.99
Taz 3-11 Yaş Çocuk Erk Soket Çorap,24.99
Civil Boys Laci-Beyaz 2-12 Yaş Erkek Çocuk 2'li Boxer,199.99
Minidamla Düz 2-4 Yas Çıtçıtlı Badi - Yeşil,59.99
Civil Boys Astronot 2-10 Yaş 2'li Atlet Set,149.99
Civil Boys Basic 2-5 Yaş Deniz Şort - Mavi,99.99
Civil Boys Çizgili Basic 3'lü 3-11 Yaş Erkek Soket Çorap,59.99
Batman 3-11 Yaş Soket Çorap,99.99
Civil Boys Geyik Desen 2-12 Yaş Çocuk Erk Soket Çorap,24.99
Civil Boys Dinazor Empirme Desen 2-10 Yaş İç Çmşr Tk,69.99
Civil Boys Monster 3-7 Yaş Külotlu Çorap - Siyah,59.99
Donella Dino 2-8 Yaş Atlet - Beyaz,29.99
Domi Kids Shark 2-8 Yaş Erkek Çocuk 2'li Boxer,199.99
Civil Boys Basic 10-13 Yaş Deniz Şort - Yeşil,99.99
Spiderman 3-11 Yaş Erkek Soket Çorap,29.99
Civil Boys Kolej Smile 3'lü 2-12 Yaş Erkek Soket Çorap,59.99
Civil Boys Basic Taban 3'lü 2-12 Yaş Erkek Soket Çorap,149.99
Civil Boys Gri-Siyah 2-12 Yaş Erkek Çocuk 2'li Boxer,199.99
Civil Boys Basic 2-10 Yaş 2'li Boxer Set - Gri,149.99
Süperman Baskılı 6-9 Yaş Mayo - Sarı,99.99
Civil Boys Bang 20-24 Nm Erkek Çarık Çorap,49.99
Civil Baby Roar Dinazor 0-24 Ay Bebek Erkek Külotlu Çorap - Mavi,49.99
Minidamla Düz 2-4 Yas Çıtçıtlı Badi - Mavi,59.99
Civil Boys Basic 2-10 Yaş 2'li Atlet Set - Mavi,149.99
Civil Boys Dinosaur 2-10 Yaş 2'li Külot Set,129.99
Hello Çocuk Erkek Külot - Gri,19.99
Civil Boys Balık Yengeç 2-5 Yaş Deniz Şort - Mavi,129.99
Civil Boys Monster 2-10 Yaş Tek Külot,29.99
Civil Boys Dinosaur 2-10 Yaş 2'li Atlet Set,199.99
Civil Boys Geyik Desen 3'lü 2-12 Yaş Soket Çorap,24.99
Civil Boys Dinazor 2-10 Yaş 3'lü Külot Set,179.99
Civil Boys Rocket 2-10 Yaş 2'li Külot Set,99.99
Civil Boys Dinazor 2-10 Yaş Tek Külot,39.99
Civil Boys Graffiti 2-10 Yaş 2'li Atlet Set,199.99
Domi Kids Gri-Siyah 2-8 Yaş Erkek Çocuk 2'li Boxer,169.99
Batman 2'li 2-12 Yaş Erkek Soket Çorap,59.99
Civil Boys Over The Moon 2-10 Yaş Tek Külot,39.99
Civil Boys Monster Havlu 2'li 2-12 Yaş Erkek Soket Çorap,79.99
Civil Boys Termal 3-7 Yaş Tayt - Siyah,99.99
Civil Boys Basic 6-9 Yaş Deniz Şort - Mavi,99.99
Civil Boys Düz Havlu 2-12 Yaş Çocuk Erk Soket Çorap,19.99
Civil Boys Bear 3'lü 2-12 Yaş Erkek Soket Çorap,129.99
Civil Boys Basic 6-9 Yaş Deniz Şort - Yeşil,99.99
Civil Boys Çemberli 5'Li 2-12 Yaş Erkek Soket Çorap,199.99
Dinazor Çocuk Erkek Boxer - Mavi,29.99
Civil Boys Dinazor 3'lü 2-12 Yaş Erkek Soket Çorap,59.99
Civil Boys Düz 2-12 Yaş Çocuk Erk Soket Çorap,29.99
Donella Super 2-10 Yaş Atlet - Mavi,29.99
Civil Boys 34 Rakam Desenli 12-16 Yaş Çocuk Erk Soket Çorap,24.99
Civil Boys Basic 5'li 2-12 Yaş Soket Çorap,199.99
Civil Boys Basic 6-9 Yaş Deniz Şort - Siyah,99.99
Civil Boys Sport Derbi 5'li 3-11 Yaş Erkek Soket Çorap,199.99
Batman 2-10 Yaş Çocuk Erkek Atlet,69.99
Civil Boys Basic Likralı Süprem 2-10 Yaş Atlet,59.99
Civil Boys Deniz Anası Baskılı 2-5 Yaş Mayo Tişört - Yeşil,199.99
Civil Boys Space Desen 2-10 Yaş 2'li Atlet Set,69.99
Civil Boys Amazon 2-5 Yaş Deniz Şort - Bej,129.99
Minidamla Askılı 2-4 Yas Çıtçıtlı Badi - Yeşil,59.99
Minidamla Askılı 2-4 Yas Çıtçıtlı Badi - Beyaz,59.99
Sevi Bebe Yıkanabilir Bezli Bebek Sünnet Külotu,99.99
Civil Boys Bear Desen 3-11 Yaş Havlu Soket Çorap,59.99
Civil Boys Sıfır Kol 2-5 Yaş Çıtçıtlı Badi - Beyaz,44.99
Civil Boys Ringel Çizgili 2-10 Yaş 2'li Atlet Set,99.99
Civil Boys 10 Yaş Çocuk Erkek Atlet - Beyaz,79.99
Civil Boys Basic 2-10 Yaş 2'li Külot Set - Mavi,129.99
Civil Boys Space 2-10 Yaş 2'li Boxer Set,99.99
Civil Boys ING Desenli 3 Lü Set 2 9 Yaş Soket Çorap,29.99
Batman 3-11 Yaş Çocuk Erk Soket Çorap,24.99
Civil Socks Back To School 3'lü 2-12 Yaş Erkek Soket Çorap,79.99
Süperman 2-10 Yaş Çocuk Erkek Külot,39.99
Öts Duz 2-12 Yas Erkek Kulot,79.99
Civil Boys Socks Space 3'lü 3-11 Yaş Soket Çorap,39.99
Civil Boys Dinosaur 2-10 Yaş 2'li Külot Set,69.99
Düz Ribana Erkek Çocuk 2-12 Yaş Atlet - Ekru,29.99
Donella Hippo 2-6 Yaş Atlet - Ekru,29.99
Civil Boys Kaplumbağa 2-5 Yaş Deniz Şort - Yeşil,129.99
Civil Boys Basic Çizgi 3'lü 3-11 Yaş Erkek Soket Çorap,129.99
Civil Boys Bear Havlu 2'li 3-11 Yaş Havlu Soket Çorap,79.99
Minidamla Askılı 2-4 Yas Çıtçıtlı Badi - Yeşil,59.99
Civil Boys Düz 6-9 Yaş Çıtçıtlı Badi - Beyaz,29.99
Civil Boys Surf Desen 2-10 Yaş 2'li Atlet Set,69.99
Civil Boys Düz 3-7 Yaş Erkek Külotlu Çorap - Lacivert,39.99
Civil Boys Basic 2-10 Yaş 2'li Boxer Set - Yeşil,149.99
Civil Boys Animal 3'lü 2-12 Yaş Erkek Soket Çorap,59.99
Civil Boys Tıger Desen 3-7 Yaş Çocuk Erkek Külotlu Çorap - Mavi,29.99
Civil Boys Erkek Çocuk 2'li Boxer Set 2-10 Yaş,169.99
Çizgili Çocuk Erkek Külot - Mavi,19.99
Civil Boys Yıldız 3'lü 2-12 Yaş Soket Çorap,49.99
Tazmanya Havlu 2'li 2-12 Yaş Erkek Soket Çorap,99.99
Civil Boys Geyik Desen 3-11 Yaş Havlu Soket Çorap,29.99
Civil Boys Game 2-10 Yaş 3'lü Boxer Set,229.99
Civil Boys Basic 2-10 Yaş 2'li Külot Set - Mavi,99.99
Civil Boys Basic Süprem 2-12 Yaş Atlet,99.99
Civil Boys Trex Desen 3-7 Yaş Külotlu Çorap - Sarı,49.99
Taz Havlu 3-11 Yaş Çocuk Erk Soket Çorap,34.99
Civil Boys Basic 10-13 Yaş Deniz Şort - Sarı,99.99
Civil Boys Dinazor Desen Havlu 2-12 Yaş Çocuk Erk Soket Çorap,29.99
Minidamla Düz 2-4 Yas Çıtçıtlı Badi - Pembe,59.99
Civil Boys Space 3'lü 2-12 Yaş Erkek Soket Çorap,149.99
Civil Boys Derbili Cool 3'lü 3-11 Yaş Erkek Soket Çorap,129.99
Civil Boys Çizgili Sevimli Yengeç Baskılı 2-5 Yaş Deniz Şort - Mavi,199.99
Civil Boys Termal 9-13 Yaş Tayt - Gri,99.99
Civil Boys Üçgen Desen Baskılı 10-13 Yaş Deniz Şort - Lacivert,229.99
Civil Boys Konsol Desenli 2-8 Yaş Atlet,29.99
Minidamla Askılı 2-4 Yas Çıtçıtlı Badi - Sarı,59.99
Minidamla Askılı 2-4 Yas Çıtçıtlı Badi - Mavi,59.99
Civil Boys Düz Renkli 3 Lü Set 2-12 Yaş Soket Çorap,129.99
Civil Boys Renkli Basic 3 Lü Set 2 9 Yaş Soket Çorap,129.99
Civil Boys Çemberli 2-12 Yaş Çocuk Erk 5'li Soket Çorap,39.99
Civil Boys Sport 3'lü 3-11 Yaş Erkek Soket Çorap,49.99
Civil Baby Triko Desenli Havlu 6-18 Ay Bebek Erkek Külotlu Çorap - Bej,99.99
Civil Boys Space 2-10 Yaş Erkek Çocuk 2'li Atlet,229.99
Civil Boys Basic Süprem 2-10 Yaş Atlet,79.99
Civil Boys Spor Active Desen 3'lü 2-12 Yaş Soket Çorap,22.99
Civil Boys Beyaz-Gri 2-10 Yaş Erkek Çocuk 2'li Atlet,199.99
Civil Boys Graffiti 2-10 Yaş 2'li Külot Set,129.99
Civil Boys Düz 2-5 Yaş Çıtçıtlı Badi - Beyaz,29.99
Civil Boys Space Empirme Desen 2-10 Yaş İç Çmşr Tk,59.99
Civil Boys Erkek Çocuk 2'li Boxer Set 2-10 Yaş,169.99
Donella Hippo 2-6 Yaş Atlet - Mavi,29.99
Taz 2-10 Yaş Çocuk Erkek Atlet,79.99
Civil Boys Erkek Çocuk 2'li Atlet 2-10 Yaş,229.99
Civil Baby Bear Havlu 6-18 Ay Bebek Erkek Külotlu Çorap - Gri,99.99
Civil Boys Geyik Desen 3-11 Yaş Havlu Soket Çorap,24.99
Süperman 2-10 Yaş Atlet,59.99
Civil Boys Space 2-10 Yaş 2'li Boxer Set,199.99
Civil Boys Game Over 2-10 Yaş Tek Atlet,49.99
Civil Boys Dinazor 2-10 Yaş 2'li Külot Set,69.99
Civil Boys Cool Animal 3'lü 2-12 Yaş Erkek Soket Çorap,79.99
Dog Socks 3-9 Yaş 3lü Soket Çorap,19.99
Katamino Oldhool Erkek 2'li 1-11 Yaş Boxer Set,79.99
Civil Boys Termal 9-13 Yaş Tayt - Siyah,99.99
Civil Boys Basic 2-10 Yaş 2'li Atlet Set,129.99
Civil Boys Derbili Basic 3'lü 3-11 Yaş Erkek Soket Çorap,129.99
Civil Boys Dinosours 3'lü 2-12 Yaş Erkek Soket Çorap,149.99
Civil Boys Geniş Askılı Basic 3'lü 2-12 Yaş Süprem Erkek Atlet Set - Beyaz,79.99
Civil Boys Space 2-10 Yaş 2'li Atlet Set,139.99
Civil Boys Space Desen 3-7 Yaş Külotlu Çorap - Turuncu,49.99
Civil Socks Library 3'lü 3-11 Yaş Soket Çorap,24.99
Civil Boys Basic 2-10 Yaş 2'li Külot Set - Turuncu,99.99
Süperman 2-10 Yaş 3'lü Boxer Set,229.99
Civil Boys Fox Desen 3-11 Yaş Havlu Soket Çorap,19.99
Civil Boys Basic 2-10 Yaş 2'li Atlet Set - Mavi,149.99
Civil Boys Basic 10-13 Yaş Deniz Şort - Turuncu,99.99
Civil Boys Basic 1-13 Yaş Mayo - Mavi,79.99
Civil Boys Bulmaca 3 Lü Set 2-12 Yaş Soket Çorap,44.99
Civil Boys Uzay Baskılı 2-5 Yaş Deniz Şort - Lacivert,199.99
Civil Boys Basic Ribana 2-12 Yaş Atlet,99.99
Superman Havlu 2'li 2-12 Yaş Erkek Soket Çorap,99.99
Civil Boys Gülen Yüz 3'lü 2-12 Yaş Erkek Soket Çorap,59.99
Süperman 2-10 Yaş 3'lü Külot Set,199.99
Civil Boys Dinozor Baskılı 2-5 Yaş Deniz Şort - Beyaz,199.99
Civil Boys Trex 20-24 Nm Erkek Çarık Çorap,49.99
Civil Boys Basic 2-10 Yaş 2'li Külot Set - Gri,99.99
Civil Boys Basic 10-13 Yaş Deniz Şort - Mavi,99.99
Taz 3-11 Yaş Soket Çorap,29.99
Tazmanya 2'li 2-12 Yaş Erkek Soket Çorap,79.99
Civil Boys Düz 6-9 Yaş Çıtçıtlı Badi - Ekru,29.99
Civil Boys Tıger Desen 3-7 Yaş Çocuk Erkek Külotlu Çorap - Gri,29.99
Civil Boys Bear Desen 3-11 Yaş Havlu Soket Çorap,24.99
Civil Boys Basic 2-10 Yaş 2'li Külot Set - Gri,99.99
Süperman 2-10 Yaş 2'li Boxer Set,199.99
Civil Boys Basic Çizgili 5'Li 2-12 Yaş Erkek Soket Çorap,199.99
Civil Boys Dinazor 20-24 Nm Erkek Çarık Çorap,49.99
Civil Boys Soft Colors 2-10 Yaş 3'lü Külot Set,179.99
Civil Boys 2-3 Yaş Çıtçıtlı Badi - Beyaz,16.99
Civil Boys Basic Geniş Askılı 2-10 Yaş 3'lü Atlet Set,229.99
Civil Boys Dinazor 3'lü 2-12 Yaş Erkek Soket Çorap,79.99
Civil Boys Trex Desen 3-7 Yaş Külotlu Çorap - Turuncu,49.99
Civil Boys Bisiklet Empirme Desen 2-10 Yaş İç Çmşr Tk,69.99
Civil Boys Basic Düz Çizgi 5'li 2-12 Yaş Soket Çorap,99.99
Civil Boys CVL 3'lü 2-12 Yaş Erkek Soket Çorap,149.99
Civil Boys Basic 2-10 Yaş 2'li Atlet Set - Yeşil,149.99
Civil Boys Dinazor 2-10 Yaş 3'lü Boxer Set,229.99
Civil Boys Basic Ribana 2-12 Yaş Atlet,99.99
Donella Bull 4-10 Yaş Atlet - Ekru,29.99
Civil Boys Bear Havlu 2'li 2-12 Yaş Erkek Soket Çorap,99.99
Civil Boys Monster Desen 3-11 Yaş Havlu Soket Çorap,19.99
Civil Boys Football Desenli 20-24 Nm Çarık Çorap - Ekru,17.99
Civil Socks Dinazor 3'lü 3-11 Yaş Erkek Soket Çorap,39.99
Civil Boys Monster Baskılı 6-9 Yaş Mayo - Mavi,99.99
Gündem Çorap Penye Duz 2-12 Yas Erkek Suba Set,29.99
Civil Boys Dinazor Desen 3'lü 2-12 Yaş Soket Çorap,24.99
Civil Boys Dinazor Music 2-10 Yaş Tek Atlet,49.99
Civil Boys To Be Happy 3'lü 2-12 Yaş Erkek Soket Çorap,149.99
Süperman 2-10 Yaş Çocuk Erkek Atlet,69.99
Donella Super 2-10 Yaş Atlet - Gri,29.99
Civil Boys Just 2-10 Yaş Erkek Çocuk 2'li Atlet,249.99
Civil Boys Dalga Baskılı 6-9 Yaş Mayo - Yeşil,169.99
Civil Boys Boya Çizgi Efektli 10-13 Yaş Deniz Şort - Mavi,549.00
Civil Boys Koala Desen 3-7 Yaş Çocuk Erkek Külotlu Çorap - Bordo,34.99
Civil Boys Süprem Askılı 2-12 Yaş Erkek Atlet - Beyaz,99.99
Civil Boys Space 3'lü 2-12 Yaş Erkek Soket Çorap,79.99
Civil Boys Çizgili 2-10 Yaş 2'li Külot Set,129.99
Civil Boys Çizgili 2-10 Yaş Erkek Çocuk 2'li Boxer,219.99
Süperman 3-11 Yaş Çocuk Erk Soket Çorap,24.99
Civil Boys Basic 10-13 Yaş Deniz Şort - Lacivert,99.99
Civil Boys Mavi-Gri 2-12 Yaş Erkek Çocuk 2'li Atlet,199.99
Civil Boys Fox Havlu 2'li 3-11 Yaş Havlu Soket Çorap,79.99
Civil Boys Captain 2-10 Yaş 2'li Atlet Set,149.99
Civil Baby Erkek Bebek 3'lü Çorap Set 6-18 Ay,49.99
Civil Boys Basic Süprem 2-12 Yaş Atlet,99.99
Civil Boys Sailor 2-10 Yaş Erkek Çocuk 2'li Atlet,279.00
Batman 2-10 Yaş Çocuk Erkek Külot,39.99
Donella Hardworking 2-6 Yaş Atlet - Beyaz,29.99
Süperman 3-11 Yaş Soket Çorap,49.99
Civil Boys Trex 3'lü 3-11 Yaş Soket Çorap,39.99
Civil Boys CEP Yazı Desen 2-12 Yaş Çocuk Erk Soket Çorap,19.99
Civil Girls Kabartma Kalp 3'lü 2-12 Yaş Kız Soket Çorap,149.99
Lacoste Bebek Kız 6-18 Ay Külotlu Çorap - Pudra,129.99
Civil Girls Yes Desen 3'lü 2-12 Yaş Soket Çorap,24.99
Etil Bandanalı Aks. Kız Termal Tayt,39.99
Donella Fly 2-8 Yaş Atlet - Lila,29.99
Civil Girls Spark Lıght Flamingo 2-12 Yaş Külotlu Çorap - Ekru,29.99
Civil Girls Penguen Havlu 2-12 Yaş Çocuk Kız Soket Çorap,19.99
Civil Girls Fresh 2-10 Yaş 2'li Atlet Set,129.99
Donella Fly 2-8 Yaş Atlet - Gri,29.99
Civil Girls Stairs 2-12 Yaş Kız Külotlu Çorap - Beyaz,129.99
Civil Girls Meow Havlu 2'li 2-12 Yaş Kız Soket Çorap,59.99
Civil Girls Rabbit 2-10 Yaş 2'li Atlet Set,99.99
Civil Girls Kız Çocuk Külot 2-10 Yaş,99.99
Civil Girls Winter Desen 3-11 Yaş Çocuk Kız Külotlu Çorap - Kırmızı,44.99
Civil Girls Best Friends 2-10 Yaş Tek Atlet,39.99
Minnie Mouse 3-11 Yaş Kız Soket Çorap,29.99
Civil Girls Rea 2-12 Yaş Kız Külotlu Çorap - Gri,79.99
Civil Girls Butterfly 2-10 Yaş 2'li Atlet Set,149.99
Civil Girls Çemberli 5'li 2-12 Yaş Kız Soket Çorap,199.99
Civil Girls Fit Puanlı 30 Denye 2-12 Yaş Mus Külotlu Çorap - Siyah,69.99
Civil Girls Derbili Düz 3-11 Yaş Külotlu Çorap - Kırmızı,149.99
Ayas Aks.Kız Külotlu Çorap 2-9 Yaş,29.99
Civil Girls Nature 2'li 8-14 Yaş 2'li Büstiyer - Pudra,99.99
Civil Girls Mikro 2-12 Yaş Külotlu Çorap - Ekru,99.99
Civil Girls Fileli 3-11 Yaş Külotlu Çorap - Pembe,149.99
Civil Girls Düz Desenli 3-11 Yaş Çocuk Kız Külotlu Çorap - Yeşil,149.99
Civil Girls Çizgili 3'lü 2-12 Yaş Kız Soket Çorap,149.99
Civil Girls Rea 2-12 Yaş Kız Külotlu Çorap - Beyaz,79.99
Civil Girls Fileli 3-11 Yaş Külotlu Çorap - Ekru,149.99
Hello Kitty 2-10 Yaş 2'li Külot Set,99.99
Civil Girls Mikro 2-12 Yaş Külotlu Çorap - Pudra,99.99
Katamino Aks. Kız Soket Çorap,79.99
Civil Girls Kalp 3'lü 2-12 Yaş Kız Soket Çorap,119.99
Civil Girls Basic 5'li 2-12 Yaş Soket Çorap,39.99
Civil Girls BFF Baskı 2-10 Yaş Tek Külot,29.99
Civil Girls Fit Puanlı 2-9 Yaş Külotlu Çorap - Kırmızı,49.99
Bugs Bunny 2-10 Yaş 2'li Atlet Set,129.99
Civil Girls Fox 3-11 Yaş Kız Külotlu Çorap - Siyah,59.99
Civil Girls Jakarlı 2-10 Yaş 2'li Atlet Set - Ekru,99.99
Civil Girls Unicorn 3'lü 2-12 Yaş Soket Çorap,39.99
Yüksel Çorap Düz 3-11 Yaş Kız 3 Lü Soket Çorap,999.00
Tom And Jerry 3-11 Yaş Çocuk Erk Soket Çorap,24.99
Civil Girls Kelebek Desen 2-10 Yaş 2'li Külot Set,59.99
Civil Girls Triko Desen 2-12 Yaş Çocuk Kız Külotlu Çorap - Ekru,29.99
Civil Girls Çift Çember 3'lü 2-12 Yaş Soket Çorap,49.99
Civil Girls Flamingo Kabartma Empirme Desen 2-10 Yaş İç Çmşr Tk,49.99
Artı Çorap Angely Aks. Çocuk Kız Golf,14.99
Civil Girls Deer Havlu 2'li 2-12 Yaş Kız Soket Çorap,59.99
Civil Girls Derbili Düz 3-11 Yaş Külotlu Çorap - Beyaz,149.99
Civil Girls Mikro 2-12 Yaş Külotlu Çorap - Bej,99.99
Civil Girls Soft Touch Zincir Desen 2-12 Yaş Kız Külotlu Çorap - Ekru,99.99
Minnie Mouse 3-11 Yaş Kız Soket Çorap,29.99
Bella Calze Dantel Akssuar 0-24 Ay Kltlu Crp - Beyaz,69.99
Civil Girls Kız Çocuk 40/20 Denye Mus Külotlu Çorap 2-12 Yaş - Beyaz,69.99
Micro 50 Denye Düz 3-11 Yaş Kız Mus Külotlu Çorap - Ekru,89.99
Civil Girls Princess 2-10 Yaş 2'li Atlet Set,149.99
Civil Girls Balerin 3'lü 3-11 Yaş Soket Çorap,34.99
Civil Girls Kurdele 3'lü 2-12 Yaş Kız Soket Çorap,149.99
Civil Girls 08 Yaş Çocuk Kız Atlet - Beyaz,79.99
Civil Girls Kalp 2-10 Yaş 2'li Boxer Set,129.99
Civil Girls Likralı Be Cool Baskılı 10-14 Yaş Sporcu Büstiyer - Siyah,19.99
Bambu Lastiksiz Kadın Soket Çorap - Ekru,14.99
Katamino Dekap Derbili Puanlı 2-12 Yaş Külotlu Çorap,149.99
Civil Girls Fileli 3-11 Yas Kız Külotlu Çorap - Pembe,149.99
Civil Girls Power 8-14 Yaş Büstiyer - Beyaz,99.99
Civil Girls Rea Desen 2-12 Yaş Çocuk Kız Külotlu Çorap - Kırmızı,79.99
Civil Girls Düz 3'lü 2-12 Yaş Soket Çorap,79.99
Ayte Bandanalı Aks. Kız Termal Tayt,39.99
Civil Girls Spark Little Princess 40/20 Denye 2-12 Yaş Mus Külotlu Çorap - Beyaz,39.99
Civil Girls Sweet 2-10 Yaş 2'li Atlet Set,99.99
Civil Girls Düz 3-11 Yaş Kız Külotlu Çorap - Ekru,29.99
Öts Balon Desen 2-12 Yaş Külot - Gri,999.00
Civil Girls İp Askılı Düz 2-5 Yaş Çıtçıtlı Badi - Beyaz,39.99
Civil Girls Renkli Çember 3 Lü Set 2-12 Yaş Soket Çorap,44.99
Civil Girls Ribana Jakarlı 2-10 Yaş 3'lü Boxer Set,179.99
Civil Girls 02 Yaş Çocuk Kız Atlet - Beyaz,79.99
Civil Girls Düz İp Askılı 6-9 Yaş Çıtçıtlı Badi - Beyaz,29.99
Civil Girls Basic 2-10 Yaş 2'li Atlet Set - Pembe,149.99
Civil Girls Ribana Jakarlı 2-10 Yaş 3'lü Külot Set,129.99
Civil Girls Kelebek 3-11 Yaş Kız Külotlu Çorap - Beyaz,59.99
Civil Girls Konsept Basic 5'li 2-12 Yaş Kız Soket Çorap,99.99
Civil Girls Düz Renkli İp Askılı 2-5 Yaş Çıtçıtlı Badi - Pembe,16.99
Civil Girls Zincir Desen 2-12 Yaş Kız Külotlu Çorap - Lacivert,79.99
Civil Girls File Kalp Desen 3-11 Yaş Kız Külotlu Çorap - Beyaz,69.99
Civil Girls Koala Desen 3-11 Yaş Havlu Soket Çorap,29.99
8290-1 Ots Penye Kız Flamingo Baskılı 2-12 Yas Boru Paca BoxeR-N - Beyaz,69.99
Civil Girls Love 2-10 Yaş 2'li Atlet Set,69.99
Suzy Kız Külotlu Çorap,69.99
Civil Girls Soft Touch Flora Desen 2-12 Yaş Kız Külotlu Çorap - Beyaz,99.99
Civil Girls Likralı Be Cool Baskılı 10-14 Yaş Sporcu Büstiyer - Gri,19.99
Civil Girls Tiny Bunny 2-10 Yaş Tek Külot,29.99
Civil Girls Tropical 2-10 Yaş Tek Atlet,39.99
Hello Kitty 3'lü 3-11 Yaş Kız Soket Çorap,149.99
Civil Girls Floş Kurdale Kalp Desen 2-12 Yaş Külotlu Çorap - Pembe,79.99
Civil Girls Geyik Desen 3-11 Yaş Havlu Soket Çorap,29.99
Civil Girls Kuğu Desenli 3-11 Yaş Külotlu Çorap - Ekru,59.99
Bugs Bunny 2-10 Yaş Çocuk Kız Atlet,59.99
Civil Girls Basic College 3-11 Yaş Kız Külotlu Çorap - Siyah,99.99
Civil Girls North Aurora Desen 3-11 Yaş Havlu Soket Çorap,34.99
Civil Girls Havlu Snow Çarık Çorap,79.99
Civil Girls Düz Desenli 3-11 Yaş Çocuk Kız Külotlu Çorap - Siyah,149.99
Bugs Bunny Havlu 3-11 Yaş Çocuk Kız Soket Çorap,29.99
Civil Girls Düz Desenli 3-11 Yaş Çocuk Kız Külotlu Çorap - Lacivert,149.99
Civil Girls Unicorn 3-9 Yaş Külotlu Çorap - Mavi,59.99
Tom And Jerry 3-11 Yaş Soket Çorap,29.99
Civil Girls Flamingo Kabartma Desen 2-10 Yaş 2'li Atlet Set,59.99
Civil Girls Suprem Basic 2-10 Yaş 2'li Atlet Set,79.99
Civil Girls Joy 3'lü 3-11 Yaş Soket Çorap,39.99
Civil Girls Basic Çizgili Düz 5'li 2-12 Yaş Kız Soket Çorap,199.99
Civil Socks DNA 3'lü 3-11 Yaş Soket Çorap,24.99
Civil Girls CVL Desen 3'lü 2-12 Yaş Soket Çorap,24.99
Kadın Bambu 36-40 Nm Soket Çorap - Bej,999.00
Civil Girls Kalp Geyik Desen 3-11 Yaş Havlu Soket Çorap,39.99
Civil Girls Kalp Desen 3'lü 2-12 Yaş Soket Çorap,24.99
Civil Girls Zincir Desen 2-12 Yaş Kız Külotlu Çorap - Beyaz,79.99
Civil Girls Kalp 3'lü 3-11 Yaş Kız Soket Çorap,129.99
Civil Girls Gülkurusu-Siyah 2-10 Yaş Kız Çocuk 2'li Atlet,199.99
Civil Girls Winter 3'lü 3-11 Yaş Soket Çorap,49.99
Civil Girls Rea Desen 2-12 Yaş Çocuk Kız Külotlu Çorap - Ekru,79.99
Civil Girls Triko Fox Desen 3-11 Yaş Havlu Soket Çorap,34.99
Hello Kitty 3-7 Yaş Kız Külotlu Çorap - Beyaz,59.99
Donella Fly 2-8 Yaş Atlet - Mavi,29.99
Civil Girls File Best 2-12 Yaş Külotlu Çorap - Pembe,129.99
Civil Girls Trendy Candy 2-12 Yaş Külotlu Çorap - Pembe,29.99
Katamino Aks. File Golf Dizaltı Çorap - Beyaz,79.99
Civil Girls Kalp Desen 3-11 Yaş Havlu Soket Çorap,34.99
Civil Girls Fruit Empirme Desen 2-10 Yaş İç Çmşr Tk,59.99
Civil Girls Lakost File Çiçek Desen 3-11 Yaş Kız Külotlu Çorap - Beyaz,69.99
Civil Girls Sweet Deer 2-10 Yaş 2'li Atlet Set,89.99
Öts 2-12 Yaş Çocuk Kız Boxer - Beyaz,69.99
Civil Girls Kız Çocuk Opak 30 Denye Külotlu Çorap 2-12 Yaş - Siyah,99.99
Dikişsiz 2'li Soket Çorap 36-40 Nm,29.99
Civil Girls Make Puanlı 3-11 Yaş Kız Külotlu Çorap - Lacivert,59.99
Civil Girls Batik Koala Desen 2-10 Yaş 2'li Atlet Set,49.99
Civil Girls Fileli 3-11 Yaş Çocuk Kız Külotlu Çorap - Pembe,29.99
Power Puff 2-8 Yaş Atlet,29.99
Hello Kitty 2-10 Yaş 2' li Külot Set,69.99
Tom And Jerry 2'li 2-12 Yaş Kız Soket Çorap,39.99
Artı Began İnce Golf Soket Çorap 5-13 Yaş,14.99
Power Puff 2-8 Yaş Boxer,19.99
Düz İp Askılı Ribana Kız Çocuk 2-12 Yaş Atlet - Ekru,24.99
Civil Girls Gül-Somon Ribana Derbili 2-10 Yaş 2'li Atlet Set - Pembe,129.99
Bamboo Baskılı Kız Külotlu Çorap 2-9 Yaş,29.99
Civil Girls Trendy Princess 2-9 Yaş Külotlu Çorap - Pembe,14.99
Civil Girls Unicorn 2-10 Yaş Tek Atlet,39.99
Daymod AKS.ÇOCUK DİZALTI ÇORAP - Siyah,99.99
Civil Girls File Petek Desen Taşlı 2-12 Yaş Külotlu Çorap - Ekru,199.99
Civil Girls Triko Desen 2-12 Yaş Çocuk Kız Külotlu Çorap - Siyah,29.99
Civil Girls Socks Love 3'lü 3-11 Yaş Soket Çorap,39.99
Donella Fun Time 2-10 Yaş Külot - Ekru,12.99
Bugs Bunny 2'li 2-12 Yaş Kız Soket Çorap,79.99
Civil Girls Basic Düz 5'li 2-12 Yaş Kız Soket Çorap,199.99
Berila 3'lü Kız Külot Set,99.99
Çocuk Mikro 50 Lale Sim Baskılı Klt. Çorap - Ekru,19.99
Tom And Jerry Havlu 3-11 Yaş Çocuk Erk Soket Çorap,34.99
Elifin Düşleri Kız Çocuk İç Çamaşır Tk 2-11 Yaş,34.99
Civil Girls Düz Desenli 3-11 Yaş Çocuk Kız Külotlu Çorap - Ekru,149.99
Civil Girls Düz 3-11 Yaş Çocuk Kız Külotlu Çorap - Pembe,29.99
Civil Girls Joy 3'lü 2-12 Yaş Kız Soket Çorap,69.99
Civil Girls Çizgili 2-10 Yaş Kız Çocuk 2'li Atlet,249.99
Fly Çocuk Kız Külot - Pembe,999.00
Civil Girls Fox 3-11 Yaş Çocuk Kız Külotlu Çorap - Beyaz,29.99
Civil Girls Düz İp Askılı 6-9 Yaş Çıtçıtlı Badi - Ekru,29.99
Bambu Lastiksiz Kadın Soket Çorap - Beyaz,14.99
Civil Girls Basic Ribana İp Askılı 2-10 Yaş Atlet,49.99
Civil Girls Fox House Desen 3-11 Yaş Havlu Soket Çorap,34.99
Katamino Kız Çocuk Külotlu Çorap 7-13 Yaş - Beyaz,79.99
Civil Girls Kelebek Desenli 2-10 Yaş 2'li Atlet Set,99.99
Civil Girls Rea 2-12 Yaş Kız Külotlu Çorap - Ekru,79.99
Civil Girls College 3'lü 2-12 Yaş Soket Çorap,39.99
Civil Girls More Desen 3'lü 2-12 Yaş Soket Çorap,24.99
Civil Girls Spark Sweet Girl 40 Denye 2-12 Yaş Mus Külotlu Çorap - Ekru,49.99
Civil Socks Yummy 3'lü 3-11 Yaş Kız Soket Çorap,39.99
Katamino Kız Çocuk Külotlu Çorap 2-12 Yaş - Beyaz,99.99
Civil Girls Ribana Çizgili 2-10 Yaş 2'li Atlet Set - Ekru,199.99
Minnie Mouse 3-11 Yaş Kız Soket Çorap,29.99
Civil Girls Kelebek Desenli 20-24 Nm Çarık Çorap - Ekru,17.99
Civil Girls Jakarlı 2-10 Yaş 2'li Atlet Set - Pembe,79.99
Civil Girls Snow Yüz 3'lü 2-12 Yaş Soket Çorap,39.99
Domi Kids Rabbit 2-8 Yaş Kız Çocuk 2'li Boxer,149.99
Civil Girls Donut Desenli 20-24 Nm Çarık Çorap - Yeşil,17.99
Gimme Aks. Kız File Golf Dizaltı Çorap - Beyaz,49.99
Civil Flora Desen 2-12 Yaş Çocuk Kız Külotlu Çorap - Ekru,29.99
Nell Aks.Kız Külotlu Çorap 2-9 Yaş,29.99
Civil Girls Kalp 2-10 Yaş 2'li Atlet Set,199.99
Civil Girls RY Love 3 Lü Set 2-12 Yaş Soket Çorap,39.99
Civil Girls Kalp Havlu 2'li 2-12 Yaş Kız Soket Çorap,99.99
Civil Socks Nurse 3'lü 3-11 Yaş Soket Çorap,24.99
Civil Girls İp Askılı Düz 6-9 Yaş Çıtçıtlı Badi - Beyaz,39.99
Civil Girls 8-14 Yaş Alıştırma Sütyeni - Beyaz,79.99
Civil Girls Kız Çocuk 2'li Külot Set 2-10 Yaş - Ekru,99.99
Civil Girls Çiçek Desen 2-10 Yaş 2'li Atlet Set,59.99
Kadın Bambu 36-40 Nm Soket Çorap - Lila,999.00
Civil Girls Geyik Desenli 3-11 Yaş Külotlu Çorap - Beyaz,59.99
Lacoste Bebek Kız 6-18 Ay Külotlu Çorap - Beyaz,129.99
Civil Girls Dantel Aks.Bambu 3-9 Yaş Soket Çorap - Beyaz,99.99
Raney Kız Külotlu Çorap - Beyaz,39.99
Civil Girls Retro 3'lü 3-11 Yaş Kız Soket Çorap,49.99
Civil Girls Extra Cotton 2-9 Yaş Külotlu Çorap - Ekru,29.99
Civil Girls Power 8-14 Yaş Büstiyer - Gri,99.99
Civil Girls Kelebek 3-11 Yaş Külotlu Çorap - Siyah,59.99
Civil Girls CVL 3'lü 2-12 Yaş Kız Soket Çorap,149.99
Hello Kitty 2-10 Yaş 2'li Boxer Set,129.99
Civil Girls File Papatya 2-12 Yaş Külotlu Çorap - Beyaz,99.99
Kadın Bambu 36-40 Nm Soket Çorap - Sarı,999.00
Civil Girls Fox 3-11 Yaş Çocuk Kız Külotlu Çorap - Bordo,29.99
Civil Girls Fileli 3-11 Yaş Külotlu Çorap - Siyah,149.99
Kadın Bambu 36-40 Nm Soket Çorap - Ekru,999.00
Civil Girls Düz 3-11 Yaş Kız Külotlu Çorap - Pembe,29.99
Civil Girls Kelebek 3-11 Yaş Kız Külotlu Çorap - Siyah,59.99
Benetton 4-13 Yaş Büstiyer - Lila,69.99
Civil Girls Cat 2-10 Yaş 2'li Atlet Set,129.99
Civil Girls Minimal 2-10 Yaş 2'li Külot Set,79.99
Minnie Mouse 3-11 Yaş Kız Soket Çorap,29.99
Civil Girls Bunny 20-24 Nm Kız Çarık Çorap,49.99
Civil Girls Strong Desen 3'lü 2-12 Yaş Soket Çorap,24.99
Bugs Bunny 2-8 Yaş Atlet,29.99
Bella Floş Düz Çizgili 2-9 Yaş Külotlu Çorap - Beyaz,99.99
Civil Girls Fileli 3-11 Yaş Çocuk Kız Külotlu Çorap - Ekru,29.99
Civil Girls Be Cool 8-12 Yaş Büstiyer - Siyah,39.99
Civil Girls File Kurdale 2-9 Yaş Külotlu Çorap - Beyaz,14.99
Civil Girls Kız Çocuk 2'li Külot Set 2-10 Yaş,99.99
Civil Girls Flower 2-10 Yaş Kız Çocuk 2'li Külot,149.99
Bugs Bunny 3-11 Yaş Soket Çorap,29.99
Power Puff 2-10 Yaş Çocuk Kız Atlet,59.99
Civil Girls Pembe-Mint Çiçek Baskılı Jakarlı 2-10 Yaş 2'li Atlet Set - Yeşil,129.99
Civil Girls 34 Rakam Desenli 12-16 Yaş Çocuk Kız Soket Çorap,24.99
Civil Girls İp Askılı Basic 2-12 Yaş Süprem Kız Atlet - Beyaz,24.99
Difeka Taçlı Aks. Kız Külotlu Çorap,69.99
Civil Girls Düz 2-5 Yaş Çıtçıtlı Badi - Beyaz,29.99
Civil Girls Classic Long 2-10 Yaş Boxer - Siyah,129.99
Civil Girls Rea 2-12 Yaş Kız Külotlu Çorap - Ekru,99.99
Civil Girls Kız Çocuk Külot 2-10 Yaş,99.99
Civil Girls Batik Koala Desen 2-10 Yaş Kız Külot - Lila,29.99
Donella Fly 2-8 Yaş Atlet - Sarı,29.99
Civil Girls File Puan ve Çizgili 2-12 Yaş Külotlu Çorap - Beyaz,129.99
Civil Girls Basic İp Askılı 2-10 Yaş 3'lü Atlet Set,199.99
Civil Girls Derbili Düz 3-11 Yaş Külotlu Çorap - Gri,149.99
Civil Girls Kız Çocuk 2'li Boxer Set 2-10 Yaş - Ekru,129.99
Civil Girls File Best 2-12 Yaş Külotlu Çorap - Beyaz,129.99
Civil Girls Meyve Desen 2-12 Yaş Çocuk Kız Soket Çorap,19.99
Civil Girls Soft Touch Zincir Desen 2-12 Yaş Kız Külotlu Çorap - Beyaz,99.99
Civil Girls Düz Havlu 2-12 Yaş Çocuk Kız Soket Çorap,24.99
Civil Girls Düz 3-11 Yaş Kız Külotlu Çorap - Beyaz,29.99
Civil Girls Basic Puanlı 3 Lü Set 2-9 Yaş Soket Çorap,149.99
Öts Balon Desen 2-12 Yaş Külot - Beyaz,999.00
Civil Girls Zincir Desen 2-12 Yaş Kız Külotlu Çorap - Pembe,79.99
Civil Girls Zincir Desen 2-12 Yaş Çocuk Kız Külotlu Çorap - Kırmızı,29.99
Civil Girls Çiçek Desen 2-10 Yaş 2'li Külot Set,79.99
Civil Girls File Petek 2-12 Yaş Külotlu Çorap - Siyah,69.99
Civil Girls Palm 20-24 Numara Kız Çarık Çorap,79.99
Civil Girls Up 3'lü 3-11 Yaş Kız Soket Çorap,49.99
Bugs Bunny 3-11 Yaş Çocuk Erk Soket Çorap,24.99
Civil Girls Jakarlı 2-10 Yaş 2'li Atlet Set - Ekru,99.99
Civil Girls Ribana Jakarlı 2-10 Yaş 3'lü Atlet Set,229.99
Minnie Mouse 3-11 Yaş Kız Soket Çorap,29.99
Civil Girls Geniş Askılı Basic 2-12 Yaş Süprem Kız Atlet - Beyaz,24.99
Civil Girls İp Askılı Basic 7-13 Yaş 2'li Büstiyer,129.99
Civil Girls Rea 2-12 Yaş Kız Külotlu Çorap - Beyaz,129.99
Civil Girls Kız Çocuk 2'li Külot 2-10 Yaş - Yeşil,99.99
Civil Girls İnterlok Pink Gökkuşağı Purple Desen 3 Lü 2-9 Yaş Soket Çorap,999.00
Civil Girls Düz Basic Çizgili 3'lü 2-12 Yaş Kız Soket Çorap,79.99
Civil Girls Fileli 3-11 Yaş Çocuk Kız Külotlu Çorap - Beyaz,29.99
Civil Girls İp Askılı Ribana 2-12 Yaş Atlet,24.99
Civil Girls Trendy Cupcake 2-9 Yaş Külotlu Çorap - Pudra,14.99
Kadın Ters Havlu 36-40 Nm Soket Çorap,999.00
Civil Girls Kalpli 2-10 Yaş Kız Çocuk 2'li Atlet,249.99
Civil Girls Derbili College 3-11 Yaş Kız Külotlu Çorap - Lacivert,99.99
Civil Flora 2-12 Yaş Çocuk Kız Külotlu Çorap - Beyaz,129.99
Civil Girls Soft Touch Zincir Desen 2-12 Yaş Kız Külotlu Çorap - Gri,99.99
Civil Girls Likralı Be Cool Baskılı 10-14 Yaş Sporcu Büstiyer - Beyaz,19.99
Civil Girls Rea Desen 2-12 Yaş Çocuk Kız Külotlu Çorap - Siyah,79.99
Civil Girls Basic Düz Havlu 2-12 Yaş Kız Külotlu Çorap - Gri,169.99
Civil Girls Flora 2-12 Yaş Kız Külotlu Çorap - Beyaz,99.99
Civil Girls Derbili College 3-11 Yaş Kız Külotlu Çorap - Gri,99.99
Civil Girls Zincir Desen 2-12 Yaş Kız Külotlu Çorap - Kırmızı,79.99
Civil Girls Socks Paint 3'lü 3-11 Yaş Soket Çorap,39.99
Civil Girls Ribana Çizgili 2-10 Yaş 3'lü Atlet Set,229.99
Civil Girls File Sarmaşık 2-9 Yaş Külotlu Çorap - Pembe,14.99
Minnie Mouse 3-11 Yaş Kız Soket Çorap,29.99
Öts Palmiye Desen 2-12 Yaş Külot - Pembe,999.00
Civil Girls Çemberli Desen 3'lü 2-12 Yaş Soket Çorap,24.99
Civil Girls Winter Deer 3-11 Yaş Havlu Soket Çorap,29.99
Angora Kız İnce Külotlu - Bej,79.99
Katamino Melek Kanatlı Lacoste Aks. Kız Soket,99.99
Civil Girls Çift Çizgili 3 Lü Set 2-9 Yaş Soket Çorap,49.99
Civil Girls Rea 2-12 Yaş Kız Külotlu Çorap - Siyah,79.99
Artı Çorap Aleda Taçlı Simli Külotlu,29.99
Civil Girls Basic 7-13 Yaş 2'li Büstiyer,179.99
Çocuk Mikro 50 Lale Sim Baskılı Klt. Çorap - Beyaz,19.99
Hello Kitty 2-10 Yaş 2'li Atlet Set,149.99
Civil Girls Basic Renkli 3 Lü Set 2-9 Yaş Soket Çorap,79.99
Tweety 2'li 2-12 Yaş Kız Soket Çorap,79.99
Civil Girls Kız Çocuk 2'li Külot Set 2-10 Yaş,99.99
Civil Girls Derbili Düz 3-11 Yaş Külotlu Çorap - Siyah,149.99
Renate Kız Külotlu Çorap - Siyah,49.99
Civil Girls Koala Desenli 3-11 Yaş Külotlu Çorap - Beyaz,59.99
Birdal Golf Çorap,39.99
Civil Girls Let Snow Havlu 2'li 2-12 Yaş Kız Soket Çorap,99.99
Faderika Aks. Kız Külotlu Çorap,69.99
Donella Fly 2-8 Yaş Atlet - Pembe,29.99
Civil Girls Çizgi Desen 2-12 Yaş Çocuk Kız Soket Çorap,24.99
Civil Girls Basic 2-10 Yaş 2'li Atlet Set - Ekru,149.99
Civil Girls Mikro 2-12 Yaş Külotlu Çorap - Beyaz,99.99
Civil Girls Sport 3'lü 2-12 Yaş Kız Soket Çorap,149.99
Civil Girls Ribana Çizgili 2-10 Yaş 3'lü Boxer Set,179.99
Civil Girls Sweet 2-10 Yaş 2'li Atlet Set,149.99
Civil Girls Düz 3-11 Yaş Çocuk Kız Külotlu Çorap - Ekru,29.99
Civil Girls Unicorn 2-10 Yaş Tek Külot,29.99
Civil Socks Alien 3'lü 3-11 Yaş Soket Çorap,24.99
Civil Girls Basic Düz 5'li 2-12 Yaş Kız Soket Çorap,149.99
Civil Girls Gülen Yüz 3'lü 2-12 Yaş Kız Soket Çorap,69.99
Civil Girls Cep Tavşan Baskı 2-10 Yaş Tek Atlet,39.99
Civil Girls Düz Renkli İp Askılı 2-5 Yaş Çıtçıtlı Badi - Ekru,16.99
Civil Girls Kız Çocuk Opak 30 Denye Külotlu Çorap 2-12 Yaş - Ekru,99.99
Kadın Bambu 36-40 Nm Soket Çorap - Beyaz,999.00
Civil Girls Sweet Deer 2-10 Yaş 2'li Külot Set,39.99
Civil Girls Winter Havlu 2'li 3-11 Yaş Havlu Soket Çorap,79.99
Civil Girls Çiçek Empirme Desen 2-10 Yaş İç Çmşr Tk,49.99
Civil Girls So Cute 2-10 Yaş 2'li Külot Set,34.99
Civil Girls Jakarlı Kalp 2-10 Yaş 2'li Boxer Set - Beyaz,129.99
Elifin Düşleri Kız Çocuk Atlet 2li,49.99
Civil Girls Stairs 2-12 Yaş Kız Külotlu Çorap - Siyah,129.99
Civil Girls Trendy My Little Princess 2-12 Yaş Külotlu Çorap - Beyaz,29.99
Civil Girls Triko Deer Desen 3-11 Yaş Havlu Soket Çorap,29.99
Civil Girls Koala Empirme Desen 2-10 Yaş İç Çmşr Tk,59.99
Civil Girls Düz Renkli İp Askılı 2-5 Yaş Çıtçıtlı Badi - Beyaz,16.99
Civil Girls Kalp 2-10 Yaş 2'li Külot Set,99.99
Kadın Bambu 36-40 Nm Soket Çorap - Pembe,999.00
Elifin Düşleri Kız Çocuk Atlet 2li 2-11 Yaş,49.99
Dopera 3'lü Kız Slip Set,34.99
Civil Girls Triko Desen 2-12 Yaş Çocuk Kız Külotlu Çorap - Beyaz,29.99
Civil Girls Rea 2-12 Yaş Kız Külotlu Çorap - Siyah,99.99
Artı Keysiy Simli Golf Soket Çorap 5-11yaş,12.99
Agari Aks. Bambu Külotlu Çorap,39.99
Civil Girls Mikro 2-12 Yaş Külotlu Çorap - Pembe,99.99
Civil Girls Trendy Ananas Çilek 2-9 Yaş Külotlu Çorap - Ekru,14.99
Civil Girls Be Cool 8-12 Yaş Büstiyer - Beyaz,39.99
Çemberli 36-40 Kadın Soket Çorap,999.00
Civil Girls Minimal 2-10 Yaş 2'li Atlet Set,99.99
Bella Calze Pelus 2-9 Yas Çocuk Suba Corap,999.00
Civil Girls Dont Give Up 3'lü 3-11 Yaş Kız Soket Çorap,79.99
Civil Girls Flora 2-12 Yaş Kız Külotlu Çorap - Pembe,99.99
Karlina Aks. Kız File Soket,24.99
Civil Socks Back To School 3'lü 3-11 Yaş Kız Soket Çorap,39.99
Civil Girls Zincir Desen 2-12 Yaş Çocuk Kız Külotlu Çorap - Ekru,29.99
Civil Girls İp Askılı Basic 7-13 Yaş 2'li Büstiyer,149.99
Kalantra Aks. Kız File Soket,19.99
Civil Socks Lama 3'lü 3-11 Yaş Soket Çorap,24.99
Civil Girls Stairs 2-12 Yaş Kız Külotlu Çorap - Ekru,129.99
Artı Çorap Aks Kız Soket 2-12 Yaş,49.99
Civil Flora 2-12 Yaş Çocuk Kız Külotlu Çorap - Siyah,129.99
Civil Girls Soft Touch Flora Desen 2-12 Yaş Kız Külotlu Çorap - Siyah,99.99
Hello Kitty 3'lü 2-12 Yaş Kız Soket Çorap,79.99
Civil Girls Kalp Havlu 2'li 2-12 Yaş Kız Soket Çorap,59.99
Tom And Jerry 3-11 Yaş Havlu Soket Çorap,29.99
Civil Girls Floş Sarmaşık 2-12 Yaş Külotlu Çorap - Ekru,139.99
Civil Girls Düz 2-5 Yaş Çıtçıtlı Badi - Ekru,29.99
Katamino Aks. Kız Soket Çorap - Beyaz,79.99
Civil Girls Çizgili 2-10 Yaş Kız Çocuk 2'li Atlet,219.99
Civil Girls Çiçek Desenli 2-10 Yaş 2'li Atlet Set,99.99
Civil Girls Kalp 2-10 Yaş Kız Çocuk 2'li Boxer,219.99
Civil Girls Düz Desenli 3-11 Yaş Çocuk Kız Külotlu Çorap - Beyaz,149.99
Civil Girls Sim Unicorn 20-24 Nm Kız Çarık Çorap,49.99
Civil Baby Kız Bebek 3'lü Havlu Çorap Set 6-18 Ay,69.99
Civil Girls Geyik Kalp Desen 2-12 Yaş Çocuk Kız Soket Çorap,24.99
Civil Girls Basic Düz 5'li 2-12 Yaş Kız Soket Çorap,99.99
Fly Çocuk Kız Külot - Mavi,999.00
Hello Kitty 2-10 Yaş 2'li Atlet Set,139.99
Civil Girls Sweet Girl Desen 3-11 Yaş Çocuk Kız Külotlu Çorap - Lila,39.99
Civil Girls Ribana Çizgili 2-10 Yaş 3'lü Külot Set,129.99
Civil Girls Trendy Fairy Girl 2-12 Yaş Külotlu Çorap - Ekru,29.99
Civil Girls Triko Desen 2-12 Yaş Çocuk Kız Külotlu Çorap - Gri,29.99
Elifin Düşleri Kız Çocuk İç Çamaşır Tk 2-11 Yaş,34.99
Artı Çorap-Kare Tekstil Aks. Bebek Soket Çorap 6-18 Ay,79.99
Civil Girls Düz Basic 5'li 2-12 Yaş Kız Soket Çorap,149.99
Civil Girls Kız Çocuk 2'li Külot Set 2-10 Yaş - Ekru,99.99
Parpu Baskılı Kız Termal Külotlu Çorap,49.99
Donella Fun Time 2-10 Yaş Atlet - Ekru,19.99
Civil Girls Gülen Yüz Desen 3'lü 2-12 Yaş Soket Çorap,24.99
Civil Socks Space 3'lü 3-11 Yaş Soket Çorap,24.99
Katamino 3'lü Kız Külot Set,99.99
Civil Girls Kalp 3'lü 2-12 Yaş Kız Soket Çorap,129.99
Civil Girls Zincir Desen 2-12 Yaş Çocuk Kız Külotlu Çorap - Beyaz,79.99
Civil Girls Düz Ribana 2-12 Yaş Atlet,24.99
Civil Girls Zincir Desen 2-12 Yaş Çocuk Kız Külotlu Çorap - Beyaz,29.99
Civil Girls Çiçek 2-10 Yaş Kız Çocuk 2'li Atlet,249.99
Civil Girls Kalp Desen 3-11 Yaş Havlu Soket Çorap,24.99
Civil Girls Suprem Basic 2-10 Yaş 2'li Atlet Set,79.99
Civil Girls 2li Dantelli 10-14 Yaş Büstiyer - Beyaz,169.99
Tweety 3-11 Yaş Soket Çorap,29.99
Katamino İnce Desenli Kız Çocuk Külotlu Çorap 3-10 Yaş,79.99
Kadın Bambu 36-40 Nm Soket Çorap - Lila,999.00
Civil Girls Kalp 2-10 Yaş Kız Çocuk 2'li Atlet,229.99
Civil Girls Taşlı Parlak Fiyonk 2-12 Yaş Külotlu Çorap - Beyaz,169.99
Civil Girls Düz İp Askılı 2-5 Yaş Çıtçıtlı Badi - Ekru,39.99
Civil Girls Kız Çocuk 2'li Boxer Set 2-10 Yaş - Ekru,129.99
Civil Girls Flora 2-12 Yaş Kız Külotlu Çorap - Ekru,99.99
Civil Girls Basic Çizgili 3-11 Yaş Çocuk Kız Külotlu Çorap - Beyaz,39.99
Civil Girls Flamingo 3-11 Yaş Çocuk Kız Külotlu Çorap - Pembe,29.99
Civil Girls Kız Çocuk Külot 2-10 Yaş,99.99
Renate Kız Külotlu Çorap - Lacivert,49.99
Civil Girls Kız Çocuk Opak 30 Denye Külotlu Çorap 2-12 Yaş - Beyaz,99.99
Civil Girls Düz İp Askılı 2-5 Yaş Çıtçıtlı Badi - Beyaz,39.99
Civil Girls Basic 5'li 2-12 Yaş Soket Çorap,69.99
Civil Girls Socks Unicorn 3'lü 3-11 Yaş Soket Çorap,39.99
Pandoli 3'lü Kız Külot Set,39.99
Civil Girls Believe Yourself 2-10 Yaş 2'li Atlet Set,69.99
Civil Girls Rea 2-12 Yaş Kız Külotlu Çorap - Beyaz,99.99
Natera Kız Külotlu Çorap - Lacivert,39.99
Civil Socks School 3'lü 3-11 Yaş Soket Çorap,34.99
Civil Girls Rea Desen 2-12 Yaş Çocuk Kız Külotlu Çorap - Gri,79.99
Katamino Desenli İnce Kız Çocuk Külotlu Çorap 1-12 Yaş - Siyah,79.99
Civil Girls Happy 3'lü 2-12 Yaş Kız Soket Çorap,119.99
Civil Girls Unicorn 2-10 Yaş Kız Çocuk 2'li Boxer,219.99
Beltani Aks. Bambu Külotlu Çorap,99.99
Civil Girls Arı Desenli 3-11 Yaş Çocuk Kız Külotlu Çorap - Sarı,34.99
Civil Girls Candy Winter Desen 3-11 Yaş Havlu Soket Çorap,29.99
Happy Rog Doll Çocuk Kız Atlet - Ekru,27.99
Civil Girls Çemberli Basic 3-11 Yaş Dizaltı Çorap,19.99
Canel Aks. File 2-12 Yaş Soket Çorap,49.99
Civil Girls Uni 3-7 Yaş Kız Külotlu Çorap - Beyaz,59.99
Civil Girls Rabbit 2-10 Yaş 2'li Külot Set,79.99
Civil Girls Fileli 3-11 Yaş Külotlu Çorap - Beyaz,149.99
Civil Girls Derbili Düz 3-11 Yaş Külotlu Çorap - Bordo,149.99
Civil Girls Tropical 2-10 Yaş Tek Külot,29.99
Civil Girls Fruit Desen 2-10 Yaş 2'li Külot Set,29.99
Civil Girls Tiny Bunny 2-10 Yaş Tek Atlet,39.99
Donella Fun Time 2-10 Yaş Atlet - Pembe,19.99
Bambu Lastiksiz Kadın Soket Çorap - Siyah,14.99
Artena 3'lü Kız Külot Set,39.99
Civil Girls File Amor Kalp 2-12 Yaş Külotlu Çorap - Ekru,99.99
Civil Girls Düz Renkli 3 Lü Set 2-12 Yaş Soket Çorap,49.99
Civil Girls İp Askılı Süprem 2-12 Yaş 2'li Atlet,149.99
Civil Girls Rea Desen 2-12 Yaş Çocuk Kız Külotlu Çorap - Beyaz,79.99
Bugs Bunny 3-11 Yaş Havlu Soket Çorap,29.99
Civil Girls Gülen Yüz 3'lü 2-12 Yaş Soket Çorap,34.99
Civil Girls Cat Havlu 2'li 2-12 Yaş Kız Soket Çorap,99.99
Civil Girls Princess 2-10 Yaş 2'li Külot Set,99.99
Bugs Bunny Havlu 2'li 2-12 Yaş Kız Soket Çorap,79.99
Civil Girls Kalp 2-10 Yaş 2'li Atlet Set,149.99
Civil Baby Deer Akseusarlı 17-20 Nm Kız Bebek Çarık Çorap,54.99
Civil Girls Basic İp Askılı Ribana 2-12 Yaş Atlet,99.99
Civil Girls Çember Desen 3-11 Yaş Havlu Soket Çorap,24.99
Civil Girls Zincir Desen 2-12 Yaş Kız Külotlu Çorap - Gri,79.99
Katamino Kız Bebek Külotlu Çorap 6-18 Ay - Pembe,79.99
Civil Girls Kız Çocuk 2'li Külot Set 2-10 Yaş - Beyaz,99.99
Civil Girls Stairs 2-12 Yaş Kız Külotlu Çorap - Beyaz,99.99
Amanda Kız 3'lü Külot Set,99.99
Bambu Lastiksiz Kadın Soket Çorap - Gri,14.99
Civil Girls So Cute 2-10 Yaş 2'li Atlet Set,69.99
Civil Baby Bel Bağlamalı Tençkot 6-18 Ay Ceket - Kahverengi,699.00
Civil Baby Basic 9-18 Ay Ceket - Mavi,799.00
Civil Baby Basic 9-18 Ay Ceket - Mavi,469.00
Civil Baby Basic 9-18 Ay Ceket - Mavi,469.00
Civil Baby Basic 9-18 Ay Ceket - Siyah,469.00
Civil Baby Basic 9-18 Ay Ceket - Haki,469.00
Civil Baby Süet 9-18 Ay Ceket - Bej,599.00
Civil Baby Süet 9-18 Ay Ceket - Bej,799.00
Civil Baby Baklava Desen 6-18 Ay Ceket - Haki,399.00
Civil Boys Kapaklı Cift Cep 2-5 Yaş Gömlek - Mavi,139.99
Civil Boys Baskılı 10-13 Yaş Gömlek - Haki,649.00
Civil Boys Kapaklı Cift Cep 2-5 Yaş Gömlek - Hardal,109.99
Civil Boys Yarım Çizgi Desenli 2-5 Yaş Gömlek - Bej,199.99
Civil Boys Kot 2-5 Yaş Gömlek - Kahve,99.99
Civil Boys Çift Cepli Düz 2-5 Yaş Gömlek - Haki,139.99
Civil Boys Çift Çepli 10-13 Yaş Gömlek - Bej,269.00
Civil Boys Kapaklı Cift Cep 2-5 Yaş Gömlek - Yeşil,109.99
Civil Boys Kapşonlu Önden Patlı 6-9 Yaş Gömlek - Yeşil,229.99
Civil Boys Yarım Geometrik Desen 6-9 Yaş Gömlek - Mavi,449.00
Civil Boys Çift Cepli Ekoseli 2-5 Yaş Gömlek - Mavi,199.99
Civil Boys Çift Cep Basic 10-13 Yaş Gömlek - Yeşil,149.99
Civil Boys Çizgili 6-9 Yaş Gömlek - Sarı,419.00
Civil Boys Parça Etnik Desenli 6-9 Yaş Gömlek - Ekru,549.00
Cv81egm3121 Cıvıl Boys Keten Sahte Ceplı 6 9 Yas Gomlek - Beyaz,999.00
Civil Boys Çift Cep Basic Kapşonlu 2-5 Yaş Gömlek - Bej,129.99
Civil Boys Papyonlu Cep Peçeteli 2-5 Yaş Gömlek - Mavi,139.99
Civil Boys Çizgili 2-5 Yaş Gömlek - Mavi,599.00
Civil Boys Kendinden Desenli Çizgili 2-5 Yaş Gömlek - Bej,399.00
Civil Boys Çift Taraflı Tek Cepli 10-13 Yaş Gömlek - Mavi,199.99
Civil Boys Ekoseli Nakışlı 6-9 Yaş Gömlek - Yeşil,149.99
Civil Boys Cırtlı Cep Detaylı 2-5 Yaş Gömlek - Bordo,119.99
Civil Boys Çizgili 10-13 Yaş Gömlek - Kahverengi,599.00
Civil Boys Katlama Kol Cep Desenli 2-5 Yaş Gömlek - Turuncu,499.00
Civil Boys Kendinden Desenli 10-13 Yaş Gömlek - Kahve,499.00
Civil Boys Kısa Kollu Lakos 2-5 Yaş Gömlek - Mavi,129.99
Civil Boys Ön Patlı Sahte Cepli 2-5 Yaş Gömlek - Gri,449.00
Civil Boys Kapak Cepli Tişörtlü Gömlek 6-9 Yaş Gömlek - Mavi,699.00
Civil Boys Çift Cepli 6-9 Yaş Gömlek - Turuncu,299.00
Civil Boys Kapak Cepli Düz 6-9 Yaş Gömlek - Lacivert,199.99
Civil Boys Melanjlı Papyonlu 2-5 Yaş Gömlek - Haki,99.99
Civil Boys Çizgili 2-5 Yaş Gömlek - Kahverengi,429.00
Civil Boys Kapşonlu Önden Patlı 6-9 Yaş Gömlek - Mavi,229.99
Civil Boys Erkek Çocuk Uzun Kol Basic 2-5 Yaş Gömlek - Kahverengi,599.00
Civil Boys Çift Cepli Ekoseli 10-13 Yaş Gömlek - Kahverengi,229.99
Civil Boys Çift Cep Basic 10-13 Yaş Gömlek - Turuncu,149.99
Civil Boys Ekoseli Çift Cep Kapaklı 6-9 Yaş Gömlek - Lacivert,149.99
Civil Boys Ekoseli Çift Cep Kapaklı 6-9 Yaş Gömlek - Mavi,149.99
Civil Boys Baskılı 6-9 Yaş Gömlek - Haki,549.00
Civil Boys Katlama Kol Cep Desenli 2-5 Yaş Gömlek - Yeşil,499.00
Civil Boys Nakışlı Gömlek 10-13 Yaş Gömlek - Bej,649.00
Civil Boys Yelken Nakışlı 6-9 Yaş Gömlek - Mavi,399.00
Civil Boys Çift Cep Basic 2-5 Yaş Gömlek - Mavi,149.99
Civil Boys Çift Cepli Kapşonlu 2-5 Yaş Gömlek - Gri,849.00
Civil Boys Alpine Baskılı Tişörtlü 2-5 Yaş Gömlek - Kahverengi,599.00
Civil Boys Çift Cepli Ekoseli 2-5 Yaş Gömlek - Mavi,349.00
Civil Boys Basic Uzun Kol 10-13 Yaş Gömlek - Beyaz,599.00
Civil Boys Yaprak Desenli 6-9 Yaş Gömlek - Haki,129.99
Civil Boys Çizgili 10-13 Yaş Gömlek - Kırmızı,449.00
Civil Boys Ahtapot Yelkenli Baskılı 2-5 Yaş Gömlek - Mavi,399.00
Civil Boys Yelkenli Nakışlı Hasır Kumaş 6-9 Yaş Gömlek - Bej,419.00
Cv81egm3147 Cıvıl Boys Keten Armurlu Kendınden Desen 6 9 Yas Gomlek - Mavi,999.00
Civil Boys Baskılı 10-13 Yaş Gömlek - Bej,649.00
Civil Boys Nakışlı Gömlek 6-9 Yaş Gömlek - Bej,599.00
Civil Boys Çizgili 10-13 Yaş Gömlek - Gri,449.00
Civil Boys Kapşonlu Ekoseli 6-9 Yaş Gömlek - Yeşil,199.99
Civil Boys Çzigili Çift Cepli Kapşonlu 10-13 Yaş Gömlek - Haki,269.00
Civil Boys Çizgili 10-13 Yaş Gömlek - Mavi,449.00
Civil Boys Kapak Cepli Tişörtlü Gömlek 2-5 Yaş Gömlek - Haki,599.00
Civil Boys Kapaklı Cift Cep 6-9 Yaş Gömlek - Haki,139.99
Civil Boys Ekoseli Çift Cep Kapşonlu 10-13 Yaş Gömlek - Bordo,129.99
Civil Boys Kısa Kollu Lakos 6-9 Yaş Gömlek - Mavi,139.99
Civil Boys Ekoseli Welsoft 6-9 Yaş Gömlek - Kahve,399.00
Civil Boys Etnik Desenli Gizli Cepli 2-5 Yaş Gömlek - Turuncu,199.99
Civil Boys Ekoseli Kapşonlu 6-9 Yaş Gömlek - Mavi,149.99
Civil Boys Ekoseli Nakışlı 2-5 Yaş Gömlek - Hardal,149.99
Civil Boys Cebi Armalı 6-9 Yaş Gömlek - Kahverengi,899.00
Civil Boys Ekoseli Nakışlı 6-9 Yaş Gömlek - Hardal,149.99
Civil Boys Çift Cep Basic 2-5 Yaş Gömlek - Yeşil,119.99
Civil Boys Kapak Cepli Klasik 2-5 Yaş Gömlek - Turuncu,199.99
Civil Boys Su Altı Baskılı 2-5 Yaş Gömlek - Fil Dişi,129.99
Civil Boys Müslin Kapşonlu Düğmeli 2-5 Yaş Gömlek - Kahve,499.00
Tm81egm3105 Zeyneva Keten U/k Cıft Cep Tarak Bosluklu Erk. Gom. 6-9 Yas Gomlek,14.99
Civil Boys Çizgili Yelken Nakışlı 10-13 Yaş Gömlek - Mavi,469.00
Civil Boys Kendinden Desenli Düz Cepli 6-9 Yaş Gömlek - Ekru,749.00
Civil Boys Yelkenli Nakışlı Hasır Kumaş 6-9 Yaş Gömlek - Mavi,419.00
Civil Boys Ekoseli Çift Cepli 10-13 Yaş Gömlek - Gri,169.99
Civil Boys Kat kat cepli 6-9 Yaş Gömlek - Gri,599.00
Cıvıl Boys Keten Bısıklet Nakıslı Uzun Kol 6 9 Yas Gomlek - Yeşil,999.00
Civil Boys Yaprak Baskılı 2-5 Yaş Gömlek - Yeşil,599.00
Civil Boys Etnik Desenli Yaka Düğmeli 2-5 Yaş Gömlek - Yeşil,139.99
Civil Boys Basic 6-9 Yaş Gömlek - Beyaz,139.99
Civil Boys Ekoseli Çift Cepli 6-9 Yaş Gömlek - Gri,149.99
Civil Boys Ekose Desenli Welsoftlu 2-5 Yaş Gömlek - Haki,169.99
Civil Boys Çift Cepli Tişörtlü 6-9 Yaş Gömlek - Koyu Taş Rengi,799.00
Civil Boys Strong Industr Yazılar Baskılı 2-5 Yaş Gömlek - Kahverengi,69.99
Civil Boys Ekoseli Welsoft 2-5 Yaş Gömlek - Kahve,349.00
Civil Boys Kısa Kolu Basic 2-5 Yaş Gömlek - Siyah,299.00
Civil Boys Yaprak Baskılı 6-9 Yaş Gömlek - Bej,399.00
Civil Boys Yelken Nakışlı 2-5 Yaş Gömlek - Mavi,349.00
Civil Boys Basic 2-5 Yaş Gömlek - Beyaz,129.99
Civil Boys Erkek Çocuk Uzun Kol Basic 2-5 Yaş Gömlek - Bej,599.00
Civil Boys Patlı Etek Ucu Cepli 2-5 Yaş Gömlek - Bej,499.00
Civil Boys Kısa Kolu Basic 6-9 Yaş Gömlek - Siyah,319.00
22004 Civil Boys Çift Cepli Kapüşonlu Welsoftlu 6-9 Yaş Gömlek - Haki,139.99
Civil Boys Çift Cepli Ekoseli 2-5 Yaş Gömlek - Kahverengi,199.99
Civil Boys At Baskılı Kapşonlu 6-9 Yaş Gömlek - Siyah,269.00
Civil Boys Basic Uzun Kol 6-9 Yaş Gömlek - Mavi,599.00
Civil Boys Palmiye Nakışlı 2-5 Yaş Gömlek - Mavi,499.00
Civil Boys Yelken Nakışlı 2-5 Yaş Gömlek - Mavi,499.00
Civil Boys Erkek Çocuk Basic Uzun Kol 2-5 Yaş Gömlek - Mavi,499.00
Civil Boys Çizgili 10-13 Yaş Gömlek - Kırmızı,449.00
Civil Boys Çift Cep Basic 6-9 Yaş Gömlek - Mavi,149.99
Civil Boys Basic 2-5 Yaş Gömlek - Siyah,599.00
Civil Boys Kapaklı Cift Cep 6-9 Yaş Gömlek - Hardal,139.99
Civil Boys Ekoseli Çift Cepli 6-9 Yaş Gömlek - Siyah,149.99
Civil Boys Kare Desenli 2-5 Yaş Gömlek - Yeşil,149.99
Civil Boys Kot 2-5 Yaş Gömlek - Bej,99.99
Civil Boys Çizgili 6-9 Yaş Gömlek - Beyaz,349.00
Civil Boys Çift Cepli Kapşonlu 10-13 Yaş Gömlek - Siyah,299.00
Civil Boys Çift Cep Basic 2-5 Yaş Gömlek - Turuncu,149.99
Civil Boys Çift Cepli Düz 10-13 Yaş Gömlek - Bej,169.99
Civil Boys 1996 Armalı Cepli 6-9 Yaş Gömlek - Haki,549.00
Civil Boys Ekoseli Çift Cepli 6-9 Yaş Gömlek - Hardal,149.99
Cv81egm3106 Cıvıl Boys Keten 3 Dugmelı 6 9 Yas Gomlek - Mavi,999.00
Civil Boys Kısa Kollu Lakos 10-13 Yaş Gömlek - Mavi,169.99
Civil Boys Katlama Kol Cep Desenli 2-5 Yaş Gömlek - Kahve,499.00
Civil Boys Cırtlı Cep Detaylı 2-5 Yaş Gömlek - Gri,119.99
Civil Boys Çift Cepli Kapşonlu 10-13 Yaş Gömlek - Koyu Taş Rengi,999.00
Civil Boys Çift Cepli Kadife 2-5 Yaş Gömlek - Gri,399.00
Civil Boys Ekoseli Çift Cep Kapşonlu 10-13 Yaş Gömlek - Yeşil,129.99
Civil Boys Palmiye Baskılı 2-5 Yaş Gömlek - Ekru,169.99
Civil Boys Kendinden Desenli 6-9 Yaş Gömlek - Kahve,449.00
Civil Boys Su Altı Baskılı 2-5 Yaş Gömlek - Mavi,129.99
Civil Boys Çift Cepli 2-5 Yaş Gömlek - Kahverengi,249.99
Civil Boys Su Kaplumbağası Baskılı 2-5 Yaş Gömlek - Lacivert,399.00
Civil Boys Yelken Nakışlı 6-9 Yaş Gömlek - Mavi,499.00
Civil Boys Kapak Cepli Düz 2-5 Yaş Gömlek - Bej,199.99
Civil Boys Chıcago Baskılı 6-9 Yaş Gömlek - Kırmızı,229.99
Civil Boys Çift Cepli 10-13 Yaş Gömlek - Haki,199.99
Civil Boys Kapaklı Cift Cep 10-13 Yaş Gömlek - Mavi,139.99
Cıvıl Boys Keten Papyonlu 6-9 Yas Erkek Gomlek,999.00
Civil Boys Omuz Baskılı Cepli 2-5 Yaş Gömlek - Mavi,179.99
Civil Boys Palmiye Desen 10-13 Yaş Gömlek - Sarı,169.99
Civil Boys Papyonlu Yelekli 2-5 Yaş Gömlek - Bej,399.00
Civil Boys Yelken Nakışlı 6-9 Yaş Gömlek - Beyaz,499.00
Civil Boys Cebi Armalı 10-13 Yaş Gömlek - Haki,899.00
Civil Boys Çzigili Çift Cepli Kapşonlu 6-9 Yaş Gömlek - Lacivert,249.99
Civil Boys Çift Cepli Tişörtlü 10-13 Yaş Gömlek - Koyu Taş Rengi,899.00
Civil Boys Yelken Nakışlı 2-5 Yaş Gömlek - Siyah,499.00
Civil Boys Kapşonlu Ekose 6-9 Yaş Gömlek - Haki,249.99
Civil Boys Ekoseli Çift Cep Kapaklı 6-9 Yaş Gömlek - Yeşil,119.99
Civil Boys Çift Kapak Cepli 6-9 Yaş Gömlek - Haki,199.99
Civil Boys Sarmaşık Desenli 2-5 Yaş Gömlek - Ekru,549.00
Civil Boys Çift Cep Basic 10-13 Yaş Gömlek - Lacivert,149.99
Cv81egm3125 Cıvıl Boys Keten Cıft Ceplı 6 9 Yas Gomlek - Mavi,999.00
Civil Boys Omuz Baskılı Cepli 2-5 Yaş Gömlek - Yeşil,179.99
Civil Boys Çift Cepli 2-5 Yaş Gömlek - Haki,249.99
Civil Boys Papyonlu 2-5 Yaş Gömlek - Turuncu,99.99
Civil Boys Çift Kapak Cepli 10-13 Yaş Gömlek - Haki,399.00
Civil Boys Yelken Nakışlı 10-13 Yaş Gömlek - Sarı,449.00
Civil Boys Etnik Desenli Yaka Düğmeli 2-5 Yaş Gömlek - Turuncu,139.99
Civil Boys Yelken Nakışlı 2-5 Yaş Gömlek - Fil Dişi,349.00
Civil Boys Palmiye Nakışlı Kapşonlu 2-5 Yaş Gömlek - Bej,399.00
Civil Boys Çift Çepli 6-9 Yaş Gömlek - Bej,249.99
Civil Boys Ekoseli Çift Cepli 10-13 Yaş Gömlek - Mavi,149.99
Civil Boys Basic Uzun Kol 6-9 Yaş Gömlek - Beyaz,599.00
Civil Boys Çizgili 6-9 Yaş Gömlek - Kahverengi,499.00
Civil Boys Papyonlu 2-5 Yaş Gömlek - Siyah,99.99
Civil Boys Yaprak Desenli 6-9 Yaş Gömlek - Ekru,749.00
Civil Boys Su Kaplumbağası Baskılı 2-5 Yaş Gömlek - Mavi,399.00
Civil Boys Kapşonlu Ekoseli 10-13 Yaş Gömlek - Mavi,199.99
Civil Boys Çift Kapak Cepli 6-9 Yaş Gömlek - Haki,199.99
Civil Boys Müslin Cepli Ceket 2-5 Yaş Gömlek - Mavi,179.99
Civil Boys Ekose Çift Çepli 10-13 Yaş Gömlek - Hardal,249.99
Civil Boys Çizgili 10-13 Yaş Gömlek - Sarı,449.00
Civil Boys Palmiye Baskılı 2-5 Yaş Gömlek - Bej,169.99
Civil Boys Çift Cepli Kapşonlu 2-5 Yaş Gömlek - Haki,399.00
Civil Boys Cebi Armalı 2-5 Yaş Gömlek - Kahverengi,799.00
Civil Boys Kapak Cepli Klasik 6-9 Yaş Gömlek - Turuncu,199.99
Civil Boys Kapşonlu 6-9 Yaş Gömlek - Gri,749.00
Civil Boys Yelken Nakışlı 6-9 Yaş Gömlek - Yeşil,399.00
Civil Boys Çift Cepli 10-13 Yaş Gömlek - Gri,299.00
Civil Boys Çift Cepli Kadife 6-9 Yaş Gömlek - Bej,499.00
Civil Boys Çift Cepli Kapşonlu 6-9 Yaş Gömlek - Gri,399.00
Civil Boys Nakışlı Gömlek 6-9 Yaş Gömlek - Mavi,599.00
Civil Boys Omuz Baskılı Cepli 2-5 Yaş Gömlek - Kahve,179.99
Civil Boys Kısa Kollu Lakos 6-9 Yaş Gömlek - Kırmızı,139.99
Cıvıl Boys Keten Bısıklet Nakıslı Uzun Kol 6 9 Yas Gomlek - Beyaz,999.00
Cv81egm3106 Cıvıl Boys Keten 3 Dugmelı 6 9 Yas Gomlek - Sarı,999.00
Civil Boys Erkek Çocuk Basic Uzun Kol 2-5 Yaş Gömlek - Siyah,499.00
Civil Boys Talented Baskılı 2-5 Yaş Gömlek - Bej,89.99
Civil Boys Kısa Kollu Lakos 2-5 Yaş Gömlek - Lacivert,129.99
Civil Boys Kendinden Desenli 2-5 Yaş Gömlek - Bej,399.00
Civil Boys Yelken Nakışlı 10-13 Yaş Gömlek - Siyah,499.00
Civil Boys Çizgili 6-9 Yaş Gömlek - Haki,499.00
Civil Boys Yelken Nakışlı 10-13 Yaş Gömlek - Mavi,449.00
Civil Boys Çizgili Yelken Nakışlı 10-13 Yaş Gömlek - Turuncu,419.00
Civil Boys Çift Cepli Ekoseli 6-9 Yaş Gömlek - Kahverengi,199.99
Civil Boys Etnik Desenli Kapşnolu 6-9 Yaş Gömlek - Kırmızı,149.99
Civil Boys Ekoseli Kapşonlu 6-9 Yaş Gömlek - Lacivert,149.99
Civil Boys Çift Cepli Kapşonlu 2-5 Yaş Gömlek - Siyah,249.99
Civil Boys Ekoseli Kapşonlu 2-5 Yaş Gömlek - Lacivert,149.99
Civil Boys Kapak Cepli 2-5 Yaş Gömlek - Siyah,149.99
Civil Boys Çizgili 10-13 Yaş Gömlek - Kahverengi,539.00
Civil Boys Etnik Desenli Cepli 2-5 Yaş Gömlek - Haki,449.00
Civil Boys Kapşonlu Tişörtlü 10-13 Yaş Gömlek - Gri,849.00
Civil Boys Çift Cepli Eekose Desenli Kapşonlu 2-5 Yaş Gömlek - Hardal,229.99
Civil Boys Kapşonlu Ekose 2-5 Yaş Gömlek - Turuncu,229.99
Civil Boys Ekoseli Çift Cep Kapaklı 6-9 Yaş Gömlek - Haki,119.99
Cv81egm3125 Cıvıl Boys Keten Cıft Ceplı 6 9 Yas Gomlek - Beyaz,999.00
Civil Boys Ekoseli Kapşonlu 6-9 Yaş Gömlek - Kahve,149.99
Civil Boys Yelken Nakışlı 10-13 Yaş Gömlek - Beyaz,349.00
Civil Boys Nakışlı Gömlek 10-13 Yaş Gömlek - Mavi,649.00
Civil Boys Kapşonlu Tişörtlü 2-5 Yaş Gömlek - Mavi,799.00
Civil Boys Çizgili 2-5 Yaş Gömlek - Mavi,399.00
Civil Boys Yelkenli Nakışlı Hasır Kumaş 10-13 Yaş Gömlek - Mavi,449.00
Civil Boys Çift Cep Basic 6-9 Yaş Gömlek - Yeşil,129.99
Civil Boys Yelken Nakışlı 6-9 Yaş Gömlek - Haki,399.00
Civil Boys Çift Cepli Kapşonlu 6-9 Yaş Gömlek - Bej,299.00
Civil Boys Nakışlı Gömlek 2-5 Yaş Gömlek - Bej,549.00
Civil Boys Çzgili 6-9 Yaş Gömlek - Turuncu,199.99
Timo U/K Erkek Ekose 6-9 Yaş Gömlek - Haki,99.99
Civil Boys Çift Cep Basic Kapşonlu 6-9 Yaş Gömlek - Bej,149.99
Civil Boys Erkek Çocuk Basic Uzun Kol 2-5 Yaş Gömlek - Beyaz,499.00
201191663 Cıvıl Boys Kot Cep Nakıslı 6 9 Yas Gomlek - Mavi,999.00
Cıvıl Class Keten Klasık Duz 6-9 Yas Gomlek,18.99
Civil Boys Çift Cepli Eekose Desenli Kapşonlu 6-9 Yaş Gömlek - Hardal,229.99
Civil Boys Papyonlu Cep Peçeteli 6-9 Yaş Gömlek - Mavi,199.99
Civil Boys Katlama Kol Cep Desenli 2-5 Yaş Gömlek - Mavi,499.00
Civil Boys Etnik Desenli Yaka Düğmeli 2-5 Yaş Gömlek - Mavi,139.99
Civil Boys Çift Cepli Ekoseli 10-13 Yaş Gömlek - Yeşil,229.99
Civil Boys Armalı Ekoseli 2-5 Yaş Gömlek - Kırmızı,149.99
Civil Boys Çizgili 10-13 Yaş Gömlek - Mavi,449.00
Civil Boys Çift Cepli Kapşonlu 10-13 Yaş Gömlek - Haki,399.00
Civil Boys Kısa Kollu Lakos 6-9 Yaş Gömlek - Beyaz,139.99
Civil Boys Desenli Cepli 6-9 Yaş Gömlek - Yeşil,699.00
Civil Boys Kapaklı Cift Cep 10-13 Yaş Gömlek - Haki,139.99
Civil Boys Kapak Cepli Tişörtlü Gömlek 2-5 Yaş Gömlek - Mavi,599.00
Civil Boys Ekoseli Kapşonlu 2-5 Yaş Gömlek - Mavi,149.99
Civil Boys Tek Cepli Ekoseli 2-5 Yaş Gömlek - Turuncu,269.00
Civil Boys Kapak Cepli Tişörtlü Gömlek 6-9 Yaş Gömlek - Haki,699.00
Civil Boys Çizgi Desenli 2-5 Yaş Gömlek - Bordo,149.99
Civil Boys Kapşonlu Ekoseli 6-9 Yaş Gömlek - Kırmızı,199.99
Civil Boys Desenli Armalı 6-9 Yaş Gömlek - Mavi,749.00
Civil Boys Kapak Cepli Tişörtlü Gömlek 2-5 Yaş Gömlek - Turuncu,599.00
Civil Boys Basic 10-13 Yaş Gömlek - Siyah,899.00
Civil Boys Kapaklı Cift Cep 6-9 Yaş Gömlek - Siyah,139.99
Civil Boys Palmiye Desen 10-13 Yaş Gömlek - Mavi,169.99
Civil Boys Ekoseli Kaplan Cepli 2-5 Yaş Gömlek - Mavi,199.99
5027 Civil Boys Yaprak Baskılı 6-9 Yaş Gömlek - Yeşil,34.99
Civil Boys Yelken Nakışlı 2-5 Yaş Gömlek - Mavi,449.00
Civil Boys Koala Baskılı 2-5 Yaş Gömlek - Yeşil,349.00
Civil Boys Çift Cepli Kadife 6-9 Yaş Gömlek - Gri,499.00
Civil Boys Çift Cep Basic 10-13 Yaş Gömlek - Bordo,149.99
5011 Civil Boys Kapaklı Çift Cepli 6-9 Yaş Gömlek - Gri,59.99
Civil Boys Çizgili 2-5 Yaş Gömlek - Haki,319.00
Civil Boys Çift Cepli Ekoseli 6-9 Yaş Gömlek - Kırmızı,399.00
Civil Boys Çizgili Yelken Nakışlı 6-9 Yaş Gömlek - Gri,449.00
Civil Boys Ekoseli 2-5 Yaş Gömlek - Turuncu,349.00
Civil Boys Kapşonlu Tişörtlü 2-5 Yaş Gömlek - Gri,799.00
Civil Boys Ayıcık Cep Nakışlı 2-5 Yaş Gömlek - Yeşil,399.00
Civil Boys Basic Hasır 10-13 Yaş Gömlek - Bej,649.00
Civil Boys Çift Cepli Eekose Desenli Kapşonlu 2-5 Yaş Gömlek - Haki,229.99
Civil Boys Kapşonlu 6-9 Yaş Gömlek - Turuncu,749.00
Civil Boys Ekoseli 2-5 Yaş Gömlek - Haki,349.00
Civil Boys Çizgili Yarım Patlı 10-13 Yaş Gömlek - Hardal,399.00
Civil Boys Çizgili 6-9 Yaş Gömlek - Kırmızı,419.00
Civil Boys Basic 2-5 Yaş Gömlek - Mavi,599.00
Civil Boys Yarım Geometrik Desen 6-9 Yaş Gömlek - Turuncu,449.00
Civil Boys Palmiye Desen 6-9 Yaş Gömlek - Sarı,139.99
Civil Boys Karışık Çizgili 10-13 Yaş Gömlek - Beyaz,369.00
Cıvıl Boys Keten Bısıklet Nakıslı Uzun Kol 6 9 Yas Gomlek - Mavi,999.00
Civil Boys Basic 10-13 Yaş Gömlek - Haki,899.00
Civil Boys New York Baskılı 2-5 Yaş Gömlek - Kırmızı,229.99
201194723 Cıvıl Boys Keten Cıft Ceplı Ekose 6 9 Yas Gomlek - Kırmızı,39.99
Civil Boys Çizgili 6-9 Yaş Gömlek - Mavi,419.00
Civil Boys Çift Cepli Düz 2-5 Yaş Gömlek - Mavi,139.99
Civil Boys Su Altı Hayvanları Baskılı 2-5 Yaş Gömlek - Ekru,399.00
Civil Boys Çizgili Bohem 6-9 Yaş Gömlek - Haki,219.99
Civil Boys Çift Cepli 10-13 Yaş Gömlek - Lacivert,299.00
Civil Boys Yelken Nakışlı 10-13 Yaş Gömlek - Mavi,499.00
Civil Boys Ekoseli Çift Cep Kapşonlu 6-9 Yaş Gömlek - Bordo,119.99
5027 Civil Boys Yaprak Baskılı 6-9 Yaş Gömlek - Lacivert,34.99
Civil Boys Çift Cepli Kapşonlu 6-9 Yaş Gömlek - Haki,949.00
Civil Boys Erkek Çocuk Çift Cepli 6-9 Yaş Ceket - Bej,1199.00
Civil Boys Kapaklı Cift Cep 10-13 Yaş Gömlek - Hardal,139.99
Civil Boys Kapak Cepli Ekose Desenli 10-13 Yaş Gömlek - Kahverengi,219.99
Civil Boys Yelken Nakışlı 10-13 Yaş Gömlek - Gri,449.00
Civil Boys Çift Cepli Eekose Desenli Kapşonlu 10-13 Yaş Gömlek - Hardal,269.00
Civil Boys Kapak Cepli 6-9 Yaş Gömlek - Mavi,499.00
Civil Boys Çift Cep Basic 2-5 Yaş Gömlek - Lacivert,119.99
Civil Boys Ekoseli Çift Cepli 10-13 Yaş Gömlek - Bordo,149.99
Civil Boys Çizgili Yelken Nakışlı 10-13 Yaş Gömlek - Gri,469.00
Civil Boys Çift Cepli Ekoseli 2-5 Yaş Gömlek - Yeşil,199.99
Civil Boys Ekoseli Çift Cepli 10-13 Yaş Gömlek - Siyah,149.99
Civil Boys Armalı Ekoseli 6-9 Yaş Gömlek - Kahverengi,199.99
Civil Boys Kapşonlu Ekose 2-5 Yaş Gömlek - Haki,229.99
Civil Boys Çizgili Yelken Nakışlı 6-9 Yaş Gömlek - Mavi,449.00
Civil Boys Yelken Nakışlı 6-9 Yaş Gömlek - Beyaz,299.00
Civil Boys Yelken Nakışlı 6-9 Yaş Gömlek - Mavi,399.00
Civil Boys Çift Cep Basic Kapşonlu 2-5 Yaş Gömlek - Haki,129.99
Civil Boys Çift Cepli Ekoseli 6-9 Yaş Gömlek - Mavi,399.00
Civil Boys Tek Cepli Ekoseli 6-9 Yaş Gömlek - Turuncu,299.00
Civil Boys Çizgili 6-9 Yaş Gömlek - Kahverengi,449.00
Civil Boys Çizgili 6-9 Yaş Gömlek - Kırmızı,419.00
Civil Boys Papyonlu Cep Peçeteli 6-9 Yaş Gömlek - Kırmızı,199.99
101192473 Zeyneva Keten U/k Coklu Arma Nakıslı 6-9 Yas Gomlek,14.99
Civil Boys Çizgili Düğmeli Cepli 2-5 Yaş Gömlek - Mavi,349.00
Civil Boys Kapaklı Cift Cep 6-9 Yaş Gömlek - Yeşil,139.99
Civil Boys Omuz Baskılı Cepli 2-5 Yaş Gömlek - Turuncu,179.99
Civil Boys Yelken Nakışlı 6-9 Yaş Gömlek - Mavi,399.00
Civil Boys Uzun Kol Basic 6-9 Yaş Gömlek - Kahverengi,649.00
Civil Boys Çift Cep Basic 10-13 Yaş Gömlek - Mavi,149.99
Civil Boys Kare Desenli 2-5 Yaş Gömlek - Lacivert,149.99
Civil Boys Papyonlu Yelekli 2-5 Yaş Gömlek - Lacivert,399.00
Civil Boys Sailin Baskılı Tişörtlü 6-9 Yaş Gömlek - Hardal,699.00
Civil Boys Basic Uzun Kol 10-13 Yaş Gömlek - Siyah,599.00
Civil Boys Çift Cep Basic 6-9 Yaş Gömlek - Bordo,129.99
Civil Boys Ekoseli Kaplan Cepli 2-5 Yaş Gömlek - Yeşil,199.99
Civil Boys Yelken Nakışlı 2-5 Yaş Gömlek - Gri,449.00
Civil Boys Yaprak Baskılı 2-5 Yaş Gömlek - Haki,499.00
Civil Boys Cebi Armalı 6-9 Yaş Gömlek - Gri,619.00
Civil Boys Armalı Ekoseli 2-5 Yaş Gömlek - Kahverengi,149.99
Civil Boys Ekoseli Çift Cepli 6-9 Yaş Gömlek - Mavi,149.99
Civil Boys Çizgi Ekoseli Nakışlı 2-5 Yaş Gömlek - Mavi,99.99
Civil Boys Karışık Çizgili 6-9 Yaş Gömlek - Beyaz,349.00
Civil Boys Yelken Nakışlı 2-5 Yaş Gömlek - Mavi,449.00
Civil Boys Çizgili 6-9 Yaş Gömlek - Haki,419.00
Civil Boys Çift Cepli Kapşonlu 10-13 Yaş Gömlek - Bej,299.00
Civil Boys Sailin Baskılı Tişörtlü 6-9 Yaş Gömlek - Mavi,699.00
Civil Boys Çift Cep Basic 2-5 Yaş Gömlek - Hardal,149.99
Civil Boys Çift Cepli Tişörtlü 2-5 Yaş Gömlek - Siyah,699.00
Civil Boys Ekoseli Çift Cep Kapaklı 10-13 Yaş Gömlek - Haki,119.99
Civil Boys Baskılı 2-5 Yaş Gömlek - Bej,449.00
Civil Boys Papyonlu Cep Peçeteli 2-5 Yaş Gömlek - Beyaz,139.99
Civil Boys Cebi Armalı 2-5 Yaş Gömlek - Haki,799.00
Civil Boys Kısa Kolu Basic 10-13 Yaş Gömlek - Siyah,349.00
Civil Boys Çift Cepli Eekose Desenli Kapşonlu 6-9 Yaş Gömlek - Haki,229.99
Civil Boys Önden Patlı 6-9 Yaş Gömlek - Mavi,499.00
Civil Boys Etnik Desenli Gizli Cepli 2-5 Yaş Gömlek - Yeşil,199.99
Civil Boys Çift Cepli Kapşonlu 10-13 Yaş Gömlek - Haki,999.00
Civil Boys Yaprak Desenli 6-9 Yaş Gömlek - Mavi,129.99
Timo U/K Erkek Ekose 6-9 Yaş Gömlek - Sarı,99.99
Civil Boys Kapaklı Cift Cep 2-5 Yaş Gömlek - Siyah,139.99
Civil Boys Çzigili Çift Cepli Kapşonlu 6-9 Yaş Gömlek - Haki,249.99
Civil Boys Kapak Cepli Tişörtlü Gömlek 10-13 Yaş Gömlek - Gri,699.00
Civil Boys 1996 Armalı Cepli 6-9 Yaş Gömlek - Hardal,549.00
Civil Boys Yaprak Desenli 6-9 Yaş Gömlek - Kahve,699.00
Civil Boys Kapşonlu Ekose 6-9 Yaş Gömlek - Turuncu,249.99
Civil Boys Kendinden Desenli 10-13 Yaş Gömlek - Mavi,499.00
Civil Boys Yaka Gögüs Baskılı 10-13 Yaş Gömlek - Beyaz,129.99
Civil Boys Çift Cepli Kapşonlu 2-5 Yaş Gömlek - Koyu Taş Rengi,849.00
Civil Boys Kapak Cepli Düz 10-13 Yaş Gömlek - Lacivert,149.99
Civil Boys Cebi Armalı 6-9 Yaş Gömlek - Haki,899.00
Civil Boys Ön Patlı Sahte Cepli 2-5 Yaş Gömlek - Siyah,449.00
Civil Boys Ekoseli Nakışlı 2-5 Yaş Gömlek - Yeşil,149.99
Civil Boys Bear Friend Sırt Baskılı 2-5 Yaş Gömlek - Mavi,139.99
Civil Boys Müslin Cepli Ceket 2-5 Yaş Gömlek - Yeşil,179.99
Civil Boys Çift Cepli Kapşonlu 6-9 Yaş Gömlek - Koyu Taş Rengi,949.00
Civil Boys Kapak Cepli Ekose Desenli 10-13 Yaş Gömlek - Sarı,219.99
Civil Boys Etnik Desenli Gizli Cepli 2-5 Yaş Gömlek - Mavi,199.99
Civil Boys Reglon Kol Kapşonlu 6-9 Yaş Tişört - Bej,149.99
Civil Boys Ekoseli Welsoft 2-5 Yaş Gömlek - Lacivert,349.00
Civil Boys Çizgili Yelken Nakışlı 2-5 Yaş Gömlek - Mavi,329.00
Civil Boys Uzun Kol Basic 6-9 Yaş Gömlek - Bej,649.00
Civil Boys Kapşonlu Önden Patlı 6-9 Yaş Gömlek - Turuncu,229.99
Civil Boys Cebi Armalı 2-5 Yaş Gömlek - Gri,549.00
Civil Boys Çizgili 6-9 Yaş Gömlek - Kırmızı,419.00
Civil Boys Patlı Etek Ucu Cepli 2-5 Yaş Gömlek - Mavi,499.00
Civil Boys Kapak Cepli Klasik 6-9 Yaş Gömlek - Mavi,199.99
Civil Boys Basic 10-13 Yaş Gömlek - Beyaz,139.99
Civil Boys Yelkenli Nakışlı Hasır Kumaş 10-13 Yaş Gömlek - Bej,449.00
Civil Boys Pitikare Ekoseli Nakışlı 2-5 Yaş Gömlek - Ekru,99.99
Civil Boys Çizgili 10-13 Yaş Gömlek - Mavi,699.00
Civil Boys Çift Cep Basic 6-9 Yaş Gömlek - Turuncu,149.99
Civil Boys Ekoseli Kapşonlu 2-5 Yaş Gömlek - Kahve,149.99
Civil Boys Sailin Baskılı Tişörtlü 2-5 Yaş Gömlek - Hardal,599.00
Civil Boys Petek Kumaş 2-5 Yaş Gömlek - Ekru,549.00
Civil Boys Garson Yaka 10-13 Yaş Gömlek - Mavi,169.99
204409773 Civil Boys 4 Cepli Düz Yakası Kol İçi Ekoseli 6-9 Yaş Gömlek - Gri,79.99
Civil Boys Yelken Nakışlı 2-5 Yaş Gömlek - Turuncu,449.00
Civil Boys Çift Çepli Armalı Kapşonlu 6-9 Yaş Gömlek - Bej,249.99
Cv81egm3121 Cıvıl Boys Keten Sahte Ceplı 6 9 Yas Gomlek - Sarı,999.00
Civil Boys Çift Cep Basic Kapşonlu 10-13 Yaş Gömlek - Haki,149.99
Civil Boys Yaprak Desenli Cep 2-5 Yaş Gömlek - Lacivert,499.00
Civil Boys Çift Cepli Ekoseli 2-5 Yaş Gömlek - Kırmızı,349.00
Civil Boys Çizgili 10-13 Yaş Gömlek - Mavi,599.00
Civil Boys Kat kat cepli 10-13 Yaş Gömlek - Gri,649.00
Civil Boys Yarım Geometrik Desen 6-9 Yaş Gömlek - Yeşil,449.00
Civil Boys Papyonlu Cep Peçeteli 6-9 Yaş Gömlek - Beyaz,199.99
Civil Boys Ekoseli Çift Cep Kapaklı 10-13 Yaş Gömlek - Lacivert,149.99
Civil Boys Kapak Cepli Klasik 6-9 Yaş Gömlek - Kahverengi,199.99
Civil Boys Basic Hasır 2-5 Yaş Gömlek - Bej,599.00
Civil Boys Kapaklı Cift Cep 6-9 Yaş Gömlek - Mavi,139.99
Civil Boys Etnik Desenli Kapşnolu 10-13 Yaş Gömlek - Kırmızı,199.99
Civil Boys Basic 10-13 Yaş Gömlek - Kahverengi,899.00
Civil Boys Yaprak Desenli 6-9 Yaş Gömlek - Ekru,749.00
Civil Boys Ekoseli Çift Cep Kapaklı 10-13 Yaş Gömlek - Yeşil,149.99
Civil Boys Kısa Kollu Lakos 6-9 Yaş Gömlek - Lacivert,139.99
Civil Boys Kapak Cepli Klasik 2-5 Yaş Gömlek - Kahverengi,199.99
Civil Boys Ekose Desenli 2-5 Yaş Gömlek - Yeşil,99.99
Civil Boys Ekoseli Kapşonlu 2-5 Yaş Gömlek - Mavi,349.00
Civil Boys Çift Cepli Kapşonlu 6-9 Yaş Gömlek - Gri,949.00
Zeyneva Timo Erkek Papyonlu Gömlek 6-9 Yaş - Mavi,399.00
Civil Boys Ekoseli Çift Cep Kapaklı 10-13 Yaş Gömlek - Mavi,149.99
Civil Boys Ekoseli Çift Cep Kapşonlu 2-5 Yaş Gömlek - Yeşil,119.99
Civil Boys Çift Cepli Eekose Desenli Kapşonlu 10-13 Yaş Gömlek - Haki,269.00
Civil Boys Armalı Ekoseli 6-9 Yaş Gömlek - Kırmızı,199.99
Civil Boys Çift Cepli Kapşonlu 6-9 Yaş Gömlek - Haki,399.00
Civil Boys Basic Uzun Kol 6-9 Yaş Gömlek - Siyah,599.00
Civil Boys Müslin Cepli Ceket 2-5 Yaş Gömlek - Turuncu,179.99
Civil Boys Çizgili Yelken Nakışlı 6-9 Yaş Gömlek - Turuncu,399.00
Civil Boys Chıcago Baskılı 6-9 Yaş Gömlek - Yeşil,229.99
Civil Boys Yelken Nakışlı 6-9 Yaş Gömlek - Fil Dişi,399.00
Civil Boys Çift Cepli Tişörtlü 2-5 Yaş Gömlek - Koyu Taş Rengi,699.00
Civil Boys Müslin Kapşonlu Düğmeli 2-5 Yaş Gömlek - Yeşil,499.00
Civil Boys Melanjlı Papyonlu 2-5 Yaş Gömlek - Turuncu,99.99
Civil Boys Geometrik Desenli 2 ip Cepli 6-9 Yaş Gömlek - Mavi,229.99
Civil Boys Ahtapot Yelkenli Baskılı 2-5 Yaş Gömlek - Beyaz,399.00
Civil Boys Yaka Gögüs Baskılı 10-13 Yaş Gömlek - Haki,129.99
Civil Boys Kapak Cepli Tişörtlü 6-9 Yaş Gömlek - Mavi,499.00
Civil Boys Çizgili Yelken Nakışlı 2-5 Yaş Gömlek - Turuncu,329.00
Civil Boys Çift Cepli Kapşonlu 2-5 Yaş Gömlek - Bej,249.99
Civil Boys Kapaklı Cift Cep 10-13 Yaş Gömlek - Siyah,139.99
Civil Boys Armalı Ekoseli 2-5 Yaş Gömlek - Siyah,149.99
Civil Boys Çift Cep Basic 6-9 Yaş Gömlek - Hardal,149.99
Civil Boys Etnik Desenli Cepli 2-5 Yaş Gömlek - Turuncu,449.00
Civil Boys Yaprak Nakışlı 2-5 Yaş Gömlek - Haki,419.00
Civil Boys Kendinden Desenli Süs Düğmeli 2-5 Yaş Gömlek - Bej,299.00
Civil Boys Çift Cepli 10-13 Yaş Gömlek - Kahverengi,299.00
Civil Boys Çizgili 6-9 Yaş Gömlek - Mavi,649.00
Civil Boys Desıgn Armalı 10-13 Yaş Gömlek - Haki,699.00
Civil Boys Ekoseli Çift Cep Kapaklı 2-5 Yaş Gömlek - Haki,119.99
Civil Boys Çizgili Düğmeli Cepli 2-5 Yaş Gömlek - Kahverengi,349.00
Civil Boys Yaka Gögüs Baskılı 6-9 Yaş Gömlek - Beyaz,129.99
Civil Boys Etnik Desenli Yaka Düğmeli 2-5 Yaş Gömlek - Kahve,139.99
Civil Boys Baskılı 6-9 Yaş Gömlek - Bej,549.00
Civil Boys Ekoseli Çift Cepli 6-9 Yaş Gömlek - Bordo,149.99
Civil Boys Kısa Kollu Lakos 2-5 Yaş Gömlek - Beyaz,129.99
Civil Boys Papyonlu 2-5 Yaş Gömlek - Turuncu,99.99
Civil Boys Çift Cepli Düz 2-5 Yaş Gömlek - Bej,139.99
Zeyneva Timo Erkek Papyonlu Gömlek - Lacivert,399.00
Civil Boys Basic 10-13 Yaş Gömlek - Koyu Taş Rengi,899.00
Civil Boys Su Altı Hayvanları Baskılı 2-5 Yaş Gömlek - Yeşil,399.00
Civil Boys Ekoseli Welsoft 6-9 Yaş Gömlek - Lacivert,399.00
Civil Boys Baskılı 2-5 Yaş Gömlek - Haki,449.00
201194723 Cıvıl Boys Keten Cıft Ceplı Ekose 6 9 Yas Gomlek - Yeşil,39.99
Civil Boys Çizgili 6-9 Yaş Gömlek - Mavi,419.00
Civil Boys Yaprak Baskılı 2-5 Yaş Gömlek - Kırmızı,599.00
5011 Civil Boys Kapaklı Çift Cepli 6-9 Yaş Gömlek - Bordo,59.99
Haknur Ahtapot Yengeç Baskılı 6-9 Yaş Gömlek - Sarı,349.00
Civil Boys Yelken Nakışlı 6-9 Yaş Gömlek - Siyah,499.00
Civil Boys Uzun Kol Basic 6-9 Yaş Gömlek - Mavi,649.00
Civil Boys Çift Cepli Ekoseli 6-9 Yaş Gömlek - Mavi,199.99
Civil Boys Kapak Cepli Ekose Desenli 6-9 Yaş Gömlek - Kahverengi,199.99
Civil Boys Çift Cepli Tişörtlü 6-9 Yaş Gömlek - Gri,799.00
Civil Boys Yaka Gögüs Baskılı 6-9 Yaş Gömlek - Lacivert,129.99
Civil Boys Kol Ucu Lastikli 2-5 Yaş Gömlek - Haki,349.00
Civil Boys Yarım Çizgi Desenli 2-5 Yaş Gömlek - Lacivert,199.99
Civil Boys Çizgili Bohem 6-9 Yaş Gömlek - Kahverengi,219.99
Civil Boys Sailin Baskılı Tişörtlü 2-5 Yaş Gömlek - Mavi,599.00
Civil Boys Çift Cep Basic Kapşonlu 6-9 Yaş Gömlek - Haki,149.99
Civil Boys Kısa Kollu Lakos 2-5 Yaş Gömlek - Kırmızı,129.99
Civil Boys Kapak Cepli Düz 2-5 Yaş Gömlek - Lacivert,199.99
Civil Boys Erkek Çocuk 2-5 Yaş Gömlek - Mavi,369.00
Civil Boys Ekoseli Çift Cep Kapaklı 10-13 Yaş Gömlek - Yeşil,119.99
Civil Boys Çift Cepli 10-13 Yaş Gömlek - Turuncu,299.00
Civil Boys Kapşonlu Ekoseli 10-13 Yaş Gömlek - Kırmızı,199.99
Civil Boys Kapak Cepli Ekose Desenli 6-9 Yaş Gömlek - Sarı,199.99
Civil Boys Ekose Desenli 6-9 Yaş Gömlek - Haki,79.99
Civil Boys Kapaklı Cift Cep 2-5 Yaş Gömlek - Haki,109.99
Civil Boys Çift Cepli 10-13 Yaş Gömlek - Haki,299.00
Civil Boys Su Altı Hayvanları Baskılı 2-5 Yaş Gömlek - Beyaz,399.00
Civil Boys Düz Cep Detaylı 2-5 Yaş Gömlek - Haki,119.99
Zeyneva Timo Erkek Papyonlu Gömlek 6-9 Yaş - Beyaz,399.00
Civil Boys Yelken Nakışlı 2-5 Yaş Gömlek - Beyaz,499.00
Civil Boys Nakışlı Gömlek 6-9 Yaş Gömlek - Lacivert,599.00
Civil Boys Çift Cepli Ekoseli 6-9 Yaş Gömlek - Yeşil,199.99
Civil Boys Çift Çepli 10-13 Yaş Gömlek - Haki,269.00
Civil Boys Bohem Desenli 2-5 Yaş Gömlek - Haki,449.00
Civil Boys Ekose Desenli 6-9 Yaş Gömlek - Mavi,79.99
Civil Boys Çizgili Yelken Nakışlı 10-13 Yaş Gömlek - Mavi,419.00
Civil Boys Kapak Cepli 2-5 Yaş Gömlek - Gri,149.99
Civil Boys At Baskılı Kapşonlu 10-13 Yaş Gömlek - Haki,299.00
Civil Boys Kapaklı Cift Cep 10-13 Yaş Gömlek - Yeşil,139.99
Civil Boys Ekoseli Çift Cep Kapşonlu 2-5 Yaş Gömlek - Bordo,119.99
Civil Boys Çizgili Yarım Patlı 10-13 Yaş Gömlek - Haki,399.00
Civil Boys Çift Cepli 6-9 Yaş Gömlek - Kahverengi,269.00
Civil Boys Yelken Nakışlı 10-13 Yaş Gömlek - Beyaz,499.00
Civil Boys Yelken Nakışlı 6-9 Yaş Gömlek - Turuncu,399.00
Civil Boys Parça Etnik Desenli 6-9 Yaş Gömlek - Gri,549.00
Civil Boys Çizgili 6-9 Yaş Gömlek - Gri,419.00
Civil Boys Ekoseli Çift Cepli 6-9 Yaş Gömlek - Bordo,149.99
Civil Boys Basic Uzun Kol 10-13 Yaş Gömlek - Mavi,599.00
Civil Boys Çizgili 2-5 Yaş Gömlek - Haki,429.00
Civil Boys Nakışlı Gömlek 10-13 Yaş Gömlek - Lacivert,649.00
Civil Boys Çift Cepli Tişörtlü 2-5 Yaş Gömlek - Gri,699.00
Civil Boys Kısa Kollu Lakos 10-13 Yaş Gömlek - Beyaz,169.99
Civil Boys Kapşonlu Önden Patlı 6-9 Yaş Gömlek - Kahverengi,229.99
Civil Boys Çizgili 6-9 Yaş Gömlek - Mavi,449.00
Civil Boys Kapşonlu 10-13 Yaş Gömlek - Turuncu,799.00
Civil Boys Yaka Gögüs Baskılı 10-13 Yaş Gömlek - Lacivert,129.99
Civil Boys Yaprak Baskılı 10-13 Yaş Gömlek - Bej,399.00
22004 Civil Boys Çift Cepli Kapüşonlu Welsoftlu 6-9 Yaş Gömlek - Bordo,139.99
Civil Boys Çift Cepli Tişörtlü 2-5 Yaş Gömlek - Haki,699.00
Civil Boys Yaka Gögüs Baskılı 6-9 Yaş Gömlek - Haki,129.99
Civil Boys Papyonlu Cep Peçeteli 2-5 Yaş Gömlek - Kırmızı,139.99
Civil Boys Fashion Baskılı 2-5 Yaş Gömlek - Ekru,149.99
Civil Boys Ekoseli Çift Cep Kapaklı 2-5 Yaş Gömlek - Yeşil,119.99
Civil Boys Yelken Nakışlı 6-9 Yaş Gömlek - Sarı,399.00
Civil Boys Yelken Nakışlı 2-5 Yaş Gömlek - Sarı,449.00
Civil Boys Göğüs Nakışlı 2-5 Yaş Gömlek - Gri,249.99
Civil Boys Ekose Çift Çepli 6-9 Yaş Gömlek - Turuncu,249.99
Civil Boys Çizgili 10-13 Yaş Gömlek - Kırmızı,449.00
Civil Boys Etnik Desenli Gizli Cepli 2-5 Yaş Gömlek - Kahve,199.99
Civil Boys Armalı Ekoseli 6-9 Yaş Gömlek - Siyah,199.99
Civil Boys Ekose Desenli Welsoftlu 2-5 Yaş Gömlek - Lacivert,169.99
Civil Boys Yaprak Kaplan Desenli 2-5 Yaş Gömlek - Turuncu,449.00
Civil Boys Kapak Cepli Ekose Desenli 2-5 Yaş Gömlek - Sarı,199.99
Civil Boys Müslin Kapşonlu Düğmeli 2-5 Yaş Gömlek - Turuncu,499.00
Civil Boys Armalı Ekoseli 10-13 Yaş Gömlek - Kırmızı,199.99
Civil Boys Ayıcık Cep Nakışlı 2-5 Yaş Gömlek - Pudra,399.00
Civil Boys Ekoseli 2-5 Yaş Gömlek - Turuncu,349.00
Civil Boys Çzigili Çift Cepli Kapşonlu 10-13 Yaş Gömlek - Lacivert,269.00
Civil Boys Ekoseli Çift Cepli 10-13 Yaş Gömlek - Hardal,169.99
Civil Boys Yelken Nakışlı 10-13 Yaş Gömlek - Fil Dişi,449.00
Civil Boys Çift Cepli Kapşonlu 2-5 Yaş Gömlek - Haki,849.00
Civil Boys Kapşonlu Ekoseli 6-9 Yaş Gömlek - Mavi,199.99
Civil Boys Çift Cepli 2-5 Yaş Gömlek - Lacivert,249.99
Civil Boys At Baskılı Kapşonlu 10-13 Yaş Gömlek - Siyah,299.00
Civil Boys Çizgili 10-13 Yaş Gömlek - Haki,539.00
Civil Boys Çift Cep Basic 6-9 Yaş Gömlek - Lacivert,129.99
Civil Boys Çift Çepli 6-9 Yaş Gömlek - Haki,249.99
Civil Boys At Baskılı Kapşonlu 6-9 Yaş Gömlek - Haki,269.00
Civil Boys Çift Cep Basic 10-13 Yaş Gömlek - Hardal,149.99
Civil Boys Çizgili Yelken Nakışlı 6-9 Yaş Gömlek - Mavi,399.00
Civil Boys Armalı Ekoseli 10-13 Yaş Gömlek - Siyah,199.99
Civil Boys Palmiye Desen 6-9 Yaş Gömlek - Mavi,139.99
Civil Boys Ekoseli Nakışlı 10-13 Yaş Gömlek - Yeşil,149.99
Civil Boys Ekoseli Çift Cepli 10-13 Yaş Gömlek - Bordo,149.99
Civil Boys Çizgili 10-13 Yaş Gömlek - Haki,449.00
Civil Boys Kapak Cepli Düz 10-13 Yaş Gömlek - Bej,149.99
Civil Boys Çift Cepli Kadife 2-5 Yaş Gömlek - Bej,399.00
Civil Boys Müslin Cepli Ceket 2-5 Yaş Gömlek - Kahve,179.99
Civil Boys Kapak Cepli Klasik 2-5 Yaş Gömlek - Mavi,199.99
201191663 Cıvıl Boys Kot Cep Nakıslı 6 9 Yas Gomlek - Mavi,999.00
Civil Boys Ekoseli 2-5 Yaş Gömlek - Siyah,349.00
Civil Boys Erkek Çocuk 2-5 Yaş Gömlek - Bej,369.00
Civil Boys Kendinden Desenli 6-9 Yaş Gömlek - Mavi,449.00
Civil Boys Cebi Armalı 10-13 Yaş Gömlek - Kahverengi,899.00
Civil Boys Ekoseli Çift Cep Kapaklı 6-9 Yaş Gömlek - Yeşil,149.99
Civil Boys Bear Friend Sırt Baskılı 2-5 Yaş Gömlek - Bej,139.99
204409773 Civil Boys 4 Cepli Düz Yakası Kol İçi Ekoseli 6-9 Yaş Gömlek - Mavi,79.99
Civil Boys Nakışlı Gömlek 2-5 Yaş Gömlek - Mavi,549.00
Civil Boys Ekose Çift Çepli 6-9 Yaş Gömlek - Hardal,249.99
Civil Boys New York Baskılı 2-5 Yaş Gömlek - Yeşil,229.99
Civil Boys Düz Cep Detaylı 2-5 Yaş Gömlek - Hardal,119.99
Civil Boys Bohem Desenli 2-5 Yaş Gömlek - Kahverengi,449.00
Civil Boys Kapak Cepli Ekose Desenli 2-5 Yaş Gömlek - Kahverengi,199.99
Civil Boys Kapak Cepli Düz 6-9 Yaş Gömlek - Bej,199.99
Civil Boys Yarım Geometrik Desen 6-9 Yaş Gömlek - Kahverengi,449.00
Civil Boys Ekose Çift Çepli 10-13 Yaş Gömlek - Turuncu,249.99
Civil Boys Çift Cepli 10-13 Yaş Gömlek - Bej,1199.00
Civil Boys Çift Cepli Tişörtlü 6-9 Yaş Gömlek - Haki,799.00
Civil Boys Yelken Nakışlı 2-5 Yaş Gömlek - Yeşil,449.00
Civil Boys Yelken Nakışlı 6-9 Yaş Gömlek - Gri,399.00
Civil Boys Basic Hasır 6-9 Yaş Gömlek - Bej,649.00
Civil Boys Yaprak Kaplan Desenli 2-5 Yaş Gömlek - Hardal,449.00
Civil Boys Müslin Kapşonlu Düğmeli 2-5 Yaş Gömlek - Mavi,499.00
Civil Boys Çift Cep Basic Kapşonlu 10-13 Yaş Gömlek - Bej,149.99
Civil Boys Çift Cepli Kapşonlu 6-9 Yaş Gömlek - Siyah,299.00
Civil Boys Çift Cep Basic 2-5 Yaş Gömlek - Bordo,119.99
Civil Boys Yelken Nakışlı 2-5 Yaş Gömlek - Fil Dişi,449.00
Civil Boys Nakışlı Gömlek 2-5 Yaş Gömlek - Lacivert,549.00
Cv81egm3147 Cıvıl Boys Keten Armurlu Kendınden Desen 6 9 Yas Gomlek - Beyaz,999.00
Civil Boys Ekoseli Nakışlı 10-13 Yaş Gömlek - Hardal,149.99
Civil Boys Çizgili 2-5 Yaş Gömlek - Kahverengi,399.00
Civil Boys Ekoseli Çift Cep Kapşonlu 6-9 Yaş Gömlek - Yeşil,119.99
Civil Boys Surfer Dino Baskılı 2-5 Yaş Tişört - Gri,189.99
Civil Boys Summer Baskılı Oversize 10-13 Yaş Tişört - Lacivert,99.99
Civil Boys Dalga Empirmeli Balık Baskılı 2-5 Yaş Tişört - Bej,189.99
Civil Boys Parça Garnili Kapşonlu 2-5 Yaş Tişört - Kahve,249.99
Civil Boys Vroom Baskılı 2-5 Yaş Tişört - Mavi,189.99
Civil Boys Racing Baskılı Oversize 10-13 Yaş Tişört - Siyah,129.99
Civil Boys Basic Surf Etiketli 2-5 Yaş Tişört - Gri,169.99
Süperman Baskılı 2-5 Yaş Tişört - Lacivert,249.99
Batman Logolu 6-9 Yaş Tişört - Siyah,349.00
Civil Boys Parça Garnili Kapşonlu 2-5 Yaş Tişört - Mavi,249.99
Civil Boys Erkek Çocuk Palmiye Nakışlı Polo Yaka 2-5 Yaş Tişört - Sarı,249.99
Civil Boys Surfer Beach Baskılı 2-5 Yaş Tişört - Beyaz,189.99
Civil Boys School Bus Baskılı 2-5 Yaş Tişört - Mavi,189.99
Civil Boys Kukuli Puzzle Baskılı 2-5 Yaş Tişört - Beyaz,299.00
Civil Boys Adorıser Baskılı 10-13 Yaş Tişört - Yeşil,129.99
Civil Boys Sailing Baskılı Oversize 10-13 Yaş Tişört - Turuncu,349.00
Civil Boys Yelken Nakışlı Lakos 6-9 Yaş Tişört - Yeşil,299.00
Civil Boys No Idea Baskılı 2-5 Yaş Tişört - Sarı,189.99
Civil Boys Kendinden Desenli 6-9 Yaş Tişört - Gri,399.00
Civil Boys Şeritli Oversize 6-9 Yaş Tişört - Siyah,109.99
Civil Boys Palmiye Nakışlı Polo Yaka 10-13 Yaş Tişört - Mavi,299.00
Civil Boys Yelken Nakışlı 2-5 Yaş Tişört - Yeşil,299.00
Civil Boys Surfer Dino Baskılı 2-5 Yaş Tişört - Turuncu,189.99
Civil Boys Erkek Çocuk Tişört 2-5 Yaş - Sarı,199.99
Civil Boys Gamer Mode Reflektör Baskılı Sıfır Kol 2-5 Yaş Tişört - Gri,299.00
Civil Boys Shark Baskılı 10-13 Yaş Tişört - Beyaz,299.00
Civil Boys Erkek Çocuk Palmiye Nakışlı Polo Yaka 6-9 Yaş Tişört - Haki,299.00
Süperman Baskılı 6-9 Yaş Tişört - Sarı,299.00
Batman Logo Baskılı 10-13 Yaş Tişört - Haki,99.99
Civil Boys Gamer Mode Reflektör Baskılı 2-5 Yaş Tişört - Turuncu,299.00
Civil Boys Speedy Dama Baskılı 2-5 Yaş Tişört - Bordo,89.99
Civil Boys Renkli Balıklar Empirme 2-5 Yaş Tişört - Bej,189.99
Civil Boys Yelken Nakışlı 10-13 Yaş Tişört - Lila,249.99
Civil Boys Hawaaıı Baskılı 6-9 Yaş Tişört - Sarı,199.99
Civil Boys Deep Blue Baskılı 10-13 Yaş Tişört - Sarı,139.99
Civil Boys V Baskılı 2-5 Yaş Tişört - Turuncu,89.99
Civil Boys Cvl Zürafa Baskılı 2-5 Yaş Tişört - Bej,189.99
Civil Boys Vısıon Baskılı 6-9 Yaş Tişört - Fil Dişi,349.00
Civil Boys Yarım Patlı Yazı Baskılı 2-5 Yaş Tişört - Gri,109.99
Civil Boys Karyoka Dikişli Cepli 6-9 Yaş Tişört - Sarı,349.00
Civil Boys Basic Surf Etiketli 10-13 Yaş Tişört - Yeşil,199.99
Civil Boys Baklava Desenli 2-5 Yaş Tişört - Haki,99.99
Civil Düz 3-9 Yaş Tişört - Mavi,269.00
Civil Boys Basic Surf Etiketli 2-5 Yaş Tişört - Kırık Beyaz,169.99
Civil Boys Kaplumbağa Baskılı Sıfır Kol 2-5 Yaş Tişört - Fil Dişi,249.99
Civil Boys Timsah Baskılı 2-5 Yaş Tişört - Sarı,269.00
Civil Boys Basic Surf Etiketli 2-5 Yaş Tişört - Lacivert,169.99
Civil Boys Timsah Baskılı 2-5 Yaş Tişört - Turuncu,149.99
Civil Boys Kulaklıklı Dino Baskılı 2-5 Yaş Tişört - Beyaz,189.99
Civil Boys Yelken Nakışlı Lakos 10-13 Yaş Tişört - Beyaz,299.00
Civil Boys Dont Gıve Up Baskılı 6-9 Yaş Tişört - Turuncu,299.00
Civil Boys Az Us Kaktüs Baskılı 2-5 Yaş Tişört - Bej,249.99
Batman Baskılı 10-13 Yaş Tişört - Gri,299.00
Civil Boys Fıre Fıghters Baskılı Sıfır Kol 2-5 Yaş Tişört - Bej,249.99
Civil Boys Erkek Çocuk Palmiye Nakışlı Polo Yaka 2-5 Yaş Tişört - Yeşil,249.99
Civil Boys Street Baskılı 2-5 Yaş Tişört - Lila,189.99
Süperman Can Fly Baskılı 6-9 Yaş Tişört - Mavi,299.00
Civil Boys Mohave Baskılı 2-5 Yaş Tişört - Sarı,299.00
Civil Boys EXPLORE ASTRONOT Basklı 2-5 Yaş Tişört - Ekru,189.99
Civil Boys Explore Baskılı 2-5 Yaş Tişört - Siyah,149.99
Civil Boys V Baskılı Asimetrik 6-9 Yaş Tişört - Yeşil,249.99
Civil Boys Geometrik Desen Dımensıon Baskılı 6-9 Yaş Tişört - Siyah,299.00
Civil Boys Surf Party Baskılı 2-5 Yaş Tişört - Sarı,189.99
Civil Boys Yelken Nakışlı 2-5 Yaş Tişört - Pudra,299.00
Süperman Can Fly Baskılı 2-5 Yaş Tişört - Gri,249.99
Civil Boys Zürafa Baskılı 2-5 Yaş Tişört - Turuncu,189.99
Civil Boys Kartpostal Baskılı 10-13 Yaş Tişört - Mavi,299.00
Civil Boys Batik Yıkama 10-13 Yaş Tişört - Haki,449.00
Civil Boys Sailing Baskılı Oversize 6-9 Yaş Tişört - Haki,299.00
Civil Boys Now Or Never Baskılı 10-13 Yaş Tişört - Haki,299.00
Civil Boys Leaf Empirme 10-13 Yaş Tişört - Fil Dişi,129.99
Civil Boys Cvl Caretta Baskılı 6-9 Yaş Tişört - Beyaz,299.00
Civil Boys Just Be Baskılı 2-5 Yaş Tişört - Turuncu,189.99
Kappa Erkek Çocuk 5-15 Yaş Tişört - Sarı,179.99
Civil Boys Erkek Çocuk Palmiye Nakışlı Polo Yaka 6-9 Yaş Tişört - Yeşil,299.00
Civil Boys Yelken Nakışlı 2-5 Yaş Tişört - Bej,299.00
Civil Boys Erkek Çocuk Palmiye Nakışlı Polo Yaka 2-5 Yaş Tişört - Kırmızı,249.99
Süperman Krypto Baskılı 6-9 Yaş Tişört - Lacivert,299.00
Süperman Krypto Baskılı 6-9 Yaş Tişört - Beyaz,299.00
Civil Boys Leaf Nakışlı 10-13 Yaş Tişört - Fil Dişi,249.99
Civil Boys Desenli Cepli 6-9 Yaş Tişört - Mavi,449.00
Tom And Jerry Baskılı 2-5 Yaş Tişört - Sarı,299.00
Civil Boys Skate Baskılı 2-5 Yaş Tişört - Turuncu,189.99
Civil Boys NYC Baskılı Sıfır Kol 6-9 Yaş Tişört - Siyah,299.00
Civil Boys Yelken Nakışlı Lakos 10-13 Yaş Tişört - Siyah,299.00
Civil Boys Erkek Çocuk Palmiye Nakışlı Polo Yaka 6-9 Yaş Tişört - Gri,299.00
Civil Boys Trex Baskılı 2-5 Yaş Tişört - Sarı,189.99
Batman Dama Baskılı Tişört - Siyah,69.99
Civil Boys V Baskılı 2-5 Yaş Tişört - Yeşil,89.99
Civil Boys Çizgi Baskılı 10-13 Yaş Tişört - Mavi,109.99
Civil Boys Travel Baskılı 10-13 Yaş Tişört - Fil Dişi,249.99
Civil Boys Batik Yıkama 10-13 Yaş Tişört - Siyah,449.00
Civil Boys Premier Top Baskılı 6-9 Yaş Tişört - Lacivert,249.99
Süperman Logolu 10-13 Yaş Tişört - Kırmızı,299.00
Civil Boys Orıgınal Baskılı Oversize 10-13 Yaş Tişört - Sarı,89.99
Civil Boys Çizgili 10-13 Yaş Tişört - Beyaz,599.00
Civil Boys Flamlı Yelkenli Nakışlı 10-13 Yaş Tişört - Ekru,249.99
Civil Boys Etnik Desen Garnili 2-5 Yaş Tişört - Mavi,99.99
Civil Boys Show Time Baskılı 10-13 Yaş Tişört - Mavi,199.99
Civil Boys Palmiye Nakışlı Polo Yaka 10-13 Yaş Tişört - Haki,299.00
Civil Boys Jungle Explorer Baskılı 2-5 Yaş Tişört - Hardal,99.99
Civil Boys Gamer Mode Reflektör Baskılı 6-9 Yaş Tişört - Sarı,299.00
Civil Boys Cvl Baskılı 2-5 Yaş Tişört - Yeşil,79.99
Civil Boys Basic 6-9 Yaş Tişört - Kırmızı,189.99
Civil Boys Gamer Mode Reflektör Baskılı Sıfır Kol 10-13 Yaş Tişört - Gri,299.00
Civil Boys Çizgili 10-13 Yaş Tişört - Lacivert,449.00
Civil Boys Kendinden Desenli 2-5 Yaş Tişört - Gri,299.00
Mivil Boys Yuhum Gelir Baskılı 6-9 Yaş Tişört - Bej,109.99
Civil Boys Erkek Çocuk Tişört 2-5 Yaş - Beyaz,199.99
Civil Boys Surf Baskılı 6-9 Yaş Tişört - Beyaz,199.99
Civil Boys Geometrik Desen Dımensıon Baskılı 10-13 Yaş Tişört - Siyah,139.99
Süperman Logolu 6-9 Yaş Tişört - Mavi,249.99
Civil Boys Parça Garnili Kapşonlu 2-5 Yaş Tişört - Turuncu,249.99
Civil Boys Champıons Emprime 10-13 Yaş Tişört - Lacivert,299.00
Civil Boys The Show Must Go On Baskılı 10-13 Yaş Tişört - Gri,109.99
Civil Boys Kendinden Desenli 6-9 Yaş Tişört - Haki,249.99
Civil Boys Kendinden Desenli 6-9 Yaş Tişört - Bej,249.99
Ben 10 Benten Baskılı 6-9 Yaş Tişört - Beyaz,249.99
Civil Boys Summer Day Baskılı 2-5 Yaş Tişört - Ekru,189.99
Civil Boys Dozer Baskılı Reglan Kol 2-5 Yaş Tişört - Kırmızı,199.99
Civil Boys Erkek Çocuk Palmiye Nakışlı Polo Yaka 2-5 Yaş Tişört - Yeşil,249.99
Civil Boys Geometrik Desen Empirme Sıfır Kol 6-9 Yaş Tişört - Siyah,249.99
Civil Boys Kabartma Çizgili 6-9 Yaş Tişört - Turuncu,349.00
Civil Boys Yelken Nakışlı Lakos 2-5 Yaş Tişört - Pudra,249.99
Civil Boys Flamlı Yelkenli Nakışlı 2-5 Yaş Tişört - Bej,199.99
Süperman Krypto Baskılı 2-5 Yaş Tişört - Lacivert,249.99
Civil Boys Jeans Baskılı 10-13 Yaş Tişört - Sarı,219.99
Kappa Erkek Çocuk 5-15 Yaş Tişört - Mavi,199.99
Tazmanya Taz Baskılı 6-9 Yaş Tişört - Gri,249.99
Civil Boys Basic Surf Etiketli 6-9 Yaş Tişört - Lacivert,189.99
Civil Boys 01 Baskılı 6-9 Yaş Tişört - Kırmızı,99.99
Civil Boys Sailing Baskılı Oversize 2-5 Yaş Tişört - Fil Dişi,299.00
Civil Boys Sailing Baskılı Oversize 6-9 Yaş Tişört - Siyah,299.00
Civil Boys Polo Edition Nakışlı 10-13 Yaş Tişört - Beyaz,399.00
Civil Boys Basic Lakos 10-13 Yaş Tshirt - Beyaz,249.99
Civil Boys Victory Baskılı Asimetrik 6-9 Yaş Tişört - Turuncu,269.00
Civil Boys Victory Baskılı Asimetrik 6-9 Yaş Tişört - Mavi,269.00
Civil Boys Now Or Never Baskılı 10-13 Yaş Tişört - Lacivert,299.00
Harry Potter 07 Baskılı 6-9 Yaş Tişört - Siyah,299.00
Civil Boys Cizgil Cepli 2-5 Yaş Tişört - Kahve,299.00
Civil Boys Palmiye Nakışlı Polo Yaka 10-13 Yaş Tişört - Bej,299.00
Superman Logo Baskılı 6-9 Yaş Tişört - Mavi,84.99
Civil Boys Serbest Fırça Baskılı Reglan Kol 10-13 Yaş Tişört - Turuncu,299.00
Civil Boys Palmiye Baskılı 2-5 Yaş Tişört - Gri,149.99
Civil Boys Flamlı Yelkenli Nakışlı 6-9 Yaş Tişört - Gri,199.99
Civil Boys Basic Surf Etiketli 6-9 Yaş Tişört - Yeşil,189.99
Civil Boys Calıfornıa Baskılı 10-13 Yaş Tişört - Siyah,219.99
Looney Tunes Baskılı 10-13 Yaş Tişört - Ekru,99.99
Civil Boys Erkek Çocuk Palmiye Nakışlı Polo Yaka 2-5 Yaş Tişört - Siyah,249.99
Civil Boys Yelken Nakışlı Lakos 6-9 Yaş Tişört - Siyah,299.00
Civil Boys Kalın Çizgi Empirme 6-9 Yaş Tişört - Mavi,269.00
Civil Boys Comfort Zone Baskılı 6-9 Yaş Tişört - Bej,299.00
Hogwarts Logo Baskılı 10-13 Yaş Tişört - Ekru,99.99
Looney Tunes Duffy Duck Baskılı 6-9 Yaş Tişört - Siyah,84.99
Civil Boys Desenli Cepli Patlı 6-9 Yaş Tişört - Mavi,499.00
Civil Boys Sorf Tahtası Palmiye Baskılı 2-5 Yaş Tişört - Sarı,109.99
Civil Boys Newyork Baskılı 6-9 Yaş Tişört - Pudra,199.99
Civil Boys Dalga Desenli Cep Baskılı 2-5 Yaş Tişört - Mavi,199.99
Civil Boys Street Style Emprime 10-13 Yaş Tişört - Gri,299.00
Civil Boys Flamlı Yelkenli Nakışlı 2-5 Yaş Tişört - Haki,199.99
Scooby Doo Baskılı 6-9 Yaş Tişört - Beyaz,299.00
Civil Boys Timsah Baskılı 2-5 Yaş Tişört - Sarı,189.99
Civil Boys 34 Baskılı 6-9 Yaş Tişört - Lacivert,349.00
Civil Boys Fantastic Baskılı 10-13 Yaş Tişört - Beyaz,299.00
Civil Boys Yelken Nakışlı 6-9 Yaş Tişört - Mavi,199.99
Civil Boys Yatay Dalgalı Çizgili 2-5 Yaş Tişört - Kırmızı,299.00
Civil Boys Erkek Çocuk Palmiye Nakışlı Polo Yaka 6-9 Yaş Tişört - Yeşil,299.00
Civil Boys Skateramp Baskılı 2-5 Yaş Tişört - Gri,149.99
Civil Boys Uçak Baskılı 10-13 Yaş Tişört - Fil Dişi,299.00
Civil Boys Flamlı Yelkenli Nakışlı 2-5 Yaş Tişört - Ekru,199.99
Civil Boys Sıçratma Baskılı 10-13 Yaş Tişört - Siyah,399.00
Civil Boys Holıday Kamyonet Baskılı 10-13 Yaş Tişört - Sarı,219.99
Civil Boys Victory Baskılı Asimetrik 6-9 Yaş Tişört - Kahverengi,269.00
Civil Boys Köpekbalığı Baskılı 2-5 Yaş Tişört - Beyaz,189.99
Civil Boys Jeans Baskılı 10-13 Yaş Tişört - Gri,219.99
Civil Boys Up Baskılı 6-9 Yaş Tişört - Mavi,249.99
Civil Boys Colors Baskılı 10-13 Yaş Tişört - Siyah,249.99
Süperman Baskılı 6-9 Yaş Tişört - Sarı,269.00
Civil Boys Çizgili 6-9 Yaş Tişört - Beyaz,499.00
Civil Boys Basic 10-13 Yaş Tişört - Lacivert,199.99
Süperman Best Frıend Baskılı 2-5 Yaş Tişört - Beyaz,269.00
Civil Boys Dnrsn Baskılı 6-9 Yaş Tişört - Mavi,399.00
Civil Boys Dikey Batik Empirme 6-9 Yaş Tişört - Ekru,349.00
Civil Boys Çizgi Space Empirme 2-5 Yaş Tişört - Siyah,189.99
Civil Boys Yelken Nakışlı 2-5 Yaş Tişört - Mavi,299.00
Civil Boys Dozer Baskılı Reglan Kol 2-5 Yaş Tişört - Hardal,199.99
Civil Boys Palmiye Nakışlı Polo Yaka 10-13 Yaş Tişört - Siyah,299.00
Süperman Baskılı 10-13 Yaş Tişört - Beyaz,299.00
Civil Boys Let it Flow Baskılı 10-13 Yaş Tişört - Yeşil,219.99
Civil Boys Dütdüt Baskılı 2-5 Yaş Tişört - Lacivert,249.99
Süperman Baskılı 2-5 Yaş Tişört - Beyaz,249.99
Civil Boys Basketbol Players Baskılı 2-5 Yaş Tişört - Siyah,149.99
Civil Boys Basic Surf Etiketli 2-5 Yaş Tişört - Sarı,169.99
Civil Boys Kalın Çizgi Empirme 10-13 Yaş Tişört - Yeşil,299.00
Civil Boys Racing Baskılı Oversize 6-9 Yaş Tişört - Beyaz,269.00
Civil Boys Basic Surf Etiketli 10-13 Yaş Tişört - Kahverengi,199.99
Civil Boys Serbest Fırça Emprimeli 6-9 Yaş Tişört - Turuncu,299.00
Batman Batman Baskılı 6-9 Yaş Tişört - Mavi,269.00
Civil Boys Premier Top Baskılı 10-13 Yaş Tişört - Lacivert,299.00
Civil Boys Timsah Baskılı 2-5 Yaş Tişört - Beyaz,189.99
Civil Boys Yelken Nakışlı 10-13 Yaş Tişört - Siyah,249.99
Civil Boys Çizgili 6-9 Yaş Tişört - Lacivert,399.00
Civil Boys Awersome Baskılı 2-5 Yaş Tişört - Mavi,189.99
Civil Boys Serbest Fırça Emprimeli 6-9 Yaş Tişört - Haki,299.00
Civil Boys Game On Baskılı 2-5 Yaş Tişört - Gri,189.99
Civil Boys Erkek Çocuk Palmiye Nakışlı Polo Yaka 2-5 Yaş Tişört - Beyaz,249.99
Civil Boys Erkek Çocuk Renkli Premier Baskılı Sıfır Kol 10-13 Yaş Tişört - Mavi,299.00
Civil Boys Erkek Çocuk Tişört 2-5 Yaş - Siyah,199.99
Civil Boys Batik Yıkama 6-9 Yaş Tişört - Haki,449.00
Civil Boys Püskürtme Boya Baskılı 6-9 Yaş Tişört - Beyaz,349.00
Civil Boys Basic Lakos 10-13 Yaş Tshirt - Gri,249.99
Civil Boys Rock And Roll Baskılı 10-13 Yaş Tişört - Haki,219.99
Civil Boys Calıfornıa Baskılı 10-13 Yaş Tişört - Ekru,219.99
Civil Boys Basic Surf Etiketli 2-5 Yaş Tişört - Koyu Taş Rengi,169.99
Batman Baskılı Tişört - Beyaz,69.99
Civil Boys Çizgi Baskılı 10-13 Yaş Tişört - Sarı,109.99
Civil Boys Orıgınal Yelkenli Baskılı 6-9 Yaş Tişört - Bej,199.99
Batman Forever Baskılı 6-9 Yaş Tişört - Siyah,299.00
Civil Boys Adventure Baskılı 10-13 Yaş Tişört - Fil Dişi,399.00
Civil Boys Yelken Nakışlı 6-9 Yaş Tişört - Pembe,199.99
Civil Boys Basic Surf Etiketli 2-5 Yaş Tişört - Haki,169.99
Civil Boys Champıons Baskılı 6-9 Yaş Tişört - Lacivert,299.00
Civil Boys Orıgınal Yelkenli Baskılı 6-9 Yaş Tişört - Ekru,199.99
Harry Potter Logo Baskılı 2-5 Yaş Tişört - Ekru,199.99
Civil Boys Chıcago Baskılı 10-13 Yaş Tişört - Siyah,299.00
Civil Boys Yelken Nakışlı 6-9 Yaş Tişört - Haki,199.99
Civil Boys Adorıser Baskılı 10-13 Yaş Tişört - Kırmızı,129.99
Civil Boys Sailing Baskılı Oversize 2-5 Yaş Tişört - Haki,299.00
Civil Boys Retro Sufrın Baskılı 2-5 Yaş Tişört - Kırmızı,189.99
Civil Boys N Baskılı 10-13 Yaş Tişört - Kırmızı,399.00
Civil Boys Yelken Nakışlı 10-13 Yaş Tişört - Turuncu,249.99
Civil Boys Kıds Zone Baskılı 2-5 Yaş Tişört - Yeşil,189.99
Civil Boys Kaplumbağa Baskılı Sıfır Kol 2-5 Yaş Tişört - Mavi,249.99
Civil Boys No Problem Baskılı 6-9 Yaş Tişört - Mavi,199.99
Civil Boys Kendinden Desenli 10-13 Yaş Tişört - Bej,449.00
Civil Boys Retro Sufrın Baskılı 2-5 Yaş Tişört - Haki,189.99
Civil Boys Basic Surf Etiketli 6-9 Yaş Tişört - Kırık Beyaz,189.99
Civil Boys Cvl Baskılı 2-5 Yaş Tişört - Turuncu,79.99
Civil Boys Karalama Hayvanlar Empirme 2-5 Yaş Tişört - Gri,179.99
Civil Boys Örümcek Baskılı 2-5 Yaş Tişört - Gri,199.99
Civil Boys Whats Baskılı 6-9 Yaş Tişört - Yeşil,199.99
Civil Boys Kıngs Of The Baskılı 10-13 Yaş Tişört - Siyah,219.99
Civil Boys Surf Rıde Baskılı 10-13 Yaş Tişört - Sarı,219.99
Civil Boys Surfıng Baskılı 6-9 Yaş Tişört - Yeşil,199.99
Civil Boys Just Be Baskılı 2-5 Yaş Tişört - Mavi,189.99
Civil Boys Basic Surf Etiketli 2-5 Yaş Tişört - Mavi,169.99
Mivil Boys Harikayım Baskılı 6-9 Yaş Tişört - Bej,109.99
Civil Boys Flamlı Yelkenli Nakışlı 6-9 Yaş Tişört - Bej,199.99
Civil Boys Serbest Fırça Baskılı Sıfır Kol 6-9 Yaş Tişört - Turuncu,249.99
Civil Boys Yelken Nakışlı 6-9 Yaş Tişört - Haki,199.99
Civil Boys Yelken Nakışlı 6-9 Yaş Tişört - Sarı,299.00
Civil Boys Stadıum Baskılı 10-13 Yaş Tişört - Sarı,349.00
Civil Boys Yelken Nakışlı 6-9 Yaş Tişört - Turuncu,299.00
Civil Boys Adventure Baskılı 6-9 Yaş Tişört - Haki,399.00
Civil Boys Erkek Çocuk Palmiye Nakışlı Polo Yaka 6-9 Yaş Tişört - Sarı,299.00
Civil Boys Köpek Nakışlı Çizgili 2-5 Yaş Tişört - Beyaz,269.00
Civil Boys Çizgii Ananas Nakışlı 2-5 Yaş Tişört - Bej,399.00
Civil Boys Karyoka Dikişli Cepli 10-13 Yaş Tişört - Sarı,449.00
Civil Boys Yelken Nakışlı 10-13 Yaş Tişört - Sarı,349.00
Civil Boys Yelkenli Baskılı 6-9 Yaş Tişört - Yeşil,119.99
Civil Boys Chıcago Baskılı 6-9 Yaş Tişört - Siyah,219.99
Civil Boys Erkek Çocuk Tişört 2-5 Yaş - Lila,199.99
Civil Boys Sıçratma Dino Baskılı Empirme 2-5 Yaş Tişört - Beyaz,189.99
Civil Boys Kendinden Desenli 6-9 Yaş Tişört - Bej,349.00
Civil Boys Yelken Nakışlı 10-13 Yaş Tişört - Mavi,249.99
Civil Boys Polo Edition Nakışlı 6-9 Yaş Tişört - Beyaz,349.00
Civil Boys Dımensıon Baskılı 6-9 Yaş Tişört - Siyah,299.00
Civil Boys Surf Palmiye Baskılı 6-9 Yaş Tişört - Siyah,199.99
Civil Boys Hayvanlar Baskılı 2-5 Yaş Tişört - Kırmızı,249.99
Civil Boys Future Baskılı Oversize 10-13 Yaş Tişört - Gri,109.99
Süperman Baskılı 6-9 Yaş Tişört - Siyah,269.00
Civil Boys Boys Have Baskılı 6-9 Yaş Tişört - Pembe,349.00
Civil Boys 34 Baskılı 10-13 Yaş Tişört - Bordo,349.00
Civil Boys Top Baskılı 6-9 Yaş Tişört - Gri,199.99
Civil Boys Sailing Baskılı Oversize 2-5 Yaş Tişört - Turuncu,299.00
Civil Boys Erkek Çocuk Palmiye Nakışlı Polo Yaka 2-5 Yaş Tişört - Pembe,249.99
Kappa Erkek Çocuk 5-15 Yaş Tişört - Turuncu,179.99
Civil Boys Karyoka Dikişli Cepli 6-9 Yaş Tişört - Mavi,349.00
Civil Boys Flamlı Yelkenli Nakışlı 6-9 Yaş Tişört - Mavi,199.99
Civil Boys Relax Baskılı 6-9 Yaş Tişört - Bej,499.00
Civil Boys Yelken Nakışlı 10-13 Yaş Tişört - Turuncu,349.00
Civil Boys Basic Surf Etiketli 2-5 Yaş Tişört - Mavi,169.99
Civil Boys FUTURE ASLAN Baskılı 6-9 Yaş Tişört - Ekru,199.99
Civil Boys Deniz Gözlüğü Baskılı Nakışlı 2-5 Yaş Tişört - Gri,249.99
Mivil Boys Drink Baskılı 10-13 Yaş Tişört - Bej,109.99
Civil Boys Strong Baskılı 10-13 Yaş Tişört - Siyah,449.00
Civil Boys Sushı Baskılı 2-5 Yaş Tişört - Beyaz,249.99
Civil Boys Flamlı Yelkenli Nakışlı 2-5 Yaş Tişört - Sarı,199.99
Batman Baskılı 2-5 Yaş Tişört - Sarı,249.99
Civil Boys Erkek Çocuk Tişört 2-5 Yaş - Mavi,199.99
Civil Boys Kendinden Desenli 10-13 Yaş Tişört - Gri,449.00
Civil Boys Tokyo Baskılı 10-13 Yaş Tişört - Kırmızı,219.99
Civil Boys Yelken Nakışlı 10-13 Yaş Tişört - Haki,349.00
Civil Boys Mılky Way Exploratıon Baskılı 10-13 Yaş Tişört - Haki,219.99
Ben 10 Benten Baskılı 2-5 Yaş Tişört - Beyaz,249.99
Civil Boys Summer Tıme Baskılı 2-5 Yaş Tişört - Sarı,189.99
Civil Boys Kendinden Desenli 6-9 Yaş Tişört - Kahve,399.00
Civil Boys Super Baskılı 10-13 Yaş Tişört - Yeşil,219.99
Civil Boys Yelken Nakışlı Lakos 10-13 Yaş Tişört - Pudra,299.00
Civil Boys Yaprak Baskılı 2-5 Yaş Tişört - Kırmızı,299.00
Civil Boys Stadıum Baskılı 6-9 Yaş Tişört - Mavi,299.00
Süperman Logolu 10-13 Yaş Tişört - Mavi,299.00
Civil Boys Dinozorlar Alemi Empirme 2-5 Yaş Tişört - Mavi,179.99
Civil Boys Leaf Nakışlı 10-13 Yaş Tişört - Turuncu,249.99
Civil Boys Kukuli Puzzle Baskılı 2-5 Yaş Tişört - Mavi,299.00
Civil Boys Loca Baskılı 6-9 Yaş Tişört - Gri,349.00
Civil Boys Çizgili 6-9 Yaş Tişört - Haki,399.00
Civil Boys Karyoka Dikişli Cepli 10-13 Yaş Tişört - Mavi,449.00
Civil Boys Graffiti Empirme 6-9 Yaş Tişört - Siyah,249.99
Civil Boys Dinozor Baskılı 10-13 Yaş Tişört - Siyah,299.00
Civil Boys Loca Baskılı 10-13 Yaş Tişört - Mavi,349.00
Civil Boys Dream Beach Baskılı 6-9 Yaş Tişört - Mavi,199.99
Civil Boys Calıfornıa Ay Baskılı 10-13 Yaş Tişört - Pudra,219.99
Civil Boys Boys Have Baskılı 10-13 Yaş Tişört - Pembe,399.00
Civil Boys Kendinden Desenli 2-5 Yaş Tişört - Bej,299.00
Civil Boys Speed Baskılı 2-5 Yaş Tişört - Bej,249.99
Civil Boys Gamer Mode Reflektör Baskılı 10-13 Yaş Tişört - Turuncu,349.00
Civil Boys Nft Worl Maymun Baskılı 2-5 Yaş Tişört - Gri,149.99
Civil Boys 34 Baskılı 6-9 Yaş Tişört - Bordo,349.00
Civil Boys Yelkenli Baskılı 10-13 Yaş Tişört - Yeşil,129.99
Civil Boys Kendinden Desenli 6-9 Yaş Tişört - Fil Dişi,399.00
Civil Boys Let it Flow Baskılı 10-13 Yaş Tişört - Bej,219.99
Civil Boys Game Over Baskılı 6-9 Yaş Tişört - Siyah,199.99
Civil Boys Skateramp Baskılı 2-5 Yaş Tişört - Siyah,149.99
Civil Boys Polo Edition Nakışlı 10-13 Yaş Tişört - Siyah,399.00
Civil Boys Serbest Fırça Baskılı Sıfır Kol 10-13 Yaş Tişört - Haki,249.99
Civil Boys Köpek Balığı Baskılı 2-5 Yaş Tişört - Mavi,189.99
Civil Boys Space Baskılı 10-13 Yaş Tişört - Lacivert,299.00
Civil Boys Yelken Nakışlı 10-13 Yaş Tişört - Mavi,349.00
Civil Boys Loca Baskılı 10-13 Yaş Tişört - Gri,349.00
Civil Boys Basic Surf Etiketli 2-5 Yaş Tişört - Yeşil,169.99
Civil Boys Deep Sea Baskılı 2-5 Yaş Tişört - Sarı,249.99
Civil Boys Kabartma Çizgili 2-5 Yaş Tişört - Turuncu,299.00
Civil Boys Basketball Baskılı 2-5 Yaş Tişört - Ekru,219.99
Civil Boys Üç Çizgi Emprime Cvl Etiketli 10-13 Yaş Tişört - Haki,299.00
Civil Boys Sıçratma Dino Baskılı Empirme 2-5 Yaş Tişört - Lacivert,189.99
Civil Boys Let It Go Baskılı 6-9 Yaş Tişört - Fil Dişi,249.99
Civil Boys Basic Surf Etiketli 2-5 Yaş Tişört - Yeşil,169.99
Civil Boys College Sports Empirme 6-9 Yaş Tişört - Lacivert,299.00
Civil Boys Fangazine Baskılı 6-9 Yaş Tişört - Yeşil,249.99
Civil Boys Fun Time Baskılı 2-5 Yaş Tişört - Beyaz,199.99
Civil Boys Yelken Nakışlı 6-9 Yaş Tişört - Lila,199.99
Civil Boys Sailing Baskılı Oversize 10-13 Yaş Tişört - Haki,349.00
Civil Boys Stadıum Baskılı 6-9 Yaş Tişört - Sarı,299.00
Civil Boys V Baskılı Asimetrik 6-9 Yaş Tişört - Turuncu,249.99
Civil Boys Serbest Fırça Baskılı Reglan Kol 6-9 Yaş Tişört - Turuncu,299.00
Civil Boys Deniz Canlıları Baskılı 2-5 Yaş Tişört - Ekru,249.99
Civil Boys Erkek Çocuk Palmiye Nakışlı Polo Yaka 6-9 Yaş Tişört - Mavi,299.00
Civil Boys V Baskılı Asimetrik 6-9 Yaş Tişört - Mavi,249.99
Civil Boys Çizgili Polo Yaka 2-5 Yaş Tişört - Mavi,449.00
Civil Boys Gamer Mode Reflektör Baskılı Sıfır Kol 10-13 Yaş Tişört - Siyah,299.00
Civil Boys Champıons Baskılı 10-13 Yaş Tişört - Lacivert,349.00
Süperman Baskılı 10-13 Yaş Tişört - Siyah,299.00
Civil Boys Sevimli Hayvanlar Baskılı 2-5 Yaş Tişört - Mavi,189.99
Civil Boys V Baskılı Asimetrik 6-9 Yaş Tişört - Kahverengi,249.99
Civil Boys Çizgili 10-13 Yaş Tişört - Gri,449.00
Civil Boys Köpekbalığı Baskılı 2-5 Yaş Tişört - Mavi,189.99
Civil Boys Street Baskılı 6-9 Yaş Tişört - Kırmızı,199.99
Civil Boys Palmiye Surfıng Baskılı 2-5 Yaş Tişört - Ekru,189.99
Civil Boys 3'lü Set 2-5 Yaş Tişört,649.00
Civil Boys Kendinden Desenli 10-13 Yaş Tişört - Kahve,449.00
Civil Boys Calıfornıa Baskılı 10-13 Yaş Tişört - Bej,219.99
Civil Boys Basic Surf Etiketli 2-5 Yaş Tişört - Turuncu,169.99
Civil Boys Kendinden Desenli 2-5 Yaş Tişört - Fil Dişi,349.00
Civil Boys Sıçratma Baskılı 6-9 Yaş Tişört - Beyaz,349.00
Civil Boys Kendinden Desenli 6-9 Yaş Tişört - Haki,349.00
Civil Boys The Losers Baskılı 10-13 Yaş Tişört - Beyaz,299.00
Civil Boys Lets Buıld İş Makinaları Emrpime 2-5 Yaş Tişört - Lacivert,169.99
Civil Boys Yelken Nakışlı 10-13 Yaş Tişört - Pudra,349.00
Civil Boys Racing Baskılı Oversize 10-13 Yaş Tişört - Beyaz,129.99
Civil Boys Yelken Nakışlı Lakos 10-13 Yaş Tişört - Turuncu,299.00
Civil Boys Timsah Baskılı 2-5 Yaş Tişört - Haki,249.99
Kappa Erkek Çocuk 5-15 Yaş Tişört - Siyah,179.99
Civil Boys Erkek Çocuk Palmiye Nakışlı Polo Yaka 2-5 Yaş Tişört - Gri,249.99
Civil Boys Up Baskılı 10-13 Yaş Tişört - Mavi,249.99
Civil Boys Erkek Çocuk Tişört 2-5 Yaş - Mavi,199.99
Civil Boys Space Baskılı 10-13 Yaş Tişört - Turuncu,299.00
Civil Boys Karalama Hayvanlar Empirme 2-5 Yaş Tişört - Ekru,179.99
Civil Boys Kaplumbağa Baskılı 2-5 Yaş Tişört - Mavi,299.00
Civil Boys 01 Baskılı 6-9 Yaş Tişört - Mavi,99.99
Civil Boys Let It Go Baskılı 10-13 Yaş Tişört - Fil Dişi,249.99
Civil Boys Surf Wave Baskılı 2-5 Yaş Tişört - Mavi,249.99
Civil Boys Flamlı Yelkenli Nakışlı 6-9 Yaş Tişört - Haki,199.99
Civil Boys Surf Rıde Baskılı 10-13 Yaş Tişört - Mavi,219.99
Civil Boys Ocean Baskılı 10-13 Yaş Tişört - Ekru,299.00
Civil Boys Exclusıve Baskılı 6-9 Yaş Tişört - Beyaz,349.00
Civil Boys Basic Surf Etiketli 10-13 Yaş Tişört - Yeşil,199.99
Civil Boys Safarı Baskılı 2-5 Yaş Tişört - Bej,189.99
Civil Boys Yelken Nakışlı 10-13 Yaş Tişört - Yeşil,349.00
Civil Boys Sıçratma Baskılı 10-13 Yaş Tişört - Beyaz,399.00
Civil Boys Erkek Çocuk Palmiye Nakışlı Polo Yaka 6-9 Yaş Tişört - Beyaz,299.00
Batman Logolu 10-13 Yaş Tişört - Siyah,399.00
Civil Boys Yelken Nakışlı 6-9 Yaş Tişört - Gri,199.99
Civil Boys Basic 6-9 Yaş Tişört - Lacivert,189.99
Civil Boys Dont Stop Baskılı 6-9 Yaş Tişört - Gri,399.00
Civil Boys Kendinden Palmiye Desenli Cepli 2-5 Yaş Tişört - Bej,299.00
Civil Boys Kabartma Çizgili 6-9 Yaş Tişört - Hardal,349.00
Civil Boys Sea Baskılı 6-9 Yaş Tişört - Beyaz,349.00
Civil Boys Serbest Fırça Emprimeli 10-13 Yaş Tişört - Haki,299.00
Civil Boys Arazi Aracı Kabartma Baskılı 2-5 Yaş Tişört - Sarı,89.99
Civil Boys Premier Top Baskılı 10-13 Yaş Tişört - Mavi,299.00
Civil Boys Kaplumbağa Baskılı 2-5 Yaş Tişört - Fil Dişi,299.00
Civil Boys Farm Empirme Oversize 6-9 Yaş Tişört - Yeşil,199.99
Civil Boys Stadıum Baskılı 10-13 Yaş Tişört - Mavi,349.00
Civil Boys Yelken Nakışlı 6-9 Yaş Tişört - Yeşil,199.99
Civil Boys Basic Surf Etiketli 2-5 Yaş Tişört - Mavi,169.99
Civil Boys Basic Surf Etiketli 10-13 Yaş Tişört - Mavi,199.99
Civil Boys Genanx Baskılı 6-9 Yaş Tişört - Mavi,249.99
Civil Boys Boston Baskılı 6-9 Yaş Tişört - Mavi,199.99
Batman Baskılı 2-5 Yaş Tişört - Siyah,249.99
Civil Boys Dnrsn Baskılı 10-13 Yaş Tişört - Mavi,399.00
Civil Boys The Gıants Baskılı 2-5 Yaş Tişört - Kırmızı,189.99
Civil Boys Space Store Baskılı 2-5 Yaş Tişört - Ekru,249.99
Civil Boys Püskürtme Boya Baskılı 10-13 Yaş Tişört - Beyaz,319.00
Civil Boys Çizgili 2-5 Yaş Tişört - Bej,219.99
Civil Boys Kendinden Desenli 6-9 Yaş Tişört - Bej,349.00
Civil Boys Cvl Caretta Baskılı 10-13 Yaş Tişört - Beyaz,299.00
Harry Potter Baskılı 10-13 Yaş Tişört - Beyaz,299.00
Civil Boys Never Land Baskılı 10-13 Yaş Tişört - Gri,219.99
Superman Logo Baskılı 10-13 Yaş Tişört - Mavi,249.99
Civil Boys Üç Çizgi Emprime Cvl Etiketli 6-9 Yaş Tişört - Haki,299.00
Civil Boys Serbest Fırça Baskılı Sıfır Kol 6-9 Yaş Tişört - Haki,249.99
Harry Potter Logo Baskılı 6-9 Yaş Tişört - Fil Dişi,249.99
Civil Boys 34 Baskılı 10-13 Yaş Tişört - Lacivert,349.00
Civil Boys 96 Baskılı Sıfır Kol 6-9 Yaş Tişört - Gri,199.99
Civil Boys Yelken Nakışlı 10-13 Yaş Tişört - Haki,249.99
Civil Boys Up Baskılı 6-9 Yaş Tişört - Haki,249.99
Civil Boys EXPLORE ASTRONOT Basklı 2-5 Yaş Tişört - Mavi,189.99
Civil Boys Leaf Nakışlı 6-9 Yaş Tişört - Turuncu,99.99
Civil Boys Sevimli Amazon Hayvanlar Empirme 2-5 Yaş Tişört - Beyaz,189.99
Civil Boys Timsah Baskılı 2-5 Yaş Tişört - Gri,249.99
Civil Boys Dinozor World Baskılı 2-5 Yaş Tişört - Sarı,199.99
Civil Boys Basic 2-5 Yaş Tişört - Mavi,169.99
Civil Boys Athletıc Baskılı 6-9 Yaş Tişört - Yeşil,299.00
Civil Boys Cvl Balina Baskılı 10-13 Yaş Tişört - Fil Dişi,299.00
Civil Boys Keep On Empirme Oversize 6-9 Yaş Tişört - Bej,269.00
Popito Bebe Yakalı 1-4 Yaş Tişört,119.99
Civil Boys Arabada Safari Hayvanlar Baskılı 2-5 Yaş Tişört - Mavi,299.00
Mivil Boys Damam Baskılı 10-13 Yaş Tişört - Bej,109.99
Civil Boys Çizgili Yakalı 2-5 Yaş Tişört - Haki,139.99
Civil Boys Dnrsn Baskılı 10-13 Yaş Tişört - Gri,399.00
Civil Boys Köpekbalığı Baskılı 6-9 Yaş Tişört - Beyaz,199.99
Batman Baskılı 10-13 Yaş Tişört - Mavi,299.00
Civil Boys Flamlı Yelkenli Nakışlı 10-13 Yaş Tişört - Haki,249.99
Süperman Baskılı 10-13 Yaş Tişört - Sarı,299.00
Civil Boys Örümcek Baskılı 2-5 Yaş Tişört - Haki,199.99
Civil Boys Exclusıve Baskılı 6-9 Yaş Tişört - Turuncu,349.00
Civil Boys Active Baskılı 10-13 Yaş Tişört - Gri,139.99
Civil Boys Serbest Fırça Baskılı Reglan Kol 10-13 Yaş Tişört - Haki,299.00
Civil Boys Farm Empirme Oversize 6-9 Yaş Tişört - Sarı,199.99
Batman Baskılı Tişört - Mavi,69.99
Superman Baskılı Tişört - Gri,69.99
Civil Boys Kendinden Desenli 10-13 Yaş Tişört - Fil Dişi,319.00
Civil Boys Go Play Baskılı 2-5 Yaş Tişört - Yeşil,189.99
Civil Boys Basic Surf Etiketli 6-9 Yaş Tişört - Siyah,189.99
Civil Boys Tekerlek Baskılı 6-9 Yaş Tişört - Gri,79.99
Civil Boys Yelken Nakışlı 10-13 Yaş Tişört - Bej,349.00
Civil Boys Youre Not Alone Baskılı 10-13 Yaş Tişört - Siyah,299.00
Civil Boys Bs Çizim Baskılı 6-9 Yaş Tişört - Ekru,119.99
Civil Boys N Baskılı 10-13 Yaş Tişört - Mavi,399.00
Civil Boys Geometrik Baskılı 10-13 Yaş Tişört - Gri,79.99
Civil Boys Safari Hayvanlar Baskılı 2-5 Yaş Tişört - Turuncu,199.99
Civil Boys Deniz Gözlüğü Baskılı Nakışlı 2-5 Yaş Tişört - Lacivert,249.99
Civil Boys Surf Wave Baskılı 2-5 Yaş Tişört - Kırmızı,249.99
Civil Boys Basic 10-13 Yaş Tişört - Lacivert,199.99
Civil Boys Loca Baskılı 6-9 Yaş Tişört - Mavi,349.00
Civil Boys Kabartma Çizgili 2-5 Yaş Tişört - Lacivert,299.00
Civil Boys Bıg Wave Baskılı 10-13 Yaş Tişört - Siyah,219.99
Civil Boys Surf Palmiye Baskılı 6-9 Yaş Tişört - Beyaz,199.99
Batman Baskılı 6-9 Yaş Tişört - Siyah,299.00
Civil Boys Top Baskılı 6-9 Yaş Tişört - Sarı,199.99
Civil Boys Hayvanlar Baskılı 2-5 Yaş Tişört - Sarı,249.99
Civil Boys Flamlı Yelkenli Nakışlı 10-13 Yaş Tişört - Sarı,249.99
Civil Boys Awersome Baskılı 2-5 Yaş Tişört - Turuncu,189.99
Civil Boys Cvl Balıklar Baskılı 2-5 Yaş Tişört - Beyaz,189.99
Civil Boys Graffiti Empirme 10-13 Yaş Tişört - Siyah,299.00
Civil Boys Bayrak Çizimi Baskılı 3-7 Yaş Tişört - Beyaz,299.00
Civil Boys Fangazine Baskılı 10-13 Yaş Tişört - Bej,219.99
Civil Boys Future Vıbes Baskılı 2-5 Yaş Tişört - Gri,189.99
Civil Boys Stop Baskılı 2-5 Yaş Tişört - Gri,199.99
Civil Boys Basic Surf Etiketli 10-13 Yaş Tişört - Mavi,199.99
Civil Boys Genanx Baskılı 10-13 Yaş Tişört - Mavi,249.99
Civil Boys Gamer Mode Reflektör Baskılı 10-13 Yaş Tişört - Sarı,349.00
Civil Boys Flamlı Yelkenli Nakışlı 2-5 Yaş Tişört - Lila,199.99
Civil Boys Basic 2-5 Yaş Tişört - Beyaz,169.99
Civil Boys Summer Baskılı Oversıze 6-9 Yaş Tişört - Bej,109.99
Civil Boys Undergrund Baskılı 6-9 Yaş Tişört - Siyah,299.00
Civil Boys Yelken Nakışlı 6-9 Yaş Tişört - Bej,299.00
Civil Boys Kamuflaj Desen Empirme Sıfır Kol 10-13 Yaş Tişört - Gri,119.99
Civil Boys Less But Better Baskılı 6-9 Yaş Tişört - Siyah,349.00
Civil Boys Geometrik Baskılı 6-9 Yaş Tişört - Gri,69.99
Superman Baskılı Pelerinli 10-13 Yaş Tişört - Mavi,119.99
Superman Şimşek Baskılı 6-9 Yaş Tişört - Siyah,84.99
Civil Boys Yelken Nakışlı 6-9 Yaş Tişört - Mavi,299.00
Civil Boys Çizgili 6-9 Yaş Tişört - Gri,399.00
Civil Boys Game Over Baskılı 6-9 Yaş Tişört - Sarı,199.99
Kappa Erkek Çocuk 5-15 Yaş Tişört - Siyah,179.99
Civil Boys Legend 96 Baskılı 6-9 Yaş Tişört - Turuncu,299.00
Civil Boys Show Time Baskılı 10-13 Yaş Tişört - Kahve,199.99
Civil Boys Köpek Balığı Baskılı 2-5 Yaş Tişört - Turuncu,189.99
Civil Boys Karyoka Dikişli Cepli 10-13 Yaş Tişört - Yeşil,449.00
Harry Potter Hogwarts Baskılı 2-5 Yaş Tişört - Beyaz,249.99
Civil Boys Flamlı Yelkenli Nakışlı 6-9 Yaş Tişört - Mavi,199.99
Superman Logo Baskılı 10-13 Yaş Tişört - Ekru,249.99
Civil Boys Fangazine Baskılı 6-9 Yaş Tişört - Bej,249.99
Civil Boys NYC Baskılı 10-13 Yaş Tişört - Gri,299.00
Civil Boys Geometrik Desen Empirme Sıfır Kol 10-13 Yaş Tişört - Siyah,119.99
Civil Boys Karyoka Dikişli Cepli 2-5 Yaş Tişört - Mavi,299.00
Civil Boys Surf Baskılı 2-5 Yaş Tişört - Sarı,189.99
Harry Potter Logo Baskılı 2-5 Yaş Tişört - Fil Dişi,249.99
Civil Boys 96 Baskılı Sıfır Kol 6-9 Yaş Tişört - Siyah,199.99
Civil Boys Comfort Zone Baskılı 10-13 Yaş Tişört - Bej,299.00
Civil Boys Erkek Çocuk Tişört 2-5 Yaş - Haki,199.99
Civil Boys Yelken Nakışlı Lakos 10-13 Yaş Tişört - Bej,299.00
Civil Boys Kulaklıklı Dino Baskılı 2-5 Yaş Tişört - Lacivert,189.99
Batman Dama Baskılı Tişört - Beyaz,69.99
Civil Boys Bythe Sea Baskılı 2-5 Yaş Tişört - Mavi,349.00
Civil Boys Yelken Nakışlı 6-9 Yaş Tişört - Haki,299.00
Civil Boys Basic 6-9 Yaş Tişört - Sarı,189.99
Civil Boys Flamlı Yelkenli Nakışlı 2-5 Yaş Tişört - Siyah,199.99
Civil Boys Gıant Baskılı 10-13 Yaş Tişört - Gri,249.99
Civil Boys Kendinden Desenli 2-5 Yaş Tişört - Haki,219.99
Civil Boys Exclusıve Baskılı 10-13 Yaş Tişört - Turuncu,399.00
Civil Boys Gıant Baskılı 6-9 Yaş Tişört - Gri,249.99
Civil Boys Surf Baskılı 10-13 Yaş Tişört - Yeşil,299.00
Civil Boys Basic 10-13 Yaş Tişört - Sarı,199.99
Civil Boys Flamlı Yelkenli Nakışlı 6-9 Yaş Tişört - Sarı,199.99
Civil Boys Sıçratma Baskılı 6-9 Yaş Tişört - Siyah,349.00
Civil Boys Cep Yazı Baskılı 6-9 Yaş Tişört - Siyah,99.99
Civil Boys Less But Better Baskılı 6-9 Yaş Tişört - Lila,349.00
Civil Boys Space Store Baskılı 2-5 Yaş Tişört - Sarı,249.99
Civil Boys Basic 6-9 Yaş Tişört - Mavi,189.99
Civil Boys Dikey Batik Empirme 10-13 Yaş Tişört - Ekru,399.00
Civil Boys Yelken Nakışlı 6-9 Yaş Tişört - Pudra,299.00
Civil Boys Dinozor Baskılı 6-9 Yaş Tişört - Siyah,299.00
Civil Boys The Gıants Baskılı 2-5 Yaş Tişört - Gri,189.99
Civil Boys Gamer Mode Reflektör Baskılı 6-9 Yaş Tişört - Turuncu,299.00
Tom And Jerry Baskılı 2-5 Yaş Tişört - Mavi,249.99
Civil Boys Boys Have Baskılı 10-13 Yaş Tişört - Yeşil,399.00
Civil Düz 3-9 Yaş Tişört - Pembe,269.00
Batman Logo Baskılı 10-13 Yaş Tişört - Siyah,99.99
Civil Boys Summer Araba Baskılı 2-5 Yaş Tişört - Gri,189.99
Civil Boys Oyun Konsolu Baskılı 10-13 Yaş Tişört - Yeşil,219.99
Civil Boys Dream Beach Baskılı 6-9 Yaş Tişört - Ekru,199.99
Civil Boys Sailing Baskılı Oversize 2-5 Yaş Tişört - Mavi,299.00
Civil Boys Sıçratma Boyalı Baskılı 10-13 Yaş Tişört - Beyaz,129.99
Civil Boys Çizgili 10-13 Yaş Tişört - Haki,399.00
Batman Baskılı 6-9 Yaş Tişört - Gri,249.99
Mivil Boys Yuhum Gelir Baskılı 10-13 Yaş Tişört - Ekru,109.99
Civil Boys Active Baskılı 6-9 Yaş Tişört - Gri,139.99
Civil Boys Kaykay Pirana Baskılı 2-5 Yaş Tişört - Mavi,189.99
Civil Boys C 34 Bisiklet Baskılı 6-9 Yaş Tişört - Bej,199.99
Civil Boys Skate Baskılı 2-5 Yaş Tişört - Mavi,189.99
Civil Boys Keep On Empirme Oversize 10-13 Yaş Tişört - Bej,299.00
Civil Boys Always Baskılı Sıfır Kol 10-13 Yaş Tişört - Siyah,89.99
Civil Boys Surf Baskılı 10-13 Yaş Tişört - Beyaz,299.00
Civil Boys Basic 10-13 Yaş Tişört - Kırmızı,199.99
Civil Boys Basic 2-5 Yaş Tişört - Beyaz,169.99
Civil Boys V Baskılı 2-5 Yaş Tişört - Mavi,89.99
Civil Boys Dinozor World Baskılı 2-5 Yaş Tişört - Beyaz,199.99
Civil Boys Basic 6-9 Yaş Tişört - Beyaz,189.99
Civil Boys Erkek Çocuk Palmiye Nakışlı Polo Yaka 6-9 Yaş Tişört - Kırmızı,299.00
Civil Boys Posıtıve Bisiklet Baskılı 10-13 Yaş Tişört - Bej,219.99
Civil Boys Erkek Çocuk Stay Orıgınal Baskılı 2-5 Yaş Tişört - Haki,349.00
Civil Boys Hawaii Surf Baskılı 10-13 Yaş Tişört - Gri,219.99
Civil Boys Gamer Mode Reflektör Baskılı Sıfır Kol 6-9 Yaş Tişört - Siyah,299.00
Kappa Erkek Çocuk 5-15 Yaş Tişört - Siyah,179.99
Süperman Baskılı 10-13 Yaş Tişört - Beyaz,299.00
Civil Boys Farm Empirme Oversize 10-13 Yaş Tişört - Yeşil,219.99
Civil Boys Sea Baskılı 10-13 Yaş Tişört - Beyaz,399.00
Civil Boys Batik Desenli 6-9 Yaş Tişört - Fil Dişi,349.00
Civil Boys Yelken Nakışlı 2-5 Yaş Tişört - Sarı,299.00
Civil Boys Crocosurf Baskılı 2-5 Yaş Tişört - Sarı,89.99
Civil Boys Bıg Wave Baskılı 10-13 Yaş Tişört - Mavi,219.99
Civil Boys Vısıon Baskılı 10-13 Yaş Tişört - Lacivert,399.00
Civil Boys Champıons Emprime 10-13 Yaş Tişört - Bordo,299.00
Civil Boys Game Over Baskılı 6-9 Yaş Tişört - Siyah,299.00
Civil Boys Dütdüt Speed Baskılı 2-5 Yaş Tişört - Siyah,299.00
Civil Boys Karyoka Dikişli Cepli 2-5 Yaş Tişört - Sarı,299.00
Civil Boys Kendinden Desenli 10-13 Yaş Tişört - Haki,449.00
Civil Boys Kalın Çizgi Empirme 10-13 Yaş Tişört - Mavi,299.00
Civil Boys Renkli Balıklar Empirme 2-5 Yaş Tişört - Mavi,189.99
Civil Boys Strong Baskılı 6-9 Yaş Tişört - Siyah,449.00
Civil Boys Crazy Truck Baskılı 2-5 Yaş Tişört - Gri,249.99
Kappa Erkek Çocuk 5-15 Yaş Tişört - Mavi,179.99
Civil Boys Basic Surf Etiketli 6-9 Yaş Tişört - Yeşil,189.99
Civil Boys Let's Game Baskılı 2-5 Yaş Tişört - Haki,89.99
Civil Boys Erkek Çocuk Palmiye Nakışlı Polo Yaka 2-5 Yaş Tişört - Mavi,249.99
Civil Boys Flamlı Yelkenli Nakışlı 10-13 Yaş Tişört - Siyah,249.99
Civil Boys Travel Baskılı 10-13 Yaş Tişört - Haki,249.99
Süperman Can Fly Baskılı 2-5 Yaş Tişört - Mavi,249.99
Civil Boys Tatilci Arkadaşlar Baskılı 2-5 Yaş Tişört - Sarı,249.99
Civil Boys Roar Baskılı 2-5 Yaş Tişört - Beyaz,189.99
Civil Boys Farm Empirme Oversize 10-13 Yaş Tişört - Sarı,219.99
Civil Boys İtfaiyeci Dinolar Baskılı 2-5 Yaş Tişört - Sarı,349.00
Civil Boys Atlanta Baskılı 10-13 Yaş Tişört - Gri,219.99
Civil Boys Erkek Çocuk Palmiye Nakışlı Polo Yaka 2-5 Yaş Tişört - Bej,249.99
Civil Boys Summer Baskılı Oversıze 6-9 Yaş Tişört - Ekru,109.99
Civil Boys Kabartma Çizgili 2-5 Yaş Tişört - Hardal,299.00
Civil Boys Sailing Baskılı Oversize 6-9 Yaş Tişört - Mavi,299.00
Civil Boys Youre Not Alone Baskılı 6-9 Yaş Tişört - Siyah,299.00
Civil Boys Cvl Balina Baskılı 6-9 Yaş Tişört - Fil Dişi,169.99
Civil Boys Dinozor Baskılı 10-13 Yaş Tişört - Beyaz,299.00
Civil Boys Çizgi Space Empirme 2-5 Yaş Tişört - Mavi,189.99
Civil Boys Kartpostal Baskılı 6-9 Yaş Tişört - Mavi,169.99
Civil Boys Victory Baskılı Asimetrik 6-9 Yaş Tişört - Bej,269.00
Civil Boys Champıons Baskılı 6-9 Yaş Tişört - Bordo,299.00
Civil Boys 96 Araba Baskılı 2-5 Yaş Tişört - Bej,189.99
Civil Boys Relax Baskılı 6-9 Yaş Tişört - Gri,499.00
Civil Boys Erkek Çocuk Palmiye Nakışlı Polo Yaka 2-5 Yaş Tişört - Mavi,249.99
Civil Boys Safari Hayvanlar Empirme 2-5 Yaş Tişört - Bej,199.99
Civil Boys Play The Game Baskılı 6-9 Yaş Tişört - Lacivert,199.99
Civil Boys Ahtapot Baskılı 2-5 Yaş Tişört - Sarı,189.99
Civil Boys Keep On Empirme Oversize 6-9 Yaş Tişört - Bej,269.00
Civil Boys Basic Surf Etiketli 6-9 Yaş Tişört - Mavi,189.99
Süperman Logolu 10-13 Yaş Tişört - Gri,299.00
Civil Boys Flamlı Yelkenli Nakışlı 2-5 Yaş Tişört - Turuncu,199.99
Civil Boys Basic Surf Etiketli 2-5 Yaş Tişört - Siyah,169.99
Civil Boys Basic 2-5 Yaş Tişört - Lacivert,169.99
Civil Boys Colors Baskılı 10-13 Yaş Tişört - Ekru,249.99
Civil Boys NYC Baskılı Sıfır Kol 10-13 Yaş Tişört - Siyah,299.00
Civil Boys Surf Etiketli 2-5 Yaş Tişört - Ekru,199.99
Civil Boys Future Baskılı Oversize 6-9 Yaş Tişört - Gri,99.99
Civil Boys Deep Sea Baskılı 2-5 Yaş Tişört - Beyaz,249.99
Civil Boys Adorıser Baskılı 6-9 Yaş Tişört - Yeşil,119.99
Civil Boys Game Over Baskılı 10-13 Yaş Tişört - Siyah,299.00
Civil Boys Basic 6-9 Yaş Tişört - Kırmızı,189.99
Civil Boys Çizgili 2-5 Yaş Tişört - Bej,199.99
Civil Boys Karyoka Dikişli Cepli 6-9 Yaş Tişört - Yeşil,349.00
Civil Boys Yelken Nakışlı Lakos 10-13 Yaş Tişört - Haki,299.00
Civil Boys Gamer Mode Reflektör Baskılı 2-5 Yaş Tişört - Sarı,299.00
Civil Boys Yelken Nakışlı 10-13 Yaş Tişört - Turuncu,249.99
Civil Boys N Baskılı 6-9 Yaş Tişört - Kırmızı,399.00
Civil Boys Street Baskılı 6-9 Yaş Tişört - Yeşil,199.99
Civil Boys Vısıon Baskılı 10-13 Yaş Tişört - Fil Dişi,399.00
Civil Boys Kendinden Desenli 2-5 Yaş Tişört - Gri,299.00
Civil Boys Basic Surf Etiketli 10-13 Yaş Tişört - Kırık Beyaz,199.99
Mivil Boys Bir Dakika Anne Baskılı 6-9 Yaş Tişört - Bej,109.99
Civil Boys Surf Baskılı 6-9 Yaş Tişört - Turuncu,199.99
Civil Boys Champıons Emprime 6-9 Yaş Tişört - Lacivert,299.00
Civil Boys Basic 10-13 Yaş Tişört - Mavi,199.99
Civil Boys Yelken Nakışlı 2-5 Yaş Tişört - Mavi,299.00
Civil Boys Tekerlek Baskılı 10-13 Yaş Tişört - Gri,89.99
Civil Boys Yelken Nakışlı 6-9 Yaş Tişört - Yeşil,299.00
Civil Boys Why Not Baskılı 2-5 Yaş Tişört - Sarı,189.99
Civil Boys Erkek Çocuk Renkli Premier Baskılı Sıfır Kol 10-13 Yaş Tişört - Lila,299.00
Civil Düz 3-9 Yaş Tişört - Yeşil,269.00
Civil Boys Yelken Nakışlı 6-9 Yaş Tişört - Turuncu,199.99
Civil Boys Çizgi Baskılı 6-9 Yaş Tişört - Mavi,89.99
Civil Boys Boston Baskılı 6-9 Yaş Tişört - Gri,199.99
Tazmanya Taz Baskılı 2-5 Yaş Tişört - Gri,249.99
Civil Boys Racing Baskılı Oversize 6-9 Yaş Tişört - Siyah,269.00
Civil Boys Polo Edition Nakışlı 6-9 Yaş Tişört - Siyah,349.00
Civil Boys Çizgili Süs Düğmeli 2-5 Yaş Tişört - Bej,499.00
Civil Boys Dalga Empirmeli Balık Baskılı 2-5 Yaş Tişört - Mavi,189.99
Civil Boys Erkek Çocuk Palmiye Nakışlı Polo Yaka 6-9 Yaş Tişört - Hardal,299.00
Civil Boys Yelken Nakışlı 10-13 Yaş Tişört - Mavi,249.99
Civil Boys Holıday Kamyonet Baskılı 10-13 Yaş Tişört - Ekru,219.99
Civil Boys Yelken Nakışlı Lakos 10-13 Yaş Tişört - Sarı,299.00
Civil Boys Yelken Nakışlı 2-5 Yaş Tişört - Beyaz,299.00
Civil Boys Basic Surf Etiketli 6-9 Yaş Tişört - Mavi,189.99
Civil Boys NYC Baskılı 6-9 Yaş Tişört - Gri,299.00
Civil Boys Kendinden Desenli 10-13 Yaş Tişört - Gri,449.00
Civil Boys Flamlı Yelkenli Nakışlı 6-9 Yaş Tişört - Siyah,199.99
Civil Boys Kıngs Of The Baskılı 10-13 Yaş Tişört - Beyaz,219.99
Civil Düz 3-9 Yaş Tişört - Turuncu,269.00
Civil Boys Köpekbalığı Baskılı 6-9 Yaş Tişört - Bej,199.99
Civil Boys Street Baskılı 2-5 Yaş Tişört - Pembe,189.99
Civil Boys Karalama Çizgili Empirme 2-5 Yaş Tişört - Beyaz,299.00
Civil Boys Dütdüt Baskılı 2-5 Yaş Tişört - Beyaz,249.99
Civil Boys Crazy Truck Baskılı 2-5 Yaş Tişört - Sarı,249.99
Civil Boys Surf Baskılı 2-5 Yaş Tişört - Ekru,299.00
Civil Boys Stranger Baskılı Oversize 6-9 Yaş Tişört - Yeşil,99.99
Civil Boys Yatay Dalgalı Çizgili 2-5 Yaş Tişört - Lacivert,299.00
Civil Boys Sailing Baskılı Oversize 6-9 Yaş Tişört - Fil Dişi,299.00
Civil Boys Adventure Baskılı 6-9 Yaş Tişört - Fil Dişi,399.00
Civil Boys Dont Stop Baskılı 10-13 Yaş Tişört - Gri,399.00
Civil Boys Cvl Baskılı 2-5 Yaş Tişört - Lacivert,79.99
Civil Boys Future Baskılı 10-13 Yaş Tişört - Mavi,219.99
Civil Boys Why Not Baskılı 2-5 Yaş Tişört - Yeşil,189.99
Civil Boys Kulaklık Baskılı 3'lü Set 2-5 Yaş Tişört,699.00
Civil Boys Ahtapot Baskılı 2-5 Yaş Tişört - Mavi,189.99
Civil Boys Serbest Fırça Baskılı Reglan Kol 6-9 Yaş Tişört - Haki,299.00
Civil Boys Chıcago Baskılı 6-9 Yaş Tişört - Beyaz,219.99
Civil Boys Basic Surf Etiketli 2-5 Yaş Tişört - Hardal,169.99
Civil Boys Sailing Baskılı Oversize 10-13 Yaş Tişört - Siyah,349.00
Civil Boys Kendinden Desenli 6-9 Yaş Tişört - Gri,279.00
Civil Boys Yelken Nakışlı 6-9 Yaş Tişört - Yeşil,199.99
Civil Boys Palmiye Nakışlı Polo Yaka 10-13 Yaş Tişört - Beyaz,299.00
Civil Boys Premier Top Baskılı 6-9 Yaş Tişört - Mavi,249.99
Civil Boys Basic Surf Etiketli 10-13 Yaş Tişört - Yeşil,199.99
Civil Boys Future Baskılı Oversize 10-13 Yaş Tişört - Mavi,109.99
Civil Boys Yelken Nakışlı 6-9 Yaş Tişört - Mavi,199.99
Civil Boys Bs Çizim Baskılı 6-9 Yaş Tişört - Gri,119.99
Civil Boys Yelken Nakışlı 2-5 Yaş Tişört - Turuncu,299.00
Civil Boys Yelken Nakışlı Lakos 10-13 Yaş Tişört - Gri,299.00
Civil Boys Yelken Nakışlı Lakos 6-9 Yaş Tişört - Pembe,299.00
Civil Boys Dama Desenli The Road Baskılı 2-5 Yaş Tişört - Bordo,119.99
Civil Boys N Baskılı 6-9 Yaş Tişört - Mavi,399.00
Civil Boys C 34 Bisiklet Baskılı 6-9 Yaş Tişört - Mavi,199.99
Superman Baskılı 2-5 Yaş Tişört - Ekru,69.99
Süperman Logolu 6-9 Yaş Tişört - Gri,249.99
Süperman Can Fly Baskılı 6-9 Yaş Tişört - Gri,299.00
Civil Boys Kukuli Baskılı 2-5 Yaş Tişört - Sarı,299.00
Looney Tunes Baskılı 10-13 Yaş Tişört - Siyah,99.99
Civil Boys Yelken Nakışlı 10-13 Yaş Tişört - Fil Dişi,249.99
Süperman Krypto Baskılı 2-5 Yaş Tişört - Beyaz,249.99
Civil Boys Dımensıon Baskılı 10-13 Yaş Tişört - Siyah,139.99
Civil Boys Az Us Kaktüs Baskılı 2-5 Yaş Tişört - Sarı,249.99
Civil Boys Dantel Cepli Süzine Dikişli 6-9 Yaş Tişört - Turuncu,349.00
Civil Boys Kendinden Desenli 10-13 Yaş Tişört - Bej,399.00
Civil Boys Orıgınal Baskılı Oversize 6-9 Yaş Tişört - Sarı,79.99
Civil Boys Dantel Cepli Süzine Dikişli 6-9 Yaş Tişört - Kahverengi,349.00
Civil Boys Surfer Beach Baskılı 2-5 Yaş Tişört - Mavi,189.99
Civil Boys Surfs Up Baskılı 2-5 Yaş Tişört - Siyah,189.99
Civil Boys The Road To Succes Dama Baskılı 2-5 Yaş Tişört - Mavi,219.99
Civil Boys Yelken Nakışlı Lakos 6-9 Yaş Tişört - Pudra,299.00
Civil Boys Trex Baskılı 2-5 Yaş Tişört - Ekru,189.99
Harry Potter 07 Baskılı 10-13 Yaş Tişört - Siyah,349.00
Civil Boys 1996 Armalı 6-9 Yaş Tişört - Turuncu,349.00
Civil Boys Baklava Desenli 2-5 Yaş Tişört - Kahverengi,99.99
Civil Boys Trex Baskılı 6-9 Yaş Tişört - Gri,199.99
Civil Boys Summer Baskılı 6-9 Yaş Tişört - Haki,199.99
Civil Boys Yelken Baskılı 2-5 Yaş Tişört - Beyaz,199.99
Civil Boys Desenli Cepli 6-9 Yaş Tişört - Ekru,449.00
Civil Boys Erkek Çocuk Tişört 2-5 Yaş - Turuncu,199.99
Civil Boys Renkli Premier Baskılı Sıfır Kol 6-9 Yaş Tişört - Lila,299.00
Civil Boys The Road To Succes Dama Baskılı 2-5 Yaş Tişört - Bordo,219.99
Civil Boys Serbest Fırça Baskılı Sıfır Kol 10-13 Yaş Tişört - Turuncu,249.99
Civil Boys Future Vıbes Baskılı 2-5 Yaş Tişört - Haki,189.99
Civil Boys İtfaiye Empirme 2-5 Yaş Tişört - Turuncu,169.99
Civil Boys Çizgili 2-5 Yaş Tişört - Gri,299.00
Civil Boys Newyork Baskılı 6-9 Yaş Tişört - Lila,199.99
Civil Boys Dantel Cepli Süzine Dikişli 6-9 Yaş Tişört - Mavi,349.00
Civil Boys Flamlı Yelkenli Nakışlı 2-5 Yaş Tişört - Mavi,199.99
Civil Boys Erkek Çocuk Palmiye Nakışlı Polo Yaka 2-5 Yaş Tişört - Mavi,249.99
Civil Boys Keep On Empirme Oversize 10-13 Yaş Tişört - Bej,299.00
Civil Boys Yelken Nakışlı 6-9 Yaş Tişört - Beyaz,299.00
Civil Boys Erkek Çocuk Stay Orıgınal Baskılı 2-5 Yaş Tişört - Bej,349.00
Civil Boys Dnrsn Baskılı 6-9 Yaş Tişört - Gri,399.00
Civil Boys Flamlı Yelkenli Nakışlı 2-5 Yaş Tişört - Pembe,199.99
Civil Boys Surfıng Baskılı 10-13 Yaş Tişört - Sarı,219.99
Civil Boys Çizgili Yakalı 2-5 Yaş Tişört - Kahverengi,139.99
Civil Boys Future Baskılı 10-13 Yaş Tişört - Beyaz,219.99
Civil Boys Bukalemun Baskılı 6-9 Yaş Tişört - Yeşil,249.99
Civil Boys Erkek Çocuk Palmiye Nakışlı Polo Yaka 6-9 Yaş Tişört - Mavi,299.00
Civil Boys Game On Baskılı 2-5 Yaş Tişört - Siyah,189.99
Civil Boys Dantel Cepli Süzine Dikişli 6-9 Yaş Tişört - Yeşil,349.00
Civil Boys Mohave Baskılı 2-5 Yaş Tişört - Mavi,299.00
Civil Boys The Show Must Go On Baskılı 10-13 Yaş Tişört - Haki,109.99
Civil Boys Erkek Çocuk Palmiye Nakışlı Polo Yaka 6-9 Yaş Tişört - Bej,299.00
Civil Boys Yelken Nakışlı Lakos 2-5 Yaş Tişört - Sarı,249.99
Civil Boys Never Land Baskılı 10-13 Yaş Tişört - Turuncu,219.99
Hogwarts Logo Baskılı 10-13 Yaş Tişört - Lacivert,99.99
Civil Boys Erkek Çocuk Stay Orıgınal Baskılı 2-5 Yaş Tişört - Gri,349.00
Civil Boys Basic 6-9 Yaş Tişört - Sarı,189.99
Popito Bebe Yakalı 1-4 Yaş Tişört,119.99
Civil Boys Calıfornıa Ay Baskılı 10-13 Yaş Tişört - Siyah,219.99
Civil Boys Batik Yıkama 6-9 Yaş Tişört - Siyah,449.00
Civil Boys Kukuli Baskılı 2-5 Yaş Tişört - Beyaz,299.00
Civil Boys Köpekbalığı Baskılı 2-5 Yaş Tişört - Ekru,199.99
Civil Boys Cvl Baskılı 2-5 Yaş Tişört - Kırmızı,79.99
Superman Baskılı 6-9 Yaş Tişört - Ekru,89.99
Civil Boys Sailing Baskılı Oversize 10-13 Yaş Tişört - Fil Dişi,349.00
Süperman Baskılı 6-9 Yaş Tişört - Beyaz,299.00
Civil Boys Basic Surf Etiketli 10-13 Yaş Tişört - Siyah,199.99
Civil Boys Yol Empirme 2-5 Yaş Tişört - Kırmızı,199.99
Civil Boys Çizgili 2-5 Yaş Tişört - Lacivert,299.00
Civil Boys Kabartma Çizgili 6-9 Yaş Tişört - Lacivert,349.00
Civil Boys Basic Surf Etiketli 6-9 Yaş Tişört - Kahverengi,189.99
Civil Boys Dıg It Baskılı 2-5 Yaş Tişört - Ekru,249.99
Civil Boys Gamer Mode Reflektör Baskılı Sıfır Kol 6-9 Yaş Tişört - Gri,299.00
Civil Boys Flamlı Yelkenli Nakışlı 2-5 Yaş Tişört - Bej,199.99
Harry Potter Baskılı 6-9 Yaş Tişört - Beyaz,249.99
Civil Boys Posıtıve Bisiklet Baskılı 10-13 Yaş Tişört - Pembe,219.99
Civil Boys Kamuflaj Desen Empirme Sıfır Kol 6-9 Yaş Tişört - Gri,119.99
Civil Boys Basic Surf Etiketli 6-9 Yaş Tişört - Yeşil,189.99
Civil Boys Vısıon Baskılı 6-9 Yaş Tişört - Lacivert,349.00
Spıder-Man Erkek Çocuk 2-7 Yaş Tişört - Bordo,89.99
Civil Boys Yelken Nakışlı Lakos 6-9 Yaş Tişört - Bej,299.00
Süperman Best Frıend Baskılı 2-5 Yaş Tişört - Sarı,269.00
Civil Boys Exclusıve Baskılı 10-13 Yaş Tişört - Beyaz,399.00
Süperman Baskılı 6-9 Yaş Tişört - Beyaz,269.00
Civil Boys No Problem Baskılı 6-9 Yaş Tişört - Turuncu,199.99
Civil Boys Yelken Nakışlı 10-13 Yaş Tişört - Gri,249.99
Civil Boys Yaprak Baskılı 2-5 Yaş Tişört - Yeşil,299.00
Civil Boys Yaşasın 23 Nisan Uçurtma Baskılı 3-7 Yaş Tişört - Beyaz,249.99
Civil Boys Karyoka Dikişli Cepli 2-5 Yaş Tişört - Yeşil,299.00
Civil Boys Victory Baskılı Asimetrik 6-9 Yaş Tişört - Yeşil,269.00
Civil Boys Champıons Emprime 6-9 Yaş Tişört - Bordo,299.00
Civil Boys The Losers Baskılı 6-9 Yaş Tişört - Beyaz,299.00
Civil Boys Yelken Nakışlı 10-13 Yaş Tişört - Beyaz,349.00
Civil Boys Orıgınal Baskılı Oversize 10-13 Yaş Tişört - Yeşil,89.99
Civil Boys Kartpostal Baskılı 10-13 Yaş Tişört - Turuncu,299.00
Civil Boys Champıons Baskılı 10-13 Yaş Tişört - Bordo,349.00
Civil Boys 96 Araba Baskılı 2-5 Yaş Tişört - Lacivert,189.99
Civil Boys Şeritli Oversize 6-9 Yaş Tişört - Lacivert,109.99
Civil Boys Stop Baskılı 2-5 Yaş Tişört - Lacivert,199.99
Civil Boys Kalın Çizgi Empirme 6-9 Yaş Tişört - Yeşil,269.00
Civil Boys Bıg City Dıgger Baskılı 2-5 Yaş Tişört - Gri,189.99
Civil Boys Serbest Fırça Emprimeli 10-13 Yaş Tişört - Turuncu,299.00
Civil Boys Renkli Premier Baskılı Sıfır Kol 6-9 Yaş Tişört - Mavi,299.00
Civil Boys Erkek Çocuk Tişört 2-5 Yaş - Sarı,199.99
Civil Boys Yelken Nakışlı 6-9 Yaş Tişört - Mavi,299.00
Civil Boys Erkek Çocuk Palmiye Nakışlı Polo Yaka 6-9 Yaş Tişört - Siyah,299.00
Civil Boys Batik Desenli 6-9 Yaş Tişört - Yeşil,349.00
Civil Boys Feed Us Köpek Balığı Baskılı 2-5 Yaş Tişört - Mavi,189.99
Civil Boys Basic 6-9 Yaş Tişört - Lacivert,189.99
Scooby Doo Baskılı 10-13 Yaş Tişört - Beyaz,349.00
Batman Forever Baskılı 10-13 Yaş Tişört - Siyah,349.00
Superman Logolu 6-9 Yaş Tişört - Kırmızı,249.99
Batman Baskılı Pelerinli 10-13 Yaş Tişört - Sarı,119.99
Civil Boys Basic Lakos 6-9 Yaş Tshirt - Beyaz,249.99
Civil Boys Atlanta Baskılı 10-13 Yaş Tişört - Mavi,219.99
Civil Boys Yelken Nakışlı 10-13 Yaş Tişört - Mavi,349.00
Civil Boys Erkek Çocuk Tişört 2-5 Yaş - Gri,199.99
Civil Boys Calıfornıa Baskılı 10-13 Yaş Tişört - Yeşil,219.99
Civil Boys Çizgili 2-5 Yaş Tişört - Kahve,349.00
Civil Boys Newyork Baskılı 10-13 Yaş Tişört - Haki,219.99
Civil Boys Dinozorlar Alemi Baskılı 2-5 Yaş Tişört - Ekru,169.99
Civil Boys 96 Baskılı Sıfır Kol 10-13 Yaş Tişört - Gri,89.99
Bugs Bunny Baskılı 2-5 Yaş Tişört - Gri,249.99
Civil Boys Uçak Baskılı 6-9 Yaş Tişört - Fil Dişi,299.00
Civil Boys Kulaklık Baskılı 2-5 Yaş Tişört - Yeşil,189.99
Civil Boys Tokyo Baskılı 10-13 Yaş Tişört - Ekru,219.99
Civil Boys Erkek Çocuk Palmiye Nakışlı Polo Yaka 2-5 Yaş Tişört - Gri,249.99
Civil Boys Flamlı Yelkenli Nakışlı 6-9 Yaş Tişört - Ekru,199.99
Civil Boys Street Style Emprime 6-9 Yaş Tişört - Gri,299.00
Süperman Baskılı 10-13 Yaş Tişört - Sarı,299.00
Civil Boys Cvl Caretta Baskılı 10-13 Yaş Tişört - Sarı,299.00
Civil Boys Basketball Baskılı 2-5 Yaş Tişört - Bej,219.99
Civil Boys Always Baskılı Sıfır Kol 10-13 Yaş Tişört - Lacivert,89.99
Civil Boys Basic Surf Etiketli 10-13 Yaş Tişört - Lacivert,199.99
Civil Boys Tokyo Baskılı 6-9 Yaş Tişört - Koyu Taş Rengi,199.99
Civil Boys Roar Baskılı 2-5 Yaş Tişört - Bej,189.99
Harry Potter Logo Baskılı 2-5 Yaş Tişört - Lacivert,199.99
Civil Boys Çizgili 2-5 Yaş Tişört - Beyaz,449.00
Civil Boys Oyun Konsolu Baskılı 10-13 Yaş Tişört - Lacivert,219.99
Civil Boys Kulaklık Baskılı 2-5 Yaş Tişört - Bej,189.99
Civil Boys Lets Buıld Baskılı 2-5 Yaş Tişört - Ekru,299.00
Civil Boys Flamlı Yelkenli Nakışlı 2-5 Yaş Tişört - Gri,199.99
Civil Boys FUTURE ASLAN Baskılı 10-13 Yaş Tişört - Lacivert,219.99
Civil Boys Ocean Baskılı 10-13 Yaş Tişört - Mavi,299.00
Civil Boys The Show Must Go On Baskılı 6-9 Yaş Tişört - Gri,99.99
Civil Boys Wıld Baskılı 2-5 Yaş Tişört - Ekru,249.99
Civil Boys Parça Garnili Kapşonlu 2-5 Yaş Tişört - Yeşil,249.99
Civil Boys Undergrund Baskılı 10-13 Yaş Tişört - Siyah,299.00
Civil Boys Basic 2-5 Yaş Tişört - Sarı,169.99
Civil Boys Dont Stop Baskılı 10-13 Yaş Tişört - Bej,399.00
Civil Boys Dont Stop Baskılı 6-9 Yaş Tişört - Bej,399.00
Civil Boys Relax Baskılı 6-9 Yaş Tişört - Haki,499.00
Civil Boys Newyork Baskılı 10-13 Yaş Tişört - Siyah,219.99
Civil Boys Erkek Çocuk Skater Baskılı 6-9 Yaş Tişört - Haki,199.99
Civil Boys Up Baskılı 10-13 Yaş Tişört - Haki,249.99
Civil Boys Summer Baskılı Oversize 10-13 Yaş Tişört - Yeşil,99.99
Civil Boys The More Baskılı 10-13 Yaş Tişört - Beyaz,129.99
Civil Boys Erkek Çocuk Skater Baskılı 6-9 Yaş Tişört - Mavi,199.99
Civil Boys Flamlı Yelkenli Nakışlı 6-9 Yaş Tişört - Bej,199.99
Civil Boys Stranger Baskılı Oversize 10-13 Yaş Tişört - Yeşil,109.99
Civil Boys Travel Baskılı 10-13 Yaş Tişört - Siyah,249.99
Civil Boys Yengeç Baskılı 2-5 Yaş Tişört - Kırmızı,299.00
Civil Boys Fangazine Baskılı 10-13 Yaş Tişört - Yeşil,219.99
Civil Boys Kaykay Pirana Baskılı 2-5 Yaş Tişört - Mavi,189.99
Civil Boys Adventure Baskılı 10-13 Yaş Tişört - Haki,399.00
Civil Boys Yengeç ve Balıklar Emprimeli 2-5 Yaş Tişört - Ekru,179.99
Kappa Erkek Çocuk 5-15 Yaş Tişört - Mavi,179.99
Civil Boys Surf Baskılı 2-5 Yaş Kapri - Mavi,349.00
Civil Boys Actıon Baskılı 10-13 Yaş Kapri - Beyaz,549.00
Civil Boys Kargo Cepli 2-5 Yaş Kapri - Lacivert,299.00
Civil Boys Yol Baskılı 2-5 Yaş Kapri - Mavi,349.00
Civil Boys Beli Lastikli Basic 2-5 Yaş Kapri - Gri,199.99
Civil Boys Köpek Balığı Baskılı 6-9 Yaş Şort - Mavi,249.99
Civil Boys Basic 5 Cep 6-9 Yaş Kapri - Yeşil,599.00
Civil Boys Yelken Nakışlı Süprem 10-13 Yaş Kapri - Turuncu,349.00
Civil Boys Yaprak Desenli 6-9 Yaş Şort - Ekru,499.00
Civil Boys Over Baskılı 6-9 Yaş Kapri - Gri,399.00
Civil Boys Yelkenli Nakışlı 6-9 Yaş Kapri - Siyah,549.00
Civil Boys Kargo Cepli 2-5 Yaş Kapri - Bej,299.00
Süperman Baskılı 2-5 Yaş Kapri - Lacivert,399.00
Civil Boys Dikey Batik Empirme 10-13 Yaş Kapri - Ekru,499.00
Civil Boys Yelken Nakışlı Süprem 6-9 Yaş Kapri - Lila,299.00
Civil Boys Kukuli Baskılı 2-5 Yaş Kapri - Gri,99.99
Civil Boys Sailing Baskılı 2-5 Yaş Kapri - Haki,299.00
Civil Boys Kukuli Puzzle Baskılı 2-5 Yaş Kapri - Mavi,299.00
Civil Boys Serbest Fırça Emprimeli 6-9 Yaş Şort - Turuncu,299.00
Civil Boys Surf Baskılı 6-9 Yaş Şort - Gri,249.99
Civil Boys Yelken Nakışlı Süprem 10-13 Yaş Kapri - Turuncu,349.00
Civil Boys Basic 5 Cep 6-9 Yaş Kapri - Lacivert,699.00
Civil Boys Yelken Nakışlı Süprem 10-13 Yaş Kapri - Yeşil,349.00
Civil Boys Kartpostal Baskılı 10-13 Yaş Kapri - Lacivert,399.00
Civil Boys Yelken Nakışlı Süprem 10-13 Yaş Kapri - Bej,349.00
Civil Boys Over Baskılı 6-9 Yaş Kapri - Siyah,399.00
Civil Boys Yelken Nakışlı Süprem 2-5 Yaş Kapri - Kırmızı,249.99
Civil Boys Yelken Nakışlı 2-5 Yaş Şort - Gri,249.99
Civil Boys Deep Sea Baskılı 2-5 Yaş Kapri - Lacivert,299.00
Civil Boys Pike 6-9 Yaş Şort - Siyah,449.00
Civil Boys Slopet Askılı 2-5 Yaş Kapri - Gri,399.00
Civil Boys Yelken Nakışlı Basic 2-5 Yaş Şort - Gri,249.99
Civil Boys Beli Lastikli Yan Cepli 2-5 Yaş Kapri - Haki,199.99
Civil Boys Basic 2-5 Yaş Şort - Turuncu,349.00
Civil Boys Köpek Balığı Baskılı 6-9 Yaş Şort - Mavi,249.99
Civil Boys Yelken Nakışlı Basic 6-9 Yaş Şort - Kırmızı,299.00
Civil Boys Over Baskılı 10-13 Yaş Kapri - Siyah,449.00
Civil Boys Yol Baskılı 2-5 Yaş Kapri - Turuncu,349.00
Civil Boys Süs Bağcıklı Beli Lastikli 6-9 Yaş Kapri - Bej,349.00
Civil Boys Surf Baskılı 6-9 Yaş Şort - Siyah,249.99
Civil Boys Timsah Baskılı 2-5 Yaş Şort - Gri,199.99
Civil Boys Yelken Nakışlı Basic 2-5 Yaş Şort - Turuncu,249.99
Civil Boys Cepli 2-5 Yaş Kapri - Bej,449.00
Civil Boys Retro Sufring Baskılı 2-5 Yaş Şort - Gri,199.99
Civil Boys Kapaklı Yan Cepli Beli Lastikli 2-5 Yaş Kapri - Mavi,229.99
Civil Boys Actıon Baskılı 10-13 Yaş Kapri - Yeşil,549.00
Civil Boys Sailing Baskılı 10-13 Yaş Kapri - Haki,349.00
Civil Boys New York Baskılı 10-13 Yaş Kapri - Siyah,399.00
Civil Boys Yelken Nakışlı Süprem 2-5 Yaş Kapri - Lacivert,249.99
Civil Boys Premier Etiketli 10-13 Yaş Şort - Mavi,499.00
Civil Boys Yelken Nakışlı 10-13 Yaş Şort - Haki,299.00
Civil Boys Pike 2-5 Yaş Şort - Siyah,399.00
Civil Boys Kabartma Çizgili 6-9 Yaş Şort - Turuncu,299.00
Civil Boys Çizgi Space Empirme 2-5 Yaş Kapri - Mavi,199.99
Civil Boys Bağcıklı Basic 2-5 Yaş Şort - Gri,399.00
Civil Boys Kargo Cepli 2-5 Yaş Kapri - Gri,299.00
Civil Boys Pirana Kaykay Baskılı 2-5 Yaş Şort - Sarı,199.99
Civil Boys Yelken Nakışlı 2-5 Yaş Şort - Bej,249.99
Civil Boys Yaprak Desenli 6-9 Yaş Şort - Kahve,549.00
Civil Boys Basic 5 Cep 2-5 Yaş Kapri - Bej,599.00
Civil Boys Surfer Dino 2-5 Yaş Şort - Gri,199.99
Civil Boys Kendinden Desenli 2-5 Yaş Şort - Bej,349.00
Civil Boys Champıons Baskılı 10-13 Yaş Kapri - Bordo,449.00
Civil Boys Çizgili 6-9 Yaş Şort - Gri,349.00
Civil Boys Serbest Fırça Emprimeli 10-13 Yaş Şort - Haki,349.00
Civil Boys Yelken Nakışlı Basic 10-13 Yaş Şort - Mavi,299.00
Civil Boys Sailing Baskılı 2-5 Yaş Kapri - Bordo,299.00
Civil Boys Yelken Nakışlı Süprem 2-5 Yaş Kapri - Yeşil,249.99
Civil Boys Yengeç Baskılı 2-5 Yaş Kapri - Lacivert,299.00
Civil Boys Çift Cepli 2-5 Yaş Şort - Kırmızı,169.99
Batman Baskılı 10-13 Yaş Kapri - Mavi,399.00
Civil Boys Yelken Nakışlı Süprem 2-5 Yaş Kapri - Mavi,249.99
Kukuli Dütdüt Baskılı 2-5 Yaş Kapri - Lacivert,99.99
Civil Boys Beli Lastikli 2-5 Yaş Kapri - Hardal,159.99
Civil Boys Futbol Topu Baskılı 6-9 Yaş Şort - Siyah,249.99
Civil Boys Yelken Nakışlı Basic 10-13 Yaş Şort - Turuncu,299.00
Civil Boys Basic 5 Cep 10-13 Yaş Kapri - Beyaz,599.00
Civil Boys Safari Hayvanlar Empirme 2-5 Yaş Şort - Bej,199.99
Civil Boys Kukuli Baskılı 2-5 Yaş Kapri - Lacivert,299.00
Civil Boys Çift Cepli 2-5 Yaş Şort - Siyah,169.99
Civil Boys Etnik Desen Empirme 2-5 Yaş Şort - Kahve,139.99
Civil Boys Yelken Nakışlı Basic 10-13 Yaş Şort - Gri,299.00
Civil Boys Geometrik Empirme Desenli 2-5 Yaş Şort - Ekru,269.00
Civil Boys Beli Lastikli Kapak Cepli 2-5 Yaş Kapri - Bej,199.99
Civil Boys Klasik Kapri 2-5 Yaş Kapri - Kırmızı,549.00
Civil Boys Çift Cepli 2-5 Yaş Şort - Gri,169.99
Civil Boys Sailing Baskılı 2-5 Yaş Kapri - Yeşil,299.00
Civil Boys Çizgili 2-5 Yaş Şort - Gri,299.00
Civil Boys Sarmaşık Desenli 2-5 Yaş Kapri - Ekru,399.00
Civil Boys Renkli Balıklar Empirme 2-5 Yaş Şort - Mavi,249.99
Civil Boys Yelken Nakışlı Süprem 2-5 Yaş Kapri - Bej,249.99
Civil Boys Yelken Nakışlı Süprem 2-5 Yaş Kapri - Lila,249.99
Civil Boys Yaprak Nakışlı 2-5 Yaş Kapri - Haki,299.00
Civil Boys Bağcıklı Basic 2-5 Yaş Şort - Siyah,399.00
Civil Boys Dama Alev Baskılı 10-13 Yaş Şort - Mavi,349.00
Civil Boys Karalama Hayvanlar Empirme 2-5 Yaş Kapri - Ekru,199.99
Civil Boys Basic 5 Cep 6-9 Yaş Kapri - Siyah,599.00
Civil Boys Yelken Nakışlı Basic 2-5 Yaş Şort - Turuncu,249.99
Civil Boys Yelken Nakışlı 6-9 Yaş Şort - Lacivert,299.00
Civil Boys Köpek Balığı Baskılı 2-5 Yaş Şort - Mavi,199.99
Civil Boys Yelken Nakışlı Süprem 6-9 Yaş Kapri - Lacivert,299.00
Civil Boys Etnik Desen Empirme 2-5 Yaş Şort - Turuncu,139.99
Civil Boys Köpek Balığı Baskılı 2-5 Yaş Şort - Turuncu,199.99
Civil Boys Kargo Cepli 2-5 Yaş Kapri - Siyah,299.00
Civil Boys Çift Cepli 2-5 Yaş Şort - Mavi,169.99
Civil Boys Çizgili 6-9 Yaş Şort - Lacivert,349.00
Civil Boys Karalama Hayvanlar Baskılı 2-5 Yaş Şort - Turuncu,249.99
Civil Boys Pike 10-13 Yaş Şort - Bej,499.00
Civil Boys Üç Çizgi Emprime 10-13 Yaş Kapri - Haki,499.00
Civil Boys Çizgi Baskılı 6-9 Yaş Kapri - Lacivert,349.00
Civil Boys Yelken Nakışlı Basic 6-9 Yaş Şort - Bej,299.00
Civil Boys Kendinden Desenli 6-9 Yaş Şort - Ekru,549.00
Civil Boys Üç Çizgi Emprime 6-9 Yaş Kapri - Haki,449.00
Civil Boys Bisiklet Nakışlı 2-5 Yaş Kapri - Mavi,119.99
Civil Boys Serbest Fırça Baskılı 6-9 Yaş Kapri - Turuncu,349.00
Civil Boys Sailing Baskılı 2-5 Yaş Kapri - Fil Dişi,299.00
Civil Boys Dama Alev Baskılı 6-9 Yaş Şort - Siyah,299.00
Civil Boys Yazı Baskılı Biyeli 6-9 Yaş Kapri - Gri,549.00
Civil Boys Serbest Fırça Emprimeli 10-13 Yaş Şort - Turuncu,349.00
Superman Baskılı 10-13 Yaş Şort - Sarı,399.00
Civil Boys Slopet Askılı 2-5 Yaş Kapri - Bej,399.00
Civil Boys Dütdüt Baskılı 2-5 Yaş Kapri - Sarı,299.00
Civil Boys Surfboard Baskılı 2-5 Yaş Şort - Sarı,299.00
Civil Boys Yelken Nakışlı Süprem 2-5 Yaş Kapri - Haki,249.99
Süperman Logolu 6-9 Yaş Kapri - Gri,399.00
Civil Boys Retro Sufring Baskılı 2-5 Yaş Şort - Sarı,199.99
Civil Boys Yelken Nakışlı 2-5 Yaş Şort - Kırmızı,249.99
Civil Boys Actıon Baskılı 6-9 Yaş Kapri - Yeşil,499.00
Civil Boys Future Şeritli 10-13 Yaş Kapri - Siyah,179.99
Civil Boys Yelken Nakışlı Basic 2-5 Yaş Şort - Lila,249.99
Civil Boys Çizgili 6-9 Yaş Şort - Bej,699.00
Civil Boys Kendinden Desenli 2-5 Yaş Kapri - Bej,449.00
Civil Boys Kukuli Baskılı 2-5 Yaş Kapri - Bej,99.99
Civil Boys Pike 2-5 Yaş Şort - Bej,399.00
Civil Boys Surfers Beach Baskılı 2-5 Yaş Şort - Mavi,199.99
Civil Boys Kargo Cepli 6-9 Yaş Kapri - Kahve,349.00
Civil Boys Basic 5 Cep 2-5 Yaş Kapri - Beyaz,699.00
Civil Boys Yaprak Baskılı 2-5 Yaş Şort - Kırmızı,299.00
Civil Boys Timsah Baskılı 2-5 Yaş Şort - Sarı,199.99
Civil Boys Yelken Nakışlı 6-9 Yaş Şort - Gri,299.00
Civil Boys Basic 2-5 Yaş Şort - Yeşil,349.00
Civil Boys 96 Nakışlı 6-9 Yaş Kapri - Lacivert,499.00
Civil Boys Yelken Nakışlı Süprem 6-9 Yaş Kapri - Gri,299.00
Civil Boys Batik Desenli 6-9 Yaş Şort - Yeşil,349.00
Civil Boys Pike 6-9 Yaş Şort - Gri,449.00
Civil Boys Renkli Balıklar Empirme 2-5 Yaş Şort - Bej,249.99
Civil Boys Kaplumbağa Baskılı 2-5 Yaş Şort - Fil Dişi,299.00
Civil Boys Champıons Emprime 6-9 Yaş Şort - Lacivert,399.00
Civil Boys Dütdüt Speed Baskılı 2-5 Yaş Kapri - Kırmızı,299.00
Civil Boys Basıc 6-9 Yaş Kapri - Haki,199.99
Civil Boys Fok Baskılı 2-5 Yaş Kapri - Lacivert,79.99
Civil Boys Street Style Emprime 10-13 Yaş Şort - Gri,399.00
Civil Boys Kargo Cepli 2-5 Yaş Kapri - Kahve,299.00
Civil Boys Street Style Emprime 6-9 Yaş Kapri - Gri,399.00
Civil Boys Çizgili 2-5 Yaş Kapri - Haki,299.00
Civil Boys Dama Alev Baskılı 6-9 Yaş Şort - Mavi,299.00
Civil Boys Premier Etiketli 6-9 Yaş Şort - Lacivert,499.00
Civil Boys Champıons Baskılı 6-9 Yaş Kapri - Bordo,399.00
Civil Boys Kargo Cepli 6-9 Yaş Kapri - Bej,349.00
Civil Boys Beli Lastikli Yan Cepli 2-5 Yaş Kapri - Bej,199.99
Civil Boys Hayvanlar Baskılı 2-5 Yaş Kapri - Sarı,249.99
Civil Boys Kargo Cepli 6-9 Yaş Kapri - Haki,349.00
Civil Boys Slopet Askılı 2-5 Yaş Kapri - Haki,399.00
Civil Boys Yol Empirme 2-5 Yaş Şort - Kırmızı,249.99
Civil Boys Yelken Nakışlı 6-9 Yaş Şort - Haki,299.00
Civil Boys Kargo Cepli 10-13 Yaş Kapri - Siyah,499.00
Civil Boys Yelken Nakışlı Süprem 10-13 Yaş Kapri - Siyah,349.00
Civil Boys Cepli 2-5 Yaş Kapri - Gri,449.00
Süperman Baskılı 6-9 Yaş Kapri - Lacivert,399.00
Civil Boys Surfer Dino 2-5 Yaş Şort - Mavi,199.99
Süperman Baskılı 10-13 Yaş Kapri - Lacivert,449.00
Civil Boys New York Baskılı 6-9 Yaş Kapri - Siyah,349.00
Civil Boys Lets Buıld İş Makinaları Emrpime 2-5 Yaş Kapri - Lacivert,249.99
Civil Boys Pike 6-9 Yaş Şort - Bej,449.00
Civil Boys Yelken Nakışlı 10-13 Yaş Şort - Gri,299.00
Civil Boys Kukuli Baskılı 2-5 Yaş Kapri - Gri,299.00
Civil Boys Serbest Fırça Baskılı 6-9 Yaş Kapri - Haki,349.00
Civil Boys Sailing Baskılı 6-9 Yaş Kapri - Fil Dişi,299.00
Civil Boys Kargo Cepli 10-13 Yaş Kapri - Bej,349.00
Civil Boys Basic 5 Cep 6-9 Yaş Kapri - Beyaz,699.00
Civil Boys Champıons Baskılı 6-9 Yaş Kapri - Lacivert,399.00
Civil Boys Actıon Baskılı 6-9 Yaş Kapri - Beyaz,499.00
Civil Boys Graffiti Empirme 10-13 Yaş Şort - Siyah,349.00
Civil Boys Yelken Nakışlı 6-9 Yaş Şort - Siyah,299.00
Civil Boys Cepli 2-5 Yaş Kapri - Haki,449.00
Civil Boys Kargo Cepli 10-13 Yaş Kapri - Haki,499.00
Civil Boys Çizgili 2-5 Yaş Kapri - Gri,299.00
Civil Boys Serbest Fırça Emprimeli 6-9 Yaş Şort - Haki,299.00
Civil Boys Yelken Nakışlı Süprem 2-5 Yaş Kapri - Yeşil,249.99
Civil Boys Sailing Baskılı 2-5 Yaş Kapri - Siyah,299.00
Civil Boys Yelkenli Nakışlı 2-5 Yaş Kapri - Bej,549.00
Civil Boys Kartpostal Baskılı 6-9 Yaş Kapri - Bej,349.00
Civil Boys Fermuarlı Cepli 2-5 Yaş Kapri - Haki,179.99
Civil Boys Yelken Nakışlı 2-5 Yaş Şort - Turuncu,249.99
Civil Boys Basic 5 Cep 6-9 Yaş Kapri - Gri,599.00
Civil Boys Slopet Askılı 2-5 Yaş Kapri - Mavi,399.00
Civil Boys Cepli 2-5 Yaş Kapri - Mavi,449.00
Civil Boys Sailing Baskılı 10-13 Yaş Kapri - Turuncu,349.00
Civil Boys Kendinden Desenli Cepli 2-5 Yaş Kapri - Bej,319.00
Civil Boys Papağan Baskılı 2-5 Yaş Şort - Yeşil,129.99
Civil Boys Kaplumbağa Baskılı 2-5 Yaş Şort - Mavi,299.00
Civil Boys Kartpostal Baskılı 6-9 Yaş Kapri - Lacivert,349.00
Civil Boys Çift Cepli 2-5 Yaş Şort - Mavi,169.99
Civil Boys Yelken Nakışlı 6-9 Yaş Şort - Mavi,299.00
Civil Boys Bıg City Dıgger Baskılı 2-5 Yaş Kapri - Gri,79.99
Civil Boys Yelken Nakışlı 10-13 Yaş Şort - Siyah,299.00
Civil Boys Beli Lastikli Yan Cepli 2-5 Yaş Kapri - Siyah,199.99
Civil Boys Pike 2-5 Yaş Şort - Gri,399.00
Civil Boys Kabartma Çizgili 2-5 Yaş Şort - Lacivert,249.99
Civil Boys Çizgili 2-5 Yaş Kapri - Bej,699.00
Civil Boys Premier Etiketli 10-13 Yaş Şort - Lacivert,499.00
Civil Boys Hayvanlar Baskılı 2-5 Yaş Kapri - Kırmızı,249.99
Civil Boys Yelken Nakışlı Süprem 6-9 Yaş Kapri - Gri,299.00
Civil Boys Fermuarlı Cepli 2-5 Yaş Kapri - Turuncu,179.99
Süperman Logolu 10-13 Yaş Kapri - Gri,499.00
Civil Boys Klasik Kapri 6-9 Yaş Kapri - Kırmızı,549.00
Civil Boys Yelken Nakışlı 2-5 Yaş Şort - Haki,249.99
Civil Boys Yelken Nakışlı Basic 10-13 Yaş Şort - Haki,299.00
Civil Boys Yelken Nakışlı Süprem 2-5 Yaş Kapri - Gri,249.99
Civil Boys Yaprak Baskılı 2-5 Yaş Şort - Yeşil,299.00
Civil Boys Surf Wave Baskılı 2-5 Yaş Şort - Mavi,249.99
Civil Boys Yelken Nakışlı 2-5 Yaş Şort - Mavi,249.99
Civil Boys Garnili Fermuarlı 6-9 Yaş Kapri - Siyah,449.00
Civil Boys Yol Empirme 2-5 Yaş Şort - Hardal,249.99
Civil Boys Awesome Baskılı 2-5 Yaş Şort - Mavi,199.99
Civil Boys İtfaiyeci Dinolar Baskılı 2-5 Yaş Şort - Bej,249.99
Civil Boys Serbest Fırça Baskılı 10-13 Yaş Kapri - Turuncu,399.00
Civil Boys Street Style Emprime 6-9 Yaş Şort - Gri,349.00
Civil Boys Futbol Topu Baskılı 6-9 Yaş Şort - Turuncu,249.99
Civil Boys Yazı Baskılı Biyeli 10-13 Yaş Kapri - Gri,599.00
Civil Boys Çift Cepli 2-5 Yaş Şort - Lacivert,169.99
Civil Boys Slopet Askılı 2-5 Yaş Kapri - Gri,399.00
Civil Boys Çizgi Space Empirme 2-5 Yaş Kapri - Siyah,199.99
Süperman Logolu 2-5 Yaş Kapri - Mavi,399.00
Civil Boys Kargo Cepli 6-9 Yaş Kapri - Siyah,449.00
Civil Boys Yazı Baskılı Biyeli 10-13 Yaş Kapri - Gri,599.00
Civil Boys Yelken Nakışlı Süprem 6-9 Yaş Kapri - Yeşil,299.00
Civil Boys Sevimli Amazon Hayvanlar Empirme 2-5 Yaş Şort - Beyaz,249.99
Civil Boys Yelken Nakışlı Basic 6-9 Yaş Şort - Gri,299.00
Civil Boys Kabartma Çizgili 2-5 Yaş Şort - Hardal,249.99
Civil Boys Cepli Süs Bağcıklı 6-9 Yaş Şort - Mavi,549.00
Civil Boys Yelken Nakışlı Basic 6-9 Yaş Şort - Mavi,299.00
Civil Boys Pike 10-13 Yaş Şort - Gri,499.00
Süperman Baskılı 10-13 Yaş Kapri - Gri,449.00
Civil Boys Yelken Nakışlı Süprem 2-5 Yaş Kapri - Siyah,249.99
Civil Boys Yelken Nakışlı 2-5 Yaş Şort - Sarı,249.99
Civil Boys Yelken Nakışlı Süprem 2-5 Yaş Kapri - Mavi,249.99
Civil Boys Süs Bağcıklı Beli Lastikli 2-5 Yaş Kapri - Bej,299.00
Civil Boys Sıçratma Dino Baskılı Empirme 2-5 Yaş Şort - Lacivert,249.99
Civil Boys Relax Baskılı 6-9 Yaş Kapri - Bej,549.00
Civil Boys Yaprak Baskılı 2-5 Yaş Kapri - Haki,399.00
Kukuli Dütdüt Baskılı 2-5 Yaş Kapri - Gri,99.99
Civil Boys Dütdüt Baskılı 2-5 Yaş Kapri - Lacivert,299.00
Civil Boys Yelken Nakışlı Basic 10-13 Yaş Şort - Gri,299.00
Civil Boys Yelkenli Nakışlı 10-13 Yaş Kapri - Siyah,549.00
Civil Boys Basıc 6-9 Yaş Kapri - Turuncu,149.99
Civil Boys Kabartma Çizgili 6-9 Yaş Şort - Lacivert,299.00
Civil Boys Beli Lastikli Basic 2-5 Yaş Kapri - Mavi,199.99
Civil Boys Yelken Nakışlı Basic 6-9 Yaş Şort - Turuncu,299.00
Superman Baskılı 6-9 Yaş Şort - Sarı,349.00
Civil Boys Yelken Nakışlı Süprem 6-9 Yaş Kapri - Mavi,299.00
Civil Boys Lets Buıld İş Makinaları Emprime 2-5 Yaş Şort - Lacivert,199.99
Civil Boys Sevimli Amazon Hayvanlar Empirme 2-5 Yaş Şort - Mavi,249.99
Civil Boys Kargo Cepli 10-13 Yaş Kapri - Gri,349.00
Civil Boys Yelken Nakışlı 6-9 Yaş Şort - Bej,299.00
Süperman Baskılı 6-9 Yaş Kapri - Gri,399.00
Civil Boys Çizgi Baskılı 6-9 Yaş Kapri - Siyah,349.00
Civil Boys On - Off Reflektör Baskılı 6-9 Yaş Kapri - Gri,299.00
Civil Boys Yelken Nakışlı Basic 2-5 Yaş Şort - Gri,249.99
Civil Boys Bisiklet Nakışlı 2-5 Yaş Kapri - Sarı,119.99
Civil Boys Athletıc Etiketli 6-9 Yaş Kapri - Yeşil,499.00
Civil Boys Yelken Nakışlı Basic 6-9 Yaş Şort - Lila,299.00
Civil Boys Slopet Askılı 2-5 Yaş Kapri - Bej,399.00
Civil Boys Kargo Cepli 6-9 Yaş Kapri - Siyah,349.00
Civil Boys Yengeç ve Balıklar Emprimeli 2-5 Yaş Şort - Ekru,149.99
Civil Boys Yelken Nakışlı Süprem 2-5 Yaş Kapri - Turuncu,249.99
Civil Boys Awesome Baskılı 2-5 Yaş Şort - Gri,199.99
Civil Boys Yelken Nakışlı 6-9 Yaş Şort - Turuncu,299.00
Civil Boys Over Baskılı 10-13 Yaş Kapri - Gri,449.00
Civil Boys Basic 5 Cep 2-5 Yaş Kapri - Lacivert,699.00
Civil Boys Champıons Emprime 10-13 Yaş Şort - Lacivert,449.00
Civil Boys Yelkenli Nakışlı 2-5 Yaş Kapri - Siyah,549.00
Civil Boys Bythe Sea Baskılı 2-5 Yaş Kapri - Mavi,349.00
Civil Boys Yelken Nakışlı Süprem 6-9 Yaş Kapri - Siyah,299.00
Civil Boys Yelkenli Nakışlı 2-5 Yaş Kapri - Mavi,549.00
Civil Boys Yelken Nakışlı Süprem 2-5 Yaş Kapri - Turuncu,249.99
Civil Boys Yelken Nakışlı Süprem 6-9 Yaş Kapri - Turuncu,299.00
Civil Boys Yelken Nakışlı Süprem 6-9 Yaş Kapri - Mavi,299.00
Civil Boys Yelken Nakışlı 2-5 Yaş Şort - Mavi,249.99
Civil Boys Çizgili 6-9 Yaş Kapri - Gri,319.00
Civil Boys Çizgili 2-5 Yaş Kapri - Lacivert,699.00
Civil Boys Yelken Nakışlı Süprem 6-9 Yaş Kapri - Bej,299.00
Civil Boys Bağcıklı Basic 2-5 Yaş Şort - Yeşil,399.00
Civil Boys Yelken Nakışlı Süprem 10-13 Yaş Kapri - Gri,349.00
Civil Boys Basic 5 Cep 2-5 Yaş Kapri - Bej,599.00
Civil Boys Surfers Beach Baskılı 2-5 Yaş Şort - Turuncu,199.99
Civil Boys Yelken Nakışlı Basic 6-9 Yaş Şort - Yeşil,299.00
Civil Boys Sailing Baskılı 6-9 Yaş Kapri - Siyah,299.00
Civil Boys Dama Alev Baskılı 10-13 Yaş Şort - Siyah,349.00
Civil Boys Sailing Baskılı 2-5 Yaş Kapri - Turuncu,299.00
Civil Boys Sailing Baskılı 10-13 Yaş Kapri - Siyah,349.00
Civil Boys Yelkenli Baskılı 2-5 Yaş Kapri - Sarı,199.99
Civil Boys Çizgili 2-5 Yaş Şort - Lacivert,299.00
Civil Boys Klasik Kapri 2-5 Yaş Kapri - Lacivert,549.00
Civil Boys On - Off Reflektör Baskılı 10-13 Yaş Kapri - Siyah,299.00
Civil Boys On - Off Reflektör Baskılı 10-13 Yaş Kapri - Gri,299.00
Civil Boys Yelken Nakışlı Basic 6-9 Yaş Şort - Gri,299.00
Civil Boys İtfaiye Empirme 2-5 Yaş Şort - Turuncu,199.99
Süperman Logolu 6-9 Yaş Kapri - Mavi,399.00
Civil Boys College Sports Empirme 6-9 Yaş Şort - Lacivert,249.99
Civil Boys On - Off Reflektör Baskılı 2-5 Yaş Kapri - Gri,249.99
Civil Boys Basic 5 Cep 10-13 Yaş Kapri - Yeşil,599.00
Civil Boys Premier Etiketli 6-9 Yaş Şort - Mavi,499.00
Civil Boys Çizgili 2-5 Yaş Kapri - Haki,699.00
Civil Boys Kabartma Çizgili 2-5 Yaş Şort - Turuncu,249.99
Civil Boys Serbest Fırça Baskılı 10-13 Yaş Kapri - Haki,399.00
Civil Boys Yelken Nakışlı Basic 2-5 Yaş Şort - Bej,249.99
Civil Boys On - Off Reflektör Baskılı 6-9 Yaş Kapri - Siyah,299.00
Civil Boys Çift Cepli 2-5 Yaş Şort - Gri,169.99
Süperman Logolu 2-5 Yaş Kapri - Gri,399.00
Civil Boys Surfboard Baskılı 2-5 Yaş Kapri - Mavi,349.00
Civil Boys Yelken Nakışlı Basic 10-13 Yaş Şort - Yeşil,299.00
Civil Boys Safari Hayvanlar Baskılı 2-5 Yaş Kapri - Haki,299.00
Civil Boys Yelken Nakışlı 10-13 Yaş Şort - Bej,299.00
Batman Baskılı 6-9 Yaş Kapri - Mavi,349.00
Civil Boys 3'lü Set 2-5 Yaş Şort,599.00
Civil Boys Slopet Askılı 2-5 Yaş Kapri - Mavi,399.00
Civil Boys Kargo Cepli 2-5 Yaş Kapri - Haki,299.00
Civil Boys Dinozor Göz Baskılı 2-5 Yaş Kapri - Yeşil,349.00
Civil Boys Pirana Kaykay Baskılı 2-5 Yaş Şort - Mavi,199.99
Civil Boys Yelken Nakışlı 2-5 Yaş Şort - Lacivert,249.99
Civil Boys Fermuarlı Cep Detaylı 10-13 Yaş Kapri - Gri,249.99
Civil Boys Kendinden Desenli 6-9 Yaş Şort - Mavi,549.00
Civil Boys Champıons Emprime 10-13 Yaş Şort - Bordo,449.00
Civil Boys Kargo Cepli 10-13 Yaş Kapri - Siyah,349.00
Civil Boys Çift Cepli 2-5 Yaş Şort - Turuncu,169.99
Civil Boys Kargo Cepli 2-5 Yaş Kapri - Gri,299.00
Civil Boys Kargo Cepli 10-13 Yaş Kapri - Haki,349.00
Civil Boys Kabartma Çizgili 6-9 Yaş Şort - Hardal,299.00
Civil Boys Sailing Baskılı 6-9 Yaş Kapri - Mavi,299.00
Civil Boys Yelken Nakışlı Süprem 6-9 Yaş Kapri - Haki,299.00
Civil Boys Yazı Baskılı Biyeli 6-9 Yaş Kapri - Gri,549.00
Civil Boys Graffiti Empirme 6-9 Yaş Şort - Siyah,299.00
Civil Boys Çizgili 6-9 Yaş Kapri - Haki,319.00
Civil Boys NY Baskılı 6-9 Yaş Kapri - Siyah,499.00
Civil Boys Erkek Çocuk Şort 2-5 Yaş - Sarı,499.00
Civil Boys Batik Desenli 6-9 Yaş Şort - Fil Dişi,349.00
Civil Boys Basic 5 Cep 2-5 Yaş Kapri - Yeşil,599.00
Civil Boys Champıons Emprime 6-9 Yaş Şort - Bordo,399.00
Civil Boys Street Style Emprime 10-13 Yaş Kapri - Gri,449.00
Civil Boys Yelken Nakışlı Süprem 10-13 Yaş Kapri - Lila,349.00
Civil Boys Kargo Cepli 6-9 Yaş Kapri - Lacivert,349.00
Civil Boys Bağcıklı Basic 2-5 Yaş Şort - Bej,399.00
Civil Boys Yelken Nakışlı Basic 6-9 Yaş Şort - Haki,299.00
Civil Boys Sailing Baskılı 6-9 Yaş Kapri - Haki,299.00
Civil Boys Yelken Nakışlı Süprem 10-13 Yaş Kapri - Mavi,349.00
Civil Boys Kargo Cepli 6-9 Yaş Kapri - Gri,349.00
Civil Boys Yelken Nakışlı Basic 2-5 Yaş Şort - Yeşil,249.99
Civil Boys Champıons Baskılı 10-13 Yaş Kapri - Lacivert,449.00
Süperman Logolu 10-13 Yaş Kapri - Mavi,499.00
Civil Boys Kargo Cepli 10-13 Yaş Kapri - Lacivert,349.00
Civil Boys Beli Lastikli 2-5 Yaş Kapri - Lacivert,119.99
Civil Boys Basic 5 Cep 10-13 Yaş Kapri - Bej,599.00
Civil Boys Kargo Cepli 6-9 Yaş Kapri - Haki,449.00
Civil Boys Kargo Cepli 6-9 Yaş Kapri - Gri,349.00
Civil Boys Yelken Nakışlı Süprem 2-5 Yaş Kapri - Gri,249.99
Civil Boys Kartpostal Baskılı 10-13 Yaş Kapri - Bej,399.00
Civil Boys Slopet Askılı 2-5 Yaş Kapri - Mavi,399.00
Civil Boys Yelken Nakışlı Basic 6-9 Yaş Şort - Turuncu,299.00
Civil Boys Sailing Baskılı 2-5 Yaş Kapri - Mavi,299.00
Civil Boys Yelken Nakışlı Süprem 10-13 Yaş Kapri - Haki,349.00
Civil Boys Basic 5 Cep 2-5 Yaş Kapri - Gri,599.00
Civil Boys Yelken Nakışlı 2-5 Yaş Şort - Turuncu,249.99
Civil Boys Sailing Baskılı 10-13 Yaş Kapri - Fil Dişi,349.00
Civil Boys Yelken Nakışlı Süprem 6-9 Yaş Kapri - Turuncu,299.00
Civil Boys Karalama Hayvanlar Empirme 2-5 Yaş Kapri - Gri,199.99
Civil Boys Yelken Nakışlı Süprem 10-13 Yaş Kapri - Gri,349.00
Civil Boys Yelken Nakışlı 2-5 Yaş Şort - Siyah,249.99
Civil Boys Yelken Nakışlı Basic 2-5 Yaş Şort - Mavi,249.99
Civil Boys Çizgili 10-13 Yaş Kapri - Bej,699.00
Civil Boys Yelken Nakışlı Basic 2-5 Yaş Şort - Kırmızı,249.99
Süperman Efetli Logo Baskılı 10-13 Yaş Kapri - Siyah,149.99
Civil Boys Basic 5 Cep 6-9 Yaş Kapri - Bej,599.00
Civil Boys Deep Sea Baskılı 2-5 Yaş Kapri - Mavi,299.00
Süperman Baskılı 2-5 Yaş Kapri - Gri,399.00
Civil Boys Dikey Batik Empirme 6-9 Yaş Kapri - Ekru,449.00
Civil Boys Basic 5 Cep 2-5 Yaş Kapri - Siyah,599.00
Civil Boys Sailing Baskılı 6-9 Yaş Kapri - Turuncu,299.00
Civil Boys Yelken Nakışlı Süprem 6-9 Yaş Kapri - Yeşil,299.00
Civil Boys Yelken Nakışlı Basic 2-5 Yaş Şort - Haki,249.99
Civil Boys Basic 5 Cep 6-9 Yaş Kapri - Bej,599.00
Civil Boys Yelken Nakışlı Basic 10-13 Yaş Şort - Bej,299.00
Civil Boys Yelken Nakışlı 6-9 Yaş Şort - Kırmızı,299.00
Civil Boys Basic 5 Cep 10-13 Yaş Kapri - Siyah,599.00
Civil Boys Bağcıklı Basic 2-5 Yaş Şort - Mavi,399.00
Civil Boys 8 Desenli 10-13 Yaş Kazak - Lacivert,149.99
Civil Boys 10-13 Yaş Kazak - Yeşil,199.99
Civil Boys 10-13 Yaş Kazak - Bordo,199.99
Civil Boys Etnik Desenli Bisiklet Yaka 2-5 Yaş Kazak - Gri,249.99
Civil Boys 6-9 Yaş Kazak - Yeşil,199.99
Civil Boys Fermuarlı Örgü Desenli 10-13 Yaş Kazak - Bordo,149.99
Civil Boys Renkli Çizgili 6-9 Yaş Kazak - Turuncu,219.99
Civil Boys Basic 6-9 Yaş Kazak - Bej,199.99
Civil Boys Kaplan C Nakışlı 2-5 Yaş Kazak - Lacivert,299.00
Civil Boys Çizgili 2-5 Yaş Kazak - Bej,199.99
Civil Boys Pike Örgülü 2-5 Yaş Kazak - Bej,169.99
Civil Boys 10-13 Yaş Kazak - Bej,199.99
Civil Boys Çizgili Cepli 2-5 Yaş Kazak - Lacivert,169.99
Civil Boys 6-9 Yaş Kazak - Turuncu,199.99
Civil Boys Saç Örgülü Boğazlı 6-9 Yaş Kazak - Ekru,169.99
Civil Boys Basic 10-13 Yaş Kazak - Yeşil,199.99
Civil Boys Basic 6-9 Yaş Kazak - Yeşil,199.99
Civil Boys Çizgili 2-5 Yaş Kazak - Yeşil,199.99
Civil Boys Super Tiger Nakışlı 2-5 Yaş Kazak - Gri,129.99
Civil Boys Fermuarlı Örgü Desenli 10-13 Yaş Kazak - Bej,149.99
Civil Boys Çizgili 2-5 Yaş Kazak - Lacivert,199.99
Civil Boys Petek Örgülü Cepli 2-5 Yaş Süeter - Mavi,79.99
Civil Boys Good Journey Kapşonlu 2-5 Yaş Kazak - Lacivert,99.99
Civil Boys İnce Çizgili 6-9 Yaş Kazak - Turuncu,99.99
Civil Boys Hasır Desen Çizgili 6-9 Yaş Kazak - Lacivert,199.99
Civil Boys İnce Çizgili 2-5 Yaş Kazak - Lacivert,99.99
Civil Boys Örgü Desenli 2-5 Yaş Kazak - Mavi,99.99
Civil Boys 6-9 Yaş Kazak - Lacivert,199.99
Civil Boys 2-5 Yaş Kazak - Kahverengi,199.99
Civil Boys Saç Örgülü Boğazlı 6-9 Yaş Kazak - Bej,169.99
Civil Boys Köpek Nakışlı 2-5 Yaş Süeter - Bej,89.99
Civil Boys Petek Örgülü Cepli 2-5 Yaş Süeter - Bej,79.99
Civil Boys 6-9 Yaş Kazak - Yeşil,199.99
Civil Boys Kalın Çizgili 6-9 Yaş Kazak - Lacivert,169.99
Civil Boys Köpek Nakışlı 2-5 Yaş Kazak - Lacivert,169.99
Civil Boys Zikzak Desenli 10-13 Yaş Kazak - Gri,199.99
Montella Kalın Çizgili 1-5 Yaş Kazak - Bej,249.99
Montella Parça Desenli Çizgili 6-10 Yaş Kazak - Gri,299.00
Civil Boys Aslan Nakışlı Bisiklet Yaka 2-5 Yaş Kazak - Turuncu,249.99
Civil Boys Renk Geçişli 6-9 Yaş Kazak - Kahverengi,399.00
Civil Boys İnce Çizgili Kazak 6-9 Yaş Kazak - Mavi,249.99
Civil Boys Çizgili Cepli 2-5 Yaş Kazak - Gri,169.99
Civil Boys Kalın Çizgili 10-13 Yaş Kazak - Gri,149.99
Civil Boys Şal Yaka Çizgili 2-5 Yaş Kazak - Bej,109.99
Montella Kalın Çizgili 6-10 Yaş Kazak - Yeşil,299.00
Civil Boys Saç Örgülü Boğazlı 10-13 Yaş Kazak - Ekru,199.99
Civil Boys Hakim Yaka 10-13 Yaş Kazak - Bej,299.00
Civil Boys Hakim Yaka 6-9 Yaş Kazak - Yeşil,299.00
Civil Boys 2-5 Yaş Kazak - Gri,199.99
Civil Boys İnce Çizgili Kazak 6-9 Yaş Kazak - Bordo,249.99
Civil Boys Waffle Örgülü 10-13 Yaş Kazak - Gri,399.00
Civil Boys Çizgili 2-5 Yaş Kazak - Turuncu,199.99
Civil Boys Renkli Çizgili 2-5 Yaş Kazak - Turuncu,199.99
Civil Boys C Clup Nakışlı 6-9 Yaş Kazak - Haki,149.99
Civil Boys Köpek Cep Nakışlı 2-5 Yaş Kazak - Gri,109.99
Civil Boys Petek Örgülü Cepli 2-5 Yaş Süeter - Hardal,79.99
Civil Boys Hakim Yaka Fermuarlı 6-9 Yaş Kazak - Yeşil,179.99
Civil Boys Basic 2-5 Yaş Kazak - Bej,199.99
Civil Boys Şimşek Nakışlı 2-5 Yaş Kazak - Gri,169.99
Civil Boys Saç Örgülü 2-5 Yaş Kazak - Yeşil,299.00
Civil Boys 6-9 Yaş Kazak - Bordo,199.99
Civil Boys Örgü Desenli 2-5 Yaş Kazak - Bej,99.99
Civil Boys Kalın Çizgili 2-5 Yaş Kazak - Siyah,149.99
Civil Boys Fermuarlı Örgü Desenli 6-9 Yaş Kazak - Bej,139.99
Civil Boys Çizgili 6-9 Yaş Kazak - Turuncu,199.99
Civil Boys Etnik Desenli 2-5 Yaş Kazak - Ekru,199.99
Civil Boys Renkli Çizgili 2-5 Yaş Kazak - Haki,199.99
Civil Boys 2-5 Yaş Kazak - Mavi,199.99
Civil Boys 2-5 Yaş Kazak - Bordo,199.99
Civil Boys Kalın Çizgili 6-9 Yaş Kazak - Lacivert,109.99
Civil Boys Sevimli Hayvanlar Desenli 2-5 Yaş Kazak - Gri,349.00
Civil Boys Kalın Çizgili 10-13 Yaş Kazak - Lacivert,199.99
Civil Boys Çizgi Desenli 2-5 Yaş Kazak - Ekru,99.99
Civil Boys Çizgili Gömlekli 6-9 Yaş Kazak - Lacivert,299.00
Civil Boys 6-9 Yaş Kazak - Gri,199.99
Montella My Way Nakışlı 6-10 Yaş Kazak - Lacivert,299.00
Civil Boys Waffle Örgülü 10-13 Yaş Kazak - Yeşil,399.00
Civil Boys School Bus Baskılı 2-5 Yaş Kazak - Lacivert,399.00
Civil Boys Çizgili 10-13 Yaş Kazak - Yeşil,199.99
Civil Boys 10-13 Yaş Kazak - Turuncu,199.99
Civil Boys 10-13 Yaş Kazak - Lacivert,199.99
Civil Boys Good Journey Kapşonlu 2-5 Yaş Kazak - Yeşil,99.99
Civil Boys Kalın Çizgili 2-5 Yaş Kazak - Lacivert,149.99
Civil Boys Dinozor Nakışlı Çizgili 2-5 Yaş Kazak - Lacivert,109.99
Civil Boys Basic 2-5 Yaş Kazak - Kırmızı,199.99
Montella My Way Nakışlı 1-5 Yaş Kazak - Lacivert,249.99
Civil Boys 8 Desenli 6-9 Yaş Kazak - Lacivert,119.99
Civil Boys Renk Geçişli 10-13 Yaş Kazak - Kahverengi,399.00
Civil Boys İnce Çizgili 2-5 Yaş Kazak - Turuncu,99.99
Civil Boys Kalın Çizgili 6-9 Yaş Kazak - Gri,109.99
Civil Boys 2-5 Yaş Kazak - Lacivert,199.99
Civil Boys Panda Nakışlı 2-5 Yaş Kazak - Gri,179.99
Civil Boys Hasır Örgülü 6-9 Yaş Kazak - Lacivert,179.99
Montella Kalın Çizgili 6-10 Yaş Kazak - Lacivert,299.00
Civil Boys Kalın Çizgili 2-5 Yaş Kazak - Lacivert,149.99
Civil Boys Köpek Nakışlı 2-5 Yaş Kazak - Ekru,99.99
Civil Boys Hasır Desen Çizgili 10-13 Yaş Kazak - Lacivert,249.99
Civil Boys Huston Team Baskılı 6-9 Yaş Kazak - Siyah,249.99
Civil Boys İnce Çizgili Kazak 6-9 Yaş Kazak - Gri,249.99
Civil Boys Dinozor Nakışlı Çizgili 2-5 Yaş Kazak - Bordo,109.99
Civil Boys Kalın Çizgili 10-13 Yaş Kazak - Lacivert,199.99
Civil Boys Saç Örgülü 2-5 Yaş Kazak - Bej,299.00
Civil Boys Champ Nakışlı 6-9 Yaş Kazak - Mavi,399.00
Civil Boys 2-5 Yaş Kazak - Hardal,199.99
Civil Boys Erkek Çocuk Kazak 10-13 Yaş - Mavi,299.00
Civil Boys Hakim Yaka Deenli 2-5 Yaş Kazak - Mavi,169.99
Civil Boys Kalın Çizgili 6-9 Yaş Kazak - Siyah,169.99
Civil Boys 8 Desenli 10-13 Yaş Kazak - Ekru,149.99
Civil Boys Çizgi Desenli 2-5 Yaş Kazak - Bej,99.99
Civil Boys Çizgili Reglan Kollu Kruvaze Yaka 6-9 Yaş Kazak - Bordo,99.99
Civil Boys Hasır Örgülü 10-13 Yaş Kazak - Hardal,199.99
Montella Kalın Çizgili 1-5 Yaş Kazak - Yeşil,249.99
Civil Boys Hasır Desen Çizgili 10-13 Yaş Kazak - Turuncu,249.99
Civil Boys Basic 10-13 Yaş Kazak - Bej,199.99
Civil Boys Champ Nakışlı 6-9 Yaş Kazak - Bordo,399.00
Civil Boys Jakarlı Basic 10-13 Yaş Sweatshirt - Gri,349.00
Civil Boys 6-9 Yaş Kazak - Mavi,199.99
Civil Boys Köpek Cep Nakışlı 2-5 Yaş Kazak - Yeşil,109.99
Civil Boys Hakim Yaka Deenli 2-5 Yaş Kazak - Bordo,169.99
Civil Boys Kalın Çizgili 6-9 Yaş Kazak - Lacivert,169.99
Civil Boys Çizgili 6-9 Yaş Kazak - Bej,199.99
Civil Boys Basic 2-5 Yaş Kazak - Hardal,199.99
Civil Boys Ayıcık Nakışlı 2-5 Yaş Kazak - Bej,169.99
Civil Boys İnce Çizgili Kazak 6-9 Yaş Kazak - Lacivert,249.99
Civil Boys Hakim Yaka 10-13 Yaş Kazak - Yeşil,299.00
Civil Boys Funky King Armalı 6-9 Yaş Kazak - Haki,249.99
Civil Boys Basic 6-9 Yaş Kazak - Siyah,199.99
Civil Boys 2-5 Yaş Kazak - Yeşil,199.99
Civil Boys Basic 6-9 Yaş Kazak - Lacivert,199.99
Civil Boys Çizgili Gömlekli 2-5 Yaş Kazak - Lacivert,249.99
Montella My Way Nakışlı 6-10 Yaş Kazak - Bordo,299.00
Civil Boys Hasır Desen Çizgili 6-9 Yaş Kazak - Turuncu,199.99
Montella Parça Desenli Çizgili 1-5 Yaş Kazak - Gri,249.99
Civil Boys İnce Çizgili 2-5 Yaş Kazak - Bordo,99.99
Civil Boys 2-5 Yaş Kazak - Kahverengi,199.99
Civil Boys Ayıcık Nakışlı 2-5 Yaş Kazak - Bordo,349.00
Civil Boys İnce Çizgili 6-9 Yaş Kazak - Bordo,99.99
Civil Boys Basic 2-5 Yaş Kazak - Lacivert,199.99
Civil Boys Ayı Baskılı Bisiklet Yaka 2-5 Yaş Kazak - Bej,249.99
Civil Boys Ayı Baskılı Bisiklet Yaka 2-5 Yaş Kazak - Lacivert,249.99
Civil Boys Hakim Yaka 6-9 Yaş Kazak - Bej,299.00
Civil Boys Kalın Çizgili 10-13 Yaş Kazak - Lacivert,149.99
Civil Boys 8 Desenli 6-9 Yaş Kazak - Ekru,119.99
Civil Boys Basic 2-5 Yaş Kazak - Mavi,199.99
Civil Boys Ayıcık Nakışlı 2-5 Yaş Kazak - Lacivert,349.00
Civil Boys Çizgili 6-9 Yaş Kazak - Lacivert,349.00
Civil Boys Çizgili Desenli 6-9 Yaş Kazak - Ekru,109.99
Civil Boys Renkli Çizgili 6-9 Yaş Kazak - Haki,219.99
Civil Boys Basic 2-5 Yaş Kazak - Yeşil,199.99
Civil Boys C Clup Nakışlı 10-13 Yaş Kazak - Haki,149.99
Civil Boys Etnik Desenli 2-5 Yaş Kazak - Bej,169.99
Civil Boys Çizgili 10-13 Yaş Kazak - Lacivert,199.99
Civil Boys İnce Çizgili Kazak 2-5 Yaş Kazak - Bordo,249.99
Civil Boys Etnik Desenli 2-5 Yaş Kazak - Lacivert,169.99
Civil Boys Basic 10-13 Yaş Kazak - Siyah,199.99
Civil Boys Kalın Çizgili 10-13 Yaş Kazak - Siyah,199.99
Civil Boys 2-5 Yaş Kazak - Mavi,199.99
Civil Boys İnce Çizgili 6-9 Yaş Kazak - Lacivert,99.99
Civil Boys Çizgili 10-13 Yaş Kazak - Bej,199.99
Civil Boys İnce Çizgili Kazak 2-5 Yaş Kazak - Lacivert,249.99
Civil Boys Basic 2-5 Yaş Kazak - Turuncu,199.99
Civil Boys Basic 2-5 Yaş Kazak - Yeşil,199.99
Civil Boys Basic 2-5 Yaş Kazak - Kahverengi,199.99
Civil Boys Basic 6-9 Yaş Kazak - Mavi,199.99
Civil Boys Kaplan C Nakışlı 2-5 Yaş Kazak - Bej,299.00
Civil Boys Çizgili 6-9 Yaş Kazak - Lacivert,199.99
Civil Boys Ayı Desenli 2-5 Yaş Kazak - Yeşil,249.99
Civil Boys Çizgili 6-9 Yaş Kazak - Yeşil,199.99
Civil Boys Çizgili Desenli 6-9 Yaş Kazak - Turuncu,109.99
Civil Boys Kepçe Nakışlı 2-5 Yaş Kazak - Lacivert,249.99
Montella Kalın Çizgili 6-10 Yaş Kazak - Bej,299.00
Civil Boys Dinazor Desenli 2-5 Yaş Kazak - Haki,299.00
Civil Boys Panda Nakışlı 2-5 Yaş Kazak - Bej,179.99
Civil Boys Basic 2-5 Yaş Kazak - Siyah,199.99
Montella My Way Nakışlı 1-5 Yaş Kazak - Bordo,249.99
Civil Boys Ayı Desenli 2-5 Yaş Kazak - Lacivert,249.99
Montella Kalın Çizgili 1-5 Yaş Kazak - Lacivert,249.99
Montella M Nakışlı 6-10 Yaş Kazak - Bej,299.00
Montella My Way Nakışlı 6-10 Yaş Kazak - Haki,299.00
Civil Boys Ayı Nakışlı Bisiklet Yaka 2-5 Yaş Kazak - Kahverengi,249.99
Civil Boys Fermuarlı Örgü Desenli 6-9 Yaş Kazak - Bordo,139.99
Civil Boys Çizgili 6-9 Yaş Kazak - Kahverengi,349.00
Civil Boys Zikzak Desenli 6-9 Yaş Kazak - Gri,149.99
Civil Boys Köpek Nakışlı 2-5 Yaş Süeter - Lacivert,89.99
Civil Boys İnce Çizgili Kazak 2-5 Yaş Kazak - Gri,249.99
Civil Boys 6-9 Yaş Kazak - Hardal,199.99
Civil Boys Hasır Örgülü 10-13 Yaş Kazak - Lacivert,199.99
Civil Boys Cvl Team Etiketli Kargo Cepli 2-5 Yaş Eşofman Altı - Siyah,399.00
Civil Boys Erkek Çocuk Awesome Aslan Baskılı 2-5 Yaş Eşofman Altı Km - Kahverengi,199.99
Civil Boys Fermuarlı 10-13 Yaş Eşofman Altı - Mavi,399.00
Civil Boys Cebi Kaplan Nakışlı 2-5 Yaş Eşofman Altı - Gri,499.00
Civil Boys Biyeli 10-13 Yaş Eşofman Altı - Mavi,449.00
Civil Boys Basic Polar 2-5 Yaş Eşofman Altı - Turuncu,149.99
Civil Boys Erkek Çocuk Eşofman Altı 2-5 Yaş - Bej,199.99
Civil Boys Süs Cep Kapaklı 6-9 Yaş Eşofman Altı - Hardal,549.00
Civil Boys Basic 6-9 Yaş Eşofman Altı - Gri,299.00
Civil Boys Fotoğraf Makinesi Baskılı 2-5 Yaş Eşofman Altı - Siyah,199.99
Civil Boys Etnik Desenli 1996 Armalı 6-9 Yaş Eşofman Altı - Gri,549.00
Civil Boys Süs Düğmeli 2-5 Yaş Eşofman Altı - Yeşil,399.00
Civil Boys Astronot Baskılı 2-5 Yaş Eşofman Altı Km - Gri,199.99
Civil Boys Cvl Team Etiketli 2-5 Yaş Eşofman Altı - Mavi,349.00
Civil Boys Erkek Çocuk Eşofman Altı 2-5 Yaş - Gri,199.99
Civil Boys Campus College 96 Baskılı 2-5 Yaş Eşofman Altı - Lacivert,249.99
Civil Boys Basic 2-5 Yaş Eşofman Altı - Lacivert,249.99
Civil Boys Campus College 2-5 Yaş Eşofman Altı - Bej,299.00
Civil Boys Load Baskılı 2-5 Yaş Eşofman Altı - Haki,199.99
Civil Boys Boad Trıp Baskılı 2-5 Yaş Eşofman Altı - Turuncu,249.99
Civil Boys Empirme Karışık Desnli Basic 2-5 Yaş Eşofman Altı - Hardal,249.99
Civil Boys Erkek Çocuk Eşofman Altı 2-5 Yaş - Turuncu,249.99
Civil Boys Etiketli - Micro Garnili 6-9 Yaş Eşofman Altı - Gri,549.00
Civil Boys Çift Kargo Cepli 6-9 Yaş Eşofman Altı - Haki,399.00
Civil Boys Basic Polar 2-5 Yaş Eşofman Altı - Mavi,149.99
Civil Boys Enjoy Baskılı 2-5 Yaş Eşofman Altı - Siyah,299.00
Civil Boys Parça Kumaş Süs Bağcıklı 6-9 Yaş Eşofman Altı - Bordo,349.00
Civil Boys Yıldız Empirme Baskılı 2-5 Yaş Eşofman Altı - Haki,299.00
Civil Boys CVL Nakışlı Süs Bağcıklı 2-5 Yaş Eşofman Altı - Gri,249.99
Civil Boys Timsah Baskılı 2-5 Yaş Eşofman Altı - Haki,249.99
Civil Boys Çift Kargo cepli 10-13 Yaş Eşofman Altı - Haki,399.00
Civil Boys Cepleri Dalgalı Çizgi Desenli 2-5 Yaş Eşofman Altı - Mavi,449.00
Civil Boys Erkek Çocuk Eşofman Altı 2-5 Yaş - Mavi,249.99
Civil Boys Baseball Baskılı 2-5 Yaş Eşofman Altı - Yeşil,199.99
Civil Boys Basic 10-13 Yaş Eşofman Altı - Gri,349.00
Civil Boys Lets Dance Baskılı 2-5 Yaş Eşofman Altı - Lacivert,349.00
Civil Boys Kargo Cepli 2-5 Yaş Eşofman Alt - Hardal,199.99
Civil Boys Parça Kumaş Süs Bağcıklı 6-9 Yaş Eşofman Altı - Haki,349.00
Civil Boys Paçası 1996 Armalı Cep Kapakları Çizgili Desenli 2-5 Yaş Eşofman Altı - Mavi,449.00
Civil Boys Grafiti Baskılı 6-9 Yaş Eşofman Altı - Siyah,449.00
Civil Boys Deri Etiketli 10-13 Yaş Eşofman Altı - Gri,349.00
Civil Boys Graffiti Baskılı 2-5 Yaş Eşofman Altı - Mavi,399.00
Civil Boys Baskılı Garnili 2-5 Yaş Eşofman Altı - Gri,249.99
Civil Boys Dancer Tıger Emp. 2-5 Yaş Eşofman Altı - Gri,349.00
Civil Boys Kargo Cepli Etiketli 2-5 Yaş Eşofman Altı - Yeşil,299.00
Civil Boys Dizleri Göz Baskılı 2-5 Yaş Eşofman Altı - Turuncu,299.00
Civil Boys Cvl Team Etiketli 2-5 Yaş Eşofman Altı - Mavi,349.00
Civil Boys Yıldız Baskılı Çizgili 2-5 Yaş Eşofman Altı - Kahverengi,299.00
Civil Boys Erkek Çocuk Eşofman Altı 2-5 Yaş - Hardal,199.99
Civil Boys Kargo Cepli 2-5 Yaş Eşofman Alt - Yeşil,199.99
Civil Boys Cep Kapağı Prehıstorıc Baskılı 10-13 Yaş Eşofman Altı - Kahve,399.00
Civil Boys CVL Nakışlı Süs Bağcıklı 2-5 Yaş Eşofman Altı - Bej,249.99
Civil Boys Fotoğraf Makinesi Baskılı 2-5 Yaş Eşofman Altı - Hardal,199.99
Civil Boys Kuzu 2-5 Yaş Eşofman Altı - Yeşil,149.99
Civil Boys Erkek Çocuk Eşofman Altı 2-5 Yaş - Turuncu,249.99
Civil Boys Etiketli - Micro Garnili 10-13 Yaş Eşofman Altı - Gri,599.00
Civil Boys Cvl Team Etiketli 2-5 Yaş Eşofman Altı - Turuncu,249.99
Civil Boys Relax Baskılı 6-9 Yaş Eşofman Altı - Bej,549.00
Civil Boys Safari Baskılı 3'lü Set 2-5 Yaş Eşofman Altı,799.00
Civil Boys Erkek Çocuk Eşofman Altı 2-5 Yaş - Yeşil,299.00
Civil Boys Dizleri Göz Baskılı 2-5 Yaş Eşofman Altı - Mavi,299.00
Civil Boys Kargo Cepli Etiketli 6-9 Yaş Eşofman Altı - Bej,299.00
Civil Boys Kaykay Köpek Baskılı 2-5 Yaş Eşofman Altı - Turuncu,199.99
Civil Boys Erkek Çocuk Eşofman Altı 2-5 Yaş - Mavi,299.00
Civil Boys Cvl Team Etiketli 2-5 Yaş Eşofman Altı - Bej,249.99
Civil Boys Erkek Çocuk Eşofman Altı 2-5 Yaş - Yeşil,249.99
Civil Boys Çizgili 2-5 Yaş Eşofman Altı - Bej,399.00
Civil Boys Kargo Cepli 2-5 Yaş Eşofman Alt - Kırmızı,199.99
Civil Boys Deri Etiketli 6-9 Yaş Eşofman Altı - Gri,299.00
Civil Boys Cool Baskılı 2-5 Yaş Eşofman Altı Km - Gri,199.99
Civil Boys Kargo Cepli 2-5 Yaş Eşofman Alt - Turuncu,199.99
Civil Boys Erkek Çocuk Eşofman Altı 2-5 Yaş - Siyah,299.00
Civil Boys Kepçe Baskılı 2-5 Yaş Eşofman Altı - Haki,199.99
Civil Boys Kargo Cepli 2-5 Yaş Eşofman Altı - Mavi,199.99
Civil Boys Erkek Çocuk Eşofman Altı 2-5 Yaş - Kırmızı,299.00
Civil Boys Cvl Team Etiketli 2-5 Yaş Eşofman Altı - Bej,249.99
Civil Boys Kargo Cepli 2-5 Yaş Eşofman Alt - Turuncu,199.99
Civil Boys Cosmic Baskılı 2-5 Yaş Eşofman Altı Km - Mavi,199.99
Civil Boys Panda Cepli 2-5 Yaş Eşofman Altı - Gri,299.00
Civil Boys Great Baskılı 2-5 Yaş Eşofman Altı - Turuncu,199.99
Civil Boys Armalı 2-5 Yaş Eşofman Altı - Bej,349.00
Civil Boys Biyeli 6-9 Yaş Eşofman Altı - Mavi,299.00
Civil Boys Cvl Team Etiketli 2-5 Yaş Eşofman Altı - Kırmızı,249.99
Civil Boys Şerit Parçalı 6-9 Yaş Eşofman Altı - Gri,349.00
Civil Boys Erkek Çocuk Eşofman Altı 2-5 Yaş - Gri,199.99
Civil Boys C Chıcago Baskılı-Nakışlı 6-9 Yaş Eşofman Altı - Yeşil,399.00
Civil Boys Armalı 6-9 Yaş Eşofman Altı - Yeşil,399.00
Civil Boys Opss ! Baskılı 6-9 Yaş Eşofman Altı - Bordo,449.00
Civil Boys CVL Nakışlı Süs Bağcıklı 2-5 Yaş Eşofman Altı - Kırmızı,249.99
Civil Baby Little Bunny Baskılı 6-18 Ay Tek Alt Bebe - Fil Dişi,199.99
Civil Boys Erkek Çocuk Eşofman Altı 2-5 Yaş - Yeşil,199.99
Civil Boys Boad Trıp Baskılı 2-5 Yaş Eşofman Altı - Turuncu,249.99
Civil Boys Kargo Cepli 2-5 Yaş Eşofman Alt - Turuncu,199.99
Civil Boys Süs Cep Kapaklı 6-9 Yaş Eşofman Altı - Haki,549.00
Civil Boys Armalı 10-13 Yaş Eşofman Altı - Yeşil,449.00
Civil Boys Cosmic Baskılı 2-5 Yaş Eşofman Altı Km - Bordo,199.99
Civil Boys Erkek Çocuk Rakun Baskılı 2-5 Yaş Eşofman Altı - Hardal,199.99
Civil Boys Cvl Team Etiketli 2-5 Yaş Eşofman Altı - Yeşil,249.99
Civil Boys Some Qualıty Baskılı 2-5 Yaş Eşofman Altı - Siyah,499.00
Civil Boys Urban Baskılı 2-5 Yaş Eşofman Altı - Haki,249.99
Civil Boys I Just Baskılı Süs Bağcıklı 6-9 Yaş Eşofman Altı - Bordo,649.00
Civil Boys Champıons Baskılı 10-13 Yaş Eşofman Altı - Bordo,499.00
Civil Boys Start Go Baskılı 2-5 Yaş Eşofman Altı - Mavi,299.00
Civil Boys Şerit Parçalı 10-13 Yaş Eşofman Altı - Gri,399.00
Civil Boys Karyoka Dikişli 6-9 Yaş Eşofman Altı - Yeşil,349.00
Civil Boys Canavar Baskılı 2-5 Yaş Eşofman Altı - Siyah,349.00
Civil Boys Cool Star Baskılı 2-5 Yaş Eşofman Altı - Bordo,299.00
Civil Boys Basic 2-5 Yaş Eşofman Altı - Mavi,249.99
Civil Boys Erkek Çocuk Eşofman Altı 2-5 Yaş - Gri,199.99
Civil Boys Basic 10-13 Yaş Eşofman Altı - Siyah,349.00
Civil Boys Fotoğraf Makinesi Baskılı 2-5 Yaş Eşofman Altı - Mavi,199.99
Civil Boys Erkek Çocuk Eşofman Altı 2-5 Yaş - Gri,199.99
Civil Boys Paçaları Düğmeli 6-9 Yaş Eşofman Altı - Hardal,549.00
Civil Boys Yan Cepli 2-5 Yaş Eşofman Altı - Haki,399.00
Civil Boys Erkek Çocuk Eşofman Altı 2-5 Yaş - Hardal,199.99
Civil Boys Zeka Küpü iguana Baskılı 2-5 Yaş Eşofman Altı - Siyah,199.99
Civil Boys Erkek Çocuk Eşofman Altı 2-5 Yaş - Gri,199.99
Civil Boys Erkek Çocuk Eşofman Altı 2-5 Yaş - Mavi,199.99
Civil Boys Cvl Team Etiketli 6-9 Yaş Eşofman Altı - Bej,249.99
Civil Boys Erkek Çocuk Eşofman Altı 2-5 Yaş - Fil Dişi,249.99
Civil Boys Next Level Baskılı 6-9 Yaş Eşofman Altı - Mavi,399.00
Civil Boys Multi Player Baskılı 6-9 Yaş Eşofman Altı - Gri,399.00
Civil Boys Basic Selanik 2-5 Yaş Eşofman Altı - Gri,199.99
Civil Boys Cvl Team Etiketli 2-5 Yaş Eşofman Altı - Siyah,249.99
Civil Boys Cvl Team Etiketli 6-9 Yaş Eşofman Altı - Siyah,249.99
Civil Boys Cvl Team Etiketli Kargo Cepli 2-5 Yaş Eşofman Altı - Karip,399.00
Civil Boys 97 Armalı 2-5 Yaş Eşofman Altı - Bordo,349.00
Civil Boys Erkek Çocuk Eşofman Altı 2-5 Yaş - Turuncu,249.99
Civil Boys Club Baskılı 2-5 Yaş Eşofman Altı Km - Gri,199.99
Civil Boys Beli Lastikli Süs Bağcıklı 2-5 Yaş Eşofman Altı - Haki,399.00
Civil Boys Ooops Baskılı 2-5 Yaş Eşofman Altı - Turuncu,199.99
Civil Boys Basic 6-9 Yaş Eşofman Altı - Lacivert,299.00
Civil Boys Kuzu 2-5 Yaş Eşofman Altı - Bej,149.99
Civil Boys Rules Baskılı 2'li Set 6-9 Yaş Eşofman Altı,599.00
Civil Boys Armalı 6-9 Yaş Eşofman Altı - Haki,399.00
Civil Boys Beli Lastikli Süs Bağcıklı 2-5 Yaş Eşofman Altı - Turuncu,349.00
Civil Boys Board Squad Baskılı 2-5 Yaş Eşofman Altı - Gri,249.99
Civil Boys Beli Lastikli Süs Bağcıklı 2-5 Yaş Eşofman Altı - Bej,349.00
Civil Boys Basic 2-5 Yaş Eşofman Altı - Siyah,249.99
Civil Boys Campus College Baskılı 2-5 Yaş Eşofman Altı - Bej,249.99
Civil Boys CVL Nakışlı Süs Bağcıklı 2-5 Yaş Eşofman Altı - Turuncu,249.99
Civil Boys Armalı 6-9 Yaş Eşofman Altı - Gri,399.00
Civil Boys Basic 6-9 Yaş Eşofman Altı - Siyah,299.00
Civil Boys Cool Dog Baskılı Cepli 2-5 Yaş Eşofman Altı - Sarı,299.00
Civil Boys Basic 10-13 Yaş Eşofman Altı - Gri,349.00
Civil Boys Kendinden Desenli Cepli 2-5 Yaş Eşofman Altı - Bej,399.00
Civil Boys Cep Kapağı Prehıstorıc Baskılı 10-13 Yaş Eşofman Altı - Gri,399.00
Civil Boys Stay Wıld Baskılı 2-5 Yaş Eşofman Altı - Lacivert,249.99
Civil Boys Armalı 2-5 Yaş Eşofman Altı - Mavi,349.00
Civil Boys Cool Dog Baskılı Cepli 2-5 Yaş Eşofman Altı - Turuncu,299.00
Civil Boys Basic 10-13 Yaş Eşofman Altı - Lacivert,349.00
Civil Boys Basic 6-9 Yaş Eşofman Altı - Gri,299.00
Civil Boys Süs Düğmeli 2-5 Yaş Eşofman Altı - Bej,399.00
Civil Boys Cvl Team Etiketli Kargo Cepli 2-5 Yaş Eşofman Altı - Kahverengi,399.00
Civil Boys Kuzu 2-5 Yaş Eşofman Altı - Haki,149.99
Superman Baskılı 2-5 Yaş Eşofman Altı - Kırmızı,249.99
Civil Boys Kuzu 2-5 Yaş Eşofman Altı - Turuncu,149.99
Civil Boys Erkek Çocuk Eşofman Altı 2-5 Yaş - Bej,199.99
Civil Boys Erkek Çocuk Eşofman Altı 2-5 Yaş - Haki,199.99
Civil Boys Kargo Cepli Etiketli 2-5 Yaş Eşofman Altı - Gri,299.00
Civil Boys Baskılı Garnili 2-5 Yaş Eşofman Altı - Haki,249.99
Civil Boys Kaykay Canavar Baskılı 2-5 Yaş Eşofman Altı - Yeşil,199.99
Civil Boys Yıldız Baskılı Çizgili 2-5 Yaş Eşofman Altı - Mavi,299.00
Civil Boys Cvl Team Etiketli 2-5 Yaş Eşofman Altı - Mavi,249.99
Civil Boys Erkek Çocuk Eşofman Altı 2-5 Yaş - Haki,199.99
Civil Boys Skate Ramp Etiketli 2-5 Yaş Eşofman Altı - Gri,399.00
Civil Boys Newyork Baskılı 2-5 Yaş Eşofman Altı - Gri,249.99
Civil Boys Kargo Cepli 2-5 Yaş Eşofman Alt - Kırmızı,199.99
Civil Boys Stay Wıld Baskılı 2-5 Yaş Eşofman Altı - Lacivert,249.99
Civil Boys Basic Polar 2-5 Yaş Eşofman Altı - Gri,149.99
Civil Boys Kargo Cepli Etiketli 2-5 Yaş Eşofman Altı - Yeşil,299.00
Civil Boys Süs Düğmeli 2-5 Yaş Eşofman Altı - Mavi,399.00
Civil Boys Etnik Desenli 2-5 Yaş Eşofman Altı - Turuncu,399.00
Civil Boys Bear BubeFermuarlı Kargo Cep 2-5 Yaş Eşofman Altı - Gri,249.99
Civil Baby Little Bunny Baskılı 6-18 Ay Tek Alt Bebe - Lila,199.99
Civil Boys CVL Nakışlı Süs Bağcıklı 2-5 Yaş Eşofman Altı - Mavi,249.99
Civil Boys Kargo Cepli 2-5 Yaş Eşofman Alt - Sarı,199.99
Civil Boys Armalı 10-13 Yaş Eşofman Altı - Haki,449.00
Civil Boys Süs Düğmeli 2-5 Yaş Eşofman Altı - Bej,399.00
Civil Boys Erkek Çocuk Eşofman Altı 2-5 Yaş - Turuncu,199.99
Civil Boys Pike 2-5 Yaş Eşofman Altı - Gri,349.00
Civil Boys Kepçe Baskılı 2-5 Yaş Eşofman Altı - Turuncu,199.99
Civil Boys Etnik Desenli 2-5 Yaş Eşofman Altı - Haki,399.00
Civil Boys Basic 10-13 Yaş Eşofman Altı - Siyah,349.00
Civil Boys Tiger Baskılı 2-5 Yaş Eşofman Altı - Lacivert,249.99
Civil Baby Little Bunny Baskılı 6-18 Ay Tek Alt Bebe - Pudra,199.99
Civil Boys Baseball Baskılı 2-5 Yaş Eşofman Altı - Gri,199.99
Civil Boys Load Baskılı 2-5 Yaş Eşofman Altı - Bej,199.99
Civil Boys Yıldız Empirme Baskılı 2-5 Yaş Eşofman Altı - Mavi,299.00
Civil Boys Basic Polar 2-5 Yaş Eşofman Altı - Bej,149.99
Civil Boys Kendinden Desenli 6-9 Yaş Eşofman Altı - Ekru,599.00
Civil Boys Lost İn Space Baskılı 2-5 Yaş Eşofman Altı - Gri,349.00
Civil Boys Armalı 10-13 Yaş Eşofman Altı - Gri,449.00
Civil Boys Erkek Çocuk Eşofman Altı 2-5 Yaş - Gri,249.99
Civil Boys Kamyon Baskılı 2-5 Yaş Eşofman Altı - Haki,199.99
Civil Boys Basic Selanik 2-5 Yaş Eşofman Altı - Haki,199.99
Civil Boys Basic 2-5 Yaş Eşofman Altı - Gri,249.99
Civil Boys Çizgili 2-5 Yaş Eşofman Altı - Bej,349.00
Civil Boys Cepleri Dalgalı Çizgi Desenli 2-5 Yaş Eşofman Altı - Haki,449.00
Civil Boys Erkek Çocuk Eşofman Altı 2-5 Yaş - Hardal,199.99
Civil Boys Campus College 96 2-5 Yaş Eşofman Altı - Lacivert,249.99
Civil Boys Kuzu 2-5 Yaş Eşofman Altı - Turuncu,149.99
Civil Boys Çizgili 2-5 Yaş Eşofman Altı - Yeşil,349.00
Civil Boys Erkek Çocuk Eşofman Altı 2-5 Yaş - Mavi,299.00
Civil Boys Kukuli Baskılı 2-5 Yaş Eşofman Altı - Hardal,249.99
Civil Boys Cool Baskılı 2-5 Yaş Eşofman Altı Km - Haki,199.99
Civil Boys Erkek Çocuk Rakun Baskılı 2-5 Yaş Eşofman Altı - Kahverengi,199.99
Civil Boys Kaykay Köpek Baskılı 2-5 Yaş Eşofman Altı - Yeşil,199.99
Civil Boys Trex Baskılı 2-5 Yaş Eşofman Altı - Haki,449.00
Civil Boys Armalı 2-5 Yaş Eşofman Altı - Haki,349.00
Civil Boys Kargo Cepli Etiketli 2-5 Yaş Eşofman Altı - Bej,299.00
Civil Boys Again Baskılı 6-9 Yaş Eşofman Altı - Yeşil,399.00
Civil Boys Nervür Dikişli 2-5 Yaş Eşofman Altı - Turuncu,199.99
Civil Boys Striker Baskılı 10-13 Yaş Eşofman Altı - Gri,349.00
Civil Boys Next Level Baskılı 10-13 Yaş Eşofman Altı - Mavi,399.00
Civil Boys Erkek Çocuk Eşofman Altı 2-5 Yaş - Gri,249.99
Civil Boys Fermuarlı 6-9 Yaş Eşofman Altı - Mavi,299.00
Civil Boys Armalı 2-5 Yaş Eşofman Altı - Gri,349.00
Civil Boys Cvl Team Etiketli 2-5 Yaş Eşofman Altı - Yeşil,349.00
Civil Boys Koala Cepli 2-5 Yaş Eşofman Altı - Bej,299.00
Civil Boys I Just Baskılı Süs Bağcıklı 6-9 Yaş Eşofman Altı - Haki,649.00
Civil Boys Etiketli - Micro Garnili 6-9 Yaş Eşofman Altı - Gri,549.00
Civil Boys Erkek Çocuk Eşofman Altı 2-5 Yaş - Yeşil,299.00
Civil Boys Erkek Çocuk Eşofman Altı 2-5 Yaş - Mavi,249.99
Civil Boys Yıldız Baskılı Süs Bağcıklı 6-9 Yaş Eşofman Altı - Haki,649.00
Civil Boys Basic Polar 2-5 Yaş Eşofman Altı - Mavi,149.99
Civil Boys Urban Art Baskılı Çizgili 2-5 Yaş Eşofman Altı - Mavi,399.00
Civil Boys Camp Basklı 2-5 Yaş Eşofman Altı - Gri,299.00
Civil Boys Kargo Cepli Etiketli 2-5 Yaş Eşofman Altı - Siyah,299.00
Civil Boys Cvl Team Etiketli Kargo Cepli 2-5 Yaş Eşofman Altı - Bej,399.00
Civil Boys Erkek Çocuk Eşofman Altı 2-5 Yaş - Haki,199.99
Civil Boys Monster Baskılı 2-5 Yaş Eşofman Altı - Gri,299.00
Civil Boys Cvl Team Etiketli 2-5 Yaş Eşofman Altı - Haki,249.99
Civil Boys Campus College Baskılı 2-5 Yaş Eşofman Altı - Kırmızı,249.99
Civil Boys Erkek Çocuk Kovboy Kaktüs Baskılı 2-5 Yaş Eşofman Altı - Hardal,199.99
Civil Boys Basic 2-5 Yaş Eşofman Altı - Gri,249.99
Civil Boys Çizgili 2-5 Yaş Eşofman Altı - Mavi,349.00
Civil Boys Basic 6-9 Yaş Eşofman Altı - Siyah,299.00
Civil Boys Opss ! Baskılı 6-9 Yaş Eşofman Altı - Haki,449.00
Civil Boys Erkek Çocuk Eşofman Altı 2-5 Yaş - Hardal,249.99
Civil Boys Fotoğraf Makinesi Baskılı 2-5 Yaş Eşofman Altı - Yeşil,199.99
Civil Boys Kargo Cepli Etiketli 2-5 Yaş Eşofman Altı - Bej,299.00
Civil Boys Uzay Mekiği Baskılı 2-5 Yaş Eşofman Altı Km - Lacivert,199.99
Civil Boys Bear BubeFermuarlı Kargo Cep 2-5 Yaş Eşofman Altı - Mavi,249.99
Civil Boys Basic 2-5 Yaş Eşofman Altı - Siyah,249.99
Civil Boys Tıger Baskılı 2-5 Yaş Eşofman Altı - Mavi,399.00
Civil Boys Cep Kapağı Prehıstorıc Baskılı 6-9 Yaş Eşofman Altı - Kahve,349.00
Civil Boys Nervür Dikişli 2-5 Yaş Eşofman Altı - Yeşil,199.99
Civil Boys Süs Düğmeli 2-5 Yaş Eşofman Altı - Mavi,399.00
Civil Boys Maymun Cepli 2-5 Yaş Eşofman Altı - Turuncu,299.00
Civil Boys Erkek Çocuk Eşofman Altı 2-5 Yaş - Kırmızı,299.00
Civil Boys Cool Star Baskılı 2-5 Yaş Eşofman Altı - Haki,299.00
Civil Boys Cvl Team Etiketli Kargo Cepli 2-5 Yaş Eşofman Altı - Yeşil,399.00
Civil Boys Kargo Cepli 2-5 Yaş Eşofman Alt - Turuncu,199.99
Civil Boys Great Baskılı 2-5 Yaş Eşofman Altı - Yeşil,199.99
Civil Boys Unıverstıty Baskılı 2-5 Yaş Eşofman Altı - Bej,199.99
Civil Boys Yıldız Baskılı Süs Bağcıklı 6-9 Yaş Eşofman Altı - Gri,649.00
Civil Boys Parçalı Armalı 6-9 Yaş Eşofman Altı - Gri,299.00
Civil Boys Skaterboard Baskılı 3'lü Set 2-5 Yaş Eşofman Altı,799.00
Civil Boys Kargo Cepli 2-5 Yaş Eşofman Alt - Bordo,199.99
Civil Boys Erkek Çocuk Eşofman Altı 2-5 Yaş - Mavi,199.99
Civil Boys Push Your Baskılı 2-5 Yaş Eşofman Altı - Lacivert,299.00
Civil Boys Kargo Cepli Etiketli 2-5 Yaş Eşofman Altı - Mavi,299.00
Civil Boys Basic Selanik 2-5 Yaş Eşofman Altı - Gri,199.99
Civil Boys Kuzu 2-5 Yaş Eşofman Altı - Bej,149.99
Civil Boys Cvl Team Etiketli Kargo Cepli 2-5 Yaş Eşofman Altı - Turuncu,399.00
Civil Boys Astronot Baskılı 2-5 Yaş Eşofman Altı Km - Mavi,199.99
Civil Boys Erkek Çocuk Eşofman Altı 2-5 Yaş - Lacivert,249.99
Civil Boys Cvl Team Etiketli 2-5 Yaş Eşofman Altı - Hardal,349.00
Civil Boys Erkek Çocuk Kovboy Kaktüs Baskılı 2-5 Yaş Eşofman Altı - Mavi,199.99
Civil Boys Etnik Desenli 1996 Armalı 6-9 Yaş Eşofman Altı - Ekru,549.00
Civil Boys Urban Baskılı 2-5 Yaş Eşofman Altı - Haki,249.99
Civil Boys İçi Polarlı Basic 10-13 Yaş Yağmurluk - Bordo,449.00
Civil Boys Basic 2-5 Yaş Yağmurluk - Haki,449.00
Civil Boys Ray Desenli Parlak 10-13 Yaş Mont - Siyah,699.00
Civil Boys Polarlı Düz 10-13 Yaş Yağmurluk - Lacivert,399.00
Civil Boys Gömlek Yakalı 10-13 Yaş Mont - Kahverengi,2199.00
Civil Boys Kapşonlu Welsoflu Pilot 6-9 Yaş Mont - Lacivert,999.00
Civil Boys Basic 10-13 Yaş Yağmurluk - Haki,599.00
Civil Boys İçi Polarlı Basic 2-5 Yaş Yağmurluk - Lacivert,399.00
Civil Boys CL Nakışlı Armalı Kolej 6-9 Yaş Ceket - Mavi,699.00
Civil Boys Polarlı Düz 6-9 Yaş Yağmurluk - Lacivert,399.00
Civil Boys Polarlı Düz 2-5 Yaş Yağmurluk - Mavi,399.00
Civil Boys Basic 10-13 Yaş Yağmurluk - Siyah,599.00
Civil Boys Ayıcık Baskılı 2-5 Yaş Mont - Kahve,999.00
Civil Boys Basic 10-13 Yaş Yağmurluk - Gri,349.00
Civil Boys Fermuar Cepli 2-5 Yaş Yağmurluk - Turuncu,169.99
Civil Boys Düğmeli Cepli Kapşonlu 2-5 Yaş Yağmurluk - Siyah,209.99
Civil Boys Puan Baskılı 2-5 Yaş Yağmurluk - Siyah,189.99
Civil Boys Polarlı Düz 2-5 Yaş Yağmurluk - Hardal,399.00
Civil Boys Kapak Cepli Parçalı 10-13 Yaş Mont - Haki,1199.00
Civil Boys Canavar Kapşonlu 2-5 Yaş Mont - Haki,999.00
Civil Boys Kapşonlu 10-13 Yaş Mont - Turuncu,799.00
Civil Boys Polarlı Düz 2-5 Yaş Yağmurluk - Lacivert,399.00
Civil Boys Basic 2-5 Yaş Yağmurluk - Haki,349.00
Civil Boys Kapşonlu Şişme 10-13 Yaş Mont - Gri,999.00
Civil Boys Basic 6-9 Yaş Yağmurluk - Haki,549.00
Civil Boys Kürk Kapşonlu 2-5 Yaş Mont - Haki,999.00
Civil Boys İçi Polarlı Basic 6-9 Yaş Yağmurluk - Siyah,449.00
Civil Boys Çift Taraflı Roket Baskılı 2-5 Yaş Yağmurluk - Mavi,349.00
Civil Boys Polarlı Düz 6-9 Yaş Yağmurluk - Mavi,399.00
Civil Boys Basic 2-5 Yaş Yağmurluk - Gri,449.00
Civil Boys Kapşonlu Welsoflu Pilot 2-5 Yaş Mont - Haki,999.00
Civil Boys Basic 6-9 Yaş Yağmurluk - Hardal,749.00
Civil Boys Basic 2-5 Yaş Yağmurluk - Mavi,159.99
Civil Boys Basic 6-9 Yaş Yağmurluk - Gri,399.00
Civil Boys Basic 2-5 Yaş Yağmurluk - Haki,159.99
Civil Boys Basic 2-5 Yaş Yağmurluk - Siyah,799.00
Civil Boys Basic 2-5 Yaş Yağmurluk - Gri,159.99
Civil Boys Kolu Cepli 10-13 Yaş Mont - Siyah,999.00
Civil Boys Basic 10-13 Yaş Yağmurluk - Yeşil,799.00
Civil Boys Gömlek Yakalı 2-5 Yaş Mont - Haki,799.00
Civil Boys Geometri Baskılı 2-5 Yaş Yağmurluk - Lacivert,189.99
Civil Boys Polarlı Düz 10-13 Yaş Yağmurluk - Mavi,399.00
Civil Boys Future Baskılı Kapşonlu 6-9 Yaş Mont - Siyah,799.00
Civil Boys Spaceworld Empirme Baskılı 2-5 Yaş Yağmurluk - Gri,399.00
Civil Boys Future Baskılı Kapşonlu 10-13 Yaş Mont - Siyah,799.00
Civil Boys Kamuflaj Empirme Baskılı 6-9 Yaş Yağmurluk - Yeşil,399.00
Civil Boys Basic 10-13 Yaş Yağmurluk - Haki,179.99
Civil Boys Krinkıl Kumaş 2-5 Yaş Yağmurluk - Hardal,349.00
Civil Boys Garnili 10-13 Yaş Yağmurluk - Yeşil,499.00
Civil Boys Çift Cepli Kapşonlu 6-9 Yaş Ceket - Siyah,599.00
Civil Boys Basic 6-9 Yaş Yağmurluk - Haki,749.00
Civil Boys Ready Baskılı Torba Cepli 2-5 Yaş Yağmurluk - Yeşil,449.00
Civil Boys Basic 6-9 Yaş Yağmurluk - Gri,169.99
Civil Boys Gömlek Yakalı 2-5 Yaş Mont - Kahverengi,1999.00
Civil Boys Krinkıl Kumaş 2-5 Yaş Yağmurluk - Mavi,349.00
Civil Boys Ribanalı 2-5 Yaş Mont - Kırmızı,699.00
Civil Boys Krinkıl Kumaş 6-9 Yaş Yağmurluk - Mavi,399.00
Civil Boys Ready Baskılı Torba Cepli 6-9 Yaş Yağmurluk - Haki,499.00
Civil Boys Polarlı Düz 2-5 Yaş Yağmurluk - Yeşil,399.00
Civil Boys Yan Torba Cepli 2-5 Yaş Mont - Yeşil,799.00
Civil Boys Ray Desenli Parlak 10-13 Yaş Mont - Haki,699.00
Civil Boys Basic 10-13 Yaş Yağmurluk - Siyah,799.00
Civil Boys Krinkıl Kumaş 6-9 Yaş Yağmurluk - Gri,399.00
Civil Boys Ready Baskılı Torba Cepli 2-5 Yaş Yağmurluk - Haki,449.00
Civil Boys Garnili 10-13 Yaş Yağmurluk - Gri,499.00
Civil Boys Ready Baskılı Torba Cepli 6-9 Yaş Yağmurluk - Gri,499.00
Civil Boys Basic 6-9 Yaş Yağmurluk - Siyah,799.00
Civil Boys Kapak Cepli Kürklü 10-13 Yaş Mont - Hardal,1199.00
Civil Boys Garnili Krinkıl 2-5 Yaş Yağmurluk - Haki,549.00
Civil Boys Basic 10-13 Yaş Yağmurluk - Lacivert,599.00
Civil Boys Torba Cepli 2-5 Yaş Mont - Lacivert,999.00
Civil Boys Ribanalı 6-9 Yaş Mont - Yeşil,699.00
Civil Boys Çift Taraflı İş Makineleri Baskılı 2-5 Yaş Yağmurluk - Kırmızı,349.00
Civil Boys Future Baskılı Kapşonlu 2-5 Yaş Mont - Siyah,799.00
Civil Boys Etiketli Pilot 6-9 Yaş Mont - Haki,799.00
Civil Boys Armalı Trençkot 2-5 Yaş Ceket - Bej,699.00
Civil Boys Balon Cepli 6-9 Yaş Ceket - Haki,599.00
Civil Boys Erkek Çocuk Ceket 6-9 Yaş - Haki,649.00
Civil Boys Parçalı 6-9 Yaş Mont - Lacivert,999.00
Civil Boys Kolu Cepli Parka 10-13 Yaş Mont - Gri,1499.00
Civil Boys Basic 6-9 Yaş Yağmurluk - Yeşil,799.00
Civil Boys Kapşonlu Welsoflu Pilot 2-5 Yaş Mont - Lacivert,999.00
Civil Boys İçi Polarlı Basic 2-5 Yaş Yağmurluk - Bordo,399.00
Civil Boys Ribanalı 6-9 Yaş Mont - Kırmızı,699.00
Civil Boys Kapak Cepli Kapşonlu 2-5 Yaş Yağmurluk - Bej,209.99
Civil Boys Basic 10-13 Yaş Yağmurluk - Lacivert,179.99
Civil Boys CL Nakışlı Armalı Kolej 6-9 Yaş Ceket - Siyah,699.00
Civil Boys Kapşonlu Welsoflu Pilot 6-9 Yaş Mont - Haki,999.00
Civil Boys Basic 2-5 Yaş Yağmurluk - Yeşil,799.00
Civil Boys Kapşonlu Şişme 10-13 Yaş Mont - Gri,999.00
Civil Boys Kolu Cepli 10-13 Yaş Mont - Haki,999.00
Civil Boys Puan Baskılı 10-13 Yaş Yağmurluk - Lacivert,189.99
Civil Boys Krinkıl Kumaş 6-9 Yaş Yağmurluk - Hardal,399.00
Civil Boys Polarlı Düz 6-9 Yaş Yağmurluk - Yeşil,399.00
Civil Boys Körük Cepli 10-13 Yaş Mont - Bej,1499.00
Civil Boys Kapşonu Kürklü 2-5 Yaş Mont - Kahverengi,1499.00
Civil Boys İçi Polarlı Basic 10-13 Yaş Yağmurluk - Yeşil,449.00
Civil Boys Garnili Krinkıl 6-9 Yaş Yağmurluk - Haki,649.00
Civil Boys Garnili 6-9 Yaş Yağmurluk - Yeşil,499.00
Civil Boys Geometri Baskılı 2-5 Yaş Yağmurluk - Mavi,189.99
Civil Boys Basic 6-9 Yaş Yağmurluk - Lacivert,749.00
Civil Boys Erkek Çocuk Ceket 6-9 Yaş - Siyah,649.00
Civil Boys Garnili 6-9 Yaş Yağmurluk - Gri,499.00
Civil Boys Ribanalı 2-5 Yaş Mont - Yeşil,699.00
Civil Boys Kapak Cepli Kapşonlu 2-5 Yaş Yağmurluk - Haki,209.99
Civil Boys Kapak Cepli Kol Fermuar Cep 6-9 Yaş Ceket - Siyah,499.00
Civil Boys Gömlek Yakalı 2-5 Yaş Mont - Turuncu,799.00
Civil Boys Dinozor Baskılı 2-5 Yaş Mont - Lacivert,999.00
Civil Boys Polarlı Düz 10-13 Yaş Yağmurluk - Yeşil,399.00
Civil Boys Basic 2-5 Yaş Yağmurluk - Siyah,749.00
Civil Boys Basic 2-5 Yaş Yağmurluk - Lacivert,749.00
Civil Boys İçi Polarlı Basic 2-5 Yaş Yağmurluk - Yeşil,399.00
Civil Boys Kolu Cepli Parka 10-13 Yaş Mont - Bej,1499.00
Civil Boys Astronot Baskılı 2-5 Yaş Mont - Gri,999.00
Civil Boys Ribanalı 2-5 Yaş Mont - Lacivert,699.00
Civil Boys Martı Baskılı 2-5 Yaş Yağmurluk - Sarı,189.99
Civil Boys Kapak Cepli Kürklü 6-9 Yaş Mont - Hardal,1199.00
Civil Boys Torba Cepli 2-5 Yaş Mont - Gri,999.00
Civil Boys Ray Desenli Parlak 2-5 Yaş Mont - Kırmızı,699.00
Civil Boys Ray Desenli Parlak 2-5 Yaş Mont - Yeşil,699.00
Civil Boys Kamuflaj Empirme Baskılı 6-9 Yaş Yağmurluk - Mavi,399.00
Civil Boys Kapak Cepli Parçalı 2-5 Yaş Mont - Haki,999.00
Civil Boys Gömlek Yakalı 2-5 Yaş Mont - Haki,1999.00
Civil Boys Ray Desenli Parlak 2-5 Yaş Mont - Mavi,699.00
Civil Boys Garnili 2-5 Yaş Yağmurluk - Gri,449.00
Civil Boys Gömlek Yakalı 10-13 Yaş Mont - Haki,2199.00
Civil Boys Puan Baskılı 6-9 Yaş Yağmurluk - Siyah,189.99
Civil Boys Düğme Detaylı 2-5 Yaş Yağmurluk - Lacivert,209.99
Civil Boys Dinozor Baskılı 2-5 Yaş Yağmurluk - Haki,399.00
Civil Boys Fermuarlı Cepli 6-9 Yaş Ceket - Siyah,949.00
Civil Boys Kapşonu Kürklü 2-5 Yaş Mont - Haki,1499.00
Civil Boys Çift Taraflı Hayvanlar Baskılı 2-5 Yaş Yağmurluk - Gri,349.00
Civil Boys İçi Polarlı Basic 6-9 Yaş Yağmurluk - Yeşil,449.00
Civil Boys Krinkıl Kumaş 2-5 Yaş Yağmurluk - Gri,349.00
Civil Boys Ax Etiketli Kapak Cepli 10-13 Yaş Mont - Haki,1199.00
Civil Boys İçi Polarlı Basic 6-9 Yaş Yağmurluk - Bordo,449.00
Civil Boys Ready Baskılı Torba Cepli 2-5 Yaş Yağmurluk - Gri,449.00
Civil Boys İçi Polarlı Basic 10-13 Yaş Yağmurluk - Siyah,449.00
Civil Boys Basic 10-13 Yaş Yağmurluk - Haki,599.00
Civil Boys Kapitone Owersize 2-5 Yaş Mont - Gri,799.00
Civil Boys Ray Desenli Parlak 10-13 Yaş Mont - Mavi,699.00
Civil Boys Çift Cepli Kapşonlu 6-9 Yaş Ceket - Bej,599.00
Civil Boys Ribanalı 6-9 Yaş Mont - Lacivert,699.00
Civil Boys İçi Polarlı Basic 2-5 Yaş Yağmurluk - Sarı,399.00
Civil Boys Basic 6-9 Yaş Yağmurluk - Lacivert,169.99
Civil Boys Ray Dikişli 10-13 Yaş Mont - Lacivert,699.00
Civil Boys Ray Desenli Parlak 2-5 Yaş Mont - Hardal,699.00
Civil Boys Biyeli 6-9 Yaş Mont - Haki,499.00
Civil Boys Torba Cepli 10-13 Yaş Mont - Bej,1199.00
Civil Boys Yelken Baskılı 2-5 Yaş Yağmurluk - Mavi,189.99
Civil Boys Kürk Kapşonlu 2-5 Yaş Mont - Bej,999.00
Civil Boys Düğmeli Cepli Kapşonlu 2-5 Yaş Yağmurluk - Haki,209.99
Civil Boys Garnili Krinkıl 6-9 Yaş Yağmurluk - Turuncu,649.00
Civil Boys Kamuflajlı Parçalı 10-13 Yaş Mont - Turuncu,1199.00
Civil Boys Puan Baskılı 6-9 Yaş Yağmurluk - Lacivert,189.99
Civil Boys Reflektör Garnili 10-13 Yaş Mont - Lacivert,1199.00
Civil Boys Spaceworld Empirme Baskılı 2-5 Yaş Yağmurluk - Lacivert,399.00
Civil Boys Balon Cepli 6-9 Yaş Ceket - Siyah,599.00
Civil Boys Basic 2-5 Yaş Yağmurluk - Mavi,449.00
Civil Boys Basic 6-9 Yaş Pantolon Kot - Siyah,749.00
Civil Boys Dokulu 10-13 Yaş Pantolon - Lacivert,699.00
Civil Boys Kargo Cepli Kadife 2-5 Yaş Pantolon - Gri,349.00
Civil Boys Yan Cepli Baggy Kalıp 10-13 Yaş Pantolon Kot - Mavi,849.00
Civil Boys Bağcıklı Joger Kadife 2-5 Yaş Pantolon - Kahve,349.00
Civil Boys Basic 5 Cep 2-5 Yaş Pantolon - Mavi,649.00
Civil Boys Dokulu 6-9 Yaş Pantolon - Lacivert,699.00
Civil Boys Armürlü Chino 10-13 Yaş Pantolon - Mavi,699.00
Civil Boys Beli Lastikli 10-13 Yaş Pantolon - Haki,699.00
Civil Boys Paçası Lastikli 10-13 Yaş Pantolon - Siyah,749.00
Civil Boys Çift Cepli 6-9 Yaş Pantolon - Siyah,799.00
Civil Boys Armürlü Chino 10-13 Yaş Pantolon - Haki,699.00
Civil Boys Beli Paçası Lastikli 10-13 Yaş Pantolon - Siyah,499.00
Civil Boys Basic 5 Cep 10-13 Yaş Pantolon - Siyah,699.00
Civil Boys Beli Lastikli 2-5 Yaş Pantolon - Gri,699.00
Civil Boys 5 Cep Basic 6-9 Yaş Pantolon - Beyaz,699.00
Civil Boys Basic 5 Cep 6-9 Yaş Pantolon - Lacivert,499.00
Civil Boys 5 Cep Basic 6-9 Yaş Pantolon - Siyah,699.00
Civil Boys Kargo Cepli 10-13 Yaş Pantolon - Gri,849.00
Civil Boys Bağcıklı Basic 10-13 Yaş Pantolon - Haki,799.00
Civil Boys Çift Cepli 6-9 Yaş Pantolon - Bej,799.00
Civil Boys Bel Paça Lastikli Kargo Cepli 6-9 Yaş Pantolon - Bej,699.00
Civil Boys Kargo Cepli Kadife 6-9 Yaş Pantolon - Bej,399.00
Civil Boys Pike 2-5 Yaş Pantolon - Siyah,499.00
Civil Boys Basic 5 Cep 6-9 Yaş Pantolon - Mavi,699.00
Civil Boys Dizlerden Pensli 10-13 Yaş Pantolon - Siyah,699.00
Civil Boys Basic 5 Cep 2-5 Yaş Pantolon - Siyah,599.00
Civil Boys Cepli Süs Bağcıklı 6-9 Yaş Pantolon - Mavi,799.00
Civil Boys Basic 5 Cep 10-13 Yaş Pantolon - Mavi,749.00
Civil Boys Bel Paça Lastikli Kargo Cepli 6-9 Yaş Pantolon - Siyah,699.00
Civil Boys Çizgili 10-13 Yaş Pantolon - Bej,799.00
Civil Boys Bel Paça Lastikli Kargo Cepli 6-9 Yaş Pantolon - Gri,699.00
Civil Boys Beli Lastikli Chinno 10-13 Yaş Pantolon - Lacivert,499.00
Civil Boys Bağcıklı Joger Kadife 6-9 Yaş Pantolon - Kahve,399.00
Civil Boys Kargo Cepli Kadife 2-5 Yaş Pantolon - Bej,349.00
Civil Boys Beli Paçası Lastikli 6-9 Yaş Pantolon - Kahverengi,499.00
Civil Boys 5 Cep Basic 2-5 Yaş Pantolon - Siyah,699.00
Civil Boys Dizi Pensli 2-5 Yaş Pantolon Kot - Kahverengi,749.00
Civil Boys Kamuflaj Baskılı 2-5 Yaş Pantolon - Yeşil,249.99
Civil Boys Paçası Lastikli 10-13 Yaş Pantolon - Gri,749.00
Civil Boys Basic 5 Cep 2-5 Yaş Pantolon - Gri,599.00
Civil Boys Yelkenli Nakışlı 2-5 Yaş Pantolon - Turuncu,399.00
Civil Boys Kargo Cepli Kadife 10-13 Yaş Pantolon - Bej,449.00
Civil Boys Erkek Çocuk Yan Cepli Baggy Kalıp 6-9 Yaş Pantolon Kot - Mavi,849.00
Civil Boys Bel Paça Lastikli Kargo Cepli 6-9 Yaş Pantolon - Kahverengi,699.00
Civil Boys Paçası Lastikli 6-9 Yaş Pantolon - Siyah,749.00
Civil Boys Beli Lastikli 10-13 Yaş Pantolon - Yeşil,699.00
Civil Boys Pike 6-9 Yaş Pantolon - Gri,599.00
Civil Boys Basic 5 Cep 6-9 Yaş Pantolon - Siyah,699.00
Civil Boys Kargo Cepli Kadife 10-13 Yaş Pantolon - Gri,449.00
Civil Boys Bağcıklı Basic 2-5 Yaş Pantolon - Haki,799.00
Civil Boys Basic 5 Cep 10-13 Yaş Pantolon - Lacivert,499.00
Civil Boys Beli Lastikli 10-13 Yaş Pantolon - Siyah,699.00
Civil Boys Paçası Lastikli 10-13 Yaş Pantolon - Haki,749.00
Civil Boys Basic 5 Cep 2-5 Yaş Pantolon - Yeşil,599.00
Civil Boys Beli Lastikli 6-9 Yaş Pantolon - Yeşil,699.00
Civil Boys Kargo Cepli Kadife 6-9 Yaş Pantolon - Gri,399.00
Civil Boys 5 Cep Basic 2-5 Yaş Pantolon - Koyu Taş Rengi,699.00
Civil Boys Basic 5 Cep 10-13 Yaş Pantolon - Gri,749.00
Civil Boys Bel Paça Lastikli Kargo Cepli 10-13 Yaş Pantolon - Kahverengi,749.00
Civil Boys Kendinden Çizgili 2-5 Yaş Pantolon - Gri,599.00
Civil Boys Çizgili 10-13 Yaş Pantolon - Lacivert,799.00
Civil Boys Bağcıklı Basic 6-9 Yaş Pantolon - Mavi,799.00
Civil Boys Çift Cepli 10-13 Yaş Pantolon - Bej,799.00
Civil Boys Paçası Lastikli 6-9 Yaş Pantolon - Bej,749.00
Civil Boys Bel Paça Lastikli Kargo Cepli 2-5 Yaş Pantolon - Kahverengi,649.00
Civil Boys Bağcıklı Basic 2-5 Yaş Pantolon - Kahve,799.00
Civil Boys Çizgili 2-5 Yaş Pantolon - Haki,799.00
Civil Boys Pike 2-5 Yaş Pantolon - Bej,499.00
Civil Boys Baggy Kalıp 6-9 Yaş Pantolon Kot - Siyah,749.00
Civil Boys Basic 5 Cep 2-5 Yaş Pantolon - Siyah,649.00
Civil Boys Basic 5 Cep 6-9 Yaş Pantolon - Siyah,649.00
Civil Boys Beli Lastikli Jogger 6-9 Yaş Pantolon Kot - Mavi,699.00
Civil Boys Pike 2-5 Yaş Pantolon - Gri,499.00
Civil Boys 5 Cep Basic 6-9 Yaş Pantolon - Koyu Taş Rengi,699.00
Civil Boys Bel Paça Lastikli Parçalı 10-13 Yaş Pantolon - Siyah,849.00
Civil Boys Dizi Pensli 6-9 Yaş Pantolon Kot - Turuncu,849.00
Civil Boys Basic 10-13 Yaş Pantolon - Siyah,649.00
Civil Boys New Styl Armalı Beli Lastikli 6-9 Yaş Pantolon - Siyah,599.00
Civil Boys Beli Lastikli 2-5 Yaş Pantolon - Siyah,699.00
Civil Boys Baggy Kalıp 6-9 Yaş Pantolon Kot - Turuncu,749.00
Civil Boys Kendinden Desenli Cepli 6-9 Yaş Pantolon - Mavi,749.00
Civil Boys Bel Paça Lastikli Kargo Cepli 2-5 Yaş Pantolon - Siyah,649.00
Civil Boys Beli Lastikli Chinno 6-9 Yaş Pantolon - Kahverengi,499.00
Civil Boys Bağcıklı Basic 6-9 Yaş Pantolon - Haki,799.00
Civil Boys Bel Paça Lastikli Parçalı 2-5 Yaş Pantolon - Siyah,749.00
Civil Boys Bağcıklı Basic 2-5 Yaş Pantolon - Mavi,799.00
Civil Boys Basic 5 Cep 10-13 Yaş Pantolon - Mavi,699.00
Civil Boys Bağcıklı Basic 6-9 Yaş Pantolon - Kahve,799.00
Civil Boys Bel Paça Lastikli Kargo Cepli 2-5 Yaş Pantolon - Gri,649.00
Civil Boys Yandan Cepli 6-9 Yaş Pantolon - Kahve,699.00
Civil Boys Dizüstü Cepli 2-5 Yaş Pantolon - Gri,349.00
Civil Boys 5 Cep Basic 2-5 Yaş Pantolon - Beyaz,699.00
Civil Boys Beli Lastikli 10-13 Yaş Pantolon - Gri,699.00
Civil Boys Beli Lastikli Jogger 6-9 Yaş Pantolon Kot - Siyah,699.00
Civil Boys Paçası Lastikli 2-5 Yaş Pantolon - Haki,699.00
Civil Boys Basic 5 Cep 6-9 Yaş Pantolon - Mavi,699.00
Civil Boys Beli Lastikli 2-5 Yaş Pantolon - Haki,699.00
Civil Boys Basic Çizgili 6-9 Yaş Pantolon Kot - Mavi,749.00
Civil Boys Pike 6-9 Yaş Pantolon - Bej,599.00
Civil Boys Armalı Süs Bağcıklı 6-9 Yaş Pantolon - Kahve,299.00
Civil Boys Beli Lastikli 2-5 Yaş Pantolon - Yeşil,699.00
Civil Boys Dokulu 6-9 Yaş Pantolon - Beyaz,699.00
Civil Boys Slopet Askılı 2-5 Yaş Pantolon - Turuncu,449.00
Civil Boys Beli Lastikli Chinno 10-13 Yaş Pantolon - Siyah,499.00
Civil Boys Ayıcık Nakışlı 2-5 Yaş Pantolon - Koyu Taş Rengi,799.00
Civil Boys Beli Lastikli Jogger 2-5 Yaş Pantolon Kot - Siyah,699.00
Civil Boys Basic 5 Cep 6-9 Yaş Pantolon - Gri,649.00
Civil Boys 5 Cep Basic 6-9 Yaş Pantolon - Kahverengi,699.00
Civil Boys Basic 2-5 Yaş Pantolon Kot - Siyah,699.00
Civil Boys Çift Cepli 10-13 Yaş Pantolon - Siyah,799.00
Civil Boys Pike 6-9 Yaş Pantolon - Siyah,599.00
Civil Boys Bağcıklı Joger Kadife 6-9 Yaş Pantolon - Haki,399.00
Civil Boys Yan Cepli Baggy Kalıp 10-13 Yaş Pantolon Kot - Mavi,849.00
Civil Boys Paçası Lastikli 6-9 Yaş Pantolon - Haki,749.00
Civil Boys Paçası Lastikli 2-5 Yaş Pantolon - Gri,699.00
Civil Boys Basic 5 Cep 6-9 Yaş Pantolon - Gri,699.00
Civil Boys Basic 5 Cep 2-5 Yaş Pantolon - Gri,649.00
Civil Boys Paçası Lastikli 6-9 Yaş Pantolon - Gri,749.00
Civil Boys Baggy Kalıp 2-5 Yaş Pantolon Kot - Siyah,699.00
Civil Boys Çizgili 2-5 Yaş Pantolon - Bej,799.00
Civil Boys Basic 5 Cep 2-5 Yaş Pantolon - Mavi,649.00
Civil Boys Bel Paça Lastikli Kargo Cepli 10-13 Yaş Pantolon - Siyah,749.00
Civil Boys Basic 5 Cep 2-5 Yaş Pantolon - Mavi,599.00
Civil Boys Basic 5 Cep 2-5 Yaş Pantolon - Gri,649.00
Civil Boys Basic 6-9 Yaş Pantolon - Siyah,599.00
Civil Boys Dizi Pensli 2-5 Yaş Pantolon Kot - Mavi,749.00
Civil Boys Armürlü Chino 6-9 Yaş Pantolon - Haki,699.00
Civil Boys Bel Paça Lastikli Kargo Cepli 10-13 Yaş Pantolon - Gri,749.00
Civil Boys Süs Bağcıklı 2-5 Yaş Pantolon - Lacivert,649.00
Civil Boys Klasik İpli 2-5 Yaş Pantolon - Mavi,299.00
Civil Boys Dokulu 2-5 Yaş Pantolon - Lacivert,699.00
Civil Boys Bağcıklı Basic 10-13 Yaş Pantolon - Kahve,799.00
Civil Boys Beli Paçası Lastikli 10-13 Yaş Pantolon - Kahverengi,499.00
Civil Boys Paçası Lastikli 10-13 Yaş Pantolon - Bej,749.00
Civil Boys Basic Çizgili 2-5 Yaş Pantolon Kot - Mavi,749.00
Civil Boys Basic 5 Cep 6-9 Yaş Pantolon - Mavi,649.00
Civil Boys Pike 10-13 Yaş Pantolon - Siyah,599.00
Civil Boys Basic 5 Cep 10-13 Yaş Pantolon - Mavi,749.00
Civil Boys Yan Cepli Baggy Kalıp 10-13 Yaş Pantolon Kot - Siyah,849.00
4885-3 Civil Boys Baggy Kalıp 10-13 Yaş Pantolon Kot - Siyah,799.00
Civil Boys Basic 5 Cep 10-13 Yaş Pantolon - Siyah,749.00
Civil Boys Pike 10-13 Yaş Pantolon - Gri,599.00
Civil Boys Kargo Cepli 6-9 Yaş Pantolon - Gri,799.00
Civil Boys Ayıcık Nakışlı 2-5 Yaş Pantolon - Kahverengi,799.00
Civil Boys Yelkenli Nakışlı 2-5 Yaş Pantolon - Hardal,399.00
Civil Boys Baggy Kalıp 2-5 Yaş Pantolon Kot - Mavi,699.00
Civil Boys Bel Paça Lastikli Düz 10-13 Yaş Pantolon - Bej,549.00
Civil Boys Bel Paça Lastikli Düz 10-13 Yaş Pantolon - Yeşil,549.00
Civil Boys Çizgili 6-9 Yaş Pantolon - Bej,799.00
Civil Boys Bel Paça Lastikli Parçalı 10-13 Yaş Pantolon - Mavi,849.00
Civil Boys Erkek Çocuk Yan Cepli Baggy Kalıp 6-9 Yaş Pantolon Kot - Siyah,849.00
Civil Boys Basic 5 Cep 10-13 Yaş Pantolon - Gri,699.00
Civil Boys 5 Cep Basic 2-5 Yaş Pantolon - Gri,699.00
Civil Boys Basic 5 Cep 2-5 Yaş Pantolon - Lacivert,599.00
Civil Boys Kargo Cepli 10-13 Yaş Pantolon - Haki,749.00
Civil Boys Beli Lastikli 6-9 Yaş Pantolon - Siyah,699.00
Civil Boys Paçası Lastikli 2-5 Yaş Pantolon - Bej,699.00
Civil Boys Pike 10-13 Yaş Pantolon - Bej,599.00
Civil Boys Basic 5 Cep 6-9 Yaş Pantolon - Mavi,699.00
Civil Boys Bel Paça Lastikli Kargo Cepli 10-13 Yaş Pantolon - Bej,749.00
Civil Boys Yelkenli Nakışlı 6-9 Yaş Pantolon - Hardal,399.00
Civil Boys Köpekbalığı Armalı 2-5 Yaş Pantolon - Lacivert,599.00
Civil Boys Basic Çizgili 6-9 Yaş Pantolon Kot - Gri,749.00
Civil Boys Desenli Cepli 6-9 Yaş Pantolon - Yeşil,749.00
Civil Boys Basic 5 Cep 10-13 Yaş Pantolon - Mavi,749.00
Civil Boys Dizi Pensli 10-13 Yaş Pantolon Kot - Turuncu,899.00
Civil Boys Beli Lastikli 6-9 Yaş Pantolon - Haki,699.00
Civil Boys Dokulu 2-5 Yaş Pantolon - Beyaz,699.00
Civil Boys Basic 5 Cep 6-9 Yaş Pantolon - Mavi,649.00
Civil Boys Bel Paça Lastikli Kargo Cepli 2-5 Yaş Pantolon - Bej,649.00
Civil Boys Baggy Kalıp 2-5 Yaş Pantolon Kot - Turuncu,699.00
Civil Boys Bel Paça Lastikli Parçalı 6-9 Yaş Pantolon - Siyah,799.00
Civil Boys 5 Cep Basic 6-9 Yaş Pantolon - Gri,699.00
Civil Boys Yelkenli Nakışlı 2-5 Yaş Pantolon - Mavi,399.00
Civil Boys Yelkenli Nakışlı 2-5 Yaş Pantolon - Haki,399.00
Civil Boys Paçası Lastikli 2-5 Yaş Pantolon - Siyah,699.00
Civil Boys Basic 5 Cep 2-5 Yaş Pantolon - Mavi,599.00
Civil Boys Dokulu 10-13 Yaş Pantolon - Beyaz,699.00
Civil Boys Erkek Çocuk Yan Cepli Baggy Kalıp 6-9 Yaş Pantolon Kot - Mavi,849.00
Civil Boys Kamuflaj Baskılı 2-5 Yaş Pantolon - Mavi,249.99
Civil Boys Basic 5 Cep 10-13 Yaş Pantolon - Kahverengi,499.00
Civil Boys Bel Paça Lastikli Düz 2-5 Yaş Pantolon - Kahverengi,499.00
Civil Boys Basic 5 Cep 2-5 Yaş Pantolon - Mavi,649.00
Civil Boys Armürlü Chino 2-5 Yaş Pantolon - Mavi,599.00
Civil Boys Beli Lastikli 6-9 Yaş Pantolon - Gri,699.00
Civil Boys 5 Cep Basic 2-5 Yaş Pantolon - Mavi,699.00
Civil Boys Armürlü Chino 6-9 Yaş Pantolon - Mavi,699.00
Civil Boys Basic 5 Cep 6-9 Yaş Pantolon - Gri,699.00
Civil Boys Bel Paça Lastikli Parçalı 6-9 Yaş Pantolon - Mavi,799.00
4885-3 Civil Boys Baggy Kalıp 10-13 Yaş Pantolon Kot - Turuncu,799.00
Civil Boys Beli Lastikli Chinno 10-13 Yaş Pantolon - Kahverengi,499.00
Civil Boys Basic 5 Cep 2-5 Yaş Pantolon - Gri,599.00
Civil Boys Bağcıklı Basic 10-13 Yaş Pantolon - Mavi,799.00
Civil Boys Basic Çizgili 2-5 Yaş Pantolon Kot - Gri,749.00
Civil Boys Armürlü Chino 2-5 Yaş Pantolon - Haki,599.00
Civil Boys Beli Lastikli Jogger 2-5 Yaş Pantolon Kot - Mavi,699.00
Civil Boys Dizlerden Pensli 6-9 Yaş Pantolon - Siyah,649.00
Civil Boys Cepleri Çizgili 2-5 Yaş Pantolon - Gri,349.00
Civil Boys Baggy Kalıp 6-9 Yaş Pantolon Kot - Mavi,749.00
Civil Boys Bel Paça Lastikli Parçalı 2-5 Yaş Pantolon - Mavi,749.00
Civil Boys Kendinden Desenli 6-9 Yaş Pantolon - Ekru,799.00
Civil Boys Kamp Empirme 2-5 Yaş Uyku Tulumu - Bej,699.00
Civil Boys Çizgisel Dino Empirme 2-5 Yaş Uyku Tulumu - Bej,499.00
Civil Boys Kapak Cepli Şortlu 2-5 Yaş Slopet - Gri,799.00
Civil Boys Kapak Cepli Şortlu 2-5 Yaş Slopet - Mavi,799.00
Varol Kids Şort 6-9 Yaş Slopet - Mavi,299.00
Civil Boys Basic Kot 2-5 Yaş Slopet - Gri,499.00
Civil Boys Uzay Emprime Space Baskı 30 Gr Elyaf 2-5 Yaş Uyku Tulumu - Gri,229.99
Civil Boys Colourful Empirme 30 Gr 6-9 Yaş Uyku Tulumu - Fil Dişi,499.00
Civil Boys Bear And Pine Empirme 60 Gr 2-5 yaş Uyku Tulumu - Haki,549.00
Civil Boys Zebralar Empirme 2-5 Yaş Uyku Tulumu - Kahverengi,699.00
Civil Boys İş Makineleri Empirme 90 Gr 6-9 Yaş Uyku Tulumu - Mavi,1099.00
Civil Boys Space Baskılı Uzay Temalı 30 Gr 6-9 Yaş Uyku Tulumu - Ekru,299.00
Civil Boys Çizgili Harf Empirme 90 Gr 6-9 Yaş Uyku Tulumu - Haki,549.00
Civil Boys Baskılı 2-5 Yaş Uyku Tulumu - Bej,499.00
Civil Unisex Deer Empirme 6-9 Yaş Uyku Tulumu - Fil Dişi,799.00
Civil Boys Ayıcık Empirme Düz 6-9 Yaş Uyku Tulumu - Bej,499.00
Civil Boys Kaykaycı Dino Empirme 30 Gr 2-5 Yaş Uyku Tulumu - Mavi,699.00
Civil Boys Uzay Emprime Space Baskı 30 Gr Elyaf 2-5 Yaş Uyku Tulumu - Ekru,229.99
Civil Boys Çizgili Harf Empirme 90 Gr 6-9 Yaş Uyku Tulumu - Bej,549.00
Civil Boys Space Empirme 90 Gr 2-5 Yaş Uyku Tulumu - Lacivert,899.00
Civil Boys Çizgili Harf Empirme 90 Gr 2-5 YAŞ Uyku Tulumu - Haki,449.00
Civil Boys Yeniyıl Empirme 90 Gr 6-9 Yaş Uyku Tulumu - Lacivert,1099.00
Civil Boys Yeniyıl Empirme 90 Gr 2-5 Yaş Uyku Tulumu - Lacivert,899.00
Civil Boys Dost Hayvanlar 60 Gr 2-5 Yaş Uyku Tulumu - Gri,349.99
Civil Boys Colourful Empirme 30 Gr 2-5 Yaş Uyku Tulumu - Fil Dişi,499.00
Civil Boys Baby Dino 90 Gr 2-5 Yaş Uyku Tulumu - Lacivert,349.00
Civil Boys Kuzu 90 Gr 6-9 Yaş Uyku Tulumu - Haki,399.99
Civil Boys Space Baskılı Uzay Temalı 30 Gr 6-9 Yaş Uyku Tulumu - Gri,299.00
Civil Boys Roar Dino Empirme 30 Gr 6-9 Yaş Uyku Tulumu - Gri,899.00
Civil Boys Sevimli Hayvanlar Empirme 60 Gr 2-5 Yaş Uyku Tulumu - Bej,699.00
Civil Unisex Deer Empirme 2-5 Yaş Uyku Tulumu - Fil Dişi,699.00
Civil Boys Baskılı 2-5 Yaş Uyku Tulumu - Bej,499.00
Civil Boys Çizgisel Dino Empirme 6-9 Yaş Uyku Tulumu - Bej,499.00
Civil Boys Dıno Baskılı 3'lü Set 2-4 Yaş Sweatshirt,599.00
Civil Boys Timsah Empirme 2-5 Yaş Sweatshirt - Siyah,299.00
Civil Boys Mountaın Baskılı 10-13 Yaş Sweatshirt - Turuncu,499.00
Civil Boys Karyoka Dikişli 2-5 Yaş Sweatshirt - Kahve,299.00
Civil Boys Everybody Dance Baskılı 2-5 Yaş Sweatshirt - Bej,199.99
Civil Boys Biyeli Yarım Fermuarlı 10-13 Yaş Sweatshirt - Yeşil,349.00
Civil Boys Be You But Cooler Baskılı 6-9 Yaş Sweatshirt - Siyah,149.99
Civil Boys New York Baskılı 2-5 Yaş Sweatshirt - Gri,249.99
Civil Boys Aslan Nakışlı 2-5 Yaş Sweatshirt - Yeşil,399.00
Civil Boys Panda Nakışlı2-5 Yaş Sweatshirt - Hardal,299.00
Superman Logo Baskılı 2-5 Yaş Sweatshirt - Gri,299.00
Civil Boys Play To Wın Baskılı 6-9 Yaş Sweatshirt - Ekru,149.99
Civil Boys Hey Ayı Baskılı 2-5 Yaş Sweatshirt - Bej,249.99
Civil Boys Be Art Baskılı 2-5 Yaş Sweatshirt - Yeşil,179.99
Civil Boys Skate Dama Baskılı 2-5 Yaş Sweatshirt - Gri,299.00
Civil Boys Ay Desenli 2-5 Yaş Sweatshirt - Mavi,299.00
Civil Boys Düz Cepli 6-9 Yaş Sweatshirt - Gri,499.00
Civil Boys Dino Roar Baskılı 2-5 Yaş Sweatshirt - Gri,249.99
Civil Boys Fermuarlı Armalı Polar 10-13 Yaş Sweatshirt - Siyah,399.00
Civil Boys Mountaın Baskılı 6-9 Yaş Sweatshirt - Turuncu,399.00
Civil Boys Brokoklyn Nakışlı 10-13 Yaş Sweatshirt - Ekru,399.00
Civil Boys Super Baskılı 2-5 Yaş Sweatshirt - Bej,349.00
Civil Boys Cvl Team Etiketli 2-5 Yaş Sweatshirt - Mavi,349.00
Civil Boys Street Gamer Baskılı 2-5 Yaş Sweatshirt - Ekru,179.99
Civil Boys Dinozor Nakışlı 2-5 Yaş Sweatshirt - Mavi,249.99
Civil Boys Pola Yaka 10-13 Yaş Sweatshirt - Gri,249.99
Civil Boys Bear Baskı-Nakışlı 2-5 Yaş Sweatshirt - Bej,249.99
Civil Boys Jakar Petek 6-9 Yaş Sweatshirt - Bej,349.00
Civil Boys Parçalı Polar 2-5 Yaş Sweatshirt - Bej,349.00
Civil Boys Skaterboard Baskılı 3'lü Set 2-5 Yaş Sweatshirt,599.00
Civil Boys Yıldız Empirme Baskılı 2-5 Yaş Sweatshirt - Mavi,349.00
Civil Boys Tokyo Araba Baskılı 2-5 Yaş Sweatshirt - Ekru,129.99
Civil Boys Qr Kod Etiketli Kapşonlu 2-5 Yaş Sweatshirt - Bej,349.00
Ben10 Baskılı 2-5 Yaş Sweatshirt - Gri,299.00
Civil Boys Yelken 10-13 Yaş Sweatshirt - Fil Dişi,219.99
Civil Boys Los Angeles Baskılı 2-5 Yaş Sweatshirt - Gri,299.00
Civil Boys Cool Dino Baskılı 3'lü Set 2-4 Yaş Sweatshirt,549.00
Civil Boys Jakar Petek 2-5 Yaş Sweatshirt - Bej,199.99
Civil Boys Erkek Çocuk Sweatshirt 2-5 Yaş - Mavi,199.99
Civil Boys Two Nakışlı 2-5 Yaş Sweatshirt - Bej,349.00
Civil Boys Roads Baskılı 2-5 Yaş Sweatshirt - Mavi,129.99
Civil Boys Tool Baskılı 2-5 Yaş Sweatshirt - Hardal,199.99
Civil Boys Çizgili Yıldız Baskılı 2-5 Yaş Sweatshirt - Bordo,249.99
Civil Boys Biyeli Yarım Fermuarlı 10-13 Yaş Sweatshirt - Bordo,349.00
Civil Boys Cepli 2-5 Yaş Sweatshirt - Mavi,349.00
Civil Boys Ayı Nakışlı 10-13 Yaş Sweatshirt - Siyah,299.00
Civil Boys Adventure Baskılı 6-9 Yaş Sweatshirt - Haki,299.00
Civil Boys Race Baskı 2-5 Yaş Sweat - Ekru,179.99
Batman Baskılı 10-13 Yaş Sweatshirt - Beyaz,269.00
Civil Boys Fun Baskılı 2-5 Yaş Sweatshirt - Siyah,299.00
Civil Boys Player Baskılı 6-9 Yaş Sweatshirt - Gri,149.99
Civil Boys Adventure Baskılı 10-13 Yaş Sweatshirt - Haki,299.00
Civil Boys Süs Düğmeli 2-5 Yaş Sweatshirt - Bej,349.00
Civil Boys Roads Baskılı 2-5 Yaş Sweatshirt - Sarı,129.99
Civil Boys Dinozor Nakışlı 2-5 Yaş Sweatshirt - Yeşil,249.99
Civil Boys Kovboy Kaktüs Baskılı 2-5 Yaş Sweatshirt - Hardal,199.99
Batman Baskılı 2-5 Yaş Sweatshirt - Mavi,299.00
Civil Boys Geyik Nakışlı 2-5 Yaş Sweatshirt - Yeşil,199.99
Civil Boys Dama Desenli 6-9 Yaş Sweatshirt - Turuncu,349.00
Tom And Jerry Baskılı 2-5 Yaş Sweatshirt - Hardal,249.99
Civil Boys Basic Selanik 2-5 Yaş Sweatshirt - Gri,199.99
Civil Boys Cool Baskılı 2-5 Yaş Sweatshirt - Haki,199.99
Civil Boys Yakası Patlı Çizgili 6-9 Yaş Sweatshirt - Yeşil,399.00
Civil Boys Basic 2-5 Yaş Sweatshirt - Siyah,129.99
Civil Boys Yelken 6-9 Yaş Sweatshirt - Fil Dişi,179.99
Civil Boys Dance Party Empirme Baskılı 2-5 Yaş Sweatshirt - Gri,349.00
Civil Boys State Baskılı 6-9 Yaş Sweatshirt - Bordo,149.99
Civil Boys Enjoy Baskılı 2-5 Yaş Sweatshirt - Gri,199.99
Civil Boys Blast Off Baskılı 2-5 Yaş Sweatshirt - Sarı,129.99
Civil Boys Beli Üçgen Armalı 2-5 Yaş Sweatshirt - Haki,349.00
Civil Boys Gamer Baskılı 6-9 Yaş Sweatshirt - Gri,149.99
Civil Boys Aslan Nakışlı 2-5 Yaş Sweatshirt - Bej,399.00
Civil Boys Erkek Çocuk Sweatshirt 2-5 Yaş - Bej,199.99
Civil Boys Renkli Kol 2-5 Yaş Sweatshirt - Bej,199.99
Civil Boys Dinosaur Walk Baskılı 2-5 Yaş Sweatshirt - Mavi,199.99
Tom and Jerry Fermuar Baskılı 2-5 Yaş Sweatshirt - Gri,349.00
Civil Boys Köpek Baskılı 2-5 Yaş Sweatshirt - Mavi,199.99
Civil Boys Karyoka Dikişli 2-5 Yaş Sweatshirt - Haki,299.00
Civil Boys Skate Gofre Baskılı 2-5 Yaş Sweatshirt - Siyah,219.99
Civil Boys Street Skate Baskılı 2-5 Yaş Sweatshirt - Mavi,299.00
Civil Boys Streetball Baskılı 2-5 Yaş Sweatshirt - Gri,299.00
Civil Boys Kaykay Köpek Baskılı 2-5 Yaş Sweatshirt - Yeşil,199.99
Civil Boys Cep Köpek Nakışlı 2-5 Yaş Sweatshirt - Bej,299.00
Civil Boys Cvl Team Etiketli 2-5 Yaş Sweatshirt - Yeşil,399.00
Civil Boys Relax Yıldız Baskılı 6-9 Yaş Sweatshirt - Gri,399.00
Civil Boys Tili Rakun Ayı Baskılı 2-5 Yaş Sweatshirt - Hardal,199.99
Civil Boys Çizgi Empirme 2-5 Yaş Sweatshirt - Bej,299.00
Civil Boys Armalı 2-5 Yaş Sweatshirt - Hardal,349.00
Civil Boys Skater Baskılı 2-5 Yaş Sweatshirt - Turuncu,199.99
Civil Boys Renkli Yıldız Baskılı 2-5 Yaş Sweatshirt - Bordo,249.99
Superman Baskılı 10-13 Yaş Sweatshirt - Sarı,399.00
Civil Boys Prıvate Baskılı 6-9 Yaş Sweatshirt - Gri,449.00
Civil Boys Yıldız Baskılı Çizgili Kapşonlu 2-5 Yaş Sweatshirt - Mavi,299.00
Civil Boys Baseball Baskılı 2-5 Yaş Sweatshirt Km - Yeşil,199.99
Civil Boys Camp Baskılı 2-5 Yaş Sweatshirt - Gri,299.00
Civil Boys Tıger Baskılı 2-5 Yaş Sweatshirt - Mavi,199.99
Civil Boys Kendinden Çizgili 2-5 Yaş Sweatshirt - Bej,399.00
Civil Boys Basic 6-9 Yaş Sweatshirt - Gri,199.99
Civil Boys Cool Days Forever Baskılı 10-13 Yaş Sweatshirt - Gri,149.99
Civil Boys No Etiketli 10-13 Yaş Sweatshırt - Gri,399.00
Civil Boys Lımıt Baskılı 6-9 Yaş Sweatshirt - Bej,249.99
Civil Boys Geometrik Dino Baskılı 2-5 Yaş Sweatshirt - Gri,179.99
Civil Boys Stay Brave Baskılı 2-5 Yaş Sweatshirt - Siyah,129.99
Civil Boys Basic 2-5 Yaş Sweatshirt - Ekru,349.00
Civil Boys Steezy Baskılı 6-9 Yaş Sweatshirt - Mavi,399.00
Civil Boys Foreyer Baskılı 6-9 Yaş Sweatshirt - Siyah,249.99
Civil Boys Cvl Team Etiketli 2-5 Yaş Sweatshirt - Mavi,399.00
Civil Boys Biyeli Yarım Fermuarlı 10-13 Yaş Sweatshirt - Mavi,349.00
Civil Boys Fermuarlı Armalı Polar 10-13 Yaş Sweatshirt - Mavi,399.00
Civil Boys Cvl Team Etiketli 2-5 Yaş Sweatshirt - Kahverengi,349.00
Civil Boys Skater Baskılı 2-5 Yaş Sweatshirt - Turuncu,199.99
Civil Boys Basic 2-5 Yaş Sweatshirt - Gri,349.00
Civil Boys Astronot Baskılı 2-5 Yaş Sweatshirt Km - Mavi,199.99
Civil Boys Biyeli Yarım Fermuarlı 2-5 Yaş Sweatshirt - Bordo,299.00
Civil Boys Cvl Team Etiketli 2-5 Yaş Sweatshirt - Hardal,399.00
Civil Boys Super 92 Baskılı 6-9 Yaş Sweatshirt - Mavi,299.00
Batman Baskılı 2-5 Yaş Sweatshirt - Mavi,349.00
Civil Boys Tokyo Araba Baskılı 2-5 Yaş Sweatshirt - Lacivert,129.99
Civil Boys Stop Yıldız Baskılı 6-9 Yaş Sweatshirt - Bordo,499.00
Civil Boys Sanrio Bad Badtz Maru 2-5 Yaş Sweatshirt - Ekru,139.99
Civil Boys Dino Baskılı 2'li 5-13 Yaş Sweatshirt,499.00
Civil Boys No Etiketli 6-9 Yaş Sweatshırt - Bej,449.00
Civil Boys Urban Empirme 2-5 Yaş Sweatshirt - Gri,349.00
Civil Boys Limited Edition Baskılı 10-13 Yaş Sweatshirt - Gri,149.99
Civil Boys Karyoka Dikişli 6-9 Yaş Sweatshirt - Bej,299.00
Civil Boys State Baskılı 6-9 Yaş Sweatshirt - Yeşil,149.99
Civil Boys Basic Lakos 6-9 Yaş Sweat - Siyah,299.00
Civil Boys Trex Baskılı 2-5 Yaş Sweatshirt - Bej,299.00
Civil Boys Mummys Boy Baskılı 2-5 Yaş Sweatshirt - Mavi,249.99
Civil Boys Gamer Over Baskılı 2-5 Yaş Sweatshirt - Mavi,299.00
Civil Boys Jakarlı Basic 10-13 Yaş Sweatshirt - Bej,349.00
Civil Boys Geyik Nakışlı 2-5 Yaş Sweatshirt - Kırmızı,199.99
Civil Boys C Chıcago Baskılı-Nakışlı 6-9 Yaş Sweatshirt - Gri,449.00
Civil Boys Street Art Baskılı 2-5 Yaş Sweatshirt - Haki,249.99
Civil Boys Karışık Dalga Desenli 6-9 Yaş Sweatshirt - Mavi,399.00
Civil Boys Köpek Baskılı 2-5 Yaş Sweatshirt - Bej,199.99
Civil Boys 1996 Armalı Süs Düğmeli 6-9 Yaş Sweatshirt - Haki,499.00
Civil Boys Banosome Baskılı 6-9 Yaş Sweatshirt - Gri,299.00
Civil Boys Geometrik Desen Baskılı 6-9 Yaş Sweatshirt - Siyah,249.99
Civil Boys Armalı 6-9 Yaş Sweatshirt - Yeşil,399.00
Civil Boys Brooklyn Baskılı 2-5 Yaş Sweatshirt - Lacivert,299.00
Civil Boys Two Nakışlı 2-5 Yaş Sweatshirt - Mavi,349.00
Civil Boys Relax Yıldız Baskılı 6-9 Yaş Sweatshirt - Haki,399.00
Civil Boys Lets Go Timsah Baskılı 2-5 Yaş Sweatshirt - Yeşil,129.99
Civil Boys Graffiti Baskılı 2-5 Yaş Sweatshirt - Mavi,499.00
Civil Boys Lıve in Baskılı 2'li 5-13 Yaş Sweatshirt,399.00
Civil Boys Fermuarlı Armalı Polar 6-9 Yaş Sweatshirt - Mavi,349.00
Civil Boys Brokoklyn Nakışlı 6-9 Yaş Sweatshirt - Ekru,349.00
Civil Boys Street Gamer Baskılı 2-5 Yaş Sweatshirt - Kırmızı,179.99
Civil Boys Kendinden Desenli Kapşonlu 2-5 Yaş Sweatshirt - Bej,399.00
Civil Boys Be You But Cooler Baskılı 6-9 Yaş Sweatshirt - Gri,149.99
Batman Baskılı 10-13 Yaş Sweatshirt - Gri,399.00
Civil Boys Specıal Mıssıon Fun Baskılı 2-5 Yaş Sweatshirt - Haki,349.00
Civil Boys Cosmic Baskılı 2-5 Yaş Sweatshirt - Mavi,199.99
Civil Boys Cou Race Baskılı 2-5 Yaş Sweatshirt - Siyah,249.99
Civil Boys Stay Orıgınal Baskılı 2-5 Yaş Sweatshirt - Bej,349.00
Civil Boys Banosome Baskılı 10-13 Yaş Sweatshirt - Gri,249.99
Civil Boys Play Hard 2-5 Yaş Sweatshirt - Yeşil,299.00
Civil Boys Tili Rakun Ayı Baskılı 2-5 Yaş Sweatshirt - Kahverengi,199.99
Batman Baskılı 10-13 Yaş Sweatshirt - Siyah,399.00
Civil Boys Cehallenge Baskılı 2-5 Yaş Sweatshirt - Mavi,299.00
Civil Boys Okay Baskılı 6-9 Yaş Sweatshirt - Yeşil,399.00
Civil Boys Lets Play Konsol Baskılı 6-9 Yaş Sweatshirt - Bej,499.00
Civil Boys Whıte Fox Baskılı 6-9 Yaş Sweatshirt - Mavi,299.00
Civil Boys Ayıcık Empirme 2-5 Yaş Sweatshirt - Bej,199.99
Civil Boys Jakar Petek 2-5 Yaş Sweatshirt - Bordo,199.99
Civil Boys Cvl Team Etiketli 2-5 Yaş Sweatshirt - Yeşil,399.00
Civil Boys Baseball Baskılı 2-5 Yaş Sweatshirt Km - Gri,199.99
Civil Boys Köpek Baskılı 2-5 Yaş Sweatshirt - Gri,199.99
Civil Boys Üç Kafadar Baskılı-Nakışlı 2-5 Yaş Sweatshirt - Mavi,249.99
Ben10 Baskılı 2-5 Yaş Sweatshirt - Mavi,299.00
Civil Boys Kamyon Baskılı 2-5 Yaş Sweatshirt Km - Haki,199.99
Civil Boys Whıte Fox Baskılı 6-9 Yaş Sweatshirt - Gri,299.00
Civil Boys Lets Dance Baskılı 2-5 Yaş Sweatshirt - Mavi,349.00
Civil Boys No Etiketli 6-9 Yaş Sweatshırt - Gri,449.00
Civil Boys Cosmic Baskılı 2-5 Yaş Sweatshirt - Bordo,199.99
Civil Boys Giant Rex Baskılı 6-9 Yaş Sweatshirt - Kahve,249.99
Civil Boys Fermuarlı Armalı Polar 6-9 Yaş Sweatshirt - Siyah,349.00
Civil Boys Basic Selanik 2-5 Yaş Sweatshirt - Siyah,199.99
Civil Boys Skater Baskılı 2-5 Yaş Sweatshirt - Bej,179.99
Civil Boys Erkek Çocuk Campus Nakışlı 2-5 Yaş Sweatshirt - Lacivert,249.99
Civil Boys Stop Yıldız Baskılı 6-9 Yaş Sweatshirt - Haki,499.00
Civil Boys Game Baskılı 2-5 Yaş Sweatshirt - Gri,129.99
Civil Boys Whatever Baskılı 6-9 Yaş Sweatshirt - Ekru,199.99
Civil Boys Basic 6-9 Yaş Sweatshirt - Siyah,149.99
Civil Boys Cvl Team Etiketli 2-5 Yaş Sweatshirt - Turuncu,399.00
Civil Boys Always Change Baskılı 6-9 Yaş Sweatshirt - Siyah,499.00
Civil Boys Jakarlı Basic 6-9 Yaş Sweatshirt - Haki,349.00
Civil Boys Mıssıon Baskılı 2-5 Yaş Sweatshirt - Sarı,299.00
Civil Boys Gamer Over Baskılı 2-5 Yaş Sweatshirt - Yeşil,299.00
Civil Boys Peluş Garnili 2-5 Yaş Sweatshirt - Kahverengi,249.99
Civil Boys Dikey Çizgili 6-9 Yaş Sweatshirt - Yeşil,349.00
Civil Boys Fores Buddy Baskılı 2-5 Yaş Sweatshirt - Mavi,199.99
Civil Boys Game Over Baskılı 6-9 Yaş Sweatshirt - Mavi,499.00
Civil Boys Çizgili Canavar Baskılı 2-5 Yaş Sweatshirt - Beyaz,199.99
Civil Boys Winners Baskılı 2-5 Yaş Sweatshirt - Bordo,249.99
Civil Boys Kendinden Çizgili 2-5 Yaş Sweatshirt - Gri,449.00
Civil Boys Kaplumbağa Baskılı 2-5 Yaş Sweatshirt - Fil Dişi,299.00
Civil Boys Çizgili Patlı Kapşonlu 2-5 Yaş Sweatshirt - Bej,449.00
Civil Boys Specıal Mıssıon Fun Baskılı 2-5 Yaş Sweatshirt - Bej,349.00
Civil Boys Geyik Nakışlı 2-5 Yaş Sweatshirt - Kırmızı,199.99
Civil Boys Cvl Team Etiketli 2-5 Yaş Sweatshirt - Bej,399.00
Civil Boys Dinazor Baskılı 2-5 Yaş Sweatshirt - Bej,249.99
Civil Boys Goals Baskılı 2-5 Yaş Sweatshirt - Turuncu,179.99
Civil Boys Urban Baskılı 10-13 Yaş Sweatshirt - Ekru,299.00
Civil Boys Champ Baskılı 6-9 Yaş Sweatshirt - Siyah,449.00
Civil Boys Geometrik Dino Baskılı 2-5 Yaş Sweatshirt - Yeşil,179.99
Superman Baskılı 2-5 Yaş Sweatshirt - Hardal,249.99
Civil Boys Yıldız Baskılı Düğmeli 2-5 Yaş Sweatshirt - Mavi,349.00
Civil Boys Armalı 10-13 Yaş Sweatshirt - Yeşil,399.00
Civil Boys Basic 2-5 Yaş Sweatshirt - Ekru,169.99
Civil Boys Fotoğraf Makinesi Baskılı 2-5 Yaş Sweatshirt - Hardal,199.99
Civil Boys Basic 2-5 Yaş Sweatshirt - Bej,349.00
Civil Boys Awesome Aslan Baskılı 2-5 Yaş Sweatshirt Km - Yeşil,199.99
Civil Boys Newyork Baskılı 2-5 Yaş Sweatshirt - Gri,249.99
Civil Boys Peluş Garnili 2-5 Yaş Sweatshirt - Haki,249.99
Civil Boys Kaykay Köpek Baskılı 2-5 Yaş Sweatshirt - Turuncu,199.99
Ben10 Baskılı 2-5 Yaş Sweatshirt - Gri,299.00
Civil Boys Hnadsome Baskılı 2-5 Yaş Sweatshirt - Mavi,249.99
Civil Boys Ayı Nakışlı 2-5 Yaş Sweatshirt - Mavi,249.99
Civil Boys Street Skate Baskılı 2-5 Yaş Sweatshirt - Gri,249.99
Civil Boys Game Baskılı 2-5 Yaş Sweatshirt - Siyah,129.99
Civil Boys Load Baskılı 2-5 Yaş Sweatshirt - Bej,199.99
Civil Boys Monster Basklı 2-5 Yaş Sweatshirt - Gri,249.99
Civil Boys Armalı 2-5 Yaş Sweatshirt - Kahverengi,349.00
Batman Baskılı 2-5 Yaş Sweatshirt - Hardal,249.99
Kukuli Empirme Kukuli Baskılı 2-5 Yaş Sweatshirt - Hardal,299.00
Civil Boys Cool Team Baskılı 6-9 Yaş Sweatshirt - Gri,299.00
Civil Boys Zeka Küpü iguana Baskılı 2-5 Yaş Sweatshirt - Siyah,199.99
Civil Boys We are all Baskılı 2'li 5-13 Yaş Sweatshirt,499.00
Civil Boys Colour Dinazor Baskılı 2-5 Yaş Sweatshirt - Sarı,129.99
Civil Boys Basic Selanik 2-5 Yaş Sweatshirt - Bej,199.99
Civil Boys Urban Baskılı 6-9 Yaş Sweatshirt - Ekru,249.99
Civil Boys Peluş Garnili 6-9 Yaş Sweatshirt - Haki,299.00
Superman Logo Baskılı 6-9 Yaş Sweatshirt - Gri,349.00
Civil Boys Tokyo Baskılı 2-5 Yaş Yelekli Sweatshirt - Mavi,499.00
Civil Boys 96 Nakışlı 2-5 Yaş Sweatshirt - Haki,199.99
Civil Boys Yıldız Baskılı Çizgili Cepli 2-5 Yaş Sweatshirt - Mavi,349.00
Civil Boys Lets Buıld Baskılı 2-5 Yaş Sweatshirt - Lacivert,249.99
Civil Boys Basic Lakos 10-13 Yaş Sweat - Beyaz,299.00
Civil Boys Game Over Baskılı 10-13 Yaş Sweatshirt - Mavi,499.00
Hello Kitty Sanrio Bad Badtz Maru 2-5 Yaş Sweatshirt - Ekru,139.99
Hellı Kitty Sanrio Bad Badtz Maru 2-5 Yaş Sweatshirt - Ekru,139.99
Batman Baskılı 2-5 Yaş Sweatshirt - Gri,299.00
Civil Boys Northern Baskılı 6-9 Yaş Sweatshirt - Siyah,499.00
Civil Boys Skater Baskılı 2-5 Yaş Sweatshirt - Turuncu,179.99
Civil Boys Süs Düğmeli 2-5 Yaş Sweatshirt - Yeşil,349.00
Civil Boys Go Team Tıger Baskılı 2-5 Yaş Sweatshirt - Lacivert,249.99
Civil Boys College Baskılı 10-13 Yaş Sweatshirt - Gri,349.00
Civil Boys Ay Desenli 2-5 Yaş Sweatshirt - Bej,299.00
Civil Boys Yıldız Baskılı Düğmeli 2-5 Yaş Sweatshirt - Kahverengi,349.00
Civil Boys I Do What Baskılı 2-5 Yaş Sweatshirt - Lacivert,129.99
Civil Boys Bulldozer Baskılı 2-5 Yaş Sweatshirt - Yeşil,249.99
Civil Boys Lost İn Space Baskılı 2-5 Yaş Sweatshirt - Mavi,349.00
Civil Boys Jakarlı Basic 2-5 Yaş Sweatshirt - Gri,199.99
Civil Boys Dadys Boy Baskılı 2-5 Yaş Sweatshirt - Mavi,249.99
Civil Boys Biyeli Yarım Fermuarlı 6-9 Yaş Sweatshirt - Bordo,349.00
Civil Boys Aslan Nakışlı 6-9 Yaş Sweatshirt - Gri,299.00
Civil Boys Erkek Çocuk Timsah Etiketli 2-5 Yaş Sweatshirt - Gri,249.99
Civil Boys Racer Baskılı 2-5 Yaş Sweatshirt - Turuncu,129.99
Civil Boys Aslan Nakışlı 2-5 Yaş Sweatshirt - Mavi,399.00
Civil Boys Nature baskılı 6-9 Yaş Sweatshirt - Ekru,399.00
Civil Boys Urban Art Baskılı 2-5 Yaş Sweatshirt - Yeşil,129.99
Civil Boys Kovboy Kaktüs Baskılı 2-5 Yaş Sweatshirt - Mavi,199.99
Civil Boys Gamer Baskılı 2-5 Yaş Sweatshirt - Gri,179.99
Civil Boys College Baskılı 6-9 Yaş Sweatshirt - Gri,299.00
Civil Boys Basic 6-9 Yaş Sweatshirt - Bej,149.99
Civil Boys Giant Rex Baskılı Kapşonlu 6-9 Yaş Sweatshirt - Gri,349.00
Civil Boys Two Nakışlı 2-5 Yaş Sweatshirt - Yeşil,349.00
Civil Boys Cep Köpek Nakışlı 2-5 Yaş Sweatshirt - Hardal,299.00
Civil Boys Excuses Baskılı 6-9 Yaş Sweatshirt - Siyah,449.00
Civil Boys Limited Edition Baskılı 10-13 Yaş Sweatshirt - Siyah,149.99
Ben10 Baskılı 2-5 Yaş Sweatshirt - Lacivert,299.00
Civil Boys Cvl Team Etiketli 2-5 Yaş Sweatshirt - Gri,349.00
Civil Boys In The Wıld Baskılı 2-5 Yaş Sweatshirt - Turuncu,199.99
Civil Boys Aslan Nakışlı 6-9 Yaş Sweatshirt - Siyah,299.00
Civil Boys Ayı Nakışlı 2-5 Yaş Sweatshirt - Turuncu,249.99
Civil Boys Ready For Baskılı 2-5 Yaş Sweatshirt - Turuncu,249.99
Kukuli Empirme Kukuli Baskılı 2-5 Yaş Sweatshirt - Gri,299.00
Civil Boys Neber Baskılı 6-9 Yaş Sweatshirt - Siyah,349.00
Civil Boys No Etiketli 6-9 Yaş Sweatshırt - Siyah,449.00
Civil Boys Jakarlı Basic 10-13 Yaş Sweatshirt - Mavi,349.00
Civil Boys Fun Baskılı 2-5 Yaş Sweatshirt - Mavi,299.00
Civil Boys Grafiti Empirme Baskılı 6-9 Yaş Sweatshirt - Gri,449.00
Civil Boys Karışık Dalga Desenli 10-13 Yaş Sweatshirt - Mavi,399.00
Civil Boys Dama Desenli 2-5 Yaş Sweatshirt - Haki,499.00
Civil Boys Ayıcık Baskılı 2-5 Yaş Sweatshirt - Bej,199.99
Civil Boys Biyeli Yarım Fermuarlı 6-9 Yaş Sweatshirt - Yeşil,349.00
Civil Boys Every Day Yıldız Baskılı 6-9 Yaş Sweatshirt - Bordo,349.00
Civil Boys Cepli 2-5 Yaş Sweatshirt - Bej,349.00
Civil Boys Trex Roar Baskılı 2-5 Yaş Sweatshirt - Haki,399.00
Civil Boys Never Gıve Up Baskılı 6-9 Yaş Sweatshirt - Turuncu,249.99
Civil Boys Erkek Çocuk Lımıted Baskılı Çizgi Emp. 10-13 Yaş Sweatshirt - Gri,399.00
Civil Boys Köpek Baskılı 2-5 Yaş Sweatshirt - Lacivert,199.99
Civil Boys Erkek Çocuk Cool Star Baskılı 2-5 Yaş Sweatshirt - Bordo,349.00
Civil Boys Süs Düğmeli 2-5 Yaş Sweatshirt - Mavi,349.00
Civil Boys Taksi Baskılı 2-5 Yaş Sweatshirt - Hardal,199.99
Civil Boys Tiger Baskılı - Etiketli 6-9 Yaş Sweatshirt - Lacivert,249.99
Civil Boys Çizgili Sahte Patlı 6-9 Yaş Sweatshirt - Kahve,499.00
Civil Boys Geometrik Dino Baskılı 2-5 Yaş Sweatshirt - Ekru,179.99
Civil Boys Taksi Baskılı 2-5 Yaş Sweatshirt - Gri,199.99
Civil Boys Crash Zone Baskılı 2-5 Yaş Sweatshirt - Bej,179.99
Civil Boys Yakası Patlı Çizgili 2-5 Yaş Sweatshirt - Mavi,349.00
Civil Boys Stay Wıld Anımal Baskılı 2-5 Yaş Sweatshirt - Turuncu,349.00
Civil Boys Erkek Çocuk Great Baskılı 2-5 Yaş Sweatshirt - Yeşil,199.99
Civil Boys No Etiketli 6-9 Yaş Sweatshırt - Bej,449.00
Civil Boys Awesome Aslan Baskılı 2-5 Yaş Sweatshirt Km - Kahverengi,199.99
Civil Boys Jakarlı Basic 6-9 Yaş Sweatshirt - Gri,349.00
Civil Boys Sooo Hungry Baskılı 2-5 Yaş Sweatshirt - Haki,249.99
Civil Boys Cepli Overlok Dikişli 2-5 Yaş Sweatshirt - Bej,449.00
Civil Boys Jakar Petek 6-9 Yaş Sweatshirt - Bordo,349.00
Civil Boys Cvl Team Etiketli 2-5 Yaş Sweatshirt - Kahverengi,399.00
Civil Boys Armalı 2-5 Yaş Sweatshirt - Bej,349.00
Civil Boys Go Wıth Baskılı 6-9 Yaş Sweatshirt - Mavi,549.00
Civil Boys Dance Party Baskılı 2-5 Yaş Sweatshirt - Gri,249.99
Civil Boys Load Baskılı 2-5 Yaş Sweatshirt - Haki,199.99
Civil Boys Süs Patlı 2-5 Yaş Sweatshirt - Gri,299.00
Civil Boys Street Skate Baskılı 2-5 Yaş Sweatshirt - Gri,299.00
Civil Boys Tokyo Baskılı 6-9 Yaş Sweatshirt - Lacivert,149.99
Civil Boys 1996 Armalı Süs Düğmeli 6-9 Yaş Sweatshirt - Hardal,499.00
Civil Boys Düz Cepli 6-9 Yaş Sweatshirt - Ekru,499.00
Civil Boys Basic Lakos 6-9 Yaş Sweat - Beyaz,299.00
Civil Boys Goal Baskılı 2-5 Yaş Sweatshirt - Sarı,129.99
Civil Boys Göz Baskılı Kapşonlu 2-5 Yaş Sweatshirt - Gri,499.00
Civil Boys Fotoğraf Makinesi Baskılı 2-5 Yaş Sweatshirt - Siyah,199.99
Civil Boys Uzay Mekiği Baskılı 2-5 Yaş Sweatshirt Km - Lacivert,199.99
Civil Boys Cebi Surat Nakışlı 2-5 Yaş Sweatshirt - Lacivert,249.99
Civil Boys Basic Selanik 2-5 Yaş Sweatshirt - Haki,199.99
Civil Boys Basic 2-5 Yaş Sweatshirt - Fil Dişi,349.00
Civil Boys Go Team Tıger Baskılı 2-5 Yaş Sweatshirt - Kahve,249.99
Civil Boys Tool Baskılı 2-5 Yaş Sweatshirt - Gri,199.99
Civil Boys Streetball Baskılı 2-5 Yaş Sweatshirt - Gri,299.00
Civil Boys Armalı 2-5 Yaş Sweatshirt - Mavi,349.00
Civil Boys Lımıt Baskılı 10-13 Yaş Sweatshirt - Bej,349.00
Civil Boys Yıldız Baskılı Çizgili Kapşonlu 2-5 Yaş Sweatshirt - Kahverengi,299.00
Civil Boys Cvl Team Etiketli 2-5 Yaş Sweatshirt - Gri,399.00
Civil Boys Erkek Çocuk Great Baskılı 2-5 Yaş Sweatshirt - Turuncu,199.99
Civil Boys Tiger Baskılı - Etiketli 6-9 Yaş Sweatshirt - Bordo,249.99
Civil Boys Karyoka Dikişli 6-9 Yaş Sweatshirt - Kahve,299.00
Civil Boys Jakar Petek 10-13 Yaş Sweatshirt - Bej,349.00
Civil Boys Basic 2-5 Yaş Sweatshirt - Bej,129.99
Civil Boys Armalı Reglan Kol 2-5 Yaş Sweatshirt - Siyah,249.99
Civil Boys Cool Dude Baskı/Nakışlı 2-5 Yaş Sweatshirt - Yeşil,249.99
Civil Boys Karyoka Dikişli 2-5 Yaş Sweatshirt - Gri,349.00
Civil Boys Petek Çizgili 2-5 Yaş Sweatshirt - Kahve,199.99
Civil Boys Peace Quıet Baskılı 6-9 Yaş Sweatshirt - Turuncu,249.99
Civil Boys Armalı 6-9 Yaş Sweatshirt - Hardal,399.00
Civil Boys Ayı Nakışlı 10-13 Yaş Sweatshirt - Gri,299.00
Civil Boys I Do What Baskılı 2-5 Yaş Sweatshirt - Gri,129.99
Civil Boys Etiketli - Micro Garnili 10-13 Yaş Sweatshirt - Gri,499.00
Civil Boys Astronot Baskılı 2-5 Yaş Sweatshirt - Gri,349.00
Civil Boys Gıants Baskılı -Etiketli 6-9 Yaş Sweatshirt - Bej,249.99
Civil Boys Pola Yaka 6-9 Yaş Sweatshirt - Gri,249.99
Civil Boys Gamer Baskılı 6-9 Yaş Sweatshirt - Lacivert,149.99
Civil Boys Racer Baskılı 2-5 Yaş Sweatshirt - Mavi,129.99
Civil Boys Goal Baskılı 2-5 Yaş Sweatshirt - Kırmızı,129.99
Civil Boys No Etiketli 10-13 Yaş Sweatshırt - Bej,399.00
Civil Boys Super Baskılı 2-5 Yaş Sweatshirt - Gri,349.00
Civil Boys Fotoğraf Makinesi Baskılı 2-5 Yaş Sweatshirt - Mavi,199.99
Civil Boys Out Of Thıs Baskılı 2-5 Yaş Sweatshirt - Mavi,129.99
Civil Boys Tokyo Baskılı 6-9 Yaş Sweatshirt - Gri,149.99
Civil Boys Super 92 Baskılı 6-9 Yaş Sweatshirt - Kırmızı,299.00
Civil Boys Never Gıve Up Baskılı 10-13 Yaş Sweatshirt - Turuncu,299.00
Civil Boys Stay Brave Baskılı 2-5 Yaş Sweatshirt - Ekru,129.99
Civil Boys Northern Baskılı 10-13 Yaş Sweatshirt - Siyah,549.00
Civil Boys Ready For Baskılı 2-5 Yaş Sweatshirt - Bej,249.99
Civil Boys No Etiketli 6-9 Yaş Kapüşonlu Sweatshırt - Gri,399.00
Civil Boys Again Baskılı 6-9 Yaş Sweatshirt - Yeşil,349.00
Civil Boys Tiger Baskı-Nakışlı 2-5 Yaş Sweatshirt - Lacivert,349.00
Civil Boys Sanrio Bad Badtz Maru 6-9 Yaş Sweatshirt - Ekru,139.99
Batman Baskılı 2-5 Yaş Sweatshirt - Hardal,299.00
Civil Boys Peluş Garnili 6-9 Yaş Sweatshirt - Kahverengi,299.00
Civil Boys New Generatıon Baskılı 10-13 Yaş Sweatshirt - Ekru,249.99
Civil Boys Termal 3-7 Yaş Sweatshirt - Gri,119.99
Civil Boys Yıldız Baskılı Çizgili Cepli 2-5 Yaş Sweatshirt - Kahverengi,349.00
Civil Boys Longboard Baskılı 2-5 Yaş Sweatshirt - Gri,349.00
Civil Boys Goals Baskılı 2-5 Yaş Sweatshirt - Siyah,179.99
Civil Boys Yaprak Baskılı 2-5 Yaş Sweatshirt - Kırmızı,299.00
Civil Boys No Etiketli 6-9 Yaş Kapüşonlu Sweatshırt - Siyah,399.00
Civil Boys No Etiketli 10-13 Yaş Sweatshırt - Siyah,399.00
Civil Boys Cebi Surat Nakışlı 2-5 Yaş Sweatshirt - Bej,249.99
Civil Boys Timsah Baskılı 2-5 Yaş Sweatshirt - Gri,199.99
Batman Baskılı 2-5 Yaş Sweatshirt - Mavi,249.99
Civil Boys Kamuflaj Desen Baskılı 6-9 Yaş Sweatshirt - Gri,199.99
Civil Boys Erkek Çocuk Black Baskılı 6-9 Yaş Sweatshirt - Siyah,399.00
Civil Boys Dinozor Baskılı 2-5 Yaş Sweatshirt - Turuncu,249.99
Civil Boys Geyik Nakışlı 2-5 Yaş Sweatshirt - Yeşil,199.99
Civil Boys Urban Baskılı 2-5 Yaş Sweatshirt - Gri,199.99
Civil Boys Jakar Petek 10-13 Yaş Sweatshirt - Bordo,349.00
Civil Boys Skate Start Baskılı 2-5 Yaş Sweatshirt - Turuncu,199.99
Civil Boys Skater Baskılı 6-9 Yaş Sweatshirt - Haki,149.99
Civil Boys Cool Days Forever Baskılı 10-13 Yaş Sweatshirt - Ekru,149.99
Civil Boys Jakarlı Basic 6-9 Yaş Sweatshirt - Bej,349.00
Civil Boys Cvl Team Etiketli 2-5 Yaş Sweatshirt - Haki,399.00
Civil Boys Skater Baskılı 2-5 Yaş Sweatshirt - Gri,199.99
Civil Boys Unclear Future Baskılı 10-13 Yaş Sweatshirt - Gri,549.00
Civil Boys Wanna Be Yıldız Baskılı 6-9 Yaş Sweatshirt - Haki,349.00
Civil Boys Urban Art Baskılı 2-5 Yaş Sweatshirt - Turuncu,129.99
Civil Boys Cool Baskılı 2-5 Yaş Sweatshirt - Gri,199.99
Hello Kitty Bad Badtz Maru 6-9 Yaş Sweatshirt - Ekru,139.99
Civil Boys Back To Baskılı 2-5 Yaş Sweatshirt - Lacivert,179.99
Civil Boys Nyc Ayı Baskılı 2-5 Yaş Sweatshirt - Gri,199.99
Civil Boys Dinozor Baskılı 2-5 Yaş Sweatshirt - Gri,249.99
Civil Boys Blast Off Baskılı 2-5 Yaş Sweatshirt - Ekru,129.99
Civil Boys Dino Baskılı 2-5 Yaş Sweatshirt - Gri,249.99
Civil Boys Biyeli Yarım Fermuarlı 6-9 Yaş Sweatshirt - Hardal,349.00
Civil Boys Cou Race Baskılı 2-5 Yaş Sweatshirt - Gri,249.99
Civil Boys Çıkma Kol - Etiketli 6-9 Yaş Sweatshirt - Mavi,249.99
Civil Boys Urban Baskılı Çizgili 6-9 Yaş Sweatshirt - Yeşil,299.00
Civil Boys Biyeli Yarım Fermuarlı 6-9 Yaş Sweatshirt - Mavi,349.00
Civil Boys Out Of Thıs Baskılı 2-5 Yaş Sweatshirt - Gri,129.99
Civil Boys Etiketli - Micro Garnili 6-9 Yaş Sweatshirt - Gri,449.00
Civil Boys Yatay Çizgili 2-5 Yaş Sweatshirt - Lacivert,199.99
Civil Boys Prıvate Baskılı 10-13 Yaş Sweatshirt - Gri,499.00
Civil Boys No Etiketli 10-13 Yaş Sweatshırt - Bej,399.00
Civil Boys Urban Art Baskılı Çizgili 2-5 Yaş Sweatshirt - Mavi,399.00
Civil Boys Cvl Team Etiketli 2-5 Yaş Sweatshirt - Haki,349.00
Civil Boys Kadife Cepli 2-5 Yaş Sweatshirt - Bej,299.00
Civil Boys Champıon Baskılı 10-13 Yaş Sweatshirt - Ekru,249.99
Civil Boys Original Baskılı 6-9 Yaş Sweatshirt - Fil Dişi,149.99
Civil Boys Every Day Yıldız Baskılı 6-9 Yaş Sweatshirt - Haki,349.00
Civil Boys Karyoka Dikişli 2-5 Yaş Sweatshirt - Bej,299.00
Civil Boys Lets Play Konsol Baskılı 10-13 Yaş Sweatshirt - Bej,499.00
Civil Boys Astronot Baskılı 2-5 Yaş Sweatshirt Km - Gri,199.99
Civil Boys Play Hard 2-5 Yaş Sweatshirt - Turuncu,299.00
Civil Boys Fotoğraf Makinesi Baskılı 2-5 Yaş Sweatshirt - Yeşil,199.99
Civil Boys Cepli 2-5 Yaş Sweatshirt - Yeşil,349.00
Civil Boys Trex Club Baskılı 2-5 Yaş Sweatshirt Km - Gri,199.99
Civil Boys Kaykay Canavar Baskılı 2-5 Yaş Sweatshirt - Yeşil,199.99
Civil Boys Unıversıty Baskılı 2-5 Yaş Sweatshirt - Bej,149.99
Civil Boys Cvl Team Etiketli 2-5 Yaş Sweatshirt - Lacivert,399.00
Civil Boys Yıldız Empirme Baskılı 2-5 Yaş Sweatshirt - Haki,349.00
Civil Boys 96 College Nakışlı 2-5 Yaş Sweatshirt - Bej,349.00
Civil Boys Basic 2-5 Yaş Sweatshirt - Mavi,349.00
Civil Boys Kordinat Baskılı 10-13 Yaş Sweatshirt - Gri,499.00
Civil Boys İçi Welsoftlu Balık Sırtı 2-5 Yaş Hırka - Kahverengi,399.00
Civil Boys Every Day Baskılı 6-9 Yaş Yelek - Bordo,249.99
Civil Boys Flipper Baskılı 2-5 Yaş Hırka - Siyah,249.99
Civil Baby Kaşkorse Cepli 6-18 Ay Hırka - Bej,199.99
Civil Boys Everest Armalı Koordinat Empirme 10-13 Yaş Hırka - Haki,349.00
Civil Boys Biyeli Fermuarlı 6-9 Yaş Hırka - Gri,349.00
Civil Boys Original Baskılı 10-13 Yaş Hırka - Lacivert,499.00
Civil Boys Ray Desen Welsoftlu 2-5 Yaş Yelek - Kırmızı,199.99
Civil Boys İcon Nakışlı 2-5 Yaş Ceket - Gri,299.00
Civil Boys Skate King Baskılı 2-5 Yaş Hırka - Siyah,449.00
Civil Boys Wıld Baskılı Tilki Armalı 2-5 Yaş Hırka - Lacivert,499.00
Civil Boys 34 Nakışlı 2-5 Yaş Ceket - Turuncu,209.99
Civil Boys Arabalar Desen Velsoftlu 2-5 Yaş Yelek - Bej,249.99
Civil Boys 34 Nakışlı 2-5 Yaş Ceket - Bej,209.99
Civil Boys 34 Nakışlı 2-5 Yaş Ceket - Haki,209.99
Civil Boys Basic Triko 2-5 Yaş Hırka - Yeşil,249.99
Civil Boys Yıldız Nakışlı 2-5 Yaş Hırka - Haki,249.99
Civil Boys Cvl Deri Etiketli Polar 2-5 Yaş Yelek - Yeşil,249.99
Civil Boys WHY BE Baskılı 6-9 Yaş Hırka - Gri,299.00
Civil Boys Fermuarlı Cepli 6-9 Yaş Hırka - Gri,399.00
Civil Boys Qr Kod Etiketli 2-5 Yaş Yelek - Siyah,349.00
Civil Boys İçi polarlı Etnik Desenli 2-5 Yaş Hırka - Lacivert,449.00
Civil Boys MPH Nakışlı Baskılı 10-13 Yaş Hırka - Lacivert,599.00
Civil Boys Basic Triko 6-9 Yaş Hırka - Gri,249.99
Civil Boys Pike 10-13 Yaş Yelek - Bej,599.00
Civil Boys Basic Triko 6-9 Yaş Hırka - Yeşil,249.99
Civil Boys Always Ready Baskılı 2-5 Yaş Hırka - Mavi,249.99
Civil Boys MPH Nakışlı Baskılı 10-13 Yaş Hırka - Gri,599.00
Civil Boys Ray Desen Welsoftlu 6-9 Yaş Yelek - Lacivert,109.99
Civil Boys Erkek Çocuk Pike 6-9 Yaş Hırka - Siyah,799.00
Civil Boys Arabalar Desen Velsoftlu 2-5 Yaş Yelek - Gri,249.99
Civil Boys Biyeli Fermuarlı 2-5 Yaş Hırka - Kahverengi,349.00
Civil Boys Qr Kod Etiketli 6-9 Yaş Yelek - Siyah,399.00
Civil Boys Kapitone Pike 2-5 Yaş Yelek - Lacivert,499.00
Civil Boys Basic Kot 10-13 Yaş Ceket - Siyah,849.00
Civil Boys İş Makineleri Desen Velsoftlu 2-5 Yaş Yelek - Bej,249.99
Civil Boys Armalı Kapşonlu 10-13 Yaş Hırka - Bej,399.00
Civil Boys İcon Nakışlı 2-5 Yaş Ceket - Turuncu,299.00
Civil Boys Qr Kod Etiketli 2-5 Yaş Yelek - Turuncu,349.00
Civil Boys Arkası Baskılı 2-5 Yaş Hırka - Mavi,249.99
Civil Boys Erkek Çocuk Hırka 2-5 Yaş - Gri,399.00
Civil Boys College Campus Baskılı 2-5 Yaş Hırka - Lacivert,349.00
Civil Boys Ray Desen Welsoftlu 6-9 Yaş Yelek - Mavi,109.99
Civil Boys İcon Nakışlı 2-5 Yaş Ceket - Bordo,299.00
Civil Boys M Nakışlı Ekose Kollu 6-9 Yaş Ceket - Hardal,199.99
Civil Boys Çıt Çıtlı Ray Desen Kapitone 2-5 Yaş Yelek - Yeşil,79.99
Civil Boys Çizgili Desenli 10-13 Yaş Hırka - Bordo,449.00
Civil Boys Pike 2-5 Yaş Hırka - Siyah,699.00
Civil Boys Kapitone Pike 10-13 Yaş Yelek - Kahverengi,499.00
Düt Düt Baskılı Kolej 2-5 Yaş Ceket - Gri,229.99
Civil Boys Ray Desen Welsoftlu 6-9 Yaş Yelek - Haki,249.99
Civil Class Natural Örgü 6-9 Yaş Yelek - Mavi,99.99
Civil Boys Ray Desen Welsoftlu 6-9 Yaş Yelek - Haki,109.99
Civil Boys Kapitone Pike 6-9 Yaş Yelek - Kahverengi,499.00
Civil Boys Çıt Çıtlı Ray Desen Kapitone 2-5 Yaş Yelek - Haki,79.99
Civil Boys Köpek Balığı Baskılı Panço - Lacivert,549.00
Civil Boys Pike 10-13 Yaş Yelek - Gri,599.00
Civil Boys Fitilli Keten 2-5 Yaş Yelek - Lacivert,399.00
Civil Boys Aslan Kapşon Baskılı Sıfır Kol 2-5 Yaş Yelek - Mavi,349.00
Civil Baby Parçalı 6-18 Ay Yelek - Turuncu,199.99
Civil Boys Aslan Kapşon Baskılı Sıfır Kol 2-5 Yaş Yelek - Hardal,349.00
Civil Boys Saç Örgülü İçi Polarlı Kapşonlu 2-5 Yaş Hırka - Yeşil,449.00
Civil Boys Qr Kod Etiketli 10-13 Yaş Yelek - Haki,449.00
Civil Boys Pike 6-9 Yaş Yelek - Bej,499.00
Civil Boys Qr Kod Etiketli 6-9 Yaş Yelek - Turuncu,399.00
Civil Boys Fitilli Keten 2-5 Yaş Yelek - Gri,399.00
Civil Boys Klasik Armürlü 6-9 Yaş Yelek - Yeşil,289.00
Civil Boys Kamuflaj Desen Velsoftlu 6-9 Yaş Yelek - Yeşil,299.00
Civil Boys Ray Desen Welsoftlu 2-5 Yaş Yelek - Mavi,199.99
Civil Boys İcon Nakışlı 2-5 Yaş Ceket - Siyah,209.99
Civil Boys Kamuflaj Desen Velsoftlu 6-9 Yaş Yelek - Mavi,299.00
Civil Boys İcon Nakışlı 2-5 Yaş Ceket - Hardal,209.99
Civil Boys Chıcago Baskılı 10-13 Yaş Hırka - Siyah,399.00
Civil Boys CL Nakışlı Armalı Kolej 10-13 Yaş Ceket - Mavi,699.00
Civil Boys Klasik 6-9 Yaş Yelek - Bej,599.00
Civil Boys Uzay Desen Velsoftlu 2-5 Yaş Yelek - Lacivert,249.99
Civil Boys Kapitone Pike 6-9 Yaş Yelek - Lacivert,499.00
Civil Boys Fitilli Keten 6-9 Yaş Yelek - Gri,399.00
Civil Boys Chıcago Baskılı 6-9 Yaş Hırka - Siyah,349.00
Civil Boys Basic Triko 2-5 Yaş Hırka - Bordo,249.99
Civil Boys Reglan Kol Parçalı 2-5 Yaş Hırka - Haki,399.00
Civil Boys Funk Boys Nakışlı 6-9 Yaş Hırka - Siyah,449.00
Civil Boys Klasik Armürlü 6-9 Yaş Yelek - Bej,289.00
Civil Boys Fitilli Keten 6-9 Yaş Yelek - Lacivert,399.00
Civil Boys Basic Triko 6-9 Yaş Hırka - Lacivert,249.99
Civil Boys Biyeli Fermuarlı 10-13 Yaş Hırka - Bej,349.00
Civil Boys C Nakışlı 2-5 Yaş Hırka - Bej,399.00
Civil Boys M Nakışlı Ekose Kollu 10-13 Yaş Ceket - Hardal,199.99
Civil Boys Fermuarlı Cepli 6-9 Yaş Hırka - Lacivert,399.00
Civil Boys Yıldız Nakışlı 2-5 Yaş Yelek - Bordo,249.99
Civil Boys WHY BE Baskılı 10-13 Yaş Hırka - Gri,349.00
Civil Boys Cvl Deri Etiketli Polar 6-9 Yaş Yelek - Lacivert,299.00
Civil Boys Some Qualıty Baskılı 2-5 Yaş Hırka - Siyah,399.00
Civil Boys Biyeli Fermuarlı 10-13 Yaş Hırka - Gri,349.00
Civil Boys N Nakışlı Deri Kollu 10-13 Yaş Ceket - Siyah,199.99
Civil Boys Kapitone Pike 2-5 Yaş Yelek - Gri,499.00
Civil Boys İcon Nakışlı 2-5 Yaş Ceket - Haki,299.00
Civil Boys Çizgili Klasik 10-13 Yaş Yelek - Gri,499.00
Civil Boys Etiketli - Micro Garnili 10-13 Yaş Hırka - Gri,499.00
Civil Boys Pike 2-5 Yaş Yelek - Bej,449.00
Civil Boys C Nakışlı Çizgili 6-9 Yaş Hırka - Bej,399.00
Civil Boys Pike 2-5 Yaş Hırka - Bej,699.00
Civil Boys Basic Kot 10-13 Yaş Ceket - Mavi,849.00
Civil Boys Yıldız Nakışlı 2-5 Yaş Yelek - Haki,249.99
Civil Boys Ottoman Kolej Hırka 6-9 Yaş Hırka - Siyah,449.00
Civil Boys İcon Nakışlı 2-5 Yaş Ceket - Siyah,299.00
Civil Boys Qr Kod Etiketli 2-5 Yaş Yelek - Haki,349.00
Civil Boys 96 Nakışlı Kolej 2-5 Yaş Hırka - Gri,299.00
Civil Boys Çizgili Desenli 10-13 Yaş Hırka - Gri,449.00
Civil Boys 96 Nakışlı Kolej 2-5 Yaş Hırka - Siyah,299.00
Civil Boys Ray Desen Welsoftlu 2-5 Yaş Yelek - Haki,199.99
Civil Boys Mikro Cepli Fermuarlı 6-9 Yaş Yelek - Haki,549.00
Civil Boys 96 Nakışlı Kolej 2-5 Yaş Hırka - Lacivert,299.00
Civil Boys Arkası Baskılı 2-5 Yaş Hırka - Yeşil,249.99
Civil Boys Yıldız Nakışlı 2-5 Yaş Yelek - Mavi,249.99
Civil Boys İçi polarlı Etnik Desenli 6-9 Yaş Hırka - Lacivert,449.00
Civil Boys Etiketli - Micro Garnili 6-9 Yaş Hırka - Gri,499.00
Civil Boys Yıldız Nakışlı 2-5 Yaş Hırka - Mavi,249.99
Civil Boys Basic Triko 6-9 Yaş Hırka - Mavi,249.99
Civil Boys Ottoman Kolej Hırka 10-13 Yaş Hırka - Gri,499.00
Civil Boys Basic Kot 10-13 Yaş Ceket - Mavi,849.00
Civil Boys C Deri Etiketli 6-9 Yaş Yelek - Kahverengi,99.99
Civil Boys Kapak Cepli Velsoftlu 2-5 Yaş Hırka - Gri,299.00
Civil Boys Çizgili Klasik 6-9 Yaş Yelek - Gri,499.00
Civil Boys Basic Triko 2-5 Yaş Hırka - Mavi,249.99
Civil Boys Oval Parçalı Welsof 10-13 Yaş Hırka - Ekru,499.00
Civil Boys Qr Kod Etiketli 2-5 Yaş Yelek - Kırmızı,349.00
Civil Boys Kolej Atletic Nakışlı Biyeli 6-9 Yaş Hırka - Mavi,399.00
Civil Boys Biyeli Fermuarlı 10-13 Yaş Hırka - Mavi,349.00
Civil Boys Pike 2-5 Yaş Yelek - Gri,449.00
Civil Boys Tiger Baskılı - Etiketli 10-13 Yaş Hırka - Lacivert,699.00
Civil Boys Basic Triko 2-5 Yaş Hırka - Lacivert,249.99
Civil Boys Kapitone Pike 6-9 Yaş Yelek - Gri,499.00
Civil Boys Cepli Fermuarlı 2-5 Yaş Yelek - Mavi,199.99
Civil Boys Dağ Etiketli Kuzu 10-13 Yaş Yelek - Haki,249.99
Civil Boys NY Baskılı Nakışlı 6-9 Yaş Hırka - Lacivert,399.00
Civil Boys Saç Örgülü İçi Polarlı Kapşonlu 2-5 Yaş Hırka - Gri,449.00
Civil Boys Campus Nakışlı Kolej 6-9 Yaş Hırka - Gri,299.00
Civil Boys College Campus Baskılı Kolej 2-5 Yaş Hırka - Kırmızı,449.00
Civil Boys Every Day Baskılı 6-9 Yaş Yelek - Haki,249.99
Civil Boys Biyeli Fermuarlı 6-9 Yaş Hırka - Mavi,349.00
Civil Boys Klasik 10-13 Yaş Yelek - Bej,599.00
Civil Boys Arkası Baskılı 2-5 Yaş Hırka - Turuncu,249.99
Civil Boys Yıldız Nakışlı 2-5 Yaş Hırka - Bordo,249.99
Civil Class Natural Örgü 6-9 Yaş Yelek - Gri,99.99
Civil Boys Baskılı Cepli 6-9 Yaş Yelek - Lacivert,159.99
Civil Boys Nakışlı 6-9 Yaş Ceket - Kırmızı,499.00
Kukuli Baskılı Kolej 2-5 Yaş Ceket - Gri,229.99
Civil Boys Ray Desen Welsoftlu 6-9 Yaş Yelek - Yeşil,249.99
Civil Boys Kapitone Pike 2-5 Yaş Yelek - Kahverengi,499.00
Civil Boys Uzay Desen Velsoftlu 2-5 Yaş Yelek - Gri,249.99
Civil Boys Fermuarlı Fitilli 6-9 Yaş Hırka - Siyah,299.00
Civil Boys Etiketli - Micro Garnili 10-13 Yaş Hırka - Gri,499.00
Civil Boys Kapitone Pike 10-13 Yaş Yelek - Lacivert,499.00
Civil Boys Nakışlı 6-9 Yaş Ceket - Gri,499.00
Civil Baby Çizgisel Dino Empirme 6-18 Ay Yelek - Bej,129.99
Civil Boys CL Nakışlı Armalı Kolej 10-13 Yaş Ceket - Siyah,699.00
Batman Baskılı Panço - Lacivert,599.00
Civil Boys İçi polarlı Kapşonlu 6-9 Yaş Hırka - Gri,499.00
Civil Boys Erkek Çocuk Pike 6-9 Yaş Hırka - Bej,799.00
Civil Boys Biyeli Fermuarlı 2-5 Yaş Hırka - Haki,349.00
Civil Boys Lıttle Fosıl Baskılı 2-5 Yaş Hırka - Haki,299.00
Civil Boys Çıt Çıtlı Ray Desen Kapitone 2-5 Yaş Yelek - Lacivert,79.99
Civil Boys Cvl Deri Etiketli Polar 2-5 Yaş Yelek - Lacivert,249.99
Civil Boys C Nakışlı Çizgili 2-5 Yaş Hırka - Bej,349.00
Civil Boys Timsah Baskılı Panço - Sarı,549.00
Civil Boys Ray Desenli Parlak 10-13 Yaş Yelek - Mavi,699.00
Civil Boys Kamuflaj Desenli Fermuar Cepli 6-9 Yaş Hırka - Yeşil,449.00
Civil Boys Ottoman Kolej Hırka 10-13 Yaş Hırka - Siyah,499.00
Civil Boys Oval Parçalı Welsof 6-9 Yaş Hırka - Ekru,499.00
Civil Boys Ray Desenli Parlak 2-5 Yaş Yelek - Bordo,699.00
Civil Boys Ray Desenli Parlak 2-5 Yaş Yelek - Lacivert,699.00
Civil Boys 34 Nakışlı 2-5 Yaş Ceket - Gri,209.99
Civil Boys Campus Nakışlı Kolej 6-9 Yaş Hırka - Gri,299.00
Civil Boys Biyeli Fermuarlı 6-9 Yaş Hırka - Bej,349.00
Civil Boys İçi polarlı Kapşonlu 10-13 Yaş Hırka - Gri,549.00
Civil Boys Kamuflaj Desenli Fermuar Cepli 2-5 Yaş Hırka - Mavi,399.00
Civil Boys Ray Desen Welsoftlu 6-9 Yaş Yelek - Mavi,249.99
Civil Boys Saç Örgülü İçi Polarlı Kapşonlu 2-5 Yaş Hırka - Lacivert,449.00
Civil Boys Everest Armalı Koordinat Empirme 6-9 Yaş Hırka - Haki,349.00
Civil Boys Reglan Kol Parçalı 2-5 Yaş Hırka - Turuncu,399.00
Civil Boys Awesome Boy Şeritli 10-13 Yaş Yelek - Gri,219.99
Civil Boys Yengeç Baskılı Panço - Yeşil,549.00
Civil Boys Ayı Nakışlı 2-5 Yaş Hırka - Turuncu,299.00
Civil Boys Original Baskılı 6-9 Yaş Hırka - Lacivert,449.00
Civil Boys Kapak Cepli Velsoftlu 2-5 Yaş Hırka - Kahve,299.00
Civil Boys Baskılı Cepli 10-13 Yaş Yelek - Lacivert,189.99
Civil Boys Ottoman Kolej Hırka 10-13 Yaş Hırka - Lacivert,499.00
Civil Boys Ray Desen Welsoftlu 6-9 Yaş Yelek - Hardal,199.99
Civil Boys Qr Kod Etiketli 2-5 Yaş Yelek - Turuncu,349.00
Civil Boys Ray Desenli Parlak 2-5 Yaş Yelek - Hardal,699.00
Civil Boys Ottoman Kolej Hırka 6-9 Yaş Hırka - Gri,449.00
Civil Boys Dinozor Desenli 2-5 Yaş Hırka - Turuncu,399.00
Civil Boys Ottoman Kolej Hırka 2-5 Yaş Hırka - Lacivert,449.00
Civil Boys Cep Yıldız Baskılı 6-9 Yaş Hırka - Bordo,349.00
Civil Boys Basic Triko 2-5 Yaş Hırka - Gri,249.99
Civil Boys N Nakışlı Deri Kollu 6-9 Yaş Ceket - Siyah,199.99
Civil Boys Klasik Armürlü 6-9 Yaş Yelek - Bej,289.00
Civil Boys Klasik Armürlü 6-9 Yaş Yelek - Mavi,289.00
Civil Boys Cepli Fermuarlı 2-5 Yaş Yelek - Hardal,199.99
Civil Boys Ray Desen Welsoftlu 2-5 Yaş Yelek - Yeşil,199.99
Civil Boys Dağ Etiketli Kuzu 2-5 Yaş Yelek - Haki,249.99
Civil Boys Cepli Fermuarlı 2-5 Yaş Yelek - Yeşil,199.99
Civil Boys C Nakışlı Çizgili 2-5 Yaş Hırka - Lacivert,349.00
Civil Boys Ray Desen Welsoftlu 6-9 Yaş Yelek - Kırmızı,199.99
Civil Boys Biyeli Fermuarlı 2-5 Yaş Hırka - Mavi,349.00
Civil Class Natural Örgü 6-9 Yaş Yelek - Turuncu,99.99
Civil Boys Qr Kod Etiketli 2-5 Yaş Yelek - Lacivert,349.00
Civil Boys İcon Nakışlı 2-5 Yaş Ceket - Gri,209.99
Civil Boys Erkek Çocuk Hırka 2-5 Yaş - Turuncu,399.00
Civil Boys Graffiti Baskılı 2-5 Yaş Hırka - Mavi,349.00
Civil Boys Qr Kod Etiketli 6-9 Yaş Yelek - Haki,399.00
Civil Boys Kapak Cepli Kol Fermuar Cep 2-5 Yaş Ceket - Siyah,499.00
Civil Boys Kolej Atletic Nakışlı Biyeli 10-13 Yaş Hırka - Mavi,449.00
Civil Boys Atlanta Baskılı A Nakışlı Kolej 10-13 Yaş Hırka - Siyah,299.00
Civil Boys Erkek Çocuk Ceket 2-5 Yaş - Mavi,699.00
Civil Boys Basic Kot 10-13 Yaş Ceket - Gri,849.00
Civil Boys Bear Baskılı 2-5 Yaş Hırka - Siyah,349.00
Civil Boys Everybody Dance Baskılı 2-5 Yaş Hırka - Gri,349.00
Civil Boys C Nakışlı Çizgili 6-9 Yaş Hırka - Lacivert,399.00
Civil Boys Arkası Baskılı 2-5 Yaş Hırka - Kahve,249.99
Civil Boys C Nakışlı 10-13 Yaş Hırka - Bej,399.00
Civil Boys İcon Nakışlı 10-13 Yaş Ceket - Kahve,279.00
Civil Boys Dinozor Desenli 2-5 Yaş Hırka - Lacivert,399.00
Civil Boys 72 Nakışlı Kapşonlu 2-5 Yaş Hırka - Kırmızı,399.00
Civil Boys Erkek Çocuk Ceket 2-5 Yaş - Siyah,699.00
Civil Boys Nakışlı 6-9 Yaş Ceket - Lacivert,499.00
Civil Boys Pike 10-13 Yaş Hırka - Siyah,999.00
Civil Boys Astranot Baskılı Panço - Lacivert,549.00
Civil Boys Always Ready Baskılı 2-5 Yaş Hırka - Lacivert,249.99
Civil Boys MPH Nakışlı Baskılı 6-9 Yaş Hırka - Gri,549.00
Civil Boys Kapitone Pike 10-13 Yaş Yelek - Gri,499.00
Civil Boys İcon Nakışlı 10-13 Yaş Ceket - Mavi,279.00
Civil Boys Ray Desenli Parlak 10-13 Yaş Yelek - Siyah,699.00
Civil Girls Önü Pelüş 10-13 Yaş Yelek - Bej,249.99
Civil Boys Erkek Çocuk Pike 6-9 Yaş Hırka - Gri,799.00
Civil Boys İçi Welsoftlu Balık Sırtı 2-5 Yaş Hırka - Yeşil,399.00
Civil Boys Ray Desen Welsoftlu 2-5 Yaş Yelek - Lacivert,199.99
Civil Boys Pike 2-5 Yaş Yelek - Siyah,449.00
Civil Boys Saç Örgülü İçi Polarlı Kapşonlu 2-5 Yaş Hırka - Bej,449.00
Civil Boys Qr Kod Etiketli 10-13 Yaş Hırka - Lacivert,299.00
Civil Boys Ottoman Kolej Hırka 6-9 Yaş Hırka - Lacivert,449.00
Civil Boys Cepli Fermuarlı 2-5 Yaş Yelek - Bordo,199.99
Civil Boys Basic Triko 6-9 Yaş Hırka - Bordo,249.99
Civil Boys Ray Desen Welsoftlu 6-9 Yaş Yelek - Lacivert,199.99
Civil Boys Ray Desen Welsoftlu 2-5 Yaş Yelek - Hardal,199.99
Civil Boys Etiketli - Micro Garnili 6-9 Yaş Hırka - Gri,499.00
Civil Boys Ray Desen Welsoftlu 6-9 Yaş Yelek - Lacivert,249.99
Civil Boys Pike 2-5 Yaş Hırka - Gri,699.00
Civil Boys Biyeli Fermuarlı 2-5 Yaş Hırka - Bej,349.00
Civil Boys Cep Yıldız Baskılı 6-9 Yaş Hırka - Haki,349.00
Civil Boys Tiger Baskılı - Etiketli 6-9 Yaş Hırka - Lacivert,699.00
Civil Boys Pike 6-9 Yaş Yelek - Gri,499.00
Civil Boys Qr Kod Etiketli 2-5 Yaş Yelek - Yeşil,349.00
Civil Girls Cep Ağzı Çiçek Nakışlı Velsoftlu 2-5 Yaş Pantolon - Mavi,449.00
Civil Boys Basic Kot 2-5 Yaş Ceket - Mavi,679.00
Civil Girls Cebi Fırfırlı 2-5 Yaş Pantolon - Mavi,499.00
Civil Boys Basic Kot 6-9 Yaş Ceket - Siyah,749.00
Civil Boys Basic Kot 2-5 Yaş Ceket - Gri,679.00
Varol Kids Kot 10-13 Yaş Ceket - Siyah,399.00
Varol Kids Kot 10-13 Yaş Ceket - Mavi,399.00
Civil Boys Basic 6-9 Yaş Ceket - Siyah,749.00
Civil Boys Basic Kot 6-9 Yaş Ceket - Mavi,749.00
Civil Boys Kapak Cepli Parça Detaylı 2-5 Yaş Ceket - Siyah,199.99
Civil Girls Kalp Nakışlı 2-5 Yaş Pantolon - Mavi,699.00
Civil Boys Basic Kot 6-9 Yaş Ceket - Mavi,749.00
Civil Boys Classic Nakışlı 6-9 Yaş Ceket - Lacivert,599.00
Civil Boys Classic Nakışlı 2-5 Yaş Ceket - Haki,599.00
Varol Kids Kot 10-13 Yaş Ceket - Mavi,399.00
Civil Boys Basic Kot 2-5 Yaş Ceket - Mavi,679.00
Civil Boys Basic 6-9 Yaş Ceket - Mavi,199.99
Civil Boys Basic 10-13 Yaş Ceket - Siyah,799.00
Civil Boys Basic Kot 6-9 Yaş Ceket - Gri,749.00
Civil Girls Çiçek Nakışlı 2-5 Yaş Pantolon - Mavi,799.00
Civil Boys Kapak Cepli Parça Detaylı 2-5 Yaş Ceket - Gri,199.99
Civil Boys Basic 10-13 Yaş Ceket - Mavi,799.00
Civil Boys Basic 6-9 Yaş Ceket - Mavi,199.99
Varol Kids Kot 6-9 Yaş Ceket - Mavi,399.00
Varol Kids Kot 6-9 Yaş Ceket - Siyah,399.00
Civil Boys Classic Nakışlı 6-9 Yaş Ceket - Haki,599.00
Civil Girls Unicorn Nakışlı 2-5 Yaş Pantolon - Mavi,799.00
Civil Boys Basic Kot 2-5 Yaş Ceket - Siyah,679.00
Civil Boys Basic 6-9 Yaş Ceket - Mavi,749.00
Civil Boys Classic Nakışlı 2-5 Yaş Ceket - Lacivert,599.00
Varol Kids Kot 6-9 Yaş Ceket - Mavi,399.00
Civil Boys Basic 6-9 Yaş Deniz Şort - Mavi,99.99
Civil Boys Geometrik Desen Baskılı 6-9 Yaş Deniz Şort - Sarı,229.99
Civil Boys Erkek Çocuk Şort 2-5 Yaş - Siyah,499.00
Civil Boys Erkek Çocuk Şort 6-9 Yaş - Mavi,499.00
Civil Boys Köpek Balığı Baskılı 6-9 Yaş Deniz Şort - Lacivert,499.00
Civil Boys Yelken Baskılı 10-13 Yaş Deniz Şort - Mavi,399.00
Civil Boys Basic 6-9 Yaş Deniz Şort - Sarı,99.99
Civil Boys Çizgili 6-9 Yaş Deniz Şort - Lacivert,229.99
Civil Boys Posta Pulu Baskılı 10-13 Yaş Deniz Şort - Turuncu,229.99
Civil Boys Basic 6-9 Yaş Deniz Şort - Turuncu,99.99
Civil Boys Basic 6-9 Yaş Deniz Şort - Mavi,99.99
Civil Boys Mini Balık Baskılı 6-9 Yaş Deniz Şort - Kırmızı,229.99
Civil Boys Yelkenli Baskılı 6-9 Yaş Deniz Şort - Yeşil,229.99
Civil Boys Yelken Baskılı 10-13 Yaş Deniz Şort - Sarı,399.00
Civil Girls Tenis Baskılı 6-9 Yaş Tişört - Yeşil,299.00
Civil Girls Fırfır Tüllü 4-9 Yaş Tişört - Kırmızı,249.99
Civil Girls Fiyonk Nakışlı 6-9 Yaş Tişört - Siyah,299.00
Civil Girls Kız Çocuk Dantel Balon Kol 6-9 Yaş Tişört - Mavi,399.00
Civil Girls Basic 2-5 Yaş Tişört - Mavi,169.99
Civil Girls Derby Ribana Trend Taş İşlemeli 2-5 Yaş Tişört - Turuncu,199.99
Civil Girls Kelebek Baskılı 6-9 Yaş Tişört - Lila,199.99
Civil Girls Kolları Tül Lyc Süprem 4-9 Yaş Tişört - Pembe,299.00
Civil Girls Basic Lakos 6-9 Yaş Badi - Pembe,199.99
Civil Girls Jakarlı Gipeli Süprem 6-9 Yaş Tişört - Pembe,229.99
Civil Girls Jakarlı Gipeli Süprem 10-13 Yaş Tişört - Pembe,249.99
Civil Girls Karpuz Baskılı 2-5 Yaş Tişört - Sarı,189.99
Kappa Kız Çocuk 5-15 Yaş Tişört - Pembe,199.99
Civil Girls Deniz Kabuğu Baskılı 2-5 Yaş Tişört - Ekru,189.99
Civil Girls Yakası Fırfırlı 2-5 Yaş Tişört - Ekru,199.99
Civil Girls Time For Action Atletli 10-13 Yaş Tişört - Pembe,229.99
Civil Girls New York Baskılı 10-13 Yaş Tişört - Beyaz,399.00
Civil Girls Milkshake Baskılı 2-5 Yaş Tişört - Beyaz,189.99
Civil Girls Tokyo Baskılı 2-5 Yaş Tişört - Siyah,249.99
Civil Girls Kız Çocuk Dantel Balon Kol 6-9 Yaş Tişört - Sarı,399.00
Civil Girls Derby Ribana Trend Taş İşlemeli 2-5 Yaş Tişört - Lila,199.99
Kappa Kız Çocuk 5-15 Yaş Tişört - Mavi,199.99
Civil Girls Cepli Çiçek Nakışlı 2-5 Yaş Tişört - Pudra,349.00
Civil Girls Basic 6-9 Yaş Tişört - Kırmızı,189.99
Civil Girls Flamingo Baskılı 10-13 Yaş Tişört - Lila,399.00
Civil Girls Palmiye Baskılı 10-13 Yaş Tişört - Beyaz,349.00
Civil Girls Basic 6-9 Yaş Tişört - Lila,149.99
Roly Poly Stıtch Kız Çocuk 3-8 Yaş T-Shirt - Bej,159.99
Civil Girls Basic Lakos 6-9 Yaş Badi - Gri,199.99
Civil Girls Daısy Empirme Lase Nakışlı Tshırt 2-5 Yaş Tişört - Lila,199.99
Civil Girls Kız Baskılı 2-5 Yaş Tişört - Kırmızı,189.99
Civil Girls Anime Çilek Baskılı 2-5 Yaş Tişört - Gri,199.99
Civil Girls Basic 6-9 Yaş Tişört - Lila,189.99
Civil Girls Yakası Fırfırlı 2-5 Yaş Tişört - Lila,199.99
Civil Girls Mantarlar Baskılı 2-5 Yaş Tişört - Pembe,189.99
Civil Girls More Love Baskılı 2-5 Yaş Tişört - Lila,199.99
Civil Girls Kalp Empirme 6-9 Yaş Tişört - Fil Dişi,249.99
Civil Girls Athletic Baskılı 10-13 Yaş Tişört - Beyaz,399.00
Civil Girls Batik Active Konsept 2-5 Yaş Tişört - Beyaz,229.99
Civil Girls Fiyonk Nakışlı 10-13 Yaş Tişört - Siyah,299.00
Kuromi 10-13 Yaş Tişört - Lila,349.00
Civil Girls Bowtifully Baskılı 2-5 Yaş Tişört - Siyah,249.99
Civil Girls Basic 6-9 Yaş Tişört - Pembe,149.99
Civil Girls Basic 10-13 Yaş Tişört - Lila,159.99
Civil Girls Mermaıd Baskılı 2-5 Yaş Tişört - Yeşil,149.99
Kappa Kız Çocuk 5-15 Yaş Tişört - Pembe,199.99
Civil Girls No Ha Side Baskılı 6-9 Yaş Tişört - Ekru,399.00
Civil Girls Basic 2-5 Yaş Tişört - Pembe,169.99
Civil Girls Papatya Baskılı 6-9 Yaş Tişört - Kırmızı,199.99
Civil Girls Greylight 10-13 Yaş Tişört - Pudra,299.00
Civil Girls Jakarlı Gipeli Süprem 6-9 Yaş Tişört - Siyah,229.99
Tweety 6-9 Yaş Tişört - Beyaz,329.00
Civil Girls Basic 2-5 Yaş Tişört - Bej,169.99
Civil Girls Flamingo Baskılı 2-5 Yaş Tişört - Lila,349.00
Civil Girls Sunny Baskılı 2-5 Yaş Tişört - Beyaz,249.99
Civil Girls Basic 6-9 Yaş Tişört - Pembe,189.99
Hello Kitty 10-13 Yaş Tişört - Gri,399.00
Civil Girls Hello Baskılı 2-5 Yaş Tişört - Lila,299.00
Bugs Bunny 10-13 Yaş Tişört - Fil Dişi,349.00
Civil Girls Raporlu Kaşkorse 6-9 Yaş Tişört - Mavi,199.99
Civil Girls Flower Girl Baskılı 2-5 Yaş Tişört - Pudra,189.99
Civil Girls Papatya Baskılı 10-13 Yaş Tişört - Sarı,399.00
Civil Girls Sunny Baskılı 2-5 Yaş Tişört - Pudra,249.99
Civil Girls Gökkuşağı Baskılı 2-5 Yaş Tişört - Lila,199.99
Civil Girls Çilek Baskılı 2-5 Yaş Tişört - Beyaz,189.99
Civil Girls California Baskılı 2-5 Yaş Tişört - Pembe,149.99
Civil Girls Best Nakışlı 10-13 Yaş Tişört - Pembe,399.00
Civil Girls Basic 6-9 Yaş Tişört - Ekru,189.99
Kuromi 2-5 Yaş Tişört - Beyaz,299.00
Civil Girls Kedi Baskılı 2-5 Yaş Tişört - Yeşil,189.99
Civil Girls Şeker Baskılı 2-5 Yaş Tişört - Pembe,189.99
Civil Girls Dantel Balon Kol 10-13 Yaş Tişört - Mavi,449.00
Looney Tunes 6-9 Yaş Tişört - Beyaz,229.99
Civil Girls Kalp Baskılı 10-13 Yaş Tişört - Ekru,329.00
Civil Girls Kalp Empirme 2-5 Yaş Tişört - Fil Dişi,199.99
Civil Girls Basic 10-13 Yaş Tişört - Pembe,199.99
Civil Girls Lale Baskılı 2-5 Yaş Tişört - Ekru,349.00
Civil Girls Flamingo Baskılı 6-9 Yaş Tişört - Lila,369.00
Civil Girls Karpuz Baskılı 2-5 Yaş Tişört - Turuncu,189.99
Civil Girls Çilek Baskılı 2-5 Yaş Tişört - Gri,199.99
Harry Potter 10-13 Yaş Tişört - Siyah,269.00
Civil Girls Batik Active Konsept 10-13 Yaş Tişört - Gri,199.99
Civil Girls California Baskılı 2-5 Yaş Tişört - Ekru,199.99
Civil Girls Raporlu Kaşkorse 10-13 Yaş Tişört - Fusya,199.99
Civil Girls Hello Baskılı 10-13 Yaş Tişört - Beyaz,229.99
Civil Girls Gökkuşağı Baskılı 2-5 Yaş Tişört - Sarı,199.99
Civil Girls Ice Cream Baskılı 2-5 Yaş Tişört - Pembe,189.99
Harry Potter 6-9 Yaş Tişört - Ekru,229.99
Civil Girls Havai Aloha Baskılı 6-9 Yaş Tişört - Beyaz,199.99
Civil Girls Basic 2-5 Yaş Tişört - Kırmızı,169.99
Civil Girls Kaplumbağa Baskılı 2-5 Yaş Tişört - Yeşil,199.99
Civil Girls Carolina Baskılı Kolej 10-13 Yaş Tişört - Siyah,299.00
Tweety 10-13 Yaş Tişört - Siyah,229.99
Civil Girls Basic 2-5 Yaş Tişört - Kırmızı,139.99
Civil Girls Los Angeles Baskılı 10-13 Yaş Tişört - Siyah,299.00
Civil Girls Basic 6-9 Yaş Tişört - Kırmızı,189.99
Civil Girls Super Baskılı 6-9 Yaş Tişört - Sarı,199.99
Civil Girls Basic 6-9 Yaş Tişört - Sarı,189.99
Civil Girls Anime Baskılı 2-5 Yaş Tişört - Siyah,199.99
Civil Girls Unicorn Baskılı 2-5 Yaş Tişört - Lila,249.99
Civil Girls Valon Kol 6-9 Yaş Tişört - Siyah,399.00
Civil Girls Basic 10-13 Yaş Tişört - Kırmızı,199.99
Civil Girls Anime Çilek Baskılı 2-5 Yaş Tişört - Lila,199.99
Civil Girls Basic 2-5 Yaş Tişört - Turuncu,169.99
Civil Girls New York Baskılı 6-9 Yaş Tişört - Lila,269.00
Civil Girls New York Baskılı 6-9 Yaş Tişört - Siyah,399.00
Looney Tunes 2-5 Yaş Tişört - Beyaz,189.99
Civil Girls Basic 2-5 Yaş Tişört - Lila,169.99
Civil Girls Ayıcık Baskılı 2-5 Yaş Tişört - Ekru,199.99
Tom and Jerry 10-13 Yaş Tişört - Beyaz,249.99
Civil Girls California Baskılı 6-9 Yaş Tişört - Pembe,159.99
Civil Girls Los Angeles Baskılı 6-9 Yaş Tişört - Siyah,299.00
Civil Girls Cute Papatya Nakışlı 10-13 Yaş Tişört - Beyaz,249.99
Scooby Doo 6-9 Yaş Tişört - Siyah,149.99
Civil Girls Girl Power 4-9 Yaş Tişört - Beyaz,229.99
Civil Girls Çilek Baskılı 2-5 Yaş Tişört - Pembe,199.99
Civil Girls Young Life Baskılı 10-13 Yaş Tişört - Sarı,349.00
Civil Girls Lastikli Papatya Empirme Crop 6-9 Yaş Tişört - Pembe,299.00
Civil Girls Dantel Balon Kol 10-13 Yaş Tişört - Beyaz,449.00
Civil Girls Time For Action Atletli 2-5 Yaş Tişört - Pembe,169.99
Civil Girls Positive Baskılı Crop 10-13 Yaş Tişört - Lila,149.99
Civil Girls Yakası Fırfırlı 6-9 Yaş Tişört - Ekru,249.99
Civil Girls Yakası Fırfırlı 6-9 Yaş Tişört - Lila,249.99
Civil Girls Aloha Place 10-13 Yaş Tişört - Siyah,299.00
Tweety 2-5 Yaş Tişört - Beyaz,199.99
Civil Girls Yakası Fırfırlı 6-9 Yaş Tişört - Fusya,249.99
Civil Girls Cepli Çiçek Nakışlı 6-9 Yaş Tişört - Ekru,399.00
Civil Girls Basic 2-5 Yaş Tişört - Kırmızı,169.99
Civil Girls Basic 10-13 Yaş Tişört - Siyah,199.99
Civil Girls Batik Active Konsept 2-5 Yaş Tişört - Gri,169.99
Roly Poly Stıtch Kız Çocuk 3-8 Yaş T-Shirt - Siyah,159.99
Kappa Kız Çocuk 5-15 Yaş Tişört - Fusya,199.99
Civil Girls Basic 6-9 Yaş Tişört - Kırmızı,149.99
Civil Girls Yakası Fırfırlı 2-5 Yaş Tişört - Fusya,199.99
Civil Girls Basic Lakos 6-9 Yaş Badi - Beyaz,199.99
Kuromi 2-5 Yaş Tişört - Siyah,299.00
Civil Girls Batik Active Konsept 6-9 Yaş Tişört - Gri,189.99
Kuromi 6-9 Yaş Tişört - Siyah,349.00
Civil Girls Basic 2-5 Yaş Tişört - Lila,139.99
Kappa Kız Çocuk 5-15 Yaş Tişört - Siyah,199.99
Civil Girls Kolu Desenli 6-9 Yaş Tişört - Ekru,399.00
Civil Girls Hello Baskılı 2-5 Yaş Tişört - Fil Dişi,299.00
Civil Girls Denizkızı Baskılı 2-5 Yaş Tişört - Turuncu,199.99
Civil Girls Super Baskılı 6-9 Yaş Tişört - Beyaz,199.99
Civil Girls Leave Your Trace Baskılı 10-13 Yaş Tişört - Beyaz,249.99
Civil Girls Jakar Desen 10-13 Yaş Tişört - Bej,399.00
Civil Girls Basic Lakos 10-13 Yaş Badi - Gri,199.99
Civil Girls More Love Baskılı 2-5 Yaş Tişört - Ekru,199.99
Civil Girls Renkli Melanjlı Kaşkorse 10-13 Yaş Tişört - Pudra,329.00
Civil Girls Yıldız Baskılı 4-9 Yaş Tişört - Kırmızı,229.99
Civil Girls Greylight 6-9 Yaş Tişört - Pudra,299.00
Civil Girls Hello Baskılı 10-13 Yaş Tişört - Lila,229.99
Civil Girls Basic 6-9 Yaş Tişört - Pembe,189.99
Civil Girls Volan Kollu 10-13 Yaş Tişört - Ekru,329.00
Civil Girls Çiçek Nakışlı 2-5 Yaş Tişört - Ekru,299.00
Civil Girls Havai Aloha Baskılı 6-9 Yaş Tişört - Pembe,199.99
Civil Girls 3 Boyutlu Jakar 10-13 Yaş Tişört - Kırmızı,349.00
Civil Girls Çilek Baskılı 2-5 Yaş Tişört - Ekru,189.99
Civil Girls Holiday Baskılı 2-5 Yaş Tişört - Siyah,189.99
Civil Girls Basic 6-9 Yaş Tişört - Yeşil,189.99
Civil Girls Dondurma Lase Nakışlı 2-5 Yaş Tişört - Pembe,229.99
Bugs Bunny 6-9 Yaş Tişört - Fil Dişi,329.00
Civil Girls Volan Kollu 6-9 Yaş Tişört - Siyah,299.00
Civil Girls 3 Boyutlu Jakar 6-9 Yaş Tişört - Kırmızı,349.00
Tom And Jerry 6-9 Yaş Tişört - Siyah,329.00
Civil Girls Düğmeli 2-5 Yaş Tişört - Yeşil,199.99
Civil Girls Papatya Empirme Lase Nakışlı 6-9 Yaş Tişört - Pembe,329.00
Civil Girls New York Baskılı 10-13 Yaş Tişört - Siyah,399.00
Civil Girls Tavşan Baskılı 2-5 Yaş Tişört - Pudra,149.99
Civil Girls Papatya Empirme Lase Nakışlı 6-9 Yaş Tişört - Sarı,329.00
Civil Girls Düğmeli 2-5 Yaş Tişört - Pudra,199.99
Civil Girls Pixcel Baskılı 6-9 Yaş Tişört - Beyaz,199.99
Civil Girls Dondurma Lase Nakışlı 2-5 Yaş Tişört - Beyaz,229.99
Civil Girls Sunny Baskılı 2-5 Yaş Tişört - Pembe,249.99
Civil Girls California Baskılı 10-13 Yaş Tişört - Pembe,169.99
Civil Girls California Baskılı 10-13 Yaş Tişört - Ekru,249.99
Civil Girls Mermaıd Baskılı 2-5 Yaş Tişört - Beyaz,149.99
Civil Girls Yakası Fırfırlı 10-13 Yaş Tişört - Ekru,269.00
Kappa Kız Çocuk 5-15 Yaş Tişört - Bej,199.99
Civil Girls Unicorn Baskılı 2-5 Yaş Tişört - Lila,189.99
Civil Girls Papatya Baskılı 10-13 Yaş Tişört - Ekru,399.00
Civil Girls Best Nakışlı 10-13 Yaş Tişört - Ekru,399.00
Civil Girls Gökkuşağı Baskılı 2-5 Yaş Tişört - Siyah,199.99
Civil Girls Game Pixcel Baskılı 2-5 Yaş Tişört - Pembe,189.99
Civil Girls Cepli Çiçek Nakışlı 2-5 Yaş Tişört - Ekru,349.00
Civil Girls Ice Cream Baskılı 2-5 Yaş Tişört - Gri,189.99
Civil Girls Beache Clup 10-13 Yaş Tişört - Sarı,299.00
Civil Girls Los Angeles Baskılı 10-13 Yaş Tişört - Lila,299.00
Civil Girls Funny Thing Baskılı 10-13 Yaş Tişört - Pembe,199.99
Civil Girls Fırfır Tüllü 4-9 Yaş Tişört - Beyaz,249.99
Civil Girls Kalp Baskılı 6-9 Yaş Tişört - Ekru,69.99
Civil Girls Good Vibes Baskılı 2-5 Yaş Tişört - Beyaz,189.99
Kuromi 2-5 Yaş Tişört - Siyah,299.00
Civil Girls Kalp Baskılı 2-5 Yaş Tişört - Bej,249.99
Civil Girls Basic 6-9 Yaş Tişört - Turuncu,189.99
Tweety 2-5 Yaş Tişört - Beyaz,299.00
Civil Girls Kalp Baskılı 6-9 Yaş Tişört - Pudra,299.00
Civil Girls Kolu Ponponlu 4-9 Yaş Tişört - Beyaz,329.00
Civil Girls Kalp Baskılı 10-13 Yaş Tişört - Bej,329.00
Civil Girls Cool Nakışlı 2-5 Yaş Tişört - Pembe,349.00
Powerpuff Girls 2-5 Yaş Tişört - Beyaz,189.99
Civil Girls Beach Baskılı 10-13 Yaş Tişört - Turuncu,229.99
Civil Girls Time For Action 6-9 Yaş Tişört - Beyaz,199.99
Civil Girls Bowtifully Baskılı 2-5 Yaş Tişört - Pudra,249.99
Civil Girls Basic 10-13 Yaş Tişört - Pembe,159.99
Tweety 2-5 Yaş Tişört - Siyah,189.99
Civil Girls One Day Baskılı 6-9 Yaş Tişört - Sarı,399.00
Hello Kitty 6-9 Yaş Tişört - Gri,349.00
Civil Girls Basic Lakos 6-9 Yaş Badi - Lacivert,199.99
Civil Girls Fiyonk Nakışlı 2-5 Yaş Tişört - Siyah,249.99
Roly Poly Stıtch Kız Çocuk 3-8 Yaş T-Shirt - Yeşil,159.99
Kappa Kız Çocuk 5-15 Yaş Tişört - Bej,199.99
Civil Girls Kalp Baskılı 6-9 Yaş Tişört - Fusya,299.00
Civil Girls Fancy Baskılı 2-5 Yaş Tişört - Gri,199.99
Tweety 10-13 Yaş Tişört - Beyaz,349.00
Civil Girls Çiçekli 4-9 Yaş Tişört - Kırık Beyaz,399.00
Civil Girls California Baskılı 6-9 Yaş Tişört - Beyaz,159.99
Civil Girls Kolu Desenli 6-9 Yaş Tişört - Siyah,399.00
Civil Girls Fiyonk Baskılı 2-5 Yaş Tişört - Siyah,249.99
Civil Girls Young Life Baskılı 10-13 Yaş Tişört - Ekru,349.00
Civil Girls Fancy Baskılı 2-5 Yaş Tişört - Siyah,199.99
Tom and Jerry 10-13 Yaş Tişört - Ekru,249.99
Civil Girls Çiçek Baskılı 10-13 Yaş Tişört - Siyah,229.99
Civil Girls Basic 6-9 Yaş Tişört - Beyaz,189.99
Civil Girls Flower Girl Baskılı 2-5 Yaş Tişört - Beyaz,189.99
Civil Girls Cherry Baskılı 3'lü Set 2-5 Yaş Tişört,399.00
Civil Girls Batik Active Konsept 6-9 Yaş Tişört - Beyaz,249.99
Civil Girls Athletic Baskılı 10-13 Yaş Tişört - Siyah,399.00
Civil Girls Basic 6-9 Yaş Tişört - Pembe,189.99
Civil Girls Kolu Fırfırlı 10-13 Yaş Tişört - Ekru,149.99
Civil Girls Ice Cream Baskılı 2-5 Yaş Tişört - Beyaz,189.99
Civil Girls Greylight 6-9 Yaş Tişört - Lila,299.00
Civil Girls Jakarlı Gipeli Süprem 10-13 Yaş Tişört - Turuncu,249.99
Civil Girls Mantarlar Baskılı 2-5 Yaş Tişört - Turuncu,189.99
Tom and Jerry 2-5 Yaş Tişört - Ekru,199.99
Civil Girls Basic 10-13 Yaş Tişört - Siyah,199.99
Civil Girls Volan Kollu 6-9 Yaş Tişört - Ekru,299.00
Civil Girls Papatya Baskılı 6-9 Yaş Tişört - Lila,199.99
Civil Girls Kolları Tül Lyc Süprem 4-9 Yaş Tişört - Lila,299.00
Tom and Jerry 2-5 Yaş Tişört - Beyaz,229.99
Civil Girls Düğmeli 2-5 Yaş Tişört - Beyaz,199.99
Kappa Kız Çocuk 5-15 Yaş Tişört - Lila,199.99
Civil Girls Cool Nakışlı 2-5 Yaş Tişört - Ekru,349.00
Bugs Bunny 2-5 Yaş Tişört - Turuncu,149.99
Civil Girls Kalp Baskılı 2-5 Yaş Tişört - Fusya,249.99
Civil Girls Tenis Baskılı 2-5 Yaş Tişört - Yeşil,269.00
Civil Girls Pixcel Baskılı 6-9 Yaş Tişört - Pembe,199.99
Civil Girls Pretty Girl Baskılı 2'li Set 6-9 Yaş Tişört,269.00
Powerpuff Girls 2-5 Yaş Tişört - Siyah,189.99
Civil Girls Puanlı Papatya Nakışlı 2-5 Yaş Tişört - Pembe,299.00
Kappa Kız Çocuk 5-15 Yaş Tişört - Hardal,199.99
Civil Girls Basic 10-13 Yaş Tişört - Sarı,159.99
Civil Girls 3 Boyutlu Jakar 10-13 Yaş Tişört - Kırmızı,199.99
Civil Girls Unicorn Baskılı 2-5 Yaş Tişört - Sarı,249.99
Civil Girls Beast Mode Baskılı 6-9 Yaş Tişört - Lila,69.99
Civil Girls Çiçek Baskılı 10-13 Yaş Tişört - Kırmızı,229.99
Kappa Kız Çocuk 5-15 Yaş Tişört - Pudra,199.99
Lola Bunny 6-9 Yaş Tişört - Gri,329.00
Civil Girls Kelebek Nakışlı 2-5 Yaş Tişört - Pembe,299.00
Civil Girls Los Angeles Baskılı 2-5 Yaş Tişört - Siyah,299.00
Civil Girls Basic 6-9 Yaş Tişört - Beyaz,189.99
Civil Girls Kalp Love Baskılı 10-13 Yaş Tişört - Pembe,229.99
Civil Girls Volanlı Kol 6-9 Yaş Tişört - Pudra,149.99
Civil Girls Ayıcık Baskılı 2-5 Yaş Tişört - Turuncu,199.99
Civil Girls Paris Nakışlı 6-9 Yaş Tişört - Ekru,349.00
Tweety 6-9 Yaş Tişört - Siyah,229.99
Civil Girls Raporlu Kaşkorse 10-13 Yaş Tişört - Mavi,199.99
Civil Girls Super Baskılı 6-9 Yaş Tişört - Turuncu,199.99
Civil Girls Kedi Baskılı 2-5 Yaş Tişört - Sarı,199.99
Civil Girls Basic 6-9 Yaş Tişört - Turuncu,189.99
Civil Girls Enjoy Baskılı 2-5 Yaş Tişört - Siyah,189.99
Civil Girls Unicorn Baskılı 2-5 Yaş Tişört - Ekru,189.99
Looney Tunes 10-13 Yaş Tişört - Beyaz,229.99
Civil Girls Aloha Place 10-13 Yaş Tişört - Ekru,299.00
Civil Girls Dream Big Baskılı 10-13 Yaş Tişört - Pembe,79.99
Civil Girls Basic 2-5 Yaş Tişört - Ekru,169.99
Civil Girls Milkshake Baskılı 2-5 Yaş Tişört - Lila,189.99
Civil Girls Anime Çilek Baskılı 2-5 Yaş Tişört - Beyaz,199.99
Civil Girls Milkshake Baskılı 2-5 Yaş Tişört - Pembe,189.99
Tom And Jerry 10-13 Yaş Tişört - Siyah,349.00
Civil Girls Cherry Baskılı 2-5 Yaş Tişört - Siyah,189.99
Civil Girls Fiyonk Baskılı 10-13 Yaş Tişört - Siyah,329.00
Civil Girls Basic 2-5 Yaş Tişört - Sarı,169.99
Civil Girls New York Baskılı 6-9 Yaş Tişört - Beyaz,399.00
Kappa Kız Çocuk 5-15 Yaş Tişört - Pembe,199.99
Civil Girls Basic 6-9 Yaş Tişört - Sarı,189.99
Civil Girls Çiçekli 4-9 Yaş Tişört - Siyah,399.00
Civil Girls Basic 2-5 Yaş Tişört - Siyah,169.99
Civil Girls Kolu Fırfırlı 10-13 Yaş Tişört - Pembe,149.99
Civil Girls Flamingo Baskılı 6-9 Yaş Tişört - Ekru,369.00
Hello Kitty 6-9 Yaş Tişört - Pembe,329.00
Civil Girls Tüllü Çizgili 10-13 Yaş Tişört - Siyah,249.99
Kappa Kız Çocuk 5-15 Yaş Tişört - Mavi,199.99
Civil Girls Renkli Melanjlı Kaşkorse 10-13 Yaş Tişört - Pembe,329.00
Civil Girls Kolu Fırfırlı 6-9 Yaş Tişört - Ekru,149.99
Civil Girls Basic 2-5 Yaş Tişört - Pudra,169.99
Tom And Jerry 2-5 Yaş Tişört - Siyah,299.00
Civil Girls Çiçek Baskılı 2-5 Yaş Tişört - Pembe,249.99
Civil Girls Dream Big Baskılı 10-13 Yaş Tişört - Mavi,79.99
Civil Girls Flamingo Baskılı 10-13 Yaş Tişört - Ekru,399.00
Civil Girls Unicorn Baskılı 2-5 Yaş Tişört - Siyah,189.99
Civil Girls Time For Action 2-5 Yaş Tişört - Beyaz,169.99
Civil Girls Summer Baskılı 2-5 Yaş Tişört - Lila,189.99
Bugs Bunny 2-5 Yaş Kız Tişört - Fil Dişi,299.00
Civil Girls Çiçek Baskılı 2-5 Yaş Tişört - Beyaz,189.99
Civil Girls Yakası Fırfırlı 10-13 Yaş Tişört - Fusya,269.00
Civil Girls Basic 2-5 Yaş Tişört - Pembe,169.99
Civil Girls Basic 6-9 Yaş Tişört - Fusya,189.99
Civil Girls Güneş Baskılı 2-5 Yaş Tişört - Kırmızı,189.99
Civil Girls Los Angeles Baskılı 6-9 Yaş Tişört - Pembe,299.00
Civil Girls Leave Your Trace Baskılı 10-13 Yaş Tişört - Kırmızı,249.99
Scooby Doo 10-13 Yaş Tişört - Beyaz,349.00
Civil Girls Papatya Baskılı 10-13 Yaş Tişört - Ekru,299.00
Civil Girls Çiçek Nakışlı 6-9 Yaş Tişört - Ekru,349.00
Civil Girls Şeker Baskılı 2-5 Yaş Tişört - Siyah,189.99
Civil Girls Los Angeles Baskılı 2-5 Yaş Tişört - Pembe,299.00
Civil Girls Çiçek Nakışlı 6-9 Yaş Tişört - Pembe,349.00
Civil Girls 3 Boyutlu Jakar 6-9 Yaş Tişört - Mavi,349.00
Civil Girls Time For Action 10-13 Yaş Tişört - Beyaz,229.99
Civil Girls Kalp Baskılı 2-5 Yaş Tişört - Pembe,149.99
Scooby Doo 10-13 Yaş Tişört - Beyaz,249.99
Civil Girls Kalp Baskılı 2-5 Yaş Tişört - Ekru,149.99
Bugs Bunny 10-13 Yaş Tişört - Gri,229.99
Civil Girls Game Pixcel Baskılı 2-5 Yaş Tişört - Beyaz,189.99
Civil Girls Basic 10-13 Yaş Tişört - Bej,199.99
Civil Girls Basic 6-9 Yaş Tişört - Sarı,149.99
Civil Girls Mobil Çiçek Nakışlı 2-5 Yaş Tişört - Siyah,299.00
Civil Girls No Ha Side Baskılı 6-9 Yaş Tişört - Siyah,399.00
Civil Girls Positive Baskılı Crop 10-13 Yaş Tişört - Siyah,149.99
Civil Girls Çilek Baskılı 2-5 Yaş Tişört - Ekru,199.99
Civil Girls Kaplumbağa Baskılı 2-5 Yaş Tişört - Turuncu,199.99
Civil Girls Basic 2-5 Yaş Tişört - Sarı,139.99
Civil Girls Basic 10-13 Yaş Tişört - Pembe,199.99
Civil Girls Kedi Baskılı 2-5 Yaş Tişört - Beyaz,189.99
Civil Girls Mantarlar Baskılı 2-5 Yaş Tişört - Yeşil,189.99
Civil Girls Seoul Baskılı 2-5 Yaş Tişört - Fil Dişi,149.99
Civil Girls Kız Baskılı 2-5 Yaş Tişört - Turuncu,189.99
Civil Girls Papatya Empirme Lase Nakışlı 6-9 Yaş Tişört - Mavi,329.00
Civil Girls Kolu Desenli 10-13 Yaş Tişört - Siyah,429.00
Civil Girls Basic 10-13 Yaş Tişört - Ekru,199.99
Civil Girls Beast Mode Baskılı 6-9 Yaş Tişört - Pembe,69.99
Civil Girls Fiyonk Lase Nakışlı 4-9 Yaş Tişört - Beyaz,299.00
Civil Girls Basic Lakos 10-13 Yaş Badi - Lacivert,199.99
Civil Girls Summer Baskılı 10-13 Yaş Tişört - Siyah,399.00
Civil Girls Basic 10-13 Yaş Tişört - Fusya,199.99
Civil Girls Flamingo Baskılı 2-5 Yaş Tişört - Ekru,349.00
Civil Girls Kolu Fırfırlı 6-9 Yaş Tişört - Lila,149.99
Civil Girls Anime Baskılı 2-5 Yaş Tişört - Beyaz,199.99
Civil Girls Basic 2-5 Yaş Tişört - Ekru,169.99
Civil Girls Çiçek Baskılı 6-9 Yaş Tişört - Sarı,189.99
Kuromi 10-13 Yaş Tişört - Gri,399.00
Civil Girls Basic 10-13 Yaş Tişört - Beyaz,199.99
Civil Girls Valon Kol 6-9 Yaş Tişört - Bej,399.00
Harry Potter 6-9 Yaş Tişört - Siyah,249.99
Civil Girls Çiçek Baskılı 2-5 Yaş Tişört - Lila,189.99
Civil Girls Kalp Baskılı 6-9 Yaş Tişört - Ekru,299.00
Civil Girls Jakarlı Gipeli Süprem 10-13 Yaş Tişört - Siyah,249.99
Civil Girls Kolu Fırfırlı 10-13 Yaş Tişört - Lila,149.99
Civil Girls Ayıcık Baskılı 2-5 Yaş Tişört - Lila,199.99
Civil Girls 3 Boyutlu Jakar 10-13 Yaş Tişört - Mavi,349.00
Civil Girls Unicorn Baskılı 2-5 Yaş Tişört - Ekru,249.99
Civil Girls Lastikli Papatya Empirme Crop 6-9 Yaş Tişört - Sarı,299.00
Bugs Bunny 2-5 Yaş Tişört - Beyaz,199.99
Civil Girls Basic 10-13 Yaş Tişört - Turuncu,199.99
Civil Girls Fancy Baskılı 2-5 Yaş Tişört - Beyaz,199.99
Civil Girls Papatya Baskılı 10-13 Yaş Tişört - Siyah,399.00
Civil Girls Basic 2-5 Yaş Tişört - Turuncu,169.99
Civil Girls California Baskılı 6-9 Yaş Tişört - Siyah,159.99
Civil Girls Basic 6-9 Yaş Tişört - Siyah,189.99
Civil Girls Limon Baskılı 6-9 Yaş Tişört - Ekru,199.99
Civil Girls Kalp Baskılı 6-9 Yaş Tişört - Bej,299.00
Civil Girls Summer Baskılı 10-13 Yaş Tişört - Bej,399.00
Civil Girls Kız Baskılı 2-5 Yaş Tişört - Ekru,189.99
Civil Girls Mobil Çiçek Nakışlı 2-5 Yaş Tişört - Pembe,299.00
Kappa Kız Çocuk 5-15 Yaş Tişört - Bej,199.99
Civil Girls Kelebek Nakışlı 2-5 Yaş Tişört - Lila,299.00
Civil Girls Fiyonk Baskılı 2-5 Yaş Tişört - Ekru,189.99
Civil Girls Basic 2-5 Yaş Tişört - Beyaz,169.99
Civil Girls Kedi Baskılı 2-5 Yaş Tişört - Ekru,199.99
Civil Girls Enjoy Baskılı 2-5 Yaş Tişört - Ekru,189.99
Kappa Kız Çocuk 5-15 Yaş Tişört - Turuncu,199.99
Hello Kitty 10-13 Yaş Tişört - Pembe,349.00
Civil Girls Basic 2-5 Yaş Tişört - Lila,169.99
Civil Girls Deniz Kabuğu Baskılı 2-5 Yaş Tişört - Siyah,189.99
Civil Girls Basic 6-9 Yaş Tişört - Bej,189.99
Civil Girls Basic 2-5 Yaş Tişört - Yeşil,169.99
Civil Girls Tokyo Baskılı 2-5 Yaş Tişört - Beyaz,249.99
Civil Girls Şeker Baskılı 2-5 Yaş Tişört - Ekru,189.99
Civil Girls Jakarlı Gipeli Süprem 6-9 Yaş Tişört - Turuncu,229.99
Civil Girls One Day Baskılı 6-9 Yaş Tişört - Ekru,399.00
Civil Girls Paris Nakışlı 6-9 Yaş Tişört - Pembe,349.00
Civil Girls Tokyo Baskılı 2-5 Yaş Tişört - Kırmızı,249.99
Civil Girls Çilek Baskılı 2-5 Yaş Tişört - Gri,189.99
Civil Girls Volanlı Kol 6-9 Yaş Tişört - Mavi,149.99
Harry Potter 6-9 Yaş Tişört - Bordo,329.00
Civil Girls Anime Baskılı 2-5 Yaş Tişört - Pembe,199.99
Civil Girls Basic 6-9 Yaş Tişört - Ekru,189.99
Civil Girls Kız Çocuk Dantel Balon Kol 6-9 Yaş Tişört - Kırık Beyaz,399.00
Civil Girls Kalp Baskılı 10-13 Yaş Tişört - Pudra,329.00
Civil Girls Basic 6-9 Yaş Tişört - Lila,189.99
Civil Girls Çiçek Baskılı 10-13 Yaş Tişört - Lila,229.99
Civil Girls Fırfır Tüllü 4-9 Yaş Tişört - Siyah,249.99
Civil Girls More Love Baskılı 2-5 Yaş Tişört - Pembe,199.99
Kuromi 10-13 Yaş Tişört - Siyah,399.00
Civil Girls Calıfornıa Baskılı 2-5 Yaş Tişört - Pudra,149.99
Scooby Doo 6-9 Yaş Tişört - Beyaz,329.00
Civil Girls Basic 2-5 Yaş Tişört - Yeşil,169.99
Civil Girls Renkli Melanjlı Kaşkorse 6-9 Yaş Tişört - Pudra,299.00
Civil Girls Volan Kollu 2-5 Yaş Tişört - Siyah,299.00
Civil Girls Kolu Ponponlu 4-9 Yaş Tişört - Beyaz,329.00
Civil Girls No Ha Side Baskılı 2-5 Yaş Tişört - Ekru,349.00
Civil Grils Tokyo Baskılı 2-5 Yaş Tişört - Lila,249.99
Civil Girls Fiyonk Baskılı 2-5 Yaş Tişört - Turuncu,189.99
Civil Girls Harf Baskılı 2-5 Yaş Tişört - Beyaz,149.99
Civil Girls Karpuz Baskılı 2-5 Yaş Tişört - Ekru,189.99
Civil Girls Roba Dantelli 2-5 Yaş Tişört - Sarı,79.99
Civil Girls California Baskılı 6-9 Yaş Tişört - Ekru,229.99
Civil Girls Basic 2-5 Yaş Tişört - Beyaz,169.99
Civil Girls Unicorn Baskılı 2-5 Yaş Tişört - Lila,189.99
Civil Girls Basic 10-13 Yaş Tişört - Kırmızı,159.99
Civil Girls Lale Baskılı 6-9 Yaş Tişört - Lila,299.00
Civil Girls Kelebek Nakışlı 2-5 Yaş Tişört - Ekru,299.00
Civil Girls Basic 2-5 Yaş Tişört - Kırmızı,139.99
Civil Girls Çiçek Nakışlı 6-9 Yaş Tişört - Sarı,349.00
Civil Girls Kız Çocuk Dantel Balon Kol 2-5 Yaş Tişört - Kırık Beyaz,349.00
Civil Girls Batik Empirme 2-5 Yaş Tişört - Ekru,169.99
Civil Girls Basic Lakos 10-13 Yaş Badi - Beyaz,199.99
Civil Girls Papatya Baskılı 6-9 Yaş Tişört - Siyah,199.99
Civil Girls Leave Your Trace Baskılı 10-13 Yaş Tişört - Lila,249.99
Civil Girls Çiçek Nakışlı 6-9 Yaş Tişört - Ekru,349.00
Civil Girls Basic 2-5 Yaş Tişört - Siyah,169.99
Civil Girls Basic 2-5 Yaş Tişört - Beyaz,139.99
Civil Girls Basic Lakos 10-13 Yaş Badi - Pembe,199.99
Civil Girls Cepli Çiçek Nakışlı 6-9 Yaş Tişört - Pudra,399.00
Powerpuff Girls 10-13 Yaş Tişört - Beyaz,349.00
Civil Girls Güneş Baskılı 2-5 Yaş Tişört - Ekru,189.99
Civil Girls Cherry Baskılı 2-5 Yaş Tişört - Sarı,189.99
Civil Girls Jakar Desen 10-13 Yaş Tişört - Yeşil,399.00
Civil Girls Good Active 2-5 Yaş Tişört - Beyaz,149.99
Civil Girls Kedi Baskılı 2-5 Yaş Tişört - Pembe,189.99
Civil Girls Lastikli Papatya Empirme Crop 6-9 Yaş Tişört - Mavi,299.00
Tom ve Jerry 2-5 Yaş Tişört - Lila,149.99
Civil Girls Dondurma Lase Nakışlı 2-5 Yaş Tişört - Yeşil,229.99
Civil Girls Basic 2-5 Yaş Tişört - Fusya,169.99
Civil Girls Palmiye Baskılı 10-13 Yaş Tişört - Siyah,349.00
Civil Girls Çiçek Baskılı 6-9 Yaş Tişört - Pembe,299.00
Civil Girls Volan Kollu 10-13 Yaş Tişört - Siyah,329.00
Kuromi 10-13 Yaş Tişört - Siyah,349.00
Civil Girls Kalp Baskılı 2-5 Yaş Tişört - Pudra,249.99
Tom and Jerry 6-9 Yaş Tişört - Beyaz,249.99
Civil Girls Batik Active Konsept 10-13 Yaş Tişört - Beyaz,299.00
Civil Girls Pixcel Baskılı 6-9 Yaş Tişört - Lila,199.99
Civil Girls Tenis Baskılı 10-13 Yaş Tişört - Yeşil,349.00
Civil Girls Havai Aloha Baskılı 6-9 Yaş Tişört - Sarı,199.99
Civil Girls Kalp Love Baskılı 10-13 Yaş Tişört - Ekru,229.99
Civil Girls Carolina Baskılı Kolej 10-13 Yaş Tişört - Beyaz,299.00
Civil Girls Lale Baskılı 2-5 Yaş Tişört - Lila,249.99
Civil Girls Los Angeles Baskılı 10-13 Yaş Tişört - Pembe,299.00
Civil Girls Basic 2-5 Yaş Tişört - Beyaz,139.99
Civil Girls Renkli Melanjlı Kaşkorse 6-9 Yaş Tişört - Pembe,299.00
Civil Girls No Ha Side Baskılı 2-5 Yaş Tişört - Siyah,349.00
Civil Girls Basic 6-9 Yaş Tişört - Siyah,189.99
Civil Girls Beache Clup 10-13 Yaş Tişört - Beyaz,299.00
Civil Girls Sun Lover Baskılı 10-13 Yaş Tişört - Siyah,229.99
Civil Girls Balerin Baskılı 2-5 Yaş Tişört - Pembe,189.99
Civil Girls Yakası Fırfırlı 10-13 Yaş Tişört - Lila,269.00
Civil Girls Kalp Baskılı 10-13 Yaş Tişört - Fusya,329.00
Civil Girls Cherry Baskılı 2-5 Yaş Tişört - Ekru,189.99
Civil Girls Basic 2-5 Yaş Tişört - Beyaz,169.99
Civil Girls Beli Büzgülü 2-5 Yaş Gömlek - Ekru,499.00
Cıvıl Gırls Vual Yaka Nervurlu 6-9 Yas Gomlek - Beyaz,29.99
Civil Girls Pötikare 6-9 Yaş Gömlek - Kırmızı,499.00
Civil Girls Ekose Desenli Oduncu 10-13 Yaş Gömlek - Siyah,119.99
150192173 Zeyneva Keten U/k On Beden Nakıslı 6-9 Yas Gomlek,19.99
Civil Girls Çiçek Nakışlı 2-5 Yaş Gömlek - Ekru,699.00
Civil Girls Çiçek Desenli 10-13 Yaş Gömlek - Lila,229.99
Civil Girls Kiraz Baskılı 6-9 Yaş Gömlek - Ekru,499.00
Civil Girls Bürümcük 6-9 Yaş Gömlek - Fusya,499.00
Cıvıl Gırls Vual Arkası Brode 6 9 Yas Gomlek - Beyaz,49.99
Civil Girls Basic Ekose Desenli 6-9 Yaş Gömlek - Hardal,89.99
Civil Girls Valon Kol 2-5 Yaş Gömlek - Beyaz,549.00
Civil Girls Çizgili 6-9 Yaş Gömlek - Yeşil,29.99
Civil Girls Çiçek Baskılı 10-13 Yaş Gömlek - Lila,649.00
Civil Girls Beli Büzgülü 6-9 Yaş Gömlek - Siyah,599.00
Civil Girls Çizgili 6-9 Yaş Gömlek - Pembe,799.00
Cıvıl Gırls Vual Yaka Nervurlu 6-9 Yas Gomlek - Yeşil,29.99
Civil Girls Cepli Çıtçıtlı 6-9 Yaş Gömlek - Siyah,129.99
Civil Girls Çiçek Baskılı 6-9 Yaş Gömlek - Lila,599.00
Civil Girls Yakası Fırfırlı 2-5 Yaş Gömlek - Mavi,599.00
Civil Girls Good Vibes Only Baskılı 2-5 Yaş Gömlek - Beyaz,499.00
Civil Girls Büyük Çiçek Baskılı 2-5 Yaş Gömlek - Kahve,549.00
Civil Girls Kız Çocuk Lale Nakışlı 2-5 Yaş Gömlek - Pembe,899.00
Civil Girls Valon Kol 6-9 Yaş Gömlek - Beyaz,599.00
Civil Girls Sahte Cepli 10-13 Yaş Gömlek - Siyah,499.00
Civil Girls Kedi Nakışlı 2-5 Yaş Gömlek - Lila,149.99
Civil Girls Çiçek Desenli 6-9 Yaş Gömlek - Lila,199.99
Civil Girls El İşi Detaylı 10-13 Yaş Gömlek - Bej,499.00
Civil Girls Çiçek Nakışlı 6-9 Yaş Gömlek - Ekru,749.00
Zeyneva Oduncu 6-9 Yaş Gömlek - Bej,129.99
Civil Girls Gipeli 6-9 Yaş Gömlek - Ekru,99.99
Civil Girls Valon Kol 6-9 Yaş Gömlek - Pudra,499.00
Civil Grils Düz 6-9 Yaş Gömlek - Ekru,399.00
Civil Girls Cepli Çıtçıtlı 10-13 Yaş Gömlek - Pudra,129.99
Civil Girls Good Vibes Only Baskılı 10-13 Yaş Gömlek - Siyah,599.00
Civil Girls Bürümcük 10-13 Yaş Gömlek - Bej,499.00
Civil Girls Dama Desenli 2-5 Yaş Gömlek - Haki,149.99
Civil Girls Valon Kol 6-9 Yaş Gömlek - Beyaz,499.00
Civil Girls Çizgili 10-13 Yaş Gömlek - Pembe,899.00
Civil Girls Kapşonlu 10-13 Yaş Gömlek - Mavi,299.00
Civil Girls N Baskılı 10-13 Yaş Gömlek - Yeşil,149.99
Civil Girls Yakası Fırfırlı 10-13 Yaş Gömlek - Mavi,599.00
Civil Girls Çiçek Desenli 2-5 Yaş Gömlek - Mavi,169.99
Civil Girls Çizgili 6-9 Yaş Gömlek - Mavi,29.99
Civil Girls Çıft Cepli Tunik 10-13 Yaş Gömlek - Mavi,299.00
Civil Girls Dama Desenli 6-9 Yaş Gömlek - Haki,149.99
Civil Girls Roba Fırfırlı Bağlamalı 6-9 Yaş Gömlek - Mavi,299.00
Civil Girls N Baskılı 6-9 Yaş Gömlek - Yeşil,149.99
Civil Girls Good Vibes Only Baskılı 10-13 Yaş Gömlek - Beyaz,599.00
Civil Girls Eteği Yırtmaçlı 10-13 Yaş Gömlek - Siyah,149.99
Cıvıl Gırls Krep Valon Kol 6-9 Yas Gomlek - Ekru,26.99
Civil Girls Pitikare Desenli 2-5 Yaş Gömlek - Sarı,149.99
871007 Cıvıl Gırls Keten Acur Nakıslı 6-9 Yas Gomlek - Pudra,16.99
Civil Girls Kolu Lastikli 2-5 Yaş Gömlek - Kahve,149.99
Civil Girls Çiçek Baskılı 10-13 Yaş Gömlek - Kahve,649.00
Cıvıl Gırls Vual Sımlı Cızgılı 6-9 Yas Gomlek - Pudra,19.99
Civil Girls Etnik Desen Baskılı 10-13 Yaş Gömlek - Beyaz,499.00
Cıvıl Gırls Vual Arkası Brode 6 9 Yas Gomlek - Pembe,49.99
Civil Girls Pitikare Desenli 6-9 Yaş Gömlek - Sarı,149.99
Civil Girls N Baskılı 10-13 Yaş Gömlek - Bej,149.99
Civil Girls Ekose Desenli Oduncu 6-9 Yaş Gömlek - Siyah,119.99
Civil Girls Pitikare Desenli 10-13 Yaş Gömlek - Siyah,149.99
Civil Girls Roba Fırfırlı Bağlamalı 2-5 Yaş Gömlek - Mavi,119.99
Civil Girls Çiçek Desenli 6-9 Yaş Gömlek - Mavi,199.99
Civil Girls Çizgili 6-9 Yaş Gömlek - Bej,29.99
Civil Girls Dama Desenli 6-9 Yaş Gömlek - Siyah,149.99
Civil Girls Önü Bağlamalı Deri 6-9 Yaş Gömlek - Siyah,449.00
Civil Girls Kapşonlu 2-5 Yaş Gömlek - Mavi,249.99
Cıvıl Gırls Krep Bebe Yaka Fıyonklu 6-9 Yas Gomlek - Bej,19.99
Civil Girls Önü Bağlamalı Deri 10-13 Yaş Gömlek - Siyah,449.00
Civil Girls Çizgili 10-13 Yaş Gömlek - Mavi,899.00
Civil Girls Kapşonlu Ekose Desenli 6-9 Yaş Gömlek - Bej,89.99
Civil Girls Çiçek Baskılı 2-5 Yaş Gömlek - Lila,549.00
Civil Girls Krep Yaka Taşlı 6-9 Yaş Gömlek - Sarı,49.99
Civil Girls Kapşonlu Kot 2-5 Yaş Gömlek - Mavi,149.99
Civil Girls Gipeli 2-5 Yaş Gömlek - Pudra,99.99
Civil Girls Gipeli 2-5 Yaş Gömlek - Ekru,99.99
Civil Girls Brodeli 2-5 Yaş Gömlek - Ekru,699.00
Civil Girls Valon Kol 6-9 Yaş Gömlek - Ekru,499.00
Civil Girls Gipeli 10-13 Yaş Gömlek - Pudra,99.99
Civil Girls Düz Tişörtlü 6-9 Yaş Gömlek - Mavi,549.00
Civil Girls Büyük Cepli 10-13 Yaş Gömlek - Bej,299.00
Cıvıl Gırls Vual Roba Fırfırlı 6-9 Yas Gomlek - Pembe,16.99
Civil Girls Bürümcük 2-5 Yaş Gömlek - Fusya,449.00
Zeyneva Oduncu 10-13 Yaş Gömlek - Bej,139.99
Civil Girls Valon Kol 2-5 Yaş Gömlek - Beyaz,449.00
Civil Girls Büyük Çiçek Baskılı 10-13 Yaş Gömlek - Kahve,649.00
Civil Girls Büyük Çiçek Baskılı 10-13 Yaş Gömlek - Mavi,649.00
Civil Girls Büyük Çiçek Baskılı 6-9 Yaş Gömlek - Kahve,599.00
Cıvıl Gırls Krep Bebe Yaka Fıyonklu 6-9 Yas Gomlek - Pudra,19.99
Civil Girls Bürümcük 10-13 Yaş Gömlek - Fusya,499.00
Civil Girls Beli Büzgülü 2-5 Yaş Gömlek - Siyah,499.00
Civil Girls El İşi Detaylı 10-13 Yaş Gömlek - Yeşil,499.00
Civil Girls Çiçek Nakışlı 2-5 Yaş Gömlek - Bej,699.00
Civil Girls Bürümcük 2-5 Yaş Gömlek - Bej,449.00
Civil Girls Çiçek Desenli 6-9 Yaş Gömlek - Pudra,199.99
Civil Girls Kapşonlu Ekose Desenli 6-9 Yaş Gömlek - Turuncu,89.99
Civil Girls Valon Kol 10-13 Yaş Gömlek - Beyaz,549.00
Civil Girls Dama Desenli 2-5 Yaş Gömlek - Siyah,149.99
Civil Girls Eteği Yırtmaçlı 10-13 Yaş Gömlek - Kırmızı,149.99
Civil Girls Düz Tişörtlü 6-9 Yaş Gömlek - Pembe,549.00
Civil Girls Çizgili 6-9 Yaş Gömlek - Mavi,799.00
Civil Girls Good Vibes Only Baskılı 6-9 Yaş Gömlek - Beyaz,549.00
Civil Girls Ekose Desenli 10-13 Yaş Gömlek - Gri,149.99
Civil Girls Beli Büzgülü 6-9 Yaş Gömlek - Ekru,599.00
Civil Girls Önü Bağlamalı Deri 2-5 Yaş Gömlek - Siyah,399.00
Civil Girls Büyük Çiçek Baskılı 6-9 Yaş Gömlek - Mavi,599.00
Civil Girls Çiçek Baskılı 6-9 Yaş Gömlek - Kahve,599.00
Civil Girls Çizgili 6-9 Yaş Gömlek - Pudra,29.99
Civil Girls Çiçek Desenli 2-5 Yaş Gömlek - Lila,169.99
Civil Girls Gipeli 10-13 Yaş Gömlek - Ekru,99.99
1984 Cıvıl Gırls Vıskon Onu Dantellı Volan Kol 6-9 Yas Gomlek - Ekru,49.99
Civil Girls Büyük Cepli 6-9 Yaş Gömlek - Bej,299.00
Cıvıl Gırls Vual Yaka Nervurlu 6-9 Yas Gomlek - Pembe,29.99
Civil Girls Çiçek Desenli 2-5 Yaş Gömlek - Pudra,169.99
Civil Girls Basic Ekose Desenli 6-9 Yaş Gömlek - Kırmızı,89.99
Civil Girls Bürümcük 6-9 Yaş Gömlek - Bej,499.00
Civil Girls Düz Tişörtlü Çizgili 2-5 Yaş Gömlek - Mavi,499.00
Civil Girls Ekose Desenli 10-13 Yaş Gömlek - Yeşil,149.99
Civil Girls Çizgili 10-13 Yaş Gömlek - Pembe,899.00
Civil Girls Pitikare Desenli 10-13 Yaş Gömlek - Sarı,149.99
Civil Girls Yakalı Çift Cepli 6-9 Yaş Gömlek - Kahve,149.99
Zeyneva Timo Çift Cepli Ekose Kız 6-9 Yaş Gömlek - Yeşil,129.99
Civil Girls Çiçek Desenli 10-13 Yaş Gömlek - Mavi,229.99
Civil Girls Beli Büzgülü 10-13 Yaş Gömlek - Ekru,599.00
Civil Girls Çiçek Desenli 10-13 Yaş Gömlek - Pudra,229.99
Civil Girls Valon Kol 2-5 Yaş Gömlek - Yeşil,449.00
Civil Girls Çiçek Nakışlı 10-13 Yaş Gömlek - Ekru,799.00
Cıvıl Gırls Vual Yaka Ponponlu 6-9 Yas Gomlek,26.90
Civil Girls Yakalı Çift Cepli 10-13 Yaş Gömlek - Yeşil,149.99
Civil Girls Kiraz Baskılı 2-5 Yaş Gömlek - Ekru,449.00
Civil Girls Cepli Çıtçıtlı 10-13 Yaş Gömlek - Siyah,129.99
Civil Girls Çizgili 10-13 Yaş Gömlek - Mavi,899.00
Cıvıl Gırls Vual Roba Fırfırlı 6-9 Yas Gomlek - Beyaz,16.99
Timo Çift Cepli Ekose Kız 10-13 Yaş Gömlek - Yeşil,139.99
Civil Girls Beli Büzgülü 10-13 Yaş Gömlek - Siyah,599.00
Civil Girls Cepli Çıtçıtlı 6-9 Yaş Gömlek - Pudra,129.99
Civil Girls Kolu Lastikli 2-5 Yaş Gömlek - Bordo,149.99
Civil Girls Yakası Fırfırlı 6-9 Yaş Gömlek - Mavi,599.00
Civil Girls Kolu Lastikli 6-9 Yaş Gömlek - Bordo,149.99
Zeyneva Oduncu 10-13 Yaş Gömlek - Pudra,139.99
Civil Girls Fiyonk Baskılı 6-9 Yaş Gömlek - Pembe,899.00
Civil Girls Çizgili 6-9 Yaş Gömlek - Lacivert,29.99
Civil Girls Düz Tişörtlü 10-13 Yaş Gömlek - Pembe,599.00
Civil Girls Büyük Çiçek Baskılı 2-5 Yaş Gömlek - Mavi,549.00
Civil Girls Düz 2-5 Yaş Gömlek - Ekru,399.00
Civil Girls Papatya Desenli 10-13 Yaş Gömlek - Ekru,549.00
Civil Girls Yakalı Çift Cepli 10-13 Yaş Gömlek - Kahve,149.99
Confetto Keten Ekose 6-9 Yas Kız Gomlek,14.99
Civil Girls Kapşonlu Ekose Desenli 6-9 Yaş Gömlek - Gri,89.99
Civil Girls Sahte Cepli 6-9 Yaş Gömlek - Siyah,499.00
Civil Girls Sahte Cepli 6-9 Yaş Gömlek - Pembe,499.00
Civil Girls Ekose Desenli Oduncu 10-13 Yaş Gömlek - Pembe,119.99
Cıvıl Gırls Vual Roba Fırfırlı 6-9 Yas Gomlek - Pudra,16.99
Civil Girls Çiçek Nakışlı 10-13 Yaş Gömlek - Beyaz,799.00
Tm81kgm3414 Zeyneva Keten U/k Vıskon Kız Gom. 6-9 Yas Gomlek,19.99
Civil Girls Pötikare 2-5 Yaş Gömlek - Kırmızı,449.00
252280753 Cıvıl Gırls Poplın Cızgılı Yarım Patlı 6-9 Yas Gomlek - Mavi,19.99
Civil Girls Kalın Çizgili 10-13 Yaş Gömlek - Mavi,799.00
Civil Girls Krep Yaka Taşlı 6-9 Yaş Gömlek - Pudra,49.99
Civil Girls Çiçek Nakışlı 6-9 Yaş Gömlek - Bej,749.00
Civil Girls Sahte Cepli 10-13 Yaş Gömlek - Pembe,499.00
Civil Girls Ekose Desenli 10-13 Yaş Gömlek - Mavi,149.99
Civil Girls N Baskılı 6-9 Yaş Gömlek - Bej,149.99
Civil Girls Valon Kol 10-13 Yaş Gömlek - Beyaz,649.00
Civil Girls Krep Yaka Taşlı 6-9 Yaş Gömlek - Ekru,49.99
Civil Girls Good Vibes Only Baskılı 2-5 Yaş Gömlek - Siyah,499.00
Civil Girls Ekose Desenli Oduncu 6-9 Yaş Gömlek - Pembe,119.99
Civil Girls Yaprak Baskılı 10-13 Yaş Gömlek - Beyaz,499.00
Civil Girls Yakalı Çift Cepli 6-9 Yaş Gömlek - Yeşil,149.99
Civil Girls Pitikare Desenli 6-9 Yaş Gömlek - Siyah,149.99
Civil Grils Düz 10-13 Yaş Gömlek - Ekru,399.00
Civil Girls Düz Tişörtlü Çizgili 2-5 Yaş Gömlek - Pembe,499.00
Civil Girls Gipeli 6-9 Yaş Gömlek - Pudra,99.99
Timo Pazen 2-5 Yaş Gömlek - Bej,109.99
Civil Girls Kolu Lastikli 6-9 Yaş Gömlek - Kahve,149.99
Civil Girls Good Vibes Only Baskılı 6-9 Yaş Gömlek - Siyah,549.00
252280753 Cıvıl Gırls Poplın Cızgılı Yarım Patlı 6-9 Yas Gomlek - Sarı,19.99
Civil Girls Eteği Yırtmaçlı 10-13 Yaş Gömlek - Haki,149.99
Civil Girls Roba Fırfırlı Bağlamalı 10-13 Yaş Gömlek - Mavi,299.00
Civil Girls Ekose Desen 10-13 Yaş Gömlek - Lila,149.99
Civil Girls Kedi Nakışlı 2-5 Yaş Gömlek - Pudra,149.99
Civil Girls Kapşonlu 6-9 Yaş Gömlek - Mavi,299.00
Civil Girls Kolu Fırfırlı 10-13 Yaş Gömlek - Mavi,999.00
Civil Girls Çiçek Baskılı 2-5 Yaş Gömlek - Kahve,549.00
Civil Girls Düz Tişörtlü 10-13 Yaş Gömlek - Mavi,599.00
Civil Girls Piliseli 10-13 Yaş Pantolon - Lila,349.00
Civil Girls Jogger 2-5 Yaş Pantolon - Mavi,499.00
Civil Girls Piliseli 10-13 Yaş Pantolon - Siyah,349.00
Civil Girls Renkli Melanjlı Kaşkorse 10-13 Yaş Pantolon - Pudra,499.00
Civil Girls Üç Cepli Kargo 2-5 Yaş Pantolon - Lila,749.00
Civil Girls Bol Paça 6-9 Yaş Pantolon - Siyah,299.00
Civil Girls Püsküllü 2-5 Yaş Pantolon Kot - Mavi,499.00
Civil Girls Bol Paça Yırtmaçlı 6-9 Yaş Pantolon - Haki,399.00
Civil Girls Düz 6-9 Yaş Pantolon - Ekru,449.00
Civil Girls Papatya Nakışlı 6-9 Yaş Pantolon - Mavi,899.00
Civil Girls Kiraz Nakışlı 2-5 Yaş Pantolon - Mavi,499.00
Civil Girls Jogger 6-9 Yaş Pantolon - Mavi,349.00
Civil Girls Çiftcep Düğmeli 10-13 Yaş Pantolon - Siyah,449.00
Civil Girls Carmen 2-5 Yaş Pantolon - Mavi,799.00
Civil Girls Pantolon Etek 6-9 Yaş Pantolon - Mavi,799.00
Civil Girls Batik 10-13 Yaş Pantolon - Siyah,399.00
Civil Girls Kate 6-9 Yaş Pantolon - Mavi,899.00
Civil Girls Önü Cepli 10-13 Yaş Pantolon - Mavi,499.00
Civil Girls Cepli 10-13 Yaş Pantolon - Beyaz,649.00
Civil Girls Jogger 10-13 Yaş Pantolon - Mavi,749.00
Civil Girls Müslin Paça Lastikli 10-13 Yaş Pantolon - Lila,99.99
Civil Girls Taş Baskılı 6-9 Yaş Pantolon - Mavi,999.00
Civil Girls Üç Cepli Kargo 10-13 Yaş Pantolon - Siyah,799.00
Civil Girls Bol Paça 6-9 Yaş Pantolon - Bej,299.00
Civil Girls Çiftcep Düğmeli 6-9 Yaş Pantolon - Yeşil,449.00
Civil Girls Yıldız Nakışlı 10-13 Yaş Pantolon - Mavi,999.00
Civil Girls Relax 6-9 Yaş Pantolon - Gri,699.00
Civil Girls Yıldız Nakışlı 6-9 Yaş Pantolon - Mavi,899.00
Civil Girls Beli Lastikli 10-13 Yaş Pantolon - Mavi,599.00
Civil Girls Üç Cepli Kargo 2-5 Yaş Pantolon - Siyah,749.00
Civil Girls Kargo Cepli Boru Paça 10-13 Yaş Pantolon - Mavi,499.00
Civil Girls Renkli Melanjlı Kaşkorse 6-9 Yaş Pantolon - Pembe,499.00
Civil Girls Basic 10-13 Yaş Pantolon - Mavi,399.00
Civil Girls Bol Paça 6-9 Yaş Pantolon - Bej,349.00
Civil Girls Cepli 2-5 Yaş Pantolon - Pudra,399.00
Civil Girls Çiçek Desenli 2-5 Yaş Pantolon - Lila,499.00
Civil Girls Üç Cepli Kargo 2-5 Yaş Pantolon - Pembe,749.00
Civil Girls Büyük Cepli 10-13 Yaş Pantolon - Mavi,699.00
Civil Girls Pantolon Etek 10-13 Yaş Pantolon - Mavi,799.00
Civil Girls Lola 6-9 Yaş Pantolon - Mavi,799.00
Civil Girls Papatya Nakışlı 10-13 Yaş Pantolon - Mavi,899.00
Civil Girls Batik 6-9 Yaş Pantolon - Siyah,369.00
Civil Girls Kesik Paça 10-13 Yaş Pantolon - Mavi,749.00
Civil Girls Kız Çocuk Pantolon 6-9 Yaş - Lila,499.00
Civil Girls Jogger 6-9 Yaş Pantolon - Mavi,749.00
Civil Girls Bol Paça 10-13 Yaş Pantolon - Bej,599.00
Civil Girls Bol Paça Yırtmaçlı 10-13 Yaş Pantolon - Haki,399.00
Civil Girls Bol Paça 2-5 Yaş Pantolon - Haki,499.00
Civil Girls Batik 6-9 Yaş Pantolon - Mavi,369.00
Civil Girls Carmen 6-9 Yaş Pantolon - Mavi,799.00
Civil Girls Jogger 6-9 Yaş Pantolon - Mavi,599.00
Civil Girls Üç Cepli Kargo 10-13 Yaş Pantolon - Pembe,799.00
Civil Girls Paçası Lastikli 2-5 Yaş Pantolon - Haki,649.00
Civil Girls Basic 10-13 Yaş Pantolon - Mavi,399.00
Civil Girls Relax 10-13 Yaş Pantolon - Siyah,799.00
Civil Girls İspanyol Paça 2-5 Yaş Pantolon - Mavi,699.00
Civil Girls Bol Paça 6-9 Yaş Pantolon - Haki,599.00
Civil Girls Beli Lastikli 10-13 Yaş Pantolon - Mavi,599.00
Civil Girls Renkli Çiçek Nakışlı 2-5 Yaş Pantolon - Mavi,399.00
Civil Girls Çiçek Nakışlı Velsoftlu 2-5 Yaş Pantolon - Lacivert,399.00
Civil Girls Relax 6-9 Yaş Pantolon - Mavi,699.00
Civil Girls Çiçek Nakışlı 2-5 Yaş Pantolon - Siyah,699.00
Civil Girls Jogger 2-5 Yaş Pantolon - Pembe,499.00
Civil Girls Çiçek Desenli 10-13 Yaş Pantolon - Lila,499.00
Civil Girls Üç Cepli Kargo 6-9 Yaş Pantolon - Lila,799.00
Civil Girls Jogger 10-13 Yaş Pantolon - Mavi,399.00
Civil Girls Relax 10-13 Yaş Pantolon - Mavi,799.00
Civil Girls Jogger 2-5 Yaş Pantolon - Mavi,749.00
Civil Girls Lola 2-5 Yaş Pantolon - Mavi,799.00
Hello Kitty 6-9 Yaş Pantolon - Mavi,899.00
Civil Girls Relax 10-13 Yaş Pantolon - Mavi,699.00
Civil Girls Beli Lastikli 10-13 Yaş Pantolon - Mavi,599.00
Civil Girls Çiftcep Düğmeli 2-5 Yaş Pantolon - Pudra,399.00
Civil Girls Bol Paça Yırtmaçlı 10-13 Yaş Pantolon - Bej,399.00
Civil Girls Püsküllü 2-5 Yaş Pantolon Kot - Mavi,499.00
Civil Girls Çiçek nakışlı 2-5 Yaş Pantolon - Pudra,399.00
Civil Girls Çiftcep Düğmeli 10-13 Yaş Pantolon - Yeşil,449.00
Civil Girls Papatya Nakışlı 6-9 Yaş Pantolon - Mavi,899.00
Civil Girls Çiçek Nakışlı 2-5 Yaş Pantolon - Mavi,799.00
Civil Girls Bol Paça Yırtmaçlı 6-9 Yaş Pantolon - Bej,399.00
Civil Girls Kargo Cepli 10-13 Yaş Pantolon - Mavi,799.00
Civil Girls Jogger 10-13 Yaş Pantolon - Mavi,599.00
Civil Girls Çiftcep Düğmeli 6-9 Yaş Pantolon - Pudra,449.00
Civil Girls Bol Paça 6-9 Yaş Pantolon - Siyah,599.00
Civil Girls Paçası Lastikli 6-9 Yaş Pantolon - Beyaz,649.00
Civil Girls Üç Cepli Kargo 6-9 Yaş Pantolon - Pembe,799.00
Civil Girls Bol Paça 6-9 Yaş Pantolon - Bej,599.00
Civil Girls Torba Cepli Kapaklı 10-13 Yaş Pantolon - Siyah,499.00
Civil Girls Taş Baskılı 6-9 Yaş Pantolon - Siyah,999.00
Civil Girls Düz 2-5 Yaş Pantolon - Ekru,449.00
Civil Girls Bol Paça 10-13 Yaş Pantolon - Bej,399.00
Civil Girls Büyük Çiçek Nakışlı 2-5 Yaş Pantolon - Lacivert,399.00
Civil Girls Yıldız Nakışlı 2-5 Yaş Pantolon - Mavi,899.00
Civil Girls Basic 10-13 Yaş Pantolon - Mavi,399.00
Civil Girls Kargo Cepli Boru Paça 6-9 Yaş Pantolon - Mavi,499.00
Civil Girls Taş Baskılı 10-13 Yaş Pantolon - Siyah,999.00
Civil Girls Yırtmaçlı 2-5 Yaş Pantolon - Mavi,799.00
Civil Girls Yırtmaçlı 6-9 Yaş Pantolon - Mavi,799.00
Civil Girls Papatya Nakışlı 2-5 Yaş Pantolon - Mavi,799.00
Civil Girls Basic 10-13 Yaş Pantolon - Gri,399.00
Civil Girls İspanyol Paça 10-13 Yaş Pantolon - Mavi,699.00
Civil Girls Paçası Lastikli 6-9 Yaş Pantolon - Haki,649.00
Civil Girls Çiftcep Düğmeli 2-5 Yaş Pantolon - Yeşil,399.00
Civil Girls Düz 10-13 Yaş Pantolon - Siyah,499.00
Civil Girls Düz 2-5 Yaş Pantolon - Siyah,449.00
Civil Girls Paçası Püsküllü 6-9 Yaş Pantolon - Gri,699.00
Civil Girls Paça Lastikli 10-13 Yaş Pantolon - Yeşil,399.00
Civil Girls Fiyonklu 2-5 Yaş Pantolon - Fil Dişi,499.00
Civil Girls Önü Cepli 2-5 Yaş Pantolon - Gri,399.00
Civil Girls Beli Lastikli 4-9 Yaş Pantolon - Mavi,599.00
Civil Girls Beli Lastikli 4-9 Yaş Pantolon - Mavi,599.00
Civil Girls Kesik Paça 6-9 Yaş Pantolon - Ekru,749.00
Civil Girls Lola 10-13 Yaş Pantolon - Mavi,799.00
Civil Girls Önü Cepli 6-9 Yaş Pantolon - Mavi,499.00
Civil Girls İspanyol Paça 6-9 Yaş Pantolon - Mavi,699.00
Civil Girls Papatya Nakışlı 2-5 Yaş Pantolon - Mavi,799.00
Civil Girls Beli Lastikli 4-9 Yaş Pantolon - Mavi,599.00
Civil Girls Yıldız Nakışlı 6-9 Yaş Pantolon - Mavi,899.00
Civil Girls Düz 10-13 Yaş Pantolon - Ekru,499.00
Civil Girls Batik 10-13 Yaş Pantolon - Mavi,399.00
Civil Girls Pantolon Etek 10-13 Yaş Pantolon - Mavi,799.00
Civil Girls Çiftcep Düğmeli 10-13 Yaş Pantolon - Pudra,449.00
Civil Girls Jogger 6-9 Yaş Pantolon - Mavi,749.00
Civil Girls Bol Paça Yırtmaçlı 10-13 Yaş Pantolon - Siyah,399.00
Civil Girls Çiçek Nakışlı 10-13 Yaş Pantolon - Siyah,749.00
Civil Girls Taş Baskılı 10-13 Yaş Pantolon - Mavi,999.00
Civil Girls Torba Cepli Kapaklı 10-13 Yaş Pantolon - Mavi,499.00
Civil Girls Jogger 10-13 Yaş Pantolon - Pembe,399.00
Civil Girls Üç Cepli Kargo 10-13 Yaş Pantolon - Kırık Beyaz,799.00
Civil Girls Kesik Paça 10-13 Yaş Pantolon - Ekru,749.00
Civil Girls Üç Cepli Kargo 6-9 Yaş Pantolon - Siyah,799.00
Civil Girls Pantolon Etek 6-9 Yaş Pantolon - Mavi,799.00
Civil Girls Jogger 10-13 Yaş Pantolon - Mavi,749.00
Civil Girls Renkli Melanjlı Kaşkorse 10-13 Yaş Pantolon - Pembe,499.00
Civil Girls Büyük Cepli 6-9 Yaş Pantolon - Mavi,599.00
Civil Girls Kargo Cepli 6-9 Yaş Pantolon - Mavi,799.00
Civil Girls Basic Velsoftlu 2-5 Yaş Pantolon - Fusya,299.00
Civil Girls Yırtmaçlı 10-13 Yaş Pantolon - Mavi,799.00
Civil Girls Düz 6-9 Yaş Pantolon - Siyah,449.00
Hello Kitty 2-5 Yaş Pantolon - Mavi,899.00
Civil Girls Kesik Paça 6-9 Yaş Pantolon - Mavi,749.00
Civil Girls Carmen 10-13 Yaş Pantolon - Mavi,799.00
Civil Girls Kesik Paça 6-9 Yaş Pantolon - Gri,749.00
Civil Girls Yıldız Nakışlı 2-5 Yaş Pantolon - Mavi,899.00
Civil Girls Renkli Melanjlı Kaşkorse 6-9 Yaş Pantolon - Pudra,499.00
Civil Girls Çiçek Nakışlı 6-9 Yaş Pantolon - Mavi,899.00
Civil Girls Çiçek Nakışlı 6-9 Yaş Pantolon - Siyah,699.00
Civil Girls Jogger 2-5 Yaş Pantolon - Mavi,749.00
Civil Girls Kesik Paça 10-13 Yaş Pantolon - Gri,749.00
Civil Girls Bol Paça Yırtmaçlı 6-9 Yaş Pantolon - Siyah,399.00
Civil Girls Bol Paça 10-13 Yaş Pantolon - Bej,349.00
Civil Girls Bol Paça 10-13 Yaş Pantolon - Haki,399.00
Civil Girls Üç Cepli Kargo 6-9 Yaş Pantolon - Kırık Beyaz,799.00
Civil Girls Kate 10-13 Yaş Pantolon - Mavi,899.00
Civil Girls Üç Cepli Kargo 2-5 Yaş Pantolon - Kırık Beyaz,749.00
Civil Girls Çiftcep Düğmeli 6-9 Yaş Pantolon - Siyah,449.00
Civil Girls Süzene Nakışlı 10-13 Yaş Pantolon - Gri,499.00
Civil Girls Basic Velsoftlu 2-5 Yaş Pantolon - Yeşil,299.00
Civil Girls Kısa 6-9 Yaş Tayt - Pudra,169.99
Civil Girls Love Baskılı 2-5 Yaş Tayt - Bordo,99.99
Civil Girls Çiçek Desenli 2-5 Yaş Tayt - Pembe,69.99
Civil Girls Be Happy Baskılı 2-5 Yaş Tayt - Kırmızı,199.99
Civil Girls Çizgili 6-9 Yaş Tayt - Turuncu,29.99
Civil Girls Mini Çiçek Empirme 6-9 Yaş Tayt - Pudra,99.99
Civil Girls Strong 2-5 Yaş Tayt - Pembe,49.99
Civil Girls Dreamer Baskılı 2-5 Yaş Tayt - Siyah,49.99
Civil Girls Basic 2-5 Yaş Tayt - Yeşil,169.99
Civil Girls Dream Baskılı 10-13 Yaş Tayt - Siyah,199.99
Civil Girls Time For Action Empirmeli 10-13 Yaş Tayt - Lacivert,129.99
Civil Girls Kısa 2-5 Yaş Tayt - Fusya,149.99
Civil Girls Çiçek Baskılı 2-5 Yaş Tayt - Lacivert,199.99
Civil Girls Balık Sırtı Desenli 6-9 Yaş Tayt - Lacivert,49.99
Civil Girls Basic 6-9 Yaş Tayt - Yeşil,199.99
Civil Girls Time For Action 6-9 Yaş Tayt - Lacivert,129.99
Civil Girls Leopar Baskılı 2-5 Yaş Tayt - Gri,199.99
Civil Girls Girl Hero Baskılı 2-5 Yaş Tayt - Siyah,69.99
Civil Girls Balık Sırtı Desenli 6-9 Yaş Tayt - Gri,29.99
Civil Girls Can't Stop Me Baskılı 6-9 Yaş Tayt - Pembe,34.99
Civil Girls Basic 6-9 Yaş Tayt - Gri,199.99
Civil Girls Çizgili 2-5 Yaş Tayt - Kahve,29.99
Civil Girls Love Baskılı 2-5 Yaş Tayt - Gri,99.99
Civil Girls İspanyol 10-13 Yaş Tayt - Gri,199.99
Civil Girls Ananas Baskılı 2-5 Yaş Tayt - Pembe,99.99
Lovetti Daisy Festival Desen 9-12 Yaş Tayt - Siyah,69.99
Civil Girls Can't Stop Me Baskılı 10-13 Yaş Tayt - Gri,59.99
Civil Girls Kadife 2-5 Yaş Tayt - Lila,149.99
Civil Girls Ekose Desenli Çıma Dikişli 2-5 Yaş Tayt - Gri,49.99
Civil Girls You Baskılı 6-9 Yaş Tayt - Lila,229.99
Civil Girls Yanı Simli Baskılı 10-13 Yaş Tayt - Kırmızı,39.99
Civil Girls Daısy Empirme 2-5 Yaş Tayt - Lila,99.99
Civil Girls Kısa 6-9 Yaş Tayt - Kırmızı,169.99
Civil Girls Cepli 10-13 Yaş Tayt - Bej,299.00
Civil Girls Geyik Desenli 2-5 Yaş Tayt - Kırmızı,69.99
Civil Girls Strong 6-9 Yaş Tayt - Pembe,59.99
Civil Girls İspanyol 2-5 Yaş Tayt - Siyah,169.99
Civil Girls Raporlu Kaşkorse 10-13 Yaş Tayt - Beyaz,99.99
Civil Girls Hasır Desenli 10-13 Yaş Tayt - Yeşil,49.99
Civil Girls Uzun 10-13 Yaş Tayt - Siyah,149.99
Civil Girls Basic 10-13 Yaş Tayt - Pembe,229.99
Civil Girls Dizi Nervürlü 6-9 Yaş Tayt - Siyah,39.99
Civil Girls Kedi Baskılı 6-9 Yaş Tayt - Lila,229.99
Civil Girls Basic 6-9 Yaş Tayt - Beyaz,199.99
Civil Girls Kalp Emprime 2-5 Yaş Tayt - Fil Dişi,149.99
Civil Girls Positive Baskılı Kısa 6-9 Yaş Tayt - Gri,79.99
Civil Girls Ekose Desen 2-5 Yaş Tayt - Mavi,99.99
Civil Girls Kedi Baskılı 3'lü Set 2-5 Yaş Tayt,549.00
Civil Girls Tavşan Baskı 2-5 Yaş Tayt - Gri,149.99
Lovetti Mermer Batik 11-14 Yaş Tayt - Haki,99.99
Civil Girls Yıldız Desen 6-9 Yaş Tayt - Bordo,129.99
13-128 Lovetti Serpme Taşlı 9-12 Yaş Tayt - Beyaz,69.99
Civil Girls Dreamer Baskılı 2-5 Yaş Tayt - Pembe,49.99
Lovetti Yanda Tek Sıra Mickey Baskılı 1-4 Yaş Tayt - Turuncu,64.99
Civil Girls Yıldız Baskılı 6-9 Yaş Tayt - Gri,199.99
Civil Girls Girl Hero Baskılı 10-13 Yaş Tayt - Gri,69.99
Civil Girls Kaşkorse 10-13 Yaş Tayt - Yeşil,99.99
Civil Girls Fiyonklu 2-5 Yaş Tayt - Siyah,299.00
Civil Girls 2-5 Yaş Tayt - Siyah,149.99
Civil Girls Etnik Desenli 6-9 Yaş Tayt - Yeşil,49.99
Civil Girls Kelebek Baskılı 6-9 Yaş Tayt - Pudra,69.99
Civil Girls Kartanesi Desenli 10-13 Yaş Tayt - Gri,69.99
Civil Girls Unicorn Baskılı 6-9 Yaş Tayt - Lacivert,49.99
Civil Girls Unicorn Baskılı 2-5 Yaş Tayt - Siyah,49.99
Civil Girls Düz 6-9 Yaş Tayt - Yeşil,69.99
Civil Girls Kısa 10-13 Yaş Tayt - Yeşil,199.99
Civil Girls Kaşkorse 10-13 Yaş Tayt - Siyah,99.99
Civil Girls Geyik Desenli 2-5 Yaş Tayt - Pembe,69.99
Civil Girls Cute Unicorn Baskı 2-5 Yaş Uzun Tayt - Pudra,19.99
Civil Girls Paça Şeritli 10-13 Yaş Tayt - Siyah,19.99
Civil Girls Fiyonk Desenli 6-9 Yaş Tayt - Siyah,69.99
Civil Girls Simli Şeritli 2-5 Yaş Tayt - Siyah,399.00
Civil Girls Basic 2-5 Yaş Tayt - Kırmızı,169.99
Civil Girls Pitikare Desen Çima Dikişli 2-5 Yaş Tayt - Lila,99.99
Civil Girls My Tayt Baskılı 6-9 Yaş Tayt - Siyah,79.99
Civil Girls Active Mode Emp.10-13 Yaş Tayt - Lacivert,229.99
Civil Girls Dance Baskılı 6-9 Yaş Tayt - Siyah,69.99
Civil Girls Basic 6-9 Yaş Tayt - Lila,199.99
Civil Girls Lale Desenli 2-5 Yaş Tayt - Siyah,99.99
Civil Girls Düz 10-13 Yaş Tayt - Bej,169.99
Civil Girls Kısa 2-5 Yaş Tayt - Sarı,149.99
Civil Girls Simli Çiçek Baskılı 6-9 Yaş Tayt - Fil Dişi,299.00
Civil Girls Kısa 2-5 Yaş Tayt - Lila,149.99
Civil Girls Desenli 6-9 Yaş Tayt - Lacivert,49.99
Civil Girls Puanlı Çiçek Desen 6-9 Yaş Tayt - Pudra,99.99
Civil Girls Kalp Desenli 6-9 Yaş Tayt - Kahverengi,49.99
Civil Girls Kız Çocuk 2-5 Yaş Tayt - Siyah,149.99
Civil Girls Basic 6-9 Yaş Tayt - Ekru,199.99
Civil Girls Kadife 2-5 Yaş Tayt - Pudra,149.99
Civil Girls Balık Sırtı Desenli 10-13 Yaş Tayt - Gri,49.99
Civil Girls Kar Tanesİ Desen 2-5 Yaş Tayt - Bordo,69.99
Civil Girls Yaprak Desen 2-5 Yaş Tayt - Pembe,99.99
Civil Girls Fashion Baskılı 10-13 Yaş Tayt - Lacivert,39.99
Civil Girls Lale Baskılı 6-9 Yaş Tayt - Lila,149.99
Civil Girls Dama Çiçek Baskılı 6-9 Yaş Tayt - Gri,99.99
Civil Girls Fashion Baskılı 10-13 Yaş Tayt - Lila,39.99
Civil Girls Kot 2-5 Yaş Tayt - Siyah,199.99
Civil Girls Ekose Desen 10-13 Yaş Tayt - Kırmızı,99.99
Civil Girls Yırtmaçlı 6-9 Yaş Tayt - Siyah,249.99
Civil Girls Kadife 6-9 Yaş Tayt - Pudra,149.99
Civil Girls Kazayağı Desenli Çıma Dikişli 10-13 Yaş Tayt - Hardal,49.99
Civil Girls Düz 10-13 Yaş Tayt - Gri,69.99
Civil Girls Çizgili 2-5 Yaş Tayt - Haki,29.99
Civil Girls Never Give Up Baskılı 2-5 Yaş Tayt - Pudra,49.99
Civil Girls Kalp Desenli 2-5 Yaş Tayt - Kırmızı,69.99
Civil Girls Etnik Desenli 6-9 Yaş Tayt - Siyah,49.99
Civil Girls Geyik Desenli 10-13 Yaş Tayt - Kırmızı,69.99
Civil Girls Çiçek Baskılı 6-9 Yaş Tayt - Pembe,149.99
Civil Girls Basic 2-5 Yaş Tayt - Pembe,169.99
Civil Girls Balık Sırtı Desenli 10-13 Yaş Tayt - Lacivert,49.99
Civil Girls Düz 6-9 Yaş Tayt - Siyah,299.00
Civil Girls Mini Çiçek Empirme 6-9 Yaş Tayt - Beyaz,99.99
Civil Girls İspanyol 6-9 Yaş Tayt - Siyah,149.99
Lovetti Monochrome Ring Desen 5-8 Yaş Tayt - Lacivert,69.99
Civil Girls One More Time 2-5 Yaş Tayt - Pembe,49.99
Civil Girls Fiyonk Desenli 6-9 Yaş Tayt - Gri,69.99
Civil Girls Strong 10-13 Yaş Tayt - Siyah,49.99
Lovetti Yanda Tek Sıra Mickey Baskılı 1-4 Yaş Tayt - Yeşil,64.99
Civil Girls Baklava Desenli Çıma Dikişli 6-9 Yaş Tayt - Bordo,49.99
Civil Girls Çiçek Baskılı 6-9 Yaş Tayt - Bordo,229.99
Civil Girls Strong 2-5 Yaş Tayt - Gri,49.99
Civil Girls Yırtmaçlı 6-9 Yaş Tayt - Bordo,249.99
Civil Girls My Tayt Baskılı 2-5 Yaş Tayt - Siyah,79.99
Civil Girls Kısa 6-9 Yaş Tayt - Lacivert,169.99
Civil Girls Baklava Desenli Çıma Dikişli 2-5 Yaş Tayt - Bordo,49.99
Civil Girls Kar Desenli 6-9 Yaş Tayt - Hardal,49.99
Civil Girls Çıtır Çiçek Baskılı 2-5 Yaş Tayt - Lila,199.99
Civil Girls Do What You Love Baskılı 6-9 Yaş Tayt - Gri,79.99
Civil Girls Kalp Baskılı 2-5 Yaş Tayt - Lacivert,149.99
Civil Girls Kaşkorse 2-5 Yaş Tayt - Pudra,69.99
Civil Girls Yıldız Unicorn Baskılı 2-5 Yaş Tayt - Siyah,69.99
Civil Girls Kartanesi Desenli 6-9 Yaş Tayt - Kırmızı,69.99
Civil Girls Kalp Desenli 6-9 Yaş Tayt - Ekru,69.99
Civil Girls Kaz Ayağı Desenli 2-5 Yaş Tayt - Gri,49.99
Civil Girls Zebra Desen 2-5 Yaş Tayt - Pembe,99.99
Civil Girls Paça Yırtmaçlı 2-5 Yaş Tayt - Bej,299.00
Civil Girls Always Baskılı Active 10-13 Yaş Tayt - Pudra,79.99
Civil Girls Puanlı Çiçek Desen 6-9 Yaş Tayt - Ekru,99.99
Civil Girls Kadife 6-9 Yaş Tayt - Siyah,149.99
Civil Girls Basic 2-5 Yaş Tayt - Siyah,169.99
Lovetti Şardonlu 5 Cepli Pant. 9-12 Yaş Tayt - Sarı,99.99
Civil Girls Kalpli Ayıcık Bskl. 2-5 Yaş Tayt - Pembe,99.99
Civil Girls Girl Hero Baskılı 6-9 Yaş Tayt - Gri,69.99
Civil Girls Ekose Desenli Çıma Dikişli 6-9 Yaş Tayt - Turuncu,99.99
Civil Girls Leopar Active 6-9 Yaş Tayt - Gri,79.99
Civil Girls Büyük Çiçek Baskılı 2-5 Yaş Tayt - Pembe,99.99
Civil Girls Çizgili 6-9 Yaş Tayt - Pembe,29.99
Civil Girls One More Time 10-13 Yaş Tayt - Gri,49.99
Civil Girls Fitilli 6-9 Yaş Tayt - Turuncu,69.99
Civil Girls Love Baskılı 2-5 Yaş Tayt - Siyah,99.99
Civil Girls Çıtır Çiçek Desenli 10-13 Yaş Tayt - Yeşil,69.99
Civil Girls Kız Çocuk Back Baskılı 10-13 Yaş Tayt - Lila,249.99
Civil Girls Yırtmaçlı 2-5 Yaş Tayt - Pembe,249.99
Civil Girls 6-9 Yaş Tayt - Pembe,149.99
Civil Girls Ananas Baskılı 2-5 Yaş Tayt - Sarı,99.99
Civil Girls Basic 6-9 Yaş Tayt - Fil Dişi,199.99
Civil Girls Kısa 10-13 Yaş Tayt - Pembe,199.99
Civil Girls Çizgili 6-9 Yaş Tayt - Mavi,299.00
Civil Girls Basic 6-9 Yaş Tayt - Lacivert,199.99
Civil Girls Lale Baskılı 2-5 Yaş Tayt - Lila,149.99
Civil Girls Paris Baskılı 10-13 Yaş Tayt - Gri,69.99
Civil Girls Basic 2-5 Yaş Tayt - Bordo,169.99
Civil Girls Kediler Baskılı 2-5 Yaş Tayt - Lila,39.99
Civil Girls Çıtır Çiçek Desenli 10-13 Yaş Tayt - Pembe,69.99
Civil Girls Kazayağı Desen 6-9 Yaş Tayt - Siyah,129.99
Civil Girls Çıtır Çiçek Bskl. 2-5 Yaş Tayt - Ekru,99.99
Civil Girls Hasır Desenli 6-9 Yaş Tayt - Yeşil,49.99
Civil Girls Mini Yapraklı Çiçek Emp. 6-9 Yaş Tayt - Pudra,149.99
Civil Girls Kedi Baskılı 2-5 Yaş Tayt - Pembe,199.99
Civil Girls GRL PWR Baskılı 6-9 Yaş Tayt - Siyah,179.99
Civil Girls Basic 2-5 Yaş Tayt - Ekru,169.99
Civil Girls Basic 10-13 Yaş Tayt - Ekru,229.99
Civil Girls Basic 6-9 Yaş Tayt - Lila,199.99
Civil Girls Kazayağı Desenli Çıma Dikişli 2-5 Yaş Tayt - Hardal,49.99
Civil Girls Büyük Çiçek Desen 6-9 Yaş Tayt - Siyah,29.99
Civil Girls Kadife 10-13 Yaş Tayt - Bordo,149.99
Civil Girls Termal 2-5 Yaş Tayt - Gri,69.99
Civil Girls Balık Sırtı Desenli 6-9 Yaş Tayt - Bordo,49.99
Civil Girls Kot 6-9 Yaş Tayt - Siyah,199.99
Civil Girls Never Give Up Baskılı 6-9 Yaş Tayt - Pudra,59.99
Civil Girls Yanı Fırfırlı 6-9 Yaş Tayt - Siyah,349.00
Civil Girls Ekose Desenli Çıma Dikişli 2-5 Yaş Tayt - Turuncu,49.99
Civil Girls Termal 10-13 Yaş Tayt - Gri,99.99
Civil Girls Can't Stop Me Baskılı 6-9 Yaş Tayt - Gri,49.99
Civil Girls Kısa 10-13 Yaş Tayt - Lila,199.99
Civil Girls Girl Hero Baskılı 10-13 Yaş Tayt - Lacivert,69.99
Civil Girls Düz 2-5 Yaş Tayt - Lila,69.99
Civil Girls Yırtmaçlı 10-13 Yaş Tayt - Siyah,299.00
Civil Girls Yanı Simli Baskılı 6-9 Yaş Tayt - Siyah,39.99
Civil Girls Çiçek Desenli 2-5 Yaş Tayt - Lila,69.99
Civil Girls Uzun 10-13 Yaş Tayt - Lila,149.99
Civil Girls Basic 6-9 Yaş Tayt - Bordo,199.99
Bugs Bunny 10-13 Yaş Tayt - Gri,29.99
Civil Girls Cup Desen 2-5 Yaş Tayt - Pembe,99.99
Civil Girls Kısa 2-5 Yaş Tayt - Pudra,149.99
Civil Girls Unicorn Baskılı 2-5 Yaş Tayt - Lila,99.99
Civil Girls Mini Çiçek Empirme 2-5 Yaş Tayt - Beyaz,99.99
Civil Girls Basic 10-13 Yaş Tayt - Lila,229.99
Civil Girls Ekose Desen 6-9 Yaş Tayt - Mavi,99.99
Civil Girls Unicorn Baskılı 2-5 Yaş Tayt - Pudra,99.99
Civil Girls Basic 6-9 Yaş Tayt - Lila,199.99
Civil Girls Kalp Empirme 6-9 Yaş Tayt - Fil Dişi,189.99
Civil Girls Yıldız Unicorn Baskılı 2-5 Yaş Tayt - Pudra,69.99
Civil Girls One More Time 10-13 Yaş Tayt - Lila,69.99
Civil Girls Tavşan Baskı 2-5 Yaş Tayt - Pudra,149.99
Civil Girls Çıtır Çiçek Desenli 6-9 Yaş Tayt - Yeşil,69.99
Civil Girls 2-5 Yaş Tayt - Pembe,149.99
Civil Girls Kadife 2-5 Yaş Tayt - Yeşil,149.99
Civil Girls Kalp Empirme 6-9 Yaş Tayt - Fil Dişi,149.99
Civil Girls Run Baskılı 6-9 Yaş Tayt - Gri,24.99
Civil Girls Papatya Empirme 6-9 Yaş Tayt - Mavi,129.99
Civil Girls Hasır Desenli 10-13 Yaş Tayt - Siyah,49.99
Civil Girls Papatya Empirme 6-9 Yaş Tayt - Pembe,129.99
Civil Girls Kaşkorse 6-9 Yaş Tayt - Siyah,69.99
Civil Girls Uzun 6-9 Yaş Tayt - Bej,149.99
Civil Girls Positive Baskılı 10-13 Yaş Tayt - Pembe,69.99
Civil Girls Paça Fistolu 2-5 Yaş Tayt - Pudra,69.99
Civil Girls Basic Kısa 10-13 Yaş Tayt - Pudra,119.99
Civil Girls Kısa 2-5 Yaş Tayt - Sarı,149.99
Civil Girls 3 Boyutlu Jakar 2-5 Yaş Tayt - Kırmızı,99.99
Civil Girls Good Active 6-9 Yaş Tayt - Gri,129.99
Civil Girls Çizgili 6-9 Yaş Tayt - Kahve,29.99
Civil Girls Leopar Active 2-5 Yaş Tayt - Gri,69.99
Civil Girls Kısa 10-13 Yaş Tayt - Kırmızı,199.99
Civil Girls Kısa 2-5 Yaş Tayt - Gri,149.99
Civil Girls Çizgili 2-5 Yaş Tayt - Bej,99.99
Civil Girls Yarım Papatya Desen 6-9 Yaş Tayt - Siyah,29.99
Lovetti Crayon Stars Desen 1-4 Yaş Tayt - Lacivert,64.99
Lovetti Forevergood Baskılı 5-8 Yaş Tayt - Siyah,99.99
Civil Girls Kedi Baskılı 2-5 Yaş Tayt - Lila,199.99
Civil Girls Küçük Leopar Empirme 2-5 Yaş Tayt - Bej,99.99
Civil Girls Kediler Baskılı 2-5 Yaş Tayt - Pudra,39.99
Civil Girls Basic 10-13 Yaş Tayt - Gri,229.99
Civil Girls Kar Tanesİ Desen 10-13 Yaş Tayt - Siyah,69.99
Civil Girls Çiçek Desenli 6-9 Yaş Tayt - Lila,69.99
Civil Girls Active 2-5 Yaş Tayt - Lacivert,69.99
Civil Girls Kelebek Baskılı 2-5 Yaş Tayt - Pembe,199.99
Civil Girls Kelebek Baskılı 6-9 Yaş Tayt - Lila,99.99
Civil Girls Basic 6-9 Yaş Tayt - Siyah,199.99
Civil Girls Çiçek Desenli 6-9 Yaş Tayt - Yeşil,69.99
Civil Girls Kazayağı Desen 6-9 Yaş Tayt - Lila,129.99
Civil Girls Çizgili 2-5 Yaş Tayt - Gri,29.99
Civil Girls Emoji Desen 2-5 Yaş Tayt - Pembe,99.99
Lovetti Forevergood Baskılı 5-8 Yaş Tayt - Lacivert,99.99
Civil Girls Girl Hero Baskılı 2-5 Yaş Tayt - Lacivert,69.99
Civil Girls Positive Baskılı Kısa 2-5 Yaş Tayt - Lila,79.99
Civil Girls 2-5 Yaş Tayt - Yeşil,299.00
Civil Girls Renkli Çiçek Desen 6-9 Yaş Tayt - Pudra,29.99
Civil Girls Kadife 6-9 Yaş Tayt - Siyah,199.99
Civil Girls Desenli 6-9 Yaş Tayt - Pudra,49.99
Civil Girls Simli Şeritli 10-13 Yaş Tayt - Siyah,449.00
Lovetti Şardonlu Deri Leopar Desen 2-5 Yaş Tayt - Siyah,109.99
Civil Girls Kazayağı Desenli Çıma Dikişli 6-9 Yaş Tayt - Hardal,49.99
Civil Girls Dama Çiçek Baskılı 6-9 Yaş Tayt - Lacivert,99.99
Civil Girls Balık Sırtı Desenli 2-5 Yaş Tayt - Lacivert,49.99
Civil Girls Kadife 10-13 Yaş Tayt - Lila,149.99
Civil Girls Baklava Desen Çima Dikişli 10-13 Yaş Tayt - Bordo,99.99
Civil Girls Ekose Desen 10-13 Yaş Tayt - Mavi,99.99
Civil Girls Kısa 2-5 Yaş Tayt - Kırmızı,149.99
Civil Girls Be Happy Baskılı 2-5 Yaş Tayt - Pembe,199.99
Civil Girls Basic 6-9 Yaş Tayt - Siyah,19.99
Civil Girls Hasır Desenli 2-5 Yaş Tayt - Yeşil,49.99
Civil Girls Kız Baskılı 2-5 Yaş Tayt - Pembe,99.99
Civil Girls Basic 2-5 Yaş Tayt - Fusya,169.99
Civil Girls Strong 10-13 Yaş Tayt - Pembe,49.99
Civil Girls Kaşkorse 6-9 Yaş Tayt - Bej,99.99
Civil Girls Yırtmaçlı 10-13 Yaş Tayt - Pembe,299.00
Civil Girls Kısa 2-5 Yaş Tayt - Ekru,169.99
Civil Girls İspanyol 10-13 Yaş Tayt - Siyah,469.00
Civil Girls Cute Unicorn Baskı 2-5 Yaş Uzun Tayt - Siyah,19.99
Civil Girls Kısa 2-5 Yaş Tayt - Beyaz,149.99
Civil Girls Active Baskılı Kısa 10-13 Yaş Tayt - Lila,29.99
Civil Girls Basic Kısa 10-13 Yaş Tayt - Beyaz,119.99
Civil Girls Basic 10-13 Yaş Tayt - Pembe,229.99
Civil Girls Çizgili 6-9 Yaş Tayt - Bej,29.99
Otto Kot 6-9 Yas Kız Pantolon Tayt,990.00
Civil Girls If Not Baskılı 10-13 Yaş Tayt - Siyah,69.99
1237 Lovetti Retro Flowers Desen 5-8 Yaş Tayt - Pudra,69.99
Civil Girls Basic 2-5 Yaş Tayt - Lila,169.99
Civil Girls Fitilli 10-13 Yaş Tayt - Lila,99.99
Civil Girls Basic 10-13 Yaş Tayt - Siyah,229.99
Civil Girls Leopar Baskılı 6-9 Yaş Tayt - Pembe,229.99
Civil Girls Kazayağı Desen 2-5 Yaş Tayt - Lila,129.99
Civil Girls Düz 2-5 Yaş Tayt - Yeşil,69.99
Civil Girls Puanlı Papatya Empirme 2-5 Yaş Tayt - Pembe,99.99
Civil Girls Time For Action Empirmeli 2-5 Yaş Tayt - Lacivert,129.99
Civil Girls Etnik Desenli 2-5 Yaş Tayt - Siyah,49.99
Civil Girls Basic 6-9 Yaş Tayt - Kırmızı,199.99
Civil Girls Super Girls 10-13 Yaş Tayt - Siyah,49.99
Civil Girls Kazayağı Desenli Çıma Dikişli 2-5 Yaş Tayt - Siyah,49.99
Civil Girls Kalp Desenli 2-5 Yaş Tayt - Pembe,99.99
Civil Girls Düz 10-13 Yaş Tayt - Bordo,69.99
Civil Girls Scuba 2-5 Yaş Tayt - Pembe,59.99
Civil Girls Paça Welsoft 2-5 Yaş Tayt - Pudra,99.99
Civil Girls Cup Desen 2-5 Yaş Tayt - Sarı,99.99
Lovetti Batik Boyama İnterlok Düz 5-8 Yaş Tayt - Sarı,99.99
Civil Girls Fiyonk Baskılı 10-13 Yaş Tayt - Siyah,149.99
Civil Girls Never Give Up Baskılı 2-5 Yaş Tayt - Pudra,79.99
Civil Girls Kısa 2-5 Yaş Tayt - Fusya,149.99
Civil Girls Ekose Desenli Çıma Dikişli 6-9 Yaş Tayt - Gri,99.99
Civil Girls Girl Power Baskılı 6-9 Yaş Tayt - Siyah,19.99
Civil Girls Yıldız Baskılı 2-5 Yaş Tayt - Gri,149.99
Civil Girls Kaz Ayağı Desenli 2-5 Yaş Tayt - Gri,49.99
Civil Girls Basic 2-5 Yaş Tayt - Siyah,169.99
Civil Girls Basic 2-5 Yaş Tayt - Kahverengi,169.99
Civil Girls 6-9 Yaş Tayt - Yeşil,349.00
Civil Girls Kedi Baskılı 6-9 Yaş Tayt - Pembe,229.99
Civil Girls Kalp Desenli 10-13 Yaş Tayt - Kırmızı,69.99
Civil Girls My Tayt Baskılı 2-5 Yaş Tayt - Gri,79.99
Civil Girls Yıldız Desen 6-9 Yaş Tayt - Gri,129.99
Civil Girls Kediler Desen 6-9 Yaş Tayt - Ekru,99.99
Civil Girls Fiyonk Baskılı 6-9 Yaş Tayt - Siyah,149.99
Civil Girls Basic 6-9 Yaş Tayt - Lila,199.99
Civil Girls Kartanesi Desenli 2-5 Yaş Tayt - Kırmızı,69.99
Civil Girls One More Time 6-9 Yaş Tayt - Lila,49.99
Civil Girls Kısa 2-5 Yaş Tayt - Sarı,149.99
Civil Girls Uzun 6-9 Yaş Tayt - Ekru,149.99
Civil Girls Düz 2-5 Yaş Tayt - Gri,69.99
Civil Girls You Baskılı 6-9 Yaş Tayt - Lila,229.99
Civil Girls Büyük Çiçek Baskılı 6-9 Yaş Tayt - Lila,229.99
Civil Girls Kısa 10-13 Yaş Tayt - Fusya,199.99
Civil Girls Fiyonklu 6-9 Yaş Tayt - Siyah,299.00
Civil Girls Fitilli 6-9 Yaş Tayt - Lila,69.99
Civil Girls Kartanesi Desenli 2-5 Yaş Tayt - Pudra,69.99
Civil Girls Always Baskılı Active 6-9 Yaş Tayt - Pudra,69.99
Civil Girls Basic 2-5 Yaş Tayt - Yeşil,169.99
Civil Girls Baklava Desen Çima Dikişli 2-5 Yaş Tayt - Bordo,99.99
Civil Girls Kısa 10-13 Yaş Tayt - Gri,199.99
Civil Girls Zebra Desen 2-5 Yaş Tayt - Ekru,99.99
Civil Girls Batik Active Konsept 2-5 Yaş Tayt - Gri,149.99
Civil Girls Run Baskılı 10-13 Yaş Tayt - Gri,29.99
Civil Girls Fiyonk Baskılı 2-5 Yaş Tayt - Siyah,149.99
Lovetti Yanda Tek Sıra Mickey Baskılı 1-4 Yaş Tayt - Turuncu,64.99
Civil Girls Leopar Desen 6-9 Yaş Tayt - Ekru,29.99
Civil Girls Basic 10-13 Yaş Tayt - Beyaz,229.99
Civil Girls Positive Baskılı Kısa 10-13 Yaş Tayt - Lila,79.99
Civil Girls Yıldız Baskılı 6-9 Yaş Tayt - Gri,79.99
Civil Girls Kısa 10-13 Yaş Tayt - Pembe,199.99
Civil Girls Rose Baskılı ve Taşlı 10-13 Yaş Tayt - Pudra,69.99
Civil Girls Good Active 2-5 Yaş Tayt - Gri,99.99
Civil Girls Yanı Fırfırlı 10-13 Yaş Tayt - Siyah,349.00
Civil Girls Kısa 2-5 Yaş Tayt - Yeşil,149.99
Civil Girls Gırl Boss Baskılı 6-9 Yaş Tayt - Lacivert,39.99
Civil Girls İspanyol 2-5 Yaş Tayt - Pudra,129.99
Civil Girls Basic 6-9 Yaş Tayt - Pembe,199.99
Civil Girls One More Time 2-5 Yaş Tayt - Lila,49.99
Civil Girls Paça Yırtmaçlı 2-5 Yaş Tayt - Siyah,299.00
Civil Girls Kısa 6-9 Yaş Tayt - Fusya,189.99
Civil Girls Uzun 2-5 Yaş Tayt - Ekru,129.99
Civil Girls Kadife 6-9 Yaş Tayt - Bordo,149.99
Civil Girls Çıtır Çiçek Desenli 6-9 Yaş Tayt - Pudra,69.99
Civil Girls Basic 6-9 Yaş Tayt - Pudra,199.99
Civil Girls Kadife 2-5 Yaş Tayt - Bej,149.99
Civil Girls Positive Baskılı 6-9 Yaş Tayt - Pembe,59.99
Civil Girls 3 Boyutlu Jakar 6-9 Yaş Tayt - Kırmızı,99.99
Civil Girls Unicorn Baskılı 2-5 Yaş Tayt - Lila,199.99
Civil Girls My Tayt Baskılı 6-9 Yaş Tayt - Gri,79.99
Civil Girls Etnik Desenli 10-13 Yaş Tayt - Yeşil,49.99
Civil Girls Tavşan Nakışlı 2-5 Yaş Tayt - Gri,69.99
Civil Girls Düz 2-5 Yaş Tayt - Siyah,69.99
Civil Girls Basic 10-13 Yaş Tayt - Gri,229.99
Civil Girls Düz 2-5 Yaş Tayt - Bej,249.99
Civil Girls Çiçek Baskılı 2-5 Yaş Tayt - Pembe,149.99
Civil Girls Mini Çiçek Empirme 6-9 Yaş Tayt - Turuncu,99.99
Civil Girls Kadife 2-5 Yaş Tayt - Siyah,149.99
Lovetti Cottage Garden Desen 5-8 Yaş Tayt - Lacivert,69.99
Civil Girls Basic 2-5 Yaş Tayt - Sarı,169.99
Lovetti Yanda Tek Sıra Mickey Baskılı 1-4 Yaş Tayt - Bej,64.99
Civil Girls Düz 6-9 Yaş Tayt - Yeşil,299.00
Civil Girls Düz 2-5 Yaş Tayt - Yeşil,249.99
Civil Girls Şeritli Yıldız Baskı 6-9 Yaş Uzun Tayt - Gri,19.99
Civil Girls Paça Şeritli 10-13 Yaş Tayt - Lacivert,19.99
Civil Girls Çizgili 6-9 Yaş Tayt - Haki,29.99
Civil Girls Çizgili 2-5 Yaş Tayt - Fusya,24.99
Civil Girls Dreamer Baskılı 2-5 Yaş Tayt - Gri,49.99
Civil Girls Sevimli Tavşan Desen 2-5 Yaş Tayt - Beyaz,29.99
Civil Girls Cute Unicorn Baskı 2-5 Yaş Uzun Tayt - Lacivert,19.99
Civil Girls Kız Çocuk Tayt 10-13 Yaş - Gri,169.99
Civil Girls Paça Welsoft 2-5 Yaş Tayt - Pembe,99.99
Civil Girls İspanyol 6-9 Yaş Tayt - Siyah,449.00
Civil Girls Can't Stop Me Baskılı 10-13 Yaş Tayt - Gri,39.99
Civil Girls Düz 10-13 Yaş Tayt - Lila,69.99
Civil Girls Kazayağı Desenli Çıma Dikişli 6-9 Yaş Tayt - Siyah,49.99
Civil Girls Çıtır Çiçek Desen 6-9 Yaş Tayt - Pembe,99.99
Civil Girls One More Time 2-5 Yaş Tayt - Lila,49.99
Civil Girls Basic 2-5 Yaş Tayt - Siyah,19.99
Civil Girls Termal 2-5 Yaş Tayt - Siyah,69.99
Civil Girls Fiyonk Baskılı 6-9 Yaş Tayt - Siyah,149.99
Civil Girls Basic 2-5 Yaş Tayt - Lila,169.99
Civil Girls Mini Çiçek Empirme 2-5 Yaş Tayt - Turuncu,99.99
Civil Girls Düz 6-9 Yaş Tayt - Bordo,69.99
Civil Girls Basic 10-13 Yaş Tayt - Siyah,229.99
Civil Girls Kısa 10-13 Yaş Tayt - Siyah,199.99
Civil Girls Kelebek Baskılı 6-9 Yaş Tayt - Pudra,99.99
Civil Girls Kısa 2-5 Yaş Tayt - Kırmızı,149.99
Civil Girls Kaşkorse 2-5 Yaş Tayt - Bej,49.99
Civil Girls Batik Active Konsept 10-13 Yaş Tayt - Gri,199.99
Civil Girls Paça Yırtmaçlı 10-13 Yaş Tayt - Siyah,349.00
Civil Girls Positive Baskılı 10-13 Yaş Tayt - Pembe,59.99
Civil Girls Kadife 6-9 Yaş Tayt - Bej,149.99
Civil Girls Basic 10-13 Yaş Tayt - Lila,229.99
Civil Girls Wonderful Day Baskı 10-13 Yaş Uzun Tayt - Siyah,19.99
1312 Lovetti Nordic Jungle Desen 9-12 Yaş Tayt - Beyaz,69.99
Civil Girls İspanyol 6-9 Yaş Tayt - Siyah,149.99
Civil Girls Baklava Desenli Çıma Dikişli 10-13 Yaş Tayt - Bej,49.99
Civil Girls Paça Yırtmaçlı 6-9 Yaş Tayt - Bej,329.00
Civil Girls Lale Desenli 6-9 Yaş Tayt - Pudra,99.99
Civil Girls Çiçek Baskılı 2-5 Yaş Tayt - Siyah,99.99
Civil Girls Kısa 2-5 Yaş Tayt - Lila,149.99
Civil Girls Kaşkorse 6-9 Yaş Tayt - Yeşil,69.99
Civil Girls Leopar Active 10-13 Yaş Tayt - Gri,99.99
Civil Girls Emoji Desen 6-9 Yaş Tayt - Pembe,99.99
Civil Girls Simli Çiçek Baskılı 2-5 Yaş Tayt - Fil Dişi,249.99
Civil Girls İspanyol Paça 2-5 Yaş Tayt - Siyah,429.00
Civil Girls İspanyol Paça 6-9 Yaş Tayt - Siyah,449.00
Civil Girls Çiçek Baskılı 6-9 Yaş Tayt - Ekru,99.99
Lovetti Yanda Tek Sıra Mickey Baskılı 1-4 Yaş Tayt - Turuncu,64.99
Civil Girls Lale Desenli 2-5 Yaş Tayt - Ekru,99.99
Civil Girls Kalp Desenli 6-9 Yaş Tayt - Yeşil,49.99
Civil Girls Kediler Desen 2-5 Yaş Tayt - Ekru,99.99
Civil Girls Kalp Baskılı 6-9 Yaş Tayt - Lacivert,199.99
61211823 Civil Girls Düz 6-9 Yaş Tayt - Mavi,39.99
Civil Girls Basic 10-13 Yaş Tayt - Lacivert,229.99
Civil Girls Kız Çocuk Tayt 10-13 Yaş - Siyah,149.99
Civil Girls Unicorn Baskılı 6-9 Yaş Tayt - Lila,69.99
Civil Girls Çiçek Baskılı 2-5 Yaş Tayt - Bordo,199.99
Civil Girls Balık Sırtı Desenli 2-5 Yaş Tayt - Gri,49.99
Civil Girls Kısa 2-5 Yaş Tayt - Pembe,149.99
Civil Girls Dance Baskılı 6-9 Yaş Tayt - Lacivert,69.99
Civil Girls Yıldız Baskılı 2-5 Yaş Tayt - Gri,79.99
Lovetti Eskitme Desenli Pant 5-8 Yaş Tayt - Sarı,84.99
Civil Girls Çiçek Baskılı 2-5 Yaş Tayt - Ekru,99.99
Civil Girls Kar Desenli 6-9 Yaş Tayt - Bordo,49.99
Civil Girls Fitilli 6-9 Yaş Tayt - Bej,99.99
Civil Girls Basic 6-9 Yaş Tayt - Kahverengi,199.99
Civil Girls İspanyol 6-9 Yaş Tayt - Pudra,149.99
Civil Girls Düz 6-9 Yaş Tayt - Pembe,69.99
Civil Girls Yanı Derili 6-9 Yaş Tayt - Siyah,149.99
Civil Girls Never Give Up Baskılı 10-13 Yaş Tayt - Pudra,69.99
Civil Girls Strong 6-9 Yaş Tayt - Pembe,49.99
Civil Girls Geyik Desenli 6-9 Yaş Tayt - Bej,69.99
Civil Girls Kalp Empirme 2-5 Yaş Tayt - Fil Dişi,149.99
Civil Girls Zebra Desen 6-9 Yaş Tayt - Ekru,99.99
Civil Girls Yaprak Baskılı 2-5 Yaş Tayt - Bej,99.99
Civil Girls Basic 2-5 Yaş Tayt - Pembe,169.99
1302 Lovetti Cutouts Leaf Desen 5-8 Yaş Tayt - Siyah,69.99
Lovetti Yanda Tek Sıra Mickey Baskılı 1-4 Yaş Tayt - Mavi,64.99
Civil Girls Be Happy Baskılı 2-5 Yaş Tayt - Siyah,199.99
Civil Girls 10-13 Yaş Tayt - Yeşil,399.00
Civil Girls Çiçek Baskılı 6-9 Yaş Tayt - Mavi,199.99
Civil Girls Batik Empirme 2-5 Yaş Tayt - Ekru,79.99
Civil Girls Can't Stop Me Baskılı 2-5 Yaş Tayt - Gri,29.99
Civil Girls Uzun 2-5 Yaş Tayt - Bej,129.99
Civil Girls Positive Baskılı 2-5 Yaş Tayt - Pembe,59.99
Civil Girls Uzun 10-13 Yaş Tayt - Bej,149.99
Civil Girls Raporlu Kaşkorse 10-13 Yaş Tayt - Mavi,99.99
Civil Girls Çiçek Desenli 2-5 Yaş Tayt - Lila,99.99
Civil Girls 6-9 Yaş Tayt - Bordo,149.99
Civil Girls Kot 10-13 Yaş Tayt - Siyah,199.99
Civil Girls Çiçek Desenli 6-9 Yaş Tayt - Pembe,69.99
Civil Girls Strong 6-9 Yaş Tayt - Siyah,69.99
Civil Girls Kar Tanesİ Desen 6-9 Yaş Tayt - Bordo,69.99
Civil Girls Cepli 6-9 Yaş Tayt - Bej,299.00
Civil Girls Basic 2-5 Yaş Tayt - Pembe,169.99
Civil Girls Kısa 6-9 Yaş Tayt - Sarı,169.99
Civil Girls Düz 2-5 Yaş Tayt - Siyah,249.99
Civil Girls Girl Hero Baskılı 6-9 Yaş Tayt - Lacivert,69.99
Civil Girls Kaşkorse 6-9 Yaş Tayt - Pudra,99.99
Civil Girls Let'S Shıne Baskılı 10-13 Yaş Tayt - Gri,69.99
Civil Girls Basic 2-5 Yaş Tayt - Lila,169.99
Civil Girls Kadife 6-9 Yaş Tayt - Yeşil,149.99
Civil Girls Basic 2-5 Yaş Tayt - Lila,169.99
Civil Girls İspanyol 2-5 Yaş Tayt - Siyah,429.00
Civil Girls Kalp Emprime 2-5 Yaş Tayt - Pudra,149.99
Lovetti Eskitme Desenli Pant 5-8 Yaş Tayt - Gri,84.99
Civil Girls Basic 2-5 Yaş Tayt - Pembe,169.99
Civil Girls Basic 6-9 Yaş Tayt - Yeşil,199.99
Civil Girls Kelebek Baskılı 6-9 Yaş Tayt - Siyah,69.99
Lovetti 40/1 Yanı Kumaş Fırfırlı 1-4 Yaş Tayt - Mavi,64.99
Civil Girls Kız Çocuk Tayt 6-9 Yaş - Gri,149.99
Civil Girls Baklava Desen Çima Dikişli 10-13 Yaş Tayt - Siyah,99.99
Civil Girls Kadife 6-9 Yaş Tayt - Lila,149.99
Civil Girls Basic 10-13 Yaş Tayt - Fusya,229.99
Civil Girls Kısa 6-9 Yaş Tayt - Fusya,169.99
Civil Girls Çıtır Çiçek Desenli 6-9 Yaş Tayt - Sarı,69.99
Civil Girls Cup Desen 2-5 Yaş Tayt - Yeşil,99.99
Civil Girls Basic 2-5 Yaş Tayt - Beyaz,169.99
Civil Girls Kısa 2-5 Yaş Tayt - Pudra,169.99
Civil Girls Desenli 6-9 Yaş Tayt - Mavi,49.99
Civil Girls Puanlı Çiçek Baskılı 2-5 Yaş Tayt - Pembe,99.99
Civil Girls Fitilli 6-9 Yaş Tayt - Siyah,99.99
Civil Girls İspanyol Paça 10-13 Yaş Tayt - Siyah,469.00
Civil Girls Never Give Up Baskılı 6-9 Yaş Tayt - Pudra,59.99
Civil Girls Düz 6-9 Yaş Tayt - Pembe,69.99
Civil Girls Basic 2-5 Yaş Tayt - Gri,169.99
Civil Girls Tavşan Baskı 2-5 Yaş Tayt - Pembe,149.99
Civil Girls Düz 6-9 Yaş Tayt - Siyah,69.99
Civil Girls İspanyol 10-13 Yaş Tayt - Siyah,199.99
Civil Girls Time For Action 10-13 Yaş Tayt - Lacivert,129.99
Civil Girls İspanyol 10-13 Yaş Tayt - Siyah,149.99
Civil Girls Kız Çocuk Tayt 6-9 - Gri,399.00
Civil Girls Yıldız Desen 2-5 Yaş Tayt - Gri,129.99
Civil Girls Balık Sırtı Desenli 10-13 Yaş Tayt - Bordo,49.99
Civil Girls Kısa 2-5 Yaş Tayt - Siyah,169.99
Civil Girls Renkli Çiçek Desen 6-9 Yaş Tayt - Pembe,99.99
Civil Girls Fitilli 10-13 Yaş Tayt - Siyah,99.99
Lovetti Yanda Tek Sıra Mickey Baskılı 1-4 Yaş Tayt - Fusya,64.99
Civil Girls Kalp Baskılı 6-9 Yaş Tayt - Gri,199.99
Civil Girls Paçası Velsoftlu 6-9 Yaş Tayt - Siyah,49.99
Civil Girls Düz 2-5 Yaş Tayt - Bordo,69.99
Civil Girls Fitilli 2-5 Yaş Tayt - Pembe,49.99
Civil Girls Büyük Çiçek Baskılı 2-5 Yaş Tayt - Siyah,99.99
Lovetti Monochrome Ring Desen 1-4 Yaş Tayt - Lacivert,64.99
Civil Girls İspanyol 2-5 Yaş Tayt - Siyah,129.99
Civil Girls Etnik Desenli 10-13 Yaş Tayt - Siyah,49.99
Civil Girls Çizgili 6-9 Yaş Tayt - Siyah,29.99
Civil Girls Papatya Empirme 6-9 Yaş Tayt - Sarı,129.99
Civil Girls Unicorn Baskılı 6-9 Yaş Tayt - Gri,69.99
Civil Girls Çizgili 2-5 Yaş Tayt - Pembe,29.99
Civil Girls GRL PWR Baskılı 10-13 Yaş Tayt - Siyah,199.99
Civil Girls 6-9 Yaþ Uzun Tayt - Ekru,149.99
Civil Girls Basic 6-9 Yaş Tayt - Gri,199.99
Civil Girls Çizgili 2-5 Yaş Tayt - Siyah,29.99
Civil Girls Hasır Desenli 6-9 Yaş Tayt - Siyah,49.99
Civil Girls Düz 6-9 Yaş Tayt - Siyah,69.99
Civil Girls Active Baskılı Scuba 2-5 Yaş Tayt - Gri,149.99
Civil Girls GRL PWR Baskılı 10-13 Yaş Tayt - Gri,199.99
Civil Girls Do What You Love Baskılı 6-9 Yaş Tayt - Siyah,79.99
Civil Girls Kar Desenli 6-9 Yaş Tayt - Gri,49.99
1211 Lovetti Roaring Animals Desen 9-12 Yaş Tayt - Gri,69.99
Civil Girls Kaz Ayağı Desenli 2-5 Yaş Tayt - Gri,49.99
Civil Girls Kar Desenli 6-9 Yaş Tayt - Kırmızı,49.99
Civil Girls Ekose Desenli Çıma Dikişli 10-13 Yaş Tayt - Gri,99.99
Civil Girls Do What You Love Baskılı 10-13 Yaş Tayt - Gri,79.99
Civil Girls Believe Unicorn Empirme 6-9 Yaş Tayt - Gri,26.99
Civil Girls Şeritli Yıldız Baskı 6-9 Yaş Uzun Tayt - Siyah,19.99
Civil Girls Kısa 2-5 Yaş Tayt - Kırmızı,149.99
Civil Girls Do What You Love Baskılı 2-5 Yaş Tayt - Gri,79.99
Civil Girls Wonderful Day Baskı 10-13 Yaş Uzun Tayt - Gri,19.99
Lovetti Yanda Tek Sıra Mickey Baskılı 1-4 Yaş Tayt - Turuncu,64.99
Civil Girls Never Give Up Baskılı 10-13 Yaş Tayt - Kırmızı,79.99
Civil Girls Kısa 6-9 Yaş Tayt - Lila,169.99
Civil Girls Everyday Baskı 10-13 Yaş Spor Tayt - Gri,19.99
Civil Girls One More Time 6-9 Yaş Tayt - Lila,59.99
Civil Girls Kaşkorse 2-5 Yaş Tayt - Yeşil,69.99
Civil Girls Yanı Simli Baskılı 6-9 Yaş Tayt - Kırmızı,39.99
Civil Girls Rainbow Baskılı 2-5 Yaş Tayt - Lacivert,149.99
Civil Girls Fitilli 6-9 Yaş Tayt - Pembe,69.99
Civil Girls Çiçek Baskılı 2-5 Yaş Tayt - Pembe,149.99
Lovetti Yanda Tek Sıra Mickey Baskılı 1-4 Yaş Tayt - Gri,64.99
Civil Girls Kısa 2-5 Yaş Tayt - Fil Dişi,149.99
Civil Girls Tavşan Baskı 2-5 Yaş Tayt - Pudra,149.99
Civil Girls Basic 2-5 Yaş Tayt - Fusya,169.99
Civil Girls Kız Çocuk Tayt 10-13 Yaş - Siyah,149.99
Civil Girls Fitilli 2-5 Yaş Tayt - Pudra,99.99
Civil Girls Kadife 10-13 Yaş Tayt - Pudra,149.99
Civil Girls Kaşkorse 6-9 Yaş Tayt - Lila,69.99
Civil Girls Fiyonklu 2-5 Yaş Tayt - Pudra,299.00
Civil Girls Cute Unicorn Baskı 2-5 Yaş Uzun Tayt - Fusya,19.99
Civil Girls Kısa 2-5 Yaş Tayt - Pembe,149.99
Civil Girls Girl Power Baskılı 6-9 Yaş Tayt - Pudra,19.99
Civil Girls Kısa 6-9 Yaş Tayt - Lila,169.99
Civil Girls Be Happy Baskılı 2-5 Yaş Tayt - Yeşil,199.99
Lovetti Sporty Glam Desen 11-14 Yaş Tayt - Lacivert,69.99
Civil Girls Butterfly Desen 2-5 Yaş Tayt - Lacivert,49.99
Civil Girls Çizgili 2-5 Yaş Tayt - Pembe,24.99
Civil Girls My Tayt Baskılı 6-9 Yaş Tayt - Lacivert,79.99
Civil Girls Kısa 2-5 Yaş Tayt - Siyah,149.99
Civil Girls Basic 6-9 Yaş Tayt - Lila,199.99
Civil Girls Fitilli 2-5 Yaş Tayt - Siyah,49.99
Civil Girls Dal Desen 2-5 Yaş Tayt - Lila,99.99
Civil Girls Basic 10-13 Yaş Tayt - Lila,229.99
Civil Girls 6-9 Yaş Tayt - Siyah,149.99
Civil Girls Do What You Love Baskılı 2-5 Yaş Tayt - Siyah,79.99
Civil Girls Lale Desenli 2-5 Yaş Tayt - Pudra,99.99
Civil Girls Fitilli 2-5 Yaş Tayt - Bej,99.99
Civil Girls İspanyol Paça Tüllü 2-5 Yaş Tayt - Siyah,99.99
Civil Girls Balık Sırtı Desenli 10-13 Yaş Tayt - Bordo,49.99
Civil Girls Kısa 6-9 Yaş Tayt - Yeşil,169.99
Civil Girls Gökkuşağı Baskılı 2-5 Yaş Tayt - Yeşil,49.99
Civil Girls Basic 6-9 Yaş Tayt - Pudra,199.99
Civil Girls Basic 2-5 Yaş Tayt - Lila,169.99
Civil Girls Uzun 2-5 Yaş Tayt - Siyah,129.99
Civil Girls Basic 10-13 Yaş Tayt - Yeşil,229.99
Civil Girls Çizgili 6-9 Yaş Tayt - Pembe,299.00
Civil Girls Batik Active Konsept 6-9 Yaş Tayt - Gri,199.99
Civil Girls Basic 6-9 Yaş Tayt - Ekru,199.99
Civil Girls Çiçek Desenli 10-13 Yaş Tayt - Yeşil,69.99
Civil Girls Positive Baskılı 10-13 Yaş Tayt - Lila,69.99
Civil Girls Meyveler Empirme 2-5 Yaş Tayt - Ekru,19.99
Civil Girls Fiyonk Desenli 2-5 Yaş Tayt - Gri,69.99
Civil Girls Leopar 10-13 Yaş Tayt - Gri,349.00
Civil Girls Çiçek Desenli 2-5 Yaş Tayt - Kırmızı,99.99
Civil Girls Never Give Up Baskılı 6-9 Yaş Tayt - Kırmızı,79.99
Civil Girls Active 10-13 Yaş Tayt - Lacivert,69.99
Civil Girls Baklava Desenli Çıma Dikişli 2-5 Yaş Tayt - Bej,49.99
Civil Girls Kelebek Baskılı 6-9 Yaş Tayt - Yeşil,99.99
Civil Girls Believe Unicorn Empirme 6-9 Yaş Tayt - Pudra,26.99
Civil Girls Kadife 10-13 Yaş Tayt - Siyah,149.99
Civil Girls Geyik Desenli 2-5 Yaş Tayt - Bej,69.99
Civil Girls Yıldız Baskılı 6-9 Yaş Tayt - Lacivert,79.99
Civil Girls Küçük Leopar Empirme 2-5 Yaş Tayt - Pudra,99.99
Civil Girls Kısa 6-9 Yaş Tayt - Beyaz,169.99
Civil Girls Basic 2-5 Yaş Tayt - Beyaz,19.99
Civil Girls Düz 6-9 Yaş Tayt - Gri,69.99
Civil Girls Yaprak Desen 6-9 Yaş Tayt - Pembe,99.99
Civil Girls Jakarlı Gipeli Süprem 6-9 Yaş Tayt - Siyah,99.99
Civil Girls Kalp Desenli 10-13 Yaş Tayt - Ekru,69.99
Civil Girls Fitilli 2-5 Yaş Tayt - Mavi,99.99
Civil Girls Can't Stop Me Baskılı 10-13 Yaş Tayt - Pembe,79.99
Civil Girls Kadife 10-13 Yaş Tayt - Siyah,199.99
Civil Girls Kız Çocuk Back Baskılı 10-13 Yaş Tayt - Lila,249.99
Civil Girls Gökkuşağı Baskılı 2-5 Yaş Tayt - Beyaz,49.99
Civil Girls Time For Action 2-5 Yaş Tayt - Lacivert,129.99
6356 Cıvıl Gırls Kamufulaj Desenlı 6-9 Yas Tayt - Beyaz,19.99
Civil Girls Unicorn Baskılı 2-5 Yaş Tayt - Gri,49.99
Civil Girls Kısa 2-5 Yaş Tayt - Pembe,149.99
Civil Girls 3 Boyutlu Jakar 2-5 Yaş Tayt - Mavi,99.99
4140 Lovetti Silhouette Cistus Desen 9-12 Yaş Tayt - Lacivert,69.99
Civil Girls Çizgili 2-5 Yaş Tayt - Lila,29.99
Civil Girls Uzun 6-9 Yaş Tayt - Lila,149.99
Civil Girls Basic 6-9 Yaş Tayt - Kırmızı,199.99
Civil Girls Kısa 2-5 Yaş Tayt - Lila,149.99
Civil Girls Positive Baskılı Kısa 2-5 Yaş Tayt - Gri,79.99
Civil Girls Papatya Baskılı 2-5 Yaş Tayt - Pembe,99.99
Civil Girls İspanyol 6-9 Yaş Tayt - Gri,149.99
Civil Girls Fitilli 2-5 Yaş Tayt - Turuncu,49.99
Civil Girls Balık Sırtı Desenli 6-9 Yaş Tayt - Gri,29.99
Civil Girls Active 6-9 Yaş Tayt - Lacivert,69.99
Civil Girls Ananas Bskl. 6-9 Yaş Tayt - Pembe,99.99
Civil Girls Kısa 2-5 Yaş Tayt - Pembe,149.99
Civil Girls Yıldız Desen 2-5 Yaş Tayt - Ekru,29.99
Civil Girls Kaşkorse 2-5 Yaş Tayt - Pudra,49.99
Civil Girls If Not Baskılı 10-13 Yaş Tayt - Gri,69.99
Civil Girls Çiçek Baskılı 6-9 Yaş Tayt - Lacivert,229.99
Civil Girls Girl Hero Baskılı 6-9 Yaş Tayt - Siyah,69.99
Civil Girls Dance Baskılı 2-5 Yaş Tayt - Siyah,69.99
Civil Girls İspanyol Paça Tüllü 6-9 Yaş Tayt - Siyah,149.99
Civil Girls Fiyonk Desenli 10-13 Yaş Tayt - Gri,69.99
Civil Girls Düz 10-13 Yaş Tayt - Siyah,69.99
Civil Girls Kamuflaj Baskılı 2-5 Yaş Tayt - Lila,199.99
Civil Girls Active Baskılı 10-13 Yaş Tayt - Lila,29.99
Civil Girls Kalp Desenli 6-9 Yaş Tayt - Pembe,99.99
Civil Girls Kız Çocuk Tayt 10-13 Yaş - Siyah,149.99
Civil Girls Kelebek Baskılı 2-5 Yaş Tayt - Yeşil,69.99
Civil Girls Dizi Derili 2-5 Yaş Tayt - Siyah,289.00
13-174-1 Lovetti Viskon Düz 5-8 Yaş Tayt - Gri,59.99
Civil Girls Kadife 2-5 Yaş Tayt - Bordo,149.99
Civil Girls Be Happy Baskılı 2-5 Yaş Tayt - Lila,199.99
Civil Girls Do What You Love Baskılı 10-13 Yaş Tayt - Siyah,79.99
Civil Girls Uzun 10-13 Yaş Tayt - Fusya,149.99
Civil Girls Be Happy Baskılı 2-5 Yaş Tayt - Beyaz,199.99
Civil Girls Kaşkorse 2-5 Yaş Tayt - Kırık Beyaz,69.99
Kappa Kız Çocuk 5-15 Yaş Tayt - Siyah,199.99
Civil Girls 2-9 Yaş Tayt - Lacivert,49.99
Civil Girls Basic 2-5 Yaş Tayt - Ekru,169.99
Civil Girls Papatya Baskılı 6-9 Yaş Tayt - Pembe,99.99
Civil Girls Kısa 6-9 Yaş Tayt - Fil Dişi,169.99
Civil Girls Ekose Desen 2-5 Yaş Tayt - Kırmızı,99.99
Civil Girls Basic 6-9 Yaş Tayt - Pembe,199.99
Civil Girls Active 10-13 Yaş Tayt - Lila,69.99
Civil Girls Kısa 6-9 Yaş Tayt - Ekru,169.99
Civil Girls Çiçek Baskılı 6-9 Yaş Tayt - Pembe,149.99
Civil Girls İspanyol 10-13 Yaş Tayt - Pudra,199.99
Lovetti Free Girl Desen 3-6 Yaş Tayt - Lacivert,64.99
Civil Girls Büyük Çiçek Desenli 2-5 Yaş Tayt - Pembe,149.99
Civil Girls Balık Sırtı Desenli 2-5 Yaş Tayt - Bordo,49.99
1237 Lovetti Retro Flowers Desen 5-8 Yaş Tayt - Yeşil,69.99
Civil Girls Efektli Yaprak Bskl. 2-5 Yaş Tayt - Pudra,99.99
Civil Girls Kısa 6-9 Yaş Tayt - Kırmızı,169.99
Civil Girls Kız Çocuk 2-5 Yaş Tayt - Bordo,149.99
Lovetti Gırl Fashıon 1-4 Yaş Tayt - Siyah,99.99
Civil Girls Leopar Baskılı 6-9 Yaş Tayt - Gri,229.99
Civil Girls Kartanesi Desenli 6-9 Yaş Tayt - Gri,69.99
Civil Girls Raporlu Kaşkorse 6-9 Yaş Tayt - Mavi,79.99
Civil Girls Paça Yırtmaçlı 6-9 Yaş Tayt - Siyah,329.00
Civil Girls Kazayağı Desenli Çıma Dikişli 10-13 Yaş Tayt - Siyah,49.99
Civil Girls Kar Desenli 6-9 Yaş Tayt - Kahverengi,49.99
Civil Girls Fiyonk Baskılı 10-13 Yaş Tayt - Siyah,199.99
Civil Girls Basic 2-5 Yaş Tayt - Pembe,169.99
Civil Girls Tavşan Nakışlı 2-5 Yaş Tayt - Pembe,49.99
Civil Girls Yanı Şeritli 6-9 Yaş Tayt - Siyah,449.00
Lovetti 1-4 Yaş Starfish Desen 5-8 Yaş Tayt - Lacivert,69.99
Civil Girls Fiyonk Desenli 2-5 Yaş Tayt - Siyah,69.99
Civil Girls Basic 2-5 Yaş Tayt - Beyaz,169.99
Civil Girls Kısa 2-5 Yaş Tayt - Beyaz,149.99
Civil Girls Renkli Çiçek Desen 2-5 Yaş Tayt - Pembe,99.99
Civil Girls Düz 2-5 Yaş Tayt - Pembe,69.99
Civil Girls Büyük Çiçek 2-5 Yaş Tayt - Pembe,99.99
Civil Girls Çizgili 2-5 Yaş Tayt - Turuncu,29.99
Civil Girls My Tayt Baskılı 2-5 Yaş Tayt - Lacivert,79.99
Civil Girls Fashion Baskılı 10-13 Yaş Tayt - Siyah,39.99
Civil Girls Love Leopar Baskılı 2-5 Yaş Tayt - Siyah,99.99
Civil Girls Çizgili 6-9 Yaş Tayt - Siyah,129.99
Civil Girls Kazayağı Desen 10-13 Yaş Tayt - Siyah,129.99
Civil Girls Papatya Desen 2-5 Yaş Tayt - Siyah,29.99
Lovetti Yanda Tek Sıra Mickey Baskılı 1-4 Yaş Tayt - Pembe,64.99
Civil Girls Paça Fistolu 2-5 Yaş Tayt - Turuncu,69.99
Civil Girls Ekose Desenli Çıma Dikişli 10-13 Yaş Tayt - Turuncu,99.99
Civil Girls Kalp Desenli 6-9 Yaş Tayt - Bordo,49.99
Civil Girls Simli Şeritli 6-9 Yaş Tayt - Siyah,429.00
Civil Girls Puanlı Papatya Empirme 2-5 Yaş Tayt - Mavi,99.99
Civil Girls Positive Baskılı 2-5 Yaş Tayt - Pembe,39.99
Civil Girls Strong 10-13 Yaş Tayt - Pembe,69.99
Civil Girls Desenli 6-9 Yaş Tayt - Pembe,49.99
Civil Girls Termal 6-9 Yaş Tayt - Siyah,99.99
Civil Girls Kız Çocuk 6-9 Yaş Tayt - Siyah,149.99
Civil Girls Geyik Desenli 6-9 Yaş Tayt - Kırmızı,69.99
Civil Girls Çizgili 6-9 Yaş Tayt - Bej,129.99
Civil Girls Kaşkorse 2-5 Yaş Tayt - Lila,69.99
Civil Girls Kar Tanesİ Desen 6-9 Yaş Tayt - Siyah,69.99
Civil Girls Yıldız Baskılı 6-9 Yaş Tayt - Siyah,79.99
Civil Girls Dizi Derili 10-13 Yaş Tayt - Siyah,329.00
Civil Girls Kaşkorse 10-13 Yaş Tayt - Pudra,99.99
Civil Girls Fiyonk Desenli 10-13 Yaş Tayt - Siyah,69.99
Civil Girls Kediler Baskılı 2-5 Yaş Tayt - Gri,39.99
Civil Girls Çıtır Çiçek Baskılı 2-5 Yaş Tayt - Fusya,199.99
Civil Girls 2 Empirmeli Scuba 2-5 Yaş Tayt - Lila,119.99
Civil Girls Desenli 6-9 Yaş Tayt - Bordo,49.99
Civil Girls Basic 2-5 Yaş Tayt - Yeşil,169.99
Civil Girls Çiçek Baskılı 3'lü Set 2-5 Yaş Tayt,549.00
Civil Girls Rainbow Baskılı 2-5 Yaş Tayt - Pembe,149.99
Civil Girls Paça Fistolu 2-5 Yaş Tayt - Lila,69.99
Civil Girls İspanyol 2-5 Yaş Tayt - Gri,129.99
Civil Girls Kelebek Baskılı 2-5 Yaş Tayt - Lila,69.99
Civil Girls Basic 6-9 Yaş Tayt - Yeşil,199.99
Civil Girls Büyük Çiçek Baskılı 2-5 Yaş Tayt - Siyah,99.99
Civil Girls Kamuflaj Baskılı 10-13 Yaş Tayt - Lila,249.99
Civil Girls Fitilli 10-13 Yaş Tayt - Mavi,99.99
Civil Girls Tavşan Baskı 2-5 Yaş Tayt - Gri,149.99
Tweety 2-5 Yaş Tayt - Gri,19.99
Civil Girls Basic 2-5 Yaş Tayt - Fusya,169.99
Civil Girls Strong 6-9 Yaş Tayt - Pembe,69.99
Civil Girls Scuba 2-5 Yaş Tayt - Gri,59.99
Civil Girls Unicorn Baskılı 2-5 Yaş Tayt - Siyah,199.99
Civil Girls Düz 10-13 Yaş Tayt - Siyah,169.99
Civil Girls Cute Unicorn Baskı 2-5 Yaş Uzun Tayt - Gri,19.99
Lovetti Tropical Parrot Desen 9-12 Yaş Tayt - Mavi,69.99
Civil Girls Yırtmaçlı 10-13 Yaş Tayt - Bordo,299.00
Civil Girls Super Girls 10-13 Yaş Tayt - Pudra,49.99
Civil Girls 2-5 Yaş Tayt - Bordo,149.99
Civil Girls Lale Desenli 6-9 Yaş Tayt - Ekru,99.99
Civil Girls Always Baskılı Active 2-5 Yaş Tayt - Pudra,59.99
Civil Girls Basic 2-5 Yaş Tayt - Sarı,169.99
Civil Girls Mini Çiçek Empirme 2-5 Yaş Tayt - Pudra,99.99
Civil Girls Basic 3'lü Kısa 2-5 Yaş Tayt,449.00
Civil Girls 3 Boyutlu Jakar 6-9 Yaş Tayt - Mavi,99.99
Civil Girls Love Leopar Baskılı 2-5 Yaş Tayt - Ekru,99.99
Civil Girls Kısa 2-5 Yaş Tayt - Yeşil,149.99
Civil Girls Tavşan Nakışlı 2-5 Yaş Tayt - Siyah,49.99
Civil Girls Strong 2-5 Yaş Tayt - Pembe,39.99
Civil Girls Düz 2-5 Yaş Tayt - Yeşil,69.99
Civil Girls Active 2-5 Yaş Tayt - Lila,69.99
Civil Girls Kısa 2-5 Yaş Tayt - Pembe,149.99
Civil Girls Çiçek Desenli 6-9 Yaş Tayt - Kırmızı,99.99
Civil Girls Love Leopar Baskılı 2-5 Yaş Tayt - Pudra,99.99
Civil Girls Positive Baskılı 6-9 Yaş Tayt - Lila,69.99
Civil Girls Paça Welsoft 2-5 Yaş Tayt - Lacivert,99.99
Civil Girls Çizgili 2-5 Yaş Tayt - Mavi,199.99
Civil Girls Çıtır Çiçek Desenli 2-5 Yaş Tayt - Yeşil,69.99
Civil Girls Baklava Desen Çima Dikişli 2-5 Yaş Tayt - Siyah,99.99
Civil Girls Yırtmaçlı 2-5 Yaş Tayt - Siyah,249.99
Civil Girls Girl Hero Baskılı 2-5 Yaş Tayt - Gri,69.99
Civil Girls Kısa 6-9 Yaş Tayt - Siyah,189.99
Civil Girls Kısa 6-9 Yaş Tayt - Pudra,189.99
Civil Girls Unicorn Baskılı 2-5 Yaş Tayt - Ekru,199.99
Civil Girls Basic 6-9 Yaş Tayt - Fusya,199.99
Civil Girls Tavşan Nakışlı 2-5 Yaş Tayt - Gri,249.99
Civil Girls Basic 6-9 Yaş Tayt - Siyah,199.99
1383 Lovetti Op Art Checkers Desen 5-8 Yaş Tayt - Siyah,69.99
Civil Girls Baklava Desenli Çıma Dikişli 10-13 Yaş Tayt - Bordo,49.99
Civil Girls Strong 10-13 Yaş Tayt - Gri,49.99
Civil Girls Believe Unicorn Empirme 6-9 Yaş Tayt - Lacivert,26.99
Civil Girls Çıtır Çiçek Desen 2-5 Yaş Tayt - Pembe,99.99
Civil Girls Kar Tanesİ Desen 10-13 Yaş Tayt - Bordo,69.99
Civil Girls Kısa 6-9 Yaş Tayt - Pembe,169.99
Civil Girls Uzun 6-9 Yaş Tayt - Fusya,149.99
Civil Girls You Baskılı 6-9 Yaş Tayt - Beyaz,229.99
Civil Girls Dal Desen 6-9 Yaş Tayt - Lila,99.99
Civil Girls Scuba 2-5 Yaş Tayt - Pembe,59.99
Civil Girls Kısa 6-9 Yaş Tayt - Beyaz,169.99
Civil Girls Ekose Desenli Çıma Dikişli 2-5 Yaş Tayt - Hardal,49.99
Civil Girls Hasır Desenli 2-5 Yaş Tayt - Siyah,49.99
Civil Girls Büyük Çiçek Baskılı 6-9 Yaş Tayt - Siyah,99.99
Civil Girls Kısa 10-13 Yaş Tayt - Beyaz,199.99
Civil Girls Balık Sırtı Desenli 6-9 Yaş Tayt - Bordo,49.99
Civil Girls Dance Baskılı 2-5 Yaş Tayt - Lacivert,69.99
Civil Girls Kar Desenli 6-9 Yaş Tayt - Mavi,49.99
Civil Girls Kız Çocuk 6-9 Yaş Tayt - Bordo,149.99
Civil Girls Can't Stop Me Baskılı 2-5 Yaş Tayt - Gri,79.99
Civil Girls Kız Çocuk Tayt 10-13 Yaş - Gri,499.00
Civil Girls Fiyonk Desenli 6-9 Yaş Tayt - Lila,69.99
Civil Girls Tavşan Nakışlı 2-5 Yaş Tayt - Beyaz,49.99
Civil Girls Active Mode Emp. 2-5 Yaş Tayt - Lacivert,169.99
Civil Girls Kot 2-5 Yaş Tayt - Lacivert,199.99
Civil Girls Kaşkorse 10-13 Yaş Tayt - Pudra,99.99
Civil Girls Kısa 2-5 Yaş Tayt - Gri,149.99
Civil Girls Fitilli 2-5 Yaş Tayt - Lila,99.99
Civil Girls Puanlı Papatya Empirme 2-5 Yaş Tayt - Sarı,99.99
1303 Lovetti Cutouts Leaf Desen 9-12 Yaş Tayt - Siyah,69.99
Civil Girls Düz 6-9 Yaş Tayt - Yeşil,69.99
Civil Girls Never Give Up Baskılı 10-13 Yaş Tayt - Pudra,79.99
Civil Girls Çıtır Çiçek Desenli 6-9 Yaş Tayt - Yeşil,69.99
Civil Girls Strong 6-9 Yaş Tayt - Gri,69.99
Civil Girls Yapraklı Çiçek Bskl. 2-5 Yaş Tayt - Ekru,99.99
Civil Girls Active Mode Emp. 6-9 Yaş Tayt - Lacivert,199.99
Civil Girls Balık Sırtı Desenli 2-5 Yaş Tayt - Bordo,49.99
Civil Girls Basic 6-9 Yaş Tayt - Gri,199.99
Civil Girls Basic 6-9 Yaş Tayt - Lila,199.99
Civil Girls Simli Kalp Baskılı 2-5 Yaş Tayt - Siyah,19.99
Civil Girls Büyük Çiçek Desenli 2-5 Yaş Tayt - Mavi,149.99
Civil Girls Tenis Baskılı 10-13 Yaş Tayt - Pembe,199.99
Civil Girls Good Active 10-13 Yaş Tayt - Gri,149.99
Civil Girls Can't Stop Me Baskılı 6-9 Yaş Tayt - Pembe,49.99
Civil Girls Raporlu Kaşkorse 10-13 Yaş Tayt - Fusya,99.99
Civil Girls Yanı Şeritli 2-5 Yaş Tayt - Siyah,449.00
Civil Girls Scuba 2-5 Yaş Tayt - Pudra,59.99
Civil Girls Dance Baskılı 2-5 Yaş Tayt - Gri,69.99
Civil Girls Kısa 10-13 Yaş Tayt - Beyaz,199.99
Civil Girls Düz 10-13 Yaş Tayt - Siyah,69.99
Civil Girls Fitilli 2-5 Yaş Tayt - Bej,49.99
Civil Girls Basic 6-9 Yaş Tayt - Lila,199.99
Civil Girls Paça Welsoft 2-5 Yaş Tayt - Siyah,99.99
Civil Girls Kısa 6-9 Yaş Tayt - Lila,169.99
Civil Girls Basic 2-5 Yaş Tayt - Gri,169.99
Civil Girls Simli Kalp Baskılı 2-5 Yaş Tayt - Fusya,19.99
Civil Girls Love Baskılı 2-5 Yaş Tayt - Siyah,99.99
Civil Girls Uzun 2-5 Yaş Tayt - Lila,129.99
Civil Girls Basic 2-5 Yaş Tayt - Pudra,169.99
Civil Girls Kısa 6-9 Yaş Tayt - Sarı,169.99
Civil Girls Unicorn Baskılı 6-9 Yaş Tayt - Siyah,49.99
Civil Girls Gül Desen 6-9 Yaş Tayt - Lila,29.99
B Benetton 4-13 Yaş Tayt - Siyah,99.99
Civil Girls Kartanesi Desenli 6-9 Yaş Tayt - Pudra,69.99
Civil Girls Kısa 6-9 Yaş Tayt - Pembe,169.99
Civil Girls Paçası Velsoftlu 6-9 Yaş Tayt - Pembe,49.99
Civil Girls Jakarlı Gipeli Süprem 10-13 Yaş Tayt - Siyah,99.99
Civil Girls Positive Baskılı Kısa 6-9 Yaş Tayt - Lila,79.99
Civil Girls Yıldız Baskılı 2-5 Yaş Tayt - Siyah,79.99
Lovetti Monochrome Scream Desen 3-6 Yaş Tayt - Siyah,64.99
Civil Girls Düz 10-13 Yaş Tayt - Yeşil,169.99
Civil Girls Be Happy Baskılı 2-5 Yaş Tayt - Lila,199.99
Civil Girls Fitilli 2-5 Yaş Tayt - Lila,49.99
Civil Girls Kız Çocuk Tayt 2-5 Yaş - Siyah,149.99
Civil Girls Lale Desenli 6-9 Yaş Tayt - Siyah,99.99
Civil Girls Kar Desenli 6-9 Yaş Tayt - Yeşil,49.99
Civil Girls Yanı Fırfırlı 2-5 Yaş Tayt - Siyah,329.00
Civil Girls Kısa 6-9 Yaş Tayt - Sarı,169.99
Lovetti Parlak Çizgili Deri 7-10 Yaş Tayt - Lacivert,84.99
Bugs Bunny 10-13 Yaş Tayt - Gri,24.99
Civil Girls Kız Çocuk Tayt 2-5 Yaş - Gri,299.00
Civil Girls Never Give Up Baskılı 6-9 Yaş Tayt - Kırmızı,59.99
Civil Girls Kısa 2-5 Yaş Tayt - Lila,149.99
Civil Girls Kelebek Baskılı 2-5 Yaş Tayt - Lila,199.99
Civil Girls Kukuli 2-5 Yaş Tayt - Gri,49.99
Civil Girls Kısa 6-9 Yaş Tayt - Siyah,169.99
Civil Girls Kısa 2-5 Yaş Tayt - Lila,149.99
Civil Girls You Baskılı 6-9 Yaş Tayt - Siyah,229.99
Civil Girls Deri Cepli 6-9 Yaş Tayt - Siyah,149.99
Civil Girls Kısa 6-9 Yaş Tayt - Ekru,189.99
Civil Girls Basic 6-9 Yaş Tayt - Pembe,199.99
Civil Girls Time For Action Empirmeli 6-9 Yaş Tayt - Lacivert,129.99
Civil Girls Çıtır Çiçek Desenli 2-5 Yaş Tayt - Pembe,69.99
Civil Girls Dance Baskılı 6-9 Yaş Tayt - Gri,69.99
Civil Girls Kelebek Baskılı 2-5 Yaş Tayt - Pudra,69.99
Civil Girls Geyik Desenli 6-9 Yaş Tayt - Pembe,69.99
Civil Girls Pitikare Desen Çima Dikişli 10-13 Yaş Tayt - Lila,99.99
Civil Girls Tenis Baskılı 6-9 Yaş Tayt - Pembe,199.99
Civil Girls Basic 6-9 Yaş Tayt - Fusya,199.99
Civil Girls Çiçek Desenli 2-5 Yaş Tayt - Yeşil,69.99
Civil Girls Yanı Simli Baskılı 10-13 Yaş Tayt - Siyah,39.99
Civil Girls Kazayağı Desen 10-13 Yaş Tayt - Lila,129.99
Civil Girls Paçası Velsoftlu 6-9 Yaş Tayt - Gri,49.99
Civil Girls Basic 6-9 Yaş Tayt - Sarı,199.99
Civil Girls Basic Kısa 10-13 Yaş Tayt - Siyah,119.99
Civil Girls Kısa 6-9 Yaş Tayt - Gri,169.99
Civil Girls Kısa 6-9 Yaş Tayt - Yeşil,169.99
Civil Girls Kız Baskılı 2-5 Yaş Tayt - Sarı,99.99
Civil Girls Basic 10-13 Yaş Tayt - Fil Dişi,229.99
Civil Girls Meyveler Empirme 2-5 Yaş Tayt - Pudra,19.99
Lovetti Çelik Kmş Cep Taş Ve Fermuar Detaylı 9-12 Yaş Tayt - Siyah,139.99
Civil Girls Kalp Desenli 6-9 Yaş Tayt - Fusya,49.99
Civil Girls Never Look Back Baskılı 10-13 Yaş Tayt - Siyah,69.99
Civil Girls Active 6-9 Yaş Tayt - Lila,119.99
Civil Girls Baklava Desenli Çıma Dikişli 6-9 Yaş Tayt - Bej,49.99
Civil Girls Düz 2-5 Yaş Tayt - Siyah,69.99
Civil Girls Kısa 2-5 Yaş Tayt - Fusya,169.99
Civil Girls Never Give Up Baskılı 10-13 Yaş Tayt - Pudra,69.99
Civil Girls Basic 6-9 Yaş Tayt - Gri,199.99
Civil Girls Yanı Simli Baskılı 6-9 Yaş Tayt - Lacivert,39.99
Civil Girls Puanlı Çiçek Baskılı 6-9 Yaş Tayt - Pembe,99.99
Civil Girls Gırl Boss Baskılı 6-9 Yaş Tayt - Pudra,39.99
Civil Girls Ebru Desen Active Konsept 6-9 Yaş Tayt - Pembe,69.99
Civil Girls Girl Hero Baskılı 10-13 Yaş Tayt - Siyah,69.99
Civil Girls Fitilli 6-9 Yaş Tayt - Mavi,99.99
Civil Girls Çıma Dikişli 2-5 Yaş Tayt - Siyah,149.99
Civil Girls Kısa 10-13 Yaş Tayt - Lila,199.99
Civil Girls Basic 6-9 Yaş Tayt - Beyaz,19.99
Lovetti Sarı Turunucu Çiçek Desen Hafif Şardonlu Kışlık 3-6 Yaş Tayt - Turuncu,99.99
Civil Girls Kalp Desenli 6-9 Yaş Tayt - Kırmızı,69.99
Civil Girls Puanlı Papatya Empirme 2-5 Yaş Tayt - Yeşil,99.99
Civil Girls Fitilli 10-13 Yaş Tayt - Pudra,99.99
Civil Girls Geyik Desenli 10-13 Yaş Tayt - Pembe,69.99
KC-0281-1 Cıvıl Gırls Vıskon Cıcek Desenlı 6-9 Yas Tayt - Pudra,14.99
Civil Girls Kısa 6-9 Yaş Tayt - Kırmızı,169.99
Civil Girls Basic 2-5 Yaş Tayt - Gri,169.99
Civil Girls Fiyonk Desenli 2-5 Yaş Tayt - Lila,69.99
Civil Girls Uzun 2-5 Yaş Tayt - Fusya,129.99
Civil Girls Simli Kalp Baskılı 2-5 Yaş Tayt - Gri,19.99
Civil Girls Yanı Derili 2-5 Yaş Tayt - Siyah,149.99
Civil Girls Çiçek Desenli 6-9 Yaş Tayt - Lila,99.99
Civil Girls Çiçek Baskılı 6-9 Yaş Tayt - Siyah,99.99
Civil Girls Etnik Desenli 2-5 Yaş Tayt - Yeşil,49.99
Civil Girls Tenis Baskılı 2-5 Yaş Tayt - Pembe,149.99
Civil Girls Flower Empirme 2-5 Yaş Tayt - Ekru,19.99
Civil Girls Butterfly Desen 2-5 Yaş Tayt - Sarı,49.99
Civil Girls One More Time 6-9 Yaş Tayt - Pembe,49.99
Civil Girls One More Time 2-5 Yaş Tayt - Gri,49.99
Civil Girls Can't Stop Me Baskılı 10-13 Yaş Tayt - Pembe,49.99
Civil Girls Kaşkorse 10-13 Yaş Tayt - Lila,99.99
Civil Girls Strong 2-5 Yaş Tayt - Siyah,49.99
Civil Girls Kukuli 2-5 Yaş Tayt - Pudra,49.99
Civil Girls Basic Kısa 10-13 Yaş Tayt - Gri,119.99
Civil Girls Basic 2-5 Yaş Tayt - Kırmızı,169.99
Civil Girls Çizgili 2-5 Yaş Tayt - Pembe,199.99
Civil Girls Düz 2-5 Yaş Tayt - Lila,69.99
Civil Girls Dizi Derili 6-9 Yaş Tayt - Siyah,299.00
6356 Cıvıl Gırls Kamufulaj Desenlı 6-9 Yas Tayt - Fusya,19.99
4719 Lovetti Monochrome Scream Desen 9-12 Yaş Tayt - Siyah,69.99
Civil Girls Balık Sırtı Desenli 6-9 Yaş Tayt - Lacivert,29.99
Civil Girls Positive Baskılı 6-9 Yaş Tayt - Pembe,69.99
Civil Girls Never Give Up Baskılı 6-9 Yaş Tayt - Pudra,79.99
Civil Girls Kadife 2-5 Yaş Tayt - Siyah,119.99
Civil Girls Kar Tanesİ Desen 2-5 Yaş Tayt - Siyah,69.99
Civil Girls Flower Empirme 2-5 Yaş Tayt - Pembe,19.99
Civil Girls Dama Çiçek Baskılı 6-9 Yaş Tayt - Siyah,99.99
Civil Girls Basic 2-5 Yaş Tayt - Sarı,169.99
Civil Girls Sevimli Tavşan Desen 2-5 Yaş Tayt - Lila,29.99
Civil Girls Kamuflaj Baskılı 6-9 Yaş Tayt - Lila,199.99
Civil Girls Paça Welsoft 2-5 Yaş Tayt - Fusya,99.99
Civil Girls Şeritli Yıldız Baskı 6-9 Yaş Uzun Tayt - Gri,19.99
Civil Girls Strong 10-13 Yaş Tayt - Pembe,59.99
Civil Girls Basic 10-13 Yaş Tayt - Gri,229.99
Civil Girls Kız Çocuk Back Baskılı 10-13 Yaş Tayt - Beyaz,249.99
Civil Girls Tüllü Çizgili 10-13 Yaş Tayt - Siyah,99.99
Civil Girls Basic 2-5 Yaş Tayt - Pudra,169.99
Civil Girls Basic 2-5 Yaş Tayt - Gri,169.99
Civil Girls Fashion Baskılı 10-13 Yaş Tayt - Gri,39.99
Civil Girls Kalp Empirme 2-5 Yaş Tayt - Fil Dişi,169.99
Civil Girls Be Happy Baskılı 2-5 Yaş Tayt - Lila,199.99
Benetton 4-13 Yaş Tayt - Siyah,69.99
Civil Girls Yıldız Desen 2-5 Yaş Tayt - Bordo,129.99
Benetton 4-13 Yaş Tayt - Siyah,69.99
Civil Girls Unicorn Baskılı 2-5 Yaş Tayt - Ekru,99.99
Civil Girls Yıldız Unicorn Baskılı 2-5 Yaş Tayt - Gri,69.99
Civil Girls Çizgili 6-9 Yaş Tayt - Gri,29.99
Civil Girls Fitilli 6-9 Yaş Tayt - Bej,69.99
Civil Girls Kelebek Baskılı 6-9 Yaş Tayt - Gri,69.99
Civil Girls Renkli Çiçek Desen 2-5 Yaş Tayt - Pudra,29.99
Civil Girls Çizgili 2-5 Yaş Tayt - Bordo,24.99
Civil Girls Düz 2-5 Yaş Tayt - Pembe,69.99
Civil Girls Basic 2-5 Yaş Tayt - Lila,169.99
Civil Girls One More Time 10-13 Yaş Tayt - Lila,49.99
Civil Girls Yanı Şeritli 10-13 Yaş Tayt - Siyah,499.00
1284 Lovetti Vintage Flowers Desen 5-8 Yaş Tayt - Ekru,69.99
Civil Girls Balık Sırtı Desenli 6-9 Yaş Tayt - Gri,49.99
Civil Girls Kısa 2-5 Yaş Tayt - Ekru,149.99
Civil Girls Can't Stop Me Baskılı 6-9 Yaş Tayt - Gri,34.99
Civil Girls Kelebek Baskılı 6-9 Yaş Tayt - Pembe,69.99
Civil Girls 2 Empirmeli Scuba 2-5 Yaş Tayt - Lacivert,119.99
Civil Girls Butterfly Desen 2-5 Yaş Tayt - Lila,49.99
Civil Girls Mini Yapraklı Çiçek Emp. 6-9 Yaş Tayt - Ekru,149.99
Lovetti Tropical Parrot Desen 1-4 Yaş Tayt - Mavi,64.99
Civil Girls Never Give Up Baskılı 10-13 Yaş Tayt - Kırmızı,69.99
Civil Girls Unicorn Baskılı 2-5 Yaş Tayt - Pembe,49.99
Civil Girls Leopar Baskılı 2-5 Yaş Tayt - Pembe,199.99
Lovetti Yanda Tek Sıra Mickey Baskılı 1-4 Yaş Tayt - Lila,64.99
Civil Girls Ebru Desen Active Konsept 2-5 Yaş Tayt - Pembe,59.99
Civil Girls Kartanesi Desenli 2-5 Yaş Tayt - Gri,69.99
Civil Girls Büyük Çiçek Baskılı 2-5 Yaş Tayt - Fusya,199.99
KC-0281-1 Cıvıl Gırls Vıskon Cıcek Desenlı 6-9 Yas Tayt - Ekru,14.99
Civil Girls Basic 2-5 Yaş Tayt - Pembe,169.99
Civil Girls Uzun 6-9 Yaş Tayt - Siyah,149.99
Civil Girls Kısa 6-9 Yaş Tayt - Lila,169.99
Civil Girls Kısa 2-5 Yaş Tayt - Gri,149.99
Civil Girls Çıtır Çiçek Baskılı 6-9 Yaş Tayt - Lacivert,99.99
Civil Girls Puanlı Papatya Empirme 2-5 Yaş Tayt - Sarı,99.99
Civil Girls Basic 2-5 Yaş Tayt - Lila,169.99
Kappa Baskılı 7-15 Yaş Tayt - Siyah,169.99
Civil Girls Kaşkorse 6-9 Yaş Tayt - Pudra,69.99
Civil Girls Kalp Desenli 2-5 Yaş Tayt - Ekru,69.99
Civil Girls Çiçek Baskılı 2-5 Yaş Tayt - Mavi,149.99
Civil Girls Gökkuşağı Baskılı 2-5 Yaş Tayt - Pembe,49.99
Civil Girls Be Happy Baskılı 2-5 Yaş Tayt - Pembe,199.99
Civil Girls Love Baskılı 2-5 Yaş Tayt - Lila,99.99
Civil Girls Positive Baskılı Kısa 10-13 Yaş Tayt - Gri,79.99
Civil Girls Leopar 2-5 Yaş Tayt - Gri,249.99
Civil Girls Positive Baskılı 2-5 Yaş Tayt - Lila,59.99
Civil Girls Rose Baskılı ve Taşlı 10-13 Yaş Tayt - Siyah,69.99
Civil Girls Can't Stop Me Baskılı 2-5 Yaş Tayt - Pembe,79.99
Civil Girls Be Happy Baskılı 2-5 Yaş Tayt - Fusya,199.99
Civil Girls Kalp Baskılı 2-5 Yaş Tayt - Gri,149.99
Civil Girls Unicorn Baskılı 2-5 Yaş Tayt - Lacivert,199.99
Civil Girls Leopar 6-9 Yaş Tayt - Gri,299.00
Civil Girls Basic 2-5 Yaş Tayt - Kahverengi,169.99
Civil Girls Şeritli Yıldız Baskı 6-9 Yaş Uzun Tayt - Pudra,19.99
Civil Girls Kaşkorse 10-13 Yaş Tayt - Bej,99.99
Civil Girls Basic 2-5 Yaş Tayt - Fil Dişi,169.99
Civil Girls Fitilli 6-9 Yaş Tayt - Siyah,69.99
Civil Girls Uzun 10-13 Yaş Tayt - Ekru,149.99
Civil Girls Renkli Kamuflaj Emp. Scuba 10-13 Yaş Tayt - Haki,169.99
Lovetti Tropical Parrot Desen 5-8 Yaş Tayt - Mavi,69.99
Civil Girls Kısa 6-9 Yaş Tayt - Lila,169.99
Civil Girls Kısa 6-9 Yaş Tayt - Gri,169.99
Civil Girls Büyük Çiçek Baskılı 6-9 Yaş Tayt - Fusya,229.99
Civil Girls Büyük Çiçek Bskl. 6-9 Yaş Tayt - Siyah,99.99
Civil Girls Fiyonk Baskılı 2-5 Yaş Tayt - Siyah,149.99
Civil Girls Strong 2-5 Yaş Tayt - Pembe,49.99
Bugs Bunny 2-5 Yaş Tayt - Gri,29.99
Kappa Kız Çocuk 5-15 Yaş Tayt - Mavi,199.99
Civil Girls Yırtmaçlı 2-5 Yaş Tayt - Bordo,249.99
Civil Girls Çıtır Çiçek Bskl. 6-9 Yaş Tayt - Ekru,99.99
Civil Girls Kot 6-9 Yaş Tayt - Lacivert,199.99
Civil Girls Gırl Boss Baskılı 6-9 Yaş Tayt - Gri,39.99
Civil Girls Büyük Çiçek Baskılı 6-9 Yaş Tayt - Pembe,99.99
Civil Girls Meyveler Empirme 2-5 Yaş Tayt - Lacivert,19.99
Civil Girls Termal 10-13 Yaş Tayt - Siyah,99.99
6356 Cıvıl Gırls Kamufulaj Desenlı 6-9 Yas Tayt - Pembe,19.99
Civil Girls Termal 6-9 Yaş Tayt - Gri,99.99
Civil Girls Çiçek Desenli 10-13 Yaş Tayt - Lila,69.99
Civil Girls Pitikare Desen Çima Dikişli 2-5 Yaş Tayt - Siyah,99.99
Civil Girls Kot 10-13 Yaş Tayt - Lacivert,199.99
Civil Girls Fitilli 2-5 Yaş Tayt - Siyah,99.99
Civil Girls Fitilli 6-9 Yaş Tayt - Pudra,99.99
Civil Girls Kalp Empirme 6-9 Yaş Tayt - Fil Dişi,149.99
Civil Girls Çiçek Baskılı 2-5 Yaş Tayt - Mavi,199.99
Civil Girls Tavşan Nakışlı 2-5 Yaş Tayt - Pembe,249.99
Civil Girls Kazayağı Desen 2-5 Yaş Tayt - Siyah,129.99
Civil Girls Yırtmaçlı 6-9 Yaş Tayt - Pembe,249.99
Civil Girls Basic 2-5 Yaş Tayt - Lacivert,169.99
Civil Girls Paça Şeritli 10-13 Yaş Tayt - Gri,19.99
Civil Girls Düz 6-9 Yaş Tayt - Lila,69.99
Civil Girls Fitilli 10-13 Yaş Tayt - Bej,99.99
Civil Girls Pitikare Desen Çima Dikişli 10-13 Yaş Tayt - Siyah,99.99
Civil Girls Ekose Desen 6-9 Yaş Tayt - Kırmızı,99.99
Civil Girls Desenli 6-9 Yaş Tayt - Gri,49.99
Civil Girls Paris Baskılı 10-13 Yaş Tayt - Pembe,69.99
Civil Girls One More Time 6-9 Yaş Tayt - Gri,49.99
Civil Girls Çıtır Çiçek Desenli 6-9 Yaş Tayt - Pembe,69.99
Civil Girls Kısa 2-5 Yaş Tayt - Lacivert,149.99
Civil Girls Fitilli 6-9 Yaş Tayt - Lila,99.99
Civil Girls Yanı Simli Baskılı 10-13 Yaş Tayt - Lacivert,39.99
Civil Girls Kartanesi Desenli 10-13 Yaş Tayt - Pudra,69.99
Civil Girls Kız Çocuk Tayt 6-9 Yaş - Siyah,149.99
Civil Girls Paça Yırtmaçlı 10-13 Yaş Tayt - Bej,349.00
Civil Girls Büyük Çiçek Baskılı 2-5 Yaş Tayt - Lila,199.99
Civil Girls Scuba 2-5 Yaş Tayt - Ekru,59.99
Civil Girls Kadife 10-13 Yaş Tayt - Yeşil,149.99
Civil Girls Ebru Desen Active Konsept 10-13 Yaş Tayt - Pembe,69.99
Civil Girls Düz 6-9 Yaş Tayt - Bej,299.00
Civil Girls Puanlı Papatya Empirme 2-5 Yaş Tayt - Pudra,99.99
Civil Girls GRL PWR Baskılı 6-9 Yaş Tayt - Gri,179.99
Civil Girls Gırl Boss Baskılı 6-9 Yaş Tayt - Siyah,39.99
Civil Girls Daısy Empirme 2-5 Yaş Tayt - Beyaz,99.99
Civil Girls One More Time 10-13 Yaş Tayt - Pembe,49.99
Civil Girls Paça Welsoft 2-5 Yaş Tayt - Gri,99.99
Civil Girls Kısa 6-9 Yaş Tayt - Gri,169.99
Civil Girls Kısa 10-13 Yaş Tayt - Fil Dişi,199.99
Civil Girls Çizgili 2-5 Yaş Tayt - Siyah,99.99
1249 Lovetti Midnight Garden Desen 9-12 Yaş Tayt - Lacivert,69.99
Civil Girls Wonderful Day Baskı 10-13 Yaş Uzun Tayt - Lacivert,19.99
Civil Girls Fiyonklu 6-9 Yaş Tayt - Pudra,299.00
Civil Girls Puanlı Çiçek Desen 2-5 Yaş Tayt - Ekru,99.99
Civil Girls Never Give Up Baskılı 2-5 Yaş Tayt - Kırmızı,79.99
Lovetti Sporty Glam Desen 13-16 Yaş Tayt - Lacivert,69.99
Civil Girls Tavşan Baskı 2-5 Yaş Tayt - Siyah,149.99
Civil Girls Renkli Kamuflaj Emp. Scuba 2-5 Yaş Tayt - Haki,149.99
Civil Girls Çizgili 2-5 Yaş Tayt - Bej,29.99
Civil Girls Renkli Kamuflaj Emp. Scuba 6-9 Yaş Tayt - Haki,149.99
Civil Girls Yıldız Baskılı 2-5 Yaş Tayt - Lacivert,79.99
Kappa Baskılı 7-15 Yaş Tayt - Siyah,179.99
Civil Girls Efektli Yaprak Bskl. 6-9 Yaş Tayt - Pudra,99.99
Civil Girls Kaz Ayağı Desenli 2-5 Yaş Tayt - Bej,49.99
Civil Girls Çizgili 6-9 Yaş Tayt - Lila,29.99
Kappa Kız Çocuk 5-15 Yaş Şort - Pudra,249.99
Civil Girls Yaprak Desenli 2-5 Yaş Şort - Lila,249.99
Civil Girls Ekose Desenli 10-13 Yaş Şort - Mavi,349.00
Civil Girls Püsküllü 2-5 Yaş Şort - Pudra,349.00
Civil Girls Ekose Desenli 2-5 Yaş Şort - Gri,349.00
Civil Girls Basic 10-13 Yaş Şort - Pembe,269.00
Civil Girls Düğme Detaylı 2-5 Yaş Şort - Siyah,299.00
Civil Girls 2-5 Yaş Şort - Gri,349.00
Civil Girls Pileli 10-13 Yaş Şort - Gri,299.00
Civil Girls Düz 6-9 Yaş Kapri - Lila,229.99
Civil Girls Tenis Baskılı 10-13 Yaş Şort - Beyaz,349.00
Civil Girls Basic 2-5 Yaş Şort - Sarı,229.99
Civil Girls Pamiye Desenli 2-5 Yaş Şort - Pembe,249.99
Civil Girls Basic 6-9 Yaş Şort - Lila,249.99
Civil Girls Kamuflaj Baskılı 10-13 Yaş Şort - Lila,399.00
Civil Girls Büyük Cepli 2-5 Yaş Şort - Yeşil,399.00
Civil Girls Basic 10-13 Yaş Şort - Sarı,269.00
Civil Girls Puanlı Papatya Empirmeli 2-5 Yaş Şort - Sarı,199.99
Civil Girls Çiçek Baskılı 2-5 Yaş Şort - Lila,499.00
Civil Girls Renkli Çiçek Nakışlı 6-9 Yaş Şort - Mavi,449.00
Civil Girls Kamuflaj Baskılı 2-5 Yaş Şort - Lila,299.00
Civil Girls Fiyonk Baskılı 6-9 Yaş Şort - Siyah,249.99
Civil Girls Bel Fırfırlı 6-9 Yaş Şort - Bej,249.99
Civil Girls Püsküllü 6-9 Yaş Şort - Lila,349.00
Civil Girls Basic 6-9 Yaş Şort - Kırmızı,249.99
Civil Girls Basic 2-5 Yaş Şort - Pembe,229.99
Civil Girls Düz 10-13 Yaş Kapri - Siyah,249.99
Civil Girls Fiyonklu 2-5 Yaş Şort - Pudra,299.00
Civil Girls Güpür Detaylı 6-9 Yaş Şort - Bej,299.00
Civil Girls Tenis Baskılı 6-9 Yaş Şort - Beyaz,299.00
Civil Girls Basic 10-13 Yaş Şort - Kırmızı,269.00
Kappa Kız Çocuk 5-15 Yaş Şort - Siyah,249.99
Civil Girls Çiçek Baskılı 2-5 Yaş Şort - Bej,499.00
Civil Girls Pileli 6-9 Yaş Şort - Gri,299.00
Civil Girls Bel Fırfırlı 2-5 Yaş Şort - Bej,249.99
Lovetti Polka-Dot Desen 1-4 Yaş Şort - Lacivert,49.99
Lovetti Hello Sun Shıne Baskılı 1-4 Yaş Kapri - Lacivert,59.99
Civil Girls Kargo Cepli 6-9 Yaş Kapri - Pudra,399.00
Civil Girls 96 Baskılı 2-5 Yaş Şort - Pembe,349.00
Civil Girls 2-5 Yaş Şort - Pembe,349.00
Civil Girls Basic 6-9 Yaş Şort - Sarı,249.99
Civil Girls Pamiye Desenli 6-9 Yaş Şort - Pembe,269.00
Civil Girls Basic 2-5 Yaş Şort - Kırmızı,229.99
Civil Girls Fiyonklu 2-5 Yaş Şort - Bej,299.00
Civil Girls Fiyonk Baskılı 10-13 Yaş Şort - Siyah,299.00
Civil Girls Büyük Cepli 6-9 Yaş Şort - Yeşil,399.00
Civil Girls Düğme Detaylı 6-9 Yaş Şort - Siyah,329.00
Civil Girls Güpür Detaylı 6-9 Yaş Şort - Turuncu,299.00
Civil Girls 6-9 Yaş Şort - Gri,399.00
Civil Girls Lale Baskılı 6-9 Yaş Şort - Lila,249.99
Civil Girls Kargo Cepli 2-5 Yaş Kapri - Pudra,349.00
Civil Girls Papatya Empirme 6-9 Yaş Şort - Sarı,249.99
Civil Girls Püsküllü 6-9 Yaş Şort - Pudra,349.00
Civil Girls Papatya Baskılı 2-5 Yaş Şort - Gri,199.99
Civil Girls Kamuflaj Baskılı 6-9 Yaş Şort - Lila,349.00
Civil Grils New York Baskılı 6-9 Yaş Şort - Lila,229.99
Civil Girls 6-9 Yaş Şort - Pembe,399.00
Civil Girls 2-5 Yaş Şort - Lila,349.00
Civil Girls Düğme Detaylı 6-9 Yaş Şort - Ekru,329.00
Civil Girls Düz 10-13 Yaş Kapri - Lila,249.99
Civil Girls Kargo Cepli 10-13 Yaş Kapri - Pudra,399.00
Civil Girls Paçası Püsküllü 6-9 Yaş Şort - Mavi,449.00
Civil Girls Fiyonk Baskılı 2-5 Yaş Şort - Siyah,229.99
Civil Girls Papatya Empirme 6-9 Yaş Şort - Mavi,249.99
Civil Girls Düz 2-5 Yaş Kapri - Lila,199.99
Civil Girls Raporlu Kaşkorse 6-9 Yaş Şort - Beyaz,199.99
Civil Girls Ekose Desenli 6-9 Yaş Şort - Siyah,349.00
Civil Girls Çiçek Baskılı 6-9 Yaş Şort - Pembe,249.99
Civil Girls STYLE Baskılı 6-9 Yaş Kapri - Ekru,399.00
Civil Girls Düz 2-5 Yaş Kapri - Siyah,199.99
Civil Girls Bel Fırfırlı 6-9 Yaş Şort - Pembe,249.99
Civil Girls Pileli 10-13 Yaş Şort - Bej,349.00
Civil Girls Çiçek Baskılı 6-9 Yaş Şort - Bej,499.00
Kuromi Kız Çocuk 6-9 Yaş Şort - Siyah,399.00
Civil Girls 2-5 Yaş Şort - Kırık Beyaz,349.00
Civil Girls Raporlu Kaşkorse 6-9 Yaş Şort - Fusya,199.99
Civil Girls Yıldız Nakışlı 10-13 Yaş Şort - Mavi,699.00
Civil Girls Basic 10-13 Yaş Şort - Lila,269.00
Lovetti Unıty Baskılı Bisiklet 9-12 Yaş Şort - Pudra,59.99
Civil Girls Büyük Cepli 6-9 Yaş Şort - Lila,399.00
Civil Girls Papatya Empirme 6-9 Yaş Şort - Pembe,249.99
Civil Grils Los Angeles Baskılı 10-13 Yaş Şort - Lila,249.99
Civil Girls Basic 2-5 Yaş Şort - Lila,229.99
Civil Girls Düz 6-9 Yaş Kapri - Siyah,229.99
Civil Girls Raporlu Kaşkorse 10-13 Yaş Şort - Mavi,199.99
Civil Girls Küçük Leopar Empirme 2-5 Yaş Şort - Bej,199.99
Civil Girls Güpür Detaylı 2-5 Yaş Şort - Bej,299.00
Civil Girls Püsküllü 2-5 Yaş Şort - Lila,349.00
Civil Girls 6-9 Yaş Şort - Kırık Beyaz,399.00
Civil Girls Yıldız Nakışlı 6-9 Yaş Şort - Mavi,699.00
Civil Girls Raporlu Kaşkorse 6-9 Yaş Şort - Mavi,199.99
Civil Girls 96 Baskılı 10-13 Yaş Şort - Pembe,399.00
Civil Grils Tokyo Baskılı 2-5 Yaş Şort - Lila,199.99
Civil Girls 96 Baskılı 2-5 Yaş Şort - Siyah,349.00
Civil Girls 6-9 Yaş Şort - Lila,399.00
Civil Girls Basic 10-13 Yaş Şort - Yeşil,269.00
Civil Girls Yaprak Desenli 6-9 Yaş Şort - Lila,269.00
Civil Girls Büyük Cepli 2-5 Yaş Şort - Lila,399.00
Civil Girls Yıldız Nakışlı 2-5 Yaş Şort - Mavi,699.00
Civil Girls Ekose Desenli 6-9 Yaş Şort - Mavi,349.00
Civil Girls Küçük Leopar Empirme 2-5 Yaş Şort - Pudra,199.99
Civil Girls STYLE Baskılı 6-9 Yaş Kapri - Siyah,399.00
Civil Girls Ekose Desenli 2-5 Yaş Şort - Mavi,349.00
Civil Girls 96 Baskılı 6-9 Yaş Şort - Pembe,399.00
Civil Girls Pileli 10-13 Yaş Şort - Siyah,349.00
Civil Girls 96 Baskılı 10-13 Yaş Şort - Siyah,399.00
Civil Girls Beli Fırfırlı 2-5 Yaş Şort - Mavi,349.00
Civil Girls Tenis Baskılı 2-5 Yaş Şort - Beyaz,249.99
Civil Girls Düğme Detaylı 2-5 Yaş Şort - Ekru,299.00
Civil Girls Basic 6-9 Yaş Şort - Pembe,249.99
Civil Girls 96 Baskılı 6-9 Yaş Şort - Siyah,399.00
Civil Girls Raporlu Kaşkorse 10-13 Yaş Şort - Fusya,199.99
Civil Girls Basic 10-13 Yaş Şort - Lila,269.00
Kuromi 2-5 Yaş Şort - Siyah,349.00
Civil Girls Lale Baskılı 2-5 Yaş Elbise - Lila,399.00
Civil Girls Bağcıklı 6-14 Yaş Abiye - Pudra,1599.00
Civil Girls Kalp Empirme 6-9 Yaş Elbise - Fil Dişi,349.00
Civil Girls Papatya Empirme 6-9 Yaş Elbise - Sarı,399.00
Civil Girls Kalp Baskılı Tüllü 6-9 Yaş Elbise - Fusya,499.00
Civil Girls Raporlu Kaşkorse Fırfırlı 6-9 Yaş Elbise - Fusya,299.00
Civil Girls Beli Taşlı Tüylü 6-14 Yaş Abiye - Yeşil,1599.00
Civil Girls 6-9 Yaş Elbise - Yeşil,349.00
Civil Girls Fiyonk Baskılı 6-9 Yaş Elbise - Pembe,599.00
Civil Grils Tokyo Baskılı 2-5 Yaş Elbise - Lila,249.99
Civil Girls Yakası Nakışlı 2-5 Yaş Elbise - Pembe,499.00
Civil Girls Büyük Çiçek Desenli 6-9 Yaş Elbise - Yeşil,399.00
Civil Girls Kol Fırfırlı 6-9 Yaş Elbise - Yeşil,399.00
Civil Girls Natural 6-9 Yaş Elbise - Bej,699.00
Civil Girls Bel-Air Los Angeles Baskılı 2-5 Yaş Elbise - Yeşil,249.99
Civil Girls Ekose Desenli 6-9 Yaş Elbise - Sarı,599.00
Civil Girls Natural 2-5 Yaş Elbise - Bej,699.00
Civil Girls 2-5 Yaş Abiye - Kırık Beyaz,999.00
Civil Girls Pamiye Desenli 2-5 Yaş Elbise - Pembe,349.00
Civil Girls Puanlı Askılı 2-5 Yaş Elbise - Lila,299.00
Civil Girls Raporlu Kaşkorse Fırfırlı 6-9 Yaş Elbise - Mavi,299.00
Civil Girls Çiçek Baskılı 6-9 Yaş Elbise - Ekru,649.00
Civil Girls Dantel 2-5 Yaş Elbise - Sarı,999.00
Civil Girls Küçük Papatya Desenli 6-9 Yaş Elbise - Mavi,399.00
Civil Girls Kiraz Baskılı 6-9 Yaş Elbise - Ekru,899.00
Civil Girls Çizgili 2-5 Yaş Elbise - Pembe,299.00
Civil Girls Çiçek Nakışlı 2-5 Yaş Elbise - Mavi,399.00
Obelia Dantel Yaka Fiyonklu 2-5 Yaş Elbise - Lacivert,649.00
Civil Girls Fiyonklu 2-5 Yaş Elbise - Mavi,999.00
Civil Girls Tarlatanlı 2-5 Yaş Abiye - Pudra,1499.00
Civil Girls Meyveler Baskılı 2-5 Yaş Elbise - Yeşil,299.00
Civil Girls 3 Boyutlu Jakar 2-5 Yaş Elbise - Kırmızı,399.00
Civil Girls Verev Robalı 6-14 Yaş Abiye - Siyah,999.00
Civil Girls Roba Desenli 2-5 Yaş Elbise - Ekru,649.00
Civil Girls Dantel 2-5 Yaş Elbise - Ekru,999.00
Civil Girls Çiçek Desenli 6-9 Yaş Elbise - Pembe,899.00
Civil Girls Bağcıklı 6-14 Yaş Abiye - Mavi,1599.00
Civil Girls Ekose Desenli 6-9 Yaş Elbise - Lila,599.00
Civil Girls Robası Büzgülü 6-14 Yaş Abiye - Lila,1499.00
Civil Girls Yakası Dantelli 2-5 Yaş Elbise - Bej,599.00
Civil Girls Çizgili 6-9 Yaş Elbise - Kırmızı,299.00
Civil Girls Şal Kollu 6-14 Yaş Abiye - Pudra,799.00
Civil Girls Çiçek Desenli 6-9 Yaş Elbise - Kırmızı,599.00
Civil Girls Fiyonklu 2-5 Yaş Elbise - Gri,649.00
Civil Girls 6-9 Yaş Abiye - Mavi,1599.00
Civil Girls Beli Taşlı Tüylü 6-14 Yaş Abiye - Pudra,1599.00
Civil Girls Katkat Etekli 6-9 Yaş Elbise - Beyaz,999.00
Civil Girls Roba Desenli 6-9 Yaş Elbise - Yeşil,899.00
Civil Girls 6-9 Yaş Elbise - Bej,349.00
Civil Girls Yakası Nakışlı 6-9 Yaş Elbise - Mavi,599.00
Civil Girls Leopar Desenli 6-9 Yaş Elbise - Fusya,399.00
Civil Girls Pötikare 2-5 Yaş Elbise - Kırmızı,699.00
Civil Girls Leoparlı 2-5 Yaş Elbise - Lila,299.00
Civil Girls Fiyonklu 6-9 Yaş Elbise - Yeşil,999.00
Civil Girls 6-14 Yaş Abiye - Kırık Beyaz,1799.00
Civil Girls Çiçek Desenli 2-5 Yaş Elbise - Pembe,899.00
Civil Girls Papatya Desenli 10-13 Yaş Elbise - Ekru,1199.00
Civil Girls Dantelli 10-13 Yaş Elbise - Yeşil,999.00
Civil Girls Kalp Baskılı 2-5 Yaş Elbise - Mavi,149.99
Obelia Dantel Yaka Kolları Lastikli 2-5 Yaş Elbise - Bej,649.00
Civil Girls Büyük Çiçek Desenli 6-9 Yaş Elbise - Turuncu,399.00
Kuromi 6-9 Yaş Elbise - Ekru,599.00
Civil Girls Simli 6-14 Yaş Abiye - Lila,1399.00
Civil Girls Bel-Air Los Angeles Baskılı 2-5 Yaş Elbise - Lila,249.99
Civil Girls Kalp Baskılı Tüllü 6-9 Yaş Elbise - Pudra,499.00
Civil Girls Papatya Empirme 6-9 Yaş Elbise - Pembe,399.00
Civil Girls Ekose Desenli 2-5 Yaş Elbise - Bej,799.00
Civil Girls Kuruvaze 2-5 Yaş Elbise - Fusya,599.00
Civil Girls 6-9 Yaş Elbise - Bordo,399.00
Civil Girls Simli 6-14 Yaş Abiye - Lila,1399.00
Civil Girls Çiçek Desenli 6-9 Yaş Elbise - Sarı,899.00
Civil Girls Kalp Baskılı Tüllü 6-9 Yaş Elbise - Ekru,499.00
Civil Girls Ekose Desenli 2-5 Yaş Elbise - Gri,299.00
Civil Girls 3 Boyutlu Jakar 10-13 Yaş Elbise - Kırmızı,399.00
Civil Girls Çiçek Desenli 2-5 Yaş Elbise - Mavi,399.00
Civil Grils Cepli 2-5 Yaş Elbise - Mavi,699.00
Civil Girls 2-5 Yaş Abiye - Kırık Beyaz,1199.00
Civil Girls Katkat Etekli 2-5 Yaş Elbise - Beyaz,999.00
Civil Girls Omzu Çiçekli Tarlatanlı 2-5 Yaş Abiye - Bej,1199.00
Civil Girls Pamiye Desenli 6-9 Yaş Elbise - Pembe,399.00
Civil Girls Brodeli 10-13 Yaş Elbise - Kırık Beyaz,1299.00
Civil Girls Ekose Desenli 6-9 Yaş Elbise - Yeşil,799.00
Civil Girls Çiçek Baskılı 2-5 Yaş Elbise - Ekru,649.00
Civil Girls Dantel 2-5 Yaş Elbise - Pembe,999.00
Civil Girls Çiçek Nakışlı 2-5 Yaş Elbise - Sarı,699.00
Civil Girls Askılı Körük Cepli 10-13 Yaş Elbise - Haki,899.00
Civil Girls Çizgili 2-5 Yaş Elbise - Kırmızı,299.00
Civil Girls 6-9 Yaş Abiye - Kırık Beyaz,999.00
Civil Girls Robası Tüylü Kuyruklu 6-14 Yaş Abiye - Pudra,1599.00
Civil Girls Eteği Fırfırlı 2-5 Yaş Elbise - Pembe,699.00
Civil Girls Askılı Körük Cepli 6-9 Yaş Elbise - Haki,799.00
Civil Girls 2-5 Yaş Abiye - Lila,1499.00
Civil Girls Yakası Fırfırlı Keten 2-5 Yaş Elbise - Yeşil,699.00
Civil Girls Eteği Fırfırlı 6-9 Yaş Elbise - Pembe,799.00
Civil Girls Fırfırlı 2-5 Yaş Elbise - Ekru,649.00
Obelia Dantel Yaka Fiyonklu 2-5 Yaş Elbise - Lila,649.00
Civil Girls Yakası Dantelli 6-9 Yaş Elbise - Bej,599.00
Civil Girls Yıldız Lase Nakışlı Tüllü 4-9 Yaş Elbise - Kırmızı,499.00
Civil Girls Fiyonk Nakışlı 2-5 Yaş Elbise - Siyah,299.00
Obelia Dantel Yaka Fiyonklu 2-5 Yaş Elbise - Kırmızı,649.00
Civil Girls Ekose Desenli 10-13 Yaş Elbise - Gri,249.99
Civil Girls Yakası Tüllü 6-9 Yaş Abiye - Ekru,899.00
Civil Girls Çiçek Desenli 2-5 Yaş Elbise - Lila,499.00
Civil Girls Roba Fırfırlı 2-5 Yaş Elbise - Bej,899.00
Civil Girls Robası Dantel Pitikareli 2-5 Yaş Elbise - Mavi,499.00
Civil Girls Güllü 2-5 Yaş Abiye - Kırık Beyaz,1199.00
Civil Girls Kalp Baskılı Tüllü 6-9 Yaş Elbise - Bej,499.00
Civil Girls 2-5 Yaş Elbise - Yeşil,349.00
Civil Girls 6-9 Yaş Abiye - Pembe,1999.00
Civil Girls Pileli 6-9 Yaş Abiye - Pudra,899.00
Civil Girls Meyveler Baskılı 2-5 Yaş Elbise - Sarı,299.00
Civil Girls 2-5 Yaş Abiye - Pudra,1299.00
Civil Girls Çizgili 6-9 Yaş Elbise - Mavi,399.00
Civil Girls Fiyonklu 2-5 Yaş Elbise - Yeşil,999.00
Civil Girls Çiçek Desenli 2-5 Yaş Elbise - Kırmızı,249.99
Civil Girls 2-5 Yaş Abiye - Ekru,1299.00
Civil Girls Puanlı 2-5 Yaş Elbise - Pudra,249.99
Civil Girls Yıldızlı Rainbow Baskılı 6-9 Yaş Elbise - Ekru,499.00
Civil Girls Omuz Askılı 6-9 Yaş Abiye - Mavi,899.00
Civil Girls Robası Büzgülü 6-14 Yaş Abiye - Mavi,1499.00
Civil Girls Robası Fırfırlı 2-5 Yaş Elbise - Pembe,899.00
Civil Girls Yıldız Lase Nakışlı Tüllü 4-9 Yaş Elbise - Mavi,499.00
Civil Girls Unicorn Baskılı 2-5 Yaş Elbise - Pembe,599.00
Civil Girls Beli Taşlı Tüylü 6-14 Yaş Abiye - Siyah,1599.00
Civil Girls Çiçek Desenli 2-5 Yaş Elbise - Sarı,899.00
Civil Girls Askılı Körük Cepli 2-5 Yaş Elbise - Bej,799.00
Civil Girls Dantelli 10-13 Yaş Elbise - Bej,999.00
Civil Girls 3 Boyutlu Jakar 10-13 Yaş Elbise - Mavi,399.00
Civil Girls Çizgili 2-5 Yaş Elbise - Mavi,299.00
Civil Girls Kat Kat 2-5 Yaş Elbise - Haki,399.00
Civil Girls Çiçek Baskılı 2-5 Yaş Elbise - Pembe,599.00
Civil Girls Yakası Pomponlu 2-5 Yaş Elbise - Pembe,899.00
Civil Girls 2-5 Yaş Elbise - Kahve,799.00
Civil Girls Fiyonklu 2-5 Yaş Elbise - Fusya,999.00
Civil Girls Çiçek Nakışlı 6-9 Yaş Elbise - Ekru,899.00
Civil Girls Çiçek Baskılı 6-9 Yaş Elbise - Pembe,299.00
Civil Girls Çiçek Desenli 2-5 Yaş Elbise - Siyah,299.00
Civil Girls Ekose Desenli 2-5 Yaş Elbise - Yeşil,799.00
Civil Girls Leopar Desenli 2-5 Yaş Elbise - Fusya,399.00
Civil Girls Natural 6-9 Yaş Elbise - Yeşil,699.00
Civil Girls 6-9 Yaş Elbise - Pembe,399.00
Civil Girls Papatya Empirme 6-9 Yaş Elbise - Mavi,399.00
Civil Girls Nakışlı 2-5 Yaş Elbise - Bej,499.00
Obelia Dantel Yaka Kolları Lastikli 2-5 Yaş Elbise - Turuncu,649.00
Civil Girls Düz 2-5 Yaş Elbise - Pembe,169.99
Civil Girls 6-14 Yaş Abiye - Pudra,1799.00
Civil Girls Askılı 6-9 Yaş Elbise - Ekru,599.00
Civil Girls Çiçek Desenli 2-5 Yaş Elbise - Kırmızı,499.00
Civil Girls Çiçek Gömlekli 2 Li 2-5 Yaş Elbise - Pudra,799.00
Civil Girls Çiçek Gömlekli 2 Li 2-5 Yaş Elbise - Bej,799.00
Civil Girls Eteği Fırfırlı 2-5 Yaş Elbise - Mavi,699.00
Civil Girls Fiyonklu 2-5 Yaş Elbise - Sarı,999.00
Civil Girls Kalp Desenli 2-5 Yaş Elbise - Pembe,349.00
Civil Girls Deniz Kabuğu Desnli 6-9 Yaş Elbise - Lacivert,699.00
Civil Girls Fiyonklu 6-9 Yaş Elbise - Gri,699.00
Civil Girls Yıldız Lase Nakışlı Tüllü 4-9 Yaş Elbise - Pembe,499.00
Civil Girls Askılı Körük Cepli 10-13 Yaş Elbise - Bej,899.00
Civil Grils Cepli 6-9 Yaş Elbise - Siyah,749.00
Civil Girls Ekose Desenli 2-5 Yaş Elbise - Lila,599.00
Civil Girls 2-5 Yaş Elbise - Bordo,399.00
Civil Girls Kuruvaze 2-5 Yaş Elbise - Turuncu,599.00
Civil Girls Kuyruklu Çiçekli 6-9 Yaş Abiye - Pembe,1599.00
Civil Girls Çiçek Baskılı 2-5 Yaş Elbise - Pembe,249.99
Civil Girls Askılı Körük Cepli 10-13 Yaş Elbise - Pudra,899.00
Civil Girls Çiçek Desenli 6-9 Yaş Elbise - Beyaz,399.00
Civil Girls Robası Brodeli 2-5 Yaş Elbise - Pudra,599.00
Civil Grils Cepli 2-5 Yaş Elbise - Siyah,699.00
Civil Girls Yakası Nakışlı 2-5 Yaş Elbise - Gri,599.00
Civil Girls Kuyruklu 6-14 Yaş Abiye - Pembe,1599.00
Civil Girls Çiçek Nakışlı 2-5 Yaş Elbise - Pudra,699.00
Civil Girls Yakası Fırfırlı 2-5 Yaş Elbise - Pembe,799.00
Civil Girls Renkli Çiçek Baskılı 2-5 Yaş Elbise - Ekru,449.00
Civil Girls Sulu Boya Desen 6-9 Yaş Elbise - Ekru,399.00
Civil Girls Roba Desenli 6-9 Yaş Elbise - Ekru,899.00
Civil Girls Ceketli Çiçekli 2 Li 2-5 Yaş Elbise - Bej,749.00
Civil Girls Bağcıklı 6-14 Yaş Abiye - Yeşil,1599.00
Civil Girls Kalp Nakışlı 2-5 Yaş Elbise - Lila,399.00
Civil Girls Kiraz Baskılı 2-5 Yaş Elbise - Ekru,799.00
Civil Girls Desenli 6-9 Yaş Elbise - Ekru,599.00
Civil Girls Yaprak Desenli 2-5 Yaş Elbise - Lila,349.00
Civil Girls Renkli Melanjlı Kaşkorse 10-13 Yaş Elbise - Pudra,349.00
Civil Girls Kol Fırfırlı 2-5 Yaş Elbise - Pembe,349.00
Civil Girls Fiyonuklu 2-5 Yaş Elbise - Bej,499.00
Civil Girls 2-5 Yaş Elbise - Pembe,399.00
Civil Girls 6-9 Yaş Elbise - Kahve,899.00
Civil Girls Eteği Fırfırlı 6-9 Yaş Elbise - Mavi,799.00
Civil Girls 2-5 Yaş Abiye - Lila,1199.00
Civil Girls Leopar Desenli 6-9 Yaş Elbise - Pudra,399.00
Civil Girls Yakası Nakışlı 6-9 Yaş Elbise - Pembe,599.00
Civil Girls Çiçek Desenli 6-9 Yaş Elbise - Lacivert,499.00
Civil Girls Verev Robalı 6-14 Yaş Abiye - Lila,999.00
Civil Girls Düğmeli 6-9 Yaş Elbise - Pembe,999.00
Civil Girls Etek Ucu Fırfırlı 10-13 Yaş Elbise - Pudra,899.00
Civil Girls Kalın Çizgili 10-13 Yaş Elbise - Ekru,599.00
Civil Girls Piliseli 2-5 Yaş Elbise - Kırmızı,699.00
Civil Girls Çiçek Nakışlı 2-5 Yaş Elbise - Ekru,899.00
Civil Girls Yakası Pomponlu 2-5 Yaş Elbise - Bej,899.00
Civil Girls Roba Çiçekli 2-5 Yaş Elbise - Bej,599.00
Civil Girls Roba Brode 6-9 Yaş Elbise - Ekru,699.00
Civil Girls Leopar Desenli 6-9 Yaş Elbise - Beyaz,399.00
Civil Girls Yapraklı Çiçek Desenli 2-5 Yaş Elbise - Pembe,349.00
Civil Girls Düğmeli 10-13 Yaş Elbise - Ekru,799.00
Civil Girls Kedi Nakışlı 2-5 Yaş Elbise - Lila,249.99
Civil Girls Fiyonklu 2-5 Yaş Elbise - Pembe,999.00
Civil Girls Pileli 6-9 Yaş Abiye - Yeşil,899.00
Civil Girls Çizgili 6-9 Yaş Elbise - Yeşil,299.00
Civil Girls Çıtır Çiçek Desen 2-5 Yaş Elbise - Ekru,349.00
Civil Girls Piliseli 2-5 Yaş Elbise - Lila,699.00
Civil Girls Roba Desenli 2-5 Yaş Elbise - Fusya,649.00
Civil Girls Robası Brodeli 2-5 Yaş Elbise - Ekru,599.00
Civil Girls Kat Kat 6-9 Yaş Elbise - Haki,449.00
Civil Girls 2-5 Yaş Elbise - Lila,349.00
Civil Girls Robası Tüylü Kuyruklu 6-14 Yaş Abiye - Kırık Beyaz,1599.00
Civil Girls Yakası Nakışlı 2-5 Yaş Elbise - Kırmızı,599.00
Obelia Dantel Yaka Kolları Lastikli 2-5 Yaş Elbise - Lacivert,649.00
Civil Girls Beli Taşlı Tüylü 6-14 Yaş Abiye - Lila,1599.00
Civil Girls Çiçek Desenli 6-9 Yaş Elbise - Lila,599.00
Civil Girls Dantel Fırfırlı Kollu 6-9 Yaş Elbise - Lila,999.00
Civil Girls Simli 6-14 Yaş Abiye - Bej,1399.00
Civil Girls Piliseli 2-5 Yaş Abiye - Yeşil,1299.00
Civil Girls Yakası Fırfırlı 10-13 Yaş Elbise - Mavi,799.00
Civil Girls Çıtır Çiçek Desenli 2-5 Yaş Elbise - Pudra,349.00
Civil Girls Batik Empirme 6-9 Yaş Elbise - Sarı,299.00
Civil Girls Çizgili Fiyonklu 2-5 Yaş Elbise - Pembe,699.00
Civil Girls Yakalı 2-5 Yaş Elbise - Lila,649.00
Civil Girls Robası Fırfırlı 2-5 Yaş Elbise - Lacivert,899.00
Civil Girls Ceketli Çiçekli 2 Li 2-5 Yaş Elbise - Pudra,749.00
Civil Girls Çizgili 6-9 Yaş Elbise - Pembe,399.00
Civil Girls Unicorn Desenli 2-5 Yaş Elbise - Bej,249.99
Civil Girls Yıldızlı Rainbow Baskılı 6-9 Yaş Elbise - Siyah,499.00
Civil Girls Düğmeli 2-5 Yaş Elbise - Siyah,649.00
Civil Girls Kapşonlu 6-9 Yaş Elbise - Fusya,399.00
Civil Girls 2-5 Yaş Abiye - Mavi,1499.00
Civil Girls Kalp Baskılı Tüllü 2-5 Yaş Elbise - Ekru,499.00
Civil Girls Askılı Körük Cepli 6-9 Yaş Elbise - Bej,799.00
Civil Girls Tarlatanlı 6-9 Yaş Abiye - Lila,1499.00
Civil Girls Kapşonlu 6-9 Yaş Elbise - Gri,399.00
Civil Girls Robası Tüylü Kuyruklu 6-14 Yaş Abiye - Lila,1599.00
Civil Girls Beli Taşlı Tüylü 6-14 Yaş Abiye - Yeşil,1599.00
Civil Girls Leopar Desenli 2-5 Yaş Elbise - Pudra,399.00
Civil Girls Renkli Tüllü Kaşkorse 4-9 Yaş Elbise - Pembe,699.00
Civil Girls 6-14 Yaş Abiye - Pudra,1999.00
Obelia Dantel Yaka Fiyonklu 2-5 Yaş Elbise - Kahve,649.00
Civil Girls 3 Boyutlu Jakar 6-9 Yaş Elbise - Mavi,399.00
Civil Girls Ceketli Çiçekli 2 Li 2-5 Yaş Elbise - Pembe,749.00
Civil Girls Beli Taşlı Tüylü 6-14 Yaş Abiye - Kırık Beyaz,1599.00
Civil Girls 3 Boyutlu Jakar 6-9 Yaş Elbise - Kırmızı,399.00
Civil Girls Roba Brode 2-5 Yaş Elbise - Ekru,699.00
Civil Girls Askılı Körük Cepli 2-5 Yaş Elbise - Haki,799.00
Civil Girls Bebe Yaka 2-5 Yaş Elbise - Gri,599.00
Civil Girls Kalp Emprime 2-5 Yaş Elbise - Fil Dişi,299.00
Roly Poly Frozen Kız Çocuk 3-8 Yaş Jile Elbise - Pudra,199.99
Civil Girls Kedi Baskılı 2-5 Yaş Elbise - Ekru,399.00
Kuromi 2-5 Yaş Abiye - Lila,999.00
Civil Girls Ekose Desenli 6-9 Yaş Elbise - Bej,799.00
Civil Girls Leopar Desenli 2-5 Yaş Elbise - Beyaz,399.00
Civil Girls Düğmeli 6-9 Yaş Elbise - Siyah,699.00
Kuromi 2-5 Yaş Elbise - Ekru,549.00
Civil Girls Çizgili 2-5 Yaş Elbise - Yeşil,299.00
Civil Girls Büyük Papatya Desenli 2-5 Yaş Elbise - Kırmızı,349.00
Civil Girls Flowers Baskılı 2-5 Yaş Elbise - Ekru,349.00
Civil Grils New York Baskılı 6-9 Yaş Elbise - Lila,249.99
Civil Girls Kedi Baskılı 2-5 Yaş Elbise - Pembe,399.00
Civil Girls Renkli Çiçek Baskılı 6-9 Yaş Elbise - Ekru,499.00
Civil Girls Desenli 2-5 Yaş Elbise - Ekru,499.00
Civil Girls 3 Boyutlu Jakar 2-5 Yaş Elbise - Mavi,399.00
Civil Girls Lale Baskılı 6-9 Yaş Elbise - Lila,399.00
Civil Girls Fiyonklu 2-5 Yaş Elbise - Lacivert,799.00
Civil Girls 2-5 Yaş Elbise - Sarı,349.00
Civil Girls Balon Etekli 2-5 Yaş Elbise - Sarı,899.00
Civil Girls Çiçek Desenli 2-5 Yaş Elbise - Pembe,399.00
Civil Girls Beli Taşlı Tüylü 6-14 Yaş Abiye - Mavi,1599.00
Civil Girls Roba Çiçekli 2-5 Yaş Elbise - Pembe,599.00
Civil Girls Taş Baskılı 2-5 Yaş Elbise - Siyah,999.00
Civil Girls Şal Kollu 6-14 Yaş Abiye - Yeşil,799.00
Civil Girls Fiyonklu 6-9 Yaş Elbise - Fusya,999.00
Civil Girls Renli Çiçek Nakışlı 2-5 Yaş Elbise - Ekru,699.00
Civil Girls Bağcıklı 6-14 Yaş Abiye - Kırık Beyaz,1599.00
Civil Girls Düğmeli 6-9 Yaş Elbise - Lacivert,999.00
Civil Girls Ekose Desenli 2-5 Yaş Elbise - Sarı,599.00
Civil Girls Yaprak Desenli 6-9 Yaş Elbise - Lila,399.00
Obelia Dantel Yaka Kolları Lastikli 2-5 Yaş Elbise - Pembe,649.00
Civil Girls 2-5 Yaş Elbise - Yeşil,349.00
Cocoland Dantel Yaka Süs Düğmeli Pileli 2-5 Yaş Elbise - Bej,599.00
Civil Girls Yapraklı Çiçek Desenli 6-9 Yaş Elbise - Pembe,399.00
Civil Girls Çiçek Desenli 2-5 Yaş Elbise - Ekru,399.00
Civil Girls Kalp Nakışlı 2-5 Yaş Elbise - Pembe,399.00
Civil Girls Beli Çiçekli 6-9 Yaş Abiye - Lila,799.20
Civil Girls Unicorn Baskılı 2-5 Yaş Elbise - Ekru,599.00
Civil Girls Kalp Baskılı Tüllü 2-5 Yaş Elbise - Bej,499.00
Civil Girls Fiyonk Baskılı 6-9 Yaş Elbise - Ekru,599.00
Civil Girls Roba Fırfırlı 6-9 Yaş Elbise - Bej,999.00
Civil Girls Kolu Fırfırlı 2-5 Yaş Elbise - Lacivert,699.00
Civil Girls Jakarlı Gipeli Süprem 10-13 Yaş Etek - Turuncu,199.99
Civil Girls Kiraz Baskılı 6-9 Yaş Etek - Ekru,599.00
Civil Girls Klasik Cepli 6-9 Yaş Etek - Pudra,199.99
Civil Girls Klasik Cepli 10-13 Yaş Etek - Pudra,249.99
Civil Girls Düz 6-9 Yaş Etek - Siyah,449.00
Civil Girls Cep Kapaklı 2-5 Yaş Etek - Mavi,499.00
Civil Girls Gök Kuşağı Nakışlı 2-5 Yaş Etek - Mavi,399.00
Civil Girls Kat Kat 4-9 Yaş Etek - Kırmızı,599.00
Civil Girls Jakarlı Gipeli Süprem 6-9 Yaş Etek - Turuncu,199.99
Civil Girls Kedi Nakışlı 2-5 Yaş Etek - Siyah,329.00
Civil Girls Kargo Cepli 2-5 Yaş Etek - Mavi,599.00
Civil Girls Simli Tül Tütü 4-9 Yaş Etek - Sarı,399.00
Civil Girls 2-5 Yaş Etek - Siyah,199.99
Civil Girls Simli Tül Tütü 4-9 Yaş Etek - Mavi,399.00
Civil Girls 6-9 Yaş Etek - Siyah,199.99
Civil Girls Fermuarlı 2-5 Yaş Etek - Siyah,399.00
Civil Girls Jakarlı Gipeli Süprem 6-9 Yaş Etek - Siyah,199.99
Civil Girls Kargo Cepli 6-9 Yaş Etek - Mavi,649.00
Civil Girls 6-9 Yaş Etek - Kahve,449.00
Civil Girls Simli Tül Tütü 4-9 Yaş Etek - Pembe,399.00
Civil Girls Pileli 6-9 Yaş Etek - Siyah,449.00
Civil Girls Düz 10-13 Yaş Etek - Siyah,499.00
Civil Girls Balon 4-9 Yaş Etek - Kırmızı,599.00
Civil Girls Jakarlı Gipeli Süprem 6-9 Yaş Etek - Pembe,199.99
Civil Girls Renkli Tüllü 4-9 Yaş Etek - Pembe,349.00
Civil Girls 2-5 Yaş Etek - Kırmızı,199.99
Civil Girls Puanlı 2-5 Yaş Etek - Pembe,499.00
Civil Girls Kedi Nakışlı 6-9 Yaş Etek - Siyah,349.00
Civil Girls Pileli 2-5 Yaş Etek - Siyah,449.00
Civil Girls Kat Kat 4-9 Yaş Etek - Siyah,599.00
Civil Girls Simli Tül Tütü 4-9 Yaş Etek - Lila,399.00
Civil Girls 2-5 Yaş Etek - Kahve,399.00
Civil Girls Balon 4-9 Yaş Etek - Pembe,599.00
Civil Girls 6-9 Yaş Etek - Kırmızı,199.99
Civil Girls 3 Boyutlu Jakar 6-9 Yaş Etek - Mavi,249.99
Civil Girls Gök Kuşağı Nakışlı 6-9 Yaş Etek - Mavi,399.00
Civil Girls Balon 4-9 Yaş Etek - Kırık Beyaz,599.00
Civil Girls Kalpli Düğmeli 10-13 Yaş Etek - Mavi,499.00
Civil Girls Tütülü Etek 4-9 Yaş Etek - Pembe,299.00
Civil Girls Düz 2-5 Yaş Etek - Siyah,449.00
Civil Girls 3 Boyutlu Jakar 6-9 Yaş Etek - Kırmızı,249.99
Civil Girls Fermuarlı 2-5 Yaş Etek - Kırmızı,399.00
Civil Girls Körük Cepli Uzun 6-9 Yaş Etek - Haki,499.00
Civil Girls Pileli 10-13 Yaş Etek - Siyah,499.00
Civil Girls Kiraz Baskılı 2-5 Yaş Etek - Ekru,499.00
Civil Girls Piliseli 6-9 Yaş Etek - Gri,549.00
Civil Girls Körük Cepli Uzun 6-9 Yaş Etek - Bej,499.00
Civil Girls Düz 6-9 Yaş Kazak - Kırmızı,169.99
Civil Girls Çizgili 6-9 Yaş Kazak - Yeşil,99.99
Civil Girls 10-13 Yaş Kazak - Siyah,299.00
Civil Girls Papatya Desenli 6-9 Yaş Kazak - Ekru,199.99
Civil Girls Papatya Desenli 6-9 Yaş Kazak - Fusya,169.99
Civil Girls Penguen Nakışlı 2-5 Yaş Kazak - Pembe,69.99
Civil Girls Armalı 2-5 Yaş Kazak - Pudra,229.99
Civil Girls Renkli Çizgili 6-9 Yaş Kazak - Pudra,249.99
Civil Girls Çizgili 2-5 Yaş Kazak - Ekru,99.99
Civil Girls Çiçek Nakışlı 2-5 Yaş Kazak - Gri,399.00
Civil Girls Balon Kol 10-13 Yaş Kazak - Siyah,219.99
Civil Girls Roba Fırfırlı 2-5 Yaş Kazak - Pembe,269.00
Civil Girls Önü Püsküllü 6-9 Yaş Kazak - Ekru,299.00
Civil Girls Papatya Desenli 2-5 Yaş Kazak - Pudra,129.99
Civil Girls Selanik Çizgili 10-13 Yaş Kazak - Kahverengi,159.99
Civil Girls Goes Yazılı 10-13 Yaş Kazak - Pudra,119.99
Civil Girls Selanik Örgü 10-13 Yaş Kazak - Sarı,119.99
Civil Girls Nohut Desenli 2-5 Yaş Kazak - Lila,269.00
Civil Girls Papatya Desenli 6-9 Yaş Kazak - Pembe,169.99
Civil Girls Yaka Fırfırlı 2-5 Yaş Kazak - Yeşil,129.99
Civil Girls C Nakışlı 6-9 Yaş Kazak - Lila,169.99
Civil Girls C Nakışlı 6-9 Yaş Kazak - Lila,199.99
Civil Girls C Nakışlı 6-9 Yaş Kazak - Kırmızı,169.99
Civil Girls Tavşan Desenli 2-5 Yaş Kazak - Gri,249.99
Civil Girls 10-13 Yaş Kazak - Bordo,299.00
Civil Girls Omuz Elişi Nakışlı 10-13 Yaş Kazak - Pudra,119.99
Civil Girls Kendinden Desenli 10-13 Yaş Kazak - Bej,299.00
Civil Girls Süzene Kalp Nakışlı 2-5 Yaş Kazak - Kırmızı,249.99
Civil Girls Omuz Püsküllü 2-5 Yaş Kazak - Ekru,129.99
Civil Girls Önü Püsküllü 2-5 Yaş Kazak - Ekru,249.99
Civil Girls Büyük Çiçek Desenli 2-5 Yaş Kazak - Lila,149.99
Civil Girls Kolu Kedi Desenli 2-5 Yaş Kazak - Gri,199.99
Civil Girls Büyük Çiçek Desenli 6-9 Yaş Kazak - Fusya,169.99
Civil Girls Papatya Desenli 6-9 Yaş Kazak - Pembe,169.99
Civil Girls Omuz Elişi Nakışlı 10-13 Yaş Kazak - Bej,119.99
Civil Girls Papatya Desenli 2-5 Yaş Kazak - Pudra,149.99
Civil Girls Çizgili 2-5 Yaş Kazak - Pembe,99.99
Civil Girls Çizgili 6-9 Yaş Kazak - Siyah,99.99
Civil Girls Düz 6-9 Yaş Kazak - Mavi,169.99
Civil Girls Roba Çift Fırfırlı 6-9 Yaş Kazak - Siyah,249.99
Civil Girls Saç Örgülü 2-5 Yaş Kazak - Bej,449.00
Civil Girls Selanik Örgü Renkli 6-9 Yaş Kazak - Ekru,129.99
Civil Girls Roba Fırfırlı 6-9 Yaş Kazak - Kahverengi,499.00
Civil Girls Pullu Kalp Nakışlı 2-5 Yaş Kazak - Gri,399.00
Civil Girls Papatya Desenli 2-5 Yaş Kazak - Pembe,149.99
Civil Girls C Nakışlı 6-9 Yaş Kazak - Pudra,169.99
Civil Girls Çizgili 2-5 Yaş Kazak - Bej,99.99
Civil Girls Selanik Örgü 2-5 Yaş Kazak - Pudra,69.99
Civil Girls Kareli 2-5 Yaş Süeter - Pudra,39.99
Civil Girls Çizgili 6-9 Yaş Kazak - Fusya,99.99
Civil Girls Unicıorn Desenli 2-5 Yaş Kazak - Lila,349.00
Civil Girls C Nakışlı 6-9 Yaş Kazak - Ekru,169.99
Civil Girls Çizgili 2-5 Yaş Kazak - Lila,99.99
Civil Girls Pelüş Kalp Nakışlı 2-5 Yaş Kazak - Pembe,269.00
Civil Girls Büyük Çiçek Desenli 2-5 Yaş Kazak - Pembe,149.99
Civil Girls Kar Tanesi Desenli 6-9 Yaş Kazak - Kırmızı,129.99
Civil Girls Velsoftlu Kapşonlu 6-9 Yaş Kazak - Pembe,249.99
Civil Girls Trend Yazılı 10-13 Yaş Kazak - Yeşil,119.99
Civil Girls Ayıcık Desenli 2-5 Yaş Kazak - Pudra,69.99
Civil Girls C Nakışlı 6-9 Yaş Kazak - Yeşil,199.99
Civil Girls Yaka Fırfırlı 2-5 Yaş Kazak - Pudra,129.99
Civil Girls Trend Yazılı 10-13 Yaş Kazak - Pembe,119.99
Civil Girls C Nakışlı 2-5 Yaş Kazak - Lila,149.99
Civil Girls C Nakışlı 2-5 Yaş Kazak - Yeşil,149.99
Civil Girls Önü Püsküllü 6-9 Yaş Kazak - Bej,299.00
Civil Girls Fiyonk Nakışlı 2-5 Yaş Kazak - Gri,399.00
Civil Girls Renkli Çizgili 2-5 Yaş Kazak - Pudra,229.99
Civil Girls Büyük Çiçek Desenli 6-9 Yaş Kazak - Pembe,169.99
Civil Girls Roba Fırfırlı 2-5 Yaş Kazak - Kahverengi,399.00
Civil Girls Papatya Desenli 2-5 Yaş Kazak - Bordo,199.99
Civil Girls Kalp Desenli 6-9 Yaş Kazak - Bej,249.99
Civil Girls Papatya Desenli 6-9 Yaş Kazak - Bordo,199.99
Civil Girls Çizgili 6-9 Yaş Kazak - Bej,99.99
Civil Girls Roba Fırfırlı 6-9 Yaş Kazak - Gri,499.00
Civil Girls Roba Fırfırlı 2-5 Yaş Kazak - Gri,399.00
Civil Girls Ekose Papatya Desenli 2-5 Yaş Kazak - Mavi,129.99
Civil Girls Çizgili 10-13 Yaş Kazak - Bej,299.00
Civil Girls Unicıorn Desenli 2-5 Yaş Kazak - Gri,349.00
Civil Girls Düz 6-9 Yaş Kazak - Ekru,169.99
Civil Girls Roba Etnik Desenli 6-9 Yaş Kazak - Ekru,249.99
Civil Girls Çizgili 2-5 Yaş Kazak - Pudra,99.99
Civil Girls Velsoftlu Kapşonlu 2-5 Yaş Kazak - Pembe,129.99
Civil Girls C Nakışlı 2-5 Yaş Kazak - Pembe,149.99
Civil Girls Roba Etnik Desenli 10-13 Yaş Kazak - Ekru,249.99
Civil Girls Çizgili 6-9 Yaş Kazak - Pembe,99.99
Civil Girls Balon Kol 10-13 Yaş Kazak - Bej,219.99
Civil Girls Papatya Desenli 6-9 Yaş Kazak - Lila,169.99
Civil Girls Nohut Desenli 2-5 Yaş Kazak - Bej,269.00
Civil Girls Fermuarlı Boğazlı 10-13 Yaş Kazak - Siyah,399.00
Civil Girls Büyük Çiçek Desenli 2-5 Yaş Kazak - Fusya,149.99
Civil Girls C Nakışlı 6-9 Yaş Kazak - Fusya,199.99
Civil Girls Çizgili 6-9 Yaş Kazak - Pudra,99.99
Civil Girls Sakal İplik Kalp Desenli 2-5 Yaş Kazak - Ekru,199.99
Civil Girls Ponponlu Gökkuşağı Desenli 2-5 Yaş Kazak - Lila,199.99
Civil Girls Papatya Desenli 2-5 Yaş Kazak - Ekru,149.99
Civil Girls Pelüş Papatya Nakışlı 2-5 Yaş Kazak - Gri,129.99
Civil Girls Önü Püsküllü 10-13 Yaş Kazak - Ekru,199.99
Civil Girls Büyük Çiçek Desenli 6-9 Yaş Kazak - Gri,169.99
Civil Girls C Nakışlı 2-5 Yaş Kazak - Sarı,149.99
Civil Girls Velsoftlu Kapşonlu 10-13 Yaş Kazak - Bej,299.00
Civil Girls Çizgili 6-9 Yaş Kazak - Lila,399.00
Civil Girls C Nakışlı 2-5 Yaş Kazak - Yeşil,149.99
Civil Girls Düz 2-5 Yaş Kazak - Lila,149.99
Civil Girls Papatya Desenli 2-5 Yaş Kazak - Lila,149.99
Civil Girls Papatya Desenli 6-9 Yaş Kazak - Yeşil,169.99
Civil Girls Çizgili 2-5 Yaş Kazak - Pudra,99.99
Civil Girls Düz 2-5 Yaş Kazak - Mavi,149.99
Civil Girls Nohut Desenli 6-9 Yaş Kazak - Pembe,349.00
Civil Girls C Nakışlı 2-5 Yaş Kazak - Yeşil,149.99
Civil Girls Goes Yazılı 10-13 Yaş Kazak - Gri,119.99
Civil Girls C Nakışlı 2-5 Yaş Kazak - Pembe,149.99
Civil Girls Papatya Desenli 6-9 Yaş Kazak - Yeşil,169.99
Civil Girls C Nakışlı 2-5 Yaş Kazak - Yeşil,149.99
Civil Girls Yıldız Taş Baskılı 10-13 Yaş Kazak - Gri,499.00
Civil Girls Yaka Çizgili 10-13 Yaş Kazak - Lacivert,499.00
Civil Girls Çiçek Baskılı 2-5 Yaş Kazak - Ekru,299.00
Civil Girls Renkli Çiçek Nakışlı 6-9 Yaş Kazak - Ekru,269.00
Civil Girls Kar Tanesi Desenli 6-9 Yaş Kazak - Lila,129.99
Civil Girls Pelüş Papatya Nakışlı 2-5 Yaş Kazak - Pembe,129.99
Montella Simli Lıve Create Nakışlı 6-10 Yaş Kazak - Ekru,249.99
Civil Girls Renkli Benekli 2-5 Yaş Kazak - Lila,229.99
Civil Girls Papatya Desenli 2-5 Yaş Kazak - Haki,199.99
Civil Girls C Nakışlı 6-9 Yaş Kazak - Yeşil,169.99
Civil Girls Çizgili 10-13 Yaş Kazak - Ekru,229.99
Civil Girls Pullu Kalp Nakışlı 2-5 Yaş Kazak - Pembe,399.00
Civil Girls Çizgili 6-9 Yaş Kazak - Lila,99.99
Civil Girls Unicorn Desenli 2-5 Yaş Kazak - Pembe,299.00
Civil Girls C Nakışlı 6-9 Yaş Kazak - Pembe,199.99
Civil Girls Pelüş Ayı Nakışlı 2-5 Yaş Kazak - Bej,129.99
Civil Girls Renkli Çizgili 2-5 Yaş Kazak - Lila,229.99
Civil Girls Renkli Benekli 2-5 Yaş Kazak - Pudra,69.99
Civil Girls Düz 2-5 Yaş Kazak - Ekru,149.99
Civil Girls Papatya Desenli 2-5 Yaş Kazak - Ekru,199.99
Civil Girls Omuz Püsküllü 2-5 Yaş Kazak - Lila,129.99
Civil Girls Pullu Kalp Nakışlı 6-9 Yaş Kazak - Pembe,499.00
Civil Girls Selanik Örgü 6-9 Yaş Kazak - Sarı,99.99
Civil Girls C Nakışlı 6-9 Yaş Kazak - Sarı,169.99
Civil Girls C Nakışlı 6-9 Yaş Kazak - Lila,169.99
Civil Girls Çizgili 2-5 Yaş Kazak - Lila,99.99
Civil Girls Selanik Örgü Renkli 10-13 Yaş Kazak - Ekru,299.00
Civil Girls Düz 6-9 Yaş Kazak - Lila,169.99
Civil Girls Penguen Nakışlı 2-5 Yaş Kazak - Ekru,69.99
Civil Girls Renkli Çizgili 6-9 Yaş Kazak - Lila,249.99
Civil Girls Peluş Kelebek Nakışlı 2-5 Yaş Kazak - Pudra,69.99
Civil Girls Ayıcık Desenli 2-5 Yaş Kazak - Bej,69.99
Civil Girls Papatya Desenli 2-5 Yaş Kazak - Lila,149.99
Civil Girls C Nakışlı 2-5 Yaş Kazak - Lila,149.99
Civil Girls Örgü Desenli 10-13 Yaş Kazak - Gri,399.00
Civil Girls Armalı 2-5 Yaş Kazak - Ekru,229.99
Civil Girls C Nakışlı 2-5 Yaş Kazak - Fusya,149.99
Civil Girls Selanik Örgü 2-5 Yaş Kazak - Yeşil,69.99
Civil Girls Papatya Desenli 6-9 Yaş Kazak - Pudra,169.99
Civil Girls C Nakışlı 2-5 Yaş Kazak - Ekru,149.99
Civil Girls Nohut Desenli 2-5 Yaş Kazak - Pembe,269.00
Civil Girls Geyik Nakışlı 2-5 Yaş Kazak - Kırmızı,269.00
Civil Girls Jakarlı10-13 Yaş Kazak - Lila,199.99
Montella Simli Live Your Dream 6-10 Yaş Kazak - Pembe,249.99
Civil Girls Renkli Çiçek Nakışlı 6-9 Yaş Kazak - Pembe,269.00
Civil Girls Ponponlu Gökkuşağı Desenli 2-5 Yaş Kazak - Ekru,199.99
Civil Girls Tavşan Nakışlı 2-5 Yaş Kazak - Pudra,199.99
Civil Girls Çizgili 6-9 Yaş Kazak - Pudra,99.99
Civil Girls Çizgili 6-9 Yaş Kazak - Gri,99.99
Civil Girls Geyik Nakışlı 2-5 Yaş Kazak - Pudra,199.99
Civil Girls Roba Çift Fırfırlı 6-9 Yaş Kazak - Yeşil,249.99
Montella Simli Lıve Create Nakışlı 6-10 Yaş Kazak - Yeşil,249.99
Civil Girls Kalp Desenli 10-13 Yaş Kazak - Bej,249.99
Montella Simli Live Your Dream 1-5 Yaş Kazak - Pembe,249.99
Civil Girls Kar Tanesi Desenli 2-5 Yaş Kazak - Lila,129.99
Civil Girls Papatya Desenli 2-5 Yaş Kazak - Sarı,149.99
Civil Girls Çizgili 2-5 Yaş Kazak - Kahve,99.99
Civil Girls Geyik Nakışlı 2-5 Yaş Kazak - Bej,199.99
Civil Girls Süzene Kalp Nakışlı 2-5 Yaş Kazak - Ekru,249.99
Civil Girls Papatya Desenli 2-5 Yaş Kazak - Yeşil,129.99
Civil Girls Papatya Desenli 2-5 Yaş Kazak - Ekru,149.99
Civil Girls Selanik Örgü 2-5 Yaş Kazak - Sarı,69.99
Civil Girls Çiçek Nakışlı 6-9 Yaş Kazak - Bej,499.00
Civil Girls Kar Tanesi Desenli 2-5 Yaş Kazak - Kırmızı,129.99
Civil Girls Çizgili 6-9 Yaş Kazak - Pembe,399.00
Civil Girls Çizgili 6-9 Yaş Kazak - Pembe,99.99
Civil Girls Çizgili 6-9 Yaş Kazak - Kahve,99.99
Civil Girls Çizgili 2-5 Yaş Kazak - Turuncu,99.99
Civil Girls Çiçek Nakışlı 2-5 Yaş Kazak - Bej,399.00
Civil Girls Büyük Çiçek Desenli 6-9 Yaş Kazak - Lila,169.99
Civil Girls Çizgili 6-9 Yaş Kazak - Lila,99.99
Civil Girls C Nakışlı 6-9 Yaş Kazak - Pembe,169.99
Civil Girls Pullu Kalp Nakışlı 6-9 Yaş Kazak - Gri,499.00
Civil Girls C Nakışlı 2-5 Yaş Kazak - Fusya,149.99
Civil Girls Selanik Örgü 10-13 Yaş Kazak - Pudra,119.99
Civil Girls Papatya Desenli 6-9 Yaş Kazak - Ekru,169.99
Civil Girls Papatya Desenli 6-9 Yaş Kazak - Sarı,169.99
Civil Girls Önü Püsküllü 10-13 Yaş Kazak - Bej,199.99
Civil Girls Düz 6-9 Yaş Kazak - Pembe,169.99
Civil Girls Büyük Çiçek Desenli 2-5 Yaş Kazak - Gri,149.99
Civil Girls Saç Örgülü 6-9 Yaş Kazak - Bej,499.00
Civil Girls Papatya Desenli 2-5 Yaş Kazak - Lila,149.99
Civil Girls Papatya Desenli 2-5 Yaş Kazak - Lila,129.99
Civil Girls Parçalı Renkli 2-5 Yaş Kazak - Pembe,69.99
Civil Girls Papatya Desenli 6-9 Yaş Kazak - Lila,169.99
Civil Girls C Nakışlı 6-9 Yaş Kazak - Yeşil,199.99
Civil Girls Düz 2-5 Yaş Kazak - Pembe,149.99
Civil Girls Yaka Fırfırlı 6-9 Yaş Kazak - Pudra,99.99
Civil Girls Önü Püsküllü 6-9 Yaş Kazak - Pudra,299.00
Civil Girls Papatya Desenli 2-5 Yaş Kazak - Yeşil,149.99
Civil Girls Velsoftlu Kapşonlu 10-13 Yaş Kazak - Pudra,299.00
Civil Girls Süzene Kalp Nakışlı 10-13 Yaş Kazak - Pembe,299.00
Civil Girls C Nakışlı 2-5 Yaş Kazak - Pudra,149.99
Civil Girls Papatya Desenli 6-9 Yaş Kazak - Kırmızı,169.99
Civil Girls Papatya Desenli 2-5 Yaş Kazak - Lila,129.99
Civil Girls Yaka Çizgili 10-13 Yaş Kazak - Bordo,499.00
Civil Girls Geyik Nakışlı 2-5 Yaş Kazak - Bej,199.99
Civil Girls Kareli 2-5 Yaş Süeter - Lila,39.99
Civil Girls Renkli Benekli 2-5 Yaş Kazak - Lila,69.99
Civil Girls Önü Püsküllü 2-5 Yaş Kazak - Pudra,249.99
Civil Girls Peluş Kelebek Nakışlı 2-5 Yaş Kazak - Ekru,69.99
Civil Girls Önü Püsküllü 2-5 Yaş Kazak - Bej,249.99
Civil Girls Papatya Desenli 2-5 Yaş Kazak - Fusya,149.99
Civil Girls Düz 6-9 Yaş Kazak - Pembe,169.99
Civil Girls Çizgili 2-5 Yaş Kazak - Pembe,99.99
Civil Girls Çizgili 2-5 Yaş Kazak - Lila,299.00
Civil Girls Pelüş Kalp Nakışlı 2-5 Yaş Kazak - Gri,269.00
Civil Girls Geyik Nakışlı 2-5 Yaş Kazak - Pudra,199.99
Civil Girls Tavşan Desenli 2-5 Yaş Kazak - Pembe,249.99
Civil Girls Süzene Kalp Nakışlı 2-5 Yaş Kazak - Ekru,249.99
Civil Girls Düz 2-5 Yaş Kazak - Pembe,149.99
Civil Girls Pelüş Kalp Nakışlı 2-5 Yaş Kazak - Lila,129.99
Civil Girls Selanik Çizgili 10-13 Yaş Kazak - Gri,159.99
Montella Simli Live Your Dream 6-10 Yaş Kazak - Ekru,249.99
Civil Girls Fiyonk Nakışlı 2-5 Yaş Kazak - Lila,399.00
Civil Girls Tavşan Nakışlı 2-5 Yaş Kazak - Gri,199.99
Civil Girls Önü Püsküllü 10-13 Yaş Kazak - Pudra,199.99
Civil Girls C Nakışlı 6-9 Yaş Kazak - Lila,199.99
Civil Girls Batik Active Konsept 6-9 Yaş Hırka - Beyaz,599.00
Civil Girls Çizgili 6-9 Yaş Kazak - Turuncu,99.99
Civil Girls Roba Etnik Desenli 2-5 Yaş Kazak - Ekru,229.99
Civil Girls Düz 2-5 Yaş Kazak - Kırmızı,149.99
Montella Simli Lıve Create Nakışlı 6-10 Yaş Kazak - Pudra,249.99
Civil Girls Nohut Desenli 6-9 Yaş Kazak - Lila,349.00
Civil Girls Papatya Desenli 2-5 Yaş Kazak - Pembe,129.99
Montella Simli Live Your Dream 6-10 Yaş Kazak - Bej,249.99
Civil Girls Çizgili 2-5 Yaş Kazak - Siyah,99.99
Civil Girls Çizgili 2-5 Yaş Kazak - Lila,99.99
Civil Girls Papatya Desenli 6-9 Yaş Kazak - Haki,199.99
Civil Girls Papatya Desenli 2-5 Yaş Kazak - Kırmızı,149.99
Civil Girls Çizgili 2-5 Yaş Kazak - Pembe,299.00
Civil Girls Nohut Desenli 6-9 Yaş Kazak - Bej,349.00
Civil Girls C Nakışlı 6-9 Yaş Kazak - Pudra,199.99
Civil Girls Ponponlu 2-5 Yaş Kazak - Mavi,399.00
Civil Girls Ponponlu 2-5 Yaş Kazak - Siyah,399.00
Civil Girls Çizgili 2-5 Yaş Kazak - Lila,99.99
Civil Girls Peluş Tavşan Nakışlı 2-5 Yaş Kazak - Pembe,99.99
Civil Girls Pelüş 2-5 Yaş Yelek - Pudra,249.99
Civil Girls Basic 2-5 Yaş Yelek - Beyaz,249.99
Civil Girls Gipeli Fitilli Kadife 6-9 Yaş Yelek - Pudra,119.99
Civil Girls Basic 2-5 Yaş Yelek - Kırmızı,249.99
Civil Girls Nakışlı 6-9 Yaş Yelek - Pembe,99.99
Civil Girls Puanlı 2-5 Yaş Yelek - Lacivert,299.00
Civil Girls Varak Desen 6-9 Yaş Yelek - Yeşil,299.00
Civil Girls Yıldız Baskılı 10-13 Yaş Yelek - Gri,349.00
Civil Girls Pul Nakışlı 6-9 Yaş Hırka - Bej,399.00
Civil Girls Basic 6-9 Yaş Yelek - Pembe,249.99
Civil Girls Velsoftlu Çiçek Baskılı 2-5 Yaş Yelek - Beyaz,249.99
Civil Girls Active Mode Baskılı 10-13 Yaş Hırka - Gri,299.00
Civil Girls Gipeli Fitilli Kadife 10-13 Yaş Yelek - Pudra,149.99
Civil Girls Unicorn Baskılı 2-5 Yaş Yelek - Lila,299.00
Civil Girls Kuzu 2-5 Yaş Pelerin - Pudra,219.99
Civil Girls Active Mode Baskılı 2-5 Yaş Hırka - Gri,249.99
Civil Baby Çiçek Empirmeli 6-18 Ay Hırka - Ekru,299.00
Civil Girls Acur Örgü 2-5 Yaş Hırka - Lila,249.99
Civil Girls Kız Çocuk 6-9 Yaş Hırka - Siyah,249.99
Civil Girls Süzene Kalıp Nakışlı 2-5 Yaş Hırka - Ekru,299.00
Civil Girls Pelüş 6-9 Yaş Yelek - Siyah,249.99
Civil Girls Unicorn Baskılı 6-9 Yaş Yelek - Ekru,299.00
Civil Girls Pelüş 6-9 Yaş Yelek - Bej,249.99
Bizizo Kız Kolej 2-5 Yaş Hırka - Pudra,169.99
Varol Kız Çocuk Ceket 2-5 Yaş - Haki,399.00
Civil Girls Basic 6-9 Yaş Yelek - Pembe,249.99
Civil Girls Kız Çocuk 6-9 Yaş Hırka - Gri,249.99
Civil Girls Çizgili 2-5 Yaş Yelek - Bej,29.99
Civil Girls Çıtır Çiçek Desenli 6-9 Yaş Yelek - Pembe,299.00
Civil Girls Basic 10-13 Yaş Hırka - Bordo,549.00
Civil Girls Gizli Çıtçıtlı 6-9 Yaş Hırka - Kırmızı,399.00
Civil Girls Kız Çocuk 6-9 Yaş Hırka - Bej,249.99
Bizizo Kız Kolej 2-5 Yaş Hırka - Lila,169.99
Civil Girls Harfler Baskılı 6-9 Yaş Yelek - Siyah,199.99
Civil Girls 6-9 Yaş Hırka - Mavi,799.00
Civil Girls Ponponlu 2-5 Yaş Hırka - Mavi,499.00
Civil Girls Basic 6-9 Yaş Yelek - Lila,249.99
Civil Girls 10-13 Yaş Yelek - Siyah,999.00
Civil Girls Parlak 6-9 Yaş Yelek - Kırmızı,199.99
Civil Girls Yıldız Empirme 2-5 Yaş Yelek - Ekru,149.99
Civil Girls Basic 10-13 Yaş Yelek - Siyah,299.00
Civil Girls Pelüş 2-5 Yaş Bolero - Siyah,99.99
Civil Girls Micro Cepli Kuzu 6-9 Yaş Yelek - Pudra,299.00
Bizizo Kız Kolej 2-5 Yaş Hırka - Lila,169.99
Civil Girls Pul Nakışlı 10-13 Yaş Hırka - Bej,499.00
Civil Girls Çizgili 6-9 Yaş Yelek - Siyah,29.99
Civil Girls Pelüş 10-13 Yaş Bolero - Siyah,99.99
Civil Girls Çizgili 6-9 Yaş Yelek - Pembe,29.99
Civil Girls Acur Örgü 6-9 Yaş Hırka - Lila,299.00
Civil Girls Wonderrful Nakışlı 2-5 Yaş Hırka - Turuncu,199.99
Civil Girls Pelüş 2-5 Yaş Yelek - Pudra,249.99
Civil Girls Yıldız Empirme 2-5 Yaş Yelek - Lacivert,149.99
Civil Girls Puan Desenli 6-9 Yaş Yelek - Pudra,69.99
Civil Girls Acur Örgü 2-5 Yaş Hırka - Pudra,249.99
Civil Girls Kelebek Nakışlı 2-5 Yaş Hırka - Hardal,299.00
Civil Girls Kanguru Cepli 6-9 Yaş Hırka - Pembe,399.00
Civil Girls Pelüş 2-5 Yaş Yelek - Pembe,249.99
Civil Girls Kot Düz 2-5 Yaş Ceket - Siyah,399.00
Civil Girls Broşlu 2-5 Yaş Bolero - Fusya,129.99
Civil Girls Beautiful Baskılı 6-9 Yaş Hırka - Gri,599.00
Civil Girls Harfler Baskılı 2-5 Yaş Yelek - Siyah,199.99
Civil Girls Parlak 2-5 Yaş Yelek - Siyah,199.99
Civil Girls Çiçek Desenli 2-5 Yaş Yelek - Ekru,299.00
Civil Girls Pelüş 2-5 Yaş Yelek - Ekru,249.99
Civil Girls Keten 6-9 Yaş Ceket - Bej,399.00
Hello Kitty 10-13 Yaş Hırka - Gri,399.00
Civil Girls Nakışlı 6-9 Yaş Yelek - Gri,99.99
Civil Girls Pelüş 6-9 Yaş Yelek - Pudra,249.99
Varol Kız Çocuk Ceket 2-5 Yaş - Kırmızı,399.00
Civil Girls Velsoflu Ray Desenli 6-9 Yaş Yelek - Pudra,299.00
Civil Girls Keten 2-5 Yaş Ceket - Bej,399.00
Civil Girls Pullu Yıldız Nakışlı 2-5 Yaş Hırka - Pembe,399.00
Civil Girls Pelüş 10-13 Yaş Yelek - Ekru,249.99
Civil Girls Çıtır Çiçek 6-9 Yaş Yelek - Pembe,399.00
Varol Kız Çocuk Ceket 6-9 Yaş - Haki,399.00
Civil Girls Rainbow Baskılı 2-5 Yaş Yelek - Ekru,299.00
Civil Girls Çiçek Desenli 10-13 Yaş Yelek - Ekru,399.00
Civil Girls Velsoftlu Fiyonk Baskılı 10-13 Yaş Yelek - Ekru,299.00
Hello Kitty Baskılı 2-5 Yaş Yelek - Turuncu,199.99
Civil Girls 2-5 Yaş Yelek - Pembe,999.00
Civil Girls Yıldız Desenli Astarlı 2-5 Yaş Yelek - Lila,59.99
Civil Girls Basic 2-5 Yaş Yelek - Fil Dişi,249.99
Civil Girls Kız Çocuk Düz 6-9 Yaş Hırka - Siyah,399.00
Civil Girls 3 İplik Kolej Hırka 2-5 Yaş Hırka - Beyaz,249.99
Civil Girls Kareli 2-5 Yaş Yelek - Pudra,39.99
Civil Girls Pelüş 10-13 Yaş Yelek - Bej,249.99
Civil Girls Puanlı 6-9 Yaş Yelek - Lacivert,299.00
Civil Girls Broşlu 6-9 Yaş Bolero - Fusya,149.99
Civil Girls Kapisonlu 2-5 Yaş Hırka - Fusya,449.00
Hello Kitty Baskılı 6-9 Yaş Yelek - Mavi,199.99
Civil Girls Basic 6-9 Yaş Yelek - Lila,249.99
Civil Girls Kız Çocuk 6-9 Yaş Hırka - Kırmızı,249.99
Civil Girls Nakışlı 10-13 Yaş Yelek - Gri,79.99
Civil Girls Yakalı 6-9 Yaş Hırka - Pembe,499.00
Civil Girls Velsoftlu Fiyonk Baskılı 6-9 Yaş Yelek - Lila,299.00
Civil Girls Gipeli Fitilli Kadife 2-5 Yaş Yelek - Yeşil,119.99
Civil Girls Nakışlı 2-5 Yaş Yelek - Lila,49.99
Civil Girls Basic 2-5 Yaş Yelek - Lila,249.99
Civil Girls Pelüş 2-5 Yaş Yelek - Bej,249.99
Civil Girls Papatya Desenli Velsoftlu 2-5 Yaş Yelek - Pembe,59.99
Civil Girls Basic 2-5 Yaş Yelek - Ekru,249.99
Civil Girls Kız Çocuk 6-9 Yaş Hırka - Pembe,249.99
Civil Girls Yıldız Desenli Astarlı 2-5 Yaş Yelek - Gri,59.99
Civil Girls Çizgili 6-9 Yaş Yelek - Bej,29.99
Civil Girls Basic 10-13 Yaş Yelek - Kırmızı,299.00
Civil Girls Düz 6-9 Yaş Hırka - Siyah,299.00
Civil Girls Düz 2-5 Yaş Hırka - Pembe,249.99
Civil Girls Kot Düz 2-5 Yaş Ceket - Haki,399.00
Civil Girls Düz 10-13 Yaş Hırka - Gri,219.99
Civil Girls Düz 2-5 Yaş Yelek - Pembe,299.00
Civil Girls Geyik Nakışlı 2-5 Yaş Hırka - Ekru,299.00
Civil Girls Kız Çocuk 6-9 Yaş Hırka - Bordo,249.99
Civil Girls Basic 2-5 Yaş Yelek - Lila,249.99
Civil Girls Kanguru Cep 6-9 Yaş Yelek - Lila,149.99
Civil Girls Basic 10-13 Yaş Yelek - Lila,299.00
Civil Girls Pul Nakışlı 6-9 Yaş Hırka - Pudra,399.00
Civil Girls Parlak 6-9 Yaş Yelek - Siyah,199.99
Civil Girls Puan Desenli 10-13 Yaş Yelek - Pudra,99.99
Civil Girls Yakası Fiyonklu 2-5 Yaş Hırka - Yeşil,249.99
Civil Girls Kız Çocuk Hırka 2-5 Yaş - Gri,499.00
Civil Girls Düz 6-9 Yaş Yelek - Bej,349.00
Civil Girls Puan Desenli 10-13 Yaş Yelek - Gri,99.99
Civil Girls Basic 10-13 Yaş Hırka - Mavi,549.00
Civil Girls Basic 6-9 Yaş Yelek - Fusya,249.99
Civil Girls Pelüş 2-5 Yaş Yelek - Mavi,249.99
Civil Girls Örgü Desenli 6-9 Yaş Hırka - Ekru,399.00
Civil Girls Kız Çocuk 6-9 Yaş Hırka - Turuncu,249.99
Civil Girls Yakası Fiyonklu 2-5 Yaş Hırka - Gri,249.99
Civil Girls Pullu Kelebek Nakış 2-5 Yaş Yelek - Pembe,59.99
Civil Girls Gizli Çıtçıtlı 2-5 Yaş Hırka - Kırmızı,299.00
Civil Girls Pelüş 2-5 Yaş Yelek - Pudra,249.99
Bizizo Kız College Hırka 2-5 Yaş Hırka - Lila,169.99
Varol Kız Çocuk Ceket 6-9 Yaş - Kırmızı,399.00
Civil Girls Basic 6-9 Yaş Yelek - Kırmızı,249.99
Civil Girls 2-5 Yaş Yelek - Yeşil,699.00
Civil Girls Körük Cepli 6-9 Yaş Ceket - Ekru,399.00
Civil Girls Unicorn Nakışlı 2-5 Yaş Hırka - Pembe,249.99
Civil Girls Kız Çocuk 6-9 Yaş Hırka - Pembe,249.99
Civil Girls Velsoflu Ray Desenli 6-9 Yaş Yelek - Lila,299.00
Civil Girls Düz 6-9 Yaş Hırka - Gri,199.99
Civil Girls Keten 2-5 Yaş Ceket - Pembe,399.00
Civil Girls Basic 6-9 Yaş Yelek - Yeşil,249.99
Hello Kitty Baskılı 2-5 Yaş Yelek - Kırmızı,199.99
Civil Girls 2-5 Yaş Yelek - Kahverengi,799.00
Civil Girls Çiçek Desenli Velsoftlu 6-9 Yaş Yelek - Pembe,199.99
Civil Girls Çıtçıtlı Cepli 10-13 Yaş Hırka - Siyah,249.99
Civil Girls Pelüş 2-5 Yaş Yelek - Siyah,249.99
Civil Girls Papatya Desenli Velsoftlu 2-5 Yaş Yelek - Lacivert,59.99
Civil Girls Basic 10-13 Yaş Yelek - Fil Dişi,299.00
Civil Girls Puan Baskılı 6-9 Yaş Yelek - Pudra,399.00
Civil Girls Rainbow Baskılı 6-9 Yaş Yelek - Pembe,349.00
Civil Girls Varak Desen 2-5 Yaş Yelek - Yeşil,249.99
Civil Girls Broşlu 10-13 Yaş Bolero - Fusya,169.99
Civil Girls Aycıklı 6-9 Yaş Pelerin - Ekru,99.99
Civil Girls Çizgili 2-5 Yaş Yelek - Lila,29.99
Civil Girls Basic 2-5 Yaş Yelek - Pembe,249.99
Civil Girls Acur Örgü 6-9 Yaş Hırka - Sarı,299.00
Civil Girls Basic 6-9 Yaş Yelek - Lila,249.99
Civil Girls Keten 6-9 Yaş Ceket - Pembe,399.00
Civil Girls Broşlu 2-5 Yaş Bolero - Pudra,129.99
Civil Girls Kot Düz 2-5 Yaş Ceket - Beyaz,399.00
Civil Girls Velsoflu Ray Desenli 2-5 Yaş Yelek - Lila,249.99
Harry Potter 10-13 Yaş Hırka - Gri,399.00
Civil Girls Leopar Baskılı 2-5 Yaş Hırka - Beyaz,599.00
Civil Girls Kız Çocuk 6-9 Yaş Hırka - Fil Dişi,249.99
Civil Girls Basic 10-13 Yaş Yelek - Pembe,299.00
Civil Girls Velsoftlu Fiyonk Baskılı 6-9 Yaş Yelek - Ekru,299.00
Civil Girls Velsoftlu Çiçek Baskılı 2-5 Yaş Yelek - Pudra,249.99
Civil Girls Basic 10-13 Yaş Yelek - Kırmızı,299.00
Civil Girls Basic 6-9 Yaş Yelek - Lila,249.99
Civil Girls Kanguru Cep 6-9 Yaş Yelek - Pudra,149.99
Civil Girls Yıldız Desenli 2-5 Yaş Pelerin - Gri,149.99
Civil Girls Varak Desen 6-9 Yaş Yelek - Lila,299.00
Varol Kız Çocuk Ceket 2-5 Yaş - Lacivert,399.00
Civil Girls Kanguru Cepli 2-5 Yaş Hırka - Pembe,299.00
Civil Girls Nakışlı 6-9 Yaş Yelek - Gri,69.99
Bizizo Kız College Hırka 2-5 Yaş Hırka - Pembe,169.99
Civil Girls Pullu Yıldız Nakışlı 6-9 Yaş Hırka - Pembe,499.00
Civil Girls Ponponlu 2-5 Yaş Hırka - Pembe,499.00
Civil Girls Gipeli Fitilli Kadife 2-5 Yaş Yelek - Lila,119.99
Civil Girls Kelebek Nakışlı 6-9 Yaş Pelerin - Fusya,89.99
Civil Girls Basic 6-9 Yaş Yelek - Lila,249.99
Civil Girls Basic 10-13 Yaş Hırka - Siyah,549.00
Hello Kitty Baskılı 2-5 Yaş Yelek - Mavi,199.99
Bizizo Kız College Hırka 2-5 Yaş Hırka - Lila,169.99
Civil Girls Soyut Empirme 6-9 Yaş Yelek - Lila,199.99
Civil Girls Yıldız Desen 10-13 Yaş Hırka - Gri,399.00
Bugs Bunny 2-5 Yaş Hırka - Gri,249.99
Civil Girls Renkli Çizgili 2-5 Yaş Hırka - Bej,299.00
Civil Girls Broşlu 6-9 Yaş Bolero - Pudra,149.99
Civil Girls Yakalı 2-5 Yaş Yelek - Pudra,39.99
Civil Girls Baklava Desen 10-13 Yaş Hırka - Bej,399.00
Civil Girls Yıldız Empirme 6-9 Yaş Yelek - Lacivert,149.99
Civil Girls Kot Düz 2-5 Yaş Ceket - Pembe,399.00
Civil Girls Çizgili 2-5 Yaş Yelek - Siyah,29.99
Civil Girls Basic 2-5 Yaş Hırka - Mavi,449.00
Civil Girls Unicorn Baskılı 2-5 Yaş Yelek - Pembe,249.99
Civil Girls Velsoflu Ray Desenli 10-13 Yaş Yelek - Lila,299.00
Civil Girls Düz 2-5 Yaş Hırka - Gri,199.99
Civil Girls 2-5 Yaş Hırka - Mavi,699.00
Civil Girls Puan Baskılı 2-5 Yaş Yelek - Pudra,349.00
Civil Girls Unicorn Baskılı 2-5 Yaş Yelek - Lila,299.00
Civil Girls Çiçek Desenli Velsoftlu 2-5 Yaş Yelek - Lila,199.99
Civil Girls Unicorn Baskılı 2-5 Yaş Yelek - Ekru,249.99
Civil Girls Etnik Desenli 6-9 Yaş Hırka - Yeşil,499.00
Civil Girls Kız Çocuk Düz 10-13 Yaş Hırka - Siyah,499.00
Civil Girls Çizgili 2-5 Yaş Yelek - Pembe,29.99
Civil Girls Leopar Baskılı 10-13 Yaş Hırka - Beyaz,749.00
Civil Girls Unicorn Desenli Velsoftlu 6-9 Yaş Yelek - Pembe,139.99
Civil Girls Etnik Desenli 2-5 Yaş Hırka - Yeşil,449.00
Civil Girls Nakışlı 10-13 Yaş Yelek - Pembe,79.99
Civil Girls Batik Active Konsept 2-5 Yaş Hırka - Beyaz,549.00
Civil Girls Çıtır Çiçek 2-5 Yaş Yelek - Pembe,349.00
Civil Girls Rainbow Baskılı 2-5 Yaş Yelek - Pembe,299.00
Civil Girls Basic 6-9 Yaş Yelek - Kırmızı,249.99
Civil Girls Basic 6-9 Yaş Hırka - Bordo,499.00
Civil Girls Soyut Empirme 2-5 Yaş Yelek - Lila,199.99
Civil Girls Süzene Kalıp Nakışlı 2-5 Yaş Hırka - Kırmızı,299.00
Civil Girls 6-9 Yaş Yelek - Yeşil,699.00
Civil Girls Çiçek Desenli Velsoftlu 2-5 Yaş Yelek - Pembe,199.99
Civil Girls Basic 10-13 Yaş Yelek - Yeşil,299.00
Civil Girls Kot Düz 2-5 Yaş Ceket - Pudra,399.00
Civil Girls Çıtır Çiçek 6-9 Yaş Yelek - Ekru,399.00
Civil Girls Yakası Fiyonklu 2-5 Yaş Hırka - Fil Dişi,249.99
Civil Girls Pelüş Detaylı 10-13 Yaş Hırka - Kahverengi,499.00
Civil Girls Leopar Baskılı 6-9 Yaş Hırka - Beyaz,699.00
Civil Girls Basic 6-9 Yaş Hırka - Mavi,499.00
Civil Girls Basic 6-9 Yaş Yelek - Mavi,249.99
Civil Girls Önden Fiyonklu 2-5 Yaş Hırka - Haki,299.00
Civil Girls Düz 10-13 Yaş Yelek - Pembe,399.00
Civil Girls Basic 2-5 Yaş Yelek - Bordo,249.99
Civil Girls Çıtçıtlı Cepli 6-9 Yaş Hırka - Turuncu,199.99
Civil Girls Papatya Desenli Velsoftlu 6-9 Yaş Yelek - Lacivert,139.99
Civil Girls Yıldız Baskılı 10-13 Yaş Yelek - Ekru,349.00
Civil Girls Micro Cepli Kuzu 6-9 Yaş Yelek - Fil Dişi,299.00
Civil Girls Basic 2-5 Yaş Yelek - Lila,249.99
Civil Girls Önden Fiyonklu 6-9 Yaş Hırka - Haki,399.00
Civil Girls Çizgili 6-9 Yaş Yelek - Lila,29.99
Civil Girls Kapisonlu 6-9 Yaş Hırka - Gri,499.00
Civil Girls Düz 10-13 Yaş Hırka - Siyah,299.00
Bizizo Kız College Hırka 2-5 Yaş Hırka - Pembe,169.99
Civil Girls Kız Çocuk 6-9 Yaş Hırka - Haki,249.99
Civil Girls Yakası Fiyonklu 2-5 Yaş Hırka - Pembe,249.99
Civil Girls Basic 6-9 Yaş Hırka - Siyah,499.00
Civil Girls Düz 2-5 Yaş Yelek - Bej,299.00
Civil Girls Basic 6-9 Yaş Yelek - Beyaz,249.99
Civil Girls Micro Cepli Kuzu 10-13 Yaş Yelek - Fil Dişi,149.99
Civil Girls Basic 6-9 Yaş Hırka - Pembe,499.00
Civil Girls NY Nakışlı 10-13 Yaş Hırka - Siyah,599.00
Civil Girls Çıtır Çiçek 2-5 Yaş Yelek - Ekru,349.00
Civil Girls Nakışlı 10-13 Yaş Yelek - Lila,79.99
Civil Girls Çift Desenli 10-13 Yaş Hırka - Bordo,399.00
Civil Girls Pelüş 10-13 Yaş Yelek - Siyah,249.99
Civil Girls Basic 6-9 Yaş Yelek - Beyaz,249.99
Bizizo Kız Kolej 2-5 Yaş Hırka - Pembe,169.99
Civil Girls Basic 2-5 Yaş Yelek - Ekru,249.99
Civil Girls Kız Çocuk Düz 6-9 Yaş Hırka - Gri,399.00
Civil Girls Basic 2-5 Yaş Yelek - Siyah,249.99
Civil Girls Choose Nakışlı Kuzu 6-9 Yaş Hırka - Turuncu,299.00
Civil Girls Kedi Desenli 2-5 Yaş Yelek - Gri,49.99
Civil Girls Renkli Ponponlu 2-5 Yaş Hırka - Ekru,299.00
Civil Girls Micro Cepli Kuzu 10-13 Yaş Yelek - Pudra,149.99
Civil Girls Yıldız Empirme 6-9 Yaş Yelek - Ekru,149.99
Civil Girls Basic 2-5 Yaş Yelek - Lila,249.99
Civil Girls Basic 2-5 Yaş Hırka - Pembe,449.00
Civil Girls Basic 10-13 Yaş Yelek - Lila,299.00
Civil Girls Pullu Yıldız Nakışlı 2-5 Yaş Hırka - Gri,399.00
Civil Girls Tenis Baskılı 2-5 Yaş Hırka - Beyaz,299.00
Civil Girls Basic 2-5 Yaş Yelek - Yeşil,249.99
Civil Girls Yıldızlı Taş Baskılı 10-13 Yaş Hırka - Siyah,499.00
Civil Girls Kareli 2-5 Yaş Yelek - Pembe,39.99
Civil Girls Pelüş 2-5 Yaş Yelek - Gri,249.99
Civil Girls Pelüş Detaylı 10-13 Yaş Hırka - Fil Dişi,499.00
Civil Girls Çıtır Çiçek Desenli 2-5 Yaş Yelek - Pembe,299.00
Civil Girls Micro Cepli Kuzu 2-5 Yaş Yelek - Pudra,119.99
Civil Girls Düz 6-9 Yaş Hırka - Ekru,299.00
Civil Girls Basic 6-9 Yaş Yelek - Ekru,249.99
Civil Girls Ayıcıklı 6-9 Yaş Pelerin - Ekru,199.99
Civil Girls Puan Desenli 6-9 Yaş Yelek - Gri,69.99
Civil Girls Kız Çocuk 6-9 Yaş Hırka - Yeşil,249.99
Harry Potter 6-9 Yaş Hırka - Gri,399.00
Civil Girls Nohut Desenli 10-13 Yaş Hırka - Bej,599.00
Civil Girls Basic 2-5 Yaş Yelek - Pembe,249.99
Civil Girls Acur Örgü 6-9 Yaş Hırka - Pudra,299.00
Civil Girls Basic 6-9 Yaş Hırka - Sarı,499.00
Civil Girls Parlak 10-13 Yaş Yelek - Kırmızı,199.99
Civil Girls Yıldız Desenli Astarlı 6-9 Yaş Yelek - Gri,59.99
Civil Girls Kanguru Cep 10-13 Yaş Yelek - Pudra,169.99
Civil Girls Basic 10-13 Yaş Yelek - Lila,299.00
Hello Kitty Baskılı 6-9 Yaş Yelek - Sarı,199.99
Civil Girls Gipeli Fitilli Kadife 10-13 Yaş Yelek - Lila,149.99
Civil Girls Kız Çocuk Düz 10-13 Yaş Hırka - Bordo,499.00
Civil Girls Basic 6-9 Yaş Yelek - Sarı,249.99
Civil Girls Basic 2-5 Yaş Hırka - Bordo,449.00
Civil Girls Düz 2-5 Yaş Hırka - Siyah,249.99
Civil Girls Velsoftlu Fiyonk Baskılı 2-5 Yaş Yelek - Lila,249.99
Bizizo Kız College Hırka 2-5 Yaş Hırka - Pudra,169.99
Bizizo Kız College Hırka 2-5 Yaş Hırka - Lila,169.99
Civil Girls Basic 10-13 Yaş Yelek - Pembe,299.00
Civil Girls Basic 10-13 Yaş Yelek - Beyaz,299.00
Civil Girls Pelüş 6-9 Yaş Yelek - Pudra,249.99
Civil Girls Velsoftlu Çiçek Baskılı 6-9 Yaş Yelek - Pudra,299.00
Civil Girls Pullu Yıldız Nakışlı 6-9 Yaş Hırka - Gri,499.00
Civil Girls Kız Çocuk 6-9 Yaş Hırka - Pudra,249.99
Civil Girls Pelüş 2-5 Yaş Yelek - Bej,249.99
Civil Girls Çift Desenli 10-13 Yaş Hırka - Ekru,399.00
Civil Girls Kız Çocuk 6-9 Yaş Hırka - Pudra,249.99
Civil Girls Puan Baskılı 2-5 Yaş Yelek - Gri,349.00
Civil Girls Parlak 10-13 Yaş Yelek - Siyah,199.99
Hello Kitty Baskılı 2-5 Yaş Yelek - Yeşil,199.99
Civil Girls Yakalı 2-5 Yaş Yelek - Pembe,39.99
Civil Girls Basic 10-13 Yaş Hırka - Sarı,549.00
Civil Girls Düz 10-13 Yaş Hırka - Ekru,299.00
Hello Kitty Baskılı 2-5 Yaş Yelek - Sarı,199.99
Civil Girls Nakışlı 2-5 Yaş Yelek - Gri,49.99
Civil Girls Acur Örgü 2-5 Yaş Hırka - Sarı,249.99
Civil Girls Pullu Kelebek Nakış 2-5 Yaş Yelek - Gri,59.99
Civil Girls Gipeli Fitilli Kadife 6-9 Yaş Yelek - Yeşil,119.99
Civil Girls Körük Cepli 6-9 Yaş Ceket - Pudra,399.00
Civil Girls Kapisonlu 2-5 Yaş Hırka - Gri,449.00
Civil Girls Kız Çocuk 6-9 Yaş Hırka - Lila,249.99
Civil Girls Basic 2-5 Yaş Yelek - Fusya,249.99
Civil Girls Pelüş 2-5 Yaş Yelek - Pudra,249.99
Civil Girls 6-9 Yaş Yelek - Kahverengi,799.00
Civil Girls Örgü Desenli 6-9 Yaş Hırka - Mavi,399.00
Civil Girls Parlak 2-5 Yaş Yelek - Kırmızı,199.99
Civil Girls Sahte Cepli 2-5 Yaş Yelek - Pembe,39.99
Civil Girls Kız Çocuk Düz 10-13 Yaş Hırka - Gri,499.00
Civil Girls Sahte Cepli 2-5 Yaş Yelek - Pudra,39.99
Civil Girls Papatya Desenli Velsoftlu 6-9 Yaş Yelek - Pembe,139.99
Civil Girls Yakalı 2-5 Yaş Yelek - Lila,39.99
Civil Girls Basic 2-5 Yaş Hırka - Sarı,449.00
Civil Girls Kalp Baskılı 6-9 Yaş Yelek - Lila,349.00
Civil Girls Düz 6-9 Yaş Hırka - Pembe,299.00
Civil Girls Pelüş 2-5 Yaş Yelek - Ekru,249.99
Civil Girls Velsoflu Ray Desenli 2-5 Yaş Yelek - Pudra,249.99
Civil Girls Çizgili 2-5 Yaş Yelek - Turuncu,29.99
Civil Girls Unicorn Baskılı 6-9 Yaş Yelek - Pembe,299.00
Civil Girls Kız Çocuk Ceket 2-5 Yaş - Siyah,799.00
Civil Girls Basic 2-5 Yaş Yelek - Pudra,249.99
Civil Girls Basic 6-9 Yaş Yelek - Yeşil,249.99
Civil Girls Yakası Fiyonklu 2-5 Yaş Hırka - Siyah,249.99
Civil Girls Yakası Fiyonklu 2-5 Yaş Hırka - Pudra,249.99
Civil Girls Basic 2-5 Yaş Hırka - Siyah,449.00
Civil Girls Pelüş 6-9 Yaş Yelek - Pudra,249.99
Civil Girls Çıtır Çiçek Desenli 10-13 Yaş Yelek - Pembe,299.00
Civil Girls Basic 6-9 Yaş Yelek - Pembe,249.99
Civil Girls Rainbow Baskılı 6-9 Yaş Yelek - Ekru,349.00
Civil Girls Micro Cepli Kuzu 2-5 Yaş Yelek - Fil Dişi,119.99
Civil Girls Nakışlı 2-5 Yaş Yelek - Pembe,49.99
Bizizo Kız College Hırka 2-5 Yaş Hırka - Pudra,169.99
Civil Girls Kedi Desenli 2-5 Yaş Yelek - Pembe,49.99
Civil Girls Pelüş 6-9 Yaş Yelek - Pudra,249.99
Civil Girls Pelüş 6-9 Yaş Yelek - Ekru,249.99
Civil Girls Basic 2-5 Yaş Hırka - Beyaz,449.00
Civil Girls Yakası Fiyonklu 2-5 Yaş Hırka - Bej,249.99
Civil Girls Nakışlı 6-9 Yaş Yelek - Pembe,69.99
Bugs Bunny 10-13 Yaş Hırka - Gri,349.00
Civil Girls Basic 10-13 Yaş Yelek - Yeşil,299.00
Civil Girls Basic 6-9 Yaş Yelek - Siyah,249.99
Civil Girls Kız Çocuk 6-9 Yaş Hırka - Lila,249.99
Civil Girls Basic 10-13 Yaş Hırka - Pembe,549.00
Civil Girls Basic 10-13 Yaş Hırka - Ekru,549.00
Civil Girls Kalp Baskılı 6-9 Yaş Yelek - Pembe,349.00
Civil Girls Gipeli Fitilli Kadife 2-5 Yaş Yelek - Pudra,119.99
Civil Girls Yakası Fiyonklu 2-5 Yaş Hırka - Lila,249.99
Civil Girls Broşlu 10-13 Yaş Bolero - Pudra,169.99
Civil Girls 10-13 Yaş Yelek - Bej,999.00
Civil Girls Pelüş 2-5 Yaş Yelek - Pudra,249.99
Civil Girls Kız Çocuk 6-9 Yaş Hırka - Lacivert,249.99
Civil Girls Yakalı 6-9 Yaş Hırka - Bej,499.00
Civil Girls Kelebek Nakışlı 6-9 Yaş Pelerin - Ekru,89.99
Civil Girls Yıldız Desenli Astarlı 6-9 Yaş Yelek - Lila,59.99
Civil Girls Batik Active Konsept 10-13 Yaş Hırka - Beyaz,699.00
Civil Girls Kanguru Cep 6-9 Yaş Yelek - Gri,149.99
Civil Girls Velsoftlu Fiyonk Baskılı 10-13 Yaş Yelek - Lila,299.00
Civil Girls Ayıcıklı 2-5 Yaş Pelerin - Lila,149.99
Bizizo Kız College Hırka 2-5 Yaş Hırka - Lila,169.99
Civil Girls Düz 10-13 Yaş Yelek - Bej,399.00
Civil Girls Basic 2-5 Yaş Yelek - Sarı,249.99
Civil Girls Soyut Empirme 10-13 Yaş Yelek - Lila,199.99
Civil Girls Gipeli Fitilli Kadife 6-9 Yaş Yelek - Lila,119.99
Civil Girls Kız Çocuk Düz 6-9 Yaş Hırka - Bordo,399.00
Civil Girls Sahte Cepli 2-5 Yaş Yelek - Bej,39.99
Civil Girls Kot Düz 2-5 Yaş Ceket - Mavi,399.00
Civil Girls Ayıcıklı 6-9 Yaş Pelerin - Lila,199.99
Civil Girls Çizgili 6-9 Yaş Yelek - Turuncu,29.99
Civil Girls Velsoftlu Çiçek Baskılı 6-9 Yaş Yelek - Beyaz,299.00
Civil Girls Yıldız Desenli 6-9 Yaş Pelerin - Gri,199.99
Civil Girls Basic 6-9 Yaş Hırka - Lila,499.00
Civil Girls Velsoflu Ray Desenli 10-13 Yaş Yelek - Pudra,299.00
Civil Girls Kız Çocuk 6-9 Yaş Hırka - Mavi,249.99
Civil Girls 10-13 Yaş Hırka - Mavi,899.00
Civil Girls Pelüş 6-9 Yaş Bolero - Ekru,99.99
Shecco Babba Çocuk Yazlık Panço 1-4 Yaş - Beyaz,399.99
Civil Girls Basic 2-5 Yaş Yelek - Beyaz,249.99
Civil Girls Basic 2-5 Yaş Yelek - Lila,249.99
Civil Girls Kareli 2-5 Yaş Yelek - Pembe,39.99
Civil Girls Basic 2-5 Yaş Yelek - Kırmızı,249.99
Civil Girls Düz 6-9 Yaş Yelek - Pembe,349.00
Civil Girls Yakası Fiyonklu 2-5 Yaş Hırka - Pudra,249.99
Civil Girls Kanguru Cep 10-13 Yaş Yelek - Lila,169.99
Civil Girls Active Baskılı Scuba 2-5 Yaş Hırka - Gri,299.00
Civil Girls Kız Çocuk Hırka 10-13 Yaş - Gri,699.00
Civil Girls Varak Desen 6-9 Yaş Yelek - Ekru,299.00
Civil Girls Pelüş 6-9 Yaş Yelek - Pudra,249.99
Civil Girls Çizgili 10-13 Yaş Hırka - Ekru,399.00
Civil Girls Kız Çocuk 6-9 Yaş Hırka - Gri,249.99
Civil Girls Basic 2-5 Yaş Yelek - Mavi,249.99
Civil Girls Yakalı 2-5 Yaş Hırka - Bej,399.00
Civil Girls Pelüş 6-9 Yaş Yelek - Ekru,249.99
Civil Girls Harfler Baskılı 2-5 Yaş Yelek - Ekru,199.99
Civil Girls Çıtır Çiçek 10-13 Yaş Yelek - Pembe,399.00
Civil Girls Velsoftlu Fiyonk Baskılı 2-5 Yaş Yelek - Ekru,249.99
Civil Girls Basic 2-5 Yaş Yelek - Pembe,249.99
Civil Girls Basic 10-13 Yaş Yelek - Sarı,299.00
Civil Girls Broşlu 6-9 Yaş Bolero - Ekru,149.99
Kuromi 2-5 Yaş Hırka - Siyah,349.00
Civil Girls C Nakışlı 10-13 Yaş Hırka - Gri,599.00
Civil Girls Aycıklı 2-5 Yaş Pelerin - Lila,99.99
Civil Girls Basic 6-9 Yaş Yelek - Fil Dişi,249.99
Civil Girls Etnik Desenli 6-9 Yaş Hırka - Bej,499.00
Civil Girls Puan Baskılı 6-9 Yaş Yelek - Gri,399.00
Civil Girls Çiçek Desenli Velsoftlu 6-9 Yaş Yelek - Lila,199.99
Civil Girls Basic 2-5 Yaş Yelek - Siyah,249.99
Civil Girls Kız Çocuk 6-9 Yaş Hırka - Bej,249.99
Civil Girls Puan Desenli Pelüşlu 6-9 Yaş Pelerin - Pudra,199.99
Civil Girls Kanguru Cep 10-13 Yaş Yelek - Gri,169.99
Civil Girls Düz 2-5 Yaş Hırka - Ekru,249.99
Civil Girls Kız Çocuk 6-9 Yaş Hırka - Bej,249.99
Civil Girls Basic 6-9 Yaş Hırka - Ekru,499.00
Civil Girls Nakışlı 6-9 Yaş Yelek - Lila,69.99
Civil Girls Pelüş 10-13 Yaş Yelek - Pudra,249.99
Civil Girls Yakalı 2-5 Yaş Hırka - Pembe,399.00
Civil Girls Pelüş 10-13 Yaş Yelek - Pudra,249.99
Civil Girls Basic 2-5 Yaş Hırka - Ekru,449.00
Civil Girls Etnik Desenli 2-5 Yaş Hırka - Bej,449.00
Civil Girls Pelüş 6-9 Yaş Yelek - Pudra,249.99
Civil Girls Harfler Baskılı 6-9 Yaş Yelek - Ekru,199.99
Civil Girls Çiçek Desenli 6-9 Yaş Yelek - Ekru,349.00
Civil Girls Basic 2-5 Yaş Yelek - Yeşil,249.99
Civil Girls Basic 2-5 Yaş Yelek - Gri,249.99
Civil Girls Yıldızlı Taş Baskılı 10-13 Yaş Hırka - Gri,499.00
Civil Girls Kız Çocuk 6-9 Yaş Hırka - Ekru,249.99
Civil Girls Kız Çocuk 6-9 Yaş Hırka - Lila,249.99
Civil Girls Kız Çocuk Düz 6-9 Yaş Eşofman Altı - Siyah,299.00
Civil Girls Jogger 2-5 Yaş Eşofman Altı - Kırmızı,249.99
Civil Girls Kurdela Baskılı 2-5 Yaş Eşofman Altı - Pembe,149.99
Civil Girls 6-9 Yaş Eşofman Altı - Pembe,449.00
Civil Girls Fiyonk Baskılı 2-5 Yaş Eşofman Altı,229.00
Civil Girls Unicorn Baskılı 2-5 Yaş Eşofman Altı - Lila,149.99
Civil Girls 2-5 Yaş Eşofman Altı - Siyah,249.99
Civil Girls Fiyonklu 2-5 Yaş Eşofman Altı - Siyah,399.00
Civil Girls Düz 2-5 Yaş Eşofman Altı - Pembe,199.99
Civil Girls Basic 10-13 Yaş Eşofman Altı - Lila,299.00
Civil Girls Best Friends Baskılı 2-5 Yaş Eşofman Altı - Lila,149.99
Civil Girls Basic 6-9 Yaş Eşofman Altı - Lila,299.00
Civil Girls Unicorn Baskılı 2-5 Yaş Eşofman Altı - Pembe,399.00
Civil Girls Wonderful Life Baskılı 2-5 Yaş Eşofman Altı - Pembe,199.99
Civil Girls Best Friends Baskılı 2-5 Yaş Eşofman Altı - Beyaz,149.99
Civil Girls 2-5 Yaş Eşofman Altı - Pudra,399.00
Civil Girls Kargo Cepli 2-5 Yaş Eşofman Altı - Lila,299.00
Civil Girls Unicorn Baskılı 2-5 Yaş Eşofman Altı - Lila,149.99
Civil Girls Kediler Baskılı 2-5 Yaş Eşofman Altı - Pembe,199.99
Civil Girls Basic 2-5 Yaş Eşofman Altı - Siyah,249.99
Civil Girls Kız Çocuk Eşofman Altı 2-5 Yaş - Sarı,349.00
Civil Girls Çiçek Nakışlı 2-5 Yaş Eşofman Altı - Mavi,399.00
Civil Girls Renkli Kelebek Baskılı 2-5 Yaş Eşofman Altı - Pembe,199.99
Civil Girls Cepte Taş Baskılı 2-5 Yaş Eşofman Altı - Gri,399.00
Civil Girls Kelebek Baskılı 3'lü Set 2-5 Yaş Eşofman Altı,749.00
Civil Girls 6-9 Yaş Eşofman Altı - Pudra,449.00
Civil Girls Jogger 2-5 Yaş Eşofman Altı - Yeşil,249.99
Civil Girls Basic 2-5 Yaş Eşofman Altı - Bordo,349.00
Civil Girls 2-5 Yaş Eşofman Altı - Pembe,249.99
Civil Girls Kediler Baskılı 2-5 Yaş Eşofman Altı - Lila,199.99
Civil Girls Kız Çocuk Düz 6-9 Yaş Eşofman Altı - Bordo,299.00
Civil Girls Basic 6-9 Yaş Eşofman Altı - Pembe,399.00
Civil Girls Paçası Baskılı 2-5 Yaş Eşofman Altı - Yeşil,199.99
Civil Girls AWE Baskılı 6-9 Yaş Eşofman Altı - Gri,249.99
Civil Girls Basic 2-5 Yaş Eşofman Altı - Siyah,249.99
Civil Girls Kalp Nakışlı 6-9 Yaş Eşofman Altı - Gri,449.00
Civil Girls Kız Çocuk Eşofman Altı 6-9 Yaş - Gri,399.00
Civil Girls Anime Baskılı 2-5 Yaş Eşofman Altı - Fusya,149.99
Civil Girls Basic 2-5 Yaş Eşofman Altı - Ekru,349.00
Civil Girls Kız Çocuk Eşofman Altı 10-13 Yaş - Bej,249.99
Civil Girls Önü Çımalı 6-9 Yaş Eşofman Altı - Ekru,199.99
Civil Girls Basic 10-13 Yaş Eşofman Altı - Gri,349.00
Civil Girls Yanı Parçalı 6-9 Yaş Eşofman Altı - Gri,399.00
Civil Girls Kız Çocuk Eşofman Altı 2-5 Yaş - Lila,349.00
Civil Girls Basic 2-5 Yaş Eşofman Altı - Pembe,349.00
Civil Girls Kız Çocuk Eşofman Altı 2-5 - Gri,249.99
Civil Girls Kargo Cepli 6-9 Yaş Eşofman Altı - Gri,399.00
Civil Girls Düz 2-5 Yaş Eşofman Altı - Yeşil,399.00
Civil Girls Tenis Baskılı 6-9 Yaş Eşofman Altı - Beyaz,399.00
Civil Girls Kelebek Baskılı 2-5 Yaş Eşofman Altı - Gri,299.00
Civil Girls Kalp Baskılı 6-9 Yaş Eşofman Altı - Gri,349.00
Civil Girls Kalp Baskılı 2-5 Yaş Eşofman Altı - Gri,299.00
Civil Girls Kız Çocuk Eşofman Altı 10-13 Yaş - Sarı,449.00
Civil Girls Rainbow Baskılı 2-5 Yaş Eşofman Altı - Pembe,199.99
Civil Girls Düz 10-13 Yaş Eşofman Altı - Bordo,399.00
Civil Girls Kız Çocuk Eşofman Altı 2-5 Yaş - Lila,199.99
Civil Girls Yanı Cepli Baskılı 2-5 Yaş Eşofman Altı - Siyah,199.99
Civil Girls Düz 2-5 Yaş Eşofman Altı - Siyah,399.00
Civil Girls Basic 2-5 Yaş Eşofman Altı - Gri,249.99
Civil Girls Rainbow Baskılı 2-5 Yaş Eşofman Altı - Gri,199.99
Civil Girls Kargo Cepli 2-5 Yaş Eşofman Altı - Gri,299.00
Civil Girls Çiçek Nakışlı 2-5 Yaş Eşofman Altı - Bej,399.00
Civil Girls Jogger 2-5 Yaş Eşofman Altı - Lila,249.99
Civil Girls Cepli Yazı Baskılı 10-13 Yaş Eşofman Altı - Gri,399.00
Civil Girls Happen Baskılı 2-5 Yaş Eşofman Altı - Gri,149.99
Civil Girls Batik Active Konsept 10-13 Yaş Eşofman Altı - Beyaz,399.00
Civil Girls Kız Çocuk Eşofman Altı 2-5 Yaş - Beyaz,199.99
Civil Girls Kız Çocuk Eşofman Altı 2-5 Yaş - Turuncu,199.99
Civil Girls Kelebek Baskılı 6-9 Yaş Eşofman Altı - Gri,349.00
Civil Girls Kız Çocuk Eşofman Altı 2-5 Yaş - Kırmızı,349.00
Civil Girls Düz 10-13 Yaş Eşofman Altı - Gri,399.00
Civil Girls 10-13 Yaş Eşofman Altı - Mavi,599.00
Civil Girls Chic Baskılı 2-5 Yaş Eşofman Altı - Lila,199.99
Civil Girls Basic 6-9 Yaş Eşofman Altı - Gri,299.00
Civil Girls Cepte Taş Baskılı 2-5 Yaş Eşofman Altı - Gri,399.00
Civil Girls Çiçek Nakışlı 6-9 Yaş Eşofman Altı - Bej,449.00
Civil Girls Kalp Baskılı 2-5 Yaş Eşofman Altı - Siyah,299.00
Civil Girls Kurdela Baskılı 2-5 Yaş Eşofman Altı - Mavi,149.99
Civil Girls Basic 10-13 Yaş Eşofman Altı - Ekru,449.00
Civil Girls Basic 2-5 Yaş Eşofman Altı - Ekru,349.00
Civil Girls Fiyonk Desenli 2-5 Yaş Eşofman Altı - Siyah,299.00
Civil Girls Basic 2-5 Yaş Eşofman Altı - Siyah,349.00
Civil Girls Good Active 6-9 Yaş Eşofman Altı - Gri,399.00
Civil Girls Kız Çocuk Düz 6-9 Yaş Eşofman Altı - Gri,299.00
Civil Girls Tenis Baskılı 10-13 Yaş Eşofman Altı - Beyaz,399.00
Civil Girls Düz 2-5 Yaş Eşofman Altı - Pembe,199.99
Civil Girls Geyik Baskılı 2-5 Yaş Eşofman Altı - Turuncu,149.99
Civil Girls Kız Çocuk Eşofman Altı 10-13 Yaş - Lila,399.00
Civil Girls Paçası Çıtçıtlı 2-5 Yaş Eşofman Altı - Lila,299.00
Civil Girls Düz 6-9 Yaş Eşofman Altı - Ekru,449.00
Civil Girls Wonderful Life Baskılı 2-5 Yaş Eşofman Altı - Gri,199.99
Civil Girls Düz 2-5 Yaş Eşofman Altı - Pudra,399.00
Civil Girls Yanı Parçalı 6-9 Yaş Eşofman Altı - Lila,399.00
Civil Girls Rainbow Baskılı 2-5 Yaş Eşofman Altı - Lacivert,199.99
Civil Girls 10-13 Yaş Eşofman Altı - Pembe,299.00
Civil Girls 2-5 Yaş Eşofman Altı - Mavi,399.00
Civil Girls Anime Baskılı 6-9 Yaş Eşofman Altı - Lila,369.00
Civil Girls Beautiful Baskılı 10-13 Yaş Eşofman Altı - Gri,499.00
Civil Girls Düz 10-13 Yaş Eşofman Altı - Ekru,399.00
Civil Girls Leopar Baskılı 6-9 Yaş Eşofman Altı - Beyaz,399.00
Civil Girls New York Baskılı 2'li Set 6-9 Yaş Eşofman Altı,699.00
Civil Girls Basic 10-13 Yaş Eşofman Altı - Gri,299.00
Civil Girls AWE Baskılı 10-13 Yaş Eşofman Altı - Fil Dişi,249.99
Civil Girls Çıtır Çiçek Baskılı 2-5 Yaş Eşofman Altı - Bej,199.99
Civil Girls Düz 2-5 Yaş Eşofman Altı - Pembe,399.00
Civil Girls UNİCORN Baskılı 2-5 Yaş Eşofman Altı - Ekru,249.99
Civil Girls Kız Çocuk Eşofman Altı 2-5 Yaş - Bej,199.99
Civil Girls 6-9 Yaş Eşofman Altı - Mavi,499.00
Civil Girls Kız Çocuk Eşofman Altı 2-5 Yaş - Lila,299.00
Civil Girls Basic 6-9 Yaş Eşofman Altı - Pembe,299.00
Civil Girls AWE Baskılı 6-9 Yaş Eşofman Altı - Fil Dişi,249.99
Civil Girls Basic 2-5 Yaş Eşofman Altı - Lila,249.99
Civil Girls Önü Cepli 6-9 Yaş Eşofman Altı - Pembe,399.00
Civil Girls Düz 2-5 Yaş Eşofman Altı - Lila,199.99
Civil Girls Fiyonk Desenli 2-5 Yaş Eşofman Altı - Ekru,299.00
Civil Girls 10-13 Yaş Eşofman Altı - Pudra,499.00
Civil Girls Kelebek Baskılı 2-5 Yaş Eşofman Altı - Pembe,299.00
Civil Girls Fiyonklu 2-5 Yaş Eşofman Altı - Gri,399.00
Civil Girls AWE Baskılı 6-9 Yaş Eşofman Altı - Lila,249.99
Civil Girls Basic 2-5 Yaş Eşofman Altı - Lila,349.00
Civil Girls Renkli Kalp Baskılı 2-5 Yaş Eşofman Altı - Lacivert,199.99
Civil Girls Leopar Baskılı 10-13 Yaş Eşofman Altı - Beyaz,399.00
Civil Girls Kargo Cepli 2-5 Yaş Eşofman Altı - Lacivert,299.00
Civil Girls Kelebek Baskılı 2-5 Yaş Eşofman Altı - Bej,199.99
Civil Girls 6-9 Yaş Eşofman Altı - Siyah,299.00
Civil Girls Kız Çocuk Eşofman Altı 6-9 Yaş - Sarı,399.00
Civil Girls Basic 6-9 Yaş Eşofman Altı - Gri,299.00
Civil Girls Kargo Cepli 6-9 Yaş Eşofman Altı - Lacivert,399.00
Civil Girls Paçası Çıtçıtlı 6-9 Yaş Eşofman Altı - Lila,399.00
Civil Girls Basic 2-5 Yaş Eşofman Altı - Mavi,349.00
Civil Girls Kız Çocuk Eşofman Altı 2-5 Yaş - Gri,199.99
Civil Girls Çıtır Çiçek Baskılı 2-5 Yaş Eşofman Altı - Pembe,199.99
Civil Girls Çıt çıt Cepli 2-5 Yaş Eşofman Altı - Siyah,199.99
Civil Girls Yanı Parçalı 2-5 Yaş Eşofman Altı - Lila,299.00
Civil Girls Tavşan Baskılı 3'lü Set 2-5 Yaş Eşofman Altı,749.00
Civil Girls Yanı Cepli Baskılı 2-5 Yaş Eşofman Altı - Lila,199.99
Civil Girls Kargo Cepli 6-9 Yaş Eşofman Altı - Lila,399.00
Civil Girls Fiyonk Baskılı 6-9 Yaş Eşofman Altı,269.00
Civil Girls Tenis Baskılı 2-5 Yaş Eşofman Altı - Beyaz,349.00
Civil Girls Kız Çocuk Eşofman Altı 10-13 Yaş - Gri,199.99
Civil Girls Basic 6-9 Yaş Eşofman Altı - Ekru,399.00
Civil Girls Kız Çocuk Eşofman Altı 2-5 Yaş - Gri,299.00
Civil Girls Basic 10-13 Yaş Eşofman Altı - Siyah,349.00
Civil Girls Şerit Pul Nakışlı 6-9 Yaş Eşofman Altı - Pembe,499.00
Civil Girls Kediler Baskılı 2-5 Yaş Eşofman Altı - Pembe,149.99
Civil Girls Unicorn Baskılı 2-5 Yaş Eşofman Altı - Pembe,149.99
Civil Girls Yanı Parçalı 2-5 Yaş Eşofman Altı - Gri,299.00
Civil Girls Kız Çocuk Eşofman Altı 2-5 Yaş - Pembe,349.00
Civil Girls Unicorn Baskılı 2-5 Yaş Eşofman Altı - Lacivert,399.00
Civil Girls Düz 2-5 Yaş Eşofman Altı - Pembe,399.00
Civil Girls Paçası Çıtçıtlı 2-5 Yaş Eşofman Altı - Fusya,299.00
Civil Girls Kargo Cepli 2-5 Yaş Eşofman Altı - Lacivert,299.00
Civil Girls Kediler Baskılı 2-5 Yaş Eşofman Altı - Gri,149.99
Civil Girls Düz 2-5 Yaş Eşofman Altı - Lila,399.00
Civil Girls Düz 2-5 Yaş Eşofman Altı - Pembe,199.99
Civil Girls Basic 2-5 Yaş Eşofman Altı - Beyaz,349.00
Civil Girls Fiyonklu 6-9 Yaş Eşofman Altı - Gri,449.00
Civil Girls Paçası Baskılı 2-5 Yaş Eşofman Altı - Lila,199.99
Civil Girls Dama Kelebek Baskılı 2-5 Yaş Eşofman Altı - Pembe,199.99
Civil Girls Kalp Baskılı 6-9 Yaş Eşofman Altı - Siyah,349.00
Civil Girls Düz 2-5 Yaş Eşofman Altı - Ekru,399.00
Civil Girls Önü Cepli 6-9 Yaş Eşofman Altı - Gri,399.00
Civil Girls Şerit Pul Nakışlı 2-5 Yaş Eşofman Altı - Pembe,449.00
Civil Girls 6-9 Yaş Eşofman Altı - Pembe,299.00
Civil Girls Anime Baskılı 2-5 Yaş Eşofman Altı - Lila,199.99
Civil Girls Düz 6-9 Yaş Eşofman Altı - Pembe,449.00
Civil Girls 10-13 Yaş Eşofman Altı - Siyah,299.00
Civil Girls Basic 2-5 Yaş Eşofman Altı - Pembe,249.99
Civil Girls Basic 6-9 Yaş Eşofman Altı - Siyah,299.00
Civil Girls Renkli Kalp Baskılı 2-5 Yaş Eşofman Altı - Pembe,199.99
Civil Girls Kız Çocuk Eşofman Altı 2-5 Yaş - Lila,199.99
Civil Girls AWE Baskılı 10-13 Yaş Eşofman Altı - Lila,249.99
Civil Girls Basic 10-13 Yaş Eşofman Altı - Pembe,349.00
Civil Girls Happen Baskılı 2-5 Yaş Eşofman Altı - Pembe,149.99
Civil Girls Basic 10-13 Yaş Eşofman Altı - Siyah,299.00
Civil Girls Renkli Kelebek Baskılı 2-5 Yaş Eşofman Altı - Siyah,199.99
Civil Girls Basic 6-9 Yaş Eşofman Altı - Siyah,299.00
Civil Girls Leopar Baskılı 2-5 Yaş Eşofman Altı - Beyaz,299.00
Civil Girls 2-5 Yaş Eşofman Altı - Fusya,399.00
Civil Girls UNİCORN Baskılı 2-5 Yaş Eşofman Altı - Pembe,249.99
Civil Girls Anime Baskılı 2-5 Yaş Eşofman Altı - Lila,149.99
Civil Girls Çiçek Desenli 2-5 Yaş Yağmurluk - Pudra,399.00
Civil Girls 10-13 Yaş Mont - Lila,699.00
Civil Girls Polarlı Düz 10-13 Yaş Yağmurluk - Mavi,599.00
Civil Girls Çiçek Desen 6-9 Yaş Yağmurluk - Pudra,199.99
Civil Girls Basic 6-9 Yaş Mont - Fusya,599.00
Civil Girls 10-13 Yaş Mont - Bej,799.00
Civil Girls Çiçek Desenli 2-5 Yaş Yağmurluk - Pembe,199.99
Civil Girls Puan Desenli 10-13 Yaş Yağmurluk - Yeşil,199.99
Civil Girls Çiçek Baskılı 6-9 Yaş Yağmurluk - Mavi,499.00
Civil Girls Kapşonu Kürklü 2-5 Yaş Mont - Kırmızı,899.00
Civil Girls 2-5 Yaş Mont - Pembe,799.00
Civil Girls 6-9 Yaş Mont - Gri,799.00
Civil Girls Bel Büzgülü 10-13 Yaş Mont - Bej,899.00
Civil Girls Torba Cepli 10-13 Yaş Mont - Mavi,699.00
Civil Girls Çilek Desenli 2-5 Yaş Yağmurluk - Ekru,699.00
Civil Girls 6-9 Yaş Mont - Bej,1299.00
Civil Girls 6-9 Yaş Mont - Lila,699.00
Civil Girls Basic 2-5 Yaş Mont - Fusya,399.00
Civil Girls Etek Ucu Fırfırlı 2-5 Yaş Yağmurluk - Pembe,699.00
Civil Girls Polarlı Çiçek Desenli 2-5 Yaş Yağmurluk - Bordo,599.00
Civil Girls 2-5 Yaş Mont - Pembe,1299.00
Civil Girls Kalp Desenli 2-5 Yaş Yağmurluk - Pudra,199.99
Civil Girls Leopar Desenli 10-13 Yaş Yağmurluk - Pembe,249.99
Civil Girls Polarlı Gökkuşağı Desenli 2-5 Yaş Yağmurluk - Pembe,599.00
Civil Girls 2-5 Yaş Mont - Gri,999.00
Civil Girls Körük Cepli Kuşaklı 6-9 Yaş Mont - Lila,999.00
Civil Girls Polarlı Puan Baskılı 6-9 Yaş Yağmurluk - Pudra,599.00
Civil Girls 6-9 Yaş Yağmurluk - Bej,999.00
Civil Girls Polarlı Düz 6-9 Yaş Yağmurluk - Pembe,599.00
Civil Girls Kanguru Cepli 10-13 Yaş Yağmurluk - Pudra,499.00
Civil Girls 10-13 Yaş Mont - Pembe,699.00
Civil Girls Çiçek Desenli 6-9 Yaş Yağmurluk - Pembe,249.99
Civil Girls Polarlı Düz 2-5 Yaş Yağmurluk - Mavi,599.00
Civil Girls 2-5 Yaş Mont - Pembe,1299.00
Civil Girls Çiçek Desen 10-13 Yaş Yağmurluk - Yeşil,199.99
Civil Girls Çiçek Desenli 10-13 Yaş Yağmurluk - Lacivert,249.99
Civil Girls Çiçek Desenli 2-5 Yaş Yağmurluk - Lacivert,199.99
Civil Girls Çiçek Desenli 6-9 Yaş Yağmurluk - Kırık Beyaz,799.00
Civil Girls Çiçek Desenli 2-5 Yaş Yağmurluk - Lila,199.99
Civil Girls Polarlı Fiyonk Baskılı 2-5 Yaş Yağmurluk - Ekru,599.00
Civil Girls Basic 10-13 Yaş Mont - Fusya,599.00
Civil Girls Fermuar Cepli 10-13 Yaş Mont - Siyah,899.00
Civil Girls Polarlı Düz 6-9 Yaş Yağmurluk - Mavi,599.00
Civil Girls Bulut Desenli 6-9 Yaş Yağmurluk - Lila,249.99
Civil Girls Çiçek Desen 6-9 Yaş Yağmurluk - Sarı,199.99
Civil Girls Unicorn Desenli 2-5 Yaş Yağmurluk - Yeşil,199.99
Civil Girls Kanguru Cepli 2-5 Yaş Yağmurluk - Yeşil,449.00
Civil Girls 2-5 Yaş Mont - Pembe,799.00
Civil Girls 6-9 Yaş Mont - Gri,1299.00
Civil Girls Çiçek Baskılı 6-9 Yaş Yağmurluk - Pembe,649.00
Civil Girls 2-5 Yaş Mont - Yeşil,799.00
Civil Girls Leopar Desenli 10-13 Yaş Yağmurluk - Ekru,249.99
Civil Girls Çiçek Desenli 6-9 Yaş Yağmurluk - Pembe,999.00
Civil Girls Düz 2-5 Yaş Yağmurluk - Lila,399.00
Civil Girls 10-13 Yaş Mont - Siyah,799.00
Civil Girls Çiçek Desenli 2-5 Yaş Yağmurluk - Ekru,399.00
Civil Girls Çıt Çıtlı Kapşonlu 6-9 Yaş Mont - Yeşil,899.00
Civil Girls Kalp Baskılı 10-13 Yaş Yağmurluk - Ekru,199.99
Civil Girls Unicorn Desenli 2-5 Yaş Yağmurluk - Pembe,199.99
Civil Girls Çiçek Desenli 10-13 Yaş Yağmurluk - Ekru,249.99
Civil Girls Polarlı Puan Baskılı 10-13 Yaş Yağmurluk - Ekru,599.00
Civil Girls Polarlı Fiyonk Baskılı 2-5 Yaş Yağmurluk - Siyah,599.00
Civil Girls 6-9 Yaş Mont - Gri,799.00
Kuromi 6-9 Yaş Mont - Pembe,1299.00
Civil Girls Çıt Çıtlı Kapşonlu 10-13 Yaş Mont - Yeşil,999.00
Civil Girls 6-9 Yaş Mont - Kahverengi,899.00
Civil Girls Polarlı Çiçek Desenli 2-5 Yaş Yağmurluk - Fil Dişi,599.00
Civil Girls 10-13 Yaş Mont - Fil Dişi,1299.00
Civil Girls Kelebek Desen 2-5 Yaş Yağmurluk - Lila,199.99
Civil Girls Çiçek Baskılı 6-9 Yaş Yağmurluk - Turuncu,499.00
Civil Girls Fermuar Cepli 10-13 Yaş Mont - Beyaz,899.00
Civil Girls 2-5 Yaş Mont - Fil Dişi,799.00
Civil Girls Çiçek Desen 6-9 Yaş Yağmurluk - Yeşil,199.99
Civil Girls Kediler Desenli 2-5 Yaş Yağmurluk - Ekru,399.00
Civil Girls Batik Desen 10-13 Yaş Yağmurluk - Pembe,199.99
Civil Girls Leopar Desenli 6-9 Yaş Yağmurluk - Ekru,249.99
Civil Girls Kalp Baskılı 10-13 Yaş Yağmurluk - Pudra,199.99
Civil Girls 2-5 Yaş Mont - Kahverengi,799.00
Civil Girls Çiçek Desenli 10-13 Yaş Yağmurluk - Pembe,199.99
Civil Girls Bel Büzgülü 10-13 Yaş Mont - Pudra,899.00
Civil Girls 2-5 Yaş Mont - Lila,699.00
Civil Girls Çiçek Desenli 2-5 Yaş Yağmurluk - Ekru,199.99
Civil Girls Çiçek Desenli 6-9 Yaş Yağmurluk - Lila,199.99
Civil Girls Kalp Desenli 2-5 Yaş Yağmurluk - Ekru,199.99
Civil Girls Torba Cepli 2-5 Yaş Mont - Mavi,499.00
Civil Girls Puan Desenli 6-9 Yaş Yağmurluk - Pembe,199.99
Kuromi 6-9 Yaş Mont - Lila,1299.00
Civil Girls 6-9 Yaş Mont - Fil Dişi,1299.00
Civil Girls Puan Desenli 2-5 Yaş Yağmurluk - Pembe,199.99
Civil Girls Trençkot 6-9 Yaş Ceket - Lacivert,799.00
Civil Girls Kanguru Cepli 2-5 Yaş Yağmurluk - Sarı,449.00
Civil Girls Bulut Desenli 2-5 Yaş Yağmurluk - Lila,199.99
Civil Girls 10-13 Yaş Mont - Pembe,799.00
Civil Girls Batik Desen 2-5 Yaş Yağmurluk - Pembe,199.99
Civil Girls 6-9 Yaş Mont - Pembe,799.00
Civil Girls Polarlı Puan Baskılı 10-13 Yaş Yağmurluk - Siyah,599.00
Civil Girls Puan Desenli 2-5 Yaş Yağmurluk - Yeşil,199.99
Civil Girls Etek Ucu Fırfırlı 6-9 Yaş Yağmurluk - Sarı,799.00
Civil Girls Çilek Desenli 6-9 Yaş Yağmurluk - Ekru,799.00
Civil Girls 10-13 Yaş Mont - Gri,799.00
Civil Girls 2-5 Yaş Mont - Pembe,699.00
Civil Girls Kelebek Desen 6-9 Yaş Yağmurluk - Lacivert,199.99
Civil Girls 2-5 Yaş Mont - Pembe,1299.00
Civil Girls Polarlı Düz 2-5 Yaş Yağmurluk - Pembe,599.00
Civil Girls Çiçek Desenli 2-5 Yaş Yağmurluk - Pembe,199.99
Civil Girls 6-9 Yaş Mont - Pembe,1299.00
Civil Girls Puan Desenli 6-9 Yaş Yağmurluk - Yeşil,199.99
Civil Girls Polarlı Puan Baskılı 6-9 Yaş Yağmurluk - Gri,599.00
Civil Girls Leopar Desenli 2-5 Yaş Yağmurluk - Pembe,199.99
Civil Girls Kelebek Desen 6-9 Yaş Yağmurluk - Lila,199.99
Civil Girls 10-13 Yaş Mont - Bej,1299.00
Civil Girls Polarlı Papatya Desenli 6-9 Yaş Yağmurluk - Mavi,599.00
Civil Girls Kanguru Cepli 10-13 Yaş Yağmurluk - Sarı,499.00
Civil Girls 2-5 Yaş Mont - Fil Dişi,1299.00
Civil Girls Basic 10-13 Yaş Mont - Pudra,599.00
Civil Girls 2-5 Yaş Mont - Bordo,799.00
Civil Girls Papatya Desen 2-5 Yaş Yağmurluk - Sarı,199.99
Civil Girls Torba Cepli 6-9 Yaş Mont - Mavi,599.00
Civil Girls Düz 10-13 Yaş Yağmurluk - Pudra,399.00
Civil Girls Etek Ucu Fırfırlı 2-5 Yaş Yağmurluk - Sarı,699.00
Civil Girls Çiçek Desenli 10-13 Yaş Yağmurluk - Pudra,399.00
Civil Girls Papatya Nakışlı 2-5 Yaş Yağmurluk - Lila,299.00
Civil Girls Polarlı Çiçek Desenli 6-9 Yaş Yağmurluk - Bordo,599.00
Civil Girls 10-13 Yaş Mont - Siyah,999.00
Civil Girls Kelebek Desen 2-5 Yaş Yağmurluk - Sarı,199.99
Civil Girls Çiçek Desenli 6-9 Yaş Yağmurluk - Ekru,249.99
Civil Girls Kürklü 6-9 Yaş Mont - Bej,1299.00
Civil Girls Damla Desenli 2-5 Yaş Mont - Pudra,999.00
Civil Girls Kanguru Cepli 6-9 Yaş Yağmurluk - Pudra,499.00
Civil Girls Unicorn Desenli 6-9 Yaş Yağmurluk - Ekru,399.00
Civil Girls Çiçek Desenli 10-13 Yaş Yağmurluk - Lila,199.99
Civil Girls Kol ve Pat Pelüşlü 6-9 Yaş Mont - Haki,999.00
Civil Girls Kanguru Cepli 6-9 Yaş Yağmurluk - Sarı,499.00
Civil Girls Leopar Desenli 6-9 Yaş Yağmurluk - Pembe,249.99
Civil Girls Trençkot 6-9 Yaş Ceket - Pudra,799.00
Civil Girls Çiçek Baskılı 10-13 Yaş Yağmurluk - Pembe,699.00
Civil Girls Çiçek Desen 10-13 Yaş Yağmurluk - Sarı,199.99
Civil Girls Damla Desenli 2-5 Yaş Mont - Lila,999.00
Civil Girls Kız Çocuk Çiçek Desenli 2-5 Yaş Yağmurluk - Kırık Beyaz,699.00
Civil Girls Leopar Desenli 2-5 Yaş Yağmurluk - Ekru,199.99
Civil Girls Polarlı Düz 10-13 Yaş Yağmurluk - Pembe,599.00
Civil Girls 10-13 Yaş Mont - Pembe,1299.00
Civil Girls Polarlı Çiçek Desenli 6-9 Yaş Yağmurluk - Fil Dişi,599.00
Civil Girls Kanguru Cepli 6-9 Yaş Yağmurluk - Yeşil,499.00
Civil Girls Bulut Desenli 6-9 Yaş Yağmurluk - Kırmızı,249.99
Civil Girls Kiraz Baskılı 2-5 Yaş Yağmurluk - Ekru,499.00
Civil Girls 6-9 Yaş Mont - Yeşil,799.00
Civil Girls Düz 10-13 Yaş Yağmurluk - Lila,399.00
Civil Girls Körük Cepli Kuşaklı 2-5 Yaş Mont - Lila,999.00
Civil Girls Leopar Desenli 2-5 Yaş Yağmurluk - Bej,399.00
Civil Girls Körük Cepli Kuşaklı 2-5 Yaş Mont - Pudra,999.00
Civil Girls Leopar Desenli 10-13 Yaş Yağmurluk - Bej,399.00
Civil Girls Kol ve Pat Pelüşlü 6-9 Yaş Mont - Siyah,999.00
Civil Girls Puan Desenli 10-13 Yaş Yağmurluk - Pembe,199.99
Civil Girls Damla Desenli 6-9 Yaş Mont - Lila,999.00
Civil Girls Trençkot 6-9 Yaş Ceket - Bej,799.00
Civil Girls Çiçek Desenli 6-9 Yaş Yağmurluk - Pudra,399.00
Civil Girls 6-9 Yaş Mont - Pembe,1299.00
Civil Girls Basic 2-5 Yaş Mont - Pudra,499.00
Civil Girls Çiçek Desenli 10-13 Yaş Yağmurluk - Pembe,249.99
Civil Girls 2-5 Yaş Mont - Ekru,1299.00
Civil Girls 2-5 Yaş Mont - Fil Dişi,799.00
Civil Girls 2-5 Yaş Mont - Pembe,799.00
Civil Girls 6-9 Yaş Mont - Pembe,699.00
Civil Girls Çiçek Baskılı 2-5 Yaş Yağmurluk - Pembe,599.00
Civil Girls Kürklü 10-13 Yaş Mont - Bej,1299.00
Civil Girls Papatya Desen 2-5 Yaş Yağmurluk - Pudra,199.99
Civil Girls Leopar Baskılı 10-13 Yaş Yağmurluk - Mavi,699.00
Civil Girls Papatya Desen 2-5 Yaş Yağmurluk - Yeşil,199.99
Civil Girls Kanguru Cepli 2-5 Yaş Yağmurluk - Pudra,449.00
Civil Girls Düz 6-9 Yaş Yağmurluk - Lila,399.00
Civil Girls Çiçek Desenli 6-9 Yaş Yağmurluk - Lacivert,249.99
Civil Girls Etek Ucu Fırfırlı 6-9 Yaş Yağmurluk - Pembe,799.00
Civil Girls Mobil Ayıcıklı Pantolon Slopet 10-13 Yaş Slopet - Haki,799.00
Civil Girls Cep Kapaklı 10-13 Yaş Tulum - Pudra,299.00
Civil Girls Boyuna Çizgili 6-9 Yaş Tulum - Beyaz,499.00
Civil Girls Boyuna Çizgili 10-13 Yaş Tulum - Beyaz,499.00
Civil Girls Çiçek Baskılı 6-9 Yaş Tulum - Haki,299.00
Civil Girls Cep Düğmeli 6-9 Yaş Tulum - Yeşil,399.00
Civil Girls Mobil Ayıcıklı Pantolon Slopet 2-5 Yaş Slopet - Haki,799.00
Civil Girls Zebra Desenli 10-13 Yaş Tulum - Siyah,599.00
Civil Girls Mobil Ayıcıklı Pantolon Slopet 6-9 Yaş Slopet - Pembe,799.00
Civil Girls Kolu Fırfırlı 10-13 Yaş Tulum - Lila,399.00
Civil Girls Çiçek Baskılı 6-9 Yaş Tulum - Pembe,299.00
Civil Girls Cep Düğmeli 6-9 Yaş Tulum - Lila,399.00
Civil Girls Çiçek Baskılı 6-9 Yaş Tulum - Bej,299.00
Civil Girls Cepli 2-5 Yaş Slopet - Mavi,749.00
Civil Girls Müslin Fırfırlı 6-9 Yaş Tulum - Yeşil,299.00
Civil Girls Askılı 6-9 Yaş Tulum - Mavi,399.00
Civil Girls Tavşan Nakışlı 2-5 Yaş Slopet - Mavi,499.00
Civil Girls Çiçek Baskılı 10-13 Yaş Tulum - Haki,299.00
Civil Girls Müslin Fırfırlı 4-5 Yaş Tulum - Pudra,399.00
Civil Girls Boyuna Çizgili 6-9 Yaş Tulum - Sarı,499.00
Civil Girls Müslin Fırfırlı 6-10 Yaş Tulum - Lila,399.00
Civil Girls Mobil Ayıcıklı Pantolon Slopet 2-5 Yaş Slopet - Pembe,799.00
Civil Girls Müslin Fırfırlı 6-9 Yaş Tulum - Pudra,399.00
Civil Girls Cep Düğmeli 10-13 Yaş Tulum - Siyah,399.00
Civil Girls Müslin Fırfırlı 6-10 Yaş Tulum - Pudra,399.00
Varol Kids Pantolon 6-9 Yaş Slopet - Beyaz,299.00
Civil Girls Çiçek Baskılı 10-13 Yaş Tulum - Pembe,299.00
Civil Girls Müslin Fırfırlı 6-9 Yaş Tulum - Lila,299.00
Civil Girls Şifon 10-13 Yaş Tulum - Lila,299.00
Civil Girls Askılı 6-9 Yaş Tulum - Pudra,399.00
Civil Girls Şifon 10-13 Yaş Tulum - Lila,299.00
Civil Girls Mobil Ayıcıklı Pantolon Slopet 2-5 Yaş Slopet - Bej,799.00
Civil Girls Zebra Desenli 10-13 Yaş Tulum - Pembe,599.00
Civil Girls Mobil Ayıcıklı Pantolon Slopet 6-9 Yaş Slopet - Haki,799.00
Civil Girls Mobil Ayıcıklı Pantolon Slopet 10-13 Yaş Slopet - Bej,799.00
Civil Girls Cep Düğmeli 10-13 Yaş Tulum - Lila,399.00
Civil Girls Ayıcıklı 2-5 Yaş Slopet - Mavi,799.00
Civil Girls Cep Kapaklı 10-13 Yaş Tulum - Hardal,299.00
Civil Girls Askılı 10-13 Yaş Tulum - Pudra,399.00
Civil Girls Cepli 6-9 Yaş Slopet - Mavi,699.00
Civil Girls Müslin Fırfırlı 4-5 Yaş Tulum - Lila,399.00
Civil Girls Askılı 10-13 Yaş Tulum - Mavi,399.00
Civil Girls Ayıcıklı 10-13 Yaş Slopet - Mavi,799.00
Civil Girls Mobil Ayıcıklı Pantolon Slopet 6-9 Yaş Slopet - Bej,799.00
Civil Girls Cepli 6-9 Yaş Slopet - Mavi,799.00
Civil Girls Cep Düğmeli 6-9 Yaş Tulum - Siyah,399.00
Civil Girls Cep Kapaklı 10-13 Yaş Tulum - Lila,299.00
Civil Girls Kolu Fırfırlı 10-13 Yaş Tulum - Pembe,399.00
Civil Girls Müslin Fırfırlı 10-13 Yaş Tulum - Pudra,199.99
Civil Girls Ayıcıklı 2-5 Yaş Slopet - Mavi,799.00
Civil Girls Ayıcıklı 6-9 Yaş Slopet - Mavi,799.00
Civil Girls Cep Düğmeli 10-13 Yaş Tulum - Yeşil,399.00
Civil Girls Çiçek Baskılı 10-13 Yaş Tulum - Bej,299.00
Civil Girls Boyuna Çizgili 10-13 Yaş Tulum - Sarı,499.00
Civil Girls Şifon 10-13 Yaş Tulum - Yeşil,299.00
Civil Girls Mobil Ayıcıklı Pantolon Slopet 10-13 Yaş Slopet - Pembe,799.00
Civil Girls Cep Kapaklı 10-13 Yaş Tulum - Haki,299.00
Civil Unisex Noktalı Yıldız Empirme 6-9 Yaş Uyku Tulumu - Kırmızı,999.00
Civil Girls Prenses Tavşan Empirme 30 Gr 2-5 Yaş Uyku Tulumu - Pudra,599.00
Civil Girls Unicorn And Sky Empirme 90 Gr 2-5 Yaş Uyku Tulumu - Pudra,399.00
Civil Girls Ay Yıldız Empirme 30 Gr 6-9 Yaş Uyku Tulumu - Fil Dişi,499.00
Civil Girls Big Daisy Empirme 2-5 Yaş Uyku Tulumu - Bej,499.00
Civil Girls Big Daisy Empirme 6-9 Yaş Uyku Tulumu - Bej,499.00
Civil Baby Ayıcık Baskılı 12-24 Ay Uyku Tulumu - Bej,499.00
Civil Girls Unicorn And Sky Empirme 90 Gr 6-9 Yaş Uyku Tulumu - Pudra,499.00
Civil Girls Unicorn 30 Gr 6-9 Yaş Uyku Tulumu - Pembe,299.00
Civil Girls Floral Empirme 90 Gr 2-5 Yaş Uyku Tulumu - Lila,399.00
Civil Girls Yıldızlı Kedi 60 Gr 2-5 Yaş Uyku Tulumu - Yeşil,349.00
Civil Girls Stay Cool 90 Gr 6-9 Yaş Uyku Tulumu - Pembe,349.00
Civil Girls Unicorn Ve Uyku Empirme 90 Gr 6-9 Yaş Uyku Tulumu - Mavi,699.00
Civil Girls Floral Empirme 90 Gr 2-5 Yaş Uyku Tulumu - Pembe,399.00
Civil Girls Kuğu Puan Empirme 60 Gr 2-5 Yaş Uyku Tulumu - Lila,499.00
Civil Girls Yıldızlı Kedi 60 Gr 2-5 Yaş Uyku Tulumu - Pudra,349.00
Civil Girls Renkli Kalpler Empirme 60 Gr 2-5 Yaş Uyku Tulumu - Bej,699.00
Civil Girls Unicorn Ve Uyku Empirme 90 Gr 2-5 Yaş Uyku Tulumu - Mavi,599.00
Civil Uniseks Noktalı Yıldız Empirme 2-5 Yaş Uyku Tulumu - Kırmızı,599.00
Civil Girls Kuzu 90 Gr 2-5 Yaş Uyku Tulumu - Kırmızı,299.99
Civil Girls Papatyalar Empirme 30 Gr 6-9 Yaş Uyku Tulumu - Mavi,699.00
Civil Girls Ay Yıldız Empirme 30 Gr 2-5 Yaş Uyku Tulumu - Fil Dişi,399.00
Civil Girls Çiçekler Empirme 60 Gr 2-5 Yaş Uyku Tulumu - Lila,699.00
Civil Girls Unicorn 30 Gr 2-5 Yaş Uyku Tulumu - Pembe,229.99
Civil Girls Floral Empirme 90 Gr 6-9 Yaş Uyku Tulumu - Pembe,499.00
Civil Girls Kalp Empirme Düz 3-5 Yaş Uyku Tulumu - Kırmızı,499.00
Civil Girls Kalp Empirme Ribanalı 6-9 Yaş Uyku Tulumu - Kırmızı,499.00
Civil Girls Love You Forever Baskılı 6-9 Yaş Sweatshirt - Lacivert,299.00
Civil Girls Çizgili 2-5 Yaş Sweatshirt - Yeşil,399.00
Civil Girls Çizgili 6-9 Yaş Sweatshirt - Pembe,399.00
Civil Girls Coming Baskılı 10-13 Yaş Sweatshirt - Ekru,399.00
Kuromi 2-5 Yaş Sweatshirt - Lila,299.00
Civil Girls Paris Baskılı 2-5 Yaş Sweatshirt - Mavi,249.99
Civil Girls Serpme Taş Baskılı 2-5 Yaş Sweatshirt - Gri,249.99
Civil Girls Original Nakışlı 6-9 Yaş Sweatshirt - Bej,199.99
Civil Girls Basic 6-9 Yaş Sweatshirt - Pembe,129.99
Civil Girls Good Vibes Only Baskılı 6-9 Yaş Sweatshirt - Gri,199.99
Civil Girls Raporlu 6-9 Yaş Sweatshirt - Pembe,229.99
Civil Girls Tül Fırfırlı 6-9 Yaş Sweatshirt - Ekru,349.00
Civil Girls Sunday Baskılı 2'li 5-13 Yaş Sweatshirt,399.00
Civil Girls Boğazlı 10-13 Yaş Sweatshirt - Ekru,299.00
Civil Girls Basic 10-13 Yaş Sweatshirt - Siyah,399.00
Civil Girls Boğazlı 2-5 Yaş Sweatshirt - Ekru,299.00
Civil Girls Omuzu Çiçek Nakışlı 2-5 Yaş Sweatshirt - Mavi,299.00
Looney Tunes 6-9 Yaş Sweatshirt - Siyah,449.00
Civil Girls Boğazlı 2-5 Yaş Sweatshirt - Lila,199.99
Civil Girls Basic 2-5 Yaş Sweatshirt - Pembe,129.99
Civil Girls Çıtır Çiçek Baskılıü 2-5 Yaş Sweatshirt - Pembe,199.99
Civil Girls Çiçek Baskılı 6-9 Yaş Sweatshirt - Lila,129.99
Civil Girls New York Baskılı 10-13 Yaş Sweatshirt - Gri,129.99
Civil Girls NewYork Baskılı 2-5 Yaş Sweatshirt - Pembe,299.00
Civil Girls Basic 6-9 Yaş Sweatshirt - Pembe,129.99
Civil Girls Yakalı 2-5 Yaş Sweatshirt - Mavi,199.99
Civil Girls More Good Vibes Baskılı 10-13 Yaş Sweatshirt - Pudra,399.00
Civil Girls Yıldız Baskılı 10-13 Yaş Sweatshirt - Ekru,399.00
Civil Girls Selfie Baskılı 2-5 Yaş Sweatshirt - Pembe,129.99
Civil Girls Basic 2-5 Yaş Sweatshirt - Lila,299.00
Civil Girls Kediler Baskılı 2-5 Yaş Sweatshirt - Pembe,199.99
Civil Girls İnce Çizgili 10-13 Yaş Sweatshirt - Bordo,399.00
Civil Girls Basic 2-5 Yaş Sweatshirt - Mavi,299.00
Civil Girls Freedom Blou Baskılı 6-9 Yaş Sweatshirt - Siyah,149.99
Civil Girls POSSITIVE Baskılı 2-5 Yaş Sweatshirt - Pembe,229.99
Civil Girls Mobil Papatya 2-5 Yaş Sweatshirt - Beyaz,149.99
Civil Girls Omuz Fırfırlı 6-9 Yaş Sweatshirt - Kırmızı,299.00
Civil Girls Raporlu 6-9 Yaş Sweatshirt - Mavi,229.99
Civil Girls Pullu Baykuş Baskılı 2-5 Yaş Sweatshirt - Pudra,169.99
Civil Girls Yıldız Baskılı 6-9 Yaş Sweatshirt - Ekru,399.00
Civil Girls Püsküllü 2-5 Yaş Sweatshirt - Kahve,199.99
Civil Girls Kolu Fırfırlı 2-5 Yaş Sweatshirt - Ekru,299.00
Civil Girls Basic 6-9 Yaş Sweatshirt - Pembe,129.99
Tom And Jerry 6-9 Yaş Sweatshirt - Ekru,399.00
Civil Girls Unıversity Baskılı 10-13 Yaş Sweatshirt - Mavi,399.00
Civil Girls Hollywood Baskılı 10-13 Yaş Sweatshirt - Ekru,299.00
Civil Girls Basic 2-5 Yaş Sweatshirt - Pembe,129.99
Civil Girls Bunny Baskılı 2-5 Yaş Sweatshirt - Beyaz,129.99
Civil Girls Cepli 6-9 Yaş Sweatshirt - Siyah,199.99
Kuromi 10-13 Yaş Sweatshirt - Ekru,299.00
Civil Girls Good Baskılı 2-5 Yaş Sweatshirt - Ekru,249.99
Civil Girls Kelebek Baskılı 6-9 Yaş Sweatshirt - Mavi,199.99
Civil Girls Paris Baskılı 10-13 Yaş Sweatshirt - Ekru,399.00
Civil Girls Pullu Baykuş Baskılı 6-9 Yaş Sweatshirt - Pudra,199.99
Civil Girls Wonderful Life Baskılı 2-5 Yaş Sweatshirt - Ekru,199.99
Civil Girls Kalpli Unicorn Baskılı 2-5 Yaş Sweatshirt - Pembe,249.99
Civil Girls Unicorn Baskılı 2-5 Yaş Sweatshirt - Lila,199.99
Civil Girls Unicorn Nakışlı 2-5 Yaş Sweatshirt - Fil Dişi,249.99
Civil Girls Believe Nakışlı 10-13 Yaş Sweatshirt - Gri,499.00
Civil Girls Sweet Dreams Baskılı 2-5 Yaş Sweatshirt - Beyaz,129.99
Civil Girls FABULOUS BASKILI 2-5 Yaş Sweatshirt - Ekru,299.00
Civil Girls Boğazlı 6-9 Yaş Sweatshirt - Pudra,199.99
Civil Girls Beautiful Baskılı 6-9 Yaş Sweatshirt - Beyaz,169.99
Civil Girls Kurdela Baskılı 2-5 Yaş Sweatshirt - Mavi,199.99
Civil Girls Papatya Nakışlı 2-5 Yaş Sweatshirt - Bej,249.99
Civil Girls Kapisonlu 10-13 Yaş Sweatshirt - Gri,399.00
Civil Girls Coming Baskılı 10-13 Yaş Sweatshirt - Siyah,399.00
Civil Girls Rainbow Baskılı 2-5 Yaş Sweatshirt - Pembe,199.99
Civil Girls 2-5 Yaş Sweatshirt - Siyah,169.99
Civil Girls Lale Baskılı 2-5 Yaş Sweatshirt - Bej,249.99
Civil Girls Growing Baskılı 2'li 5-13 Yaş Sweatshirt,399.00
Civil Girls Keep Growing Baskılı 6-9 Yaş Sweatshirt - Ekru,299.00
Civil Girls Bright Baskılı 10-13 Yaş Sweatshirt - Gri,249.99
Kuromi 2-5 Yaş Sweatshirt - Siyah,249.99
Civil Girls Beautiful Baskılı 2-5 Yaş Sweatshirt - Beyaz,149.99
Hello Kitty 10-13 Yaş Sweatshirt - Siyah,159.99
Civil Girls Düz 6-9 Yaş Sweatshirt - Siyah,199.99
Civil Girls Yıldız Baskılı 2-5 Yaş Sweatshirt - Ekru,299.00
Civil Girls Raporlu 2-5 Yaş Sweatshirt - Pembe,199.99
Civil Girls Düz 2-5 Yaş Sweatshirt - Siyah,199.99
Civil Girls FABULOUS BASKILI 2-5 Yaş Sweatshirt - Siyah,299.00
Civil Girls Yıldız Baskılı 6-9 Yaş Sweatshirt - Pembe,129.99
Civil Girls Love Nakışlı 2-5 Yaş Sweatshirt - Pembe,199.99
Civil Girls Cepli 10-13 Yaş Sweatshirt - Siyah,199.99
Civil Girls Kız Çocuk Düz 2-5 Yaş Sweatshirt - Ekru,199.99
Civil Girls Omuzu Çiçek Nakışlı 6-9 Yaş Sweatshirt - Pembe,349.00
Civil Girls Çıtır Çiçek Desenli 10-13 Yaş Sweatshirt - Haki,299.00
Civil Girls Kız Çocuk Düz 2-5 Yaş Sweatshirt - Lila,199.99
Civil Girls Fiyonk Baskılı 2'li Set 6-9 Yaş Sweatshirt,599.00
Civil Girls Papatya Nakışlı 2-5 Yaş Sweatshirt - Pembe,249.99
Hello Kitty 10-13 Yaş Sweatshirt - Ekru,159.99
Civil Girls Yıldız Baskılı 2-5 Yaş Sweatshirt - Pudra,299.00
Tom and Jerry 10-13 Yaş Sweatshirt - Ekru,199.99
Civil Girls Be Happy Baskılı 6-9 Yaş Sweatshirt - Lacivert,269.00
Civil Girls Paris Baskılı 10-13 Yaş Sweatshirt - Bordo,299.00
Civil Girls Basic 2-5 Yaş Sweatshirt - Kırmızı,129.99
Civil Girls Pullu Baykuş Baskılı 2-5 Yaş Sweatshirt - Ekru,169.99
Civil Girls Kelebek Baskılı 2-5 Yaş Sweatshirt - Lacivert,249.99
Civil Girls Püsküllü 10-13 Yaş Sweatshirt - Kahve,299.00
Civil Girls Leopar 6-9 Yaş Sweatshirt - Beyaz,299.00
Civil Girls Basic 10-13 Yaş Sweatshirt - Kırmızı,129.99
Civil Girls Basic 2-5 Yaş Sweatshirt - Beyaz,129.99
Civil Girls College Baskılı 10-13 Yaş Sweatshirt - Pudra,129.99
Civil Girls Active Baskılı 10-13 Yaş Sweatshirt - Gri,349.00
Civil Girls Çizgili 2-5 Yaş Sweatshirt - Pembe,399.00
Civil Girls Basic 6-9 Yaş Sweatshirt - Gri,129.99
Civil Girls Fırfırlı 2-5 Yaş Sweatshirt - Pembe,249.99
Civil Girls Good Energy Clup Baskılı 2-5 Yaş Sweatshirt - Ekru,129.99
Civil Girls Los Angeles Baskılı 6-9 Yaş Sweatshirt - Gri,199.99
Civil Girls Beautiful Baskılı 6-9 Yaş Sweatshirt - Gri,599.00
Civil Girls Leopar Baskılı 2-5 Yaş Sweatshirt - Gri,249.99
Civil Girls Active Mode Baskılı 6-9 Yaş Sweatshirt - Kırık Beyaz,229.99
Civil Girls Renkli Kelebek Baskılı 2-5 Yaş Sweatshirt - Pembe,199.99
Civil Girls Boğazlı 6-9 Yaş Sweatshirt - Siyah,199.99
Civil Girls My Unicorn Baskılı 2-5 Yaş Sweatshirt - Lila,199.99
Civil Girls Anime Baskılı 2-5 Yaş Sweatshirt - Ekru,199.99
Civil Girls POSSITIVE Baskılı 2-5 Yaş Sweatshirt - Bordo,229.99
Civil Girls Renkli Çiçek Baskılı 6-9 Yaş Sweatshirt - Mavi,499.00
Civil Girls California Baskılı 10-13 Yaş Sweatshirt - Ekru,199.99
Civil Girls Tavşan Nakışlı 2-5 Yaş Sweatshirt - Pudra,299.00
Civil Girls Omuz Fırfırlı 6-9 Yaş Sweatshirt - Fil Dişi,299.00
Civil Girls College Baskılı 10-13 Yaş Sweatshirt - Ekru,299.00
Civil Girls Basic 2-5 Yaş Sweatshirt - Lila,129.99
Civil Girls Paris Baskılı 2-5 Yaş Sweatshirt - Pembe,249.99
Civil Girls Flower Baskılı 6-9 Yaş Sweatshirt - Ekru,249.99
Civil Girls Leopar 2-5 Yaş Sweatshirt - Beyaz,249.99
Civil Girls Kedi Baskılı 2-5 Yaş Sweatshirt - Ekru,199.99
Civil Girls File Atletli 2-5 Yaş Sweatshirt - Yeşil,349.00
Civil Girls Fırfırlı 6-9 Yaş Sweatshirt - Gri,299.00
Civil Girls Basic 6-9 Yaş Sweatshirt - Ekru,349.00
Civil Girls Fiyonklu 2-5 Yaş Sweatshirt - Siyah,249.99
Civil Girls Pullu Fiyonklu 2-5 Yaş Sweatshirt - Gri,199.99
Civil Girls Basic 6-9 Yaş Sweatshirt - Haki,129.99
Civil Girls Düz 6-9 Yaş Sweatshirt - Gri,199.99
Civil Girls New York Campion Baskılı 10-13 Yaş Sweatshirt - Gri,299.00
Civil Girls Love You Forever Baskılı 6-9 Yaş Sweatshirt - Gri,299.00
Civil Girls Leopar Baskılı 2-5 Yaş Sweatshirt - Pembe,129.99
Civil Girls Basic 10-13 Yaş Sweatshirt - Bej,129.99
Civil Girls 10-13 Yaş Sweatshirt - Siyah,269.00
Civil Girls Kalp Baskılı 6-9 Yaş Sweatshirt - Siyah,129.99
Civil Girls Parti Night Baskılı 2-5 Yaş Sweatshirt - Siyah,129.99
Civil Girls Omuz Fırfırlı 6-9 Yaş Sweatshirt - Haki,299.00
Civil Girls New York Baskılı 2'li Set 6-9 Yaş Sweatshirt,599.00
Civil Girls Kediler Baskılı 2-5 Yaş Sweatshirt - Ekru,199.99
Civil Girls Leopar Baskılı 2-5 Yaş Sweatshirt - Ekru,129.99
Civil Girls Unicorn Baskılı 2-5 Yaş Sweatshirt - Mavi,199.99
Civil Girls Renkli Çiçek 2-5 Yaş Sweatshirt - Lila,199.99
Civil Girls Basic 2-5 Yaş Sweatshirt - Siyah,299.00
Civil Girls Good Vibes Only Baskılı 2-5 Yaş Sweatshirt - Lila,199.99
Hello Kitty Sanrio Hello Kitty 2-5 Yaş Sweatshirt - Ekru,139.99
Civil Girls Papatya Nakışlı 6-9 Yaş Sweatshirt - Bej,299.00
Civil Girls Basic 10-13 Yaş Sweatshirt - Beyaz,129.99
Civil Girls Yıldız Baskılı 6-9 Yaş Sweatshirt - Beyaz,129.99
Civil Girls Basic 2-5 Yaş Sweatshirt - Pembe,299.00
Civil Girls Never Stop Baskılı 2-5 Yaş Sweatshirt - Siyah,149.99
Civil Girls Çıtır Çiçek Baskılıü 2-5 Yaş Sweatshirt - Bej,199.99
Civil Girls Basic 2-5 Yaş Sweatshirt - Ekru,129.99
Civil Girls Wonderful Life Baskılı 2-5 Yaş Sweatshirt - Gri,199.99
Civil Girls Better Together Baskılı 2-5 Yaş Sweatshirt - Ekru,129.99
Civil Girls Pullu Fiyonklu 2-5 Yaş Sweatshirt - Ekru,199.99
Civil Girls NewYork Baskılı 2-5 Yaş Sweatshirt - Ekru,299.00
Civil Girls Kelebek Baskılı 2-5 Yaş Sweatshirt - Mavi,129.99
Civil Girls Fırfırlı 6-9 Yaş Sweatshirt - Pembe,299.00
Civil Girls Basic 2-5 Yaş Sweatshirt - Pembe,129.99
Civil Girls Kelebek Baskılı 2-5 Yaş Sweatshirt - Bej,169.99
Civil Girls Basic 2-5 Yaş Sweatshirt - Siyah,299.00
Civil Girls Basic 6-9 Yaş Sweatshirt - Lila,129.99
Civil Girls 6-9 Yaş Sweatshirt - Pembe,219.99
Civil Girls Unicorn Baskılı 2-5 Yaş Sweatshirt - Pembe,149.99
Civil Girls Düz 2-5 Yaş Sweatshirt - Pembe,199.99
Civil Girls You Look Good Baskılı 10-13 Yaş Sweatshirt - Pudra,399.00
Civil Girls Cepli 10-13 Yaş Sweatshirt - Turuncu,199.99
Civil Girls Yıldız Baskılı 6-9 Yaş Sweatshirt - Ekru,299.00
Civil Girls Renkli Papatya Baskılı 2-5 Yaş Sweatshirt - Pembe,249.99
Civil Girls Best Vibes Nakışlı 2-5 Yaş Sweatshirt - Lacivert,199.99
Civil Girls Kelebek Baskılı 2-5 Yaş Sweatshirt - Pembe,129.99
Kuromi 6-9 Yaş Sweatshirt - Ekru,449.00
Civil Girls Anime Baskılı 6-9 Yaş Sweatshirt - Lila,129.99
Civil Girls Cool Vibes Baskılı 10-13 Yaş Sweatshirt - Bordo,399.00
Civil Girls Taşlı Yıldız Nakışlı 10-13 Yaş Sweatshirt - Siyah,299.00
Civil Girls Unicorn Nakışlı 2-5 Yaş Sweatshirt - Siyah,249.99
Civil Girls Raporlu 2-5 Yaş Sweatshirt - Mavi,199.99
Civil Girls Kapşonlu 6-9 Yaş Sweatshirt - Lila,299.00
Civil Girls Çıtır Çiçek Desenli 10-13 Yaş Sweatshirt - Bordo,299.00
Civil Girls Fırfırlı 2-5 Yaş Sweatshirt - Gri,249.99
Civil Girls Basic Lakos 6-9 Yaş Badi - Gri,199.99
Civil Girls Kelebek Nakışlı 2-5 Yaş Sweatshirt - Fil Dişi,299.00
Civil Girls Leopar Baskılı 2-5 Yaş Sweatshirt - Ekru,249.99
Civil Girls Kız Çocuk Düz 10-13 Yaş Sweatshirt - Siyah,299.00
Civil Girls You Beautiful Baskılı 10-13 Yaş Sweatshirt - Siyah,129.99
Civil Girls Unicorn Baskılı 2-5 Yaş Sweatshirt - Pembe,129.99
Civil Girls Omuzu Çiçek Nakışlı 6-9 Yaş Sweatshirt - Mavi,349.00
Civil Girls Basic 2-5 Yaş Sweatshirt - Ekru,299.00
Civil Girls Basic 2-5 Yaş Sweatshirt - Beyaz,299.00
Civil Girls Renkli Unicorn Empirme 2-5 Yaş Sweatshirt - Ekru,199.99
Civil Girls STAR Baskılı 6-9 Yaş Sweatshirt - Pembe,249.99
Civil Girls Good Energy Clup Baskılı 2-5 Yaş Sweatshirt - Lila,129.99
Civil Girls Pullu Baykuş Baskılı 10-13 Yaş Sweatshirt - Pudra,199.99
Civil Girls Good Baskılı 6-9 Yaş Sweatshirt - Ekru,269.00
Civil Girls 2-5 Yaş Sweatshirt - Pembe,169.99
Civil Girls Renkli Kalp Baskılı 2-5 Yaş Sweatshirt - Lacivert,199.99
Tom and Jerry 6-9 Yaş Sweatshirt - Ekru,199.99
Civil Girls Yıldız Baskılı 6-9 Yaş Sweatshirt - Siyah,399.00
Civil Girls STAR Baskılı 6-9 Yaş Sweatshirt - Gri,249.99
Civil Girls Papatya Nakışlı 6-9 Yaş Sweatshirt - Pembe,299.00
Civil Girls Püsküllü 6-9 Yaş Sweatshirt - Kahve,249.99
Civil Girls Brodeli 2-5 Yaş Sweatshirt - Gri,299.00
Civil Girls Düz 6-9 Yaş Sweatshirt - Ekru,199.99
Civil Girls İnce Çizgili 10-13 Yaş Sweatshirt - Haki,399.00
Civil Girls Basic 10-13 Yaş Sweatshirt - Pembe,129.99
Civil Girls Kelebek Nakışlı 6-9 Yaş Sweatshirt - Pembe,349.00
Civil Girls SPARKLING Baskılı 2-5 Yaş Sweatshirt - Mavi,249.99
Civil Girls Renkli Kalp Baskılı 2-5 Yaş Sweatshirt - Pembe,199.99
Civil Girls Çizgili 6-9 Yaş Sweatshirt - Yeşil,399.00
Civil Girls Best Vibes Nakışlı 6-9 Yaş Sweatshirt - Lacivert,249.99
Civil Girls Omuz Fırfırlı 2-5 Yaş Sweatshirt - Fil Dişi,249.99
Civil Girls Freedom Blou Baskılı 6-9 Yaş Sweatshirt - Lacivert,149.99
Civil Girls Renkli Kelebek Baskılı 2-5 Yaş Sweatshirt - Siyah,199.99
Civil Girls Yakalı 2-5 Yaş Sweatshirt - Fil Dişi,249.99
Civil Girls Pullu Kalp Nakışlı 2-5 Yaş Sweatshirt - Gri,299.00
Civil Girls Kalın Çizgili 10-13 Yaş Sweatshirt - Ekru,299.00
Civil Girls Boğazlı 6-9 Yaş Sweatshirt - Ekru,299.00
Civil Girls Paris Baskılı 10-13 Yaş Sweatshirt - Ekru,129.99
Civil Girls Renkli Papatya Baskılı 2-5 Yaş Sweatshirt - Ekru,249.99
Civil Girls Stay Cool Mood Baskılı 10-13 Yaş Sweatshirt - Ekru,249.99
Civil Girls Basic 6-9 Yaş Sweatshirt - Lila,349.00
Civil Girls Be Happy Baskılı 2-5 Yaş Sweatshirt - Lacivert,249.99
Civil Girls V Yaka 10-13 Yaş Sweatshirt - Gri,199.99
Civil Girls London Rebel Nakışlı 10-13 Yaş Sweatshirt - Mavi,399.00
Civil Girls Unicorn Baskılı 2-5 Yaş Sweatshirt - Lila,129.99
Harry Potter 10-13 Yaş Sweatshirt - Pembe,499.00
Civil Girls Yıldız Baskılı 6-9 Yaş Sweatshirt - Pudra,299.00
Civil Girls Basic 2-5 Yaş Sweatshirt - Siyah,129.99
Scooby Doo 6-9 Yaş Sweatshirt - Lila,299.00
Civil Girls Kedi Baskılı 3'lü Set 2-5 Yaş Sweatshirt,599.00
Civil Girls Basic 2-5 Yaş Sweatshirt - Sarı,299.00
Civil Girls Unicorn Baskılı 2'li 5-13 Yaş Sweatshirt,399.00
Civil Girls Kalpli Unicorn Baskılı 2-5 Yaş Sweatshirt - Lila,249.99
Civil Girls Anime Baskılı 6-9 Yaş Sweatshirt - Gri,129.99
Civil Girls Yıldız Nakışlı 10-13 Yaş Sweatshirt - Mavi,299.00
Civil Girls Basic 2-5 Yaş Sweatshirt - Bordo,299.00
Civil Girls Los Angeles Baskılı 10-13 Yaş Sweatshirt - Lacivert,249.99
Civil Girls Kelebek Baskılı 6-9 Yaş Sweatshirt - Bej,199.99
Civil Girls Basic 6-9 Yaş Sweatshirt - Pembe,129.99
Civil Girls Basic 10-13 Yaş Sweatshirt - Ekru,129.99
Civil Girls 6-9 Yaş Sweatshirt - Siyah,219.99
Civil Girls Kurdela Baskılı 2-5 Yaş Sweatshirt - Bej,129.99
Civil Girls Keep Growing Baskılı 2-5 Yaş Sweatshirt - Ekru,199.99
Hello Kitty 6-9 Yaş Sweatshirt - Ekru,299.00
Civil Girls Roba Fırfırlı 10-13 Yaş Sweatshirt - Mavi,399.00
Civil Girls Tül Fırfırlı 2-5 Yaş Sweatshirt - Ekru,299.00
Civil Girls Çiçek Baskılı 3'lü Set 2-5 Yaş Sweatshirt,599.00
Civil Girls Omuz Fırfırlı 10-13 Yaş Sweatshirt - Ekru,299.00
Looney Tunes 2-5 Yaş Sweatshirt - Siyah,399.00
Civil Girls Los Angeles Baskılı 6-9 Yaş Sweatshirt - Lacivert,199.99
Civil Girls CALIFIRNIA Baskılı 6-9 Yaş Sweatshirt - Gri,349.00
Civil Girls Beautiful Baskılı 2-5 Yaş Sweatshirt - Ekru,129.99
Civil Girls Kız Çocuk Düz 10-13 Yaş Sweatshirt - Bordo,299.00
Civil Girls Püsküllü 6-9 Yaş Sweatshirt - Bej,249.99
Civil Girls Serpme Taş Baskılı 2-5 Yaş Sweatshirt - Pudra,249.99
Civil Girls Parti Night Baskılı 2-5 Yaş Sweatshirt - Ekru,129.99
Civil Girls Kelebek Nakışlı 2-5 Yaş Sweatshirt - Pembe,299.00
Civil Girls SPARKLING Baskılı 2-5 Yaş Sweatshirt - Pudra,249.99
Civil Girls Basic 6-9 Yaş Sweatshirt - Sarı,349.00
Civil Girls Lovely Baskılı 2-5 Yaş Sweatshirt - Yeşil,249.99
Harry Potter 6-9 Yaş Sweatshirt - Beyaz,199.99
Civil Girls Kelebek Baskılı 3'lü Set 2-5 Yaş Sweatshirt,749.00
Civil Girls Basic 6-9 Yaş Sweatshirt - Siyah,349.00
Civil Girls Taşlı 6-9 Yaş Tişört - Kırık Beyaz,499.00
Civil Girls Unicorn Power Baskılı 2-5 Yaş Sweatshirt - Ekru,249.99
Civil Girls Yıldız Baskılı 10-13 Yaş Sweatshirt - Siyah,399.00
Civil Girls Basic 10-13 Yaş Sweatshirt - Ekru,129.99
Civil Girls Be Happy Baskılı 6-9 Yaş Sweatshirt - Lacivert,169.99
Civil Girls Los Angeles Baskılı 10-13 Yaş Sweatshirt - Gri,249.99
Harry Potter 6-9 Yaş Sweatshirt - Siyah,199.99
Civil Girls Tül Fırfırlı 6-9 Yaş Sweatshirt - Siyah,349.00
Civil Girls Kelebek Baskılı 2-5 Yaş Sweatshirt - Mavi,169.99
Civil Girls Taşlı 6-9 Yaş Tişört - Siyah,499.00
Civil Girls Beautiful Baskılı 10-13 Yaş Sweatshirt - Gri,699.00
Civil Girls Düz 6-9 Yaş Sweatshirt - Siyah,199.99
Civil Girls Active Mode Baskılı 10-13 Yaş Sweatshirt - Kırık Beyaz,269.00
Civil Girls Yıldızlar Nakışlı 10-13 Yaş Sweatshirt - Ekru,399.00
Civil Girls Original Nakışlı 10-13 Yaş Sweatshirt - Bej,199.99
Civil Girls Kelebek Baskılı 2-5 Yaş Sweatshirt - Fil Dişi,249.99
Hello Kitty 10-13 Yaş Sweatshirt - Siyah,159.99
Civil Girls Active Mode Baskılı 2-5 Yaş Sweatshirt - Beyaz,199.99
Civil Girls Çizgili 6-9 Yaş Sweatshirt - Mavi,249.99
Civil Girls Brodeli 6-9 Yaş Sweatshirt - Gri,349.00
Civil Girls College Baskılı 10-13 Yaş Sweatshirt - Ekru,129.99
Civil Girls Rainbow Baskılı 2-5 Yaş Sweatshirt - Ekru,199.99
Civil Girls Basic 6-9 Yaş Sweatshirt - Kırmızı,129.99
Civil Girls Lovely Baskılı 2-5 Yaş Sweatshirt - Sarı,249.99
Civil Girls Kız Çocuk Düz 10-13 Yaş Sweatshirt - Gri,299.00
Civil Girls Pullu Baykuş Baskılı 10-13 Yaş Sweatshirt - Ekru,199.99
Civil Girls Wonderful Baskılı 10-13 Yaş Sweatshirt - Bordo,129.99
Civil Girls Düz 6-9 Yaş Sweatshirt - Pembe,199.99
Civil Girls Pullu Baykuş Baskılı 6-9 Yaş Sweatshirt - Ekru,199.99
Civil Girls Tavşan Nakışlı 2-5 Yaş Sweatshirt - Ekru,299.00
Civil Girls Fiyonk Baskılı 2'li Set 2-5 Yaş Sweatshirt,499.00
Civil Girls Good Vibes Only Baskılı 6-9 Yaş Sweatshirt - Siyah,129.99
Civil Girls Roba Fırfırlı 10-13 Yaş Sweatshirt - Bordo,399.00
Civil Girls Çiçek Baskılı 2-5 Yaş Sweatshirt - Ekru,299.00
Civil Girls Büyük Çiçek Baskılı 2-5 Yaş Sweatshirt - Ekru,249.99
Civil Girls Basic 10-13 Yaş Sweatshirt - Ekru,399.00
Kuromi 6-9 Yaş Sweatshirt - Siyah,299.00
Civil Girls POSSITIVE Baskılı 6-9 Yaş Sweatshirt - Bordo,299.00
Civil Girls Lovely Baskılı 2-5 Yaş Sweatshirt - Pudra,249.99
Civil Girls Sandiego Baskılı 6-9 Yaş Sweatshirt - Siyah,199.99
Civil Girls Love is Love Baskılı 2-5 Yaş Sweatshirt - Pembe,129.99
Civil Girls Selfie Baskılı 2-5 Yaş Sweatshirt - Ekru,129.99
Civil Girls Boğazlı 10-13 Yaş Sweatshirt - Ekru,199.99
Civil Girls Beautiful Baskılı 2-5 Yaş Sweatshirt - Gri,499.00
Civil Girls Kelebek Nakışlı 6-9 Yaş Sweatshirt - Fil Dişi,349.00
Civil Girls Beautiful Baskılı 10-13 Yaş Sweatshirt - Beyaz,199.99
Civil Girls Tavşan Baskılı 3'lü Set 2-5 Yaş Sweatshirt,799.00
Civil Girls Flower Baskılı 10-13 Yaş Sweatshirt - Ekru,299.00
Civil Girls Basic 6-9 Yaş Sweatshirt - Mavi,349.00
Civil Girls Basic 6-9 Yaş Sweatshirt - Siyah,129.99
Civil Girls Püsküllü 2-5 Yaş Sweatshirt - Bej,199.99
Civil Girls Çizgili 2-5 Yaş Sweatshirt - Mavi,249.99
Civil Girls Basic 2-5 Yaş Sweatshirt - Pembe,129.99
Civil Girls Omuz Fırfırlı 2-5 Yaş Sweatshirt - Kırmızı,249.99
Civil Girls Düz 6-9 Yaş Sweatshirt - Bordo,199.99
Civil Girls Püsküllü 10-13 Yaş Sweatshirt - Bej,299.00
Harry Potter 6-9 Yaş Sweatshirt - Pembe,399.00
Civil Girls Good Vibes Only Baskılı 6-9 Yaş Sweatshirt - Pembe,129.99
Civil Girls Sorry Baskılı 10-13 Yaş Sweatshirt - Ekru,129.99
Civil Girls Çizgili 2-5 Yaş Sweatshirt - Pembe,249.99
Civil Girls Lest Grow Together Baskılı 2-5 Yaş Sweatshirt - Turuncu,149.99
Civil Girls Be Yourself Baskılı 10-13 Yaş Sweatshirt - Bordo,249.99
Civil Girls Brooklyn Baskılı 10-13 Yaş Sweatshirt - Ekru,399.00
Civil Girls Unicorn Baskılı 2-5 Yaş Sweatshirt - Pembe,199.99
Civil Girls Omuzu Çiçek Nakışlı 2-5 Yaş Sweatshirt - Pembe,299.00
Civil Girls Çiçek Baskılı 6-9 Yaş Sweatshirt - Gri,299.00
Civil Girls Düz 2-5 Yaş Sweatshirt - Ekru,199.99
Civil Girls Boğazlı 6-9 Yaş Sweatshirt - Lila,199.99
Civil Girls Kanguru Cepli 10-13 Yaş Sweatshirt - Yeşil,249.99
Civil Girls Kurdela Baskılı 2-5 Yaş Sweatshirt - Ekru,199.99
Civil Girls Choose Happiness Baskılı 6-9 Yaş Sweatshirt - Fil Dişi,129.99
Civil Girls Basic 6-9 Yaş Sweatshirt - Ekru,129.99
Civil Girls Anime Baskılı 2-5 Yaş Sweatshirt - Fusya,199.99
Civil Girls Leopar 10-13 Yaş Sweatshirt - Beyaz,349.00
Scooby Doo 10-13 Yaş Sweatshirt - Lila,349.00
Hello Kitty 2-5 Yaş Sweatshirt - Lila,449.00
Civil Girls Çiçek Baskılı 6-9 Yaş Sweatshirt - Ekru,299.00
Civil Girls Omuz Fırfırlı 2-5 Yaş Sweatshirt - Haki,249.99
Civil Girls 10-13 Yaş Sweatshirt - Pembe,269.00
Civil Girls Çiçek Baskılı 6-9 Yaş Sweatshirt - Ekru,129.99
Civil Girls Yüzücü 1-13 Yaş Mayo - Siyah,399.00
Civil Girls Kız Çocuk Mayo 2-12 Yaş - Pembe,499.00
Civil Girls Eteği Püsküllü 2-12 Yaş Mayo - Mavi,599.00
Civil Girls Leopar Desen 2-12 Yaş Mayo - Fusya,399.00
Civil Girls Kelebek Desenli 2-12 Yaş Mayo - Pembe,249.99
Civil Girls Papatya Desenli 2-12 Yaş Mayo - Pembe,499.00
Civil Girls Balık Baskılı 2-9 Yaş Mayo - Pudra,199.99
Civil Girls Omuz Fiyonklu 2-12 Yaş Mayo - Yeşil,249.99
Civil Girls Yüzücü 1-13 Yaş Mayo - Lacivert,399.00
Civil Girls Yüzücü 1-13 Yaş Mayo - Kırmızı,399.00
Civil Girls Yüzücü 2-12 Yaş Mayo - Kırmızı,499.00
Civil Girls Kız Çocuk Mayo 2-12 Yaş - Lila,499.00
Civil Girls Kız Çocuk Mayo 2-12 Yaş - Pudra,699.00
Civil Girls Meyve Desenli 2-12 Yaş Mayo - Fusya,249.99
Civil Girls Kız Çocuk Mayo 2-12 Yaş - Yeşil,499.00
Civil Girls Balık Baskılı 2-9 Yaş Mayo - Lila,199.99
Civil Girls Yüzücü 1-13 Yaş Mayo - Siyah,399.00
Civil Girls One Love Baskılı 2-12 Yaş Mayo - Pembe,249.99
Civil Girls Yüzücü 1-13 Yaş Mayo - Kırmızı,399.00
Civil Girls Meyveler Desenli 1-13 Yaş Mayo - Fusya,199.99
Civil Girls Yüzücü Mayo 2-9 Yaş Mayo - Pembe,399.00
Civil Girls Yüzücü Mayo 2-9 Yaş Mayo - Siyah,399.00
Civil Girls Omuz Fırfırlı 2-12 Yaş Mayo - Fusya,399.00
Varol 10-13 Yaş Ceket - Mavi,399.00
Civil Girls Çiçek Nakışlı 10-13 Yaş Ceket - Pembe,799.00
Varol 10-13 Yaş Ceket - Mavi,399.00
Varol 6-9 Yaş Ceket - Mavi,399.00
Civil Girls Düz 2-5 Yaş Ceket - Mavi,499.00
Varol 6-9 Yaş Ceket - Mavi,399.00
Varol 2-5 Yaş Ceket - Mavi,399.00
Civil Girls Çiçek Nakışlı 2-5 Yaş Ceket - Pembe,699.00
Civil Girls Çiçek Nakışlı 6-9 Yaş Ceket - Beyaz,749.00
Varol 6-9 Yaş Ceket - Mavi,399.00
Civil Girls Çiçek Nakışlı 6-9 Yaş Ceket - Pembe,749.00
Varol 6-9 Yaş Ceket - Mavi,399.00
Civil Girls Düz 10-13 Yaş Ceket - Mavi,499.00
Varol 10-13 Yaş Ceket - Mavi,399.00
Varol 10-13 Yaş Ceket - Mavi,399.00
Civil Girls Çiçek Nakışlı 2-5 Yaş Ceket - Beyaz,699.00
Varol 2-5 Yaş Ceket - Mavi,399.00
Civil Girls Kız Çocuk Kapüşonlu Ceket 10-13 Yaş - Mavi,1199.00
Varol 6-9 Yaş Ceket - Mavi,399.00
Civil Girls Düz 6-9 Yaş Ceket - Mavi,499.00
Civil Girls Kız Çocuk Ceket 6-9 Yaş - Mavi,999.00
Civil Girls Çiçek Nakışlı 10-13 Yaş Ceket - Beyaz,799.00
Varol Kız Çocuk Ceket 2-5 Yaş - Mavi,399.00
Civil Girls Kız Çocuk Kapüşonlu Ceket 2-5 Yaş - Mavi,999.00
Varol 6-9 Yaş Ceket - Mavi,399.00
Varol 6-9 Yaş Ceket - Mavi,399.00
Varol 2-5 Yaş Ceket - Mavi,399.00
Donella Bear 2-8 Yaş Atlet - Gri,29.99
Civil Girls Dantel Yaka 2-10 Yaş Kız Çocuk 2'li Atlet,279.00
Donella Sweet 2-8 Yaş Atlet - Pudra,29.99
Donella Sweet 2-8 Yaş Atlet - Ekru,29.99
Civil Girls Jakarlı Kalp 2-10 Yaş 2'li Atlet Set - Beyaz,199.99
Donella Bear 2-8 Yaş Atlet - Gri,29.99
Happy Rog Doll Çocuk Kız Atlet - Mavi,27.99
Civil Girls Summer 2-10 Yaş 2'li Atlet Set,169.99
Tweety Kız Çocuk 2'li Boxer Set 2-10 Yaş - Mavi,99.99
Tweety 2-10 Yaş 2'li Külot Set - Mavi,79.99
Civil Girls Pineapple 2-10 Yaş 2'li Atlet Set,159.99
Civil Girls Mavi-Beyaz 2-10 Yaş Kız Çocuk 2'li Atlet,199.99
Civil Girls Askılı Yaka 2-12 Yaş Kız Atlet - Beyaz,99.99
Civil Girl Wonder Baskı 8-12 Yaş Büstiyer - Beyaz,99.99
Civil Girls Flowers 2-10 Yaş Kız Çocuk 2'li Atlet,249.99
Civil Girls Kız Çocuk 2'li Külot 2-10 Yaş - Ekru,99.99
Civil Girls İp Askılı Basic Dantelli 7-13 Yaş 2'li Büstiyer,149.99
Tweety 2-10 Yaş 2'li Külot Set - Pembe,79.99
Civil Girls Geniş Askılı Süprem 2-12 Yaş 2'li Atlet,149.99
Civil Girls Kız Çocuk 2'li Külot Set 2-10 Yaş - Beyaz,99.99
Civil Girls Kız Çocuk 2'li Külot Set 2-10 Yaş - Pembe,99.99
Civil Girls Puantiye 2-10 Yaş Kız Çocuk 2'li Boxer,219.99
Civil Girl Wonder Baskı 8-12 Yaş Büstiyer - Siyah,99.99
Civil Girls Çiçek 2-10 Yaş 2'li Atlet Set,199.99
Civil Girls Jakarlı Kalp 2-10 Yaş 2'li Boxer Set - Ekru,129.99
Civil Girls Fresh 2-10 Yaş 2'li Külot Set,99.99
Civil Girls Jakarlı Kalp 2-10 Yaş 2'li Atlet Set - Ekru,199.99
Civil Girls Kız Çocuk 2'li Külot Set 2-10 Yaş - Ekru,99.99
Civil Girls 8-14 Yaş Alıştırma Sütyeni - Siyah,79.99
Hello Kitty 2-10 Yaş 2'li Atlet Set,249.99
Civil Girls Kız Çocuk 2'li Külot Set 2-10 Yaş,99.99
Donella Sweet 2-8 Yaş Atlet - Sarı,29.99
Civil Girls Basic İp Askılı Ribana 2-12 Yaş Atlet,99.99
Civil Girls Kız Çocuk Kurdale 2-10 Yaş 2'li Boxer,219.99
Happy Rog Doll Çocuk Kız Atlet - Pudra,27.99
Civil Girls Kalp 2-10 Yaş Kız Çocuk 2'li Külot,169.99
Civil Girls Jakarlı Kalp 2-10 Yaş 2'li Boxer Set - Ekru,129.99
Tweety 2-10 Yaş 2'li Atlet Set - Mavi,99.99
Civil Girls Music 2-10 Yaş Kız Çocuk 2'li Boxer,219.99
Panda Çocuk Kız Atlet - Pudra,27.99
Civil Girls Lila-Beyaz Basic 2-10 Yaş 2'li Atlet St - Beyaz,149.99
Civil Girls Love Cat Biyeli Uzun Paça 2-10 Yaş Boxer - Beyaz,129.99
Civil Girls Kız Çocuk 2'li Külot Set 2-10 Yaş - Ekru,99.99
Civil Girls Jakarlı Kalp 2-10 Yaş 2'li Atlet Set - Ekru,199.99
Domi Kids Puppy 2-8 Yaş Kız Çocuk 2'li Boxer,149.99
Civil Girls Ribana Çizgili 2-10 Yaş 2'li Atlet Set - Ekru,199.99
Civil Girls Kız Çocuk 2'li Külot Set 2-10 Yaş - Beyaz,99.99
Panda Çocuk Kız Atlet - Siyah,27.99
Domi Kids Mocha 2-8 Yaş Kız Çocuk 2'li Atlet,149.99
Civil Girls Mint-Ekru 2-10 Yaş Kız Çocuk 2'li Atlet,199.99
Tweety 2-10 Yaş 2'li Atlet Set - Pembe,99.99
Civil Girls Askılı Dantel Yaka 2-12 Yaş Kız Atlet - Beyaz,129.99
Donella Bear 2-8 Yaş Atlet - Pembe,29.99
Domi Kids Siyah-Beyaz 2-8 Yaş Kız Çocuk 2'li Atlet,229.99
Civil Girls Kız Çocuk 2'li Külot Set 2-10 Yaş - Pembe,99.99
Civil Girls Warrıor 8-14 Yaş Büstiyer - Beyaz,79.99
Benetton 4-13 Yaş Büstiyer - Siyah,79.99
Civil Girls Flower 2-10 Yaş Kız Çocuk 2'li Atlet,229.99
Civil Girls Classic Long 2-10 Yaş Boxer - Beyaz,129.99
Civil Girls Power 8-14 Yaş Büstiyer - Siyah,99.99
Civil Girls Kız Çocuk Kiraz 2-10 Yaş 2'li Boxer,219.99
Civil Girls Kız Çocuk 2'li Külot Set 2-10 Yaş - Ekru,99.99
Civil Girls Kalpli 2-10 Yaş Kız Çocuk 2'li Külot,169.99
Hello Kitty 2-10 Yaş 2'li Boxer Set,229.99
Civil Girls İp Askılı 2-12 Yaş Kız Atlet - Beyaz,99.99
Donella Guitarist 2-10 Yaş 2'li Atlet Set - Pudra,29.99
Civil Girls Ribana Çizgili 2-10 Yaş 2'li Atlet Set - Beyaz,199.99
Civil Girls Geniş Askılı Süprem 2-12 Yaş Atlet,99.99
Civil Girls 8-14 Yaş Alıştırma Sütyeni - Gri,79.99
Tweety 2-8 Yaş Atlet,29.99
Panda Çocuk Kız Atlet - Pembe,27.99
Dantelli Fiyonk Kız Çocuk 2-12 Yaş Külot,19.99
Panda Çocuk Kız Atlet - Gri,27.99
Civil Girls Kız Çocuk Külot 2-10 Yaş - Ekru,99.99
Civil Girls Ribana Çizgili 2-10 Yaş 2'li Boxer Set - Beyaz,129.99
Civil Girls Kız Çocuk Kalp 2-10 Yaş 2'li Atlet,249.99
Donella Sweet 2-8 Yaş Atlet - Yeşil,29.99
Öts Penye Bıyelı 2- 12 Yas Kız Bato Kulot,79.99
Civil Girls Love 2-10 Yaş Kız Çocuk 2'li Külot,169.99
Civil Girls Fruit Desen 2-10 Yaş 2'li Atlet Set,69.99
Civil Girls Snow Deer Havlu 2'li 3-11 Yaş Kız Soket Çorap,99.99
Loana Aks. Bambu Külotlu Çorap,99.99
Civil Girls Düz Desenli 3-11 Yaş Çocuk Kız Külotlu Çorap - Gri,149.99
Civil Girls Fit Puanlı Kalp 2-6 Yaş Külotlu Çorap - Bej,79.99
Civil Girls Melek Kanatlı 3-11 Yaş Kız Çocuk Soket Çorap - Ekru,99.99
Daymod ÇOCUK DİZALTI ÇORAP - Siyah,79.99
Tweety 3-11 Yaş Havlu Soket Çorap,29.99
Civil Girls Rea 2-12 Yaş Kız Külotlu Çorap - Lacivert,129.99
Katamino Puanlı Basic 2-12 Yaş Külotlu Çorap,149.99
Civil Socks Unicorn 3'lü 2-12 Yaş Kız Soket Çorap,79.99
Civil Girls Gülenyüz 3'lü 2-12 Yaş Kız Soket Çorap,129.99
Lacoste Bebek Kız 6-18 Ay Külotlu Çorap - Bej,129.99
Civil Girls Simli Kalp 3-11 Yaş Kız Külotlu Çorap - Ekru,169.99
Civil Girls Derbili Tüllü 3'lü 3-11 Yaş Kız Soket Çorap,129.99
Civil Girls Meow Havlu 2'li 2-12 Yaş Kız Soket Çorap,99.99
Civil Girls Mikro 2-12 Yaş Külotlu Çorap - Siyah,99.99
Civil Girls Kız Çocuk Opak 30 Denye Külotlu Çorap 2-12 Yaş - Pembe,99.99
Civil Girls Candy House Havlu 2'li 3-11 Yaş Kız Soket Çorap,99.99
Civil Girls Simli Kalp 3-11 Yaş Kız Külotlu Çorap - Pembe,169.99
Civil Girls Zincir Desen 2-12 Yaş Çocuk Kız Külotlu Çorap - Lacivert,79.99
Civil Girls Rea 2-12 Yaş Kız Külotlu Çorap - Ekru,129.99
Civil Girls Miu 3'lü 2-12 Yaş Kız Soket Çorap,79.99
Niksi Aks.Kız Külotlu Çorap 2-9 Yaş,29.99
Civil Girls Dantel Aks.Bambu 3-9 Yaş Soket Çorap - Pembe,99.99
Tweety Trendy 40/20 Denye 2-12 Yaş Mus Külotlu Çorap - Ekru,59.99
Civil Girls Bunny Havlu 2'li 2-12 Yaş Kız Soket Çorap,99.99
Gündem Çorap Penye Duz 2-12 Yas Kız Suba Set,29.99
Civil Girls Zincir Desen 2-12 Yaş Çocuk Kız Külotlu Çorap - Pembe,79.99
Zaleyha Taşlı İnce Külotlu Çorap,79.99
Civil Girls Derbili Düz 3-11 Yaş Külotlu Çorap - Ekru,149.99
Civil Girls Cute 3-11 Yaş Külotlu Çorap - Siyah,49.99
Civil Girls Düz 3-11 Yaş Kız Külotlu Çorap - Pembe,79.99
Civil Girls Simli Kalp 3-11 Yaş Kız Külotlu Çorap - Beyaz,169.99
Civil Girls Unicorn 3'lü 3-11 Yaş Kız Soket Çorap,79.99
Civil Girls Fileli 3-11 Yas Kız Külotlu Çorap - Beyaz,149.99
Kapkalt Taçlı Aks. Bambu Külotlu Çorap,99.99
Civil Girls Unicorn Havlu 2'li 3-11 Yaş Havlu Soket Çorap,79.99
Civil Girls Kolej 3'lü 2-12 Yaş Kız Soket Çorap,79.99
Civil Socks Back To School 3'lü 2-12 Yaş Kız Soket Çorap,79.99
Civil Girls Simli Kalp 3-11 Yaş Kız Külotlu Çorap - Siyah,169.99
Hello Kitty 3'lü 2-12 Yaş Kız Soket Çorap,79.99
Civil Girls Basic Düz Havlu 2-12 Yaş Kız Külotlu Çorap - Beyaz,169.99
Civil Girls Basic Çift Çizgili 3'lü 2-12 Yaş Kız Soket Çorap,129.99
Civil Girls Düz 3-11 Yaş Kız Külotlu Çorap - Beyaz,79.99
Tweety 3-11 Yaş Çocuk Erk Soket Çorap,24.99
Ülker Kalp Baskılı İnce Külotlu Çorap,49.99
Civil Girls Penguen 3'lü 2-12 Yaş Kız Soket Çorap,69.99
Katamino Kız Çocuk Çorap 1-9 Yaş,59.99
Civil Girls Flamingo Desenli 3-11 Yaş Çocuk Kız Külotlu Çorap - Pembe,39.99
Civil Girls Rea 2-12 Yaş Kız Külotlu Çorap - Gri,99.99
Gökçe Çiçek Baskılı İnce Külotlu Çorap - Beyaz,49.99
Civil Girls Basic Düz 3'lü 2-12 Yaş Kız Soket Çorap,79.99
Civil Girls Düz Desen 2-12 Yaş Çocuk Kız Soket Çorap,29.99
Zense Aks. File Bebek 6-18 Ay Golf Çorap,59.99
Civil Girls Cute 3-11 Yaş Külotlu Çorap - Kırmızı,49.99
Tweety Havlu 3-11 Yaş Çocuk Kız Soket Çorap,34.99
Civil Girls Melek Kanatlı 3-11 Yaş Kız Çocuk Dizaltı Çorap - Ekru,99.99
Civil Girls Melek Kanatlı 3-11 Yaş Kız Çocuk Soket Çorap - Gri,99.99
Civil Girls Melek Kanatlı 3-11 Yaş Kız Çocuk Dizaltı Çorap - Gri,99.99
Civil Girls Fileli 3-11 Yas Kız Külotlu Çorap - Ekru,149.99
Civil Girls Melek Kanatlı 3-11 Yaş Kız Çocuk Soket Çorap - Beyaz,99.99
Civil Girls Kalp Havlu 2'li 3-11 Yaş Havlu Soket Çorap,79.99
Mitinata Aks. Kız Külotlu Çorap,69.99
Civil Girls Zincir Desen 2-12 Yaş Çocuk Kız Külotlu Çorap - Gri,79.99
Civil Girls Derbili New College 3-11 Yaş Kız Külotlu Çorap - Gri,99.99
Civil Girls Rea 2-12 Yaş Kız Külotlu Çorap - Siyah,129.99
Civil Girls Melek Kanatlı 3-11 Yaş Kız Çocuk Soket Çorap - Pembe,99.99
Tweety Havlu 2'li 2-12 Yaş Kız Soket Çorap,99.99
Civil Girls Melek Kanatlı 3-11 Yaş Kız Çocuk Dizaltı Çorap - Beyaz,99.99
Civil Girls Düz Desenli 3-11 Yaş Çocuk Kız Külotlu Çorap - Pembe,149.99
Civil Girls Dantel Aks.Bambu 3-9 Yaş Soket Çorap - Ekru,99.99
Civil Girls Rea 2-12 Yaş Kız Külotlu Çorap - Gri,129.99
Civil Girls Zincir Desen 2-12 Yaş Çocuk Kız Külotlu Çorap - Ekru,79.99
Civil Girls Petek 3'lü 3-11 Yaş Kız Soket Çorap,129.99
Daymod ÇOCUK DİZALTI ÇORAP - Beyaz,79.99
Civil Girls Basic Düz Havlu 2-12 Yaş Kız Külotlu Çorap - Pembe,169.99
Civil Girls Melek Kanatlı 3-11 Yaş Kız Çocuk Dizaltı Çorap - Pembe,99.99
Civil Boys Sporting Good Baskılı 10-13 Yaş Kapri - Siyah,129.99
Civil Boys Erkek Çocuk Kapri 6-9 Yaş - Haki,119.99
Civil Boys Erkek Çocuk Kapri 6-9 Yaş - Gri,119.99
Civil Boys Sporting Good Baskılı 10-13 Yaş Kapri - Gri,129.99
Civil Boys Sporting Good Baskılı 10-13 Yaş Kapri - Haki,129.99
Civil Boys Erkek Çocuk Kapri 6-9 Yaş - Siyah,119.99
Civil Boys 4 Cepli Basic 6-9 Yaş Ceket - Siyah,999.00
Civil Boys 4 Cepli Basic 6-9 Yaş Ceket - Mavi,999.00
Civil Boys 4 Cepli Basic 6-9 Yaş Ceket - Mavi,999.00
Cocoland Fiyonk Yaka Kolları Büzgülü 2-5 Yaş Elbise - Yeşil,699.00
Cocoland Düğmeli Yaka kollları Büzgülü 2-5 Yaş Elbise - Bej,999.00
Civil Girls Katlı 6-9 Yaş Elbise - Pembe,499.00
Civil Girls Çiçek Desenli 2-5 Yaş Elbise - Haki,399.00
Civil Girls Büyük Çiçekli 6-9 Yaş Elbise - Pembe,199.99
Civil Girls Fiyonklu 6-9 Yaş Elbise - Pembe,699.00
Civil Girls Kalpli Çiçekli 2-5 Yaş Elbise - Bej,299.00
Civil Girls Yakası Nakışlı 2-5 Yaş Elbise - Mavi,499.00
Civil Girls Çiçekli 2-5 Yaş Elbise - Yeşil,299.00
Timo Ekose Cepli Kız 6-9 Yaş Elbise - Yeşil,149.99
Bombili Dantel Detaylı Kendinden Bolerolu Elbise 1-3 Yaş Jile ve Elbise - Pudra,499.00
Civil Girls Çiçek Nakışlı Yakalı 2-5 Yaş Jile ve Elbise - Pudra,299.00
Civil Girls Pileli 10-13 Yaş Elbise - Bej,169.99
Civil Girls Balon Etekli 2-5 Yaş Elbise - Kırık Beyaz,899.00
Civil Girls 2-5 Yaş Elbise - Kahve,599.00
Civil Girls Çiçekli 2-5 Yaş Elbise - Ekru,299.00
Civil Girls Fiyonklu 6-9 Yaş Elbise - Pudra,699.00
Civil Girls Pullu 2-5 Yaş Elbise - Siyah,599.00
Roly Poly Mınnıe Mouse Kız Çocuk 3-8 Yaş Jile Elbise - Pembe,249.99
Civil Girls Düğmeli 6-9 Yaş Elbise - Lila,699.00
Cocoland Dantel Yaka Süs Düğmeli Pileli 2-5 Yaş Elbise - Lila,599.00
Civil Girls Çiçekli 2-5 Yaş Elbise - Mavi,299.00
Civil Girls Fırfırlı 2-5 Yaş Elbise - Bej,499.00
Civil Girls Kalpli Çiçekli 2-5 Yaş Elbise - Pembe,299.00
Civil Girls Kız Çocuk Elbise 6-9 Yaş - Bej,149.99
Civil Girls Çiçek Nakışlı Yakalı 2-5 Yaş Jile ve Elbise - Lila,299.00
Civil Girls Büyük Çiçekli 6-9 Yaş Elbise - Yeşil,199.99
Civil Girls Kız Çocuk Elbise 6-9 Yaş - Kırmızı,149.99
Civil Girls Çiçek Baskılı 2-5 Yaş Elbise - Mavi,599.00
Civil Girls Düğmeli 6-9 Yaş Elbise - Fusya,499.00
Civil Girls Fiyonklu 2-5 Yaş Elbise - Bordo,649.00
Cocoland Dantel Yaka Süs Düğmeli Pileli 2-5 Yaş Elbise - Pudra,599.00
Civil Girls 6-9 Yaş Elbise - Kahve,649.00
Civil Girls Fiyonklu 2-5 Yaş Elbise - Pembe,799.00
Civil Girls Fırfırlı 2-5 Yaş Elbise - Lacivert,499.00
Civil Girls Mini Yapraklı Çiçek Emp. 6-9 Yaş Elbise - Ekru,199.99
Canwin Kız Çocuk Çubuk Desen Karpuz Kollu 2-5 Yaş Elbise,299.00
Civil Girls Fiyonklu 2-5 Yaş Elbise - Pembe,649.00
Tuffy Basic 2-5 Yaş Elbise - Yeşil,199.99
Civil Girls Bolerolu 2-5 Yaş Elbise - Bej,299.00
Civil Girls Büyük Çiçekli 6-9 Yaş Elbise - Ekru,199.99
Civil Girls Yakası Fırfırlı 2-5 Yaş Elbise - Bordo,799.00
Civil Girls Kat Kat 6-9 Yaş Elbise - Kırmızı,449.00
Civil Girls Düğmeli 2-5 Yaş Elbise - Lila,649.00
Civil Girls Yakası Fırfırlı 6-9 Yaş Elbise - Kırmızı,299.00
Civil Girls Fiyonklu 6-9 Yaş Elbise - Bordo,699.00
Civil Girls Çiçek Gömlekli 2 Li 2-5 Yaş Elbise - Pembe,799.00
Civil Girls Fiyonklu 2-5 Yaş Elbise - Pudra,649.00
Civil Girls Fiyonk Baskılı 2-5 Yaş Elbise - Pembe,499.00
Tuffy Basic 2-5 Yaş Elbise - Pembe,129.99
Civil Girls Kol Fırfırlı 2-5 Yaş Elbise - Ekru,349.00
Civil Girls Çiçekli 2-5 Yaş Elbise - Pembe,299.00
Civil Girls Kat Kat 2-5 Yaş Elbise - Kırmızı,399.00
Civil Girls Pileli 10-13 Yaş Elbise - Kırmızı,169.99
Cocoland Düğmeli Yaka kollları Büzgülü 2-5 Yaş Elbise - Mavi,999.00
Cocoland Fiyonk Yaka Kolları Büzgülü 2-5 Yaş Elbise - Bej,699.00
Civil Girls Katlı 6-9 Yaş Elbise - Gri,499.00
Timo Verev Kesim Ekose 6-9 Yaş Elbise - Bej,149.99
Civil Girls Kız Çocuk Eşofman Altı 2-5 Yaş - Lila,199.99
Civil Girls Basic 2-5 Yaş Eşofman Altı - Fil Dişi,199.99
Civil Girls Kargo Cepli 10-13 Yaş Eşofman Altı - Pembe,149.99
Civil Girls Çima Dikişli 2-5 Yaş Eşofman Altı - Gri,49.99
Civil Girls Kız Çocuk Eşofman Altı 6-9 Yaş - Lila,399.00
Civil Girls Kız Çocuk Eşofman Altı 2-5 Yaş - Pudra,199.99
Civil Girls Basic 10-13 Yaş Eşofman Altı - Yeşil,449.00
Civil Girls Çimalı 2-5 Yaş Eşofman Altı - Pembe,149.99
Civil Girls Mantarlar Baskılı 2-5 Yaş Eşofman Altı - Pudra,199.99
Civil Girls Düz 10-13 Yaş Eşofman Altı - Siyah,399.00
Civil Girls Çıma Dikişli 6-9 Yaş Eşofman Altı - Siyah,249.99
Civil Girls 10-13 Yaş Eşofman Alt - Siyah,99.99
Civil Girls Jogger 6-9 Yaş Eşofman Altı - Sarı,249.99
Civil Girls Dama Kelebek Baskılı 2-5 Yaş Eşofman Altı - Kırmızı,199.99
Civil Girls Şerit Pul Nakışlı 2-5 Yaş Eşofman Altı - Siyah,449.00
Civil Girls Kız Çocuk Eşofman Altı 2-5 Yaş - Lila,199.99
Civil Girls Kargo Cepli 2-5 Yaş Eşofman Altı - Pudra,129.99
Civil Girls Basic 2-5 Yaş Eşofman Altı - Lila,199.99
Civil Girls Happy Smile Baskılı 2-5 Yaş Eşofman Altı - Lacivert,149.99
Civil Girls Basic 10-13 Yaş Eşofman Altı - Lila,449.00
Civil Girls Basic 2-5 Yaş Eşofman Altı - Yeşil,199.99
Civil Girls Kalpler Baskılı 2-5 Yaş Eşofman Altı - Gri,199.99
Civil Girls Kargo Cepli 10-13 Yaş Eşofman Altı - Pembe,249.99
Bugs Bunny Empirme 10-13 Yaş Eşofman Altı - Siyah,199.99
Civil Girls Zürafa Baskılı 2-5 Yaş Eşofman Altı - Gri,149.99
Civil Girls Yan Garnili 6-9 Yaş Eşofman Alt - Siyah,99.99
Civil Girls Çiçekli Unicorn Baskılı 2-5 Yaş Eşofman Altı - Lacivert,149.99
Civil Girls Nakışlı 2-5 Yaş Eşofman Altı - Pembe,129.99
Civil Girls Meow Baskı 2-5 Yaş Eşofman Alt - Lila,199.99
Civil Girls Yanı Cepli Baskılı 6-9 Yaş Eşofman Altı - Lila,199.99
Civil Girls Çima Dikişli 6-9 Yaş Eşofman Altı - Yeşil,99.99
Civil Girls Basic 2-5 Yaş Eşofman Altı - Turuncu,199.99
Civil Girls Kız Çocuk Eşofman Altı 6-9 Yaş - Gri,199.99
Civil Girls Batik Desen 2-5 Yaş Eşofman Altı - Lila,69.99
Civil Girls Basic 2-5 Yaş Eşofman Altı - Gri,199.99
Civil Girls Velsoft 2-5 Yaş Eşofman Altı - Pudra,99.99
Civil Girls Balonlu Kedi Baskılı 2-5 Yaş Eşofman Altı - Turuncu,149.99
Civil Girls Kapitone 6-9 Yaş Eşofman Altı - Pembe,89.99
Civil Girls Yanı Cepli 2-5 Yaş Eşofman Altı - Fusya,129.99
Civil Girls Mantarlar Baskılı 2-5 Yaş Eşofman Altı - Lila,199.99
Harry Potter 6-9 Yaş Eşofman Altı - Beyaz,149.99
Civil Girls Yanı Cepli Baskılı 2-5 Yaş Eşofman Altı - Gri,199.99
Civil Girls Smile Tavşan Baskı 2-5 Yaş Eşofman Alt - Lacivert,199.99
Civil Girls Quality Nakışlı 10-13 Yaş Eşofman Altı - Fil Dişi,49.99
Civil Girls Basic 2-5 Yaş Eşofman Altı - Pembe,199.99
Civil Girls Çima Dikişli 2-5 Yaş Eşofman Altı - Turuncu,99.99
Civil Girls Yanı 2-5 Yaş Eşofman Altı - Lila,149.99
Civil Girls Simli Velsoft 6-9 Yaş Eşofman Altı - Pudra,299.00
Civil Girls Meow Baskı 2-5 Yaş Eşofman Alt - Pembe,199.99
Civil Girls 2-5 Yaş Eşofman Alt - Ekru,49.99
Civil Girls Çima Dikişli 6-9 Yaş Eşofman Altı - Siyah,149.99
Civil Girls Kız Çocuk Eşofman Altı 2-5 Yaş - Gri,199.99
Civil Girls Çimalı 2-5 Yaş Eşofman Altı - Lila,149.99
Civil Girls Basic 2-5 Yaş Eşofman Altı - Pudra,199.99
Civil Girls Cebi Fırfırlı 2-5 Yaş Eşofman Altı - Pembe,129.99
Civil Girls Çima Dikişli 6-9 Yaş Eşofman Altı - Pembe,149.99
Civil Girls Kelebek Baskılı 2-5 Yaş Eşofman Altı - Lila,99.99
Civil Girls Basic 6-9 Yaş Eşofman Altı - Ekru,399.00
Civil Girls Yan Garnili 6-9 Yaş Eşofman Alt - Gri,99.99
Civil Girls Best Friends Baskılı 2-5 Yaş Eşofman Altı - Fusya,199.99
Civil Girls Kız Çocuk Eşofman Altı 6-9 Yaş - Gri,249.99
Civil Girls Çimalı 2-5 Yaş Eşofman Altı - Siyah,149.99
Civil Girls Yanı Cepli 2-5 Yaş Eşofman Altı - Lila,129.99
Civil Girls Çima Dikişli 6-9 Yaş Eşofman Altı - Pudra,49.99
Civil Girls Kız Çocuk Eşofman Altı 2-5 Yaş - Yeşil,199.99
Civil Girls Gipeli Fitilli Kadife 2-5 Yaş Eşofman Altı - Lila,99.99
Civil Girls Lama Baskılı 2-5 Yaş Eşofman Altı - Lila,199.99
Civil Girls Geyik Baskılı 2-5 Yaş Eşofman Altı - Pudra,149.99
Civil Girls Kız Çocuk Eşofman Altı 6-9 Yaş - Lila,199.99
Civil Girls Yanı 2-5 Yaş Eşofman Altı - Siyah,149.99
Civil Girls Basic 2-5 Yaş Eşofman Altı - Pudra,349.00
Civil Girls Yanı Şeritli 10-13 Yaş Eşofman Altı - Gri,449.00
Civil Girls Cebi Fırfırlı 2-5 Yaş Eşofman Altı - Siyah,129.99
Civil Girls 2 İp 6-9 Yaş Eşofman Altı - Gri,149.99
Civil Girls Çima Dikişli 2-5 Yaş Eşofman Altı - Sarı,99.99
Civil Girls Leopar Emprime Polar Garnili 6-9 Yaş Eşofman Altı - Siyah,129.99
Civil Girls Beli Fırfırlı 6-9 Yaş Eşofman Altı - Lila,129.99
Civil Girls Strong 6-9 Yaş Eşofman Altı - Pembe,79.99
Civil Girls Unicorn Baskılı 1-4 Yaş Eşofman Altı - Pudra,199.99
Civil Girls Basic 2-5 Yaş Eşofman Altı - Beyaz,349.00
Civil Girls Beli Fırfırlı 6-9 Yaş Eşofman Altı - Siyah,129.99
Civil Girls Süzene Nakışlı 6-9 Yaş Eşofman Altı - Gri,199.99
Civil Girls Sweet Day Baskılı 2-5 Yaş Eşofman Altı - Gri,149.99
Civil Girls Bestself Baskılı 2-5 Yaş Eşofman Altı - Lacivert,199.99
Tweety 2-5 Yaş Eşofman Altı - Gri,49.99
Civil Girls Basic 2-5 Yaş Eşofman Altı - Fusya,199.99
Civil Girls Yıldız Baskılı 2-5 Yaş Eşofman Altı - Gri,199.99
Civil Girls Basic 10-13 Yaş Eşofman Altı - Yeşil,449.00
Civil Girls Kız Çocuk Eşofman Altı 2-5 Yaş - Lila,199.99
Civil Girls Kız Çocuk Eşofman Altı 10-13 Yaş - Lila,199.99
Civil Girls Yanı Cepli 2-5 Yaş Eşofman Altı - Pudra,129.99
Civil Girls Tavşan Baskılı 2-5 Yaş Eşofman Altı - Gri,149.99
Civil Girls Cebi Fırfırlı 2-5 Yaş Eşofman Altı - Fusya,129.99
Civil Girls Kız Çocuk Eşofman Altı 2-5 Yaş - Beyaz,199.99
Civil Girls Paçası Çıtçıtlı 10-13 Yaş Eşofman Altı - Lila,249.99
Civil Girls Yanı Cepli Baskılı 10-13 Yaş Eşofman Altı - Siyah,199.99
Civil Girls Kuzu Sarpa 2-5 Yaş Eşofman Altı - Pudra,99.99
Civil Girls Batik Active Konsept 2-5 Yaş Eşofman Altı - Beyaz,299.00
Tweety 10-13 Yaş Eşofman Altı - Siyah,39.99
Civil Girls Kedi Desenli 2-5 Yaş Eşofman Altı - Fusya,199.99
Civil Girls Kız Çocuk Eşofman Altı 2-5 Yaş - Lila,199.99
Civil Girls Basic 6-9 Yaş Eşofman Altı - Lila,399.00
Civil Girls Gipeli Fitilli Kadife 2-5 Yaş Eşofman Altı - Yeşil,99.99
Civil Girls Tavşan Baskılı 2-5 Yaş Eşofman Altı - Pembe,149.99
Civil Girls Kelebek Baskılı 2-5 Yaş Eşofman Altı - Pembe,199.99
Civil Girls Leopar Emprime Polar Garnili 2-5 Yaş Eşofman Altı - Siyah,99.99
Civil Girls Basic 2-5 Yaş Eşofman Altı - Yeşil,349.00
Civil Girls Tavşan Baskılı 2-5 Yaş Eşofman Altı - Yeşil,149.99
Civil Girls Çima Dikişli 2-5 Yaş Eşofman Altı - Siyah,149.99
Civil Girls Kedicikler Baskı 2-5 Yaş Eşofman Alt - Sarı,199.99
Civil Girls 2 İp 6-9 Yaş Eşofman Altı - Pudra,149.99
Civil Girls Bulut Baskılı 2-5 Yaş Eşofman Altı - Pudra,199.99
Civil Girls Kargo Cepli 2-5 Yaş Eşofman Altı - Siyah,129.99
B Benetton 4-13 Yaş Eşofman Altı - Turuncu,99.99
Civil Girls Kargo Cepli 10-13 Yaş Eşofman Altı - Siyah,149.99
Civil Girls Çima Dikişli 6-9 Yaş Eşofman Altı - Siyah,99.99
Civil Girls Kız Çocuk Eşofman Altı 2-5 Yaş - Fusya,199.99
Civil Girls Basic 2-5 Yaş Eşofman Altı - Lila,349.00
Civil Girls Kız Çocuk Eşofman Altı 2-5 Yaş - Lila,199.99
Civil Girls Basic 10-13 Yaş Eşofman Altı - Beyaz,449.00
Civil Girls Basic 2-5 Yaş Eşofman Altı - Lila,349.00
Civil Girls Basic 6-9 Yaş Eşofman Altı - Lila,399.00
Civil Girls Yanı Cepli 2-5 Yaş Eşofman Altı - Lila,69.99
Civil Girls Yanı Cepli 2-5 Yaş Eşofman Altı - Gri,69.99
Civil Girls Little Star Baskılı 10-13 Yaş Eşofman Altı - Siyah,99.99
Civil Girls Yanı Puan Baskılı 2-5 Yaş Eşofman Altı - Gri,99.99
Civil Girls Leopar Active 6-9 Yaş Eşofman Altı - Pembe,129.99
Civil Girls Batik Desen 10-13 Yaş Eşofman Altı - Turuncu,149.99
Civil Girls Batik Desen 2-5 Yaş Eşofman Altı - Turuncu,99.99
Civil Girls Basic 2-5 Yaş Eşofman Altı - Turuncu,199.99
Civil Girls Nakışlı 10-13 Yaş Eşofman Altı - Lila,79.99
Bugs Bunny Baskılı 6-9 Yaş Eşofman Altı,99.99
Civil Girls Kelebek Baskılı 2-5 Yaş Eşofman Altı - Pembe,199.99
Civil Girls Kız Çocuk Eşofman Altı 2-5 Yaş - Pembe,199.99
Civil Girls Yanı Cepli Baskılı 10-13 Yaş Eşofman Altı - Lila,199.99
Civil Girls Puan Desenli 6-9 Yaş Eşofman Altı - Pudra,149.99
Civil Girls Çima Dikişli 2-5 Yaş Eşofman Altı - Yeşil,99.99
Civil Girls Kindness Baskılı 2-5 Yaş Eşofman Altı - Pudra,99.99
Civil Girls Smile Tavşan Baskı 2-5 Yaş Eşofman Alt - Gri,199.99
Civil Girls California Yıldız Baskılı 6-9 Yaş Eşofman Altı - Kahve,129.99
Civil Girls Çima Dikişli 2-5 Yaş Eşofman Altı - Lila,49.99
Civil Girls Little Star Baskılı 10-13 Yaş Eşofman Altı - Lacivert,99.99
Civil Girls Çima Dikişli 10-13 Yaş Eşofman Altı - Siyah,49.99
Civil Girls Gipeli Fitilli Kadife 6-9 Yaş Eşofman Altı - Pudra,129.99
Civil Girls Simli Velsoft 6-9 Yaş Eşofman Altı - Gri,299.00
Civil Girls Velsoft 6-9 Yaş Eşofman Altı - Pembe,99.99
Civil Girls Basic 6-9 Yaş Eşofman Altı - Beyaz,399.00
Civil Girls Love Baskılı 6-9 Yaş Eşofman Altı - Pudra,49.99
Civil Girls Yanı Puan Baskılı 10-13 Yaş Eşofman Altı - Siyah,149.99
Civil Girls Simli Velsoft 6-9 Yaş Eşofman Altı - Siyah,299.00
Civil Girls Kız Çocuk Eşofman Altı 2-5 Yaş - Siyah,199.99
Civil Girls Baskılı 6-9 Yaş Eşofman Altı - Lacivert,49.99
Civil Girls Çilek Elcikli 2-5 Yaş Eşofman Altı - Yeşil,199.99
Civil Girls Kız Çocuk Eşofman Altı 2-5 Yaş - Siyah,199.99
Civil Girls Smile Baskılı 2-5 Yaş Eşofman Altı - Sarı,199.99
Civil Girls Yes 2-5 Yaş Eşofman Altı - Gri,129.99
Civil Girls Çiçek Baskılı 2-5 Yaş Eşofman Altı - Lacivert,199.99
Civil Girls Düz 4-9 Yaş Eşofman Altı - Pembe,69.99
Civil Girls Leopar Active 10-13 Yaş Eşofman Altı - Pembe,149.99
Civil Girls Kız Çocuk Eşofman Altı 10-13 Yaş - Siyah,149.99
Civil Girls Anime Baskılı 6-9 Yaş Eşofman Altı - Lila,249.99
Civil Girls California Yıldız Baskılı 6-9 Yaş Eşofman Altı - Siyah,129.99
Civil Girls Super Gırl Baskı 2-5 Yaş Eşofman Alt - Pudra,199.99
Civil Girls California Yıldız Baskılı 2-5 Yaş Eşofman Altı - Kahve,99.99
Civil Girls Paçası Çıtçıtlı 6-9 Yaş Eşofman Altı - Siyah,199.99
Civil Girls Çıma Dikişli 2-5 Yaş Eşofman Altı - Siyah,149.99
Civil Girls Quality Nakışlı 6-9 Yaş Eşofman Altı - Pudra,49.99
Civil Girls Sweet Bears Baskılı 2-5 Yaş Eşofman Altı - Pembe,199.99
Civil Girls Little Star Baskılı 6-9 Yaş Eşofman Altı - Pudra,99.99
Civil Girls Kelebek Baskılı 6-9 Yaş Eşofman Altı - Pembe,129.99
Civil Girls Kız Çocuk Eşofman Altı 2-5 Yaş - Turuncu,199.99
Civil Girls Kelebek Baskılı 2-5 Yaş Eşofman Altı - Pembe,199.99
Civil Girls Puan Desenli 10-13 Yaş Eşofman Altı - Gri,99.99
Civil Girls Renkli Çizgi Baskılı 6-9 Yaş Eşofman Altı - Lila,69.99
Civil Girls Kız Çocuk Eşofman Altı 10-13 Yaş - Pembe,449.00
Civil Girls Düz 4-9 Yaş Eşofman Altı - Pembe,149.99
Civil Girls Balonlu Kedi Baskılı 2-5 Yaş Eşofman Altı - Lacivert,149.99
Civil Girls Good Active 10-13 Yaş Eşofman Altı - Gri,229.99
Civil Girls Çima Dikişli 2-5 Yaş Eşofman Altı - Lila,99.99
Civil Girls Balonlu Kedi Baskılı 2-5 Yaş Eşofman Altı - Lila,149.99
Civil Girls Basic 10-13 Yaş Eşofman Altı - Gri,449.00
Civil Girls Kız Çocuk Eşofman Altı 2-5 Yaş - Beyaz,199.99
Civil Girls Kız Çocuk Eşofman Altı 2-5 Yaş - Turuncu,199.99
Civil Girls Batik Desen 10-13 Yaş Eşofman Altı - Lila,149.99
Civil Girls Quality Nakışlı 6-9 Yaş Eşofman Altı - Fil Dişi,49.99
Civil Girls Unicorn Baskılı 2-5 Yaş Eşofman Altı - Lila,149.99
Civil Girls Düz 4-9 Yaş Eşofman Altı - Gri,69.99
Civil Girls Parçalı 6-9 Yaş Eşofman Altı - Lila,89.99
Civil Girls Çima Dikişli 6-9 Yaş Eşofman Altı - Gri,99.99
Civil Girls Çizgili 10-13 Yaş Eşofman Altı - Bej,99.99
Civi Girls Dondurmalı Unicorn Emprime Baskı 2-5 Yaş Eşofman Alt - Pembe,169.99
Barbıe Kız Çocuk 3-8 Yaş Eşofman Altı - Fusya,219.99
Civil Girls Simli Velsoft 2-5 Yaş Eşofman Altı - Siyah,249.99
Civil Girls Never Give Up Baskılı 6-9 Yaş Eşofman Altı - Pudra,129.99
Civil Girls Kız Çocuk Eşofman Altı 2-5 Yaş - Lila,149.99
Civil Girls Kız Çocuk Eşofman Altı 10-13 Yaş - Lila,449.00
Civil Girls Çift Renkli 2-5 Yaş Eşofman Altı - Gri,99.99
Civil Girls Hop Hop Baskılı 2-5 Yaş Eşofman Altı - Pembe,149.99
Civil Girls Baskılı 2-5 Yaş Eşofman Altı - Pudra,49.99
Civil Girls Basic 2-5 Yaş Eşofman Altı - Lila,199.99
Civil Girls Düz 4-9 Yaş Eşofman Altı - Lacivert,149.99
Civil Girls Basic 2-5 Yaş Eşofman Altı - Kırmızı,349.00
Civil Girls Basic 6-9 Yaş Eşofman Altı - Fil Dişi,349.00
Scooby Doo 6-9 Yaş Eşofman Altı - Gri,39.99
Civil Girls Kız Çocuk Eşofman Altı 2-5 Yaş - Pembe,199.99
Civil Girls 2-5 Yaş Eşofman Alt - Siyah,69.99
Civil Girls Never Give Up Baskılı 10-13 Yaş Eşofman Altı - Gri,99.99
Civil Girls Dizi Kaşkorseli 10-13 Yaş Eşofman Altı - Pudra,199.99
Civil Girls Jogger 10-13 Yaş Eşofman Altı - Yeşil,249.99
Civil Girls Kız Çocuk Eşofman Altı 6-9 Yaş - Lila,249.99
Civil Girls Süzene Nakışlı 2-5 Yaş Eşofman Altı - Gri,199.99
Civil Girls Düz 10-13 Yaş Eşofman Altı - Siyah,399.00
Civil Girls Kargo Cepli 2-5 Yaş Eşofman Altı - Turuncu,129.99
Civil Girls Little Star Baskılı 2-5 Yaş Eşofman Altı - Siyah,99.99
Civil Girls Yanı 2-5 Yaş Eşofman Altı - Pudra,149.99
Civil Girls Strong 10-13 Yaş Eşofman Altı - Gri,99.99
Civil Girls Kelebek 2-5 Yaş Eşofman Altı - Pembe,69.99
Civil Girls Chic Baskılı 2-5 Yaş Eşofman Altı - Gri,199.99
Civil Girls 3 İp 2-5 Yaş Eşofman Altı - Pembe,299.00
Civil Girls Unicorn Baskılı 2-5 Yaş Eşofman Altı - Gri,199.99
Civil Girls Positive Baskılı 2-5 Yaş Eşofman Altı - Lila,99.99
Civil Girls Kalp Leopar Baskılı 2-5 Yaş Eşofman Altı - Mavi,199.99
Civi Girls Dondurmalı Unicorn Emprime Baskı 2-5 Yaş Eşofman Alt - Gri,169.99
Civil Girls Basic 2-5 Yaş Eşofman Altı - Lila,199.99
Civil Girls Çima Dikişli 2-5 Yaş Eşofman Altı - Siyah,99.99
Civil Girls One More Time 2-5 Yaş Eşofman Altı - Lila,69.99
Civil Girls Çiçek Baskılı 2-5 Yaş Eşofman Altı - Lila,199.99
Civil Girls Kız Çocuk Eşofman Altı 2-5 Yaş - Fusya,199.99
Lovetti Süprem Esofman 5-8 Yaş Altı - Gri,89.99
Civil Girls Cepli Yazı Baskılı 10-13 Yaş Eşofman Altı - Siyah,399.00
Civil Girls Pullu Kelebek Nakış 2-5 Yaş Eşofman Alt - Pembe,69.99
Civil Girls Baskılı 2-5 Yaş Eşofman Altı - Gri,49.99
Civil Girls Paçası Baskılı 6-9 Yaş Eşofman Altı - Yeşil,199.99
Civil Girls Kargo Cepli 6-9 Yaş Eşofman Altı - Lila,99.99
Tom Ve Jerry 10-13 Yaş Eşofman Altı - Gri,39.99
Civil Girls Kız Çocuk Eşofman Altı 2-5 Yaş - Pudra,99.99
Civil Girls Puan Desenli 6-9 Yaş Eşofman Altı - Gri,149.99
Civil Girls Kız Çocuk Eşofman Altı 2-5 Yaş - Siyah,199.99
Civil Girls Cebi Fırfırlı 2-5 Yaş Eşofman Altı - Kırmızı,129.99
Civil Girls Kız Çocuk Eşofman Altı 2-5 Yaş - Pembe,199.99
Space Jam 10-13 Yaş Eşofman Altı - Gri,49.99
Civil Girls Çıma Dikişli 10-13 Yaş Eşofman Altı - Siyah,399.00
Civil Girls Papatya Baskılı 2-5 Yaş Eşofman Altı - Lila,199.99
Civil Girls Dizi Kaşkorseli 2-5 Yaş Eşofman Altı - Pembe,149.99
Civil Girls Kedicikler Baskı 2-5 Yaş Eşofman Alt - Pudra,199.99
Civil Girls Kız Çocuk Eşofman Altı 6-9 Yaş - Siyah,249.99
Civil Girls Chic Baskılı 6-9 Yaş Eşofman Altı - Gri,199.99
Hello Kitty 10-13 Yaş Eşofman Altı - Siyah,199.99
Civil Girls Balık Sırtı 6-9 Yaş Eşofman Altı - Lacivert,59.99
Civil Girls Hop Hop Baskılı 2-5 Yaş Eşofman Altı - Fusya,149.99
Civil Girls Çima Nakışlı 2-5 Yaş Eşofman Altı - Gri,49.99
Civil Girls Yanı Puan Baskılı 2-5 Yaş Eşofman Altı - Siyah,99.99
Civil Girls Kargo Cepli 2-5 Yaş Eşofman Altı - Mavi,129.99
Civil Girls Nakışlı 2-5 Yaş Eşofman Altı - Gri,69.99
Civil Girls Super Gırl Baskı 2-5 Yaş Eşofman Alt - Fusya,199.99
Civil Girls 2 İp 6-9 Yaş Eşofman Altı - Siyah,149.99
Civil Girls Mantarlar Baskılı 2-5 Yaş Eşofman Altı - Gri,199.99
Civil Girls Basic 10-13 Yaş Eşofman Altı - Yeşil,449.00
Civil Girls Now Baskılı 10-13 Yaş Eşofman Altı - Siyah,249.99
Civil Girls One More Time 10-13 Yaş Eşofman Altı - Lila,99.99
Civil Girls Be Cool Baskı 2-5 Yaş Eşofman Alt - Lila,199.99
Civil Girls Quality Nakışlı 2-5 Yaş Eşofman Altı - Pudra,49.99
Civil Girls Smile Tavşan Baskı 2-5 Yaş Eşofman Alt - Lila,199.99
Civil Girls Paçası Çıtçıtlı 6-9 Yaş Eşofman Altı - Fusya,399.00
Civil Girls Best Friends Baskılı 2-5 Yaş Eşofman Altı - Lila,199.99
Civil Girls Çift Renkli 6-9 Yaş Eşofman Altı - Lacivert,179.99
Civil Girls Hop Hop Baskılı 2-5 Yaş Eşofman Altı - Kırmızı,149.99
Civil Girls Kelebek Baskılı 2-5 Yaş Eşofman Altı - Pudra,199.99
Civil Girls Kedi Baskılı 2-5 Yaş Eşofman Altı - Lacivert,99.99
Civil Girls Kız Çocuk Eşofman Altı 2-5 Yaş - Lacivert,199.99
Civil Girls Basic 6-9 Yaş Eşofman Altı - Kırmızı,399.00
Civil Girls Baskılı 2-5 Yaş Eşofman Altı - Lacivert,49.99
Civil Girls Kız Çocuk Eşofman Altı 10-13 Yaş - Lila,249.99
Bugs Bunny 10-13 Yaş Eşofman Altı - Gri,39.99
Civil Girls Sweet Bears Baskılı 2-5 Yaş Eşofman Altı - Gri,199.99
Civil Girls Velsoft 2-5 Yaş Eşofman Altı - Pembe,99.99
Civil Girls Papatya Baskılı 2-5 Yaş Eşofman Altı - Beyaz,199.99
Civil Girls Now Baskılı 6-9 Yaş Eşofman Altı - Lila,249.99
Civil Girls Kedi Baskılı 2-5 Yaş Eşofman Altı - Lila,199.99
Civil Girls Süzene Nakışlı 2-5 Yaş Eşofman Altı - Pudra,199.99
Civil Girls Bulut Baskılı 2-5 Yaş Eşofman Altı - Pembe,199.99
Civil Girls Yanı Cepli 2-5 Yaş Eşofman Altı - Turuncu,69.99
Civil Girls Çima Dikişli 10-13 Yaş Eşofman Altı - Gri,49.99
Civil Girls Basic 10-13 Yaş Eşofman Altı - Lila,449.00
Civil Girls Kelebek Baskılı 6-9 Yaş Eşofman Altı - Lila,129.99
Civil Girls Kalp Leopar Baskılı 2-5 Yaş Eşofman Altı - Pembe,199.99
Civil Girls Kargo Cepli 2-5 Yaş Eşofman Altı - Pembe,129.99
Civil Girls Basic 2-5 Yaş Eşofman Altı - Lila,349.00
Civil Girls Kız Çocuk Eşofman Altı 10-13 Yaş - Kırmızı,449.00
Civil Girls Friends Unicorn Baskılı 2-5 Yaş Eşofman Altı - Pudra,199.99
Benetton 4-13 Yaş Eşofman Altı - Lila,129.99
Civil Girls Good Active 2-5 Yaş Eşofman Altı - Gri,169.99
Civil Girls Dizi Kaşkorseli 2-5 Yaş Eşofman Altı - Gri,149.99
Civil Girls Balık Sırtı 6-9 Yaş Eşofman Altı - Gri,59.99
Civil Girls Baskılı 6-9 Yaş Eşofman Altı - Siyah,49.99
Civil Girls Kız Çocuk Eşofman Altı 2-5 Yaş - Fusya,199.99
Bugs Bunny Empirme 2-5 Yaş Eşofman Altı - Siyah,129.99
Civil Girls 3 İp 2-5 Yaş Eşofman Altı - Fil Dişi,299.00
Civil Girls Kelebek Baskılı 2-5 Yaş Eşofman Altı - Gri,199.99
Civil Girls Kız Çocuk Eşofman Altı 6-9 Yaş - Turuncu,249.99
Civil Girls 3 İp 2-5 Yaş Eşofman Altı - Gri,299.00
Civil Girls Yanı Cepli Baskılı 10-13 Yaş Eşofman Altı - Gri,199.99
Civil Girls Baskılı 10-13 Yaş Eşofman Altı - Pudra,49.99
Civil Girls Kız Çocuk Eşofman Altı 2-5 Yaş - Sarı,199.99
Civil Girls Kız Çocuk Eşofman Altı 6-9 Yaş - Kırmızı,399.00
Civil Girls Önü Çımalı 2-5 Yaş Eşofman Altı - Lila,199.99
Civil Girls Çima Dikişli 6-9 Yaş Eşofman Altı - Lila,49.99
Civil Girls Çima Dikişli 10-13 Yaş Eşofman Altı - Siyah,149.99
Civil Girls Cebi Fırfırlı 2-5 Yaş Eşofman Altı - Mavi,129.99
Civil Girls Unicorn Baskılı 2-5 Yaş Eşofman Altı - Pudra,199.99
Civil Girls Yıldız Baskılı 2-5 Yaş Eşofman Altı - Fusya,199.99
Civil Girls Kargo Cepli 6-9 Yaş Eşofman Altı - Pembe,149.99
Civil Girls Never Give Up Baskılı 2-5 Yaş Eşofman Altı - Gri,99.99
Civil Girls Keep Your Baskı 2-5 Yaş Eşofman Alt - Pudra,199.99
Civil Girls Little Star Baskılı 6-9 Yaş Eşofman Altı - Siyah,99.99
Civil Girls Kalpler Baskılı 2-5 Yaş Eşofman Altı - Yeşil,199.99
Civil Girls Batik Active Konsept 6-9 Yaş Eşofman Altı - Beyaz,399.00
Civil Girls Be Cool Baskı 2-5 Yaş Eşofman Alt - Gri,199.99
Civil Girls Kargo Cepli 2-5 Yaş Eşofman Altı - Pembe,99.99
Civil Girls Kedi Baskılı 1-4 Yaş Eşofman Altı - Pudra,199.99
Civil Girls 6-9 Yaş Eşofman Alt - Gri,89.99
Kappa Baskılı 7-15 Yaş Eşofman Altı - Pembe,249.99
Civil Girls Balık Sırtı 2-5 Yaş Eşofman Altı - Gri,59.99
Civil Girls Paçası Çıtçıtlı 10-13 Yaş Eşofman Altı - Siyah,249.99
Civil Girls Parçalı 6-9 Yaş Eşofman Altı - Lila,99.99
Civil Girls Strong 6-9 Yaş Eşofman Altı - Gri,89.99
Civil Girls Kız Çocuk Eşofman Altı 6-9 Yaş - Yeşil,249.99
Civil Girls Have Cool Baskılı 6-9 Yaş Eşofman Altı - Gri,249.99
Civil Girls Kız Çocuk Eşofman Altı 2-5 Yaş - Pembe,199.99
Civil Girls Basic 6-9 Yaş Eşofman Altı - Gri,149.99
Civil Girls Basic 2-5 Yaş Eşofman Altı - Yeşil,199.99
Civil Girls Smile Tavşan Baskı 2-5 Yaş Eşofman Alt - Pudra,199.99
Civil Girls California Yıldız Baskılı 6-9 Yaş Eşofman Altı - Pudra,129.99
Civil Girls California Yıldız Baskılı 2-5 Yaş Eşofman Altı - Siyah,99.99
Civil Girls Never Give Up Baskılı 6-9 Yaş Eşofman Altı - Gri,129.99
Civil Girls Paçası Yırtmaçlı 10-13 Yaş Eşofman Altı - Gri,129.99
Civil Girls Önü Çımalı 6-9 Yaş Eşofman Altı - Lila,199.99
Civil Girls Positive Baskılı 10-13 Yaş Eşofman Altı - Lila,149.99
Civil Girls Basic 10-13 Yaş Eşofman Altı - Fil Dişi,449.00
Civil Girls Yanı Cepli 2-5 Yaş Eşofman Altı - Pembe,69.99
Civil Girls Nakışlı 6-9 Yaş Eşofman Altı - Lila,79.99
Civil Girls Renkli Çizgi Baskılı 6-9 Yaş Eşofman Altı - Lacivert,69.99
Civil Girls Kız Çocuk Eşofman Altı 2-5 Yaş - Siyah,149.99
Civil Girls Kedicikler Baskı 2-5 Yaş Eşofman Alt - Pembe,199.99
Civil Girls Little Star Baskılı 6-9 Yaş Eşofman Altı - Gri,99.99
Bugs Bunny Baskılı 2-5 Yaş Eşofman Altı,99.99
Civil Girls California Yıldız Baskılı 2-5 Yaş Eşofman Altı - Pudra,99.99
Civil Girls Paçası Baskılı 6-9 Yaş Eşofman Altı - Siyah,129.99
Civil Girls Kalp Nakışlı 2-5 Yaş Eşofman Altı - Gri,399.00
Civil Girls Balonlu Kedi Baskılı 2-5 Yaş Eşofman Altı - Yeşil,149.99
Civil Girls Cebi Fırfırlı 2-5 Yaş Eşofman Altı - Lacivert,129.99
Civil Girls Kargo Cepli 6-9 Yaş Eşofman Altı - Lacivert,399.00
Civil Girls Kız Çocuk Eşofman Altı 10-13 Yaş - Siyah,249.99
Civil Girls Be Uni Que Baskılı 6-9 Yaş Eşofman Altı - Lacivert,129.99
Civil Girls Kedi Baskılı 1-4 Yaş Eşofman Altı - Fusya,199.99
Civil Girls Nakışlı 10-13 Yaş Eşofman Altı - Gri,79.99
Tweety 2-5 Yaş Eşofman Altı - Pudra,29.99
Civil Girls Kedi Baskılı 2-5 Yaş Eşofman Altı - Gri,99.99
Civil Girls Unicorn Baskılı 2-5 Yaş Eşofman Altı - Lacivert,199.99
Civil Girls Kedi Desenli 2-5 Yaş Eşofman Altı - Sarı,199.99
Civil Girls Kız Çocuk Eşofman Altı 2-5 Yaş - Fusya,199.99
Civil Girls Keep Your Baskı 2-5 Yaş Eşofman Alt - Lila,199.99
Civil Girls Smile Baskılı 2-5 Yaş Eşofman Altı - Siyah,199.99
Civil Girls Basic 2-5 Yaş Eşofman Altı - Fil Dişi,199.99
Civil Girls Yıldız Baskılı 2-5 Yaş Eşofman Altı - Lacivert,199.99
Civil Girls Yanı Cepli 2-5 Yaş Eşofman Altı - Pembe,129.99
Civil Girls Nakışlı 6-9 Yaş Eşofman Altı - Gri,79.99
Civil Girls Basic 6-9 Yaş Eşofman Altı - Siyah,399.00
Civil Girls Lama Baskılı 2-5 Yaş Eşofman Altı - Lacivert,199.99
Civil Girls Have Cool Baskılı 10-13 Yaş Eşofman Altı - Fil Dişi,299.00
Civil Girls Çıma Dikişli 10-13 Yaş Eşofman Altı - Pudra,399.00
Civil Girls Basic 10-13 Yaş Eşofman Altı - Kırmızı,449.00
Civil Girls Paçası Yırtmaçlı 2-5 Yaş Eşofman Altı - Siyah,99.99
Civil Girls Basic 6-9 Yaş Eşofman Altı - Lila,349.00
Civil Girls Düz 2-5 Yaş Eşofman Altı - Pembe,199.99
Civil Girls Jogger 6-9 Yaş Eşofman Altı - Yeşil,249.99
Civil Girls Batik Desen 2-5 Yaş Eşofman Altı - Lila,99.99
Civil Girls Kız Çocuk Eşofman Altı 10-13 Yaş - Pembe,249.99
Civil Girls Be Cool Baskı 2-5 Yaş Eşofman Alt - Pudra,199.99
Civil Girls Kapitone 6-9 Yaş Eşofman Altı - Gri,89.99
Civil Girls Velsoft 2-5 Yaş Eşofman Altı - Lila,99.99
Civil Girls Always Baskılı Active 6-9 Yaş Eşofman Altı - Pudra,139.99
Civil Girls Kelebek Baskılı 2-5 Yaş Eşofman Altı - Fusya,199.99
Civil Girls Kız Çocuk Eşofman Altı 2-5 Yaş - Lila,199.99
Civil Girls Çimalı 2-5 Yaş Eşofman Altı - Pembe,149.99
Civil Girls Kız Çocuk Eşofman Altı 6-9 Yaş - Lila,299.00
Civil Girls Kargo Cepli 2-5 Yaş Eşofman Altı - Haki,129.99
Civil Girls Kız Çocuk Eşofman Altı 2-5 Yaş - Siyah,99.99
Civil Girls Çıma Dikişli 6-9 Yaş Eşofman Altı - Pudra,249.99
Civil Girls AWE Baskılı 10-13 Yaş Eşofman Altı - Gri,249.99
Civil Girls Kız Çocuk Eşofman Altı 6-9 Yaş - Pembe,399.00
B Benetton 4-13 Yaş Eşofman Altı - Pembe,199.99
Civil Girls Renkli Çizgi Baskılı 6-9 Yaş Eşofman Altı - Gri,69.99
Civil Girls Kargo Cepli 2-5 Yaş Eşofman Altı - Yeşil,129.99
Civil Girls Kindness Baskılı 2-5 Yaş Eşofman Altı - Yeşil,99.99
Tom And Jerry Empirme 2-5 Yaş Eşofman Altı - Pembe,79.99
Civil Girls Kız Çocuk Eşofman Altı 6-9 Yaş - Gri,249.99
Civil Girls Sweet Day Baskılı 2-5 Yaş Eşofman Altı - Sarı,149.99
Civil Girls Best Friends Baskılı 2-5 Yaş Eşofman Altı - Gri,199.99
Civil Girls Basic 2-5 Yaş Eşofman Altı - Lacivert,199.99
Civil Girls Velsoft 2-5 Yaş Eşofman Altı - Pudra,99.99
Civil Girls Kedi Desenli 2-5 Yaş Eşofman Altı - Sarı,199.99
Civil Girls Basic 10-13 Yaş Eşofman Altı - Kırmızı,449.00
Civil Girls Yanı Cepli 2-5 Yaş Eşofman Altı - Siyah,69.99
Civil Girls Kız Çocuk Eşofman Altı 6-9 Yaş - Turuncu,199.99
Civil Girls Paçası Simli Baskılı 2-5 Yaş Eşofman Altı - Siyah,99.99
Civil Girls Balık Sırtı 10-13 Yaş Eşofman Altı - Gri,59.99
Civil Girls Papatya Baskılı 2-5 Yaş Eşofman Altı - Pembe,199.99
Civil Girls Gipeli Fitilli Kadife 2-5 Yaş Eşofman Altı - Pudra,99.99
Civil Girls Basic 6-9 Yaş Eşofman Altı - Fil Dişi,149.99
Civil Girls Kedi Baskılı 2-5 Yaş Eşofman Altı - Siyah,199.99
Civil Girls Çima Dikişli 6-9 Yaş Eşofman Altı - Gri,49.99
Civil Girls Jogger 6-9 Yaş Eşofman Altı - Kırmızı,249.99
Civil Girls Basic 10-13 Yaş Eşofman Altı - Fil Dişi,449.00
Civil Girls Puan Baskılı 2-5 Yaş Eşofman Alt - Lacivert,199.99
Civil Girls Yıldız Baskılı 2-5 Yaş Eşofman Altı - Pudra,199.99
Civil Girls Baskılı 10-13 Yaş Eşofman Altı - Lacivert,49.99
Civil Girls Tavşan Baskılı 2-5 Yaş Eşofman Altı - Pembe,149.99
Civil Girls Kız Çocuk Eşofman Altı 6-9 Yaş - Gri,249.99
Civil Girls Pullu Kelebek Nakış 2-5 Yaş Eşofman Alt - Gri,69.99
Civil Girls Kız Baskılı 2-5 Yaş Eşofman Altı - Mavi,149.99
Civil Girls Puan Desenli 10-13 Yaş Eşofman Altı - Pudra,99.99
Civil Girls Renkli Çiçek 2-5 Yaş Eşofman Altı - Lila,149.99
Civil Girls Kız Çocuk Eşofman Altı 2-5 Yaş - Pembe,199.99
Civil Girls Sweet Bears Baskılı 2-5 Yaş Eşofman Altı - Yeşil,199.99
Civil Girls Ebru Desen Active Konsept 10-13 Yaş Eşofman Altı - Pembe,149.99
Civil Girls Smile Baskılı 2-5 Yaş Eşofman Altı - Lila,199.99
Civil Girls Basic 10-13 Yaş Eşofman Altı - Lila,449.00
Civil Girls Varak Baskılı Newsoft 2-5 Yaş Eşofman Altı - Lila,199.99
Civil Girls Balık Sırtı 10-13 Yaş Eşofman Altı - Lacivert,59.99
Civil Girls Leopar Emprime Polar Garnili 2-5 Yaş Eşofman Altı - Pembe,99.99
Civil Girls Batik Desen 6-9 Yaş Eşofman Altı - Turuncu,129.99
Civil Girls Positive Baskılı 6-9 Yaş Eşofman Altı - Gri,169.99
Civil Girls Dizi Kaşkorseli 10-13 Yaş Eşofman Altı - Gri,199.99
Civil Girls Simli Velsoft 2-5 Yaş Eşofman Altı - Lila,249.99
Civil Girls Önü Çımalı 2-5 Yaş Eşofman Altı - Ekru,199.99
Civil Girls Çima Dikişli 6-9 Yaş Eşofman Altı - Lila,99.99
Civil Girls Çift Renkli 10-13 Yaş Eşofman Altı - Gri,199.99
Kappa Paça Baskılı 7-15 Yaş Eşofman Altı - Lila,249.99
Civil Girls Ebru Desen Active Konsept 6-9 Yaş Eşofman Altı - Pembe,129.99
Civil Girls Basic 10-13 Yaş Eşofman Altı - Ekru,449.00
Civil Girls Velsoft 6-9 Yaş Eşofman Altı - Lila,99.99
Civil Girls Friends Unicorn Baskılı 2-5 Yaş Eşofman Altı - Lacivert,199.99
Wonder Woman 10-13 Yaş Eşofman Altı - Lila,49.99
Civil Girls Basic 2-5 Yaş Eşofman Altı - Yeşil,199.99
Civil Girls Little Star Baskılı 2-5 Yaş Eşofman Altı - Gri,99.99
Civil Girls Never Give Up Baskılı 2-5 Yaş Eşofman Altı - Pudra,99.99
Civil Girls Kedicikler Baskı 2-5 Yaş Eşofman Alt - Gri,199.99
Civil Girls Kız Çocuk Eşofman Altı 2-5 Yaş - Kırmızı,149.99
Civil Girls Kalp Nakışlı 2-5 Yaş Eşofman Altı - Siyah,399.00
Civil Girls Leopar Emprime Polar Garnili 6-9 Yaş Eşofman Altı - Pembe,129.99
Civil Girls Kalp Nakışlı 6-9 Yaş Eşofman Altı - Siyah,449.00
Civil Girls Anime Baskılı 6-9 Yaş Eşofman Altı - Pembe,249.99
Civil Girls Keep Your Baskı 2-5 Yaş Eşofman Alt - Lila,199.99
Hello Kitty 2-5 Yaş Eşofman Altı - Siyah,149.99
Civil Girls Be Uni Que Baskılı 10-13 Yaş Eşofman Altı - Turuncu,149.99
Harry Potter 10-13 Yaş Eşofman Altı - Beyaz,169.99
Civil Girls Nakışlı 2-5 Yaş Eşofman Altı - Pembe,69.99
Civil Girls Kelebek Baskılı 2-5 Yaş Eşofman Altı - Pembe,99.99
Civil Girls Velsoft 6-9 Yaş Eşofman Altı - Lila,99.99
Civil Girls Kargo Cepli 6-9 Yaş Eşofman Altı - Siyah,149.99
Civil Girls Yes 2-5 Yaş Eşofman Altı - Siyah,129.99
Civil Girls Kız Çocuk Eşofman Altı 2-5 Yaş - Gri,99.99
Civil Girls Jogger 10-13 Yaş Eşofman Altı - Sarı,249.99
Civil Girls Kız Baskılı 2-5 Yaş Eşofman Altı - Pembe,149.99
Civil Girls Kız Çocuk Eşofman Altı 2-5 Yaş - Pembe,199.99
Civil Girls 2 İp 6-9 Yaş Eşofman Altı - Fil Dişi,149.99
Civil Girls 3 İp 2-5 Yaş Eşofman Altı - Turuncu,299.00
Civil Girls Basic 6-9 Yaş Eşofman Altı - Lila,399.00
Civil Girls Yıldız Baskılı 2-5 Yaş Eşofman Altı - Lacivert,199.99
Kappa Paça Baskılı 7-15 Yaş Eşofman Altı - Siyah,249.99
Civil Girls Süs Dikişli 6-9 Yaş Eşofman Altı - Gri,179.99
Civil Girls One More Time 2-5 Yaş Eşofman Altı - Gri,69.99
Civil Girls Çimalı 2-5 Yaş Eşofman Altı - Gri,149.99
Civil Girls Basic 6-9 Yaş Eşofman Altı - Yeşil,349.00
Civil Girls Kız Çocuk Eşofman Altı 2-5 Yaş - Lila,199.99
Civil Girls Yıldız Baskılı 2-5 Yaş Eşofman Altı - Sarı,199.99
Civil Girls Basic 2-5 Yaş Eşofman Altı - Pudra,199.99
Civil Girls Basic 2-5 Yaş Eşofman Altı - Lila,199.99
Civil Girls Basic 2-5 Yaş Eşofman Altı - Sarı,199.99
Hello Kitty 6-9 Yaş Eşofman Altı - Siyah,199.99
Civil Girls Kız Çocuk Eşofman Altı 2-5 Yaş - Pudra,199.99
Civil Girls Kargo Cepli 6-9 Yaş Eşofman Altı - Yeşil,99.99
Civil Girls Kız Çocuk Eşofman Altı 2-5 Yaş - Yeşil,199.99
Civil Girls Basic 2-5 Yaş Eşofman Altı - Lila,199.99
Civil Girls Gipeli Fitilli Kadife 10-13 Yaş Eşofman Altı - Pudra,129.99
Civil Girls Puan Baskılı 2-5 Yaş Eşofman Alt - Pudra,199.99
Civil Girls Kedi Desenli 2-5 Yaş Eşofman Altı - Yeşil,199.99
Civil Girls Çiçekli Unicorn Baskılı 2-5 Yaş Eşofman Altı - Lila,149.99
Civil Girls Çima Dikişli 6-9 Yaş Eşofman Altı - Pudra,99.99
Civil Girls Rainbow Baskılı 2-5 Yaş Eşofman Altı - Lila,199.99
Civil Girls Leopar Active 2-5 Yaş Eşofman Altı - Pembe,169.99
Civil Girls Yanı Cepli 2-5 Yaş Eşofman Altı - Gri,129.99
Civil Girls Leopar Empirme Polar 2-5 Yaş Eşofman Altı - Fil Dişi,99.99
Civil Girls Ribana Baskılı 6-9 Yaş Eşofman Altı - Fil Dişi,99.99
Civil Girls Çiçek Nakışlı 6-9 Yaş Eşofman Altı - Mavi,449.00
Civil Girls Velsoft 6-9 Yaş Eşofman Altı - Pembe,99.99
Civil Girls Paçası Baskılı 6-9 Yaş Eşofman Altı - Pudra,129.99
Civil Girls Basic 2-5 Yaş Eşofman Altı - Pudra,199.99
Civil Girls Kız Çocuk Eşofman Altı 2-5 Yaş - Gri,199.99
Benetton 4-13 Yaş Eşofman Altı - Siyah,199.99
Civil Girls Basic 10-13 Yaş Eşofman Altı - Beyaz,449.00
Civil Girls Paçası Yırtmaçlı 2-5 Yaş Eşofman Altı - Gri,99.99
Civil Girls Simli Velsoft 6-9 Yaş Eşofman Altı - Lila,299.00
Civil Girls Friends Unicorn Baskılı 2-5 Yaş Eşofman Altı - Lila,199.99
Civil Girls Kargo Cepli 10-13 Yaş Eşofman Altı - Siyah,249.99
Civil Girls Basic 2-5 Yaş Eşofman Altı - Lila,199.99
Civil Girls Strong 10-13 Yaş Eşofman Altı - Pembe,69.99
Civil Girls Çima Dikişli 10-13 Yaş Eşofman Altı - Pembe,149.99
Civil Girls Nakışlı 10-13 Yaş Eşofman Altı - Pembe,79.99
Civil Girls Velsoft 6-9 Yaş Eşofman Altı - Pudra,99.99
Civil Girls Kız Çocuk Eşofman Altı 2-5 Yaş - Ekru,199.99
Civil Girls Can't Stop Me Baskılı 10-13 Yaş Eşofman Altı - Gri,89.99
Civil Girls Super Gırl Baskı 2-5 Yaş Eşofman Alt - Lacivert,199.99
Civil Girls Çima Dikişli 10-13 Yaş Eşofman Altı - Pudra,49.99
Civil Girls Basic 2-5 Yaş Eşofman Altı - Pembe,199.99
Civil Girls Kız Çocuk Eşofman Altı 10-13 Yaş - Bej,249.99
B Benetton 4-13 Yaş Eşofman Altı - Kırmızı,99.99
Civil Girls Basic 6-9 Yaş Eşofman Altı - Kırmızı,399.00
Civil Girls Sweet Day Baskılı 2-5 Yaş Eşofman Altı - Fusya,149.99
Civil Girls 2 İp 6-9 Yaş Eşofman Altı - Pembe,149.99
Civil Girls Kargo Cepli 2-5 Yaş Eşofman Altı - Sarı,129.99
Civil Girls Kız Çocuk Eşofman Altı 2-5 Yaş - Pudra,199.99
Civil Girls Çiçek Baskılı 2-5 Yaş Eşofman Altı - Kırmızı,199.99
Civil Girls 10-13 Yaş Eşofman Alt - Gri,99.99
Civil Girls Paçası Çıtçıtlı 6-9 Yaş Eşofman Altı - Lila,199.99
Civil Girls Yanı 10-13 Yaş Eşofman Altı - Lila,299.00
Civil Girls Have Cool Baskılı 10-13 Yaş Eşofman Altı - Gri,299.00
Civil Girls Yanı Cepli 2-5 Yaş Eşofman Altı - Gri,129.99
Civil Girls Basic 2-5 Yaş Eşofman Altı - Siyah,349.00
Civil Girls Kız Çocuk Eşofman Altı 2-5 Yaş - Lila,199.99
Civil Girls Basic 10-13 Yaş Eşofman Altı - Siyah,449.00
Civil Girls Basic 6-9 Yaş Eşofman Altı - Fusya,399.00
Civil Girls Geyik Emprime 6-9 Yaş Eşofman Alt - Pudra,69.99
Civil Girls Positive Baskılı 2-5 Yaş Eşofman Altı - Gri,99.99
Civil Girls Little Star Baskılı 6-9 Yaş Eşofman Altı - Lacivert,99.99
Tom And Jerry Empirme 6-9 Yaş Eşofman Altı - Pembe,99.99
Civil Girls Kelebek Baskılı 2-5 Yaş Eşofman Altı - Yeşil,199.99
Civil Girls Dizi Kaşkorseli 6-9 Yaş Eşofman Altı - Gri,179.99
Civil Girls Batik 3 İp 10-13 Yaş Eşofman Altı - Pembe,249.99
Civil Girls Basic 2-5 Yaş Eşofman Altı - Kırmızı,349.00
Civil Girls Renkli Çizgi Baskılı 2-5 Yaş Eşofman Altı - Gri,49.99
Civil Girls Baskılı 6-9 Yaş Eşofman Altı - Gri,49.99
Civil Girls Always Baskılı Active 10-13 Yaş Eşofman Altı - Pudra,149.99
Civil Girls Meow Baskı 2-5 Yaş Eşofman Alt - Gri,199.99
Civil Girls Kalp Leopar Baskılı 2-5 Yaş Eşofman Altı - Siyah,199.99
Civil Girls Parçalı 6-9 Yaş Eşofman Altı - Pudra,89.99
Civil Girls Düz 6-9 Yaş Eşofman Altı - Siyah,449.00
Civil Girls Basic 6-9 Yaş Eşofman Altı - Yeşil,149.99
Civil Girls Jogger 10-13 Yaş Eşofman Altı - Kırmızı,249.99
Civil Girls Çima Dikişli 2-5 Yaş Eşofman Altı - Pudra,49.99
Civil Girls Kelebek Baskılı 2-5 Yaş Eşofman Altı - Lacivert,199.99
Civil Girls Have Cool Baskılı 6-9 Yaş Eşofman Altı - Fil Dişi,249.99
Civil Girls Simli Velsoft 2-5 Yaş Eşofman Altı - Gri,249.99
Civil Girls Çima Dikişli 10-13 Yaş Eşofman Altı - Lila,49.99
Civil Girls Basic 2-5 Yaş Eşofman Altı - Pembe,199.99
Civil Girls Çima Dikişli 2-5 Yaş Eşofman Altı - Pudra,99.99
Civil Girls Kedi Baskılı 2-5 Yaş Eşofman Altı - Gri,199.99
Civil Girls One More Time 10-13 Yaş Eşofman Altı - Gri,99.99
Civil Girls Ayıcık Baskılı 2-5 Yaş Eşofman Altı - Yeşil,199.99
Tweety 6-9 Yaş Eşofman Altı - Gri,69.99
Bugs Bunny Empirme 6-9 Yaş Eşofman Altı - Siyah,149.99
Civil Girls Little Star Baskılı 10-13 Yaş Eşofman Altı - Gri,99.99
Civil Girls Çima Dikişli 2-5 Yaş Eşofman Altı - Siyah,49.99
Civil Girls Leopar Emprime Polar Garnili 10-13 Yaş Eşofman Altı - Pembe,129.99
Civil Girls Tavşan Baskılı 2-5 Yaş Eşofman Altı - Lacivert,149.99
Civil Girls Zürafa Baskılı 2-5 Yaş Eşofman Altı - Turuncu,149.99
Civil Girls Little Star Baskılı 6-9 Yaş Eşofman Altı - Lila,99.99
Civil Girls Kedi Desenli 2-5 Yaş Eşofman Altı - Gri,129.99
Civil Girls Çimalı 2-5 Yaş Eşofman Altı - Gri,149.99
Civil Girls Kız Çocuk Eşofman Altı 10-13 Yaş - Gri,299.00
Civil Girls Kız Çocuk Eşofman Altı 6-9 Yaş - Bej,249.99
Civil Girls Anime Baskılı 2-5 Yaş Eşofman Altı - Pembe,199.99
Civil Girls Basic 6-9 Yaş Eşofman Altı - Beyaz,399.00
Civil Girls Balık Sırtı 2-5 Yaş Eşofman Altı - Lacivert,59.99
Civil Girls Be Uni Que Baskılı 10-13 Yaş Eşofman Altı - Lacivert,149.99
Civil Girls One More Time 6-9 Yaş Eşofman Altı - Lila,89.99
Civil Girls One More Time 6-9 Yaş Eşofman Altı - Gri,149.99
Civil Girls Çiçek Baskılı 2-5 Yaş Eşofman Altı - Pudra,149.99
Civil Girls Gipeli Fitilli Kadife 10-13 Yaş Eşofman Altı - Lila,129.99
Civil Girls Basic 2-5 Yaş Eşofman Altı - Pembe,199.99
Civil Girls Paçası Yırtmaçlı 6-9 Yaş Eşofman Altı - Siyah,129.99
Civil Girls Çimalı 2-5 Yaş Eşofman Altı - Turuncu,149.99
Tweety Empirme 10-13 Yaş Eşofman Altı - Ekru,249.99
Civil Girls Kız Çocuk Eşofman Altı 6-9 Yaş - Pembe,249.99
Civil Girls Kız Çocuk Eşofman Altı 2-5 Yaş - Lila,199.99
Tweety Empirme 2-5 Yaş Eşofman Altı - Ekru,79.99
Civil Girls Ribana Baskılı 6-9 Yaş Eşofman Altı - Pudra,99.99
Civil Girls Hop Hop Baskılı 2-5 Yaş Eşofman Altı - Lila,149.99
Civil Girls Kız Çocuk Eşofman Altı 2-5 Yaş - Gri,199.99
Civil Girls Dizi Kaşkorseli 6-9 Yaş Eşofman Altı - Pembe,179.99
Civil Girls Çimalı 2-5 Yaş Eşofman Altı - Haki,149.99
Civil Girls Kargo Cepli 6-9 Yaş Eşofman Altı - Pembe,99.99
Barbıe Kız Çocuk 3-8 Yaş Eşofman Altı - Siyah,219.99
Civil Girls Geyik Baskılı 2-5 Yaş Eşofman Altı - Lacivert,149.99
Civil Girls Yes 2-5 Yaş Eşofman Altı - Pudra,129.99
Tom And Jerry Empirme 10-13 Yaş Eşofman Altı - Pembe,119.99
Civil Girls Çimalı 2-5 Yaş Eşofman Altı - Lila,149.99
Civil Girls Paçası Simli Baskılı 2-5 Yaş Eşofman Altı - Pembe,99.99
Civil Girls Unicorn Baskılı 2-5 Yaş Eşofman Altı - Siyah,149.99
Civil Girls Süs Dikişli 6-9 Yaş Eşofman Altı - Siyah,179.99
Civil Girls Basic 6-9 Yaş Eşofman Altı - Yeşil,399.00
Civil Girls Varak Baskılı Newsoft 2-5 Yaş Eşofman Altı - Pudra,199.99
Civil Girls Düz 4-9 Yaş Eşofman Altı - Siyah,69.99
Civil Girls Paçası Yırtmaçlı 6-9 Yaş Eşofman Altı - Gri,129.99
Civil Girls 3 İp 2-5 Yaş Eşofman Altı - Pudra,299.00
Civil Girls Little Star Baskılı 10-13 Yaş Eşofman Altı - Fil Dişi,99.99
Civil Girls Kız Çocuk Eşofman Altı 10-13 Yaş - Turuncu,299.00
Civil Girls Simli Velsoft 2-5 Yaş Eşofman Altı - Pudra,249.99
Civil Girls Little Star Baskılı 10-13 Yaş Eşofman Altı - Lila,99.99
Civil Girls Çiçek Desenli 2-5 Yaş Eşofman Altı - Yeşil,149.99
Civil Girls Kız Çocuk Eşofman Altı 6-9 Yaş - Pembe,199.99
Civil Girls Nakışlı 2-5 Yaş Eşofman Altı - Lila,69.99
Civil Girls Yanı 10-13 Yaş Eşofman Altı - Siyah,299.00
Civil Girls Çima Dikişli 6-9 Yaş Eşofman Altı - Siyah,49.99
Civil Girls Yanı Puan Baskılı 6-9 Yaş Eşofman Altı - Gri,129.99
Civil Girls Basic 2-5 Yaş Eşofman Altı - Gri,199.99
Civil Girls Pullu Garnili 2-5 Yaş Eşofman Alt - Siyah,99.99
Civil Girls 6-9 Yaş Eşofman Alt - Siyah,89.99
Civil Girls Velsoft 2-5 Yaş Eşofman Altı - Pembe,99.99
Civil Girls Basic 2-5 Yaş Eşofman Altı - Lila,199.99
Civil Girls Basic 2-5 Yaş Eşofman Altı - Pudra,199.99
Civil Girls Puan Baskılı 2-5 Yaş Eşofman Alt - Fusya,199.99
Civil Girls Basic 2-5 Yaş Eşofman Altı - Fil Dişi,349.00
Bugs Bunny Baskılı 10-13 Yaş Eşofman Altı,99.99
Civil Girls Kız Çocuk Eşofman Altı 2-5 Yaş - Siyah,199.99
Civil Girls Basic 2-5 Yaş Eşofman Altı - Gri,349.00
Civil Girls Yanı 10-13 Yaş Eşofman Altı - Pudra,299.00
Civil Girls Pullu Garnili 2-5 Yaş Eşofman Alt - Pembe,99.99
Civil Girls Kız Çocuk Eşofman Altı 2-5 Yaş - Ekru,199.99
Civil Girls Çimalý 6-9 Yaþ Eþofman Altý - Siyah,199.99
Civil Girls Jogger 10-13 Yaş Eşofman Altı - Lila,249.99
Civil Girls Little Star Baskılı 2-5 Yaş Eşofman Altı - Lacivert,99.99
Civil Girls Çift Renkli 2-5 Yaş Eşofman Altı - Lacivert,99.99
Civil Girls Çima Dikişli 2-5 Yaş Eşofman Altı - Pembe,149.99
Civil Girls Hop Hop Baskılı 1-4 Yaş Eşofman Altı - Pudra,199.99
Civil Girls Önü Çımalı 2-5 Yaş Eşofman Altı - Pembe,199.99
Civil Girls Happy Smile Baskılı 2-5 Yaş Eşofman Altı - Gri,149.99
Civil Girls Pullu Garnili 2-5 Yaş Eşofman Alt - Gri,99.99
Civil Girls Karışık Desenli 2-5 Yaş Eşofman Altı - Lila,39.99
Civil Girls Süzene Nakışlı 6-9 Yaş Eşofman Altı - Pudra,199.99
Civil Girls Tavşan Baskılı 2-5 Yaş Eşofman Altı - Turuncu,149.99
Civil Girls Geyik Baskılı 2-5 Yaş Eşofman Altı - Kırmızı,149.99
Civil Girls Mantar Baskılı 2-5 Yaş Eşofman Altı - Turuncu,149.99
Civil Girls Basic 2-5 Yaş Eşofman Altı - Fusya,349.00
Civil Girls Kelebek 2-5 Yaş Eşofman Altı - Lila,69.99
Civil Girls Papatya Baskılı 2-5 Yaş Eşofman Altı - Gri,199.99
Civil Girls Yanı 6-9 Yaş Eşofman Altı - Lila,149.99
B Benetton 4-10 Yaş Eşofman Altı - Mavi,99.99
Civil Girls Basic 10-13 Yaş Eşofman Altı - Lila,449.00
Civil Girls Basic 6-9 Yaş Eşofman Altı - Lila,149.99
Civil Girls 2 İp 6-9 Yaş Eşofman Altı - Yeşil,149.99
Civil Girls Bestself Baskılı 2-5 Yaş Eşofman Altı - Pembe,199.99
Civil Girls Baskılı 10-13 Yaş Eşofman Altı - Gri,49.99
Civil Girls Bulut Baskılı 2-5 Yaş Eşofman Altı - Lacivert,199.99
Civil Girls Yanı Puan Baskılı 10-13 Yaş Eşofman Altı - Gri,149.99
Civil Girls Yanı Puan Baskılı 6-9 Yaş Eşofman Altı - Siyah,129.99
Civil Girls Gipeli Fitilli Kadife 10-13 Yaş Eşofman Altı - Yeşil,129.99
Civil Girls Renkli Çizgi Baskılı 2-5 Yaş Eşofman Altı - Lacivert,49.99
Civil Girls Never Give Up Baskılı 10-13 Yaş Eşofman Altı - Pudra,149.99
Civil Girls Yanı 6-9 Yaş Eşofman Altı - Pudra,149.99
Civil Girls Önü Çımalı 6-9 Yaş Eşofman Altı - Pembe,199.99
Civil Girls Kargo Cepli 2-5 Yaş Eşofman Altı - Siyah,99.99
Civil Girls Be Uni Que Baskılı 6-9 Yaş Eşofman Altı - Turuncu,129.99
Civil Girls Little Star Baskılı 2-5 Yaş Eşofman Altı - Lila,99.99
Civil Girls Quality Nakışlı 10-13 Yaş Eşofman Altı - Pudra,49.99
Civil Girls Basic 2-5 Yaş Eşofman Altı - Lila,199.99
Civil Girls Yanı Cepli Baskılı 6-9 Yaş Eşofman Altı - Gri,199.99
Civil Girls Cebi Fırfırlı 2-5 Yaş Eşofman Altı - Gri,129.99
Civil Girls Kedi Desenli 2-5 Yaş Eşofman Altı - Turuncu,199.99
Civil Girls Unicorn Baskılı 2-5 Yaş Eşofman Altı - Pembe,199.99
Tweety Empirme 6-9 Yaş Eşofman Altı - Ekru,199.99
Civil Girls Varak Baskılı Newsoft 2-5 Yaş Eşofman Altı - Pudra,199.99
Civil Girls Baskılı 2-5 Yaş Eşofman Altı - Siyah,49.99
Civil Girls Yanı Cepli 2-5 Yaş Eşofman Altı - Siyah,129.99
Civil Girls Kız Çocuk Eşofman Altı 6-9 Yaş - Siyah,199.99
Civil Girls Kindness Baskılı 2-5 Yaş Eşofman Altı - Gri,99.99
Civil Girls Super Gırl Baskı 2-5 Yaş Eşofman Alt - Kırmızı,199.99
Civil Girls 2 İp 6-9 Yaş Eşofman Altı - Lila,149.99
Civil Girls Geyik Emprime 6-9 Yaş Eşofman Alt - Pembe,69.99
Civil Girls Always Baskılı Active 2-5 Yaş Eşofman Altı - Pudra,119.99
Civil Girls Kız Çocuk Eşofman Altı 2-5 Yaş - Lila,199.99
Barbıe Kız Garson 9-14 Yaş Eşofman Altı - Fusya,269.00
Civil Girls Çiçekli Unicorn Baskılı 2-5 Yaş Eşofman Altı - Lila,149.99
Civil Girls Unicorn Baskılı 2-5 Yaş Eşofman Altı - Kırmızı,199.99
Civil Girls Paçası Simli Baskılı 2-5 Yaş Eşofman Altı - Lila,99.99
Civil Girls Can't Stop Me Baskılı 2-5 Yaş Eşofman Altı - Gri,69.99
Civil Girls Little Star Baskılı 2-5 Yaş Eşofman Altı - Gri,99.99
Civil Girls Kız Çocuk Eşofman Altı 2-5 Yaş - Pembe,199.99
Civil Girls Dama Kelebek Baskılı 2-5 Yaş Eşofman Altı - Gri,199.99
Civil Girls Basic 2-5 Yaş Eşofman Altı - Yeşil,349.00
Civil Girls Yanı Şeritli 10-13 Yaş Eşofman Altı - Bordo,449.00
Civil Girls Papatya Baskılı 2-5 Yaş Eşofman Altı - Sarı,199.99
Civil Girls Kelebek Baskılı 6-9 Yaş Eşofman Altı - Pembe,349.00
Civil Girls Süs Dikişli 6-9 Yaş Eşofman Altı - Pudra,179.99
Civil Girls Kargo Cepli 2-5 Yaş Eşofman Altı - Gri,129.99
Civil Girls Positive Baskılı 6-9 Yaş Eşofman Altı - Lila,129.99
Civil Girls Yanı Cepli 2-5 Yaş Eşofman Altı - Pembe,129.99
Civil Girls Çima Dikişli 2-5 Yaş Eşofman Altı - Lila,99.99
Kappa Paça Baskılı 7-15 Yaş Eşofman Altı - Siyah,249.99
Civil Girls Chic Baskılı 6-9 Yaş Eşofman Altı - Lila,199.99
Civil Girls Quality Nakışlı 2-5 Yaş Eşofman Altı - Fil Dişi,49.99
Civil Girls Unicorn Baskılı 2-5 Yaş Eşofman Altı - Lila,199.99
Civil Girls Çima Dikişli 6-9 Yaş Eşofman Altı - Pudra,99.99
Civil Girls Kız Çocuk Eşofman Altı 2-5 Yaş - Pembe,199.99
Civil Girls Parçalı 6-9 Yaş Eşofman Altı - Gri,99.99
Civil Girls Çift Renkli 6-9 Yaş Eşofman Altı - Gri,179.99
Civil Girls Velsoft 2-5 Yaş Eşofman Altı - Pembe,99.99
Kappa Baskılı 7-15 Yaş Eşofman Altı - Pudra,249.99
Civil Girls Basic 2-5 Yaş Eşofman Altı - Kırmızı,199.99
Civil Girls Çiçek Baskılı 2-5 Yaş Eşofman Altı - Gri,149.99
Civil Girls Çima Dikişli 2-5 Yaş Eşofman Altı - Pudra,99.99
Civil Girls Kız Baskılı 2-5 Yaş Eşofman Altı - Pembe,149.99
Civil Girls Basic 10-13 Yaş Eşofman Altı - Pembe,449.00
Civil Girls Çimalý 6-9 Yaþ Eþofman Altý - Haki,199.99
Civil Girls Paçası Yırtmaçlı 10-13 Yaş Eşofman Altı - Siyah,129.99
Civil Girls Love Baskılı 6-9 Yaş Eşofman Altı - Siyah,49.99
Civil Girls Leopar Emprime Polar Garnili 10-13 Yaş Eşofman Altı - Siyah,129.99
Civil Girls Zürafa Baskılı 2-5 Yaş Eşofman Altı - Lila,149.99
Civil Girls Düz 2-5 Yaş Eşofman Altı - Gri,199.99
Civil Girls Unicorn Empirmeli 2-5 Yaş Eşofman Altı - Pembe,99.99
Civil Girls Çima Dikişli 6-9 Yaş Eşofman Altı - Sarı,99.99
Civil Girls Süs Dikişli 6-9 Yaş Eşofman Altı - Pembe,179.99
Civil Girls 2 İp 6-9 Yaş Eşofman Altı - Beyaz,149.99
Civil Girls Nakışlı 6-9 Yaş Eşofman Altı - Pembe,79.99
Civil Girls Happy Smile Baskılı 2-5 Yaş Eşofman Altı - Siyah,149.99
Civil Girls Basic 10-13 Yaş Eşofman Altı - Fusya,449.00
Civil Girls Kız Çocuk Eşofman Altı 6-9 Yaş - Ekru,249.99
Civil Girls Basic 10-13 Yaş Eşofman Altı - Pudra,449.00
Civil Girls Basic 10-13 Yaş Eşofman Altı - Yeşil,99.99
Civil Girls Fiyonklu 6-9 Yaş Eşofman Altı - Siyah,449.00
Civil Girls Kız Çocuk Eşofman Altı 10-13 Yaş - Gri,249.99
Civil Girls Çiçek Desenli 2-5 Yaş Eşofman Altı - Lacivert,149.99
Civil Girls Little Star Baskılı 2-5 Yaş Eşofman Altı - Pudra,99.99
Civil Girls Renkli Çizgi Baskılı 2-5 Yaş Eşofman Altı - Lila,49.99
Civil Girls Tavşan Baskılı 2-5 Yaş Eşofman Altı - Lila,149.99
Civil Girls Yanı Cepli Baskılı 6-9 Yaş Eşofman Altı - Siyah,199.99
Civil Girls Positive Baskılı 10-13 Yaş Eşofman Altı - Gri,99.99
Civil Girls Kedi Desenli 2-5 Yaş Eşofman Altı - Pembe,129.99
Civil Girls Lama Baskılı 2-5 Yaş Eşofman Altı - Lila,199.99
Civil Girls Geyik Baskılı 2-5 Yaş Eşofman Altı - Pembe,149.99
Civil Girls Jogger 2-5 Yaş Eşofman Altı - Sarı,249.99
Civil Girls Çimalı 2-5 Yaş Eşofman Altı - Pudra,149.99
Civil Girls Şerit Pul Nakışlı 6-9 Yaş Eşofman Altı - Siyah,499.00
Civil Girls Çıma Dikişli 2-5 Yaş Eşofman Altı - Pudra,149.99
Civil Girls Yanı 6-9 Yaş Eşofman Altı - Siyah,149.99
Civil Girls Jogger 6-9 Yaş Eşofman Altı - Lila,249.99
Civil Girls Puan Baskılı 2-5 Yaş Eşofman Alt - Pembe,199.99
Civil Girls Çima Dikişli 6-9 Yaş Eşofman Altı - Lila,99.99
Civil Girls Basic 6-9 Yaş Eşofman Altı - Pembe,349.00
Civi Girls Dondurmalı Unicorn Emprime Baskı 2-5 Yaş Eşofman Alt - Lacivert,169.99
Civil Girls Gipeli Fitilli Kadife 6-9 Yaş Eşofman Altı - Yeşil,129.99
Civil Girls Strong 2-5 Yaş Eşofman Altı - Pembe,69.99
Civil Girls Çilek Elcikli 2-5 Yaş Eşofman Altı - Gri,199.99
Civil Girls 2-5 Yaş Eşofman Alt - Gri,69.99
Civil Girls Ebru Desen Active Konsept 2-5 Yaş Eşofman Altı - Pembe,99.99
Civil Girls Çima Dikişli 6-9 Yaş Eşofman Altı - Turuncu,99.99
Civil Girls Now Baskılı 10-13 Yaş Eşofman Altı - Lila,249.99
B Benetton 4-10 Yaş Eşofman Altı - Sarı,99.99
Civil Girls Basic 6-9 Yaş Eşofman Altı - Pudra,149.99
Civil Girls Bestself Baskılı 2-5 Yaş Eşofman Altı - Gri,199.99
Civil Girls Papatya Baskılı 2-5 Yaş Eşofman Altı - Gri,149.99
Civil Girls Batik Desen 6-9 Yaş Eşofman Altı - Lila,129.99
Civil Girls Gipeli Fitilli Kadife 6-9 Yaş Eşofman Altı - Lila,129.99
Civil Girls Zürafa Baskılı 2-5 Yaş Eşofman Altı - Sarı,149.99
Civil Girls Çiçek Desenli 2-5 Yaş Eşofman Altı - Bej,149.99
Civil Girls Çift Renkli 10-13 Yaş Eşofman Altı - Lacivert,199.99
Civil Girls Kız Çocuk Eşofman Altı 2-5 Yaş - Kırmızı,199.99
Civil Girls Kız Çocuk Eşofman Altı 2-5 Yaş - Gri,199.99
Civil Girls Kalpler Baskılı 2-5 Yaş Eşofman Altı - Lacivert,199.99
Civil Girls Now Baskılı 6-9 Yaş Eşofman Altı - Siyah,249.99
Civil Girls Basic 2-5 Yaş Eşofman Altı - Lila,199.99
Civil Girls Çima Dikişli 2-5 Yaş Eşofman Altı - Gri,99.99
Civil Girls Basic 10-13 Yaş Eşofman Altı - Lila,449.00
Civil Girls Baskılı 6-9 Yaş Eşofman Altı - Pudra,49.99
Civil Girls Baskılı 10-13 Yaş Eşofman Altı - Siyah,49.99
Hello Kitty Pelerin - Kırmızı,599.00
Civil Girls Pötikare 6-9 Yaş Elbise - Kırmızı,799.00
Civil Girls Çiçek Desenli 6-9 Yaş Elbise - Ekru,499.00
Shecco Babba Kız Çocuk Deri Detaylı Tütü Elbise 6-10 Yaş - Siyah,1259.99
Civil Girls Çiçek Desenli 6-9 Yaş Elbise - Mavi,499.00
Civil Girls Deniz Kızı Baskılı Pelerin - Mavi,599.00
Civil Girls Yaka Fırfırlı 6-9 Yaş Elbise - Pudra,399.00
Shecco Babba Kız Çocuk Deri Detaylı Tütü Elbise 6-10 Yaş - Siyah,1259.99
Civil Girls Renli Çiçek Nakışlı 6-9 Yaş Elbise - Ekru,699.00
Civil Girls Yaka Fırfırlı 6-9 Yaş Elbise - Bej,399.00
Kuromi Kız Çocuk Pelerin - Lila,599.00
Civil Girls Pullu 6-9 Yaş Elbise - Siyah,799.00
Civil Girls Beli Lastikli 6-9 Yaş Ceket - Mavi,499.00
Civil Girls ARIZONA 6-9 Yaş Ceket - Mavi,1199.00
Civil Great Here Baskılı 6-9 Yaş Tişört - Siyah,169.99
Civil Cheats Baskılı 6-9 Yaş Tişört - Gri,149.99
Civil Come On Baskılı 6-9 Yaş Tişört - Siyah,179.99
Civil Come On Baskılı 10-13 Yaş Tişört - Beyaz,149.99
Civil Kaplan Baskılı 6-9 Yaş Tişört - Beyaz,139.99
Civil Boys Arazi Aracı Kabartma Baskılı 2-5 Yaş Tişört - Mavi,89.99
Marvel Comıcs Erkek Çocuk 2-7 Yaş Tişört - Gri,89.99
Civil Cheats Baskılı 6-9 Yaş Tişört - Beyaz,149.99
Civil Fermuar Cepli 0722 Baskılı 10-13 Yaş Tişört - Beyaz,169.99
Civil Great Here Baskılı 10-13 Yaş Tişört - Siyah,169.99
Civil Kaplan Baskılı 10-13 Yaş Tişört - Beyaz,199.99
Mıckey Mouse Erkek Çocuk 2-7 Yaş Tişört - Mavi,89.99
Civil Boys Game On Baskılı Owersize 6-9 Yaş Tişört - Siyah,149.99
Civil Nothing İmpossible Baskılı 10-13 Yaş Tişört - Siyah,219.99
Civil Kaplan Baskılı 10-13 Yaş Tişört - Mavi,199.99
Civil Cheats Baskılı 10-13 Yaş Tişört - Gri,169.99
Civil Boys Shouke Baskılı Owersize 6-9 Yaş Tişört - Bej,149.99
Civil Come On Baskılı 10-13 Yaş Tişört - Siyah,149.99
Civil Boys Kolları Dama Baskılı 10-13 Yaş Tişört - Sarı,129.99
Civil Nothing İmpossible Baskılı 6-9 Yaş Tişört - Siyah,169.99
Civil Boys Dama Baskılı Owersize 6-9 Yaş Tişört - Ekru,149.99
Civil Boys Game On Baskılı Owersize 10-13 Yaş Tişört - Siyah,149.99
Civil Fermuar Cepli 0722 Baskılı 10-13 Yaş Tişört - Siyah,169.99
Civil Boys Shouke Baskılı Owersize 6-9 Yaş Tişört - Siyah,149.99
Civil Boys Dama Baskılı Owersize 10-13 Yaş Tişört - Mavi,149.99
Civil Boys Hı You Baskılı 2-5 Yaş Tişört - Gri,99.99
Civil Eforico Baskılı 6-9 Yaş Tişört - Gri,129.99
Civil Boys Kolları Dama Baskılı 6-9 Yaş Tişört - Sarı,129.99
Kappa Erkek Çocuk 5-15 Yaş Tişört - Bej,179.99
Civil Baby Düz Kısa Kol 3 lü 1-3 Yaş Çıtçıtlı Badi - Beyaz,349.00
Civil Baby Düz Kısa Kol 5 li 0-1 Ay Çıtçıtlı Badi - Beyaz,549.00
Civil Baby Tavşan Empirme 1-18 Ay Çıtçıtlı Badi - Fil Dişi,99.99
Civil Baby Tavşan Baskılı 1-18 Ay Çıtçıtlı Badi - Yeşil,39.99
Civil Baby Gökkuşağı Empirme Baskılı 1-18 Ay Çıtçıtlı Badi - Pudra,139.99
Civil Baby Ayıcık Baskılı 0-3 Yaş Çıtçıtlı Badi - Ekru,99.99
Civil Baby Basıc 3-18 Ay Çıtçıtlı Badi - Sarı,29.99
Nova Baby Kız Bebek Çilek Kokulu Atlet 0-9 Ay Çıtçıtlı Badi - Ekru,119.99
Civil Baby Düz 0-18 Ay 5'li Çıtçıtlı Badi - Yeşil,89.99
Civil Baby Bugs Bunny Baskılı 1-18 Ay Çıtçıtlı Badi - Kırmızı,99.99
Civil Baby Aslan Baskılı 2 Li 1-3 Ay Çıtçıtlı Badi - Sarı,119.99
Civil Baby Güneş Etiketli 3-18 Ay Çıtçıtlı Badi - Kahverengi,54.99
Civil Baby Balıkçı Yaka Tavşanlar Baskılı 1-18 Ay Çıtçıtlı Badi - Pembe,99.99
Civil Baby Penye İp Askılı Dantelli 2-3 Yaş Kız Çıtçıtlı Badi - Pembe,139.99
Civil Baby Basıc 3 Lü 0-36 Ay Çıtçıtlı Badi - Kahverengi,399.00
Civil Baby Basıc Düğmeli 3-18 Ay Çıtçıtlı Badi - Hardal,49.99
Civil Baby 3-18 Ay Çıtçıtlı Badi - Hardal,39.99
Civil Baby Düz 0-18 Ay 5'li Çıtçıtlı Badi - Gri,89.99
Civil Baby Düz Sıfır Kol 0-1 Ay Çıtçıtlı Badi - Beyaz,69.99
Civil Baby Ayıcık Baskılı 1-18 Ay Çıtçıtlı Badi - Mavi,219.99
Civil Baby Çizgili Tiger Baskılı 1-18 Ay Çıtçıtlı Badi - Kahverengi,99.99
Miniworld Be Friends 3-18 Ay 4 Beden 2'in 1 Pack 3-12 Ay Çıtçıtlı Badi - Turuncu,109.99
Civil Baby Kalp Baskılı 1-36 Ay Çıtçıtlı Badi - Pembe,119.99
Civil Baby Organik 5 li Sıfır Kol 1-3 yaş Çıtçıtlı Badi - Pembe,599.00
Civil Baby Düz 0-24 Ay Çıtçıtlı Badi - Ekru,699.00
Civil Baby Gökkuşağı Baskılı 1-36 Ay Çıtçıtlı Badi - Pudra,99.99
Civil Baby Tilki Tavşan Empirme Baskılı 1-18 Ay Çıtçıtlı Badi - Yeşil,99.99
Civil Baby Gökkuşağı Empirme Baskılı 1-18 Ay Çıtçıtlı Badi - Pudra,129.99
Civil Baby Zürafa Baskılı Prematüre Çıtçıtlı Badi - Yeşil,149.99
Civil Baby Çizgi Empirme Baskılı 1-18 Ay Çıtçıtlı Badi - Yeşil,69.99
Civil Baby Flowery Baskılı 3-18 Çıtçıtlı Badi - Pudra,279.00
Civil Baby Boom Empirme Baskılı 1-18 Ay Çıtçıtlı Badi - Kahverengi,34.99
Civil Baby 5 li Düz Basic Sıfır Kol1-3 Yaş Çıtçıtlı Badi - Ekru,499.00
Civil Baby Çıtır Çiçek Empirme Baskılı 1-18 Ay Çıtçıtlı Badi - Ekru,129.99
Civil Baby Ekoseli Empirme 1-18 Ay Çıtçıtlı Badi - Yeşil,69.99
Civil Baby Çiçek Empirme Baskılı 1-18 Ay Çıtçıtlı Badi - Pudra,99.99
Civil Baby Düz Renkli Kısa Kol 3-9 Ay Çıtçıtlı Badi - Sarı,84.99
Miniworld Be Friends 3-18 Ay 4 Beden 2'in 1 Pack 3-12 Ay Çıtçıtlı Badi - Hardal,109.99
Civil Baby Sevimli Hayvanlar Empirme Baskılı 1-18 Ay Çıtçıtlı Badi - Fil Dişi,139.99
Civil Baby Düz Renkli Uzun Kol 12-36 Ay Çıtçıtlı Badi - Sarı,84.99
Civil Baby Basıc 3-18 Ay Çıtçıtlı Badi - Pembe,29.99
Civil Baby Yıldız Nakışlı 1-18 Ay Çıtçıtlı Badi - Pembe,149.99
Civil Baby Güneş Etiketli 3-18 Ay Çıtçıtlı Badi - Kahverengi,64.99
Civil Baby Sevimli Geometrik Hayvanlar Emp.1-18 Ay Çıtçıtlı Badi - Ekru,99.99
Civil Baby Meyve Ve Sebze Empirme Baskılı 1-18 Ay Çıtçıtlı Badi - Pembe,79.99
Civil Baby Babası Gibi Yakışıklı Baskılı Sfr.Kol1-36 Ay Çıtçıtlı Badi - Ekru,79.99
Civil Baby Yıldız Empirme 1-3 Yaş Çıtçıtlı Badi - Kahverengi,229.99
Civil Baby Organik 5 li Sıfır Kol 0-1 Ay Çıtçıtlı Badi - Mavi,449.00
Süperman Baskılı 1-18 Ay Çıtçıtlı Badi - Beyaz,49.99
Civil Baby Yaka Fırfırlı Çiçek Etiketli 3-18 Ay Çıtçıtlı Badi - Bej,69.99
Civil Baby Basıc 3-18 Ay Çıtçıtlı Badi - Kahverengi,29.99
Civil Baby Çizgili Empirme 1-36 Ay Çıtçıtlı Badi - Gri,99.99
Civil Baby Basıc Düğmeli 3-18 Ay Çıtçıtlı Badi - Sarı,49.99
Civil Baby Çiçek Baskılı 1-36 Ay Çıtçıtlı Badi - Pembe,99.99
Civil Baby Annesi'Nin Minik Kuzusu Sfr.Kol1-36 Ay Çıtçıtlı Badi - Ekru,89.99
Civil Baby Renkli Hayvanlar Baskılı 3-18 Çıtçıtlı Badi - Yeşil,279.00
Civil Baby Çiçek Empirme Baskılı 1-18 Ay Çıtçıtlı Badi - Pudra,79.99
Civil Baby Düz Renkli 3-36 Ay Çıtçıtlı Badi - Mavi,89.99
Civil Baby Düz Renkli Kısa Kol 3-9 Ay Çıtçıtlı Badi - Kahverengi,84.99
Miniworld Büyük Çiçekli 3-18 Ay 3-12 Ay Çıtçıtlı Badi - Turuncu,109.99
Civil Baby Kemik 1-8 Ay Çıtçıtlı Badi - Mavi,19.99
Civil Baby Bulut Baskılı 1-18 Ay Çıtçıtlı Badi - Lila,99.99
Civil Baby Ayıcık Baskılı 1-18 Ay Çıtçıtlı Badi - Kahverengi,99.99
Civil Baby Penye İp Askılı Dantelli 2-3 Yaş Kız Çıtçıtlı Badi - Sarı,139.99
Civil Baby Düz Kısa Kol 3 lü 0-1 Ay Çıtçıtlı Badi - Beyaz,349.00
Civil Baby Tavşan Baskılı 3-12 Ay Çıtçıtlı Badi - Lila,219.99
Civil Baby Fırfır Tüllü 3-12 Ay Çıtçıtlı Badi - Ekru,449.00
Albimini Askılı Fırfırlı 0-18 Ay Çıtçıtlı Badi - Lila,149.99
Civil Baby Fun Animals Baskılı 3-18 Çıtçıtlı Badi - Hardal,279.00
Civil Baby Çiçek Nakışlı 3-18 Ay Çıtçıtlı Badi - Bej,69.99
Minidamla Safari1-18 Ay Çıtçıtlı Badi - Bej,59.99
Civil Baby İp Askılı Dantelli 12-24 Ay Kız Çıtçıtlı Badi - Pembe,139.99
Civil Baby Basıc Düğmeli 3-18 Ay Çıtçıtlı Badi - Turuncu,49.99
Civil Baby Basıc İp Askılı 5 Li 0-36 Ay Çıtçıtlı Badi - Pembe,499.00
Civil Baby Natural Flowers Baskılı 3-18 Çıtçıtlı Badi - Pembe,279.00
Civil Baby Leopar Baskılı 2 Li 3-12 AY Çıtçıtlı Badi - Pembe,129.99
Civil Baby Düz 0-18 Ay 5'li Çıtçıtlı Badi - Kırmızı,89.99
Civil Baby Tilki Tavşan Empirme Baskılı 1-18 Ay Çıtçıtlı Badi - Yeşil,99.99
Civil Baby Düz Uzun Kol 5 li 3-9 Ay Çıtçıtlı Badi - Beyaz,599.00
Civil Baby Fiyonk Empirme 1-36 Ay Çıtçıtlı Badi - Gri,119.99
Civil Baby Düz Uzun Kol 3-9 Ay Çıtçıtlı Badi - Beyaz,84.99
Civil Baby Penye İp Askılı Dantelli 3-9 Ay Kız Çıtçıtlı Badi - Pembe,139.99
Civil Baby Panda ve Hayvanlar Baskılı 3-12 Ay Çıtçıtlı Badi - Kahverengi,219.99
Civil Baby Cute Bear Baskılı 3-18 Çıtçıtlı Badi - Kahve,279.00
Kravat Basklı Süperman 1-18 Ay Çıtçıtlı Badi - Mavi,49.99
Civil Baby Ayıcık Empirme Baskılı Sfr.Kol1-36 Ay Çıtçıtlı Badi - Ekru,99.99
Civil Baby Çizgili Empirme 1-36 Ay Çıtçıtlı Badi - Pudra,99.99
Civil Baby Uğur Böceği Empirme 0-48 Ay Çıtçıtlı Badi - Ekru,99.99
Civil Baby Kedi Kız Empirme Baskılı 1-18 Ay Çıtçıtlı Badi - Kırmızı,49.99
Civil Baby Tiranozor Baskılı 3-36 Ay Çıtçıtlı Badi - Haki,129.99
Civil Baby Düz Renkli 3-36 Ay Çıtçıtlı Badi - Ekru,89.99
Batman Baskılı 0-18 Ay Çıtçıtlı Badi - Beyaz,29.99
Civil Baby Basıc Düğmeli 3-18 Ay Çıtçıtlı Badi - Kahverengi,39.99
Civil Baby Balık Empirme 3-36 Ay Çıtçıtlı Badi - Lacivert,129.99
Civil Baby Originals Baskılı 0-3 Yaş Çıtçıtlı Badi - Mavi,229.99
Civil Baby Timsah Empirme Baskılı 1-18 Ay Çıtçıtlı Badi - Yeşil,99.99
Civil Baby Askılı Düğme Detaylı 3-18 Ay Çıtçıtlı Badi - Ekru,44.99
Civil Baby İp Askılı Dantelli 12-24 Ay Kız Çıtçıtlı Badi - Yeşil,139.99
Civil Baby Çıtır Çiçek Empirme Baskılı 1-18 Ay Çıtçıtlı Badi - Pudra,129.99
Civil Baby Düz Renkli 3-36 Ay Çıtçıtlı Badi - Gri,89.99
Civil Baby Renkli Hayvanlar 1-18 Ay Çıtçıtlı Badi - Ekru,24.99
Civil Baby Zürefa Bulut 1-18 Ay Çıtçıtlı Badi - Pembe,19.99
Civil Baby Düz Renkli Kısa Kol 0-1 Ay Çıtçıtlı Badi - Pembe,84.99
Civil Baby Tavşan Çiçek Empirme Baskılı 1-18 Ay Çıtçıtlı Badi - Pudra,69.99
Civil Baby Kalpli Ayıcık Empirme Baskılı 1-18 Ay Çıtçıtlı Badi - Pudra,139.99
Civil Baby Papatya Nakışlı 1-18 Ay Çıtçıtlı Badi - Sarı,99.99
Çakıl Baskılı 0-18 Ay Çıtçıtlı Badi - Gri,29.99
Civil Baby Arı Empirme Baskılı Sfr.Kol1-36 Ay Çıtçıtlı Badi - Sarı,99.99
Civil Baby Basıc Düğmeli 3-18 Ay Çıtçıtlı Badi - Ekru,49.99
Civil Baby Aslan Baskılı 3-36 Ay Çıtçıtlı Badi - Gri,129.99
Civil Baby Dinazor Empirme Baskılı 1-18 Ay Çıtçıtlı Badi - Pembe,139.99
Minidamla Safari1-18 Ay Çıtçıtlı Badi - Gri,59.99
Minidamla Jakar Çizgili Ay 0-9 Ay Çıtçıtlı Badi - Ekru,49.99
Civil Baby Cep Nakışlı 1-18 Ay Çıtçıtlı Badi - Kahverengi,99.99
Civil Baby Colored Fıgures Baskılı 3-18 Çıtçıtlı Badi - Mavi,279.00
Civil Baby Dinazor Empirmeli 5 Li 0-36 Ay Çıtçıtlı Badi - Yeşil,569.00
Civil Baby Family Panda Baskılı 3-12 Ay Çıtçıtlı Badi - Yeşil,219.99
Civil Baby Boom Empirme Baskılı 1-18 Ay Çıtçıtlı Badi - Gri,49.99
Süperman Baskılı 0-18 Ay Çıtçıtlı Badi - Mavi,29.99
Civil Baby Gök Kuşağı Nakışlı Yakalı 1-18 Ay Çıtçıtlı Badi - Yeşil,149.99
Civil Baby Little Bear Baskılı 1-18 Ay Çıtçıtlı Badi - Haki,99.99
Civil Baby Harf Nakışlı 3-18 Ay Çıtçıtlı Badi - Sarı,99.99
Civil Baby Düz Uzun Kol 3 lü 3-9 Ay Çıtçıtlı Badi - Beyaz,349.00
Civil Baby Basıc 3 Lü 0-36 Ay Çıtçıtlı Badi - Bej,299.00
Civil Baby Ayıcık Baskılı 1-18 Ay Çıtçıtlı Badi - Ekru,219.99
Civil Baby Düz Renkli 0-1 Ay Çıtçıtlı Badi - Kahverengi,69.99
Civil Baby Ayıcık Baskılı 0-3 Yaş Çıtçıtlı Badi - Ekru,99.99
Beybek Triko 1-6 Ay Çıtçıtlı Badi - Pembe,89.99
Civil Baby Düz 0-18 Ay 5'li Çıtçıtlı Badi - Pudra,89.99
Civil Baby Mini Pati Empirme 1-18 Ay Çıtçıtlı Badi - Kahve,149.99
Civil Baby 3'lü Karışık Renk 3-36 Ay Çıtçıtlı Badi - Turuncu,299.00
Tweety Baskılı 0-18 Ay Çıtçıtlı Badi - Gri,29.99
Miniworld Büyük Çiçekli 3-18 Ay 3-12 Ay Çıtçıtlı Badi - Mavi,109.99
Civil Baby Hello Kitty Kalp Baskılı 1-18 Ay Çıtçıtlı Badi - Pembe,119.99
Minidamla Baklava Desen Ay 0-9 Ay Çıtçıtlı Badi - Pembe,49.99
Civil Baby Butterfly Baskılı 3-18 Çıtçıtlı Badi - Lila,279.00
Civil Baby Çiçek Baskılı Prematüre Çıtçıtlı Badi - Pembe,199.99
Civil Baby Çiçek Empirme 1-36 Ay Çıtçıtlı Badi - Mavi,119.99
Civil Baby Çiçekli Tavşan Empirme Baskılı 1-18 Ay Çıtçıtlı Badi - Pembe,39.99
Tweety Baskılı 0-18 Ay Çıtçıtlı Badi - Beyaz,29.99
Civil Baby Basıc 3 Lü 0-36 Ay Çıtçıtlı Badi - Gri,399.00
Civil Baby Panda ve Hayvanlar Baskılı 3-12 Ay Çıtçıtlı Badi - Hardal,219.99
Civil Baby Dinazor Empirme Baskılı 1-18 Ay Çıtçıtlı Badi - Yeşil,129.99
Civil Baby I Mummy Kalp 1-18 Ay Çıtçıtlı Badi - Ekru,24.99
Minidamla Puanlı Ay 0-9 Ay Çıtçıtlı Badi - Mavi,19.99
Civil Baby Harf Nakışlı 3-18 Ay Çıtçıtlı Badi - Yeşil,99.99
Tom and Jerry Baskılı 1-18 Ay Çıtçıtlı Badi - Mavi,49.99
Civil Baby Geometrik Desen Baskılı 0-18 Ay Çıtçıtlı Badi - Pembe,19.99
Civil Baby Kuğu Empirme Baskılı 3-12 Ay Çıtçıtlı Badi - Pembe,219.99
Civil Baby Kedi Çiçek Empirme Baskılı 1-18 Ay Çıtçıtlı Badi - Pudra,99.99
Civil Baby Fun Animals Baskılı 3-18 Çıtçıtlı Badi - Kahve,279.00
Civil Baby Ayıcık Empirme Baskılı Sfr.Kol1-36 Ay Çıtçıtlı Badi - Bej,99.99
Minidamla Kedili 1-18 Ay Çıtçıtlı Badi - Pudra,59.99
Taz Yazı Baskılı 1-18 Ay Çıtçıtlı Badi - Kahverengi,49.99
Civil Baby Tilki Tavşan Empirme Baskılı 1-18 Ay Çıtçıtlı Badi - Yeşil,99.99
Civil Baby Düz Renkli Uzun Kol 0-1 Ay Çıtçıtlı Badi - Pembe,84.99
Civil Baby Tom ve Jerry Çizgi Empirme 1-18 Ay Çıtçıtlı Badi - Kırmızı,119.99
Civil Baby Uğur Böceği Empirme 0-48 Ay Çıtçıtlı Badi - Ekru,119.99
Civil Baby Hello Ayıcık Nakışlı 3-18 Ay Çıtçıtlı Badi - Haki,169.99
Civil Baby Kedi Çiçek Empirme Baskılı 1-18 Ay Çıtçıtlı Badi - Pembe,99.99
Civil Baby Hayvanlar Empirme Baskılı 1-18 Ay Çıtçıtlı Badi - Mavi,79.99
Civil Baby Uğur Böceği Empirme 0-48 Ay Çıtçıtlı Badi - Pembe,99.99
Civil Baby Ayıcık Empirmeli 3 Lü 0-36 Ay Çıtçıtlı Badi - Bej,449.00
Civil Baby Ayıcık Baskılı 1-18 Ay Çıtçıtlı Badi - Pembe,219.99
Civil Baby 5 li Düz Basic Sıfır Kol 0-1 Ay Çıtçıtlı Badi - Beyaz,499.00
Civil Baby Kelebek Empirmeli 3 Lü 1-36 Ay Çıtçıtlı Badi - Bej,399.00
Civil Baby Düz 0-18 Ay 5'li Çıtçıtlı Badi - Turuncu,89.99
Civil Baby Çıtır Çiçek Empirme Baskılı 1-18 Ay Çıtçıtlı Badi - Pudra,139.99
Civil Baby Kalpli Ayıcık Empirme Baskılı 1-18 Ay Çıtçıtlı Badi - Lila,139.99
Civil Baby Arabalı Ayıcık 1-18 Ay Çıtçıtlı Badi - Yeşil,19.99
Civil Baby Tilki Tavşan Empirme Baskılı 1-18 Ay Çıtçıtlı Badi - Mavi,99.99
Civil Baby Arabalı Ayıcık 1-18 Ay Çıtçıtlı Badi - Mavi,19.99
Minidamla Safari1-18 Ay Çıtçıtlı Badi - Yeşil,59.99
Civil Baby Yaka Fırfırlı Çiçek Etiketli 3-18 Ay Çıtçıtlı Badi - Bej,59.99
Civil Baby Winter Flower 3-18 Ay Çıtçıtlı Badi - Pudra,159.99
Civil Baby Doktor Baskılı Sfr.Kol1-36 Ay Çıtçıtlı Badi - Lacivert,79.99
Nova Baby Karpuz Kokulu Kısa Kol 1-9 Ay Çıtçıtlı Badi - Ekru,149.99
Civil Baby Little Bear Baskılı 1-36 Ay Çıtçıtlı Badi - Kırmızı,99.99
Civil Baby Kedi ve Köpek Empirme Baskılı 1-18 Ay Çıtçıtlı Badi - Pudra,39.99
Miniworld Be Friends 3-18 Ay 4 Beden 2'in 1 Pack 3-12 Ay Çıtçıtlı Badi - Yeşil,109.99
Civil Baby Ağaçlı Ayı Empirme Baskılı 1-18 Ay Çıtçıtlı Badi - Sarı,39.99
Minidamla Puanlı Ay 0-9 Ay Çıtçıtlı Badi - Ekru,19.99
Civil Baby Garden 2'in 1 Pack 6-18 Ay Çıtçıtlı Badi - Hardal,99.99
Civil Baby Ayı 1-18 Ay Çıtçıtlı Badi - Pembe,19.99
Civil Baby Düz Renkli 1-3 Yaş Çıtçıtlı Badi - Sarı,69.99
Civil Baby Çizgili 3-36 Ay Çıtçıtlı Badi - Kırmızı,129.99
Aziz Bebe Kuğu Empirme 12-36 Ay Çıtçıtlı Badi - Ekru,99.99
Civil Baby Çiçek Tavşan Baskılı 2 Li 3-12 AY Çıtçıtlı Badi - Lila,129.99
Civil Baby Araba Empirme Baskılı 1-18 Ay Çıtçıtlı Badi - Sarı,149.99
Civil Baby Basic Bisiklet Yaka 3-18 Ay Çıtçıtlı Badi - Pudra,69.99
Civil Baby Balık 1-18 Ay Çıtçıtlı Badi - Mavi,19.99
Civil Baby Cute Numbers 3-18 Ay Çıtçıtlı Badi - Fil Dişi,119.99
Civil Baby Annesi Gibi Prenses Baskılı Sfr.Kol1-36 Ay Çıtçıtlı Badi - Pembe,79.99
Beybek Triko 1-6 Ay Çıtçıtlı Badi - Ekru,89.99
Nova Baby Yeşil Ema Kokulu Kısa Kol 1-12 Ay Çıtçıtlı Badi - Ekru,149.99
Tom and Jerry Baskılı 1-18 Ay Çıtçıtlı Badi - Beyaz,49.99
Civil Baby Ayıcık Baskılı 1-18 Ay Çıtçıtlı Badi - Pudra,89.99
Civil Baby Palmiye Baskılı 6-18 Ay Çıtçıtlı Badi - Ekru,99.99
Bugs Bunny Baskılı 0-18 Ay Çıtçıtlı Badi - Beyaz,29.99
Civil Baby Tavşan Baskılı 1-18 Ay Çıtçıtlı Badi - Yeşil,34.99
Civil Baby Basıc Düğmeli 3-18 Ay Çıtçıtlı Badi - Ekru,59.99
Civil Baby Renkli Çizgi Empirme Baskılı 1-18 Ay Çıtçıtlı Badi - Kahverengi,79.99
Civil Baby Dondurma Baskılı 1-36 Ay Çıtçıtlı Badi - Ekru,119.99
Civil Baby Dedesi'Nin Minik Kuzusu Sfr.Kol1-36 Ay Çıtçıtlı Badi - Ekru,89.99
Civil Baby Basıc 3 Lü 0-36 Ay Çıtçıtlı Badi - Pudra,349.00
Civil Baby Renkli Çizgi Empirme Baskılı 1-18 Ay Çıtçıtlı Badi - Mavi,79.99
Civil Baby Süs Etiketli Yaka Düğmeli 3-18 Ay Çıtçıtlı Badi - Pudra,99.99
Minidamla Kedili 1-18 Ay Çıtçıtlı Badi - Pembe,59.99
Civil Baby Little Bear Baskılı 1-36 Ay Çıtçıtlı Badi - Fil Dişi,99.99
Civil Baby Düz Sıfır Kol 3 lü 3-9 Ay Çıtçıtlı Badi - Beyaz,299.00
Civil Baby Akıllı Olun Baskılı Sfr.Kol1-36 Ay Çıtçıtlı Badi - Sarı,79.99
Civil Baby Düz 0-18 Ay 5'li Çıtçıtlı Badi - Lila,89.99
Civil Baby Gökkuşağı Baskılı 1-36 Ay Çıtçıtlı Badi - Lila,99.99
Civil Baby Be Friends 2'in 1 Pack 6-18 Ay Çıtçıtlı Badi - Yeşil,99.99
Bambam Baskılı 0-18 Ay Çıtçıtlı Badi - Beyaz,29.99
Civil Baby Organik 5 li Sıfır Kol 3-9 Ay Çıtçıtlı Badi - Ekru,499.00
Civil Baby Family Panda Baskılı 3-12 Ay Çıtçıtlı Badi - Turuncu,219.99
Civil Baby Ayı 1-18 Ay Çıtçıtlı Badi - Kırmızı,19.99
Civil Baby Safari Baskılı 3-12 Ay Çıtçıtlı Badi - Kahve,219.99
Civil Baby Hayvanlar Empirme Baskılı 1-18 Ay Çıtçıtlı Badi - Haki,79.99
Civil Baby Düz Renkli Uzun Kol 0-1 Ay Çıtçıtlı Badi - Mavi,84.99
Civil Baby 5 li Düz Basic Sıfır Kol 3-9 Ay Çıtçıtlı Badi - Ekru,499.00
Civil Baby Penye İp Askılı Dantelli 3-9 Ay Kız Çıtçıtlı Badi - Pembe,139.99
Civil Baby Penye İp Askılı Dantelli 3-9 Ay Kız Çıtçıtlı Badi - Ekru,139.99
Civil Baby Basic Bisiklet Yaka 3-18 Ay Çıtçıtlı Badi - Mavi,69.99
Civil Baby Basıc Düğmeli 3-18 Ay Çıtçıtlı Badi - Sarı,59.99
Civil Baby Simli 3-18 Ay Çıtçıtlı Badi - Mavi,39.99
Civil Baby İp Askılı Dantelli 12-24 Ay Kız Çıtçıtlı Badi - Sarı,139.99
Civil Baby Mantar Çiçek 3-18 Ay Çıtçıtlı Badi - Bej,219.99
Civil Baby Düz Renkli 3-36 Ay Çıtçıtlı Badi - Kırmızı,89.99
Civil Baby Basıc 3-18 Ay Çıtçıtlı Badi - Ekru,29.99
Minidamla Fistolu Nakşlı 1-12 Ay Çıtçıtlı Badi - Pembe,169.99
Civil Baby Çizgili Empirme 1-36 Ay Çıtçıtlı Badi - Pembe,99.99
Civil Baby Yıldız Empirmeli 5 Li 1-36 Ay Çıtçıtlı Badi - Pembe,549.00
Civil Baby Araba Empirme Baskılı 1-18 Ay Çıtçıtlı Badi - Mavi,44.99
Civil Baby Düz Kısa Kol 3 lü 3-9 Ay Çıtçıtlı Badi - Beyaz,349.00
Bugs Bunny Baskılı 0-18 Ay Çıtçıtlı Badi - Mavi,29.99
Civil Baby Garden 2'in 1 Pack 6-18 Ay Çıtçıtlı Badi - Pembe,99.99
Civil Baby Düz Renkli Uzun Kol 12-36 Ay Çıtçıtlı Badi - Kahverengi,84.99
Civil Baby Little Bear Baskılı 1-36 Ay Çıtçıtlı Badi - Hardal,99.99
Civil Baby Sevimli Hayvanlar Empirme Baskılı 1-18 Ay Çıtçıtlı Badi - Fil Dişi,139.99
Civil Baby İp Askılı Dantelli 12-24 Ay Kız Çıtçıtlı Badi - Ekru,139.99
Beybek Triko 1-6 Ay Çıtçıtlı Badi - Pembe,89.99
Civil Baby Evin Küçük Prensi Baskılı Sfr.Kol1-36 Ay Çıtçıtlı Badi - Mavi,79.99
Civil Baby Flowery Baskılı 3-18 Çıtçıtlı Badi - Pudra,279.00
Kravat Basklı Süperman 1-18 Ay Çıtçıtlı Badi - Beyaz,49.99
Civil Baby Uzay Empirme 1-18 Ay Çıtçıtlı Badi - Mavi,79.99
Minidamla Jakar Üç Nokta Ay 0-9 Ay Çıtçıtlı Badi - Mavi,49.99
Civil Baby Ayıcık Empirme Premature Çıtçıtlı Badi - Pembe,24.99
Minidamla Kedili 1-18 Ay Çıtçıtlı Badi - Pembe,59.99
Civil Baby Gökkuşağı Baskılı 1-36 Ay Çıtçıtlı Badi - Fil Dişi,99.99
Minidamla Safari1-18 Ay Çıtçıtlı Badi - Mavi,59.99
Civil Baby Anneannesi'Nin Minik Kuzusu Sfr.Kol1-36 Ay Çıtçıtlı Badi - Ekru,89.99
Süperman Baskılı 0-18 Ay Çıtçıtlı Badi - Beyaz,29.99
Civil Baby C Baskılı 0-3 Yaş Çıtçıtlı Badi - Gri,179.99
Civil Baby Babası Gibi Yakışıklı Baskılı Sfr.Kol1-36 Ay Çıtçıtlı Badi - Lacivert,79.99
Aziz Bebe Kuğu Empirme 1-9 Ay Çıtçıtlı Badi - Ekru,99.99
Civil Baby Fiyonk Empirme 1-36 Ay Çıtçıtlı Badi - Gri,99.99
Civil Baby Hello Kitty Baskılı 1-18 Ay Çıtçıtlı Badi - Kırmızı,119.99
Civil Baby Evin Küçük Prensi Baskılı Sfr.Kol1-36 Ay Çıtçıtlı Badi - Lacivert,79.99
Civil Baby Little Bear Baskılı 1-18 Ay Çıtçıtlı Badi - Kahverengi,99.99
Civil Baby Boom Empirme Baskılı 1-18 Ay Çıtçıtlı Badi - Gri,34.99
Civil Baby Gökkuşağı Empirme Baskılı 1-18 Ay Çıtçıtlı Badi - Pudra,139.99
Civil Baby Hilal Baskılı 1-36 Ay Çıtçıtlı Badi - Pembe,229.99
Civil Baby Tavşan Empirme Baskılı 1-18 Ay Çıtçıtlı Badi - Bej,49.99
Civil Baby Yelken Empirmeli 5 Li 1-36 Ay Çıtçıtlı Badi - Mavi,569.00
Civil Baby Uğur Böceği Empirme 0-48 Ay Çıtçıtlı Badi - Pembe,119.99
Civil Baby Kedi Baskılı 0-3 Yaş Çıtçıtlı Badi - Bej,129.99
Civil Baby Arı Empirme Baskılı Sfr.Kol1-36 Ay Çıtçıtlı Badi - Ekru,99.99
Civil Baby Cute Numbers 3-18 Ay Çıtçıtlı Badi - Sarı,119.99
Civil Baby Güneş Etiketli 3-18 Ay Çıtçıtlı Badi - Kahverengi,64.99
Civil Baby Üçgen Empirme Baskılı 1-18 Ay Çıtçıtlı Badi - Yeşil,49.99
Civil Baby Düz Renkli Uzun Kol 0-1 Ay Çıtçıtlı Badi - Kahverengi,84.99
Civil Baby Düz Renkli Uzun Kol 3-9 Ay Çıtçıtlı Badi - Mavi,84.99
Civil Baby Hayvanlar Empirme Baskılı 1-18 Ay Çıtçıtlı Badi - Haki,79.99
Civil Baby Aslan 6-18 Ay Çıtçıtlı Badi - Ekru,24.99
Civil Baby Dinazor Empirme Baskılı 1-18 Ay Çıtçıtlı Badi - Yeşil,119.99
Civil Baby Ayıcık Baskılı 1-18 Ay Çıtçıtlı Badi - Pembe,199.99
Bebetto Organic Stars and Koalas 18-36 Ay Çıtçıtlı Badi - Ekru,199.99
Civil Baby Zebra Empirme Baskılı 1-18 Ay Çıtçıtlı Badi - Haki,129.99
Civil Baby İp Askılı Dantelli 12-24 Ay Kız Çıtçıtlı Badi - Beyaz,139.99
Civil Baby Güneş Etiketli 3-18 Ay Çıtçıtlı Badi - Kahverengi,49.99
Civil Baby Çizgili Jakarlı 1-18 Ay Çıtçıtlı Badi - Ekru,219.99
Civil Baby İp Askılı Dantelli 12-24 Ay Kız Çıtçıtlı Badi - Pembe,139.99
Süperman Baskılı 0-18 Ay Çıtçıtlı Badi - Beyaz,29.99
Aziz Bebe Kalpli Kız 12-36 Ay Çıtçıtlı Badi - Pembe,64.99
Civil Baby Akıllı Olun Baskılı Sfr.Kol1-36 Ay Çıtçıtlı Badi - Pembe,79.99
Civil Baby Düz Renkli 1-3 Yaş Çıtçıtlı Badi - Pembe,69.99
Civil Baby Dinazor Empirme Baskılı 1-18 Ay Çıtçıtlı Badi - Pudra,139.99
Civil Baby Düz Kısa Kol 0-1 Ay Çıtçıtlı Badi - Beyaz,84.99
Civil Baby 3'lü Karışık Renk 3-36 Ay Çıtçıtlı Badi - Bej,299.00
Civil Baby Penguen Baskılı Prematüre Çıtçıtlı Badi - Ekru,169.99
Civil Baby 3-18 Ay Çıtçıtlı Badi - Turuncu,39.99
Civil Baby Düz Uzun Kol 0-1 Ay Çıtçıtlı Badi - Beyaz,84.99
Civil Baby Düz Renkli 3-9 Ay Çıtçıtlı Badi - Pembe,69.99
Civil Baby Küçük Kalp Baskılı 0-18 Ay ÇıtçıtlıBadi - Pudra,39.99
Civil Baby Çiçek Empirme 1-18 Ay Çıtçıtlı Badi - Kahverengi,79.99
Süperman Baskılı 1-18 Ay Çıtçıtlı Badi - Mavi,49.99
Civil Baby Kedi ve Köpek Empirme Baskılı 1-18 Ay Çıtçıtlı Badi - Pembe,39.99
Civil Baby Funny Baskılı 2 Li 3-12 AY Çıtçıtlı Badi - Mavi,129.99
Civil Baby Düz Renkli Kısa Kol 1-3 Yaş Çıtçıtlı Badi - Pembe,84.99
Civil Baby Düz 0-18 Ay 5'li Çıtçıtlı Badi - Sarı,89.99
Civil Baby 3-18 Ay Çıtçıtlı Badi - Haki,39.99
Civil Baby Çiçek Empirme 3-12 Ay Çıtçıtlı Badi - Haki,219.99
Civil Baby Gökkuşağı Empirme Baskılı 1-18 Ay Çıtçıtlı Badi - Fil Dişi,129.99
Civil Baby Tilki Tavşan Empirme Baskılı 1-18 Ay Çıtçıtlı Badi - Mavi,99.99
Civil Baby Güneş Etiketli 3-18 Ay Çıtçıtlı Badi - Kahverengi,59.99
Civil Baby Düz Uzun Kol 5 li 1-3 Yaş Çıtçıtlı Badi - Beyaz,599.00
Civil Baby Ayıcık Empirme 0-3 Yaş Çıtçıtlı Badi - Bej,129.99
Bambam Baskılı 1-18 Ay Çıtçıtlı Badi - Ekru,49.99
Civil Baby Düz Renkli 3-36 Ay Çıtçıtlı Badi - Sarı,89.99
Civil Baby Yaka Fırfırlı Puan Empirmeli 3-18 Ay Çıtçıtlı Badi - Yeşil,149.99
Civil Baby Düz Renkli 3-9 Ay Çıtçıtlı Badi - Mavi,69.99
Civil Baby Çizgili 3-36 Ay Çıtçıtlı Badi - Lacivert,129.99
Civil Baby Çıtır Çiçek Empirme Baskılı 1-18 Ay Çıtçıtlı Badi - Ekru,139.99
Bambam Baskılı 0-18 Ay Çıtçıtlı Badi - Mavi,29.99
Civil Baby Balıkçı Yaka Tavşanlar Baskılı 1-18 Ay Çıtçıtlı Badi - Lila,99.99
Civil Baby Askılı Düğme Detaylı 3-18 Ay Çıtçıtlı Badi - Pembe,44.99
Civil Baby Düz Renkli 3-36 Ay Çıtçıtlı Badi - Pembe,89.99
Civil Baby Ağaçlı Ayı Empirme Baskılı 1-18 Ay Çıtçıtlı Badi - Mavi,39.99
Civil Baby Tavşan Çiçek Empirme Baskılı 1-18 Ay Çıtçıtlı Badi - Ekru,79.99
Civil Baby Organik 5 li Sıfır Kol 0-1 Ay Çıtçıtlı Badi - Pembe,449.00
Nova Baby Yeşil Ema Kokulu Atlet 0-9 Ay Çıtçıtlı Badi - Ekru,119.99
Civil Baby Gül 1-18 Ay Çıtçıtlı Badi - Pembe,19.99
Civil Baby Unicorn Baskılı 0-3 Yaş Çıtçıtlı Badi - Pembe,99.99
Civil Baby Renkli Kumaş 1-6 Ay Unisex Zıbın Badi - Mavi,179.99
Civil Baby Basıc 3-18 Ay Çıtçıtlı Badi - Haki,29.99
Civil Baby Düz 0-18 Ay 5'li Çıtçıtlı Badi - Kahverengi,89.99
Civil Baby Basıc 3-18 Ay Çıtçıtlı Badi - Turuncu,29.99
Civil Baby Maymun Baskılı 3-18 Ay Çıtçıtlı Badi - Sarı,69.99
Civil Baby Akıllı Olun Baskılı Sfr.Kol1-36 Ay Çıtçıtlı Badi - Mavi,79.99
Civil Baby Çiçek Empirme Baskılı 1-18 Ay Çıtçıtlı Badi - Ekru,99.99
Civil Baby Tweety Puan Empirme 1-18 Ay Çıtçıtlı Badi - Ekru,119.99
Civil Baby Kalpli Ayıcık Empirme Baskılı 1-18 Ay Çıtçıtlı Badi - Pudra,129.99
Civil Baby Safari Baskılı 3-12 Ay Çıtçıtlı Badi - Hardal,219.99
Civil Baby Hello Kitty Baskılı 1-18 Ay Çıtçıtlı Badi - Pembe,119.99
Civil Baby Cute Bunny Baskılı 1-36 Ay Çıtçıtlı Badi - Sarı,119.99
Civil Baby Düz Renkli Uzun Kol 3-9 Ay Çıtçıtlı Badi - Kahverengi,84.99
Civil Baby Hayvanlar Empirme Baskılı 1-18 Ay Çıtçıtlı Badi - Mavi,69.99
Tom and Jerry Baskılı 1-18 Ay Çıtçıtlı Badi - Sarı,49.99
Civil Baby İp Askılı Dantelli 12-24 Ay Kız Çıtçıtlı Badi - Mavi,139.99
Civil Baby Tavşan Baskılı 1-18 Ay Çıtçıtlı Badi - Pudra,34.99
Civil Baby Kalp Baskılı 1-36 Ay Çıtçıtlı Badi - Ekru,119.99
Civil Baby Araba Empirme Baskılı 1-18 Ay Çıtçıtlı Badi - Kahverengi,139.99
Civil Baby Basıc Düğmeli 3-18 Ay Çıtçıtlı Badi - Haki,49.99
Civil Baby 3'lü Karışık Renk 3-36 Ay Çıtçıtlı Badi - Pembe,299.00
Civil Baby Born In 2023 Basskılı 1-18 Ay Çıtçıtlı Badi - Lacivert,49.99
Civil Baby Basıc Düğmeli 3-18 Ay Çıtçıtlı Badi - Pembe,49.99
Civil Baby Düz Renkli 3-36 Ay Çıtçıtlı Badi - Yeşil,89.99
Civil Baby Dinozor Baskılı 1-18 Ay Çıtçıtlı Badi - Mavi,99.99
Civil Baby Önden Çıtçıtlı Elma Nakışlı 3-18 Ay Çıtçıtlı Badi - Pudra,89.99
Civil Baby Kedi Çiçek Empirme Baskılı 1-18 Ay Çıtçıtlı Badi - Pudra,99.99
Civil Baby Dinazor Empirme Baskılı 1-18 Ay Çıtçıtlı Badi - Mavi,119.99
Civil Baby Tilki Tavşan Empirme Baskılı 1-18 Ay Çıtçıtlı Badi - Mavi,99.99
Civil Baby Çiçek Tavşan Baskılı 2 Li 3-12 AY Çıtçıtlı Badi - Pembe,129.99
Civil Baby Basıc Düğmeli 3-18 Ay Çıtçıtlı Badi - Pembe,59.99
Civil Baby Tavşan Empirme Baskılı 1-18 Ay Çıtçıtlı Badi - Pudra,49.99
Civil Baby BEN Baskılı Sfr.Kol1-36 Ay Çıtçıtlı Badi - Pembe,79.99
Civil Baby Annesinin Balı Sfr.Kol1-36 Ay Çıtçıtlı Badi - Ekru,99.99
Civil Baby Düz Kısa Kol 5 li 3-9 Ay Çıtçıtlı Badi - Beyaz,549.00
Civil Baby Basic Bisiklet Yaka 3-18 Ay Çıtçıtlı Badi - Ekru,69.99
Civil Baby Dinozor Empirme 1-18 Ay Çıtçıtlı Badi - Fil Dişi,79.99
Civil Baby 3-18 Ay Çıtçıtlı Badi - Kahverengi,39.99
Civil Baby Dinozor Nakışlı 1-9 Ay Çıtçıtlı Badi - Kahve,229.99
Civil Baby Dinazor Empirme Baskılı 1-18 Ay Çıtçıtlı Badi - Pudra,129.99
Civil Baby Zebra Empirme Baskılı 1-18 Ay Çıtçıtlı Badi - Haki,189.99
Minidamla Safari1-18 Ay Çıtçıtlı Badi - Yeşil,59.99
Civil Baby Ayıcık Baskılı 0-3 Yaş Çıtçıtlı Badi - Mavi,99.99
Civil Baby Çiçek Empirme 1-18 Ay Çıtçıtlı Badi - Pembe,79.99
Civil Baby Renkli Çizgi Empirme Baskılı 1-18 Ay Çıtçıtlı Badi - Kahverengi,79.99
Civil Baby Kalp Empirme 1-36 Ay Çıtçıtlı Badi - Ekru,119.99
Civil Baby Düz Renkli Uzun Kol 0-1 Ay Çıtçıtlı Badi - Sarı,84.99
Civil Baby Ayıcık Baskılı 1-18 Ay Çıtçıtlı Badi - Mavi,199.99
Civil Baby Sunny Day Baskılı 2 Li 1-3 Ay Çıtçıtlı Badi - Yeşil,119.99
Civil Baby Basıc Düğmeli 3-18 Ay Çıtçıtlı Badi - Kahverengi,49.99
Minidamla Jakar Çizgili Ay 0-9 Ay Çıtçıtlı Badi - Beyaz,49.99
Civil Baby Çiçek Empirme Baskılı 1-18 Ay Çıtçıtlı Badi - Pudra,79.99
The Flıntstones 1-18 Ay Çıtçıtlı Badi - Kahverengi,129.99
Bambam Baskılı 0-18 Ay Çıtçıtlı Badi - Gri,29.99
Tazmanya Canavarı Baskılı 0-18 Ay Çıtçıtlı Badi - Mavi,29.99
Civil Baby Dinozor Baskılı 1-18 Ay Çıtçıtlı Badi - Kahverengi,99.99
Süperman Baskılı 0-18 Ay Çıtçıtlı Badi - Gri,29.99
Civil Baby Ayıcık Baskılı 0-6 Ay Çıtçıtlı Badi - Ekru,99.99
Civil Baby Arı Empirme Baskılı Sfr.Kol1-36 Ay Çıtçıtlı Badi - Bej,99.99
Civil Baby Kol Fırfırlı Fiyonklu 3-18 Ay Çıtçıtlı Badi - Yeşil,79.99
Civil Baby Çadır Empirme Baskılı 1-18 Ay Çıtçıtlı Badi - Mavi,99.99
Civil Baby Düz Uzun Kol 1-3 Yaş Çıtçıtlı Badi - Beyaz,84.99
Süperman Baskılı 0-18 Ay Çıtçıtlı Badi - Mavi,29.99
Civil Baby Cep Tilki Hayvan Baskılı 3 Lü 0-36 Ay Çıtçıtlı Badi - Turuncu,549.00
Civil Baby Araba Empirme Baskılı 1-18 Ay Çıtçıtlı Badi - Mavi,44.99
Civil Baby Timsah Empirme Baskılı 1-18 Ay Çıtçıtlı Badi - Mavi,99.99
Civil Baby Süs Etiketli 3-18 Ay Çıtçıtlı Badi - Pudra,59.99
Civil Baby Düz Renkli Kısa Kol 1-3 Yaş Çıtçıtlı Badi - Kahverengi,84.99
Civil Baby Teyzesi'Nin Minik Kuzusu 1-36 Ay Çıtçıtlı Badi - Ekru,89.99
Civil Baby Düz Renkli Kısa Kol 0-1 Ay Çıtçıtlı Badi - Mavi,84.99
Civil Baby Kedi Kız Empirme Baskılı 1-18 Ay Çıtçıtlı Badi - Pembe,49.99
Civil Baby Düz Renkli 1-3 Yaş Çıtçıtlı Badi - Mavi,69.99
Bebetto Organic My Mushroom 3-12 Ay Çıtçıtlı Badi - Ekru,229.99
Civil Baby Düz 0-18 Ay 5'li Çıtçıtlı Badi - Mavi,89.99
Nova Baby Karpuz Kokulu Atlet 0-9 Ay Çıtçıtlı Badi - Ekru,119.99
Civil Baby Ayıcık Baskılı 1-18 Ay Çıtçıtlı Badi - Ekru,199.99
Civil Baby Penye İp Askılı Dantelli 2-3 Yaş Kız Çıtçıtlı Badi - Pembe,139.99
Civil Baby Düz Uzun Kol 3 lü 0-1 Ay Çıtçıtlı Badi - Beyaz,349.00
Civil Baby Babaannesi'Nin Minik Kuzusu Sfr.Kol1-36 Ay Çıtçıtlı Badi - Ekru,89.99
Civil Baby Ayıcık Baskılı 0-6 Ay Çıtçıtlı Badi - Ekru,99.99
Civil Baby Hayvanlar Empirme Baskılı 1-18 Ay Çıtçıtlı Badi - Mavi,79.99
Pebbles Bebek Baskılı 0-24 Ay Çıtçıtlı Badi - Pudra,999.00
Civil Baby Penye İp Askılı Dantelli 3-9 Ay Kız Çıtçıtlı Badi - Pudra,139.99
Civil Baby Düz Renkli Kısa Kol 3-9 Ay Çıtçıtlı Badi - Mavi,84.99
Civil Baby İp Askılı Dantelli 12-24 Ay Kız Çıtçıtlı Badi - Pembe,139.99
Civil Baby Penye İp Askılı Dantelli 3-9 Ay Kız Çıtçıtlı Badi - Beyaz,139.99
Civil Baby Düz 1-18 Ay Çıtçıtlı Badi - Beyaz,37.99
Civil Baby Kiraz Empirme1-18 Ay Çıtçıtlı Badi - Fil Dişi,79.99
Civil Baby Kaplan Baskılı 1-36 Ay Çıtçıtlı Badi - Hardal,129.99
Civil Baby Crack Pattern Baskılı 3-18 Çıtçıtlı Badi - Yeşil,279.00
Civil Baby Tavşan Baskılı 1-18 Ay Çıtçıtlı Badi - Pudra,39.99
Civil Baby Renkli Çizgi Baskılı 0-18 Ay Çıtçıtlı Badi - Mavi,19.99
Civil Baby Ayıcık Empirmeli 3 Lü 0-36 Ay Çıtçıtlı Badi - Bej,349.00
Civil Baby Renkli Çizgi Empirme Baskılı 1-18 Ay Çıtçıtlı Badi - Kahverengi,69.99
Civil Baby Düz 0-18 Ay 5'li Çıtçıtlı Badi - Lacivert,89.99
Civil Baby Renkli Kumaş 1-6 Ay Unisex Zıbın Badi - Pembe,179.99
Civil Baby Çizgili 3-36 Ay Çıtçıtlı Badi - Mavi,129.99
Civil Baby Düz Renkli Kısa Kol 0-1 Ay Çıtçıtlı Badi - Kahverengi,84.99
Civil Baby Düz 1-18 Ay Çıtçıtlı Badi - Pembe,37.99
Civil Baby Dinazor Empirme Baskılı 1-18 Ay Çıtçıtlı Badi - Pudra,119.99
Civil Baby Araba Empirme Baskılı 1-18 Ay Çıtçıtlı Badi - Kırmızı,69.99
Civil Baby Babaannesinin Balı Baskılı 1-18 Ay Çıtçıtlı Badi - Ekru,59.99
Civil Baby Meyve Ve Sebze Empirme Baskılı 1-18 Ay Çıtçıtlı Badi - Kırmızı,69.99
Civil Baby Organik 5 li Sıfır Kol 3-9 Ay Çıtçıtlı Badi - Mavi,499.00
Civil Baby Kalpli Ayıcık Empirme Baskılı 1-18 Ay Çıtçıtlı Badi - Lila,129.99
Civil Baby Little Bear Baskılı 1-36 Ay Çıtçıtlı Badi - Haki,99.99
Civil Baby Düz Sıfır Kol 3 lü 1-3 Yaş Çıtçıtlı Badi - Beyaz,299.00
Civil Baby Dondurma Baskılı 1-36 Ay Çıtçıtlı Badi - Sarı,119.99
Civil Baby Basic Düz 1-18 Ay Çıtçıtlı Badi - Ekru,57.99
Miniworld Büyük Çiçekli 3-18 Ay 3-12 Ay Çıtçıtlı Badi - Yeşil,109.99
Civil Baby Kemik 1-8 Ay Çıtçıtlı Badi - Mavi,19.99
Civil Baby Düz Renkli Uzun Kol 3-9 Ay Çıtçıtlı Badi - Pembe,84.99
Civil Baby Düz Renkli 3-36 Ay Çıtçıtlı Badi - Beyaz,89.99
Civil Baby Çadır Empirme Baskılı 1-18 Ay Çıtçıtlı Badi - Yeşil,99.99
Civil Baby Renkli Çizgi Empirme Baskılı 1-18 Ay Çıtçıtlı Badi - Mavi,69.99
Civil Baby Arabalar Empirme 1-18 Ay Çıtçıtlı Badi - Bej,89.99
Civil Baby Superman Logo 1-18 Ay Çıtçıtlı Badi - Mavi,99.99
Civil Baby Ekoseli Empirme 1-18 Ay Çıtçıtlı Badi - Bebe Mavi,69.99
Miniworld Büyük Çiçekli 3-18 Ay 3-12 Ay Çıtçıtlı Badi - Turuncu,109.99
Süperman Baskılı 0-18 Ay Çıtçıtlı Badi - Mavi,29.99
Civil Baby Ekoseli Empirme 1-18 Ay Çıtçıtlı Badi - Pudra,69.99
Tweety Baskılı 0-18 Ay Çıtçıtlı Badi - Beyaz,29.99
Bebetto Organic Stars and Koalas 3-12 Ay Çıtçıtlı Badi - Ekru,199.99
Civil Baby Fiyonk Empirmeli İp Askılı 5 Li 1-36 Ay Çıtçıtlı Badi - Bej,549.00
Civil Baby Meyve Ve Sebze Empirme Baskılı 1-18 Ay Çıtçıtlı Badi - Pembe,79.99
Civil Baby Renkli Kumaş 1-6 Ay Unisex Zıbın Badi - Beyaz,179.99
Civil Baby Düz 0-18 Ay 5'li Çıtçıtlı Badi - Yeşil,89.99
Civil Baby Doktor Baskılı Sfr.Kol1-36 Ay Çıtçıtlı Badi - Ekru,79.99
Civil Baby Çiçek Nakışlı 3-18 Ay Çıtçıtlı Badi - Bej,69.99
Civil Baby Penye İp Askılı Dantelli 2-3 Yaş Kız Çıtçıtlı Badi - Pembe,139.99
Civil Baby Basıc 5 Li 0-36 Ay Çıtçıtlı Badi - Kırmızı,499.00
Civil Baby Düz 1-18 Ay Çıtçıtlı Badi - Mavi,37.99
Civil Baby Üçgen Empirme Baskılı 1-18 Ay Çıtçıtlı Badi - Kırmızı,49.99
Civil Baby Roket Empirmeli 3 Lü 0-36 Ay Çıtçıtlı Badi - Yeşil,399.00
Civil Baby Hello Kitty Kalp Baskılı 1-18 Ay Çıtçıtlı Badi - Kırmızı,119.99
Civil Baby Organik 5 li Sıfır Kol 1-3 yaş Çıtçıtlı Badi - Mavi,599.00
Civil Baby Organik 5 li Sıfır Kol 3-9 Ay Çıtçıtlı Badi - Pembe,499.00
Civil Baby Papatya Nakışlı 1-18 Ay Çıtçıtlı Badi - Pembe,99.99
Civil Baby Dinazor Empirme Baskılı 1-18 Ay Çıtçıtlı Badi - Mavi,139.99
Civil Baby Kedi Çiçek Empirme Baskılı 1-18 Ay Çıtçıtlı Badi - Pudra,99.99
Civil Baby Yaka Fırfırlı Çiçek Etiketli 3-18 Ay Çıtçıtlı Badi - Lila,69.99
Civil Baby Kedi Empirmeli 3 Lü 0-36 Ay Çıtçıtlı Badi - Beyaz,349.00
Civil Baby Yaka Fırfırlı Çiçek Etiketli 3-18 Ay Çıtçıtlı Badi - Bej,69.99
Civil Baby Arabalar Empirme 1-18 Ay Çıtçıtlı Badi - Gri,89.99
Civil Baby Düz 0-18 Ay 5'li Çıtçıtlı Badi - Pudra,89.99
Civil Baby Kol Fırfırlı 3-18 Ay Çıtçıtlı Badi - Pudra,79.99
Tom Jerry Baskılı 0-18 Ay Çıtçıtlı Badi - Gri,29.99
Minidamla Jakar Çizgili Ay 0-9 Ay Çıtçıtlı Badi - Pembe,49.99
Civil Baby BEN Baskılı Sfr.Kol1-36 Ay Çıtçıtlı Badi - Lacivert,79.99
Civil Baby Dinozor Baskılı Boğazlı 1-18 Ay Çıtçıtlı Badi - Mavi,99.99
Civil Baby Düz 0-18 Ay 5'li Çıtçıtlı Badi - Ekru,89.99
Minidamla Jakar Yelkenli Ay 0-9 Ay Çıtçıtlı Badi - Mavi,49.99
Civil Baby Penye İp Askılı Dantelli 2-3 Yaş Kız Çıtçıtlı Badi - Pudra,139.99
Civil Baby Araba Empirme Baskılı 1-18 Ay Çıtçıtlı Badi - Mavi,69.99
Civil Baby Dinazor Empirme Baskılı 1-18 Ay Çıtçıtlı Badi - Yeşil,139.99
Civil Baby Yaka Fırfırlı Çiçek Etiketli 3-18 Ay Çıtçıtlı Badi - Lila,69.99
Civil Baby 5 li Düz Basic Sıfır Kol 3-9 Ay Çıtçıtlı Badi - Beyaz,499.00
Civil Baby Cute Bunny Baskılı 1-36 Ay Çıtçıtlı Badi - Pembe,119.99
Civil Baby Düz Renkli 3-36 Ay Çıtçıtlı Badi - Bej,89.99
Civil Baby Penye İp Askılı Dantelli 2-3 Yaş Kız Çıtçıtlı Badi - Ekru,139.99
Çakıl Baskılı 0-18 Ay Çıtçıtlı Badi - Beyaz,29.99
Civil Baby Süs Etiketli Yaka Düğmeli 3-18 Ay Çıtçıtlı Badi - Pudra,99.99
Civil Baby Balıkçı Yaka Ayıcık Baskılı 1-18 Ay Çıtçıtlı Badi - Haki,99.99
Civil Baby Çadır Empirme Baskılı 1-18 Ay Çıtçıtlı Badi - Mavi,99.99
Civil Baby Meyve Ve Sebze Empirme Baskılı 1-18 Ay Çıtçıtlı Badi - Pembe,69.99
Bambam Baskılı 1-18 Ay Çıtçıtlı Badi - Sarı,49.99
Civil Baby Güneş Etiketli 3-18 Ay Çıtçıtlı Badi - Kahverengi,54.99
Civil Baby Puantiye Empirme Baskılı 1-18 Ay Çıtçıtlı Badi - Ekru,44.99
Civil Baby Boom Empirme Baskılı 1-18 Ay Çıtçıtlı Badi - Kahverengi,49.99
Civil Baby Düz Renkli 3-9 Ay Çıtçıtlı Badi - Sarı,69.99
Civil Baby Unicorn Baskılı 0-3 Yaş Çıtçıtlı Badi - Lila,99.99
Civil Baby Çizgili Empirme 1-36 Ay Çıtçıtlı Badi - Kırmızı,99.99
Civil Baby Kuğu Empirme Baskılı 3-12 Ay Çıtçıtlı Badi - Turuncu,219.99
Civil Baby Zürafa Baskılı Prematüre Çıtçıtlı Badi - Sarı,149.99
Civil Baby Meyve Ve Sebze Empirme Baskılı 1-18 Ay Çıtçıtlı Badi - Kırmızı,79.99
Civil Baby Çizgili Empirme 1-36 Ay Çıtçıtlı Badi - Mavi,99.99
Civil Baby Gül 1-18 Ay Çıtçıtlı Badi - Kırmızı,19.99
Taz Yazı Baskılı 1-18 Ay Çıtçıtlı Badi - Sarı,49.99
Batman Baskılı 1-18 Ay Çıtçıtlı Badi - Gri,49.99
Bugs Bunny Baskılı 0-18 Ay Çıtçıtlı Badi - Gri,29.99
Civil Baby Ayı 1-18 Ay Çıtçıtlı Badi - Pudra,19.99
Civil Baby Basıc Düğmeli 3-18 Ay Çıtçıtlı Badi - Yeşil,59.99
Civil Baby Süs Etiketli 3-18 Ay Çıtçıtlı Badi - Pudra,59.99
Civil Baby Hello Ayıcık Nakışlı 3-18 Ay Çıtçıtlı Badi - Mavi,169.99
Civil Baby Fiyonk Empirme 1-36 Ay Çıtçıtlı Badi - Bej,119.99
Civil Baby Düz 0-18 Ay 5'li Çıtçıtlı Badi - Mavi,89.99
Civil Baby Hayvanlar Empirme Baskılı 1-18 Ay Çıtçıtlı Badi - Haki,69.99
Civil Baby Tavşan Çiçek Empirme Baskılı 1-18 Ay Çıtçıtlı Badi - Pudra,79.99
Civil Baby Cute Bunny Baskılı 1-36 Ay Çıtçıtlı Badi - Kırmızı,119.99
Civil Baby Kedi Çiçek Empirme Baskılı 1-18 Ay Çıtçıtlı Badi - Pembe,99.99
Civil Baby Leopar Baskılı 2 Li 3-12 AY Çıtçıtlı Badi - Lila,129.99
Civil Baby Çiçek Nakışlı 1-18 Ay Çıtçıtlı Badi - Beyaz,129.99
Mınıdamla Kuslu Ay Bebe Sıfır Kol Çıtçıtlı Badi - Ekru,59.99
Civil Baby Sevimli Hayvanlar Empirme Baskılı 1-18 Ay Çıtçıtlı Badi - Turuncu,139.99
Civil Baby Çadır Empirme Baskılı 1-18 Ay Çıtçıtlı Badi - Yeşil,99.99
Civil Baby Tavşan Çiçek Empirme Baskılı 1-18 Ay Çıtçıtlı Badi - Pudra,79.99
Civil Baby Organik 5 li Sıfır Kol 1-3 yaş Çıtçıtlı Badi - Ekru,599.00
Civil Baby 3'lü Karışık Renk 3-36 Ay Çıtçıtlı Badi - Kırmızı,299.00
Süperman Baskılı 0-18 Ay Çıtçıtlı Badi - Mavi,29.99
Miniworld Be Friends 3-18 Ay 4 Beden 2'in 1 Pack 3-12 Ay Çıtçıtlı Badi - Mavi,109.99
Civil Baby Güneş Etiketli 3-18 Ay Çıtçıtlı Badi - Kahverengi,59.99
Civil Baby Brodeli 1-18 Ay Çıtçıtlı Badi - Ekru,229.99
Civil Baby Milk Baskılı 2'li Set 3-18 Ay Çıtçıtlı Badi - Ekru,299.00
Civil Baby Tavşan Çiçek Empirme Baskılı 1-18 Ay Çıtçıtlı Badi - Ekru,79.99
Civil Baby Tavşan Çiçek Empirme Baskılı 1-18 Ay Çıtçıtlı Badi - Ekru,69.99
Civil Baby Düz 0-18 Ay 5'li Çıtçıtlı Badi - Pembe,89.99
Miniworld Büyük Çiçekli 3-18 Ay 3-12 Ay Çıtçıtlı Badi - Hardal,109.99
Civil Baby Meyve Ve Sebze Empirme Baskılı 1-18 Ay Çıtçıtlı Badi - Kırmızı,79.99
Civil Baby Düz Renkli 3-36 Ay Çıtçıtlı Badi - Yeşil,89.99
Civil Baby Düz Renkli 3-9 Ay Çıtçıtlı Badi - Kahverengi,69.99
Civil Baby Dondurma Baskılı 1-36 Ay Çıtçıtlı Badi - Pembe,119.99
Tom Jerry Baskılı 0-18 Ay Çıtçıtlı Badi - Beyaz,29.99
Minidamla Safari1-18 Ay Çıtçıtlı Badi - Kırmızı,59.99
Civil Baby Çadır Empirme Baskılı 1-18 Ay Çıtçıtlı Badi - Mavi,99.99
Civil Baby Dinozor Empirme Baskılı 3-12 Ay Çıtçıtlı Badi - Kahverengi,219.99
Civil Baby Düz 1-18 Ay Çıtçıtlı Badi - Ekru,37.99
Civil Baby Akıllı Olun Baskılı Sfr.Kol1-36 Ay Çıtçıtlı Badi - Lacivert,79.99
Civil Baby Çizgili İp Askılı 3 Lü 0-36 Ay Çıtçıtlı Badi - Pembe,349.00
Civil Baby Tavşanlar Baskılı 1-18 Ay Çıtçıtlı Badi - Pembe,99.99
Civil Baby Çizgili Fiyonklu 1-3 Yaş Çıtçıtlı Badi - Pembe,159.99
Civil Baby Hayvanlar Empirme Baskılı 1-18 Ay Çıtçıtlı Badi - Ekru,59.99
Civil Baby Palmiye Baskılı 6-18 Ay Çıtçıtlı Badi - Mavi,99.99
Civil Baby Anneannesi'Nin Minik Kuzusu 1-36 Ay Çıtçıtlı Badi - Ekru,89.99
Civil Baby Düz Renkli Kısa Kol 1-3 Yaş Çıtçıtlı Badi - Sarı,84.99
Buggy Bunny Yazı Baskılı 1-18 Ay Çıtçıtlı Badi - Beyaz,49.99
Civil Baby Dinozor Baskılı Boğazlı 1-18 Ay Çıtçıtlı Badi - Kahverengi,99.99
Civil Baby Dinazor Empirme Baskılı 1-18 Ay Çıtçıtlı Badi - Pembe,129.99
Hello Kitty Çizgi Empirme 1-18 Ay Çıtçıtlı Badi - Siyah,149.99
Civil Baby Ayıcık Empirme Baskılı Sfr.Kol1-36 Ay Çıtçıtlı Badi - Sarı,99.99
Civil Baby Düz 0-18 Ay 5'li Çıtçıtlı Badi - Yeşil,89.99
Civil Baby Safari Baskılı 2 Li 3-12 AY Çıtçıtlı Badi - Yeşil,129.99
Lola Baskılı 1-18 Ay Çıtçıtlı Badi - Beyaz,49.99
Albimini Askılı Fırfırlı 0-18 Ay Çıtçıtlı Badi - Pembe,149.99
Civil Baby Küçük Kalp Baskılı 0-18 Ay ÇıtçıtlıBadi - Pembe,39.99
Buggy Bunny Yazı Baskılı 1-18 Ay Çıtçıtlı Badi - Sarı,49.99
Civil Baby Bulut Baskılı 1-18 Ay Çıtçıtlı Badi - Pudra,99.99
Civil Baby Sunny Day Baskılı 2 Li 1-3 Ay Çıtçıtlı Badi - Pudra,119.99
Civil Baby Tavşan Baskılı 3-12 Ay Çıtçıtlı Badi - Pudra,219.99
Civil Baby Düz Kısa Kol 5 li 1-3 Yaş Çıtçıtlı Badi - Beyaz,549.00
Civil Baby Balıkçı Yaka Ayıcık Baskılı 1-18 Ay Çıtçıtlı Badi - Kahverengi,99.99
Civil Baby Unicorn Baskılı 0-3 Yaş Çıtçıtlı Badi - Sarı,99.99
Civil Baby Düz Uzun Kol 5 li 0-1 Ay Çıtçıtlı Badi - Beyaz,599.00
Civil Baby Be Friends 2'in 1 Pack 6-18 Ay Çıtçıtlı Badi - Mavi,99.99
Civil Baby Geyik Baskıl 1-18 Ay Çıtçıtlı Badi - Lacivert,119.99
Civil Baby Winter Flower 3-18 Ay Çıtçıtlı Badi - Pembe,159.99
Civil Baby Basıc Düğmeli 3-18 Ay Çıtçıtlı Badi - Yeşil,49.99
Civil Baby Düz Renkli 3-36 Ay Çıtçıtlı Badi - Turuncu,89.99
Batman Baskılı 0-18 Ay Çıtçıtlı Badi - Gri,29.99
Civil Baby Maymun Baskılı 3-18 Ay Çıtçıtlı Badi - Mavi,69.99
Civil Baby Penye İp Askılı Dantelli 3-9 Ay Kız Çıtçıtlı Badi - Sarı,139.99
Civil Baby Ayıcık Baskılı 0-3 Yaş Çıtçıtlı Badi - Bej,99.99
Civil Baby Ekoseli Empirme 1-18 Ay Çıtçıtlı Badi - Lila,69.99
Bugs Bunny Baskılı 0-18 Ay Çıtçıtlı Badi - Mavi,29.99
Civil Baby Çizgili Tiger Baskılı 1-18 Ay Çıtçıtlı Badi - Turuncu,99.99
Civil Baby Penye İp Askılı Dantelli 2-3 Yaş Kız Çıtçıtlı Badi - Beyaz,139.99
Civil Baby Dinozor Baskılı 1-36 Ay Çıtçıtlı Badi - Lacivert,99.99
Civil Baby Balık 1-18 Ay Çıtçıtlı Badi - Mavi,19.99
Civil Baby Yaka Fırfırlı Çiçek Etiketli 3-18 Ay Çıtçıtlı Badi - Lila,59.99
Civil Baby Çiçek Nakışlı 1-18 Ay Çıtçıtlı Badi - Lila,129.99
Civil Baby Çiçek Empirme Baskılı 1-18 Ay Çıtçıtlı Badi - Ekru,99.99
Civil Baby Çizgi Empirme Baskılı 1-18 Ay Çıtçıtlı Badi - Hardal,69.99
Civil Baby Düz Sıfır Kol 3 lü 0-1 Ay Çıtçıtlı Badi - Beyaz,299.00
Civil Baby Dinazor Empirme Baskılı 1-18 Ay Çıtçıtlı Badi - Mavi,129.99
Civil Baby Çizgi Empirme 0-3 Yaş Çıtçıtlı Badi - Bej,159.99
Civil Baby Askılı Düğme Detaylı 3-18 Ay Çıtçıtlı Badi - Yeşil,44.99
Civil Baby Renkli Kumaş 1-6 Ay Unisex Zıbın Badi - Ekru,179.99
Civil Baby Düz 0-18 Ay 5'li Çıtçıtlı Badi - Pembe,89.99
Civil Baby Organik 5 li Sıfır Kol 0-1 Ay Çıtçıtlı Badi - Ekru,449.00
Civil Baby Düz Renkli Uzun Kol 12-36 Ay Çıtçıtlı Badi - Pembe,84.99
Minidamla Safari1-18 Ay Çıtçıtlı Badi - Yeşil,59.99
Minidamla Kedili 1-18 Ay Çıtçıtlı Badi - Fusya,59.99
Civil Baby Çiçek Empirme Baskılı 1-18 Ay Çıtçıtlı Badi - Pudra,99.99
Civil Baby Araba Empirme Baskılı 1-18 Ay Çıtçıtlı Badi - Kırmızı,79.99
Civil Baby Çizgili Empirme 1-36 Ay Çıtçıtlı Badi - Kahve,99.99
Civil Baby Dinozor Baskılı 1-36 Ay Çıtçıtlı Badi - Kahverengi,99.99
Taz Yazı Baskılı 1-18 Ay Çıtçıtlı Badi - Ekru,49.99
Civil Baby Araba Empirme Baskılı 1-18 Ay Çıtçıtlı Badi - Kahverengi,149.99
Civil Baby Mantar Çiçek 3-18 Ay Çıtçıtlı Badi - Lila,219.99
Mınıdamla Kuslu Ay Bebe Sıfır Kol Çıtçıtlı Badi - Pembe,59.99
Civil Baby Kedi Çiçek Empirme Baskılı 1-18 Ay Çıtçıtlı Badi - Pembe,99.99
Civil Baby Zebra Empirme Baskılı 1-18 Ay Çıtçıtlı Badi - Fil Dişi,129.99
Civil Baby Araba Empirme Baskılı 1-18 Ay Çıtçıtlı Badi - Mavi,79.99
Civil Baby Çadır Empirme Baskılı 1-18 Ay Çıtçıtlı Badi - Yeşil,99.99
Civil Baby Renkli Çizgi Empirme Baskılı 1-18 Ay Çıtçıtlı Badi - Mavi,79.99
Civil Baby Yelkenli Empirme 3-36 Ay Çıtçıtlı Badi - Beyaz,129.99
Civil Baby Çiçek Empirme Baskılı 1-18 Ay Çıtçıtlı Badi - Pudra,69.99
Minidamla Safari1-18 Ay Çıtçıtlı Badi - Gri,59.99
Civil Baby Basıc İp Askılı 3 Lü 0-36 Ay Çıtçıtlı Badi - Pudra,299.00
Civil Baby Little Star Nakışlı 1-18 Ay Çıtçıtlı Badi - Mavi,149.99
Civil Baby Gökkuşağı Empirme Baskılı 1-18 Ay Çıtçıtlı Badi - Fil Dişi,139.99
Civil Baby Sevimli Hayvanlar Empirme Baskılı 1-18 Ay Çıtçıtlı Badi - Turuncu,129.99
Civil Baby Cute Bear Baskılı 3-18 Çıtçıtlı Badi - Bordo,279.00
Civil Baby Unicorn Baskılı 0-3 Yaş Çıtçıtlı Badi - Pembe,129.99
Civil Baby Safari Baskılı 2 Li 3-12 AY Çıtçıtlı Badi - Turuncu,129.99
Buggy Bunny Yazı Baskılı 1-18 Ay Çıtçıtlı Badi - Mavi,49.99
Civil Baby Düz 0-18 Ay 5'li Çıtçıtlı Badi - Gri,89.99
Civil Baby Natural Bear Baskılı 3-18 Çıtçıtlı Badi - Turuncu,279.00
Civil Baby Araba 1-18 Ay Çıtçıtlı Badi - Mavi,19.99
Civil Baby Basıc Düğmeli 3-18 Ay Çıtçıtlı Badi - Haki,39.99
Civil Baby Geyik Baskıl 1-18 Ay Çıtçıtlı Badi - Kırmızı,119.99
Civil Baby Araba Empirme Baskılı 1-18 Ay Çıtçıtlı Badi - Mavi,79.99
Civil Baby Teyzesi'Nin Minik Kuzusu Sfr.Kol1-36 Ay Çıtçıtlı Badi - Ekru,89.99
Minidamla Fistolu Nakşlı 1-12 Ay Çıtçıtlı Badi - Ekru,169.99
Civil Baby Dinozor Baskılı 1-36 Ay Çıtçıtlı Badi - Haki,99.99
Civil Baby Natural Bear Baskılı 3-18 Çıtçıtlı Badi - Yeşil,279.00
Civil Baby Çiçek Baskılı 1-36 Ay Çıtçıtlı Badi - Ekru,99.99
Civil Baby Cute Toys Empirme 1-18 Ay Çıtçıtlı Badi - Sarı,89.99
Civil Baby Colored Fıgures Baskılı 3-18 Çıtçıtlı Badi - Turuncu,279.00
Minidamla Puanlı Ay 0-9 Ay Çıtçıtlı Badi - Ekru,19.99
Buggy Bunny Baskılı 1-18 Ay Çıtçıtlı Badi - Beyaz,49.99
Civil Baby Tavşanlar Baskılı 1-18 Ay Çıtçıtlı Badi - Lila,99.99
Civil Baby Basıc Düğmeli 3-18 Ay Çıtçıtlı Badi - Hardal,39.99
Civil Baby Askılı Düğme Detaylı 3-18 Ay Çıtçıtlı Badi - Sarı,44.99
Civil Baby Yıldız Empirme 1-18 Ay Çıtçıtlı Badi - Mavi,149.99
Tweety Baskılı 1-18 Ay Çıtçıtlı Badi - Sarı,49.99
Civil Baby Düz Renkli Uzun Kol 3-9 Ay Çıtçıtlı Badi - Sarı,84.99
Civil Baby Aslan Baskılı 2 Li 1-3 Ay Çıtçıtlı Badi - Kırmızı,119.99
Civil Baby Tavşan Empirmeli 3 Lü 1-36 Ay Çıtçıtlı Badi - Pudra,399.00
Civil Baby Renklı Batman 1-18 Ay Çıtçıtlı Badi - Mavi,99.99
Civil Baby 5 li Düz Basic Sıfır Kol 0-1 Ay Çıtçıtlı Badi - Ekru,499.00
Civil Baby Zürefa Bulut 1-18 Ay Çıtçıtlı Badi - Pudra,19.99
Civil Baby Crack Pattern Baskılı 3-18 Çıtçıtlı Badi - Kahve,279.00
Civil Baby Aslan Empirmeli 3 Lü 0-36 Ay Çıtçıtlı Badi - Hardal,429.00
Civil Baby Basıc 3-18 Ay Çıtçıtlı Badi - Hardal,29.99
Civil Baby Hello World Baskılı 1-18 Ay Çıtçıtlı Badi - Bej,89.99
Civil Baby Funny Baskılı 2 Li 3-12 AY Çıtçıtlı Badi - Yeşil,129.99
Civil Baby Araba Empirme Baskılı 1-18 Ay Çıtçıtlı Badi - Kırmızı,79.99
Civil Baby Fiyonk Empirme 1-36 Ay Çıtçıtlı Badi - Bej,99.99
Civil Baby Penye İp Askılı Dantelli 3-9 Ay Kız Çıtçıtlı Badi - Pembe,139.99
Civil Baby Born In 2023 Basskılı 1-18 Ay Çıtçıtlı Badi - Ekru,49.99
Civil Baby Düz Renkli Kısa Kol 1-3 Yaş Çıtçıtlı Badi - Mavi,84.99
Civil Baby Önden Çıtçıtlı Elma Nakışlı 3-18 Ay Çıtçıtlı Badi - Pudra,89.99
Civil Baby Doktor Baskılı Sfr.Kol 1-36 Ay Çıtçıtlı Badi - Pembe,79.99
Civil Baby Tavşan Baskılı 3-12 Ay Çıtçıtlı Badi - Hardal,219.99
Civil Baby Küçük Kalp Baskılı 0-18 Ay ÇıtçıtlıBadi - Yeşil,39.99
Civil Baby Doktor Baskılı Sfr.Kol 1-36 Ay Çıtçıtlı Badi - Ekru,79.99
Civil Baby Basic Bisiklet Yaka 3-18 Ay Çıtçıtlı Badi - Gri,69.99
Batman Baskılı 1-18 Ay Çıtçıtlı Badi - Sarı,49.99
Civil Baby Düz Renkli Kısa Kol 0-1 Ay Çıtçıtlı Badi - Sarı,84.99
Civil Baby Balina Empirme 1-18 Ay Çıtçıtlı Badi - Ekru,79.99
Civil Baby Düz Renkli 0-1 Ay Çıtçıtlı Badi - Sarı,69.99
Civil Baby Ayıcık Baskılı 1-18 Ay Çıtçıtlı Badi - Bej,89.99
Civil Baby Gökkuşağı Empirme Baskılı 1-18 Ay Çıtçıtlı Badi - Fil Dişi,139.99
Civil Baby Basıc Düğmeli 3-18 Ay Çıtçıtlı Badi - Turuncu,39.99
Civil Baby Tavşan Empirme Baskılı 1-18 Ay Çıtçıtlı Badi - Yeşil,49.99
Civil Baby Düz Kısa Kol 3-9 Ay Çıtçıtlı Badi - Beyaz,84.99
Civil Baby Natural Flowers Baskılı 3-18 Çıtçıtlı Badi - Hardal,279.00
Süperman Baskılı 0-18 Ay Çıtçıtlı Badi - Beyaz,29.99
Civil Baby Kalp Baskılı 1-36 Ay Çıtçıtlı Badi - Sarı,119.99
Civil Baby Düz Renkli Kısa Kol 3-9 Ay Çıtçıtlı Badi - Pembe,84.99
Civil Baby Sevimli Hayvanlar Empirme Baskılı 1-18 Ay Çıtçıtlı Badi - Fil Dişi,129.99
Civil Baby Kalpli Tavşan Empirme Baskılı 1-18 Ay Çıtçıtlı Badi - Pembe,39.99
Minidamla Kedili 1-18 Ay Çıtçıtlı Badi - Pudra,59.99
Civil Baby Palmiye Baskılı 6-18 Ay Çıtçıtlı Badi - Yeşil,99.99
Civil Baby Yaka Fırfırlı 3-18 Ay Çıtçıtlı Badi - Pudra,99.99
Civil Baby Hayvanlar Baskılı 0-3 Yaş Çıtçıtlı Badi - Haki,129.99
Civil Baby Zebra Empirme Baskılı 1-18 Ay Çıtçıtlı Badi - Fil Dişi,189.99
Civil Baby Çiçek Empirme 3-12 Ay Çıtçıtlı Badi - Pudra,219.99
Civil Baby Ayıcık Baskılı 1-18 Ay Çıtçıtlı Badi - Haki,99.99
Civil Baby Düz Renkli Uzun Kol 12-36 Ay Çıtçıtlı Badi - Mavi,84.99
Civil Baby Summer Days Baskılı 3-36 Ay Çıtçıtlı Badi - Mavi,129.99
Civil Baby Basıc 3-18 Ay Çıtçıtlı Badi - Yeşil,29.99
Tweety Baskılı 0-18 Ay Çıtçıtlı Badi - Gri,29.99
Civil Baby Dinozor Baskılı 1-36 Ay Çıtçıtlı Badi - Kırmızı,99.99
Civil Baby Güneş Etiketli 3-18 Ay Çıtçıtlı Badi - Kahverengi,49.99
Civil Baby Dinozor Empirme Baskılı 3-12 Ay Çıtçıtlı Badi - Mavi,219.99
Civil Baby Sevimli Hayvanlar Empirme Baskılı 1-18 Ay Çıtçıtlı Badi - Turuncu,139.99
Civil Baby Dinazor Empirme Baskılı 1-18 Ay Çıtçıtlı Badi - Pembe,119.99
Civil Baby Renkli Hayvanlar Baskılı 3-18 Çıtçıtlı Badi - Hardal,279.00
Civil Baby One Taç 1-18 Ay Çıtçıtlı Badi - Ekru,24.99
Civil Baby Araba Empirme Baskılı 1-18 Ay Çıtçıtlı Badi - Sarı,139.99
Civil Baby Düz Uzun Kol 3 lü 1-3 Yaş Çıtçıtlı Badi - Beyaz,349.00
Bebetto Organic My Mushroom 3-12 Ay Çıtçıtlı Badi - Ekru,229.99
Civil Baby Annesi Gibi Prenses Baskılı Sfr.Kol1-36 Ay Çıtçıtlı Badi - Ekru,79.99
Tazmanya Canavarı Baskılı 0-18 Ay Çıtçıtlı Badi - Beyaz,29.99
Civil Baby İp Askılı Dantelli 12-24 Ay Kız Çıtçıtlı Badi - Pudra,139.99
Minidamla Safari1-18 Ay Çıtçıtlı Badi - Ekru,59.99
Civil Baby Gök Kuşağı Nakışlı Yakalı 1-18 Ay Çıtçıtlı Badi - Lila,149.99
Minidamla Çizgi Baskılı 1-18 Ay Çıtçıtlı Badi - Gri,49.99
Minidamla Armalı Basic 1-18 Ay Çıtçıtlı Badi - Lacivert,59.99
Minidamla Yıldızlı Ay 0-9 Ay Çıtçıtlı Badi - Gri,49.99
Minidamla Kalpli Ayı Ay 0-9 Ay Çıtçıtlı Badi - Mavi,49.99
Civil Baby Düz Uzun Kol 1-18 Ay Çıtçıtlı Badi - Mavi,57.99
Civil Baby Gökkuşağı Empirme Baskılı 3-12 Ay Çıtçıtlı Badi - Hardal,219.99
Civil Baby Yıldız Empirme Baskılı 1-18 Ay Çıtçıtlı Badi - Mavi,39.99
Minidamla Armalı Basic 1-18 Ay Çıtçıtlı Badi - Yeşil,59.99
Civil Baby12-24 Ay Ay Uniseks Çıtçıtlı Badi - Beyaz,37.99
Minidamla Hello Easter Amerikan 1-18 Ay Çıtçıtlı Badi - Ekru,59.99
Minidamla İnce Çizgili Baskılı 1-18 Ay Çıtçıtlı Badi - Fusya,49.99
Civil Baby Düz Çizgi Baskılı 0-18 Ay Çıtçıtlı Badi - Gri,19.99
Minidamla Düz 0-3 Ay Çıtçıtlıbadi - Sarı,59.99
Civil Baby Düz Askılı 1-18 Ay Çıtçıtlı Badi - Mavi,39.99
Minidamla Düz 0-9 Ay Çıtçıtlı Badi - Ekru,59.99
Civil Baby Fitilli 3-18 Ay Çıtçıtlı Badi - Ekru,69.99
Minidamla Armalı Basic 1-18 Ay Çıtçıtlı Badi - Yeşil,59.99
Minidamla Sea Child Amerikan 1-18 Ay Çıtçıtlı Badi - Kırmızı,59.99
Civil Baby 3-18 Ay Uniseks Çıtçıtlı Badi - Fusya,49.99
Minidamla Sea Child Amerikan 1-18 Ay Çıtçıtlı Badi - Mavi,59.99
Minidamla Armalı Basic 1-18 Ay Çıtçıtlı Badi - Gri,59.99
Minidamla Puanlı Ay 0-9 Ay Çıtçıtlı Badi - Pembe,49.99
Minidamla Sea Child Amerikan 1-18 Ay Çıtçıtlı Badi - Haki,59.99
Civil Baby Meyve ve Sebze Empirme 1-18 Ay Çıtçıtlı Badi - Kahve,89.99
Minidamla Sea Child Amerikan 1-18 Ay Çıtçıtlı Badi - Mavi,59.99
Civil Baby Düz Askılı 9-12 Ay Çıtçıtlı Badi - Beyaz,14.99
Civil Baby Çiçek Baskılı 3-18 Ay Çıtçıtlı Badi - Pudra,49.99
Civil Baby Düz Renkli 1-18 Ay Çıtçıtlı Badi - Pembe,19.99
Minidamla Armalı Basic 1-18 Ay Çıtçıtlı Badi - Pembe,59.99
Civil Baby Aslan Empirme Baskılı 1-18 Ay Çıtçıtlı Badi - Pudra,59.99
Civil Baby Kuzu Cepli 3-18 Ay Çıtçıtlı Badi - Pudra,129.99
Civil Baby Düz 1-18 Ay Çıtçıtlı Badi - Mavi,37.99
Civil Baby Çizgi Desenli 3-18 Ay Çıtçıtlı Badi - Gri,49.99
Minidamla Armalı Basic 1-18 Ay Çıtçıtlı Badi - Gri,59.99
Minidamla İnce Çizgili Baskılı 1-18 Ay Çıtçıtlı Badi - Pembe,49.99
Civil Baby Çizgili 0-18 Ay ÇıtçıtlıBadi - Mavi,39.99
Civil Baby Annesi'nin Minik Kuzusu Baskılı 1-12 Ay Çıtçıtlı Badi - Ekru,19.99
Minidamla Sea Child Amerikan 1-18 Ay Çıtçıtlı Badi - Yeşil,59.99
Civil Baby Elma Baskılı 2 Li 3-12 AY Çıtçıtlı Badi - Kırmızı,129.99
Civil Baby Düz Sıfır Kol 1-18 Ay Çıtçıtlı Badi - Pembe,47.99
Civil Baby Düz Askılı 1-18 Ay Çıtçıtlı Badi - Beyaz,39.99
Minidamla Hello Easter Amerikan 1-18 Ay Çıtçıtlı Badi - Pembe,59.99
Minidamla Filli Ay 0-9 Ay Çıtçıtlı Badi - Yeşil,49.99
Civil Baby Babaannesi'Nin Minik Kuzusu 1-36 Ay Çıtçıtlı Badi - Ekru,89.99
Minidamla Armalı Basic 1-18 Ay Çıtçıtlı Badi - Kırmızı,59.99
Minidamla Kalpli Ay 0-9 Ay Çıtçıtlı Badi - Pudra,49.99
Minidamla Armalı Basic 1-18 Ay Çıtçıtlı Badi - Turuncu,59.99
Minidamla Melanjlı Puanlı Baskılı 1-18 Ay Çıtçıtlı Badi - Pembe,49.99
Civil Baby 3-18 Ay Uniseks Çıtçıtlı Badi - Pembe,49.99
Minidamla Armalı Basic 1-18 Ay Çıtçıtlı Badi - Yeşil,59.99
Civil Baby Düz Renkli 1-18 Ay Çıtçıtlı Badi - Pudra,19.99
Civil Baby Düz 1-18 Ay Çıtçıtlı Badi - Beyaz,37.99
Minidamla Düz 0-3 Ay Çıtçıtlıbadi - Mavi,59.99
Civil Baby Çiçek Baskılı 3-18 Ay Çıtçıtlı Badi - Ekru,49.99
Civil Baby Düz U Kol 1-18 Ay Çıtçıtlı Badi - Ekru,32.99
Minidamla Armalı Basic 1-18 Ay Çıtçıtlı Badi - Ekru,59.99
Civil Baby Meyve ve Sebze Empirme 1-18 Ay Çıtçıtlı Badi - Pembe,89.99
Civil Baby 3-18 Ay Uniseks Çıtçıtlı Badi - Sarı,49.99
Minidamla Armalı Basic 1-18 Ay Çıtçıtlı Badi - Pudra,59.99
Civil Baby Düz Renkli 1-18 Ay Çıtçıtlı Badi - Yeşil,19.99
Minidamla Çizgi Baskılı 1-18 Ay Çıtçıtlı Badi - Gri,49.99
Civil Baby Düz Kısa Kol 1-18 Ay Çıtçıtlı Badi - Pembe,47.99
Civil Baby Düz 1-18 Ay Çıtçıtlı Badi - Mavi,44.99
Minidamla Filli Baskılı 1-18 Ay Çıtçıtlı Badi - Gri,49.99
Minidamla İnce Çizgili Baskılı 1-18 Ay Çıtçıtlı Badi - Kırmızı,49.99
Civil Baby Tavşan Baskılı 2 Li 1-3 Ay Çıtçıtlı Badi - Bej,119.99
Minidamla İnce Çizgili Baskılı 1-18 Ay Çıtçıtlı Badi - Mavi,49.99
Minidamla Armalı Basic 1-18 Ay Çıtçıtlı Badi - Mavi,59.99
Civil Baby Fitilli 3-18 Ay Çıtçıtlı Badi - Pudra,69.99
Civil Baby Yıldız Empirme Baskılı 1-18 Ay Çıtçıtlı Badi - Pembe,39.99
Civil Baby Fitilli 3-18 Ay Çıtçıtlı Badi - Pembe,69.99
Civil Baby Düz Askılı 1-18 Ay Çıtçıtlı Badi - Ekru,39.99
Minidamla Sea Child Amerikan 1-18 Ay Çıtçıtlı Badi - Lacivert,59.99
Civil Baby Düz 0-18 Ay ÇıtçıtlıBadi - Beyaz,29.99
Civil Baby Dalmaçya 1-18 Ay Çıtçıtlı Badi - Siyah,19.99
Civil Baby Düz 1-18 Ay Çıtçıtlı Badi - Ekru,37.99
Civil Baby12-24 Ay Ay Uniseks Çıtçıtlı Badi - Ekru,37.99
Minidamla Puan Baskılı 1-18 Ay Çıtçıtlı Badi - Mavi,49.99
Minidamla Puan Baskılı 1-18 Ay Çıtçıtlı Badi - Pembe,49.99
Civil Baby Düz Uzun Kol 1-18 Ay Çıtçıtlı Badi - Beyaz,57.99
Minidamla Sea Child Amerikan 1-18 Ay Çıtçıtlı Badi - Bordo,59.99
Civil Baby Basic Balıkçı Yaka 3-18 Ay Çıtçıtlı Badi - Gri,49.99
Civil Baby 3-18 Ay Uniseks Çıtçıtlı Badi - Bej,49.99
Minidamla Kalpli Ayı Ay 0-9 Ay Çıtçıtlı Badi - Gri,49.99
Civil Baby Düz Renkli 1-18 Ay Çıtçıtlı Badi - Yeşil,19.99
Civil Baby Düz 0-24 Ay Çıtçıtlı Badi - Beyaz,14.99
Minidamla Armalı Basic 1-18 Ay Çıtçıtlı Badi - Pudra,59.99
Minidamla Köpekli Baskılı 1-18 Ay Çıtçıtlı Badi - Kahve,49.99
Minidamla Düz 0-3 Ay Çıtçıtlıbadi - Ekru,59.99
Minidamla Sea Child Amerikan 1-18 Ay Çıtçıtlı Badi - Pembe,59.99
Minidamla Arılı Ayı Ay 0-9 Ay Çıtçıtlı Badi - Pembe,49.99
Minidamla Hello Easter Amerikan 1-18 Ay Çıtçıtlı Badi - Pudra,59.99
Civil Baby Çizgili 0-12 Ay Çıtçıtlı Badi - Mavi,14.99
Civil Baby Kardan Adam Empirme Baskılı 1-18 Ay Çıtçıtlı Badi - Lacivert,59.99
Civil Baby Çizgili 0-18 Ay ÇıtçıtlıBadi - Lacivert,39.99
Civil Baby Çizgili 0-18 Ay ÇıtçıtlıBadi - Pembe,39.99
Civil Baby Düz Sıfır Kol 3 lü 0-3 Ay Çıtçıtlı Badi - Beyaz,149.99
Civil Baby Düz 3-9 Ay Çıtçıtlı Badi - Beyaz,24.99
Civil Baby Düz Çizgi Baskılı 0-18 Ay Çıtçıtlı Badi - Pudra,19.99
Civil Baby Harf Nakışlı 3-18 Ay Çıtçıtlı Badi - Yeşil,59.99
Minidamla İnce Çizgili Baskılı 1-18 Ay Çıtçıtlı Badi - Mavi,49.99
Minidamla Hello Easter Amerikan 1-18 Ay Çıtçıtlı Badi - Yeşil,59.99
Minidamla Sea Child Amerikan 1-18 Ay Çıtçıtlı Badi - Gri,59.99
Minidamla Armalı Basic 1-18 Ay Çıtçıtlı Badi - Beyaz,59.99
Minidamla Fiyonklu Ay 0-9 Ay Çıtçıtlı Badi - Pembe,49.99
Civil Baby Dalmaçya 1-18 Ay Çıtçıtlı Badi - Pembe,19.99
Minidamla Sea Child Amerikan 1-18 Ay Çıtçıtlı Badi - Kahve,59.99
Minidamla Kalpli Ayı Baskılı 1-18 Ay Çıtçıtlı Badi - Turuncu,49.99
Minidamla Armalı Basic 1-18 Ay Çıtçıtlı Badi - Pudra,59.99
Civil Baby Düz 0-18 Ay Çıtçıtlı Badi - Beyaz,32.99
Civil Baby Düz Renkli 1-18 Ay Çıtçıtlı Badi - Ekru,19.99
Civil Baby 3-18 Ay Uniseks Çıtçıtlı Badi - Mavi,49.99
Civil Baby Düz Renkli 1-18 Ay Çıtçıtlı Badi - Mavi,19.99
Minidamla İnce Çizgili Baskılı 1-18 Ay Çıtçıtlı Badi - Gri,49.99
Civil Baby Düz Askılı 1-18 Ay Çıtçıtlı Badi - Kahve,39.99
Civil Baby Düz 0-12 Ay Çıtçıtlı Badi - Beyaz,14.99
Civil Baby 3-18 Ay Uniseks Çıtçıtlı Badi - Pembe,49.99
Civil Baby Düz 1-18 Ay Çıtçıtlı Badi - Gri,44.99
Civil Baby Aslan Empirme Baskılı 1-18 Ay Çıtçıtlı Badi - Mavi,59.99
Civil Baby Düz 1-18 Ay Çıtçıtlı Badi - Beyaz,44.99
Civil Baby Düz Renkli 1-18 Ay Çıtçıtlı Badi - Gri,19.99
Civil Baby Tavşan Baskılı 2 Li 1-3 Ay Çıtçıtlı Badi - Hardal,119.99
Minidamla Armalı Basic 1-18 Ay Çıtçıtlı Badi - Pembe,59.99
Minidamla Sea Child Amerikan 1-18 Ay Çıtçıtlı Badi - Gri,59.99
Civil Baby Çizgili 0-18 Ay ÇıtçıtlıBadi - Turuncu,39.99
Minidamla Armalı Basic 1-18 Ay Çıtçıtlı Badi - Bordo,59.99
Civil Baby Düz Çizgi Baskılı 0-18 Ay Çıtçıtlı Badi - Kahve,19.99
Civil Baby Düz 1-18 Ay Çıtçıtlı Badi - Ekru,44.99
Civil Baby Düz Kısa Kol 1-18 Ay Çıtçıtlı Badi - Beyaz,47.99
Civil Baby Düz Sıfır Kol 5'li 1-36 Ay Çıtçıtlı Badi - Ekru,299.00
Minidamla Düz 0-9 Ay Çıtçıtlı Badi - Beyaz,59.99
Minidamla Çizgi Baskılı 1-18 Ay Çıtçıtlı Badi - Mavi,49.99
Minidamla Melanjlı Puanlı Baskılı 1-18 Ay Çıtçıtlı Badi - Yeşil,49.99
Civil Baby Düz U Kol 1-18 Ay Çıtçıtlı Badi - Beyaz,32.99
Civil Baby Dedesi'Nin Minik Kuzusu1-36 Ay Çıtçıtlı Badi - Ekru,89.99
Minidamla Puanlı Ay 0-9 Ay Çıtçıtlı Badi - Mavi,49.99
Civil Baby Düz U Kol 1-18 Ay Çıtçıtlı Badi - Pembe,32.99
Civil Baby Düz Kısa Kol 1-18 Ay Çıtçıtlı Badi - Ekru,47.99
Minidamla Düz 0-3 Ay Çıtçıtlıbadi - Pembe,59.99
Civil Baby Çizgi Desenli 3-18 Ay Çıtçıtlı Badi - Mavi,49.99
Minidamla Düz 0-3 Ay Çıtçıtlıbadi - Beyaz,59.99
Civil Baby Çizgi Desenli 3-18 Ay Çıtçıtlı Badi - Kahverengi,49.99
Minidamla Hello Easter Amerikan 1-18 Ay Çıtçıtlı Badi - Gri,59.99
Civil Baby Düz U Kol 1-18 Ay Çıtçıtlı Badi - Gri,32.99
Civil Baby Düz 0-12 Ay Çıtçıtlı Badi - Mavi,19.99
Civil Baby Düz U Kol 1-18 Ay Çıtçıtlı Badi - Sarı,32.99
Civil Baby Düz Askılı 1-18 Ay Çıtçıtlı Badi - Pudra,39.99
Civil Baby 3-18 Ay Uniseks Çıtçıtlı Badi - Bordo,49.99
Civil Baby Düz Askılı 1-18 Ay Çıtçıtlı Badi - Sarı,39.99
Minidamla Jungle Baskılı 1-18 Ay Çıtçıtlı Badi - Gri,49.99
Civil Baby Çizgili 0-18 Ay ÇıtçıtlıBadi - Gri,39.99
Civil Baby Annesi'Nin Minik Kuzusu 1-36 Ay Çıtçıtlı Badi - Ekru,89.99
Civil Baby Basic Balıkçı Yaka 3-18 Ay Çıtçıtlı Badi - Ekru,49.99
Minidamla Armalı Basic 1-18 Ay Çıtçıtlı Badi - Beyaz,59.99
Minidamla Armalı Basic 1-18 Ay Çıtçıtlı Badi - Ekru,59.99
Minidamla Armalı Basic 1-18 Ay Çıtçıtlı Badi - Yeşil,59.99
Minidamla Düz 0-3 Ay Çıtçıtlıbadi - Ekru,59.99
Civil Baby 3-18 Ay Uniseks Çıtçıtlı Badi - Yeşil,49.99
Civil Baby Fil Empirme 1-18 Ay Çıtçıtlı Badi - Pembe,79.99
Civil Baby Düz 1-18 Ay Çıtçıtlı Badi - Pembe,44.99
Civil Baby Basic 01-18 Ay Çıtçıtlı Badi - Beyaz,32.99
Minidamla Düz 0-3 Ay Çıtçıtlıbadi - Mavi,59.99
Civil Baby Çizgili 0-18 Ay ÇıtçıtlıBadi - Yeşil,39.99
Civil Baby Basic 01-18 Ay Çıtçıtlı Badi - Ekru,32.99
Minidamla Düz 0-9 Ay Çıtçıtlı Badi - Mavi,59.99
Civil Baby Düz Kısa Kol 1-18 Ay Çıtçıtlı Badi - Mavi,47.99
Minidamla Şal Desen Ay 0-9 Ay Çıtçıtlı Badi - Pembe,49.99
Civil Baby Yıldız Empirme Baskılı 1-18 Ay Çıtçıtlı Badi - Kahve,39.99
Civil Baby Dalmaçya 1-18 Ay Çıtçıtlı Badi - Mavi,19.99
Minidamla Puan Baskılı 1-18 Ay Çıtçıtlı Badi - Mavi,49.99
Minidamla Armalı Basic 1-18 Ay Çıtçıtlı Badi - Mavi,59.99
Civil Baby Basic 01-18 Ay Çıtçıtlı Badi - Pembe,32.99
Minidamla Puanlı Ay 0-9 Ay Çıtçıtlı Badi - Gri,49.99
Civil Baby Düz Renkli 1-18 Ay Çıtçıtlı Badi - Hardal,19.99
Civil Baby 3-18 Ay Uniseks Çıtçıtlı Badi - Pembe,49.99
Civil Baby Harf Nakışlı 3-18 Ay Çıtçıtlı Badi - Sarı,79.99
Minidamla Armalı Basic 1-18 Ay Çıtçıtlı Badi - Kırmızı,59.99
Minidamla Çizgi Baskılı 1-18 Ay Çıtçıtlı Badi - Pembe,49.99
Minidamla Ayılı Ay 0-9 Ay Çıtçıtlı Badi - Mavi,49.99
Civil Baby Harf Nakışlı 3-18 Ay Çıtçıtlı Badi - Yeşil,79.99
Civil Baby Düz Sıfır Kol 1-18 Ay Çıtçıtlı Badi - Mavi,47.99
Minidamla Jungle Baskılı 1-18 Ay Çıtçıtlı Badi - Pembe,49.99
Minidamla Çizgi Baskılı 1-18 Ay Çıtçıtlı Badi - Yeşil,49.99
Minidamla Çizgi Baskılı 1-18 Ay Çıtçıtlı Badi - Mavi,49.99
Minidamla Düz 0-9 Ay Çıtçıtlı Badi - Gri,59.99
Civil Baby Çizgili 0-18 Ay ÇıtçıtlıBadi - Pudra,39.99
Civil Baby Fitilli 3-18 Ay Çıtçıtlı Badi - Mavi,69.99
Minidamla Çizgi Baskılı 1-18 Ay Çıtçıtlı Badi - Fusya,49.99
Minidamla Geometri Baskılı 1-18 Ay Çıtçıtlı Badi - Mavi,49.99
Civil Baby Çizgili 0-12 Ay Çıtçıtlı Badi - Pembe,14.99
Minidamla Düz 0-9 Ay Çıtçıtlı Badi - Sarı,59.99
Civil Baby Düz Sıfır Kol 1-18 Ay Çıtçıtlı Badi - Ekru,47.99
Minidamla Düz 0-9 Ay Çıtçıtlı Badi - Pembe,59.99
Minidamla Sea Child Amerikan 1-18 Ay Çıtçıtlı Badi - Sarı,59.99
Civil Baby Kuzu Cepli 3-18 Ay Çıtçıtlı Badi - Kahverengi,129.99
Civil Baby Fitilli 3-18 Ay Çıtçıtlı Badi - Kahverengi,69.99
Civil Baby 3-18 Ay Uniseks Çıtçıtlı Badi - Hardal,49.99
Civil Baby Gökkuşağı Empirme Baskılı 3-12 Ay Çıtçıtlı Badi - Yeşil,219.99
Minidamla Armalı Basic 1-18 Ay Çıtçıtlı Badi - Bordo,59.99
Minidamla Hello Easter Amerikan 1-18 Ay Çıtçıtlı Badi - Pudra,59.99
Minidamla Çizgi Baskılı 1-18 Ay Çıtçıtlı Badi - Lacivert,49.99
Civil Baby Harf Nakışlı 3-18 Ay Çıtçıtlı Badi - Sarı,59.99
Minidamla Armalı Basic 1-18 Ay Çıtçıtlı Badi - Sarı,59.99
Civil Baby Düz Renkli 1-18 Ay Çıtçıtlı Badi - Sarı,19.99
Minidamla Düz 0-3 Ay Çıtçıtlıbadi - Pembe,59.99
Minidamla Düz 0-3 Ay Çıtçıtlıbadi - Gri,59.99
Civil Baby Lolibaby Atlet 0-18 Ay Çıtçıtlı Badi - Beyaz,19.99
Minidamla Travel Baskılı 1-18 Ay Çıtçıtlı Badi - Lacivert,49.99
Civil Baby Düz U Kol 1-18 Ay Çıtçıtlı Badi - Mavi,32.99
Civil Baby Basic 01-18 Ay Çıtçıtlı Badi - Mavi,32.99
Civil Baby K.kol Düz 3-24 Ay Çıtçıtlı Badi - Beyaz,699.00
Civil Baby Mom Dad Me Baskılı 1-18 Ay Çıtçıtlı Badi - Pembe,49.99
Civil Baby Basic Balıkçı Yaka 3-18 Ay Çıtçıtlı Badi - Mavi,49.99
Minidamla Çiçekli Baskılı 1-18 Ay Çıtçıtlı Badi - Mavi,49.99
Civil Baby Düz Sıfır Kol 1-18 Ay Çıtçıtlı Badi - Beyaz,47.99
Minidamla Bulutlu Baskılı 1-18 Ay Çıtçıtlı Badi - Lacivert,49.99
Minidamla İnce Çizgili Baskılı 1-18 Ay Çıtçıtlı Badi - Lila,49.99
Civil Baby Düz Askılı 1-18 Ay Çıtçıtlı Badi - Pembe,39.99
Civil Baby Mom Dad Me Baskılı 1-18 Ay Çıtçıtlı Badi - Kırmızı,49.99
Civil Baby Kuzu Cepli 3-18 Ay Çıtçıtlı Badi - Yeşil,129.99
Minidamla Sea Child Amerikan 1-18 Ay Çıtçıtlı Badi - Gri,59.99
Civil Baby Düz Renkli 1-18 Ay Çıtçıtlı Badi - Mavi,19.99
Minidamla Kalpli Ay 0-9 Ay Çıtçıtlı Badi - Beyaz,49.99
Civil Baby Düz Renkli 1-18 Ay Çıtçıtlı Badi - Beyaz,19.99
Minidamla Seyrek Çizgili Baskılı 1-18 Ay Çıtçıtlı Badi - Sarı,49.99
Civil Baby Çiçek Baskılı 3-18 Ay Çıtçıtlı Badi - Pembe,49.99
Civil Baby Hello World Baskılı 1-18 Ay Çıtçıtlı Badi - Ekru,49.99
Civil Baby Düz 0-12 Ay Çıtçıtlı Badi - Pembe,19.99
Civil Baby Düz 1-18 Ay Çıtçıtlı Badi - Pembe,37.99
Civil Baby Elma Baskılı 2 Li 3-12 AY Çıtçıtlı Badi - Hardal,129.99
Minidamla Yapraklı Ay 0-9 Ay Çıtçıtlı Badi - Pembe,49.99
Minidamla Seyrek Çizgili Baskılı 1-18 Ay Çıtçıtlı Badi - Lacivert,49.99
Minidamla Düz 0-3 Ay Çıtçıtlıbadi - Haki,59.99
Civil Baby Düz 1-18 Ay Çıtçıtlı Badi - Beyaz,44.99
Minidamla Kalpli Ayı Ay 0-9 Ay Çıtçıtlı Badi - Pembe,49.99
Civil Baby Yıldız Empirme Baskılı 1-18 Ay Çıtçıtlı Badi - Pudra,39.99
Civil Baby Fil Empirme 1-18 Ay Çıtçıtlı Badi - Fil Dişi,79.99
Minidamla Armalı Basic 1-18 Ay Çıtçıtlı Badi - Pudra,59.99
Minidamla Düz 0-3 Ay Çıtçıtlıbadi - Gri,59.99
Civil Baby Basic Balıkçı Yaka 3-18 Ay Çıtçıtlı Badi - Pudra,49.99
Civil Baby Düz Uzun Kol 1-18 Ay Çıtçıtlı Badi - Pembe,57.99
Civil Baby Düz Uzun Kol 1-18 Ay Çıtçıtlı Badi - Ekru,57.99
Evolvia-Montero NutriPRO Plus 1 - 1000 Gr,1279.00
Evolvia NutriPRO Plus 2 800 G,749.00
Evolvia NutriPRO Plus 1 400 G,699.00
Evolvia NutriPRO Plus 3 - 1000 Gr,1279.00
Evolvia NutriPRO Plus 1 800 G,749.00
Evolvia NutriPRO Plus 3 800 G,749.00
Evolvia-Montero NutriPRO Plus 2 - 1000 Gr,1279.00
Lovetti Sanko Yarım Balıkçı Uzun Kol 5-8 Yaş Sweatshirt - Yeşil,79.99
Lovetti Patlı Sıfır Yaka 1-4 Yaş Sweatshirt - Lacivert,79.99
Civil Girls Wings Baskılı 6-9 Yaş Sweatshirt - Gri,169.99
Lovetti Sanko Yarım Balıkçı Uzun Kol 5-8 Yaş Sweatshirt - Kahverengi,79.99
Civil Boys Sooo Hungry Baskılı 2-5 Yaş Sweatshirt - Haki,199.99
Civil Baby Basic Arma Etiketli 6-18 Ay Sweatshirt - Yeşil,199.99
Civil Boys Street Team Baskılı 6-9 Yaş Sweatshirt - Siyah,249.99
Civil Girls 2 İplik Çizgili 10-13 Yaş Sweatshirt - Siyah,199.99
Civil Girls Likralı Süprem 2-5 Yaş Sweatshirt - Lila,99.99
Civil Boys Dama Sweat 6-9 Yaş Sweatshirt - Beyaz,399.00
Civil Boys Basic 10-13 Yaş Sweatshirt - Beyaz,149.99
Civil Boys Matematik Formül Baskılı 6-9 Yaş Sweatshirt - Siyah,349.00
Civil Girls Likralı Süprem 2-5 Yaş Sweatshirt - Lila,99.99
Civil Baby Önü Parçalı 6-18 Ay Kız Tek Üst - Gri,199.99
Kuromi 10-13 Yaş Sweatshirt - Lila,299.00
Civil Baby Süs Etiketli 6-18 Ay Sweatshirt - Bej,149.99
Civil Girls Love is Love Baskılı 2-5 Yaş Sweatshirt - Beyaz,129.99
Civil Girls You Beautiful Baskılı 10-13 Yaş Sweatshirt - Ekru,129.99
Civil Baby Basic Arma Etiketli 6-18 Ay Sweatshirt - Pembe,199.99
Civil Girls Kelebek Baskılı 6-9 Yaş Sweatshirt - Ekru,129.99
Civil Boys İş Makinası Emprime 2-5 Yaş Sweat - Mavi,119.99
Civil Baby Düz Basic 6-18 Ay Sweatshirt - Bej,149.99
Bugs Bunny 6-9 Yaş Sweatshirt - Pembe,399.00
Civil Baby Little Explorer Baskılı 6-18 Ay Sweatshirt - Ekru,199.99
Civil Girls Yakalı 6-9 Yaş Sweatshirt - Fil Dişi,299.00
Civil Girls Fabulous Baskılı 10-13 Yaş Sweatshirt - Ekru,499.00
Civil Boys Your Baskılı 10-13 Yaş Sweatshirt - Gri,299.00
Civil Boys Cebi Figürlü 2-5 Yaş Sweatshirt - Bej,249.99
Superman Baskılı 10-13 Yaş Sweatshirt - Gri,299.00
Civil Baby Yaprak Baskı 6-18 Ay Sweatshirt - Turuncu,79.99
Civil Baby Teddy Bear Baskılı 6-18 Ay Sweatshirt - Lacivert,229.99
Civil Boys Exstreme Baskılı 2-5 Yaş Sweatshirt - Bordo,199.99
Civil Baby Önü Parçalı 6-18 Ay Kız Tek Üst - Fusya,199.99
Civil Boys Work İş Arabası Baskılı 2-5 Yaş Sweatshirt - Hardal,99.99
Batman Baskılı 6-9 Yaş Sweatshirt - Hardal,219.99
Civil Girls Geyik Baskılı 2-5 Yaş Sweatshirt - Kırmızı,199.99
Civil Boys Polo Yaka 2-5 Yaş Sweatshirt - Gri,199.99
Civil Baby Bebek Penye Sweatshirt 12-24 Ay - Sarı,169.99
Civil Girls Basic 6-9 Yaş Sweatshirt - Beyaz,129.99
Civil Boys Uzay Mekiği Baskılı 2-5 Yaş Sweatshirt - Mavi,199.99
Civil Baby Büyük Kelebek Emprime 6-18 Ay Tek Üst - Gri,79.99
Civil Baby Büyük Puan Baskı 6-18 Ay Sweatshirt - Turuncu,79.99
Civil Boys Erkek Çocuk Sweatshirt 10-13 Yaş - Siyah,299.00
Civil Baby Balıkçı Yaka 6-18 Ay Uniseks Tek Üst - Yeşil,39.99
Civil Baby Dinosaur Emprime 6-18 Ay Erkek Tek Üst - Haki,99.99
Civil Boys Matematik Formül Baskılı 10-13 Yaş Sweatshirt - Siyah,349.00
Civil Boys Your Baskılı 6-9 Yaş Sweatshirt - Yeşil,299.00
Civil Boys Revel Atıom Baskılı 6-9 Yaş Sweatshirt - Bej,299.00
Civil Baby Bebek Penye Sweatshirt 12-24 Ay - Gri,169.99
Civil Baby Parçalı Baskılı 6-18 Ay Sweatshirt - Pembe,249.99
Civil Boys Qr Kod Etiketli 6-9 Yaş Sweatshirt - Siyah,299.00
Civil Boys Colour Dinazor Baskılı 2-5 Yaş Sweatshirt - Ekru,129.99
Civil Girls Stay Motivated Baskılı 6-9 Yaş Sweatshirt - Pudra,199.99
Civil Baby Happy Baskılı 6-18 Ay Kız Tek Üst - Beyaz,49.99
Civil Boys Biyeli Yarım Fermuarlı 2-5 Yaş Sweatshirt - Mavi,299.00
Civil Boys Zurafa Araba Baskılı 2-5 Yaş Sweatshirt - Bej,169.99
Civil Boys Steezy Baskılı 10-13 Yaş Sweatshirt - Mavi,449.00
Tufyy Ayıcıklı 6-24 Ay Kazak,29.99
Civil Baby Maymun Emprime 6-18 Ay Erkek Tek Üst - Gri,89.99
Civil Girls Miami 2-5 Yaş Sweatshirt - Beyaz,199.99
Civil Boys Wanna Be Yıldız Baskılı 6-9 Yaş Sweatshirt - Bordo,349.00
Civil Boys Cvl Team Etiketli 2-5 Yaş Sweatshirt - Mavi,349.00
Civil Girls Groove Baskılı 2-5 Yaş Sweatshirt - Gri,149.99
Civil Boys Race Baskı 2-5 Yaş Sweat - Mavi,179.99
Civil Girls Yes Baskılı 10-13 Yaş Sweatshirt - Fil Dişi,149.99
Civil Boys Always Orıgınal Baskılı 10-13 Yaş Sweatshirt - Gri,149.99
Civil Boys Never Stay Baskılı 10-13 Yaş Sweatshirt - Turuncu,399.00
Civil Boys Qr Kod Etiketli 10-13 Yaş Sweatshirt - Gri,299.00
Civil Baby Balıkçı Yaka 6-18 Ay Uniseks Tek Üst - Hardal,39.99
Civil Girls Miami 6-9 Yaş Sweatshirt - Beyaz,199.99
Civil Baby 3-9 Ay Unisex Tek Üst - Yeşil,169.99
Civil Boys Nyc Baskılı 10-13 Yaş Sweatshirt - Ekru,149.99
Civil Boys Termal 9-13 Yaş Sweatshirt - Gri,119.99
Civil Boys Erkek Çocuk Sweatshirt 2-5 Yaş - Gri,249.99
Civil Baby Papatya Baskılı 6-18 Ay Sweatshirt - Yeşil,129.99
Civil Baby Balıkçı Yaka 6-18 Ay Uniseks Tek Üst - Mavi,39.99
Civil Boys Skater Baskılı 6-9 Yaş Sweatshirt - Gri,149.99
Civil Boys Mountaın Etiketli 6-9 Yaş Sweatshirt - Mavi,249.99
Civil Boys G Baskılı - Etiketli 6-9 Yaş Sweatshirt - Lacivert,299.00
Civil Baby Dinozor Empirmeli 6-18 Ay Sweatshirt - Ekru,149.99
Civil Boys Erkek Çocuk Sweatshirt 6-9 Yaş - Bej,249.99
Civil Boys Kordinat Baskılı 6-9 Yaş Sweatshirt - Gri,499.00
Civil Baby Süs Etiketli 6-18 Ay Sweatshirt - Turuncu,149.99
Civil Baby Happy Baskılı 6-18 Ay Kız Tek Üst - Yeşil,49.99
Civil Boys Gamer Baskılı 10-13 Yaş Sweatshirt - Gri,349.00
Civil Baby Süs Etiketli 6-18 Ay Sweatshirt - Yeşil,169.99
Civil Girls File Atletli 10-13 Yaş Sweatshirt - Yeşil,499.00
Taz Baskılı 2-5 Yaş Sweatshirt - Lacivert,199.99
Civil Baby 3-9 Ay Unisex Tek Üst - Mavi,169.99
Civil Girls Basic 2-5 Yaş Sweatshirt - Haki,129.99
Civil Boys Run Baskılı 6-9 Yaş Sweat - Haki,149.99
Roly Poly Barbıe Kız Çocuk 3-8 Yaş Sweatshirt - Siyah,259.00
Civil Girls Kedi Baskılı 2-5 Yaş Sweatshirt - Pembe,199.99
Lovetti Sanko Yarım Balıkçı Uzun Kol 5-8 Yaş Sweatshirt - Sarı,79.99
Civil Boys Play To Wın Baskılı 2-5 Yaş Sweatshirt - Haki,99.99
Civil Baby Önü Parçalı 6-18 Ay Kız Tek Üst - Mavi,199.99
Civil Boys Authentıc Nakışlı Kapşonlu 10-13 Yaş Sweatshirt - Mavi,299.00
Civil Baby Colored Fıgures Baskılı 6-18 Sweatshirt - Mavi,279.00
Civil Baby Happy Baskılı 6-18 Ay Kız Tek Üst - Sarı,49.99
Scooby Doo Baskılı 2-5 Yaş Sweat - Hardal,69.99
Civil Baby Düz Basic 6-18 Ay Sweatshirt - Bej,149.99
Superman Baskılı 2-5 Yaş Sweatshirt - Gri,149.99
Tufyy Desenli 9-24 Ay Bady - Pembe,89.99
Civil Boys Cvl Team Etiketli 2-5 Yaş Sweatshirt - Bordo,349.00
Batman Baskılı Pelerinli 10-13 Yaş Sweatshirt - Sarı,199.99
Civil Boys Game On Baskılı 10-13 Yaş Sweatshirt - Yeşil,299.00
Civil Baby Önü Parçalı 6-18 Ay Kız Tek Üst - Lacivert,199.99
Civil Baby Balıkçı Yaka 6-18 Ay Uniseks Tek Üst - Hardal,39.99
Civil Baby Önü Parçalı 6-18 Ay Kız Tek Üst - Bej,199.99
Civil Boys Go Wıth Baskılı 10-13 Yaş Sweatshirt - Mavi,599.00
Civil Boys N Dept Of Baskılı 6-9 Yaş Sweatshirt - Haki,149.99
Civil Boys Original Baskılı 6-9 Yaş Sweatshirt - Siyah,149.99
Civil Boys Uzay Mekiği Baskılı 2-5 Yaş Sweatshirt - Hardal,199.99
Civil Girls Tavşan Baskılı 2-5 Yaş Sweatshirt - Lila,99.99
Civil Boys You Matter Baskılı 10-13 Yaş Sweatshirt - Yeşil,299.00
Civil Boys Rules Baskılı 2'li Set 6-9 Yaş Sweatshirt,549.00
Lovetti Sanko Yarım Balıkçı Uzun Kol 5-8 Yaş Sweatshirt - Bordo,79.99
Civil Baby Balıkçı Yaka 6-18 Ay Uniseks Tek Üst - Turuncu,39.99
Civil Baby Princess Emprime Nakış 3-18 Ay Kız Tek Üst - Pembe,39.99
Civil Baby Happy Life Empirme 6-18 Ay Tek Üst Bebe - Kırmızı,49.99
Civil Baby Büyük Kelebek Emprime 6-18 Ay Tek Üst - Pudra,79.99
Civil Boys Cool Dude Etiketli 10-13 Yaş Sweatshirt - Turuncu,369.00
Civil Baby Happy Life Çizgi Zürafa Baskılı 6-18 Ay Tek Üst Bebe - Lacivert,49.99
Civil Girls Örgü Çiçek Aksesualı 2-5 Yaş Sweatshirt - Ekru,199.99
Civil Baby Damalı Cvl Baskılı 6-18 Ay Erkek Tek Üst - Gri,79.99
Civil Baby Ayıcık Baskılı Çizgili 6-18 Ay Sweatshirt - Mavi,199.99
Civil Boys Termal 9-13 Yaş Sweatshirt - Siyah,119.99
Civil Baby Çiçek Baskı ve Nakışlı 6-18 Ay Sweatshirt - Bej,249.99
Civil Boys Basic 10-13 Yaş Sweatshirt - Bej,149.99
Civil Boys Tiger Baskılı - Etiketli 10-13 Yaş Sweatshirt - Bordo,299.00
Civil Baby Düz Basic 6-18 Ay Sweatshirt - Yeşil,149.99
Civil Baby Colored Fıgures Baskılı 6-18 Sweatshirt - Turuncu,279.00
Tufyy Mobil Kulaklı 6-24 Ay Bady - Yeşil,89.99
Civil Boys Parçalı Polar 2-5 Yaş Sweatshirt - Bej,349.00
Civil Boys Erkek Çocuk Sweatshirt 6-9 Yaş - Siyah,249.99
Civil Boys Karyoka Dikişli 10-13 Yaş Sweatshirt - Haki,299.00
Civil Girls Pullu Kalp Nakışlı 2-5 Yaş Sweatshirt - Siyah,299.00
Lovetti Patlı Sıfır Yaka 1-4 Yaş Sweatshirt - Bebe Mavi,79.99
Superman Baskılı Pelerinli 6-9 Yaş Sweatshirt - Mavi,199.99
Civil Boys Calıfornıa Baskılı 2-5 Yaş Sweatshirt - Gri,199.99
Civil Boys Run Baskılı 6-9 Yaş Sweat - Siyah,149.99
Civil Boys Harfler Baskılı 2-5 Yaş Sweat - Bordo,119.99
Civil Baby Keep Smiling Etiketli Basic 6-18 Ay Sweatshirt - Kahverengi,199.99
Civil Boys Mountaın Baskılı 6-9 Yaş Sweatshirt - Lacivert,299.00
Civil Baby Dinosaur Emprime Baskı 6-18 Ay Erkek Tek Üst - Haki,99.99
Hello Kitty 10-13 Yaş Sweatshirt - Lila,549.00
Civil Girls Happen Baskılı 2-5 Yaş Sweatshirt - Pembe,199.99
Harry Potter Baskılı 6-9 Yaş Sweatshirt - Bej,349.00
Civil Girls Cute Baskılı 6-9 Yaş Sweatshirt - Pembe,169.99
Civil Baby 3-9 Ay Unisex Tek Üst - Beyaz,169.99
Civil Girls Kelebek Baskılı 6-9 Yaş Sweatshirt - Lacivert,129.99
Civil Baby 3-9 Ay Unisex Tek Üst - Sarı,169.99
Civil Boys Erkek Çocuk Sweatshirt 6-9 Yaş - Bej,249.99
Civil Boys Foreyer Baskılı 10-13 Yaş Sweatshirt - Siyah,249.99
Kuromi 6-9 Yaş Sweatshirt - Lila,449.00
Civil Baby Yaprak Baskı 6-18 Ay Sweatshirt - Hardal,79.99
Civil Girls Çizgili 6-9 Yaş Sweatshirt - Pembe,249.99
Civil Boys G Baskılı - Etiketli 6-9 Yaş Sweatshirt - Bordo,299.00
Civil Boys Revel Atıom Baskılı 6-9 Yaş Sweatshirt - Turuncu,299.00
Civil Baby Slam Dunk Baskı 6-18 Ay Erkek Tek Üst - Hardal,29.99
Lovetti Patlı İnt.Uzun Kol 1-4 Yaş Sweatshirt - Siyah,79.99
Civil Boys Lets Go Timsah Baskılı 2-5 Yaş Sweatshirt - Bej,129.99
Civil Boys Crunch Baskılı 2-5 Yaş Sweatshirt - Haki,199.99
Civil Baby Basic Arma Etiketli 6-18 Ay Sweatshirt - Pudra,199.99
Civil Girls Likralı Süprem 2-5 Yaş Sweatshirt - Gri,99.99
Roly Poly Barbıe Kız Garson 9-14 Yaş Sweatshirt - Siyah,319.00
Civil Boys C Nakışlı College Baskılı 2-5 Yaş Sweatshirt - Yeşil,199.99
Civil Girls Yes Baskılı 10-13 Yaş Sweatshirt - Pembe,129.99
Civil Baby Always Baskılı Cepli 6-18 Ay Tek Üst Bebe - Siyah,79.99
Civil Girls Lest Grow Together Baskılı 2-5 Yaş Sweatshirt - Yeşil,149.99
Civil Baby Basic Arma Etiketli 6-18 Ay Sweatshirt - Lila,199.99
Civil Boys Nyc Baskılı 10-13 Yaş Sweatshirt - Siyah,149.99
Civil Boys Kamuflaj Baskılı 6-9 Yaş Sweatshirt - Haki,299.00
Civil Boys Şaşkın Surat Baskılı 2-5 Yaş Sweatshirt - Siyah,199.99
Civil Boys Los Angeles 2-5 Yaş Sweatshirt - Beyaz,349.00
Civil Boys You Matter Baskılı 6-9 Yaş Sweatshirt - Mavi,299.00
Civil Girls Good Nakışlı 10-13 Yaş Sweatshirt - Lila,199.99
Civil Boys Kukuli Dütdüt Baskılı 2-5 Yaş Sweat - Gri,69.99
Civil Girls Likralı Süprem 2-5 Yaş Sweatshirt - Pudra,99.99
Civil Boys Unıverstıty Ayıcık Nakışlı 2-5 Yaş Sweatshirt - Bej,449.00
Civil Girls Basic 6-9 Yaş Sweatshirt - Mavi,129.99
Civil Boys Erkek Çocuk Sweatshirt 10-13 Yaş - Bej,299.00
Civil Boys The Best And Baskılı 10-13 Yaş Sweat - Lila,69.99
Lovetti Patlı Sıfır Yaka 1-4 Yaş Sweatshirt - Kahverengi,79.99
Civil Boys Run Baskılı 10-13 Yaş Sweat - Siyah,149.99
Civil Baby Maymun Emprime 6-18 Ay Erkek Tek Üst - Hardal,99.99
Civil Baby Keep Smiling Etiketli Basic 6-18 Ay Sweatshirt - Bej,199.99
Civil Girls POSSITIVE Baskılı 6-9 Yaş Sweatshirt - Pembe,299.00
Ben10 Baskılı 2-5 Yaş Sweat - Lacivert,69.99
Civil Baby Patlı 6-18 Ay Sweatshirt - Pembe,149.99
Civil Boys Rollin Baskılı 2-5 Yaş Sweatshirt - Gri,99.99
Civil Baby Keep Smiling Etiketli Basic 6-18 Ay Sweatshirt - Yeşil,199.99
Civil Boys Skate Etiketli Çizgili 2-5 Yaş Sweatshirt - Gri,199.99
Civil Baby Düz Basic 6-18 Ay Sweatshirt - Lila,149.99
Civil Girls Wings Baskılı 6-9 Yaş Sweatshirt - Gri,169.99
Hello Kitty 6-9 Yaş Sweatshirt - Lila,499.00
Superman Baskılı 6-9 Yaş Sweatshirt - Siyah,299.00
Roly Poly Barbıe Kız Garson 9-14 Yaş Sweatshirt - Fusya,319.00
RolyPoly Stıtch Kız Çocuk 3-8 Yaş Sweatshirt - Pembe,259.00
Civil Boys Giant Rex Baskılı 10-13 Yaş Sweatshirt - Kahve,299.00
Civil Baby Mini Papatya Empirme 6-18 Ay Sweatshirt - Lila,199.99
Civil Boys Karyoka Dikişli 10-13 Yaş Sweatshirt - Kahve,299.00
Civil Baby Büyük Puan Baskı 6-18 Ay Sweatshirt - Pudra,79.99
Civil Boys G Baskılı - Etiketli 10-13 Yaş Sweatshirt - Lacivert,299.00
Civil Baby Süs Etiketli 6-18 Ay Sweatshirt - Sarı,149.99
Civil Girls Good Nakışlı 10-13 Yaş Sweatshirt - Ekru,199.99
Civil Baby Slam Dunk Baskı 6-18 Ay Erkek Tek Üst - Mavi,29.99
Civil Girls Paris Baskılı 10-13 Yaş Sweatshirt - Siyah,129.99
Civil Baby 3-9 Ay Unisex Tek Üst - Ekru,169.99
Civil Boys Tokyo 6-9 Yaş Sweatshirt - Beyaz,399.00
Civil Baby Patlı 6-18 Ay Sweatshirt - Pudra,149.99
Civil Girls Kolu Fırfırlı 6-9 Yaş Sweatshirt - Ekru,299.00
Civil Girls Çiçek Baskılı 2-5 Yaş Sweatshirt - Lacivert,129.99
Civil Girls Çiçekli Unicorn Baskılı 2-5 Yaş Sweatshirt - Lila,199.99
Civil Girls Likralı Süprem 2-5 Yaş Sweatshirt - Kırmızı,99.99
Civil Boys Gıants Baskılı -Etiketli 10-13 Yaş Sweatshirt - Bej,299.00
Civil Boys Play To Wın Baskılı 6-9 Yaş Sweatshirt - Bej,149.99
Lovetti Likralı Uzun Kol 1-4 Yaş Sweatshirt - Mavi,79.99
Civil Boys Termal 2-5 Yaş Sweatshirt - Siyah,199.99
Civil Boys Cool Team Baskılı 10-13 Yaş Sweatshirt - Gri,349.00
Civil Boys Every Baskı Mermer Emprime 10-13 Yaş Sweat - Haki,149.99
Civil Baby Büyük Puan Baskı 6-18 Ay Sweatshirt - Pembe,79.99
Civil Boys Lets Play Konsol Baskılı 6-9 Yaş Sweatshirt - Siyah,399.00
Superman Baskılı 6-9 Yaş Sweatshirt - Mavi,299.00
Civil Girls 2 İplik Çizgili 10-13 Yaş Sweatshirt - Ekru,199.99
Civil Boys Uzay Mekiği Baskılı 2-5 Yaş Sweatshirt - Yeşil,199.99
Civil Boys Crunch Baskılı 2-5 Yaş Sweatshirt - Gri,199.99
Civil Boys Etiketli - Micro Garnili 10-13 Yaş Sweatshirt - Gri,499.00
Civil Baby Çiçek Empirmeli 6-18 Ay Sweatshirt - Yeşil,149.99
Civil Boys Always Orıgınal Baskılı 10-13 Yaş Sweatshirt - Yeşil,149.99
Civil Boys Araba Camping Baskılı 6-9 Yaş Sweatshirt - Kahve,349.00
Civil Boys Şaşkın Surat Baskılı 2-5 Yaş Sweatshirt - Haki,199.99
Civil Boys Stay Ready Baskılı 2-5 Yaş Sweatshirt - Hardal,199.99
Hello Kitty 2-5 Yaş Sweatshirt - Ekru,299.00
Harry Potter Baskılı 6-9 Yaş Sweatshirt - Mavi,349.00
Civil Girls Çiçekli Unicorn Baskılı 2-5 Yaş Sweatshirt - Lila,199.99
Civil Girls Ayıcık Baskılı 2-5 Yaş Sweatshirt - Yeşil,199.99
Lovetti Patlı Sıfır Yaka 1-4 Yaş Sweatshirt - Mavi,79.99
Barbıe Kız Garson 9-14 Yaş Sweatshirt - Siyah,319.00
Lovetti Sanko Yarım Balıkçı Uzun Kol 5-8 Yaş Sweatshirt - Gri,79.99
Civil Boys Big Bro Goal Baskı 2-5 Yaş Sweat - Mavi,129.99
Civil Boys Kukuli Dütdüt Baskılı 2-5 Yaş Sweat - Hardal,69.99
Civil Girls Likralı Süprem 2-5 Yaş Sweatshirt - Lila,99.99
Civil Girls Çiçek Baskılı 6-9 Yaş Sweatshirt - Lila,299.00
Civil Girls Groove Baskılı 2-5 Yaş Sweatshirt - Kırmızı,149.99
Civil Baby Ayıcık Baskılı 6-18 Ay Sweatshirt - Gri,169.99
Civil Baby Önü Parçalı 6-18 Ay Kız Tek Üst - Lila,199.99
Tom And Jerry Baskılı 2-5 Yaş Sweatshirt - Mavi,199.99
Kujju Srdnl 3 Ip Rgln Kl Race Of Turkey Bsk 6-18 Ay Erk Tek Ust - Haki,24.99
Ben10 Baskılı 2-5 Yaş Sweat - Gri,69.99
Civil Girls Basic 10-13 Yaş Sweatshirt - Pembe,399.00
Civil Boys Mountaın Camp Baskılı 6-9 Yaş Sweatshirt - Lacivert,249.99
Civil Baby Happy Baskılı 6-18 Ay Kız Tek Üst - Pembe,49.99
Civil Baby Süs Etiketli 6-18 Ay Sweatshirt - Lacivert,149.99
Nova Baby Yeşil Ema Kokulu Renglan Kol 1-9 Ay Sweatshirt - Ekru,179.99
Lovetti Patlı Sıfır Yaka 1-4 Yaş Sweatshirt - Pembe,79.99
Civil Boys Giant Rex Baskılı Kapşonlu 10-13 Yaş Sweatshirt - Gri,399.00
Lovetti Sanko Yarım Balıkçı Uzun Kol 5-8 Yaş Sweatshirt - Hardal,79.99
Civil Baby Şirin Kalpli Panda Emprime 6-18 Ay Kız Tek Üst - Fusya,69.99
Civil Boys Bear Baskılı Çizgili 2-5 Yaş Sweatshirt - Bej,249.99
Civil Boys Cvl Team Etiketli 2-5 Yaş Sweatshirt - Bej,349.00
Civil Boys Köpek Baskılı 2-5 Yaş Sweatshirt - Gri,199.99
Civil Boys Board Squad Baskılı 2-5 Yaş Sweatshirt - Gri,199.99
Civil Baby Bebek Penye Sweatshirt 12-24 Ay - Mavi,169.99
Civil Baby Önü Parçalı 6-18 Ay Kız Tek Üst - Sarı,199.99
Civil Baby 3-9 Ay Unisex Tek Üst - Gri,169.99
Civil Girls Stay Free Kelebek Baskılı 10-13 Yaş Sweatshirt - Siyah,129.99
Civil Boys C Nakışlı College Baskılı 2-5 Yaş Sweatshirt - Lacivert,199.99
Civil Girls Choose Happiness Baskılı 6-9 Yaş Sweatshirt - Pembe,129.99
Civil Boys Biyeli Yarım Fermuarlı 2-5 Yaş Sweatshirt - Yeşil,299.00
Roly Poly Barbıe Kız Çocuk 3-7 Yaş Sweatshirt - Bej,299.00
Civil Girls Omuz Fırfırlı 10-13 Yaş Sweatshirt - Mavi,299.00
Civil Girls Kız Çocuk Düz 2-5 Yaş Sweatshirt - Gri,199.99
Civil Baby Parçalı Baskılı 6-18 Ay Sweatshirt - Lila,249.99
Civil Baby Parçalı 6-18 Ay Sweatshirt - Bej,299.00
Civil Girls Tül Fırfırlı 2-5 Yaş Sweatshirt - Siyah,299.00
Civil Boys Tıger Dance Baskılı 2-5 Yaş Sweatshirt - Gri,299.00
Civil Boys Run Baskılı 10-13 Yaş Sweat - Haki,149.99
Civil Baby Bebek Penye Sweatshirt 12-24 Ay - Sarı,169.99
Civil Girls Basic 2-5 Yaş Sweatshirt - Mavi,129.99
Civil Boys Ayı Baskılı Çizgi Empirmeli 2-5 Yaş Sweatshirt - Bej,349.00
Civil Boys İfadeli Yıldız Empirme 2-5 Yaş Sweat - Gri,119.99
Civil Baby Önü Parçalı 6-18 Ay Kız Tek Üst - Yeşil,199.99
Lovetti Patlı Sıfır Yaka 1-4 Yaş Sweatshirt - Gri,79.99
Tom And Jerry Hey Baskılı 2-5 Yaş Sweat - Mavi,69.99
Civil Girls Omuz Fırfırlı 10-13 Yaş Sweatshirt - Bordo,299.00
Civil Boys Düşünen Ayı Baskılı 2-5 Yaş Sweatshirt - Bej,199.99
Civil Baby Bebek Penye Sweatshirt 12-24 Ay - Yeşil,169.99
Bugs Bunny 10-13 Yaş Sweatshirt - Gri,399.00
Civil Baby Keep Smiling Etiketli Basic 6-18 Ay Sweatshirt - Siyah,199.99
Civil Boys No Etiketli 10-13 Yaş Kapüşonlu Sweatshırt - Siyah,449.00
Tom And Jerry Hey Baskılı 2-5 Yaş Sweat - Siyah,69.99
Civil Baby Şirin Kalpli Panda Emprime 6-18 Ay Kız Tek Üst - Sarı,69.99
Taz Baskılı 2-5 Yaş Sweatshirt - Kırmızı,199.99
Civil Baby Benekli Dino Empirme 6-18 Ay Sweatshirt - Bej,229.99
Civil Boys Harfler Baskılı 2-5 Yaş Sweat - Haki,119.99
Civil Baby Fiyonklu 6-18 Ay Sweatshirt - Pembe,199.99
Civil Boys Cvl Team Etiketli 2-5 Yaş Sweatshirt - Siyah,349.00
Civil Baby Basic Arma Etiketli 6-18 Ay Sweatshirt - Ekru,199.99
Civil Baby Bebek Penye Sweatshirt 12-24 Ay - Sarı,169.99
Civil Boys Backsıde Baskılı 10-13 Yaş Sweatshirt - Haki,249.99
Civil Boys Basic 6-9 Yaş Sweatshirt - Beyaz,149.99
Civil Girls Basic 6-9 Yaş Sweatshirt - Bordo,349.00
Civil Boys Tokyo Baskılı 10-13 Yaş Sweatshirt - Mavi,149.99
Civil Baby 3-9 Ay Unisex Tek Üst - Lila,169.99
Civil Boys Varcıty Baskılı-Nakışlı Kapşonlu 10-13 Yaş Sweatshirt - Gri,299.00
Civil Baby Düz Basic 6-18 Ay Sweatshirt - Yeşil,149.99
Lovetti Sanko Yarım Balıkçı Uzun Kol 5-8 Yaş Sweatshirt - Fusya,79.99
Civil Boys You Will Baskılı 2-5 Yaş Sweatshirt - Gri,199.99
Civil Boys Köpek Baskılı 2-5 Yaş Sweatshirt - Gri,199.99
Tufyy Desenli 9-24 Ay Bady - Ekru,89.99
Civil Girls Geyik Baskılı 2-5 Yaş Sweatshirt - Ekru,199.99
Civil Baby Balıkçı Yaka 6-18 Ay Uniseks Tek Üst - Siyah,39.99
Civil Boys Biyeli Yarım Fermuarlı 2-5 Yaş Sweatshirt - Hardal,299.00
Civil Baby Ayıcık Baskılı Çizgili 6-18 Ay Sweatshirt - Hardal,199.99
Civil Boys Karyoka Dikişli 10-13 Yaş Sweatshirt - Bej,299.00
Lovetti Patlı Sıfır Yaka 1-4 Yaş Sweatshirt - Mavi,79.99
Civil Boys Etiketli - Micro Garnili 6-9 Yaş Sweatshirt - Gri,449.00
Civil Girls Çiçek Baskılı 2-5 Yaş Sweatshirt - Gri,149.99
Civil Boys Kolları Ayı Baskılı 2-5 Yaş Sweatshirt - Hardal,299.00
Bugs Bunny 2-5 Yaş Sweatshirt - Pembe,399.00
Civil Baby Önü Parçalı 6-18 Ay Kız Tek Üst - Sarı,199.99
Civil Baby 3-9 Ay Unisex Tek Üst - Fusya,169.99
Civil Baby Süs Etiketli 6-18 Ay Sweatshirt - Haki,149.99
Civil Baby Maymun Emprime 6-18 Ay Erkek Tek Üst - Gri,99.99
Superman Baskılı 6-9 Yaş Sweatshirt - Gri,299.00
Civil Girls Unicorn Baskılı 2-5 Yaş Sweatshirt - Ekru,199.99
Civil Girls Basic 6-9 Yaş Sweatshirt - Pembe,349.00
Civil Girls Likralı Süprem 2-5 Yaş Sweatshirt - Pembe,99.99
Civil Boys Cool Dude Etiketli 6-9 Yaş Sweatshirt - Bej,249.99
Tufyy Mobil Kulaklı 6-24 Ay Bady - Sarı,89.99
Civil Baby 3-9 Ay Unisex Tek Üst - Mavi,169.99
Civil Boys G Baskılı - Etiketli 10-13 Yaş Sweatshirt - Bordo,299.00
Civil Boys Chıcago Baskılı Çıkma Kol 6-9 Yaş Sweatshirt - Siyah,249.99
Civil Boys No Etiketli 6-9 Yaş Sweatshırt - Yeşil,449.00
Civil Baby Basic Arma Etiketli 6-18 Ay Sweatshirt - Lila,199.99
Civil Baby Bebek Penye Sweatshirt 12-24 Ay - Lila,169.99
Civil Baby 3-9 Ay Unisex Tek Üst - Yeşil,169.99
Civil Girls Yes Baskılı 10-13 Yaş Sweatshirt - Lacivert,129.99
Civil Boys Mountaın Etiketli 6-9 Yaş Sweatshirt - Yeşil,249.99
Civil Baby Fisto Yakalı 6-18 Ay Sweatshirt - Siyah,189.99
Civil Girls Hello Winter Baskılı 2-5 Yaş Sweatshirt - Gri,129.99
Tweety 6-9 Yaş Sweatshirt - Ekru,199.99
Civil Baby Happy Life Empirme 6-18 Ay Tek Üst Bebe - Lacivert,49.99
Civil Baby Kalp Nakışlı Basic 6-18 Ay Sweatshirt - Lila,229.99
Civil Boys T Rex Baskılı Kapşonlu 10-13 Yaş Sweatshirt - Gri,399.00
Civil Boys Never Stay Baskılı 10-13 Yaş Sweatshirt - Hardal,399.00
Civil Baby Düz Basic 6-18 Ay Sweatshirt - Bej,149.99
Civil Boys Erkek Çocuk Sweatshirt 6-9 Yaş - Gri,249.99
Harry Potter Baskılı 10-13 Yaş Sweatshirt - Siyah,199.99
Civil Boys Backsıde Baskılı 6-9 Yaş Sweatshirt - Haki,249.99
Civil Girls File Atletli 6-9 Yaş Sweatshirt - Yeşil,399.00
Civil Baby Balıkçı Yaka 6-18 Ay Uniseks Tek Üst - Pembe,39.99
Civil Boys Erkek Çocuk Sweatshirt 6-9 Yaş - Hardal,249.99
Superman Baskılı 10-13 Yaş Sweatshirt - Mavi,299.00
Civil Boys Dinazor Empirme 2-5 Yaş Sweatshirt - Haki,249.99
Civil Boys Chıcago Baskılı Çıkma Kol 10-13 Yaş Sweatshirt - Siyah,349.00
Civil Baby Balıkçı Yaka 6-18 Ay Uniseks Tek Üst - Yeşil,39.99
Civil Boys Çıkma Kol - Etiketli 10-13 Yaş Sweatshirt - Mavi,299.00
Tom And Jerry 2-5 Yaş Sweatshirt - Ekru,249.99
Civil Girls CALIFIRNIA Baskılı 6-9 Yaş Sweatshirt - Pembe,349.00
Hello Kitty 2-5 Yaş Sweatshirt - Siyah,199.99
Tufyy Mobil Kulaklı 6-24 Ay Bady - Gri,89.99
Civil Baby Kaşkorse Cepli 6-18 Ay Sweatshirt - Haki,149.99
Civil Baby Kalın Çizgi Empirme 6-18 Ay Sweatshirt - Haki,229.99
Civil Boys Gıants Team Baskılı 6-9 Yaş Sweatshirt - Lacivert,249.99
Civil Baby Sevimli Hayvanlar Empirme Baskılı 6-18 Ay Tek Üst Bebe - Lila,69.99
Civil Girls Fiyonklu 2-5 Yaş Sweatshirt - Ekru,249.99
Civil Baby 3-9 Ay Unisex Tek Üst - Bej,169.99
Civil Baby Basic Arma Etiketli 6-18 Ay Sweatshirt - Lila,199.99
Civil Baby Hello World Baskılı 6-18 Ay Sweatshirt - Bej,149.99
Civil Boys Cvl Team Etiketli 2-5 Yaş Sweatshirt - Yeşil,349.00
Civil Girls Wonderful Baskılı 10-13 Yaş Sweatshirt - Mavi,129.99
Civil Boys Stegosaurus Baskılı 2-5 Yaş Sweatshirt - Lacivert,199.99
Civil Boys Tiger Baskılı - Etiketli 10-13 Yaş Sweatshirt - Lacivert,299.00
Civil Boys Erkek Çocuk Sweatshirt 10-13 Yaş - Gri,299.00
Civil Baby Simli 6-18 Ay Kız Tek Üst - Gri,99.99
Civil Boys Snowboarding Baskılı 6-9 Yaş Sweatshirt - Bej,249.99
Civil Boys N Dept Of Baskılı 6-9 Yaş Sweatshirt - Bej,149.99
Civil Boys Tokyo Baskılı 10-13 Yaş Sweatshirt - Gri,149.99
Civil Boys Hey Ayı Baskılı 2-5 Yaş Sweatshirt - Bej,199.99
Civil Boys Surat Baskılı 2-5 Yaş Sweatshirt - Turuncu,119.99
Civil Baby 3-9 Ay Unisex Tek Üst - Kırmızı,169.99
Civil Baby M Nakış 26 Baskılı 6-18 Ay Sweatshirt - Ekru,299.00
Civil Boys Prehıstorıc Baskılı 10-13 Yaş Sweatshirt - Gri,299.00
Civil Girls Say Hello Kız Baskılı 6-9 Yaş Sweatshirt - Ekru,129.99
Civil Girls Kalp Baskılı 6-9 Yaş Sweatshirt - Pudra,129.99
Civil Baby Önü Parçalı 6-18 Ay Kız Tek Üst - Mavi,199.99
Civil Boys Termal 3-7 Yaş Sweatshirt - Siyah,119.99
Civil Baby Önü Parçalı 6-18 Ay Kız Tek Üst - Pembe,199.99
Civil Boys Basebal Atletics Baskılı 6-9 Yaş Sweatshirt - Bordo,149.99
Civil Boys Original Baskılı 10-13 Yaş Sweatshirt - Bordo,349.00
Civil Boys Game On Baskılı 6-9 Yaş Sweatshirt - Yeşil,299.00
Civil Baby Önü Parçalı 6-18 Ay Kız Tek Üst - Pudra,199.99
Tufyy Desenli 9-24 Ay Bady - Gri,89.99
Civil Baby Düz Basic 6-18 Ay Sweatshirt - Lila,149.99
Civil Boys 96 Baskılı 10-13 Yaş Sweatshirt - Yeşil,249.99
Civil Boys Köpek Baskılı 2-5 Yaş Sweatshirt - Haki,199.99
Tom and Jerry Kolu Çizgili Baskılı 2-5 Yaş Sweatshirt - Mavi,349.00
Civil Girls Be Happy Baskılı 6-9 Yaş Sweatshirt - Turuncu,169.99
Civil Girls Çiçek Baskılı 2-5 Yaş Sweatshirt - Kırmızı,129.99
Civil Boys Emoji Baskılı 2-5 Yaş Sweatshirt - Turuncu,199.99
Civil Boys Düşünen Ayı Baskılı 2-5 Yaş Sweatshirt - Haki,199.99
Civil Baby Bebek Penye Sweatshirt 12-24 Ay - Mavi,169.99
Civil Boys Safari Baskılı 3'lü Set 2-5 Yaş Sweatshirt,599.00
Civil Boys Düşünen Ayı Baskılı 2-5 Yaş Sweatshirt - Gri,199.99
Civil Boys Karyoka Dikişli 6-9 Yaş Sweatshirt - Haki,299.00
Civil Baby Kalp Baskılı 6-18 Ay Sweatshirt - Kahve,199.99
Civil Baby 3-9 Ay Unisex Tek Üst - Pembe,169.99
Civil Girls Basic 10-13 Yaş Sweatshirt - Bordo,399.00
Nova Baby Çilek Kokulu Renglan Kol 1-9 Ay Sweatshirt - Ekru,179.99
Batman Puzzle Baskılı 2-5 Yaş Sweatshirt - Gri,199.99
Civil Baby Düz Basic 6-18 Ay Sweatshirt - Turuncu,149.99
Civil Baby Yakalı 6-18 Ay Sweatshirt - Yeşil,199.99
Civil Baby Slam Dunk Baskı 6-18 Ay Erkek Tek Üst - Mavi,29.99
Civil Baby Bebek Penye Sweatshirt 12-24 Ay - Kırmızı,169.99
Civil Baby Basic Arma Etiketli 6-18 Ay Sweatshirt - Yeşil,199.99
Civil Baby Amazon Emprime 6-18 Ay Tek Üst - Gri,79.99
Civil Girls Cute Baskılı 10-13 Yaş Sweatshirt - Pembe,199.99
Civil Baby Teddy Baskılı 6-18 Ay Sweatshirt - Lila,229.99
Civil Baby Teddy Bear Baskılı 6-18 Ay Sweatshirt - Yeşil,229.99
Civil Girls Likralı Süprem 2-5 Yaş Sweatshirt - Kırmızı,99.99
Tufyy Mobil Kulaklı 6-24 Ay Bady - Yeşil,89.99
Civil Boys Street Team Baskılı 10-13 Yaş Sweatshirt - Siyah,299.00
Civil Baby Kalp Nakışlı Basic 6-18 Ay Sweatshirt - Gri,229.99
Tom and Jerry 6-9 Yaþ Sweatshirt - Pudra,249.99
Civil Girls Rainbow Baskılı 2-5 Yaş Sweatshirt - Lila,199.99
Civil Boys Wanderlust Armalı Çizgi Emp. 6-9 Yaş Sweatshirt - Turuncu,199.99
Civil Girls Rainbow Baskılı 2-5 Yaş Sweatshirt - Ekru,199.99
Civil Boys Peace Quıet Baskılı 10-13 Yaş Sweatshirt - Turuncu,249.99
Civil Boys Ayıcık Baskılı 2-5 Yaş Sweatshirt - Bej,199.99
Civil Girls Çiçek Baskılı 2-5 Yaş Sweatshirt - Kırmızı,149.99
Civil Boys Hello Köpek Baskılı 2-5 Yaş Sweatshirt - Turuncu,199.99
Civil Boys Mountaın Camp Baskılı 10-13 Yaş Sweatshirt - Lacivert,299.00
Civil Girls Kız Çocuk Düz 2-5 Yaş Sweatshirt - Pembe,199.99
Civil Baby Yakalı 6-18 Ay Sweatshirt - Kahve,199.99
Civil Boys Gamer Baskılı 6-9 Yaş Sweatshirt - Gri,349.00
Civil Girls Fiyonk Nakışlı Velsoft Garnili 2-5 Yaş Sweatshirt - Pudra,249.99
Civil Baby Dinosaur Emprime 6-18 Ay Erkek Tek Üst - Bej,99.99
Civil Boys T Rex Baskılı Kapşonlu 6-9 Yaş Sweatshirt - Gri,349.00
Civil Girls Kurdela Baskılı 2-5 Yaş Sweatshirt - Siyah,129.99
Civil Baby Parçalı 6-18 Ay Sweatshirt - Lacivert,299.00
Civil Girls Kız Çocuk Düz 2-5 Yaş Sweatshirt - Pembe,199.99
Harry Potter Baskılı 10-13 Yaş Sweatshirt - Gri,399.00
Roly Poly Barbıe Kız Garson 9-14 Yaş Sweatshirt - Pembe,399.00
Civil Boys 96 Baskılı 10-13 Yaş Sweatshirt - Siyah,249.99
Süperman Sıçratma Baskılı 2-5 Yaş Sweat - Gri,69.99
Civil Boys Rollin Baskılı 2-5 Yaş Sweatshirt - Haki,99.99
Civil Baby Balıkçı Yaka 6-18 Ay Uniseks Tek Üst - Lacivert,39.99
Civil Girls Yes Baskılı 10-13 Yaş Sweatshirt - Pembe,149.99
Civil Boys Kamuflaj Baskılı 10-13 Yaş Sweatshirt - Haki,349.00
Civil Boys Basebal Atletics Baskılı 6-9 Yaş Sweatshirt - Koyu Taş Rengi,149.99
Batman Baskılı Pelerinli 6-9 Yaş Sweatshirt - Sarı,199.99
Civil Boys Lımıted Baskılı Çizgi Emp. 6-9 Yaş Sweatshirt - Gri,299.00
Civil Boys Cool Dude Etiketli 6-9 Yaş Sweatshirt - Turuncu,249.99
Civil Baby Süs Etiketli 6-18 Ay Sweatshirt - Yeşil,149.99
Civil Boys Keep Real Baskılı 6-9 Yaş Sweatshirt - Bej,199.99
Lovetti Sanko Yarım Balıkçı Uzun Kol 5-8 Yaş Sweatshirt - Lacivert,79.99
Civil Boys Grafiti Empirme Baskılı 10-13 Yaş Sweatshirt - Gri,499.00
Lovetti Patlı Sıfır Yaka 1-4 Yaş Sweatshirt - Kırmızı,79.99
Civil Boys Erkek Çocuk Cool Star Baskılı 2-5 Yaş Sweatshirt - Haki,349.00
Civil Baby Çizgili Ayıcık Empirmeli 6-18 Ay Sweatshirt - Kahverengi,199.99
Civil Boys Prehıstorıc Baskılı 6-9 Yaş Sweatshirt - Gri,249.99
Civil Baby 3-9 Ay Unisex Tek Üst - Sarı,169.99
Civil Baby Süs Etiketli 6-18 Ay Sweatshirt - Haki,149.99
Civil Boys Köpek Baskılı 2-5 Yaş Sweatshirt - Yeşil,199.99
Civil Baby Papatya Baskılı 6-18 Ay Sweatshirt - Lila,129.99
Civil Baby Kaykay Baskı 6-18 Ay Sweatshirt - Bej,199.99
Civil Baby Kalp Nakışlı Basic 6-18 Ay Sweatshirt - Bej,229.99
Civil Baby Süs Etiketli 6-18 Ay Sweatshirt - Gri,149.99
Civil Boys Gıants Team Baskılı 10-13 Yaş Sweatshirt - Lacivert,299.00
Civil Girls Geyik Baskılı 2-5 Yaş Sweatshirt - Pembe,199.99
Civil Boys New York Baskılı Kapşonlu 6-9 Yaş Sweatshirt - Mavi,299.00
Civil Boys Kolları Ayı Baskılı 2-5 Yaş Sweatshirt - Mavi,299.00
Civil Girls Basic 10-13 Yaş Sweatshirt - Siyah,129.99
Civil Baby Amazon Emprime 6-18 Ay Tek Üst - Haki,79.99
Civil Baby Basic Arma Etiketli 6-18 Ay Sweatshirt - Lila,199.99
Civil Girls Good Baskılı 10-13 Yaş Sweatshirt - Siyah,199.99
Civil Boys C Chıcago Baskılı-Nakışlı 10-13 Yaş Sweatshirt - Gri,499.00
Civil Baby Simli 6-18 Ay Kız Tek Üst - Pudra,99.99
Civil Baby Süs Etiketli 6-18 Ay Sweatshirt - Beyaz,149.99
Tom And Jerry 10-13 Yaş Sweatshirt - Ekru,399.00
Civil Boys Peace Quıet Baskılı 6-9 Yaş Sweatshirt - Turuncu,249.99
Taz Baskılı 6-9 Yaş Sweatshirt - Kırmızı,219.99
Civil Girls Basic 10-13 Yaş Sweatshirt - Mavi,399.00
Civil Baby Önü Parçalı 6-18 Ay Kız Tek Üst - Yeşil,199.99
Civil Girls Happen Baskılı 2-5 Yaş Sweatshirt - Gri,199.99
Civil Girls Yakalı 6-9 Yaş Sweatshirt - Mavi,199.99
Civil Boys Lets Play Konsol Baskılı 10-13 Yaş Sweatshirt - Siyah,399.00
Civil Baby Balıkçı Yaka 6-18 Ay Uniseks Tek Üst - Yeşil,39.99
Civil Baby Büyük Puan Baskı 6-18 Ay Sweatshirt - Yeşil,79.99
RolyPoly Stıtch Kız Çocuk 3-8 Yaş Sweatshirt - Bej,259.00
Civil Boys Basic 2-5 Yaş Sweatshirt - Beyaz,129.99
Civil Boys Original Baskılı 6-9 Yaş Sweatshirt - Bordo,349.00
Civil Girls Kız Çocuk Düz 2-5 Yaş Sweatshirt - Kırmızı,199.99
Civil Boys Every Baskı Mermer Emprime 6-9 Yaş Sweat - Haki,99.99
Civil Boys Outdoor Campıng Baskılı 2-5 Yaş Sweatshirt - Bej,199.99
Civil Baby Tavşan Kulak Kapüşonlu 6-18 Ay Yelek - Lila,399.00
Civil Boys Street Art Baskılı 2-5 Yaş Sweatshirt - Haki,249.99
Civil Baby Happy Life Çizgi Zürafa Baskılı 6-18 Ay Tek Üst Bebe - Kırmızı,49.99
Civil Boys Element Baskılı 10-13 Yaş Sweatshirt - Gri,99.99
Lovetti Sanko Yarım Balıkçı Uzun Kol 5-8 Yaş Sweatshirt - Kırmızı,79.99
Civil Baby Papatya Baskılı 6-18 Ay Sweatshirt - Pembe,129.99
Civil Baby Teddy Baskılı 6-18 Ay Eşofman Altı - Lila,199.99
Batman Çocuk Şemsiyesi,119.99
Frozen Şemsiye Wıld Spırıted (Net) OTTO-42105,299.00
Rain Walker Kedi Şemsiye,279.00
Mınnıe Şemsiye Iconıc Forever (Net) OTTO-42114,299.00
Minnie Mouse Şemsiyesi,119.99
Rain Walker Kurbağa Şemsiye,199.99
Frozen Şemsiye Ice Magıc (Net) OTTO-42099,299.00
Vardem Katlanabilir Şemsiye Pongee Kumas) 8 Telli,279.00
Cars Şemsiyesi,119.99
Frozen Şemsiyesi,119.99
Rain Walker Uğurböceği Şemsiye,249.00
Princess Şemsiyesi,119.99
Rain Walker Erkek Desenli Çocuk Şemsiye,249.00
Winx Çocuk Şemsiyesi,49.99
Mıckey Şemsiye Mcky (Net) OTTO-42132,299.00
Civil Çocuk Şemsiye,199.99
Spıderman Şemsiyesi,119.99
WnX-12 Winx Çocuk Şemsiyesi,49.99
