item_name,price,category,date,tuik_category,per_item_inflation_2026-05-23
Anemone Kaydırmaz Taban Banyo Paspası 50x80 cm Lacivert,559.99,Banyo,2026-05-24,05,0.0
"Anna Banyo Sıvı Sabunluk 14,5 cm Pembe",287.99,Banyo,2026-05-24,05,0.0
"Anna Banyo Sıvı Sabunluk 14,5 cm Şeffaf",1499.99,Banyo,2026-05-24,05,0.0
Aqua Pamuk Banyo Havlusu 90x150 cm Fildişi,719.99,Banyo,2026-05-24,05,0.0
Aqua Pamuk Banyo Havlusu 90x150 cm Gri,699.99,Banyo,2026-05-24,05,0.0
Aqua Pamuk Banyo Havlusu 90x150 cm Lacivert,899.99,Banyo,2026-05-24,05,0.0
Aqua Pamuk Banyo Havlusu 90x150 cm Yeşil,699.99,Banyo,2026-05-24,05,0.0
Aqua Pamuk Yüz Havlusu 50x80 cm Fildişi,1999.99,Banyo,2026-05-24,05,0.0
Aqua Pamuk Yüz Havlusu 50x80 cm Gri,1999.99,Banyo,2026-05-24,05,0.0
Aqua Pamuk Yüz Havlusu 50x80 cm Lacivert,1999.99,Banyo,2026-05-24,05,0.0
Aqua Pamuk Yüz Havlusu 50x80 cm Yeşil,1999.99,Banyo,2026-05-24,05,0.0
Artistic Leafy Pamuklu Brodeli Yüz Havlusu 50x80 cm Ekru-Sarı,1999.99,Banyo,2026-05-24,05,0.0
"Ashle Banyo Sıvı Sabunluk 14,5 cm Beyaz",300.99,Banyo,2026-05-24,05,0.0
Ava Pamuklu Banyo Paspası Açık Gri,3999.99,Banyo,2026-05-24,05,0.0
Bamboo Bambu Duş Kaydırmazı Bej,4999.99,Banyo,2026-05-24,05,0.0
Bamboo Bambu Duş Kaydırmazı Kahve,5999.99,Banyo,2026-05-24,05,0.0
Barbara Müslin %100 Pamuklu Bornoz Antrasit,6999.99,Banyo,2026-05-24,05,0.0
"Barton 3lü Banyo Seti 14,5 cm Şeffaf",3499.99,Banyo,2026-05-24,05,0.0
Becca Duş Kaydırmazı 50x70 cm Kahve,489.99,Banyo,2026-05-24,05,0.0
Becca Duş Kaydırmazı 50x70 cm Kahverengi,629.99,Banyo,2026-05-24,05,0.0
Becky Duş Kaydırmazı 40x60 cm Açık Kahverengi,447.99,Banyo,2026-05-24,05,0.0
Betty Duş Kaydırmazı 40x60 cm Açık Kahverengi,2999.99,Banyo,2026-05-24,05,0.0
Big and Tiny Kaydırmaz Taban Banyo Paspası Seti 60x90 + 40x60 cm Bej,909.99,Banyo,2026-05-24,05,0.0
Big and Tiny Kaydırmaz Taban Banyo Paspası Seti 60x90 + 40x60 cm Beyaz,4999.99,Banyo,2026-05-24,05,0.0
Big and Tiny Kaydırmaz Taban Banyo Paspası Seti 60x90 + 40x60 cm Mavi,839.99,Banyo,2026-05-24,05,0.0
Bohem Line Pamuklu Peştemal 90x150 cm Açık Bej-Koyu Lacivert,2499.99,Banyo,2026-05-24,05,0.0
Bony Rejenere Peştemal Bornoz Standart Lacivert-Turuncu,3249.99,Banyo,2026-05-24,05,0.0
Bony Rejenere Çizgili Peştamal 90x150 cm Mavi-Turuncu,1399.99,Banyo,2026-05-24,05,0.0
Bony Çizgili Çizgili Peştamal 90x150 cm Lacivert-Turuncu,1399.99,Banyo,2026-05-24,05,0.0
Border Check Pamuk Banyo Havlusu 70x140 cm Fildişi,2399.99,Banyo,2026-05-24,05,0.0
Border Check Pamuk Banyo Havlusu 70x140 cm Petrol,2249.99,Banyo,2026-05-24,05,0.0
Border Check Pamuk Banyo Havlusu 70x140 cm Sarı,1749.99,Banyo,2026-05-24,05,0.0
Border Check Pamuk Banyo Havlusu 70x140 cm Somon,2499.99,Banyo,2026-05-24,05,0.0
Border Check Pamuk El Havlusu 30x40 cm Fildişi,999.99,Banyo,2026-05-24,05,0.0
Border Check Pamuk El Havlusu 30x40 cm Petrol,999.99,Banyo,2026-05-24,05,0.0
Border Check Pamuk El Havlusu 30x40 cm Sarı,999.99,Banyo,2026-05-24,05,0.0
Border Check Pamuk El Havlusu 30x40 cm Somon,999.99,Banyo,2026-05-24,05,0.0
Border Check Pamuk Yüz Havlusu 50x80 cm Fildişi,1049.95,Banyo,2026-05-24,05,0.0
Border Check Pamuk Yüz Havlusu 50x80 cm Petrol,1299.99,Banyo,2026-05-24,05,0.0
Border Check Pamuk Yüz Havlusu 50x80 cm Sarı,1049.95,Banyo,2026-05-24,05,0.0
Border Check Pamuk Yüz Havlusu 50x80 cm Somon,1399.99,Banyo,2026-05-24,05,0.0
Bubble %100 Pamuk Banyo Havlusu 70x140 cm Ekru,1499.99,Banyo,2026-05-24,05,0.0
Bubble %100 Pamuk Banyo Havlusu 70x140 cm Lila,1749.99,Banyo,2026-05-24,05,0.0
Bubble %100 Pamuk Yüz Havlusu 50x80 cm Ekru,1049.99,Banyo,2026-05-24,05,0.0
Bubble %100 Pamuk Yüz Havlusu 50x80 cm Lila,1299.99,Banyo,2026-05-24,05,0.0
Bubble Pamuk Banyo Havlusu 70x140 cm Açık Yeşil,1599.99,Banyo,2026-05-24,05,0.0
Bubble Pamuk Banyo Havlusu 70x140 cm Mint,1749.99,Banyo,2026-05-24,05,0.0
Bubble Pamuk Bornoz Açık Yeşil,4499.99,Banyo,2026-05-24,05,0.0
Bubble Pamuk Bornoz Ekru,799.99,Banyo,2026-05-24,05,0.0
Bubble Pamuk Bornoz Mint,5749.99,Banyo,2026-05-24,05,27.777839506310016
Bubble Pamuk El Havlusu 30x40 cm Açık Yeşil,999.99,Banyo,2026-05-24,05,0.0
Bubble Pamuk El Havlusu 30x40 cm Ekru,999.99,Banyo,2026-05-24,05,0.0
Bubble Pamuk El Havlusu 30x40 cm Lila,999.99,Banyo,2026-05-24,05,0.0
Bubble Pamuk El Havlusu 30x40 cm Mint,999.99,Banyo,2026-05-24,05,0.0
Bubble Pamuk Yüz Havlusu 50x80 cm Açık Yeşil,1049.99,Banyo,2026-05-24,05,0.0
Bubble Pamuk Yüz Havlusu 50x80 cm Mint,1299.99,Banyo,2026-05-24,05,0.0
Calm Daisy Pamuk Yüz Havlusu 50x80 cm Beyaz,1999.99,Banyo,2026-05-24,05,0.0
Calm Daisy Pamuk Yüz Havlusu 50x80 cm Sarı,1999.99,Banyo,2026-05-24,05,0.0
Candy Cane Pamuk Nakışlı Yüz Havlusu 50x80 cm Beyaz,1399.95,Banyo,2026-05-24,05,0.0
Candy Rejenere Çizgili Peştamal 90x150 cm Turuncu-Açık Mavi,1499.99,Banyo,2026-05-24,05,0.0
Chequer %100 Pamuk Ayak Havlusu 50x70 cm Bej,1249.99,Banyo,2026-05-24,05,0.0
Chequer %100 Pamuk Ayak Havlusu 50x70 cm Beyaz,1199.99,Banyo,2026-05-24,05,0.0
Chequer %100 Pamuk Ayak Havlusu 50x70 cm Gri,1249.99,Banyo,2026-05-24,05,0.0
Chequer %100 Pamuk Banyo Havlusu 80x150 cm Gri,559.99,Banyo,2026-05-24,05,0.0
Chequer %100 Pamuk Yüz Havlusu 50x80 cm Bej,1749.99,Banyo,2026-05-24,05,0.0
Chequer %100 Pamuk Yüz Havlusu 50x80 cm Gri,239.99,Banyo,2026-05-24,05,0.0
Chequer Pamuk Ayak Havlusu 50x70 cm Mavi,1199.99,Banyo,2026-05-24,05,0.0
Chequer Pamuk Banyo Havlusu 80x150 cm Bej,479.99,Banyo,2026-05-24,05,0.0
Chequer Pamuk Banyo Havlusu 80x150 cm Beyaz,2499.99,Banyo,2026-05-24,05,0.0
Chequer Pamuk Banyo Havlusu 80x150 cm Mavi,2999.99,Banyo,2026-05-24,05,0.0
Chequer Pamuk Bornoz Bej,1079.99,Banyo,2026-05-24,05,0.0
Chequer Pamuk Bornoz Beyaz,959.99,Banyo,2026-05-24,05,0.0
Chequer Pamuk Bornoz Gri,5999.99,Banyo,2026-05-24,05,0.0
Chequer Pamuk Bornoz Mavi,6999.99,Banyo,2026-05-24,05,0.0
Chequer Pamuk El Havlusu 30x45 cm Bej,1249.99,Banyo,2026-05-24,05,0.0
Chequer Pamuk El Havlusu 30x45 cm Beyaz,1149.99,Banyo,2026-05-24,05,0.0
Chequer Pamuk El Havlusu 30x45 cm Gri,1149.99,Banyo,2026-05-24,05,0.0
Chequer Pamuk El Havlusu 30x45 cm Mavi,1149.99,Banyo,2026-05-24,05,0.0
Chequer Pamuk Yüz Havlusu 50x80 cm Beyaz,1399.99,Banyo,2026-05-24,05,0.0
Chequer Pamuk Yüz Havlusu 50x80 cm Mavi,223.99,Banyo,2026-05-24,05,0.0
Chic Diamond Pamuk Ayak Havlusu 50x70 cm Açık Yeşil,1499.99,Banyo,2026-05-24,05,0.0
Chic Diamond Pamuk Ayak Havlusu 50x70 cm Fildişi,1499.99,Banyo,2026-05-24,05,0.0
Chic Diamond Pamuk Banyo Havlusu 80x150 cm Açık Yeşil,4249.99,Banyo,2026-05-24,05,0.0
Chic Diamond Pamuk Banyo Havlusu 80x150 cm Fildişi,479.99,Banyo,2026-05-24,05,0.0
Chic Diamond Pamuk Bornoz Açık Yeşil,6999.99,Banyo,2026-05-24,05,0.0
Chic Diamond Pamuk Bornoz Fildişi,1259.99,Banyo,2026-05-24,05,0.0
Chic Diamond Pamuk El Havlusu 30x45 cm Açık Yeşil,1049.99,Banyo,2026-05-24,05,0.0
Chic Diamond Pamuk El Havlusu 30x45 cm Fildişi,1049.99,Banyo,2026-05-24,05,0.0
Chic Diamond Pamuk Yüz Havlusu 50x80 cm Açık Yeşil,287.99,Banyo,2026-05-24,05,0.0
Chic Diamond Pamuk Yüz Havlusu 50x80 cm Fildişi,1499.99,Banyo,2026-05-24,05,0.0
Classy Diamond Pamuklu Bukle Banyo Paspası Seti Bej,2499.99,Banyo,2026-05-24,05,0.0
CloudSoft Pamuk Banyo Havlusu 90x150 cm Beyaz,4999.99,Banyo,2026-05-24,05,0.0
CloudSoft Pamuk Yüz Havlusu 50x80 cm Beyaz,349.99,Banyo,2026-05-24,05,0.0
Color Wave Pamuklu İpliği Boyalı Plaj Havlusu 90x150 cm Yeşil,719.99,Banyo,2026-05-24,05,0.0
Colorful Lines Pamuklu El Havlusu Ekru - Yeşil,999.99,Banyo,2026-05-24,05,0.0
Colorful Lines Pamuklu Yüz Havlusu 50x80 cm Ekru - Mavi,1249.99,Banyo,2026-05-24,05,0.0
Coral Pamuklu Torba Peştemal 90x150 cm Fuşya-Turuncu,2499.99,Banyo,2026-05-24,05,0.0
Corallo Kaydırmaz Taban Banyo Paspası Seti 60x90 + 40x60 cm Mavi-Beyaz,4499.99,Banyo,2026-05-24,05,0.0
Crispy Colorful Pamuklu Yüz Havlusu 50x80 cm Mavi,1999.99,Banyo,2026-05-24,05,0.0
Curve Pamuk Bornoz Bej,909.99,Banyo,2026-05-24,05,0.0
Curve Pamuk Bornoz Mavi,783.99,Banyo,2026-05-24,05,0.0
Curve Pamuk Yüz Havlusu 50x70 cm Bej,999.95,Banyo,2026-05-24,05,0.0
Curve Pamuk Yüz Havlusu 50x70 cm Mavi,999.95,Banyo,2026-05-24,05,0.0
Curveline Kaydırmaz Taban Banyo Paspası Seti 60x80 cm + 40x60 cm Mavi,319.99,Banyo,2026-05-24,05,0.0
Curveline Kaydırmaz Taban Banyo Paspası Seti Bej,1999.99,Banyo,2026-05-24,05,
Daina 3lü Banyo Seti Bej,7499.99,Banyo,2026-05-24,05,0.0
Daisy Bouquet Pamuk Nakışlı Yüz Havlusu 50x80 cm Ekru,1999.99,Banyo,2026-05-24,05,0.0
Daisy Line Pamuk Yüz Havlusu 50x80 cm Beyaz,1749.99,Banyo,2026-05-24,05,0.0
Deluxe Low Twist Pamuklu El Havlusu 30x50 cm Mavi,999.99,Banyo,2026-05-24,05,0.0
Deluxe Pamuklu Low Twist El Havlusu 30x50 cm Beyaz,999.99,Banyo,2026-05-24,05,0.0
Deluxe Pamuklu Low Twist Yüz Havlusu Açık Yeşil,1399.99,Banyo,2026-05-24,05,0.0
Diana Cam Banyo Sıvı Sabunluk Şeffaf,1399.99,Banyo,2026-05-24,05,0.0
Dina 3lü Banyo Seti Antrasit,899.99,Banyo,2026-05-24,05,0.0
Dolly Rejenere Çizgili Peştamal 90x150 cm Fuşya-Mavi,999.99,Banyo,2026-05-24,05,0.0
Dolly Çizgili Peştamal 90x150 cm Mavi-Turuncu,1399.99,Banyo,2026-05-24,05,0.0
Dottie Pamuk Banyo Havlusu 80x150 cm Antrasit,511.99,Banyo,2026-05-24,05,0.0
Dottie Pamuk El Havlusu 30x45 cm Antrasit,1299.99,Banyo,2026-05-24,05,0.0
Dottie Pamuk Yüz Havlusu 50x80 cm Antrasit,1399.99,Banyo,2026-05-24,05,0.0
Falbelo Pamuklu Yuvarlak Banyo Paspası Ekru,5999.99,Banyo,2026-05-24,05,0.0
Falbelo Pamuklu Yuvarlak Banyo Paspası Pembe,909.99,Banyo,2026-05-24,05,0.0
Fancy Katlanabilir 2 Bölmeli Bambu Çamaşır Sepeti Bej,629.99,Banyo,2026-05-24,05,0.0
Fancy Katlanabilir Çamaşır Sepeti Bej,5499.99,Banyo,2026-05-24,05,0.0
Felis Pamuk Yüz Havlusu 50x80 cm Ekru-Kahve,1749.99,Banyo,2026-05-24,05,0.0
Floral Check Pamuk Yüz Havlusu 50x80 cm Beyaz,1749.99,Banyo,2026-05-24,05,0.0
Floral Line Pamuk Nakışlı Yüz Havlusu 50x80 cm Beyaz,1999.99,Banyo,2026-05-24,05,0.0
Florina Pamuk Yüz Havlusu 50x80 cm Beyaz,1999.99,Banyo,2026-05-24,05,0.0
Flower Bud Pamuklu Nakışlı Banyo Havlusu 90x150 cm Beyaz,3499.99,Banyo,2026-05-24,05,0.0
Flower Touch Pamuklu Jakarlı Yüz Havlusu 50x80 cm Lila,1499.99,Banyo,2026-05-24,05,0.0
Fluffy Cotton Plus Pamuklu Banyo Havlusu 70x140 cm Bej,2499.99,Banyo,2026-05-24,05,0.0
Fluffy Cotton Plus Pamuklu Banyo Havlusu 70x140 cm Gri,2499.99,Banyo,2026-05-24,05,0.0
Fluffy Cotton Plus Pamuklu El Havlusu 30x45 cm Gri,999.99,Banyo,2026-05-24,05,0.0
Fluffy Cotton Plus Pamuklu Yüz Havlusu 50x80 cm Bej,1299.99,Banyo,2026-05-24,05,0.0
Fluffy Cotton Plus Pamuklu Yüz Havlusu 50x80 cm Sage,1499.99,Banyo,2026-05-24,05,0.0
Frame Pamuk Bornoz Beyaz,1039.99,Banyo,2026-05-24,05,0.0
Frame Pamuk Bornoz Gri,1039.99,Banyo,2026-05-24,05,0.0
Frame Pamuk Yüz Havlusu 50x70 cm Beyaz,999.95,Banyo,2026-05-24,05,0.0
Frame Pamuk Yüz Havlusu 50x70 cm Gri,999.95,Banyo,2026-05-24,05,0.0
Funny Stripe Pamuklu Baskılı Plaj Havlusu 90x150 cm Pembe,639.99,Banyo,2026-05-24,05,0.0
Gina Bambu Çamaşır Sepeti Açık Kahve,2499.99,Banyo,2026-05-24,05,0.0
Glossy Kaydırmaz Taban Banyo Paspası Seti 60x90 + 40x60 cm Beyaz,1039.99,Banyo,2026-05-24,05,0.0
Glossy Kaydırmaz Taban Banyo Paspası Seti 60x90 + 40x60 cm Yeşil,1039.99,Banyo,2026-05-24,05,0.0
Golden Pine Pamuk Nakışlı Yüz Havlusu 50x80 cm Beyaz,2199.99,Banyo,2026-05-24,05,0.0
Grid Pamuk Yüz Havlusu 50x70 cm Hardal,999.95,Banyo,2026-05-24,05,0.0
Grid Pamuk Yüz Havlusu 50x70 cm Koyu Yeşil,999.95,Banyo,2026-05-24,05,0.0
Grid Pamuk Yüz Havlusu 50x70 cm Somon,999.95,Banyo,2026-05-24,05,0.0
Gridline Kaydırmaz Taban Banyo Paspası Seti Beyaz,314.99,Banyo,2026-05-24,05,0.0
Gridline Kaydırmaz Taban Banyo Paspası Seti Gri,1999.99,Banyo,2026-05-24,05,
Gridline Kaydırmaz Taban Banyo Paspası Seti Hardal,319.99,Banyo,2026-05-24,05,0.0
Gridline Kaydırmaz Taban Banyo Paspası Seti Koyu Yeşil,1999.99,Banyo,2026-05-24,05,0.0
Gridline Kaydırmaz Taban Banyo Paspası Seti Somon,1749.99,Banyo,2026-05-24,05,0.0
Honeycomb Pamuklu Peştemal 90x150 cm Açık Bej-Lacivert-Kiremit,384.99,Banyo,2026-05-24,05,0.0
Jess 3lü Set Banyo Seti 20 cm Yeşil,3999.99,Banyo,2026-05-24,05,0.0
Jeylo Pamuklu Plaj Havlusu 90x150 cm Ekru-Sarı,2999.99,Banyo,2026-05-24,05,0.0
Leafy Bambu Banyo Havlusu 70x140 cm Açık Bej,489.99,Banyo,2026-05-24,05,0.0
Leafy Bambu Banyo Havlusu 70x140 cm Ekru,489.99,Banyo,2026-05-24,05,0.0
Leafy Bambu Banyo Havlusu 70x140 cm Gri,519.99,Banyo,2026-05-24,05,0.0
Leafy Bambu Banyo Havlusu 70x140 cm Pembe,489.99,Banyo,2026-05-24,05,0.0
Leafy Bambu Banyo Havlusu Krem,2499.99,Banyo,2026-05-24,05,0.0
Leafy Bambu El Havlusu 30x50 cm Açık Bej,999.99,Banyo,2026-05-24,05,0.0
Leafy Bambu El Havlusu 30x50 cm Ekru,999.99,Banyo,2026-05-24,05,0.0
Leafy Bambu El Havlusu 30x50 cm Gri,999.99,Banyo,2026-05-24,05,0.0
Leafy Touch Pamuk Jakarlı Banyo Havlusu 90x150 cm Ekru,559.99,Banyo,2026-05-24,05,0.0
Leafy Touch Pamuk Jakarlı Banyo Havlusu 90x150 cm Yeşil,419.99,Banyo,2026-05-24,05,0.0
Leafy Touch Pamuk Jakarlı El Havlusu 30x40 cm Ekru,1049.99,Banyo,2026-05-24,05,0.0
Leafy Touch Pamuk Jakarlı El Havlusu 30x40 cm Yeşil,1049.99,Banyo,2026-05-24,05,0.0
Leafy Touch Pamuk Jakarlı Yüz Havlusu 50x80 cm Ekru,1499.99,Banyo,2026-05-24,05,0.0
Leafy Touch Pamuk Jakarlı Yüz Havlusu 50x80 cm Yeşil,1499.99,Banyo,2026-05-24,05,0.0
Leafy Touch Pamuk Yüz Havlusu 50x80 cm Açık Yeşil,2249.99,Banyo,2026-05-24,05,0.0
Leggy Pamuklu Bornoz S-M Beyaz,8999.99,Banyo,2026-05-24,05,0.0
Linda Pamuklu Nakışlı Banyo Havlusu 90x150 cm Beyaz,3499.99,Banyo,2026-05-24,05,0.0
Linelike Pamuklu Çizgili Plaj Havlusu 90x150 cm Ekru-Yeşil-Sarı,3024.91,Banyo,2026-05-24,05,0.0
Lines Pamuk Bornoz Gül Kurusu,1039.99,Banyo,2026-05-24,05,0.0
Lines Pamuk Bornoz Ortanca Lila,6499.99,Banyo,2026-05-24,05,0.0
Lines Pamuk Yüz Havlusu 50x70 cm Gül Kurusu,999.99,Banyo,2026-05-24,05,0.0
Lines Pamuk Yüz Havlusu 50x70 cm Ortanca Lila,999.99,Banyo,2026-05-24,05,0.0
Liny Pamuklu Çizgili Plaj Havlusu 90x150 cm Ekru-Mavi-Turuncu,3024.91,Banyo,2026-05-24,05,0.0
Lisa Pamuklu Nakışlı Banyo Havlusu 90x150 cm Beyaz,559.99,Banyo,2026-05-24,05,0.0
Macaroni Kaydırmaz Taban Banyo Paspası 50x80 cm Yeşil,539.99,Banyo,2026-05-24,05,0.0
Macaroni Kaydırmaz Taban Banyo Paspası Seti 60x90 + 40x60 cm Bej,959.99,Banyo,2026-05-24,05,0.0
Macaroni Kaydırmaz Taban Banyo Paspası Seti 60x90 + 40x60 cm Mavi,639.99,Banyo,2026-05-24,05,0.0
Macaroni Kaydırmaz Taban Banyo Paspası Seti 60x90 + 40x60 cm Yeşil,779.99,Banyo,2026-05-24,05,0.0
Marble 3lü Banyo Seti Beyaz,839.99,Banyo,2026-05-24,05,0.0
Mayra Rejenere Peştemal Bornoz Standart Turuncu-Sarı,479.99,Banyo,2026-05-24,05,0.0
Mayra Rejenere Çizgili Peştamal 90x150 cm Fuşya-Mavi,239.99,Banyo,2026-05-24,05,0.0
Mayra Çizgili Peştamal 90x150 cm Turuncu-Sarı,999.99,Banyo,2026-05-24,05,0.0
Melange Pamuk Banyo Havlusu 80x150 cm Bej Melanj,559.99,Banyo,2026-05-24,05,0.0
Melange Pamuk El Havlusu 30x45 cm Bej Melanj,183.99,Banyo,2026-05-24,05,0.0
Melange Pamuk Yüz Havlusu 50x80 cm Bej Melanj,1499.99,Banyo,2026-05-24,05,0.0
Melinda Bambu Ayak Havlusu 50x70 cm Beyaz,1499.99,Banyo,2026-05-24,05,0.0
Melinda Bambu Yüz Havlusu 50x90 cm Beyaz,1499.99,Banyo,2026-05-24,05,0.0
Mini Daisy Pamuk Nakışlı Yüz Havlusu 50x80 cm Ekru,1999.99,Banyo,2026-05-24,05,0.0
Modern Line Pamuklu Peştemal 90x150 cm Açık Bej-Kiremit,2299.99,Banyo,2026-05-24,05,0.0
Mono Stripe Pamuk Ayak Havlusu 50x70 cm Beyaz - Bej,1999.99,Banyo,2026-05-24,05,0.0
Mono Stripe Pamuk Ayak Havlusu 50x70 cm Beyaz - Gri,1999.99,Banyo,2026-05-24,05,0.0
Mono Stripe Pamuk Ayak Havlusu 50x70 cm Beyaz - Mavi,1999.99,Banyo,2026-05-24,05,0.0
Mono Stripe Pamuk Ayak Havlusu 50x70 cm Beyaz - Pembe,1999.99,Banyo,2026-05-24,05,0.0
Mono Stripe Pamuk Ayak Havlusu 50x70 cm Beyaz - Yeşil,1999.99,Banyo,2026-05-24,05,0.0
Mono Stripe Pamuk Bornoz Beyaz - Bej,1399.99,Banyo,2026-05-24,05,0.0
Mono Stripe Pamuk Bornoz Beyaz - Gri,9999.99,Banyo,2026-05-24,05,0.0
Mono Stripe Pamuk Bornoz Beyaz - Mavi,9999.99,Banyo,2026-05-24,05,0.0
Mono Stripe Pamuk Bornoz Beyaz - Pembe,9999.99,Banyo,2026-05-24,05,0.0
Mono Stripe Pamuk Bornoz Beyaz - Yeşil,9999.99,Banyo,2026-05-24,05,0.0
Moonstar Pamuklu Nakışlı Yüz Havlusu 50x80 cm Ekru,479.99,Banyo,2026-05-24,05,0.0
Morning Daisy Pamuk Yüz Havlusu 50x80 cm Pudra,1999.99,Banyo,2026-05-24,05,0.0
Myla Cam Banyo Sıvı Sabunluk Amber,1749.99,Banyo,2026-05-24,05,0.0
Myla Cam Banyo Sıvı Sabunluk Şeffaf,1999.99,Banyo,2026-05-24,05,0.0
Natural Pamuk Banyo Havlusu Bej,2499.99,Banyo,2026-05-24,05,0.0
Natural Stripe Pamuklu Banyo Havlusu 90x150 cm Beyaz,3499.99,Banyo,2026-05-24,05,0.0
Natural Stripe Pamuklu Yüz Havlusu 50x90 cm Beyaz,1999.99,Banyo,2026-05-24,05,0.0
Nevana Cam Banyo Sıvı Sabunluk Amber,1749.99,Banyo,2026-05-24,05,0.0
Ocean Pamuklu Plaj Havlusu 70x140 cm Mavi,539.99,Banyo,2026-05-24,05,0.0
Ornate Stripe Pamuklu İpliği Boyalı Yüz Havlusu 50x80 cm Ekru - Pembe,1999.99,Banyo,2026-05-24,05,0.0
Paige Makarna Banyo Paspası Kahve,399.99,Banyo,2026-05-24,05,0.0
Paige Makarna Banyo Paspası Mavi,2499.99,Banyo,2026-05-24,05,0.0
Paige Makarna Banyo Paspası Yeşil,2249.99,Banyo,2026-05-24,05,0.0
Panera Pamuk Ayak Havlusu 50x85 cm Mor,1499.99,Banyo,2026-05-24,05,0.0
Panera Pamuk Ayak Havlusu 50x85 cm Sage,1499.99,Banyo,2026-05-24,05,0.0
Panera Pamuk Ayak Havlusu 50x85 cm Sisli Kahve,1499.99,Banyo,2026-05-24,05,0.0
Panera Pamuk Banyo Havlusu 90x150 cm Mor,447.99,Banyo,2026-05-24,05,0.0
Panera Pamuk Banyo Havlusu 90x150 cm Sage,494.99,Banyo,2026-05-24,05,0.0
Panera Pamuk Banyo Havlusu 90x150 cm Sisli Kahve,2999.99,Banyo,2026-05-24,05,0.0
Panera Pamuk El Havlusu 30x45 cm Mor,1049.99,Banyo,2026-05-24,05,0.0
Panera Pamuk El Havlusu 30x45 cm Sage,1049.99,Banyo,2026-05-24,05,0.0
Panera Pamuk El Havlusu 30x45 cm Sisli Kahve,1049.99,Banyo,2026-05-24,05,0.0
Panera Pamuk Yüz Havlusu 50x85 cm Mor,1399.99,Banyo,2026-05-24,05,0.0
Panera Pamuk Yüz Havlusu 50x85 cm Sage,1399.99,Banyo,2026-05-24,05,0.0
Panera Pamuk Yüz Havlusu 50x85 cm Sisli Kahve,1399.99,Banyo,2026-05-24,05,0.0
Panthera Pamuk Yüz Havlusu 50x80 cm Ekru,1999.99,Banyo,2026-05-24,05,0.0
Pavia Cam Banyo Sıvı Sabunluk Amber,1749.99,Banyo,2026-05-24,05,0.0
Pearl Pamuklu Simli El Havlusu 30x45 cm Ekru,999.99,Banyo,2026-05-24,05,0.0
Petite Checked Pamuklu Kroşeli Yüz Havlusu 50x80 cm Ekru - Lila,1499.99,Banyo,2026-05-24,05,0.0
Petite Dot Pamuk Püsküllü Yüz Havlusu 50x80 cm Pembe - Yeşil,2249.99,Banyo,2026-05-24,05,0.0
Petite Dot Pamuk Püsküllü Yüz Havlusu 50x80 cm Yeşil-Mavi,1999.99,Banyo,2026-05-24,05,0.0
Plain Pamuklu Saç Bonesi Standart Koyu Gri,999.99,Banyo,2026-05-24,05,0.0
Poffy Soft-Premium Pamuklu Banyo Havlusu 70x140 cm Ekru,479.99,Banyo,2026-05-24,05,0.0
Poffy Soft-Premium Pamuklu El Havlusu 30x45 cm Ekru,999.99,Banyo,2026-05-24,05,0.0
Poffy Soft-Premium Pamuklu El Havlusu 30x45 cm Pembe,999.99,Banyo,2026-05-24,05,0.0
Poffy Soft-Premium Pamuklu El Havlusu 30x45 cm Su Yeşili,999.99,Banyo,2026-05-24,05,0.0
Poffy Soft-Premium Pamuklu El Havlusu Bej,999.99,Banyo,2026-05-24,05,0.0
Poffy Soft-Premium Pamuklu Yüz Havlusu 50x80 cm Ekru,271.99,Banyo,2026-05-24,05,0.0
Poffy Soft-Premium Pamuklu Yüz Havlusu 50x80 cm Su Yeşili,1499.99,Banyo,2026-05-24,05,0.0
Polina Cam Banyo Sıvı Sabunluk Amber,1149.99,Banyo,2026-05-24,05,0.0
Porte Pamuklu Peştemal 90x150 cm Açık Bej,1999.99,Banyo,2026-05-24,05,0.0
Punto Pamuk Banyo Havlusu 80x150 cm Yeşil-Beyaz,559.99,Banyo,2026-05-24,05,0.0
Punto Pamuk El Havlusu 30x45 cm Yeşil-Beyaz,1299.99,Banyo,2026-05-24,05,0.0
Punto Pamuk Yüz Havlusu 50x80 cm Pembe - Yeşil,1999.99,Banyo,2026-05-24,05,0.0
Punto Pamuk Yüz Havlusu 50x80 cm Yeşil-Beyaz,2249.99,Banyo,2026-05-24,05,0.0
Pure Basic Pamuk Banyo Havlusu 100x150 cm Açık Pembe,639.99,Banyo,2026-05-24,05,0.0
Pure Basic Pamuk El Havlusu 30x30 cm Beyaz,999.99,Banyo,2026-05-24,05,0.0
Pure Basic Pamuk El Havlusu 30x30 cm Koyu Mavi,1499.95,Banyo,2026-05-24,05,0.0
Pure Basic Pamuk Yüz Havlusu 50x90 cm Bej,1299.99,Banyo,2026-05-24,05,0.0
Pure Basic Pamuklu Banyo Havlusu 70x140 cm Açık Pembe,479.99,Banyo,2026-05-24,05,0.0
Pure Basic Pamuklu Banyo Havlusu Bej,479.99,Banyo,2026-05-24,05,0.0
Pure Basic Pamuklu Banyo Havlusu Koyu Mavi,1999.99,Banyo,2026-05-24,05,0.0
Pure Basic Pamuklu El Havlusu 30x30 cm Bej,1499.95,Banyo,2026-05-24,05,0.0
Pure Basic Pamuklu El Havlusu 30x30 cm Gri,999.99,Banyo,2026-05-24,05,0.0
Pure Basic Pamuklu El Havlusu 30x30 cm Koyu Mor,1499.95,Banyo,2026-05-24,05,0.0
Pure Flowers Pamuklu Yüz Havlusu 50x80 cm Ekru,279.99,Banyo,2026-05-24,05,0.0
Pure Fresh Pamuk Banyo Havlusu 70x140 cm Açık Mavi,319.99,Banyo,2026-05-24,05,0.0
Pure Fresh Pamuk Banyo Havlusu 70x140 cm Bej,1999.99,Banyo,2026-05-24,05,0.0
Pure Fresh Pamuk El Havlusu 30x40 cm Açık Mavi,1049.99,Banyo,2026-05-24,05,0.0
Pure Fresh Pamuk El Havlusu 30x40 cm Bej,1049.99,Banyo,2026-05-24,05,0.0
Pure Fresh Pamuk Yüz Havlusu 50x80 cm Açık Mavi,1299.99,Banyo,2026-05-24,05,0.0
Pure Fresh Pamuk Yüz Havlusu 50x80 cm Bej,1299.99,Banyo,2026-05-24,05,0.0
Pure Natural Pamuklu Peştamal 90x150 cm Açık Bej-Kiremit,2249.99,Banyo,2026-05-24,05,0.0
Pure Pamuk Banyo Havlusu 70x140 cm Beyaz,1749.99,Banyo,2026-05-24,05,0.0
Pure Pamuk Banyo Havlusu 70x140 cm Mor,1999.99,Banyo,2026-05-24,05,0.0
Pure Pamuk Banyo Havlusu 70x140 cm Sage,1749.99,Banyo,2026-05-24,05,0.0
Pure Pamuk Banyo Havlusu 70x140 cm Yeşil,1749.99,Banyo,2026-05-24,05,0.0
Pure Pamuk El Havlusu 30x40 cm Beyaz,999.99,Banyo,2026-05-24,05,
Pure Pamuk Yüz Havlusu 50x80 cm Beyaz,1399.99,Banyo,2026-05-24,05,0.0
Pure Pamuk Yüz Havlusu 50x80 cm Mor,1299.99,Banyo,2026-05-24,05,0.0
Pure Pamuk Yüz Havlusu 50x80 cm Sage,1049.99,Banyo,2026-05-24,05,0.0
Pure Pamuk Yüz Havlusu 50x80 cm Yeşil,1199.99,Banyo,2026-05-24,05,0.0
Retro Waves Pamuklu Nakışlı El Havlusu 30x45 cm Ekru - Mavi,699.95,Banyo,2026-05-24,05,0.0
Retro Waves Pamuklu Nakışlı Yüz Havlusu Ekru - Pembe,1999.99,Banyo,2026-05-24,05,0.0
River Rejenere Çizgili Peştamal 90x150 cm Sarı-Fuşya,1499.99,Banyo,2026-05-24,05,0.0
River Rejenere Çizgili Peştemal 90x150 cm Lacivert- Mavi,1499.99,Banyo,2026-05-24,05,0.0
Romance Ribbon Pamuk Jakarlı Banyo Havlusu 90x150 cm Pudra,419.99,Banyo,2026-05-24,05,0.0
Romance Ribbon Pamuk Jakarlı El Havlusu 30x40 cm Pudra,1049.99,Banyo,2026-05-24,05,0.0
Romance Ribbon Pamuk Jakarlı Yüz Havlusu 50x80 cm Pudra,1499.99,Banyo,2026-05-24,05,0.0
Rosita Microcotton Pamuklu Banyo Havlusu 90x150 cm Beyaz,639.99,Banyo,2026-05-24,05,0.0
Rosita Microcotton Pamuklu Yüz Havlusu 50x90 cm Beyaz,1399.95,Banyo,2026-05-24,05,0.0
Sandy Stripe Pamuk Ayak Havlusu 50x70 cm Beyaz,1399.99,Banyo,2026-05-24,05,0.0
Sandy Stripe Pamuk Ayak Havlusu 50x70 cm Lacivert,1499.99,Banyo,2026-05-24,05,0.0
Sandy Stripe Pamuk Banyo Havlusu 80x150 cm Beyaz,479.99,Banyo,2026-05-24,05,0.0
Sandy Stripe Pamuk Banyo Havlusu 80x150 cm Lacivert,3199.99,Banyo,2026-05-24,05,0.0
Sandy Stripe Pamuk Bornoz Beyaz,1119.99,Banyo,2026-05-24,05,0.0
Sandy Stripe Pamuk Bornoz Lacivert,6999.99,Banyo,2026-05-24,05,0.0
Sandy Stripe Pamuk El Havlusu 30x45 cm Beyaz,1049.99,Banyo,2026-05-24,05,0.0
Sandy Stripe Pamuk El Havlusu 30x45 cm Lacivert,1049.99,Banyo,2026-05-24,05,0.0
Sandy Stripe Pamuk Yüz Havlusu 50x80 cm Beyaz,1499.99,Banyo,2026-05-24,05,0.0
Sandy Stripe Pamuk Yüz Havlusu 50x80 cm Lacivert,1749.99,Banyo,2026-05-24,05,0.0
Savanna Check Pamuk Yüz Havlusu 50x80 cm Kahve-Açık Kahve,1999.99,Banyo,2026-05-24,05,0.0
Selina Bambu Çamaşır Sepeti 41x31x60 cm Antrasit,804.99,Banyo,2026-05-24,05,0.0
Serene Floral Pamuk Kabartma Nakışlı Yüz Havlusu 50x80 cm Beyaz,314.99,Banyo,2026-05-24,05,0.0
Silky Shine Kaydırmaz Taban Banyo Paspası 50x80 cm Gri,300.0,Banyo,2026-05-24,05,0.0
Silky Shine Kaydırmaz Taban Banyo Paspası 50x80 cm Petrol,300.0,Banyo,2026-05-24,05,0.0
Silky Shine Kaydırmaz Taban Banyo Paspası 50x80 cm Yeşil,359.99,Banyo,2026-05-24,05,0.0
Soft %100 Pamuklu Saç Bonesi Mint,1399.99,Banyo,2026-05-24,05,0.0
Soft Pamuklu Banyo Havlusu 70x140 cm Açık Pembe,2999.99,Banyo,2026-05-24,05,0.0
Soft Pamuklu Saç Bonesi Açık Mavi,1399.99,Banyo,2026-05-24,05,0.0
Soft Ruffle Pamuk Banyo Havlusu 70x140 cm Fildişi,2499.99,Banyo,2026-05-24,05,0.0
Soft Ruffle Pamuk Banyo Havlusu 70x140 cm Pudra,2499.99,Banyo,2026-05-24,05,0.0
Soft Ruffle Pamuk El Havlusu 30x40 cm Fildişi,999.99,Banyo,2026-05-24,05,0.0
Soft Ruffle Pamuk El Havlusu 30x40 cm Pudra,999.99,Banyo,2026-05-24,05,0.0
Soft Ruffle Pamuk Yüz Havlusu 50x80 cm Fildişi,1249.99,Banyo,2026-05-24,05,0.0
Soft Ruffle Pamuk Yüz Havlusu 50x80 cm Pudra,1249.99,Banyo,2026-05-24,05,0.0
Soft Step Kaydırmaz Taban Banyo Paspası 50x80 cm Gri,2249.99,Banyo,2026-05-24,05,0.0
Soft Step Kaydırmaz Taban Banyo Paspası 50x80 cm Mavi,1999.99,Banyo,2026-05-24,05,0.0
Soft Step Kaydırmaz Taban Banyo Paspası 50x80 cm Sarı,1499.99,Banyo,2026-05-24,05,0.0
Soft Step Kaydırmaz Taban Banyo Paspası 50x80 cm Yeşil,1499.99,Banyo,2026-05-24,05,0.0
Soft Step Pamuk Ayak Havlusu 50x70 cm Bej,1749.99,Banyo,2026-05-24,05,0.0
Soft Step Pamuk Ayak Havlusu 50x70 cm Beyaz,1499.99,Banyo,2026-05-24,05,0.0
Soft Step Pamuk Ayak Havlusu 50x70 cm Gri,1749.99,Banyo,2026-05-24,05,0.0
Soft Step Pamuk Ayak Havlusu 50x70 cm Lila,1499.99,Banyo,2026-05-24,05,
Soft Step Pamuk Ayak Havlusu 50x70 cm Mavi,1499.99,Banyo,2026-05-24,05,0.0
Soft Step Pamuk Ayak Havlusu 50x70 cm Mint,1499.99,Banyo,2026-05-24,05,0.0
Soft Step Pamuk Ayak Havlusu 50x70 cm Mor,1499.99,Banyo,2026-05-24,05,0.0
Soft Step Pamuk Ayak Havlusu 50x70 cm Petrol,1499.99,Banyo,2026-05-24,05,
Soft Step Pamuk Ayak Havlusu 50x70 cm Pudra,1499.99,Banyo,2026-05-24,05,0.0
Soft Step Pamuk Ayak Havlusu 50x70 cm Sarı,1499.99,Banyo,2026-05-24,05,0.0
Soft Step Pamuk Ayak Havlusu 50x70 cm Somon,1499.99,Banyo,2026-05-24,05,0.0
Soft Step Pamuk Ayak Havlusu 50x70 cm Yeşil,1499.99,Banyo,2026-05-24,05,0.0
Soft Stripe Pamuk Banyo Havlusu 80x150 cm Fildişi,559.99,Banyo,2026-05-24,05,0.0
Soft Stripe Pamuk El Havlusu 30x45 cm Fildişi,1299.99,Banyo,2026-05-24,05,0.0
Soft Stripe Pamuk Yüz Havlusu 50x80 cm Fildişi,1499.99,Banyo,2026-05-24,05,0.0
Soft Wave Pamuklu Yüz Havlusu 50x80 cm Ekru,1249.99,Banyo,2026-05-24,05,0.0
Softline Pamuk Banyo Havlusu 90x150 cm Beyaz,799.99,Banyo,2026-05-24,05,0.0
Softline Pamuk Yüz Havlusu 50x80 cm Beyaz,2499.99,Banyo,2026-05-24,05,0.0
Sofya Pamuklu Waffle Banyo Havlusu 70x140 cm Ekru,2499.99,Banyo,2026-05-24,05,0.0
Sofya Pamuklu Waffle Banyo Havlusu Gri,3499.99,Banyo,2026-05-24,05,0.0
Stone 3lü Banyo Seti Bej,1079.99,Banyo,2026-05-24,05,0.0
Strala Kaydırmaz Taban Banyo Paspası Seti Gül Kurusu,1749.99,Banyo,2026-05-24,05,0.0
Stripe Edge Pamuk Banyo Havlusu 70x140 cm Mint,2499.99,Banyo,2026-05-24,05,0.0
Stripe Edge Pamuk Banyo Havlusu 70x140 cm Pudra,2499.99,Banyo,2026-05-24,05,0.0
Stripe Edge Pamuk El Havlusu 30x40 cm Mint,1049.99,Banyo,2026-05-24,05,0.0
Stripe Edge Pamuk El Havlusu 30x40 cm Pudra,1049.99,Banyo,2026-05-24,05,0.0
Stripe Edge Pamuk Yüz Havlusu 50x80 cm Mint,1299.99,Banyo,2026-05-24,05,0.0
Stripe Edge Pamuk Yüz Havlusu 50x80 cm Pudra,1299.99,Banyo,2026-05-24,05,0.0
Stripe Pamuk Yüz Havlusu 50x70 cm Gül Kurusu,999.95,Banyo,2026-05-24,05,0.0
Stripe Pamuk Yüz Havlusu 50x70 cm Haki,999.95,Banyo,2026-05-24,05,0.0
Stripe Pamuk Yüz Havlusu 50x70 cm Koyu Bej,999.95,Banyo,2026-05-24,05,0.0
Sweet Strawberry Pamuklu Plaj Havlusu 70x140 cm Fuşya,299.99,Banyo,2026-05-24,05,0.0
Tassel Check Pamuklu Püsküllü Banyo Paspası Bej,559.99,Banyo,2026-05-24,05,0.0
Tassel Check Pamuklu Püsküllü Banyo Paspası Gri,3499.99,Banyo,2026-05-24,05,0.0
Trendy Kaydırmaz Taban Banyo Paspası 50x80 cm Bej,2249.99,Banyo,2026-05-24,05,0.0
Trendy Kaydırmaz Taban Banyo Paspası 50x80 cm Gri,1999.99,Banyo,2026-05-24,05,0.0
Trendy Kaydırmaz Taban Banyo Paspası 50x80 cm Kiremit,1499.99,Banyo,2026-05-24,05,0.0
Trendy Kaydırmaz Taban Banyo Paspası 50x80 cm Mavi,1499.99,Banyo,2026-05-24,05,0.0
Trim Stripe Pamuklu Çizgili Plaj Havlusu 90x150 cm Ekru,419.99,Banyo,2026-05-24,05,0.0
Twill Pamuk Yüz Havlusu 50x70 cm Açık Gri,999.95,Banyo,2026-05-24,05,0.0
Twill Pamuk Yüz Havlusu 50x70 cm Açık Mavi,999.95,Banyo,2026-05-24,05,0.0
Twill Pamuk Yüz Havlusu 50x70 cm Su Yeşili,999.95,Banyo,2026-05-24,05,0.0
Twillow Kaydırmaz Taban Banyo Paspası Seti Açık Mavi,1499.99,Banyo,2026-05-24,05,0.0
Twillow Kaydırmaz Taban Banyo Paspası Seti Su Yeşili,1749.99,Banyo,2026-05-24,05,0.0
Twinkle Tree Pamuk Nakışlı Yüz Havlusu 50x80 cm Beyaz,399.99,Banyo,2026-05-24,05,0.0
Urbann Bambu Katlanabilir 2 Bölmeli Çamaşır Sepeti Kahve,607.99,Banyo,2026-05-24,05,0.0
Urbann Katlanabilir Çamaşır Sepeti Kahve,5499.99,Banyo,2026-05-24,05,0.0
Valeria Cam Banyo Sıvı Sabunluk 10x22 cm Şeffaf,1399.99,Banyo,2026-05-24,05,0.0
Velvet Bloom Pamuk Yüz Havlusu 50x80 cm Beyaz,239.99,Banyo,2026-05-24,05,0.0
Velvet Bloom Pamuk Yüz Havlusu 50x80 cm Pembe,1999.99,Banyo,2026-05-24,05,0.0
Velvet Touch Pamuklu Yüz Havlusu 50x80 cm Ekru,1499.99,Banyo,2026-05-24,05,0.0
Velvet Touch Pamuklu Yüz Havlusu 50x80 cm Yeşil,1999.99,Banyo,2026-05-24,05,0.0
Vina Pamuklu Peştemal 90x150 cm Sarı,1999.99,Banyo,2026-05-24,05,0.0
Waffle %100 Pamuklu Bornoz Takımı Mor,2399.99,Banyo,2026-05-24,05,0.0
Waffle Weave Kaydırmaz Taban Banyo Paspası 50x80 cm Açık Kahverengi,2499.99,Banyo,2026-05-24,05,0.0
Waffle Weave Kaydırmaz Taban Banyo Paspası 50x80 cm Gri,551.99,Banyo,2026-05-24,05,0.0
Waffle Weave Kaydırmaz Taban Banyo Paspası 50x80 cm Krem,559.99,Banyo,2026-05-24,05,0.0
Waffle Weave Kaydırmaz Taban Banyo Paspası 50x80 cm Mavi,250.0,Banyo,2026-05-24,05,0.0
Wave Pamuk Yüz Havlusu 50x70 cm Açık Bej,999.95,Banyo,2026-05-24,05,0.0
Wave Pamuk Yüz Havlusu 50x70 cm Ekru,999.99,Banyo,2026-05-24,05,0.0
Wave Pamuk Yüz Havlusu 50x70 cm Mor,999.95,Banyo,2026-05-24,05,0.0
Wavelet Kaydırmaz Taban Banyo Paspası Seti Açık Bej,2249.99,Banyo,2026-05-24,05,0.0
Wavelet Kaydırmaz Taban Banyo Paspası Seti Mor,279.99,Banyo,2026-05-24,05,0.0
Zigzag Pamuk Bornoz Limon Yeşili,6499.99,Banyo,2026-05-24,05,0.0
Zigzag Pamuk Bornoz Yeşil,6499.99,Banyo,2026-05-24,05,0.0
Zigzag Pamuk Yüz Havlusu 50x70 cm Limon Yeşili,999.99,Banyo,2026-05-24,05,0.0
Abrazo Yılbaşı Ağacı Süsü 8 cm Kırmızı,999.99,Dekorasyon,2026-05-24,05,0.0
Acorn Branch Tek Dal Yapay Çiçek 76 cm Yeşil,2499.99,Dekorasyon,2026-05-24,05,0.0
Adara Mum Siyah-Gold,1274.9,Dekorasyon,2026-05-24,05,0.0
Adela Ahşap Masa Saati Naturel,1439.99,Dekorasyon,2026-05-24,05,0.0
"Aden Yılbaşı Ağacı Süsü 11,5 cm Kırmızı",999.99,Dekorasyon,2026-05-24,05,0.0
"Ador Yılbaşı Ağacı Süsü 11,5 cm Kırmızı",999.99,Dekorasyon,2026-05-24,05,0.0
Adora Cam Vazo 23 cm Kahverengi,6999.99,Dekorasyon,2026-05-24,05,0.0
"Adora Cam Vazo 28,5 cm Krem",1049.99,Dekorasyon,2026-05-24,05,0.0
Adora Metal Dekoratif Tepsi Gold,639.99,Dekorasyon,2026-05-24,05,0.0
Adora Metal Dekoratif Tepsi Silver,5999.99,Dekorasyon,2026-05-24,05,0.0
Adra Cam Vazo Amber,1439.99,Dekorasyon,2026-05-24,05,0.0
Adrian Yılbaşı Ağacı Süsü 11 cm Kırmızı,999.99,Dekorasyon,2026-05-24,05,0.0
Akasya Dekoratif Tepsi Koyu Kahverengi,359.99,Dekorasyon,2026-05-24,05,0.0
Akuante Dekoratif Tepsi 30x42 cm Multicolor,639.99,Dekorasyon,2026-05-24,05,0.0
Alba Cam Şamdan Kırmızı,2199.99,Dekorasyon,2026-05-24,05,0.0
Alba Metal Çerçeve Gold,1749.99,Dekorasyon,2026-05-24,05,0.0
Alba Metal Çerçeve Silver,1999.99,Dekorasyon,2026-05-24,05,0.0
Albero Yılbaşı Ağacı Süsü 12.5 cm Yeşil,999.99,Dekorasyon,2026-05-24,05,0.0
Alder Mdf Dekoratif 30x14 cm Kahverengi,7499.99,Dekorasyon,2026-05-24,05,0.0
Alena Mdf Dekoratif 40x14 cm Kahverengi,7999.99,Dekorasyon,2026-05-24,05,
Alena Mdf Dekoratif Kahve,4999.99,Dekorasyon,2026-05-24,05,
Alesa Cam Vazo Multicolor,6999.99,Dekorasyon,2026-05-24,05,0.0
Alesa Cam Şamdan Turuncu,1499.99,Dekorasyon,2026-05-24,05,0.0
Alesta Yılbaşı Ağacı Süsü 12.5 cm Siyah,999.99,Dekorasyon,2026-05-24,05,0.0
Alice Müzik Kutusu 17 cm Kırmızı,12499.99,Dekorasyon,2026-05-24,05,0.0
Alice Polyresin Çerçeve 10x15 cm Krem,479.99,Dekorasyon,2026-05-24,05,0.0
"Alicia Cam Vazo 20,5 cm Kahverengi",1259.99,Dekorasyon,2026-05-24,05,0.0
Alicia Polyresin Çerçeve 10x15 cm Krem,584.99,Dekorasyon,2026-05-24,05,0.0
Alina Dokuma Kırlent Kılıfı Tarçın,1499.99,Dekorasyon,2026-05-24,05,0.0
Alina Polyresin Çerçeve 10x15 cm Beyaz,389.99,Dekorasyon,2026-05-24,05,0.0
Alina Polyresin Çerçeve 10x15 cm Krem,584.99,Dekorasyon,2026-05-24,05,0.0
Aline Dekoratif Kutu Krem,1139.99,Dekorasyon,2026-05-24,05,0.0
Alisia Polyresin Çerçeve 10x15 cm Bej,2999.99,Dekorasyon,2026-05-24,05,0.0
Alissa Polyresin Çerçeve 10x15 cm Beyaz,389.99,Dekorasyon,2026-05-24,05,0.0
Alisya Polyresin Çerçeve 10x15 cm Bej,3249.99,Dekorasyon,2026-05-24,05,0.0
Alita Polyresin Çerçeve 10x15 cm Bej – Bordo,3249.99,Dekorasyon,2026-05-24,05,
Alium Tek Dal Yapay Çiçek 94 cm Pembe,1399.99,Dekorasyon,2026-05-24,05,0.0
Allegra Kandil Şeffaf,1749.99,Dekorasyon,2026-05-24,05,0.0
Almina Dekoratif Tepsi 33x33 cm Krem,479.99,Dekorasyon,2026-05-24,05,0.0
Aloha Yılbaşı Ağaç Süsü Multicolor,3499.99,Dekorasyon,2026-05-24,05,0.0
Alonza Dekoratif Tepsi Gold,3999.99,Dekorasyon,2026-05-24,05,0.0
Alonza Yılbaşı Ağaç Süsü Multicolor,1499.99,Dekorasyon,2026-05-24,05,0.0
Aluna Suni Deri Sepet Siyah,1749.99,Dekorasyon,2026-05-24,05,0.0
Alura Yılbaşı Ağaç Süsü Multicolor,4499.99,Dekorasyon,2026-05-24,05,0.0
Alure Yılbaşı Ağaç Süsü Multicolor,1499.99,Dekorasyon,2026-05-24,05,0.0
Alva Yılbaşı Ağaç Süsü Multicolor,350.0,Dekorasyon,2026-05-24,05,0.0
Alvin Cam 15 Dk Kum Saati Füme,319.99,Dekorasyon,2026-05-24,05,0.0
Alvin Polyresin Dekoratif Tepsi 32x46 cm Kahve,1439.99,Dekorasyon,2026-05-24,05,0.0
Alvin Seramik Abajur Krem,7499.99,Dekorasyon,2026-05-24,05,0.0
Alvin Yılbaşı Ağaç Süsü Multicolor,1149.99,Dekorasyon,2026-05-24,05,
Alyysa Metal Çerçeve Lila,1749.99,Dekorasyon,2026-05-24,05,0.0
Alyysa Metal Çerçeve Mint,1749.99,Dekorasyon,2026-05-24,05,0.0
Alyysa Metal Çerçeve Pudra,1299.95,Dekorasyon,2026-05-24,05,0.0
Amaranthus Kumaş Tek Dal Yapay Çiçek Açık Pembe,1249.99,Dekorasyon,2026-05-24,05,0.0
Amaranthus Kumaş Tek Dal Yapay Çiçek Koyu Pembe,1249.99,Dekorasyon,2026-05-24,05,0.0
Amaranthus Kumaş Tek Dal Yapay Çiçek Krem,1249.99,Dekorasyon,2026-05-24,05,0.0
Amare Tek Dal Yapay Çiçek 90 cm Kırmızı,1199.99,Dekorasyon,2026-05-24,05,0.0
Amaris Dolgulu Kırlent 35x50 cm Kırmızı - Bej,4999.99,Dekorasyon,2026-05-24,05,0.0
Amber Woods Kokulu Mum 120 gr Kahverengi,1399.99,Dekorasyon,2026-05-24,05,0.0
Amelie Dekoratif Kırlent 35x55 cm Hardal,2999.99,Dekorasyon,2026-05-24,05,0.0
Anchor Yılbaşı Ağaç Süsü Multicolor,2249.99,Dekorasyon,2026-05-24,05,0.0
Andora Cam Vazo 10.5 cm Yeşil,6499.99,Dekorasyon,2026-05-24,05,0.0
Andora Cam Vazo 13 cm Kırmızı,7999.99,Dekorasyon,2026-05-24,05,0.0
"Andora Yılbaşı Ağaç Süsü 13,5 cm Gold",300.0,Dekorasyon,2026-05-24,05,0.0
"Andora Yılbaşı Ağaç Süsü 13,5 cm Kırmızı",479.99,Dekorasyon,2026-05-24,05,0.0
Andora Örgü Sepet Pembe,1499.99,Dekorasyon,2026-05-24,05,-33.333481482139916
Andre Tek Dal Yapay Çiçek 80 cm Kahve,849.95,Dekorasyon,2026-05-24,05,0.0
Andre Yılbaşı Ağaç Süsü Multicolor,1299.99,Dekorasyon,2026-05-24,05,0.0
Andre Çerçeve 13x18 cm Bej,489.99,Dekorasyon,2026-05-24,05,0.0
Andre Çerçeve Krem,479.99,Dekorasyon,2026-05-24,05,0.0
Angel Dekoratif Obje 15 cm Kahve,4999.99,Dekorasyon,2026-05-24,05,0.0
"Angela Mum 7x4,5x7,5 cm Kırmızı",1274.9,Dekorasyon,2026-05-24,05,0.0
"Angela Mum 9x6,5x11 cm Kırmızı",1999.99,Dekorasyon,2026-05-24,05,0.0
Angela Yılbaşı Ağaç Süsü Multicolor,1749.99,Dekorasyon,2026-05-24,05,0.0
Anica Yılbaşı Ağaç Süsü 7 cm Gold,1999.99,Dekorasyon,2026-05-24,05,0.0
Anica Yılbaşı Ağaç Süsü 7 cm Kırmızı,1999.99,Dekorasyon,2026-05-24,05,0.0
Anica Yılbaşı Ağaç Süsü 7 cm Silver,1999.99,Dekorasyon,2026-05-24,05,0.0
Anissa Kar Küresi 14 cm Kırmızı,5999.99,Dekorasyon,2026-05-24,05,0.0
"Anissa Metal Dekoratif Tabak 27,5x22x4 cm Gümüş",4999.99,Dekorasyon,2026-05-24,05,0.0
Anissa Takı Kutusu 16x16x6 cm Gold,500.0,Dekorasyon,2026-05-24,05,0.0
Anissa Yılbaşı Ağaç Süsü Multicolor,1299.99,Dekorasyon,2026-05-24,05,0.0
"Antique Ribbon Polyresin Dekoratif Obje 11,5 cm Siyah",639.99,Dekorasyon,2026-05-24,05,0.0
"Apple Biblo 11,5x11,5x13cm Kahve",559.99,Dekorasyon,2026-05-24,05,0.0
Apple Biblo 14x14x16cm Gri,799.99,Dekorasyon,2026-05-24,05,0.0
Aquamarine Dijital Baskı Dekoratif Kırlent 35x55 cm Mavi - Yeşil,419.99,Dekorasyon,2026-05-24,05,0.0
Aquamarine Seramik Vazo 15 cm Beyaz,699.99,Dekorasyon,2026-05-24,05,0.0
Aquamarine Seramik Vazo 18 cm Lacivert,699.99,Dekorasyon,2026-05-24,05,0.0
Areka Yılbaşı Ağacı Süsü 10 cm Gold,1149.99,Dekorasyon,2026-05-24,05,0.0
Areka Çerçeve 13x18 cm Kahverengi,3499.99,Dekorasyon,2026-05-24,05,0.0
Aremis Çerçeve 13x18 cm Krem,1499.99,Dekorasyon,2026-05-24,05,0.0
Arena Koltuk Şalı 170x210 cm Bej,2999.99,Dekorasyon,2026-05-24,05,
Aris Mum 10 cm Kırmızı,879.99,Dekorasyon,2026-05-24,05,0.0
Aris Mum 10 cm Yeşil,879.99,Dekorasyon,2026-05-24,05,0.0
Aris Seramik Abajur Bej,7999.99,Dekorasyon,2026-05-24,05,0.0
Armin Yılbaşı Kar Küresi 21 cm Kırmızı,1519.99,Dekorasyon,2026-05-24,05,0.0
Arnie Dekoratif Kırlent 35x50 cm Ekru,3999.99,Dekorasyon,2026-05-24,05,0.0
Artistic Bloom Dekoratif Kırlent 40 cm Kahverengi,3999.99,Dekorasyon,2026-05-24,05,0.0
Artistic Bloom Dekoratif Kırlent 40 cm Yağ Yeşili,3999.99,Dekorasyon,2026-05-24,05,0.0
Artistic Bloom Dekoratif Kırlent 40 cm Yeşil,639.99,Dekorasyon,2026-05-24,05,0.0
"Artistic Bloom Dekoratif Kırlent 40,0x1,3x55,0 cm Bej",639.99,Dekorasyon,2026-05-24,05,0.0
"Artistic Bloom Dekoratif Kırlent 40,0x15,5 cm Hardal",719.99,Dekorasyon,2026-05-24,05,0.0
"Artistic Bloom Dekoratif Kırlent 40,0x30,5x1,5 cm Kiremit",4999.99,Dekorasyon,2026-05-24,05,0.0
Arya Metal Dekoratif Obje 33 cm Gold,719.99,Dekorasyon,2026-05-24,05,0.0
Ashara Koltuk Şalı 170x210 cm Multicolor,3499.99,Dekorasyon,2026-05-24,05,0.0
Aspen Çerçeve 13x18 cm Silver,1499.99,Dekorasyon,2026-05-24,05,0.0
Aspen Çerçeve Gold,1999.99,Dekorasyon,2026-05-24,05,0.0
Astra Yılbaşı Ağaç Süsü Multicolor,1499.99,Dekorasyon,2026-05-24,05,0.0
"Asya Metal Dekoratif Obje 30,5 cm Gold",6999.99,Dekorasyon,2026-05-24,05,0.0
Audra Çerçeve 8x8 cm Multicolor,2749.99,Dekorasyon,2026-05-24,05,0.0
Aura Çerçeve 8x8 cm Multicolor,2749.99,Dekorasyon,2026-05-24,05,0.0
Avani Vazo Krem,2239.99,Dekorasyon,2026-05-24,05,0.0
Avin Tek Dal Yapay Çiçek 71 cm Kırmızı,1299.99,Dekorasyon,2026-05-24,05,0.0
Avin Yılbaşı Ağaç Süsü Multicolor,1499.99,Dekorasyon,2026-05-24,05,0.0
Avin Çerçeve Kahverengi,299.99,Dekorasyon,2026-05-24,05,0.0
"Azure Yılbaşı Kar Küresi 15,5 cm Kırmızı",4749.99,Dekorasyon,2026-05-24,05,0.0
Baby Dog Bebe Pelüş Dekoratif Kırlent 38x25 cm Beyaz,559.99,Dekorasyon,2026-05-24,05,0.0
Baby Koala Sıcak Su Torbası 750 ml Gri,2249.99,Dekorasyon,2026-05-24,05,0.0
Ball Flower Tek Dal Yapay Çiçek 61 cm Kırmızı - Yeşil,1299.99,Dekorasyon,2026-05-24,05,0.0
Bally Pelüş Dekoratif Kırlent 40 cm Hardal,2999.99,Dekorasyon,2026-05-24,05,0.0
Bamboo Metal Çerçeve Gold,559.99,Dekorasyon,2026-05-24,05,0.0
Bamboo Metal Çerçeve Silver,399.99,Dekorasyon,2026-05-24,05,0.0
Basic Line Dolgulu Kırlent 45x45 cm Bej,2999.99,Dekorasyon,2026-05-24,05,0.0
Becky Metal Çerçeve Gold,2499.99,Dekorasyon,2026-05-24,05,0.0
Becky Metal Çerçeve Silver,349.99,Dekorasyon,2026-05-24,05,0.0
Becky Seramik Vazo 35 cm Kırmızı - Yeşil,1999.99,Dekorasyon,2026-05-24,05,0.0
Bedros Yılbaşı Ağaç Süsü Multicolor,1499.99,Dekorasyon,2026-05-24,05,0.0
Bega Yılbaşı Ağaç Süsü 6x6x13 cm Gri,1199.99,Dekorasyon,2026-05-24,05,0.0
Belicia Dekoratif Kırlent 35x55 cm Bordo,799.99,Dekorasyon,2026-05-24,05,0.0
Belinda Yılbaşı Ağaç Süsü 8x8x8 cm Gri,1299.99,Dekorasyon,2026-05-24,05,0.0
Belita Biblo 12 cm Kırmızı,4999.99,Dekorasyon,2026-05-24,05,0.0
Belita Seramik Vazo 10 cm Kiremit,559.99,Dekorasyon,2026-05-24,05,0.0
Belita Seramik Vazo 15 cm Bej,4999.99,Dekorasyon,2026-05-24,05,0.0
Belita Seramik Vazo 18 cm Krem,3999.99,Dekorasyon,2026-05-24,05,0.0
Bell Yılbaşı Ağaç Süsü 6x5x9 cm Gri,1199.99,Dekorasyon,2026-05-24,05,0.0
Belleza Yılbaşı Ağaç Süsü 8x8x8 cm Siyah,999.95,Dekorasyon,2026-05-24,05,0.0
"Bello Yılbaşı Ağacı Süsü 5,5 cm Kırmızı",999.99,Dekorasyon,2026-05-24,05,0.0
Berilda Dekoratif Tepsi 33x33 cm Krem,479.99,Dekorasyon,2026-05-24,05,0.0
Berilda Tek Dal Yapay Çiçek 78 cm Sarı,1399.99,Dekorasyon,2026-05-24,05,0.0
Berry Dekoratif Obje Kırmızı,959.99,Dekorasyon,2026-05-24,05,0.0
Berry Leaves Tek Dal Yapay Çiçek Kırmızı,1199.99,Dekorasyon,2026-05-24,05,0.0
Berry Tek Dal Yapay Çiçek Kırmızı,1749.99,Dekorasyon,2026-05-24,05,0.0
Berry Yılbaşı Ağaç Süsü 8x5x6 cm Siyah,999.95,Dekorasyon,2026-05-24,05,0.0
Berta Yılbaşı Ağaç Süsü 8x8x8 cm Kahverengi,1299.99,Dekorasyon,2026-05-24,05,0.0
Betty Yılbaşı Ağaç Süsü 8x8x8 cm Beyaz,1299.99,Dekorasyon,2026-05-24,05,0.0
Beyaz Çiçekler Kokulu Mum,1399.99,Dekorasyon,2026-05-24,05,0.0
Birch Leaf Spray Tek Dal Yapay Çiçek Yeşil,1199.99,Dekorasyon,2026-05-24,05,0.0
Bird Ahşap Dekoratif Obje Kahve,3499.99,Dekorasyon,2026-05-24,05,
Blare 6Lı Organizer Set Lacivert,3499.99,Dekorasyon,2026-05-24,05,0.0
Blare 6Lı Organizer Set Pudra,4999.99,Dekorasyon,2026-05-24,05,0.0
Blare 6lı Organizer Set Gri,719.99,Dekorasyon,2026-05-24,05,0.0
Blare 6lı Organizer Set Siyah,719.99,Dekorasyon,2026-05-24,05,0.0
Blare Polyester 6lı Organizer Bej,479.99,Dekorasyon,2026-05-24,05,0.0
Blare Polyester 6lı Organizer Turuncu,2999.99,Dekorasyon,2026-05-24,05,0.0
Blare Yılbaşı Ağaç Süsü 5x7x15 cm Beyaz,1499.99,Dekorasyon,2026-05-24,05,0.0
Blume Kar Küresi 9 cm Kırmızı,599.99,Dekorasyon,2026-05-24,05,0.0
Blume Yılbaşı Ağaç Süsü 6x6x14 cm Beyaz,1299.99,Dekorasyon,2026-05-24,05,0.0
Bohemian Dolgulu Kırlent 45x45 cm Multicolor,599.99,Dekorasyon,2026-05-24,05,0.0
Boise Sepet Naturel,879.99,Dekorasyon,2026-05-24,05,0.0
Bona Dekoratif Kutu Bej,479.99,Dekorasyon,2026-05-24,05,0.0
Bonita Kum Saati Bej,799.99,Dekorasyon,2026-05-24,05,0.0
Bonnie Yılbaşı Ağacı Süsü 12.5 cm Beyaz,999.99,Dekorasyon,2026-05-24,05,0.0
Bonny Yılbaşı Ağacı Süsü 10 cm Beyaz,999.99,Dekorasyon,2026-05-24,05,0.0
Boston Çerçeve 10x10 cm Multicolor,2999.99,Dekorasyon,2026-05-24,05,0.0
Bouquet Buhurdanlık Beyaz,439.99,Dekorasyon,2026-05-24,05,0.0
Bradley Tek Dal Yapay Çiçek 72 cm Pembe,1299.99,Dekorasyon,2026-05-24,05,0.0
Brayden Sepet Naturel,599.99,Dekorasyon,2026-05-24,05,0.0
Brenda Tek Dal Yapay Çiçek 48 cm Kırmızı,1499.99,Dekorasyon,2026-05-24,05,0.0
Breton Goblen Kırlent Kılıfı Mavi,1399.99,Dekorasyon,2026-05-24,05,0.0
Briana Biblo 15 cm Kahverengi,719.99,Dekorasyon,2026-05-24,05,0.0
Briel Dekoratif Tepsi Kahverengi-Siyah,899.99,Dekorasyon,2026-05-24,05,0.0
Briel Metal Fener 16x16x30 cm Krem,1119.99,Dekorasyon,2026-05-24,05,0.0
"Brook Biblo 30,5 cm Kırmızı",10999.99,Dekorasyon,2026-05-24,05,0.0
Brook Yılbaşı Ağaç Süsü Multicolor,1299.99,Dekorasyon,2026-05-24,05,0.0
Bruna Metal Çerçeve Gold,1999.99,Dekorasyon,2026-05-24,05,-20.000080000319993
Bruna Metal Çerçeve Silver,319.99,Dekorasyon,2026-05-24,05,0.0
Bubble Çerçeve 13x18 cm Hardal,1749.99,Dekorasyon,2026-05-24,05,0.0
Buds Nakışlı Dekoratif Kırlent 33x50 cm Ekru,479.99,Dekorasyon,2026-05-24,05,0.0
Bunny Pelüş Sıcak Su Torbası Ekru,3499.99,Dekorasyon,2026-05-24,05,0.0
Bunny Sıcak Su Torbası Gri,2499.99,Dekorasyon,2026-05-24,05,0.0
Bunny Sıcak Su Torbası Pembe,479.99,Dekorasyon,2026-05-24,05,0.0
Butterfly Polyresin Duvar Aksesuarı Gold,3499.99,Dekorasyon,2026-05-24,05,0.0
"Cabella Yılbaşı Ağaç Süsü 8X8X8,5 cm Multicolor",1499.99,Dekorasyon,2026-05-24,05,0.0
Caletta Koltuk Şalı 170x210 cm Multicolor,3499.99,Dekorasyon,2026-05-24,05,0.0
Calida Yılbaşı Ağaç Süsü Multicolor,494.99,Dekorasyon,2026-05-24,05,0.0
Calisa Metal Çerçeve Siyah,2499.99,Dekorasyon,2026-05-24,05,0.0
Calloge Dolgulu Kırlent 45x45 cm Multicolor,479.99,Dekorasyon,2026-05-24,05,0.0
"Calva Kum Saati 14,5 cm Mavi",479.99,Dekorasyon,2026-05-24,05,0.0
Candies Dekoratif Aydınlatma Şeffaf,1049.99,Dekorasyon,2026-05-24,05,0.0
Candlelight Fener Siyah,719.99,Dekorasyon,2026-05-24,05,0.0
Candlestick Ledli Dekoratif Aydınlatma Siyah,639.99,Dekorasyon,2026-05-24,05,0.0
Candy Mumluk Kırmızı,2499.99,Dekorasyon,2026-05-24,05,0.0
Canker Bloom Kumaş Tek Dal Yapay Çiçek Krem,1249.99,Dekorasyon,2026-05-24,05,0.0
Canker Bloom Kumaş Tek Dal Yapay Çiçek Yavruağzı,1249.99,Dekorasyon,2026-05-24,05,0.0
Cara Duvar Saati 30 cm Koyu Krem,879.99,Dekorasyon,2026-05-24,05,0.0
Cara Duvar Saati 30 cm Krem,559.99,Dekorasyon,2026-05-24,05,0.0
"Card Box Dekoratif Kutu 12,5x8,5x2,5 cm Kahve",3749.99,Dekorasyon,2026-05-24,05,0.0
"Caren Metal Dekoratif Obje 30,5 cm Gold",8999.99,Dekorasyon,2026-05-24,05,0.0
Caren Seramik Vazo Sarı,1439.99,Dekorasyon,2026-05-24,05,0.0
Carina Kum Saati Turuncu,479.99,Dekorasyon,2026-05-24,05,0.0
Carlin Kokulu Mum,399.99,Dekorasyon,2026-05-24,05,0.0
Carly Sepet Naturel,719.99,Dekorasyon,2026-05-24,05,0.0
Carmin Kokulu Mum 190 gr,1749.99,Dekorasyon,2026-05-24,05,0.0
Carolie Cam Dekoratif Tepsi 30x42 cm Bordo,559.99,Dekorasyon,2026-05-24,05,0.0
Carolie Dekoratif Kırlent 45x45 cm Bronz,799.99,Dekorasyon,2026-05-24,05,0.0
Carrie Yılbaşı Ağaç Süsü 13x13x23 cm Gold,4999.99,Dekorasyon,2026-05-24,05,0.0
"Casilias Yılbaşı Ağaç Süsü 8x8x21,5 Gold",5999.99,Dekorasyon,2026-05-24,05,0.0
Celeste Koltuk Şalı 130x170 cm Hardal,8999.99,Dekorasyon,2026-05-24,05,0.0
Cella Masa Saati 10 cm Kahve,3999.99,Dekorasyon,2026-05-24,05,0.0
Cercio Dijital Dolgulu Kırlent Multicolor,1749.99,Dekorasyon,2026-05-24,05,0.0
"Cerise Dekoratif Tepsi 48x25,2x4,5 cm Kahverengi",959.99,Dekorasyon,2026-05-24,05,0.0
Cesa Çerçeve 10x15 cm Kahverengi,1499.99,Dekorasyon,2026-05-24,05,0.0
"Chain Dekoratif Obje 14x11,5 cm Kahve",659.99,Dekorasyon,2026-05-24,05,0.0
Cheerful Skate Goblen Kırlent Kılıfı Pembe,5499.99,Dekorasyon,2026-05-24,05,0.0
Cherry Branch Tek Dal Yapay Çiçek Beyaz,1749.99,Dekorasyon,2026-05-24,05,0.0
Cherry Branch Tek Dal Yapay Çiçek Koyu Pembe,1999.99,Dekorasyon,2026-05-24,05,0.0
Chess Dekoratif 17x17 cm Kahve,10999.99,Dekorasyon,2026-05-24,05,0.0
Chole Organizer Siyah,2249.99,Dekorasyon,2026-05-24,05,0.0
Chris Cam Şamdan Mavi,449.99,Dekorasyon,2026-05-24,05,0.0
Chris Kum Saati Beyaz,639.99,Dekorasyon,2026-05-24,05,0.0
Christmas Tree Yapay Ağaç Siyah,959.99,Dekorasyon,2026-05-24,05,0.0
Christmas Tree Yılbaşı Ağacı Yeşil,181.99,Dekorasyon,2026-05-24,05,0.0
Circle 30 Dk Cam Kum Saati Gold,1274.9,Dekorasyon,2026-05-24,05,0.0
Citrus Spark Kokulu Mum 120 gr Yeşil,999.99,Dekorasyon,2026-05-24,05,0.0
Claira Yılbaşı Ağaç Süsü 5x8 cm Kırmızı,1499.99,Dekorasyon,2026-05-24,05,0.0
Claira Yılbaşı Ağaç Süsü 5x8 cm Yeşil,1499.99,Dekorasyon,2026-05-24,05,0.0
Clare Set Yılbaşı Ağaç Süsü Gold,1399.99,Dekorasyon,2026-05-24,05,0.0
Classy Rose Dolgulu Kırlent 33x50 cm Multicolor,559.99,Dekorasyon,2026-05-24,05,0.0
Claudi Çerçeve Yeşil,349.99,Dekorasyon,2026-05-24,05,0.0
Clover Polyresin Duvar Aksesuarı Gold,3999.99,Dekorasyon,2026-05-24,05,0.0
Colessa Çerçeve 10x15 cm Siyah,1749.99,Dekorasyon,2026-05-24,05,0.0
Colessa Çerçeve 10x15 cm Turuncu,1299.99,Dekorasyon,2026-05-24,05,0.0
Colin Kokulu Mum,399.99,Dekorasyon,2026-05-24,05,0.0
Colin Set Yılbaşı Ağacı Süsü Gold,1399.99,Dekorasyon,2026-05-24,05,0.0
Colorful Flowers Dolgulu Kırlent 35x50 cm Multicolor,3999.99,Dekorasyon,2026-05-24,05,
Colorful Striped Kağıt İp Dekoratif Kutu Lacivert,2449.99,Dekorasyon,2026-05-24,05,0.0
Colorful Striped Kağıt İp Fener Mavi,4999.99,Dekorasyon,2026-05-24,05,
Comfycover Triko Kırlent Kılıfı Antrasit,215.99,Dekorasyon,2026-05-24,05,0.0
Corallium Nakışlı Kırlent Kılıfı Beyaz,1399.99,Dekorasyon,2026-05-24,05,0.0
Corallo Dekoratif Kase Bej,4499.99,Dekorasyon,2026-05-24,05,0.0
Corallo Punch Nakışlı Kırlent Kılıfı 45x45 cm Mavi - Yeşil,519.99,Dekorasyon,2026-05-24,05,0.0
Cornflower Tek Dal Yapay Çiçek 64 cm Beyaz,1499.99,Dekorasyon,2026-05-24,05,0.0
Cornflower Tek Dal Yapay Çiçek 64 cm Koyu Mavi,1499.99,Dekorasyon,2026-05-24,05,0.0
Cornflower Tek Dal Yapay Çiçek 64 cm Mavi,200.0,Dekorasyon,2026-05-24,05,0.0
Corsage Kumaş Tek Dal Yapay Çiçek Beyaz,1499.99,Dekorasyon,2026-05-24,05,0.0
Corsage Kumaş Tek Dal Yapay Çiçek Koyu Pembe,1249.99,Dekorasyon,2026-05-24,05,0.0
Crabapple Branch Tek Dal Yapay Çiçek 21 cm Kırmızı,1999.99,Dekorasyon,2026-05-24,05,0.0
"Creil Vazo 10x10x8,5 cm Mavi",1477.45,Dekorasyon,2026-05-24,05,0.0
Crown Seramik Vazo Antrasit,11999.99,Dekorasyon,2026-05-24,05,0.0
Cubic Abajur 30 cm Turuncu,959.99,Dekorasyon,2026-05-24,05,0.0
Cubic Seramik Abajur Yeşil,6499.99,Dekorasyon,2026-05-24,05,0.0
Curl Pelüş Sıcak Su Torbası Pembe,2999.99,Dekorasyon,2026-05-24,05,0.0
Cute Birds Polyresin Biblo Siyah,319.99,Dekorasyon,2026-05-24,05,0.0
Cute Dogs Pelüş Sıcak Su Torbası Kahverengi,479.99,Dekorasyon,2026-05-24,05,0.0
Cute Panda Bebe Dekoratif Kırlent 45x45 cm Ekru,479.99,Dekorasyon,2026-05-24,05,0.0
Cute Tiger Bebe Dekoratif Kırlent 45x45 cm Ekru,2749.99,Dekorasyon,2026-05-24,05,0.0
Cyrstal Cam Şamdan Amber,2849.99,Dekorasyon,2026-05-24,05,0.0
"Dahlia Biblo 13,5 cm Kırmızı",350.0,Dekorasyon,2026-05-24,05,0.0
Daisy Bebe Pelüş Dekoratif Kırlent 40 cm Beyaz,559.99,Dekorasyon,2026-05-24,05,0.0
Daisy Love Dekoratif Kırlent 33x50 cm Natural,4999.99,Dekorasyon,2026-05-24,05,0.0
Daisy Tek Dal Yapay Çiçek 60 cm Açık Pembe,1299.99,Dekorasyon,2026-05-24,05,0.0
Daisy Tek Dal Yapay Çiçek 60 cm Kırmızı,1299.99,Dekorasyon,2026-05-24,05,0.0
Daisy Tek Dal Yapay Çiçek 60 cm Turuncu,1299.99,Dekorasyon,2026-05-24,05,0.0
Daisy Tek Dal Yapay Çiçek Açık Mor,1249.99,Dekorasyon,2026-05-24,05,0.0
Daisy Tek Dal Yapay Çiçek Mor,1249.99,Dekorasyon,2026-05-24,05,0.0
Daisy Tek Dal Yapay Çiçek Pembe,1249.99,Dekorasyon,2026-05-24,05,0.0
Daisy Tek Dal Yapay Çiçek Turuncu,1199.99,Dekorasyon,2026-05-24,05,0.0
Dalia Alüminyum Dekoratif Gold,559.99,Dekorasyon,2026-05-24,05,0.0
Dandelion Tek Dal Yapay Çiçek Gül Kurusu,1249.99,Dekorasyon,2026-05-24,05,0.0
Dandelion Tek Dal Yapay Çiçek Lila,1249.99,Dekorasyon,2026-05-24,05,0.0
Dandelion Tek Dal Yapay Çiçek Mint,1249.99,Dekorasyon,2026-05-24,05,0.0
Daniel Metal Masa Aynası 13x18 cm Pudra,3999.99,Dekorasyon,2026-05-24,05,
Danny Kum Saati Siyah,559.99,Dekorasyon,2026-05-24,05,0.0
Danny Porselen Dekoratif Aydınlatma Beyaz,1759.99,Dekorasyon,2026-05-24,05,0.0
Daria Alüminyum Dekoratif Siyah,719.99,Dekorasyon,2026-05-24,05,0.0
Darwin Biblo Siyah - Beyaz,1499.99,Dekorasyon,2026-05-24,05,0.0
Deer Biblo Gold,1749.99,Dekorasyon,2026-05-24,05,0.0
Delhi Kırlent Kılıfı 43x43 cm Hardal,1999.99,Dekorasyon,2026-05-24,05,0.0
Delhi Kırlent Kılıfı 43x43 cm Yeşil,2499.99,Dekorasyon,2026-05-24,05,0.0
Deluxe Aynalı Tepsi Gold,3999.99,Dekorasyon,2026-05-24,05,0.0
Deluxe Cam Dekoratif Kutu Gold,4499.99,Dekorasyon,2026-05-24,05,0.0
Deluxe Dekoratif Kase 28x28x14 cm Silver,7999.99,Dekorasyon,2026-05-24,05,0.0
Deluxe Dekoratif Kase Gold,7999.99,Dekorasyon,2026-05-24,05,0.0
Deluxe Jakarlı Dekoratif Kırlent 35x55 cm Ekru,559.99,Dekorasyon,2026-05-24,05,0.0
Deluxe Jakarlı Dekoratif Kırlent 35x55 cm Krem,639.99,Dekorasyon,2026-05-24,05,0.0
Deluxe Roses Tek Dal Yapay Çiçek Beyaz,1399.99,Dekorasyon,2026-05-24,05,0.0
Denver Kağıt İp Abajur 25x20 cm Natural-Siyah,1439.99,Dekorasyon,2026-05-24,05,0.0
Denver Kağıt İp Dekoratif Tepsi Natural-Siyah,719.99,Dekorasyon,2026-05-24,05,0.0
Dessa Hasır Sepet Naturel,599.99,Dekorasyon,2026-05-24,05,0.0
"Dessa Mumluk 6,5 cm Beyaz",3499.99,Dekorasyon,2026-05-24,05,0.0
"Destin Dekoratif Obje 13,5 cm Gold",350.0,Dekorasyon,2026-05-24,05,0.0
Diaz Kapı Süsü 18 cm Yeşil,1399.99,Dekorasyon,2026-05-24,05,0.0
Dice Dekoratif Kırlent 20x20 cm Siyah,439.99,Dekorasyon,2026-05-24,05,0.0
Dice Dekoratif Obje 6x6x6 cm Kahve,539.99,Dekorasyon,2026-05-24,05,0.0
"Dice Oyun 9x6,5x4 cm Kahve",449.99,Dekorasyon,2026-05-24,05,0.0
Dice Pelüş Dekoratif Kırlent 20x20 cm Beyaz,559.99,Dekorasyon,2026-05-24,05,0.0
Dice Pelüş Dolgulu Kırlent 20x20 cm Açık Kahverengi,3499.99,Dekorasyon,2026-05-24,05,0.0
"Doris Dekoratif Tepsi 33x3,5x19,5 cm Naturel",719.99,Dekorasyon,2026-05-24,05,0.0
Dorothy Metal Çerçeve Silver,287.99,Dekorasyon,2026-05-24,05,0.0
Dorothy Çerçeve Gold,359.99,Dekorasyon,2026-05-24,05,0.0
Dream Dolgulu Kırlent 33x50 cm Multicolor,699.99,Dekorasyon,2026-05-24,05,0.0
Edela Metal Çerçeve Siyah,1999.99,Dekorasyon,2026-05-24,05,0.0
Elaria Dolgulu Kırlent 35x50 cm Multicolor,799.99,Dekorasyon,2026-05-24,05,0.0
Elegance Chic Koltuk Şalı 130x170 cm Gri,5999.99,Dekorasyon,2026-05-24,05,0.0
"Elephant Alüminyum Biblo 13,5 cm Gold",3999.99,Dekorasyon,2026-05-24,05,0.0
Elephant Alüminyum Biblo 18 cm Siyah,4999.99,Dekorasyon,2026-05-24,05,0.0
Elephant Biblo Kahverengi,439.99,Dekorasyon,2026-05-24,05,0.0
Elephant Biblo Krem,4999.99,Dekorasyon,2026-05-24,05,0.0
Elisa Cam Kum Saati Mavi,1999.99,Dekorasyon,2026-05-24,05,0.0
Elsie Çerçeve Gold,359.99,Dekorasyon,2026-05-24,05,0.0
Elsie Çerçeve Silver,2499.99,Dekorasyon,2026-05-24,05,0.0
Elsie Çerçeve Siyah,1749.99,Dekorasyon,2026-05-24,05,0.0
Embrance Triko Kırlent Kılıfı Antrasit,1749.99,Dekorasyon,2026-05-24,05,0.0
Embrance Triko Kırlent Kılıfı Gri,1749.99,Dekorasyon,2026-05-24,05,0.0
Esta Çerçeve Silver,244.99,Dekorasyon,2026-05-24,05,0.0
Eterna Organizer 6’lı set Bej,6499.99,Dekorasyon,2026-05-24,05,0.0
Eucalyptus Spray Tek Dal Yapay Çiçek Turuncu,2249.99,Dekorasyon,2026-05-24,05,0.0
Eva Buhurdanlık Kahve,439.99,Dekorasyon,2026-05-24,05,0.0
Everfest Varak Baskılı Kırlent Kılıfı 45x45 cm Ekru,3249.99,Dekorasyon,2026-05-24,05,0.0
Exotic Terra Kokulu Mum 120 gr Şeffaf,1999.99,Dekorasyon,2026-05-24,05,0.0
Fancy Cam 30 Dk Kum Saati Gold,1999.99,Dekorasyon,2026-05-24,05,0.0
Fancy Dekoratif Kırlent 35x55 cm Pembe - Yeşil,439.99,Dekorasyon,2026-05-24,05,0.0
Fancy Katlanabilir Sepet Bej,1749.99,Dekorasyon,2026-05-24,05,0.0
Fancy  Square Koltuk Şalı 120x160 cm Bej,479.99,Dekorasyon,2026-05-24,05,0.0
Fancy  Square Koltuk Şalı 120x160 cm Bordo,419.99,Dekorasyon,2026-05-24,05,0.0
Felicita Çerçeve Gold,314.99,Dekorasyon,2026-05-24,05,0.0
Felicita Çerçeve Silver,1749.99,Dekorasyon,2026-05-24,05,0.0
Festa Dekoratif Kırlent 33x50 cm Ekru,959.99,Dekorasyon,2026-05-24,05,0.0
Fig Branch Tek Dal Yapay Çiçek 33 cm Mor,2499.99,Dekorasyon,2026-05-24,05,0.0
Fig branch Tek Dal Yapay Çiçek 82 cm Bordo,384.99,Dekorasyon,2026-05-24,05,0.0
Fig branch Tek Dal Yapay Çiçek 82 cm Pembe,439.99,Dekorasyon,2026-05-24,05,0.0
Fiora Kırlent Kılıfı 45x45 cm Bordo,359.99,Dekorasyon,2026-05-24,05,0.0
Fiyonklu Dekoratif Kırlent Bordo,559.99,Dekorasyon,2026-05-24,05,0.0
Flair Masa Saati Siyah,599.99,Dekorasyon,2026-05-24,05,0.0
Flena Metal Dekoratif Kase Gold,3999.99,Dekorasyon,2026-05-24,05,0.0
"Flore Kağıt İp Sepet 1,5 cm Turuncu",4999.99,Dekorasyon,2026-05-24,05,0.0
Floret Buhurdanlık Beyaz,2499.99,Dekorasyon,2026-05-24,05,0.0
"Flower Branch Duvar Aksesuarı 13,5x3x35 cm Turuncu",6499.99,Dekorasyon,2026-05-24,05,0.0
"Flower Duvar Aksesuarı 17,5x5,5x34,5 cm Bej",1169.99,Dekorasyon,2026-05-24,05,0.0
Flower Joy Koltuk Şalı 120x160 cm Hardal,2999.99,Dekorasyon,2026-05-24,05,0.0
Flower Joy Koltuk Şalı 120x160 cm Kahve,449.99,Dekorasyon,2026-05-24,05,0.0
Flower Kırlent Kılıfı 45x45 cm Multicolor,319.99,Dekorasyon,2026-05-24,05,0.0
Flowery Dekoratif Tepsi 30x42 cm Krem,3999.99,Dekorasyon,2026-05-24,05,0.0
"Flowery Duvar Aksesuarı 13,5x3,5x34,5 cm Turuncu",779.99,Dekorasyon,2026-05-24,05,0.0
Flowery Hurç Beyaz,159.99,Dekorasyon,2026-05-24,05,0.0
Fluffy Kırlent Kılıfı 45x45 cm Gri,2499.99,Dekorasyon,2026-05-24,05,0.0
Fluffy Pelüş Kırlent Kılıfı 45x45 cm Açık Kahverengi,2499.99,Dekorasyon,2026-05-24,05,0.0
Fluffy Pelüş Kırlent Kılıfı 45x45 cm Vişne,449.99,Dekorasyon,2026-05-24,05,0.0
Fluffy Pelüş Sıcak Su Torbası Pudra,2499.99,Dekorasyon,2026-05-24,05,0.0
Freda Seramik Buhurdanlık Yeşil,447.99,Dekorasyon,2026-05-24,05,0.0
Fringe Jakarlı Dekoratif Kırlent 35x50 cm Ekru-Siyah,2499.99,Dekorasyon,2026-05-24,05,0.0
Fruit Branch Tek Dal Yapay Çiçek 63 cm Mor,1399.99,Dekorasyon,2026-05-24,05,
Fruit Branch Tek Dal Yapay Çiçek 63 cm Pembe,1199.99,Dekorasyon,2026-05-24,05,0.0
Fruit Spray Tek Dal Yapay Çiçek 73 cm Beyaz,1999.99,Dekorasyon,2026-05-24,05,0.0
Fruit Spray Tek Dal Yapay Çiçek 73 cm Kahve,1499.99,Dekorasyon,2026-05-24,05,0.0
Fruit Spray Tek Dal Yapay Çiçek 73 cm Kırmızı,1499.99,Dekorasyon,2026-05-24,05,0.0
Fruit Spray Tek Dal Yapay Çiçek 73 cm Turuncu,1999.99,Dekorasyon,2026-05-24,05,0.0
Fun Koltuk Şalı 130x170 cm Siyah - Beyaz,959.99,Dekorasyon,2026-05-24,05,0.0
Fırfırlı Sandalye Minderi 40x40 cm Bej,2499.99,Dekorasyon,2026-05-24,05,0.0
Fırfırlı Sandalye Minderi 40x40 cm Hardal,2499.99,Dekorasyon,2026-05-24,05,0.0
Fırfırlı Sandalye Minderi 40x40 cm Kiremit,2499.99,Dekorasyon,2026-05-24,05,0.0
Gabby Çerçeve 13x18 cm Kahve,2249.99,Dekorasyon,2026-05-24,05,0.0
Gage Dijital Kırlent Kılıfı Mürdüm,2249.99,Dekorasyon,2026-05-24,05,0.0
Gale Dijital Kırlent Kılıfı Pudra,2249.99,Dekorasyon,2026-05-24,05,0.0
Galio Dijital Kırlent Kılıfı Su Yeşili,2249.99,Dekorasyon,2026-05-24,05,0.0
Galya Alüminyum Dekoratif Tepsi Gold,7499.99,Dekorasyon,2026-05-24,05,0.0
Geometric Kırlent 45x45 cm Kahverengi,1999.99,Dekorasyon,2026-05-24,05,0.0
Gia Koltuk Şalı 140x170 cm Multicolor,1079.99,Dekorasyon,2026-05-24,05,0.0
Gina Bambu Saklama Kutusu Açık Kahverengi,3499.99,Dekorasyon,2026-05-24,05,0.0
Gina Bambu Saklama Kutusu Kahve,3499.99,Dekorasyon,2026-05-24,05,0.0
Gina Bambu Sepet Açık Kahverengi,239.99,Dekorasyon,2026-05-24,05,0.0
Gina Bambu Sepet Koyu Kahverengi,1299.99,Dekorasyon,2026-05-24,05,0.0
Gina Jakarlı Dekoratif Kırlent Mürdüm,2499.99,Dekorasyon,2026-05-24,05,0.0
Glam Mum 3 cm Kırmızı,1274.9,Dekorasyon,2026-05-24,05,0.0
Glamour Aynalı Tepsi Silver,4999.99,Dekorasyon,2026-05-24,05,0.0
Glamour Metal Dekoratif Obje Gold,5999.99,Dekorasyon,2026-05-24,05,0.0
Glare Alüminyum Dekoratif Tepsi Gold,5999.99,Dekorasyon,2026-05-24,05,0.0
Glitter Çerçeveli Yılbaşı Ağaç Süsü Gold,999.99,Dekorasyon,2026-05-24,05,0.0
Glitz Dekoratif Kutu Bronz,3299.99,Dekorasyon,2026-05-24,05,0.0
Gloria Metal Çerçeve Silver,1999.99,Dekorasyon,2026-05-24,05,0.0
Glossy Cam Bölmeli Takı Kutusu Gold,3249.99,Dekorasyon,2026-05-24,05,0.0
Glossy Cam Dekoratif Kutu Gold,799.99,Dekorasyon,2026-05-24,05,0.0
Glossy Metal Vazo 15 cm Gold,2999.99,Dekorasyon,2026-05-24,05,0.0
Grace Koltuk Şalı 130x170 cm Multicolor,639.99,Dekorasyon,2026-05-24,05,0.0
Grass Bush Tek Dal Yapay Çiçek Beyaz,1549.99,Dekorasyon,2026-05-24,05,0.0
Grass Bush Tek Dal Yapay Çiçek Kahve,1499.99,Dekorasyon,2026-05-24,05,0.0
Grass Bush Tek Dal Yapay Çiçek Krem,1299.99,Dekorasyon,2026-05-24,05,0.0
Grass Bush Tek Dal Yapay Çiçek Mürdüm,1299.99,Dekorasyon,2026-05-24,05,0.0
Grass Bush Tek Dal Yapay Çiçek Pembe,1499.99,Dekorasyon,2026-05-24,05,0.0
Grass Bush Tek Dal Yapay Çiçek Siyah,1299.99,Dekorasyon,2026-05-24,05,0.0
Grass Bush Tek Dal Yapay Çiçek Şampanya,1199.99,Dekorasyon,2026-05-24,05,0.0
Grass Spray Tek Dal Yapay Çiçek Sarı,1999.99,Dekorasyon,2026-05-24,05,0.0
Grassy Tek Dal Yapay Çiçek Bej,1399.99,Dekorasyon,2026-05-24,05,0.0
Halley Tek Dal Yapay Çiçek 120 cm Yeşil,879.99,Dekorasyon,2026-05-24,05,0.0
Halona Tek Dal Yapay Çiçek 25 cm Kırmızı - Yeşil,1199.99,Dekorasyon,2026-05-24,05,0.0
Hana Mum 9 cm Kırmızı,1749.99,Dekorasyon,2026-05-24,05,0.0
Happy Bear Pelüş Bebe Dekoratif Kırlent 35x26 cm Kahve,2499.99,Dekorasyon,2026-05-24,05,0.0
Hardwood Bambu Saklama Kutusu Kahve,2999.99,Dekorasyon,2026-05-24,05,0.0
Harmon Çerçeve Açık Kahverengi,1499.99,Dekorasyon,2026-05-24,05,0.0
Harmony Dolgulu Kırlent 35x50 cm Bej,4999.99,Dekorasyon,2026-05-24,05,0.0
Hayden Metal Masa Saati 9 cm Krem,899.99,Dekorasyon,2026-05-24,05,0.0
Helena Cam Vazo Lacivert,2999.99,Dekorasyon,2026-05-24,05,0.0
Hera Dekoratif Tepsi 16x26 cm Kırmızı,239.99,Dekorasyon,2026-05-24,05,0.0
Hera Dolomite Vazo Lila,584.99,Dekorasyon,2026-05-24,05,0.0
Hera Çerçeve 13x18 cm Pembe,2499.99,Dekorasyon,2026-05-24,05,0.0
"Hilary Metal Dekoratif Tepsi 5,5 cm Gold",4999.99,Dekorasyon,2026-05-24,05,0.0
Hipopotam Pelüş Sıcak Su Torbası Gri,2249.99,Dekorasyon,2026-05-24,05,0.0
"Hira Metal Dekoratif Tepsi 5,5 cm Gold",5999.99,Dekorasyon,2026-05-24,05,0.0
Hokipa Dekoratif Kırlent 44x39 cm Yeşil,5499.99,Dekorasyon,2026-05-24,05,0.0
Hollya Kırlent Kılıfı 45x45 cm Kırmızı,1999.99,Dekorasyon,2026-05-24,05,0.0
Honewort Kumaş Tek Dal Yapay Çiçek Beyaz - Yeşil,1249.99,Dekorasyon,2026-05-24,05,0.0
Honewort Kumaş Tek Dal Yapay Çiçek Yeşil,1499.99,Dekorasyon,2026-05-24,05,0.0
Hortensia Tek Dal Yapay Çiçek Açık Mor,1199.99,Dekorasyon,2026-05-24,05,0.0
Hortensia Tek Dal Yapay Çiçek Mavi,1199.99,Dekorasyon,2026-05-24,05,0.0
Hortensia Tek Dal Yapay Çiçek Yeşil,1199.99,Dekorasyon,2026-05-24,05,0.0
Hortensia Tek Dal Yapay Çiçek Şampanya,1199.99,Dekorasyon,2026-05-24,05,0.0
Houndstooth Koltuk Şalı 130x170 cm Turuncu,5999.99,Dekorasyon,2026-05-24,05,0.0
Hypnosis Kırlent 45x45 cm Pembe,1999.99,Dekorasyon,2026-05-24,05,0.0
"Ida Metal Masa Aynası 8,5 cm Gold",8999.99,Dekorasyon,2026-05-24,05,0.0
Ivory Koltuk Şalı 140x170 cm Ekru,6999.99,Dekorasyon,2026-05-24,05,0.0
Jalen Metal Dekoratif Obje 39 cm Gold,1039.99,Dekorasyon,2026-05-24,05,0.0
Jamie Metal Dekoratif Obje Gold,639.99,Dekorasyon,2026-05-24,05,0.0
Jarden Metal Dekoratif Obje Gold,399.99,Dekorasyon,2026-05-24,05,0.0
Jardin Metal Dekoratif Obje 30 cm Gold,1039.99,Dekorasyon,2026-05-24,05,
Jean Vazo Multicolor,799.99,Dekorasyon,2026-05-24,05,0.0
Jenna Mdf Dekoratif Obje Kahve,479.99,Dekorasyon,2026-05-24,05,0.0
Jesse Tek Dal Yapay Çiçek 120 cm Yeşil,5499.99,Dekorasyon,2026-05-24,05,0.0
Jesy Cam Vazo Siyah,1949.99,Dekorasyon,2026-05-24,05,0.0
Jolie Dolomite Dekoratif 21x21x15 cm Kırmızı - Beyaz,959.99,Dekorasyon,2026-05-24,05,
Jolly Metal Çerçeve 10x15 cm Bordo,2249.99,Dekorasyon,2026-05-24,05,0.0
Jona Stoneware Dekoratif 10x10x6 cm Multicolor,2249.99,Dekorasyon,2026-05-24,05,0.0
Jorda Stoneware Vazo 20 cm Multicolor,719.99,Dekorasyon,2026-05-24,05,0.0
Journey Dolomite Dekoratif Obje 16 cm Mavi,559.99,Dekorasyon,2026-05-24,05,
Jude Dolomite Dekoratif 18x11 Cm Mavi,384.99,Dekorasyon,2026-05-24,05,0.0
Jude Metal Çerçeve 10x15 cm Pudra,2249.99,Dekorasyon,2026-05-24,05,0.0
Judie Dolomite Dekoratif 20x2 Cm Mavi,384.99,Dekorasyon,2026-05-24,05,0.0
Judie Çerçeve Gold,2249.99,Dekorasyon,2026-05-24,05,0.0
Judy Seramik Dekoratif 20x2 Cm Kırmızı,384.99,Dekorasyon,2026-05-24,05,
Julia Dolgulu Kırlent Lacivert,1499.99,Dekorasyon,2026-05-24,05,0.0
Julie Seramik Vazo 12x12x14 cm Kahve - Bej,719.99,Dekorasyon,2026-05-24,05,0.0
Juliet Seramik Vazo 15x15x21 cm Bej,1259.99,Dekorasyon,2026-05-24,05,0.0
Jullia Seramik Vazo 19x19x13 cm Bej,6499.99,Dekorasyon,2026-05-24,05,0.0
July Stoneware Dekoratif 10x10x10 cm Multicolor,359.99,Dekorasyon,2026-05-24,05,0.0
"Kado Biblo 10,5x10,5x9,5cm Kırmızı",1499.99,Dekorasyon,2026-05-24,05,0.0
"Kado Biblo 10,5x10,5x9,5cm Turuncu",1499.99,Dekorasyon,2026-05-24,05,0.0
Kalida Dekoratif Obje 29 cm Kırmızı,4999.99,Dekorasyon,2026-05-24,05,0.0
Kalida Dekoratif Obje Gold,11999.99,Dekorasyon,2026-05-24,05,0.0
Kalida Metal Abajur 24 cm Bej,5999.99,Dekorasyon,2026-05-24,05,0.0
Kalida Metal Abajur 24 cm Bordo,3999.99,Dekorasyon,2026-05-24,05,0.0
Kalida Metal Abajur 24 cm Lacivert,3999.99,Dekorasyon,2026-05-24,05,0.0
Kalida Metal Abajur 24 cm Yeşil,5999.99,Dekorasyon,2026-05-24,05,0.0
Kalida Çerçeve 10x15 cm Pembe,1749.99,Dekorasyon,2026-05-24,05,0.0
Kalida Çerçeve 13x18 cm Yeşil,487.99,Dekorasyon,2026-05-24,05,0.0
Kalpli Pelüş Dekoratif Kırlent Bordo,539.99,Dekorasyon,2026-05-24,05,0.0
Kalpli Pelüş Dekoratif Kırlent Pudra,419.99,Dekorasyon,2026-05-24,05,0.0
Karen Metal Çerçeve 10x10 cm Gold,1999.99,Dekorasyon,2026-05-24,05,0.0
Karen Stoneware Çerçeve 10x10 cm Multicolor,2999.99,Dekorasyon,2026-05-24,05,0.0
Karin Stoneware Çerçeve 10x10 cm Multicolor,2999.99,Dekorasyon,2026-05-24,05,0.0
Karina Stoneware Çerçeve 10x10 cm Multicolor,2999.99,Dekorasyon,2026-05-24,05,0.0
Karine Stoneware Çerçeve 8x8 cm Multicolor,2999.99,Dekorasyon,2026-05-24,05,0.0
Karla Porselen Vazo 26 cm Bej,1119.99,Dekorasyon,2026-05-24,05,0.0
Karla Stoneware Çerçeve 8x8 cm Multicolor,479.99,Dekorasyon,2026-05-24,05,0.0
Karme Çerçeve Krem,1999.99,Dekorasyon,2026-05-24,05,0.0
Katie Dekoratif Kutu Kahve,854.99,Dekorasyon,2026-05-24,05,0.0
Katie Mdf Dekoratif Kutu 25x15 cm Kahverengi,5999.99,Dekorasyon,2026-05-24,05,0.0
Katie Mdf Dekoratif Tepsi Kahverengi,5999.99,Dekorasyon,2026-05-24,05,
Kavita Takı Kutusu Koyu Kahverengi,399.99,Dekorasyon,2026-05-24,05,0.0
"Kayla Seramik Vazo 15,5 cm Bej - Kırmızı",559.99,Dekorasyon,2026-05-24,05,0.0
Kayle Dekoratif Obje 13 cm Siyah,639.99,Dekorasyon,2026-05-24,05,0.0
Keira Vazo Siyah,1439.99,Dekorasyon,2026-05-24,05,0.0
"Kelsey Dekoratif Obje 14,5 cm Beyaz",7999.99,Dekorasyon,2026-05-24,05,0.0
Kelsey Porselen Vazo 24 cm Kahve,979.99,Dekorasyon,2026-05-24,05,0.0
Kerry Dekoratif Obje Gold,1439.99,Dekorasyon,2026-05-24,05,0.0
Kety Cam Dekoratif Obje 20 cm Multicolor,599.99,Dekorasyon,2026-05-24,05,0.0
Kety Vazo 12 cm Krem,1079.99,Dekorasyon,2026-05-24,05,0.0
Kiara Mdf Dekoratif Tepsi Kahve,959.99,Dekorasyon,2026-05-24,05,0.0
Kitten Cam Dekoratif Obje 22 cm Multicolor,799.99,Dekorasyon,2026-05-24,05,0.0
Kitty Dekoratif Aydınlatma 10 cm Kırmızı - Beyaz,350.0,Dekorasyon,2026-05-24,05,0.0
Knit Splay Örgü Puf Siyah,799.99,Dekorasyon,2026-05-24,05,0.0
Kokina Pinecone Tek Dal Yapay Çiçek Kırmızı,1199.99,Dekorasyon,2026-05-24,05,0.0
Kokina Tek Dal Yapay Çiçek Kırmızı,1749.99,Dekorasyon,2026-05-24,05,0.0
Koral Dekoratif Obje Gold,600.0,Dekorasyon,2026-05-24,05,0.0
Kozo Kırlent Kılıfı 45x45 cm Bordo,400.0,Dekorasyon,2026-05-24,05,0.0
Kozo Kırlent Kılıfı 45x45 cm Lacivert,1999.99,Dekorasyon,2026-05-24,05,0.0
Kozo Kırlent Kılıfı 45x45 cm Yeşil,1999.99,Dekorasyon,2026-05-24,05,0.0
Krina Dekoratif Kutu Krem,1199.99,Dekorasyon,2026-05-24,05,0.0
Lace Damask Hurç Beyaz,749.95,Dekorasyon,2026-05-24,05,0.0
Lace Örgü Sepet Ekru,629.99,Dekorasyon,2026-05-24,05,0.0
Laces Dekoratif Aydınlatma 12 cm Kırmızı - Beyaz,350.0,Dekorasyon,2026-05-24,05,0.0
Lacita Dekoratif Aydınlatma 15 cm Kırmızı - Beyaz,279.99,Dekorasyon,2026-05-24,05,0.0
Lara Seramik Dekoratif Aksesuar 21x21x9 cm Multicolor,1049.99,Dekorasyon,2026-05-24,05,0.0
Lara Çerçeve 10x15 cm Bej,1999.99,Dekorasyon,2026-05-24,05,0.0
Larissa Seramik Dekoratif Obje 26x26x12cm Multicolor,12499.99,Dekorasyon,2026-05-24,05,0.0
"Lattice Seramik Vazo 17x12x14,5 Multicolor",5499.99,Dekorasyon,2026-05-24,05,0.0
Laura Seramik Vazo Multicolor,9999.99,Dekorasyon,2026-05-24,05,0.0
Laure Ayna 13x18 cm Kahverengi,479.99,Dekorasyon,2026-05-24,05,0.0
Laurel Seramik Vazo Multicolor,1439.99,Dekorasyon,2026-05-24,05,0.0
Lauren Seramik Vazo Multicolor,2699.99,Dekorasyon,2026-05-24,05,0.0
Lavina Mdf Dekoratif Tepsi Kahverengi,9999.99,Dekorasyon,2026-05-24,05,0.0
"Lavina Vazo 21,5 cm Krem",979.99,Dekorasyon,2026-05-24,05,0.0
Lavinia Mdf Dekoratif Kutu Kahve,639.99,Dekorasyon,2026-05-24,05,0.0
Layla Mdf Dekoratif Tepsi 30x8 cm Kahve,6499.99,Dekorasyon,2026-05-24,05,
Layna Mdf Dekoratif Kutu Kahverengi,6499.99,Dekorasyon,2026-05-24,05,0.0
Layna Mdf Dekoratif Tepsi 46 cm Gold,799.99,Dekorasyon,2026-05-24,05,0.0
Lea Dolgulu Kırlent 35x55 cm Ekru,479.99,Dekorasyon,2026-05-24,05,0.0
Leaf Metal Yılbaşı Ağaç Süsü 9x4 cm Gold,999.95,Dekorasyon,2026-05-24,05,0.0
Leafy Stoneware Vazo Gri - Yeşil,1599.99,Dekorasyon,2026-05-24,05,0.0
Leina Stoneware Dekoratif Mavi-Beyaz,639.99,Dekorasyon,2026-05-24,05,0.0
Leina Stoneware Vazo 19 cm Mavi-Beyaz,559.99,Dekorasyon,2026-05-24,05,0.0
Lema Dekoratif Tepsi Kahverengi,629.99,Dekorasyon,2026-05-24,05,0.0
Lena Mdf Dekoratif Tepsi 40 cm Kahverengi,5999.99,Dekorasyon,2026-05-24,05,0.0
Lenore Kağıt İp Abajur Natural,7999.99,Dekorasyon,2026-05-24,05,0.0
Leopura Dekoratif Kırlent 45x45 cm Açık Kahverengi,500.0,Dekorasyon,2026-05-24,05,0.0
Leopura Dekoratif Kırlent 45x45 cm Bej,959.99,Dekorasyon,2026-05-24,05,0.0
Leopura Dekoratif Kırlent 45x45 cm Kahve,599.99,Dekorasyon,2026-05-24,05,0.0
Lerca Triko Kırlent Kılıfı 40x40 cm Antrasit,159.99,Dekorasyon,2026-05-24,05,0.0
Lerna Baskılı Kırlent Kılıfı Pudra,135.98,Dekorasyon,2026-05-24,05,0.0
Levina Mdf Çerçeve Kahve – Gold,279.99,Dekorasyon,2026-05-24,05,0.0
Liana Mdf Çerçeve 10x15 cm Mavi,2249.99,Dekorasyon,2026-05-24,05,-10.000040000160002
Light 3lü Cam Kandil Fitili,699.95,Dekorasyon,2026-05-24,05,0.0
Lilie Şamdan Krem,629.99,Dekorasyon,2026-05-24,05,0.0
Lilly Mdf Çerçeve 15x15 cm Bej,1999.99,Dekorasyon,2026-05-24,05,0.0
Lilly Mdf Çerçeve 15x15 cm Lila,1999.99,Dekorasyon,2026-05-24,05,0.0
Lily Tek Dal Yapay Çiçek 70 cm Pembe,1999.99,Dekorasyon,2026-05-24,05,0.0
Lina Mdf Çerçeve 13x13 cm Bej,2499.99,Dekorasyon,2026-05-24,05,0.0
Lineta Dekoratif Kırlent 40x40 cm Açık Kahverengi,2999.99,Dekorasyon,2026-05-24,05,0.0
Lineta Dekoratif Kırlent 40x40 cm Kahve,489.99,Dekorasyon,2026-05-24,05,0.0
Liora Dolgulu Kırlent 35x50 cm Pembe,599.99,Dekorasyon,2026-05-24,05,0.0
Little Monkey Pelüş Sıcak Su Torbası Bej,479.99,Dekorasyon,2026-05-24,05,0.0
Little Penguin Pelüş Sıcak Su Torbası Ekru,2999.99,Dekorasyon,2026-05-24,05,0.0
Liza Metal Dekoratif Tepsi Silver,639.99,Dekorasyon,2026-05-24,05,0.0
Liza Vazo Sarı,9999.99,Dekorasyon,2026-05-24,05,0.0
Loop Dekoratif Obje 11x11 cm Kahve,2499.99,Dekorasyon,2026-05-24,05,0.0
Loren Cam Abajur 12x19 cm Bej,7499.99,Dekorasyon,2026-05-24,05,0.0
Loren Cam Abajur 12x19 cm Yeşil,7499.99,Dekorasyon,2026-05-24,05,0.0
"Loretta Dekoratif Tepsi 25x25x15,5 cm Bronz",8999.99,Dekorasyon,2026-05-24,05,0.0
Loretta Kırlent Kılıfı 45x45 cm Multicolor,2999.99,Dekorasyon,2026-05-24,05,0.0
Lorin Cam Abajur 11x18 cm Pembe,1199.99,Dekorasyon,2026-05-24,05,0.0
Lorin Cam Abajur 11x18 cm Turuncu,7499.99,Dekorasyon,2026-05-24,05,0.0
Lorin Cam Abajur 11x18 cm Yeşil,1199.99,Dekorasyon,2026-05-24,05,0.0
Lorinda Cam Abajur 22x25 cm Pembe,1199.99,Dekorasyon,2026-05-24,05,
Lorinda Cam Abajur 22x25 cm Sarı,7499.99,Dekorasyon,2026-05-24,05,
Lorinda Cam Abajur 22x25 cm Yeşil,7499.99,Dekorasyon,2026-05-24,05,0.0
Loya Çerçeve 13x18 cm Beyaz,2249.99,Dekorasyon,2026-05-24,05,0.0
Luly Dekoratif Kutu Kahve,1119.99,Dekorasyon,2026-05-24,05,0.0
Luna Dekoratif Tepsi 16x26 cm Mavi,1999.99,Dekorasyon,2026-05-24,05,0.0
Luna Kokulu Mum 170 g Beyaz,1399.99,Dekorasyon,2026-05-24,05,0.0
Luna Çerçeve 13x18 cm Gri,2499.99,Dekorasyon,2026-05-24,05,0.0
Lune Organizer 22x8x17 cm Yeşil,449.99,Dekorasyon,2026-05-24,05,0.0
Lunel Masa Saati 13 cm Siyah,674.99,Dekorasyon,2026-05-24,05,0.0
Lusia Çerçeve 13x18 cm Bej,2499.99,Dekorasyon,2026-05-24,05,0.0
Lusia Çerçeve 13x18 cm Lacivert,2499.99,Dekorasyon,2026-05-24,05,0.0
Lusia Çerçeve 13x18 cm Yeşil,2499.99,Dekorasyon,2026-05-24,05,0.0
Luwrap Triko Kırlent Kılıfı Antrasit,1499.99,Dekorasyon,2026-05-24,05,0.0
Luxury Cam Dekoratif Kutu Gold,539.99,Dekorasyon,2026-05-24,05,0.0
Luxury Cam Dekoratif Tepsi Gold,799.99,Dekorasyon,2026-05-24,05,0.0
Luxwrap Triko Koltuk Şalı Açık Taş,7499.99,Dekorasyon,2026-05-24,05,0.0
Luxwrap Triko Koltuk Şalı Kiremit,7499.99,Dekorasyon,2026-05-24,05,0.0
Lyra Yılbaşı Ağacı Süsü Yeşil-Kırmızı,1299.99,Dekorasyon,2026-05-24,05,0.0
Magie Koltuk Şalı 130x170 cm Yeşil – Kırmızı,419.99,Dekorasyon,2026-05-24,05,0.0
"Magnifier Dekoratif Obje 16,5x11,5x5 cm Kahve",8999.99,Dekorasyon,2026-05-24,05,0.0
Mantha Vazo Gri,2999.99,Dekorasyon,2026-05-24,05,0.0
Marbling Dolgulu Kırlent 45x45 cm Bej – Bordo,559.99,Dekorasyon,2026-05-24,05,0.0
Marca Dekoratif Aydınlatma 31 cm Gold,4999.99,Dekorasyon,2026-05-24,05,0.0
Marca Dekoratif Aydınlatma 31 cm Silver,899.99,Dekorasyon,2026-05-24,05,0.0
Marca Metal Dekoratif Aydınlatma 31 cm Kahverengi,7499.99,Dekorasyon,2026-05-24,05,0.0
Marina Örgü Sepet Mavi-Beyaz,559.99,Dekorasyon,2026-05-24,05,0.0
Marine Mia Dijital Baskı Kırlent Kılıfı 45x45 cm Mavi - Yeşil,239.99,Dekorasyon,2026-05-24,05,0.0
Maris Dekoratif Obje 26 cm Gold,2524.9,Dekorasyon,2026-05-24,05,0.0
Maris Vazo Yeşil,9999.99,Dekorasyon,2026-05-24,05,0.0
Marsha Seramik Vazo Bej,800.0,Dekorasyon,2026-05-24,05,0.0
Marsia Seramik Vazo 16 cm Bej,799.99,Dekorasyon,2026-05-24,05,0.0
Marsia Vazo Mavi,899.99,Dekorasyon,2026-05-24,05,0.0
Marsilya Aynalı Tepsi Gold,1039.99,Dekorasyon,2026-05-24,05,0.0
Marta Seramik Dekoratif Aksesuar15x15x4 cm Multicolor,559.99,Dekorasyon,2026-05-24,05,0.0
Marthe Vazo Krem,12999.99,Dekorasyon,2026-05-24,05,0.0
Maude Pelüş Sıcak Su Torbası 2L Kahverengi-Siyah,2999.99,Dekorasyon,2026-05-24,05,0.0
Mensa Aynalı Tepsi Gold,959.99,Dekorasyon,2026-05-24,05,0.0
Mensa Çerçeve 13x18 cm Gold,479.99,Dekorasyon,2026-05-24,05,0.0
Mensa Çerçeve 13x18 cm Silver,2499.99,Dekorasyon,2026-05-24,05,0.0
Merma Nakışlı Kırlent Kılıfı Lacivert,1249.99,Dekorasyon,2026-05-24,05,0.0
"Mica Askılı Aksesuar 23x8x14,5 cm Siyah",1499.99,Dekorasyon,2026-05-24,05,0.0
Midnight Koltuk Şalı 170x210 cm Siyah,419.99,Dekorasyon,2026-05-24,05,0.0
Mira Polyresin Ayna Kahve,639.99,Dekorasyon,2026-05-24,05,0.0
Mirena Kırlent Kılıfı 45x45 cm Siyah - Beyaz,3999.99,Dekorasyon,2026-05-24,05,0.0
Mirrory Dekoratif Tabak Gold,7499.99,Dekorasyon,2026-05-24,05,0.0
Mirrory Dekoratif Tabak Silver,10999.99,Dekorasyon,2026-05-24,05,0.0
Mocha Dekoratif Kırlent 45x45 cm Acı Kahve,4999.99,Dekorasyon,2026-05-24,05,0.0
Mocha Dekoratif Kırlent Kılıfı 45x45 cm Kahve,600.0,Dekorasyon,2026-05-24,05,0.0
Modern Elephant Seramik Dekoratif Obje Kahverengi,799.99,Dekorasyon,2026-05-24,05,0.0
Modern Square Kağıt İp Sepet Kahve,3749.99,Dekorasyon,2026-05-24,05,0.0
Modern Square Kağıt İp Sepet Turuncu,3499.99,Dekorasyon,2026-05-24,05,0.0
Mona Mdf Çerçeve 10x15 cm Kahverengi,359.99,Dekorasyon,2026-05-24,05,0.0
Mona Polyresin Çerçeve Beyaz-Gold,2749.99,Dekorasyon,2026-05-24,05,0.0
"Moneta Masa Saati 14,5 cm Turuncu",639.99,Dekorasyon,2026-05-24,05,0.0
Monica Mdf Çerçeve Kahverengi,299.99,Dekorasyon,2026-05-24,05,0.0
Monstera Leaf Tek Dal Yapay Çiçek 110 cm Yeşil-mor,1299.99,Dekorasyon,2026-05-24,05,0.0
Monty Mdf Çerçeve 13x18 cm Kiremit,2499.99,Dekorasyon,2026-05-24,05,0.0
Moonbear Bebe Pelüş Dekoratif Kırlent 33x26 cm Koyu Kahverengi,1799.99,Dekorasyon,2026-05-24,05,0.0
Morava Dolgulu Kırlent 35x50 cm Siyah - Beyaz,699.99,Dekorasyon,2026-05-24,05,0.0
Morino Polyresin Çerçeve 10x15 cm Kahverengi,419.99,Dekorasyon,2026-05-24,05,0.0
Morisa Polyresin Çerçeve 12x12 cm Kahverengi,539.99,Dekorasyon,2026-05-24,05,0.0
"Morris Masa Saati 15,5 cm Gold",3999.99,Dekorasyon,2026-05-24,05,0.0
Morro Dekoratif Kutu Açık Kahverengi,519.99,Dekorasyon,2026-05-24,05,0.0
Morro Dekoratif Kutu Kahverengi,639.99,Dekorasyon,2026-05-24,05,0.0
Mozaik Dekoratif Kırlent Ekru-Bordo,1999.99,Dekorasyon,2026-05-24,05,0.0
Muse Dekoratif Kırlent 35x55 cm Kahve,719.99,Dekorasyon,2026-05-24,05,0.0
Muse Dekoratif Kırlent 35x55 cm Krem,559.99,Dekorasyon,2026-05-24,05,0.0
Mushroom Bebe Pelüş Dekoratif Kırlent 31x27 cm Acı Kahve,404.99,Dekorasyon,2026-05-24,05,0.0
Mushroom Bebe Pelüş Dekoratif Kırlent 31x27 cm Vizon,1999.99,Dekorasyon,2026-05-24,05,0.0
Mushroom Borosilikat Vazo Şeffaf,1999.99,Dekorasyon,2026-05-24,05,0.0
"Nancy Masa Saati 9,5 cm Beyaz",1999.99,Dekorasyon,2026-05-24,05,0.0
"Nancy Masa Saati 9,5 cm Siyah",419.98,Dekorasyon,2026-05-24,05,0.0
Nara Koltuk Şalı 130x170 cm Multicolor,639.99,Dekorasyon,2026-05-24,05,0.0
Natural Cam 15 Dk Kum Saati Kahve,2249.99,Dekorasyon,2026-05-24,05,0.0
"Nelson Masa Saati 18,5 cm Bej",799.99,Dekorasyon,2026-05-24,05,0.0
Neroli Orchid Kokulu Mum 270 G Şeffaf,1499.99,Dekorasyon,2026-05-24,05,0.0
Noah Metal Çerçeve 10x10 cm Silver,1999.99,Dekorasyon,2026-05-24,05,0.0
Noelia Kırlent Kılıfı 45x45 cm Kırmızı,1999.99,Dekorasyon,2026-05-24,05,0.0
Norah Metal Çerçeve 13x18 cm Gold,2749.99,Dekorasyon,2026-05-24,05,0.0
Nostalgia Dolgulu Kırlent 35x50 cm Bej,629.99,Dekorasyon,2026-05-24,05,0.0
Nova Metal Çerçeve 10x15 cm Siyah,250.0,Dekorasyon,2026-05-24,05,
"Novia Seramik Buhurdanlik 8x8x12,1 cm Krem",2499.99,Dekorasyon,2026-05-24,05,0.0
Nyla Çerçeve Siyah,323.99,Dekorasyon,2026-05-24,05,0.0
Ocean Kırlent Kılıfı 45x45 cm Lacivert,479.99,Dekorasyon,2026-05-24,05,
Olea Polyresin Çerçeve 13x18 cm Kahve,559.99,Dekorasyon,2026-05-24,05,0.0
Olea Çerçeve Kahverengi,2099.99,Dekorasyon,2026-05-24,05,0.0
Olean Polyresin Çerçeve 13x18 cm Gold,3249.99,Dekorasyon,2026-05-24,05,0.0
Olinda Çerçeve  Bordo,559.99,Dekorasyon,2026-05-24,05,0.0
Oliva Polyresin Dekoratif Obje Krem,2749.99,Dekorasyon,2026-05-24,05,
Olive Koltuk Şalı 130x170 cm Multicolor,639.99,Dekorasyon,2026-05-24,05,0.0
Osana Metal Çerçeve 15x15 cm Gold,384.99,Dekorasyon,2026-05-24,05,0.0
Paisly Kağıt İp Abajur 22x22x40 cm Natural-Siyah,1119.99,Dekorasyon,2026-05-24,05,0.0
Pamira Set Yılbaşı Ağacı Süsü Gold,4499.99,Dekorasyon,2026-05-24,05,0.0
"Pan Askılı Aksesuar 20x9,5x5 cm Kırmızı",3499.99,Dekorasyon,2026-05-24,05,0.0
Pearl Mum 5 cm Silver,1274.9,Dekorasyon,2026-05-24,05,0.0
Peggy Pelüş Kırlent Kılıfı 45x45 cm Gri,1749.99,Dekorasyon,2026-05-24,05,0.0
Peggy Pelüş Kırlent Kılıfı 45x45 cm Hardal,319.99,Dekorasyon,2026-05-24,05,0.0
Peggy Pelüş Kırlent Kılıfı 45x45 cm Kahve,349.99,Dekorasyon,2026-05-24,05,0.0
Peggy Pelüş Kırlent Kılıfı 45x45 cm Lila,319.99,Dekorasyon,2026-05-24,05,0.0
Peony Tek Dal Yapay Çiçek Beyaz,1999.99,Dekorasyon,2026-05-24,05,0.0
Peony Tek Dal Yapay Çiçek Şampanya,1999.99,Dekorasyon,2026-05-24,05,0.0
Pera Ahşap Masa Saati Naturel,8999.99,Dekorasyon,2026-05-24,05,
Perrine Dekoratif Tepsi Krem,6499.99,Dekorasyon,2026-05-24,05,-13.333351111134814
Pine Tek Dal Yapay Çiçek Koyu Yeşil,1199.99,Dekorasyon,2026-05-24,05,0.0
Pine Tree Mum Yeşil,3999.99,Dekorasyon,2026-05-24,05,0.0
Pine Tree Yapay Ağaç Yeşil,1119.99,Dekorasyon,2026-05-24,05,0.0
PineJoy Nakışlı Dekoratif Kırlent 33x50 cm Ekru,8999.99,Dekorasyon,2026-05-24,05,0.0
"Pino Biblo 15,3x12,6x10,6 cm Mavi",2499.99,Dekorasyon,2026-05-24,05,0.0
Plushtouch Triko Kırlent Kılıfı Antrasit,1749.99,Dekorasyon,2026-05-24,05,0.0
Poetic Lily Kokulu Mum 270 G Şeffaf,209.99,Dekorasyon,2026-05-24,05,0.0
"Polin Polyresin Duvar Aksesuarı 15x3x32,5 cm Yeşil-Gold",779.99,Dekorasyon,2026-05-24,05,0.0
"Polina Polyresin Duvar Aksesuarı 15x3x32,5 cm Yeşil-Gold",6499.99,Dekorasyon,2026-05-24,05,0.0
Polly Seramik Dekoratif Obje 16 cm Mavi-yeşil,559.99,Dekorasyon,2026-05-24,05,
"Polly Seramik Vazo 25,5 cm Multicolor",1079.99,Dekorasyon,2026-05-24,05,
Poloski Kırlent Kılıfı 45x45 cm Kırmızı - Yeşil,1249.99,Dekorasyon,2026-05-24,05,0.0
Polte Seramik Dekoratif Obje 6 cm Sarı-Yeşil,279.99,Dekorasyon,2026-05-24,05,0.0
Poly Dekoratif Kutu Gold,559.99,Dekorasyon,2026-05-24,05,0.0
Ponponlu Sandalye Minderi 40x40 cm Bej,2499.99,Dekorasyon,2026-05-24,05,0.0
Ponponlu Sandalye Minderi 40x40 cm Pudra,2499.99,Dekorasyon,2026-05-24,05,0.0
Prato Organizer 7li set Yeşil,5499.99,Dekorasyon,2026-05-24,05,0.0
Prisman Koltuk Şalı 130x170 cm Antrasit,4499.99,Dekorasyon,2026-05-24,05,0.0
Puff Ponponlu Tekli Sandalye Minderi 40x40 cm Açık Gri,1999.99,Dekorasyon,2026-05-24,05,0.0
Pumpkin Cam Dk Kum Saati Beyaz,359.99,Dekorasyon,2026-05-24,05,0.0
Pumpkin Cam Dk Kum Saati Siyah,479.99,Dekorasyon,2026-05-24,05,0.0
Pure Flowers Dekoratif Tepsi 30x42 cm Krem,419.99,Dekorasyon,2026-05-24,05,0.0
Pure Kokulu Mum 120 gr,1399.99,Dekorasyon,2026-05-24,05,0.0
Quadro Ahşap Masa Saati Naturel,979.99,Dekorasyon,2026-05-24,05,0.0
Queen Dekoratif Obje 25 cm Kahve,909.99,Dekorasyon,2026-05-24,05,0.0
Rachel Set Yılbaşı Ağacı Süsü Gold,1399.99,Dekorasyon,2026-05-24,05,0.0
Ragine Dekoratif Obje Krem,959.99,Dekorasyon,2026-05-24,05,0.0
Randa Yılbaşı Ağaç Süsü 16x16x8 cm Gold,1399.99,Dekorasyon,2026-05-24,05,0.0
Rash Çerçeve Kahve,279.99,Dekorasyon,2026-05-24,05,0.0
"Rasia Dekoratif Kutu 18x11,5x7 cm Gold",809.99,Dekorasyon,2026-05-24,05,0.0
Rasphberry Dekoratif Tepsi 16x26 cm Mavi,1999.99,Dekorasyon,2026-05-24,05,0.0
Ravena Kırlent Kılıfı 45x45 cm Bej,399.99,Dekorasyon,2026-05-24,05,0.0
Raya Seramik Vazo 19 cm Bej,7499.99,Dekorasyon,2026-05-24,05,
Rea Dekoratif Tepsi Kahve,719.99,Dekorasyon,2026-05-24,05,0.0
Recycled Bottle Cam Vazo Yeşil,279.99,Dekorasyon,2026-05-24,05,0.0
Recycled Demijohn Cam Vazo Yeşil,449.99,Dekorasyon,2026-05-24,05,0.0
Red Year Koltuk Şalı 130x170 cm Kırmızı,879.99,Dekorasyon,2026-05-24,05,0.0
Rhoda Çerçeve Siyah,1999.99,Dekorasyon,2026-05-24,05,0.0
Rhonda Seramik Dekoratif Obje Multicolor,699.99,Dekorasyon,2026-05-24,05,0.0
Ribbon Dolgulu Kırlent 45x45 cm Siyah - Beyaz,4999.99,Dekorasyon,2026-05-24,05,0.0
Ribbon Joy Koltuk Şalı 130x170 cm Kırmızı,10999.99,Dekorasyon,2026-05-24,05,0.0
Righe Kırlent Kılıfı 45x45 cm Kırmızı - Beyaz,1749.99,Dekorasyon,2026-05-24,05,0.0
Rina Yılbaşı Ağaç Süsü 17x21x4 cm Multicolor,1749.99,Dekorasyon,2026-05-24,05,0.0
Rita Kağıt İp Abajur Natural,1279.99,Dekorasyon,2026-05-24,05,0.0
Rope Kırlent Kılıfı 45x45 cm Lacivert,479.99,Dekorasyon,2026-05-24,05,0.0
Rosse Dekoratif Tepsi Kahve,1599.99,Dekorasyon,2026-05-24,05,0.0
Roya Kırlent Kılıfı 45x45 cm Kahve,1999.99,Dekorasyon,2026-05-24,05,0.0
Roya Kırlent Kılıfı 45x45 cm Kiremit,1999.99,Dekorasyon,2026-05-24,05,0.0
Ruby Bliss Kokulu Mum 120 gr Bordo,1399.99,Dekorasyon,2026-05-24,05,0.0
Ruby Organizer Beyaz,2499.99,Dekorasyon,2026-05-24,05,0.0
Ruby Organizer Siyah,479.99,Dekorasyon,2026-05-24,05,0.0
Rumi Koltuk Şalı 130x170 cm Kahve-Bej,3999.99,Dekorasyon,2026-05-24,05,0.0
Sage Çift Taraflı Kırlent Kılıfı 45x45 cm Yeşil,1749.99,Dekorasyon,2026-05-24,05,0.0
Sakura Tek Dal Yapay Çiçek Beyaz,479.99,Dekorasyon,2026-05-24,05,0.0
Santa Kar Küresi Beyaz,454.99,Dekorasyon,2026-05-24,05,0.0
"Sasha Seramik Vazo 25,5 cm Bej",1439.99,Dekorasyon,2026-05-24,05,0.0
Savannah Terra Kokulu Mum Şeffaf,1999.99,Dekorasyon,2026-05-24,05,0.0
Savin Spray Tek Dal Yapay Çiçek Yeşil,1399.99,Dekorasyon,2026-05-24,05,0.0
Sea Duvar Aksesuarı Kahve,4749.99,Dekorasyon,2026-05-24,05,0.0
Sea Holly Tek Dal Yapay Çiçek Beyaz,849.95,Dekorasyon,2026-05-24,05,0.0
Sea Holly Tek Dal Yapay Çiçek Yeşil,849.95,Dekorasyon,2026-05-24,05,0.0
Sea Marine Dijital Baskı Dekoratif Kırlent 35x55 cm Mavi - Yeşil,384.99,Dekorasyon,2026-05-24,05,0.0
Sea Marine Dolgulu Kırlent 35x50 cm Mavi-Bej,799.99,Dekorasyon,2026-05-24,05,
Sea Shells Dekoratif Tabak Gold,279.99,Dekorasyon,2026-05-24,05,0.0
Sea Tale Kırlent Kılıfı 45x45 cm Mavi-Bej,559.99,Dekorasyon,2026-05-24,05,0.0
Selina Bambu Saklama Kutusu Antrasit,629.99,Dekorasyon,2026-05-24,05,0.0
Serai Kırlent Kılıfı 45x45 cm Lacivert,1749.99,Dekorasyon,2026-05-24,05,0.0
Serena Vazo Multicolor,1079.99,Dekorasyon,2026-05-24,05,0.0
Shadow Myst Kokulu Mum 120 gr Antrasit,1399.99,Dekorasyon,2026-05-24,05,0.0
Shine Cam 30 dk Kum Saati 8x8x20 cm Beyaz,2999.99,Dekorasyon,2026-05-24,05,0.0
Shine Kapaklı Saklama Kutusu Bej,359.99,Dekorasyon,2026-05-24,05,0.0
Shine Kapaklı Saklama Kutusu Siyah,2249.99,Dekorasyon,2026-05-24,05,0.0
Shine Line Kırlent Kılıfı 42x42 cm Hardal,2499.99,Dekorasyon,2026-05-24,05,0.0
Shine Saklama Kutusu 34x22x17 Lacivert,404.99,Dekorasyon,2026-05-24,05,0.0
Shine Saklama Kutusu 34x22x17 Siyah - Beyaz,2249.99,Dekorasyon,2026-05-24,05,0.0
Shine Saklama Kutusu Gri,2749.99,Dekorasyon,2026-05-24,05,0.0
Shine Saklama Kutusu Koyu Bej,2249.99,Dekorasyon,2026-05-24,05,0.0
Shine Sepet Bej,899.99,Dekorasyon,2026-05-24,05,0.0
Shine Sepet Gri,899.99,Dekorasyon,2026-05-24,05,0.0
Shine Sepet Koyu Bej,899.99,Dekorasyon,2026-05-24,05,0.0
Shine Sepet Lacivert,899.99,Dekorasyon,2026-05-24,05,0.0
Shine Sepet Siyah,899.99,Dekorasyon,2026-05-24,05,0.0
Shine Sepet Siyah - Beyaz,161.99,Dekorasyon,2026-05-24,05,0.0
Shiny Bird Polyresin Biblo Gold,4499.99,Dekorasyon,2026-05-24,05,12.500031250078125
Siena Vazo Multicolor,5999.99,Dekorasyon,2026-05-24,05,0.0
Silda Mumluk Bronz,4999.99,Dekorasyon,2026-05-24,05,-44.44449382721537
Silikonlu Kırlent Yastık Beyaz,649.99,Dekorasyon,2026-05-24,05,0.0
Silva Metal Vazo 19.5 x 19.5 x 19 cm Silver,9999.99,Dekorasyon,2026-05-24,05,0.0
"Silva Metal Vazo 6 x 6 x 6,5 cm Gold",7999.99,Dekorasyon,2026-05-24,05,0.0
Simple White Koltuk Şalı 130x170 cm Ekru,959.99,Dekorasyon,2026-05-24,05,0.0
Sky Way Müzik Kutusu 13x13x18.5 cm Kırmızı,7499.99,Dekorasyon,2026-05-24,05,0.0
Skylin Kokulu Mum,439.99,Dekorasyon,2026-05-24,05,0.0
Skylin Kokulu Mum 190 gr,279.99,Dekorasyon,2026-05-24,05,0.0
Soft Kokulu Mum 120 gr,1399.99,Dekorasyon,2026-05-24,05,0.0
Soft Touch Rabbit Pelüş Kırlent Kılıfı Antrasit,319.99,Dekorasyon,2026-05-24,05,0.0
Soft Touch Rabbit Pelüş Kırlent Kılıfı Bej,539.99,Dekorasyon,2026-05-24,05,0.0
Soft Touch Rabbit Pelüş Kırlent Kılıfı Beyaz,419.99,Dekorasyon,2026-05-24,05,0.0
Soft Touch Rabbit Pelüş Kırlent Kılıfı Pudra,479.99,Dekorasyon,2026-05-24,05,0.0
Softy Pelüş Sıcak Su Torbası Gri,479.99,Dekorasyon,2026-05-24,05,0.0
Solene Cam Dekoratif Tepsi 30x42 cm Siyah - Beyaz,559.99,Dekorasyon,2026-05-24,05,0.0
Solvi Koltuk Şalı 170x210 cm Multicolor,479.99,Dekorasyon,2026-05-24,05,0.0
Spiral Kırlent 45x45 cm Mor,1999.99,Dekorasyon,2026-05-24,05,0.0
Spotty Pelüş Sıcak Su Torbası Krem Siyah,479.99,Dekorasyon,2026-05-24,05,0.0
Stacia Vazo Yeşil,1039.99,Dekorasyon,2026-05-24,05,0.0
Star Flower Tek Dal Yapay Çiçek 71 cm Beyaz,1499.99,Dekorasyon,2026-05-24,05,0.0
Star Flower Tek Dal Yapay Çiçek 71 cm Mor,1499.99,Dekorasyon,2026-05-24,05,0.0
Star Flower Tek Dal Yapay Çiçek 71 cm Pembe,1499.99,Dekorasyon,2026-05-24,05,0.0
Star Mum Gold,1274.9,Dekorasyon,2026-05-24,05,0.0
Stars Şamdan Mavi,479.99,Dekorasyon,2026-05-24,05,0.0
Stelle Kırlent Kılıfı 45x45 cm Yeşil,1999.99,Dekorasyon,2026-05-24,05,0.0
Steve Organizer Lacivert,2499.99,Dekorasyon,2026-05-24,05,0.0
Steve Organizer Siyah,2499.99,Dekorasyon,2026-05-24,05,0.0
Stone Set Yılbaşı Ağacı Süsü Multicolor,2999.99,Dekorasyon,2026-05-24,05,0.0
Strıpy Bambu Çerçeve Naturel,4499.99,Dekorasyon,2026-05-24,05,0.0
Summer Fruit Vazo Pembe,3499.99,Dekorasyon,2026-05-24,05,0.0
Summer Fruit Vazo Yeşil,839.99,Dekorasyon,2026-05-24,05,0.0
Summer Lemon Kırlent Kılıfı 45x45 cm Natural,494.99,Dekorasyon,2026-05-24,05,0.0
Summer Vazo Multicolor,799.99,Dekorasyon,2026-05-24,05,0.0
Sunline Stoneware Vazo 21 cm Sarı,639.99,Dekorasyon,2026-05-24,05,0.0
Sunrise Dolgulu Kırlent 45x45 cm Turuncu,599.99,Dekorasyon,2026-05-24,05,0.0
SwarmBees Kadife Nakışlı Kırlent Kılıfı 45x45 cm Yeşil,7999.99,Dekorasyon,2026-05-24,05,0.0
Sweet Panda Pelüş Bebe Dekoratif Kırlent 40x26 cm Beyaz,329.99,Dekorasyon,2026-05-24,05,0.0
Sweet Rabbit Bebe Pelüş Dekoratif Kırlent 35x27 cm Beyaz,479.99,Dekorasyon,2026-05-24,05,0.0
Sweet Rabbit Bebe Pelüş Dekoratif Kırlent 35x27 cm Pembe,479.99,Dekorasyon,2026-05-24,05,0.0
Sydney Çerçeve Yeşil,2999.99,Dekorasyon,2026-05-24,05,0.0
Sylvia Organizer Siyah,1999.99,Dekorasyon,2026-05-24,05,0.0
Talia Dekoratif Tepsi Kahve,1199.99,Dekorasyon,2026-05-24,05,0.0
Talia Mdf Dekoratif Kutu Antrasit,479.99,Dekorasyon,2026-05-24,05,0.0
Talissa Set Yılbaşı Ağacı Süsü Multicolor,1399.99,Dekorasyon,2026-05-24,05,0.0
Talisya Çerçeve 10x10 cm Multicolor,2999.99,Dekorasyon,2026-05-24,05,0.0
Tansy Kar Küresi 6x6x9 cm Kırmızı,2749.99,Dekorasyon,2026-05-24,05,0.0
Taylor Çerçeve Krem,2249.99,Dekorasyon,2026-05-24,05,0.0
Terazzo Müzik Kutusu 11x11x14 cm Kırmızı,4499.99,Dekorasyon,2026-05-24,05,0.0
Terra Cam Biblo 10 cm Koyu Kahverengi,3999.99,Dekorasyon,2026-05-24,05,0.0
Terra Pamuk Sepet Natural-Siyah,494.99,Dekorasyon,2026-05-24,05,0.0
Terra Pelüş Kırlent Kılıfı 45x45 cm Kahve,2499.99,Dekorasyon,2026-05-24,05,0.0
Terra Pelüş Kırlent Kılıfı 45x45 cm Turuncu,2999.99,Dekorasyon,2026-05-24,05,0.0
Tessa Abajur 23 cm Beyaz,5999.99,Dekorasyon,2026-05-24,05,0.0
Tessa Müzik Kutusu 11x11x14 cm Kırmızı,4999.99,Dekorasyon,2026-05-24,05,0.0
Thano Kırlent Kılıfı 45x45 cm Multicolor,2499.99,Dekorasyon,2026-05-24,05,0.0
The Sea Is Calling Dolgulu Kırlent 33x50 cm Lacivert-Bej,799.99,Dekorasyon,2026-05-24,05,0.0
Thorn Onion Tek Dal Yapay Çiçek Kırmızı,1549.99,Dekorasyon,2026-05-24,05,0.0
Thorn Onion Tek Dal Yapay Çiçek Sarı,1499.99,Dekorasyon,2026-05-24,05,0.0
Thorn Onion Tek Dal Yapay Çiçek Turuncu,1749.99,Dekorasyon,2026-05-24,05,0.0
Tiya Müzik Kutusu 11x11x15 cm Kırmızı,4999.99,Dekorasyon,2026-05-24,05,0.0
Toscana Seramik Vazo Bronz,10999.99,Dekorasyon,2026-05-24,05,
Tresa Seramik Vazo 14 cm Gold,1499.99,Dekorasyon,2026-05-24,05,
Tresa Seramik Vazo 17 cm Silver,2199.99,Dekorasyon,2026-05-24,05,0.0
Trina Dekoratif Kırlent Ekru-Kiremit,1499.99,Dekorasyon,2026-05-24,05,0.0
Tulia Metal Çerçeve Siyah,209.99,Dekorasyon,2026-05-24,05,0.0
Tulip Garden Tek Dal Yapay Çiçek Beyaz,1249.99,Dekorasyon,2026-05-24,05,0.0
Tulip Garden Tek Dal Yapay Çiçek Sarı,1249.99,Dekorasyon,2026-05-24,05,0.0
Tulip Garden Tek Dal Yapay Çiçek Turuncu,1249.99,Dekorasyon,2026-05-24,05,0.0
Twinkle Dekoratif Kırlent 35x55 cm Kırmızı,5999.99,Dekorasyon,2026-05-24,05,0.0
"Valera Porselen Vazo 15,5 cm Yeşil",3749.99,Dekorasyon,2026-05-24,05,0.0
Valeria Porselen Vazo 20 cm Kırmızı,3999.99,Dekorasyon,2026-05-24,05,0.0
Valerie Porselen Vazo 15 cm Mavi,5999.99,Dekorasyon,2026-05-24,05,0.0
"Valley Porselen Vazo 17,5 cm Mavi-Turuncu",979.99,Dekorasyon,2026-05-24,05,0.0
"Vanecca Porselen Vazo 20,5 cm Mavi",3999.99,Dekorasyon,2026-05-24,05,0.0
"Vanessa Porselen Vazo 20,5 cm Mavi",719.99,Dekorasyon,2026-05-24,05,0.0
Vanilla Wind Kokulu Mum,1399.99,Dekorasyon,2026-05-24,05,0.0
Velvety Triko Kırlent Kılıfı Antrasit,1749.99,Dekorasyon,2026-05-24,05,0.0
Velvety Triko Kırlent Kılıfı Gri,1749.99,Dekorasyon,2026-05-24,05,0.0
Vena Çerçeve Açık Kahverengi,2999.99,Dekorasyon,2026-05-24,05,0.0
Vera Metal Şamdan Gold,3999.99,Dekorasyon,2026-05-24,05,0.0
Verdant Kırlent Kılıfı 45x45 cm Bordo,1999.99,Dekorasyon,2026-05-24,05,0.0
Verna Duvar Saati 30 cm Bordo,559.99,Dekorasyon,2026-05-24,05,0.0
Verona Rattan Dekoratif Tepsi Naturel,1619.99,Dekorasyon,2026-05-24,05,0.0
Vespera Dolgulu Kırlent 35x50 cm Multicolor,799.99,Dekorasyon,2026-05-24,05,0.0
Vesta Dekoratif Tepsi 16x26 cm Bej,1999.99,Dekorasyon,2026-05-24,05,0.0
Vesta Çerçeve 13x18 cm Bej,2499.99,Dekorasyon,2026-05-24,05,0.0
Vintage Marine Dijital Baskı Kırlent Kılıfı 45x45 cm Mavi-yeşil,1499.99,Dekorasyon,2026-05-24,05,0.0
Vintage Paisley Koltuk Şalı 140x170 cm Yeşil,839.99,Dekorasyon,2026-05-24,05,0.0
Vividline Koltuk Şalı 130x170 cm Vizon,2749.99,Dekorasyon,2026-05-24,05,0.0
Wavy Stoneware Vazo 14 cm Bej,799.99,Dekorasyon,2026-05-24,05,0.0
"Wavy Stoneware Vazo 14,5x14,5x19 cm Bordo",959.99,Dekorasyon,2026-05-24,05,0.0
Whitestar Nakışlı Dekoratif Kırlent 45x45 cm Ekru,2449.99,Dekorasyon,2026-05-24,05,0.0
Wild Flower Tek Dal Yapay Çiçek Beyaz,849.95,Dekorasyon,2026-05-24,05,0.0
Wild Flower Tek Dal Yapay Çiçek Kırmızı,849.95,Dekorasyon,2026-05-24,05,0.0
Wild Flower Tek Dal Yapay Çiçek Turuncu,849.95,Dekorasyon,2026-05-24,05,0.0
Wild Terra Kokulu Mum 120 gr Şeffaf,239.99,Dekorasyon,2026-05-24,05,0.0
"Winter Tree Biblo 10x10x30,5 cm Siyah",6999.99,Dekorasyon,2026-05-24,05,0.0
Woody Bergamot Dekoratif Tepsi 16x26 cm Kırmızı,1999.99,Dekorasyon,2026-05-24,05,0.0
Yumi Koltuk Şalı 140x170 cm Ekru-Kırmızı,4499.99,Dekorasyon,2026-05-24,05,0.0
Yılbaşı Ağacı 180 cm Siyah,9999.99,Dekorasyon,2026-05-24,05,0.0
Yılbaşı Ağacı Dekoratif Obje 20 cm Şampanya,1999.99,Dekorasyon,2026-05-24,05,0.0
Yılbaşı Ağacı Dekoratif Obje Koyu Kahverengi,769.99,Dekorasyon,2026-05-24,05,0.0
Yılbaşı Ağacı Dekoratif Obje Yeşil,5499.99,Dekorasyon,2026-05-24,05,0.0
Yılbaşı Ağacı Yeşil,1599.99,Dekorasyon,2026-05-24,05,0.0
Zaira Nakışlı Dekoratif Kırlent Kılıfı 45x45 cm Ekru,3499.99,Dekorasyon,2026-05-24,05,0.0
Zairan Dekoratif Kırlent 33x50 cm Natural,699.99,Dekorasyon,2026-05-24,05,0.0
Zairan Punch Nakışlı Dekoratif Kırlent 33x50 cm Ekru,3999.99,Dekorasyon,2026-05-24,05,0.0
Zebra Dekoratif Kırlent 45x45 cm Açık Kahverengi,500.0,Dekorasyon,2026-05-24,05,0.0
Zebra Dekoratif Kırlent 45x45 cm Bej,479.99,Dekorasyon,2026-05-24,05,0.0
Zebra Dekoratif Kırlent 45x45 cm Kahve,719.99,Dekorasyon,2026-05-24,05,0.0
Zelena Kırlent Kılıfı 45x45 cm Renkli,2249.99,Dekorasyon,2026-05-24,05,0.0
"Zena Küp 7,5x7,5x17,0 cm Mavi",2499.99,Dekorasyon,2026-05-24,05,0.0
Zodiac Kadife Nakışlı Kırlent Kılıfı 45x45 cm Lacivert,6999.99,Dekorasyon,2026-05-24,05,0.0
Zoey Koltuk Şalı 140x170 cm Bej,5499.99,Dekorasyon,2026-05-24,05,0.0
Zola Kırlent Kılıfı 45x45 cm Multicolor,2499.99,Dekorasyon,2026-05-24,05,0.0
mystic Spices Kokulu Mum 200 gr,1749.99,Dekorasyon,2026-05-24,05,0.0
Albus Dekoratif Jüt Kilim 100 cm Beyaz,1439.99,Halı&Kilim,2026-05-24,05,0.0
Ales Dokuma Kilim 80x150 cm Bej,6999.99,Halı&Kilim,2026-05-24,05,0.0
Aligne Pamuklu Bukle Kilim Krem,719.99,Halı&Kilim,2026-05-24,05,0.0
Amy Dekoratif Jüt Kilim Natural,2559.99,Halı&Kilim,2026-05-24,05,0.0
Arbre Halı 100x200 cm Bej,6749.99,Halı&Kilim,2026-05-24,05,0.0
Arbre Halı 100x300 cm Bej,9999.99,Halı&Kilim,2026-05-24,05,0.0
Arbre Halı 160X230 cm Bej,12999.99,Halı&Kilim,2026-05-24,05,0.0
Ariella Dekoratif Jüt Kilim Multicolor,1759.99,Halı&Kilim,2026-05-24,05,0.0
Arlo Halı 200x290 cm Gri-Beyaz,29999.99,Halı&Kilim,2026-05-24,05,0.0
Arlo Halı Gri-Beyaz,5999.99,Halı&Kilim,2026-05-24,05,0.0
Aurelia Halı 100x200 cm Bej,6749.99,Halı&Kilim,2026-05-24,05,0.0
Aurelia Halı 100x300 cm Bej,9999.99,Halı&Kilim,2026-05-24,05,0.0
Aurelia Halı 120x180 cm Bej,6999.99,Halı&Kilim,2026-05-24,05,0.0
Aurelia Halı 160X230 cm Bej,12999.99,Halı&Kilim,2026-05-24,05,0.0
Aurelia Halı 80x150 cm Bej,3999.99,Halı&Kilim,2026-05-24,05,0.0
Aurelia Halı 80x300 cm Bej,7499.99,Halı&Kilim,2026-05-24,05,0.0
Azure Halı 100x200 cm Gri,7999.99,Halı&Kilim,2026-05-24,05,0.0
Azure Halı 160x230 cm Gri,17499.99,Halı&Kilim,2026-05-24,05,0.0
Barley Dekoratif Jüt Kilim 120 cm Natural-Siyah,1759.99,Halı&Kilim,2026-05-24,05,0.0
Blossom Pamuklu Bukle Kilim Krem,719.99,Halı&Kilim,2026-05-24,05,0.0
Botani Halı Multicolor,11999.99,Halı&Kilim,2026-05-24,05,0.0
Calmo Halı 100x200 cm Bej,8499.99,Halı&Kilim,2026-05-24,05,0.0
Calmo Halı 100x300 cm Bej,13499.99,Halı&Kilim,2026-05-24,05,0.0
Calmo Halı 120x180 cm Bej,8499.99,Halı&Kilim,2026-05-24,05,0.0
Calmo Halı 160X230 cm Bej,13999.99,Halı&Kilim,2026-05-24,05,0.0
Calmo Halı 80x150 cm Bej,5749.99,Halı&Kilim,2026-05-24,05,0.0
Calmo Halı 80x300 cm Bej,11499.99,Halı&Kilim,2026-05-24,05,0.0
Cameron Halı Bej,16999.99,Halı&Kilim,2026-05-24,05,0.0
Cameron Halı Gri,16999.99,Halı&Kilim,2026-05-24,05,0.0
Caterina Halı 100x200 cm Bej,9999.99,Halı&Kilim,2026-05-24,05,0.0
Caterina Halı 100x300 cm Bej,14499.99,Halı&Kilim,2026-05-24,05,0.0
Caterina Halı 120x180 cm Bej,9999.99,Halı&Kilim,2026-05-24,05,0.0
Caterina Halı 160X230 cm Bej,17999.99,Halı&Kilim,2026-05-24,05,0.0
Caterina Halı 80x150 cm Bej,5499.99,Halı&Kilim,2026-05-24,05,0.0
Caterina Halı 80x300 cm Bej,10999.99,Halı&Kilim,2026-05-24,05,0.0
Checker Bukle Kilim Natural,4499.99,Halı&Kilim,2026-05-24,05,0.0
Chera Halı 100x200 cm Bej,10999.99,Halı&Kilim,2026-05-24,05,0.0
Chera Halı 100x300 cm Bej,14499.99,Halı&Kilim,2026-05-24,05,0.0
Chera Halı 120x180 cm Bej,10999.99,Halı&Kilim,2026-05-24,05,0.0
Chera Halı 160X230 cm Bej,3239.99,Halı&Kilim,2026-05-24,05,0.0
Chera Halı 80x150 cm Bej,5749.99,Halı&Kilim,2026-05-24,05,0.0
Chera Halı 80x300 cm Bej,10999.99,Halı&Kilim,2026-05-24,05,0.0
Circle Art Dekoratif Jüt Kilim Natural-Siyah,1399.99,Halı&Kilim,2026-05-24,05,0.0
Deanna Dekoratif Jüt Kilim 90x150 cm Natural-İndigo,1759.99,Halı&Kilim,2026-05-24,05,0.0
Esther Halı 100x200 cm Bej,15499.99,Halı&Kilim,2026-05-24,05,0.0
Esther Halı 100x300 cm Bej,19999.99,Halı&Kilim,2026-05-24,05,0.0
Esther Halı 120x180 cm Bej,13999.99,Halı&Kilim,2026-05-24,05,0.0
Esther Halı 160X230 cm Bej,26999.99,Halı&Kilim,2026-05-24,05,0.0
Esther Halı 80x150 cm Bej,8499.99,Halı&Kilim,2026-05-24,05,0.0
Esther Halı 80x300 cm Bej,16999.99,Halı&Kilim,2026-05-24,05,0.0
Ethnic Bukle Kilim Natural,5499.99,Halı&Kilim,2026-05-24,05,0.0
Etna Halı Bej,2719.99,Halı&Kilim,2026-05-24,05,0.0
Etnich Pamuklu Bukle Kilim Bej - Kahve,2599.99,Halı&Kilim,2026-05-24,05,0.0
Floweret Pamuklu Bukle Kilim 80x150 cm Pudra,4499.99,Halı&Kilim,2026-05-24,05,0.0
Floweret Pamuklu Bukle Kilim Krem,1599.99,Halı&Kilim,2026-05-24,05,0.0
Furry Pelüş Halı Bej,12499.99,Halı&Kilim,2026-05-24,05,0.0
Furry Pelüş Post 120x180 cm Antrasit,2699.99,Halı&Kilim,2026-05-24,05,0.0
Furry Pelüş Post 80x150 cm Acı Kahve,1759.99,Halı&Kilim,2026-05-24,05,0.0
Furry Pelüş Post Beyaz,12499.99,Halı&Kilim,2026-05-24,05,0.0
Furry Pelüş Post Pudra,12499.99,Halı&Kilim,2026-05-24,05,0.0
Gia Halı 100x200 cm Bej,10999.99,Halı&Kilim,2026-05-24,05,
Gia Halı 100x300 cm Bej,15999.99,Halı&Kilim,2026-05-24,05,
Gia Halı 120x180 cm Bej,11499.99,Halı&Kilim,2026-05-24,05,
Gia Halı 160X230 cm Bej,18999.99,Halı&Kilim,2026-05-24,05,
Gia Halı 80x150 cm Bej,5999.99,Halı&Kilim,2026-05-24,05,
Gia Halı 80x300 cm Bej,13999.99,Halı&Kilim,2026-05-24,05,
Hedra Halı Multicolor,2239.99,Halı&Kilim,2026-05-24,05,0.0
Hello Happy Day Kapı Önü Paspası 33x60 cm Natural,2499.99,Halı&Kilim,2026-05-24,05,0.0
Hora Halı 100x200 cm Bej,15499.99,Halı&Kilim,2026-05-24,05,0.0
Hora Halı 100x300 cm Bej,19999.99,Halı&Kilim,2026-05-24,05,0.0
Hora Halı 80x150 cm Bej,9499.99,Halı&Kilim,2026-05-24,05,0.0
Hora Halı 80x300 cm Bej,15499.99,Halı&Kilim,2026-05-24,05,0.0
Jazz Halı Bej,2399.99,Halı&Kilim,2026-05-24,05,0.0
Juliet Yuvarlak Dekoratif Jüt Kilim Natural,7999.99,Halı&Kilim,2026-05-24,05,0.0
Launis Pamuklu Bukle Kilim Krem,454.99,Halı&Kilim,2026-05-24,05,0.0
Leafs Pamuklu Bukle Kilim 110x110 cm Krem,719.99,Halı&Kilim,2026-05-24,05,0.0
Leafy Pamuklu Bukle Kilim 120x180 cm Hardal-Krem,1000.0,Halı&Kilim,2026-05-24,05,0.0
Leafy Pamuklu Bukle Kilim 80x150 cm Krem,719.99,Halı&Kilim,2026-05-24,05,0.0
Leona Dekoratif Jüt Kilim Multicolor,1599.99,Halı&Kilim,2026-05-24,05,0.0
Leona Dekoratif Jüt Kilim Natural,1599.99,Halı&Kilim,2026-05-24,05,0.0
Linear Dokuma Kilim 80x150 cm Açık Krem - Kahve,3999.99,Halı&Kilim,2026-05-24,05,0.0
Lovely Home Kapı Önü Paspası 35x60 cm Natural,2499.99,Halı&Kilim,2026-05-24,05,0.0
Lume Halı Multicolor,7999.99,Halı&Kilim,2026-05-24,05,0.0
Meow Home Kapı Önü Paspası 35x60 cm Natural,2499.99,Halı&Kilim,2026-05-24,05,0.0
Nerba Halı Krem,1743.99,Halı&Kilim,2026-05-24,05,0.0
Nomia Halı Multicolor,11999.99,Halı&Kilim,2026-05-24,05,0.0
Pearly Dokuma Kilim Ekru-Mavi-Turuncu,1199.99,Halı&Kilim,2026-05-24,05,0.0
Pearly Pamuklu Dokuma Kilim Turuncu-Ekru-Bej,1199.99,Halı&Kilim,2026-05-24,05,0.0
Peggy Pelüş Halı Gri,12499.99,Halı&Kilim,2026-05-24,05,0.0
Peggy Pelüş Halı Kahve,639.99,Halı&Kilim,2026-05-24,05,0.0
Pena Halı 100x200 cm Bej,14999.99,Halı&Kilim,2026-05-24,05,0.0
Pena Halı 100x300 cm Bej,22499.99,Halı&Kilim,2026-05-24,05,0.0
Pena Halı 120x180 cm Multicolor,15999.99,Halı&Kilim,2026-05-24,05,0.0
Pena Halı 160X230 cm Bej,27499.99,Halı&Kilim,2026-05-24,05,0.0
Pena Halı 200x290 cm Multicolor,34999.99,Halı&Kilim,2026-05-24,05,0.0
Pena Halı 80x150 cm Bej,9999.99,Halı&Kilim,2026-05-24,05,0.0
Pena Halı 80x300 cm Bej,2799.99,Halı&Kilim,2026-05-24,05,0.0
Penelope Halı Multicolor,2239.99,Halı&Kilim,2026-05-24,05,0.0
Piero Halı Multicolor,1919.99,Halı&Kilim,2026-05-24,05,0.0
Plain Serenity Halı Krem,8499.99,Halı&Kilim,2026-05-24,05,0.0
Seana Pamuklu Kilim Beyaz,719.99,Halı&Kilim,2026-05-24,05,0.0
Serenat Halı Gri,9999.99,Halı&Kilim,2026-05-24,05,0.0
Serenity Halı Açık Gri,7999.99,Halı&Kilim,2026-05-24,05,0.0
Silva Halı Multicolor,1743.99,Halı&Kilim,2026-05-24,05,0.0
Soft Touch Rabbit Pelüş Halı Antrasit,2249.99,Halı&Kilim,2026-05-24,05,0.0
Soft Touch Rabbit Pelüş Halı Bej,1439.99,Halı&Kilim,2026-05-24,05,0.0
Soft Touch Rabbit Pelüş Halı Pudra,2249.99,Halı&Kilim,2026-05-24,05,0.0
Soft Touch Rabbit Pelüş Post Antrasit,959.99,Halı&Kilim,2026-05-24,05,0.0
Soft Touch Rabbit Pelüş Post Beyaz,1359.99,Halı&Kilim,2026-05-24,05,0.0
Solan Halı Bordo,11999.99,Halı&Kilim,2026-05-24,05,0.0
Steve Halı 100x200 cm Bej,9499.99,Halı&Kilim,2026-05-24,05,0.0
Steve Halı 100x300 cm Bej,13999.99,Halı&Kilim,2026-05-24,05,0.0
Steve Halı 120x180 cm Bej,9499.99,Halı&Kilim,2026-05-24,05,0.0
Steve Halı 160X230 cm Bej,13999.99,Halı&Kilim,2026-05-24,05,0.0
Steve Halı 80x150 cm Bej,879.99,Halı&Kilim,2026-05-24,05,0.0
Steve Halı 80x300 cm Bej,10999.99,Halı&Kilim,2026-05-24,05,0.0
Stripe Bukle Kilim Natural,1599.99,Halı&Kilim,2026-05-24,05,0.0
Terra Pelüş Halı Bej,17499.99,Halı&Kilim,2026-05-24,05,0.0
Terra Pelüş Halı Kahve,2099.99,Halı&Kilim,2026-05-24,05,0.0
Verda Halı Multicolor,1919.99,Halı&Kilim,2026-05-24,05,0.0
Zeno Halı 200x290 cm Bej - Krem,29999.99,Halı&Kilim,2026-05-24,05,0.0
Zeno Halı Bej - Krem,5999.99,Halı&Kilim,2026-05-24,05,0.0
Bearette Pamuklu Çocuk Nevresim Takımı Pembe,4499.99,Hediye,2026-05-24,05,0.0
After Rain Çubuklu Oda Kokusu 100 ml,3199.99,Kozmetik,2026-05-24,13,0.0
Aloe Vera Maske 25 ml Yeşil,699.95,Kozmetik,2026-05-24,13,0.0
Aloe Vera – Ylang Ylang 5li Aromaterapi Set,559.99,Kozmetik,2026-05-24,13,0.0
Apple Rose Kolonya 200 ml Şeffaf,227.99,Kozmetik,2026-05-24,13,0.0
Apple Rose Oda Spreyi 300 ml Şeffaf,1499.99,Kozmetik,2026-05-24,13,0.0
Apple Rose Çubuklu Oda Kokusu 95 ml Şeffaf,2999.99,Kozmetik,2026-05-24,13,0.0
Aura Solaire Parfüm Seti 100 ml + 20 ml,699.99,Kozmetik,2026-05-24,13,0.0
Avokado Yağı Maske 25 ml Yeşil,699.95,Kozmetik,2026-05-24,13,0.0
Avokado Yağı Yüz & Vücut Spreyi,699.95,Kozmetik,2026-05-24,13,0.0
Azure Bliss Çubuklu Oda Kokusu 100 ml,1499.99,Kozmetik,2026-05-24,13,0.0
Beyaz Çiçekler Body Mist,1299.99,Kozmetik,2026-05-24,13,0.0
Beyaz Çiçekler El Kremi 30 ml,849.95,Kozmetik,2026-05-24,13,0.0
Beyaz Çiçekler Kokulu Kese,849.95,Kozmetik,2026-05-24,13,0.0
Beyaz Çiçekler Kolonya 100 ml,999.99,Kozmetik,2026-05-24,13,0.0
Beyaz Çiçekler Kolonya 200 ml,1499.99,Kozmetik,2026-05-24,13,0.0
Beyaz Çiçekler Oda Spreyi 400 ml,1499.99,Kozmetik,2026-05-24,13,0.0
Beyaz Çiçekler Sıvı Sabun,1499.99,Kozmetik,2026-05-24,13,0.0
Beyaz Çiçekler Çubuklu Oda Kokusu 100 ml,2249.99,Kozmetik,2026-05-24,13,0.0
Beyaz Çiçekler Çubuklu Oda Kokusu 200 ml,3499.99,Kozmetik,2026-05-24,13,0.0
Beyaz Çiçekler Çubuklu Oda Kokusu 500 ml,6999.99,Kozmetik,2026-05-24,13,0.0
Black Forest Çubuklu Oda Kokusu 200 ml Siyah,5499.99,Kozmetik,2026-05-24,13,0.0
Blissful Elixir Body Mist 100 ml Pembe,849.95,Kozmetik,2026-05-24,13,0.0
Blissful Elixir Vücut Losyonu 50 ml. Pembe,799.95,Kozmetik,2026-05-24,13,0.0
Blue Flowers Çubuklu Oda Kokusu 250 ml,3199.99,Kozmetik,2026-05-24,13,0.0
Bosphorus Breeze Çubuklu Oda Kokusu 100 ml Yeşil,2999.99,Kozmetik,2026-05-24,13,0.0
Botanical El Kremi,849.95,Kozmetik,2026-05-24,13,0.0
Botanical Katı Sabun,849.95,Kozmetik,2026-05-24,13,0.0
Botanical Çubuklu Oda Kokusu,3499.99,Kozmetik,2026-05-24,13,0.0
Botanical Çubuklu Oda Kokusu 100 ml,2499.99,Kozmetik,2026-05-24,13,0.0
Bouquet Kokulu Kese,849.95,Kozmetik,2026-05-24,13,0.0
Buket Tazeliği Kokulu Kese,849.95,Kozmetik,2026-05-24,13,0.0
Calm Haven Çubuklu Oda Kokusu 200 ml,4999.99,Kozmetik,2026-05-24,13,0.0
Camomile Maske,699.95,Kozmetik,2026-05-24,13,0.0
Camomile Sabun,699.95,Kozmetik,2026-05-24,13,0.0
Camomile Vücut Losyonu,699.95,Kozmetik,2026-05-24,13,0.0
Cashmersilk Çubuklu Oda Kokusu 250 ml,3199.99,Kozmetik,2026-05-24,13,0.0
Citrus&Lemon Çubuklu Oda Kokusu 100 ml,2499.99,Kozmetik,2026-05-24,13,0.0
Coconut Rose Kolonya 200 ml Şeffaf,227.99,Kozmetik,2026-05-24,13,0.0
Coconut Rose Oda Spreyi 300 ml Şeffaf,183.99,Kozmetik,2026-05-24,13,0.0
Coconut Rose Çubuklu Oda Kokusu 95 ml Şeffaf,2999.99,Kozmetik,2026-05-24,13,0.0
Energy Çubuklu Oda Kokusu 100 ml Butter Yellow,1999.99,Kozmetik,2026-05-24,13,0.0
Fig&Violet Çubuklu Oda Kokusu 95 ml,2999.99,Kozmetik,2026-05-24,13,0.0
Fleur dAmor Kadın Parfümü 100 ml Pembe,2499.99,Kozmetik,2026-05-24,13,0.0
Floral Glam Çubuklu Oda Kokusu,3499.99,Kozmetik,2026-05-24,13,0.0
Floral Oto Kokusu 10 ml,999.99,Kozmetik,2026-05-24,13,0.0
Floral Sense Çubuklu Oda Kokusu,2999.99,Kozmetik,2026-05-24,13,0.0
Floral&Patchouli Çubuklu Oda Kokusu 100 ml,2499.99,Kozmetik,2026-05-24,13,0.0
Forest Çubuklu Oda Kokusu 100 ml,1999.99,Kozmetik,2026-05-24,13,0.0
Gleam Çubuklu Oda Kokusu 200 ml,4999.99,Kozmetik,2026-05-24,13,0.0
Golden Ḿuse Kadın Parfümü 100 ml Açık Sarı,2499.99,Kozmetik,2026-05-24,13,0.0
Green Mist El Kremi,849.95,Kozmetik,2026-05-24,13,0.0
Green Mist Kokulu Kese,849.95,Kozmetik,2026-05-24,13,0.0
Gül Bahçesi Kokulu Kese,849.95,Kozmetik,2026-05-24,13,0.0
Hera Çubuklu Oda Kokusu 180 ml,5499.99,Kozmetik,2026-05-24,13,0.0
Iris Intense Çubuklu Oda Kokusu,3499.99,Kozmetik,2026-05-24,13,0.0
Island Herbs Çubuklu Oda Kokusu,3499.99,Kozmetik,2026-05-24,13,0.0
Jasmine Musk Çubuklu Oda Kokusu 100 ml Antrasit,2999.99,Kozmetik,2026-05-24,13,0.0
Lavanta Esintisi Kokulu Kese,849.95,Kozmetik,2026-05-24,13,0.0
Lavender Çubuklu Oda Kokusu 100 ml,1999.99,Kozmetik,2026-05-24,13,0.0
Lily & Pineapple Kolonya 100 ml Mavi,849.99,Kozmetik,2026-05-24,13,0.0
Lily & Pineapple Oda Spreyi 300 ml Mavi,1499.99,Kozmetik,2026-05-24,13,0.0
Lily & Pineapple Çubuklu Oda Kokusu 100 ml Mavi,2499.99,Kozmetik,2026-05-24,13,0.0
Luna Çubuklu Oda Kokusu 180 ml,5499.99,Kozmetik,2026-05-24,13,0.0
Marash Rose Çubuklu Oda Kokusu 100 ml,2749.99,Kozmetik,2026-05-24,13,0.0
Mediterranean Çubuklu Oda Kokusu 100 ml,2249.99,Kozmetik,2026-05-24,13,0.0
Mimosa Çubuklu Oda Kokusu 100 ml,1999.99,Kozmetik,2026-05-24,13,0.0
Misty Aromadifüzör 300 ml,6499.99,Kozmetik,2026-05-24,13,0.0
Misty Down Çubuklu Oda Kokusu 100 ml,3199.99,Kozmetik,2026-05-24,13,0.0
Mossy Wood Çubuklu Oda Kokusu,2999.99,Kozmetik,2026-05-24,13,0.0
Muguet&Vanilla Çubuklu Oda Kokusu 100 ml,1999.99,Kozmetik,2026-05-24,13,0.0
Mugwort Tütsü,699.95,Kozmetik,2026-05-24,13,0.0
Musk&Poppy Çubuklu Oda Kokusu 100 ml,1999.99,Kozmetik,2026-05-24,13,0.0
Neroli & Jasmine Oda Spreyi 500 ml Şeffaf,2499.99,Kozmetik,2026-05-24,13,0.0
Neroli & Jasmine Çubuklu Oda Kokusu 100 ml,2999.99,Kozmetik,2026-05-24,13,0.0
Nobile Tütsü,699.95,Kozmetik,2026-05-24,13,0.0
Noble Nuit Parfüm Seti 100 ml + 20 ml,699.99,Kozmetik,2026-05-24,13,0.0
Orange Blossom & Red Berry Kolonya 100 ml Kırmızı,849.99,Kozmetik,2026-05-24,13,0.0
Orange Blossom & Red Berry Oda Spreyi 300 ml Kırmızı,1499.99,Kozmetik,2026-05-24,13,0.0
Orange Blossom & Red Berry Çubuklu Oda Kokusu 100 ml Bordo,2499.99,Kozmetik,2026-05-24,13,0.0
Orange Rose Kolonya 200 ml Şeffaf,227.99,Kozmetik,2026-05-24,13,0.0
Orange Rose Oda Spreyi 300 ml Şeffaf,1499.99,Kozmetik,2026-05-24,13,0.0
Orange Rose Çubuklu Oda Kokusu 95 ml Şeffaf,2999.99,Kozmetik,2026-05-24,13,0.0
Orchid Çubuklu Oda Kokusu 250 ml,3199.99,Kozmetik,2026-05-24,13,0.0
Oriental Beyond Çubuklu Oda Kokusu,3249.99,Kozmetik,2026-05-24,13,0.0
Oud Touch Çubuklu Oda Kokusu,2999.99,Kozmetik,2026-05-24,13,0.0
Patchouli & Bergamote Kolonya 100 ml Yeşil,849.99,Kozmetik,2026-05-24,13,0.0
Patchouli & Bergamote Oda Spreyi 300 ml Yeşil,1499.99,Kozmetik,2026-05-24,13,0.0
Patchouli & Bergamote Çubuklu Oda Kokusu 100 ml Yeşil,2499.99,Kozmetik,2026-05-24,13,0.0
Patchouli & Musk Oda Spreyi 500 ml Şeffaf,250.0,Kozmetik,2026-05-24,13,0.0
Patchouli & Musk Çubuklu Oda Kokusu 100 ml,2999.99,Kozmetik,2026-05-24,13,0.0
Patchouli&Wood Çubuklu Oda Kokusu 95 ml,2999.99,Kozmetik,2026-05-24,13,0.0
Peach Blossom Body Mist 100 ml Turuncu,899.99,Kozmetik,2026-05-24,13,0.0
Peach Blossom Vücut Losyonu 50 ml. Turuncu,799.95,Kozmetik,2026-05-24,13,0.0
Peach&Apple Çubuklu Oda Kokusu 100 ml,2499.99,Kozmetik,2026-05-24,13,0.0
Pearl 3lü Koku Barı Beyaz,1499.99,Kozmetik,2026-05-24,13,0.0
Pearl Body Mist Vücut Spreyi,1149.99,Kozmetik,2026-05-24,13,0.0
Pearl El Kremi,849.95,Kozmetik,2026-05-24,13,0.0
Pearl Katı Sabun,849.95,Kozmetik,2026-05-24,13,0.0
Pearl Çubuklu Oda Kokusu,6999.99,Kozmetik,2026-05-24,13,0.0
Pearl Çubuklu Oda Kokusu 100 ml,2249.99,Kozmetik,2026-05-24,13,0.0
Peony Çubuklu Oda Kokusu 100 ml,2249.99,Kozmetik,2026-05-24,13,0.0
Pine Rose Çubuklu Oda Kokusu 140 ml Amber,3199.99,Kozmetik,2026-05-24,13,0.0
Pink Flower Çubuklu Oda Kokusu 100 ml,1999.99,Kozmetik,2026-05-24,13,0.0
Pink Pepper&Jasmine Çubuklu Oda Kokusu 100 ml,1999.99,Kozmetik,2026-05-24,13,0.0
Plum Blossom Çubuklu Oda Kokusu 100 ml,2999.99,Kozmetik,2026-05-24,13,0.0
Poudre El Kremi,849.95,Kozmetik,2026-05-24,13,0.0
Poudre Katı Sabun,849.95,Kozmetik,2026-05-24,13,0.0
Poudre Kokulu Kese,849.95,Kozmetik,2026-05-24,13,0.0
Poudre Oda Spreyi 400 ml,1324.92,Kozmetik,2026-05-24,13,0.0
Poudre Çubuklu Oda Kokusu,3499.99,Kozmetik,2026-05-24,13,0.0
Poudre Çubuklu Oda Kokusu 100 ml,2249.99,Kozmetik,2026-05-24,13,0.0
Powder & White Musk Oda Spreyi 500 ml Şeffaf,2499.99,Kozmetik,2026-05-24,13,0.0
Powder & White Musk Çubuklu Oda Kokusu 100 ml,2999.99,Kozmetik,2026-05-24,13,0.0
Powdery Oto Kokusu 10 ml,999.99,Kozmetik,2026-05-24,13,0.0
Pure Desir Parfüm Seti 100 ml + 20 ml,699.99,Kozmetik,2026-05-24,13,0.0
Pure El Kremi,849.95,Kozmetik,2026-05-24,13,0.0
Pure Koku Barı 2x55 g,1399.99,Kozmetik,2026-05-24,13,0.0
Pure Kokulu Kese 19 Gr,849.95,Kozmetik,2026-05-24,13,0.0
Pure Kolonya 200 ml,1499.99,Kozmetik,2026-05-24,13,0.0
Pure Oda Spreyi 500 ml,1499.99,Kozmetik,2026-05-24,13,0.0
Pure Sıvı Sabun,1499.99,Kozmetik,2026-05-24,13,0.0
Pure Çubuklu Oda Kokusu 100 ml,2249.99,Kozmetik,2026-05-24,13,0.0
Pure Çubuklu Oda Kokusu 200 ml,3499.99,Kozmetik,2026-05-24,13,0.0
Raindrop 3lü Kokulu Kese,849.95,Kozmetik,2026-05-24,13,0.0
Raspberry Lemon Çubuklu Oda Kokusu 140 ml Amber,2499.99,Kozmetik,2026-05-24,13,0.0
Rosemary – Geranium 5li Aromaterapi Set,3499.99,Kozmetik,2026-05-24,13,0.0
Rustic Harmony Çubuklu Oda Kokusu 200 ml Amber,5499.99,Kozmetik,2026-05-24,13,0.0
Sabun Ferahlığı Kokulu Kese,849.95,Kozmetik,2026-05-24,13,0.0
Sakura Çubuklu Oda Kokusu 100 ml,1999.99,Kozmetik,2026-05-24,13,0.0
"Sandal Ağacı, Nane, Portakal 3lü Esansiyel Koku Yağı Amber",1499.99,Kozmetik,2026-05-24,13,0.0
Sandalwood Çubuklu Oda Kokusu 100 ml,2999.99,Kozmetik,2026-05-24,13,0.0
Savannah Terra Çubuklu Oda Kokusu 95 ml,3499.99,Kozmetik,2026-05-24,13,0.0
Sense Tütsü,699.95,Kozmetik,2026-05-24,13,0.0
Shiny Snow Çubuklu Oda Kokusu 100 ml,3199.99,Kozmetik,2026-05-24,13,0.0
Soft Gardenia Çubuklu Oda Kokusu,3499.99,Kozmetik,2026-05-24,13,0.0
Soft Koku Barı 3x70 g Şeffaf,1499.99,Kozmetik,2026-05-24,13,0.0
Soft Kokulu Kese,849.95,Kozmetik,2026-05-24,13,0.0
Soft Kolonya 200 ml,1499.99,Kozmetik,2026-05-24,13,0.0
Soft Oda Spreyi 400 ml,1499.99,Kozmetik,2026-05-24,13,0.0
Soft Powder Çubuklu Oda Kokusu,3499.99,Kozmetik,2026-05-24,13,0.0
Soft Çubuklu Oda Kokusu,2249.99,Kozmetik,2026-05-24,13,0.0
Soft Çubuklu Oda Kokusu 500 ml Şeffaf,6999.99,Kozmetik,2026-05-24,13,
Suave Bliss Çubuklu Oda Kokusu 100 ml Şeffaf,1999.99,Kozmetik,2026-05-24,13,0.0
Sweet Séduction Kadın Parfümü 100 ml Lila,299.99,Kozmetik,2026-05-24,13,0.0
The Scent of a Autumn Sunset Çubuklu Oda Kokusu 200 ml,3499.99,Kozmetik,2026-05-24,13,0.0
The Scent of a Sweet Love Çubuklu Oda Kokusu 200 ml,3499.99,Kozmetik,2026-05-24,13,0.0
Tobacco 3lü Kokulu Kese,849.95,Kozmetik,2026-05-24,13,0.0
Tuberose Çubuklu Oda Kokusu 100 ml,2499.99,Kozmetik,2026-05-24,13,0.0
Twilight Bliss Çubuklu Oda Kokusu 100 ml Şeffaf,1999.99,Kozmetik,2026-05-24,13,0.0
Vanilla Wind Body Mist,1299.99,Kozmetik,2026-05-24,13,0.0
Vanilla Wind Katı Sabun,849.95,Kozmetik,2026-05-24,13,0.0
Vanilla Wind Koku Barı 3 x 70 g Şeffaf,1499.99,Kozmetik,2026-05-24,13,0.0
Vanilla Wind Kokulu Kese,849.95,Kozmetik,2026-05-24,13,0.0
Vanilla Wind Kolonya Şeffaf,1499.99,Kozmetik,2026-05-24,13,0.0
Vanilla Wind Oda Spreyi,1749.99,Kozmetik,2026-05-24,13,0.0
Vanilla Wind Çubuklu Oda Kokusu 200 ml,3499.99,Kozmetik,2026-05-24,13,0.0
Vanilla Wind Çubuklu Oda Kokusu 500 ml,6999.99,Kozmetik,2026-05-24,13,0.0
Vesta Çubuklu Oda Kokusu 180 ml,5499.99,Kozmetik,2026-05-24,13,0.0
Warm Embrace Çubuklu Oda Kokusu 200 ml,4999.99,Kozmetik,2026-05-24,13,0.0
White Lily Çubuklu Oda Kokusu 200 ml,5499.99,Kozmetik,2026-05-24,13,0.0
Wild Berry Body Mist 100 ml Mor,999.99,Kozmetik,2026-05-24,13,0.0
Wild Berry Vücut Losyonu 50 ml. Mor,799.95,Kozmetik,2026-05-24,13,0.0
Wild Terra Çubuklu Oda Kokusu 95 ml,3499.99,Kozmetik,2026-05-24,13,0.0
Wood Savage Çubuklu Oda Kokusu 100 ml,2499.99,Kozmetik,2026-05-24,13,0.0
Wood&Spicy Çubuklu Oda Kokusu 95 ml,2999.99,Kozmetik,2026-05-24,13,0.0
Woody Bergamot Çubuklu Oda Kokusu 140 ml Amber,3199.99,Kozmetik,2026-05-24,13,0.0
Woody Oto Kokusu 10 ml,999.99,Kozmetik,2026-05-24,13,0.0
Woody&Patchouli Çubuklu Oda Kokusu 100 ml,2999.99,Kozmetik,2026-05-24,13,0.0
Woody&Saffron Çubuklu Oda Kokusu 100 ml,2999.99,Kozmetik,2026-05-24,13,0.0
Woody&Vanilla Çubuklu Oda Kokusu 100 ml,2999.99,Kozmetik,2026-05-24,13,0.0
mystic spices Çubuklu Oda Kokusu,4499.99,Kozmetik,2026-05-24,13,0.0
AF-G Sepet Grubu Siyah,1399.99,Küçük Ev Aletleri,2026-05-24,05,0.0
AF-G Sepet Grubu Siyah-Bakır,1499.99,Küçük Ev Aletleri,2026-05-24,05,0.0
AF-G Sepet Grubu Siyah-Krom,1499.99,Küçük Ev Aletleri,2026-05-24,05,0.0
AQUA OPTIMA Su Arıtma Filtresi Beyaz,799.99,Küçük Ev Aletleri,2026-05-24,05,0.0
Bıçak Grubu  Kea Yedek Parça Beyaz,289.99,Küçük Ev Aletleri,2026-05-24,05,0.0
Bıçak Grubu  Kea Yedek Parça Siyah,289.99,Küçük Ev Aletleri,2026-05-24,05,0.0
CMK 6001 - CMK 6010 Çelik Çay Filtresi,299.99,Küçük Ev Aletleri,2026-05-24,05,0.0
CMK 6010 Inox Kapaksız Demlik Siyah-Bakır,729.99,Küçük Ev Aletleri,2026-05-24,05,0.0
CMK 6010 İNOX DEMLİK GRUBU Beyaz-Krom,729.99,Küçük Ev Aletleri,2026-05-24,05,0.0
CMK DEMLİK KAPAĞI BEYAZ LOGOLU Bakır,149.99,Küçük Ev Aletleri,2026-05-24,05,0.0
CMK DEMLİK KAPAĞI BEYAZ LOGOLU Krom,199.99,Küçük Ev Aletleri,2026-05-24,05,0.0
CMK DEMLİK KAPAĞI SİYAH LOGOLU Bakır,199.99,Küçük Ev Aletleri,2026-05-24,05,0.0
DGR 3001 Doğrayıcı Hazne,149.99,Küçük Ev Aletleri,2026-05-24,05,0.0
DGR 3001 Hazne Ayak Lastiği Kırmızı,169.99,Küçük Ev Aletleri,2026-05-24,05,0.0
DGR 3001 Hazne Ayak Lastiği Siyah,169.99,Küçük Ev Aletleri,2026-05-24,05,0.0
DGR 3001 Hazne Kapağı,199.99,Küçük Ev Aletleri,2026-05-24,05,0.0
DGR 3001 Hazne Kapağı Contası,169.99,Küçük Ev Aletleri,2026-05-24,05,0.0
DGR3010 Bıçak Mili,159.99,Küçük Ev Aletleri,2026-05-24,05,0.0
DGR3010 Hazne 1500 ml Siyah,299.99,Küçük Ev Aletleri,2026-05-24,05,0.0
ELB Parçalayıcı Ayak Siyah,279.99,Küçük Ev Aletleri,2026-05-24,05,0.0
ELM 3001 HAMUR KARIŞTIRICI - SAĞ,199.99,Küçük Ev Aletleri,2026-05-24,05,0.0
ELM 3001 HAMUR KARIŞTIRICI - SOL,199.99,Küçük Ev Aletleri,2026-05-24,05,0.0
ELM 3010 Çırpıcı Tel,649.99,Küçük Ev Aletleri,2026-05-24,05,0.0
Elm 3010 Yoğurucu Tel,499.99,Küçük Ev Aletleri,2026-05-24,05,0.0
English Home AIF 2030 XL Sıcak Tutma Hazneli Air Fryer 1500W Siyah-Krom,8499.99,Küçük Ev Aletleri,2026-05-24,05,0.0
English Home AIF 2030 XL Sıcak Tutma Hazneli Airfryer 1500W Siyah,6999.99,Küçük Ev Aletleri,2026-05-24,05,0.0
English Home AIF 2030 XL Sıcak Tutma Hazneli Airfryer 1500W Siyah-Bakır,9999.98,Küçük Ev Aletleri,2026-05-24,05,0.0
English Home CMK 6001 Cam Çay Makinesi ve Kettle Siyah,5399.99,Küçük Ev Aletleri,2026-05-24,05,0.0
English Home CMK 6001 Cam Çay Makinesi ve Kettle Siyah-Bakır,5399.99,Küçük Ev Aletleri,2026-05-24,05,0.0
English Home CMK 6001 Cam Çay Makinesi ve Kettle Siyah-Krom,5399.99,Küçük Ev Aletleri,2026-05-24,05,0.0
English Home CMK 6010 Inox Çay Makinesi ve Kettle Beyaz-Krom,5399.99,Küçük Ev Aletleri,2026-05-24,05,0.0
English Home CMK 6010 Inox Çay Makinesi ve Kettle Siyah,5399.99,Küçük Ev Aletleri,2026-05-24,05,0.0
English Home CMK 6010 Inox Çay Makinesi ve Kettle Siyah-Bakır,5399.99,Küçük Ev Aletleri,2026-05-24,05,0.0
English Home CMK 6010 Inox Çay Makinesi ve Kettle Siyah-Krom,5399.99,Küçük Ev Aletleri,2026-05-24,05,0.0
English Home CMK 6030 Çay Makinesi ve Kettle 2 Litre Antrasit,3599.99,Küçük Ev Aletleri,2026-05-24,05,0.0
English Home CMK 6030 Çay Makinesi ve Kettle 2 Litre Mint,3599.99,Küçük Ev Aletleri,2026-05-24,05,0.0
English Home DGR 3001 Plastik Doğrayıcı Kırmızı,1104.99,Küçük Ev Aletleri,2026-05-24,05,0.0
English Home DGR 3001 Plastik Doğrayıcı Siyah,1104.99,Küçük Ev Aletleri,2026-05-24,05,0.0
English Home DGR 3010 Doğrayıcı 1500 ml Siyah,1274.99,Küçük Ev Aletleri,2026-05-24,05,0.0
English Home EKM 5001 Dijital Ekmek Kızartma Makinesi 920W Siyah-Krom,2399.99,Küçük Ev Aletleri,2026-05-24,05,0.0
English Home ELB 3001 4 Bıçaklı El Blenderı 1500W Beyaz-Krom,1274.99,Küçük Ev Aletleri,2026-05-24,05,0.0
English Home ELB 3001 4 Bıçaklı El Blenderı Siyah-Krom,1274.99,Küçük Ev Aletleri,2026-05-24,05,0.0
English Home ELM 3001 El Mikserı 600 W Kırmızı,1104.99,Küçük Ev Aletleri,2026-05-24,05,0.0
English Home ELM 3001 El Mikserı 600 W Siyah,1104.99,Küçük Ev Aletleri,2026-05-24,05,0.0
English Home ELM 3010 El Mikseri 500W Siyah-Krom,1104.99,Küçük Ev Aletleri,2026-05-24,05,0.0
English Home ESM 6001 Espresso Makinesi Siyah,9399.99,Küçük Ev Aletleri,2026-05-24,05,0.0
"English Home FKM 6001 Coffee Talks Filtre Kahve Makinesi 1,5 LT Siyah",3999.99,Küçük Ev Aletleri,2026-05-24,05,0.0
"English Home FKM 6010 Coffee Talks Intelligent Filtre Kahve Makinesi 1,8L Siyah",5599.99,Küçük Ev Aletleri,2026-05-24,05,0.0
"English Home FKM 6020 Coffee Talks Expert Filtre Kahve Makinesi 1,35 Litre Siyah",9999.99,Küçük Ev Aletleri,2026-05-24,05,0.0
English Home KBL 3001 Shake Away Smoothie Blender Beyaz-Bakır,1529.99,Küçük Ev Aletleri,2026-05-24,05,0.0
English Home KBL 3001 Shake Away Smoothie Blender Siyah-Krom,1529.99,Küçük Ev Aletleri,2026-05-24,05,0.0
English Home KBL 3010 Shake Away Smoothie Blender Beyaz-Bakır,2549.99,Küçük Ev Aletleri,2026-05-24,05,0.0
English Home KBL 3010 Shake Away Smoothie Blender Kırmızı,2549.99,Küçük Ev Aletleri,2026-05-24,05,0.0
English Home KBL 3010 Shake Away Smoothie Blender Lacivert,2549.99,Küçük Ev Aletleri,2026-05-24,05,0.0
English Home KBL 3010 Shake Away Smoothie Blender Siyah-Krom,2549.99,Küçük Ev Aletleri,2026-05-24,05,0.0
English Home MBS 3001 4 Bıçaklı Mini Blender Seti Siyah-Krom,1699.99,Küçük Ev Aletleri,2026-05-24,05,0.0
English Home MBS 3010 4 Bıçaklı Mini Blender Seti 1500W Beyaz-Krom,2124.99,Küçük Ev Aletleri,2026-05-24,05,0.0
English Home RMB 3001 4 Bıçaklı Multi Blender Seti 1500W Beyaz-Krom,2294.99,Küçük Ev Aletleri,2026-05-24,05,0.0
English Home RMB 3001 4 Bıçaklı Multi Blender Seti Siyah-Krom,2294.99,Küçük Ev Aletleri,2026-05-24,05,0.0
English Home SBL 3001 Cam Sürahi Blender 1750 ml Beyaz-Krom,2974.99,Küçük Ev Aletleri,2026-05-24,05,0.0
English Home SBL 3001 Cam Sürahi Blender 1750 ml Siyah-Krom,2974.99,Küçük Ev Aletleri,2026-05-24,05,0.0
"English Home SMR 3001 Hammurix Hamur Yoğurma Makinesi 5,5 L Siyah-Krom",11999.99,Küçük Ev Aletleri,2026-05-24,05,0.0
"English Home SMR 3001 Hammurix Stand Mikseri 5,5 L Mint",11999.99,Küçük Ev Aletleri,2026-05-24,05,0.0
English Home SMR 3002 Kıyma Aparatı Uyumlu Stand Mikseri 7 L Kırmızı,14999.99,Küçük Ev Aletleri,2026-05-24,05,0.0
"English Home SUI 6001 Inox Su Isıtıcı 1,7L Siyah",2399.99,Küçük Ev Aletleri,2026-05-24,05,0.0
English Home TKM 6001 Çelik Cezve Çift Taşım Türk Kahvesi Makinesi Beyaz-Bakır,3399.99,Küçük Ev Aletleri,2026-05-24,05,0.0
English Home TKM 6001 Çelik Cezve Çift Taşım Türk Kahvesi Makinesi Siyah-Krom,3399.99,Küçük Ev Aletleri,2026-05-24,05,0.0
English Home TKM 6002 Çift Taşım Türk Kahvesi Makinesi Siyah-Bakır,2799.99,Küçük Ev Aletleri,2026-05-24,05,0.0
English Home TKM 6002 Çift Taşım Türk Kahvesi Makinesi Siyah-Krom,2599.99,Küçük Ev Aletleri,2026-05-24,05,0.0
English Home TKM 6011 Sütlü Türk Kahvesi Makinesi Siyah-Bakır,3399.99,Küçük Ev Aletleri,2026-05-24,05,0.0
English Home TKM 6020 Çift Hazneli İkili Türk Kahvesi Makinesi Siyah-Bakır,13999.99,Küçük Ev Aletleri,2026-05-24,05,0.0
English Home TKM 6020 Çift Hazneli İkili Türk Kahvesi Makinesi Siyah-Krom,13999.98,Küçük Ev Aletleri,2026-05-24,05,0.0
English Home TKM 6030 Çift Taşım Türk Kahvesi Makinesi Siyah-Bakır,2799.99,Küçük Ev Aletleri,2026-05-24,05,0.0
English Home TKM 6030 Çift Taşım Türk Kahvesi Makinesi Siyah-Krom,2799.99,Küçük Ev Aletleri,2026-05-24,05,0.0
English Home TKM 6031 Çelik Cezve Çift Taşım Türk Kahvesi Makinesi Beyaz-Bakır,3399.99,Küçük Ev Aletleri,2026-05-24,05,0.0
English Home TKM 6031 Çelik Cezve Çift Taşım Türk Kahvesi Makinesi Siyah-Krom,3399.99,Küçük Ev Aletleri,2026-05-24,05,0.0
English Home TKM 6040 Sütlü Türk Kahvesi Makinesi Antrasit,3399.99,Küçük Ev Aletleri,2026-05-24,05,0.0
English Home TKM 6040 Sütlü Türk Kahvesi Makinesi Siyah-Krom,3199.99,Küçük Ev Aletleri,2026-05-24,05,0.0
English Home TMK 5001 Mini Tost ve Waffle Makinesi Siyah,4799.99,Küçük Ev Aletleri,2026-05-24,05,0.0
English Home TMK 5001 Mini Waffle ve Tost Makinesi 900W Yeşil,4799.99,Küçük Ev Aletleri,2026-05-24,05,0.0
English Home TMK 5010 Çıkarılabilir Plakalı Tost Makinesi Siyah-Krom,4799.99,Küçük Ev Aletleri,2026-05-24,05,0.0
English Home TMK 5030 Izgara ve Tost Makinesi Inox,8199.99,Küçük Ev Aletleri,2026-05-24,05,0.0
English Home TMK 5050 Teflon Çıkarılabilir Plakalı Tost Makinesi 1800W Antrasit,4599.99,Küçük Ev Aletleri,2026-05-24,05,0.0
English Home TMK 5050 Teflon Çıkarılabilir Plakalı Tost Makinesi 1800W Kırmızı,4599.99,Küçük Ev Aletleri,2026-05-24,05,0.0
FKM 6020 Fırça,139.99,Küçük Ev Aletleri,2026-05-24,05,0.0
FKM 6020 Süzgeç,649.99,Küçük Ev Aletleri,2026-05-24,05,0.0
KBL 3001 Doğrayıcı Bıçak Grubu Gri,279.99,Küçük Ev Aletleri,2026-05-24,05,0.0
KBL 3001 Shake Away Kişisel Blender Şişe Kapağı Beyaz,199.99,Küçük Ev Aletleri,2026-05-24,05,0.0
KBL 3001 Shake Away Kişisel Blender Şişe Kapağı Siyah,199.99,Küçük Ev Aletleri,2026-05-24,05,0.0
KBL 3001 Shake Away Kişisel Blender Şişe Şeffaf,229.98,Küçük Ev Aletleri,2026-05-24,05,0.0
KBL 3001 Şişe Siyah,229.99,Küçük Ev Aletleri,2026-05-24,05,0.0
KBL 3010 Bıçak Grubu Kırmızı,289.99,Küçük Ev Aletleri,2026-05-24,05,0.0
MBS 3001 - RMB 3001 Çırpıcı Top Beyaz,279.99,Küçük Ev Aletleri,2026-05-24,05,0.0
MBS 3001 - RMB 3001 Çırpıcı Top Siyah,179.99,Küçük Ev Aletleri,2026-05-24,05,0.0
MBS 3001 Dişli Kutusu Beyaz,169.99,Küçük Ev Aletleri,2026-05-24,05,0.0
MBS 3001 Dişli Kutusu Siyah,179.99,Küçük Ev Aletleri,2026-05-24,05,0.0
MBS 3001 Doğrayıcı Hazne,199.99,Küçük Ev Aletleri,2026-05-24,05,0.0
MBS 3010 Dişli Kutusu Siyah,279.99,Küçük Ev Aletleri,2026-05-24,05,0.0
MBS 3010 Hazne,229.99,Küçük Ev Aletleri,2026-05-24,05,0.0
Nespresso C40 Inissia Kapsül Espresso Makinesi Kırmızı,9999.99,Küçük Ev Aletleri,2026-05-24,05,0.0
Nespresso F121 Latissima One Süt Çözümlü Espresso Makinesi Beyaz,19999.99,Küçük Ev Aletleri,2026-05-24,05,0.0
Nespresso F541 Gran Latissima Süt Çözümlü Espresso Makinesi Siyah,27999.99,Küçük Ev Aletleri,2026-05-24,05,0.0
Philips 3000 Serisi STH3020/10 Taşınabilir Buharlı Düzleştirici Beyaz,3499.99,Küçük Ev Aletleri,2026-05-24,05,0.0
Philips 4000 Serisi FC9332/07 Toz Torbasız Süpürge + Philips HD7301/00 Çay Makinesi Hediye,12999.99,Küçük Ev Aletleri,2026-05-24,05,0.0
Philips 5000 Serisi DST5020/30 Buharlı Ütü 2400W Mor,2499.99,Küçük Ev Aletleri,2026-05-24,05,0.0
Philips 5000 Serisi DST5030/80 2400 W Buharlı Ütü + Omuz Çantası,3999.99,Küçük Ev Aletleri,2026-05-24,05,0.0
Philips 6000 Serisi XC6456/10 Şarjlı Dikey Süpürge,14999.0,Küçük Ev Aletleri,2026-05-24,05,0.0
Philips 7000 Serisi Marathon Daily XB7151/07 Toz Torbasız Süpürge,15999.99,Küçük Ev Aletleri,2026-05-24,05,0.0
Philips 7000 Serisi STH7060/80 Taşınabilir Buharlı Düzleştirici Siyah,5499.99,Küçük Ev Aletleri,2026-05-24,05,0.0
Philips Aqua Plus 8000 Serisi XC8054/01 Islak Kuru Şarjlı Dikey Süpürge,29999.99,Küçük Ev Aletleri,2026-05-24,05,0.0
Philips Azur 7500 Serisi DST7510/80 Buharlı Ütü 3200W Siyah,6499.99,Küçük Ev Aletleri,2026-05-24,05,0.0
Philips Azur 8000 Serisi 3000W DST8040/30 Buharlı Ütü Mor,9999.99,Küçük Ev Aletleri,2026-05-24,05,0.0
Philips Daily Collection HD7461/20 Filtre Kahve Makinesi,4499.99,Küçük Ev Aletleri,2026-05-24,05,0.0
Philips LatteGo 2300 Serisi EP2331/10 Tam Otomatik Espresso Makinesi,27999.99,Küçük Ev Aletleri,2026-05-24,05,0.0
Philips LatteGo 5500 Serisi EP5547/90 Tam Otomatik Espresso Makinesi,39999.99,Küçük Ev Aletleri,2026-05-24,05,0.0
Philips OneUp 5000 Serisi XV5113/01 Elektrikli Mop,9299.99,Küçük Ev Aletleri,2026-05-24,05,0.0
Philips PerfectCare Compact Essential GC6842/30 Buhar Kazanlı Ütü Mor,8499.99,Küçük Ev Aletleri,2026-05-24,05,0.0
RMB 3001 Besin İtici,199.99,Küçük Ev Aletleri,2026-05-24,05,0.0
RMB 3001 Büyük Rende,179.99,Küçük Ev Aletleri,2026-05-24,05,0.0
RMB 3001 Dilimleme Aparatı,179.99,Küçük Ev Aletleri,2026-05-24,05,0.0
RMB 3001 Küçük Rende,179.99,Küçük Ev Aletleri,2026-05-24,05,0.0
SMR 3001 Metal Tas Saplı,1104.99,Küçük Ev Aletleri,2026-05-24,05,0.0
SMR3002 Kıyma Aparatı,1499.99,Küçük Ev Aletleri,2026-05-24,05,0.0
Sbl 3001 Bıçak Grubu  Kea Yedek Parça Beyaz,319.99,Küçük Ev Aletleri,2026-05-24,05,0.0
Sbl 3001 Bıçak Grubu  Kea Yedek Parça Kırmızı,319.99,Küçük Ev Aletleri,2026-05-24,05,0.0
Sbl 3001 Bıçak Grubu  Kea Yedek Parça Lacivert,319.99,Küçük Ev Aletleri,2026-05-24,05,0.0
Sbl 3001 Bıçak Grubu  Kea Yedek Parça Siyah,319.99,Küçük Ev Aletleri,2026-05-24,05,0.0
Sbl 3001 Hazne Kapağı  Kea Yedek Parça Beyaz,199.99,Küçük Ev Aletleri,2026-05-24,05,0.0
Sbl 3001 Hazne Kapağı  Kea Yedek Parça Lacivert,199.99,Küçük Ev Aletleri,2026-05-24,05,0.0
Sbl 3001 Hazne Kapağı  Kea Yedek Parça Siyah,199.99,Küçük Ev Aletleri,2026-05-24,05,0.0
Silikon Tutamak  Kea Yedek Parça Beyaz,169.99,Küçük Ev Aletleri,2026-05-24,05,0.0
Silikon Tutamak  Kea Yedek Parça Kırmızı,169.99,Küçük Ev Aletleri,2026-05-24,05,0.0
Silikon Tutamak  Kea Yedek Parça Lacivert,249.99,Küçük Ev Aletleri,2026-05-24,05,0.0
Silikon Tutamak  Kea Yedek Parça Siyah,169.99,Küçük Ev Aletleri,2026-05-24,05,0.0
TKM 6002 Cezve Kırmızı,900.99,Küçük Ev Aletleri,2026-05-24,05,0.0
TKM 6002 Cezve Siyah-Bakır,899.99,Küçük Ev Aletleri,2026-05-24,05,0.0
TKM 6010 - TKM 6011 Kahve Ölçü Kaşığı,159.99,Küçük Ev Aletleri,2026-05-24,05,0.0
TKM 6011 CEZVE Antrasit,1055.99,Küçük Ev Aletleri,2026-05-24,05,0.0
TKM 6011 CEZVE Kırmızı,865.99,Küçük Ev Aletleri,2026-05-24,05,0.0
TKM 6011 Cezve Siyah-Bakır,919.99,Küçük Ev Aletleri,2026-05-24,05,0.0
TKM 6011 Cezve Siyah-Krom,919.99,Küçük Ev Aletleri,2026-05-24,05,0.0
TKM ÖLÇEK KAŞIĞI SİYAH - TEK TARAFLI,199.99,Küçük Ev Aletleri,2026-05-24,05,0.0
TMK 5001 Tost Plakası Kea Yedek Parça Siyah,299.99,Küçük Ev Aletleri,2026-05-24,05,0.0
TMK 5010 Tost Plakası  Kea Yedek Parça,349.99,Küçük Ev Aletleri,2026-05-24,05,0.0
TMK 5020 Teflon Plaka,473.99,Küçük Ev Aletleri,2026-05-24,05,0.0
TMK 5040 Teflon Plaka,741.99,Küçük Ev Aletleri,2026-05-24,05,0.0
Tkm İnox Cezve Komple - Tek Tuş Mdl  Kea Yedek Parça Inox,995.99,Küçük Ev Aletleri,2026-05-24,05,0.0
Tmk 5001 Alt Waffle Plakası  Kea Yedek Parça Siyah,249.99,Küçük Ev Aletleri,2026-05-24,05,0.0
Tmk 5001 Üst Waffle Plakası  Kea Yedek Parça Siyah,249.99,Küçük Ev Aletleri,2026-05-24,05,0.0
Tmk 5030 Rezistanslı Plaka  Kea Yedek Parça Siyah,1399.99,Küçük Ev Aletleri,2026-05-24,05,0.0
Westinghouse Retro Ekmek Kızartma Makinesi Krem,5599.99,Küçük Ev Aletleri,2026-05-24,05,0.0
Westinghouse Retro Ekmek Kızartma Makinesi Siyah,4999.99,Küçük Ev Aletleri,2026-05-24,05,0.0
Westinghouse Retro El Blenderı Krem,3999.99,Küçük Ev Aletleri,2026-05-24,05,0.0
Westinghouse Retro El Blenderı Kırmızı,4199.99,Küçük Ev Aletleri,2026-05-24,05,0.0
Westinghouse Retro El Blenderı Siyah,3999.99,Küçük Ev Aletleri,2026-05-24,05,0.0
Westinghouse Retro Standlı El Mikseri Krem,7499.99,Küçük Ev Aletleri,2026-05-24,05,0.0
Westinghouse Retro Standlı El Mikseri Kırmızı,8999.99,Küçük Ev Aletleri,2026-05-24,05,0.0
Westinghouse Retro Standlı El Mikseri Pembe,9999.99,Küçük Ev Aletleri,2026-05-24,05,0.0
Westinghouse Retro Standlı El Mikseri Siyah,6999.99,Küçük Ev Aletleri,2026-05-24,05,0.0
"Westinghouse Retro Su Isıtıcı 1,7 Lt Siyah",7499.99,Küçük Ev Aletleri,2026-05-24,05,0.0
"Westinghouse Retro Su Isıtıcı 1,7L Kırmızı",7999.99,Küçük Ev Aletleri,2026-05-24,05,0.0
Şişe Kapağı  Kea Yedek Parça Beyaz,199.99,Küçük Ev Aletleri,2026-05-24,05,0.0
Şişe Kapağı  Kea Yedek Parça Kırmızı,199.99,Küçük Ev Aletleri,2026-05-24,05,0.0
Şişe Kapağı  Kea Yedek Parça Lacivert,199.99,Küçük Ev Aletleri,2026-05-24,05,0.0
Şişe Kapağı  Kea Yedek Parça Siyah,199.99,Küçük Ev Aletleri,2026-05-24,05,0.0
Şişe Kapağı Kea Yedek Parça Şeffaf,159.99,Küçük Ev Aletleri,2026-05-24,05,0.0
Acoral Paslanmaz Çelik Rende 21 cm Gri,1749.99,Mutfak,2026-05-24,05,0.0
Adelina 2li Misafir Peçetesi Beyaz-Gold,1999.99,Mutfak,2026-05-24,05,0.0
"Adly 3 Parça Saklama Kabı 700 ml – 1,4 L – 2 L Yeşil-Krem",2249.99,Mutfak,2026-05-24,05,0.0
"Adra Rende 12x8,2x18,5 cm Turuncu",1999.99,Mutfak,2026-05-24,05,0.0
"Adra Rende 12x8,2x18,5 cm Yeşil",1999.99,Mutfak,2026-05-24,05,0.0
Adra Süzgeç 3 L Yeşil,1149.99,Mutfak,2026-05-24,05,0.0
Adrea Paslanmaz Çelik Süzgeç 40 cm Gri,539.99,Mutfak,2026-05-24,05,0.0
Aidan Rattan Peçete Halkası Kahve,749.95,Mutfak,2026-05-24,05,0.0
Alas Fırın Eldiveni ve Tutacak Seti Bej,2249.99,Mutfak,2026-05-24,05,0.0
Alas Pamuk Mutfak Önlüğü Lacivert,2499.99,Mutfak,2026-05-24,05,0.0
Alexi Mutfak Gereci Yeşil,279.99,Mutfak,2026-05-24,05,0.0
"Alexi Salata Kurutucu Mutfak Gereci 25,6x25,6x14,2 cm Turuncu",1749.99,Mutfak,2026-05-24,05,0.0
Alexy Soyacak 20 cm Mavi,1999.99,Mutfak,2026-05-24,05,0.0
Alfred Plastik Kavanoz Yeşil,699.95,Mutfak,2026-05-24,05,0.0
Alice Saklama Kabı Turuncu,1999.99,Mutfak,2026-05-24,05,0.0
Alice Saklama Kabı Zeytin Yeşili,1199.99,Mutfak,2026-05-24,05,0.0
Aligne Pamuk Kurulama Bezi 30x50 cm Antrasit,999.99,Mutfak,2026-05-24,05,0.0
Alina Cam 4lü Baharatlık Şeffaf,494.99,Mutfak,2026-05-24,05,0.0
Alina Cam Baharatlık Bordo,649.95,Mutfak,2026-05-24,05,0.0
Aline 3lü Ölçü Kabı Mutfak Gereci 8x8x9 cm Şeffaf,1299.95,Mutfak,2026-05-24,05,0.0
Aline 5’li Ölçü Kaşığı Mutfak Gereci 23X16 cm Yeşil,849.95,Mutfak,2026-05-24,05,0.0
Aline Plastik 4lü Saklama Kabı 280 ml Yeşil-Mavi,1049.99,Mutfak,2026-05-24,05,0.0
Aline Soyacak 28 cm Mavi,1999.99,Mutfak,2026-05-24,05,0.0
Alissa 5li Rende 24x11 cm Renkli,1999.99,Mutfak,2026-05-24,05,0.0
"Alissa El Rondosu Mutfak Gereci 13,2x13,2x15,3 cm Turuncu",1499.99,Mutfak,2026-05-24,05,0.0
Alissa Soyacak 14 cm Turuncu,1999.99,Mutfak,2026-05-24,05,0.0
Alissa Soyacak 14 cm Yeşil,1999.99,Mutfak,2026-05-24,05,0.0
All Fresh Inox Paslanmaz Çelik Erzak Kabı Silver,2499.99,Mutfak,2026-05-24,05,0.0
Allure Hasır Ekmek Sepeti Bej,419.99,Mutfak,2026-05-24,05,0.0
Aluna Metal Ekmek Sepeti Bej,1749.99,Mutfak,2026-05-24,05,0.0
"Alvin Paslanmaz Çelik Rende 24,5 cm Mavi",359.99,Mutfak,2026-05-24,05,0.0
Amara Spagetti Kaşığı 32 cm Kırmızı,699.95,Mutfak,2026-05-24,05,0.0
Amity Metal Maşa Gri,1399.99,Mutfak,2026-05-24,05,0.0
Amity Paslanmaz Çelik Maşa 26 cm Siyah,1749.99,Mutfak,2026-05-24,05,0.0
Amity Silikon Spatula 30 cm Renkli,1149.99,Mutfak,2026-05-24,05,0.0
Amorf Air Kayın Kesme Tahtası Kahve,439.99,Mutfak,2026-05-24,05,0.0
Amour Porselen Isıtıcılı Demlik Seti 850 ml Beyaz,4499.99,Mutfak,2026-05-24,05,0.0
Ancel Fırın Eldiveni ve Tutacak Seti Lacivert,2249.99,Mutfak,2026-05-24,05,0.0
Andy Saklama Kabı Şeffaf,899.99,Mutfak,2026-05-24,05,0.0
"Angelina Çelik 6lı Bıçak 19,5 cm Pembe",1749.99,Mutfak,2026-05-24,05,0.0
Antoine Cam Tereyağlık,1999.99,Mutfak,2026-05-24,05,0.0
Apple 20li Kağıt Peçete Kırmızı,1049.99,Mutfak,2026-05-24,05,0.0
Aqualis 20li Kağıt Peçete 33x33 cm Mavi-Beyaz,1049.99,Mutfak,2026-05-24,05,0.0
Aqualuna Fırın Eldiveni ve Tutacak Seti Mavi - Yeşil,2249.99,Mutfak,2026-05-24,05,0.0
Aquatine Pamuk Kurulama Bezi 30x50 cm Beyaz - Mavi,799.95,Mutfak,2026-05-24,05,0.0
Arian Borosilikat Saklama Kabı Şeffaf,153.99,Mutfak,2026-05-24,05,0.0
Arian Nova Borosilikat Saklama Kabı Şeffaf,1499.99,Mutfak,2026-05-24,05,0.0
Arnie Cam Kesme Tahtası 20x30 cm Sarı-Yeşil-Mavi-Kırmızı,1399.99,Mutfak,2026-05-24,05,0.0
Arnie Cam Kesme Tahtası Renkli,2249.99,Mutfak,2026-05-24,05,0.0
Arnie Çelik Rende 23x7 cm Bordo,1999.99,Mutfak,2026-05-24,05,0.0
Arzu Sabancı Splash 2li Misafir Peçetesi Krem-Turuncu,2749.99,Mutfak,2026-05-24,05,0.0
Aspen Paslanmaz Çelik Rende 24 cm Natural,1249.99,Mutfak,2026-05-24,05,0.0
"Aster Paslanmaz Çelik Rende 10,5x27,9x3,6 cm Yeşil",1249.99,Mutfak,2026-05-24,05,0.0
Aster Plastik El Rondosu Mutfak Gereci 13x11 cm Yeşil,1499.99,Mutfak,2026-05-24,05,0.0
"Aurelia Paslanmaz Çelik 5li Servis Seti 20,5x22,8x21,8x23,5x22 cm Gold",6499.99,Mutfak,2026-05-24,05,0.0
"Aurelia Paslanmaz Çelik 5li Servis Seti 20,5x22,8x21,8x23,5x22 cm Silver",779.99,Mutfak,2026-05-24,05,0.0
Autumn Flower 20li Kağıt Peçete Renkli,1049.99,Mutfak,2026-05-24,05,0.0
Avery Borosilikat Kavanoz 430 ml Şeffaf,2249.99,Mutfak,2026-05-24,05,0.0
Axel Akrilik Mini Süzgeç 15 cm Antrasit,999.99,Mutfak,2026-05-24,05,0.0
Axel Akrilik Mini Süzgeç 15 cm Şeffaf,999.99,Mutfak,2026-05-24,05,0.0
Axel Akrilik Süzgeç,1149.99,Mutfak,2026-05-24,05,0.0
Axel Akrilik Süzgeç Antrasit,1199.99,Mutfak,2026-05-24,05,0.0
Azure Bloom Emaye Bakraç 16 cm Lacivert,479.99,Mutfak,2026-05-24,05,0.0
Azure Bloom Emaye Cezve 10 cm Beyaz,439.99,Mutfak,2026-05-24,05,0.0
Azure Bloom Emaye Cezve 10 cm Lacivert,439.99,Mutfak,2026-05-24,05,0.0
Bake&Serve Cam Fırın Kabı Kırmızı,319.99,Mutfak,2026-05-24,05,0.0
Bake&Serve Cam Fırın Kabı Şeffaf,359.99,Mutfak,2026-05-24,05,0.0
Bakers Choice Karbon Çelik Kek Kalıbı Kırmızı,3499.99,Mutfak,2026-05-24,05,0.0
"Baker’s Choice Flower Karbon Çelik Kek Kalıbı 26 x 6,8 cm Kırmızı",439.99,Mutfak,2026-05-24,05,0.0
"Baker’s Choice Karbon Çelik Fırın Kabı 24 x 32 x 4,7cm Kırmızı",2499.99,Mutfak,2026-05-24,05,0.0
Baker’s Choice Karbon Çelik Tart Kek Kalıbı 28 x 4 cm Kırmızı,2749.99,Mutfak,2026-05-24,05,0.0
Balang Cam Kavanoz Şeffaf,1149.99,Mutfak,2026-05-24,05,0.0
Baldwin Borosilikat Saklama Kabı Kahve,1499.99,Mutfak,2026-05-24,05,0.0
Baldwin Borosilikat Yağdanlık Şeffaf,359.99,Mutfak,2026-05-24,05,0.0
Be Kind Kağıt 20li Kağıt Peçete 33x33 cm Turuncu,1049.99,Mutfak,2026-05-24,05,0.0
Bella Plastik 2li Mutfak Düzenleyici 3 L – 5 L Şeffaf,439.99,Mutfak,2026-05-24,05,0.0
Belle Band Cam Baharatlık 290 ml Natural,1399.99,Mutfak,2026-05-24,05,0.0
Belle Cam Kavanoz Natural,1399.99,Mutfak,2026-05-24,05,0.0
Belle Cam Saklama Kabı Natural,279.99,Mutfak,2026-05-24,05,0.0
Beloved Porselen Isıtıcılı Demlik Seti 850 ml Beyaz,809.99,Mutfak,2026-05-24,05,0.0
Berghoff Dina Entity Paslanmaz Çelik 6 Parça Bloklu Bıçak Seti 34x80 cm Gri,4100.0,Mutfak,2026-05-24,05,0.0
Berghoff Dina Pica Paslanmaz Çelik 7 Parça Bloklu Bıçak Seti 34x80 cm Siyah,2799.99,Mutfak,2026-05-24,05,0.0
"Berghoff Essentials Paslanmaz Çelik 4 Yönlü Rende 18,5 cm Siyah",549.99,Mutfak,2026-05-24,05,0.0
Berghoff LEO Phantom Derin Tencere 24 cm Siyah,15999.99,Mutfak,2026-05-24,05,0.0
Berghoff LEO Phantom Seramik Tava Latte,2899.99,Mutfak,2026-05-24,05,0.0
Berghoff LEO Phantom Seramik Tencere Latte,5669.99,Mutfak,2026-05-24,05,0.0
Berghoff LEO Phantom Seramik Tencere Siyah,15999.99,Mutfak,2026-05-24,05,0.0
"Berghoff Leo Balance Sage Tencere 24x11,5 cm Ada Çayı Yeşili",13999.99,Mutfak,2026-05-24,05,0.0
Berlin CeraWell 5 Parça Tencere Seti 24-28-28 cm Yeşil,22499.99,Mutfak,2026-05-24,05,0.0
Berlin CeraWell Tava Yeşil,5999.99,Mutfak,2026-05-24,05,0.0
Berlin Fusion Pro Basık Tencere Yeşil,1367.99,Mutfak,2026-05-24,05,0.0
Berlin Fusion Pro Seramik Tava Gri,5999.99,Mutfak,2026-05-24,05,0.0
Berlin Fusion Pro Seramik Tencere Gri,1439.99,Mutfak,2026-05-24,05,0.0
Berlin Fusion Pro Tencere Seti 24-28-28 cm Gri,22499.99,Mutfak,2026-05-24,05,0.0
Berry 20li Kağıt Peçete Kırmızı,1049.99,Mutfak,2026-05-24,05,0.0
Berry Branches 20li Kağıt Peçete Lacivert,1049.99,Mutfak,2026-05-24,05,0.0
Bertrand Paslanmaz Çelik Bıçak Kırmızı,799.95,Mutfak,2026-05-24,05,0.0
Bertrand Paslanmaz Çelik Bıçak Mavi,127.98,Mutfak,2026-05-24,05,0.0
Bertrand Paslanmaz Çelik Bıçak Yeşil,899.99,Mutfak,2026-05-24,05,0.0
Best Food Lunch Box Kırmızı,1999.99,Mutfak,2026-05-24,05,0.0
Best Food Lunch Box Mavi,1999.99,Mutfak,2026-05-24,05,0.0
Bety Kayın 2li Kesme Tahtası 19x26 cm - 21x35 cm Natural,2249.99,Mutfak,2026-05-24,05,0.0
Bianca Seramik Set Fırın Kabı Beyaz,359.99,Mutfak,2026-05-24,05,0.0
Bioni Paslanmaz Çelik Maşa 28 cm Yeşil,999.95,Mutfak,2026-05-24,05,0.0
Bioni Süzgeç 23 cm Renkli,949.95,Mutfak,2026-05-24,05,0.0
Blitz Saklama Kabı 4 Lt Gül Kurusu,999.99,Mutfak,2026-05-24,05,0.0
Blitz Saklama Kabı 4 Lt Petrol Mavisi,999.99,Mutfak,2026-05-24,05,0.0
Blockify 20li Kağıt Peçete 33x33 cm Siyah - Beyaz,1049.99,Mutfak,2026-05-24,05,0.0
Blossom Frame New Bone China Demlik Seti 400 – 290 ml Pembe - Beyaz,699.99,Mutfak,2026-05-24,05,0.0
Blossom Frame Pamuklu Nakışlı Kurulama Bezi 30x50 cm Pembe,1399.99,Mutfak,2026-05-24,05,0.0
Blossy 20li Kağıt Peçete 33x33 cm Beyaz - Yeşil,1049.99,Mutfak,2026-05-24,05,0.0
Blue Flowers New Bone China Demlik 400 ml Mavi,639.99,Mutfak,2026-05-24,05,0.0
Blue Lines Fırın Eldiveni ve Tutacak Seti Lacivert,2499.99,Mutfak,2026-05-24,05,0.0
Blue Lines Mutfak Önlüğü 65x75 cm Lacivert,2249.99,Mutfak,2026-05-24,05,0.0
Bluette 20li Kağıt Peçete 33x33 cm Mavi,1049.99,Mutfak,2026-05-24,05,0.0
Blura Kağıt 20li Kağıt Peçete 33x33 cm Mavi,174.99,Mutfak,2026-05-24,05,0.0
Bluva Pamuk Kurulama Bezi 30x50 cm Mavi,1399.99,Mutfak,2026-05-24,05,0.0
Bluvita 20li Kağıt Peçete 33x33 cm Mavi-Beyaz,1099.99,Mutfak,2026-05-24,05,0.0
Bohem Line Cam Kavanoz Şeffaf,1999.99,Mutfak,2026-05-24,05,0.0
Bon Appetit Cam Kavanoz 500 ml Yeşil,1499.99,Mutfak,2026-05-24,05,0.0
Bon Vita Cam 2li Baharatlik 220 ml - 220 ml Mavi-yeşil,279.99,Mutfak,2026-05-24,05,0.0
Bony Cam 2li Yağlık - Sirkelik 18 cm Şeffaf,3999.99,Mutfak,2026-05-24,05,0.0
Botanic 20li Kağıt Peçete 33x33 cm Mavi,1049.99,Mutfak,2026-05-24,05,0.0
Botanica 20li Kağıt Peçete 33x33 cm Yeşil,1049.99,Mutfak,2026-05-24,05,0.0
Braid Dots Pamuk 2li Misafir Peçetesi Mavi - Lacivert,1399.99,Mutfak,2026-05-24,05,0.0
"Bright Dream Emaye Baharatlik 0,5L Kırmızı - Beyaz",2499.99,Mutfak,2026-05-24,05,0.0
Bright Floral Fırın Eldiveni ve Tutacak Seti Pembe - Yeşil,439.99,Mutfak,2026-05-24,05,0.0
Bright Parade Cam Kavanoz Kırmızı - Beyaz,1499.99,Mutfak,2026-05-24,05,0.0
Bright Parade Cam Kesme Tahtası 25x35 cm Kırmızı - Beyaz,1999.99,Mutfak,2026-05-24,05,0.0
"Bright Parade Emaye Baharatlik 0,75 L Kırmızı - Beyaz",2499.99,Mutfak,2026-05-24,05,0.0
Bright Parade Emaye Bakraç 16 cm Beyaz,3249.99,Mutfak,2026-05-24,05,0.0
Bright Parade Emaye Bakraç 20 cm Kırmızı,4999.99,Mutfak,2026-05-24,05,0.0
"Bright Parade Emaye Sos Tenceresı 1,6L Kırmızı",4499.99,Mutfak,2026-05-24,05,0.0
Bright Parade Fırın Eldiveni ve Tutacak Seti Kırmızı - Yeşil,2749.99,Mutfak,2026-05-24,05,0.0
Bright Parade Melamin Kaşıklık Mutfak Gereci 24 cm Kırmızı - Beyaz,1499.99,Mutfak,2026-05-24,05,0.0
Bright Parade Pamuklu Nakışlı Kurulama Bezi 30x50 cm Kırmızı,1399.99,Mutfak,2026-05-24,05,0.0
Brims Paslanmaz Çelik Süzgeç 18 cm Siyah,359.99,Mutfak,2026-05-24,05,0.0
Brims Paslanmaz Çelik Süzgeç 26 cm Gri,439.99,Mutfak,2026-05-24,05,0.0
Brims Paslanmaz Çelik Süzgeç Gri,1999.99,Mutfak,2026-05-24,05,0.0
Brims Paslanmaz Çelik Süzgeç Siyah,349.99,Mutfak,2026-05-24,05,0.0
Briony Borosilikat Kavanoz Kahve,2499.99,Mutfak,2026-05-24,05,11.111160494046642
Brisa Emaye Çaydanlık Kahverengi,7999.99,Mutfak,2026-05-24,05,0.0
Bubble Fish Pamuklu Nakışlı Kurulama Bezi 30x50 cm Turuncu – Bej,1499.99,Mutfak,2026-05-24,05,0.0
Bubble Joy Kağıt 20li Kağıt Peçete 33x33 cm Renkli,1049.99,Mutfak,2026-05-24,05,0.0
Burnia Silikon Bal Kaşığı Mutfak Gereci 16 cm Bordo,699.95,Mutfak,2026-05-24,05,0.0
Caitlin Maşa 35 cm Krem,849.95,Mutfak,2026-05-24,05,0.0
Caitlin Maşa 35 cm Yeşil,849.95,Mutfak,2026-05-24,05,0.0
"Callie 3 Parça Karıştırma Kabı 2,6 L Krem",1749.99,Mutfak,2026-05-24,05,0.0
Canela 4 Parça Karıştırma Kabı Yeşil,2249.99,Mutfak,2026-05-24,05,0.0
Carolie Kayın Kesme Tahtası 19x25 cm Kahve,1999.99,Mutfak,2026-05-24,05,0.0
Carolie Kayın Kesme Tahtası 28x21 cm Kahve,2249.99,Mutfak,2026-05-24,05,0.0
Casamere Metal 4lü Peçete Halkası Gold,1749.99,Mutfak,2026-05-24,05,0.0
Caterina Soyacak 17 cm Yeşil,1999.99,Mutfak,2026-05-24,05,0.0
Celia Silikon Spatula Gri,1149.99,Mutfak,2026-05-24,05,0.0
Celia Silikon Spatula Yeşil,1149.99,Mutfak,2026-05-24,05,0.0
Celia Silikon Yumurta Fırçası 22 cm Yeşil,799.95,Mutfak,2026-05-24,05,0.0
Celinda Kayın 2li Kesme Tahtası 22x30 cm - 15x21 cm Natural,1749.99,Mutfak,2026-05-24,05,0.0
Cest Cam Kavanoz 880 ml Turuncu,1749.99,Mutfak,2026-05-24,05,0.0
Cheerful Stoneware Fırın Tenceresi Mavi,1999.99,Mutfak,2026-05-24,05,0.0
Chef Cut Paslanmaz Çelik 6 Parça Bıçak Seti 11x11x22 cm Siyah,3499.99,Mutfak,2026-05-24,05,0.0
Chena Silikon Spatula 25 cm Beyaz,999.99,Mutfak,2026-05-24,05,0.0
Cherries Pamuk Kurulama Bezi 30x50 cm Sarı-Kırmızı,999.99,Mutfak,2026-05-24,05,0.0
Cherry Cam Kavanoz 630 ml Şeffaf,1299.99,Mutfak,2026-05-24,05,0.0
Cherry Cherry Kağıt 20li Kağıt Peçete 33x33 cm Mavi,1049.99,Mutfak,2026-05-24,05,0.0
"Cherry Emaye Baharatlık 0,75 L Sarı",479.99,Mutfak,2026-05-24,05,0.0
Cherry Pamuk Kurulama Bezi 30x50 cm Kırmızı,1749.99,Mutfak,2026-05-24,05,0.0
Chimera Fırın Eldiveni ve Tutacak Seti Yeşil,2499.99,Mutfak,2026-05-24,05,0.0
Chimera Melamin Kaşıklık 24 cm Beyaz - Yeşil,1499.99,Mutfak,2026-05-24,05,0.0
Chimera Pamuk Kurulama Bezi 30x50 cm Mavi-Kırmızı,1499.99,Mutfak,2026-05-24,05,0.0
Chloe Iroko İkili Servis Gereci 29 cm Kahverengi,1999.99,Mutfak,2026-05-24,05,0.0
Christmas Cocaine 20li Kağıt Peçete Kırmızı,1149.95,Mutfak,2026-05-24,05,0.0
Christmas Straight 20li Kağıt Peçete Kırmızı,999.99,Mutfak,2026-05-24,05,0.0
Christmas Straight 20li Kağıt Peçete Yeşil,999.99,Mutfak,2026-05-24,05,0.0
Ciara 3 Parça Servis Seti Gri,1499.99,Mutfak,2026-05-24,05,
Ciara Kepçe Siyah,1149.95,Mutfak,2026-05-24,05,0.0
Ciara Patates Ezici Mutfak Gereci Siyah,999.99,Mutfak,2026-05-24,05,0.0
Ciara Soyacak 17 cm Krem,1999.99,Mutfak,2026-05-24,05,0.0
Ciara Spatula 32 cm Siyah,1149.95,Mutfak,2026-05-24,05,0.0
"Ciara Süzgeç 31,5 cm Siyah",1149.95,Mutfak,2026-05-24,05,0.0
Classic Line 20li Kağıt Peçete Gri,1049.99,Mutfak,2026-05-24,05,
Claudia Soyacak 15 cm Yeşil,1099.99,Mutfak,2026-05-24,05,0.0
Clawdia 20li Kağıt Peçete 33x33 cm Mavi-Turuncu,649.99,Mutfak,2026-05-24,05,0.0
ClickEase 6 Parça Premium Tencere ve Tava Seti Siyah,9999.99,Mutfak,2026-05-24,05,0.0
ClickEase 7 Parça Premium Tencere Seti 18-20-24-28 cm Siyah,14999.99,Mutfak,2026-05-24,05,0.0
ClickEase CeraWell 8 Parça Tencere Seti 20 – 20 – 26 – 26 cm Mocha,21499.99,Mutfak,2026-05-24,05,0.0
ClickEase CeraWell 8 Parça Tencere Seti 20-24-26-26 cm Gri,25999.99,Mutfak,2026-05-24,05,0.0
ClickEase Premium 11 Parça Tencere Seti 16 – 20 – 24 – 26 - 28 cm Siyah,19999.99,Mutfak,2026-05-24,05,0.0
ClickEase Premium Tencere Seti Gri,2079.99,Mutfak,2026-05-24,05,0.0
Clyra Kağıt 20li Kağıt Peçete 33x33 cm Beyaz - Kırmızı,1049.99,Mutfak,2026-05-24,05,0.0
Coastal Charm 20li Kağıt Peçete 33x33 cm Mavi,649.99,Mutfak,2026-05-24,05,0.0
"Coastal Fish 20li Kağıt Peçete 32,5x32,5 cm Mavi",1099.99,Mutfak,2026-05-24,05,0.0
Coastal Hasır Ekmek Sepeti Gri,239.99,Mutfak,2026-05-24,05,0.0
Coastal Line 20li Kağıt Peçete 33x33 cm Mavi,1049.99,Mutfak,2026-05-24,05,0.0
Coastal Scorpion 20li Kağıt Peçete 33x33 cm Mavi,1049.99,Mutfak,2026-05-24,05,0.0
Coastal Seashell 20li Kağıt Peçete 33x33 cm Mavi,1049.99,Mutfak,2026-05-24,05,0.0
Coastal Stripe 20li Kağıt Peçete 33x33 cm Mavi,1049.99,Mutfak,2026-05-24,05,0.0
Coastal Tie 20li Kağıt Peçete 33x33 cm Mavi,1049.99,Mutfak,2026-05-24,05,0.0
Coastline Mutfak Önlüğü 65x75 cm Mavi - Yeşil,2499.99,Mutfak,2026-05-24,05,0.0
Coastlinear Plastik Peçetelik 15x6x11 cm Mavi,1499.99,Mutfak,2026-05-24,05,0.0
Colessa Limon Sıkacağı Krem,1399.99,Mutfak,2026-05-24,05,0.0
Colessa Maşa 26 cm Yeşil,849.95,Mutfak,2026-05-24,05,0.0
Colessa Maşa Krem,849.95,Mutfak,2026-05-24,05,0.0
Colessa Paslanmaz Çelik Rende 11x24 cm Krem,1499.99,Mutfak,2026-05-24,05,0.0
Colessa Paslanmaz Çelik Rende 11x24 cm Yeşil,1499.99,Mutfak,2026-05-24,05,0.0
Colessa Plastik Limon Sıkacağı Yeşil,1399.99,Mutfak,2026-05-24,05,0.0
Colessa Plastik Servis Seti 28 cm Krem,849.95,Mutfak,2026-05-24,05,0.0
Colessa Saklama Kabı Krem,1149.99,Mutfak,2026-05-24,05,0.0
Colessa Saklama Kabı Yeşil,1399.99,Mutfak,2026-05-24,05,0.0
Colessa Soyacak 15 cm Krem,1099.99,Mutfak,2026-05-24,05,0.0
Colin Borosilikat Yağdanlık Şeffaf,419.99,Mutfak,2026-05-24,05,0.0
Collotte Maşa 27 cm Yeşil,999.99,Mutfak,2026-05-24,05,0.0
Collotte Maşa Krem,999.99,Mutfak,2026-05-24,05,0.0
Colorful Blooms Kağıt 20li Kağıt Peçete 33x33 cm Turuncu,1049.99,Mutfak,2026-05-24,05,0.0
Colorisca 20li Kağıt Peçete 33x33 cm Renkli,1099.99,Mutfak,2026-05-24,05,0.0
Colorpix Kağıt 20li Kağıt Peçete 33x33 cm Renkli,1049.99,Mutfak,2026-05-24,05,0.0
Colourful Joy Cam Kesme Tahtası 25x35 cm Renkli,1999.99,Mutfak,2026-05-24,05,0.0
Cooker Pamuk-Keten Mutfak Önlüğü 70x55 Cm Lacivert,1999.99,Mutfak,2026-05-24,05,0.0
Corazon Paslanmaz Çelik 4 Cup Moka Pot 160 ml Turuncu,1279.99,Mutfak,2026-05-24,05,0.0
Cordelia Silikon Maşa Kırmızı,1099.99,Mutfak,2026-05-24,05,0.0
Cordelia Silikon Çırpıcı 26 cm Kırmızı,1149.99,Mutfak,2026-05-24,05,0.0
Cordelia Silikon Çırpıcı Kırmızı,1399.99,Mutfak,2026-05-24,05,0.0
Cordie Cam Kesme Tahtası Renkli,1999.99,Mutfak,2026-05-24,05,0.0
Cosmic Cam Tereyağlık 21x8x7 Cm Şeffaf,2249.99,Mutfak,2026-05-24,05,0.0
Costa Premium 2li Tava Seti 20-24 cm Gri,6499.99,Mutfak,2026-05-24,05,0.0
Costa Premium 2li Tava Seti 24-28 cm Gri,7499.99,Mutfak,2026-05-24,05,0.0
Cottage Stoneware 2li Sufle Fırın Kabı 9 – 9 cm Açık Yeşil-Koyu Yeşil,1749.99,Mutfak,2026-05-24,05,0.0
Cottage Stoneware 2’li Sufle Fırın Kabı 9 – 9 cm Koyu Pembe – Açık Pembe,1749.99,Mutfak,2026-05-24,05,0.0
Cottage Stoneware Fırın Kabı Açık Pembe,479.99,Mutfak,2026-05-24,05,0.0
Cottage Stoneware Fırın Kabı Açık Yeşil,1999.99,Mutfak,2026-05-24,05,0.0
Cottage Stoneware Fırın Kabı Koyu Pembe,479.99,Mutfak,2026-05-24,05,0.0
"Cottage Stoneware Kalp Fırın Kabı 14,5x13,5 cm Açık Yeşil",279.99,Mutfak,2026-05-24,05,0.0
Cottage Stoneware Yuvarlak Fırın Kabı 13x4 cm Koyu Yeşil,239.99,Mutfak,2026-05-24,05,0.0
"Count Ölçü Kabı Mutfak Gereci 7,5x8x18 cm Şeffaf",749.95,Mutfak,2026-05-24,05,0.0
"Creil Paslanmaz Çelik 5 Parça Bloklu Bıçak Seti 20,5-24,5-33-33-33 cm Silver",1439.99,Mutfak,2026-05-24,05,0.0
Cross Cam Peçetelik 13x9 cm Şeffaf,799.95,Mutfak,2026-05-24,05,0.0
Crustic Ekmek Sepeti Kahverengi,223.99,Mutfak,2026-05-24,05,0.0
"Crux Cam Tereyağlık 17,5x11x10 Cm Şeffaf",1749.99,Mutfak,2026-05-24,05,0.0
Culinary Pamuk Kurulama Bezi 30x50 cm Bej,749.95,Mutfak,2026-05-24,05,0.0
Culinary Pamuk Kurulama Bezi 30x50 cm Gri,749.95,Mutfak,2026-05-24,05,0.0
CutMe 2li Kesme Tahtası 27-34 cm Fuşya-Mavi,999.95,Mutfak,2026-05-24,05,0.0
CutMe 2li Kesme Tahtası 27-34 cm Lila - Pembe,999.95,Mutfak,2026-05-24,05,0.0
Cute Deer 12li Kağıt Peçete 33x40 Cm Siyah,799.95,Mutfak,2026-05-24,05,0.0
Daisy Kağıt Peçete Mavi,1049.99,Mutfak,2026-05-24,05,0.0
Dalmata 20li Kağıt Peçete 33x33 cm Yeşil,1049.99,Mutfak,2026-05-24,05,0.0
Daniel Plastik 2’li Ölçü Kabı Mutfak Gereci 300 – 600 ml Şeffaf,1499.99,Mutfak,2026-05-24,05,0.0
Daniel Silikon 2li Servis Gereci 23.5 x 25 cm Yeşil,1499.99,Mutfak,2026-05-24,05,0.0
Daniel Silikon 3lü Servis Gereci 23.5x25x26.5 cm Açık Pembe,2249.99,Mutfak,2026-05-24,05,0.0
Darkness Kağıt 20li Kağıt Peçete 33x33 cm Siyah - Beyaz,174.99,Mutfak,2026-05-24,05,0.0
Deanna 3 Parça Saklama Kabı Yeşil,2249.99,Mutfak,2026-05-24,05,0.0
Deeper 20li Kağıt Peçete 33x33 cm Kırmızı,649.99,Mutfak,2026-05-24,05,
Deeper 20li Kağıt Peçete 33x33 cm Lacivert,649.99,Mutfak,2026-05-24,05,0.0
Diana Çelik 4lü Meyve Bıçak 16 cm Mavi,1399.99,Mutfak,2026-05-24,05,0.0
Dina Bambu Kesme Tahtası 31x20 cm Natural,1749.99,Mutfak,2026-05-24,05,0.0
Dolce Vita Cam Kavanoz 350 ml Sarı,1499.99,Mutfak,2026-05-24,05,0.0
Domino 20li Kağıt Peçete İndigo,1049.99,Mutfak,2026-05-24,05,0.0
Dr. Oetker Exclusive Seramik Kek Kalıbı Gri,3999.99,Mutfak,2026-05-24,05,0.0
Draze Pamuk Kurulama Bezi 30x50 cm Gri,999.99,Mutfak,2026-05-24,05,0.0
Dyna Pamuk 3lü Kurulama Bezi 30x50 cm Bej,1999.99,Mutfak,2026-05-24,05,0.0
Dyna Pamuk 3lü Kurulama Bezi 30x50 cm Gri,1999.99,Mutfak,2026-05-24,05,0.0
Eddy Silikon Servis Kaşığı Açık Bej,1149.95,Mutfak,2026-05-24,05,0.0
Eddy Silikon Spatula 28 cm Açık Bej,1149.95,Mutfak,2026-05-24,05,0.0
Eddy Silikon Spatula Açık Bej,1149.95,Mutfak,2026-05-24,05,0.0
Eddy Silikon Yumurta Fırçası Açık Bej,749.95,Mutfak,2026-05-24,05,0.0
Edenic Fırın Eldiveni ve Tutacak Seti Beyaz - Lacivert,2499.99,Mutfak,2026-05-24,05,0.0
Edenic Mutfak Önlüğü 65x75 cm Beyaz - Lacivert,2499.99,Mutfak,2026-05-24,05,0.0
Elegant Cam 6lı Baharatlık 90 ml Kahverengi,639.99,Mutfak,2026-05-24,05,0.0
Elisa Kayın Kesme Tahtası Natural,1749.99,Mutfak,2026-05-24,05,0.0
Elise Porselen Sahan Fırın Kabı Beyaz,223.99,Mutfak,2026-05-24,05,0.0
Elixan Borosilikat Kavanoz Şeffaf,489.99,Mutfak,2026-05-24,05,0.0
"Ella Silikon Buz Kalıbı 24x15,5 cm Renkli",269.99,Mutfak,2026-05-24,05,0.0
Elsie Cam Yağdanlık 500 ml Antrasit,1749.99,Mutfak,2026-05-24,05,0.0
Elvira New Bone China 3lü Saklama Kabı 300 ml-600 ml-800 ml Krem,3749.99,Mutfak,2026-05-24,05,0.0
Elysian Pamuk Kurulama Bezi 30x50 cm Kırmızı,1499.99,Mutfak,2026-05-24,05,0.0
Enjoy Today 20li Kağıt Peçete 33x33 cm Renkli,1049.99,Mutfak,2026-05-24,05,0.0
Essentials Paslanmaz Çelik Rende Gri,379.99,Mutfak,2026-05-24,05,0.0
"Estela Süzgeç 27,5x25 cm Krem",999.99,Mutfak,2026-05-24,05,0.0
"Estela Süzgeç 27,5x25 cm Yeşil",999.99,Mutfak,2026-05-24,05,0.0
Ethnic 20li Kağıt Peçete Renkli,1049.99,Mutfak,2026-05-24,05,0.0
Euphoria 2li Misafir Peçetesi 38x38 cm Renkli,1999.99,Mutfak,2026-05-24,05,0.0
Evelyn Borosilikat Çaydanlık 650 – 1300 ml Şeffaf,799.99,Mutfak,2026-05-24,05,0.0
Evelyn Pamuk Kurulama Bezi 40x60 cm Bej,999.99,Mutfak,2026-05-24,05,0.0
Evelyn Pamuk Kurulama Bezi 40x60 cm Kırmızı,999.99,Mutfak,2026-05-24,05,0.0
Evie Borosilikat-Akasya 2li Yağlık - Sirkelik 200 ml Şeffaf,489.99,Mutfak,2026-05-24,05,0.0
Fancy 20li Kağıt Peçete 33x33 cm Renkli,1049.99,Mutfak,2026-05-24,05,0.0
Fancy Tree Pamuk Kurulama Bezi Beyaz,1299.99,Mutfak,2026-05-24,05,0.0
"Fausta Saklama Kabı 17,4 x 12,5 x 6 cm Krem",849.95,Mutfak,2026-05-24,05,0.0
"Fausta Saklama Kabı 17,4 x 12,5 x 6 cm Yeşil",849.95,Mutfak,2026-05-24,05,0.0
Feel Happy New Bone China Demlik Seti 400 ml Beyaz,559.99,Mutfak,2026-05-24,05,0.0
Felicia Borosilikat Baharatlık 235 ml Şeffaf,1149.99,Mutfak,2026-05-24,05,0.0
Festive Tree Kağıt Peçete Beyaz,999.99,Mutfak,2026-05-24,05,0.0
Fiera Paslanmaz Çelik Termos Turuncu,3999.99,Mutfak,2026-05-24,05,
Finny 20li Kağıt Peçete Turkuaz,1049.99,Mutfak,2026-05-24,05,0.0
"Fiorina Silikon Yumurta Fırçası 20,5 cm Yeşil",999.99,Mutfak,2026-05-24,05,0.0
Firbliss Kağıt 20li Kağıt Peçete 33x33 cm Renkli,999.99,Mutfak,2026-05-24,05,0.0
Fish 20li Kağıt Peçete Turuncu,188.99,Mutfak,2026-05-24,05,0.0
Fissler Adamant 5 Parça Tencere Seti 18-20-24 cm Siyah,12599.09,Mutfak,2026-05-24,05,0.0
Fissler Adamant Classic Tava,3869.99,Mutfak,2026-05-24,05,0.0
Fissler Adamant Premium Tava,5399.99,Mutfak,2026-05-24,05,0.0
Fissler Adamant Yan Kulplu Wok Tava 32 cm,8099.99,Mutfak,2026-05-24,05,0.0
Fissler Adamant Çift Kulplu Tava,5669.99,Mutfak,2026-05-24,05,0.0
"Fissler Vitaquick Glossy Düdüklü Tencere 4,5L Siyah",22499.99,Mutfak,2026-05-24,05,0.0
"Fissler Vitaquick Premium Ek Cam Kapak + Buharda Pişirme Aparatlı Düdüklü Tencere Seti 6 + 3,5 L",21599.99,Mutfak,2026-05-24,05,0.0
Fissler Vitavit Premium Düdüklü Tencere Mat,16199.98,Mutfak,2026-05-24,05,0.0
"Fissler Vitavit Premium Düdüklü Tencere Seti 6 + 3,5 L Mat",25199.99,Mutfak,2026-05-24,05,0.0
Flasky Cam Kavanoz 750 ml Kahverengi,1499.99,Mutfak,2026-05-24,05,0.0
Fleurwave 20li Kağıt Peçete 33x33 cm Bej,1049.99,Mutfak,2026-05-24,05,0.0
Floralia Kağıt 20li Kağıt Peçete 32x32 cm Yeşil,1049.99,Mutfak,2026-05-24,05,0.0
Florella Kağıt 20li Kağıt Peçete 33x33 cm Yeşil,188.99,Mutfak,2026-05-24,05,0.0
Florentis New Bone China Demlik Seti 400 – 290 ml Pembe - Yeşil,500.0,Mutfak,2026-05-24,05,0.0
Florid 20li Kağıt Peçete Renkli,1049.99,Mutfak,2026-05-24,05,0.0
"Florina Emaye Sos Tenceresi 1,1 L Krem",3999.99,Mutfak,2026-05-24,05,0.0
"Florina Emaye Sos Tenceresi 1,6L Beyaz",3499.99,Mutfak,2026-05-24,05,0.0
Florise 20li Kağıt Peçete 33x33 cm Renkli,1049.99,Mutfak,2026-05-24,05,0.0
Floryna 20li Kağıt Peçete 33x33 cm Pembe-Beyaz,1049.99,Mutfak,2026-05-24,05,0.0
Flower Garden 20li Kağıt Peçete Pembe - Mavi,1049.99,Mutfak,2026-05-24,05,0.0
Fluffy Cloud Pamuk 2li Kurulama Bezi 30x30 cm Mavi-Lila,1499.99,Mutfak,2026-05-24,05,0.0
"Fresco 4 Parça Süzgeç 3x1,8x0,5 Litre Antrasit",1199.99,Mutfak,2026-05-24,05,0.0
Fresh 20li Kağıt Peçete Turuncu,1049.99,Mutfak,2026-05-24,05,0.0
Fresh Safe Cam Kavanoz Gri,1399.99,Mutfak,2026-05-24,05,0.0
Fresh Safe Cam Saklama Kabı Gri,1149.99,Mutfak,2026-05-24,05,0.0
Fresh Ware Cam Saklama Kabı Gri,1499.99,Mutfak,2026-05-24,05,0.0
Fruit Joy Cam Kesme Tahtası 38x28 cm Beyaz,1749.99,Mutfak,2026-05-24,05,0.0
Garden Petals Fırın Eldiveni ve Tutacak Seti Sarı,384.99,Mutfak,2026-05-24,05,0.0
"Garnet Emaye Sos Tenceresi 1,1 L Beyaz",3999.99,Mutfak,2026-05-24,05,0.0
"Garnet Emaye Sos Tenceresi 1,6L Kırmızı",3749.99,Mutfak,2026-05-24,05,0.0
Ginger Glow Cam Kavanoz 950 ml Beyaz - Kırmızı,639.99,Mutfak,2026-05-24,05,0.0
Ginger Glow Dolomite Demlik 490 ml Beyaz - Kırmızı,4499.99,Mutfak,2026-05-24,05,0.0
Gleam Cam Yağdanlık 290 ml Şeffaf,1699.95,Mutfak,2026-05-24,05,0.0
Glow Çelik 4 Parça Kızartma Tenceresi 14 cm Silver,7499.99,Mutfak,2026-05-24,05,0.0
Glow Çelik Cam Kapaklı Sahan Silver,3499.99,Mutfak,2026-05-24,05,0.0
Glow Çelik Sığ Tencere 26x6 cm Silver,5999.99,Mutfak,2026-05-24,05,0.0
Glow Çelik Tava 26x5 cm Silver,6499.99,Mutfak,2026-05-24,05,0.0
Glow Çelik Tencere Silver,4499.99,Mutfak,2026-05-24,05,0.0
Glowise Pamuk Kurulama Bezi 30x50 cm Gold,1149.95,Mutfak,2026-05-24,05,0.0
Good Mood 20li Kağıt Peçete Siyah - Beyaz,1049.99,Mutfak,2026-05-24,05,0.0
Good Mood Mia Çelik Saklama Termosu 500 ml Mor,519.99,Mutfak,2026-05-24,05,0.0
Good Times 20li Kağıt Peçete 33x33 cm Siyah - Beyaz,1049.99,Mutfak,2026-05-24,05,0.0
Gourmet Cam 2li Yağlık - Sirkelik 250 ml Krem,1699.95,Mutfak,2026-05-24,05,0.0
Gourmet Cam 2li Yağlık - Sirkelik 250 ml Siyah,1699.95,Mutfak,2026-05-24,05,0.0
Gozo Cam Kavanoz 680 ml Şeffaf,1499.99,Mutfak,2026-05-24,05,0.0
Grace 20li Kağıt Peçete 33x33 cm Beyaz – Gold,1049.99,Mutfak,2026-05-24,05,0.0
Grace 20li Kağıt Peçete 33x33 cm Siyah - Beyaz,1049.99,Mutfak,2026-05-24,05,0.0
Green Tea New Bone China Demlik Seti 300 ml Yeşil,519.99,Mutfak,2026-05-24,05,0.0
Greenery Pamuk Fırın Eldiveni ve Tutacak Seti Beyaz - Yeşil,2249.99,Mutfak,2026-05-24,05,0.0
Greenery Pamuk Mutfak Önlüğü 65x75 cm Beyaz - Yeşil,384.99,Mutfak,2026-05-24,05,0.0
Greeny Kağıt 20li Kağıt Peçete 33x33 cm Yeşil,1049.99,Mutfak,2026-05-24,05,0.0
Grify Kağıt 20li Kağıt Peçete 33x33 cm Siyah - Beyaz,146.99,Mutfak,2026-05-24,05,0.0
Grim Edge Paslanmaz Çelik Bıçak 12 cm Kırmızı,1499.99,Mutfak,2026-05-24,05,0.0
Grim Edge Paslanmaz Çelik Bıçak 12 cm Siyah,1499.99,Mutfak,2026-05-24,05,0.0
Gronda Soda Cam 3lü Baharatlık 400 ml Kahve,2499.99,Mutfak,2026-05-24,05,0.0
Growleaf 20li Kağıt Peçete 33x33 cm Yeşil,1049.99,Mutfak,2026-05-24,05,0.0
Harbour Paslanmaz Çelik Rende 21 cm Beyaz-Gri,244.99,Mutfak,2026-05-24,05,0.0
Harmony Mutfak Önlüğü 60x70 Cm Lacivert,1999.99,Mutfak,2026-05-24,05,0.0
Harper Paslanmaz Çelik Lunch Box 900 ml Turuncu,2749.99,Mutfak,2026-05-24,05,0.0
Harper Paslanmaz Çelik Lunch Box 900 ml Yeşil,539.99,Mutfak,2026-05-24,05,0.0
Healthy Yumurtalık Mutfak Gereci 26x11x7 cm Şeffaf,999.99,Mutfak,2026-05-24,05,0.0
Hecha Cam Kavanoz Kırmızı,359.99,Mutfak,2026-05-24,05,0.0
Hecha Cam Narenciye Sıkacaklı Ölçü Kabı Mutfak Gereci 500 ml Kırmızı,439.99,Mutfak,2026-05-24,05,0.0
Hecha Cam Saklama Kabı 640 ml Kırmızı,1999.99,Mutfak,2026-05-24,05,0.0
Hecha Demir Döküm Derin Tencere Mint,3199.99,Mutfak,2026-05-24,05,0.0
Hecha Demir Döküm Derin Tencere Pembe,3199.99,Mutfak,2026-05-24,05,0.0
Hecha Demir Döküm Izgara Tava 26 cm Mint,9999.99,Mutfak,2026-05-24,05,0.0
Hecha Demir Döküm Izgara Tava 26 cm Pembe,9999.99,Mutfak,2026-05-24,05,0.0
Hecha Demir Döküm Izgara Tava Biberiye Yeşili,9999.99,Mutfak,2026-05-24,05,33.333377777837036
Hecha Demir Döküm Izgara Tava Gri,9999.99,Mutfak,2026-05-24,05,0.0
Hecha Demir Döküm Izgara Tava Krem,9999.99,Mutfak,2026-05-24,05,0.0
Hecha Demir Döküm Izgara Tava Kırmızı,1599.99,Mutfak,2026-05-24,05,0.0
Hecha Demir Döküm Izgara Tava Kırmızı Degrade,2249.99,Mutfak,2026-05-24,05,0.0
Hecha Demir Döküm Izgara Tava Mat Bordo,1599.99,Mutfak,2026-05-24,05,0.0
Hecha Demir Döküm Izgara Tava Mat Yeşil,1999.99,Mutfak,2026-05-24,05,0.0
Hecha Demir Döküm Izgara Tava Turuncu,9999.99,Mutfak,2026-05-24,05,0.0
Hecha Demir Döküm Izgara Tava Turuncu Degrade,2249.99,Mutfak,2026-05-24,05,
Hecha Demir Döküm Izgara Tava Yeşil Degrade,2249.99,Mutfak,2026-05-24,05,0.0
Hecha Demir Döküm Sahan 20 cm Biberiye Yeşili,6249.99,Mutfak,2026-05-24,05,0.0
Hecha Demir Döküm Sahan 20 cm Gri,5499.99,Mutfak,2026-05-24,05,0.0
Hecha Demir Döküm Sahan 20 cm Krem,5499.99,Mutfak,2026-05-24,05,0.0
Hecha Demir Döküm Sahan 20 cm Kırmızı,6499.99,Mutfak,2026-05-24,05,0.0
Hecha Demir Döküm Sahan 20 cm Turuncu,5999.99,Mutfak,2026-05-24,05,0.0
Hecha Demir Döküm Sığ Tencere 28 cm Turuncu Degrade,4049.99,Mutfak,2026-05-24,05,0.0
Hecha Demir Döküm Tava Kırmızı,9999.99,Mutfak,2026-05-24,05,0.0
Hecha Demir Döküm Tava Turuncu,1207.99,Mutfak,2026-05-24,05,0.0
Hecha Demir Döküm Tencere 24 cm Turuncu,2799.99,Mutfak,2026-05-24,05,0.0
Hecha Demir Döküm Tencere Kırmızı Degrade,3869.99,Mutfak,2026-05-24,05,0.0
Hecha Demir Döküm Tencere Yeşil Degrade,3869.99,Mutfak,2026-05-24,05,0.0
Hecha Master Paslanmaz Çelik 8 Parça Bıçak 34.5x34x33.5x24.5x21 cm Kırmızı,2249.99,Mutfak,2026-05-24,05,0.0
Hecha Master Paslanmaz Çelik 8 Parça Bıçak Seti 34.5x34x33.5x24.5x21 cm Siyah,18999.99,Mutfak,2026-05-24,05,0.0
Hecha Meşe Değirmen 20 cm Kırmızı,559.99,Mutfak,2026-05-24,05,0.0
Hecha Meşe Değirmen 20 cm Turuncu,559.99,Mutfak,2026-05-24,05,0.0
Hecha Meşe Değirmen Kırmızı,359.99,Mutfak,2026-05-24,05,0.0
Hecha Meşe Değirmen Siyah,319.99,Mutfak,2026-05-24,05,0.0
Hecha Meşe Değirmen Turuncu,359.99,Mutfak,2026-05-24,05,0.0
Hecha Meşe Değirmen Yeşil,449.99,Mutfak,2026-05-24,05,0.0
Hecha Paslanmaz Çelik Rende 24.5 cm Kırmızı,2499.99,Mutfak,2026-05-24,05,0.0
Hecha Paslanmaz Çelik Rende 24.5 cm Siyah,2499.99,Mutfak,2026-05-24,05,0.0
Hecha Paslanmaz Çelik Rende 24.5 cm Yeşil,2499.99,Mutfak,2026-05-24,05,0.0
Hecha Seramik Fırın Kabı Biberiye Yeşili,809.99,Mutfak,2026-05-24,05,0.0
Hecha Seramik Fırın Kabı Krem,879.99,Mutfak,2026-05-24,05,0.0
Hecha Seramik Fırın Kabı Kırmızı,1199.99,Mutfak,2026-05-24,05,0.0
Hecha Seramik Karıştırma Kabı 23x12 cm Siyah,2249.99,Mutfak,2026-05-24,05,0.0
Hecha Seramik Kaşıklık Krem,1749.99,Mutfak,2026-05-24,05,0.0
Hecha Seramik Kaşıklık Kırmızı,1999.99,Mutfak,2026-05-24,05,0.0
Hecha Seramik Kaşıklık Siyah,1749.99,Mutfak,2026-05-24,05,0.0
Hecha Silikon 3 Parça Servis Seti 28x32.5x31 cm Krem,2249.99,Mutfak,2026-05-24,05,0.0
Hecha Silikon 3 Parça Servis Seti 28x32.5x31 cm Yeşil,2249.99,Mutfak,2026-05-24,05,0.0
"Hecha Silikon 4 Parça Servis Seti 28x32,5x31 cm x 14,5 cm Kırmızı",584.99,Mutfak,2026-05-24,05,0.0
Hecha Silikon 4 Parça Servis Seti 28x32.5x31 cm X 14.5 cm Siyah,2749.99,Mutfak,2026-05-24,05,0.0
Hecha Silikon 4 Parça Servis Seti 28x32.5x31 cm X 14.5 cm Turuncu,519.99,Mutfak,2026-05-24,05,0.0
"Hope Emaye Sos Tenceresı 1,1 L Beyaz",3499.99,Mutfak,2026-05-24,05,0.0
Hope Melamin Kaşıklık Mutfak Gereci 24 cm Renkli,1499.99,Mutfak,2026-05-24,05,0.0
Horeca Maksi Tava Siyah,3999.99,Mutfak,2026-05-24,05,0.0
Horeca Premium Sahan Siyah,2499.99,Mutfak,2026-05-24,05,0.0
Horizon Süzgeç Yeşil,1399.99,Mutfak,2026-05-24,05,0.0
Impera Çelik 2li Düdüklü Tencere Seti 4 + 6 L Siyah - Gri,19999.99,Mutfak,2026-05-24,05,0.0
Inox Paslanmaz Çelik Baharatlık 9 cm Silver,1149.99,Mutfak,2026-05-24,05,0.0
"Jade 3lü Kavanoz 700 ml – 1,4 L – 2 L Füme",1999.99,Mutfak,2026-05-24,05,0.0
"Jade 3lü Kavanoz 700 ml – 1,4 L – 2 L Şeffaf",1999.99,Mutfak,2026-05-24,05,0.0
Jardin Cam Kulplu Kavanoz Şeffaf,2499.99,Mutfak,2026-05-24,05,0.0
Jaxon Cam Kavanoz Şeffaf,1499.99,Mutfak,2026-05-24,05,0.0
"Jessica Çelik 2li Sebze Bıçak 20,5 cm Mavi-yeşil",1999.99,Mutfak,2026-05-24,05,0.0
Jimena Metal Mutfak Gereci Siyah,1999.99,Mutfak,2026-05-24,05,0.0
Jolie Iroko İkili Servis Gereci 29 cm Kahverengi,384.99,Mutfak,2026-05-24,05,0.0
Jolly Crab Pamuk Kurulama Bezi 30x50 cm Renkli,1299.99,Mutfak,2026-05-24,05,0.0
Jollytree Kağıt 20li Kağıt Peçete 33x33 cm Yeşil,999.99,Mutfak,2026-05-24,05,0.0
JoyPan Premium Krep Tava 26 cm Gri,3999.99,Mutfak,2026-05-24,05,0.0
JoyPan Premium Pankek Tavası 27 cm Gri,3999.99,Mutfak,2026-05-24,05,0.0
JoyPan Premium Waffle Tava 26 cm Siyah,2749.99,Mutfak,2026-05-24,05,0.0
Joyfully 20li Kağıt Peçete 33x33 cm Siyah - Beyaz,1049.99,Mutfak,2026-05-24,05,0.0
Just Smile 20li Kağıt Peçete 33x33 cm Yeşil-Turuncu,1049.99,Mutfak,2026-05-24,05,0.0
Karissa Cam Peçetelik 13x9 cm Şeffaf,799.95,Mutfak,2026-05-24,05,0.0
Keep Me 5 Parça Saklama Kabı Yeşil,1999.99,Mutfak,2026-05-24,05,0.0
Keep Me Plastik 5li Saklama Kabı 160-300-500-885-1500 ml Mavi,1399.99,Mutfak,2026-05-24,05,0.0
Keep Me Plastik 5li Saklama Kabı 160-300-500-885-1500 ml Turuncu,1399.99,Mutfak,2026-05-24,05,0.0
Keira Akrilik 2li Servis Gereci Antrasit,399.99,Mutfak,2026-05-24,05,0.0
Kinsley Paslanmaz Çelik Mutfak Makası Mutfak Gereci 20 cm Gri,1499.99,Mutfak,2026-05-24,05,0.0
Kinsley Paslanmaz Çelik Un Eleği Mutfak Gereci 11 cm Açık Pembe,239.99,Mutfak,2026-05-24,05,0.0
Kinsley Silikon 2li Çırpıcı 26x23 cm Pembe,1999.99,Mutfak,2026-05-24,05,0.0
Kinsley Silikon 4lü Servis Gereci 21 x 21 x 21.5 x 23 cm Açık Pembe,1999.99,Mutfak,2026-05-24,05,0.0
Kinsley Silikon Maşa 27 cm Açık Pembe,1399.99,Mutfak,2026-05-24,05,0.0
Kinsley Silikon Maşa 27 cm Gri,1399.99,Mutfak,2026-05-24,05,0.0
Kittenly 20li Kağıt Peçete 33x33 cm Renkli,1049.99,Mutfak,2026-05-24,05,0.0
Krim Çelik Mutfak Gereci Mavi,999.99,Mutfak,2026-05-24,05,0.0
Latona Kağıt 20li Kağıt Peçete 33x33 cm Siyah - Beyaz,167.99,Mutfak,2026-05-24,05,0.0
Lavispera Pamuklu Nakışlı Kurulama Bezi 30x50 cm Mor,1399.99,Mutfak,2026-05-24,05,0.0
Leggy Paslanmaz Çelik Rende 20 cm Siyah,2499.99,Mutfak,2026-05-24,05,0.0
Lemon 20li Kağıt Peçete Sarı,1049.99,Mutfak,2026-05-24,05,0.0
Lemon Emaye Baharatlık 1L Lila,2249.99,Mutfak,2026-05-24,05,0.0
Lemons Pamuk Kurulama Bezi Sarı,1299.99,Mutfak,2026-05-24,05,0.0
Lena Borosilikat Demlik Şeffaf,1549.95,Mutfak,2026-05-24,05,0.0
Leopura Kağıt 20li Kağıt Peçete 33x33 cm Kahverengi,1049.99,Mutfak,2026-05-24,05,0.0
"Lexus Paslanmaz Çelik 6 Parça Bıçak Seti 33x30,5x33x24,5x20,5 cm Siyah",1539.99,Mutfak,2026-05-24,05,0.0
Lia Seramik Fırın Kabı Mavi,2999.99,Mutfak,2026-05-24,05,0.0
Liana Silikon Spagetti Kaşığı Gri,849.95,Mutfak,2026-05-24,05,0.0
Lima Akasya Değirmen 9x6 cm Kahve,359.99,Mutfak,2026-05-24,05,0.0
Limefest Pamuk Kurulama Bezi 30x50 cm Sarı,999.99,Mutfak,2026-05-24,05,0.0
Linara 20li Kağıt Peçete 33x33 cm Yeşil,125.0,Mutfak,2026-05-24,05,0.0
"Linea Porselen Emaye Çaydanlık 0,85 + 2,2 L Hardal",8999.99,Mutfak,2026-05-24,05,0.0
Linear Hasır Ekmek Sepeti Gri,1999.99,Mutfak,2026-05-24,05,0.0
Linear Pamuk Kurulama Bezi 30x50 cm Beyaz - Gri,999.99,Mutfak,2026-05-24,05,0.0
Liore Kağıt 20li Kağıt Peçete 33x33 cm Bej,1049.99,Mutfak,2026-05-24,05,0.0
Liore Kağıt 20li Kağıt Peçete 33x33 cm Beyaz,1049.99,Mutfak,2026-05-24,05,0.0
"Lively Porselen Emaye Çaydanlık 0,85 + 2,2 L Mavi",8999.99,Mutfak,2026-05-24,05,0.0
Lovebloom 20li Kağıt Peçete 33x33 cm Pembe - Turuncu,1099.99,Mutfak,2026-05-24,05,0.0
Luca Çelik Cezve Silver,1749.99,Mutfak,2026-05-24,05,0.0
Lucie Borosilikat 2li Kavanoz 1000 ml Şeffaf,2499.99,Mutfak,2026-05-24,05,0.0
Lufia Paslanmaz Çelik Rende 23 cm Siyah,2249.99,Mutfak,2026-05-24,05,0.0
Lukas Akrilik Değirmen Şeffaf,1749.99,Mutfak,2026-05-24,05,0.0
Lumos Çelik Çaydanlık Silver,1979.99,Mutfak,2026-05-24,05,0.0
Lunaria Pamuk Kurulama Bezi 30x50 cm Gri,999.99,Mutfak,2026-05-24,05,0.0
Lusty Pamuk Kurulama Bezi 30x50 cm Lila,1049.99,Mutfak,2026-05-24,05,0.0
Lusty Pamuk Kurulama Bezi 30x50 cm Pudra,1049.99,Mutfak,2026-05-24,05,0.0
Lusty Pamuk Kurulama Bezi 30x50 cm Yeşil,999.99,Mutfak,2026-05-24,05,0.0
Luxe 20li Kağıt Peçete 33x33 cm Beyaz,1049.99,Mutfak,2026-05-24,05,0.0
Lydia Metal Ekmek Sepeti Bej,1999.99,Mutfak,2026-05-24,05,0.0
Maggy Ahşap Kesme Tahtası 30x20 cm Kırmızı,2249.99,Mutfak,2026-05-24,05,0.0
Maggy Ahşap Kesme Tahtası 30x20 cm Mavi,2249.99,Mutfak,2026-05-24,05,0.0
Magic Trees 20li Kağıt Peçete 33x33 cm Beyaz,999.99,Mutfak,2026-05-24,05,0.0
Maisy Paslanmaz Çelik Ezici Mutfak Gereci Krem,1499.99,Mutfak,2026-05-24,05,30.435047261280534
Maisy Paslanmaz Çelik Kaşık Servis Gereci Krem,1149.99,Mutfak,2026-05-24,05,0.0
Maisy Paslanmaz Çelik Kevgır 33 cm Krem,1149.99,Mutfak,2026-05-24,05,0.0
"Maisy Paslanmaz Çelik Mini Rende 24,5 cm Krem",1999.99,Mutfak,2026-05-24,05,0.0
Maisy Paslanmaz Çelik Mini Süzgeç 26 cm Krem,1199.99,Mutfak,2026-05-24,05,0.0
Maisy Paslanmaz Çelik Soyacak 20 cm Krem,1149.95,Mutfak,2026-05-24,05,0.0
Maisy Paslanmaz Çelik Spatula Krem,1149.99,Mutfak,2026-05-24,05,0.0
Makeda Paslanmaz Çelik 4lü Saklama Kabı 280 ml Renkli,2499.99,Mutfak,2026-05-24,05,0.0
Makeda Paslanmaz Çelik Süzgeç 22 cm Açık Mavi,449.99,Mutfak,2026-05-24,05,0.0
Makeda Paslanmaz Çelik Süzgeç 22 cm Açık Pembe,2499.99,Mutfak,2026-05-24,05,0.0
Makeda Paslanmaz Çelik Süzgeç 22 cm Gri,2499.99,Mutfak,2026-05-24,05,0.0
Malic Pamuk Kurulama Bezi 30x50 cm Yeşil – Kırmızı,999.99,Mutfak,2026-05-24,05,0.0
Malory Cam 4 Parça Baharatlık 350 ml Şeffaf,1999.99,Mutfak,2026-05-24,05,0.0
Marcel CeraWell 5 Parça Tencere Seti 22 – 26 – 26 cm Siyah,13999.99,Mutfak,2026-05-24,05,0.0
Marco Cam 7 Parça Baharatlık 15x11 cm Siyah,4999.99,Mutfak,2026-05-24,05,0.0
Marguerite 20li Kağıt Peçete Pembe,1049.99,Mutfak,2026-05-24,05,0.0
"Marilda Cam 2 Parça Baharatlık 10x12,5 cm Natural",1999.99,Mutfak,2026-05-24,05,0.0
Marine Line 20li Kağıt Peçete Mavi,1049.99,Mutfak,2026-05-24,05,0.0
Mario Cam 6 Parça Baharatlık 13x13 cm Krem,3499.99,Mutfak,2026-05-24,05,0.0
Maris Borosilikat Saklama Kabı Beyaz,1499.99,Mutfak,2026-05-24,05,-14.285795918833822
Marissa Borosilikat Kavanoz Şeffaf,1499.99,Mutfak,2026-05-24,05,0.0
Maritime Melody Fırın Eldiveni ve Tutacak Seti Beyaz - Yeşil,329.99,Mutfak,2026-05-24,05,0.0
Maritime Melody Mutfak Önlüğü 65x75 cm Beyaz - Yeşil,399.99,Mutfak,2026-05-24,05,0.0
Marlyn Borosilikat Saklama Kabı Kahve,479.99,Mutfak,2026-05-24,05,0.0
Master Lock Saklama Kabı Mavi,999.99,Mutfak,2026-05-24,05,0.0
Meadlyn 20li Kağıt Peçete 33x33 cm Siyah - Beyaz,1099.99,Mutfak,2026-05-24,05,0.0
Melie Cam Kavanoz Yeşil,1399.99,Mutfak,2026-05-24,05,0.0
Melon Kağıt Kağıt Peçete Kırmızı,1049.99,Mutfak,2026-05-24,05,0.0
Meri Cam Peçetelik Şeffaf,1299.99,Mutfak,2026-05-24,05,0.0
Merry Cam Kavanoz Mavi,1499.99,Mutfak,2026-05-24,05,0.0
Merry Christmas 20li Kağıt Peçete Kırmızı,1249.99,Mutfak,2026-05-24,05,0.0
Mezaluna Plastik 2 Katlı Lunch Box 710 ml+710 ml Turuncu,1399.99,Mutfak,2026-05-24,05,0.0
Mezaluna Plastik 2 Katlı Lunch Box 720 ml +720 ml Yeşil,1399.99,Mutfak,2026-05-24,05,0.0
Mezaluna Time 2 Katlı Lunch Box 1 L- 1 L Turuncu,1399.99,Mutfak,2026-05-24,05,0.0
Mezaluna Time 2 Katlı Lunch Box 1 L- 1 L Yeşil,1399.99,Mutfak,2026-05-24,05,0.0
Mia Silikon 2li Buz Kalıbı 22x12 cm Turuncu,359.99,Mutfak,2026-05-24,05,0.0
Mia Silikon 2li Buz Kalıbı 22x12 cm Yeşil,2199.99,Mutfak,2026-05-24,05,0.0
Mila Borosilikat Saklama Kabı Yeşil,1499.99,Mutfak,2026-05-24,05,0.0
Mintopia Porselen Demlik 850 ml Beyaz - Yeşil,479.99,Mutfak,2026-05-24,05,0.0
Mirage Cam Kavanoz Yeşil,1149.99,Mutfak,2026-05-24,05,0.0
Miri Ahşap Değirmen Kahve,2499.99,Mutfak,2026-05-24,05,0.0
Miria Borosilikat Kavanoz Kahve,1299.99,Mutfak,2026-05-24,05,0.0
Mistora 20li Kağıt Peçete 33x33 cm Gri,146.99,Mutfak,2026-05-24,05,0.0
Mix Me 3 Parça Servis Seti Mavi,999.99,Mutfak,2026-05-24,05,0.0
Mixed Shapes Mutfak Gereci Yeşil,269.99,Mutfak,2026-05-24,05,0.0
Mocha Granit 4 Parça Kapaklı Sahan 18-20 cm Kahverengi,1039.99,Mutfak,2026-05-24,05,0.0
Mocha Mini Granit Tencere 22 cm Kahverengi,3999.99,Mutfak,2026-05-24,05,0.0
Moira Metal Kağıt Havluluk Mutfak Gereci 13x13 cm Krem,2999.99,Mutfak,2026-05-24,05,0.0
Moira Metal Kağıt Havluluk Mutfak Gereci 13x13 cm Siyah,2749.99,Mutfak,2026-05-24,05,0.0
Moira Metal Kaşıklık 11x11 cm Krem,479.99,Mutfak,2026-05-24,05,0.0
Moira Metal Kaşıklık 11x11 cm Siyah,2749.99,Mutfak,2026-05-24,05,0.0
Moneta Cam Süzgeçli Saklama Kabı Mavi,1749.99,Mutfak,2026-05-24,05,0.0
Monetta Cam 5 Parça Baharatlık Natural,479.99,Mutfak,2026-05-24,05,0.0
Morgan Plastik Saklama Kabı Beyaz,749.95,Mutfak,2026-05-24,05,0.0
Morgan Saklama Kabı Siyah,749.95,Mutfak,2026-05-24,05,0.0
Morino Silikon Bal Kaşığı Mutfak Gereci 16 cm Yeşil,749.95,Mutfak,2026-05-24,05,0.0
Mossica 20li Kağıt Peçete 33x33 cm Yeşil,1049.99,Mutfak,2026-05-24,05,0.0
Nador Paslanmaz Çelik Lunch Box Silver,479.99,Mutfak,2026-05-24,05,0.0
Nalini Cam Değirmen 13 cm Beyaz,1399.99,Mutfak,2026-05-24,05,0.0
Nalini Cam Değirmen 16 cm Gri,1249.99,Mutfak,2026-05-24,05,0.0
Natural Plaid Pamuk Kurulama Bezi 30x50 cm Antrasit,1049.99,Mutfak,2026-05-24,05,0.0
Natural Plaid Pamuk Kurulama Bezi 30x50 cm Mavi,1049.99,Mutfak,2026-05-24,05,0.0
"Navera Kağıt Ekmek Sepeti 23,5x18x8 cm Krem",1749.99,Mutfak,2026-05-24,05,0.0
Navessa Kağıt Ekmek Sepeti 24x18x8 cm Krem,269.99,Mutfak,2026-05-24,05,0.0
Neoflam Fika Alüminyum Döküm Cam Kapaklı Sahan 20 cm Bej,2105.99,Mutfak,2026-05-24,05,0.0
Neoflam Fika Alüminyum Döküm Tava 24 cm Bej,1889.99,Mutfak,2026-05-24,05,0.0
Neoflam Fika Alüminyum Döküm Tencere Bej,2249.99,Mutfak,2026-05-24,05,0.0
Neoflam Midas Seramik 11 Parça Tencere Seti 16-20-24-28-28 cm Bej,9558.89,Mutfak,2026-05-24,05,0.0
Neoflam Midas Seramik 11 Parça Tencere Seti 16-20-24-28-28 cm Gri,9566.99,Mutfak,2026-05-24,05,0.0
Neoflam Perfect Seal Cam Derin Saklama Kabı 1600 ml Şeffaf,809.99,Mutfak,2026-05-24,05,0.0
Neoflam Perfect Seal Cam Saklama Kabı Şeffaf,469.99,Mutfak,2026-05-24,05,0.0
New Aden Çelik Çaydanlık Silver,1599.99,Mutfak,2026-05-24,05,0.0
New Rio Premium Makarna ve Popcorn Tencere 22 cm Kırmızı,4999.99,Mutfak,2026-05-24,05,0.0
Nice Mutfak Düzenleyici Şeffaf,999.95,Mutfak,2026-05-24,05,0.0
Norm Pamuk Kurulama Bezi 30x50 cm Beyaz - Gri,1499.99,Mutfak,2026-05-24,05,0.0
Nova Çelik Çaydanlık 1L- 2L Siyah,1799.99,Mutfak,2026-05-24,05,0.0
Novia 3lü Kavanoz 550 ml-1200 ml-1700 ml Açık Yeşil,1399.99,Mutfak,2026-05-24,05,0.0
Novia 3lü Kavanoz 550 ml-1200 ml-1700 ml Krem,1399.99,Mutfak,2026-05-24,05,0.0
Novia Cam Ölçü Kaplı Kavanoz Mavi-Beyaz,1199.99,Mutfak,2026-05-24,05,0.0
Nutmeg Kağıt 20li Kağıt Peçete 33x33 cm Kahverengi,1049.99,Mutfak,2026-05-24,05,0.0
Nuvia Kağıt 20li Kağıt Peçete 33x33 cm Siyah - Beyaz,1049.99,Mutfak,2026-05-24,05,0.0
"Odel Paslanmaz Çelik Rende 22,5 cm Gri",299.99,Mutfak,2026-05-24,05,0.0
Odes 2li Mutfak Düzenleyici 2 L – 5 L Şeffaf,2399.99,Mutfak,2026-05-24,05,0.0
Odile Çırpıcı 33 cm Mavi,1149.95,Mutfak,2026-05-24,05,0.0
"Ofelia Sarımsak Ezici Mutfak Gereci 14,5 cm Krem",999.99,Mutfak,2026-05-24,05,0.0
"Ofelia Sarımsak Ezici Mutfak Gereci 14,5 cm Yeşil",999.99,Mutfak,2026-05-24,05,0.0
Oh La La Cam Kesme Tahtası Mavi-Beyaz,1749.99,Mutfak,2026-05-24,05,0.0
Olith 20li Kağıt Peçete 33x33 cm Yeşil,1049.99,Mutfak,2026-05-24,05,0.0
Oliver New Bone China 3lü Saklama Kabı 300 ml-600 ml-800 ml Lila-Lacivert-Krem,2999.99,Mutfak,2026-05-24,05,0.0
Opalin 2li Misafir Peçetesi 40x40 cm Beyaz - Kırmızı,2249.99,Mutfak,2026-05-24,05,0.0
Opalix Cam 2li Yağlık - Sirkelik 530 ml Yeşil,479.99,Mutfak,2026-05-24,05,0.0
Orange Cam Kavanoz 970 ml Şeffaf,1399.99,Mutfak,2026-05-24,05,0.0
"Orange Emaye Baharatlık 0,5L Kırmızı",539.99,Mutfak,2026-05-24,05,0.0
Orange Melamin Kaşıklık 24 cm Beyaz - Turuncu,1499.99,Mutfak,2026-05-24,05,0.0
Orangebloom Kağıt 20li Kağıt Peçete 33x33 cm Sarı,1049.99,Mutfak,2026-05-24,05,0.0
Orangebloom Melamin Kaşıklık Mutfak Gereci 24 cm Turuncu-Mavi,1499.99,Mutfak,2026-05-24,05,0.0
Ornella Borosilikat Yağdanlık Şeffaf,271.98,Mutfak,2026-05-24,05,0.0
Oscar Borosilikat 3lü Baharatlık 205 ml Şeffaf,2249.99,Mutfak,2026-05-24,05,0.0
Owia Paslanmaz Çelik Çırpıcı 26 cm Gri,1499.99,Mutfak,2026-05-24,05,0.0
Pablo Borosilikat 2li Baharatlık 305 ml Şeffaf,439.99,Mutfak,2026-05-24,05,0.0
Paisley 2li Kavanoz 750 ml-1300 ml Yeşil,1299.99,Mutfak,2026-05-24,05,0.0
Palermo CeraWell Tava Gri,639.99,Mutfak,2026-05-24,05,0.0
Palermo Premium Tava Siyah,559.99,Mutfak,2026-05-24,05,0.0
Palm Tree Cam Kesme Tahtası 38x28 cm Beyaz,1749.99,Mutfak,2026-05-24,05,0.0
"Paolo Silikon 5 Parça Hazırlık Seti 31,5-32-33-34-34 cm Turuncu",3249.99,Mutfak,2026-05-24,05,0.0
Papaya 20li Kağıt Peçete Yeşil,1049.99,Mutfak,2026-05-24,05,0.0
Parrot 20li Kağıt Peçete Siyah,1249.99,Mutfak,2026-05-24,05,
Pastora Rattan Ekmek Sepeti 34x20x12 cm Bej,1749.99,Mutfak,2026-05-24,05,0.0
Pastoral Rattan Ekmek Sepeti Bej,1749.99,Mutfak,2026-05-24,05,0.0
"Patisserie Amelie Premium Döküm Yuvarlak Kek Kalıbı 24,5 cm Şampanya",449.99,Mutfak,2026-05-24,05,0.0
Patisserie Aura Premium Döküm Kek Kalıbı 24 cm Şampanya,1999.99,Mutfak,2026-05-24,05,0.0
Patisserie Bella Döküm Kek Kalıbı 35 cm Gold,2499.99,Mutfak,2026-05-24,05,0.0
Patisserie Clamp Karbon Çelik Kek Kalıbı Şampanya,479.99,Mutfak,2026-05-24,05,0.0
"Patisserie Clara Premium Döküm Yuvarlak Kek Kalıbı 24,5 cm Şampanya",2199.99,Mutfak,2026-05-24,05,0.0
Patisserie Dream Döküm Kek Kalıbı 26 cm Gold,2249.99,Mutfak,2026-05-24,05,0.0
"Patisserie Elaris Karbon Çelik Yuvarlak Kek Kalıbı 27x4,5 cm Şampanya",2749.99,Mutfak,2026-05-24,05,0.0
Patisserie Frezya Döküm Kek Kalıbı 26 cm Gold-Silver,2649.99,Mutfak,2026-05-24,05,0.0
"Patisserie Harmonia Karbon Çelik Tart Kek Kalıbı 32x2,5 cm Şampanya",2249.99,Mutfak,2026-05-24,05,0.0
Patisserie Hazel Premium Döküm Yuvarlak Kek Kalıbı 25 cm Şampanya,2499.99,Mutfak,2026-05-24,05,0.0
Patisserie Helix Premium Döküm Baton Kek Kalıbı 26 cm Siyah,399.99,Mutfak,2026-05-24,05,0.0
Patisserie Kek Kalıbı Gri,2499.99,Mutfak,2026-05-24,05,0.0
Patisserie Lena Döküm Kek Kalıbı 25 cm Gold,2799.99,Mutfak,2026-05-24,05,0.0
Patisserie Margot Premium Döküm Baton Kek Kalıbı 28 cm Şampanya,449.99,Mutfak,2026-05-24,05,0.0
"Patisserie Mimi Karbon Çelik Muffin Kek Kalıbı 29,5x21 cm Şampanya",399.99,Mutfak,2026-05-24,05,0.0
Patisserie Nera Döküm Kek Kalıbı 25 cm Gold,2499.99,Mutfak,2026-05-24,05,0.0
Patisserie Nera Döküm Kek Kalıbı 25 cm Gold-Silver,399.99,Mutfak,2026-05-24,05,0.0
Patisserie Prince Karbon Çelik Fırın Kabı Şampanya,3199.99,Mutfak,2026-05-24,05,0.0
Patisserie Quinn Döküm Kek Kalıbı 25 cm Gold,2499.99,Mutfak,2026-05-24,05,0.0
Patisserie Quinn Döküm Kek Kalıbı 25 cm Gold-Silver,2499.99,Mutfak,2026-05-24,05,0.0
Patisserie Roasty Karbon Çelik Izgaralı Fırın Kabı 37x29 cm Koyu Gri,4499.99,Mutfak,2026-05-24,05,0.0
Patisserie Sigrid Karbon Çelik Baton Kek Kalıbı 28x17 cm Şampanya,2249.99,Mutfak,2026-05-24,05,0.0
"Patisserie Slices Karbon Çelik Kek Kalıbı 25,5 cm Şampanya",2999.99,Mutfak,2026-05-24,05,0.0
Patisserie Thin Döküm Kek Kalıbı 26 cm Gold-Silver,399.99,Mutfak,2026-05-24,05,0.0
Patisserie Tray Karbon Çelik Kek Kalıbı 37x27 cm Şampanya,439.99,Mutfak,2026-05-24,05,0.0
Patsy Akrilik Değirmen 16 cm Şeffaf,1749.99,Mutfak,2026-05-24,05,0.0
Patsy Metal Rende 22 cm Siyah,2249.99,Mutfak,2026-05-24,05,0.0
Pawzy 20li Kağıt Peçete 33x33 cm Renkli,1049.99,Mutfak,2026-05-24,05,0.0
Peony Akasya 3lü Servis Seti Krem,419.99,Mutfak,2026-05-24,05,0.0
"Peony Çelik Süzgeç 30,5x16 cm Krem",559.99,Mutfak,2026-05-24,05,0.0
"Perrine Spatula 17,5 cm Mavi",999.99,Mutfak,2026-05-24,05,0.0
Perro Emaye Mini Çaydanlık Krem,5999.99,Mutfak,2026-05-24,05,0.0
Petal Dreams Fırın Eldiveni ve Tutacak Seti Beyaz - Pembe,449.99,Mutfak,2026-05-24,05,0.0
Petal Dreams Mutfak Önlüğü 75x80 cm Beyaz - Pembe,449.99,Mutfak,2026-05-24,05,0.0
Petalpop 20li Kağıt Peçete 33x33 cm Renkli,1049.99,Mutfak,2026-05-24,05,0.0
Piatto Cest Cam 2li Baharatlık 220 ml - 220 ml Pembe - Lila,279.99,Mutfak,2026-05-24,05,0.0
Pinkbloom Kağıt 20li Kağıt Peçete 33x33 cm Pembe,146.99,Mutfak,2026-05-24,05,0.0
Pinklet 20li Kağıt Peçete 33x33 cm Pembe-Beyaz,1049.99,Mutfak,2026-05-24,05,0.0
Plain Elegance 20li Kağıt Peçete 33x33 cm Gold,1049.99,Mutfak,2026-05-24,05,0.0
Plain Elegance 20li Kağıt Peçete 33x33 cm Silver,1049.99,Mutfak,2026-05-24,05,0.0
Plain Elegance 20li Kağıt Peçete 33x33 cm Turuncu,1049.99,Mutfak,2026-05-24,05,0.0
Plain Elegance 20li Kağıt Peçete 33x33 cm Yeşil,1049.99,Mutfak,2026-05-24,05,0.0
Pointra 20li Kağıt Peçete 33x33 cm Beyaz-Kahverengi,1049.99,Mutfak,2026-05-24,05,0.0
Polarbox 12L Mauve - Gold,4699.99,Mutfak,2026-05-24,05,0.0
Polarbox 12L Verda Forest - Gold,4699.99,Mutfak,2026-05-24,05,0.0
Polarbox 20 L Bubblegum Pink - Cyan Pop,4999.99,Mutfak,2026-05-24,05,0.0
Polarbox 20 L Marine - Mustard Classic,4999.99,Mutfak,2026-05-24,05,0.0
Polarbox 20 L Olive Green - Gold,4999.99,Mutfak,2026-05-24,05,0.0
Polarbox 6L Bruma - Denim Classic,4399.99,Mutfak,2026-05-24,05,0.0
Polarbox 6L Crema - Gold,4399.99,Mutfak,2026-05-24,05,0.0
Polarbox 6L Verda Agua - Rose Baby Pop,4399.99,Mutfak,2026-05-24,05,
Polarbox Deri Kayışlı Soğuk ve Sıcak Saklama Termosu 6L Pudra – Gold,4399.99,Mutfak,2026-05-24,05,0.0
Polarbox Deri Kayışlı Soğuk ve Sıcak Saklama Termosu 6L Sarı – Bebe Mavisi,4399.99,Mutfak,2026-05-24,05,0.0
Polarbox Gold Edition Deri Kayışlı Soğuk ve Sıcak Saklama Termosu 20 L Pudra – Gold,4999.99,Mutfak,2026-05-24,05,0.0
Polito Paslanmaz Çelik Rende 21 cm Siyah,314.99,Mutfak,2026-05-24,05,0.0
Porto Premium Tava Seti Siyah,5499.99,Mutfak,2026-05-24,05,0.0
"Posuda 3lü Buz Kalıbı Mutfak Gereci 7x12,5x3,5 cm Açık Mavi",1149.99,Mutfak,2026-05-24,05,0.0
"Posuda 3lü Buz Kalıbı Mutfak Gereci 7x12,5x3,5 cm Lila",1149.99,Mutfak,2026-05-24,05,0.0
"Posuda 3lü Mini Buz Kalıbı 7x12,5x3,5 cm Krem",1299.95,Mutfak,2026-05-24,05,0.0
Posuda 3lü Mini Buz Kalıbı Mavi,1149.99,Mutfak,2026-05-24,05,0.0
Posuda 3lü Mini Buz Kalıbı Pembe,1149.99,Mutfak,2026-05-24,05,0.0
Prea Cam Kavanoz Krem,174.99,Mutfak,2026-05-24,05,0.0
Prea Cam Kavanoz Siyah,209.99,Mutfak,2026-05-24,05,0.0
Prego CeraWell Derin Tencere Siyah,7249.99,Mutfak,2026-05-24,05,0.0
Prego CeraWell Kapaklı Sahan 20 cm Krem - Kahve,5499.99,Mutfak,2026-05-24,05,0.0
Prego CeraWell Kapaklı Sahan 20 cm Siyah,4499.99,Mutfak,2026-05-24,05,0.0
Prego CeraWell Seramik Tencere Gri,799.99,Mutfak,2026-05-24,05,0.0
Prego CeraWell Tava Krem - Kahve,3999.99,Mutfak,2026-05-24,05,0.0
Prego CeraWell Tava Siyah,4999.99,Mutfak,2026-05-24,05,0.0
Prego CeraWell Tencere Krem - Kahve,1039.99,Mutfak,2026-05-24,05,0.0
Prego Çelik Çaydanlık Siyah,1439.99,Mutfak,2026-05-24,05,0.0
Pressico Borosilikat French Press 350 ml Siyah,449.99,Mutfak,2026-05-24,05,0.0
Pretty Premium 2li Sahan 18-22 cm Siyah,5999.99,Mutfak,2026-05-24,05,0.0
Pretty Premium Mini Tava 14 cm Gri,2499.99,Mutfak,2026-05-24,05,0.0
Pretty Premium Mini Tava 14 cm Mocha,2499.99,Mutfak,2026-05-24,05,0.0
Pretty Premium Sos Tenceresi 14 Cm Gri,479.99,Mutfak,2026-05-24,05,0.0
Pretty Premium Sos Tenceresi 14 cm Mocha,399.99,Mutfak,2026-05-24,05,0.0
Pretty Premium Tava Seti 18-20 cm Siyah,3999.99,Mutfak,2026-05-24,05,0.0
Prime Blush Premium Tava Seti 20-26 cm Bej,7999.99,Mutfak,2026-05-24,05,0.0
Prime Blush Premium Tava Seti 20-26 cm Bordo,9999.99,Mutfak,2026-05-24,05,0.0
Prime Blush Premium Tava Seti 20-26 cm Pembe,6249.99,Mutfak,2026-05-24,05,0.0
Prime Expert Animals Premium Pankek Tava 28 cm Siyah,719.99,Mutfak,2026-05-24,05,0.0
Prime Expert Premium Döküm Kapaklı Sahan Siyah - Gri,1199.99,Mutfak,2026-05-24,05,0.0
Prime Expert Premium Sahan Siyah,399.99,Mutfak,2026-05-24,05,0.0
Prime Maestro Premium Döküm Sahan Siyah,479.99,Mutfak,2026-05-24,05,0.0
Pro Cook Series Tava Siyah,5499.99,Mutfak,2026-05-24,05,0.0
Pro Cook Series Tencere Siyah,5999.99,Mutfak,2026-05-24,05,-14.285734693906708
Pro Grade Premium İndüksiyon Tabanlı Krep Tava 30 cm Siyah,4999.99,Mutfak,2026-05-24,05,0.0
Pro Grade Premium İndüksiyon Tabanlı Tava Siyah,2999.99,Mutfak,2026-05-24,05,0.0
Pudlily 20li Kağıt Peçete 33x33 cm Renkli,1049.99,Mutfak,2026-05-24,05,0.0
Pure Plaid Pamuklu 3lü Kurulama Bezi 30x30 cm Bej,1399.99,Mutfak,2026-05-24,05,0.0
Pure Stoneware Oval Fırın Tenceresi Krem,559.99,Mutfak,2026-05-24,05,0.0
Rachelle Kepçe 32 cm Mavi - Gri,1149.99,Mutfak,2026-05-24,05,0.0
Rachelle Kevgır 34 cm Mavi - Gri,999.99,Mutfak,2026-05-24,05,0.0
"Rachelle Sarımsak Ezici Mutfak Gereci 15,5 cm Mavi - Gri",1649.99,Mutfak,2026-05-24,05,0.0
Rachelle Servis Kaşığı Servis Gereci 32 cm Mavi - Gri,1149.99,Mutfak,2026-05-24,05,0.0
"Rachelle Soyacak 14,5 cm Mavi - Gri",1049.99,Mutfak,2026-05-24,05,0.0
Rachelle Spatula 34 cm Mavi - Gri,1149.99,Mutfak,2026-05-24,05,0.0
Rainbow Grid Kağıt 20li Kağıt Peçete 33x33 cm Renkli,1049.99,Mutfak,2026-05-24,05,0.0
Rainbow Kurulama Bezi 30x50 cm Renkli,1299.99,Mutfak,2026-05-24,05,0.0
Raya Paslanmaz Çelik Mutfak Gereci Silver,1149.99,Mutfak,2026-05-24,05,0.0
Regent Metal Peçetelik 18x18 cm Gold,1499.99,Mutfak,2026-05-24,05,0.0
Renita Paslanmaz Çelik Rende 23 cm Siyah,359.99,Mutfak,2026-05-24,05,0.0
Retro Art 20li Kağıt Peçete Sarı,1049.99,Mutfak,2026-05-24,05,0.0
Retro Art Cam Kavanoz 500 ml Renkli,1149.99,Mutfak,2026-05-24,05,0.0
Retro Blossom 20li Kağıt Peçete Turuncu,1099.99,Mutfak,2026-05-24,05,0.0
Retro Botanique 20li Kağıt Peçete Yeşil,1099.99,Mutfak,2026-05-24,05,0.0
Retro Bouquet 20li Kağıt Peçete Beyaz,1099.99,Mutfak,2026-05-24,05,0.0
Retro Floral 20li Kağıt Peçete  Yeşil,1049.99,Mutfak,2026-05-24,05,0.0
Retro Flower 20li Kağıt Peçete Yeşil,1049.99,Mutfak,2026-05-24,05,0.0
Retro Flowery 20li Kağıt Peçete Krem,1049.99,Mutfak,2026-05-24,05,0.0
Retro Gingham 20li Kağıt Peçete Krem,1049.99,Mutfak,2026-05-24,05,0.0
Retro Grids Pamuk Kurulama Bezi Krem - Pembe,1499.99,Mutfak,2026-05-24,05,0.0
Retro Line 20li Kağıt Peçete Terracotta,1049.99,Mutfak,2026-05-24,05,0.0
Retro Plaid 20li Kağıt Peçete Yeşil,1049.99,Mutfak,2026-05-24,05,0.0
Retro Realm Cam Baharatlık 350 ml Renkli,1149.99,Mutfak,2026-05-24,05,0.0
Retro Revival Pamuk Kurulama Bezi Krem - Mavi,1299.99,Mutfak,2026-05-24,05,0.0
Retro Shapes 20li Kağıt Peçete Pembe,1049.99,Mutfak,2026-05-24,05,0.0
Retro Style 20li Kağıt Peçete Pembe,1049.99,Mutfak,2026-05-24,05,0.0
Retro Style Cam Kavanoz 500 ml Mavi,1399.99,Mutfak,2026-05-24,05,0.0
Retro Trellis 20li Kağıt Peçete Yeşil,1049.99,Mutfak,2026-05-24,05,0.0
Retro Vernal Pamuk Kurulama Bezi Pudra,1749.99,Mutfak,2026-05-24,05,0.0
Ribbon 20li Kağıt Peçete Gri,1049.99,Mutfak,2026-05-24,05,0.0
Riga Akrilik Değirmen 17 cm Şeffaf,359.99,Mutfak,2026-05-24,05,0.0
Rita Paslanmaz Çelik Soyacak 13 cm Siyah,1999.99,Mutfak,2026-05-24,05,0.0
Rivoli Borosilikat Kavanoz Şeffaf,999.95,Mutfak,2026-05-24,05,0.0
Roche Borosilikat Kavanoz Kahve,1499.99,Mutfak,2026-05-24,05,0.0
Romantic Toile 20li Kağıt Peçete Bej,1049.99,Mutfak,2026-05-24,05,0.0
"Ronna Silikon Spatula 21,5 cm Bordo",699.95,Mutfak,2026-05-24,05,0.0
"Ronna Silikon Yumurta Fırçası 20,5 cm Bordo",749.95,Mutfak,2026-05-24,05,0.0
Rosalia Süzgeç 23x21 cm Krem,849.95,Mutfak,2026-05-24,05,0.0
Rosalia Süzgeç 23x21 cm Yeşil,849.95,Mutfak,2026-05-24,05,0.0
Rosalyn 20li Kağıt Peçete 33x33 cm Pudra,1049.99,Mutfak,2026-05-24,05,0.0
Rosemary Cam Kesme Tahtası 25x35 cm Yeşil-Beyaz,2499.99,Mutfak,2026-05-24,05,0.0
Roseray Kağıt 20li Kağıt Peçete 33x33 cm Siyah - Beyaz,1049.99,Mutfak,2026-05-24,05,0.0
Rowena Akrilik Değirmen 14 cm Şeffaf,1499.99,Mutfak,2026-05-24,05,0.0
Rowena Metal Mutfak Makası Mutfak Gereci 21 cm Siyah,1399.99,Mutfak,2026-05-24,05,0.0
Rowena Metal Sarımsak Ezici 16 cm Siyah,439.99,Mutfak,2026-05-24,05,0.0
Rowena Metal Un Eleği Mutfak Gereci 10 cm Gri,1749.99,Mutfak,2026-05-24,05,0.0
Rowena Metal Çırpıcı Gri,1299.99,Mutfak,2026-05-24,05,0.0
Roxy Ahşap Değirmen 17 cm Natural,3249.99,Mutfak,2026-05-24,05,0.0
Rutilus Kağıt 20li Kağıt Peçete 33x33 cm Kırmızı,999.99,Mutfak,2026-05-24,05,0.0
Sage Pamuk Kurulama Bezi 30x50 cm Beyaz - Yeşil,1499.99,Mutfak,2026-05-24,05,0.0
Sakura 20li Kağıt Peçete Krem,1049.99,Mutfak,2026-05-24,05,0.0
Sakura 20li Kağıt Peçete Lila,1049.99,Mutfak,2026-05-24,05,0.0
Sakura 20li Kağıt Peçete Pembe,1049.99,Mutfak,2026-05-24,05,0.0
Sakura Dream 20li Kağıt Peçete Yeşil,1049.99,Mutfak,2026-05-24,05,0.0
Sakura World 20li Kağıt Peçete Pembe,1049.99,Mutfak,2026-05-24,05,0.0
Salina Metal 4lü Saklama Kabı 1.3 L x 9 L Siyah,6999.99,Mutfak,2026-05-24,05,0.0
Saly Cam 2li Yağlık - Sirkelik 245 ml Antrasit,1699.95,Mutfak,2026-05-24,05,0.0
Samantha Silikon Hamur Matı Mutfak Gereci 50x40 cm Yeşil,1499.99,Mutfak,2026-05-24,05,0.0
SauceMate Paslanmaz Çelik Sos Tava Silver,359.99,Mutfak,2026-05-24,05,0.0
Savor Premium Yuvarlak Izgara Tava 34 cm Siyah,4999.99,Mutfak,2026-05-24,05,0.0
Savory Pamuk 2li Kurulama Bezi 30x50 cm Lacivert,999.99,Mutfak,2026-05-24,05,0.0
Savory Pamuk 2li Kurulama Bezi 30x50 cm Mavi,999.99,Mutfak,2026-05-24,05,0.0
Scavri Paslanmaz Çelik Kevgır 14 cm Gri,1749.99,Mutfak,2026-05-24,05,0.0
Scavri Paslanmaz Çelik Kevgır 16 cm Gri,1999.99,Mutfak,2026-05-24,05,0.0
Seafree 20li Kağıt Peçete 33x33 cm Lacivert-Beyaz,1049.99,Mutfak,2026-05-24,05,0.0
Seashell 20li Kağıt Peçete Mavi,188.99,Mutfak,2026-05-24,05,0.0
Senash Cam Peçetelik Şeffaf,1299.99,Mutfak,2026-05-24,05,0.0
"Serena Silikon Airfryer Kek Kalıbı 5,5 L Bordo",135.98,Mutfak,2026-05-24,05,0.0
Shelby Bambu Kesme Tahtası Bıçak Seti Mavi,1439.99,Mutfak,2026-05-24,05,0.0
Shelby Borosilikat Bal Kavanoz 400 ml Gri,1749.99,Mutfak,2026-05-24,05,0.0
Shellwave Pamuk Kurulama Bezi 30x50 cm Beyaz - Mavi,999.99,Mutfak,2026-05-24,05,0.0
Siena Çelik 2li Kapaksız Sahan Seti 16-18 cm Silver,5499.99,Mutfak,2026-05-24,05,0.0
Siena Çelik Mini Tencere Silver,3499.99,Mutfak,2026-05-24,05,0.0
Silent Slash Paslanmaz Çelik 6lı Bıçak 9 cm Kırmızı,1749.99,Mutfak,2026-05-24,05,0.0
Silent Slash Paslanmaz Çelik 6lı Bıçak 9 cm Siyah,1749.99,Mutfak,2026-05-24,05,0.0
Simone Borosilikat Kavanoz Açık Pembe,349.99,Mutfak,2026-05-24,05,0.0
Simone Borosilikat Kavanoz Yeşil,359.99,Mutfak,2026-05-24,05,0.0
Simone Borosilikat Saklama Kabı Açık Pembe,314.99,Mutfak,2026-05-24,05,0.0
Simone Borosilikat Saklama Kabı Yeşil,2499.99,Mutfak,2026-05-24,05,0.0
Simple Cam 2li Yağlık - Sirkelik 180 ml Şeffaf,1699.95,Mutfak,2026-05-24,05,0.0
Sinna Borosilikat Kavanoz Şeffaf,1499.99,Mutfak,2026-05-24,05,0.0
Sinople Pamuk Kurulama Bezi 30x50 cm Beyaz - Yeşil,1499.99,Mutfak,2026-05-24,05,0.0
Skyglide Kağıt 20li Kağıt Peçete 33x33 cm Mavi,1049.99,Mutfak,2026-05-24,05,0.0
Skylith 20li Kağıt Peçete 33x33 cm Siyah - Beyaz,1049.99,Mutfak,2026-05-24,05,0.0
Smart Cut Paslanmaz Çelik 7 Parça Bıçak 34.5x34x34x31x24x21 cm Kırmızı,10499.99,Mutfak,2026-05-24,05,0.0
Smooth Fringes Pamuk 6lı Misafir Peçetesi Bordo,419.99,Mutfak,2026-05-24,05,0.0
Smooth Fringes Pamuk 6lı Misafir Peçetesi Krem,439.99,Mutfak,2026-05-24,05,0.0
Smooth Fringes Pamuk 6lı Misafir Peçetesi Yeşil,439.99,Mutfak,2026-05-24,05,0.0
Snow Smile Dolomite Demlik 640 ml Beyaz - Kırmızı,5999.99,Mutfak,2026-05-24,05,0.0
Soft Bloom Stoneware Fırın Kabı Krem,239.99,Mutfak,2026-05-24,05,0.0
Soft Bloom Stoneware Karıştırma Kabı 23 cm Krem,899.99,Mutfak,2026-05-24,05,0.0
Soft Bloom Stoneware Kavanoz Krem,2999.99,Mutfak,2026-05-24,05,0.0
Soft Bloom Stoneware Limon Sıkacağı 18 cm Krem,2499.99,Mutfak,2026-05-24,05,0.0
Solea Kağıt 20li Kağıt Peçete 33x33 cm Lacivert,1049.99,Mutfak,2026-05-24,05,0.0
Spotty 20li Kağıt Peçete Siyah - Beyaz,1049.99,Mutfak,2026-05-24,05,0.0
Spring 20li Kağıt Peçete 33x33 cm Mavi,1049.99,Mutfak,2026-05-24,05,0.0
Spring Daisies Kağıt 20li Kağıt Peçete 33x33 cm Mavi,1049.99,Mutfak,2026-05-24,05,0.0
Squarify Dark Kağıt 20li Kağıt Peçete 33x33 cm Mavi,1049.99,Mutfak,2026-05-24,05,0.0
Squarify Green Kağıt 20li Kağıt Peçete 33x33 cm Yeşil,1049.99,Mutfak,2026-05-24,05,0.0
Squarify Orange Kağıt 20li Kağıt Peçete 33x33 cm Sarı,1049.99,Mutfak,2026-05-24,05,0.0
Steel Edge Paslanmaz Çelik Kesme Tahtası 26x34 cm Gri,3499.99,Mutfak,2026-05-24,05,0.0
Steel Master Paslanmaz Çelik Mutfak Gereci Gri,269.99,Mutfak,2026-05-24,05,0.0
Stella Borosilikat French Press 360 ml Açık Pembe,239.99,Mutfak,2026-05-24,05,0.0
Stella Borosilikat French Press 360 ml Yeşil,1749.99,Mutfak,2026-05-24,05,0.0
Stella Borosilikat French Press 600 ml Gri,1999.99,Mutfak,2026-05-24,05,0.0
Stella Borosilikat French Press 600 ml Siyah,1999.99,Mutfak,2026-05-24,05,0.0
Straw Line Kağıt 20li Kağıt Peçete 33x33 cm Kahverengi,157.49,Mutfak,2026-05-24,05,0.0
Straw Rope Natural İp 2li Peçete Halkası Antrasit,749.95,Mutfak,2026-05-24,05,0.0
Strawberries Pamuk Kurulama Bezi Kırmızı,1299.99,Mutfak,2026-05-24,05,0.0
Streaky 20li Kağıt Peçete 33x33 cm Siyah - Beyaz,1099.99,Mutfak,2026-05-24,05,0.0
Stria Pamuk Kurulama Bezi 30x50 cm Bordo,1049.99,Mutfak,2026-05-24,05,0.0
Stria Pamuk Kurulama Bezi 30x50 cm Mavi,1049.99,Mutfak,2026-05-24,05,0.0
Striva Pamuk Kurulama Bezi 30x50 cm Bej,1099.99,Mutfak,2026-05-24,05,0.0
Summer Checkers 20li Kağıt Peçete 33x33 cm Mor-Sarı,1099.99,Mutfak,2026-05-24,05,0.0
Summer Checkers 20li Kağıt Peçete 33x33 cm Pembe - Yeşil,1099.99,Mutfak,2026-05-24,05,0.0
Summer Line 20li Kağıt Peçete 33x33 cm Turuncu-Mavi,1099.99,Mutfak,2026-05-24,05,0.0
Summer Line Cam Kavanoz 630 ml Şeffaf,1299.99,Mutfak,2026-05-24,05,0.0
Summer Orange 20li Kağıt Peçete 33x33 cm Turuncu,1099.99,Mutfak,2026-05-24,05,0.0
Summer Orange Fırın Eldiveni ve Tutacak Seti Kırmızı-Pembe,2499.99,Mutfak,2026-05-24,05,0.0
Summer Orange Mutfak Önlüğü 65x75 cm Kırmızı-Pembe,2499.99,Mutfak,2026-05-24,05,0.0
Summer Pomegranate 20li Kağıt Peçete 33x33 cm Kırmızı,1049.99,Mutfak,2026-05-24,05,0.0
Sunleaf Kağıt 20li Kağıt Peçete 33x33 cm Renkli,1049.99,Mutfak,2026-05-24,05,0.0
Sutil Kağıt 20li Kağıt Peçete 33x33 cm Beyaz,1049.99,Mutfak,2026-05-24,05,0.0
TKM 6002 Cezve Lacivert,899.99,Mutfak,2026-05-24,05,0.0
TKM 6002 Cezve Siyah-Krom,900.99,Mutfak,2026-05-24,05,0.0
Talisman Butterfly 20li Kağıt Peçete 33x33 cm Siyah,1049.99,Mutfak,2026-05-24,05,0.0
Talisman Eyes 20li Kağıt Peçete 33x33 cm Gold,1049.99,Mutfak,2026-05-24,05,0.0
Talisman Galaxy 20li Kağıt Peçete 33x33 cm Krem,999.99,Mutfak,2026-05-24,05,0.0
Talisman Magical 20li Kağıt Peçete  Beyaz,999.99,Mutfak,2026-05-24,05,0.0
Talisman Nature 20li Kağıt Peçete 33x33 cm Yeşil,1049.99,Mutfak,2026-05-24,05,0.0
Talisman Snakes 20li Kağıt Peçete 33x33 cm Bej,999.99,Mutfak,2026-05-24,05,0.0
Tassel 2li Misafir Peçetesi Krem,1399.99,Mutfak,2026-05-24,05,0.0
Tea Time New Bone China Demlik Seti 600 ml Beyaz,4999.99,Mutfak,2026-05-24,05,0.0
"Tessa Ahşap Değirmen 16,5 cm Beyaz",2499.99,Mutfak,2026-05-24,05,0.0
"Tessa Ahşap Değirmen 16,5 cm Yeşil",2499.99,Mutfak,2026-05-24,05,0.0
Thaliana 20li Kağıt Peçete 33x33 cm Siyah - Beyaz,1049.99,Mutfak,2026-05-24,05,0.0
"Tia Çelik Çaydanlık 0,75 L-1,75 L Siyah",9999.99,Mutfak,2026-05-24,05,0.0
Tiffany Plastik 6lı Servis Gereci 33 cm Renkli,559.99,Mutfak,2026-05-24,05,0.0
Tinna Borosilikat Yağdanlık Şeffaf,2499.99,Mutfak,2026-05-24,05,0.0
Tiny Cast Premium Döküm 5 Parça Mini Tencere Seti 16x16x16 cm Gold,7999.99,Mutfak,2026-05-24,05,0.0
Tiny Cast Premium Döküm 5 Parça Mini Tencere Seti 16x16x16 cm Lila,7999.99,Mutfak,2026-05-24,05,0.0
Tiny Cast Premium Döküm 5 Parça Mini Tencere Seti 16x16x16 cm Pembe,7999.99,Mutfak,2026-05-24,05,0.0
Titan Cut Paslanmaz Çelik Kesme Tahtası 24x34 cm Gri,3499.99,Mutfak,2026-05-24,05,0.0
Titan Steel Paslanmaz Çelik Bıçak 12 cm Kırmızı,1499.99,Mutfak,2026-05-24,05,0.0
Titan Steel Paslanmaz Çelik Bıçak 12 cm Siyah,1499.99,Mutfak,2026-05-24,05,0.0
Tiya Seramik Değirmen 15 cm Beyaz,1499.99,Mutfak,2026-05-24,05,0.0
Toile Plants 2li Misafir Peçetesi Koyu Lacivert,999.95,Mutfak,2026-05-24,05,0.0
Trees Red 20li Kağıt Peçete Kırmızı,1149.95,Mutfak,2026-05-24,05,0.0
Trendy Ayarlanabilir Lavabo Süzgeci Süzgeç Yeşil,1149.99,Mutfak,2026-05-24,05,0.0
Trikote Hasır 2li Peçete Halkası Krem,749.95,Mutfak,2026-05-24,05,0.0
Tual 20li Kağıt Peçete Lacivert,1049.99,Mutfak,2026-05-24,05,0.0
"Tubby Cam Limon Sıkacağı 17,5x15,5x7,2 cm Şeffaf",1999.99,Mutfak,2026-05-24,05,0.0
Tyler Cam 3lü Baharatlık 950 ml Şeffaf,639.99,Mutfak,2026-05-24,05,0.0
Vacuum Pro Lock 7 Parça Vakum Cihazlı Cam Saklama Kabı Siyah,8999.99,Mutfak,2026-05-24,05,0.0
Valessa Fırın Eldiveni ve Tutacak Seti Krem-Gri,439.99,Mutfak,2026-05-24,05,0.0
Vallira Cam Yağdanlik 500 ml Şeffaf,1399.99,Mutfak,2026-05-24,05,0.0
Veira Cam Yağdanlik 500 ml Şeffaf,1399.99,Mutfak,2026-05-24,05,0.0
Velma Metal Rende 23 cm Siyah,2499.99,Mutfak,2026-05-24,05,0.0
Venice CeraWell Tencere-Tava Seti Pembe,7499.99,Mutfak,2026-05-24,05,0.0
Victorinox 1.3603.B1 Paslanmaz Çelik Spartan Çakı,1979.99,Mutfak,2026-05-24,05,0.0
Victorinox 3 Parça Bıçak Seti Kırmızı,1369.99,Mutfak,2026-05-24,05,0.0
Victorinox 3 Parça Bıçak Seti Siyah,1369.99,Mutfak,2026-05-24,05,0.0
Victorinox 6.0950.1 RHO Düz Kenar Tek Taraf Soyacak Kırmızı,389.99,Mutfak,2026-05-24,05,0.0
Victorinox 6.0950.3 RHO Düz Kenar Tek Taraf Soyacak Siyah,389.99,Mutfak,2026-05-24,05,0.0
Victorinox 6.0950.4 RHO Düz Kenar Tek Taraf Soyacak Yeşil,389.99,Mutfak,2026-05-24,05,0.0
Victorinox 6.7111.34C1 Paslanmaz Çelik 3’lü Set Bıçak Seti Kırmızı,1369.99,Mutfak,2026-05-24,05,0.0
Victorinox 6.7113.34 Swiss Classic Paslanmaz Çelik 3lü Set Bıçak Seti Siyah,1259.99,Mutfak,2026-05-24,05,0.0
Victorinox 6.7116.34C1 Swiss Classic Paslanmaz Çelik 3lü Bıçak Seti Renkli,1369.99,Mutfak,2026-05-24,05,0.0
Victorinox 6.7601.C1 Swiss Classic Paslanmaz Çelik Düz Sivri Uçlu Bıçak 8 cm Kırmızı,399.99,Mutfak,2026-05-24,05,0.0
Victorinox 6.7605.C1 Paslanmaz Çelik Bıçak 8 cm Mor,399.99,Mutfak,2026-05-24,05,0.0
Victorinox 6.7606.L115 Paslanmaz Çelik Bıçak 8 cm Pembe,399.99,Mutfak,2026-05-24,05,0.0
Victorinox 6.7633 Paslanmaz Çelik Tırtıklı Soyma Bıçak 8 cm Siyah,399.99,Mutfak,2026-05-24,05,0.0
Victorinox 6.7634.C1 Paslanmaz Çelik Tırtıklı Soyma Bıçak 8 cm Yeşil,399.99,Mutfak,2026-05-24,05,0.0
Victorinox 6.7635.C1 Swiss Classic Paslanmaz Çelik Tırtıklı Soyma Bıçak 8 cm Mor,399.99,Mutfak,2026-05-24,05,0.0
Victorinox 6.7638.C1 Paslanmaz Çelik Tırtıklı Soyma Bıçak 8 cm Sarı,399.99,Mutfak,2026-05-24,05,0.0
Victorinox 6.7639.C1 Paslanmaz Çelik Tırtıklı Soyma Bıçak 8 cm Turuncu,399.99,Mutfak,2026-05-24,05,0.0
Victorinox 6.7701.C1 Swiss Classic Paslanmaz Çelik Düz Sivri Uçlu Bıçak 10 cm Kırmızı,479.99,Mutfak,2026-05-24,05,0.0
Victorinox 6.7705.C1 Paslanmaz Çelik Bıçak 10 cm Mor,479.99,Mutfak,2026-05-24,05,0.0
Victorinox 6.7709.C1 Paslanmaz Çelik Bıçak 10 cm Turuncu,479.99,Mutfak,2026-05-24,05,0.0
Victorinox 6.7731.C1 Swiss Classic Paslanmaz Çelik Tırtıklı Soyma Bıçak 10 cm Kırmızı,479.99,Mutfak,2026-05-24,05,0.0
Victorinox 6.7831.C1 Swiss Classic Paslanmaz Çelik Tırtıklı Domates Bıçak 11 cm Kırmızı,479.99,Mutfak,2026-05-24,05,0.0
Victorinox 6.7835.C1 Paslanmaz Çelik Tırtıklı Soyma Bıçak 11 cm Mor,479.99,Mutfak,2026-05-24,05,0.0
Victorinox 6.7836.L114 Paslanmaz Çelik Tırtıklı Soyma Bıçak 11 cm Yeşil,479.99,Mutfak,2026-05-24,05,0.0
Victorinox 6.7839.C1 Swiss Classic Paslanmaz Çelik Domates Bıçak 11 cm Turuncu,479.99,Mutfak,2026-05-24,05,0.0
Victorinox 6.7933.B Paslanmaz Çelik 2li Tırtıklı Bıçak Seti 12 cm Siyah,1289.99,Mutfak,2026-05-24,05,0.0
Victorinox 6.8003.19B Paslanmaz Çelik Doğrama Bıçak 19 cm Siyah,2589.99,Mutfak,2026-05-24,05,0.0
Victorinox 6.8103.12B Paslanmaz Çelik Doğrama Bıçak 12 cm Siyah,1809.99,Mutfak,2026-05-24,05,0.0
Victorinox 7.6081.1 Rende Kalın Kırmızı,789.99,Mutfak,2026-05-24,05,0.0
Victorinox 7.6363.3 Paslanmaz Çelik Çok Amaçlı Makas,1809.99,Mutfak,2026-05-24,05,0.0
Victorinox Domates ve Sofra Bıçak 11 cm Pembe,479.99,Mutfak,2026-05-24,05,0.0
Victorinox Domates ve Sofra Bıçak 11 cm Turuncu,479.99,Mutfak,2026-05-24,05,0.0
Victorinox IOTA Tırtıklı Kenar Çift Taraf Soyacak Kırmızı,389.99,Mutfak,2026-05-24,05,0.0
Victorinox IOTA Tırtıklı Kenar Çift Taraf Soyacak Siyah,389.99,Mutfak,2026-05-24,05,0.0
Victorinox IOTA Tırtıklı Kenar Çift Taraf Soyacak Yeşil,389.99,Mutfak,2026-05-24,05,0.0
Victorinox Rex Alüminyum Soyacak,469.99,Mutfak,2026-05-24,05,0.0
Victorinox Soyacak ve Sofra Bıçak Seti Siyah,889.99,Mutfak,2026-05-24,05,0.0
Victorinox Soyma Bıçak 8 cm Sarı,399.99,Mutfak,2026-05-24,05,0.0
Victorinox Soyma Bıçak 8 cm Yeşil,399.99,Mutfak,2026-05-24,05,0.0
Victorinox Star Alüminyum Jülyen Soyacak,549.99,Mutfak,2026-05-24,05,0.0
Victorinox SwissClassic Domates & Sosis Bıçak 11 cm Siyah,479.99,Mutfak,2026-05-24,05,0.0
Victorinox SwissClassic Soyma Bıçak 10 cm Kırmızı,479.99,Mutfak,2026-05-24,05,0.0
Victorinox SwissClassic Soyma Bıçak 10 cm Siyah,479.99,Mutfak,2026-05-24,05,0.0
Victorinox SwissClassic Soyma Bıçak 8 cm Kırmızı,399.99,Mutfak,2026-05-24,05,0.0
Victorinox SwissClassic Soyma Bıçak 8 cm Siyah,399.99,Mutfak,2026-05-24,05,0.0
Victorinox VT 6.8003.15B Paslanmaz Çelik Şef Doğrama Bıçak 15 cm,2119.99,Mutfak,2026-05-24,05,0.0
Victorinox VT Soyma Bıçak 8 cm Pembe,399.99,Mutfak,2026-05-24,05,0.0
Victorinox YPSO Tırtıklı Kenar Çift Taraf Soyacak Kırmızı,389.99,Mutfak,2026-05-24,05,0.0
Victorinox YPSO Tırtıklı Kenar Çift Taraf Soyacak Siyah,389.99,Mutfak,2026-05-24,05,0.0
Victorinox YPSO Tırtıklı Kenar Çift Taraf Soyacak Yeşil,389.99,Mutfak,2026-05-24,05,0.0
Vintage Borosilikat Kavanoz Beyaz,439.99,Mutfak,2026-05-24,05,0.0
Vintage Borosilikat Kavanoz Kırmızı,1499.99,Mutfak,2026-05-24,05,0.0
Vintage Borosilikat Kavanoz Lacivert,2249.99,Mutfak,2026-05-24,05,0.0
Vintage Botanic Cam Kesme Tahtası 25x35 cm Yeşil-Beyaz,1999.99,Mutfak,2026-05-24,05,0.0
Virelia 20li Kağıt Peçete 33x33 cm Yeşil,1049.99,Mutfak,2026-05-24,05,0.0
Virell Cam Yağdanlik 500 ml Şeffaf,1999.99,Mutfak,2026-05-24,05,0.0
Virginie Buz Kalıbı 24x10 cm Mavi,1149.99,Mutfak,2026-05-24,05,0.0
Virginie Buz Kalıbı 24x10 cm Pembe,1149.99,Mutfak,2026-05-24,05,0.0
Virginie Plastik Buz Kalıbı Mutfak Gereci 24x10 cm Turkuaz,1149.99,Mutfak,2026-05-24,05,0.0
Virginie Plastik Buz Kalıbı Mutfak Gereci 24x10 cm Turuncu,1149.99,Mutfak,2026-05-24,05,0.0
Virginie Plastik Ölçü Kaplı Limon Sıkacağı 8 cm Turkuaz,1499.99,Mutfak,2026-05-24,05,0.0
Vola Pamuk 2li Kurulama Bezi 30x40 cm Bej,1499.99,Mutfak,2026-05-24,05,0.0
Voysey 20li Kağıt Peçete Siyah,1049.99,Mutfak,2026-05-24,05,0.0
Watermelons Pamuk Kurulama Bezi 30x50 cm Kırmızı,1299.99,Mutfak,2026-05-24,05,0.0
Whispering Petals Fırın Eldiveni ve Tutacak Seti Pembe - Turuncu,489.99,Mutfak,2026-05-24,05,0.0
Whispering Petals Mutfak Önlüğü 75x80 cm Pembe - Turuncu,449.99,Mutfak,2026-05-24,05,0.0
Whity Borosilikat Saklama Kabı 1040 ml Beyaz,1999.99,Mutfak,2026-05-24,05,0.0
Wicker Plastik Rattan Peçetelik 15x9 cm Kahverengi,1249.99,Mutfak,2026-05-24,05,0.0
Wicker Plastik Rattan Peçetelik 19x13 cm Açık Kahverengi,1399.99,Mutfak,2026-05-24,05,0.0
Wildica 20li Kağıt Peçete 33x33 cm Gri-Beyaz,1049.99,Mutfak,2026-05-24,05,0.0
Winter Time 20li Kağıt Peçete 33x33 cm Yeşil,799.95,Mutfak,2026-05-24,05,0.0
Woody Beater Çelik Çırpıcı Mutfak Gereci Kahve,1399.99,Mutfak,2026-05-24,05,0.0
Woody Garlic Çelik Sarımsak Ezici Mutfak Gereci Kahve,1999.99,Mutfak,2026-05-24,05,0.0
Woody Ice Çelik Dondurma Kaşığı Kahve,1399.99,Mutfak,2026-05-24,05,0.0
Woody Ladle Çelik Kepçe Kahve,1399.99,Mutfak,2026-05-24,05,0.0
Woody Peeler Çelik Rende Kahve,1249.99,Mutfak,2026-05-24,05,0.0
Woody Peeler Çelik Soyacak Mutfak Gereci Kahve,1399.99,Mutfak,2026-05-24,05,0.0
Woody Potato Çelik Patates Ezici Servis Gereci Kahve,1399.99,Mutfak,2026-05-24,05,0.0
Woody Spaghetti Çelik Spagetti Kaşığı Kahve,1399.99,Mutfak,2026-05-24,05,0.0
Woody Spatula Çelik Izgara Spatula Servis Gereci Kahve,1399.99,Mutfak,2026-05-24,05,0.0
Woody Spoon Çelik Servis Kaşığı Kahve,1399.99,Mutfak,2026-05-24,05,0.0
Yummy Food Lunch Box Krem,1399.99,Mutfak,2026-05-24,05,0.0
Zoe Cam Limon Sıkacağı 425 ml Yeşil,1149.95,Mutfak,2026-05-24,05,0.0
​​​​​​​​​​​​​​​​​​​​​​​​Victorinox SwissCla Soyma Bıçak 10 cm Kırmızı,479.99,Mutfak,2026-05-24,05,0.0
​​​​​​​​​​​​​​​​​​​​​​​​Victorinox SwissCla Soyma Bıçak 10 cm Siyah,479.99,Mutfak,2026-05-24,05,0.0
​​​​​​​​​​​​​​​​​​​​​​​​​Victorinox Sw Soyma Bıçak 10 cm Pembe,479.99,Mutfak,2026-05-24,05,0.0
​​​​​​​​​​​​​​​​​​​​​​​​​Victorinox Sw Soyma Bıçak 10 cm Sarı,479.99,Mutfak,2026-05-24,05,0.0
​​​​​​​​​​​​​​​​​​​​​​​​​Victorinox Soyma Bıçak 10 cm Turuncu,479.99,Mutfak,2026-05-24,05,0.0
​​​​​​​​​​​​​​​​​​​​​​​​​​​​​​Victorinox Sw Domates & Sosis Bıçak 11 cm Kırmızı,479.99,Mutfak,2026-05-24,05,0.0
​​​​​​​​​​​​​​​​​​​​​​​​​​​​​​​​Victorinox 6.8103. Paslanmaz Çelik Doğrama Bıçak 15 cm Siyah,1809.99,Mutfak,2026-05-24,05,0.0
"Acalis Akasya-Cam 4 Parça Sunumluk 33x10,5x6 cm Şeffaf",384.99,Sofra,2026-05-24,05,0.0
Adel Pamuk Runner Bej,2249.99,Sofra,2026-05-24,05,0.0
Adelaide Sedefli Rattan Tepsi Kahverengi,5999.99,Sofra,2026-05-24,05,0.0
Adelina Masa Örtüsü 150x200 cm Beyaz-Gold,1439.99,Sofra,2026-05-24,05,0.0
Adelina Runner 40x140 cm Beyaz-Gold,479.99,Sofra,2026-05-24,05,0.0
Aden Pamuk Runner Bej,2249.99,Sofra,2026-05-24,05,0.0
Agolde Cam 2li Kadeh Şeffaf,359.99,Sofra,2026-05-24,05,0.0
Agolde Cam 2li Meşrubat Bardağı Şeffaf,1999.99,Sofra,2026-05-24,05,0.0
Alami Bambu Amerikan Servis Naturel,699.95,Sofra,2026-05-24,05,
Alice Cam Kase Şeffaf,419.99,Sofra,2026-05-24,05,0.0
Alicent Seramik 4 Parça 2 Kişilik Double Kahve Fincan Takımı 150 ml Krem,2499.99,Sofra,2026-05-24,05,0.0
All Raindrop New Bone China Kupa 345 ml Siyah - Beyaz,1999.99,Sofra,2026-05-24,05,0.0
All Stripe New Bone China Kupa 345 ml Siyah - Beyaz,399.99,Sofra,2026-05-24,05,0.0
Allegro Borosilikat Cam Çift Cidarlı Kupa 200 ml Şeffaf,1499.99,Sofra,2026-05-24,05,0.0
Alvin Cam Sunumluk 32x11 cm Şeffaf,489.99,Sofra,2026-05-24,05,0.0
Alya Tek Kişilik Kahve Sunum Seti 90 ml Krem-Gold,3999.99,Sofra,2026-05-24,05,0.0
Amora Seramik Kahvaltı Takımı 14 parça 6 kişilik Lacivert-Kırmızı,1199.99,Sofra,2026-05-24,05,0.0
Amore Porselen 6lı Pasta Seti 19 cm Pembe - Yeşil,3499.99,Sofra,2026-05-24,05,0.0
Anchor Porselen Kahve Fincan Takımı 4 Parça 2 Kişilik Mavi-Yeşil,1499.99,Sofra,2026-05-24,05,0.0
Angelo Seramik Pasta Seti 18 Parça 6 Kişilik Renkli,1599.99,Sofra,2026-05-24,05,0.0
Angely New Bone China Kupa 270 ml Beyaz,1199.99,Sofra,2026-05-24,05,0.0
Angely New Bone China Kupa 270 ml Gri,999.99,Sofra,2026-05-24,05,0.0
Angled New Bone China 2 Parça 2 Kişilik Kahve Fincan Takımı 90 ml Açık Pembe,1499.99,Sofra,2026-05-24,05,0.0
Angled New Bone China 2 Parça 2 Kişilik Kahve Fincan Takımı 90 ml Lila,1999.99,Sofra,2026-05-24,05,0.0
Angled New Bone China 2 Parça 2 Kişilik Kahve Fincan Takımı 90 ml Turkuaz,1999.99,Sofra,2026-05-24,05,0.0
Antiquelle Porselen Kase 16 cm Krem,1249.99,Sofra,2026-05-24,05,0.0
Antiquelle Porselen Kase 16 cm Yeşil,1249.99,Sofra,2026-05-24,05,0.0
Antiquelle Porselen Pasta Tabağı 20 cm Krem,999.99,Sofra,2026-05-24,05,0.0
Antiquelle Porselen Pasta Tabağı 20 cm Yeşil,999.99,Sofra,2026-05-24,05,0.0
Antiquelle Porselen Servis Tabağı 25 cm Krem,1749.99,Sofra,2026-05-24,05,0.0
Antiquelle Porselen Servis Tabağı 25 cm Yeşil,1749.99,Sofra,2026-05-24,05,0.0
Antiquelle Porselen Çukur Tabak 20 cm Krem,1499.99,Sofra,2026-05-24,05,0.0
Antiquelle Porselen Çukur Tabak 20 cm Yeşil,1499.99,Sofra,2026-05-24,05,0.0
Apple Melamin Nihale 17 cm Renkli,1399.99,Sofra,2026-05-24,05,0.0
Aqua Rhythm Seramik Kase 20 cm Beyaz - Lacivert,1249.99,Sofra,2026-05-24,05,0.0
Aqualuna Seramik Pasta Tabağı 20 cm Mavi-yeşil,999.99,Sofra,2026-05-24,05,0.0
Arborelle Masa Örtüsü 150x200 cm Siyah - Beyaz,4499.99,Sofra,2026-05-24,05,0.0
Arborelle Runner 40x140 cm Siyah - Beyaz,359.99,Sofra,2026-05-24,05,0.0
Arborelle Seramik Bardak Altlığı 10.8x0.8 cm Siyah - Beyaz,999.95,Sofra,2026-05-24,05,0.0
Arcane Runner 40x140 cm Beyaz - Lacivert,2199.99,Sofra,2026-05-24,05,0.0
Arian Bone Porselen 4 Parça 2 Kişilik Kahve Fincan Takımı 90 ml Yeşil-mor,1999.99,Sofra,2026-05-24,05,0.0
Arina Cam Ayaklı Kase Yeşil-Turuncu,999.99,Sofra,2026-05-24,05,-16.666805556712973
Arlena Seramik 2li Kahve Fincan Takımı 105 ml Açık Turuncu-Pudra,1499.99,Sofra,2026-05-24,05,0.0
Artistic Flower Emaye Katlı Servis 21x29 cm Renkli,759.99,Sofra,2026-05-24,05,0.0
Artistic Flower Seramik 2li Bardak 270 ml Kırmızı,359.99,Sofra,2026-05-24,05,0.0
Artistic Garden Melamin 4lü Kahvaltılık 30x21 cm Renkli,3499.99,Sofra,2026-05-24,05,0.0
Artistry Akasya-Cam 3 Parça Sunumluk 36x11x6 Cm Kahve,2499.99,Sofra,2026-05-24,05,0.0
Arzu Sabancı Bounce Runner 40x150 cm Krem - Mavi,559.99,Sofra,2026-05-24,05,0.0
Arzu Sabancı Bounce Stoneware Kupa 350 ML Mavi-Lacivert,239.99,Sofra,2026-05-24,05,0.0
Arzu Sabancı Bubble Cam El Yapımı Sürahi 1200 ml Şeffaf,2499.99,Sofra,2026-05-24,05,0.0
Arzu Sabancı Calle Cam El Yapımı Bardak 250 ml Mavi,209.99,Sofra,2026-05-24,05,0.0
Arzu Sabancı Calle Cam El Yapımı Kadeh Mavi,269.99,Sofra,2026-05-24,05,0.0
Arzu Sabancı Mystery Stoneware Pasta Tabağı 20 cm Terracotta,1149.95,Sofra,2026-05-24,05,0.0
Arzu Sabancı Torcello Cam El Yapımı Bardak 440 ml Beyaz,239.99,Sofra,2026-05-24,05,0.0
Arzu Sabancı Torcello Cam El Yapımı Bardak 440 ml Koyu Mavi,1499.99,Sofra,2026-05-24,05,0.0
Arzu Sabancı Torcello Cam El Yapımı Bardak 440 ml Mavi,1499.99,Sofra,2026-05-24,05,0.0
Ashley Porselen Kahve Fincan Takımı 4 Parça 2 Kişilik Bordo,1749.99,Sofra,2026-05-24,05,0.0
Ashley Porselen Kahve Fincan Takımı 4 Parça 2 Kişilik Mavi,1499.99,Sofra,2026-05-24,05,0.0
Ashley Porselen Kahve Fincan Takımı 4 Parça 2 Kişilik Siyah,2249.99,Sofra,2026-05-24,05,0.0
Ashley Porselen Kahve Fincan Takımı 4 Parça 2 Kişilik Siyah-Bordo,1499.99,Sofra,2026-05-24,05,0.0
Ashley Porselen Kahve Fincan Takımı 4 Parça 2 Kişilik Yeşil,1499.99,Sofra,2026-05-24,05,0.0
Astral Borosilikat Cam Çift Cidarlı Kupa Şeffaf,1499.99,Sofra,2026-05-24,05,0.0
Astrion New Bone China Kupa 460 ml Lacivert,539.99,Sofra,2026-05-24,05,0.0
Astrion Seramik Bardak Altlığı 11 cm Lacivert,799.95,Sofra,2026-05-24,05,0.0
"Aura Cam Kek Standı 31x9,5 Cm Şeffaf",799.99,Sofra,2026-05-24,05,0.0
Aura Cam Sunumluk Şeffaf,519.99,Sofra,2026-05-24,05,0.0
Aura Porselen Yemek Takımı 53 Parça 12 Kişilik Gold,9599.99,Sofra,2026-05-24,05,0.0
Auro Cam 3 Parça Su Takımı 1000 ml + 315 ml Renkli,2999.99,Sofra,2026-05-24,05,0.0
Auro Cam Şişe 450 ml Şeffaf,1199.99,Sofra,2026-05-24,05,0.0
Autumn Seramik Kahvaltı Takımı 10 parça 4 kişilik Renkli,1039.99,Sofra,2026-05-24,05,0.0
Avelia Bone Porselen 4 Parça 2 Kişilik Kahve Fincan Takımı 90 ml Pembe - Gold,719.99,Sofra,2026-05-24,05,0.0
Axel Akrilik 6 Bölmeli Kahvaltılık 25x35 cm Antrasit,629.99,Sofra,2026-05-24,05,0.0
Axel Akrilik 6 Bölmeli Kahvaltılık 25x35 cm Mavi,543.99,Sofra,2026-05-24,05,0.0
Axel Akrilik 6 Bölmeli Kahvaltılık 25x35 cm Şeffaf,3999.99,Sofra,2026-05-24,05,0.0
Azalia New Bone China 4 Parça 2 Kişilik Kahve Fincan Takımı 90 ml Renkli,5999.99,Sofra,2026-05-24,05,0.0
Azul Paslanmaz Çelik Çatal Kaşık Bıçak Takımı 18 Parça 6 Kişilik Gold,11999.99,Sofra,2026-05-24,05,0.0
Azul Paslanmaz Çelik Çatal Kaşık Bıçak Takımı 18 Parça 6 Kişilik Silver,1599.99,Sofra,2026-05-24,05,0.0
Baho Cam Tuzluk - Biberlik 4x4x8 cm Gold,1749.99,Sofra,2026-05-24,05,0.0
Balmy Porselen 20 Parça 6 Kişilik Kahvaltı Takımı Mavi-Sarı,12499.99,Sofra,2026-05-24,05,0.0
Balmy Porselen Yemek Takımı 24 Parça 6 Kişilik Mavi-Sarı,13999.99,Sofra,2026-05-24,05,0.0
Bamboo Bambu Dekoratif Tepsi Natural-Siyah,719.99,Sofra,2026-05-24,05,0.0
Bamboo Cam Dekoratif Tepsi Krem-Altın,719.99,Sofra,2026-05-24,05,0.0
Basic Cam 3lü Cup - Dondurma Kasesi 300 ml Şeffaf,319.99,Sofra,2026-05-24,05,0.0
Basic Shine Cam 3’lü Lüsterli Cup 300 ml Şeffaf,419.99,Sofra,2026-05-24,05,0.0
Be Joyful Cam Bardak 380 ml Siyah,899.99,Sofra,2026-05-24,05,0.0
Bealy Porselen 4 Parça 2 Kişilik Çay Fincanı Takımı 220 ml Yeşil-Sarı,1079.99,Sofra,2026-05-24,05,0.0
Beatrice Sedefli Rattan Tepsi Kahverengi,5999.99,Sofra,2026-05-24,05,0.0
Begonya Seramik 4lü Pasta Seti 16 cm Renkli,2999.99,Sofra,2026-05-24,05,0.0
Belle Bone Porselen 4 Parça 2 Kişilik Kahve Fincan Takımı 90 ml Renkli,2499.99,Sofra,2026-05-24,05,0.0
Bellflower Seramik Çerezlik Açık Mavi,799.95,Sofra,2026-05-24,05,0.0
Bellflower Seramik Çerezlik Lila,799.95,Sofra,2026-05-24,05,0.0
Bellflower Seramik Çerezlik Somon,799.95,Sofra,2026-05-24,05,0.0
Bellis Porselen 4 Parça 2 Kişilik Kahve Fincan Takımı Lacivert,1499.99,Sofra,2026-05-24,05,0.0
Berry Seramik Kahvaltı Takımı 10 parça 4 kişilik Pembe,6499.99,Sofra,2026-05-24,05,0.0
Best Wishes Stoneware Kupa 400 ml Kırmızı - Yeşil,239.99,Sofra,2026-05-24,05,0.0
Bianca Seramik 6lı Pasta Seti 20 cm Renkli,799.99,Sofra,2026-05-24,05,0.0
Birdie Seramik 4lü Pasta Seti 20 cm Renkli,2999.99,Sofra,2026-05-24,05,0.0
Bistro Seramik 4lü Pasta Seti 20 cm Kırmızı-Siyah,479.99,Sofra,2026-05-24,05,0.0
Black Dots Porselen Çerezlik 11 cm Siyah - Beyaz,1299.99,Sofra,2026-05-24,05,0.0
Black Lines Porselen Çerezlik 11 cm Siyah - Beyaz,159.99,Sofra,2026-05-24,05,0.0
Blatt Porselen Kahve Fincan Takımı 4 Parça 2 Kişilik Yeşil,1999.99,Sofra,2026-05-24,05,0.0
Blaze Cam Pasta Tabağı 19 cm Pembe,799.99,Sofra,2026-05-24,05,0.0
Blend Cam-Bambu 5 Parça Sunumluk 10x5 cm Şeffaf,639.99,Sofra,2026-05-24,05,0.0
Blendung Pamuk 2li Amerikan Servis Gold,1999.99,Sofra,2026-05-24,05,0.0
Bleu Blanc Cam Dekoratif Tepsi  31x46 cm Gold,479.99,Sofra,2026-05-24,05,0.0
Bloom Cam 3 Parça Su Takımı 1150 Ml + 400 Ml Kırmızı,2499.99,Sofra,2026-05-24,05,0.0
Bloom Cam 3 Parça Su Takımı 1150 Ml + 400 Ml Mavi,539.99,Sofra,2026-05-24,05,0.0
Bloomera Porselen Yemek Takımı 12 Parça 4 Kişilik Renkli,4999.99,Sofra,2026-05-24,05,0.0
Bloomline Bone Porselen 12 Parça 6 Kişilik Çay Seti 170 ml Beyaz,1349.99,Sofra,2026-05-24,05,0.0
Bloomline Porselen Yemek Takımı 27 Parça 6 Kişilik Gold,24999.99,Sofra,2026-05-24,05,0.0
Blossia Bone Porselen 4 Parça 2 Kişilik Kahve Fincan Takımı 90 ml Mavi Gold,3999.99,Sofra,2026-05-24,05,0.0
Blossom Frame Seramik Bardak Altlığı 11 cm Renkli,1049.99,Sofra,2026-05-24,05,0.0
Blossom Suni Deri 2li Amerikan Servis Pembe,111.98,Sofra,2026-05-24,05,0.0
Blossom Suni Deri 4lü Bardak Altlığı Açık Pembe,649.95,Sofra,2026-05-24,05,0.0
Blossom Suni Deri 4lü Bardak Altlığı Pembe,649.95,Sofra,2026-05-24,05,0.0
Blue Call Seramik Kase 13 cm Lacivert-Kırmızı,899.99,Sofra,2026-05-24,05,0.0
Blue Call Seramik Kayık Tabak 24x11 cm Lacivert-Kırmızı,999.99,Sofra,2026-05-24,05,0.0
"Blue Depth Ahşap 6lı Bardak Altlığı 9,5 cm Mavi - Yeşil",1249.99,Sofra,2026-05-24,05,0.0
Blue Fishy Seramik Kase Beyaz - Lacivert,899.99,Sofra,2026-05-24,05,0.0
Blue Fishy Seramik Pasta Tabağı 20 cm Beyaz - Lacivert,999.99,Sofra,2026-05-24,05,0.0
Blue Rhythm Seramik Pasta Tabağı 20 cm Beyaz - Lacivert,999.99,Sofra,2026-05-24,05,0.0
Blue Vista Seramik Pasta Seti 18 Parça 6 Kişilik Lacivert,1799.99,Sofra,2026-05-24,05,0.0
Blue Way Porselen Yemek Takımı 24 Parça 6 Kişilik Mavi,17499.99,Sofra,2026-05-24,05,0.0
Bluewaves Melamin Tepsi 35 cm Beyaz - Mavi,2249.99,Sofra,2026-05-24,05,0.0
Blush Cam Karaf Pembe,1399.95,Sofra,2026-05-24,05,0.0
Boho Rattan Katlı Servis Kahverengi,489.99,Sofra,2026-05-24,05,0.0
Boho Rattan Sunumluk Kahverengi,799.99,Sofra,2026-05-24,05,0.0
Boho Rattan Tepsi Kahverengi,319.99,Sofra,2026-05-24,05,0.0
"Boldband Melamin Kaydırmaz Tepsi 20x28,5 cm Pembe - Turuncu",1749.99,Sofra,2026-05-24,05,0.0
Boldband Melamin Tepsi 23x14 cm Yeşil-mor,999.99,Sofra,2026-05-24,05,0.0
Boldy Lines New Bone China Kupa 350 ml Mavi,2249.99,Sofra,2026-05-24,05,0.0
Boldy Lines New Bone China Kupa 350 ml Turuncu,2249.99,Sofra,2026-05-24,05,0.0
Boldy Lines New Bone China Kupa 350 ml Yeşil,2249.99,Sofra,2026-05-24,05,0.0
Bon Appetit Porselen Kahvaltı Takımı 12 Parça 4 Kişilik Siyah,7999.99,Sofra,2026-05-24,05,0.0
"Bona Stoneware 3lü Çerezlik 6,5 cm Siyah-Beyaz-Bej",1499.99,Sofra,2026-05-24,05,0.0
Bona Stoneware 6 Parça 3 Kişilik Kahve Fincan Takımı 70 ml Siyah-Beyaz-Bej,639.99,Sofra,2026-05-24,05,0.0
Botanic Porselen Kahvaltı Takımı 20 Parça 6 Kişilik Renkli,12499.99,Sofra,2026-05-24,05,0.0
Botanic Stoneware Kase Renkli,1119.99,Sofra,2026-05-24,05,0.0
Botanic Stoneware Kayık Tabak Renkli,543.99,Sofra,2026-05-24,05,0.0
Botanic Stoneware Kupa 375 ml Renkli,449.99,Sofra,2026-05-24,05,0.0
Botanic Stoneware Pasta Tabağı 16 cm Renkli,1999.99,Sofra,2026-05-24,05,0.0
Botanic Stoneware Sunumluk Renkli,639.99,Sofra,2026-05-24,05,0.0
"Botanic Stoneware Çerezlik 11,5x7,5 cm Renkli",1249.99,Sofra,2026-05-24,05,0.0
Botanical Garden Pamuk Masa Örtüsü 150x200 cm Beyaz - Yeşil,4499.99,Sofra,2026-05-24,05,0.0
Botanical Masa Örtüsü 145x200 cm Krem - Pembe,4999.99,Sofra,2026-05-24,05,0.0
Botelya Cam Başucu Sürahi Mavi,223.98,Sofra,2026-05-24,05,0.0
Botelya Cam Başucu Sürahi Pembe,223.98,Sofra,2026-05-24,05,0.0
Boty Borosilikat Detoks Şişe 450 ml Beyaz,215.98,Sofra,2026-05-24,05,0.0
Boty Borosilikat Detoks Şişe 450 ml Siyah,1349.95,Sofra,2026-05-24,05,0.0
Boty Borosilikat Detoks Şişe 450 ml Yeşil,215.98,Sofra,2026-05-24,05,0.0
Boundaries Pamuk Masa Örtüsü 140x200 cm Krem - Yeşil,3499.99,Sofra,2026-05-24,05,0.0
Bowsie Bone Porselen 4 Parça 2 Kişilik Kahve Fincan Takımı 90 ml Kırmızı - Yeşil,449.99,Sofra,2026-05-24,05,0.0
Breeze Bambu 4lü Amerikan Servis 30x45 cm Siyah-Krem,1999.99,Sofra,2026-05-24,05,0.0
Brice Cam Kek Standı 20 cm Şeffaf,489.99,Sofra,2026-05-24,05,0.0
Bridgette Cam 6lı Kadeh 350 ml Gold,4249.99,Sofra,2026-05-24,05,0.0
Bright Bliss New Bone China Kupa 370 ml Renkli,1499.99,Sofra,2026-05-24,05,0.0
Bright Bloom Emaye Tepsi 31 cm Renkli,4999.99,Sofra,2026-05-24,05,0.0
Bright Bloom Masa Örtüsü 150x200 cm Beyaz - Pembe,7499.99,Sofra,2026-05-24,05,0.0
"Bright Bloom New Bone China Kase 15,5 cm Renkli",1500.0,Sofra,2026-05-24,05,0.0
Bright Bloom New Bone China Kayık Tabak 25x11 cm Renkli,2250.0,Sofra,2026-05-24,05,0.0
Bright Bloom New Bone China Kupa 370 ml Renkli,1499.99,Sofra,2026-05-24,05,0.0
Bright Bloom New Bone China Pasta Tabağı 19 cm Renkli,1500.0,Sofra,2026-05-24,05,0.0
Bright Bloom New Bone China Servis Tabağı 26 cm Renkli,2250.0,Sofra,2026-05-24,05,0.0
Bright Bloom New Bone China Çerezlik 10 cm Renkli,1250.0,Sofra,2026-05-24,05,0.0
Bright Bloom Tepsi 33 cm Renkli,559.99,Sofra,2026-05-24,05,0.0
Bright Blossom Porselen 4 Parça 2 Kişilik Kahve Fincan Takımı 90 ml Renkli,2999.99,Sofra,2026-05-24,05,0.0
Bright Charm Melamin Kaydırmaz Tepsi 25x38 cm Pembe,1499.99,Sofra,2026-05-24,05,0.0
Bright Delight Seramik Bardak Altlığı 10 cm Yeşil,188.99,Sofra,2026-05-24,05,0.0
Bright Delight Tepsi 33 cm Renkli,3499.99,Sofra,2026-05-24,05,0.0
Bright Dream New Bone China Kupa 350 ml Renkli,1499.99,Sofra,2026-05-24,05,0.0
Bright Floral Melamin Cam Kapaklı Kahvaltılık Renkli,1349.99,Sofra,2026-05-24,05,0.0
Bright Floral Seramik Bardak Altlığı 11x11 cm Pembe,1049.99,Sofra,2026-05-24,05,0.0
Bright Floral Tepsi 40x26 cm Renkli,3499.99,Sofra,2026-05-24,05,0.0
Bright Flowers New Bone China Kupa 350 ml Renkli,1499.99,Sofra,2026-05-24,05,0.0
Bright Harmony Melamin Kaydırmaz Tepsi 42x31 cm Pembe,1999.99,Sofra,2026-05-24,05,0.0
Bright Ophelia New Bone China 4 Parça 2 Kişilik Kahve Fincan Takımı 100 ml Renkli,4999.99,Sofra,2026-05-24,05,0.0
Bright Ophelia New Bone China Kupa 460 ml Renkli,599.99,Sofra,2026-05-24,05,0.0
Bright Parade Emaye Tepsi 31 cm Renkli,500.0,Sofra,2026-05-24,05,0.0
Bright Parade Masa Örtüsü 150x200 cm Beyaz - Kırmızı,1119.99,Sofra,2026-05-24,05,0.0
Bright Parade Melamin 2’li Kaydırmaz Tepsi 33-24 cm Kırmızı,3999.99,Sofra,2026-05-24,05,0.0
Bright Parade New Bone China Kase Renkli,1500.0,Sofra,2026-05-24,05,-45.454347106716746
Bright Parade New Bone China Kayık Tabak 15x33 Cm Renkli,3750.0,Sofra,2026-05-24,05,0.0
Bright Parade New Bone China Kupa 370 ml Renkli,1499.99,Sofra,2026-05-24,05,0.0
Bright Parade New Bone China Pasta Tabağı 19 cm Renkli,1500.0,Sofra,2026-05-24,05,0.0
Bright Parade New Bone China Çerezlik 10 cm Renkli,224.99,Sofra,2026-05-24,05,0.0
Bright Parade Seramik Bardak Altlığı 10 cm Kırmızı - Yeşil,1049.99,Sofra,2026-05-24,05,0.0
Bright Parade Tepsi 33 cm Renkli,559.99,Sofra,2026-05-24,05,0.0
Bright Petals Cam 3lü Bardak 290 ml Renkli,2999.99,Sofra,2026-05-24,05,
Bright Petals New Bone China Kupa 370 ml Renkli,1499.99,Sofra,2026-05-24,05,0.0
Bright Petals Seramik Bardak Altlığı 11x11 cm Pembe,1049.99,Sofra,2026-05-24,05,0.0
Bright Petals Tepsi 35x35 cm Renkli,559.99,Sofra,2026-05-24,05,0.0
Bright Vionna New Bone China 4 Parça 2 Kişilik Kahve Fincan Takımı 100 ml Pembe-Kırmızı-Turuncu,4999.99,Sofra,2026-05-24,05,0.0
Bright Vionna New Bone China Kupa 460 ml Pembe-Kırmızı-Turuncu,599.99,Sofra,2026-05-24,05,0.0
Brightfloria Porselen Bardak 260 ml Beyaz,1249.99,Sofra,2026-05-24,05,0.0
Brownfall Cam Standlı ve 4lü Kupa 180 ml Kahverengi-Gold,4999.99,Sofra,2026-05-24,05,0.0
Bubbles Cam Kase Şeffaf,179.99,Sofra,2026-05-24,05,0.0
Bubbles Cam Kayık Tabak 14x30 cm Şeffaf,1249.99,Sofra,2026-05-24,05,0.0
Bubbles Cam Kek Standı 18x11 Cm Şeffaf,639.99,Sofra,2026-05-24,05,0.0
Bubbles Cam Pasta Tabağı 19 cm Şeffaf,1249.99,Sofra,2026-05-24,05,0.0
Bubbles Cam Çerezlik 8 cm Şeffaf,1299.99,Sofra,2026-05-24,05,0.0
"Cage Cam Kayık Tabak 39,5x15,5 cm Şeffaf",439.99,Sofra,2026-05-24,05,0.0
"Cage Cam Çerezlik 39,5x15,5 cm Şeffaf",439.99,Sofra,2026-05-24,05,0.0
Caitly Hasır Amerikan Servis Bej,999.95,Sofra,2026-05-24,05,0.0
Calantha Kağıt Tepsi Krem,1749.99,Sofra,2026-05-24,05,0.0
Calantha Kağıt Tepsi Siyah,1999.99,Sofra,2026-05-24,05,0.0
Calith Cam Şişe 720 ml Şeffaf,999.99,Sofra,2026-05-24,05,0.0
Calypso Porselen Kahvaltı ve Sunum Seti 18 Parça 6 Kişilik Renkli,12499.99,Sofra,2026-05-24,05,0.0
"Candessa Cam Şekerlik 12x10,5 cm Şeffaf",1499.99,Sofra,2026-05-24,05,0.0
Candy Cane Stripe Cam Bardak 510 ML Kırmızı,999.99,Sofra,2026-05-24,05,0.0
Candy Cane Stripe Cam Bardak 510 ML Yeşil,999.99,Sofra,2026-05-24,05,0.0
"Candy Cane Stripe Cam Çerezlik 8,5 cm Kırmızı",999.99,Sofra,2026-05-24,05,0.0
"Candy Cane Stripe Cam Çerezlik 8,5 cm Yeşil",999.99,Sofra,2026-05-24,05,0.0
Candyland Cam Şişe 750 ml Yeşil,1399.99,Sofra,2026-05-24,05,0.0
Caren Plastik Bardak Amber,699.95,Sofra,2026-05-24,05,0.0
Caren Plastik Bardak Füme,699.95,Sofra,2026-05-24,05,0.0
Carnival Sparrow New Bone China Kahve Fincan Takımı 4 Parça 2 Kişilik Fuşya,3499.99,Sofra,2026-05-24,05,0.0
Carny Bone Porselen Servis Tabağı 25 cm Fuşya,207.99,Sofra,2026-05-24,05,0.0
Carny Bone Porselen Servis Tabağı 25 cm Lacivert,207.99,Sofra,2026-05-24,05,0.0
Carny Bone Porselen Servis Tabağı 25 cm Turuncu,207.99,Sofra,2026-05-24,05,0.0
Catie Borosilikat Cam Çift Cidarlı Kupa 280 ml Pembe,1999.99,Sofra,2026-05-24,05,0.0
Cavea Cam Sürahi Şeffaf,1749.99,Sofra,2026-05-24,05,0.0
Celestial Cam 3 Parça Su Takımı 1000 ml + 380 ml Renkli,2499.99,Sofra,2026-05-24,05,0.0
Celine Masa Örtüsü 150x200 cm Gold,7499.99,Sofra,2026-05-24,05,0.0
Celine Runner 40x150 cm Gold,489.99,Sofra,2026-05-24,05,0.0
Chaplet Hasır Tepsi Kahverengi,319.99,Sofra,2026-05-24,05,0.0
Charmed Runner 40x140 cm Beyaz - Lacivert,2749.99,Sofra,2026-05-24,05,0.0
Charming New Bone China 4 Parça 2 Kişilik Cam Tabaklı Kahve Fincan Takımı 80 ml Pembe - Yeşil,3499.99,Sofra,2026-05-24,05,0.0
Charmsy Bone Porselen Pasta Tabağı 19 cm Renkli,999.99,Sofra,2026-05-24,05,0.0
Check & Sip Porselen 4 Parça 2 Kişilik Kahve Fincan Takımı 90 ml Kırmızı - Lacivert,2499.99,Sofra,2026-05-24,05,0.0
Checkerboard Seramik Kupa 260 ml Renkli,1499.99,Sofra,2026-05-24,05,0.0
Cheer and Dream Seramik Kupa 315 Ml Sarı,1499.99,Sofra,2026-05-24,05,0.0
Cheer and Enjoy Seramik Kupa 315 Ml Yeşil,1499.99,Sofra,2026-05-24,05,0.0
Cheer and Hope Seramik Kupa 315 Ml Mavi,1499.99,Sofra,2026-05-24,05,0.0
Cheery Cam 3lü Bardak 380 ml Kırmızı - Yeşil,1499.99,Sofra,2026-05-24,05,0.0
Cherry Garden Stoneware Kupa 320 ml Kırmızı,1399.99,Sofra,2026-05-24,05,0.0
Cherry Melamin Nihale 17 cm Renkli,1299.95,Sofra,2026-05-24,05,0.0
Cherry Seramik Bardak Altlığı 11 cm Pembe,999.99,Sofra,2026-05-24,05,0.0
Cherry Seramik Kahvaltı Takımı 14 parça 6 kişilik Kırmızı-Sarı,7499.99,Sofra,2026-05-24,05,
Cherrypop Cam 3 Parça Su Takımı 1150 ml + 315 ml Kırmızı,1999.99,Sofra,2026-05-24,05,0.0
Chimera Bone Porselen Pasta Tabağı 19 cm Mavi,999.99,Sofra,2026-05-24,05,0.0
Chimera Runner 40x140 cm Beyaz - Kırmızı,2249.99,Sofra,2026-05-24,05,0.0
Chimera Seramik Bardak Altlığı 11 cm Beyaz - Yeşil,999.99,Sofra,2026-05-24,05,0.0
Christmas Cam 3lü Flüt Kadeh 195 ml Kırmızı,449.99,Sofra,2026-05-24,05,0.0
Christmas Cam 3lü Flüt Kadeh 195 ml Yeşil,2499.99,Sofra,2026-05-24,05,0.0
Christmas Cam 3lü Kadeh 490 ml Kırmızı,479.99,Sofra,2026-05-24,05,0.0
Christmas Cam 3lü Kadeh 490 ml Yeşil,479.99,Sofra,2026-05-24,05,0.0
Christmas Tree Cam Çerezlik 21 cm Yeşil,1199.99,Sofra,2026-05-24,05,0.0
Christmas Tree Dolomite 2li Tuzluk - Biberlik 6x14 cm Beyaz,419.99,Sofra,2026-05-24,05,0.0
Christmas Tree Dolomite 2li Tuzluk - Biberlik 6x14 cm Yeşil,3499.99,Sofra,2026-05-24,05,0.0
Ciara Cam Kase 20 cm Şeffaf,2499.99,Sofra,2026-05-24,05,0.0
"Clementine Borosilikat-Akasya 2li Tuzluk - Biberlik 5,5x5 cm Şeffaf",479.99,Sofra,2026-05-24,05,0.0
Cleo Porselen 4 Parça 2 Kişilik Kahve Fincan Takımı 80 ml Mavi,1499.99,Sofra,2026-05-24,05,0.0
Cloves Seramik Kahvaltı Takımı 32 parça 6 kişilik Pembe,1749.99,Sofra,2026-05-24,05,0.0
Coaspiral Cam 6lı Bardak 180 ml Lacivert,399.99,Sofra,2026-05-24,05,0.0
Coaspiral Melamin Tepsi Lacivert,179.99,Sofra,2026-05-24,05,0.0
Coastal Bliss Seramik 4 Parça 2 Kişilik Çay Fincanı Takımı 184 ml Açık Mavi,2399.99,Sofra,2026-05-24,05,0.0
Coastal Bliss Seramik 4 Parça 2 Kişilik Çay Fincanı Takımı 184 ml Koyu Mavi,543.99,Sofra,2026-05-24,05,0.0
Coastline Runner 40x140 cm Mavi - Yeşil,279.99,Sofra,2026-05-24,05,0.0
Coastlinear Plastik Katlı Servis 20+27 cm Krem,559.99,Sofra,2026-05-24,05,0.0
Coastlinear Plastik Kek Standı 30x9 cm Krem,419.99,Sofra,2026-05-24,05,0.0
Coastlinear Plastik Sunumluk 30 cm Mavi - Krem,2499.99,Sofra,2026-05-24,05,0.0
Colessa PP Sürahi 1500 ml Krem,1399.95,Sofra,2026-05-24,05,0.0
Colessa PP Sürahi 1500 ml Yeşil,1399.95,Sofra,2026-05-24,05,0.0
Colessa Servis Seti 28 cm Yeşil,849.95,Sofra,2026-05-24,05,0.0
Colorline Paslanmaz Çelik 4lü Tatlı Kaşığı Renkli,2999.99,Sofra,2026-05-24,05,0.0
Confella New Bone China 4 Parça 2 Kişilik Kahve Fincan Takımı 100 ml Renkli,2499.99,Sofra,2026-05-24,05,0.0
Confetti Melamin Tepsi 37x18 cm Renkli,199.99,Sofra,2026-05-24,05,0.0
Conner Porselen Kahve Fincan Takımı 4 Parça 2 Kişilik Mavi-Yeşil,1499.99,Sofra,2026-05-24,05,0.0
Copricornus New Bone China Kupa 325 ml Siyah-Beyaz-Gold,1499.99,Sofra,2026-05-24,05,0.0
Cora Cam 3lü Bardak 400 ml Şeffaf,999.99,Sofra,2026-05-24,05,0.0
Cordelia New Bone China 4 Parça 2 Kişilik Kahve Fincan Takımı 90 ml Beyaz - Pembe,2999.99,Sofra,2026-05-24,05,0.0
Cordelia New Bone China 4 Parça 2 Kişilik Çay Fincanı Takımı 220 ml Beyaz - Pembe,3999.95,Sofra,2026-05-24,05,0.0
Core Metal Tepsi 52x39 cm Krem,629.99,Sofra,2026-05-24,05,0.0
Corin Cam Şişe 1000 ml Turkuaz,1249.99,Sofra,2026-05-24,05,0.0
Cosmic Cam 2li Kadeh 450 ml Şeffaf,314.99,Sofra,2026-05-24,05,0.0
Cosmic Cam 4lü Bardak Şeffaf,395.99,Sofra,2026-05-24,05,0.0
Cosmic Cam 4lü Cup - Dondurma Kasesi,559.99,Sofra,2026-05-24,05,0.0
Cosmic Cam 4lü Kahve Yanı Bardak Şeffaf,539.99,Sofra,2026-05-24,05,0.0
Cosmic Cam 4lü Meşrubat Bardağı,395.99,Sofra,2026-05-24,05,0.0
Cosmic Cam Cup - Dondurma Kasesi 320 ml Şeffaf,1249.99,Sofra,2026-05-24,05,0.0
Cosmic Cam Kek Standı Cm,1039.99,Sofra,2026-05-24,05,0.0
Cosmic Cam Lokumluk 9 Cm,999.99,Sofra,2026-05-24,05,0.0
"Cosmic Cam Sunumluk 7x7,5x13 Cm Şeffaf",1749.99,Sofra,2026-05-24,05,0.0
Cosmic Cam Sunumluk Şeffaf,1999.99,Sofra,2026-05-24,05,0.0
Cosmic Cam Şekerlik Şeffaf,1499.99,Sofra,2026-05-24,05,0.0
Cosmos Cam 2 Bölmeli Sunumluk Şeffaf,359.99,Sofra,2026-05-24,05,0.0
Cosmos Seramik Kahvaltı Takımı 14 parça 6 kişilik Lacivert,7999.99,Sofra,2026-05-24,05,0.0
Cosy Stripe Melamin Kaydırmaz 2li Tepsi 42x31 cm + 25x38 cm Mavi,629.99,Sofra,2026-05-24,05,0.0
Cottage Tepsi 30x8 cm Mavi,419.99,Sofra,2026-05-24,05,0.0
Cove Cam Sürahi 1260 ml Renkli,1399.95,Sofra,2026-05-24,05,0.0
Cozy Cam Sürahi 1260 ml Renkli,1399.95,Sofra,2026-05-24,05,0.0
Crispy Flowers Seramik Çerezlik Krem,799.95,Sofra,2026-05-24,05,0.0
Crispy Flowers Seramik Çerezlik Lacivert,799.95,Sofra,2026-05-24,05,0.0
Cross Cam 2li Kayık Tabak 23x17 cm Şeffaf,300.0,Sofra,2026-05-24,05,0.0
Crux Cam Sunumluk Şeffaf,559.99,Sofra,2026-05-24,05,0.0
Crysta Cam 2li Bardak 300 ml Pembe,1499.99,Sofra,2026-05-24,05,0.0
Crysta Cam 2li Kadeh 250 ml Pembe,1499.99,Sofra,2026-05-24,05,0.0
Cup of Sunshine Cam Kupa 270 ml Sarı,1299.99,Sofra,2026-05-24,05,0.0
Cute Cat New Bone China 2 Parça 1 Kişilik Kahve Fincan Takımı 90 ml Siyah-Gold,2499.99,Sofra,2026-05-24,05,0.0
Cyrus Cam Kek Standı 25 cm Şeffaf,479.99,Sofra,2026-05-24,05,0.0
Dainty Ahşap-Cam 5 Parça Sunumluk 10x5 cm Şeffaf,439.99,Sofra,2026-05-24,05,0.0
Daisy 4 Bölmeli Kahvaltılık 26x23 cm Yeşil,1999.99,Sofra,2026-05-24,05,0.0
Daisy Days New Bone China 4 Parça 2 Kişilik Cam Tabaklı Kahve Fincan Takımı 80 ml Pembe - Yeşil,629.99,Sofra,2026-05-24,05,0.0
Daisy Seramik Pasta Seti 13 parça 6 kişilik Renkli,8999.99,Sofra,2026-05-24,05,0.0
Dalia Jüt 2li Amerikan Servis Gri,1499.99,Sofra,2026-05-24,05,0.0
Dalia Jüt 2li Amerikan Servis Siyah,239.99,Sofra,2026-05-24,05,0.0
Dalmata Seramik Bardak Altlığı 10.8x0.8 cm Beyaz - Yeşil,1099.99,Sofra,2026-05-24,05,0.0
Daphne New Bone China Kupa 320 ml Açık Kahverengi,1499.99,Sofra,2026-05-24,05,0.0
Daphne New Bone China Kupa 320 ml Bej,1499.99,Sofra,2026-05-24,05,0.0
Darcy Polyresin Dekoratif Tepsi Kahve,559.99,Sofra,2026-05-24,05,0.0
Daydream PP 2li Amerikan Servis 30x45 cm Mavi - Pembe,999.95,Sofra,2026-05-24,05,0.0
Daylora Dolomite Kupa 415 ml Mavi-Turuncu,1749.99,Sofra,2026-05-24,05,0.0
Daylora Dolomite Kupa 415 ml Sarı - Mavi,1749.99,Sofra,2026-05-24,05,0.0
Daylora Dolomite Kupa 415 ml Turuncu-Sarı,1749.99,Sofra,2026-05-24,05,0.0
Dazzle Cam Sürahi 1500 ml Şeffaf,419.99,Sofra,2026-05-24,05,0.0
Deco Bone Porselen 4 Parça 2 Kişilik Kahve Fincan Takımı 90 ml Siyah,2499.99,Sofra,2026-05-24,05,0.0
Delight Borosilikat Cam Sürahi,3499.99,Sofra,2026-05-24,05,0.0
Detroit Borosilikat Cam Sürahi 1400 ml Şeffaf,559.99,Sofra,2026-05-24,05,0.0
Diamond Cam 6lı Kahve Yanı Bardak 90 ml Şeffaf,2499.99,Sofra,2026-05-24,05,0.0
"Diamond Gleam Cam Şekerlik 9,5X10 CM Şeffaf",1499.99,Sofra,2026-05-24,05,0.0
Diego Paslanmaz Çelik Çatal Kaşık Bıçak Takımı 18 Parça 6 Kişilik Bej,5999.99,Sofra,2026-05-24,05,0.0
Dipsy New Bone China Kupa 460 ml Hardal,479.99,Sofra,2026-05-24,05,0.0
Dolce Vita Seramik 6lı Pasta Seti 20 cm Sarı,4999.99,Sofra,2026-05-24,05,0.0
Dora Porselen Kase 14 cm Beyaz,999.99,Sofra,2026-05-24,05,0.0
Dora Porselen Çerezlik Beyaz,899.99,Sofra,2026-05-24,05,0.0
Dorothy Dekoratif Tepsi Kahve,629.99,Sofra,2026-05-24,05,0.0
Dorothy Jüt 2li Amerikan Servis Bej,1499.99,Sofra,2026-05-24,05,0.0
Dreamline New Bone China Kupa 290 ml Koyu Yeşil-Turuncu,1499.99,Sofra,2026-05-24,05,0.0
Dreamline New Bone China Kupa 290 ml Yeşil-Turuncu,1499.99,Sofra,2026-05-24,05,0.0
Dreamy Garden Opal Masa Örtüsü 140x200 cm Renkli,559.99,Sofra,2026-05-24,05,0.0
Dressy PP 2li Amerikan Servis 38 cm Krem,1749.99,Sofra,2026-05-24,05,0.0
Duskfall Cam Standlı ve 4lü Kupa 180 ml Renkli,3999.99,Sofra,2026-05-24,05,0.0
Dynamic Cam 3lü Bardak 400 ml Mor,215.99,Sofra,2026-05-24,05,0.0
Earl Cam Kek Standı 20 cm Şeffaf,400.0,Sofra,2026-05-24,05,0.0
Earthline New Bone China Kupa 380 ml Beyaz-Kahverengi,1499.99,Sofra,2026-05-24,05,0.0
Echo Porselen 4 Parça 2 Kişilik Kahve Fincan Takımı 80 ml Mavi,1499.99,Sofra,2026-05-24,05,0.0
Eclat Cam Karaf 1100 ml Şeffaf,1999.99,Sofra,2026-05-24,05,0.0
Eclipse Cam Şişe 1100 ml Mavi,1399.99,Sofra,2026-05-24,05,0.0
Eclipsed Porselen 4 Parça 2 Kişilik Kahve Fincan Takımı 85 ml Beyaz-Gold,479.99,Sofra,2026-05-24,05,0.0
Edenic 4lü Bardak Altlığı 14 cm Beyaz - Lacivert,223.98,Sofra,2026-05-24,05,0.0
Edenic Runner 40x140 cm Lacivert,2199.99,Sofra,2026-05-24,05,0.0
Edwin Porselen 4 Parça 2 Kişilik Kahve Fincan Takımı Mavi-Yeşil,1499.99,Sofra,2026-05-24,05,0.0
Elegant Mermer Sunumluk Beyaz,1279.99,Sofra,2026-05-24,05,0.0
Elegant Seramik Bardak Altlığı 10.8x0.8 cm Siyah - Beyaz,1499.99,Sofra,2026-05-24,05,0.0
Elisa PP 2li Amerikan Servis 35 cm Naturel,1499.99,Sofra,2026-05-24,05,0.0
Elisa Porselen Kahve Fincan Takımı 12 Parça 6 Kişilik Mavi,3499.99,Sofra,2026-05-24,05,0.0
Elise Çelik 4 Parça 2 Kişilik Çay Seti 170 ml Gold,419.99,Sofra,2026-05-24,05,0.0
Elise Çelik 4 Parça 2 Kişilik Çay Seti 170 ml Silver,2499.99,Sofra,2026-05-24,05,0.0
Elite Seramik Kahve Fincan Takımı 4 Parça 2 Kişilik Gri,1399.99,Sofra,2026-05-24,05,0.0
Elixir Cam Karaf 1800 ml Şeffaf,269.99,Sofra,2026-05-24,05,0.0
Elodie Porselen Kase Beyaz,999.99,Sofra,2026-05-24,05,0.0
Elodie Porselen Kayık Tabak Beyaz,799.99,Sofra,2026-05-24,05,0.0
"Elodie Porselen Servis Tabağı 25,5 cm Beyaz",279.99,Sofra,2026-05-24,05,0.0
"Eloise Borosilikat-Akasya 2li Tuzluk - Biberlik 6x7,5 Cm Şeffaf",2749.99,Sofra,2026-05-24,05,0.0
Elroy Akasya-Cam Kek Fanusu 30 cm Şeffaf,1679.99,Sofra,2026-05-24,05,0.0
Elvina Bone Porselen 4 Parça 2 Kişilik Kahve Fincan Takımı 90 ml Renkli,2499.99,Sofra,2026-05-24,05,0.0
Elyra Bone Porselen 4 Parça 2 Kişilik Kahve Fincan Takımı 90 ml Mavi Gold,639.99,Sofra,2026-05-24,05,0.0
Elysian Seramik Bardak Altlığı 11 cm Beyaz - Lacivert,799.95,Sofra,2026-05-24,05,0.0
Emberly Cam 4 Parça 2 Kişilik Çay Seti 165 ml Kahverengi-Gold,359.99,Sofra,2026-05-24,05,0.0
Emberly New Bone China 4 Parça 2 Kişilik Çay Fincanı Takımı 230 ml Kahverengi,719.99,Sofra,2026-05-24,05,0.0
Emma Metal Tepsi Gold,1399.99,Sofra,2026-05-24,05,0.0
Emma Metal Tepsi Silver,1399.99,Sofra,2026-05-24,05,0.0
Enjoy the Moment Bone Porselen 2li Espresso Fincan 90 ml Yeşil-Sarı,1499.99,Sofra,2026-05-24,05,0.0
"Estella Borosilikat-Akasya 2li Tuzluk - Biberlik 8x4x5,5 Cm Şeffaf",419.99,Sofra,2026-05-24,05,0.0
Etna Seramik Kase Kırmızı,1299.99,Sofra,2026-05-24,05,4.000032000256002
Etna Seramik Kupa 430 ml Yeşil,1299.99,Sofra,2026-05-24,05,0.0
Etna Seramik Çerezlik Kırmızı,999.99,Sofra,2026-05-24,05,0.0
Evelina New Bone China 12 Parça 6 Kişilik Kahve Fincan Takımı 90 ml Açık Pembe-Sarı-Mavi,7999.99,Sofra,2026-05-24,05,0.0
Evelina New Bone China 4 Parça 2 Kişilik Kahve Fincan Takımı 90 ml Koyu Yeşil,3499.99,Sofra,2026-05-24,05,0.0
Evelina New Bone China 4 Parça 2 Kişilik Kahve Fincan Takımı 90 ml Lacivert,629.99,Sofra,2026-05-24,05,0.0
Evie Bone Porselen 12 Parça 6 Kişilik Kahve Fincan Takımı Turuncu-Mavi,799.99,Sofra,2026-05-24,05,0.0
Evie Bone Porselen Çay Tabağı 11 cm Turuncu,699.99,Sofra,2026-05-24,05,0.0
Fabele Porselen 4 Parça 2 Kişilik Kahve Fincan Takımı 80 ml Renkli,1999.99,Sofra,2026-05-24,05,0.0
Fabulous Bone Porselen 2’li Espresso Fincan 90 ml Beyaz,1499.99,Sofra,2026-05-24,05,0.0
Farleg Bambu 4lü Amerikan Servis 4Siyah,279.99,Sofra,2026-05-24,05,0.0
Farleg Bambu 4lü Amerikan Servis Renkli,1999.99,Sofra,2026-05-24,05,0.0
Fawn Porselen 4 Parça 2 Kişilik Kahve Fincan Takımı 80 ml Koyu Mavi,1499.99,Sofra,2026-05-24,05,0.0
Faye Pamuk Runner Krem,1749.99,Sofra,2026-05-24,05,0.0
Feel Good Seramik Pasta Tabağı 13x19 cm Turuncu-Siyah,999.99,Sofra,2026-05-24,05,0.0
Feel Meal Porselen 2li Makarna Tabağı 27 cm Beyaz - Lacivert,3999.99,Sofra,2026-05-24,05,0.0
Feliz Porselen 4 Parça 2 Kişilik Kahve Fincan Takımı 80 ml Renkli,1749.99,Sofra,2026-05-24,05,0.0
Fern PP 2li Amerikan Servis 38 cm Beyaz - Mavi,239.99,Sofra,2026-05-24,05,0.0
Fiesta Seramik Kahvaltı Takımı 14 parça 6 kişilik Yeşil,7499.99,Sofra,2026-05-24,05,0.0
Fiora Amerikan Servis Kırmızı,1399.99,Sofra,2026-05-24,05,0.0
Fiora Amerikan Servis Mavi,1399.99,Sofra,2026-05-24,05,0.0
Fiore Cam 4lü Kadeh 540 Ml Açık Pembe,359.99,Sofra,2026-05-24,05,0.0
Fiore Cam 4lü Kadeh 540 Ml Açık Yeşil,359.99,Sofra,2026-05-24,05,0.0
Fiore New Bone China Kase Gri,279.99,Sofra,2026-05-24,05,0.0
Fiore New Bone China Pasta Tabağı Gri,2499.99,Sofra,2026-05-24,05,0.0
Fiore New Bone China Servis Tabağı Gri,479.99,Sofra,2026-05-24,05,0.0
Fiore New Bone China Tatlı Tabağı Gri,1749.99,Sofra,2026-05-24,05,0.0
Fiore New Bone China Çukur Yemek Tabağı 22 cm Gri,2999.99,Sofra,2026-05-24,05,0.0
Fiorellino Porselen Kahvaltı Takımı Yeşil-Sarı-Pembe-Mavi,5999.99,Sofra,2026-05-24,05,0.0
Fishy Cam Çerezlik Mavi,799.99,Sofra,2026-05-24,05,-19.996999849992502
Flair Cam 3lü Bardak 365 ml Şeffaf,1499.99,Sofra,2026-05-24,05,0.0
Flaria Seramik Bardak Altlığı 10.8x0.8 cm Beyaz - Sarı,1149.95,Sofra,2026-05-24,05,0.0
Fleur Cam 2li Bardak Pembe,269.99,Sofra,2026-05-24,05,0.0
Floe Seramik 4lü Pasta Tabağı 20 cm Renkli,3499.99,Sofra,2026-05-24,05,0.0
Flor Pura Cam 2li Kadeh Şeffaf,2249.99,Sofra,2026-05-24,05,0.0
Flor Pura Masa Örtüsü 150x220 cm Mint,899.99,Sofra,2026-05-24,05,0.0
Flor Pura Masa Örtüsü 150x220 cm Pembe,899.99,Sofra,2026-05-24,05,0.0
Flora Paslanmaz Çelik Kokteyl Çatalı 4 Parça Gold,319.99,Sofra,2026-05-24,05,0.0
Floral Bliss New Bone China Kupa 450 ml Renkli,1499.99,Sofra,2026-05-24,05,0.0
Floral Breeze New Bone China Kupa 450 ml Renkli,1499.99,Sofra,2026-05-24,05,0.0
"Floral Garden Melamin 4lü Kahvaltılık 24,5x21,5 cm Renkli",799.99,Sofra,2026-05-24,05,0.0
Floral Garden New Bone China Kupa 450 ml Renkli,1499.99,Sofra,2026-05-24,05,0.0
Floral Grace Stoneware Sunumluk Siyah - Beyaz,519.99,Sofra,2026-05-24,05,0.0
Floral Heaven New Bone China Kupa 450 ml Renkli,1499.99,Sofra,2026-05-24,05,0.0
Floral Stripe Seramik Bardak Altlığı 11 cm Renkli,188.99,Sofra,2026-05-24,05,0.0
Floral Symphony Bone Porselen Yemek Takımı 24 Parça 6 Kişilik Renkli,3999.99,Sofra,2026-05-24,05,0.0
Florana New Bone China 4 Parça 2 Kişilik Çay Fincanı Takımı 220 ml Koyu Pembe,989.99,Sofra,2026-05-24,05,0.0
Florana New Bone China 4 Parça 2 Kişilik Çay Fincanı Takımı 220 ml Yeşil,989.99,Sofra,2026-05-24,05,0.0
Floreline Bone Porselen Ayaklı Kek Standı 30 cm Renkli,1119.99,Sofra,2026-05-24,05,0.0
"Floreline Bone Porselen Kayık Tabak 25,5 cm Renkli",1999.99,Sofra,2026-05-24,05,0.0
"Floreline Bone Porselen Çerezlik 11,5 cm Renkli",1249.99,Sofra,2026-05-24,05,0.0
Florend Bone Porselen Kase 14 cm Renkli,1249.99,Sofra,2026-05-24,05,0.0
"Florend Bone Porselen Çerezlik 11,5 cm Renkli",1249.99,Sofra,2026-05-24,05,0.0
Florentis Bone Porselen Kase 19 cm Renkli,3249.99,Sofra,2026-05-24,05,0.0
Florentis Bone Porselen Katlı Servis 19+26 cm Renkli,3999.99,Sofra,2026-05-24,05,0.0
"Florentis Bone Porselen Kayık Tabak 21,5 cm Renkli",1499.99,Sofra,2026-05-24,05,0.0
Florentis Bone Porselen Pasta Tabağı 19 cm Renkli,1249.99,Sofra,2026-05-24,05,0.0
Florentis Bone Porselen Servis Tabağı 27 cm Renkli,1999.99,Sofra,2026-05-24,05,0.0
"Florentis Bone Porselen Çerezlik 11,5 cm Renkli",1249.99,Sofra,2026-05-24,05,0.0
Floret Cam 3 Parça Su Takımı 1150 ml + 315 ml Şeffaf,359.99,Sofra,2026-05-24,05,0.0
Floret Cam Şişe 750 ml Beyaz,1249.99,Sofra,2026-05-24,05,0.0
Floretta Bone Porselen 4 Parça 2 Kişilik Kahve Fincan Takımı 90 ml Mor,503.99,Sofra,2026-05-24,05,0.0
Florida Cam Cup - Dondurma Kasesi Kahverengi,1249.99,Sofra,2026-05-24,05,0.0
Flossy Masa Örtüsü 150x200 cm Beyaz - Bej,899.99,Sofra,2026-05-24,05,0.0
Flossy Runner 40x140 cm Beyaz - Bej,1999.99,Sofra,2026-05-24,05,0.0
Flower Chic Dekoratif Tepsi Gold,559.99,Sofra,2026-05-24,05,0.0
"Flower Stoneware 2li Tuzluk - Biberlik 6x3,5x5,5 cm Pembe - Mavi",1999.99,Sofra,2026-05-24,05,0.0
Flowerella Dolomite Katlı Servis 21+26 cm Kırmızı-Pembe,839.99,Sofra,2026-05-24,05,0.0
Flowerella Dolomite Katlı Servis 21+26 cm Mavi,839.99,Sofra,2026-05-24,05,0.0
Flowery Home Dolomite Kupa Renkli,4999.99,Sofra,2026-05-24,05,0.0
Flurries Amerikan Servis 38 cm Renkli,1499.99,Sofra,2026-05-24,05,0.0
Flux Cam 3lü Bardak 285 ml Şeffaf,1199.99,Sofra,2026-05-24,05,0.0
Fresco Porselen 4 Parça 2 Kişilik Kahve Fincan Takımı 80 ml Kırmızı - Beyaz,1749.99,Sofra,2026-05-24,05,0.0
Frezya Porselen Kahvaltı Takımı 20 Parça 6 Kişilik Renkli,12499.99,Sofra,2026-05-24,05,0.0
Frezya Porselen Yemek Takımı 24 Parça 6 Kişilik Sarı-Yeşil,3199.99,Sofra,2026-05-24,05,0.0
Friends Cam 3lü Lisanslı Bardak 315 Ml Renkli,223.99,Sofra,2026-05-24,05,0.0
Friends Cam Lisanslı Başucu Sürahi 700 Ml + 220 Ml Renkli,1999.99,Sofra,2026-05-24,05,0.0
Friends Cam Lisanslı Şişe 500 ml Renkli,1399.99,Sofra,2026-05-24,05,0.0
Fringe Jüt 2li Amerikan Servis 30x45 cm Pembe,1749.99,Sofra,2026-05-24,05,0.0
Frosty Tree Stoneware Kupa 330 ml Yeşil,1999.99,Sofra,2026-05-24,05,0.0
Frucht Cam 2li Bardak 380 ml Renkli,1249.99,Sofra,2026-05-24,05,0.0
Fruit Cam 2li Bardak 380 ml Renkli,1499.99,Sofra,2026-05-24,05,0.0
Fruity Seramik 4lü Pasta Seti 20 cm Renkli,2499.99,Sofra,2026-05-24,05,0.0
Fusion Seramik Kayık Tabak 27 cm Pembe,1299.99,Sofra,2026-05-24,05,0.0
Fusion Seramik Servis Tabağı 26 cm Pembe,1199.99,Sofra,2026-05-24,05,0.0
Fusion Seramik Servis Tabağı 26 cm Yeşil,1199.99,Sofra,2026-05-24,05,0.0
Gales Cam Çerezlik 11 cm Şeffaf,799.95,Sofra,2026-05-24,05,0.0
Garden Charm Stoneware 4 Parça Sunumluk 20 cm Renkli,3999.99,Sofra,2026-05-24,05,
Garden Dream New Bone China 4 Parça 2 Kişilik Kahve Fincan Takımı 90 ml Yeşil-Beyaz,3999.99,Sofra,2026-05-24,05,0.0
Garden Lovely New Bone China 4 Parça 2 Kişilik Kahve Fincan Takımı 90 ml Yeşil-Beyaz,559.99,Sofra,2026-05-24,05,
Garden Serenity Stoneware Sunumluk Renkli,639.99,Sofra,2026-05-24,05,0.0
Gardenia Porselen Kase Yeşil,2499.99,Sofra,2026-05-24,05,0.0
Gardenia Porselen Kayık Tabak 30 cm Yeşil,1749.99,Sofra,2026-05-24,05,0.0
Gardenia Porselen Pasta Tabağı 19 cm Yeşil,1199.99,Sofra,2026-05-24,05,0.0
Gardenia Porselen Servis Tabağı 25 cm Yeşil,1249.99,Sofra,2026-05-24,05,0.0
Gardenia Porselen Çerezlik 11 cm Beyaz - Yeşil,999.99,Sofra,2026-05-24,05,0.0
Gardenia Porselen Çerezlik 11 cm Yeşil,999.99,Sofra,2026-05-24,05,0.0
Geometric Glow Kaydırmaz Tepsi 34x25 Cm Lacivert – Gold,1149.99,Sofra,2026-05-24,05,0.0
Georgia Cam Dekoratif Tepsi Mavi,479.99,Sofra,2026-05-24,05,0.0
Gifty Flower New Bone China Kupa 310 ml Pembe-Sarı-Mavi,2499.99,Sofra,2026-05-24,05,0.0
Gifty Petal New Bone China Kupa 310 ml Pembe-Sarı-Mavi,349.99,Sofra,2026-05-24,05,0.0
Giselle Cam Kase Gold,2249.99,Sofra,2026-05-24,05,0.0
Giselle Cam Pasta Tabağı 16 cm Gold,1499.99,Sofra,2026-05-24,05,0.0
"Glacis Akasya-Cam 4 Parça Sunumluk 33x10,5x6 cm Şeffaf",439.99,Sofra,2026-05-24,05,0.0
"Glamour Metal İkram Tepsisi 34,5x22 Cm Silver",6499.99,Sofra,2026-05-24,05,0.0
Glance Borosilikat Cam Sürahi Şeffaf,479.99,Sofra,2026-05-24,05,0.0
Gleam Cam 3lü Bardak 425 ml Silver,1499.99,Sofra,2026-05-24,05,0.0
Gleam Cam 3lü Kadeh 350 ml Gold,449.99,Sofra,2026-05-24,05,0.0
Gleam Cam 3lü Kadeh 350 ml Silver,319.99,Sofra,2026-05-24,05,0.0
Gleam Paslanmaz Çelik Tepsi 35 cm Silver,439.99,Sofra,2026-05-24,05,0.0
Gleam Pipetli Cam Bardak 400 ml Lila,199.99,Sofra,2026-05-24,05,0.0
Glimmer Cam 2li Bardak Pembe - Yeşil,399.99,Sofra,2026-05-24,05,0.0
Glimmer Cam 2li Kadeh 250 ml Pembe - Yeşil,2499.99,Sofra,2026-05-24,05,0.0
Glint Cam 6lı Kahve Yanı Bardak 125 ml Gold,2999.99,Sofra,2026-05-24,05,0.0
Glint Metal İkram Tepsisi 20 cm Silver,559.99,Sofra,2026-05-24,05,0.0
Glint Metal İkram Tepsisi 20x20 cm Gold-Silver,3999.99,Sofra,2026-05-24,05,0.0
Glintter Cam 3lü Cup 380 ml Şeffaf,419.99,Sofra,2026-05-24,05,0.0
Glitter Cam 3lü Bardak 350 ml Gold,299.99,Sofra,2026-05-24,05,0.0
Glory Cam Karaf 1000 ml Yeşil,3999.99,Sofra,2026-05-24,05,0.0
Glow Borosilikat Cam Sürahi 1800 ml Şeffaf,479.99,Sofra,2026-05-24,05,0.0
Glow Cam Sunumluk 16 cm Şeffaf-Gold,2199.99,Sofra,2026-05-24,05,0.0
Glow Metal Tepsi Silver,2249.99,Sofra,2026-05-24,05,0.0
Glowy White Bone Porselen 4 Parça 2 Kişilik Kahve Fincan Takımı 90 ml Siyah-Beyaz-Gold,559.99,Sofra,2026-05-24,05,0.0
Gola Bambu 2li Amerikan Servis Gri,1249.99,Sofra,2026-05-24,05,0.0
Gola Bambu 2li Amerikan Servis Lila,1299.99,Sofra,2026-05-24,05,0.0
Gola Bambu 2li Amerikan Servis Pudra,1399.99,Sofra,2026-05-24,05,0.0
Gola Bambu 4lü Amerikan Servis Bal,2499.99,Sofra,2026-05-24,05,0.0
Gola Bambu 4lü Amerikan Servis Krem,1749.99,Sofra,2026-05-24,05,
Gold Leaves Cam 6lı Çay Bardağı 132 ml Şeffaf-Gold,2249.99,Sofra,2026-05-24,05,0.0
Golden Gleam Porselen Kase Beyaz-Gold,2999.99,Sofra,2026-05-24,05,0.0
Golden Gleam Porselen Kupa 440 ml Beyaz-Gold,399.99,Sofra,2026-05-24,05,0.0
Golden Harmony Kaydırmaz Tepsi Lacivert – Gold,2499.99,Sofra,2026-05-24,05,0.0
Goldenite Masa Örtüsü 145x200 cm Gold,1169.99,Sofra,2026-05-24,05,0.0
Goldenite Runner 45x145 cm Gold,479.99,Sofra,2026-05-24,05,0.0
Goldie Eye New Bone China Kupa 370 ml Beyaz-Gold,1499.99,Sofra,2026-05-24,05,0.0
Goldie Moon New Bone China Kupa 370 ml Siyah-Gold,1499.99,Sofra,2026-05-24,05,0.0
Good Day New Bone China Kupa 400 ml Siyah-Beyaz-Gold,1749.99,Sofra,2026-05-24,05,0.0
Good Day Seramik Çerezlik 13 cm Turuncu-Siyah,999.99,Sofra,2026-05-24,05,0.0
Good Mood Bliss Çelik Termos Kırmızı,2499.99,Sofra,2026-05-24,05,0.0
Good Mood Bliss Çelik Termos Siyah,2499.99,Sofra,2026-05-24,05,0.0
Good Mood Bliss Çelik Termos Yeşil,2499.99,Sofra,2026-05-24,05,0.0
Good Mood Dora Çelik Kaşıklı Saklama Termosu 750 ml Mavi,1039.99,Sofra,2026-05-24,05,0.0
Good Mood Dora Çelik Kaşıklı Saklama Termosu 750 ml Yeşil,1039.99,Sofra,2026-05-24,05,0.0
Good Mood Elise Çelik Termos 2 Litre Petrol Mavisi,1079.99,Sofra,2026-05-24,05,0.0
Good Mood Elise Çelik Termos 2 Litre Sütlü Kahve,959.99,Sofra,2026-05-24,05,0.0
Good Mood Etna Çelik Termos 1200 ml Mint,4999.99,Sofra,2026-05-24,05,0.0
Good Mood Etna Çelik Termos 1200 ml Mor,4999.99,Sofra,2026-05-24,05,0.0
Good Mood Fiera Çelik Termos 350 ml Kırmızı,447.99,Sofra,2026-05-24,05,0.0
Good Mood Florinox Çelik Termos 500 ml Inox,559.99,Sofra,2026-05-24,05,0.0
Good Mood HeatLock Çelik Bardaklı Termos 1 Litre Koyu Yeşil,839.99,Sofra,2026-05-24,05,0.0
Good Mood HeatLock Çelik Bardaklı Termos 1 Litre Siyah,839.99,Sofra,2026-05-24,05,0.0
Good Mood HeatLock Çelik Bardaklı Termos 500 ml Petrol Mavisi,419.99,Sofra,2026-05-24,05,0.0
Good Mood HeatLock Çelik Bardaklı Termos 500 ml Sütlü Kahve,439.99,Sofra,2026-05-24,05,0.0
Good Mood HeatLock Çelik Bardaklı Termos Kırmızı,6499.99,Sofra,2026-05-24,05,0.0
Good Mood Jenga Çelik Termos 750 ml Inox,799.99,Sofra,2026-05-24,05,0.0
Good Mood Journey Çelik Termos 600 ml Gri,639.99,Sofra,2026-05-24,05,0.0
Good Mood Journey Çelik Termos 600 ml Krem,639.99,Sofra,2026-05-24,05,0.0
Good Mood Journey Çelik Termos 600 ml Mor,639.99,Sofra,2026-05-24,05,0.0
Good Mood Kids Sky Çelik Termos Bardak 600 ml Lacivert,2199.99,Sofra,2026-05-24,05,0.0
Good Mood Leora PP – Cam Termos 1L Gri,2499.99,Sofra,2026-05-24,05,0.0
Good Mood Leora PP – Cam Termos 1L Kırmızı,2499.99,Sofra,2026-05-24,05,0.0
Good Mood Leora PP – Cam Termos 1L Siyah,2499.99,Sofra,2026-05-24,05,0.0
Good Mood Leora PP – Cam Termos 1L Turkuaz,279.99,Sofra,2026-05-24,05,0.0
Good Mood Lidya Çelik Travel Mug 570 ml Pembe,494.99,Sofra,2026-05-24,05,0.0
Good Mood Lidya Çelik Travel Mug 570 ml Turuncu,494.99,Sofra,2026-05-24,05,0.0
Good Mood Lidya Çelik Travel Mug 570 ml Yeşil,2749.99,Sofra,2026-05-24,05,0.0
Good Mood Loa Çelik Travel Mug 750 ml Lacivert,674.99,Sofra,2026-05-24,05,0.0
Good Mood Loa Çelik Travel Mug 750 ml Mor,674.99,Sofra,2026-05-24,05,0.0
Good Mood Lunchy Çelik Saklama Termosu 500 ml Krem,629.98,Sofra,2026-05-24,05,0.0
Good Mood Lunchy Çelik Saklama Termosu 500 ml Mor,629.98,Sofra,2026-05-24,05,0.0
Good Mood Lunchy Çelik Saklama Termosu 500 ml Yeşil,629.98,Sofra,2026-05-24,05,0.0
Good Mood Mila Çelik Termos 700 ml Gri,1039.99,Sofra,2026-05-24,05,0.0
Good Mood Mila Çelik Termos 700 ml Pudra Pembe,6499.99,Sofra,2026-05-24,05,0.0
Good Mood Mona Çelik Travel Mug 500 ml Açık Gri,2499.99,Sofra,2026-05-24,05,0.0
Good Mood Mona Çelik Travel Mug 500 ml Koyu Gri,2499.99,Sofra,2026-05-24,05,0.0
Good Mood Napoli Çelik Travel Mug 500 ml Mavi,439.99,Sofra,2026-05-24,05,0.0
Good Mood Napoli Çelik Travel Mug 500 ml Pembe,439.99,Sofra,2026-05-24,05,0.0
Good Mood Napoli Çelik Travel Mug 500 ml Siyah - Gri,479.99,Sofra,2026-05-24,05,0.0
Good Mood Napoli Çelik Travel Mug 500 ml Sütlü Kahve,319.99,Sofra,2026-05-24,05,0.0
Good Mood Napoli Çelik Travel Mug 500 ml Turuncu,439.99,Sofra,2026-05-24,05,0.0
Good Mood New Etna Çelik Termos 900 ml Bordo,639.99,Sofra,2026-05-24,05,0.0
Good Mood New Etna Çelik Termos 900 ml Gri,639.99,Sofra,2026-05-24,05,0.0
Good Mood New Etna Çelik Termos 900 ml Krem,639.99,Sofra,2026-05-24,05,0.0
Good Mood New Etna Çelik Termos 900 ml Mor,594.99,Sofra,2026-05-24,05,0.0
Good Mood New Etna Çelik Termos 900 ml Yeşil,639.99,Sofra,2026-05-24,05,0.0
"Good Mood Orion Cam Termos 1,6L Bej",1039.99,Sofra,2026-05-24,05,0.0
"Good Mood Orion Cam Termos 1,6L Gri",1039.99,Sofra,2026-05-24,05,0.0
Good Mood Raven Çelik Termos 650 ml Gri,1039.99,Sofra,2026-05-24,05,0.0
Good Mood Raven Çelik Termos 650 ml Siyah,1039.99,Sofra,2026-05-24,05,0.0
Good Mood Sascha Paslanmaz Çelik Termos Pembe,4999.99,Sofra,2026-05-24,05,0.0
Good Mood Seramik Çerezlik 13 cm Turuncu-Siyah,999.99,Sofra,2026-05-24,05,0.0
"Good Mood Sparrow Cam Termos 0,95 L Pembe",1169.99,Sofra,2026-05-24,05,0.0
Good Mood Temp Çelik Termos Gri,3999.99,Sofra,2026-05-24,05,0.0
Good Mood Temp Çelik Termos Siyah,799.98,Sofra,2026-05-24,05,0.0
Good Mood Valen Çelik Termos 900 ml Beyaz,839.99,Sofra,2026-05-24,05,0.0
Good Mood Valen Çelik Termos 900 ml Gri,5999.99,Sofra,2026-05-24,05,0.0
Good Mood Valen Çelik Termos 900 ml Yeşil,5999.99,Sofra,2026-05-24,05,0.0
Good Mood Viva Çelik Termos 500 ml Gri,519.99,Sofra,2026-05-24,05,0.0
Grace Porselen 4lü Pasta Seti 21 cm Pembe,3999.99,Sofra,2026-05-24,05,0.0
Graceful PP 2li Amerikan Servis 38 cm Gold,1999.99,Sofra,2026-05-24,05,0.0
Graceful PP 2li Amerikan Servis 38 cm Silver,1999.99,Sofra,2026-05-24,05,0.0
Graceful Shapes Cam Pasta Tabağı Gold,1199.99,Sofra,2026-05-24,05,0.0
Graceful Shapes Cam Servis Tabağı Gold,1249.99,Sofra,2026-05-24,05,0.0
Gracy Kristalin 6lı Bardak Gold,1169.99,Sofra,2026-05-24,05,0.0
Green Dream Emaye Kek Standı 31 cm Yeşil,4999.99,Sofra,2026-05-24,05,0.0
Green Pine Dolomite 4lü Kupa 153 ml-193 ml-267 ml-267 ml Yeşil,7999.99,Sofra,2026-05-24,05,0.0
Green Year PP 2li Amerikan Servis 38 cm Yeşil,1499.99,Sofra,2026-05-24,05,0.0
Greentide Cam 3 Parça Su Takımı 1150 ml + 315 ml Yeşil,399.99,Sofra,2026-05-24,05,0.0
Greeny Pamuk Masa Örtüsü 150x200 cm Beyaz - Yeşil,4999.99,Sofra,2026-05-24,05,0.0
Grena Borosilikat Cam Sürahi 1500 ml Yeşil,479.99,Sofra,2026-05-24,05,0.0
Greta Cam 2li Tuzluk - Biberlik 105 ml Koyu Bej,1399.99,Sofra,2026-05-24,05,0.0
Greta Cam 2li Tuzluk-Biberlik Antrasit,1499.99,Sofra,2026-05-24,05,0.0
Gridify Pvc 4lü Amerikan Servis 30x45 cm Bej,1499.99,Sofra,2026-05-24,05,0.0
Gridlane Pvc Masa Örtüsü Bej,2249.99,Sofra,2026-05-24,05,0.0
Gridlane Pvc Masa Örtüsü Kırmızı,2249.99,Sofra,2026-05-24,05,0.0
Gridlane Pvc Masa Örtüsü Mavi,2249.99,Sofra,2026-05-24,05,0.0
Groove Cam Şişe 980 ml Pembe,1499.99,Sofra,2026-05-24,05,0.0
Groove Cam Şişe 980 ml Turkuaz,1499.99,Sofra,2026-05-24,05,0.0
Grove Bambu 4lü Amerikan Servis 30x45 cm Siyah,1999.99,Sofra,2026-05-24,05,0.0
Grove Bambu 4lü Amerikan Servis Krem,1249.99,Sofra,2026-05-24,05,0.0
Gum Ahşap 7 Parça Bardak Altlığı Renkli,1399.99,Sofra,2026-05-24,05,0.0
Gusto Borosilikat Cam Kupa Hardal,1399.99,Sofra,2026-05-24,05,0.0
Happiness Cam Sürahi 1500 ml Renkli,349.99,Sofra,2026-05-24,05,0.0
Happy New Year Metal Tepsi 35x23 cm Kırmızı,1149.99,Sofra,2026-05-24,05,0.0
Harmon Cam Çerezlik Mor-Turkuaz,999.99,Sofra,2026-05-24,05,0.0
Harmonia Masa Örtüsü 145x200 cm Bej,4499.99,Sofra,2026-05-24,05,0.0
Harmonic Gold Kaydırmaz Tepsi 34 cm Lacivert – Gold,1749.99,Sofra,2026-05-24,05,0.0
Harmony Silver Porselen Tek Kişilik Kahve Sunum Seti 100 ml Beyaz-Silver,4999.99,Sofra,2026-05-24,05,0.0
Harry Potter Cam 3lü Lisanslı Bardak 315 Ml Renkli,1999.99,Sofra,2026-05-24,05,0.0
Harry Potter Cam Lisanslı Başucu Sürahi 700 Ml + 220 Ml Renkli,239.99,Sofra,2026-05-24,05,0.0
Harry Potter Cam Lisanslı Şişe 500 ml Renkli,1399.99,Sofra,2026-05-24,05,0.0
Heartie Borosilikat Cam Çift Cidarlı Kupa 160 ml Şeffaf,1499.99,Sofra,2026-05-24,05,0.0
"HeatLock Çelik Bardaklı Termos 1,5L Koyu Yeşil",5999.99,Sofra,2026-05-24,05,0.0
"HeatLock Çelik Bardaklı Termos 1,5L Siyah",1079.99,Sofra,2026-05-24,05,0.0
Hecha Seramik Yemek Takımı 4 Parça Tek Kişilik Krem,3999.99,Sofra,2026-05-24,05,0.0
Hecha Seramik Yemek Takımı 4 Parça Tek Kişilik Siyah,399.99,Sofra,2026-05-24,05,0.0
Hello New Day New Bone China Bardak Altlıklı Kupa 450 ml Beyaz,2249.99,Sofra,2026-05-24,05,0.0
Henna Bambu 4lü Amerikan Servis 30x45 cm Siyah,1249.99,Sofra,2026-05-24,05,0.0
Hera Porselen Kase 16 cm Gold,999.99,Sofra,2026-05-24,05,0.0
Herbal New Bone China Bardak 230 ml Beyaz - Yeşil,1249.99,Sofra,2026-05-24,05,0.0
Hestia New Bone China Kupa 350 ml Beyaz,1199.99,Sofra,2026-05-24,05,0.0
Hestia New Bone China Kupa 350 ml Gri,1199.99,Sofra,2026-05-24,05,0.0
Hestia New Bone China Kupa 350 ml Somon,1199.99,Sofra,2026-05-24,05,0.0
Hexa Cam 2li Tuzluk - Biberlik 4x9 cm Şeffaf,1999.99,Sofra,2026-05-24,05,0.0
Hollyberry Ahşap 4lü Bardak Altlığı 11 cm Renkli,999.99,Sofra,2026-05-24,05,0.0
Hope More Stoneware Kupa 400 ml Renkli,1749.99,Sofra,2026-05-24,05,0.0
Horizon Porselen Kahvaltı Takımı 16 Parça 4 Kişilik Siyah,6999.99,Sofra,2026-05-24,05,0.0
Horizon Porselen Kahvaltı Takımı 16 Parça 4 Kişilik Yeşil,7999.99,Sofra,2026-05-24,05,0.0
Hue Cam 3lü Bardak 290 ml Siyah,1199.99,Sofra,2026-05-24,05,0.0
Hues Cam 3lü Bardak 290 ml Renkli,1249.99,Sofra,2026-05-24,05,0.0
Hues Cam 3lü Bardak 290 ml Şeffaf,1249.99,Sofra,2026-05-24,05,0.0
Isidora Emaye Yuvarlak Tepsi 31 cm Krem,479.99,Sofra,2026-05-24,05,0.0
Isidora Emaye Yuvarlak Tepsi Açık Mint,359.99,Sofra,2026-05-24,05,0.0
Janice Cam 12 Parça 6 Kişilik Çay Seti 135 ml Gold,1199.99,Sofra,2026-05-24,05,0.0
Jessica Porselen 20 Parça 6 Kişilik Kahvaltı Takımı Renkli,2079.99,Sofra,2026-05-24,05,0.0
Jingle Borosilikat Cam Sürahi Şeffaf,3499.99,Sofra,2026-05-24,05,0.0
Jinglewood Ahşap 4lü Bardak Altlığı 12x14 cm Renkli,1399.99,Sofra,2026-05-24,05,0.0
"Joy Akasya Sunumluk 25,3x13,5 cm Beyaz - Yeşil",400.0,Sofra,2026-05-24,05,0.0
Joy Dolomite Sunumluk 24x13 cm Beyaz - Kırmızı,639.99,Sofra,2026-05-24,05,0.0
Joy Dolomite Sunumluk Beyaz - Kırmızı,629.99,Sofra,2026-05-24,05,0.0
Joyful Christmas Cam Pipetli Bardak 400 ml Kırmızı,1199.99,Sofra,2026-05-24,05,0.0
Joyful Christmas Cam Pipetli Bardak 400 ml Yeşil,1199.99,Sofra,2026-05-24,05,0.0
Joyfull Bloom Cam Sürahi 1500 ml Renkli,399.99,Sofra,2026-05-24,05,0.0
Joyfull Seramik 6lı Çerezlik 6 cm Renkli,439.99,Sofra,2026-05-24,05,0.0
Kokina Borosilikat Pipetli Bardak 460 ml Kırmızı,1499.99,Sofra,2026-05-24,05,0.0
Koza Cam 3lü Meşrubat Bardağı Gold,1499.99,Sofra,2026-05-24,05,0.0
Kütahya Porselen Amalfi Yemek Takımı 26 Parça 6 Kişilik Mavi-Sarı,3999.99,Sofra,2026-05-24,05,0.0
Kütahya Porselen Bone Luz Kahvaltı Takımı 18 Parça 6 Kişilik Beyaz,3499.99,Sofra,2026-05-24,05,0.0
Kütahya Porselen Milena Yemek Takımı 24 Parça 6 Kişilik Ekru,3299.99,Sofra,2026-05-24,05,0.0
Kütahya Porselen Moderna Kahvaltı Takımı 14 Parça 6 Kişilik Mavi Seashore,2399.99,Sofra,2026-05-24,05,0.0
Kütahya Porselen Moderna Yemek Takımı 24 Parça 6 Kişilik Tarçın,3999.99,Sofra,2026-05-24,05,0.0
Kütahya Porselen Romance Kahvaltı Takımı 14 Parça 6 Kişilik Renkli,1999.99,Sofra,2026-05-24,05,0.0
Laccy Cam 8 Parça 4 Kişilik Çay Seti 170 ml Gold,959.99,Sofra,2026-05-24,05,0.0
Lamour Seramik 6lı Pasta Tabağı 20 cm Renkli,799.99,Sofra,2026-05-24,05,0.0
Largii Cam Şişe Turkuaz,1399.99,Sofra,2026-05-24,05,0.0
Larry Kayık Tabak Lacivert,1249.99,Sofra,2026-05-24,05,0.0
Larry Porselen Kase Lacivert,999.99,Sofra,2026-05-24,05,0.0
Lavender Porselen Kahvaltı Takımı 12 Parça 6 Kişilik Yeşil-Mavi,7999.99,Sofra,2026-05-24,05,0.0
Layla Bone Porselen Yemek Takımı 24 Parça 6 Kişilik Yeşil,3999.99,Sofra,2026-05-24,05,0.0
Leafora New Bone China Kupa 460 ml Yeşil-Mavi,3499.99,Sofra,2026-05-24,05,0.0
Leafscape Cam 3 Parça Su Takımı 1150 ml + 380 ml Yeşil,2999.99,Sofra,2026-05-24,05,0.0
Leafscape Emaye Bardak 350 ml Yeşil,1499.99,Sofra,2026-05-24,05,0.0
Leafscape New Bone China Kupa 460 ml Beyaz - Yeşil,539.99,Sofra,2026-05-24,05,0.0
Leafscape New Bone China Kupa 460 ml Yeşil,539.99,Sofra,2026-05-24,05,0.0
Leafy Dreams Melamin 2’li Kaydırmaz Tepsi 42x31 cm + 25x38 cm Yeşil,2999.99,Sofra,2026-05-24,05,0.0
Lelia Cam 2li Tuzluk - Biberlik 4x5 cm Gold,1099.99,Sofra,2026-05-24,05,0.0
Lelia Cam 2li Tuzluk - Biberlik 4x5 cm Silver,1049.99,Sofra,2026-05-24,05,0.0
Lemmy Porselen 8 Parça 4 Kişilik Çay Seti 165 ml Renkli,699.99,Sofra,2026-05-24,05,0.0
Lemon Bloom Metal Koruyuculu Servis Tamamlayıcı 30 Cm Sarı - Lacivert,1999.99,Sofra,2026-05-24,05,0.0
Lemon Cam 4lü Pasta Seti 19 cm Sarı-Yeşil,2999.99,Sofra,2026-05-24,05,0.0
Lemon Garden Seramik 6lı Pasta Seti 16 cm Renkli,2999.99,Sofra,2026-05-24,05,0.0
Lemon Garden Stoneware Kupa 320 ml Sarı,1399.99,Sofra,2026-05-24,05,0.0
Lemon Mısır Amerikan Servis 38 cm Krem,1399.99,Sofra,2026-05-24,05,0.0
"Lemon Stoneware 2li Tuzluk - Biberlik 6,5x5x5,5 cm Sarı",1999.99,Sofra,2026-05-24,05,0.0
Lemony Porselen Kahvaltı Takımı 20 Parça 6 Kişilik Sarı,2399.99,Sofra,2026-05-24,05,0.0
Leno Porselen Kahve Fincan Takımı 4 Parça 2 Kişilik Yeşil,1999.99,Sofra,2026-05-24,05,0.0
Lenore 2li Amerikan Servis 35x50 cm Gold,799.99,Sofra,2026-05-24,05,0.0
Lenore Masa Örtüsü 150x220 cm Gold,719.99,Sofra,2026-05-24,05,0.0
Leopa Seramik Bardak Altlığı 11 cm Bej,1499.99,Sofra,2026-05-24,05,0.0
Leoterra Seramik Bardak Altlığı 11 cm Kahverengi,1499.99,Sofra,2026-05-24,05,0.0
Leptis Paslanmaz Çelik Çatal Kaşık Bıçak Takımı 18 Parça 6 Kişilik Gold,1599.99,Sofra,2026-05-24,05,0.0
Leptis Paslanmaz Çelik Çatal Kaşık Bıçak Takımı 18 Parça 6 Kişilik Siyah,9999.99,Sofra,2026-05-24,05,0.0
Leron 2li Amerikan Servis Beyaz,1399.99,Sofra,2026-05-24,05,0.0
Lianis Emaye Kupa 350 ml Yeşil-Mavi,2249.99,Sofra,2026-05-24,05,0.0
Lilies Jüt 2li Amerikan Servis Antrasit,269.99,Sofra,2026-05-24,05,0.0
Lilla Cam 2li Tuzluk - Biberlik 4x4 cm Gold,1499.99,Sofra,2026-05-24,05,0.0
Lilla Cam 2li Tuzluk - Biberlik 4x4 cm Silver,1049.99,Sofra,2026-05-24,05,0.0
Lilt Cam Şişe 1500 ml Antrasit,1749.99,Sofra,2026-05-24,05,0.0
Lily Cam 3lü Bardak 290 ml Yeşil,1249.99,Sofra,2026-05-24,05,0.0
Lily Cam Çerezlik 12 cm Gold,999.99,Sofra,2026-05-24,05,0.0
Lilya Porselen 6lı Pasta Seti 19 cm Renkli,479.99,Sofra,2026-05-24,05,0.0
Limonchello Seramik Kahvaltı Takımı 14 parça 6 kişilik Sarı - Mavi,7499.99,Sofra,2026-05-24,05,
Lina Seramik Kase Krem,999.99,Sofra,2026-05-24,05,0.0
Lina Seramik Kase Yeşil,999.99,Sofra,2026-05-24,05,0.0
Lina Seramik Kupa 150 ml Krem,1149.95,Sofra,2026-05-24,05,0.0
Lina Seramik Kupa 150 ml Yeşil,1149.95,Sofra,2026-05-24,05,0.0
Lina Seramik Pasta Tabağı 14 cm Yeşil,799.99,Sofra,2026-05-24,05,0.0
Lina Seramik Çerezlik Krem,799.95,Sofra,2026-05-24,05,0.0
Lina Seramik Çerezlik Yeşil,799.95,Sofra,2026-05-24,05,0.0
Linea Seramik Kahvaltı Takımı 14 parça 6 kişilik Renkli,1199.99,Sofra,2026-05-24,05,0.0
Linear Cam 6lı Kahve Yanı Bardak 90 ml Şeffaf,1999.99,Sofra,2026-05-24,05,0.0
Linera Cam El Yapımı 2’li Cup 300 ml Vizon,1999.99,Sofra,2026-05-24,05,0.0
Little Unicorn Pipetli Bardak Pembe,999.99,Sofra,2026-05-24,05,0.0
Livia Bone Porselen 4 Parça 2 Kişilik Kahve Fincan Takımı 90 ml Renkli,399.99,Sofra,2026-05-24,05,0.0
Livia Porselen Yemek Takımı Gold,3679.99,Sofra,2026-05-24,05,0.0
Loly New Bone China Kupa 460 ml Bordo,539.99,Sofra,2026-05-24,05,0.0
Loneta Cam Çerezlik Pembe,799.95,Sofra,2026-05-24,05,0.0
Looney Tunes Cam Lisanslı Başucu Sürahi 700 Ml + 220 Ml Renkli,1999.99,Sofra,2026-05-24,05,0.0
Looney Tunes Cam Lisanslı Şişe 500 ml Renkli,1399.99,Sofra,2026-05-24,05,0.0
Loopera Kağıt 2li Amerikan Servis 38 cm Kırmızı,1749.99,Sofra,2026-05-24,05,0.0
Loreva New Bone China Kupa 460 ml Yeşil-Pembe,1299.99,Sofra,2026-05-24,05,0.0
Louice Rattan Sedefli Tepsi Kahverengi,719.99,Sofra,2026-05-24,05,0.0
Love Day New Bone China Kupa 400 ml Siyah-Beyaz-Gold,2249.99,Sofra,2026-05-24,05,0.0
Love More Cam Bardak 380 ml Siyah,899.99,Sofra,2026-05-24,05,0.0
Love More Stoneware Kupa 400 ml Pembe,269.99,Sofra,2026-05-24,05,0.0
Love Stoneware Kupa 395 ml Turuncu,279.99,Sofra,2026-05-24,05,0.0
"Lovely Stoneware 4lü Çerezlik 6,5 cm Kırmızı",1499.99,Sofra,2026-05-24,05,0.0
Lovely Stoneware 8 Parça 4 Kişilik Fincan 150 ml Kırmızı,639.99,Sofra,2026-05-24,05,0.0
Lucan Cam Şişe 1000 ml Pembe,1749.99,Sofra,2026-05-24,05,0.0
Luce Cam Katlı Servis 21+28 cm Şeffaf,2249.99,Sofra,2026-05-24,05,0.0
Lucent Cam 3lü Bardak Şeffaf,224.99,Sofra,2026-05-24,05,0.0
Lucent Cam 3lü Cup 315 Ml Şeffaf,1999.99,Sofra,2026-05-24,05,0.0
Lucent Cam 3lü Sunumluk 145 ml Şeffaf,1999.99,Sofra,2026-05-24,05,0.0
Lucent Cam 4 Parça 2 Kişilik Kahve Fincan Takımı 102 ml Şeffaf,359.99,Sofra,2026-05-24,05,0.0
Lucent Cam Kase Şeffaf,3999.99,Sofra,2026-05-24,05,0.0
Lucent Cam Kupa 260 ml Şeffaf,749.99,Sofra,2026-05-24,05,0.0
Lucent Cam Pasta Tabağı 20 cm Şeffaf,1499.99,Sofra,2026-05-24,05,
Lucent Cam Çerezlik 11 cm Şeffaf,799.99,Sofra,2026-05-24,05,0.0
Lucent Cam Şekerlik 145 ml Şeffaf,749.99,Sofra,2026-05-24,05,0.0
Lucienne Kristal 6lı Kadeh 530 ml Şeffaf,1119.99,Sofra,2026-05-24,05,0.0
"Lulia Akasya-Cam 2li Tuzluk - Biberlik 4,5x8cm Şeffaf",479.99,Sofra,2026-05-24,05,0.0
Luly Cam Sunumluk 38x13x7 Cm Şeffaf,479.99,Sofra,2026-05-24,05,0.0
Luma Seramik 2li Tuzluk - Biberlik 6 cm Krem,1049.99,Sofra,2026-05-24,05,0.0
Luminous Cam 3 Parça Su Takımı 1000 ml + 315 ml Şeffaf,359.99,Sofra,2026-05-24,05,0.0
Luminous White Bone Porselen 4 Parça 2 Kişilik Çay Fincanı Takımı 180 ml Siyah-Beyaz-Gold,719.99,Sofra,2026-05-24,05,0.0
Lunara Porselen 18 Parça 6 Kişilik Çay-Kahve Takımı 170-90 ml Beyaz,1199.99,Sofra,2026-05-24,05,0.0
Lunara Porselen 4 Parça 2 Kişilik Kahve Fincan Takımı 90 ml Beyaz,2499.99,Sofra,2026-05-24,05,0.0
Lunara Porselen 4 Parça 2 Kişilik Kahve Fincanı 90 ml Beyaz - Yeşil,3499.0,Sofra,2026-05-24,05,0.0
Lunara Porselen 4 Parça 2 Kişilik Çay Fincanı Takımı 220 ml Beyaz,639.99,Sofra,2026-05-24,05,0.0
Lunara Porselen 4 Parça 2 Kişilik Çay Fincanı Takımı 220 ml Beyaz - Yeşil,4999.0,Sofra,2026-05-24,05,0.0
Lunara Porselen Kase Beyaz,1199.99,Sofra,2026-05-24,05,0.0
Lunara Porselen Kupa 350 ML Beyaz - Yeşil,749.99,Sofra,2026-05-24,05,0.0
Lunara Porselen Kupa 350 ml Beyaz,1499.99,Sofra,2026-05-24,05,0.0
Lunara Porselen Makarna Tabağı 27 cm Beyaz,1749.99,Sofra,2026-05-24,05,0.0
Lunara Porselen Pasta Tabağı 20 cm Beyaz,1499.99,Sofra,2026-05-24,05,0.0
Lunara Porselen Servis Tabağı 24 cm Beyaz,1999.99,Sofra,2026-05-24,05,0.0
Lunara Porselen Tabak Beyaz,1299.99,Sofra,2026-05-24,05,-25.714432653900882
Lunara Porselen Çerezlik 10 cm Beyaz,1299.99,Sofra,2026-05-24,05,0.0
Lusana Cam Başucu Sürahi Antrasit,1399.95,Sofra,2026-05-24,05,0.0
Lusana Cam Başucu Sürahi Mavi,1399.95,Sofra,2026-05-24,05,0.0
Lush Elegance Paslanmaz Çelik T.Çatal-Kaşık Set 4 Parça Gold,1999.99,Sofra,2026-05-24,05,0.0
Lush Pamuk Masa Örtüsü 140x200 cm Krem,539.99,Sofra,2026-05-24,05,0.0
Lush Paslanmaz Çelik Tatlı Kaşığı 4 Parça Gold,1299.99,Sofra,2026-05-24,05,0.0
Lustrado Cam Lüsterli Şişe 500 ml Renkli,223.99,Sofra,2026-05-24,05,0.0
Lustraze Cam 3lü Lüsterli Bardak 375 ml Renkli,2499.99,Sofra,2026-05-24,05,0.0
Lustre Cam Pasta Tabağı 20 cm Krem-Gold,1499.99,Sofra,2026-05-24,05,0.0
Lustrous Kristal 2li Bardak Şeffaf,279.99,Sofra,2026-05-24,05,0.0
Lustrous Kristal 2li Kadeh Şeffaf,319.99,Sofra,2026-05-24,05,0.0
Luxe Cam 6lı Çerezlik 9 cm Şeffaf,399.99,Sofra,2026-05-24,05,0.0
Luxe Flora Paslanmaz Çelik Tatlı Kaşığı 4 Parça Gold,1999.99,Sofra,2026-05-24,05,0.0
Luxe Keten Look Masa Örtüsü 150x200 cm Bej,1039.99,Sofra,2026-05-24,05,0.0
Luxe Keten Runner Bej,479.99,Sofra,2026-05-24,05,0.0
Luxe White Bone Porselen 4 Parça 2 Kişilik Kahve Fincan Takımı 90 ml Siyah-Beyaz-Gold,3499.99,Sofra,2026-05-24,05,0.0
Luz Bone Porselen Yemek Takımı 24 Parça 6 Kişilik Renkli,3999.99,Sofra,2026-05-24,05,0.0
Luzia Cam 3 Parça Karaf Şeffaf,799.99,Sofra,2026-05-24,05,0.0
Lydie Akasya-Cam Kek Fanusu 26 cm Şeffaf,1499.99,Sofra,2026-05-24,05,0.0
Mae Cam 4lü Cup - Dondurma Kasesi 270 ml Şeffaf,419.99,Sofra,2026-05-24,05,0.0
Maglieria Rafya 2li Peçete Halkası 6 cm Taba,749.95,Sofra,2026-05-24,05,0.0
"Malic Melamin Kaydırmaz Tepsi 20x28,5 cm Kırmızı",1749.99,Sofra,2026-05-24,05,0.0
Malic Seramik Pasta Tabağı 20 cm Renkli,1199.99,Sofra,2026-05-24,05,0.0
Mara Cam 2li Kase Şeffaf,1299.99,Sofra,2026-05-24,05,0.0
Mara Cam 2li Çerezlik Şeffaf,1499.99,Sofra,2026-05-24,05,0.0
Marcelo Porselen Kase 13 cm Beyaz,999.99,Sofra,2026-05-24,05,0.0
Marcelo Porselen Çerezlik Beyaz,899.99,Sofra,2026-05-24,05,0.0
Marcus Cam Su Şişesi 1000 ml Pembe,1299.99,Sofra,2026-05-24,05,0.0
Marcuss Cam Şişe 1000 ml Mavi,1749.99,Sofra,2026-05-24,05,0.0
Marin Symphony Runner 40x140 cm Beyaz - Lacivert,419.99,Sofra,2026-05-24,05,0.0
Marine Anchor Seramik Pasta Tabağı 16 cm Lacivert – Yeşil,999.99,Sofra,2026-05-24,05,0.0
Mariner Blues New Bone China Kupa 260 ml Mavi-yeşil,1249.99,Sofra,2026-05-24,05,0.0
Mariner Fishy New Bone China Kupa 260 ml Mavi - Kırmızı -Yeşil,1249.99,Sofra,2026-05-24,05,0.0
Mariner Parade New Bone China Kupa 260 ml Mavi - Kırmızı -Yeşil,1249.99,Sofra,2026-05-24,05,0.0
Mariner Sun Stoneware 6 Parça 3 Kişilik Fincan 150 ml Mavi-Kırmızı,479.99,Sofra,2026-05-24,05,0.0
Marinique Porselen Kayık Tabak Mavi-yeşil,329.99,Sofra,2026-05-24,05,0.0
Marinique Porselen Pasta Tabağı 23 cm Mavi-yeşil,2249.99,Sofra,2026-05-24,05,0.0
Marinova Porselen Kase Mavi-Beyaz,3249.99,Sofra,2026-05-24,05,0.0
Marinova Porselen Pasta Tabağı 23 cm Mavi-Beyaz,2249.99,Sofra,2026-05-24,05,0.0
Marinova Porselen Çerezlik Mavi-Beyaz,1499.99,Sofra,2026-05-24,05,0.0
Maritime Melody Melamin Kaydırmaz Tepsi 25x38 cm Beyaz - Lacivert,1499.99,Sofra,2026-05-24,05,0.0
Marivella New Bone China 4 Parça 2 Kişilik Kahve Fincan Takımı 100 ml Mavi,799.99,Sofra,2026-05-24,05,0.0
Marivella New Bone China Kupa 460 ml Mavi,799.99,Sofra,2026-05-24,05,0.0
Marivella New Bone China Yemek Takımı 24 Parça 6 Kişilik Mavi,4799.99,Sofra,2026-05-24,05,0.0
Marlin Bone Porselen Kahve Fincan Takımı 12 Parça 6 Kişilik Silver,719.99,Sofra,2026-05-24,05,0.0
Marlon Porselen Yemek Takımı 16 Parça 4 Kişilik Krem - Yeşil,7499.99,Sofra,2026-05-24,05,0.0
Martinez Bambu 4lü Amerikan Servis Bal,1999.99,Sofra,2026-05-24,05,0.0
Martinez Bambu 4lü Amerikan Servis Kahve,2249.99,Sofra,2026-05-24,05,0.0
Marvelous Bone Porselen Yemek Takımı 54 Parça 12 Kişilik Lacivert,59999.99,Sofra,2026-05-24,05,0.0
Maya Cam Çerezlik 13 cm Gold,799.99,Sofra,2026-05-24,05,0.0
Meadow Masa Örtüsü 145x200 cm Beyaz - Mavi,6499.99,Sofra,2026-05-24,05,0.0
Meghan Cam 2li Kadeh Antrasit,395.99,Sofra,2026-05-24,05,0.0
Melie Cam Şişe 1000 ml Pembe,1399.99,Sofra,2026-05-24,05,0.0
Melie Cam Şişe Mavi,1499.99,Sofra,2026-05-24,05,0.0
Merci Seramik Kupa 260 ml Yeşil,1499.99,Sofra,2026-05-24,05,0.0
Merion Cam Şişe 1000 ml Şeffaf,199.99,Sofra,2026-05-24,05,0.0
Mica Cam Kase,799.95,Sofra,2026-05-24,05,0.0
Mika Porselen Kahve Fincan Takımı 4 Parça 2 Kişilik Siyah,1499.99,Sofra,2026-05-24,05,0.0
Mika Porselen Kahve Fincan Takımı 4 Parça 2 Kişilik Yeşil,1749.99,Sofra,2026-05-24,05,0.0
Mile Seramik Pasta Tabağı 20 cm Gri,849.99,Sofra,2026-05-24,05,0.0
Mile Seramik Çerezlik 13 cm Gri,799.95,Sofra,2026-05-24,05,0.0
Miny Cam Kapaklı Sunumluk Şeffaf,519.99,Sofra,2026-05-24,05,0.0
Miny Cam Pasta Tabağı Şeffaf,999.99,Sofra,2026-05-24,05,0.0
Miny Cam Salata Kasesi Şeffaf,279.99,Sofra,2026-05-24,05,0.0
Miny Cam Çerezlik,799.95,Sofra,2026-05-24,05,0.0
Miny Cam Çerezlik Şeffaf,159.99,Sofra,2026-05-24,05,0.0
Mira Porselen 4 Parça 2 Kişilik Kahve Fincan Takımı 80 ml Yeşil,1499.99,Sofra,2026-05-24,05,0.0
Miraca Seramik Kase Krem,799.95,Sofra,2026-05-24,05,0.0
Miracle Cam 2li Bardak 235 ml Mavi - Yeşil,2999.99,Sofra,2026-05-24,05,0.0
Mirage Cam 3lü Bardak Şeffaf-Gold,319.99,Sofra,2026-05-24,05,0.0
Mirage Cam 3lü Kadeh Şeffaf-Gold,449.99,Sofra,2026-05-24,05,0.0
Mistral Borosilikat Cam Çift Cidarlı Kupa Şeffaf,1499.99,Sofra,2026-05-24,05,0.0
Mix Me 3 Parça Servis Seti 32 cm Kırmızı,1499.99,Sofra,2026-05-24,05,0.0
Mix Me 3 Parça Servis Seti Yeşil,1299.99,Sofra,2026-05-24,05,0.0
Mixed Lines Porselen Kahve Fincan Takımı Renkli,2499.99,Sofra,2026-05-24,05,0.0
Modern Cube Bone Porselen Kahve Fincan Takımı 4 Parça 2 Kişilik Sarı,319.99,Sofra,2026-05-24,05,0.0
Modern Cube Bone Porselen Kahve Fincan Takımı 4 Parça 2 Kişilik Turuncu,1899.99,Sofra,2026-05-24,05,0.0
Modern Cube Bone Porselen Kahve Fincan Takımı 4 Parça 2 Kişilik Yeşil,1949.99,Sofra,2026-05-24,05,0.0
Modern Cube Bone Porselen Pasta Tabağı 20 cm Yeşil,849.95,Sofra,2026-05-24,05,0.0
"Molly Cam Meşrubatlık 3,5L Şeffaf",1039.99,Sofra,2026-05-24,05,0.0
Molten Cam Şişe Mavi,1499.99,Sofra,2026-05-24,05,0.0
Monarch Porselen Kase Siyah - Beyaz,359.99,Sofra,2026-05-24,05,0.0
Monarch Porselen Kayık Tabak 30 cm Siyah - Beyaz,279.99,Sofra,2026-05-24,05,0.0
Monarch Porselen Pasta Tabağı 19 cm Siyah - Beyaz,1299.99,Sofra,2026-05-24,05,0.0
Monarch Porselen Servis Tabağı 25 cm Siyah - Beyaz,1249.99,Sofra,2026-05-24,05,0.0
Monarch Porselen Çukur Tabak 19 cm Siyah - Beyaz,1299.99,Sofra,2026-05-24,05,0.0
Monica Cam 12 Parça 6 Kişilik Çay Seti 80 ml Gold,9999.99,Sofra,2026-05-24,05,0.0
Mood Cups New Bone China 8 Parça 4 Kişilik Kahve Fincan Takımı 90 ml Renkli,5999.99,Sofra,2026-05-24,05,0.0
Moonlit Porselen 12 Parça 6 Kişilik Kahve Fincan Takımı 90 ml Beyaz-Gold,1439.99,Sofra,2026-05-24,05,0.0
Mossia Seramik Bardak Altlığı 10.8x0.8 cm Beyaz - Yeşil,1149.95,Sofra,2026-05-24,05,0.0
Mossica Melamin Tepsi 24x14 cm Yeşil,1149.95,Sofra,2026-05-24,05,0.0
My Bottle Cam Şişe 750 ml Antrasit,1499.99,Sofra,2026-05-24,05,0.0
Myla Cam Kayık Tabak 47x17 cm Gold,719.99,Sofra,2026-05-24,05,0.0
Mystic Eyes New Bone China Kupa 425 ml Gold,479.99,Sofra,2026-05-24,05,0.0
Mystic Look New Bone China Kupa 425 ml Gold,1749.99,Sofra,2026-05-24,05,0.0
Nami Porselen 4 Parça 2 Kişilik Kahve Fincan Takımı 80 ml Yeşil,1749.99,Sofra,2026-05-24,05,0.0
Nautical Emaye Katlı Servis 21x29 cm Mavi,4299.99,Sofra,2026-05-24,05,0.0
Navy Ajurlu Masa Örtüsü 150x200 cm Krem,809.99,Sofra,2026-05-24,05,0.0
Navy Ajurlu Masa Örtüsü 150x200 cm Siyah,719.99,Sofra,2026-05-24,05,0.0
New Year Joy Metal Tepsi 35x23 cm Yeşil,1149.99,Sofra,2026-05-24,05,0.0
Nimbus Seramik 2li Tuzluk - Biberlik 14x8 cm Beyaz,224.99,Sofra,2026-05-24,05,0.0
Nish Cam Başucu Sürahi 750 ml + 200 ml Şeffaf,2999.99,Sofra,2026-05-24,05,0.0
Nixie Flowery Porselen 12 Parça 6 Kişilik Kahve Fincan Takımı 80 ml Yeşil-Mavi,629.99,Sofra,2026-05-24,05,0.0
Nixie Porselen 4 Parça 2 Kişilik Kahve Fincan Takımı 80 ml Yeşil-Mavi,1499.99,Sofra,2026-05-24,05,0.0
Noble Metal İkram Tepsisi 35 cm Silver,479.99,Sofra,2026-05-24,05,0.0
Noctara Cam 4 Parça 2 Kişilik Çay Seti 165 ml Kahverengi-Gold,2499.99,Sofra,2026-05-24,05,0.0
Noctis Cam 2li Tuzluk - Biberlik 6x9 cm Şeffaf,2499.99,Sofra,2026-05-24,05,0.0
Nostalgia Porselen 4 Parça 2 Kişilik Kahve Fincan Takımı 90 ml Mavi-Sarı,3999.99,Sofra,2026-05-24,05,0.0
Nour Masa Örtüsü 145x200 cm Gold,629.99,Sofra,2026-05-24,05,0.0
Nour Runner 45x145 cm Gold,2499.99,Sofra,2026-05-24,05,0.0
Nour Runner 45x145 cm Silver,1999.99,Sofra,2026-05-24,05,0.0
Nova Cam Pasta Tabağı 22 cm Siyah-Gold,999.99,Sofra,2026-05-24,05,0.0
Nova Cam Servis Tabağı 28 cm Siyah-Gold,1249.99,Sofra,2026-05-24,05,0.0
Nova Cam Çerezlik 14 cm Siyah-Gold,1299.99,Sofra,2026-05-24,05,0.0
Nura Cam Şişe 450 ml Şeffaf,1199.99,Sofra,2026-05-24,05,0.0
Octavia Borosilikat-Akasya 2li Tuzluk - Biberlik 6x8 cm Şeffaf,479.99,Sofra,2026-05-24,05,0.0
"Octaviana Akasya-Cam 2li Tuzluk - Biberlik 4,5x8cm Yeşil",559.99,Sofra,2026-05-24,05,0.0
Olith Cam Kase Mavi,999.99,Sofra,2026-05-24,05,0.0
Olith Cam Kase Yeşil,999.99,Sofra,2026-05-24,05,0.0
Olith Cam Pasta Tabağı Mavi,999.99,Sofra,2026-05-24,05,0.0
Olith Cam Çerezlik Yeşil,999.99,Sofra,2026-05-24,05,0.0
Olivia Akrilik Kırılmaz Bardak Şeffaf,899.99,Sofra,2026-05-24,05,0.0
Opal Seramik Kahvaltı Takımı 10 parça 4 kişilik Yeşil,1039.99,Sofra,2026-05-24,05,0.0
Opalin 4lü Bardak Altlığı 14 cm Beyaz - Kırmızı,1499.99,Sofra,2026-05-24,05,0.0
Ophelia Porselen Kase Mavi-Beyaz,999.99,Sofra,2026-05-24,05,0.0
Ophelia Porselen Kayık Tabak Mavi-Beyaz,999.99,Sofra,2026-05-24,05,0.0
Ophelia Porselen Çerezlik Mavi-Beyaz,799.99,Sofra,2026-05-24,05,0.0
Optimus Borosilikat Cam Sürahi 1400 ml Şeffaf,479.99,Sofra,2026-05-24,05,0.0
Orange Carny Bone Porselen Kase 15 cm Turuncu-Mavi,1499.99,Sofra,2026-05-24,05,0.0
Orange Seramik Bardak Altlığı 11 cm Yeşil,999.99,Sofra,2026-05-24,05,0.0
Orangeis Tepsi Beyaz - Turuncu,1749.99,Sofra,2026-05-24,05,0.0
Oria Cam 6lı Cup - Dondurma Kasesi,4999.99,Sofra,2026-05-24,05,0.0
Orient Akasya Sunumluk Koyu Kahverengi,479.99,Sofra,2026-05-24,05,0.0
Orlian Cam Şişe 1000 ml Şeffaf,1249.99,Sofra,2026-05-24,05,0.0
Orphia Cam 2li Tuzluk - Biberlik 6x9 cm Şeffaf,2499.99,Sofra,2026-05-24,05,0.0
Orvin Porselen 4 Parça 2 Kişilik Kahve Fincan Takımı 90 ml Gümüş,639.99,Sofra,2026-05-24,05,0.0
Oyster Cam Bardak 400 ml Mavi,899.99,Sofra,2026-05-24,05,0.0
Palette Cam 3lü Bardak 230 ml Renkli,2249.99,Sofra,2026-05-24,05,0.0
Palle Cam Tuzluk - Biberlik 11 Cm,1999.99,Sofra,2026-05-24,05,0.0
Pantherra Seramik Bardak Altlığı 11 cm Kahverengi,1499.99,Sofra,2026-05-24,05,0.0
Pappi Porselen Kahve Fincan Takımı 4 Parça 2 Kişilik Mavi,1749.99,Sofra,2026-05-24,05,0.0
Paradise Cam 3lü Bardak 425 ml Şeffaf,1249.99,Sofra,2026-05-24,05,0.0
Paradise Cam 3lü Kadeh 350 ml Şeffaf,359.99,Sofra,2026-05-24,05,0.0
Parma Porselen Yemek Takımı 12 Parça 4 Kişilik Silver,1599.99,Sofra,2026-05-24,05,0.0
Parsley Cam 4lü Bardak 425 ml Yeşil,2499.99,Sofra,2026-05-24,05,0.0
Parsley New Bone China Bardak 230 ml Beyaz - Yeşil,999.99,Sofra,2026-05-24,05,0.0
Party Splash Cam 3lü Standlı Kokteyl Bardak 34 ml Renkli,2499.99,Sofra,2026-05-24,05,
Pastel Dream Porselen 4lü Pasta Seti 20 cm Renkli,2999.99,Sofra,2026-05-24,05,0.0
Pear Seramik Pasta Tabağı 20 cm Renkli,1199.99,Sofra,2026-05-24,05,0.0
Pearl Plastik Rattan Kek Standı 30 cm Açık Kahverengi,719.99,Sofra,2026-05-24,05,0.0
Pearly Cam Şişe 1250 ml Koyu Yeşil,1499.99,Sofra,2026-05-24,05,0.0
Pearly Cam Şişe 1250 ml Şeffaf,209.99,Sofra,2026-05-24,05,0.0
Pearly Cam Şişe Mavi,1499.99,Sofra,2026-05-24,05,0.0
Peble Cam Şişe Şeffaf,1499.99,Sofra,2026-05-24,05,0.0
Pecan Masa Örtüsü 145x200 cm Bej-Kahverengi,899.99,Sofra,2026-05-24,05,0.0
Pecan Runner 40x140 cm Bej-Kahverengi,1499.99,Sofra,2026-05-24,05,0.0
Pelia New Bone China Bardak Altlıklı Kupa 380 ml Pembe,2499.99,Sofra,2026-05-24,05,0.0
Perfection Masa Örtüsü 145x200 cm Lacivert,989.99,Sofra,2026-05-24,05,0.0
Petal Cam Çerezlik 12 cm Gold,999.99,Sofra,2026-05-24,05,0.0
Petal Dreams Melamin 2’li Kaydırmaz Tepsi 33-24 cm Pembe - Yeşil,479.99,Sofra,2026-05-24,05,0.0
Petal Haven Bone Porselen 4 Parça 2 Kişilik Kahve Fincan Takımı 90 ml Yeşil,399.99,Sofra,2026-05-24,05,0.0
Petal Parade Porselen Kahvaltı ve Sunum Seti 15 Parça 6 Kişilik Renkli,19999.99,Sofra,2026-05-24,05,0.0
Petite New Bone China Kase 23 cm Renkli,3250.0,Sofra,2026-05-24,05,0.0
Petite Seramik Kahvaltı Takımı 14 parça 6 kişilik Renkli,7499.99,Sofra,2026-05-24,05,0.0
Phoebe Cappucino New Bone China Kupa 200 ml Lacivert,1499.99,Sofra,2026-05-24,05,0.0
Phoebe Cappucino New Bone China Kupa 200 ml Yeşil,1499.99,Sofra,2026-05-24,05,0.0
Phoebe Latte New Bone China Kupa 200 ml Krem,209.99,Sofra,2026-05-24,05,0.0
Phoebe New Bone China 2 Parça 2 Kişilik Espresso Fincan 90 ml Lacivert - Krem,1749.99,Sofra,2026-05-24,05,0.0
Phoebe New Bone China 4 Parça 2 Kişilik Kahve Fincan Takımı 90 ml Lacivert - Krem,3499.99,Sofra,2026-05-24,05,0.0
Pia Porselen Kahve Fincan Takımı 4 Parça 2 Kişilik Mavi,1499.99,Sofra,2026-05-24,05,0.0
Pico Cam Ahşap Kapaklı 4 Bölmeli Kahvaltılık 21x21 cm Şeffaf,4999.99,Sofra,2026-05-24,05,0.0
Pico Lines Porselen 12 Parça 6 Kişilik Kahve Fincan Takımı 80 ml Lacivert-Kırmızı,629.99,Sofra,2026-05-24,05,0.0
Pico Porselen 4 Parça 2 Kişilik Kahve Fincan Takımı 80 ml Lacivert-Kırmızı,1499.99,Sofra,2026-05-24,05,0.0
Pine Tree Dolomite Kupa Koyu Yeşil,699.99,Sofra,2026-05-24,05,0.0
Pineglow Amerikan Servis 38 cm Yeşil,1499.99,Sofra,2026-05-24,05,0.0
Pixel Porselen Pasta Tabağı 4lü Renkli,3999.99,Sofra,2026-05-24,05,0.0
Pixel Porselen Yemek Takımı 12 Parça 4 Kişilik Renkli,12499.99,Sofra,2026-05-24,05,0.0
Plaina Pvc 4lü Amerikan Servis 30x45 cm Açık Mint,1499.99,Sofra,2026-05-24,05,0.0
Plantopia Emaye Tepsi 31 cm Yeşil,899.99,Sofra,2026-05-24,05,0.0
Plantopia Melamin 4lü Cam Kapaklı Kahvaltılık 30x21 cm Koyu Yeşil,639.99,Sofra,2026-05-24,05,0.0
Plantopia Melamin 6lı Cam Kapaklı Kahvaltılık 39x21 cm Beyaz - Yeşil,5999.99,Sofra,2026-05-24,05,0.0
Plantopia Porselen Kayık Tabak 17x10 cm Beyaz - Yeşil,1499.99,Sofra,2026-05-24,05,0.0
Plantopia Porselen Kayık Tabak 18x14 cm Yeşil,1499.99,Sofra,2026-05-24,05,0.0
Plantopia Porselen Kayık Tabak Lacivert-Yeşil,1749.99,Sofra,2026-05-24,05,0.0
Plantopia Porselen Kayık Tabak Sarı-Yeşil,1499.99,Sofra,2026-05-24,05,0.0
Plantopia Porselen Pasta Tabağı 15 cm Beyaz - Lacivert,1249.99,Sofra,2026-05-24,05,0.0
Plantopia Porselen Yemek Takımı 24 Parça 6 Kişilik Bordo,17499.99,Sofra,2026-05-24,05,0.0
Plantopia Porselen Yemek Takımı 24 Parça 6 Kişilik Yeşil,3149.99,Sofra,2026-05-24,05,0.0
Plantopia Porselen Çerezlik 11 cm Koyu Yeşil,1299.99,Sofra,2026-05-24,05,0.0
Plantopia Porselen Çerezlik 11 cm Yeşil,1299.99,Sofra,2026-05-24,05,0.0
Plantopia Porselen Çerezlik 9 cm Lacivert-Yeşil,999.99,Sofra,2026-05-24,05,0.0
Plantopia Porselen Çerezlik 9 cm Sarı-Yeşil,999.99,Sofra,2026-05-24,05,0.0
Plantopia Porselen Çerezlik Beyaz - Yeşil,1299.99,Sofra,2026-05-24,05,0.0
Playful Loop Seramik Kupa 350 ml Kırmızı-Pembe,1499.99,Sofra,2026-05-24,05,0.0
Playful Rust Seramik Kupa 350 ml Turuncu-Mavi,1249.99,Sofra,2026-05-24,05,0.0
Playful Twist Seramik Kupa 350 ml Sarı-Turuncu,1249.99,Sofra,2026-05-24,05,0.0
Point Seramik Kahvaltı Takımı 14 parça 6 kişilik Renkli,1199.99,Sofra,2026-05-24,05,0.0
Positive Seramik Kupa 260 ml Renkli,1499.99,Sofra,2026-05-24,05,0.0
Preston Nova Porselen Yemek Takımı 24 Parça 6 Kişilik Mavi,14999.99,Sofra,2026-05-24,05,0.0
Preston Nova Porselen Yemek Takımı 24 Parça 6 Kişilik Yeşil,14999.99,Sofra,2026-05-24,05,0.0
Preston Stoneware Kayık Tabak Bordo,1519.99,Sofra,2026-05-24,05,0.0
Pretty Home Dolomite Kupa Renkli,799.99,Sofra,2026-05-24,05,0.0
Prime Borosilikat Cam Sürahi 1400 ml Şeffaf,559.99,Sofra,2026-05-24,05,0.0
Pura Cam Şişe 450 ml Şeffaf,1199.99,Sofra,2026-05-24,05,0.0
Pure Flower Porselen Kupa Açık Mavi,1299.99,Sofra,2026-05-24,05,0.0
Pure Flower Porselen Kupa Küf Yeşili,1299.99,Sofra,2026-05-24,05,0.0
Pure Paslanmaz Çelik Çatal Kaşık Bıçak Takımı 18 Parça 6 Kişilik Krem,7499.99,Sofra,2026-05-24,05,0.0
Pure Porselen Yemek Takımı 21 Parça 6 Kişilik Beyaz,17499.99,Sofra,2026-05-24,05,0.0
Purepetal New Bone China 4 Parça 2 Kişilik Cam Tabaklı Kahve Fincan Takımı 80 ml Yeşil,629.99,Sofra,2026-05-24,05,0.0
"Puries Cam Lokumluk Şekerlik 6,5x5,5x7 cm Şeffaf",1149.95,Sofra,2026-05-24,05,0.0
Rabecca New Bone China Kahve Fincan Takımı 4 Parça 2 Kişilik Kırmızı,539.99,Sofra,2026-05-24,05,0.0
Rabecca New Bone China Kahve Fincan Takımı 4 Parça 2 Kişilik Lacivert,539.99,Sofra,2026-05-24,05,0.0
Rabecca New Bone China Kahve Fincan Takımı 4 Parça 2 Kişilik Pembe,2999.99,Sofra,2026-05-24,05,0.0
Rabecca New Bone China Kahve Fincan Takımı 4 Parça 2 Kişilik Siyah,539.99,Sofra,2026-05-24,05,0.0
Rabecca New Bone China Kahve Fincan Takımı 4 Parça 2 Kişilik Yeşil,2999.99,Sofra,2026-05-24,05,0.0
Rachel Cam 12 Parça 6 Kişilik Çay Seti 135 ml Şeffaf,1079.99,Sofra,2026-05-24,05,0.0
Ramona Cam 3lü Bardak Pembe - Mavi,2249.99,Sofra,2026-05-24,05,0.0
Raphael Akasya-Cam Kek Fanusu 25 cm Şeffaf,1399.99,Sofra,2026-05-24,05,0.0
Rapture Porselen 4 Parça 2 Kişilik Kahve Fincan Takımı 80 ml Mavi,1999.99,Sofra,2026-05-24,05,0.0
Reflection Metal Kapaklı Sunumluk Silver,479.99,Sofra,2026-05-24,05,0.0
Reflection Metal İkram Tepsisi 32x17 cm Gold-Silver,3999.99,Sofra,2026-05-24,05,0.0
Refresh Bottle Cam Kılıflı Şişe 600 ml Pembe,1499.99,Sofra,2026-05-24,05,0.0
Refresh Bottle Cam Kılıflı Şişe 600 ml Turuncu,1399.99,Sofra,2026-05-24,05,0.0
Refresh Bottle Cam Kılıflı Şişe 750 ml Mor,1499.99,Sofra,2026-05-24,05,0.0
Refresh Bottle Cam Kılıflı Şişe 750 ml Pudra,1499.99,Sofra,2026-05-24,05,0.0
Refresh Bottle Cam Kılıflı Şişe Siyah,1499.99,Sofra,2026-05-24,05,0.0
Regal Cam Kek Standı 25 cm Siyah-Gold,479.99,Sofra,2026-05-24,05,0.0
Reina Cam El Yapımı 2li Kadeh Şeffaf-Gold,2249.99,Sofra,2026-05-24,05,0.0
Reina Cam El Yapımı 2’li Meşrubat Bardağı Pudra,2199.99,Sofra,2026-05-24,05,0.0
Remixy Seramik 2li Kahve Fincan Takımı 110 ml Mavi,1999.99,Sofra,2026-05-24,05,0.0
Remixy Seramik 2li Kahve Fincan Takımı 110 ml Yeşil,1999.99,Sofra,2026-05-24,05,0.0
Remixy Seramik 2li Çay Fincanı Takımı 184 ml Bordo,2499.99,Sofra,2026-05-24,05,0.0
Remixy Seramik 2li Çay Fincanı Takımı 184 ml Mavi,399.99,Sofra,2026-05-24,05,0.0
Retro Charm New Bone China Servis Tabağı 27 cm Beyaz - Mavi,1499.99,Sofra,2026-05-24,05,0.0
Retro Hearty New Bone China Kase 10 cm Beyaz - Mavi,1250.0,Sofra,2026-05-24,05,0.0
Retro Paisley New Bone China Kayık Tabak 26 cm Beyaz - Mavi,1750.0,Sofra,2026-05-24,05,0.0
Retro Paisley New Bone China Pasta Tabağı 18 cm Beyaz - Mavi,1499.99,Sofra,2026-05-24,05,0.0
Retro Paisley New Bone China Servis Tabağı 27 cm Beyaz - Mavi,2499.99,Sofra,2026-05-24,05,0.0
Retro Petite New Bone China Kase Renkli,1500.0,Sofra,2026-05-24,05,0.0
Retro Plaid Emaye Tepsi Lacivert – Yeşil,2499.99,Sofra,2026-05-24,05,0.0
Retro Pure Emaye Katlı Servis 21x29 cm Pembe - Yeşil,3999.99,Sofra,2026-05-24,05,0.0
Retro Realm New Bone China Pasta Tabağı 18 cm Beyaz - Turuncu,1500.0,Sofra,2026-05-24,05,0.0
Retro Rosy New Bone China Kayık Tabak 17 cm Beyaz - Turuncu,1250.0,Sofra,2026-05-24,05,0.0
Retro Seramik Kahvaltı Takımı 10 parça 4 kişilik Renkli,6749.99,Sofra,2026-05-24,05,0.0
Retro Seramik Pasta Seti 13 parça 6 kişilik Renkli,9999.99,Sofra,2026-05-24,05,0.0
"Rhenys Cam Ahşap Ayaklı Kase 19,5 cm Şeffaf",639.99,Sofra,2026-05-24,05,0.0
Ribbon Joy Cam 2li Bardak 380 ml Kırmızı - Yeşil,1149.99,Sofra,2026-05-24,05,0.0
Ribbon Joy Masa Örtüsü 150x200 cm Yeşil-Beyaz,639.99,Sofra,2026-05-24,05,0.0
Ribbon Joy Runner 40x140 cm Yeşil-Beyaz,439.99,Sofra,2026-05-24,05,0.0
Ricco Cam Ahşap Kapaklı 4 Bölmeli Kahvaltılık 21x21 cm Renkli,1199.99,Sofra,2026-05-24,05,0.0
Riley Cam Çerezlik Pembe,999.99,Sofra,2026-05-24,05,0.0
Ring Borosilikat Cam Kupa Mavi,1499.99,Sofra,2026-05-24,05,0.0
Ring Borosilikat Cam Kupa Yeşil,1499.99,Sofra,2026-05-24,05,0.0
Ripple Cam 3 Parça Su Takımı 1200 ml + 220 ml Şeffaf,639.99,Sofra,2026-05-24,05,0.0
Rolena %50 Pamuk %50 Jüt 2li Amerikan Servis 35 cm Krem,1749.99,Sofra,2026-05-24,05,0.0
Rolly Cam Şekerlik,1749.99,Sofra,2026-05-24,05,0.0
Romance Porselen Kahvaltı Takımı 12 Parça 6 Kişilik Kırmızı-Siyah,7999.99,Sofra,2026-05-24,05,0.0
Rootix Cam 3lü Cup 300 ml Yeşil,2499.99,Sofra,2026-05-24,05,0.0
Rosalie New Bone China 4 Parça 2 Kişilik Kahve Fincan Takımı 100 ml Renkli,4999.99,Sofra,2026-05-24,05,0.0
Rosalie New Bone China Kupa 460 ml Renkli,599.99,Sofra,2026-05-24,05,0.0
"Roselle Rattan Sunumluk 26x10,5 cm Kahverengi",1999.99,Sofra,2026-05-24,05,0.0
Roselle Seramik 4lü Pasta Seti 16 cm Renkli,2999.99,Sofra,2026-05-24,05,0.0
Rosen Porselen Yemek Takımı 24 Parça 6 Kişilik Lacivert,17499.99,Sofra,2026-05-24,05,0.0
Rosewood Melamin Kaydırmaz Tepsi 27x36 cm Kırmızı,2499.99,Sofra,2026-05-24,05,0.0
Rosy Life Melamin Kaydırmaz 2li Tepsi 33-24 cm Renkli,489.99,Sofra,2026-05-24,05,0.0
Rova Cam Şişe 1800 ml Antrasit,1749.99,Sofra,2026-05-24,05,0.0
Royal Rose Cam Dekoratif Tepsi Gold,3999.99,Sofra,2026-05-24,05,0.0
Royals New Bone China 4 Parça 2 Kişilik Kahve Fincan Takımı 90 ml Mavi,3999.99,Sofra,2026-05-24,05,0.0
Royals New Bone China 4 Parça 2 Kişilik Kahve Fincan Takımı 90 ml Vizon,639.99,Sofra,2026-05-24,05,0.0
"Rustic Iroco Peçete Halkası 3,5x4 Cm Kahverengi",999.99,Sofra,2026-05-24,05,0.0
Rustic Porselen Pasta Seti 7 parça 6 kişilik Renkli,4999.99,Sofra,2026-05-24,05,0.0
Rustique Akasya Sunumluk Kahverengi,909.99,Sofra,2026-05-24,05,0.0
Ruth Pamuk Runner 35x145 Cm Bej,2249.99,Sofra,2026-05-24,05,0.0
Safari Pipetli Bardak Yeşil,999.99,Sofra,2026-05-24,05,0.0
Sage Garden Bone Porselen 4 Parça 2 Kişilik Kahve Fincan Takımı 90 ml Yeşil,439.99,Sofra,2026-05-24,05,0.0
Sailor Lines Pvc 4lü Amerikan Servis 30x45 cm Lacivert-Beyaz,1499.99,Sofra,2026-05-24,05,0.0
Sanitary Borosilikat Şişe 550 ml Mavi,1749.99,Sofra,2026-05-24,05,0.0
Sanitary Borosilikat Şişe 550 ml Pembe,1749.99,Sofra,2026-05-24,05,0.0
Santos Borosilikat 2li Çift Cidarlı Bardak Şeffaf,239.99,Sofra,2026-05-24,05,0.0
Savanna Jüt 2li Amerikan Servis 38 cm Mavi-Bej,1299.99,Sofra,2026-05-24,05,0.0
Seafish Cam Bardak Mavi,1249.99,Sofra,2026-05-24,05,0.0
Seashell Stoneware 2li Tuzluk - Biberlik 8x5x7 cm Beyaz,1999.99,Sofra,2026-05-24,05,0.0
Seaside Emaye Tepsi 31 cm Beyaz - Mavi,500.0,Sofra,2026-05-24,05,0.0
Seaside Whispers Masa Örtüsü 150x200 cm Beyaz - Lacivert,899.99,Sofra,2026-05-24,05,0.0
Secret Garden Opal Masa Örtüsü 140x200 cm Renkli,629.99,Sofra,2026-05-24,05,0.0
Sedona New Bone China 4 Parça 2 Kişilik Çay Fincanı Takımı 230 ml Kahverengi,3999.99,Sofra,2026-05-24,05,0.0
Selene Porselen 4 Parça 2 Kişilik Kahve Fincan Takımı 80 ml Mavi,559.99,Sofra,2026-05-24,05,0.0
Selene Porselen 4 Parça 2 Kişilik Kahve Fincan Takımı 80 ml Sarı,479.99,Sofra,2026-05-24,05,0.0
Selly Cam 5 Parça Su Takımı 1000 ml + 380 ml Şeffaf,2499.99,Sofra,2026-05-24,05,0.0
Seraphic Cam Pasta Tabağı 19 cm Gold,999.99,Sofra,2026-05-24,05,0.0
Serenade Bone Porselen 4 Parça 2 Kişilik Kahve Fincan Takımı 90 ml Mavi Gold,2999.99,Sofra,2026-05-24,05,0.0
Serenade Bone Porselen 4 Parça 2 Kişilik Kahve Fincan Takımı 90 ml Pembe - Gold,2999.99,Sofra,2026-05-24,05,0.0
Serenade Bone Porselen 4 Parça 2 Kişilik Kahve Fincan Takımı 90 ml Yeşil-Gold,2999.99,Sofra,2026-05-24,05,0.0
Serene Bambu 4lü Amerikan Servis 30x45 cm Siyah-Krem,1999.99,Sofra,2026-05-24,05,0.0
"Serene Calm Cam Şekerlik 9x9,5x7,5 cm Şeffaf",1499.99,Sofra,2026-05-24,05,0.0
Serenika Pamuk Runner 40x140 cm Beyaz - Yeşil,439.99,Sofra,2026-05-24,05,0.0
Serenity Blue Bone Porselen Yemek Takımı 24 Parça 6 Kişilik Lacivert,3999.99,Sofra,2026-05-24,05,0.0
Serina Seramik Bardak Altlığı 10.8x0.8 cm Beyaz - Yeşil,1149.95,Sofra,2026-05-24,05,0.0
Seris Bone Porselen 4 Parça 2 Kişilik Kahve Fincan Takımı 90 ml Pembe - Sarı,439.99,Sofra,2026-05-24,05,0.0
Shape Porselen Yemek Takımı 8 Parça 2 Kişilik Beyaz,799.99,Sofra,2026-05-24,05,0.0
Shelltide Masa Örtüsü 150x200 cm Beyaz - Mavi,639.99,Sofra,2026-05-24,05,0.0
Shelltide Seramik Kase 15 cm Mavi-yeşil,699.99,Sofra,2026-05-24,05,0.0
Shellwave Porselen 4lü Pasta Seti 19 cm Lacivert-Beyaz,479.99,Sofra,2026-05-24,05,0.0
Shellwave Runner 40x140 cm Beyaz - Mavi,2249.99,Sofra,2026-05-24,05,0.0
Shimmer Borosilikat Çift Cidarlı Bardak 400 ml Gold,1749.99,Sofra,2026-05-24,05,0.0
Shimmer Borosilikat Çift Cidarlı Bardak 400 ml Silver,1749.99,Sofra,2026-05-24,05,0.0
Shimmer Masa Örtüsü 150x240 cm Gold,1039.99,Sofra,2026-05-24,05,0.0
Shimmer Masa Örtüsü 150x240 cm Silver,6499.99,Sofra,2026-05-24,05,0.0
Shimmer Runner Gold,1399.95,Sofra,2026-05-24,05,0.0
Shimmer Runner Silver,1499.99,Sofra,2026-05-24,05,0.0
Shinea Cam 3 Parça Su Takımı 1000 ml + 315 ml Renkli,399.99,Sofra,2026-05-24,05,0.0
Shiny Cam Bardak Altlığı 10 cm Şeffaf,1149.95,Sofra,2026-05-24,05,0.0
Shiny Metal Sunum Tepsisi Gold,319.99,Sofra,2026-05-24,05,0.0
Shiny Metal Sunum Tepsisi Gümüş,319.99,Sofra,2026-05-24,05,0.0
Shoreline Seramik Kayık Tabak 22 cm Mavi-yeşil,999.99,Sofra,2026-05-24,05,0.0
"Shoreline Seramik Çukur Tabak 19,5 cm Mavi-yeşil",999.99,Sofra,2026-05-24,05,0.0
Siana Cam Kase Gold,999.99,Sofra,2026-05-24,05,0.0
Siana Cam Katlı Servis Gold,479.99,Sofra,2026-05-24,05,0.0
Siana Cam Kek Standı 28 cm Gold,479.99,Sofra,2026-05-24,05,0.0
Siana Cam Pasta Tabağı 21 cm Gold,1499.99,Sofra,2026-05-24,05,0.0
Side Seramik 2 Parça 1 Kişilik Çay Fincanı 225 ml Krem - Taş,2499.99,Sofra,2026-05-24,05,0.0
Simple Bloom Opal Masa Örtüsü 140x200 cm Renkli,559.99,Sofra,2026-05-24,05,0.0
Simple Seramik Kupa 270 ml Bej,1149.95,Sofra,2026-05-24,05,0.0
Simple Seramik Kupa 270 ml Mavi,1149.95,Sofra,2026-05-24,05,0.0
Simple Seramik Kupa 270 ml Yeşil,999.99,Sofra,2026-05-24,05,0.0
Simplex Metal Tepsi 37 cm Krem,2249.99,Sofra,2026-05-24,05,0.0
Simplex Metal Tepsi 37 cm Kırmızı,2249.99,Sofra,2026-05-24,05,0.0
Smile Stoneware Kupa 395 ml Açık Yeşil,279.99,Sofra,2026-05-24,05,0.0
Smooth Fringes Pamuk Runner Bordo,1399.95,Sofra,2026-05-24,05,0.0
Snowman Seramik 2li Tuzluk - Biberlik 9x6 cm Beyaz - Yeşil,559.99,Sofra,2026-05-24,05,0.0
So Blessed New Bone China Bardak Altlıklı Kupa 450 ml Beyaz,2249.99,Sofra,2026-05-24,05,0.0
Soft Cam Sunumluk 18x9x1 Cm Şeffaf,999.99,Sofra,2026-05-24,05,0.0
Soft Dream New Bone China Kupa 250 ml Açık Mavi,1249.99,Sofra,2026-05-24,05,0.0
Soft Dream New Bone China Kupa 250 ml Açık Pembe,1249.99,Sofra,2026-05-24,05,0.0
Soft Dream New Bone China Kupa 250 ml Açık Yeşil,1249.99,Sofra,2026-05-24,05,0.0
Soft Dream New Bone China Kupa 250 ml Lila,1249.99,Sofra,2026-05-24,05,0.0
Soft Garden Porselen Kahvaltı Takımı 20 Parça 6 Kişilik Gold,3999.99,Sofra,2026-05-24,05,0.0
Soft Garden Porselen Yemek Takımı 24 Parça 6 Kişilik Gold,4799.99,Sofra,2026-05-24,05,0.0
Soft Prime Seramik Kahvaltı Takımı 14 parça 6 kişilik Krem,1599.99,Sofra,2026-05-24,05,0.0
Soft glow 4lü Amerikan Servis 30x45 cm Beyaz,1749.99,Sofra,2026-05-24,05,0.0
Soft glow 4lü Amerikan Servis 30x45 cm Gold,1749.99,Sofra,2026-05-24,05,0.0
Sommer Cam Karaf 800 ml Sarı,1499.99,Sofra,2026-05-24,05,0.0
Sommer Cam Karaf 800 ml Yeşil,1499.99,Sofra,2026-05-24,05,0.0
Somnia Seramik Kahvaltı Takımı 14 parça 6 kişilik Yeşil-Pembe,7999.99,Sofra,2026-05-24,05,0.0
Sonnie Bambu 4lü Amerikan Servis Mint,1999.99,Sofra,2026-05-24,05,0.0
Sora Bloom Porselen 12 Parça 6 Kişilik Kahve Fincan Takımı 80 ml Turuncu-Mavi,3499.99,Sofra,2026-05-24,05,0.0
Spectral Cam 2li Lüsterli Kadeh Renkli,359.99,Sofra,2026-05-24,05,0.0
Spinora Kağıt 2li Amerikan Servis 38 cm Pembe - Turuncu,1999.99,Sofra,2026-05-24,05,0.0
Spinora Kağıt 2li Amerikan Servis 38 cm Yeşil,1999.99,Sofra,2026-05-24,05,0.0
Splash Seramik Kahvaltı Takımı 10 parça 4 kişilik Kırmızı-Pembe,799.99,Sofra,2026-05-24,05,0.0
Splashy Stoneware Kupa 300 ml Açık Kahverengi,1999.99,Sofra,2026-05-24,05,0.0
Spring Time Dekoratif Tepsi Gold,3999.99,Sofra,2026-05-24,05,0.0
Springtime Cam 3lü Kadeh 280 ml Mavi - Pudra,1999.99,Sofra,2026-05-24,05,0.0
Springtime Cam 3lü Kadeh 280 ml Pembe - Yeşil,1999.99,Sofra,2026-05-24,05,0.0
Springtime Cam 3lü Kadeh 280 ml Renkli,1999.99,Sofra,2026-05-24,05,0.0
Sprosse Cam 2li Kadeh 350 ml Yeşil,319.99,Sofra,2026-05-24,05,0.0
Spruce Cam 6lı Kahve Yanı Bardak 125 ml Şeffaf,359.99,Sofra,2026-05-24,05,0.0
Starfish Cam Bardak 400 ml Yeşil,899.99,Sofra,2026-05-24,05,0.0
Starlit Borosilikat Kupa 320 ml Mavi,1499.99,Sofra,2026-05-24,05,0.0
Starry Cam 3 Parça Karaf Gold,2749.99,Sofra,2026-05-24,05,0.0
Stella Cam Sunumluk Şeffaf-Gold,279.99,Sofra,2026-05-24,05,0.0
Stellar Cam 12 Parça 6 Kişilik Çay Seti 140 ml Silver,2999.99,Sofra,2026-05-24,05,0.0
Stitch Kağıt 2li Amerikan Servis 38 cm Beyaz-Gold,1999.99,Sofra,2026-05-24,05,0.0
Striatus Cam Şişe 1000 ml Mavi,1499.99,Sofra,2026-05-24,05,0.0
Striatus Cam Şişe 1000 ml Yeşil,1499.99,Sofra,2026-05-24,05,0.0
Strides Pamuk Masa Örtüsü 140x200 cm Krem,3499.99,Sofra,2026-05-24,05,0.0
Stripe Cam El Yapımı Bardak 240 ml Beyaz,1549.99,Sofra,2026-05-24,05,0.0
Stripe Cam El Yapımı Bardak 240 ml Siyah,1999.99,Sofra,2026-05-24,05,0.0
Stripe Flow Seramik Kupa 260 ml Renkli,1499.99,Sofra,2026-05-24,05,0.0
Stripes Paslanmaz Çelik Çatal Kaşık Bıçak Tk. 18 Parça 6 Kişilik Silver,6499.99,Sofra,2026-05-24,05,0.0
Stripy White Bone Porselen Kupa 290 ml Siyah-Beyaz-Gold,1399.99,Sofra,2026-05-24,05,0.0
Summer Apple Masa Örtüsü 150x200 cm Yeşil,559.99,Sofra,2026-05-24,05,0.0
Summer Kiwi PP 2li Amerikan Servis 38 cm Yeşil,1499.99,Sofra,2026-05-24,05,0.0
Summer Orange Masa Örtüsü 150x200 cm Turuncu,3999.99,Sofra,2026-05-24,05,0.0
Summer Pink Runner 40x140 cm Beyaz - Pembe,2499.99,Sofra,2026-05-24,05,0.0
Summer Watermelon PP 2li Amerikan Servis 38 cm Kırmızı,1499.99,Sofra,2026-05-24,05,0.0
Sun Light Stoneware Kupa 220 ml Sarı-Yeşil,999.99,Sofra,2026-05-24,05,0.0
Sun Time Stoneware Kupa 220 ml Sarı-Yeşil,999.99,Sofra,2026-05-24,05,0.0
Sunflowers Seramik 4lü Pasta Seti 20 cm Renkli,2999.99,Sofra,2026-05-24,05,0.0
Sunny Seramik Kahvaltı Takımı 26 Parça 6 Kişilik Sarı,12999.99,Sofra,2026-05-24,05,0.0
Sunshine Stoneware Kupa 395 ml Açık Kahverengi,279.99,Sofra,2026-05-24,05,0.0
Sunwake Cam-Bambu 4lü Kahvaltılık 18x18 cm Şeffaf,1039.99,Sofra,2026-05-24,05,0.0
Sway Bone Porselen 2li Kupa 290 ml Kırmızı,1749.99,Sofra,2026-05-24,05,0.0
Sway Bone Porselen 2li Kupa 290 ml Mavi,1999.99,Sofra,2026-05-24,05,0.0
Sway Bone Porselen 2li Kupa 290 ml Sarı,239.99,Sofra,2026-05-24,05,0.0
"Sweet Lines Cam Şekerlik 11,5x7,5x11,5 cm Şeffaf",1499.99,Sofra,2026-05-24,05,0.0
Sweet Spring Dekoratif Tepsi Yeşil,559.99,Sofra,2026-05-24,05,0.0
Sweethearts Stoneware 2li Kupa 285 ml Bej – Bordo,3499.99,Sofra,2026-05-24,05,0.0
Symphony Akasya-Cam Sunumluk Kahve,639.99,Sofra,2026-05-24,05,0.0
Talavera Garden Bone Porselen 4 Parça 2 Kişilik Kahve Fincan Takımı 90 ml A. Mavi-Yeşil-Sarı,449.99,Sofra,2026-05-24,05,0.0
Talavera Glow Bone Porselen 4 Parça 2 Kişilik Kahve Fincan Takımı 90 ml Mavi-yeşil,2499.99,Sofra,2026-05-24,05,0.0
Talisman Magic New Bone China Kupa 460 ml Pembe,2999.99,Sofra,2026-05-24,05,0.0
Talisman Snake Bone China Çerezlik 10 cm Açık Mavi,849.99,Sofra,2026-05-24,05,0.0
Talisman Spirit New Bone China Kupa 370 ml Siyah-Beyaz-Gold,1499.99,Sofra,2026-05-24,05,0.0
Talisman Star Bone Porselen 4 Parça 2 Kişilik Kahve Fincan Takımı 90 ml Gold,629.99,Sofra,2026-05-24,05,0.0
Tasty Cam Pipetli Bardak Yeşil,1499.99,Sofra,2026-05-24,05,0.0
Tendre Runner 40x140 cm Kırmızı,400.0,Sofra,2026-05-24,05,0.0
Tendre Runner 40x140 cm Yeşil,2499.99,Sofra,2026-05-24,05,0.0
Terra Cam Kase 16 cm Kahverengi-Siyah,1299.99,Sofra,2026-05-24,05,0.0
Terra Cam Pasta Tabağı 21 cm Kahverengi-Siyah,1299.99,Sofra,2026-05-24,05,0.0
Thalia Bone Porselen 4 Parça 2 Kişilik Kahve Fincan Takımı 90 ml Yeşil,2999.99,Sofra,2026-05-24,05,0.0
"Thermos Icon IS101 Mug 0,47 L Açık Mavi",2249.99,Sofra,2026-05-24,05,0.0
"Thermos Icon IS101 Mug 0,47 L Bej",2249.99,Sofra,2026-05-24,05,0.0
"Thermos Icon IS101 Mug 0,47 L Gece Mavisi",2249.99,Sofra,2026-05-24,05,0.0
"Thermos Icon IS115 Slide Lock Mug 0,53 L Gece Mavisi",1849.99,Sofra,2026-05-24,05,0.0
"Thermos Icon IS115 Slide Lock Mug 0,53 L Kahverengi",1849.99,Sofra,2026-05-24,05,0.0
"Thermos Icon IS115 Slide Lock Mug 0,53 L Turuncu",1849.99,Sofra,2026-05-24,05,0.0
"Thermos Icon IS115 Slide Lock Mug 0,53 L Yeşil",1849.99,Sofra,2026-05-24,05,0.0
"Thermos Icon IS210 Termos 1,2L Kiremit",2949.99,Sofra,2026-05-24,05,0.0
"Thermos Icon IS210 Termos 1,2L Mavi",2949.99,Sofra,2026-05-24,05,0.0
"Thermos Icon IS210 Termos 1,2L Yeşil",2949.99,Sofra,2026-05-24,05,0.0
"Thermos Icon IS233 Pipetli Termos 0,94 L Bej",2249.99,Sofra,2026-05-24,05,0.0
"Thermos Icon IS233 Pipetli Termos 0,94 L Gri",2249.99,Sofra,2026-05-24,05,0.0
"Thermos Icon IS233 Pipetli Termos 0,94 L Kiremit",2249.99,Sofra,2026-05-24,05,0.0
"Thermos Icon IS233 Pipetli Termos 0,94 L Pembe",2249.99,Sofra,2026-05-24,05,0.0
"Thermos Icon IS251 Pipetli Termos 0,53 L Lacivert",1749.99,Sofra,2026-05-24,05,0.0
"Thermos Icon IS251 Pipetli Termos 0,53 L Pembe",1749.99,Sofra,2026-05-24,05,0.0
"Thermos Icon IS251 Pipetli Termos 0,53 L Turuncu",1749.99,Sofra,2026-05-24,05,0.0
"Thermos JNL-500 Ultralight Mug 0,5L Mint",1649.99,Sofra,2026-05-24,05,0.0
"Thermos JNL-500 Ultralight Mug 0,5L Pembe",1649.99,Sofra,2026-05-24,05,0.0
"Thermos SK1005 Stainless King Mug 0,47 L Gece Mavisi",2199.99,Sofra,2026-05-24,05,0.0
"Thermos SK1005 Stainless King Mug 0,47 L Kırmızı",2199.99,Sofra,2026-05-24,05,0.0
"Thermos SK1005 Stainless King Mug 0,47 L Mat Gri",2199.99,Sofra,2026-05-24,05,0.0
Thermos SK2020 Stainless King X Large Mug 2L Gece Mavisi,3699.99,Sofra,2026-05-24,05,0.0
Thermos SK2020 Stainless King X Large Mug 2L Kırmızı,3699.99,Sofra,2026-05-24,05,0.0
Thyme Seramik Bardak Altlığı 10.8x0.8 cm Beyaz - Yeşil,1099.99,Sofra,2026-05-24,05,0.0
Tillie Cam Tuzluk - Biberlik 110 ml Krem-Antrasit,999.95,Sofra,2026-05-24,05,0.0
Timbered Akasya 2li Tuzluk - Biberlik 11x9 cm Kahverengi,2499.99,Sofra,2026-05-24,05,0.0
Timbered Akasya Sunumluk Kahverengi,1499.99,Sofra,2026-05-24,05,0.0
Timbered Akasya Tepsi 34x21 cm Kahverengi,2249.99,Sofra,2026-05-24,05,0.0
Toffee New Bone China 12 Parça 6 Kişilik Kahve Fincan Takımı 90 ml Renkli,5999.99,Sofra,2026-05-24,05,0.0
Tolida Kağıt 2li Amerikan Servis Mavi,199.99,Sofra,2026-05-24,05,0.0
Torino Porselen Kase Silver,999.99,Sofra,2026-05-24,05,0.0
Torino Porselen Tuzluk-Biberlik Silver,1299.99,Sofra,2026-05-24,05,0.0
Torino Porselen Yemek Takımı 27 Parça 6 Kişilik Gold,32999.99,Sofra,2026-05-24,05,0.0
Torino Porselen Yemek Takımı 27 Parça 6 Kişilik Silver,31499.99,Sofra,2026-05-24,05,0.0
Torino Porselen Yemek Takımı 54 Parça 12 Kişilik Gold,64999.99,Sofra,2026-05-24,05,0.0
Torrent Cam Şişe 1000 ml Turkuaz,209.99,Sofra,2026-05-24,05,0.0
Trace Cam 3 Parça Su Takımı 1200 ml + 180 ml Şeffaf,359.99,Sofra,2026-05-24,05,0.0
Trails Cam 2li Kupa 195 ml Şeffaf-Gold,1749.99,Sofra,2026-05-24,05,0.0
Trigon Cam 4lü Cup 160 ml Şeffaf,1999.99,Sofra,2026-05-24,05,0.0
Trikote Rafya 2li Peçete Halkası Siyah,999.99,Sofra,2026-05-24,05,0.0
Trin Porselen Kahve Fincan Takımı 4 Parça 2 Kişilik Lacivert,1999.99,Sofra,2026-05-24,05,0.0
"Tuko Akrilik Sürahi 1,5 LT Şeffaf",1499.99,Sofra,2026-05-24,05,0.0
Tuko Akrilik Sürahi Mavi,1749.99,Sofra,2026-05-24,05,0.0
Tweety Cam 3lü Lisanslı Bardak 315 Ml Renkli,1899.99,Sofra,2026-05-24,05,0.0
Twin Goldy Seramik 2li Kupa 184 ml Vizon-Beyaz-Gold,2999.99,Sofra,2026-05-24,05,0.0
Twinkle Tree Cam Pasta Tabağı 16 cm Yeşil,1299.99,Sofra,2026-05-24,05,0.0
Twisty Seramik Kupa 255 ml Pembe,1199.99,Sofra,2026-05-24,05,0.0
Twisty Seramik Kupa 255 ml Sarı,1199.99,Sofra,2026-05-24,05,0.0
Twisty Seramik Kupa 255 ml Yeşil,1199.99,Sofra,2026-05-24,05,0.0
Valda Porselen 4 Parça 2 Kişilik Kahve Fincan Takımı Yeşil,1499.99,Sofra,2026-05-24,05,0.0
Valentina New Bone China Kupa 300 ml Açık Yeşil,2499.99,Sofra,2026-05-24,05,0.0
Valentina New Bone China Kupa 300 ml Lila,479.99,Sofra,2026-05-24,05,0.0
Valentina New Bone China Kupa 300 ml Pembe,494.99,Sofra,2026-05-24,05,0.0
Valentina New Bone China Kupa 300 ml Sarı,2499.99,Sofra,2026-05-24,05,0.0
Valora Seramik 4 Parça 2 Kişilik Kahve Fincan Takımı 90 ml Açık Yeşil,439.99,Sofra,2026-05-24,05,0.0
Valora Seramik 4 Parça 2 Kişilik Kahve Fincan Takımı 90 ml Pembe,479.99,Sofra,2026-05-24,05,0.0
Vanilla Mood New Bone China 12 Parça 6 Kişilik Kahve Fincan Takımı 90 ml Sarı,9999.99,Sofra,2026-05-24,05,0.0
Vanilla New Bone China  Çay Fincanı Takımı 4 Parça 2 Kişilik Açık Pembe,1039.99,Sofra,2026-05-24,05,0.0
Vanilla New Bone China 4 Parça 2 Kişilik Kahve Fincan Takımı 90 ml Açık Yeşil,799.99,Sofra,2026-05-24,05,0.0
Vanilla New Bone China 4 Parça 2 Kişilik Kahve Fincan Takımı Açık Mavi,719.99,Sofra,2026-05-24,05,0.0
Vanilla New Bone China 4 Parça 2 Kişilik Kahve Fincan Takımı Kırmızı,719.99,Sofra,2026-05-24,05,0.0
Vanilla New Bone China 4 Parça 2 Kişilik Kahve Fincan Takımı Mor,719.99,Sofra,2026-05-24,05,0.0
Vanilla New Bone China 4 Parça 2 Kişilik Kahve Fincan Takımı Sarı,719.99,Sofra,2026-05-24,05,0.0
Vanilla New Bone China Kahve Fincan Takımı 4 Parça 2 Kişilik Açık Pembe,799.99,Sofra,2026-05-24,05,0.0
Vanilla New Bone China Kahve Fincan Takımı 4 Parça 2 Kişilik Lacivert,719.99,Sofra,2026-05-24,05,0.0
Vanilla New Bone China Kahve Fincan Takımı 4 Parça 2 Kişilik Turkuaz,799.99,Sofra,2026-05-24,05,0.0
Vanilla New Bone China Pasta Tabağı 16 cm Açık Pembe,1249.99,Sofra,2026-05-24,05,0.0
Vanilla New Bone China Pasta Tabağı 16 cm Açık Yeşil,1249.99,Sofra,2026-05-24,05,0.0
Vanilla New Bone China Pasta Tabağı 16 cm Turkuaz,199.99,Sofra,2026-05-24,05,0.0
Vanilla New Bone China Pasta Tabağı 20 cm Açık Mavi,319.99,Sofra,2026-05-24,05,0.0
Vanilla New Bone China Pasta Tabağı 20 cm Mor,319.99,Sofra,2026-05-24,05,0.0
Vanilla New Bone China Pasta Tabağı 20 cm Sarı,319.99,Sofra,2026-05-24,05,0.0
Vanilla New Bone China Çay Fincan Takımı 4 Parça 2 Kişilik Açık Gri,1039.99,Sofra,2026-05-24,05,0.0
Vanilla New Bone China Çay Fincan Takımı 4 Parça 2 Kişilik Açık Mavi,1039.99,Sofra,2026-05-24,05,0.0
Vanilla New Bone China Çay Fincan Takımı 4 Parça 2 Kişilik Açık Yeşil,1039.99,Sofra,2026-05-24,05,0.0
Vanilla New Bone China Çay Fincan Takımı 4 Parça 2 Kişilik Mor,1039.99,Sofra,2026-05-24,05,0.0
Vanilla New Bone China Çay Fincan Takımı 4 Parça 2 Kişilik Sarı,1039.99,Sofra,2026-05-24,05,0.0
Vanilla New Bone China Çay Fincanı Takımı 4 Parça 2 Kişilik Turkuaz,1039.99,Sofra,2026-05-24,05,0.0
Velonix Cam 2li Tuzluk - Biberlik 6x9 cm Şeffaf,479.99,Sofra,2026-05-24,05,0.0
Veloria Masa Örtüsü 150x200 cm Siyah - Beyaz,3499.99,Sofra,2026-05-24,05,0.0
Vera Porselen 4 Parça 2 Kişilik Kahve Fincan Takımı Mavi,1499.99,Sofra,2026-05-24,05,0.0
Vera Porselen Kase 14 cm Beyaz,999.99,Sofra,2026-05-24,05,0.0
Vera Porselen Çerezlik 10 cm Beyaz,899.99,Sofra,2026-05-24,05,0.0
Vermilion Emaye Bardak 350 ml Sarı-Kırmızı,1499.99,Sofra,2026-05-24,05,0.0
Verona Porselen Kase Beyaz,3499.99,Sofra,2026-05-24,05,0.0
Verona Porselen Katlı Servis 21+26 cm Beyaz,639.99,Sofra,2026-05-24,05,0.0
Verona Porselen Kayık Tabak Beyaz,239.99,Sofra,2026-05-24,05,0.0
Verona Porselen Pasta Tabağı 21 cm Beyaz,1999.99,Sofra,2026-05-24,05,0.0
Verona Porselen Servis Tabağı 28 cm Beyaz,3999.99,Sofra,2026-05-24,05,0.0
Verona Porselen Sunumluk 19 cm Beyaz,79.99,Sofra,2026-05-24,05,0.0
Verona Porselen Çerezlik 8 cm Beyaz,649.99,Sofra,2026-05-24,05,0.0
Verona Porselen Çukur Tabak 19 cm Beyaz,1749.99,Sofra,2026-05-24,05,0.0
Vertical Pamuk Masa Örtüsü 140x200 cm Pembe,2499.99,Sofra,2026-05-24,05,0.0
Vespera Seramik Bardak Altlığı 11 cm Beyaz - Pembe,1499.99,Sofra,2026-05-24,05,0.0
Vespera Seramik Bardak Altlığı 11 cm Lacivert,799.95,Sofra,2026-05-24,05,0.0
Via Porselen 6lı Pasta Tabağı 21 cm Beyaz - Lacivert,3999.99,Sofra,2026-05-24,05,0.0
Vibe Porselen 4 Parça 2 Kişilik Kahve Fincan Takımı 80 ml Renkli,1499.99,Sofra,2026-05-24,05,0.0
Victoria Rattan Sunumluk Kahverengi,639.99,Sofra,2026-05-24,05,0.0
Victoria Seramik Bardak Altlığı 10.8x0.8 cm Siyah - Beyaz,1499.99,Sofra,2026-05-24,05,0.0
Village Cam Pasta Tabağı 20 cm Yeşil,1199.99,Sofra,2026-05-24,05,0.0
Vintage Porselen Yemek Takımı 12 Parça 4 Kişilik Renkli,6499.99,Sofra,2026-05-24,05,0.0
Violet Porselen Kahvaltı Takımı 10 parça 4 kişilik Renkli,799.99,Sofra,2026-05-24,05,0.0
Vireo Porselen 12 Parça 6 Kişilik Kahve Fincan Takımı 80 ml Mavi-Kırmızı,559.99,Sofra,2026-05-24,05,0.0
"Viserra Cam Ahşap Ayaklı Kase 19,5 cm Şeffaf",639.99,Sofra,2026-05-24,05,0.0
Viserys Cam-Ahşap Sunumluk Şeffaf,809.99,Sofra,2026-05-24,05,0.0
Viva Porselen 4 Parça 2 Kişilik Kahve Fincan Takımı 80 ml Lacivert,1749.99,Sofra,2026-05-24,05,0.0
Vivian Cam Şekerlık Şeffaf,1749.99,Sofra,2026-05-24,05,0.0
Vivy Porselen 4 Parça 2 Kişilik Kahve Fincan Takımı 80 ml Bordo-Yeşil,1649.99,Sofra,2026-05-24,05,0.0
Watermellies Tepsi Beyaz - Kırmızı,1749.99,Sofra,2026-05-24,05,0.0
Wave Porselen Yemek Takımı 24 Parça 6 Kişilik Beyaz,17999.99,Sofra,2026-05-24,05,0.0
Wendy Bone Porselen Çay Tabağı 11 cm Mavi,111.99,Sofra,2026-05-24,05,0.0
Whimsical Bone Porselen Pasta Tabağı 19 cm Renkli,999.99,Sofra,2026-05-24,05,0.0
Whimsy Stoneware Kupa 375 ml Renkli,629.99,Sofra,2026-05-24,05,0.0
Whimsy Stoneware Sunumluk 23x23x14 Cm Renkli,1599.99,Sofra,2026-05-24,05,0.0
Whircal Bone Porselen Kase 14 cm Kırmızı - Yeşil,1249.99,Sofra,2026-05-24,05,0.0
Whisper Cam Sunumluk Şeffaf,1169.99,Sofra,2026-05-24,05,0.0
Whispering Bone Porselen 4 Parça 2 Kişilik Kahve Fincan Takımı 90 ml Yeşil,399.99,Sofra,2026-05-24,05,0.0
Whispering Petals Melamin 2’li Kaydırmaz Tepsi 33-24 cm Pembe - Turuncu,2999.99,Sofra,2026-05-24,05,0.0
White Angles Bone Porselen 4 Parça 2 Kişilik Çay Fincanı Takımı 180 ml Siyah-Beyaz-Gold,4999.99,Sofra,2026-05-24,05,0.0
White Angles Bone Porselen Kupa 290 ml Siyah-Beyaz-Gold,1399.99,Sofra,2026-05-24,05,0.0
White Charmed Bone Porselen Kupa 290 ml Siyah-Beyaz-Gold,1199.99,Sofra,2026-05-24,05,0.0
White Chic Bone Porselen 4 Parça 2 Kişilik Kahve Fincan Takımı 90 ml Siyah-Beyaz-Gold,629.99,Sofra,2026-05-24,05,0.0
White Mirage Bone Porselen 4 Parça 2 Kişilik Kahve Fincan Takımı 90 ml Siyah-Beyaz-Gold,559.99,Sofra,2026-05-24,05,0.0
White Pine Dolomite 4lü Kupa 153 ml-193 ml-267 ml-267 ml Beyaz,7999.99,Sofra,2026-05-24,05,0.0
Whitney Cam 2li Cup - Dondurma Kasesi 175 ml Mavi - Pembe,1499.99,Sofra,2026-05-24,05,0.0
Whitney Cam 2li Cup - Dondurma Kasesi 175 ml Pembe - Krem,1499.99,Sofra,2026-05-24,05,0.0
Wicker Plastik Rattan 3 Bölmeli Sunumluk Açık Kahverengi,1499.99,Sofra,2026-05-24,05,0.0
Wicker Plastik Rattan Katlı Servis Açık Kahverengi,719.99,Sofra,2026-05-24,05,0.0
Wicker Plastik Rattan Kek Standı 30 cm Açık Kahverengi,2999.99,Sofra,2026-05-24,05,0.0
Wicker Weave Natural İp 2li Peçete Halkası 4 cm Krem,749.95,Sofra,2026-05-24,05,
Wild Blossom Bone Porselen 4 Parça 2 Kişilik Kahve Fincan Takımı 90 ml Yeşil,399.99,Sofra,2026-05-24,05,0.0
Wingy New Bone China 4 Parça 2 Kişilik Kahve Fincan Takımı 100 ml Lacivert,4999.99,Sofra,2026-05-24,05,0.0
Wingy New Bone China Kupa 460 ml Lacivert,3499.99,Sofra,2026-05-24,05,0.0
Winsome Bone Porselen 4 Parça 2 Kişilik Kahve Fincan Takımı 90 ml Yeşil,2499.99,Sofra,2026-05-24,05,0.0
Winter Tree Borosilikat Pipetli Bardak 460 ml Yeşil,224.99,Sofra,2026-05-24,05,0.0
Wishful Bone Porselen 4 Parça 2 Kişilik Kahve Fincan Takımı 90 ml Kırmızı - Yeşil,419.99,Sofra,2026-05-24,05,0.0
Wisp Porselen 4 Parça 2 Kişilik Kahve Fincan Takımı 80 ml Yeşil-Kırmızı,239.99,Sofra,2026-05-24,05,0.0
Wisteria New Bone China 12 Parça 6 Kişilik Kahve Fincan Takımı 90 ml Beyaz,1199.99,Sofra,2026-05-24,05,0.0
Woodland Mango Kase 16 cm Kahverengi,449.99,Sofra,2026-05-24,05,0.0
You Rock Stoneware Kupa 395 ml Mavi,244.99,Sofra,2026-05-24,05,0.0
Yuna Cam Tuzluk - Biberlik Şeffaf,1499.99,Sofra,2026-05-24,05,0.0
Zenith Cam 3lü Cup 170 ml Şeffaf,1749.99,Sofra,2026-05-24,05,0.0
Zest Cam 2li Tuzluk - Biberlik 20x11x5 cm Siyah,399.99,Sofra,2026-05-24,05,0.0
Zett Cam Pasta Tabağı 20 cm Gold,999.99,Sofra,2026-05-24,05,0.0
Zoey Cam Çerezlik 12 cm Gold,999.99,Sofra,2026-05-24,05,0.0
Abstract Flowers Kolay Ütülenir Tek Kişilik Çarşaflı Nevresim Takımı 160x220 cm Yeşil-Mavi,839.99,Yatak Odası,2026-05-24,05,0.0
Air Plus Klimalı Yastık 50x70 cm Beyaz-Gold,1749.99,Yatak Odası,2026-05-24,05,0.0
Airy Serin Tutan Yastık 50x70 cm Mavi,8999.99,Yatak Odası,2026-05-24,05,0.0
Alba Bloom King Size Çok Amaçlı Örtü 220x240 cm Mavi,4499.99,Yatak Odası,2026-05-24,05,0.0
Alba Bloom Tek Kişilik Çok Amaçlı Örtü 160x220 cm Mavi,3499.99,Yatak Odası,2026-05-24,05,0.0
Alba Bloom Çift Kişilik Çok Amaçlı Örtü 200x220 cm Mavi,3999.99,Yatak Odası,2026-05-24,05,0.0
Aquatic Flowers King Size Çok Amaçlı Örtü 240x220 cm Lacivert,4499.99,Yatak Odası,2026-05-24,05,0.0
Aquatic Flowers Tek Kişilik Çok Amaçlı Örtü 160x220 cm Lacivert,489.99,Yatak Odası,2026-05-24,05,0.0
Aquatic Flowers Çift Kişilik Çok Amaçlı Örtü 200x220 cm Lacivert,639.99,Yatak Odası,2026-05-24,05,0.0
Ashley Baskılı Pamuklu Tek Kişilik Pike 150x220 cm Mavi,639.99,Yatak Odası,2026-05-24,05,0.0
Ashley Baskılı Pamuklu Çift Kişilik Pike 200x220 cm Mavi,799.99,Yatak Odası,2026-05-24,05,0.0
Ashley Kolay Ütülenir 2li Yastık Kılıfı 50x70 cm Mavi,1499.99,Yatak Odası,2026-05-24,05,0.0
Aura Boncuk Elyaf Yastık 50x70 cm Gri,3749.99,Yatak Odası,2026-05-24,05,0.0
Aurelia Tek Kişilik Pike Takımı 150x200 cm Sarı,5999.99,Yatak Odası,2026-05-24,05,
Autumn Branch Baskılı Pamuklu Tek Kişilik Pike 150x220 cm Pembe,3499.99,Yatak Odası,2026-05-24,05,0.0
Autumn Branch Baskılı Pamuklu Çift Kişilik Pike 200x220 cm Pembe,3999.99,Yatak Odası,2026-05-24,05,0.0
Autumn Branch Kolay Ütülenir 2li Yastık Kılıfı 50x70 cm Pembe,1999.99,Yatak Odası,2026-05-24,05,0.0
Autumn Whisper Kolay Ütülenir 2li Yastık Kılıfı 50x70 cm Yeşil,1499.99,Yatak Odası,2026-05-24,05,0.0
Autumn Whisper Tek Kişilik Pike 150x220 cm Yeşil,449.99,Yatak Odası,2026-05-24,05,0.0
Autumn Whisper Çift Kişilik Pike 200x220 cm Yeşil,479.99,Yatak Odası,2026-05-24,05,0.0
Azule Baskılı Pamuklu Tek Kişilik Pike 150x220 cm Mavi,639.99,Yatak Odası,2026-05-24,05,0.0
Azule Baskılı Pamuklu Çift Kişilik Pike 200x220 cm Mavi,799.99,Yatak Odası,2026-05-24,05,0.0
Balmy Çift Kişilik Yatak Pedi 160x200 cm Beyaz,2799.99,Yatak Odası,2026-05-24,05,0.0
Belle Band Tek Kişilik Yatak Örtüsü Takımı 160x220 cm Pembe,3999.99,Yatak Odası,2026-05-24,05,0.0
Belle Band Çift Kişilik Yatak Örtüsü Takımı 200x220 cm Pembe,5999.99,Yatak Odası,2026-05-24,05,0.0
Belle Bloom Tek Kişilik Yatak Örtüsü Takımı 160x220 cm Yeşil,1799.99,Yatak Odası,2026-05-24,05,0.0
Belle Bloom Çift Kişilik Yatak Örtüsü Takımı 200x220 cm Yeşil,13999.99,Yatak Odası,2026-05-24,05,0.0
Bera Baskılı Pamuklu Tek Kişilik Pike 150x220 cm Pembe,3999.99,Yatak Odası,2026-05-24,05,0.0
Bera Baskılı Pamuklu Çift Kişilik Pike 200x220 cm Pembe,4999.99,Yatak Odası,2026-05-24,05,0.0
Bera Kolay Ütülenir 2li Yastık Kılıfı 50x70 cm Pembe,1499.99,Yatak Odası,2026-05-24,05,0.0
Berry Garden Baskılı Pamuklu Tek Kişilik Pike 150x220 cm Kırmızı,639.99,Yatak Odası,2026-05-24,05,0.0
Berry Garden Baskılı Pamuklu Çift Kişilik Pike 200x220 cm Kırmızı,809.99,Yatak Odası,2026-05-24,05,0.0
Berry Garden Kolay Ütülenir 2li Yastık Kılıfı 50x70 cm Kırmızı,1499.99,Yatak Odası,2026-05-24,05,0.0
Berryland Kolay Ütülenir Çarşaflı Tek Kişilik Nevresim Takımı 160x220 cm Mavi-Turuncu,7499.99,Yatak Odası,2026-05-24,05,0.0
Berryland Kolay Ütülenir Çarşaflı Çift Kişilik Nevresim Takımı 200x220 cm Mavi-Turuncu,8999.99,Yatak Odası,2026-05-24,05,0.0
Berryscus Kolay Ütülenir Çarşaflı Tek Kişilik Nevresim Takımı 160x220 cm Mor,1039.99,Yatak Odası,2026-05-24,05,0.0
Berryscus Kolay Ütülenir Çarşaflı Çift Kişilik Nevresim Takımı 200x220 cm Mor,7999.99,Yatak Odası,2026-05-24,05,0.0
Birdlight Kolay Ütülenir 2li Yastık Kılıfı 50x70 cm Yeşil,1499.99,Yatak Odası,2026-05-24,05,0.0
Birdlight Tek Kişilik Pike 150x220 cm Yeşil,539.99,Yatak Odası,2026-05-24,05,0.0
Birdlight Çift Kişilik Pike 200x220 cm Yeşil,539.99,Yatak Odası,2026-05-24,05,0.0
Block Dots Kolay Ütülenir Çift Kişilik Çarşaflı Nevresim Takımı 200x220 cm Mavi,1259.99,Yatak Odası,2026-05-24,05,0.0
Block Patch Kolay Ütülenir Tek Kişilik Nevresim Seti 160x220 cm Mavi-Kırmızı,3499.99,Yatak Odası,2026-05-24,05,0.0
Block Patch Kolay Ütülenir Çift Kişilik Nevresim Seti 200x220 cm Mavi-Kırmızı,639.99,Yatak Odası,2026-05-24,05,0.0
Blockform Kolay Ütülenir Çift Kişilik Çarşaflı Nevresim Takımı 200x220 cm Koyu Mavi-Bej,7499.99,Yatak Odası,2026-05-24,05,0.0
Bloom Crest Kolay Ütülenir 2li Yastık Kılıfı 50x70 cm Yeşil,1499.99,Yatak Odası,2026-05-24,05,0.0
Bloom Crest Tek Kişilik Pike 150x220 cm Yeşil,419.99,Yatak Odası,2026-05-24,05,0.0
Bloom Crest Çift Kişilik Pike 200x220 cm Yeşil,559.99,Yatak Odası,2026-05-24,05,0.0
Bloom Rhombus  King Size Çok Amaçlı Örtü 220x240 cm Yeşil,809.99,Yatak Odası,2026-05-24,05,0.0
Bloom Rhombus  Tek Kişilik Çok Amaçlı Örtü 160x220 cm Yeşil,489.99,Yatak Odası,2026-05-24,05,0.0
Bloom Rhombus  Çift Kişilik Çok Amaçlı Örtü 200x220 cm Yeşil,719.99,Yatak Odası,2026-05-24,05,0.0
Bloomelle Pamuklu Tek Kişilik Nevresim Seti 160x220 cm Sarı-Yeşil,4999.99,Yatak Odası,2026-05-24,05,0.0
Bloomelle Pamuklu Çift Kişilik Nevresim Seti 200x220 cm Sarı-Yeşil,959.99,Yatak Odası,2026-05-24,05,0.0
Bloomlet Kolay Ütülenir 2li Yastık Kılıfı 50x70 cm Mavi,1499.99,Yatak Odası,2026-05-24,05,0.0
Bloomlet Kolay Ütülenir 2li Yastık Kılıfı 50x70 cm Yeşil,1499.99,Yatak Odası,2026-05-24,05,0.0
Bloomlet Tek Kişilik Pike 150x220 cm Yeşil,449.99,Yatak Odası,2026-05-24,05,0.0
Bloomlet Çift Kişilik Pike 200x220 cm Yeşil,2999.99,Yatak Odası,2026-05-24,05,0.0
Bloomora Dijital Baskılı Kolay Ütülenir Tek Kişilik Çarşaflı Nevresim Takımı 160x220 cm Bej-Sarı,899.99,Yatak Odası,2026-05-24,05,0.0
Bloomora Dijital Baskılı Kolay Ütülenir Çift Kişilik Çarşaflı Nevresim Takımı 200x220 cm Bej-Sarı,7999.99,Yatak Odası,2026-05-24,05,0.0
Bloomtopia Pamuk Tek Kişilik Çarşaflı Nevresim Takımı 160x220 cm Yeşil,8999.99,Yatak Odası,2026-05-24,05,0.0
Bloss Mist Pamuklu Tek Kişilik Nevresim Seti 160x220 cm Lila,639.99,Yatak Odası,2026-05-24,05,0.0
Blossira Kolay Ütülenir Tek Kişilik Çarşaflı Nevresim Takımı 160x220 cm Lila,959.99,Yatak Odası,2026-05-24,05,0.0
Blossira Kolay Ütülenir Tek Kişilik Çarşaflı Nevresim Takımı 160x220 cm Pembe,959.99,Yatak Odası,2026-05-24,05,0.0
Blossira Kolay Ütülenir Çift Kişilik Çarşaflı Nevresim Takımı 200x220 cm Lila,6999.99,Yatak Odası,2026-05-24,05,0.0
Blossira Kolay Ütülenir Çift Kişilik Çarşaflı Nevresim Takımı 200x220 cm Pembe,1119.99,Yatak Odası,2026-05-24,05,0.0
Blossom Bouquet King Size Çok Amaçlı Örtü 240x220 cm Pembe,4499.99,Yatak Odası,2026-05-24,05,0.0
Blossom Bouquet Tek Kişilik Çok Amaçlı Örtü 160x220 cm Pembe,3499.99,Yatak Odası,2026-05-24,05,0.0
Blossom Bouquet Çift Kişilik Çok Amaçlı Örtü 200x220 cm Pembe,3999.99,Yatak Odası,2026-05-24,05,0.0
Blossom Haze King Size Çok Amaçlı Örtü 220x240 cm Mor,809.99,Yatak Odası,2026-05-24,05,0.0
Blossom Haze Tek Kişilik Çok Amaçlı Örtü 160x220 cm Mor,629.99,Yatak Odası,2026-05-24,05,0.0
Blossom Haze Çift Kişilik Çok Amaçlı Örtü 200x220 cm Mor,3999.99,Yatak Odası,2026-05-24,05,0.0
Blue Bouquet Baskılı Pamuklu Tek Kişilik Pike 150x220 cm Mavi,559.99,Yatak Odası,2026-05-24,05,0.0
Blue Bouquet Baskılı Pamuklu Çift Kişilik Pike 200x220 cm Mavi,639.99,Yatak Odası,2026-05-24,05,0.0
Blue Bouquet Kolay Ütülenir 2li Yastık Kılıfı 50x70 cm Mavi - Bej,1499.99,Yatak Odası,2026-05-24,05,0.0
Blue Spring Kolay Ütülenir 2li Yastık Kılıfı 50x70 cm Mavi,1499.99,Yatak Odası,2026-05-24,05,0.0
Blue Spring Tek Kişilik Pike 150x220 cm Mavi,539.99,Yatak Odası,2026-05-24,05,0.0
Blue Spring Çift Kişilik Pike 200x220 cm Mavi,629.99,Yatak Odası,2026-05-24,05,0.0
Blush Twig King Size Çok Amaçlı Örtü 220x240 cm Pembe,809.99,Yatak Odası,2026-05-24,05,0.0
Blush Twig Tek Kişilik Çok Amaçlı Örtü 160x220 cm Pembe,559.99,Yatak Odası,2026-05-24,05,0.0
Blush Twig Çift Kişilik Çok Amaçlı Örtü 200x220 cm Pembe,639.99,Yatak Odası,2026-05-24,05,0.0
Boho Chic Pamuk Çift Kişilik Çarşaflı Nevresim Takımı 200x220 cm Mavi,10999.99,Yatak Odası,2026-05-24,05,0.0
Boho Elegance Kolay Ütülenir Çarşaflı Tek Kişilik Nevresim Takımı 160x220 cm Bej,839.99,Yatak Odası,2026-05-24,05,0.0
Boho Elegance Kolay Ütülenir Çarşaflı Çift Kişilik Nevresim Takımı 200x220 cm Bej,6999.99,Yatak Odası,2026-05-24,05,0.0
Bonnie Kolay Ütülenir 2li Yastık Kılıfı 50x70 cm Sarı,1499.99,Yatak Odası,2026-05-24,05,0.0
Bonnie Tek Kişilik Pike 150x220 cm Sarı,419.99,Yatak Odası,2026-05-24,05,0.0
Bonnie Çift Kişilik Pike 200x220 cm Sarı,559.99,Yatak Odası,2026-05-24,05,0.0
Border Dots Kolay Ütülenir Çarşaflı Tek Kişilik Nevresim Takımı 160x220 cm Lacivert,1199.99,Yatak Odası,2026-05-24,05,0.0
Border Dots Kolay Ütülenir Çarşaflı Çift Kişilik Nevresim Takımı 200x220 cm Lacivert,1439.99,Yatak Odası,2026-05-24,05,0.0
Botanica Baskılı Pamuklu Tek Kişilik Pike 150x220 cm Mavi,3499.99,Yatak Odası,2026-05-24,05,0.0
Botanica Baskılı Pamuklu Çift Kişilik Pike 200x220 cm Mavi,3999.99,Yatak Odası,2026-05-24,05,0.0
Botanica Kolay Ütülenir 2li Yastık Kılıfı 50x70 cm Mavi - Yeşil,1499.99,Yatak Odası,2026-05-24,05,0.0
Botanical Patch Pamuklu Tek Kişilik Nevresim Seti 160x220 cm Mavi - Yeşil,799.99,Yatak Odası,2026-05-24,05,0.0
Botanical Patch Pamuklu Çift Kişilik Nevresim Seti 200x220 cm Mavi - Yeşil,959.99,Yatak Odası,2026-05-24,05,0.0
Branchmist Kolay Ütülenir Tek Kişilik Nevresim Seti 160x220 cm Sarı,3999.99,Yatak Odası,2026-05-24,05,0.0
Branchmist Kolay Ütülenir Çift Kişilik Nevresim Seti 200x220 cm Sarı,4499.99,Yatak Odası,2026-05-24,05,0.0
Bright Garden Dijital Baskılı Kolay Ütülenir Tek Kişilik Çarşaflı Nevresim Takımı 160x220 cm Pembe - Sarı,799.99,Yatak Odası,2026-05-24,05,0.0
Bright Garden Dijital Baskılı Kolay Ütülenir Çift Kişilik Çarşaflı Nevresim Takımı 200x220 cm Pembe - Sarı,7999.99,Yatak Odası,2026-05-24,05,0.0
Calm Horizon İpliği Boyalı Tek Kişilik Çarşaflı Nevresim Takımı 160x220 cm Mavi,2079.99,Yatak Odası,2026-05-24,05,0.0
Calm Horizon İpliği Boyalı Tek Kişilik Çarşaflı Nevresim Takımı 160x220 cm Yeşil,6249.99,Yatak Odası,2026-05-24,05,0.0
Calm Horizon İpliği Boyalı Çift Kişilik Nevresim Takımı 200x220 cm Mavi,15999.99,Yatak Odası,2026-05-24,05,0.0
Calm Horizon İpliği Boyalı Çift Kişilik Nevresim Takımı 200x220 cm Yeşil,15999.99,Yatak Odası,2026-05-24,05,0.0
Camille Ray King Size Çok Amaçlı Örtü 220x240 cm Lacivert,899.99,Yatak Odası,2026-05-24,05,0.0
Camille Ray Tek Kişilik Çok Amaçlı Örtü 160x220 cm Lacivert,559.99,Yatak Odası,2026-05-24,05,0.0
Camille Ray Çift Kişilik Çok Amaçlı Örtü 200x220 cm Lacivert,639.99,Yatak Odası,2026-05-24,05,0.0
Chain Patch Kolay Ütülenir Çarşaflı Tek Kişilik Nevresim Takımı 160x220 cm Mürdüm,5999.99,Yatak Odası,2026-05-24,05,0.0
Chain Patch Kolay Ütülenir Çarşaflı Tek Kişilik Nevresim Takımı 160x220 cm Turuncu,4999.99,Yatak Odası,2026-05-24,05,0.0
Chain Patch Kolay Ütülenir Çarşaflı Çift Kişilik Nevresim Takımı 200x220 cm Mürdüm,1259.99,Yatak Odası,2026-05-24,05,0.0
Chain Patch Kolay Ütülenir Çarşaflı Çift Kişilik Nevresim Takımı 200x220 cm Turuncu,5999.99,Yatak Odası,2026-05-24,05,0.0
Charming Garden Pamuklu Bebe Battaniye 100x120 cm Pudra,404.98,Yatak Odası,2026-05-24,05,0.0
Checkmate Kolay Ütülenir Çift Kişilik Nevresim Seti 200x220 cm Lacivert- Terracotta,719.99,Yatak Odası,2026-05-24,05,0.0
Cherry Plaid Tek Kişilik Yatak Örtüsü Takımı 160x220 cm Fuşya,639.99,Yatak Odası,2026-05-24,05,0.0
Cherry Plaid Çift Kişilik Yatak Örtüsü Takımı 200x220 cm Fuşya,839.99,Yatak Odası,2026-05-24,05,0.0
Chic Bloom Kolay Ütülenir Çarşaflı Tek Kişilik Nevresim Takımı 160x220 cm Yeşil,839.99,Yatak Odası,2026-05-24,05,0.0
Chic Bloom Kolay Ütülenir Çarşaflı Çift Kişilik Nevresim Takımı 200x220 cm Yeşil,1119.99,Yatak Odası,2026-05-24,05,0.0
Classic Yastık 50x70 cm Beyaz,159.99,Yatak Odası,2026-05-24,05,0.0
Clouded Grid İpliği Boyalı Tek Kişilik Çarşaflı Nevresim Takımı 160x220 cm Bej,5499.99,Yatak Odası,2026-05-24,05,0.0
Clouded Grid İpliği Boyalı Tek Kişilik Çarşaflı Nevresim Takımı 160x220 cm Koyu Yeşil,5499.99,Yatak Odası,2026-05-24,05,0.0
Clouded Grid İpliği Boyalı Çift Kişilik Çarşaflı Nevresim Takımı 200x220 cm Bej,6999.99,Yatak Odası,2026-05-24,05,0.0
Clouded Grid İpliği Boyalı Çift Kişilik Çarşaflı Nevresim Takımı 200x220 cm Koyu Yeşil,1679.99,Yatak Odası,2026-05-24,05,0.0
Clover Tek Kişilik Pike Takımı 150x220 cm Yeşil,4999.99,Yatak Odası,2026-05-24,05,0.0
Clover Çift Kişilik Pike Takımı 200x220 cm Yeşil,5999.99,Yatak Odası,2026-05-24,05,0.0
Colorful Stripeway King Size Çok Amaçlı Örtü 220x240 cm Kırmızı,809.99,Yatak Odası,2026-05-24,05,0.0
Colorful Stripeway Tek Kişilik Çok Amaçlı Örtü 160x220 cm Kırmızı,3499.99,Yatak Odası,2026-05-24,05,0.0
Colorful Stripeway Çift Kişilik Çok Amaçlı Örtü 200x220 cm Kırmızı,719.99,Yatak Odası,2026-05-24,05,0.0
Comfort Pamuklu Sıvı Geçirmez Alez Yastık Kılıfı 50x70 cm Beyaz,1499.99,Yatak Odası,2026-05-24,05,0.0
Comfort Pamuklu Sıvı Geçirmez Tek Kişilik Alez 140x200 + 30 cm Beyaz,599.99,Yatak Odası,2026-05-24,05,0.0
Comfort Pamuklu Sıvı Geçirmez Tek Kişilik Yatak Koruyucu Alez 100x200 + 30 cm Beyaz,3499.99,Yatak Odası,2026-05-24,05,0.0
Comfort Pamuklu Sıvı Geçirmez Tek Kişilik Yatak Koruyucu Alez 120x200 + 30 cm Beyaz,3999.99,Yatak Odası,2026-05-24,05,0.0
Comfort Pamuklu Sıvı Geçirmez Çift Kişilik Yatak Koruyucu Alez 160x200 + 30 cm Beyaz,4999.99,Yatak Odası,2026-05-24,05,0.0
Comfort Pamuklu Sıvı Geçirmez Çift Kişilik Yatak Koruyucu Alez 180x200 + 30 cm Beyaz,799.99,Yatak Odası,2026-05-24,05,0.0
Comfy Pamuk Yastık 50x70 cm Beyaz,629.99,Yatak Odası,2026-05-24,05,0.0
Comfy Pamuk Yorgan 155x215 cm Beyaz,1619.99,Yatak Odası,2026-05-24,05,0.0
Comfy Pamuk Yorgan 195x215 cm Beyaz,9999.99,Yatak Odası,2026-05-24,05,0.0
Contemporary Chic King Size Çok Amaçlı Örtü 240x220 cm Lacivert,719.99,Yatak Odası,2026-05-24,05,0.0
Contemporary Chic Tek Kişilik Çok Amaçlı Örtü 160x220 cm Lacivert,3499.99,Yatak Odası,2026-05-24,05,0.0
Contemporary Chic Çift Kişilik Çok Amaçlı Örtü 200x220 cm Lacivert,3999.99,Yatak Odası,2026-05-24,05,0.0
Cool Garden Pamuklu 2li Yastık Kılıfı 50x70 cm Yeşil,1749.99,Yatak Odası,2026-05-24,05,0.0
Cool Stripe İpliği Boyalı Tek Kişilik Çarşaflı Nevresim Takımı 160x220 cm Bordo-Yeşil,1259.99,Yatak Odası,2026-05-24,05,0.0
Cool Touch Serin Tutan Visco Yastık 60x40x15 cm Mavi,8999.99,Yatak Odası,2026-05-24,05,0.0
Cosmic Line İpliği Boyalı Tek Kişilik Çarşaflı Nevresim Takımı 160x220 cm Seledon,5499.99,Yatak Odası,2026-05-24,05,0.0
Cozy Check Kolay Ütülenir Çarşaflı Tek Kişilik Nevresim Takımı 160x220 cm Mavi-Sarı,1199.99,Yatak Odası,2026-05-24,05,0.0
Cozy Check Kolay Ütülenir Çarşaflı Çift Kişilik Nevresim Takımı 200x220 cm Mavi-Sarı,1439.99,Yatak Odası,2026-05-24,05,0.0
Crispcheck İpliği Boyalı Tek Kişilik Çarşaflı Nevresim Takımı 160x220 cm Turuncu,1439.99,Yatak Odası,2026-05-24,05,0.0
Crispcheck İpliği Boyalı Çift Kişilik Çarşaflı Nevresim Takımı 200x220 cm Turuncu,1759.99,Yatak Odası,2026-05-24,05,0.0
Crispy Dots Ecosoft Tek Kişilik Pike 150x220 cm Yeşil,3199.99,Yatak Odası,2026-05-24,05,0.0
Crispy Garden Tek Kişilik Çok Amaçlı Örtü 160x220 cm Pembe,584.99,Yatak Odası,2026-05-24,05,0.0
Crystal Vibe İpliği Boyalı Tek Kişilik Çarşaflı Nevresim Takımı 160x220 cm Pembe,6499.99,Yatak Odası,2026-05-24,05,0.0
Crystal Vibe İpliği Boyalı Çift Kişilik Çarşaflı Nevresim Takımı 200x220 cm Pembe,6999.99,Yatak Odası,2026-05-24,05,0.0
Cuby Kolay Ütülenir Çift Kişilik Nevresim Seti 200x220 cm Gri-Hardal,3249.99,Yatak Odası,2026-05-24,05,0.0
Cuby Kolay Ütülenir Çift Kişilik Nevresim Seti 200x220 cm Seledon - Mavi,3249.99,Yatak Odası,2026-05-24,05,0.0
Curioleaf Pamuk Tek Kişilik Çarşaflı Nevresim Takımı 160x220 cm Bej,1279.99,Yatak Odası,2026-05-24,05,0.0
Daisy Chain Kolay Ütülenir 2li Yastık Kılıfı 50x70 cm Pembe,1149.99,Yatak Odası,2026-05-24,05,0.0
Daisy Charm King Size Çok Amaçlı Örtü 220x240 cm Yeşil,3899.99,Yatak Odası,2026-05-24,05,0.0
Daisy Charm Tek Kişilik Çok Amaçlı Örtü 160x220 cm Yeşil,463.99,Yatak Odası,2026-05-24,05,0.0
Daisy Charm Çift Kişilik Çok Amaçlı Örtü 200x220 cm Yeşil,543.99,Yatak Odası,2026-05-24,05,0.0
Daisy Harmony Soft Tek Kişilik Pike Takımı 150x220 cm Beyaz,8149.95,Yatak Odası,2026-05-24,05,0.0
Daisy Kamila King Size Çok Amaçlı Örtü 220x240 cm Açık Mavi,4999.99,Yatak Odası,2026-05-24,05,0.0
Daisy Kamila Tek Kişilik Çok Amaçlı Örtü 160x220 cm Açık Mavi,3499.99,Yatak Odası,2026-05-24,05,0.0
Daisy Kamila Çift Kişilik Çok Amaçlı Örtü 200x220 cm Açık Mavi,3999.99,Yatak Odası,2026-05-24,05,0.0
Daisy Touch Kolay Ütülenir Tek Kişilik Nevresim Seti 160x220 cm Lila-Turuncu,719.99,Yatak Odası,2026-05-24,05,0.0
Daisy Touch Kolay Ütülenir Çift Kişilik Nevresim Seti 200x220 cm Lila-Turuncu,719.99,Yatak Odası,2026-05-24,05,0.0
Damada Bloom Kolay Ütülenir Çarşaflı Tek Kişilik Nevresim Takımı 160x220 cm Sarı-Yeşil,7499.99,Yatak Odası,2026-05-24,05,0.0
Damada Bloom Kolay Ütülenir Çarşaflı Çift Kişilik Nevresim Takımı 200x220 cm Sarı-Yeşil,8999.99,Yatak Odası,2026-05-24,05,0.0
Delicate Bloss Pamuklu Tek Kişilik Nevresim Seti 160x220 cm Sarı-Yeşil,719.99,Yatak Odası,2026-05-24,05,0.0
Delicate Bloss Pamuklu Çift Kişilik Nevresim Seti 200x220 cm Sarı-Yeşil,1199.99,Yatak Odası,2026-05-24,05,0.0
Diamond Clam Tek Kişilik Çok Amaçlı Örtü 160x220 cm Bordo,809.99,Yatak Odası,2026-05-24,05,0.0
Diamond Twist Kolay Ütülenir Tek Kişilik Çarşaflı Nevresim Takımı 160x220 cm Koyu Mavi,959.99,Yatak Odası,2026-05-24,05,0.0
Diamond Twist Kolay Ütülenir Çift Kişilik Çarşaflı Nevresim Takımı 200x220 cm Koyu Mavi,1259.99,Yatak Odası,2026-05-24,05,0.0
Direct Message Unique Trine Kabartma Jakar Tekli Kırlent Kılıfı Yeşil,849.95,Yatak Odası,2026-05-24,05,0.0
Direct Message Unique Trine Kabartma Jakar Tekli Yastık Kılıfı Krem,849.95,Yatak Odası,2026-05-24,05,0.0
Dorma Mevsimsel Tek Kişilik Yorgan 155x215 cm Beyaz,9999.99,Yatak Odası,2026-05-24,05,0.0
Dorma Mevsimsel Çift Kişilik Yorgan 195x215 cm Beyaz,12999.99,Yatak Odası,2026-05-24,05,0.0
Dotty Gingham Kolay Ütülenir Tek Kişilik Çarşaflı Nevresim Takımı 160x220 cm Koyu Mavi-Yeşil,1079.99,Yatak Odası,2026-05-24,05,0.0
Dotty Gingham Kolay Ütülenir Çift Kişilik Çarşaflı Nevresim Takımı 200x220 cm Koyu Mavi-Yeşil,7499.99,Yatak Odası,2026-05-24,05,0.0
Dream Baskılı Pamuklu Tek Kişilik Pike Takımı 150x220 cm Pembe,1619.99,Yatak Odası,2026-05-24,05,0.0
Dream Baskılı Pamuklu Çift Kişilik Pike Takımı 200x220 cm Pembe,10999.99,Yatak Odası,2026-05-24,05,0.0
Dream Touch Örme Sıvı Geçirmez King Size Alez 180x200 cm Beyaz,479.99,Yatak Odası,2026-05-24,05,0.0
Dream Touch Örme Sıvı Geçirmez Tek Kişilik Alez 100x200 cm Beyaz,1999.99,Yatak Odası,2026-05-24,05,0.0
Dream Touch Örme Sıvı Geçirmez Çift Kişilik Alez 160x200 cm Beyaz,2499.99,Yatak Odası,2026-05-24,05,0.0
Dreamira Kaz Tüyü Yastık 50x70 cm Beyaz,9999.99,Yatak Odası,2026-05-24,05,0.0
Dreamy Patch Kolay Ütülenir Çift Kişilik Nevresim Seti 200x220 cm Pembe - Yeşil,4499.99,Yatak Odası,2026-05-24,05,0.0
Dulcie Tek Kişilik Pike 150x220 cm Mavi,479.99,Yatak Odası,2026-05-24,05,0.0
Dulcie Tek Kişilik Pike 150x220 cm Pembe,539.99,Yatak Odası,2026-05-24,05,0.0
Dulcie Çift Kişilik Pike 200x220 cm Mavi,559.99,Yatak Odası,2026-05-24,05,0.0
Dulcie Çift Kişilik Pike 200x220 cm Pembe,3499.99,Yatak Odası,2026-05-24,05,0.0
Dyna Tek Kişilik Pike Takımı 150x220 cm Mavi,7499.99,Yatak Odası,2026-05-24,05,0.0
Dyna Çift Kişilik Pike Takımı 200x220 cm Mavi,8999.99,Yatak Odası,2026-05-24,05,0.0
Düz Pamuklu Ara Ebat Lastikli Çarşaf 140x200 cm Gece Mavisi,3499.99,Yatak Odası,2026-05-24,05,0.0
Düz Pamuklu King Size Lastikli Çarşaf 180x200 cm Beyaz,3999.99,Yatak Odası,2026-05-24,05,0.0
Düz Pamuklu King Size Lastikli Çarşaf 180x200 cm Gece Mavisi,3999.99,Yatak Odası,2026-05-24,05,0.0
Düz Pamuklu Tek Kişilik Lastikli Çarşaf 100x200 cm Beyaz,2999.99,Yatak Odası,2026-05-24,05,0.0
Düz Pamuklu Tek Kişilik Lastikli Çarşaf 100x200 cm Gece Mavisi,2999.99,Yatak Odası,2026-05-24,05,0.0
Düz Pamuklu Tek Kişilik Lastikli Çarşaf 100x200 cm Kahve Köpüğü,2999.99,Yatak Odası,2026-05-24,05,0.0
Düz Pamuklu Tek Kişilik Lastikli Çarşaf 100x200 cm Toz Pembe,2999.99,Yatak Odası,2026-05-24,05,0.0
Düz Pamuklu Tek Kişilik Lastikli Çarşaf 100x200 cm Çakıl Taşı,2999.99,Yatak Odası,2026-05-24,05,0.0
Düz Pamuklu Tek Kişilik Lastikli Çarşaf 100x200 cm Çağla Yeşili,2999.99,Yatak Odası,2026-05-24,05,0.0
Düz Pamuklu Tek Kişilik Plus Lastikli Çarşaf 120x200 cm Beyaz,3249.99,Yatak Odası,2026-05-24,05,0.0
Düz Pamuklu Çift Kişilik Lastikli Çarşaf 160x200 cm Beyaz,3499.99,Yatak Odası,2026-05-24,05,0.0
Düz Pamuklu Çift Kişilik Lastikli Çarşaf 160x200 cm Gece Mavisi,3499.99,Yatak Odası,2026-05-24,05,0.0
Düz Pamuklu Çift Kişilik Lastikli Çarşaf 160x200 cm Kahve Köpüğü,3499.99,Yatak Odası,2026-05-24,05,0.0
Düz Pamuklu Çift Kişilik Lastikli Çarşaf 160x200 cm Toz Pembe,3499.99,Yatak Odası,2026-05-24,05,0.0
Düz Pamuklu Çift Kişilik Lastikli Çarşaf 160x200 cm Çakıl Taşı,3499.99,Yatak Odası,2026-05-24,05,0.0
Düz Pamuklu Çift Kişilik Lastikli Çarşaf 160x200 cm Çağla Yeşili,3499.99,Yatak Odası,2026-05-24,05,0.0
Elegant İpliği Boyalı Tek Kişilik Çarşaflı Nevresim Takımı 160x220 cm Gold,1439.99,Yatak Odası,2026-05-24,05,0.0
Elegant İpliği Boyalı Çift Kişilik Nevresim Takımı 200x220 cm Gold,2559.99,Yatak Odası,2026-05-24,05,0.0
Endless Journey Pamuklu Çift Kişilik Nevresim Seti 200x220 cm Taş Rengi,7499.99,Yatak Odası,2026-05-24,05,0.0
Ergonomik Boyun Destekli Visco Yastık 60x40x16 cm Beyaz,8999.99,Yatak Odası,2026-05-24,05,0.0
Essence %100 Pamuk Tek Kişilik Lastikli Çarşaf 100x200 cm Bej,2499.99,Yatak Odası,2026-05-24,05,0.0
Essence %100 Pamuk Tek Kişilik Lastikli Çarşaf 100x200 cm Beyaz,2499.99,Yatak Odası,2026-05-24,05,0.0
Essence %100 Pamuk Tek Kişilik Lastikli Çarşaf 100x200 cm Gri,2499.99,Yatak Odası,2026-05-24,05,0.0
Essence %100 Pamuk Tek Kişilik Lastikli Çarşaf 100x200 cm Lila,2499.99,Yatak Odası,2026-05-24,05,0.0
Essence %100 Pamuk Tek Kişilik Lastikli Çarşaf 100x200 cm Ortanca Mavi,2499.99,Yatak Odası,2026-05-24,05,0.0
Essence %100 Pamuk Tek Kişilik Lastikli Çarşaf 100x200 cm Toz Pembe,2499.99,Yatak Odası,2026-05-24,05,0.0
Essence %100 Pamuk Tek Kişilik Lastikli Çarşaf 100x200 cm Yeşil,2499.99,Yatak Odası,2026-05-24,05,0.0
Essence %100 Pamuk Çift Kişilik Lastikli Çarşaf 160x200 cm Bej,2999.99,Yatak Odası,2026-05-24,05,0.0
Essence %100 Pamuk Çift Kişilik Lastikli Çarşaf 160x200 cm Gri,2999.99,Yatak Odası,2026-05-24,05,0.0
Essence %100 Pamuk Çift Kişilik Lastikli Çarşaf 160x200 cm Lila,2999.99,Yatak Odası,2026-05-24,05,0.0
Essence %100 Pamuk Çift Kişilik Lastikli Çarşaf 160x200 cm Ortanca Mavi,2999.99,Yatak Odası,2026-05-24,05,0.0
Ethnic Charm Kolay Ütülenir Tek Kişilik Çarşaflı Nevresim Takımı 160x220 cm Yağ Yeşili,959.99,Yatak Odası,2026-05-24,05,0.0
Felix Baskılı Pamuklu Tek Kişilik Pike Takımı 150x220 cm Sarı,8999.99,Yatak Odası,2026-05-24,05,0.0
Felix Baskılı Pamuklu Çift Kişilik Pike Takımı 200x220 cm Sarı,1599.99,Yatak Odası,2026-05-24,05,0.0
Fiesta Baskılı Mikrofiber Tek Kişilik Yorgan 155x215 cm Taş Rengi,899.99,Yatak Odası,2026-05-24,05,0.0
Fiesta Baskılı Mikrofiber Çift Kişilik Yorgan 195x215 cm Taş Rengi,1039.99,Yatak Odası,2026-05-24,05,0.0
Fiore Baskılı Pamuklu Tek Kişilik Pike 150x220 cm Mor,639.99,Yatak Odası,2026-05-24,05,0.0
Fiore Baskılı Pamuklu Çift Kişilik Pike 200x220 cm Mor,719.99,Yatak Odası,2026-05-24,05,0.0
Fiore Kolay Ütülenir 2li Yastık Kılıfı 50x70 cm Mor,1499.99,Yatak Odası,2026-05-24,05,0.0
Fiore Viola Tek Kişilik Çok Amaçlı Örtü 160x220 cm Mor,2999.99,Yatak Odası,2026-05-24,05,0.0
Fioreline Dijital Baskılı Kolay Ütülenir  Tek Kişilik Çarşaflı Nevresim Takımı 160x220 cm Yeşil-Sarı,799.99,Yatak Odası,2026-05-24,05,0.0
Fioreline Dijital Baskılı Kolay Ütülenir  Çift Kişilik Çarşaflı Nevresim Takımı 200x220 cm Yeşil-Sarı,7999.99,Yatak Odası,2026-05-24,05,0.0
Fleur 3D Jakarlı Yastık 50x70 cm Beyaz,3999.99,Yatak Odası,2026-05-24,05,0.0
Fleur Multicolore King Size Çok Amaçlı Örtü 220x240 cm Yavruağzı,899.99,Yatak Odası,2026-05-24,05,0.0
Fleur Multicolore Tek Kişilik Çok Amaçlı Örtü 160x220 cm Yavruağzı,629.99,Yatak Odası,2026-05-24,05,0.0
Fleur Multicolore Çift Kişilik Çok Amaçlı Örtü 200x220 cm Yavruağzı,719.99,Yatak Odası,2026-05-24,05,0.0
Flora Drape Tek Kişilik Çok Amaçlı Örtü 160x220 cm Mavi,559.99,Yatak Odası,2026-05-24,05,0.0
Flora Drape Çift Kişilik Çok Amaçlı Örtü 200x220 cm Mavi,899.99,Yatak Odası,2026-05-24,05,0.0
Floral Breeze Baskılı Pamuklu Tek Kişilik Pike 150x220 cm Yeşil,639.99,Yatak Odası,2026-05-24,05,0.0
Floral Breeze Baskılı Pamuklu Çift Kişilik Pike 200x220 cm Yeşil,719.99,Yatak Odası,2026-05-24,05,0.0
Floral Breeze Kolay Ütülenir 2li Yastık Kılıfı 50x70 cm Yeşil,1499.99,Yatak Odası,2026-05-24,05,0.0
Floral Cascade King Size Çok Amaçlı Örtü 240x220 cm Pembe,4499.99,Yatak Odası,2026-05-24,05,0.0
Floral Cascade Tek Kişilik Çok Amaçlı Örtü 160x220 cm Pembe,629.99,Yatak Odası,2026-05-24,05,0.0
Floral Cascade Çift Kişilik Çok Amaçlı Örtü 200x220 cm Pembe,719.99,Yatak Odası,2026-05-24,05,0.0
Floral Euphoria Fırfırlı Çift Kişilik Yatak Örtüsü Takımı 200x220 cm Pembe,4999.99,Yatak Odası,2026-05-24,05,0.0
Floral Serenade King Size Çok Amaçlı Örtü 240x220 cm Pembe,809.99,Yatak Odası,2026-05-24,05,0.0
Floral Serenade Tek Kişilik Çok Amaçlı Örtü 160x220 cm Pembe,489.99,Yatak Odası,2026-05-24,05,0.0
Floral Serenade Çift Kişilik Çok Amaçlı Örtü 200x220 cm Pembe,639.99,Yatak Odası,2026-05-24,05,0.0
Floral Trail Kolay Ütülenir 2li Yastık Kılıfı 50x70 cm Bej,1499.99,Yatak Odası,2026-05-24,05,0.0
Floral Trail Tek Kişilik Pike 150x220 cm Bej,449.99,Yatak Odası,2026-05-24,05,0.0
Floral Trail Çift Kişilik Pike 200x220 cm Bej,479.99,Yatak Odası,2026-05-24,05,0.0
Floral Twilight Tek Kişilik Çok Amaçlı Örtü 160x220 cm Mavi,2999.99,Yatak Odası,2026-05-24,05,0.0
Florish Pamuk Tek Kişilik Çarşaflı Nevresim Takımı 160x220 cm Yeşil,1199.99,Yatak Odası,2026-05-24,05,0.0
Florish Pamuk Çift Kişilik Nevresim Takımı 200x220 cm Yeşil,11999.99,Yatak Odası,2026-05-24,05,0.0
Flower Stripes Baskılı Pamuklu Tek Kişilik Pike Takımı 150x220 cm Sarı,8999.99,Yatak Odası,2026-05-24,05,0.0
Flower Stripes Baskılı Pamuklu Çift Kişilik Pike Takımı 200x220 cm Sarı,10999.99,Yatak Odası,2026-05-24,05,0.0
Flowery Kolay Ütülenir Çarşaflı Tek Kişilik Nevresim Takımı 160x220 cm Mavi - Yeşil,6499.99,Yatak Odası,2026-05-24,05,0.0
Forest Blossom Baskılı Pamuklu Tek Kişilik Pike 150x220 cm Yeşil,3499.99,Yatak Odası,2026-05-24,05,0.0
Forest Blossom Baskılı Pamuklu Çift Kişilik Pike 200x220 cm Yeşil,639.99,Yatak Odası,2026-05-24,05,0.0
Forest Blossom Kolay Ütülenir 2li Yastık Kılıfı 50x70 cm Mavi - Yeşil,1499.99,Yatak Odası,2026-05-24,05,0.0
Fragile Ivy Kolay Ütülenir Çarşaflı Çift Kişilik Nevresim Takımı 200x220 cm Lacivert,6999.99,Yatak Odası,2026-05-24,05,0.0
Fragrant Garden Kolay Ütülenir Çarşaflı Tek Kişilik Nevresim Takımı 160x220 cm Kırmızı - Yeşil,6499.99,Yatak Odası,2026-05-24,05,0.0
Fragrant Garden Kolay Ütülenir Çarşaflı Çift Kişilik Nevresim Takımı 200x220 cm Kırmızı - Yeşil,7999.99,Yatak Odası,2026-05-24,05,0.0
Fresh Ivy Kolay Ütülenir Çarşaflı Tek Kişilik Nevresim Takımı 160x220 cm Mavi,1199.99,Yatak Odası,2026-05-24,05,0.0
Fresh Ivy Kolay Ütülenir Çarşaflı Çift Kişilik Nevresim Takımı 200x220 cm Mavi,8999.99,Yatak Odası,2026-05-24,05,0.0
Fresh Sprout Kolay Ütülenir 2li Yastık Kılıfı 50x70 cm Yeşil-Sarı,1499.99,Yatak Odası,2026-05-24,05,0.0
Fresh Sprout Tek Kişilik Pike 150x220 cm Yeşil,2399.99,Yatak Odası,2026-05-24,05,0.0
Fresh Sprout Çift Kişilik Pike 200x220 cm Yeşil,2899.99,Yatak Odası,2026-05-24,05,0.0
Fresh Tartan Kolay Ütülenir Tek Kişilik Çarşaflı Nevresim Takımı 160x220 cm Mavi,959.99,Yatak Odası,2026-05-24,05,0.0
Fresh Tartan Kolay Ütülenir Çift Kişilik Çarşaflı Nevresim Takımı 200x220 cm Mavi,7349.99,Yatak Odası,2026-05-24,05,0.0
Fresh Touch Sıvı Geçirmez Alez Yastık Kılıfı 50x70 cm Beyaz,999.99,Yatak Odası,2026-05-24,05,0.0
Fresh Touch Sıvı Geçirmez Tek Kişilik Yatak Koruyucu Alez 100x200 cm Beyaz,1749.99,Yatak Odası,2026-05-24,05,0.0
Fresh Touch Sıvı Geçirmez Çift Kişilik Yatak Koruyucu Alez 180x200 cm Beyaz,2499.99,Yatak Odası,2026-05-24,05,0.0
Fruit Fiesta King Size Çok Amaçlı Örtü 240x220 cm Yeşil,4999.99,Yatak Odası,2026-05-24,05,0.0
Fruit Fiesta Tek Kişilik Çok Amaçlı Örtü 160x220 cm Yeşil,3499.99,Yatak Odası,2026-05-24,05,0.0
Fruit Fiesta Çift Kişilik Çok Amaçlı Örtü 200x220 cm Yeşil,3999.99,Yatak Odası,2026-05-24,05,0.0
Garden Glory Pamuk Tek Kişilik Çarşaflı Nevresim Takımı 160x220 cm Yeşil,1199.99,Yatak Odası,2026-05-24,05,0.0
Garden Lullaby  Kolay Ütülenir Tek Kişilik Çarşaflı Nevresim Takımı 160x220 cm Koyu Mavi,959.99,Yatak Odası,2026-05-24,05,0.0
Garden Toile Pamuklu Çarşaflı Tek Kişilik Nevresim Takımı 160x220 cm Bej,1439.99,Yatak Odası,2026-05-24,05,0.0
Garden Toile Pamuklu Çarşaflı Çift Kişilik Nevresim Takımı 200x220 cm Bej,10999.99,Yatak Odası,2026-05-24,05,0.0
Garden Veil Kolay Ütülenir Çarşaflı Tek Kişilik Nevresim Takımı 160x220 cm Pudra,959.99,Yatak Odası,2026-05-24,05,0.0
Garden Veil Kolay Ütülenir Çarşaflı Tek Kişilik Nevresim Takımı 160x220 cm Yağ Yeşili,839.99,Yatak Odası,2026-05-24,05,0.0
Garden Veil Kolay Ütülenir Çarşaflı Çift Kişilik Nevresim Takımı 200x220 cm Pudra,1259.99,Yatak Odası,2026-05-24,05,0.0
Garden Veil Kolay Ütülenir Çarşaflı Çift Kişilik Nevresim Takımı 200x220 cm Yağ Yeşili,1259.99,Yatak Odası,2026-05-24,05,0.0
Gentle Florals Kolay Ütülenir 2li Yastık Kılıfı 50x70 cm Mavi - Pembe,1499.99,Yatak Odası,2026-05-24,05,0.0
Gentle Florals Tek Kişilik Pike 150x220 cm Yeşil,3499.99,Yatak Odası,2026-05-24,05,0.0
Gentle Florals Çift Kişilik Pike 200x220 cm Yeşil,3999.99,Yatak Odası,2026-05-24,05,0.0
Gentle Flower Pamuk Tek Kişilik Çarşaflı Nevresim Takımı 160x220 cm Yeşil-Mavi,6999.99,Yatak Odası,2026-05-24,05,0.0
Gentle Swirl Kolay Ütülenir Çarşaflı Tek Kişilik Nevresim Takımı 160x220 cm Sarı,5999.99,Yatak Odası,2026-05-24,05,0.0
Gentle Swirl Kolay Ütülenir Çarşaflı Tek Kişilik Nevresim Takımı 160x220 cm Yeşil,839.99,Yatak Odası,2026-05-24,05,0.0
Gentle Swirl Kolay Ütülenir Çarşaflı Çift Kişilik Nevresim Takımı 200x220 cm Sarı,1259.99,Yatak Odası,2026-05-24,05,0.0
Gentle Swirl Kolay Ütülenir Çarşaflı Çift Kişilik Nevresim Takımı 200x220 cm Yeşil,6999.99,Yatak Odası,2026-05-24,05,0.0
Geo Harmony Kolay Ütülenir Çarşaflı Tek Kişilik Nevresim Takımı 160x220 cm Mavi-Sarı,1039.99,Yatak Odası,2026-05-24,05,0.0
Geo Harmony Kolay Ütülenir Çarşaflı Çift Kişilik Nevresim Takımı 200x220 cm Mavi-Sarı,1279.99,Yatak Odası,2026-05-24,05,0.0
Geo Plaid Pamuklu 2li Yastık Kılıfı 50x70 cm Yeşil-Pembe,1499.99,Yatak Odası,2026-05-24,05,0.0
Geomora Kolay Ütülenir Tek Kişilik Çarşaflı Nevresim Takımı 160x220 cm Vizon,959.99,Yatak Odası,2026-05-24,05,0.0
Geomora Kolay Ütülenir Çift Kişilik Çarşaflı Nevresim Takımı 200x220 cm Vizon,1259.99,Yatak Odası,2026-05-24,05,0.0
Glare Jakarlı Tek Kişilik Çarşaflı Nevresim Takımı 160x220 cm Bej,1599.99,Yatak Odası,2026-05-24,05,0.0
Glare Jakarlı Tek Kişilik Çarşaflı Nevresim Takımı 160x220 cm Beyaz,1599.99,Yatak Odası,2026-05-24,05,0.0
Glare King Size Çarşaflı Nevresim Takımı Beyaz,17999.99,Yatak Odası,2026-05-24,05,0.0
Glare Tek Kişilik Nevresim Takımı Yeşil,9999.99,Yatak Odası,2026-05-24,05,0.0
Glen Plaid İpliği Boyalı Tek Kişilik Çarşaflı Nevresim Takımı 160x220 cm Koyu Bej,1439.99,Yatak Odası,2026-05-24,05,0.0
Glen Plaid İpliği Boyalı Çift Kişilik Çarşaflı Nevresim Takımı 200x220 cm Koyu Bej,1759.99,Yatak Odası,2026-05-24,05,0.0
Glint Stripes İpliği Boyalı Tek Kişilik Çarşaflı Nevresim Takımı 160x220 cm Bej-Gri,1259.99,Yatak Odası,2026-05-24,05,0.0
Glint Stripes İpliği Boyalı Çift Kişilik Çarşaflı Nevresim Takımı 200x220 cm Bej-Gri,1979.99,Yatak Odası,2026-05-24,05,0.0
Glossline İpliği Boyalı Tek Kişilik Çarşaflı Nevresim Takımı 160x220 cm Gold,1259.99,Yatak Odası,2026-05-24,05,0.0
Glossline İpliği Boyalı Çift Kişilik Çarşaflı Nevresim Takımı 200x220 cm Gold,1759.99,Yatak Odası,2026-05-24,05,0.0
Glossy Kolay Ütülenir Perkal Tek Kişilik Çarşaflı Nevresim Takımı 160x220 cm Beyaz,1259.99,Yatak Odası,2026-05-24,05,0.0
Glossy Kolay Ütülenir Perkal Tek Kişilik Çarşaflı Nevresim Takımı 160x220 cm Gri,8999.99,Yatak Odası,2026-05-24,05,0.0
Glossy Kolay Ütülenir Perkal Tek Kişilik Çarşaflı Nevresim Takımı 160x220 cm Sisli Mürdüm,1439.99,Yatak Odası,2026-05-24,05,0.0
Glossy Kolay Ütülenir Perkal Çift Kişilik Çarşaflı Nevresim Takımı 200x220 cm Beyaz,1759.99,Yatak Odası,2026-05-24,05,0.0
Glossy Kolay Ütülenir Perkal Çift Kişilik Çarşaflı Nevresim Takımı 200x220 cm Gri,10999.99,Yatak Odası,2026-05-24,05,0.0
Glowing Bears Pamuklu Bebe Battaniye 100x120 cm Seledon,404.99,Yatak Odası,2026-05-24,05,0.0
Golden Petals Kolay Ütülenir 2li Yastık Kılıfı 50x70 cm Sarı,1499.99,Yatak Odası,2026-05-24,05,0.0
Golden Petals Tek Kişilik Pike 150x220 cm Sarı,2499.99,Yatak Odası,2026-05-24,05,0.0
Golden Petals Çift Kişilik Pike 200x220 cm Sarı,2999.99,Yatak Odası,2026-05-24,05,0.0
Grandiose Ajurlu Perkal Çift Kişilik Çarşaflı Nevresim Takımı 200x220 cm Beyaz,2399.99,Yatak Odası,2026-05-24,05,0.0
Graphic Grid Kolay Ütülenir Tek Kişilik Çarşaflı Nevresim Takımı 160x220 cm Gri,839.99,Yatak Odası,2026-05-24,05,0.0
Graphic Grid Kolay Ütülenir Çift Kişilik Çarşaflı Nevresim Takımı 200x220 cm Gri,6999.99,Yatak Odası,2026-05-24,05,0.0
Green Harmony Baskılı Pamuklu Tek Kişilik Pike 150x220 cm Yeşil,3499.99,Yatak Odası,2026-05-24,05,0.0
Green Harmony Baskılı Pamuklu Çift Kişilik Pike 200x220 cm Yeşil,3999.99,Yatak Odası,2026-05-24,05,0.0
Green Harmony Kolay Ütülenir 2li Yastık Kılıfı 50x70 cm Yeşil,1499.99,Yatak Odası,2026-05-24,05,0.0
Gridline Kolay Ütülenir Çarşaflı Tek Kişilik Nevresim Takımı 160x220 cm Seledon-Mürdüm,959.99,Yatak Odası,2026-05-24,05,0.0
Gridline Kolay Ütülenir Çarşaflı Tek Kişilik Nevresim Takımı 160x220 cm Yağ Yeşili- Mavi,959.99,Yatak Odası,2026-05-24,05,0.0
Gridline Kolay Ütülenir Çarşaflı Çift Kişilik Nevresim Takımı 200x220 cm Seledon-Mürdüm,1119.99,Yatak Odası,2026-05-24,05,0.0
Gridline Kolay Ütülenir Çarşaflı Çift Kişilik Nevresim Takımı 200x220 cm Yağ Yeşili- Mavi,1119.99,Yatak Odası,2026-05-24,05,0.0
Harlem King Size Çok Amaçlı Örtü 240x220 cm Lacivert,719.99,Yatak Odası,2026-05-24,05,0.0
Harlem Tek Kişilik Çok Amaçlı Örtü 160x220 cm Lacivert,629.99,Yatak Odası,2026-05-24,05,0.0
Harlem Çift Kişilik Çok Amaçlı Örtü 200x220 cm Lacivert,639.99,Yatak Odası,2026-05-24,05,0.0
Heritage Grace Kolay Ütülenir Çarşaflı Tek Kişilik Nevresim Takımı 160x220 cm Haki,5999.99,Yatak Odası,2026-05-24,05,0.0
Heritage Grace Kolay Ütülenir Çarşaflı Çift Kişilik Nevresim Takımı 200x220 cm Haki,1259.99,Yatak Odası,2026-05-24,05,0.0
Heritage blue Baskılı Pamuklu Tek Kişilik Pike 150x220 cm Mavi,719.99,Yatak Odası,2026-05-24,05,0.0
Heritage blue Baskılı Pamuklu Çift Kişilik Pike 200x220 cm Mavi,809.99,Yatak Odası,2026-05-24,05,0.0
Heritage blue Kolay Ütülenir 2li Yastık Kılıfı 50x70 cm Mavi,1499.99,Yatak Odası,2026-05-24,05,0.0
Icy Cool Touch Alez Yastık Kılıfı 50x70 cm Mavi,479.99,Yatak Odası,2026-05-24,05,0.0
Imperial Lace Güpürlü Oxford King Size Nevresim Takımı 240x220 cm Beyaz,18999.99,Yatak Odası,2026-05-24,05,0.0
Ivy Blush Kolay Ütülenir Çarşaflı Tek Kişilik Nevresim Takımı 160x220 cm Mor,959.99,Yatak Odası,2026-05-24,05,0.0
Ivy Blush Kolay Ütülenir Çarşaflı Çift Kişilik Nevresim Takımı 200x220 cm Hardal,6999.99,Yatak Odası,2026-05-24,05,0.0
Ivy Blush Kolay Ütülenir Çarşaflı Çift Kişilik Nevresim Takımı 200x220 cm Mor,1259.99,Yatak Odası,2026-05-24,05,0.0
Jacobean Plaid Tek Kişilik Çok Amaçlı Örtü 160x220 cm Bordo,629.99,Yatak Odası,2026-05-24,05,0.0
Jardin Belle Tek Kişilik Yatak Örtüsü Takımı 160x220 cm Bordo,1599.99,Yatak Odası,2026-05-24,05,0.0
Jardin Belle Çift Kişilik Yatak Örtüsü Takımı 200x220 cm Bordo,2249.99,Yatak Odası,2026-05-24,05,0.0
Jardin Lume King Size Çok Amaçlı Örtü 220x240 cm Yeşil,4499.99,Yatak Odası,2026-05-24,05,0.0
Jardin Lume Tek Kişilik Çok Amaçlı Örtü 160x220 cm Yeşil,3499.99,Yatak Odası,2026-05-24,05,0.0
Jardin Lume Çift Kişilik Çok Amaçlı Örtü 200x220 cm Yeşil,3999.99,Yatak Odası,2026-05-24,05,0.0
Jouyline Pamuklu Çarşaflı Tek Kişilik Nevresim Takımı 160x220 cm Yeşil,8999.99,Yatak Odası,2026-05-24,05,0.0
Jouyline Pamuklu Çarşaflı Çift Kişilik Nevresim Takımı 200x220 cm Yeşil,1799.99,Yatak Odası,2026-05-24,05,0.0
Knitline Pamuk Tek Kişilik Nevresim Takımı 160x220 cm Yeşil,7999.99,Yatak Odası,2026-05-24,05,0.0
Lace Elegance Kopanakili Perkal Tek Kişilik Çarşaflı Nevresim Takımı 160x220 cm Beyaz,2159.99,Yatak Odası,2026-05-24,05,0.0
Lace Elegance Kopanakili Perkal Tek Kişilik Çarşaflı Nevresim Takımı 160x220 cm Yeşil,8999.99,Yatak Odası,2026-05-24,05,0.0
Layna Yün Alez Yastık Kılıfı 50x70 cm Krem,1999.99,Yatak Odası,2026-05-24,05,0.0
Layna Yün Yastık 50x70 cm Krem,7499.99,Yatak Odası,2026-05-24,05,0.0
Layna Yıkanabilir Yün Çift Kişilik Yorgan 195x215 cm Krem,14999.99,Yatak Odası,2026-05-24,05,0.0
Leaf Dream Kolay Ütülenir Tek Kişilik Nevresim Takımı 160x220 cm Mavi,5999.99,Yatak Odası,2026-05-24,05,0.0
Leaf Dream Kolay Ütülenir Tek Kişilik Çarşaflı Nevresim Takımı 160x220 cm Yeşil,5999.99,Yatak Odası,2026-05-24,05,0.0
Leaf Dream Kolay Ütülenir Çift Kişilik Çarşaflı Nevresim Takımı 200x220 cm Mavi,6999.99,Yatak Odası,2026-05-24,05,0.0
Leaf Dream Kolay Ütülenir Çift Kişilik Çarşaflı Nevresim Takımı 200x220 cm Yeşil,1119.99,Yatak Odası,2026-05-24,05,0.0
Leafline Baskılı Pamuklu Tek Kişilik Pike 150x220 cm Yeşil,3499.99,Yatak Odası,2026-05-24,05,0.0
Leafline Baskılı Pamuklu Çift Kişilik Pike 200x220 cm Yeşil,719.99,Yatak Odası,2026-05-24,05,0.0
Leafline Kolay Ütülenir 2li Yastık Kılıfı 50x70 cm Yeşil,1499.99,Yatak Odası,2026-05-24,05,0.0
Lemon Delight Tek Kişilik Çok Amaçlı Örtü 160x220 cm Sarı,2999.99,Yatak Odası,2026-05-24,05,0.0
Lemon Delight Çift Kişilik Çok Amaçlı Örtü 200x220 cm Sarı,3499.99,Yatak Odası,2026-05-24,05,0.0
Lilitha Kolay Ütülenir Çarşaflı Tek Kişilik Nevresim Takımı 160x220 cm Lila,5999.99,Yatak Odası,2026-05-24,05,0.0
Lilitha Kolay Ütülenir Çarşaflı Tek Kişilik Nevresim Takımı 160x220 cm Pudra,5999.99,Yatak Odası,2026-05-24,05,0.0
Lilitha Kolay Ütülenir Çarşaflı Çift Kişilik Nevresim Takımı 200x220 cm Lila,6999.99,Yatak Odası,2026-05-24,05,0.0
Lilitha Kolay Ütülenir Çarşaflı Çift Kişilik Nevresim Takımı 200x220 cm Pudra,6999.99,Yatak Odası,2026-05-24,05,0.0
Line Art Tek Kişilik Yatak Örtüsü Takımı Gri,3999.99,Yatak Odası,2026-05-24,05,0.0
Line Art Çift Kişilik Yatak Örtüsü Takımı Gri,5999.99,Yatak Odası,2026-05-24,05,0.0
Line Mesh İpliği Boyalı Tek Kişilik Çarşaflı Nevresim Takımı 160x220 cm Gri,8999.99,Yatak Odası,2026-05-24,05,0.0
Line Mesh İpliği Boyalı Çift Kişilik Çarşaflı Nevresim Takımı 200x220 cm Gri,10999.99,Yatak Odası,2026-05-24,05,0.0
Line Motion Kolay Ütülenir Tek Kişilik Çarşaflı Nevresim Takımı 160x220 cm Lacivert - Bej,5999.99,Yatak Odası,2026-05-24,05,0.0
Line Motion Kolay Ütülenir Çift Kişilik Çarşaflı Nevresim Takımı 200x220 cm Lacivert - Bej,7499.99,Yatak Odası,2026-05-24,05,0.0
Lines & Dots Kolay Ütülenir Çarşaflı Tek Kişilik Nevresim Takımı 160x220 cm Mavi,1199.99,Yatak Odası,2026-05-24,05,0.0
Lines & Dots Kolay Ütülenir Çarşaflı Çift Kişilik Nevresim Takımı 200x220 cm Mavi,1439.99,Yatak Odası,2026-05-24,05,0.0
Linescape Kolay Ütülenir Tek Kişilik Çarşaflı Nevresim Takımı 160x220 cm Açık Mavi,1169.99,Yatak Odası,2026-05-24,05,0.0
Linescape Kolay Ütülenir Çift Kişilik Çarşaflı Nevresim Takımı 200x220 cm Açık Mavi,7999.99,Yatak Odası,2026-05-24,05,0.0
Linework Kolay Ütülenir Tek Kişilik Çarşaflı Nevresim Takımı 160x220 cm Açık Mürdüm,959.99,Yatak Odası,2026-05-24,05,0.0
Liny İpliği Boyalı Tek Kişilik Çarşaflı Nevresim Takımı 160x220 cm Terracotta,879.99,Yatak Odası,2026-05-24,05,0.0
Lior Tek Kişilik Pike 150x220 cm Sarı,629.99,Yatak Odası,2026-05-24,05,0.0
Lior Çift Kişilik Pike 200x220 cm Sarı,639.99,Yatak Odası,2026-05-24,05,0.0
Lorita Baskılı Pamuklu Çift Kişilik Pike 200x220 cm Mavi,5999.99,Yatak Odası,2026-05-24,05,0.0
Love Bow Pamuklu Bebe Battaniye 100x120 cm Somon,404.98,Yatak Odası,2026-05-24,05,0.0
Lumira Fiorito  King Size Çok Amaçlı Örtü 220x240 cm Açık Mavi,4499.99,Yatak Odası,2026-05-24,05,0.0
Lumira Fiorito  Tek Kişilik Çok Amaçlı Örtü 160x220 cm Açık Mavi,3499.99,Yatak Odası,2026-05-24,05,0.0
Lumira Fiorito  Çift Kişilik Çok Amaçlı Örtü 200x220 cm Açık Mavi,3999.99,Yatak Odası,2026-05-24,05,0.0
Lunar Waffle Mikrojel Yastık 50x70 cm Beyaz,3999.99,Yatak Odası,2026-05-24,05,0.0
Lush Blooms Kolay Ütülenir Çift Kişilik Nevresim Takımı 200x220 cm Lila-Yeşil,6999.99,Yatak Odası,2026-05-24,05,0.0
Lush Leopard Jakarlı Çift Kişilik Çarşaflı Nevresim Takımı 200x220 cm Bej,13999.99,Yatak Odası,2026-05-24,05,0.0
Luzia Kolay Ütülenir 2li Yastık Kılıfı 50x70 cm Mavi,1499.99,Yatak Odası,2026-05-24,05,0.0
Luzia Tek Kişilik Pike 150x220 cm Mavi,2499.99,Yatak Odası,2026-05-24,05,0.0
Luzia Çift Kişilik Pike 200x220 cm Mavi,479.99,Yatak Odası,2026-05-24,05,0.0
Maisy Baskılı Pamuklu Tek Kişilik Pike Takımı 150x220 cm Mavi,8999.99,Yatak Odası,2026-05-24,05,0.0
Maisy Baskılı Pamuklu Çift Kişilik Pike Takımı 200x220 cm Mavi,10999.99,Yatak Odası,2026-05-24,05,0.0
Marcel Tek Kişilik Pike Takımı 150x220 cm Mor,7499.99,Yatak Odası,2026-05-24,05,0.0
Marcel Çift Kişilik Pike Takımı 200x220 cm Mor,9999.99,Yatak Odası,2026-05-24,05,0.0
Maren Baskılı Pamuklu Tek Kişilik Pike Takımı 150x220 cm Mavi,7999.99,Yatak Odası,2026-05-24,05,0.0
Maren Baskılı Pamuklu Çift Kişilik Pike Takımı 200x220 cm Mavi,8999.99,Yatak Odası,2026-05-24,05,0.0
Maris Baskılı Pamuklu Tek Kişilik Pike 150x220 cm Mavi,3999.99,Yatak Odası,2026-05-24,05,0.0
Maris Baskılı Pamuklu Çift Kişilik Pike 200x220 cm Mavi,4999.99,Yatak Odası,2026-05-24,05,0.0
Maris Kolay Ütülenir 2li Yastık Kılıfı 50x70 cm Mavi,1499.99,Yatak Odası,2026-05-24,05,0.0
Meadow Magic Pamuk Tek Kişilik Çarşaflı Nevresim Takımı 160x220 cm Turuncu-Mavi,1119.99,Yatak Odası,2026-05-24,05,
Micell Pamuk Saten 2li Yastık Kılıfı 50x70 cm Gümüş,1749.99,Yatak Odası,2026-05-24,05,0.0
Micell Pamuk Saten Çift Kişilik Lastikli Çarşaf Antrasit,3999.99,Yatak Odası,2026-05-24,05,
Micell Pamuk Saten Çift Kişilik Çarşaf 240x260 cm Yeşil,4749.99,Yatak Odası,2026-05-24,05,0.0
Mini Cachemire Tek Kişilik Yatak Örtüsü Takımı 160x220 cm Lacivert,3999.99,Yatak Odası,2026-05-24,05,0.0
Mini Cachemire  Çift Kişilik Yatak Örtüsü Takımı 200x220 cm Lacivert,5999.99,Yatak Odası,2026-05-24,05,0.0
Minibloss Pamuklu Çift Kişilik Nevresim Seti 200x220 cm Lila,5999.99,Yatak Odası,2026-05-24,05,0.0
Mira Blush King Size Çok Amaçlı Örtü 220x240 cm Fuşya,701.99,Yatak Odası,2026-05-24,05,0.0
Mira Blush Tek Kişilik Çok Amaçlı Örtü 160x220 cm Fuşya,463.99,Yatak Odası,2026-05-24,05,0.0
Mira Blush Çift Kişilik Çok Amaçlı Örtü 200x220 cm Fuşya,543.99,Yatak Odası,2026-05-24,05,0.0
Misty Dream Dijital Baskılı Kolay Ütülenir  Çift Kişilik Çarşaflı Nevresim Takımı 200x220 cm Mor,7999.99,Yatak Odası,2026-05-24,05,0.0
Misty Dream Dijital Baskılı Kolay Ütülenir Çarşaflı Tek Kişilik Nevresim Takımı 160x220 cm Mor,899.99,Yatak Odası,2026-05-24,05,0.0
Misty Flora Tek Kişilik Çok Amaçlı Örtü 160x220 cm Açık Mavi,3499.99,Yatak Odası,2026-05-24,05,0.0
Misty Flora Çift Kişilik Çok Amaçlı Örtü 200x220 cm Açık Mavi,3999.99,Yatak Odası,2026-05-24,05,0.0
Misty Flora King Size Çok Amaçlı Örtü 220x240 cm Açık Mavi,4499.99,Yatak Odası,2026-05-24,05,0.0
Modern Braid Kolay Ütülenir Tek Kişilik Çarşaflı Nevresim Takımı 160x220 cm Yeşil-Mavi,959.99,Yatak Odası,2026-05-24,05,0.0
Modern Frame Nakışlı Perkal King Size Nevresim Takımı 240x220 cm Gold,19999.99,Yatak Odası,2026-05-24,05,0.0
Modern Frame Nakışlı Perkal Super King Nevresim Takımı 260x220 cm Gümüş,20999.99,Yatak Odası,2026-05-24,05,0.0
Modern Frame Nakışlı Perkal Super King Çarşaflı Nevresim Takımı 260x220 cm Gold,20999.99,Yatak Odası,2026-05-24,05,0.0
Modern Grid Tek Kişilik Pike 150x220 cm Gri,1499.99,Yatak Odası,2026-05-24,05,
Modern Grid Tek Kişilik Pike 150x220 cm Seledon,1499.99,Yatak Odası,2026-05-24,05,
Modern Grid Çift Kişilik Pike 180x220 cm Gri,1999.99,Yatak Odası,2026-05-24,05,
Modern Grid Çift Kişilik Pike 180x220 cm Seledon,1999.99,Yatak Odası,2026-05-24,05,
Modern Harmony Armürlü Çift Kişilik Çarşaflı Nevresim Takımı 200x220 cm Beyaz,10999.99,Yatak Odası,2026-05-24,05,0.0
Mono Diamond İpliği Boyalı Tek Kişilik Çarşaflı Nevresim Takımı 160x220 cm Gri,1439.99,Yatak Odası,2026-05-24,05,0.0
Mono Diamond İpliği Boyalı Çift Kişilik Çarşaflı Nevresim Takımı 200x220 cm Gri,1759.99,Yatak Odası,2026-05-24,05,0.0
Mosa Blu Tek Kişilik Yatak Örtüsü Takımı 160x220 cm Lacivert,3999.99,Yatak Odası,2026-05-24,05,0.0
Mosa Blu Çift Kişilik Yatak Örtüsü Takımı 200x220 cm Lacivert,5999.99,Yatak Odası,2026-05-24,05,0.0
Mosaicca Kolay Ütülenir Tek Kişilik Nevresim Seti 160x220 cm Hardal-Yeşil,3999.99,Yatak Odası,2026-05-24,05,0.0
Mosaicca Kolay Ütülenir Çift Kişilik Nevresim Seti 200x220 cm Hardal-Yeşil,4499.99,Yatak Odası,2026-05-24,05,0.0
Mystic Noor Pamuk Tek Kişilik Çarşaflı Nevresim Takımı 160x220 cm Yeşil,7499.99,Yatak Odası,2026-05-24,05,0.0
Napline Pamuklu Kapitoneli Sıvı Geçirmez King Size Alez 180x200 cm Beyaz,8999.99,Yatak Odası,2026-05-24,05,0.0
Napline Pamuklu Kapitoneli Sıvı Geçirmez Tek Kişilik Alez 100x200 cm Beyaz,5999.99,Yatak Odası,2026-05-24,05,0.0
Napline Pamuklu Kapitoneli Sıvı Geçirmez Yastık Alezi 50x70 cm Beyaz,1499.99,Yatak Odası,2026-05-24,05,0.0
Napline Pamuklu Kapitoneli Sıvı Geçirmez Çift Kişilik Alez 160x200 cm Beyaz,1399.99,Yatak Odası,2026-05-24,05,0.0
Natur Baskılı Tek Kişilik Pike Takımı 150x220 cm Yeşil,8999.99,Yatak Odası,2026-05-24,05,0.0
Natur Baskılı Çift Kişilik Pike Takımı 200x220 cm Yeşil,9999.99,Yatak Odası,2026-05-24,05,0.0
Natural Bands Kolay Ütülenir Çarşaflı Tek Kişilik Nevresim Takımı 160x220 cm Mavi - Yeşil,1039.99,Yatak Odası,2026-05-24,05,0.0
Natural Bands Kolay Ütülenir Çarşaflı Çift Kişilik Nevresim Takımı 200x220 cm Mavi - Yeşil,1279.99,Yatak Odası,2026-05-24,05,0.0
Natural Whirl Kolay Ütülenir Tek Kişilik Çarşaflı Nevresim Takımı 160x220 cm Mavi - Bej,959.99,Yatak Odası,2026-05-24,05,0.0
Novella Premium Pamuk Dokulu 2li Yastık Kılıfı 50x70 cm Açık Mavi,1499.99,Yatak Odası,2026-05-24,05,0.0
Novella Premium Pamuk Dokulu 2li Yastık Kılıfı 50x70 cm Açık Sarı,1499.99,Yatak Odası,2026-05-24,05,0.0
Novella Premium Pamuk Dokulu 2li Yastık Kılıfı 50x70 cm Açık Yeşil,1249.99,Yatak Odası,2026-05-24,05,0.0
Novella Premium Pamuk Dokulu 2li Yastık Kılıfı 50x70 cm Beyaz,1499.99,Yatak Odası,2026-05-24,05,0.0
Novella Premium Pamuk Dokulu 2li Yastık Kılıfı 50x70 cm Denim Mavi,1499.99,Yatak Odası,2026-05-24,05,0.0
Novella Premium Pamuk Dokulu 2li Yastık Kılıfı 50x70 cm Koyu Seledon,1499.99,Yatak Odası,2026-05-24,05,0.0
Novella Premium Pamuk Dokulu 2li Yastık Kılıfı 50x70 cm Krem,1249.99,Yatak Odası,2026-05-24,05,0.0
Novella Premium Pamuk Dokulu 2li Yastık Kılıfı 50x70 cm Lila,1499.99,Yatak Odası,2026-05-24,05,0.0
Novella Premium Pamuk Dokulu 2li Yastık Kılıfı 50x70 cm Toz Pembe,1499.99,Yatak Odası,2026-05-24,05,0.0
Novella Premium Pamuk Dokulu King Size Lastikli Çarşaf 180x200 cm Açık Mavi,3499.99,Yatak Odası,2026-05-24,05,0.0
Novella Premium Pamuk Dokulu King Size Lastikli Çarşaf 180x200 cm Açık Sarı,3499.99,Yatak Odası,2026-05-24,05,0.0
Novella Premium Pamuk Dokulu King Size Lastikli Çarşaf 180x200 cm Açık Yeşil,3499.99,Yatak Odası,2026-05-24,05,0.0
Novella Premium Pamuk Dokulu King Size Lastikli Çarşaf 180x200 cm Beyaz,3499.99,Yatak Odası,2026-05-24,05,0.0
Novella Premium Pamuk Dokulu King Size Lastikli Çarşaf 180x200 cm Denim Mavi,3499.99,Yatak Odası,2026-05-24,05,0.0
Novella Premium Pamuk Dokulu King Size Lastikli Çarşaf 180x200 cm Koyu Seledon,3499.99,Yatak Odası,2026-05-24,05,0.0
Novella Premium Pamuk Dokulu King Size Lastikli Çarşaf 180x200 cm Krem,3499.99,Yatak Odası,2026-05-24,05,0.0
Novella Premium Pamuk Dokulu King Size Lastikli Çarşaf 180x200 cm Lila,3499.99,Yatak Odası,2026-05-24,05,0.0
Novella Premium Pamuk Dokulu King Size Lastikli Çarşaf 180x200 cm Toz Pembe,3499.99,Yatak Odası,2026-05-24,05,0.0
Novella Premium Pamuk Dokulu Tek Kişilik Lastikli Çarşaf 100x200 cm Açık Mavi,2499.99,Yatak Odası,2026-05-24,05,0.0
Novella Premium Pamuk Dokulu Tek Kişilik Lastikli Çarşaf 100x200 cm Açık Sarı,2499.99,Yatak Odası,2026-05-24,05,0.0
Novella Premium Pamuk Dokulu Tek Kişilik Lastikli Çarşaf 100x200 cm Açık Yeşil,2499.99,Yatak Odası,2026-05-24,05,0.0
Novella Premium Pamuk Dokulu Tek Kişilik Lastikli Çarşaf 100x200 cm Beyaz,2499.99,Yatak Odası,2026-05-24,05,0.0
Novella Premium Pamuk Dokulu Tek Kişilik Lastikli Çarşaf 100x200 cm Denim Mavi,2499.99,Yatak Odası,2026-05-24,05,0.0
Novella Premium Pamuk Dokulu Tek Kişilik Lastikli Çarşaf 100x200 cm Koyu Seledon,2499.99,Yatak Odası,2026-05-24,05,0.0
Novella Premium Pamuk Dokulu Tek Kişilik Lastikli Çarşaf 100x200 cm Krem,2499.99,Yatak Odası,2026-05-24,05,0.0
Novella Premium Pamuk Dokulu Tek Kişilik Lastikli Çarşaf 100x200 cm Lila,2499.99,Yatak Odası,2026-05-24,05,0.0
Novella Premium Pamuk Dokulu Tek Kişilik Lastikli Çarşaf 100x200 cm Toz Pembe,2499.99,Yatak Odası,2026-05-24,05,0.0
Novella Premium Pamuk Dokulu Tek Kişilik Plus Lastikli Çarşaf 120x200 cm Açık Mavi,2999.99,Yatak Odası,2026-05-24,05,0.0
Novella Premium Pamuk Dokulu Tek Kişilik Plus Lastikli Çarşaf 120x200 cm Açık Sarı,2999.99,Yatak Odası,2026-05-24,05,0.0
Novella Premium Pamuk Dokulu Tek Kişilik Plus Lastikli Çarşaf 120x200 cm Açık Yeşil,2999.99,Yatak Odası,2026-05-24,05,0.0
Novella Premium Pamuk Dokulu Tek Kişilik Plus Lastikli Çarşaf 120x200 cm Beyaz,2999.99,Yatak Odası,2026-05-24,05,0.0
Novella Premium Pamuk Dokulu Tek Kişilik Plus Lastikli Çarşaf 120x200 cm Denim Mavi,2999.99,Yatak Odası,2026-05-24,05,0.0
Novella Premium Pamuk Dokulu Tek Kişilik Plus Lastikli Çarşaf 120x200 cm Koyu Seledon,2999.99,Yatak Odası,2026-05-24,05,0.0
Novella Premium Pamuk Dokulu Tek Kişilik Plus Lastikli Çarşaf 120x200 cm Krem,2999.99,Yatak Odası,2026-05-24,05,0.0
Novella Premium Pamuk Dokulu Tek Kişilik Plus Lastikli Çarşaf 120x200 cm Lila,2999.99,Yatak Odası,2026-05-24,05,0.0
Novella Premium Pamuk Dokulu Tek Kişilik Plus Lastikli Çarşaf 120x200 cm Toz Pembe,2999.99,Yatak Odası,2026-05-24,05,0.0
Novella Premium Pamuk Dokulu Çift Kişilik Lastikli Çarşaf 160x200 cm Açık Mavi,2999.99,Yatak Odası,2026-05-24,05,0.0
Novella Premium Pamuk Dokulu Çift Kişilik Lastikli Çarşaf 160x200 cm Açık Sarı,2999.99,Yatak Odası,2026-05-24,05,0.0
Novella Premium Pamuk Dokulu Çift Kişilik Lastikli Çarşaf 160x200 cm Açık Yeşil,2999.99,Yatak Odası,2026-05-24,05,0.0
Novella Premium Pamuk Dokulu Çift Kişilik Lastikli Çarşaf 160x200 cm Beyaz,2999.99,Yatak Odası,2026-05-24,05,0.0
Novella Premium Pamuk Dokulu Çift Kişilik Lastikli Çarşaf 160x200 cm Denim Mavi,2999.99,Yatak Odası,2026-05-24,05,0.0
Novella Premium Pamuk Dokulu Çift Kişilik Lastikli Çarşaf 160x200 cm Koyu Seledon,2999.99,Yatak Odası,2026-05-24,05,0.0
Novella Premium Pamuk Dokulu Çift Kişilik Lastikli Çarşaf 160x200 cm Krem,2999.99,Yatak Odası,2026-05-24,05,0.0
Novella Premium Pamuk Dokulu Çift Kişilik Lastikli Çarşaf 160x200 cm Lila,2999.99,Yatak Odası,2026-05-24,05,0.0
Novella Premium Pamuk Dokulu Çift Kişilik Lastikli Çarşaf 160x200 cm Toz Pembe,2999.99,Yatak Odası,2026-05-24,05,0.0
Nuit Paisley Tek Kişilik Yatak Örtüsü Takımı 160x220 cm Mavi,3999.99,Yatak Odası,2026-05-24,05,0.0
Nuit Paisley Çift Kişilik Yatak Örtüsü Takımı 200x220 cm Mavi,1079.99,Yatak Odası,2026-05-24,05,0.0
Paisley Celeste  King Size Çok Amaçlı Örtü 220x240 cm Mavi,899.99,Yatak Odası,2026-05-24,05,0.0
Paisley Celeste  Tek Kişilik Çok Amaçlı Örtü 160x220 cm Mavi,629.99,Yatak Odası,2026-05-24,05,0.0
Paisley Celeste  Çift Kişilik Çok Amaçlı Örtü 200x220 cm Mavi,639.99,Yatak Odası,2026-05-24,05,0.0
Pamuklu Kapitoneli Alez Yastık Kılıfı 50x70 cm Beyaz,1249.99,Yatak Odası,2026-05-24,05,0.0
Pastel Gingham Pamuklu Tek Kişilik Nevresim Seti 160x220 cm Pembe - Turuncu,4999.99,Yatak Odası,2026-05-24,05,0.0
Pastel Gingham Pamuklu Çift Kişilik Nevresim Seti 200x220 cm Pembe - Turuncu,5999.99,Yatak Odası,2026-05-24,05,0.0
Pastoral Patch Pamuklu Çarşaflı Tek Kişilik Nevresim Takımı 160x220 cm Yeşil,1619.99,Yatak Odası,2026-05-24,05,0.0
Pastoral Patch Pamuklu Çarşaflı Çift Kişilik Nevresim Takımı 200x220 cm Yeşil,10999.99,Yatak Odası,2026-05-24,05,0.0
Patch Line King Size Çok Amaçlı Örtü 240x220 cm Lacivert,4499.99,Yatak Odası,2026-05-24,05,0.0
Patch Line Çift Kişilik Çok Amaçlı Örtü 200x220 cm Lacivert,719.99,Yatak Odası,2026-05-24,05,0.0
Patch Line Çift Taraflı Tek Kişilik Çok Amaçlı Örtü Lacivert,3499.99,Yatak Odası,2026-05-24,05,0.0
Patch Mosaic Tek Kişilik Çok Amaçlı Örtü 160x220 cm Mavi,3999.99,Yatak Odası,2026-05-24,05,0.0
Patch Mosaic Çift Kişilik Çok Amaçlı Örtü 200x220 cm Mavi,799.99,Yatak Odası,2026-05-24,05,0.0
Patch Square Tek Kişilik Çok Amaçlı Örtü 160x220 cm Yeşil,3999.99,Yatak Odası,2026-05-24,05,0.0
Patch Square Çift Kişilik Çok Amaçlı Örtü 200x220 cm Yeşil,4999.99,Yatak Odası,2026-05-24,05,0.0
Patchform Kolay Ütülenir Tek Kişilik Nevresim Seti 160x220 cm Mavi – Bordo,719.99,Yatak Odası,2026-05-24,05,0.0
Patchform Kolay Ütülenir Çift Kişilik Nevresim Seti 200x220 cm Mavi – Bordo,719.99,Yatak Odası,2026-05-24,05,0.0
Pear Garden Baskılı Tek Kişilik Pike Takımı 150x220 cm Yeşil,8149.95,Yatak Odası,2026-05-24,05,0.0
Penny Bloom King Size Çok Amaçlı Örtü 220x240 cm Mor,4499.99,Yatak Odası,2026-05-24,05,0.0
Penny Bloom Tek Kişilik Çok Amaçlı Örtü 160x220 cm Mor,3499.99,Yatak Odası,2026-05-24,05,0.0
Penny Bloom Çift Kişilik Çok Amaçlı Örtü 200x220 cm Mor,3999.99,Yatak Odası,2026-05-24,05,0.0
Pesca Wave  King Size Çok Amaçlı Örtü 220x240 cm Mavi,899.99,Yatak Odası,2026-05-24,05,0.0
Pesca Wave  Tek Kişilik Çok Amaçlı Örtü 160x220 cm Mavi,629.99,Yatak Odası,2026-05-24,05,0.0
Pesca Wave  Çift Kişilik Çok Amaçlı Örtü 200x220 cm Mavi,639.99,Yatak Odası,2026-05-24,05,0.0
Petal Bouquet Kolay Ütülenir Çarşaflı Tek Kişilik Nevresim Takımı 160x220 cm Hardal,839.99,Yatak Odası,2026-05-24,05,0.0
Petal Bouquet Kolay Ütülenir Çarşaflı Çift Kişilik Nevresim Takımı 200x220 cm Hardal,6999.99,Yatak Odası,2026-05-24,05,0.0
Petit Chamomile Baskılı Tek Kişilik Pike Takımı 150x220 cm Pembe,8149.95,Yatak Odası,2026-05-24,05,0.0
Petit Check Pamuklu 2li Yastık Kılıfı 50x70 cm Sarı-Yeşil,1749.99,Yatak Odası,2026-05-24,05,0.0
Petit Check Pamuklu 2li Yastık Kılıfı 50x70 cm Yeşil-Mavi,1499.99,Yatak Odası,2026-05-24,05,0.0
Petty Chic Kolay Ütülenir Tek Kişilik Nevresim Seti 160x220 cm Açık Sarı,629.99,Yatak Odası,2026-05-24,05,0.0
Petty Chic Kolay Ütülenir Çift Kişilik Nevresim Seti 200x220 cm Açık Sarı,719.99,Yatak Odası,2026-05-24,05,0.0
Petty Chic Tek Kişilik Pike 150x200 cm Yeşil,559.99,Yatak Odası,2026-05-24,05,0.0
Petty Chic Çift Kişilik Pike 200x220 cm Yeşil,639.99,Yatak Odası,2026-05-24,05,0.0
Pied de poule İpliği Boyalı Tek Kişilik Çarşaflı Nevresim Takımı 160x220 cm Bej,1539.99,Yatak Odası,2026-05-24,05,0.0
Pincheck İpliği Boyalı Tek Kişilik Çarşaflı Nevresim Takımı 160x220 cm Mavi,8999.99,Yatak Odası,2026-05-24,05,0.0
Pincheck İpliği Boyalı Çift Kişilik Çarşaflı Nevresim Takımı 200x220 cm Mavi,1979.99,Yatak Odası,2026-05-24,05,0.0
Pine Serenity Dijital Baskılı Pamuklu Çift Kişilik Çarşaflı Nevresim Takımı 200x220 cm Yeşil,1959.99,Yatak Odası,2026-05-24,05,0.0
Pixel Kolay Ütülenir 2li Yastık Kılıfı 50x70 cm Mor,239.99,Yatak Odası,2026-05-24,05,0.0
Pixel Tek Kişilik Pike 150x220 cm Mor,2399.99,Yatak Odası,2026-05-24,05,0.0
Pixel Çift Kişilik Pike 200x220 cm Mor,463.99,Yatak Odası,2026-05-24,05,0.0
Plain Pamuk King Size Lastikli Çarşaf Takımı 180x200 cm Heritage Yeşili,4749.99,Yatak Odası,2026-05-24,05,0.0
Plain Pamuk King Size Lastikli Çarşaf Takımı 180x200 cm Ortanca Mavi,4749.99,Yatak Odası,2026-05-24,05,0.0
Plain Pamuk Tek Kişilik Lastikli Çarşaf Takımı 100x200 cm Heritage Yeşili,2499.99,Yatak Odası,2026-05-24,05,0.0
Plain Pamuk Tek Kişilik Lastikli Çarşaf Takımı 100x200 cm Lavanta,2499.99,Yatak Odası,2026-05-24,05,0.0
Plain Pamuk Çarşaflı Tek Kişilik Nevresim Takımı 160x220 cm Mavi-Turuncu,1259.99,Yatak Odası,2026-05-24,05,0.0
Plain Pamuk Çarşaflı Tek Kişilik Nevresim Takımı 160x220 cm Yeşil-mor,1439.99,Yatak Odası,2026-05-24,05,0.0
Plain Pamuk Çarşaflı Çift Kişilik Nevresim Takımı 200x220 cm Gri-Sarı,1759.99,Yatak Odası,2026-05-24,05,0.0
Plain Pamuk Çarşaflı Çift Kişilik Nevresim Takımı 200x220 cm Mavi-Turuncu,1759.99,Yatak Odası,2026-05-24,05,0.0
Plain Pamuk Çarşaflı Çift Kişilik Nevresim Takımı 200x220 cm Yeşil-mor,1759.99,Yatak Odası,2026-05-24,05,0.0
Plain Pamuk Çift Kişilik Lastikli Çarşaf Takımı 160x200 cm Heritage Yeşili,3999.99,Yatak Odası,2026-05-24,05,0.0
Plain Pamuk Çift Kişilik Lastikli Çarşaf Takımı 160x200 cm Ortanca Mavi,3999.99,Yatak Odası,2026-05-24,05,0.0
Poemy Kolay Ütülenir Tek Kişilik Nevresim Seti 160x220 cm Turuncu-Mavi,719.99,Yatak Odası,2026-05-24,05,0.0
Poemy Kolay Ütülenir Çift Kişilik Nevresim Seti 200x220 cm Turuncu-Mavi,809.99,Yatak Odası,2026-05-24,05,0.0
Poffy Bunny Pamuklu Bebe Battaniye 100x120 cm Mavi,404.99,Yatak Odası,2026-05-24,05,0.0
Polka Grid Kolay Ütülenir Çarşaflı Tek Kişilik Nevresim Takımı 160x220 cm Mavi,1039.99,Yatak Odası,2026-05-24,05,0.0
Polka Grid Kolay Ütülenir Çarşaflı Çift Kişilik Nevresim Takımı 200x220 cm Mavi,1279.99,Yatak Odası,2026-05-24,05,0.0
Pop Grid Kolay Ütülenir Tek Kişilik Nevresim Seti 160x220 cm Lila-Yeşil,719.99,Yatak Odası,2026-05-24,05,0.0
Pop Grid Kolay Ütülenir Tek Kişilik Nevresim Seti 160x220 cm Mavi - Yeşil,719.99,Yatak Odası,2026-05-24,05,0.0
Pop Grid Kolay Ütülenir Çift Kişilik Nevresim Seti 200x220 cm Lila-Yeşil,719.99,Yatak Odası,2026-05-24,05,0.0
Pop Grid Kolay Ütülenir Çift Kişilik Nevresim Seti 200x220 cm Mavi - Yeşil,719.99,Yatak Odası,2026-05-24,05,0.0
Posy Flowers Tek Kişilik Pike Takımı 150x220 cm Sarı,7999.99,Yatak Odası,2026-05-24,05,0.0
Posy Flowers Çift Kişilik Pike Takımı 200x220 cm Sarı,9999.99,Yatak Odası,2026-05-24,05,0.0
Posy Garden Baskılı Pamuklu Çift Kişilik Pike 200x220 cm Kırmızı,3499.99,Yatak Odası,2026-05-24,05,0.0
Premium Mikrojel Tek Kişilik Yorgan 155x215 cm Beyaz,5999.99,Yatak Odası,2026-05-24,05,0.0
Premium Mikrojel Yastık 50x70 cm Beyaz,899.99,Yatak Odası,2026-05-24,05,0.0
Premium Mikrojel Çift Kişilik Yorgan 195x215 cm Beyaz,6999.99,Yatak Odası,2026-05-24,05,0.0
Pretty Loop Kolay Ütülenir Çarşaflı  Çift Kişilik Nevresim Takımı 200x220 cm Sarı-Yeşil,7999.99,Yatak Odası,2026-05-24,05,0.0
Pretty Loop Kolay Ütülenir Çarşaflı Tek Kişilik Nevresim Takımı 160x220 cm Sarı-Yeşil,6499.99,Yatak Odası,2026-05-24,05,0.0
Prime Klimalı Visco Yastık 40x60x15 cm Beyaz-Gold,8999.99,Yatak Odası,2026-05-24,05,0.0
Promise Of Spring Kolay Ütülenir Tek Kişilik Çarşaflı Nevresim Takımı 160x220 cm Turuncu,959.99,Yatak Odası,2026-05-24,05,0.0
Pure Leaves Ecosoft Tek Kişilik Pike 150x220 cm Bej,2399.99,Yatak Odası,2026-05-24,05,0.0
Pure Leaves Ecosoft Tek Kişilik Pike 150x220 cm Mavi,2499.99,Yatak Odası,2026-05-24,05,0.0
Pure Leaves Ecosoft Çift Kişilik Pike 200x220 cm Bej,2899.99,Yatak Odası,2026-05-24,05,0.0
Pure Leaves Ecosoft Çift Kişilik Pike 200x220 cm Mavi,539.99,Yatak Odası,2026-05-24,05,0.0
Pure Leaves Kolay Ütülenir 2li Yastık Kılıfı 50x70 cm Bej,1499.99,Yatak Odası,2026-05-24,05,0.0
Pure Leaves Kolay Ütülenir 2li Yastık Kılıfı 50x70 cm Mavi,1499.99,Yatak Odası,2026-05-24,05,0.0
Pure Pamuklu 2li Yastık Kılıfı 50x70 cm Beyaz,319.99,Yatak Odası,2026-05-24,05,0.0
Pure Pamuklu 2li Yastık Kılıfı 50x70 cm Gece Mavisi,1999.99,Yatak Odası,2026-05-24,05,0.0
Pure Pamuklu 2li Yastık Kılıfı 50x70 cm Kahve Köpüğü,319.99,Yatak Odası,2026-05-24,05,0.0
Pure Pamuklu 2li Yastık Kılıfı 50x70 cm Toz Pembe,1999.99,Yatak Odası,2026-05-24,05,0.0
Pure Pamuklu 2li Yastık Kılıfı 50x70 cm Çakıl Taşı,1999.99,Yatak Odası,2026-05-24,05,0.0
Pure Pamuklu 2li Yastık Kılıfı 50x70 cm Çağla Yeşili,1999.99,Yatak Odası,2026-05-24,05,0.0
Pure Pamuklu King Size Lastikli Çarşaf 180x200 cm Beyaz,4499.99,Yatak Odası,2026-05-24,05,0.0
Pure Pamuklu King Size Lastikli Çarşaf 180x200 cm Gece Mavisi,4499.99,Yatak Odası,2026-05-24,05,0.0
Pure Pamuklu King Size Lastikli Çarşaf 180x200 cm Çakıl Taşı,4499.99,Yatak Odası,2026-05-24,05,0.0
Pure Pamuklu King Size Lastikli Çarşaf 180x200 cm Çağla Yeşili,4499.99,Yatak Odası,2026-05-24,05,0.0
Pure Pamuklu Tek Kişilik Lastikli Çarşaf 100x200 cm Beyaz,3249.99,Yatak Odası,2026-05-24,05,0.0
Pure Pamuklu Tek Kişilik Lastikli Çarşaf 100x200 cm Gece Mavisi,3249.99,Yatak Odası,2026-05-24,05,0.0
Pure Pamuklu Tek Kişilik Lastikli Çarşaf 100x200 cm Çakıl Taşı,3249.99,Yatak Odası,2026-05-24,05,0.0
Pure Pamuklu Tek Kişilik Lastikli Çarşaf 100x200 cm Çağla Yeşili,3249.99,Yatak Odası,2026-05-24,05,0.0
Pure Pamuklu Tek Kişilik Plus Lastikli Çarşaf 120x200 cm Beyaz,3499.99,Yatak Odası,2026-05-24,05,0.0
Pure Pamuklu Tek Kişilik Plus Lastikli Çarşaf 120x200 cm Gece Mavisi,3499.99,Yatak Odası,2026-05-24,05,0.0
Pure Pamuklu Tek Kişilik Plus Lastikli Çarşaf 120x200 cm Çakıl Taşı,3499.99,Yatak Odası,2026-05-24,05,0.0
Pure Pamuklu Tek Kişilik Plus Lastikli Çarşaf 120x200 cm Çağla Yeşili,3499.99,Yatak Odası,2026-05-24,05,0.0
Pure Pamuklu Çift Kişilik Lastikli Çarşaf 160x200 cm Beyaz,3999.99,Yatak Odası,2026-05-24,05,0.0
Pure Pamuklu Çift Kişilik Lastikli Çarşaf 160x200 cm Gece Mavisi,3999.99,Yatak Odası,2026-05-24,05,0.0
Pure Pamuklu Çift Kişilik Lastikli Çarşaf 160x200 cm Çakıl Taşı,3999.99,Yatak Odası,2026-05-24,05,0.0
Pure Pamuklu Çift Kişilik Lastikli Çarşaf 160x200 cm Çağla Yeşili,3999.99,Yatak Odası,2026-05-24,05,0.0
Pure Summer Baskılı Pamuklu Tek Kişilik Pike Takımı 150x220 cm Mavi,7999.99,Yatak Odası,2026-05-24,05,0.0
Pure Summer Baskılı Pamuklu Çift Kişilik Pike Takımı 200x220 cm Mavi,9999.99,Yatak Odası,2026-05-24,05,0.0
Pure Wings  Kolay Ütülenir Tek Kişilik Nevresim Seti 160x220 cm Hardal-Yeşil,719.99,Yatak Odası,2026-05-24,05,0.0
Pure Wings  Kolay Ütülenir Çift Kişilik Nevresim Seti 200x220 cm Hardal-Yeşil,719.99,Yatak Odası,2026-05-24,05,0.0
Relax Visco Yastık 55x35x12 cm Ekru,1039.99,Yatak Odası,2026-05-24,05,0.0
Resty Visco Yastık 37x54 cm Beyaz,639.99,Yatak Odası,2026-05-24,05,0.0
Ripple Bloom  Tek Kişilik Çok Amaçlı Örtü 160x220 cm Turuncu,3499.99,Yatak Odası,2026-05-24,05,0.0
Ripple Bloom King Size Çok Amaçlı Örtü 220x240 cm Turuncu,719.99,Yatak Odası,2026-05-24,05,0.0
Ripple Bloom Çift Kişilik Çok Amaçlı Örtü 200x220 cm Turuncu,719.99,Yatak Odası,2026-05-24,05,0.0
Romance Ribbon Tek Kişilik Pike 150x220 cm Mavi,2499.99,Yatak Odası,2026-05-24,05,0.0
Romance Ribbon Çift Kişilik Pike 200x220 cm Mavi,2999.99,Yatak Odası,2026-05-24,05,0.0
Rose Bright Dijital Baskılı Kolay Ütülenir  Tek Kişilik Çarşaflı Nevresim Takımı 160x220 cm Kahverengi,4999.99,Yatak Odası,2026-05-24,05,0.0
Rose Bright Dijital Baskılı Kolay Ütülenir  Çift Kişilik Çarşaflı Nevresim Takımı 200x220 cm Kahverengi,7999.99,Yatak Odası,2026-05-24,05,0.0
Rossa Kolay Ütülenir 2li Yastık Kılıfı 50x70 cm Mavi,1499.99,Yatak Odası,2026-05-24,05,0.0
Rossa Kolay Ütülenir 2li Yastık Kılıfı 50x70 cm Pembe,1499.99,Yatak Odası,2026-05-24,05,0.0
Royal Leafage Nakışlı Pamuk King Size Nevresim Takımı 240x220 cm Beyaz,20999.99,Yatak Odası,2026-05-24,05,0.0
Ruby Garden Flanel Tek Kişilik Çarşaflı Nevresim Takımı 160x220 cm Koyu Yeşil,1299.99,Yatak Odası,2026-05-24,05,0.0
Scarlet Bloom Çift Kişilik Yatak Örtüsü Takımı 200x220 cm Kırmızı,959.99,Yatak Odası,2026-05-24,05,0.0
Scarlet Bloom  Tek Kişilik Yatak Örtüsü Takımı 160x220 cm Kırmızı,639.99,Yatak Odası,2026-05-24,05,0.0
Sea Marine Kolay Ütülenir Çift Kişilik Çarşaflı Nevresim Takımı 200x220 cm Mavi - Bej,1119.99,Yatak Odası,2026-05-24,05,0.0
Seaside Serenity King Size Çok Amaçlı Örtü 220x240 cm Mavi,799.99,Yatak Odası,2026-05-24,05,0.0
Seaside Serenity Tek Kişilik Çok Amaçlı Örtü 160x220 cm Mavi,629.99,Yatak Odası,2026-05-24,05,0.0
Seaside Serenity Çift Kişilik Çok Amaçlı Örtü 200x220 cm Mavi,639.99,Yatak Odası,2026-05-24,05,0.0
Serena Baskılı Pamuklu Tek Kişilik Pike Takımı 150x220 cm Pembe,8999.99,Yatak Odası,2026-05-24,05,0.0
Serena Baskılı Pamuklu Çift Kişilik Pike Takımı 200x220 cm Pembe,9999.99,Yatak Odası,2026-05-24,05,0.0
Serenade Kolay Ütülenir Tek Kişilik Nevresim Seti 160x220 cm Yeşil,559.99,Yatak Odası,2026-05-24,05,0.0
Serenade Kolay Ütülenir Çift Kişilik Nevresim Seti 200x220 cm Yeşil,4499.99,Yatak Odası,2026-05-24,05,0.0
Serene Bliss Perkal King Size Çarşaflı Nevresim Takımı 240x220 cm Beyaz,16999.99,Yatak Odası,2026-05-24,05,0.0
Serene Bliss Perkal Çift Kişilik Çarşaflı Nevresim Takımı 200x220 cm Beyaz,14999.99,Yatak Odası,2026-05-24,05,0.0
Serene Stripes Pamuklu 2li Yastık Kılıfı 50x70 cm Lacivert,1249.99,Yatak Odası,2026-05-24,05,0.0
Serene Stripes Pamuklu 2li Yastık Kılıfı 50x70 cm Pembe,1249.99,Yatak Odası,2026-05-24,05,0.0
Serene Stripes Pamuklu Tek Kişilik Lastikli Çarşaf 100x200 cm Pembe,2749.99,Yatak Odası,2026-05-24,05,0.0
Sevilla Baskılı Pamuklu Tek Kişilik Pike 150x220 cm Sarı,639.99,Yatak Odası,2026-05-24,05,0.0
Sevilla Baskılı Pamuklu Çift Kişilik Pike 200x220 cm Sarı,799.99,Yatak Odası,2026-05-24,05,0.0
Sevilla Kolay Ütülenir 2li Yastık Kılıfı 50x70 cm Sarı,1499.99,Yatak Odası,2026-05-24,05,0.0
Siesta Mikrofiber Çift Kişilik Yorgan 195x215 cm Beyaz,2999.99,Yatak Odası,2026-05-24,05,0.0
Silva Baskılı Pamuklu Tek Kişilik Pike 150x220 cm Pembe,639.99,Yatak Odası,2026-05-24,05,0.0
Silva Baskılı Pamuklu Çift Kişilik Pike 200x220 cm Pembe,4499.99,Yatak Odası,2026-05-24,05,0.0
Silva Kolay Ütülenir 2li Yastık Kılıfı 50x70 cm Pembe,1499.99,Yatak Odası,2026-05-24,05,0.0
Simple Checks Kolay Ütülenir Tek Kişilik Çarşaflı Nevresim Takımı 160x220 cm Gri,5999.99,Yatak Odası,2026-05-24,05,0.0
Simple Checks Kolay Ütülenir Tek Kişilik Çarşaflı Nevresim Takımı 160x220 cm Seledon,1079.99,Yatak Odası,2026-05-24,05,0.0
Simple Checks Kolay Ütülenir Çarşaflı Tek Kişilik Nevresim Takımı 160x220 cm Kahverengi,959.99,Yatak Odası,2026-05-24,05,0.0
Simple Checks Kolay Ütülenir Çarşaflı Çift Kişilik Nevresim Takımı 200x220 cm Kahverengi,1119.99,Yatak Odası,2026-05-24,05,0.0
Simple Checks Kolay Ütülenir Çift Kişilik Çarşaflı Nevresim Takımı 200x220 cm Gri,6999.99,Yatak Odası,2026-05-24,05,0.0
Simple Checks Kolay Ütülenir Çift Kişilik Çarşaflı Nevresim Takımı 200x220 cm Seledon,1119.99,Yatak Odası,2026-05-24,05,0.0
Sleek Stripes Çift Kişilik Yatak Örtüsü Takımı 200x220 cm Mavi,959.99,Yatak Odası,2026-05-24,05,0.0
Sleek Stripes Çift Taraflı Tek Kişilik Yatak Örtüsü Takımı Mavi,4499.99,Yatak Odası,2026-05-24,05,0.0
Soft Breeze Çift Kişilik Pike Takımı 200x220 cm Yeşil,7499.99,Yatak Odası,2026-05-24,05,0.0
Soft Care Örme Sıvı Geçirmez King Size Alez 180x200 cm Beyaz,3999.99,Yatak Odası,2026-05-24,05,0.0
Soft Care Örme Sıvı Geçirmez Tek Kişilik Alez 100x200 cm Beyaz,2999.99,Yatak Odası,2026-05-24,05,0.0
Soft Care Örme Sıvı Geçirmez Çift Kişilik Alez 160x200 cm Beyaz,3499.99,Yatak Odası,2026-05-24,05,0.0
Soft Daisy Kolay Ütülenir 2li Yastık Kılıfı 50x70 cm Mavi,1999.99,Yatak Odası,2026-05-24,05,0.0
Soft Daisy Tek Kişilik Pike 150x220 cm Mavi,2999.99,Yatak Odası,2026-05-24,05,0.0
Soft Daisy Çift Kişilik Pike 200x220 cm Mavi,3499.99,Yatak Odası,2026-05-24,05,0.0
Soft Streaks İpliği Boyalı Tek Kişilik Çarşaflı Nevresim Takımı 160x220 cm Mavi,5499.99,Yatak Odası,2026-05-24,05,0.0
Soft Streaks İpliği Boyalı Tek Kişilik Çarşaflı Nevresim Takımı 160x220 cm Yeşil,5499.99,Yatak Odası,2026-05-24,05,0.0
Soft Streaks İpliği Boyalı Çift Kişilik Çarşaflı Nevresim Takımı 200x220 cm Mavi,6999.99,Yatak Odası,2026-05-24,05,0.0
Soft Streaks İpliği Boyalı Çift Kişilik Çarşaflı Nevresim Takımı 200x220 cm Yeşil,6999.99,Yatak Odası,2026-05-24,05,0.0
Softy Ultrasonic 2li Yastık 50x70 cm Beyaz,1999.99,Yatak Odası,2026-05-24,05,0.0
Somni Mikrofiber Tek Kişilik Yorgan 155x215 cm Ekru,2999.99,Yatak Odası,2026-05-24,05,0.0
Somni Mikrofiber Çift Kişilik Yorgan 195x215 cm Ekru,3499.99,Yatak Odası,2026-05-24,05,0.0
Spektrum Line Pamuklu Çift Kişilik Nevresim Seti 200x220 cm Yeşil-Mavi,6499.99,Yatak Odası,2026-05-24,05,0.0
Spring Garden Kolay Ütülenir 2li Yastık Kılıfı 50x70 cm Yeşil,1499.99,Yatak Odası,2026-05-24,05,0.0
Spring Garden Tek Kişilik Pike 150x220 cm Yeşil,3499.99,Yatak Odası,2026-05-24,05,0.0
Spring Garden Çift Kişilik Pike 200x220 cm Yeşil,3999.99,Yatak Odası,2026-05-24,05,0.0
Spring Mosaic Pamuklu Tek Kişilik Nevresim Seti 160x220 cm Mavi - Yeşil,899.99,Yatak Odası,2026-05-24,05,0.0
Spring Mosaic Pamuklu Çift Kişilik Nevresim Seti 200x220 cm Mavi - Yeşil,959.99,Yatak Odası,2026-05-24,05,0.0
Spring Petal Baskılı Tek Kişilik Pike Takımı 150x220 cm Sarı,8149.95,Yatak Odası,2026-05-24,05,0.0
Star Kapitoneli Yastık Koruyucu 50x70 cm Beyaz,1249.99,Yatak Odası,2026-05-24,05,0.0
Star Mikrofiber Kapitoneli King Size Alez 180x200 cm Beyaz,699.99,Yatak Odası,2026-05-24,05,0.0
Star Mikrofiber Kapitoneli Tek Kişilik Alez 100x200 cm Beyaz,559.99,Yatak Odası,2026-05-24,05,0.0
Star Mikrofiber Kapitoneli Çift Kişilik Alez 160x200 cm Beyaz,699.99,Yatak Odası,2026-05-24,05,0.0
Static Check Çok Amaçlı Tek Kişilik Yatak Örtüsü Takımı 160x220 cm Gri,4499.99,Yatak Odası,2026-05-24,05,0.0
Static Check Çok Amaçlı Çift Kişilik Yatak Örtüsü Takımı 200x220 cm Gri,959.99,Yatak Odası,2026-05-24,05,0.0
Stitch Line İpliği Boyalı Tek Kişilik Çarşaflı Nevresim Takımı 160x220 cm Bej,5499.99,Yatak Odası,2026-05-24,05,0.0
Stitch Line İpliği Boyalı Çift Kişilik Çarşaflı Nevresim Takımı 200x220 cm Bej,15999.99,Yatak Odası,2026-05-24,05,0.0
Strada Grid Çift Kişilik Çok Amaçlı Örtü 200x220 cm Yeşil,719.99,Yatak Odası,2026-05-24,05,0.0
Stria Kolay Ütülenir Çarşaflı Tek Kişilik Nevresim Takımı 160x220 cm Mavi - Bej,1199.99,Yatak Odası,2026-05-24,05,0.0
Stria Kolay Ütülenir Çarşaflı Çift Kişilik Nevresim Takımı 200x220 cm Mavi - Bej,1439.99,Yatak Odası,2026-05-24,05,0.0
Striped Jouy Pamuklu Çarşaflı Tek Kişilik Nevresim Takımı 160x220 cm Mavi,8999.99,Yatak Odası,2026-05-24,05,0.0
Striped Jouy Pamuklu Çarşaflı Çift Kişilik Nevresim Takımı 200x220 cm Mavi,10999.99,Yatak Odası,2026-05-24,05,0.0
Subtle Waves İpliği Boyalı Tek Kişilik Çarşaflı Nevresim Takımı 160x220 cm Mavi,5499.99,Yatak Odası,2026-05-24,05,0.0
Subtle Waves İpliği Boyalı Çift Kişilik Çarşaflı Nevresim Takımı 200x220 cm Mavi,1599.99,Yatak Odası,2026-05-24,05,0.0
Summer Grid Baskılı Pamuklu Tek Kişilik Pike 150x220 cm Turuncu,559.99,Yatak Odası,2026-05-24,05,0.0
Summer Grid Baskılı Pamuklu Çift Kişilik Pike 200x220 cm Turuncu,3999.99,Yatak Odası,2026-05-24,05,0.0
Summer Grid Kolay Ütülenir 2li Yastık Kılıfı 50x70 cm Turuncu,1499.99,Yatak Odası,2026-05-24,05,0.0
Summer Stripe Tek Kişilik Pike Takımı 150x220 cm Yeşil-Turuncu,7499.99,Yatak Odası,2026-05-24,05,
Summer Stripe Çift Kişilik Pike Takımı 200x220 cm Yeşil-Turuncu,8999.99,Yatak Odası,2026-05-24,05,0.0
Sunleaf Kolay Ütülenir 2li Yastık Kılıfı 50x70 cm Sarı-Yeşil,1499.99,Yatak Odası,2026-05-24,05,0.0
Sunleaf Tek Kişilik Pike 150x220 cm Sarı,479.99,Yatak Odası,2026-05-24,05,0.0
Sunleaf Çift Kişilik Pike 200x220 cm Sarı,559.99,Yatak Odası,2026-05-24,05,0.0
Super Soft Kaz Tüyü Tek Kişilik Yorgan 155x215 cm Beyaz,19999.99,Yatak Odası,2026-05-24,05,0.0
Sweet Stripes Baskılı Pamuklu Tek Kişilik Pike 150x220 cm Pembe,719.99,Yatak Odası,2026-05-24,05,0.0
Sweet Stripes Baskılı Pamuklu Çift Kişilik Pike 200x220 cm Pembe,809.99,Yatak Odası,2026-05-24,05,0.0
Sweet Stripes Kolay Ütülenir 2li Yastık Kılıfı 50x70 cm Pembe,1499.99,Yatak Odası,2026-05-24,05,0.0
Sweety Meadow Kolay Ütülenir Tek Kişilik Nevresim Seti 160x220 cm Lila,3999.99,Yatak Odası,2026-05-24,05,0.0
Sweety Meadow Kolay Ütülenir Çift Kişilik Nevresim Seti 200x220 cm Lila,4499.99,Yatak Odası,2026-05-24,05,0.0
Swirl Check İpliği Boyalı Tek Kişilik Çarşaflı Nevresim Takımı 160x220 cm Siyah,1619.99,Yatak Odası,2026-05-24,05,0.0
Swirl Check İpliği Boyalı Çift Kişilik Çarşaflı Nevresim Takımı 200x220 cm Siyah,1759.99,Yatak Odası,2026-05-24,05,0.0
Symetra Kolay Ütülenir Çarşaflı Tek Kişilik Nevresim Takımı 160x220 cm Mavi,5999.99,Yatak Odası,2026-05-24,05,0.0
Symetra Kolay Ütülenir Çarşaflı Çift Kişilik Nevresim Takımı 200x220 cm Mavi,6999.99,Yatak Odası,2026-05-24,05,0.0
Tattersall İpliği Boyalı Tek Kişilik Çarşaflı Nevresim Takımı 160x220 cm Kahverengi,1439.99,Yatak Odası,2026-05-24,05,0.0
Tattersall İpliği Boyalı Çift Kişilik Çarşaflı Nevresim Takımı 200x220 cm Kahverengi,1759.99,Yatak Odası,2026-05-24,05,0.0
Tendril Bloom Tek Kişilik Çok Amaçlı Örtü 160x220 cm Yeşil,399.99,Yatak Odası,2026-05-24,05,0.0
Tendril Bloom Çift Kişilik Çok Amaçlı Örtü 200x220 cm Yeşil,809.99,Yatak Odası,2026-05-24,05,0.0
Textured Grid Kolay Ütülenir Tek Kişilik Çarşaflı Nevresim Takımı 160x220 cm Lacivert,5999.99,Yatak Odası,2026-05-24,05,0.0
Tile Check İpliği Boyalı Tek Kişilik Çarşaflı Nevresim Takımı 160x220 cm Lacivert-Kırmızı,1439.99,Yatak Odası,2026-05-24,05,0.0
Tile Check İpliği Boyalı Çift Kişilik Çarşaflı Nevresim Takımı 200x220 cm Lacivert-Kırmızı,1759.99,Yatak Odası,2026-05-24,05,0.0
Timeless Grid Kolay Ütülenir Çarşaflı Tek Kişilik Nevresim Takımı 160x220 cm Gri,1199.99,Yatak Odası,2026-05-24,05,0.0
Timeless Grid Kolay Ütülenir Çarşaflı Çift Kişilik Nevresim Takımı 200x220 cm Gri,1439.99,Yatak Odası,2026-05-24,05,0.0
Timeless Line Kolay Ütülenir Çarşaflı Tek Kişilik Nevresim Takımı 160x220 cm Açık Mavi,5999.99,Yatak Odası,2026-05-24,05,0.0
Timeless Line Kolay Ütülenir Çarşaflı Tek Kişilik Nevresim Takımı 160x220 cm Bej,839.99,Yatak Odası,2026-05-24,05,0.0
Timeless Line Kolay Ütülenir Çarşaflı Çift Kişilik Nevresim Takımı 200x220 cm Açık Mavi,6999.99,Yatak Odası,2026-05-24,05,0.0
Timeless Line Kolay Ütülenir Çarşaflı Çift Kişilik Nevresim Takımı 200x220 cm Bej,6999.99,Yatak Odası,2026-05-24,05,0.0
Triangle Flow Kolay Ütülenir Çarşaflı Tek Kişilik Nevresim Takımı 160x220 cm Lacivert,6499.99,Yatak Odası,2026-05-24,05,0.0
Triangle Flow Kolay Ütülenir Çift Kişilik Çarşaflı Nevresim Takımı 200x220 cm Lacivert,1259.99,Yatak Odası,2026-05-24,05,0.0
Trio Patch Kolay Ütülenir Tek Kişilik Çarşaflı Nevresim Takımı 160x220 cm Bej,5999.99,Yatak Odası,2026-05-24,05,0.0
Trio Patch Kolay Ütülenir Çift Kişilik Çarşaflı Nevresim Takımı 200x220 cm Bej,979.99,Yatak Odası,2026-05-24,05,0.0
Trio Shape Kolay Ütülenir Tek Kişilik Çarşaflı Nevresim Takımı 160x220 cm Turuncu,959.99,Yatak Odası,2026-05-24,05,0.0
Trio Shape Kolay Ütülenir Çift Kişilik Çarşaflı Nevresim Takımı 200x220 cm Gri,1119.99,Yatak Odası,2026-05-24,05,0.0
Trio Shape Kolay Ütülenir Çift Kişilik Çarşaflı Nevresim Takımı 200x220 cm Turuncu,6999.99,Yatak Odası,2026-05-24,05,0.0
Triweave Kolay Ütülenir Çarşaflı Tek Kişilik Nevresim Takımı 160x220 cm Bej,1079.99,Yatak Odası,2026-05-24,05,0.0
Triweave Kolay Ütülenir Çarşaflı Tek Kişilik Nevresim Takımı 160x220 cm Yeşil,1079.99,Yatak Odası,2026-05-24,05,0.0
Triweave Kolay Ütülenir Çarşaflı Çift Kişilik Nevresim Takımı 200x220 cm Bej,1259.99,Yatak Odası,2026-05-24,05,0.0
Triweave Kolay Ütülenir Çarşaflı Çift Kişilik Nevresim Takımı 200x220 cm Yeşil,1259.99,Yatak Odası,2026-05-24,05,0.0
Tropica Kolay Ütülenir Tek Kişilik Nevresim Seti 160x220 cm Yeşil,3999.99,Yatak Odası,2026-05-24,05,0.0
Tropica Kolay Ütülenir Çift Kişilik Nevresim Seti 200x220 cm Yeşil,4499.99,Yatak Odası,2026-05-24,05,0.0
Twiluxe  İpliği Boyalı Tek Kişilik Çarşaflı Nevresim Takımı 160x220 cm Lacivert,1439.99,Yatak Odası,2026-05-24,05,0.0
Twiluxe  İpliği Boyalı Çift Kişilik Çarşaflı Nevresim Takımı 200x220 cm Lacivert,1759.99,Yatak Odası,2026-05-24,05,0.0
Twist Cool & Warm Yastık 50x70 cm Mavi-Beyaz,10999.99,Yatak Odası,2026-05-24,05,0.0
Urban Patchwork King Size Çok Amaçlı Örtü 240x220 cm Lacivert,4499.99,Yatak Odası,2026-05-24,05,0.0
Urban Patchwork Tek Kişilik Çok Amaçlı Örtü 160x220 cm Lacivert,3499.99,Yatak Odası,2026-05-24,05,0.0
Urban Patchwork Çift Kişilik Çok Amaçlı Örtü 200x220 cm Lacivert,3999.99,Yatak Odası,2026-05-24,05,0.0
Verona Jakarlı Pamuk Saten King Size Çarşaflı Nevresim Takımı 240x220 cm Kırık Beyaz,17999.99,Yatak Odası,2026-05-24,05,0.0
Verona Jakarlı Pamuk Saten Super King Çarşaflı Nevresim Takımı 260x220 cm Kırık Beyaz,18999.99,Yatak Odası,2026-05-24,05,0.0
Viola Bloom King Size Çok Amaçlı Örtü 220x240 cm Mor,4999.99,Yatak Odası,2026-05-24,05,0.0
Viola Bloom Tek Kişilik Çok Amaçlı Örtü 160x220 cm Mor,3499.99,Yatak Odası,2026-05-24,05,0.0
Viola Bloom Çift Kişilik Çok Amaçlı Örtü 200x220 cm Mor,3999.99,Yatak Odası,2026-05-24,05,0.0
Vionne Kolay Ütülenir Çarşaflı Tek Kişilik Nevresim Takımı 160x220 cm Açık Sarı,839.99,Yatak Odası,2026-05-24,05,0.0
Vionne Kolay Ütülenir Çarşaflı Tek Kişilik Nevresim Takımı 160x220 cm Lila,959.99,Yatak Odası,2026-05-24,05,0.0
Vionne Kolay Ütülenir Çarşaflı Çift Kişilik Nevresim Takımı 200x220 cm Açık Sarı,1119.99,Yatak Odası,2026-05-24,05,0.0
Vionne Kolay Ütülenir Çarşaflı Çift Kişilik Nevresim Takımı 200x220 cm Lila,6999.99,Yatak Odası,2026-05-24,05,0.0
Warm Shapes Kolay Ütülenir Çarşaflı Tek Kişilik Nevresim Takımı 160x220 cm Yeşil-Bej,1199.99,Yatak Odası,2026-05-24,05,0.0
Warm Shapes Kolay Ütülenir Çarşaflı Çift Kişilik Nevresim Takımı 200x220 cm Yeşil-Bej,1439.99,Yatak Odası,2026-05-24,05,0.0
Wave Check Kolay Ütülenir Tek Kişilik Çarşaflı Nevresim Takımı 160x220 cm Açık Yeşil-Bej,839.99,Yatak Odası,2026-05-24,05,0.0
Wave Check Kolay Ütülenir Çift Kişilik Çarşaflı Nevresim Takımı 200x220 cm Açık Yeşil-Bej,1119.99,Yatak Odası,2026-05-24,05,0.0
Whispers Dijital Baskılı Kolay Ütülenir  Tek Kişilik Çarşaflı Nevresim Takımı 160x220 cm Seledon,799.99,Yatak Odası,2026-05-24,05,0.0
Wild Forest King Size Çift Taraflı Yatak Örtüsü Pembe,3899.99,Yatak Odası,2026-05-24,05,0.0
Wild Forest Çift Taraflı Tek Kişilik Çok Amaçlı Örtü 160x220 cm Pembe,2899.99,Yatak Odası,2026-05-24,05,0.0
Wildflower Dream Pamuklu Çift Kişilik Nevresim Seti 200x220 cm Pembe,5999.99,Yatak Odası,2026-05-24,05,0.0
Wildflower Dream Çift Taraflı Pamuklu Tek Kişilik Nevresim Seti 160x220 cm Yeşil,799.99,Yatak Odası,2026-05-24,05,0.0
Wildflower Dream Çift Taraflı Pamuklu Çift Kişilik Nevresim Seti 200x220 cm Yeşil,5999.99,Yatak Odası,2026-05-24,05,0.0
William Pamuklu Çift Kişilik Battaniye 200x220 cm Bej,719.99,Yatak Odası,2026-05-24,05,0.0
Windsor Kolay Ütülenir Tek Kişilik Çarşaflı Nevresim Takımı 160x220 cm Yeşil,1039.99,Yatak Odası,2026-05-24,05,0.0
Windsor Kolay Ütülenir Çift Kişilik Çarşaflı Nevresim Takımı 200x220 cm Mavi,1119.99,Yatak Odası,2026-05-24,05,0.0
Winter Patch Flanel Tek Kişilik Çarşaflı Nevresim Takımı 160x220 cm Açık Yeşil,1299.99,Yatak Odası,2026-05-24,05,0.0
Wintera Sherpa Tek Kişilik Yorgan 155x215 cm Krem,6499.99,Yatak Odası,2026-05-24,05,0.0
Wintera Sherpa Yastık 50x70 cm Krem,2999.99,Yatak Odası,2026-05-24,05,0.0
Wintera Sherpa Çift Kişilik Yorgan 195x215 cm Krem,7999.99,Yatak Odası,2026-05-24,05,0.0
Wisteria Kolay Ütülenir Tek Kişilik Nevresim Seti 160x220 cm Lila-Turuncu,3999.99,Yatak Odası,2026-05-24,05,0.0
Wisteria Kolay Ütülenir Çift Kişilik Nevresim Seti 200x220 cm Lila-Turuncu,4499.99,Yatak Odası,2026-05-24,05,0.0
Woody Kolay Ütülenir Çift Kişilik Nevresim Seti 200x220 cm Bej-Kahverengi,719.99,Yatak Odası,2026-05-24,05,0.0
Wooly Yün Tek Kişilik Yorgan 155x215 cm Beyaz,1599.99,Yatak Odası,2026-05-24,05,0.0
Wooly Yün Çift Kişilik Yorgan 195x215 cm Beyaz,10999.99,Yatak Odası,2026-05-24,05,0.0
Jullia Stoneware Vazo 11 cm Multicolor,1999.99,Çeyiz Ürünleri,2026-05-24,05,
Kerry Cam Dekoratif Obje 16 cm Multicolor,3999.99,Çeyiz Ürünleri,2026-05-24,05,
Kitty Cam Dekoratif Obje 21 cm Multicolor,4999.99,Çeyiz Ürünleri,2026-05-24,05,0.0
Pure Pamuk El Havlusu 30x40 cm Mor,999.99,Çeyiz Ürünleri,2026-05-24,05,
