product_id,name,brand,category,color,regular_price,sale_price,discount_pct,currency,inflation_1d_pct,inflation_7d_pct,inflation_15d_pct,inflation_30d_pct
209167394,Saten yüzeyli mini elbise,Bershka,KADıN > Yeni,Yeşil,2290.0,2290.0,0.0,TRY,0.0,,,
209452235,Dantel pullu mini etek,Bershka,KADıN > Yeni,Yeşil,1490.0,1490.0,0.0,TRY,0.0,,,
209452228,Pullu slip top,Bershka,KADıN > Yeni,Yeşil,1490.0,1490.0,0.0,TRY,0.0,,,
210357116,Ribana şeritli slip top,Bershka,KADıN > Yeni,Siyah,1490.0,1490.0,0.0,TRY,0.0,,,
209167392,Saten şort,Bershka,KADıN > Yeni,Siyah,1490.0,1490.0,0.0,TRY,0.0,,,
209167395,Mini saten elbise,Bershka,KADıN > Yeni,Siyah,2290.0,2290.0,0.0,TRY,0.0,,,
216728067,Kısa kollu baskılı tişört,Bershka,KADıN > Yeni,Kirli beyaz,990.0,990.0,0.0,TRY,0.0,,,
210009311,Kloş etekli kuşaklı mini elbise,Bershka,KADıN > Yeni,Bej,2290.0,2290.0,0.0,TRY,0.0,,,
206544499,Fırfırlı rustik uzun kollu bluz,Bershka,KADıN > Yeni,Beyaz,1190.0,1190.0,0.0,TRY,0.0,,,
206544498,Fırfırlı rustik uzun kollu bluz,Bershka,KADıN > Yeni,Kahverengi,1190.0,1190.0,0.0,TRY,0.0,,,
209725472,Denim bandeau top,Bershka,KADıN > Yeni,Kirli beyaz,1590.0,1590.0,0.0,TRY,0.0,,,
209725471,Düşük bel pensli geniş paça jean,Bershka,KADıN > Yeni,Kirli beyaz,2290.0,2290.0,0.0,TRY,0.0,,,
204937261,Kısa kollu bluz,Bershka,KADıN > Yeni,Beyaz,990.0,990.0,0.0,TRY,0.0,,,
204937260,Kısa kollu bluz,Bershka,KADıN > Yeni,Sarı,990.0,990.0,0.0,TRY,0.0,,,
211505091,Slouchy düşük bel jean,Bershka,KADıN > Yeni,Açık mavi,2290.0,2290.0,0.0,TRY,0.0,,,
209975792,Düşük bel geniş paça balloon fit jean,Bershka,KADıN > Yeni,Krem,1790.0,1790.0,0.0,TRY,0.0,,,
212837911,Saten yüzeyli fular,Bershka,KADıN > Yeni,Mavi,590.0,590.0,0.0,TRY,0.0,,,
209484490,İşlemeli Kürk Bandana,Bershka,KADıN > Yeni,Beyaz,590.0,590.0,0.0,TRY,0.0,,,
205577766,Volanlı rustik midi etek,Bershka,KADıN > Yeni,Kirli beyaz,1790.0,1790.0,0.0,TRY,0.0,,,
205462804,Denim paçası katlamalı şort,Bershka,KADıN > Yeni,Mavi,990.0,990.0,0.0,TRY,0.0,,,
205462809,Denim paçası katlamalı şort,Bershka,KADıN > Yeni,Beyaz,990.0,990.0,0.0,TRY,0.0,,,
205462806,Katlanabilir paçalı denim şort,Bershka,KADıN > Yeni,Siyah,990.0,990.0,0.0,TRY,0.0,,,
205462807,Denim paçası katlamalı şort,Bershka,KADıN > Yeni,Gri,990.0,990.0,0.0,TRY,0.0,,,
205462805,Denim paçası katlamalı şort,Bershka,KADıN > Yeni,Açık mavi,990.0,990.0,0.0,TRY,0.0,,,
205462808,Denim paçası katlamalı şort,Bershka,KADıN > Yeni,Açık mavi,990.0,990.0,0.0,TRY,0.0,,,
213178792,Zımbalı fitilli şort,Bershka,KADıN > Yeni,Kum rengi,1590.0,1590.0,0.0,TRY,0.0,,,
212509285,Zımbalı fitilli şort,Bershka,KADıN > Yeni,Gri,1590.0,1590.0,0.0,TRY,0.0,,,
212509286,Zımbalı fitilli şort,Bershka,KADıN > Yeni,Kirli beyaz,1590.0,1590.0,0.0,TRY,0.0,,,
209221144,Puantiye desenli denim şort,Bershka,KADıN > Yeni,Kahverengi,1490.0,1490.0,0.0,TRY,0.0,,,
216462672,Çift kumaş hacimli pantolon,Bershka,KADıN > Yeni,Açık mavi,1790.0,1790.0,0.0,TRY,0.0,,,
215366286,Asimetrik fular top,Bershka,KADıN > Yeni,Açık mavi,990.0,990.0,0.0,TRY,0.0,,,
215366285,Asimetrik fular top,Bershka,KADıN > Yeni,Siyah,990.0,990.0,0.0,TRY,0.0,,,
215084411,Büzgülü askılı body,Bershka,KADıN > Yeni,Siyah,790.0,790.0,0.0,TRY,0.0,,,
215084412,Büzgülü askılı body,Bershka,KADıN > Yeni,Açık mavi,790.0,790.0,0.0,TRY,0.0,,,
215084410,Büzgülü askılı body,Bershka,KADıN > Yeni,Krem,790.0,790.0,0.0,TRY,0.0,,,
212968336,Sırtı açık drapeli etekli elbise,Bershka,KADıN > Yeni,Krem,1590.0,1590.0,0.0,TRY,0.0,,,
213178786,Büzgülü mini elbise,Bershka,KADıN > Yeni,Siyah,1490.0,1490.0,0.0,TRY,0.0,,,
208851253,Kare çerçeveli güneş gözlüğü,Bershka,KADıN > Yeni,Siyah,790.0,790.0,0.0,TRY,0.0,,,
220330182,Zımbalı mayo,Bershka,KADıN > Yeni,Kahverengi,1490.0,1490.0,0.0,TRY,0.0,,,
204066833,Zımbalı bikini altı,Bershka,KADıN > Yeni,Krem,1190.0,1190.0,0.0,TRY,0.0,,,
204066831,Zımbalı üçgen bikini üstü,Bershka,KADıN > Yeni,Krem,1190.0,1190.0,0.0,TRY,0.0,,,
220329696,Kontrast üçgen bikini üstü,Bershka,KADıN > Yeni,Kahverengi,990.0,990.0,0.0,TRY,0.0,,,
204066844,Kontrast tanga bikini altı,Bershka,KADıN > Yeni,Kahverengi,790.0,790.0,0.0,TRY,0.0,,,
207713548,Kontrast üçgen bikini üstü,Bershka,KADıN > Yeni,Pembe,990.0,990.0,0.0,TRY,0.0,,,
207713549,Kontrast detaylı Brezilya modeli bikini altı,Bershka,KADıN > Yeni,Pembe,790.0,790.0,0.0,TRY,0.0,,,
204066840,Kontrast üçgen bikini üstü,Bershka,KADıN > Yeni,Kahverengi,990.0,990.0,0.0,TRY,0.0,,,
211134510,Zımbalı mini elbise,Bershka,KADıN > Yeni,Kahverengi,1790.0,1790.0,0.0,TRY,0.0,,,
204066961,Zımbalı mayo,Bershka,KADıN > Yeni,Kahverengi,1490.0,1490.0,0.0,TRY,0.0,,,
215366289,Dantelli şalvar pantolon,Bershka,KADıN > Yeni,Beyaz,2290.0,2290.0,0.0,TRY,0.0,,,
207865114,V yaka kazak,Bershka,KADıN > Yeni,Pembe,1190.0,1190.0,0.0,TRY,0.0,,,
208376519,Baggy fit denim bermuda şort,Bershka,KADıN > Yeni,Açık mavi,1590.0,1590.0,0.0,TRY,0.0,,,
220330185,Rib askılı tişört,Bershka,KADıN > Yeni,Kirli beyaz,350.0,350.0,0.0,TRY,0.0,,,
220330251,Poplin bloomer pantolon,Bershka,KADıN > Yeni,Siyah,1790.0,1790.0,0.0,TRY,0.0,,,
220330188,Süet görünümlü bowling çanta,Bershka,KADıN > Yeni,Deve tüyü rengi,1490.0,1490.0,0.0,TRY,0.0,,,
220329700,Parmak arası topuklu sandalet,Bershka,KADıN > Yeni,SİYAH,1790.0,1790.0,0.0,TRY,0.0,,,
210535427,Kıvrık belli midi etek,Bershka,KADıN > Yeni,Beyaz,1490.0,1490.0,0.0,TRY,0.0,,,
209007215,Balon kollu rustik bluz,Bershka,KADıN > Yeni,Beyaz,1090.0,1090.0,0.0,TRY,0.0,,,
207865113,V yaka kazak,Bershka,KADıN > Yeni,Gri,1190.0,1190.0,0.0,TRY,0.0,,,
207684738,Volanlı rustik midi etek,Bershka,KADıN > Yeni,Koyu gri,1790.0,1790.0,0.0,TRY,0.0,,,
220329701,MİNİ BOWLING ÇANTA,Bershka,KADıN > Yeni,Deve tüyü rengi,1490.0,1490.0,0.0,TRY,0.0,,,
220329699,Kısa kollu balon tişört,Bershka,KADıN > Yeni,Kirli beyaz,1090.0,1090.0,0.0,TRY,0.0,,,
209441420,Çapraz belli yüksek bel geniş paça jean,Bershka,KADıN > Yeni,Açık mavi,1790.0,1790.0,0.0,TRY,0.0,,,
220330190,Tokalı sabo,Bershka,KADıN > Yeni,DEVE TÜYÜ,2490.0,2490.0,0.0,TRY,0.0,,,
212817198,Kısa kollu bağcıklı bluz,Bershka,KADıN > Yeni,Beyaz,1490.0,1490.0,0.0,TRY,0.0,,,
204283059,Süet kemerli ceket,Bershka,KADıN > Yeni,Kahverengi,8990.0,8990.0,0.0,TRY,0.0,,,
210691817,Kıvrık belli pensli pantolon,Bershka,KADıN > Yeni,Haki,2490.0,2490.0,0.0,TRY,0.0,,,
207583796,Arkası tokalı çizgili yelek,Bershka,KADıN > Yeni,Haki,1590.0,1590.0,0.0,TRY,0.0,,,
207583795,Kruvaze çizgili blazer,Bershka,KADıN > Yeni,Haki,2790.0,2790.0,0.0,TRY,0.0,,,
209725467,Kemerli mini şort,Bershka,KADıN > Yeni,Haki,1190.0,1190.0,0.0,TRY,0.0,,,
206098484,Uzun trençkot,Bershka,KADıN > Yeni,Haki,3690.0,3690.0,0.0,TRY,0.0,,,
204234900,Arkası tokalı blazer,Bershka,KADıN > Yeni,Haki,2490.0,2490.0,0.0,TRY,0.0,,,
211514427,Kısa kollu baskılı tişört,Bershka,KADıN > Yeni,Kirli beyaz,550.0,550.0,0.0,TRY,0.0,,,
213178806,Paisley desenli bandana,Bershka,KADıN > Yeni,Haki,490.0,490.0,0.0,TRY,0.0,,,
216135821,Tül askılı mini elbise,Bershka,KADıN > Yeni,Kahverengi,1590.0,1590.0,0.0,TRY,0.0,,,
212207478,Puantiye büzgülü çanta,Bershka,KADıN > Yeni,Kahverengi,1590.0,1590.0,0.0,TRY,0.0,,,
212938546,Puantiye şort,Bershka,KADıN > Yeni,Pembe,1190.0,1190.0,0.0,TRY,0.0,,,
216179399,Asimetrik fular top,Bershka,KADıN > Yeni,Sarı,990.0,990.0,0.0,TRY,0.0,,,
212207477,Puantiye çanta,Bershka,KADıN > Yeni,Sarı,1190.0,1190.0,0.0,TRY,0.0,,,
216135822,Tül askılı mini elbise,Bershka,KADıN > Yeni,Pembe,1590.0,1590.0,0.0,TRY,0.0,,,
206098491,Düşük bel zımbalı baggy fit jean,Bershka,KADıN > Yeni,Krem,2290.0,2290.0,0.0,TRY,0.0,,,
215366284,Asimetrik fular top,Bershka,KADıN > Yeni,Kahverengi,990.0,990.0,0.0,TRY,0.0,,,
214978186,Puantiye bootcut fit denim,Bershka,KADıN > Yeni,Kahverengi,2290.0,2290.0,0.0,TRY,0.0,,,
211514426,Kısa kollu baskılı tişört,Bershka,KADıN > Yeni,Kahverengi,550.0,550.0,0.0,TRY,0.0,,,
208474415,Kemer efektli şort,Bershka,KADıN > Yeni,Yeşil,1190.0,1190.0,0.0,TRY,0.0,,,
208474416,Polo yaka fermuarlı ceket,Bershka,KADıN > Yeni,Yeşil,1590.0,1590.0,0.0,TRY,0.0,,,
207838353,Geniş yaka mini elbise,Bershka,KADıN > Yeni,Yeşil,1590.0,1590.0,0.0,TRY,0.0,,,
208379983,Geniş yaka top,Bershka,KADıN > Yeni,Pembe,990.0,990.0,0.0,TRY,0.0,,,
208851225,Güneş figürlü küpe,Bershka,KADıN > Yeni,Altın,450.0,450.0,0.0,TRY,0.0,,,
208851243,Sarkık küpe,Bershka,KADıN > Yeni,Altın,590.0,590.0,0.0,TRY,0.0,,,
208851241,Madalyon küpeler,Bershka,KADıN > Yeni,Altın,590.0,590.0,0.0,TRY,0.0,,,
209357896,Halter yaka bağlamalı top,Bershka,KADıN > Yeni,Haki,990.0,990.0,0.0,TRY,0.0,,,
213662850,Diskli zincir kemer,Bershka,KADıN > Yeni,Altın,790.0,790.0,0.0,TRY,0.0,,,
209138797,Spiral zincir kemer,Bershka,KADıN > Yeni,Altın,590.0,590.0,0.0,TRY,0.0,,,
209121257,Zincir kemer,Bershka,KADıN > Yeni,Altın,590.0,590.0,0.0,TRY,0.0,,,
212873036,Taşlı zincir kemer,Bershka,KADıN > Yeni,Altın,790.0,790.0,0.0,TRY,0.0,,,
220330098,Bantlı ve tokalı arkası açık ayakkabı,Bershka,KADıN > Yeni,KOYU KAHVE GRİ,1990.0,1990.0,0.0,TRY,0.0,,,
220329599,Tokalı sabo,Bershka,KADıN > Yeni,KOYU KAHVE GRİ,1790.0,1790.0,0.0,TRY,0.0,,,
210584192,Volanlı askılı top,Bershka,KADıN > Yeni,Kırmızı,990.0,990.0,0.0,TRY,0.0,,,
213365437,Lastik belli rustik şort,Bershka,KADıN > Yeni,Kırmızı,990.0,990.0,0.0,TRY,0.0,,,
209313931,Volanlı askılı top,Bershka,KADıN > Yeni,Mavi,990.0,990.0,0.0,TRY,0.0,,,
213365436,Lastikli belli rustik şort,Bershka,KADıN > Yeni,Mavi,990.0,990.0,0.0,TRY,0.0,,,
209167396,Balon kollu rustik bluz,Bershka,KADıN > Yeni,Pembe,1090.0,1090.0,0.0,TRY,0.0,,,
209313932,Volanlı askılı top,Bershka,KADıN > Yeni,Kirli beyaz,990.0,990.0,0.0,TRY,0.0,,,
213365438,Lastikli belli rustik şort,Bershka,KADıN > Yeni,Kirli beyaz,990.0,990.0,0.0,TRY,0.0,,,
214722972,Yıldız zımbalı baggy fit jean,Bershka,KADıN > Yeni,Açık mavi,2290.0,2290.0,0.0,TRY,0.0,,,
204066946,Dikdörtgen kadranlı kol saati,Bershka,KADıN > Yeni,Altın,1090.0,1090.0,0.0,TRY,0.0,,,
209128241,Kalp saatli yüzük,Bershka,KADıN > Yeni,Gümüş,990.0,990.0,0.0,TRY,0.0,,,
209128267,Yuvarlak saat yüzük,Bershka,KADıN > Yeni,Altın,990.0,990.0,0.0,TRY,0.0,,,
220330096,Düz parmak arası sandalet,Bershka,KADıN > Yeni,KUM RENGİ,2690.0,2690.0,0.0,TRY,0.0,,,
220329597,Topuklu pantolon sandalet tokalı,Bershka,KADıN > Yeni,BEJ,3290.0,3290.0,0.0,TRY,0.0,,,
220330095,Arkası açık topuklu ayakkabı,Bershka,KADıN > Yeni,KUM RENGİ,1990.0,1990.0,0.0,TRY,0.0,,,
220330174,Düz parmak arası sandalet,Bershka,KADıN > Yeni,KUM RENGİ,2690.0,2690.0,0.0,TRY,0.0,,,
220330172,Topuklu pantolon sandalet tokalı,Bershka,KADıN > Yeni,BEJ,3290.0,3290.0,0.0,TRY,0.0,,,
220329689,Arkası açık topuklu ayakkabı,Bershka,KADıN > Yeni,KUM RENGİ,1990.0,1990.0,0.0,TRY,0.0,,,
217394911,Halter yaka delikli top,Bershka,KADıN > Yeni,Koyu gri,990.0,990.0,0.0,TRY,0.0,,,
211722911,Zımbalı kol çantası,Bershka,KADıN > Yeni,Haki,1490.0,1490.0,0.0,TRY,0.0,,,
215366288,Zımbalı halter top,Bershka,KADıN > Yeni,Kahverengi,990.0,990.0,0.0,TRY,0.0,,,
215366287,Zımbalı mini halter elbise,Bershka,KADıN > Yeni,Kahverengi,1790.0,1790.0,0.0,TRY,0.0,,,
211526406,Düşük bel wide balloon fit jean,Bershka,KADıN > Yeni,Kahverengi,1790.0,1790.0,0.0,TRY,0.0,,,
217481605,Askılı mini elbise,Bershka,KADıN > Yeni,Yeşil,1590.0,1590.0,0.0,TRY,0.0,,,
211722916,Bengal askılı top,Bershka,KADıN > Yeni,Kızıl kahverengi,1090.0,1090.0,0.0,TRY,0.0,,,
211746253,Bengal askılı mini elbise,Bershka,KADıN > Yeni,Kızıl kahverengi,1490.0,1490.0,0.0,TRY,0.0,,,
209100359,Çan kollu vücuda oturan gömlek,Bershka,KADıN > Yeni,Kızıl kahverengi,1190.0,1190.0,0.0,TRY,0.0,,,
215084407,Dikişli dar kesim gömlek,Bershka,KADıN > Yeni,Beyaz,1590.0,1590.0,0.0,TRY,0.0,,,
211596974,Uzun kollu kruvaze düğmeli gömlek,Bershka,KADıN > Yeni,Beyaz,1490.0,1490.0,0.0,TRY,0.0,,,
213178816,Çizgili balloon fit pantolon,Bershka,KADıN > Yeni,Kirli beyaz,2290.0,2290.0,0.0,TRY,0.0,,,
213178815,Çizgili balloon fit pantolon,Bershka,KADıN > Yeni,Mavi,2290.0,2290.0,0.0,TRY,0.0,,,
207352017,Kısa kollu poplin bağlamalı gömlek,Bershka,KADıN > Yeni,Beyaz,1090.0,1090.0,0.0,TRY,0.0,,,
211746250,Kısa kollu fermuarlı baskılı gömlek,Bershka,KADıN > Yeni,Beyaz,1190.0,1190.0,0.0,TRY,0.0,,,
212938551,Fiyonklu rustik bluz,Bershka,KADıN > Yeni,Beyaz,1090.0,1090.0,0.0,TRY,0.0,,,
208776217,Kıvrık paça geniş paça jean,Bershka,KADıN > Yeni,Açık mavi,2290.0,2290.0,0.0,TRY,0.0,,,
207583786,Çizgili peplum denim ceket,Bershka,KADıN > Yeni,Açık mavi,2490.0,2490.0,0.0,TRY,0.0,,,
207352016,Kısa kollu poplin bağlamalı gömlek,Bershka,KADıN > Yeni,Haki,1090.0,1090.0,0.0,TRY,0.0,,,
211505118,Mini dantel baskılı elbise,Bershka,KADıN > Yeni,Krem,1790.0,1790.0,0.0,TRY,0.0,,,
211505119,Mini dantel baskılı elbise,Bershka,KADıN > Yeni,Pembe,1790.0,1790.0,0.0,TRY,0.0,,,
211514419,Dantelli bürümcük midi elbise,Bershka,KADıN > Yeni,Kirli beyaz,1490.0,1490.0,0.0,TRY,0.0,,,
211514418,Dantelli bürümcük midi elbise,Bershka,KADıN > Yeni,Krem,1490.0,1490.0,0.0,TRY,0.0,,,
209113910,Beli lastikli pantolon,Bershka,KADıN > Yeni,Sarı,1190.0,1190.0,0.0,TRY,0.0,,,
209113914,Beli lastikli pantolon,Bershka,KADıN > Yeni,Gri,1190.0,1190.0,0.0,TRY,0.0,,,
209113912,Beli lastikli pantolon,Bershka,KADıN > Yeni,Denizci mavisi,1190.0,1190.0,0.0,TRY,0.0,,,
209113911,Beli lastikli pantolon,Bershka,KADıN > Yeni,Mavi,1190.0,1190.0,0.0,TRY,0.0,,,
209113913,Beli lastikli pantolon,Bershka,KADıN > Yeni,Siyah,1190.0,1190.0,0.0,TRY,0.0,,,
209113915,Beli lastikli pantolon,Bershka,KADıN > Yeni,Kirli beyaz,1190.0,1190.0,0.0,TRY,0.0,,,
207774792,Kıvrık belli pantolon,Bershka,KADıN > Yeni,Beyaz,1490.0,1490.0,0.0,TRY,0.0,,,
207774791,Katlama bel pantolon,Bershka,KADıN > Yeni,Denizci mavisi,1490.0,1490.0,0.0,TRY,0.0,,,
212938549,Fiyonklu rustik bluz,Bershka,KADıN > Yeni,Koyu gri,1090.0,1090.0,0.0,TRY,0.0,,,
212938550,Fiyonklu rustik bluz,Bershka,KADıN > Yeni,Sarı,1090.0,1090.0,0.0,TRY,0.0,,,
204793673,Kapitone ceket,Bershka,KADıN > Yeni,Haki,2290.0,2290.0,0.0,TRY,0.0,,,
204793672,Kapitone ceket,Bershka,KADıN > Yeni,Siyah,2290.0,2290.0,0.0,TRY,0.0,,,
205801370,Kapitone ceket,Bershka,KADıN > Yeni,Krem,2290.0,2290.0,0.0,TRY,0.0,,,
212207481,Metal delikli tote çanta,Bershka,KADıN > Yeni,Haki,1590.0,1590.0,0.0,TRY,0.0,,,
211505093,Kemerli denim ceket,Bershka,KADıN > Yeni,Denizci mavisi,2490.0,2490.0,0.0,TRY,0.0,,,
212834210,Yüksek bel straight fit geniş paça puantiye jean,Bershka,KADıN > Yeni,Denizci mavisi,2290.0,2290.0,0.0,TRY,0.0,,,
212837909,Asimetrik puantiye desenli denim top,Bershka,KADıN > Yeni,Denizci mavisi,1590.0,1590.0,0.0,TRY,0.0,,,
209975788,Denim midi elbise,Bershka,KADıN > Yeni,Denizci mavisi,2290.0,2290.0,0.0,TRY,0.0,,,
206098477,Mini denim elbise,Bershka,KADıN > Yeni,Denizci mavisi,1590.0,1590.0,0.0,TRY,0.0,,,
215036877,Barrel fit crop jean,Bershka,KADıN > Yeni,Açık mavi,2290.0,2290.0,0.0,TRY,0.0,,,
204066972,Dikişsiz geniş paça jean,Bershka,KADıN > Yeni,Krem,1790.0,1790.0,0.0,TRY,0.0,,,
204067153,Taşlı düğme detaylı denim yelek,Bershka,KADıN > Yeni,Krem,1690.0,1690.0,0.0,TRY,0.0,,,
209975790,Asimetrik denim top,Bershka,KADıN > Yeni,Denizci mavisi,1490.0,1490.0,0.0,TRY,0.0,,,
209012215,Baggy fit orta bel jean,Bershka,KADıN > Yeni,Denizci mavisi,1790.0,1790.0,0.0,TRY,0.0,,,
207583778,Balon kesim crop denim ceket,Bershka,KADıN > Yeni,Denizci mavisi,1590.0,1590.0,0.0,TRY,0.0,,,
215036876,Crop barrel fit jean,Bershka,KADıN > Yeni,Mavi,2290.0,2290.0,0.0,TRY,0.0,,,
214542199,Slouchy denim bermuda şort,Bershka,KADıN > Yeni,Açık mavi,1790.0,1790.0,0.0,TRY,0.0,,,
218802080,Kısa sivri topuklu sandalet,Bershka,KADıN > Yeni,BEYAZ,1790.0,1790.0,0.0,TRY,0.0,,,
217315154,Tokalı babet,Bershka,KADıN > Yeni,SİYAH,1790.0,1790.0,0.0,TRY,0.0,,,
206160616,Yüksek belli denim şort etek,Bershka,KADıN > Yeni,Denizci mavisi,1590.0,1590.0,0.0,TRY,0.0,,,
218801572,Hızlı kuruyan ve nefes alabilen fermuarlı sweatshirt,Bershka,KADıN > Yeni,Muz,1590.0,1590.0,0.0,TRY,0.0,,,
218802011,Beli kıvrık teknik flare fit pantolon,Bershka,KADıN > Yeni,Yosun,1590.0,1590.0,0.0,TRY,0.0,,,
208474429,Asimetrik kısa kollu tişört,Bershka,KADıN > Yeni,Kırçıllı gri,790.0,790.0,0.0,TRY,0.0,,,
211722918,Penye kapri pantolon,Bershka,KADıN > Yeni,Gri,1590.0,1590.0,0.0,TRY,0.0,,,
212707665,Balon kesim fermuarlı kapüşonlu sweatshirt,Bershka,KADıN > Yeni,Gri,1790.0,1790.0,0.0,TRY,0.0,,,
208134168,Düğüm detaylı balerin hırka,Bershka,KADıN > Yeni,Yulaf,1190.0,1190.0,0.0,TRY,0.0,,,
209128212,Hızlı kuruyan ve nefes alabilen kısa kollu tişört,Bershka,KADıN > Yeni,Muz,990.0,990.0,0.0,TRY,0.0,,,
218802051,Katlanabilir belli teknik bermuda,Bershka,KADıN > Yeni,Muz,1090.0,1090.0,0.0,TRY,0.0,,,
218802028,Teknik askılı sütyenli top,Bershka,KADıN > Yeni,Muz,990.0,990.0,0.0,TRY,0.0,,,
218802036,Hızlı kuruyan ve nefes alabilen fermuarlı sweatshirt,Bershka,KADıN > Yeni,Muz,1590.0,1590.0,0.0,TRY,0.0,,,
207265968,2'li kürk kurdele paketi,Bershka,KADıN > Yeni,Muz,590.0,590.0,0.0,TRY,0.0,,,
218801603,İnce tabanlı spor ayakkabı,Bershka,KADıN > Yeni,KUM RENGİ,1990.0,1990.0,0.0,TRY,0.0,,,
204067024,Büzgülü teknik ceket,Bershka,KADıN > Yeni,Krem,2490.0,2490.0,0.0,TRY,0.0,,,
209725434,Hızlı kuruyan ve nefes alabilen fermuarlı sweatshirt,Bershka,KADıN > Yeni,Muz,1590.0,1590.0,0.0,TRY,0.0,,,
209452220,Kısa kollu baskılı tişört,Bershka,KADıN > Yeni,Krem,790.0,790.0,0.0,TRY,0.0,,,
207684735,Katlanabilir belli teknik bermuda,Bershka,KADıN > Yeni,Muz,1090.0,1090.0,0.0,TRY,0.0,,,
209221143,Kapüşonlu fermuarlı sweatshirt,Bershka,KADıN > Yeni,Muz,1790.0,1790.0,0.0,TRY,0.0,,,
209725918,Katlama detaylı beli lastikli bermuda,Bershka,KADıN > Yeni,Muz,1190.0,1190.0,0.0,TRY,0.0,,,
207684748,Beli kıvrık teknik flare fit pantolon,Bershka,KADıN > Yeni,Yulaf,1590.0,1590.0,0.0,TRY,0.0,,,
209975827,Balon paça eşofman altı,Bershka,KADıN > Yeni,Haki,1790.0,1790.0,0.0,TRY,0.0,,,
209975786,Balloon fit şardonlu eşofman altı,Bershka,KADıN > Yeni,Koyu gri,1790.0,1790.0,0.0,TRY,0.0,,,
208134174,Teknik askılı sütyenli top,Bershka,KADıN > Yeni,Muz,990.0,990.0,0.0,TRY,0.0,,,
218801557,Fermuarlı teknik yelek,Bershka,KADıN > Yeni,Yulaf,1190.0,1190.0,0.0,TRY,0.0,,,
218802050,Mini kloş şort etek,Bershka,KADıN > Yeni,Yulaf,1190.0,1190.0,0.0,TRY,0.0,,,
218801559,Teknik askılı sütyenli top,Bershka,KADıN > Yeni,Yulaf,990.0,990.0,0.0,TRY,0.0,,,
218801588,Beli kıvrık teknik flare fit pantolon,Bershka,KADıN > Yeni,Yulaf,1590.0,1590.0,0.0,TRY,0.0,,,
209128216,Hızlı kuruyan ve nefes alabilen kısa kollu tişört,Bershka,KADıN > Yeni,Beyaz,990.0,990.0,0.0,TRY,0.0,,,
204067163,Futbol spor ayakkabısı,Bershka,KADıN > Yeni,Gri,2490.0,2490.0,0.0,TRY,0.0,,,
208134170,Fermuarlı teknik yelek,Bershka,KADıN > Yeni,Yulaf,1190.0,1190.0,0.0,TRY,0.0,,,
209132580,Crop şişme yelek,Bershka,KADıN > Yeni,Beyaz,1490.0,1490.0,0.0,TRY,0.0,,,
209132577,Crop şişme yelek,Bershka,KADıN > Yeni,Bej,1490.0,1490.0,0.0,TRY,0.0,,,
208134164,Askılı mini elbise,Bershka,KADıN > Yeni,Yulaf,1490.0,1490.0,0.0,TRY,0.0,,,
209126944,Hızlı kuruyan ve nefes alabilen fermuarlı sweatshirt,Bershka,KADıN > Yeni,Yosun,1590.0,1590.0,0.0,TRY,0.0,,,
207684750,Beli kıvrık teknik flare fit pantolon,Bershka,KADıN > Yeni,Yosun,1590.0,1590.0,0.0,TRY,0.0,,,
207684747,Teknik kumaş kapri pantolon,Bershka,KADıN > Yeni,Yosun,1190.0,1190.0,0.0,TRY,0.0,,,
208134182,Askılı büzgülü tişört,Bershka,KADıN > Yeni,Yosun,990.0,990.0,0.0,TRY,0.0,,,
207684737,Katlanabilir belli teknik bermuda,Bershka,KADıN > Yeni,Yosun,1090.0,1090.0,0.0,TRY,0.0,,,
218801569,Hızlı kuruyan ve nefes alabilen fermuarlı sweatshirt,Bershka,KADıN > Yeni,Yosun,1590.0,1590.0,0.0,TRY,0.0,,,
218801617,Beli kıvrık teknik flare fit pantolon,Bershka,KADıN > Yeni,Yosun,1590.0,1590.0,0.0,TRY,0.0,,,
209128215,Hızlı kuruyan ve nefes alabilen kısa kollu tişört,Bershka,KADıN > Yeni,Yosun,990.0,990.0,0.0,TRY,0.0,,,
218801578,Katlanabilir belli teknik bermuda,Bershka,KADıN > Yeni,Yosun,1090.0,1090.0,0.0,TRY,0.0,,,
218801590,Teknik kumaş kapri pantolon,Bershka,KADıN > Yeni,Yosun,1190.0,1190.0,0.0,TRY,0.0,,,
218801602,İnce tabanlı spor ayakkabı,Bershka,KADıN > Yeni,KOYU KAHVE GRİ,1990.0,1990.0,0.0,TRY,0.0,,,
206544486,Çizgili fermuarlı hırka,Bershka,KADıN > Yeni,Muz,1790.0,1790.0,0.0,TRY,0.0,,,
208134175,Teknik askılı sütyenli top,Bershka,KADıN > Yeni,Yulaf,990.0,990.0,0.0,TRY,0.0,,,
209126943,Hızlı kuruyan ve nefes alabilen fermuarlı sweatshirt,Bershka,KADıN > Yeni,Siyah,1590.0,1590.0,0.0,TRY,0.0,,,
207684746,Teknik kumaş kapri pantolon,Bershka,KADıN > Yeni,Siyah,1190.0,1190.0,0.0,TRY,0.0,,,
206544495,Kısa kapüşonlu hırka,Bershka,KADıN > Yeni,Kırçıllı gri,1190.0,1190.0,0.0,TRY,0.0,,,
208134169,Teknik kısa tulum,Bershka,KADıN > Yeni,Siyah,1490.0,1490.0,0.0,TRY,0.0,,,
208474430,Kısa kollu asimetrik tişört,Bershka,KADıN > Yeni,Siyah,790.0,790.0,0.0,TRY,0.0,,,
209132579,Crop şişme yelek,Bershka,KADıN > Yeni,Siyah,1490.0,1490.0,0.0,TRY,0.0,,,
208134181,Askılı büzgülü tişört,Bershka,KADıN > Yeni,Yulaf,990.0,990.0,0.0,TRY,0.0,,,
209442135,Hızlı kuruyan ve nefes alabilen fermuarlı sweatshirt,Bershka,KADıN > Yeni,Siyah,1590.0,1590.0,0.0,TRY,0.0,,,
207684749,Beli kıvrık teknik flare fit pantolon,Bershka,KADıN > Yeni,Siyah,1590.0,1590.0,0.0,TRY,0.0,,,
209128214,Hızlı kuruyan ve nefes alabilen kısa kollu tişört,Bershka,KADıN > Yeni,Siyah,990.0,990.0,0.0,TRY,0.0,,,
207684736,Katlanabilir belli teknik bermuda,Bershka,KADıN > Yeni,Siyah,1090.0,1090.0,0.0,TRY,0.0,,,
212049566,Mini şort etek,Bershka,KADıN > Yeni,Siyah,1190.0,1190.0,0.0,TRY,0.0,,,
218802069,Spor babet,Bershka,KADıN > Yeni,KUM RENGİ,1990.0,1990.0,0.0,TRY,0.0,,,
206914319,Mini kloş şort etek,Bershka,KADıN > Yeni,Yulaf,1190.0,1190.0,0.0,TRY,0.0,,,
208739092,Puantiye mini elbise,Bershka,KADıN > Yeni,Kahverengi,1590.0,1590.0,0.0,TRY,0.0,,,
204536031,Arka tokalı blazer,Bershka,KADıN > Yeni,Kahverengi,2490.0,2490.0,0.0,TRY,0.0,,,
208739093,Puantiye mini elbise,Bershka,KADıN > Yeni,Krem,1590.0,1590.0,0.0,TRY,0.0,,,
212938563,Fular detaylı askılı top,Bershka,KADıN > Yeni,Kahverengi,990.0,990.0,0.0,TRY,0.0,,,
208739104,Halter yaka puantiyeli top,Bershka,KADıN > Yeni,Kahverengi,1090.0,1090.0,0.0,TRY,0.0,,,
208739105,Halter yaka puantiyeli top,Bershka,KADıN > Yeni,Krem,1090.0,1090.0,0.0,TRY,0.0,,,
215851135,Uzun kollu kruvaze bluz,Bershka,KADıN > Yeni,Beyaz,1190.0,1190.0,0.0,TRY,0.0,,,
218801548,Balon kesim crop denim ceket,Bershka,KADıN > Yeni,Denizci mavisi,1590.0,1590.0,0.0,TRY,0.0,,,
205631001,Bisiklet yaka düğmeli yelek,Bershka,KADıN > Yeni,Kahverengi,1190.0,1190.0,0.0,TRY,0.0,,,
205582920,Kısa blazer,Bershka,KADıN > Yeni,Gri,2490.0,2490.0,0.0,TRY,0.0,,,
208227388,Arkası açık püsküllü mokasen,Bershka,KADıN > Yeni,SİYAH,2690.0,2690.0,0.0,TRY,0.0,,,
205543184,Pens arka blazer,Bershka,KADıN > Yeni,Gri,2490.0,2490.0,0.0,TRY,0.0,,,
207865119,Bisiklet yaka düğmeli hırka,Bershka,KADıN > Yeni,Kırmızı,1490.0,1490.0,0.0,TRY,0.0,,,
208798324,Teknik kapri pantolon stoperli,Bershka,KADıN > Yeni,Beyaz,1590.0,1590.0,0.0,TRY,0.0,,,
209138846,Yüksek bel straight fit geniş paça jean,Bershka,KADıN > Yeni,Açık mavi,1590.0,1590.0,0.0,TRY,0.0,,,
208236673,Mini kemerli şort,Bershka,KADıN > Yeni,Gri,1190.0,1190.0,0.0,TRY,0.0,,,
207865125,Kareli vücuda oturan halter yelek,Bershka,KADıN > Yeni,Gri,1490.0,1490.0,0.0,TRY,0.0,,,
207955066,İşlemeli düşük bel boyfriend jean,Bershka,KADıN > Yeni,Açık mavi,2290.0,2290.0,0.0,TRY,0.0,,,
211746255,Bengal mini elbise,Bershka,KADıN > Yeni,Kırmızı,1590.0,1590.0,0.0,TRY,0.0,,,
218801152,Zımbalı suni deri kova çanta,Bershka,KADıN > Yeni,Açık mavi,1190.0,1190.0,0.0,TRY,0.0,,,
207774798,Bengalin kapri pantolon,Bershka,KADıN > Yeni,Siyah,1090.0,1090.0,0.0,TRY,0.0,,,
218801153,Mini denim şort,Bershka,KADıN > Yeni,Siyah,1490.0,1490.0,0.0,TRY,0.0,,,
218801654,Mini denim şort,Bershka,KADıN > Yeni,Gri,1490.0,1490.0,0.0,TRY,0.0,,,
209485190,Suni deri çanta,Bershka,KADıN > Yeni,Kahverengi,1590.0,1590.0,0.0,TRY,0.0,,,
218801657,Bengal mini elbise,Bershka,KADıN > Yeni,Kırmızı,1590.0,1590.0,0.0,TRY,0.0,,,
213215308,Dantelli askılı body,Bershka,KADıN > Yeni,Kirli beyaz,990.0,990.0,0.0,TRY,0.0,,,
208451570,Dantelli askılı midi elbise,Bershka,KADıN > Yeni,Siyah,1590.0,1590.0,0.0,TRY,0.0,,,
208451571,Dantelli askılı midi elbise,Bershka,KADıN > Yeni,Kirli beyaz,1590.0,1590.0,0.0,TRY,0.0,,,
208451569,Dantelli askılı midi elbise,Bershka,KADıN > Yeni,Sarı,1590.0,1590.0,0.0,TRY,0.0,,,
213215307,Dantelli askılı body,Bershka,KADıN > Yeni,Siyah,990.0,990.0,0.0,TRY,0.0,,,
213215306,Dantelli askılı body,Bershka,KADıN > Yeni,Sarı,990.0,990.0,0.0,TRY,0.0,,,
206583304,Rib askılı tişört,Bershka,KADıN > Yeni,Gri,350.0,350.0,0.0,TRY,0.0,,,
206583307,Rib askılı tişört,Bershka,KADıN > Yeni,Kirli beyaz,350.0,350.0,0.0,TRY,0.0,,,
206583303,Rib askılı tişört,Bershka,KADıN > Yeni,Siyah,350.0,350.0,0.0,TRY,0.0,,,
206583306,Rib askılı tişört,Bershka,KADıN > Yeni,Kahverengi,350.0,350.0,0.0,TRY,0.0,,,
218801224,Rib askılı tişört,Bershka,KADıN > Yeni,Mercan,350.0,350.0,0.0,TRY,0.0,,,
218801222,Rib askılı tişört,Bershka,KADıN > Yeni,Kahverengi,350.0,350.0,0.0,TRY,0.0,,,
218801711,Rib askılı tişört,Bershka,KADıN > Yeni,Siyah,350.0,350.0,0.0,TRY,0.0,,,
218801223,Rib askılı tişört,Bershka,KADıN > Yeni,Gri,350.0,350.0,0.0,TRY,0.0,,,
211505115,Kısa kollu polo tişört,Bershka,KADıN > Yeni,Pembe,990.0,990.0,0.0,TRY,0.0,,,
211505114,Kısa kollu polo tişört,Bershka,KADıN > Yeni,Sarı,990.0,990.0,0.0,TRY,0.0,,,
218801712,Kısa kollu polo tişört,Bershka,KADıN > Yeni,Pembe,990.0,990.0,0.0,TRY,0.0,,,
218801227,Kısa kollu polo tişört,Bershka,KADıN > Yeni,Sarı,990.0,990.0,0.0,TRY,0.0,,,
205631002,Bisiklet yaka düğmeli yelek,Bershka,KADıN > Yeni,Krem,1190.0,1190.0,0.0,TRY,0.0,,,
206589739,Ultra kompakt düşük bel pantolon,Bershka,KADıN > Yeni,Siyah,1590.0,1590.0,0.0,TRY,0.0,,,
212817197,Balon kesim sentetik kauçuk kumaş fermuarlı sweatshirt,Bershka,KADıN > Yeni,Siyah,2290.0,2290.0,0.0,TRY,0.0,,,
212817196,Balon kesim sentetik kauçuk kumaş fermuarlı sweatshirt,Bershka,KADıN > Yeni,Krem,2290.0,2290.0,0.0,TRY,0.0,,,
208882957,Kısa kollu baskılı tişört,Bershka,KADıN > Yeni,Kirli beyaz,790.0,790.0,0.0,TRY,0.0,,,
213780958,Asimetrik büzgülü askılı body,Bershka,KADıN > Yeni,Siyah,990.0,990.0,0.0,TRY,0.0,,,
213780959,Asimetrik büzgülü askılı body,Bershka,KADıN > Yeni,Krem,990.0,990.0,0.0,TRY,0.0,,,
207951122,Halter yaka mini elbise,Bershka,KADıN > Yeni,Siyah,1490.0,1490.0,0.0,TRY,0.0,,,
209452229,Pullu slip top,Bershka,KADıN > Yeni,Kirli beyaz,1490.0,1490.0,0.0,TRY,0.0,,,
210342317,Kapri puantiye tayt,Bershka,KADıN > Yeni,Siyah,1090.0,1090.0,0.0,TRY,0.0,,,
216179402,Fırfırlı dantel uzun kollu tişört,Bershka,KADıN > Yeni,Krem,1090.0,1090.0,0.0,TRY,0.0,,,
216179401,Fırfırlı dantel uzun kollu tişört,Bershka,KADıN > Yeni,Siyah,1090.0,1090.0,0.0,TRY,0.0,,,
210667638,Dantelli kapri tayt,Bershka,KADıN > Yeni,Beyaz,1090.0,1090.0,0.0,TRY,0.0,,,
209452236,Dantel pullu mini etek,Bershka,KADıN > Yeni,Kirli beyaz,1490.0,1490.0,0.0,TRY,0.0,,,
211134509,Jakarlı puantiye mini elbise,Bershka,KADıN > Yeni,Siyah,1590.0,1590.0,0.0,TRY,0.0,,,
208279700,Baggy fit barrel fit pullu jean,Bershka,KADıN > Yeni,Açık mavi,2990.0,2990.0,0.0,TRY,0.0,,,
209725462,Volanlı etek elbise,Bershka,KADıN > Yeni,Beyaz,1790.0,1790.0,0.0,TRY,0.0,,,
209725461,Volanlı etek elbise,Bershka,KADıN > Yeni,Siyah,1790.0,1790.0,0.0,TRY,0.0,,,
211134508,Jakarlı puantiye desenli top,Bershka,KADıN > Yeni,Siyah,1090.0,1090.0,0.0,TRY,0.0,,,
211526403,Titanic baskılı kapüşonlu sweatshirt,Bershka,KADıN > Yeni,Siyah,2290.0,2290.0,0.0,TRY,0.0,,,
211746257,Bengalin kumaş balon mini elbise,Bershka,KADıN > Yeni,Kirli beyaz,1590.0,1590.0,0.0,TRY,0.0,,,
213623876,Kruvaze büzgülü peplum top,Bershka,KADıN > Yeni,Pembe,790.0,790.0,0.0,TRY,0.0,,,
213623873,Kruvaze büzgülü peplum top,Bershka,KADıN > Yeni,Sarı,790.0,790.0,0.0,TRY,0.0,,,
215389820,Büzgülü bandeau top,Bershka,KADıN > Yeni,Pembe,590.0,590.0,0.0,TRY,0.0,,,
215435561,Asimetrik kısa kollu tişört,Bershka,KADıN > Yeni,Sarı,790.0,790.0,0.0,TRY,0.0,,,
211514422,Kısa kollu kontrast baskılı tişört,Bershka,KADıN > Yeni,Pembe,790.0,790.0,0.0,TRY,0.0,,,
211514423,Kısa kollu kontrast baskılı tişört,Bershka,KADıN > Yeni,Kirli beyaz,790.0,790.0,0.0,TRY,0.0,,,
211514421,Kısa kollu kontrast baskılı tişört,Bershka,KADıN > Yeni,Mavi,790.0,790.0,0.0,TRY,0.0,,,
213780953,Dantelli düğmeli yaka askılı top,Bershka,KADıN > Yeni,Sarı,590.0,590.0,0.0,TRY,0.0,,,
213780955,Dantelli düğmeli yaka askılı top,Bershka,KADıN > Yeni,Açık mavi,590.0,590.0,0.0,TRY,0.0,,,
213780954,Dantelli düğmeli yaka askılı top,Bershka,KADıN > Yeni,Siyah,590.0,590.0,0.0,TRY,0.0,,,
213780956,Dantelli düğmeli yaka askılı top,Bershka,KADıN > Yeni,Kirli beyaz,590.0,590.0,0.0,TRY,0.0,,,
215096087,Kısa kollu baskılı tişört,Bershka,KADıN > Yeni,Mavi,790.0,790.0,0.0,TRY,0.0,,,
215096088,Kısa kollu baskılı tişört,Bershka,KADıN > Yeni,Pembe,790.0,790.0,0.0,TRY,0.0,,,
214722974,Baskılı kapüşonlu sweatshirt,Bershka,KADıN > Yeni,Krem,1690.0,1690.0,0.0,TRY,0.0,,,
215036885,Oversize kısa kollu baskılı tişört,Bershka,KADıN > Yeni,Sarı,990.0,990.0,0.0,TRY,0.0,,,
206370803,Oversize puantiye ceket,Bershka,KADıN > Yeni,Siyah,2290.0,2290.0,0.0,TRY,0.0,,,
207674701,Denim şort etek,Bershka,KADıN > Yeni,Siyah,1590.0,1590.0,0.0,TRY,0.0,,,
214978182,Mini şifon elbise,Bershka,KADıN > Yeni,Siyah,1690.0,1690.0,0.0,TRY,0.0,,,
210677237,Dantelli askılı top,Bershka,KADıN > Yeni,Açık mavi,790.0,790.0,0.0,TRY,0.0,,,
210677238,Dantelli askılı top,Bershka,KADıN > Yeni,Siyah,790.0,790.0,0.0,TRY,0.0,,,
210677239,Dantelli askılı top,Bershka,KADıN > Yeni,Krem,790.0,790.0,0.0,TRY,0.0,,,
208793037,Saten midi etek,Bershka,KADıN > Yeni,Siyah,1090.0,1090.0,0.0,TRY,0.0,,,
211722884,Fermuarlı Çanta,Bershka,KADıN > Yeni,Kırmızı,1790.0,1790.0,0.0,TRY,0.0,,,
212169001,Suni deri omuz çantası,Bershka,KADıN > Yeni,Siyah,790.0,790.0,0.0,TRY,0.0,,,
207713574,Kruvaze halter mini elbise,Bershka,KADıN > Yeni,Kum rengi,1590.0,1590.0,0.0,TRY,0.0,,,
207713573,Çapraz halter bluz,Bershka,KADıN > Yeni,Kum rengi,1090.0,1090.0,0.0,TRY,0.0,,,
212049564,Baskılı barrel fit pantolon,Bershka,KADıN > Yeni,Çok renkli,2290.0,2290.0,0.0,TRY,0.0,,,
213623874,Kruvaze büzgülü peplum top,Bershka,KADıN > Yeni,Siyah,790.0,790.0,0.0,TRY,0.0,,,
212509294,Uzun kollu pelerin kazak,Bershka,KADıN > Yeni,Kum rengi,1590.0,1590.0,0.0,TRY,0.0,,,
207713575,Rustik ajurlu kazak,Bershka,KADıN > Yeni,Kahverengi,1590.0,1590.0,0.0,TRY,0.0,,,
207710066,Rustik hırka,Bershka,KADıN > Yeni,Krem,1590.0,1590.0,0.0,TRY,0.0,,,
205760932,Kemerli uzun trençkot,Bershka,KADıN > Yeni,Kum rengi,3690.0,3690.0,0.0,TRY,0.0,,,
214169692,Rustik jarse,Bershka,KADıN > Yeni,Krem,1190.0,1190.0,0.0,TRY,0.0,,,
213623875,Kruvaze büzgülü büstiyer,Bershka,KADıN > Yeni,Kahverengi,790.0,790.0,0.0,TRY,0.0,,,
215435562,Asimetrik kısa kollu tişört,Bershka,KADıN > Yeni,Kahverengi,790.0,790.0,0.0,TRY,0.0,,,
207713576,Rustik ajurlu kazak,Bershka,KADıN > Yeni,Krem,1590.0,1590.0,0.0,TRY,0.0,,,
205470750,Titanic kısa kollu tişört,Bershka,KADıN > Yeni,Siyah,990.0,990.0,0.0,TRY,0.0,,,
210667643,Rustik şalvar pantolon,Bershka,KADıN > Yeni,Siyah,1190.0,1190.0,0.0,TRY,0.0,,,
207735908,Süet efektli çanta,Bershka,KADıN > Yeni,Deve tüyü rengi,1490.0,1490.0,0.0,TRY,0.0,,,
211722887,Mikro delikli kemer,Bershka,KADıN > Yeni,Kahverengi,990.0,990.0,0.0,TRY,0.0,,,
207713581,Çizgili halter top,Bershka,KADıN > Yeni,Mavi,790.0,790.0,0.0,TRY,0.0,,,
207713582,Çizgili halter top,Bershka,KADıN > Yeni,Pembe,790.0,790.0,0.0,TRY,0.0,,,
207710064,Çizgili kapüşonlu sweatshirt,Bershka,KADıN > Yeni,Pembe,1590.0,1590.0,0.0,TRY,0.0,,,
207710063,Çizgili kapüşonlu sweatshirt,Bershka,KADıN > Yeni,Mavi,1590.0,1590.0,0.0,TRY,0.0,,,
210667634,Burunsuz çorap,Bershka,KADıN > Yeni,Gri,450.0,450.0,0.0,TRY,0.0,,,
208134173,Çizgili baskılı straight fit pantolon,Bershka,KADıN > Yeni,Gri,1490.0,1490.0,0.0,TRY,0.0,,,
218801611,Oval kemik güneş gözlüğü,Bershka,KADıN > Yeni,Siyah,590.0,590.0,0.0,TRY,0.0,,,
207865121,Bisiklet yaka düğmeli hırka,Bershka,KADıN > Yeni,Gri,1490.0,1490.0,0.0,TRY,0.0,,,
212207476,Bardot fular mini elbise,Bershka,KADıN > Yeni,Beyaz,1490.0,1490.0,0.0,TRY,0.0,,,
212207475,Bardot fular mini elbise,Bershka,KADıN > Yeni,Kırmızı,1490.0,1490.0,0.0,TRY,0.0,,,
211746256,Bengal mini elbise,Bershka,KADıN > Yeni,Siyah,1590.0,1590.0,0.0,TRY,0.0,,,
214695937,Mini balon elbise,Bershka,KADıN > Yeni,Koyu gri,1590.0,1590.0,0.0,TRY,0.0,,,
205631006,Çizgili polo yaka triko,Bershka,KADıN > Yeni,Yeşil,1490.0,1490.0,0.0,TRY,0.0,,,
207951127,Düşük bel çizgili süper geniş paça jean,Bershka,KADıN > Yeni,Mavi,2290.0,2290.0,0.0,TRY,0.0,,,
205631007,Çizgili polo yaka triko,Bershka,KADıN > Yeni,Denizci mavisi,1490.0,1490.0,0.0,TRY,0.0,,,
205631005,Çizgili polo yaka triko,Bershka,KADıN > Yeni,Mavi,1490.0,1490.0,0.0,TRY,0.0,,,
217315763,Çizgili polo yaka triko,Bershka,KADıN > Yeni,Denizci mavisi,1490.0,1490.0,0.0,TRY,0.0,,,
217315764,Çizgili polo yaka triko,Bershka,KADıN > Yeni,Yeşil,1490.0,1490.0,0.0,TRY,0.0,,,
217315249,Çizgili polo yaka triko,Bershka,KADıN > Yeni,Mavi,1490.0,1490.0,0.0,TRY,0.0,,,
207684758,Asimetrik dantel bandeau top,Bershka,KADıN > Yeni,Haki,1090.0,1090.0,0.0,TRY,0.0,,,
207684759,Asimetrik dantel bandeau top,Bershka,KADıN > Yeni,Kirli beyaz,1090.0,1090.0,0.0,TRY,0.0,,,
207684769,Dantel detaylı rustik midi elbise,Bershka,KADıN > Yeni,Kirli beyaz,2290.0,2290.0,0.0,TRY,0.0,,,
208543482,Büzgülü askılı midi elbise,Bershka,KADıN > Yeni,Pembe,1090.0,1090.0,0.0,TRY,0.0,,,
208543480,Büzgülü askılı midi elbise,Bershka,KADıN > Yeni,Açık mavi,1090.0,1090.0,0.0,TRY,0.0,,,
208543479,Büzgülü askılı midi elbise,Bershka,KADıN > Yeni,Siyah,1090.0,1090.0,0.0,TRY,0.0,,,
208543478,Büzgülü askılı midi elbise,Bershka,KADıN > Yeni,Kum rengi,1090.0,1090.0,0.0,TRY,0.0,,,
206589737,Fırfırlı askılı top,Bershka,KADıN > Yeni,Beyaz,550.0,550.0,0.0,TRY,0.0,,,
206589736,Fırfırlı askılı top,Bershka,KADıN > Yeni,Sarı,550.0,550.0,0.0,TRY,0.0,,,
206589735,Fırfırlı askılı top,Bershka,KADıN > Yeni,Denizci mavisi,550.0,550.0,0.0,TRY,0.0,,,
206589738,Fırfırlı askılı top,Bershka,KADıN > Yeni,Pembe,550.0,550.0,0.0,TRY,0.0,,,
206640498,Rustik şalvar pantolon,Bershka,KADıN > Yeni,Koyu gri,1190.0,1190.0,0.0,TRY,0.0,,,
206640496,Rustik şalvar pantolon,Bershka,KADıN > Yeni,Haki,1190.0,1190.0,0.0,TRY,0.0,,,
206640497,Rustik şalvar pantolon,Bershka,KADıN > Yeni,Kirli beyaz,1190.0,1190.0,0.0,TRY,0.0,,,
209019451,Asetat güneş gözlüğü,Bershka,KADıN > Yeni,Kahverengi,790.0,790.0,0.0,TRY,0.0,,,
207951123,Halter yaka mini elbise,Bershka,KADıN > Yeni,Haki,1490.0,1490.0,0.0,TRY,0.0,,,
207951124,Halter yaka mini elbise,Bershka,KADıN > Yeni,Kahverengi,1490.0,1490.0,0.0,TRY,0.0,,,
205213779,Süet efektli ceket,Bershka,KADıN > Yeni,Haki,2790.0,2790.0,0.0,TRY,0.0,,,
206517992,3’lü taşlı kolye seti,Bershka,KADıN > Yeni,Altın,790.0,790.0,0.0,TRY,0.0,,,
210077531,Madalyon kemer,Bershka,KADıN > Yeni,Kahverengi,990.0,990.0,0.0,TRY,0.0,,,
212837910,Ayarlanabilir spiralli bileklik,Bershka,KADıN > Yeni,Altın,590.0,590.0,0.0,TRY,0.0,,,
212509305,3'lü imza serisi halka küpe,Bershka,KADıN > Yeni,Beyaz,590.0,590.0,0.0,TRY,0.0,,,
210545285,Madalyon kemer,Bershka,KADıN > Yeni,Haki,1090.0,1090.0,0.0,TRY,0.0,,,
212509304,Süet efektli cepli kemer,Bershka,KADıN > Yeni,Kahverengi,790.0,790.0,0.0,TRY,0.0,,,
208851237,Düz cuff bileklik,Bershka,KADıN > Yeni,Altın,590.0,590.0,0.0,TRY,0.0,,,
209975772,Zımbalı üçgen fular,Bershka,KADıN > Yeni,Kahverengi,590.0,590.0,0.0,TRY,0.0,,,
208739082,Barrel fit pantolon,Bershka,KADıN > Yeni,0-576,1790.0,1790.0,0.0,TRY,0.0,,,
214722971,Halter yaka düğmeli bluz,Bershka,KADıN > Yeni,Kirli beyaz,990.0,990.0,0.0,TRY,0.0,,,
216108746,İşlemeli mini elbise,Bershka,KADıN > Yeni,Kirli beyaz,1490.0,1490.0,0.0,TRY,0.0,,,
207729191,Asimetrik çizgili rustik kazak,Bershka,KADıN > Yeni,Yeşil,1490.0,1490.0,0.0,TRY,0.0,,,
207729190,Asimetrik çizgili rustik kazak,Bershka,KADıN > Yeni,Mavi,1490.0,1490.0,0.0,TRY,0.0,,,
208353236,Kapitone mini suni deri çanta,Bershka,KADıN > Yeni,Krem,1090.0,1090.0,0.0,TRY,0.0,,,
206544487,Kısa kollu rustik gömlek,Bershka,KADıN > Yeni,Pembe,1090.0,1090.0,0.0,TRY,0.0,,,
206544488,Kısa kollu rustik gömlek,Bershka,KADıN > Yeni,Beyaz,1090.0,1090.0,0.0,TRY,0.0,,,
212509284,Halter top,Bershka,KADıN > Yeni,Kirli beyaz,490.0,490.0,0.0,TRY,0.0,,,
212509282,Halter top,Bershka,KADıN > Yeni,Turkuaz,490.0,490.0,0.0,TRY,0.0,,,
212509283,Halter top,Bershka,KADıN > Yeni,Siyah,490.0,490.0,0.0,TRY,0.0,,,
215364778,Selena Gomez kısa kollu baskılı tişört,Bershka,KADıN > Yeni,Pembe,1090.0,1090.0,0.0,TRY,0.0,,,
214209151,Hannah Montana kısa kollu baskılı tişört,Bershka,KADıN > Yeni,Kirli beyaz,990.0,990.0,0.0,TRY,0.0,,,
208353238,Kapitone mini suni deri çanta,Bershka,KADıN > Yeni,Pembe,1090.0,1090.0,0.0,TRY,0.0,,,
215090128,Oversize kısa kollu tişört,Bershka,KADıN > Yeni,Kirli beyaz,990.0,990.0,0.0,TRY,0.0,,,
208486455,Baggy fit denim şort,Bershka,KADıN > Yeni,Siyah,1590.0,1590.0,0.0,TRY,0.0,,,
207810779,Saten baskılı fular,Bershka,KADıN > Yeni,Kum rengi,590.0,590.0,0.0,TRY,0.0,,,
207479723,Düşük bel dokulu ve desenli baggy fit jean,Bershka,KADıN > Yeni,Kahverengi,2290.0,2290.0,0.0,TRY,0.0,,,
208486456,Baggy fit denim şort,Bershka,KADıN > Yeni,Gri,1590.0,1590.0,0.0,TRY,0.0,,,
209091430,Fitilli kumaş şapka,Bershka,KADıN > Yeni,Siyah,790.0,790.0,0.0,TRY,0.0,,,
211722906,Şifon fular midi elbise,Bershka,KADıN > Yeni,Turkuaz,1790.0,1790.0,0.0,TRY,0.0,,,
211529176,Asimetrik zımba detaylı mini elbise,Bershka,KADıN > Yeni,Gri,1590.0,1590.0,0.0,TRY,0.0,,,
212509315,Kısa kollu baskılı tişört,Bershka,KADıN > Yeni,Kirli beyaz,790.0,790.0,0.0,TRY,0.0,,,
204066784,Puantiye desenli tanga bikini altı,Bershka,KADıN > Yeni,Kahverengi,790.0,790.0,0.0,TRY,0.0,,,
204066782,Puantiye desenli üçgen bikini üstü,Bershka,KADıN > Yeni,Kahverengi,990.0,990.0,0.0,TRY,0.0,,,
207713552,Kontrast üçgen bikini üstü,Bershka,KADıN > Yeni,Mavi,990.0,990.0,0.0,TRY,0.0,,,
207713553,Kontrast Brezilya modeli bikini külot,Bershka,KADıN > Yeni,Mavi,790.0,790.0,0.0,TRY,0.0,,,
207735897,Culotte bikini altı,Bershka,KADıN > Yeni,Mavi,1190.0,1190.0,0.0,TRY,0.0,,,
204066880,Zımba detaylı Brezilya modeli bikini altı,Bershka,KADıN > Yeni,Kahverengi,990.0,990.0,0.0,TRY,0.0,,,
204066858,Zımbalı bikini üstü,Bershka,KADıN > Yeni,Kahverengi,1090.0,1090.0,0.0,TRY,0.0,,,
204066798,Zımbalı culotte bikini altı,Bershka,KADıN > Yeni,Kahverengi,1090.0,1090.0,0.0,TRY,0.0,,,
205676862,Kontrast üçgen bikini üstü,Bershka,KADıN > Yeni,Denizci mavisi,990.0,990.0,0.0,TRY,0.0,,,
205676863,Kontrast tanga bikini altı,Bershka,KADıN > Yeni,Denizci mavisi,790.0,790.0,0.0,TRY,0.0,,,
204448280,Zımbalı üçgen bikini üstü,Bershka,KADıN > Yeni,Sarı,1090.0,1090.0,0.0,TRY,0.0,,,
204483943,Zımbalı Brezilya modeli bikini altı,Bershka,KADıN > Yeni,Sarı,990.0,990.0,0.0,TRY,0.0,,,
205750022,Tanga bikini altı,Bershka,KADıN > Yeni,Kahverengi,790.0,790.0,0.0,TRY,0.0,,,
204067080,Brezilya modeli bikini altı,Bershka,KADıN > Yeni,Mavi,790.0,790.0,0.0,TRY,0.0,,,
204066786,Puantiye desenli halter bikini üstü,Bershka,KADıN > Yeni,Krem,990.0,990.0,0.0,TRY,0.0,,,
204066790,Puantiye desenli bikini altı,Bershka,KADıN > Yeni,Krem,790.0,790.0,0.0,TRY,0.0,,,
204067065,Üçgen bikini üstü,Bershka,KADıN > Yeni,Mavi,990.0,990.0,0.0,TRY,0.0,,,
204066901,Brezilya modeli bağcıklı bikini altı,Bershka,KADıN > Yeni,Siyah,790.0,790.0,0.0,TRY,0.0,,,
204067035,Üçgen bikini üstü,Bershka,KADıN > Yeni,Siyah,990.0,990.0,0.0,TRY,0.0,,,
204066767,Fiyonklu bikini altı,Bershka,KADıN > Yeni,Kahverengi,790.0,790.0,0.0,TRY,0.0,,,
205750023,Tanga bikini altı,Bershka,KADıN > Yeni,Siyah,790.0,790.0,0.0,TRY,0.0,,,
204066907,Delikli üçgen bikini üstü,Bershka,KADıN > Yeni,Mavi,1090.0,1090.0,0.0,TRY,0.0,,,
204066912,Brezilya modeli halkalı bikini altı,Bershka,KADıN > Yeni,Mavi,990.0,990.0,0.0,TRY,0.0,,,
218801542,Tanga bikini altı,Bershka,KADıN > Yeni,Siyah,790.0,790.0,0.0,TRY,0.0,,,
204067157,Puantiye desenli bikini üstü,Bershka,KADıN > Yeni,Siyah,990.0,990.0,0.0,TRY,0.0,,,
204067158,Puantiye desenli Brezilya modeli bikini külot,Bershka,KADıN > Yeni,Siyah,790.0,790.0,0.0,TRY,0.0,,,
204066900,Brezilya modeli bağcıklı bikini altı,Bershka,KADıN > Yeni,Kahverengi,790.0,790.0,0.0,TRY,0.0,,,
204067034,Üçgen bikini üstü,Bershka,KADıN > Yeni,Kahverengi,990.0,990.0,0.0,TRY,0.0,,,
204066768,Fiyonklu bikini altı,Bershka,KADıN > Yeni,Siyah,790.0,790.0,0.0,TRY,0.0,,,
204067082,Halter bikini üstü,Bershka,KADıN > Yeni,Siyah,990.0,990.0,0.0,TRY,0.0,,,
206048964,Asimetrik yaka baskılı kazak,Bershka,KADıN > Yeni,Siyah,1490.0,1490.0,0.0,TRY,0.0,,,
206098480,Fitilli asimetrik mini elbise,Bershka,KADıN > Yeni,Siyah,1790.0,1790.0,0.0,TRY,0.0,,,
206098479,Fitilli asimetrik mini elbise,Bershka,KADıN > Yeni,Siyah,1790.0,1790.0,0.0,TRY,0.0,,,
206048963,Asimetrik yaka baskılı kazak,Bershka,KADıN > Yeni,Bordo,1490.0,1490.0,0.0,TRY,0.0,,,
209007206,4'lü taşlı yüzük seti,Bershka,KADıN > Yeni,Altın,790.0,790.0,0.0,TRY,0.0,,,
207914988,Çizgili saten fular,Bershka,KADıN > Yeni,Kahverengi,590.0,590.0,0.0,TRY,0.0,,,
210342313,2’li külotlu çorap paketi,Bershka,KADıN > Yeni,Kahverengi,590.0,590.0,0.0,TRY,0.0,,,
218188474,2’li külotlu çorap paketi,Bershka,KADıN > Yeni,Kahverengi,590.0,590.0,0.0,TRY,0.0,,,
210698707,2’li çorap paketi,Bershka,KADıN > Yeni,Siyah,590.0,590.0,0.0,TRY,0.0,,,
218188473,2’li çorap paketi,Bershka,KADıN > Yeni,Siyah,590.0,590.0,0.0,TRY,0.0,,,
210342314,Puantiyeli tül çorap,Bershka,KADıN > Yeni,Kahverengi,590.0,590.0,0.0,TRY,0.0,,,
218187988,Puantiyeli tül çorap,Bershka,KADıN > Yeni,Kahverengi,590.0,590.0,0.0,TRY,0.0,,,
217597197,Billie Eilish kısa kollu baskılı tişört,Bershka,KADıN > Yeni,Siyah,1090.0,1090.0,0.0,TRY,0.0,,,
215114404,Billie Eilish baskılı kapüşonlu sweatshirt,Bershka,KADıN > Yeni,Kirli beyaz,2290.0,2290.0,0.0,TRY,0.0,,,
207955065,Jakarlı dokulu düşük bel boyfriend jean,Bershka,KADıN > Yeni,Açık mavi,2290.0,2290.0,0.0,TRY,0.0,,,
213178789,Çift kat beli dönmeli mini etek,Bershka,KADıN > Yeni,Kirli beyaz,1090.0,1090.0,0.0,TRY,0.0,,,
218801650,Asimetrik kısa kollu tişört,Bershka,KADıN > Yeni,Kirli beyaz,790.0,790.0,0.0,TRY,0.0,,,
215063823,Asimetrik kısa kollu tişört,Bershka,KADıN > Yeni,Kırmızı,790.0,790.0,0.0,TRY,0.0,,,
213178788,Çift kat beli dönmeli mini etek,Bershka,KADıN > Yeni,Kırmızı,1090.0,1090.0,0.0,TRY,0.0,,,
218801982,Fiyonklu babet,Bershka,KADıN > Yeni,FUŞYA,1590.0,1590.0,0.0,TRY,0.0,,,
218801511,Fiyonklu babet,Bershka,KADıN > Yeni,KIRMIZI,1590.0,1590.0,0.0,TRY,0.0,,,
218801512,Fiyonklu babet,Bershka,KADıN > Yeni,EKRU,1590.0,1590.0,0.0,TRY,0.0,,,
218801510,Büzgülü topuklu arkası açık ayakkabı,Bershka,KADıN > Yeni,Soluk mavi,1790.0,1790.0,0.0,TRY,0.0,,,
218801513,Büzgülü detaylı topuklu arkası açık ayakkabı,Bershka,KADıN > Yeni,SİYAH,1990.0,1990.0,0.0,TRY,0.0,,,
218801763,Fiyonklu babet,Bershka,KADıN > Yeni,EKRU,1590.0,1590.0,0.0,TRY,0.0,,,
215364779,Cardi B baskılı kapüşonlu sweatshirt,Bershka,KADıN > Yeni,Siyah,2490.0,2490.0,0.0,TRY,0.0,,,
215364777,Cardi B. kısa kollu baskılı tişört,Bershka,KADıN > Yeni,Kirli beyaz,1090.0,1090.0,0.0,TRY,0.0,,,
206136565,Hacimli teknik ceket,Bershka,KADıN > Yeni,Siyah,2290.0,2290.0,0.0,TRY,0.0,,,
208798323,Teknik kapri pantolon stoperli,Bershka,KADıN > Yeni,Siyah,1590.0,1590.0,0.0,TRY,0.0,,,
218802085,Topuklu tanga pantolon sandalet,Bershka,KADıN > Yeni,SİYAH,2990.0,2990.0,0.0,TRY,0.0,,,
218802086,Parmak arası topuklu sandalet,Bershka,KADıN > Yeni,SİYAH,1790.0,1790.0,0.0,TRY,0.0,,,
219791700,Kısa sivri topuklu sandalet,Bershka,KADıN > Yeni,BEYAZ,1790.0,1790.0,0.0,TRY,0.0,,,
216376671,Düşük bel dokulu boyfriend jean,Bershka,KADıN > Bayram koleksiyonu,Mavi,2290.0,2290.0,0.0,TRY,0.0,,,
216376669,Dokulu denim top,Bershka,KADıN > Bayram koleksiyonu,Mavi,1590.0,1590.0,0.0,TRY,0.0,,,
216376663,Dokulu oversize denim ceket,Bershka,KADıN > Bayram koleksiyonu,Mavi,2490.0,2490.0,0.0,TRY,0.0,,,
216376665,Bengal askılı midi elbise,Bershka,KADıN > Bayram koleksiyonu,Kahverengi,1590.0,1590.0,0.0,TRY,0.0,,,
216376164,Kruvaze desenli bluz,Bershka,KADıN > Bayram koleksiyonu,Kum rengi,1190.0,830.0,30.25,TRY,0.0,,,
216376664,Kruvaze desenli bluz,Bershka,KADıN > Bayram koleksiyonu,Krem,1190.0,830.0,30.25,TRY,0.0,,,
217315259,Çizgili culotte bermuda,Bershka,KADıN > Bayram koleksiyonu,Denizci mavisi,1590.0,1590.0,0.0,TRY,0.0,,,
206290913,Kısa kollu rustik gömlek,Bershka,KADıN > Bayram koleksiyonu,Beyaz,990.0,990.0,0.0,TRY,0.0,,,
216376712,Düşük bel dokulu ve desenli baggy fit jean,Bershka,KADıN > Bayram koleksiyonu,Krem,2290.0,2290.0,0.0,TRY,0.0,,,
216376201,Fırfırlı askılı rustik midi elbise,Bershka,KADıN > Bayram koleksiyonu,Kum rengi,2290.0,2290.0,0.0,TRY,0.0,,,
216376262,Açık topuklu ayakkabı,Bershka,KADıN > Bayram koleksiyonu,Altın,1990.0,1990.0,0.0,TRY,0.0,,,
216376754,Fiyonklu topuklu ayakkabı,Bershka,KADıN > Bayram koleksiyonu,Kahverengi,1790.0,1790.0,0.0,TRY,0.0,,,
205832034,Asimetrik kazak,Bershka,KADıN > Bayram koleksiyonu,Krem,1590.0,1110.0,30.19,TRY,0.0,,,
209580884,Bohem madalyon zincir,Bershka,KADıN > Bayram koleksiyonu,Altın,790.0,790.0,0.0,TRY,0.0,,,
205832035,Asimetrik kazak,Bershka,KADıN > Bayram koleksiyonu,Haki,1590.0,1590.0,0.0,TRY,0.0,,,
204654990,Rustik örgü hırka,Bershka,KADıN > Bayram koleksiyonu,Krem,1590.0,1590.0,0.0,TRY,0.0,,,
208580113,Ajurlu atkı,Bershka,KADıN > Bayram koleksiyonu,Beyaz,1190.0,1190.0,0.0,TRY,0.0,,,
207318009,Dokulu düşük bel straight fit jean,Bershka,KADıN > Bayram koleksiyonu,Açık mavi,2490.0,2490.0,0.0,TRY,0.0,,,
206771491,Kolsuz tül top,Bershka,KADıN > Bayram koleksiyonu,Krem,1190.0,1190.0,0.0,TRY,0.0,,,
206771490,Kolsuz tül top,Bershka,KADıN > Bayram koleksiyonu,Kahverengi,1190.0,1190.0,0.0,TRY,0.0,,,
207318010,Dokulu crop denim ceket,Bershka,KADıN > Bayram koleksiyonu,Açık mavi,2990.0,2990.0,0.0,TRY,0.0,,,
209221142,Büzgülü halter body,Bershka,KADıN > Bayram koleksiyonu,Koyu gri,990.0,990.0,0.0,TRY,0.0,,,
209221141,Büzgülü halter body,Bershka,KADıN > Bayram koleksiyonu,Siyah,990.0,990.0,0.0,TRY,0.0,,,
209221140,Büzgülü halter body,Bershka,KADıN > Bayram koleksiyonu,Kum rengi,990.0,990.0,0.0,TRY,0.0,,,
206771498,Uzun kollu tül detaylı mini elbise,Bershka,KADıN > Bayram koleksiyonu,Kahverengi,1790.0,1250.0,30.17,TRY,0.0,,,
204066783,Düşük bel boyfriend jean,Bershka,KADıN > Bayram koleksiyonu,Açık mavi,2790.0,2790.0,0.0,TRY,0.0,,,
210667649,Asimetrik tül uzun kollu tişört,Bershka,KADıN > Bayram koleksiyonu,Siyah,990.0,990.0,0.0,TRY,0.0,,,
210667650,Asimetrik tül uzun kollu tişört,Bershka,KADıN > Bayram koleksiyonu,Kahverengi,990.0,990.0,0.0,TRY,0.0,,,
211596976,Büzgülü mini elbise,Bershka,KADıN > Bayram koleksiyonu,Bordo,1490.0,1490.0,0.0,TRY,0.0,,,
208793040,Büzgülü midi etek,Bershka,KADıN > Bayram koleksiyonu,Siyah,1490.0,1490.0,0.0,TRY,0.0,,,
208851259,Kemerli bandeau top,Bershka,KADıN > Bayram koleksiyonu,Siyah,590.0,590.0,0.0,TRY,0.0,,,
208851260,Kemerli bandeau top,Bershka,KADıN > Bayram koleksiyonu,Sarı,590.0,590.0,0.0,TRY,0.0,,,
208793041,Büzgülü midi etek,Bershka,KADıN > Bayram koleksiyonu,Sarı,1490.0,1490.0,0.0,TRY,0.0,,,
208793039,Büzgülü midi etek,Bershka,KADıN > Bayram koleksiyonu,Kahverengi,1490.0,1490.0,0.0,TRY,0.0,,,
208851258,Kemerli bandeau top,Bershka,KADıN > Bayram koleksiyonu,Kahverengi,590.0,590.0,0.0,TRY,0.0,,,
204066950,Huni yaka trençkot ceket,Bershka,KADıN > Bayram koleksiyonu,Kahverengi,2490.0,2490.0,0.0,TRY,0.0,,,
209138680,Çift kumaşlı hacimli pantolon,Bershka,KADıN > Bayram koleksiyonu,Denizci mavisi,1790.0,1790.0,0.0,TRY,0.0,,,
204067097,Kısa suni deri trençkot ceket,Bershka,KADıN > Bayram koleksiyonu,Siyah,2790.0,2790.0,0.0,TRY,0.0,,,
208236684,Kısa kollu baskılı tişört,Bershka,KADıN > Bayram koleksiyonu,Kirli beyaz,790.0,790.0,0.0,TRY,0.0,,,
207583788,Uzun kollu büzgülü top,Bershka,KADıN > Bayram koleksiyonu,Siyah,1190.0,1190.0,0.0,TRY,0.0,,,
207583787,Uzun kollu büzgülü top,Bershka,KADıN > Bayram koleksiyonu,Gri,1190.0,1190.0,0.0,TRY,0.0,,,
204066951,Huni yaka trençkot ceket,Bershka,KADıN > Bayram koleksiyonu,Kum rengi,2490.0,2490.0,0.0,TRY,0.0,,,
215063855,Beli oturan kazak,Bershka,KADıN > Bayram koleksiyonu,Kahverengi,1590.0,1590.0,0.0,TRY,0.0,,,
206544496,Fermuarlı askılı top,Bershka,KADıN > Bayram koleksiyonu,Kahverengi,1190.0,1190.0,0.0,TRY,0.0,,,
206544497,Fermuarlı askılı top,Bershka,KADıN > Bayram koleksiyonu,Haki,1190.0,1190.0,0.0,TRY,0.0,,,
207774796,Poplin bloomer pantolon,Bershka,KADıN > Bayram koleksiyonu,Haki,1790.0,1790.0,0.0,TRY,0.0,,,
204066826,Suni deri balon ceket,Bershka,KADıN > Bayram koleksiyonu,Siyah,2290.0,2290.0,0.0,TRY,0.0,,,
215063902,Kemerli suni deri bomber ceket,Bershka,KADıN > Bayram koleksiyonu,Siyah,2490.0,2490.0,0.0,TRY,0.0,,,
215064393,Poplin bloomer pantolon,Bershka,KADıN > Bayram koleksiyonu,Siyah,1790.0,1790.0,0.0,TRY,0.0,,,
215064390,Zımbalı Bowling Çanta,Bershka,KADıN > Bayram koleksiyonu,Kahverengi,1190.0,1190.0,0.0,TRY,0.0,,,
215063887,MİNİ BOWLING ÇANTA,Bershka,KADıN > Bayram koleksiyonu,Siyah,1490.0,1490.0,0.0,TRY,0.0,,,
215063898,Baskılı kapüşonlu sweatshirt,Bershka,KADıN > Bayram koleksiyonu,Gri,2290.0,2290.0,0.0,TRY,0.0,,,
215063899,Balon midi etek,Bershka,KADıN > Bayram koleksiyonu,Haki,1790.0,1790.0,0.0,TRY,0.0,,,
211505106,Baskılı kapüşonlu sweatshirt,Bershka,KADıN > Bayram koleksiyonu,Gri,2290.0,2290.0,0.0,TRY,0.0,,,
207774795,Poplin bloomer pantolon,Bershka,KADıN > Bayram koleksiyonu,Siyah,1790.0,1790.0,0.0,TRY,0.0,,,
206589728,Balon kesim mini gömlek elbise,Bershka,KADıN > Bayram koleksiyonu,Açık mavi,1790.0,1790.0,0.0,TRY,0.0,,,
206370804,Uzun kollu kruvaze gömlek,Bershka,KADıN > Bayram koleksiyonu,Koyu mavi,1490.0,1490.0,0.0,TRY,0.0,,,
209485082,Rib detaylı oversize kazak,Bershka,KADıN > Bayram koleksiyonu,Siyah,1590.0,1590.0,0.0,TRY,0.0,,,
215063897,Poplin bloomer pantolon,Bershka,KADıN > Bayram koleksiyonu,Haki,1790.0,1790.0,0.0,TRY,0.0,,,
215063888,Mavi filtreli asetat gözlük,Bershka,KADıN > Bayram koleksiyonu,Siyah,790.0,790.0,0.0,TRY,0.0,,,
215064392,İspanyol kollu dar kesim gömlek,Bershka,KADıN > Bayram koleksiyonu,Kum rengi,1490.0,1490.0,0.0,TRY,0.0,,,
215064396,Baskılı balon şort etek,Bershka,KADıN > Bayram koleksiyonu,Kum rengi,1190.0,1190.0,0.0,TRY,0.0,,,
207768273,Baskılı balon şort etek,Bershka,KADıN > Bayram koleksiyonu,Kum rengi,1190.0,1190.0,0.0,TRY,0.0,,,
208274675,Denim balon mini etek,Bershka,KADıN > Bayram koleksiyonu,Denizci mavisi,1590.0,1590.0,0.0,TRY,0.0,,,
209012211,Mini balon kot elbise,Bershka,KADıN > Bayram koleksiyonu,Denizci mavisi,1790.0,1790.0,0.0,TRY,0.0,,,
206136563,Balon midi etek,Bershka,KADıN > Bayram koleksiyonu,Beyaz,1790.0,1790.0,0.0,TRY,0.0,,,
215063886,Yumuşak dokunuşlu fermuarlı ceket,Bershka,KADıN > Bayram koleksiyonu,Denizci mavisi,1790.0,1790.0,0.0,TRY,0.0,,,
215064395,Balon midi etek,Bershka,KADıN > Bayram koleksiyonu,Beyaz,1790.0,1790.0,0.0,TRY,0.0,,,
209042481,Retro spor ayakkabı,Bershka,KADıN > Bayram koleksiyonu,Kahverengi,1890.0,1890.0,0.0,TRY,0.0,,,
209442003,Suni deri ceket,Bershka,KADıN > Bayram koleksiyonu,Siyah,2290.0,2290.0,0.0,TRY,0.0,,,
215064382,Yumuşak dokulu düğmeli hırka,Bershka,KADıN > Bayram koleksiyonu,Gri,1490.0,1490.0,0.0,TRY,0.0,,,
215063896,Poplin bloomer pantolon,Bershka,KADıN > Bayram koleksiyonu,Beyaz,1790.0,1790.0,0.0,TRY,0.0,,,
207774797,Poplin bloomer pantolon,Bershka,KADıN > Bayram koleksiyonu,Beyaz,1790.0,1790.0,0.0,TRY,0.0,,,
215063927,Düz pantolon bot,Bershka,KADıN > Bayram koleksiyonu,SİYAH,3690.0,3690.0,0.0,TRY,0.0,,,
207768274,Baskılı balon şort etek,Bershka,KADıN > Bayram koleksiyonu,Koyu mavi,1190.0,1190.0,0.0,TRY,0.0,,,
207380770,Balon midi etek,Bershka,KADıN > Bayram koleksiyonu,Haki,1790.0,1790.0,0.0,TRY,0.0,,,
215064394,Uzun kollu kruvaze gömlek,Bershka,KADıN > Bayram koleksiyonu,Koyu mavi,1490.0,1490.0,0.0,TRY,0.0,,,
215064397,Baskılı balon şort etek,Bershka,KADıN > Bayram koleksiyonu,Koyu mavi,1190.0,1190.0,0.0,TRY,0.0,,,
208228087,Topuklu pantolon çizme,Bershka,KADıN > Bayram koleksiyonu,SİYAH,3690.0,3690.0,0.0,TRY,0.0,,,
209442041,Çok cepli omuz çantası,Bershka,KADıN > Bayram koleksiyonu,Koyu gri,1190.0,1190.0,0.0,TRY,0.0,,,
215064381,Yumuşak dokunuşlu fermuarlı ceket,Bershka,KADıN > Bayram koleksiyonu,Kum rengi,1790.0,1790.0,0.0,TRY,0.0,,,
215064398,Düşük bel balon jean,Bershka,KADıN > Bayram koleksiyonu,Denizci mavisi,2290.0,2290.0,0.0,TRY,0.0,,,
209012214,Düşük bel balon jean,Bershka,KADıN > Bayram koleksiyonu,Denizci mavisi,2290.0,2290.0,0.0,TRY,0.0,,,
208543488,Dikişli dar kesim gömlek,Bershka,KADıN > Bayram koleksiyonu,Sarı,1590.0,1590.0,0.0,TRY,0.0,,,
206771489,Kısa kollu bağcıklı gömlek,Bershka,KADıN > Bayram koleksiyonu,Koyu mavi,1190.0,1190.0,0.0,TRY,,,,
206370794,Kısa kollu bağcıklı gömlek,Bershka,KADıN > Bayram koleksiyonu,Beyaz,1190.0,1190.0,0.0,TRY,0.0,,,
208543489,Dikişli dar kesim gömlek,Bershka,KADıN > Bayram koleksiyonu,Açık mavi,1590.0,1590.0,0.0,TRY,0.0,,,
206805019,Strasslı ceket,Bershka,KADıN > Bayram koleksiyonu,Gri,3690.0,3690.0,0.0,TRY,0.0,,,
206792010,Strasslı yelek,Bershka,KADıN > Bayram koleksiyonu,Gri,2290.0,2290.0,0.0,TRY,0.0,,,
205114759,Bengal askılı top,Bershka,KADıN > Bayram koleksiyonu,Kahverengi,1090.0,1090.0,0.0,TRY,0.0,,,
204736104,Bengal askılı mini elbise,Bershka,KADıN > Bayram koleksiyonu,Kahverengi,1490.0,1490.0,0.0,TRY,0.0,,,
204736105,Bengal askılı mini elbise,Bershka,KADıN > Bayram koleksiyonu,Siyah,1490.0,1490.0,0.0,TRY,0.0,,,
204437602,Bengal askılı top,Bershka,KADıN > Bayram koleksiyonu,Haki,1090.0,1090.0,0.0,TRY,0.0,,,
204736103,Bengal askılı midi elbise,Bershka,KADıN > Bayram koleksiyonu,Siyah,1590.0,1590.0,0.0,TRY,0.0,,,
204736102,Bengal askılı midi elbise,Bershka,KADıN > Bayram koleksiyonu,Kahverengi,1590.0,1590.0,0.0,TRY,0.0,,,
205304041,Midi denim elbise,Bershka,KADıN > Bayram koleksiyonu,Denizci mavisi,2290.0,2290.0,0.0,TRY,0.0,,,
207583771,Büzgülü askılı midi elbise,Bershka,KADıN > Bayram koleksiyonu,Bordo,1190.0,1190.0,0.0,TRY,0.0,,,
207583770,Büzgülü askılı midi elbise,Bershka,KADıN > Bayram koleksiyonu,Siyah,1190.0,1190.0,0.0,TRY,0.0,,,
209091428,Bandeau triko midi elbise,Bershka,KADıN > Bayram koleksiyonu,Krem,1190.0,1190.0,0.0,TRY,0.0,,,
209091427,Bandeau triko midi elbise,Bershka,KADıN > Bayram koleksiyonu,Kahverengi,1190.0,1190.0,0.0,TRY,0.0,,,
209091429,Bandeau triko midi elbise,Bershka,KADıN > Bayram koleksiyonu,Siyah,1190.0,1190.0,0.0,TRY,0.0,,,
208353247,Pili teknik pantolon,Bershka,KADıN > Bayram koleksiyonu,Siyah,1790.0,1790.0,0.0,TRY,0.0,,,
208353248,Pili teknik pantolon,Bershka,KADıN > Bayram koleksiyonu,Haki,1790.0,1790.0,0.0,TRY,0.0,,,
206370811,Keten bandeau top,Bershka,KADıN > Bayram koleksiyonu,Beyaz,990.0,990.0,0.0,TRY,0.0,,,
206370810,Keten bandeau top,Bershka,KADıN > Bayram koleksiyonu,Denizci mavisi,990.0,990.0,0.0,TRY,0.0,,,
209975832,Pullu etek detaylı pantolon,Bershka,KADıN > Bayram koleksiyonu,Koyu gri,1490.0,1490.0,0.0,TRY,0.0,,,
206290912,Kısa kollu rustik gömlek,Bershka,KADıN > Bayram koleksiyonu,Mavi,990.0,990.0,0.0,TRY,0.0,,,
205462791,Denim ceket,Bershka,KADıN > Bayram koleksiyonu,Açık mavi,1790.0,1790.0,0.0,TRY,0.0,,,
218802038,Çizgili fermuarlı hırka,Bershka,KADıN > BERSHKA ACTIVE,Muz,1790.0,1790.0,0.0,TRY,0.0,,,
218801518,2'li kürk kurdele paketi,Bershka,KADıN > BERSHKA ACTIVE,Muz,590.0,590.0,0.0,TRY,0.0,,,
218801571,Balon kesim fermuarlı kapüşonlu sweatshirt,Bershka,KADıN > BERSHKA ACTIVE,Gri,1790.0,1790.0,0.0,TRY,0.0,,,
218801561,Asimetrik kısa kollu tişört,Bershka,KADıN > BERSHKA ACTIVE,Kırçıllı gri,790.0,790.0,0.0,TRY,0.0,,,
218802057,Penye kapri pantolon,Bershka,KADıN > BERSHKA ACTIVE,Gri,1590.0,1590.0,0.0,TRY,0.0,,,
218802043,Kısa kapüşonlu hırka,Bershka,KADıN > BERSHKA ACTIVE,Kırçıllı gri,1190.0,1190.0,0.0,TRY,0.0,,,
218802078,Hızlı kuruyan ve nefes alabilen fermuarlı sweatshirt,Bershka,KADıN > BERSHKA ACTIVE,Muz,1590.0,1590.0,0.0,TRY,0.0,,,
218801582,Katlanabilir belli teknik bermuda,Bershka,KADıN > BERSHKA ACTIVE,Muz,1090.0,1090.0,0.0,TRY,0.0,,,
218801580,Katlama detaylı beli lastikli bermuda,Bershka,KADıN > BERSHKA ACTIVE,Muz,1190.0,1190.0,0.0,TRY,0.0,,,
218802041,Kapüşonlu fermuarlı sweatshirt,Bershka,KADıN > BERSHKA ACTIVE,Muz,1790.0,1790.0,0.0,TRY,0.0,,,
218802039,Crop şişme yelek,Bershka,KADıN > BERSHKA ACTIVE,Bej,1490.0,1490.0,0.0,TRY,0.0,,,
218802040,Büzgülü teknik ceket,Bershka,KADıN > BERSHKA ACTIVE,Krem,2490.0,2490.0,0.0,TRY,0.0,,,
218802031,Fermuarlı teknik yelek,Bershka,KADıN > BERSHKA ACTIVE,Yulaf,1190.0,1190.0,0.0,TRY,0.0,,,
218801581,Mini kloş şort etek,Bershka,KADıN > BERSHKA ACTIVE,Yulaf,1190.0,1190.0,0.0,TRY,0.0,,,
218802026,Kısa kollu baskılı tişört,Bershka,KADıN > BERSHKA ACTIVE,Krem,790.0,790.0,0.0,TRY,0.0,,,
218801564,Teknik askılı sütyenli top,Bershka,KADıN > BERSHKA ACTIVE,Yulaf,990.0,990.0,0.0,TRY,0.0,,,
218801573,Düğüm detaylı balerin hırka,Bershka,KADıN > BERSHKA ACTIVE,Yulaf,1190.0,1190.0,0.0,TRY,0.0,,,
218802047,Askılı mini elbise,Bershka,KADıN > BERSHKA ACTIVE,Yulaf,1490.0,1490.0,0.0,TRY,0.0,,,
218801998,İŞLEMELİ ŞAPKA,Bershka,KADıN > BERSHKA ACTIVE,Yeşil,590.0,590.0,0.0,TRY,0.0,,,
218801587,Balon paça eşofman altı,Bershka,KADıN > BERSHKA ACTIVE,Haki,1790.0,1790.0,0.0,TRY,0.0,,,
218801556,Askılı büzgülü tişört,Bershka,KADıN > BERSHKA ACTIVE,Yosun,990.0,990.0,0.0,TRY,0.0,,,
218802077,Teknik kumaş kapri pantolon,Bershka,KADıN > BERSHKA ACTIVE,Yosun,1190.0,1190.0,0.0,TRY,0.0,,,
218801575,Hızlı kuruyan ve nefes alabilen fermuarlı sweatshirt,Bershka,KADıN > BERSHKA ACTIVE,Yosun,1590.0,1590.0,0.0,TRY,0.0,,,
218801589,Beli kıvrık teknik flare fit pantolon,Bershka,KADıN > BERSHKA ACTIVE,Yosun,1590.0,1590.0,0.0,TRY,0.0,,,
218801576,Teknik kısa tulum,Bershka,KADıN > BERSHKA ACTIVE,Siyah,1490.0,1490.0,0.0,TRY,0.0,,,
218802027,Hızlı kuruyan ve nefes alabilen kısa kollu tişört,Bershka,KADıN > BERSHKA ACTIVE,Siyah,990.0,990.0,0.0,TRY,0.0,,,
218801553,Kısa kollu asimetrik tişört,Bershka,KADıN > BERSHKA ACTIVE,Siyah,790.0,790.0,0.0,TRY,0.0,,,
218802060,Teknik kumaş kapri pantolon,Bershka,KADıN > BERSHKA ACTIVE,Siyah,1190.0,1190.0,0.0,TRY,0.0,,,
218802061,Balloon fit şardonlu eşofman altı,Bershka,KADıN > BERSHKA ACTIVE,Koyu gri,1790.0,1790.0,0.0,TRY,0.0,,,
209041969,Futbol spor ayakkabısı,Bershka,KADıN > BERSHKA ACTIVE,Gri,2490.0,2490.0,0.0,TRY,0.0,,,
218801608,Çok parçalı spor ayakkabı,Bershka,KADıN > BERSHKA ACTIVE,KUM RENGİ,1990.0,1990.0,0.0,TRY,0.0,,,
218802073,İnce tabanlı spor ayakkabı,Bershka,KADıN > BERSHKA ACTIVE,KOYU KAHVE GRİ,1990.0,1990.0,0.0,TRY,0.0,,,
218801607,İnce tabanlı spor ayakkabı,Bershka,KADıN > BERSHKA ACTIVE,KUM RENGİ,1990.0,1990.0,0.0,TRY,0.0,,,
218802075,Spor babet,Bershka,KADıN > BERSHKA ACTIVE,KUM RENGİ,1990.0,1990.0,0.0,TRY,0.0,,,
218802074,Retro spor ayakkabı,Bershka,KADıN > BERSHKA ACTIVE,BEYAZ,1790.0,1790.0,0.0,TRY,0.0,,,
219791716,Kapüşonlu fermuarlı sweatshirt,Bershka,KADıN > BERSHKA ACTIVE,Muz,1790.0,1790.0,0.0,TRY,0.0,,,
219791714,Katlanabilir belli teknik bermuda,Bershka,KADıN > BERSHKA ACTIVE,Muz,1090.0,1090.0,0.0,TRY,0.0,,,
219791713,Hızlı kuruyan ve nefes alabilen fermuarlı sweatshirt,Bershka,KADıN > BERSHKA ACTIVE,Yosun,1590.0,1590.0,0.0,TRY,0.0,,,
219791715,Büzgülü teknik ceket,Bershka,KADıN > BERSHKA ACTIVE,Krem,2490.0,2490.0,0.0,TRY,0.0,,,
219791712,Fermuarlı teknik yelek,Bershka,KADıN > BERSHKA ACTIVE,Yulaf,1190.0,1190.0,0.0,TRY,0.0,,,
219791709,Beli kıvrık teknik flare fit pantolon,Bershka,KADıN > BERSHKA ACTIVE,Siyah,1590.0,1590.0,0.0,TRY,0.0,,,
219791710,Kısa kollu asimetrik tişört,Bershka,KADıN > BERSHKA ACTIVE,Siyah,790.0,790.0,0.0,TRY,0.0,,,
218802097,Hızlı kuruyan ve nefes alabilen kısa kollu tişört,Bershka,KADıN > BERSHKA ACTIVE,Muz,990.0,990.0,0.0,TRY,0.0,,,
218802098,Penye kapri pantolon,Bershka,KADıN > BERSHKA ACTIVE,Gri,1590.0,1590.0,0.0,TRY,0.0,,,
218802099,Katlanabilir belli teknik bermuda,Bershka,KADıN > BERSHKA ACTIVE,Yosun,1090.0,1090.0,0.0,TRY,0.0,,,
219791711,Askılı büzgülü tişört,Bershka,KADıN > BERSHKA ACTIVE,Yulaf,990.0,990.0,0.0,TRY,0.0,,,
218802100,Beli kıvrık teknik flare fit pantolon,Bershka,KADıN > BERSHKA ACTIVE,Yulaf,1590.0,1590.0,0.0,TRY,0.0,,,
218802037,Düğüm detaylı balerin hırka,Bershka,KADıN > BERSHKA ACTIVE,Yulaf,1190.0,1190.0,0.0,TRY,0.0,,,
218802048,Katlama detaylı beli lastikli bermuda,Bershka,KADıN > BERSHKA ACTIVE,Muz,1190.0,1190.0,0.0,TRY,0.0,,,
218801594,Teknik kumaş kapri pantolon,Bershka,KADıN > BERSHKA ACTIVE,Yosun,1190.0,1190.0,0.0,TRY,0.0,,,
218802058,Balloon fit şardonlu eşofman altı,Bershka,KADıN > BERSHKA ACTIVE,Koyu gri,1790.0,1790.0,0.0,TRY,0.0,,,
218801570,Kısa kapüşonlu hırka,Bershka,KADıN > BERSHKA ACTIVE,Kırçıllı gri,1190.0,1190.0,0.0,TRY,0.0,,,
209484719,Hızlı kuruyan ve nefes alabilen kısa kollu tişört,Bershka,KADıN > BERSHKA ACTIVE,Siyah,990.0,990.0,0.0,TRY,0.0,,,
218801554,Askılı büzgülü tişört,Bershka,KADıN > BERSHKA ACTIVE,Yulaf,990.0,990.0,0.0,TRY,0.0,,,
220329618,Denim paçası katlamalı şort,Bershka,KADıN > BSK TEEN,Mavi,990.0,990.0,0.0,TRY,0.0,,,
220329634,Denim paçası katlamalı şort,Bershka,KADıN > BSK TEEN,Açık mavi,990.0,990.0,0.0,TRY,0.0,,,
220329629,Denim paçası katlamalı şort,Bershka,KADıN > BSK TEEN,Açık mavi,990.0,990.0,0.0,TRY,0.0,,,
220330129,Denim paçası katlamalı şort,Bershka,KADıN > BSK TEEN,Gri,990.0,990.0,0.0,TRY,0.0,,,
220330110,Katlanabilir paçalı denim şort,Bershka,KADıN > BSK TEEN,Siyah,990.0,990.0,0.0,TRY,0.0,,,
220330108,Denim paçası katlamalı şort,Bershka,KADıN > BSK TEEN,Beyaz,990.0,990.0,0.0,TRY,0.0,,,
220329633,Puantiye desenli denim şort,Bershka,KADıN > BSK TEEN,Kahverengi,1490.0,1490.0,0.0,TRY,0.0,,,
220329630,Zımbalı fitilli şort,Bershka,KADıN > BSK TEEN,Kirli beyaz,1590.0,1590.0,0.0,TRY,0.0,,,
220329642,Zımbalı fitilli şort,Bershka,KADıN > BSK TEEN,Kum rengi,1590.0,1590.0,0.0,TRY,0.0,,,
220329616,Zımbalı fitilli şort,Bershka,KADıN > BSK TEEN,Gri,1590.0,1590.0,0.0,TRY,0.0,,,
220330115,Volanlı askılı top,Bershka,KADıN > BSK TEEN,Mavi,990.0,990.0,0.0,TRY,0.0,,,
220329613,Lastikli belli rustik şort,Bershka,KADıN > BSK TEEN,Mavi,990.0,990.0,0.0,TRY,0.0,,,
220329636,Volanlı askılı top,Bershka,KADıN > BSK TEEN,Kırmızı,990.0,990.0,0.0,TRY,0.0,,,
220329632,Lastik belli rustik şort,Bershka,KADıN > BSK TEEN,Kırmızı,990.0,990.0,0.0,TRY,0.0,,,
220330112,Volanlı askılı top,Bershka,KADıN > BSK TEEN,Kirli beyaz,990.0,990.0,0.0,TRY,0.0,,,
220329612,Lastikli belli rustik şort,Bershka,KADıN > BSK TEEN,Kirli beyaz,990.0,990.0,0.0,TRY,0.0,,,
220330196,Yıldız zımbalı baggy fit jean,Bershka,KADıN > BSK TEEN,Açık mavi,2290.0,2290.0,0.0,TRY,0.0,,,
209441573,Crop şişme yelek,Bershka,KADıN > BSK TEEN,Siyah,1490.0,1490.0,0.0,TRY,0.0,,,
209484561,Crop şişme yelek,Bershka,KADıN > BSK TEEN,Beyaz,1490.0,1490.0,0.0,TRY,0.0,,,
209485156,Yumuşak kumaşlı ceket,Bershka,KADıN > BSK TEEN,Kum rengi,1790.0,1790.0,0.0,TRY,0.0,,,
209485226,Yumuşak kumaşlı ceket,Bershka,KADıN > BSK TEEN,Kahverengi,1790.0,1790.0,0.0,TRY,0.0,,,
209441444,Kapüşonlu oversize fermuarlı sweatshirt,Bershka,KADıN > BSK TEEN,Denizci mavisi,1490.0,1490.0,0.0,TRY,0.0,,,
209484607,Kapüşonlu oversize fermuarlı sweatshirt,Bershka,KADıN > BSK TEEN,Gri,1490.0,1490.0,0.0,TRY,0.0,,,
213615787,Suni deri ceket,Bershka,KADıN > BSK TEEN,Kızıl kahverengi,2290.0,2290.0,0.0,TRY,0.0,,,
209441334,Suni deri ceket,Bershka,KADıN > BSK TEEN,Kahverengi,2290.0,2290.0,0.0,TRY,0.0,,,
209442004,Suni deri ceket,Bershka,KADıN > BSK TEEN,Siyah,2290.0,2290.0,0.0,TRY,0.0,,,
218801296,Oversize puantiye ceket,Bershka,KADıN > BSK TEEN,Siyah,2290.0,2290.0,0.0,TRY,0.0,,,
218801295,Su geçirmez teknik ceket,Bershka,KADıN > BSK TEEN,Deve tüyü rengi,2290.0,2290.0,0.0,TRY,0.0,,,
217315266,Stoperli barrel fit eşofman altı,Bershka,KADıN > BSK TEEN,Siyah,1590.0,1590.0,0.0,TRY,0.0,,,
209442067,Yumuşak dokulu geniş paça pantolon,Bershka,KADıN > BSK TEEN,Gri,1490.0,1490.0,0.0,TRY,0.0,,,
209484993,Kapüşonlu modal fermuarlı sweatshirt,Bershka,KADıN > BSK TEEN,Gri,1190.0,1190.0,0.0,TRY,0.0,,,
209441238,Kapüşonlu modal fermuarlı sweatshirt,Bershka,KADıN > BSK TEEN,Siyah,1190.0,1190.0,0.0,TRY,0.0,,,
209484682,Yumuşak wide leg pantolon,Bershka,KADıN > BSK TEEN,Siyah,1490.0,1490.0,0.0,TRY,0.0,,,
211379394,Düşük bel bootcut jean,Bershka,KADıN > BSK TEEN,Denizci mavisi,1790.0,1790.0,0.0,TRY,0.0,,,
211379393,Düşük bel bootcut jean,Bershka,KADıN > BSK TEEN,Açık mavi,1790.0,1790.0,0.0,TRY,0.0,,,
211378889,Düşük bel bootcut jean,Bershka,KADıN > BSK TEEN,Açık mavi,1790.0,1790.0,0.0,TRY,0.0,,,
211378890,Düşük bel bootcut jean,Bershka,KADıN > BSK TEEN,Koyu gri,1790.0,1790.0,0.0,TRY,0.0,,,
211379395,Düşük bel bootcut jean,Bershka,KADıN > BSK TEEN,Mavi,1790.0,1790.0,0.0,TRY,0.0,,,
211379397,Bootcut düşük bel jean,Bershka,KADıN > BSK TEEN,Açık mavi,1790.0,1790.0,0.0,TRY,0.0,,,
211378891,Bootcut düşük bel jean,Bershka,KADıN > BSK TEEN,Siyah,1790.0,1250.0,30.17,TRY,0.0,,,
213616612,Baskılı kapüşonlu sweatshirt,Bershka,KADıN > BSK TEEN,Gri,1590.0,1590.0,0.0,TRY,0.0,,,
213616123,Bootcut düşük bel jean,Bershka,KADıN > BSK TEEN,Mavi,1790.0,1790.0,0.0,TRY,0.0,,,
213616611,Baskılı kapüşonlu sweatshirt,Bershka,KADıN > BSK TEEN,Mavi,1590.0,1590.0,0.0,TRY,0.0,,,
215064460,Suni deri balon ceket,Bershka,KADıN > BSK TEEN,Haki,2290.0,2290.0,0.0,TRY,0.0,,,
215063974,Süet efektli balon ceket,Bershka,KADıN > BSK TEEN,Deve tüyü rengi,2290.0,1600.0,30.13,TRY,0.0,,,
215064459,Kısa balon efektli trençkot ceket,Bershka,KADıN > BSK TEEN,Deve tüyü rengi,2290.0,2290.0,0.0,TRY,0.0,,,
209442006,Suni deri ceket,Bershka,KADıN > BSK TEEN,Siyah,2290.0,2290.0,0.0,TRY,0.0,,,
215063977,Sentetik kauçuk kumaş görünümlü birleşik kapüşonlu ceket,Bershka,KADıN > BSK TEEN,Siyah,2290.0,2290.0,0.0,TRY,0.0,,,
215063975,Suni deri balon ceket,Bershka,KADıN > BSK TEEN,Kahverengi,2290.0,2290.0,0.0,TRY,0.0,,,
215063973,Kısa balon efektli trençkot ceket,Bershka,KADıN > BSK TEEN,Haki,2290.0,2290.0,0.0,TRY,0.0,,,
209441829,Suni deri ceket,Bershka,KADıN > BSK TEEN,Kahverengi,2290.0,2290.0,0.0,TRY,0.0,,,
216376798,Suni deri ceket,Bershka,KADıN > BSK TEEN,Kızıl kahverengi,2290.0,2290.0,0.0,TRY,0.0,,,
209441511,Suni deri biker ceket,Bershka,KADıN > BSK TEEN,Siyah,1790.0,1790.0,0.0,TRY,0.0,,,
215063976,Sentetik kauçuk kumaş görünümlü birleşik kapüşonlu ceket,Bershka,KADıN > BSK TEEN,Kahverengi,2290.0,2290.0,0.0,TRY,0.0,,,
209441882,Yıldız zımbalı baggy fit jean,Bershka,KADıN > BSK TEEN,Siyah,2290.0,1600.0,30.13,TRY,0.0,,,
213616389,Yıldız zımbalı baggy fit jean,Bershka,KADıN > BSK TEEN,Mavi,2290.0,1600.0,30.13,TRY,0.0,,,
209484503,Yıldız zımbalı baggy fit jean,Bershka,KADıN > BSK TEEN,Gri,2290.0,2290.0,0.0,TRY,0.0,,,
209941235,Yıldız cepli zımbalı düşük bel baggy fit jean,Bershka,KADıN > BSK TEEN,Siyah,2290.0,1600.0,30.13,TRY,,,,
209484744,Yıldız zımbalı baggy fit jean,Bershka,KADıN > BSK TEEN,Açık mavi,2290.0,2290.0,0.0,TRY,0.0,,,
213615876,Düşük bel zımbalı baggy fit jean,Bershka,KADıN > BSK TEEN,Denizci mavisi,2290.0,1600.0,30.13,TRY,0.0,,,
213616390,Fermuarlı nakışlı kapüşonlu sweatshirt,Bershka,KADıN > BSK TEEN,Denizci mavisi,2290.0,2290.0,0.0,TRY,0.0,,,
215064484,Geniş paça düşük bel jean,Bershka,KADıN > BSK TEEN,Açık mavi,1790.0,1790.0,0.0,TRY,0.0,,,
215064009,Geniş paça düşük bel jean,Bershka,KADıN > BSK TEEN,Denizci mavisi,1790.0,1790.0,0.0,TRY,0.0,,,
215064483,Geniş paça düşük bel jean,Bershka,KADıN > BSK TEEN,Açık mavi,1790.0,1790.0,0.0,TRY,0.0,,,
215064010,Yüksek bel distressed geniş paça jean,Bershka,KADıN > BSK TEEN,Siyah,1790.0,1790.0,0.0,TRY,0.0,,,
215064482,Yüksek bel distressed geniş paça jean,Bershka,KADıN > BSK TEEN,Açık mavi,1790.0,1790.0,0.0,TRY,0.0,,,
215064011,Geniş paça düşük bel jean,Bershka,KADıN > BSK TEEN,Siyah,1790.0,1790.0,0.0,TRY,0.0,,,
217315269,Dantel pullu mini etek,Bershka,KADıN > BSK TEEN,Denizci mavisi,1490.0,1490.0,0.0,TRY,0.0,,,
215064001,Askılı top,Bershka,KADıN > BSK TEEN,Beyaz/Siyah,350.0,350.0,0.0,TRY,0.0,,,
215064478,Kısa kollu baskılı tişört,Bershka,KADıN > BSK TEEN,Kirli beyaz,790.0,790.0,0.0,TRY,0.0,,,
215064000,Kısa kollu baskılı tişört,Bershka,KADıN > BSK TEEN,Denizci mavisi,790.0,790.0,0.0,TRY,0.0,,,
215064476,Geniş paça orta bel jean,Bershka,KADıN > BSK TEEN,Krem,1590.0,1590.0,0.0,TRY,0.0,,,
215064002,Dantel pullu mini etek,Bershka,KADıN > BSK TEEN,Açık mavi,1490.0,1490.0,0.0,TRY,0.0,,,
215064477,Dantel pullu mini etek,Bershka,KADıN > BSK TEEN,Beyaz,1490.0,1490.0,0.0,TRY,0.0,,,
209441499,Beli lastikli pantolon,Bershka,KADıN > BSK TEEN,Siyah,1190.0,1190.0,0.0,TRY,0.0,,,
209441800,Beli lastikli pantolon,Bershka,KADıN > BSK TEEN,Kirli beyaz,1190.0,1190.0,0.0,TRY,0.0,,,
217315116,Beli lastikli pantolon,Bershka,KADıN > BSK TEEN,Gri,1190.0,1190.0,0.0,TRY,0.0,,,
217315615,Beli lastikli pantolon,Bershka,KADıN > BSK TEEN,Denizci mavisi,1190.0,1190.0,0.0,TRY,0.0,,,
217315616,Beli lastikli pantolon,Bershka,KADıN > BSK TEEN,Sarı,1190.0,1190.0,0.0,TRY,0.0,,,
213616280,Ratatouille kısa kollu baskılı tişört,Bershka,KADıN > BSK TEEN,Kirli beyaz,990.0,990.0,0.0,TRY,0.0,,,
213616331,Tokalı mini şort etek,Bershka,KADıN > BSK TEEN,Denizci mavisi,1190.0,1190.0,0.0,TRY,0.0,,,
209441566,Kısa kollu bisiklet yaka tişört,Bershka,KADıN > BSK TEEN,Beyaz,350.0,350.0,0.0,TRY,0.0,,,
211379398,Kısa kollu bisiklet yaka tişört,Bershka,KADıN > BSK TEEN,Pembe,350.0,350.0,0.0,TRY,0.0,,,
211378892,Kısa kollu bisiklet yaka tişört,Bershka,KADıN > BSK TEEN,Kırmızı,350.0,350.0,0.0,TRY,0.0,,,
209485124,Kısa kollu bisiklet yaka tişört,Bershka,KADıN > BSK TEEN,Siyah,350.0,350.0,0.0,TRY,0.0,,,
209442055,Kısa kollu bisiklet yaka tişört,Bershka,KADıN > BSK TEEN,Denizci mavisi,350.0,350.0,0.0,TRY,0.0,,,
209441751,Kısa kollu bisiklet yaka tişört,Bershka,KADıN > BSK TEEN,Kirli beyaz,350.0,350.0,0.0,TRY,0.0,,,
209441988,Kısa kollu bisiklet yaka tişört,Bershka,KADıN > BSK TEEN,Siyah,350.0,350.0,0.0,TRY,0.0,,,
211379399,Beabadoobee baskılı kısa kollu tişört,Bershka,KADıN > BSK TEEN,Beyaz,990.0,990.0,0.0,TRY,0.0,,,
211379400,Kısa kollu basic tişört,Bershka,KADıN > BSK TEEN,Kahverengi,490.0,490.0,0.0,TRY,0.0,,,
211378963,Kısa kollu basic tişört,Bershka,KADıN > BSK TEEN,Siyah,490.0,490.0,0.0,TRY,0.0,,,
211378893,Kısa kollu basic tişört,Bershka,KADıN > BSK TEEN,Kirli beyaz,490.0,490.0,0.0,TRY,0.0,,,
211379448,Baskılı paraşüt kargo pantolon,Bershka,KADıN > BSK TEEN,Yeşil,1790.0,1790.0,0.0,TRY,0.0,,,
213278885,Süet görünümlü bowling çanta,Bershka,KADıN > BSK TEEN,Deve tüyü rengi,1490.0,1490.0,0.0,TRY,0.0,,,
211378962,Süet görünümlü bowling çanta,Bershka,KADıN > BSK TEEN,Gri,1490.0,1490.0,0.0,TRY,0.0,,,
211378959,Dantelli örgü tişört,Bershka,KADıN > BSK TEEN,Krem,1190.0,1190.0,0.0,TRY,0.0,,,
211378961,Dantelli örgü tişört,Bershka,KADıN > BSK TEEN,Denizci mavisi,1190.0,1190.0,0.0,TRY,0.0,,,
211379446,Yumuşak dokulu flare fit pantolon,Bershka,KADıN > BSK TEEN,Krem,1490.0,1490.0,0.0,TRY,0.0,,,
211379444,Yumuşak dokulu flare fit pantolon,Bershka,KADıN > BSK TEEN,Denizci mavisi,1490.0,1490.0,0.0,TRY,0.0,,,
211378960,Baskılı paraşüt kargo pantolon,Bershka,KADıN > BSK TEEN,Kahverengi,1790.0,1790.0,0.0,TRY,0.0,,,
213616603,Rib askılı tişört,Bershka,KADıN > BSK TEEN,Gri,350.0,350.0,0.0,TRY,0.0,,,
213616599,Rib askılı tişört,Bershka,KADıN > BSK TEEN,Kahverengi,350.0,350.0,0.0,TRY,0.0,,,
213616120,Rib askılı tişört,Bershka,KADıN > BSK TEEN,Siyah,350.0,350.0,0.0,TRY,0.0,,,
213616602,Rib askılı tişört,Bershka,KADıN > BSK TEEN,Kirli beyaz,350.0,350.0,0.0,TRY,0.0,,,
213616601,Rib askılı tişört,Bershka,KADıN > BSK TEEN,Mercan,350.0,350.0,0.0,TRY,0.0,,,
211379449,Kısa kollu basic tişört,Bershka,KADıN > BSK TEEN,Pembe,490.0,490.0,0.0,TRY,0.0,,,
215063866,Kısa kollu basic tişört,Bershka,KADıN > BSK TEEN,Siyah,490.0,490.0,0.0,TRY,0.0,,,
215064364,Kısa kollu basic tişört,Bershka,KADıN > BSK TEEN,Kirli beyaz,490.0,490.0,0.0,TRY,0.0,,,
215064363,Kısa kollu basic tişört,Bershka,KADıN > BSK TEEN,Kahverengi,490.0,490.0,0.0,TRY,0.0,,,
213616383,Asimetrik kısa kollu tişört,Bershka,KADıN > BSK TEEN,Kirli beyaz,790.0,790.0,0.0,TRY,0.0,,,
213615869,Asimetrik kısa kollu tişört,Bershka,KADıN > BSK TEEN,Mavi,790.0,790.0,0.0,TRY,0.0,,,
213616382,Asimetrik kısa kollu tişört,Bershka,KADıN > BSK TEEN,Kırmızı,790.0,790.0,0.0,TRY,0.0,,,
213616600,Asimetrik kısa kollu tişört,Bershka,KADıN > BSK TEEN,Denizci mavisi,790.0,790.0,0.0,TRY,0.0,,,
213615870,Asimetrik kısa kollu tişört,Bershka,KADıN > BSK TEEN,Beyaz,790.0,790.0,0.0,TRY,0.0,,,
213616384,Asimetrik kısa kollu tişört,Bershka,KADıN > BSK TEEN,Siyah,790.0,790.0,0.0,TRY,0.0,,,
213616604,Kısa kollu büzgülü tişört,Bershka,KADıN > BSK TEEN,Açık mavi,490.0,490.0,0.0,TRY,0.0,,,
213616447,Kısa kollu büzgülü tişört,Bershka,KADıN > BSK TEEN,Kirli beyaz,490.0,490.0,0.0,TRY,0.0,,,
213615873,Kısa kollu büzgülü tişört,Bershka,KADıN > BSK TEEN,Kahverengi,490.0,490.0,0.0,TRY,0.0,,,
213615874,Kısa kollu büzgülü tişört,Bershka,KADıN > BSK TEEN,Siyah,490.0,490.0,0.0,TRY,0.0,,,
213615949,3’lü boncuk kolye seti,Bershka,KADıN > BSK TEEN,Altın,590.0,590.0,0.0,TRY,0.0,,,
213616491,9'lu strass yüzük seti,Bershka,KADıN > BSK TEEN,Altın,490.0,490.0,0.0,TRY,0.0,,,
213616492,Yıldız lariat kolye,Bershka,KADıN > BSK TEEN,Altın,490.0,490.0,0.0,TRY,0.0,,,
213615950,9'lu ince yüzük seti,Bershka,KADıN > BSK TEEN,Gümüş,490.0,490.0,0.0,TRY,0.0,,,
213615951,7'li boncuklu yüzük seti,Bershka,KADıN > BSK TEEN,Altın,490.0,490.0,0.0,TRY,0.0,,,
213615872,Boxy fit çizgili tişört,Bershka,KADıN > BSK TEEN,Beyaz,790.0,790.0,0.0,TRY,0.0,,,
213615871,Boxy fit çizgili tişört,Bershka,KADıN > BSK TEEN,Pembe,790.0,790.0,0.0,TRY,0.0,,,
213615875,Boxy fit kısa kollu tişört,Bershka,KADıN > BSK TEEN,Kirli beyaz,590.0,590.0,0.0,TRY,0.0,,,
213616387,Boxy fit kısa kollu tişört,Bershka,KADıN > BSK TEEN,Siyah,590.0,590.0,0.0,TRY,0.0,,,
213278392,Fitilli temel askılı tişört,Bershka,KADıN > BSK TEEN,Pembe,350.0,350.0,0.0,TRY,0.0,,,
213278391,Fitilli temel askılı tişört,Bershka,KADıN > BSK TEEN,Gri,350.0,350.0,0.0,TRY,0.0,,,
213278886,Fitilli temel askılı tişört,Bershka,KADıN > BSK TEEN,Kirli beyaz,350.0,350.0,0.0,TRY,0.0,,,
213278390,Fitilli temel askılı tişört,Bershka,KADıN > BSK TEEN,Siyah,350.0,350.0,0.0,TRY,0.0,,,
213278389,Fitilli temel askılı tişört,Bershka,KADıN > BSK TEEN,Denizci mavisi,350.0,350.0,0.0,TRY,0.0,,,
215064337,Bootcut düşük bel jean,Bershka,KADıN > BSK TEEN,Açık mavi,1790.0,1790.0,0.0,TRY,0.0,,,
218801784,Water resistant ve windproof desenli kapüşonlu ceket,Bershka,KADıN > BSK TEEN,Bej,2290.0,2290.0,0.0,TRY,0.0,,,
218801302,Yamalı şardonlu çan paça pantolon,Bershka,KADıN > BSK TEEN,Gri,1590.0,1590.0,0.0,TRY,0.0,,,
218801303,Yamalı şardonlu çan paça pantolon,Bershka,KADıN > BSK TEEN,Krem,1590.0,1590.0,0.0,TRY,0.0,,,
218801783,Baskılı kapüşonlu sweatshirt,Bershka,KADıN > BSK TEEN,Pembe,2290.0,2290.0,0.0,TRY,0.0,,,
218187949,Baskılı oversize kapüşonlu fermuarlı sweatshirt,Bershka,KADıN > BSK TEEN,Gri,1790.0,1790.0,0.0,TRY,0.0,,,
218188444,Düşük bel nakışlı flare fit jean,Bershka,KADıN > BSK TEEN,Açık mavi,2290.0,2290.0,0.0,TRY,0.0,,,
218188445,Asimetrik baskılı sweatshirt,Bershka,KADıN > BSK TEEN,Krem,1590.0,1590.0,0.0,TRY,0.0,,,
218187947,Asimetrik baskılı sweatshirt,Bershka,KADıN > BSK TEEN,Gri,1590.0,1590.0,0.0,TRY,0.0,,,
218187950,Kısa kollu çizgili polo,Bershka,KADıN > BSK TEEN,Pembe,790.0,790.0,0.0,TRY,0.0,,,
218187979,Bootcut düşük bel jean,Bershka,KADıN > BSK TEEN,Açık mavi,1790.0,1790.0,0.0,TRY,0.0,,,
218187948,straight fit düşük bel jean,Bershka,KADıN > BSK TEEN,Açık mavi,1690.0,1690.0,0.0,TRY,0.0,,,
209484699,Düşük bel boyfriend jean,Bershka,KADıN > BSK TEEN,Açık mavi,1790.0,1790.0,0.0,TRY,0.0,,,
209484530,Düşük bel boyfriend jean,Bershka,KADıN > BSK TEEN,Açık mavi,1790.0,1790.0,0.0,TRY,0.0,,,
209485183,Düşük bel boyfriend jean,Bershka,KADıN > BSK TEEN,Siyah,1790.0,1790.0,0.0,TRY,0.0,,,
209441364,Düşük bel boyfriend jean,Bershka,KADıN > BSK TEEN,Koyu gri,1790.0,1790.0,0.0,TRY,0.0,,,
209485218,Düşük bel boyfriend jean,Bershka,KADıN > BSK TEEN,Gri,1790.0,1790.0,0.0,TRY,0.0,,,
209441617,Düşük bel boyfriend jean,Bershka,KADıN > BSK TEEN,Denizci mavisi,1790.0,1790.0,0.0,TRY,0.0,,,
211379365,Rib detaylı oversize kazak,Bershka,KADıN > BSK TEEN,Kahverengi,1590.0,1590.0,0.0,TRY,0.0,,,
209441288,Rib detaylı oversize kazak,Bershka,KADıN > BSK TEEN,Kum rengi,1590.0,1110.0,30.19,TRY,0.0,,,
209441917,Rib detaylı oversize kazak,Bershka,KADıN > BSK TEEN,Yeşil,1590.0,1590.0,0.0,TRY,0.0,,,
209441925,Baskılı kapüşonlu jarse,Bershka,KADıN > BSK TEEN,Pembe,1690.0,1690.0,0.0,TRY,0.0,,,
209441650,Zımbalı Kapüşonlu Sweatshirt,Bershka,KADıN > BSK TEEN,Koyu gri,1790.0,1790.0,0.0,TRY,0.0,,,
209442076,Cars kapüşonlu sweatshirt,Bershka,KADıN > BSK TEEN,Denizci mavisi,1790.0,1790.0,0.0,TRY,0.0,,,
218801969,Billie Eilish baskılı kapüşonlu sweatshirt,Bershka,KADıN > BSK TEEN,Kirli beyaz,2290.0,2290.0,0.0,TRY,0.0,,,
218801497,Oversize kısa kollu baskılı tişört,Bershka,KADıN > BSK TEEN,Kirli beyaz,990.0,990.0,0.0,TRY,0.0,,,
218801970,Hannah Montana kısa kollu baskılı tişört,Bershka,KADıN > BSK TEEN,Kirli beyaz,990.0,990.0,0.0,TRY,0.0,,,
218801496,Oversize kısa kollu baskılı tişört,Bershka,KADıN > BSK TEEN,Sarı,990.0,990.0,0.0,TRY,0.0,,,
218801971,Oversize kısa kollu tişört,Bershka,KADıN > BSK TEEN,Kirli beyaz,990.0,990.0,0.0,TRY,0.0,,,
216377136,Örgü detaylı düğmeli hırka,Bershka,KADıN > BSK TEEN,Krem,1490.0,1490.0,0.0,TRY,0.0,,,
216376641,Örgü detaylı düğmeli hırka,Bershka,KADıN > BSK TEEN,Gri,1490.0,1490.0,0.0,TRY,0.0,,,
216377134,Baskılı kapüşonlu sweatshirt,Bershka,KADıN > BSK TEEN,Turkuaz,1790.0,1790.0,0.0,TRY,0.0,,,
216376638,Baskılı kapüşonlu sweatshirt,Bershka,KADıN > BSK TEEN,Kahverengi,1790.0,1790.0,0.0,TRY,0.0,,,
216377133,Süper geniş paça düşük bel jean,Bershka,KADıN > BSK TEEN,Açık mavi,2290.0,2290.0,0.0,TRY,0.0,,,
216377132,Kısa kollu çizgili polo,Bershka,KADıN > BSK TEEN,Kahverengi,790.0,790.0,0.0,TRY,0.0,,,
216377135,Düşük bel boyfriend jean,Bershka,KADıN > BSK TEEN,Krem,1790.0,1790.0,0.0,TRY,0.0,,,
209441513,Kapüşonlu suni kürk efektli ceket,Bershka,KADıN > BSK TEEN,Kum rengi,2290.0,1600.0,30.13,TRY,0.0,,,
209441462,Su geçirmez ve termal yalıtımlı şişme ceket,Bershka,KADıN > BSK TEEN,Bordo,2490.0,2490.0,0.0,TRY,0.0,,,
209441464,Su geçirmez ve termal yalıtımlı şişme ceket,Bershka,KADıN > BSK TEEN,Bordo,2490.0,2490.0,0.0,TRY,0.0,,,
209441809,Su geçirmez ve termal yalıtımlı şişme ceket,Bershka,KADıN > BSK TEEN,Siyah,2490.0,2490.0,0.0,TRY,0.0,,,
209441514,Kapüşonlu suni kürk efektli ceket,Bershka,KADıN > BSK TEEN,Kum rengi,2290.0,1600.0,30.13,TRY,0.0,,,
209441998,Kapüşonlu suni kürk efektli ceket,Bershka,KADıN > BSK TEEN,Kum rengi,2290.0,1600.0,30.13,TRY,0.0,,,
209441593,Kapüşonlu suni kürk efektli ceket,Bershka,KADıN > BSK TEEN,Siyah,2290.0,1600.0,30.13,TRY,0.0,,,
209441810,Su geçirmez ve termal yalıtımlı şişme ceket,Bershka,KADıN > BSK TEEN,Siyah,2490.0,2490.0,0.0,TRY,0.0,,,
213616391,Baskılı balloon fit pantolon,Bershka,KADıN > BSK TEEN,Gri,1790.0,1790.0,0.0,TRY,0.0,,,
213615880,Rib detaylı oversize kazak,Bershka,KADıN > BSK TEEN,Açık mavi,1590.0,1590.0,0.0,TRY,0.0,,,
213615881,Rib detaylı oversize kazak,Bershka,KADıN > BSK TEEN,Sarı,1590.0,1590.0,0.0,TRY,0.0,,,
213616392,Kısa kollu baskılı tişört,Bershka,KADıN > BSK TEEN,Kirli beyaz,790.0,790.0,0.0,TRY,0.0,,,
213616121,Bengal mini elbise,Bershka,KADıN > BSK TEEN,Gri,1490.0,1040.0,30.2,TRY,0.0,,,
213616122,Bengal mini elbise,Bershka,KADıN > BSK TEEN,Siyah,1490.0,1040.0,30.2,TRY,0.0,,,
215063783,Işıltılı crop denim ceket,Bershka,KADıN > BSK TEEN,Açık mavi,2490.0,2490.0,0.0,TRY,0.0,,,
215064371,Işıltılı crop denim ceket,Bershka,KADıN > BSK TEEN,Açık mavi,2490.0,2490.0,0.0,TRY,0.0,,,
215063930,Yüksek bel straight fit geniş paça parlak jean,Bershka,KADıN > BSK TEEN,Açık mavi,2290.0,2290.0,0.0,TRY,0.0,,,
215064281,Yüksek bel straight fit geniş paça parlak jean,Bershka,KADıN > BSK TEEN,Açık mavi,2290.0,2290.0,0.0,TRY,0.0,,,
209441354,Uzun kollu çizgili tişört,Bershka,KADıN > BSK TEEN,Haki,1090.0,1090.0,0.0,TRY,0.0,,,
209442172,Eskitme efektli askılı bowling çanta,Bershka,KADıN > BSK TEEN,Bordo,1790.0,1250.0,30.17,TRY,0.0,,,
209484528,Saplı distressed bowling çanta,Bershka,KADıN > BSK TEEN,Siyah,1790.0,1790.0,0.0,TRY,0.0,,,
209485346,Geniş paça orta bel jean,Bershka,KADıN > BSK TEEN,Koyu mavi,1590.0,1110.0,30.19,TRY,0.0,,,
209485027,Şişme mont,Bershka,KADıN > BSK TEEN,Denizci mavisi,1790.0,1790.0,0.0,TRY,0.0,,,
207206747,Kalın tabanlı kaykay spor ayakkabı,Bershka,KADıN > BSK TEEN,KUM RENGİ,2490.0,2490.0,0.0,TRY,0.0,,,
208227538,Cars baskılı kapüşonlu sweatshirt,Bershka,KADıN > BSK TEEN,Kirli beyaz,1790.0,1790.0,0.0,TRY,0.0,,,
217315784,Moomin baskılı kısa kollu tişört,Bershka,KADıN > BSK TEEN,Kirli beyaz,990.0,990.0,0.0,TRY,0.0,,,
217315783,straight fit düşük bel jean,Bershka,KADıN > BSK TEEN,Açık mavi,1690.0,1690.0,0.0,TRY,0.0,,,
217315270,Moomin kapüşonlu baskılı sweatshirt,Bershka,KADıN > BSK TEEN,Denizci mavisi,2290.0,2290.0,0.0,TRY,0.0,,,
217315786,Düşük bel çizgili süper geniş paça jean,Bershka,KADıN > BSK TEEN,Mavi,2290.0,2290.0,0.0,TRY,0.0,,,
217315273,straight fit düşük bel jean,Bershka,KADıN > BSK TEEN,Mavi,1690.0,1690.0,0.0,TRY,0.0,,,
217315271,Çizgili polo yaka triko,Bershka,KADıN > BSK TEEN,Yeşil,1490.0,1490.0,0.0,TRY,0.0,,,
217315272,Çizgili polo yaka triko,Bershka,KADıN > BSK TEEN,Mavi,1490.0,1490.0,0.0,TRY,0.0,,,
217315782,Çizgili polo yaka triko,Bershka,KADıN > BSK TEEN,Denizci mavisi,1490.0,1490.0,0.0,TRY,0.0,,,
217315778,Cars baskılı kısa kollu tişört,Bershka,KADıN > BSK TEEN,Kirli beyaz,790.0,790.0,0.0,TRY,0.0,,,
217315265,Cars baskılı kapüşonlu sweatshirt,Bershka,KADıN > BSK TEEN,Kirli beyaz,1790.0,1790.0,0.0,TRY,0.0,,,
217315780,Su geçirmez teknik ceket,Bershka,KADıN > BSK TEEN,Siyah,2290.0,2290.0,0.0,TRY,0.0,,,
217315779,Cars oversize kısa kollu baskılı tişört,Bershka,KADıN > BSK TEEN,Kirli beyaz,990.0,990.0,0.0,TRY,0.0,,,
217315268,Kontrast mini denim şort,Bershka,KADıN > BSK TEEN,Denizci mavisi,1490.0,1490.0,0.0,TRY,0.0,,,
217315267,Kapüşonlu modal fermuarlı sweatshirt,Bershka,KADıN > BSK TEEN,Kırmızı,1190.0,830.0,30.25,TRY,0.0,,,
217315781,Yumuşak dokulu geniş paça pantolon,Bershka,KADıN > BSK TEEN,Kırmızı,1490.0,1490.0,0.0,TRY,0.0,,,
209485315,Simli kapüşonlu sweatshirt,Bershka,KADıN > BSK TEEN,Gri,2290.0,2290.0,0.0,TRY,0.0,,,
209041953,Uzun kollu çizgili tişört,Bershka,KADıN > BSK TEEN,Bej,1090.0,1090.0,0.0,TRY,0.0,,,
217315643,Kalın tabanlı kaykay ayakkabısı,Bershka,KADıN > BSK TEEN,DERİ,2690.0,2690.0,0.0,TRY,0.0,,,
217315644,Kalın tabanlı kaykay ayakkabısı,Bershka,KADıN > BSK TEEN,Gri,2490.0,2490.0,0.0,TRY,0.0,,,
213616606,Baskılı balloon fit pantolon,Bershka,KADıN > BSK TEEN,Kum rengi,1790.0,1790.0,0.0,TRY,0.0,,,
213616605,Straight fit fitilli kumaş pantolon,Bershka,KADıN > BSK TEEN,Kahverengi,2290.0,1600.0,30.13,TRY,0.0,,,
215064367,Suni deri pilili ceket,Bershka,KADıN > BSK TEEN,Kahverengi,2790.0,2790.0,0.0,TRY,0.0,,,
211378871,denim şort etek,Bershka,KADıN > BSK TEEN,Açık mavi,1590.0,1590.0,0.0,TRY,0.0,,,
216376314,Denim ceket,Bershka,KADıN > BSK TEEN,Açık mavi,1590.0,1590.0,0.0,TRY,0.0,,,
216376315,Denim şort etek,Bershka,KADıN > BSK TEEN,Siyah,1590.0,1590.0,0.0,TRY,0.0,,,
216376821,Denim şort etek,Bershka,KADıN > BSK TEEN,Mavi,1590.0,1590.0,0.0,TRY,0.0,,,
211379367,Denim şort etek,Bershka,KADıN > BSK TEEN,Siyah,1590.0,1590.0,0.0,TRY,0.0,,,
211379366,Denim şort etek,Bershka,KADıN > BSK TEEN,Mavi,1590.0,1590.0,0.0,TRY,0.0,,,
218801501,Çizgili kapüşonlu sweatshirt,Bershka,KADıN > BSK TEEN,Mavi,1590.0,1590.0,0.0,TRY,0.0,,,
218801968,Çizgili kapüşonlu sweatshirt,Bershka,KADıN > BSK TEEN,Mavi,1590.0,1590.0,0.0,TRY,0.0,,,
218801967,Çizgili halter top,Bershka,KADıN > BSK TEEN,Mavi,790.0,790.0,0.0,TRY,0.0,,,
218801500,Çizgili kapüşonlu sweatshirt,Bershka,KADıN > BSK TEEN,Pembe,1590.0,1590.0,0.0,TRY,0.0,,,
218801494,Çizgili kapüşonlu sweatshirt,Bershka,KADıN > BSK TEEN,Pembe,1590.0,1590.0,0.0,TRY,0.0,,,
218801493,Çizgili halter top,Bershka,KADıN > BSK TEEN,Pembe,790.0,790.0,0.0,TRY,0.0,,,
215063978,Hafif işlemeli ceket,Bershka,KADıN > BSK TEEN,Bordo,1790.0,1250.0,30.17,TRY,0.0,,,
215064461,Örgü fermuarlı hırka,Bershka,KADıN > BSK TEEN,Krem,1790.0,1250.0,30.17,TRY,0.0,,,
215063979,Örgü fermuarlı hırka,Bershka,KADıN > BSK TEEN,Denizci mavisi,1790.0,1250.0,30.17,TRY,0.0,,,
215064463,Çizgili baskılı straight fit pantolon,Bershka,KADıN > BSK TEEN,Denizci mavisi,1490.0,1490.0,0.0,TRY,0.0,,,
216376797,Çizgili baskılı straight fit pantolon,Bershka,KADıN > BSK TEEN,Kırmızı,1490.0,1490.0,0.0,TRY,0.0,,,
215064462,Çizgili baskılı straight fit pantolon,Bershka,KADıN > BSK TEEN,Gri,1490.0,1490.0,0.0,TRY,0.0,,,
215064467,Geniş yaka kazak,Bershka,KADıN > BSK TEEN,Fuşya,1590.0,1590.0,0.0,TRY,0.0,,,
215064466,Geniş yaka kazak,Bershka,KADıN > BSK TEEN,Krem,1590.0,1590.0,0.0,TRY,0.0,,,
215063981,Geniş yaka kazak,Bershka,KADıN > BSK TEEN,Mavi,1590.0,1590.0,0.0,TRY,0.0,,,
215063980,Kısa kollu baskılı tişört,Bershka,KADıN > BSK TEEN,Sarı,590.0,590.0,0.0,TRY,0.0,,,
215064464,Kısa kollu baskılı tişört,Bershka,KADıN > BSK TEEN,Kirli beyaz,590.0,590.0,0.0,TRY,0.0,,,
215064465,Kısa kollu baskılı tişört,Bershka,KADıN > BSK TEEN,Denizci mavisi,590.0,590.0,0.0,TRY,0.0,,,
213616609,Baskılı kapüşonlu sweatshirt,Bershka,KADıN > BSK TEEN,Kırmızı,1790.0,1790.0,0.0,TRY,0.0,,,
213616128,Baskılı geniş paça şardonlu eşofman altı,Bershka,KADıN > BSK TEEN,Kırmızı,1590.0,1590.0,0.0,TRY,0.0,,,
213616610,Baskılı kapüşonlu sweatshirt,Bershka,KADıN > BSK TEEN,Pembe,1790.0,1790.0,0.0,TRY,0.0,,,
213616617,Baskılı geniş paça şardonlu eşofman altı,Bershka,KADıN > BSK TEEN,Pembe,1590.0,1590.0,0.0,TRY,0.0,,,
209442044,Düşük bel kapaklı bootcut jean,Bershka,KADıN > BSK TEEN,Gri,1790.0,1250.0,30.17,TRY,0.0,,,
209441481,Düşük bel kapaklı bootcut jean,Bershka,KADıN > BSK TEEN,Açık mavi,1790.0,1790.0,0.0,TRY,0.0,,,
209441714,Düşük bel kapaklı bootcut jean,Bershka,KADıN > BSK TEEN,Mavi,1790.0,1250.0,30.17,TRY,0.0,,,
208227328,Uzun kollu oversize baskılı tişört,Bershka,KADıN > BSK TEEN,Bordo,1190.0,1190.0,0.0,TRY,0.0,,,
208227329,Uzun kollu oversize baskılı tişört,Bershka,KADıN > BSK TEEN,Sarı,1190.0,1190.0,0.0,TRY,0.0,,,
208227330,Uzun kollu oversize baskılı tişört,Bershka,KADıN > BSK TEEN,Siyah,1190.0,1190.0,0.0,TRY,0.0,,,
215064280,Bibble kapüşonlu baskılı sweatshirt,Bershka,KADıN > BSK TEEN,Pembe,1790.0,1790.0,0.0,TRY,0.0,,,
215063782,Bibble baskılı kısa kollu tişört,Bershka,KADıN > BSK TEEN,Beyaz,790.0,790.0,0.0,TRY,0.0,,,
215064372,Bibble kapüşonlu baskılı sweatshirt,Bershka,KADıN > BSK TEEN,Pembe,1790.0,1790.0,0.0,TRY,0.0,,,
215063875,Bibble baskılı kısa kollu tişört,Bershka,KADıN > BSK TEEN,Beyaz,790.0,790.0,0.0,TRY,0.0,,,
209441827,Kısa kollu bisiklet yaka tişört,Bershka,KADıN > BSK TEEN,Bordo,350.0,350.0,0.0,TRY,0.0,,,
209485333,Kısa kollu bisiklet yaka tişört,Bershka,KADıN > BSK TEEN,Gri,350.0,350.0,0.0,TRY,0.0,,,
209442145,Dantelli uzun kollu tişört,Bershka,KADıN > BSK TEEN,Bordo,790.0,790.0,0.0,TRY,0.0,,,
209441887,Dantelli uzun kollu tişört,Bershka,KADıN > BSK TEEN,Gri,790.0,790.0,0.0,TRY,0.0,,,
209485290,Dantelli uzun kollu tişört,Bershka,KADıN > BSK TEEN,Siyah,790.0,790.0,0.0,TRY,0.0,,,
209441360,Dantelli uzun kollu tişört,Bershka,KADıN > BSK TEEN,Denizci mavisi,790.0,790.0,0.0,TRY,0.0,,,
218801292,Balon kesim crop denim ceket,Bershka,KADıN > BSK TEEN,Denizci mavisi,1590.0,1590.0,0.0,TRY,0.0,,,
218801293,"Düşük bel, önü düğmeli, geniş paça barrel jean",Bershka,KADıN > BSK TEEN,Açık mavi,2290.0,2290.0,0.0,TRY,0.0,,,
218801294,Kısa kollu polo tişört,Bershka,KADıN > BSK TEEN,Pembe,990.0,990.0,0.0,TRY,0.0,,,
218801779,Kısa kollu polo tişört,Bershka,KADıN > BSK TEEN,Sarı,990.0,990.0,0.0,TRY,0.0,,,
209126880,Kapüşonlu oversize fermuarlı sweatshirt,Bershka,KADıN > BSK TEEN,Kahverengi,1490.0,1490.0,0.0,TRY,0.0,,,
209484841,Uzun kollu tişört,Bershka,KADıN > BSK TEEN,Kirli beyaz,550.0,550.0,0.0,TRY,0.0,,,
209484791,Uzun kollu baskılı tişört,Bershka,KADıN > BSK TEEN,Krem,990.0,990.0,0.0,TRY,0.0,,,
209441668,Dantelli uzun kollu tişört,Bershka,KADıN > BSK TEEN,Bordo,790.0,790.0,0.0,TRY,0.0,,,
209485108,Kapüşonlu oversize fermuarlı sweatshirt,Bershka,KADıN > BSK TEEN,Gri,1490.0,1490.0,0.0,TRY,0.0,,,
209441485,Uzun kollu tişört,Bershka,KADıN > BSK TEEN,Mor,550.0,550.0,0.0,TRY,0.0,,,
209441818,Uzun kollu tişört,Bershka,KADıN > BSK TEEN,Koyu gri,550.0,550.0,0.0,TRY,0.0,,,
209105945,Askılı top,Bershka,KADıN > BSK TEEN,Pembe,350.0,350.0,0.0,TRY,0.0,,,
209121293,Kısa kollu bisiklet yaka tişört,Bershka,KADıN > BSK TEEN,Lime,350.0,350.0,0.0,TRY,0.0,,,
209121285,Kısa kollu bisiklet yaka tişört,Bershka,KADıN > BSK TEEN,Beyaz,350.0,350.0,0.0,TRY,0.0,,,
209441327,Uzun kollu tişört,Bershka,KADıN > BSK TEEN,Pembe,550.0,550.0,0.0,TRY,0.0,,,
209441941,Kapüşonlu oversize fermuarlı sweatshirt,Bershka,KADıN > BSK TEEN,Denizci mavisi,1490.0,1490.0,0.0,TRY,0.0,,,
209441742,Fermuarlı kapüşonlu sweatshirt,Bershka,KADıN > BSK TEEN,Gri,1590.0,1110.0,30.19,TRY,0.0,,,
209441727,Flare kapaklı cepli pantolon,Bershka,KADıN > BSK TEEN,Gri,1590.0,1590.0,0.0,TRY,0.0,,,
209485022,Flare kapaklı cepli pantolon,Bershka,KADıN > BSK TEEN,Siyah,1590.0,1590.0,0.0,TRY,0.0,,,
208227362,Kürk astarlı platform bot,Bershka,KADıN > BSK TEEN,Kahverengi,2690.0,2690.0,0.0,TRY,0.0,,,
209441711,Kemerli suni deri bomber ceket,Bershka,KADıN > BSK TEEN,Kahverengi,2490.0,2490.0,0.0,TRY,0.0,,,
209484886,Şişme mont,Bershka,KADıN > BSK TEEN,Siyah,1790.0,1790.0,0.0,TRY,0.0,,,
209485134,Uzun kollu tişört,Bershka,KADıN > BSK TEEN,Kahverengi,550.0,550.0,0.0,TRY,0.0,,,
209442131,Uzun kollu tişört,Bershka,KADıN > BSK TEEN,Haki,550.0,550.0,0.0,TRY,0.0,,,
209441942,Uzun kollu tişört,Bershka,KADıN > BSK TEEN,Denizci mavisi,550.0,550.0,0.0,TRY,0.0,,,
209441847,Uzun kollu V yaka tişört,Bershka,KADıN > BSK TEEN,Gri,550.0,550.0,0.0,TRY,0.0,,,
209441823,Uzun kollu tişört,Bershka,KADıN > BSK TEEN,Pembe,550.0,550.0,0.0,TRY,0.0,,,
209441336,Uzun kollu V yaka tişört,Bershka,KADıN > BSK TEEN,Kahverengi,550.0,550.0,0.0,TRY,0.0,,,
209441547,16'lı küpe seti,Bershka,KADıN > BSK TEEN,Altın,490.0,490.0,0.0,TRY,0.0,,,
209121322,Kabartmalı telefon kılıfı,Bershka,KADıN > BSK TEEN,Kahverengi,490.0,490.0,0.0,TRY,0.0,,,
209484671,Askılı top,Bershka,KADıN > BSK TEEN,Siyah,350.0,350.0,0.0,TRY,0.0,,,
209441505,Askılı top,Bershka,KADıN > BSK TEEN,Kirli beyaz,350.0,350.0,0.0,TRY,0.0,,,
209941236,Parlak çan paça pantolon,Bershka,KADıN > BSK TEEN,Bordo,1590.0,1590.0,0.0,TRY,0.0,,,
209941204,Çorap tipi platform bilekte bot,Bershka,KADıN > BSK TEEN,SİYAH,2690.0,2690.0,0.0,TRY,0.0,,,
209485376,Modal karışımlı yumuşak flare fit pantolon,Bershka,KADıN > BSK TEEN,Siyah,1090.0,1090.0,0.0,TRY,0.0,,,
209485370,9’lu ince suni inci yüzük seti,Bershka,KADıN > BSK TEEN,Altın,490.0,490.0,0.0,TRY,0.0,,,
209485324,Uzun kollu tişört,Bershka,KADıN > BSK TEEN,Kirli beyaz,550.0,550.0,0.0,TRY,0.0,,,
209485304,Kapüşonlu modal fermuarlı sweatshirt,Bershka,KADıN > BSK TEEN,Bordo,1190.0,1190.0,0.0,TRY,0.0,,,
209485301,2'li çiçek saç tokası seti,Bershka,KADıN > BSK TEEN,Pembe,550.0,550.0,0.0,TRY,0.0,,,
209485206,Orta bel geniş paça jean,Bershka,KADıN > BSK TEEN,Açık mavi,1790.0,1790.0,0.0,TRY,0.0,,,
209485196,Askılı top,Bershka,KADıN > BSK TEEN,Açık mavi,350.0,350.0,0.0,TRY,0.0,,,
209485177,Push up orta bel skinny fit jean,Bershka,KADıN > BSK TEEN,Açık mavi,1190.0,1190.0,0.0,TRY,0.0,,,
209485115,Orta bel geniş paça jean,Bershka,KADıN > BSK TEEN,Gri,1790.0,1790.0,0.0,TRY,0.0,,,
209485088,Uzun kollu tişört,Bershka,KADıN > BSK TEEN,Siyah,550.0,550.0,0.0,TRY,0.0,,,
209485078,2'li saç bandı,Bershka,KADıN > BSK TEEN,Siyah,490.0,490.0,0.0,TRY,0.0,,,
209485064,Askılı top,Bershka,KADıN > BSK TEEN,Pembe,350.0,350.0,0.0,TRY,0.0,,,
209485056,Düşük bel kapaklı bootcut jean,Bershka,KADıN > BSK TEEN,Siyah,1790.0,1790.0,0.0,TRY,0.0,,,
209484814,2’li zımbalı taç paketi,Bershka,KADıN > BSK TEEN,Siyah,590.0,590.0,0.0,TRY,0.0,,,
209484806,9'lu küpe seti,Bershka,KADıN > BSK TEEN,Gümüş,590.0,590.0,0.0,TRY,0.0,,,
209484774,Stoperli barrel fit şardonlu pantolon,Bershka,KADıN > BSK TEEN,Kahverengi,1590.0,1590.0,0.0,TRY,0.0,,,
209484731,Modal yumuşak oversize sweatshirt,Bershka,KADıN > BSK TEEN,Siyah,1190.0,1190.0,0.0,TRY,0.0,,,
209484703,Modal yumuşak oversize sweatshirt,Bershka,KADıN > BSK TEEN,Gri,1190.0,1190.0,0.0,TRY,0.0,,,
209484647,Yumuşak dokulu geniş paça pantolon,Bershka,KADıN > BSK TEEN,Bordo,1490.0,1490.0,0.0,TRY,0.0,,,
209484601,Push up orta bel skinny fit jean,Bershka,KADıN > BSK TEEN,Siyah,1190.0,1190.0,0.0,TRY,0.0,,,
209484585,Baskılı kapüşonlu sweatshirt,Bershka,KADıN > BSK TEEN,Kirli beyaz,1690.0,1180.0,30.18,TRY,0.0,,,
209484580,Rib detaylı oversize kazak,Bershka,KADıN > BSK TEEN,Siyah,1590.0,1590.0,0.0,TRY,0.0,,,
209442124,Şişme mont,Bershka,KADıN > BSK TEEN,Pembe,1790.0,1790.0,0.0,TRY,0.0,,,
209442120,Modal karışımlı yumuşak flare fit pantolon,Bershka,KADıN > BSK TEEN,Gri,1090.0,1090.0,0.0,TRY,0.0,,,
209442073,Stoperli barrel fit şardonlu pantolon,Bershka,KADıN > BSK TEEN,Denizci mavisi,1590.0,1590.0,0.0,TRY,0.0,,,
209442060,Askılı top,Bershka,KADıN > BSK TEEN,Denizci mavisi,350.0,350.0,0.0,TRY,0.0,,,
209442034,Düşük bel kapaklı bootcut jean,Bershka,KADıN > BSK TEEN,Denizci mavisi,1790.0,1790.0,0.0,TRY,0.0,,,
209442030,Şardonlu eşofman altı,Bershka,KADıN > BSK TEEN,Denizci mavisi,1090.0,1090.0,0.0,TRY,0.0,,,
209442024,Yüksek bel barrel fit jean,Bershka,KADıN > BSK TEEN,Gri,1790.0,1790.0,0.0,TRY,0.0,,,
209441974,Uzun kollu tişört,Bershka,KADıN > BSK TEEN,Mor,550.0,550.0,0.0,TRY,0.0,,,
209441961,Uzun kollu V yaka tişört,Bershka,KADıN > BSK TEEN,Açık mavi,550.0,550.0,0.0,TRY,0.0,,,
209441931,Kapüşonlu oversize fermuarlı sweatshirt,Bershka,KADıN > BSK TEEN,Siyah,1490.0,1490.0,0.0,TRY,0.0,,,
209441899,Kapüşonlu oversize fermuarlı sweatshirt,Bershka,KADıN > BSK TEEN,Kahverengi,1490.0,1490.0,0.0,TRY,0.0,,,
209441883,2'li çiçekli toka,Bershka,KADıN > BSK TEEN,Pembe,550.0,550.0,0.0,TRY,0.0,,,
209441879,Baskılı kapüşonlu sweatshirt,Bershka,KADıN > BSK TEEN,Koyu gri,1690.0,1180.0,30.18,TRY,0.0,,,
209441840,Düşük bel kapaklı bootcut jean,Bershka,KADıN > BSK TEEN,Açık mavi,1790.0,1790.0,0.0,TRY,0.0,,,
209441812,Uzun kollu V yaka tişört,Bershka,KADıN > BSK TEEN,Siyah,550.0,550.0,0.0,TRY,0.0,,,
209441799,Baskılı kapüşonlu sweatshirt,Bershka,KADıN > BSK TEEN,Bordo,1690.0,1180.0,30.18,TRY,0.0,,,
209441794,Su geçirmez kürk kapüşonlu şişme ceket,Bershka,KADıN > BSK TEEN,Kum rengi,2290.0,2290.0,0.0,TRY,0.0,,,
209441769,Yüksek bel yırtmaçlı flare fit jean,Bershka,KADıN > BSK TEEN,Açık mavi,1590.0,1590.0,0.0,TRY,0.0,,,
209441732,Uzun kollu çizgili tişört,Bershka,KADıN > BSK TEEN,Koyu gri,1090.0,1090.0,0.0,TRY,0.0,,,
209441674,Şişme mont,Bershka,KADıN > BSK TEEN,Beyaz,1790.0,1790.0,0.0,TRY,0.0,,,
209441669,2'li çiçekli toka,Bershka,KADıN > BSK TEEN,Bordo,550.0,550.0,0.0,TRY,0.0,,,
209441662,Düşük bel kapaklı bootcut jean,Bershka,KADıN > BSK TEEN,Gri,1790.0,1790.0,0.0,TRY,0.0,,,
209441657,Suni deri şişme mont,Bershka,KADıN > BSK TEEN,Siyah,2490.0,2490.0,0.0,TRY,0.0,,,
209441653,Kapüşonlu modal fermuarlı sweatshirt,Bershka,KADıN > BSK TEEN,Gri,1190.0,1190.0,0.0,TRY,0.0,,,
209441626,Şardonlu eşofman altı,Bershka,KADıN > BSK TEEN,Siyah,1090.0,1090.0,0.0,TRY,0.0,,,
209441623,Kapüşonlu modal fermuarlı sweatshirt,Bershka,KADıN > BSK TEEN,Krem,1190.0,830.0,30.25,TRY,0.0,,,
209441616,Simli kapüşonlu sweatshirt,Bershka,KADıN > BSK TEEN,Siyah,2290.0,2290.0,0.0,TRY,0.0,,,
209441611,Uzun kollu tişört,Bershka,KADıN > BSK TEEN,Bordo,550.0,550.0,0.0,TRY,0.0,,,
209441582,Stoperli barrel fit şardonlu pantolon,Bershka,KADıN > BSK TEEN,Siyah,1590.0,1590.0,0.0,TRY,0.0,,,
209441539,Uzun kollu V yaka tişört,Bershka,KADıN > BSK TEEN,Kirli beyaz,550.0,550.0,0.0,TRY,0.0,,,
209441504,Yumuşak dokulu geniş paça pantolon,Bershka,KADıN > BSK TEEN,Gri,1490.0,1040.0,30.2,TRY,0.0,,,
209441448,Uzun kollu tişört,Bershka,KADıN > BSK TEEN,Yeşil,550.0,550.0,0.0,TRY,0.0,,,
209441435,Stoperli barrel fit şardonlu pantolon,Bershka,KADıN > BSK TEEN,Gri,1590.0,1590.0,0.0,TRY,0.0,,,
209441399,Push up orta bel skinny fit jean,Bershka,KADıN > BSK TEEN,Mavi,1190.0,1190.0,0.0,TRY,0.0,,,
209441389,Yumuşak dokulu düğmeli hırka,Bershka,KADıN > BSK TEEN,Gri,1490.0,1490.0,0.0,TRY,0.0,,,
209441352,Şardonlu eşofman altı,Bershka,KADıN > BSK TEEN,Gri,1090.0,1090.0,0.0,TRY,0.0,,,
209441341,Kuş gözlü suni deri kemer,Bershka,KADıN > BSK TEEN,Siyah,590.0,590.0,0.0,TRY,0.0,,,
209441328,2'li saç bandı,Bershka,KADıN > BSK TEEN,Kahverengi,490.0,490.0,0.0,TRY,0.0,,,
209441320,Uzun kollu tişört,Bershka,KADıN > BSK TEEN,Koyu gri,550.0,550.0,0.0,TRY,0.0,,,
209441291,Yumuşak dokulu düğmeli hırka,Bershka,KADıN > BSK TEEN,Mavi,1490.0,1040.0,30.2,TRY,0.0,,,
209441264,9’lu yıldız küpe paketi,Bershka,KADıN > BSK TEEN,Altın,590.0,590.0,0.0,TRY,0.0,,,
209441230,Kemerli suni deri bomber ceket,Bershka,KADıN > BSK TEEN,Kahverengi,2490.0,2490.0,0.0,TRY,0.0,,,
208227819,Maksi platform spor ayakkabı,Bershka,KADıN > BSK TEEN,SİYAH,3290.0,3290.0,0.0,TRY,0.0,,,
208227816,Miffy kaykay ayakkabısı,Bershka,KADıN > BSK TEEN,BEYAZ,2690.0,2690.0,0.0,TRY,0.0,,,
208227808,Çok parçalı spor ayakkabı,Bershka,KADıN > BSK TEEN,Kahverengi,1990.0,1990.0,0.0,TRY,0.0,,,
208227382,Bağcıklı bot,Bershka,KADıN > BSK TEEN,SİYAH,2490.0,2490.0,0.0,TRY,0.0,,,
208227372,Retro spor ayakkabı,Bershka,KADıN > BSK TEEN,Kahverengi,1890.0,1890.0,0.0,TRY,0.0,,,
208227358,Kombine spor ayakkabı,Bershka,KADıN > BSK TEEN,BEYAZ,1590.0,1490.0,6.29,TRY,0.0,,,
209121216,Zebra desenli mayo,Bershka,KADıN > Swimwear,Kahverengi,1490.0,1490.0,0.0,TRY,0.0,,,
204283065,Straforlu üçgen bikini üstü,Bershka,KADıN > Swimwear,Mor,1090.0,1090.0,0.0,TRY,0.0,,,
204283067,Brezilya modeli taşlı bikini altı,Bershka,KADıN > Swimwear,Mor,990.0,990.0,0.0,TRY,0.0,,,
204283066,Straforlu üçgen bikini üstü,Bershka,KADıN > Swimwear,Siyah,1090.0,1090.0,0.0,TRY,0.0,,,
204283068,Brezilya modeli taşlı bikini altı,Bershka,KADıN > Swimwear,Siyah,990.0,990.0,0.0,TRY,0.0,,,
209121213,Çift taraflı ve leopar desenli bikini üstü,Bershka,KADıN > Swimwear,Siyah,990.0,990.0,0.0,TRY,0.0,,,
209138778,Çift taraflı ve leopar desenli bikini altı,Bershka,KADıN > Swimwear,Siyah,790.0,790.0,0.0,TRY,0.0,,,
210545277,Temel bikini üstü,Bershka,KADıN > Swimwear,Mor,990.0,990.0,0.0,TRY,0.0,,,
210545278,Basic bikini altı,Bershka,KADıN > Swimwear,Mor,990.0,990.0,0.0,TRY,0.0,,,
207955068,Uzun denim tulum,Bershka,KADıN > Elbise ve tulum,Denizci mavisi,2490.0,2490.0,0.0,TRY,0.0,,,
211529173,Uzun kollu dar etekli mini elbise,Bershka,KADıN > Elbise ve tulum,Siyah,1490.0,1490.0,0.0,TRY,0.0,,,
207684744,Kadife efektli mini tül elbise,Bershka,KADıN > Elbise ve tulum,Bordo,1590.0,1590.0,0.0,TRY,0.0,,,
210208288,Tül ve dantel baskılı askılı mini elbise,Bershka,KADıN > Elbise ve tulum,Krem,1790.0,1790.0,0.0,TRY,0.0,,,
211722904,Baskılı kemerli bandeau mini elbise,Bershka,KADıN > Elbise ve tulum,Haki,1590.0,1590.0,0.0,TRY,0.0,,,
204483949,Bengal mini elbise,Bershka,KADıN > Elbise ve tulum,Siyah,1490.0,1040.0,30.2,TRY,0.0,,,
204536041,Bengal mini elbise,Bershka,KADıN > Elbise ve tulum,Gri,1490.0,1040.0,30.2,TRY,0.0,,,
209012210,Düşük omuzlu denim mini elbise,Bershka,KADıN > Elbise ve tulum,Denizci mavisi,1790.0,1790.0,0.0,TRY,0.0,,,
207684761,Fırfırlı askılı rustik midi elbise,Bershka,KADıN > Elbise ve tulum,Kum rengi,2290.0,2290.0,0.0,TRY,0.0,,,
208978694,Kısa düğümlü elbise,Bershka,KADıN > Elbise ve tulum,Gri,1590.0,1590.0,0.0,TRY,0.0,,,
209132497,Askılı mini çiçekli elbise,Bershka,KADıN > Elbise ve tulum,Sarı,1490.0,1490.0,0.0,TRY,0.0,,,
209132496,Askılı mini çiçekli elbise,Bershka,KADıN > Elbise ve tulum,Çok renkli,1490.0,1490.0,0.0,TRY,0.0,,,
210667648,Büzgülü mini elbise,Bershka,KADıN > Elbise ve tulum,Kahverengi,1490.0,1490.0,0.0,TRY,0.0,,,
210667647,Büzgülü mini elbise,Bershka,KADıN > Elbise ve tulum,Siyah,1490.0,1490.0,0.0,TRY,0.0,,,
218801521,Asimetrik saten mini elbise,Bershka,KADıN > Elbise ve tulum,Pembe,1590.0,1110.0,30.19,TRY,0.0,,,
208851212,Asimetrik saten mini elbise,Bershka,KADıN > Elbise ve tulum,Pembe,1590.0,1110.0,30.19,TRY,0.0,,,
211722905,Şifon fular midi elbise,Bershka,KADıN > Elbise ve tulum,Kızıl kahverengi,1790.0,1790.0,0.0,TRY,0.0,,,
210696742,Drapeli etekli açık sırt elbise,Bershka,KADıN > Elbise ve tulum,Kahverengi,1590.0,1590.0,0.0,TRY,0.0,,,
210545260,Drapeli etekli açık sırt elbise,Bershka,KADıN > Elbise ve tulum,Pembe,1590.0,1590.0,0.0,TRY,0.0,,,
207768272,Büzgülü askılı midi elbise,Bershka,KADıN > Elbise ve tulum,Mercan,1190.0,1190.0,0.0,TRY,0.0,,,
207583769,Büzgülü askılı midi elbise,Bershka,KADıN > Elbise ve tulum,Fuşya,1190.0,1190.0,0.0,TRY,0.0,,,
210667651,Asimetrik çizgili mini elbise,Bershka,KADıN > Elbise ve tulum,Siyah,1190.0,1190.0,0.0,TRY,0.0,,,
210667652,Asimetrik çizgili mini elbise,Bershka,KADıN > Elbise ve tulum,Gri,1190.0,1190.0,0.0,TRY,0.0,,,
204536034,Asimetrik kloş uzun kollu mini elbise,Bershka,KADıN > Elbise ve tulum,Bordo,1490.0,1040.0,30.2,TRY,0.0,,,
204437605,Asimetrik kloş uzun kollu mini elbise,Bershka,KADıN > Elbise ve tulum,Kahverengi,1490.0,1040.0,30.2,TRY,0.0,,,
209319479,Ketenli halter midi elbise,Bershka,KADıN > Elbise ve tulum,Sarı,1690.0,1690.0,0.0,TRY,0.0,,,
209319480,Ketenli halter midi elbise,Bershka,KADıN > Elbise ve tulum,Turkuaz,1690.0,1690.0,0.0,TRY,0.0,,,
208851204,Kemerli uzun kollu mini elbise,Bershka,KADıN > Elbise ve tulum,Kahverengi,1590.0,1590.0,0.0,TRY,0.0,,,
212968342,Balon poplin mini elbise,Bershka,KADıN > Elbise ve tulum,Siyah,2290.0,2290.0,0.0,TRY,0.0,,,
209319478,Asimetrik mini elbise,Bershka,KADıN > Elbise ve tulum,Kahverengi,1590.0,1590.0,0.0,TRY,0.0,,,
209319477,Asimetrik mini elbise,Bershka,KADıN > Elbise ve tulum,Açık mavi,1590.0,1590.0,0.0,TRY,0.0,,,
208543484,Büzgülü mini elbise,Bershka,KADıN > Elbise ve tulum,Krem,1490.0,1490.0,0.0,TRY,0.0,,,
208543485,Büzgülü mini elbise,Bershka,KADıN > Elbise ve tulum,Kahverengi,1490.0,1490.0,0.0,TRY,0.0,,,
212509271,Fırfırlı asimetrik mini elbise,Bershka,KADıN > Elbise ve tulum,Siyah,1590.0,1590.0,0.0,TRY,0.0,,,
207803653,Kontrast saten midi elbise,Bershka,KADıN > Elbise ve tulum,Kahverengi,1590.0,1590.0,0.0,TRY,0.0,,,
207803652,Kontrast saten midi elbise,Bershka,KADıN > Elbise ve tulum,Sarı,1590.0,1590.0,0.0,TRY,0.0,,,
207265974,Asimetrik yaka mini elbise,Bershka,KADıN > Elbise ve tulum,Siyah,1790.0,1790.0,0.0,TRY,0.0,,,
220329649,Kloş etekli kuşaklı mini elbise,Bershka,KADıN > Elbise ve tulum,Bej,2290.0,2290.0,0.0,TRY,0.0,,,
213222615,Büzgülü tül midi elbise,Bershka,KADıN > Elbise ve tulum,Kirli beyaz,1790.0,1790.0,0.0,TRY,0.0,,,
218801523,Tül ve dantel baskılı askılı mini elbise,Bershka,KADıN > Elbise ve tulum,Krem,1790.0,1790.0,0.0,TRY,0.0,,,
211529172,Uzun kollu dar etekli mini elbise,Bershka,KADıN > Elbise ve tulum,Kırmızı,1490.0,1490.0,0.0,TRY,0.0,,,
211529171,Uzun kollu dar etekli mini elbise,Bershka,KADıN > Elbise ve tulum,Gri,1490.0,1490.0,0.0,TRY,0.0,,,
207223948,Asimetrik dantel tül bandeau midi elbise,Bershka,KADıN > Elbise ve tulum,Siyah,2290.0,2290.0,0.0,TRY,,,,
210009316,Dantelli tül mini elbise,Bershka,KADıN > Elbise ve tulum,Kahverengi,1790.0,1790.0,0.0,TRY,0.0,,,
208851211,Asimetrik saten mini elbise,Bershka,KADıN > Elbise ve tulum,Haki,1590.0,1110.0,30.19,TRY,0.0,,,
220329717,Asimetrik saten mini elbise,Bershka,KADıN > Elbise ve tulum,Haki,1590.0,1110.0,30.19,TRY,0.0,,,
206544493,Midi denim elbise,Bershka,KADıN > Elbise ve tulum,Açık mavi,2290.0,2290.0,0.0,TRY,0.0,,,
212744458,Mini şifon elbise,Bershka,KADıN > Elbise ve tulum,Kırmızı,1690.0,1690.0,0.0,TRY,0.0,,,
210009315,Dantelli tül mini elbise,Bershka,KADıN > Elbise ve tulum,Haki,1790.0,1790.0,0.0,TRY,0.0,,,
212049562,Kemerli uzun kollu mini elbise,Bershka,KADıN > Elbise ve tulum,Koyu gri,1590.0,1590.0,0.0,TRY,0.0,,,
211514433,Kemerli uzun kollu mini elbise,Bershka,KADıN > Elbise ve tulum,Siyah,1590.0,1590.0,0.0,TRY,0.0,,,
216133936,Asimetrik mini elbise,Bershka,KADıN > Elbise ve tulum,Mavi,1590.0,1590.0,0.0,TRY,0.0,,,
216376225,Huni yaka trençkot ceket,Bershka,KADıN > Ceket ve trençkot,Kum rengi,2490.0,2490.0,0.0,TRY,0.0,,,
216376227,Huni yaka trençkot ceket,Bershka,KADıN > Ceket ve trençkot,Haki,2490.0,2490.0,0.0,TRY,0.0,,,
204066948,Huni yaka trençkot ceket,Bershka,KADıN > Ceket ve trençkot,Haki,2490.0,2490.0,0.0,TRY,0.0,,,
204793668,Suni deri dik yaka ceket,Bershka,KADıN > Ceket ve trençkot,Siyah,2790.0,2790.0,0.0,TRY,0.0,,,
209100371,Suni deri ceket,Bershka,KADıN > Ceket ve trençkot,Kahverengi,2290.0,2290.0,0.0,TRY,0.0,,,
209100370,Suni deri ceket,Bershka,KADıN > Ceket ve trençkot,Kızıl kahverengi,2290.0,2290.0,0.0,TRY,0.0,,,
209100372,Suni deri ceket,Bershka,KADıN > Ceket ve trençkot,Siyah,2290.0,2290.0,0.0,TRY,0.0,,,
209128228,Kemerli suni deri bomber ceket,Bershka,KADıN > Ceket ve trençkot,Siyah,2490.0,2490.0,0.0,TRY,0.0,,,
209128229,Kemerli suni deri bomber ceket,Bershka,KADıN > Ceket ve trençkot,Kahverengi,2490.0,2490.0,0.0,TRY,0.0,,,
209441229,Kemerli suni deri bomber ceket,Bershka,KADıN > Ceket ve trençkot,Kahverengi,2490.0,2490.0,0.0,TRY,0.0,,,
209138672,Trençkot kaban,Bershka,KADıN > Ceket ve trençkot,Deve tüyü rengi,2290.0,2290.0,0.0,TRY,0.0,,,
209138673,Trençkot kaban,Bershka,KADıN > Ceket ve trençkot,Taş rengi,2290.0,2290.0,0.0,TRY,0.0,,,
209100356,Suni deri biker ceket,Bershka,KADıN > Ceket ve trençkot,Siyah,1790.0,1790.0,0.0,TRY,0.0,,,
204066825,Suni deri balon ceket,Bershka,KADıN > Ceket ve trençkot,Kahverengi,2290.0,2290.0,0.0,TRY,0.0,,,
204066928,Kısa balon efektli trençkot ceket,Bershka,KADıN > Ceket ve trençkot,Deve tüyü rengi,2290.0,2290.0,0.0,TRY,0.0,,,
216376738,Kısa balon efektli trençkot ceket,Bershka,KADıN > Ceket ve trençkot,Deve tüyü rengi,2290.0,2290.0,0.0,TRY,0.0,,,
209132475,Yumuşak crop ceket,Bershka,KADıN > Ceket ve trençkot,Krem,1790.0,1790.0,0.0,TRY,0.0,,,
209132477,Yumuşak crop ceket,Bershka,KADıN > Ceket ve trençkot,Koyu gri,1790.0,1790.0,0.0,TRY,0.0,,,
209132476,Crop kesim yumuşak ceket,Bershka,KADıN > Ceket ve trençkot,Siyah,1790.0,1790.0,0.0,TRY,0.0,,,
204067109,Hafif işlemeli ceket,Bershka,KADıN > Ceket ve trençkot,Bordo,1790.0,1250.0,30.17,TRY,0.0,,,
205577776,Suni deri pilili ceket,Bershka,KADıN > Ceket ve trençkot,Kahverengi,2790.0,2790.0,0.0,TRY,0.0,,,
209126884,Kapüşonlu suni kürk efektli ceket,Bershka,KADıN > Ceket ve trençkot,Kum rengi,2290.0,1600.0,30.13,TRY,0.0,,,
209126885,Kapüşonlu suni kürk efektli ceket,Bershka,KADıN > Ceket ve trençkot,Siyah,2290.0,1600.0,30.13,TRY,0.0,,,
218801990,Suni deri dik yaka ceket,Bershka,KADıN > Ceket ve trençkot,Kahverengi,2790.0,2790.0,0.0,TRY,0.0,,,
204793670,Suni deri dik yaka ceket,Bershka,KADıN > Ceket ve trençkot,Kahverengi,2790.0,2790.0,0.0,TRY,0.0,,,
209121321,Kemerli yumuşak trençkot,Bershka,KADıN > Ceket ve trençkot,Gri,2990.0,2990.0,0.0,TRY,0.0,,,
209121320,Kemerli yumuşak trençkot,Bershka,KADıN > Ceket ve trençkot,Siyah,2990.0,2990.0,0.0,TRY,0.0,,,
204066952,Huni yaka trençkot ceket,Bershka,KADıN > Ceket ve trençkot,Koyu gri,2490.0,2490.0,0.0,TRY,0.0,,,
204066777,Oversize blazer,Bershka,KADıN > Ceket ve trençkot,Gri,2490.0,2490.0,0.0,TRY,0.0,,,
204066776,Oversize blazer,Bershka,KADıN > Ceket ve trençkot,Siyah,2490.0,2490.0,0.0,TRY,0.0,,,
204066810,Yumuşak dokunuşlu fermuarlı ceket,Bershka,KADıN > Ceket ve trençkot,Kum rengi,1790.0,1790.0,0.0,TRY,0.0,,,
204066811,Yumuşak dokunuşlu fermuarlı ceket,Bershka,KADıN > Ceket ve trençkot,Denizci mavisi,1790.0,1790.0,0.0,TRY,0.0,,,
204066867,Yumuşak dokunuşlu kruvaze kaban,Bershka,KADıN > Ceket ve trençkot,Siyah,2990.0,2990.0,0.0,TRY,0.0,,,
209121319,Kemerli yumuşak trençkot,Bershka,KADıN > Ceket ve trençkot,Kum rengi,2990.0,2990.0,0.0,TRY,0.0,,,
209128290,Yumuşak kumaşlı ceket,Bershka,KADıN > Ceket ve trençkot,Kahverengi,1790.0,1790.0,0.0,TRY,0.0,,,
209128291,Yumuşak kumaşlı ceket,Bershka,KADıN > Ceket ve trençkot,Kum rengi,1790.0,1790.0,0.0,TRY,0.0,,,
204067141,Water resistant ve windproof desenli kapüşonlu ceket,Bershka,KADıN > Ceket ve trençkot,Bej,2290.0,2290.0,0.0,TRY,0.0,,,
204066958,Süet efektli balon ceket,Bershka,KADıN > Ceket ve trençkot,Deve tüyü rengi,2290.0,1600.0,30.13,TRY,0.0,,,
206912783,Çizgili kruvaze blazer,Bershka,KADıN > Ceket ve trençkot,Denizci mavisi,2790.0,2790.0,0.0,TRY,0.0,,,
205532536,Çizgili kruvaze blazer,Bershka,KADıN > Ceket ve trençkot,Kahverengi,2790.0,2790.0,0.0,TRY,0.0,,,
209113938,Yumuşak dokulu uzun palto,Bershka,KADıN > Ceket ve trençkot,Siyah,1790.0,1790.0,0.0,TRY,0.0,,,
209113937,Yumuşak dokulu uzun palto,Bershka,KADıN > Ceket ve trençkot,Kum rengi,1790.0,1790.0,0.0,TRY,0.0,,,
205832037,Oversize denim ceket,Bershka,KADıN > Ceket ve trençkot,Krem,1790.0,1790.0,0.0,TRY,0.0,,,
220330173,Oversize denim ceket,Bershka,KADıN > Ceket ve trençkot,Krem,1790.0,1790.0,0.0,TRY,0.0,,,
209132568,Su geçirmez ve termal yalıtımlı şişme ceket,Bershka,KADıN > Ceket ve trençkot,Bordo,2490.0,2490.0,0.0,TRY,0.0,,,
209132567,Su geçirmez ve termal yalıtımlı şişme ceket,Bershka,KADıN > Ceket ve trençkot,Siyah,2490.0,2490.0,0.0,TRY,0.0,,,
209128281,Çift taraflı ceket,Bershka,KADıN > Ceket ve trençkot,Kahverengi,2990.0,2990.0,0.0,TRY,0.0,,,
209128283,Çift taraflı ceket,Bershka,KADıN > Ceket ve trençkot,Siyah,2990.0,2990.0,0.0,TRY,0.0,,,
216376224,Düğmeli ceket,Bershka,KADıN > Ceket ve trençkot,Koyu gri,2990.0,2990.0,0.0,TRY,0.0,,,
205543181,Düğmeli ceket,Bershka,KADıN > Ceket ve trençkot,Koyu gri,2990.0,2990.0,0.0,TRY,0.0,,,
209941435,Kısa suni deri trençkot ceket,Bershka,KADıN > Ceket ve trençkot,Siyah,2790.0,2790.0,0.0,TRY,0.0,,,
207955067,Işıltılı crop denim ceket,Bershka,KADıN > Ceket ve trençkot,Açık mavi,2490.0,2490.0,0.0,TRY,0.0,,,
217315234,Işıltılı crop denim ceket,Bershka,KADıN > Ceket ve trençkot,Açık mavi,2490.0,2490.0,0.0,TRY,0.0,,,
205750014,Saç örgülü kazak işlemeli ceket,Bershka,KADıN > Ceket ve trençkot,Koyu gri,3690.0,3690.0,0.0,TRY,0.0,,,
217315662,Saç örgülü kazak işlemeli ceket,Bershka,KADıN > Ceket ve trençkot,Haki,3690.0,3690.0,0.0,TRY,0.0,,,
204066804,Saç örgülü kazak işlemeli ceket,Bershka,KADıN > Ceket ve trençkot,Haki,3690.0,3690.0,0.0,TRY,0.0,,,
218801993,Suni deri trucker ceket,Bershka,KADıN > Ceket ve trençkot,Kırmızı,2490.0,2490.0,0.0,TRY,0.0,,,
204066986,Suni deri trucker ceket,Bershka,KADıN > Ceket ve trençkot,Kırmızı,2490.0,2490.0,0.0,TRY,0.0,,,
206803625,Fermuarlı denim ceket,Bershka,KADıN > Ceket ve trençkot,Denizci mavisi,1790.0,1790.0,0.0,TRY,0.0,,,
205312232,Oversize denim ceket,Bershka,KADıN > Ceket ve trençkot,Açık mavi,1790.0,1790.0,0.0,TRY,0.0,,,
205750034,Süet efektli trençkot,Bershka,KADıN > Ceket ve trençkot,Kum rengi,2990.0,2990.0,0.0,TRY,0.0,,,
204066865,Yumuşak dokunuşlu kruvaze kaban,Bershka,KADıN > Ceket ve trençkot,Deve tüyü rengi,2990.0,2990.0,0.0,TRY,0.0,,,
218801992,Önü düğmeli denim ceket,Bershka,KADıN > Ceket ve trençkot,Denizci mavisi,2790.0,2790.0,0.0,TRY,0.0,,,
209725475,Önü düğmeli denim ceket,Bershka,KADıN > Ceket ve trençkot,Denizci mavisi,2790.0,2790.0,0.0,TRY,0.0,,,
209126908,Suni deri şişme mont,Bershka,KADıN > Ceket ve trençkot,Siyah,2490.0,2490.0,0.0,TRY,0.0,,,
218801522,Kareli oversize fermuarlı ceket,Bershka,KADıN > Ceket ve trençkot,Kahverengi,2290.0,2290.0,0.0,TRY,0.0,,,
209725430,Kareli oversize fermuarlı ceket,Bershka,KADıN > Ceket ve trençkot,Kahverengi,2290.0,2290.0,0.0,TRY,0.0,,,
216376735,Suni deri balon ceket,Bershka,KADıN > Ceket ve trençkot,Haki,2290.0,2290.0,0.0,TRY,0.0,,,
204066827,Suni deri balon ceket,Bershka,KADıN > Ceket ve trençkot,Haki,2290.0,2290.0,0.0,TRY,0.0,,,
204234904,Su geçirmez teknik ceket,Bershka,KADıN > Ceket ve trençkot,Deve tüyü rengi,2290.0,2290.0,0.0,TRY,0.0,,,
204066848,Sentetik kauçuk kumaş görünümlü birleşik kapüşonlu ceket,Bershka,KADıN > Ceket ve trençkot,Siyah,2290.0,2290.0,0.0,TRY,0.0,,,
204066847,Sentetik kauçuk kumaş görünümlü birleşik kapüşonlu ceket,Bershka,KADıN > Ceket ve trençkot,Kahverengi,2290.0,2290.0,0.0,TRY,0.0,,,
204066929,Kısa balon efektli trençkot ceket,Bershka,KADıN > Ceket ve trençkot,Haki,2290.0,2290.0,0.0,TRY,0.0,,,
217315751,Basic blazer,Bershka,KADıN > Ceket ve trençkot,Siyah,2290.0,2290.0,0.0,TRY,0.0,,,
204066773,Basic blazer,Bershka,KADıN > Ceket ve trençkot,Kahverengi,2290.0,2290.0,0.0,TRY,0.0,,,
204066774,Basic blazer,Bershka,KADıN > Ceket ve trençkot,Siyah,2290.0,2290.0,0.0,TRY,0.0,,,
209132472,Şişme mont,Bershka,KADıN > Ceket ve trençkot,Siyah,1790.0,1790.0,0.0,TRY,0.0,,,
209132471,Şişme mont,Bershka,KADıN > Ceket ve trençkot,Denizci mavisi,1790.0,1790.0,0.0,TRY,0.0,,,
211379404,Şişme mont,Bershka,KADıN > Ceket ve trençkot,Siyah,1790.0,1790.0,0.0,TRY,0.0,,,
205577775,İşlemeli teknik ceket,Bershka,KADıN > Ceket ve trençkot,Kirli beyaz,1790.0,1790.0,0.0,TRY,0.0,,,
205577774,İşlemeli teknik ceket,Bershka,KADıN > Ceket ve trençkot,Kahverengi,1790.0,1790.0,0.0,TRY,0.0,,,
204066925,Teknik kapüşonlu ceket,Bershka,KADıN > Ceket ve trençkot,Siyah,1590.0,1590.0,0.0,TRY,0.0,,,
204066926,Teknik kapüşonlu ceket,Bershka,KADıN > Ceket ve trençkot,Bej,1590.0,1590.0,0.0,TRY,0.0,,,
204066927,Teknik kapüşonlu ceket,Bershka,KADıN > Ceket ve trençkot,Pembe,1590.0,1590.0,0.0,TRY,0.0,,,
209128231,Kapüşonlu suni kürk ceket,Bershka,KADıN > Ceket ve trençkot,Kahverengi,3690.0,3690.0,0.0,TRY,0.0,,,
209121409,Suni kürk ceket,Bershka,KADıN > Ceket ve trençkot,Kum rengi,2990.0,2990.0,0.0,TRY,0.0,,,
209441575,Crop şişme yelek,Bershka,KADıN > Ceket ve trençkot,Siyah,1490.0,1490.0,0.0,TRY,0.0,,,
220330171,Dokulu oversize denim ceket,Bershka,KADıN > Ceket ve trençkot,Mavi,2490.0,2490.0,0.0,TRY,0.0,,,
208548324,Dokulu oversize denim ceket,Bershka,KADıN > Ceket ve trençkot,Mavi,2490.0,2490.0,0.0,TRY,0.0,,,
209113941,Yumuşak dokulu uzun palto,Bershka,KADıN > Ceket ve trençkot,Kirli beyaz,1790.0,1790.0,0.0,TRY,0.0,,,
209113939,Yumuşak dokulu uzun palto,Bershka,KADıN > Ceket ve trençkot,Gri,1790.0,1790.0,0.0,TRY,0.0,,,
209113940,Yumuşak dokulu uzun palto,Bershka,KADıN > Ceket ve trençkot,Kahverengi,1790.0,1790.0,0.0,TRY,0.0,,,
211379438,Yumuşak dokulu uzun palto,Bershka,KADıN > Ceket ve trençkot,Kahverengi,1790.0,1790.0,0.0,TRY,0.0,,,
211379437,Yumuşak dokulu uzun palto,Bershka,KADıN > Ceket ve trençkot,Siyah,1790.0,1790.0,0.0,TRY,0.0,,,
205631019,Çizgili yelek,Bershka,KADıN > Ceket ve trençkot,Gri,1590.0,1590.0,0.0,TRY,0.0,,,
205631017,Çizgili yelek,Bershka,KADıN > Ceket ve trençkot,Denizci mavisi,1590.0,1590.0,0.0,TRY,0.0,,,
218801270,Suni deri balon ceket,Bershka,KADıN > Ceket ve trençkot,Siyah,2290.0,2290.0,0.0,TRY,0.0,,,
209441675,Şişme mont,Bershka,KADıN > Ceket ve trençkot,Beyaz,1790.0,1790.0,0.0,TRY,0.0,,,
209441644,Şişme mont,Bershka,KADıN > Ceket ve trençkot,Pembe,1790.0,1790.0,0.0,TRY,0.0,,,
218801524,İşlemeli teknik ceket,Bershka,KADıN > Ceket ve trençkot,Kahverengi,1790.0,1790.0,0.0,TRY,0.0,,,
217315226,Dokulu oversize denim ceket,Bershka,KADıN > Ceket ve trençkot,Mavi,2490.0,2490.0,0.0,TRY,0.0,,,
204067005,Su geçirmez teknik ceket,Bershka,KADıN > Ceket ve trençkot,Siyah,2290.0,2290.0,0.0,TRY,0.0,,,
209126852,Su geçirmez kürk kapüşonlu şişme ceket,Bershka,KADıN > Ceket ve trençkot,Kum rengi,2290.0,2290.0,0.0,TRY,0.0,,,
209132473,Şişme mont,Bershka,KADıN > Ceket ve trençkot,Pembe,1790.0,1790.0,0.0,TRY,0.0,,,
209132474,Şişme mont,Bershka,KADıN > Ceket ve trençkot,Beyaz,1790.0,1790.0,0.0,TRY,0.0,,,
218801991,Suni deri ceket,Bershka,KADıN > Ceket ve trençkot,Siyah,2290.0,2290.0,0.0,TRY,0.0,,,
209121438,Suni kürk ceket,Bershka,KADıN > Ceket ve trençkot,Kahverengi,3690.0,3690.0,0.0,TRY,0.0,,,
209121437,Suni kürk ceket,Bershka,KADıN > Ceket ve trençkot,Krem,3690.0,3690.0,0.0,TRY,0.0,,,
209132509,Suni deri yelek,Bershka,KADıN > Ceket ve trençkot,Bordo,1790.0,1790.0,0.0,TRY,0.0,,,
216376737,Huni yaka trençkot ceket,Bershka,KADıN > Ceket ve trençkot,Koyu gri,2490.0,2490.0,0.0,TRY,0.0,,,
216376226,Kısa suni deri trençkot ceket,Bershka,KADıN > Ceket ve trençkot,Siyah,2790.0,2790.0,0.0,TRY,0.0,,,
209441646,Şişme mont,Bershka,KADıN > Ceket ve trençkot,Pembe,1790.0,1790.0,0.0,TRY,0.0,,,
207583785,Denim ceket,Bershka,KADıN > Ceket ve trençkot,Açık mavi,1590.0,1590.0,0.0,TRY,0.0,,,
204066812,Yumuşak dokunuşlu fermuarlı ceket,Bershka,KADıN > Ceket ve trençkot,Gri,1790.0,1790.0,0.0,TRY,0.0,,,
211379351,Yumuşak dokunuşlu fermuarlı ceket,Bershka,KADıN > Ceket ve trençkot,Gri,1790.0,1790.0,0.0,TRY,0.0,,,
204716449,Düşük bel baggy barrel fit jean,Bershka,KADıN > Jean,Açık mavi,1790.0,1790.0,0.0,TRY,0.0,,,
204708595,Düşük bel bootcut jean,Bershka,KADıN > Jean,Mavi,1790.0,1790.0,0.0,TRY,0.0,,,
204708564,Bootcut düşük bel jean,Bershka,KADıN > Jean,Siyah,1790.0,1250.0,30.17,TRY,0.0,,,
204708563,Bootcut düşük bel jean,Bershka,KADıN > Jean,Açık mavi,1790.0,1790.0,0.0,TRY,0.0,,,
216376233,Bootcut düşük bel jean,Bershka,KADıN > Jean,Açık mavi,1790.0,1790.0,0.0,TRY,0.0,,,
209121183,Çapraz belli yüksek bel geniş paça jean,Bershka,KADıN > Jean,Denizci mavisi,1790.0,1790.0,0.0,TRY,0.0,,,
209121182,Çapraz belli yüksek bel geniş paça jean,Bershka,KADıN > Jean,Açık mavi,1790.0,1790.0,0.0,TRY,0.0,,,
209121184,Çapraz belli yüksek bel geniş paça jean,Bershka,KADıN > Jean,Krem,1790.0,1790.0,0.0,TRY,0.0,,,
209121181,Çapraz belli yüksek bel geniş paça jean,Bershka,KADıN > Jean,Mavi,1790.0,1790.0,0.0,TRY,0.0,,,
209442014,Çapraz belli yüksek bel geniş paça jean,Bershka,KADıN > Jean,Mavi,1790.0,1790.0,0.0,TRY,0.0,,,
204716447,Düşük bel baggy barrel fit jean,Bershka,KADıN > Jean,Mavi,1790.0,1790.0,0.0,TRY,0.0,,,
209121452,Düşük bel kapaklı bootcut jean,Bershka,KADıN > Jean,Açık mavi,1790.0,1790.0,0.0,TRY,0.0,,,
209121448,Düşük bel kapaklı bootcut jean,Bershka,KADıN > Jean,Denizci mavisi,1790.0,1790.0,0.0,TRY,0.0,,,
208274676,Düşük bel nakışlı flare fit jean,Bershka,KADıN > Jean,Açık mavi,2290.0,2290.0,0.0,TRY,0.0,,,
209100347,Düşük bel baggy fit çan jean,Bershka,KADıN > Jean,Denizci mavisi,1790.0,1250.0,30.17,TRY,0.0,,,
209100348,Düşük bel baggy fit çan jean,Bershka,KADıN > Jean,Açık mavi,1790.0,1250.0,30.17,TRY,0.0,,,
209138843,Yüksek bel straight fit geniş paça jean,Bershka,KADıN > Jean,Mavi,1590.0,1590.0,0.0,TRY,0.0,,,
209138841,Yüksek bel straight fit geniş paça jean,Bershka,KADıN > Jean,Koyu gri,1590.0,1590.0,0.0,TRY,0.0,,,
209138845,Yüksek bel straight fit geniş paça jean,Bershka,KADıN > Jean,Siyah,1590.0,1110.0,30.19,TRY,0.0,,,
209100350,Düşük bel baggy fit çan jean,Bershka,KADıN > Jean,Gümüş,1790.0,1790.0,0.0,TRY,0.0,,,
209100349,Düşük bel baggy fit çan jean,Bershka,KADıN > Jean,Açık mavi,1790.0,1790.0,0.0,TRY,0.0,,,
209484729,Düşük bel baggy fit çan jean,Bershka,KADıN > Jean,Açık mavi,1790.0,1790.0,0.0,TRY,0.0,,,
209100352,Yüksek bel geniş paça barrel fit jean,Bershka,KADıN > Jean,Soluk mavi,1790.0,1790.0,0.0,TRY,0.0,,,
209441385,Yıldız zımbalı baggy fit jean,Bershka,KADıN > Jean,Siyah,2290.0,1600.0,30.13,TRY,0.0,,,
209132512,Yıldız zımbalı baggy fit jean,Bershka,KADıN > Jean,Siyah,2290.0,1600.0,30.13,TRY,0.0,,,
209121186,Geniş paça orta bel jean,Bershka,KADıN > Jean,Açık mavi,1590.0,1110.0,30.19,TRY,0.0,,,
209121187,Geniş paça orta bel jean,Bershka,KADıN > Jean,Denizci mavisi,1590.0,1110.0,30.19,TRY,0.0,,,
209121451,Düşük bel kapaklı bootcut jean,Bershka,KADıN > Jean,Siyah,1790.0,1790.0,0.0,TRY,0.0,,,
209485058,Düşük bel kapaklı bootcut jean,Bershka,KADıN > Jean,Siyah,1790.0,1790.0,0.0,TRY,0.0,,,
217315115,Düşük bel kapaklı bootcut jean,Bershka,KADıN > Jean,Siyah,1790.0,1790.0,0.0,TRY,0.0,,,
209138844,Yüksek bel straight fit geniş paça jean,Bershka,KADıN > Jean,Krem,1590.0,1590.0,0.0,TRY,0.0,,,
209138842,Yüksek bel straight fit geniş paça jean,Bershka,KADıN > Jean,Açık mavi,1590.0,1590.0,0.0,TRY,0.0,,,
204716448,Düşük bel baggy barrel fit jean,Bershka,KADıN > Jean,Denizci mavisi,1790.0,1250.0,30.17,TRY,0.0,,,
204716456,Baggy fit orta bel jean,Bershka,KADıN > Jean,Siyah,1790.0,1790.0,0.0,TRY,0.0,,,
204716458,Baggy fit orta bel jean,Bershka,KADıN > Jean,Açık mavi,1790.0,1790.0,0.0,TRY,0.0,,,
207575887,straight fit düşük bel jean,Bershka,KADıN > Jean,Mavi,1690.0,1690.0,0.0,TRY,0.0,,,
208978692,Slouchy düşük bel jean,Bershka,KADıN > Jean,Açık mavi,1790.0,1790.0,0.0,TRY,0.0,,,
209121447,Düşük bel kapaklı bootcut jean,Bershka,KADıN > Jean,Mavi,1790.0,1250.0,30.17,TRY,0.0,,,
217315162,Düşük bel kapaklı bootcut jean,Bershka,KADıN > Jean,Mavi,1790.0,1250.0,30.17,TRY,0.0,,,
209121453,Düşük bel kapaklı bootcut jean,Bershka,KADıN > Jean,Gri,1790.0,1790.0,0.0,TRY,0.0,,,
209121450,Düşük bel kapaklı bootcut jean,Bershka,KADıN > Jean,Açık mavi,1790.0,1790.0,0.0,TRY,0.0,,,
209121449,Düşük bel kapaklı bootcut jean,Bershka,KADıN > Jean,Gri,1790.0,1250.0,30.17,TRY,0.0,,,
208548323,Düşük bel dokulu boyfriend jean,Bershka,KADıN > Jean,Mavi,2290.0,2290.0,0.0,TRY,0.0,,,
216376364,Düşük bel dokulu boyfriend jean,Bershka,KADıN > Jean,Mavi,2290.0,2290.0,0.0,TRY,0.0,,,
209121250,Düşük bel boyfriend jean,Bershka,KADıN > Jean,Açık mavi,1790.0,1790.0,0.0,TRY,0.0,,,
209121246,Düşük bel boyfriend jean,Bershka,KADıN > Jean,Gri,1790.0,1790.0,0.0,TRY,0.0,,,
209121248,Düşük bel boyfriend jean,Bershka,KADıN > Jean,Siyah,1790.0,1790.0,0.0,TRY,0.0,,,
209484689,Düşük bel boyfriend jean,Bershka,KADıN > Jean,Siyah,1790.0,1790.0,0.0,TRY,0.0,,,
207163623,Yüksek bel barrel fit jean,Bershka,KADıN > Jean,Açık mavi,1790.0,1790.0,0.0,TRY,0.0,,,
207163620,Yüksek bel barrel fit jean,Bershka,KADıN > Jean,Mavi,1790.0,1790.0,0.0,TRY,0.0,,,
207163621,Yüksek bel barrel fit jean,Bershka,KADıN > Jean,Siyah,1790.0,1790.0,0.0,TRY,0.0,,,
207163622,Yüksek bel barrel fit jean,Bershka,KADıN > Jean,Gri,1790.0,1790.0,0.0,TRY,0.0,,,
216376739,Düşük bel baggy barrel fit jean,Bershka,KADıN > Jean,Siyah,1790.0,1250.0,30.17,TRY,0.0,,,
204716450,Düşük bel baggy barrel fit jean,Bershka,KADıN > Jean,Siyah,1790.0,1250.0,30.17,TRY,0.0,,,
209138754,Yüksek bel dikişsiz cepli geniş paça jean,Bershka,KADıN > Jean,Açık mavi,1790.0,1250.0,30.17,TRY,0.0,,,
209138755,Yüksek bel dikişsiz cepli geniş paça jean,Bershka,KADıN > Jean,Denizci mavisi,1790.0,1250.0,30.17,TRY,0.0,,,
209138756,Yüksek bel dikişsiz cepli geniş paça jean,Bershka,KADıN > Jean,Siyah,1790.0,1250.0,30.17,TRY,0.0,,,
209121185,Çapraz belli yüksek bel geniş paça jean,Bershka,KADıN > Jean,Açık mavi,1790.0,1790.0,0.0,TRY,0.0,,,
206912788,Puantiye desenli geniş paça jean,Bershka,KADıN > Jean,Krem,2290.0,2290.0,0.0,TRY,0.0,,,
208353239,Düşük bel pilili balon jean,Bershka,KADıN > Jean,Denizci mavisi,2290.0,2290.0,0.0,TRY,0.0,,,
209121208,Skinny fit yüksek bel jean,Bershka,KADıN > Jean,Mavi,1190.0,830.0,30.25,TRY,0.0,,,
209121209,Skinny fit yüksek bel jean,Bershka,KADıN > Jean,Açık mavi,1190.0,830.0,30.25,TRY,0.0,,,
209121212,Skinny fit yüksek bel jean,Bershka,KADıN > Jean,Açık mavi,1190.0,830.0,30.25,TRY,0.0,,,
209121211,Skinny fit yüksek bel jean,Bershka,KADıN > Jean,Gri,1190.0,830.0,30.25,TRY,0.0,,,
204708594,Düşük bel bootcut jean,Bershka,KADıN > Jean,Koyu gri,1790.0,1790.0,0.0,TRY,0.0,,,
204708596,Düşük bel bootcut jean,Bershka,KADıN > Jean,Açık mavi,1790.0,1790.0,0.0,TRY,0.0,,,
207955064,Yüksek bel straight fit geniş paça parlak jean,Bershka,KADıN > Jean,Açık mavi,2290.0,2290.0,0.0,TRY,0.0,,,
217315235,Yüksek bel straight fit geniş paça parlak jean,Bershka,KADıN > Jean,Açık mavi,2290.0,2290.0,0.0,TRY,0.0,,,
209221132,Yıldız cepli zımbalı düşük bel baggy fit jean,Bershka,KADıN > Jean,Siyah,2290.0,1600.0,30.13,TRY,0.0,,,
209132510,Yıldız zımbalı baggy fit jean,Bershka,KADıN > Jean,Mavi,2290.0,1600.0,30.13,TRY,0.0,,,
205832044,Geniş paça düşük bel jean,Bershka,KADıN > Jean,Açık mavi,1790.0,1790.0,0.0,TRY,0.0,,,
204708592,Yüksek bel flare fit jean,Bershka,KADıN > Jean,Siyah,1590.0,1590.0,0.0,TRY,0.0,,,
204708593,Yüksek bel flare fit jean,Bershka,KADıN > Jean,Açık mavi,1590.0,1590.0,0.0,TRY,0.0,,,
204708591,Yüksek bel flare fit jean,Bershka,KADıN > Jean,Açık mavi,1590.0,1590.0,0.0,TRY,0.0,,,
204708590,Yüksek bel flare fit jean,Bershka,KADıN > Jean,Mavi,1590.0,1590.0,0.0,TRY,0.0,,,
217315750,Geniş paça orta bel jean,Bershka,KADıN > Jean,Krem,1590.0,1590.0,0.0,TRY,0.0,,,
209121191,Geniş paça orta bel jean,Bershka,KADıN > Jean,Krem,1590.0,1590.0,0.0,TRY,0.0,,,
206803622,İşlemeli düşük bel baggy fit jean,Bershka,KADıN > Jean,Denizci mavisi,2290.0,2290.0,0.0,TRY,0.0,,,
216376234,Düşük bel boyfriend jean,Bershka,KADıN > Jean,Açık mavi,2790.0,2790.0,0.0,TRY,0.0,,,
205832045,Geniş paça düşük bel jean,Bershka,KADıN > Jean,Denizci mavisi,1790.0,1790.0,0.0,TRY,0.0,,,
205832046,Geniş paça düşük bel jean,Bershka,KADıN > Jean,Açık mavi,1790.0,1790.0,0.0,TRY,0.0,,,
205832047,Geniş paça düşük bel jean,Bershka,KADıN > Jean,Siyah,1790.0,1790.0,0.0,TRY,0.0,,,
209138743,Yüksek bel yırtmaçlı flare fit jean,Bershka,KADıN > Jean,Denizci mavisi,1590.0,1590.0,0.0,TRY,0.0,,,
209138744,Yüksek bel yırtmaçlı flare fit jean,Bershka,KADıN > Jean,Açık mavi,1590.0,1590.0,0.0,TRY,0.0,,,
209121188,Geniş paça orta bel jean,Bershka,KADıN > Jean,Siyah,1590.0,1110.0,30.19,TRY,0.0,,,
209484776,Geniş paça orta bel jean,Bershka,KADıN > Jean,Siyah,1590.0,1110.0,30.19,TRY,0.0,,,
209126915,Push up orta bel skinny fit jean,Bershka,KADıN > Jean,Açık mavi,1190.0,1190.0,0.0,TRY,0.0,,,
209126913,Push up orta bel skinny fit jean,Bershka,KADıN > Jean,Mavi,1190.0,1190.0,0.0,TRY,0.0,,,
209126914,Push up orta bel skinny fit jean,Bershka,KADıN > Jean,Siyah,1190.0,1190.0,0.0,TRY,0.0,,,
209121210,Skinny fit yüksek bel jean,Bershka,KADıN > Jean,Siyah,1190.0,830.0,30.25,TRY,0.0,,,
204716454,Baggy fit orta bel jean,Bershka,KADıN > Jean,Açık mavi,1790.0,1790.0,0.0,TRY,0.0,,,
204716457,Baggy fit orta bel jean,Bershka,KADıN > Jean,Gri,1790.0,1790.0,0.0,TRY,0.0,,,
209975791,Düşük bel wide leg balloon fit jean,Bershka,KADıN > Jean,Mavi,1790.0,1790.0,0.0,TRY,0.0,,,
209484534,Düşük bel boyfriend jean,Bershka,KADıN > Jean,Açık mavi,1790.0,1790.0,0.0,TRY,0.0,,,
209121247,Düşük bel boyfriend jean,Bershka,KADıN > Jean,Açık mavi,1790.0,1790.0,0.0,TRY,0.0,,,
209441852,Düşük bel boyfriend jean,Bershka,KADıN > Jean,Koyu gri,1790.0,1790.0,0.0,TRY,0.0,,,
209121244,Düşük bel boyfriend jean,Bershka,KADıN > Jean,Koyu gri,1790.0,1790.0,0.0,TRY,0.0,,,
209138775,Yüksek bel barrel fit jean,Bershka,KADıN > Jean,Gri,1790.0,1790.0,0.0,TRY,0.0,,,
209121245,Düşük bel boyfriend jean,Bershka,KADıN > Jean,Denizci mavisi,1790.0,1790.0,0.0,TRY,0.0,,,
209121193,Geniş paça orta bel jean,Bershka,KADıN > Jean,Koyu mavi,1590.0,1110.0,30.19,TRY,0.0,,,
210795608,Yüksek bel distressed geniş paça jean,Bershka,KADıN > Jean,Siyah,1790.0,1790.0,0.0,TRY,0.0,,,
210795607,Yüksek bel distressed geniş paça jean,Bershka,KADıN > Jean,Açık mavi,1790.0,1790.0,0.0,TRY,0.0,,,
209121458,Düşük bel geniş paça jean,Bershka,KADıN > Jean,Açık mavi,1790.0,1790.0,0.0,TRY,0.0,,,
209121457,Düşük bel geniş paça jean,Bershka,KADıN > Jean,Gri,1790.0,1790.0,0.0,TRY,0.0,,,
209121215,Düşük bel paça detaylı baggy fit jean,Bershka,KADıN > Jean,Denizci mavisi,1790.0,1250.0,30.17,TRY,0.0,,,
206098492,Düşük bel zımbalı baggy fit jean,Bershka,KADıN > Jean,Açık mavi,2290.0,2290.0,0.0,TRY,0.0,,,
209442123,Geniş paça orta bel jean,Bershka,KADıN > Jean,Gri,1590.0,1110.0,30.19,TRY,0.0,,,
209121189,Geniş paça orta bel jean,Bershka,KADıN > Jean,Gri,1590.0,1110.0,30.19,TRY,0.0,,,
209121455,Düşük bel geniş paça jean,Bershka,KADıN > Jean,Denizci mavisi,1790.0,1790.0,0.0,TRY,0.0,,,
209121249,Düşük bel boyfriend jean,Bershka,KADıN > Jean,Krem,1790.0,1790.0,0.0,TRY,0.0,,,
220330175,Düşük bel boyfriend jean,Bershka,KADıN > Jean,Krem,1790.0,1790.0,0.0,TRY,0.0,,,
207583772,Yüksek bel straight fit geniş paça kıvrık paçalı jean,Bershka,KADıN > Jean,Açık mavi,1690.0,1690.0,0.0,TRY,0.0,,,
207583774,Yüksek bel straight fit geniş paça kıvrık paçalı jean,Bershka,KADıN > Jean,Açık mavi,1690.0,1690.0,0.0,TRY,0.0,,,
209132513,Yıldız zımbalı baggy fit jean,Bershka,KADıN > Jean,Gri,2290.0,2290.0,0.0,TRY,0.0,,,
209132511,Yıldız zımbalı baggy fit jean,Bershka,KADıN > Jean,Açık mavi,2290.0,2290.0,0.0,TRY,0.0,,,
209484593,Geniş paça orta bel jean,Bershka,KADıN > Jean,Açık mavi,1590.0,1110.0,30.19,TRY,0.0,,,
205312229,Düşük bel baggy barrel fit jean,Bershka,KADıN > Jean,Krem,1790.0,1790.0,0.0,TRY,0.0,,,
220329708,Düşük bel baggy barrel fit jean,Bershka,KADıN > Jean,Krem,1790.0,1790.0,0.0,TRY,0.0,,,
204708562,Bootcut düşük bel jean,Bershka,KADıN > Jean,Açık mavi,1790.0,1790.0,0.0,TRY,0.0,,,
205304034,Bootcut düşük bel jean,Bershka,KADıN > Jean,Mavi,1790.0,1790.0,0.0,TRY,0.0,,,
209121271,Orta bel geniş paça jean,Bershka,KADıN > Jean,Gri,1790.0,1790.0,0.0,TRY,0.0,,,
209121272,Orta bel geniş paça jean,Bershka,KADıN > Jean,Açık mavi,1790.0,1790.0,0.0,TRY,0.0,,,
216376905,Düşük bel kapaklı bootcut jean,Bershka,KADıN > Jean,Gri,1790.0,1250.0,30.17,TRY,0.0,,,
209031817,"Düşük bel, önü düğmeli, geniş paça barrel jean",Bershka,KADıN > Jean,Açık mavi,2290.0,2290.0,0.0,TRY,0.0,,,
207575888,straight fit düşük bel jean,Bershka,KADıN > Jean,Açık mavi,1690.0,1690.0,0.0,TRY,0.0,,,
209121456,Düşük bel geniş paça jean,Bershka,KADıN > Jean,Siyah,1790.0,1790.0,0.0,TRY,0.0,,,
218801525,Düşük bel fitilli kadife boyfriend jean,Bershka,KADıN > Jean,Gri,2290.0,2290.0,0.0,TRY,0.0,,,
207583784,Düşük bel fitilli kadife boyfriend jean,Bershka,KADıN > Jean,Gri,2290.0,2290.0,0.0,TRY,0.0,,,
213615979,Yüksek bel straight fit geniş paça kıvrık paçalı jean,Bershka,KADıN > Jean,Açık mavi,1690.0,1690.0,0.0,TRY,0.0,,,
213616481,Yüksek bel straight fit geniş paça kıvrık paçalı jean,Bershka,KADıN > Jean,Açık mavi,1690.0,1690.0,0.0,TRY,0.0,,,
209484499,Yüksek bel geniş paça barrel fit jean,Bershka,KADıN > Jean,Soluk mavi,1790.0,1790.0,0.0,TRY,0.0,,,
207951119,Süper geniş paça düşük bel jean,Bershka,KADıN > Jean,Açık mavi,2290.0,2290.0,0.0,TRY,0.0,,,
217315753,Süper geniş paça düşük bel jean,Bershka,KADıN > Jean,Açık mavi,2290.0,2290.0,0.0,TRY,0.0,,,
209484745,Yıldız zımbalı baggy fit jean,Bershka,KADıN > Jean,Açık mavi,2290.0,2290.0,0.0,TRY,0.0,,,
206641481,Düşük bel bootcut jean,Bershka,KADıN > Jean,Denizci mavisi,1790.0,1790.0,0.0,TRY,0.0,,,
206641480,Düşük bel bootcut jean,Bershka,KADıN > Jean,Açık mavi,1790.0,1790.0,0.0,TRY,0.0,,,
209121214,Düşük bel paça detaylı baggy fit jean,Bershka,KADıN > Jean,Açık mavi,1790.0,1790.0,0.0,TRY,0.0,,,
217315605,Puantiye desenli geniş paça jean,Bershka,KADıN > Jean,Krem,2290.0,2290.0,0.0,TRY,0.0,,,
209484584,Düşük bel geniş paça jean,Bershka,KADıN > Jean,Denizci mavisi,1790.0,1790.0,0.0,TRY,0.0,,,
208353226,Kargo paraşüt jean,Bershka,KADıN > Jean,Denizci mavisi,2290.0,2290.0,0.0,TRY,0.0,,,
207479725,Düşük bel dokulu ve desenli baggy fit jean,Bershka,KADıN > Jean,Krem,2290.0,2290.0,0.0,TRY,0.0,,,
206098490,Düşük bel zımbalı baggy fit jean,Bershka,KADıN > Jean,Denizci mavisi,2290.0,1600.0,30.13,TRY,0.0,,,
211505090,Slouchy düşük bel jean,Bershka,KADıN > Jean,Denizci mavisi,2290.0,2290.0,0.0,TRY,0.0,,,
209441772,Flare kapaklı cepli pantolon,Bershka,KADıN > Jean,Denizci mavisi,1590.0,1590.0,0.0,TRY,0.0,,,
209441728,Flare kapaklı cepli pantolon,Bershka,KADıN > Jean,Gri,1590.0,1590.0,0.0,TRY,0.0,,,
209126965,Bengalin kumaş çan paça pantolon,Bershka,KADıN > Pantolon,Siyah,1490.0,1490.0,0.0,TRY,0.0,,,
205577769,Baskılı balloon fit pantolon,Bershka,KADıN > Pantolon,Kum rengi,1790.0,1790.0,0.0,TRY,0.0,,,
209138682,Çift kumaşlı hacimli pantolon,Bershka,KADıN > Pantolon,Siyah,1790.0,1790.0,0.0,TRY,0.0,,,
209091417,Geniş paça pantolon,Bershka,KADıN > Pantolon,Siyah,1590.0,1590.0,0.0,TRY,0.0,,,
208793043,Paçası fularlı tailored fit pantolon,Bershka,KADıN > Pantolon,Siyah,2290.0,2290.0,0.0,TRY,0.0,,,
207810783,Stoperli barrel fit eşofman altı,Bershka,KADıN > Pantolon,Siyah,1590.0,1590.0,0.0,TRY,0.0,,,
209121384,Şardonlu eşofman altı,Bershka,KADıN > Pantolon,Siyah,1090.0,1090.0,0.0,TRY,0.0,,,
209121385,Şardonlu eşofman altı,Bershka,KADıN > Pantolon,Gri,1090.0,1090.0,0.0,TRY,0.0,,,
209121383,Şardonlu eşofman altı,Bershka,KADıN > Pantolon,Denizci mavisi,1090.0,1090.0,0.0,TRY,0.0,,,
209138681,Çift kumaşlı hacimli pantolon,Bershka,KADıN > Pantolon,Kahverengi,1790.0,1790.0,0.0,TRY,0.0,,,
217315668,Çift kumaşlı hacimli pantolon,Bershka,KADıN > Pantolon,Kahverengi,1790.0,1790.0,0.0,TRY,0.0,,,
217315238,Baskılı balloon fit pantolon,Bershka,KADıN > Pantolon,Gri,1790.0,1790.0,0.0,TRY,0.0,,,
205577768,Baskılı balloon fit pantolon,Bershka,KADıN > Pantolon,Gri,1790.0,1790.0,0.0,TRY,0.0,,,
207684764,Stoperli barrel fit şardonlu eşofman altı,Bershka,KADıN > Pantolon,Gri,1590.0,1590.0,0.0,TRY,0.0,,,
206640512,Stoperli barrel fit şardonlu eşofman altı,Bershka,KADıN > Pantolon,Gri,1590.0,1590.0,0.0,TRY,0.0,,,
220330191,Stoperli barrel fit şardonlu eşofman altı,Bershka,KADıN > Pantolon,Gri,1590.0,1590.0,0.0,TRY,0.0,,,
205577770,Bengalin kumaş çan paça pantolon,Bershka,KADıN > Pantolon,Koyu gri,1490.0,1490.0,0.0,TRY,0.0,,,
209126964,Bengalin kumaş çan paça pantolon,Bershka,KADıN > Pantolon,Denizci mavisi,1490.0,1490.0,0.0,TRY,0.0,,,
209126966,Bengalin kumaş çan paça pantolon,Bershka,KADıN > Pantolon,Gri,1490.0,1490.0,0.0,TRY,0.0,,,
207391461,Puantiye desenli baggy pantolon,Bershka,KADıN > Pantolon,Beyaz,2290.0,2290.0,0.0,TRY,0.0,,,
209441437,Stoperli barrel fit şardonlu pantolon,Bershka,KADıN > Pantolon,Gri,1590.0,1590.0,0.0,TRY,0.0,,,
209091409,Stoperli barrel fit şardonlu pantolon,Bershka,KADıN > Pantolon,Gri,1590.0,1590.0,0.0,TRY,0.0,,,
211596969,Çapraz belli bol kesim pantolon,Bershka,KADıN > Pantolon,Denizci mavisi,1790.0,1790.0,0.0,TRY,0.0,,,
209091407,Stoperli barrel fit şardonlu pantolon,Bershka,KADıN > Pantolon,Denizci mavisi,1590.0,1590.0,0.0,TRY,0.0,,,
209091408,Stoperli barrel fit şardonlu pantolon,Bershka,KADıN > Pantolon,Siyah,1590.0,1590.0,0.0,TRY,0.0,,,
204067634,"Çift düğmeli, pilili pantolon",Bershka,KADıN > Pantolon,Siyah,2490.0,2490.0,0.0,TRY,0.0,,,
207914990,"Çift düğmeli, pilili pantolon",Bershka,KADıN > Pantolon,Haki,2490.0,2490.0,0.0,TRY,0.0,,,
209091419,Geniş paça pantolon,Bershka,KADıN > Pantolon,Beyaz,1590.0,1590.0,0.0,TRY,0.0,,,
210267381,Geniş paça pantolon,Bershka,KADıN > Pantolon,Denizci mavisi,1590.0,1590.0,0.0,TRY,0.0,,,
206640500,"Çift düğmeli, pilili pantolon",Bershka,KADıN > Pantolon,Krem,2490.0,2490.0,0.0,TRY,0.0,,,
204708583,"Çift düğmeli, pilili pantolon",Bershka,KADıN > Pantolon,Kum rengi,2490.0,2490.0,0.0,TRY,0.0,,,
204067635,"Çift düğmeli, pilili pantolon",Bershka,KADıN > Pantolon,Gri,2490.0,2490.0,0.0,TRY,0.0,,,
213616467,Çift kumaşlı hacimli pantolon,Bershka,KADıN > Pantolon,Gri,1790.0,1790.0,0.0,TRY,0.0,,,
209138683,Çift kumaşlı hacimli pantolon,Bershka,KADıN > Pantolon,Gri,1790.0,1790.0,0.0,TRY,0.0,,,
217315666,Poplin bloomer pantolon,Bershka,KADıN > Pantolon,Haki,1790.0,1790.0,0.0,TRY,0.0,,,
217315669,Yumuşak wide leg pantolon,Bershka,KADıN > Pantolon,Siyah,1490.0,1490.0,0.0,TRY,0.0,,,
209121389,Yumuşak wide leg pantolon,Bershka,KADıN > Pantolon,Siyah,1490.0,1490.0,0.0,TRY,0.0,,,
209121391,Yumuşak dokulu geniş paça pantolon,Bershka,KADıN > Pantolon,Gri,1490.0,1490.0,0.0,TRY,0.0,,,
217315671,Yumuşak dokulu geniş paça pantolon,Bershka,KADıN > Pantolon,Gri,1490.0,1490.0,0.0,TRY,0.0,,,
209121388,Yumuşak dokulu geniş paça pantolon,Bershka,KADıN > Pantolon,Kırmızı,1490.0,1490.0,0.0,TRY,0.0,,,
206640511,Stoperli barrel fit şardonlu eşofman altı,Bershka,KADıN > Pantolon,Haki,1590.0,1590.0,0.0,TRY,0.0,,,
218801661,Stoperli barrel fit şardonlu eşofman altı,Bershka,KADıN > Pantolon,Haki,1590.0,1590.0,0.0,TRY,0.0,,,
209580871,Düşük bel kuşaklı pantolon,Bershka,KADıN > Pantolon,Haki,1590.0,1590.0,0.0,TRY,0.0,,,
209121392,Yumuşak dokulu geniş paça pantolon,Bershka,KADıN > Pantolon,Bordo,1490.0,1490.0,0.0,TRY,0.0,,,
209121393,Yumuşak dokulu geniş paça pantolon,Bershka,KADıN > Pantolon,Gri,1490.0,1040.0,30.2,TRY,0.0,,,
209007188,Modal karışımlı yumuşak flare fit pantolon,Bershka,KADıN > Pantolon,Siyah,1090.0,1090.0,0.0,TRY,0.0,,,
208134172,Çizgili baskılı straight fit pantolon,Bershka,KADıN > Pantolon,Denizci mavisi,1490.0,1490.0,0.0,TRY,0.0,,,
208739094,Çizgili baskılı straight fit pantolon,Bershka,KADıN > Pantolon,Kırmızı,1490.0,1490.0,0.0,TRY,0.0,,,
207774789,Baskılı geniş paça şardonlu eşofman altı,Bershka,KADıN > Pantolon,Kırmızı,1590.0,1590.0,0.0,TRY,0.0,,,
207774790,Baskılı geniş paça şardonlu eşofman altı,Bershka,KADıN > Pantolon,Pembe,1590.0,1590.0,0.0,TRY,0.0,,,
206803617,Geniş paça pantolon,Bershka,KADıN > Pantolon,Kahverengi,1590.0,1590.0,0.0,TRY,0.0,,,
209091416,Geniş paça pantolon,Bershka,KADıN > Pantolon,Kahverengi,1590.0,1590.0,0.0,TRY,0.0,,,
211097122,Sentetik kauçuk kumaş görünümlü stoperli geniş paça pantolon,Bershka,KADıN > Pantolon,Gri,2290.0,2290.0,0.0,TRY,0.0,,,
211097121,Sentetik kauçuk kumaş görünümlü stoperli geniş paça pantolon,Bershka,KADıN > Pantolon,Siyah,2290.0,2290.0,0.0,TRY,0.0,,,
217315237,Baskılı barrel fit şardonlu eşofman altı,Bershka,KADıN > Pantolon,Koyu gri,1790.0,1790.0,0.0,TRY,0.0,,,
205750019,Baskılı barrel fit şardonlu eşofman altı,Bershka,KADıN > Pantolon,Koyu gri,1790.0,1790.0,0.0,TRY,0.0,,,
206098474,Baskılı paraşüt kargo pantolon,Bershka,KADıN > Pantolon,Kahverengi,1790.0,1790.0,0.0,TRY,0.0,,,
206098473,Baskılı paraşüt kargo pantolon,Bershka,KADıN > Pantolon,Yeşil,1790.0,1790.0,0.0,TRY,0.0,,,
216376231,Baskılı paraşüt kargo pantolon,Bershka,KADıN > Pantolon,Yeşil,1790.0,1790.0,0.0,TRY,0.0,,,
204067039,Stoperli barrel fit şardonlu pantolon,Bershka,KADıN > Pantolon,Kahverengi,1590.0,1590.0,0.0,TRY,0.0,,,
209484773,Stoperli barrel fit şardonlu pantolon,Bershka,KADıN > Pantolon,Kahverengi,1590.0,1590.0,0.0,TRY,0.0,,,
209091418,Geniş paça pantolon,Bershka,KADıN > Pantolon,Gri,1590.0,1590.0,0.0,TRY,0.0,,,
209091420,Geniş paça pantolon,Bershka,KADıN > Pantolon,Koyu gri,1590.0,1590.0,0.0,TRY,0.0,,,
209442157,Geniş paça pantolon,Bershka,KADıN > Pantolon,Koyu gri,1590.0,1590.0,0.0,TRY,0.0,,,
204067125,Fitilli geniş paça pantolon,Bershka,KADıN > Pantolon,Koyu gri,1590.0,1110.0,30.19,TRY,0.0,,,
207318014,Straight fit fitilli kumaş pantolon,Bershka,KADıN > Pantolon,Kahverengi,2290.0,1600.0,30.13,TRY,0.0,,,
210221208,Stoperli bloomer pantolon,Bershka,KADıN > Pantolon,Haki,2490.0,2490.0,0.0,TRY,0.0,,,
209975810,İşlemeli fitilli kumaş pantolon,Bershka,KADıN > Pantolon,Gri,2490.0,2490.0,0.0,TRY,0.0,,,
207129255,Barrel fit pantolon,Bershka,KADıN > Pantolon,Bej,2290.0,1600.0,30.13,TRY,0.0,,,
207713550,Barrel fit pantolon,Bershka,KADıN > Pantolon,Gri,2290.0,1600.0,30.13,TRY,0.0,,,
213178825,Yamalı şardonlu çan paça pantolon,Bershka,KADıN > Pantolon,Gri,1590.0,1590.0,0.0,TRY,0.0,,,
213178824,Yamalı şardonlu çan paça pantolon,Bershka,KADıN > Pantolon,Krem,1590.0,1590.0,0.0,TRY,0.0,,,
209113916,Beli lastikli pantolon,Bershka,KADıN > Pantolon,Kum rengi,1190.0,1190.0,0.0,TRY,0.0,,,
216138133,Şalvar paça lencero pantolon,Bershka,KADıN > Pantolon,Siyah,2290.0,2290.0,0.0,TRY,0.0,,,
204066997,Modal karışımlı yumuşak flare fit pantolon,Bershka,KADıN > Pantolon,Denizci mavisi,1090.0,1090.0,0.0,TRY,0.0,,,
209484850,Çift kumaşlı hacimli pantolon,Bershka,KADıN > Pantolon,Siyah,1790.0,1790.0,0.0,TRY,0.0,,,
205750020,Baskılı barrel fit şardonlu eşofman altı,Bershka,KADıN > Pantolon,Sarı,1790.0,1790.0,0.0,TRY,0.0,,,
216376232,Baskılı barrel fit şardonlu eşofman altı,Bershka,KADıN > Pantolon,Sarı,1790.0,1790.0,0.0,TRY,0.0,,,
218801667,Barrel fit pantolon,Bershka,KADıN > Pantolon,Gri,2290.0,1600.0,30.13,TRY,0.0,,,
209580872,Düşük bel kuşaklı pantolon,Bershka,KADıN > Pantolon,Kahverengi,1590.0,1590.0,0.0,TRY,0.0,,,
205577771,Bengalin kumaş çan paça pantolon,Bershka,KADıN > Pantolon,Kirli beyaz,1490.0,1490.0,0.0,TRY,0.0,,,
204066919,Yumuşak dokulu flare fit pantolon,Bershka,KADıN > Pantolon,Denizci mavisi,1490.0,1490.0,0.0,TRY,0.0,,,
204066920,Yumuşak dokulu flare fit pantolon,Bershka,KADıN > Pantolon,Krem,1490.0,1490.0,0.0,TRY,0.0,,,
204067121,Baskılı jogger fit şardonlu eşofman altı,Bershka,KADıN > Pantolon,Pembe,1490.0,1490.0,0.0,TRY,0.0,,,
204067120,Baskılı jogger fit şardonlu eşofman altı,Bershka,KADıN > Pantolon,Denizci mavisi,1490.0,1490.0,0.0,TRY,0.0,,,
206215736,Straight fit fitilli kumaş pantolon,Bershka,KADıN > Pantolon,Gri,2290.0,2290.0,0.0,TRY,0.0,,,
205676866,Straight fit fitilli kumaş pantolon,Bershka,KADıN > Pantolon,Gri,2290.0,2290.0,0.0,TRY,0.0,,,
209078191,Modal karışımlı yumuşak flare fit pantolon,Bershka,KADıN > Pantolon,Gri,1090.0,1090.0,0.0,TRY,0.0,,,
209442121,Modal karışımlı yumuşak flare fit pantolon,Bershka,KADıN > Pantolon,Gri,1090.0,1090.0,0.0,TRY,0.0,,,
209121350,Flare kapaklı cepli pantolon,Bershka,KADıN > Pantolon,Siyah,1590.0,1590.0,0.0,TRY,0.0,,,
209121349,Flare kapaklı cepli pantolon,Bershka,KADıN > Pantolon,Gri,1590.0,1590.0,0.0,TRY,0.0,,,
209121348,Flare kapaklı cepli pantolon,Bershka,KADıN > Pantolon,Denizci mavisi,1590.0,1590.0,0.0,TRY,0.0,,,
218801526,Poplin bloomer pantolon,Bershka,KADıN > Pantolon,Beyaz,1790.0,1790.0,0.0,TRY,0.0,,,
214542200,Çizgili culotte bermuda,Bershka,KADıN > Pantolon,Siyah,1590.0,1590.0,0.0,TRY,0.0,,,
209580887,Çizgili culotte bermuda,Bershka,KADıN > Pantolon,Denizci mavisi,1590.0,1590.0,0.0,TRY,0.0,,,
209940969,Yumuşak dokulu geniş paça pantolon,Bershka,KADıN > Pantolon,Gri,1490.0,1040.0,30.2,TRY,0.0,,,
216376740,"Çift düğmeli, pilili pantolon",Bershka,KADıN > Pantolon,Siyah,2490.0,2490.0,0.0,TRY,0.0,,,
216376229,"Çift düğmeli, pilili pantolon",Bershka,KADıN > Pantolon,Gri,2490.0,2490.0,0.0,TRY,0.0,,,
209485243,"Çift düğmeli, pilili pantolon",Bershka,KADıN > Pantolon,Kum rengi,2490.0,2490.0,0.0,TRY,0.0,,,
218801527,Bengalin kumaş çan paça pantolon,Bershka,KADıN > Pantolon,Kirli beyaz,1490.0,1490.0,0.0,TRY,0.0,,,
209975831,Payetli etekli pantolon,Bershka,KADıN > Pantolon,Kahverengi,1490.0,1490.0,0.0,TRY,0.0,,,
213182874,Zımba detaylı bel pantolon,Bershka,KADıN > Pantolon,Siyah,2290.0,2290.0,0.0,TRY,0.0,,,
213182875,Zımba detaylı bel pantolon,Bershka,KADıN > Pantolon,Kirli beyaz,2290.0,2290.0,0.0,TRY,0.0,,,
204937270,Parlak çan paça pantolon,Bershka,KADıN > Pantolon,Bordo,1590.0,1590.0,0.0,TRY,0.0,,,
213616608,Baskılı geniş paça şardonlu eşofman altı,Bershka,KADıN > Pantolon,Kırmızı,1590.0,1590.0,0.0,TRY,0.0,,,
213616003,Stoperli barrel fit şardonlu eşofman altı,Bershka,KADıN > Pantolon,Gri,1590.0,1590.0,0.0,TRY,0.0,,,
213616607,Baskılı geniş paça şardonlu eşofman altı,Bershka,KADıN > Pantolon,Pembe,1590.0,1590.0,0.0,TRY,0.0,,,
213616496,Stoperli barrel fit şardonlu eşofman altı,Bershka,KADıN > Pantolon,Haki,1590.0,1590.0,0.0,TRY,0.0,,,
213616002,Stoperli barrel fit şardonlu eşofman altı,Bershka,KADıN > Pantolon,Gri,1590.0,1590.0,0.0,TRY,0.0,,,
209484755,Yıldız zımbalı baggy fit jean,Bershka,KADıN > Pantolon,Mavi,2290.0,1600.0,30.13,TRY,0.0,,,
210696743,Kıvrık bel midi etek,Bershka,KADıN > Etek,Haki,1490.0,1490.0,0.0,TRY,0.0,,,
211238907,Tokalı mini şort etek,Bershka,KADıN > Etek,Beyaz/Siyah,1190.0,1190.0,0.0,TRY,0.0,,,
217315752,Baskılı balon şort etek,Bershka,KADıN > Etek,Kum rengi,1190.0,1190.0,0.0,TRY,0.0,,,
208851255,Ekose hacimli midi etek,Bershka,KADıN > Etek,Haki,2290.0,2290.0,0.0,TRY,0.0,,,
207674697,Denim şort etek,Bershka,KADıN > Etek,Siyah,1590.0,1590.0,0.0,TRY,0.0,,,
207674698,denim şort etek,Bershka,KADıN > Etek,Açık mavi,1590.0,1590.0,0.0,TRY,0.0,,,
208236671,Tokalı mini şort etek,Bershka,KADıN > Etek,Siyah,1190.0,1190.0,0.0,TRY,0.0,,,
218801664,Tokalı mini şort etek,Bershka,KADıN > Etek,Siyah,1190.0,1190.0,0.0,TRY,0.0,,,
207674700,Denim şort etek,Bershka,KADıN > Etek,Mavi,1590.0,1590.0,0.0,TRY,0.0,,,
208236670,Tokalı mini şort etek,Bershka,KADıN > Etek,Denizci mavisi,1190.0,1190.0,0.0,TRY,0.0,,,
207391457,Denim mini etek,Bershka,KADıN > Etek,Denizci mavisi,1190.0,1190.0,0.0,TRY,0.0,,,
207391458,Denim mini etek,Bershka,KADıN > Etek,Açık mavi,1190.0,1190.0,0.0,TRY,0.0,,,
208134180,Dantel pullu mini etek,Bershka,KADıN > Etek,Açık mavi,1490.0,1490.0,0.0,TRY,0.0,,,
208793045,Dantel pullu mini etek,Bershka,KADıN > Etek,Beyaz,1490.0,1490.0,0.0,TRY,0.0,,,
208793038,Saten midi etek,Bershka,KADıN > Etek,Beyaz/Siyah,1090.0,1090.0,0.0,TRY,0.0,,,
209121420,Dantelli pareo etek,Bershka,KADıN > Etek,Kahverengi,990.0,990.0,0.0,TRY,0.0,,,
209940753,Dantelli pareo etek,Bershka,KADıN > Etek,Beyaz,990.0,990.0,0.0,TRY,0.0,,,
209121421,Dantelli pareo etek,Bershka,KADıN > Etek,Beyaz,990.0,990.0,0.0,TRY,0.0,,,
212049569,Parlak fırfırlı mini etek,Bershka,KADıN > Etek,Beyaz,1190.0,1190.0,0.0,TRY,0.0,,,
212049568,Parlak fırfırlı mini etek,Bershka,KADıN > Etek,Kahverengi,1190.0,1190.0,0.0,TRY,0.0,,,
210667642,Dantel pullu mini etek,Bershka,KADıN > Etek,Denizci mavisi,1490.0,1490.0,0.0,TRY,0.0,,,
206803623,İşlemeli denim mini etek,Bershka,KADıN > Etek,Denizci mavisi,1590.0,1590.0,0.0,TRY,0.0,,,
207674696,Denim şort etek,Bershka,KADıN > Etek,Mavi,1590.0,1590.0,0.0,TRY,0.0,,,
204971851,Mini denim şort,Bershka,KADıN > Şort - bermuda,Açık mavi,1490.0,1490.0,0.0,TRY,0.0,,,
204971848,Mini denim şort,Bershka,KADıN > Şort - bermuda,Açık mavi,1490.0,1490.0,0.0,TRY,0.0,,,
207306739,Kareli bermuda,Bershka,KADıN > Şort - bermuda,Gri,1590.0,1590.0,0.0,TRY,0.0,,,
204971852,Mini denim şort,Bershka,KADıN > Şort - bermuda,Siyah,1490.0,1490.0,0.0,TRY,0.0,,,
204971853,Mini denim şort,Bershka,KADıN > Şort - bermuda,Gri,1490.0,1490.0,0.0,TRY,0.0,,,
210667654,Kontrast mini denim şort,Bershka,KADıN > Şort - bermuda,Denizci mavisi,1490.0,1490.0,0.0,TRY,0.0,,,
205248248,Çizgili rustik şort,Bershka,KADıN > Şort - bermuda,Kahverengi,1190.0,1190.0,0.0,TRY,0.0,,,
206370798,Mini taşlı şort,Bershka,KADıN > Şort - bermuda,Gri,1790.0,1790.0,0.0,TRY,0.0,,,
208376518,Baggy fit denim bermuda şort,Bershka,KADıN > Şort - bermuda,Siyah,1590.0,1590.0,0.0,TRY,0.0,,,
220330142,Baggy fit denim bermuda şort,Bershka,KADıN > Şort - bermuda,Açık mavi,1590.0,1590.0,0.0,TRY,0.0,,,
208376517,Baggy fit denim bermuda şort,Bershka,KADıN > Şort - bermuda,Mavi,1590.0,1590.0,0.0,TRY,0.0,,,
207352018,Desenli bermuda,Bershka,KADıN > Şort - bermuda,Haki,1590.0,1590.0,0.0,TRY,0.0,,,
209725460,Dantelli saten şort,Bershka,KADıN > Şort - bermuda,Beyaz,1190.0,1190.0,0.0,TRY,0.0,,,
205026484,90'lar denim şort,Bershka,KADıN > Şort - bermuda,Açık mavi,1490.0,1490.0,0.0,TRY,0.0,,,
205026485,90'lar denim şort,Bershka,KADıN > Şort - bermuda,Siyah,1490.0,1490.0,0.0,TRY,0.0,,,
207951117,90'lar denim şort,Bershka,KADıN > Şort - bermuda,Denizci mavisi,1490.0,1490.0,0.0,TRY,0.0,,,
209221148,Puantiye desenli denim şort,Bershka,KADıN > Şort - bermuda,Kirli beyaz,1490.0,1490.0,0.0,TRY,0.0,,,
214100473,İşlemeli Şort,Bershka,KADıN > Şort - bermuda,Gri,990.0,990.0,0.0,TRY,0.0,,,
220330141,Puantiye şort,Bershka,KADıN > Şort - bermuda,Pembe,1190.0,1190.0,0.0,TRY,0.0,,,
214100475,İŞLEMELİ POLAR ŞORT,Bershka,KADıN > Şort - bermuda,Turkuaz,990.0,990.0,0.0,TRY,0.0,,,
214100472,İŞLEMELİ POLAR ŞORT,Bershka,KADıN > Şort - bermuda,Mavi,990.0,990.0,0.0,TRY,0.0,,,
220329650,Zımbalı fitilli şort,Bershka,KADıN > Şort - bermuda,Kirli beyaz,1590.0,1590.0,0.0,TRY,0.0,,,
220330143,Zımbalı fitilli şort,Bershka,KADıN > Şort - bermuda,Gri,1590.0,1590.0,0.0,TRY,0.0,,,
209128273,Pullu mini şort,Bershka,KADıN > Şort - bermuda,Siyah,1190.0,1190.0,0.0,TRY,0.0,,,
209128274,Pullu mini şort,Bershka,KADıN > Şort - bermuda,Haki,1190.0,1190.0,0.0,TRY,0.0,,,
217315230,Kareli bermuda,Bershka,KADıN > Şort - bermuda,Gri,1590.0,1590.0,0.0,TRY,0.0,,,
208486454,Baggy fit denim şort,Bershka,KADıN > Şort - bermuda,Denizci mavisi,1590.0,1590.0,0.0,TRY,0.0,,,
208486457,Baggy fit denim şort,Bershka,KADıN > Şort - bermuda,Açık mavi,1590.0,1590.0,0.0,TRY,0.0,,,
204437601,Bengal askılı top,Bershka,KADıN > Top ve body,Siyah,1090.0,1090.0,0.0,TRY,0.0,,,
209940935,Bengal askılı top,Bershka,KADıN > Top ve body,Siyah,1090.0,1090.0,0.0,TRY,0.0,,,
209105944,Askılı top,Bershka,KADıN > Top ve body,Kirli beyaz,350.0,350.0,0.0,TRY,0.0,,,
209105940,Askılı top,Bershka,KADıN > Top ve body,Açık mavi,350.0,350.0,0.0,TRY,0.0,,,
209105942,Askılı top,Bershka,KADıN > Top ve body,Beyaz/Siyah,350.0,350.0,0.0,TRY,0.0,,,
209105941,Askılı top,Bershka,KADıN > Top ve body,Siyah,350.0,350.0,0.0,TRY,0.0,,,
209484673,Askılı top,Bershka,KADıN > Top ve body,Siyah,350.0,350.0,0.0,TRY,0.0,,,
207713556,Rib askılı tişört,Bershka,KADıN > Top ve body,Mercan,350.0,350.0,0.0,TRY,0.0,,,
209441570,Askılı top,Bershka,KADıN > Top ve body,Denizci mavisi,350.0,350.0,0.0,TRY,0.0,,,
209105939,Askılı top,Bershka,KADıN > Top ve body,Denizci mavisi,350.0,350.0,0.0,TRY,0.0,,,
204448267,Asimetrik top,Bershka,KADıN > Top ve body,Kahverengi,1090.0,1090.0,0.0,TRY,0.0,,,
204448268,Asimetrik top,Bershka,KADıN > Top ve body,Gri,1090.0,1090.0,0.0,TRY,0.0,,,
208739087,Büzgülü bandeau top,Bershka,KADıN > Top ve body,Kirli beyaz,590.0,590.0,0.0,TRY,0.0,,,
208739085,Büzgülü bandeau top,Bershka,KADıN > Top ve body,Siyah,590.0,590.0,0.0,TRY,0.0,,,
208548325,Dokulu denim top,Bershka,KADıN > Top ve body,Mavi,1590.0,1590.0,0.0,TRY,0.0,,,
206583298,Fitilli temel askılı tişört,Bershka,KADıN > Top ve body,Kirli beyaz,350.0,350.0,0.0,TRY,0.0,,,
206583295,Fitilli temel askılı tişört,Bershka,KADıN > Top ve body,Siyah,350.0,350.0,0.0,TRY,0.0,,,
206583296,Fitilli temel askılı tişört,Bershka,KADıN > Top ve body,Gri,350.0,350.0,0.0,TRY,0.0,,,
207951112,Geniş yaka top,Bershka,KADıN > Top ve body,Siyah,990.0,990.0,0.0,TRY,0.0,,,
207951111,Geniş yaka top,Bershka,KADıN > Top ve body,Krem,990.0,990.0,0.0,TRY,0.0,,,
213178800,Kare yaka askılı body,Bershka,KADıN > Top ve body,Siyah,790.0,790.0,0.0,TRY,0.0,,,
213298707,Kare yaka askılı body,Bershka,KADıN > Top ve body,Mercan,790.0,790.0,0.0,TRY,0.0,,,
213178799,Kare yaka askılı body,Bershka,KADıN > Top ve body,Kahverengi,790.0,790.0,0.0,TRY,0.0,,,
213178801,Kare yaka askılı body,Bershka,KADıN > Top ve body,Kirli beyaz,790.0,790.0,0.0,TRY,0.0,,,
211505101,Fiyonklu bandeau top,Bershka,KADıN > Top ve body,Beyaz/Siyah,790.0,790.0,0.0,TRY,0.0,,,
211505100,Fiyonklu bandeau top,Bershka,KADıN > Top ve body,Krem,790.0,790.0,0.0,TRY,0.0,,,
211505099,Fiyonklu bandeau top,Bershka,KADıN > Top ve body,Siyah,790.0,790.0,0.0,TRY,0.0,,,
209126897,Asimetrik dantelli saten askılı top,Bershka,KADıN > Top ve body,Açık mavi,1190.0,830.0,30.25,TRY,0.0,,,
209126900,Asimetrik dantelli saten askılı top,Bershka,KADıN > Top ve body,Beyaz/Siyah,1190.0,830.0,30.25,TRY,0.0,,,
209941427,Bengal askılı top,Bershka,KADıN > Top ve body,Haki,1090.0,1090.0,0.0,TRY,0.0,,,
205631018,Çizgili yelek,Bershka,KADıN > Top ve body,Kahverengi,1590.0,1590.0,0.0,TRY,0.0,,,
205750027,Bengalin yelek,Bershka,KADıN > Top ve body,Koyu gri,1490.0,1490.0,0.0,TRY,0.0,,,
207865123,Büzgülü halter top,Bershka,KADıN > Top ve body,Denizci mavisi,990.0,990.0,0.0,TRY,0.0,,,
207865122,Büzgülü halter top,Bershka,KADıN > Top ve body,Bej,990.0,990.0,0.0,TRY,0.0,,,
207356816,Dantelli saten top,Bershka,KADıN > Top ve body,Denizci mavisi,990.0,990.0,0.0,TRY,0.0,,,
207356817,Dantel detaylı saten top,Bershka,KADıN > Top ve body,Açık mavi,990.0,990.0,0.0,TRY,0.0,,,
207356815,Dantelli saten top,Bershka,KADıN > Top ve body,Sarı,990.0,990.0,0.0,TRY,0.0,,,
206533240,Taşlı halter yaka bluz,Bershka,KADıN > Top ve body,Kum rengi,1790.0,1790.0,0.0,TRY,0.0,,,
209126976,Uzun kollu boğazlı body,Bershka,KADıN > Top ve body,Siyah,990.0,990.0,0.0,TRY,0.0,,,
213780957,Asimetrik büzgülü askılı body,Bershka,KADıN > Top ve body,Kırmızı,990.0,990.0,0.0,TRY,0.0,,,
209126899,Asimetrik dantelli saten askılı top,Bershka,KADıN > Top ve body,Siyah,1190.0,1190.0,0.0,TRY,0.0,,,
209357897,Halter yaka bağlamalı top,Bershka,KADıN > Top ve body,Kirli beyaz,990.0,990.0,0.0,TRY,0.0,,,
207865124,Büzgülü halter top,Bershka,KADıN > Top ve body,Kırmızı,990.0,990.0,0.0,TRY,0.0,,,
210198708,Pullu halter top,Bershka,KADıN > Top ve body,Koyu gri,990.0,990.0,0.0,TRY,0.0,,,
210198707,Pullu halter top,Bershka,KADıN > Top ve body,Kahverengi,990.0,990.0,0.0,TRY,0.0,,,
208739086,Büzgülü bandeau top,Bershka,KADıN > Top ve body,Bordo,590.0,590.0,0.0,TRY,0.0,,,
209619140,Büzgülü bandeau top,Bershka,KADıN > Top ve body,Mercan,590.0,590.0,0.0,TRY,0.0,,,
208739084,Büzgülü bandeau top,Bershka,KADıN > Top ve body,Fuşya,590.0,590.0,0.0,TRY,0.0,,,
210332968,Balon Efektli Top,Bershka,KADıN > Top ve body,Pembe,1190.0,1190.0,0.0,TRY,0.0,,,
210332967,Balon Efektli Top,Bershka,KADıN > Top ve body,Siyah,1190.0,1190.0,0.0,TRY,0.0,,,
220329718,Balon Efektli Top,Bershka,KADıN > Top ve body,Siyah,1190.0,1190.0,0.0,TRY,0.0,,,
205618093,Çizgili asimetrik top,Bershka,KADıN > Top ve body,Mavi,1090.0,1090.0,0.0,TRY,0.0,,,
205618094,Çizgili asimetrik top,Bershka,KADıN > Top ve body,Kum rengi,1090.0,1090.0,0.0,TRY,0.0,,,
216618317,Önü fermuarlı crop top,Bershka,KADıN > Top ve body,Siyah,1090.0,1090.0,0.0,TRY,0.0,,,
207223943,Rustik parlak top,Bershka,KADıN > Top ve body,Krem,990.0,990.0,0.0,TRY,0.0,,,
207223942,Rustik parlak top,Bershka,KADıN > Top ve body,Denizci mavisi,990.0,990.0,0.0,TRY,0.0,,,
211505096,Fular detaylı askılı top,Bershka,KADıN > Top ve body,Turkuaz,990.0,990.0,0.0,TRY,0.0,,,
211505095,Fular detaylı askılı top,Bershka,KADıN > Top ve body,Sarı,990.0,990.0,0.0,TRY,0.0,,,
205801380,Uzun kollu body,Bershka,KADıN > Top ve body,Kahverengi,990.0,990.0,0.0,TRY,0.0,,,
205801379,Uzun kollu body,Bershka,KADıN > Top ve body,Siyah,990.0,990.0,0.0,TRY,0.0,,,
209126977,Uzun kollu boğazlı body,Bershka,KADıN > Top ve body,Kahverengi,990.0,990.0,0.0,TRY,0.0,,,
209126975,Uzun kollu boğazlı body,Bershka,KADıN > Top ve body,Denizci mavisi,990.0,990.0,0.0,TRY,0.0,,,
211746251,Fular detaylı askılı top,Bershka,KADıN > Top ve body,Kırmızı,990.0,990.0,0.0,TRY,0.0,,,
209128256,Asimetrik kadife efektli tişört,Bershka,KADıN > Top ve body,Siyah,990.0,990.0,0.0,TRY,0.0,,,
209128255,Asimetrik kadife efektli tişört,Bershka,KADıN > Top ve body,Deve tüyü rengi,990.0,990.0,0.0,TRY,0.0,,,
217315747,Uzun kollu büzgülü top,Bershka,KADıN > Top ve body,Siyah,1190.0,1190.0,0.0,TRY,0.0,,,
207713568,Işıltılı rustik bardot uzun kollu top,Bershka,KADıN > Top ve body,Kum rengi,1490.0,1490.0,0.0,TRY,0.0,,,
210584195,Keten bandeau top,Bershka,KADıN > Top ve body,Kırmızı,990.0,990.0,0.0,TRY,0.0,,,
206290914,Asimetrik top,Bershka,KADıN > Top ve body,Pembe,1090.0,1090.0,0.0,TRY,0.0,,,
205631044,Asimetrik top,Bershka,KADıN > Top ve body,Gri,1090.0,1090.0,0.0,TRY,0.0,,,
205750030,Bengalin yelek,Bershka,KADıN > Top ve body,Kirli beyaz,1490.0,1490.0,0.0,TRY,0.0,,,
206712957,Balonlu bandeau top,Bershka,KADıN > Top ve body,Siyah,1090.0,1090.0,0.0,TRY,0.0,,,
206712956,Balonlu bandeau top,Bershka,KADıN > Top ve body,Krem,1090.0,1090.0,0.0,TRY,0.0,,,
209941428,Bengal askılı top,Bershka,KADıN > Top ve body,Kahverengi,1090.0,1090.0,0.0,TRY,0.0,,,
218802008,Bengal askılı top,Bershka,KADıN > Top ve body,Kahverengi,1090.0,1090.0,0.0,TRY,0.0,,,
207713546,Büzgülü kadife asimetrik bandeau top,Bershka,KADıN > Top ve body,Krem,1090.0,1090.0,0.0,TRY,0.0,,,
207713547,Büzgülü kadife asimetrik bandeau top,Bershka,KADıN > Top ve body,Kahverengi,1090.0,1090.0,0.0,TRY,0.0,,,
208134165,Çapraz halter top,Bershka,KADıN > Top ve body,Krem,1090.0,1090.0,0.0,TRY,0.0,,,
208134166,Çapraz halter top,Bershka,KADıN > Top ve body,Siyah,1090.0,1090.0,0.0,TRY,0.0,,,
208851265,Asimetrik kısa kollu tişört,Bershka,KADıN > Top ve body,Siyah,790.0,790.0,0.0,TRY,0.0,,,
218801533,Asimetrik kısa kollu tişört,Bershka,KADıN > Top ve body,Siyah,790.0,790.0,0.0,TRY,0.0,,,
209975829,Asimetrik kısa kollu tişört,Bershka,KADıN > Top ve body,Denizci mavisi,790.0,790.0,0.0,TRY,0.0,,,
208851266,Asimetrik kısa kollu tişört,Bershka,KADıN > Top ve body,Beyaz,790.0,790.0,0.0,TRY,0.0,,,
209121291,Kısa kollu bisiklet yaka tişört,Bershka,KADıN > Top ve body,Siyah,350.0,350.0,0.0,TRY,0.0,,,
209121284,Kısa kollu bisiklet yaka tişört,Bershka,KADıN > Top ve body,Kirli beyaz,350.0,350.0,0.0,TRY,0.0,,,
209441753,Kısa kollu bisiklet yaka tişört,Bershka,KADıN > Top ve body,Kirli beyaz,350.0,350.0,0.0,TRY,0.0,,,
209128236,Uzun kollu baskılı tişört,Bershka,KADıN > Top ve body,Bordo,990.0,990.0,0.0,TRY,0.0,,,
209128235,Uzun kollu baskılı tişört,Bershka,KADıN > Top ve body,Krem,990.0,990.0,0.0,TRY,0.0,,,
209121289,Kısa kollu bisiklet yaka tişört,Bershka,KADıN > Top ve body,Siyah,350.0,350.0,0.0,TRY,0.0,,,
209121287,Kısa kollu bisiklet yaka tişört,Bershka,KADıN > Top ve body,Pembe,350.0,350.0,0.0,TRY,0.0,,,
209121290,Kısa kollu bisiklet yaka tişört,Bershka,KADıN > Top ve body,Kırmızı,350.0,350.0,0.0,TRY,0.0,,,
206678357,Kısa kollu spor baskılı tişört,Bershka,KADıN > Top ve body,Yeşil,790.0,790.0,0.0,TRY,0.0,,,
216376241,Kısa kollu spor baskılı tişört,Bershka,KADıN > Top ve body,Yeşil,790.0,790.0,0.0,TRY,0.0,,,
216376401,Dantelli uzun kollu tişört,Bershka,KADıN > Top ve body,Siyah,790.0,790.0,0.0,TRY,0.0,,,
209126806,Dantelli uzun kollu tişört,Bershka,KADıN > Top ve body,Siyah,790.0,790.0,0.0,TRY,0.0,,,
209121286,Kısa kollu bisiklet yaka tişört,Bershka,KADıN > Top ve body,Denizci mavisi,350.0,350.0,0.0,TRY,0.0,,,
209121295,Kısa kollu bisiklet yaka tişört,Bershka,KADıN > Top ve body,Gri,350.0,350.0,0.0,TRY,0.0,,,
209132521,Uzun kollu tişört,Bershka,KADıN > Top ve body,Siyah,550.0,550.0,0.0,TRY,0.0,,,
209484590,Uzun kollu tişört,Bershka,KADıN > Top ve body,Siyah,550.0,550.0,0.0,TRY,0.0,,,
209132528,Uzun kollu tişört,Bershka,KADıN > Top ve body,Koyu gri,550.0,550.0,0.0,TRY,0.0,,,
208236674,Bibble baskılı kısa kollu tişört,Bershka,KADıN > Top ve body,Beyaz,790.0,790.0,0.0,TRY,0.0,,,
209485326,Uzun kollu tişört,Bershka,KADıN > Top ve body,Kirli beyaz,550.0,550.0,0.0,TRY,0.0,,,
209132527,Uzun kollu tişört,Bershka,KADıN > Top ve body,Kirli beyaz,550.0,550.0,0.0,TRY,0.0,,,
210667636,Kısa kollu büzgülü tişört,Bershka,KADıN > Top ve body,Kirli beyaz,1190.0,1190.0,0.0,TRY,0.0,,,
216376742,Kısa kollu spor baskılı tişört,Bershka,KADıN > Top ve body,Koyu gri,790.0,790.0,0.0,TRY,0.0,,,
206678356,Kısa kollu spor baskılı tişört,Bershka,KADıN > Top ve body,Koyu gri,790.0,790.0,0.0,TRY,0.0,,,
212509278,Asimetrik bağcıklı uzun kollu tişört,Bershka,KADıN > Top ve body,Siyah,1090.0,1090.0,0.0,TRY,0.0,,,
209128234,Uzun kollu baskılı tişört,Bershka,KADıN > Top ve body,Kahverengi,990.0,990.0,0.0,TRY,0.0,,,
208851263,Asimetrik kısa kollu tişört,Bershka,KADıN > Top ve body,Mavi,790.0,790.0,0.0,TRY,0.0,,,
217315179,Asimetrik yaka baskılı uzun kollu tişört,Bershka,KADıN > Top ve body,Açık mavi,1190.0,1190.0,0.0,TRY,0.0,,,
208776221,Asimetrik yaka baskılı uzun kollu tişört,Bershka,KADıN > Top ve body,Açık mavi,1190.0,1190.0,0.0,TRY,0.0,,,
214243659,Korse bel kısa kollu tişört,Bershka,KADıN > Top ve body,Siyah,1190.0,1190.0,0.0,TRY,0.0,,,
214243660,Korse bel kısa kollu tişört,Bershka,KADıN > Top ve body,Kirli beyaz,1190.0,1190.0,0.0,TRY,0.0,,,
209121341,Uzun kollu çizgili tişört,Bershka,KADıN > Top ve body,Gri,1090.0,1090.0,0.0,TRY,0.0,,,
209484759,Uzun kollu çizgili tişört,Bershka,KADıN > Top ve body,Siyah,1090.0,1090.0,0.0,TRY,0.0,,,
209121344,Uzun kollu çizgili tişört,Bershka,KADıN > Top ve body,Siyah,1090.0,1090.0,0.0,TRY,0.0,,,
209121296,Kısa kollu bisiklet yaka tişört,Bershka,KADıN > Top ve body,Bordo,350.0,350.0,0.0,TRY,0.0,,,
209121292,Kısa kollu bisiklet yaka tişört,Bershka,KADıN > Top ve body,Mavi,350.0,350.0,0.0,TRY,0.0,,,
206098468,Uzun kollu polo yaka baskılı tişört,Bershka,KADıN > Top ve body,Pembe,1490.0,1490.0,0.0,TRY,0.0,,,
206098467,Uzun kollu polo yaka baskılı tişört,Bershka,KADıN > Top ve body,Açık mavi,1490.0,1490.0,0.0,TRY,0.0,,,
217315663,Uzun kollu polo yaka baskılı tişört,Bershka,KADıN > Top ve body,Açık mavi,1490.0,1490.0,0.0,TRY,0.0,,,
209128245,Uzun kollu V yaka tişört,Bershka,KADıN > Top ve body,Kahverengi,550.0,550.0,0.0,TRY,0.0,,,
209128244,Uzun kollu V yaka tişört,Bershka,KADıN > Top ve body,Açık mavi,550.0,550.0,0.0,TRY,0.0,,,
209132523,Uzun kollu tişört,Bershka,KADıN > Top ve body,Pembe,550.0,550.0,0.0,TRY,0.0,,,
209441326,Uzun kollu tişört,Bershka,KADıN > Top ve body,Pembe,550.0,550.0,0.0,TRY,0.0,,,
209132526,Uzun kollu tişört,Bershka,KADıN > Top ve body,Kahverengi,550.0,550.0,0.0,TRY,0.0,,,
208236666,Uzun kollu dantel tişört,Bershka,KADıN > Top ve body,Pembe,1090.0,1090.0,0.0,TRY,0.0,,,
208236668,Uzun kollu dantel tişört,Bershka,KADıN > Top ve body,Krem,1090.0,1090.0,0.0,TRY,0.0,,,
208236667,Uzun kollu dantel tişört,Bershka,KADıN > Top ve body,Mavi,1090.0,1090.0,0.0,TRY,0.0,,,
205248251,Uzun kollu oversize baskılı tişört,Bershka,KADıN > Top ve body,Bordo,1190.0,1190.0,0.0,TRY,0.0,,,
205248250,Uzun kollu oversize baskılı tişört,Bershka,KADıN > Top ve body,Siyah,1190.0,1190.0,0.0,TRY,0.0,,,
220330203,Asimetrik yaka baskılı uzun kollu tişört,Bershka,KADıN > Top ve body,Pembe,1190.0,1190.0,0.0,TRY,0.0,,,
208776222,Asimetrik yaka baskılı uzun kollu tişört,Bershka,KADıN > Top ve body,Pembe,1190.0,1190.0,0.0,TRY,0.0,,,
209126805,Dantelli uzun kollu tişört,Bershka,KADıN > Top ve body,Denizci mavisi,790.0,790.0,0.0,TRY,0.0,,,
209126809,Dantelli uzun kollu tişört,Bershka,KADıN > Top ve body,Bordo,790.0,790.0,0.0,TRY,0.0,,,
211526401,Kısa kollu baskılı tişört,Bershka,KADıN > Top ve body,Pembe,790.0,790.0,0.0,TRY,0.0,,,
211505094,Cars baskılı kısa kollu tişört,Bershka,KADıN > Top ve body,Kirli beyaz,790.0,790.0,0.0,TRY,0.0,,,
209132520,Uzun kollu tişört,Bershka,KADıN > Top ve body,Mor,550.0,550.0,0.0,TRY,0.0,,,
209132519,Uzun kollu tişört,Bershka,KADıN > Top ve body,Denizci mavisi,550.0,550.0,0.0,TRY,0.0,,,
209132522,Uzun kollu tişört,Bershka,KADıN > Top ve body,Haki,550.0,550.0,0.0,TRY,0.0,,,
209128233,Uzun kollu baskılı tişört,Bershka,KADıN > Top ve body,Denizci mavisi,990.0,990.0,0.0,TRY,0.0,,,
209484644,Uzun kollu baskılı tişört,Bershka,KADıN > Top ve body,Denizci mavisi,990.0,990.0,0.0,TRY,0.0,,,
209128213,Hızlı kuruyan ve nefes alabilen kısa kollu tişört,Bershka,KADıN > Top ve body,Kahverengi,990.0,990.0,0.0,TRY,0.0,,,
212509324,Cars oversize kısa kollu baskılı tişört,Bershka,KADıN > Top ve body,Kirli beyaz,990.0,990.0,0.0,TRY,0.0,,,
209128239,Büzgülü uzun kollu tişört,Bershka,KADıN > Top ve body,Siyah,790.0,790.0,0.0,TRY,0.0,,,
209128240,Büzgülü uzun kollu tişört,Bershka,KADıN > Top ve body,Kahverengi,790.0,790.0,0.0,TRY,0.0,,,
207356814,Kısa kollu basic tişört,Bershka,KADıN > Top ve body,Kirli beyaz,490.0,490.0,0.0,TRY,0.0,,,
207356812,Kısa kollu basic tişört,Bershka,KADıN > Top ve body,Siyah,490.0,490.0,0.0,TRY,0.0,,,
207713544,Kısa kollu büzgülü tişört,Bershka,KADıN > Top ve body,Kahverengi,490.0,490.0,0.0,TRY,0.0,,,
207713543,Kısa kollu büzgülü tişört,Bershka,KADıN > Top ve body,Siyah,490.0,490.0,0.0,TRY,0.0,,,
208851267,Asimetrik kısa kollu tişört,Bershka,KADıN > Top ve body,Kirli beyaz,790.0,790.0,0.0,TRY,0.0,,,
208851264,Asimetrik kısa kollu tişört,Bershka,KADıN > Top ve body,Kırmızı,790.0,790.0,0.0,TRY,0.0,,,
216376240,Asimetrik kısa kollu tişört,Bershka,KADıN > Top ve body,Kırmızı,790.0,790.0,0.0,TRY,0.0,,,
210667635,Kısa kollu büzgülü tişört,Bershka,KADıN > Top ve body,Kahverengi,1190.0,1190.0,0.0,TRY,0.0,,,
218801532,Kısa kollu büzgülü tişört,Bershka,KADıN > Top ve body,Kahverengi,1190.0,1190.0,0.0,TRY,0.0,,,
211505112,Kısa kollu balon tişört,Bershka,KADıN > Top ve body,Kirli beyaz,1090.0,1090.0,0.0,TRY,0.0,,,
211505111,Kısa kollu balon tişört,Bershka,KADıN > Top ve body,Gri,1090.0,1090.0,0.0,TRY,0.0,,,
214221723,Kısa kollu strass tişört,Bershka,KADıN > Top ve body,Pembe,790.0,790.0,0.0,TRY,0.0,,,
206583294,Fitilli temel askılı tişört,Bershka,KADıN > Top ve body,Denizci mavisi,350.0,350.0,0.0,TRY,0.0,,,
206583297,Fitilli temel askılı tişört,Bershka,KADıN > Top ve body,Pembe,350.0,350.0,0.0,TRY,0.0,,,
217315164,Kısa kollu polo yaka baskılı tişört,Bershka,KADıN > Top ve body,Kahverengi,990.0,990.0,0.0,TRY,0.0,,,
209221131,Kısa kollu polo yaka baskılı tişört,Bershka,KADıN > Top ve body,Kahverengi,990.0,990.0,0.0,TRY,0.0,,,
211529177,Kısa kollu baskılı tişört,Bershka,KADıN > Top ve body,Kirli beyaz,990.0,990.0,0.0,TRY,0.0,,,
210656879,Jennie Ruby baskılı oversize kısa kollu tişört,Bershka,KADıN > Top ve body,Kirli beyaz,1090.0,1090.0,0.0,TRY,0.0,,,
209128249,Uzun kollu V yaka tişört,Bershka,KADıN > Top ve body,Kirli beyaz,550.0,550.0,0.0,TRY,0.0,,,
209128248,Uzun kollu V yaka tişört,Bershka,KADıN > Top ve body,Gri,550.0,550.0,0.0,TRY,0.0,,,
209128247,Uzun kollu V yaka tişört,Bershka,KADıN > Top ve body,Siyah,550.0,550.0,0.0,TRY,0.0,,,
207713545,Kısa kollu büzgülü tişört,Bershka,KADıN > Top ve body,Kirli beyaz,490.0,490.0,0.0,TRY,0.0,,,
207713542,Kısa kollu büzgülü tişört,Bershka,KADıN > Top ve body,Açık mavi,490.0,490.0,0.0,TRY,0.0,,,
205248249,Uzun kollu oversize baskılı tişört,Bershka,KADıN > Top ve body,Sarı,1190.0,1190.0,0.0,TRY,0.0,,,
211378908,Uzun kollu oversize baskılı tişört,Bershka,KADıN > Top ve body,Sarı,1190.0,1190.0,0.0,TRY,0.0,,,
211505098,Kısa kollu baskılı tişört,Bershka,KADıN > Top ve body,Kirli beyaz,790.0,790.0,0.0,TRY,0.0,,,
211505097,Kısa kollu baskılı tişört,Bershka,KADıN > Top ve body,Denizci mavisi,790.0,790.0,0.0,TRY,0.0,,,
207713565,Boxy fit çizgili tişört,Bershka,KADıN > Top ve body,Beyaz,790.0,790.0,0.0,TRY,0.0,,,
207713564,Boxy fit çizgili tişört,Bershka,KADıN > Top ve body,Pembe,790.0,790.0,0.0,TRY,0.0,,,
207393934,Boxy fit kısa kollu tişört,Bershka,KADıN > Top ve body,Kirli beyaz,590.0,590.0,0.0,TRY,0.0,,,
207393931,Boxy fit kısa kollu tişört,Bershka,KADıN > Top ve body,Siyah,590.0,590.0,0.0,TRY,0.0,,,
209441246,Uzun kollu çizgili tişört,Bershka,KADıN > Top ve body,Koyu gri,1090.0,1090.0,0.0,TRY,0.0,,,
209121346,Uzun kollu çizgili tişört,Bershka,KADıN > Top ve body,Koyu gri,1090.0,1090.0,0.0,TRY,0.0,,,
209121342,Uzun kollu çizgili tişört,Bershka,KADıN > Top ve body,Bej,1090.0,1090.0,0.0,TRY,0.0,,,
208851256,Speedi kısa kollu baskılı tişört,Bershka,KADıN > Top ve body,Siyah,1090.0,1090.0,0.0,TRY,0.0,,,
210696738,Asimetrik baskılı kısa kollu tişört,Bershka,KADıN > Top ve body,Koyu gri,990.0,990.0,0.0,TRY,0.0,,,
218801535,Asimetrik baskılı kısa kollu tişört,Bershka,KADıN > Top ve body,Koyu gri,990.0,990.0,0.0,TRY,0.0,,,
208879072,Kısa kollu oversize tişört,Bershka,KADıN > Top ve body,Siyah,790.0,790.0,0.0,TRY,0.0,,,
208879073,Kısa kollu oversize tişört,Bershka,KADıN > Top ve body,Kirli beyaz,790.0,790.0,0.0,TRY,0.0,,,
208879071,Kısa kollu oversize tişört,Bershka,KADıN > Top ve body,Denizci mavisi,790.0,790.0,0.0,TRY,0.0,,,
211529170,Baskılı oversize kısa kollu tişört,Bershka,KADıN > Top ve body,Kirli beyaz,990.0,990.0,0.0,TRY,0.0,,,
209452231,Uzun kollu kontrast baskılı tişört,Bershka,KADıN > Top ve body,Kirli beyaz,790.0,790.0,0.0,TRY,0.0,,,
209132524,Uzun kollu tişört,Bershka,KADıN > Top ve body,Bordo,550.0,550.0,0.0,TRY,0.0,,,
209132525,Uzun kollu tişört,Bershka,KADıN > Top ve body,Yeşil,550.0,550.0,0.0,TRY,0.0,,,
209126807,Dantelli uzun kollu tişört,Bershka,KADıN > Top ve body,Gri,790.0,790.0,0.0,TRY,0.0,,,
209126808,Dantelli uzun kollu tişört,Bershka,KADıN > Top ve body,Açık mavi,790.0,790.0,0.0,TRY,0.0,,,
220330186,Kısa kollu çizgili polo,Bershka,KADıN > Top ve body,Kahverengi,790.0,790.0,0.0,TRY,0.0,,,
207391469,Kısa kollu çizgili polo,Bershka,KADıN > Top ve body,Kahverengi,790.0,790.0,0.0,TRY,0.0,,,
215090129,Kısa kollu baskılı tişört,Bershka,KADıN > Top ve body,Pembe,790.0,790.0,0.0,TRY,0.0,,,
211526402,Kısa kollu baskılı tişört,Bershka,KADıN > Top ve body,Yeşil,790.0,790.0,0.0,TRY,0.0,,,
210219855,Moomin baskılı kısa kollu tişört,Bershka,KADıN > Top ve body,Kirli beyaz,990.0,990.0,0.0,TRY,0.0,,,
208882946,Kısa kollu çizgili polo,Bershka,KADıN > Top ve body,Pembe,790.0,790.0,0.0,TRY,0.0,,,
220329702,Kısa kollu çizgili polo,Bershka,KADıN > Top ve body,Pembe,790.0,790.0,0.0,TRY,0.0,,,
210656877,Uzun kollu büzgülü tişört,Bershka,KADıN > Top ve body,Kahverengi,1090.0,1090.0,0.0,TRY,0.0,,,
210656878,Uzun kollu büzgülü tişört,Bershka,KADıN > Top ve body,Siyah,1090.0,1090.0,0.0,TRY,0.0,,,
217315744,Uzun kollu büzgülü tişört,Bershka,KADıN > Top ve body,Siyah,1090.0,1090.0,0.0,TRY,0.0,,,
206583299,Ribbed basic kısa kollu tişört,Bershka,KADıN > Top ve body,Siyah,450.0,450.0,0.0,TRY,0.0,,,
206583300,Ribbed basic kısa kollu tişört,Bershka,KADıN > Top ve body,Gri,450.0,450.0,0.0,TRY,0.0,,,
211514430,Kısa kollu oversize baskılı tişört,Bershka,KADıN > Top ve body,Kahverengi,990.0,990.0,0.0,TRY,0.0,,,
211529179,Kısa kollu yama detaylı tişört,Bershka,KADıN > Top ve body,Kirli beyaz,990.0,990.0,0.0,TRY,0.0,,,
215036886,Oversize kısa kollu baskılı tişört,Bershka,KADıN > Top ve body,Kirli beyaz,990.0,990.0,0.0,TRY,0.0,,,
206583302,Ribbed basic kısa kollu tişört,Bershka,KADıN > Top ve body,Kirli beyaz,450.0,450.0,0.0,TRY,0.0,,,
206583301,Ribbed basic kısa kollu tişört,Bershka,KADıN > Top ve body,Haki,450.0,450.0,0.0,TRY,0.0,,,
216376239,Ribbed basic kısa kollu tişört,Bershka,KADıN > Top ve body,Haki,450.0,450.0,0.0,TRY,0.0,,,
208843413,Kısa kollu baskılı tişört,Bershka,KADıN > Top ve body,Kirli beyaz,790.0,790.0,0.0,TRY,0.0,,,
208851268,Kısa kollu baskılı tişört,Bershka,KADıN > Top ve body,Denizci mavisi,590.0,590.0,0.0,TRY,0.0,,,
207356813,Kısa kollu basic tişört,Bershka,KADıN > Top ve body,Kahverengi,490.0,490.0,0.0,TRY,0.0,,,
207583799,Kısa kollu basic tişört,Bershka,KADıN > Top ve body,Pembe,490.0,490.0,0.0,TRY,0.0,,,
204066917,Kısa kollu bisiklet yaka kazak,Bershka,KADıN > Top ve body,Krem,1190.0,1190.0,0.0,TRY,0.0,,,
204066918,Kısa kollu bisiklet yaka kazak,Bershka,KADıN > Top ve body,Gri,1190.0,1190.0,0.0,TRY,0.0,,,
209221135,Uzun kollu desenli oversize t-shirt,Bershka,KADıN > Top ve body,Koyu gri,1090.0,1090.0,0.0,TRY,0.0,,,
209484485,Uzun kollu zımbalı tişört,Bershka,KADıN > Top ve body,Gri,990.0,990.0,0.0,TRY,0.0,,,
209484486,Uzun kollu zımbalı tişört,Bershka,KADıN > Top ve body,Kahverengi,990.0,990.0,0.0,TRY,0.0,,,
211526408,Kısa kollu baskılı tişört,Bershka,KADıN > Top ve body,Kirli beyaz,790.0,790.0,0.0,TRY,0.0,,,
211505113,Kısa kollu baskılı tişört,Bershka,KADıN > Top ve body,Kirli beyaz,990.0,990.0,0.0,TRY,0.0,,,
206098465,Beabadoobee baskılı kısa kollu tişört,Bershka,KADıN > Top ve body,Beyaz,990.0,990.0,0.0,TRY,0.0,,,
208851272,Ratatouille kısa kollu baskılı tişört,Bershka,KADıN > Top ve body,Kirli beyaz,990.0,990.0,0.0,TRY,0.0,,,
215090130,Kısa kollu baskılı tişört,Bershka,KADıN > Top ve body,Kirli beyaz,790.0,790.0,0.0,TRY,0.0,,,
209221130,Kısa kollu polo yaka baskılı tişört,Bershka,KADıN > Top ve body,Kırmızı,990.0,990.0,0.0,TRY,0.0,,,
216376236,Kısa kollu polo yaka baskılı tişört,Bershka,KADıN > Top ve body,Kırmızı,990.0,990.0,0.0,TRY,0.0,,,
209221137,Asimetrik baskılı kısa kollu tişört,Bershka,KADıN > Top ve body,Gri,790.0,790.0,0.0,TRY,0.0,,,
209221138,Asimetrik baskılı kısa kollu tişört,Bershka,KADıN > Top ve body,Fuşya,790.0,790.0,0.0,TRY,0.0,,,
209442103,Uzun kollu tişört,Bershka,KADıN > Top ve body,Bordo,550.0,550.0,0.0,TRY,0.0,,,
209441945,Uzun kollu tişört,Bershka,KADıN > Top ve body,Denizci mavisi,550.0,550.0,0.0,TRY,0.0,,,
217315161,Kısa kollu baskılı tişört,Bershka,KADıN > Top ve body,Kirli beyaz,790.0,790.0,0.0,TRY,0.0,,,
209221129,Kısa kollu baskılı tişört,Bershka,KADıN > Top ve body,Kirli beyaz,790.0,790.0,0.0,TRY,0.0,,,
204937269,Oversize kısa kollu baskılı tişört,Bershka,KADıN > Top ve body,Koyu gri,990.0,990.0,0.0,TRY,0.0,,,
208851269,Kısa kollu baskılı tişört,Bershka,KADıN > Top ve body,Sarı,590.0,590.0,0.0,TRY,0.0,,,
208851270,Kısa kollu baskılı tişört,Bershka,KADıN > Top ve body,Kirli beyaz,590.0,590.0,0.0,TRY,0.0,,,
214229697,Kısa kollu oversize baskılı tişört,Bershka,KADıN > Top ve body,Denizci mavisi,990.0,990.0,0.0,TRY,0.0,,,
210686115,Michael Scott The Office kısa kollu baskılı tişört,Bershka,KADıN > Top ve body,Kirli beyaz,990.0,990.0,0.0,TRY,0.0,,,
208882956,Kısa kollu baskılı tişört,Bershka,KADıN > Top ve body,Denizci mavisi,790.0,790.0,0.0,TRY,0.0,,,
210667640,Kısa kollu kontrast dantel tişört,Bershka,KADıN > Top ve body,Kirli beyaz,990.0,990.0,0.0,TRY,0.0,,,
210667641,Polo yaka taş baskılı t-shirt,Bershka,KADıN > Top ve body,Siyah,1490.0,1490.0,0.0,TRY,0.0,,,
209121345,Uzun kollu çizgili tişört,Bershka,KADıN > Top ve body,Haki,1090.0,1090.0,0.0,TRY,0.0,,,
209485336,Kısa kollu bisiklet yaka tişört,Bershka,KADıN > Top ve body,Gri,350.0,350.0,0.0,TRY,0.0,,,
213616139,Kısa kollu bisiklet yaka tişört,Bershka,KADıN > Tişört,Siyah,350.0,350.0,0.0,TRY,0.0,,,
209441752,Kısa kollu bisiklet yaka tişört,Bershka,KADıN > Tişört,Kirli beyaz,350.0,350.0,0.0,TRY,0.0,,,
209100361,Çan kollu vücuda oturan gömlek,Bershka,KADıN > Gömlek - bluz,Mavi,1190.0,1190.0,0.0,TRY,0.0,,,
209484865,Çan kollu vücuda oturan gömlek,Bershka,KADıN > Gömlek - bluz,Beyaz,1190.0,1190.0,0.0,TRY,0.0,,,
209100365,Çan kollu vücuda oturan gömlek,Bershka,KADıN > Gömlek - bluz,Beyaz,1190.0,1190.0,0.0,TRY,0.0,,,
206640515,Kruvaze desenli bluz,Bershka,KADıN > Gömlek - bluz,Kum rengi,1190.0,830.0,30.25,TRY,0.0,,,
206640516,Kruvaze desenli bluz,Bershka,KADıN > Gömlek - bluz,Krem,1190.0,830.0,30.25,TRY,0.0,,,
217315232,İspanyol kollu dar kesim gömlek,Bershka,KADıN > Gömlek - bluz,Kum rengi,1490.0,1490.0,0.0,TRY,0.0,,,
209128259,İspanyol kollu dar kesim gömlek,Bershka,KADıN > Gömlek - bluz,Kum rengi,1490.0,1490.0,0.0,TRY,0.0,,,
210198699,Uzun kollu kruvaze bluz,Bershka,KADıN > Gömlek - bluz,Kahverengi,1190.0,1190.0,0.0,TRY,0.0,,,
218801157,Uzun kollu kruvaze bluz,Bershka,KADıN > Gömlek - bluz,Açık mavi,1190.0,830.0,30.25,TRY,0.0,,,
210535423,Uzun kollu kruvaze bluz,Bershka,KADıN > Gömlek - bluz,Açık mavi,1190.0,830.0,30.25,TRY,0.0,,,
209442027,Çan kollu vücuda oturan gömlek,Bershka,KADıN > Gömlek - bluz,Kızıl kahverengi,1190.0,1190.0,0.0,TRY,0.0,,,
209128260,İspanyol kollu dar kesim gömlek,Bershka,KADıN > Gömlek - bluz,Gri,1490.0,1490.0,0.0,TRY,0.0,,,
216376310,İspanyol kollu dar kesim gömlek,Bershka,KADıN > Gömlek - bluz,Mavi,1490.0,1490.0,0.0,TRY,0.0,,,
220329716,Uzun kollu kruvaze gömlek,Bershka,KADıN > Gömlek - bluz,Koyu mavi,1490.0,1490.0,0.0,TRY,0.0,,,
204536033,Büzgülü poplin gömlek,Bershka,KADıN > Gömlek - bluz,Kahverengi,1190.0,830.0,30.25,TRY,0.0,,,
204272667,Büzgülü poplin gömlek,Bershka,KADıN > Gömlek - bluz,Sarı,1190.0,830.0,30.25,TRY,0.0,,,
217315159,Uzun kollu fermuarlı gömlek,Bershka,KADıN > Gömlek - bluz,Gri,1490.0,1490.0,0.0,TRY,0.0,,,
206370806,Uzun kollu fermuarlı gömlek,Bershka,KADıN > Gömlek - bluz,Gri,1490.0,1490.0,0.0,TRY,0.0,,,
207318015,Uzun kollu kruvaze düğmeli gömlek,Bershka,KADıN > Gömlek - bluz,Yeşil,1490.0,1490.0,0.0,TRY,0.0,,,
209100363,İspanyol kollu dar kesim gömlek,Bershka,KADıN > Gömlek - bluz,Denizci mavisi,1190.0,1190.0,0.0,TRY,0.0,,,
209441384,Çan kollu vücuda oturan gömlek,Bershka,KADıN > Gömlek - bluz,Siyah,1190.0,1190.0,0.0,TRY,0.0,,,
209100364,Çan kollu vücuda oturan gömlek,Bershka,KADıN > Gömlek - bluz,Siyah,1190.0,1190.0,0.0,TRY,0.0,,,
206859245,Kısa kollu fermuarlı baskılı gömlek,Bershka,KADıN > Gömlek - bluz,Mavi,1190.0,1190.0,0.0,TRY,0.0,,,
209121353,Fermuarlı kısa kollu gömlek,Bershka,KADıN > Gömlek - bluz,Kızıl kahverengi,1190.0,1190.0,0.0,TRY,0.0,,,
212707669,Kısa kollu fermuarlı baskılı gömlek,Bershka,KADıN > Gömlek - bluz,Kırmızı,1190.0,1190.0,0.0,TRY,0.0,,,
209100360,İspanyol kollu dar kesim gömlek,Bershka,KADıN > Gömlek - bluz,Pembe,1190.0,1190.0,0.0,TRY,0.0,,,
209128257,İspanyol kollu dar kesim gömlek,Bershka,KADıN > Gömlek - bluz,Mavi,1490.0,1490.0,0.0,TRY,0.0,,,
206805017,Kısa kollu büzgülü gömlek,Bershka,KADıN > Gömlek - bluz,Kızıl kahverengi,1190.0,1190.0,0.0,TRY,0.0,,,
206805018,Kısa kollu büzgülü gömlek,Bershka,KADıN > Gömlek - bluz,Beyaz,1190.0,1190.0,0.0,TRY,0.0,,,
206859246,Kısa kollu fermuarlı baskılı gömlek,Bershka,KADıN > Gömlek - bluz,Krem,1190.0,1190.0,0.0,TRY,0.0,,,
218802005,Kısa kollu fermuarlı baskılı gömlek,Bershka,KADıN > Gömlek - bluz,Krem,1190.0,1190.0,0.0,TRY,0.0,,,
209100362,İspanyol kollu dar kesim gömlek,Bershka,KADıN > Gömlek - bluz,Deve tüyü rengi,1190.0,1190.0,0.0,TRY,0.0,,,
220329725,Kısa kollu bağcıklı gömlek,Bershka,KADıN > Gömlek - bluz,Beyaz,1190.0,1190.0,0.0,TRY,0.0,,,
213615994,Çan kollu vücuda oturan gömlek,Bershka,KADıN > Gömlek - bluz,Mavi,1190.0,1190.0,0.0,TRY,0.0,,,
209442000,Çan kollu vücuda oturan gömlek,Bershka,KADıN > Gömlek - bluz,Mavi,1190.0,1190.0,0.0,TRY,0.0,,,
207955063,Oversize dökümlü gömlek,Bershka,KADıN > Gömlek - bluz,Beyaz,1190.0,1190.0,0.0,TRY,0.0,,,
207955062,Oversize dökümlü gömlek,Bershka,KADıN > Gömlek - bluz,Fuşya,1190.0,1190.0,0.0,TRY,0.0,,,
207955061,Oversize dökümlü gömlek,Bershka,KADıN > Gömlek - bluz,Sarı,1190.0,1190.0,0.0,TRY,0.0,,,
220330220,Bağlamalı oversize poplin gömlek,Bershka,KADıN > Gömlek - bluz,Mavi,1590.0,1590.0,0.0,TRY,0.0,,,
208543475,Bağlamalı oversize poplin gömlek,Bershka,KADıN > Gömlek - bluz,Mavi,1590.0,1590.0,0.0,TRY,0.0,,,
218801531,Dikişli dar kesim gömlek,Bershka,KADıN > Gömlek - bluz,Sarı,1590.0,1590.0,0.0,TRY,0.0,,,
209121355,Fermuarlı kısa kollu gömlek,Bershka,KADıN > Gömlek - bluz,Koyu gri,1190.0,1190.0,0.0,TRY,0.0,,,
220329724,Kısa kollu bağcıklı gömlek,Bershka,KADıN > Gömlek - bluz,Koyu mavi,1190.0,1190.0,0.0,TRY,,,,
209126879,Kapüşonlu oversize fermuarlı sweatshirt,Bershka,KADıN > Sweatshirt,Gri,1490.0,1490.0,0.0,TRY,0.0,,,
209126934,Simli kapüşonlu sweatshirt,Bershka,KADıN > Sweatshirt,Siyah,2290.0,2290.0,0.0,TRY,0.0,,,
209105929,Kapüşonlu modal fermuarlı sweatshirt,Bershka,KADıN > Sweatshirt,Bordo,1190.0,1190.0,0.0,TRY,0.0,,,
209105925,Kapüşonlu modal fermuarlı sweatshirt,Bershka,KADıN > Sweatshirt,Krem,1190.0,830.0,30.25,TRY,0.0,,,
209126878,Kapüşonlu oversize fermuarlı sweatshirt,Bershka,KADıN > Sweatshirt,Siyah,1490.0,1490.0,0.0,TRY,0.0,,,
209126877,Kapüşonlu oversize fermuarlı sweatshirt,Bershka,KADıN > Sweatshirt,Denizci mavisi,1490.0,1490.0,0.0,TRY,0.0,,,
208236678,Bibble kapüşonlu baskılı sweatshirt,Bershka,KADıN > Sweatshirt,Pembe,1790.0,1790.0,0.0,TRY,0.0,,,
210062819,Kapüşonlu modal fermuarlı sweatshirt,Bershka,KADıN > Sweatshirt,Kırmızı,1190.0,830.0,30.25,TRY,0.0,,,
209105930,Kapüşonlu modal fermuarlı sweatshirt,Bershka,KADıN > Sweatshirt,Gri,1190.0,1190.0,0.0,TRY,0.0,,,
209105926,Kapüşonlu modal fermuarlı sweatshirt,Bershka,KADıN > Sweatshirt,Siyah,1190.0,1190.0,0.0,TRY,0.0,,,
217315670,Kapüşonlu modal fermuarlı sweatshirt,Bershka,KADıN > Sweatshirt,Siyah,1190.0,1190.0,0.0,TRY,0.0,,,
209221139,Fermuarlı nakışlı kapüşonlu sweatshirt,Bershka,KADıN > Sweatshirt,Denizci mavisi,2290.0,2290.0,0.0,TRY,0.0,,,
210795605,Kapüşonlu fermuarlı yüksek bel sweatshirt,Bershka,KADıN > Sweatshirt,Gri,2290.0,2290.0,0.0,TRY,0.0,,,
210696741,Kemerli bel sweatshirt,Bershka,KADıN > Sweatshirt,Krem,1490.0,1490.0,0.0,TRY,0.0,,,
209105927,Kapüşonlu modal fermuarlı sweatshirt,Bershka,KADıN > Sweatshirt,Gri,1190.0,1190.0,0.0,TRY,0.0,,,
209484995,Kapüşonlu modal fermuarlı sweatshirt,Bershka,KADıN > Sweatshirt,Gri,1190.0,1190.0,0.0,TRY,0.0,,,
208851250,Asimetrik baskılı sweatshirt,Bershka,KADıN > Sweatshirt,Krem,1590.0,1590.0,0.0,TRY,0.0,,,
208851251,Asimetrik baskılı sweatshirt,Bershka,KADıN > Sweatshirt,Gri,1590.0,1590.0,0.0,TRY,0.0,,,
209121371,Baskılı kapüşonlu sweatshirt,Bershka,KADıN > Sweatshirt,Bordo,1690.0,1180.0,30.18,TRY,0.0,,,
209121370,Baskılı kapüşonlu sweatshirt,Bershka,KADıN > Sweatshirt,Pembe,1690.0,1690.0,0.0,TRY,0.0,,,
209121372,Baskılı kapüşonlu sweatshirt,Bershka,KADıN > Sweatshirt,Kirli beyaz,1690.0,1180.0,30.18,TRY,0.0,,,
211348364,Oversize kapüşonlu fermuarlı sweatshirt,Bershka,KADıN > Sweatshirt,Fuşya,2290.0,2290.0,0.0,TRY,0.0,,,
211348363,Oversize kapüşonlu fermuarlı sweatshirt,Bershka,KADıN > Sweatshirt,Koyu gri,2290.0,2290.0,0.0,TRY,0.0,,,
208236675,Baskılı kapüşonlu sweatshirt,Bershka,KADıN > Sweatshirt,Koyu gri,1790.0,1790.0,0.0,TRY,0.0,,,
207684778,Baskılı kapüşonlu sweatshirt,Bershka,KADıN > Sweatshirt,Pembe,1790.0,1790.0,0.0,TRY,0.0,,,
207684777,Baskılı kapüşonlu sweatshirt,Bershka,KADıN > Sweatshirt,Kırmızı,1790.0,1790.0,0.0,TRY,0.0,,,
207684767,Çizgili bisiklet yaka kazak,Bershka,KADıN > Sweatshirt,Pembe,1090.0,1090.0,0.0,TRY,0.0,,,
217315231,Çizgili bisiklet yaka kazak,Bershka,KADıN > Sweatshirt,Pembe,1090.0,1090.0,0.0,TRY,0.0,,,
214722973,Baskılı kapüşonlu sweatshirt,Bershka,KADıN > Sweatshirt,Denizci mavisi,1690.0,1690.0,0.0,TRY,0.0,,,
209216723,Fermuarlı kapüşonlu zımbalı sweatshirt,Bershka,KADıN > Sweatshirt,Koyu gri,2290.0,1600.0,30.13,TRY,0.0,,,
209216724,Fermuarlı kapüşonlu zımbalı sweatshirt,Bershka,KADıN > Sweatshirt,Kahverengi,2290.0,1600.0,30.13,TRY,0.0,,,
209441416,Kapüşonlu oversize fermuarlı sweatshirt,Bershka,KADıN > Sweatshirt,Kahverengi,1490.0,1490.0,0.0,TRY,0.0,,,
207684765,Çizgili bisiklet yaka kazak,Bershka,KADıN > Sweatshirt,Denizci mavisi,1090.0,1090.0,0.0,TRY,0.0,,,
207684766,Çizgili bisiklet yaka kazak,Bershka,KADıN > Sweatshirt,Sarı,1090.0,1090.0,0.0,TRY,0.0,,,
217315229,Çizgili bisiklet yaka kazak,Bershka,KADıN > Sweatshirt,Sarı,1090.0,1090.0,0.0,TRY,0.0,,,
212207482,Oversize baskılı sweatshirt,Bershka,KADıN > Sweatshirt,Gri,1590.0,1590.0,0.0,TRY,0.0,,,
213222620,Kuşaklı uzun kollu polo,Bershka,KADıN > Sweatshirt,Gri,2290.0,2290.0,0.0,TRY,0.0,,,
218801158,Baskılı kapüşonlu sweatshirt,Bershka,KADıN > Sweatshirt,Gri,2290.0,2290.0,0.0,TRY,0.0,,,
209128264,Cars kapüşonlu sweatshirt,Bershka,KADıN > Sweatshirt,Denizci mavisi,1790.0,1790.0,0.0,TRY,0.0,,,
205532535,Cars baskılı kapüşonlu sweatshirt,Bershka,KADıN > Sweatshirt,Kirli beyaz,1790.0,1790.0,0.0,TRY,0.0,,,
208236676,Baskılı kapüşonlu sweatshirt,Bershka,KADıN > Sweatshirt,Sarı,1790.0,1790.0,0.0,TRY,0.0,,,
216376306,Baskılı kapüşonlu sweatshirt,Bershka,KADıN > Sweatshirt,Sarı,1790.0,1790.0,0.0,TRY,0.0,,,
209128254,Zımbalı Kapüşonlu Sweatshirt,Bershka,KADıN > Sweatshirt,Koyu gri,1790.0,1790.0,0.0,TRY,0.0,,,
209126889,Baskılı kapüşonlu jarse,Bershka,KADıN > Sweatshirt,Pembe,1690.0,1690.0,0.0,TRY,0.0,,,
212509279,Baskılı kapüşonlu sweatshirt,Bershka,KADıN > Sweatshirt,Turkuaz,1790.0,1790.0,0.0,TRY,0.0,,,
212509280,Baskılı kapüşonlu sweatshirt,Bershka,KADıN > Sweatshirt,Kahverengi,1790.0,1790.0,0.0,TRY,0.0,,,
220329734,Uzun kollu Carmen yaka kazak,Bershka,KADıN > Sweatshirt,Gri,1690.0,1690.0,0.0,TRY,0.0,,,
210667639,Uzun kollu Carmen yaka kazak,Bershka,KADıN > Sweatshirt,Gri,1690.0,1690.0,0.0,TRY,0.0,,,
211505105,Baskılı kapüşonlu sweatshirt,Bershka,KADıN > Sweatshirt,Soluk mavi,2290.0,2290.0,0.0,TRY,0.0,,,
215366290,Kapüşonlu dökümlü ceket,Bershka,KADıN > Sweatshirt,Gri,2290.0,2290.0,0.0,TRY,0.0,,,
209121369,Baskılı kapüşonlu sweatshirt,Bershka,KADıN > Sweatshirt,Denizci mavisi,1690.0,1180.0,30.18,TRY,0.0,,,
209121373,Baskılı kapüşonlu sweatshirt,Bershka,KADıN > Sweatshirt,Koyu gri,1690.0,1180.0,30.18,TRY,0.0,,,
209941465,Kapüşonlu modal fermuarlı sweatshirt,Bershka,KADıN > Sweatshirt,Gri,1190.0,1190.0,0.0,TRY,0.0,,,
215064472,Baskılı crop kapüşonlu sweatshirt,Bershka,KADıN > Sweatshirt,Gri,2290.0,2290.0,0.0,TRY,0.0,,,
209126935,Simli kapüşonlu sweatshirt,Bershka,KADıN > Sweatshirt,Gri,2290.0,2290.0,0.0,TRY,0.0,,,
212207479,Baskılı oversize kapüşonlu fermuarlı sweatshirt,Bershka,KADıN > Sweatshirt,Gri,1790.0,1790.0,0.0,TRY,0.0,,,
209126865,Modal yumuşak oversize sweatshirt,Bershka,KADıN > Sweatshirt,Denizci mavisi,1190.0,1190.0,0.0,TRY,0.0,,,
211378913,Fermuarlı oversize sentetik kauçuk kumaş sweatshirt,Bershka,KADıN > Sweatshirt,Gri,1790.0,1790.0,0.0,TRY,0.0,,,
204066822,Fermuarlı oversize sentetik kauçuk kumaş sweatshirt,Bershka,KADıN > Sweatshirt,Gri,1790.0,1790.0,0.0,TRY,0.0,,,
212530755,Baskılı kapüşonlu sweatshirt,Bershka,KADıN > Sweatshirt,Pembe,2290.0,2290.0,0.0,TRY,0.0,,,
212509292,Cars baskılı kapüşonlu sweatshirt,Bershka,KADıN > Sweatshirt,Kirli beyaz,1790.0,1790.0,0.0,TRY,0.0,,,
209126867,Modal yumuşak oversize sweatshirt,Bershka,KADıN > Sweatshirt,Gri,1190.0,1190.0,0.0,TRY,0.0,,,
209126866,Modal yumuşak oversize sweatshirt,Bershka,KADıN > Sweatshirt,Siyah,1190.0,1190.0,0.0,TRY,0.0,,,
211529174,Moomin kapüşonlu baskılı sweatshirt,Bershka,KADıN > Sweatshirt,Denizci mavisi,2290.0,2290.0,0.0,TRY,0.0,,,
212509318,Jennie Ruby baskılı kapüşonlu sweatshirt,Bershka,KADıN > Sweatshirt,Siyah,2490.0,2490.0,0.0,TRY,0.0,,,
209441870,Hızlı kuruyan ve nefes alabilen fermuarlı sweatshirt,Bershka,KADıN > Sweatshirt,Kahverengi,1590.0,1590.0,0.0,TRY,0.0,,,
209126942,Hızlı kuruyan ve nefes alabilen fermuarlı sweatshirt,Bershka,KADıN > Sweatshirt,Kahverengi,1590.0,1590.0,0.0,TRY,0.0,,,
209441446,Kapüşonlu oversize fermuarlı sweatshirt,Bershka,KADıN > Sweatshirt,Denizci mavisi,1490.0,1490.0,0.0,TRY,0.0,,,
209128226,V yaka yumuşak dokulu kazak,Bershka,KADıN > Kazak - Hırka,Gri,1590.0,1110.0,30.19,TRY,0.0,,,
205577772,Örgü fermuarlı hırka,Bershka,KADıN > Kazak - Hırka,Denizci mavisi,1790.0,1250.0,30.17,TRY,0.0,,,
205577773,Örgü fermuarlı hırka,Bershka,KADıN > Kazak - Hırka,Krem,1790.0,1250.0,30.17,TRY,0.0,,,
209441493,V yaka yumuşak dokulu kazak,Bershka,KADıN > Kazak - Hırka,Koyu gri,1590.0,1110.0,30.19,TRY,0.0,,,
209128224,V yaka yumuşak dokulu kazak,Bershka,KADıN > Kazak - Hırka,Koyu gri,1590.0,1110.0,30.19,TRY,0.0,,,
205333655,Örgü detaylı düğmeli hırka,Bershka,KADıN > Kazak - Hırka,Sarı,1490.0,1490.0,0.0,TRY,0.0,,,
205333656,Örgü detaylı düğmeli hırka,Bershka,KADıN > Kazak - Hırka,Krem,1490.0,1490.0,0.0,TRY,0.0,,,
204066959,Polo yaka rib hırka,Bershka,KADıN > Kazak - Hırka,Koyu gri,1490.0,1490.0,0.0,TRY,0.0,,,
209138667,Yumuşak dokulu düğmeli hırka,Bershka,KADıN > Kazak - Hırka,Mavi,1490.0,1040.0,30.2,TRY,0.0,,,
209138668,Yumuşak dokulu düğmeli hırka,Bershka,KADıN > Kazak - Hırka,Kahverengi,1490.0,1490.0,0.0,TRY,0.0,,,
211378905,Yumuşak dokulu düğmeli hırka,Bershka,KADıN > Kazak - Hırka,Kahverengi,1490.0,1490.0,0.0,TRY,0.0,,,
209132544,Ribbed asimetrik kesimli kazak,Bershka,KADıN > Kazak - Hırka,Siyah,1490.0,1490.0,0.0,TRY,0.0,,,
217315158,Örgü detaylı düğmeli hırka,Bershka,KADıN > Kazak - Hırka,Gri,1490.0,1490.0,0.0,TRY,0.0,,,
205333657,Örgü detaylı düğmeli hırka,Bershka,KADıN > Kazak - Hırka,Gri,1490.0,1490.0,0.0,TRY,0.0,,,
207865120,Bisiklet yaka düğmeli hırka,Bershka,KADıN > Kazak - Hırka,Krem,1490.0,1490.0,0.0,TRY,0.0,,,
209485023,Ribbed asimetrik kesimli kazak,Bershka,KADıN > Kazak - Hırka,Krem,1490.0,1490.0,0.0,TRY,0.0,,,
209132545,Ribbed asimetrik kesimli kazak,Bershka,KADıN > Kazak - Hırka,Krem,1490.0,1490.0,0.0,TRY,0.0,,,
205248247,Bisiklet yaka çizgili kazak,Bershka,KADıN > Kazak - Hırka,Krem,1590.0,1590.0,0.0,TRY,0.0,,,
209128340,Rib detaylı oversize kazak,Bershka,KADıN > Kazak - Hırka,Siyah,1590.0,1590.0,0.0,TRY,0.0,,,
209128339,Rib detaylı oversize kazak,Bershka,KADıN > Kazak - Hırka,Kahverengi,1590.0,1590.0,0.0,TRY,0.0,,,
211378914,Rib detaylı oversize kazak,Bershka,KADıN > Kazak - Hırka,Kahverengi,1590.0,1590.0,0.0,TRY,0.0,,,
204066908,Beli oturan kazak,Bershka,KADıN > Kazak - Hırka,Yeşil,1590.0,1590.0,0.0,TRY,0.0,,,
204066909,Beli oturan kazak,Bershka,KADıN > Kazak - Hırka,Kahverengi,1590.0,1590.0,0.0,TRY,0.0,,,
204066788,Dantelli örgü tişört,Bershka,KADıN > Kazak - Hırka,Krem,1190.0,1190.0,0.0,TRY,0.0,,,
204066787,Dantelli örgü tişört,Bershka,KADıN > Kazak - Hırka,Denizci mavisi,1190.0,1190.0,0.0,TRY,0.0,,,
209128335,Rib detaylı oversize kazak,Bershka,KADıN > Kazak - Hırka,Mavi,1590.0,1590.0,0.0,TRY,0.0,,,
209138669,Yumuşak dokulu düğmeli hırka,Bershka,KADıN > Kazak - Hırka,Gri,1490.0,1490.0,0.0,TRY,0.0,,,
216376235,Yumuşak dokulu düğmeli hırka,Bershka,KADıN > Kazak - Hırka,Gri,1490.0,1490.0,0.0,TRY,0.0,,,
205631000,Geniş yaka kazak,Bershka,KADıN > Kazak - Hırka,Fuşya,1590.0,1590.0,0.0,TRY,0.0,,,
205248254,Geniş yaka kazak,Bershka,KADıN > Kazak - Hırka,Krem,1590.0,1590.0,0.0,TRY,0.0,,,
205248253,Geniş yaka kazak,Bershka,KADıN > Kazak - Hırka,Mavi,1590.0,1590.0,0.0,TRY,0.0,,,
205801377,Basic hırka,Bershka,KADıN > Kazak - Hırka,Açık mavi,1490.0,1040.0,30.2,TRY,0.0,,,
205801378,Basic hırka,Bershka,KADıN > Kazak - Hırka,Gri,1490.0,1040.0,30.2,TRY,0.0,,,
215063997,Çizgili baskılı süveter,Bershka,KADıN > Kazak - Hırka,Pembe,1790.0,1790.0,0.0,TRY,0.0,,,
205832042,Fermuarlı kapüşonlu baskılı sweatshirt,Bershka,KADıN > Kazak - Hırka,Krem,1790.0,1790.0,0.0,TRY,0.0,,,
218801665,Asimetrik kazak,Bershka,KADıN > Kazak - Hırka,Krem,1590.0,1110.0,30.19,TRY,0.0,,,
209128337,Rib detaylı oversize kazak,Bershka,KADıN > Kazak - Hırka,Kum rengi,1590.0,1110.0,30.19,TRY,0.0,,,
209441782,Rib detaylı oversize kazak,Bershka,KADıN > Kazak - Hırka,Kum rengi,1590.0,1110.0,30.19,TRY,0.0,,,
209441918,Rib detaylı oversize kazak,Bershka,KADıN > Kazak - Hırka,Yeşil,1590.0,1590.0,0.0,TRY,0.0,,,
209128336,Rib detaylı oversize kazak,Bershka,KADıN > Kazak - Hırka,Yeşil,1590.0,1590.0,0.0,TRY,0.0,,,
209128334,Rib detaylı oversize kazak,Bershka,KADıN > Kazak - Hırka,Sarı,1590.0,1590.0,0.0,TRY,0.0,,,
209128341,Rib detaylı oversize kazak,Bershka,KADıN > Kazak - Hırka,Açık mavi,1590.0,1590.0,0.0,TRY,0.0,,,
204937275,Dik yaka kazak,Bershka,KADıN > Kazak - Hırka,Gri,1190.0,1190.0,0.0,TRY,0.0,,,
205333654,Dik yaka kazak,Bershka,KADıN > Kazak - Hırka,Koyu gri,1190.0,1190.0,0.0,TRY,0.0,,,
204066942,Örgü Kazak,Bershka,KADıN > Kazak - Hırka,Pembe,1590.0,1590.0,0.0,TRY,0.0,,,
204066941,Örgü Kazak,Bershka,KADıN > Kazak - Hırka,Gri,1590.0,1590.0,0.0,TRY,0.0,,,
217315664,Örgü Kazak,Bershka,KADıN > Kazak - Hırka,Sarı,1590.0,1590.0,0.0,TRY,0.0,,,
204066940,Örgü Kazak,Bershka,KADıN > Kazak - Hırka,Sarı,1590.0,1590.0,0.0,TRY,0.0,,,
209128227,V yaka yumuşak dokulu kazak,Bershka,KADıN > Kazak - Hırka,Pembe,1590.0,1590.0,0.0,TRY,0.0,,,
213616022,Baskılı şönil bisiklet yaka kazak,Bershka,KADıN > Kazak - Hırka,Siyah,1790.0,1790.0,0.0,TRY,0.0,,,
213616510,Havlu efektli baskılı jarse,Bershka,KADıN > Kazak - Hırka,Kirli beyaz,1790.0,1790.0,0.0,TRY,0.0,,,
209484581,Rib detaylı oversize kazak,Bershka,KADıN > Kazak - Hırka,Siyah,1590.0,1590.0,0.0,TRY,0.0,,,
204067025,Örgü geniş yaka kazak,Bershka,KADıN > Kazak - Hırka,Krem,1590.0,1590.0,0.0,TRY,0.0,,,
220330178,Kısa kollu bisiklet yaka kazak,Bershka,KADıN > Kazak - Hırka,Gri,1190.0,1190.0,0.0,TRY,0.0,,,
209485171,V yaka yumuşak dokulu kazak,Bershka,KADıN > Kazak - Hırka,Kum rengi,1590.0,1110.0,30.19,TRY,0.0,,,
209128225,V yaka yumuşak dokulu kazak,Bershka,KADıN > Kazak - Hırka,Kum rengi,1590.0,1110.0,30.19,TRY,0.0,,,
204066953,Baskılı kapüşonlu sweatshirt,Bershka,KADıN > Kazak - Hırka,Mavi,1590.0,1590.0,0.0,TRY,0.0,,,
204066954,Baskılı kapüşonlu sweatshirt,Bershka,KADıN > Kazak - Hırka,Gri,1590.0,1590.0,0.0,TRY,0.0,,,
209132542,Ribbed asimetrik kesimli kazak,Bershka,KADıN > Kazak - Hırka,Yeşil,1490.0,1490.0,0.0,TRY,0.0,,,
211378902,Ribbed asimetrik kesimli kazak,Bershka,KADıN > Kazak - Hırka,Kahverengi,1490.0,1490.0,0.0,TRY,0.0,,,
209132543,Ribbed asimetrik kesimli kazak,Bershka,KADıN > Kazak - Hırka,Kahverengi,1490.0,1490.0,0.0,TRY,0.0,,,
220330246,Tailored fit yelek ve şort takım,Bershka,KADıN > Total look,Haki,1590.0,1590.0,0.0,TRY,0.0,,,
213616032,Çift kumaş hacimli blazer ve pantolon takımı,Bershka,KADıN > Total look,Siyah,2490.0,2490.0,0.0,TRY,0.0,,,
197308713,Oversize fermuarlı sweatshirt ve barrel fit pantolon takımı,Bershka,KADıN > Total look,Gri,1490.0,1490.0,0.0,TRY,0.0,,,
213615972,Asimetrik top ve çift kumaş hacimli pantolon takımı,Bershka,KADıN > Total look,Kahverengi,1090.0,1090.0,0.0,TRY,0.0,,,
220330234,Denim bandeau top ve pensli jean takımı,Bershka,KADıN > Total look,Kirli beyaz,1590.0,1590.0,0.0,TRY,0.0,,,
215064436,Balon kareli gömlek ve şort etek takımı,Bershka,KADıN > Total look,Kum rengi,1490.0,1490.0,0.0,TRY,0.0,,,
184103499,Fermuarlı sweatshirt ve geniş paça pantolon takımı,Bershka,KADıN > Total look,Siyah,1190.0,1190.0,0.0,TRY,0.0,,,
197308208,Oversize fermuarlı sweatshirt ve barrel fit pantolon takımı,Bershka,KADıN > Total look,Siyah,1490.0,1490.0,0.0,TRY,0.0,,,
218801914,Denim ceket ve etek seti,Bershka,KADıN > Total look,Denizci mavisi,1190.0,1190.0,0.0,TRY,0.0,,,
220329680,Kot ceket ve pantolon takımı,Bershka,KADıN > Total look,Denizci mavisi,1590.0,1590.0,0.0,TRY,0.0,,,
218801653,Balon kesim crop denim ceket,Bershka,KADıN > Total look,Denizci mavisi,1590.0,1590.0,0.0,TRY,0.0,,,
213616455,Asimetrik crop top ve pantolon takımı,Bershka,KADıN > Total look,Gri,1090.0,1090.0,0.0,TRY,0.0,,,
217315704,Ceket ve jean pantolon seti,Bershka,KADıN > Total look,Açık mavi,2290.0,2290.0,0.0,TRY,0.0,,,
217315053,Kruvaze gömlek ve ekoseli balon şort etek takımı,Bershka,KADıN > Total look,Koyu mavi,1490.0,1490.0,0.0,TRY,0.0,,,
216376359,Denim ceket ve pantolon takımı,Bershka,KADıN > Total look,Mavi,2490.0,2490.0,0.0,TRY,0.0,,,
213616517,Çift kumaş hacimli blazer ve pantolon takımı,Bershka,KADıN > Total look,Gri,2490.0,2490.0,0.0,TRY,0.0,,,
218801143,Yelek ve pantolon takımı,Bershka,KADıN > Total look,Haki,1190.0,1190.0,0.0,TRY,0.0,,,
219791725,Denim yelek ve pantolon takımı,Bershka,KADıN > Total look,Krem,1690.0,1690.0,0.0,TRY,0.0,,,
217315568,Rustik gömlek ve keten pantolon takımı,Bershka,KADıN > Total look,Beyaz,990.0,990.0,0.0,TRY,0.0,,,
219791718,Sweatshirt ve şort takımı,Bershka,KADıN > Total look,Muz,1790.0,1790.0,0.0,TRY,0.0,,,
219791719,"Hırka, crop top ve şort takımı",Bershka,KADıN > Total look,Muz,1590.0,1590.0,0.0,TRY,0.0,,,
219791720,Top ve şort takımı,Bershka,KADıN > Total look,Yosun,990.0,990.0,0.0,TRY,0.0,,,
218802101,Yelek ve etek takımı,Bershka,KADıN > Total look,Yulaf,1190.0,1190.0,0.0,TRY,0.0,,,
219791721,"Hırka, crop top ve pantolon takımı",Bershka,KADıN > Total look,Yulaf,1190.0,1190.0,0.0,TRY,0.0,,,
218801645,Ceket ve jean pantolon takımı,Bershka,KADıN > Total look,Krem,1790.0,1790.0,0.0,TRY,0.0,,,
216376901,Çizgili blazer ve pantolon takımı,Bershka,KADıN > Total look,Kahverengi,2790.0,2790.0,0.0,TRY,0.0,,,
216376766,Çift kumaşlı hacimli pantolon,Bershka,KADıN > Total look,Kahverengi,1790.0,1790.0,0.0,TRY,0.0,,,
184103497,Fermuarlı sweatshirt ve geniş paça pantolon takımı,Bershka,KADıN > Total look,Gri,1190.0,1190.0,0.0,TRY,0.0,,,
218188466,Blazer y yelekli pantolon ve kumaş bermuda şort takımı,Bershka,KADıN > Total look,Denizci mavisi,2790.0,2790.0,0.0,TRY,0.0,,,
207373556,Barrel fit şardonlu sweatshirt ve pantolon takımı,Bershka,KADıN > Total look,Kahverengi,1490.0,1490.0,0.0,TRY,0.0,,,
216376347,Baskılı kapüşonlu sweatshirt ve pamuklu pantolon takımı,Bershka,KADıN > Total look,Koyu gri,1790.0,1790.0,0.0,TRY,0.0,,,
213616501,Baskılı sweatshirt ve pantolon takımı,Bershka,KADıN > Total look,Kırmızı,1790.0,1790.0,0.0,TRY,0.0,,,
216376397,Denim top ve pantolon takımı,Bershka,KADıN > Total look,Mavi,1590.0,1590.0,0.0,TRY,0.0,,,
218188467,Çizgili rustik jarse ve şort takımı,Bershka,KADıN > Total look,Krem,1590.0,1590.0,0.0,TRY,0.0,,,
218802110,Sweatshirt ve pantolon takımı,Bershka,KADıN > Total look,Siyah,1590.0,1590.0,0.0,TRY,0.0,,,
219791717,Puantiye desenli denim yelek ve pantolon takımı,Bershka,KADıN > Total look,Denizci mavisi,1590.0,1590.0,0.0,TRY,0.0,,,
217315567,Keten karışımlı üst ve pantolon takımı,Bershka,KADıN > Total look,Denizci mavisi,990.0,990.0,0.0,TRY,0.0,,,
216376853,Baskılı kapüşonlu sweatshirt ve pamuklu pantolon takımı,Bershka,KADıN > Total look,Sarı,1790.0,1790.0,0.0,TRY,0.0,,,
213615999,Yumuşak dokulu hırka ve flare fit pantolon takımı,Bershka,KADıN > Total look,Denizci mavisi,1190.0,1190.0,0.0,TRY,0.0,,,
216376349,Sweatshirt ve pantolon takımı,Bershka,KADıN > Total look,Pembe,1590.0,1590.0,0.0,TRY,0.0,,,
218801264,Asimetrik t-shirt ve çizgili mini etek takımı,Bershka,KADıN > Total look,Kirli beyaz,1090.0,1090.0,0.0,TRY,0.0,,,
213616005,Fermuarlı sweatshirt ve çan paça pantolon takımı,Bershka,KADıN > Total look,Gri,1190.0,1190.0,0.0,TRY,0.0,,,
209484511,Kapüşonlu modal fermuarlı sweatshirt,Bershka,KADıN > Total look,Gri,1190.0,1190.0,0.0,TRY,0.0,,,
218801916,Puantiye desenli büstiyer ve etek takımı,Bershka,KADıN > Total look,Kirli beyaz,1490.0,1490.0,0.0,TRY,0.0,,,
218187977,Ceket yelek ve tailored fit şort takımı,Bershka,KADıN > Total look,Gri,3690.0,3690.0,0.0,TRY,0.0,,,
218802102,Asimetrik tişört ve teknik kapri pantolon takımı,Bershka,KADıN > Total look,Kırçıllı gri,790.0,790.0,0.0,TRY,0.0,,,
217315674,Ketenli top ve pantolon takımı,Bershka,KADıN > Total look,Beyaz,990.0,990.0,0.0,TRY,0.0,,,
218801444,Dantelli top ve etek takımı,Bershka,KADıN > Total look,Yeşil,1490.0,1490.0,0.0,TRY,0.0,,,
196341362,Soft touch sweatshirt ve pantolon takımı,Bershka,KADıN > Total look,Bordo,1190.0,1190.0,0.0,TRY,0.0,,,
215064290,Ceket ve jean pantolon seti,Bershka,KADıN > Total look,Açık mavi,2990.0,2990.0,0.0,TRY,0.0,,,
213615998,Yumuşak dokulu hırka ve çan paça pantolon seti,Bershka,KADıN > Total look,Krem,1190.0,1190.0,0.0,TRY,0.0,,,
220329750,Fermuarlı ceket ve şort takımı,Bershka,KADıN > Total look,Yeşil,1190.0,1190.0,0.0,TRY,0.0,,,
217315180,Yelek ve pantolon takımı,Bershka,KADıN > Total look,Kirli beyaz,1490.0,1490.0,0.0,TRY,0.0,,,
218802108,T-shirt ve pantolon takımı,Bershka,KADıN > Total look,Yosun,990.0,990.0,0.0,TRY,0.0,,,
218802109,T-shirt ve şort takımı,Bershka,KADıN > Total look,Siyah,990.0,990.0,0.0,TRY,0.0,,,
220329751,Halter yaka ve pullu pantolonlu set,Bershka,KADıN > Total look,Kahverengi,990.0,990.0,0.0,TRY,0.0,,,
220329748,Halter yaka bluz ve pullu pantolon takımı,Bershka,KADıN > Total look,Koyu gri,990.0,990.0,0.0,TRY,0.0,,,
218801761,Asimetrik tişört ve ince çizgili şort takımı,Bershka,KADıN > Total look,Kırmızı,1090.0,1090.0,0.0,TRY,0.0,,,
208227717,Pamuklu sweatshirt ve jogger fit pantolon seti,Bershka,KADıN > Total look,Pembe,1690.0,1690.0,0.0,TRY,0.0,,,
218801897,Denim ceket ve etek seti,Bershka,KADıN > Total look,Açık mavi,1790.0,1790.0,0.0,TRY,0.0,,,
220330245,Askılı top ve rustik şort takımı,Bershka,KADıN > Total look,Mavi,990.0,990.0,0.0,TRY,0.0,,,
219791726,Sweatshirt ve pantolon takımı,Bershka,KADıN > Total look,Yosun,1590.0,1590.0,0.0,TRY,0.0,,,
218801759,Denim ceket ve pantolon takımı,Bershka,KADıN > Total look,Açık mavi,2290.0,2290.0,0.0,TRY,0.0,,,
218801248,Mini yelek ve şort takımı,Bershka,KADıN > Total look,Gri,1190.0,1190.0,0.0,TRY,0.0,,,
220330252,Topuklu pantolon sandalet tokalı,Bershka,KADıN > Ayakkabı,BEJ,3290.0,3290.0,0.0,TRY,0.0,,,
208776224,Topuklu pantolon sandalet tokalı,Bershka,KADıN > Ayakkabı,BEJ,3290.0,3290.0,0.0,TRY,0.0,,,
220329767,Arkası açık topuklu ayakkabı,Bershka,KADıN > Ayakkabı,KUM RENGİ,1990.0,1990.0,0.0,TRY,0.0,,,
208379987,Arkası açık topuklu ayakkabı,Bershka,KADıN > Ayakkabı,KUM RENGİ,1990.0,1990.0,0.0,TRY,0.0,,,
220329765,Düz parmak arası sandalet,Bershka,KADıN > Ayakkabı,KUM RENGİ,2690.0,2690.0,0.0,TRY,0.0,,,
209007229,Düz parmak arası sandalet,Bershka,KADıN > Ayakkabı,KUM RENGİ,2690.0,2690.0,0.0,TRY,0.0,,,
220329766,Tokalı sabo,Bershka,KADıN > Ayakkabı,DEVE TÜYÜ,2490.0,2490.0,0.0,TRY,0.0,,,
209078184,Tokalı sabo,Bershka,KADıN > Ayakkabı,DEVE TÜYÜ,2490.0,2490.0,0.0,TRY,0.0,,,
220330097,Tokalı sabo,Bershka,KADıN > Ayakkabı,KOYU KAHVE GRİ,1790.0,1790.0,0.0,TRY,0.0,,,
207265975,Tokalı sabo,Bershka,KADıN > Ayakkabı,KOYU KAHVE GRİ,1790.0,1790.0,0.0,TRY,0.0,,,
220329598,Bantlı ve tokalı arkası açık ayakkabı,Bershka,KADıN > Ayakkabı,KOYU KAHVE GRİ,1990.0,1990.0,0.0,TRY,0.0,,,
207265976,Bantlı ve tokalı arkası açık ayakkabı,Bershka,KADıN > Ayakkabı,KOYU KAHVE GRİ,1990.0,1990.0,0.0,TRY,0.0,,,
215063815,Kısa sivri topuklu arkası açık ayakkabı,Bershka,KADıN > Ayakkabı,SİYAH,1790.0,1790.0,0.0,TRY,0.0,,,
204067086,Kısa sivri topuklu arkası açık ayakkabı,Bershka,KADıN > Ayakkabı,SİYAH,1790.0,1790.0,0.0,TRY,0.0,,,
204066905,Retro spor ayakkabı,Bershka,KADıN > Ayakkabı,BEYAZ,1790.0,1790.0,0.0,TRY,0.0,,,
208474431,Tokalı topuklu çizme,Bershka,KADıN > Ayakkabı,Kahverengi,3790.0,3790.0,0.0,TRY,0.0,,,
206912784,İçten dolgu topuklu bilekli spor ayakkabı,Bershka,KADıN > Ayakkabı,KOYU KAHVE GRİ,2990.0,2990.0,0.0,TRY,0.0,,,
215064005,İçten dolgu topuklu bilekli spor ayakkabı,Bershka,KADıN > Ayakkabı,KOYU KAHVE GRİ,2990.0,2990.0,0.0,TRY,0.0,,,
209941085,Miffy kaykay ayakkabısı,Bershka,KADıN > Ayakkabı,BEYAZ,2690.0,2690.0,0.0,TRY,0.0,,,
204066896,Miffy kaykay ayakkabısı,Bershka,KADıN > Ayakkabı,BEYAZ,2690.0,2690.0,0.0,TRY,0.0,,,
218188471,Kovboy topuklu bot,Bershka,KADıN > Ayakkabı,Kahverengi,3790.0,2650.0,30.08,TRY,0.0,,,
205058468,Kovboy topuklu bot,Bershka,KADıN > Ayakkabı,Kahverengi,3790.0,2650.0,30.08,TRY,0.0,,,
206766348,Arkası açık topuklu babet,Bershka,KADıN > Ayakkabı,SİYAH,1790.0,1790.0,0.0,TRY,0.0,,,
206766349,Arkası açık topuklu babet,Bershka,KADıN > Ayakkabı,KIRMIZI,1790.0,1790.0,0.0,TRY,0.0,,,
204971846,Slouchy kısa sivri topuklu bot,Bershka,KADıN > Ayakkabı,Açık kahverengi,2690.0,2690.0,0.0,TRY,0.0,,,
215063917,Slouchy kısa sivri topuklu bot,Bershka,KADıN > Ayakkabı,Açık kahverengi,2690.0,2690.0,0.0,TRY,0.0,,,
219791699,Parmak arası topuklu sandalet,Bershka,KADıN > Ayakkabı,SİYAH,1790.0,1790.0,0.0,TRY,0.0,,,
209007219,Parmak arası topuklu sandalet,Bershka,KADıN > Ayakkabı,SİYAH,1790.0,1790.0,0.0,TRY,0.0,,,
204142107,Kalın tabanlı kaykay ayakkabısı,Bershka,KADıN > Ayakkabı,Gri,2490.0,2490.0,0.0,TRY,0.0,,,
218801828,Kalın tabanlı kaykay ayakkabısı,Bershka,KADıN > Ayakkabı,Gri,2490.0,2490.0,0.0,TRY,0.0,,,
206136564,Tokalı babet,Bershka,KADıN > Ayakkabı,SİYAH,1790.0,1790.0,0.0,TRY,0.0,,,
215064412,Tokalı babet,Bershka,KADıN > Ayakkabı,SİYAH,1790.0,1790.0,0.0,TRY,0.0,,,
208227374,Retro spor ayakkabı,Bershka,KADıN > Ayakkabı,Kahverengi,1890.0,1890.0,0.0,TRY,0.0,,,
204067016,Retro spor ayakkabı,Bershka,KADıN > Ayakkabı,Kahverengi,1890.0,1890.0,0.0,TRY,0.0,,,
208227390,Topuklu streç bilekte bot,Bershka,KADıN > Ayakkabı,SİYAH,1990.0,1990.0,0.0,TRY,0.0,,,
204067064,Topuklu streç bilekte bot,Bershka,KADıN > Ayakkabı,SİYAH,1990.0,1990.0,0.0,TRY,0.0,,,
204483952,Streç topuklu bot,Bershka,KADıN > Ayakkabı,Kahverengi,2490.0,2490.0,0.0,TRY,0.0,,,
204067015,İçten dolgu topuklu spor ayakkabı,Bershka,KADıN > Ayakkabı,SİYAH,2990.0,2990.0,0.0,TRY,0.0,,,
209941305,İçten dolgu topuklu spor ayakkabı,Bershka,KADıN > Ayakkabı,SİYAH,2990.0,2990.0,0.0,TRY,0.0,,,
204067106,Zincir detaylı topuklu ayakkabı,Bershka,KADıN > Ayakkabı,SİYAH,2690.0,2690.0,0.0,TRY,0.0,,,
204066815,Parlak topuklu sandalet,Bershka,KADıN > Ayakkabı,SİYAH,1990.0,1990.0,0.0,TRY,0.0,,,
213616315,Topuklu babet,Bershka,KADıN > Ayakkabı,Kahverengi,1790.0,1790.0,0.0,TRY,0.0,,,
206336857,Topuklu babet,Bershka,KADıN > Ayakkabı,Kahverengi,1790.0,1790.0,0.0,TRY,0.0,,,
204066877,Retro spor ayakkabı,Bershka,KADıN > Ayakkabı,Kızıl kahverengi,1890.0,1890.0,0.0,TRY,0.0,,,
204067093,Arkası açık kalın topuklu ayakkabı,Bershka,KADıN > Ayakkabı,SİYAH,1790.0,1790.0,0.0,TRY,0.0,,,
204067072,Arkası açık kalın topuklu ayakkabı,Bershka,KADıN > Ayakkabı,Kızıl kahverengi,1790.0,1790.0,0.0,TRY,0.0,,,
205582919,"Tokalı, arkası açık kalın topuklu ayakkabı",Bershka,KADıN > Ayakkabı,Kızıl kahverengi,1790.0,1250.0,30.17,TRY,0.0,,,
204066985,Blok topuklu bot,Bershka,KADıN > Ayakkabı,SİYAH,2490.0,2490.0,0.0,TRY,0.0,,,
204067107,Kumaş topuklu bot,Bershka,KADıN > Ayakkabı,SİYAH,2990.0,2990.0,0.0,TRY,0.0,,,
204066803,Fiyonklu topuklu ayakkabı,Bershka,KADıN > Ayakkabı,Kahverengi,1790.0,1790.0,0.0,TRY,0.0,,,
204066801,Açık topuklu ayakkabı,Bershka,KADıN > Ayakkabı,Altın,1990.0,1990.0,0.0,TRY,0.0,,,
217315649,Açık topuklu ayakkabı,Bershka,KADıN > Ayakkabı,Altın,1990.0,1990.0,0.0,TRY,0.0,,,
216376245,Temel spor ayakkabı,Bershka,KADıN > Ayakkabı,BEYAZ,1390.0,1390.0,0.0,TRY,0.0,,,
208227381,Arkası açık kısa sivri topuklu ayakkabı,Bershka,KADıN > Ayakkabı,Kahverengi,1790.0,1790.0,0.0,TRY,0.0,,,
206859251,Arkası açık kısa sivri topuklu ayakkabı,Bershka,KADıN > Ayakkabı,Kahverengi,1790.0,1790.0,0.0,TRY,0.0,,,
204067078,Tokalı topuklu bot,Bershka,KADıN > Ayakkabı,Kahverengi,3790.0,3790.0,0.0,TRY,0.0,,,
204066988,Çok parçalı spor ayakkabı,Bershka,KADıN > Ayakkabı,Çok renkli,2490.0,2490.0,0.0,TRY,0.0,,,
204066916,Çok parçalı spor ayakkabı,Bershka,KADıN > Ayakkabı,SİYAH,2490.0,2490.0,0.0,TRY,0.0,,,
208227365,Topuklu pantolon çizme,Bershka,KADıN > Ayakkabı,SİYAH,3690.0,3690.0,0.0,TRY,0.0,,,
204067090,Topuklu pantolon çizme,Bershka,KADıN > Ayakkabı,SİYAH,3690.0,3690.0,0.0,TRY,0.0,,,
209941303,Arkası açık kısa sivri topuklu ayakkabı,Bershka,KADıN > Ayakkabı,Kızıl kahverengi,1790.0,1790.0,0.0,TRY,0.0,,,
204067095,Arkası açık kısa sivri topuklu ayakkabı,Bershka,KADıN > Ayakkabı,Kızıl kahverengi,1790.0,1790.0,0.0,TRY,0.0,,,
208227809,Çok parçalı spor ayakkabı,Bershka,KADıN > Ayakkabı,Kahverengi,1990.0,1990.0,0.0,TRY,0.0,,,
204066878,Çok parçalı spor ayakkabı,Bershka,KADıN > Ayakkabı,Kahverengi,1990.0,1990.0,0.0,TRY,0.0,,,
217315710,Kısa sivri topuklu dar bot,Bershka,KADıN > Ayakkabı,KOYU KAHVE GRİ,1990.0,1990.0,0.0,TRY,0.0,,,
205832014,Kısa sivri topuklu dar bot,Bershka,KADıN > Ayakkabı,KOYU KAHVE GRİ,1990.0,1990.0,0.0,TRY,0.0,,,
208227814,Kürk astarlı platform bot,Bershka,KADıN > Ayakkabı,Kahverengi,2690.0,2690.0,0.0,TRY,0.0,,,
204067143,Kürk astarlı platform bot,Bershka,KADıN > Ayakkabı,Kahverengi,2690.0,2690.0,0.0,TRY,0.0,,,
204971854,Kısa sivri topuklu arkası açık ayakkabı,Bershka,KADıN > Ayakkabı,Kızıl kahverengi,1790.0,1790.0,0.0,TRY,0.0,,,
213616285,Kısa sivri topuklu arkası açık ayakkabı,Bershka,KADıN > Ayakkabı,Kızıl kahverengi,1790.0,1790.0,0.0,TRY,0.0,,,
204234902,İnce tabanlı spor ayakkabı,Bershka,KADıN > Ayakkabı,KOYU KAHVE GRİ,1990.0,1990.0,0.0,TRY,0.0,,,
217315165,Tokalı arkası açık kısa sivri topuklu ayakkabı,Bershka,KADıN > Ayakkabı,Gri,1990.0,1990.0,0.0,TRY,0.0,,,
205821034,Tokalı arkası açık kısa sivri topuklu ayakkabı,Bershka,KADıN > Ayakkabı,Gri,1990.0,1990.0,0.0,TRY,0.0,,,
207373489,Topuklu geniş çizme,Bershka,KADıN > Ayakkabı,Kahverengi,2790.0,1990.0,28.67,TRY,0.0,,,
204483944,Topuklu geniş çizme,Bershka,KADıN > Ayakkabı,Kahverengi,2790.0,1990.0,28.67,TRY,0.0,,,
213615786,Topuklu pantolon çizme,Bershka,KADıN > Ayakkabı,Açık kahverengi,3790.0,3790.0,0.0,TRY,0.0,,,
204483951,Topuklu pantolon çizme,Bershka,KADıN > Ayakkabı,Açık kahverengi,3790.0,3790.0,0.0,TRY,0.0,,,
218801649,Çıtçıtlı kovboy topuklu bot,Bershka,KADıN > Ayakkabı,BEJ,3290.0,3290.0,0.0,TRY,0.0,,,
206215737,Çıtçıtlı kovboy topuklu bot,Bershka,KADıN > Ayakkabı,BEJ,3290.0,3290.0,0.0,TRY,0.0,,,
204067164,Charm detaylı retro spor ayakkabı,Bershka,KADıN > Ayakkabı,SİYAH,1990.0,1990.0,0.0,TRY,0.0,,,
207265965,Tokalı kısa sivri topuklu arkası açık ayakkabı,Bershka,KADıN > Ayakkabı,Kahverengi,1990.0,1990.0,0.0,TRY,0.0,,,
213616026,Tokalı kısa sivri topuklu arkası açık ayakkabı,Bershka,KADıN > Ayakkabı,Kahverengi,1990.0,1990.0,0.0,TRY,0.0,,,
206544485,çok parçalı spor ayakkabı,Bershka,KADıN > Ayakkabı,Çok renkli,2490.0,2490.0,0.0,TRY,0.0,,,
206803608,Çok parçalı spor ayakkabı,Bershka,KADıN > Ayakkabı,Çok renkli,2490.0,2490.0,0.0,TRY,0.0,,,
208279701,Parmak arası düz sandalet,Bershka,KADıN > Ayakkabı,SİYAH,1790.0,1790.0,0.0,TRY,0.0,,,
215064004,Tokalı babet,Bershka,KADıN > Ayakkabı,Açık kahverengi,1790.0,1790.0,0.0,TRY,0.0,,,
205582911,Tokalı babet,Bershka,KADıN > Ayakkabı,Açık kahverengi,1790.0,1790.0,0.0,TRY,0.0,,,
215063913,Tokalı babet,Bershka,KADıN > Ayakkabı,Açık kahverengi,1790.0,1790.0,0.0,TRY,0.0,,,
208776216,Parmak arası topuklu sandalet,Bershka,KADıN > Ayakkabı,HAYVAN BASKILI,1790.0,1790.0,0.0,TRY,0.0,,,
204066883,Kısa sivri topuklu fiyonklu ayakkabı,Bershka,KADıN > Ayakkabı,GÜMÜŞ,1790.0,1790.0,0.0,TRY,0.0,,,
207373796,Kısa sivri topuklu fiyonklu ayakkabı,Bershka,KADıN > Ayakkabı,GÜMÜŞ,1790.0,1790.0,0.0,TRY,0.0,,,
213616283,Arkası açık topuklu ayakkabı detaylı,Bershka,KADıN > Ayakkabı,KIRMIZI,1790.0,1790.0,0.0,TRY,0.0,,,
206771493,Arkası açık topuklu ayakkabı detaylı,Bershka,KADıN > Ayakkabı,KIRMIZI,1790.0,1790.0,0.0,TRY,0.0,,,
207373797,Kısa sivri topuklu fiyonklu ayakkabı,Bershka,KADıN > Ayakkabı,KIRMIZI,1790.0,1790.0,0.0,TRY,0.0,,,
204066884,Kısa sivri topuklu fiyonklu ayakkabı,Bershka,KADıN > Ayakkabı,KIRMIZI,1790.0,1790.0,0.0,TRY,0.0,,,
209941576,Temel spor ayakkabı,Bershka,KADıN > Ayakkabı,BEYAZ,1390.0,1390.0,0.0,TRY,0.0,,,
204066874,Temel spor ayakkabı,Bershka,KADıN > Ayakkabı,BEYAZ,1390.0,1390.0,0.0,TRY,0.0,,,
204066872,Kombine spor ayakkabı,Bershka,KADıN > Ayakkabı,BEYAZ,1590.0,1490.0,6.29,TRY,0.0,,,
218801830,Çok parçalı spor ayakkabı,Bershka,KADıN > Ayakkabı,KUM RENGİ,1990.0,1990.0,0.0,TRY,0.0,,,
204066981,Çok parçalı spor ayakkabı,Bershka,KADıN > Ayakkabı,KUM RENGİ,1990.0,1990.0,0.0,TRY,0.0,,,
204066906,Spor babet,Bershka,KADıN > Ayakkabı,KUM RENGİ,1990.0,1990.0,0.0,TRY,0.0,,,
204536040,Retro spor ayakkabı,Bershka,KADıN > Ayakkabı,Mavi,1890.0,1890.0,0.0,TRY,0.0,,,
206912787,Açık topuklu bot,Bershka,KADıN > Ayakkabı,KOYU KAHVE GRİ,3690.0,3690.0,0.0,TRY,0.0,,,
215063918,Açık topuklu bot,Bershka,KADıN > Ayakkabı,KOYU KAHVE GRİ,3690.0,3690.0,0.0,TRY,0.0,,,
215064274,Düz pantolon bot,Bershka,KADıN > Ayakkabı,SİYAH,3690.0,3690.0,0.0,TRY,0.0,,,
213615785,Düz pantolon bot,Bershka,KADıN > Ayakkabı,SİYAH,3690.0,3690.0,0.0,TRY,0.0,,,
205832043,Düz pantolon bot,Bershka,KADıN > Ayakkabı,SİYAH,3690.0,3690.0,0.0,TRY,0.0,,,
204066911,Kalın tabanlı spor ayakkabısı,Bershka,KADıN > Ayakkabı,BEYAZ,1990.0,1990.0,0.0,TRY,0.0,,,
204067048,Kombine spor ayakkabı,Bershka,KADıN > Ayakkabı,Çok renkli,1790.0,1790.0,0.0,TRY,0.0,,,
204066881,Kontrast spor ayakkabı,Bershka,KADıN > Ayakkabı,BEYAZ,1490.0,1490.0,0.0,TRY,0.0,,,
207865117,Büzgülü topuklu arkası açık ayakkabı,Bershka,KADıN > Ayakkabı,Soluk mavi,1790.0,1790.0,0.0,TRY,0.0,,,
206678355,İnce tabanlı spor ayakkabı,Bershka,KADıN > Ayakkabı,Çok renkli,1790.0,1790.0,0.0,TRY,0.0,,,
205577758,Arkası açık topuklu ayakkabı,Bershka,KADıN > Ayakkabı,SİYAH,1790.0,1790.0,0.0,TRY,0.0,,,
207855792,Arkası açık topuklu ayakkabı,Bershka,KADıN > Ayakkabı,Gri,1790.0,1790.0,0.0,TRY,0.0,,,
209941577,Maksi platform spor ayakkabı,Bershka,KADıN > Ayakkabı,SİYAH,3290.0,3290.0,0.0,TRY,0.0,,,
204066850,Maksi platform spor ayakkabı,Bershka,KADıN > Ayakkabı,SİYAH,3290.0,3290.0,0.0,TRY,0.0,,,
204067159,Tarçın Rulo platform spor ayakkabı,Bershka,KADıN > Ayakkabı,BEYAZ,3690.0,3690.0,0.0,TRY,0.0,,,
208227370,Topuklu pantolon sandalet,Bershka,KADıN > Ayakkabı,SİYAH,3290.0,3290.0,0.0,TRY,0.0,,,
204067059,Topuklu pantolon sandalet,Bershka,KADıN > Ayakkabı,SİYAH,3290.0,3290.0,0.0,TRY,0.0,,,
204066968,Bilek bantlı ve topuklu sandalet,Bershka,KADıN > Ayakkabı,SİYAH,1490.0,1490.0,0.0,TRY,0.0,,,
204067063,Bilekli topuklu sandalet,Bershka,KADıN > Ayakkabı,Kahverengi,1790.0,1790.0,0.0,TRY,0.0,,,
204067145,Bilekli topuklu sandalet,Bershka,KADıN > Ayakkabı,EKRU,1790.0,1790.0,0.0,TRY,0.0,,,
207684779,Fiyonklu babet,Bershka,KADıN > Ayakkabı,FUŞYA,1590.0,1590.0,0.0,TRY,0.0,,,
210009306,Fiyonklu babet,Bershka,KADıN > Ayakkabı,EKRU,1590.0,1590.0,0.0,TRY,0.0,,,
204067060,Bantlı düz sandalet,Bershka,KADıN > Ayakkabı,SİYAH,1590.0,1590.0,0.0,TRY,0.0,,,
218802081,Topuklu tanga pantolon sandalet,Bershka,KADıN > Ayakkabı,SİYAH,2990.0,2990.0,0.0,TRY,0.0,,,
219791694,Topuklu tanga pantolon sandalet,Bershka,KADıN > Ayakkabı,SİYAH,2990.0,2990.0,0.0,TRY,0.0,,,
204067083,Kapitone platform sandalet,Bershka,KADıN > Ayakkabı,HAKİ,1490.0,1490.0,0.0,TRY,0.0,,,
204067057,Topuklu kovboy bot,Bershka,KADıN > Ayakkabı,Kahverengi,2490.0,2490.0,0.0,TRY,0.0,,,
208227834,Topuklu kovboy bot,Bershka,KADıN > Ayakkabı,Kahverengi,2490.0,2490.0,0.0,TRY,0.0,,,
207129264,Büzgülü detaylı topuklu arkası açık ayakkabı,Bershka,KADıN > Ayakkabı,SİYAH,1990.0,1990.0,0.0,TRY,0.0,,,
204234903,İnce tabanlı spor ayakkabı,Bershka,KADıN > Ayakkabı,KUM RENGİ,1990.0,1990.0,0.0,TRY,0.0,,,
213615784,Arkası bantlı topuklu ayakkabı,Bershka,KADıN > Ayakkabı,SİYAH,1990.0,1990.0,0.0,TRY,0.0,,,
204067113,Arkası bantlı topuklu ayakkabı,Bershka,KADıN > Ayakkabı,SİYAH,1990.0,1990.0,0.0,TRY,0.0,,,
217315673,İnce tabanlı makosen,Bershka,KADıN > Ayakkabı,Kızıl kahverengi,1990.0,1990.0,0.0,TRY,0.0,,,
205832041,İnce tabanlı makosen,Bershka,KADıN > Ayakkabı,Kızıl kahverengi,1990.0,1990.0,0.0,TRY,0.0,,,
204067087,Tokalı düz sandalet,Bershka,KADıN > Ayakkabı,SİYAH,1990.0,1990.0,0.0,TRY,0.0,,,
204067084,Tokalı düz sandalet,Bershka,KADıN > Ayakkabı,KUM RENGİ,1990.0,1990.0,0.0,TRY,0.0,,,
209941199,Platform topuklu çizme,Bershka,KADıN > Ayakkabı,SİYAH,3690.0,3690.0,0.0,TRY,0.0,,,
209581016,Platform topuklu çizme,Bershka,KADıN > Ayakkabı,SİYAH,3690.0,3690.0,0.0,TRY,0.0,,,
210114514,Platform topuklu çizme,Bershka,KADıN > Ayakkabı,SİYAH,3690.0,3690.0,0.0,TRY,0.0,,,
204067058,Vinil bantlı topuklu sandalet,Bershka,KADıN > Ayakkabı,Transparan,1790.0,1790.0,0.0,TRY,0.0,,,
204066973,Vinil detaylı topuklu sandalet,Bershka,KADıN > Ayakkabı,Transparan,1790.0,1790.0,0.0,TRY,0.0,,,
208379986,Kısa sivri topuklu sandalet,Bershka,KADıN > Ayakkabı,BEYAZ,1790.0,1790.0,0.0,TRY,0.0,,,
207373988,Kalın tabanlı kaykay spor ayakkabı,Bershka,KADıN > Ayakkabı,KUM RENGİ,2490.0,2490.0,0.0,TRY,0.0,,,
204066945,Kalın tabanlı kaykay spor ayakkabı,Bershka,KADıN > Ayakkabı,KUM RENGİ,2490.0,2490.0,0.0,TRY,0.0,,,
209140712,Deri topuklu çizme,Bershka,KADıN > Ayakkabı,KOYU KAHVE GRİ,4490.0,4490.0,0.0,TRY,0.0,,,
206007582,Açıklıklı kısa sivri topuklu çizme,Bershka,KADıN > Ayakkabı,BEJ,3790.0,3790.0,0.0,TRY,0.0,,,
215063915,Açıklıklı kısa sivri topuklu çizme,Bershka,KADıN > Ayakkabı,BEJ,3790.0,3790.0,0.0,TRY,0.0,,,
220330106,Arkası açık püsküllü mokasen,Bershka,KADıN > Ayakkabı,SİYAH,2690.0,2690.0,0.0,TRY,0.0,,,
204067094,Arkası açık püsküllü mokasen,Bershka,KADıN > Ayakkabı,SİYAH,2690.0,2690.0,0.0,TRY,0.0,,,
204142108,Kalın tabanlı kaykay ayakkabısı,Bershka,KADıN > Ayakkabı,DERİ,2690.0,2690.0,0.0,TRY,0.0,,,
218801829,Kalın tabanlı kaykay ayakkabısı,Bershka,KADıN > Ayakkabı,DERİ,2690.0,2690.0,0.0,TRY,0.0,,,
209140713,Topuklu deri çizme,Bershka,KADıN > Ayakkabı,SİYAH,5690.0,5690.0,0.0,TRY,0.0,,,
207684780,Fiyonklu babet,Bershka,KADıN > Ayakkabı,KIRMIZI,1590.0,1590.0,0.0,TRY,0.0,,,
218802107,Fiyonklu babet,Bershka,KADıN > Ayakkabı,EKRU,1590.0,1590.0,0.0,TRY,0.0,,,
204067144,Kürk astarlı platform bot,Bershka,KADıN > Ayakkabı,DEVE TÜYÜ,2690.0,2690.0,0.0,TRY,0.0,,,
204067118,Fiyonklu topuklu ayakkabı,Bershka,KADıN > Ayakkabı,SİYAH,2490.0,2490.0,0.0,TRY,0.0,,,
208227235,Fiyonklu topuklu ayakkabı,Bershka,KADıN > Ayakkabı,SİYAH,2490.0,2490.0,0.0,TRY,0.0,,,
206859248,Fiyonklu babet,Bershka,KADıN > Ayakkabı,BEJ,1590.0,1590.0,0.0,TRY,0.0,,,
215064411,Fiyonklu babet,Bershka,KADıN > Ayakkabı,BEJ,1590.0,1590.0,0.0,TRY,0.0,,,
204066903,Çok bantlı topuksuz sandalet,Bershka,KADıN > Ayakkabı,Altın,1790.0,1790.0,0.0,TRY,0.0,,,
208776220,Topuklu tanga pantolon sandalet,Bershka,KADıN > Ayakkabı,SİYAH,2990.0,2990.0,0.0,TRY,0.0,,,
209581072,Çorap tipi platform bilekte bot,Bershka,KADıN > Ayakkabı,SİYAH,2690.0,2690.0,0.0,TRY,0.0,,,
218801150,Kovboy topuklu zımbalı bot,Bershka,KADıN > Ayakkabı,SİYAH,3290.0,3290.0,0.0,TRY,0.0,,,
206211965,Kovboy topuklu zımbalı bot,Bershka,KADıN > Ayakkabı,SİYAH,3290.0,3290.0,0.0,TRY,0.0,,,
209940683,Topuklu ayakkabı,Bershka,KADıN > Ayakkabı,SİYAH,1590.0,1590.0,0.0,TRY,0.0,,,
209581004,Topuklu ayakkabı,Bershka,KADıN > Ayakkabı,SİYAH,1590.0,1590.0,0.0,TRY,0.0,,,
204067091,Açık stiletto topuklu çizme,Bershka,KADıN > Ayakkabı,Kahverengi,3790.0,3790.0,0.0,TRY,0.0,,,
207373487,Açık stiletto topuklu çizme,Bershka,KADıN > Ayakkabı,Kahverengi,3790.0,3790.0,0.0,TRY,0.0,,,
204067102,Topuklu bağcıklı çizme,Bershka,KADıN > Ayakkabı,Gri,3790.0,3790.0,0.0,TRY,0.0,,,
204066984,Kabartmalı topuklu bot,Bershka,KADıN > Ayakkabı,Kızıl kahverengi,2490.0,2490.0,0.0,TRY,0.0,,,
204066879,Kürk detaylı topuklu bot,Bershka,KADıN > Ayakkabı,SİYAH,2990.0,2990.0,0.0,TRY,0.0,,,
204067108,Tokalı topuklu çizme,Bershka,KADıN > Ayakkabı,SİYAH,3290.0,3290.0,0.0,TRY,0.0,,,
209484529,Saplı distressed bowling çanta,Bershka,KADıN > Çanta ve cüzdan,Siyah,1790.0,1790.0,0.0,TRY,0.0,,,
209121305,Saplı distressed bowling çanta,Bershka,KADıN > Çanta ve cüzdan,Siyah,1790.0,1790.0,0.0,TRY,0.0,,,
209126959,MİNİ BOWLING ÇANTA,Bershka,KADıN > Çanta ve cüzdan,Kirli beyaz,1490.0,1490.0,0.0,TRY,0.0,,,
209128296,Zincirli kapitone çapraz askılı çanta,Bershka,KADıN > Çanta ve cüzdan,Krem,990.0,990.0,0.0,TRY,0.0,,,
204066781,Zımbalı fermuarlı kapaklı çanta,Bershka,KADıN > Çanta ve cüzdan,Siyah,990.0,990.0,0.0,TRY,0.0,,,
209126956,MİNİ BOWLING ÇANTA,Bershka,KADıN > Çanta ve cüzdan,Siyah,1490.0,1490.0,0.0,TRY,0.0,,,
209441351,MİNİ BOWLING ÇANTA,Bershka,KADıN > Çanta ve cüzdan,Siyah,1490.0,1490.0,0.0,TRY,0.0,,,
209442173,Eskitme efektli askılı bowling çanta,Bershka,KADıN > Çanta ve cüzdan,Bordo,1790.0,1250.0,30.17,TRY,0.0,,,
209121307,Eskitme efektli askılı bowling çanta,Bershka,KADıN > Çanta ve cüzdan,Bordo,1790.0,1250.0,30.17,TRY,0.0,,,
220330179,Eskitme efektli askılı bowling çanta,Bershka,KADıN > Çanta ve cüzdan,Mor,1790.0,1790.0,0.0,TRY,0.0,,,
209121303,Eskitme efektli askılı bowling çanta,Bershka,KADıN > Çanta ve cüzdan,Mor,1790.0,1790.0,0.0,TRY,0.0,,,
211722885,Fermuarlı Çanta,Bershka,KADıN > Çanta ve cüzdan,Kahverengi,1790.0,1790.0,0.0,TRY,0.0,,,
220329690,Fermuarlı Çanta,Bershka,KADıN > Çanta ve cüzdan,Kahverengi,1790.0,1790.0,0.0,TRY,0.0,,,
209126955,MİNİ BOWLING ÇANTA,Bershka,KADıN > Çanta ve cüzdan,Altın,1490.0,1040.0,30.2,TRY,0.0,,,
204067629,Çok cepli çanta,Bershka,KADıN > Çanta ve cüzdan,Kahverengi,1190.0,1190.0,0.0,TRY,0.0,,,
209121281,Parlak kartlık,Bershka,KADıN > Çanta ve cüzdan,Altın,490.0,490.0,0.0,TRY,0.0,,,
209121331,Çok cepli omuz çantası,Bershka,KADıN > Çanta ve cüzdan,Koyu gri,1190.0,1190.0,0.0,TRY,0.0,,,
209121332,Çok cepli omuz çantası,Bershka,KADıN > Çanta ve cüzdan,Siyah,1190.0,1190.0,0.0,TRY,0.0,,,
209441875,Çok cepli omuz çantası,Bershka,KADıN > Çanta ve cüzdan,Siyah,1190.0,1190.0,0.0,TRY,0.0,,,
209132563,Dokulu çapraz askılı çanta,Bershka,KADıN > Çanta ve cüzdan,Siyah,990.0,990.0,0.0,TRY,0.0,,,
209121306,Eskitme efektli askılı bowling çanta,Bershka,KADıN > Çanta ve cüzdan,Açık mavi,2290.0,2290.0,0.0,TRY,0.0,,,
209126803,Kabartmalı desenli suni rugan yüzeyli cüzdan,Bershka,KADıN > Çanta ve cüzdan,Bordo,550.0,550.0,0.0,TRY,0.0,,,
209126802,Desenli rugan cüzdan,Bershka,KADıN > Çanta ve cüzdan,Kahverengi,550.0,550.0,0.0,TRY,0.0,,,
209138833,Kabartmalı desenli suni rugan yüzeyli cüzdan,Bershka,KADıN > Çanta ve cüzdan,Siyah,550.0,550.0,0.0,TRY,0.0,,,
209121282,Parlak kartlık,Bershka,KADıN > Çanta ve cüzdan,Pembe,490.0,490.0,0.0,TRY,,,,
218801159,Örgü büzgülü çanta,Bershka,KADıN > Çanta ve cüzdan,Kahverengi,1190.0,1190.0,0.0,TRY,0.0,,,
207735899,Örgü büzgülü çanta,Bershka,KADıN > Çanta ve cüzdan,Kahverengi,1190.0,1190.0,0.0,TRY,0.0,,,
209126954,MİNİ BOWLING ÇANTA,Bershka,KADıN > Çanta ve cüzdan,Deve tüyü rengi,1490.0,1490.0,0.0,TRY,0.0,,,
209126957,MİNİ BOWLING ÇANTA,Bershka,KADıN > Çanta ve cüzdan,Haki,1490.0,1490.0,0.0,TRY,0.0,,,
209484627,MİNİ BOWLING ÇANTA,Bershka,KADıN > Çanta ve cüzdan,Haki,1490.0,1490.0,0.0,TRY,0.0,,,
206370805,Süet efektli soft bowling çanta,Bershka,KADıN > Çanta ve cüzdan,Kahverengi,2290.0,2290.0,0.0,TRY,0.0,,,
216376242,Süet görünümlü bowling çanta,Bershka,KADıN > Çanta ve cüzdan,Gri,1490.0,1490.0,0.0,TRY,0.0,,,
204448279,Süet görünümlü bowling çanta,Bershka,KADıN > Çanta ve cüzdan,Gri,1490.0,1490.0,0.0,TRY,0.0,,,
204448278,Süet görünümlü bowling çanta,Bershka,KADıN > Çanta ve cüzdan,Deve tüyü rengi,1490.0,1490.0,0.0,TRY,0.0,,,
216376243,Süet görünümlü bowling çanta,Bershka,KADıN > Çanta ve cüzdan,Deve tüyü rengi,1490.0,1490.0,0.0,TRY,0.0,,,
218801536,Fermuarlı Çanta,Bershka,KADıN > Çanta ve cüzdan,Kırmızı,1790.0,1790.0,0.0,TRY,0.0,,,
209441537,Bowling çanta,Bershka,KADıN > Çanta ve cüzdan,Siyah,1790.0,1790.0,0.0,TRY,0.0,,,
209121399,Bowling çanta,Bershka,KADıN > Çanta ve cüzdan,Siyah,1790.0,1790.0,0.0,TRY,0.0,,,
208353234,Süet efektli büzgülü çanta,Bershka,KADıN > Çanta ve cüzdan,Turkuaz,1590.0,1590.0,0.0,TRY,0.0,,,
208353235,Süet efektli büzgülü çanta,Bershka,KADıN > Çanta ve cüzdan,Kahverengi,1590.0,1590.0,0.0,TRY,0.0,,,
209485192,Suni deri çanta,Bershka,KADıN > Çanta ve cüzdan,Kahverengi,1590.0,1590.0,0.0,TRY,0.0,,,
209126814,Suni deri çanta,Bershka,KADıN > Çanta ve cüzdan,Kahverengi,1590.0,1590.0,0.0,TRY,0.0,,,
218801538,Zımbalı Bowling Çanta,Bershka,KADıN > Çanta ve cüzdan,Sarı,1190.0,1190.0,0.0,TRY,0.0,,,
207129257,Zımbalı Bowling Çanta,Bershka,KADıN > Çanta ve cüzdan,Sarı,1190.0,1190.0,0.0,TRY,0.0,,,
207129258,Zımbalı Bowling Çanta,Bershka,KADıN > Çanta ve cüzdan,Kahverengi,1190.0,1190.0,0.0,TRY,0.0,,,
220330221,Zımbalı Bowling Çanta,Bershka,KADıN > Çanta ve cüzdan,Kahverengi,1190.0,1190.0,0.0,TRY,0.0,,,
207319951,Paten rugan görünümlü cüzdan,Bershka,KADıN > Çanta ve cüzdan,Açık mavi,590.0,590.0,0.0,TRY,0.0,,,
209126804,Desenli rugan cüzdan,Bershka,KADıN > Çanta ve cüzdan,Pembe,550.0,550.0,0.0,TRY,0.0,,,
208353237,Kapitone mini suni deri çanta,Bershka,KADıN > Çanta ve cüzdan,Siyah,1090.0,1090.0,0.0,TRY,0.0,,,
207130915,Mini suni deri kartlık,Bershka,KADıN > Çanta ve cüzdan,Gri,490.0,490.0,0.0,TRY,0.0,,,
207319952,Paten rugan görünümlü cüzdan,Bershka,KADıN > Çanta ve cüzdan,Krem,590.0,590.0,0.0,TRY,0.0,,,
207319953,Paten rugan görünümlü cüzdan,Bershka,KADıN > Çanta ve cüzdan,Sarı,590.0,590.0,0.0,TRY,0.0,,,
207129256,Cepli bowling çanta,Bershka,KADıN > Çanta ve cüzdan,Siyah,2290.0,2290.0,0.0,TRY,0.0,,,
205248256,Çok cepli çanta,Bershka,KADıN > Çanta ve cüzdan,Siyah,1190.0,1190.0,0.0,TRY,0.0,,,
207391459,Süet efektli cüzdan,Bershka,KADıN > Çanta ve cüzdan,Kahverengi,590.0,590.0,0.0,TRY,0.0,,,
205631027,Zımbalı suni deri kova çanta,Bershka,KADıN > Çanta ve cüzdan,Açık mavi,1190.0,1190.0,0.0,TRY,0.0,,,
205631028,Zımbalı suni deri kova çanta,Bershka,KADıN > Çanta ve cüzdan,Krem,1190.0,1190.0,0.0,TRY,0.0,,,
209121396,Suni rugan çanta,Bershka,KADıN > Çanta ve cüzdan,Kahverengi,1590.0,1590.0,0.0,TRY,0.0,,,
205631029,Zımbalı suni deri kova çanta,Bershka,KADıN > Çanta ve cüzdan,Kahverengi,1190.0,1190.0,0.0,TRY,0.0,,,
209121416,Mini kalp çanta,Bershka,KADıN > Çanta ve cüzdan,Pembe,1490.0,1490.0,0.0,TRY,0.0,,,
204067630,Çok cepli çanta,Bershka,KADıN > Çanta ve cüzdan,Pembe,1190.0,1190.0,0.0,TRY,0.0,,,
208353245,Kemerli tote çanta,Bershka,KADıN > Çanta ve cüzdan,Kahverengi,2290.0,2290.0,0.0,TRY,0.0,,,
209484822,Suni rugan çanta,Bershka,KADıN > Çanta ve cüzdan,Kahverengi,1590.0,1590.0,0.0,TRY,0.0,,,
212207480,Desenli çanta,Bershka,KADıN > Çanta ve cüzdan,Kahverengi,1490.0,1490.0,0.0,TRY,0.0,,,
209126958,MİNİ BOWLING ÇANTA,Bershka,KADıN > Çanta ve cüzdan,Pembe,1490.0,1490.0,0.0,TRY,0.0,,,
209485363,MİNİ BOWLING ÇANTA,Bershka,KADıN > Çanta ve cüzdan,Pembe,1490.0,1490.0,0.0,TRY,0.0,,,
211526407,Süet efektli cüzdan,Bershka,KADıN > Çanta ve cüzdan,Siyah,590.0,590.0,0.0,TRY,0.0,,,
209138656,Shopper çanta,Bershka,KADıN > Çanta ve cüzdan,Siyah,1490.0,1490.0,0.0,TRY,0.0,,,
209091431,İşlemeli Şapka,Bershka,KADıN > Çanta - aksesuar,Yeşil,790.0,790.0,0.0,TRY,0.0,,,
209091432,Desenli İşlemeli Şapka,Bershka,KADıN > Çanta - aksesuar,Kahverengi,790.0,790.0,0.0,TRY,0.0,,,
206517994,3’lü uçlu kolye seti,Bershka,KADıN > Çanta - aksesuar,Altın,790.0,790.0,0.0,TRY,0.0,,,
209007224,3'lü bileklik seti,Bershka,KADıN > Çanta - aksesuar,Altın,790.0,790.0,0.0,TRY,0.0,,,
206517993,4’lü taşlı kolye seti,Bershka,KADıN > Çanta - aksesuar,Altın,590.0,590.0,0.0,TRY,0.0,,,
209121299,Suni kürk şapka,Bershka,KADıN > Çanta - aksesuar,Bej,1190.0,1190.0,0.0,TRY,0.0,,,
209138769,Altın rengi tokalı kemer,Bershka,KADıN > Çanta - aksesuar,Kahverengi,550.0,550.0,0.0,TRY,0.0,,,
209138785,İnce suni deri kemer,Bershka,KADıN > Çanta - aksesuar,Siyah,490.0,490.0,0.0,TRY,0.0,,,
210077522,Taşlı kemer,Bershka,KADıN > Çanta - aksesuar,Kahverengi,990.0,990.0,0.0,TRY,0.0,,,
209138800,Yıldız tasarımlı kemer,Bershka,KADıN > Çanta - aksesuar,Gümüş,590.0,590.0,0.0,TRY,0.0,,,
209126850,2’li zımbalı taç paketi,Bershka,KADıN > Çanta - aksesuar,Siyah,590.0,590.0,0.0,TRY,0.0,,,
209485284,2’li zımbalı taç paketi,Bershka,KADıN > Çanta - aksesuar,Siyah,590.0,590.0,0.0,TRY,0.0,,,
208851254,Mavi camlı güneş gözlüğü,Bershka,KADıN > Çanta - aksesuar,Mavi,790.0,790.0,0.0,TRY,0.0,,,
209091434,İŞLEMELİ ŞAPKA,Bershka,KADıN > Çanta - aksesuar,Yeşil,590.0,590.0,0.0,TRY,0.0,,,
208134176,2'li spor çorap paketi,Bershka,KADıN > Çanta - aksesuar,Sarı,590.0,590.0,0.0,TRY,0.0,,,
206290915,Metal güneş gözlüğü,Bershka,KADıN > Çanta - aksesuar,Altın,790.0,790.0,0.0,TRY,0.0,,,
206336860,Asetat güneş gözlüğü,Bershka,KADıN > Çanta - aksesuar,Kahverengi,790.0,790.0,0.0,TRY,0.0,,,
209100333,İşlemeli saç bandı,Bershka,KADıN > Çanta - aksesuar,Krem,590.0,590.0,0.0,TRY,0.0,,,
209121439,3’lü uçlu kolye seti,Bershka,KADıN > Çanta - aksesuar,Altın,590.0,590.0,0.0,TRY,0.0,,,
209100342,4'lü kolye seti,Bershka,KADıN > Çanta - aksesuar,Altın,790.0,790.0,0.0,TRY,0.0,,,
209126875,Suni deri kemer,Bershka,KADıN > Çanta - aksesuar,Siyah,490.0,490.0,0.0,TRY,0.0,,,
209126874,Suni deri kemer,Bershka,KADıN > Çanta - aksesuar,Kahverengi,490.0,490.0,0.0,TRY,0.0,,,
209121429,Zımbalı suni deri kemer,Bershka,KADıN > Çanta - aksesuar,Siyah,590.0,590.0,0.0,TRY,0.0,,,
208851252,Mavi ışık filtreli taşlı saplı gözlük,Bershka,KADıN > Çanta - aksesuar,Beyaz,990.0,990.0,0.0,TRY,0.0,,,
208882950,Dikdörtgen güneş gözlüğü,Bershka,KADıN > Çanta - aksesuar,Siyah,790.0,790.0,0.0,TRY,0.0,,,
209138768,Kaplumbağa güneş gözlüğü,Bershka,KADıN > Çanta - aksesuar,Kahverengi,590.0,590.0,0.0,TRY,,,,
209105938,Metal güneş gözlüğü,Bershka,KADıN > Çanta - aksesuar,Altın,790.0,790.0,0.0,TRY,0.0,,,
209126799,2'li halka küpe seti,Bershka,KADıN > Çanta - aksesuar,Altın,490.0,490.0,0.0,TRY,0.0,,,
209113929,9'lu küpe seti,Bershka,KADıN > Çanta - aksesuar,Gümüş,590.0,590.0,0.0,TRY,0.0,,,
208851226,3’lü deniz temalı kolye seti,Bershka,KADıN > Çanta - aksesuar,Altın,790.0,790.0,0.0,TRY,0.0,,,
208851224,6'lı deniz temalı küpe seti,Bershka,KADıN > Çanta - aksesuar,Altın,590.0,590.0,0.0,TRY,0.0,,,
211722873,Puantiye cepli kemer,Bershka,KADıN > Çanta - aksesuar,Krem,1090.0,1090.0,0.0,TRY,0.0,,,
206016427,Eau de parfum vanilla butter 100 ml,Bershka,KADıN > Çanta - aksesuar,Bej,790.0,790.0,0.0,TRY,0.0,,,
206711767,Puffy telefon kılıfı,Bershka,KADıN > Çanta - aksesuar,Fuşya,590.0,590.0,0.0,TRY,0.0,,,
206771495,Erimiş efektli telefon kılıfı,Bershka,KADıN > Çanta - aksesuar,Beyaz,490.0,490.0,0.0,TRY,0.0,,,
208474419,İşlemeli üçgen fular,Bershka,KADıN > Çanta - aksesuar,Krem,990.0,990.0,0.0,TRY,0.0,,,
206803615,4'lü yüzük seti,Bershka,KADıN > Çanta - aksesuar,Altın,590.0,590.0,0.0,TRY,0.0,,,
206370789,3’lü yüzük paketi,Bershka,KADıN > Çanta - aksesuar,Altın,490.0,490.0,0.0,TRY,0.0,,,
209132529,2'li saç bandı,Bershka,KADıN > Çanta - aksesuar,Kahverengi,490.0,490.0,0.0,TRY,0.0,,,
209132530,2'li saç bandı,Bershka,KADıN > Çanta - aksesuar,Siyah,490.0,490.0,0.0,TRY,0.0,,,
208851223,Taşlı choker kolye,Bershka,KADıN > Çanta - aksesuar,Altın,590.0,590.0,0.0,TRY,0.0,,,
209441716,İnce suni deri kemer,Bershka,KADıN > Çanta - aksesuar,Kahverengi,490.0,490.0,0.0,TRY,0.0,,,
209138784,İnce suni deri kemer,Bershka,KADıN > Çanta - aksesuar,Kahverengi,490.0,490.0,0.0,TRY,0.0,,,
209121446,Kuş gözlü suni deri kemer,Bershka,KADıN > Çanta - aksesuar,Siyah,590.0,590.0,0.0,TRY,0.0,,,
207265967,2’li baskılı saç bandı,Bershka,KADıN > Çanta - aksesuar,Siyah,590.0,590.0,0.0,TRY,0.0,,,
209121431,3'lü kürk toka seti,Bershka,KADıN > Çanta - aksesuar,Beyaz,490.0,490.0,0.0,TRY,0.0,,,
209105933,3’lü kalın halka küpe pack,Bershka,KADıN > Çanta - aksesuar,Altın,490.0,490.0,0.0,TRY,0.0,,,
209121366,6’lı halka küpe seti,Bershka,KADıN > Çanta - aksesuar,Altın,590.0,590.0,0.0,TRY,0.0,,,
209126941,2 çift çorap,Bershka,KADıN > Çanta - aksesuar,Kahverengi,590.0,590.0,0.0,TRY,0.0,,,
206336849,Oval kemik güneş gözlüğü,Bershka,KADıN > Çanta - aksesuar,Siyah,590.0,590.0,0.0,TRY,0.0,,,
206336850,Oval kemik güneş gözlüğü,Bershka,KADıN > Çanta - aksesuar,Kahverengi,590.0,590.0,0.0,TRY,0.0,,,
209138837,Retro güneş gözlüğü,Bershka,KADıN > Çanta - aksesuar,Kahverengi,790.0,790.0,0.0,TRY,0.0,,,
209100346,Retro güneş gözlüğü,Bershka,KADıN > Çanta - aksesuar,Kahverengi,790.0,790.0,0.0,TRY,0.0,,,
209121207,Pilot güneş gözlüğü mavi filtre,Bershka,KADıN > Çanta - aksesuar,Kahverengi,790.0,790.0,0.0,TRY,0.0,,,
209132506,16'lı küpe seti,Bershka,KADıN > Çanta - aksesuar,Altın,490.0,490.0,0.0,TRY,0.0,,,
209121432,Dikiş detaylı suni deri kemer,Bershka,KADıN > Çanta - aksesuar,Siyah,350.0,350.0,0.0,TRY,0.0,,,
209121418,Rome Hearts 100 ml.,Bershka,KADıN > Çanta - aksesuar,Kırmızı,990.0,990.0,0.0,TRY,0.0,,,
209100373,Paris Illusion 100ml,Bershka,KADıN > Çanta - aksesuar,Fuşya,990.0,990.0,0.0,TRY,0.0,,,
206711765,Puantiye desenli telefon kılıfı,Bershka,KADıN > Çanta - aksesuar,Kahverengi,490.0,490.0,0.0,TRY,0.0,,,
209121406,9’lu ince suni inci yüzük seti,Bershka,KADıN > Çanta - aksesuar,Altın,490.0,490.0,0.0,TRY,0.0,,,
209121419,3'lü karma küpe,Bershka,KADıN > Çanta - aksesuar,Altın,490.0,490.0,0.0,TRY,0.0,,,
211238917,Fitilli basic çorap,Bershka,KADıN > Çanta - aksesuar,Gri,590.0,590.0,0.0,TRY,0.0,,,
206016420,Mavi filtreli asetat gözlük,Bershka,KADıN > Çanta - aksesuar,Siyah,790.0,790.0,0.0,TRY,0.0,,,
205470744,Baskılı bandana,Bershka,KADıN > Çanta - aksesuar,Kahverengi,590.0,590.0,0.0,TRY,0.0,,,
208126697,Bere,Bershka,KADıN > Çanta - aksesuar,Krem,790.0,790.0,0.0,TRY,0.0,,,
209126888,Suni deri eldiven,Bershka,KADıN > Çanta - aksesuar,Siyah,790.0,790.0,0.0,TRY,0.0,,,
209126887,Suni deri eldiven,Bershka,KADıN > Çanta - aksesuar,Kahverengi,790.0,790.0,0.0,TRY,0.0,,,
209126909,Crystal petals 100 ml,Bershka,KADıN > Çanta - aksesuar,Gümüş,1090.0,1090.0,0.0,TRY,0.0,,,
209121405,Love Letter 100ml,Bershka,KADıN > Çanta - aksesuar,Pembe,790.0,790.0,0.0,TRY,0.0,,,
209121403,Sweet Peony 100ml,Bershka,KADıN > Çanta - aksesuar,Turuncu,790.0,790.0,0.0,TRY,0.0,,,
209484579,Suni deri eldiven,Bershka,KADıN > Çanta - aksesuar,Kızıl kahverengi,790.0,790.0,0.0,TRY,0.0,,,
209126886,Suni deri eldiven,Bershka,KADıN > Çanta - aksesuar,Kızıl kahverengi,790.0,790.0,0.0,TRY,0.0,,,
208851222,3’lü turkuaz efektli kolye seti,Bershka,KADıN > Çanta - aksesuar,Gümüş,790.0,790.0,0.0,TRY,0.0,,,
208851207,Çiçek uçlu boncuklu kolye,Bershka,KADıN > Çanta - aksesuar,Kahverengi,590.0,590.0,0.0,TRY,0.0,,,
209007189,Yumuşak dokunuşlu püsküllü fular,Bershka,KADıN > Çanta - aksesuar,Krem,790.0,790.0,0.0,TRY,0.0,,,
209138798,Halkalı zincir kemer,Bershka,KADıN > Çanta - aksesuar,Gümüş,590.0,590.0,0.0,TRY,0.0,,,
209138799,Halkalı zincir kemer,Bershka,KADıN > Çanta - aksesuar,Altın,590.0,590.0,0.0,TRY,0.0,,,
206517050,3’lü taşlı sallantılı küpe seti,Bershka,KADıN > Çanta - aksesuar,Kahverengi,590.0,590.0,0.0,TRY,0.0,,,
206517996,4’lü taşlı yüzük seti,Bershka,KADıN > Çanta - aksesuar,Altın,590.0,590.0,0.0,TRY,0.0,,,
209128243,Külotlu çorap,Bershka,KADıN > Çanta - aksesuar,Pembe,590.0,590.0,0.0,TRY,0.0,,,
209121434,Puanlı tül külotlu çorap,Bershka,KADıN > Çanta - aksesuar,Beyaz,790.0,790.0,0.0,TRY,0.0,,,
208851233,İp çiçek kolye,Bershka,KADıN > Çanta - aksesuar,Pembe,590.0,590.0,0.0,TRY,0.0,,,
208851244,Çiçekli küpe,Bershka,KADıN > Çanta - aksesuar,Pembe,490.0,490.0,0.0,TRY,0.0,,,
209007200,3’lü çiçek yüzük seti,Bershka,KADıN > Çanta - aksesuar,Altın,590.0,590.0,0.0,TRY,0.0,,,
208851232,Sert çiçekli choker kolye,Bershka,KADıN > Çanta - aksesuar,Pembe,590.0,590.0,0.0,TRY,0.0,,,
208851245,Çiçekli küpe,Bershka,KADıN > Çanta - aksesuar,Pembe,590.0,590.0,0.0,TRY,0.0,,,
206517049,Taşlı kolye ucu,Bershka,KADıN > Çanta - aksesuar,Altın,590.0,590.0,0.0,TRY,0.0,,,
206370792,3'lü örgülü halka küpe seti,Bershka,KADıN > Çanta - aksesuar,Altın,490.0,490.0,0.0,TRY,0.0,,,
209138802,2'li çiçek saç tokası seti,Bershka,KADıN > Çanta - aksesuar,Pembe,550.0,550.0,0.0,TRY,0.0,,,
209121251,2'li çiçekli toka,Bershka,KADıN > Çanta - aksesuar,Pembe,550.0,550.0,0.0,TRY,0.0,,,
209121415,3'lü bilekte çorap paketi,Bershka,KADıN > Çanta - aksesuar,Gri,550.0,550.0,0.0,TRY,0.0,,,
209128292,2'li spor çorap paketi,Bershka,KADıN > Çanta - aksesuar,Beyaz,550.0,550.0,0.0,TRY,0.0,,,
206517997,9'lu strass yüzük seti,Bershka,KADıN > Çanta - aksesuar,Altın,490.0,490.0,0.0,TRY,0.0,,,
209007193,9'lu ince yüzük seti,Bershka,KADıN > Çanta - aksesuar,Gümüş,490.0,490.0,0.0,TRY,0.0,,,
209100341,Puantiye desenli telefon kılıfı,Bershka,KADıN > Çanta - aksesuar,Sarı,490.0,490.0,0.0,TRY,0.0,,,
207914987,Puantiye desenli üçgen fular,Bershka,KADıN > Çanta - aksesuar,Pembe,590.0,590.0,0.0,TRY,0.0,,,
208134167,Desenli bandana,Bershka,KADıN > Çanta - aksesuar,Kahverengi,490.0,490.0,0.0,TRY,0.0,,,
210545239,Dantelli saten fular,Bershka,KADıN > Çanta - aksesuar,Siyah,790.0,790.0,0.0,TRY,0.0,,,
209441401,Wild Jungle Love vücut spreyi 250 ml,Bershka,KADıN > Çanta - aksesuar,Kahverengi,590.0,590.0,0.0,TRY,0.0,,,
209441971,Sunrise pineapple crush vücut spreyi 250 ml,Bershka,KADıN > Çanta - aksesuar,Sarı,590.0,590.0,0.0,TRY,0.0,,,
209126893,Tuzlu Antep Fıstığı ezmesi vücut spreyi 250ml.,Bershka,KADıN > Çanta - aksesuar,Yeşil,590.0,590.0,0.0,TRY,0.0,,,
209485337,Fierce savage kiss vücut spreyi 250 ml,Bershka,KADıN > Çanta - aksesuar,Siyah,590.0,590.0,0.0,TRY,0.0,,,
209121263,Sunrise pineapple crush vücut spreyi 250 ml,Bershka,KADıN > Çanta - aksesuar,Sarı,590.0,590.0,0.0,TRY,0.0,,,
209441916,Beyaz çikolata çiçeği vücut spreyi 250 ml,Bershka,KADıN > Çanta - aksesuar,Kırmızı,590.0,590.0,0.0,TRY,0.0,,,
209138712,Fierce savage kiss vücut spreyi 250 ml,Bershka,KADıN > Çanta - aksesuar,Siyah,590.0,590.0,0.0,TRY,0.0,,,
209126968,Wild Jungle Love vücut spreyi 250 ml,Bershka,KADıN > Çanta - aksesuar,Kahverengi,590.0,590.0,0.0,TRY,0.0,,,
209121454,Beyaz çikolata çiçeği vücut spreyi 250 ml,Bershka,KADıN > Çanta - aksesuar,Kırmızı,590.0,590.0,0.0,TRY,0.0,,,
210136284,Halkalı kemer,Bershka,KADıN > Çanta - aksesuar,Kahverengi,790.0,790.0,0.0,TRY,0.0,,,
207955060,3’lü reçine efektli bileklik seti,Bershka,KADıN > Çanta - aksesuar,Kahverengi,990.0,990.0,0.0,TRY,0.0,,,
209100374,2'li çiçekli toka,Bershka,KADıN > Çanta - aksesuar,Bordo,550.0,550.0,0.0,TRY,0.0,,,
211238915,Basic çorap,Bershka,KADıN > Çanta - aksesuar,Fuşya,450.0,450.0,0.0,TRY,0.0,,,
211238916,Basic çorap,Bershka,KADıN > Çanta - aksesuar,Mavi,450.0,450.0,0.0,TRY,0.0,,,
209121311,Kremalı Mocha Parfüm 100 ml,Bershka,KADıN > Çanta - aksesuar,Kahverengi,790.0,790.0,0.0,TRY,0.0,,,
209132507,Coconut Glow Parfüm 100 ml,Bershka,KADıN > Çanta - aksesuar,Pembe,790.0,790.0,0.0,TRY,0.0,,,
209126906,Rilakkuma Telefon Kılıfı,Bershka,KADıN > Çanta - aksesuar,Kahverengi,990.0,990.0,0.0,TRY,0.0,,,
209132518,6’lı yıldız vantuz paketi,Bershka,KADıN > Çanta - aksesuar,Kırmızı,490.0,490.0,0.0,TRY,0.0,,,
209126937,Honey Lush 150 ml,Bershka,KADıN > Çanta - aksesuar,Altın,490.0,490.0,0.0,TRY,0.0,,,
209105932,Juicy Rouge 150 ml,Bershka,KADıN > Çanta - aksesuar,Kırmızı,490.0,490.0,0.0,TRY,0.0,,,
209121258,Meyvemsi Çekicilik Vücut Spreyi 150ml,Bershka,KADıN > Çanta - aksesuar,Mor,490.0,490.0,0.0,TRY,0.0,,,
209100358,Berry Lips 150 ml,Bershka,KADıN > Çanta - aksesuar,Fuşya,490.0,490.0,0.0,TRY,0.0,,,
207810777,Puantiyeli bandana,Bershka,KADıN > Çanta - aksesuar,Kahverengi,590.0,590.0,0.0,TRY,0.0,,,
211722897,4’lü sarkıt kolye seti,Bershka,KADıN > Çanta - aksesuar,Altın,790.0,790.0,0.0,TRY,0.0,,,
208851206,Yıldız lariat kolye,Bershka,KADıN > Çanta - aksesuar,Altın,490.0,490.0,0.0,TRY,0.0,,,
206517990,3’lü boncuk kolye seti,Bershka,KADıN > Çanta - aksesuar,Altın,590.0,590.0,0.0,TRY,0.0,,,
212509297,2’li fisto işlemeli toka paketi,Bershka,KADıN > Çanta - aksesuar,Beyaz,590.0,590.0,0.0,TRY,0.0,,,
204654995,Ekstra uzun atkı,Bershka,KADıN > Çanta - aksesuar,Kahverengi,790.0,790.0,0.0,TRY,0.0,,,
209128319,Örgü pañoleta,Bershka,KADıN > Çanta - aksesuar,Kahverengi,990.0,990.0,0.0,TRY,0.0,,,
207842969,Kareli şapka,Bershka,KADıN > Çanta - aksesuar,Kırçıllı gri,1090.0,1090.0,0.0,TRY,0.0,,,
206640505,Çizgili kaykaycı bere,Bershka,KADıN > Çanta - aksesuar,Sarı,790.0,790.0,0.0,TRY,0.0,,,
205462794,Ekstra uzun çizgili atkı,Bershka,KADıN > Çanta - aksesuar,Sarı,1090.0,1090.0,0.0,TRY,0.0,,,
213615959,Ekstra uzun çizgili atkı,Bershka,KADıN > Çanta - aksesuar,Sarı,1090.0,1090.0,0.0,TRY,0.0,,,
218801668,Çizgili kravat,Bershka,KADıN > Çanta - aksesuar,Sarı,790.0,790.0,0.0,TRY,0.0,,,
207583766,Çizgili kravat,Bershka,KADıN > Çanta - aksesuar,Sarı,790.0,790.0,0.0,TRY,0.0,,,
207583767,Kareli kravat,Bershka,KADıN > Çanta - aksesuar,Gri,790.0,790.0,0.0,TRY,0.0,,,
218802009,Asetat güneş gözlüğü,Bershka,KADıN > Çanta - aksesuar,Kahverengi,790.0,790.0,0.0,TRY,0.0,,,
209441898,2'li fitilli çorap paketi,Bershka,KADıN > Çanta - aksesuar,Siyah,550.0,550.0,0.0,TRY,0.0,,,
209121308,2'li fitilli çorap paketi,Bershka,KADıN > Çanta - aksesuar,Siyah,550.0,550.0,0.0,TRY,0.0,,,
209126854,Baklava desenli çorap,Bershka,KADıN > Çanta - aksesuar,Siyah,490.0,490.0,0.0,TRY,0.0,,,
208882951,3'lü toka paketi,Bershka,KADıN > Çanta - aksesuar,Sarı,490.0,490.0,0.0,TRY,0.0,,,
212707686,Zımbalı suni deri telefon kılıfı,Bershka,KADıN > Çanta - aksesuar,Sarı,790.0,790.0,0.0,TRY,0.0,,,
208851220,4’lü deniz temalı kolye seti,Bershka,KADıN > Çanta - aksesuar,Krem,590.0,590.0,0.0,TRY,0.0,,,
208851234,İp detaylı çivili kolye,Bershka,KADıN > Çanta - aksesuar,Kahverengi,590.0,590.0,0.0,TRY,0.0,,,
208851208,3’lü uçlu kolye seti,Bershka,KADıN > Çanta - aksesuar,Altın,790.0,790.0,0.0,TRY,0.0,,,
204272664,Pullu örgü bere,Bershka,KADıN > Çanta - aksesuar,Siyah,1190.0,1190.0,0.0,TRY,0.0,,,
209121445,Oval kemik çerçeveli gözlük,Bershka,KADıN > Çanta - aksesuar,Kahverengi,790.0,790.0,0.0,TRY,0.0,,,
209121168,Dikdörtgen kemik çerçeveli mavi ışık filtreli gözlük,Bershka,KADıN > Çanta - aksesuar,Bordo,790.0,790.0,0.0,TRY,,,,
208851249,Çerçevesiz okuma gözlüğü,Bershka,KADıN > Çanta - aksesuar,Beyaz,790.0,790.0,0.0,TRY,0.0,,,
206336858,Çerçevesiz güneş gözlüğü,Bershka,KADıN > Çanta - aksesuar,Kahverengi,790.0,790.0,0.0,TRY,0.0,,,
206336859,Çerçevesiz güneş gözlüğü,Bershka,KADıN > Çanta - aksesuar,Pembe,790.0,790.0,0.0,TRY,0.0,,,
208851238,4’lü taşlı bileklik seti,Bershka,KADıN > Çanta - aksesuar,Altın,790.0,790.0,0.0,TRY,0.0,,,
207319949,3’lü reçine efektli bileklik seti,Bershka,KADıN > Çanta - aksesuar,Siyah,790.0,790.0,0.0,TRY,0.0,,,
207921137,2’li baskılı kürk bant,Bershka,KADıN > Çanta - aksesuar,Çok renkli,590.0,590.0,0.0,TRY,0.0,,,
210545257,İp uçlu kolye,Bershka,KADıN > Çanta - aksesuar,Altın,490.0,490.0,0.0,TRY,0.0,,,
209126911,9’lu yıldız küpe paketi,Bershka,KADıN > Çanta - aksesuar,Altın,590.0,590.0,0.0,TRY,0.0,,,
209620267,Dantelli pareo etek,Bershka,KADıN > Çanta - aksesuar,Krem,1190.0,1190.0,0.0,TRY,0.0,,,
209620266,Dantelli pareo etek,Bershka,KADıN > Çanta - aksesuar,Kahverengi,1190.0,1190.0,0.0,TRY,0.0,,,
208851230,Madalyon kolye,Bershka,KADıN > Çanta - aksesuar,Altın,590.0,590.0,0.0,TRY,0.0,,,
206517053,Çiçekli küpe,Bershka,KADıN > Çanta - aksesuar,Altın,490.0,490.0,0.0,TRY,0.0,,,
208851205,Puantiye kravat fular,Bershka,KADıN > Çanta - aksesuar,Krem,590.0,590.0,0.0,TRY,0.0,,,
206016426,Chocolate Dubai Vücut Spreyi 250 ml,Bershka,KADıN > Çanta - aksesuar,Kahverengi,590.0,590.0,0.0,TRY,0.0,,,
206007580,Matcha latte vücut spreyi 250 ml,Bershka,KADıN > Çanta - aksesuar,Yeşil,590.0,590.0,0.0,TRY,0.0,,,
207223945,3'lü halka küpe seti,Bershka,KADıN > Çanta - aksesuar,Altın,490.0,490.0,0.0,TRY,0.0,,,
206370790,3'lü halka küpe seti,Bershka,KADıN > Çanta - aksesuar,Gümüş,490.0,490.0,0.0,TRY,0.0,,,
210545236,Örme kasket şapka,Bershka,KADıN > Çanta - aksesuar,Kahverengi,990.0,990.0,0.0,TRY,0.0,,,
209725429,Parlak taşlı zincir kemer,Bershka,KADıN > Çanta - aksesuar,Altın,790.0,790.0,0.0,TRY,0.0,,,
206859241,3'lü reçine görünümlü küpe paketi,Bershka,KADıN > Çanta - aksesuar,Kahverengi,490.0,490.0,0.0,TRY,0.0,,,
207223944,2’li dantelli saç bandı,Bershka,KADıN > Çanta - aksesuar,Krem,590.0,590.0,0.0,TRY,0.0,,,
208851235,Taşlı zincir kemer,Bershka,KADıN > Çanta - aksesuar,Gümüş,790.0,790.0,0.0,TRY,0.0,,,
206517995,7'li boncuklu yüzük seti,Bershka,KADıN > Çanta - aksesuar,Altın,490.0,490.0,0.0,TRY,0.0,,,
206517052,Sembollü küpe,Bershka,KADıN > Çanta - aksesuar,Altın,490.0,490.0,0.0,TRY,0.0,,,
206517999,2'li sallantılı küpe paketi,Bershka,KADıN > Çanta - aksesuar,Altın,490.0,490.0,0.0,TRY,0.0,,,
211722889,Suni süet kemer,Bershka,KADıN > Çanta - aksesuar,Kahverengi,790.0,790.0,0.0,TRY,0.0,,,
209452233,Dövme zincir,Bershka,KADıN > Çanta - aksesuar,Altın,790.0,790.0,0.0,TRY,0.0,,,
209484653,Dikdörtgen kemik çerçeveli mavi ışık filtreli gözlük,Bershka,KADıN > Çanta - aksesuar,Bordo,790.0,790.0,0.0,TRY,,,,
215063938,Kısa kollu büzgülü tişört,Bershka,KADıN > Basic,Açık mavi,490.0,490.0,0.0,TRY,0.0,,,
215064432,Kısa kollu büzgülü tişört,Bershka,KADıN > Basic,Siyah,490.0,490.0,0.0,TRY,0.0,,,
215064433,Kısa kollu büzgülü tişört,Bershka,KADıN > Basic,Kirli beyaz,490.0,490.0,0.0,TRY,0.0,,,
215063939,Kısa kollu büzgülü tişört,Bershka,KADıN > Basic,Kahverengi,490.0,490.0,0.0,TRY,0.0,,,
209441748,Kısa kollu bisiklet yaka tişört,Bershka,KADıN > Basic,Kirli beyaz,350.0,350.0,0.0,TRY,0.0,,,
213616013,Kısa kollu bisiklet yaka tişört,Bershka,KADıN > Basic,Beyaz,350.0,350.0,0.0,TRY,0.0,,,
213616015,Kısa kollu bisiklet yaka tişört,Bershka,KADıN > Basic,Siyah,350.0,350.0,0.0,TRY,0.0,,,
213616016,Kısa kollu bisiklet yaka tişört,Bershka,KADıN > Basic,Kırmızı,350.0,350.0,0.0,TRY,0.0,,,
213616012,Kısa kollu bisiklet yaka tişört,Bershka,KADıN > Basic,Gri,350.0,350.0,0.0,TRY,0.0,,,
213616505,Kısa kollu bisiklet yaka tişört,Bershka,KADıN > Basic,Bordo,350.0,350.0,0.0,TRY,0.0,,,
213616018,Kısa kollu bisiklet yaka tişört,Bershka,KADıN > Basic,Siyah,350.0,350.0,0.0,TRY,0.0,,,
213616073,Kısa kollu bisiklet yaka tişört,Bershka,KADıN > Basic,Pembe,350.0,350.0,0.0,TRY,0.0,,,
213616051,Kısa kollu bisiklet yaka tişört,Bershka,KADıN > Basic,Lime,350.0,350.0,0.0,TRY,0.0,,,
213616530,Kısa kollu bisiklet yaka tişört,Bershka,KADıN > Basic,Mavi,350.0,350.0,0.0,TRY,0.0,,,
213616019,Kısa kollu bisiklet yaka tişört,Bershka,KADıN > Basic,Pembe,350.0,350.0,0.0,TRY,0.0,,,
213616008,Kısa kollu bisiklet yaka tişört,Bershka,KADıN > Basic,Denizci mavisi,350.0,350.0,0.0,TRY,0.0,,,
213616547,Boxy fit çizgili tişört,Bershka,KADıN > Basic,Beyaz,790.0,790.0,0.0,TRY,0.0,,,
213616075,Boxy fit kısa kollu tişört,Bershka,KADıN > Basic,Siyah,590.0,590.0,0.0,TRY,0.0,,,
213616076,Boxy fit kısa kollu tişört,Bershka,KADıN > Basic,Kirli beyaz,590.0,590.0,0.0,TRY,0.0,,,
213616074,Boxy fit çizgili tişört,Bershka,KADıN > Basic,Pembe,790.0,790.0,0.0,TRY,0.0,,,
213616546,Boxy fit çizgili tişört,Bershka,KADıN > Basic,Beyaz,790.0,790.0,0.0,TRY,0.0,,,
213616552,Kısa kollu basic tişört,Bershka,KADıN > Basic,Kirli beyaz,490.0,490.0,0.0,TRY,0.0,,,
213616553,Kısa kollu basic tişört,Bershka,KADıN > Basic,Siyah,490.0,490.0,0.0,TRY,0.0,,,
213616078,Kısa kollu basic tişört,Bershka,KADıN > Basic,Pembe,490.0,490.0,0.0,TRY,0.0,,,
213616555,Kısa kollu basic tişört,Bershka,KADıN > Basic,Kahverengi,490.0,490.0,0.0,TRY,0.0,,,
213616556,Ribbed basic kısa kollu tişört,Bershka,KADıN > Basic,Gri,450.0,450.0,0.0,TRY,0.0,,,
213616568,Ribbed basic kısa kollu tişört,Bershka,KADıN > Basic,Siyah,450.0,450.0,0.0,TRY,0.0,,,
213616557,Ribbed basic kısa kollu tişört,Bershka,KADıN > Basic,Haki,450.0,450.0,0.0,TRY,0.0,,,
213616554,Ribbed basic kısa kollu tişört,Bershka,KADıN > Basic,Kirli beyaz,450.0,450.0,0.0,TRY,0.0,,,
213278463,Ribbed basic kısa kollu tişört,Bershka,KADıN > Basic,Gri,450.0,450.0,0.0,TRY,0.0,,,
215063935,Fitilli temel askılı tişört,Bershka,KADıN > Basic,Pembe,350.0,350.0,0.0,TRY,0.0,,,
215064430,Fitilli temel askılı tişört,Bershka,KADıN > Basic,Kirli beyaz,350.0,350.0,0.0,TRY,0.0,,,
215064431,Fitilli temel askılı tişört,Bershka,KADıN > Basic,Denizci mavisi,350.0,350.0,0.0,TRY,0.0,,,
215063936,Fitilli temel askılı tişört,Bershka,KADıN > Basic,Gri,350.0,350.0,0.0,TRY,0.0,,,
215063934,Fitilli temel askılı tişört,Bershka,KADıN > Basic,Siyah,350.0,350.0,0.0,TRY,0.0,,,
215063937,Fitilli temel askılı tişört,Bershka,KADıN > Basic,Gri,350.0,350.0,0.0,TRY,0.0,,,
215063941,Kısa kollu roll up baskılı tişört,Bershka,KADıN > Basic,Kırmızı,790.0,790.0,0.0,TRY,0.0,,,
215063946,Kısa kollu roll up baskılı tişört,Bershka,KADıN > Basic,Gri,790.0,790.0,0.0,TRY,0.0,,,
215064434,Kısa kollu roll up baskılı tişört,Bershka,KADıN > Basic,Kırmızı,790.0,790.0,0.0,TRY,0.0,,,
215064443,Kısa kollu roll up baskılı tişört,Bershka,KADıN > Basic,Gri,790.0,790.0,0.0,TRY,0.0,,,
215063942,Kısa kollu roll up baskılı tişört,Bershka,KADıN > Basic,Beyaz,790.0,790.0,0.0,TRY,0.0,,,
215063940,Kısa kollu roll up baskılı tişört,Bershka,KADıN > Basic,Beyaz,790.0,790.0,0.0,TRY,0.0,,,
215063953,Kısa kollu roll up baskılı tişört,Bershka,KADıN > Basic,Gri,790.0,790.0,0.0,TRY,0.0,,,
218801682,Barrel fit pantolon,Bershka,KADıN > ÖZEL FİYATLAR,Bej,2290.0,1600.0,30.13,TRY,,,,
218801625,Asimetrik dantelli saten askılı top,Bershka,KADıN > ÖZEL FİYATLAR,Açık mavi,1190.0,830.0,30.25,TRY,0.0,,,
218801330,Fermuarlı kapüşonlu zımbalı sweatshirt,Bershka,KADıN > ÖZEL FİYATLAR,Kahverengi,2290.0,1600.0,30.13,TRY,0.0,,,
218801327,Asimetrik kloş uzun kollu mini elbise,Bershka,KADıN > ÖZEL FİYATLAR,Kahverengi,1490.0,1040.0,30.2,TRY,,,,
213615861,Düşük bel zımbalı baggy fit jean,Bershka,KADıN > ÖZEL FİYATLAR,Denizci mavisi,2290.0,1600.0,30.13,TRY,0.0,,,
213278458,V yaka yumuşak dokulu kazak,Bershka,KADıN > ÖZEL FİYATLAR,Kum rengi,1590.0,1110.0,30.19,TRY,,,,
209484852,Baskılı kapüşonlu sweatshirt,Bershka,KADıN > ÖZEL FİYATLAR,Denizci mavisi,1690.0,1180.0,30.18,TRY,,,,
209441382,Baskılı kapüşonlu sweatshirt,Bershka,KADıN > ÖZEL FİYATLAR,Koyu gri,1690.0,1180.0,30.18,TRY,0.0,,,
213616411,Baskılı kapüşonlu sweatshirt,Bershka,KADıN > COMBO WINS %,Kırmızı,1790.0,1790.0,0.0,TRY,0.0,,,
213615891,Fitilli temel askılı tişört,Bershka,KADıN > COMBO WINS %,Kirli beyaz,350.0,350.0,0.0,TRY,0.0,,,
213615906,Baskılı kapüşonlu sweatshirt,Bershka,KADıN > COMBO WINS %,Pembe,1790.0,1790.0,0.0,TRY,0.0,,,
213615901,Boxy fit çizgili tişört,Bershka,KADıN > COMBO WINS %,Pembe,790.0,790.0,0.0,TRY,0.0,,,
213615905,Kısa kollu basic tişört,Bershka,KADıN > COMBO WINS %,Kirli beyaz,490.0,490.0,0.0,TRY,0.0,,,
213615900,Boxy fit çizgili tişört,Bershka,KADıN > COMBO WINS %,Beyaz,790.0,790.0,0.0,TRY,0.0,,,
213615899,Baskılı geniş paça şardonlu eşofman altı,Bershka,KADıN > COMBO WINS %,Kırmızı,1590.0,1590.0,0.0,TRY,0.0,,,
209442119,Modal karışımlı yumuşak flare fit pantolon,Bershka,KADıN > COMBO WINS %,Gri,1090.0,1090.0,0.0,TRY,0.0,,,
213616404,Baskılı geniş paça şardonlu eşofman altı,Bershka,KADıN > COMBO WINS %,Pembe,1590.0,1590.0,0.0,TRY,0.0,,,
213616419,Kısa kollu bisiklet yaka tişört,Bershka,KADıN > COMBO WINS %,Kırmızı,350.0,350.0,0.0,TRY,0.0,,,
209441750,Kısa kollu bisiklet yaka tişört,Bershka,KADıN > COMBO WINS %,Kirli beyaz,350.0,350.0,0.0,TRY,0.0,,,
213616420,Kısa kollu bisiklet yaka tişört,Bershka,KADıN > COMBO WINS %,Pembe,350.0,350.0,0.0,TRY,0.0,,,
215064302,Baskılı kapüşonlu sweatshirt,Bershka,KADıN > COMBO WINS %,Sarı,1790.0,1790.0,0.0,TRY,0.0,,,
209441415,Kapüşonlu oversize fermuarlı sweatshirt,Bershka,KADıN > COMBO WINS %,Kahverengi,1490.0,1490.0,0.0,TRY,0.0,,,
215063801,Baskılı kapüşonlu sweatshirt,Bershka,KADıN > COMBO WINS %,Koyu gri,1790.0,1790.0,0.0,TRY,0.0,,,
215064303,Baskılı barrel fit şardonlu eşofman altı,Bershka,KADıN > COMBO WINS %,Sarı,1790.0,1790.0,0.0,TRY,0.0,,,
207373719,Stoperli barrel fit şardonlu pantolon,Bershka,KADıN > COMBO WINS %,Kahverengi,1590.0,1590.0,0.0,TRY,0.0,,,
215063802,Baskılı barrel fit şardonlu eşofman altı,Bershka,KADıN > COMBO WINS %,Koyu gri,1790.0,1790.0,0.0,TRY,0.0,,,
213615896,Ribbed basic kısa kollu tişört,Bershka,KADıN > COMBO WINS %,Haki,450.0,450.0,0.0,TRY,0.0,,,
213616402,Ribbed basic kısa kollu tişört,Bershka,KADıN > COMBO WINS %,Kirli beyaz,450.0,450.0,0.0,TRY,0.0,,,
213616401,Ribbed basic kısa kollu tişört,Bershka,KADıN > COMBO WINS %,Siyah,450.0,450.0,0.0,TRY,0.0,,,
213615904,Stoperli barrel fit şardonlu eşofman altı,Bershka,KADıN > COMBO WINS %,Haki,1590.0,1590.0,0.0,TRY,0.0,,,
213616406,Stoperli barrel fit şardonlu eşofman altı,Bershka,KADıN > COMBO WINS %,Gri,1590.0,1590.0,0.0,TRY,0.0,,,
213615903,Stoperli barrel fit şardonlu eşofman altı,Bershka,KADıN > COMBO WINS %,Gri,1590.0,1590.0,0.0,TRY,0.0,,,
213616410,Boxy fit kısa kollu tişört,Bershka,KADıN > COMBO WINS %,Kirli beyaz,590.0,590.0,0.0,TRY,0.0,,,
213615914,Kısa kollu bisiklet yaka tişört,Bershka,KADıN > COMBO WINS %,Siyah,350.0,350.0,0.0,TRY,0.0,,,
213616409,Boxy fit kısa kollu tişört,Bershka,KADıN > COMBO WINS %,Siyah,590.0,590.0,0.0,TRY,0.0,,,
208227433,Baskılı jogger fit şardonlu eşofman altı,Bershka,KADıN > COMBO WINS %,Pembe,1490.0,1490.0,0.0,TRY,0.0,,,
209441843,Şardonlu eşofman altı,Bershka,KADıN > COMBO WINS %,Gri,1090.0,1090.0,0.0,TRY,0.0,,,
208227434,Baskılı jogger fit şardonlu eşofman altı,Bershka,KADıN > COMBO WINS %,Denizci mavisi,1490.0,1490.0,0.0,TRY,0.0,,,
209441824,Uzun kollu tişört,Bershka,KADıN > COMBO WINS %,Pembe,550.0,550.0,0.0,TRY,0.0,,,
209441816,Uzun kollu tişört,Bershka,KADıN > COMBO WINS %,Koyu gri,550.0,550.0,0.0,TRY,0.0,,,
209441943,Uzun kollu tişört,Bershka,KADıN > COMBO WINS %,Denizci mavisi,550.0,550.0,0.0,TRY,0.0,,,
209484606,Kapüşonlu oversize fermuarlı sweatshirt,Bershka,KADıN > COMBO WINS %,Gri,1490.0,1490.0,0.0,TRY,0.0,,,
209441438,Kapüşonlu oversize fermuarlı sweatshirt,Bershka,KADıN > COMBO WINS %,Siyah,1490.0,1490.0,0.0,TRY,0.0,,,
209441939,Kapüşonlu oversize fermuarlı sweatshirt,Bershka,KADıN > COMBO WINS %,Denizci mavisi,1490.0,1490.0,0.0,TRY,0.0,,,
209441993,Askılı top,Bershka,KADıN > COMBO WINS %,Kirli beyaz,350.0,350.0,0.0,TRY,0.0,,,
209484715,Askılı top,Bershka,KADıN > COMBO WINS %,Açık mavi,350.0,350.0,0.0,TRY,0.0,,,
209442061,Askılı top,Bershka,KADıN > COMBO WINS %,Denizci mavisi,350.0,350.0,0.0,TRY,0.0,,,
209441926,Stoperli barrel fit şardonlu pantolon,Bershka,KADıN > COMBO WINS %,Gri,1590.0,1590.0,0.0,TRY,0.0,,,
209442081,Stoperli barrel fit şardonlu pantolon,Bershka,KADıN > COMBO WINS %,Siyah,1590.0,1590.0,0.0,TRY,0.0,,,
209442075,Stoperli barrel fit şardonlu pantolon,Bershka,KADıN > COMBO WINS %,Denizci mavisi,1590.0,1590.0,0.0,TRY,0.0,,,
215064305,Kısa kollu büzgülü tişört,Bershka,KADıN > COMBO WINS %,Kirli beyaz,490.0,490.0,0.0,TRY,0.0,,,
215064304,Kısa kollu büzgülü tişört,Bershka,KADıN > COMBO WINS %,Açık mavi,490.0,490.0,0.0,TRY,0.0,,,
215064306,Kısa kollu büzgülü tişört,Bershka,KADıN > COMBO WINS %,Siyah,490.0,490.0,0.0,TRY,0.0,,,
209485305,Kapüşonlu modal fermuarlı sweatshirt,Bershka,KADıN > COMBO WINS %,Bordo,1190.0,1190.0,0.0,TRY,0.0,,,
209441724,Kapüşonlu modal fermuarlı sweatshirt,Bershka,KADıN > COMBO WINS %,Siyah,1190.0,1190.0,0.0,TRY,0.0,,,
209484840,Uzun kollu tişört,Bershka,KADıN > COMBO WINS %,Kirli beyaz,550.0,550.0,0.0,TRY,0.0,,,
209441612,Uzun kollu tişört,Bershka,KADıN > COMBO WINS %,Bordo,550.0,550.0,0.0,TRY,0.0,,,
209484588,Uzun kollu tişört,Bershka,KADıN > COMBO WINS %,Siyah,550.0,550.0,0.0,TRY,0.0,,,
209442064,Yumuşak dokulu geniş paça pantolon,Bershka,KADıN > COMBO WINS %,Gri,1490.0,1490.0,0.0,TRY,0.0,,,
209485153,Yumuşak dokulu geniş paça pantolon,Bershka,KADıN > COMBO WINS %,Bordo,1490.0,1490.0,0.0,TRY,0.0,,,
209485178,Yumuşak wide leg pantolon,Bershka,KADıN > COMBO WINS %,Siyah,1490.0,1490.0,0.0,TRY,0.0,,,
215064426,Rib askılı tişört,Bershka,KADıN > COMBO WINS %,Kirli beyaz,350.0,350.0,0.0,TRY,0.0,,,
215064425,Rib askılı tişört,Bershka,KADıN > COMBO WINS %,Kahverengi,350.0,350.0,0.0,TRY,0.0,,,
215063922,Rib askılı tişört,Bershka,KADıN > COMBO WINS %,Gri,350.0,350.0,0.0,TRY,0.0,,,
209484672,Askılı top,Bershka,KADıN > COMBO WINS %,Siyah,350.0,350.0,0.0,TRY,0.0,,,
213615893,Fitilli temel askılı tişört,Bershka,KADıN > COMBO WINS %,Denizci mavisi,350.0,350.0,0.0,TRY,0.0,,,
213616400,Fitilli temel askılı tişört,Bershka,KADıN > COMBO WINS %,Siyah,350.0,350.0,0.0,TRY,0.0,,,
213615892,Fitilli temel askılı tişört,Bershka,KADıN > COMBO WINS %,Gri,350.0,350.0,0.0,TRY,0.0,,,
213616399,Fitilli temel askılı tişört,Bershka,KADıN > COMBO WINS %,Pembe,350.0,350.0,0.0,TRY,0.0,,,
213616417,Kısa kollu bisiklet yaka tişört,Bershka,KADıN > COMBO WINS %,Lime,350.0,350.0,0.0,TRY,0.0,,,
213616416,Kısa kollu bisiklet yaka tişört,Bershka,KADıN > COMBO WINS %,Beyaz,350.0,350.0,0.0,TRY,0.0,,,
213616418,Kısa kollu bisiklet yaka tişört,Bershka,KADıN > COMBO WINS %,Mavi,350.0,350.0,0.0,TRY,0.0,,,
209485332,Kısa kollu bisiklet yaka tişört,Bershka,KADıN > COMBO WINS %,Gri,350.0,350.0,0.0,TRY,0.0,,,
209441987,Kısa kollu bisiklet yaka tişört,Bershka,KADıN > COMBO WINS %,Siyah,350.0,350.0,0.0,TRY,0.0,,,
209442056,Kısa kollu bisiklet yaka tişört,Bershka,KADıN > COMBO WINS %,Denizci mavisi,350.0,350.0,0.0,TRY,0.0,,,
213615895,Ribbed basic kısa kollu tişört,Bershka,KADıN > COMBO WINS %,Gri,450.0,450.0,0.0,TRY,0.0,,,
213616627,Kısa kollu basic tişört,Bershka,KADıN > COMBO WINS %,Pembe,490.0,490.0,0.0,TRY,0.0,,,
213616407,Kısa kollu basic tişört,Bershka,KADıN > COMBO WINS %,Siyah,490.0,490.0,0.0,TRY,0.0,,,
209442020,Uzun kollu V yaka tişört,Bershka,KADıN > COMBO WINS %,Kirli beyaz,550.0,550.0,0.0,TRY,0.0,,,
209441337,Uzun kollu V yaka tişört,Bershka,KADıN > COMBO WINS %,Kahverengi,550.0,550.0,0.0,TRY,0.0,,,
209441848,Uzun kollu V yaka tişört,Bershka,KADıN > COMBO WINS %,Gri,550.0,550.0,0.0,TRY,0.0,,,
213615919,Dantelli uzun kollu tişört,Bershka,KADıN > COMBO WINS %,Açık mavi,790.0,790.0,0.0,TRY,0.0,,,
209441962,Uzun kollu V yaka tişört,Bershka,KADıN > COMBO WINS %,Açık mavi,550.0,550.0,0.0,TRY,0.0,,,
209441362,Dantelli uzun kollu tişört,Bershka,KADıN > COMBO WINS %,Denizci mavisi,790.0,790.0,0.0,TRY,0.0,,,
209441813,Uzun kollu V yaka tişört,Bershka,KADıN > COMBO WINS %,Siyah,550.0,550.0,0.0,TRY,0.0,,,
213615916,Uzun kollu çizgili tişört,Bershka,KADıN > COMBO WINS %,Bej,1090.0,1090.0,0.0,TRY,0.0,,,
213616422,Uzun kollu çizgili tişört,Bershka,KADıN > COMBO WINS %,Haki,1090.0,1090.0,0.0,TRY,0.0,,,
213615917,Uzun kollu çizgili tişört,Bershka,KADıN > COMBO WINS %,Koyu gri,1090.0,1090.0,0.0,TRY,0.0,,,
213616421,Uzun kollu çizgili tişört,Bershka,KADıN > COMBO WINS %,Siyah,1090.0,1090.0,0.0,TRY,0.0,,,
213615918,Uzun kollu çizgili tişört,Bershka,KADıN > COMBO WINS %,Gri,1090.0,1090.0,0.0,TRY,0.0,,,
209441652,Uzun kollu tişört,Bershka,KADıN > COMBO WINS %,Haki,550.0,550.0,0.0,TRY,0.0,,,
209485135,Uzun kollu tişört,Bershka,KADıN > COMBO WINS %,Kahverengi,550.0,550.0,0.0,TRY,0.0,,,
209441484,Uzun kollu tişört,Bershka,KADıN > COMBO WINS %,Mor,550.0,550.0,0.0,TRY,0.0,,,
209441393,Dantelli uzun kollu tişört,Bershka,KADıN > COMBO WINS %,Gri,790.0,790.0,0.0,TRY,0.0,,,
209442146,Dantelli uzun kollu tişört,Bershka,KADıN > COMBO WINS %,Bordo,790.0,790.0,0.0,TRY,0.0,,,
209485293,Dantelli uzun kollu tişört,Bershka,KADıN > COMBO WINS %,Siyah,790.0,790.0,0.0,TRY,0.0,,,
218188465,Stoperli barrel fit eşofman altı,Bershka,KADıN > COMBO WINS %,Siyah,1590.0,1590.0,0.0,TRY,0.0,,,
213616438,Yumuşak dokulu geniş paça pantolon,Bershka,KADıN > COMBO WINS %,Kırmızı,1490.0,1490.0,0.0,TRY,0.0,,,
209441551,Şardonlu eşofman altı,Bershka,KADıN > COMBO WINS %,Denizci mavisi,1090.0,1090.0,0.0,TRY,0.0,,,
209442109,Şardonlu eşofman altı,Bershka,KADıN > COMBO WINS %,Siyah,1090.0,1090.0,0.0,TRY,0.0,,,
208227435,Modal karışımlı yumuşak flare fit pantolon,Bershka,KADıN > COMBO WINS %,Denizci mavisi,1090.0,1090.0,0.0,TRY,0.0,,,
209485375,Modal karışımlı yumuşak flare fit pantolon,Bershka,KADıN > COMBO WINS %,Siyah,1090.0,1090.0,0.0,TRY,0.0,,,
213615910,Asimetrik kısa kollu tişört,Bershka,KADıN > COMBO WINS %,Kirli beyaz,790.0,790.0,0.0,TRY,0.0,,,
213616413,Asimetrik kısa kollu tişört,Bershka,KADıN > COMBO WINS %,Kırmızı,790.0,790.0,0.0,TRY,0.0,,,
213615908,Asimetrik kısa kollu tişört,Bershka,KADıN > COMBO WINS %,Siyah,790.0,790.0,0.0,TRY,0.0,,,
213616412,Asimetrik kısa kollu tişört,Bershka,KADıN > COMBO WINS %,Beyaz,790.0,790.0,0.0,TRY,0.0,,,
213615907,Asimetrik kısa kollu tişört,Bershka,KADıN > COMBO WINS %,Mavi,790.0,790.0,0.0,TRY,0.0,,,
213615909,Asimetrik kısa kollu tişört,Bershka,KADıN > COMBO WINS %,Denizci mavisi,790.0,790.0,0.0,TRY,0.0,,,
220330107,Kısa kollu oversize tişört,Bershka,KADıN > COMBO WINS %,Kirli beyaz,790.0,790.0,0.0,TRY,0.0,,,
220329608,Kısa kollu oversize tişört,Bershka,KADıN > COMBO WINS %,Denizci mavisi,790.0,790.0,0.0,TRY,0.0,,,
220329609,Kısa kollu oversize tişört,Bershka,KADıN > COMBO WINS %,Siyah,790.0,790.0,0.0,TRY,0.0,,,
213616414,Büzgülü bandeau top,Bershka,KADıN > COMBO WINS %,Kirli beyaz,590.0,590.0,0.0,TRY,0.0,,,
213616415,Büzgülü bandeau top,Bershka,KADıN > COMBO WINS %,Bordo,590.0,590.0,0.0,TRY,0.0,,,
213615911,Büzgülü bandeau top,Bershka,KADıN > COMBO WINS %,Siyah,590.0,590.0,0.0,TRY,0.0,,,
213615912,Büzgülü bandeau top,Bershka,KADıN > COMBO WINS %,Fuşya,590.0,590.0,0.0,TRY,0.0,,,
213615913,Büzgülü bandeau top,Bershka,KADıN > COMBO WINS %,Mercan,590.0,590.0,0.0,TRY,0.0,,,
218802084,Büzgülü bandeau top,Bershka,KADıN > COMBO WINS %,Pembe,590.0,590.0,0.0,TRY,0.0,,,
218801439,Asimetrik kısa kollu tişört,Bershka,KADıN > COMBO WINS %,Sarı,790.0,790.0,0.0,TRY,0.0,,,
218801440,Asimetrik kısa kollu tişört,Bershka,KADıN > COMBO WINS %,Kahverengi,790.0,790.0,0.0,TRY,0.0,,,
215063803,Kısa kollu büzgülü tişört,Bershka,KADıN > COMBO WINS %,Kahverengi,490.0,490.0,0.0,TRY,0.0,,,
209441828,Kısa kollu bisiklet yaka tişört,Bershka,KADıN > COMBO WINS %,Bordo,350.0,350.0,0.0,TRY,0.0,,,
213616408,Kısa kollu basic tişört,Bershka,KADıN > COMBO WINS %,Kahverengi,490.0,490.0,0.0,TRY,0.0,,,
209441449,Uzun kollu tişört,Bershka,KADıN > COMBO WINS %,Yeşil,550.0,550.0,0.0,TRY,0.0,,,
216376662,Dantelli askılı top,Bershka,KADıN > COMBO WINS %,Krem,790.0,790.0,0.0,TRY,0.0,,,
216376162,Dantelli askılı top,Bershka,KADıN > COMBO WINS %,Siyah,790.0,790.0,0.0,TRY,0.0,,,
216376163,Dantelli askılı top,Bershka,KADıN > COMBO WINS %,Açık mavi,790.0,790.0,0.0,TRY,0.0,,,
216376837,Askılı top,Bershka,KADıN > COMBO WINS %,Beyaz/Siyah,350.0,350.0,0.0,TRY,0.0,,,
209484569,Askılı top,Bershka,KADıN > COMBO WINS %,Pembe,350.0,350.0,0.0,TRY,0.0,,,
215063924,Rib askılı tişört,Bershka,KADıN > COMBO WINS %,Mercan,350.0,350.0,0.0,TRY,0.0,,,
215063923,Rib askılı tişört,Bershka,KADıN > COMBO WINS %,Siyah,350.0,350.0,0.0,TRY,0.0,,,
209442132,Kapüşonlu modal fermuarlı sweatshirt,Bershka,KADıN > COMBO WINS %,Gri,1190.0,1190.0,0.0,TRY,0.0,,,
209441618,Baskılı kapüşonlu sweatshirt,Bershka,KADıN > COMBO WINS %,Pembe,1690.0,1690.0,0.0,TRY,0.0,,,
209485104,Hızlı kuruyan ve nefes alabilen kısa kollu tişört,Bershka,Top ve body > Kısa Kollu,Beyaz,990.0,990.0,0.0,TRY,0.0,,,
209484811,Hızlı kuruyan ve nefes alabilen kısa kollu tişört,Bershka,Top ve body > Kısa Kollu,Kahverengi,990.0,990.0,0.0,TRY,0.0,,,
209484760,Kapüşonlu suni kürk ceket,Bershka,Ceket ve trençkot > Suni kürklü,Kahverengi,3690.0,3690.0,0.0,TRY,0.0,,,
209441488,Suni kürk ceket,Bershka,Ceket ve trençkot > Suni kürklü,Krem,3690.0,3690.0,0.0,TRY,,,,
209484762,Suni kürk ceket,Bershka,Ceket ve trençkot > Suni kürklü,Kahverengi,3690.0,3690.0,0.0,TRY,0.0,,,
209484764,Suni kürk ceket,Bershka,Ceket ve trençkot > Suni kürklü,Kahverengi,3690.0,3690.0,0.0,TRY,0.0,,,
220329711,Düşük bel dokulu ve desenli baggy fit jean,Bershka,Pantolon > Şalvar | Barrel,Kahverengi,2290.0,2290.0,0.0,TRY,0.0,,,
220329762,Teknik kapri pantolon stoperli,Bershka,Pantolon > KAPRİ,Beyaz,1590.0,1590.0,0.0,TRY,,,,
209441869,Hızlı kuruyan ve nefes alabilen fermuarlı sweatshirt,Bershka,Sweatshirt > Fermuarlı,Kahverengi,1590.0,1590.0,0.0,TRY,0.0,,,
209441661,Hızlı kuruyan ve nefes alabilen fermuarlı sweatshirt,Bershka,Sweatshirt > Fermuarlı,Siyah,1590.0,1590.0,0.0,TRY,0.0,,,
218801778,Kargo paraşüt jean,Bershka,BSK TEEN > Pantolon ve jean,Denizci mavisi,2290.0,2290.0,0.0,TRY,0.0,,,
217315787,Düşük bel zımbalı baggy fit jean,Bershka,BSK TEEN > Pantolon ve jean,Açık mavi,2290.0,2290.0,0.0,TRY,0.0,,,
215064428,Ribbed basic kısa kollu tişört,Bershka,BSK TEEN > T-shirt ve sweatshirt,Kirli beyaz,450.0,450.0,0.0,TRY,0.0,,,
215063926,Ribbed basic kısa kollu tişört,Bershka,BSK TEEN > T-shirt ve sweatshirt,Siyah,450.0,450.0,0.0,TRY,0.0,,,
215064427,Ribbed basic kısa kollu tişört,Bershka,BSK TEEN > T-shirt ve sweatshirt,Gri,450.0,450.0,0.0,TRY,0.0,,,
215063925,Ribbed basic kısa kollu tişört,Bershka,BSK TEEN > T-shirt ve sweatshirt,Haki,450.0,450.0,0.0,TRY,0.0,,,
218188472,Kısa kollu kontrast baskılı tişört,Bershka,BSK TEEN > T-shirt ve sweatshirt,Kirli beyaz,790.0,790.0,0.0,TRY,0.0,,,
218187986,Kısa kollu kontrast baskılı tişört,Bershka,BSK TEEN > T-shirt ve sweatshirt,Pembe,790.0,790.0,0.0,TRY,0.0,,,
218187987,Kısa kollu kontrast baskılı tişört,Bershka,BSK TEEN > T-shirt ve sweatshirt,Mavi,790.0,790.0,0.0,TRY,0.0,,,
209441239,Kapüşonlu modal fermuarlı sweatshirt,Bershka,BSK TEEN > T-shirt ve sweatshirt,Siyah,1190.0,1190.0,0.0,TRY,0.0,,,
209441299,Su geçirmez kürk kapüşonlu şişme ceket,Bershka,BSK TEEN > Ceket,Kum rengi,2290.0,2290.0,0.0,TRY,0.0,,,
216376640,Crop şişme yelek,Bershka,BSK TEEN > Ceket,Bej,1490.0,1490.0,0.0,TRY,0.0,,,
216376639,Örgü detaylı düğmeli hırka,Bershka,BSK TEEN > Triko,Sarı,1490.0,1490.0,0.0,TRY,0.0,,,
217315657,Kalın tabanlı kaykay ayakkabısı,Bershka,BSK TEEN > Ayakkabı,DERİ,2690.0,2690.0,0.0,TRY,0.0,,,
215064366,Kalın tabanlı kaykay ayakkabısı,Bershka,BSK TEEN > Ayakkabı,DERİ,2690.0,2690.0,0.0,TRY,0.0,,,
217315150,Kalın tabanlı kaykay ayakkabısı,Bershka,BSK TEEN > Ayakkabı,Gri,2490.0,2490.0,0.0,TRY,0.0,,,
217315153,Kalın tabanlı kaykay ayakkabısı,Bershka,BSK TEEN > Ayakkabı,Gri,2490.0,2490.0,0.0,TRY,0.0,,,
218801442,İnce tabanlı spor ayakkabı,Bershka,BSK TEEN > Ayakkabı,KUM RENGİ,1990.0,1990.0,0.0,TRY,0.0,,,
218801910,İnce tabanlı spor ayakkabı,Bershka,BSK TEEN > Ayakkabı,KOYU KAHVE GRİ,1990.0,1990.0,0.0,TRY,0.0,,,
208227826,Temel spor ayakkabı,Bershka,BSK TEEN > Ayakkabı,BEYAZ,1390.0,1390.0,0.0,TRY,0.0,,,
213616482,Kalın tabanlı spor ayakkabısı,Bershka,BSK TEEN > Ayakkabı,BEYAZ,1990.0,1990.0,0.0,TRY,0.0,,,
215063869,Kontrast spor ayakkabı,Bershka,BSK TEEN > Ayakkabı,BEYAZ,1490.0,1490.0,0.0,TRY,0.0,,,
217315144,Fiyonklu babet,Bershka,BSK TEEN > Ayakkabı,BEJ,1590.0,1590.0,0.0,TRY,0.0,,,
220330218,Fiyonklu babet,Bershka,BSK TEEN > Ayakkabı,KIRMIZI,1590.0,1590.0,0.0,TRY,0.0,,,
217315652,İnce tabanlı spor ayakkabı,Bershka,BSK TEEN > Ayakkabı,Çok renkli,1790.0,1790.0,0.0,TRY,0.0,,,
209441678,Futbol spor ayakkabısı,Bershka,BSK TEEN > Ayakkabı,Gri,2490.0,2490.0,0.0,TRY,0.0,,,
209042485,Futbol spor ayakkabısı,Bershka,BSK TEEN > Ayakkabı,Gri,2490.0,2490.0,0.0,TRY,0.0,,,
213615942,Tokalı babet,Bershka,BSK TEEN > Ayakkabı,Açık kahverengi,1790.0,1790.0,0.0,TRY,0.0,,,
217315143,Tokalı babet,Bershka,BSK TEEN > Ayakkabı,SİYAH,1790.0,1790.0,0.0,TRY,0.0,,,
208227426,Kalın tabanlı kaykay spor ayakkabı,Bershka,BSK TEEN > Ayakkabı,KUM RENGİ,2490.0,2490.0,0.0,TRY,0.0,,,
220330168,Parmak arası düz sandalet,Bershka,BSK TEEN > Ayakkabı,SİYAH,1790.0,1790.0,0.0,TRY,0.0,,,
217315142,çok parçalı spor ayakkabı,Bershka,BSK TEEN > Ayakkabı,Çok renkli,2490.0,2490.0,0.0,TRY,0.0,,,
213616483,Çok parçalı spor ayakkabı,Bershka,BSK TEEN > Ayakkabı,KUM RENGİ,1990.0,1990.0,0.0,TRY,0.0,,,
208227839,Bantlı düz sandalet,Bershka,BSK TEEN > Ayakkabı,SİYAH,1590.0,1590.0,0.0,TRY,0.0,,,
208227872,Retro spor ayakkabı,Bershka,BSK TEEN > Ayakkabı,Kahverengi,1890.0,1890.0,0.0,TRY,0.0,,,
208227363,Kürk astarlı platform bot,Bershka,BSK TEEN > Ayakkabı,Kahverengi,2690.0,2690.0,0.0,TRY,0.0,,,
209941128,Kürk astarlı platform bot,Bershka,BSK TEEN > Ayakkabı,DEVE TÜYÜ,2690.0,2690.0,0.0,TRY,0.0,,,
215063868,Retro spor ayakkabı,Bershka,BSK TEEN > Ayakkabı,Mavi,1890.0,1890.0,0.0,TRY,0.0,,,
215064365,Retro spor ayakkabı,Bershka,BSK TEEN > Ayakkabı,BEYAZ,1790.0,1790.0,0.0,TRY,0.0,,,
217315145,İnce tabanlı makosen,Bershka,BSK TEEN > Ayakkabı,Kızıl kahverengi,1990.0,1990.0,0.0,TRY,0.0,,,
208227394,Tokalı düz sandalet,Bershka,BSK TEEN > Ayakkabı,SİYAH,1990.0,1990.0,0.0,TRY,0.0,,,
208227359,Tokalı düz sandalet,Bershka,BSK TEEN > Ayakkabı,KUM RENGİ,1990.0,1990.0,0.0,TRY,0.0,,,
208227767,Çok parçalı spor ayakkabı,Bershka,BSK TEEN > Ayakkabı,Çok renkli,2490.0,2490.0,0.0,TRY,0.0,,,
208227794,Çok parçalı spor ayakkabı,Bershka,BSK TEEN > Ayakkabı,SİYAH,2490.0,2490.0,0.0,TRY,0.0,,,
208227812,Retro spor ayakkabı,Bershka,BSK TEEN > Ayakkabı,Kızıl kahverengi,1890.0,1890.0,0.0,TRY,0.0,,,
208227871,Retro spor ayakkabı,Bershka,BSK TEEN > Ayakkabı,Kızıl kahverengi,1890.0,1890.0,0.0,TRY,0.0,,,
208227832,Kapitone platform sandalet,Bershka,BSK TEEN > Ayakkabı,HAKİ,1490.0,1490.0,0.0,TRY,0.0,,,
218801298,Tokalı sabo,Bershka,BSK TEEN > Ayakkabı,KOYU KAHVE GRİ,1790.0,1790.0,0.0,TRY,0.0,,,
218801297,Bantlı ve tokalı arkası açık ayakkabı,Bershka,BSK TEEN > Ayakkabı,KOYU KAHVE GRİ,1990.0,1990.0,0.0,TRY,0.0,,,
208227375,Çok bantlı topuksuz sandalet,Bershka,BSK TEEN > Ayakkabı,Altın,1790.0,1790.0,0.0,TRY,0.0,,,
209041956,Charm detaylı retro spor ayakkabı,Bershka,BSK TEEN > Ayakkabı,SİYAH,1990.0,1990.0,0.0,TRY,0.0,,,
209441190,Charm detaylı retro spor ayakkabı,Bershka,BSK TEEN > Ayakkabı,SİYAH,1990.0,1990.0,0.0,TRY,0.0,,,
218801299,Fiyonklu babet,Bershka,BSK TEEN > Ayakkabı,EKRU,1590.0,1590.0,0.0,TRY,0.0,,,
218801911,Fiyonklu babet,Bershka,BSK TEEN > Ayakkabı,FUŞYA,1590.0,1590.0,0.0,TRY,0.0,,,
208227387,Arkası açık püsküllü mokasen,Bershka,BSK TEEN > Ayakkabı,SİYAH,2690.0,2690.0,0.0,TRY,0.0,,,
215063874,Tarçın Rulo platform spor ayakkabı,Bershka,BSK TEEN > Ayakkabı,BEYAZ,3690.0,3690.0,0.0,TRY,0.0,,,
209941308,Suni deri eldiven,Bershka,BSK TEEN > Accessories,Siyah,790.0,790.0,0.0,TRY,0.0,,,
209484727,Düşük bel baggy fit çan jean,Bershka,Giyim > DOWNTOWN DENIM FW25,Açık mavi,1790.0,1790.0,0.0,TRY,0.0,,,
209485018,Düşük bel boyfriend jean,Bershka,Giyim > DOWNTOWN DENIM FW25,Açık mavi,1790.0,1790.0,0.0,TRY,0.0,,,
209484531,Düşük bel boyfriend jean,Bershka,Giyim > DOWNTOWN DENIM FW25,Açık mavi,1790.0,1790.0,0.0,TRY,0.0,,,
207374244,Kürk detaylı topuklu bot,Bershka,Giyim > Kürklü ceket,SİYAH,2990.0,2990.0,0.0,TRY,0.0,,,
209940703,Tokalı topuklu bot,Bershka,Giyim > Halloween,Kahverengi,3790.0,3790.0,0.0,TRY,0.0,,,
208227361,Arkası açık kısa sivri topuklu ayakkabı,Bershka,Giyim > Halloween,Kızıl kahverengi,1790.0,1790.0,0.0,TRY,0.0,,,
209442007,Suni deri ceket,Bershka,Giyim > Halloween,Siyah,2290.0,2290.0,0.0,TRY,0.0,,,
204067056,Bağcıklı bot,Bershka,Giyim > Halloween,SİYAH,2490.0,2490.0,0.0,TRY,0.0,,,
209441659,Suni deri şişme mont,Bershka,Giyim > Halloween,Siyah,2490.0,2490.0,0.0,TRY,0.0,,,
209940823,Suni kürk şapka,Bershka,Giyim > Hediye rehberi,Bej,1190.0,1190.0,0.0,TRY,0.0,,,
209041600,Arkası açık kısa sivri topuklu ayakkabı,Bershka,Giyim > Hediye rehberi,Kızıl kahverengi,1790.0,1790.0,0.0,TRY,0.0,,,
209441757,Pullu mini şort,Bershka,Şort - bermuda > Şort,Siyah,1190.0,1190.0,0.0,TRY,0.0,,,
216376835,Mini kloş şort etek,Bershka,Etek > Mini,Yulaf,1190.0,1190.0,0.0,TRY,0.0,,,
220330231,Denim şort etek,Bershka,Etek > Mini,Siyah,1590.0,1590.0,0.0,TRY,,,,
218801938,Dantel pullu mini etek,Bershka,Etek > Mini,Denizci mavisi,1490.0,1490.0,0.0,TRY,0.0,,,
218801922,Çift kat beli dönmeli mini etek,Bershka,Etek > Mini,Kirli beyaz,1090.0,1090.0,0.0,TRY,,,,
218801921,Çift kat beli dönmeli mini etek,Bershka,Etek > Mini,Kırmızı,1090.0,1090.0,0.0,TRY,0.0,,,
218801701,Denim şort etek,Bershka,Etek > Mini,Mavi,1590.0,1590.0,0.0,TRY,,,,
218801124,İşlemeli denim mini etek,Bershka,Etek > Mini,Denizci mavisi,1590.0,1590.0,0.0,TRY,,,,
218801873,Volanlı rustik midi etek,Bershka,Etek > Midi,Kirli beyaz,1790.0,1790.0,0.0,TRY,,,,
209441729,Flare kapaklı cepli pantolon,Bershka,Pantolon > Palazzo,Gri,1590.0,1590.0,0.0,TRY,0.0,,,
209485170,Düşük bel baggy fit çan jean,Bershka,Jean > Baggy,Gümüş,1790.0,1790.0,0.0,TRY,0.0,,,
213616464,Uzun kollu zımbalı tişört,Bershka,Giyim > Ver todo B,Kahverengi,990.0,990.0,0.0,TRY,0.0,,,
213615886,Uzun kollu zımbalı tişört,Bershka,Giyim > Ver todo B,Kahverengi,990.0,990.0,0.0,TRY,0.0,,,
213616395,Uzun kollu büzgülü tişört,Bershka,Giyim > Ver todo B,Siyah,1090.0,1090.0,0.0,TRY,0.0,,,
213616100,Uzun kollu büzgülü tişört,Bershka,Giyim > Ver todo B,Siyah,1090.0,1090.0,0.0,TRY,0.0,,,
213615958,Uzun kollu zımbalı tişört,Bershka,Giyim > Ver todo B,Kahverengi,990.0,990.0,0.0,TRY,0.0,,,
213615957,Uzun kollu büzgülü tişört,Bershka,Giyim > Ver todo B,Siyah,1090.0,1090.0,0.0,TRY,0.0,,,
200308977,Pamuklu sweatshirt ve eşofman altı takımı,Bershka,Giyim > Ver todo B,Siyah,1090.0,1090.0,0.0,TRY,0.0,,,
184103498,Fermuarlı sweatshirt ve geniş paça pantolon takımı,Bershka,Giyim > Ver todo B,Krem,1190.0,830.0,30.25,TRY,0.0,,,
200309447,Şardonlu sweatshirt ve eşofman altı takımı,Bershka,Giyim > Ver todo B,Gri,1090.0,1090.0,0.0,TRY,0.0,,,
200308976,Pamuklu sweatshirt ve pantolon takımı,Bershka,Giyim > Ver todo B,Denizci mavisi,1090.0,1090.0,0.0,TRY,0.0,,,
200213705,Sweatshirt ve geniş paça pantolon seti,Bershka,Giyim > Ver todo B,Gri,1190.0,1190.0,0.0,TRY,0.0,,,
200214207,Sweatshirt ve jogger fit pantolon takımı,Bershka,Giyim > Ver todo B,Bordo,1690.0,1180.0,30.18,TRY,0.0,,,
200214201,Modal kumaşlı sweatshirt ve flare pantolon takımı,Bershka,Giyim > Ver todo B,Siyah,1090.0,1090.0,0.0,TRY,0.0,,,
201082515,Tişört ve mini çizgili etek takımı,Bershka,Giyim > Ver todo B,Koyu gri,1090.0,1090.0,0.0,TRY,0.0,,,
201854984,Tişört ve bisikletçi şortu takımı,Bershka,Giyim > Ver todo B,Kahverengi,990.0,990.0,0.0,TRY,0.0,,,
201854482,T-shirt ve flare pantolon seti,Bershka,Giyim > Ver todo B,Kahverengi,990.0,990.0,0.0,TRY,0.0,,,
200214204,Modal sweatshirt ve flare pantolon takımı,Bershka,Giyim > Ver todo B,Gri,1190.0,1190.0,0.0,TRY,0.0,,,
201854982,"Üst, ceket ve tayt takımı",Bershka,Giyim > Ver todo B,Kahverengi,1590.0,1590.0,0.0,TRY,0.0,,,
200213702,Sweatshirt ve jogger fit pantolon seti,Bershka,Giyim > Ver todo B,Koyu gri,1690.0,1180.0,30.18,TRY,0.0,,,
208227840,Bantlı düz sandalet,Bershka,Giyim > Summer trends,SİYAH,1590.0,1590.0,0.0,TRY,0.0,,,
209441802,Beli lastikli pantolon,Bershka,Giyim > Summer trends,Kirli beyaz,1190.0,1190.0,0.0,TRY,0.0,,,
208793042,Paçası fularlı tailored fit pantolon,Bershka,Giyim > Blazer ve takım elbise,Kahverengi,2290.0,2290.0,0.0,TRY,,,,
209441710,Kemerli suni deri bomber ceket,Bershka,Giyim > SUNİ DERİ CEKET,Kahverengi,2490.0,2490.0,0.0,TRY,0.0,,,
209441981,Beli lastikli pantolon,Bershka,Giyim > Keten,Siyah,1190.0,1190.0,0.0,TRY,0.0,,,
209100354,Yüksek bel geniş paça barrel fit jean,Bershka,Giyim > Denim,Siyah,1790.0,1790.0,0.0,TRY,0.0,,,
187125179,T-shirt ve palazzo pantolon takımı,Bershka,Giyim > Eşofman takımı,Siyah,350.0,350.0,0.0,TRY,0.0,,,
187125686,T-shirt ve palazzo pantolon takımı,Bershka,Giyim > Eşofman takımı,Gri,350.0,350.0,0.0,TRY,0.0,,,
185665374,T-shirt ve palazzo pantolon takımı,Bershka,Giyim > Eşofman takımı,Gri,350.0,350.0,0.0,TRY,0.0,,,
185665375,T-shirt ve palazzo pantolon takımı,Bershka,Giyim > Eşofman takımı,Siyah,350.0,350.0,0.0,TRY,0.0,,,
209126800,Zincirli çok yönlü saten çapraz askılı çanta,Bershka,Giyim > Suni deri,Siyah,790.0,790.0,0.0,TRY,0.0,,,
220329637,Kısa kollu baskılı tişört,Bershka,Giyim > Studio,Kahverengi,550.0,550.0,0.0,TRY,0.0,,,
209441383,Çan kollu vücuda oturan gömlek,Bershka,Giyim > #bershkastyle,Siyah,1190.0,1190.0,0.0,TRY,0.0,,,
209442163,Yıldız zımbalı baggy fit jean,Bershka,Giyim > #bershkastyle,Gri,2290.0,2290.0,0.0,TRY,0.0,,,
209441572,Geniş paça pantolon,Bershka,Giyim > #bershkastyle,Siyah,1590.0,1590.0,0.0,TRY,0.0,,,
209441995,Askılı top,Bershka,Giyim > #bershkastyle,Kirli beyaz,350.0,350.0,0.0,TRY,0.0,,,
209484718,Askılı top,Bershka,Giyim > #bershkastyle,Açık mavi,350.0,350.0,0.0,TRY,0.0,,,
216376815,Balloon fit şardonlu eşofman altı,Bershka,Giyim > BERSHKA ACTIVE,Koyu gri,1790.0,1790.0,0.0,TRY,0.0,,,
216376221,Teknik askılı sütyenli top,Bershka,Giyim > BERSHKA ACTIVE,Muz,990.0,990.0,0.0,TRY,0.0,,,
216376692,Balloon fit şardonlu eşofman altı,Bershka,Giyim > BERSHKA ACTIVE,Koyu gri,1790.0,1790.0,0.0,TRY,0.0,,,
216376732,Katlama detaylı beli lastikli bermuda,Bershka,Giyim > BERSHKA ACTIVE,Muz,1190.0,1190.0,0.0,TRY,0.0,,,
216376187,2'li kürk kurdele paketi,Bershka,Giyim > BERSHKA ACTIVE,Muz,590.0,590.0,0.0,TRY,0.0,,,
216376906,Spor babet,Bershka,Giyim > BERSHKA ACTIVE,KUM RENGİ,1990.0,1990.0,0.0,TRY,0.0,,,
216376309,Askılı mini elbise,Bershka,Giyim > BERSHKA ACTIVE,Yulaf,1490.0,1490.0,0.0,TRY,0.0,,,
216376684,Askılı mini elbise,Bershka,Giyim > BERSHKA ACTIVE,Yulaf,1490.0,1490.0,0.0,TRY,0.0,,,
216376189,2'li spor çorap paketi,Bershka,Giyim > BERSHKA ACTIVE,Sarı,590.0,590.0,0.0,TRY,0.0,,,
216376223,Zımbalı Bowling Çanta,Bershka,Giyim > BERSHKA ACTIVE,Sarı,1190.0,1190.0,0.0,TRY,0.0,,,
216376308,Beli kıvrık teknik flare fit pantolon,Bershka,Giyim > BERSHKA ACTIVE,Yosun,1590.0,1590.0,0.0,TRY,0.0,,,
216376689,Hızlı kuruyan ve nefes alabilen fermuarlı sweatshirt,Bershka,Giyim > BERSHKA ACTIVE,Yosun,1590.0,1590.0,0.0,TRY,0.0,,,
216376714,Teknik askılı sütyenli top,Bershka,Giyim > BERSHKA ACTIVE,Muz,990.0,990.0,0.0,TRY,0.0,,,
216376186,Beli kıvrık teknik flare fit pantolon,Bershka,Giyim > BERSHKA ACTIVE,Yosun,1590.0,1590.0,0.0,TRY,0.0,,,
216376172,İŞLEMELİ ŞAPKA,Bershka,Giyim > BERSHKA ACTIVE,Yeşil,590.0,590.0,0.0,TRY,0.0,,,
216376267,Katlama detaylı beli lastikli bermuda,Bershka,Giyim > BERSHKA ACTIVE,Muz,1190.0,1190.0,0.0,TRY,0.0,,,
216376177,Kapüşonlu fermuarlı sweatshirt,Bershka,Giyim > BERSHKA ACTIVE,Muz,1790.0,1790.0,0.0,TRY,0.0,,,
216376183,Askılı büzgülü tişört,Bershka,Giyim > BERSHKA ACTIVE,Yulaf,990.0,990.0,0.0,TRY,0.0,,,
216376198,Teknik askılı sütyenli top,Bershka,Giyim > BERSHKA ACTIVE,Muz,990.0,990.0,0.0,TRY,0.0,,,
216376693,Katlama detaylı beli lastikli bermuda,Bershka,Giyim > BERSHKA ACTIVE,Muz,1190.0,1190.0,0.0,TRY,0.0,,,
216376266,Penye kapri pantolon,Bershka,Giyim > BERSHKA ACTIVE,Gri,1590.0,1590.0,0.0,TRY,0.0,,,
216376683,Asimetrik kısa kollu tişört,Bershka,Giyim > BERSHKA ACTIVE,Kırçıllı gri,790.0,790.0,0.0,TRY,0.0,,,
216376685,Teknik askılı sütyenli top,Bershka,Giyim > BERSHKA ACTIVE,Muz,990.0,990.0,0.0,TRY,0.0,,,
216376185,Penye kapri pantolon,Bershka,Giyim > BERSHKA ACTIVE,Gri,1590.0,1590.0,0.0,TRY,0.0,,,
216376813,Büzgülü teknik ceket,Bershka,Giyim > BERSHKA ACTIVE,Krem,2490.0,2490.0,0.0,TRY,0.0,,,
216376681,Büzgülü teknik ceket,Bershka,Giyim > BERSHKA ACTIVE,Krem,2490.0,2490.0,0.0,TRY,0.0,,,
216376175,Katlanabilir belli teknik bermuda,Bershka,Giyim > BERSHKA ACTIVE,Siyah,1090.0,1090.0,0.0,TRY,0.0,,,
209485034,2'li spor çorap paketi,Bershka,Giyim > BERSHKA ACTIVE,Beyaz,550.0,550.0,0.0,TRY,0.0,,,
216376758,Düğüm detaylı balerin hırka,Bershka,Giyim > BERSHKA ACTIVE,Yulaf,1190.0,1190.0,0.0,TRY,0.0,,,
216376687,Askılı büzgülü tişört,Bershka,Giyim > BERSHKA ACTIVE,Yosun,990.0,990.0,0.0,TRY,0.0,,,
216376181,Düğüm detaylı balerin hırka,Bershka,Giyim > BERSHKA ACTIVE,Yulaf,1190.0,1190.0,0.0,TRY,0.0,,,
216376173,Katlanabilir belli teknik bermuda,Bershka,Giyim > BERSHKA ACTIVE,Yosun,1090.0,1090.0,0.0,TRY,0.0,,,
216376812,Teknik kısa tulum,Bershka,Giyim > BERSHKA ACTIVE,Siyah,1490.0,1490.0,0.0,TRY,0.0,,,
216376690,Teknik kısa tulum,Bershka,Giyim > BERSHKA ACTIVE,Siyah,1490.0,1490.0,0.0,TRY,0.0,,,
216376686,Teknik askılı sütyenli top,Bershka,Giyim > BERSHKA ACTIVE,Yulaf,990.0,990.0,0.0,TRY,0.0,,,
216376677,2'li kürk kurdele paketi,Bershka,Giyim > BERSHKA ACTIVE,Muz,590.0,590.0,0.0,TRY,0.0,,,
216376188,2'li spor çorap paketi,Bershka,Giyim > BERSHKA ACTIVE,Sarı,590.0,590.0,0.0,TRY,0.0,,,
216376703,Balon kesim fermuarlı kapüşonlu sweatshirt,Bershka,Giyim > BERSHKA ACTIVE,Gri,1790.0,1790.0,0.0,TRY,0.0,,,
216376179,Balon kesim fermuarlı kapüşonlu sweatshirt,Bershka,Giyim > BERSHKA ACTIVE,Gri,1790.0,1790.0,0.0,TRY,0.0,,,
216376682,Hızlı kuruyan ve nefes alabilen kısa kollu tişört,Bershka,Giyim > BERSHKA ACTIVE,Yosun,990.0,990.0,0.0,TRY,0.0,,,
216376679,Teknik kumaş kapri pantolon,Bershka,Giyim > BERSHKA ACTIVE,Yosun,1190.0,1190.0,0.0,TRY,0.0,,,
216376176,2'li spor çorap paketi,Bershka,Giyim > BERSHKA ACTIVE,Sarı,590.0,590.0,0.0,TRY,0.0,,,
216376338,Teknik askılı sütyenli top,Bershka,Giyim > BERSHKA ACTIVE,Muz,990.0,990.0,0.0,TRY,0.0,,,
216376847,Kapüşonlu fermuarlı sweatshirt,Bershka,Giyim > BERSHKA ACTIVE,Muz,1790.0,1790.0,0.0,TRY,0.0,,,
216376849,Hızlı kuruyan ve nefes alabilen kısa kollu tişört,Bershka,Giyim > BERSHKA ACTIVE,Muz,990.0,990.0,0.0,TRY,0.0,,,
216376834,Katlanabilir belli teknik bermuda,Bershka,Giyim > BERSHKA ACTIVE,Muz,1090.0,1090.0,0.0,TRY,0.0,,,
216376838,Hızlı kuruyan ve nefes alabilen fermuarlı sweatshirt,Bershka,Giyim > BERSHKA ACTIVE,Muz,1590.0,1590.0,0.0,TRY,0.0,,,
216376324,Katlama detaylı beli lastikli bermuda,Bershka,Giyim > BERSHKA ACTIVE,Muz,1190.0,1190.0,0.0,TRY,0.0,,,
216376839,Balon kesim fermuarlı kapüşonlu sweatshirt,Bershka,Giyim > BERSHKA ACTIVE,Gri,1790.0,1790.0,0.0,TRY,0.0,,,
216376844,2'li kürk kurdele paketi,Bershka,Giyim > BERSHKA ACTIVE,Muz,590.0,590.0,0.0,TRY,0.0,,,
216376326,Asimetrik kısa kollu tişört,Bershka,Giyim > BERSHKA ACTIVE,Kırçıllı gri,790.0,790.0,0.0,TRY,0.0,,,
216376330,Penye kapri pantolon,Bershka,Giyim > BERSHKA ACTIVE,Gri,1590.0,1590.0,0.0,TRY,0.0,,,
216376321,2'li spor çorap paketi,Bershka,Giyim > BERSHKA ACTIVE,Sarı,590.0,590.0,0.0,TRY,0.0,,,
216376331,Teknik askılı sütyenli top,Bershka,Giyim > BERSHKA ACTIVE,Yulaf,990.0,990.0,0.0,TRY,0.0,,,
216376329,Düğüm detaylı balerin hırka,Bershka,Giyim > BERSHKA ACTIVE,Yulaf,1190.0,1190.0,0.0,TRY,0.0,,,
216376833,Askılı büzgülü tişört,Bershka,Giyim > BERSHKA ACTIVE,Yulaf,990.0,990.0,0.0,TRY,0.0,,,
216376842,Beli kıvrık teknik flare fit pantolon,Bershka,Giyim > BERSHKA ACTIVE,Yulaf,1590.0,1590.0,0.0,TRY,0.0,,,
216376832,Kısa kollu baskılı tişört,Bershka,Giyim > BERSHKA ACTIVE,Krem,790.0,790.0,0.0,TRY,0.0,,,
216376843,Büzgülü teknik ceket,Bershka,Giyim > BERSHKA ACTIVE,Krem,2490.0,2490.0,0.0,TRY,0.0,,,
216376323,İŞLEMELİ ŞAPKA,Bershka,Giyim > BERSHKA ACTIVE,Yeşil,590.0,590.0,0.0,TRY,0.0,,,
216376333,Askılı mini elbise,Bershka,Giyim > BERSHKA ACTIVE,Yulaf,1490.0,1490.0,0.0,TRY,0.0,,,
216376319,Askılı büzgülü tişört,Bershka,Giyim > BERSHKA ACTIVE,Yosun,990.0,990.0,0.0,TRY,0.0,,,
216376836,Hızlı kuruyan ve nefes alabilen fermuarlı sweatshirt,Bershka,Giyim > BERSHKA ACTIVE,Yosun,1590.0,1590.0,0.0,TRY,0.0,,,
216376322,Hızlı kuruyan ve nefes alabilen kısa kollu tişört,Bershka,Giyim > BERSHKA ACTIVE,Yosun,990.0,990.0,0.0,TRY,0.0,,,
216376335,Teknik kumaş kapri pantolon,Bershka,Giyim > BERSHKA ACTIVE,Yosun,1190.0,1190.0,0.0,TRY,0.0,,,
216376325,Katlanabilir belli teknik bermuda,Bershka,Giyim > BERSHKA ACTIVE,Yosun,1090.0,1090.0,0.0,TRY,0.0,,,
216376336,Beli kıvrık teknik flare fit pantolon,Bershka,Giyim > BERSHKA ACTIVE,Yosun,1590.0,1590.0,0.0,TRY,0.0,,,
216376320,Kısa kollu asimetrik tişört,Bershka,Giyim > BERSHKA ACTIVE,Siyah,790.0,790.0,0.0,TRY,0.0,,,
216376328,Puantiye kravat fular,Bershka,Giyim > BERSHKA ACTIVE,Krem,590.0,590.0,0.0,TRY,0.0,,,
216376332,Teknik kısa tulum,Bershka,Giyim > BERSHKA ACTIVE,Siyah,1490.0,1490.0,0.0,TRY,0.0,,,
216376841,Fermuarlı teknik yelek,Bershka,Giyim > BERSHKA ACTIVE,Yulaf,1190.0,1190.0,0.0,TRY,0.0,,,
216376845,Balloon fit şardonlu eşofman altı,Bershka,Giyim > BERSHKA ACTIVE,Koyu gri,1790.0,1790.0,0.0,TRY,0.0,,,
216376840,Hızlı kuruyan ve nefes alabilen kısa kollu tişört,Bershka,Giyim > BERSHKA ACTIVE,Beyaz,990.0,990.0,0.0,TRY,0.0,,,
216376178,Kısa kollu asimetrik tişört,Bershka,Giyim > BERSHKA ACTIVE,Siyah,790.0,790.0,0.0,TRY,0.0,,,
216376334,Hızlı kuruyan ve nefes alabilen fermuarlı sweatshirt,Bershka,Giyim > BERSHKA ACTIVE,Siyah,1590.0,1590.0,0.0,TRY,0.0,,,
216376848,Hızlı kuruyan ve nefes alabilen kısa kollu tişört,Bershka,Giyim > BERSHKA ACTIVE,Siyah,990.0,990.0,0.0,TRY,0.0,,,
216376337,Beli kıvrık teknik flare fit pantolon,Bershka,Giyim > BERSHKA ACTIVE,Siyah,1590.0,1590.0,0.0,TRY,0.0,,,
216376327,Katlanabilir belli teknik bermuda,Bershka,Giyim > BERSHKA ACTIVE,Siyah,1090.0,1090.0,0.0,TRY,0.0,,,
216376846,Teknik kumaş kapri pantolon,Bershka,Giyim > BERSHKA ACTIVE,Siyah,1190.0,1190.0,0.0,TRY,0.0,,,
215063989,Çok cepli çanta,Bershka,Çanta - aksesuar > Çanta,Kahverengi,1190.0,1190.0,0.0,TRY,0.0,,,
218801458,Çizgili saten fular,Bershka,Çanta - aksesuar > Atkilar,Kahverengi,590.0,590.0,0.0,TRY,0.0,,,
218801364,Dantelli pareo etek,Bershka,Çanta - aksesuar > Atkilar,Kahverengi,1190.0,1190.0,0.0,TRY,0.0,,,
206517051,7’li ince bileklik seti,Bershka,Çanta - aksesuar > Bijuteri,Altın,590.0,590.0,0.0,TRY,0.0,,,
208851231,Spiral choker kolye,Bershka,Çanta - aksesuar > Bijuteri,Altın,590.0,590.0,0.0,TRY,0.0,,,
217315651,Fiyonklu topuklu ayakkabı,Bershka,Ayakkabı > BAYRAM KOLEKSİYONU,Kahverengi,1790.0,1790.0,0.0,TRY,0.0,,,
216376747,Kontrast spor ayakkabı,Bershka,Ayakkabı > BAYRAM KOLEKSİYONU,BEYAZ,1490.0,1490.0,0.0,TRY,0.0,,,
216376255,Büzgülü detaylı topuklu arkası açık ayakkabı,Bershka,Ayakkabı > BAYRAM KOLEKSİYONU,SİYAH,1990.0,1990.0,0.0,TRY,0.0,,,
218801642,İnce tabanlı makosen,Bershka,Ayakkabı > BAYRAM KOLEKSİYONU,Kızıl kahverengi,1990.0,1990.0,0.0,TRY,0.0,,,
216376256,Kısa sivri topuklu arkası açık ayakkabı,Bershka,Ayakkabı > BAYRAM KOLEKSİYONU,SİYAH,1790.0,1790.0,0.0,TRY,0.0,,,
216376746,Kalın tabanlı kaykay ayakkabısı,Bershka,Ayakkabı > BAYRAM KOLEKSİYONU,Gri,2490.0,2490.0,0.0,TRY,0.0,,,
218801643,Miffy kaykay ayakkabısı,Bershka,Ayakkabı > BAYRAM KOLEKSİYONU,BEYAZ,2690.0,2690.0,0.0,TRY,0.0,,,
218801644,Tarçın Rulo platform spor ayakkabı,Bershka,Ayakkabı > BAYRAM KOLEKSİYONU,BEYAZ,3690.0,3690.0,0.0,TRY,0.0,,,
216376252,Arkası açık topuklu ayakkabı detaylı,Bershka,Ayakkabı > BAYRAM KOLEKSİYONU,KIRMIZI,1790.0,1790.0,0.0,TRY,0.0,,,
216376748,Kısa sivri topuklu arkası açık ayakkabı,Bershka,Ayakkabı > BAYRAM KOLEKSİYONU,Kızıl kahverengi,1790.0,1790.0,0.0,TRY,0.0,,,
216376249,Retro spor ayakkabı,Bershka,Ayakkabı > BAYRAM KOLEKSİYONU,Kahverengi,1890.0,1890.0,0.0,TRY,0.0,,,
216376248,Retro spor ayakkabı,Bershka,Ayakkabı > BAYRAM KOLEKSİYONU,BEYAZ,1790.0,1790.0,0.0,TRY,0.0,,,
218801638,Tokalı topuklu çizme,Bershka,Ayakkabı > BAYRAM KOLEKSİYONU,Kahverengi,3790.0,3790.0,0.0,TRY,0.0,,,
218801140,Topuklu bağcıklı çizme,Bershka,Ayakkabı > BAYRAM KOLEKSİYONU,Gri,3790.0,3790.0,0.0,TRY,0.0,,,
218801139,Topuklu streç bilekte bot,Bershka,Ayakkabı > BAYRAM KOLEKSİYONU,SİYAH,1990.0,1990.0,0.0,TRY,0.0,,,
218801637,Slouchy kısa sivri topuklu bot,Bershka,Ayakkabı > BAYRAM KOLEKSİYONU,Açık kahverengi,2690.0,2690.0,0.0,TRY,0.0,,,
218801141,Arkası açık topuklu babet,Bershka,Ayakkabı > BAYRAM KOLEKSİYONU,KIRMIZI,1790.0,1790.0,0.0,TRY,0.0,,,
218801639,Arkası açık topuklu babet,Bershka,Ayakkabı > BAYRAM KOLEKSİYONU,SİYAH,1790.0,1790.0,0.0,TRY,0.0,,,
216376247,Topuklu babet,Bershka,Ayakkabı > BAYRAM KOLEKSİYONU,Kahverengi,1790.0,1790.0,0.0,TRY,0.0,,,
218801142,İçten dolgu topuklu spor ayakkabı,Bershka,Ayakkabı > BAYRAM KOLEKSİYONU,SİYAH,2990.0,2990.0,0.0,TRY,0.0,,,
218801641,İçten dolgu topuklu bilekli spor ayakkabı,Bershka,Ayakkabı > BAYRAM KOLEKSİYONU,KOYU KAHVE GRİ,2990.0,2990.0,0.0,TRY,0.0,,,
216376259,Çok parçalı spor ayakkabı,Bershka,Ayakkabı > BAYRAM KOLEKSİYONU,Kahverengi,1990.0,1990.0,0.0,TRY,0.0,,,
216376246,Çok parçalı spor ayakkabı,Bershka,Ayakkabı > BAYRAM KOLEKSİYONU,KUM RENGİ,1990.0,1990.0,0.0,TRY,0.0,,,
216376749,"Tokalı, arkası açık kalın topuklu ayakkabı",Bershka,Ayakkabı > BAYRAM KOLEKSİYONU,Kızıl kahverengi,1790.0,1250.0,30.17,TRY,0.0,,,
216376745,Vinil detaylı topuklu sandalet,Bershka,Ayakkabı > BAYRAM KOLEKSİYONU,Transparan,1790.0,1790.0,0.0,TRY,0.0,,,
216376744,Tokalı babet,Bershka,Ayakkabı > BAYRAM KOLEKSİYONU,Açık kahverengi,1790.0,1790.0,0.0,TRY,0.0,,,
216376254,Tokalı babet,Bershka,Ayakkabı > BAYRAM KOLEKSİYONU,SİYAH,1790.0,1790.0,0.0,TRY,0.0,,,
216376257,Fiyonklu babet,Bershka,Ayakkabı > BAYRAM KOLEKSİYONU,BEJ,1590.0,1590.0,0.0,TRY,0.0,,,
218801491,Parmak arası topuklu sandalet,Bershka,Ayakkabı > BAYRAM KOLEKSİYONU,SİYAH,1790.0,1790.0,0.0,TRY,0.0,,,
218801965,Parmak arası topuklu sandalet,Bershka,Ayakkabı > BAYRAM KOLEKSİYONU,HAYVAN BASKILI,1790.0,1790.0,0.0,TRY,0.0,,,
218801964,Kısa sivri topuklu sandalet,Bershka,Ayakkabı > BAYRAM KOLEKSİYONU,BEYAZ,1790.0,1790.0,0.0,TRY,0.0,,,
218801640,Arkası açık topuklu ayakkabı,Bershka,Ayakkabı > BAYRAM KOLEKSİYONU,SİYAH,1790.0,1790.0,0.0,TRY,0.0,,,
216376251,Spor babet,Bershka,Ayakkabı > BAYRAM KOLEKSİYONU,KUM RENGİ,1990.0,1990.0,0.0,TRY,0.0,,,
209941258,İçten dolgu topuklu bilekli spor ayakkabı,Bershka,Ayakkabı > Color Trend,KOYU KAHVE GRİ,2990.0,2990.0,0.0,TRY,0.0,,,
216376311,Streç topuklu bot,Bershka,Ayakkabı > Color Trend,Kahverengi,2490.0,2490.0,0.0,TRY,0.0,,,
209041997,Slouchy kısa sivri topuklu bot,Bershka,Ayakkabı > Color Trend,Açık kahverengi,2690.0,2690.0,0.0,TRY,0.0,,,
207374243,Kabartmalı topuklu bot,Bershka,Ayakkabı > Color Trend,Kızıl kahverengi,2490.0,2490.0,0.0,TRY,0.0,,,
208227378,Arkası açık kalın topuklu ayakkabı,Bershka,Ayakkabı > Color Trend,SİYAH,1790.0,1790.0,0.0,TRY,0.0,,,
208227373,Retro spor ayakkabı,Bershka,Ayakkabı > Color Trend,Kahverengi,1890.0,1890.0,0.0,TRY,0.0,,,
208227830,Bağcıklı bot,Bershka,Ayakkabı > Color Trend,SİYAH,2490.0,2490.0,0.0,TRY,0.0,,,
207373488,Açık stiletto topuklu çizme,Bershka,Ayakkabı > Color Trend,Kahverengi,3790.0,3790.0,0.0,TRY,0.0,,,
207373989,Topuklu geniş çizme,Bershka,Ayakkabı > Color Trend,Kahverengi,2790.0,1990.0,28.67,TRY,0.0,,,
208227402,Zincir detaylı topuklu ayakkabı,Bershka,Ayakkabı > Topuklu ayakkabı,SİYAH,2690.0,2690.0,0.0,TRY,0.0,,,
217315687,İnce tabanlı makosen,Bershka,Ayakkabı > Düz ayakkabı,Kızıl kahverengi,1990.0,1990.0,0.0,TRY,0.0,,,
208228123,Parlak topuklu sandalet,Bershka,Ayakkabı > Sandalet,SİYAH,1990.0,1990.0,0.0,TRY,0.0,,,
208965806,Düğmeli yaka baskılı kazak,Bershka,ERKEK > Yeni,Siyah,1590.0,1590.0,0.0,TRY,0.0,,,
210267382,Boxy baskılı fermuarlı sweatshirt,Bershka,ERKEK > Yeni,Gri,2490.0,2490.0,0.0,TRY,,,,
207265972,Zımbalı ceket,Bershka,ERKEK > Yeni,Taş rengi,2490.0,2490.0,0.0,TRY,0.0,,,
212079171,Eyeletli askılı tişört,Bershka,ERKEK > Yeni,Siyah,790.0,790.0,0.0,TRY,,,,
208530869,Düğmeli yaka baskılı kazak,Bershka,ERKEK > Yeni,Gri,1590.0,1590.0,0.0,TRY,0.0,,,
212079173,Kısa kollu baskılı tişört,Bershka,ERKEK > Yeni,Gri,990.0,990.0,0.0,TRY,0.0,,,
208451574,Grafik baskılı bisiklet yaka kazak,Bershka,ERKEK > Yeni,Mor,1590.0,1590.0,0.0,TRY,0.0,,,
211722886,Kısa kollu kırışık efektli gömlek,Bershka,ERKEK > Yeni,Gri,2290.0,2290.0,0.0,TRY,,,,
212079170,Kısa kollu gofre baskılı tişört,Bershka,ERKEK > Yeni,Koyu gri,1490.0,1490.0,0.0,TRY,,,,
211596966,Uzun kollu slim fit baskılı tişört,Bershka,ERKEK > Yeni,Siyah,1190.0,1190.0,0.0,TRY,0.0,,,
213324401,Kısa kollu nakışlı polo,Bershka,ERKEK > Yeni,Gri,1790.0,1790.0,0.0,TRY,,,,
213324400,Kısa kollu nakışlı polo,Bershka,ERKEK > Yeni,Siyah,1790.0,1790.0,0.0,TRY,,,,
220330212,Kısa kollu kırışık efektli gömlek,Bershka,ERKEK > Yeni,Gri,2290.0,2290.0,0.0,TRY,,,,
207319955,Süslü Düğmeli Ceket,Bershka,ERKEK > Yeni,Siyah,2990.0,2990.0,0.0,TRY,,,,
211722890,Super baggy fit çapraz pantolon,Bershka,ERKEK > Yeni,Siyah,2290.0,2290.0,0.0,TRY,0.0,,,
210545243,Kısa kollu nakışlı gömlek,Bershka,ERKEK > Yeni,Siyah,1590.0,1590.0,0.0,TRY,0.0,,,
210545242,Kısa kollu nakışlı gömlek,Bershka,ERKEK > Yeni,Krem,1590.0,1590.0,0.0,TRY,0.0,,,
206803611,Kısa kollu baskılı polo,Bershka,ERKEK > Yeni,Siyah,1490.0,1490.0,0.0,TRY,0.0,,,
212707666,Mega baggy fit jean,Bershka,ERKEK > Yeni,Gri,2490.0,2490.0,0.0,TRY,0.0,,,
212707667,Mega baggy fit jean,Bershka,ERKEK > Yeni,Siyah,2490.0,2490.0,0.0,TRY,0.0,,,
210698714,Fermuarlı boxy fit crop baskılı sweatshirt,Bershka,ERKEK > Yeni,Mavi,1790.0,1790.0,0.0,TRY,0.0,,,
210698713,Fermuarlı boxy fit crop baskılı sweatshirt,Bershka,ERKEK > Yeni,Gri,1790.0,1790.0,0.0,TRY,0.0,,,
220330177,Megabarrel pantolon,Bershka,ERKEK > Yeni,Kum rengi,2290.0,2290.0,0.0,TRY,0.0,,,
208486461,Baskılı düğmeli boxy fit ceket,Bershka,ERKEK > Yeni,Kirli beyaz,2290.0,2290.0,0.0,TRY,0.0,,,
208379985,Bisiklet yaka boxy fit baskılı kazak,Bershka,ERKEK > Yeni,Mavi,1790.0,1790.0,0.0,TRY,0.0,,,
220329714,Desenli teknik ceket,Bershka,ERKEK > Yeni,Kahverengi,2290.0,2290.0,0.0,TRY,0.0,,,
220329715,Kısa kollu oversize nakışlı gömlek,Bershka,ERKEK > Yeni,Denizci mavisi,2290.0,2290.0,0.0,TRY,0.0,,,
213615973,Suni deri büzgülü çanta,Bershka,ERKEK > Yeni,Siyah,1590.0,1590.0,0.0,TRY,0.0,,,
208379984,Bisiklet yaka boxy fit baskılı kazak,Bershka,ERKEK > Yeni,Sarı,1790.0,1790.0,0.0,TRY,0.0,,,
207265973,Süet görünümlü ceket,Bershka,ERKEK > Yeni,Bej,2790.0,2790.0,0.0,TRY,0.0,,,
218801148,Kısa kollu oversize nakışlı gömlek,Bershka,ERKEK > Yeni,Denizci mavisi,2290.0,2290.0,0.0,TRY,0.0,,,
207223947,Suni deri ceket,Bershka,ERKEK > Yeni,Kahverengi,2790.0,2790.0,0.0,TRY,0.0,,,
220330204,Süet görünümlü ceket,Bershka,ERKEK > Yeni,Bej,2790.0,2790.0,0.0,TRY,0.0,,,
220330210,Bisiklet yaka boxy fit baskılı kazak,Bershka,ERKEK > Yeni,Mavi,1790.0,1790.0,0.0,TRY,0.0,,,
220329723,Bisiklet yaka boxy fit baskılı kazak,Bershka,ERKEK > Yeni,Sarı,1790.0,1790.0,0.0,TRY,0.0,,,
220329722,Megabarrel pantolon,Bershka,ERKEK > Yeni,Kum rengi,2290.0,2290.0,0.0,TRY,0.0,,,
220329692,Desenli teknik ceket,Bershka,ERKEK > Yeni,Kahverengi,2290.0,2290.0,0.0,TRY,0.0,,,
215036873,Kısa kollu baskılı tişört,Bershka,ERKEK > Yeni,Kirli beyaz,990.0,990.0,0.0,TRY,0.0,,,
214542196,Kısa kollu baskılı tişört,Bershka,ERKEK > Yeni,Denizci mavisi,790.0,790.0,0.0,TRY,0.0,,,
210332959,Kısa kollu pileli boxy fit gömlek,Bershka,ERKEK > Yeni,Kum rengi,1590.0,1590.0,0.0,TRY,,,,
210332954,Piliseli jogger fit baggy pantolon,Bershka,ERKEK > Yeni,Kum rengi,2290.0,2290.0,0.0,TRY,0.0,,,
210332961,Kısa kollu pileli boxy fit gömlek,Bershka,ERKEK > Yeni,Kahverengi,1590.0,1590.0,0.0,TRY,0.0,,,
210332956,Piliseli superbaggy jogger fit pantolon,Bershka,ERKEK > Yeni,Kahverengi,2290.0,2290.0,0.0,TRY,0.0,,,
210332960,Kısa kollu pliseli boxy fit gömlek,Bershka,ERKEK > Yeni,Siyah,1590.0,1590.0,0.0,TRY,0.0,,,
210332955,Piliseli super baggy fit jogger pantolon,Bershka,ERKEK > Yeni,Siyah,2290.0,2290.0,0.0,TRY,0.0,,,
204066836,Kalın tabanlı spor ayakkabı,Bershka,ERKEK > Yeni,Kızıl kahverengi,1990.0,1990.0,0.0,TRY,0.0,,,
220329761,Kalın tabanlı spor ayakkabı,Bershka,ERKEK > Yeni,SİYAH,1990.0,1990.0,0.0,TRY,0.0,,,
204066835,Kalın tabanlı spor ayakkabı,Bershka,ERKEK > Yeni,SİYAH,1990.0,1990.0,0.0,TRY,0.0,,,
220329704,Super baggy fit pantolon,Bershka,ERKEK > Yeni,Taş rengi,1590.0,1590.0,0.0,TRY,0.0,,,
220330192,Super baggy fit pantolon,Bershka,ERKEK > Yeni,Gri,1590.0,1590.0,0.0,TRY,0.0,,,
209012217,Super baggy fit pantolon,Bershka,ERKEK > Yeni,Kahverengi,1590.0,1590.0,0.0,TRY,0.0,,,
220329752,Super baggy fit pantolon,Bershka,ERKEK > Yeni,Taş rengi,1590.0,1590.0,0.0,TRY,0.0,,,
220329754,Super baggy fit pantolon,Bershka,ERKEK > Yeni,Gri,1590.0,1590.0,0.0,TRY,0.0,,,
220329753,Super baggy fit pantolon,Bershka,ERKEK > Yeni,Kahverengi,1590.0,1590.0,0.0,TRY,0.0,,,
209975783,Baggy fit baskılı bermuda,Bershka,ERKEK > Yeni,Koyu gri,1590.0,1590.0,0.0,TRY,0.0,,,
209975782,Baggy fit baskılı bermuda,Bershka,ERKEK > Yeni,Gri,1590.0,1590.0,0.0,TRY,0.0,,,
220329775,Temel mayo,Bershka,ERKEK > Yeni,Siyah,790.0,790.0,0.0,TRY,0.0,,,
220329776,Temel mayo,Bershka,ERKEK > Yeni,Pembe,790.0,790.0,0.0,TRY,0.0,,,
220330261,Temel mayo,Bershka,ERKEK > Yeni,Açık mavi,790.0,790.0,0.0,TRY,0.0,,,
220329745,Temel mayo,Bershka,ERKEK > Yeni,Denizci mavisi,790.0,790.0,0.0,TRY,0.0,,,
220330232,Temel mayo,Bershka,ERKEK > Yeni,Yeşil,790.0,790.0,0.0,TRY,0.0,,,
220330230,Boxy fit deniz şortu,Bershka,ERKEK > Yeni,Denizci mavisi,1090.0,1090.0,0.0,TRY,0.0,,,
220329746,Boxy fit deniz şortu,Bershka,ERKEK > Yeni,Yeşil,1090.0,1090.0,0.0,TRY,0.0,,,
220330262,Boxy fit deniz şortu,Bershka,ERKEK > Yeni,Denizci mavisi,1090.0,1090.0,0.0,TRY,0.0,,,
220330264,Temel mayo,Bershka,ERKEK > Yeni,Yeşil,790.0,790.0,0.0,TRY,0.0,,,
220329744,Temel mayo,Bershka,ERKEK > Yeni,Açık mavi,790.0,790.0,0.0,TRY,0.0,,,
220330265,Boxy fit deniz şortu,Bershka,ERKEK > Yeni,Yeşil,1090.0,1090.0,0.0,TRY,0.0,,,
220330263,Temel mayo,Bershka,ERKEK > Yeni,Denizci mavisi,790.0,790.0,0.0,TRY,0.0,,,
204067023,İŞLEMELİ ŞAPKA,Bershka,ERKEK > Yeni,Krem,790.0,790.0,0.0,TRY,0.0,,,
209138935,Baskılı fular,Bershka,ERKEK > Yeni,Denizci mavisi,590.0,590.0,0.0,TRY,0.0,,,
207865118,Monogram seyahat çantası,Bershka,ERKEK > Yeni,Yeşil,2490.0,2490.0,0.0,TRY,0.0,,,
220329727,Monogram seyahat çantası,Bershka,ERKEK > Yeni,Yeşil,2490.0,2490.0,0.0,TRY,0.0,,,
213645407,Uzun kollu dokulu tişört,Bershka,ERKEK > Yeni,Siyah,1190.0,1190.0,0.0,TRY,0.0,,,
212744470,Super baggy fit pensli tailored pantolon,Bershka,ERKEK > Yeni,Siyah,2490.0,2490.0,0.0,TRY,0.0,,,
213645408,Uzun kollu dokulu tişört,Bershka,ERKEK > Yeni,Kirli beyaz,1190.0,1190.0,0.0,TRY,0.0,,,
211722891,Megabarrel pantolon,Bershka,ERKEK > Yeni,Kum rengi,2290.0,2290.0,0.0,TRY,0.0,,,
205631012,Baskılı şardonlu tişört,Bershka,ERKEK > Yeni,Gri,1190.0,1190.0,0.0,TRY,0.0,,,
205631010,Baskılı şardonlu tişört,Bershka,ERKEK > Yeni,Bej,1190.0,1190.0,0.0,TRY,0.0,,,
210332962,Kısa kollu baskılı tişört,Bershka,ERKEK > Yeni,Siyah,790.0,790.0,0.0,TRY,0.0,,,
207575889,Yamalı baggy fit jean,Bershka,ERKEK > Yeni,Siyah,2490.0,2490.0,0.0,TRY,0.0,,,
210332963,Kısa kollu baskılı tişört,Bershka,ERKEK > Yeni,Kirli beyaz,790.0,790.0,0.0,TRY,0.0,,,
209975800,Ketenli super baggy fit pantolon,Bershka,ERKEK > Yeni,Kirli beyaz,1790.0,1790.0,0.0,TRY,0.0,,,
207838357,Kısa kollu rustik gömlek,Bershka,ERKEK > Yeni,Beyaz,1590.0,1590.0,0.0,TRY,0.0,,,
207129251,Baggy rustik pantolon,Bershka,ERKEK > Yeni,Beyaz,1590.0,1590.0,0.0,TRY,0.0,,,
209975795,Ketenli super baggy fit pantolon,Bershka,ERKEK > Yeni,Kum rengi,1790.0,1790.0,0.0,TRY,0.0,,,
207129248,Baggy rustik pantolon,Bershka,ERKEK > Yeni,Siyah,1590.0,1590.0,0.0,TRY,0.0,,,
207838354,Kısa kollu rustik gömlek,Bershka,ERKEK > Yeni,Siyah,1590.0,1590.0,0.0,TRY,0.0,,,
209975798,Ketenli super baggy fit pantolon,Bershka,ERKEK > Yeni,Kahverengi,1790.0,1790.0,0.0,TRY,0.0,,,
207129250,Baggy rustik pantolon,Bershka,ERKEK > Yeni,Haki,1590.0,1590.0,0.0,TRY,0.0,,,
207838356,Kısa kollu rustik gömlek,Bershka,ERKEK > Yeni,Haki,1590.0,1590.0,0.0,TRY,0.0,,,
209975796,Ketenli super baggy fit pantolon,Bershka,ERKEK > Yeni,Siyah,1790.0,1790.0,0.0,TRY,0.0,,,
211970710,Barrel fit jean,Bershka,ERKEK > Yeni,Açık mavi,2290.0,2290.0,0.0,TRY,0.0,,,
217315762,Denim ceket,Bershka,ERKEK > Yeni,Açık mavi,2290.0,2290.0,0.0,TRY,0.0,,,
215873113,Pileli barrel fit jean,Bershka,ERKEK > Yeni,Açık mavi,2290.0,2290.0,0.0,TRY,0.0,,,
218187961,Barrel fit jean,Bershka,ERKEK > Yeni,Açık mavi,2290.0,2290.0,0.0,TRY,0.0,,,
205577761,Super baggy fit jean,Bershka,ERKEK > Yeni,Açık mavi,1790.0,1250.0,30.17,TRY,0.0,,,
205631040,Cepli kot ince ceket,Bershka,ERKEK > Yeni,Denizci mavisi,2290.0,2290.0,0.0,TRY,0.0,,,
209975812,Kruvaze düğmeli barrel fit jean,Bershka,ERKEK > Yeni,Açık mavi,2290.0,2290.0,0.0,TRY,0.0,,,
205631041,Skater jean,Bershka,ERKEK > Yeni,Denizci mavisi,1790.0,1790.0,0.0,TRY,0.0,,,
218187962,Kruvaze düğmeli barrel fit jean,Bershka,ERKEK > Yeni,Açık mavi,2290.0,2290.0,0.0,TRY,0.0,,,
207713562,Baggy fit denim bermuda,Bershka,ERKEK > Yeni,Açık mavi,1590.0,1590.0,0.0,TRY,0.0,,,
206678350,Asimetrik detaylı spor ayakkabı,Bershka,ERKEK > Yeni,Çok renkli,2690.0,2690.0,0.0,TRY,0.0,,,
206678351,Asimetrik detaylı spor ayakkabı,Bershka,ERKEK > Yeni,SİYAH,2690.0,2690.0,0.0,TRY,0.0,,,
209452239,Uzun kollu file tişört,Bershka,ERKEK > Yeni,Mavi,1490.0,1490.0,0.0,TRY,0.0,,,
208728329,Kısa kollu file spor baskılı tişört,Bershka,ERKEK > Yeni,Beyaz,1590.0,1590.0,0.0,TRY,0.0,,,
207583800,Boxy fit spor kısa kollu tişört,Bershka,ERKEK > Yeni,Kirli beyaz,990.0,990.0,0.0,TRY,0.0,,,
206544494,Spor baskılı süveter,Bershka,ERKEK > Yeni,Siyah,1790.0,1790.0,0.0,TRY,0.0,,,
208766569,Kısa kollu boxy fit baskılı tişört,Bershka,ERKEK > Yeni,Taş rengi,790.0,790.0,0.0,TRY,0.0,,,
209452240,Uzun kollu file baskılı tişört,Bershka,ERKEK > Yeni,Mor,1490.0,1490.0,0.0,TRY,0.0,,,
208739101,Kargo paraşüt denim bermuda,Bershka,ERKEK > Yeni,Denizci mavisi,1790.0,1790.0,0.0,TRY,0.0,,,
208739103,Kargo paraşüt denim bermuda,Bershka,ERKEK > Yeni,Haki,1790.0,1790.0,0.0,TRY,0.0,,,
208739102,Paraşüt kargo denim bermuda,Bershka,ERKEK > Yeni,Siyah,1790.0,1790.0,0.0,TRY,0.0,,,
218801619,Kargo paraşüt denim bermuda,Bershka,ERKEK > Yeni,Denizci mavisi,1790.0,1790.0,0.0,TRY,0.0,,,
208274677,Kısa kollu spor baskılı tişört,Bershka,ERKEK > Yeni,Gri,1590.0,1590.0,0.0,TRY,,,,
218802089,Pileli barrel fit jean,Bershka,ERKEK > Yeni,Denizci mavisi,2290.0,2290.0,0.0,TRY,0.0,,,
209012212,Baskılı kapüşonlu sweatshirt,Bershka,ERKEK > Yeni,Gri,1790.0,1790.0,0.0,TRY,0.0,,,
205832028,Kapüşonlu suni deri ceket,Bershka,ERKEK > Yeni,Siyah,2990.0,2990.0,0.0,TRY,0.0,,,
206589734,Fermuarlı desenli ceket,Bershka,ERKEK > Yeni,Bej,2290.0,2290.0,0.0,TRY,0.0,,,
209007199,Baggy fit kargo pantolon,Bershka,ERKEK > Yeni,Gri,1690.0,1690.0,0.0,TRY,0.0,,,
206171998,Kapüşonlu dolgulu fermuarlı ceket,Bershka,ERKEK > Yeni,Deve tüyü rengi,2990.0,2990.0,0.0,TRY,0.0,,,
206171990,Fermuarlı kapüşonlu dolgulu ceket,Bershka,ERKEK > Yeni,Kahverengi,2990.0,2990.0,0.0,TRY,0.0,,,
206641485,Baskılı kazak,Bershka,ERKEK > Yeni,Siyah,1790.0,1790.0,0.0,TRY,0.0,,,
217315200,Bisiklet yaka baskılı kazak,Bershka,ERKEK > Yeni,Bej,2290.0,2290.0,0.0,TRY,0.0,,,
217315713,Fermuarlı desenli ceket,Bershka,ERKEK > Yeni,Bej,2290.0,2290.0,0.0,TRY,0.0,,,
207735893,Uzun kollu kareli gömlek,Bershka,ERKEK > Yeni,Koyu gri,1790.0,1790.0,0.0,TRY,0.0,,,
209100332,Nakışlı boxy fit kısa kollu gömlek,Bershka,ERKEK > Yeni,Kahverengi,1790.0,1790.0,0.0,TRY,0.0,,,
207855791,Megabaggy tailored fit pantolon,Bershka,ERKEK > Yeni,Kum rengi,2490.0,2490.0,0.0,TRY,0.0,,,
205304042,Bisiklet yaka baskılı kazak,Bershka,ERKEK > Yeni,Bej,2290.0,2290.0,0.0,TRY,0.0,,,
217315716,Baskılı kazak,Bershka,ERKEK > Yeni,Siyah,1790.0,1790.0,0.0,TRY,0.0,,,
217315714,Kapüşonlu dolgulu fermuarlı ceket,Bershka,ERKEK > Yeni,Deve tüyü rengi,2990.0,2990.0,0.0,TRY,0.0,,,
217315715,Megabaggy tailored fit pantolon,Bershka,ERKEK > Yeni,Kum rengi,2490.0,2490.0,0.0,TRY,0.0,,,
217315754,Çelik uçlu kolye,Bershka,ERKEK > Yeni,Gümüş,1090.0,1090.0,0.0,TRY,0.0,,,
207810782,Kısa kollu baskılı tişört,Bershka,ERKEK > Yeni,Açık mavi,990.0,990.0,0.0,TRY,0.0,,,
207951115,Kısa kollu baskılı tişört,Bershka,ERKEK > Yeni,Koyu gri,1090.0,1090.0,0.0,TRY,0.0,,,
208165545,İnce tabanlı spor ayakkabı,Bershka,ERKEK > Yeni,Kahverengi,2690.0,2690.0,0.0,TRY,0.0,,,
207951130,İnce tabanlı spor ayakkabı,Bershka,ERKEK > Yeni,SİYAH,2690.0,2690.0,0.0,TRY,0.0,,,
218187958,Fermuarlı kapüşonlu dolgulu ceket,Bershka,ERKEK > Yeni,Kahverengi,2990.0,2990.0,0.0,TRY,0.0,,,
213222619,Tokalı sabo,Bershka,ERKEK > Yeni,KAHVERENGİ,1990.0,1990.0,0.0,TRY,0.0,,,
204937267,Tokalı sabo ayakkabı,Bershka,ERKEK > Yeni,KOYU KAHVE GRİ,1990.0,1990.0,0.0,TRY,0.0,,,
207914993,Tokalı detaylı sabo,Bershka,ERKEK > Yeni,SİYAH,1990.0,1990.0,0.0,TRY,0.0,,,
211722901,Claude Monet Les Agapanthes kısa kollu polo,Bershka,ERKEK > Yeni,Yeşil,1590.0,1590.0,0.0,TRY,0.0,,,
218801609,Claude Monet Les Agapanthes kısa kollu polo,Bershka,ERKEK > Yeni,Yeşil,1590.0,1590.0,0.0,TRY,0.0,,,
218802076,Claude Monet Sarı İrisler kısa kollu tişört,Bershka,ERKEK > Yeni,Kahverengi,1090.0,1090.0,0.0,TRY,0.0,,,
212509319,Claude Monet Sarı İrisler kısa kollu tişört,Bershka,ERKEK > Yeni,Kahverengi,1090.0,1090.0,0.0,TRY,0.0,,,
209619143,Kısa kollu çizgili işlemeli polo,Bershka,ERKEK > Yeni,Kahverengi,1490.0,1490.0,0.0,TRY,0.0,,,
209619142,Kısa kollu çizgili işlemeli polo,Bershka,ERKEK > Yeni,Kırmızı,1490.0,1490.0,0.0,TRY,0.0,,,
209975785,Kontrast detaylı denim skater bermuda,Bershka,ERKEK > Yeni,Denizci mavisi,2290.0,2290.0,0.0,TRY,0.0,,,
209619141,Kısa kollu çizgili işlemeli polo,Bershka,ERKEK > Yeni,Mavi,1490.0,1490.0,0.0,TRY,0.0,,,
209452226,İŞLEMELİ ŞAPKA,Bershka,ERKEK > Yeni,Yeşil,790.0,790.0,0.0,TRY,0.0,,,
209452227,İŞLEMELİ ŞAPKA,Bershka,ERKEK > Yeni,Siyah,790.0,790.0,0.0,TRY,0.0,,,
218802087,Pileli barrel fit jean,Bershka,ERKEK > Yeni,Açık mavi,2290.0,2290.0,0.0,TRY,0.0,,,
218802088,Denim ceket,Bershka,ERKEK > Yeni,Denizci mavisi,2290.0,2290.0,0.0,TRY,0.0,,,
217315638,İşlemeli çizgili boxy fit gömlek,Bershka,ERKEK > Yeni,Açık mavi,1790.0,1790.0,0.0,TRY,0.0,,,
208739098,Super baggy fit denim bermuda,Bershka,ERKEK > Yeni,Siyah,2290.0,2290.0,0.0,TRY,0.0,,,
219791702,İşlemeli neo barrel fit carpenter jean,Bershka,ERKEK > Yeni,Krem,2290.0,2290.0,0.0,TRY,0.0,,,
213178787,Piliseli barrel fit jean,Bershka,ERKEK > Yeni,Krem,2290.0,2290.0,0.0,TRY,,,,
212079178,Pileli barrel fit jean,Bershka,ERKEK > Yeni,Denizci mavisi,2290.0,2290.0,0.0,TRY,0.0,,,
207713559,Baggy fit denim bermuda,Bershka,ERKEK > Yeni,Denizci mavisi,1590.0,1590.0,0.0,TRY,0.0,,,
219791703,Pileli barrel fit jean,Bershka,ERKEK > Yeni,Açık mavi,2290.0,2290.0,0.0,TRY,0.0,,,
205750040,Çizgili kravat,Bershka,ERKEK > Yeni,Yeşil,790.0,790.0,0.0,TRY,,,,
204067099,İŞLEMELİ ŞAPKA,Bershka,ERKEK > Yeni,Krem,790.0,790.0,0.0,TRY,0.0,,,
219791706,Denim ceket,Bershka,ERKEK > Yeni,Denizci mavisi,2290.0,2290.0,0.0,TRY,0.0,,,
218802091,Pileli barrel fit jean,Bershka,ERKEK > Yeni,Denizci mavisi,2290.0,2290.0,0.0,TRY,0.0,,,
204067119,Suni deri büzgülü çanta,Bershka,ERKEK > Yeni,Siyah,1590.0,1590.0,0.0,TRY,0.0,,,
218802093,Super baggy fit denim bermuda,Bershka,ERKEK > Yeni,Siyah,2290.0,2290.0,0.0,TRY,0.0,,,
209975806,Geniş paça kargo bermuda,Bershka,ERKEK > Yeni,Kum rengi,1590.0,1590.0,0.0,TRY,0.0,,,
218801120,Geniş paça kargo bermuda,Bershka,ERKEK > Yeni,Siyah,1590.0,1590.0,0.0,TRY,0.0,,,
218801119,Geniş paça kargo bermuda,Bershka,ERKEK > Yeni,Kum rengi,1590.0,1590.0,0.0,TRY,0.0,,,
209975807,Geniş paça kargo bermuda,Bershka,ERKEK > Yeni,Siyah,1590.0,1590.0,0.0,TRY,0.0,,,
204066824,Suni deri ceket,Bershka,ERKEK > Hepsi,Siyah,2990.0,2090.0,30.1,TRY,0.0,,,
209138962,Skater jean,Bershka,ERKEK > Hepsi,Siyah,1790.0,1250.0,30.17,TRY,0.0,,,
209138961,Skater jean,Bershka,ERKEK > Hepsi,Açık mavi,1790.0,1250.0,30.17,TRY,0.0,,,
209138933,Super baggy fit jean,Bershka,ERKEK > Hepsi,Koyu gri,1790.0,1250.0,30.17,TRY,0.0,,,
204066823,Suni deri ceket,Bershka,ERKEK > Hepsi,Kahverengi,2990.0,2090.0,30.1,TRY,0.0,,,
207130916,Fermuarlı boxy fit flanel ceket,Bershka,ERKEK > Hepsi,Koyu gri,2290.0,1600.0,30.13,TRY,0.0,,,
209138874,Fermuarlı kapüşonlu sweatshirt,Bershka,ERKEK > Hepsi,Siyah,1590.0,1110.0,30.19,TRY,0.0,,,
209138934,Super baggy fit jean,Bershka,ERKEK > Hepsi,Denizci mavisi,1790.0,1250.0,30.17,TRY,0.0,,,
209138886,Baggy fit jean,Bershka,ERKEK > Hepsi,Koyu mavi,1790.0,1250.0,30.17,TRY,0.0,,,
211485282,Super baggy fit jean,Bershka,ERKEK > Hepsi,Siyah,1790.0,1250.0,30.17,TRY,0.0,,,
209138963,Skater jean,Bershka,ERKEK > Hepsi,Gri,1790.0,1250.0,30.17,TRY,0.0,,,
205750039,Kapüşonlu boxy fit fitilli ceket,Bershka,ERKEK > Hepsi,Siyah,2490.0,1740.0,30.12,TRY,0.0,,,
209138858,Boxy fit kapüşonlu sweatshirt,Bershka,ERKEK > Hepsi,Gri,1690.0,1180.0,30.18,TRY,0.0,,,
209138954,Fermuarlı boxy fit crop sweatshirt,Bershka,ERKEK > Hepsi,Gri,1790.0,1250.0,30.17,TRY,0.0,,,
205577762,Super baggy fit jean,Bershka,ERKEK > Hepsi,Açık mavi,1790.0,1250.0,30.17,TRY,0.0,,,
209138882,Baggy fit jean,Bershka,ERKEK > Hepsi,Yeşil,1790.0,1250.0,30.17,TRY,0.0,,,
204654991,Baskılı fermuarlı ceket,Bershka,ERKEK > Hepsi,Siyah,2490.0,1740.0,30.12,TRY,0.0,,,
205577764,Super baggy fit jean,Bershka,ERKEK > Hepsi,Gri,1790.0,1250.0,30.17,TRY,0.0,,,
209138876,Fermuarlı kapüşonlu sweatshirt,Bershka,ERKEK > Hepsi,Gri,1590.0,1110.0,30.19,TRY,0.0,,,
209138861,Boxy fit kapüşonlu sweatshirt,Bershka,ERKEK > Hepsi,Gri,1690.0,1180.0,30.18,TRY,0.0,,,
209139031,Super baggy fit jean,Bershka,ERKEK > Hepsi,Mavi,2290.0,1600.0,30.13,TRY,0.0,,,
206048961,İşlemeli super baggy fit jean,Bershka,ERKEK > Hepsi,Siyah,2290.0,1600.0,30.13,TRY,0.0,,,
206048959,İşlemeli super baggy fit jean,Bershka,ERKEK > Hepsi,Mavi,2290.0,1600.0,30.13,TRY,0.0,,,
204066870,Teknik spor super baggy fit pantolon,Bershka,ERKEK > Hepsi,Siyah,1790.0,1250.0,30.17,TRY,0.0,,,
209139015,Barrel fit jean,Bershka,ERKEK > Hepsi,Gri,2290.0,1600.0,30.13,TRY,0.0,,,
209138965,Barrel fit jean,Bershka,ERKEK > Hepsi,Denizci mavisi,1790.0,1250.0,30.17,TRY,0.0,,,
205631024,Fermuarlı baskılı sweatshirt,Bershka,ERKEK > Hepsi,Kızıl kahverengi,2290.0,1140.0,50.22,TRY,0.0,,,
209139032,Super baggy fit jean,Bershka,ERKEK > Hepsi,Siyah,2290.0,1600.0,30.13,TRY,0.0,,,
206673897,Baskılı fermuarlı ceket,Bershka,ERKEK > Hepsi,Deve tüyü rengi,2490.0,1740.0,30.12,TRY,0.0,,,
209138964,Skater jean,Bershka,ERKEK > Hepsi,Açık mavi,1790.0,1250.0,30.17,TRY,0.0,,,
204937272,Fermuarlı baskılı sweatshirt,Bershka,ERKEK > Hepsi,Siyah,2290.0,1140.0,50.22,TRY,0.0,,,
206673895,Kargo paraşüt jean,Bershka,ERKEK > Hepsi,Bej,2290.0,1600.0,30.13,TRY,0.0,,,
204066930,Spor teknik ceket,Bershka,ERKEK > Hepsi,Kırmızı,2290.0,1600.0,30.13,TRY,0.0,,,
209139118,Kanguru cepli kapitone ceket,Bershka,ERKEK > Hepsi,Siyah,1790.0,1250.0,30.17,TRY,0.0,,,
209139014,Barrel fit jean,Bershka,ERKEK > Hepsi,Denizci mavisi,2290.0,1600.0,30.13,TRY,0.0,,,
206673894,Kargo paraşüt jean,Bershka,ERKEK > Hepsi,Haki,2290.0,1600.0,30.13,TRY,0.0,,,
207130917,Fermuarlı boxy fit flanel ceket,Bershka,ERKEK > Hepsi,Siyah,2290.0,1600.0,30.13,TRY,0.0,,,
204066888,Kalın tabanlı kaykay ayakkabısı,Bershka,ERKEK > Hepsi,Çok renkli,2690.0,1880.0,30.11,TRY,0.0,,,
206048962,İşlemeli super baggy fit jean,Bershka,ERKEK > Hepsi,Gri,2290.0,1600.0,30.13,TRY,0.0,,,
209138877,Fermuarlı kapüşonlu sweatshirt,Bershka,ERKEK > Hepsi,Gri,1590.0,1110.0,30.19,TRY,0.0,,,
205676868,Nakışlı çift boxy fit kollu gömlek,Bershka,ERKEK > Hepsi,Siyah,1790.0,1250.0,30.17,TRY,0.0,,,
204066871,Teknik spor super baggy fit pantolon,Bershka,ERKEK > Hepsi,Yeşil,1790.0,1250.0,30.17,TRY,0.0,,,
209139013,Barrel fit jean,Bershka,ERKEK > Hepsi,Açık mavi,2290.0,1600.0,30.13,TRY,0.0,,,
206673892,Kargo paraşüt jean,Bershka,ERKEK > Hepsi,Siyah,2290.0,1600.0,30.13,TRY,0.0,,,
204066931,Spor teknik ceket,Bershka,ERKEK > Hepsi,Yeşil,2290.0,1600.0,30.13,TRY,0.0,,,
209138922,Kapüşonlu sweatshirt,Bershka,ERKEK > Hepsi,Gri,1190.0,830.0,30.25,TRY,0.0,,,
209138921,Kapüşonlu sweatshirt,Bershka,ERKEK > Hepsi,Siyah,1190.0,830.0,30.25,TRY,0.0,,,
206673891,Kargo paraşüt jean,Bershka,ERKEK > Hepsi,Denizci mavisi,2290.0,1600.0,30.13,TRY,0.0,,,
209138860,Boxy fit kapüşonlu sweatshirt,Bershka,ERKEK > Hepsi,Şeker Pembesi,1690.0,1180.0,30.18,TRY,0.0,,,
209138924,Kapüşonlu sweatshirt,Bershka,ERKEK > Hepsi,Beyaz,1190.0,830.0,30.25,TRY,0.0,,,
205676869,Nakışlı çift boxy fit kollu gömlek,Bershka,ERKEK > Hepsi,Kahverengi,1790.0,1250.0,30.17,TRY,0.0,,,
207223951,Kısa kollu boxy fit baskılı gömlek,Bershka,ERKEK > Hepsi,Krem,1590.0,1110.0,30.19,TRY,0.0,,,
217315682,Kısa kollu ribanalı kontrast tişört,Bershka,Highlight > COMBO WINS %,Kirli beyaz,790.0,790.0,0.0,TRY,0.0,,,
217315681,Kısa kollu ribanalı kontrast tişört,Bershka,Highlight > COMBO WINS %,Denizci mavisi,790.0,790.0,0.0,TRY,0.0,,,
217315177,Kısa kollu ribanalı kontrast tişört,Bershka,Highlight > COMBO WINS %,Yeşil,790.0,790.0,0.0,TRY,0.0,,,
209442166,Balon pantolon,Bershka,Highlight > COMBO WINS %,Gri,1590.0,1590.0,0.0,TRY,0.0,,,
209484724,Balon pantolon,Bershka,Highlight > COMBO WINS %,Gri,1590.0,1590.0,0.0,TRY,0.0,,,
209484625,Balon pantolon,Bershka,Highlight > COMBO WINS %,Siyah,1590.0,1590.0,0.0,TRY,,,,
216376829,Oversize sentetik kauçuk bermuda,Bershka,Highlight > COMBO WINS %,Siyah,1490.0,1490.0,0.0,TRY,0.0,,,
213616490,Fermuarlı sentetik kauçuk kumaş kapüşonlu sweatshirt,Bershka,Highlight > COMBO WINS %,Gri,2290.0,2290.0,0.0,TRY,0.0,,,
216376825,Oversize sentetik kauçuk kumaş bermuda,Bershka,Highlight > COMBO WINS %,Gri,1490.0,1490.0,0.0,TRY,0.0,,,
209485371,Uzun kollu henley slim fit tişört,Bershka,Highlight > COMBO WINS %,Kirli beyaz,1090.0,1090.0,0.0,TRY,0.0,,,
213615924,Uzun kollu henley slim fit tişört,Bershka,Highlight > COMBO WINS %,Koyu gri,1090.0,1090.0,0.0,TRY,0.0,,,
209484797,Uzun kollu henley slim fit tişört,Bershka,Highlight > COMBO WINS %,Siyah,1090.0,1090.0,0.0,TRY,0.0,,,
216376788,Super baggy fit pantolon,Bershka,Highlight > COMBO WINS %,Taş rengi,1590.0,1590.0,0.0,TRY,0.0,,,
216376791,Kısa kollu gofre ekmekçi tişört,Bershka,Highlight > COMBO WINS %,Siyah,790.0,790.0,0.0,TRY,0.0,,,
216376789,Super baggy fit pantolon,Bershka,Highlight > COMBO WINS %,Gri,1590.0,1590.0,0.0,TRY,0.0,,,
209441746,Şardonlu jogger fit pantolon,Bershka,Highlight > COMBO WINS %,Siyah,1090.0,1090.0,0.0,TRY,0.0,,,
215063996,Uzun kollu henley slim fit tişört,Bershka,Highlight > COMBO WINS %,Kahverengi,1090.0,1090.0,0.0,TRY,0.0,,,
209485048,Şardonlu jogger fit pantolon,Bershka,Highlight > COMBO WINS %,Gri,1090.0,1090.0,0.0,TRY,0.0,,,
213615988,Kısa kollu boxy fit tailored fit gömlek,Bershka,Highlight > COMBO WINS %,Taş rengi,1590.0,1590.0,0.0,TRY,0.0,,,
213616485,Kısa kollu boxy fit tailored fit gömlek,Bershka,Highlight > COMBO WINS %,Haki,1590.0,1590.0,0.0,TRY,0.0,,,
213616486,Kısa kollu boxy fit tailored fit gömlek,Bershka,Highlight > COMBO WINS %,Siyah,1590.0,1590.0,0.0,TRY,0.0,,,
213615990,Super baggy fit tailored pantolon,Bershka,Highlight > COMBO WINS %,Taş rengi,1790.0,1790.0,0.0,TRY,0.0,,,
213615989,Super baggy fit tailored pantolon,Bershka,Highlight > COMBO WINS %,Haki,1790.0,1790.0,0.0,TRY,0.0,,,
213616487,Super baggy fit tailored pantolon,Bershka,Highlight > COMBO WINS %,Siyah,1790.0,1790.0,0.0,TRY,0.0,,,
216376317,Baskılı oversize kolsuz t-shirt,Bershka,Highlight > COMBO WINS %,Taş rengi,790.0,790.0,0.0,TRY,0.0,,,
216376831,Baskılı oversize kolsuz t-shirt,Bershka,Highlight > COMBO WINS %,Turkuaz,790.0,790.0,0.0,TRY,0.0,,,
216376830,Baskılı oversize kolsuz t-shirt,Bershka,Highlight > COMBO WINS %,Kızıl kahverengi,790.0,790.0,0.0,TRY,0.0,,,
213615992,Kısa kollu boxy fit tişört,Bershka,Highlight > COMBO WINS %,Beyaz,790.0,790.0,0.0,TRY,0.0,,,
213616489,Kısa kollu boxy fit tişört,Bershka,Highlight > COMBO WINS %,Pembe,790.0,790.0,0.0,TRY,0.0,,,
213616488,Kısa kollu boxy fit tişört,Bershka,Highlight > COMBO WINS %,Siyah,790.0,790.0,0.0,TRY,0.0,,,
209940883,Kısa kollu dokulu tişört,Bershka,Highlight > COMBO WINS %,Kirli beyaz,790.0,790.0,0.0,TRY,0.0,,,
209941366,Kısa kollu dokulu tişört,Bershka,Highlight > COMBO WINS %,Taş rengi,790.0,790.0,0.0,TRY,0.0,,,
209940882,Kısa kollu dokulu tişört,Bershka,Highlight > COMBO WINS %,Siyah,790.0,790.0,0.0,TRY,0.0,,,
213615987,Çift kollu baskılı tişört,Bershka,Highlight > COMBO WINS %,Taş rengi,1190.0,1190.0,0.0,TRY,0.0,,,
215063895,Interlok balloon fit pantolon,Bershka,Highlight > COMBO WINS %,Siyah,1590.0,1590.0,0.0,TRY,0.0,,,
215064391,Interlok balloon fit pantolon,Bershka,Highlight > COMBO WINS %,Gri,1590.0,1590.0,0.0,TRY,0.0,,,
209940886,Kısa kollu tişört,Bershka,Highlight > COMBO WINS %,Beyaz,490.0,490.0,0.0,TRY,0.0,,,
209940885,Kısa kollu tişört,Bershka,Highlight > COMBO WINS %,Kahverengi,490.0,490.0,0.0,TRY,0.0,,,
209940881,Kısa kollu tişört,Bershka,Highlight > COMBO WINS %,Siyah,490.0,490.0,0.0,TRY,0.0,,,
209485235,Teknik pensli pantolon,Bershka,Highlight > COMBO WINS %,Gri,1790.0,1790.0,0.0,TRY,0.0,,,
216376790,Kısa kollu gofre ekmekçi tişört,Bershka,Highlight > COMBO WINS %,Kirli beyaz,790.0,790.0,0.0,TRY,0.0,,,
209441370,Teknik pensli pantolon,Bershka,Highlight > COMBO WINS %,Siyah,1790.0,1790.0,0.0,TRY,0.0,,,
213615986,Gofre kumaş baskılı askılı tişört,Bershka,Highlight > COMBO WINS %,Kirli beyaz,790.0,790.0,0.0,TRY,0.0,,,
213615985,Gofre kumaş baskılı askılı tişört,Bershka,Highlight > COMBO WINS %,Mavi,790.0,790.0,0.0,TRY,0.0,,,
213615984,Gofre kumaş baskılı askılı tişört,Bershka,Highlight > COMBO WINS %,Siyah,790.0,790.0,0.0,TRY,0.0,,,
213615920,Kısa kollu katlamalı tişört,Bershka,Highlight > COMBO WINS %,Beyaz,490.0,490.0,0.0,TRY,0.0,,,
213615922,Kısa kollu katlamalı tişört,Bershka,Highlight > COMBO WINS %,Gri,490.0,490.0,0.0,TRY,0.0,,,
213616432,Kısa kollu katlamalı tişört,Bershka,Highlight > COMBO WINS %,Siyah,490.0,490.0,0.0,TRY,0.0,,,
213616424,Kısa kollu katlamalı tişört,Bershka,Highlight > COMBO WINS %,Mavi,490.0,490.0,0.0,TRY,0.0,,,
213615925,Fermuarlı sentetik kauçuk kumaş kapüşonlu sweatshirt,Bershka,Highlight > COMBO WINS %,Siyah,2290.0,2290.0,0.0,TRY,0.0,,,
213616435,Kısa kollu ribana felpa tişört,Bershka,Highlight > COMBO WINS %,Kahverengi,1090.0,1090.0,0.0,TRY,0.0,,,
216376827,Dokulu şardonlu bermuda,Bershka,Highlight > COMBO WINS %,Kirli beyaz,1090.0,1090.0,0.0,TRY,0.0,,,
216376828,Baskılı oversize kolsuz t-shirt,Bershka,Highlight > COMBO WINS %,Gri,790.0,790.0,0.0,TRY,0.0,,,
216376826,Dokulu şardonlu bermuda,Bershka,Highlight > COMBO WINS %,Siyah,1090.0,1090.0,0.0,TRY,0.0,,,
209941368,Rib askılı tişört,Bershka,Highlight > COMBO WINS %,Siyah,590.0,590.0,0.0,TRY,0.0,,,
209941369,Kısa kollu tişört,Bershka,Highlight > COMBO WINS %,Pembe,490.0,490.0,0.0,TRY,0.0,,,
209941363,Rib askılı tişört,Bershka,Highlight > COMBO WINS %,Beyaz,590.0,590.0,0.0,TRY,0.0,,,
213616428,Kısa kollu ribana felpa tişört,Bershka,Highlight > COMBO WINS %,Kirli beyaz,1090.0,1090.0,0.0,TRY,0.0,,,
213615927,Kısa kollu ribana felpa tişört,Bershka,Highlight > COMBO WINS %,Gri,1090.0,1090.0,0.0,TRY,0.0,,,
213616430,Kısa kollu ribana felpa tişört,Bershka,Highlight > COMBO WINS %,Siyah,1090.0,1090.0,0.0,TRY,0.0,,,
209940884,Kısa kollu sweatshirt,Bershka,Highlight > COMBO WINS %,Kirli beyaz,1090.0,1090.0,0.0,TRY,0.0,,,
209941364,Kısa kollu sweatshirt,Bershka,Highlight > COMBO WINS %,Yeşil,1090.0,1090.0,0.0,TRY,0.0,,,
209941365,Kısa kollu sweatshirt,Bershka,Highlight > COMBO WINS %,Siyah,1090.0,1090.0,0.0,TRY,0.0,,,
213616436,Basic kolsuz tişört,Bershka,Highlight > COMBO WINS %,Beyaz,490.0,490.0,0.0,TRY,0.0,,,
213616423,Basic kolsuz tişört,Bershka,Highlight > COMBO WINS %,Taş rengi,490.0,490.0,0.0,TRY,0.0,,,
213616427,Basic kolsuz tişört,Bershka,Highlight > COMBO WINS %,Siyah,490.0,490.0,0.0,TRY,0.0,,,
213616433,Kısa kollu polo yaka tişört,Bershka,Highlight > COMBO WINS %,Kirli beyaz,1090.0,1090.0,0.0,TRY,0.0,,,
213615921,Kısa kollu polo yaka tişört,Bershka,Highlight > COMBO WINS %,Kızıl kahverengi,1090.0,1090.0,0.0,TRY,0.0,,,
213616426,Kısa kollu polo yaka tişört,Bershka,Highlight > COMBO WINS %,Siyah,1090.0,1090.0,0.0,TRY,0.0,,,
209941367,Kısa kollu dokulu tişört,Bershka,Highlight > COMBO WINS %,Kızıl kahverengi,790.0,790.0,0.0,TRY,0.0,,,
213616431,Basic kolsuz tişört,Bershka,Highlight > COMBO WINS %,Kırmızı,490.0,490.0,0.0,TRY,0.0,,,
213615993,Kısa kollu boxy fit tişört,Bershka,Highlight > COMBO WINS %,Mercan,790.0,790.0,0.0,TRY,0.0,,,
217315172,Basic pamuklu bermuda,Bershka,Highlight > COMBO WINS %,Beyaz,990.0,990.0,0.0,TRY,0.0,,,
217315676,Basic pamuklu bermuda,Bershka,Highlight > COMBO WINS %,Gri,990.0,990.0,0.0,TRY,0.0,,,
217315173,Basic pamuklu bermuda,Bershka,Highlight > COMBO WINS %,Siyah,990.0,990.0,0.0,TRY,0.0,,,
217315679,Kısa kollu roll up baskılı tişört,Bershka,Highlight > COMBO WINS %,Beyaz,790.0,790.0,0.0,TRY,0.0,,,
217315678,Kısa kollu roll up baskılı tişört,Bershka,Highlight > COMBO WINS %,Kırmızı,790.0,790.0,0.0,TRY,0.0,,,
217315677,Kısa kollu roll up baskılı tişört,Bershka,Highlight > COMBO WINS %,Gri,790.0,790.0,0.0,TRY,0.0,,,
213615923,Uzun kollu tişört,Bershka,Highlight > COMBO WINS %,Kirli beyaz,990.0,990.0,0.0,TRY,0.0,,,
213615926,Uzun kollu tişört,Bershka,Highlight > COMBO WINS %,Yeşil,990.0,990.0,0.0,TRY,0.0,,,
213616429,Uzun kollu tişört,Bershka,Highlight > COMBO WINS %,Siyah,990.0,990.0,0.0,TRY,0.0,,,
217315683,Basic pamuklu bermuda,Bershka,Highlight > COMBO WINS %,Denizci mavisi,990.0,990.0,0.0,TRY,0.0,,,
217315675,Geniş paça pantolon,Bershka,Highlight > COMBO WINS %,Gri,1490.0,1490.0,0.0,TRY,0.0,,,
217315178,Basic pamuklu bermuda,Bershka,Highlight > COMBO WINS %,Turkuaz,990.0,990.0,0.0,TRY,0.0,,,
217315174,Kargo jogger fit pantolon,Bershka,Highlight > COMBO WINS %,Kum rengi,1590.0,1590.0,0.0,TRY,0.0,,,
217315171,Geniş paça pantolon,Bershka,Highlight > COMBO WINS %,Siyah,1490.0,1490.0,0.0,TRY,0.0,,,
217315684,Kargo jogger fit pantolon,Bershka,Highlight > COMBO WINS %,Kahverengi,1590.0,1590.0,0.0,TRY,0.0,,,
218801539,Ketenli super baggy fit pantolon,Bershka,Highlight > Bayram koleksiyonu,Kahverengi,1790.0,1790.0,0.0,TRY,0.0,,,
218802016,Ketenli super baggy fit pantolon,Bershka,Highlight > Bayram koleksiyonu,Kirli beyaz,1790.0,1790.0,0.0,TRY,0.0,,,
218802017,Ketenli super baggy fit pantolon,Bershka,Highlight > Bayram koleksiyonu,Siyah,1790.0,1790.0,0.0,TRY,0.0,,,
218802015,Ketenli super baggy fit pantolon,Bershka,Highlight > Bayram koleksiyonu,Kum rengi,1790.0,1790.0,0.0,TRY,0.0,,,
218801875,Kısa kollu baskılı polo yaka tişört,Bershka,Highlight > Bayram koleksiyonu,Denizci mavisi,1190.0,1190.0,0.0,TRY,0.0,,,
218801545,Kısa kollu baskılı polo,Bershka,Highlight > Bayram koleksiyonu,Kirli beyaz,1190.0,1190.0,0.0,TRY,0.0,,,
218801546,Kısa kollu baskılı polo,Bershka,Highlight > Bayram koleksiyonu,Kahverengi,1190.0,1190.0,0.0,TRY,0.0,,,
218801547,Kısa kollu baskılı polo yaka tişört,Bershka,Highlight > Bayram koleksiyonu,Denizci mavisi,1190.0,1190.0,0.0,TRY,0.0,,,
218801876,Kısa kollu baskılı tişört,Bershka,Highlight > Bayram koleksiyonu,Beyaz,790.0,790.0,0.0,TRY,0.0,,,
218801407,Desenli teknik ceket,Bershka,Highlight > Bayram koleksiyonu,Kahverengi,2290.0,2290.0,0.0,TRY,0.0,,,
218802019,Skater denim bermuda,Bershka,Highlight > Bayram koleksiyonu,Gri,1590.0,1590.0,0.0,TRY,0.0,,,
218802020,Denim skater bermuda,Bershka,Highlight > Bayram koleksiyonu,Mavi,1590.0,1590.0,0.0,TRY,0.0,,,
218802022,Skater denim bermuda,Bershka,Highlight > Bayram koleksiyonu,Açık mavi,1590.0,1590.0,0.0,TRY,0.0,,,
218802023,Skater denim bermuda,Bershka,Highlight > Bayram koleksiyonu,Açık mavi,1590.0,1590.0,0.0,TRY,0.0,,,
218802021,Skater denim bermuda,Bershka,Highlight > Bayram koleksiyonu,Siyah,1590.0,1590.0,0.0,TRY,0.0,,,
218801878,Kısa kollu oversize nakışlı gömlek,Bershka,Highlight > Bayram koleksiyonu,Denizci mavisi,2290.0,2290.0,0.0,TRY,0.0,,,
218801540,Kargo paraşüt denim bermuda,Bershka,Highlight > Bayram koleksiyonu,Haki,1790.0,1790.0,0.0,TRY,0.0,,,
218802012,Paraşüt kargo denim bermuda,Bershka,Highlight > Bayram koleksiyonu,Siyah,1790.0,1790.0,0.0,TRY,0.0,,,
218801541,Kargo paraşüt denim bermuda,Bershka,Highlight > Bayram koleksiyonu,Denizci mavisi,1790.0,1790.0,0.0,TRY,0.0,,,
213616377,Uzun kollu henley slim fit tişört,Bershka,Highlight > Bayram koleksiyonu,Kirli beyaz,1090.0,1090.0,0.0,TRY,0.0,,,
209139044,Uzun kollu henley slim fit tişört,Bershka,Highlight > Bayram koleksiyonu,Siyah,1090.0,1090.0,0.0,TRY,0.0,,,
209139042,Uzun kollu henley slim fit tişört,Bershka,Highlight > Bayram koleksiyonu,Koyu gri,1090.0,1090.0,0.0,TRY,0.0,,,
209139043,Uzun kollu henley slim fit tişört,Bershka,Highlight > Bayram koleksiyonu,Kahverengi,1090.0,1090.0,0.0,TRY,0.0,,,
205248255,Bisiklet yaka çizgili nakışlı kazak,Bershka,Highlight > Bayram koleksiyonu,Denizci mavisi,2290.0,2290.0,0.0,TRY,0.0,,,
205213777,Denim ceket,Bershka,Highlight > Bayram koleksiyonu,Açık mavi,2290.0,2290.0,0.0,TRY,0.0,,,
208165548,Kısa kollu boxy fit baskılı polo,Bershka,Highlight > Bayram koleksiyonu,Gri,1490.0,1490.0,0.0,TRY,0.0,,,
216376208,Kısa kollu boxy fit baskılı tişört,Bershka,Highlight > Bayram koleksiyonu,Koyu gri,990.0,990.0,0.0,TRY,0.0,,,
216376212,Çizgili bisiklet yaka sweatshirt,Bershka,Highlight > Bayram koleksiyonu,Denizci mavisi,1590.0,1590.0,0.0,TRY,0.0,,,
205304036,İşlemeli fermuarlı ceket,Bershka,Highlight > Bayram koleksiyonu,Gri,2290.0,2290.0,0.0,TRY,0.0,,,
216376213,İşlemeli şapka,Bershka,Highlight > Bayram koleksiyonu,Kahverengi,790.0,790.0,0.0,TRY,0.0,,,
216376725,Baskılı fermuarlı ceket,Bershka,Highlight > Bayram koleksiyonu,Siyah,2490.0,1740.0,30.12,TRY,0.0,,,
206803619,Denim ceket,Bershka,Highlight > Bayram koleksiyonu,Denizci mavisi,2290.0,2290.0,0.0,TRY,0.0,,,
205304047,Blok renkli suni deri ceket,Bershka,Highlight > Bayram koleksiyonu,Bordo,2990.0,2990.0,0.0,TRY,0.0,,,
216376718,Nakışlı boxy fit kapüşonlu sweatshirt,Bershka,Highlight > Bayram koleksiyonu,Mavi,1690.0,1690.0,0.0,TRY,0.0,,,
207374347,Kalın tabanlı makosen,Bershka,Highlight > Bayram koleksiyonu,SİYAH,2490.0,2490.0,0.0,TRY,0.0,,,
208227854,İnce tabanlı makosen,Bershka,Highlight > Bayram koleksiyonu,SİYAH,1890.0,1890.0,0.0,TRY,0.0,,,
216376216,Baskılı fermuarlı ceket,Bershka,Highlight > Bayram koleksiyonu,Deve tüyü rengi,2490.0,1740.0,30.12,TRY,0.0,,,
207583791,Kısa kollu baskılı tişört,Bershka,Highlight > Bayram koleksiyonu,Mavi,790.0,790.0,0.0,TRY,0.0,,,
207583790,Kısa kollu baskılı tişört,Bershka,Highlight > Bayram koleksiyonu,Taş rengi,790.0,790.0,0.0,TRY,0.0,,,
207583789,Kısa kollu baskılı tişört,Bershka,Highlight > Bayram koleksiyonu,Kırmızı,790.0,790.0,0.0,TRY,0.0,,,
206766347,Kısa kollu boxy fit baskılı tişört,Bershka,Highlight > Bayram koleksiyonu,Koyu gri,990.0,990.0,0.0,TRY,0.0,,,
205582914,İŞLEMELİ ŞAPKA,Bershka,Highlight > Bayram koleksiyonu,Kızıl kahverengi,790.0,790.0,0.0,TRY,0.0,,,
205582915,İŞLEMELİ ŞAPKA,Bershka,Highlight > Bayram koleksiyonu,Denizci mavisi,790.0,790.0,0.0,TRY,0.0,,,
204283051,Kısa kollu sweatshirt,Bershka,Highlight > Bayram koleksiyonu,Siyah,1090.0,1090.0,0.0,TRY,0.0,,,
204283052,Kısa kollu sweatshirt,Bershka,Highlight > Bayram koleksiyonu,Kirli beyaz,1090.0,1090.0,0.0,TRY,0.0,,,
204283050,Kısa kollu sweatshirt,Bershka,Highlight > Bayram koleksiyonu,Yeşil,1090.0,1090.0,0.0,TRY,0.0,,,
216376721,Super baggy fit tailored pantolon,Bershka,Highlight > Bayram koleksiyonu,Haki,1790.0,1790.0,0.0,TRY,0.0,,,
216376220,Super baggy fit tailored pantolon,Bershka,Highlight > Bayram koleksiyonu,Taş rengi,1790.0,1790.0,0.0,TRY,0.0,,,
216376724,Super baggy fit tailored pantolon,Bershka,Highlight > Bayram koleksiyonu,Siyah,1790.0,1790.0,0.0,TRY,0.0,,,
205750047,Kısa kollu boxy fit dökümlü gömlek,Bershka,Highlight > Bayram koleksiyonu,Taş rengi,1590.0,1590.0,0.0,TRY,0.0,,,
205750045,Kısa kollu boxy fit dökümlü gömlek,Bershka,Highlight > Bayram koleksiyonu,Denizci mavisi,1590.0,1590.0,0.0,TRY,0.0,,,
205750046,Kısa kollu boxy fit dökümlü gömlek,Bershka,Highlight > Bayram koleksiyonu,Siyah,1590.0,1590.0,0.0,TRY,0.0,,,
216376806,Super baggy fit pensli pantolon,Bershka,Highlight > Bayram koleksiyonu,Denizci mavisi,1590.0,1590.0,0.0,TRY,0.0,,,
216376303,Super baggy fit pensli pantolon,Bershka,Highlight > Bayram koleksiyonu,Siyah,1590.0,1590.0,0.0,TRY,0.0,,,
216376302,Super baggy fit pensli pantolon,Bershka,Highlight > Bayram koleksiyonu,Taş rengi,1590.0,1590.0,0.0,TRY,0.0,,,
213616499,Baskılı boxy fit uzun kollu polo yaka tişört,Bershka,Highlight > Bayram koleksiyonu,Denizci mavisi,1790.0,1790.0,0.0,TRY,0.0,,,
204066964,İşlemeli Kazak,Bershka,Highlight > Bayram koleksiyonu,Denizci mavisi,1790.0,1790.0,0.0,TRY,0.0,,,
204066818,Boxy fit suni deri ceket,Bershka,Highlight > Bayram koleksiyonu,Yeşil,2490.0,2490.0,0.0,TRY,0.0,,,
205492583,Baskılı boxy fit uzun kollu polo yaka tişört,Bershka,Highlight > Bayram koleksiyonu,Denizci mavisi,1790.0,1790.0,0.0,TRY,0.0,,,
213616006,Blucher ayakkabı,Bershka,Highlight > Bayram koleksiyonu,SİYAH,2490.0,2490.0,0.0,TRY,0.0,,,
204067127,İşlemeli kaşe ceket,Bershka,Highlight > Bayram koleksiyonu,Yeşil,2990.0,2990.0,0.0,TRY,0.0,,,
205676870,Kısa kollu baskılı tişört,Bershka,Highlight > Bayram koleksiyonu,Yeşil,790.0,790.0,0.0,TRY,0.0,,,
208227629,Elastik detaylı bot,Bershka,Highlight > Bayram koleksiyonu,SİYAH,2990.0,2990.0,0.0,TRY,0.0,,,
213616009,İşlemeli kaşe ceket,Bershka,Highlight > Bayram koleksiyonu,Yeşil,2990.0,2990.0,0.0,TRY,0.0,,,
213616010,Polo yaka baskılı kazak,Bershka,Highlight > Bayram koleksiyonu,Yeşil,2290.0,2290.0,0.0,TRY,0.0,,,
213616498,Havlu efektli baskılı jarse,Bershka,Highlight > Bayram koleksiyonu,Kirli beyaz,1790.0,1790.0,0.0,TRY,0.0,,,
207223950,Uzun kollu kontrast baskılı tişört,Bershka,Highlight > Bayram koleksiyonu,Yeşil,1090.0,1090.0,0.0,TRY,0.0,,,
209139046,Uzun kollu henley slim fit tişört,Bershka,Highlight > Bayram koleksiyonu,Kirli beyaz,1090.0,1090.0,0.0,TRY,0.0,,,
215063837,Uzun kollu henley slim fit tişört,Bershka,Highlight > Bayram koleksiyonu,Kahverengi,1090.0,1090.0,0.0,TRY,0.0,,,
207265969,Uzun kollu tişört,Bershka,Highlight > Bayram koleksiyonu,Yeşil,990.0,990.0,0.0,TRY,0.0,,,
207265970,Uzun kollu tişört,Bershka,Highlight > Bayram koleksiyonu,Siyah,990.0,990.0,0.0,TRY,0.0,,,
207265971,Uzun kollu tişört,Bershka,Highlight > Bayram koleksiyonu,Kirli beyaz,990.0,990.0,0.0,TRY,0.0,,,
204626120,Rib askılı tişört,Bershka,Highlight > Bayram koleksiyonu,Beyaz,590.0,590.0,0.0,TRY,0.0,,,
204626119,Rib askılı tişört,Bershka,Highlight > Bayram koleksiyonu,Siyah,590.0,590.0,0.0,TRY,0.0,,,
209041982,Rib askılı tişört,Bershka,Highlight > Bayram koleksiyonu,Beyaz,590.0,590.0,0.0,TRY,0.0,,,
215063859,Spor teknik ceket,Bershka,Highlight > Bayram koleksiyonu,Kırmızı,2290.0,1600.0,30.13,TRY,0.0,,,
215063858,Spor teknik ceket,Bershka,Highlight > Bayram koleksiyonu,Yeşil,2290.0,1600.0,30.13,TRY,0.0,,,
213615788,Teknik spor super baggy fit pantolon,Bershka,Highlight > Bayram koleksiyonu,Siyah,1790.0,1250.0,30.17,TRY,0.0,,,
215064359,Teknik spor super baggy fit pantolon,Bershka,Highlight > Bayram koleksiyonu,Yeşil,1790.0,1250.0,30.17,TRY,0.0,,,
205543179,Süper baggy fit teknik pantolon,Bershka,Highlight > Bayram koleksiyonu,Denizci mavisi,1490.0,1490.0,0.0,TRY,0.0,,,
205543185,Teknik ceket,Bershka,Highlight > Bayram koleksiyonu,Denizci mavisi,1590.0,1590.0,0.0,TRY,0.0,,,
215064374,Teknik ceket,Bershka,Highlight > Bayram koleksiyonu,Denizci mavisi,1590.0,1590.0,0.0,TRY,0.0,,,
215064376,Teknik ceket,Bershka,Highlight > Bayram koleksiyonu,Siyah,1590.0,1590.0,0.0,TRY,0.0,,,
215063877,Süper baggy fit teknik pantolon,Bershka,Highlight > Bayram koleksiyonu,Denizci mavisi,1490.0,1490.0,0.0,TRY,0.0,,,
215064375,Süper baggy fit teknik pantolon,Bershka,Highlight > Bayram koleksiyonu,Siyah,1490.0,1490.0,0.0,TRY,0.0,,,
205543186,Teknik ceket,Bershka,Highlight > Bayram koleksiyonu,Siyah,1590.0,1590.0,0.0,TRY,0.0,,,
205543180,Süper baggy fit teknik pantolon,Bershka,Highlight > Bayram koleksiyonu,Siyah,1490.0,1490.0,0.0,TRY,0.0,,,
204066819,Boxy fit suni deri ceket,Bershka,Highlight > Bayram koleksiyonu,Siyah,2490.0,2490.0,0.0,TRY,0.0,,,
209139084,Suni deri boxy fit ceket,Bershka,Highlight > Bayram koleksiyonu,Bordo,2490.0,2490.0,0.0,TRY,0.0,,,
209139083,Suni deri boxy fit ceket,Bershka,Highlight > Bayram koleksiyonu,Siyah,2490.0,2490.0,0.0,TRY,0.0,,,
209138880,Baggy fit jean,Bershka,Highlight > Bayram koleksiyonu,Koyu gri,1790.0,1790.0,0.0,TRY,0.0,,,
209138885,Baggy fit jean,Bershka,Highlight > Bayram koleksiyonu,Açık mavi,1790.0,1790.0,0.0,TRY,0.0,,,
209138884,Baggy fit jean,Bershka,Highlight > Bayram koleksiyonu,Gri,1790.0,1790.0,0.0,TRY,0.0,,,
209138883,Baggy fit jean,Bershka,Highlight > Bayram koleksiyonu,Siyah,1790.0,1790.0,0.0,TRY,0.0,,,
204283063,Kısa kollu tişört,Bershka,Highlight > Bayram koleksiyonu,Beyaz,490.0,490.0,0.0,TRY,0.0,,,
205832033,Kısa kollu baskılı tişört,Bershka,Highlight > Bayram koleksiyonu,Beyaz,790.0,790.0,0.0,TRY,0.0,,,
205750050,Super baggy fit tailored pantolon,Bershka,Highlight > Bayram koleksiyonu,Haki,1790.0,1790.0,0.0,TRY,0.0,,,
205750049,Super baggy fit tailored pantolon,Bershka,Highlight > Bayram koleksiyonu,Siyah,1790.0,1790.0,0.0,TRY,0.0,,,
205750051,Super baggy fit tailored pantolon,Bershka,Highlight > Bayram koleksiyonu,Taş rengi,1790.0,1790.0,0.0,TRY,0.0,,,
213278448,Super baggy fit tailored pantolon,Bershka,Highlight > Bayram koleksiyonu,Haki,1790.0,1790.0,0.0,TRY,0.0,,,
209007207,Interlok balloon fit pantolon,Bershka,Highlight > Bayram koleksiyonu,Siyah,1590.0,1590.0,0.0,TRY,0.0,,,
209007208,Interlok balloon fit pantolon,Bershka,Highlight > Bayram koleksiyonu,Gri,1590.0,1590.0,0.0,TRY,0.0,,,
205213781,Konforlu flare fit jean,Bershka,Highlight > Bayram koleksiyonu,Açık mavi,1790.0,1790.0,0.0,TRY,0.0,,,
206211967,Kapüşonlu denim ceket,Bershka,Highlight > Bayram koleksiyonu,Açık mavi,2490.0,2490.0,0.0,TRY,0.0,,,
204066853,Fermuarlı kumaş ceket,Bershka,Highlight > Bayram koleksiyonu,Taş rengi,2490.0,2490.0,0.0,TRY,0.0,,,
209139157,Kapitone ceket,Bershka,Highlight > Bayram koleksiyonu,Siyah,2490.0,2490.0,0.0,TRY,0.0,,,
205750037,Super baggy fit pensli pantolon,Bershka,Highlight > Bayram koleksiyonu,Taş rengi,1590.0,1590.0,0.0,TRY,0.0,,,
205750035,Super baggy fit pensli pantolon,Bershka,Highlight > Bayram koleksiyonu,Denizci mavisi,1590.0,1590.0,0.0,TRY,0.0,,,
205750036,Super baggy fit pensli pantolon,Bershka,Highlight > Bayram koleksiyonu,Siyah,1590.0,1590.0,0.0,TRY,0.0,,,
213616545,Barrel fit jean,Bershka,Highlight > Bayram koleksiyonu,Açık mavi,2290.0,1600.0,30.13,TRY,0.0,,,
205798707,Kısa kollu boxy fit tişört,Bershka,Highlight > Bayram koleksiyonu,Beyaz,790.0,790.0,0.0,TRY,0.0,,,
216376193,Kısa kollu boxy fit tişört,Bershka,Highlight > Bayram koleksiyonu,Beyaz,790.0,790.0,0.0,TRY,0.0,,,
205798703,Kısa kollu boxy fit tişört,Bershka,Highlight > Bayram koleksiyonu,Pembe,790.0,790.0,0.0,TRY,0.0,,,
205798705,Kısa kollu boxy fit tişört,Bershka,Highlight > Bayram koleksiyonu,Siyah,790.0,790.0,0.0,TRY,0.0,,,
209441776,Barrel fit jean,Bershka,Highlight > Bayram koleksiyonu,Denizci mavisi,1790.0,1250.0,30.17,TRY,0.0,,,
209140767,Barrel fit jean,Bershka,Highlight > Bayram koleksiyonu,Krem,1790.0,1790.0,0.0,TRY,0.0,,,
204067070,Geniş suni deri kemer,Bershka,Highlight > Bayram koleksiyonu,Siyah,590.0,590.0,0.0,TRY,0.0,,,
204066805,Suni deri cüzdan,Bershka,Highlight > Bayram koleksiyonu,Siyah,590.0,590.0,0.0,TRY,,,,
205213785,Jakarlı baskılı jarse,Bershka,Highlight > Bayram koleksiyonu,Kirli beyaz,1790.0,1790.0,0.0,TRY,0.0,,,
205213784,Jakarlı baskılı jarse,Bershka,Highlight > Bayram koleksiyonu,Siyah,1790.0,1790.0,0.0,TRY,0.0,,,
205832031,Kısa kollu katlamalı tişört,Bershka,Highlight > Bayram koleksiyonu,Beyaz,490.0,490.0,0.0,TRY,0.0,,,
205832029,Kısa kollu katlamalı tişört,Bershka,Highlight > Bayram koleksiyonu,Mavi,490.0,490.0,0.0,TRY,0.0,,,
205832030,Kısa kollu katlamalı tişört,Bershka,Highlight > Bayram koleksiyonu,Siyah,490.0,490.0,0.0,TRY,0.0,,,
205832032,Kısa kollu katlamalı tişört,Bershka,Highlight > Bayram koleksiyonu,Gri,490.0,490.0,0.0,TRY,0.0,,,
209139140,İşlemeli şapka,Bershka,Highlight > Bayram koleksiyonu,Kahverengi,790.0,790.0,0.0,TRY,0.0,,,
213616374,İşlemeli barrel fit jean,Bershka,Highlight > Bayram koleksiyonu,Açık mavi,2290.0,2290.0,0.0,TRY,0.0,,,
207684760,İşlemeli super baggy fit pantolon,Bershka,Highlight > Bayram koleksiyonu,Siyah,2290.0,2290.0,0.0,TRY,0.0,,,
205470748,İşlemeli barrel fit jean,Bershka,Highlight > Bayram koleksiyonu,Açık mavi,2290.0,2290.0,0.0,TRY,0.0,,,
205470749,İşlemeli barrel fit jean,Bershka,Highlight > Bayram koleksiyonu,Siyah,2290.0,2290.0,0.0,TRY,0.0,,,
204708561,Kısa kollu dokulu tişört,Bershka,Highlight > Bayram koleksiyonu,Kirli beyaz,790.0,790.0,0.0,TRY,0.0,,,
204708559,Kısa kollu dokulu tişört,Bershka,Highlight > Bayram koleksiyonu,Taş rengi,790.0,790.0,0.0,TRY,0.0,,,
204708557,Kısa kollu dokulu tişört,Bershka,Highlight > Bayram koleksiyonu,Siyah,790.0,790.0,0.0,TRY,0.0,,,
206215739,Kısa kollu ribana felpa tişört,Bershka,Highlight > Bayram koleksiyonu,Gri,1090.0,1090.0,0.0,TRY,0.0,,,
211379333,Kısa kollu ribana felpa tişört,Bershka,Highlight > Bayram koleksiyonu,Gri,1090.0,1090.0,0.0,TRY,0.0,,,
206215740,Kısa kollu ribana felpa tişört,Bershka,Highlight > Bayram koleksiyonu,Kahverengi,1090.0,1090.0,0.0,TRY,0.0,,,
206215738,Kısa kollu ribana felpa tişört,Bershka,Highlight > Bayram koleksiyonu,Siyah,1090.0,1090.0,0.0,TRY,0.0,,,
216376304,Barrel fit jean,Bershka,Highlight > Bayram koleksiyonu,Gri,2290.0,1600.0,30.13,TRY,0.0,,,
216376807,Barrel fit jean,Bershka,Highlight > Bayram koleksiyonu,Denizci mavisi,2290.0,1600.0,30.13,TRY,0.0,,,
216376808,Barrel fit jean,Bershka,Highlight > Bayram koleksiyonu,Açık mavi,2290.0,1600.0,30.13,TRY,0.0,,,
213616509,Kalın tabanlı spor ayakkabı,Bershka,Highlight > Bayram koleksiyonu,BEYAZ,2490.0,2490.0,0.0,TRY,0.0,,,
208228037,Çok parçalı spor ayakkabı,Bershka,Highlight > Bayram koleksiyonu,Çok renkli,1990.0,1990.0,0.0,TRY,0.0,,,
206711766,Barrel fit tailored fit kemerli pantolon,Bershka,Yeni > Gi̇yi̇m,Siyah,2490.0,2490.0,0.0,TRY,0.0,,,
211722912,Kısa kollu oversize nakışlı gömlek,Bershka,Yeni > Gi̇yi̇m,Denizci mavisi,2290.0,2290.0,0.0,TRY,0.0,,,
210270006,Desenli teknik ceket,Bershka,Yeni > Gi̇yi̇m,Kahverengi,2290.0,2290.0,0.0,TRY,0.0,,,
209139148,Super baggy fit tailored fit pantolon,Bershka,Yeni > Gi̇yi̇m,Kahverengi,1790.0,1790.0,0.0,TRY,0.0,,,
204067135,Temel mayo,Bershka,Yeni > Aksesuar,Pembe,790.0,790.0,0.0,TRY,0.0,,,
204067134,Temel mayo,Bershka,Yeni > Aksesuar,Yeşil,790.0,790.0,0.0,TRY,0.0,,,
204067133,Temel mayo,Bershka,Yeni > Aksesuar,Siyah,790.0,790.0,0.0,TRY,0.0,,,
204067132,Temel mayo,Bershka,Yeni > Aksesuar,Açık mavi,790.0,790.0,0.0,TRY,0.0,,,
204067131,Temel mayo,Bershka,Yeni > Aksesuar,Denizci mavisi,790.0,790.0,0.0,TRY,0.0,,,
204066817,Boxy fit deniz şortu,Bershka,Yeni > Aksesuar,Yeşil,1090.0,1090.0,0.0,TRY,0.0,,,
204066816,Boxy fit deniz şortu,Bershka,Yeni > Aksesuar,Denizci mavisi,1090.0,1090.0,0.0,TRY,0.0,,,
220329769,Gömlek ve pantolon takımı,Bershka,Giyim > Twin sets,Kahverengi,1590.0,1590.0,0.0,TRY,0.0,,,
220329768,Gömlek ve pantolon takımı,Bershka,Giyim > Twin sets,Kum rengi,1590.0,1590.0,0.0,TRY,0.0,,,
220330253,Gömlek ve pantolon takımı,Bershka,Giyim > Twin sets,Siyah,1590.0,1590.0,0.0,TRY,0.0,,,
218187982,Sweatshirt ve pantolon takımı,Bershka,Giyim > Twin sets,Gri,2490.0,2490.0,0.0,TRY,0.0,,,
209031813,Fermuarlı baskılı kapüşonlu sweatshirt,Bershka,Giyim > Twin sets,Gri,2490.0,2490.0,0.0,TRY,0.0,,,
209031816,Desenli balon pantolon,Bershka,Giyim > Twin sets,Gri,1790.0,1790.0,0.0,TRY,0.0,,,
199104908,Sweatshirt ve pantolon takımı,Bershka,Giyim > Twin sets,Siyah,1590.0,1110.0,30.19,TRY,0.0,,,
209138913,Balon pantolon,Bershka,Giyim > Twin sets,Siyah,1590.0,1590.0,0.0,TRY,,,,
217315618,Sweatshirt ve pantolon takımı,Bershka,Giyim > Twin sets,Siyah,1590.0,1110.0,30.19,TRY,0.0,,,
217315617,Fermuarlı kapüşonlu sweatshirt,Bershka,Giyim > Twin sets,Siyah,1590.0,1110.0,30.19,TRY,0.0,,,
200308841,Sweatshirt ve pantolon takımı,Bershka,Giyim > Twin sets,Gri,1790.0,1250.0,30.17,TRY,0.0,,,
213616458,Ceket ve pantolon takımı,Bershka,Giyim > Twin sets,Siyah,1590.0,1590.0,0.0,TRY,0.0,,,
199104909,Sweatshirt ve pantolon takımı,Bershka,Giyim > Twin sets,Gri,1590.0,1110.0,30.19,TRY,0.0,,,
209138914,Balon pantolon,Bershka,Giyim > Twin sets,Gri,1590.0,1590.0,0.0,TRY,0.0,,,
215064441,Ceket ve jean pantolon seti,Bershka,Giyim > Twin sets,Denizci mavisi,2290.0,2290.0,0.0,TRY,0.0,,,
215064328,Super baggy fit jean,Bershka,Giyim > Twin sets,Denizci mavisi,1790.0,1250.0,30.17,TRY,0.0,,,
217315211,Gömlek ve pantolon takımı,Bershka,Giyim > Twin sets,Siyah,1590.0,1590.0,0.0,TRY,0.0,,,
199104910,Sweatshirt ve pantolon takımı,Bershka,Giyim > Twin sets,Gri,1590.0,1110.0,30.19,TRY,0.0,,,
209138915,Balon pantolon,Bershka,Giyim > Twin sets,Gri,1590.0,1590.0,0.0,TRY,0.0,,,
213615948,Gömlek ve pantolon takımı,Bershka,Giyim > Twin sets,Siyah,1590.0,1590.0,0.0,TRY,0.0,,,
205750042,Kısa kollu boxy fit tailored fit gömlek,Bershka,Giyim > Twin sets,Siyah,1590.0,1590.0,0.0,TRY,0.0,,,
213278450,Super baggy fit tailored pantolon,Bershka,Giyim > Twin sets,Siyah,1790.0,1790.0,0.0,TRY,0.0,,,
213616457,Ceket ve pantolon takımı,Bershka,Giyim > Twin sets,Denizci mavisi,1590.0,1590.0,0.0,TRY,0.0,,,
199104907,Sweatshirt ve pantolon takımı,Bershka,Giyim > Twin sets,Siyah,1190.0,830.0,30.25,TRY,0.0,,,
209138930,Şardonlu jogger fit pantolon,Bershka,Giyim > Twin sets,Siyah,1090.0,1090.0,0.0,TRY,0.0,,,
213616459,Gömlek ve pantolon takımı,Bershka,Giyim > Twin sets,Haki,1590.0,1590.0,0.0,TRY,0.0,,,
205750043,Kısa kollu boxy fit tailored fit gömlek,Bershka,Giyim > Twin sets,Haki,1590.0,1590.0,0.0,TRY,0.0,,,
213278972,Super baggy fit tailored pantolon,Bershka,Giyim > Twin sets,Haki,1790.0,1790.0,0.0,TRY,0.0,,,
218187983,Sweatshirt ve pantolon takımı,Bershka,Giyim > Twin sets,Taş rengi,1690.0,1690.0,0.0,TRY,0.0,,,
209580885,Boxy nakışlı sweatshirt,Bershka,Giyim > Twin sets,Taş rengi,1690.0,1690.0,0.0,TRY,0.0,,,
209007202,Baskılı balloon fit pantolon,Bershka,Giyim > Twin sets,Taş rengi,1690.0,1690.0,0.0,TRY,0.0,,,
213616454,Ceket ve pantolon takımı,Bershka,Giyim > Twin sets,Kırmızı,2290.0,1600.0,30.13,TRY,0.0,,,
213615976,Ceket ve jean pantolon seti,Bershka,Giyim > Twin sets,Yeşil,2490.0,2490.0,0.0,TRY,0.0,,,
206712960,Baskılı denim ceket,Bershka,Giyim > Twin sets,Yeşil,2490.0,2490.0,0.0,TRY,0.0,,,
206712961,Baskılı barrel fit jean,Bershka,Giyim > Twin sets,Yeşil,2290.0,2290.0,0.0,TRY,0.0,,,
215064490,Gömlek ve pantolon takımı,Bershka,Giyim > Twin sets,Siyah,1590.0,1590.0,0.0,TRY,0.0,,,
216376866,Bermuda ve sweatshirt takımı,Bershka,Giyim > Twin sets,Gri,2290.0,2290.0,0.0,TRY,0.0,,,
204272670,Fermuarlı sentetik kauçuk kumaş kapüşonlu sweatshirt,Bershka,Giyim > Twin sets,Gri,2290.0,2290.0,0.0,TRY,0.0,,,
208739115,Oversize sentetik kauçuk kumaş bermuda,Bershka,Giyim > Twin sets,Gri,1490.0,1490.0,0.0,TRY,0.0,,,
217315117,Fermuarlı sweatshirt ve pantolon takımı,Bershka,Giyim > Twin sets,Gri,1590.0,1110.0,30.19,TRY,0.0,,,
209442139,Fermuarlı kapüşonlu sweatshirt,Bershka,Giyim > Twin sets,Gri,1590.0,1110.0,30.19,TRY,0.0,,,
213616521,Polo ve pantolon takımı,Bershka,Giyim > Twin sets,Denizci mavisi,1790.0,1790.0,0.0,TRY,0.0,,,
215063948,Ceket ve jean pantolon seti,Bershka,Giyim > Twin sets,Denizci mavisi,2290.0,2290.0,0.0,TRY,0.0,,,
215064491,Gömlek ve pantolon takımı,Bershka,Giyim > Twin sets,Taş rengi,1590.0,1590.0,0.0,TRY,0.0,,,
217315729,Gömlek ve pantolon takımı,Bershka,Giyim > Twin sets,Haki,1590.0,1590.0,0.0,TRY,0.0,,,
216376367,Bermuda şort ve sweatshirt takımı,Bershka,Giyim > Twin sets,Siyah,2290.0,2290.0,0.0,TRY,0.0,,,
204272669,Fermuarlı sentetik kauçuk kumaş kapüşonlu sweatshirt,Bershka,Giyim > Twin sets,Siyah,2290.0,2290.0,0.0,TRY,0.0,,,
208739114,Oversize sentetik kauçuk bermuda,Bershka,Giyim > Twin sets,Siyah,1490.0,1490.0,0.0,TRY,0.0,,,
199105407,Sweatshirt ve pantolon takımı,Bershka,Giyim > Twin sets,Gri,1190.0,830.0,30.25,TRY,0.0,,,
209138931,Şardonlu jogger fit pantolon,Bershka,Giyim > Twin sets,Gri,1090.0,1090.0,0.0,TRY,0.0,,,
217315602,T-shirt ve bermuda şort takımı,Bershka,Giyim > Twin sets,Siyah,990.0,990.0,0.0,TRY,0.0,,,
217515209,Basic pamuklu bermuda,Bershka,Giyim > Twin sets,Siyah,990.0,990.0,0.0,TRY,0.0,,,
215064016,Gömlek ve pantolon takımı,Bershka,Giyim > Twin sets,Denizci mavisi,1590.0,1590.0,0.0,TRY,0.0,,,
218187959,Gömlek ve pantolon takımı,Bershka,Giyim > Twin sets,Beyaz,1590.0,1590.0,0.0,TRY,0.0,,,
213616461,Gömlek ve pantolon takımı,Bershka,Giyim > Twin sets,Taş rengi,1590.0,1590.0,0.0,TRY,0.0,,,
205750044,Kısa kollu boxy fit tailored fit gömlek,Bershka,Giyim > Twin sets,Taş rengi,1590.0,1590.0,0.0,TRY,0.0,,,
213278449,Super baggy fit tailored pantolon,Bershka,Giyim > Twin sets,Taş rengi,1790.0,1790.0,0.0,TRY,0.0,,,
217315101,T-shirt ve bermuda takımı,Bershka,Giyim > Twin sets,Yeşil,990.0,990.0,0.0,TRY,0.0,,,
217515207,Basic pamuklu bermuda,Bershka,Giyim > Twin sets,Turkuaz,990.0,990.0,0.0,TRY,0.0,,,
213615943,Ceket ve pantolon takımı,Bershka,Giyim > Twin sets,Yeşil,2290.0,1600.0,30.13,TRY,0.0,,,
213616462,Ceket ve jean pantolon seti,Bershka,Giyim > Twin sets,Açık mavi,2990.0,2990.0,0.0,TRY,0.0,,,
207575896,Dokulu baggy fit jean,Bershka,Giyim > Twin sets,Açık mavi,2490.0,2490.0,0.0,TRY,0.0,,,
217315151,Ceket ve pantolon takımı,Bershka,Giyim > Twin sets,Krem,2490.0,2490.0,0.0,TRY,0.0,,,
206544492,İşlemeli neo barrel fit carpenter jean,Bershka,Giyim > Twin sets,Krem,2290.0,2290.0,0.0,TRY,0.0,,,
204066990,Kalın tabanlı kaykay ayakkabısı,Bershka,Giyim > Hepsi,BEYAZ,2690.0,2690.0,0.0,TRY,0.0,,,
204654994,Suni deri ceket,Bershka,Giyim > Hepsi,Siyah,2990.0,2990.0,0.0,TRY,0.0,,,
209012218,Super baggy fit pantolon,Bershka,Giyim > Hepsi,Gri,1590.0,1590.0,0.0,TRY,0.0,,,
209139073,Hafif teknik kumaşlı bomber ceket,Bershka,Giyim > Hepsi,Siyah,1490.0,1490.0,0.0,TRY,0.0,,,
204066976,Çok parçalı spor ayakkabı,Bershka,Giyim > Hepsi,Çok renkli,1990.0,1990.0,0.0,TRY,0.0,,,
204283061,Kısa kollu tişört,Bershka,Giyim > Hepsi,Siyah,490.0,490.0,0.0,TRY,0.0,,,
209012219,Super baggy fit pantolon,Bershka,Giyim > Hepsi,Taş rengi,1590.0,1590.0,0.0,TRY,0.0,,,
204066904,Temel sokak spor ayakkabı,Bershka,Giyim > Hepsi,BEYAZ,1790.0,1790.0,0.0,TRY,0.0,,,
208126695,Kısa kollu baskılı polo,Bershka,Giyim > Hepsi,Kahverengi,1190.0,1190.0,0.0,TRY,0.0,,,
205058466,Straight fit jean,Bershka,Giyim > Hepsi,Gri,1590.0,1590.0,0.0,TRY,0.0,,,
204100459,Kalın tabanlı spor ayakkabı,Bershka,Giyim > Hepsi,Çok renkli,2490.0,2490.0,0.0,TRY,0.0,,,
209725469,Baggy fit jean,Bershka,Giyim > Hepsi,Beyaz,1790.0,1790.0,0.0,TRY,0.0,,,
209138855,Teknik pensli pantolon,Bershka,Giyim > Hepsi,Siyah,1790.0,1790.0,0.0,TRY,0.0,,,
206678349,Loose fit jean,Bershka,Giyim > Hepsi,Açık mavi,1590.0,1590.0,0.0,TRY,0.0,,,
206678346,Loose fit jean,Bershka,Giyim > Hepsi,Koyu gri,1590.0,1590.0,0.0,TRY,0.0,,,
205058465,Straight fit jean,Bershka,Giyim > Hepsi,Siyah,1590.0,1590.0,0.0,TRY,0.0,,,
204654993,Suni deri ceket,Bershka,Giyim > Hepsi,Bordo,2990.0,2990.0,0.0,TRY,0.0,,,
204066846,Topuk detaylı spor ayakkabı,Bershka,Giyim > Hepsi,BEYAZ,1990.0,1990.0,0.0,TRY,0.0,,,
208126696,Kısa kollu baskılı polo,Bershka,Giyim > Hepsi,Kirli beyaz,1190.0,1190.0,0.0,TRY,0.0,,,
204283064,Kısa kollu tişört,Bershka,Giyim > Hepsi,Kahverengi,490.0,490.0,0.0,TRY,0.0,,,
207319950,One Piece anahtarlıklı kaykay ayakkabısı,Bershka,Giyim > Hepsi,BEYAZ,2690.0,2690.0,0.0,TRY,0.0,,,
204066892,Kalın tabanlı kaykay ayakkabısı,Bershka,Giyim > Hepsi,BEYAZ,2690.0,2690.0,0.0,TRY,0.0,,,
204067032,Kapüşonlu teknik ceket,Bershka,Giyim > Hepsi,Pembe,1790.0,1790.0,0.0,TRY,0.0,,,
211722892,Super baggy fit pensli tailored pantolon,Bershka,Giyim > Hepsi,Koyu gri,2490.0,2490.0,0.0,TRY,0.0,,,
209139009,Suni kürk kapüşonlu ceket,Bershka,Giyim > Hepsi,Siyah,2490.0,2490.0,0.0,TRY,0.0,,,
209139035,Straight fit jogger tailored pantolon,Bershka,Giyim > Hepsi,Siyah,1590.0,1590.0,0.0,TRY,0.0,,,
206712959,Kruvaze belli tailored fit pantolon,Bershka,Giyim > Hepsi,Koyu gri,2290.0,2290.0,0.0,TRY,0.0,,,
206215744,Kısa kollu polo yaka tişört,Bershka,Giyim > Hepsi,Siyah,1090.0,1090.0,0.0,TRY,0.0,,,
209139146,Super baggy fit tailored fit pantolon,Bershka,Giyim > Hepsi,Denizci mavisi,1790.0,1790.0,0.0,TRY,0.0,,,
209138928,Flare straight fit jean,Bershka,Giyim > Hepsi,Siyah,1790.0,1790.0,0.0,TRY,0.0,,,
209138898,Baggy fit kargo jean,Bershka,Giyim > Hepsi,Siyah,1790.0,1790.0,0.0,TRY,0.0,,,
209138856,Teknik pensli pantolon,Bershka,Giyim > Hepsi,Gri,1790.0,1790.0,0.0,TRY,0.0,,,
206711756,Baggy fit flare fit jean,Bershka,Giyim > Hepsi,Koyu gri,1790.0,1790.0,0.0,TRY,0.0,,,
205213782,Konforlu flare fit jean,Bershka,Giyim > Hepsi,Siyah,1790.0,1790.0,0.0,TRY,0.0,,,
205631031,Kısa kollu polar baskılı tişört,Bershka,Giyim > Hepsi,Siyah,1190.0,1190.0,0.0,TRY,0.0,,,
204937266,Polo yaka baskılı sweatshirt,Bershka,Giyim > Hepsi,Gri,1690.0,1690.0,0.0,TRY,0.0,,,
206678348,Loose fit jean,Bershka,Giyim > Hepsi,Siyah,1590.0,1590.0,0.0,TRY,0.0,,,
206678347,Loose fit jean,Bershka,Giyim > Hepsi,Açık mavi,1590.0,1590.0,0.0,TRY,0.0,,,
205058464,Straight fit jean,Bershka,Giyim > Hepsi,Açık mavi,1590.0,1590.0,0.0,TRY,0.0,,,
207265964,Kısa kollu ribanalı kontrast tişört,Bershka,Giyim > Hepsi,Kirli beyaz,790.0,790.0,0.0,TRY,0.0,,,
205312236,Gofre kumaş baskılı askılı tişört,Bershka,Giyim > Hepsi,Siyah,790.0,790.0,0.0,TRY,0.0,,,
209138889,Teknik şişme mont,Bershka,Giyim > Hepsi,Kahverengi,2990.0,2990.0,0.0,TRY,0.0,,,
204067017,Elastik detaylı bot,Bershka,Giyim > Hepsi,SİYAH,2990.0,2990.0,0.0,TRY,0.0,,,
207319958,Süet görünümlü ceket,Bershka,Giyim > Hepsi,Kahverengi,2790.0,2790.0,0.0,TRY,0.0,,,
204066956,Baskılı spor ceket,Bershka,Giyim > Hepsi,Denizci mavisi,2790.0,2790.0,0.0,TRY,0.0,,,
206803606,çok parçalı spor ayakkabı,Bershka,Giyim > Hepsi,Gri,2690.0,2690.0,0.0,TRY,0.0,,,
204067012,Kalın tabanlı kaykay spor ayakkabısı,Bershka,Giyim > Hepsi,SİYAH,2690.0,2690.0,0.0,TRY,0.0,,,
204066873,Dikişli burunlu klasik ayakkabı,Bershka,Giyim > Hepsi,SİYAH,2690.0,2690.0,0.0,TRY,0.0,,,
204066794,Kalın tabanlı kaykay ayakkabısı,Bershka,Giyim > Hepsi,Gri,2690.0,2690.0,0.0,TRY,0.0,,,
209452219,Trucker kumaş ceket,Bershka,Giyim > Hepsi,Gri,2490.0,2490.0,0.0,TRY,0.0,,,
207951114,İşlemeli super baggy fit jean,Bershka,Giyim > Hepsi,Açık mavi,2490.0,2490.0,0.0,TRY,0.0,,,
205801373,Blucher ayakkabı,Bershka,Giyim > Hepsi,SİYAH,2490.0,2490.0,0.0,TRY,0.0,,,
204100458,Kalın tabanlı spor ayakkabı,Bershka,Giyim > Hepsi,BEYAZ,2490.0,2490.0,0.0,TRY,0.0,,,
204067020,Kalın tabanlı makosen,Bershka,Giyim > Hepsi,SİYAH,2490.0,2490.0,0.0,TRY,0.0,,,
204654999,Basic kolsuz tişört,Bershka,Giyim > Hepsi,Beyaz,490.0,490.0,0.0,TRY,0.0,,,
208126694,Kısa kollu baskılı polo yaka tişört,Bershka,Giyim > Hepsi,Denizci mavisi,1190.0,1190.0,0.0,TRY,0.0,,,
211134504,Kısa kollu baskılı tişört,Bershka,Giyim > Hepsi,Beyaz,790.0,790.0,0.0,TRY,0.0,,,
205832016,Kısa kollu roll up baskılı tişört,Bershka,Giyim > Hepsi,Gri,790.0,790.0,0.0,TRY,0.0,,,
205312239,Gofre kumaş baskılı askılı tişört,Bershka,Giyim > Hepsi,Kirli beyaz,790.0,790.0,0.0,TRY,0.0,,,
212049567,Kruvaze düğmeli barrel fit jean,Bershka,Giyim > Hepsi,Denizci mavisi,2290.0,2290.0,0.0,TRY,0.0,,,
209580883,Fermuarlı boxy fit baskılı sweatshirt,Bershka,Giyim > Hepsi,Taş rengi,2290.0,2290.0,0.0,TRY,0.0,,,
209580882,Fermuarlı boxy fit baskılı sweatshirt,Bershka,Giyim > Hepsi,Gri,2290.0,2290.0,0.0,TRY,0.0,,,
209139144,Cars baskılı kapüşonlu sweatshirt,Bershka,Giyim > Hepsi,Siyah,2290.0,2290.0,0.0,TRY,0.0,,,
208739097,Super baggy fit denim bermuda,Bershka,Giyim > Hepsi,Açık mavi,2290.0,2290.0,0.0,TRY,0.0,,,
207735898,Baskılı baggy fit jean,Bershka,Giyim > Hepsi,Yeşil,2290.0,2290.0,0.0,TRY,0.0,,,
206016419,Baskılı super baggy fit pantolon,Bershka,Giyim > Hepsi,Kahverengi,2290.0,2290.0,0.0,TRY,0.0,,,
204066797,Jakarlı baggy fit jean,Bershka,Giyim > Hepsi,Siyah,2290.0,2290.0,0.0,TRY,0.0,,,
209139151,2'li çelik bileklik seti,Bershka,Giyim > Hepsi,Gümüş,1090.0,1090.0,0.0,TRY,0.0,,,
209138864,Cars kısa kollu tişört,Bershka,Giyim > Hepsi,Beyaz,1090.0,1090.0,0.0,TRY,0.0,,,
209138857,Kısa kollu araba baskılı t-shirt,Bershka,Giyim > Hepsi,Siyah,1090.0,1090.0,0.0,TRY,0.0,,,
206215745,Kısa kollu polo yaka tişört,Bershka,Giyim > Hepsi,Kirli beyaz,1090.0,1090.0,0.0,TRY,0.0,,,
204067116,tokalı düz bantlı sandalet,Bershka,Giyim > Hepsi,KOYU KAHVE GRİ,1990.0,1990.0,0.0,TRY,0.0,,,
204066899,Çok parçalı spor ayakkabı,Bershka,Giyim > Hepsi,Gri,1990.0,1990.0,0.0,TRY,0.0,,,
209138941,3’lü geniş belli boxer paketi,Bershka,Giyim > Hepsi,Siyah,990.0,990.0,0.0,TRY,0.0,,,
209138916,Boxy fit uzun kollu tişört,Bershka,Giyim > Hepsi,Siyah,990.0,990.0,0.0,TRY,0.0,,,
207684770,Zımbalı kemer,Bershka,Giyim > Hepsi,Siyah,990.0,990.0,0.0,TRY,0.0,,,
204937268,İnce tabanlı makosen,Bershka,Giyim > Hepsi,SİYAH,1890.0,1890.0,0.0,TRY,0.0,,,
213306790,İşlemeli boxy fit kısa kollu gömlek,Bershka,Giyim > Hepsi,Denizci mavisi,1790.0,1790.0,0.0,TRY,0.0,,,
211722888,Hızlı ve Öfkeli uzun kollu tişört,Bershka,Giyim > Hepsi,0-046,1790.0,1790.0,0.0,TRY,0.0,,,
209138991,Hafif dolgulu ceket,Bershka,Giyim > Hepsi,Beyaz,1790.0,1790.0,0.0,TRY,0.0,,,
209138926,Flare straight fit jean,Bershka,Giyim > Hepsi,Açık mavi,1790.0,1790.0,0.0,TRY,0.0,,,
207735894,İşlemeli çizgili boxy fit gömlek,Bershka,Giyim > Hepsi,Açık mavi,1790.0,1790.0,0.0,TRY,0.0,,,
205222879,Çizgili baskılı süveter,Bershka,Giyim > Hepsi,Pembe,1790.0,1790.0,0.0,TRY,0.0,,,
204066993,Basic spor ayakkabı,Bershka,Giyim > Hepsi,SİYAH,1790.0,1790.0,0.0,TRY,0.0,,,
204066975,Havlu efektli baskılı jarse,Bershka,Giyim > Hepsi,Kirli beyaz,1790.0,1790.0,0.0,TRY,0.0,,,
204066895,Kalın tabanlı spor ayakkabı,Bershka,Giyim > Hepsi,BEYAZ,1790.0,1790.0,0.0,TRY,0.0,,,
204067061,İnce suni deri kemer,Bershka,Giyim > Hepsi,Siyah,590.0,590.0,0.0,TRY,0.0,,,
209138975,Baskılı kapüşonlu sweatshirt,Bershka,Giyim > Hepsi,Gri,1690.0,1690.0,0.0,TRY,0.0,,,
207810776,Nakışlı boxy fit kapüşonlu sweatshirt,Bershka,Giyim > Hepsi,Mavi,1690.0,1690.0,0.0,TRY,0.0,,,
210535424,Çizgili bisiklet yaka sweatshirt,Bershka,Giyim > Hepsi,Denizci mavisi,1590.0,1590.0,0.0,TRY,0.0,,,
209139036,Straight fit jogger tailored pantolon,Bershka,Giyim > Hepsi,Kahverengi,1590.0,1590.0,0.0,TRY,0.0,,,
209139019,Crop kazak,Bershka,Giyim > Hepsi,Beyaz,1590.0,1590.0,0.0,TRY,0.0,,,
207713561,Baggy fit denim bermuda,Bershka,Giyim > Hepsi,Gri,1590.0,1590.0,0.0,TRY,0.0,,,
206803612,Kısa kollu spor baskılı tişört,Bershka,Giyim > Hepsi,Siyah,1590.0,1590.0,0.0,TRY,0.0,,,
205543173,Kargo jogger fit pantolon,Bershka,Giyim > Hepsi,Siyah,1590.0,1590.0,0.0,TRY,0.0,,,
205058467,Straight fit jean,Bershka,Giyim > Hepsi,Açık mavi,1590.0,1590.0,0.0,TRY,0.0,,,
209484484,Kısa kollu baskılı tişört,Bershka,Giyim > Hepsi,Siyah,790.0,790.0,0.0,TRY,0.0,,,
207575890,Kısa kollu boxy fit baskılı tişört,Bershka,Giyim > Hepsi,Siyah,790.0,790.0,0.0,TRY,0.0,,,
207265962,Kısa kollu ribanalı kontrast tişört,Bershka,Giyim > Hepsi,Yeşil,790.0,790.0,0.0,TRY,0.0,,,
206803610,Kısa kollu gofre ekmekçi tişört,Bershka,Giyim > Hepsi,Kirli beyaz,790.0,790.0,0.0,TRY,0.0,,,
207855789,Geniş paça pantolon,Bershka,Giyim > Hepsi,Gri,1490.0,1490.0,0.0,TRY,0.0,,,
204283062,Kısa kollu tişört,Bershka,Giyim > Hepsi,Pembe,490.0,490.0,0.0,TRY,0.0,,,
210077539,Kısa kollu baskılı sweatshirt,Bershka,Giyim > Hepsi,Siyah,1190.0,1190.0,0.0,TRY,0.0,,,
209007230,Kısa kollu polar baskılı tişört,Bershka,Giyim > Hepsi,Mavi,1190.0,1190.0,0.0,TRY,0.0,,,
209452232,3'lü baskılı çorap paketi,Bershka,Giyim > Hepsi,Beyaz,590.0,590.0,0.0,TRY,0.0,,,
208776218,Dokulu şardonlu bermuda,Bershka,Giyim > Hepsi,Siyah,1090.0,1090.0,0.0,TRY,0.0,,,
207129261,Çelik uçlu kolye,Bershka,Giyim > Hepsi,Gümüş,1090.0,1090.0,0.0,TRY,0.0,,,
206215743,Kısa kollu polo yaka tişört,Bershka,Giyim > Hepsi,Kızıl kahverengi,1090.0,1090.0,0.0,TRY,0.0,,,
206215741,Kısa kollu ribana felpa tişört,Bershka,Giyim > Hepsi,Kirli beyaz,1090.0,1090.0,0.0,TRY,0.0,,,
205304048,Boxy fit baskılı mayo,Bershka,Giyim > Hepsi,Pembe,1090.0,1090.0,0.0,TRY,0.0,,,
217515210,Basic pamuklu bermuda,Bershka,Giyim > Hepsi,Gri,990.0,990.0,0.0,TRY,0.0,,,
216102946,2’li baskılı boxer paketi,Bershka,Giyim > Hepsi,Gri,990.0,990.0,0.0,TRY,0.0,,,
209138940,3’lü geniş belli boxer paketi,Bershka,Giyim > Hepsi,Pembe,990.0,990.0,0.0,TRY,0.0,,,
209138939,3’lü geniş belli boxer paketi,Bershka,Giyim > Hepsi,Mavi,990.0,990.0,0.0,TRY,0.0,,,
209138901,Paslanmaz çelik zincir kolye,Bershka,Giyim > Hepsi,Gümüş,990.0,990.0,0.0,TRY,0.0,,,
208739106,Oval kemik güneş gözlüğü,Bershka,Giyim > Hepsi,Siyah,990.0,990.0,0.0,TRY,0.0,,,
207318016,Çapraz askılı baskılı çanta,Bershka,Giyim > Hepsi,Kırçıllı gri,990.0,990.0,0.0,TRY,0.0,,,
204654997,Basic kolsuz tişört,Bershka,Giyim > Hepsi,Siyah,490.0,490.0,0.0,TRY,0.0,,,
211238913,Kısa kollu baskılı tişört,Bershka,Giyim > Hepsi,Deve tüyü rengi,790.0,790.0,0.0,TRY,0.0,,,
209139024,6'lı çelik halka küpe seti,Bershka,Giyim > Hepsi,Gümüş,790.0,790.0,0.0,TRY,0.0,,,
209138986,Düz kravat,Bershka,Giyim > Hepsi,Siyah,790.0,790.0,0.0,TRY,0.0,,,
207265961,Kısa kollu ribanalı kontrast tişört,Bershka,Giyim > Hepsi,Denizci mavisi,790.0,790.0,0.0,TRY,0.0,,,
206803621,Kısa kollu kontrast baskılı tişört,Bershka,Giyim > Hepsi,Kırmızı,790.0,790.0,0.0,TRY,0.0,,,
205798704,Kısa kollu boxy fit tişört,Bershka,Giyim > Hepsi,Mercan,790.0,790.0,0.0,TRY,0.0,,,
205312235,Gofre kumaş baskılı askılı tişört,Bershka,Giyim > Hepsi,Mavi,790.0,790.0,0.0,TRY,0.0,,,
209138958,3'lü paket spor çorap,Bershka,Giyim > Hepsi,Beyaz,590.0,590.0,0.0,TRY,0.0,,,
209138957,3'lü paket spor çorap,Bershka,Giyim > Hepsi,Gri,590.0,590.0,0.0,TRY,0.0,,,
209138909,3'lü paket spor çorap,Bershka,Giyim > Hepsi,Siyah,590.0,590.0,0.0,TRY,0.0,,,
204100465,3'lü baskılı çorap paketi,Bershka,Giyim > Hepsi,Beyaz,590.0,590.0,0.0,TRY,0.0,,,
218707971,Maske detaylı sabo,Bershka,Giyim > Hepsi,Kahverengi,2490.0,2490.0,0.0,TRY,0.0,,,
217515211,Basic pamuklu bermuda,Bershka,Giyim > Hepsi,Beyaz,990.0,990.0,0.0,TRY,0.0,,,
217515206,Basic pamuklu bermuda,Bershka,Giyim > Hepsi,Denizci mavisi,990.0,990.0,0.0,TRY,0.0,,,
217341868,Barrel fit jean,Bershka,Giyim > Hepsi,Açık mavi,1790.0,1790.0,0.0,TRY,0.0,,,
213298706,Kısa kollu nakışlı boxy fit gömlek,Bershka,Giyim > Hepsi,Kirli beyaz,1590.0,1590.0,0.0,TRY,0.0,,,
211238905,2'li desenli çorap paketi,Bershka,Giyim > Hepsi,Siyah,590.0,590.0,0.0,TRY,0.0,,,
211238902,2'li desenli çorap paketi,Bershka,Giyim > Hepsi,Siyah,590.0,590.0,0.0,TRY,0.0,,,
210136289,Skater denim bermuda,Bershka,Giyim > Hepsi,Açık mavi,1590.0,1590.0,0.0,TRY,0.0,,,
210077538,Baskılı kısa kollu sweatshirt,Bershka,Giyim > Hepsi,Kum rengi,1190.0,1190.0,0.0,TRY,0.0,,,
210074304,İşlemeli şapka,Bershka,Giyim > Hepsi,Pembe,590.0,590.0,0.0,TRY,0.0,,,
210062818,Distressed baggy fit jean,Bershka,Giyim > Hepsi,Mavi,1790.0,1790.0,0.0,TRY,0.0,,,
209725463,Flare straight fit jean,Bershka,Giyim > Hepsi,Krem,1790.0,1790.0,0.0,TRY,0.0,,,
209581121,Fast & Furious kısa kollu baskılı tişört,Bershka,Giyim > Hepsi,Beyaz,1090.0,1090.0,0.0,TRY,0.0,,,
209581120,Fast & Furious kısa kollu baskılı tişört,Bershka,Giyim > Hepsi,Siyah,1090.0,1090.0,0.0,TRY,0.0,,,
209580916,Bağcıklı tırtıklı taban bot,Bershka,Giyim > Hepsi,SİYAH,2690.0,2690.0,0.0,TRY,0.0,,,
209580915,Bağcıklı bot,Bershka,Giyim > Hepsi,SİYAH,2990.0,2990.0,0.0,TRY,0.0,,,
209580890,Distressed denim bermuda şort,Bershka,Giyim > Hepsi,Siyah,1590.0,1590.0,0.0,TRY,0.0,,,
209580889,Distressed denim bermuda şort,Bershka,Giyim > Hepsi,Gri,1590.0,1590.0,0.0,TRY,0.0,,,
209580888,Distressed denim bermuda şort,Bershka,Giyim > Hepsi,Açık mavi,1590.0,1590.0,0.0,TRY,0.0,,,
209452230,3'lü spor çorap paketi,Bershka,Giyim > Hepsi,Beyaz,590.0,590.0,0.0,TRY,0.0,,,
209452221,Dokulu şardonlu bermuda,Bershka,Giyim > Hepsi,Kızıl kahverengi,1090.0,1090.0,0.0,TRY,0.0,,,
209139145,Cars baskılı kapüşonlu sweatshirt,Bershka,Giyim > Hepsi,Gri,2290.0,2290.0,0.0,TRY,0.0,,,
209139143,Baskılı kapüşonlu fermuarlı sweatshirt,Bershka,Giyim > Hepsi,Siyah,1790.0,1790.0,0.0,TRY,0.0,,,
209139117,Kanguru cepli kapitone ceket,Bershka,Giyim > Hepsi,Koyu gri,1790.0,1790.0,0.0,TRY,0.0,,,
209139115,Kapüşonlu şişme mont,Bershka,Giyim > Hepsi,Beyaz,3690.0,3690.0,0.0,TRY,0.0,,,
209139114,Kapüşonlu şişme mont,Bershka,Giyim > Hepsi,Siyah,3690.0,3690.0,0.0,TRY,0.0,,,
209139113,Kapüşonlu şişme mont,Bershka,Giyim > Hepsi,Kırmızı,3690.0,3690.0,0.0,TRY,0.0,,,
209139111,WTR/10 eau de toilette 100 ml.,Bershka,Giyim > Hepsi,Siyah,990.0,990.0,0.0,TRY,0.0,,,
209139051,Silver Mist Platinum - 100 ml,Bershka,Giyim > Hepsi,Siyah,990.0,990.0,0.0,TRY,0.0,,,
209139050,Mercer N.Y. 100 ml,Bershka,Giyim > Hepsi,Mor,990.0,990.0,0.0,TRY,0.0,,,
209139048,Kapüşonlu şişme mont,Bershka,Giyim > Hepsi,Haki,3690.0,3690.0,0.0,TRY,0.0,,,
209139047,Kapüşonlu şişme mont,Bershka,Giyim > Hepsi,Siyah,3690.0,3690.0,0.0,TRY,0.0,,,
209139041,Baskılı super baggy fit pantolon,Bershka,Giyim > Hepsi,Koyu gri,2290.0,2290.0,0.0,TRY,0.0,,,
209139034,Straight fit jogger tailored pantolon,Bershka,Giyim > Hepsi,Krem,1590.0,1590.0,0.0,TRY,0.0,,,
209139033,Straight fit jogger tailored pantolon,Bershka,Giyim > Hepsi,Kum rengi,1590.0,1590.0,0.0,TRY,0.0,,,
209139030,3'lü paket spor bilek çorap,Bershka,Giyim > Hepsi,Beyaz,590.0,590.0,0.0,TRY,0.0,,,
209139029,3'lü paket spor bilek çorap,Bershka,Giyim > Hepsi,Siyah,590.0,590.0,0.0,TRY,0.0,,,
209139028,Venice L.A. 100 ml,Bershka,Giyim > Hepsi,Turuncu,990.0,990.0,0.0,TRY,0.0,,,
209139027,Blue Stone EDT 50 ml & Deso 200 ml.,Bershka,Giyim > Hepsi,Koyu mavi,590.0,590.0,0.0,TRY,0.0,,,
209139025,İşlemeli şapka,Bershka,Giyim > Hepsi,Bordo,790.0,790.0,0.0,TRY,0.0,,,
209139018,Crop kazak,Bershka,Giyim > Hepsi,Siyah,1590.0,1590.0,0.0,TRY,0.0,,,
209139016,Çelik burgu zincir,Bershka,Giyim > Hepsi,Gümüş,990.0,990.0,0.0,TRY,0.0,,,
209139008,Suni kürk kapüşonlu ceket,Bershka,Giyim > Hepsi,Krem,2490.0,2490.0,0.0,TRY,0.0,,,
209138998,2'li yüzük seti,Bershka,Giyim > Hepsi,Gümüş,990.0,990.0,0.0,TRY,0.0,,,
209138988,Hafif dolgulu ceket,Bershka,Giyim > Hepsi,Siyah,1790.0,1790.0,0.0,TRY,0.0,,,
209138987,Venice L.A. eau de toilette 50 ml ve Deso 150 ml.,Bershka,Giyim > Hepsi,Siyah,590.0,590.0,0.0,TRY,0.0,,,
209138983,WTR/12 eau de toilette 100 ml.,Bershka,Giyim > Hepsi,Soluk mavi,990.0,990.0,0.0,TRY,0.0,,,
209138978,Yırtık superskinny jean,Bershka,Giyim > Hepsi,Açık mavi,1790.0,1790.0,0.0,TRY,0.0,,,
209138977,Yırtık superskinny jean,Bershka,Giyim > Hepsi,Siyah,1790.0,1790.0,0.0,TRY,0.0,,,
209138976,Blue Stone 100 ml,Bershka,Giyim > Hepsi,Koyu mavi,990.0,990.0,0.0,TRY,0.0,,,
209138974,Forward /02 100 ml,Bershka,Giyim > Hepsi,Mavi,990.0,990.0,0.0,TRY,0.0,,,
209138956,Magnet black edition 30 ml,Bershka,Giyim > Hepsi,Siyah,590.0,590.0,0.0,TRY,0.0,,,
209138946,Black Steel 100 ml,Bershka,Giyim > Hepsi,Siyah,990.0,990.0,0.0,TRY,0.0,,,
209138938,3’lü geniş belli boxer paketi,Bershka,Giyim > Hepsi,Pembe,990.0,990.0,0.0,TRY,0.0,,,
209138937,Baskılı fular,Bershka,Giyim > Hepsi,Gri,590.0,590.0,0.0,TRY,0.0,,,
209138936,Baskılı fular,Bershka,Giyim > Hepsi,Kırmızı,590.0,590.0,0.0,TRY,0.0,,,
209138929,Flare straight fit jean,Bershka,Giyim > Hepsi,Gri,1790.0,1790.0,0.0,TRY,0.0,,,
209138911,Black steel eau de toilette 50 ml & Deodorant 200 ml.,Bershka,Giyim > Hepsi,Siyah,590.0,590.0,0.0,TRY,0.0,,,
209138910,3'lü paket spor çorap,Bershka,Giyim > Hepsi,Beyaz,590.0,590.0,0.0,TRY,0.0,,,
209138897,Baggy fit kargo jean,Bershka,Giyim > Hepsi,Gri,1790.0,1790.0,0.0,TRY,0.0,,,
209138892,Magnet white edition 30ml,Bershka,Giyim > Hepsi,Beyaz,590.0,590.0,0.0,TRY,0.0,,,
209138891,Teknik şişme mont,Bershka,Giyim > Hepsi,Beyaz,2990.0,2990.0,0.0,TRY,0.0,,,
209138890,Teknik şişme mont,Bershka,Giyim > Hepsi,Siyah,2990.0,2990.0,0.0,TRY,0.0,,,
209138888,Yırtık jean,Bershka,Giyim > Hepsi,Siyah,1790.0,1790.0,0.0,TRY,0.0,,,
209138887,Yırtık jean,Bershka,Giyim > Hepsi,Açık mavi,1790.0,1790.0,0.0,TRY,0.0,,,
209138870,3’lü desenli bel bantlı boxer pack,Bershka,Giyim > Hepsi,Beyaz,990.0,990.0,0.0,TRY,0.0,,,
209138869,3’lü desenli bel bantlı boxer pack,Bershka,Giyim > Hepsi,Yeşil,990.0,990.0,0.0,TRY,0.0,,,
209138854,İşlemeli şapka,Bershka,Giyim > Hepsi,Siyah,590.0,590.0,0.0,TRY,0.0,,,
209138853,İşlemeli şapka,Bershka,Giyim > Hepsi,Krem,590.0,590.0,0.0,TRY,0.0,,,
209012213,Yamalı super baggy fit jean,Bershka,Giyim > Hepsi,Gri,2290.0,2290.0,0.0,TRY,0.0,,,
209007227,Barrel fit tailored fit kesimli pantolon,Bershka,Giyim > Hepsi,Kahverengi,2490.0,2490.0,0.0,TRY,0.0,,,
208776223,Baskılı kısa kollu oversize tişört,Bershka,Giyim > Hepsi,Beyaz,1490.0,1490.0,0.0,TRY,0.0,,,
208776219,Dokulu şardonlu bermuda,Bershka,Giyim > Hepsi,Kirli beyaz,1090.0,1090.0,0.0,TRY,0.0,,,
208739099,Super baggy fit denim bermuda,Bershka,Giyim > Hepsi,Açık mavi,2290.0,2290.0,0.0,TRY,0.0,,,
208739088,Kapüşonlu desenli ceket,Bershka,Giyim > Hepsi,Kirli beyaz,2290.0,2290.0,0.0,TRY,0.0,,,
208486458,Düğmeli yaka baskılı kazak,Bershka,Giyim > Hepsi,Bej,1790.0,1790.0,0.0,TRY,0.0,,,
208486453,Bol kesim bermuda,Bershka,Giyim > Hepsi,Kirli beyaz,1090.0,1090.0,0.0,TRY,0.0,,,
208486452,Bol kesim bermuda,Bershka,Giyim > Hepsi,Siyah,1090.0,1090.0,0.0,TRY,0.0,,,
208486451,Bol kesim bermuda,Bershka,Giyim > Hepsi,Yeşil,1090.0,1090.0,0.0,TRY,0.0,,,
208451573,Baskılı crop kapüşonlu sweatshirt,Bershka,Giyim > Hepsi,Gri,2290.0,2290.0,0.0,TRY,0.0,,,
207855788,Geniş paça pantolon,Bershka,Giyim > Hepsi,Siyah,1490.0,1490.0,0.0,TRY,0.0,,,
207774799,Jakarlı baggy fit jean,Bershka,Giyim > Hepsi,Açık mavi,2290.0,2290.0,0.0,TRY,0.0,,,
207735907,İşlemeli barrel fit jean,Bershka,Giyim > Hepsi,Denizci mavisi,2290.0,2290.0,0.0,TRY,0.0,,,
207713560,Baggy fit denim bermuda,Bershka,Giyim > Hepsi,Siyah,1590.0,1590.0,0.0,TRY,0.0,,,
207684771,Yaprak desenli kemer,Bershka,Giyim > Hepsi,Kırçıllı gri,790.0,790.0,0.0,TRY,0.0,,,
207583777,Dokulu super baggy fit jean,Bershka,Giyim > Hepsi,Açık mavi,2290.0,2290.0,0.0,TRY,0.0,,,
207583768,Kalın tabanlı denizci ayakkabısı,Bershka,Giyim > Hepsi,Kahverengi,2990.0,2990.0,0.0,TRY,0.0,,,
207575894,Kalın tabanlı spor ayakkabı,Bershka,Giyim > Hepsi,SİYAH,2690.0,2690.0,0.0,TRY,0.0,,,
207575893,Kısa kollu baskılı tişört,Bershka,Giyim > Hepsi,Kirli beyaz,790.0,790.0,0.0,TRY,0.0,,,
207575892,Kısa kollu baskılı tişört,Bershka,Giyim > Hepsi,Beyaz,790.0,790.0,0.0,TRY,0.0,,,
207575891,Kısa kollu boxy fit baskılı tişört,Bershka,Giyim > Hepsi,Kirli beyaz,790.0,790.0,0.0,TRY,0.0,,,
207225683,Desenli kemer,Bershka,Giyim > Hepsi,Siyah,990.0,990.0,0.0,TRY,0.0,,,
207129263,Çelik uçlu kolye,Bershka,Giyim > Hepsi,Gümüş,1090.0,1090.0,0.0,TRY,0.0,,,
207129262,Çelik uçlu kolye,Bershka,Giyim > Hepsi,Gümüş,1090.0,1090.0,0.0,TRY,0.0,,,
207129260,2'li çelik yüzük paketi,Bershka,Giyim > Hepsi,Gümüş,990.0,990.0,0.0,TRY,0.0,,,
206803627,çok parçalı spor ayakkabı,Bershka,Giyim > Hepsi,Kahverengi,2690.0,2690.0,0.0,TRY,0.0,,,
206803613,Kısa kollu spor baskılı tişört,Bershka,Giyim > Hepsi,Gri,1590.0,1590.0,0.0,TRY,0.0,,,
206803609,Kısa kollu gofre ekmekçi tişört,Bershka,Giyim > Hepsi,Siyah,790.0,790.0,0.0,TRY,0.0,,,
206803607,çok parçalı spor ayakkabı,Bershka,Giyim > Hepsi,SİYAH,2690.0,2690.0,0.0,TRY,0.0,,,
206711757,Baggy fit flare fit jean,Bershka,Giyim > Hepsi,Açık mavi,1790.0,1790.0,0.0,TRY,0.0,,,
206640506,Kısa kollu ve baskılı t-shirt,Bershka,Giyim > Hepsi,Koyu gri,790.0,790.0,0.0,TRY,0.0,,,
206589733,Skater denim bermuda,Bershka,Giyim > Hepsi,Gri,1590.0,1590.0,0.0,TRY,0.0,,,
206589732,Skater denim bermuda,Bershka,Giyim > Hepsi,Siyah,1590.0,1590.0,0.0,TRY,0.0,,,
206589731,Denim skater bermuda,Bershka,Giyim > Hepsi,Mavi,1590.0,1590.0,0.0,TRY,0.0,,,
206589730,Skater denim bermuda,Bershka,Giyim > Hepsi,Açık mavi,1590.0,1590.0,0.0,TRY,0.0,,,
206336855,Rustik jogger fit bermuda,Bershka,Giyim > Hepsi,Beyaz,1490.0,1490.0,0.0,TRY,0.0,,,
206336854,Rustik jogger fit bermuda,Bershka,Giyim > Hepsi,Haki,1490.0,1490.0,0.0,TRY,0.0,,,
206336853,Rustik jogger fit bermuda,Bershka,Giyim > Hepsi,Siyah,1490.0,1490.0,0.0,TRY,0.0,,,
206171997,Çift kollu baskılı tişört,Bershka,Giyim > Hepsi,Taş rengi,1190.0,1190.0,0.0,TRY,0.0,,,
206016424,Yamalı baggy fit jean,Bershka,Giyim > Hepsi,Koyu mavi,2490.0,2490.0,0.0,TRY,0.0,,,
206016418,Baskılı super baggy fit pantolon,Bershka,Giyim > Hepsi,Yeşil,2290.0,2290.0,0.0,TRY,0.0,,,
205832039,Kalın tabanlı spor ayakkabı,Bershka,Giyim > Hepsi,BEYAZ,2690.0,2690.0,0.0,TRY,0.0,,,
205832018,Kısa kollu roll up baskılı tişört,Bershka,Giyim > Hepsi,Beyaz,790.0,790.0,0.0,TRY,0.0,,,
205832015,Kısa kollu roll up baskılı tişört,Bershka,Giyim > Hepsi,Kırmızı,790.0,790.0,0.0,TRY,0.0,,,
205821032,Baskılı oversize kolsuz t-shirt,Bershka,Giyim > Hepsi,Taş rengi,790.0,790.0,0.0,TRY,0.0,,,
205821031,Baskılı oversize kolsuz t-shirt,Bershka,Giyim > Hepsi,Turkuaz,790.0,790.0,0.0,TRY,0.0,,,
205821030,Baskılı oversize kolsuz t-shirt,Bershka,Giyim > Hepsi,Kızıl kahverengi,790.0,790.0,0.0,TRY,0.0,,,
205750048,Baskılı barrel fit paçalı pantolon,Bershka,Giyim > Hepsi,Koyu gri,2490.0,2490.0,0.0,TRY,0.0,,,
205750041,Çizgili kravat,Bershka,Giyim > Hepsi,Bordo,790.0,790.0,0.0,TRY,0.0,,,
205750032,Slim fit teknik kargo pantolon,Bershka,Giyim > Hepsi,Siyah,1790.0,1790.0,0.0,TRY,0.0,,,
205750031,Slim fit teknik kargo pantolon,Bershka,Giyim > Hepsi,Gri,1790.0,1790.0,0.0,TRY,0.0,,,
205676864,Büzgülü mokasen,Bershka,Giyim > Hepsi,Kızıl kahverengi,1990.0,1990.0,0.0,TRY,0.0,,,
205631037,Fermuarlı boxy fit baskılı ceket,Bershka,Giyim > Hepsi,Gri,2290.0,2290.0,0.0,TRY,0.0,,,
205543175,Kargo jogger fit pantolon,Bershka,Giyim > Hepsi,Kahverengi,1590.0,1590.0,0.0,TRY,0.0,,,
205543172,Kargo jogger fit pantolon,Bershka,Giyim > Hepsi,Kum rengi,1590.0,1590.0,0.0,TRY,0.0,,,
205532532,Baskılı oversize kolsuz t-shirt,Bershka,Giyim > Hepsi,Gri,790.0,790.0,0.0,TRY,0.0,,,
205532530,Super baggy fit pantolon,Bershka,Giyim > Hepsi,Siyah,1590.0,1590.0,0.0,TRY,0.0,,,
205532529,Super baggy fit pantolon,Bershka,Giyim > Hepsi,Kum rengi,1590.0,1590.0,0.0,TRY,0.0,,,
205312231,Retro kısa şort mayo,Bershka,Giyim > Hepsi,Yeşil,990.0,990.0,0.0,TRY,0.0,,,
205312230,Retro kısa şort mayo,Bershka,Giyim > Hepsi,Pembe,990.0,990.0,0.0,TRY,0.0,,,
205304049,Boxy fit baskılı mayo,Bershka,Giyim > Hepsi,Koyu mavi,1090.0,1090.0,0.0,TRY,0.0,,,
205213783,Jakarlı baskılı jarse,Bershka,Giyim > Hepsi,Kırmızı,1790.0,1790.0,0.0,TRY,0.0,,,
205114761,3'lü baskılı belli boxer paketi,Bershka,Giyim > Hepsi,Haki,990.0,990.0,0.0,TRY,0.0,,,
205114760,3'lü baskılı belli boxer paketi,Bershka,Giyim > Hepsi,Açık mavi,990.0,990.0,0.0,TRY,0.0,,,
204736101,Suni deri cüzdan,Bershka,Giyim > Hepsi,Siyah,790.0,790.0,0.0,TRY,0.0,,,
204708560,Kısa kollu dokulu tişört,Bershka,Giyim > Hepsi,Kızıl kahverengi,790.0,790.0,0.0,TRY,0.0,,,
204654998,Basic kolsuz tişört,Bershka,Giyim > Hepsi,Taş rengi,490.0,490.0,0.0,TRY,0.0,,,
204654996,Basic kolsuz tişört,Bershka,Giyim > Hepsi,Kırmızı,490.0,490.0,0.0,TRY,0.0,,,
204437603,Bisiklet yaka baskılı kazak,Bershka,Giyim > Hepsi,Pembe,2290.0,2290.0,0.0,TRY,0.0,,,
204100463,İŞLEMELİ ŞAPKA,Bershka,Giyim > Hepsi,Siyah,790.0,790.0,0.0,TRY,0.0,,,
204100462,Altıgen kemik güneş gözlüğü,Bershka,Giyim > Hepsi,Siyah,990.0,990.0,0.0,TRY,0.0,,,
204067628,Oval güneş gözlüğü,Bershka,Giyim > Hepsi,Yeşil,990.0,990.0,0.0,TRY,0.0,,,
204067627,Kalıp güneş gözlüğü,Bershka,Giyim > Hepsi,Siyah,990.0,990.0,0.0,TRY,0.0,,,
204067162,Esnek kovboy bot,Bershka,Giyim > Hepsi,SİYAH,3290.0,3290.0,0.0,TRY,0.0,,,
204067088,İŞLEMELİ ŞAPKA,Bershka,Giyim > Hepsi,Siyah,790.0,790.0,0.0,TRY,0.0,,,
204067085,Geniş çift taraflı suni deri kemer,Bershka,Giyim > Hepsi,Siyah,790.0,790.0,0.0,TRY,0.0,,,
204067075,Örgü kemer,Bershka,Giyim > Hepsi,Siyah,590.0,590.0,0.0,TRY,0.0,,,
204067074,Örgü kemer,Bershka,Giyim > Hepsi,Denizci mavisi,590.0,590.0,0.0,TRY,0.0,,,
204067033,Kapüşonlu teknik ceket,Bershka,Giyim > Hepsi,Siyah,1790.0,1790.0,0.0,TRY,0.0,,,
204067019,Dolgulu detaylı bot,Bershka,Giyim > Hepsi,KUM RENGİ,3290.0,3290.0,0.0,TRY,0.0,,,
204066991,Maskeli detaylı makosen ayakkabı,Bershka,Giyim > Hepsi,Çok renkli,2990.0,2990.0,0.0,TRY,0.0,,,
204066989,Nakışlı polo yaka kazak,Bershka,Giyim > Hepsi,Kırmızı,2290.0,2290.0,0.0,TRY,0.0,,,
204066983,Baskılı şönil bisiklet yaka kazak,Bershka,Giyim > Hepsi,Siyah,1790.0,1790.0,0.0,TRY,0.0,,,
204066978,Kalın tabanlı spor ayakkabı,Bershka,Giyim > Hepsi,SİYAH,2690.0,2690.0,0.0,TRY,0.0,,,
204066977,Kalın tabanlı spor ayakkabı,Bershka,Giyim > Hepsi,BEYAZ,1990.0,1990.0,0.0,TRY,0.0,,,
204066974,metal detaylı ayakkabı,Bershka,Giyim > Hepsi,SİYAH,2990.0,2990.0,0.0,TRY,0.0,,,
204066971,Elbise ayakkabısı,Bershka,Giyim > Hepsi,SİYAH,2690.0,2690.0,0.0,TRY,0.0,,,
204066970,Kalın tabanlı tokalı makosen,Bershka,Giyim > Hepsi,SİYAH,2690.0,2690.0,0.0,TRY,0.0,,,
204066967,Maske detaylı makosen ayakkabı,Bershka,Giyim > Hepsi,SİYAH,2690.0,2690.0,0.0,TRY,0.0,,,
204066965,Kumaş bot,Bershka,Giyim > Hepsi,SİYAH,2990.0,2990.0,0.0,TRY,0.0,,,
204066955,Fermuar yakalı nakışlı kazak,Bershka,Giyim > Hepsi,Siyah,2290.0,2290.0,0.0,TRY,0.0,,,
204066937,Disney Makosen,Bershka,Giyim > Hepsi,Çok renkli,2990.0,2990.0,0.0,TRY,0.0,,,
204066933,Monogramlı çapraz çanta,Bershka,Giyim > Hepsi,Siyah,1190.0,1190.0,0.0,TRY,0.0,,,
204066932,Temel cepli çapraz askılı çanta,Bershka,Giyim > Hepsi,Siyah,1090.0,1090.0,0.0,TRY,0.0,,,
204066913,Polo yaka baskılı kazak,Bershka,Giyim > Hepsi,Yeşil,2290.0,2290.0,0.0,TRY,0.0,,,
204066893,Kalın tabanlı kaykay ayakkabısı,Bershka,Giyim > Hepsi,SİYAH,2690.0,2690.0,0.0,TRY,0.0,,,
204066886,Kalın tabanlı kaykay ayakkabısı,Bershka,Giyim > Hepsi,Gri,2690.0,2690.0,0.0,TRY,0.0,,,
204066876,Büzgülü mokasen,Bershka,Giyim > Hepsi,SİYAH,2490.0,2490.0,0.0,TRY,0.0,,,
204066856,çok parçalı spor ayakkabı,Bershka,Giyim > Hepsi,Gri,1990.0,1990.0,0.0,TRY,0.0,,,
204066842,Metal detaylı bot,Bershka,Giyim > Hepsi,SİYAH,3690.0,3690.0,0.0,TRY,0.0,,,
204066837,Zımbalı yamalı super baggy fit jean,Bershka,Giyim > Hepsi,Denizci mavisi,2490.0,2490.0,0.0,TRY,0.0,,,
204066832,Zincir detaylı kovboy bot,Bershka,Giyim > Hepsi,SİYAH,3790.0,3790.0,0.0,TRY,0.0,,,
204066830,Baskılı şişme ceket,Bershka,Giyim > Hepsi,Pembe,3690.0,3690.0,0.0,TRY,0.0,,,
204066799,Futbol ayakkabısı,Bershka,Giyim > Hepsi,SİYAH,2690.0,2690.0,0.0,TRY,0.0,,,
204066795,Basic spor ayakkabı,Bershka,Giyim > Hepsi,BEYAZ,1790.0,1790.0,0.0,TRY,0.0,,,
218802064,Kısa kollu tişört,Bershka,Giyim > Tişört,Kahverengi,490.0,490.0,0.0,TRY,0.0,,,
216376816,Kısa kollu polar baskılı tişört,Bershka,Giyim > Tişört,Siyah,1190.0,1190.0,0.0,TRY,0.0,,,
220329686,Rib askılı tişört,Bershka,Giyim > Tişört,Beyaz,590.0,590.0,0.0,TRY,0.0,,,
215063972,Kısa kollu baskılı sweatshirt,Bershka,Giyim > Tişört,Siyah,1190.0,1190.0,0.0,TRY,0.0,,,
217315066,Kısa kollu baskılı polo yaka tişört,Bershka,Giyim > Tişört,Denizci mavisi,1190.0,1190.0,0.0,TRY,0.0,,,
213615947,Gofre kumaş baskılı askılı tişört,Bershka,Giyim > Tişört,Kirli beyaz,790.0,790.0,0.0,TRY,0.0,,,
218802062,Uzun kollu tişört,Bershka,Giyim > Tişört,Kirli beyaz,990.0,990.0,0.0,TRY,0.0,,,
215064475,Kısa kollu baskılı tişört,Bershka,Giyim > Tişört,Siyah,790.0,790.0,0.0,TRY,0.0,,,
220330193,Uzun kollu file baskılı tişört,Bershka,Giyim > Tişört,Mor,1490.0,1490.0,0.0,TRY,0.0,,,
215064457,Baskılı kısa kollu sweatshirt,Bershka,Giyim > Tişört,Kum rengi,1190.0,1190.0,0.0,TRY,0.0,,,
217315135,Uzun kollu henley slim fit tişört,Bershka,Giyim > Tişört,Koyu gri,1090.0,1090.0,0.0,TRY,0.0,,,
213615792,Uzun kollu henley slim fit tişört,Bershka,Giyim > Tişört,Siyah,1090.0,1090.0,0.0,TRY,0.0,,,
220329705,Uzun kollu henley slim fit tişört,Bershka,Giyim > Tişört,Kahverengi,1090.0,1090.0,0.0,TRY,0.0,,,
211378888,Rib askılı tişört,Bershka,Giyim > Tişört,Beyaz,590.0,590.0,0.0,TRY,0.0,,,
216376278,Kısa kollu spor baskılı tişört,Bershka,Giyim > Tişört,Gri,1590.0,1590.0,0.0,TRY,0.0,,,
213615791,Uzun kollu henley slim fit tişört,Bershka,Giyim > Tişört,Kirli beyaz,1090.0,1090.0,0.0,TRY,0.0,,,
209484885,Uzun kollu henley slim fit tişört,Bershka,Giyim > Tişört,Kirli beyaz,1090.0,1090.0,0.0,TRY,0.0,,,
211379442,Super baggy fit jean,Bershka,Giyim > Jean,Koyu gri,1790.0,1250.0,30.17,TRY,0.0,,,
211379440,Baggy fit jean,Bershka,Giyim > Jean,Siyah,1790.0,1790.0,0.0,TRY,0.0,,,
211378965,Super baggy fit jean,Bershka,Giyim > Jean,Denizci mavisi,1790.0,1250.0,30.17,TRY,0.0,,,
217315756,Straight fit jean,Bershka,Giyim > Jean,Siyah,1590.0,1590.0,0.0,TRY,0.0,,,
213616033,Super baggy fit jean,Bershka,Giyim > Jean,Açık mavi,1790.0,1250.0,30.17,TRY,0.0,,,
217315072,İşlemeli super baggy fit jean,Bershka,Giyim > Jean,Mavi,2290.0,1600.0,30.13,TRY,0.0,,,
211379435,Baggy fit jean,Bershka,Giyim > Jean,Gri,1790.0,1790.0,0.0,TRY,0.0,,,
217315071,İşlemeli super baggy fit jean,Bershka,Giyim > Jean,Siyah,2290.0,1600.0,30.13,TRY,0.0,,,
218802063,Barrel fit jean,Bershka,Giyim > Jean,Gri,2290.0,1600.0,30.13,TRY,0.0,,,
211379434,Baggy fit jean,Bershka,Giyim > Jean,Yeşil,1790.0,1250.0,30.17,TRY,0.0,,,
209442019,Barrel fit jean,Bershka,Giyim > Jean,Denizci mavisi,2290.0,1600.0,30.13,TRY,0.0,,,
209441497,Flare straight fit jean,Bershka,Giyim > Jean,Siyah,1790.0,1790.0,0.0,TRY,0.0,,,
220330195,Barrel fit jean,Bershka,Giyim > Jean,Açık mavi,2290.0,1600.0,30.13,TRY,0.0,,,
209484643,Super baggy fit jean,Bershka,Giyim > Jean,Siyah,2290.0,1600.0,30.13,TRY,0.0,,,
209485150,Super baggy fit jean,Bershka,Giyim > Jean,Siyah,2290.0,1600.0,30.13,TRY,0.0,,,
220329695,Straight fit jean,Bershka,Giyim > Jean,Açık mavi,1590.0,1590.0,0.0,TRY,0.0,,,
220329728,Straight fit jean,Bershka,Giyim > Jean,Açık mavi,1590.0,1590.0,0.0,TRY,0.0,,,
213616520,Super baggy fit jean,Bershka,Giyim > Jean,Gri,1790.0,1250.0,30.17,TRY,0.0,,,
213616518,Super baggy fit jean,Bershka,Giyim > Jean,Siyah,1790.0,1250.0,30.17,TRY,0.0,,,
217315138,İşlemeli super baggy fit jean,Bershka,Giyim > Jean,Açık mavi,2490.0,2490.0,0.0,TRY,0.0,,,
213616036,Baskılı barrel fit jean,Bershka,Giyim > Jean,Yeşil,2290.0,2290.0,0.0,TRY,0.0,,,
217315575,İşlemeli barrel fit jean,Bershka,Giyim > Jean,Siyah,2290.0,2290.0,0.0,TRY,0.0,,,
213615856,İşlemeli barrel fit jean,Bershka,Giyim > Jean,Siyah,2290.0,2290.0,0.0,TRY,0.0,,,
209441460,Flare straight fit jean,Bershka,Giyim > Jean,Gri,1790.0,1790.0,0.0,TRY,0.0,,,
209441494,Flare straight fit jean,Bershka,Giyim > Jean,Siyah,1790.0,1790.0,0.0,TRY,0.0,,,
216376277,Skater jean,Bershka,Giyim > Jean,Denizci mavisi,1790.0,1790.0,0.0,TRY,0.0,,,
209441461,Flare straight fit jean,Bershka,Giyim > Jean,Gri,1790.0,1790.0,0.0,TRY,0.0,,,
216376854,Barrel fit jean,Bershka,Giyim > Jean,Gri,2290.0,1600.0,30.13,TRY,0.0,,,
217315136,Dokulu baggy fit jean,Bershka,Giyim > Jean,Açık mavi,2490.0,2490.0,0.0,TRY,0.0,,,
213616519,Super baggy fit jean,Bershka,Giyim > Jean,Açık mavi,1790.0,1250.0,30.17,TRY,0.0,,,
217315648,Super baggy fit jean,Bershka,Giyim > Jean,Açık mavi,1790.0,1250.0,30.17,TRY,0.0,,,
216376279,Baggy fit jean,Bershka,Giyim > Jean,Yeşil,1790.0,1250.0,30.17,TRY,0.0,,,
217315641,İşlemeli barrel fit jean,Bershka,Giyim > Jean,Açık mavi,2290.0,2290.0,0.0,TRY,0.0,,,
216376796,Barrel fit jean,Bershka,Giyim > Jean,Krem,1790.0,1790.0,0.0,TRY,0.0,,,
217315642,Yamalı baggy fit jean,Bershka,Giyim > Jean,Koyu mavi,2490.0,2490.0,0.0,TRY,0.0,,,
217315758,Super baggy fit tailored pantolon,Bershka,Giyim > Pantolon,Taş rengi,1790.0,1790.0,0.0,TRY,0.0,,,
217315137,Super baggy fit tailored pantolon,Bershka,Giyim > Pantolon,Haki,1790.0,1790.0,0.0,TRY,0.0,,,
217315242,Super baggy fit pantolon,Bershka,Giyim > Pantolon,Gri,1590.0,1590.0,0.0,TRY,0.0,,,
218802066,Super baggy fit pantolon,Bershka,Giyim > Pantolon,Taş rengi,1590.0,1590.0,0.0,TRY,0.0,,,
209441858,Teknik pensli pantolon,Bershka,Giyim > Pantolon,Siyah,1790.0,1790.0,0.0,TRY,0.0,,,
211378857,Kruvaze belli tailored fit pantolon,Bershka,Giyim > Pantolon,Koyu gri,2290.0,2290.0,0.0,TRY,0.0,,,
209484770,Teknik pensli pantolon,Bershka,Giyim > Pantolon,Gri,1790.0,1790.0,0.0,TRY,0.0,,,
209485207,Balon pantolon,Bershka,Giyim > Pantolon,Gri,1590.0,1590.0,0.0,TRY,0.0,,,
209442165,Balon pantolon,Bershka,Giyim > Pantolon,Gri,1590.0,1590.0,0.0,TRY,0.0,,,
216376200,Super baggy fit pantolon,Bershka,Giyim > Pantolon,Taş rengi,1590.0,1590.0,0.0,TRY,0.0,,,
220329706,Baggy fit kargo pantolon,Bershka,Giyim > Pantolon,Gri,1690.0,1690.0,0.0,TRY,0.0,,,
209484624,Balon pantolon,Bershka,Giyim > Pantolon,Siyah,1590.0,1590.0,0.0,TRY,,,,
216376775,Super baggy fit pantolon,Bershka,Giyim > Pantolon,Kum rengi,1590.0,1590.0,0.0,TRY,0.0,,,
209441865,Super baggy fit tailored fit pantolon,Bershka,Giyim > Pantolon,Kahverengi,1790.0,1790.0,0.0,TRY,0.0,,,
209442167,Balon pantolon,Bershka,Giyim > Pantolon,Gri,1590.0,1590.0,0.0,TRY,0.0,,,
215064402,Baskılı super baggy fit pantolon,Bershka,Giyim > Pantolon,Koyu gri,2290.0,2290.0,0.0,TRY,0.0,,,
218801614,Super baggy fit pensli tailored pantolon,Bershka,Giyim > Pantolon,Koyu gri,2490.0,2490.0,0.0,TRY,0.0,,,
216376765,Süper baggy fit teknik pantolon,Bershka,Giyim > Pantolon,Siyah,1490.0,1490.0,0.0,TRY,0.0,,,
216376764,Süper baggy fit teknik pantolon,Bershka,Giyim > Pantolon,Denizci mavisi,1490.0,1490.0,0.0,TRY,0.0,,,
216376199,Super baggy fit pantolon,Bershka,Giyim > Pantolon,Gri,1590.0,1590.0,0.0,TRY,0.0,,,
220329707,Piliseli superbaggy jogger fit pantolon,Bershka,Giyim > Pantolon,Kahverengi,2290.0,2290.0,0.0,TRY,0.0,,,
209441237,Super baggy fit tailored fit pantolon,Bershka,Giyim > Pantolon,Denizci mavisi,1790.0,1790.0,0.0,TRY,0.0,,,
211379359,Super baggy fit tailored fit pantolon,Bershka,Giyim > Pantolon,Kahverengi,1790.0,1790.0,0.0,TRY,0.0,,,
211379421,Suni deri ceket,Bershka,Giyim > Ceket,Siyah,2990.0,2090.0,30.1,TRY,0.0,,,
211379422,Suni deri ceket,Bershka,Giyim > Ceket,Kahverengi,2990.0,2090.0,30.1,TRY,0.0,,,
209941216,Blok renkli suni deri ceket,Bershka,Giyim > Ceket,Bordo,2990.0,2990.0,0.0,TRY,0.0,,,
213278440,Suni deri ceket,Bershka,Giyim > Ceket,Kahverengi,2990.0,2090.0,30.1,TRY,0.0,,,
218801165,Baskılı spor ceket,Bershka,Giyim > Ceket,Denizci mavisi,2790.0,2790.0,0.0,TRY,0.0,,,
216376778,Boxy fit suni deri ceket,Bershka,Giyim > Ceket,Yeşil,2490.0,2490.0,0.0,TRY,0.0,,,
218801164,Denim ceket,Bershka,Giyim > Ceket,Denizci mavisi,2290.0,2290.0,0.0,TRY,0.0,,,
209441453,Teknik şişme mont,Bershka,Giyim > Ceket,Kahverengi,2990.0,2990.0,0.0,TRY,0.0,,,
216376762,Teknik ceket,Bershka,Giyim > Ceket,Siyah,1590.0,1590.0,0.0,TRY,0.0,,,
216376763,Teknik ceket,Bershka,Giyim > Ceket,Denizci mavisi,1590.0,1590.0,0.0,TRY,0.0,,,
217315246,Cepli kot ince ceket,Bershka,Giyim > Ceket,Denizci mavisi,2290.0,2290.0,0.0,TRY,0.0,,,
209484766,Kapüşonlu şişme mont,Bershka,Giyim > Ceket,Kırmızı,3690.0,3690.0,0.0,TRY,0.0,,,
209442047,Teknik şişme mont,Bershka,Giyim > Ceket,Siyah,2990.0,2990.0,0.0,TRY,0.0,,,
215064309,Baskılı spor ceket,Bershka,Giyim > Ceket,Denizci mavisi,2790.0,2790.0,0.0,TRY,0.0,,,
216376761,Baskılı spor ceket,Bershka,Giyim > Ceket,Denizci mavisi,2790.0,2790.0,0.0,TRY,0.0,,,
209940775,Kapüşonlu şişme mont,Bershka,Giyim > Ceket,Haki,3690.0,3690.0,0.0,TRY,0.0,,,
209484549,Boxy fit kapüşonlu sweatshirt,Bershka,Giyim > Sweatshirt,Şeker Pembesi,1690.0,1180.0,30.18,TRY,0.0,,,
209484712,Fermuarlı boxy fit crop sweatshirt,Bershka,Giyim > Sweatshirt,Gri,1790.0,1250.0,30.17,TRY,0.0,,,
217315640,Fermuarlı baskılı sweatshirt,Bershka,Giyim > Sweatshirt,Kızıl kahverengi,2290.0,1140.0,50.22,TRY,0.0,,,
220330194,Çizgili bisiklet yaka sweatshirt,Bershka,Giyim > Sweatshirt,Denizci mavisi,1590.0,1590.0,0.0,TRY,0.0,,,
217315243,Fermuarlı kapüşonlu sweatshirt,Bershka,Giyim > Sweatshirt,Gri,1590.0,1110.0,30.19,TRY,0.0,,,
216376713,Fermuarlı sentetik kauçuk kumaş kapüşonlu sweatshirt,Bershka,Giyim > Sweatshirt,Siyah,2290.0,2290.0,0.0,TRY,0.0,,,
216376203,Fermuarlı sentetik kauçuk kumaş kapüşonlu sweatshirt,Bershka,Giyim > Sweatshirt,Gri,2290.0,2290.0,0.0,TRY,0.0,,,
220329694,Fermuarlı sentetik kauçuk kumaş kapüşonlu sweatshirt,Bershka,Giyim > Sweatshirt,Gri,2290.0,2290.0,0.0,TRY,0.0,,,
216376300,Baskılı boxy fit uzun kollu polo yaka tişört,Bershka,Giyim > Sweatshirt,Denizci mavisi,1790.0,1790.0,0.0,TRY,0.0,,,
215063992,Baskılı crop kapüşonlu sweatshirt,Bershka,Giyim > Sweatshirt,Gri,2290.0,2290.0,0.0,TRY,0.0,,,
209042512,Kısa kollu sweatshirt,Bershka,Giyim > Sweatshirt,Kirli beyaz,1090.0,1090.0,0.0,TRY,0.0,,,
215064307,Jakarlı baskılı jarse,Bershka,Giyim > Triko,Siyah,1790.0,1790.0,0.0,TRY,0.0,,,
213616524,İşlemeli Kazak,Bershka,Giyim > Triko,Denizci mavisi,1790.0,1790.0,0.0,TRY,0.0,,,
209484657,Crop kazak,Bershka,Giyim > Triko,Beyaz,1590.0,1590.0,0.0,TRY,0.0,,,
209484628,Crop kazak,Bershka,Giyim > Triko,Siyah,1590.0,1590.0,0.0,TRY,0.0,,,
209484656,Crop kazak,Bershka,Giyim > Triko,Beyaz,1590.0,1590.0,0.0,TRY,0.0,,,
218801599,İşlemeli fermuarlı ceket,Bershka,Giyim > Triko,Gri,2290.0,2290.0,0.0,TRY,0.0,,,
216376285,Polo yaka baskılı kazak,Bershka,Giyim > Triko,Yeşil,2290.0,2290.0,0.0,TRY,0.0,,,
216376287,Fermuar yakalı nakışlı kazak,Bershka,Giyim > Triko,Siyah,2290.0,2290.0,0.0,TRY,0.0,,,
216376759,Baskılı şönil bisiklet yaka kazak,Bershka,Giyim > Triko,Siyah,1790.0,1790.0,0.0,TRY,0.0,,,
216376777,Nakışlı polo yaka kazak,Bershka,Giyim > Triko,Kırmızı,2290.0,2290.0,0.0,TRY,0.0,,,
220329698,Jakarlı baskılı jarse,Bershka,Giyim > Triko,Kırmızı,1790.0,1790.0,0.0,TRY,0.0,,,
215063945,Bisiklet yaka baskılı kazak,Bershka,Giyim > Triko,Pembe,2290.0,2290.0,0.0,TRY,0.0,,,
218801162,Havlu efektli baskılı jarse,Bershka,Giyim > Triko,Kirli beyaz,1790.0,1790.0,0.0,TRY,0.0,,,
209485127,Crop kazak,Bershka,Giyim > Triko,Siyah,1590.0,1590.0,0.0,TRY,0.0,,,
220330180,Piliseli super baggy fit jogger pantolon,Bershka,Giyim > Baggy pantolon,Siyah,2290.0,2290.0,0.0,TRY,0.0,,,
218801774,Baggy fit baskılı bermuda,Bershka,Giyim > Baggy pantolon,Gri,1590.0,1590.0,0.0,TRY,0.0,,,
218801287,Baggy fit baskılı bermuda,Bershka,Giyim > Baggy pantolon,Koyu gri,1590.0,1590.0,0.0,TRY,0.0,,,
218187992,Dokulu super baggy fit jean,Bershka,Giyim > Baggy pantolon,Açık mavi,2290.0,2290.0,0.0,TRY,0.0,,,
217315607,Dokulu baggy fit jean,Bershka,Giyim > Baggy pantolon,Açık mavi,2490.0,2490.0,0.0,TRY,0.0,,,
217315578,Baggy fit denim bermuda,Bershka,Giyim > Baggy pantolon,Açık mavi,1590.0,1590.0,0.0,TRY,0.0,,,
217315574,Baggy fit flare fit jean,Bershka,Giyim > Baggy pantolon,Açık mavi,1790.0,1790.0,0.0,TRY,0.0,,,
217315077,Baggy fit denim bermuda,Bershka,Giyim > Baggy pantolon,Siyah,1590.0,1590.0,0.0,TRY,0.0,,,
217315075,Baggy fit denim bermuda,Bershka,Giyim > Baggy pantolon,Denizci mavisi,1590.0,1590.0,0.0,TRY,0.0,,,
216376674,İşlemeli super baggy fit pantolon,Bershka,Giyim > Baggy pantolon,Siyah,2290.0,2290.0,0.0,TRY,,,,
213616116,Yamalı super baggy fit jean,Bershka,Giyim > Baggy pantolon,Gri,2290.0,2290.0,0.0,TRY,,,,
213616109,Jakarlı baggy fit jean,Bershka,Giyim > Baggy pantolon,Açık mavi,2290.0,2290.0,0.0,TRY,,,,
209940907,Baskılı super baggy fit pantolon,Bershka,Giyim > Baggy pantolon,Yeşil,2290.0,2290.0,0.0,TRY,,,,
209441610,Baggy fit kargo jean,Bershka,Giyim > Baggy pantolon,Gri,1790.0,1790.0,0.0,TRY,,,,
217315244,İşlemeli super baggy fit jean,Bershka,Jean > Süper Baggy,Mavi,2290.0,1600.0,30.13,TRY,0.0,,,
209441283,Barrel fit jean,Bershka,Jean > Barrel,Denizci mavisi,1790.0,1250.0,30.17,TRY,0.0,,,
217315755,Boxy fit suni deri ceket,Bershka,Ceket > Suni deri,Siyah,2490.0,2490.0,0.0,TRY,0.0,,,
211379392,Boxy fit suni deri ceket,Bershka,Ceket > Suni deri,Siyah,2490.0,2490.0,0.0,TRY,0.0,,,
213616469,Boxy fit suni deri ceket,Bershka,Ceket > Suni deri,Siyah,2490.0,2490.0,0.0,TRY,0.0,,,
216376214,Blok renkli suni deri ceket,Bershka,Ceket > Suni deri,Bordo,2990.0,2990.0,0.0,TRY,0.0,,,
218188452,Kapüşonlu suni deri ceket,Bershka,Ceket > Suni deri,Siyah,2990.0,2990.0,0.0,TRY,0.0,,,
208227852,Kalın tabanlı kaykay ayakkabısı,Bershka,Giyim > Ayakkabı,Gri,2690.0,2690.0,0.0,TRY,0.0,,,
215064479,Kalın tabanlı kaykay ayakkabısı,Bershka,Giyim > Ayakkabı,BEYAZ,2690.0,2690.0,0.0,TRY,0.0,,,
208227423,Blucher ayakkabı,Bershka,Giyim > Ayakkabı,SİYAH,2490.0,2490.0,0.0,TRY,0.0,,,
216376823,Kalın tabanlı kaykay ayakkabısı,Bershka,Giyim > Ayakkabı,BEYAZ,2690.0,2690.0,0.0,TRY,0.0,,,
216376851,Çok parçalı spor ayakkabı,Bershka,Giyim > Ayakkabı,Çok renkli,1990.0,1990.0,0.0,TRY,0.0,,,
213616522,Kalın tabanlı spor ayakkabı,Bershka,Giyim > Ayakkabı,BEYAZ,2490.0,2490.0,0.0,TRY,0.0,,,
213616065,Kalın tabanlı spor ayakkabı,Bershka,Giyim > Ayakkabı,Çok renkli,2490.0,2490.0,0.0,TRY,0.0,,,
207206280,Kalın tabanlı kaykay ayakkabısı,Bershka,Giyim > Ayakkabı,Gri,2690.0,2690.0,0.0,TRY,0.0,,,
208227412,Kalın tabanlı makosen,Bershka,Giyim > Ayakkabı,SİYAH,2490.0,2490.0,0.0,TRY,0.0,,,
208227408,Kalın tabanlı kaykay spor ayakkabısı,Bershka,Giyim > Ayakkabı,SİYAH,2690.0,2690.0,0.0,TRY,0.0,,,
208227315,Temel sokak spor ayakkabı,Bershka,Giyim > Ayakkabı,BEYAZ,1790.0,1790.0,0.0,TRY,0.0,,,
219791722,Tokalı sabo,Bershka,Giyim > Ayakkabı,KAHVERENGİ,1990.0,1990.0,0.0,TRY,0.0,,,
215064408,Dikişli burunlu klasik ayakkabı,Bershka,Giyim > Ayakkabı,SİYAH,2690.0,2690.0,0.0,TRY,0.0,,,
208227413,İnce tabanlı makosen,Bershka,Giyim > Ayakkabı,SİYAH,1890.0,1890.0,0.0,TRY,0.0,,,
207206790,One Piece anahtarlıklı kaykay ayakkabısı,Bershka,Giyim > Ayakkabı,BEYAZ,2690.0,2690.0,0.0,TRY,0.0,,,
208227422,Tokalı sabo ayakkabı,Bershka,Giyim > Ayakkabı,KOYU KAHVE GRİ,1990.0,1990.0,0.0,TRY,0.0,,,
207374318,Kalın tabanlı tokalı makosen,Bershka,Giyim > Ayakkabı,SİYAH,2690.0,2690.0,0.0,TRY,0.0,,,
215064407,Büzgülü mokasen,Bershka,Giyim > Ayakkabı,Kızıl kahverengi,1990.0,1990.0,0.0,TRY,0.0,,,
207206785,metal detaylı ayakkabı,Bershka,Giyim > Ayakkabı,SİYAH,2990.0,2990.0,0.0,TRY,0.0,,,
207206782,Metal detaylı bot,Bershka,Giyim > Ayakkabı,SİYAH,3690.0,3690.0,0.0,TRY,0.0,,,
216376824,Kalın tabanlı kaykay ayakkabısı,Bershka,Giyim > Ayakkabı,SİYAH,2690.0,2690.0,0.0,TRY,0.0,,,
220330247,Kalın tabanlı spor ayakkabı,Bershka,Giyim > Ayakkabı,Kızıl kahverengi,1990.0,1990.0,0.0,TRY,0.0,,,
213616456,çok parçalı spor ayakkabı,Bershka,Giyim > Ayakkabı,Gri,1990.0,1990.0,0.0,TRY,0.0,,,
208227277,Kalın tabanlı spor ayakkabı,Bershka,Giyim > Ayakkabı,SİYAH,2690.0,2690.0,0.0,TRY,0.0,,,
209041972,Kalın tabanlı spor ayakkabı,Bershka,Giyim > Ayakkabı,BEYAZ,1990.0,1990.0,0.0,TRY,0.0,,,
218802104,Tokalı detaylı sabo,Bershka,Giyim > Ayakkabı,SİYAH,1990.0,1990.0,0.0,TRY,0.0,,,
209941136,Bağcıklı tırtıklı taban bot,Bershka,Giyim > Ayakkabı,SİYAH,2690.0,2690.0,0.0,TRY,0.0,,,
208227417,Dolgulu detaylı bot,Bershka,Giyim > Ayakkabı,KUM RENGİ,3290.0,3290.0,0.0,TRY,0.0,,,
207374317,Maske detaylı makosen ayakkabı,Bershka,Giyim > Ayakkabı,SİYAH,2690.0,2690.0,0.0,TRY,0.0,,,
215064480,Büzgülü mokasen,Bershka,Giyim > Ayakkabı,SİYAH,2490.0,2490.0,0.0,TRY,0.0,,,
208227353,Disney Makosen,Bershka,Giyim > Ayakkabı,Çok renkli,2990.0,2990.0,0.0,TRY,0.0,,,
216376288,Suni deri büzgülü çanta,Bershka,Giyim > Aksesuar,Siyah,1590.0,1590.0,0.0,TRY,0.0,,,
218802067,İŞLEMELİ ŞAPKA,Bershka,Giyim > Aksesuar,Krem,790.0,790.0,0.0,TRY,0.0,,,
209441648,İşlemeli şapka,Bershka,Giyim > Aksesuar,Siyah,590.0,590.0,0.0,TRY,0.0,,,
216376780,İŞLEMELİ ŞAPKA,Bershka,Giyim > Aksesuar,Siyah,790.0,790.0,0.0,TRY,0.0,,,
209940945,Cars baskılı kapüşonlu sweatshirt,Bershka,Giyim > Collaborations®,Gri,2290.0,2290.0,0.0,TRY,0.0,,,
209484690,Kısa kollu araba baskılı t-shirt,Bershka,Giyim > Collaborations®,Siyah,1090.0,1090.0,0.0,TRY,0.0,,,
216376715,Kısa kollu gofre ekmekçi tişört,Bershka,Giyim > Basic,Siyah,790.0,790.0,0.0,TRY,0.0,,,
216376700,Gofre kumaş baskılı askılı tişört,Bershka,Giyim > Basic,Kirli beyaz,790.0,790.0,0.0,TRY,0.0,,,
216376190,Gofre kumaş baskılı askılı tişört,Bershka,Giyim > Basic,Siyah,790.0,790.0,0.0,TRY,0.0,,,
216376191,Gofre kumaş baskılı askılı tişört,Bershka,Giyim > Basic,Mavi,790.0,790.0,0.0,TRY,0.0,,,
216376354,Gofre kumaş baskılı askılı tişört,Bershka,Giyim > Basic,Mavi,790.0,790.0,0.0,TRY,0.0,,,
216376862,Gofre kumaş baskılı askılı tişört,Bershka,Giyim > Basic,Kirli beyaz,790.0,790.0,0.0,TRY,0.0,,,
216376861,Gofre kumaş baskılı askılı tişört,Bershka,Giyim > Basic,Siyah,790.0,790.0,0.0,TRY,0.0,,,
217315688,Basic pamuklu bermuda,Bershka,Giyim > Basic,Turkuaz,990.0,990.0,0.0,TRY,0.0,,,
217315121,Basic pamuklu bermuda,Bershka,Giyim > Basic,Turkuaz,990.0,990.0,0.0,TRY,0.0,,,
217315624,Basic pamuklu bermuda,Bershka,Giyim > Basic,Beyaz,990.0,990.0,0.0,TRY,0.0,,,
217315625,Basic pamuklu bermuda,Bershka,Giyim > Basic,Denizci mavisi,990.0,990.0,0.0,TRY,0.0,,,
217315623,Basic pamuklu bermuda,Bershka,Giyim > Basic,Siyah,990.0,990.0,0.0,TRY,0.0,,,
217315120,Basic pamuklu bermuda,Bershka,Giyim > Basic,Gri,990.0,990.0,0.0,TRY,0.0,,,
216376864,Kısa kollu ribanalı kontrast tişört,Bershka,Giyim > Basic,Yeşil,790.0,790.0,0.0,TRY,0.0,,,
216376357,Kısa kollu ribanalı kontrast tişört,Bershka,Giyim > Basic,Kirli beyaz,790.0,790.0,0.0,TRY,0.0,,,
216376358,Kısa kollu ribanalı kontrast tişört,Bershka,Giyim > Basic,Denizci mavisi,790.0,790.0,0.0,TRY,0.0,,,
216376699,Uzun kollu tişört,Bershka,Giyim > Basic,Yeşil,990.0,990.0,0.0,TRY,0.0,,,
216376697,Uzun kollu tişört,Bershka,Giyim > Basic,Siyah,990.0,990.0,0.0,TRY,0.0,,,
216376698,Uzun kollu tişört,Bershka,Giyim > Basic,Kirli beyaz,990.0,990.0,0.0,TRY,0.0,,,
209041995,Kısa kollu tişört,Bershka,Giyim > Basic,Siyah,490.0,490.0,0.0,TRY,0.0,,,
209042516,Kısa kollu tişört,Bershka,Giyim > Basic,Beyaz,490.0,490.0,0.0,TRY,0.0,,,
209041996,Kısa kollu tişört,Bershka,Giyim > Basic,Pembe,490.0,490.0,0.0,TRY,0.0,,,
216376363,Kısa kollu tişört,Bershka,Giyim > Basic,Beyaz,490.0,490.0,0.0,TRY,0.0,,,
216376362,Kısa kollu tişört,Bershka,Giyim > Basic,Siyah,490.0,490.0,0.0,TRY,0.0,,,
209042515,Kısa kollu tişört,Bershka,Giyim > Basic,Kahverengi,490.0,490.0,0.0,TRY,0.0,,,
216376871,Fermuarlı sentetik kauçuk kumaş kapüşonlu sweatshirt,Bershka,Giyim > Basic,Gri,2290.0,2290.0,0.0,TRY,0.0,,,
216376870,Oversize sentetik kauçuk kumaş bermuda,Bershka,Giyim > Basic,Gri,1490.0,1490.0,0.0,TRY,0.0,,,
216376872,Fermuarlı sentetik kauçuk kumaş kapüşonlu sweatshirt,Bershka,Giyim > Basic,Siyah,2290.0,2290.0,0.0,TRY,0.0,,,
216376869,Oversize sentetik kauçuk bermuda,Bershka,Giyim > Basic,Siyah,1490.0,1490.0,0.0,TRY,0.0,,,
216376192,Uzun kollu henley slim fit tişört,Bershka,Giyim > Basic,Koyu gri,1090.0,1090.0,0.0,TRY,0.0,,,
209484884,Uzun kollu henley slim fit tişört,Bershka,Giyim > Basic,Kirli beyaz,1090.0,1090.0,0.0,TRY,0.0,,,
209485262,Uzun kollu henley slim fit tişört,Bershka,Giyim > Basic,Siyah,1090.0,1090.0,0.0,TRY,0.0,,,
216376702,Uzun kollu henley slim fit tişört,Bershka,Giyim > Basic,Kahverengi,1090.0,1090.0,0.0,TRY,0.0,,,
216376366,Uzun kollu henley slim fit tişört,Bershka,Giyim > Basic,Koyu gri,1090.0,1090.0,0.0,TRY,0.0,,,
216376874,Uzun kollu henley slim fit tişört,Bershka,Giyim > Basic,Kirli beyaz,1090.0,1090.0,0.0,TRY,0.0,,,
216376873,Uzun kollu henley slim fit tişört,Bershka,Giyim > Basic,Siyah,1090.0,1090.0,0.0,TRY,0.0,,,
216376365,Uzun kollu henley slim fit tişört,Bershka,Giyim > Basic,Kahverengi,1090.0,1090.0,0.0,TRY,0.0,,,
216376876,Baskılı oversize kolsuz t-shirt,Bershka,Giyim > Basic,Turkuaz,790.0,790.0,0.0,TRY,0.0,,,
216376875,Baskılı oversize kolsuz t-shirt,Bershka,Giyim > Basic,Gri,790.0,790.0,0.0,TRY,0.0,,,
216376877,Baskılı oversize kolsuz t-shirt,Bershka,Giyim > Basic,Taş rengi,790.0,790.0,0.0,TRY,0.0,,,
216376195,Kısa kollu boxy fit tişört,Bershka,Giyim > Basic,Siyah,790.0,790.0,0.0,TRY,0.0,,,
216376704,Kısa kollu boxy fit tişört,Bershka,Giyim > Basic,Mercan,790.0,790.0,0.0,TRY,0.0,,,
216376194,Kısa kollu boxy fit tişört,Bershka,Giyim > Basic,Pembe,790.0,790.0,0.0,TRY,0.0,,,
216376368,Kısa kollu boxy fit tişört,Bershka,Giyim > Basic,Siyah,790.0,790.0,0.0,TRY,0.0,,,
216376370,Kısa kollu boxy fit tişört,Bershka,Giyim > Basic,Beyaz,790.0,790.0,0.0,TRY,0.0,,,
216376878,Kısa kollu boxy fit tişört,Bershka,Giyim > Basic,Mercan,790.0,790.0,0.0,TRY,0.0,,,
216376369,Kısa kollu boxy fit tişört,Bershka,Giyim > Basic,Pembe,790.0,790.0,0.0,TRY,0.0,,,
217315099,Geniş paça pantolon,Bershka,Giyim > Basic,Gri,1490.0,1490.0,0.0,TRY,0.0,,,
217315100,Geniş paça pantolon,Bershka,Giyim > Basic,Siyah,1490.0,1490.0,0.0,TRY,0.0,,,
220330170,Süet görünümlü ceket,Bershka,Giyim > CHECKS,Bej,2790.0,2790.0,0.0,TRY,0.0,,,
220329685,Megabarrel pantolon,Bershka,Giyim > CHECKS,Kum rengi,2290.0,2290.0,0.0,TRY,0.0,,,
220329684,Kruvaze düğmeli barrel fit jean,Bershka,Giyim > CHECKS,Denizci mavisi,2290.0,2290.0,0.0,TRY,0.0,,,
220330169,Super baggy fit çapraz pantolon,Bershka,Giyim > CHECKS,Siyah,2290.0,2290.0,0.0,TRY,0.0,,,
220330226,Baskılı düğmeli boxy fit ceket,Bershka,Giyim > CHECKS,Kirli beyaz,2290.0,2290.0,0.0,TRY,0.0,,,
218801673,Megabaggy tailored fit pantolon,Bershka,Giyim > LANDING GRIDS,Kum rengi,2490.0,2490.0,0.0,TRY,0.0,,,
218801674,Nakışlı boxy fit kısa kollu gömlek,Bershka,Giyim > LANDING GRIDS,Kahverengi,1790.0,1790.0,0.0,TRY,0.0,,,
218801168,Uzun kollu file tişört,Bershka,Giyim > LANDING GRIDS,Mavi,1490.0,1490.0,0.0,TRY,0.0,,,
218801166,Super baggy fit denim bermuda,Bershka,Giyim > LANDING GRIDS,Açık mavi,2290.0,2290.0,0.0,TRY,0.0,,,
218801235,Baskılı kapüşonlu sweatshirt,Bershka,Giyim > LANDING GRIDS,Gri,1790.0,1790.0,0.0,TRY,0.0,,,
218801671,Baskılı kapüşonlu sweatshirt,Bershka,Giyim > LANDING GRIDS,Gri,1790.0,1790.0,0.0,TRY,0.0,,,
215064322,Dolgulu detaylı bot,Bershka,Giyim > LANDING GRIDS,KUM RENGİ,3290.0,3290.0,0.0,TRY,0.0,,,
218801672,Baggy fit kargo pantolon,Bershka,Giyim > LANDING GRIDS,Gri,1690.0,1690.0,0.0,TRY,0.0,,,
209441344,Straight fit jogger tailored pantolon,Bershka,Giyim > #bershkastyle,Siyah,1590.0,1590.0,0.0,TRY,0.0,,,
209940774,Barrel fit jean,Bershka,Giyim > #bershkastyle,Denizci mavisi,2290.0,1600.0,30.13,TRY,0.0,,,
209441530,Suni deri boxy fit ceket,Bershka,Giyim > #bershkastyle,Siyah,2490.0,2490.0,0.0,TRY,0.0,,,
220329683,Süslü Düğmeli Ceket,Bershka,Giyim > BERSHKA LOVERS,Siyah,2990.0,2990.0,0.0,TRY,,,,
216376767,Büzgülü mokasen,Bershka,Ayakkabı > BAYRAM KOLEKSİYONU,Kızıl kahverengi,1990.0,1990.0,0.0,TRY,0.0,,,
216376805,Büzgülü mokasen,Bershka,Ayakkabı > BAYRAM KOLEKSİYONU,Kızıl kahverengi,1990.0,1990.0,0.0,TRY,0.0,,,
216376301,Büzgülü mokasen,Bershka,Ayakkabı > BAYRAM KOLEKSİYONU,SİYAH,2490.0,2490.0,0.0,TRY,0.0,,,
216376270,Büzgülü mokasen,Bershka,Ayakkabı > BAYRAM KOLEKSİYONU,SİYAH,2490.0,2490.0,0.0,TRY,0.0,,,
216376289,Kalın tabanlı makosen,Bershka,Ayakkabı > BAYRAM KOLEKSİYONU,SİYAH,2490.0,2490.0,0.0,TRY,0.0,,,
216376787,İnce tabanlı makosen,Bershka,Ayakkabı > BAYRAM KOLEKSİYONU,SİYAH,1890.0,1890.0,0.0,TRY,0.0,,,
216376769,Çok parçalı spor ayakkabı,Bershka,Ayakkabı > BAYRAM KOLEKSİYONU,Gri,1990.0,1990.0,0.0,TRY,0.0,,,
216376783,Çok parçalı spor ayakkabı,Bershka,Ayakkabı > BAYRAM KOLEKSİYONU,Çok renkli,1990.0,1990.0,0.0,TRY,0.0,,,
216376292,Kalın tabanlı kaykay ayakkabısı,Bershka,Ayakkabı > BAYRAM KOLEKSİYONU,BEYAZ,2690.0,2690.0,0.0,TRY,0.0,,,
216376786,Kalın tabanlı kaykay ayakkabısı,Bershka,Ayakkabı > BAYRAM KOLEKSİYONU,SİYAH,2690.0,2690.0,0.0,TRY,0.0,,,
216376293,Kalın tabanlı kaykay ayakkabısı,Bershka,Ayakkabı > BAYRAM KOLEKSİYONU,Çok renkli,2690.0,1880.0,30.11,TRY,0.0,,,
216376294,Temel sokak spor ayakkabı,Bershka,Ayakkabı > BAYRAM KOLEKSİYONU,BEYAZ,1790.0,1790.0,0.0,TRY,0.0,,,
216376784,Kalın tabanlı spor ayakkabı,Bershka,Ayakkabı > BAYRAM KOLEKSİYONU,Çok renkli,2490.0,2490.0,0.0,TRY,0.0,,,
216376290,Kalın tabanlı spor ayakkabı,Bershka,Ayakkabı > BAYRAM KOLEKSİYONU,BEYAZ,2490.0,2490.0,0.0,TRY,0.0,,,
216376296,Kalın tabanlı kaykay ayakkabısı,Bershka,Ayakkabı > BAYRAM KOLEKSİYONU,BEYAZ,2690.0,2690.0,0.0,TRY,0.0,,,
216376295,Kalın tabanlı kaykay ayakkabısı,Bershka,Ayakkabı > BAYRAM KOLEKSİYONU,Gri,2690.0,2690.0,0.0,TRY,0.0,,,
216376793,One Piece anahtarlıklı kaykay ayakkabısı,Bershka,Ayakkabı > BAYRAM KOLEKSİYONU,BEYAZ,2690.0,2690.0,0.0,TRY,0.0,,,
216376792,Kalın tabanlı spor ayakkabı,Bershka,Ayakkabı > BAYRAM KOLEKSİYONU,SİYAH,2690.0,2690.0,0.0,TRY,0.0,,,
216376297,Tokalı sabo ayakkabı,Bershka,Ayakkabı > BAYRAM KOLEKSİYONU,KOYU KAHVE GRİ,1990.0,1990.0,0.0,TRY,0.0,,,
216376794,Tokalı sabo,Bershka,Ayakkabı > BAYRAM KOLEKSİYONU,KAHVERENGİ,1990.0,1990.0,0.0,TRY,0.0,,,
