product_name,price,tuik_category,per_item_inflation_1d,per_item_inflation_7d,per_item_inflation_15d,per_item_inflation_30d
LD12SP Akülü Vidalama,2799.0,05,0.0,0.0,0.0,16.673614005835766
Promo Blister Akülü Vidalama + 24 Parça Aksesuar,599.9,05,0.0,0.0,0.0,0.0
"Te-cd 18/44 Li-i Darbeli Vidalama 1x2,5a",4249.0,05,0.0,6.251562890722681,6.251562890722681,0.0
Sds-plus 11&#039;li Alüminyum Çantalı Uç Ve Keski Seti - 2608578765,1350.0,05,0.0,0.0,0.0,27.84090909090909
Bits Uç Seti Üçlü 89 mm,359.9,05,0.0,0.0,0.0,0.0
"Tp-Cd 18/60 Li Bl - Solo, Akülü Vidalama",3999.0,05,0.0,0.0,0.0,0.0
Pz Vidalama Ucu Üçlü 89 mm,359.9,05,0.0,0.0,0.0,0.0
Dt7969-qz 32 Parça Vid Uç Seti,949.9,05,0.0,0.0,0.0,0.0
10 Adet Vidalama Ucu ve 20 cm Uzatma Adaptörü,359.9,05,0.0,0.0,0.0,0.0
Bits Uç Takımı 7 Parça,519.9,05,0.0,0.0,0.0,0.0
DCD710D2 10.8 Li-Ion Çift Akülü Vidalama,8499.0,05,0.0,0.0,0.0,0.0
Mini X-Line 25 Parçalı Vidalama Seti,419.9,05,0.0,0.0,0.0,15.674931129476576
10 Adet Vidalama Ucu ve 30 cm Uzatma Adaptörü,379.9,05,0.0,0.0,0.0,0.0
10mm Çelik Mandren Vidalama Mkd5p,1663.0,05,0.0,0.0,0.0,0.0
B D Ld12ska-tr 12v Vidalama+30 Prç Aks,2499.0,05,0.0,25.012506253126567,25.012506253126567,25.012506253126567
Fatmax Sbd715b 18v 4.0 Ah Çift Akülü Darbeli Vidalama,7426.0,05,-0.7617265802485634,-0.8014961261020572,0.12134286099501146,-1.9022457067371201
Rtl8060 21v 3.0ah Profesyonel Şarjlı Darbeli Vidalama Makinesi,4900.0,05,0.0,0.0,0.0,0.0
Dcd771S2 Vidalama Matkabı Şarjlı 18 Volt 1.5 Ah,7320.0,05,0.0,0.0,0.0,
Impact Control Serisi Vidalama Ucu 8&#039;li PH2 *50mm,453.7,05,0.0,0.0,0.0,0.0
Hızlı Uç Değiştirme Mandrenli Üniversal Tutucu *60mm 1/4&#034; Altıgen Şaft,522.49,05,0.0,0.0,7.781009550921062,7.781009550921062
Akülü Vidalama GSR 180-LI,8682.0,05,-0.28712530148156656,-0.36722515492311225,0.19619157530294284,3.111638954869359
Gsr 185-li Darbesiz Vidalama 2 Akü,9161.0,05,-1.7903087478559176,-1.8534390400685667,-1.356735221277054,1.4282550930026572
Uneo Maxx Çift Akülü Vidalama,11075.0,05,-0.27912839906356923,-0.3509087637214324,0.14467854236368569,2.984935837827785
Impact Control Serisi Vidalama Ucu 8&#039;li PH2x2/PZ2x2/T20/T30 *50mm + Standart Tutucu *60mm,447.0,05,-0.4454342984409799,-0.4454342984409799,0.44943820224719105,1.3605442176870748
Pozidriv Bits Uç PZ2,139.9,05,0.0,0.0,0.0,0.0
Vidalama Ucu 50 mm PH/PZ/SL,107.9,05,0.0,0.0,0.0,0.0
Impact Control Serisi Çift Taraflı Vidalama Ucu 8&#039;li PH2x4 /PZ2x4 *110mm,733.37,05,0.0,0.0,0.0,0.0
Cheli̇kbei̇ Onlu Set (led Işık + Kırıcı Delici Matkap+avuç Taşlama+somun Sıkma+vidalama+sunta Kesme+dekupaj+lazer Metre+oto Yıkama+çok Fonksiyonlu Avuç Taşlama),17768.0,05,0.0,0.0,0.0,0.0
Profesyonel 32 Parça  Vidalama Uç Seti - 2607017319,625.99,05,0.0,0.0,-2.4785792179467157,0.0
Impact Control Serisi Vidalama Ucu 8&#039;li PH1/PH2 x3/PH3/PZ2 x2/PZ3 *25mm,589.0,05,0.0,0.0,24.69831053901851,24.69831053901851
Manyetik Tutucu Universal 60 mm,388.9,05,0.0,0.0,0.0,11.146041726207487
13mm Mke Vidalama,1621.0,05,0.0,0.0,0.0,0.0
Extra Hard Vidalama Ucu Seti 44+1 Parça - 2607017732,1269.99,05,0.0,0.0,-9.344706974088092,0.0
Impact Control Serisi Vidalama Ucu 8&#039;li PZ2 *25mm,589.0,05,0.0,0.0,0.0,68.33380965990284
Vidalama Seti 32 Parça,702.0,05,-3.571428571428571,-3.571428571428571,-2.904564315352697,1.4450867052023122
Dt71563-qz 100 Parça Uç Seti,2480.0,05,0.0,0.0,0.0,0.0
Hex Allen Bits Uç Seti Sekizli 25 mm,79.99,05,0.0,0.0,0.0,0.0
Pozidriv Bits Uç PZ1,139.9,05,0.0,0.0,0.0,0.0
Impact Control Serisi Vidalama Ucu 8&#039;li T15/T20x2/T25x2/T30x2/T40 *25mm,589.0,05,0.0,0.0,0.0,0.0
Bits Uç PH2,99.99,05,0.0,0.0,0.0,0.0
Bits Ucu Seti 3 Parça PH Uç Seti,39.99,05,0.0,0.0,,0.0
X-line 30 Parça Titanyum Karışık Aksesuar Seti 2607019324,982.49,05,0.0,0.0,-18.057547956630522,0.0
Impact Control Serisi Vidalama Ucu 8&#039;li PH2/PZ2/T15/T20/T25/T30 *50mm + Hızlı Uç Değiştirme Mandrenli Universal Tutucu,871.0,05,0.0,0.0,0.0,0.0
"Go 3,6 Volt Akülü Vidalama Makinesi- 06019h2201",3720.0,05,0.0,14.61529929382187,14.61529929382187,30.847696095673584
Tp-cd 18/60 Li-i Bl Solo Akülü Darbeli Vidalama +2.5 Ah Starter Kit,5199.0,05,0.0,0.0,0.0,
MS18-20 Akülü Multi Set 18 Volt / 2 Ah Li-ion Çift Akülü Vidalama Multi Set,9000.0,05,0.0,0.0,0.0,
Bits Ucu Seti 20 Parça 50 mm,159.9,05,0.0,0.0,0.0,
Gsb 120-li 2 Ah Çift Akülü Darbeli Delme Vidalam Matkap Ve 23 Parça Uç Seti 06019g8102,6999.0,05,0.0,0.0,2.9416090601559053,14.61557356914763
Vidalama Ucu Seti 43 Parça,1411.37,05,0.0,0.0,0.0,0.0
Karışık Bits Ucu Seti,159.9,05,0.0,0.0,0.0,0.0
21v Akülü Vidalama Kömürsüz Motor Şarjlı Matkap,3249.9,05,,,,
12v Çift Akü Şarjlı Matkap Akülü Vidalama,1149.9,05,0.0,0.0,15.001500150015012,15.001500150015012
12v Çift Akülü Metal Şanzıman Şarjlı Matkap Akülü Vidalama,1399.9,05,0.0,0.0,0.0,0.0
X-li̇ne 50+173 Parça Aksesuar Seti̇ 2607017523,1017.0,05,-0.7804878048780488,-0.7804878048780488,0.09842519685039369,0.3948667324777887
Eisenn Qaz-013 Grey Darbeli Metal Mandren Çift Akülü Bl Motor Vidalama Matkap + 84 Parça Komple Seti Hediyeli,3399.9,05,0.0,0.0,0.0,0.0
Eisenn Ex-10 Darbeli 013 Kömürsüz Motor 2 Akülü Vidalama Matkap + 84 Parça Aksesuar Set,3399.9,05,0.0,0.0,0.0,0.0
Bits Ucu 3 Adet,32.99,05,0.0,0.0,0.0,
Şarjlı Darbeli Matkap 58 volt çift akülü Şansımanlı Torklu Matkap Duvar Beton Ahşap delme vidalama,1220.0,05,0.0,0.0,0.0,0.0
Akülü Vidalama Şarjlı Tornavida Şarjlı Matkap Ixo 7 + Bosch 46 Parça Cırcır Tornavida Vidalama Ucu,3999.0,05,2.564760194921775,33.300000000000004,14.289797084881394,33.300000000000004
10mm Mke Vidalama,1120.0,05,0.0,0.0,0.0,0.0
Bit Driver Extender Steel,1710.0,05,,,-12.307692307692308,
Profesyonel 18v Çift Akülü Vidalama Matkap Budama Makası Budama Testeresi 3&#039;lü Set,4799.9,05,0.0,0.0,,0.0
Rtrmax Rtx3050b Akülü 18v 230nm Torklu Vi̇dalama *aküsüz Satilmaktadir*,3678.86,05,0.0,0.0,0.0,1.5998652279939214
Professional 43 Parça Vidalama Ucu Seti -2607017164,1951.0,05,-0.40837161817253703,-0.40837161817253703,0.2569373072970195,3.8318254390633313
Şarjli Tornavi̇da 13 Parça Set 3.6v 1.5ah Rdx-3085,588.61,05,0.0,0.0,0.0,0.0
Tp-cd 18/50 Li I Bl Kömürsüz Çift 2 Ah Akülü Darbeli Matkap + Kwb 32 Parça Bits Uç Seti,7549.0,05,0.0,0.0,0.0,0.0
Professional Gbh 2-26 Dre Kırıcı Delici Matkap - 0611253703,7490.0,05,0.0,0.0,0.0,-4.979264166526057
10mm Dwe Vidalama,1120.0,05,0.0,0.0,0.0,0.0
Alçıpan Vidalama Mke,1867.0,05,0.0,0.0,0.0,0.0
Cheli̇kbei̇ Dokuzlu Set (power Bank &amp; Led + Kırıcı Delici Matkap+avuç Taşlama+somun Sıkma+vidalama+sunta Kesme+dekupaj+budama Testeresi+budama Makası),12950.0,05,0.0,0.0,0.0,0.0
Rtrmax Rtx3050 Kömürsüz 18V Akülü 230NM Vi̇dalama,8529.0,05,0.0,0.0,0.0,-7.334472684366804
Set 08 Şarjlı 3’lü Makine Seti S-lion Çantalı,15469.0,05,0.0,0.0,0.0,-4.241562096273477
Rtm350 Şarjlı Matkap,2827.85,05,0.0,0.0,0.0,1.599887903654619
Gtb 650 Alçipan Vidalama,5418.0,05,-0.2944423997055576,-0.3677822728944465,0.14787430683918668,3.239329268292683
Dx72 Akülü Somun Sikma,13053.79,05,0.0,0.0,0.0,0.0
Professional Gsb 185-li 2.0 Ah Tek Akülü Kömürsüz Motor Darbeli Matkap + 23 Parça Aksesuar Set - 06019k3102,8046.19,05,0.0,0.0,0.0,0.0
Ph2 X 127 Mm Ekstra Uzun Yıldız Bits Uç Cb/1272,272.0,05,0.0,0.0,0.0,0.0
1/4&#034; Bitsler Için 3/8&#034; Lokma Adaptörü  Bt/8003,340.0,05,0.0,0.0,0.0,
Haispro Rb-db2109 Profesyonel Darbeli Matkap 21 V 2x4.0 Ah Çift Akülü 150 Nm Yüksek Tork,14300.0,05,0.0,0.0,0.0,
Vidalama Köşe Adaptörü Shockwave-4932471274,1729.99,05,0.0,0.0,-7.961630950607567,0.0
Gsb 18V-90 C Solo Darb Delme/Vid,13574.99,05,0.0,0.0,0.0,0.0
Akülü Vidalama Şarjlı Tornavida Şarjlı Matkap Ixo 7 .nesil + Bosch 32 Parça Vidalama Ucu Seti,3299.0,05,0.0,0.0,0.0,0.0
T9 49 Mm 1&#039;li Torx Bits Uç Extrahard 2607001630,270.0,05,0.0,0.0,0.0,0.0
Bits Uç Ph1/2/3 25 Mm 3&#039;lü Set Extrahard 2607001752,294.0,05,0.0,0.0,0.0,0.0
Gsb 18V-150 C Akülü Darb Delme/Vid,42000.0,05,0.0,0.0,0.0,0.0
Shockwave Bits Uç Seti Karışık 32 Parça,1200.0,05,0.0,0.0,0.0,0.0
25 Parça Vidalama Seti (tornavida Fonksiyonlu Kutu),520.0,05,0.0,0.0,0.0,0.0
Gtb 185-li Akülü Alçıpan Vidalama (solo),7443.0,05,0.0,0.0,0.0,
Tomax Yıldız Bits Uç Ph2x100 Mm (10 Adet),893.99,05,0.0,0.0,0.0,0.0
Gsb 185 Lı Darbeli Kömürsüz Matkap Vidalama 16 Parça Uç Seti Hediye,8499.0,05,0.0,0.0,0.0,0.0
21v Çift Akülü 4 Başlıklı Kömürsüz Motor Şarjlı Akülü Vidalama,3799.9,05,0.0,0.0,0.0,0.0
Şarjlı Vidalama Gsr 120 Li Çift Akülü,6331.0,05,-0.3619767075857728,-0.3619767075857728,0.1899034657382497,3.1107491856677525
Impact Çift Taraflı Vidalama Uç Pz2 65mm 8li,522.49,05,0.0,0.0,13.832244008714598,13.832244008714598
Gsr 18V-150 C Akülü Delme/Vid,31999.0,05,7.3827980804725,,7.3827980804725,7.3827980804725
Gtb 185-Lı Akülü Vidalama,14799.0,05,5.714693906707622,5.714693906707622,,
12v Metal Şanzıman Çift Akülü Bakır Sargı Akülü Vidalama Şarjlı Matkap,1249.9,05,0.0,0.0,0.0,0.0
Akülü Vidalama Mw24b,2214.0,05,0.0,0.0,0.0,0.0
Psd 2228 Şarjlı Vidalama 4v 1500 Mah 30 Parça Uç Seti,1199.0,05,0.0,0.0,0.0,
Pst222 Şarjli Vi̇dalama Tornavi̇da,4240.92,05,,,,
İki̇li̇ Set Mk350 (ş.dekupaj+s.sikma),4035.0,05,0.0,0.0,0.0,0.0
"Çift Taraflı Uç Ph1/pz1-0,60/1,0 Mm 3&#039;lü Çift Taraflı 2607001745",403.0,05,0.0,0.0,0.0,0.0
Te-cd 18/50 Li-i Bl Solo Kömürsüz Akülü Darbeli Matkap - 4513942,3349.0,05,0.0,0.0,0.0,9.839291571006887
Alçıpan Vidalama Bse,1867.0,05,0.0,0.0,0.0,0.0
Qui̇x  Mıknatıslı Yıldız Uç Pz  2*65 Mml  ( 10 Adet),775.0,05,0.0,0.0,0.0,0.0
X-line Premium Delme Ve Vidalama Ucu Aksesuar Seti 49 Parça- 2608p00233,1253.0,05,-0.39745627980922094,-0.39745627980922094,0.24,5.205709487825357
Gsb 183 Li 2 Ah Takip Göstergeli Çift Bataryalı Akülü Vidalama,8999.0,05,0.0,,,0.0
21901 Köşe Delme Vidalama Aparatı 10 Mm,1242.57,05,0.06361835429785982,0.5226072113323278,,
12v Çift Akülü Darbeli Şarjlı Matkap Dijital Göstergeli Akülü Vidalama,1399.9,05,0.0,0.0,0.0,0.0
Yedi̇li̇ Set (powerbank&amp;led+ Ş.hilti+ş.spral+s.sıkma+13mm Ç.mandren+ş.dekupaj+sunta Kesme),10780.0,05,0.0,0.0,0.0,0.0
Gsb 18v-45 Çift Akülü 2.0 Ah Darbeli Vidalama + 63 Parça Aksesuar Seti,10230.0,05,-0.3603779098081231,-0.3603779098081231,0.1272389155329353,0.5800806213744961
Mclaren Dcf85mp2t-qw 18v 2x5ah Akülü Darbeli Vidalama,16991.0,05,-0.14105201292976785,-0.14105201292976785,1.269519609011801,2.109375
Gsr 18v-45 Akülü Vidalama + Gws 18v-8 Akülü Taşlama 2x4.0ah Akülü Kombo Set - 0615a5007n,20578.0,05,-0.3438423168192164,-0.3438423168192164,0.1801275497784918,2.7256389776357826
Bosch Pro Impact 1/4&#034; Mıknatıslı 300 Mm Bits Uç Uzatma Adaptörü 2608522561,1074.49,05,,,,
Profesyonel 12v Çift Akülü Vidalama 84 Parça &amp; 12 Köşe 360° Lazer Hizalama Set,2999.9,05,0.0,0.0,0.0,0.0
12 Volt 3 Pilli Yedek Akü,359.9,05,0.0,0.0,0.0,0.0
Atbl 21 2&#039;li̇ Kömürsüz Set Akülü Matkap + Taşlama - A0104099,5298.46,05,0.0,0.0,0.0,0.0
13mm Bse Vidalama,1621.0,05,0.0,0.0,0.0,0.0
Professional Gbh 12-52 D Kırıcı Delici Matkap - 0611266100,53492.0,05,-0.2294134104261867,-0.2870670693061924,0.11416593363403268,0.30564983404901647
Bcf611sck-qw Silver Series Şarjlı Tornavida Hızlı Şarj 3.6v 1.6 Ah 5.5nm,1101.0,05,-0.1813236627379873,-0.8108108108108109,2.2284122562674096,0.0
Bosch 35 Parça Ahşap Matkap Ucu Ve Bits Uç Seti 2607017725,1546.0,05,-16.970998925886143,-0.19367333763718528,-7.202881152460984,
Shockwave 56 Parça Bits Uç Seti-4932492006,1951.0,05,-0.9644670050761422,-0.3065917220235054,0.46343975283213185,
Gsr 18v-90 C Çift Akülü 5 Ah Vidalama Makinesi,21457.0,05,-0.3436904927778552,-0.3436904927778552,0.13533694231846183,0.5765444829849067
Wera 784 C/1 Bits Adaptör 1/2&#034; X 1/4&#034; 05042760001,1500.0,05,0.0,0.0,,
Tırpan Yedek Bıçak Seti 23cm F016800631,1614.99,05,0.0,,,
Partner 21909 Esnek Flexible Şaft 1380 Mm Vidalama Aparatı,920.42,05,0.06414228716174925,,,
Bosch Pro Impact 8 Parça Kare (robertson) Bits Uç Seti 2608521u58,931.0,05,0.0,0.0,,
Bosch Pro Impact Pz2 150 Mm Yıldız Vidalama Ucu 2608522548,407.49,05,0.0,,-11.798701298701298,
Bosch Pro Impact Ph2 150 Mm Yıldız Vidalama Ucu 2608522525,407.49,05,0.0,,0.0,0.0
Gsr 18V-150 C Solo Delme/Vid,16091.0,05,0.0,0.0,0.0,
Deb Mıknatıslı Bits Uç Tutucu 2608522354,477.0,05,0.0,0.0,,
Tp-cd 18/60 Li-i Bl Solo Akülü Darbeli Vidalama + 2 X 2.5 Ah Starter Kit Akü,6575.0,05,0.0,,,0.0
Tp-cd 18/60 Li-i Bl Solo Akülü Darbeli Vidalama + 2 X 4 Ah Starter Kit Akü,7549.0,05,0.0,0.0,,
Ceta Lokma Adaptörü 1/4&#034; - 1/4&#034; X 50mm Bt/7015,215.0,05,0.0,0.0,,0.0
Pz2 89 Mm 3&#039;lü Yıldız Vidalama Ucu Extrahard 2607001583,471.0,05,0.0,,,
Şarjlı Yedek Batarya 21v,759.9,05,0.0,,0.0,0.0
12v Type-c Usb Şarjlı Matkap Dahili Batarya Akülü Vidalama,1399.9,05,0.0,0.0,0.0,
Plus 12v Usb Şarjlı Matkap Vidalama Dahili Batarya,1399.9,05,0.0,0.0,0.0,0.0
Plus 12v Dahili Batarya Akülü Vidalama Şarjlı Matkap,1399.9,05,0.0,0.0,0.0,
12v Dahili Batarya Şarjlı Matkap Akülü Vidalama,1399.9,05,0.0,0.0,0.0,
Tomax Ph2 Yıldız Bits Sıkma Vidalama Ucu 50 Mm X 5 Adet,269.95,05,0.0,0.0,0.0,
Milwaukee Bits Yıldız Uç Vidalama Matkap Ucu Pz2 x 50mm -10 Adet,747.9,05,0.0,0.0,0.0,0.0
"Iw20x-700 Darbeli Somun Sıkma Kömürsüz, 700nm Akü Ve Şarj Cihazı Hariç",9000.0,05,0.0,2.564102564102564,2.564102564102564,2.564102564102564
Hd20s‑50 Akülü Darbeli Matkap Akü Ve Şarj Cihazı Hariç,3000.0,05,0.0,2.0408163265306123,2.0408163265306123,2.564102564102564
Hd20x-60tt Akülü Darbeli Matkap Kömürsüz 60nm 1x2ah,7320.0,05,0.0,1.0101010101010075,2.564102564102564,2.564102564102564
Dd20s-40tt 20v Akülü Matkap 40nm 2 Vites Led 2.0ah + Şarj,5580.0,05,0.0,2.564102564102564,2.564102564102564,2.564102564102564
Rtl80180 Bordo 180 Nm Vi̇dalama,9650.0,05,0.0,0.0,0.0,0.0
Hpa0416 Şarjlı Tornavida 4v 1.3ah 4nm 200 Dev/dk 1/4” Hex Lokmalı Set,1500.0,05,0.0,1.0101010101010102,1.0101010101010102,2.564102564102564
Cheli̇kbei̇ 13mm Çelik Mandren Vidalama Mk36,2786.0,05,0.0,0.0,0.0,0.0
"Cat Power 1350 Akülü Vidalama Makinesi 20 V 2,0 Ah",5852.62,05,0.0,,0.0,0.0
1360 16 V Li-ion 2.0 Ah Kömürsüz Akülü Vidalama,4935.69,05,0.0,0.0,0.0,0.0
Gdr 18v-220c + Gsr 18v-90c Vidalama + 2x4 Akü Kombi Seti,26370.0,05,0.0,0.0,0.0,0.0
Gsb 18v-110 C 2x4.0ah Darbeli Vidalama,32375.0,05,0.0,0.0,0.0,0.0
4150 Kömürsüz 20v 4.0ah Li-ion 3 Akülü 5&#039;li Set - Darbeli Vidalama - Kırıcı Delici - Avuç Taşlama - Somun Sıkma Ve Torklu,30917.22,05,0.0,0.0,0.0,0.0
Cat Power 1410 Akülü Fayans Titreşim Makinası 20 Volt,5086.47,05,0.0,0.0,0.0,0.0
Professional Gsh 500 Kırıcı,24747.0,05,0.0,0.0,0.0,0.0
Üçlü Set Mk800 2b1ş (ş.spral+s.sikma+ş.hi̇lti̇),6616.0,05,0.0,,0.0,
Ennalbur M6 Çektirme ( 4 Adet ),213.75,05,0.0,0.0,0.0,0.0
Ennalbur M20 Çektirme ( 2 Adet ),998.77,05,0.0,0.0,0.0,0.0
Ennalbur M0 Çektirme ( 2 Adet ),223.37,05,0.0,0.0,0.0,0.0
Catpower 3501 Dik Freze 8-12 Mm Pens,8341.85,05,0.0,0.0,0.0,0.0
Ennalbur M8 Çektirme ( 4 Adet ),284.19,05,0.0,0.0,0.0,0.0
İzeltaş 1114065016 M16  1/2&#034; Lokmalı ( Ribe ) Bits Uç,779.02,05,0.0,0.0,0.0,0.0
Ennalbur M14 Çektirme ( 2 Adet ),437.32,05,0.0,0.0,0.0,0.0
Einhell Tc Bj 900 Yassı Dübel Frezesi 860 Watt,5706.46,05,0.0,0.0,0.0,0.0
Atbl 16 Id-202c 2x2.0 Ah Çift Akülü Kömürsüz Darbeli Vidalama 16v - A0104084,3216.8,05,0.0,0.0,0.0,0.0
Tech  Akülü Vidalama Dt02d,8995.0,05,0.0,0.0,0.0,
Kl Pro Klha403 1/2&#039;&#039; Profesyonel Havalı Darbeli Somun Sıkma/sökme,2010.95,05,0.0,0.0,0.0,1.6000767956024449
"Tc-cd 18/35 Li Vidalama (1x1,5ah) (4513914) Kırmızı",5388.0,05,0.0,,0.0,0.0
Professional Tp-cd 18/50 Li-i Bl ( 2ah + 4ah ) Akülü Darbeli Vidalama + Einhell  Vidalama Uç Seti 42 Parça M-case Kutu,10158.7,05,0.0,0.0,0.0,0.0
Pro-atbl 18 Id2-202c 20v 2 Ah Çift Akülü Darbeli Vidalama - A0104077,6727.09,05,0.0,0.0,0.0,0.0
"Professional Tp-cd 18/70 Li-i Bl (2x2,0ah)  Akülü Darbeli Vidalama  + Einhell Vidalama Uç Seti 42 Parça M-case Kutu",8868.0,05,0.0,0.0,0.0,0.0
Professional Gsb 18v-150 C Akülü Darbeli Delme Vidalama 2x8 Ah - 06019j5105,36125.0,05,0.0,0.0,0.0,0.0
Professional Tp-cd 18/50 Li-i Bl ( 2ah + 4ah ) Akülü Darbeli Vidalama Compact Sistem  - 4514217,8230.5,05,0.0,0.0,0.0,0.0
Cat Power 1560 Kömürsüz Makine Seti 6 Parça,22771.07,05,0.0,0.0,0.0,0.0
İzeltaş 10mm T Kol Lokma Uçlu Tornavi̇da,409.8,05,0.0,0.0,0.0,0.0
İzeltaş Ph2 25mm Yildiz Bi̇ts Uç,77.5,05,0.0,0.0,0.0,0.0
İzeltaş 4x150 Elektroni̇kçi̇ Düz Uçlu Klemens Tornavi̇da,271.2,05,0.0,0.0,0.0,0.0
İzeltaş T27 50mm Torx Bi̇ts Uç,102.8,05,0.0,0.0,0.0,0.0
Tech Akülü Vidalama Dt03d,11715.0,05,0.0,0.0,0.0,0.0
Tech Akülü Vidalama Dt01d,6818.0,05,0.0,0.0,0.0,
Voltz  60 Nm 20 Volt Çift Akülü 5 Amper Profesyonel Akülü Matkap Vidalama,9999.99,05,0.0,0.0,,
Cheli̇kbei Beşli̇ Set Mw350r (10mm Ç.mandren+s.sıkma+ş.spral+ş.hilti+budama),7372.0,05,0.0,0.0,0.0,0.0
Alçıpan Vidalama Dw24,4868.0,05,0.0,0.0,0.0,0.0
İzeltaş 6x200 Ph2 Kraft Seri̇ Yildiz Uçlu Tornavi̇da,406.5,05,0.0,0.0,0.0,0.0
İzeltaş 1.2x6.5 50mm Düz Bi̇ts Uç,91.8,05,0.0,0.0,0.0,0.0
İzeltaş 6.5x25 Kraft Seri̇ Düz Uçlu Topaç Tornavi̇da,197.4,05,0.0,0.0,0.0,0.0
Yuvarlak Yıldız Bist Uç Ph2/150mm,2370.0,05,0.0,0.0,,0.0
Beşli Set Mw350r (10mm Ç.mandren+s.sıkma+ş.spral+ş.hilti+budama),9030.0,05,0.0,0.0,,0.0
Yuvarlak Yıldız Bist Uç Ph2/50mm,2370.0,05,0.0,,,0.0
Dörtlü Set Mw350r (10mm Ç.mandren+s.sıkma+ş.spral+ş.hilti),8197.0,05,0.0,0.0,0.0,0.0
Torklu Vidalama Ht,3452.0,05,0.0,,,0.0
Torklu Vidalama Red,3452.0,05,0.0,0.0,,0.0
Yuvarlak Yıldız Bist Uç Ph2/75mm,2370.0,05,0.0,,,0.0
Yuvarlak Yıldız Bist Uç Ph2/100mm,2370.0,05,0.0,,,0.0
Torklu Vidalama Asker Yeşili,3452.0,05,0.0,,,0.0
Cheli̇kbei̇ Beşli Set Mk350 (budama Testeresi 10mm Ç.mandren+s.sıkma+ş.spral+ş.hilti),7363.0,05,0.0,,,0.0
Tech Akülü Vidalama Dt04d,15524.0,05,0.0,0.0,0.0,
16’li Set – Atbl 16 Id-202c Kömürsüz Darbeli Vidalama + Atbl 16 Pd-202c 16v Kömürsüz Darbeli Matkap 2x2.0ah Çift Akülü - A0,4847.93,05,0.0,0.0,0.0,0.0
Changer 18650 Pil Şarj Cihazı,312.32,05,0.0,0.0,0.0,
İzeltaş 8x175 Kraft Seri̇ Düz Uçlu Tornavi̇da,383.4,05,0.0,0.0,0.0,0.0
İzeltaş 3x40 Kraft Seri̇ Düz Uçlu Tornavi̇da,165.5,05,0.0,0.0,0.0,0.0
"Psb 18 Li-2 Ergo Akülü Delme Vidalama (2,5ah Çift Akü) - 06039b0301",13108.0,05,0.0,0.0,0.0,0.0
İzeltaş 3x60 T7 Elektroni̇kçi̇ Torx Uçlu Klemens Tornavi̇da,196.3,05,0.0,0.0,0.0,0.0
İzeltaş 3.5x60 T10 Elektroni̇kçi̇ Torx Uçlu Klemens Tornavi̇da,196.3,05,0.0,0.0,,0.0
İzeltaş 13mm T Kol Lokma Uçlu Tornavi̇da,471.1,05,0.0,0.0,0.0,0.0
Ennalbur M16 Çektirme ( 2 Adet ),581.08,05,0.0,0.0,0.0,0.0
Ennalbur M12 Çektirme ( 2 Adet ),352.95,05,0.0,0.0,0.0,0.0
10mm Yellow Kömürsüz Vidalama,2786.0,05,,,,
Impact Ctrl Vidalama Çifttaraf 8li Set 110mm,737.1,05,0.0,0.0,,0.0
Pt-21905 Köşe Delme Vidalama Aparatı Mandren 10mm 3/8&#034;,665.46,05,0.0,0.0,0.0,0.0
Tp-cd 18 Li-i Bl - Solo Akülü Darbeli Vidalama - 4513860,4488.0,05,0.0,0.0,,0.0
X-line 76 Parça Profesyonel Aksesuar Seti 2608p00234,4237.5,05,0.0,0.0,0.0,0.0
X-line 40 Parça Titanyum Karışık Aksesuar Seti 2607019600,921.4,05,0.0,0.0,0.0,0.0
Impact Çift Taraflı Vidalama Ucu Pz2150mm3lü,534.49,05,0.0,0.0,,0.0
4140 20v Lion Şarjlı Matkap/akülü Vidalama (2 Akülü),5454.15,05,0.0,0.0,0.0,0.0
Klpro Klav60266 500watt Profesyonel Alçı Panel Tornavidası,2810.16,05,0.0,0.0,0.0,1.5998351356334806
Alçıpan Vidalama Dwe,1867.0,05,0.0,0.0,,0.0
Te-cd 18/40 Li Bl-solo Akülü Vidalama,3048.0,05,0.0,0.0,,0.0
Atb 21 Blpdx-202c  2 X 2.0 Ah Çift Akülü Kömürsüz Darbeli Matkap - A0104098,2756.78,05,0.0,0.0,0.0,0.0
Tp-cd 18/60 Li-i  Bl - Solo Akülü Darbeli Vidalama - 4514205,4025.0,05,0.0,5.921052631578947,0.0,0.0
Gsb 18v-28 Akülü Darbeli Vidalama,3962.14,05,0.0,0.0,0.0,0.0
RTM332T Akülü Vi̇dalama 12v 1.3ah 22nm Tek Akü,1527.18,05,,0.0,0.0,-5.407899708267004
Rtrmax Rtm332,2160.74,05,,0.0,0.0,-0.3449834426395854
Rtrmax Rtx2026b 18v Kömürsüz Akülü Alçipan Vi̇dalama,4236.22,05,,0.0,0.0,0.3762730017012873
Rtm332T 12v 1.3 Ah Li-ion Tek Akülü Vidalama Ve Şarjlı Matkap (PVC Çantalı),2646.31,05,0.0,0.0,0.0,1.5998372135880612
Set 010  Şarjlı 4’lü Makine Seti S-lion Çantalı,17499.0,05,0.0,0.0,0.0,-4.601002237370627
Set 01 Şarjlı 2’li Makine Seti S-lion Çantalı,8439.0,05,0.0,0.0,0.0,-5.841004184100418
Rtrmax  Rtsset04  Şarjlı 4’lü Makine Seti S-lion Çantalı,17549.0,05,0.0,0.0,0.0,-3.781677781292884
"Rtx Set43 Xli̇on 2li̇ Set Rtx3010b,rtx2055b,rtx1802,rtx1804,rtx1809,rtx1015",10588.44,05,0.0,0.0,0.0,1.6000284023032731
Rtrmax Rtm3516 Akülü Kömürsüz Darbesi̇z 16.8v 2 Ah. 50nm Çi̇ft Akü Vi̇dalama Matkap,4128.84,05,0.0,0.0,0.0,1.5999724397242
"Rtrmax Set 46  Xli̇on 4lü Set Rtx3010b,rtx2028b,rtx2095b,rtx3060b,rtx1802,2x Rtx1804,rtx1809,rtx1019",20648.45,05,0.0,0.0,0.0,1.599987797245336
"Rtx Set41 Xli̇on 2li̇ Set Rtx1820b,rtx2055b,rtx1802,rtx1804,rtx1808,rtx1015",9211.8,05,0.0,0.0,0.0,1.6000255880565508
SET055: Rtx3010b Akülü Kömürsüz 18v 70nm Darbeli̇ Matkap+ Rtx3060b Akülü Kömürsüz 18v 125mm Devi̇r Ayarli Avuç Taşlama,14131.9,05,0.0,0.0,0.0,-0.9060999416595692
"Rtx Set 45 Xli̇on 4lü Set Rtx3010b,rtx3050b,rtx2095b,rtx3060b,rtx1802,2x Rtx1804,rtx1809,rtx1019",20542.55,05,0.0,0.0,0.0,1.599976260012216
"Rtx042 Xli̇on 3lü Set Rtx1820b,rtx2095b,rtx2055b,rtx1802,2x Rtx1804,rtx1808,rtx1019",15459.6,05,0.0,0.0,0.0,1.6000115666654022
"Rtx Set 44 Xli̇on 3lü Set Rtx3010b,rtx2095b,rtx3060b,rtx1802,2x Rtx1804,rtx1809,rtx1019",16942.13,05,0.0,0.0,0.0,1.6000292648057208
Rtrmax Alçıpan Vidalama Matkabı Rtm3110,2557.14,05,,0.0,0.0,1.6000031785511362
Rtx2022b Şarjlı Darbeli Vidalama Aküsüz,3775.55,05,,,0.0,1.6000688896124697
Rtrmax Rts5020 Akülü Torklu Vi̇dalama Kömürsüz 200nm 2x4 Ah Akü S-lion,7040.04,05,,0.0,0.0,1.600047336116734
Rtrmax Rts5020b Akülü Torklu Vi̇dalama Kömürsüz 200nm S-lion *aküsüz Satilmaktadir*,2858.18,05,,0.0,0.0,1.599974406097028
"Rtrmax  10&#039;lü Combo Set (rtx2095b,rtx2028b,rtx3010b,rtx3050b,rtx1004,4 Ad Rtx1804p Yeni̇ Nesi̇l Akü ,2 Ad Rtx1808 Şarj Ci̇hazi)",29899.0,05,,0.0,0.0,1.5999986407572293
Gdr 18v-220 C Çift Akülü 5 Ah Darbeli Somun Sıkma Makinesi,24089.0,05,-0.4010584635739684,-0.43399189881788874,-0.7907417322186071,1.4359103924541015
Dck2200h2t 18v 2x5.0 Ah Akülü 2&#039;li Set,36373.0,05,-0.29331140350877194,-0.29331140350877194,0.1597136169626876,0.3144046995228771
Gsr 18v-45 Çift Akülü 2.0 Ah Vidalama + 63 Parça Aksesuar Seti,10973.0,05,-0.7237853976296028,-0.45359702440351996,0.8269778553707618,4.405328258801141
Professional Gws 24-230 Jz Büyük Taşlama Makinesi,9329.0,05,-0.373771892353695,-0.42693990820791977,0.582210242587601,1.4462809917355373
İzeltaş Pz1 50mm Pozi̇dri̇v Bi̇ts Uç,196.0,05,90.6614785992218,90.6614785992218,90.6614785992218,90.6614785992218
İzeltaş Ph2 50mm Yildiz Bi̇ts Uç,192.0,05,-0.5181347150259068,-0.5181347150259068,0.5235602094240838,0.5235602094240838
İzeltaş Pz2 50mm Pozi̇dri̇v Bi̇ts Uç,196.0,05,0.0,0.0,0.5128205128205128,
İzeltaş 6x150 Opak Seri̇ Düz Uçlu Tornavi̇da,353.0,05,-0.2824858757062147,-0.2824858757062147,0.2840909090909091,
Dt70818-qz 7 Adet 57mm Yildiz Karişim Çubuğu Flextorq,648.0,05,-0.3076923076923077,-0.3076923076923077,0.46511627906976744,1.25
Grc 18v-60 Akülü Köşeli Somun Sıkma 2x2.0 Ah,15270.0,05,0.8986388264834149,-1.113845356819065,2.126805778491172,
Gsb 18v-65 + Gws 18v-11 + Gbh 18v-24 C 3x5.0ah,41595.0,05,-0.09127374918934499,0.0938492636442391,0.014426891726177594,3.387850467289719
Dt7507-qz 9 Parça Lokma Anahtar Uç Seti,3680.0,05,-0.40595399188092013,-0.40595399188092013,0.13605442176870747,0.43668122270742354
Grc 18v-60 Akülü Darbeli Somun Sıkma,5824.0,05,-0.3081136597055803,-0.376325692781389,0.1892310338895579,3.225806451612903
Sfmcf830d2k-qw 203nm Drbli Tornv,11169.0,05,-0.2945902517407606,-0.36574487065120426,-6.917243103591966,
Professional Gsb 120-li 2.0ah Çift Akülü Delme Vidalama Makinesi - 06019g8100,6552.0,05,-1.9161676646706587,-4.587155963302752,-1.4736842105263157,
Sfmck217m1s Matkap + Somun Sıkma Seti,11363.0,05,-0.8118016759776535,-0.026394509941932078,0.3532632694515588,2.5356433856704568
Black+decker Revdd12altb Reviva 12 V Matkap,2482.0,05,-0.2010454362685967,1.306122448979592,1.306122448979592,2.56198347107438
"Einhell Tp-cd 18/60 Li-i Bl Akülü Vidalama 2x4,0 Ah Akülü",9108.0,05,-0.28465075541931245,-0.36101083032490977,0.1869981300186998,-0.06583278472679394
"Professional Tp-cd 18/70 Li-i Bl (2x2,0ah)  Akülü Darbeli Vidalama - 4514316",8022.0,05,-0.28589185829707897,-3.604902667627974,0.19985011241568823,0.601956358164033
Aeg Bsb 18c3bl-402c 18 V Çift Akülü 4 Ah Darbeli Matkap,19487.0,05,-0.27634205004861573,-0.34264089188912755,0.17993008431009663,0.5728736581337738
Pz1 49 Mm 3&#039;lü Yıldız Vidalama Ucu Extrahard 2607001575,331.0,05,0.0,0.0,0.0,0.0
Gtb 650 Vidalama Makinesi 650 Wat,5418.0,05,-0.3677822728944465,-0.3677822728944465,0.2034399852043647,3.239329268292683
Ph1 89 Mm 3&#039;lü Yıldız Bits Uç Extrahard 2607001533,433.0,05,-2.2573363431151243,-2.2573363431151243,1.8823529411764703,0.9324009324009324
V-line 91 Parça Vidalama Ve Matkap Ucu Aksesuar Seti - 2607017195,1964.0,05,-0.4056795131845842,-3.44149459193707,-2.0937188434695915,0.9768637532133676
Dw268k Elektrikli Torklu Matkap Vidalama 540 Watt,19110.0,05,0.0,0.0,0.0,6.00765518389083
18v 2a Şarjlı Vidalama Dcd708d2t Kömürsüz,12403.0,05,-0.25733815842380375,-0.25733815842380375,0.7472991633498498,-0.6329113924050633
Pst 107 Kit Şarjlı Tornavida,1471.0,05,-0.1357773251866938,-0.1357773251866938,0.06802721088435373,1.1691884456671253
Dcf961nt Aküsüz Somun Sıkma,18156.0,05,2.744609812687454,-0.132013201320132,-0.01101442890186144,3.6183084122817033
Kress Kuc30 20volt/4.0ah Li-ion Çift Akülü Kömürsüz Profesyonel Şarjlı Darbeli Matkap,13912.37,05,0.0,0.0,0.0,0.0
Wx252 4volt/1.5ah. Li-ion Şarjlı Tornavida + 10 Adet Bits Uç,2294.7,05,0.0,0.0,0.0,0.0
Dx71 Torklu  Vi̇dalama,11120.46,05,0.0,0.0,0.0,0.0
Kress Kuc30.91 20volt Kömürsüz Profesyonel Şarjlı Darbeli Matkap (akü Dahil Değildir),8298.74,05,0.0,0.0,0.0,0.0
Kress Kua72.91 20volt Kömürsüz Profesyonel Şarjlı Matkap (akü Dahil Değildir),8313.89,05,0.0,0.0,0.0,0.0
Torq-set Uçlu No 1 X 25 Mm Bits Cb/861,218.0,05,,,,
Gsb 120-li Akülü Darbeli Delme/vidalama Makinesi 2x2.0ah Çift Akü Şarj Cihazı Plastik Çanta,7309.0,05,,,,
Atb 21 - 3&#039;lü Kombo Set-kömürsüz Motor- A0104170,10757.49,05,,2.9227898966704915,,
Gsb 18v-65 2x5 Ah Akülü Darbeli Matkap 06019n3103 18 watt,19957.49,05,,0.0,,
Stechend Sx17 Darbeli Akülü Vidalama Matkap 2 X 2ah,6400.0,05,,,,
T15 X 25 Mm Torx Bits Uç Renk Kodlu Cb/807tc,205.0,05,,,,
Pz  2 X 50 Mm Yıldız Bits Uç Renk Kodlu Cb/592tc,219.0,05,,,,
Ph2 X 90 Mm Darbeli Yıldız Bits Uç Cb/902tm,282.0,05,,,,
Ph1 X 150 Mm Ekstra Uzun Yıldız Bits Uç Cb/1521,300.0,05,,,,
T30 X 25 Mm Darbeli Torx Bits Uç Cb/811tm,208.0,05,,,,
T10 X 90 Mm Torx Bits Uç Uzun Cb/8094,239.0,05,,,,
T20 X 90 Mm Torx Bits Uç Uzun Cb/8096,239.0,05,,,,
T15 X 25 Mm Torx Bits Uç Cb/807,183.0,05,,,,
5 X 25 Mm Allen Bits Uç Renk Kodlu Cb/1850tc,201.0,05,,,,
Ph3 X 127 Mm Ekstra Uzun Yıldız Bits Uç Cb/1273,272.0,05,,,,
4.0 X 25 Mm Düz Bits Uç Renk Kodlu Cb/611tc,201.0,05,,,,
Ph2 X 110 Mm Ekstra Uzun Yıldız Bits Uç Cb/1102,248.0,05,,,,
Ph1 X 50 Mm Yıldız Bits Uç Renk Kodlu Cb/491tc,219.0,05,,,,
Ph2 X 50 Mm Yıldız Bits Uç Renk Kodlu Cb/492tc,219.0,05,,,,
Ceta Lokma Adaptörü 1/4&#034; - 1/4&#034; X 100mm Bt/7018,326.0,05,,,,
3 X 25 Mm Allen Bits Uç Renk Kodlu  cb/1830tc,201.0,05,,,,
T10 X 25 Mm Torx Bits Uç Cb/806,183.0,05,,,,
Ph1 X 25 Mm Yıldız Bits Uç Renk Kodlu Cb/251tc,201.0,05,,,,
T25 X 25 Mm Torx Bits Uç Renk Kodlu Cb/809tc,205.0,05,,,,
Pz  1 X 25 Mm Yıldız Bits Uç Renk Kodlu  cb/351tc,201.0,05,,,,
T20 50mm Darbeli Torx Bits Uç Cb/826tm,231.0,05,,,,
Pz  2 X 25 Mm Yıldız Bits Uç Renk Kodlu Cb/352tc,201.0,05,,,,
Ph2 X 150 Mm Ekstra Uzun Yıldız Bits Uç Cb/1522,300.0,05,,,,
Ph1 X 110 Mm Ekstra Uzun Yıldız Bits Uç Cb/1101,248.0,05,,,,
T25 X 90 Mm Torx Bits Uç Uzun Cb/8097,239.0,05,,,,
6 X 25 Mm Allen Bits Uç Renk Kodlu Cb/1860tc,201.0,05,,,,
T30 X 25 Mm Torx Bits Uç Renk Kodlu Cb/811tc,205.0,05,,,,
Ph2 X 70 Mm Ekstra Uzun Yıldız Bits Uç Cb/702,219.0,05,,,,
6 X 42 Mm Manyetik Lokma Bt/0642,245.0,05,,,,
7 X 42 Mm Manyetik Lokma Bt/0742,245.0,05,,,,
Ph3 X 25 Mm Yıldız Bits Uç Renk Kodlu  cb/253tc,201.0,05,,,,
"1,5 Mm Bits Allen (alyan) Uç 25 Mm Cb/1815",180.0,05,,,,
4 X 25 Mm Allen Bits Uç Renk Kodlu Cb/1840tc,201.0,05,,,,
1/4&#034; X 75 Mm Manyetik Bits Tutucu Bt/03,376.0,05,,,,
Pz 4 X 32 Mm Yıldız Uçlu Bits  cb/354,209.0,05,,,,
Pz 2 X 25 Mm Yıldız Uçlu Bits  cb/352,180.0,05,,,,
Pz  3 X 25 Mm Yıldız Bits Uç Renk Kodlu Cb/353tc,201.0,05,,,,
Ph3 X 110 Mm Ekstra Uzun Yıldız Bits Uç Cb/1103,248.0,05,,,,
Ph2 X 25 Mm Yıldız Bits Uç Renk Kodlu Cb/252tc,201.0,05,,,,
Ph3 X 70 Mm Ekstra Uzun Yıldız Bits Uç Cb/703,219.0,05,,,,
1/4&#034;  Lokma Adaptörlü Bits Tutucu Bt/01duo,819.0,05,,,,
Pz 0 X 25 Mm Yıldız Uçlu Bits  cb/350,180.0,05,,,,
Cat Power E5102 Akülü Vidalama 12 Volt,2303.4,05,,,,
Nttools Bits Uç Seti 1/4&#034; 38 Parça,920.0,05,,,,
Bits Manyetik Uç Tutucu 1/4 Hex 60mm Adt,269.49,05,,,,
Sp12v-4011 12v Li-ion Şarjlı Matkap,2213.76,05,,,,
Shock Wave Bits Uç Seti 70 Parça-4932492007,3298.79,05,,,,
Shock Wave 75 Parça Bits Uç Seti - 4932492008,3172.8,05,,,,
Uneo Maxx Çift Akülü Vidalama Sırt Çantası Buzluk Gözlük Yapıştırıcı Seti,15000.0,05,,,,
"Genpower Gbg 50ix Model 5 Kva, Benzinli, İpli   Açık Tip, Dijital İnverter Monofaze( 220 Volt) Portatif Jeneratör",23220.0,05,4.5004500450045,,4.5004500450045,4.5004500450045
"Hhy7250e Benzinli Monofaze Marşlı Jeneratör 7,5 Kva",47100.0,05,0.0,1.0101010101010102,1.0101010101010102,2.564102564102564
"Genpower Marka Gbg 130 E Model 13 Kva Benzinli, Marşlı, Tekerlekli, Monofaze Portatif Jeneratör",50970.0,05,0.0,,0.0,
"Power Lt10000 En 10,6 Kva İpli̇ Marşli Benzi̇nli̇ Jeneratör",34249.0,05,0.0,0.0,0.0,0.0
"Genpower Gbg 40 Model 4 Kva Benzinli ,i̇pli, Tekerleksiz Monofaze ( 220 Volt) Portatif Jeneratör",15555.0,05,0.0,,0.0,6.870491240123669
"Genpower Gbg 40 E Model 4 Kva Benzinli İpli / Marşlı, Tekerlekli, Monofaze  (220 Volt) Portatif Jeneratör",17570.0,05,0.0,,0.0,0.0
"Genpower Marka Gbg 30 Is Model 3 Kva, Benzinli, İpli, Tekerleksiz, Monofaze( 230 Volt) Inverter Jeneratör",22100.0,05,0.0,,0.0,
"Genpower Marka Gbg 110 E Model 10,5 Kva, Benzinli, Marşlı, Tekerlekli, Monofaze( 220 Volt) Portatif Jeneratör",43200.0,05,0.0,,0.0,
Genpower Gbg 50 Model 5 Kva Benzinli İpli Tekerleksiz Monofaze ( 220 Volt) Portatif Jeneratör,17560.0,05,0.0,,0.0,0.0
Hhy3300e Benzinli Marşlı Jeneratör 2.8 Kw,17700.0,05,0.0,1.0101010101010102,2.0408163265306123,2.564102564102564
Hhy960a Benzinli Çanta Jeneratör 1 Kva,7500.0,05,0.0,1.0101010101010102,1.0101010101010102,2.564102564102564
G3600ie Benzinli İnvertör Jeneratör 3.5kw,51000.0,05,0.0,1.0101010101010102,1.0101010101010102,2.564102564102564
"Genpower Gbg 4000 Model 4 Kva Benzinli ,i̇pli, Tekerleksiz Monofaze ( 220 Volt) Portatif Jeneratör",17000.0,05,0.0,,0.0,0.0
"Hhy3500e Benzinli Marşlı Jeneratör 3,8kva",25080.0,05,0.0,1.010101010101007,2.040816326530606,2.564102564102564
"Genpower Marka Gbg 110 Ie Model 11 Kva, Benzinli, Marşlı, Tekerlekli, Monofaze( 230 Volt) Inverter Jeneratör",54100.0,05,0.0,,0.0,
Lc3000i̇ İnverter Jeneratör | 2.5 Kw Sessiz Benzinli,37800.0,05,0.0,1.0101010101010102,2.564102564102564,2.564102564102564
"Genpower Marka Gbg 40ie Model 4 Kva, Benzinli, Marşlı  Açık Tip, Dijital İnverter Monofaze ( 220 Volt) Portatif Jeneratör",25165.0,05,0.0,,0.0,0.0
Hhy12000e-3 Trifaze Benzinli Jeneratör 10 Kw 380v Marşlı 27l Bakır Sargı,71100.0,05,0.0,1.0101010101010102,2.0408163265306123,2.564102564102564
"Gh10000ie Benzinli İnverter Jeneratör – 8,5 Kw Marşlı",60000.0,05,0.0,1.0101010101010102,2.0408163265306123,2.564102564102564
"Amc Power Benzinli Jeneratör Ipli 3,5kw Bt-3800 - 2627001",10846.73,05,0.0,0.0,0.0,
"Gbg 130 Te Model 13 Kva Benzinli ,i̇pli/marşlı Tekerlekli Trifaze (380 Volt) Portatif Jeneratör",51890.0,05,0.0,,0.0,
Portatif Benzinli Monofoze Jeneratör,13299.9,05,0.0,0.0,0.0,0.0
"Gbg 50ixe Model 5 Kva,start/stoplu,tekerleksiz Açık Tip, Dijital İnverter Monofaze (220 Volt) Portatif Jeneratör",26870.0,05,0.0,,0.0,0.0
"Genpower Gbg 15 Model 1.5 Kva Benzinli İpli, Tekerleksiz, Monofaze ( 220 Volt) Portatif Jeneratör",10335.0,05,0.0,,0.0,0.0
"Gbg 40i̇ Model 4 Kva, Benzinli, İpli, Tekerleksiz Açık Tip, Dijital İnverter Monofaze ( 220 Volt) Portatif Jeneratör",19895.0,05,0.0,,0.0,0.0
Genpower Gbg 15i̇ 1.5 Kva İpli Açık Tip Dijital İnverter Monofaze ( 220 Volt) Portatif Jeneratör,12660.0,05,0.0,,0.0,0.0
"Hhy10000ed 8000w Benzinli Jeneratör 220v / 380v Çift Voltaj, Sessiz Ve Güçlü",61200.0,05,0.0,2.564102564102564,2.564102564102564,2.564102564102564
"Hhy6500 Benzinli Jeneratör 5500 Watt İpli, Avr’li, Sessiz Çalışma",39300.0,05,0.0,2.0408163265306123,2.0408163265306123,2.564102564102564
"Hhy7250eas 6500w Benzinli Marşlı Jeneratör Otomatik Voltaj Ayarlı, Sessiz Çalışma",53340.0,05,0.0,1.010101010101013,2.564102564102564,2.564102564102564
"Lc3500i̇ Marşlı İnvertör Jeneratör 4,35 Kva – Sessiz, Taşınabilir, Güvenilir",53100.0,05,0.0,2.564102564102564,2.564102564102564,2.564102564102564
Hhy12000ed Dual Power Jeneratör 10 Kw 220v/380v Marşlı 27l Bakır Sargı,78900.0,05,0.0,1.0101010101010102,2.0408163265306123,2.564102564102564
Hhy12000e Benzinli Jeneratör 10 Kw Monofaze Marşlı 27l Bakır Sargı 2x32a,67500.0,05,0.0,1.0101010101010102,1.0101010101010102,2.564102564102564
Hhy4000e Benzinli Jeneratör 4.4 Kva Monofaze 220v Marşlı 15l Bakır Sargı,30300.0,05,0.0,2.0408163265306123,2.0408163265306123,2.564102564102564
G3500i İnverter Jeneratör 3.5 Kw 230v 50hz 8l 12v 13.9a İpli 26.5kg,46500.0,05,0.0,2.564102564102564,2.564102564102564,2.564102564102564
Oj3500 Benzinli Jeneratör 2.8kw İpli,15000.0,05,0.0,2.564102564102564,2.564102564102564,2.564102564102564
Hhy3300 Benzinli Jeneratör 2.8 Kw İpli,14400.0,05,0.0,1.0101010101010102,2.0408163265306123,2.564102564102564
"Hhy7250e-3 Benzinli Trifaze Marşlı Jeneratör 7,5 Kva",50100.0,05,0.0,2.564102564102564,2.564102564102564,2.564102564102564
"Hhy3500 Benzinli Jeneratör 3,5kva",21180.0,05,0.0,1.0101010101010066,2.564102564102564,2.564102564102564
Pezal Pgg2700x Benzinli Jeneratör İpli 3kw,18000.0,05,0.0,2.564102564102564,2.564102564102564,2.564102564102564
Dhy9500lek Dizel Marşlı Jeneratör 8kva,72000.0,05,0.0,2.564102564102564,2.564102564102564,2.564102564102564
"Lc10000das Benzinli Monofaze Marşlı Jeneratör 8,5 Kw",54000.0,05,0.0,2.564102564102564,2.564102564102564,2.564102564102564
Hhy10000e-3 Benzinli Jeneratör Marşlı Trifaze,54000.0,05,0.0,2.564102564102564,2.564102564102564,2.564102564102564
Hhy10000e Benzinli Jeneratör Marşlı Monofaze,54900.0,05,0.0,1.0101010101010102,2.564102564102564,2.564102564102564
Hhy4000 Benzinli Jeneratör 3.5 Kw İpli,23700.0,05,0.0,1.0101010101010102,2.0408163265306123,2.564102564102564
"6,5 Kva Dizel Jeneratör 380 Volt",56608.29,05,0.0,0.0,0.0,0.0
"Amc Power Benzinli Jeneratör Marşlı Ipli 3,5 Kva Bt3800-le - 2627002",16837.0,05,0.0,0.0,0.0,0.0
"Power Lt9000 En 9,75 Kva Benzinli Jeneratör Ipli Marşlı",31249.0,05,0.0,0.0,,0.0
Pa220jk Marşlı 200a Monofaze Benzinli Kaynak Jeneratörü - 112748,60737.5,05,0.0,0.0,0.0,0.0
"Pa950djk Jeneratör 8,1 Kva- 6,5 Kw Dizel Marşlı Monofaze 112612",57000.0,05,0.0,0.0,0.0,0.0
"power 3,5 Kva Benzinli Jeneratör(i̇pli̇)",16408.2,05,0.0,0.0,,0.0
"power 12,5 Kva Dizel Jeneratör 220 Volt",158424.0,05,0.0,0.0,,0.0
"12,5 Kva Dizel Jeneratör 380 Volt",164110.29,05,0.0,0.0,,0.0
Mp 3300 3 Kva İpli Benzinli Jeneratör 2750w 13 Lt,12899.0,05,0.0,0.0,0.0,0.0
Rtrmax Rtr3550 3.5kva / 2.8kw Benzi̇nli̇ Jeneratör,16966.18,05,0.0,0.0,0.0,1.5999760464698505
Rtrmax Rtr6500e 6.8kva / 5.5kw Benzi̇nli̇ Marşli Jeneratör,42177.39,05,0.0,0.0,-0.10532458778462427,1.492987334248549
Rtrmax Rtr9000e 9.4kva / 7.5kw Benzi̇nli̇ Marşli Jeneratör,50193.09,05,0.0,0.0,0.0,1.7000016412020262
Rtrmax Rtr3550e 3.5kva / 2.8kw Benzi̇nli̇ Marşli Jeneratör,21567.52,05,0.0,0.0,0.0,1.7000047154241544
Rtrmax Rtr9000e3 9.4kva / 7.5kw Benzi̇nli̇ Marşli Jeneratör,51247.79,05,0.0,0.0,0.0,-0.0603953761752452
Rtrmax Rtr6500e3 6.8kva / 5.5kw Benzi̇nli̇ Marşli Tri̇faze Jeneratör,42978.95,05,0.0,0.0,0.0,1.1593121563606135
Rtrmax Rtr8000e3 8.1kva / 6.5kw Benzi̇nli̇ Marşli Tri̇faze Jeneratör,51152.86,05,0.0,0.0,0.0,0.9107698814665595
Rtrmax Rtr8000e 8.1kva/6.5kw Benzi̇nli̇ Marşli Monofaze Jeneratör,51152.86,05,0.0,0.0,0.0,0.9107698814665595
Rtrmax Rtr3510 2.5 Kva Monofaze İpli Benzinli Jeneratör,20252.7,05,0.0,0.0,0.0,1.5999991973416072
"GBG 4000 E V3 Model 4 Kva Benzinli İpli / Marşlı, Tekerlekli, Monofaze (220 Volt) Portatif Jeneratör",18100.0,05,0.0,,0.0,0.0
Km4000-me Marşlı Benzinli Jeneratör,14869.0,05,-0.10749076251259657,-2.2804942166140907,0.05383217818450979,1.4048966787151334
Hais Cb2500i Profesyonel 1 Kw Kaynak Jeneratörü,18150.0,05,0.0,0.0,0.0,0.0
Energy Km8000me Marşlı Benzinli Jeneratör,36340.0,05,0.0,0.7293313612485409,1.2797648659548164,1.8362470904930288
Palmera Pa900jm Monofaze Marşlı Benzinli Jeneratör,40939.0,05,0.0,0.0,0.0,0.0
"Sg7100x Benzinli Trifaze Jeneratör 5,5kw - 5906229903",42700.8,05,0.0,0.0,,-1.8101545253863067
Di̇zel Jeneratör 5 Hp / 6.5 Hp / 7 Hp / 8 Hp  Motor  Egzoz Kople,2047.32,05,1.0752688172042997,1.0752688172042997,,1.0752688172042997
Sg2500i̇ İnvertörlü Portatif Benzinli Monofaze Mini Jeneratör 2 Kw - 5906226901,23494.08,05,0.0,0.0,,-1.454726960811042
3.2 Kw İnverter Benzinli Jeneratör Tp535006,38799.0,05,0.0,0.0,0.0,0.0
Sg3200x  Benzinli Jeneratör 3.5 Kva 2800 W - 5906226903,19188.12,05,0.0,0.0,,-1.8003162759277296
Pglg-9690 Benzinli Ve Lpg&#039;li Jeneratör,13299.0,05,0.0,0.0,0.0,
Mb6000 5.5kw 6.5kva 13bg 340cc 75kg Tekerli İpli Monofaze Benzinli Jeneratör,36500.0,05,0.0,0.0,0.0,0.0
Mb9000 7.5kw 9.5kva 17bg 458cc 90kg Tekerli Marşlı Monofaze Benzinli Jeneratör,45000.0,05,0.0,0.0,0.0,0.0
Germany 24 Volt Dc Jeneratör Otomatik Akü Şarj Jeneratörü,34464.15,05,0.06402048655570627,0.5223851212117192,0.9281873770031054,1.6972183878062965
Benzi̇nli̇ Jenaratör  3 Kw Marşli İpli̇ Bakir Sargi Monofaze,15999.0,05,0.0,0.0,0.0,0.0
Mb3500 2.5kw 3.1kva 6.5bg 168cc 35kg Tekerli İpli Monofaze Benzinli Jeneratör,15455.0,05,0.0,0.0,0.0,
Jeneratör TC-PG 1000,15598.7,05,0.0,0.0,0.0,
Pa350je Benzinli Jeneratör - İpli - 2.8 Kw,15329.0,05,0.0,0.0,0.0,0.0
"Rtrmax Rtr3500 Rother Benzinli Jeneratör 2,7 Kva",11619.99,05,0.0,0.0,0.0,0.0
Datsu Dbj4800 Monofaze İpli Benzinli Jeneratör,19539.0,05,0.0,0.0,0.0,0.0
Mp3600 E Benzinli Jeneratör Marşlı 2750 Kva,12244.8,05,0.0,0.0,-1.7901828681424505,-1.7901828681424505
"Genpower Gbg 50 E Model 5 Kva Benzinli İpli/marşlı, Tekerlekli, Monofaze ( 220 Volt) Portatif Jeneratör",22200.0,05,0.0,,0.0,
Tc-pg 10/e5 Jeneratör Benzinli,10469.99,05,0.0,0.0,0.0,0.0
Tc-pg 55/e5 Benzinli Jeneratör,39500.0,05,0.0,0.0,0.0,0.0
Tc-pg 65/e5 Benzinli Jeneratör,43500.0,05,0.0,0.0,0.0,0.0
Jeneratör 4 / 5 / 6.5 Kwa 6 Kablolu Yarim Ay Avr,1551.0,05,1.0752688172043012,1.0752688172043012,1.0752688172043012,1.0752688172043012
Jeneratör Hava Fi̇ltresi̇ Alt Gövde 4 / 5 / 6.5 / 7 / 8 Kva,1054.68,05,1.0752688172043037,1.0752688172043037,1.0752688172043037,1.0752688172043037
2hp / 2.5 / 3 / 3.5 Kva Jeneratör Karbüratörü,1302.84,05,1.0752688172042935,1.0752688172042935,1.0752688172042935,1.0752688172042935
Tüm Modeller 3 / 5 / 5.5 / 6.5 / 8 Kva Yakit Musluğu Büyük Somun,806.52,05,1.075268817204292,1.075268817204292,1.075268817204292,1.075268817204292
Jeneratör 4 / 5 / 6.5 Kwa 8 Kablolu Yarim Ay Avr,1551.0,05,1.0752688172043012,1.0752688172043012,1.0752688172043012,1.0752688172043012
Gx340 Gx390 Selonoi̇dli̇ Jeneratör Karbüratörü 6 Kva 6.5 Kva,2791.8,05,1.075268817204311,1.075268817204311,1.075268817204311,1.075268817204311
Et950 Ateşleyi̇ci̇ Üni̇te  Bobi̇ni̇ ( Cdi Unit ),1054.68,05,1.0752688172043037,1.0752688172043037,1.0752688172043037,1.0752688172043037
Gx340 / Gx390 Motor Karbüratörü Musluklu,1861.2,05,1.0752688172042986,1.0752688172042986,1.0752688172042986,1.0752688172042986
Jeneratör Hava Fi̇ltresi̇ Komple 4 / 5 / 6.5 / 7 / 8 Kva,1551.0,05,1.0752688172043012,1.0752688172043012,1.0752688172043012,1.0752688172043012
Jeneratör Hava Fi̇ltresi̇ Üst Gövde Kapak 4 / 5 / 6.5 / 7 / 8 Kva,1116.72,05,1.075268817204311,1.075268817204311,1.075268817204311,1.075268817204311
Ef950 Çanta Ti̇pi̇ Jeneratör Karbüratörü,1302.84,05,1.0752688172042935,1.0752688172042935,1.0752688172042935,1.0752688172042935
Et950 Volan İçi̇ Sargi Bobi̇ni̇,1054.68,05,1.0752688172043037,1.0752688172043037,1.0752688172043037,1.0752688172043037
Tüm Modeller 3 / 5 / 5.5 / 6.5 / 8 Kva Yakit Musluğu Küçük Somun,744.48,05,1.075268817204311,1.075268817204311,1.075268817204311,1.075268817204311
Jeneratör 2 / 2.5 / 3 / 3.5 Kwa 6 Kablolu Monofaze Di̇kdörtgen Avr,1240.8,05,1.0752688172043048,1.0752688172043048,1.0752688172043048,1.0752688172043048
Tüm Jeneratörler İçi̇n 5 / 6.5 / 8 Kva 25 Lt Yakit Deposu,3102.0,05,1.0752688172043012,1.0752688172043012,1.0752688172043012,1.0752688172043012
Çanta Ti̇pi̇ Jeneratör Benzi̇n Depo Kapaği Et950,744.48,05,1.075268817204311,1.075268817204311,1.075268817204311,1.075268817204311
Jeneratör Depo Kapaği 2 / 2.5 / 4 / 5 / 6.5 / 7 / 8 / Kva,744.48,05,1.075268817204311,1.075268817204311,1.075268817204311,1.075268817204311
Tüm Modeller 3 / 6.5 / 7 / 8 Kva Jeneratör Ji̇kle Terti̇bati,1240.8,05,1.0752688172043048,1.0752688172043048,1.0752688172043048,1.0752688172043048
Jeneratör Hava Fi̇ltresi̇ Komple 2 / 2.5 / 3 / 3.5 Kva,1302.84,05,1.0752688172042935,1.0752688172042935,1.0752688172042935,1.0752688172042935
Jeneratör 2 / 2.5 / 3 / 3.5 Kwa 6 Kablolu Monofaze Yarim Ay Avr,1240.8,05,1.0752688172043048,1.0752688172043048,1.0752688172043048,1.0752688172043048
Gbg 130 İe Model 13 Kva Benzinli İpli/marşlı/uzaktan Kumandalı Monofaze ( 220 Volt)i̇nverter Jeneratör,73295.0,05,0.0,,0.0,
Pa350jm Jeneratör 2.8 Kw Marşlı,18949.0,05,0.0,0.0,0.0,0.0
"Kama Kgl3500c Benzinli Jeneratör 3,5 Kva",12650.0,05,0.0,0.0,0.546448087431694,1.098901098901099
ROL-TIGER 3.5 KVA - 2.7 KWA Benzinli Jenaratör,7084.9,05,0.0,0.0,0.0,0.0
Kırıcı Delici TC-RH 620 4 F,3599.0,05,0.0,24.146257330113833,24.146257330113833,0.0
L Tipi Kırıcı Delici 1250 Watt,3299.0,05,0.0,0.0,0.0,0.0
ERH1500 5J SDS Kırıcı Delici 1500W,4449.0,05,0.0,0.0,0.0,0.0
Kırıcı 1700W 45J,8499.0,05,0.0,0.0,0.0,0.0
MSRH1500 Kırıcı Delici 5J 1500 W SDS Plus,3899.0,05,0.0,0.0,11.431837667905116,0.0
Gbh 2-26 Dre Sds+ Kırıcıdel,8399.0,05,0.0,0.0,0.0,0.0
ERH750 3J SDS Kırıcı Delici 750W,3299.0,05,0.0,0.0,0.0,0.0
Kırıcı Delici GBH 2-24 DRE 790 W,6990.0,05,0.0,0.0,0.0,0.0
Kırıcı 1600 Watt,7999.0,05,0.0,0.0,0.0,0.0
EBR1750 Kırıcı 45J 1750W,12999.0,05,0.0,0.0,0.0,0.0
Hr2470 Kırıcı Delici Matkap 780 Watt,7033.0,05,-0.3683241252302026,-0.3683241252302026,0.1566505269154087,0.6007724216850236
HR2470 Kırıcı Delici,7033.0,05,-0.2977034306776297,-0.3683241252302026,0.1566505269154087,0.6007724216850236
Gbh 240 Sds Kırıcı Delici + Sds Plus Set - 0615990m99,8999.0,05,0.0,0.0,0.0,0.0
Profesyonel Kırıcı GSH 11E 1500 W,32882.0,05,-0.2427037194345003,-0.3031956824934813,0.16449372486901426,0.32340737124725405
850w Darbeli Metal Şanzıman Kırıcı Delici Hilti Matkap,2099.9,05,0.0,0.0,0.0,0.0
"Bhd3203 Pnömatik Kırıcı Delici 1500w 25j 6,5kg",6000.0,05,0.0,1.0101010101010102,2.0408163265306123,2.564102564102564
"Te-hd 18 Li - Solo, Akülü Pnömatik Matkap - 4513812",4377.23,05,0.0,0.0,0.0,0.0
Te-dh 5 Kırıcı 750w 5j 3.9kg - 4139135 Kırmızı,5198.7,05,0.0,0.0,0.0,0.0
Kırıcı Delici Matkap PBH 2100 RE,4318.0,05,-0.16184971098265896,-0.18492834026814609,-1.3254113345521024,4.148576941630487
Kırıcı Delici D25143K 900 W,7031.0,05,0.9041331802525832,0.11391143386017373,0.31388215151947496,9.024654985269034
DCH133NT 18 Volt Kömürsüz SDS-PLUS 2.6J Kırıcı/Delici (Aküsüz),11401.0,05,-0.28861290886828755,-0.3583289634679252,0.14053579270970576,0.5911416975472031
Kırıcı Delici GBH 2-28 F 880 W,14355.0,05,0.0,0.0,5.041709351675692,5.504924298103778
KLPM2601 Kırıcı Delici 3.2J 850W,4505.3,05,0.0,0.0,0.0,6.007058823529416
D25133k Kırıcı Delici 800 Watt (2.6 Joule),5950.0,05,-0.4017408771342484,0.847457627118644,1.605191256830601,5.328376703841388
Çelik Şanzıman Kırıcı Delici Darbeli Matkap 2-28mm Hilti-powerblack,1776.0,05,0.0,0.0,0.0,0.0
RTM2760 SDS HEX KIRICI 1700W 60 JUL,10499.0,05,0.0,0.0,0.0,-3.7700967798407556
Eisenn Esh-1100 Kırıcı Delici Hilti Matkap Taşıma Çantalı Uç Hediyeli,2899.9,05,0.0,0.0,0.0,0.0
Eisenn Esh-2200 Kırıcı Professionel 18 Kg.çantalı Uç Hediyeli,7999.9,05,0.0,0.0,21.21244261276686,21.21244261276686
GBH 540 D KIRICI-DELİCİ 1150W,28499.0,05,0.0,0.0,0.0,0.0
500w Darbeli Metal Şanzıman 13mm Elektrikli Matkap,1099.9,05,0.0,0.0,0.0,0.0
Professional Tp-hd 18/22 Li Bl +4 - Solo Akülü Kırıcı Delici 4514275,11693.0,05,0.0,0.0,0.0,-12.029792356304544
Rtrmax Rtx2095b Aküsüz Kırıcı Deli̇ci̇ 18v,4129.0,05,0.0,0.0,0.0,-10.60951795386941
Professional Tp-hd 18/28 D Li Bl +4 - Solo Akülü Kırıcı Delici 4514272,12800.0,05,0.0,0.0,0.0,-8.427528974102161
Rtrmax Rtm226 Kırıcı Delici Pnömatik 3 Kg-800w,3222.22,05,0.0,0.0,0.0,
Hm1203c Elektropnömatik Kırıcı Delici 1510w,36500.0,05,0.0,0.0,-2.666666666666667,-2.666666666666667
D25143k-tr Kırıcı Delici Matkap 900 Watt (3.0 Jul),7031.0,05,0.9041331802525832,0.11391143386017373,0.32819634703196343,1.7952801505718836
Te-rh 38 3f Kırıcı Delici Kırmızı,10500.0,05,0.0,16.6796310701189,16.6796310701189,16.6796310701189
TC-DH 43 Kırıcı,12500.0,05,0.0,0.0,,0.814581821114606
Gbh 2-26 Dre Profesyonel Kırıcı-delici Matkap 800w + Bosch Sds-plus Matkap Ucu Ve Keski Seti 11&#039;li,9750.0,05,0.0,0.0,0.0,0.0
Alman 4x3 Pro 128 V 4&#039;lü Set Kırıcı Delici Somun Sıkma Taşlama Makinesi Matkap 3 Akülü,6999.0,05,0.0,0.0,0.0,7.693491306354824
Alman Pro 4200 Çelik Şanzuman Bakir Sargili Kırıcı Delici Hilti Matkap 10 Adet Uç Yedek Mandren,2699.0,05,0.0,0.0,0.0,0.0
TC-RH 800 4F Kırıcı Delici,6752.62,05,0.0,0.0,0.0,0.0
Bosch Professional Gbh 5-40 D Kırıcı/delici - 0611269020,26521.8,05,0.0,0.0,0.0,0.0
RTM226 SDS PLUS KIRICI DELİCİ 800W 3.0 JUL 26MM,2833.33,05,0.0,0.0,0.0,0.0
Klpro Klpm18bh-00 18v 2.8j Pnömatik Matkap Kırıcı/delici Aküsüz/solo Tek Makine,6608.5,05,0.0,0.0,0.0,1.5999864707591551
Cheli̇kbei̇ 16kg Hte Kirici,6439.0,05,0.0,0.0,0.0,0.0
Rtrmax Rtm240 Kırıcı-delici Pnömatik 6.9 Kg 1500w,7411.59,05,0.0,0.0,0.0,1.6000285131880385
RTX2095B AKÜLÜ KIRICI-DELİCİ KÖMÜRSÜZ 2.2J 22MM X-LION *AKÜSÜZ SATILMAKTADIR*,3969.0,05,0.0,0.0,0.0,-13.191444687705733
RTM2290 SDS PLUS KIRICI DELİCİ 1050W 3.0 JUL 26MM,3863.58,05,0.0,0.0,0.09845120706360795,1.6999210318504852
RTM2745 SDS MAX KIRICI 1600W 25J RTRMAX,12237.81,05,0.0,0.0,0.0,1.7000408867437176
Kırıcı Delici 1350 Watt D25614K,27467.0,05,-0.3048891147326776,-0.3302126424268815,-0.15630679752817156,0.4167732972617263
GBH 3-28 DRE Kırıcı Delici,14939.0,05,-0.006693440428380187,-0.07357859531772575,0.41675068898299383,0.8642225373033555
D25133k 800w Kırıcı Delici,5950.0,05,-0.4017408771342484,0.847457627118644,1.605191256830601,5.328376703841388
Gbh 187 Lı One Akülü Kırıcı Delici 18 Volt (akü Ve Şarj Aleti Hariç),13525.0,05,-0.28017400280174,-0.34630120837017386,0.1851851851851852,2.8595330443379723
Gbh 240 Kirici Deli̇ci̇,5768.0,05,-0.7570543702684102,-0.8082545141874462,0.12150668286755771,
Wx337 750watt 2.0j Profesyonel Sds-plus Kırıcı/delici,5397.22,05,0.0,0.0,0.0,0.0
Dx27 1500w Sds-plus Kirici Deli̇ci̇,9459.85,05,0.0,0.0,0.0,0.0
DCH253M2 Kırıcı Delici 18 V,21000.0,05,0.0,0.0,-21.166998703760225,0.0
Pnömatik Matkap Kırıcı Delici 950 Watt,5833.17,05,-9.14589034588349,-9.14589034588349,-9.14589034588349,0.0
Gbh 12-52 Dv Kırıcı Delici,53000.0,05,0.0,0.0,0.0,4.790715147201297
Gbh 180-li 4.0ah Tek Akü Kırıcı Delici - 0611911122,12999.0,05,0.0,0.0,0.0,2.7183743329706322
Tc-rh 28 3f 950 W Kırıcı Delici-4258002,4374.99,05,0.0,0.0,-28.89224427967273,0.0
Kırıcı 1100W GSH 501,23528.0,05,-0.2543666270985247,-0.3177562174299877,0.12340950678752288,0.383991808174759
Professional Gbh 240 + Gws 750-125 S Kırıcı Ve Taşlama Set - 0615990m8h,8795.0,05,-1.599910494517789,-0.33994334277620397,0.6753663003663004,0.906379072969252
Gbh 185-li Solo Kırıcı Delici,11999.0,05,3.4485731528580055,3.4485731528580055,3.4485731528580055,3.4485731528580055
Universalhammer 18v (solo),7299.0,05,7.354022650389763,7.354022650389763,7.354022650389763,7.354022650389763
Uneomaxx 18v Kirici Delici (solo),6999.0,05,16.669444907484582,16.669444907484582,16.669444907484582,16.669444907484582
"Classic Tc-rh 620 4f Kit,",4199.0,05,0.0,0.0,0.0,0.0
HEROCCO 18-20 - Solo Kömürsüz Akülü Kırıcı Delici,8799.0,05,0.0,0.0,,
"HEROCCO 36/28 - Solo, Kömürsüz Akülü Kırıcı Delici",12499.0,05,0.0,0.0,0.0,0.0
TE-RH 950 5F Kırıcı delici,8199.0,05,0.0,0.0,0.0,0.0
Gbh 240 Pnömatik Kırıcı Delici 790 Watt,5768.0,05,-0.7570543702684102,-0.8082545141874462,0.12150668286755771,0.40034812880765885
Dch133nt Sds Plus Matkap Kırıcı Delici 18 Volt (aküsüz),11401.0,05,-0.3583289634679252,-0.3583289634679252,0.19333860620441165,0.5911416975472031
1800w Darbeli 16 Kg Kırıcı Delici Hilti,5699.9,05,0.0,0.0,0.0,0.0
Gbh 185-li 4.0 Ah Tek Akülü Kırıcı Delici,12491.0,05,-0.27941880887753473,-0.3510171519744715,0.13628346961680296,2.8489090160559902
D25133k Kırıcı Delici 800 Watt (2.6 Jul),5950.0,05,-0.4017408771342484,0.847457627118644,1.0529891304347827,5.328376703841388
Skil Powertools 3821ca Akülü Sds Deli̇ci̇,7149.0,05,,,,
Skil Xp 3851ca Akülü Kirici Deli̇ci̇,11059.0,05,,,,
Kress Krks1 Kub30.2 + Ku390.4 + Kuh10.2 20volt/4ah. 6 Adet Akülü Profesyonel Kombo Set,28792.17,05,0.0,0.0,0.0,0.0
Japan 4500w Çelik Şanzuman Bakir Sargılı 2-28 Kırıcı Delici Hilti Matkap 5 Adet Uç,1699.0,05,0.0,0.0,0.0,0.0
Dx21bc 18volt 2.0ah 2.2j Li-ion Tek Akülü Şarjlı Kömürsüz Profesyonel Sds-plus Pnömatik Kırıcı/delici,8674.49,05,0.0,0.0,0.0,0.0
6&#039;lı Set 21v Matkap Somun Sıkma Makas Testere Taşlama Kırıcı Delici Hilti,8499.9,05,0.0,0.0,0.0,
Murcell Benzi̇nli̇ Kirici Deli̇ci̇ Hi̇lti̇  7.9 Hp 62cc Profesyonel,18999.0,05,0.0,0.0,0.0,11.765397964586152
Makita Hr2470 Elektropnömatik Kırıcı Delici Matkap 24 Mm 15/16,7033.0,05,-0.3683241252302026,,0.1566505269154087,0.6007724216850236
RTM2715 SDS MAX KIRICI 1300W 15 JUL,6549.2,05,0.0,0.0,0.0,1.6000471605911115
Elektropnömatik Kırıcı Delici (sds Plus) Rtm2290,3859.78,05,0.0,0.0,0.0,1.599894709133988
Kömürsüz SDS Plus 2j Kırıcı SFMCH900B V20,8029.0,05,1.6457779465755158,1.6457779465755158,2.1631250795266572,7.081888503600959
Sgs 5177 Kırıcı Delici Matkap Hilti 800 Watt,2700.0,05,0.0,0.0,0.0,0.0
Alman Turbo 5800 Pro 17 Kg Büyük Tip Kırıcı Hilti 70 Joule Taşıma Çantalı,5999.0,05,0.0,0.0,,0.0
Gsh 16 Profesyonel 16 Kg 1750 Watt Elektrikli Kırıcı,89000.0,05,0.0,0.0,0.0,0.0
Rtrmax Rtm2750 Sds Max 1700 Watt 45 Jul 11 Kg Kirici,10164.86,05,0.0,0.0,0.0,1.600035183182438
Gbh 8-45 Dv Kırıcı Delici Matkap,39715.0,05,-1.0242735383541843,-1.0464681699264982,-1.2605042016806722,-9.615384615384617
Gbh 6-42 C Kirici Delici,31892.0,05,-0.3032292350495483,-0.3032292350495483,0.16017084890549918,2.2277783120171812
Gbh 18v-28 D Akülü Kırıcı Delici (akü Ve Şarj Yoktur) 0611919003,21676.0,05,-0.2714515757994019,-0.34022988505747126,0.18024679946388134,1.7270508729115823
Kırıcı Delici 1600 Watt D25733K,33561.0,05,-0.1190440760691646,0.3828552627643346,0.7142214086366774,
D25899K Kırıcı SDSMax,34610.0,05,-3.520753770245031,-2.192957666873905,-2.079502051209506,0.49361207897793263
Kress Ku390.4 20volt 4.0ah. 2.0j Li-ion Çift Akülü Şarjlı Kömürsüz Profesyonel Sds-plus Pnömatik Kırıcı/delici,8925.51,05,0.0,0.0,0.0,0.0
Klpro Klha0101rk Profesyonel Havalı Çekiç Keski Makinesi,1220.48,05,0.06395015167663956,,,
Rh1500-e Sds-plus Kırıcı Delici - 1.500 W,6609.0,05,0.0,0.0,0.0,0.0
Eisenn Şarjlı Akülü 4&#039;lü Set Kırıcı Delici - Avuç Taşlama - Darbeli Matkap 13mm - Somun Sıkma Ve Sökme,9999.9,05,0.0,0.0,0.0,0.0
"21v 6&#039;lı Set Taşlama, Somun Sıkma, Budama Makası Ve Testeresi, Matkap, Kırıcı/delici Hilti",8899.9,05,0.0,0.0,,
250w 2 Kademeli Bakır Sargılı Darbeli Kırıcı Delici Hilti,1399.9,05,0.0,0.0,0.0,0.0
Gbh 2-26 Dre Sds Plus Kırıcı Delici Plastik Çantalı,11999.0,05,0.0,0.0,0.0,0.0
Rh20x-20 Akülü Kırıcı Delici Kömürsüz 2j Akü Ve Şarj Cihazı Hariç,7500.0,05,0.0,2.564102564102564,2.564102564102564,2.564102564102564
Rh20x-20ft Akülü Kırıcı Delici Sds Plus 20v 2 Joule Darbeli Matkap Seti Tek Akülü Kömürsüz Motor,11290.5,05,0.0,,,
"Bhd2810 Pnömatik Kırıcı Delici 1050w, 3j",5100.0,05,0.0,1.0101010101010102,2.0408163265306123,2.564102564102564
Bhd2608 800w Kırıcı Delici 2.8j,4200.0,05,0.0,2.0408163265306123,2.0408163265306123,2.564102564102564
"Bhd4203 Pnömatik Kırıcı Delici 1600w 9j 7,3kg",9000.0,05,0.0,1.0101010101010102,2.564102564102564,2.564102564102564
Einhell Tp Hd 18/26 Solo Kırıcı Delici,14800.3,05,0.0,0.0,0.0,0.0
Muhafazalı Keski 30 Cm,352.95,05,0.0,0.0,0.0,0.0
Einhell Te Rh 40 3f Kırıcı Deilici 1050 Watt,14991.08,05,0.0,0.0,0.0,0.0
Einhell Te Rh 32 4f Kırıcı Deilici 1250 Watt,10867.99,05,0.0,0.0,0.0,0.0
Cat Power 5930 Kırıcı Delici 3 Kg 850 Watt,5241.84,05,0.0,0.0,0.0,0.0
Catpower 5925 Kırıcı Delici 3 Kg 920 Watt,5783.39,05,0.0,0.0,0.0,0.0
16kg Bse Kırıcı Hilti,6366.0,05,0.0,,0.0,0.0
11 Kg Kırıcı Matkap 1500 W,13676.8,05,0.0,0.0,0.0,0.0
170-200 Bar Profesyonel Inverter Basınçlı Oto Yıkama Makinası,35362.0,05,0.0,0.0,0.0,0.0
"Cat Power 5931 Kırıcı Delici 3,2 Kg 800 Watt",5475.69,05,0.0,0.0,0.0,0.0
Professional Gsb 18v-60 C Professional Solo Akülü Darbeli Delme/vidalama Makinesi (akü Ve Şarj Yok),15594.0,05,0.0,0.0,0.0,0.0
Professional Gsh 14 C Kırıcı - 0611344020,61906.1,05,0.0,0.0,0.0,0.0
Kömürsüz  6x4  6&#039;li Set Kırıcı Delici Somun Sıkma Taşlama Makinesi Matkap Dekupaj Sunta Kesme,12999.0,05,0.0,0.0,0.0,0.0
Alman 4200 Watt Kırıcı Delici 5.0 J- Metal Dişli Şanzuman Hilti Darbeli 5 Uç 28 Mm,2299.0,05,0.0,0.0,0.0,0.0
Alman Pro 4200 Çelik Şanzuman Bakir Sargili Kırıcı Delici Hilti Matkap + 5 Adet Uç Yedek Mandren,2299.0,05,0.0,0.0,0.0,0.0
Alman 4200 Turbo X-series 11 Kg Kırıcı Delici Hilti Sds Max 3 Fonksiyonlu,11999.0,05,0.0,0.0,0.0,0.0
Kömürsüz 5x3  5&#039;li Set Kırıcı Delici Somun Sıkma Taşlama Makinesi Matkap Dal Budama 3 Akülü,6999.0,05,0.0,0.0,0.0,0.0
Profesyonel 16 Kg 70 Joule 65 Mm Büyük Tip Kırıcı Delici Sivri Ve Yassı Keski Hediyeli Çantalı,5999.0,05,0.0,0.0,0.0,0.0
Alman 4200 Watt Kırıcı Delici 5.0 J- Metal Dişli Şanzuman Hilti Darbeli 10 Uç,2499.0,05,0.0,0.0,0.0,0.0
Alman 4 Lü Set Akülü Şarjlı Vidalama Somun Sökme Taşlama Kırıcı Delici Set 3 Akülü,6999.0,05,0.0,0.0,0.0,0.0
Alman 4200 Watt Kırıcı Delici Hilti Matkap Metal Şanzumanlı 5 Adet Uç Yedek Mandren,2299.0,05,0.0,0.0,0.0,0.0
11kg Bse1 Kırıcı Delici Hilti,13651.0,05,,0.0,0.0,0.0
11kg Dwe1 Kırıcı Delici Hilti,13608.0,05,,0.0,0.0,0.0
Kırıcı Delici Matkap Dt01hd,4716.0,05,0.0,0.0,0.0,0.0
Einhell Te Rh 950 5f Sds Plus Kırıcı Delici,10137.23,05,0.0,0.0,0.0,0.0
Proter Ph 850 K Pnömatik Kırıcı Delici Matkap,5421.09,05,0.0,0.0,0.0,0.0
Einhellte Hd 18/12 Li̇ Solo Pnömatik Matkap,5041.85,05,0.0,0.0,0.0,0.0
Einhellte Hd 18/20 Li̇ Solo Pnömatik Matkap,8083.38,05,0.0,0.0,0.0,0.0
"SDS Max Kırıcı 1500 Watt 10,5KG 25J KLKR1100M",20120.99,05,0.0,0.0,0.0,
Einhell Herocco Solu Kırıcı Delici,10120.3,05,0.0,0.0,0.0,0.0
Kırıcı 1700 Watt KLKR1800H 18.8 Kg,27531.62,05,0.0,0.0,0.0,
Kırıcı Delici 1100 Watt KLKD610M,13235.81,05,0.0,0.0,0.0,
Klpro Klpm18bh-20 18v/2.0ah. 2.8j Kömürsüz Çift Akülü Pnömatik Matkap Kırıcı/delici,9767.72,05,,0.0,0.0,1.5999750361455778
4139045 Tc-pc 45 Set Pnömatik Havalı Keski Çekiç Kırıcı Makinesi,3088.01,05,0.0,0.0,0.0,0.0
Gbh 187-li Tek Akülü Kırıcı Delici,21828.8,05,0.0,0.0,6.0165643596718485,6.0165643596718485
Klpro Klkr3200h 2200watt 78j 30kg Profesyonel Hex Kırıcı,44157.12,05,,0.0,0.0,1.600005338029571
Klpro Klkd580p 1100watt 6j Profesyonel Sds-plus Kırıcı/delici,11690.53,05,0.0,0.0,0.0,0.0
Gbh 2-26 Dre 800 W Kirici Deli̇ci̇,8999.0,05,0.0,0.0,0.0,0.0
Te-dh 12 Kırıcı 1050w 12j,11688.0,05,0.0,0.0,0.0,0.0
Dh28pcy2 28 Mm / 850 W Kırıcı Delici Hilti Matkap,16000.0,05,0.0,0.0,0.0,0.0
Şarjlı Hilti Dw36,4368.0,05,0.0,0.0,0.0,
Klpro Klpm18bh-50 18v/5.0ah. 2.8j Kömürsüz Çift Akülü Pnömatik Matkap Kırıcı/delici,13165.09,05,,0.0,0.0,1.5999666609300807
Dh45ma 11.3j 1400w Profesyonel Kırıcı/delici,39000.0,05,0.0,0.0,0.0,0.0
Gbh 2-26 Dre 800 W Kırıcı Delici,8999.0,05,0.0,0.0,0.0,0.0
Cheli̇kbei̇ 16kg Bse Kirici,6366.0,05,,0.0,0.0,0.0
2-28 Bse Kırıcı Delici Hilti,2234.0,05,0.0,0.0,0.0,0.0
Rtrmax Rtm2350hp Profesyonel 1500 Watt 5.5 Jul 5.4 Kg Kirici Deli̇ci̇,7083.31,05,0.0,0.0,-0.42076465858032885,1.600026392187915
Dh26pc2 26mm 3.2j Sds Plus 830w Profesyonel Kırıcı Delici Matkap,9550.63,05,0.0,0.0,0.0,
Rtrmax Rtm2765 Pnömatik Kırıcı Delici 17 Kg-1700w,9899.0,05,,8.434658779713002,8.434658779713002,-2.448398366091981
H90sg 32kg 28mm Hex 2000w Profesyonel Kırıcı,121566.27,05,0.0,0.0,0.0,1.6000004680245685
Dh18dpc-5.0 18v/5.0ah 26mm 3.2j Sds Plus Kömürsüz Şarjlı Kırıcı Delici Matkap,32561.61,05,0.0,0.0,0.0,1.5999960060944465
Dh1826da-5.0 18v/5.0ah 26mm 3.2j Sds Plus Kömürsüz Şarjlı Kırıcı Delici Matkap,38531.43,05,0.0,0.0,0.0,1.5999888199334282
Dh40mc 40mm Sds Max 1000w Profesyonel Kırıcı Delici Matkap,31476.19,05,0.0,0.0,0.0,1.6000064556737261
Dh45ma  45mm Sds Max 1400w Profesyonel Kırıcı Delici Matkap,42004.78,05,0.0,0.0,0.0,1.5999936144414195
Rtrmax Rtx2098b Kömürsüz 18 V 4.5 Jul Kirici Deli̇ci̇ *aküsüz Satilmaktadir*,4899.0,05,0.0,0.0,,-9.320262913857022
Rtrmax Rtm2765 Kirici 1700 Watt 55 Jul 17 Kg Sds Hex,9899.0,05,0.0,8.197617225926331,8.197617225926331,-2.0111520594090186
Kleco Ke12kd 1250w 12j 7.6kg Sds-max Kırıcı/delici,11912.12,05,0.0,0.0,0.0,1.5999788477661803
Rtrmax Set 053: Rtx2095b Akülü Kömürsüz 18v 2.2jul Kirici Deli̇ci̇+ Rtx3060b Akülü Kömürsüz Devi̇r Ayarli 18v 125mm Avuç Taşlama+ Rtx3050b Akülü Kömürsüz  18v  230nm Torklu Vi̇dalama,19299.91,05,0.0,0.0,0.0,0.3694444863374753
Rtrmax Sds Max Kirici 1300 W 15 Jul,6077.32,05,0.0,0.0,0.0,1.6000708839259001
Rtrmax Rts5045bhp Profesyonel Kömürsüz Çi̇ft Akü 20 V 4 Ah 1.8 Jul Kirici Deli̇ci̇ (aküsüz Ve Şarj Aletsi̇z Satilmaktadir),6564.43,05,0.0,0.0,0.0,1.6000495275535727
Rtrmax Rts5045hp Profesyonel Akülü Kömürsüz 20v 4ah ÇİFT AKÜ 1.8 Jul Kirici Deli̇ci̇,10376.64,05,0.0,0.0,-0.6686456407846115,1.5999835507474116
Rtrmax Rtm2770hp Profesyonel 1700 Watt 45 Jul 15 Kg Sds Hex Kirici,18001.07,05,0.0,0.0,0.0,1.5999918724837834
Rtrmax Rtm2725hp Profesyonel 1350 Watt 12 Jul 5.2 Kg Sds Max Kirici,8152.85,05,0.0,0.0,0.0,1.5999830518190674
Rtrmax Rtm2450hp Profesyonel Hiz Ayarli 1450 Watt 12 Jul 6.2 Kg Sds Max Kirici Deli̇ci̇,9105.9,05,0.0,0.0,0.0,1.5999999999999959
Klpro Klkd660m 1200w Kırıcı-delici,18320.59,05,0.0,0.0,0.0,
Rtrmax Set050 : Rtx2095b Kömürsüz Akülü Kirici Deli̇ci̇+rtx2055b Kömürsüz Akülü Avuç Taşmama+rtx1820 Akülü Darbeli̇ Matkap,17257.14,05,0.0,0.0,0.0,1.6000240206719103
Rtrmax Rtx2098 Akülü Kömürsüz Kirici Deli̇ci̇ 18v 4 Ah. 4.5jul 3.800 Darbe/dk,9529.48,05,0.0,0.0,0.0,1.5999940294751984
Rtrmax Set052: Rtx2095b Akülü Kömürsüz 18v 2.2jul  Kirici Deli̇ci̇+ Rtx2055b Akülü Kömürsüz 18v 115mm Avuç Taşlama+ Rtx3010b Akülü Kömürsüz 18v 70nm Darbeli̇ Matkap,19459.19,05,0.0,0.0,0.0,-1.2705978095975483
Rtrmax Set051 :rtx2095b Kömürsüz 18v 2.2jul Akülü Kirici Deli̇ci̇+ Rtx3010b 18v 70nm Kömürsüz Akülü Darbeli̇ Matkap,15608.48,05,0.0,0.0,0.0,-0.2650486007631941
Rtrmax Rtm2760 Elektropnömatik Kırıcı Delici,10169.0,05,0.0,0.0,0.0,-15.757121377179278
Rtrmax Rtm2330 Elekropnömatik Kırıcı Delici Sds Plus 1500w 5.5 J,5240.74,05,0.0,0.0,0.0,1.5999736342645947
Rtrmax Rtm240 Elektropnömatik Kırıcı Delici Matkap Sds Max 1500w,7411.59,05,0.0,0.0,0.0,1.6000285131880385
Rtrmax  Rts5040b Akülü Pnömati̇k Kirici-deli̇ci̇ Kömürsüz 1.8j 20mm S-lion *aküsüzsatilmaktadir*,5634.15,05,0.0,0.0,0.0,1.600059147909438
Rtrmax Rts5040 Akülü Pnömati̇k Kirici-deli̇ci̇ Kömürsüz 1.8j 20mm 2x4 Ah Akü S-lion,9649.19,05,0.0,0.0,0.0,1.6000454869472567
RTM2330 SDS PLUS KIRICI DELİCİ 1500W 5.5 JUL 32MM,5002.53,05,0.0,0.0,0.0,
RTM271 SDS MAX KIRICI DELİCİ 1500W 25JUL 50MM,14759.0,05,0.0,0.0,0.0,0.2614719191114967
RTM2780 SDS HEX KIRICI 1700W 75 JUL,14599.0,05,0.0,0.0,0.0,-1.886264950768398
RTM240 SDS MAX KIRICI DELİCİ 1500W 9.0JUL 40MM,7411.59,05,0.0,0.0,0.0,
Dh26pc2 3.2j 830w Profesyonel Kırıcı/delici Matkap,9659.17,05,0.0,0.0,0.0,13.637294117647059
Makita M8701b Kırıcı Delici 26 Mm 800 Watt,5219.0,05,-0.11483253588516747,-0.13394565633371602,0.24971187091817135,4.275724275724276
Gbh 18v-18 Solo Kırıcı Delici,8862.0,05,-0.2925292529252925,-0.35979311895659993,0.20352781546811397,3.1184547358622297
Aeg Kh28 Super Xe Pnömatik Kırıcı Delici 1010 W - 4935428190,16953.0,05,-0.27647058823529413,-0.3468140136374324,0.18911411855091306,0.5814298427766241
Aeg Bbh18bl2-602mb Akülü Kömürsüz Mtr. Kırıcı Delici 6.0 Ah- 4935500110,32862.0,05,-0.24285107158035338,-0.3033796492931254,0.16154104056813678,0.32054217419177583
Bosch Gsh 27 Vc Profesyonel Kırıcı 1900 Watt,90147.0,05,-0.22247310399787487,-0.2776610101993407,0.10994136460554371,0.4154877804264041
D25773k 1500w 15.5j Sds-max Kırıcı Delici,38341.0,05,-0.041713376958573405,-0.11462810993877817,0.04957987578936381,0.5190991794038224
Pst 950 Hd 20 V Pnömatik Kırıcı-delici,10275.0,05,-0.281444099378882,-2.6804318999810572,0.19502681618722573,0.5873715124816447
Exen Epm 900 V Elektrikli Kırıcı-delici Matkap 900 Watt,3890.0,05,-1.9904257999496096,-1.9904257999496096,0.25773195876288657,-6.893250359023456
Gbh 18v-22 X Professional Onechuck Kırıcı-delici Solo,11928.0,05,-0.27589666415851516,-0.3508771929824561,0.18478078279858895,2.85418642752436
Gsh 18v-5 Professional Solo (akü Ve Şarj Cihazı Dahil Değil) Akülü Kırıcı  0611918200,30251.0,05,-1.075866579463702,-1.075866579463702,-0.6143636244168473,1.4385353095030515
Rsds18x-0 Akülü Kırıcı Delici Matkap Kömürsüz Sds Plus 18v (akü Ve Şarj Cihazı Dahil Değildir) - 5133004620,11484.0,05,-0.28653295128939826,-3.495798319327731,0.19193857965451055,0.5868441797319786
Gbh 18v-18x One Chuck Solo Akülü Kırıcı Delici,10346.0,05,-0.47138047138047134,-0.5000961723408348,-0.27951807228915665,2.2534097647756473
D25143k 900watt 3 . 0j Profesyonel Sds-plus Kırıcı/delici,7031.0,05,0.9041331802525832,0.11391143386017373,0.32819634703196343,1.7952801505718836
Gbh 8-45D Kırıcı-Delici 1500w,37048.0,05,-0.2960331557134399,-0.2960331557134399,0.1567991349013247,0.31137465139577075
D25872k Kırıcı-delici,35588.0,05,-0.09264198085399061,-0.11787819253438114,0.0477917404627365,
Gsh 11 Vc Kırıcı,53049.0,05,-0.22944838351733088,-0.2875831735649036,0.1132310479533488,0.30441688095598246
Gbh 12-52 D Kırıcı Delici 1700W,53492.0,05,-0.2294134104261867,-0.2870670693061924,0.15165415363876356,0.30564983404901647
Professional Gbh 8-45 D Kırıcı Delici Matkap - 0611265100,37048.0,05,-0.23696682464454977,-0.2960331557134399,0.11620051344412917,0.31137465139577075
Gbh 5-40 Dce Kırıcı Delici Matkap,30904.0,05,-0.2420994867490881,-0.3032453706690754,0.12311281021188364,1.4077112387202626
Gbh 18v-26+1xpc 8.0 Ah+gal1880 In Carton,25634.0,05,-0.10132501948558066,-0.1246785630795605,0.05073962764919403,1.7989754179738693
Professional Gsh 11 E Kırıcı Matkap - 0611316703,32882.0,05,-0.2427037194345003,-0.3031956824934813,0.12179526216430181,0.32340737124725405
D25899k 1500w 5-25j Sds Max Kırıcı,34610.0,05,-2.192957666873905,-2.192957666873905,-2.065647990945105,0.49361207897793263
D25899k-qs Sds-max Kırıcı Sarı-siyah,34610.0,05,-2.192957666873905,-2.192957666873905,-2.065647990945105,
Gbh 185-li Akülü Kırıcı Delici Solo (akü Ve Şarj Dahil Değildir),9741.0,05,-1.853904282115869,-1.853904282115869,-1.3169891601661432,1.437050921587004
D25966 Kırıcı,59355.0,05,-0.11107184328772657,-0.11107184328772657,0.04550970873786408,0.49098450859222886
Gbh 187-li Çift Akülü 5 Ah Kırıcı-delici,24781.0,05,-1.2079413171742943,-1.2709163346613546,-0.8283976308628143,1.4367580843225543
D25911k Sds Max 13 Kg 1600w Kırıcı Delici,57545.0,05,-0.0885478158205431,-0.11109375271224982,2.6727567934055347,
Aeg Bbh18bl2-502c 18 V 5.0 Ah Akülü Kömürsüz Kırıcı Delici - 4935492343,25615.0,05,-0.3191033972837296,-0.3191033972837296,0.16815266697950884,
Professional Gsh 7 Vc Kırıcı,36186.0,05,-0.2343469989799013,-0.2948226930813104,0.11897186177129734,1.8319966230476996
Gbh 2-28 Sds Plus Kırıcı Delici Plastik Çantalı,10562.0,05,-0.28323262839879154,-0.3584905660377358,0.19922208519115833,2.983619344773791
Dx27set 1500watt 5.0j 32mm Profesyonel Sds-plus Kırıcı/delici + Da03903 3 Parça Kırıcı Uç Seti,9459.85,05,,0.0,0.0,0.0
Kress Kux12p 850watt 3.0j 26mm Profesyonel Sds-plus Kırıcı/delici,7614.9,05,0.0,,0.0,0.0
Wx339 800watt 2.5j Profesyonel Sds-plus Kırıcı/delici + 4 Adet Uç,6205.81,05,0.0,0.0,0.0,0.0
Dx21b 18v Şarjli Kirici Deli̇ci̇ (aküsüz),8636.62,05,0.0,0.0,0.0,0.0
Dx21 Sds Plus Kirici Deli̇ci̇,16853.79,05,0.0,0.0,0.0,0.0
Dx29 1750watt 50 Joule Profesyonel 30mm Hex Kırıcı,28271.47,05,0.0,0.0,0.0,0.0
Wx380.9c 20volt 2.0ah. 2.2j Li-ion Tek Akülü Şarjlı Profesyonel Sds-plus Pnömatik Kırıcı/delici,11994.7,05,0.0,0.0,0.0,0.0
Dx25 1100w Pro Kirici Deli̇ci̇,15392.68,05,0.0,0.0,0.0,0.0
Wx380.9 20volt 2.2j Profesyonel Sds-plus Pnömatik Kırıcı/delici ( Akü Dahil Değildir ),11951.77,05,0.0,,0.0,0.0
Kress Kuc50.2 20volt/4.0ah. Li-ion Çift Akülü Kömürsüz 1.7j Profesyonel Sds-plus Pnömatik Şarjlı Matkap + 10mm Mandren,16766.92,05,0.0,0.0,0.0,0.0
Kress Kux21 1050watt 7.5 Joule 38mm Profesyonel Sds-max Kırıcı/delici,18918.94,05,0.0,0.0,,0.0
Kress Kuc60.91 20volt 2.0j Kömürsüz Profesyonel Sds-plus Pnömatik Kırıcı/delici (akü Dahil Değildir),10207.83,05,0.0,0.0,0.0,0.0
Kress Kuc60.2 20volt 4.0ah. 2.0j Li-ion Çift Akülü Şarjlı Kömürsüz Profesyonel Sds-plus Pnömatik Kırıcı/delici,18010.86,05,0.0,0.0,0.0,0.0
Kress Kux15p 1100watt 5.0j 28mm Profesyonel Sds-plus Kırıcı/delici,11328.54,05,0.0,0.0,0.0,0.0
Ph 1515 Hd 1700 W 22 Joule 10 Kg Max Kırıcı-delici P1ea193,16438.8,05,0.0,,0.0,0.0
Dx2010 1200watt 15 Joule Profesyonel Sds Max 6kg Kırıcı,11780.51,05,,15.093384761631205,15.093384761631205,15.093384761631205
Dh28pcy2 28mm 3.4j Sds Plus 850w Profesyonel Kırıcı Delici Matkap,16576.38,05,,0.5224915131514306,,
Aeg Pm10e 1600w Pneomatik Kırıcı - 4935412418,50007.0,05,0.0,,-1.8113274232026626,-1.8113274232026626
Aeg Bbh18bl2-0 Akülü Kırıcı Delici(akü Hariç) - 4935480697,12504.0,05,0.0,,-1.7907634307257305,
Th1163855 Sds Max 1600w 7.5 Kg 10.0j Kırıcı Delici Hilti,9849.0,05,,0.0,0.0,0.0
H65sb3 18kg 30mm Hex 1340w Profesyonel Kırıcı,88790.08,05,,0.5224695650638206,,
Sgs 5521 Şarjlı Kırıcı Delici Matkap Seti 20 Volt 4 Ah Kömürsüz Motor,7850.0,05,0.0,0.0,0.0,0.0
Sgs Sgs5184 Elektropnomatik Kırıcı Sds Max 1300 Watt 23 Joules,6552.0,05,0.0,0.0,0.0,0.0
Haispro Profesyonel Akülü Darbeli Kırıcı Delici Matkap 21 V 4.0 Ah Çift Akü Za-ds-195,14500.0,05,0.0,0.0,0.0,
Dh1826da-2.0 18v/2.0ah 26mm 3.2j Sds Plus Kömürsüz Şarjlı Kırıcı Delici Matkap,39042.55,05,,0.5224819398336036,,
Elektrikli Kırıcı 11 Kg Th215002,16059.0,05,0.0,,0.0,0.0
30 Kg Kırıcı 2200 Watt Th220502,45000.0,05,0.0,0.0,-4.25531914893617,-4.25531914893617
Sds Plus Kırıcı Delici Hilti 1500w 4kg Th1153216,6729.0,05,0.0,0.0,0.0,0.0
Big Power 800 W Kırıcı Delici + Aksesuar Ve Sırt Çantası Seti,3750.0,05,0.0,,,0.0
Th309288-2 Kirici Deli̇ci̇ Matkap Mandrenli̇ Th309288-2,5227.0,05,0.0,0.0,,
Dh1500 Plus Elektrikli Kırıcı Delici 1500w - 5907905901,6553.2,05,0.0,0.0,,
Sgs Akülü Elektro Pnömati̇k Kirici Deli̇ci̇ Seti̇ 20v 2*4.0ah (kömürsüz Motor) Sgs5521,7850.0,05,0.0,0.0,,-0.4121794001641586
Aero2spade Pnömatik Havalı Kırıcı 27joules 6.3 Bar + 5 Parça - 5909601900,8594.4,05,0.0,0.0,-1.7782857142857185,-1.7782857142857185
"Cat Power 4225 Akülü Kırıcı Delici 4,0 Ah Tek Akülü",5999.0,05,0.0,,0.0,0.0
Te-dh 32 Kırıcı 1500w 32j - 4139099,10342.92,05,0.0,,-1.7850326182947285,
Sgs 5179 Kırıcı Delici Matkap Hilti 800 Watt,3350.0,05,0.0,0.0,14.726027397260275,14.726027397260275
Makıta Hr3540c Delıcı Kırıcı,41200.0,05,0.0,0.0,0.0,
Akülü Kırıcı Delici Matkap 18v 3.0ah Dhr242rfe,33900.0,05,0.0,0.0,0.0,0.0
18blrh Kömürsüz Kırıcı-delici + 18id Darbeli Vidalama + 18 V 4.0 Ah Çift Akülü Set,15987.0,05,0.0,0.0,0.0,0.0
18blrh Kömürsüz Kırıcı-delici + 18ag Taşlama + 18 V 4.0 Ah Çift Akülü Set,16609.0,05,0.0,0.0,0.0,
18blrh Kömürsüz Kırıcı-delici + 18ag Taşlama + 18 V 8.0 Ah Çift Akülü Set,18217.0,05,0.0,0.0,0.0,0.0
18blrh Kömürsüz Kırıcı-delici + 18id Darbeli Vidalama + 18 V 8.0 Ah Çift Akülü Set,17595.0,05,0.0,0.0,0.0,0.0
21-18blrh Kömürsüz Çift Akülü Sds-plus Kırıcı Delici - 18 V 8.0 Ah,15935.0,05,0.0,0.0,0.0,0.0
Hr4002 Delıcı Kırıcı,39300.0,05,0.0,0.0,1.0282776349614395,
Hr2600 800 W  Elektropnömatik Kırıcı Delici 2.8 Kg,14800.0,05,0.0,0.0,0.0,0.0
Hr5202c Kırıcı Delici 1510w 20joule Sds-max,50700.0,05,0.0,0.0,0.0,0.0
Hr5212c Avt&#039;li Kırıcı/delici 1510 Watt,63400.0,05,0.0,0.0,4.0196882690730105,4.0196882690730105
Hr4003c Elektropnömatik Delici Kırıcı,45400.0,05,0.0,0.0,0.0,0.0
Hr 4501 C Kırıcı Delici Matkap,57950.0,05,0.0,0.0,0.0,0.0
Hr2810 Kırıcı Delici,22200.0,05,0.0,0.0,0.0,
Dhr241rmj Akülü Kırıcı Delici,29400.0,05,0.0,0.0,0.0,0.0
Hr 2470 Elektropnömatik Kırıcı Delici,8700.0,05,0.0,0.0,0.0,0.0
Hr4013c Kırıcı/delici 1100 Watt 40 Mm,49950.0,05,0.0,0.0,0.0,0.0
Kleco Ke10kd 1400w 10j 6.6kg Sds-max Kırıcı/delici,8802.47,05,,0.5224558967284554,,
Ab1500x Elektrikli Kırıcı 1300w - 590820790,8032.8,05,0.0,,,-1.775495231107848
Ab1900 Elektrikli Kırıcı 1900w - 5908206901,14119.68,05,0.0,0.0,,-7.478064858560107
Li-ion Akülü Kirici Deli̇ci̇ 2x4.0ah Trhli202682e,10839.0,05,0.0,0.0,,0.0
Dh1600max Elektrikli Kırıcı Delici 1600w - 5907903901,9432.48,05,0.0,0.0,,0.005089058524168399
Ab1700 Elektrikli Kırıcı - 1700w - 5908203901,13316.16,05,0.0,0.0,,-0.07384061233678632
Haispro Set-4 (darbeli̇ Kirici Deli̇ci̇ Matkap Rb-bh26+darbeli̇ Matkap Rb-db2102),25869.0,05,0.0,0.0,0.0,0.0
Alman 6200 Watt Tam Profesyonel 3 Farklı Kullanım Özellikli 11 Kg Kırıcı Delici Hilti + Uç Seti̇,9999.0,05,0.0,,0.0,
Murcell 2.26 800w Kirici Deli̇ci̇ Hi̇lti̇,2399.0,05,0.0,,0.0,
11 Kg Kırıcı Delici Hilti,9999.0,05,0.0,,0.0,
Sgs 5177 Kırıcı Delici 800 Watt,2592.49,05,0.0,,-28.268532660424555,
21 V 3&#039;lü Set Hava Pompası 125mm Taşlama 800nm Somun Sıkma Sökme Mavi̇,6299.0,05,0.0,0.0,0.0,0.0
Murcell 16 Kg 1240 Watt Sds Max Kırıcı Hilti Matkap Kırıcı Hilti W Z1g-zt-65,6499.0,05,0.0,0.0,0.0,0.0
Ağır Hizmet Kırıcı 16 Kg 68 Joule Çantalı Sivri Yassı Keski Hediyeli Sjs Metal Şanzıman Tam Prof,5999.0,05,0.0,0.0,0.0,
"Sds Plus 800 W Kırıcı Delici Matkap 2,5 Kg Th308268",3905.0,05,0.0,0.0,,0.0
Akülü Kırıcı Delici 24  900w Çift Akülü 21v 4a,33635.0,05,0.0,0.0,0.0,0.0
Pro 21v Darbeli Kömürsüz 6&#039;lı Set K.d. Hilti-taşlama-testere-makas-matkap Vidalama-somun Sıkma Sök,10399.0,05,0.0,,0.0,
Pro 3 Lü Set Somun Sıkma Taşlama Hilti,6299.0,05,0.0,,0.0,
Powerblack Metal Şanzıman 3600 5.9 Joule Profesyonel Kırıcı Delici 5 Parça Hilti,1999.0,05,0.0,0.0,0.0,0.0
Bakır Sargılı Kömürsüz Motor Darbeli Çift Akülü Şarjlı Kırıcı Delici 2-26 Mm Hilti 21 V,2999.0,05,0.0,0.0,0.0,
Profesyonel 6 Lı Set Avuç Taşlama Kırıcı Delici Hilti Makas Testere Darbeli Matkap Somun Sökme,7549.0,05,0.0,0.0,0.0,
Ph 900 Vs 26 Mm  900 W 3.2 Joule Vibrasyonlu  Pnömatik Delici/kırıcı P1ea183,4620.0,05,0.0,,0.0,0.0
Pr 1150 Rl  13-16 Mm 1050 W 2 Vi̇tes Şanzımanlı Darbeli Matkap P1ea172,4524.0,05,0.0,,0.0,0.0
Ph 850 K 26 Mm  800 W  Pnömati̇k Deli̇ci̇/kirici P1ea188,4147.2,05,0.0,,0.0,0.0
Grangos Gch20-f2 20v 5 Ah Çift Akülü Sds-plus Kırıcı/delici,15344.47,05,0.0,,,
21v 2.0ah 3 Lü Set Şarjlı Matkap Hilti 2-26mm 450nm Torklu Vidalama Somun Sıkma Şarjlı Taşla,5278.9,05,0.0,0.0,0.0,0.0
Rsds1050-k Elektrikli Kırıcı Delici Matkap Sds Plus 1050w - 5133004350,8361.12,05,0.0,0.0,-1.777172125370035,
"Set-45 (einhell Professional Tp-hd 18/22 Li Bl +4 Akülü Kırıcı Delici+einhell 18v 4,0 Ah Pxc Starter Kit, Akü &amp; Şarj Cihazı)",16929.0,05,,0.0,0.0,
"Set-46 (einhell Professional Tp-hd 18/28 D Li Bl +4 Akülü Kırıcı Delici+einhell 18v 2 X 4,0 Ah Pxc Twincharger Kit, Akü &amp; Şarj Cihazı)",21189.0,05,0.0,0.0,0.0,0.0
R18sds-0 Akülü Pnömatik Kırıcı Delici 18v (akü Ve Şarj Cihazı Dahil Değildir) - 5133002305,7557.6,05,0.0,0.0,-1.7728099818039984,
Exen Epm 1050 V Elektrikli Kırıcı-delici Matkap 1050 Watt,5500.0,05,0.0,,,41.71605256377222
Skil 1770ga Kirici Deli̇ci̇ 850w 2.8j Çantali 3 Deli̇ci̇ Uç+1 Mandren,8148.0,05,,,,4.541955350269438
Li-ion Akülü Kömürsüz 42v Kirici Deli̇ci̇ Trhli422682e,14689.0,05,,,,0.0
Skil Xp 3851ja Akülü Kırıcı Delici Çantalı,12645.0,05,,,0.0,
"Skil Set-16 (skil Xp 3851ja Akülü Kirici Deli̇ci̇ Çantali+2xskil 3104aa 4,ah Li Batarya Promo+skil 3122aa 2,4 A Şarj Ci̇hazi)",23750.0,05,,0.0,,29.012982780161877
Butools Çelik Şanzuman Bakir Sargili Kırıcı Delici Hilti Matkap,3000.0,05,,0.0,,0.0
Pr 1540 Cl Kanal Açma Maki̇nesi̇,7526.4,05,,0.0,0.0,0.0
Haispro Rb-bh26 Profesyonel Akülü Kırıcı-delici Matkap 21 V 4.0 Ah,17999.0,05,0.0,0.0,,
Sds Plus 950 W Kırıcı Delici Th309288,4449.0,05,0.0,0.0,,0.0
Akülü Kirici Deli̇ci̇ Matkap / 20 Volt / 4 Ah / Bl,7889.0,05,0.0,0.0,0.0,0.0
4500w Extra Güçlü Metal Şanzıman Profesyonel Kırıcı Delici Hilti Matkap 5 Uç,2998.0,05,0.0,0.0,0.0,0.0
16 Kg Kırıcı Darbeli Hilti 2 Adet Sivri Ve Yassı Uç Hediyeli,6649.0,05,0.0,,0.0,0.0
Şarjlı Alçıpanlı 4 Lü Set + Vidalama + Avuç Taşlama + 3 Batarya 1 Şarj Cihazı,10299.0,05,0.0,,0.0,0.0
6 Ki̇lo Kirici Deli̇ci̇ Çeli̇k Şanziman 1050 W,3999.0,05,0.0,,0.0,0.0
3 Lü Set Torklu Vidalama Somun Sıkma Şarjlı Matkap 2-26mm Şarjlı Taşlama 125mm,4999.0,05,0.0,,0.0,0.0
Gbh 18v-34 Cf En Güçlü Sds-plus Akülü Kırıcı Delici (solo) 0611914021,30826.0,05,0.0,,0.0,0.0
16 Kg Kirici Hi̇lti̇ Metal Çanta 1 Uç Hedi̇yeli̇,4599.0,05,0.0,0.0,0.0,0.0
5li Set Kömürsüz Motor 3x Akü Taşlama Somun Sıkma Kırıcı Delici Matkap &amp; Dal Budama Testere Makinesi,5999.0,05,,0.0,0.0,
German 58vf Brushless 6&#039;li Set Şarjlı Hilti Şarjlı Taşlama Şarjlı Darbeli Matkap Makas&amp;testere,7443.0,05,0.0,,,0.0
Profesyonl 6 Lı Set Şarjlı Hilti Şarjlı Taşlama Şarjlı Darbeli Matkap Dal Budama Makası Ve Testeresi,7549.0,05,0.0,,0.0,0.0
Catpower Kömürsüz Akülü Vi̇d+ Kirici Deli̇ci̇+ Taşlama 3lü Set Solo(aküsüz) (4130),13599.0,05,0.0,,0.0,
D25133k 800watt 2.6j Profesyonel Sds-plus Kırıcı / Delici,6665.0,05,0.0,0.0,0.0,0.0
7 Başlıklı Set Taşlama Somun Sıkma Tilki Kuyruğu Dal Budama Akülü Vidalama Hava Pompası Hilt,4948.9,05,,0.0,0.0,0.0
Dxk420 Dx2140 + Dx3090 + Da03903 2 Parça Profesyonel Kombo Set,6564.0,05,0.0,0.0,0.0,0.0
21v 2.0ah Kömürsüz Darbeli 5&#039;li Set Şarjlı Hilti Taşlama Somun Sıkma Akülü Vidalama,7478.9,05,0.0,0.0,0.0,0.0
Dx2140 800watt 3.0j 26mm Sds-plus Profesyonel Kırıcı/delici + 1 Adet Delici Uç,4351.0,05,,0.0,0.0,0.0
Rkl-9150 Bordo 3&#039;lü Set Kirici Deli̇ci̇ Matkap 2.26 Model,7650.0,05,0.0,0.0,0.0,0.0
Dx2140.1 800watt 3.0j 26mm Sds-plus Profesyonel Kırıcı/delici + 1 Ad Delici 3 Ad Kırıcı Uç,4457.0,05,0.0,0.0,0.0,0.0
Hais Kırıcı Delici Matkap Çift Fonksiyonlu 1500 W,17000.0,05,0.0,0.0,0.0,0.0
Sds Hex Kırıcı Hilti 1700 Watt Th217068,18500.0,05,0.0,0.0,3.064066852367688,3.064066852367688
Dh18dpc-2.0 18v/2.0ah 26mm 3.2j Sds Plus Kömürsüz Şarjlı Kırıcı Delici Matkap,31553.52,05,,0.5224993954986938,,
Taşlama 2000 Watt,1759.0,05,0.0,0.0,-20.009095043201455,-20.009095043201455
Taşlama V20 125mm SFMCG400B-XJ,4449.0,05,0.0,0.0,0.0,0.0
Avuç Taşlama 115 mm 500 W,1099.0,05,0.0,0.0,0.0,0.0
MBGP250WDB Sulu Taş Motoru 250 W,2599.0,05,0.0,0.0,0.0,0.0
Çok Amaçlı Kabrit Disk 115 mm,689.9,05,0.0,0.0,,
Kesme Bıçağı Çok Amaçlı Hss 85 mm,369.9,05,0.0,0.0,0.0,0.0
Dt3506-qz 10 Prç 115x1mm Diskler,649.9,05,0.0,0.0,0.0,0.0
"TC-AG 115-750, Avuç Taşlama",2199.0,05,0.0,0.0,,0.0
Taşlama Makinesi DWE4056,4399.0,05,0.0,0.0,4.763038818766373,5.038204393505253
115 mm Taşlama Diski 4&#039;lü Paket,609.9,05,0.0,0.0,17.31102135025967,0.0
BEG120 Avuç Taşlama 125 mm 800 W,2299.0,05,0.0,0.0,0.0,0.0
G650 Avuç Taşlama 650W 115mm,1999.0,05,0.0,0.0,0.0,0.0
EAG1010-125 Taşlama Makinesi 1010W 125 mm,2499.0,05,0.0,0.0,0.0,0.0
"TC-AG 18-115 Li - Solo, Akülü Avuç Taşlama",3499.0,05,27.84537250173554,27.84537250173554,27.84537250173554,27.84537250173554
Dcg407m2t-qw 18v 2x4ah Taşlama,15799.0,05,0.0,0.0,0.0,0.0
Soketli Kanallı Elmas Kesme Diski 230 mm,999.9,05,0.0,0.0,25.003125390673837,0.0
Aa 54r Paslanmaz İnox Kesici Taş 25 Adet 115x1x22.23mm,699.0,05,0.0,0.0,0.0,
Bileme eğeleme parlatma için elektrikli matkap standı ve 3lü değirmen taşı polisaj diski ve braket Tabanı,784.0,05,0.0,0.0,0.0,0.0
Avuç Taşlama GWS 9-115,3699.0,05,0.0,2.7785495971103082,-2.632271650434325,-8.59896219421794
Düz Beton Kesme Diski Seti 5 Parça 115 mm,159.9,05,,0.0,,0.0
Düz Beton Kesme Diski,64.99,05,0.0,0.0,0.0,0.0
125 mm Taşlama Diski 40 Kum,169.9,05,0.0,0.0,0.0,0.0
EZ SC Ahşap Kesme Diski (SC544),1374.0,05,0.0,0.0,0.0,0.0
76x1x10mm Inox Kesme Diski (5&#039;li Pkt) Gws 12v-76 Için 2608601520,575.0,05,0.0,0.0,0.0,0.0
Kesme/Şekillendirme Diski (542),1499.0,05,0.0,0.0,0.0,0.0
RTM1360 KALIPÇI TAŞLAMA UZUN 450 W 27000 D/DK,2298.21,05,0.0,0.0,0.0,1.5998974368042749
Dwe4257 Devir Ayarlı Avuç Taşlama 1500 Watt 125mm,9980.0,05,-0.2897392346887801,-3.3881897386253628,-3.200775945683802,-2.7100799376096703
Kesme Diski 32 mm (426),846.0,05,0.0,0.0,0.0,96.78995115143057
Taş Kesme Diski,865.0,05,0.0,0.0,0.0,0.0
"- 115*1,0mm Standard Seri Düz Inox (paslanmaz Çelik) Kesme Diski (taş) - 10&#039;lu",414.89,05,0.0,0.0,0.0,0.0
Baytec Metal Kesici Mk 0100 115x2.5x22mm 25 Adet,808.99,05,0.0,0.0,0.0,0.0
Klpro Klat18bs-00 18v 115mm Devir Ayarlı Kömürsüz Şarjlı Avuç Taşlama Aküsüz/solo Tek Makine,6108.85,05,0.06404649349544408,0.522453143769232,-1.2733449263370196,-0.5211004991165719
Taş Motoru Taşı 60 Grit,109.9,05,0.0,0.0,0.0,0.0
Taş Motoru Taşı 36 Grit,119.9,05,0.0,0.0,0.0,0.0
115 X 3 X 22.23 Metal Kesme Taşı Düz 10&#039;lu,385.0,05,0.0,0.0,0.0,0.0
Profesyonel Avuç Taşlama Makinesi GWS 1400,6966.0,05,5.561448704349144,5.561448704349144,0.1869696533870272,0.592057761732852
Büyük taşlama GWS 2200-180 H,5954.0,05,-1.9110378912685337,-1.9917695473251027,-1.4890800794176042,1.4310051107325383
Metal Taşlama Diski 125 mm,89.99,05,0.0,0.0,0.0,0.0
Düz Metal Kesme Diski 125 mm Beşli Set,209.9,05,0.0,0.0,0.0,0.0
Büyük taşlama GWS 2200-230 H,6523.0,05,-0.2904310608376643,-0.36658011302886817,0.15353907569476433,0.6014805675508945
GWS 750-115 Avuç Taşlama Makinesi,3025.0,05,-2.29328165374677,-2.356358941252421,-1.7538161740824942,1.4419852448021462
Sert Metal Kesme Diski,109.9,05,0.0,0.0,0.0,
Bn5 Gravür Ahşap Kesme Mini Testere Seti Takımı 8 Parça 50-22mm,454.99,05,0.0,0.0,0.0,
Universalgrind 750-115 Taşlama Mak,2275.0,05,0.0,0.0,-5.523255813953488,-5.444721529509559
GWS 750-S Devir Ayarlı Taşlama,3988.0,05,-2.182977679666421,-2.2549019607843137,-1.724987678659438,1.4242115971515767
"TE-AG 125 CE, Devir Ayarlı Avuç Taşlama",2890.0,05,0.0,,0.0,-0.44781260764726144
6lı Taşlama Ve Kesme Disk Seti Elmas Seramik Ahşap Metal Zımpara,893.99,05,0.0,0.0,0.0,0.0
Metal Alüminyum Pvc Beton Kesme Diski,129.9,05,,0.0,0.0,0.0
Devir Ayarlı Avuç Taşlama 900 Watt KE90125AT,1830.92,05,0.0,0.0,0.0,1.599809110532779
Avuç Taşlama 750 Watt KLAT11502,2064.1,05,0.0,0.0,,1.600224454737422
Professional Gws 750-115 Mm Avuç Taşlama Makinesi - 0601394000,3025.0,05,-2.29328165374677,-2.356358941252421,-1.8175916910094125,1.4419852448021462
Te-tk 18/2 Li Kit (cd+ag) Akülü Kombo Set,8916.0,05,-0.29076269290986356,-0.3687562856185049,0.14601819611366953,-3.3810143042912877
11&#039;li Taşlama Ve Kesme Disk Seti Ve Bağlantı Aparatları,1289.99,05,0.0,0.0,0.0,0.0
disk bağlama pim seti Dremel Hilti Sds Adaptörü Mini Daire Disk Testere Mandren Bağlantı Elemanı kaplin setii,544.0,05,0.0,14.767932489451477,14.767932489451477,14.767932489451477
Taş Kesme Diski Düz,155.0,05,-0.641025641025641,-1.2738853503184715,0.0,0.0
RTM1080 AVUÇ TAŞLAMA 115 MM 750W DEVİR AYARLI,1980.58,05,0.0,0.0,0.0,1.7001545595054044
Düz Metal Kesme Diski 115 mm Beşli Set,319.9,05,0.0,0.0,0.0,0.0
Metal Kesme Düz,389.9,05,0.0,0.0,0.0,0.0
Bıçak satır balta bileme diski 100mm elmaslı bileme eğeleme disk avuç taşlama spiral uyumlu diamond disk,374.0,05,0.0,0.0,0.0,0.0
21v 6 Başlıklı Set Vidalama Testere Tilki Kuyruğu Taşlama Somun Sökme Hava Pompası,4399.9,05,0.0,0.0,0.0,0.0
8&#039;li Taşlama Ve Kesme Disk Seti Seramik Ahşap Metal Zımpara,1049.99,05,0.0,0.0,0.0,0.0
Taşlama DWE4156-QS 115 mm 900 Watt,4835.0,05,-0.30927835051546393,-0.3914297486608982,-0.6370735717221537,-3.106212424849699
Gws 9-125 S 900 W Avuç Taşlama Makinesi,5627.0,05,-0.30120481927710846,-0.37181303116147313,0.1601993592025632,3.2287653641533667
"Bay-tec 5li Taşlama Disk Seti Elmas, Sunta, Ahşap, Metal, Zımpara",884.99,05,0.0,0.0,0.0,0.0
Pro 115x1 Mm Paslanmaz Ve Metal Kesme Taşı 25 Li Paket 2608603169,678.0,05,0.0,0.0,0.0,0.0
Eisenn Edt-1000 Spiral Taşlama Profil Metal Kesme Makinası,3299.9,05,0.0,0.0,0.0,0.0
Avuç Taşlama 750 Watt KE75115AT,1513.24,05,0.0,0.0,0.0,1.59996240121927
115x1 Paslanmaz İnox Metal Kesici Taş İnce,184.0,05,-0.5405405405405406,-0.5405405405405406,0.0,0.546448087431694
Alman Pro 4200 W Metal Şanzuman Bakır Sargılı Avuç Içi Taşlama Demir Metal Kesme Makinesi 125 Mm,1899.0,05,0.0,0.0,0.0,
Tomax Bi Metal Panç Takımı 13 Parça Buat Delik Açma Testeresi,5250.0,05,0.0,0.0,0.0,-15.240555376170487
Bi-metal Panç 17 Mm - Ahşap İçin,691.4,05,0.0,0.0,,
Hts 339 - 32 Mm Tablalı Teker 4 Adet,646.78,05,0.0,0.0,,
Servis Tekeri - Tablalı Siyah Sabit - Çap 150 Mm,713.5,05,0.0,0.0,,
Servis Tekeri - Tablalı Frenli Siyah Döner - Çap 100 Mm,641.25,05,0.0,0.0,,
Servis Tekeri - Tablalı Siyah Döner - Çap 125 Mm,673.78,05,0.0,0.0,,
Hts 105 - 50 Mm Sabit Gri Pvc Teker 4 Adet,661.65,05,0.0,0.0,,
Bi-metal Panç 19 Mm - Ahşap İçin,710.53,05,0.0,0.0,,
Hts 208 - 50 Mm Küre Tablalı Çift Bilyalı Teker,655.28,05,0.0,0.0,,
Tomax Bi Metal Panç Takımı 9 Parça Buat Delik Açma Testeresi,3999.0,05,0.0,0.0,0.0,-14.258147512864493
Hts 414 - Büro Tipi U Tablalı Tekerlek 4 Adet,614.9,05,0.0,0.0,,
Hts 104 - 50 Mm Sabit Siyah Teker 4 Adet,580.9,05,0.0,0.0,,
Hts 415 - Büro Tipi Kısa U Tablalı Tekerlek - 4 Adet,614.9,05,0.0,0.0,,
Hts 413 - Büro Tipi Kalın Pimli Tekerlek 4 Adet,546.9,05,0.0,0.0,,
Servis Tekeri - Tablalı Siyah Döner - Çap 100 Mm,529.28,05,0.0,0.0,,
Hts 412 - Büro Tipi Vidalı Tekerlek 4 Adet,546.9,05,0.0,0.0,,
Servis Tekeri - Frenli Tablalı Siyah Döner - Çap 80 Mm,600.02,05,0.0,0.0,,
Servis Tekeri - Tablalı Frenli Siyah Döner - Çap 80 Mm,597.9,05,0.0,0.0,,
Hts 322 - 50x20 Mm Gri Vidalı Teker 4 Adet,563.9,05,0.0,0.0,,
Hts 411 - Büro Tipi Tablalı Tekerlek 4 Adet,546.9,05,0.0,0.0,,
Bi-metal Panç 16 Mm - Ahşap İçin,629.78,05,0.0,0.0,,
Hts 323 - 50x20 Mm Gri Uzun U Tablalı Teker 4 Adet,614.9,05,0.0,0.0,,
Bi-metal Panç 14 Mm - Ahşap İçin,527.78,05,0.0,0.0,,
Hts 324 - 50x20 Mm Gri Kısa U Tablalı Teker 4 Adet,614.9,05,0.0,0.0,,
"AXXIO 18-125, Akülü Avuç Taşlama",4990.0,05,-0.18003600720144028,-0.18003600720144028,-0.18003600720144028,-0.18003600720144028
Bi-metal Panç 48 Mm - Ahşap İçin,1287.45,05,0.0,0.0,,
Bi-metal Panç 50 Mm - Ahşap İçin,1299.75,05,0.0,0.0,,
Bi-metal Panç 40 Mm - Ahşap İçin,1193.15,05,0.0,0.0,,
Tct Metal Delme Panç - 25 Mm,1252.6,05,0.0,0.0,,
Bi-metal Panç 44 Mm - Ahşap İçin,1225.95,05,0.0,0.0,,
Bi-metal Panç 41 Mm - Ahşap İçin,1199.3,05,0.0,0.0,,
Hts 331 - 50x20 Mm Çift Bilyalı Tablalı Teker 4 Adet,1205.45,05,0.0,0.0,,
Tct Metal Delme Panç - 22 Mm,1164.45,05,0.0,0.0,,
Hts 327 - 50x20 Mm Şeffaf Makaralı Uzun U Tablalı Teker 4 Adet,1219.8,05,0.0,0.0,,
Hts 332 - 50x20 Mm Çift Bilyalı Vidalı Teker 4 Adet,1205.45,05,0.0,0.0,,
Bi-metal Panç 42 Mm - Ahşap İçin,1223.9,05,0.0,0.0,,
Servis Tekeri - Tablalı Siyah Sabit - Çap 100 Mm,441.85,05,0.0,0.0,,
Bi-metal Panç 45 Mm - Ahşap İçin,1225.95,05,0.0,0.0,,
Hts 431 - Plastik Büyük U Tablalı Tekerlek 4 Adet,495.9,05,0.0,0.0,,
"Levye - 400 Mm, Krom Kaplı Karbon Çelik",1166.5,05,0.0,0.0,,
Hts 328 - 50x20 Mm Şeffaf Makaralı Kısa U Tablalı Teker 4 Adet,1219.8,05,0.0,0.0,,
Hts 434 - Plastik Küçük U Tablalı Tekerlek 4 Adet,451.63,05,0.0,0.0,,
Taşlama Somun Anahtarı Büyük,219.0,05,0.0,0.0,,
Taşlama Somun Anahtarı Küçük,209.0,05,0.0,0.0,,
Bi-metal Panç 30 Mm - Ahşap İçin,903.93,05,0.0,0.0,,
Bi-metal Panç 28 Mm - Ahşap İçin,786.13,05,0.0,0.0,,
"Levye 400 Mm - Kaldırma, Kazma, Sökme",761.33,05,0.0,0.0,,
Tct Metal Delme Panç - 20 Mm,1035.3,05,0.0,0.0,,
Bi-metal Panç 35 Mm - Ahşap İçin,1035.3,05,0.0,0.0,,
Bi-metal Panç 29 Mm - Ahşap İçin,877.07,05,0.0,0.0,,
"S.d. Sk 6000 Kısa Sökü Demiri - 1200 Gr, 61cm",1013.47,05,0.0,0.0,,
Hts 302 - 50x20 Mm Şeffaf Makaralı Vidalı Teker,829.53,05,0.0,0.0,,
Tct Metal Delme Panç - 16 Mm,992.8,05,0.0,0.0,,
Hts 205 - 40 Mm Küre Krom Vidalı Teker 4 Adet,1109.1,05,0.0,0.0,,
Servis Tekeri - Tablalı Frenli Siyah Döner - Çap 150 Mm,952.51,05,0.0,0.0,,
Tct Metal Delme Panç - 18 Mm,1015.53,05,0.0,0.0,,
Servis Tekeri - Tablalı Frenli Siyah Döner - Çap 125 Mm,776.85,05,0.0,0.0,,
Hts 325 - 50x20 Mm Şeffaf Makaralı Tablalı Teker 4 Adet,1109.1,05,0.0,0.0,,
Ahşap Delme Buat Panç Set - 7 Parça,996.93,05,0.0,0.0,,
Bi-metal Panç 38 Mm - Ahşap İçin,1092.7,05,0.0,0.0,,
Sds Bi-metal Panç Adaptörü 14-30 Mm,1109.1,05,0.0,0.0,,
Servis Tekeri - Tablalı Siyah Döner - Çap 150 Mm,847.11,05,,0.0,,
Bi-metal Panç 22 Mm - Ahşap İçin,753.07,05,0.0,0.0,,
Hts 340 - 38 Mm Tablalı Teker 4 Adet,777.87,05,0.0,0.0,,
"Levye 500 Mm - Kaldırma, Kazma, Sökme",817.13,05,0.0,,,
Sds Mermer Granit Panç Adaptör,926.67,05,0.0,0.0,,
Bi-metal Panç 25 Mm - Ahşap İçin,775.8,05,0.0,0.0,,
Sds Plus Elmaslı Beton Delme Panç Adaptörü - 110 Mm,887.4,05,0.0,0.0,,
Sds Plus Elmaslı Beton Delme Panç Adaptörü - 200 Mm,1041.45,05,0.0,0.0,,
Tct Metal Delme Panç - 14 Mm,965.93,05,0.0,0.0,,
Bi-metal Panç 32 Mm - Ahşap İçin,965.93,05,0.0,0.0,,
Bi-metal Panç Adaptörü Hex 14-30 Mm,837.8,05,0.0,0.0,,
Hts 326 - 50x20 Mm Şeffaf Makaralı Vidalı Teker 4 Adet,1109.1,05,0.0,0.0,,
Hts 301 - 50x20 Mm Şeffaf Makaralı Tablalı Teker,829.53,05,0.0,0.0,,
Hts 106 - 50 Mm Sabit Kapaklı Gri Pvc Teker,374.35,05,0.0,0.0,,
Servis Tekeri - Tablalı Siyah Sabit - Çap 80 Mm,374.79,05,0.0,0.0,,
Hts 402 - Plastik Büyük Vidalı Tekerlek 4 Adet,354.46,05,0.0,0.0,,
Hts 401 - Plastik Büyük Tablalı Tekerlek 4 Adet,354.46,05,0.0,0.0,,
Hts 403 - Plastik Büyük Pimli Tekerlek 4 Adet,354.46,05,0.0,0.0,,
Hts 405 - Plastik Küçük Vidalı Tekerlek 4 Adet,319.1,05,0.0,0.0,,
Hts 404 - Plastik Küçük Tablalı Tekerlek 4 Adet,319.1,05,0.0,0.0,,
Hts 353 - 75x25 Mm Pvc Makaralı Tablalı Frenli Teker 4 Adet,1864.85,05,0.0,0.0,,
"S.d. Sk045 Polisajlı Sökü Demiri 45cm, 920 Gr",1806.0,05,0.0,0.0,,
"Ayarlı Panç Sistemi 30-300 Mm, Vidalı Kilitleme",1866.81,05,0.0,0.0,,
Adaptörlü Elmaslı Beton Delme Panç 35 Mm,1819.73,05,0.0,0.0,,
Tct Metal Delme Panç - 38 Mm,1886.42,05,0.0,0.0,,
Bi-metal Panç 73 Mm - Ahşap İçin,1831.5,05,0.0,0.0,,
Hts 354 - 75x25 Mm Pvc Makaralı Vidalı Frenli Teker 4 Adet,1864.85,05,0.0,0.0,,
- Ekonomik Seri 9+1 Genel Yapı Malzemeleri İçin Elmas Kesme Diski 230 Mm Turbo,818.0,05,0.0,0.0,0.0,
Hts 352 - 75x25 Mm Pvc Makaralı Vidalı Teker 4 Adet,1633.38,05,0.0,0.0,,
Topuzlu Otel Tip Kilit Açma Ahşap Pançı,1374.31,05,0.0,0.0,,
"Ayarlı Panç Sistemi 30-120 Mm, Vidalı Kilitleme",1464.79,05,0.0,0.0,,
Bi-metal Panç 70 Mm - Ahşap İçin,1747.15,05,0.0,0.0,,
Bi-metal Panç 60 Mm - Ahşap İçin,1559.29,05,0.0,0.0,,
Hts 334 - 50x20 Mm Çift Bilyalı Tablalı Frenli Teker 4 Adet,1354.21,05,0.0,0.0,,
Tct Metal Delme Panç - 35 Mm,1758.92,05,0.0,0.0,,
Bi-metal Panç Adaptörü Hex 32-210 Mm,1464.79,05,0.0,0.0,,
Tct Metal Delme Panç - 30 Mm,1464.79,05,0.0,0.0,,
Hts 351 - 75x25 Mm Pvc Tablalı Tekerlek - 4 Adet,1633.38,05,0.0,0.0,,
Bi-metal Panç 64 Mm - Ahşap İçin,1637.31,05,0.0,0.0,,
Bi-metal Panç 55 Mm - Ahşap İçin,1412.52,05,0.0,0.0,,
Sds Bi-metal Panç Adaptörü 32-210 Mm,1778.54,05,0.0,0.0,,
"Levye - 500 Mm, Krom Kaplı Karbon Çelik",1462.78,05,0.0,,,
Hts 484 - 30 Luk U Tablalı Tekerlek,244.73,05,0.0,0.0,,
Elmas Karot Panç Adaptörü - 230 Mm,1727.54,05,0.0,0.0,,
Elmaslı Beton Delme Panç Adaptörü - 200 Mm Sds Plus,1366.27,05,0.0,0.0,,
Hts 355 - 75x25 Mm Pvc Makaralı Sabit Teker 4 Adet,1591.46,05,0.0,0.0,,
Bi-metal Panç 59 Mm - Ahşap İçin,1529.13,05,0.0,0.0,,
Bi-metal Panç 68 Mm - Ahşap İçin,1743.23,05,0.0,0.0,,
"Ayarlı Panç Sistemi 30-200 Mm, Vidalı Kilitleme",1656.92,05,0.0,0.0,,
Tct Metal Delme Panç - 28 Mm,1356.22,05,0.0,0.0,,
"Levye - 600 Mm, Krom Kaplı Karbon Çelik",1565.32,05,0.0,0.0,,
Bi-metal Panç 62 Mm - Ahşap İçin,1584.35,05,0.0,0.0,,
Bi-metal Panç 57 Mm - Ahşap İçin,1482.89,05,,0.0,,
Bi-metal Panç 51 Mm - Ahşap İçin,1344.16,05,0.0,0.0,,
Adaptörlü Elmaslı Beton Delme Panç 30 Mm,1725.58,05,0.0,0.0,,
Tct Metal Delme Panç - 32 Mm,1641.23,05,0.0,0.0,,
Bi-metal Panç 65 Mm - Ahşap İçin,1637.31,05,0.0,0.0,,
Bi-metal Panç 54 Mm - Ahşap İçin,1396.43,05,0.0,0.0,,
Hts 482 - 30 Luk Vidalı Tekerlek,219.12,05,0.0,0.0,,
Rtrmax Lıon Rtx2055 Akülü Avuç Taşlama,7399.0,05,,,,
- Standard Seri Mermer İçin Kesme Diski 230 Mm,4062.0,05,0.0,0.0,0.0,
S.d. K 6000 Küskü Manivela 120cm,3309.15,05,0.0,0.0,,
S.d. Tm 7000 Topuklu Manivela 130 Cm,3444.0,05,0.0,0.0,,
Elmaslı Karot Delme Panç 127 Mm,7466.25,05,0.0,0.0,,
Elmaslı Mermer Granit Panç - 35 Mm,3794.95,05,0.0,0.0,,
S.d. Sk 7000 Sökü Demiri 130cm,3392.14,05,0.0,0.0,,
Tct Metal Delme Panç - 90 Mm,3820.88,05,0.0,0.0,,
Bi-metal Panç 140 Mm - Ahşap İçin,3298.78,05,0.0,0.0,,
S.d. K 6000 Küskü Manivela 130cm,3444.0,05,0.0,0.0,,
Adaptörlü Elmaslı Beton Delme Panç 110 Mm,4116.51,05,0.0,0.0,,
"Bi-metal Panç Takımı - 13`lü Set (19-64 Mm), Ahşap İçin, Çantalı",7593.75,05,0.0,0.0,,
S.d. Sk 7000 Sökü Demiri 160cm,3924.61,05,0.0,0.0,,
S.d. K 6000 Küskü Manivela 140cm,3578.85,05,0.0,0.0,,
S.d. Tm 7000 Topuklu Manivela 150 Cm,3713.7,05,0.0,0.0,,
Tct Metal Delme Panç - 80 Mm,3411.15,05,0.0,0.0,,
Elmaslı Mermer Granit Panç - 28 Mm,3269.39,05,0.0,0.0,,
Elmaslı Mermer Granit Panç - 33 Mm,3756.92,05,0.0,0.0,,
S.d. Sk 7000 Sökü Demiri 170cm,4057.73,05,0.0,,,
S.d. Tm 7000 Topuklu Manivela 120 Cm,3309.15,05,0.0,0.0,,
Mermer Granit Panç M14 - 25 Mm,3862.37,05,0.0,0.0,,
S.d. Sk 7000 Sökü Demiri 120cm,3255.56,05,0.0,0.0,,
Mermer Granit Panç M14 - 63 Mm,6299.62,05,0.0,0.0,,
Adaptörlü Elmaslı Beton Delme Panç 120 Mm,6363.38,05,0.0,0.0,,
Mermer Granit Panç M14 - 28 Mm,3960.92,05,0.0,0.0,,
Mermer Granit Panç M14 - 20 Mm,3298.78,05,0.0,0.0,,
Bi-metal Panç 168 Mm - Ahşap İçin,4090.58,05,0.0,0.0,,
Bi-metal Panç 160 Mm - Ahşap İçin,3813.97,05,0.0,0.0,,
Bi-metal Panç 165 Mm - Ahşap İçin,4031.8,05,0.0,0.0,,
S.d. Sk 7000 Sökü Demiri 140cm,3661.83,05,0.0,0.0,,
Tct Metal Delme Panç - 85 Mm,3620.34,05,0.0,0.0,,
Bi-metal Panç 152 Mm - Ahşap İçin,3737.9,05,0.0,0.0,,
S.d. Tm 7000 Topuklu Manivela 160 Cm,3981.66,05,0.0,0.0,,
Elmaslı Karot Delme Panç 38 Mm,4246.17,05,0.0,0.0,,
Elmaslı Mermer Granit Panç -38 Mm,4054.27,05,0.0,0.0,,
Elmaslı Karot Delme Panç 102 Mm,6592.88,05,0.0,0.0,,
S.d. Sk 7000 Sökü Demiri 150cm,3789.76,05,0.0,0.0,,
S.d. K 6000 Küskü Manivela 160cm,3981.66,05,0.0,0.0,,
Bi-metal Panç 146 Mm - Ahşap İçin,3509.7,05,0.0,0.0,,
S.d. Tm 7000 Topuklu Manivela 140 Cm,3578.85,05,0.0,0.0,,
Bi-metal Panç 133 Mm - Ahşap İçin,3246.92,05,0.0,0.0,,
Tct Metal Delme Panç - 100 Mm,3518.34,05,0.0,0.0,,
Mermer Granit Panç M14 - 22 Mm,3533.9,05,0.0,0.0,,
Elmas Panç Set - 6 Parça,3509.7,05,0.0,0.0,,
Te-mt 7.2 Li Akülü Mini Taşlama Ve Gravür Seti,4132.7,05,0.0,0.0,0.0,-2.7531355154481494
115mm Ahşap Metal Mermer Granit Seramik kesici disk Seti Kesme Zımparalama Daire Disk Bıcak ispirel,764.0,05,0.0,0.0,0.0,0.0
2200w Metal Şanzıman 230mm Büyük Spiral Taşlama,3299.9,05,,,0.0,0.0
Black&amp;decker Beg220 900watt 125mm Avuç Taşlama,2900.0,05,0.0,10.89866156787763,10.89866156787763,
Rtrmax Rtm421a Zımpara Taş Motoru  Sulu,3035.63,05,0.0,0.0,0.0,2.4418969584276873
Professional Gbg 60-20 Çift Çarklı Taşlama Motoru - 060127a400,10182.49,05,0.0,0.0,1.3384753184713354,4.211339678640874
Kanal Açma Di̇sk Aparati,680.0,05,0.0,0.0,0.0,0.0
Eisenn Maxstar Et-900m Spiral Taşlama Profil Metal Kesme Makinası,3299.9,05,0.0,0.0,0.0,0.0
Eisenn Maxstar Et-900t Spiral Taşlama Profil Metal Kesme Makinası,3299.9,05,0.0,0.0,0.0,0.0
Hg751 Avuç Taşlama 750w 115mm,1920.0,05,0.0,1.0101010101010124,1.0101010101010124,2.564102564102564
Topshop Th14432 Tas Menteşe Açma 60 Mm,379.52,05,0.0,0.0,0.0,0.0
Bosch Gws 7-115 Avuç Taşlama 115 Mm 720 Watt,4729.53,05,0.0,0.0,0.0,0.0
Dwe4884 Kalıpçı Taşlama 450 Watt,9018.0,05,0.0,0.0,0.0,17.6056338028169
Büyük Taşlama 2200 Watt KLBT8318,4753.06,05,0.0,0.0,0.0,1.5999709290519315
Dwe493 Taşlama Makinesi 2200 Watt 180mm,7300.0,05,0.0,0.0,0.0,0.0
115x1.0x22 Mm Inox Kesici-10 Adet,249.85,05,0.0,0.0,0.0,0.0
Axxio 18/115 Q Akülü Avuç Taşlama Solo,5014.15,05,0.0,0.0,0.0,0.0
125mm Spral Dwe,1455.0,05,0.0,0.0,0.0,0.0
RTM1145 AVUÇ TAŞLAMA 125 MM 1400W DEVİR AYARLI,3225.0,05,0.0,0.0,-2.2431039709002727,0.0
RTM1180 BÜYÜK TAŞLAMA MAKİNESİ 180 MM 2300W,4399.0,05,0.0,0.0,0.0,-0.2295242588090116
RTM127 BÜYÜK TAŞLAMA MAKİNESİ 180 MM 2600W,5385.36,05,0.0,0.0,0.0,1.6000226391600776
RTM1095 AVUÇ TAŞLAMA 125 MM 950W DEVİR AYARLI,2424.18,05,0.0,0.0,0.0,1.600167644593455
RTM1140 AVUÇ TAŞLAMA 125 MM 1400W,3078.0,05,-0.8056719303899453,-0.8056719303899453,0.0975609756097561,-2.718078381795196
Avuç Taşlama 115 mm GA4530R,3418.0,05,-0.3207932341790609,-0.4079254079254079,0.1464986815118664,0.26400704018773835
"- 125*2,5 Mm Expert Serisi Düz Metal Kesme Diski (taş)",164.0,05,-0.6060606060606061,-0.6060606060606061,0.6134969325153374,1.2345679012345678
Gws 30-230 B Büyük Taşlama Makinesi,16705.0,05,-0.2805635148042025,-0.35194464328322594,0.13787315669583983,0.5779998795833584
Beton Mermer Kesici Taş 230&#039;luk,399.9,05,0.0,0.0,0.0,0.0
Sm200l Zımpara Taş Motoru 500w - 5903109901,4879.2,05,0.0,0.0,-1.7478856222311756,-5.110851808634776
Matkap Taşlama Aparati,915.0,05,0.0,0.0,0.0,0.0
Zenflex 115x1 Metal/i̇nox Kesme Taşi 10 Adet,200.0,05,0.0,0.0,0.0,0.0
"Metal Kesme Diski Düz 12,5x0,16 cm",109.9,05,,,,
Ahşap Taşlama Törpüleme Aşındırma Kesme Oyma Diski 115mm,594.0,05,0.0,0.0,0.0,0.0
Gws 17-125 Ps Taşlama Makinası,17250.0,05,0.0,0.0,0.0,0.0
"TC-AG 125-850 Kit, Avuç Taşlama",3499.99,05,0.0,20.730941704035864,25.44767025089605,39.58252740810458
Avuç Taşlama 850 W KLAT11505,2500.02,05,0.0,0.0,0.0,0.0
Tc-tk 18 Li Kit Cd+ag 1x1.5 Ah + 1x3.0 Ah Akülü Matkap + Taşlama - 4257238,7668.7,05,0.0,0.0,0.0,0.0
Expert 115 Mm X-lock Cmw Kesme Diski 2608901192,960.0,05,0.0,0.0,0.0,0.0
9&#039;lu Taşlama Ve Kesme Disk Seti Seramik Ahşap Metal Zımpara,1189.99,05,0.0,0.0,0.0,0.0
Ahşap Törpü diski Avuç taşlama uyumlu törpü Aşındırma Raspalama 3lü disk Seti Açılı düz oval,1440.0,05,0.0,0.0,0.0,0.0
Klpro Klha185 Profesyonel Havalı 125mm Satıh Taşlama,3385.32,05,0.06414140667721126,0.5226087679498403,-1.2726890952358694,-0.5204185681583775
"Standard For Metal 180*3,0 Mm Bombeli Kesici Disk - 2608603161",212.0,05,0.0,0.0,0.0,0.0
Spiral Avuç Içi Taşlama Makinası Sipral Avuç Taşlama 750 Watt 115 Mm + 115 Mm Metal Kesme Diski,2569.0,05,0.0,0.0,0.0,0.0
Flex Taşı Metal Kesici 115x3x22 mm,316.74,05,,0.0,,
Klpro Klat18bs-50 18v/5.0ah. 115mm Çift Akülü Devir Ayarlı Kömürsüz Şarjlı Avuç Taşlama,13698.21,05,0.06413707510100009,0.522491727825832,-1.2740198544430366,-0.5218564611508917
-rtm102 Avuç Taşlama 750 Watt 115/125 Mm,1629.0,05,0.0,0.0,0.0,4.26467482094511
Eco Ke90125at 900 W 125 Mm Devir Ayarlı Avuç Taşlama Makinesi,1830.92,05,0.0,0.0,0.0,1.599809110532779
"- 230*3,0 Mm Expert Serisi Bombeli Taş Kesme Diski (taş) 2608600227",197.0,05,-0.5050505050505051,-14.71861471861472,0.5102040816326531,1.0256410256410255
Gws 2200-180 H Büyük Taşlama,5954.0,05,-1.9110378912685337,-1.9917695473251027,-1.4401589140870716,1.4310051107325383
"Beton Kesme Diski Bombeli 12,5x0,25 cm",204.0,05,0.0,,,0.0
Gws 19-125 Cıe Avuç Taşlama Makinesi 1900w,15850.8,05,0.0,0.0,0.0,0.0
TC-MT 150 E Mini  Gravür Seti,3299.0,05,0.0,,0.0,0.0
Gws 18v-15 S Akülü Taşlama Solo,15599.0,05,1.9609124779397347,1.9609124779397347,16.610600284069672,16.479988052568697
Gws 18v-8 Akülü Taşlama Solo,7199.0,05,0.0,0.0,0.0,0.0
Dwe4237-qs 1400w 125mm  Taşlama,7499.0,05,0.0,0.0,0.0,0.0
Univ.grind 18v-75 Taşlama (solo),5899.0,05,3.50938761186173,3.50938761186173,3.50938761186173,3.50938761186173
Tp-co18/76-cli Bl Solo Taşlama,4999.0,05,0.0,0.0,0.0,0.0
Pro Tp-ag 18/125 F Libl Solo Taş,5699.0,05,0.0,0.0,0.0,0.0
Düz Metal Kesme Diski 230 mm Beşli Set,379.9,05,,0.0,0.0,0.0
Fiber Disk Karışık 12 li 115 mm,399.9,05,0.0,0.0,0.0,0.0
İskarpela 14 Mm,890.29,05,0.0,0.0,,
İskarpela 12 Mm,848.17,05,0.0,0.0,,
Tp-ag 18/125 Ce +3 Set - Solo - Akülü Avuç Taşlama 4431195,10369.0,05,0.0,,,
Kress Kuh10.2 20volt 4.0ah. Li-ion Çift Akülü 125mm Kömürsüz Profesyonel Şarjlı Devir Ayarlı Avuç Taşlama,9733.59,05,0.0,0.0,0.0,0.0
Fixonic B.h.d Bhd00810 115mm Turbo Granit Mermer Kesici,200.65,05,0.06483143826052037,0.5210159811632644,0.9255067652532586,1.6979219462747057
Flex Taşı Metal Kesici115x3x22 mm,266.26,05,0.0,0.0,0.0,0.8140547499147995
Meşem 115x22x40 Kum Flap Di̇sk Zimpara,167.0,05,0.0,0.0,0.0,0.0
"Fixonic B.h.d Bhd00827 115mm Soketli Elmas Testere (mermer, Granit, Seramik)",200.65,05,0.06483143826052037,0.5210159811632644,0.9255067652532586,
- Ekonomik Seri 9+1 Genel Yapı Malzemeleri İçin Elmas Kesme Diski 230 Mm,687.0,05,0.0,0.0,-0.14534883720930233,
Klpro Kltm175 300 Watt 175mm Taş Motoru,3822.0,05,0.0,0.0,0.0,0.0
Tc-wg 200 Sulu Taş Motoru Bileme Makinesi,6130.92,05,0.0,0.0,-1.7622458299283688,-6.695886408254571
350 Parça Çift Makinalı Çok Fonksiyonlu Gravür Oyma Dremel Taşlama Zımpara Kesme Set,2499.0,05,0.0,0.0,0.0,0.0
Rtrmax Rtm102 Avuç Taşlama 750w 115 Mm,1600.0,05,0.0,,,2.4085203888963633
Zr Flap Disk Zımpara 115mm 80 Kum - 10lu Paket,675.0,05,0.0,0.0,0.0,0.0
Sg7115 Avuç Taşlama 750 Watt 115mm,1850.0,05,-0.7510729613733905,-0.8042895442359249,0.16242555495397942,-2.9889879391714733
Topshop 14479 Kompozit Freze Bıçağı 1x12 Mm,250.44,05,0.0,0.0,,0.0
Dx3130b 18volt 125mm Kömürsüz Profesyonel Avuç Taşlama (akü Dahil Değildir),5293.43,05,0.0,,,
Beton Mermer Kesici Taş 180&#039;lik,289.9,05,0.0,,,
Egesan Metal Kesici Disk Spiral Flex Taşı 115 Mm (115x3 Küçük Boy),234.34,05,0.0,0.0,,
Alman 200 Mm Turbo 4200 Watt Çark Motoru Zımpara Balta Bıçak Bileme Makinesi Taş Motoru Taşlama,3499.0,05,0.0,0.0,,9.377930603313535
Klpro Klat11511 1100w 125mm Devir Ayarlı Avuç İçi Taşlama,2929.55,05,,,,
Rtm1230 Taşlama Makinası 230 Mm 2300w,4713.22,05,0.0,0.0,,
Rtrmax Rtm1310 Şarjlı Mini Taşlama Gravür Seti 42 Parça,1905.06,05,0.0,,,
Rtrmax Rtm1090 Avuç Taşlama Makinası 950w 125mm,2297.09,05,0.0,,,
"RTX2055B AKÜLÜ AVUÇ TAŞLAMA 115MM, 18V (KÖMÜRSÜZ) *AKÜSÜZ SATILMAKTADIR* RTRMAX X-LION",3157.62,05,0.0,,0.0,2.426017652611398
RTM134 MİNİ TAŞLAMA GRAVÜR SETİ 135W 40 PCS,1535.71,05,0.0,,,
RTX1234B AKÜLÜ MİNİ KALIPÇI TAŞLAMA 12V X-LION *AKÜSÜZ SATILMAKTADIR*,773.23,05,0.0,0.0,,1.6004204717167156
Rtrmax Rtm132 Mini Gravür Seti Taşlama Makinesi 218 Parça 135w,2317.64,05,0.5762988421947848,,,
Professional Gws 7-115 Avuç Taşlama Makinesi - 0601388106,3216.0,05,-0.40260142458965625,,0.5628517823639775,
"230x3,0 Mm Expert Metal Kesici - 2608600324",185.0,05,-0.5376344086021506,,,
115mm Ahşap Metal Mermer Granit Seramik kesici disk Avuç Taşlama kesme Elmaslı Daire Disk Bıçak ispirel,394.0,05,0.0,,0.0,
Pag-4121 Şarjlı Avuç Taşlama Kompakt Ve Taşınabilir Tasarım,1199.0,05,0.0,0.0,0.0,0.0
"Elmas Disk 230x2.6x10x22.23 ( Segmentli) - Seramik, Taş Ve Mermer Kesmek Için",690.32,05,0.06377920797820702,,,
230x22.23 40t Ahşap Kesme Diski,620.83,05,0.06447141498639508,,,
550 W 125 Mm Bakır Sargılı Spiral Avuç Içi Kesme Ve Ahşap Metal Kesme Taşlama Makinası Mavi,1399.0,05,0.0,,,
Ibeltech Emsa Gravür Oyma Makinesi Dremel Taşlama Zımpara Kesme Seti 211 Parça+hortumlu,1599.0,05,0.0,,,
Gws 14-125 S Devir Ayarlı Taşlama 1400w,7499.0,05,,-7.098612487611497,,
Aeg Ws 8-125 S 800 W Avuç Taşlama Makinesi – 4935451296,3302.4,05,-18.37864557587741,,,
Eco 2&#039;li Set Darbeli Matkap + Avuç Taşlama A0107020,1480.55,05,,,,-1.5860038154492544
Turbo-3000 Çark Motoru Zimpara Balta Bıçak Bileme Makinesi Tas Motoru Taslama 150 Mm,2499.0,05,,,,
6&#039;lı Set 21v Makas Somun Sıkma Testere Hilti Matkap Taşlama,8499.9,05,,,0.0,
"Profesyonel Elektrikli 2&#039;li Set Matkap,taşlama",2699.9,05,,,0.0,0.0
Bgs700 Zımpara Ve Taş Motoru - 4903303901,6750.0,05,,,0.0,
Profesyonel Açılı Full Set Bakır Sargılı Metal Kesme 75mm Gravür Seti Mini Taşlama Esnek Şaft Hediye,5175.0,05,,,,0.0
Rtrmax Rtm6220 ÜSTTEN TABLALI 1200 WATT5300D/DK GÖNYE TESTERE,9899.0,05,0.0,5.044892657681413,5.044892657681413,6.725576511101114
Kızaklı Gönye Kesme Makinesi 1500 W 210 mm,6199.0,05,0.0,0.0,0.0,0.0
Gönye Kesme Makinesi 1400 W 210 mm,4199.0,05,0.0,0.0,0.0,0.0
Şerit Testere Tezgahı 230 mm 350 W,8999.0,05,0.0,0.0,0.0,0.0
Mag Gönyeli Testere 350mm,629.9,05,0.0,0.0,17.7603290334642,0.0
Elmas Kesme Bıçağı 85 mm,419.9,05,0.0,0.0,0.0,0.0
Gönyeli Testere 400 mm,329.9,05,0.0,0.0,11.86842997626314,0.0
EMIS254C Gönye Kesme Makinesi 1800W 254 mm,9999.0,05,0.0,0.0,0.0,0.0
Mag Gönye Testere Seti 300 mm,959.9,05,0.0,0.0,17.793594306049823,0.0
Gts 254 Tezgah Üstü Testere,16299.0,05,0.0,0.0,0.0,0.0
Dwe7492 2000watt 250mm Profesyonel Tezgâh Tipi Testere,36880.0,05,-0.23534503746584792,-0.2946822028170537,0.11944836572917797,-1.2636538873420433
Profesyonel Profil Kesme SSC22,10412.0,05,2.9057125914212296,-0.1342796854018799,-0.009603380389897243,3.8085742771684945
ST SST1800W Tezgah Üstü Testere 1800 Watt,18390.0,05,2.846596946479503,-0.13575889220743959,-0.01087429317094389,3.7342057761732854
SM18 Gönye Kesme Makinası 1800 W 254 mm,18091.0,05,9.975683890577509,9.311178247734139,9.595928999818259,11.548896288074978
Gönye Kesme Makinesi 216 mm,21759.0,05,-1.525162925416365,-1.59196779883316,-1.1224211578660366,1.435830497412708
Gcm 216 Gönye Kesme,14238.0,05,-1.725565985643291,-1.725565985643291,-1.241589789831449,1.4319298995511862
Profil Kesme GCO 14-24 J,13101.0,05,-0.2816258182371746,-0.34988970867878605,0.13758312313689522,2.857815812200675
Gönye Kesme Makinesi 305 mm GTM12JL,39884.0,05,0.0,0.0,0.0,0.0
Tezgah Tipi Testere GTS 635-216 + GTA 560,29999.0,05,0.0,0.0,0.0,15.407401708086482
Gönye Testere 1650 W DW714,17499.0,05,0.0,0.0,0.0,0.0
Açılı Kesme Ve Taşlama Standı 115/125mm Avuç Taşlama Sehpası Tezgahı Mengeneli Kayar Mil Kızaklı stand mengeneli,2640.0,05,0.0,12.82051282051282,12.82051282051282,12.82051282051282
Klpro 2000w 305mm Tablali Gönye Kesme Maki̇nasi Klgk305,21249.0,05,0.0,0.0,0.0,-2.9135972593388892
"Expert Te-ts 10 T, Tezgah Testere",24500.0,05,0.0,0.0,0.0,-6.741273647748468
"TC-SM 216, Pistonlu Gönye Testere",10234.92,05,0.0,0.0,-1.7846827049487046,-1.7846827049487046
RTM622 ÜSTTEN TABLALI GÖNYE TESTERE MAKİNESİ 1200W 210MM,9423.59,05,0.0,0.0,0.0,1.5999672243910867
Gcd 12 Jl Metal Kesme Testeresi,24586.0,05,-0.25558846200657226,-0.31625040544923777,0.12624720016289961,2.416062651003916
Hm216 Gönye Kesme Makinesi 216 Mm 2000w - 5901215903,9164.64,05,0.0,0.0,-1.7807690658893114,0.6882003955174623
Disk Altı,149.9,05,0.0,0.0,0.0,0.0
Gtm 12 Jl Gönye Kesme Makinası 1800 W 305mm,38932.49,05,0.0,0.0,0.0,0.0
Rtrmax Rtm6280 Tezgah Testere 2000 Watt 255mm 5300rpm,12706.33,05,0.0,0.0,0.0,1.6000025587247346
Tezgah Testere TC-TS 200,14948.7,05,0.0,1.7700681476236835,1.7700681476236835,1.7700681476236835
Dwe7492-qs 2000w 250mm Tezgah Testere,49499.0,05,0.0,0.0,0.0,0.0
"Tc-ms 3017 T, Tablali Gönye Kesm",23699.0,05,0.0,0.0,0.0,0.0
"Expert Te-ms 254 T, Tablali Göny",22199.0,05,0.0,0.0,0.0,0.0
"TC-MS 216, Gönye Testere",8299.0,05,0.0,0.0,0.0,16.772196426058816
Cırtlı Disk Altı 180 mm CDA 431,629.9,05,0.0,0.0,0.0,0.0
Pr 250 Tm 250 Mm  2000 W Sehpali Tezgat Testere Maki̇nasi,15963.0,05,0.0,0.0,0.0,
Dx5180set 2400watt 355mm Profesyonel Profil Kesme + Dx3090 720watt 125mm Profesyonel Avuç Taşlama,11719.19,05,0.0,0.0,0.0,0.0
RTM624 ÜSTTEN TABLALI GÖNYE TESTERE MAKİNESİ 2000W 305MM,18569.0,05,0.0,0.0,0.0,-0.6724362132389277
Rtrmax Rtm6220 Gönye Kesme Üstten Tabla 1200w,9423.59,05,0.0,0.0,0.0,1.5999672243910867
Jig-zb-355c-2 Bordo Profi̇l Kesme Maki̇nesi̇,7700.0,05,0.0,0.0,0.0,0.0
Klpro 2000w 254mm Tezgah Testere Klttg250,14402.08,05,0.0,0.0,0.0,1.599968395686006
Zb-255a Tezgah Testere 2000 Watt,13522.62,05,0.0,0.0,0.0,0.0
Rtrmax Rtm6250 Radyal Gönye Testere 2000 Watt 4500d/dk,12016.58,05,0.0,0.0,0.0,1.7000247974941904
Rtrmax Rtm6230 Üstten Tablali 2000 Watt 5500d/dk Gönye Testere,13978.0,05,0.0,0.0,0.0,-3.510497668527008
Lh1040 Gönye Kesme Tezgahı Üst Tablalı,29935.0,05,-0.10011680293675956,1.512428363118451,2.2544833475661825,2.8093553594120273
Professional Gts 635-216 Tezgah Tipi Gönye Testere,27719.99,05,0.0,0.0,0.0,0.0
Profil Kesme Kafa Koparma Gönye Demir Kesme 3000 W 355 Lık Bıçak Çapı,4500.0,05,0.0,0.0,0.0,0.0
Hm140l Elektrikli Gönye Testeresi 305 Mm - 5901218901,19250.0,05,0.0,0.0,0.0,23.113328216935276
Gönye Kesme Maki̇nesi̇ 1.800 W- 305 Mm,20750.0,05,0.0,0.0,0.0,0.0
Bordo Gönye Kesme Maki̇nesi̇ 1.200 W- 250 Mm,10400.0,05,0.0,0.0,0.0,0.0
Tc-sb 200/1 Şerit Testere - 4308018,15675.69,05,0.0,0.0,0.0,0.0
Profesyonel Tezgahli Testere Maki̇nasi,14499.99,05,0.0,0.0,0.0,0.0
Elta 5891260830 300 Mm Elta Testere Kolu,793.25,05,0.0,0.0,0.0,0.0
Klpro 2000 Watt Lazerli Gönye Kesme Makinası Klgk1247,19591.46,05,0.0,0.0,0.0,1.6000161801137007
Kl Pro Klct622p 12-22mm Profesyonel Havalı Çivi Çakma Tabancası,3599.37,05,0.0,0.0,0.0,1.5999141895000644
Avuç Taşlama Dt01ag,11194.0,05,0.0,0.0,0.0,0.0
Kl Pro Klef1205 1800 Watt Profesyonel El Frezesi,6035.56,05,0.0,0.0,0.0,1.6000309737716152
Hm 80l Lazerli Gönye Kesme,8321.85,05,0.0,0.0,0.0,0.0
Klpro Klgk255 2000w 255mm Üstten Tablalı Gönye Kesme Makinesi,15884.76,05,0.0,0.0,0.0,1.5999759507912228
Rtrmax Rtm6255 Radyal Gönye Testere 1800 Watt 3800d/dk,16558.93,05,0.0,0.0,0.0,1.5999965640293163
Kleco Gönye Kesme Maknasi Ke255gk,8835.69,05,0.0,0.0,0.0,1.5999448056988261
Rtrmax Rtm622 Gönye Kesme Üstten Tabla 1200w 210mm,9449.0,05,0.0,0.0,0.0,1.304772013337201
Rtrmax Rtm623 Gönye Kesme Üstten Tablalı 1800w,14326.49,05,0.0,0.0,0.0,1.599971065635624
RTM636 ÜSTTEN TABLALI YATARLI GÖNYE KESME MAKİNESİ 1100W 300MM İNDÜKSİYON MOTOR,25822.01,05,0.0,0.0,0.0,1.7000146118390533
RTM629 RADYAL GÖNYE TESTERE MAKİNESİ 1800W 255MM,13967.36,05,0.0,0.0,0.0,1.700029416304798
RTM623 ÜSTTEN TABLALI GÖNYE TESTERE MAKİNASI 1800W  250MM  RTRMAX,14449.0,05,0.0,0.0,0.0,-0.259205953108223
Rtrmax Rtm6240 Üstten Tablali Yatarli 2000 Watt 4.200 Devi̇r 305x30x40t Gönye Testere,18599.0,05,0.0,0.0,3.43017364969097,5.085033052714842
Rtrmax Rtm624 Tablalı Gönye Kesme Mak. 2000w 305mm,18599.0,05,0.0,0.0,-2.0787276710384464,-0.5119630098567943
Te-sm 8 L Dual  Pistonlu Gönye Testere - 4300866,12760.0,05,-0.13305157705251625,-0.13305157705251625,3.111111111111111,0.20417779173865241
Profesyonel Gcm 18v-216 D Akülü Gönye Kesme Makinesi (akü Hariç) 0601b51000,22732.0,05,-0.6077565475930217,-0.6338243650828344,-0.2938725382692223,2.0516273849607183
Professional Gcm 12 Gdl Gönye Kesme Makinesi - 0601b23600,50546.0,05,-0.7617701338987709,-0.8182406844181072,-0.41963001635178,1.4368854103953441
Professional Gcm 12 Sde Gönye Kesme Makinesi - 0601b23100,52703.0,05,-0.7607283408966803,-0.8186232074974594,-0.41946150212564953,1.4377550234814074
Kress Kh483.9 40volt 1400w 254mm Kömürsüz Kızaklı Bluetooth Bağlantılı Profesyonel Gönye Kesme (akü Dahil Değildir),31075.5,05,0.0,0.0,0.0,0.0
Dx5180 2400watt 355mm Profesyonel Profil Kesme,11172.22,05,0.0,0.0,0.0,0.0
Klpro Tezgah Testere Ayaği Klttga (klttg250 Için),1203.0,05,0.0,0.0,0.0,0.0
Hm210l Gönye Kesme Makinesi 210 Mm 1500w - 5901226901,5950.56,05,0.0,0.0,-1.7605494287789643,-2.0894932991090123
Deco-xls Pedallı Tezgah Tipi Testere - 5901407901,11039.52,05,0.0,0.0,-1.7871250133447136,5.258581235697945
Professional Gta 60 W Gönye Kesme Sehpası,21995.0,05,0.0,0.0,0.0,0.0
Professional Gta 2600 Gönye Kesme Sehpası,12356.0,05,0.0,0.0,0.0,0.0
Hais Kızaklı Gönye Kesme Makinesi 255 Mm 2000 Watt,14520.0,05,0.0,0.0,0.0,0.0
Hais Gönye Kesme Makinesi 210 Mm 1700 Watt,7500.0,05,0.0,0.0,,
G6t210 Lazerli Gönye Kesme Makinesi 48 Diş 210 Mm 1200 W - A0701006,5266.92,05,0.0,0.0,-7.450139696708774,-7.450139696708774
Lh1201fl 1600 Watt 305 Mm Üstten Tablalı Lazer Hizalamalı Gönye Kesme Makinası,56900.0,05,0.0,0.0,0.0,
Ls1219l Radyal Lazerli Çift Sürgülü 305 Mm Gönye Kesme Testere,88900.0,05,0.0,0.0,0.0,
Lh1040 1650 Watt 260 Mm Üstten Tablalı Gönye Kesme Makinası,39500.0,05,0.0,0.0,0.0,
Lb1200f Şerit Testere Tezgahı,77998.7,05,0.0,0.0,0.0,0.0
Dm500t Ahşap Torna Tezgahı - 5902307901,14923.2,05,0.0,0.0,-1.7952092655962049,-8.17000904565285
Basa 3 Şerit Testere  300 W - 1901503901,40368.0,05,0.0,0.0,-1.8096906012842966,-2.436194895591647
Hf60 Tezgah Freze 1500w - 5902106901,22690.56,05,0.0,0.0,-1.8030743664312394,-3.040082044269715
Lh1201fl Gönye Kesme Makinesi 1650 W (üst Tablalılazerli),55999.0,05,0.0,0.0,0.0,
Umf1550 Universal Gönye Kesme Sehpası - 5907107900,4792.8,05,0.0,0.0,-1.7466174661746579,-1.7466174661746579
Hs210 Masa Testere 210 Mm 1500 W - 5901327901,9134.4,05,0.0,0.0,-1.7806451612903265,-1.7806451612903265
Umf1600 Universal Gönye Kesme Sehpası - 5907103900,6199.5,05,0.0,0.0,-1.7628649526601436,-1.7628649526601436
Umf2000 Universal Gönye Kesme Sehpası - 5907102900,6931.2,05,0.0,0.0,-1.7687074829932,-1.7687074829932
Klpro Klttga Klttg250 Model Tezgah Testere Makinesinin Ayağı,1291.35,05,0.06353978597939888,0.5223253207124026,-1.2880293533099019,-0.5360815213623893
Hs105 Yatar Tezgah Testere 255 Mm 2000 W - 5901324901,21316.8,05,0.0,0.0,-1.8021006080707607,-1.8021006080707607
Gönye Kesme Maki̇nasi 1.400 W- 200 Mm,7800.0,05,0.0,0.0,0.0,0.0
Ge-lc 36/35 Li Solo Zincirli Ağaç Kesme,10499.0,05,0.0,0.0,0.0,0.0
Elektrikli Araç Şarj İstasyonu Ayak Standı,7637.14,05,0.0,0.0,0.0,0.0
Hais Mj14 Şerit Testere Makinası,65000.0,05,0.0,0.0,0.0,
Jig-zb-355g-2 Bordo Elmas Uçlu Profi̇l Kesme Maki̇nasi,20050.0,05,0.0,0.0,0.0,0.0
Gönye Kesme Makinesi 210 Mm 1700 Watt,7500.0,05,0.0,,,
Kızaklı Gönye Kesme Makinesi 255 Mm 2000 Watt,14520.0,05,0.0,,0.0,0.0
Gönye Kesme Makinesi,6849.0,05,0.0,0.0,0.0,0.0
Gkt210 Üstten Tablalı Gönye Kesme 210 Mm 1200 W - A0701020,9566.4,05,0.0,0.0,,-1.7823408624230017
Flap Disk NK 40 Kum 115x22 mm,229.71,05,0.0,0.0,0.0,0.0
Eco Tezgah Testere ETC-TS 254,25998.7,05,,0.0,0.0,0.0
Professional Gts 10 Xc Tezgah Tipi Daire Testere - 0601b30400,85000.0,05,0.0,0.0,0.0,0.0
Te-ts 2025 Uf Tezgah Testere,51998.7,05,0.0,0.0,0.0,0.0
Te-sm 36/210 Li Solo Akülü Kayar Pistonlu Gönye Kesme,23138.7,05,0.0,0.0,0.0,0.0
Tc-sm 2534 Dual Pistonlu Gönye Testere,25998.7,05,0.0,0.0,0.0,0.0
Tc-ts 210 Tezgah Daire Testere,29898.7,05,0.0,2.678691012991651,2.678691012991651,2.678691012991651
Tc-sm 2531/1 U Pistonlu Gönye Kesme,32498.7,05,0.0,25.00125006250312,25.00125006250312,25.00125006250312
Mss 1610 Gönye Kesme Ve Testere Çalışma Tezgah Stantı,15598.7,05,0.0,0.0,0.0,0.0
"Te-sm 2534 Dual, Pistonlu Gönye Testere - 4300870",25998.7,05,0.0,0.0,0.0,0.0
Gms 305f Gönye Kesme Makinası,16910.4,05,0.0,0.0,-1.797909407665497,-1.797909407665497
G6f250 Üstten Tablalı Gönye Kesme Makinası 1600 Watt 250mm,12244.8,05,0.0,0.0,-1.7901828681424505,-1.7901828681424505
Tc-ms 3017 T Tablalı Gönye Testere,32498.7,05,0.0,0.0,0.0,0.0
Flex Sbg 4910 850w Elektronik Şerit Testere Metal Kesme,39759.26,05,-0.20797086098832235,0.2906363730840781,0.7467459411684924,0.8391157543507296
Mls100 Gönye Kesme Tezgahı,25695.24,05,0.0,0.0,0.0,0.7695988077963904
Gcm 18v 254 D Akülü Gönye Kesme Makinesi (akü Hariç) 0601b51100,35969.0,05,0.0,0.0,0.0,0.0
Professional Fsn Wan - Açılı Mesnet,8540.0,05,0.0,0.0,0.0,0.0
TC-TS 254 U Tezgah Testere,25998.7,05,0.0,0.0,0.0,0.0
Aeg Ps 254 L 254 Mm Radyal Gönye Kesme Makinesi 1800 W,28704.0,05,0.0,0.0,-1.8062397372742198,-1.8062397372742198
MTSP800B Tezgah Üstü Testere 800 W,3599.0,05,0.0,0.0,0.0,2.857959416976279
MSTS1500 Tezgah Üstü Testere 1500 W 254 mm,7999.0,05,0.0,0.0,0.0,0.0
5 li Fiber Disk,47.0,05,0.0,0.0,-5.981196239247853,-5.981196239247853
ETS2000 Ayaklı Tezgah Üstü Testere 2000 W,12129.0,05,0.0,0.0,0.0,0.0
Dw872-qs 355mm Profil Kesme Makinesi,31999.0,05,0.0,0.0,0.0,0.0
Gcm 305-216 D Gönye Kesme,22999.0,05,5.023060413717522,5.023060413717522,11.305231573343658,13.122817372485368
"Tc-ts 2225 U, Tezgah Testere",14299.0,05,0.0,0.0,0.0,0.0
Gönye Testere TC-MS-2513 L,11899.0,05,0.0,0.0,0.0,0.0
TE-MS 18/210 Li Solo Akülü Gönye Testere,8499.0,05,0.0,0.0,0.0,0.0
MSMT300QC Çok Amaçlı Alet 300 W,2449.0,05,0.0,0.0,0.0,0.0
PSA 700 E Tilki Kuyruğu Testere,4799.0,05,0.0,0.0,0.0,0.0
Tilki Kuyruğu 850 watt,1599.0,05,0.0,0.0,0.0,0.0
MSCS1500 Daire Testere 1500 w,2699.0,05,0.0,0.0,11.115685467270483,0.0
600 W Çok Fonksiyonlu Pandullü Dekupaj Testere,1899.0,05,0.0,0.0,15.160703456640388,0.0
PCS1200C 1200W Daire Testere 160mm,1999.0,05,0.0,0.0,0.0,0.0
Pandullü 350W Dekupaj Testere,849.9,05,0.0,0.0,0.0,0.0
Tilki Kuyruğu GSA 12-30,6299.0,05,0.0,0.0,-16.013333333333332,
"Te-cs 18/150 Li - Solo, Akülü Daire Testere - 4331220",4900.0,05,0.0,-15.575465196416264,-15.575465196416264,-15.575465196416264
Tilki Kuyruğu GSA 1300 PCE,11299.0,05,0.0,0.0,-5.050420168067227,0.0
Metal Panter Testere Ucu S1122BF,429.9,05,0.0,0.0,0.0,0.0
Gop 30-28 Salinim Hareketli Makine,9799.0,05,15.295917166725499,15.295917166725499,15.295917166725499,15.295917166725499
Üçlü Ahşap Seti,1259.0,05,0.0,0.0,0.0,0.0
Te-ap 750 E Elek Tilki Kuyruğu,3499.0,05,0.0,0.0,0.0,
Ahşap Panter Testere Ucu S 1131 L HCS,699.9,05,0.0,0.0,0.0,0.0
"TE-CS 18/190 Li BL - Solo, Kömürsüz Akülü Daire Testere",7499.0,05,0.0,0.0,,
Daire Testere V2018V 165mm SFMCS500B,6799.0,05,0.0,0.0,0.0,0.0
Çok Amaçlı Alet Seti 23 Parça,579.9,05,0.0,0.0,0.0,0.0
"TE-CS 18/165/1 Li Solo, Akülü Daire Testere",4599.0,05,0.0,0.0,,
Çok Amaçlı Alet Seti PMF 220CE,5599.0,05,4.08997955010225,4.08997955010225,4.08997955010225,4.08997955010225
Profesyonel Elektrikli Daire Testere GKS 190 1400 W,6399.0,05,1.5875535799333227,1.5875535799333227,1.5875535799333227,1.5875535799333227
Dt2294-qz 10prç Ahşap Metal Kesme,1099.0,05,0.0,0.0,0.0,0.0
MSMT300 Çok Amaçlı Alet 300 W,2299.0,05,0.0,0.0,0.0,0.0
Çok Amaçlı Uç Seti 15 Parça,1679.0,05,0.0,0.0,0.0,0.0
Moto-Saw MS20-1/5 Dekupaj Testere,7699.0,05,5.480202767502398,5.480202767502398,5.480202767502398,5.480202767502398
Dekupaj Testere 550W KS801SE,3199.0,05,0.0,0.0,0.0,0.0
"TC-CS 1250, Daire Testere",3599.0,05,0.0,0.0,0.0,12.503907471084712
- Tilki Kuyruğu Bıçağı S 1211 K -1 Buz Ve Kemik Kesme 1&#039;li Paket,549.0,05,0.0,10.02004008016032,12.269938650306749,12.269938650306749
"Expert Metal İçin Daire Testere Bıçağı – 305*25,4*2,6 Mm 60 Diş – 2608643060",3497.0,05,-0.31356898517673887,-0.3987467957846767,0.143184421534937,3.4921574430304823
- Tilki Kuyruğu Bıçağı S 1211 K -5 Buz Ve Kemik Kesme 5&#039;li Paket,1999.0,05,0.0,0.0,21.964612568639414,21.964612568639414
5&#039;li Paslanmaz Kemik Tilki Kuyruğu Bıçağı S 1211 K,1614.99,05,0.0,0.0,-7.714857142857142,7.737825216811207
Metal Dekupaj Testere Bıçağı T118A,54.99,05,0.0,0.0,0.0,0.0
Tilki Kuyruğu Testere DWE305PK-QS 1100W,23241.53,05,0.0,0.0,85.94711576926153,85.94711576926153
Dwe5615-qs 1500w 190mm Daire Test,6576.0,05,3.1044214487300095,-0.1518372304889159,2.541712147200998,4.017715912685859
Ahşap Dekupaj Testere Bıçağı T344D,72.99,05,0.0,0.0,0.0,0.0
Optiline Ahşap Kesme Diski 24 Diş 160x16 mm,1150.0,05,0.0,0.0,0.0,0.0
Panter Testere Bıçağı S922HF,129.9,05,0.0,0.0,0.0,0.0
Eco 190*30mm 48 Diş Ahşap Daire Testere Bıçağı 2608644377,821.7,05,0.0,0.0,0.0,0.0
Ahşap Dekupaj Testere Bıçağı T144D,64.99,05,0.0,0.0,0.0,0.0
Dekupaj Testere Bıçağı Hcs,279.9,05,0.0,0.0,0.0,0.0
GSA 1100 E Tilki Kuyruğu Testere 1100 W,7495.0,05,0.0,-6.283096321470858,0.0,-6.283096321470858
Rtrmax Rtm3890 Sulu Serami̇k Kesme Maki̇nesi̇ Açili Kesi̇m 1400w 115mm,3070.67,05,0.0,0.0,0.0,1.6001005853138868
Ahşap Dekupaj Testere Bıçağı T101 Br-Hcs,229.9,05,0.0,0.0,0.0,0.0
Eisenn Tilki Kuyruğu Testere Pvc Metal Ytong Ahşap Ve Kemik Kesim Makinası 6 Kademe Devir Ayarlı 3 Adet Bıçak Hediyeli,4199.9,05,0.0,0.0,0.0,44.82913203903581
Pst 650 Dekupaj Testere,3011.0,05,-2.3670557717250325,-2.3670557717250325,-1.7618270799347473,1.448787061994609
Gks 190 Daire Testere Makinesi 1400 Watt 190mm,6512.0,05,-0.290920226611545,-0.36719706242350064,0.20003077396522542,3.1195566112430724
RTM385 DAİRE TESTERE 210MM 1800W RTRMAX,4751.65,05,0.0,0.0,0.0,1.6000188162041715
Dekupaj Testere 400 Watt,1332.66,05,0.0,0.0,0.0,2.5123076923076986
Gsa 185-Lı Solo Panter Testere,9607.49,05,0.0,0.0,-6.714341198174583,0.0
S 1531 L 190mm 2&#039;li Hızlı Kesim ahşap Panter Testere Ucu 2608650613,754.0,05,0.0,0.0,0.0,
10 Parça Karışık Dekupaj Testere Seti,579.99,05,8.207089552238807,5.452727272727274,8.409345794392525,13.723529411764707
Tilki Kuyruğu 900 W STPT0900,4897.0,05,-0.3256665988194586,-0.3256665988194586,0.06129955046996322,0.5750667488190594
Bi-Metal Kesme Bıçağı 32x30 mm,299.9,05,0.0,0.0,0.0,0.0
Panter Testere Bıçağı S1542K,139.9,05,0.0,0.0,0.0,0.0
Dekupaj Testere 710W GST8000E,5064.99,05,0.0,0.0,-8.54117009750813,0.0
Hcs Kesme Bıçağı 20x30 mm,129.9,05,0.0,,0.0,
T101B 5 li Ağaç Dekupaj Testere Bıçağı,451.0,05,13.602015113350127,13.602015113350127,13.602015113350127,13.602015113350127
PST700E Compact Dekupaj Testere,3182.0,05,-0.3445036016285625,-0.4068857589984351,-0.09419152276295133,2.4798711755233493
Daire Testere 1600 W 190 mm STSC16,5251.0,05,-0.11413353623739775,-0.15212017493820118,2.719092331768388,3.12254516889238
Panter Testere Bıçağı S1111K,99.99,05,0.0,0.0,0.0,0.0
Ahşap Dekupaj Testere Bıçağı T101AO,59.99,05,0.0,0.0,0.0,0.0
Ahşap Dekupaj Testere Bıçağı T101B,72.99,05,0.0,0.0,0.0,0.0
Ahşap Dekupaj Testere Bıçağı T301CD,72.99,05,0.0,0.0,0.0,0.0
Dekupaj Testere TC-JS 80/1,2134.92,05,0.0,0.0,-1.657377124694828,-1.657377124694828
"TC-JS 18 Li (1x2,5 Ah), Akülü Dekupaj Testere",4749.0,05,0.0,0.0,-19.49482963214104,-19.49482963214104
Metal Dekupaj Testere Bıçağı T123X,89.99,05,0.0,0.0,0.0,0.0
Dekupaj Testere Bıçağı T127D-Hss75,249.9,05,0.0,0.0,0.0,0.0
78126 Dekupaj Testere 400w,1530.0,05,0.0,1.010101010101007,2.040816326530606,2.564102564102564
Daire Testere Mke1,2287.0,05,0.0,0.0,0.0,0.0
Daire Testere Dwe1,2287.0,05,0.0,0.0,0.0,0.0
Tilki kuyruğu testere seti Metal Ahşap Kemik Kesme 3lü Tilki Kuyruğu bıçakları Paslanmaz seri,394.0,05,0.0,0.0,0.0,0.0
Optiline 305*30mm 100 Diş Ahşap Daire Testere Bıçağı 2608644386,2600.0,05,0.0,0.0,0.0,0.0
Compact Dekupaj Testere PST 650,2739.0,05,0.0,0.0,0.0,0.0
Eisenn Alman Grey E-3645 Yağ Pompalı Dijital Göstergeli 32 Cm Pala Çift Akü 10 Pi̇lli̇ Dal Budama Ağaç Kesim,5999.9,05,0.0,0.0,0.0,0.0
Ahşap Dekupaj Testere Bıçağı T101BR,69.99,05,0.0,0.0,0.0,0.0
Matkap İçin Şarjlı Ve  Elektrikli Matkap Pistonlu Jig Testere Aparatı Ağaç Metal Işleme Adaptör,695.0,05,0.0,0.0,0.0,0.0
"TC-JS 80/1 Kit, Dekupaj Testere",3566.46,05,0.0,0.0,0.0,0.0
Eco 190*30mm 24 Diş Ahşap Daire Testere Bıçağı 2608644376,621.0,05,-0.1607717041800643,-0.1607717041800643,0.16129032258064516,0.6482982171799028
Gst 185-Lı (S) Solo Dekupaj Testre,11299.0,05,0.0,0.0,0.0,7.619773311743976
"TC-JS 18 Li - Solo, Akülü Dekupaj Testere",2699.0,05,0.0,0.0,0.0,0.0
PMF 180 E Hard Metal Bıçak 85 mm,999.9,05,0.0,0.0,0.0,0.0
Profesyonel 550w Devir Ayarlı Dekupaj Testere Makinesi,1249.9,05,0.0,0.0,0.0,
Te-ap 750 E Kılıç Testere - 4326170,3106.92,05,0.0,0.0,2.5758526197629497,
Kwb Kutulu Dekupaj Testere Seti 10parça S30 617230,349.88,05,0.0,0.0,0.0,0.0
Sjd 6-a22 Akülü Tilki Kuyruğu Dekupaj Testere,22000.0,05,0.0,0.0,0.0,0.0
Tilki Kuyruğu Testeresi Seti 10 Parçalı Set Ahşap Metal Kemik Plastik Kesme Testere Ucu,499.0,05,0.0,-4.770992366412214,,
Tomax S 1211 K 300 Mm Paslanmaz Ti̇lki̇ Kuyruğu Kemi̇k Testeresi,360.0,05,0.0,0.0,0.0,
6 Lı Pro Set Tilki Kuyruğu Taşlama Somun Sökme Havalı Pompa Şarjlı Matkap Testere Mavi,4599.0,05,0.0,0.0,0.0,
Tomax S922ef Metal Kesme Ti̇lki̇ Kuyruğu Testeresi̇ 150 Mm,325.0,05,0.0,0.0,0.0,
Tomax S1531l Hcs Ahşap Kesme Ti̇lki̇ Kuyruğu Testeresi̇ 240 Mm,315.0,05,0.0,0.0,0.0,
Dekupaj Bıçağı T101ao 50m Parke Laminat 5&#039;li Hcs- 4932373392,403.97,05,0.0,0.0,,
Dekupaj Bıçağı T144df 75 Mm Bi-met Hızlı Kesim 5l- 4932373391,639.26,05,0.0,0.0,,
Professional Akülü Daire Testere Tp-cs 18/136-c Li Bl - Solo,8400.0,05,0.0,0.0,,
Dekupaj Bıçağı T118ahm 50mm Staınless Hcs 2&#039;li- 4932373393,1896.68,05,0.0,0.0,,
Set-14 (total Li-ion Akülü Dai̇re Testere (solo) Tsli1851+total P20s 2li̇ 2.0 Ah Tfbli2001 Akü Ve Şarj Aleti̇ Seti̇ Tfbcpk2212e),8959.0,05,0.0,0.0,0.0,
Professional Tp-jst 18/135 Li Bl S-f - Solo Akülü Dekupaj Testere 4321268,12000.0,05,0.0,0.0,0.0,
Set-12 (total Lion Akülü Kömürsüz Dekupaj Testere (solo) Tjsli1008+total P20s 2li̇ 2.0 Ah Tfbli2001 Akü Ve Şarj Aleti̇ Seti̇ Tfbcpk2212e),7919.0,05,0.0,0.0,0.0,
"Tomax Ti̇lki̇ Kuyruğu Gaz Beton / Tuğla - 305 Mm / 12,7 Mm",1325.0,05,0.0,0.0,0.0,
Eltos (matkap İçin) Daire Testere Aparatı,187.74,05,0.0,0.0,,
Best 300x30 Mm 96 Diş Ahşap Daire Testeresi 2608642117,5179.0,05,0.0,0.0,0.0,
Profesyonel 12 V Çift Akülü Şarjlı Dekupaj Testere Makinesi,1399.9,05,0.0,0.0,0.0,0.0
Alman 6 Kademe Devir Ayarli Bakir Sargili Beton Tuğla Kemik Kesme Tilki Kuyruğu 5 Uç,2699.0,05,0.0,0.0,0.0,
Alman Pro 4200 Watt Lazerli Bakir Sargili Metal Şanzuman Sunta Kesme Daire Testere Makinesi 185 Mm,2899.0,05,0.0,0.0,0.0,
Dx51bc 18volt 2.0ah Li-ion Tek Akülü Profesyonel Kömürsüz Dekupaj Testere,7027.78,05,0.0,0.0,0.0,
Dx55 1400watt 110mm Profesyonel Sulu/kuru Seramik Kesme,4459.6,05,0.0,0.0,0.0,
Ahşap Dekupaj Testere Bıçağı T101 B-Hcs,199.9,05,0.0,0.0,0.0,
Starlock Testere 3&#039;lü Ahşap Bfw Seti 2608662343,1358.0,05,0.0,0.0,0.0,
Da07901 8 Parça Profesyonel Metal/ahşap Kesme Tilki Kuyruğu Testere Ucu,1065.0,05,0.0,0.0,0.0,0.0
Eisenn Tilki Kuyruğu Testere 3 Adet Bıçak Hediyeli Pvc Metal Ytong Ahşap Ve Kemik Kesim Makinası 6 Kademe Devir Ayarlı,4199.9,05,0.0,0.0,0.0,
Eisenn Germany Bluer 32 Cm E-3445 Bl Motor Yağ Pompalı Çift Akü 10 Pi̇lli̇ Dal Budama Testere Makinası,5999.9,05,0.0,0.0,0.0,
"Hcs185 Daire Testere | 1200w – 185 Mm – Softstart Fonksiyonlu, Açı Ayarlı Kesim",3114.0,05,0.0,1.010101010101006,1.010101010101006,
Dekupaj Dwe1,1371.0,05,0.0,0.0,0.0,
Tc-ap 690 E Kılıç Testere - 4326161 E,3712.62,05,0.0,0.0,0.0,
Klpro Kldt18b-00 18v Solo Kmrsz Dekupaj,5187.79,05,0.0,0.0,0.0,
Klpro Klbtk18-00 18v Tilki Kuyruğu Dal Kesme Aküsüz/solo Tek Makine,2063.89,05,0.0,0.0,0.0,
Kl Pro Kldat18b 18v Daire Testere(solo),5399.58,05,0.0,0.0,0.0,
RTM3650 DEKUPAJ TESTERE 450W 55 MM 3000 RPM,1392.75,05,0.0,0.0,0.0,
RTX1844B AKÜLÜ DEKUPAJ TESTERE X-LION *AKÜSÜZ SATILMAKTADIR*,2298.21,05,0.0,0.0,0.0,
Psa 900 E Panter Testere - 06033a6000,6385.0,05,-0.2966895690193629,-0.37447339678577,0.1411543287327478,
Bosch Pst 800 Pel Universal Dekupaj Testere,3605.0,05,-1.8780620577027765,-1.9047619047619049,-1.6639388979814513,
T101D 5 li Ağaç Dekupaj Testere Bıçağı,427.0,05,-0.23364485981308408,-0.23364485981308408,-2.2883295194508007,18.644067796610177
Dcs334nt-xj 18v Akülü Dekupaj Testere (akü Hariç),13936.0,05,2.0429083986234167,-0.1361519168756718,0.07180812868016659,
Exst Diş Daire Testere Bıçağı 305 X 25.40 Mm 80 - 2608643061,6538.0,05,-0.28976666158304104,-0.365742151782993,0.15318627450980393,51.430576561844966
Wx437 800watt 120mm Profesyonel Çok Amaçlı Lazerli Daire Testere,6401.01,05,0.0,0.0,0.0,
Wx479 750watt Profesyonel Devir Ayarlı Dekupaj Testere,5107.83,05,0.0,0.0,0.0,
Gst 18 V-155 Sc Dekupaj Testere Solo,18579.0,05,0.0,,0.0,
Ahşap Dekupaj Testere Bıçağı T234X,79.99,05,0.0,0.0,0.0,
Ahşap Dekupaj Testere Bıçağı T144DP,64.99,05,0.0,,0.0,
Metal Dekupaj Testere Bıçağı 118A HSS,179.9,05,0.0,,0.0,
Ahşap Kavisli Dekupaj Testere Bıçağı T101AO,199.9,05,0.0,,0.0,
Expert T 308 Bp 5&#039;li Çapaksız Ahşap Dekupaj Bıçağı 2608900558,711.0,05,0.0,0.0,0.0,
Universalmulti 18v-32 Solo Çok Fonksiyonlu Alet,4029.99,05,0.0,0.0,0.0,
Multi Material 210*30 Mm 80 Diş Elmas Daire Testere Bıçağı 2608640445,2203.0,05,0.0,,0.0,
T118a Metal Dekupaj Testere Bıçağı 5 Adet,237.0,05,0.0,,0.0,
Multi Material 160*20/16mm 42 Diş Elmas Daire Testere Bıçağı 2608640503,1604.0,05,0.0,,0.0,
S 1531 L 190 Mm 5&#039;li Hızlı Kesim Ahşap Panter Testere Ucu 2608650676,1543.0,05,0.0,,0.0,
- Tilki Kuyruğu Bıçağı S 1211 K -2 Buz Ve Kemik Kesme 2&#039;li Paket,999.0,05,0.0,,,
Ahşap | Sunta Daire Testere Bıçağı 300*30 Mm 48 Diş Expert 2608642508,2649.99,05,0.0,0.0,0.0,
Optiline 216x30 Mm 48 Diş Ahşap Için Daire Testere Bıçağı 2608640432,1068.74,05,0.0,0.0,-26.24292615596963,
Ahşap Kesme Daire Testere Bıçağı 216*30 Mm 40 Diş Expert 2608644079,2361.0,05,0.0,0.0,0.0,
Best Ext. Sert Laminant Testere 300*30 Mm 96 Diş 2608642110,5787.0,05,0.0,0.0,0.0,
Alüminyum Daire Testeresi 260*30 Mm 80 Diş Expert 2608644113,4154.0,05,0.0,4.006009013520281,4.006009013520281,
Alüminyum Daire Testeresi 305*30 Mm 96 Diş Expert 2608644115,3397.49,05,0.0,0.0,-31.6400402414487,
Klpro Kldt18b-20 18volt/2.0 Ah Li-ion Çift Akülü Kömürsüz Profesyonel Dekupaj Testere,7747.54,05,0.0,0.0,0.0,
Multi Material 254*30 Mm 96 Diş Elmas Daire Testere Bıçağı 2608640451,2680.0,05,0.0,,0.0,
Ti̇lki̇ Kuyruğu Testere Biçaği Ahşap 240 Mm Ağaç,260.9,05,0.0,0.0,0.0,
İnox Metal Çelik Kesme Taşı 115 Mm. - 3 Adet,161.5,05,0.0,0.0,0.0,
Optiline Ahşap 254x2x30 Mm 60 Diş Daire Testere Bıçağı 2608640436,2248.0,05,0.0,34.41037016663777,0.0,
Eisenn Tilki Kuyruğu Testere Kemik Metal Pvc Ytong Ahşap Kesim Makinası 3 Adet Bıçak Hediyeli 6 Kademe Devir Ayarlı,4199.9,05,0.0,0.0,0.0,
Klpro Kltkt18b-00 18v Solo Tilki Kuy,5133.79,05,0.0,0.0,0.0,
"Yüksek Kalite Pürüzsüz Keskin Tilki Kuyruğu Testeresi Kemik Et ,demir,ağaç ,plastik Kesme 2li Set",609.5,05,,,,
RTX2038B AKÜLÜ DAİRE TESTERE KÖMÜRSÜZ 165MM X-LION *AKÜSÜZ SATILMAKTADIR*,3763.65,05,0.0,0.0,0.0,
Panter Testere Metal Kesme Bıçağı 5 Li Set Trsb922ef,429.0,05,0.0,0.0,0.0,
"Te-js 100, Dekupaj Testere - 4321160 Kırmızı",4499.0,05,0.0,0.0,0.0,
Çoklu Malzeme Kesimi İçin Daire Testeresi 216*30 Mm 64 Diş Expert Multi Material 2608642493,3082.0,05,0.0,0.0,0.0,
Metal Daldırmalı Testere Bıçağı AIZ20AB,531.0,05,0.0,0.0,0.0,
Optiline Wood Daire Testere Bıçağı 254x30 mm,1953.0,05,0.0,0.0,0.0,
Prosaw 51218 Daire Sunta Testeresi 185x30/20mm 40 Diş,506.23,05,0.06325235713862014,0.522239872915011,0.9270704573547659,
TC-CS 1400 -1 Daire Testere,4029.99,05,0.0,0.0,-12.37247227658187,
Beton Elmas Kesme Diski 115mm Adet,349.99,05,0.0,0.0,0.0,
TE-AP 18/22 Li Solo Akülü Kılıç Testere,3799.0,05,0.0,0.0,,
Tp-jst18/135li Bl Solo Dekupaj T,6399.0,05,0.0,0.0,0.0,
"Classic Tc-js 18/70 Li (1x2,5ah",3699.0,05,0.0,0.0,0.0,
Optiline Wood Daire Testere Bıçağı 24 Diş,999.9,05,0.0,0.0,0.0,
Ahşap Daire Testere Diski 36 Diş 190x30 mm,1399.0,05,,,,
Optiline Wood Daire Testere Bıçağı 184x30 mm,1099.0,05,0.0,0.0,0.0,
Ahşap - Metal Panter Testere Ucu S1122HF,409.9,05,0.0,0.0,0.0,
21v 6 Başlıklı Set Hava Pompası Vidalama Somun Sıkma Dal Budama Tilki Kuyruğu Taşlama,4399.9,05,0.0,0.0,0.0,
Paslanmaz Kemi̇k Kesme Testeresi̇  Wjt4208,679.0,05,0.0,0.0,0.0,
"Skil Set-31 (skil Xp 3480fa Akülü Kiliç Testere Çantali+4,ah Li Batarya+2,5ah Batarya + 2.4a Şarj Ci̇hazi)",15209.0,05,0.0,0.0,0.0,
"Skil Set-33 (skil Powertools 3471ca Akülü Kiliç Testere+4,ah Li Batarya+2,5ah Batarya + 2.4a Şarj Ci̇hazi)",11449.0,05,0.0,0.0,0.0,
Skil 4961da Elekti̇kli̇ Kiliç Testere 900w Çantali,6249.0,05,0.0,0.0,0.0,
Khrs-5120 Tilki Kuyruğu Testere Devir Ayarlı 3 Bıçaklı-kilit Düğmeli,2579.0,05,0.0,0.0,,
Skil Xp 3480fa Akülü Kiliç Testere Çantali,11779.0,05,0.0,0.0,0.0,
Skil Compact 3475fa Akülü Kiliç Testere Çantali,9739.0,05,0.0,0.0,0.0,
Skil Powertools 3471ca Akülü Kiliç Testere,6159.0,05,0.0,,0.0,
4961aa Kılıç Testere 900w,5239.0,05,0.0,0.0,0.0,
"Skil Set-32 (skil Compact 3475fa Akülü Kiliç Testere Çantali+4,ah Li Batarya+2,5ah Li + 2.4a Şarj Ci̇hazi)",13829.0,05,0.0,0.0,0.0,
Skil 5360ga Çoklu Malzeme Testeresi̇ 600w  89mm Çantali,8959.0,05,,,,
Pr305 Radi̇al(kizakli) Gönye Kesme Maki̇nasi,25534.0,05,,,,
Lion Akülü Dekopaj Testere Solo -tjsli1008,3725.0,05,0.0,0.0,0.0,
Dekupaj Mke,2037.0,05,0.0,0.0,0.0,
Professional Gst 185-li 2x4.0 Ah Li-on Akülü Dekupaj,21552.0,05,0.0,0.09753378849101296,0.09753378849101296,
"Hassas Kesim Lazerli 6 Devirli Yüksek Tork Ahşap,metal,plastik Kesme Sunta Testere Daire Testere",3220.0,05,,,,
RTM139 DUVAR KANAL AÇMA MAK. 1100W 16-35 MM ÇANTALI,12783.0,05,0.0,0.0,0.0,
Sunta Kesme 190mm HS7601,6477.0,05,-0.29248768472906406,-0.35384615384615387,0.15463120457708365,
Dekupaj Testere Bıçak Seti 6 Parça,321.24,05,0.0,0.0,,
Pst 650 Compact 500 W Dekupaj Testere Makinası + 10 Parça Metal Ahşap Karışık Testere Bıçağı,3799.0,05,0.0,0.0,0.0,
Rtrmax Rtm9070 Tilki Kuyruğu Testere 110mm 710w,2424.97,05,0.0,0.0,,
Ekonomik Seri 190*30 Mm 48 Diş Daire Testere Bıçağı,615.0,05,-0.16233766233766234,-0.16233766233766234,0.16286644951140067,
Elmaslı Tırpan Daire Testere 40tx25.4x255mm Profesyonel Gold,825.0,05,0.0,1.0101010101010102,1.0101010101010102,
Bosch T 118 A Basic Metal Dekupaj Testere Bıçağı 2 608 631 964 (adet),196.31,05,0.0,0.0,,
Alman 6 Kademe Devir Ayarli Bakir Sargili Beton Tuğla Kemik Kesme Tilki Kuyruğu 10 Uç,2999.0,05,0.0,0.0,0.0,
Dcs565nt Aküsüz Daire Testere,14560.0,05,-0.10976948408342481,,,
Klpro Kltlt300 Paslanmaz Kemi̇k Kesme Testere Ağzi,625.21,05,0.0,0.0,0.0,
"TC-JS 85 E, Dekupaj Testere",3389.54,05,0.0,0.0,,
Knisaw 51591 Buat Testeresi Seti 7 Parça,256.69,05,0.0,0.0,,
PST900PEL Dekupaj Testere,5296.0,05,-0.1320007542900245,,,
Pks 66 Af Daire Testere,7510.0,05,2.0241814970792014,2.0241814970792014,,
"Tc-js 60/1, Dekupaj Testere - 4321135",1695.0,05,-0.17667844522968199,-0.23543260741612712,0.7728894173602854,
Einhell Te-cs 190/1 Daire Testere - 4331005,5443.0,05,-0.29309397325517494,-0.38433382137628114,0.20250368188512521,
305x30mm 96 Diş Ekonomik Alüminyum Daire Testere 2608644396,2400.0,05,-0.12484394506866417,-0.12484394506866417,0.08340283569641367,
Gks 600 1200 W Daire Testere,6058.0,05,-0.29624753127057274,-0.3618421052631579,,
Kress Kue11 20volt 4.0ah. Li-ion 140mm Çift Akülü Kömürsüz Profesyonel Çok Amaçlı Daire Testere,16716.16,05,0.0,0.0,,
Professional Gsa 120 Panter Testere - 06016b1020,7824.99,05,0.0,0.0,,
Pt 301 S 300 Mm Paslanmaz Et/kemi̇k Kesi̇ci̇ Testere Uç P3ed530 (5 Adet),688.8,05,0.0,0.0,,
Mi̇ni̇ Dai̇re Testere Seti̇ 7 Parça,450.0,05,0.0,,,
"Pro Çelik Daire Testere 355x25,4 Mm 66 Diş",3799.99,05,0.0,,,
Mwb600 2 Parçalı Testere Sehpası Seti - 5907109852,9782.4,05,0.0,0.0,,
Best Sessiz 254*30 Mm 60 Diş Ahşap Testeresi 2608642102,3636.0,05,0.0,28.822422754376465,,
S 644 D 100mm 2&#039;li Hızlı Kesim Ahşap Panter Testere Ucu 2608650614,720.0,05,0.0,0.0,,
S 3456 Xf 150mm 2&#039;li Progressor Ahşap-metal Panter Testere 2608654405,1127.0,05,0.0,,,
Bay-tec Elmas Sunta Testere 115mm,178.76,05,0.0,0.0,,
Eisenn Tilki Kuyruğu Testere Kemik Metal Pvc Ytong Ahşap Kesim Makinası 6 Kademe Devir Ayarlı 3 Adet Bıçak Hediyeli,4199.9,05,0.0,0.0,0.0,
Eisenn Tilki Kuyruğu Testere 6 Kademe Devirli Pvc Metal Ytong Ahşap Ve Kemik Kesim Makinası 3 Adet Bıçak Hediyeli,4199.9,05,0.0,0.0,0.0,
"Bay-tec Tuğla Ytong Tilki Kuyruğu Testere Bıçağı 305mm 12,7mm 1ad",999.75,05,0.0,0.0,,
Bay-tec Mk2319  Tuğla - Ytong Tilki Kuyruğu Testere Ağzı 455 Mm,999.75,05,0.0,0.0,,
"Usta Set Premium Kalite Taşlama Ahşap,metal,plastik Sunta Açılı Kesme Daire Testere Combo Set",3565.0,05,,,,
"Hobi Ful Set Premium 6 Devirli Yüksek Tork Ahşap,metal,plastik Kesme Dekupaj Testere Combo Hobi Set",3565.0,05,,,,
"Premium 6 Devirli Yüksek Tork Hassas Keskinlik Ağaç,sunta Odun Kesme Dekupaj Testere Combo Hobi Set",2645.0,05,,,,
"Premium Kalite 6 Kademe Devirli Ahşap Ustası Yüksek Tork Keskinlik Ağaç,sunta Kesme Dekupaj Testere",2645.0,05,,,,
Js20x-26 Akülü Dekupaj Testere 3500rpm 26mm Akü Ve Şarj Cihazı Hariç,7500.0,05,0.0,2.564102564102564,,
Cs20s-165 Akülü Daire Testere 165mm Akü Ve Şarj Cihazı Hariç,5550.0,05,0.0,2.564102564102564,,
Rs20s-20 Akülü Tilki Kuyruğu Testere 3000rpm 20mm Akü Ve Şarj Cihazı Hariç,3900.0,05,0.0,2.0408163265306123,2.0408163265306123,
Cs20x-190 Akülü Daire Testere Kömürsüz Motor 190mm Akü Ve Şarj Cihazı Hariç,10200.0,05,0.0,2.564102564102564,,
Js20s-24 Akülü Dekupaj Testere 20v 2500 Dev/dk 24mm Strok 80mm Kesim Akü Ve Şarj Cihazı Hariç,3528.0,05,0.0,2.564102564102559,,
Hcs190x Daire Testere 1500w 190mm,4470.0,05,0.0,1.010101010101006,,
Hais Tilki Kuyruğu Testere Bıçağı Paslanmaz 300mm 1.25mm 8.5/3 Tpi – Et Kemik,295.0,05,0.0,1.0101010101010062,,
"Hrs850 850w Tilki Kuyruğu Testere Değişken Hızlı, Ahşap &amp; Metal Kesim",3300.0,05,0.0,1.0101010101010102,1.0101010101010102,
6 Devirli Dekupaj Testere,6500.0,05,0.0,0.0,,
78203 Dekupaj Testere 600w,3000.0,05,0.0,1.0101010101010102,,
"Standart 450x25,4x10mm Elmas Asfalt Daire Testere 2608602627",7990.0,05,0.0,0.0,0.0,
"Köni̇g Çi̇zi̇ci̇ Testere 180*4,3/3,2*30 Z28",3509.25,05,0.0,,,
Dekupaj Dwe,2037.0,05,0.0,0.0,,
Knisaw 51905 Vantuzlu Daire Testere 40-200 Mm,4344.92,05,0.0,0.0,,
Makita M3702b Formika Traşlama 240 Watt,7357.24,05,0.0,0.0,,
Bosch Pst 670 Easy Dekupaj Testere 500 Watt,4398.78,05,0.0,0.0,,
Catpower 3901 Elektrikli Planya 900 Watt,5240.31,05,0.0,0.0,,
"Tc-js 18/70 Li (1x2,5ah), Akülü Dekupaj Testere",4857.23,05,0.0,0.0,,
Dekupaj Mke1,1371.0,05,0.0,0.0,,
Tilki Kuyruğu Testere Ve Kemik Kesme Bıçağı Hediyeli X2ad Mx4539 710 W,2999.99,05,0.0,0.0,0.0,
Tilki Kuyruğu Testere Bıçağı Paslanmaz Kemik Kesme 30 Cm 300 Mm,299.99,05,0.0,0.0,,
Dcs565nt Aküsüz Daire Testere 18v,18062.28,05,0.0,0.0,,
Hs7601 Daire Testere 1200 W,12266.53,05,0.0,0.0,,
Kl Pro Kldt1110 710watt Profesyonel Lazerli Dekupaj Testere,4022.94,05,0.0,0.0,,
Kl Pro Kldt10265 450watt Profesyonel Dekupaj Testere,2858.1,05,0.0,0.0,,
Einhell Gc-ec 7520 T Elektrikli Yüksek Dal Budama,5688.0,05,0.0,0.0,,
Plastik Boru Kesici Dt02pc,11722.0,05,0.0,0.0,0.0,
Tilki Kuyruğu Mke,2370.0,05,0.0,0.0,,
Daire Testere Mke,2786.0,05,0.0,0.0,,
Tilki Kuyruğu Dwe,2370.0,05,0.0,,,
Dwe349 650watt Profesyonel Pandül Hareketli Dekupaj Testere,6793.84,05,0.0,0.0,,
Kl Pro Kldat18501 1350watt Profesyonel Daire Testere,4764.22,05,0.0,0.0,,
Kl Pro Kldt18b-50 18volt/5.0 Ah Li-ion Çift Akülü Kömürsüz Profesyonel Dekupaj Testere,11966.27,05,0.0,0.0,,
Kl Pro Kldat18b-50 18volt/5.0ah Li-ion Kömürsüz Profesyonel Daire Testere,12019.22,05,0.0,0.0,,
Profesyonel Lazerli Sunta Kesme Daire Testere Makinesi 21v 4.0ah,5500.0,05,0.0,0.0,,
Cat Power 1330 Akülü Dal Kesme 15 Cm Pala,4472.62,05,0.0,0.0,,
İnox Kesme Diski Sp115x1,2370.0,05,0.0,0.0,,
Ahşap Dekupaj Testere Bıçağı T111 C-Hcs,97.5,05,0.0,0.0,,
Tc-js 18 Li-solo Akülü Dekupaj Testere - 4321209 Kırmızı,2591.08,05,0.0,0.0,,
Dekupaj Testere 450 Watt KLDT10265,2699.27,05,0.0,0.0,,
Şarjlı Dekupaj Mky,1954.0,05,0.0,0.0,,
Daire Testere Dwe,2786.0,05,0.0,0.0,,
Hs6601 Daire Testere Makinesi 1010 Watt 165mm,7899.0,05,0.0,0.0,,
Daire Testere Aparatı,165.0,05,0.0,0.0,,
Klpro Kldat96235 235mm 2400watt Profesyonel Daire Testere,7146.85,05,,0.0,,
Klpro Klbtk18-20 18v/2ah. Şarjlı Tilki Kuyruğu Dal Kesme,5399.58,05,0.0,0.0,,
Klpro Kldat18b-80 18volt/8.0ah Li-ion Kömürsüz Profesyonel Daire Testere,15036.02,05,0.0,0.0,,
Şarjlı Dekupaj Dw12,1954.0,05,0.0,0.0,,
Şarjlı Dekupaj Mk12,1954.0,05,0.0,0.0,,
"Elmas Kesme Disk Sfaspha 350*25,40/20mm – 2608602625",6708.8,05,0.0,0.0,,
T 344 D Uzun Ahşap Dekupaj Testere Bıçağı 3&#039;lü 2608637944,296.5,05,0.0,0.0,,
Klpro Kltkt18b-20 18v/2.0ah. Li-ion Çift Akülü Kömürsüz Prof Tilki Kuyruğu Testere,8311.69,05,,0.0,,
1500w 190mm Daire Testere,6900.0,05,0.0,0.0,,
Tc-cs 89 Mini Daire Testere,5540.31,05,0.0,0.0,,
Kl Eco Daire Testere Ke14185dat 1400watt 185mm,3150.0,05,0.0,0.0,,
Klpro Kldt18b-50 18volt/5.0 Ah Li-ion Çift Akülü Kömürsüz Profesyonel Dekupaj Testere,11224.92,05,0.0,0.0,,
300 Mm 96 Diş Laminant Daire Testere Expert 2608642517,3672.5,05,0.0,0.0,0.0,
Kl Pro Kldat18501 1350 Watt Profesyonel Daire Testere,4725.0,05,0.0,0.0,,
Klpro Profesyonel Daire Testere Kldat96235 2400watt,7040.96,05,0.0,0.0,,
T111c Ahşap Dekupaj Testere Bıçağı 5 Adet Sunta Kesme Ağzı,219.99,05,0.0,0.0,,
Optiline 230*30 Mm 48 Diş Ahşap Daire Testere Bıçağı 2608644382,1224.24,05,0.0,0.0,,
Sandviç Panel 235 Mm 50 Diş Expert Daire Testere 2608644143,6104.0,05,0.0,0.0,,
Sandviç Panel 350*30 Mm 60 Diş Expert Daire Testere Bıçağı 2608644165,9028.7,05,0.0,0.0,,
Best Laminant 125*20 Mm 24 Diş Daire Testere Bıçağı 2608642609,2429.5,05,0.0,0.0,,
Knisaw 51595 Buat Testeresi Seti 5 Parça,399.82,05,0.0,0.0,,
S 1125 Vf 175mm 25&#039;li Metal Ağır Hizmet Panter Testere 2608657556,241.5,05,0.0,0.0,,
T 102 H Pvc İçin Temiz Kesim Dekupaj Ucu 5&#039;li 2608667446,528.28,05,0.0,0.0,,
T 144 D Eko. Hızlı Kesim Ahşap Dekupaj Ucu 25&#039;li 2608633625,1999.0,05,0.0,0.0,,
Devir Ayarlı Bakır Sargılı Şanzıman Prüzsüz Kemik Ve Buz Kesme Tilki Kuyruğu Makinesi 5 Bıçaklı,2939.99,05,0.0,0.0,,
Dwe349 Dekupaj Testeresi 500 Watt,8153.29,05,0.0,0.0,,
Klpro Kltkt18b-50 18volt/5.0ah Li-ion Kömürsüz Profesyonel Tilki K,11859.17,05,0.0,0.0,,
Klpro Kldat18b-50 18volt/5.0ah Li-ion Kömürsüz Profesyonel Daire Testere,12070.96,05,0.0,0.0,,
Kurban Seti 850 W Tilki Kuyruğu  500 Kg Vinç Bıçak Bileme X2 Kemik Bıçağı Hediye,15000.0,05,0.0,,,
Klpro Kldat18b-20 18volt/2.0ah Li-ion Kömürsüz Profesyonel Daire Testere,8682.32,05,,0.0,,
Klpro Klmsdt85 85mm Daire Testere Klms18-20 Ile Uyumlu,1409.97,05,0.0,0.0,,
Siyah 710watt Profesyonel Lazerli Dekupaj Testere Kldt1110,4552.42,05,0.0,0.0,,
Te-ap 950 E Testere(4326180) Kırmızı,5863.38,05,0.0,49.76743235614907,35.600832562442186,
T 744 D Ekstra Uzun Temiz Kesim Ahşap Dekupaj 3&#039;lü 2608663314,1050.9,05,0.0,0.0,0.0,
Hais 10&#034; Ahşap Şerit Testere Makinası,25685.0,05,0.0,0.0,0.0,
Cat Power 1720 Dekupaj Testere 710 Watt,6164.92,05,0.0,0.0,,
Alman 6 Kademe Devir Ayarli Bakir Sargili Beton Tuğla Kemik Kesme Tilki Kuyruğu 10 Uç Greyy,2999.0,05,0.0,0.0,0.0,
C1807da-5.0 18v/5.0ah 190mm Kömürsüz Akülü Daire Testere,32561.61,05,0.0,,,
Rtrmax Rtx3080b Akülü Kömürsüz Dai̇re Testere *aküsüz Satilmaktadir*,4372.72,05,0.0,,,
Rtrmax Rtx3080 Akülü 18v 4ah Kömürsüz Dai̇re Testere,9767.72,05,0.0,,,
Cr13v2 300mm 1010w Profesyonel Tilki Kuyruğu Testere,14652.12,05,0.0,0.0,,
Rtrmax Rtm3830 1400 W 190mm Dai̇re Testere,3192.46,05,0.0,,,
Cmc Tilki Kuyruğu Makinası 710w - Cmc3943,3279.0,05,0.0,,,
Rtm137 Çok Amaçlı Kesici Raspalama 320 W,3768.79,05,0.0,,,
Cj90vst2 90mm 705w Profesyonel Dekupaj Testere,9225.01,05,0.0,,,
C7ss 190mm 1050w Profesyonel Daire Testere,8139.58,05,0.0,,,
Cj65v3 65mm 400w Profesyonel Dekupaj Testere,5751.66,05,0.0,,,
Rtrmax  Rtm382 Daire Testere Lazerli 185mm 1300w,3023.87,05,0.0,,0.0,
Rtrmax Rtm137 Çok Amaçlı Kesici Raspalama 320w,3753.65,05,0.0,,,
Rtrmax Rtm 3680 Elekti̇ri̇kli̇ Dekupaj Testere,2667.56,05,0.0,,,
Rtrmax Tilki Kuyruğu Testere 1200w Rtm9075,4669.49,05,,0.0,0.0,
Rtrmax Rtx2067b Şarjlı Tilki Kuyruğu Testere Kömürsüz Motor-aküsüz,4192.54,05,0.0,0.0,,
RTX2038 AKÜLÜ DAİRE TESTERE KÖMÜRSÜZ 165MM 2x4 Ah AKÜ X-LION,8586.52,05,0.0,,,
RTM9075 TİLKİ KUYRUĞU TESTERE 1200 W 210 MM DEVİR AYARLI RTRMAX,4669.51,05,0.0,0.0,,
RTX2067B AKÜLÜ TİLKİ KUYRUĞU KÖMÜRSÜZ X-LION *AKÜSÜZ SATILMAKTADIR*,4192.54,05,0.0,0.0,,
MSHP900 Planya 900 W,2099.0,05,0.0,0.0,0.0,0.0
Polisaj Makinesi 1200W,2999.0,05,0.0,0.0,0.0,
MSDLS160 Mouse Zımpara 160 W,1199.0,05,0.0,0.0,0.0,0.0
MSSS220 1/4 Titreşimli Zımpara 220 W,1149.0,05,0.0,0.0,9.532888465204957,0.0
MSOS300 Ekzantrik Zımpara 300 W 125 mm,1699.0,05,0.0,0.0,0.0,0.0
PTSS135C Titreşimli Zımpara,749.9,05,0.0,0.0,0.0,0.0
Ss28 280 W Titreşimli Zımpara Makinesi,3962.12,05,0.0,0.0,0.0,-2.3911233303277992
PEX 300 AE Eksantrik Zımpara,4999.0,05,0.0,0.0,0.0,2.0412329046744233
D26453 Eksantrik Zımpara,5799.0,05,0.0,0.0,0.0,0.0
EBS950 Tank Zımpara 950W,2879.0,05,0.0,0.0,0.0,0.0
EHP1050 Planya 1050W,3349.0,05,0.0,0.0,0.0,0.0
Titreşimli Zımpara 200 Watt,1499.0,05,0.0,0.0,0.0,0.0
MSBS900 Tank Zımpara 900 W,1899.0,05,0.0,0.0,0.0,0.0
MSMS200 Çok Amaçlı Titreşimli Zımpara 200 W,1999.0,05,0.0,0.0,0.0,0.0
TTR Zımpara Kağıdı 10lu 93X185 mm Mix Grid,329.9,05,0.0,0.0,0.0,0.0
PSS 250 AE Titreşimli Zımpara,4299.0,05,2.3815194093831864,2.3815194093831864,2.3815194093831864,2.3815194093831864
Sp137-tr Polisaj Makinesi 1300w,5299.0,05,0.0,0.0,0.0,0.0
Çok Amaçlı Zımpara PSM 100,2699.0,05,0.0,0.0,0.0,16.086021505376344
Zımpara Kağıdı 1/3 120 Kum,59.99,05,0.0,0.0,-7.693491306354813,0.0
Tank Zımpara 5&#039;li Set 75x533 mm,159.9,05,0.0,0.0,0.0,0.0
1/3 Zımpara Kağıdı Onlu Set 93x230 mm,99.99,05,,0.0,0.0,
Zımpara Diski Beşli 180 Kum,89.99,05,0.0,0.0,0.0,0.0
Ekzantrik Zımpara Set,199.9,05,0.0,0.0,0.0,0.0
Rtrmax Rtm3793 710w Duvar Alçı Alçıpan Betopan Zımparalama,7252.75,05,0.0,0.0,0.0,1.600049309871924
Hso300 Eksantrik Zımpara 300w,2190.0,05,0.0,1.0101010101010144,1.0101010101010144,2.564102564102564
Orbital Kablosuz Akülü Lityum 2x Batarya 6 Devir Ayarlı  Detay Pasta Cila Polisaj Makinesi Ful Set,2873.0,05,,,,0.0
Çanak Fırça 100-6 mm,159.9,05,,0.0,,
C450 125 Mm 8 Delikli 240 Kum Zımpara Kağıdı 50&#039;li 2608621746,658.79,05,0.0,0.0,0.0,0.0
Psm Zımpara 10&#039;lu Set,456.0,05,0.0,82.47298919567827,82.47298919567827,82.47298919567827
Planya Bıçağı Düz Sert Metal 35 2Li,1054.0,05,12.127659574468085,12.127659574468085,12.127659574468085,12.127659574468085
Gex 18v-125 Solo Eksantr.zimpara,9585.0,05,6.511834648294255,6.511834648294255,6.511834648294255,6.511834648294255
"TE-RS 18 Li - Solo, Akülü Eksantrik Zımpara",2129.0,05,0.0,0.0,0.0,0.0
Planya Bıçağı HM+CT,169.9,05,0.0,0.0,0.0,0.0
1/3 Zımpara Kağıdı Beşli 80 Kum,64.99,05,0.0,0.0,0.0,0.0
Planya GHO 6500,6674.99,05,0.0,0.0,-1.8239446977496723,0.0
Zımpara Kağıdı Mixed Grit 125 mm,109.9,05,0.0,0.0,0.0,0.0
Expert S473 3&#039;lü Sünger Zımpara Çift Taraflı 2608901176,279.0,05,0.0,0.0,0.0,0.0
1/3 Zımpara Kağıdı 5&#039;li 80 Kum,54.99,05,0.0,0.0,0.0,0.0
PHO1500 Planya,4659.0,05,-2.162956740865183,-2.24506924045321,-1.7088607594936709,1.4369693011103852
Zımpara Kağıdı 1/3 80 Kum,64.99,05,0.0,0.0,0.0,0.0
"TC-OS 1520, Titreşim Zımpara",3248.7,05,0.0,0.0,85.74614065180101,85.74614065180101
Zımpara Kağıdı 1/3 40 Kum,54.99,05,0.0,0.0,0.0,0.0
1/3 Zımpara Kağıdı 5&#039;li 40 Kum,64.99,05,0.0,0.0,0.0,0.0
"TC-OS 18/187 Li - Solo, Akülü Zımpara",1729.99,05,0.0,0.0,-41.590700375442296,0.0
Hmlt260 Fonksiyonel Raspalama 260w Derz Kazıma Bıçağı Hediyeli,3246.75,05,0.0,1.0101795736525692,1.0101795736525692,2.5641430638303273
Eksantrik Zımpara 300 Watt KE30125EZ,1936.82,05,0.0,0.0,0.0,1.5999412480590878
Zımpara Kağıdı Delta 5 Parça 93mm 40 gram,44.99,05,0.0,0.0,0.0,0.0
Zımpara Kağıdı Mixed Grit 115 mm,89.99,05,0.0,,0.0,0.0
Zımpara Kağıdı Beşli 40 Kum,64.99,05,0.0,0.0,0.0,0.0
950 Watt Polisaj Makinesi GPO 950,7019.99,05,0.0,0.0,-9.72235082304527,0.0
Zımpara Kağıdı Beşli 120 Kum,72.99,05,0.0,0.0,0.0,0.0
Multi Zımpara Kağıdı 10lu 102X62/93 mm,448.0,05,0.0,0.0,0.0,72.37398999615237
Zımpara Kağıdı Multi 5 Pc 80 Kum,64.99,05,0.0,0.0,0.0,0.0
Zımpara Kağıdı Delta 5 Parça 93mm 80 gram,39.99,05,0.0,0.0,0.0,0.0
Full Detay 30 Parça 6 Kademe Ayarlı Polisaj Makinesi Koltuk Yıkama Zımpara Pasta Cila Takım,3680.0,05,,,,0.0
Ss30 Eksantrk Zimpara 300w 125mm,3057.0,05,0.791295746785361,-0.16329196603527107,0.032722513089005235,1.1247105524313596
Pmf Üçgen Zımpara Altılı Set,139.9,05,0.0,0.0,0.0,0.0
1/3 Zımpara Kağıdı Beşli 180 Kum,59.99,05,0.0,0.0,0.0,0.0
Polisaj Makinesi 1400 Watt GPO14 CE,8199.0,05,1.2347203358439314,1.2347203358439314,1.2347203358439314,1.2347203358439314
Cc-po 1100/150 Ce Polisaj,3999.0,05,0.0,0.0,0.0,0.0
DWP849X-QS 1250W 150-180 mm Polisaj Makinesi,11500.0,05,0.0,0.0,0.0,10.311750599520384
Zımpara Bandı ve Mandreni (407),142.9,05,0.0,0.0,0.0,0.0
Prox 20 Parça Hobiset Pasta Cila Koltuk Yıkama Parlatma Devir Ayarlı Polisaj Makinesi Set Ful Set-2,3047.5,05,,,,0.0
Profesyonel  Devir Ayarlı Koltuk Yıkama Pasta Cila Polisaj Makinesi  Su Sıçratmaz Fırça Hediye Set,3048.0,05,,,,0.0
5  Parça Yüksek Mikron Matkaplara Ve Polisajlara Özel Paspas Koltuk  Halı  Yıkama  Fırça Seti,630.0,05,,,,0.0
Alman 4200 Watt Bakir Sargili 6 Kademe Devir Ayarlı Polisaj Makinasi Zımpara Makinesi,2899.0,05,0.0,0.0,0.0,-3.334444814938313
Edoni̇ Cırtlı Disk Altı 115 Mm,160.0,05,0.0,,,
Edoni̇ Cırtlı Disk Altı (yedek Zımparalı) 115 Mm,170.0,05,0.0,,,
Zımpara Takozu,178.0,05,0.0,0.0,,
Alman Profesyonel 1800 W 6 Kademeli Kutulu Pasta Cila Ve Zımpara Makinesi,2899.0,05,0.0,0.0,0.0,-3.334444814938313
Zımpara Diski Beşli 80 Kum,89.99,05,0.0,0.0,0.0,0.0
"Alman 598 Vf Orbital Devirli Kömürsüz Akülü Araç,parke,mermer,ahşap Polisaj Cila Makinesi",2499.0,05,0.0,0.0,0.0,0.0
Rtrmax Rtm4760 Devi̇r Ayarli 450 Watt Eksantri̇k Zimpara,2528.86,05,0.0,0.0,0.0,1.5998135827467685
900w Elektrikli Vakumlu Tank Zımpara Makinesi,1749.9,05,0.0,0.0,0.0,0.0
Pro Plus Dikey Polisaj Zımpara 4000 Watt Halı Araba Koltuk Yıkama Makinesi 125mm Devir Ayarlı.,1299.0,05,0.0,0.0,0.0,0.0
Acc-1199 Şarjlı Polisaj Makinesi,1999.0,05,0.0,0.0,0.0,0.0
Pro 15 Pasta Cila Polisaj Süngeri Seti 115mm Matkap Uyumlu Pasta Cila Fırçalama  Parlatma Seti,713.0,05,,,,0.0
Bx1600 Bordo Şarjli Planya,6700.0,05,0.0,0.0,0.0,0.0
Alman Pro 4200 Wat Bakir Sargili 6 Kademe Devir Ayarlı Polisaj Makinasi Zımpara Pasta Cila Makinesi,2899.0,05,0.0,0.0,0.0,0.0
Klha603v6 Profesyonel Havalı Eksantrik Dairesel Zımpara,2310.0,05,0.0,0.0,0.0,0.0
C450 125 Mm 8 Delikli 60 Kum Zımpara Kağıdı 50&#039;li 2608621740,590.43,05,0.0,0.0,0.0,0.0
Rtrmax Rtm3730 Titreşimli Zımpara Makinesi 320 W,1860.47,05,0.0,0.0,0.0,-0.7876325163712369
RTM3760 EKSANTRİK ZIMPARA 430W  150MM RTRMAX,2369.0,05,0.0,0.0,0.0,-5.109430576473225
Bosch Pss 250 Ae Elektrikli Titreşimli Zımpara Makinası,3167.49,05,0.0,0.0,-14.136893467064251,0.0
Tank Zımpara 75x457mm 60 Kum,267.26,05,-0.2090956612650296,,0.7463811821471722,0.8376094174464119
Sgs Vakumlu Elmas Multi-metal Kesi̇ci̇ 125 Mm Sgs2366,459.0,05,0.0,0.0,0.0,0.0
Zımpara Kağıdı 1/2 80 Kum,79.99,05,0.0,0.0,0.0,0.0
"CC-PO 1100-2E, Polisaj ve Zımpara Makinesi",7278.7,05,0.0,0.0,0.0,0.0
Taşlama Velcro Zımpara Arka Panel 125 mm,179.9,05,0.0,0.0,0.0,0.0
"Bant Zımpara 6,4 mm 120 Kum (438)",229.9,05,0.0,0.0,0.0,0.0
Bant Zımpara 13 mm 120 Kum (432),249.9,05,0.0,0.0,0.0,0.0
Zımpara Kağıdı 115 mm,59.99,05,0.0,0.0,0.0,0.0
Nikon Ns1500 Su Zımparası 1500 Kum 10 Adet,188.69,05,0.06363684573368222,0.5220819348995737,,
"Zımpara Kağıdı 10&#039;lu Set, 93 X 230 Mm 60/120/180 Kum 8 Delik 2609256b00",459.0,05,0.0,0.0,0.0,0.0
C450 125 Mm Deliksiz 80 Kum Zımpara Kağıdı 50&#039;li 2608621750,814.0,05,0.0,0.0,0.0,0.0
C450 125 Mm 8 Delikli 180 Kum Zımpara Kağıdı 50&#039;li 2608621745,782.0,05,0.0,0.0,0.0,18.70246967926047
C450 125 Mm 8 Delikli 40 Kum Zımpara Kağıdı 50&#039;li 2608621739,874.0,05,0.0,0.0,0.0,
C450 125 Mm 8 Delikli 100 Kum Zımpara Kağıdı 50&#039;li 2608621742,782.0,05,0.0,0.0,0.0,46.30769518606522
Tireşimli Zımpara Kağıdı 93x230 Mm 8 Delikli 40 Kum 10&#039;lu 2609256b01,634.0,05,0.0,0.0,0.0,0.0
C450 125 Mm 8 Delikli 120 Kum Zımpara Kağıdı 50&#039;li 2608621743,782.0,05,0.0,0.0,0.0,0.0
Expert S471 1&#039;li Sünger Zımpara 69x97x26 Mm Süper İnce 2608901180,200.0,05,0.0,0.0,0.0,0.0
Tc-pl 750 750 W Planya Makinesi - 4345310,2822.49,05,0.0,0.0,-5.917000000000007,0.0
Expert S471 3&#039;lü Set Sünger Zımpara 69x97x26 Mm 2608901175,318.0,05,0.0,0.0,0.0,0.0
Meridyen Sunta Vidası 3.5x13mm 1000 Adet,374.0,05,0.0,0.0,0.0,0.0
102 X 62/93 Mm 180 Kum Multi Üçgen Zımpara Kağıdı 2609256a65,401.0,05,0.0,0.0,0.0,0.0
Bay Tec Bay-tec Su Zımparası - Kağıt Zımpara - Zımpara Kağıdı 100 Numara - 100 Kum,107.1,05,0.0,0.0,0.0,0.0
Ex610 6/21 Orbital 150 Mm Polisaj Makinesi,14400.0,05,0.0,0.0,0.0,0.0
Einhell Tc Bg 150 B Taş Motoru 350 Watt,3454.99,05,0.0,0.0,-36.77887914392317,0.0
Orbital Kablosuz Akülü Lityum 2x Batarya 6 Devir Ayarlı  Detay Pasta Cila Polisaj Makinesi Ful Takım,3260.25,05,,,,0.0
"Tc-os 1520, Titreşim Zımpara - 4460640",2098.76,05,0.0,0.0,0.0,0.0
Premium 6 Kademeli Devirli  Sünger Setli Zımpara Pasta Cila  Büyük Polisaj Makinesi  Ful Takım,3881.25,05,,,,0.0
Yüksek Mikron Matkaplara Ve Polisajlara Özel Paspas Koltuk  Halı  Yıkama  Fırçası  Bağlantı Hediye,586.5,05,,,,0.0
Polisaj Makinesi 1400 Watt KLPJ42180,3895.58,05,0.0,0.0,0.0,1.6000605075856145
Çift Akülü Orbital 58 V Lityum 2x Batarya 6 Devir Ayarlı Detay Pasta Cila Zımpara Polisaj Makinesi.,5999.0,05,0.0,0.0,131.8902203324314,131.8902203324314
Zımpara Kağıdı Multi 5 Parça 180 gram,64.99,05,0.0,0.0,0.0,0.0
Tank Zımpara Kağıdı Üçlü 75x457,139.9,05,0.0,0.0,0.0,0.0
M480 125 Mm 80 Kum Elek Telli Ağ Zımpara 2608900671,422.0,05,0.0,0.0,0.0,0.0
"Tc-rs 425 E, Eksantrik Zimpara",2899.0,05,0.0,0.0,0.0,0.0
Alaşımlı Kesme Bıçağı 78 mm,349.9,05,0.0,0.0,0.0,0.0
Pho 2000 Planya,5199.0,05,13.04631441617743,13.04631441617743,13.04631441617743,13.04631441617743
"Tc-us 380, Tezgah Bant Zimpara",8799.0,05,0.0,0.0,0.0,0.0
"Silikon Karpit Uç  4,8 mm (84922)",399.9,05,0.0,0.0,0.0,0.0
Gex 34-150 Eksantrik Zımpara,13499.0,05,6.299708638475471,6.299708638475471,6.299708638475471,6.299708638475471
Eksantirik Zımpara Kağıdı 5&#039;li 125 Mm 120 Kum 8 Delik 2609256a25,326.0,05,0.0,,,
"Eksantirik Zımpara Kağıdı 5&#039;li, 125 Mm 180 Kum 8 Delik 2609256a26",312.0,05,0.0,,,
Li-ion Akülü Ti̇treşi̇mli̇ Zimpara Tshsli20141,3189.0,05,0.0,0.0,0.0,0.0
C450 125 Mm 8 Delikli 320 Kum Zımpara Kağıdı 50&#039;li 2608621747,782.0,05,0.0,0.0,0.0,0.0
Yüksek Kalite 6 Kademeli Devirli  Sünger Setli Zımpara Pasta Cila  Büyük Polisaj Makinesi  Ful Paket,2645.0,05,,,,0.0
RTM3793 ALÇIPAN DUVAR ZIMPARA MAKİNESİ 710W 225MM,7252.75,05,0.0,0.0,0.0,1.600049309871924
Psm 80 A Titreşimli Zımpara,2291.0,05,-1.6738197424892705,-0.5210594876248371,0.17490161783996502,2.873821284238886
Profesyonel Led Işıklı Alçıpan Duvar Zımpara Makinası Toz Emmeli,5999.0,05,0.0,0.0,0.0,0.0
Kl Pro Klpj42180 1400watt 180mm/230mm Profesyonel Polisaj Makinesi,4128.84,05,0.0,0.0,0.0,
RTM415A ZIMPARA MOTORU 150W 150MM,2136.72,05,0.0,0.0,0.0,1.7001427891480154
Gpo 14 Ce Poli̇saj Maki̇nasi,7761.0,05,-2.094108742273243,-2.118804388951949,1.2656576200417535,1.730239874164373
Fixonic B.h.d Bhd00813 82x5.5x1.2mm Planya Bıçağı 2 Adet Set,182.24,05,0.06039642013946832,0.5184776613348029,0.9248490889959662,
900w Elektrikli Vakumlu Tozsuz Cila Özellikli Tank Zımpara Makinesi,1749.9,05,0.0,0.0,0.0,0.0
Klpro Klps18b-00 18v Aküsüz/solo Tek Makine Kömürsüz 125mm Prof. Polisaj Makinesi,4286.33,05,0.0,0.0,0.0,1.5999696598345987
Klpro Klps18b-50 18volt/5.0ah Li-ion Çift Akülü Kömürsüz 125mm Profesyonel Polisaj Makinesi,10853.15,05,0.0,0.0,0.0,1.600040440994063
RTM3990 ELEKTRİKLİ PLANYA MAKİNESİ 900W 82*3MM,2889.88,05,0.0,0.0,0.0,1.600002812573618
RTM3730 TİTREŞİMLİ ZIMPARA MAKİNESİ 320W 93*185MM,1821.66,05,,0.0,0.0,1.6001383179863609
RTM420A ZIMPARA MOTORU 400W 200MM,3300.98,05,0.0,0.0,0.0,1.5998768851954452
Easysander 18v-8 (solo) Akülü Zımpara,2863.0,05,-0.31337047353760444,-0.3827418232428671,0.21001050052502626,
Katlı Flap Disk Zımpara Seti - 40-60-80-100-120 Kum,266.0,05,0.0,0.0,,
Sgs Akülü Multi-tools Kesi̇ci̇ Ve Raspalama Maki̇nesi̇ 20v 1*2.0 Ah Sgs5435,4699.0,05,0.0,0.0,,
Pro 4400 Watt Motor Korumalı Otomatik Şanzıman Çift Bıçaklı Planya Rende Makinesi Garantili,1799.0,05,0.0,0.0,,
125 Mm Zımpara Tabanı Orta Sert 8 Delikli Pex 2608601175,1390.0,05,0.0,0.0,,
93x185 Mm 80 Kum Titreşimli Zımpara Kağıdı 2609256a82,505.0,05,0.0,,,
Eisenn Bluer Led Işıklı Toz Emmeli Alçıpan Duvar Zımpara Makinası Devir Ayarlı,9999.9,05,0.0,0.0,0.0,47.05951558111149
Eisenn Red Led Işıklı Toz Emmeli Alçıpan Duvar Zımpara Makinası Devir Ayarlı,9999.9,05,0.0,0.0,0.0,47.05951558111149
900w Elektrikli Vakumlu Cila Özellikli Tank Zımpara Makinesi,1749.9,05,0.0,0.0,0.0,0.0
Plus 900w Elektrikli Vakumlu Tozsuz Cila Özellikli Tank Zımpara Makinesi,1749.9,05,0.0,0.0,0.0,0.0
360&#039;ledli 850w Pro Alçıpan Zımpara Makinası Toz Emmeli,2999.9,05,0.0,0.0,0.0,15.385207123350897
Plus 360&#039;ledli 850w Pro Alçıpan Zımpara Makinası Toz Emmeli,2999.9,05,0.0,0.0,0.0,
Pro Speed Yeni Nesil 6 Kademe Devir Ayarlı Koltuk Yıkama Zımpara Pasta Cila Polisaj Makinesi Ful Pak,2600.0,05,,,,0.0
Premium Profesyonel 6 Kademeli Devirli  Sünger Setli Zımpara Pasta Cila Polisaj Makinesi Ful Paket,3450.0,05,,,,0.0
Premium 6 Kademeli Devirli Sünger Setli Zımpara Pasta Cila Büyük Polisaj Makinesi Ful Takım,3881.25,05,,,,0.0
Profesyonel 6 Kademeli Devirli Koltuk Yıkama Zımpara Pasta Cila Polisaj Makinesi,2990.0,05,,,,0.0
Full 32 Parça Pasta Cila Koltuk Yıkama Parlatma Devir Ayarlı Polisaj Makinesi Ful En Dolu Detay Set,3795.0,05,,,,0.0
Yüksek Kalite 6 Kademeli Devirli Sünger Setli Zımpara Pasta Cila Büyük Polisaj Makinesi Ful Paket,2645.0,05,,,,0.0
Hobi Set 14 Parça Detay Pasta Cila Koltuk Yıkama Zımpara Parlatma Devir Ayarlı Polisaj Makinesi Set,2251.7,05,,,,0.0
Premium Profesyonel 6 Kademeli Devirli Koltuk Yıkama Zımpara Pasta Cila Polisaj Makinesi Ful Set,3047.5,05,,,,0.0
Orbital Kablosuz Akülü Lityum 2x Batarya 6 Devir Ayarlı Detay Pasta Cila Zımpara Polisaj Makinesi,2873.0,05,,,,0.0
Pro Set 20 Parça Detay Pasta Cila Koltuk Yıkama Zımpara Parlatma Devir Ayarlı Polisaj Makinesi Set,3392.5,05,,,,0.0
"Araç, Koltukyıkama 6kademe Devir Ayarlı Zımpara Parlatma Pasta Cila Polisaj Makinası + Fırça Hediye",1782.5,05,,,,0.0
Combo Genel  Temizlik 18 Parça Pasta Cila Polisaj Süngeri Matkapa Uyumlu Fırça Seti Parlatma Kit,1380.0,05,,,,0.0
Combo Profesyonel Temizlik 18parça Pasta Cila Polisaj Süngeri Matkapa Uyumlu Fırça Parlatma Kit,1265.0,05,,,,0.0
Combo Temizlik 18parça Pasta Cila Polisaj Süngeri Matkapa Uyumlu Fırça Seti Parlatma Kit,1380.0,05,,,,0.0
Combo Profesyonel Temizlik 18parça Pasta Cila Polisaj Süngeri Matkapa Uyumlu Fırça Seti Parlatma Kit,1276.5,05,,,,0.0
Bay-tec Mk0220 10lu Flap Disk 115x22mm Metal Ahşap Zımpara 40kum,619.0,05,0.0,0.0,0.0,
"Premium Kalite Dikey Koltuk Fırçalama, Yıkama Cila Polisaj Makinesi Düz Fırça Set",4140.0,05,,,,0.0
"Su Sıçratmaz Fırça Yüksek Mikron Premium Kalite Dikey Koltuk Fırçalama, Yıkama Cila Polisaj Makinesi",3680.0,05,,,,0.0
Pro Kalite 30 Parça Full Takım 6 Kademe Ayarlı Polisaj Makinesi Koltuk Yıkama Zımpara Pasta Cila Set,3392.5,05,,,,0.0
"Premium Kalite 180mm 6 Kademe Devir Ayarlı Dikey Koltuk Yıkama,pasta Cila  Parlatma Polisaj Makinesi",3829.5,05,,,,0.0
"Koltuk Fırçalama Yüksek Kalite Dikey Koltuk Yıkama,cilapolisaj Makinesi Koltuk Yıkama Fırça Hediye",3565.0,05,,,,0.0
Profesyonel Geneltemizlik 18parça Pasta Cila Polisaj Süngeri Matkapa Uyumlu Fırça Seti Parlatma Kit,7015.0,05,,,,0.0
"Üstün Kalite Dikey Genel Koltuk  Fırçalama  Düz Fırçalama Seti, Pasta Cila Polisaj Makinesi",4140.0,05,,,,0.0
Uzatmalı Pratik 6 Parça Yüksek Mikron Matkaplara Ve Polisajlara Özel Paspas Koltuk Halı Yıkama Kit,701.5,05,,,,0.0
Yüksek Kalite Profesyonel Koltuk Yıkama Zımpara Parlatma Pasta Cila Polisaj Makinası Full Set Takım,2242.5,05,,,,0.0
Atlas Zımpara A4 Boyutunda  3 Adet 80 Kum,369.25,05,0.0,0.0,,0.0
Atlas Zımpara A4 Boyutunda  3 Adet 220 Kum,369.25,05,0.0,0.0,0.0,0.0
Atlas Zımpara A4 Boyutunda  3 Adet 100 Kum,369.25,05,0.0,0.0,,0.0
Sia 1949 150 &#039;lik Hookıt 7 Delikli Cırtlı Zımpara 80 Kum 10 Adet,339.91,05,0.0,0.0,0.0,0.0
Sia 1949 150&#039;lik Hookıt 7 Delikli Cırtlı Zımpara 150 Kum 10 Adet,449.25,05,0.0,0.0,,0.0
Atlas Zımpara A4 Boyutunda  3 Adet 150 Kum,369.25,05,0.0,0.0,0.0,0.0
Atlas Zımpara A4 Boyutunda  3 Adet 60 Kum,369.25,05,0.0,0.0,0.0,0.0
Atlas Zımpara A4 Boyutunda  3 Adet 180 Kum,369.25,05,0.0,0.0,0.0,0.0
Atlas Zımpara A4 Boyutunda  3 Adet 120 Kum,369.25,05,0.0,0.0,0.0,0.0
Ps20s Akülü Polisaj 30000rpm 254mm Akü Ve Şarj Hariç,4375.0,05,0.0,2.5642227859021696,2.5642227859021696,2.5642227859021696
Hmlt260 Fonksiyonel Raspalama 260w,3510.0,05,0.0,2.564102564102564,2.564102564102564,2.564102564102564
H3504 300 Watt Titreşimli Zımpara,2940.0,05,0.0,2.564102564102564,2.564102564102564,2.564102564102564
Hso150 Titreşimli Zımpara 150w,1530.0,05,0.0,1.010101010101007,1.010101010101007,2.564102564102564
Polisaj Mke,2537.0,05,0.0,0.0,0.0,
Profesyonel Polisaj Makinası,4469.82,05,0.0,0.0,0.0,0.0
Cat Power 1811 Havalı Orbital Zımpara 150 Mm,4934.16,05,0.0,0.0,0.0,0.0
Alman Pro 4000 Watt Bakır Sargılı Motor Korumalı Sistem Çift Bıçaklı Planya Rende Makinesi-mavi,1999.0,05,0.0,0.0,0.0,0.0
Alman Pro 4000 Watt Bakır Sargılı Motor Korumalı Sistem Çift Bıçaklı Planya Rende Makinesi-sarı,1999.0,05,0.0,0.0,0.0,0.0
Fixonic B.h.d Bhd00812 115mm Cırt Taban,140.0,05,0.0,0.0,0.0,0.0
Cc-po 1100/1e Çantalı Polisaj Ve Zımpara Makinesi-2093264 Kırmızı,5783.39,05,0.0,0.0,0.0,0.0
"Mini Şarjlı Polisaj Makinesi 2000 Mah. 10 Cm Parlatma Yüzeyi, Sünger - Fırça - Zımpara Seti",2499.0,05,0.0,0.0,0.0,0.0
Kl Pro Kllzr232 Profesyonel Yatay Dikey Ve Nokta Otomatik Hizalamalı Lazer Distomatı,8259.57,05,0.0,0.0,0.0,1.5999753982409708
Kl Pro Klzc6030e Elektrikli Profesyonel 15mm Çivi Çakma Ve 8/16 Zımba Çakma Makinesi,1905.05,05,0.0,0.0,0.0,
Scheppach Osm100 Salınımlı Zımpara Makinesi 450w,9821.56,05,-0.586567552439349,-0.586567552439349,-0.586567552439349,1.3868802266080777
Ka280k-qs 220 Watt Autoselect Çok Amaçlı Zımpara,5174.27,05,0.0,0.0,0.0,0.0
Kl Pro Kldz8821 880watt Profesyonel Alçıpan Zımpara Makinası,9317.7,05,,0.0,0.0,
Kl Pro Klez35230 Titreşimli Zımpara 350w,2434.52,05,0.0,0.0,0.0,
10&#039;&#039; Planya Ve Kalınlık Makinası,31232.16,05,0.0,0.0,0.0,0.0
Orbital Polisaj Makinesi 720 Watt 150 mm KLPJ7171,6353.27,05,0.0,0.0,0.0,1.599975692523215
Alçıpan Zımpara Makinesi KLDZ8821,9311.83,05,0.0,0.0,0.0,1.599966831020409
"Cc-po 1100/150 E, Polisaj Makinesi - 2093275 Kırmızı",5221.85,05,0.0,0.0,0.0,0.0
Bağlantı Flanşı M14 Diş İçin,202.9,05,0.0,0.0,0.0,0.0
Klez35230 Titreşimli Zımpara 350W,2386.85,05,0.0,0.0,0.0,
Pho 2000 680 W Planya Makinesi 06032a4100,6706.47,05,0.0,0.0,0.0,0.0
Nikon N32005 80 Kum 30x15 Saplı Fırfır Zımpara,164.57,05,,,,
Nikon N32063 60 Kum 60x15 Saplı Fırfır Zımpara,186.69,05,0.0,0.0,0.0,0.0
C450 125 Mm Deliksiz 320 Kum Zımpara Kağıdı 50&#039;li 2608621756,534.49,05,0.0,0.0,0.0,0.0
C450 125 Mm Deliksiz 180 Kum Zımpara Kağıdı 50&#039;li 2608621754,534.49,05,0.0,,0.0,0.0
Flap Disk Zımpara 115mm - 80 Kum,89.99,05,0.0,0.0,0.0,0.0
Expert 125 Mm Zımpara Tabanı Sert Get 55-125 2608900005,5284.93,05,0.0,,,69.70698264373907
C450 150 Mm 15 Delikli 150 Kum Zımpara Kağıdı 50&#039;li 2608621735,640.15,05,0.0,0.0,0.0,0.0
C450 150 Mm 15 Delikli 60 Kum Zımpara Kağıdı 50&#039;li 2608621731,744.56,05,0.0,0.0,0.0,0.0
C450 125 Mm 8 Delikli 150 Kum Zımpara Kağıdı 50&#039;li 2608621744,658.79,05,0.0,0.0,0.0,0.0
C450 125 Mm Deliksiz 150 Kum Zımpara Kağıdı 50&#039;li 2608621753,534.49,05,0.0,0.0,0.0,0.0
C450 150 Mm 6 Delikli 60 Kum Zımpara Kağıdı 50&#039;li 2608621722,744.56,05,0.0,0.0,0.0,0.0
C450 150 Mm 6 Delikli 80 Kum Zımpara Kağıdı 50&#039;li 2608621723,807.95,05,0.0,0.0,0.0,0.0
C450 150 Mm 15 Delikli 320 Kum Zımpara Kağıdı 50&#039;li 2608621738,640.15,05,0.0,0.0,0.0,0.0
C450 125 Mm Deliksiz 120 Kum Zımpara Kağıdı 50&#039;li 2608621752,534.49,05,0.0,,0.0,0.0
C450 150 Mm 15 Delikli 240 Kum Zımpara Kağıdı 50&#039;li 2608621737,640.15,05,0.0,,0.0,0.0
C450 150 Mm 6 Delikli 40 Kum Zımpara Kağıdı 50&#039;li 2608621721,801.73,05,0.0,,0.0,0.0
C450 150 Mm 6 Delikli 180 Kum Zımpara Kağıdı 50&#039;li 2608621727,783.09,05,0.0,,0.0,0.0
C450 150 Mm 15 Delikli 40 Kum Zımpara Kağıdı 50&#039;li 2608621730,801.73,05,0.0,,0.0,0.0
C450 150 Mm 6 Delikli 240 Kum Zımpara Kağıdı 50&#039;li 2608621728,640.15,05,0.0,,0.0,0.0
C450 150 Mm 6 Delikli 150 Kum Zımpara Kağıdı 50&#039;li 2608621726,640.14,05,0.0,,0.0,0.0
C450 150 Mm 15 Delikli 100 Kum Zımpara Kağıdı 50&#039;li 2608621733,640.15,05,0.0,,0.0,0.0
C450 150 Mm 6 Delikli 120 Kum Zımpara Kağıdı 50&#039;li 2608621725,640.15,05,0.0,0.0,0.0,0.0
C450 125 Mm Deliksiz 240 Kum Zımpara Kağıdı 50&#039;li 2608621755,534.49,05,0.0,,0.0,0.0
Klpj7171 720 W 150 Mm Profesyonel Orbital Polisaj Makinesi Yedek Kömür Hediyeli,8137.5,05,0.0,16.25,16.25,16.25
Klpro Klez18-20 18v/2.0ah. 125mm Çift Akülü Şarjlı Eksantrik Zımpara,4829.04,05,0.0,0.0,0.0,
Tc-pe 150 Havalı Zımpara - 4133330,3401.85,05,0.0,0.0,0.0,0.0
Havalı Kumlama Tabanacası Mtl,1038.0,05,0.0,0.0,0.0,0.0
Cat Power 3453 Titreşim Zımpara 350 Watt,4164.92,05,0.0,0.0,0.0,0.0
Rtrmax Rtm4740 Ti̇treşi̇mli̇ Zimpara 240 Watt 13.000d/dk,1804.37,05,0.0,0.0,0.0,1.600270277879436
Rtrmax Rtm4730 Devi̇r Ayarli 260 W 13.000 D/dk Ti̇treşi̇mli̇ Zimpara,2206.86,05,0.0,0.0,0.0,1.5998268964278972
Rtrmax Rtm4770 Devi̇r Ayarli 350 Watt Orbi̇tal Poli̇saj Maki̇nesi̇,8830.9,05,0.0,0.0,0.0,1.600008283641071
Rtrmax Rtm4750 Devi̇r Ayarli 380 Watt Zimpara Maki̇nesi̇,2586.37,05,0.0,0.0,0.0,1.599990572115461
Rtrmax Rtx2045b Kömürsüz Devi̇r Ayarli Akülü 18v 4 Ah Tank Zimpara (aküsüz Ve Şarj Aletsi̇z ),4446.52,05,0.0,0.0,-0.47050502066012906,1.5999086027647762
Sp18va 180mm 1250w Profesyonel Polisaj Makinesi,16171.7,05,0.0,0.0,0.0,
Rtrmax Rtm1430 Devi̇r Ayarli 1300w Mop Zimpara Maki̇nesi̇,5617.46,05,0.0,0.0,0.0,1.5999276541870147
Rtrmax Büyük Taşlama Maki̇nesi̇ 230 Mm 2300 W,4611.95,05,0.0,0.0,0.0,1.600019386163569
Rtrmax Rtm1495 Devi̇r Ayarli 1200 Watt 180mm Poli̇saj Maki̇nesi̇,3620.55,05,0.0,0.0,0.0,1.6000987784584382
Polisaj Makinası Rtm1490,3525.25,05,0.0,0.0,0.0,
Rtrmax Rtx2047b Akülü Kömürsüz Planya 18v 4ah (aküsüz Ve Şarj Aletsi̇z Satilmaktadir),4658.32,05,0.0,0.0,0.0,1.6000139586822935
Rtrmax Rtx2045 Akülü Kömürsüz Devi̇r Ayarli 18v 4 Ah Çi̇ft Akü Tank Zimpara,9000.01,05,0.0,0.0,0.0,1.5999720035943723
Rtrmax Rtx2047 Akülü Kömürsüz Planya 18 Volt 4ah Çi̇ft Akü,8731.64,05,0.0,0.3233182053196923,0.0,1.928455694547547
Cmc 180 Mm Polisaj Makinası 2000w - Cmc3905,3599.73,05,0.0,0.0,0.0,1.6000383851156086
Klpro Kldz8821 880 W Profesyonel Alçıpan Zımpara Makinesi,9311.83,05,0.0,0.0,0.0,1.599966831020409
Kleco Polisaj Makinesi 1200 W 180 Mm Devir Ayarlı Set Ke12180ps,2847.51,05,0.0,0.0,0.0,1.5999029496872677
Klpj42180 1400w 180 Mm Profesyonel Polisaj Makinesi,3895.58,05,0.0,0.0,0.0,1.6000605075856145
Klpj7171 720watt 150mm Profesyonel Orbital Polisaj Makinesi,6353.27,05,0.0,0.0,0.0,
Rtrmax Rtm3990 Elektrikli Planya 900w 82*3mm,2889.88,05,0.0,0.0,0.0,1.600002812573618
Orbital Polisaj Makinesi Rtm1450,5294.21,05,0.0,0.0,0.0,1.599933983772288
Rtrmax Rtrmax Alipçi Taşlama Uzun 450 W,2275.69,05,0.0,0.0,0.0,
Sv13ya 125mm 230w Profesyonel Eksantrik Zımpara Makinesi,8139.58,05,0.0,0.0,0.0,
P20st 82mm 580w Profesyonel Planya Makinesi,8682.29,05,0.0,0.0,0.0,
Rtrmax  Rtm3970 Elektrikli Planya Makinası 800w,2641.16,05,0.0,0.0,0.0,
Rtrmax Rtm417a Zımpara Taş Motoru 350 W 175x20x16m,2810.51,05,0.0,0.0,0.0,1.600000000000008
RTM3780 TANK ZIMPARA MAKİNESİ 1050W 76*533 MM DEVİR AYARLI,3406.22,05,,3.250075780539551,3.250075780539551,5.592703848025763
RTM421A ZIMPARA MOTORU 250W 150/200MM,3061.55,05,0.0,,0.0,2.4248344802898565
RTX1847B AKÜLÜ PLANYA 18V *AKÜSÜZ* RTRMAX X-LION,3501.54,05,,0.0,0.0,1.5999303621169878
RTM3740 AVUÇ İÇİ TİTREŞİMLİ ZIMPARA MAKİNESİ 230W 100*110 MM,1773.99,05,,0.0,0.0,1.6001832708112629
RTM3750 TİTREŞİMLİ ZIMPARA MAKİNESİ 320W 115*230 MM,2593.37,05,,0.0,0.0,1.599981195127959
"RTM3970 ELEKTRİKLİ PLANYA MAKİNESİ 800W 82*2,5MM",2540.42,05,,0.0,0.0,1.6001375774373092
RTM1490 POLİSAJ MAKİNESİ 1200W 180 MM,3554.64,05,0.0,0.0,0.0,1.6000411586150132
RTX2059B AKÜLÜ ORBİTAL POLİSAJ KÖMÜRSÜZ 125MM X-LION *AKÜSÜZ SATILMAKTADIR*,6299.0,05,,0.0,0.0,
RTX2086B AKÜLÜ ALÇIPAN DUVAR ZIMPARA MAKİNESİ KÖMÜRSÜZ X-LION *AKÜSÜZ SATILMAKTADIR*,10701.47,05,,0.0,0.0,1.600028102315202
RTM417A ZIMPARA MOTORU 350W 175MM,2805.17,05,0.0,0.0,0.0,1.6001506705928055
RTM1450 ORBİTAL POLİSAJ MAKİNESİ 720 W 150MM,5291.48,05,0.0,0.0,0.0,1.5475431984094583
Rtrmax Rtm3740 Titreşimli Eksantrik Zımpara Makinası 230w,1764.39,05,0.0,0.0,0.0,
Kleco 1200w Polisaj Makinesi (pasta Cila) Ke12180ps,2847.51,05,0.0,0.0,0.0,
Rtrmax Rtm421a Sulu Zımpara Taş Motoru 250w 150/200mm,3037.52,05,0.0,0.0,0.0,
Rtrmax Rtm420a Zımpara Taş Motoru 400w 200x20x16mm,3300.98,05,0.0,0.0,0.0,1.5998768851954452
Rtrmax Rtm1460 Orbi̇tal Devi̇r Ayarli 1000 Watt 150mm Poli̇saj Maki̇nesi̇,5240.74,05,0.0,0.0,0.0,
Rtrmax Rtm3780 Tank Zımpara 1050w,3811.3,05,0.0,0.0,0.0,1.5999872043675751
Pex 300 Ae Zımpara Makinesi,4446.0,05,0.0,-0.022487069934787496,3.251277287505806,4.146170063246662
Ss30 Eksantrik Zımpara Makinası 300 Watt 125mm,3062.0,05,0.0,0.0,0.22913256955810146,1.2901091630830301
Tc-wd 200/150 Islak Kuru Taş Motoru - 4417242,4165.0,05,-0.3111536620392532,-0.3826835685242765,0.19244647582391147,
Gex 12v-32 Eksantrik Zımpara Makinesi Solo,5625.0,05,-0.1774622892635315,-0.21287919105907396,1.7547033285094067,
Aeg Bex18sbl-125-602tc 2x6.0ah Çift Akülü Kömürsüz Titreşim Zımpara - 4935500068,29179.0,05,-0.0992878663379896,-0.8798152048372851,-0.5148312308216842,
Professional Gho 40-82 C Planya,16639.0,05,-0.27569673359304764,-0.4427691018967271,-0.24580335731414865,
Professional Gpo 14-180 S Polisaj Makinesi,7734.0,05,1.7765495459928937,1.749769767135903,1.9778481012658229,
Gex 18v-150-3 Akülü Eksantrik Zımpara Makinesi,11295.0,05,-0.11496285815351963,-0.1414552205817346,0.07087800124036503,
Pbs 75 Ae Tank Zımpara,7089.0,05,-2.395704254440314,-2.4225739848589125,-0.16899028305872413,
Sp137 Polisaj Makinesi 1300 Watt 180mm,5854.0,05,-0.30653950953678477,-0.3913561340820147,0.13684570646595962,
Psm Primo Üçgen Zımpara 93mm 50w,2348.0,05,-3.6915504511894994,-2.2481265611990007,-1.839464882943144,
"Tc-us 350, Tezgah Zımpara - 4466154",5922.0,05,-0.11806375442739078,-0.13490725126475547,0.08450228156160217,
Psm 160 A Delta Zımpara - 0603377000,3315.0,05,-0.30075187969924816,-0.390625,0.1510574018126888,
X-lock 115mm R444 G 36 Expert For Metal Fiber Zımpara Disk - 2608619166,138.0,05,-0.7194244604316548,-0.7194244604316548,0.0,0.7299270072992701
Gss 140-1 A Titreşimli Zımpara Makinası,4168.0,05,-0.31093039942597467,-0.3824091778202677,0.14416146083613646,3.373015873015873
Epn6082chg El Planya Makinası 600 Watt,4208.0,05,-0.3079838900734423,-0.4023668639053254,-1.6592661836877773,
Black&amp;decker Ka191ek-qs 480w 125mm Eksantrik Zımpara,3032.0,05,-0.7853403141361256,-0.8177952240758913,-0.4596191726854892,
Wx856.9 20volt 254mm Şarjlı Orbital Polisaj Makinesi (akü Dahil Değildir),5790.66,05,0.0,0.0,,
Kress Kud20.9 20volt 125mm Kömürsüz Profesyonel Devir Ayarlı Eksantrik Zımpara (akü Dahil Değildir),5708.59,05,0.0,0.0,,
Dx45 240watt Profesyonel Devir Ayarlı Titreşimli Zımpara,3888.89,05,0.0,0.0,0.0,
Dx42b 18volt 125mm Profesyonel Devir Ayarlı Eksantrik Zımpara (akü Dahil Değildir),3928.28,05,0.0,0.0,0.0,
Dx41 18volt/4.0ah Li-ion Tek Akülü Kömürsüz Profesyonel Çok Amaçlı Devir Ayarlı Raspalama+14 Adet Aksesuar,13064.39,05,0.0,0.0,0.0,
Wx822 20volt 2.0ah. Li-ion Şarjlı Profesyonel Üçgen Mouse Zımpara,5363.13,05,0.0,0.0,0.0,
Wx648 65watt Mouse Zımpara,2640.4,05,0.0,0.0,0.0,
Wx615 750watt 82mm Çift Bıçaklı Profesyonel Planya,5444.95,05,0.0,0.0,0.0,
Dx46 Eksantri̇k Zimpara,4185.1,05,0.0,0.0,,
Wa5098 3 Parça Universal Harç Zımparası Ve Raspalama Aksesuar Seti,2167.42,05,0.0,0.0,,
"Wa5099 18 Parça Universal Metal, Ahşap Kesme Ve Zımpara Kâğıdı Aksesuar Seti",2282.58,05,,0.0,,
Dx81b 18volt 82mm Çift Bıçaklı Kömürsüz Profesyonel Planya (akü Dahil Değildir),8447.48,05,0.0,0.0,0.0,
Dx41b 18volt Kömürsüz Profesyonel Çok Amaçlı Devir Ayarlı Raspalama+14 Adet Aksesuar (akü Dahil Değildir),7401.01,05,0.0,0.0,0.0,
Dx86 900w Planya,5429.8,05,0.0,0.0,0.0,
Dx44 Ti̇treşi̇mli̇ Zimpara,4620.71,05,0.0,0.0,0.0,
"Wa2029 185x95mm 60, 80, 120 Kum, 15 Adet Cırtlı Universal Zımpara Kâğıdı Seti",1990.15,05,0.0,0.0,0.0,
"Wa2028 60, 80, 120 Kum, Metal Ve Ahşap 75 Adet Cırtlı Zımpara Kâğıdı Seti",1990.15,05,0.0,0.0,0.0,
Dx49.1 350watt Profesyonel Çok Amaçlı Devir Ayarlı Kesme Raspalama Ve Zımpara + 14 Adet Aksesuar,7952.27,05,0.0,0.0,0.0,
"Wa5092 4 Parça Universal Metal, Ahşap Kesme Ve Raspalama Aksesuar Seti",2629.55,05,0.0,0.0,0.0,
Dx48 950watt Profesyonel Devir Ayarlı Tank Zımpara,6688.38,05,0.0,0.0,0.0,
Bosch Expert 100x150 Mm 240 Kum Üçgen Zımpara Kağıdı 10&#039;lu 2608901119,577.0,05,,,,
Bosch Expert C470 80 X 133 Mm 10&#039;lu 400 Kum Zımpara Kağıdı 2608900885,401.0,05,,,,
Titreşimli Zımpara Kağıdı 93x230 Mm 8 Delikli 10&#039;lu Set 2609256b07,579.0,05,,,,
Kraftixx Iw 225 Invertör Kaynak Makinesi,11899.0,05,0.0,0.0,0.0,
Ministick Inverter Elektrod Kaynak Makinesi,9500.0,05,0.0,,2.7027027027027026,
Alman Mma 250 Amper Profesyonel Dijital Göstergeli Invertör Kaynak Makinesi,5999.0,05,0.0,0.0,0.0,
Mağmaweld Monostick 200i̇ Invertör Kaynak Makinası,16500.0,05,0.0,0.0,0.0,
İnverter Kaynak Makinesi 200A KLMMA200,14349.0,05,0.0,0.0,0.0,
Wd200ic2 Kaynak Makinası 200a,13250.0,05,0.0,0.0,0.0,
200 Amper Elektrot Kaynak Makinesi Inverter Kaynak Cihazı Kaynak Maskesi Ve Tel Fırçalı,5750.0,05,0.0,0.0,0.0,
Japon Techno Special Seri 200 Amper Göstergeli Beraber Invertör Kaynak Makinası Demirkaynak,5200.0,05,0.0,0.0,0.0,
"Inventör Dijital Göstergeli Kaynak Makinası 250i Amper 2,5 3 Çubugu Sorunsuz Eritir",4299.0,05,0.0,0.0,,
200 Amper Kaynak Makinası Taşıma Çantası Hediyeli,6500.0,05,0.0,0.0,0.0,
Rtrmax Rtm520 200 Amp. Kaynak Mak. + Rtm102 Avuç Taşlama Set005,10599.0,05,0.0,0.0,0.0,
Klpro Klmma200x 200 Amper Mma/elektrod İnverter Kaynak Makinesi,12299.0,05,0.0,0.0,0.0,
Zenweld Arc 200s Inverter Kaynak Maki̇nesi̇ 200 Amper,11999.0,05,0.0,0.0,0.0,
Monostick 200i İnverter Kaynak Makinesi,15683.0,05,-0.2797736376931392,-0.3494726140551531,0.1340824926573873,
Dz201 200 Amper Tig Lift/mma Çanta Tipi Profesyonel Dijital İnverter Kaynak Makinesi,13949.75,05,0.0,0.0,0.0,
55725 Plus 250 220 Amper İnverter Kaynak Makinesi,29768.93,05,-0.20797178234566582,0.29060728027499566,0.7467439729148413,
Kl Pro 200a Inverter Kaynak Makinesi,14825.72,05,0.0,0.0,0.0,
Dz201t 200 Amper Tig Lift/mma Çanta Tipi Profesyonel Dijital İnverter Kaynak Makinesi + Cat Dx37 Avuç Taşlama,15576.01,05,0.0,0.0,0.0,
250 Amper İnverter Dijital Ekran Fan Soğutma Kademeli Çanta Kaynak Makinesi Bakır Sargı Maske Hedi̇ye,5999.99,05,0.0,0.0,0.0,
Sf3-s6 700w Profesyonel Pls  Boru Kaynak Mak. Set6 Sf3-s6,6199.0,05,,,,
700 W Profesyonel Plasti̇k Boru Kaynak Maki̇nasi Sf3-set,7439.0,05,,,,
Megastick Deluxe,14250.0,05,0.0,0.0,0.0,
205 Ah İnvertör Kaynak Makinesi,7299.0,05,0.0,0.0,0.0,
Star 7000 Kaynak Makinası 200 Amper 61711,13250.0,05,0.0,0.0,0.0,
Megasti̇ck 200 İnvertör Kaynak Makinası,13750.0,05,0.0,0.0,0.0,
Pro Alman 200 Amper Çift Kartlı Hava Soğutmalı Invertec Compact Kaynak Makinesi Bakirsargi,4999.0,05,0.0,0.0,0.0,
Ministick 140 Amper Inverter Kaynak Makinesi,9912.0,05,0.0,0.0,-1.78359096313912,
Star 7000 Invertör Kaynak Makinası 200 A,13250.0,05,0.0,0.0,0.0,
Star 7000 Kaynak Makinası 200a,13250.0,05,0.0,0.0,0.0,
Ege Yıldız Pprc Boru Tamir Çubuğu,161.44,05,0.0,0.0,0.0,
Fastbond 10250 Sıcak Silikon Tabancası 10 Watt 7.3 Mm.,382.63,05,0.0,0.0,0.0,
"Askaynak As Asp-308l Süper Krom Elektrod 3,20x300",1525.0,05,0.0,0.0,0.0,
Fastbond 27126 Kalem Havya 60 Watt,437.32,05,0.0,0.0,0.0,
Askaynak As Asp-308l Süper Krom Elektrod 2.50x250,1075.7,05,0.0,0.0,0.0,
Fastbond 27128 Kalem Havya 80 Watt,551.38,05,,0.0,0.0,
Fastbond 10261 Sıcak Silikon Tabancası 100 Watt,648.26,05,0.0,0.0,0.0,
250 Amper İnverter Dijital Ekran Fan Soğutma Kademeli Çanta Kaynak Makinesi Bakır Sargı,6499.99,05,0.0,0.0,0.0,
Ayarlı Otomatik Kararan Kaynak Kafa Maskesi Colormatik+eldiven Hediyeli,1299.99,05,0.0,0.0,0.0,
Rapid Hobby Sıcak Silikon Tabancası 15 Watt,1254.15,05,0.0,0.0,0.0,
Rapid Eg212 Sıcak Silikon Tabancası 200 Watt,1544.92,05,0.0,0.0,0.0,
Rapid Eg Point Sıcak Silikon Tabancası 80 Watt 7 Mm İnce,1097.22,05,0.0,0.0,0.0,
Sgs T13 Tetikli Şalümo 13 Cm,1264.93,05,0.0,0.0,,
250 Amper Inverter Kademeli Çanta Kaynak Makinesi + Lstct15-b Profesyonel Bez Alet Taşıma Çantası,7499.99,05,0.0,0.0,0.0,
Soyberg Pro 205a İnverter Kaynak Makinası 205 Amper,12983.39,05,0.0,0.0,0.0,
Soyberg Pro 160a İnverter Kaynak Makinası 160 Amper,9174.15,05,0.0,0.0,0.0,
4lü Eko Usta Set Invertör Kaynak Kırıcı Delici Şarjlı Matkap Spiral,8999.0,05,0.0,0.0,0.0,
Alman 4lü Eko Usta Set Invertör Kaynak Kırıcı Delici Şarjlı Matkap Spiral,8999.0,05,0.0,0.0,0.0,
Profesyonel Çift Kartlı 250 Amper Invertör Kaynak Makinası 3000 W Taşlama,6999.0,05,0.0,0.0,0.0,
Fastbond 10255 Sıcak Silikon Tabancası 60 Watt,585.77,05,21.300035203246974,,22.346380383474667,
İnverter Megastick Kaynak Makinesi 200a (501m2000mf),12500.0,05,0.0,,0.0,
Klmma160 160 Amper İnverter Kaynak Makinesi,12600.43,05,-5.393938210835176,0.0,0.0,
Fastbond 10253 Sıcak Silikon Tabancası 40 Watt,570.13,05,0.0,0.0,0.0,
Fastbond 27125 Kalem Havya 40 Watt,404.51,05,0.0,0.0,0.0,
Klpro Klmma160 160 Amper İnverter Kaynak Makinesi Klmma160y,12600.43,05,0.0,0.0,0.0,
Klmma200 200 Amper Inverter Kaynak Makinesi + Avuç Taşlama,19124.51,05,0.0,0.0,0.0,
Invertec® 175tp,110000.0,05,0.0,0.0,0.0,
Inverter 255 Ultra,47500.0,05,0.0,0.0,0.0,
Klmma220 220 Amper Inverter Kaynak Makinesi,23825.29,05,0.0,0.0,0.0,
"Soldex 337 Tüp Lehim Teli 25 Gr 1,2 Mm",1300.91,05,0.0,15.628221993102729,17.091501503123265,
"Powermaster 3221 Lehim Teli 200 Gr 0,80 Mm",2373.25,05,0.0,15.628410508263174,26.09384048923294,
160 Amper Italyan Kaynak Makinesi Çanta 4 Mm Elektrod Yakar,14001.89,05,0.0,0.0,0.0,
Inverter 255 Ultra Kaynak Maki̇nesi̇ 250 Amper,44999.0,05,0.0,0.0,0.0,
Megastick 200 Amper Inverter Kaynak Makinesi,13750.0,05,0.0,0.0,0.0,
Power Arc 200 Lt + 1 Paket 2.5mm Geka Elit Elektrot,14850.0,05,0.0,0.0,0.0,
Rtrmax Rtm520 İnverter Kaynak Maki̇nesi̇ 200 Amper,10348.89,05,0.0,0.0,0.0,
Kleco Ke200mma 200 Amper İnverter Kaynak Makinesi,11117.91,05,0.0,0.0,0.0,
Klpro Kemma160x 160 Amper Mma/elektrod İnverter Kaynak Makinesi,9423.59,05,0.0,0.0,0.0,
Rtrmax Rtm5165 Inverter Kaynak Makinası 15-160a,12389.42,05,0.0,0.0,0.0,
RTM 5220 RTRMAX İNVERTER KAYNAK MAKİNESİ 200A ITALY,12555.66,05,0.0,0.0,0.0,
Rtrmax Rtm515 20-160 A Inverter Kaynak Makinası,9463.31,05,0.0,0.8117514336148068,0.8117514336148068,
Rtrmax Rtm5220 Inverter Kaynak Makinası 15-200a,13223.91,05,0.0,0.0,0.0,
İnverter Kaynak Makinesi 140 Amper KE140MMA,10853.15,05,0.0,,0.0,
Dz161t 160 Amper Tig Lift/mma Çanta Tipi Profesyonel Dijital İnverter Kaynak Makinesi + Cat Dx37 Avuç Taşlama,13875.51,05,0.0,0.0,0.0,
Dz161 160 Amper Tig Lift/mma Çanta Tipi Profesyonel Dijital İnverter Kaynak Makinesi,12345.71,05,0.0,0.0,0.0,
Novax İnvertör Kaynak Makinası 200 A,7019.99,05,0.0,0.0,0.0,
Power Arc 200 Pro Inverter Kaynak Makinası +kaynak Maskesi+elektrodu Fırçası Hediyeli,12999.0,05,0.0,0.0,0.0,
205 Süper İnverter Kaynak Makinası - 701as205s,16282.92,05,0.0,,,
Mastermann Mig 205 Tüpsüz Gazaltı Ve Inverter Kaynak Makinesi,10500.0,05,0.0,,0.0,
89600 16 Mm Kaynak Kablosu 10 Metre - İtaly,5270.45,05,-0.20789823968130738,0.29076128840741106,0.7468392661209797,
Awelco 89700 25 Mm Kaynak Kablosu 10 Metre - İtaly,7423.52,05,-0.20809248554912707,0.29059674331702084,0.7466919997285802,
Sgs 5155 Invertör Kaynak Makinesi 125a,6100.0,05,0.0,0.0,0.0,
90390 Kaynak Maskesi Değişken Karartma,2810.01,05,-0.20810619808441702,0.2905202596837229,0.7464532713798688,
İnvertör Kaynak Makinası 160 Amper - Ryn6154,7968.0,05,0.0,0.0,-1.7751479289940828,
İnvertör Kaynak Makinası 200 Amper - Ryn6155,9458.4,05,0.0,0.0,-1.7819314641744588,
Inverter Kaynak Makinası Pro 200,11546.0,05,0.0,0.0,0.546448087431694,
Ma200e İnverter Kaynak Makinesi 200a + Kaynak Maskesi Hediye,8850.0,05,0.0,0.0,-8.290155440414509,
Arc 200s Mma Kaynak Makinası,12420.0,05,0.0,0.0,0.546448087431694,
Ma200e İnverter Kaynak Makinesi 200a,8599.0,05,0.0,1.7633136094674557,0.0,
Ma200e İnverter Kaynak Makinesi 200a + 1 Paket 2.5mm Elektrot,8850.0,05,0.0,0.0,-6.349206349206349,
Mastermann Mini 200 Inverter Kaynak Makinası 140 Amper,6250.0,05,0.0,0.0,0.0,
51200 Antares 200 200 Amper İnverter Elektrod Kaynak Makinesi (mma),14392.17,05,-0.2079438863526669,0.2906527038157728,0.7467717243160739,
Kaynak Makinası 250 Amper Sarı,5000.0,05,0.0,0.0,0.0,
Mma 200 Amper Kaynak Makinası Dijital Ekran Yeni Nesil Kartlı,5000.0,05,,0.0,0.0,
Mma T 200 Amper Kaynak Makinası Dijital Ekran Yeni Nesil Kartlı,5000.0,05,0.0,0.0,0.0,
Mma 200 Amper Kaynak Makinası Inverter Dijital Yeni Nesil,5000.0,05,0.0,0.0,0.0,
Power Arc200 Pro Inverter Kaynak Makinası Geka 200 Amper,13999.0,05,0.0,12.904266473102668,12.904266473102668,
Kaynak Makinası 250 Amper Yeşil,5000.0,05,0.0,0.0,0.0,
Kaynak Makinası 250 Amper Turuncu,5000.0,05,0.0,0.0,0.0,
200 Amper Inverter Elektrot Demir Kaynak Makinası Dijital,5000.0,05,0.0,0.0,0.0,
Megastick 200 Amper Kaynak Makinesi + Maske Hediyeli,14399.0,05,2.857346953353811,2.857346953353811,2.857346953353811,
Pro Full Set İnvertır Kaynak Hilti Matkap Kırıcı Delici Set,4999.0,05,0.0,0.0,0.0,
Pro Full Set İnvertır Kaynak Ve Bakır Sargılı  Kuyruklu Taşlama Hediyeleri...,4999.0,05,0.0,0.0,0.0,
90385 Helmet 2000-e  Din 11 Fıx Solarmatik Kaynak Maskesi,2564.13,05,-0.20782496001119652,0.29060898814879693,0.7465237532071054,
Büyük Kaynak Makas Eldiben Metre,17495.0,05,0.0,0.0,0.0,
Pro Full Alman İnvertır Kaynak Hilti Matkap Taşlama Taş Motoru Planya Dekupaj Hediyeli Set.,19999.0,05,0.0,0.0,0.0,
Yerli Montaj Mma-200 Amper Profesyonel Dijital Göstergeli Çift Kart Soğutmalı İnverter Kaynak,4299.0,05,0.0,0.0,0.0,
Pro Full Set İnvertır Kaynak Hilti Matkap Taşlama Ve Tamamı Orjinal Full Hediyeli Ürün Takım Çantası,19999.0,05,0.0,0.0,0.0,
Pro Alman Seri 200 Amper Xçift Kartlı Göstergeli Beraber Invertör Kaynak Makinası Garantili.,4999.0,05,0.0,0.0,0.0,
Pro Full Set İnvertır Kaynak Hilti Matkap Set Ve Uç Setleri...,4999.0,05,0.0,0.0,0.0,
Esab Savage A40 Colormatik Kaynak Baş Maskesi Siyah,17076.0,05,0.0,0.0,0.0,
Pro Full Set İnvertır Kaynak Ve Bakır Sargılı Taşlama Hediyeleri...,4999.0,05,0.0,0.0,0.0,
Cat202 2000 W Sıcak Hava Tabancası,1121.88,05,0.0,,-1.5117197787726977,
Rdx50200 İnverter Dc Makinası 200A,15000.0,05,0.0,0.0,0.0,
İnverter Kaynak Makinesi 160A KLMMA160,11184.81,05,0.0,0.0,0.0,
Kl Eco 160a Inverter Kaynak Makinesi,8739.43,05,0.06423306182175248,0.522544283413852,0.9283939097174676,
62275 Mega 220 Çantalı Elektrod İnverter Kaynak Makinası 200 Amp,10204.67,05,-0.20800043810153818,0.29061139448260664,0.7466650343961441,
Colormati̇k Argon Tig Kaynak Maskesi̇ P1ik378,2319.0,05,0.0,0.0,0.0,
58600 İnverter Kaynak Makinası 500 Amper,96234.29,05,-0.2079746066904363,0.2906349938997604,0.7467574139210021,
58550 İnverter Kaynak Makinesi 320 Amper,82033.48,05,-0.20796930190146223,0.29063857229745543,0.7467568792697845,
Yildiz Star Arc 180 Inverter Kaynak Makinesi,10950.0,05,0.0,0.0,0.0,
50075r Extra 200 İnverter Kaynak Makinası 200 Amper,8660.96,05,-0.20797302918191238,0.2906485283457414,0.7467929778195379,
Japon Techno Special Seri 200 Amper Göstergeli Beraber Invertör Kaynak Makinası,4999.0,05,0.0,0.0,0.0,
Nuri̇ş MA200 E,8000.0,05,0.0,0.0,0.0,
Plus Tig 200 Dc Pfc Tig/argon Kaynak Makinesi,39999.0,05,0.0,3.896205096236266,3.896205096236266,
