Category,Product Name,Price,Date,tuik_category,per_item_inflation_1d,per_item_inflation_7d,per_item_inflation_15d,per_item_inflation_30d
Akülü Vidalamalar,B D Ld12ska-tr 12v Vidalama+30 Prç Aks,1999.0,2026.05.20,05,0.0,0.0,0.0,
Akülü Vidalamalar,Sds-plus 11&#039;li Alüminyum Çantalı Uç Ve Keski Seti - 2608578765,1350.0,2026.05.20,05,0.0,-2.877697841726619,27.84090909090909,
Akülü Vidalamalar,10 Adet Vidalama Ucu ve 20 cm Uzatma Adaptörü,359.9,2026.05.20,05,0.0,0.0,0.0,
Akülü Vidalamalar,Promo Blister Akülü Vidalama + 24 Parça Aksesuar,599.9,2026.05.20,05,0.0,0.0,0.0,
Akülü Vidalamalar,"Te-cd 18/44 Li-i Darbeli Vidalama 1x2,5a",3999.0,2026.05.20,05,0.0,0.0,-5.883737349964697,
Akülü Vidalamalar,"Tp-Cd 18/60 Li Bl - Solo, Akülü Vidalama",3999.0,2026.05.20,05,0.0,0.0,0.0,
Akülü Vidalamalar,Bits Uç Seti Üçlü 89 mm,359.9,2026.05.20,05,0.0,0.0,0.0,
Akülü Vidalamalar,Pz Vidalama Ucu Üçlü 89 mm,359.9,2026.05.20,05,0.0,0.0,0.0,
Akülü Vidalamalar,Dt7969-qz 32 Parça Vid Uç Seti,949.9,2026.05.20,05,0.0,0.0,0.0,
Akülü Vidalamalar,Bits Uç Takımı 7 Parça,519.9,2026.05.20,05,0.0,0.0,0.0,
Akülü Vidalamalar,DCD710D2 10.8 Li-Ion Çift Akülü Vidalama,8499.0,2026.05.20,05,0.0,0.0,0.0,
Akülü Vidalamalar,Mini X-Line 25 Parçalı Vidalama Seti,419.9,2026.05.20,05,0.0,0.0,15.674931129476576,
Akülü Vidalamalar,LD12SP Akülü Vidalama,2799.0,2026.05.20,05,0.0,0.0,16.673614005835766,
Akülü Vidalamalar,10 Adet Vidalama Ucu ve 30 cm Uzatma Adaptörü,379.9,2026.05.20,05,0.0,0.0,0.0,
Akülü Vidalamalar,Dcd771S2 Vidalama Matkabı Şarjlı 18 Volt 1.5 Ah,7320.0,2026.05.20,05,0.0,0.0,,
Akülü Vidalamalar,Fatmax Sbd715b 18v 4.0 Ah Çift Akülü Darbeli Vidalama,7417.0,2026.05.20,05,0.05395926075812762,0.05395926075812762,-2.02113606340819,
Akülü Vidalamalar,10mm Çelik Mandren Vidalama Mkd5p,1663.0,2026.05.20,05,0.0,0.0,0.0,
Akülü Vidalamalar,Gsb 120-li 2 Ah Çift Akülü Darbeli Delme Vidalam Matkap Ve 23 Parça Uç Seti 06019g8102,6799.0,2026.05.20,05,0.0,11.340375010234997,11.340375010234997,
Akülü Vidalamalar,Impact Control Serisi Vidalama Ucu 8&#039;li PH2 *50mm,453.7,2026.05.20,05,0.0,0.0,0.0,
Akülü Vidalamalar,Hızlı Uç Değiştirme Mandrenli Üniversal Tutucu *60mm 1/4&#034; Altıgen Şaft,484.77,2026.05.20,05,0.0,0.0,0.0,
Akülü Vidalamalar,Akülü Vidalama GSR 180-LI,8665.0,2026.05.20,05,2.0372114931700427,2.617243012790147,2.9097387173396676,
Akülü Vidalamalar,Gsr 185-li Darbesiz Vidalama 2 Akü,9287.0,2026.05.20,05,1.9541113184762322,2.5394722314232085,2.823294951284322,
Akülü Vidalamalar,Impact Control Serisi Vidalama Ucu 8&#039;li PH2x2/PZ2x2/T20/T30 *50mm + Standart Tutucu *60mm,445.0,2026.05.20,05,0.6787330316742082,0.6787330316742082,0.9070294784580499,
Akülü Vidalamalar,Uneo Maxx Çift Akülü Vidalama,11059.0,2026.05.20,05,0.09956553222302679,0.09956553222302679,2.836153989213316,
Akülü Vidalamalar,Pozidriv Bits Uç PZ2,139.9,2026.05.20,05,0.0,0.0,0.0,
Akülü Vidalamalar,Vidalama Ucu 50 mm PH/PZ/SL,107.9,2026.05.20,05,0.0,0.0,0.0,
Akülü Vidalamalar,Profesyonel 32 Parça  Vidalama Uç Seti - 2607017319,641.9,2026.05.20,05,-8.037249283667624,2.5415741465518566,2.5415741465518566,
Akülü Vidalamalar,Impact Control Serisi Çift Taraflı Vidalama Ucu 8&#039;li PH2x4 /PZ2x4 *110mm,733.37,2026.05.20,05,0.0,0.0,0.0,
Akülü Vidalamalar,Cheli̇kbei̇ Onlu Set (led Işık + Kırıcı Delici Matkap+avuç Taşlama+somun Sıkma+vidalama+sunta Kesme+dekupaj+lazer Metre+oto Yıkama+çok Fonksiyonlu Avuç Taşlama),17768.0,2026.05.20,05,0.0,0.0,0.0,
Akülü Vidalamalar,Extra Hard Vidalama Ucu Seti 44+1 Parça - 2607017732,1400.9,2026.05.20,05,0.0,10.30795518074946,10.30795518074946,
Akülü Vidalamalar,13mm Mke Vidalama,1621.0,2026.05.20,05,0.0,0.0,0.0,
Akülü Vidalamalar,Manyetik Tutucu Universal 60 mm,388.9,2026.05.20,05,0.0,11.146041726207487,11.146041726207487,
Akülü Vidalamalar,Impact Control Serisi Vidalama Ucu 8&#039;li PH1/PH2 x3/PH3/PZ2 x2/PZ3 *25mm,472.34,2026.05.20,05,0.0,0.0,0.0,
Akülü Vidalamalar,Impact Control Serisi Vidalama Ucu 8&#039;li PZ2 *25mm,589.0,2026.05.20,05,0.0,68.33380965990284,68.33380965990284,
Akülü Vidalamalar,Dt71563-qz 100 Parça Uç Seti,2480.0,2026.05.20,05,0.0,0.0,0.0,
Akülü Vidalamalar,Vidalama Seti 32 Parça,723.0,2026.05.20,05,3.5816618911174785,4.178674351585014,4.479768786127168,
Akülü Vidalamalar,Hex Allen Bits Uç Seti Sekizli 25 mm,79.99,2026.05.20,05,0.0,0.0,0.0,
Akülü Vidalamalar,Impact Control Serisi Vidalama Ucu 8&#039;li T15/T20x2/T25x2/T30x2/T40 *25mm,589.0,2026.05.20,05,0.0,0.0,0.0,
Akülü Vidalamalar,Pozidriv Bits Uç PZ1,139.9,2026.05.20,05,0.0,0.0,0.0,
Akülü Vidalamalar,Bits Uç PH2,99.99,2026.05.20,05,0.0,0.0,0.0,
Akülü Vidalamalar,X-line 30 Parça Titanyum Karışık Aksesuar Seti 2607019324,1199.0,2026.05.20,05,0.0,22.036865515170636,22.036865515170636,
Akülü Vidalamalar,Impact Control Serisi Vidalama Ucu 8&#039;li PH2/PZ2/T15/T20/T25/T30 *50mm + Hızlı Uç Değiştirme Mandrenli Universal Tutucu,871.0,2026.05.20,05,0.0,,0.0,
Akülü Vidalamalar,"Go 3,6 Volt Akülü Vidalama Makinesi- 06019h2201",3245.64,2026.05.20,05,0.0,14.162504396763978,14.162504396763978,
Akülü Vidalamalar,MS18-20 Akülü Multi Set 18 Volt / 2 Ah Li-ion Çift Akülü Vidalama Multi Set,9000.0,2026.05.20,05,0.0,,,
Akülü Vidalamalar,Tp-cd 18/60 Li-i Bl Solo Akülü Darbeli Vidalama +2.5 Ah Starter Kit,5199.0,2026.05.20,05,0.0,,,
Akülü Vidalamalar,Bits Ucu Seti 20 Parça 50 mm,159.9,2026.05.20,05,0.0,0.0,,
Akülü Vidalamalar,Rtl8060 21v 3.0ah Profesyonel Şarjlı Darbeli Vidalama Makinesi,4900.0,2026.05.20,05,0.0,0.0,0.0,
Akülü Vidalamalar,Vidalama Ucu Seti 43 Parça,1411.37,2026.05.20,05,0.0,0.0,0.0,
Akülü Vidalamalar,Bits Ucu Seti 3 Parça PZ Uç Seti,44.99,2026.05.20,05,,,,
Akülü Vidalamalar,Karışık Bits Ucu Seti,159.9,2026.05.20,05,0.0,0.0,0.0,
Akülü Vidalamalar,12v Çift Akü Şarjlı Matkap Akülü Vidalama,999.9,2026.05.20,05,0.0,0.0,0.0,
Akülü Vidalamalar,12v Çift Akülü Metal Şanzıman Şarjlı Matkap Akülü Vidalama,1399.9,2026.05.20,05,0.0,0.0,0.0,
Akülü Vidalamalar,Eisenn Qaz-013 Grey Darbeli Metal Mandren Çift Akülü Bl Motor Vidalama Matkap + 84 Parça Komple Seti Hediyeli,3399.9,2026.05.20,05,0.0,0.0,0.0,
Akülü Vidalamalar,Eisenn Ex-10 Darbeli 013 Kömürsüz Motor 2 Akülü Vidalama Matkap + 84 Parça Aksesuar Set,3399.9,2026.05.20,05,0.0,0.0,0.0,
Akülü Vidalamalar,Bits Ucu 3 Adet,32.99,2026.05.20,05,0.0,,,
Akülü Vidalamalar,Şarjlı Darbeli Matkap 58 volt çift akülü Şansımanlı Torklu Matkap Duvar Beton Ahşap delme vidalama,1220.0,2026.05.20,05,0.0,0.0,0.0,
Akülü Vidalamalar,Akülü Vidalama Şarjlı Tornavida Şarjlı Matkap Ixo 7 + Bosch 46 Parça Cırcır Tornavida Vidalama Ucu,3499.0,2026.05.20,05,0.0,16.633333333333333,16.633333333333333,
Akülü Vidalamalar,10mm Mke Vidalama,1120.0,2026.05.20,05,0.0,0.0,0.0,
Akülü Vidalamalar,Partner Pt09971 Mıknatıslı Bileklik Vida Tutucu,145.91,2026.05.20,05,,,,
Akülü Vidalamalar,Workpro Wp221062 13 Parça Manyetik Cr-v Vidalama Bits Uç Seti,458.0,2026.05.20,05,0.0,0.0,0.0,
Akülü Vidalamalar,Da01901 32 Parça Manganez Fosfat Alaşımlı Vidalama Uç Seti,884.0,2026.05.20,05,0.0,0.0,0.0,
Akülü Vidalamalar,Cheli̇kbei̇ Dokuzlu Set (power Bank &amp; Led + Kırıcı Delici Matkap+avuç Taşlama+somun Sıkma+vidalama+sunta Kesme+dekupaj+budama Testeresi+budama Makası),12950.0,2026.05.20,05,0.0,0.0,0.0,
Akülü Vidalamalar,Professional Gsb 185-li 2.0 Ah Tek Akülü Kömürsüz Motor Darbeli Matkap + 23 Parça Aksesuar Set - 06019k3102,8046.19,2026.05.20,05,0.0,0.0,0.0,
Akülü Vidalamalar,Şarjli Tornavi̇da 13 Parça Set 3.6v 1.5ah Rdx-3085,588.61,2026.05.20,05,0.0,0.0,0.0,
Akülü Vidalamalar,10mm Dwe Vidalama,1120.0,2026.05.20,05,0.0,0.0,0.0,
Akülü Vidalamalar,Alçıpan Vidalama Mke,1867.0,2026.05.20,05,0.0,0.0,0.0,
Akülü Vidalamalar,Professional Gbh 2-26 Dre Kırıcı Delici Matkap - 0611253703,7490.0,2026.05.20,05,0.0,-4.979264166526057,-4.979264166526057,
Akülü Vidalamalar,Set 08 Şarjlı 3’lü Makine Seti S-lion Çantalı,15469.0,2026.05.20,05,0.0,0.0,-4.241562096273477,
Akülü Vidalamalar,Rtm350 Şarjlı Matkap,2827.85,2026.05.20,05,0.0,0.0,1.599887903654619,
Akülü Vidalamalar,Rtrmax Rtx3050b Akülü 18v 230nm Torklu Vi̇dalama *aküsüz Satilmaktadir*,3678.86,2026.05.20,05,0.0,0.0,1.5998652279939214,
Akülü Vidalamalar,Rtrmax Rtx3050 Kömürsüz 18V Akülü 230NM Vi̇dalama,8529.0,2026.05.20,05,0.0,0.0,-7.334472684366804,
Akülü Vidalamalar,Professional 43 Parça Vidalama Ucu Seti -2607017164,1946.0,2026.05.20,05,0.051413881748071974,0.051413881748071974,3.565726450239489,
Akülü Vidalamalar,Gtb 650 Alçipan Vidalama,5410.0,2026.05.20,05,0.11102886750555144,2.7930837925137753,3.086890243902439,
Akülü Vidalamalar,Dx72 Akülü Somun Sikma,13053.79,2026.05.20,05,0.0,0.0,0.0,
Akülü Vidalamalar,Shockwave Bits Uç Seti Karışık 32 Parça,1200.0,2026.05.20,05,0.0,0.0,0.0,
Akülü Vidalamalar,Gsb 185 Lı Darbeli Kömürsüz Matkap Vidalama 16 Parça Uç Seti Hediye,8499.0,2026.05.20,05,0.0,0.0,0.0,
Akülü Vidalamalar,Ph2 X 127 Mm Ekstra Uzun Yıldız Bits Uç Cb/1272,272.0,2026.05.20,05,0.0,0.0,0.0,
Akülü Vidalamalar,25 Parça Vidalama Seti (tornavida Fonksiyonlu Kutu),520.0,2026.05.20,05,0.0,0.0,0.0,
Akülü Vidalamalar,Gsb 18V-150 C Akülü Darb Delme/Vid,42000.0,2026.05.20,05,0.0,0.0,0.0,
Akülü Vidalamalar,T9 49 Mm 1&#039;li Torx Bits Uç Extrahard 2607001630,270.0,2026.05.20,05,0.0,0.0,0.0,
Akülü Vidalamalar,Bits Uç Ph1/2/3 25 Mm 3&#039;lü Set Extrahard 2607001752,294.0,2026.05.20,05,0.0,0.0,0.0,
Akülü Vidalamalar,Gsb 18V-90 C Solo Darb Delme/Vid,13574.99,2026.05.20,05,0.0,0.0,0.0,
Akülü Vidalamalar,Akülü Vidalama Şarjlı Tornavida Şarjlı Matkap Ixo 7 .nesil + Bosch 32 Parça Vidalama Ucu Seti,3299.0,2026.05.20,05,0.0,-5.688965122927387,0.0,
Akülü Vidalamalar,Tomax Yıldız Bits Uç Ph2x100 Mm (10 Adet),893.99,2026.05.20,05,0.0,0.0,0.0,
Akülü Vidalamalar,Haispro Rb-db2109 Profesyonel Darbeli Matkap 21 V 2x4.0 Ah Çift Akülü 150 Nm Yüksek Tork,14300.0,2026.05.20,05,0.0,0.0,,
Akülü Vidalamalar,Vidalama Köşe Adaptörü Shockwave-4932471274,1879.64,2026.05.20,05,0.0,8.650339019300695,8.650339019300695,
Akülü Vidalamalar,Tp-cd 18/50 Li I Bl Kömürsüz Çift 2 Ah Akülü Darbeli Matkap + Kwb 32 Parça Bits Uç Seti,7549.0,2026.05.20,05,0.0,0.0,0.0,
Akülü Vidalamalar,Gtb 185-li Akülü Alçıpan Vidalama (solo),7443.0,2026.05.20,05,0.0,,,
Akülü Vidalamalar,X-li̇ne 50+173 Parça Aksesuar Seti̇ 2607017523,1016.0,2026.05.20,05,0.0,0.0,0.29615004935834155,
Akülü Vidalamalar,21v Çift Akülü 4 Başlıklı Kömürsüz Motor Şarjlı Akülü Vidalama,3799.9,2026.05.20,05,0.0,0.0,0.0,
Akülü Vidalamalar,Şarjlı Vidalama Gsr 120 Li Çift Akülü,6319.0,2026.05.20,05,2.0345551429032778,2.6144852224748294,2.9153094462540716,
Akülü Vidalamalar,Impact Çift Taraflı Vidalama Uç Pz2 65mm 8li,459.0,2026.05.20,05,0.0,0.0,0.0,
Akülü Vidalamalar,12v Metal Şanzıman Çift Akülü Bakır Sargı Akülü Vidalama Şarjlı Matkap,1249.9,2026.05.20,05,0.0,0.0,0.0,
Akülü Vidalamalar,Gsr 18V-150 C Akülü Delme/Vid,29799.0,2026.05.20,05,0.0,0.0,0.0,
Akülü Vidalamalar,T Vidalama Ucu Üçlü 89 mm,359.9,2026.05.20,05,0.0,0.0,,
Akülü Vidalamalar,Sfmcf830d2k-qw 203nm Drbli Tornv,11999.0,2026.05.20,05,,0.0,,
Akülü Vidalamalar,Akülü Vidalama Mw24b,2214.0,2026.05.20,05,0.0,0.0,0.0,
Akülü Vidalamalar,Mclaren Dcf85mp2t-qw 18v 2x5ah Akülü Darbeli Vidalama,16778.0,2026.05.20,05,0.03577390889577868,,0.8293269230769231,
Akülü Vidalamalar,Plus 12v Usb Şarjlı Matkap Vidalama Dahili Batarya,1399.9,2026.05.20,05,0.0,0.0,0.0,
Akülü Vidalamalar,Profesyonel 21v Çift Akülü 13mm Darbeli Şarjlı Matkap Akülü Vidalama,1849.9,2026.05.20,05,,,0.0,
Akülü Vidalamalar,12v Çift Akülü Darbeli Şarjlı Matkap Dijital Göstergeli Akülü Vidalama,1399.9,2026.05.20,05,0.0,0.0,0.0,
Akülü Vidalamalar,Gsb Darbeli 120 Li 3 Ah Çift Akülü Vidalama +  Bosch Gas 12 Şarjlı Araç Süpürgesi̇ + Bosch V-line 103 Parça Uç Seti,10999.0,2026.05.20,05,0.0,0.0,0.0,
Akülü Vidalamalar,Plus 12v Dahili Batarya Akülü Vidalama Şarjlı Matkap,1399.9,2026.05.20,05,0.0,0.0,,
Akülü Vidalamalar,12 Volt 3 Pilli Yedek Akü,359.9,2026.05.20,05,0.0,0.0,0.0,
Akülü Vidalamalar,Alçıpan Vidalama Dw24,4868.0,2026.05.20,05,0.0,0.0,0.0,
Akülü Vidalamalar,Cheli̇kbei Beşli̇ Set Mw350r (10mm Ç.mandren+s.sıkma+ş.spral+ş.hilti+budama),7372.0,2026.05.20,05,0.0,0.0,0.0,
Akülü Vidalamalar,Pst 145 T Darbeli̇ Şarjli Vi̇dalama Tornavi̇da,5814.0,2026.05.20,05,0.0,0.0,0.0,
Akülü Vidalamalar,Gsr 120 Li 2 Ah Tek Akülü Vidalama + Bosch Gas 12 Şarjlı Araç Süpürgesi̇,6999.0,2026.05.20,05,0.0,0.0,,
Akülü Vidalamalar,Gsr 120 Li 3 Ah Çift Bataryalı Vidalama Ve Gas 12 Şarjlı Araç Süpürgesi̇,8999.0,2026.05.20,05,0.0,0.0,0.0,
Akülü Vidalamalar,Gsr 120 Li 3 Ah Tek Akülü Vidalama + Bosch Gas 12 Şarjlı Araç Süpürgesi̇,7499.0,2026.05.20,05,0.0,0.0,0.0,
Akülü Vidalamalar,Gsr 120 Li 3 Ah Çift Bataryalı Vidalama + Bosch Gas 12 Şarjlı Araç Süpürgesi̇ + Bosch V-line 103 Parça Uç Seti,9999.0,2026.05.20,05,0.0,0.0,0.0,
Akülü Vidalamalar,Gsr 120 Li 2 Ah Çift Akülü Vidalama + Bosch Gas 12 Şarjlı Araç Süpürgesi̇ + Bosch V-line 103 Parça Uç Seti,8999.0,2026.05.20,05,0.0,0.0,0.0,
Akülü Vidalamalar,Gsr 120 Li 2 Ah Çift Bataryalı Vidalama Ve Gas 12 Şarjlı Araç Süpürgesi̇,7999.0,2026.05.20,05,0.0,0.0,0.0,
Akülü Vidalamalar,Gsb Darbeli 120 Li 2 Ah Çift Akülü Vidalama + Bosch Gas 12 Şarjlı Araç Süpürgesi̇ + Bosch V-line 103 Parça Uç Seti,9999.0,2026.05.20,05,0.0,0.0,0.0,
Akülü Vidalamalar,Psd 2228 Şarjlı Vidalama 4v 1500 Mah 30 Parça Uç Seti,1199.0,2026.05.20,05,0.0,,,
Akülü Vidalamalar,İki̇li̇ Set Mk350 (ş.dekupaj+s.sikma),4035.0,2026.05.20,05,0.0,0.0,0.0,
Akülü Vidalamalar,"Çift Taraflı Uç Ph1/pz1-0,60/1,0 Mm 3&#039;lü Çift Taraflı 2607001745",403.0,2026.05.20,05,0.0,0.0,0.0,
Akülü Vidalamalar,Te-cd 18/50 Li-i Bl Solo Kömürsüz Akülü Darbeli Matkap - 4513942,3349.0,2026.05.20,05,0.0,,9.839291571006887,
Akülü Vidalamalar,Alçıpan Vidalama Bse,1867.0,2026.05.20,05,0.0,,0.0,
Akülü Vidalamalar,Qui̇x  Mıknatıslı Yıldız Uç Pz  2*65 Mml  ( 10 Adet),775.0,2026.05.20,05,0.0,,0.0,
Akülü Vidalamalar,6&#039;lı Set Kömürsüz Kırıcı Delici Hilti+vidalama+taşlama+somun Sökme+budama Testeresi+budama Makası,8899.9,2026.05.20,05,0.0,0.0,,
Akülü Vidalamalar,12v Çift Akülü Metal Şanzıman Şarjlı Darbeli Matkap Akülü Vidalama,1249.9,2026.05.20,05,0.0,0.0,0.0,
Akülü Vidalamalar,Gsb 18v-65 + Gws 18v-11 + Gbh 18v-24 C 3x5.0ah,41589.0,2026.05.20,05,2.617943150414528,3.7390870541282117,3.3729369655995227,
Akülü Vidalamalar,Şarjlı Yedek Batarya 21v,759.9,2026.05.20,05,0.0,0.0,0.0,
Akülü Vidalamalar,Gsb 18v-45 Çift Akülü 2.0 Ah Darbeli Vidalama + 63 Parça Aksesuar Seti,10217.0,2026.05.20,05,0.01957905041605482,-0.06846635367762129,0.4522662471733359,
Akülü Vidalamalar,Professional Gsb 18v-150 C Akülü Darbeli Delme Vidalama 2x8 Ah - 06019j5105,36125.0,2026.05.20,05,0.0,0.0,0.0,
Akülü Vidalamalar,Gdx 18v-285 2 X 2ah Akülü Darbeli Somun Sıkma - 06019n2122,13114.99,2026.05.20,05,0.0,0.0,,
Akülü Vidalamalar,"Professional Tp-cd 18/70 Li-i Bl (2x2,0ah)  Akülü Darbeli Vidalama  + Einhell Vidalama Uç Seti 42 Parça M-case Kutu",8868.0,2026.05.20,05,0.0,0.0,0.0,
Akülü Vidalamalar,Dörtlü Set Mw350r (10mm Ç.mandren+s.sıkma+ş.spral+ş.hilti),8197.0,2026.05.20,05,0.0,0.0,0.0,
Akülü Vidalamalar,Cheli̇kbei̇ 13mm Çelik Mandren Vidalama Mk36,2786.0,2026.05.20,05,0.0,0.0,0.0,
Akülü Vidalamalar,Atbl 16 Id-202c 2x2.0 Ah Çift Akülü Kömürsüz Darbeli Vidalama 16v - A0104084,3216.8,2026.05.20,05,0.0,0.0,0.0,
Akülü Vidalamalar,X-line 40 Parça Titanyum Karışık Aksesuar Seti 2607019600,921.4,2026.05.20,05,0.0,0.0,0.0,
Akülü Vidalamalar,RTM332T Akülü Vi̇dalama 12v 1.3ah 22nm Tek Akü,1527.18,2026.05.20,05,0.0,0.0,-5.407899708267004,
Akülü Vidalamalar,X-line Premium Delme Ve Vidalama Ucu Aksesuar Seti 49 Parça- 2608p00233,1250.0,2026.05.20,05,1.214574898785425,4.340567612687813,4.953820319059614,
Akülü Vidalamalar,V-line 91 Parça Vidalama Ve Matkap Ucu Aksesuar Seti - 2607017195,2006.0,2026.05.20,05,1.3643254168772108,2.4514811031664965,3.1362467866323906,
Akülü Vidalamalar,Pro Ultra Güçlendirilmiş Darbeli Lazer Kesim Bakır Sargılı 24 Parça Matkap Seti Kırmızı,1549.0,2026.05.20,05,,,,
Akülü Vidalamalar,Vidalama Uç Seti 25 Parça,459.9,2026.05.20,05,0.0,0.0,,
Akülü Vidalamalar,Gsr 18V-150 C Solo Delme/Vid,16091.0,2026.05.20,05,0.0,0.0,,
Akülü Vidalamalar,Hex 6x49 Mm 3&#039;lü Allen Bits Uç Extrahard 2607001735,488.0,2026.05.20,05,0.0,,,
Akülü Vidalamalar,1/4&#034; Bitsler Için 3/8&#034; Lokma Adaptörü  Bt/8003,340.0,2026.05.20,05,0.0,,,
Akülü Vidalamalar,Bosch Pro Impact Pz2 150 Mm Yıldız Vidalama Ucu 2608522548,462.0,2026.05.20,05,0.0,13.37701538688066,,
Akülü Vidalamalar,Bosch Pro Impact Pz2 90 Mm Yıldız Vidalama Ucu 2608522547,382.0,2026.05.20,05,0.0,16.823144438667846,,
Akülü Vidalamalar,1320 20 V 2.0 Ah Kömürsüz Li-ion Çift Akülü Darbeli Vidalama,3050.9,2026.05.20,05,0.0,,0.0,
Akülü Vidalamalar,1020 20v 2x2.0ah Çift Akülü Kömürsüz Darbeli Matkap 10mm,2180.91,2026.05.20,05,0.0,0.0,0.0,
Akülü Vidalamalar,Impact Control Tornavida Ucu Takımı 31 Parça,2147.0,2026.05.20,05,36.74462447773362,0.0,,
Akülü Vidalamalar,12v Type-c Usb Şarjlı Matkap Dahili Batarya Akülü Vidalama,1399.9,2026.05.20,05,0.0,0.0,,
Akülü Vidalamalar,12v Dahili Batarya Şarjlı Matkap Akülü Vidalama,1399.9,2026.05.20,05,0.0,0.0,,
Akülü Vidalamalar,Profesyonel 12v Çift Akülü Vidalama 84 Parça &amp; 12 Köşe 360° Lazer Hizalama Set,2999.9,2026.05.20,05,0.0,0.0,0.0,
Akülü Vidalamalar,Tomax Ph2 Yıldız Bits Sıkma Vidalama Ucu 50 Mm X 5 Adet,269.95,2026.05.20,05,0.0,0.0,,
Akülü Vidalamalar,Milwaukee Bits Yıldız Uç Vidalama Matkap Ucu Pz2 x 50mm -10 Adet,747.9,2026.05.20,05,0.0,1.0675675675675644,0.0,
Akülü Vidalamalar,Rtl80180 Bordo 180 Nm Vi̇dalama,9650.0,2026.05.20,05,0.0,0.0,0.0,
Akülü Vidalamalar,Dd20s-40tt 20v Akülü Matkap 40nm 2 Vites Led 2.0ah + Şarj,5440.5,2026.05.20,05,0.0,0.0,0.0,
Akülü Vidalamalar,Hd20x-60tt Akülü Darbeli Matkap Kömürsüz 60nm 1x2ah,7137.0,2026.05.20,05,0.0,0.0,0.0,
Akülü Vidalamalar,Hd20s‑50 Akülü Darbeli Matkap Akü Ve Şarj Cihazı Hariç,2940.0,2026.05.20,05,0.0,0.5128205128205128,0.5128205128205128,
Akülü Vidalamalar,"Iw20x-700 Darbeli Somun Sıkma Kömürsüz, 700nm Akü Ve Şarj Cihazı Hariç",8775.0,2026.05.20,05,0.0,0.0,0.0,
Akülü Vidalamalar,Hpa0416 Şarjlı Tornavida 4v 1.3ah 4nm 200 Dev/dk 1/4” Hex Lokmalı Set,1485.0,2026.05.20,05,1.0204081632653061,1.0204081632653061,1.5384615384615385,
Akülü Vidalamalar,Tech Akülü Vidalama Dt04d,15524.0,2026.05.20,05,0.0,0.0,,
Akülü Vidalamalar,Tech  Akülü Vidalama Dt02d,8995.0,2026.05.20,05,0.0,0.0,,
Akülü Vidalamalar,Kl Pro Klha403 1/2&#039;&#039; Profesyonel Havalı Darbeli Somun Sıkma/sökme,2010.95,2026.05.20,05,0.0,0.0,1.6000767956024449,
Akülü Vidalamalar,16’li Set – Atbl 16 Id-202c Kömürsüz Darbeli Vidalama + Atbl 16 Pd-202c 16v Kömürsüz Darbeli Matkap 2x2.0ah Çift Akülü - A0,4847.93,2026.05.20,05,0.0,0.0,0.0,
Akülü Vidalamalar,Ennalbur M12 Çektirme ( 2 Adet ),352.95,2026.05.20,05,0.0,,0.0,
Akülü Vidalamalar,Ennalbur M20 Çektirme ( 2 Adet ),998.77,2026.05.20,05,0.0,,0.0,
Akülü Vidalamalar,Ennalbur M0 Çektirme ( 2 Adet ),223.37,2026.05.20,05,0.0,,0.0,
Akülü Vidalamalar,Catpower 3501 Dik Freze 8-12 Mm Pens,8341.85,2026.05.20,05,0.0,,0.0,
Akülü Vidalamalar,Ennalbur M8 Çektirme ( 4 Adet ),284.19,2026.05.20,05,0.0,,0.0,
Akülü Vidalamalar,İzeltaş 1114065016 M16  1/2&#034; Lokmalı ( Ribe ) Bits Uç,779.02,2026.05.20,05,0.0,,0.0,
Akülü Vidalamalar,Ennalbur M14 Çektirme ( 2 Adet ),437.32,2026.05.20,05,0.0,,0.0,
Akülü Vidalamalar,Einhell Tc Bj 900 Yassı Dübel Frezesi 860 Watt,5706.46,2026.05.20,05,0.0,,0.0,
Akülü Vidalamalar,Ennalbur M6 Çektirme ( 4 Adet ),213.75,2026.05.20,05,0.0,0.0,0.0,
Akülü Vidalamalar,Ennalbur M16 Çektirme ( 2 Adet ),581.08,2026.05.20,05,0.0,,0.0,
Akülü Vidalamalar,Tech Akülü Vidalama Dt01d,6818.0,2026.05.20,05,0.0,0.0,,
Akülü Vidalamalar,Tech Akülü Vidalama Dt03d,11715.0,2026.05.20,05,0.0,0.0,0.0,
Akülü Vidalamalar,"Tc-cd 18/35 Li Vidalama (1x1,5ah) (4513914) Kırmızı",5388.0,2026.05.20,05,0.0,0.0,0.0,
Akülü Vidalamalar,Pro-atbl 18 Id2-202c 20v 2 Ah Çift Akülü Darbeli Vidalama - A0104077,6727.09,2026.05.20,05,0.0,0.0,0.0,
Akülü Vidalamalar,Professional Tp-cd 18/50 Li-i Bl ( 2ah + 4ah ) Akülü Darbeli Vidalama + Einhell  Vidalama Uç Seti 42 Parça M-case Kutu,10158.7,2026.05.20,05,0.0,0.0,0.0,
Akülü Vidalamalar,Atbl 21 2&#039;li̇ Kömürsüz Set Akülü Matkap + Taşlama - A0104099,5298.46,2026.05.20,05,0.0,0.0,0.0,
Akülü Vidalamalar,Professional Tp-cd 18/50 Li-i Bl ( 2ah + 4ah ) Akülü Darbeli Vidalama Compact Sistem  - 4514217,8230.5,2026.05.20,05,0.0,0.0,0.0,
Akülü Vidalamalar,"Psb 18 Li-2 Ergo Akülü Delme Vidalama (2,5ah Çift Akü) - 06039b0301",13108.0,2026.05.20,05,0.0,0.0,0.0,
Akülü Vidalamalar,Cat Power 1560 Kömürsüz Makine Seti 6 Parça,22771.07,2026.05.20,05,0.0,0.0,0.0,
Akülü Vidalamalar,İzeltaş Ph2 25mm Yildiz Bi̇ts Uç,77.5,2026.05.20,05,0.0,,0.0,
Akülü Vidalamalar,İzeltaş 1.2x6.5 50mm Düz Bi̇ts Uç,91.8,2026.05.20,05,0.0,0.0,0.0,
Akülü Vidalamalar,İzeltaş T27 50mm Torx Bi̇ts Uç,102.8,2026.05.20,05,0.0,0.0,0.0,
Akülü Vidalamalar,İzeltaş 10mm T Kol Lokma Uçlu Tornavi̇da,409.8,2026.05.20,05,0.0,0.0,0.0,
Akülü Vidalamalar,Yedi̇li̇ Set (powerbank&amp;led+ Ş.hilti+ş.spral+s.sıkma+13mm Ç.mandren+ş.dekupaj+sunta Kesme),10780.0,2026.05.20,05,0.0,0.0,0.0,
Akülü Vidalamalar,"Cat Power 1350 Akülü Vidalama Makinesi 20 V 2,0 Ah",5852.62,2026.05.20,05,0.0,0.0,0.0,
Akülü Vidalamalar,X-line 76 Parça Profesyonel Aksesuar Seti 2608p00234,4237.5,2026.05.20,05,0.0,0.0,0.0,
Akülü Vidalamalar,Cat Power 1410 Akülü Fayans Titreşim Makinası 20 Volt,5086.47,2026.05.20,05,0.0,0.0,0.0,
Akülü Vidalamalar,Professional Gsh 500 Kırıcı,24747.0,2026.05.20,05,0.0,0.0,0.0,
Akülü Vidalamalar,13mm Bse Vidalama,1621.0,2026.05.20,05,0.0,0.0,0.0,
Akülü Vidalamalar,Tp-cd 18/60 Li-i  Bl - Solo Akülü Darbeli Vidalama - 4514205,4025.0,2026.05.20,05,0.0,0.0,0.0,
Akülü Vidalamalar,4140 20v Lion Şarjlı Matkap/akülü Vidalama (2 Akülü),5454.15,2026.05.20,05,0.0,0.0,0.0,
Akülü Vidalamalar,4150 Kömürsüz 20v 4.0ah Li-ion 3 Akülü 5&#039;li Set - Darbeli Vidalama - Kırıcı Delici - Avuç Taşlama - Somun Sıkma Ve Torklu,30917.22,2026.05.20,05,0.0,0.0,0.0,
Akülü Vidalamalar,Üçlü Set Mk800 2b1ş (ş.spral+s.sikma+ş.hi̇lti̇),6616.0,2026.05.20,05,0.0,0.0,,
Akülü Vidalamalar,1360 16 V Li-ion 2.0 Ah Kömürsüz Akülü Vidalama,4935.69,2026.05.20,05,0.0,0.0,0.0,
Akülü Vidalamalar,İzeltaş 13mm T Kol Lokma Uçlu Tornavi̇da,471.1,2026.05.20,05,0.0,0.0,0.0,
Akülü Vidalamalar,İzeltaş 12mm T Kol Lokma Uçlu Tornavi̇da,451.21,2026.05.20,05,0.0,0.0,0.0,
Akülü Vidalamalar,İzeltaş 14mm T Kol Lokma Uçlu Tornavi̇da,546.92,2026.05.20,05,0.0,0.0,0.0,
Akülü Vidalamalar,Changer 18650 Pil Şarj Cihazı,312.32,2026.05.20,05,,,,
Akülü Vidalamalar,Impact Ph2 65mm Çift Taraflı Vidalama Uç 8li,783.09,2026.05.20,05,0.0,,,
Akülü Vidalamalar,İzeltaş 6x200 Ph2 Kraft Seri̇ Yildiz Uçlu Tornavi̇da,406.5,2026.05.20,05,0.0,,0.0,
Akülü Vidalamalar,İzeltaş 8x175 Kraft Seri̇ Düz Uçlu Tornavi̇da,383.4,2026.05.20,05,0.0,0.0,0.0,
Akülü Vidalamalar,İzeltaş 4x150 Elektroni̇kçi̇ Düz Uçlu Klemens Tornavi̇da,271.2,2026.05.20,05,0.0,,0.0,
Akülü Vidalamalar,İzeltaş 3x40 Kraft Seri̇ Düz Uçlu Tornavi̇da,165.5,2026.05.20,05,0.0,,0.0,
Akülü Vidalamalar,İzeltaş Tr27 Deli̇kli̇ Torx Uçlu Tornavi̇da,377.9,2026.05.20,05,0.0,0.0,0.0,
Akülü Vidalamalar,İzeltaş 4x80 Kraft Seri̇ Düz Uçlu Tornavi̇da,182.0,2026.05.20,05,0.0,,0.0,
Akülü Vidalamalar,İzeltaş 6.5x25 Kraft Seri̇ Düz Uçlu Topaç Tornavi̇da,197.4,2026.05.20,05,0.0,,0.0,
Akülü Vidalamalar,İzeltaş 9mm Lokma Uçlu Tornavi̇da,438.78,2026.05.20,05,0.0,0.0,0.0,
Akülü Vidalamalar,Atb 21 Blpdx-202c  2 X 2.0 Ah Çift Akülü Kömürsüz Darbeli Matkap - A0104098,2756.78,2026.05.20,05,0.0,0.0,0.0,
Akülü Vidalamalar,Klpro Klav60266 500watt Profesyonel Alçı Panel Tornavidası,2810.16,2026.05.20,05,0.0,0.0,1.5998351356334806,
Akülü Vidalamalar,Pt-21905 Köşe Delme Vidalama Aparatı Mandren 10mm 3/8&#034;,665.46,2026.05.20,05,0.0,0.0,0.0,
Akülü Vidalamalar,İzeltaş 3x60 T7 Elektroni̇kçi̇ Torx Uçlu Klemens Tornavi̇da,196.3,2026.05.20,05,,,0.0,
Akülü Vidalamalar,Gsb 18v-110 C 2x4.0ah Darbeli Vidalama,32375.0,2026.05.20,05,0.0,0.0,0.0,
Akülü Vidalamalar,Gdr 18v-220c + Gsr 18v-90c Vidalama + 2x4 Akü Kombi Seti,26370.0,2026.05.20,05,0.0,0.0,0.0,
Akülü Vidalamalar,Gsb 18v-28 Akülü Darbeli Vidalama,3962.14,2026.05.20,05,0.0,0.0,0.0,
Akülü Vidalamalar,İzeltaş Pz1 50mm Pozi̇dri̇v Bi̇ts Uç,102.8,2026.05.20,05,0.0,0.0,0.0,
Akülü Vidalamalar,Set 01 Şarjlı 2’li Makine Seti S-lion Çantalı,8439.0,2026.05.20,05,0.0,0.0,-5.841004184100418,
Akülü Vidalamalar,Rtrmax  Rtsset04  Şarjlı 4’lü Makine Seti S-lion Çantalı,17549.0,2026.05.20,05,0.0,0.0,-3.781677781292884,
Akülü Vidalamalar,Set 010  Şarjlı 4’lü Makine Seti S-lion Çantalı,17499.0,2026.05.20,05,0.0,0.0,-4.601002237370627,
Akülü Vidalamalar,"Rtrmax Set 46  Xli̇on 4lü Set Rtx3010b,rtx2028b,rtx2095b,rtx3060b,rtx1802,2x Rtx1804,rtx1809,rtx1019",20648.45,2026.05.20,05,0.0,0.0,1.599987797245336,
Akülü Vidalamalar,"Rtx042 Xli̇on 3lü Set Rtx1820b,rtx2095b,rtx2055b,rtx1802,2x Rtx1804,rtx1808,rtx1019",15459.6,2026.05.20,05,0.0,0.0,1.6000115666654022,
Akülü Vidalamalar,"Rtx Set41 Xli̇on 2li̇ Set Rtx1820b,rtx2055b,rtx1802,rtx1804,rtx1808,rtx1015",9211.8,2026.05.20,05,0.0,0.0,1.6000255880565508,
Akülü Vidalamalar,"Rtx Set 44 Xli̇on 3lü Set Rtx3010b,rtx2095b,rtx3060b,rtx1802,2x Rtx1804,rtx1809,rtx1019",16942.13,2026.05.20,05,0.0,0.0,1.6000292648057208,
Akülü Vidalamalar,"Rtx Set43 Xli̇on 2li̇ Set Rtx3010b,rtx2055b,rtx1802,rtx1804,rtx1809,rtx1015",10588.44,2026.05.20,05,0.0,0.0,1.6000284023032731,
Akülü Vidalamalar,"Rtx Set 45 Xli̇on 4lü Set Rtx3010b,rtx3050b,rtx2095b,rtx3060b,rtx1802,2x Rtx1804,rtx1809,rtx1019",20542.55,2026.05.20,05,0.0,0.0,1.599976260012216,
Akülü Vidalamalar,Rtrmax Rtm3516 Akülü Kömürsüz Darbesi̇z 16.8v 2 Ah. 50nm Çi̇ft Akü Vi̇dalama Matkap,4128.84,2026.05.20,05,0.0,0.0,1.5999724397242,
Akülü Vidalamalar,SET055: Rtx3010b Akülü Kömürsüz 18v 70nm Darbeli̇ Matkap+ Rtx3060b Akülü Kömürsüz 18v 125mm Devi̇r Ayarli Avuç Taşlama,14131.9,2026.05.20,05,,0.0,-0.9060999416595692,
Akülü Vidalamalar,Rtm332T 12v 1.3 Ah Li-ion Tek Akülü Vidalama Ve Şarjlı Matkap (PVC Çantalı),2646.31,2026.05.20,05,0.0,0.0,1.5998372135880612,
Akülü Vidalamalar,Rtrmax Alçıpan Vidalama Matkabı Rtm3110,2557.14,2026.05.20,05,0.0,0.0,1.6000031785511362,
Akülü Vidalamalar,Rtx2022b Şarjlı Darbeli Vidalama Aküsüz,3775.55,2026.05.20,05,0.0,0.0,1.6000688896124697,
Akülü Vidalamalar,"Rtrmax  10&#039;lü Combo Set (rtx2095b,rtx2028b,rtx3010b,rtx3050b,rtx1004,4 Ad Rtx1804p Yeni̇ Nesi̇l Akü ,2 Ad Rtx1808 Şarj Ci̇hazi)",29899.0,2026.05.20,05,0.0,0.0,1.5999986407572293,
Akülü Vidalamalar,Rtrmax Rts5020 Akülü Torklu Vi̇dalama Kömürsüz 200nm 2x4 Ah Akü S-lion,7040.04,2026.05.20,05,0.0,0.0,1.600047336116734,
Akülü Vidalamalar,Rtrmax Rts5020b Akülü Torklu Vi̇dalama Kömürsüz 200nm S-lion *aküsüz Satilmaktadir*,2858.18,2026.05.20,05,0.0,0.0,1.599974406097028,
Akülü Vidalamalar,Rtrmax Rtx2026b 18v Kömürsüz Akülü Alçipan Vi̇dalama,4236.22,2026.05.20,05,0.0,-1.2045607725980414,0.3762730017012873,
Akülü Vidalamalar,Rtrmax Rtm332,2160.74,2026.05.20,05,0.0,0.0,-0.3449834426395854,
Akülü Vidalamalar,Pz1 49 Mm 3&#039;lü Yıldız Vidalama Ucu Extrahard 2607001575,331.0,2026.05.20,05,0.0,0.0,0.0,
Akülü Vidalamalar,Bosch 35 Parça Ahşap Matkap Ucu Ve Bits Uç Seti 2607017725,1666.0,2026.05.20,05,0.0,8.25211176088369,,
Akülü Vidalamalar,18v 2a Şarjlı Vidalama Dcd708d2t Kömürsüz,12311.0,2026.05.20,05,0.0,0.0,-1.3699727607755168,
Akülü Vidalamalar,Dw268k Elektrikli Torklu Matkap Vidalama 540 Watt,19110.0,2026.05.20,05,0.0,5.644314224114103,6.00765518389083,
Akülü Vidalamalar,Shockwave 56 Parça Bits Uç Seti-4932492006,1942.0,2026.05.20,05,0.0,,,
Akülü Vidalamalar,Bcf611sck-qw Silver Series Şarjlı Tornavida Hızlı Şarj 3.6v 1.6 Ah 5.5nm,1077.0,2026.05.20,05,0.0,,-2.17983651226158,
Akülü Vidalamalar,İzeltaş 6x150 Opak Seri̇ Düz Uçlu Tornavi̇da,352.0,2026.05.20,05,,0.0,,
Akülü Vidalamalar,Gsr 18v-45 Çift Akülü 2.0 Ah Vidalama + 63 Parça Aksesuar Seti,10883.0,2026.05.20,05,0.7405350365639174,-0.32970052202582656,3.549000951474786,
Akülü Vidalamalar,İzeltaş Pz2 50mm Pozi̇dri̇v Bi̇ts Uç,195.0,2026.05.20,05,0.0,0.0,,
Akülü Vidalamalar,İzeltaş Ph2 50mm Yildiz Bi̇ts Uç,191.0,2026.05.20,05,0.0,0.0,0.0,
Akülü Vidalamalar,Ph1 89 Mm 3&#039;lü Yıldız Bits Uç Extrahard 2607001533,425.0,2026.05.20,05,-1.6203703703703702,0.0,-0.9324009324009324,
Akülü Vidalamalar,Gtb 650 Vidalama Makinesi 650 Wat,5407.0,2026.05.20,05,0.05551443375277572,2.736082082462474,3.0297256097560976,
Akülü Vidalamalar,Gsr 18v-45 Akülü Vidalama + Gws 18v-8 Akülü Taşlama 2x4.0ah Akülü Kombo Set - 0615a5007n,20541.0,2026.05.20,05,1.6730188585853585,2.2550776583034646,2.540934504792332,
Akülü Vidalamalar,Black+decker Revdd12altb Reviva 12 V Matkap,2450.0,2026.05.20,05,-2.039184326269492,1.2396694214876034,1.2396694214876034,
Akülü Vidalamalar,"Einhell Tp-cd 18/60 Li-i Bl Akülü Vidalama 2x4,0 Ah Akülü",9091.0,2026.05.20,05,0.044018928139099814,-0.06595580960756293,-0.2523590081193768,
Akülü Vidalamalar,Professional Gws 24-230 Jz Büyük Taşlama Makinesi,9275.0,2026.05.20,05,0.5638078716252847,0.5638078716252847,0.8590691605045673,
Akülü Vidalamalar,Dt70818-qz 7 Adet 57mm Yildiz Karişim Çubuğu Flextorq,645.0,2026.05.20,05,0.15527950310559005,,0.78125,
Akülü Vidalamalar,Grc 18v-60 Akülü Köşeli Somun Sıkma 2x2.0 Ah,14952.0,2026.05.20,05,0.02006823198876179,-0.053475935828877004,,
Akülü Vidalamalar,Dck2200h2t 18v 2x5.0 Ah Akülü 2&#039;li Set,36315.0,2026.05.20,05,0.03856643067684086,,0.15444441380071156,
Akülü Vidalamalar,Gdr 18v-220 C Çift Akülü 5 Ah Darbeli Somun Sıkma Makinesi,24281.0,2026.05.20,05,1.3735804943219772,1.9524689284514611,2.2443995283813374,
Akülü Vidalamalar,"Professional Tp-cd 18/70 Li-i Bl (2x2,0ah)  Akülü Darbeli Vidalama - 4514316",8006.0,2026.05.20,05,0.04998750312421895,-0.06241418050181001,0.401304238776022,
Akülü Vidalamalar,Aeg Bsb 18c3bl-402c 18 V Çift Akülü 4 Ah Darbeli Matkap,19452.0,2026.05.20,05,0.046289152908501774,0.046289152908501774,0.3922378199834847,
Akülü Vidalamalar,Grc 18v-60 Akülü Darbeli Somun Sıkma,5813.0,2026.05.20,05,2.161687170474517,2.7394839165782963,3.0308401276143213,
Akülü Vidalamalar,Pst 107 Kit Şarjlı Tornavida,1470.0,2026.05.20,05,0.06807351940095302,0.06807351940095302,1.1004126547455295,
Akülü Vidalamalar,Professional Gbh 12-52 D Kırıcı Delici Matkap - 0611266100,53431.0,2026.05.20,05,0.07679340700505713,0.07679340700505713,0.19126554032515142,
Akülü Vidalamalar,Gsr 18v-90 C Çift Akülü 5 Ah Vidalama Makinesi,21428.0,2026.05.20,05,0.08874772292026717,0.08874772292026717,0.4406112308990344,
Akülü Vidalamalar,Professional Gsb 120-li 2.0ah Çift Akülü Delme Vidalama Makinesi - 06019g8100,6650.0,2026.05.20,05,2.072141212586339,2.6551404754553873,,
Akülü Vidalamalar,Dt7507-qz 9 Parça Lokma Anahtar Uç Seti,3675.0,2026.05.20,05,0.1089621356578589,0.1089621356578589,0.3002183406113537,
Akülü Vidalamalar,Dcf961nt Aküsüz Somun Sıkma,18158.0,2026.05.20,05,,3.2702041744867203,3.629722634402466,
Akülü Vidalamalar,Sfmck217m1s Matkap + Somun Sıkma Seti,11323.0,2026.05.20,05,0.026501766784452294,1.4787596343430722,2.1746977079949468,
Akülü Vidalamalar,Kress Kuc30 20volt/4.0ah Li-ion Çift Akülü Kömürsüz Profesyonel Şarjlı Darbeli Matkap,13912.37,2026.05.20,05,0.0,0.0,0.0,
Akülü Vidalamalar,Wx252 4volt/1.5ah. Li-ion Şarjlı Tornavida + 10 Adet Bits Uç,2294.7,2026.05.20,05,0.0,0.0,0.0,
Akülü Vidalamalar,Kress Kua72.91 20volt Kömürsüz Profesyonel Şarjlı Matkap (akü Dahil Değildir),8313.89,2026.05.20,05,0.0,0.0,0.0,
Akülü Vidalamalar,Kress Kuc30.91 20volt Kömürsüz Profesyonel Şarjlı Darbeli Matkap (akü Dahil Değildir),8298.74,2026.05.20,05,0.0,0.0,0.0,
Akülü Vidalamalar,Dx71 Torklu  Vi̇dalama,11120.46,2026.05.20,05,0.0,0.0,0.0,
Akülü Vidalamalar,Sgs Akülü Darbeli Vidalama Seti 20 Volt - 2 Amper Sgs5500,59990.0,2026.05.20,05,0.0,,,
Akülü Vidalamalar,T8 X 50 Mm Torx Bits Uç Cb/822,201.0,2026.05.20,05,0.0,,,
Akülü Vidalamalar,Tri-wing Tw 1 X 25 Mm Bits Uç Cb/871,218.0,2026.05.20,05,0.0,,,
Akülü Vidalamalar,"Sgs X-tech Combo Set Çift Akülü Darbeli Matkap, Şarjlı Vidalama Kırıcı Delici , Şarjlı Avuç Taşlama ,15 Parça Aksesuar",11430.0,2026.05.20,05,0.0,,,
Akülü Vidalamalar,Rak28sdib2 28 Parça Vidalama Ucu Seti - 5132003790,1908.0,2026.05.20,05,0.0,,,
Akülü Vidalamalar,Bit Driver Extender Steel,1950.0,2026.05.20,05,0.0,,,
Akülü Vidalamalar,Psd 2234 Şarjlı Vidalama Dayanıklı Ve Güçlü Pil 21+1 Tork Ayarı,1995.0,2026.05.20,05,0.0,,,
Akülü Vidalamalar,Psd 2227 Şarjlı Tornavida 3.6v 11+1 Uç Setli Vidalama,900.0,2026.05.20,05,0.0,,,
Akülü Vidalamalar,Avantaj Set Darbeli Matkap Ve Uç Seti 16v -tosli241199e,6372.0,2026.05.20,05,0.0,,,
Akülü Vidalamalar,Bosch Pro Impact 24 Parça Vidalama-bits Uç Seti 2608521u75,2051.0,2026.05.20,05,0.0,,,
Akülü Vidalamalar,Bosch Pro Impact 40 Parçalı Bits Ve Matkap Ucu Seti 2608521u85,3969.0,2026.05.20,05,0.0,,,
Akülü Vidalamalar,Bosch Pro Impact Ph2 150 Mm Yıldız Vidalama Ucu 2608522525,407.49,2026.05.20,05,0.0,,0.0,
Akülü Vidalamalar,Bosch Pro Impact Ph2 55 Mm Yıldız Vidalama Ucu 5&#039;li 2608522522,919.0,2026.05.20,05,0.0,,,
Akülü Vidalamalar,Bosch Pro Impact 36 Parça Vidalama Ve Lokma Uç Seti 2608522517,2624.0,2026.05.20,05,0.0,,,
Akülü Vidalamalar,Bosch Pro Impact T30 90 Mm Torx Vidalama Ucu 2608522537,382.0,2026.05.20,05,0.0,,,
Akülü Vidalamalar,Bosch Pro Impact 3&#039;lü Torx Bits Uç Seti T25-t30-t40 2608521u55,613.0,2026.05.20,05,0.0,,,
Akülü Vidalamalar,C-dtb74/1-x 20v 2x2ah Çift Akülü Vidalama + 74 Parça Aksesuar Seti - 5910904400,6374.0,2026.05.20,05,0.0,,0.0,
Akülü Vidalamalar,Bosch Pro 3/8&#034; 7-19 Mm Havalı Lokma Takımı 9 Prç 2608003036,1578.0,2026.05.20,05,0.0,,,
Akülü Vidalamalar,Bosch Pro Impact 25 Mm Ph2-pz2-t20-t25-t30 25 Parça Bits Uç Seti 2608521u63,904.0,2026.05.20,05,0.0,,,
Akülü Vidalamalar,Bosch Pro Impact Pz2 55 Mm Yıldız Vidalama Ucu 15&#039;li 2608522546,1276.0,2026.05.20,05,,,,
Akülü Vidalamalar,Bosch Pro Impact R2 55 Mm Kare Bits Uç 2&#039;li 2608522551,462.0,2026.05.20,05,,,,
Akülü Vidalamalar,Bosch Pro Impact 40 Parça Vidalama Ve Ahşap Delme Uç Seti 2608521u87,3969.0,2026.05.20,05,,,,
Akülü Vidalamalar,Bosch Pro Impact 19 Parça Vidalama Ve Delme Uç Seti 2608521u82,4704.0,2026.05.20,05,,,,
Akülü Vidalamalar,Bosch Pro Impact 50 Parça Vidalama Uç Seti 2608521u89,4156.0,2026.05.20,05,,,,
Akülü Vidalamalar,Bosch Pro Impact T20 90 Mm Torx Vidalama Ucu 2608522535,382.0,2026.05.20,05,,,,
Akülü Vidalamalar,Bosch Pro Impact 48 Parça Vidalama Uç Seti 2608521u88,3997.0,2026.05.20,05,,,,
Akülü Vidalamalar,Bosch Pro Impact 5x55 Mm Allen Vidalama Ucu 2&#039;li 2608522557,462.0,2026.05.20,05,,,,
Akülü Vidalamalar,Bosch Pro Impact T25 Torx Vidalama Ucu 55 Mm 2&#039;li 2608522531,310.0,2026.05.20,05,,,,
Akülü Vidalamalar,Bosch Pro Impact 1/4&#034; Mıknatıslı 75 Mm Bits Uç Uzatma Adaptörü 2608522559,507.0,2026.05.20,05,,,,
Akülü Vidalamalar,Bosch Pro Impact T25 150 Mm Torx Vidalama Ucu 2608522539,462.0,2026.05.20,05,,,,
Akülü Vidalamalar,Bosch Pro Impact T40 Torx Vidalama Ucu 55 Mm 2&#039;li 2608522533,310.0,2026.05.20,05,,0.0,,
Akülü Vidalamalar,Bosch Pro Impact İki Başlı T25 Torx Bits Uç 65 Mm 2608522541,310.0,2026.05.20,05,,,,
Akülü Vidalamalar,Packout  Elektrikçi Seti 74 Parça - 4932499467,46128.0,2026.05.20,05,,0.0,,
Akülü Vidalamalar,Tidli16682 Li-ion Akülü Kömürsüz Darbeli̇ Matkap - Darbeli Model,6300.0,2026.05.20,05,,0.0,,
Akülü Vidalamalar,"Avantajlı Akülü Prof Set, Kırıcı Delici 4.5j, Darbeli Matkap 96nm, Somun Sökme 1350nm",26700.0,2026.05.20,05,,0.0,,
Akülü Vidalamalar,Premium Profesyonel 21v 2.0ah 2 Çantalı 5 Bataryalı Kömürsüz Darbeli Teleskop Kollu 7li Set - Siyah,10998.9,2026.05.20,05,,0.0,,
Akülü Vidalamalar,Stechend Sx12 Akülü Vidalama 20v 2.0ah (çift Akülü),8000.0,2026.05.20,05,,0.0,,
Akülü Vidalamalar,Çift Akülü 12 Köşe 360° Otomatik Hizalamalı Lazer Metre Ve Çelik Mandren 84 Parça Şarjlı Matkap - Sarı,3188.9,2026.05.20,05,,,,
Akülü Vidalamalar,Bosch 35 Parça Profesyonel Metal Delme Vidalama Seti 2607017726,2881.0,2026.05.20,05,,0.0,,
Akülü Vidalamalar,Katlanabilir Şarjlı Vidalama Tsdli0442,1100.0,2026.05.20,05,,0.0,,
Akülü Vidalamalar,Bosch Pro Impact T25 90 Mm Torx Vidalama Ucu 2608522536,382.0,2026.05.20,05,,,,
Matkaplar,"Genpower Gbg 40 Model 4 Kva Benzinli ,i̇pli, Tekerleksiz Monofaze ( 220 Volt) Portatif Jeneratör",15555.0,2026.05.20,05,0.0,6.870491240123669,6.870491240123669,
Matkaplar,"Genpower Marka Gbg 130 E Model 13 Kva Benzinli, Marşlı, Tekerlekli, Monofaze Portatif Jeneratör",50970.0,2026.05.20,05,0.0,0.0,,
Matkaplar,"Genpower Gbg 50ix Model 5 Kva, Benzinli, İpli   Açık Tip, Dijital İnverter Monofaze( 220 Volt) Portatif Jeneratör",22220.0,2026.05.20,05,0.0,0.0,0.0,
Matkaplar,"Hhy7250e Benzinli Monofaze Marşlı Jeneratör 7,5 Kva",46629.0,2026.05.20,05,1.0204081632653061,1.0204081632653061,1.5384615384615385,
Matkaplar,"Power Lt10000 En 10,6 Kva İpli̇ Marşli Benzi̇nli̇ Jeneratör",34249.0,2026.05.20,05,0.0,0.0,0.0,
Matkaplar,"Genpower Gbg 40 E Model 4 Kva Benzinli İpli / Marşlı, Tekerlekli, Monofaze  (220 Volt) Portatif Jeneratör",17570.0,2026.05.20,05,0.0,0.0,0.0,
Matkaplar,"Genpower Marka Gbg 30 Is Model 3 Kva, Benzinli, İpli, Tekerleksiz, Monofaze( 230 Volt) Inverter Jeneratör",22100.0,2026.05.20,05,0.0,0.0,,
Matkaplar,"Genpower Marka Gbg 110 E Model 10,5 Kva, Benzinli, Marşlı, Tekerlekli, Monofaze( 220 Volt) Portatif Jeneratör",43200.0,2026.05.20,05,0.0,0.0,,
Matkaplar,Genpower Gbg 50 Model 5 Kva Benzinli İpli Tekerleksiz Monofaze ( 220 Volt) Portatif Jeneratör,17560.0,2026.05.20,05,0.0,0.0,0.0,
Matkaplar,Hhy3300e Benzinli Marşlı Jeneratör 2.8 Kw,17346.0,2026.05.20,05,0.0,0.5128205128205128,0.5128205128205128,
Matkaplar,Hhy960a Benzinli Çanta Jeneratör 1 Kva,7425.0,2026.05.20,05,1.0204081632653061,1.0204081632653061,1.5384615384615385,
Matkaplar,G3600ie Benzinli İnvertör Jeneratör 3.5kw,50490.0,2026.05.20,05,1.0204081632653061,1.0204081632653061,1.5384615384615385,
Matkaplar,"Genpower Gbg 4000 Model 4 Kva Benzinli ,i̇pli, Tekerleksiz Monofaze ( 220 Volt) Portatif Jeneratör",17000.0,2026.05.20,05,0.0,0.0,0.0,
Matkaplar,"Hhy3500e Benzinli Marşlı Jeneratör 3,8kva",24578.4,2026.05.20,05,0.0,0.5128205128205188,0.5128205128205188,
Matkaplar,G2800i̇ Benzinli İnverter Jeneratör 2.8 Kw,32076.0,2026.05.20,05,1.0204081632653061,1.0204081632653061,1.5384615384615385,
Matkaplar,"Genpower Marka Gbg 110 Ie Model 11 Kva, Benzinli, Marşlı, Tekerlekli, Monofaze( 230 Volt) Inverter Jeneratör",54100.0,2026.05.20,05,0.0,0.0,,
Matkaplar,"Genpower Marka Gbg 40ie Model 4 Kva, Benzinli, Marşlı  Açık Tip, Dijital İnverter Monofaze ( 220 Volt) Portatif Jeneratör",25165.0,2026.05.20,05,0.0,0.0,0.0,
Matkaplar,Portatif Benzinli Monofoze Jeneratör,13299.9,2026.05.20,05,0.0,0.0,0.0,
Matkaplar,"Hhy6500 Benzinli Jeneratör 5500 Watt İpli, Avr’li, Sessiz Çalışma",38514.0,2026.05.20,05,0.0,0.5128205128205128,0.5128205128205128,
Matkaplar,Hhy12000e-3 Trifaze Benzinli Jeneratör 10 Kw 380v Marşlı 27l Bakır Sargı,69678.0,2026.05.20,05,0.0,0.5128205128205128,0.5128205128205128,
Matkaplar,Dhy9500lek Dizel Marşlı Jeneratör 8kva,70200.0,2026.05.20,05,0.0,0.0,0.0,
Matkaplar,"Gbg 40i̇ Model 4 Kva, Benzinli, İpli, Tekerleksiz Açık Tip, Dijital İnverter Monofaze ( 220 Volt) Portatif Jeneratör",19895.0,2026.05.20,05,0.0,0.0,0.0,
Matkaplar,"Genpower Gbg 15 Model 1.5 Kva Benzinli İpli, Tekerleksiz, Monofaze ( 220 Volt) Portatif Jeneratör",10335.0,2026.05.20,05,0.0,0.0,0.0,
Matkaplar,Genpower Gbg 15i̇ 1.5 Kva İpli Açık Tip Dijital İnverter Monofaze ( 220 Volt) Portatif Jeneratör,12660.0,2026.05.20,05,0.0,0.0,0.0,
Matkaplar,"Gbg 50ixe Model 5 Kva,start/stoplu,tekerleksiz Açık Tip, Dijital İnverter Monofaze (220 Volt) Portatif Jeneratör",26870.0,2026.05.20,05,0.0,0.0,0.0,
Matkaplar,Energy Km8000me Marşlı Benzinli Jeneratör,35880.81,2026.05.20,05,0.0,0.0,0.5494505494505486,
Matkaplar,"Lc3500i̇ Marşlı İnvertör Jeneratör 4,35 Kva – Sessiz, Taşınabilir, Güvenilir",51772.5,2026.05.20,05,0.0,0.0,0.0,
Matkaplar,G3500i İnverter Jeneratör 3.5 Kw 230v 50hz 8l 12v 13.9a İpli 26.5kg,45337.5,2026.05.20,05,0.0,0.0,0.0,
Matkaplar,"Hhy3500 Benzinli Jeneratör 3,5kva",20650.5,2026.05.20,05,0.0,0.0,0.0,
Matkaplar,Hhy4000 Benzinli Jeneratör 3.5 Kw İpli,23226.0,2026.05.20,05,0.0,0.5128205128205128,0.5128205128205128,
Matkaplar,Hhy10000e-3 Benzinli Jeneratör Marşlı Trifaze,52650.0,2026.05.20,05,0.0,0.0,0.0,
Matkaplar,Hhy10000e Benzinli Jeneratör Marşlı Monofaze,53527.5,2026.05.20,05,0.0,0.0,0.0,
Matkaplar,Oj3500 Benzinli Jeneratör 2.8kw İpli,14625.0,2026.05.20,05,0.0,0.0,0.0,
Matkaplar,"Lc10000das Benzinli Monofaze Marşlı Jeneratör 8,5 Kw",52650.0,2026.05.20,05,0.0,0.0,0.0,
Matkaplar,"Hhy7250e-3 Benzinli Trifaze Marşlı Jeneratör 7,5 Kva",48847.5,2026.05.20,05,0.0,0.0,0.0,
Matkaplar,Pezal Pgg2700x Benzinli Jeneratör İpli 3kw,17550.0,2026.05.20,05,0.0,0.0,0.0,
Matkaplar,"Hhy7250eas 6500w Benzinli Marşlı Jeneratör Otomatik Voltaj Ayarlı, Sessiz Çalışma",52006.5,2026.05.20,05,0.0,0.0,0.0,
Matkaplar,"Hhy10000ed 8000w Benzinli Jeneratör 220v / 380v Çift Voltaj, Sessiz Ve Güçlü",59670.0,2026.05.20,05,0.0,0.0,0.0,
Matkaplar,Hhy4000e Benzinli Jeneratör 4.4 Kva Monofaze 220v Marşlı 15l Bakır Sargı,29694.0,2026.05.20,05,0.0,0.5128205128205128,0.5128205128205128,
Matkaplar,Lc3000i̇ İnverter Jeneratör | 2.5 Kw Sessiz Benzinli,36855.0,2026.05.20,05,0.0,0.0,0.0,
Matkaplar,"Gh10000ie Benzinli İnverter Jeneratör – 8,5 Kw Marşlı",58800.0,2026.05.20,05,0.0,0.5128205128205128,0.5128205128205128,
Matkaplar,Hhy12000ed Dual Power Jeneratör 10 Kw 220v/380v Marşlı 27l Bakır Sargı,77322.0,2026.05.20,05,0.0,0.5128205128205128,0.5128205128205128,
Matkaplar,Hhy3300 Benzinli Jeneratör 2.8 Kw İpli,14112.0,2026.05.20,05,0.0,0.5128205128205128,0.5128205128205128,
Matkaplar,Hhy12000e Benzinli Jeneratör 10 Kw Monofaze Marşlı 27l Bakır Sargı 2x32a,66825.0,2026.05.20,05,1.0204081632653061,1.5384615384615385,1.5384615384615385,
Matkaplar,"Pa950djk Jeneratör 8,1 Kva- 6,5 Kw Dizel Marşlı Monofaze 112612",57000.0,2026.05.20,05,0.0,0.0,0.0,
Matkaplar,"Amc Power Benzinli Jeneratör Ipli 3,5kw Bt-3800 - 2627001",10846.73,2026.05.20,05,0.0,0.0,,
Matkaplar,"Amc Power Benzinli Jeneratör Marşlı Ipli 3,5 Kva Bt3800-le - 2627002",16837.0,2026.05.20,05,0.0,0.0,0.0,
Matkaplar,Pa220jk Marşlı 200a Monofaze Benzinli Kaynak Jeneratörü - 112748,60737.5,2026.05.20,05,0.0,0.0,0.0,
Matkaplar,"6,5 Kva Dizel Jeneratör 380 Volt",56608.29,2026.05.20,05,0.0,0.0,0.0,
Matkaplar,Mp 3300 3 Kva İpli Benzinli Jeneratör 2750w 13 Lt,12899.0,2026.05.20,05,0.0,0.0,0.0,
Matkaplar,"GBG 4000 E V3 Model 4 Kva Benzinli İpli / Marşlı, Tekerlekli, Monofaze (220 Volt) Portatif Jeneratör",18100.0,2026.05.20,05,0.0,0.0,0.0,
Matkaplar,Rtrmax Rtr3510 2.5 Kva Monofaze İpli Benzinli Jeneratör,20252.7,2026.05.20,05,0.0,0.0,1.5999991973416072,
Matkaplar,Rtrmax Rtr9000e3 9.4kva / 7.5kw Benzi̇nli̇ Marşli Jeneratör,51247.79,2026.05.20,05,0.0,0.0,-0.0603953761752452,
Matkaplar,Rtrmax Rtr3550 3.5kva / 2.8kw Benzi̇nli̇ Jeneratör,16966.18,2026.05.20,05,0.0,0.0,1.5999760464698505,
Matkaplar,Rtrmax Rtr8000e3 8.1kva / 6.5kw Benzi̇nli̇ Marşli Tri̇faze Jeneratör,51152.86,2026.05.20,05,0.0,-0.6783782608290384,0.9107698814665595,
Matkaplar,Rtrmax Rtr8000e 8.1kva/6.5kw Benzi̇nli̇ Marşli Monofaze Jeneratör,51152.86,2026.05.20,05,0.0,-0.6783782608290384,0.9107698814665595,
Matkaplar,Rtrmax Rtr6500e 6.8kva / 5.5kw Benzi̇nli̇ Marşli Jeneratör,42221.86,2026.05.20,05,0.0,0.0,1.5999971123963705,
Matkaplar,Rtrmax Rtr9000e 9.4kva / 7.5kw Benzi̇nli̇ Marşli Jeneratör,50193.09,2026.05.20,05,0.0,0.0,1.7000016412020262,
Matkaplar,Rtrmax Rtr3550e 3.5kva / 2.8kw Benzi̇nli̇ Marşli Jeneratör,21567.52,2026.05.20,05,0.0,0.0,1.7000047154241544,
Matkaplar,Rtrmax Rtr6500e3 6.8kva / 5.5kw Benzi̇nli̇ Marşli Tri̇faze Jeneratör,42978.95,2026.05.20,05,0.0,-0.4337423418055598,1.1593121563606135,
Matkaplar,Km4000-me Marşlı Benzinli Jeneratör,14861.0,2026.05.20,05,0.04039044092898014,0.04039044092898014,1.350337584396099,
Matkaplar,Mb9000 7.5kw 9.5kva 17bg 458cc 90kg Tekerli Marşlı Monofaze Benzinli Jeneratör,45000.0,2026.05.20,05,0.0,0.0,0.0,
Matkaplar,Mb6000 5.5kw 6.5kva 13bg 340cc 75kg Tekerli İpli Monofaze Benzinli Jeneratör,36500.0,2026.05.20,05,0.0,0.0,0.0,
Matkaplar,Pa350je Benzinli Jeneratör - İpli - 2.8 Kw,15329.0,2026.05.20,05,0.0,0.0,0.0,
Matkaplar,"Genpower Gbg 50 E Model 5 Kva Benzinli İpli/marşlı, Tekerlekli, Monofaze ( 220 Volt) Portatif Jeneratör",22200.0,2026.05.20,05,0.0,0.0,,
Matkaplar,Tc-pg 10/e5 Jeneratör Benzinli,10469.99,2026.05.20,05,0.0,0.0,0.0,
Matkaplar,Tc-pg 55/e5 Benzinli Jeneratör,39500.0,2026.05.20,05,0.0,0.0,0.0,
Matkaplar,Tc-pg 65/e5 Benzinli Jeneratör,43500.0,2026.05.20,05,0.0,,0.0,
Matkaplar,Tüm Jeneratörler İçi̇n 5 / 6.5 / 8 Kva 25 Lt Yakit Deposu,3069.0,2026.05.20,05,0.0,0.0,0.0,
Matkaplar,Et950 Volan İçi̇ Sargi Bobi̇ni̇,1043.46,2026.05.20,05,0.0,0.0,0.0,
Matkaplar,Tüm Modeller 3 / 5 / 5.5 / 6.5 / 8 Kva Yakit Musluğu Küçük Somun,736.56,2026.05.20,05,0.0,0.0,0.0,
Matkaplar,Jeneratör 2 / 2.5 / 3 / 3.5 Kwa 6 Kablolu Monofaze Di̇kdörtgen Avr,1227.6,2026.05.20,05,0.0,0.0,0.0,
Matkaplar,2hp / 2.5 / 3 / 3.5 Kva Jeneratör Karbüratörü,1288.98,2026.05.20,05,0.0,0.0,0.0,
Matkaplar,Jeneratör 4 / 5 / 6.5 Kwa 6 Kablolu Yarim Ay Avr,1534.5,2026.05.20,05,0.0,,0.0,
Matkaplar,Jeneratör Hava Fi̇ltresi̇ Alt Gövde 4 / 5 / 6.5 / 7 / 8 Kva,1043.46,2026.05.20,05,0.0,,0.0,
Matkaplar,Jeneratör Depo Kapaği 2 / 2.5 / 4 / 5 / 6.5 / 7 / 8 / Kva,736.56,2026.05.20,05,0.0,0.0,0.0,
Matkaplar,Jeneratör Hava Fi̇ltresi̇ Üst Gövde Kapak 4 / 5 / 6.5 / 7 / 8 Kva,1104.84,2026.05.20,05,0.0,0.0,0.0,
Matkaplar,Ef950 Çanta Ti̇pi̇ Jeneratör Karbüratörü,1288.98,2026.05.20,05,0.0,0.0,0.0,
Matkaplar,Jeneratör Hava Fi̇ltresi̇ Komple 4 / 5 / 6.5 / 7 / 8 Kva,1534.5,2026.05.20,05,0.0,0.0,0.0,
Matkaplar,Jeneratör 4 / 5 / 6.5 Kwa 8 Kablolu Yarim Ay Avr,1534.5,2026.05.20,05,0.0,,0.0,
Matkaplar,Gx340 Gx390 Selonoi̇dli̇ Jeneratör Karbüratörü 6 Kva 6.5 Kva,2762.1,2026.05.20,05,0.0,,0.0,
Matkaplar,Et950 Ateşleyi̇ci̇ Üni̇te  Bobi̇ni̇ ( Cdi Unit ),1043.46,2026.05.20,05,0.0,,0.0,
Matkaplar,Gx340 / Gx390 Motor Karbüratörü Musluklu,1841.4,2026.05.20,05,0.0,,0.0,
Matkaplar,Tüm Modeller 3 / 6.5 / 7 / 8 Kva Jeneratör Ji̇kle Terti̇bati,1227.6,2026.05.20,05,0.0,0.0,0.0,
Matkaplar,Jeneratör Hava Fi̇ltresi̇ Komple 2 / 2.5 / 3 / 3.5 Kva,1288.98,2026.05.20,05,0.0,0.0,0.0,
Matkaplar,Jeneratör 2 / 2.5 / 3 / 3.5 Kwa 6 Kablolu Monofaze Yarim Ay Avr,1227.6,2026.05.20,05,0.0,0.0,0.0,
Matkaplar,Çanta Ti̇pi̇ Jeneratör Benzi̇n Depo Kapaği Et950,736.56,2026.05.20,05,0.0,,0.0,
Matkaplar,Mp3600 E Benzinli Jeneratör Marşlı 2750 Kva,12468.0,2026.05.20,05,0.0,0.0,0.0,
Matkaplar,Datsu Dbj4800 Monofaze İpli Benzinli Jeneratör,19539.0,2026.05.20,05,0.0,0.0,0.0,
Matkaplar,Benzi̇nli̇ Jenaratör  3 Kw Marşli İpli̇ Bakir Sargi Monofaze,15999.0,2026.05.20,05,0.0,0.0,0.0,
Matkaplar,3.2 Kw İnverter Benzinli Jeneratör Tp535006,38799.0,2026.05.20,05,0.0,0.0,0.0,
Matkaplar,Jeneratör TC-PG 1000,15598.7,2026.05.20,05,0.0,0.0,,
Matkaplar,"Rtrmax Rtr3500 Rother Benzinli Jeneratör 2,7 Kva",11619.99,2026.05.20,05,0.0,0.0,0.0,
Matkaplar,"Gbg 110 E Oto Model 10,5 Kva, Benzinli, Tekerlekli, Otomatik Transfer Panolu ( 220 Volt) Portatif Jeneratör",50540.0,2026.05.20,05,0.0,0.0,,
Matkaplar,"Kama Kgl3500c Benzinli Jeneratör 3,5 Kva",12581.25,2026.05.20,05,0.0,0.0,0.5494505494505495,
Matkaplar,Palmera Pa900jm Monofaze Marşlı Benzinli Jeneratör,40939.0,2026.05.20,05,0.0,0.0,0.0,
Matkaplar,Gbg 130 İe Model 13 Kva Benzinli İpli/marşlı/uzaktan Kumandalı Monofaze ( 220 Volt)i̇nverter Jeneratör,73295.0,2026.05.20,05,0.0,0.0,,
Matkaplar,Pa350jm Jeneratör 2.8 Kw Marşlı,18949.0,2026.05.20,05,0.0,0.0,0.0,
Matkaplar,"Gdg 7000 Ec  Oto Model 7 Kva Dizel Ses İzolasyon Kabinli,tekerlekli, Transfer Panolu,otomatik Monofaze ( 220 Volt) Portatif Jeneratör",73500.0,2026.05.20,05,0.0,0.0,,
Matkaplar,11kW LiFePO4 Lityum Demir Fosfat Tek Faz Sessiz Jenaratör,258687.0,2026.05.20,05,0.0,0.0,0.0,
Matkaplar,6.2kw Lityum Sessiz Jenaratör,136173.0,2026.05.20,05,0.0,0.0,0.0,
Matkaplar,Tüm Modeller 3 / 5 / 5.5 / 6.5 / 8 Kva Yakit Musluğu Büyük Somun,797.94,2026.05.20,05,0.0,0.0,0.0,
Matkaplar,"Gbg 110 Te Model 10,5 Kva Benzinli ,i̇pli/marşlı Tekerlekli Trifaze ( 380 Volt) Portatif Jeneratör",44750.0,2026.05.20,05,0.0,0.0,,
Matkaplar,"Gdg 7000 Ec Model 7 Kva Dizel Ses İzolasyon Kabinli,tekerlekli, Monofaze ( 220 Volt) Portatif Jeneratör",64800.0,2026.05.20,05,0.0,0.0,,
Matkaplar,8kW LiFePO4 Lityum Demir Fosfat Tek Faz Sessiz Jenaratör,184384.0,2026.05.20,05,0.0,0.0,0.0,
Matkaplar,"Gbg 130 Te Model 13 Kva Benzinli ,i̇pli/marşlı Tekerlekli Trifaze (380 Volt) Portatif Jeneratör",51890.0,2026.05.20,05,0.0,0.0,,
Matkaplar,Hais Cb2500i Profesyonel 1 Kw Kaynak Jeneratörü,18150.0,2026.05.20,05,0.0,0.0,0.0,
Matkaplar,Pglg-9690 Benzinli Ve Lpg&#039;li Jeneratör,13299.0,2026.05.20,05,0.0,0.0,,
Matkaplar,Mb3500 2.5kw 3.1kva 6.5bg 168cc 35kg Tekerli İpli Monofaze Benzinli Jeneratör,15455.0,2026.05.20,05,0.0,0.0,,
Matkaplar,Germany 24 Volt Dc Jeneratör Otomatik Akü Şarj Jeneratörü,34147.2,2026.05.20,05,0.0,0.29739220083446055,0.7619586071932347,
Matkaplar,ROL-TIGER 3.5 KVA - 2.7 KWA Benzinli Jenaratör,7084.9,2026.05.20,05,0.0,0.0,0.0,
Kırıcılar ve Deliciler,RTM2290 SDS PLUS KIRICI DELİCİ 1050W 3.0 JUL 26MM,3859.78,2026.05.20,05,0.0,0.0,1.599894709133988,
Kırıcılar ve Deliciler,Kırıcı Delici TC-RH 620 4 F,2899.0,2026.05.20,05,0.0,0.0,-19.44984717977216,
Kırıcılar ve Deliciler,L Tipi Kırıcı Delici 1250 Watt,3299.0,2026.05.20,05,0.0,0.0,0.0,
Kırıcılar ve Deliciler,ERH1500 5J SDS Kırıcı Delici 1500W,4449.0,2026.05.20,05,0.0,0.0,0.0,
Kırıcılar ve Deliciler,Kırıcı 1700W 45J,8499.0,2026.05.20,05,0.0,0.0,0.0,
Kırıcılar ve Deliciler,MSRH1500 Kırıcı Delici 5J 1500 W SDS Plus,3499.0,2026.05.20,05,0.0,-10.2590407796871,-10.2590407796871,
Kırıcılar ve Deliciler,Gbh 2-26 Dre Sds+ Kırıcıdel,8399.0,2026.05.20,05,0.0,0.0,0.0,
Kırıcılar ve Deliciler,ERH750 3J SDS Kırıcı Delici 750W,3299.0,2026.05.20,05,0.0,0.0,0.0,
Kırıcılar ve Deliciler,Kırıcı Delici GBH 2-24 DRE 790 W,6990.0,2026.05.20,05,0.0,0.0,0.0,
Kırıcılar ve Deliciler,Kırıcı 1600 Watt,7999.0,2026.05.20,05,0.0,0.0,0.0,
Kırıcılar ve Deliciler,EBR1750 Kırıcı 45J 1750W,12999.0,2026.05.20,05,0.0,0.0,0.0,
Kırıcılar ve Deliciler,HR2470 Kırıcı Delici,7022.0,2026.05.20,05,0.08551881413911061,-0.17059994313335228,0.4434272636246603,
Kırıcılar ve Deliciler,Gbh 240 Sds Kırıcı Delici + Sds Plus Set - 0615990m99,8999.0,2026.05.20,05,0.0,0.0,0.0,
Kırıcılar ve Deliciler,Profesyonel Kırıcı GSH 11E 1500 W,32828.0,2026.05.20,05,0.03961602925491391,-0.0760965513042949,0.15865267268733219,
Kırıcılar ve Deliciler,850w Darbeli Metal Şanzıman Kırıcı Delici Hilti Matkap,2099.9,2026.05.20,05,0.0,0.0,0.0,
Kırıcılar ve Deliciler,Hr2470 Kırıcı Delici Matkap 780 Watt,7022.0,2026.05.20,05,0.08551881413911061,-0.17059994313335228,0.4434272636246603,
Kırıcılar ve Deliciler,"Bhd3203 Pnömatik Kırıcı Delici 1500w 25j 6,5kg",5880.0,2026.05.20,05,0.0,0.0,0.5128205128205128,
Kırıcılar ve Deliciler,"Te-hd 18 Li - Solo, Akülü Pnömatik Matkap - 4513812",4377.23,2026.05.20,05,0.0,0.0,0.0,
Kırıcılar ve Deliciler,Te-dh 5 Kırıcı 750w 5j 3.9kg - 4139135 Kırmızı,5198.7,2026.05.20,05,0.0,0.0,0.0,
Kırıcılar ve Deliciler,Kırıcı Delici Matkap PBH 2100 RE,4376.0,2026.05.20,05,0.22904260192395787,5.268222275679577,5.547515677761698,
Kırıcılar ve Deliciler,Kırıcı Delici D25143K 900 W,7009.0,2026.05.20,05,0.042820439623180134,-0.17091582395670132,8.683516824313847,
Kırıcılar ve Deliciler,DCH133NT 18 Volt Kömürsüz SDS-PLUS 2.6J Kırıcı/Delici (Aküsüz),11385.0,2026.05.20,05,0.09671179883945842,0.09671179883945842,0.4499735309687666,
Kırıcılar ve Deliciler,Kırıcı Delici GBH 2-28 F 880 W,13666.0,2026.05.20,05,0.08788633367511352,0.08788633367511352,0.4409819197412906,
Kırıcılar ve Deliciler,KLPM2601 Kırıcı Delici 3.2J 850W,4505.3,2026.05.20,05,0.0,6.007058823529416,6.007058823529416,
Kırıcılar ve Deliciler,D25133k Kırıcı Delici 800 Watt (2.6 Joule),5856.0,2026.05.20,05,0.017079419299743808,1.1398963730569949,3.664365374402549,
Kırıcılar ve Deliciler,RTM2760 SDS HEX KIRICI 1700W 60 JUL,10499.0,2026.05.20,05,0.0,0.0,-3.7700967798407556,
Kırıcılar ve Deliciler,Çelik Şanzıman Kırıcı Delici Darbeli Matkap 2-28mm Hilti-powerblack,1776.0,2026.05.20,05,0.0,0.0,0.0,
Kırıcılar ve Deliciler,Eisenn Esh-1100 Kırıcı Delici Hilti Matkap Taşıma Çantalı Uç Hediyeli,2899.9,2026.05.20,05,0.0,0.0,0.0,
Kırıcılar ve Deliciler,Eisenn Esh-2200 Kırıcı Professionel 18 Kg.çantalı Uç Hediyeli,6599.9,2026.05.20,05,0.0,0.0,0.0,
Kırıcılar ve Deliciler,GBH 540 D KIRICI-DELİCİ 1150W,28499.0,2026.05.20,05,0.0,0.0,0.0,
Kırıcılar ve Deliciler,Professional Tp-hd 18/22 Li Bl +4 - Solo Akülü Kırıcı Delici 4514275,11693.0,2026.05.20,05,0.0,-12.029792356304544,-12.029792356304544,
Kırıcılar ve Deliciler,Professional Tp-hd 18/28 D Li Bl +4 - Solo Akülü Kırıcı Delici 4514272,12800.0,2026.05.20,05,0.0,-8.427528974102161,-8.427528974102161,
Kırıcılar ve Deliciler,500w Darbeli Metal Şanzıman 13mm Elektrikli Matkap,1099.9,2026.05.20,05,0.0,0.0,0.0,
Kırıcılar ve Deliciler,21-18blrh Kömürsüz Çift Akülü Sds-plus Kırıcı Delici - 18 V 8.0 Ah,15935.0,2026.05.20,05,0.0,0.0,0.0,
Kırıcılar ve Deliciler,18blrh Kömürsüz Kırıcı-delici + 18id Darbeli Vidalama + 18 V 8.0 Ah Çift Akülü Set,17595.0,2026.05.20,05,0.0,0.0,0.0,
Kırıcılar ve Deliciler,18blrh Kömürsüz Kırıcı-delici + 18ag Taşlama + 18 V 8.0 Ah Çift Akülü Set,18217.0,2026.05.20,05,0.0,0.0,0.0,
Kırıcılar ve Deliciler,Gbh 8-45 Dv Kırıcı Delici Matkap,40222.0,2026.05.20,05,-9.240246406570842,-8.721207307386814,-8.461538461538462,
Kırıcılar ve Deliciler,21-18blrh Kömürsüz Çift Akülü Sds-plus Kırıcı Delici - 18 V 4.0 Ah,11940.0,2026.05.20,05,0.0,0.0,0.0,
Kırıcılar ve Deliciler,Rtrmax Rtm226 Kırıcı Delici Pnömatik 3 Kg-800w,3222.22,2026.05.20,05,0.0,0.0,,
Kırıcılar ve Deliciler,Rh1500-e Sds-plus Kırıcı Delici - 1.500 W,6609.0,2026.05.20,05,0.0,0.0,0.0,
Kırıcılar ve Deliciler,18blrh Kömürsüz Kırıcı-delici + 18id Darbeli Vidalama + 18 V 4.0 Ah Çift Akülü Set,15987.0,2026.05.20,05,0.0,0.0,0.0,
Kırıcılar ve Deliciler,D25143k-tr Kırıcı Delici Matkap 900 Watt (3.0 Jul),7008.0,2026.05.20,05,0.028546959748786755,-0.18515880928642645,1.4622846387722601,
Kırıcılar ve Deliciler,GBH 3-28 DRE Kırıcı Delici,14877.0,2026.05.20,05,0.0941936352015071,0.0941936352015071,0.4456147457970428,
Kırıcılar ve Deliciler,Tc-rh 28 3f 950 W Kırıcı Delici-4258002,6152.62,2026.05.20,05,0.0,40.6316357294531,40.6316357294531,
Kırıcılar ve Deliciler,Gbh 2-26 Dre Profesyonel Kırıcı-delici Matkap 800w + Bosch Sds-plus Matkap Ucu Ve Keski Seti 11&#039;li,9750.0,2026.05.20,05,0.0,0.0,0.0,
Kırıcılar ve Deliciler,D25133k 800w Kırıcı Delici,5856.0,2026.05.20,05,0.017079419299743808,1.1398963730569949,3.664365374402549,
Kırıcılar ve Deliciler,Kırıcı Delici 1350 Watt D25614K,27510.0,2026.05.20,05,0.03272608268790226,0.03272608268790226,0.5739772602639563,
Kırıcılar ve Deliciler,Gbh 12-52 Dv Kırıcı Delici,53000.0,2026.05.20,05,0.0,5.185861432512354,4.790715147201297,
Kırıcılar ve Deliciler,RTM226 SDS PLUS KIRICI DELİCİ 800W 3.0 JUL 26MM,2833.33,2026.05.20,05,0.0,0.0,0.0,
Kırıcılar ve Deliciler,TC-RH 800 4F Kırıcı Delici,6752.62,2026.05.20,05,0.0,0.0,0.0,
Kırıcılar ve Deliciler,Cheli̇kbei̇ 16kg Hte Kirici,6439.0,2026.05.20,05,0.0,0.0,0.0,
Kırıcılar ve Deliciler,DCH253M2 Kırıcı Delici 18 V,26638.59,2026.05.20,05,0.0,0.7004799781048,26.85042857142857,
Kırıcılar ve Deliciler,Pnömatik Matkap Kırıcı Delici 950 Watt,6420.37,2026.05.20,05,0.0,0.0,10.0665675781779,
Kırıcılar ve Deliciler,Klpro Klpm18bh-00 18v 2.8j Pnömatik Matkap Kırıcı/delici Aküsüz/solo Tek Makine,6608.5,2026.05.20,05,0.0,0.0,1.5999864707591551,
Kırıcılar ve Deliciler,Alman Pro 4200 Çelik Şanzuman Bakir Sargili Kırıcı Delici Hilti Matkap 10 Adet Uç Yedek Mandren,2699.0,2026.05.20,05,0.0,0.0,0.0,
Kırıcılar ve Deliciler,Alman 4x3 Pro 128 V 4&#039;lü Set Kırıcı Delici Somun Sıkma Taşlama Makinesi Matkap 3 Akülü,6999.0,2026.05.20,05,0.0,0.0,7.693491306354824,
Kırıcılar ve Deliciler,Bosch Professional Gbh 5-40 D Kırıcı/delici - 0611269020,26521.8,2026.05.20,05,,0.0,0.0,
Kırıcılar ve Deliciler,Rtrmax Rtm240 Kırıcı-delici Pnömatik 6.9 Kg 1500w,7411.59,2026.05.20,05,0.0,0.0,1.6000285131880385,
Kırıcılar ve Deliciler,RTM2745 SDS MAX KIRICI 1600W 25J RTRMAX,12237.81,2026.05.20,05,0.0,0.0,1.7000408867437176,
Kırıcılar ve Deliciler,RTX2095B AKÜLÜ KIRICI-DELİCİ KÖMÜRSÜZ 2.2J 22MM X-LION *AKÜSÜZ SATILMAKTADIR*,3969.0,2026.05.20,05,0.0,,-13.191444687705733,
Kırıcılar ve Deliciler,Gbh 240 Kirici Deli̇ci̇,5761.0,2026.05.20,05,0.0,0.0,,
Kırıcılar ve Deliciler,Gbh 187 Lı One Akülü Kırıcı Delici 18 Volt (akü Ve Şarj Aleti Hariç),13500.0,2026.05.20,05,0.051878751945453196,0.051878751945453196,2.6694045174537986,
Kırıcılar ve Deliciler,Wx337 750watt 2.0j Profesyonel Sds-plus Kırıcı/delici,5397.22,2026.05.20,05,0.0,0.0,0.0,
Kırıcılar ve Deliciler,Dx27 1500w Sds-plus Kirici Deli̇ci̇,9459.85,2026.05.20,05,0.0,0.0,0.0,
Kırıcılar ve Deliciler,Te-rh 38 3f Kırıcı Delici Kırmızı,8999.0,2026.05.20,05,0.0,0.0,0.0,
Kırıcılar ve Deliciler,Gbh 180-li 4.0ah Tek Akü Kırıcı Delici - 0611911122,12999.0,2026.05.20,05,0.0,2.7183743329706322,2.7183743329706322,
Kırıcılar ve Deliciler,Professional Gbh 240 + Gws 750-125 S Kırıcı Ve Taşlama Set - 0615990m8h,8736.0,2026.05.20,05,0.5640612409347301,0.5640612409347301,0.2294630564479119,
Kırıcılar ve Deliciler,Kırıcı 1100W GSH 501,23499.0,2026.05.20,05,0.08518250351377828,0.08518250351377828,0.26026111442955885,
Kırıcılar ve Deliciler,"HEROCCO 36/28 - Solo, Kömürsüz Akülü Kırıcı Delici",12499.0,2026.05.20,05,0.0,0.0,0.0,
Kırıcılar ve Deliciler,TE-RH 950 5F Kırıcı delici,8199.0,2026.05.20,05,0.0,0.0,0.0,
Kırıcılar ve Deliciler,Gbh 185-li Solo Kırıcı Delici,11599.0,2026.05.20,05,0.0,0.0,0.0,
Kırıcılar ve Deliciler,"Classic Tc-rh 620 4f Kit,",4199.0,2026.05.20,05,0.0,0.0,0.0,
Kırıcılar ve Deliciler,Universalhammer 18v (solo),6799.0,2026.05.20,05,0.0,0.0,0.0,
Kırıcılar ve Deliciler,Uneomaxx 18v Kirici Delici (solo),5999.0,2026.05.20,05,0.0,0.0,0.0,
Kırıcılar ve Deliciler,11kg Dwe1 Kırıcı Delici Hilti,13608.0,2026.05.20,05,0.0,0.0,0.0,
Kırıcılar ve Deliciler,11kg Bse1 Kırıcı Delici Hilti,13651.0,2026.05.20,05,0.0,0.0,0.0,
Kırıcılar ve Deliciler,Pr1245 Wk Kanal Kazima Maki̇nasi,16882.8,2026.05.20,05,0.0,0.0,0.0,
Kırıcılar ve Deliciler,Pr 1540 Cl Kanal Açma Maki̇nesi̇,7526.4,2026.05.20,05,0.0,0.0,0.0,
Kırıcılar ve Deliciler,"Set-46 (einhell Professional Tp-hd 18/28 D Li Bl +4 Akülü Kırıcı Delici+einhell 18v 2 X 4,0 Ah Pxc Twincharger Kit, Akü &amp; Şarj Cihazı)",21189.0,2026.05.20,05,0.0,0.0,0.0,
Kırıcılar ve Deliciler,"Set-44 (einhell Professional Tp-hd 18/22 Li Bl +4 Akülü Kırıcı Delici+einhell 18v 2 X 4,0 Ah Pxc Twincharger Kit, Akü &amp; Şarj Cihazı)",20639.0,2026.05.20,05,0.0,,0.0,
Kırıcılar ve Deliciler,R18sds-0 Akülü Pnömatik Kırıcı Delici 18v (akü Ve Şarj Cihazı Dahil Değildir) - 5133002305,7694.0,2026.05.20,05,0.0,0.0,,
Kırıcılar ve Deliciler,"Set-45 (einhell Professional Tp-hd 18/22 Li Bl +4 Akülü Kırıcı Delici+einhell 18v 4,0 Ah Pxc Starter Kit, Akü &amp; Şarj Cihazı)",16929.0,2026.05.20,05,0.0,1.256055984209582,,
Kırıcılar ve Deliciler,"Set-47 (einhell Professional Tp-hd 18/28 D Li Bl +4 Akülü Kırıcı Delici+einhell 18v 4,0 Ah Pxc Starter Kit, Akü &amp; Şarj Cihazı)",17489.0,2026.05.20,05,0.0,1.1568049048527964,1.1568049048527964,
Kırıcılar ve Deliciler,Rsds1050-k Elektrikli Kırıcı Delici Matkap Sds Plus 1050w - 5133004350,8512.4,2026.05.20,05,0.0,0.0,,
Kırıcılar ve Deliciler,Kress Krks1 Kub30.2 + Ku390.4 + Kuh10.2 20volt/4ah. 6 Adet Akülü Profesyonel Kombo Set,28792.17,2026.05.20,05,0.0,,0.0,
Kırıcılar ve Deliciler,Gbh 240 Pnömatik Kırıcı Delici 790 Watt,5761.0,2026.05.20,05,0.0,0.0,0.278503046127067,
Kırıcılar ve Deliciler,Dx21bc 18volt 2.0ah 2.2j Li-ion Tek Akülü Şarjlı Kömürsüz Profesyonel Sds-plus Pnömatik Kırıcı/delici,8674.49,2026.05.20,05,0.0,0.0,0.0,
Kırıcılar ve Deliciler,Japan 4500w Çelik Şanzuman Bakir Sargılı 2-28 Kırıcı Delici Hilti Matkap 5 Adet Uç,1699.0,2026.05.20,05,0.0,0.0,0.0,
Kırıcılar ve Deliciler,1800w Darbeli 16 Kg Kırıcı Delici Hilti,5699.9,2026.05.20,05,0.0,0.0,0.0,
Kırıcılar ve Deliciler,Lieber German Süper 2li 1500 Watt 2.28 Kırıcı Delici Matkap &amp; 2x Akülü Şarjlı Vidalama Matkap 30 Pcs Set,2399.0,2026.05.20,05,0.0,0.0,0.0,
Kırıcılar ve Deliciler,250w 2 Kademeli Bakır Sargılı Darbeli Kırıcı Delici Hilti,1399.9,2026.05.20,05,0.0,0.0,0.0,
Kırıcılar ve Deliciler,6&#039;lı Set 21v Matkap Somun Sıkma Makas Testere Taşlama Kırıcı Delici Hilti,8499.9,2026.05.20,05,0.0,,,
Kırıcılar ve Deliciler,Bhd2608 800w Kırıcı Delici 2.8j,4116.0,2026.05.20,05,0.0,0.0,0.5128205128205128,
Kırıcılar ve Deliciler,Murcell Benzi̇nli̇ Kirici Deli̇ci̇ Hi̇lti̇  7.9 Hp 62cc Profesyonel,18999.0,2026.05.20,05,0.0,11.765397964586152,11.765397964586152,
Kırıcılar ve Deliciler,Rtrmax Rtm2750 Sds Max 1700 Watt 45 Jul 11 Kg Kirici,10164.86,2026.05.20,05,0.0,0.0,1.600035183182438,
Kırıcılar ve Deliciler,Gbh 2-28 Sds Plus Kırıcı Delici Plastik Çantalı,10541.0,2026.05.20,05,0.047456340167046314,0.047456340167046314,2.778861154446178,
Kırıcılar ve Deliciler,Makita M8701b Kırıcı Delici 26 Mm 800 Watt,5206.0,2026.05.20,05,0.05765904285988853,,4.015984015984015,
Kırıcılar ve Deliciler,Gbh 18v-22 X Professional Onechuck Kırıcı-delici Solo,11906.0,2026.05.20,05,0.05042016806722689,0.05042016806722689,2.6644821936707768,
Kırıcılar ve Deliciler,Gbh 185-li 4.0 Ah Tek Akülü Kırıcı Delici,12474.0,2026.05.20,05,1.836884643644379,2.4222021512439444,2.7089337175792507,
Kırıcılar ve Deliciler,D25133k Kırıcı Delici 800 Watt (2.6 Jul),5888.0,2026.05.20,05,0.5636208368915456,1.6925734024179622,4.230837316339175,
Kırıcılar ve Deliciler,Professional Gsh 11 E Kırıcı Matkap - 0611316703,32842.0,2026.05.20,05,0.08227944537559043,0.08227944537559043,0.20136685379546007,
Kırıcılar ve Deliciler,D25966 Kırıcı,59328.0,2026.05.20,05,0.02866247407732124,-0.021907281643383156,0.4452721577922628,
Kırıcılar ve Deliciler,Profesyonl 6 Lı Set Şarjlı Hilti Şarjlı Taşlama Şarjlı Darbeli Matkap Dal Budama Makası Ve Testeresi,7549.0,2026.05.20,05,0.0,0.0,0.0,
Kırıcılar ve Deliciler,Profesyonel 6 Lı Set Avuç Taşlama Kırıcı Delici Hilti Makas Testere Darbeli Matkap Somun Sökme,7549.0,2026.05.20,05,0.0,0.0,,
Kırıcılar ve Deliciler,3 Lü Set Torklu Vidalama Somun Sıkma Şarjlı Matkap 2-26mm Şarjlı Taşlama 125mm,4999.0,2026.05.20,05,0.0,0.0,0.0,
Kırıcılar ve Deliciler,5li Set Kömürsüz Motor 3x Akü Taşlama Somun Sıkma Kırıcı Delici Matkap &amp; Dal Budama Testere Makinesi,5999.0,2026.05.20,05,0.0,,,
Kırıcılar ve Deliciler,Professional Gbh 2-28 Kırıcı Delici Matkap - 0611267500,9210.9,2026.05.20,05,0.0,0.0,0.0,
Kırıcılar ve Deliciler,Eisenn Şarjlı Akülü 4&#039;lü Set Kırıcı Delici - Avuç Taşlama - Darbeli Matkap 13mm - Somun Sıkma Ve Sökme,9999.9,2026.05.20,05,0.0,0.0,0.0,
Kırıcılar ve Deliciler,Gbh 2-26 Dre Sds Plus Kırıcı Delici Plastik Çantalı,11999.0,2026.05.20,05,0.0,0.0,0.0,
Kırıcılar ve Deliciler,"Bhd2810 Pnömatik Kırıcı Delici 1050w, 3j",4998.0,2026.05.20,05,0.0,0.5128205128205128,0.5128205128205128,
Kırıcılar ve Deliciler,"Bhd4203 Pnömatik Kırıcı Delici 1600w 9j 7,3kg",8775.0,2026.05.20,05,0.0,0.0,0.0,
Kırıcılar ve Deliciler,Rh20x-20 Akülü Kırıcı Delici Kömürsüz 2j Akü Ve Şarj Cihazı Hariç,7312.5,2026.05.20,05,0.0,0.0,0.0,
Kırıcılar ve Deliciler,Professional Gsb 18v-60 C Professional Solo Akülü Darbeli Delme/vidalama Makinesi (akü Ve Şarj Yok),15594.0,2026.05.20,05,0.0,0.0,0.0,
Kırıcılar ve Deliciler,Einhellte Hd 18/12 Li̇ Solo Pnömatik Matkap,5041.85,2026.05.20,05,0.0,0.0,0.0,
Kırıcılar ve Deliciler,Proter Ph 850 K Pnömatik Kırıcı Delici Matkap,5421.09,2026.05.20,05,0.0,0.0,0.0,
Kırıcılar ve Deliciler,Einhellte Hd 18/20 Li̇ Solo Pnömatik Matkap,8083.38,2026.05.20,05,0.0,0.0,0.0,
Kırıcılar ve Deliciler,Einhell Herocco Solu Kırıcı Delici,10120.3,2026.05.20,05,0.0,0.0,0.0,
Kırıcılar ve Deliciler,Einhell Te Rh 950 5f Sds Plus Kırıcı Delici,10137.23,2026.05.20,05,0.0,0.0,0.0,
Kırıcılar ve Deliciler,Kırıcı Delici Matkap Dt01hd,4716.0,2026.05.20,05,0.0,0.0,0.0,
Kırıcılar ve Deliciler,Gbh 2-26 Dre 800 W Kirici Deli̇ci̇,8999.0,2026.05.20,05,0.0,0.0,0.0,
Kırıcılar ve Deliciler,Dh45ma 11.3j 1400w Profesyonel Kırıcı/delici,39000.0,2026.05.20,05,0.0,0.0,0.0,
Kırıcılar ve Deliciler,Gbh 2-26 Dre 800 W Kırıcı Delici,8999.0,2026.05.20,05,0.0,0.0,0.0,
Kırıcılar ve Deliciler,4139045 Tc-pc 45 Set Pnömatik Havalı Keski Çekiç Kırıcı Makinesi,3088.01,2026.05.20,05,0.0,0.0,0.0,
Kırıcılar ve Deliciler,Cheli̇kbei̇ 16kg Bse Kirici,6366.0,2026.05.20,05,0.0,0.0,0.0,
Kırıcılar ve Deliciler,2-28 Bse Kırıcı Delici Hilti,2234.0,2026.05.20,05,0.0,0.0,0.0,
Kırıcılar ve Deliciler,Einhell Te Rh 32 4f Kırıcı Deilici 1250 Watt,10867.99,2026.05.20,05,0.0,0.0,0.0,
Kırıcılar ve Deliciler,Einhell Te Rh 40 3f Kırıcı Deilici 1050 Watt,14991.08,2026.05.20,05,0.0,0.0,0.0,
Kırıcılar ve Deliciler,Cat Power 5930 Kırıcı Delici 3 Kg 850 Watt,5241.84,2026.05.20,05,0.0,,0.0,
Kırıcılar ve Deliciler,Muhafazalı Keski 30 Cm,352.95,2026.05.20,05,0.0,0.0,0.0,
Kırıcılar ve Deliciler,Einhell Tp Hd 18/26 Solo Kırıcı Delici,14800.3,2026.05.20,05,0.0,0.0,0.0,
Kırıcılar ve Deliciler,Catpower 5925 Kırıcı Delici 3 Kg 920 Watt,5783.39,2026.05.20,05,0.0,0.0,0.0,
Kırıcılar ve Deliciler,11 Kg Kırıcı Matkap 1500 W,13676.8,2026.05.20,05,0.0,0.0,0.0,
Kırıcılar ve Deliciler,170-200 Bar Profesyonel Inverter Basınçlı Oto Yıkama Makinası,35362.0,2026.05.20,05,0.0,,0.0,
Kırıcılar ve Deliciler,Te-dh 12 Kırıcı 1050w 12j,11688.0,2026.05.20,05,0.0,0.0,0.0,
Kırıcılar ve Deliciler,Dh28pcy2 28 Mm / 850 W Kırıcı Delici Hilti Matkap,16000.0,2026.05.20,05,0.0,0.0,0.0,
Kırıcılar ve Deliciler,Şarjlı Hilti Dw36,4368.0,2026.05.20,05,0.0,,,
Kırıcılar ve Deliciler,"Cat Power 5931 Kırıcı Delici 3,2 Kg 800 Watt",5475.69,2026.05.20,05,0.0,0.0,0.0,
Kırıcılar ve Deliciler,16kg Bse Kırıcı Hilti,6366.0,2026.05.20,05,0.0,0.0,0.0,
Kırıcılar ve Deliciler,Sgs 5177 Kırıcı Delici 800 Watt,3614.16,2026.05.20,05,0.0,,,
Kırıcılar ve Deliciler,Alman 4200 Turbo X-series 11 Kg Kırıcı Delici Hilti Sds Max 3 Fonksiyonlu,11999.0,2026.05.20,05,0.0,0.0,0.0,
Kırıcılar ve Deliciler,Alman 4200 Watt Kırıcı Delici 5.0 J- Metal Dişli Şanzuman Hilti Darbeli 5 Uç 28 Mm,2299.0,2026.05.20,05,0.0,0.0,0.0,
Kırıcılar ve Deliciler,Alman 4 Lü Set Akülü Şarjlı Vidalama Somun Sökme Taşlama Kırıcı Delici Set 3 Akülü,6999.0,2026.05.20,05,0.0,0.0,0.0,
Kırıcılar ve Deliciler,Alman 4200 Watt Kırıcı Delici 5.0 J- Metal Dişli Şanzuman Hilti Darbeli 10 Uç,2499.0,2026.05.20,05,0.0,0.0,0.0,
Kırıcılar ve Deliciler,Profesyonel 16 Kg 70 Joule 65 Mm Büyük Tip Kırıcı Delici Sivri Ve Yassı Keski Hediyeli Çantalı,5999.0,2026.05.20,05,0.0,0.0,0.0,
Kırıcılar ve Deliciler,Kömürsüz 5x3  5&#039;li Set Kırıcı Delici Somun Sıkma Taşlama Makinesi Matkap Dal Budama 3 Akülü,6999.0,2026.05.20,05,0.0,0.0,0.0,
Kırıcılar ve Deliciler,Alman Pro 4200 Çelik Şanzuman Bakir Sargili Kırıcı Delici Hilti Matkap + 5 Adet Uç Yedek Mandren,2299.0,2026.05.20,05,0.0,0.0,0.0,
Kırıcılar ve Deliciler,Alman 4200 Watt Kırıcı Delici Hilti Matkap Metal Şanzumanlı 5 Adet Uç Yedek Mandren,2299.0,2026.05.20,05,0.0,0.0,0.0,
Kırıcılar ve Deliciler,Kömürsüz  6x4  6&#039;li Set Kırıcı Delici Somun Sıkma Taşlama Makinesi Matkap Dekupaj Sunta Kesme,12999.0,2026.05.20,05,0.0,0.0,0.0,
Kırıcılar ve Deliciler,Kırıcı Delici 1100 Watt KLKD610M,13235.81,2026.05.20,05,0.0,0.0,,
Kırıcılar ve Deliciler,Kırıcı 1700 Watt KLKR1800H 18.8 Kg,27531.62,2026.05.20,05,0.0,0.0,,
Kırıcılar ve Deliciler,Kleco Ke12kd 1250w 12j 7.6kg Sds-max Kırıcı/delici,11912.12,2026.05.20,05,0.0,0.0,1.5999788477661803,
Kırıcılar ve Deliciler,"SDS Max Kırıcı 1500 Watt 10,5KG 25J KLKR1100M",20120.99,2026.05.20,05,,0.0,,
Kırıcılar ve Deliciler,Klpro Klkd580p 1100watt 6j Profesyonel Sds-plus Kırıcı/delici,11690.53,2026.05.20,05,,0.0,0.0,
Kırıcılar ve Deliciler,Klpro Klkr3200h 2200watt 78j 30kg Profesyonel Hex Kırıcı,44157.12,2026.05.20,05,,0.0,1.600005338029571,
Kırıcılar ve Deliciler,Klpro Klpm18bh-50 18v/5.0ah. 2.8j Kömürsüz Çift Akülü Pnömatik Matkap Kırıcı/delici,13165.09,2026.05.20,05,0.0,0.0,1.5999666609300807,
Kırıcılar ve Deliciler,Klpro Klpm18bh-20 18v/2.0ah. 2.8j Kömürsüz Çift Akülü Pnömatik Matkap Kırıcı/delici,9767.72,2026.05.20,05,0.0,0.0,1.5999750361455778,
Kırıcılar ve Deliciler,Gsh 16 Profesyonel 16 Kg 1750 Watt Elektrikli Kırıcı,89000.0,2026.05.20,05,0.0,0.0,0.0,
Kırıcılar ve Deliciler,Professional Gsh 14 C Kırıcı - 0611344020,61906.1,2026.05.20,05,0.0,0.0,0.0,
Kırıcılar ve Deliciler,Klpro Klkd660m 1200w Kırıcı-delici,18320.59,2026.05.20,05,0.0,0.0,,
Kırıcılar ve Deliciler,Rtrmax Rts5045hp Profesyonel Akülü Kömürsüz 20v 4ah ÇİFT AKÜ 1.8 Jul Kirici Deli̇ci̇,10446.49,2026.05.20,05,0.0,0.6731466062232125,2.28390039194261,
Kırıcılar ve Deliciler,Rtrmax Rtm2770hp Profesyonel 1700 Watt 45 Jul 15 Kg Sds Hex Kirici,18001.07,2026.05.20,05,0.0,0.0,1.5999918724837834,
Kırıcılar ve Deliciler,Rtrmax Rtm2725hp Profesyonel 1350 Watt 12 Jul 5.2 Kg Sds Max Kirici,8152.85,2026.05.20,05,0.0,0.0,1.5999830518190674,
Kırıcılar ve Deliciler,Rtrmax Rts5045bhp Profesyonel Kömürsüz Çi̇ft Akü 20 V 4 Ah 1.8 Jul Kirici Deli̇ci̇ (aküsüz Ve Şarj Aletsi̇z Satilmaktadir),6564.43,2026.05.20,05,0.0,0.0,1.6000495275535727,
Kırıcılar ve Deliciler,Rtrmax Rtm2450hp Profesyonel Hiz Ayarli 1450 Watt 12 Jul 6.2 Kg Sds Max Kirici Deli̇ci̇,9105.9,2026.05.20,05,0.0,0.0,1.5999999999999959,
Kırıcılar ve Deliciler,Rtrmax Rtm2350hp Profesyonel 1500 Watt 5.5 Jul 5.4 Kg Kirici Deli̇ci̇,7113.24,2026.05.20,05,0.0,0.42254256837551063,2.0293297531756624,
Kırıcılar ve Deliciler,Rtrmax Set052: Rtx2095b Akülü Kömürsüz 18v 2.2jul  Kirici Deli̇ci̇+ Rtx2055b Akülü Kömürsüz 18v 115mm Avuç Taşlama+ Rtx3010b Akülü Kömürsüz 18v 70nm Darbeli̇ Matkap,19459.19,2026.05.20,05,0.0,0.0,-1.2705978095975483,
Kırıcılar ve Deliciler,Rtrmax Set051 :rtx2095b Kömürsüz 18v 2.2jul Akülü Kirici Deli̇ci̇+ Rtx3010b 18v 70nm Kömürsüz Akülü Darbeli̇ Matkap,15608.48,2026.05.20,05,0.0,0.0,-0.2650486007631941,
Kırıcılar ve Deliciler,Rtrmax Set050 : Rtx2095b Kömürsüz Akülü Kirici Deli̇ci̇+rtx2055b Kömürsüz Akülü Avuç Taşmama+rtx1820 Akülü Darbeli̇ Matkap,17257.14,2026.05.20,05,0.0,0.0,1.6000240206719103,
Kırıcılar ve Deliciler,Rtrmax Rtx2098 Akülü Kömürsüz Kirici Deli̇ci̇ 18v 4 Ah. 4.5jul 3.800 Darbe/dk,9529.48,2026.05.20,05,0.0,0.0,1.5999940294751984,
Kırıcılar ve Deliciler,Rtrmax Set 053: Rtx2095b Akülü Kömürsüz 18v 2.2jul Kirici Deli̇ci̇+ Rtx3060b Akülü Kömürsüz Devi̇r Ayarli 18v 125mm Avuç Taşlama+ Rtx3050b Akülü Kömürsüz  18v  230nm Torklu Vi̇dalama,19299.91,2026.05.20,05,0.0,-1.21116697796384,0.3694444863374753,
Kırıcılar ve Deliciler,Rtrmax Rtm2330 Elekropnömatik Kırıcı Delici Sds Plus 1500w 5.5 J,5240.74,2026.05.20,05,0.0,0.0,1.5999736342645947,
Kırıcılar ve Deliciler,Dh26pc2 3.2j 830w Profesyonel Kırıcı/delici Matkap,9659.17,2026.05.20,05,0.0,0.0,13.637294117647059,
Kırıcılar ve Deliciler,Rtrmax Rtm240 Elektropnömatik Kırıcı Delici Matkap Sds Max 1500w,7411.59,2026.05.20,05,0.0,0.0,1.6000285131880385,
Kırıcılar ve Deliciler,Rtrmax Rtx2095b Aküsüz Kırıcı Deli̇ci̇ 18v,4129.0,2026.05.20,05,0.0,0.0,-10.60951795386941,
Kırıcılar ve Deliciler,RTM271 SDS MAX KIRICI DELİCİ 1500W 25JUL 50MM,14759.0,2026.05.20,05,0.0,,0.2614719191114967,
Kırıcılar ve Deliciler,RTM240 SDS MAX KIRICI DELİCİ 1500W 9.0JUL 40MM,7411.59,2026.05.20,05,0.0,,,
Kırıcılar ve Deliciler,RTM2330 SDS PLUS KIRICI DELİCİ 1500W 5.5 JUL 32MM,5002.53,2026.05.20,05,0.0,,,
Kırıcılar ve Deliciler,RTM2780 SDS HEX KIRICI 1700W 75 JUL,14599.0,2026.05.20,05,0.0,0.0,-1.886264950768398,
Kırıcılar ve Deliciler,RTM2715 SDS MAX KIRICI 1300W 15 JUL,6549.2,2026.05.20,05,0.0,0.0,1.6000471605911115,
Kırıcılar ve Deliciler,Rtrmax Rtm2760 Elektropnömatik Kırıcı Delici,10169.0,2026.05.20,05,0.0,0.0,-15.757121377179278,
Kırıcılar ve Deliciler,Rtrmax  Rts5040b Akülü Pnömati̇k Kirici-deli̇ci̇ Kömürsüz 1.8j 20mm S-lion *aküsüzsatilmaktadir*,5634.15,2026.05.20,05,0.0,0.0,1.600059147909438,
Kırıcılar ve Deliciler,Rtrmax Rts5040 Akülü Pnömati̇k Kirici-deli̇ci̇ Kömürsüz 1.8j 20mm 2x4 Ah Akü S-lion,9649.19,2026.05.20,05,0.0,0.0,1.6000454869472567,
Kırıcılar ve Deliciler,Elektropnömatik Kırıcı Delici (sds Plus) Rtm2290,3859.78,2026.05.20,05,0.0,0.0,1.599894709133988,
Kırıcılar ve Deliciler,Rtrmax Rtm2765 Kirici 1700 Watt 55 Jul 17 Kg Sds Hex,9149.0,2026.05.20,05,0.0,0.0,-9.435299544553299,
Kırıcılar ve Deliciler,Rtrmax Rtm2765 Pnömatik Kırıcı Delici 17 Kg-1700w,9129.0,2026.05.20,05,0.0,0.0,-10.036511635928244,
Kırıcılar ve Deliciler,H90sg 32kg 28mm Hex 2000w Profesyonel Kırıcı,121566.27,2026.05.20,05,,0.0,1.6000004680245685,
Kırıcılar ve Deliciler,Dh1826da-5.0 18v/5.0ah 26mm 3.2j Sds Plus Kömürsüz Şarjlı Kırıcı Delici Matkap,38531.43,2026.05.20,05,0.0,0.0,1.5999888199334282,
Kırıcılar ve Deliciler,Dh45ma  45mm Sds Max 1400w Profesyonel Kırıcı Delici Matkap,42004.78,2026.05.20,05,0.0,0.0,1.5999936144414195,
Kırıcılar ve Deliciler,Dh40mc 40mm Sds Max 1000w Profesyonel Kırıcı Delici Matkap,31476.19,2026.05.20,05,0.0,0.0,1.6000064556737261,
Kırıcılar ve Deliciler,Dh18dpc-5.0 18v/5.0ah 26mm 3.2j Sds Plus Kömürsüz Şarjlı Kırıcı Delici Matkap,32561.61,2026.05.20,05,0.0,0.0,1.5999960060944465,
Kırıcılar ve Deliciler,Dh26pc2 26mm 3.2j Sds Plus 830w Profesyonel Kırıcı Delici Matkap,9550.63,2026.05.20,05,0.0,0.0,,
Kırıcılar ve Deliciler,Rtrmax Sds Max Kirici 1300 W 15 Jul,6077.32,2026.05.20,05,0.0,0.0,1.6000708839259001,
Kırıcılar ve Deliciler,Exen Epm 900 V Elektrikli Kırıcı-delici Matkap 900 Watt,3880.0,2026.05.20,05,0.0,-0.05151983513652757,-7.132599329822882,
Kırıcılar ve Deliciler,D25899k-qs Sds-max Kırıcı Sarı-siyah,35340.0,2026.05.20,05,0.016980811682798438,0.016980811682798438,,
Kırıcılar ve Deliciler,Rsds18x-0 Akülü Kırıcı Delici Matkap Kömürsüz Sds Plus 18v (akü Ve Şarj Cihazı Dahil Değildir) - 5133004620,11462.0,2026.05.20,05,0.04364144191324081,0.04364144191324081,0.3941490759393886,
Kırıcılar ve Deliciler,Gbh 185-li Akülü Kırıcı Delici Solo (akü Ve Şarj Dahil Değildir),9871.0,2026.05.20,05,1.9099731571340077,2.502596053997923,2.790794543371863,
Kırıcılar ve Deliciler,Gbh 8-45D Kırıcı-Delici 1500w,36990.0,2026.05.20,05,0.037862397230636086,-0.07563887838348912,0.15433352286572985,
Kırıcılar ve Deliciler,Dch133nt Sds Plus Matkap Kırıcı Delici 18 Volt (aküsüz),11379.0,2026.05.20,05,0.04395990856339019,0.04395990856339019,0.39703546850185284,
Kırıcılar ve Deliciler,Gsh 18v-5 Professional Solo (akü Ve Şarj Cihazı Dahil Değil) Akülü Kırıcı  0611918200,30438.0,2026.05.20,05,1.196888090963495,1.7755040625940415,2.065589162363356,
Kırıcılar ve Deliciler,Gbh 18v-28 D Akülü Kırıcı Delici (akü Ve Şarj Yoktur) 0611919003,21637.0,2026.05.20,05,0.04623849817357932,-0.10618651892890119,1.5440210249671484,
Kırıcılar ve Deliciler,Aeg Kh28 Super Xe Pnömatik Kırıcı Delici 1010 W - 4935428190,16921.0,2026.05.20,05,0.04730089280435169,0.04730089280435169,0.3915752002373183,
Kırıcılar ve Deliciler,Aeg Bbh18bl2-602mb Akülü Kömürsüz Mtr. Kırıcı Delici 6.0 Ah- 4935500110,32809.0,2026.05.20,05,0.042689434364994665,0.042689434364994665,0.15874469579021278,
Kırıcılar ve Deliciler,Gbh 18v-18x One Chuck Solo Akülü Kırıcı Delici,10375.0,2026.05.20,05,2.600870253164557,3.326361916143811,2.5400276734532516,
Kırıcılar ve Deliciler,Pst 950 Hd 20 V Pnömatik Kırıcı-delici,10255.0,2026.05.20,05,0.04878048780487805,-3.391427225624117,0.39158100832109644,
Kırıcılar ve Deliciler,D25143k 900watt 3 . 0j Profesyonel Sds-plus Kırıcı/delici,7008.0,2026.05.20,05,0.028546959748786755,-0.18515880928642645,1.4622846387722601,
Kırıcılar ve Deliciler,D25872k Kırıcı-delici,35571.0,2026.05.20,05,0.030933633295838023,0.030933633295838023,,
Kırıcılar ve Deliciler,D25773k 1500w 15.5j Sds-max Kırıcı Delici,38322.0,2026.05.20,05,0.028712380256323247,0.028712380256323247,0.4692866318852738,
Kırıcılar ve Deliciler,D25899k 1500w 5-25j Sds Max Kırıcı,35340.0,2026.05.20,05,0.016980811682798438,0.016980811682798438,2.6132404181184667,
Kırıcılar ve Deliciler,Aeg Bbh18bl2-502c 18 V 5.0 Ah Akülü Kömürsüz Kırıcı Delici - 4935492343,25572.0,2026.05.20,05,0.04303431008176519,0.04303431008176519,,
Kırıcılar ve Deliciler,Gbh 12-52 D Kırıcı Delici 1700W,53411.0,2026.05.20,05,0.03933320846600487,-0.07670433285938785,0.1537624932025727,
Kırıcılar ve Deliciler,Gbh 6-42 C Kirici Delici,31841.0,2026.05.20,05,0.04084453939927108,0.04084453939927108,2.064301054588582,
Kırıcılar ve Deliciler,Gbh 18v-18 Solo Kırıcı Delici,8844.0,2026.05.20,05,2.030456852791878,2.610511660285416,2.9090062834535724,
Kırıcılar ve Deliciler,Gsh 11 Vc Kırıcı,52989.0,2026.05.20,05,-0.10557074182298049,0.07554439177321573,0.190969596127666,
Kırıcılar ve Deliciler,Gbh 5-40 Dce Kırıcı Delici Matkap,30866.0,2026.05.20,05,0.08106092539152426,,1.2830188679245282,
Kırıcılar ve Deliciler,Professional Gsh 7 Vc Kırıcı,36143.0,2026.05.20,05,1.119100243404303,1.6080515026285456,1.710989165611369,
Kırıcılar ve Deliciler,Kömürsüz SDS Plus 2j Kırıcı SFMCH900B V20,7859.0,2026.05.20,05,0.7176726899910291,-2.8913876189299392,4.8146172312616695,
Kırıcılar ve Deliciler,Kırıcı Delici 1600 Watt D25733K,33323.0,2026.05.20,05,0.030018311169813586,0.030018311169813586,,
Kırıcılar ve Deliciler,Gbh 18v-26+1xpc 8.0 Ah+gal1880 In Carton,25621.0,2026.05.20,05,0.03513977822895518,0.03513977822895518,1.7473491918509987,
Kırıcılar ve Deliciler,Gbh 187-li Çift Akülü 5 Ah Kırıcı-delici,24988.0,2026.05.20,05,1.41645358983725,1.9959998367280296,2.2840769545640605,
Kırıcılar ve Deliciler,D25911k Sds Max 13 Kg 1600w Kırıcı Delici,56047.0,2026.05.20,05,,,,
Kırıcılar ve Deliciler,D25899K Kırıcı SDSMax,35345.0,2026.05.20,05,0.03113148808513047,0.03113148808513047,2.627758420441347,
Kırıcılar ve Deliciler,Bosch Gsh 27 Vc Profesyonel Kırıcı 1900 Watt,90048.0,2026.05.20,05,0.07446016381236038,0.07446016381236038,0.30521086283333704,
Kırıcılar ve Deliciler,Professional Gbh 8-45 D Kırıcı Delici Matkap - 0611265100,37005.0,2026.05.20,05,0.07842925140631761,0.07842925140631761,0.19494760783039558,
Kırıcılar ve Deliciler,Makita Hr2470 Elektropnömatik Kırıcı Delici Matkap 24 Mm 15/16,7022.0,2026.05.20,05,0.08551881413911061,,0.4434272636246603,
Kırıcılar ve Deliciler,Wx380.9 20volt 2.2j Profesyonel Sds-plus Pnömatik Kırıcı/delici ( Akü Dahil Değildir ),11951.77,2026.05.20,05,0.0,0.0,0.0,
Kırıcılar ve Deliciler,Wx339 800watt 2.5j Profesyonel Sds-plus Kırıcı/delici + 4 Adet Uç,6205.81,2026.05.20,05,0.0,0.0,0.0,
Kırıcılar ve Deliciler,Kress Kuc60.2 20volt 4.0ah. 2.0j Li-ion Çift Akülü Şarjlı Kömürsüz Profesyonel Sds-plus Pnömatik Kırıcı/delici,18010.86,2026.05.20,05,0.0,0.0,0.0,
Kırıcılar ve Deliciler,Kress Kuc50.2 20volt/4.0ah. Li-ion Çift Akülü Kömürsüz 1.7j Profesyonel Sds-plus Pnömatik Şarjlı Matkap + 10mm Mandren,16766.92,2026.05.20,05,0.0,0.0,0.0,
Kırıcılar ve Deliciler,Kress Kux15p 1100watt 5.0j 28mm Profesyonel Sds-plus Kırıcı/delici,11328.54,2026.05.20,05,0.0,0.0,0.0,
Kırıcılar ve Deliciler,Kress Kuc60.91 20volt 2.0j Kömürsüz Profesyonel Sds-plus Pnömatik Kırıcı/delici (akü Dahil Değildir),10207.83,2026.05.20,05,0.0,0.0,0.0,
Kırıcılar ve Deliciler,Kress Kux12p 850watt 3.0j 26mm Profesyonel Sds-plus Kırıcı/delici,7614.9,2026.05.20,05,0.0,0.0,0.0,
Kırıcılar ve Deliciler,Dx25 1100w Pro Kirici Deli̇ci̇,15392.68,2026.05.20,05,0.0,0.0,0.0,
Kırıcılar ve Deliciler,Dx21b 18v Şarjli Kirici Deli̇ci̇ (aküsüz),8636.62,2026.05.20,05,0.0,0.0,0.0,
Kırıcılar ve Deliciler,Dx21 Sds Plus Kirici Deli̇ci̇,16853.79,2026.05.20,05,0.0,0.0,0.0,
Kırıcılar ve Deliciler,Dx29 1750watt 50 Joule Profesyonel 30mm Hex Kırıcı,28271.47,2026.05.20,05,0.0,0.0,0.0,
Kırıcılar ve Deliciler,Wx380.9c 20volt 2.0ah. 2.2j Li-ion Tek Akülü Şarjlı Profesyonel Sds-plus Pnömatik Kırıcı/delici,11994.7,2026.05.20,05,0.0,0.0,0.0,
Kırıcılar ve Deliciler,Dx2010 1200watt 15 Joule Profesyonel Sds Max 6kg Kırıcı,10235.61,2026.05.20,05,0.0,0.0,0.0,
Kırıcılar ve Deliciler,Kress Ku390.4 20volt 4.0ah. 2.0j Li-ion Çift Akülü Şarjlı Kömürsüz Profesyonel Sds-plus Pnömatik Kırıcı/delici,8925.51,2026.05.20,05,0.0,0.0,0.0,
Kırıcılar ve Deliciler,Dx27set 1500watt 5.0j 32mm Profesyonel Sds-plus Kırıcı/delici + Da03903 3 Parça Kırıcı Uç Seti,9459.85,2026.05.20,05,0.0,0.0,0.0,
Kırıcılar ve Deliciler,Sgs 5520 Akülü Darbeli Kırıcı Delici Seti 20 Volt - 4 Amper,8289.0,2026.05.20,05,,,0.0,
Kırıcılar ve Deliciler,30 Kg Kırıcı 2200 Watt Th220502,47000.0,2026.05.20,05,,0.0,0.0,
Kırıcılar ve Deliciler,Makita Hr2470 Kırıcı Delici Matkap 780 W,10594.2,2026.05.20,05,,,0.0,
Kırıcılar ve Deliciler,Aero2spade Pnömatik Havalı Kırıcı 27joules 6.3 Bar + 5 Parça - 5909601900,8750.0,2026.05.20,05,,0.0,0.0,
Kırıcılar ve Deliciler,Rkl-9150 Bordo 3&#039;lü Set Kirici Deli̇ci̇ Matkap 2.26 Model,7650.0,2026.05.20,05,,0.0,0.0,
Kırıcılar ve Deliciler,Akülü Kırıcı Delici 24  900w Çift Akülü 21v 4a,33635.0,2026.05.20,05,,0.0,0.0,
Kırıcılar ve Deliciler,21v 2.0ah 3 Lü Set Şarjlı Matkap Hilti 2-26mm 450nm Torklu Vidalama Somun Sıkma Şarjlı Taşla,5278.9,2026.05.20,05,,0.0,0.0,
Kırıcılar ve Deliciler,Dxk420 Dx2140 + Dx3090 + Da03903 2 Parça Profesyonel Kombo Set,6564.0,2026.05.20,05,,0.0,0.0,
Kırıcılar ve Deliciler,Hais Kırıcı Delici Matkap Çift Fonksiyonlu 1500 W,17000.0,2026.05.20,05,,0.0,0.0,
Kırıcılar ve Deliciler,Sds Hex Kırıcı Hilti 1700 Watt Th217068,17950.0,2026.05.20,05,,0.0,0.0,
Kırıcılar ve Deliciler,4500w Extra Güçlü Metal Şanzıman Profesyonel Kırıcı Delici Hilti Matkap 5 Uç,2998.0,2026.05.20,05,,0.0,0.0,
Kırıcılar ve Deliciler,Powerblack Metal Şanzıman 3600 5.9 Joule Profesyonel Kırıcı Delici 5 Parça Hilti,1999.0,2026.05.20,05,0.0,0.0,0.0,
Kırıcılar ve Deliciler,Bakır Sargılı Kömürsüz Motor Darbeli Çift Akülü Şarjlı Kırıcı Delici 2-26 Mm Hilti 21 V,2999.0,2026.05.20,05,0.0,0.0,,
Kırıcılar ve Deliciler,Pro 21v Darbeli Kömürsüz 6&#039;lı Set K.d. Hilti-taşlama-testere-makas-matkap Vidalama-somun Sıkma Sök,10399.0,2026.05.20,05,0.0,0.0,,
Kırıcılar ve Deliciler,Pro 3 Lü Set Somun Sıkma Taşlama Hilti,6299.0,2026.05.20,05,0.0,0.0,,
Kırıcılar ve Deliciler,Alman 6200 Watt Tam Profesyonel 3 Farklı Kullanım Özellikli 11 Kg Kırıcı Delici Hilti + Uç Seti̇,9999.0,2026.05.20,05,0.0,0.0,,
Kırıcılar ve Deliciler,Murcell 2.26 800w Kirici Deli̇ci̇ Hi̇lti̇,2399.0,2026.05.20,05,0.0,0.0,,
Kırıcılar ve Deliciler,11 Kg Kırıcı Delici Hilti,9999.0,2026.05.20,05,0.0,0.0,,
Kırıcılar ve Deliciler,Catpower Kömürsüz Akülü Vi̇d+ Kirici Deli̇ci̇+ Taşlama 3lü Set Solo(aküsüz) (4130),13599.0,2026.05.20,05,0.0,,,
Kırıcılar ve Deliciler,16 Kg Kırıcı Darbeli Hilti 2 Adet Sivri Ve Yassı Uç Hediyeli,6649.0,2026.05.20,05,0.0,0.0,0.0,
Kırıcılar ve Deliciler,Şarjlı Alçıpanlı 4 Lü Set + Vidalama + Avuç Taşlama + 3 Batarya 1 Şarj Cihazı,10299.0,2026.05.20,05,0.0,0.0,0.0,
Kırıcılar ve Deliciler,6 Ki̇lo Kirici Deli̇ci̇ Çeli̇k Şanziman 1050 W,3999.0,2026.05.20,05,0.0,0.0,0.0,
Kırıcılar ve Deliciler,Haispro Set-4 (darbeli̇ Kirici Deli̇ci̇ Matkap Rb-bh26+darbeli̇ Matkap Rb-db2102),25869.0,2026.05.20,05,0.0,0.0,0.0,
Kırıcılar ve Deliciler,Gbh 18v-34 Cf En Güçlü Sds-plus Akülü Kırıcı Delici (solo) 0611914021,30826.0,2026.05.20,05,0.0,,0.0,
Kırıcılar ve Deliciler,16 Kg Kirici Hi̇lti̇ Metal Çanta 1 Uç Hedi̇yeli̇,4599.0,2026.05.20,05,,0.0,0.0,
Kırıcılar ve Deliciler,21 V 3&#039;lü Set Hava Pompası 125mm Taşlama 800nm Somun Sıkma Sökme Mavi̇,6299.0,2026.05.20,05,,0.0,0.0,
Kırıcılar ve Deliciler,Murcell 16 Kg 1240 Watt Sds Max Kırıcı Hilti Matkap Kırıcı Hilti W Z1g-zt-65,6499.0,2026.05.20,05,0.0,,0.0,
Kırıcılar ve Deliciler,Ağır Hizmet Kırıcı 16 Kg 68 Joule Çantalı Sivri Yassı Keski Hediyeli Sjs Metal Şanzıman Tam Prof,5999.0,2026.05.20,05,0.0,,,
Kırıcılar ve Deliciler,Skil Xp 3851ja Akülü Kırıcı Delici Çantalı,12645.0,2026.05.20,05,0.0,0.0,,
Kırıcılar ve Deliciler,21v 2.0ah Kömürsüz Darbeli 5&#039;li Set Şarjlı Hilti Taşlama Somun Sıkma Akülü Vidalama,7478.9,2026.05.20,05,,0.0,0.0,
Kırıcılar ve Deliciler,Dx2140 800watt 3.0j 26mm Sds-plus Profesyonel Kırıcı/delici + 1 Adet Delici Uç,4351.0,2026.05.20,05,0.0,0.0,0.0,
Kırıcılar ve Deliciler,7 Başlıklı Set Taşlama Somun Sıkma Tilki Kuyruğu Dal Budama Akülü Vidalama Hava Pompası Hilt,4948.9,2026.05.20,05,0.0,0.0,0.0,
Kırıcılar ve Deliciler,Dx2140.1 800watt 3.0j 26mm Sds-plus Profesyonel Kırıcı/delici + 1 Ad Delici 3 Ad Kırıcı Uç,4457.0,2026.05.20,05,0.0,0.0,0.0,
Kırıcılar ve Deliciler,Pnömatik Kırıcı Delici 830 Watt  DH26PC2,9022.7,2026.05.20,05,0.0,,,
Kırıcılar ve Deliciler,Kırıcı Delici PBH 2500 RE 600 W,4700.9,2026.05.20,05,0.0,0.0,0.0,
Kırıcılar ve Deliciler,Ph 850 K 26 Mm  800 W  Pnömati̇k Deli̇ci̇/kirici P1ea188,4147.2,2026.05.20,05,0.0,0.0,0.0,
Kırıcılar ve Deliciler,Ph 1515 Hd 1700 W 22 Joule 10 Kg Max Kırıcı-delici P1ea193,16438.8,2026.05.20,05,0.0,0.0,0.0,
Kırıcılar ve Deliciler,Ph 900 Vs 26 Mm  900 W 3.2 Joule Vibrasyonlu  Pnömatik Delici/kırıcı P1ea183,4620.0,2026.05.20,05,0.0,0.0,0.0,
Kırıcılar ve Deliciler,Pr 1150 Rl  13-16 Mm 1050 W 2 Vi̇tes Şanzımanlı Darbeli Matkap P1ea172,4524.0,2026.05.20,05,0.0,0.0,0.0,
Kırıcılar ve Deliciler,Gbh 187-li Tek Akülü Kırıcı Delici,20589.99,2026.05.20,05,0.0,0.0,0.0,
Kırıcılar ve Deliciler,Herocco 18 V 4 Ah Akülü Pnömati̇k Kirici-deli̇ci̇,10999.0,2026.05.20,05,0.0,,,
Kırıcılar ve Deliciler,Te-dh 50 Kırıcı 1700w 50j - 4139130,24698.7,2026.05.20,05,0.0,0.0,0.0,
Kırıcılar ve Deliciler,Universalhammer 18 V Tek Akülü Kırıcı Delici,7882.49,2026.05.20,05,0.0,,,
Kırıcılar ve Deliciler,Sgs 5183 Sds Hilti Kırıcı Delici 1500 W,4900.0,2026.05.20,05,0.0,0.0,0.0,
Kırıcılar ve Deliciler,Professional Gbh 2-28 F Kırıcı Delici - İlave Mandren,20587.2,2026.05.20,05,0.0,,0.0,
Kırıcılar ve Deliciler,21-rh1050-e Sds-plus Kırıcı Delici - 1.050 W,5312.0,2026.05.20,05,0.0,0.0,0.0,
Kırıcılar ve Deliciler,Dh1700-e Kırıcı - 65 Joule,21148.0,2026.05.20,05,0.0,,0.0,
Kırıcılar ve Deliciler,Atp1510 Pnömatik Kırıcı Delici 1500 Watt,6462.0,2026.05.20,05,0.0,,,
Kırıcılar ve Deliciler,DH-1050 Rbt Robustech Kırıcı Delici,3155.0,2026.05.20,05,0.0,0.0,0.0,
Kırıcılar ve Deliciler,Rn1026 Kırıcı Delici Matkap 620w,1399.0,2026.05.20,05,0.0,0.0,,
Kırıcılar ve Deliciler,Herocco Pnömatik Kırıcı Delici + 18v 4ah Çift Akülü Set,12999.0,2026.05.20,05,0.0,,,
Kırıcılar ve Deliciler,Herocco Şarjlı Kırıcı Delici Hilti Ve 4.0ah Tek Akü Şarj Aleti,10999.0,2026.05.20,05,0.0,,,
Kırıcılar ve Deliciler,Herocco 18/20 Kömürsüz Pnomatik Kırıcı Delici Solo,8999.0,2026.05.20,05,0.0,,,
Kırıcılar ve Deliciler,"Cat Power 4225 Akülü Kırıcı Delici 4,0 Ah Tek Akülü",5999.0,2026.05.20,05,0.0,0.0,0.0,
Kırıcılar ve Deliciler,Te-dh 32 Kırıcı 1500w 32j - 4139099,10530.9,2026.05.20,05,0.0,,,
Kırıcılar ve Deliciler,Sgs 5179 Kırıcı Delici Matkap Hilti 800 Watt,2920.0,2026.05.20,05,0.0,0.0,0.0,
Kırıcılar ve Deliciler,D25133k 800watt 2.6j Profesyonel Sds-plus Kırıcı / Delici,6665.0,2026.05.20,05,0.0,,0.0,
Kırıcılar ve Deliciler,Aeg Bbh18bl2-0 Akülü Kırıcı Delici(akü Hariç) - 4935480697,12732.0,2026.05.20,05,0.0,,,
Kırıcılar ve Deliciler,Aeg Pm10e 1600w Pneomatik Kırıcı - 4935412418,50929.5,2026.05.20,05,,0.0,0.0,
Kırıcılar ve Deliciler,Sgs 5177 Kırıcı Delici Matkap Hilti 800 Watt,2700.0,2026.05.20,05,,0.0,0.0,
Kırıcılar ve Deliciler,Haispro Profesyonel Akülü Darbeli Kırıcı Delici Matkap 21 V 4.0 Ah Çift Akü Za-ds-195,14500.0,2026.05.20,05,,0.0,,
Kırıcılar ve Deliciler,Sgs 5521 Şarjlı Kırıcı Delici Matkap Seti 20 Volt 4 Ah Kömürsüz Motor,7850.0,2026.05.20,05,,0.0,0.0,
Kırıcılar ve Deliciler,Sgs Sgs5184 Elektropnomatik Kırıcı Sds Max 1300 Watt 23 Joules,6552.0,2026.05.20,05,,0.0,0.0,
Kırıcılar ve Deliciler,Sds Plus Kırıcı Delici Hilti 1500w 4kg Th1153216,6729.0,2026.05.20,05,,0.0,0.0,
Kırıcılar ve Deliciler,Elektrikli Kırıcı 11 Kg Th215002,16059.0,2026.05.20,05,,0.0,0.0,
Kırıcılar ve Deliciler,Th1163855 Sds Max 1600w 7.5 Kg 10.0j Kırıcı Delici Hilti,9849.0,2026.05.20,05,,0.0,0.0,
Kırıcılar ve Deliciler,18blrh Kömürsüz Kırıcı-delici + 18ag Taşlama + 18 V 4.0 Ah Çift Akülü Set,16609.0,2026.05.20,05,,0.0,,
Kırıcılar ve Deliciler,Hr2810 Kırıcı Delici,22200.0,2026.05.20,05,,0.0,,
Kırıcılar ve Deliciler,Hm1203c Elektropnömatik Kırıcı Delici 1510w,37500.0,2026.05.20,05,,0.0,0.0,
Kırıcılar ve Deliciler,Hr2600 800 W  Elektropnömatik Kırıcı Delici 2.8 Kg,14800.0,2026.05.20,05,,0.0,0.0,
Kırıcılar ve Deliciler,Hr4002 Delıcı Kırıcı,38900.0,2026.05.20,05,,0.0,,
Kırıcılar ve Deliciler,Makıta Hr3540c Delıcı Kırıcı,41200.0,2026.05.20,05,,0.0,,
Kırıcılar ve Deliciler,Akülü Kırıcı Delici Matkap 18v 3.0ah Dhr242rfe,33900.0,2026.05.20,05,,0.0,0.0,
Kırıcılar ve Deliciler,Hr5202c Kırıcı Delici 1510w 20joule Sds-max,50700.0,2026.05.20,05,,0.0,0.0,
Kırıcılar ve Deliciler,Hr5212c Avt&#039;li Kırıcı/delici 1510 Watt,60950.0,2026.05.20,05,,0.0,0.0,
Kırıcılar ve Deliciler,Dhr241rmj Akülü Kırıcı Delici,29400.0,2026.05.20,05,,0.0,0.0,
Kırıcılar ve Deliciler,Hr 2470 Elektropnömatik Kırıcı Delici,8700.0,2026.05.20,05,,0.0,0.0,
Kırıcılar ve Deliciler,Hr4013c Kırıcı/delici 1100 Watt 40 Mm,49950.0,2026.05.20,05,,0.0,0.0,
Kırıcılar ve Deliciler,Hr4003c Elektropnömatik Delici Kırıcı,45400.0,2026.05.20,05,,0.0,0.0,
Kırıcılar ve Deliciler,Hr 4501 C Kırıcı Delici Matkap,57950.0,2026.05.20,05,,0.0,0.0,
Kırıcılar ve Deliciler,Akülü Kirici Deli̇ci̇ Matkap / 20 Volt / 4 Ah / Bl,7889.0,2026.05.20,05,,0.0,0.0,
Taşlamalar,21v 6 Başlıklı Set Vidalama Testere Tilki Kuyruğu Taşlama Somun Sökme Hava Pompası,4399.9,2026.05.20,05,0.0,0.0,0.0,
Taşlamalar,115 mm Taşlama Diski 4&#039;lü Paket,519.9,2026.05.20,05,0.0,-14.756517461878998,-14.756517461878998,
Taşlamalar,Dcg407m2t-qw 18v 2x4ah Taşlama,15799.0,2026.05.20,05,0.0,0.0,0.0,
Taşlamalar,Soketli Kanallı Elmas Kesme Diski 230 mm,799.9,2026.05.20,05,0.0,-20.002000200020003,-20.002000200020003,
Taşlamalar,18V Taşlama 115 2a+3Disk+Çanta Bcg6l8d1s,5199.0,2026.05.20,05,0.0,0.0,0.0,
Taşlamalar,Taşlama 2000 Watt,2199.0,2026.05.20,05,0.0,0.0,0.0,
Taşlamalar,EAG1010-125 Taşlama Makinesi 1010W 125 mm,2499.0,2026.05.20,05,0.0,0.0,0.0,
Taşlamalar,BEG120 Avuç Taşlama 125 mm 800 W,2299.0,2026.05.20,05,0.0,0.0,0.0,
Taşlamalar,MBGP250WDB Sulu Taş Motoru 250 W,2599.0,2026.05.20,05,0.0,0.0,0.0,
Taşlamalar,Dt3506-qz 10 Prç 115x1mm Diskler,649.9,2026.05.20,05,0.0,0.0,0.0,
Taşlamalar,Kesme Bıçağı Çok Amaçlı Hss 85 mm,369.9,2026.05.20,05,0.0,0.0,0.0,
Taşlamalar,Taşlama V20 125mm SFMCG400B-XJ,4449.0,2026.05.20,05,0.0,0.0,0.0,
Taşlamalar,G650 Avuç Taşlama 650W 115mm,1999.0,2026.05.20,05,0.0,0.0,0.0,
Taşlamalar,Avuç Taşlama 115 mm 500 W,1099.0,2026.05.20,05,0.0,0.0,0.0,
Taşlamalar,Büyük taşlama GWS 2200-180 H,6044.0,2026.05.20,05,2.0945945945945947,2.666893154408018,2.9642248722316866,
Taşlamalar,Büyük taşlama GWS 2200-230 H,6513.0,2026.05.20,05,0.09220839096357768,0.09220839096357768,0.4472547809993831,
Taşlamalar,GWS 750-115 Avuç Taşlama Makinesi,3079.0,2026.05.20,05,2.394413036248753,2.976588628762542,3.2528504359490276,
Taşlamalar,Bileme eğeleme parlatma için elektrikli matkap standı ve 3lü değirmen taşı polisaj diski ve braket Tabanı,784.0,2026.05.20,05,0.0,0.0,0.0,
Taşlamalar,Avuç Taşlama GWS 9-115,3799.0,2026.05.20,05,0.0,-6.382454411039921,-6.127996046454164,
Taşlamalar,115 X 3 X 22.23 Metal Kesme Taşı Düz 10&#039;lu,385.0,2026.05.20,05,0.0,0.0,0.0,
Taşlamalar,Düz Beton Kesme Diski,64.99,2026.05.20,05,0.0,0.0,0.0,
Taşlamalar,EZ SC Ahşap Kesme Diski (SC544),1374.0,2026.05.20,05,0.0,0.0,0.0,
Taşlamalar,125 mm Taşlama Diski 40 Kum,169.9,2026.05.20,05,0.0,0.0,0.0,
Taşlamalar,Kesme/Şekillendirme Diski (542),1499.0,2026.05.20,05,0.0,0.0,0.0,
Taşlamalar,76x1x10mm Inox Kesme Diski (5&#039;li Pkt) Gws 12v-76 Için 2608601520,575.0,2026.05.20,05,0.0,0.0,0.0,
Taşlamalar,RTM1360 KALIPÇI TAŞLAMA UZUN 450 W 27000 D/DK,2298.21,2026.05.20,05,0.0,0.0,1.5998974368042749,
Taşlamalar,Dwe4257 Devir Ayarlı Avuç Taşlama 1500 Watt 125mm,10310.0,2026.05.20,05,0.038812342324859306,0.038812342324859306,0.5069214271787873,
Taşlamalar,Taş Kesme Diski,865.0,2026.05.20,05,0.0,0.0,0.0,
Taşlamalar,Baytec Metal Kesici Mk 0100 115x2.5x22mm 25 Adet,808.99,2026.05.20,05,0.0,0.0,0.0,
Taşlamalar,Kesme Diski 32 mm (426),846.0,2026.05.20,05,0.0,96.78995115143057,96.78995115143057,
Taşlamalar,Klpro Klat18bs-00 18v 115mm Devir Ayarlı Kömürsüz Şarjlı Avuç Taşlama Aküsüz/solo Tek Makine,6187.64,2026.05.20,05,0.0,0.2974410345436892,0.7619466360520117,
Taşlamalar,"- 115*1,0mm Standard Seri Düz Inox (paslanmaz Çelik) Kesme Diski (taş) - 10&#039;lu",414.89,2026.05.20,05,0.0,0.0,0.0,
Taşlamalar,Taş Motoru Taşı 60 Grit,109.9,2026.05.20,05,0.0,0.0,0.0,
Taşlamalar,Taş Motoru Taşı 36 Grit,119.9,2026.05.20,05,0.0,0.0,0.0,
Taşlamalar,Profesyonel Avuç Taşlama Makinesi GWS 1400,6953.0,2026.05.20,05,0.05756223917110376,0.05756223917110376,0.4043321299638989,
Taşlamalar,Taşlama Makinesi DWE4056,4199.0,2026.05.20,05,0.09535160905840286,0.09535160905840286,0.2626552053486151,
Taşlamalar,Metal Taşlama Diski 125 mm,89.99,2026.05.20,05,0.0,0.0,0.0,
Taşlamalar,Düz Metal Kesme Diski 125 mm Beşli Set,209.9,2026.05.20,05,0.0,0.0,0.0,
Taşlamalar,Sert Metal Kesme Diski,109.9,2026.05.20,05,0.0,0.0,,
Taşlamalar,Bn5 Gravür Ahşap Kesme Mini Testere Seti Takımı 8 Parça 50-22mm,454.99,2026.05.20,05,0.0,,,
Taşlamalar,Aa 54r Paslanmaz İnox Kesici Taş 25 Adet 115x1x22.23mm,699.0,2026.05.20,05,0.0,,,
Taşlamalar,Universalgrind 750-115 Taşlama Mak,2408.0,2026.05.20,05,0.0831255195344971,0.0831255195344971,0.0831255195344971,
Taşlamalar,GWS 750-S Devir Ayarlı Taşlama,4058.0,2026.05.20,05,2.319717599596571,2.916560994166878,3.204476093591048,
Taşlamalar,"TE-AG 125 CE, Devir Ayarlı Avuç Taşlama",2890.0,2026.05.20,05,0.0,-0.44781260764726144,-0.44781260764726144,
Taşlamalar,6lı Taşlama Ve Kesme Disk Seti Elmas Seramik Ahşap Metal Zımpara,893.99,2026.05.20,05,0.0,0.0,0.0,
Taşlamalar,"TC-AG 18-115 Li - Solo, Akülü Avuç Taşlama",2736.9,2026.05.20,05,0.0,0.0,0.0,
Taşlamalar,Metal Alüminyum Pvc Beton Kesme Diski,129.9,2026.05.20,05,0.0,0.0,0.0,
Taşlamalar,Devir Ayarlı Avuç Taşlama 900 Watt KE90125AT,1830.92,2026.05.20,05,0.0,0.0,1.599809110532779,
Taşlamalar,11&#039;li Taşlama Ve Kesme Disk Seti Ve Bağlantı Aparatları,1289.99,2026.05.20,05,0.0,0.0,0.0,
Taşlamalar,Professional Gws 750-115 Mm Avuç Taşlama Makinesi - 0601394000,3081.0,2026.05.20,05,2.460924509477885,3.0434782608695654,3.319919517102616,
Taşlamalar,Te-tk 18/2 Li Kit (cd+ag) Akülü Kombo Set,8903.0,2026.05.20,05,0.10119181470654375,-5.246913580246913,-3.5218899003034245,
Taşlamalar,disk bağlama pim seti Dremel Hilti Sds Adaptörü Mini Daire Disk Testere Mandren Bağlantı Elemanı kaplin setii,474.0,2026.05.20,05,0.0,0.0,0.0,
Taşlamalar,Taş Kesme Diski Düz,155.0,2026.05.20,05,0.0,0.0,0.0,
Taşlamalar,RTM1080 AVUÇ TAŞLAMA 115 MM 750W DEVİR AYARLI,1980.58,2026.05.20,05,0.0,0.0,1.7001545595054044,
Taşlamalar,Düz Metal Kesme Diski 115 mm Beşli Set,319.9,2026.05.20,05,0.0,0.0,0.0,
Taşlamalar,Sm200l Zımpara Taş Motoru 500w - 5903109901,4966.0,2026.05.20,05,0.0,0.0,-3.4227926876701673,
Taşlamalar,Ahşap Törpü diski Avuç taşlama uyumlu törpü Aşındırma Raspalama 3lü disk Seti Açılı düz oval,1440.0,2026.05.20,05,0.0,0.0,0.0,
Taşlamalar,Metal Kesme Düz,389.9,2026.05.20,05,0.0,0.0,0.0,
Taşlamalar,Bıçak satır balta bileme diski 100mm elmaslı bileme eğeleme disk avuç taşlama spiral uyumlu diamond disk,374.0,2026.05.20,05,0.0,0.0,0.0,
Taşlamalar,Tomax Bi Metal Panç Takımı 13 Parça Buat Delik Açma Testeresi,5250.0,2026.05.20,05,0.0,0.0,-15.240555376170487,
Taşlamalar,Tomax Bi Metal Panç Takımı 9 Parça Buat Delik Açma Testeresi,3999.0,2026.05.20,05,0.0,0.0,-14.258147512864493,
Taşlamalar,8&#039;li Taşlama Ve Kesme Disk Seti Seramik Ahşap Metal Zımpara,1049.99,2026.05.20,05,0.0,0.0,0.0,
Taşlamalar,Taşlama DWE4156-QS 115 mm 900 Watt,4866.0,2026.05.20,05,-2.4849699398797593,-2.4849699398797593,-2.4849699398797593,
Taşlamalar,Gws 9-125 S 900 W Avuç Taşlama Makinesi,5618.0,2026.05.20,05,0.08907892392659897,0.08907892392659897,3.063658044395524,
Taşlamalar,2200w Metal Şanzıman 230mm Büyük Spiral Taşlama Çantalı,3399.9,2026.05.20,05,0.0,0.0,0.0,
Taşlamalar,"Bay-tec 5li Taşlama Disk Seti Elmas, Sunta, Ahşap, Metal, Zımpara",884.99,2026.05.20,05,0.0,0.0,0.0,
Taşlamalar,Pro 115x1 Mm Paslanmaz Ve Metal Kesme Taşı 25 Li Paket 2608603169,678.0,2026.05.20,05,0.0,0.0,0.0,
Taşlamalar,Eisenn Edt-1000 Spiral Taşlama Profil Metal Kesme Makinası,3299.9,2026.05.20,05,0.0,0.0,0.0,
Taşlamalar,Avuç Taşlama 750 Watt KE75115AT,1513.24,2026.05.20,05,0.0,0.0,1.59996240121927,
Taşlamalar,115x1 Paslanmaz İnox Metal Kesici Taş İnce,184.0,2026.05.20,05,0.546448087431694,0.546448087431694,0.546448087431694,
Taşlamalar,- Ekonomik Seri 9+1 Genel Yapı Malzemeleri İçin Elmas Kesme Diski 230 Mm,688.0,2026.05.20,05,0.0,0.0,,
Taşlamalar,Tc-wg 200 Sulu Taş Motoru Bileme Makinesi,6240.9,2026.05.20,05,0.0,-5.022143085422089,-5.022143085422089,
Taşlamalar,Tiger 2500 Sulu Bıçak Bileme Makinası 200w - 5903202901,11172.2,2026.05.20,05,0.0,0.0,,
Taşlamalar,Pag-4121 Şarjlı Avuç Taşlama Kompakt Ve Taşınabilir Tasarım,1199.0,2026.05.20,05,0.0,0.0,0.0,
Taşlamalar,115 Mm Taşlama Muhafaza Perdesiz 1 605 510 364,406.19,2026.05.20,05,0.0,0.0,0.0,
Taşlamalar,Ekstra Güçlü Metal Şanzıman 2200 W 230 Mm Büyük Sipiral Taşlama Ve Kesme Makinası Sari,3599.0,2026.05.20,05,0.0,0.0,0.0,
Taşlamalar,Ekstra Güçlü Metal Şanzıman 2200 W 230 Mm Büyük Spiral Taşlama Ve Kesme Makinası,3000.0,2026.05.20,05,0.0,0.0,0.0,
Taşlamalar,21-18ag Çift Akülü Avuç Taşlama - 18 V 8.0 Ah,12770.0,2026.05.20,05,0.0,0.0,0.0,
Taşlamalar,21-18ag Çift Akülü Avuç Taşlama - 18 V 4.0 Ah,8828.0,2026.05.20,05,0.0,0.0,0.0,
Taşlamalar,- Ekonomik Seri 9+1 Genel Yapı Malzemeleri İçin Elmas Kesme Diski 230 Mm Turbo,818.0,2026.05.20,05,0.0,0.0,,
Taşlamalar,Tiger 5000s Sulu Bıcak Bileme Makinası 200w - 5903205903,8444.2,2026.05.20,05,0.0,0.0,,
Taşlamalar,Alman Pro 4200 W Metal Şanzuman Bakır Sargılı Avuç Içi Taşlama Demir Metal Kesme Makinesi 125 Mm,1899.0,2026.05.20,05,0.0,,,
Taşlamalar,Da10126 350mm Universal Metal Profil Kesme Taşı,362.0,2026.05.20,05,0.0,0.0,0.0,
Taşlamalar,Sm150l Taş Motoru 400w  - 5903107901,3738.4,2026.05.20,05,0.0,0.0,,
Taşlamalar,- Standard Seri Mermer İçin Kesme Diski 230 Mm,4062.0,2026.05.20,05,0.0,0.0,,
Taşlamalar,"Wa6075 Wx801 İçin 76x10mm Fayans, Seramik, Mermer Elmas Kesme Diski",894.0,2026.05.20,05,0.0,0.0,0.0,
Taşlamalar,Te-mt 7.2 Li Akülü Mini Taşlama Ve Gravür Seti,4132.7,2026.05.20,05,0.0,-2.7531355154481494,-2.7531355154481494,
Taşlamalar,"TC-AG 125-850 Kit, Avuç Taşlama",2790.0,2026.05.20,05,0.0,0.0,11.2675326125537,
Taşlamalar,Black&amp;decker Beg220 900watt 125mm Avuç Taşlama,2615.0,2026.05.20,05,0.0,0.0,,
Taşlamalar,RTM1145 AVUÇ TAŞLAMA 125 MM 1400W DEVİR AYARLI,3299.0,2026.05.20,05,0.0,0.0,2.294573643410853,
Taşlamalar,Professional Gbg 60-20 Çift Çarklı Taşlama Motoru - 060127a400,10048.0,2026.05.20,05,0.09962143853357243,2.551541130843029,2.8349196602190156,
Taşlamalar,Büyük Taşlama 2200 Watt KLBT8318,4753.06,2026.05.20,05,,0.0,1.5999709290519315,
Taşlamalar,Rtrmax Rtm421a Zımpara Taş Motoru  Sulu,3035.63,2026.05.20,05,,0.8287164361539676,2.4418969584276873,
Taşlamalar,Gws 30-230 B Büyük Taşlama Makinesi,16682.0,2026.05.20,05,0.05998080614203454,0.05998080614203454,0.4395207417665121,
Taşlamalar,Tc-tk 18 Li Kit Cd+ag 1x1.5 Ah + 1x3.0 Ah Akülü Matkap + Taşlama - 4257238,7668.7,2026.05.20,05,0.0,0.0,0.0,
Taşlamalar,Matkap Taşlama Aparati,915.0,2026.05.20,05,0.0,0.0,0.0,
Taşlamalar,Spiral Avuç Içi Taşlama Makinası Sipral Avuç Taşlama 750 Watt 115 Mm + 115 Mm Metal Kesme Diski,2569.0,2026.05.20,05,0.0,0.0,0.0,
Taşlamalar,Eisenn Maxstar Et-900m Spiral Taşlama Profil Metal Kesme Makinası,3299.9,2026.05.20,05,0.0,0.0,0.0,
Taşlamalar,Eisenn Maxstar Et-900t Spiral Taşlama Profil Metal Kesme Makinası,3299.9,2026.05.20,05,0.0,0.0,0.0,
Taşlamalar,2200w Metal Şanzıman 230mm Büyük Spiral Taşlama,3299.9,2026.05.20,05,0.0,0.0,0.0,
Taşlamalar,Hg751 Avuç Taşlama 750w 115mm,1900.8,2026.05.20,05,1.0204081632653086,1.0204081632653086,1.538461538461536,
Taşlamalar,115x1.0x22 Mm Inox Kesici-10 Adet,249.85,2026.05.20,05,0.0,0.0,0.0,
Taşlamalar,Axxio 18/115 Q Akülü Avuç Taşlama Solo,5014.15,2026.05.20,05,0.0,0.0,0.0,
Taşlamalar,Bosch Gws 7-115 Avuç Taşlama 115 Mm 720 Watt,4729.53,2026.05.20,05,0.0,0.0,0.0,
Taşlamalar,125mm Spral Dwe,1455.0,2026.05.20,05,0.0,0.0,0.0,
Taşlamalar,Dwe4884 Kalıpçı Taşlama 450 Watt,9018.0,2026.05.20,05,0.0,17.6056338028169,17.6056338028169,
Taşlamalar,Dwe493 Taşlama Makinesi 2200 Watt 180mm,7300.0,2026.05.20,05,0.0,0.0,0.0,
Taşlamalar,RTM1180 BÜYÜK TAŞLAMA MAKİNESİ 180 MM 2300W,4399.0,2026.05.20,05,0.0,0.0,-0.2295242588090116,
Taşlamalar,RTM1095 AVUÇ TAŞLAMA 125 MM 950W DEVİR AYARLI,2424.18,2026.05.20,05,0.0,0.0,1.600167644593455,
Taşlamalar,RTM127 BÜYÜK TAŞLAMA MAKİNESİ 180 MM 2600W,5385.36,2026.05.20,05,0.0,0.0,1.6000226391600776,
Taşlamalar,RTM1140 AVUÇ TAŞLAMA 125 MM 1400W,3075.0,2026.05.20,05,0.0,0.0,-2.8128950695322374,
Taşlamalar,Avuç Taşlama 115 mm GA4530R,3413.0,2026.05.20,05,0.11733646230566148,0.11733646230566148,0.11733646230566148,
Taşlamalar,"- 125*2,5 Mm Expert Serisi Düz Metal Kesme Diski (taş)",163.0,2026.05.20,05,0.6172839506172839,0.6172839506172839,0.6172839506172839,
Taşlamalar,Ahşap Taşlama Törpüleme Aşındırma Kesme Oyma Diski 115mm,594.0,2026.05.20,05,0.0,0.0,0.0,
Taşlamalar,9&#039;lu Taşlama Ve Kesme Disk Seti Seramik Ahşap Metal Zımpara,1189.99,2026.05.20,05,0.0,0.0,0.0,
Taşlamalar,"Standard For Metal 180*3,0 Mm Bombeli Kesici Disk - 2608603161",212.0,2026.05.20,05,0.0,0.0,0.0,
Taşlamalar,Expert 115 Mm X-lock Cmw Kesme Diski 2608901192,960.0,2026.05.20,05,0.0,0.0,0.0,
Taşlamalar,Expert 230 Mm Yapı Malzemeleri Elmas Kesme Diski 2608900663,5075.0,2026.05.20,05,0.0,0.0,0.0,
Taşlamalar,Kanal Açma Di̇sk Aparati,680.0,2026.05.20,05,0.0,0.0,0.0,
Taşlamalar,115mm Ahşap Metal Mermer Granit Seramik kesici disk Seti Kesme Zımparalama Daire Disk Bıcak ispirel,764.0,2026.05.20,05,0.0,0.0,0.0,
Taşlamalar,Gws 17-125 Ps Taşlama Makinası,17250.0,2026.05.20,05,0.0,0.0,0.0,
Taşlamalar,"Beton Kesme Diski Bombeli 11,5x0,25 cm",141.0,2026.05.20,05,0.0,,,
Taşlamalar,Zenflex 115x1 Metal/i̇nox Kesme Taşi 10 Adet,200.0,2026.05.20,05,0.0,0.0,0.0,
Taşlamalar,Beton Mermer Kesici Taş 230&#039;luk,399.9,2026.05.20,05,0.0,0.0,0.0,
Taşlamalar,Avuç Taşlama 850 W KLAT11505,2500.02,2026.05.20,05,0.0,0.0,0.0,
Taşlamalar,Klpro Klha185 Profesyonel Havalı 125mm Satıh Taşlama,3428.96,2026.05.20,05,0.0,0.2971802971802929,0.7619680108609044,
Taşlamalar,Eco Ke90125at 900 W 125 Mm Devir Ayarlı Avuç Taşlama Makinesi,1830.92,2026.05.20,05,0.0,,1.599809110532779,
Taşlamalar,-rtm102 Avuç Taşlama 750 Watt 115/125 Mm,1629.0,2026.05.20,05,0.0,,4.26467482094511,
Taşlamalar,"- 230*3,0 Mm Expert Serisi Bombeli Taş Kesme Diski (taş) 2608600227",196.0,2026.05.20,05,0.5128205128205128,0.5128205128205128,0.5128205128205128,
Taşlamalar,Gws 2200-180 H Büyük Taşlama,6041.0,2026.05.20,05,2.043918918918919,2.6159334126040426,2.9131175468483814,
Taşlamalar,Gws 19-125 Cıe Avuç Taşlama Makinesi 1900w,15850.8,2026.05.20,05,0.0,0.0,0.0,
Taşlamalar,Klpro Klat18bs-50 18v/5.0ah. 115mm Çift Akülü Devir Ayarlı Kömürsüz Şarjlı Avuç Taşlama,13874.98,2026.05.20,05,0.0,0.2973866981257512,0.761869765367931,
Taşlamalar,Fiber Disk Karışık 12 li 115 mm,399.9,2026.05.20,05,0.0,0.0,0.0,
Taşlamalar,Gws 18v-8 Akülü Taşlama Solo,7199.0,2026.05.20,05,0.0,0.0,0.0,
Taşlamalar,Tp-co18/76-cli Bl Solo Taşlama,4999.0,2026.05.20,05,0.0,0.0,0.0,
Taşlamalar,Düz Metal Kesme Diski 230 mm Beşli Set,379.9,2026.05.20,05,,0.0,0.0,
Taşlamalar,"AXXIO 18-125, Akülü Avuç Taşlama",4999.0,2026.05.20,05,,0.0,0.0,
Taşlamalar,Düz Beton Kesme Diski Seti 5 Parça 125 mm,329.9,2026.05.20,05,0.0,,,
Taşlamalar,Dwe4237-qs 1400w 125mm  Taşlama,7499.0,2026.05.20,05,,0.0,0.0,
Taşlamalar,TC-MT 150 E Mini  Gravür Seti,3299.0,2026.05.20,05,0.0,0.0,0.0,
Taşlamalar,Pro Tp-ag 18/125 F Libl Solo Taş,5699.0,2026.05.20,05,0.0,0.0,0.0,
Taşlamalar,Univ.grind 18v-75 Taşlama (solo),5699.0,2026.05.20,05,0.0,0.0,0.0,
Taşlamalar,Rtm1360 Kalıpçı Taşlama,2275.69,2026.05.20,05,0.0,0.0,,
Taşlamalar,Tomax Segmentli̇ Elmas Beton Kesi̇ci̇ Dai̇re Testere 230 X 2.4 X 22 Mm,1320.0,2026.05.20,05,0.0,0.0,,
Taşlamalar,Tomax Sürekli̇ Elmas Fayans Kesi̇ci̇ Dai̇re Testere 115 X 2.0 X 22 Mm,430.0,2026.05.20,05,0.0,0.0,,
Taşlamalar,Tomax Turbo Elmas Grani̇t - Mermer Kesi̇ci̇ Dai̇re Testere 180 X 2.2 X 22 Mm,1115.0,2026.05.20,05,0.0,0.0,,
Taşlamalar,Tomax Çapraz Di̇şli̇ Hassas Kesi̇m Serami̇k Grani̇t Testere 115 X 1.3 Mm,999.0,2026.05.20,05,0.0,0.0,,
Taşlamalar,Ag20s-76 Akülü Mini Avuç Taşlama 20v 76mm Kompakt Taşlama Makinesi Akü Ve Şarj Cihazı Hariç,4563.0,2026.05.20,05,0.0,0.0,,
Taşlamalar,Tomax Segmentli̇ Elmas Beton Kesi̇ci̇ Dai̇re Testere 115 X 2.0 X 22 Mm,530.0,2026.05.20,05,0.0,0.0,,
Taşlamalar,Tomax Serami̇k Fayans Grani̇t Kesi̇ci̇ Hassas İnce 125 X 1.3 X 22 Mm,899.0,2026.05.20,05,0.0,0.0,,
Taşlamalar,Tomax Serami̇k Fayans Grani̇t Kesi̇ci̇ Hassas İnce 180 X 1.8 X 22 Mm,1570.0,2026.05.20,05,0.0,0.0,,
Taşlamalar,Rag800-125g Avuç Taşlama Makinesi 800 W 125 Mm - 5133002491,4011.2,2026.05.20,05,0.0,0.0,0.0,
Taşlamalar,Eag2000-g Açılı Taşlama Makinesi 230 Mm 2000 W - 5133002193,8717.0,2026.05.20,05,0.0,0.0,0.0,
Taşlamalar,Rag950-125s Avuç Taşlama Makinesi 950w 125 Mm - 5133002495,5784.4,2026.05.20,05,0.0,0.0,,
Taşlamalar,Tomax Segmentli̇ Elmas Beton Kesi̇ci̇ Dai̇re Testere 180 X 2.2 X 22 Mm,1099.0,2026.05.20,05,0.0,0.0,,
Taşlamalar,Tomax Sürekli̇ Elmas Fayans Kesi̇ci̇ Dai̇re Testere 230 X 2.4 X 22 Mm,999.0,2026.05.20,05,0.0,,,
Taşlamalar,Tomax Sürekli̇ Elmas Fayans Kesi̇ci̇ Dai̇re Testere 180 X 2.2 X 22 Mm,799.0,2026.05.20,05,0.0,,,
Taşlamalar,Sgs Soketli̇ Elmas Testere Multi-material 115mm Sgs2335,459.0,2026.05.20,05,0.0,0.0,0.0,
Taşlamalar,Tomax Çapraz Di̇şli̇ Hassas Kesi̇m Serami̇k Grani̇t Testere 180 X 1.3 Mm,2050.0,2026.05.20,05,0.0,0.0,,
Taşlamalar,Tomax Dai̇resel Elmas Törpü Testere 115 Mm Hayvan- Tırnak- Toynak,499.0,2026.05.20,05,0.0,0.0,,
Taşlamalar,Tomax Ağaç Daire Testeresi Elmassız 115x1.2x80zx22.2,440.0,2026.05.20,05,0.0,0.0,,
Taşlamalar,Sgs Soketli̇ Elmas Testere Multi-material 125mm Sgs2336,489.0,2026.05.20,05,0.0,0.0,0.0,
Taşlamalar,Tomax Turbo Elmas Grani̇t - Mermer Kesi̇ci̇ Dai̇re Testere 115 X 2.0 X 22 Mm,530.0,2026.05.20,05,0.0,0.0,,
Taşlamalar,Tomax Turbo Elmas Grani̇t - Mermer Kesi̇ci̇ Dai̇re Testere 230 X 2.4 X 22 Mm,1350.0,2026.05.20,05,0.0,0.0,,
Taşlamalar,Tomax Serami̇k Fayans Grani̇t Kesi̇ci̇ Hassas İnce 115 X 1.3 X 22 Mm,825.0,2026.05.20,05,0.0,0.0,,
Taşlamalar,Rag600-115g Avuç Taşlama Makinesi 600 W 115 Mm - 5133002487,2804.5,2026.05.20,05,0.0,0.0,0.0,
Taşlamalar,Kress Kuh10.2 20volt 4.0ah. Li-ion Çift Akülü 125mm Kömürsüz Profesyonel Şarjlı Devir Ayarlı Avuç Taşlama,9733.59,2026.05.20,05,0.0,0.0,0.0,
Taşlamalar,Flex Taşı Metal Kesici115x3x22 mm,266.26,2026.05.20,05,0.0,0.8140547499147995,0.8140547499147995,
Taşlamalar,Meşem 115x22x40 Kum Flap Di̇sk Zimpara,167.0,2026.05.20,05,0.0,0.0,0.0,
Taşlamalar,Fixonic B.h.d Bhd00810 115mm Turbo Granit Mermer Kesici,198.81,2026.05.20,05,0.0,0.2976490767833737,0.7653319817536699,
Taşlamalar,"Fixonic B.h.d Bhd00827 115mm Soketli Elmas Testere (mermer, Granit, Seramik)",198.81,2026.05.20,05,0.0,0.2976490767833737,,
Taşlamalar,Klpro Kltm175 300 Watt 175mm Taş Motoru,3822.0,2026.05.20,05,0.0,0.0,0.0,
Taşlamalar,350 Parça Çift Makinalı Çok Fonksiyonlu Gravür Oyma Dremel Taşlama Zımpara Kesme Set,2499.0,2026.05.20,05,0.0,0.0,0.0,
Taşlamalar,Sg7115 Avuç Taşlama 750 Watt 115mm,1847.0,2026.05.20,05,0.0,0.0,-3.1463030938647085,
Taşlamalar,Professional Gws 7-115 Avuç Taşlama Makinesi - 0601388106,3198.0,2026.05.20,05,0.5660377358490566,0.5660377358490566,,
Taşlamalar,Rtrmax Rtm1120 Avuç Taşlama Makinası 1100w 125mm,2799.0,2026.05.20,05,0.0,3.694702641825383,,
Taşlamalar,Professional Gws 9-115 S Avuç Taşlama Makinesi - 0601396101,5014.0,2026.05.20,05,0.09982032341784787,2.7669604427136707,3.0626927029804727,
Taşlamalar,Aeg Ws 2200-180  Büyük Taşlama 2200 W 180 Mm - 4935428490,7254.0,2026.05.20,05,0.0,0.0,,
Taşlamalar,X-lock Metal Ve Inox İçin Kesici Taşlama Diski 125x1mm 2608619264,228.0,2026.05.20,05,0.0,,,
Taşlamalar,"- 355*25,40*3,1 Mm Eko Seri Düz Metal Kesme Diski (taş) Düz 2608602759",322.0,2026.05.20,05,0.0,0.0,,
Taşlamalar,Ocakoğlu Kemik Sıyırma Bıçağı,1386.46,2026.05.20,05,0.0,,93.36420183537419,
Taşlamalar,RTM102 AVUÇ TAŞLAMA 115 MM 750W,1614.49,2026.05.20,05,0.0,1.7084863642377088,3.3359575516683067,
Taşlamalar,Gws 18v-11 S Çift Akülü 5 Ah Taşlama Makinesi,19874.0,2026.05.20,05,0.020130850528434826,-0.05029169181251257,,
Taşlamalar,- Ekonomik Seri 9+1 Genel Yapı Malzemeleri İçin Elmas Kesme Diski 180 Mm,705.0,2026.05.20,05,0.14204545454545456,0.14204545454545456,,
Taşlamalar,Dcg407m2t-qw 18v Xr Kömürsüz Akülü Avuç Taşlama 2x4.0ah,16121.0,2026.05.20,05,0.09313299391531107,0.09313299391531107,,
Taşlamalar,"Elmas Kesme Diski 115x22,23 Mm 9+1",2132.49,2026.05.20,05,,,1016.4869109947643,
Taşlamalar,Daire Testere Bıçağı 190x30 40t Ağaç Kesme Diski,513.89,2026.05.20,05,,,,
Taşlamalar,"Elmas Kesme Disk Sfconcr 350*25,40/®20mm – 2608602544",4002.28,2026.05.20,05,,0.0,0.0,
Taşlamalar,Granit Ve Doğal Taş Elmas Kesme Diski 300 Mm 2608602602,2207.84,2026.05.20,05,0.0,0.0,0.0,
Taşlamalar,Atg 150 N Taş Motoru 170 W - A0102032,2040.0,2026.05.20,05,0.0,,,
Taşlamalar,Bosch S1211k Et Kemik Testere Bıçağı 300 Mm,656.08,2026.05.20,05,0.0,0.0,,
Taşlamalar,Topshop Th14432 Tas Menteşe Açma 60 Mm,379.52,2026.05.20,05,0.0,,0.0,
Taşlamalar,Çok Amaçlı Kabrit Disk 125 mm,683.65,2026.05.20,05,0.0,,,
Taşlamalar,"RTX2055B AKÜLÜ AVUÇ TAŞLAMA 115MM, 18V (KÖMÜRSÜZ) *AKÜSÜZ SATILMAKTADIR* RTRMAX X-LION",3157.62,2026.05.20,05,0.0,-0.3591038182391956,2.426017652611398,
Taşlamalar,RTX1862B AKÜLÜ ÇOK AMAÇLI KESİCİ (RASPALAMA) X-LION *AKÜSÜZ SATILMAKTADIR*,2584.16,2026.05.20,05,0.0,0.0,1.6001824286601642,
Taşlamalar,Gws 7-115 E Avuç Taşlama,4753.86,2026.05.20,05,0.0,0.0,1.5999145116477809,
Taşlamalar,RTM1120 TAŞLAMA MAKİNASI 1100W 115/125 MM DEVİR AYARLI  RTRMAX,2749.27,2026.05.20,05,0.0,,,
Taşlamalar,Einhell Te Ag 125/1010 Ce Qdevir Ayarlı Avuç Taşlama,3142.0,2026.05.20,05,0.03183699458771092,,,
Taşlamalar,Ga7020 Büyük Taşlama 180mm 2200w,7639.0,2026.05.20,05,0.0392875851231011,,-19.581008527213392,
Taşlamalar,Gws 18v-15 S Akülü Taşlama Solo,13377.0,2026.05.20,05,-0.9991119005328597,0.5865102639296188,-0.11200716845878135,
Taşlamalar,Dx36 1200watt 125mm Profesyonel Avuç Taşlama,4945.71,2026.05.20,05,0.0,0.0,,
Taşlamalar,Dx3090 720watt 125mm Profesyonel Avuç Taşlama + Da09052 Genel Amaçlı Elmas Kesme Diski,2531.31,2026.05.20,05,0.0,,,
Taşlamalar,Borghorst Cam Kesme Pergeli̇ Düz,3400.0,2026.05.20,05,0.0,,,
Taşlamalar,115mm Ahşap Metal Mermer Granit Seramik kesici disk Avuç Taşlama kesme Elmaslı Daire Disk Bıçak ispirel,394.0,2026.05.20,05,0.0,0.0,,
Taşlamalar,Ahşap Eğe Disk 115mm X 22mm - Ryn6120,357.0,2026.05.20,05,0.0,0.0,0.0,
Taşlamalar,Bant Ve Disk Zımpara Makinası,7999.0,2026.05.20,05,0.0,0.0,,
Taşlamalar,900w avuç taşlama makinesi 100/115mm spral taşlama slikon kordonlu sökme anahtarlı 11000 rpm,1150.0,2026.05.20,05,0.0,0.0,0.0,
Taşlamalar,Fixonic Be-welt Bhd00128 1300w 180mm 8 Kademe Devir Ayarlı Taşlama,2887.26,2026.05.20,05,0.0,,,
Taşlamalar,Pro Bakır Sargı Avuç Içi Taşlama Makinası 6 Kademeli Uzun Kuyruk Devir Ayarlı 125 Mm 2000w.,1499.0,2026.05.20,05,0.0,,,
Taşlamalar,Professional Gws 19-125 Cist Avuç Taşlama Makinesi,17055.6,2026.05.20,05,,40.89714993804212,50.49501455925173,
Taşlamalar,"Profesyonel Elektrikli 2&#039;li Set Matkap,taşlama",2699.9,2026.05.20,05,0.0,0.0,0.0,
Taşlamalar,6&#039;lı Set 21v Makas Somun Sıkma Testere Hilti Matkap Taşlama,8499.9,2026.05.20,05,0.0,,,
Taşlamalar,Bgs700 Zımpara Ve Taş Motoru - 4903303901,6750.0,2026.05.20,05,0.0,,,
Taşlamalar,"300 X 3,0 X 25,4 Metal Kesme Taşı",439.45,2026.05.20,05,0.0,0.0,0.0,
Taşlamalar,"350 X 3,5 X25,4 Metal Kesme Taşı Sabit Tezgah Için",549.45,2026.05.20,05,0.0,0.0,0.0,
Taşlamalar,"350 X 3,5 X 30 Metal Kesme Taşı Sabit Tezgah Için",559.45,2026.05.20,05,0.0,0.0,0.0,
Taşlamalar,Inox Metal Kesici Ince Taş 115 Mm 25 Adet,909.45,2026.05.20,05,0.0,0.0,,
Taşlamalar,"Karbosan 300 X 3.0 X 3,0 Metal Kesme Taşı 10 Adet",2319.25,2026.05.20,05,0.0,0.0,0.0,
Taşlamalar,"Karbosan 300 X 3.0 X 25,4 Metal Kesme Taşı 2 Adet",609.25,2026.05.20,05,0.0,0.0,0.0,
Taşlamalar,"Karbosan 300 X 3.0 X 3,0 Metal Kesme Taşı 1 Adet",429.25,2026.05.20,05,0.0,0.0,0.0,
Taşlamalar,"Karbosan 300 X 3.0 X 3,0 Metal Kesme Taşı 3 Adet",839.25,2026.05.20,05,0.0,0.0,0.0,
Taşlamalar,"Karbosan 300 X 3.0 X 25,4 Metal Kesme Taşı 5 Adet",1229.25,2026.05.20,05,0.0,0.0,0.0,
Taşlamalar,"Karbosan 300 X 3.0 X 25,4 Metal Kesme Taşı 1 Adet",409.25,2026.05.20,05,0.0,0.0,0.0,
Taşlamalar,"300 X 3,0 X 3,0 Metal Kesme Taşı",249.02,2026.05.20,05,0.0,0.0,0.0,
Taşlamalar,"Karbosan 300 X 3.0 X 25,4 Metal Kesme Taşı 10 Adet",2449.25,2026.05.20,05,0.0,0.0,,
Taşlamalar,"Karbosan 300 X 3.0 X 25,4 Metal Kesme Taşı 3 Adet",819.25,2026.05.20,05,0.0,0.0,0.0,
Taşlamalar,"Karbosan 300 X 3.0 X 3,0 Metal Kesme Taşı 5 Adet",1289.25,2026.05.20,05,0.0,0.0,,
Taşlamalar,"Karbosan 300 X 3.0 X 3,0 Metal Kesme Taşı 2 Adet",629.25,2026.05.20,05,0.0,0.0,0.0,
Taşlamalar,Xd5049a 230 Mm 850 W Avuç Taşlama (taş Motoru),3850.0,2026.05.20,05,,0.0,0.0,
Taşlamalar,Hg1050 1050w 115 Mm Avuç Taşlama,3822.0,2026.05.20,05,0.0,0.0,0.5128205128205128,
Taşlamalar,Hg500 Avuç Taşlama 500w,1646.4,2026.05.20,05,0.0,0.5128205128205183,0.5128205128205183,
Taşlamalar,Hag202 Akülü Taşlama 20v Aküsüz Model,3217.5,2026.05.20,05,0.0,0.0,0.0,
Taşlamalar,Hg2003 Büyük Taşlama 2000w 180mm,5292.0,2026.05.20,05,0.0,0.5128205128205128,0.5128205128205128,
Taşlamalar,Ag20x-115 Akülü Avuç Taşlama Kömürsüz 115mm Akü Ve Şarj Cihazı Hariç,4680.0,2026.05.20,05,,0.0,0.0,
Taşlamalar,Ag20x-125ft Akülü Taşlama Kömürsüz 125mm 1x4ah,9711.0,2026.05.20,05,0.0,0.0,0.0,
Taşlamalar,Professional Gws 18v-10 Akülü Taşlama Makinesi,26555.0,2026.05.20,05,0.0,,0.0,
Taşlamalar,Bosch S 2345 X Ahşap Tilki Kuyruğutestere Bıçağı 200 Mm,590.46,2026.05.20,05,0.0,0.0,,
Taşlamalar,C450 125mm 40kum Deliksiz Zımpara 50li - 2608621748,615.28,2026.05.20,05,0.0,,,
Taşlamalar,C450 125mm 60kum Deliksiz Zımpara 50li - 2608621749,590.43,2026.05.20,05,0.0,,,
Taşlamalar,"Expert For Metal 115*2,5 Mm Bombeli Kesme Diski - 2608600005",81.9,2026.05.20,05,0.0,0.0,,
Taşlamalar,Klpro Kltm200 350watt 200mm Taş Motoru,5999.99,2026.05.20,05,0.0,0.0,0.0,
Taşlamalar,125mm Spral Bse,1455.0,2026.05.20,05,0.0,0.0,0.0,
Taşlamalar,Procut A 180 Mm Soketli Elmas Testere,577.95,2026.05.20,05,0.0,0.0,,
Taşlamalar,Kalıpçı Taşlama Lad127 Opt 127,2248.7,2026.05.20,05,0.0,0.0,,
Taşlamalar,Egesan 115*1*22 A 60 S Bf İnox Black 25&#039;li Pkt,478.56,2026.05.20,05,0.0,,,
Taşlamalar,Klpro Kltm150 250watt 150mmtaş Motoru,4399.99,2026.05.20,05,0.0,0.0,0.0,
Taşlamalar,X-lock Sdmetal Kesmetaşi125*6mmdüz(+30%),116.0,2026.05.20,05,0.0,,,
Taşlamalar,Pws 750-115 Taşlama Makinesi - 06033a240c,3717.7,2026.05.20,05,0.0,,,
Taşlamalar,Kl Pro Klbt83180 Profesyonel Büyük Taşlama 2200 W 180 Mm,4658.32,2026.05.20,05,0.0,,,
Taşlamalar,Ennalbur 3 Parça Mini Ahşap Testere Seti,437.32,2026.05.20,05,0.0,0.0,,
Taşlamalar,Kl Pro Klat11517 1800w 125mm Avuç Içi Taşlama,4234.74,2026.05.20,05,0.0,,,
Taşlamalar,Pa 9-115 Avuç Taşlama 115mm 900w - P1ea217,2655.5,2026.05.20,05,0.0,0.0,,
Taşlamalar,Bosch S1122 Hf 225 Mm Tilki Kuyruğutestere,373.26,2026.05.20,05,0.0,,,
Taşlamalar,Pr 680 E Elektrikli Kısa Tip Kalıpçı Taşlama Devir Ayarlı 600w - P1ea249,2881.5,2026.05.20,05,0.0,,,
Taşlamalar,Knisaw 42504  B-metal Panç Seti 15 Parça,3860.31,2026.05.20,05,0.0,0.0,,
Taşlamalar,Gwx 15-125 Ps X-lock Avuç Taşlama 125 Mm 1500 W,12079.7,2026.05.20,05,0.0,,,
Taşlamalar,Gwx 13-125 S X-lock Avuç Taşlama 125mm 1300w,7345.0,2026.05.20,05,0.0,,,
Taşlamalar,Black&amp;decker Beg120 Avuç Taşlama 800w,3232.9,2026.05.20,05,0.0,,,
Taşlamalar,Dwe4559-qs Büyük Taşlama 2400w 230mm 6500 Dev/dak,13619.78,2026.05.20,05,0.0,,,
Taşlamalar,Dwp849x 1250w 150-180mm Polisaj Makinesi,13632.79,2026.05.20,05,0.0,,,
Taşlamalar,Dcg407m2t Xr Kömürsüz Akülü Avuç Taşlama 18v 4 . 0ah,21812.22,2026.05.20,05,0.0,,0.0,
Taşlamalar,Pst 905 E Akülü Avuç Taşlama 20 V 5 . 0 Ah,13675.94,2026.05.20,05,0.0,,,
Taşlamalar,- Dwe4056 - 800w 115mm Avuç Taşlama Makinesi,7585.28,2026.05.20,05,0.0,,0.0,
Taşlamalar,Dcg412nt Aküsüz Avuç Taşlama Makinesi 18v 125mm,11410.94,2026.05.20,05,0.0,,,
Taşlamalar,Pa 915 E Elektronik Hız Avuç Taşlama 115 Mm - 900 W,3684.35,2026.05.20,05,0.0,,,
Taşlamalar,Gd0601 Kalıpçı Taşlama 400 W,6048.9,2026.05.20,05,0.0,,0.0,
Taşlamalar,Pr 690 E Kalıpçı Taşlama Uzun Tip,4211.01,2026.05.20,05,0.0,,,
Taşlamalar,Pa 24-180 Jet Taşlama Makinesi 180 Mm - 2400 W,7116.53,2026.05.20,05,0.0,,,
Taşlamalar,Pa 715 E Elektronik Hız Avuç Taşlama 115 Mm - 750 W,3064.94,2026.05.20,05,0.0,,,
Taşlamalar,Metal (nk) Sabi̇t Tezgah Kesme Di̇skleri̇ 350x3.5x25.4 Mm,365.0,2026.05.20,05,0.0,0.0,0.0,
Taşlamalar,İnterflex İnox Metal Kesici Taş Disk 115x1.0x22.23 Mm (10 Adet),340.0,2026.05.20,05,0.0,0.0,0.0,
Taşlamalar,İnterflex İnox Metal Kesici Taş Disk 115x1.0x22.23 Mm (50 Adet),1250.0,2026.05.20,05,0.0,0.0,0.0,
Taşlamalar,İnterflex İnox Metal Kesici Taş Disk 115x1.0x22.23 Mm,115.0,2026.05.20,05,0.0,0.0,0.0,
Taşlamalar,9557hnrgx Avuç Taşlama Makinası Spiral Makinesi 840w,6750.0,2026.05.20,05,0.0,,0.0,
Taşlamalar,Zr Flap Disk Zımpara 115mm 80 Kum - 10lu Paket,675.0,2026.05.20,05,0.0,0.0,0.0,
Taşlamalar,Gws 750s Avuç Taşlama,4250.0,2026.05.20,05,,0.0,0.0,
Taşlamalar,Black&amp;decker Beg110 750watt 115mm Avuç Taşlama,2500.0,2026.05.20,05,0.0,0.0,0.0,
Taşlamalar,Metal Kesi̇ci̇ 230mm,145.0,2026.05.20,05,0.0,0.0,0.0,
Taşlamalar,Klpro 1100watt 125mm Elektri̇kli̇ Devi̇r Ayarli Profesyonel Avuç Taşlama (klat11511),2929.55,2026.05.20,05,0.0,0.0,,
Taşlamalar,"180*3,0 Mm Expert For Inox Düz",110.5,2026.05.20,05,0.0,,0.0,
Taşlamalar,Te-ag 115 720 W Avuç Taşlama – 4430850,2290.0,2026.05.20,05,0.0,,,
Taşlamalar,"- 230*8,0 Mm Expert Serisi Bombeli Metal Taşlama Diski (taş)",241.5,2026.05.20,05,0.0,,0.0,
Taşlamalar,Karbosan Metal Kesme Taşı 115 Mm Karbosan,97.5,2026.05.20,05,0.0,0.0,0.0,
Taşlamalar,Sapli Mop 25*15 İnterflex,125.0,2026.05.20,05,0.0,0.0,0.0,
Taşlamalar,"Te-ag 125/750 Kit, Avuç Taşlama - 4430885",4275.69,2026.05.20,05,0.0,0.0,0.0,
Taşlamalar,Dwe4156 Avuç Taşlama Makinası 115mm 900 Watt,5200.0,2026.05.20,05,0.0,,,
Taşlamalar,Elmas Kesme Disk Sfconcr 400x25.40/20mm,4436.66,2026.05.20,05,0.0,,,
Taşlamalar,Ga 7060 Taşlama 2200 Watt 180mm,9500.0,2026.05.20,05,0.0,0.0,0.0,
Taşlamalar,300 Mm Beton Elmas Kesme Diski Standart 2608602543,3091.64,2026.05.20,05,,,0.0,
Taşlamalar,Ga9020 2200 Watt 230 Mm Büyük Taşlama,8999.0,2026.05.20,05,,,0.0,
Taşlamalar,Procut St 115 Mm Süper Turbo Elmas Testere,476.38,2026.05.20,05,0.0,,,
Taşlamalar,Arj 115 Mm Zincirli Ahşap Testeresi,390.45,2026.05.20,05,0.0,,,
Taşlamalar,Einhell Tc Mg 250 Ce Raspalama Makinası 250 Watt,3475.7,2026.05.20,05,0.0,,0.0,
Taşlamalar,Procut Ck 125 Mm Çapaksız Kesim Turbo Elmas Testere,734.19,2026.05.20,05,0.0,,0.0,
Taşlamalar,Procut A 115 Mm Soketli Elmas Testere,337.33,2026.05.20,05,0.0,,,
Taşlamalar,Procut St 230 Mm Süper Turbo Elmas Testere,1106.46,2026.05.20,05,0.0,,,
Taşlamalar,Procut Ck 115 Mm Çapaksız Kesim Turbo Elmas Testere,743.57,2026.05.20,05,0.0,,,
Taşlamalar,Procut Ck 180 Mm Çapaksız Kesim Turbo Elmas Testere,1591.07,2026.05.20,05,0.0,,0.0,
Taşlamalar,Procut 51185 Turbo Serisi Yüzey Temizleme 115 Mm,2975.69,2026.05.20,05,0.0,,0.0,
Taşlamalar,Procut St 180 Mm Süper Turbo Elmas Testere,912.61,2026.05.20,05,0.0,,,
Taşlamalar,Procut Tk 180 Mm Turbo Kanallı Elmas Testere,806.08,2026.05.20,05,0.0,,,
Taşlamalar,Knisaw 42503  B-metal Panç Seti 13 Parça,3672.61,2026.05.20,05,0.0,,0.0,
Taşlamalar,Procut Tk 115 Mm Turbo Kanallı Elmas Testere,343.58,2026.05.20,05,0.0,,,
Taşlamalar,Procut 50954 Dtf 115 M14 Elmas Flanşlı Kesme Taşlama,1174.15,2026.05.20,05,0.0,,0.0,
Taşlamalar,Procut Ab 180 Mm Turbo Kanallı Elmas Testere,695.14,2026.05.20,05,0.0,,,
Taşlamalar,Procut 51187 Turbo Serisi Yüzey Temizleme 180 Mm,4937.22,2026.05.20,05,0.0,,0.0,
Taşlamalar,Elta 5011 Iskarpela 26 Mm,971.08,2026.05.20,05,0.0,0.0,,
Taşlamalar,Procut A 230 Mm Soketli Elmas Testere,906.46,2026.05.20,05,0.0,0.0,,
Taşlamalar,Eral Ppca 42 Otomatik Boru Kesme Makası 16-42 Mm,784.2,2026.05.20,05,0.0,0.0,0.0,
Taşlamalar,Baytec Mk0286-20 Elmas Taşlama Silme Diski 115 Mm,554.51,2026.05.20,05,0.0,0.0,0.0,
Taşlamalar,Procut 51157 A 350 Asfalt Kesme Elmas Testere 35 Cm,6560.31,2026.05.20,05,0.0,0.0,0.0,
Taşlamalar,Makita M9000b 180 Mm Büyük Taşlama 2000 Watt,9838.76,2026.05.20,05,0.0,,0.0,
Taşlamalar,Bosch S 1122 Bf Metal Kesme Panter Testere Bıçağı,410.76,2026.05.20,05,0.0,,,
Taşlamalar,Elta 5011 Iskarpela 18 Mm,714.13,2026.05.20,05,0.0,,0.0,
Taşlamalar,Sakata Wd 1007 Ahşap Oyma Seti 6 Parça,392.01,2026.05.20,05,0.0,,0.0,
Taşlamalar,Bosch 180 Mm Taşlama Muhafaza Siperi 0 605 510 297,1098.78,2026.05.20,05,0.0,,0.0,
Taşlamalar,Topshop 14405 İki Ağızlı Freze Kanal Açma Bıçağı 8x10x25 Mm,198.13,2026.05.20,05,0.0,,0.0,
Taşlamalar,Topshop Th14433 Tas Menteşe Açma 65 Mm,510.77,2026.05.20,05,,,0.0,
Taşlamalar,Elta 5011 Iskarpela 30 Mm,1024.62,2026.05.20,05,,,0.0,
Taşlamalar,Topshop Th14430 Tas Menteşe Açma 45 Mm,304.52,2026.05.20,05,,0.0,0.0,
Taşlamalar,İngco Hkns28035 Maket Bıçağı 18 Mm,413.89,2026.05.20,05,,,,
Taşlamalar,Topshop 03067 152 Mm Alçıpan Testeresi,363.88,2026.05.20,05,,0.0,0.0,
Taşlamalar,Cat Power 6109 Avuç Taşlama 125 Mm 850 Watt,3089.54,2026.05.20,05,,0.0,0.0,
Taşlamalar,Promax 71004 Taşlama Motoru 175 Mm,3578.77,2026.05.20,05,,0.0,0.0,
Taşlamalar,Ocakoğlu Yüzme Bıçağı,1275.69,2026.05.20,05,,,77.91553931550028,
Taşlamalar,İzeltaş 6207 Alüminyum Ve Sac Kesme Makası Sol,1506.46,2026.05.20,05,,0.0,0.0,
Taşlamalar,"Cat Power 4232 Akülü Taşlama 4,0 Ah Tek Akülü",9398.77,2026.05.20,05,,0.0,0.0,
Taşlamalar,Topshop Th14431 Tas Menteşe Açma 50 Mm,335.76,2026.05.20,05,,0.0,,
Taşlamalar,Knicut Mb52215 Plastik Maket Bıçağı,169.26,2026.05.20,05,,0.0,0.0,
Taşlamalar,Ocakoğlu Paslanmaz Bıçak No:2,1386.46,2026.05.20,05,,,,
Testereler,Rtrmax Rtm6230 Üstten Tablali 2000 Watt 5500d/dk Gönye Testere,13978.0,2026.05.20,05,0.0,0.0,-3.510497668527008,
Testereler,Gönye Kesme Makinesi 1400 W 210 mm,4199.0,2026.05.20,05,0.0,0.0,0.0,
Testereler,Kızaklı Gönye Kesme Makinesi 1500 W 210 mm,6199.0,2026.05.20,05,0.0,0.0,0.0,
Testereler,MTSP800B Tezgah Üstü Testere 800 W,3599.0,2026.05.20,05,0.0,0.0,2.857959416976279,
Testereler,Şerit Testere Tezgahı 230 mm 350 W,8999.0,2026.05.20,05,0.0,0.0,0.0,
Testereler,Mag Gönyeli Testere 350mm,534.9,2026.05.20,05,0.0,-15.081759009366566,-15.081759009366566,
Testereler,Mag Gönye Testere Seti 300 mm,814.9,2026.05.20,05,0.0,-15.105740181268882,-15.105740181268882,
Testereler,Gönyeli Testere 400 mm,294.9,2026.05.20,05,0.0,-10.609275538041832,-10.609275538041832,
Testereler,Elmas Kesme Bıçağı 85 mm,419.9,2026.05.20,05,0.0,0.0,0.0,
Testereler,EMIS254C Gönye Kesme Makinesi 1800W 254 mm,9999.0,2026.05.20,05,0.0,0.0,0.0,
Testereler,ETS2000 Ayaklı Tezgah Üstü Testere 2000 W,12129.0,2026.05.20,05,0.0,0.0,0.0,
Testereler,Gts 254 Tezgah Üstü Testere,16299.0,2026.05.20,05,0.0,0.0,0.0,
Testereler,Profesyonel Profil Kesme SSC22,10413.0,2026.05.20,05,0.038428283216447305,0.038428283216447305,3.818544366899302,
Testereler,Dwe7492 2000watt 250mm Profesyonel Tezgâh Tipi Testere,36836.0,2026.05.20,05,0.07607041947402739,-1.4948522529749966,-1.3814521310773185,
Testereler,ST SST1800W Tezgah Üstü Testere 1800 Watt,18392.0,2026.05.20,05,0.03807451726951319,0.03807451726951319,3.7454873646209386,
Testereler,SM18 Gönye Kesme Makinası 1800 W 254 mm,16507.0,2026.05.20,05,0.036361432640446036,-0.5242858864649874,1.781970649895178,
Testereler,Gönye Kesme Makinesi 216 mm,22006.0,2026.05.20,05,1.7195155773319772,2.296392711044998,2.587291967740432,
Testereler,Gcm 216 Gönye Kesme,14417.0,2026.05.20,05,-1.0636837771067802,2.4225632281898264,2.707131153380352,
Testereler,Profil Kesme GCO 14-24 J,13083.0,2026.05.20,05,0.09180628873077806,2.426994441399828,2.7164952500588835,
Testereler,Gönye Kesme Makinesi 305 mm GTM12JL,39884.0,2026.05.20,05,0.0,0.0,0.0,
Testereler,Tezgah Tipi Testere GTS 635-216 + GTA 560,29999.0,2026.05.20,05,0.0,0.0,15.407401708086482,
Testereler,"TC-SM 216, Pistonlu Gönye Testere",10420.9,2026.05.20,05,0.0,0.0,0.0,
Testereler,Gönye Testere 1650 W DW714,17499.0,2026.05.20,05,0.0,0.0,0.0,
Testereler,Açılı Kesme Ve Taşlama Standı 115/125mm Avuç Taşlama Sehpası Tezgahı Mengeneli Kayar Mil Kızaklı stand mengeneli,2340.0,2026.05.20,05,0.0,0.0,0.0,
Testereler,Dm500t Ahşap Torna Tezgahı - 5902307901,15196.0,2026.05.20,05,0.0,0.0,-6.491332787722524,
Testereler,"Expert Te-ts 10 T, Tezgah Testere",24500.0,2026.05.20,05,0.0,-6.741273647748468,-6.741273647748468,
Testereler,RTM622 ÜSTTEN TABLALI GÖNYE TESTERE MAKİNESİ 1200W 210MM,9423.59,2026.05.20,05,0.0,0.0,1.5999672243910867,
Testereler,Gcd 12 Jl Metal Kesme Testeresi,24555.0,2026.05.20,05,0.08559550012227929,0.08559550012227929,2.2869282679330167,
Testereler,Disk Altı,149.9,2026.05.20,05,0.0,0.0,0.0,
Testereler,Gtm 12 Jl Gönye Kesme Makinası 1800 W 305mm,38932.49,2026.05.20,05,0.0,0.0,0.0,
Testereler,Hm216 Gönye Kesme Makinesi 216 Mm 2000w - 5901215903,9330.8,2026.05.20,05,0.0,0.0,2.5137332454405548,
Testereler,Rtrmax Rtm6280 Tezgah Testere 2000 Watt 255mm 5300rpm,12706.33,2026.05.20,05,0.0,0.0,1.6000025587247346,
Testereler,Tezgah Testere TC-TS 200,14688.7,2026.05.20,05,0.0,0.0,0.0,
Testereler,Beton Kesme Diski,1841.0,2026.05.20,05,31.5939957112223,31.5939957112223,31.5939957112223,
Testereler,Cırtlı Disk Altı 180 mm CDA 431,629.9,2026.05.20,05,0.0,0.0,0.0,
Testereler,Gönye Testere TC-MS-2513 L,11899.0,2026.05.20,05,0.0,0.0,0.0,
Testereler,Dwe7492-qs 2000w 250mm Tezgah Testere,49499.0,2026.05.20,05,0.0,0.0,0.0,
Testereler,"TC-MS 216, Gönye Testere",8299.0,2026.05.20,05,0.0,0.0,16.772196426058816,
Testereler,"Expert Te-ms 254 T, Tablali Göny",22199.0,2026.05.20,05,0.0,0.0,0.0,
Testereler,Lh1040 Gönye Kesme Tezgahı Üst Tablalı,29275.0,2026.05.20,05,0.08547008547008547,0.3702814824973429,0.542638321255624,
Testereler,Pr 250 Tm 250 Mm  2000 W Sehpali Tezgat Testere Maki̇nasi,15963.0,2026.05.20,05,0.0,0.0,,
Testereler,Rtms1800 Tablalı Gönye Kesme Makinesi 254 Mm 1800w - 5133002152,25153.2,2026.05.20,05,0.0,0.0,0.0,
Testereler,Dx5180set 2400watt 355mm Profesyonel Profil Kesme + Dx3090 720watt 125mm Profesyonel Avuç Taşlama,11719.19,2026.05.20,05,0.0,0.0,0.0,
Testereler,Tc-ts 2025/2 U Eco Tezgah Testere 1800w - 4340490,14928.0,2026.05.20,05,0.0,0.0,0.0,
Testereler,RTM624 ÜSTTEN TABLALI GÖNYE TESTERE MAKİNESİ 2000W 305MM,18569.0,2026.05.20,05,0.0,0.0,-0.6724362132389277,
Testereler,Rtrmax Rtm6220 Gönye Kesme Üstten Tabla 1200w,9423.59,2026.05.20,05,0.0,0.0,1.5999672243910867,
Testereler,RTM623 ÜSTTEN TABLALI GÖNYE TESTERE MAKİNASI 1800W  250MM  RTRMAX,14449.0,2026.05.20,05,0.0,0.0,-0.259205953108223,
Testereler,Klpro Klgk255 2000w 255mm Üstten Tablalı Gönye Kesme Makinesi,15884.76,2026.05.20,05,,0.0,1.5999759507912228,
Testereler,Klpro 2000w 254mm Tezgah Testere Klttg250,14402.08,2026.05.20,05,0.0,0.0,1.599968395686006,
Testereler,Rtrmax Rtm6250 Radyal Gönye Testere 2000 Watt 4500d/dk,12016.58,2026.05.20,05,0.0,0.0,1.7000247974941904,
Testereler,Rtrmax Rtm6240 Üstten Tablali Yatarli 2000 Watt 4.200 Devi̇r 305x30x40t Gönye Testere,17982.18,2026.05.20,05,0.0,0.0,1.5999773998531006,
Testereler,Rtrmax Rtm624 Tablalı Gönye Kesme Mak. 2000w 305mm,18993.83,2026.05.20,05,0.0,0.0,1.6000248198554705,
Testereler,Gcm 305-216 D Gönye Kesme,20663.0,2026.05.20,05,0.03388845855925639,-0.03870156257558899,1.63297427573656,
Testereler,Professional Gta 2600 Gönye Kesme Sehpası,12356.0,2026.05.20,05,0.0,0.0,0.0,
Testereler,Hm140l Elektrikli Gönye Testeresi 305 Mm - 5901218901,19250.0,2026.05.20,05,0.0,11.64598074469319,23.113328216935276,
Testereler,Lieber German Maxstar Serii 1700 Watt 210mm Bakır Sargılı Kızaklı Açılı Gönye Kesme Makinesi,8999.0,2026.05.20,05,0.0,0.0,0.0,
Testereler,Gönye Kesme Maki̇nesi̇ 1.800 W- 305 Mm,20750.0,2026.05.20,05,0.0,0.0,0.0,
Testereler,Bordo Gönye Kesme Maki̇nesi̇ 1.200 W- 250 Mm,10400.0,2026.05.20,05,0.0,0.0,0.0,
Testereler,Jig-zb-355c-2 Bordo Profi̇l Kesme Maki̇nesi̇,7700.0,2026.05.20,05,0.0,0.0,0.0,
Testereler,Elta 5891260830 300 Mm Elta Testere Kolu,793.25,2026.05.20,05,0.0,0.0,0.0,
Testereler,Kl Pro Klef1205 1800 Watt Profesyonel El Frezesi,6035.56,2026.05.20,05,0.0,0.0,1.6000309737716152,
Testereler,Kl Pro Klct622p 12-22mm Profesyonel Havalı Çivi Çakma Tabancası,3599.37,2026.05.20,05,0.0,0.0,1.5999141895000644,
Testereler,Avuç Taşlama Dt01ag,11194.0,2026.05.20,05,0.0,0.0,0.0,
Testereler,Zb-255a Tezgah Testere 2000 Watt,13522.62,2026.05.20,05,0.0,0.0,0.0,
Testereler,Tc-sb 200/1 Şerit Testere - 4308018,15675.69,2026.05.20,05,0.0,0.0,0.0,
Testereler,Profesyonel Tezgahli Testere Maki̇nasi,14499.99,2026.05.20,05,0.0,0.0,0.0,
Testereler,Hm 80l Lazerli Gönye Kesme,8321.85,2026.05.20,05,0.0,0.0,0.0,
Testereler,Klpro 2000 Watt Lazerli Gönye Kesme Makinası Klgk1247,19591.46,2026.05.20,05,0.0,0.0,1.6000161801137007,
Testereler,Klpro 2000w 305mm Tablali Gönye Kesme Maki̇nasi Klgk305,21249.0,2026.05.20,05,0.0,0.0,-2.9135972593388892,
Testereler,Kleco Gönye Kesme Maknasi Ke255gk,8835.69,2026.05.20,05,0.0,0.0,1.5999448056988261,
Testereler,Rtrmax Rtm622 Gönye Kesme Üstten Tabla 1200w 210mm,9449.0,2026.05.20,05,0.0,0.0,1.304772013337201,
Testereler,RTM629 RADYAL GÖNYE TESTERE MAKİNESİ 1800W 255MM,13967.36,2026.05.20,05,0.0,0.0,1.700029416304798,
Testereler,RTM636 ÜSTTEN TABLALI YATARLI GÖNYE KESME MAKİNESİ 1100W 300MM İNDÜKSİYON MOTOR,25822.01,2026.05.20,05,0.0,0.0,1.7000146118390533,
Testereler,Rtrmax Rtm6220 ÜSTTEN TABLALI 1200 WATT5300D/DK GÖNYE TESTERE,9423.59,2026.05.20,05,0.0,0.0,1.5999672243910867,
Testereler,Rtrmax Rtm623 Gönye Kesme Üstten Tablalı 1800w,14326.49,2026.05.20,05,0.0,0.0,1.599971065635624,
Testereler,Rtrmax Rtm6255 Radyal Gönye Testere 1800 Watt 3800d/dk,16558.93,2026.05.20,05,0.0,0.0,1.5999965640293163,
Testereler,Profesyonel Gcm 18v-216 D Akülü Gönye Kesme Makinesi (akü Hariç) 0601b51000,22799.0,2026.05.20,05,2.2560100466451383,2.981164460906093,2.3524130190796857,
Testereler,Te-sm 8 L Dual  Pistonlu Gönye Testere - 4300866,12375.0,2026.05.20,05,0.01616422856219187,-3.711484593837535,-2.819224124391393,
Testereler,Professional Gcm 12 Gdl Gönye Kesme Makinesi - 0601b23600,50759.0,2026.05.20,05,0.9988658296356726,1.5748819338829747,1.8643387517559704,
Testereler,Professional Gcm 12 Sde Gönye Kesme Makinesi - 0601b23100,52925.0,2026.05.20,05,0.9980535094080379,1.5756947643175188,1.8650396489337133,
Testereler,Kress Kh483.9 40volt 1400w 254mm Kömürsüz Kızaklı Bluetooth Bağlantılı Profesyonel Gönye Kesme (akü Dahil Değildir),31075.5,2026.05.20,05,0.0,0.0,0.0,
Testereler,Dx5180 2400watt 355mm Profesyonel Profil Kesme,11172.22,2026.05.20,05,0.0,0.0,0.0,
Testereler,Deco-xls Pedallı Tezgah Tipi Testere - 5901407901,11240.4,2026.05.20,05,,7.173913043478257,7.173913043478257,
Testereler,Klpro Tezgah Testere Ayaği Klttga (klttg250 Için),1203.0,2026.05.20,05,,0.0,0.0,
Testereler,Umf2000 Universal Gönye Kesme Sehpası - 5907102900,7056.0,2026.05.20,05,,0.0,0.0,
Testereler,Ge-lc 36/35 Li Solo Zincirli Ağaç Kesme,10499.0,2026.05.20,05,,0.0,0.0,
Testereler,Jig-zb-355g-2 Bordo Elmas Uçlu Profi̇l Kesme Maki̇nasi,20050.0,2026.05.20,05,,0.0,0.0,
Testereler,Elektrikli Araç Şarj İstasyonu Ayak Standı,7637.14,2026.05.20,05,,0.0,0.0,
Testereler,Hs210 Masa Testere 210 Mm 1500 W - 5901327901,9300.0,2026.05.20,05,,0.0,0.0,
Testereler,Umf1550 Universal Gönye Kesme Sehpası - 5907107900,4878.0,2026.05.20,05,,0.0,0.0,
Testereler,Gönye Kesme Maki̇nasi 1.400 W- 200 Mm,7800.0,2026.05.20,05,,0.0,0.0,
Testereler,Umf1600 Universal Gönye Kesme Sehpası - 5907103900,6310.75,2026.05.20,05,,0.0,0.0,
Testereler,Lh1201fl Gönye Kesme Makinesi 1650 W (üst Tablalılazerli),55999.0,2026.05.20,05,,0.0,,
Testereler,Tc-sm 254 Pistonlu Gönye Kesme Makinesi Kırmızı,20798.7,2026.05.20,05,0.0,0.0,0.0,
Testereler,Tc-sm 2531/2 U Gönye Kesme Makinesi Kırmızı,20530.0,2026.05.20,05,0.0,0.0,0.0,
Testereler,Radyal Gönye Kesme Testeresi̇ 255mm Ts421825517,16969.0,2026.05.20,05,0.0,0.0,0.0,
Testereler,Demir Profil Kesme,4500.0,2026.05.20,05,0.0,0.0,0.0,
Testereler,Profil Kesme Kafa Koparma Gönye Demir Kesme 3000 W 355 Lık Bıçak Çapı,4500.0,2026.05.20,05,0.0,0.0,0.0,
Testereler,Gk305 Dbl Çift Yatarlı Gönye Kesme 305 Mm 1800 W - A0701023,18469.6,2026.05.20,05,0.0,0.0,0.0,
Testereler,Tc-sm 2534 Dual Pistonlu Gönye Testere,25998.7,2026.05.20,05,0.0,0.0,0.0,
Testereler,Tc-ts 210 Tezgah Daire Testere,29118.7,2026.05.20,05,0.0,0.0,0.0,
Testereler,Tc-sm 2531/1 U Pistonlu Gönye Kesme,25998.7,2026.05.20,05,0.0,0.0,0.0,
Testereler,Mss 1610 Gönye Kesme Ve Testere Çalışma Tezgah Stantı,15598.7,2026.05.20,05,0.0,0.0,0.0,
Testereler,G6f250 Üstten Tablalı Gönye Kesme Makinası 1600 Watt 250mm,12468.0,2026.05.20,05,0.0,,0.0,
Testereler,Mls100 Gönye Kesme Tezgahı,25695.24,2026.05.20,05,0.0,0.0,0.7695988077963904,
Testereler,Professional Fsn Wan - Açılı Mesnet,8540.0,2026.05.20,05,0.0,0.0,0.0,
Testereler,Te-ts 2025 Uf Tezgah Testere,51998.7,2026.05.20,05,0.0,0.0,0.0,
Testereler,Te-sm 36/210 Li Solo Akülü Kayar Pistonlu Gönye Kesme,23138.7,2026.05.20,05,0.0,0.0,0.0,
Testereler,"Te-sm 2534 Dual, Pistonlu Gönye Testere - 4300870",25998.7,2026.05.20,05,0.0,0.0,0.0,
Testereler,Tc-ms 3017 T Tablalı Gönye Testere,32498.7,2026.05.20,05,0.0,0.0,0.0,
Testereler,Gms 305f Gönye Kesme Makinası,17220.0,2026.05.20,05,0.0,0.0,0.0,
Testereler,TC-TS 254 U Tezgah Testere,25998.7,2026.05.20,05,0.0,0.0,0.0,
Testereler,Aeg Ps 254 L 254 Mm Radyal Gönye Kesme Makinesi 1800 W,29232.0,2026.05.20,05,0.0,0.0,0.0,
Testereler,Kızaklı Gönye Kesme Makinesi 255 Mm 2000 Watt,14520.0,2026.05.20,05,0.0,0.0,0.0,
Testereler,Flap Disk NK 40 Kum 115x22 mm,229.71,2026.05.20,05,,0.0,0.0,
Testereler,Eco Tezgah Testere ETC-TS 254,25998.7,2026.05.20,05,,0.0,0.0,
Testereler,Professional Gts 635-216 Tezgah Tipi Gönye Testere,27719.99,2026.05.20,05,0.0,0.0,0.0,
Testereler,Professional Gta 60 W Gönye Kesme Sehpası,21995.0,2026.05.20,05,0.0,0.0,0.0,
Testereler,Hais Kızaklı Gönye Kesme Makinesi 255 Mm 2000 Watt,14520.0,2026.05.20,05,0.0,0.0,0.0,
Testereler,Lh1201fl 1600 Watt 305 Mm Üstten Tablalı Lazer Hizalamalı Gönye Kesme Makinası,56900.0,2026.05.20,05,0.0,0.0,,
Testereler,Ls1219l Radyal Lazerli Çift Sürgülü 305 Mm Gönye Kesme Testere,88900.0,2026.05.20,05,0.0,4.588235294117647,,
Testereler,Lb1200f Şerit Testere Tezgahı,77998.7,2026.05.20,05,0.0,0.0,0.0,
Testereler,Lh1040 1650 Watt 260 Mm Üstten Tablalı Gönye Kesme Makinası,39500.0,2026.05.20,05,0.0,0.0,,
Testereler,Gönye Kesme Makinesi,6849.0,2026.05.20,05,0.0,0.0,0.0,
Testereler,G6t210 Lazerli Gönye Kesme Makinesi 48 Diş 210 Mm 1200 W - A0701006,5690.9,2026.05.20,05,0.0,0.0,0.0,
Testereler,Hs105 Yatar Tezgah Testere 255 Mm 2000 W - 5901324901,21708.0,2026.05.20,05,0.0,0.0,0.0,
Testereler,Hf60 Tezgah Freze 1500w - 5902106901,23107.2,2026.05.20,05,0.0,0.0,-1.259721391334071,
Testereler,Hm210l Gönye Kesme Makinesi 210 Mm 1500w - 5901226901,6057.2,2026.05.20,05,0.0,0.0,-0.33483887421741265,
Testereler,Basa 3 Şerit Testere  300 W - 1901503901,41112.0,2026.05.20,05,0.0,0.0,-0.6380510440835266,
Testereler,Flex Sbg 4910 850w Elektronik Şerit Testere Metal Kesme,39464.56,2026.05.20,05,0.0,-0.6432517977062472,0.09168515798632046,
Testereler,Klpro Klttga Klttg250 Model Tezgah Testere Makinesinin Ayağı,1308.2,2026.05.20,05,0.0,0.2974730127576139,0.7617595181428242,
Testereler,Gcm 18v 254 D Akülü Gönye Kesme Makinesi (akü Hariç) 0601b51100,35969.0,2026.05.20,05,0.0,0.0,0.0,
Testereler,Hais Mj14 Şerit Testere Makinası,65000.0,2026.05.20,05,,,,
Testereler,Professional Gts 10 Xc Tezgah Tipi Daire Testere - 0601b30400,85000.0,2026.05.20,05,0.0,0.0,0.0,
Testereler,MSTS1500 Tezgah Üstü Testere 1500 W 254 mm,7999.0,2026.05.20,05,0.0,0.0,0.0,
Testereler,5 li Fiber Disk,49.99,2026.05.20,05,0.0,0.0,0.0,
Testereler,"Tc-ms 3017 T, Tablali Gönye Kesm",23699.0,2026.05.20,05,0.0,0.0,0.0,
Testereler,TE-MS 18/210 Li Solo Akülü Gönye Testere,8499.0,2026.05.20,05,0.0,0.0,0.0,
Testereler,Dw872-qs 355mm Profil Kesme Makinesi,31999.0,2026.05.20,05,0.0,0.0,0.0,
Testereler,"Tc-ts 2225 U, Tezgah Testere",14299.0,2026.05.20,05,0.0,0.0,0.0,
Zımpara ve Polisaj,Tilki Kuyruğu 850 watt,1599.0,2026.05.20,05,0.0,0.0,0.0,
Zımpara ve Polisaj,MSCS1500 Daire Testere 1500 w,2429.0,2026.05.20,05,0.0,-10.003705075954057,-10.003705075954057,
Zımpara ve Polisaj,600 W Çok Fonksiyonlu Pandullü Dekupaj Testere,1649.0,2026.05.20,05,0.0,-13.164823591363875,-13.164823591363875,
Zımpara ve Polisaj,Tilki Kuyruğu Testere DWE305PK-QS 1100W,12499.0,2026.05.20,05,0.0,0.0,0.0,
Zımpara ve Polisaj,Tilki Kuyruğu GSA 1300 PCE,11900.0,2026.05.20,05,0.0,5.319054783609169,5.319054783609169,
Zımpara ve Polisaj,MSMT300QC Çok Amaçlı Alet 300 W,2449.0,2026.05.20,05,0.0,0.0,0.0,
Zımpara ve Polisaj,PSA 700 E Tilki Kuyruğu Testere,4799.0,2026.05.20,05,0.0,0.0,0.0,
Zımpara ve Polisaj,Pandullü 350W Dekupaj Testere,849.9,2026.05.20,05,0.0,0.0,0.0,
Zımpara ve Polisaj,Tilki Kuyruğu 900 W STPT0900,4894.0,2026.05.20,05,0.020437359493153485,0.24580090126997134,0.5134524543027316,
Zımpara ve Polisaj,5&#039;li Paslanmaz Kemik Tilki Kuyruğu Bıçağı S 1211 K,1750.0,2026.05.20,05,12.179487179487179,12.179487179487179,16.744496330887255,
Zımpara ve Polisaj,Metal Panter Testere Ucu S1122BF,429.9,2026.05.20,05,0.0,0.0,0.0,
Zımpara ve Polisaj,Gop 30-28 Salinim Hareketli Makine,8499.0,2026.05.20,05,0.0,0.0,0.0,
Zımpara ve Polisaj,Üçlü Ahşap Seti,1259.0,2026.05.20,05,0.0,0.0,0.0,
Zımpara ve Polisaj,Ahşap Panter Testere Ucu S 1131 L HCS,699.9,2026.05.20,05,0.0,0.0,0.0,
Zımpara ve Polisaj,Te-ap 750 E Elek Tilki Kuyruğu,3499.0,2026.05.20,05,0.0,0.0,,
Zımpara ve Polisaj,Ahşap Panter Testere Ucu S1111DF,429.9,2026.05.20,05,0.0,0.0,0.0,
Zımpara ve Polisaj,Daire Testere V2018V 165mm SFMCS500B,6799.0,2026.05.20,05,0.0,0.0,0.0,
Zımpara ve Polisaj,Gsa 185-Lı Solo Panter Testere,10299.0,2026.05.20,05,0.0,7.197613528611534,7.197613528611534,
Zımpara ve Polisaj,Çok Amaçlı Alet Seti 23 Parça,579.9,2026.05.20,05,0.0,0.0,0.0,
Zımpara ve Polisaj,CS1250L Daire Testere 1250W 190mm,3999.0,2026.05.20,05,0.0,0.0,11.114198388441233,
Zımpara ve Polisaj,Çok Amaçlı Alet Seti PMF 220CE,5379.0,2026.05.20,05,0.0,0.0,0.0,
Zımpara ve Polisaj,Profesyonel Elektrikli Daire Testere GKS 190 1400 W,6299.0,2026.05.20,05,0.0,0.0,0.0,
Zımpara ve Polisaj,Dt2294-qz 10prç Ahşap Metal Kesme,1099.0,2026.05.20,05,0.0,0.0,0.0,
Zımpara ve Polisaj,MSMT300 Çok Amaçlı Alet 300 W,2299.0,2026.05.20,05,0.0,0.0,0.0,
Zımpara ve Polisaj,Çok Amaçlı Uç Seti 15 Parça,1679.0,2026.05.20,05,0.0,0.0,0.0,
Zımpara ve Polisaj,Moto-Saw MS20-1/5 Dekupaj Testere,7299.0,2026.05.20,05,0.0,0.0,0.0,
Zımpara ve Polisaj,PCS1200C 1200W Daire Testere 160mm,1999.0,2026.05.20,05,0.0,0.0,0.0,
Zımpara ve Polisaj,"TC-JS 18 Li (1x2,5 Ah), Akülü Dekupaj Testere",5899.0,2026.05.20,05,0.0,0.0,0.0,
Zımpara ve Polisaj,Dekupaj Testere 550W KS801SE,3199.0,2026.05.20,05,0.0,0.0,0.0,
Zımpara ve Polisaj,"TC-CS 1250, Daire Testere",3599.0,2026.05.20,05,0.0,0.0,12.503907471084712,
Zımpara ve Polisaj,- Tilki Kuyruğu Bıçağı S 1211 K -1 Buz Ve Kemik Kesme 1&#039;li Paket,489.0,2026.05.20,05,0.0,0.0,0.0,
Zımpara ve Polisaj,"Expert Metal İçin Daire Testere Bıçağı – 305*25,4*2,6 Mm 60 Diş – 2608643060",3492.0,2026.05.20,05,4.207699194270368,3.039244614930658,3.344184670020716,
Zımpara ve Polisaj,- Tilki Kuyruğu Bıçağı S 1211 K -5 Buz Ve Kemik Kesme 5&#039;li Paket,1639.0,2026.05.20,05,0.0,0.0,0.0,
Zımpara ve Polisaj,Panter Testere Bıçağı S1111K,99.99,2026.05.20,05,0.0,0.0,0.0,
Zımpara ve Polisaj,Panter Testere Bıçağı S2345X,119.9,2026.05.20,05,0.0,0.0,0.0,
Zımpara ve Polisaj,Tilki Kuyruğu GSA 12-30,7500.0,2026.05.20,05,0.0,19.066518494999208,,
Zımpara ve Polisaj,Ahşap Dekupaj Testere Bıçağı T101BR,69.99,2026.05.20,05,0.0,0.0,0.0,
Zımpara ve Polisaj,Eco 190*30mm 24 Diş Ahşap Daire Testere Bıçağı 2608644376,620.0,2026.05.20,05,0.0,0.0,0.48622366288492713,
Zımpara ve Polisaj,Metal Dekupaj Testere Bıçağı T118A,54.99,2026.05.20,05,0.0,0.0,0.0,
Zımpara ve Polisaj,Dwe5615-qs 1500w 190mm Daire Test,6413.0,2026.05.20,05,0.031196381219778507,-2.315308453922315,1.4394179057260361,
Zımpara ve Polisaj,Ahşap Dekupaj Testere Bıçağı T344D,72.99,2026.05.20,05,0.0,0.0,0.0,
Zımpara ve Polisaj,Optiline Ahşap Kesme Diski 24 Diş 160x16 mm,1150.0,2026.05.20,05,0.0,0.0,0.0,
Zımpara ve Polisaj,Panter Testere Bıçağı S922HF,129.9,2026.05.20,05,0.0,0.0,0.0,
Zımpara ve Polisaj,Eco 190*30mm 48 Diş Ahşap Daire Testere Bıçağı 2608644377,821.7,2026.05.20,05,0.0,0.0,0.0,
Zımpara ve Polisaj,GSA 1100 E Tilki Kuyruğu Testere 1100 W,7495.0,2026.05.20,05,0.0,-6.283096321470858,-6.283096321470858,
Zımpara ve Polisaj,Ahşap Dekupaj Testere Bıçağı T144D,64.99,2026.05.20,05,0.0,0.0,0.0,
Zımpara ve Polisaj,Dekupaj Testere Bıçağı Hcs,279.9,2026.05.20,05,0.0,0.0,0.0,
Zımpara ve Polisaj,Eisenn Tilki Kuyruğu Testere Pvc Metal Ytong Ahşap Ve Kemik Kesim Makinası 6 Kademe Devir Ayarlı 3 Adet Bıçak Hediyeli,4199.9,2026.05.20,05,0.0,44.82913203903581,44.82913203903581,
Zımpara ve Polisaj,RTM385 DAİRE TESTERE 210MM 1800W RTRMAX,4751.65,2026.05.20,05,0.0,0.0,1.6000188162041715,
Zımpara ve Polisaj,10 Parça Karışık Dekupaj Testere Seti,535.0,2026.05.20,05,4.28849902534113,5.7312252964426875,4.901960784313726,
Zımpara ve Polisaj,Rtrmax Rtm3890 Sulu Serami̇k Kesme Maki̇nesi̇ Açili Kesi̇m 1400w 115mm,3070.67,2026.05.20,05,0.0,0.0,1.6001005853138868,
Zımpara ve Polisaj,Pst 650 Dekupaj Testere,3065.0,2026.05.20,05,2.3714094856379426,2.9559959690964055,3.2681940700808627,
Zımpara ve Polisaj,Gks 190 Daire Testere Makinesi 1400 Watt 190mm,6499.0,2026.05.20,05,0.046182266009852216,0.046182266009852216,2.913697545526524,
Zımpara ve Polisaj,Expert S 956 Xhm Çok Amaçlı 150 Mm Panter Testere 1&#039;li 2608900389,983.0,2026.05.20,05,0.0,0.0,0.0,
Zımpara ve Polisaj,S 1531 L 190mm 2&#039;li Hızlı Kesim ahşap Panter Testere Ucu 2608650613,754.0,2026.05.20,05,0.0,,,
Zımpara ve Polisaj,"Te-cs 18/150 Li - Solo, Akülü Daire Testere - 4331220",5804.0,2026.05.20,05,0.0,0.0,0.0,
Zımpara ve Polisaj,Dekupaj Testere 400 Watt,1332.66,2026.05.20,05,0.0,2.5123076923076986,2.5123076923076986,
Zımpara ve Polisaj,Ahşap Dekupaj Testere Bıçağı T101 Br-Hcs,229.9,2026.05.20,05,0.0,0.0,0.0,
Zımpara ve Polisaj,Panter Testere Bıçağı S1542K,139.9,2026.05.20,05,0.0,0.0,0.0,
Zımpara ve Polisaj,Bi-Metal Kesme Bıçağı 32x30 mm,299.9,2026.05.20,05,0.0,0.0,0.0,
Zımpara ve Polisaj,Dekupaj Testere 710W GST8000E,5538.0,2026.05.20,05,0.10845986984815618,9.33881409440098,9.33881409440098,
Zımpara ve Polisaj,Hcs Kesme Bıçağı 20x30 mm,129.9,2026.05.20,05,,0.0,,
Zımpara ve Polisaj,T101B 5 li Ağaç Dekupaj Testere Bıçağı,397.0,2026.05.20,05,0.0,0.0,0.0,
Zımpara ve Polisaj,PST700E Compact Dekupaj Testere,3185.0,2026.05.20,05,0.7592534008225245,3.27496757457847,2.576489533011272,
Zımpara ve Polisaj,Daire Testere 1600 W 190 mm STSC16,5112.0,2026.05.20,05,0.05871990604815032,-0.05865102639296188,0.3927729772191673,
Zımpara ve Polisaj,Ahşap Daire Testere Diski 48 Diş 190x30 mm,1200.0,2026.05.20,05,0.0,,,
Zımpara ve Polisaj,Ahşap Dekupaj Testere Bıçağı T101AO,59.99,2026.05.20,05,0.0,0.0,0.0,
Zımpara ve Polisaj,Ahşap Dekupaj Testere Bıçağı T101B,72.99,2026.05.20,05,0.0,0.0,0.0,
Zımpara ve Polisaj,Dekupaj Testere TC-JS 80/1,2170.9,2026.05.20,05,0.0,0.0,0.0,
Zımpara ve Polisaj,Ahşap Dekupaj Testere Bıçağı T301CD,72.99,2026.05.20,05,0.0,0.0,0.0,
Zımpara ve Polisaj,Metal Dekupaj Testere Bıçağı T123X,89.99,2026.05.20,05,0.0,0.0,0.0,
Zımpara ve Polisaj,Dekupaj Testere Bıçağı T127D-Hss75,249.9,2026.05.20,05,0.0,0.0,0.0,
Zımpara ve Polisaj,78126 Dekupaj Testere 400w,1499.4,2026.05.20,05,0.0,0.5128205128205189,0.5128205128205189,
Zımpara ve Polisaj,Daire Testere Dwe1,2287.0,2026.05.20,05,0.0,0.0,0.0,
Zımpara ve Polisaj,Daire Testere Mke1,2287.0,2026.05.20,05,0.0,0.0,0.0,
Zımpara ve Polisaj,Tc-js 18 Li - Dekupaj Testeresi + 1*2.5 Ah Starter Kit,3411.0,2026.05.20,05,0.1174053419430584,-0.46688065363291503,0.47128129602356406,
Zımpara ve Polisaj,Tilki kuyruğu testere seti Metal Ahşap Kemik Kesme 3lü Tilki Kuyruğu bıçakları Paslanmaz seri,394.0,2026.05.20,05,0.0,0.0,0.0,
Zımpara ve Polisaj,Optiline 305*30mm 100 Diş Ahşap Daire Testere Bıçağı 2608644386,2600.0,2026.05.20,05,0.0,0.0,0.0,
Zımpara ve Polisaj,Compact Dekupaj Testere PST 650,2739.0,2026.05.20,05,0.0,0.0,0.0,
Zımpara ve Polisaj,Eisenn Alman Grey E-3645 Yağ Pompalı Dijital Göstergeli 32 Cm Pala Çift Akü 10 Pi̇lli̇ Dal Budama Ağaç Kesim,5999.9,2026.05.20,05,0.0,0.0,0.0,
Zımpara ve Polisaj,Matkap İçin Şarjlı Ve  Elektrikli Matkap Pistonlu Jig Testere Aparatı Ağaç Metal Işleme Adaptör,695.0,2026.05.20,05,0.0,0.0,0.0,
Zımpara ve Polisaj,"TC-JS 80/1 Kit, Dekupaj Testere",3566.46,2026.05.20,05,0.0,0.0,0.0,
Zımpara ve Polisaj,Gst 185-Lı (S) Solo Dekupaj Testre,11299.0,2026.05.20,05,0.0,0.0,7.619773311743976,
Zımpara ve Polisaj,"TC-JS 18 Li - Solo, Akülü Dekupaj Testere",2699.0,2026.05.20,05,0.0,0.0,0.0,
Zımpara ve Polisaj,T 308 Bo Ekstra Temiz Kesim Ahşap Dekupaj Ucu 3&#039;lü 2608663867,480.0,2026.05.20,05,0.0,0.0,0.0,
Zımpara ve Polisaj,PMF 180 E Hard Metal Bıçak 85 mm,999.9,2026.05.20,05,0.0,0.0,0.0,
Zımpara ve Polisaj,TC-CS 1400 -1 Daire Testere,4599.0,2026.05.20,05,0.0,,,
Zımpara ve Polisaj,Alman 6 Kademe Devir Ayarli Bakir Sargili Beton Tuğla Kemik Kesme Tilki Kuyruğu 5 Uç,2699.0,2026.05.20,05,0.0,0.0,,
Zımpara ve Polisaj,Exst Diş Daire Testere Bıçağı 305 X 25.40 Mm 80 - 2608643061,6528.0,2026.05.20,05,0.09199632014719411,0.09199632014719411,51.198960507146516,
Zımpara ve Polisaj,Tomax S 1211 K 300 Mm Paslanmaz Ti̇lki̇ Kuyruğu Kemi̇k Testeresi,360.0,2026.05.20,05,0.0,0.0,,
Zımpara ve Polisaj,Tomax S922ef Metal Kesme Ti̇lki̇ Kuyruğu Testeresi̇ 150 Mm,325.0,2026.05.20,05,0.0,0.0,,
Zımpara ve Polisaj,Tomax S1531l Hcs Ahşap Kesme Ti̇lki̇ Kuyruğu Testeresi̇ 240 Mm,315.0,2026.05.20,05,0.0,0.0,,
Zımpara ve Polisaj,Set-14 (total Li-ion Akülü Dai̇re Testere (solo) Tsli1851+total P20s 2li̇ 2.0 Ah Tfbli2001 Akü Ve Şarj Aleti̇ Seti̇ Tfbcpk2212e),8959.0,2026.05.20,05,0.0,0.0,,
Zımpara ve Polisaj,Set-12 (total Lion Akülü Kömürsüz Dekupaj Testere (solo) Tjsli1008+total P20s 2li̇ 2.0 Ah Tfbli2001 Akü Ve Şarj Aleti̇ Seti̇ Tfbcpk2212e),7919.0,2026.05.20,05,,0.0,,
Zımpara ve Polisaj,"Tomax Ti̇lki̇ Kuyruğu Gaz Beton / Tuğla - 305 Mm / 12,7 Mm",1325.0,2026.05.20,05,,0.0,,
Zımpara ve Polisaj,Professional Tp-jst 18/135 Li Bl S-f - Solo Akülü Dekupaj Testere 4321268,12000.0,2026.05.20,05,0.0,,,
Zımpara ve Polisaj,Profesyonel 550w Devir Ayarlı Dekupaj Testere Makinesi,1249.9,2026.05.20,05,0.0,,,
Zımpara ve Polisaj,Sjd 6-a22 Akülü Tilki Kuyruğu Dekupaj Testere,22000.0,2026.05.20,05,0.0,0.0,0.0,
Zımpara ve Polisaj,Kwb Kutulu Dekupaj Testere Seti 10parça S30 617230,349.88,2026.05.20,05,0.0,0.0,0.0,
Zımpara ve Polisaj,Da07005 228mm 2 Parça Profesyonel Metal/çivili Ahşap Kesme Tilki Kuyruğu Testere Ucu,468.0,2026.05.20,05,0.0,0.0,0.0,
Zımpara ve Polisaj,6 Lı Pro Set Tilki Kuyruğu Taşlama Somun Sökme Havalı Pompa Şarjlı Matkap Testere Mavi,4599.0,2026.05.20,05,0.0,,,
Zımpara ve Polisaj,T 111 C Ahşap Dekupaj Testere Bıçağı 5 &#039;li 2608630033,323.0,2026.05.20,05,,0.0,,
Zımpara ve Polisaj,Expert Avz 70 Rt4 1’li Starlock Derzleme Tabanı 2608900041,1380.0,2026.05.20,05,0.0,,,
Zımpara ve Polisaj,Cs1500-e Daire Testere - 1.500 W,5675.0,2026.05.20,05,0.0,0.0,0.0,
Zımpara ve Polisaj,"Wa4985 Çok Amaçlı Raspalama Makinası İçin 10x30mm Ahşap, Fiberglas, Pvc Universal Hassas Kesme Bıçağı",625.0,2026.05.20,05,0.0,0.0,0.0,
Zımpara ve Polisaj,"Wa4987 Çok Amaçlı Raspalama Makinası İçin 28x40mm Ahşap, Fiberglas, Pvc Universal Kesme Bıçağı",625.0,2026.05.20,05,0.0,0.0,0.0,
Zımpara ve Polisaj,"Wa5012 Çok Amaçlı Raspalama Makinası İçin 35x40mm Ahşap, Fiberglas, Pvc Universal Kesme Bıçağı",625.0,2026.05.20,05,0.0,0.0,0.0,
Zımpara ve Polisaj,Best 300x30 Mm 96 Diş Ahşap Daire Testeresi 2608642117,5179.0,2026.05.20,05,0.0,,,
Zımpara ve Polisaj,Da06902 10 Parça Profesyonel Ahşap Hassas/kaba/düz/kavisli Kesim Dekupaj Testere Ucu,734.0,2026.05.20,05,0.0,,,
Zımpara ve Polisaj,Wa4965 Çok Amaçlı Raspalama Makinası İçin 45mm Universal Esnek Kazıma Bıçağı,764.0,2026.05.20,05,0.0,,,
Zımpara ve Polisaj,"Wa4948 Çok Amaçlı Raspalama Makinası İçin 35x40mm Ahşap, Fiberglas, Pvc Universal Kesme Bıçağı",1055.0,2026.05.20,05,0.0,,,
Zımpara ve Polisaj,Wa5016 Çok Amaçlı Raspalama Makinası İçin 35x40mm Ahşap Ve Pvc Universal Hassas Kesme Bıçağı,830.0,2026.05.20,05,0.0,,,
Zımpara ve Polisaj,"Wa4986 Çok Amaçlı Raspalama Makinası İçin 10x20mm Metal, Ahşap, Fiberglas, Pvc Universal Hassas Kesme Bıçağı",838.0,2026.05.20,05,0.0,,,
Zımpara ve Polisaj,"Wa4988 Çok Amaçlı Raspalama Makinası İçin 28x40mm Metal, Ahşap, Fiberglas, Pvc Universal Kesme Bıçağı",977.0,2026.05.20,05,0.0,,,
Zımpara ve Polisaj,Da06903 10 Parça Profesyonel Metal/ahşap Hassas/kaba Kesim Dekupaj Testere Ucu,734.0,2026.05.20,05,0.0,,,
Zımpara ve Polisaj,Profesyonel 12 V Çift Akülü Şarjlı Dekupaj Testere Makinesi,1399.9,2026.05.20,05,0.0,0.0,0.0,
Zımpara ve Polisaj,Alman Pro 4200 Watt Lazerli Bakir Sargili Metal Şanzuman Sunta Kesme Daire Testere Makinesi 185 Mm,2899.0,2026.05.20,05,0.0,,,
Zımpara ve Polisaj,Ti̇lki̇ Kuyruğu Testere Biçaği Ahşap 240 Mm Ağaç,260.9,2026.05.20,05,0.0,,,
Zımpara ve Polisaj,Te-ap 750 E Kılıç Testere - 4326170,3028.9,2026.05.20,05,0.0,,,
Zımpara ve Polisaj,Psa 900 E Panter Testere - 06033a6000,6376.0,2026.05.20,05,0.09419152276295133,,,
Zımpara ve Polisaj,Wx437 800watt 120mm Profesyonel Çok Amaçlı Lazerli Daire Testere,6401.01,2026.05.20,05,0.0,,,
Zımpara ve Polisaj,Klpro KLTK1100 1100W Ti̇lki̇ Kuyruğu Testere,4860.5,2026.05.20,05,0.0,,,
Zımpara ve Polisaj,Da07901 8 Parça Profesyonel Metal/ahşap Kesme Tilki Kuyruğu Testere Ucu,1065.0,2026.05.20,05,0.0,0.0,0.0,
Zımpara ve Polisaj,Eisenn Tilki Kuyruğu Testere 3 Adet Bıçak Hediyeli Pvc Metal Ytong Ahşap Ve Kemik Kesim Makinası 6 Kademe Devir Ayarlı,4199.9,2026.05.20,05,0.0,,,
Zımpara ve Polisaj,Eisenn Germany Bluer 32 Cm E-3445 Bl Motor Yağ Pompalı Çift Akü 10 Pi̇lli̇ Dal Budama Testere Makinası,5999.9,2026.05.20,05,0.0,,,
Zımpara ve Polisaj,"Hcs185 Daire Testere | 1200w – 185 Mm – Softstart Fonksiyonlu, Açı Ayarlı Kesim",3082.86,2026.05.20,05,1.020408163265317,,,
Zımpara ve Polisaj,Dekupaj Dwe1,1371.0,2026.05.20,05,0.0,,,
Zımpara ve Polisaj,Tc-ap 690 E Kılıç Testere - 4326161 E,3712.62,2026.05.20,05,0.0,,,
Zımpara ve Polisaj,Klpro Klbtk18-00 18v Tilki Kuyruğu Dal Kesme Aküsüz/solo Tek Makine,2063.89,2026.05.20,05,0.0,,,
Zımpara ve Polisaj,Kl Pro Kldat18b 18v Daire Testere(solo),5399.58,2026.05.20,05,0.0,,,
Zımpara ve Polisaj,Klpro Kldt18b-00 18v Solo Kmrsz Dekupaj,5187.79,2026.05.20,05,0.0,,,
Zımpara ve Polisaj,RTX1844B AKÜLÜ DEKUPAJ TESTERE X-LION *AKÜSÜZ SATILMAKTADIR*,2298.21,2026.05.20,05,0.0,,,
Zımpara ve Polisaj,RTM3650 DEKUPAJ TESTERE 450W 55 MM 3000 RPM,1392.75,2026.05.20,05,0.0,,,
Zımpara ve Polisaj,Dcs334nt-xj 18v Akülü Dekupaj Testere (akü Hariç),13926.0,2026.05.20,05,0.014363688595231256,,,
Zımpara ve Polisaj,T101D 5 li Ağaç Dekupaj Testere Bıçağı,437.0,2026.05.20,05,4.295942720763723,21.422617393720486,21.422617393720486,
Zımpara ve Polisaj,Optiline 216x30 Mm 48 Diş Ahşap Için Daire Testere Bıçağı 2608640432,1449.0,2026.05.20,05,0.138217000691085,,,
Zımpara ve Polisaj,Bosch Pst 800 Pel Universal Dekupaj Testere,3666.0,2026.05.20,05,1.9466073414905452,,,
Zımpara ve Polisaj,Wx479 750watt Profesyonel Devir Ayarlı Dekupaj Testere,5107.83,2026.05.20,05,0.0,,,
Zımpara ve Polisaj,Dx51bc 18volt 2.0ah Li-ion Tek Akülü Profesyonel Kömürsüz Dekupaj Testere,7027.78,2026.05.20,05,0.0,,,
Zımpara ve Polisaj,Dx55 1400watt 110mm Profesyonel Sulu/kuru Seramik Kesme,4459.6,2026.05.20,05,0.0,,,
Zımpara ve Polisaj,Germany Technology 4000 Watt Lazerli Profesyonel Devir Ayarlı Dekupaj Testere Çantalı 5 Uçlu,1299.0,2026.05.20,05,0.0,,,
Zımpara ve Polisaj,Gst 18 V-155 Sc Dekupaj Testere Solo,18579.0,2026.05.20,05,,,,
Zımpara ve Polisaj,Expert T 308 Bp 5&#039;li Çapaksız Ahşap Dekupaj Bıçağı 2608900558,711.0,2026.05.20,05,0.0,,,
Zımpara ve Polisaj,Best Ext. Sert Laminant Testere 300*30 Mm 96 Diş 2608642110,5787.0,2026.05.20,05,0.0,,,
Zımpara ve Polisaj,Alüminyum Daire Testeresi 260*30 Mm 80 Diş Expert 2608644113,3994.0,2026.05.20,05,0.0,,,
Zımpara ve Polisaj,Ahşap | Sunta Daire Testere Bıçağı 300*30 Mm 48 Diş Expert 2608642508,2649.99,2026.05.20,05,0.0,,,
Zımpara ve Polisaj,Ahşap Kesme Daire Testere Bıçağı 216*30 Mm 40 Diş Expert 2608644079,2361.0,2026.05.20,05,0.0,,,
Zımpara ve Polisaj,"Optiline Ahşap 254x3,2x30 Mm 60 Diş Daire Testere Bıçağı 2608641765",2569.0,2026.05.20,05,0.0,,,
Zımpara ve Polisaj,S 112 Hf 175mm 5&#039;li Esnek Ahşap-metal Panter Testere Ucu 2608656021,963.0,2026.05.20,05,0.0,,,
Zımpara ve Polisaj,Expert T 308 B 5&#039;li Ahşap Dekupaj Testeresi 2608900551,506.0,2026.05.20,05,0.0,,,
Zımpara ve Polisaj,Multi Material 210*30 Mm 80 Diş Elmas Daire Testere Bıçağı 2608640445,2203.0,2026.05.20,05,0.0,,,
Zımpara ve Polisaj,Multi Material 160*20/16mm 42 Diş Elmas Daire Testere Bıçağı 2608640503,1604.0,2026.05.20,05,0.0,,,
Zımpara ve Polisaj,Starlock Testere 3&#039;lü Ahşap Bfw Seti 2608662343,1358.0,2026.05.20,05,0.0,,,
Zımpara ve Polisaj,İnox Metal Çelik Kesme Taşı 115 Mm. - 3 Adet,161.5,2026.05.20,05,0.0,,,
Zımpara ve Polisaj,"Pst 650 Dekupaj Testere ,5 Li Uç Seti Ve Eldiven",3999.0,2026.05.20,05,0.0,,,
Zımpara ve Polisaj,OPW Daire Testere Bıçağı 36 Diş 184x16 mm,1078.0,2026.05.20,05,0.0,,,
Zımpara ve Polisaj,Multi Material 254*30 Mm 96 Diş Elmas Daire Testere Bıçağı 2608640451,2680.0,2026.05.20,05,0.0,,,
Zımpara ve Polisaj,Alüminyum Daire Testeresi 305*30 Mm 96 Diş Expert 2608644115,4970.0,2026.05.20,05,0.0,,,
Zımpara ve Polisaj,Esnek Metal - Ahşap Kesme Tilki Kuyruğu Bıçağı 225 mm,813.0,2026.05.20,05,0.0,,,
Zımpara ve Polisaj,Universalmulti 18v-32 Solo Çok Fonksiyonlu Alet,4029.99,2026.05.20,05,0.0,,,
Zımpara ve Polisaj,Klpro Kldt18b-20 18volt/2.0 Ah Li-ion Çift Akülü Kömürsüz Profesyonel Dekupaj Testere,7747.54,2026.05.20,05,0.0,,,
Zımpara ve Polisaj,Ahşap Kavisli Dekupaj Testere Bıçağı T101AO,199.9,2026.05.20,05,0.0,,,
Zımpara ve Polisaj,Ahşap Dekupaj Testere Bıçağı T144DP,64.99,2026.05.20,05,0.0,,,
Zımpara ve Polisaj,Metal Dekupaj Testere Bıçağı 118A HSS,179.9,2026.05.20,05,0.0,,,
Zımpara ve Polisaj,S 1531 L 190 Mm 5&#039;li Hızlı Kesim Ahşap Panter Testere Ucu 2608650676,1543.0,2026.05.20,05,0.0,,,
Zımpara ve Polisaj,T 1013 Awp Yalıtım Malzemeleri İçin Dekupaj Ucu 3&#039;lü 2608667396,1859.0,2026.05.20,05,0.0,,,
Zımpara ve Polisaj,Ahşap Dekupaj Testere Bıçağı T234X,79.99,2026.05.20,05,,,,
Zımpara ve Polisaj,Ahşap Dekupaj Testere Bıçağı T101 B-Hcs,199.9,2026.05.20,05,0.0,,,
Zımpara ve Polisaj,T118a Metal Dekupaj Testere Bıçağı 5 Adet,237.0,2026.05.20,05,0.0,,,
Zımpara ve Polisaj,Eisenn Tilki Kuyruğu Testere Kemik Metal Pvc Ytong Ahşap Kesim Makinası 3 Adet Bıçak Hediyeli 6 Kademe Devir Ayarlı,4199.9,2026.05.20,05,0.0,,,
Zımpara ve Polisaj,Klpro Kltkt18b-00 18v Solo Tilki Kuy,5133.79,2026.05.20,05,0.0,,,
Zımpara ve Polisaj,RTX2038B AKÜLÜ DAİRE TESTERE KÖMÜRSÜZ 165MM X-LION *AKÜSÜZ SATILMAKTADIR*,3763.65,2026.05.20,05,0.0,,,
Zımpara ve Polisaj,"Te-js 100, Dekupaj Testere - 4321160 Kırmızı",4499.0,2026.05.20,05,0.0,,,
Zımpara ve Polisaj,Optiline Wood Daire Testere Bıçağı 254x30 mm,1953.0,2026.05.20,05,0.0,,,
Zımpara ve Polisaj,Beton Elmas Kesme Diski 115mm Adet,349.99,2026.05.20,05,0.0,,,
Zımpara ve Polisaj,Panter Testere Metal Kesme Bıçağı 5 Li Set Trsb922ef,429.0,2026.05.20,05,0.0,,,
Zımpara ve Polisaj,Prosaw 51218 Daire Sunta Testeresi 185x30/20mm 40 Diş,501.58,2026.05.20,05,0.0,,,
Zımpara ve Polisaj,Çoklu Malzeme Kesimi İçin Daire Testeresi 216*30 Mm 64 Diş Expert Multi Material 2608642493,3082.0,2026.05.20,05,0.0,,,
Zımpara ve Polisaj,Metal Daldırmalı Testere Bıçağı AIZ20AB,531.0,2026.05.20,05,0.0,,,
Zımpara ve Polisaj,Tp-jst18/135li Bl Solo Dekupaj T,6399.0,2026.05.20,05,0.0,,,
Zımpara ve Polisaj,Optiline Wood Daire Testere Bıçağı 80 Diş,3199.0,2026.05.20,05,0.0,,,
Zımpara ve Polisaj,Ahşap Metal Panter Testere Ucu S 3456 XF,699.9,2026.05.20,05,0.0,,,
Zımpara ve Polisaj,Optiline Wood Daire Testere Bıçağı 184x30 mm,1099.0,2026.05.20,05,0.0,,,
Zımpara ve Polisaj,Ahşap - Metal Panter Testere Ucu S1122HF,409.9,2026.05.20,05,0.0,,,
Zımpara ve Polisaj,Optiline Wood Daire Testere Bıçağı 24 Diş,999.9,2026.05.20,05,0.0,,,
Zımpara ve Polisaj,"Classic Tc-js 18/70 Li (1x2,5ah",3699.0,2026.05.20,05,0.0,,,
Zımpara ve Polisaj,305x30mm 96 Diş Ekonomik Alüminyum Daire Testere 2608644396,2398.0,2026.05.20,05,0.041718815185648725,,,
Zımpara ve Polisaj,21v 6 Başlıklı Set Hava Pompası Vidalama Somun Sıkma Dal Budama Tilki Kuyruğu Taşlama,4399.9,2026.05.20,05,,,,
Zımpara ve Polisaj,Alman 88 V 10 Ah Çift Akülü Tilki Kuyruğu Ağaç Dal Kurban Kesim Makinesi 5 Adet Bıçak Şarjlı Tilki,4999.0,2026.05.20,05,25.006251562890725,,49.984998499849986,
Zımpara ve Polisaj,"Tc-js 60/1, Dekupaj Testere - 4321135",1682.0,2026.05.20,05,0.0,,,
Zımpara ve Polisaj,"Skil Set-31 (skil Xp 3480fa Akülü Kiliç Testere Çantali+4,ah Li Batarya+2,5ah Batarya + 2.4a Şarj Ci̇hazi)",15209.0,2026.05.20,05,0.0,,,
Zımpara ve Polisaj,"Tomax Sunta Kesme Elmas Testeresi 115 X 1,6 Mm 24 T",715.0,2026.05.20,05,0.0,,,
Zımpara ve Polisaj,Plastik Boru Kesici Dt02pc,11722.0,2026.05.20,05,0.0,,,
Zımpara ve Polisaj,Tomax Sunta Kesme Elmas Testeresi 185 X 2.0 Mm 40 T,1450.0,2026.05.20,05,0.0,,,
Zımpara ve Polisaj,Tomax Sunta Kesme Elmas Testeresi 180 X 2.0 Mm 40 T,1450.0,2026.05.20,05,0.0,,,
Zımpara ve Polisaj,Tomax T244d Hss Ağaç Dekupaj Ağzı (5 Adet) Kavi̇sli̇ Kesi̇m,350.0,2026.05.20,05,0.0,,,
Zımpara ve Polisaj,Tomax Dekupaj Ağzı Deli̇kli̇ No:1 (5 Adet) İnce Saç Metal Kesi̇mi,615.0,2026.05.20,05,0.0,,,
Zımpara ve Polisaj,Tomax Sunta Kesme Elmas Testeresi 190 X 2.0 Mm 48 T,1699.0,2026.05.20,05,0.0,,,
Zımpara ve Polisaj,Tomax Sunta Kesme Elmas Testeresi 190 X 2.0 Mm 40 T,1575.0,2026.05.20,05,0.0,,,
Zımpara ve Polisaj,Tomax Dekupaj Ağzı Deli̇kli̇ T127d (5 Adet) Alümi̇nyum Kesi̇mi̇ İçi̇n,495.0,2026.05.20,05,0.0,,,
Zımpara ve Polisaj,"Set-48 (einhell Professional Tp-jst 18/135 Li Bl S-f Akülü Dekupaj Testere+einhell 18v 4,0 Ah Pxc Starter Kit, Akü &amp; Şarj Cihazı)",14269.0,2026.05.20,05,0.0,,,
Zımpara ve Polisaj,Tomax Elmas Kesi̇ci̇ Elektroli̇ze Flanşlı 180 Mm,3175.0,2026.05.20,05,0.0,,,
Zımpara ve Polisaj,Tomax Sunta Kesme Elmas Testeresi 185 X 2.0 Mm 48 T,1565.0,2026.05.20,05,0.0,,,
Zımpara ve Polisaj,Tomax T118a Hss Metal Dekupaj Ağzı (5 Adet),475.0,2026.05.20,05,0.0,,,
Zımpara ve Polisaj,Tomax Dekupaj Ağzı Deli̇kli̇ No:10 (5 Adet) Sunta Plasti̇k Epoksi̇ Ve Temi̇z Kesi̇m,410.0,2026.05.20,05,0.0,,,
Zımpara ve Polisaj,Rjs850k Elektrikli Dekupaj Testere 600w - 5133002217,5307.0,2026.05.20,05,0.0,,,
Zımpara ve Polisaj,Dekupaj Bıçak Seti 35 Parça -  4932479088,2674.48,2026.05.20,05,0.0,,,
Zımpara ve Polisaj,Tomax Elmas Kesi̇ci̇ Elektroli̇ze 115 Mm,1525.0,2026.05.20,05,0.0,,,
Zımpara ve Polisaj,Tomax Dekupaj Ağzı Deli̇kli̇ No:3 (5 Adet) Sunta Kontraplak Fi̇ber,300.0,2026.05.20,05,0.0,,,
Zımpara ve Polisaj,Tomax T111c Hss Ağaç Dekupaj Ağzı (5 Adet) Normal Kesi̇m,225.0,2026.05.20,05,0.0,,,
Zımpara ve Polisaj,Tomax Elmas Kesi̇ci̇ Elektroli̇ze Flanşlı 230 Mm,5299.0,2026.05.20,05,0.0,,,
Zımpara ve Polisaj,Tomax T144d Hss Ağaç Dekupaj Ağzı (5 Adet) Hızlı Kesi̇m,350.0,2026.05.20,05,0.0,,,
Zımpara ve Polisaj,Sawzall 13 Parça Tilki Kuyruğu Testere Bıçağı Seti - 49222231,4011.2,2026.05.20,05,0.0,,,
Zımpara ve Polisaj,Tomax Elmas Kesi̇ci̇ Elektroli̇ze 180 Mm,2950.0,2026.05.20,05,0.0,,,
Zımpara ve Polisaj,Tomax T101d Hss Ağaç Dekupaj Ağzı (5 Adet) Sert Temi̇z Kesi̇m,375.0,2026.05.20,05,0.0,,,
Zımpara ve Polisaj,Tomax T318a Hss Metal Dekupaj Ağzı (5 Adet) Uzun Bıçak,725.0,2026.05.20,05,0.0,,,
Zımpara ve Polisaj,"Skil Set-32 (skil Compact 3475fa Akülü Kiliç Testere Çantali+4,ah Li Batarya+2,5ah Li + 2.4a Şarj Ci̇hazi)",13829.0,2026.05.20,05,0.0,,,
Zımpara ve Polisaj,Skil Compact 3475fa Akülü Kiliç Testere Çantali,9739.0,2026.05.20,05,0.0,,,
Zımpara ve Polisaj,Paslanmaz Kemi̇k Kesme Testeresi̇  Wjt4208,679.0,2026.05.20,05,0.0,,,
Zımpara ve Polisaj,Skil Powertools 3471ca Akülü Kiliç Testere,6159.0,2026.05.20,05,0.0,,,
Zımpara ve Polisaj,"Skil Set-33 (skil Powertools 3471ca Akülü Kiliç Testere+4,ah Li Batarya+2,5ah Batarya + 2.4a Şarj Ci̇hazi)",11449.0,2026.05.20,05,0.0,,,
Zımpara ve Polisaj,Skil 4961da Elekti̇kli̇ Kiliç Testere 900w Çantali,6249.0,2026.05.20,05,0.0,,,
Zımpara ve Polisaj,4961aa Kılıç Testere 900w,5239.0,2026.05.20,05,0.0,,,
Zımpara ve Polisaj,Skil Xp 3480fa Akülü Kiliç Testere Çantali,11779.0,2026.05.20,05,0.0,,,
Zımpara ve Polisaj,Lion Akülü Dekopaj Testere Solo -tjsli1008,3725.0,2026.05.20,05,0.0,,,
Zımpara ve Polisaj,Dekupaj Mke,2037.0,2026.05.20,05,0.0,,,
Zımpara ve Polisaj,Professional Gst 185-li 2x4.0 Ah Li-on Akülü Dekupaj,21531.0,2026.05.20,05,0.0,,,
Zımpara ve Polisaj,Sunta Kesme 190mm HS7601,6467.0,2026.05.20,05,0.09286488159727596,,,
Zımpara ve Polisaj,Adaptörlü Elmaslı Beton Delme Panç 120 Mm Tdrtr,7222.49,2026.05.20,05,0.0,0.0,0.0,
Zımpara ve Polisaj,RTM139 DUVAR KANAL AÇMA MAK. 1100W 16-35 MM ÇANTALI,12783.0,2026.05.20,05,0.0,,,
Zımpara ve Polisaj,Pst 650 Compact 500 W Dekupaj Testere Makinası + 10 Parça Metal Ahşap Karışık Testere Bıçağı,3799.0,2026.05.20,05,0.0,,,
Zımpara ve Polisaj,Elmaslı Tırpan Daire Testere 40tx25.4x255mm Profesyonel Gold,816.75,2026.05.20,05,1.0204081632653061,,,
Zımpara ve Polisaj,"Standart 450x25,4x10mm Elmas Asfalt Daire Testere 2608602627",7990.0,2026.05.20,05,0.0,,,
Zımpara ve Polisaj,Klpro Kltlt300 Paslanmaz Kemi̇k Kesme Testere Ağzi,625.21,2026.05.20,05,0.0,,,
Zımpara ve Polisaj,Easycut 50 Nanoblade Dekupaj Testere,5119.0,2026.05.20,05,-1.9911928010721809,,,
Zımpara ve Polisaj,165*20 Mm 24 Diş Akülü Makineler Için Ahşap Testere Bıçağı 2608837685,1257.0,2026.05.20,05,,,,
Zımpara ve Polisaj,Optiline Ahşap 254x2x30 Mm 60 Diş Daire Testere Bıçağı 2608640436,2248.0,2026.05.20,05,,,,
Zımpara ve Polisaj,Tilki Kuyruğu Testere Bıçağı Paslanmaz 300mm 1.25mm 8.5/3 Tpi – Et Kemik,292.05,2026.05.20,05,1.0204081632653021,,,
Zımpara ve Polisaj,Tilki Kuyruğu Testere Ve Kemik Kesme Bıçağı Hediyeli X2ad Mx4539 710 W,2999.99,2026.05.20,05,0.0,,,
Zımpara ve Polisaj,Rtrmax Tilki Kuyruğu Testere 1200w Rtm9075,4669.49,2026.05.20,05,0.0,,,
Zımpara ve Polisaj,Alman 6 Kademe Devir Ayarli Bakir Sargili Beton Tuğla Kemik Kesme Tilki Kuyruğu 10 Uç Greyy,2999.0,2026.05.20,05,0.0,,,
Zımpara ve Polisaj,Rtrmax  Rtm382 Daire Testere Lazerli 185mm 1300w,3023.87,2026.05.20,05,0.0,,,
Zımpara ve Polisaj,Eco For Wood Daire Testere Bıçağı 190*30 Mm 48de,649.0,2026.05.20,05,0.0,,,
Zımpara ve Polisaj,"Kwb Sunta Testere 30 Diş 190x30 Mm Çok Amaçlı (sunta, Alüminyum, Bakır, Pvc Kesici) Gri",1097.49,2026.05.20,05,0.0,,,
Zımpara ve Polisaj,190*30mm 54 Diş Ekonomik Alüminyum Daire Testere 2608644389,1246.0,2026.05.20,05,0.0,,,
Zımpara ve Polisaj,"Hrs850 850w Tilki Kuyruğu Testere Değişken Hızlı, Ahşap &amp; Metal Kesim",3267.0,2026.05.20,05,1.0204081632653061,,,
Zımpara ve Polisaj,Bakır Sargılı Elektrikli Tilki Kuyruğu Testere Ahşap Metal Et Kesme Kemik Kesme Makinası 750 W,2599.0,2026.05.20,05,0.0,,,
Zımpara ve Polisaj,300 Mm 96 Diş Laminant Daire Testere Expert 2608642517,3672.5,2026.05.20,05,0.0,,,
Zımpara ve Polisaj,Hais 10&#034; Ahşap Şerit Testere Makinası,25685.0,2026.05.20,05,0.0,,,
Zımpara ve Polisaj,Alman 88 V 10 Ah Çift Akülü Tilki Kuyruğu Ağaç Dal Kurban Kesim Makinesi+5 Adet Bıçak Şarjlı Tilki,4999.0,2026.05.20,05,25.006251562890725,,,
Zımpara ve Polisaj,T 744 D Ekstra Uzun Temiz Kesim Ahşap Dekupaj 3&#039;lü 2608663314,1050.9,2026.05.20,05,,,,
Zımpara ve Polisaj,Alman 6 Kademe Devir Ayarli Bakir Sargili Beton Tuğla Kemik Kesme Tilki Kuyruğu 10 Uç,2999.0,2026.05.20,05,0.0,,,
Zımpara ve Polisaj,RTM3680 DEKUPAJ TESTERE 110 MM 800W LAZERLİ RTRMAX,2679.47,2026.05.20,05,0.0,,,
Zımpara ve Polisaj,Ekonomik Seri 190*30 Mm 48 Diş Daire Testere Bıçağı,614.0,2026.05.20,05,0.0,,,
Zımpara ve Polisaj,Spt900 900w Tilki Kuyruğu Testere Makinesi,4894.0,2026.05.20,05,0.020437359493153485,,,
Zımpara ve Polisaj,Einhell Te-cs 190/1 Daire Testere - 4331005,5432.0,2026.05.20,05,0.055258795358261184,,,
Zımpara ve Polisaj,Te-ap 950 E Testere(4326180) Kırmızı,4324.0,2026.05.20,05,,,,
Zımpara ve Polisaj,Tyson Tilki Kuyruğu 300/1.8-2.6 Mm. Kemik Ve Buz - 5 Adet,668.0,2026.05.20,05,0.0,,,
Zımpara ve Polisaj,Kwb Tepsi Testere 160 X 20mm 24 Diş E45 584533,809.99,2026.05.20,05,0.0,,,
Zımpara ve Polisaj,Daire Testere Bıçağı Se Wo T 250x30 -  24 D,2132.49,2026.05.20,05,0.0,,,
Zımpara ve Polisaj,S 1542 K 190mm 5&#039;li Hızlı Kesim Ahşap Panter Testere Ucu 2608650682,3112.0,2026.05.20,05,0.0,,,
Zımpara ve Polisaj,1712 500w Dekupaj Testere-cat1712,1380.0,2026.05.20,05,0.0,,,
Zımpara ve Polisaj,Knisaw 51573 Delik Testere Seti 15 Parça,948.09,2026.05.20,05,0.0,,,
Zımpara ve Polisaj,Alüminyum Kesme Testeresi 165*20 Mm 52 Diş Expert 2608644095,2745.0,2026.05.20,05,0.0,,,
Zımpara ve Polisaj,Alüminyum Daire Testeresi 250x30 Mm 80 Diş Expert 2608644111,4677.0,2026.05.20,05,0.0,,,
Zımpara ve Polisaj,Eisenn Tilki Kuyruğu Testere Kemik Metal Pvc Ytong Ahşap Kesim Makinası 6 Kademe Devir Ayarlı 3 Adet Bıçak Hediyeli,4199.9,2026.05.20,05,0.0,,,
Zımpara ve Polisaj,Eisenn Tilki Kuyruğu Testere 6 Kademe Devirli Pvc Metal Ytong Ahşap Ve Kemik Kesim Makinası 3 Adet Bıçak Hediyeli,4199.9,2026.05.20,05,0.0,,,
Zımpara ve Polisaj,Rs20s-20 Akülü Tilki Kuyruğu Testere 3000rpm 20mm Akü Ve Şarj Cihazı Hariç,3822.0,2026.05.20,05,0.0,,,
Zımpara ve Polisaj,Eberle Blitz Düz Ahşap Plastik Kıl Testere Ağzı No:6 - 144 Adet Tdrtr,2215.99,2026.05.20,05,,0.0,0.0,
Zımpara ve Polisaj,Bi-metal Panç 16 Mm - Ahşap İçin Tdrtr,589.99,2026.05.20,05,,0.0,0.0,
Zımpara ve Polisaj,Hobby Demir Testere - Ağızsız Tdrtr,411.99,2026.05.20,05,,,,
Zımpara ve Polisaj,"Ayarlı Panç Sistemi 30-300 Mm, Vidalı Kilitleme Tdrtr",1744.49,2026.05.20,05,,0.0,0.0,
Zımpara ve Polisaj,Adaptörlü Elmaslı Beton Delme Panç 35 Mm Tdrtr,1700.99,2026.05.20,05,,0.0,0.0,
Zımpara ve Polisaj,Bi-metal Panç 65 Mm - Ahşap İçin Tdrtr,1531.99,2026.05.20,05,,0.0,0.0,
Zımpara ve Polisaj,Elmaslı Karot Delme Panç 83 Mm Tdrtr,6069.99,2026.05.20,05,,0.0,0.0,
Zımpara ve Polisaj,Bi-metal Panç 177 Mm - Ahşap İçin Tdrtr,4500.99,2026.05.20,05,,0.0,0.0,
Zımpara ve Polisaj,Bi-metal Panç 108 Mm - Ahşap İçin Tdrtr,2857.49,2026.05.20,05,,0.0,0.0,
Zımpara ve Polisaj,Eberle Blitz Düz Ahşap Plastik Kıl Testere Ağzı No:4 - 144 Adet Tdrtr,2215.99,2026.05.20,05,,,,
Zımpara ve Polisaj,Elmaslı Karot Delme Panç 152 Mm Tdrtr,9680.99,2026.05.20,05,,0.0,0.0,
Zımpara ve Polisaj,Tct Metal Delme Panç - 50 Mm Tdrtr,2298.99,2026.05.20,05,,0.0,0.0,
Zımpara ve Polisaj,"Ayarlı Panç Sistemi 30-120 Mm, Vidalı Kilitleme Tdrtr",1371.99,2026.05.20,05,,0.0,0.0,
Zımpara ve Polisaj,Tct Metal Delme Panç - 44 Mm Tdrtr,1984.49,2026.05.20,05,,0.0,0.0,
Zımpara ve Polisaj,Bi-metal Panç 188 Mm - Ahşap İçin Tdrtr,4862.49,2026.05.20,05,,0.0,0.0,
Zımpara ve Polisaj,Bi-metal Panç 60 Mm - Ahşap İçin Tdrtr,1459.49,2026.05.20,05,,0.0,0.0,
Zımpara ve Polisaj,Elmaslı Mermer Granit Panç -38 Mm Tdrtr,4249.99,2026.05.20,05,,0.0,0.0,
Zımpara ve Polisaj,"Mermer Granit Panç - 18 Mm,m14 Tdrtr",3277.49,2026.05.20,05,,0.0,0.0,
Zımpara ve Polisaj,Eberle Finis Düz Hassas Metal Kıl Testere Ağzı No:4 - 12 Adet Tdrtr,1011.99,2026.05.20,05,,0.0,0.0,
Zımpara ve Polisaj,Tct Metal Delme Panç - 28 Mm Tdrtr,1271.49,2026.05.20,05,,0.0,0.0,
Zımpara ve Polisaj,Laubsagen Yeşil Düz Ahşap Kıl Testere Ağzı No:5 - 144 Adet Tdrtr,1615.99,2026.05.20,05,,,,
Zımpara ve Polisaj,Bi-metal Panç 200 Mm - Ahşap İçin Tdrtr,5024.49,2026.05.20,05,,0.0,0.0,
Zımpara ve Polisaj,Tct Metal Delme Panç - 80 Mm Tdrtr,3573.49,2026.05.20,05,,0.0,0.0,
Zımpara ve Polisaj,Toolux Geniş Demir Testere Ağzı Çift Taraflı - 72 Adet Tdrtr,1867.99,2026.05.20,05,,0.0,0.0,
Zımpara ve Polisaj,Bi-metal Panç 64 Mm - Ahşap İçin Tdrtr,1531.99,2026.05.20,05,,0.0,0.0,
Zımpara ve Polisaj,Bi-metal Panç 95 Mm - Ahşap İçin Tdrtr,2264.49,2026.05.20,05,,0.0,0.0,
Zımpara ve Polisaj,Tct Metal Delme Panç - 65 Mm Tdrtr,2964.49,2026.05.20,05,,0.0,0.0,
Zımpara ve Polisaj,Bi-metal Panç 48 Mm - Ahşap İçin Tdrtr,1198.49,2026.05.20,05,,0.0,0.0,
Zımpara ve Polisaj,Hermes () Kıl Testere Ağzı 144 Adet - No:7 Tdrtr,599.49,2026.05.20,05,0.0,0.0,0.0,
Zımpara ve Polisaj,Abay İnce Diş Zıvana El Testere 12 No - Ahşap Sap Tdrtr,806.49,2026.05.20,05,0.0,0.0,0.0,
Zımpara ve Polisaj,Toolux Dar Demir Testere Ağzı Çift Taraflı - 100 Adet Tdrtr,2518.99,2026.05.20,05,0.0,0.0,0.0,
Zımpara ve Polisaj,Adaptörlü Elmaslı Beton Delme Panç 30 Mm Tdrtr,1613.99,2026.05.20,05,0.0,0.0,0.0,
Zımpara ve Polisaj,Bi-metal Panç 210 Mm - Ahşap İçin Tdrtr,5596.99,2026.05.20,05,0.0,0.0,0.0,
Zımpara ve Polisaj,Alçıpan Testeresi 150 Mm Tdrtr,407.99,2026.05.20,05,0.0,,,
Zımpara ve Polisaj,Hermes () Kıl Testere Ağzı 144 Adet - No:5 Tdrtr,599.49,2026.05.20,05,0.0,0.0,0.0,
Zımpara ve Polisaj,Adaptörlü Elmaslı Beton Delme Panç 65 Mm Tdrtr,2309.99,2026.05.20,05,0.0,0.0,0.0,
Zımpara ve Polisaj,Elmaslı Karot Delme Panç 95 Mm Tdrtr,6489.99,2026.05.20,05,0.0,0.0,0.0,
Zımpara ve Polisaj,"Ahşap Panç Set - 8 Parça, Kutulu Tdrtr",1973.99,2026.05.20,05,0.0,0.0,0.0,
Zımpara ve Polisaj,Eberle Tornado Yuvarlak Ahşap Kıl Testere Ağzı No:1 - 12 Adet Tdrtr,685.49,2026.05.20,05,0.0,,,
Zımpara ve Polisaj,Abay Dar Kolastar Testere Ağzı - Çatal Diş 60 Cm Tdrtr,376.49,2026.05.20,05,0.0,,,
Zımpara ve Polisaj,Eberle Blitz Düz Ahşap Plastik Kıl Testere Ağzı No:7 - 144 Adet Tdrtr,2297.49,2026.05.20,05,0.0,,0.0,
Zımpara ve Polisaj,"Bi-metal Panç Takımı - 9`lu Set (19-57 Mm), Ahşap İçin, Çantalı Tdrtr",6538.99,2026.05.20,05,0.0,0.0,0.0,
Zımpara ve Polisaj,Profesyonel Demir Testere Tdrtr,1019.99,2026.05.20,05,0.0,0.0,0.0,
Zımpara ve Polisaj,Adaptörlü Elmaslı Beton Delme Panç 45 Mm Tdrtr,1906.49,2026.05.20,05,0.0,0.0,0.0,
Zımpara ve Polisaj,Mini Kamp Cep Testeresi 65 Cm Taşıma Çantalı Tdrtr,576.49,2026.05.20,05,0.0,0.0,0.0,
Zımpara ve Polisaj,Bi-metal Panç 29 Mm - Ahşap İçin Tdrtr,825.49,2026.05.20,05,0.0,0.0,0.0,
Zımpara ve Polisaj,Bi-metal Panç 70 Mm - Ahşap İçin Tdrtr,1633.49,2026.05.20,05,0.0,0.0,0.0,
Zımpara ve Polisaj,Pimli Testere - 5 Yedekli Tdrtr,561.99,2026.05.20,05,0.0,0.0,0.0,
Boya Tabancaları,MSHP900 Planya 900 W,2099.0,2026.05.20,05,0.0,0.0,0.0,
Boya Tabancaları,MSSS220 1/4 Titreşimli Zımpara 220 W,1049.0,2026.05.20,05,0.0,-8.703220191470844,-8.703220191470844,
Boya Tabancaları,Polisaj Makinesi 1200W,2999.0,2026.05.20,05,0.0,,,
Boya Tabancaları,"CE-CP 18/180 Li E - Solo, Akülü Polisaj ve Zımpara Makinesi",5499.0,2026.05.20,05,0.0,0.0,0.0,
Boya Tabancaları,MSDLS160 Mouse Zımpara 160 W,1199.0,2026.05.20,05,0.0,0.0,0.0,
Boya Tabancaları,PTSS135C Titreşimli Zımpara,749.9,2026.05.20,05,0.0,0.0,0.0,
Boya Tabancaları,MSOS300 Ekzantrik Zımpara 300 W 125 mm,1699.0,2026.05.20,05,0.0,0.0,0.0,
Boya Tabancaları,Ss28 280 W Titreşimli Zımpara Makinesi,3962.12,2026.05.20,05,0.0,-2.3911233303277992,-2.3911233303277992,
Boya Tabancaları,PEX 300 AE Eksantrik Zımpara,4999.0,2026.05.20,05,0.0,0.0,2.0412329046744233,
Boya Tabancaları,D26453 Eksantrik Zımpara,5799.0,2026.05.20,05,0.0,0.0,0.0,
Boya Tabancaları,Gex 18v-125 Solo Eksantr.zimpara,8999.0,2026.05.20,05,0.0,0.0,0.0,
Boya Tabancaları,EBS950 Tank Zımpara 950W,2879.0,2026.05.20,05,0.0,0.0,0.0,
Boya Tabancaları,EHP1050 Planya 1050W,3349.0,2026.05.20,05,0.0,0.0,0.0,
Boya Tabancaları,Planya GHO 6500,6799.0,2026.05.20,05,0.0,1.857830498622473,1.857830498622473,
Boya Tabancaları,Titreşimli Zımpara 200 Watt,1499.0,2026.05.20,05,0.0,0.0,0.0,
Boya Tabancaları,"TC-OS 1520, Titreşim Zımpara",1749.0,2026.05.20,05,0.0,0.0,0.0,
Boya Tabancaları,MSBS900 Tank Zımpara 900 W,1899.0,2026.05.20,05,0.0,0.0,0.0,
Boya Tabancaları,TTR Zımpara Kağıdı 10lu 93X185 mm Mix Grid,329.9,2026.05.20,05,0.0,0.0,0.0,
Boya Tabancaları,"TH-OS 1016, Üçgen Zımpara",1549.0,2026.05.20,05,0.0,0.0,0.0,
Boya Tabancaları,MSMS200 Çok Amaçlı Titreşimli Zımpara 200 W,1999.0,2026.05.20,05,0.0,0.0,0.0,
Boya Tabancaları,PSS 250 AE Titreşimli Zımpara,4199.0,2026.05.20,05,0.0,0.0,0.0,
Boya Tabancaları,Sp137-tr Polisaj Makinesi 1300w,5299.0,2026.05.20,05,0.0,0.0,0.0,
Boya Tabancaları,Çok Amaçlı Zımpara PSM 100,2699.0,2026.05.20,05,0.0,0.0,16.086021505376344,
Boya Tabancaları,Tank Zımpara 5&#039;li Set 75x533 mm,159.9,2026.05.20,05,0.0,0.0,0.0,
Boya Tabancaları,Rtrmax Rtm3793 710w Duvar Alçı Alçıpan Betopan Zımparalama,7252.75,2026.05.20,05,0.0,0.0,1.600049309871924,
Boya Tabancaları,Zımpara Kağıdı Karışık Set 125 mm,109.9,2026.05.20,05,0.0,0.0,0.0,
Boya Tabancaları,Zımpara Kağıdı Karışık Onlu,119.9,2026.05.20,05,0.0,0.0,0.0,
Boya Tabancaları,Zımpara Kağıdı Beşli 40 Kum,64.99,2026.05.20,05,0.0,0.0,0.0,
Boya Tabancaları,1/3 Zımpara Kağıdı 5&#039;li 180 Kum,59.99,2026.05.20,05,0.0,0.0,0.0,
Boya Tabancaları,1/3 Zımpara Kağıdı Onlu Set 93x230 mm,99.99,2026.05.20,05,,0.0,,
Boya Tabancaları,Zımpara Diski Beşli 180 Kum,89.99,2026.05.20,05,0.0,0.0,0.0,
Boya Tabancaları,Ekzantrik Zımpara Set,199.9,2026.05.20,05,0.0,0.0,0.0,
Boya Tabancaları,Hso300 Eksantrik Zımpara 300w,2168.1,2026.05.20,05,1.0204081632653104,1.0204081632653104,1.538461538461534,
Boya Tabancaları,Zımpara Kağıdı 1/3 120 Kum,64.99,2026.05.20,05,8.334722453742279,8.334722453742279,8.334722453742279,
Boya Tabancaları,"Alman 598 Vf Orbital Devirli Kömürsüz Akülü Araç,parke,mermer,ahşap Polisaj Cila Makinesi",2499.0,2026.05.20,05,0.0,0.0,0.0,
Boya Tabancaları,C450 125 Mm 8 Delikli 240 Kum Zımpara Kağıdı 50&#039;li 2608621746,658.79,2026.05.20,05,0.0,0.0,0.0,
Boya Tabancaları,Planya Bıçağı Düz Sert Metal 35 2Li,940.0,2026.05.20,05,0.0,0.0,0.0,
Boya Tabancaları,Psm Zımpara 10&#039;lu Set,249.9,2026.05.20,05,0.0,0.0,0.0,
Boya Tabancaları,"TE-RS 18 Li - Solo, Akülü Eksantrik Zımpara",2129.0,2026.05.20,05,0.0,0.0,0.0,
Boya Tabancaları,Planya Bıçağı HM+CT,169.9,2026.05.20,05,0.0,0.0,0.0,
Boya Tabancaları,1/3 Zımpara Kağıdı Beşli 80 Kum,64.99,2026.05.20,05,0.0,0.0,0.0,
Boya Tabancaları,Expert S473 3&#039;lü Sünger Zımpara Çift Taraflı 2608901176,279.0,2026.05.20,05,0.0,0.0,0.0,
Boya Tabancaları,Zımpara Kağıdı Mixed Grit 125 mm,109.9,2026.05.20,05,0.0,0.0,0.0,
Boya Tabancaları,1/3 Zımpara Kağıdı 5&#039;li 80 Kum,54.99,2026.05.20,05,0.0,0.0,0.0,
Boya Tabancaları,PHO1500 Planya,4740.0,2026.05.20,05,0.06333122229259025,2.909248805905341,3.200522534291313,
Boya Tabancaları,Zımpara Kağıdı 1/3 80 Kum,64.99,2026.05.20,05,0.0,0.0,0.0,
Boya Tabancaları,Zımpara Kağıdı 1/3 40 Kum,54.99,2026.05.20,05,0.0,0.0,0.0,
Boya Tabancaları,1/3 Zımpara Kağıdı 5&#039;li 40 Kum,64.99,2026.05.20,05,0.0,0.0,0.0,
Boya Tabancaları,Zımpara Kağıdı Delta 5 Parça 93mm 40 gram,44.99,2026.05.20,05,0.0,0.0,0.0,
Boya Tabancaları,Hmlt260 Fonksiyonel Raspalama 260w Derz Kazıma Bıçağı Hediyeli,3214.28,2026.05.20,05,1.0204883383985925,1.5384226587228969,1.5384226587228969,
Boya Tabancaları,"TC-OS 18/187 Li - Solo, Akülü Zımpara",2961.84,2026.05.20,05,0.0,71.20561390528269,71.20561390528269,
Boya Tabancaları,Eksantrik Zımpara 300 Watt KE30125EZ,1936.82,2026.05.20,05,0.0,0.0,1.5999412480590878,
Boya Tabancaları,Zımpara Kağıdı Mixed Grit 115 mm,89.99,2026.05.20,05,0.0,0.0,0.0,
Boya Tabancaları,950 Watt Polisaj Makinesi GPO 950,7776.0,2026.05.20,05,0.0,10.769388560382568,10.769388560382568,
Boya Tabancaları,Zımpara Kağıdı Beşli 120 Kum,72.99,2026.05.20,05,0.0,0.0,0.0,
Boya Tabancaları,Zımpara Kağıdı Delta 5 Parça 93mm 180 gram,44.99,2026.05.20,05,0.0,0.0,0.0,
Boya Tabancaları,Multi Zımpara Kağıdı 10lu 102X62/93 mm,448.0,2026.05.20,05,0.0,72.37398999615237,72.37398999615237,
Boya Tabancaları,Zımpara Kağıdı Multi 5 Pc 80 Kum,64.99,2026.05.20,05,0.0,0.0,0.0,
Boya Tabancaları,Zımpara Kağıdı Delta 5 Parça 93mm 80 gram,39.99,2026.05.20,05,0.0,0.0,0.0,
Boya Tabancaları,Ss30 Eksantrk Zimpara 300w 125mm,3056.0,2026.05.20,05,0.06548788474132286,0.991407799074686,1.0916308303010256,
Boya Tabancaları,Pmf Üçgen Zımpara Altılı Set,139.9,2026.05.20,05,0.0,0.0,0.0,
Boya Tabancaları,900w Elektrikli Vakumlu Tozsuz Cila Özellikli Tank Zımpara Makinesi,1749.9,2026.05.20,05,0.0,0.0,0.0,
Boya Tabancaları,1/3 Zımpara Kağıdı Beşli 180 Kum,59.99,2026.05.20,05,0.0,0.0,0.0,
Boya Tabancaları,Polisaj Makinesi 1400 Watt GPO14 CE,8099.0,2026.05.20,05,0.0,0.0,0.0,
Boya Tabancaları,Tc-pl 750 750 W Planya Makinesi - 4345310,3000.0,2026.05.20,05,0.0,6.289127685129096,6.289127685129096,
Boya Tabancaları,RTM3760 EKSANTRİK ZIMPARA 430W  150MM RTRMAX,2369.0,2026.05.20,05,0.0,0.0,-5.109430576473225,
Boya Tabancaları,Rtrmax Rtm4760 Devi̇r Ayarli 450 Watt Eksantri̇k Zimpara,2528.86,2026.05.20,05,0.0,0.0,1.5998135827467685,
Boya Tabancaları,DWP849X-QS 1250W 150-180 mm Polisaj Makinesi,11500.0,2026.05.20,05,0.0,0.0,10.311750599520384,
Boya Tabancaları,Zımpara Bandı ve Mandreni (407),142.9,2026.05.20,05,0.0,0.0,0.0,
Boya Tabancaları,Mrs1300 Fırçalı Üniversal Zımpara - 5903819904,6125.4,2026.05.20,05,0.0,0.0,,
Boya Tabancaları,Wa2125 20 Parça Çok Amaçlı Zımpara Makinası Cırtlı Universal Yedek Zımpara Kâğıdı Seti,510.0,2026.05.20,05,0.0,0.0,0.0,
Boya Tabancaları,Wa2121 Çok Amaçlı Raspalama Makinası İçin 34x34mm 20adet 80kum Cırtlı Universal Parmak Zımpara Kâğıdı,483.0,2026.05.20,05,0.0,0.0,0.0,
Boya Tabancaları,Alman Profesyonel 1800 W 6 Kademeli Kutulu Pasta Cila Ve Zımpara Makinesi,2899.0,2026.05.20,05,0.0,-3.334444814938313,-3.334444814938313,
Boya Tabancaları,Alman 4200 Watt Bakir Sargili 6 Kademe Devir Ayarlı Polisaj Makinasi Zımpara Makinesi,2899.0,2026.05.20,05,0.0,-3.334444814938313,-3.334444814938313,
Boya Tabancaları,Wa2175 Çok Amaçlı Raspalama Makinası İçin 7mm Cırtlı Universal Parmak Zımpara Tabanı,553.0,2026.05.20,05,0.0,0.0,0.0,
Boya Tabancaları,"Wa2066 140x90mm 80 Kum, 15 Adet Cırtlı Universal Mouse Zımpara Kâğıdı",532.0,2026.05.20,05,0.0,0.0,0.0,
Boya Tabancaları,"Wa2003 76x30mm 60, 80, 120 Kum, 15 Adet Cırtlı Universal Mouse Parmak Zımpara Kâğıdı Seti",532.0,2026.05.20,05,0.0,0.0,0.0,
Boya Tabancaları,"Wa2068 140x90mm 240 Kum, 15 Adet Cırtlı Universal Mouse Zımpara Kâğıdı",584.0,2026.05.20,05,0.0,0.0,0.0,
Boya Tabancaları,"Wa2000 140x90mm 60, 80, 120 Kum, 15 Parça Cırtlı Universal Mouse Zımpara Kâğıdı Seti",584.0,2026.05.20,05,0.0,0.0,0.0,
Boya Tabancaları,Wa4964 Çok Amaçlı Raspalama Makinası İçin 50mm Universal Kazıma Bıçağı,699.0,2026.05.20,05,0.0,0.0,0.0,
Boya Tabancaları,Wa2173 Çok Amaçlı Raspalama Makinası İçin 1mm Cırtlı Universal Parmak Zımpara Tabanı,553.0,2026.05.20,05,0.0,0.0,0.0,
Boya Tabancaları,21-18os Akülü Eksantrik Zımpara 18 V 2.0 Ah - Tek Akülü,5300.0,2026.05.20,05,0.0,0.0,0.0,
Boya Tabancaları,Wa2115 20 Parça Çok Amaçlı Zımpara Makinası Cırtlı Universal Yedek Delikli Zımpara Kâğıdı Seti,764.0,2026.05.20,05,0.0,0.0,0.0,
Boya Tabancaları,Pro Plus Dikey Polisaj Zımpara 4000 Watt Halı Araba Koltuk Yıkama Makinesi 125mm Devir Ayarlı.,1299.0,2026.05.20,05,0.0,0.0,0.0,
Boya Tabancaları,C450 125 Mm 8 Delikli 180 Kum Zımpara Kağıdı 50&#039;li 2608621745,782.0,2026.05.20,05,0.0,18.70246967926047,18.70246967926047,
Boya Tabancaları,Bay Tec Bay-tec Su Zımparası - Kağıt Zımpara - Zımpara Kağıdı 100 Numara - 100 Kum,107.1,2026.05.20,05,0.0,0.0,0.0,
Boya Tabancaları,Alman Pro 4200 Wat Bakir Sargili 6 Kademe Devir Ayarlı Polisaj Makinasi Zımpara Pasta Cila Makinesi,2899.0,2026.05.20,05,0.0,0.0,0.0,
Boya Tabancaları,900w Elektrikli Vakumlu Tank Zımpara Makinesi,1749.9,2026.05.20,05,0.0,0.0,0.0,
Boya Tabancaları,Bx1600 Bordo Şarjli Planya,6700.0,2026.05.20,05,0.0,0.0,0.0,
Boya Tabancaları,C450 125 Mm 8 Delikli 60 Kum Zımpara Kağıdı 50&#039;li 2608621740,590.43,2026.05.20,05,0.0,0.0,0.0,
Boya Tabancaları,Einhell Tc Bg 150 B Taş Motoru 350 Watt,5464.93,2026.05.20,05,0.0,58.17498748187406,58.17498748187406,
Boya Tabancaları,Klha603v6 Profesyonel Havalı Eksantrik Dairesel Zımpara,2310.0,2026.05.20,05,0.0,0.0,0.0,
Boya Tabancaları,Rtrmax Rtm3730 Titreşimli Zımpara Makinesi 320 W,1860.47,2026.05.20,05,0.0,0.0,-0.7876325163712369,
Boya Tabancaları,Bosch Pss 250 Ae Elektrikli Titreşimli Zımpara Makinası,3689.0,2026.05.20,05,0.054244643341470035,16.464456083523554,16.464456083523554,
Boya Tabancaları,Sgs Vakumlu Elmas Multi-metal Kesi̇ci̇ 125 Mm Sgs2366,459.0,2026.05.20,05,0.0,0.0,0.0,
Boya Tabancaları,Meridyen Sunta Vidası 3.5x13mm 1000 Adet,374.0,2026.05.20,05,0.0,0.0,0.0,
Boya Tabancaları,C450 125 Mm 8 Delikli 100 Kum Zımpara Kağıdı 50&#039;li 2608621742,782.0,2026.05.20,05,0.0,0.0,46.30769518606522,
Boya Tabancaları,C450 125 Mm 8 Delikli 120 Kum Zımpara Kağıdı 50&#039;li 2608621743,782.0,2026.05.20,05,0.0,,0.0,
Boya Tabancaları,"Zımpara Kağıdı 10&#039;lu Set, 93 X 230 Mm 60/120/180 Kum 8 Delik 2609256b00",459.0,2026.05.20,05,0.0,0.0,0.0,
Boya Tabancaları,Tireşimli Zımpara Kağıdı 93x230 Mm 8 Delikli 40 Kum 10&#039;lu 2609256b01,634.0,2026.05.20,05,0.0,0.0,0.0,
Boya Tabancaları,C450 125 Mm Deliksiz 80 Kum Zımpara Kağıdı 50&#039;li 2608621750,814.0,2026.05.20,05,0.0,0.0,0.0,
Boya Tabancaları,Bant Zımpara 13 mm 120 Kum (432),249.9,2026.05.20,05,0.0,0.0,0.0,
Boya Tabancaları,"Bant Zımpara 6,4 mm 120 Kum (438)",229.9,2026.05.20,05,0.0,0.0,0.0,
Boya Tabancaları,"CC-PO 1100-2E, Polisaj ve Zımpara Makinesi",7278.7,2026.05.20,05,0.0,0.0,0.0,
Boya Tabancaları,102 X 62/93 Mm 180 Kum Multi Üçgen Zımpara Kağıdı 2609256a65,401.0,2026.05.20,05,0.0,0.0,0.0,
Boya Tabancaları,Zımpara Kağıdı 1/2 80 Kum,79.99,2026.05.20,05,0.0,0.0,0.0,
Boya Tabancaları,Tank Zımpara 75x457mm 60 Kum,265.28,2026.05.20,05,0.0,-0.6441947565543173,0.09055236945364935,
Boya Tabancaları,C450 125 Mm 8 Delikli 40 Kum Zımpara Kağıdı 50&#039;li 2608621739,874.0,2026.05.20,05,0.0,,,
Boya Tabancaları,Taşlama Velcro Zımpara Arka Panel 125 mm,179.9,2026.05.20,05,0.0,0.0,0.0,
Boya Tabancaları,Zımpara Kağıdı 115 mm,59.99,2026.05.20,05,0.0,0.0,0.0,
Boya Tabancaları,Ex610 6/21 Orbital 150 Mm Polisaj Makinesi,14400.0,2026.05.20,05,0.0,0.0,0.0,
Boya Tabancaları,Zımpara Kağıdı 1/3 180 Kum,64.99,2026.05.20,05,0.0,0.0,0.0,
Boya Tabancaları,Zımpara Diski Beşli 80 Kum,89.99,2026.05.20,05,0.0,0.0,0.0,
Boya Tabancaları,Expert S471 1&#039;li Sünger Zımpara 69x97x26 Mm Süper İnce 2608901180,200.0,2026.05.20,05,0.0,0.0,0.0,
Boya Tabancaları,Acc-1199 Şarjlı Polisaj Makinesi,1999.0,2026.05.20,05,0.0,0.0,0.0,
Boya Tabancaları,Polisaj Makinesi 1400 Watt KLPJ42180,3895.58,2026.05.20,05,0.0,0.0,1.6000605075856145,
Boya Tabancaları,"Tc-os 1520, Titreşim Zımpara - 4460640",2098.76,2026.05.20,05,0.0,0.0,0.0,
Boya Tabancaları,M480 125 Mm 80 Kum Elek Telli Ağ Zımpara 2608900671,422.0,2026.05.20,05,0.0,0.0,0.0,
Boya Tabancaları,Tank Zımpara Kağıdı Üçlü 75x457,139.9,2026.05.20,05,0.0,0.0,0.0,
Boya Tabancaları,Çift Akülü Orbital 58 V Lityum 2x Batarya 6 Devir Ayarlı Detay Pasta Cila Zımpara Polisaj Makinesi.,2587.0,2026.05.20,05,0.0,0.0,0.0,
Boya Tabancaları,Zımpara Kağıdı Multi 5 Parça 180 gram,64.99,2026.05.20,05,0.0,0.0,0.0,
Boya Tabancaları,Cc-po 1100/150 Ce Polisaj,3999.0,2026.05.20,05,0.0,0.0,0.0,
Boya Tabancaları,Gex 34-150 Eksantrik Zımpara,12699.0,2026.05.20,05,0.0,,0.0,
Boya Tabancaları,"Silikon Karpit Uç  4,8 mm (84922)",399.9,2026.05.20,05,0.0,0.0,0.0,
Boya Tabancaları,Alaşımlı Kesme Bıçağı 78 mm,349.9,2026.05.20,05,0.0,0.0,0.0,
Boya Tabancaları,Pho 2000 Planya,4599.0,2026.05.20,05,0.0,0.0,0.0,
Boya Tabancaları,"Tc-us 380, Tezgah Bant Zimpara",8799.0,2026.05.20,05,0.0,0.0,0.0,
Boya Tabancaları,"Tc-rs 425 E, Eksantrik Zimpara",2899.0,2026.05.20,05,0.0,0.0,0.0,
Boya Tabancaları,RTM3730 TİTREŞİMLİ ZIMPARA MAKİNESİ 320W 93*185MM,1821.66,2026.05.20,05,0.0,0.0,1.6001383179863609,
Boya Tabancaları,900w Elektrikli Vakumlu Cila Özellikli Tank Zımpara Makinesi,1749.9,2026.05.20,05,0.0,0.0,0.0,
Boya Tabancaları,Plus 900w Elektrikli Vakumlu Tozsuz Cila Özellikli Tank Zımpara Makinesi,1749.9,2026.05.20,05,0.0,0.0,0.0,
Boya Tabancaları,Plus 360&#039;ledli 850w Pro Alçıpan Zımpara Makinası Toz Emmeli,2999.9,2026.05.20,05,0.0,0.0,,
Boya Tabancaları,"Mini Şarjlı Polisaj Makinesi 2000 Mah. 10 Cm Parlatma Yüzeyi, Sünger - Fırça - Zımpara Seti",2499.0,2026.05.20,05,0.0,0.0,0.0,
Boya Tabancaları,Pr 690e 550 W Uzun Kalipçi Taşlama,3184.8,2026.05.20,05,0.0,0.0,0.0,
Boya Tabancaları,Pr 1001 Multi̇ Elektri̇kli̇ Çok Amaçli Maki̇na,4312.8,2026.05.20,05,0.0,0.0,0.0,
Boya Tabancaları,Pr 470 Ex Eksantri̇k Zimpara Maki̇nasi,3885.6,2026.05.20,05,0.0,0.0,0.0,
Boya Tabancaları,Pr350e Ti̇treşi̇m Zimpara Maki̇nasi,3372.0,2026.05.20,05,0.0,0.0,0.0,
Boya Tabancaları,Butools 4200 Watt Polisaj Makinasi Zımpara Pasta Cila Makinesi,3500.0,2026.05.20,05,0.0,0.0,0.0,
Boya Tabancaları,Butools  4200 Watt Polisaj Makinasi Zımpara Pasta Cila Makinesi,3500.0,2026.05.20,05,0.0,0.0,0.0,
Boya Tabancaları,Rbds4601g Elektrikli Bant Ve Disk Zımpara Makinesi 370 W - 5133002858,16142.0,2026.05.20,05,0.0,0.0,0.0,
Boya Tabancaları,Rss200-g Titreşimli Zımpara 200w - 5133003500,3056.4,2026.05.20,05,0.0,0.0,0.0,
Boya Tabancaları,Te-rs 18 Li-solo Eksantrik Zımpara + 1 X 2.5 Ah Starter Kit Akü Ve Şarj Aleti,3619.0,2026.05.20,05,0.0,0.0,,
Boya Tabancaları,Rss280-s Titreşimli Zımpara 280w - 5133003502,4420.4,2026.05.20,05,0.0,0.0,0.0,
Boya Tabancaları,Te-rs 18 Li-solo Eksantrik Zımpara + 1 X 4 Ah Starter Kit Akü Ve Şarj Aleti,4099.0,2026.05.20,05,0.0,0.0,,
Boya Tabancaları,Pp-9520 Şarjlı Polisaj Makinesi 12.5 Cm Başlık Sünger Seti Hafif Tasarım,1932.0,2026.05.20,05,0.0,0.0,0.0,
Boya Tabancaları,C450 125 Mm 8 Delikli 320 Kum Zımpara Kağıdı 50&#039;li 2608621747,782.0,2026.05.20,05,0.0,0.0,0.0,
Boya Tabancaları,Li-ion Akülü Ti̇treşi̇mli̇ Zimpara Tshsli20141,3189.0,2026.05.20,05,0.0,0.0,0.0,
Boya Tabancaları,RTM3793 ALÇIPAN DUVAR ZIMPARA MAKİNESİ 710W 225MM,7252.75,2026.05.20,05,0.0,0.0,1.600049309871924,
Boya Tabancaları,Psm 80 A Titreşimli Zımpara,2287.0,2026.05.20,05,0.263042525208242,0.263042525208242,2.694207453973956,
Boya Tabancaları,Çanak Fırça 70-6 mm,199.9,2026.05.20,05,0.0,0.0,0.0,
Boya Tabancaları,Expert S470 Sünger Zımpara 69x97x26 Mm İnce 1 Adet 2608621922,220.0,2026.05.20,05,0.0,,,
Boya Tabancaları,Su Zımpara P600 Kum,165.99,2026.05.20,05,0.0,0.0,0.0,
Boya Tabancaları,Expert S471 3&#039;lü Set Sünger Zımpara 69x97x26 Mm 2608901175,318.0,2026.05.20,05,0.0,0.0,0.0,
Boya Tabancaları,Klpj7171 720 W 150 Mm Profesyonel Orbital Polisaj Makinesi Yedek Kömür Hediyeli,7000.0,2026.05.20,05,0.0,0.0,0.0,
Boya Tabancaları,RTM3990 ELEKTRİKLİ PLANYA MAKİNESİ 900W 82*3MM,2889.88,2026.05.20,05,0.0,0.0,1.600002812573618,
Boya Tabancaları,Rtrmax Rtm4740 Ti̇treşi̇mli̇ Zimpara 240 Watt 13.000d/dk,1804.37,2026.05.20,05,0.0,0.0,1.600270277879436,
Boya Tabancaları,Rtrmax Rtm1460 Orbi̇tal Devi̇r Ayarli 1000 Watt 150mm Poli̇saj Maki̇nesi̇,5240.74,2026.05.20,05,0.0,0.0,,
Boya Tabancaları,Professional Gpo 14-180 S Polisaj Makinesi,7584.0,2026.05.20,05,0.013187392852433073,-0.9792401096748923,,
Boya Tabancaları,Ss30 Eksantrik Zımpara Makinası 300 Watt 125mm,3055.0,2026.05.20,05,0.03274394237066143,-1.1646716273050794,1.0585511081706915,
Boya Tabancaları,C450 125 Mm 8 Delikli 80 Kum Zımpara Kağıdı 50&#039;li 2608621741,782.0,2026.05.20,05,0.0,49.66793622844456,,
Boya Tabancaları,Eisenn Bluer Led Işıklı Toz Emmeli Alçıpan Duvar Zımpara Makinası Devir Ayarlı,9999.9,2026.05.20,05,0.0,0.0,47.05951558111149,
Boya Tabancaları,Eisenn Red Led Işıklı Toz Emmeli Alçıpan Duvar Zımpara Makinası Devir Ayarlı,9999.9,2026.05.20,05,0.0,0.0,47.05951558111149,
Boya Tabancaları,C450 125 Mm 8 Delikli 150 Kum Zımpara Kağıdı 50&#039;li 2608621744,658.79,2026.05.20,05,0.0,0.0,0.0,
Boya Tabancaları,Einhell Te Rs 40 E Eksantrik Zımpara 400 Watt,3568.01,2026.05.20,05,0.0,0.0,0.0,
Boya Tabancaları,Profesyonel Led Işıklı Alçıpan Duvar Zımpara Makinası Toz Emmeli,5999.0,2026.05.20,05,0.0,0.0,0.0,
Boya Tabancaları,Att 1200 P Polisaj Motoru,9999.0,2026.05.20,05,0.0,,,
Boya Tabancaları,Rtrmax Rtm421a Sulu Zımpara Taş Motoru 250w 150/200mm,3037.52,2026.05.20,05,0.0,0.0,,
Boya Tabancaları,PEX 400 AE Eksantrik Zımpara,4943.0,2026.05.20,05,0.020234722784297856,,,
Boya Tabancaları,Takoz Sünger Zımpara 100 Kum El Zımparası 1 Adet Tencere Metal Ahşap El Zımparası Mobilya Çelik Tava Hobi Islak Kuru,138.54,2026.05.20,05,0.0,0.0,0.0,
Boya Tabancaları,"Tank Zımpara Kağıdı 3&#039;lü, 75 X 533 Mm 40 Kum 2609256216",536.0,2026.05.20,05,0.0,0.0,,
Boya Tabancaları,Expert S470 Sünger Zımpara 69x97x26 Mm Orta 1 Adet,220.0,2026.05.20,05,0.0,,,
Boya Tabancaları,Evye Pet Zimpara Kuru  3000,359.0,2026.05.20,05,0.0,0.0,,
Boya Tabancaları,Di̇sk Zimpara Tabani Cirtli 125mm Koni̇k,249.0,2026.05.20,05,0.0,0.0,0.0,
Boya Tabancaları,Tc-us 380 Tezgah Bant Zımpara Makinesi- 4419257 Kırmızı,6790.9,2026.05.20,05,0.0,0.0,,
Boya Tabancaları,1/3 Zımpara Kağıdı 120 Kum,72.99,2026.05.20,05,0.0,0.0,0.0,
Boya Tabancaları,Fixonic B.h.d Bhd00813 82x5.5x1.2mm Planya Bıçağı 2 Adet Set,180.57,2026.05.20,05,0.0,0.29995000833194024,,
Boya Tabancaları,Taşlama Velcro Zımpara Arka Panel 115 mm,229.9,2026.05.20,05,0.0,,,
Boya Tabancaları,Psm 5220 Elektrikli Titreşim Zımpara Makinesi 160w,1099.0,2026.05.20,05,0.0,0.0,0.0,
Boya Tabancaları,360&#039;ledli 850w Pro Alçıpan Zımpara Makinası Toz Emmeli,2999.9,2026.05.20,05,0.0,15.385207123350897,15.385207123350897,
Boya Tabancaları,Bay-tec Mk0220 10lu Flap Disk 115x22mm Metal Ahşap Zımpara 40kum,619.0,2026.05.20,05,0.0,,,
Boya Tabancaları,Sia 1949 150 &#039;lik Hookıt 7 Delikli Cırtlı Zımpara 80 Kum 10 Adet,339.91,2026.05.20,05,,0.0,0.0,
Boya Tabancaları,Atlas Zımpara A4 Boyutunda  3 Adet 120 Kum,369.25,2026.05.20,05,,0.0,0.0,
Boya Tabancaları,Atlas Zımpara A4 Boyutunda  3 Adet 220 Kum,369.25,2026.05.20,05,0.0,0.0,0.0,
Boya Tabancaları,Atlas Zımpara A4 Boyutunda  3 Adet 60 Kum,369.25,2026.05.20,05,0.0,0.0,0.0,
Boya Tabancaları,Atlas Zımpara A4 Boyutunda  3 Adet 150 Kum,369.25,2026.05.20,05,0.0,0.0,0.0,
Boya Tabancaları,Atlas Zımpara A4 Boyutunda  3 Adet 180 Kum,369.25,2026.05.20,05,0.0,0.0,0.0,
Boya Tabancaları,Lieber German Teknoloji Setli 6 Kademe Devir Ayarlı 115 Mm Dik Polisaj Halı Koltuk Yıkama Cila Polisaj Makinası,1499.0,2026.05.20,05,0.0,0.0,0.0,
Boya Tabancaları,H3504 300 Watt Titreşimli Zımpara,2866.5,2026.05.20,05,0.0,0.0,0.0,
Boya Tabancaları,Hmlt260 Fonksiyonel Raspalama 260w,3422.25,2026.05.20,05,0.0,0.0,0.0,
Boya Tabancaları,Ps20s Akülü Polisaj 30000rpm 254mm Akü Ve Şarj Hariç,4265.62,2026.05.20,05,0.0,0.0,0.0,
Boya Tabancaları,Hso150 Titreşimli Zımpara 150w,1514.7,2026.05.20,05,1.020408163265303,1.020408163265303,1.5384615384615414,
Boya Tabancaları,Kl Pro Kllzr232 Profesyonel Yatay Dikey Ve Nokta Otomatik Hizalamalı Lazer Distomatı,8259.57,2026.05.20,05,0.0,0.0,1.5999753982409708,
Boya Tabancaları,Kl Pro Klzc6030e Elektrikli Profesyonel 15mm Çivi Çakma Ve 8/16 Zımba Çakma Makinesi,1905.05,2026.05.20,05,0.0,0.0,,
Boya Tabancaları,Kl Pro Klez35230 Titreşimli Zımpara 350w,2434.52,2026.05.20,05,0.0,0.0,,
Boya Tabancaları,Kl Pro Kldz8821 880watt Profesyonel Alçıpan Zımpara Makinası,9317.7,2026.05.20,05,0.0,0.0,,
Boya Tabancaları,Scheppach Osm100 Salınımlı Zımpara Makinesi 450w,9879.51,2026.05.20,05,0.0,0.0,1.9850916827445788,
Boya Tabancaları,Kl Pro Klez35230 350 W Titreşimli Zımpara,2386.85,2026.05.20,05,0.0,0.0,1.6000783225355937,
Boya Tabancaları,Klez43110 150watt Profesyonel Titreşimli Zımpara,2169.77,2026.05.20,05,0.0,0.0,1.600018730099273,
Boya Tabancaları,C450 125 Mm Deliksiz 120 Kum Zımpara Kağıdı 50&#039;li 2608621752,534.49,2026.05.20,05,0.0,0.0,0.0,
Boya Tabancaları,C450 150 Mm 15 Delikli 240 Kum Zımpara Kağıdı 50&#039;li 2608621737,640.15,2026.05.20,05,0.0,0.0,0.0,
Boya Tabancaları,C450 150 Mm 6 Delikli 120 Kum Zımpara Kağıdı 50&#039;li 2608621725,640.15,2026.05.20,05,0.0,0.0,0.0,
Boya Tabancaları,C450 125 Mm Deliksiz 320 Kum Zımpara Kağıdı 50&#039;li 2608621756,534.49,2026.05.20,05,0.0,0.0,0.0,
Boya Tabancaları,C450 125 Mm Deliksiz 240 Kum Zımpara Kağıdı 50&#039;li 2608621755,534.49,2026.05.20,05,0.0,0.0,0.0,
Boya Tabancaları,C450 125 Mm Deliksiz 180 Kum Zımpara Kağıdı 50&#039;li 2608621754,534.49,2026.05.20,05,0.0,,0.0,
Boya Tabancaları,C450 150 Mm 15 Delikli 150 Kum Zımpara Kağıdı 50&#039;li 2608621735,640.15,2026.05.20,05,0.0,0.0,0.0,
Boya Tabancaları,C450 150 Mm 15 Delikli 60 Kum Zımpara Kağıdı 50&#039;li 2608621731,744.56,2026.05.20,05,0.0,0.0,0.0,
Boya Tabancaları,C450 150 Mm 6 Delikli 40 Kum Zımpara Kağıdı 50&#039;li 2608621721,801.73,2026.05.20,05,0.0,0.0,0.0,
Boya Tabancaları,C450 150 Mm 6 Delikli 180 Kum Zımpara Kağıdı 50&#039;li 2608621727,783.09,2026.05.20,05,0.0,0.0,0.0,
Boya Tabancaları,C450 150 Mm 15 Delikli 40 Kum Zımpara Kağıdı 50&#039;li 2608621730,801.73,2026.05.20,05,0.0,0.0,0.0,
Boya Tabancaları,C450 150 Mm 6 Delikli 240 Kum Zımpara Kağıdı 50&#039;li 2608621728,640.15,2026.05.20,05,0.0,0.0,0.0,
Boya Tabancaları,C450 150 Mm 6 Delikli 150 Kum Zımpara Kağıdı 50&#039;li 2608621726,640.14,2026.05.20,05,0.0,,0.0,
Boya Tabancaları,C450 150 Mm 15 Delikli 100 Kum Zımpara Kağıdı 50&#039;li 2608621733,640.15,2026.05.20,05,0.0,0.0,0.0,
Boya Tabancaları,C450 150 Mm 6 Delikli 80 Kum Zımpara Kağıdı 50&#039;li 2608621723,807.95,2026.05.20,05,0.0,0.0,0.0,
Boya Tabancaları,C450 150 Mm 15 Delikli 320 Kum Zımpara Kağıdı 50&#039;li 2608621738,640.15,2026.05.20,05,0.0,,0.0,
Boya Tabancaları,Flap Disk Zımpara 115mm - 80 Kum,89.99,2026.05.20,05,0.0,0.0,0.0,
Boya Tabancaları,Bağlantı Flanşı M14 Diş İçin,202.9,2026.05.20,05,0.0,0.0,0.0,
Boya Tabancaları,Cat Power 3453 Titreşim Zımpara 350 Watt,4164.92,2026.05.20,05,0.0,0.0,0.0,
Boya Tabancaları,Polisaj Mke,2537.0,2026.05.20,05,0.0,0.0,,
Boya Tabancaları,Profesyonel Polisaj Makinası,4469.82,2026.05.20,05,0.0,0.0,0.0,
Boya Tabancaları,10&#039;&#039; Planya Ve Kalınlık Makinası,31232.16,2026.05.20,05,0.0,0.0,0.0,
Boya Tabancaları,Havalı Kumlama Tabanacası Mtl,1038.0,2026.05.20,05,0.0,0.0,0.0,
Boya Tabancaları,C450 125 Mm Deliksiz 150 Kum Zımpara Kağıdı 50&#039;li 2608621753,534.49,2026.05.20,05,0.0,,0.0,
Boya Tabancaları,C450 150 Mm 6 Delikli 60 Kum Zımpara Kağıdı 50&#039;li 2608621722,744.56,2026.05.20,05,0.0,0.0,0.0,
Boya Tabancaları,"Cc-po 1100/150 E, Polisaj Makinesi - 2093275 Kırmızı",5221.85,2026.05.20,05,0.0,0.0,0.0,
Boya Tabancaları,Cc-po 1100/1e Çantalı Polisaj Ve Zımpara Makinesi-2093264 Kırmızı,5783.39,2026.05.20,05,0.0,0.0,0.0,
Boya Tabancaları,Kl Pro Klpj42180 1400watt 180mm/230mm Profesyonel Polisaj Makinesi,4128.84,2026.05.20,05,,0.0,,
Boya Tabancaları,Tc-pe 150 Havalı Zımpara - 4133330,3401.85,2026.05.20,05,0.0,0.0,0.0,
Boya Tabancaları,Cat Power 1811 Havalı Orbital Zımpara 150 Mm,4934.16,2026.05.20,05,0.0,0.0,0.0,
Boya Tabancaları,Klpj42180 1400w 180 Mm Profesyonel Polisaj Makinesi,3895.58,2026.05.20,05,0.0,0.0,1.6000605075856145,
Boya Tabancaları,Klpj7171 720watt 150mm Profesyonel Orbital Polisaj Makinesi,6353.27,2026.05.20,05,0.0,0.0,,
Boya Tabancaları,Klpro Kldz8821 880 W Profesyonel Alçıpan Zımpara Makinesi,9311.83,2026.05.20,05,0.0,0.0,1.599966831020409,
Boya Tabancaları,Kleco Polisaj Makinesi 1200 W 180 Mm Devir Ayarlı Set Ke12180ps,2847.51,2026.05.20,05,0.0,0.0,1.5999029496872677,
Boya Tabancaları,Alman Pro 4000 Watt Bakır Sargılı Motor Korumalı Sistem Çift Bıçaklı Planya Rende Makinesi-sarı,1999.0,2026.05.20,05,0.0,0.0,0.0,
Boya Tabancaları,Alman Pro 4000 Watt Bakır Sargılı Motor Korumalı Sistem Çift Bıçaklı Planya Rende Makinesi-mavi,1999.0,2026.05.20,05,0.0,0.0,0.0,
Boya Tabancaları,Te-os 2520 E Titreşim Zımpara 250w,3039.7,2026.05.20,05,0.0,0.0,,
Boya Tabancaları,C450 150 Mm 6 Delikli 100 Kum Zımpara Kağıdı 50&#039;li 2608621724,783.09,2026.05.20,05,0.0,,,
Boya Tabancaları,Ka280k-qs 220 Watt Autoselect Çok Amaçlı Zımpara,5174.27,2026.05.20,05,0.0,0.0,0.0,
Boya Tabancaları,Klez35230 Titreşimli Zımpara 350W,2386.85,2026.05.20,05,0.0,0.0,,
Boya Tabancaları,Alçıpan Zımpara Makinesi KLDZ8821,9311.83,2026.05.20,05,0.0,0.0,1.599966831020409,
Boya Tabancaları,Fixonic B.h.d Bhd00812 115mm Cırt Taban,140.0,2026.05.20,05,0.0,0.0,0.0,
Boya Tabancaları,Nikon N32063 60 Kum 60x15 Saplı Fırfır Zımpara,186.69,2026.05.20,05,0.0,0.0,0.0,
Boya Tabancaları,Klpro Klps18b-50 18volt/5.0ah Li-ion Çift Akülü Kömürsüz 125mm Profesyonel Polisaj Makinesi,10853.15,2026.05.20,05,0.0,0.0,1.600040440994063,
Boya Tabancaları,Klpro Klps18b-00 18v Aküsüz/solo Tek Makine Kömürsüz 125mm Prof. Polisaj Makinesi,4286.33,2026.05.20,05,0.0,0.0,1.5999696598345987,
Boya Tabancaları,Kleco 1200w Polisaj Makinesi (pasta Cila) Ke12180ps,2847.51,2026.05.20,05,0.0,,,
Boya Tabancaları,Klpro Klez18-20 18v/2.0ah. 125mm Çift Akülü Şarjlı Eksantrik Zımpara,4829.04,2026.05.20,05,0.0,0.0,,
Boya Tabancaları,Orbital Polisaj Makinesi 720 Watt 150 mm KLPJ7171,6353.27,2026.05.20,05,0.0,0.0,1.599975692523215,
Boya Tabancaları,PSS 200 AC Zımpara,4198.76,2026.05.20,05,0.0,,,
Boya Tabancaları,Pho 2000 680 W Planya Makinesi 06032a4100,6706.47,2026.05.20,05,0.0,0.0,0.0,
Boya Tabancaları,Rtrmax Rtx2045b Kömürsüz Devi̇r Ayarli Akülü 18v 4 Ah Tank Zimpara (aküsüz Ve Şarj Aletsi̇z ),4467.54,2026.05.20,05,0.0,0.4727292354470355,2.080201073917513,
Boya Tabancaları,Rtrmax Rtx2045 Akülü Kömürsüz Devi̇r Ayarli 18v 4 Ah Çi̇ft Akü Tank Zimpara,9000.01,2026.05.20,05,0.0,0.0,1.5999720035943723,
Boya Tabancaları,Rtrmax Rtx2047 Akülü Kömürsüz Planya 18 Volt 4ah Çi̇ft Akü,8731.64,2026.05.20,05,0.0,0.3233182053196923,1.928455694547547,
Boya Tabancaları,Rtrmax Rtx2047b Akülü Kömürsüz Planya 18v 4ah (aküsüz Ve Şarj Aletsi̇z Satilmaktadir),4658.32,2026.05.20,05,0.0,0.0,1.6000139586822935,
Boya Tabancaları,Cmc 180 Mm Polisaj Makinası 2000w - Cmc3905,3599.73,2026.05.20,05,0.0,0.0,1.6000383851156086,
Boya Tabancaları,Rtrmax Rtrmax Alipçi Taşlama Uzun 450 W,2275.69,2026.05.20,05,0.0,0.0,,
Boya Tabancaları,Orbital Polisaj Makinesi Rtm1450,5294.21,2026.05.20,05,0.0,,1.599933983772288,
Boya Tabancaları,Rtrmax Rtm3990 Elektrikli Planya 900w 82*3mm,2889.88,2026.05.20,05,0.0,0.0,1.600002812573618,
Boya Tabancaları,Rtrmax Rtm420a Zımpara Taş Motoru 400w 200x20x16mm,3300.98,2026.05.20,05,0.0,0.0,1.5998768851954452,
Boya Tabancaları,RTM420A ZIMPARA MOTORU 400W 200MM,3300.98,2026.05.20,05,0.0,0.0,1.5998768851954452,
Boya Tabancaları,RTM1490 POLİSAJ MAKİNESİ 1200W 180 MM,3554.64,2026.05.20,05,0.0,4.578993821712265,1.6000411586150132,
Boya Tabancaları,RTM3740 AVUÇ İÇİ TİTREŞİMLİ ZIMPARA MAKİNESİ 230W 100*110 MM,1773.99,2026.05.20,05,0.0,0.0,1.6001832708112629,
Boya Tabancaları,RTM3750 TİTREŞİMLİ ZIMPARA MAKİNESİ 320W 115*230 MM,2593.37,2026.05.20,05,0.0,0.0,1.599981195127959,
Boya Tabancaları,RTM417A ZIMPARA MOTORU 350W 175MM,2805.17,2026.05.20,05,0.0,0.0,1.6001506705928055,
Boya Tabancaları,RTM1450 ORBİTAL POLİSAJ MAKİNESİ 720 W 150MM,5291.48,2026.05.20,05,0.0,-0.05156576713051565,1.5475431984094583,
Boya Tabancaları,RTX2086B AKÜLÜ ALÇIPAN DUVAR ZIMPARA MAKİNESİ KÖMÜRSÜZ X-LION *AKÜSÜZ SATILMAKTADIR*,10701.47,2026.05.20,05,0.0,0.0,1.600028102315202,
Boya Tabancaları,RTX1847B AKÜLÜ PLANYA 18V *AKÜSÜZ* RTRMAX X-LION,3501.54,2026.05.20,05,0.0,0.0,1.5999303621169878,
Boya Tabancaları,RTM3780 TANK ZIMPARA MAKİNESİ 1050W 76*533 MM DEVİR AYARLI,3299.0,2026.05.20,05,0.0,0.0,2.268887504223747,
Boya Tabancaları,RTM421A ZIMPARA MOTORU 250W 150/200MM,3061.55,2026.05.20,05,0.0,0.8116829661826234,2.4248344802898565,
Boya Tabancaları,"RTM3970 ELEKTRİKLİ PLANYA MAKİNESİ 800W 82*2,5MM",2540.42,2026.05.20,05,0.0,0.0,1.6001375774373092,
Boya Tabancaları,RTM415A ZIMPARA MOTORU 150W 150MM,2136.72,2026.05.20,05,0.0,0.0,1.7001427891480154,
Boya Tabancaları,RTX2059B AKÜLÜ ORBİTAL POLİSAJ KÖMÜRSÜZ 125MM X-LION *AKÜSÜZ SATILMAKTADIR*,6299.0,2026.05.20,05,0.0,0.0,,
Boya Tabancaları,Rtrmax Rtm3780 Tank Zımpara 1050w,3811.3,2026.05.20,05,0.0,,1.5999872043675751,
Boya Tabancaları,Polisaj Makinası Rtm1490,3525.25,2026.05.20,05,0.0,0.0,,
Boya Tabancaları,Rtrmax Rtm417a Zımpara Taş Motoru 350 W 175x20x16m,2810.51,2026.05.20,05,0.0,,1.600000000000008,
Boya Tabancaları,Rtrmax Rtm1430 Devi̇r Ayarli 1300w Mop Zimpara Maki̇nesi̇,5617.46,2026.05.20,05,0.0,,1.5999276541870147,
Boya Tabancaları,Rtrmax Büyük Taşlama Maki̇nesi̇ 230 Mm 2300 W,4611.95,2026.05.20,05,0.0,0.0,1.600019386163569,
Boya Tabancaları,Rtrmax Rtm4730 Devi̇r Ayarli 260 W 13.000 D/dk Ti̇treşi̇mli̇ Zimpara,2206.86,2026.05.20,05,0.0,0.0,1.5998268964278972,
Boya Tabancaları,Rtrmax Rtm1495 Devi̇r Ayarli 1200 Watt 180mm Poli̇saj Maki̇nesi̇,3620.55,2026.05.20,05,0.0,0.0,1.6000987784584382,
Boya Tabancaları,Rtrmax Rtm4770 Devi̇r Ayarli 350 Watt Orbi̇tal Poli̇saj Maki̇nesi̇,8830.9,2026.05.20,05,0.0,,1.600008283641071,
Boya Tabancaları,Rtrmax Rtm4750 Devi̇r Ayarli 380 Watt Zimpara Maki̇nesi̇,2586.37,2026.05.20,05,0.0,,1.599990572115461,
Boya Tabancaları,Rtrmax Rtm3740 Titreşimli Eksantrik Zımpara Makinası 230w,1764.39,2026.05.20,05,0.0,0.0,,
Boya Tabancaları,Sv13ya 125mm 230w Profesyonel Eksantrik Zımpara Makinesi,8139.58,2026.05.20,05,0.0,,,
Boya Tabancaları,P20st 82mm 580w Profesyonel Planya Makinesi,8682.29,2026.05.20,05,0.0,,,
Boya Tabancaları,Sp18va 180mm 1250w Profesyonel Polisaj Makinesi,16171.7,2026.05.20,05,0.0,,,
Boya Tabancaları,Rtrmax  Rtm3970 Elektrikli Planya Makinası 800w,2641.16,2026.05.20,05,0.0,,,
Boya Tabancaları,X-lock 115mm R444 G 36 Expert For Metal Fiber Zımpara Disk - 2608619166,138.0,2026.05.20,05,0.0,,0.7299270072992701,
Boya Tabancaları,Black&amp;decker Ka191ek-qs 480w 125mm Eksantrik Zımpara,3046.0,2026.05.20,05,0.0,,,
Boya Tabancaları,Epn6082chg El Planya Makinası 600 Watt,4279.0,2026.05.20,05,0.0,,,
Boya Tabancaları,Pex 300 Ae Zımpara Makinesi,4306.0,2026.05.20,05,0.0,,0.8667135160459125,
Boya Tabancaları,"Tc-us 350, Tezgah Zımpara - 4466154",5917.0,2026.05.20,05,0.016903313049357674,,,
Boya Tabancaları,Tc-wd 200/150 Islak Kuru Taş Motoru - 4417242,4157.0,2026.05.20,05,0.07221954742416947,,,
Boya Tabancaları,Easysander 18v-8 (solo) Akülü Zımpara,2857.0,2026.05.20,05,0.07005253940455342,,,
Boya Tabancaları,Gex 18v-150-3 Akülü Eksantrik Zımpara Makinesi,11287.0,2026.05.20,05,0.017722640673460348,,,
Boya Tabancaları,Gex 12v-32 Eksantrik Zımpara Makinesi Solo,5528.0,2026.05.20,05,0.8575077540594781,,,
Boya Tabancaları,Aeg Bex18sbl-125-602tc 2x6.0ah Çift Akülü Kömürsüz Titreşim Zımpara - 4935500068,29330.0,2026.05.20,05,0.017050298380221655,,,
Boya Tabancaları,Psm 160 A Delta Zımpara - 0603377000,3310.0,2026.05.20,05,0.06045949214026602,,,
Boya Tabancaları,Professional Gho 40-82 C Planya,16680.0,2026.05.20,05,0.017988846914912753,,,
Boya Tabancaları,Gpo 14 Ce Poli̇saj Maki̇nasi,7664.0,2026.05.20,05,0.05221932114882506,,0.45877572421025037,
Boya Tabancaları,Gss 140-1 A Titreşimli Zımpara Makinası,4162.0,2026.05.20,05,0.0721327242125511,,3.2242063492063497,
Boya Tabancaları,Pbs 75 Ae Tank Zımpara,7101.0,2026.05.20,05,0.056361843032267156,,,
Boya Tabancaları,Psm Primo Üçgen Zımpara 93mm 50w,2392.0,2026.05.20,05,1.441899915182358,,,
Boya Tabancaları,Sp137 Polisaj Makinesi 1300 Watt 180mm,5846.0,2026.05.20,05,0.10273972602739725,,,
Boya Tabancaları,Dw733 1800watt 317mm Prof. Taşınılabilir Kalınlık Makinası,35627.0,2026.05.20,05,0.07865389477232507,,,
Boya Tabancaları,Gtr 550 Alçipan Zimpara,15958.0,2026.05.20,05,1.837906828334397,,2.716271884654995,
Boya Tabancaları,Dx41 18volt/4.0ah Li-ion Tek Akülü Kömürsüz Profesyonel Çok Amaçlı Devir Ayarlı Raspalama+14 Adet Aksesuar,13064.39,2026.05.20,05,0.0,,,
Boya Tabancaları,Wx822 20volt 2.0ah. Li-ion Şarjlı Profesyonel Üçgen Mouse Zımpara,5363.13,2026.05.20,05,0.0,,,
Boya Tabancaları,Wx648 65watt Mouse Zımpara,2640.4,2026.05.20,05,0.0,,,
Boya Tabancaları,Wx615 750watt 82mm Çift Bıçaklı Profesyonel Planya,5444.95,2026.05.20,05,0.0,,,
Boya Tabancaları,"Wa5092 4 Parça Universal Metal, Ahşap Kesme Ve Raspalama Aksesuar Seti",2629.55,2026.05.20,05,0.0,,,
Boya Tabancaları,Dx49.1 350watt Profesyonel Çok Amaçlı Devir Ayarlı Kesme Raspalama Ve Zımpara + 14 Adet Aksesuar,7952.27,2026.05.20,05,0.0,,,
Boya Tabancaları,Dx81b 18volt 82mm Çift Bıçaklı Kömürsüz Profesyonel Planya (akü Dahil Değildir),8447.48,2026.05.20,05,0.0,,,
Boya Tabancaları,Dx41b 18volt Kömürsüz Profesyonel Çok Amaçlı Devir Ayarlı Raspalama+14 Adet Aksesuar (akü Dahil Değildir),7401.01,2026.05.20,05,0.0,,,
Boya Tabancaları,Dx48 950watt Profesyonel Devir Ayarlı Tank Zımpara,6688.38,2026.05.20,05,0.0,,,
Boya Tabancaları,Wa2604 Çok Amaçlı Raspalama Ve Zımparalama İçin 75mm Toz Emme Aparatı,1591.67,2026.05.20,05,0.0,,,
Boya Tabancaları,Dx86 900w Planya,5429.8,2026.05.20,05,,,,
Boya Tabancaları,Dx45 240watt Profesyonel Devir Ayarlı Titreşimli Zımpara,3888.89,2026.05.20,05,,,,
Boya Tabancaları,"Wa2029 185x95mm 60, 80, 120 Kum, 15 Adet Cırtlı Universal Zımpara Kâğıdı Seti",1990.15,2026.05.20,05,,,,
Boya Tabancaları,"Wa2028 60, 80, 120 Kum, Metal Ve Ahşap 75 Adet Cırtlı Zımpara Kâğıdı Seti",1990.15,2026.05.20,05,,,,
Boya Tabancaları,Dx42b 18volt 125mm Profesyonel Devir Ayarlı Eksantrik Zımpara (akü Dahil Değildir),3928.28,2026.05.20,05,,,,
Boya Tabancaları,Dx3030 1450watt 180mm Devir Ayarlı Profesyonel Polisaj Makinesi,6818.43,2026.05.20,05,,,,
Boya Tabancaları,Dx44 Ti̇treşi̇mli̇ Zimpara,4620.71,2026.05.20,05,0.0,,,
Kaynak Makineleri,Mağmaweld Monostick 200i̇ Invertör Kaynak Makinası,16500.0,2026.05.20,05,0.0,-2.935466792164245,,
Kaynak Makineleri,Ministick Inverter Elektrod Kaynak Makinesi,9250.0,2026.05.20,05,0.0,2.7777777777777777,,
Kaynak Makineleri,Alman Mma 250 Amper Profesyonel Dijital Göstergeli Invertör Kaynak Makinesi,5999.0,2026.05.20,05,0.0,0.0,,
Kaynak Makineleri,Megastick Inverter 200 Amper Elektrod Kaynak Makinesi 501m2000mf,13750.0,2026.05.20,05,0.0,7.674320809961483,,
Kaynak Makineleri,İnverter Kaynak Makinesi 200A KLMMA200,14349.0,2026.05.20,05,0.0,0.0,,
Kaynak Makineleri,Wd200ic2 Kaynak Makinası 200a,13250.0,2026.05.20,05,0.0,0.0,,
Kaynak Makineleri,200 Amper Elektrot Kaynak Makinesi Inverter Kaynak Cihazı Kaynak Maskesi Ve Tel Fırçalı,5750.0,2026.05.20,05,0.0,0.0,,
Kaynak Makineleri,Japon Techno Special Seri 200 Amper Göstergeli Beraber Invertör Kaynak Makinası Demirkaynak,5200.0,2026.05.20,05,0.0,0.0,,
Kaynak Makineleri,Kraftixx Iw 225 Invertör Kaynak Makinesi,11899.0,2026.05.20,05,0.0,0.0,,
Kaynak Makineleri,200 Amper Kaynak Makinası Taşıma Çantası Hediyeli,6500.0,2026.05.20,05,0.0,0.0,,
Kaynak Makineleri,Monostick 200i İnverter Kaynak Makinesi,15662.0,2026.05.20,05,-7.865168539325842,-7.865168539325842,,
Kaynak Makineleri,Klpro Klmma200x 200 Amper Mma/elektrod İnverter Kaynak Makinesi,12299.0,2026.05.20,05,0.0,0.0,,
Kaynak Makineleri,Zenweld Arc 200s Inverter Kaynak Maki̇nesi̇ 200 Amper,11999.0,2026.05.20,05,0.0,0.0,,
Kaynak Makineleri,Dz201 200 Amper Tig Lift/mma Çanta Tipi Profesyonel Dijital İnverter Kaynak Makinesi,13949.75,2026.05.20,05,0.0,0.0,,
Kaynak Makineleri,55725 Plus 250 220 Amper İnverter Kaynak Makinesi,29548.28,2026.05.20,05,0.0,-0.6432505099265118,,
Kaynak Makineleri,Kl Pro 200a Inverter Kaynak Makinesi,14825.72,2026.05.20,05,0.0,0.0,,
Kaynak Makineleri,Dz201t 200 Amper Tig Lift/mma Çanta Tipi Profesyonel Dijital İnverter Kaynak Makinesi + Cat Dx37 Avuç Taşlama,15576.01,2026.05.20,05,0.0,0.0,,
Kaynak Makineleri,Colormati̇k Argon Tig Kaynak Maskesi̇ P1ik378,2319.0,2026.05.20,05,0.0,0.0,,
Kaynak Makineleri,250 Amper İnverter Dijital Ekran Fan Soğutma Kademeli Çanta Kaynak Makinesi Bakır Sargı Maske Hedi̇ye,5999.99,2026.05.20,05,0.0,0.0,,
Kaynak Makineleri,Megastick Deluxe,14250.0,2026.05.20,05,0.0,0.0,,
Kaynak Makineleri,Megastick 200 Amper Inverter Kaynak Makinesi,13750.0,2026.05.20,05,0.0,0.0,,
Kaynak Makineleri,Mma 200 Amper Kaynak Makinası Inverter Dijital Yeni Nesil,5000.0,2026.05.20,05,0.0,25.03125781445361,,
Kaynak Makineleri,Mma T 200 Amper Kaynak Makinası Dijital Ekran Yeni Nesil Kartlı,5000.0,2026.05.20,05,0.0,28.205128205128204,,
Kaynak Makineleri,Pro Full Set İnvertır Kaynak Hilti Matkap Kırıcı Delici Set,4999.0,2026.05.20,05,0.0,0.0,,
Kaynak Makineleri,Kaynak Makinası 250 Amper Sarı,5000.0,2026.05.20,05,0.0,0.0,,
Kaynak Makineleri,Mastermann Mini 200 Inverter Kaynak Makinası 140 Amper,6250.0,2026.05.20,05,0.0,0.0,,
Kaynak Makineleri,Ministick 140 Amper Inverter Kaynak Makinesi,10092.0,2026.05.20,05,0.0,0.0,,
Kaynak Makineleri,Yerli Montaj Mma-200 Amper Profesyonel Dijital Göstergeli Çift Kart Soğutmalı İnverter Kaynak,4299.0,2026.05.20,05,0.0,0.0,,
Kaynak Makineleri,Star 7000 Kaynak Makinası 200a,13250.0,2026.05.20,05,0.0,0.0,,
Kaynak Makineleri,Star 7000 Kaynak Makinası 200 Amper 61711,13250.0,2026.05.20,05,0.0,0.0,,
Kaynak Makineleri,Star 7000 Invertör Kaynak Makinası 200 A,13250.0,2026.05.20,05,0.0,0.0,,
Kaynak Makineleri,Rapid Eg Point Sıcak Silikon Tabancası 80 Watt 7 Mm İnce,1097.22,2026.05.20,05,0.0,0.0,,
Kaynak Makineleri,Rapid Hobby Sıcak Silikon Tabancası 15 Watt,1254.15,2026.05.20,05,0.0,0.0,,
Kaynak Makineleri,Rapid Eg212 Sıcak Silikon Tabancası 200 Watt,1544.92,2026.05.20,05,0.0,0.0,,
Kaynak Makineleri,Ma200e İnverter Kaynak Makinesi 200a + Kaynak Maskesi Hediye,9650.0,2026.05.20,05,0.0,0.0,,
Kaynak Makineleri,Soyberg Pro 160a İnverter Kaynak Makinası 160 Amper,9174.15,2026.05.20,05,0.0,0.0,,
Kaynak Makineleri,Soyberg Pro 205a İnverter Kaynak Makinası 205 Amper,12983.39,2026.05.20,05,0.0,0.0,,
Kaynak Makineleri,Klmma200 200 Amper Inverter Kaynak Makinesi + Avuç Taşlama,19124.51,2026.05.20,05,0.0,0.0,,
Kaynak Makineleri,Invertec® 175tp,110000.0,2026.05.20,05,0.0,0.0,,
Kaynak Makineleri,Inverter 255 Ultra,47500.0,2026.05.20,05,0.0,0.0,,
Kaynak Makineleri,160 Amper Italyan Kaynak Makinesi Çanta 4 Mm Elektrod Yakar,14001.89,2026.05.20,05,0.0,,,
Kaynak Makineleri,Inverter 255 Ultra Kaynak Maki̇nesi̇ 250 Amper,44999.0,2026.05.20,05,0.0,0.0,,
Kaynak Makineleri,Megasti̇ck 200 İnvertör Kaynak Makinası,13750.0,2026.05.20,05,0.0,0.0,,
Kaynak Makineleri,"Askaynak As Asp-308l Süper Krom Elektrod 3,20x300",1525.0,2026.05.20,05,0.0,,,
Kaynak Makineleri,Fastbond 10250 Sıcak Silikon Tabancası 10 Watt 7.3 Mm.,382.63,2026.05.20,05,0.0,,,
Kaynak Makineleri,Askaynak As Asp-308l Süper Krom Elektrod 2.50x250,1075.7,2026.05.20,05,0.0,0.0,,
Kaynak Makineleri,Fastbond 27125 Kalem Havya 40 Watt,404.51,2026.05.20,05,0.0,0.0,,
Kaynak Makineleri,Fastbond 10253 Sıcak Silikon Tabancası 40 Watt,570.13,2026.05.20,05,0.0,,,
Kaynak Makineleri,Fastbond 27128 Kalem Havya 80 Watt,551.38,2026.05.20,05,0.0,,,
Kaynak Makineleri,Power Arc 200 Lt + 1 Paket 2.5mm Geka Elit Elektrot,14850.0,2026.05.20,05,0.0,0.0,,
Kaynak Makineleri,Klmma160 160 Amper İnverter Kaynak Makinesi,12600.43,2026.05.20,05,,0.0,,
Kaynak Makineleri,Fastbond 27126 Kalem Havya 60 Watt,437.32,2026.05.20,05,0.0,,,
Kaynak Makineleri,250 Amper İnverter Dijital Ekran Fan Soğutma Kademeli Çanta Kaynak Makinesi Bakır Sargı,6499.99,2026.05.20,05,0.0,0.0,,
Kaynak Makineleri,Ma200e İnverter Kaynak Makinesi 200a + 1 Paket 2.5mm Elektrot,9450.0,2026.05.20,05,0.0,0.0,,
Kaynak Makineleri,Ayarlı Otomatik Kararan Kaynak Kafa Maskesi Colormatik+eldiven Hediyeli,1299.99,2026.05.20,05,0.0,0.0,,
Kaynak Makineleri,250 Amper Inverter Kademeli Çanta Kaynak Makinesi + Lstct15-b Profesyonel Bez Alet Taşıma Çantası,7499.99,2026.05.20,05,0.0,0.0,,
Kaynak Makineleri,Profesyonel Çift Kartlı 250 Amper Invertör Kaynak Makinası 3000 W Taşlama,6999.0,2026.05.20,05,0.0,0.0,,
Kaynak Makineleri,Alman 4lü Eko Usta Set Invertör Kaynak Kırıcı Delici Şarjlı Matkap Spiral,8999.0,2026.05.20,05,0.0,0.0,,
Kaynak Makineleri,4lü Eko Usta Set Invertör Kaynak Kırıcı Delici Şarjlı Matkap Spiral,8999.0,2026.05.20,05,0.0,0.0,,
Kaynak Makineleri,Fastbond 10261 Sıcak Silikon Tabancası 100 Watt,648.26,2026.05.20,05,0.0,0.0,,
Kaynak Makineleri,Kleco Ke200mma 200 Amper İnverter Kaynak Makinesi,11117.91,2026.05.20,05,0.0,0.0,,
Kaynak Makineleri,Klpro Kemma160x 160 Amper Mma/elektrod İnverter Kaynak Makinesi,9423.59,2026.05.20,05,0.0,0.0,,
Kaynak Makineleri,Klmma220 220 Amper Inverter Kaynak Makinesi,23825.29,2026.05.20,05,0.0,0.0,,
Kaynak Makineleri,Klpro Klmma160 160 Amper İnverter Kaynak Makinesi Klmma160y,12600.43,2026.05.20,05,0.0,0.0,,
Kaynak Makineleri,Ege Yıldız Pprc Boru Tamir Çubuğu,161.44,2026.05.20,05,0.0,0.0,,
Kaynak Makineleri,İnverter Kaynak Makinesi 140 Amper KE140MMA,10853.15,2026.05.20,05,0.0,0.0,,
Kaynak Makineleri,İnverter Megastick Kaynak Makinesi 200a (501m2000mf),12500.0,2026.05.20,05,0.0,0.0,,
Kaynak Makineleri,"Soldex 337 Tüp Lehim Teli 25 Gr 1,2 Mm",1111.02,2026.05.20,05,0.0,0.0,,
Kaynak Makineleri,"Powermaster 3221 Lehim Teli 200 Gr 0,80 Mm",1882.13,2026.05.20,05,0.0,0.0,,
Kaynak Makineleri,Rtrmax Rtm5165 Inverter Kaynak Makinası 15-160a,12389.42,2026.05.20,05,0.0,0.0,,
Kaynak Makineleri,Rtrmax Rtm5220 Inverter Kaynak Makinası 15-200a,13223.91,2026.05.20,05,0.0,0.0,,
Kaynak Makineleri,RTM 5220 RTRMAX İNVERTER KAYNAK MAKİNESİ 200A ITALY,12555.66,2026.05.20,05,0.0,0.0,,
Kaynak Makineleri,Rtrmax Rtm520 İnverter Kaynak Maki̇nesi̇ 200 Amper,10348.89,2026.05.20,05,0.0,0.0,,
Kaynak Makineleri,Rtrmax Rtm515 20-160 A Inverter Kaynak Makinası,9387.11,2026.05.20,05,0.0,0.0,,
Kaynak Makineleri,Rtrmax Rtm520 200 Amp. Kaynak Mak. + Rtm102 Avuç Taşlama Set005,10599.0,2026.05.20,05,0.0,0.0,,
Kaynak Makineleri,Dz161t 160 Amper Tig Lift/mma Çanta Tipi Profesyonel Dijital İnverter Kaynak Makinesi + Cat Dx37 Avuç Taşlama,13875.51,2026.05.20,05,0.0,0.0,,
Kaynak Makineleri,Dz161 160 Amper Tig Lift/mma Çanta Tipi Profesyonel Dijital İnverter Kaynak Makinesi,12345.71,2026.05.20,05,0.0,0.0,,
Kaynak Makineleri,205 Pro İnverter Profosyonel Kaynak Makinası,9250.0,2026.05.20,05,0.0,0.0,,
Kaynak Makineleri,250 Eş Şarjlı Kaynak Makinesi,5099.0,2026.05.20,05,0.0,0.0,,
Kaynak Makineleri,250 A Çanta Kaynak Makinesi,5099.0,2026.05.20,05,0.0,0.0,,
Kaynak Makineleri,250 E 250 Amper Çanta Kaynak Makinesi,4599.0,2026.05.20,05,0.0,0.0,,
Kaynak Makineleri,175 A Inverter Kaynak Makinesi,7400.0,2026.05.20,05,0.0,0.0,,
Kaynak Makineleri,160a Pro İnverter Kaynak Makinası,6400.0,2026.05.20,05,0.0,0.0,,
Kaynak Makineleri,Mastermann Mig 205 Tüpsüz Gazaltı Ve Inverter Kaynak Makinesi,10500.0,2026.05.20,05,0.0,0.0,,
Kaynak Makineleri,205a İnverter Kaynak Makinası 205 Amper,7999.0,2026.05.20,05,0.0,0.0,,
Kaynak Makineleri,Profesyonel Dijital Göstergeli 300 Amper Inverter Kaynak Makinesi,3999.0,2026.05.20,05,0.0,,,
Kaynak Makineleri,Alman Mma 300 Amper Yeni Nesil Tabanca Kaynak Makinası Invertör Elektrot Kaynak Makinesi Profesyonel,4899.0,2026.05.20,05,0.0,,,
Kaynak Makineleri,Inverter Kaynak Makinası Pro 200,11483.25,2026.05.20,05,0.0,0.0,,
Kaynak Makineleri,Arc 200s Mma Kaynak Makinası,12352.5,2026.05.20,05,0.0,0.0,,
Kaynak Makineleri,Pro Full Set İnvertır Kaynak Hilti Matkap Taşlama Ve Tamamı Orjinal Full Hediyeli Ürün Takım Çantası,19999.0,2026.05.20,05,0.0,0.0,,
Kaynak Makineleri,Pro Alman Seri 200 Amper Xçift Kartlı Göstergeli Beraber Invertör Kaynak Makinası Garantili.,4999.0,2026.05.20,05,0.0,0.0,,
Kaynak Makineleri,Pro Full Set İnvertır Kaynak Hilti Matkap Set Ve Uç Setleri...,4999.0,2026.05.20,05,0.0,0.0,,
Kaynak Makineleri,Esab Savage A40 Colormatik Kaynak Baş Maskesi Siyah,17076.0,2026.05.20,05,0.0,0.0,,
Kaynak Makineleri,Pro Full Set İnvertır Kaynak Ve Bakır Sargılı Taşlama Hediyeleri...,4999.0,2026.05.20,05,0.0,0.0,,
Kaynak Makineleri,Megastick 200 Amper Kaynak Makinesi + Maske Hediyeli,13999.0,2026.05.20,05,0.0,0.0,,
Kaynak Makineleri,Pro Alman 200 Amper Çift Kartlı Hava Soğutmalı Invertec Compact Kaynak Makinesi Bakirsargi,4999.0,2026.05.20,05,0.0,0.0,,
Kaynak Makineleri,Büyük Kaynak Makas Eldiben Metre,17495.0,2026.05.20,05,0.0,0.0,,
Kaynak Makineleri,Pro Full Alman İnvertır Kaynak Hilti Matkap Taşlama Taş Motoru Planya Dekupaj Hediyeli Set.,19999.0,2026.05.20,05,0.0,0.0,,
Kaynak Makineleri,Pro Full Set İnvertır Kaynak Ve Bakır Sargılı  Kuyruklu Taşlama Hediyeleri...,4999.0,2026.05.20,05,0.0,0.0,,
Kaynak Makineleri,Power Arc200 Pro Inverter Kaynak Makinası Geka 200 Amper,12399.0,2026.05.20,05,0.0,0.0,,
Kaynak Makineleri,Mma 200 Amper Kaynak Makinası Dijital Ekran Yeni Nesil Kartlı,5000.0,2026.05.20,05,0.0,,,
Kaynak Makineleri,Kaynak Makinası 250 Amper Turuncu,5000.0,2026.05.20,05,0.0,0.0,,
Kaynak Makineleri,Kaynak Makinası 250 Amper Yeşil,5000.0,2026.05.20,05,0.0,0.0,,
Kaynak Makineleri,Rdx50200 İnverter Dc Makinası 200A,15000.0,2026.05.20,05,0.0,0.0,,
Kaynak Makineleri,200 Amper Inverter Elektrot Demir Kaynak Makinası Dijital,5000.0,2026.05.20,05,0.0,,,
Kaynak Makineleri,Yildiz Star Arc 180 Inverter Kaynak Makinesi,10950.0,2026.05.20,05,0.0,0.0,,
Kaynak Makineleri,Novax İnvertör Kaynak Makinası 200 A,7019.99,2026.05.20,05,0.0,0.0,,
Kaynak Makineleri,İnverter Kaynak Makinesi 160A KLMMA160,11184.81,2026.05.20,05,0.0,0.0,,
Kaynak Makineleri,Plus Tig 200 Dc Pfc Tig/argon Kaynak Makinesi,38499.0,2026.05.20,05,0.0,0.0,,
Kaynak Makineleri,205 Ah İnvertör Kaynak Makinesi,7299.0,2026.05.20,05,0.0,0.0,,
Kaynak Makineleri,Nuri̇ş MA200 E,8000.0,2026.05.20,05,0.0,0.0,,
Kaynak Makineleri,Japon Techno Special Seri 200 Amper Göstergeli Beraber Invertör Kaynak Makinası,4999.0,2026.05.20,05,0.0,0.0,,
Kaynak Makineleri,Ma200e İnverter Kaynak Makinesi 200a,8599.0,2026.05.20,05,0.0,0.0,,
Kaynak Makineleri,İnvertör Kaynak Makinası 200 Amper - Ryn6155,9630.0,2026.05.20,05,0.0,0.0,,
Kaynak Makineleri,İnvertör Kaynak Makinası 160 Amper - Ryn6154,8112.0,2026.05.20,05,0.0,0.0,,
Kaynak Makineleri,Power Arc 200 Pro Inverter Kaynak Makinası +kaynak Maskesi+elektrodu Fırçası Hediyeli,12999.0,2026.05.20,05,0.0,0.0,,
Kaynak Makineleri,Fastbond 10255 Sıcak Silikon Tabancası 60 Watt,478.78,2026.05.20,05,0.0,0.29746941511646535,,
Kaynak Makineleri,62275 Mega 220 Çantalı Elektrod İnverter Kaynak Makinası 200 Amp,10129.04,2026.05.20,05,0.0,-0.6431830153384945,,
Kaynak Makineleri,Cat202 2000 W Sıcak Hava Tabancası,1139.1,2026.05.20,05,0.0,0.0,,
Kaynak Makineleri,Awelco 89700 25 Mm Kaynak Kablosu 10 Metre - İtaly,7368.5,2026.05.20,05,0.0,-0.6433205100718566,,
Kaynak Makineleri,89600 16 Mm Kaynak Kablosu 10 Metre - İtaly,5231.38,2026.05.20,05,0.0,-0.6432742984663575,,
Kaynak Makineleri,Kl Eco 160a Inverter Kaynak Makinesi,8659.04,2026.05.20,05,0.0,0.29733464452467656,,
Kaynak Makineleri,51200 Antares 200 200 Amper İnverter Elektrod Kaynak Makinesi (mma),14285.49,2026.05.20,05,0.0,-0.643275341876952,,
Kaynak Makineleri,90390 Kaynak Maskesi Değişken Karartma,2789.19,2026.05.20,05,0.0,-0.6429802938117057,,
Kaynak Makineleri,90385 Helmet 2000-e  Din 11 Fıx Solarmatik Kaynak Maskesi,2545.13,2026.05.20,05,0.0,-0.6429575265459011,,
Kaynak Makineleri,58600 İnverter Kaynak Makinası 500 Amper,95520.98,2026.05.20,05,0.0,-0.6432637770504391,,
Kaynak Makineleri,58550 İnverter Kaynak Makinesi 320 Amper,81425.43,2026.05.20,05,0.0,-0.6432620807637741,,
Kaynak Makineleri,50075r Extra 200 İnverter Kaynak Makinası 200 Amper,8596.76,2026.05.20,05,0.0,-0.6432882361235337,,
Kaynak Makineleri,Sgs 5155 Invertör Kaynak Makinesi 125a,6100.0,2026.05.20,05,0.0,0.0,,
