kategori,isim,fiyat,link,resim
Et Ve Tavuk,Akdeniz Toros Piliç Bütün Poşetli Kuru Yolum Kg,"₺239,99",https://ardenmarket.com.tr/toros-pilic-butun-posetli-kg-kuru-yolum.html,https://ardenmarket.com.tr/media/catalog/product/cache/af204314a7b8c0f9bb1d3072a30a2454/b/u/butun_pilic_posetli.jpg
Et Ve Tavuk,Akdeniz Toros Piliç Fırınlık Üst But Kuru Yolum Kg,"₺199,99",https://ardenmarket.com.tr/pilic-firinlik-ust-but-kuru-yolum-kg.html,https://ardenmarket.com.tr/media/catalog/product/cache/af204314a7b8c0f9bb1d3072a30a2454/p/i/pilic_f_r_nl_k_ust_but_tabakl_.jpg
Et Ve Tavuk,Akdeniz Toros Piliç Bonfile Kuru Yolum Kg,"₺439,99",https://ardenmarket.com.tr/toros-pilic-bonfile-kg-kuru-yolum.html,https://ardenmarket.com.tr/media/catalog/product/cache/af204314a7b8c0f9bb1d3072a30a2454/p/i/pilic_bonfile.jpg
Et Ve Tavuk,Dana Kıyma Köftelik Kg,"₺1.209,99",https://ardenmarket.com.tr/dana-kiyma-koftelik-kg.html,https://ardenmarket.com.tr/media/catalog/product/cache/af204314a7b8c0f9bb1d3072a30a2454/d/a/dana_koftelik_k_yma_1.jpg
Et Ve Tavuk,Dana Döş Kıyma Yemeklik Az Yağlı Kg,"₺1.149,99",https://ardenmarket.com.tr/dana-dos-kg.html,https://ardenmarket.com.tr/media/catalog/product/cache/af204314a7b8c0f9bb1d3072a30a2454/d/a/dana_yemeklik_k_yma_1.jpg
Et Ve Tavuk,Akdeniz Toros Piliç Baget Kuru Yolum Kg,"₺279,99",https://ardenmarket.com.tr/catalog/product/view/id/276/s/toros-pilic-baget-kg-kuru-yolum/category/93/,https://ardenmarket.com.tr/media/catalog/product/cache/af204314a7b8c0f9bb1d3072a30a2454/p/i/pilic_baget.jpg
Et Ve Tavuk,Akdeniz Toros Donuk Piliç Eko Kanat Kg,"₺269,99",https://ardenmarket.com.tr/akdeniz-toros-donuk-pirinc-eko-kanat-kg.html,https://ardenmarket.com.tr/media/catalog/product/cache/af204314a7b8c0f9bb1d3072a30a2454/w/h/whatsapp_image_2026-03-25_at_17.42.17.jpeg
Et Ve Tavuk,Kıvırcık Kuzu Küşleme kg,"₺1.869,99",https://ardenmarket.com.tr/kuzu-kusleme-kg.html,https://ardenmarket.com.tr/media/catalog/product/cache/af204314a7b8c0f9bb1d3072a30a2454/k/u/kuzu_kusleme.png
Et Ve Tavuk,Dana Tas Kebabı Kg,"₺1.279,99",https://ardenmarket.com.tr/dana-tas-kebabi-kg.html,https://ardenmarket.com.tr/media/catalog/product/cache/af204314a7b8c0f9bb1d3072a30a2454/w/h/whatsapp_image_2025-04-10_at_09.35.21.jpeg
Et Ve Tavuk,Dana Stragonof (Parmak Sote) Kg,"₺1.279,99",https://ardenmarket.com.tr/dana-straganof-parmak-sote-kg.html,https://ardenmarket.com.tr/media/catalog/product/cache/af204314a7b8c0f9bb1d3072a30a2454/w/h/whatsapp_image_2025-04-10_at_09.24.00.jpeg
Et Ve Tavuk,Donuk Piliç Kuru Yolum Sırtsız Kemikli Göğüs Kg,"₺309,99",https://ardenmarket.com.tr/donuk-pilic-kuru-yolum-sirtsiz-kemikli-gogus-kg.html,https://ardenmarket.com.tr/media/catalog/product/cache/af204314a7b8c0f9bb1d3072a30a2454/w/h/whatsapp_image_2025-03-11_at_15.20.06_1.jpeg
Et Ve Tavuk,Akdeniz Toros Donuk Kuru Yolum Izgara Şiş Kg,"₺529,99",https://ardenmarket.com.tr/kuru-yolum-izgara-sis-kg.html,https://ardenmarket.com.tr/media/catalog/product/cache/af204314a7b8c0f9bb1d3072a30a2454/w/h/whatsapp_image_2025-03-11_at_15.52.44_1.jpeg
Et Ve Tavuk,Akdeniz Toros Piliç Kuru Yolum Donuk İncik Kg,"₺319,99",https://ardenmarket.com.tr/pilic-kuru-yolum-donuk-incik-kg.html,https://ardenmarket.com.tr/media/catalog/product/cache/af204314a7b8c0f9bb1d3072a30a2454/1/7/17a7af7e-1e06-4de4-af39-449b1afd_1_1.png
Et Ve Tavuk,Akdeniz Toros Bonfile Kuşbaşı Kuru Yolum kg,"₺479,99",https://ardenmarket.com.tr/akdeniz-toros-bonfile-kusbasi-kuru-yolum-kg.html,https://ardenmarket.com.tr/media/catalog/product/cache/af204314a7b8c0f9bb1d3072a30a2454/p/i/pilic_bonfile_kusbas__1.png
Et Ve Tavuk,Akdeniz Toros Piliç Taleks Donuk (Izgara Tava) KG,"₺309,99",https://ardenmarket.com.tr/akdeniz-toros-pilic-taleks-donuk-izgara-tava-kg.html,https://ardenmarket.com.tr/media/catalog/product/cache/af204314a7b8c0f9bb1d3072a30a2454/p/i/pilic_taleks_1_1.jpg
Et Ve Tavuk,Akdeniz Toros Piliç Baget Kuru Yolum Donuk kg,"₺279,99",https://ardenmarket.com.tr/akdeniz-toros-donuk-baget-kuru-yolum-kg.html,https://ardenmarket.com.tr/media/catalog/product/cache/af204314a7b8c0f9bb1d3072a30a2454/p/i/pilic_baget.png
Et Ve Tavuk,Akdeniz Toros Piliç Donuk Fırınlık Üst But Kuru Yolum Kg,"₺199,99",https://ardenmarket.com.tr/akdeniz-toros-donuk-firinlik-ust-but-kuru-yolum-kg.html,https://ardenmarket.com.tr/media/catalog/product/cache/af204314a7b8c0f9bb1d3072a30a2454/p/i/pilic_f_r_nl_k_ust_but_tabakl__1.png
Et Ve Tavuk,Akdeniz Toros Donuk Bütün Tavuk Kuru Yolum Kg,"₺239,99",https://ardenmarket.com.tr/akdeniz-toros-donuk-butun-tavuk-kuru-yolum-kg.html,https://ardenmarket.com.tr/media/catalog/product/cache/af204314a7b8c0f9bb1d3072a30a2454/b/u/butun_pilic_posetli_1.png
Et Ve Tavuk,Akdeniz Toros Piliç Sosis 225 gr 5'li,"₺76,95",https://ardenmarket.com.tr/akdeniz-toros-pilic-sosis-225-gr-5-li.html,https://ardenmarket.com.tr/media/catalog/product/cache/af204314a7b8c0f9bb1d3072a30a2454/p/i/pili__sosiss_1_.png
Et Ve Tavuk,Akdeniz Toros Pizza Vejeteryan Orta 2'Li 2*320 Gr,"₺259,95",https://ardenmarket.com.tr/akdeniz-toros-pizza-vejeteryan-orta-2-li-340-gr.html,https://ardenmarket.com.tr/media/catalog/product/cache/af204314a7b8c0f9bb1d3072a30a2454/o/r/orta_boy_vejetaryen_pizza__al_ma_y_zeyi_1.jpg
Et Ve Tavuk,Akdeniz Toros Pizza Vejeteryan Küçük 4'Lü 4*185 Gr,"₺369,95",https://ardenmarket.com.tr/akdeniz-toros-pizza-vejeteryan-kucuk-4-lu-190-gr.html,https://ardenmarket.com.tr/media/catalog/product/cache/af204314a7b8c0f9bb1d3072a30a2454/k/_/k_k_boy_vejetaryen_pizza__al_ma_y_zeyi_1.jpg
Et Ve Tavuk,Akdeniz Toros Pizza Margarita Orta 2'Li 2*290 Gr,"₺239,95",https://ardenmarket.com.tr/akdeniz-toros-pizza-margarita-orta-2-li-340-gr.html,https://ardenmarket.com.tr/media/catalog/product/cache/af204314a7b8c0f9bb1d3072a30a2454/o/r/orta_boy_margarita_pizza__al_ma_y_zeyi_1.jpg
Et Ve Tavuk,Akdeniz Toros Pizza Margarita Küçük 4'Lü 4*180 Gr,"₺359,95",https://ardenmarket.com.tr/akdeniz-toros-pizza-margarita-kucuk-4-lu-190-gr.html,https://ardenmarket.com.tr/media/catalog/product/cache/af204314a7b8c0f9bb1d3072a30a2454/k/_/k_k_boy_margarita_pizza__al_ma_y_zeyi_1.jpg
Et Ve Tavuk,Akdeniz Toros Pizza Karışık Orta 2'Li 2*340 Gr,"₺299,95",https://ardenmarket.com.tr/akdeniz-toros-pizza-karisik-orta-2-li-340-gr.html,https://ardenmarket.com.tr/media/catalog/product/cache/af204314a7b8c0f9bb1d3072a30a2454/o/r/orta_boy_kar_k_pizza__al_ma_y_zeyi_1.jpg
Et Ve Tavuk,Akdeniz Toros Pizza Karışık Küçük 4'lü 4*190 Gr,"₺389,95",https://ardenmarket.com.tr/akdeniz-toros-pizza-karisik-kucuk-4-lu-190-gr.html,https://ardenmarket.com.tr/media/catalog/product/cache/af204314a7b8c0f9bb1d3072a30a2454/k/_/k_k_boy_kar_k_pizza__al_ma_y_zeyi_1.jpg
Et Ve Tavuk,Akdeniz Toros Piliç Sırtsız Kemikli Göğüs Kg Kuru Yolum,"₺309,99",https://ardenmarket.com.tr/pilic-sirtsiz-kemikli-gogus-kg-kuru-yolum.html,https://ardenmarket.com.tr/media/catalog/product/cache/af204314a7b8c0f9bb1d3072a30a2454/w/h/whatsapp_image_2025-03-11_at_15.20.06.jpeg
Et Ve Tavuk,Akdeniz Toros Donuk Piliç Pirzola Kuru Yolum kg,"₺399,99",https://ardenmarket.com.tr/akdeniz-toros-donuk-pirzola-kg.html,https://ardenmarket.com.tr/media/catalog/product/cache/af204314a7b8c0f9bb1d3072a30a2454/p/i/pili__pirzola_1.png
Et Ve Tavuk,Akdeniz Toros Piliç Donuk Kanat Kuru Yolum Kg,"₺469,99",https://ardenmarket.com.tr/akdeniz-toros-donuk-kanat-kg.html,https://ardenmarket.com.tr/media/catalog/product/cache/af204314a7b8c0f9bb1d3072a30a2454/a/k/akdeniz_toros_donuk_kanat_kg.png
Et Ve Tavuk,Akdeniz Toros Donuk Çıtır Kelebek Kg,"₺269,99",https://ardenmarket.com.tr/akdeniz-toros-donuk-citir-kelebek-kg.html,https://ardenmarket.com.tr/media/catalog/product/cache/af204314a7b8c0f9bb1d3072a30a2454/p/i/pilic_kelebek_1.png
Et Ve Tavuk,Dana İlikli Kemik Kg,"₺249,99",https://ardenmarket.com.tr/dana-ilikli-kemik-kg.html,https://ardenmarket.com.tr/media/catalog/product/cache/af204314a7b8c0f9bb1d3072a30a2454/d/a/dana_ilikli_kemik.jpg
Et Ve Tavuk,Akdeniz Toros Piliç Nugget 500 g,"₺229,95",https://ardenmarket.com.tr/akdeniz-toros-pilic-nugget-500-g.html,https://ardenmarket.com.tr/media/catalog/product/cache/af204314a7b8c0f9bb1d3072a30a2454/p/i/pili__nugget__al_ma_y_zeyi_1.jpg
Et Ve Tavuk,Dana Gulaş Kg,"₺1.279,99",https://ardenmarket.com.tr/dana-gulas-kg.html,https://ardenmarket.com.tr/media/catalog/product/cache/af204314a7b8c0f9bb1d3072a30a2454/d/a/dana_gulas.jpg
Et Ve Tavuk,Kıvırcık Kuzu Şiş Kg,"₺1.369,99",https://ardenmarket.com.tr/kivircik-kuzu-sis-kg.html,https://ardenmarket.com.tr/media/catalog/product/cache/af204314a7b8c0f9bb1d3072a30a2454/k/u/kuzu_sis.jpg
Et Ve Tavuk,Akdeniz Toros Piliç Kuru Yolum Izgara Şiş Tabaklı Kg,"₺529,99",https://ardenmarket.com.tr/pilic-izgara-sis-tabakli-kg.html,https://ardenmarket.com.tr/media/catalog/product/cache/af204314a7b8c0f9bb1d3072a30a2454/w/h/whatsapp_image_2025-03-11_at_15.52.44.jpeg
Et Ve Tavuk,Kıvırcık Kuzu Ciğer Kg,"₺1.699,99",https://ardenmarket.com.tr/kuzu-ciger-kg.html,https://ardenmarket.com.tr/media/catalog/product/cache/af204314a7b8c0f9bb1d3072a30a2454/k/u/kuzu_ciger.jpg
Et Ve Tavuk,Akdeniz Toros Baton Sucuk Kg,"₺1.599,99",https://ardenmarket.com.tr/akdeniz-toros-baton-sucuk-kg.html,https://ardenmarket.com.tr/media/catalog/product/cache/af204314a7b8c0f9bb1d3072a30a2454/b/a/baton_sucuk__al_ma_y_zeyi_1.jpg
Et Ve Tavuk,Akdeniz Toros Piliç Salam Açık Kg,"₺279,99",https://ardenmarket.com.tr/akdeniz-toros-pilic-salam-acik-kg.html,https://ardenmarket.com.tr/media/catalog/product/cache/af204314a7b8c0f9bb1d3072a30a2454/p/i/pilic_salam_1.jpg
Et Ve Tavuk,Akdeniz Toros Piliç Salam 250 g,"₺72,95",https://ardenmarket.com.tr/akdeniz-toros-pilic-salam-250-g.html,https://ardenmarket.com.tr/media/catalog/product/cache/af204314a7b8c0f9bb1d3072a30a2454/p/i/pilicsalam250g_1.jpg
Et Ve Tavuk,Akdeniz Toros Dana Sucuk Acılı 200 g,"₺319,95",https://ardenmarket.com.tr/akdeniz-toros-dana-sucuk-acili-200-g.html,https://ardenmarket.com.tr/media/catalog/product/cache/af204314a7b8c0f9bb1d3072a30a2454/d/a/dana-acili.png
Et Ve Tavuk,Akdeniz Toros Dana Kangal Sucuk Kg,"₺1.589,99",https://ardenmarket.com.tr/akdeniz-toros-dana-kangal-sucuk-kg.html,https://ardenmarket.com.tr/media/catalog/product/cache/af204314a7b8c0f9bb1d3072a30a2454/d/a/dana_sucuk__al_ma_y_zeyi_1.jpg
Et Ve Tavuk,Dana Ciğer Kg,"₺1.299,99",https://ardenmarket.com.tr/catalog/product/view/id/2520/s/dana-ciger-kg/category/93/,https://ardenmarket.com.tr/media/catalog/product/cache/af204314a7b8c0f9bb1d3072a30a2454/d/a/dana_ciger.jpg
Et Ve Tavuk,Akdeniz Toros Gezen Tavuk (Donuk) Bütün Piliç Kuru Yolum Kg,"₺349,99",https://ardenmarket.com.tr/akdeniz-toros-gezen-tavuk-donuk-kg-kuru-yolum.html,https://ardenmarket.com.tr/media/catalog/product/cache/af204314a7b8c0f9bb1d3072a30a2454/g/e/gezentavukakdeniztoros_d.png
Et Ve Tavuk,Dana Kasap Köfte Açık Kg,"₺1.169,99",https://ardenmarket.com.tr/dana-kasap-kofte-500g.html,https://ardenmarket.com.tr/media/catalog/product/cache/af204314a7b8c0f9bb1d3072a30a2454/d/a/dana_kasap_kofte.jpg
Et Ve Tavuk,Kıvırcık Kuzu Gerdan Haşlama Kg,"₺1.039,99",https://ardenmarket.com.tr/akdeniz-toros-kivircik-kuzu-gerdan-haslama-kg.html,https://ardenmarket.com.tr/media/catalog/product/cache/af204314a7b8c0f9bb1d3072a30a2454/k/u/kuzu_gerdan_haslama_1.jpg
Et Ve Tavuk,Kıvırcık Kuzu Kapama Kg,"₺1.189,99",https://ardenmarket.com.tr/akdeniz-toros-kivircik-kuzu-kapama-kg.html,https://ardenmarket.com.tr/media/catalog/product/cache/af204314a7b8c0f9bb1d3072a30a2454/k/u/kuzu_kapama.jpg
Et Ve Tavuk,Dana Antrikot Kg,"₺1.559,99",https://ardenmarket.com.tr/akdeniz-toros-dana-antrikot.html,https://ardenmarket.com.tr/media/catalog/product/cache/af204314a7b8c0f9bb1d3072a30a2454/d/a/dana_antrikot.jpg
Et Ve Tavuk,Dana Biftek Kg,"₺1.279,99",https://ardenmarket.com.tr/akdeniz-toros-dana-biftek-kg.html,https://ardenmarket.com.tr/media/catalog/product/cache/af204314a7b8c0f9bb1d3072a30a2454/d/a/dana_biftek.jpg
Et Ve Tavuk,Kıvırcık Kuzu Külbastı Kg,"₺1.489,99",https://ardenmarket.com.tr/akdeniz-toros-kivircik-kuzu-kulbasti-kg.html,https://ardenmarket.com.tr/media/catalog/product/cache/af204314a7b8c0f9bb1d3072a30a2454/k/u/kuzu_kulbast_.jpg
Et Ve Tavuk,Kıvırcık Kuzu Kuşbaşı Kg,"₺1.369,99",https://ardenmarket.com.tr/akdeniz-toros-kuzu-kusbasi-kg.html,https://ardenmarket.com.tr/media/catalog/product/cache/af204314a7b8c0f9bb1d3072a30a2454/k/u/kuzu_kusbas_.jpg
Et Ve Tavuk,Kıvırcık Kuzu Sac Kavurma Kg,"₺1.249,99",https://ardenmarket.com.tr/akdeniz-toros-kivircik-kuzu-sac-kavurma-kg.html,https://ardenmarket.com.tr/media/catalog/product/cache/af204314a7b8c0f9bb1d3072a30a2454/k/u/kuzu_sac_kavurma.jpg
Et Ve Tavuk,Dana Sote Kg,"₺1.279,99",https://ardenmarket.com.tr/dana-sote-1kg.html,https://ardenmarket.com.tr/media/catalog/product/cache/af204314a7b8c0f9bb1d3072a30a2454/u/n/untitled_3_.png
Et Ve Tavuk,Akdeniz Toros Piliç Derisiz Kemiksiz But Kg,"₺539,99",https://ardenmarket.com.tr/akdeniz-toros-pilic-derisiz-kemiksiz-but-kg.html,https://ardenmarket.com.tr/media/catalog/product/cache/af204314a7b8c0f9bb1d3072a30a2454/p/i/pilic-kemiksiz-but.jpg
Et Ve Tavuk,Akdeniz Toros Piliç Çıtır Kelebek Kuru Yolum Kg,"₺269,99",https://ardenmarket.com.tr/akdeniz-toros-citir-pilic-pirzola-kg-kuru-yolum.html,https://ardenmarket.com.tr/media/catalog/product/cache/af204314a7b8c0f9bb1d3072a30a2454/p/i/pilic_kelebek.jpg
Et Ve Tavuk,Akdeniz Toros Açık Dondurulmuş Mantı Kg,"₺359,99",https://ardenmarket.com.tr/akdeniz-toros-d-manti.html,https://ardenmarket.com.tr/media/catalog/product/cache/af204314a7b8c0f9bb1d3072a30a2454/m/a/manti.jpg
Et Ve Tavuk,Akdeniz Toros Açık Dana Macar Salam Kg,"₺1.059,99",https://ardenmarket.com.tr/akdeniz-toros-dana-macar-salam-1-25-kg.html,https://ardenmarket.com.tr/media/catalog/product/cache/af204314a7b8c0f9bb1d3072a30a2454/m/a/macar_salam.jpg
Et Ve Tavuk,Pişmiş Dondurulmuş Dana Kıyma Döner 250 g,"₺349,95",https://ardenmarket.com.tr/akdeniz-toros-dana-kiyma-doner-250-g.html,https://ardenmarket.com.tr/media/catalog/product/cache/af204314a7b8c0f9bb1d3072a30a2454/t/o/toro_doner_k_yma.png
Et Ve Tavuk,Akdeniz Toros Donuk Dana Kasap Köfte 500 g Paket,"₺629,95",https://ardenmarket.com.tr/akdeniz-toros-dana-kasap-kofte-500-g.html,https://ardenmarket.com.tr/media/catalog/product/cache/af204314a7b8c0f9bb1d3072a30a2454/d/a/dana_kasap_k_fte__al_ma_y_zeyi_1.jpg
Et Ve Tavuk,Akdeniz Toros Dana Kıyma 800 Gr,"₺1.029,99",https://ardenmarket.com.tr/akdeniz-toros-dana-kiyma-800-g.html,https://ardenmarket.com.tr/media/catalog/product/cache/af204314a7b8c0f9bb1d3072a30a2454/a/k/akdeniz_toros_dana_k_yma_800_g__d.jpg
Et Ve Tavuk,Akdeniz Toros Dana Kuşbaşı 500 g Donuk Paket,"₺789,99",https://ardenmarket.com.tr/akdeniz-toros-dana-kusbasi-500-g.html,https://ardenmarket.com.tr/media/catalog/product/cache/af204314a7b8c0f9bb1d3072a30a2454/a/k/akdeniz_toros_dana_ku_ba_500_g_donuk_paket_1.png
Et Ve Tavuk,Antrikot Pastırma Açık Kg,"₺2.799,99",https://ardenmarket.com.tr/akdeniz-toros-antrikot-pastirma.html,https://ardenmarket.com.tr/media/catalog/product/cache/af204314a7b8c0f9bb1d3072a30a2454/d/a/dana_antr_kot_pastirma.jpg
Et Ve Tavuk,Akdeniz Toros Baton İnce Sucuk 350 g Acısız,"₺529,95",https://ardenmarket.com.tr/akdeniz-toros-baton-ince-sucuk-350-gr.html,https://ardenmarket.com.tr/media/catalog/product/cache/af204314a7b8c0f9bb1d3072a30a2454/a/k/akden_z_toros_baton_nce_sucuk_350_gr.jpg
Et Ve Tavuk,Akdeniz Toros Dana Mangal Sucuk 240 g,"₺379,95",https://ardenmarket.com.tr/akdeniz-toros-dana-mangal-sucuk-240-gr.html,https://ardenmarket.com.tr/media/catalog/product/cache/af204314a7b8c0f9bb1d3072a30a2454/a/k/akden_z_toros_dana_mangal_sucuk_240_gr.jpg
Et Ve Tavuk,Akdeniz Toros Piliç Taleks (Izgara Tava) Kg,"₺309,99",https://ardenmarket.com.tr/akdeniz-toros-pilic-izgara-tava-kg.html,https://ardenmarket.com.tr/media/catalog/product/cache/af204314a7b8c0f9bb1d3072a30a2454/p/i/pilic_taleks_1.jpg
Et Ve Tavuk,Dana Osso Buco Kg,"₺1.049,99",https://ardenmarket.com.tr/dana-osso-buco-kg.html,https://ardenmarket.com.tr/media/catalog/product/cache/af204314a7b8c0f9bb1d3072a30a2454/d/a/dana-incik-ilikli-osso-bucco-kem.png
Et Ve Tavuk,Dana T-Bone Steak Kg,"₺1.599,99",https://ardenmarket.com.tr/dana-t-bone-steak-kg.html,https://ardenmarket.com.tr/media/catalog/product/cache/af204314a7b8c0f9bb1d3072a30a2454/d/a/dana_t-bone_steak_kg.jpg
Et Ve Tavuk,Pişmiş Dondurulmuş Tavuk Döner 250 g,"₺169,95",https://ardenmarket.com.tr/akdeniz-toros-tavuk-doner-250-g.html,https://ardenmarket.com.tr/media/catalog/product/cache/af204314a7b8c0f9bb1d3072a30a2454/p/i/pismis_p_l_c_doner.png
Et Ve Tavuk,Akdeniz Toros Dana Burger Köfte 360 g,"₺469,95",https://ardenmarket.com.tr/akdeniz-toros-dana-burger-kofte.html,https://ardenmarket.com.tr/media/catalog/product/cache/af204314a7b8c0f9bb1d3072a30a2454/d/a/dana_burger_kutu-1_1.png
Et Ve Tavuk,Akdeniz Toros Dana Sucuk 200 g,"₺319,95",https://ardenmarket.com.tr/akdeniz-toros-sucuk-200-gr.html,https://ardenmarket.com.tr/media/catalog/product/cache/af204314a7b8c0f9bb1d3072a30a2454/s/u/sucuk-toros.jpg
Et Ve Tavuk,Akdeniz Toros Sucuk Piliç 250 g,"₺179,50",https://ardenmarket.com.tr/akdeniz-toros-sucuk-pilic-250-gr.html,https://ardenmarket.com.tr/media/catalog/product/cache/af204314a7b8c0f9bb1d3072a30a2454/p/_/p_l__sucuk.png
Et Ve Tavuk,Akdeniz Toros Pastırma 110 g,"₺319,95",https://ardenmarket.com.tr/catalog/product/view/id/340/s/akdeniz-toros-pastirma-110-gr/category/93/,https://ardenmarket.com.tr/media/catalog/product/cache/af204314a7b8c0f9bb1d3072a30a2454/a/k/akdeniz_toros_past_rma_110_g.jpg
Et Ve Tavuk,Akdeniz Toros Piliç Pirzola Kuru Yolum Kg,"₺399,99",https://ardenmarket.com.tr/toros-pilic-pirzola-kg-kuru-yolum.html,https://ardenmarket.com.tr/media/catalog/product/cache/af204314a7b8c0f9bb1d3072a30a2454/p/i/pili__pirzola.jpg
Et Ve Tavuk,Akdeniz Toros Piliç Çorbalık Arka Sırt Kuru Yolum Kg,"₺79,99",https://ardenmarket.com.tr/toros-pilic-corbalik-kg-arka-sirt-kuru-yolum.html,https://ardenmarket.com.tr/media/catalog/product/cache/af204314a7b8c0f9bb1d3072a30a2454/p/i/pilic_yemeklik_arka_s_rt.jpg
Et Ve Tavuk,Akdeniz Toros Piliç Kanat Kuru Yolum Kg,"₺469,99",https://ardenmarket.com.tr/toros-pilic-kanat-kg-kuru-yolum.html,https://ardenmarket.com.tr/media/catalog/product/cache/af204314a7b8c0f9bb1d3072a30a2454/p/i/pilic_kanat.jpg
Et Ve Tavuk,Akdeniz Toros Piliç Ciğer Kuru Yolum Kg,"₺139,99",https://ardenmarket.com.tr/toros-pilic-ciger-kg-kuru-yolum.html,https://ardenmarket.com.tr/media/catalog/product/cache/af204314a7b8c0f9bb1d3072a30a2454/p/i/pilic_ciger.jpg
Et Ve Tavuk,Akdeniz Toros Piliç But Kuru Yolum Kg,"₺229,99",https://ardenmarket.com.tr/toros-pilic-but-kg-kuru-yolum.html,https://ardenmarket.com.tr/media/catalog/product/cache/af204314a7b8c0f9bb1d3072a30a2454/p/i/pilic_but.jpg
Et Ve Tavuk,Kıvırcık Kuzu Pirzola Hazır Kg,"₺1.969,99",https://ardenmarket.com.tr/kuzu-pirzola-hazir-kg.html,https://ardenmarket.com.tr/media/catalog/product/cache/af204314a7b8c0f9bb1d3072a30a2454/k/u/kuzu_pirzola_1.jpg
Et Ve Tavuk,Kıvırcık Kuzu Kol Kg,"₺1.179,99",https://ardenmarket.com.tr/kuzu-kol-kg.html,https://ardenmarket.com.tr/media/catalog/product/cache/af204314a7b8c0f9bb1d3072a30a2454/k/u/kuzu_kol.jpg
Et Ve Tavuk,Kıvırcık Kuzu Döş Kg,"₺1.029,99",https://ardenmarket.com.tr/kuzu-dos-kg.html,https://ardenmarket.com.tr/media/catalog/product/cache/af204314a7b8c0f9bb1d3072a30a2454/k/u/kuzu_dos.jpg
Et Ve Tavuk,Kıvırcık Kuzu But Kg,"₺1.199,99",https://ardenmarket.com.tr/kuzu-but-kg.html,https://ardenmarket.com.tr/media/catalog/product/cache/af204314a7b8c0f9bb1d3072a30a2454/k/u/kuzu_but.jpg
Et Ve Tavuk,Dana Tranç Kg,"₺1.499,99",https://ardenmarket.com.tr/dana-tranc-kg.html,https://ardenmarket.com.tr/media/catalog/product/cache/af204314a7b8c0f9bb1d3072a30a2454/2/5/25010633-6e0669.png
Et Ve Tavuk,Dana Kuşbaşı Yemeklik Kg,"₺1.229,99",https://ardenmarket.com.tr/dana-kusbasi-yemeklik-kg.html,https://ardenmarket.com.tr/media/catalog/product/cache/af204314a7b8c0f9bb1d3072a30a2454/d/a/dana_kusbas__yemeklik.jpg
Et Ve Tavuk,Akdeniz Toros Sosis 250 g 5’li,"₺296,95",https://ardenmarket.com.tr/akdeniz-toros-sosis-250gr-5-li.html,https://ardenmarket.com.tr/media/catalog/product/cache/af204314a7b8c0f9bb1d3072a30a2454/a/k/akden_z_toros_sos_s_1_1.jpg
Et Ve Tavuk,Akdeniz Toros Dana Tombik Salam 250 g,"₺269,95",https://ardenmarket.com.tr/akdeniz-toros-salam-250-gr.html,https://ardenmarket.com.tr/media/catalog/product/cache/af204314a7b8c0f9bb1d3072a30a2454/a/k/akden_z_toros_tomb_k_salam_250_gr_1_1.jpg
Et Ve Tavuk,Kuzu İncik Kg,"₺1.219,99",https://ardenmarket.com.tr/kuzu-incik-kg.html,https://ardenmarket.com.tr/media/catalog/product/cache/af204314a7b8c0f9bb1d3072a30a2454/2/4/24010329-650464.png
Et Ve Tavuk,Kuzu Böbrek Kg,"₺1.249,99",https://ardenmarket.com.tr/kuzu-bobrek-kg.html,https://ardenmarket.com.tr/media/catalog/product/cache/af204314a7b8c0f9bb1d3072a30a2454/2/0/2000739.png
Et Ve Tavuk,Kuzu Lokum,"₺1.819,99",https://ardenmarket.com.tr/kuzu-lokum.html,https://ardenmarket.com.tr/media/catalog/product/cache/af204314a7b8c0f9bb1d3072a30a2454/k/u/kuzu-lokum-_i_-1-photoroom.png
Et Ve Tavuk,Dana Parça Et Kg,"₺1.219,99",https://ardenmarket.com.tr/dana-parca-et-kg.html,https://ardenmarket.com.tr/media/catalog/product/cache/af204314a7b8c0f9bb1d3072a30a2454/3/1/311ff4cd-3a5e-4f37-b28a-8bdb6ce8.png
Et Ve Tavuk,Kuzu Kelle Adet,"₺549,99",https://ardenmarket.com.tr/kuzu-kelle-adet.html,https://ardenmarket.com.tr/media/catalog/product/cache/af204314a7b8c0f9bb1d3072a30a2454/2/6/26010010_2-fb3224.png
Et Ve Tavuk,Pınar İnegol Köfte 390 Gr,"₺529,95",https://ardenmarket.com.tr/pinar-inegol-kofte-390-gr.html,https://ardenmarket.com.tr/media/catalog/product/cache/af204314a7b8c0f9bb1d3072a30a2454/p/_/p_nar_negol_k_fte_390_gr.png
Et Ve Tavuk,Pınar Donuk Et Akçaabat Köfte 400 Gr,"₺529,95",https://ardenmarket.com.tr/pinar-donuk-et-akcaabat-kofte-400-gr.html,https://ardenmarket.com.tr/media/catalog/product/cache/af204314a7b8c0f9bb1d3072a30a2454/p/_/p_nar_donuk_et_ak_aabat_k_fte_400_gr_1.png
Et Ve Tavuk,Pınar Donuk Et Burger 545 Gr,"₺729,95",https://ardenmarket.com.tr/pinar-donuk-et-burger-545-gr.html,https://ardenmarket.com.tr/media/catalog/product/cache/af204314a7b8c0f9bb1d3072a30a2454/p/_/p_nar_donuk_et_burger_545_gr.jpg
Et Ve Tavuk,Pınar Piliç Kroket 430 Gr,"₺234,95",https://ardenmarket.com.tr/pinar-pilic-kroket-430-gr.html,https://ardenmarket.com.tr/media/catalog/product/cache/af204314a7b8c0f9bb1d3072a30a2454/p/_/p_nar_pili_kroket_430_gr.png
Et Ve Tavuk,Pınar Donmuş Tavuk Piliç Şinitsel Pane 415 Gr,"₺234,95",https://ardenmarket.com.tr/pinar-donmus-tavuk-pilic-sinitsel-pane-415-gr.html,https://ardenmarket.com.tr/media/catalog/product/cache/af204314a7b8c0f9bb1d3072a30a2454/p/_/p_nar_donmu_tavuk_pili_initsel_pane_415_gr.png
Et Ve Tavuk,Torku Kangal Sucuk 180 Gr,"₺209,95",https://ardenmarket.com.tr/torku-kangal-sucuk-180-gr.html,https://ardenmarket.com.tr/media/catalog/product/cache/af204314a7b8c0f9bb1d3072a30a2454/1/0/105700-1.jpg
Et Ve Tavuk,Torku Dana Sucuk Fermente Vakumlu 225 Gr,"₺299,95",https://ardenmarket.com.tr/torku-dana-sucuk-fermente-vakumlu-225-gr.html,https://ardenmarket.com.tr/media/catalog/product/cache/af204314a7b8c0f9bb1d3072a30a2454/1/0/103979-1.jpg
Et Ve Tavuk,Pınar Aç Bitir Sucuk 75 Gr,"₺109,95",https://ardenmarket.com.tr/pinar-ac-bitir-sucuk-75-gr.html,https://ardenmarket.com.tr/media/catalog/product/cache/af204314a7b8c0f9bb1d3072a30a2454/1/4/14209271-f14162-1650x1650.jpg
Et Ve Tavuk,Pınar Dana Et Misket Hindi Köfte 36 Adet 470 Gr,"₺369,95",https://ardenmarket.com.tr/pinar-dana-et-misket-hindi-kofte-36-adet-470-gr.html,https://ardenmarket.com.tr/media/catalog/product/cache/af204314a7b8c0f9bb1d3072a30a2454/p/_/p_nar_dana_et_misket_hindi_k_fte_36_adet_470_gr.png
Meyve Ve Sebze,Patates Kg,"₺49,99",https://ardenmarket.com.tr/manav-patates-kg.html,https://ardenmarket.com.tr/media/catalog/product/cache/af204314a7b8c0f9bb1d3072a30a2454/p/a/patates_1.png
Meyve Ve Sebze,Soğan Kuru Kg,"₺39,99",https://ardenmarket.com.tr/manav-sogan-kuru-kg.html,https://ardenmarket.com.tr/media/catalog/product/cache/af204314a7b8c0f9bb1d3072a30a2454/s/o/sogan-sari.jpg
Meyve Ve Sebze,Maydanoz Demet,"₺24,95",https://ardenmarket.com.tr/manav-maydanoz.html,https://ardenmarket.com.tr/media/catalog/product/cache/af204314a7b8c0f9bb1d3072a30a2454/m/a/maydonoz_1__1.png
Meyve Ve Sebze,Kıvırcık Adet,"₺34,95",https://ardenmarket.com.tr/manav-kivircik-adet.html,https://ardenmarket.com.tr/media/catalog/product/cache/af204314a7b8c0f9bb1d3072a30a2454/k/_/k_v_rc_k.png
Meyve Ve Sebze,Domates Kg,"₺69,99",https://ardenmarket.com.tr/manav-domates-kg.html,https://ardenmarket.com.tr/media/catalog/product/cache/af204314a7b8c0f9bb1d3072a30a2454/d/o/domates_kg.png
Meyve Ve Sebze,Salatalık Çengelköy Kg,"₺49,99",https://ardenmarket.com.tr/manav-salatalik-cengelkoy-1.html,https://ardenmarket.com.tr/media/catalog/product/cache/af204314a7b8c0f9bb1d3072a30a2454/5/3/532_1_.png
Meyve Ve Sebze,Dovido Kuru İncir 300 g,"₺239,95",https://ardenmarket.com.tr/dovido-kuru-incir-300-g.html,https://ardenmarket.com.tr/media/catalog/product/cache/af204314a7b8c0f9bb1d3072a30a2454/8/6/8697742720406.png
Meyve Ve Sebze,Zerdeçal Paket,"₺69,95",https://ardenmarket.com.tr/zerdecal-paket.html,https://ardenmarket.com.tr/media/catalog/product/cache/af204314a7b8c0f9bb1d3072a30a2454/s/a/safir_tuz_1_.png
Meyve Ve Sebze,Kumkuat Kg,"₺24,99",https://ardenmarket.com.tr/kumkuat-kg.html,https://ardenmarket.com.tr/media/catalog/product/cache/af204314a7b8c0f9bb1d3072a30a2454/2/4/245401871_1707334229510_org.png
Meyve Ve Sebze,Saf Bağdan Doğranmış Enginar 850 gr,"₺399,95",https://ardenmarket.com.tr/saf-bagdan-dogranmis-enginar-850-gr.html,https://ardenmarket.com.tr/media/catalog/product/cache/af204314a7b8c0f9bb1d3072a30a2454/w/h/whatsapp_image_2025-10-15_at_09.04.51-photoroom_1.png
Meyve Ve Sebze,Saf Bağdan Çanak Enginar 6 lı,"₺499,99",https://ardenmarket.com.tr/saf-bagdan-canak-enginar-6-li.html,https://ardenmarket.com.tr/media/catalog/product/cache/af204314a7b8c0f9bb1d3072a30a2454/w/h/whatsapp_image_2025-10-15_at_09.04.51_1_-photoroom_1.png
Meyve Ve Sebze,Kavun Biga Kg,"₺59,99",https://ardenmarket.com.tr/kavun-biga-kg.html,https://ardenmarket.com.tr/media/catalog/product/cache/af204314a7b8c0f9bb1d3072a30a2454/w/h/whatsapp_image_2025-07-22_at_14.59.29.jpeg
Meyve Ve Sebze,Patlıcan Bostan Kg,"₺99,99",https://ardenmarket.com.tr/patlican-bostan-kg.html,https://ardenmarket.com.tr/media/catalog/product/cache/af204314a7b8c0f9bb1d3072a30a2454/i/m/image_36_.png
Meyve Ve Sebze,Üzüm Mor Kg,"₺99,99",https://ardenmarket.com.tr/uzum-mor-kg.html,https://ardenmarket.com.tr/media/catalog/product/cache/af204314a7b8c0f9bb1d3072a30a2454/w/h/whatsapp_image_2025-09-29_at_15.07.15.jpeg
Meyve Ve Sebze,Berry Life Yaban Mersini Paket,"₺129,95",https://ardenmarket.com.tr/berry-life-yaban-mersini-paket.html,https://ardenmarket.com.tr/media/catalog/product/cache/af204314a7b8c0f9bb1d3072a30a2454/s/n/snapbg.ai_1740386646227.png
Meyve Ve Sebze,Yapsar Tokat Salamura Asma Yaprak 600 Gr,"₺259,95",https://ardenmarket.com.tr/yapsar-tokat-salamura-asma-yaprak-600-gr.html,https://ardenmarket.com.tr/media/catalog/product/cache/af204314a7b8c0f9bb1d3072a30a2454/6/3/63441247_1707330310721_org_praoyjzwgfm8jwxq.jpg
Meyve Ve Sebze,Şifalıköy Domates Güneşte Kurutumuş 100 Gr,"₺94,95",https://ardenmarket.com.tr/sifalikoy-domates-guneste-kurutumus-100-gr.html,https://ardenmarket.com.tr/media/catalog/product/cache/af204314a7b8c0f9bb1d3072a30a2454/2/4/245193632_1707335818350_org_nzzzlknqnttxhykh.jpg
Meyve Ve Sebze,Şifalıköy Patlıcan Aydın Kurutulmuş 20'li,"₺159,95",https://ardenmarket.com.tr/sifalikoy-patlican-aydin-kurutulmus-20-li.html,https://ardenmarket.com.tr/media/catalog/product/cache/af204314a7b8c0f9bb1d3072a30a2454/5/2/52377836_1707330574969_org_cirib6wcaapq345a.jpg
Meyve Ve Sebze,Fesleğen Adet,"₺49,95",https://ardenmarket.com.tr/erpilic-pirzola-soslu.html,https://ardenmarket.com.tr/media/catalog/product/cache/af204314a7b8c0f9bb1d3072a30a2454/2/4/245401888_1707332816665_org.png
Meyve Ve Sebze,Portakal Finike Sıkmalık Kg,"₺49,99",https://ardenmarket.com.tr/portakal-finike-sikmalik-kg.html,https://ardenmarket.com.tr/media/catalog/product/cache/af204314a7b8c0f9bb1d3072a30a2454/p/o/potakal-finike.png
Meyve Ve Sebze,Armut Santa Maria kg,"₺79,99",https://ardenmarket.com.tr/armut-santa-maria-kg.html,https://ardenmarket.com.tr/media/catalog/product/cache/af204314a7b8c0f9bb1d3072a30a2454/a/r/armut-santa-kg.png
Meyve Ve Sebze,Yapsar Salamura Asma Yaprak 400 gr,"₺199,95",https://ardenmarket.com.tr/yapsar-salamura-asma-yaprak-400-gr.html,https://ardenmarket.com.tr/media/catalog/product/cache/af204314a7b8c0f9bb1d3072a30a2454/1/9/199693.jpg
Meyve Ve Sebze,Sosero Kuru Domates Kavonoz 300 CC,"₺144,95",https://ardenmarket.com.tr/sosero-kuru-domates-kavonoz-300-cc.html,https://ardenmarket.com.tr/media/catalog/product/cache/af204314a7b8c0f9bb1d3072a30a2454/s/o/sosero_domateskurus.png
Meyve Ve Sebze,Şifalıköy Gurme Kurutulmuş Patlıcan Dolmalık 20'li,"₺184,95",https://ardenmarket.com.tr/sifalikoy-gurme-kurutulmus-patlican-dolmalik-20-li.html,https://ardenmarket.com.tr/media/catalog/product/cache/af204314a7b8c0f9bb1d3072a30a2454/s/i/sifalikoy-patlican.png
Meyve Ve Sebze,Şifalıköy Gurme Kurutulmuş Biber Dolmalık 20'li,"₺184,95",https://ardenmarket.com.tr/sifalikoy-gurme-kurutulmus-biber-dolmalik-20-li.html,https://ardenmarket.com.tr/media/catalog/product/cache/af204314a7b8c0f9bb1d3072a30a2454/_/i/_ifal_k_y_gurme_kurutulmu_biber_dolmal_k_20_li.png
Meyve Ve Sebze,Şifalıköy Gurme Kurutulmuş Acı Biber Dolmalık 20'li,"₺184,95",https://ardenmarket.com.tr/sifalikoy-gurme-kurutulmus-aci-biber-dolmalik-20-li.html,https://ardenmarket.com.tr/media/catalog/product/cache/af204314a7b8c0f9bb1d3072a30a2454/_/i/_ifal_k_y_gurme_kurutulmu_ac_biber_dolmal_k_20_li.png
Meyve Ve Sebze,Biber Acı Kg,"₺169,99",https://ardenmarket.com.tr/biber-aci-kg.html,https://ardenmarket.com.tr/media/catalog/product/cache/af204314a7b8c0f9bb1d3072a30a2454/b/i/biber-aci-kg.jpg
Meyve Ve Sebze,Soğan Kırmızı Kg,"₺129,99",https://ardenmarket.com.tr/sogan-kirmizi-kg.html,https://ardenmarket.com.tr/media/catalog/product/cache/af204314a7b8c0f9bb1d3072a30a2454/s/o/sogan-kirmizi-1.jpg
Meyve Ve Sebze,Erik Freze Kg,"₺49,99",https://ardenmarket.com.tr/erik-freze-kg.html,https://ardenmarket.com.tr/media/catalog/product/cache/af204314a7b8c0f9bb1d3072a30a2454/e/r/erik-freze.jpg
Meyve Ve Sebze,Karpuz Özel Kg,"₺39,99",https://ardenmarket.com.tr/karpuz-ozel-kg.html,https://ardenmarket.com.tr/media/catalog/product/cache/af204314a7b8c0f9bb1d3072a30a2454/k/a/karpuz-siyah.jpg
Meyve Ve Sebze,İncir Siyah Kg,"₺119,99",https://ardenmarket.com.tr/incir-siyah-kg.html,https://ardenmarket.com.tr/media/catalog/product/cache/af204314a7b8c0f9bb1d3072a30a2454/i/n/incir-siyah-kg.jpg
Meyve Ve Sebze,Biber Meksika Kg,"₺199,99",https://ardenmarket.com.tr/biber-meksika-kg.html,https://ardenmarket.com.tr/media/catalog/product/cache/af204314a7b8c0f9bb1d3072a30a2454/2/8/28059250-2c3383-1650x1650.png
Meyve Ve Sebze,Erik Anjelika Kg,"₺99,99",https://ardenmarket.com.tr/erik-anjelika-kg.html,https://ardenmarket.com.tr/media/catalog/product/cache/af204314a7b8c0f9bb1d3072a30a2454/e/r/erik-anjelika-kg.jpg
Meyve Ve Sebze,Kavun Galya Kg,"₺49,99",https://ardenmarket.com.tr/kavun-galya-kg.html,https://ardenmarket.com.tr/media/catalog/product/cache/af204314a7b8c0f9bb1d3072a30a2454/k/a/kavun-galya.jpg
Meyve Ve Sebze,Elma Pink Lady Gala Kg,"₺79,99",https://ardenmarket.com.tr/elma-pink-lady-gala-kg.html,https://ardenmarket.com.tr/media/catalog/product/cache/af204314a7b8c0f9bb1d3072a30a2454/g/a/gala-elam.jpg
Meyve Ve Sebze,Pancar Kg,"₺39,99",https://ardenmarket.com.tr/pancar-kg.html,https://ardenmarket.com.tr/media/catalog/product/cache/af204314a7b8c0f9bb1d3072a30a2454/p/a/pancar-kg.png
Meyve Ve Sebze,Kereviz Kg,"₺69,99",https://ardenmarket.com.tr/kereviz-kg.html,https://ardenmarket.com.tr/media/catalog/product/cache/af204314a7b8c0f9bb1d3072a30a2454/k/e/kererviz.png
Meyve Ve Sebze,Turp Kırmızı Kg,"₺49,99",https://ardenmarket.com.tr/turp-kirmizi-kg.html,https://ardenmarket.com.tr/media/catalog/product/cache/af204314a7b8c0f9bb1d3072a30a2454/k/i/kirmizi-turp.jpg
Meyve Ve Sebze,Tere Demet,"₺24,95",https://ardenmarket.com.tr/tere-demet.html,https://ardenmarket.com.tr/media/catalog/product/cache/af204314a7b8c0f9bb1d3072a30a2454/t/e/tere-adet.jpg
Meyve Ve Sebze,Portakal Washington Kg,"₺4,50",https://ardenmarket.com.tr/portakal-washington-kg.html,https://ardenmarket.com.tr/media/catalog/product/cache/af204314a7b8c0f9bb1d3072a30a2454/p/o/portakal-washington1.jpg
Meyve Ve Sebze,Pazı Demet,"₺29,95",https://ardenmarket.com.tr/pazi-demet.html,https://ardenmarket.com.tr/media/catalog/product/cache/af204314a7b8c0f9bb1d3072a30a2454/p/a/pazi-demet.jpg
Meyve Ve Sebze,Şifalıköy Karışık Dolmalık Paket (Patlıcan-Biber-Kabak) 20'li,"₺184,95",https://ardenmarket.com.tr/sifalikoy-karisik-dolmalik-paket-patlican-biber-kabak-20-li.html,https://ardenmarket.com.tr/media/catalog/product/cache/af204314a7b8c0f9bb1d3072a30a2454/s/i/sifalikoy-karma.jpg
Meyve Ve Sebze,Brokoli Kg,"₺89,99",https://ardenmarket.com.tr/brokoli-kg.html,https://ardenmarket.com.tr/media/catalog/product/cache/af204314a7b8c0f9bb1d3072a30a2454/b/r/brokoli.jpg
Meyve Ve Sebze,Pırasa Kg,"₺49,99",https://ardenmarket.com.tr/pirasa-kg.html,https://ardenmarket.com.tr/media/catalog/product/cache/af204314a7b8c0f9bb1d3072a30a2454/p/i/pirasa-kg.jpg
Meyve Ve Sebze,Soğan Taze Kg,"₺99,99",https://ardenmarket.com.tr/manav-sogan-taze-kg-1.html,https://ardenmarket.com.tr/media/catalog/product/cache/af204314a7b8c0f9bb1d3072a30a2454/s/o/sogan_taze_1.png
Meyve Ve Sebze,Pitahaya Ejder Meyvesi Paket,"₺49,95",https://ardenmarket.com.tr/pitahaya-ejder-meyvesi-adet.html,https://ardenmarket.com.tr/media/catalog/product/cache/af204314a7b8c0f9bb1d3072a30a2454/e/j/ejder-meyvesi.jpg
Meyve Ve Sebze,Avokado Adet (Yemeye Hazır),"₺99,95",https://ardenmarket.com.tr/avokado-adet.html,https://ardenmarket.com.tr/media/catalog/product/cache/af204314a7b8c0f9bb1d3072a30a2454/a/v/avakado_peru.png
Meyve Ve Sebze,Limon Taze Kg,"₺99,99",https://ardenmarket.com.tr/limon-kg.html,https://ardenmarket.com.tr/media/catalog/product/cache/af204314a7b8c0f9bb1d3072a30a2454/l/i/limon-kg-normal.jpg
Meyve Ve Sebze,Mandalina Naturel Kg,"₺79,99",https://ardenmarket.com.tr/mandalina-naturel-kg.html,https://ardenmarket.com.tr/media/catalog/product/cache/af204314a7b8c0f9bb1d3072a30a2454/n/a/naturel-mandalina.jpg
Meyve Ve Sebze,Domates Sivri/Betemek Kg,"₺19,99",https://ardenmarket.com.tr/domates-sivri-kg.html,https://ardenmarket.com.tr/media/catalog/product/cache/af204314a7b8c0f9bb1d3072a30a2454/s/i/sivri-domates.png
Meyve Ve Sebze,Siyah Üzüm İzmir Kg,"₺99,99",https://ardenmarket.com.tr/siyah-uzum-izmir-kg.html,https://ardenmarket.com.tr/media/catalog/product/cache/af204314a7b8c0f9bb1d3072a30a2454/k/a/kara-uzum.png
Meyve Ve Sebze,Nektarin Beyaz Kg,"₺199,99",https://ardenmarket.com.tr/nektarin-beyaz-kg.html,https://ardenmarket.com.tr/media/catalog/product/cache/af204314a7b8c0f9bb1d3072a30a2454/b/e/beyaz-nektarin.png
Meyve Ve Sebze,Soğan Arpacık Kg,"₺129,99",https://ardenmarket.com.tr/sogan-arpacik-kg-1.html,https://ardenmarket.com.tr/media/catalog/product/cache/af204314a7b8c0f9bb1d3072a30a2454/s/o/so_an_arpac_k_kg_1.png
Meyve Ve Sebze,Şeftali Kg,"₺59,99",https://ardenmarket.com.tr/seftali-kg-1.html,https://ardenmarket.com.tr/media/catalog/product/cache/af204314a7b8c0f9bb1d3072a30a2454/_/e/_eftali_kg_1.png
Meyve Ve Sebze,Portakal Finike Kg,"₺59,99",https://ardenmarket.com.tr/manav-portakal-finike-lux-kg-1.html,https://ardenmarket.com.tr/media/catalog/product/cache/af204314a7b8c0f9bb1d3072a30a2454/p/o/portakal-finike-luks.jpg
Meyve Ve Sebze,Patlıcan Kg,"₺89,99",https://ardenmarket.com.tr/manav-patlican-kg-1.html,https://ardenmarket.com.tr/media/catalog/product/cache/af204314a7b8c0f9bb1d3072a30a2454/p/a/patlican_1_1.png
Meyve Ve Sebze,Nektarin Kırmızı Kg,"₺59,99",https://ardenmarket.com.tr/nektari-kirmizi-kg-1.html,https://ardenmarket.com.tr/media/catalog/product/cache/af204314a7b8c0f9bb1d3072a30a2454/n/e/nektarin_1.png
Meyve Ve Sebze,Muz İthal Kg,"₺159,99",https://ardenmarket.com.tr/muz-ithal-kg-1.html,https://ardenmarket.com.tr/media/catalog/product/cache/af204314a7b8c0f9bb1d3072a30a2454/m/u/muz_thal_kg_1.png
Meyve Ve Sebze,Kivi Kg,"₺249,99",https://ardenmarket.com.tr/kivi-kg-1.html,https://ardenmarket.com.tr/media/catalog/product/cache/af204314a7b8c0f9bb1d3072a30a2454/k/_/k_v_kg_1.png
Meyve Ve Sebze,Kabak Dolmalık Kg,"₺49,99",https://ardenmarket.com.tr/kabak-dolmalik-kg-1.html,https://ardenmarket.com.tr/media/catalog/product/cache/af204314a7b8c0f9bb1d3072a30a2454/k/a/kabak_dolmalik_1.png
Meyve Ve Sebze,Havuç Kg,"₺49,99",https://ardenmarket.com.tr/manav-havuc-kg-1.html,https://ardenmarket.com.tr/media/catalog/product/cache/af204314a7b8c0f9bb1d3072a30a2454/h/a/havuc_1_1.png
Meyve Ve Sebze,Fasulye Taze Kg,"₺129,99",https://ardenmarket.com.tr/taze-fasulye-kg-1.html,https://ardenmarket.com.tr/media/catalog/product/cache/af204314a7b8c0f9bb1d3072a30a2454/t/a/taze_fasulye_kg_1.png
Meyve Ve Sebze,Erik Yeşil Kg,"₺119,95",https://ardenmarket.com.tr/erik-yesil-kg-1.html,https://ardenmarket.com.tr/media/catalog/product/cache/af204314a7b8c0f9bb1d3072a30a2454/e/r/erik_yesil_kg_1.png
Meyve Ve Sebze,Elma Granny Smith Yeşil Kg,"₺169,99",https://ardenmarket.com.tr/elma-granny-smith-kg-1.html,https://ardenmarket.com.tr/media/catalog/product/cache/af204314a7b8c0f9bb1d3072a30a2454/e/l/elma-granny-1.jpg
Meyve Ve Sebze,Domates Çeri Kokteyl Kg,"₺99,99",https://ardenmarket.com.tr/domates-kokteyl-kg-1.html,https://ardenmarket.com.tr/media/catalog/product/cache/af204314a7b8c0f9bb1d3072a30a2454/d/o/domates_kokteyl_kg_1.png
Meyve Ve Sebze,Biber Dolmalık Kg,"₺99,99",https://ardenmarket.com.tr/biber-dolmalik-kg-1.html,https://ardenmarket.com.tr/media/catalog/product/cache/af204314a7b8c0f9bb1d3072a30a2454/b/3/b3553365-ecfc-4550-97f3-fc91a574.png
Meyve Ve Sebze,Biber Tatlı Köy Kg,"₺89,95",https://ardenmarket.com.tr/biber-koy-usulu-kg-1.html,https://ardenmarket.com.tr/media/catalog/product/cache/af204314a7b8c0f9bb1d3072a30a2454/t/a/tatli-biber_2.png
Meyve Ve Sebze,Biber Sivri Kg,"₺99,99",https://ardenmarket.com.tr/biber-sivri-kg-1.html,https://ardenmarket.com.tr/media/catalog/product/cache/af204314a7b8c0f9bb1d3072a30a2454/a/k/akkizhan-ciftligi-sivri-biber-5.png
Meyve Ve Sebze,Biber Kırmızı Kapya Kg,"₺54,99",https://ardenmarket.com.tr/biber-kirmizi-kg-1.html,https://ardenmarket.com.tr/media/catalog/product/cache/af204314a7b8c0f9bb1d3072a30a2454/k/i/kirmizi_b_ber_1.png
Meyve Ve Sebze,Biber Çarliston Kg,"₺89,99",https://ardenmarket.com.tr/manav-biber-carliston-kg-1.html,https://ardenmarket.com.tr/media/catalog/product/cache/af204314a7b8c0f9bb1d3072a30a2454/b/i/biber_1_1.png
Meyve Ve Sebze,+Barbunya Kg,"₺19,99",https://ardenmarket.com.tr/barbunya-kg-1.html,https://ardenmarket.com.tr/media/catalog/product/cache/af204314a7b8c0f9bb1d3072a30a2454/b/a/barbunya_1.png
Meyve Ve Sebze,Superfresh Patates 1 Kg,"₺229,90",https://ardenmarket.com.tr/superfresh-patates-1000-g.html,https://ardenmarket.com.tr/media/catalog/product/cache/af204314a7b8c0f9bb1d3072a30a2454/s/u/superfresh-patates.jpg
Meyve Ve Sebze,Kavun Kırkağaç Kg,"₺34,99",https://ardenmarket.com.tr/kavun-kirkagac-kg.html,https://ardenmarket.com.tr/media/catalog/product/cache/af204314a7b8c0f9bb1d3072a30a2454/k/a/kavun.png
Meyve Ve Sebze,Mısır Adet,"₺29,95",https://ardenmarket.com.tr/misir-adet.html,https://ardenmarket.com.tr/media/catalog/product/cache/af204314a7b8c0f9bb1d3072a30a2454/m/i/misir-adet.png
Meyve Ve Sebze,Enginar Adet,"₺9,95",https://ardenmarket.com.tr/enginar-adet.html,https://ardenmarket.com.tr/media/catalog/product/cache/af204314a7b8c0f9bb1d3072a30a2454/e/n/enginar.png
Meyve Ve Sebze,Domates Pembe Kg,"₺89,99",https://ardenmarket.com.tr/domates-pembe-kg.html,https://ardenmarket.com.tr/media/catalog/product/cache/af204314a7b8c0f9bb1d3072a30a2454/d/o/domates_pembe.png
Meyve Ve Sebze,Biber Sivri Kıl Kg,"₺119,99",https://ardenmarket.com.tr/biber-sivri-kil-kg.html,https://ardenmarket.com.tr/media/catalog/product/cache/af204314a7b8c0f9bb1d3072a30a2454/b/i/biber-sivri-kil.png
Meyve Ve Sebze,Karpuz Kg,"₺14,99",https://ardenmarket.com.tr/karpuz-kg.html,https://ardenmarket.com.tr/media/catalog/product/cache/af204314a7b8c0f9bb1d3072a30a2454/k/a/karpuz_kg.png
Meyve Ve Sebze,Ananas Adet,"₺179,95",https://ardenmarket.com.tr/ananas-adet.html,https://ardenmarket.com.tr/media/catalog/product/cache/af204314a7b8c0f9bb1d3072a30a2454/a/n/ananas-1.jpg
Meyve Ve Sebze,Salatalık Kg,"₺39,99",https://ardenmarket.com.tr/salatalik-kg.html,https://ardenmarket.com.tr/media/catalog/product/cache/af204314a7b8c0f9bb1d3072a30a2454/s/a/salatalik_1_1_1.png
Meyve Ve Sebze,Elma Golden Kg,"₺99,99",https://ardenmarket.com.tr/elma-golden.html,https://ardenmarket.com.tr/media/catalog/product/cache/af204314a7b8c0f9bb1d3072a30a2454/e/l/elma-golden-1.jpg
Meyve Ve Sebze,Elma Starking Kg,"₺119,99",https://ardenmarket.com.tr/manav-elma-starking-kg.html,https://ardenmarket.com.tr/media/catalog/product/cache/af204314a7b8c0f9bb1d3072a30a2454/e/l/elma-starking-1.jpg
Meyve Ve Sebze,Zencefil Taze Kg,"₺299,99",https://ardenmarket.com.tr/manav-zencefil-taze-kg.html,https://ardenmarket.com.tr/media/catalog/product/cache/af204314a7b8c0f9bb1d3072a30a2454/t/a/taze-zencef_l.png
Meyve Ve Sebze,Soğan Taze Demet,"₺49,95",https://ardenmarket.com.tr/manav-sogan-taze-kg.html,https://ardenmarket.com.tr/media/catalog/product/cache/af204314a7b8c0f9bb1d3072a30a2454/s/o/sogan_taze.png
Meyve Ve Sebze,Göbek Salata Adet,"₺49,95",https://ardenmarket.com.tr/manav-gobek-salata-adet.html,https://ardenmarket.com.tr/media/catalog/product/cache/af204314a7b8c0f9bb1d3072a30a2454/g/_/g_bek_salata_1.png
Meyve Ve Sebze,Semizotu Demet,"₺49,95",https://ardenmarket.com.tr/manav-semizotu-kg.html,https://ardenmarket.com.tr/media/catalog/product/cache/af204314a7b8c0f9bb1d3072a30a2454/s/e/semizotu-yemegi.png
Meyve Ve Sebze,Sarımsak Kg,"₺299,99",https://ardenmarket.com.tr/manav-sarimsak-kg.html,https://ardenmarket.com.tr/media/catalog/product/cache/af204314a7b8c0f9bb1d3072a30a2454/s/a/sar_msak_kg.jpg
Meyve Ve Sebze,Roka Demet,"₺39,95",https://ardenmarket.com.tr/manav-roka-demet.html,https://ardenmarket.com.tr/media/catalog/product/cache/af204314a7b8c0f9bb1d3072a30a2454/r/o/roka_1.png
Meyve Ve Sebze,Nane Demet,"₺24,95",https://ardenmarket.com.tr/manav-nane-demet.html,https://ardenmarket.com.tr/media/catalog/product/cache/af204314a7b8c0f9bb1d3072a30a2454/n/a/nane.png
Meyve Ve Sebze,Karnabahar Kg,"₺59,99",https://ardenmarket.com.tr/manav-karnabahar-kg.html,https://ardenmarket.com.tr/media/catalog/product/cache/af204314a7b8c0f9bb1d3072a30a2454/k/a/karnabahar_1_1.png
Meyve Ve Sebze,Domates Linda (Salkım) Kg,"₺119,99",https://ardenmarket.com.tr/manav-domates-linda-salkim-kg.html,https://ardenmarket.com.tr/media/catalog/product/cache/af204314a7b8c0f9bb1d3072a30a2454/d/o/domates_linda_salk_m_kg.png
Meyve Ve Sebze,Dereotu Demet,"₺24,95",https://ardenmarket.com.tr/manav-dereotu.html,https://ardenmarket.com.tr/media/catalog/product/cache/af204314a7b8c0f9bb1d3072a30a2454/d/e/dereotu_1.png
Meyve Ve Sebze,Kuru Ceviz Kabuklu Yerli Kg,"₺299,99",https://ardenmarket.com.tr/k-kuru-ceviz-kabuklu-kg.html,https://ardenmarket.com.tr/media/catalog/product/cache/af204314a7b8c0f9bb1d3072a30a2454/k/a/kabukl_ceviz_1.png
Kahvaltilik,Akdeniz Toros Pastırma 110 g,"₺319,95",https://ardenmarket.com.tr/catalog/product/view/id/340/s/akdeniz-toros-pastirma-110-gr/,https://ardenmarket.com.tr/media/catalog/product/cache/af204314a7b8c0f9bb1d3072a30a2454/a/k/akdeniz_toros_past_rma_110_g.jpg
Kahvaltilik,Anadolu Vitamin Yumurta 30'lu M,"₺149,95",https://ardenmarket.com.tr/anadolu-vitamin-yumurta-30-lu-m.html,https://ardenmarket.com.tr/media/catalog/product/cache/af204314a7b8c0f9bb1d3072a30a2454/a/n/anadolu_vitamin_yumurta_30_lu_m.jpg
Kahvaltilik,İçim Süt Light Uht 1 Lt,"₺64,95",https://ardenmarket.com.tr/icim-sut-light-uht-1-lt.html,https://ardenmarket.com.tr/media/catalog/product/cache/af204314a7b8c0f9bb1d3072a30a2454/_/i/_im_s_t_light_uht_1_lt.png
Kahvaltilik,Ayca Tost Peyniri 400 Gr,"₺184,95",https://ardenmarket.com.tr/ayca-tost-peyniri-400-gr.html,https://ardenmarket.com.tr/media/catalog/product/cache/af204314a7b8c0f9bb1d3072a30a2454/a/y/ay_a_tost_peyniri_400_g.png
Kahvaltilik,Muratbey Dilimli Kaşar 225 Gr,"₺229,95",https://ardenmarket.com.tr/muratbey-dilimli-kasar-225-gr.html,https://ardenmarket.com.tr/media/catalog/product/cache/af204314a7b8c0f9bb1d3072a30a2454/1/9/1995_et_ket_d_l_ml_ka_ar_225_gr_3d_tekl_.png
Kahvaltilik,Muratbey Taze Kaşar 225 Gr,"₺212,95",https://ardenmarket.com.tr/muratbey-taze-kasar-225-gr.html,https://ardenmarket.com.tr/media/catalog/product/cache/af204314a7b8c0f9bb1d3072a30a2454/m/u/muratbey_taze_ka_ar_225_gr.jpg
Kahvaltilik,Sütaş Kaşar Peyniri 225 Gr,"₺149,00",https://ardenmarket.com.tr/sutas-kasar-peyniri-225-gr.html,https://ardenmarket.com.tr/media/catalog/product/cache/af204314a7b8c0f9bb1d3072a30a2454/s/_/s_ta_ka_ar_peyniri_225_gr.png
Kahvaltilik,Torku Tost Peyniri 400 Gr,"₺249,95",https://ardenmarket.com.tr/torku-kasar-peyniri-400-gr.html,https://ardenmarket.com.tr/media/catalog/product/cache/af204314a7b8c0f9bb1d3072a30a2454/7/4/7447340_400gr-tost-peyniri.png
Kahvaltilik,İçim Dilimli Burger Peynir 200 Gr,"₺144,95",https://ardenmarket.com.tr/icim-dilimli-burger-peynir-200-gr.html,https://ardenmarket.com.tr/media/catalog/product/cache/af204314a7b8c0f9bb1d3072a30a2454/1/0/105315-1.jpg
Kahvaltilik,Sütaş Dilimli Tost Peynir 60 Gr,"₺39,00",https://ardenmarket.com.tr/sutas-dilimli-tost-peynir-60-gr.html,https://ardenmarket.com.tr/media/catalog/product/cache/af204314a7b8c0f9bb1d3072a30a2454/1/0/106298-1.jpg
Kahvaltilik,Sütaş 8 Dilimli Kaşar 150 Gr,"₺97,50",https://ardenmarket.com.tr/sutas-8-dilimli-kasar-150-gr.html,https://ardenmarket.com.tr/media/catalog/product/cache/af204314a7b8c0f9bb1d3072a30a2454/k/a/kasar-150g.jpg
Kahvaltilik,Tahsildaroğlu Taze Kaşar 400 Gr,"₺279,95",https://ardenmarket.com.tr/tahsildaroglu-taze-kasar-400-gr.html,https://ardenmarket.com.tr/media/catalog/product/cache/af204314a7b8c0f9bb1d3072a30a2454/t/a/tahsildaro_lu_taze_ka_ar_400_gr.png
Kahvaltilik,Ayca Tost Peyniri 250 Gr,"₺119,95",https://ardenmarket.com.tr/ayca-ayca-tost-peyniri-250-gr.html,https://ardenmarket.com.tr/media/catalog/product/cache/af204314a7b8c0f9bb1d3072a30a2454/a/y/ay_a_tost_peyniri_250_gr.png
Kahvaltilik,Muratbey Anadolu Lezzetleri 200 Gr,"₺189,95",https://ardenmarket.com.tr/muratbey-anadolu-lezzetleri-200-gr.html,https://ardenmarket.com.tr/media/catalog/product/cache/af204314a7b8c0f9bb1d3072a30a2454/2/2/2256__st_folyo_anadolu_lezzetler_200_gr_355x52_metre_3d_tekl_.png
Kahvaltilik,Muratbey Dil Peyniri 200 Gr,"₺184,95",https://ardenmarket.com.tr/muratbey-dil-peyniri-200-gr.html,https://ardenmarket.com.tr/media/catalog/product/cache/af204314a7b8c0f9bb1d3072a30a2454/m/u/muratbey_dil_peyniri_200_gr.jpg
Kahvaltilik,Tahsildaroğlu Kahvaltılık Lor 300 Gr,"₺129,95",https://ardenmarket.com.tr/tahsildaroglu-kahvaltilik-lor-300-gr.html,https://ardenmarket.com.tr/media/catalog/product/cache/af204314a7b8c0f9bb1d3072a30a2454/1/1/110387-1.jpg
Kahvaltilik,Ayca Fındık Peynir 200 Gr,"₺119,95",https://ardenmarket.com.tr/ayca-findik-peynir-200-gr.html,https://ardenmarket.com.tr/media/catalog/product/cache/af204314a7b8c0f9bb1d3072a30a2454/2/0/200gr-findik-peynir-sulu.png
Kahvaltilik,Kebir Erzincan Tulum Peyniri 300 Gr,"₺249,95",https://ardenmarket.com.tr/kebir-erzincan-tulum-peyniri-300-gr.html,https://ardenmarket.com.tr/media/catalog/product/cache/af204314a7b8c0f9bb1d3072a30a2454/1/0/103890-1.jpg
Kahvaltilik,Pınar Labne 180 Gr,"₺94,95",https://ardenmarket.com.tr/pinar-labne-180-gr.html,https://ardenmarket.com.tr/media/catalog/product/cache/af204314a7b8c0f9bb1d3072a30a2454/l/a/labne_180g_yeni_kapak.png
Kahvaltilik,Torku Labne Peynir 180 Gr,"₺69,95",https://ardenmarket.com.tr/torku-labne-peynir-180-gr.html,https://ardenmarket.com.tr/media/catalog/product/cache/af204314a7b8c0f9bb1d3072a30a2454/p/_/p_nar_labne_180_gr_1.png
Kahvaltilik,Pınar Beyaz 180 Gr,"₺109,95",https://ardenmarket.com.tr/pinar-tam-yagli-taze-peynir-180-gr.html,https://ardenmarket.com.tr/media/catalog/product/cache/af204314a7b8c0f9bb1d3072a30a2454/p/_/p_nar_tam_ya_l_taze_peynir_180_gr.png
Kahvaltilik,Muratbey Sürmeli Taze Peynir 400 Gr,"₺199,50",https://ardenmarket.com.tr/muratbey-surmeli-taze-peynir-400-gr.html,https://ardenmarket.com.tr/media/catalog/product/cache/af204314a7b8c0f9bb1d3072a30a2454/1/8/1899_kase_kapak_s_rmel_400_gr__3d_tekl_.png
Kahvaltilik,Torku Krempare Peynir 180 Gr,"₺76,95",https://ardenmarket.com.tr/torku-krempare-peynir-180-gr.html,https://ardenmarket.com.tr/media/catalog/product/cache/af204314a7b8c0f9bb1d3072a30a2454/t/o/torku_krempare_peynir_180_gr.png
Kahvaltilik,Pınar Krem Peynir 300 Gr,"₺142,95",https://ardenmarket.com.tr/pinar-krem-peynir-300-gr.html,https://ardenmarket.com.tr/media/catalog/product/cache/af204314a7b8c0f9bb1d3072a30a2454/p/_/p_nar_krem_peynir_300_gr.png
Kahvaltilik,Torku Süzme Peynir 200 Gr,"₺84,95",https://ardenmarket.com.tr/torku-suzme-peynir-200-gr.html,https://ardenmarket.com.tr/media/catalog/product/cache/af204314a7b8c0f9bb1d3072a30a2454/t/o/torku_s_zme_peynir_200_gr.png
Kahvaltilik,Ayca Tam Yağlı Beyaz Peynir 500 Gr,"₺184,95",https://ardenmarket.com.tr/ayca-tam-yagli-beyaz-peynir-500-gr.html,https://ardenmarket.com.tr/media/catalog/product/cache/af204314a7b8c0f9bb1d3072a30a2454/1/0/107976-1.jpg
Kahvaltilik,Ayca Özel Tam Yağlı Beyaz Peynir 800 Gr,"₺254,95",https://ardenmarket.com.tr/ayca-ozel-tam-yagli-beyaz-peynir-800-gr.html,https://ardenmarket.com.tr/media/catalog/product/cache/af204314a7b8c0f9bb1d3072a30a2454/1/0/107975-1.jpg
Kahvaltilik,İçim Süzme Beyaz Peynir 250 Gr,"₺92,95",https://ardenmarket.com.tr/icim-suzme-beyaz-peynir-250-gr.html,https://ardenmarket.com.tr/media/catalog/product/cache/af204314a7b8c0f9bb1d3072a30a2454/1/0/101590-1.jpg
Kahvaltilik,Ekici Top Peynirim 200 Gr,"₺149,95",https://ardenmarket.com.tr/ekici-top-peynirim-200-gr.html,https://ardenmarket.com.tr/media/catalog/product/cache/af204314a7b8c0f9bb1d3072a30a2454/e/k/ekici_top_peynirim_200_gr.jpg
Kahvaltilik,Tahsildaroğlu Ezine Klasik Beyaz Peynir 200 Gr,"₺159,95",https://ardenmarket.com.tr/tahsildaroglu-ezine-klasik-beyaz-peynir-200-gr.html,https://ardenmarket.com.tr/media/catalog/product/cache/af204314a7b8c0f9bb1d3072a30a2454/1/1/110392-1.jpg
Kahvaltilik,Ekici Lokum Kıvamında Beyaz Peynir 500 Gr,"₺219,95",https://ardenmarket.com.tr/ekici-lokum-kivaminda-beyaz-peynir-500-gr.html,https://ardenmarket.com.tr/media/catalog/product/cache/af204314a7b8c0f9bb1d3072a30a2454/e/k/ekici_lokum_k_vam_nda_beyaz_peynir_500_gr_1.png
Kahvaltilik,Pakmaya Krema 200 Ml,"₺75,95",https://ardenmarket.com.tr/pakmaya-krema-200-ml.html,https://ardenmarket.com.tr/media/catalog/product/cache/af204314a7b8c0f9bb1d3072a30a2454/p/a/pakmaya_krema_200_ml.png
Kahvaltilik,Cesay Kaymak 150 Gr,"₺149,95",https://ardenmarket.com.tr/cesay-kaymak-150-gr.html,https://ardenmarket.com.tr/media/catalog/product/cache/af204314a7b8c0f9bb1d3072a30a2454/1/1/110144-1.jpg
Kahvaltilik,Torku Geleneksel Tereyağı 500 Gr,"₺399,95",https://ardenmarket.com.tr/torku-geleneksel-tereyagi-500-gr.html,https://ardenmarket.com.tr/media/catalog/product/cache/af204314a7b8c0f9bb1d3072a30a2454/t/o/torku-tereyag-500-g-8caf18-1650x.png
Kahvaltilik,Pınar Tereyağ 125 Gr,"₺109,95",https://ardenmarket.com.tr/pinar-tereyag-125-gr.html,https://ardenmarket.com.tr/media/catalog/product/cache/af204314a7b8c0f9bb1d3072a30a2454/p/_/p_nar_tereya_125_gr.png
Kahvaltilik,Ekici Tereyağ 700 Gr,"₺649,95",https://ardenmarket.com.tr/ekici-tereyag-700-gr.html,https://ardenmarket.com.tr/media/catalog/product/cache/af204314a7b8c0f9bb1d3072a30a2454/1/0/109160.jpg
Kahvaltilik,Ayca Trabzon Tipi Tereyağı Rulo 1000 Gr,"₺699,95",https://ardenmarket.com.tr/ayca-trabzon-tipi-tereyagi-1000-gr.html,https://ardenmarket.com.tr/media/catalog/product/cache/af204314a7b8c0f9bb1d3072a30a2454/1/0/1000grrulotereyag-550x825w.png
Kahvaltilik,Torku Tereyağı 1000 Gr,"₺769,95",https://ardenmarket.com.tr/torku-tereyagi-1000-gr.html,https://ardenmarket.com.tr/media/catalog/product/cache/af204314a7b8c0f9bb1d3072a30a2454/t/o/torku_tereya_1000_gr.png
Kahvaltilik,Ayca Pastorize Tereyağ 250 Gr,"₺199,95",https://ardenmarket.com.tr/ayca-pastorize-tereyag-250-gr.html,https://ardenmarket.com.tr/media/catalog/product/cache/af204314a7b8c0f9bb1d3072a30a2454/1/0/107999-1.jpg
Kahvaltilik,Torku Tereyağ 250 Gr,"₺234,95",https://ardenmarket.com.tr/torku-tereyag-250-gr.html,https://ardenmarket.com.tr/media/catalog/product/cache/af204314a7b8c0f9bb1d3072a30a2454/1/0/104001-1.jpg
Sut Urunleri,Sütaş Yemeklik Krema 200 ml,"₺56,00",https://ardenmarket.com.tr/sutas-yemeklik-krema-200ml.html,https://ardenmarket.com.tr/media/catalog/product/cache/af204314a7b8c0f9bb1d3072a30a2454/6/3/638555368794590525_1.png
Sut Urunleri,Sütaş Kaymaksız Yoğurt 1 Kg,"₺95,00",https://ardenmarket.com.tr/sutas-yogurt-kaymaksiz-1000-gr.html,https://ardenmarket.com.tr/media/catalog/product/cache/af204314a7b8c0f9bb1d3072a30a2454/1/0/1000g_kaymaks_z.png
Sut Urunleri,Sütaş Ayran 2 lt,"₺99,50",https://ardenmarket.com.tr/sutas-ayran-2-lt.html,https://ardenmarket.com.tr/media/catalog/product/cache/af204314a7b8c0f9bb1d3072a30a2454/s/_/s_ta_ayran_2_lt.jpg
Sut Urunleri,İçim Süt Yarım Yağlı Uht 1 lt,"₺57,95",https://ardenmarket.com.tr/icim-sut-uht-1-lt-yarim-yagli.html,https://ardenmarket.com.tr/media/catalog/product/cache/af204314a7b8c0f9bb1d3072a30a2454/i/c/icim-1-5-yarim-yagli-uht-sut-768.png
Sut Urunleri,Eker Yoğurt Probiyotik 900 Gr,"₺119,95",https://ardenmarket.com.tr/eker-yogurt-probiyotik-900-gr.html,https://ardenmarket.com.tr/media/catalog/product/cache/af204314a7b8c0f9bb1d3072a30a2454/7/7/77830975_1707332132087_org_8lsku5ol8tgygmz6.jpg
Sut Urunleri,Eker Yoğurt Orman Meyveli Probiyotik 4x100 Gr,"₺105,95",https://ardenmarket.com.tr/eker-yogurt-orman-meyveli-probiyotik-4x100-gr.html,https://ardenmarket.com.tr/media/catalog/product/cache/af204314a7b8c0f9bb1d3072a30a2454/2/4/245082885_1707332282860_org_h5yqfxd12bxs2slb.jpg
Sut Urunleri,Eker Yoğurt Orman Meyveli Probiyotik 400 Gr,"₺99,95",https://ardenmarket.com.tr/eker-yogurt-orman-meyveli-probiyotik-400-gr.html,https://ardenmarket.com.tr/media/catalog/product/cache/af204314a7b8c0f9bb1d3072a30a2454/2/4/245082888_1707330120191_org_w6jdzmhe76reggps.jpg
Sut Urunleri,Eker Yoğurt Çilekli Probiyotik 400 Gr,"₺99,95",https://ardenmarket.com.tr/eker-yogurt-cilekli-probiyotik-400-gr.html,https://ardenmarket.com.tr/media/catalog/product/cache/af204314a7b8c0f9bb1d3072a30a2454/7/7/77831210_1707334032778_org_afr21pb93fxhbiqw.jpg
Sut Urunleri,Eker Yoğurt 750 Gr,"₺97,95",https://ardenmarket.com.tr/eker-yogurt-750-gr.html,https://ardenmarket.com.tr/media/catalog/product/cache/af204314a7b8c0f9bb1d3072a30a2454/3/4/34903981_1718016025902_org_uptzxvflehqczksw.jpg
Sut Urunleri,Eker Dips Cips Sos Barbekülü 125 Gr,"₺44,90",https://ardenmarket.com.tr/eker-dips-cips-sos-barbekulu-125-gr.html,https://ardenmarket.com.tr/media/catalog/product/cache/af204314a7b8c0f9bb1d3072a30a2454/2/4/245437660_1718019602948_org_ukoysy1wobuap4nt.jpg
Sut Urunleri,Eker Yoğurt Dip & Cips Acı Soslu 125 Gr,"₺44,90",https://ardenmarket.com.tr/eker-yogurt-dip-cips-aci-soslu-125-gr.html,https://ardenmarket.com.tr/media/catalog/product/cache/af204314a7b8c0f9bb1d3072a30a2454/2/4/245437669_1707810357997_org_m9x6ootruw4rhohr.jpg
Sut Urunleri,Eker Yoğurt Dip & Cips Cheddar Soslu 125 Gr,"₺44,90",https://ardenmarket.com.tr/eker-yogurt-dip-cips-cheddar-soslu-125-gr.html,https://ardenmarket.com.tr/media/catalog/product/cache/af204314a7b8c0f9bb1d3072a30a2454/2/4/245437658_1726841315495_org_bml16jfdxsgshvox.jpg
Sut Urunleri,Eker Domatesli Dip Cips Sos 125 Gr,"₺44,90",https://ardenmarket.com.tr/eker-domatesli-dip-cips-sos-125-gr.html,https://ardenmarket.com.tr/media/catalog/product/cache/af204314a7b8c0f9bb1d3072a30a2454/2/4/245437655_1707334997544_org_rocv3rf77ayzuxbt.jpg
Sut Urunleri,Eker Yoğurt Efsane 350 Gr,"₺49,95",https://ardenmarket.com.tr/eker-yogurt-efsane-350-gr.html,https://ardenmarket.com.tr/media/catalog/product/cache/af204314a7b8c0f9bb1d3072a30a2454/3/6/36362321_1707331006478_org_ehga1akdksw1e4bq.jpg
Sut Urunleri,Eker Peynir Hellim 250 Gr,"₺191,00",https://ardenmarket.com.tr/eker-peynir-hellim-250-gr.html,https://ardenmarket.com.tr/media/catalog/product/cache/af204314a7b8c0f9bb1d3072a30a2454/2/4/245284673_1707332187209_org_owf56fhyhdip1ymi.jpg
Sut Urunleri,Danone Yoğurt Activia İncirli Cevizli 400 Gr,"₺114,95",https://ardenmarket.com.tr/danone-yogurt-activia-incirli-cevizli-400-gr.html,https://ardenmarket.com.tr/media/catalog/product/cache/af204314a7b8c0f9bb1d3072a30a2454/a/c/activia_spoonable_incir_ceviz_4.png
Sut Urunleri,Danone Puding Danette Çilekli 4x110 Gr,"₺99,95",https://ardenmarket.com.tr/danone-puding-danette-cilekli-4x110-gr.html,https://ardenmarket.com.tr/media/catalog/product/cache/af204314a7b8c0f9bb1d3072a30a2454/4/2/42428591_1707331823533_org_pg7v8ckolgdnprnz.jpg
Sut Urunleri,Danone Yoğurt Danino Bebe Bisküvili 6X40 Gr,"₺74,95",https://ardenmarket.com.tr/danone-yogurt-danino-bebe-biskuvili-40-gr.html,https://ardenmarket.com.tr/media/catalog/product/cache/af204314a7b8c0f9bb1d3072a30a2454/6/2/6266c02f1513e94f248aa373.png
Sut Urunleri,Danone Yoğurt Danino Çilekli Büyüme 6x40 Gr,"₺74,95",https://ardenmarket.com.tr/danone-yogurt-danino-cilekli-buyume-6x40-gr.html,https://ardenmarket.com.tr/media/catalog/product/cache/af204314a7b8c0f9bb1d3072a30a2454/4/1/41112916_1707395825817_org_uhllnez4bwpzrbxo.jpg
Sut Urunleri,Danone Yoğurt Orman Meyveli 6x40 Gr,"₺74,95",https://ardenmarket.com.tr/danone-yogurt-orman-meyveli-6x40-gr.html,https://ardenmarket.com.tr/media/catalog/product/cache/af204314a7b8c0f9bb1d3072a30a2454/1/2/12509680-c6322a-1650x1650.png
Sut Urunleri,Danone Yoğurt Danino Muzlu 6x40 Gr,"₺74,95",https://ardenmarket.com.tr/danone-yogurt-danino-muzlu-6x40-gr.html,https://ardenmarket.com.tr/media/catalog/product/cache/af204314a7b8c0f9bb1d3072a30a2454/d/a/danone-danino-muzlu-45-gr-6li-pa.png
Sut Urunleri,Danone Yoğurt Hüpper Çilekli 67 Gr,"₺38,95",https://ardenmarket.com.tr/danone-yogurt-hupper-cilekli-67-gr.html,https://ardenmarket.com.tr/media/catalog/product/cache/af204314a7b8c0f9bb1d3072a30a2454/4/1/41050040_1707395856348_org_jliexwkq63ksescz.jpg
Sut Urunleri,Ayca Krem Peynir 400 gr,"₺144,95",https://ardenmarket.com.tr/ayca-krem-peynir-400-gr.html,https://ardenmarket.com.tr/media/catalog/product/cache/af204314a7b8c0f9bb1d3072a30a2454/1/0/10302100.png
Sut Urunleri,Ayca Çeçil Peyniri 200 gr,"₺119,95",https://ardenmarket.com.tr/ayca-cecil-peyniri-200-gr.html,https://ardenmarket.com.tr/media/catalog/product/cache/af204314a7b8c0f9bb1d3072a30a2454/9/6/96810593_1707333362450_org_puxgwbl3tqe26lbp.jpg
Sut Urunleri,Ayca Çubuk Peynir 200 gr,"₺119,95",https://ardenmarket.com.tr/ayca-cubuk-peynir-200-gr.html,https://ardenmarket.com.tr/media/catalog/product/cache/af204314a7b8c0f9bb1d3072a30a2454/2/3/235655808_1707330405112_org_cuqllfewsvuq1c1o.jpg
Sut Urunleri,Ayca Rulo Kaymak 150 Gr,"₺134,95",https://ardenmarket.com.tr/ayca-rulo-kaymak-150-gr.html,https://ardenmarket.com.tr/media/catalog/product/cache/af204314a7b8c0f9bb1d3072a30a2454/0/0/0007839_ayca-rulo-kaymak-150-gr.png
Sut Urunleri,Ayca Labne 200 gr,"₺74,95",https://ardenmarket.com.tr/ayca-labne-200-gr.html,https://ardenmarket.com.tr/media/catalog/product/cache/af204314a7b8c0f9bb1d3072a30a2454/2/4/245057677_1707336615440_org_kactaova2knjcm5s.jpg
Sut Urunleri,Ayca Lor Peynir 500 gr,"₺74,95",https://ardenmarket.com.tr/ayca-lor-peynir-500-gr.html,https://ardenmarket.com.tr/media/catalog/product/cache/af204314a7b8c0f9bb1d3072a30a2454/9/6/96240921_1707332896433_org_ke1cdjmvikdjqkqx.jpg
Sut Urunleri,Ayca Trabzon Tipi Tereyağı Topak 1000 gr,"₺699,95",,
Temel Gida,Duru Baldo Pirinç 1000 Gr,"₺154,95",https://ardenmarket.com.tr/duru-baldo-pirinc-1000-gr.html,https://ardenmarket.com.tr/media/catalog/product/cache/af204314a7b8c0f9bb1d3072a30a2454/1/0/107931-1.jpg
Temel Gida,Sinangil Un 1 Kg,"₺44,95",https://ardenmarket.com.tr/sinangil-un-1kg.html,https://ardenmarket.com.tr/media/catalog/product/cache/af204314a7b8c0f9bb1d3072a30a2454/s/_/s_nang_l_un_1kg.jpg
Temel Gida,Toz Şeker Kg,"₺59,99",https://ardenmarket.com.tr/toz-seker-kg.html,https://ardenmarket.com.tr/media/catalog/product/cache/af204314a7b8c0f9bb1d3072a30a2454/t/o/toz_eker_kg_1.png
Temel Gida,Tat Domates Salçası 830 g,"₺89,95",https://ardenmarket.com.tr/tat-salca-830-gr-domates.html,https://ardenmarket.com.tr/media/catalog/product/cache/af204314a7b8c0f9bb1d3072a30a2454/0/0/0001648_domates-salca-830-g-tat.png
Temel Gida,Coca Cola 2 Lt,"₺90,00",https://ardenmarket.com.tr/coca-cola-orijinal-tat-2-lt.html,https://ardenmarket.com.tr/media/catalog/product/cache/af204314a7b8c0f9bb1d3072a30a2454/9/7/97355960_1722589613182_org_xviv4jayenxfmmd7.jpg
Temel Gida,Pastavilla Pesto Makarna Sosu 190 G,"₺149,95",https://ardenmarket.com.tr/pastavilla-pesto-makarna-sosu-190-g.html,https://ardenmarket.com.tr/media/catalog/product/cache/af204314a7b8c0f9bb1d3072a30a2454/9/0/9024122-aa60ad-1650x1650.png
Temel Gida,Ahsaf Zeytinyağı Riviera 2 Lt Teneke,"₺719,95",https://ardenmarket.com.tr/ahsaf-zeytinyagi-riviera-2-lt-teneke.html,https://ardenmarket.com.tr/media/catalog/product/cache/af204314a7b8c0f9bb1d3072a30a2454/2/0/205392.png
Temel Gida,Kemal Kükrer Turşu Acı Biber 370 Ml,"₺94,95",https://ardenmarket.com.tr/kemal-kukrer-tursu-aci-biber-370-ml.html,https://ardenmarket.com.tr/media/catalog/product/cache/af204314a7b8c0f9bb1d3072a30a2454/2/4/245776350_1734690360730_org_cedzzi7xh9dplkvr.jpg
Temel Gida,Kemal Kükrer Mayhoş Sos 375 Ml,"₺149,95",https://ardenmarket.com.tr/kemal-kukrer-mayhos-sos-375-ml.html,https://ardenmarket.com.tr/media/catalog/product/cache/af204314a7b8c0f9bb1d3072a30a2454/2/4/245818533_1738225010542_org_iuh5lryazzcwzam2.jpg
Temel Gida,Glutensiz Fabrika Sade Karabuğday Patlağı 100 Gr,"₺54,95",https://ardenmarket.com.tr/glutensiz-fabrika-sade-karabugday-patlagi-100-gr.html,https://ardenmarket.com.tr/media/catalog/product/cache/af204314a7b8c0f9bb1d3072a30a2454/2/4/245238474_1707330223937_org_3ggyjp6sw1q8q65m.jpg
Temel Gida,Burcu Domates Rende 685 Gr,"₺59,95",https://ardenmarket.com.tr/burcu-domates-rende-685-gr.html,https://ardenmarket.com.tr/media/catalog/product/cache/af204314a7b8c0f9bb1d3072a30a2454/2/4/245710297_1728287505288_org_kencdlhgkrrgatcp.jpg
Temel Gida,Berrak Zengin Karışık Turşu 1062 Ml,"₺224,95",https://ardenmarket.com.tr/berrak-zengin-karisik-tursu-1062-ml.html,https://ardenmarket.com.tr/media/catalog/product/cache/af204314a7b8c0f9bb1d3072a30a2454/4/2/42387215_1733905251803_org_1zlqhyjfpxjtsi7s.jpg
Temel Gida,Berrak Turşu Jalapeno 680 Gr,"₺139,95",https://ardenmarket.com.tr/berrak-tursu-jalapeno-680-gr.html,https://ardenmarket.com.tr/media/catalog/product/cache/af204314a7b8c0f9bb1d3072a30a2454/1/2/122961687_1707336123514_org_o9becsgdvt3wgfll.jpg
Temel Gida,Berrak Salatalık Turşusu Tatlı No 2 680 Gr,"₺119,95",https://ardenmarket.com.tr/berrak-salatalik-tursusu-tatli-no-2-680-gr.html,https://ardenmarket.com.tr/media/catalog/product/cache/af204314a7b8c0f9bb1d3072a30a2454/2/4/245458594_1733488448321_org_icgg5tj1kqbiuply.jpg
Temel Gida,Berrak Salatalık Turşusu Hafif 680 Gr,"₺179,95",https://ardenmarket.com.tr/berrak-salatalik-tursusu-hafif-680-gr.html,https://ardenmarket.com.tr/media/catalog/product/cache/af204314a7b8c0f9bb1d3072a30a2454/3/8/38256438_1707334163922_org_daa1wxfgqt1uv1ds.jpg
Temel Gida,Bizim Mutfak Hızlı Çorba Kremalı Tavuk 15 Gr,"₺17,50",https://ardenmarket.com.tr/bizim-mutfak-hizli-corba-kremali-tavuk-15-gr.html,https://ardenmarket.com.tr/media/catalog/product/cache/af204314a7b8c0f9bb1d3072a30a2454/h/i/hizli-kremali-tavuk-corba.png
Temel Gida,Hasata Pirinç Gönen Baldo 1 Kg,"₺159,95",https://ardenmarket.com.tr/hasata-pirinc-gonen-baldo-1-kg.html,https://ardenmarket.com.tr/media/catalog/product/cache/af204314a7b8c0f9bb1d3072a30a2454/2/4/245266448_1728025932688_org_1lqdhqkmdarxqe93.jpg
Temel Gida,Hasata Kırmızı Mercimek 2 Kg,"₺269,95",https://ardenmarket.com.tr/hasata-kirmizi-mercimek-2-kg.html,https://ardenmarket.com.tr/media/catalog/product/cache/af204314a7b8c0f9bb1d3072a30a2454/2/4/245813180_1737964720181_org_9ytp3porqn1ekxba.jpg
Temel Gida,Hasata Basmati Pirinç 1 Kg,"₺169,95",https://ardenmarket.com.tr/hasata-basmati-pirinc-1-kg.html,https://ardenmarket.com.tr/media/catalog/product/cache/af204314a7b8c0f9bb1d3072a30a2454/2/4/245713110_1732020462156_org_aofqz3fdpmd8pngl.jpg
Temel Gida,Sosi Limon Suyu 500 Ml,"₺49,95",https://ardenmarket.com.tr/sosi-limon-suyu-100-500-ml.html,https://ardenmarket.com.tr/media/catalog/product/cache/af204314a7b8c0f9bb1d3072a30a2454/2/4/245784448_1735109091943_org_szatmknxnc1dxluh.jpg
Temel Gida,Heinz Sos Ranch 225 Gr,"₺149,95",https://ardenmarket.com.tr/heinz-sos-ranch-225-gr.html,https://ardenmarket.com.tr/media/catalog/product/cache/af204314a7b8c0f9bb1d3072a30a2454/2/4/245736510_1731683109623_org_ydacmbspo64wk0bk.jpg
Temel Gida,Dr. Oetker Maya Ekşi 35 Gr,"₺34,50",https://ardenmarket.com.tr/dr-oetker-maya-eksi-35-gr.html,https://ardenmarket.com.tr/media/catalog/product/cache/af204314a7b8c0f9bb1d3072a30a2454/3/3/33706753_1707335584850_org_htqoxtkgza7bbzgj.jpg
Temel Gida,Bizim Mutfak Hızlı Çorba Domates 1 Dk Hazır 18 Gr,"₺17,50",https://ardenmarket.com.tr/bizim-mutfak-kitirli-hizli-corba-domates-1-dk-hazir-18-gr.html,https://ardenmarket.com.tr/media/catalog/product/cache/af204314a7b8c0f9bb1d3072a30a2454/b/i/bizim_mutfak_h_zl_orba_domates_1_dk_haz_r_18_gr.png
Temel Gida,Bizim Mutfak Hızlı Çorba Mercimek 18 Gr,"₺17,50",https://ardenmarket.com.tr/bizim-mutfak-hizli-corba-mercimek-22-gr.html,https://ardenmarket.com.tr/media/catalog/product/cache/af204314a7b8c0f9bb1d3072a30a2454/b/i/bizim_mutfak_h_zl_orba_mercimek_18_gr.png
Temel Gida,Bizim Mutfak Hızlı Çorba Ezogelin 17 Gr,"₺17,50",https://ardenmarket.com.tr/bizim-mutfak-hizli-corba-ezogelin-22-gr.html,https://ardenmarket.com.tr/media/catalog/product/cache/af204314a7b8c0f9bb1d3072a30a2454/b/i/bizim_mutfak_h_zl_orba_ezogelin_17_gr.png
Temel Gida,Dr. Oetker Pirinç Unu 200 Gr,"₺49,00",https://ardenmarket.com.tr/dr-oetker-pirinc-unu-200-gr.html,https://ardenmarket.com.tr/media/catalog/product/cache/af204314a7b8c0f9bb1d3072a30a2454/8/8/8865723613234_1741244053612_2.png
Temel Gida,Yörük Ana Geleneksel Acılı Tarhana Çorbası Cam 450 Gr,"₺109,95",https://ardenmarket.com.tr/yoruk-ana-geleneksel-acili-tarhana-corbasi-cam-450-gr.html,https://ardenmarket.com.tr/media/catalog/product/cache/af204314a7b8c0f9bb1d3072a30a2454/g/e/geleneksel-acili-tarhana-corbasi-photoroom.png
Temel Gida,Yörük Ana Geleneksel Tarhana Çorbası Cam 450 Gr,"₺109,95",https://ardenmarket.com.tr/yoruk-ana-geleneksel-tarhana-corbasi-cam-450-gr.html,https://ardenmarket.com.tr/media/catalog/product/cache/af204314a7b8c0f9bb1d3072a30a2454/g/e/geleneksel-tarhana-corbasi-450-g-photoroom.png
Temel Gida,Tat Jalapeno Biber Turşusu 330 Gr,"₺99,95",https://ardenmarket.com.tr/tat-jalapeno-biber-tursusu-370-cc.html,https://ardenmarket.com.tr/media/catalog/product/cache/af204314a7b8c0f9bb1d3072a30a2454/f/z/fzuex2cc1o_500x500.png
Temel Gida,Tat Köy Domates Biber Karışık Salça 560 G,"₺169,95",https://ardenmarket.com.tr/tat-koy-domates-biber-karisik-salca-560-g.html,https://ardenmarket.com.tr/media/catalog/product/cache/af204314a7b8c0f9bb1d3072a30a2454/9/0/9010017-65ad24-1650x1650.png
Temel Gida,Tamek Mayonez 320 Gr,"₺129,95",https://ardenmarket.com.tr/tamek-mayonez-320-gr.html,https://ardenmarket.com.tr/media/catalog/product/cache/af204314a7b8c0f9bb1d3072a30a2454/k/e/ketcap-mayonez-600x600-6.png
Temel Gida,Tamek Közlenmiş Kırmızı Biber 530 g,"₺129,95",https://ardenmarket.com.tr/tamek-kozlenmis-kirmizi-biber-530-g.html,https://ardenmarket.com.tr/media/catalog/product/cache/af204314a7b8c0f9bb1d3072a30a2454/6/2/62221_0_521wx521h.png
Temel Gida,Dinçer Lüks Baldo Pirinç 1 Kg,"₺109,95",https://ardenmarket.com.tr/dincer-luks-baldo-pirinc-1-kg.html,https://ardenmarket.com.tr/media/catalog/product/cache/af204314a7b8c0f9bb1d3072a30a2454/1/3/131.png
Temel Gida,Veronelli Veronelli Lazanya 500gr,"₺139,95",https://ardenmarket.com.tr/veronelli-veronelli-lazanya-500gr.html,https://ardenmarket.com.tr/media/catalog/product/cache/af204314a7b8c0f9bb1d3072a30a2454/2/4/245162710_1707334239190_org_g9vynke0uukzsjba.jpg
Temel Gida,Tat Taze Fasulye 800 Gr,"₺139,95",https://ardenmarket.com.tr/tat-taze-fasulye-800-gr.html,https://ardenmarket.com.tr/media/catalog/product/cache/af204314a7b8c0f9bb1d3072a30a2454/3/3/33707335_1707331573628_org_qxutum3qhoxycss4.jpg
Temel Gida,Tat Ezme Cevizli 300 Gr,"₺114,95",https://ardenmarket.com.tr/tat-ezme-cevizli-300-gr.html,https://ardenmarket.com.tr/media/catalog/product/cache/af204314a7b8c0f9bb1d3072a30a2454/2/4/245012243_1707335776090_org_gaaztckmsx3lg5r1.jpg
Temel Gida,Tat Pancar Turşusu 680 Gr,"₺159,95",https://ardenmarket.com.tr/tat-pancar-tursusu-680-gr.html,https://ardenmarket.com.tr/media/catalog/product/cache/af204314a7b8c0f9bb1d3072a30a2454/4/2/42387310_1707393801805_org_uvwrh8vlrxtwo2qm.jpg
Temel Gida,Tat Turşu Karışık 680 Gr,"₺159,95",https://ardenmarket.com.tr/tat-tursu-karisik-650-gr.html,https://ardenmarket.com.tr/media/catalog/product/cache/af204314a7b8c0f9bb1d3072a30a2454/8/4/84287_0_521wx521h.png
Temel Gida,Tat Barbekü Sos 250 Ml,"₺119,95",https://ardenmarket.com.tr/tat-barbeku-sos-250-ml.html,https://ardenmarket.com.tr/media/catalog/product/cache/af204314a7b8c0f9bb1d3072a30a2454/4/2/42091269_1707340185185_org_30nadpys1hhcqqn3.jpg
Temel Gida,Tat Mısır Konservesi 200 Gr,"₺69,95",https://ardenmarket.com.tr/tat-misir-konservesi-200-gr.html,https://ardenmarket.com.tr/media/catalog/product/cache/af204314a7b8c0f9bb1d3072a30a2454/4/2/42387770_1707336120997_org_7hdvxnjvbhug0lue.jpg
Temel Gida,Tat Domates Rendesi 685 Gr,"₺94,95",https://ardenmarket.com.tr/tat-domates-rendesi-685-gr.html,https://ardenmarket.com.tr/media/catalog/product/cache/af204314a7b8c0f9bb1d3072a30a2454/9/0/9012034-0c773e-1650x1650.png
Temel Gida,Tat Salça 170 Gr,"₺39,95",https://ardenmarket.com.tr/tat-salca-170-gr.html,https://ardenmarket.com.tr/media/catalog/product/cache/af204314a7b8c0f9bb1d3072a30a2454/0/0/0001639_domates-salca-170-g-tat_1_.png
Temel Gida,Tamek Tamek Turşu 720 ml Kornişon No 1,"₺149,95",https://ardenmarket.com.tr/tamek-tamek-tursu-720-ml-kornison-no-1.html,https://ardenmarket.com.tr/media/catalog/product/cache/af204314a7b8c0f9bb1d3072a30a2454/2/4/245344117_1707330943996_org_5cvuhhvtkgnhdali.jpg
Temel Gida,Tamek Mayonez 540 gr,"₺149,95",https://ardenmarket.com.tr/tamek-mayonez-600-gr.html,https://ardenmarket.com.tr/media/catalog/product/cache/af204314a7b8c0f9bb1d3072a30a2454/t/a/tamek_mayonez_540_gr.png
Temel Gida,Tamek Patlıcan Közlenmiş 510 Gr,"₺109,95",https://ardenmarket.com.tr/tamek-patlican-kozlenmis-510-gr.html,https://ardenmarket.com.tr/media/catalog/product/cache/af204314a7b8c0f9bb1d3072a30a2454/2/4/245245125_1707333091850_org_7opxtsyob8pg6lyt.jpg
Temel Gida,Tamek Ketçap 600 Gr,"₺119,95",https://ardenmarket.com.tr/tamek-ketcap-650-gr.html,https://ardenmarket.com.tr/media/catalog/product/cache/af204314a7b8c0f9bb1d3072a30a2454/t/a/tamek_ket_ap_600_gr.png
Temel Gida,Tamek Turşu Yakan Biber 330 Ml,"₺109,95",https://ardenmarket.com.tr/tamek-tursu-yakan-biber-330-ml.html,https://ardenmarket.com.tr/media/catalog/product/cache/af204314a7b8c0f9bb1d3072a30a2454/1/2/127423355_1707332687461_org_srno085mn9pgyczq.jpg
Temel Gida,Tamek Turşu Biberiye 330 Gr,"₺109,95",https://ardenmarket.com.tr/tamek-tursu-biberiye-330-gr.html,https://ardenmarket.com.tr/media/catalog/product/cache/af204314a7b8c0f9bb1d3072a30a2454/4/9/49854444_1707393783122_org_o6mwg22qiqm3hmds.jpg
Temel Gida,Tamek Domates Rendesi 675 Gr,"₺74,95",https://ardenmarket.com.tr/tamek-domates-rendesi-675-gr.html,https://ardenmarket.com.tr/media/catalog/product/cache/af204314a7b8c0f9bb1d3072a30a2454/d/o/domates-rendesi.png
Temel Gida,Tamek Ketçap 355 Gr,"₺89,95",https://ardenmarket.com.tr/tamek-ketcap-355-gr.html,https://ardenmarket.com.tr/media/catalog/product/cache/af204314a7b8c0f9bb1d3072a30a2454/2/4/245104481_1707921527663_org_wiupblwbomnmeqty.jpg
Dondurulmus Urunler,Akdeniz Toros Dondurulmuş Mantı 500 g,"₺189,95",https://ardenmarket.com.tr/akdeniz-toros-manti-500-g.html,https://ardenmarket.com.tr/media/catalog/product/cache/af204314a7b8c0f9bb1d3072a30a2454/a/k/akdeniz_toros_dondurulmu__mant_.png
Dondurulmus Urunler,Peksimet Donuk Elif Böreği Peynirliı 600 Gr,"₺349,95",https://ardenmarket.com.tr/peksimet-donuk-elif-boregi-peynirlii-600-gr.html,https://ardenmarket.com.tr/media/catalog/product/cache/af204314a7b8c0f9bb1d3072a30a2454/e/l/elif_boregi_peynirli.png
Dondurulmus Urunler,Peksimet Donuk Boşnak Böreği Peynirli 600 Gr,"₺289,95",https://ardenmarket.com.tr/peksimet-donuk-bosnak-boregi-peynirli-600-gr.html,https://ardenmarket.com.tr/media/catalog/product/cache/af204314a7b8c0f9bb1d3072a30a2454/b/o/bosnak_boregi_peynirli_1.png
Dondurulmus Urunler,Peksimet Donuk Boşnak Böreği Patatesli 600 Gr,"₺289,95",https://ardenmarket.com.tr/peksimet-donuk-bosnak-boregi-patatesli-600-gr.html,https://ardenmarket.com.tr/media/catalog/product/cache/af204314a7b8c0f9bb1d3072a30a2454/b/o/bosnak_boregi_patatesli.png
Dondurulmus Urunler,Peksimet Donuk Boşnak Böreği Ispanaklı 600 Gr,"₺289,95",https://ardenmarket.com.tr/peksimet-donuk-bosnak-boregi-ispanakli-600-gr.html,https://ardenmarket.com.tr/media/catalog/product/cache/af204314a7b8c0f9bb1d3072a30a2454/b/o/bosnak_boregi_ispanakli.png
Dondurulmus Urunler,Superfresh Pizza King XL Karışık 475 g,"₺249,90",https://ardenmarket.com.tr/superfresh-pizza-king-xl-karisik-475-g.html,https://ardenmarket.com.tr/media/catalog/product/cache/af204314a7b8c0f9bb1d3072a30a2454/8/8/8864582303794_1733988406317.png
Dondurulmus Urunler,SuperFresh Peynirli Kat Kat Börek 400 G,"₺142,90",https://ardenmarket.com.tr/superfresh-peynirli-kat-kat-borek-400-g.html,https://ardenmarket.com.tr/media/catalog/product/cache/af204314a7b8c0f9bb1d3072a30a2454/1/7/17555464_1-c3836a-1650x1650.png
Dondurulmus Urunler,SuperFresh Tost Pizza 200 Gr,"₺114,90",https://ardenmarket.com.tr/superfresh-tost-pizza-200-gr.html,https://ardenmarket.com.tr/media/catalog/product/cache/af204314a7b8c0f9bb1d3072a30a2454/2/4/245560317_1724138795660_org_eqhvqhmifbrz8x0b.jpg
Dondurulmus Urunler,SuperFresh Hamburger Gourmet 500 Gr,"₺699,90",https://ardenmarket.com.tr/superfresh-hamburger-gourmet-500-gr.html,https://ardenmarket.com.tr/media/catalog/product/cache/af204314a7b8c0f9bb1d3072a30a2454/4/3/43497881_1707336554485_org_zqroaccnstbtnrap.jpg
Dondurulmus Urunler,SuperFresh Tekirdağ Köfte 300 Gr,"₺599,90",https://ardenmarket.com.tr/superfresh-tekirdag-kofte-300-gr.html,https://ardenmarket.com.tr/media/catalog/product/cache/af204314a7b8c0f9bb1d3072a30a2454/2/4/245644331_1720609284473_org_mco39idswcdzoyy8.jpg
Dondurulmus Urunler,SuperFresh Dana Izgara Köfte 300 Gr,"₺599,90",https://ardenmarket.com.tr/superfresh-dana-izgara-kofte-300-gr.html,https://ardenmarket.com.tr/media/catalog/product/cache/af204314a7b8c0f9bb1d3072a30a2454/2/4/245644294_1720608892344_org_1ux0o8n5onkxv5vt.jpg
Dondurulmus Urunler,SuperFresh Frambuaz 300 Gr,"₺499,90",https://ardenmarket.com.tr/superfresh-frambuaz-300-gr.html,https://ardenmarket.com.tr/media/catalog/product/cache/af204314a7b8c0f9bb1d3072a30a2454/2/4/245591367_1739260431610_org_dxn2u3dvv60uwpol.jpg
Dondurulmus Urunler,SuperFresh Peyniri Çubukları Mozzarella 280 Gr,"₺299,90",https://ardenmarket.com.tr/superfresh-peyniri-cubuklari-mozzarella-280-gr.html,https://ardenmarket.com.tr/media/catalog/product/cache/af204314a7b8c0f9bb1d3072a30a2454/2/4/245415963_1707336466829_org_zxt4xoqmij0hs0fz.jpg
Dondurulmus Urunler,SuperFresh Orman Meyveleri Dondurulmuş 300 Gr,"₺379,90",https://ardenmarket.com.tr/superfresh-orman-meyveleri-dondurulmus-300-gr.html,https://ardenmarket.com.tr/media/catalog/product/cache/af204314a7b8c0f9bb1d3072a30a2454/2/4/245498501_1717166219722_org_rjool8bnq8xygpnu.jpg
Dondurulmus Urunler,SuperFresh Vişne Dondurulmuş 350 Gr,"₺469,90",https://ardenmarket.com.tr/superfresh-visne-dondurulmus-350-gr.html,https://ardenmarket.com.tr/media/catalog/product/cache/af204314a7b8c0f9bb1d3072a30a2454/2/4/245598648_1717669139019_org_dfee6bknn0kkd785.jpg
Dondurulmus Urunler,SuperFresh Böğürtlen 300 Gr,"₺249,90",https://ardenmarket.com.tr/superfresh-bogurtlen-300-gr.html,https://ardenmarket.com.tr/media/catalog/product/cache/af204314a7b8c0f9bb1d3072a30a2454/2/4/245591366_1717758059054_org_hue4q0x12zeaxe2j.jpg
Dondurulmus Urunler,SuperFresh Mac & Cheese Topları 300 Gr,"₺179,90",https://ardenmarket.com.tr/superfresh-mac-cheese-toplari-300-gr.html,https://ardenmarket.com.tr/media/catalog/product/cache/af204314a7b8c0f9bb1d3072a30a2454/2/4/245415957_1733765192779_org_gldde3xf0jmjzivh.jpg
Dondurulmus Urunler,SuperFresh Simit 4'lü 400 Gr,"₺164,90",https://ardenmarket.com.tr/superfresh-simit-4-lu-400-gr.html,https://ardenmarket.com.tr/media/catalog/product/cache/af204314a7b8c0f9bb1d3072a30a2454/8/5/85782086_1712225075300_org_epjphw1mkkf6d2zw.jpg
Dondurulmus Urunler,SuperFresh Börek Sosisli Rulo 420 Gr,"₺199,90",https://ardenmarket.com.tr/superfresh-borek-sosisli-rulo-420-gr.html,https://ardenmarket.com.tr/media/catalog/product/cache/af204314a7b8c0f9bb1d3072a30a2454/2/4/245293321_1718016022418_org_ictthfhwzztutu0l.jpg
Dondurulmus Urunler,SuperFresh Patates Kroket Çıtır Toplar Peynir&ıspanak Dolgulu 360 Gr,"₺164,90",https://ardenmarket.com.tr/superfresh-patates-kroket-citir-toplar-peynir-ispanak-dolgulu-360-gr.html,https://ardenmarket.com.tr/media/catalog/product/cache/af204314a7b8c0f9bb1d3072a30a2454/1/7/17555955-90b897-1650x1650.png
Dondurulmus Urunler,SuperFresh Soğan Halkası Gurme 450 Gr,"₺154,90",https://ardenmarket.com.tr/superfresh-sogan-halkasi-gurme-450-gr.html,https://ardenmarket.com.tr/media/catalog/product/cache/af204314a7b8c0f9bb1d3072a30a2454/2/4/245127975_1733764918753_org_s3os9zke9ispugs0.jpg
Dondurulmus Urunler,SuperFresh Pizza King İnce Hamur 2'li 300 Gr,"₺172,90",https://ardenmarket.com.tr/superfresh-pizza-king-ince-hamur-2-li-300-gr.html,https://ardenmarket.com.tr/media/catalog/product/cache/af204314a7b8c0f9bb1d3072a30a2454/2/4/245317465_1707333088951_org_8bebif8dc1z5pp2p.jpg
Dondurulmus Urunler,Ülker Baklavadan İlhamla Antep Fıstıklı Milföy 28 Gr,"₺20,00",https://ardenmarket.com.tr/ulker-baklavadan-ilhamla-antep-fistikli-milfoy-28-gr.html,https://ardenmarket.com.tr/media/catalog/product/cache/af204314a7b8c0f9bb1d3072a30a2454/_/l/_lker_baklavadan_lhamla_antep_f_st_kl_milf_y_28_gr.png
Dondurulmus Urunler,Superfresh Mısır 450 Gr,"₺132,90",https://ardenmarket.com.tr/superfresh-misir-450-gr.html,https://ardenmarket.com.tr/media/catalog/product/cache/af204314a7b8c0f9bb1d3072a30a2454/1/7/17011080-71f874-1650x1650.jpg
Dondurulmus Urunler,Superfresh Patates Çıtır Çubuk 1000 Gr,"₺239,90",https://ardenmarket.com.tr/superfresh-patates-citir-cubuk-1000-gr.html,https://ardenmarket.com.tr/media/catalog/product/cache/af204314a7b8c0f9bb1d3072a30a2454/s/u/superfresh_patates_t_r_ubuk_1000_gr.png
Dondurulmus Urunler,Superfresh Kroket Patates 450 Gr,"₺114,90",https://ardenmarket.com.tr/superfresh-kroket-patates-450-gr.html,https://ardenmarket.com.tr/media/catalog/product/cache/af204314a7b8c0f9bb1d3072a30a2454/s/u/superfresh_kroket_patates_450_gr_1_1.png
Dondurulmus Urunler,Superfresh Tatlı Beyaz Soğan 450 Gr,"₺99,90",https://ardenmarket.com.tr/superfresh-tatli-beyaz-sogan-450-gr.html,https://ardenmarket.com.tr/media/catalog/product/cache/af204314a7b8c0f9bb1d3072a30a2454/0/1/0166103_superfresh-derin-dondurulmus-tatli-beyaz-sogan-450-gr_320_1.png
Dondurulmus Urunler,Superfresh Ispanak 450 Gr,"₺119,90",https://ardenmarket.com.tr/superfresh-ispanak-450-gr.html,https://ardenmarket.com.tr/media/catalog/product/cache/af204314a7b8c0f9bb1d3072a30a2454/s/u/superfresh_ispanak_450_gr.png
Dondurulmus Urunler,Superfresh Patatesli Garnitür 450 Gr,"₺99,90",https://ardenmarket.com.tr/superfresh-patatesli-garnitur-450-gr.html,https://ardenmarket.com.tr/media/catalog/product/cache/af204314a7b8c0f9bb1d3072a30a2454/s/u/superfresh_patatesli_garnit_r_450_gr.png
Dondurulmus Urunler,Superfresh Taze Fasulye 450 Gr,"₺139,90",https://ardenmarket.com.tr/superfresh-taze-fasulye-450-gr.html,https://ardenmarket.com.tr/media/catalog/product/cache/af204314a7b8c0f9bb1d3072a30a2454/s/u/superfresh_taze_fasulye_450_gr.png
Dondurulmus Urunler,Superfresh Bezelye 450 Gr,"₺126,90",https://ardenmarket.com.tr/superfresh-bezelye-450-gr.html,https://ardenmarket.com.tr/media/catalog/product/cache/af204314a7b8c0f9bb1d3072a30a2454/s/u/superfresh_bezelye_450_gr.png
Dondurulmus Urunler,Superfresh Barbunya 450 Gr,"₺219,90",https://ardenmarket.com.tr/superfresh-barbunya-450-gr.html,https://ardenmarket.com.tr/media/catalog/product/cache/af204314a7b8c0f9bb1d3072a30a2454/s/u/superfresh_barbunya_450_gr.png
Dondurulmus Urunler,Pınar Donuk Kayseri Mantısı 400 Gr,"₺139,95",https://ardenmarket.com.tr/pinar-donuk-kayseri-mantisi-400-gr.html,https://ardenmarket.com.tr/media/catalog/product/cache/af204314a7b8c0f9bb1d3072a30a2454/p/_/p_nar_donuk_kayseri_mant_s_400_gr_1.png
Dondurulmus Urunler,Superfresh Mantı 400 Gr,"₺164,90",https://ardenmarket.com.tr/superfresh-manti-400-gr.html,https://ardenmarket.com.tr/media/catalog/product/cache/af204314a7b8c0f9bb1d3072a30a2454/s/u/superfresh_mant_400_gr.png
Dondurulmus Urunler,Pınar Donuk Milföy 500 Gr,"₺86,95",https://ardenmarket.com.tr/pinar-donuk-milfoy-500-gr.html,https://ardenmarket.com.tr/media/catalog/product/cache/af204314a7b8c0f9bb1d3072a30a2454/p/_/p_nar_donuk_milf_y_500_gr.png
Dondurulmus Urunler,Superfresh Milföy Tereyağlı 1 Kg,"₺239,90",https://ardenmarket.com.tr/superfresh-milfoy-tereyagli-1-kg.html,https://ardenmarket.com.tr/media/catalog/product/cache/af204314a7b8c0f9bb1d3072a30a2454/s/u/superfresh_milf_y_tereya_l_1_kg_1.png
Dondurulmus Urunler,Superfresh Milföy 500 Gr,"₺129,90",https://ardenmarket.com.tr/superfresh-milfoy-500-gr.html,https://ardenmarket.com.tr/media/catalog/product/cache/af204314a7b8c0f9bb1d3072a30a2454/s/u/superfresh_milf_y_500_g.png
Dondurulmus Urunler,Pınar Çıtır Balık 400 Gr,"₺369,95",https://ardenmarket.com.tr/pinar-citir-balik-400-gr.html,https://ardenmarket.com.tr/media/catalog/product/cache/af204314a7b8c0f9bb1d3072a30a2454/p/_/p_nar_t_r_bal_k_400_gr_1.png
Dondurulmus Urunler,Pınar Fish Finger Sade 240 Gr,"₺229,95",https://ardenmarket.com.tr/pinar-fish-finger-sade-240-gr.html,https://ardenmarket.com.tr/media/catalog/product/cache/af204314a7b8c0f9bb1d3072a30a2454/p/_/p_nar_fish_finger_sade_240_gr_1.png
Dondurulmus Urunler,Superfresh Mini Rulo Börek Peynirli 500 g,"₺199,90",https://ardenmarket.com.tr/superfresh-mini-rulo-borek-peynirli-500-g.html,https://ardenmarket.com.tr/media/catalog/product/cache/af204314a7b8c0f9bb1d3072a30a2454/s/u/superfres-rulo-peynir.jpg
Dondurulmus Urunler,Superfresh Mini Rulo Börek Ispanaklı 500 g,"₺199,90",https://ardenmarket.com.tr/superfresh-mini-rulo-borek-ispanakli-500-g.html,https://ardenmarket.com.tr/media/catalog/product/cache/af204314a7b8c0f9bb1d3072a30a2454/s/u/superfres-rulo-ispanak_d.png
Dondurulmus Urunler,Superfresh Mini Rulo Börek Patatesli 500 g,"₺199,90",https://ardenmarket.com.tr/superfresh-mini-rulo-borek-patatesli-500-g.html,https://ardenmarket.com.tr/media/catalog/product/cache/af204314a7b8c0f9bb1d3072a30a2454/s/u/superfres-rulo-patates.jpg
Dondurulmus Urunler,Superfresh Jumbo Patates 1 Kg,"₺239,90",https://ardenmarket.com.tr/superfresh-jumbo-patates-1-kg.html,https://ardenmarket.com.tr/media/catalog/product/cache/af204314a7b8c0f9bb1d3072a30a2454/1/7/17014697-165b9d-1650x1650.png
Dondurulmus Urunler,Superfresh Elma Dilim Patates 1 Kg,"₺239,90",https://ardenmarket.com.tr/superfresh-elma-dilim-patates-1-kg.html,https://ardenmarket.com.tr/media/catalog/product/cache/af204314a7b8c0f9bb1d3072a30a2454/s/u/superfresh-elma-dilim.jpg
Dondurulmus Urunler,Superfresh Milföy Hamuru 1000 g,"₺212,90",https://ardenmarket.com.tr/superfresh-milfoy-hamuru-1-kg.html,https://ardenmarket.com.tr/media/catalog/product/cache/af204314a7b8c0f9bb1d3072a30a2454/m/i/milfoy-hamuru.jpg
Dondurulmus Urunler,Superfresh Pizza King 4'lü 780 g,"₺349,90",https://ardenmarket.com.tr/superfresh-pizza-king-4-lu-780-g.html,https://ardenmarket.com.tr/media/catalog/product/cache/af204314a7b8c0f9bb1d3072a30a2454/s/u/superfresh_pizza_king_4_l_780_g.png
Dondurulmus Urunler,Superfresh Falafel 450 G,"₺159,90",https://ardenmarket.com.tr/superfresh-falafel-450-g.html,https://ardenmarket.com.tr/media/catalog/product/cache/af204314a7b8c0f9bb1d3072a30a2454/8/8/8844732006450_1666792000901.png
Dondurulmus Urunler,Pınar Pizza Karışık Dondurulmuş 4x200 Gr,"₺249,95",https://ardenmarket.com.tr/pinar-pizza-karisik-dondurulmus-4x200-gr.html,https://ardenmarket.com.tr/media/catalog/product/cache/af204314a7b8c0f9bb1d3072a30a2454/1/0/1006485-30572.png
Dondurulmus Urunler,Pınar Milföy Hamuru 1000 Gr,"₺159,95",https://ardenmarket.com.tr/pinar-milfoy-hamuru-1000-gr.html,https://ardenmarket.com.tr/media/catalog/product/cache/af204314a7b8c0f9bb1d3072a30a2454/p/_/p_nar_milf_y_hamuru_1000_gr.png
Unlu Mamul Tatli,Uno İki Kat Lifli Tava Ekmeği 450 Gr,"₺85,00",https://ardenmarket.com.tr/uno-iki-kat-lifli-tava-ekmegi-450g.html,https://ardenmarket.com.tr/media/catalog/product/cache/af204314a7b8c0f9bb1d3072a30a2454/2/4/245206623_1738752666103_org_w1w0le2lplnwkaj1.jpg
Unlu Mamul Tatli,Ülker Kuvertür %54 Bitter Tablet 200 Gr,"₺235,00",https://ardenmarket.com.tr/ulker-kuvertur-54-bitter-tablet-200-gr.html,https://ardenmarket.com.tr/media/catalog/product/cache/af204314a7b8c0f9bb1d3072a30a2454/1/_/1_org_zoom_44_.png
Unlu Mamul Tatli,Uno Tam Buğday Unlu Ekmek 450 G,"₺97,50",https://ardenmarket.com.tr/uno-tam-bugday-unlu-ekmek-450-g.html,https://ardenmarket.com.tr/media/catalog/product/cache/af204314a7b8c0f9bb1d3072a30a2454/8/8/8844133990450_1665143606162.png
Unlu Mamul Tatli,Untad Premium Gurme Büyük Hamburger 4x120 gr,"₺129,50",https://ardenmarket.com.tr/untad-premium-gurme-buyuk-hamburger-4x120-gr.html,https://ardenmarket.com.tr/media/catalog/product/cache/af204314a7b8c0f9bb1d3072a30a2454/i/m/image_2_.png
Unlu Mamul Tatli,Untad Premium Gurme Büyük Sandvıç 4x115 gr,"₺129,50",https://ardenmarket.com.tr/untad-premium-gurme-buyuk-sandvic-4x115-gr.html,https://ardenmarket.com.tr/media/catalog/product/cache/af204314a7b8c0f9bb1d3072a30a2454/i/m/image_1_.png
Unlu Mamul Tatli,Untad Sade Lavaş 300 gr,"₺115,00",https://ardenmarket.com.tr/untad-sade-lavas-300-gr.html,https://ardenmarket.com.tr/media/catalog/product/cache/af204314a7b8c0f9bb1d3072a30a2454/0/0/0016434_untad-sade-lavas-300-gr.png
Unlu Mamul Tatli,Uno Premium Çok Tahıllı Ekmek 400 g,"₺90,00",https://ardenmarket.com.tr/uno-premium-cok-tahilli-ekmek-400-g.html,https://ardenmarket.com.tr/media/catalog/product/cache/af204314a7b8c0f9bb1d3072a30a2454/8/8/8865238057010_1737009075265.png
Unlu Mamul Tatli,Uno Premium Çavdarlı ve Karabuğdaylı Ekmek 400Gr,"₺97,50",https://ardenmarket.com.tr/uno-premium-cavdarli-ve-karabugdayli-ekmek-400gr.html,https://ardenmarket.com.tr/media/catalog/product/cache/af204314a7b8c0f9bb1d3072a30a2454/0/0/0043526_uno-premium-cavdarli-ve.png
Unlu Mamul Tatli,UNO Denge Tam Buğdaylı ve Çiya Tohumlu 400 Gr,"₺97,50",https://ardenmarket.com.tr/uno-denge-tam-bugdayli-ve-ciya-tohumlu-400-gr.html,https://ardenmarket.com.tr/media/catalog/product/cache/af204314a7b8c0f9bb1d3072a30a2454/d/e/denge.png
Unlu Mamul Tatli,Uno Jumbo Tost ekmeği 835 gr,"₺125,00",https://ardenmarket.com.tr/uno-jumbo-tost-ekmegi-835-gr.html,https://ardenmarket.com.tr/media/catalog/product/cache/af204314a7b8c0f9bb1d3072a30a2454/i/m/image_1.png
Unlu Mamul Tatli,Dr. Oetker Pancake 134 Gr,"₺32,00",https://ardenmarket.com.tr/dr-oetker-pancake-134-gr.html,https://ardenmarket.com.tr/media/catalog/product/cache/af204314a7b8c0f9bb1d3072a30a2454/0/5/05040513-da65f1-1650x1650.png
Unlu Mamul Tatli,Dr.Oetker Krep 177 Gr,"₺28,50",https://ardenmarket.com.tr/dr-oetker-krep-177-gr.html,https://ardenmarket.com.tr/media/catalog/product/cache/af204314a7b8c0f9bb1d3072a30a2454/0/5/05040511-a9a913-1650x1650.png
Unlu Mamul Tatli,Peksimet Krem Şanti 2x75 Gr,"₺84,95",https://ardenmarket.com.tr/peksimet-krem-santi-2x75-gr.html,https://ardenmarket.com.tr/media/catalog/product/cache/af204314a7b8c0f9bb1d3072a30a2454/k/r/krem_anti_g_rsel.png
Unlu Mamul Tatli,Dr. Oetker Dekor Pasta Susu Sekerli Çubuk. 10 gr,"₺31,50",https://ardenmarket.com.tr/dr-oetker-dekor-pasta-susu-sekerli-cubuk-10-gr.html,https://ardenmarket.com.tr/media/catalog/product/cache/af204314a7b8c0f9bb1d3072a30a2454/8/8/8820510785586_1601817694359.png
Unlu Mamul Tatli,Dr. Oetker Dekor Kelebek 10 gr,"₺31,50",https://ardenmarket.com.tr/dr-oetker-dekor-kelebek-10-gr.html,https://ardenmarket.com.tr/media/catalog/product/cache/af204314a7b8c0f9bb1d3072a30a2454/8/8/8822641557554_1601817694920.png
Unlu Mamul Tatli,Dr. Oetker Dekor Kalpler 10 gr,"₺31,50",https://ardenmarket.com.tr/dr-oetker-dekor-kalpler-10-gr.html,https://ardenmarket.com.tr/media/catalog/product/cache/af204314a7b8c0f9bb1d3072a30a2454/8/8/8822641295410_1601817693737.png
Unlu Mamul Tatli,Dr. Oetker Dekor Kakaolu Çubuk 10 gr,"₺31,50",https://ardenmarket.com.tr/dr-oetker-dekor-kakaolu-cubuk-10-gr.html,https://ardenmarket.com.tr/media/catalog/product/cache/af204314a7b8c0f9bb1d3072a30a2454/8/8/8820510818354_1601817694548.png
Unlu Mamul Tatli,Dr. Oetker Dekor Gümüş İncileri 10 gr,"₺31,50",https://ardenmarket.com.tr/dr-oetker-dekor-gumus-incileri-10-gr.html,https://ardenmarket.com.tr/media/catalog/product/cache/af204314a7b8c0f9bb1d3072a30a2454/8/8/8820510883890_1601817695352.png
Unlu Mamul Tatli,İçim Şef Pesto & Fesleğenli Krema 200 Ml,"₺61,95",https://ardenmarket.com.tr/icim-sef-pesto-feslegenli-krema-200-ml.html,https://ardenmarket.com.tr/media/catalog/product/cache/af204314a7b8c0f9bb1d3072a30a2454/_/i/_im_ef_pesto_fesle_enli_krema_200_ml.jpg
Unlu Mamul Tatli,Halk Ekmek Grissini Kepekli 200 gr,"₺60,00",https://ardenmarket.com.tr/halk-ekmek-grissini-kepekli-200-gr.html,https://ardenmarket.com.tr/media/catalog/product/cache/af204314a7b8c0f9bb1d3072a30a2454/h/a/halk_ekmek_grissini_kepekli_200_gr.jpg
Unlu Mamul Tatli,Uno Ekmeği Sandviç Gurme 4x300 Gr,"₺85,00",https://ardenmarket.com.tr/uno-ekmegi-sandvic-gurme-4x300-gr.html,https://ardenmarket.com.tr/media/catalog/product/cache/af204314a7b8c0f9bb1d3072a30a2454/u/n/uno_ekme_i_sandvi_gurme_4x300_gr.png
Unlu Mamul Tatli,Ülker Biskrem Extra Cookie 184 Gr,"₺52,00",https://ardenmarket.com.tr/ulker-biskrem-extra-cookie-184-gr.html,https://ardenmarket.com.tr/media/catalog/product/cache/af204314a7b8c0f9bb1d3072a30a2454/_/l/_lker_biskrem_extra_cookie_184_gr.png
Unlu Mamul Tatli,Esenel Üçgen Yufka 360 gr,"₺89,95",https://ardenmarket.com.tr/catalog/product/view/id/7888/s/esenel-ucgen-yufka-360-gr/category/72/,https://ardenmarket.com.tr/media/catalog/product/cache/af204314a7b8c0f9bb1d3072a30a2454/o/b/obak-esenel-360-gr-ucgen-yufka.png
Unlu Mamul Tatli,Onur Baklavalık Yufka 800 gr,"₺149,95",https://ardenmarket.com.tr/onur-baklavalik-yufka-800-gr.html,https://ardenmarket.com.tr/media/catalog/product/cache/af204314a7b8c0f9bb1d3072a30a2454/o/n/onur_baklaval_k_yufka_800_gr.jpg
Unlu Mamul Tatli,Onur Üçgen Yufka 25'li,"₺64,95",https://ardenmarket.com.tr/onur-ucgen-yufka-25-li.html,https://ardenmarket.com.tr/media/catalog/product/cache/af204314a7b8c0f9bb1d3072a30a2454/1/_/1_org_zoom.png
Unlu Mamul Tatli,Dr. Oetker Krem Karamel 92 gr,"₺69,95",https://ardenmarket.com.tr/dr-oetker-krem-karamel-92-gr.html,https://ardenmarket.com.tr/media/catalog/product/cache/af204314a7b8c0f9bb1d3072a30a2454/d/r/dr._oetker_krem_karamel_92_gr.jpg
Unlu Mamul Tatli,Dr. Oetker Kekun 496 gr Havuçlu,"₺148,95",https://ardenmarket.com.tr/dr-oetker-kekun-496-gr-havuclu.html,https://ardenmarket.com.tr/media/catalog/product/cache/af204314a7b8c0f9bb1d3072a30a2454/d/r/dr._oetker_kekun_496_gr_havu_lu.jpg
Unlu Mamul Tatli,Dr. Oetker Glutensiz Sade Un Karışımı 250 Gr,"₺68,00",https://ardenmarket.com.tr/dr-oetker-glutensiz-sade-un-karisimi-250-gr.html,https://ardenmarket.com.tr/media/catalog/product/cache/af204314a7b8c0f9bb1d3072a30a2454/d/r/dr._oetker_glutensiz_sade_un_kar_m_250_gr.jpg
Unlu Mamul Tatli,Dr. Oetker Glutensiz Puding Kakaolu 147 gr,"₺64,50",https://ardenmarket.com.tr/dr-oetker-glutensiz-puding-kakaolu-147-gr.html,https://ardenmarket.com.tr/media/catalog/product/cache/af204314a7b8c0f9bb1d3072a30a2454/d/r/dr._oetker_glutensiz_puding_kakaolu_147_gr.jpg
Unlu Mamul Tatli,Dr. Oetker Glutensiz Pirinç Unu 175 gr,"₺62,50",https://ardenmarket.com.tr/dr-oetker-glutensiz-pirinc-unu-175-gr.html,https://ardenmarket.com.tr/media/catalog/product/cache/af204314a7b8c0f9bb1d3072a30a2454/d/r/dr._oetker_glutensiz_pirin_unu_175_gr.jpg
Unlu Mamul Tatli,Dr. Oetker Glutensiz Mısır Nişastası 150 g,"₺31,50",https://ardenmarket.com.tr/dr-oetker-glutensiz-misir-nisastasi-150-g.html,https://ardenmarket.com.tr/media/catalog/product/cache/af204314a7b8c0f9bb1d3072a30a2454/d/r/dr._oetker_glutensiz_m_s_r_ni_astas_150_g_1.jpg
Unlu Mamul Tatli,Dr. Oetker Glutensiz Krem Şanti 75 gr,"₺52,50",https://ardenmarket.com.tr/dr-oetker-glutensiz-krem-santi-75-gr.html,https://ardenmarket.com.tr/media/catalog/product/cache/af204314a7b8c0f9bb1d3072a30a2454/d/r/dr._oetker_glutensiz_krem_anti_75_gr.jpg
Unlu Mamul Tatli,Dr. Oetker Glutensiz Kakao 70 gr,"₺999,99",https://ardenmarket.com.tr/dr-oetker-glutensiz-kakao-70-gr.html,https://ardenmarket.com.tr/media/catalog/product/cache/af204314a7b8c0f9bb1d3072a30a2454/d/r/dr._oetker_glutensiz_kakao_70_gr.jpg
Unlu Mamul Tatli,Dr. Oetker Dekor Yıldız 10 gr,"₺31,50",https://ardenmarket.com.tr/dr-oetker-dekor-yildiz-10-gr.html,https://ardenmarket.com.tr/media/catalog/product/cache/af204314a7b8c0f9bb1d3072a30a2454/d/r/dr._oetker_dekor_y_ld_z_10_gr.jpg
Unlu Mamul Tatli,Dr. Oetker Bitkisel Jel Çilek 100 Gr,"₺46,50",https://ardenmarket.com.tr/dr-oetker-bitkisel-jel-100-gr-cilek.html,https://ardenmarket.com.tr/media/catalog/product/cache/af204314a7b8c0f9bb1d3072a30a2454/d/r/dr._oetker_bitkisel_jel_100_gr_ilek.jpg
Unlu Mamul Tatli,Dr. Oetker Bitkisel Jel 100 gr,"₺39,95",https://ardenmarket.com.tr/dr-oetker-bitkisel-jel-100-gr.html,https://ardenmarket.com.tr/media/catalog/product/cache/af204314a7b8c0f9bb1d3072a30a2454/8/7/8796303786034_1601817668078.png
Unlu Mamul Tatli,Eti Burçak Kurabiye Lokmalık 150 gr Bademli,"₺55,00",https://ardenmarket.com.tr/eti-burcak-kurabiye-lokmalik-150-gr-bademli.html,https://ardenmarket.com.tr/media/catalog/product/cache/af204314a7b8c0f9bb1d3072a30a2454/e/t/eti_bur_ak_kurabiye_lokmal_k_150_gr_bademli.jpg
Unlu Mamul Tatli,Züber %100 Fıstık Ezmesi 315 Gr,"₺399,95",https://ardenmarket.com.tr/zuber-100-fistik-ezmesi-315-gr.html,https://ardenmarket.com.tr/media/catalog/product/cache/af204314a7b8c0f9bb1d3072a30a2454/2/0/203355.jpg
Unlu Mamul Tatli,Nevzat Sade Şekerpare 250 gr,"₺49,95",https://ardenmarket.com.tr/nevzat-sade-sekerpare-250-gr.html,https://ardenmarket.com.tr/media/catalog/product/cache/af204314a7b8c0f9bb1d3072a30a2454/1/9/199572.jpg
Unlu Mamul Tatli,Nevzat Muhallebilik Kadayıf 200 gr,"₺89,95",https://ardenmarket.com.tr/nevzat-muhallebilik-kadayif-200-gr.html,https://ardenmarket.com.tr/media/catalog/product/cache/af204314a7b8c0f9bb1d3072a30a2454/1/9/196468.jpg
Unlu Mamul Tatli,Saran Lavaş 5'li 300 gr,"₺64,95",https://ardenmarket.com.tr/saran-lavas-5-li-300-gr.html,https://ardenmarket.com.tr/media/catalog/product/cache/af204314a7b8c0f9bb1d3072a30a2454/2/0/202674.jpg
Unlu Mamul Tatli,Aly Üçgen Yufka 360 gr,"₺99,95",https://ardenmarket.com.tr/aly-ucgen-yufka-360-gr.html,https://ardenmarket.com.tr/media/catalog/product/cache/af204314a7b8c0f9bb1d3072a30a2454/2/0/205714.png
Unlu Mamul Tatli,Aly Tortilla 25 cm Tam Buğday,"₺94,95",https://ardenmarket.com.tr/aly-tortilla-25-cm-tam-bugday.html,https://ardenmarket.com.tr/media/catalog/product/cache/af204314a7b8c0f9bb1d3072a30a2454/2/0/205713_1.jpg
Unlu Mamul Tatli,Aly Tortilla 25 cm Grilled,"₺114,95",https://ardenmarket.com.tr/aly-tortilla-25-cm-grilled.html,https://ardenmarket.com.tr/media/catalog/product/cache/af204314a7b8c0f9bb1d3072a30a2454/2/0/205713.jpg
Unlu Mamul Tatli,Aly Tortilla 25 cm,"₺94,95",https://ardenmarket.com.tr/aly-tortilla-25-cm.html,https://ardenmarket.com.tr/media/catalog/product/cache/af204314a7b8c0f9bb1d3072a30a2454/2/0/205711.jpg
Dondurma,İçim Puding Muzlu 200 Ml,"₺24,95",https://ardenmarket.com.tr/icim-puding-muzlu-200-ml.html,https://ardenmarket.com.tr/media/catalog/product/cache/af204314a7b8c0f9bb1d3072a30a2454/i/c/icim-icimino-muzlu-puding-200-ml.png
Dondurma,İçim Puding Çikolatalı 200 Ml,"₺24,95",https://ardenmarket.com.tr/icim-puding-cikolatali-200-ml.html,https://ardenmarket.com.tr/media/catalog/product/cache/af204314a7b8c0f9bb1d3072a30a2454/1/0/1037145-29d74.png
Dondurma,İçim Çilekli Puding 200 Ml,"₺24,95",https://ardenmarket.com.tr/icim-cilekli-puding-200-ml.html,https://ardenmarket.com.tr/media/catalog/product/cache/af204314a7b8c0f9bb1d3072a30a2454/i/c/icim-icimino-cilekli-puding-200.png
Dondurma,Afia Muzlu Puding 115 Gr,"₺35,00",https://ardenmarket.com.tr/afia-muzlu-puding-115-gr.html,https://ardenmarket.com.tr/media/catalog/product/cache/af204314a7b8c0f9bb1d3072a30a2454/a/f/afia_muzlu_puding_115_gr.jpg
Dondurma,Afia Kakaolu Puding 125 Gr,"₺40,00",https://ardenmarket.com.tr/afia-kakaolu-puding-125-gr.html,https://ardenmarket.com.tr/media/catalog/product/cache/af204314a7b8c0f9bb1d3072a30a2454/a/f/afia_kakaolu_puding_125_gr.jpg
Dondurma,Eker Portakal.Bademli Bitter Çikolatalı Tatlı 125 Gr,"₺58,95",https://ardenmarket.com.tr/eker-portakal-bademli-bitter-cikolatali-tatli-125-gr.html,https://ardenmarket.com.tr/media/catalog/product/cache/af204314a7b8c0f9bb1d3072a30a2454/e/k/eker_tatli_125_gr_port.bademli_bitt.cikolatali.jpg
Dondurma,Eker Fındıklı Karamelize Beyaz Çikolata Tatlı 125 Gr,"₺58,95",https://ardenmarket.com.tr/eker-findikli-karamelize-beyaz-cikolata-tatli-125-gr.html,https://ardenmarket.com.tr/media/catalog/product/cache/af204314a7b8c0f9bb1d3072a30a2454/e/k/eker_tatli_125_gr_findikli_karamelize_beyaz_cikolatali.jpg
Dondurma,Eker Antep Fıstıklı Çikolatalı Sütlü Tatlı 125Gr,"₺58,95",https://ardenmarket.com.tr/eker-antep-fistikli-cikolatali-sutlu-tatli-125gr.html,https://ardenmarket.com.tr/media/catalog/product/cache/af204314a7b8c0f9bb1d3072a30a2454/e/k/eker_tatli_125_gr_ant.fis.sutlu_cikolatali.jpg
Dondurma,Dr.Oetker Puding Orman Meyveli 81 gr,"₺37,50",https://ardenmarket.com.tr/dr-oetker-puding-orman-meyveli-81-gr.html,https://ardenmarket.com.tr/media/catalog/product/cache/af204314a7b8c0f9bb1d3072a30a2454/d/r/dr.oetker_puding_orman_meyveli_81_g.png
Dondurma,Kenton Puding Bitter 100 Gr,"₺47,50",https://ardenmarket.com.tr/kenton-puding-bitter-100-gr.html,https://ardenmarket.com.tr/media/catalog/product/cache/af204314a7b8c0f9bb1d3072a30a2454/k/e/kenton_puding_bitter_100_gr.png
Dondurma,Sütaş Tatlımmm Çikolatalı Sütlü Puding 4x100 g,"₺45,00",https://ardenmarket.com.tr/sutas-tatlimmm-cikolatali-sutlu-puding-4x100-g.html,https://ardenmarket.com.tr/media/catalog/product/cache/af204314a7b8c0f9bb1d3072a30a2454/s/u/sutas-tatlim.jpg
Dondurma,İçim Dolcia Muzlu Puding 4x100 g,"₺79,95",https://ardenmarket.com.tr/icim-dolcia-muzlu-puding-4x100-g.html,https://ardenmarket.com.tr/media/catalog/product/cache/af204314a7b8c0f9bb1d3072a30a2454/i/c/icim-dolcia-muz.jpg
Dondurma,İçim Dolcia Çilekli Puding 4x100 g,"₺79,95",https://ardenmarket.com.tr/icim-dolcia-cilekli-puding-4x100-g.html,https://ardenmarket.com.tr/media/catalog/product/cache/af204314a7b8c0f9bb1d3072a30a2454/i/c/icim-dolcia-cilekli.jpg
Dondurma,İçim Dolcia Çikolatalı Puding 4x100 g,"₺79,95",https://ardenmarket.com.tr/icim-dolcia-cikolatali-puding-4x100-g.html,https://ardenmarket.com.tr/media/catalog/product/cache/af204314a7b8c0f9bb1d3072a30a2454/i/c/icim-dolcia-cikolata.jpg
Dondurma,Algida Magnum Cookie 95 ml,"₺90,00",https://ardenmarket.com.tr/algida-magnum-cookie-95-ml.html,https://ardenmarket.com.tr/media/catalog/product/cache/af204314a7b8c0f9bb1d3072a30a2454/m/a/magnum-cookie.jpg
Dondurma,Algida Magnum Double Çikolata 95 Ml,"₺90,00",https://ardenmarket.com.tr/algida-magnum-double-cikolata-95-ml.html,https://ardenmarket.com.tr/media/catalog/product/cache/af204314a7b8c0f9bb1d3072a30a2454/m/a/magnum-duble.jpg
Dondurma,Koska Dondurma Külahı 10'lu,"₺32,95",https://ardenmarket.com.tr/koska-dondurma-kulahi-10-lu.html,https://ardenmarket.com.tr/media/catalog/product/cache/af204314a7b8c0f9bb1d3072a30a2454/k/o/koska-dondurma.png
Dondurma,Dr.Oetker Vanilyalı Puding 120 g,"₺37,50",https://ardenmarket.com.tr/dr-oetker-vanilyali-puding-120-g.html,https://ardenmarket.com.tr/media/catalog/product/cache/af204314a7b8c0f9bb1d3072a30a2454/o/e/oetker-puding.jpg
Dondurma,Eker Sütlaç 150 g,"₺58,95",https://ardenmarket.com.tr/eker-sutlac-150-g.html,https://ardenmarket.com.tr/media/catalog/product/cache/af204314a7b8c0f9bb1d3072a30a2454/e/k/eker-sutlac.jpg
Dondurma,Eker Supangle 150 g,"₺58,95",https://ardenmarket.com.tr/eker-supangle-150-g.html,https://ardenmarket.com.tr/media/catalog/product/cache/af204314a7b8c0f9bb1d3072a30a2454/e/k/eker-supangle.jpg
Dondurma,Eker Sakızlı Muhallebi 150 g,"₺58,95",https://ardenmarket.com.tr/eker-sakizli-muhallebi-150-g.html,https://ardenmarket.com.tr/media/catalog/product/cache/af204314a7b8c0f9bb1d3072a30a2454/e/k/eker-sakizli.jpg
Dondurma,Eker Profiterol 100 g,"₺58,95",https://ardenmarket.com.tr/eker-profiterol-100-g.html,https://ardenmarket.com.tr/media/catalog/product/cache/af204314a7b8c0f9bb1d3072a30a2454/e/k/eker-profiterol.jpg
Dondurma,Dr.Oetker Çilekli Puding 125 g,"₺37,50",https://ardenmarket.com.tr/dr-oetker-cilekli-puding-125-g.html,https://ardenmarket.com.tr/media/catalog/product/cache/af204314a7b8c0f9bb1d3072a30a2454/d/r/dr-oetker-cilekli.jpg
Dondurma,Dr.Oetker Muzlu Puding 125 g,"₺37,50",https://ardenmarket.com.tr/dr-oetker-muzlu-puding-125-g.html,https://ardenmarket.com.tr/media/catalog/product/cache/af204314a7b8c0f9bb1d3072a30a2454/d/r/dr-oetker-muzlu.jpg
Dondurma,Dr.Oetker Çikolata Parçalı Puding 115 g,"₺51,00",https://ardenmarket.com.tr/dr-oetker-cikolata-parcali-puding-115-g.html,https://ardenmarket.com.tr/media/catalog/product/cache/af204314a7b8c0f9bb1d3072a30a2454/d/r/dr-oetker-cikolata.jpg
Dondurma,Dr.Oetker Çikolatalı Bademli Puding 104 g,"₺51,00",https://ardenmarket.com.tr/dr-oetker-cikolatali-bademli-puding-104-g.html,https://ardenmarket.com.tr/media/catalog/product/cache/af204314a7b8c0f9bb1d3072a30a2454/d/r/dr-oetker-badem.jpg
Dondurma,Dr.Oetker Çikolatalı Fındıklı Puding 102 g,"₺51,00",https://ardenmarket.com.tr/dr-oetker-cikolatali-findikli-puding-102-g.html,https://ardenmarket.com.tr/media/catalog/product/cache/af204314a7b8c0f9bb1d3072a30a2454/d/r/dr-oetker-findik.jpg
Dondurma,Dr.Oetker Çikolatalı Antep Fıstıklı Puding 100 g,"₺51,00",https://ardenmarket.com.tr/dr-oetker-cikolatali-antep-fistikli-puding-100-g.html,https://ardenmarket.com.tr/media/catalog/product/cache/af204314a7b8c0f9bb1d3072a30a2454/d/r/dr-oetker-antep.jpg
Dondurma,Algida Maraş Usulü Sade-Kakao Dondurma 500 ml,"₺200,00",https://ardenmarket.com.tr/algida-maras-usulu-sade-cikolata-dondurma-500ml.html,https://ardenmarket.com.tr/media/catalog/product/cache/af204314a7b8c0f9bb1d3072a30a2454/a/l/algida_mara_usul_sade-kakao_dondurma_500_ml.jpg
Dondurma,Algida Maraş Usulü Sade Dondurma 500 ml,"₺200,00",https://ardenmarket.com.tr/algida-maras-usulu-sade-dondurma-500ml.html,https://ardenmarket.com.tr/media/catalog/product/cache/af204314a7b8c0f9bb1d3072a30a2454/a/l/algida_mara_usul_sade_dondurma_500_ml.jpg
Dondurma,Seyidoğlu Dondurma Külahı 10'lu,"₺27,50",https://ardenmarket.com.tr/seyidoglu-dondurma-kulahi-10-lu.html,https://ardenmarket.com.tr/media/catalog/product/cache/af204314a7b8c0f9bb1d3072a30a2454/s/e/seyidoglu-dondurma.jpg
Dondurma,Kenton Puding Kakaolu 2'li,"₺89,95",https://ardenmarket.com.tr/kenton-puding-kakaolu-2-li.html,https://ardenmarket.com.tr/media/catalog/product/cache/af204314a7b8c0f9bb1d3072a30a2454/k/e/kenton-kakao.jpg
Dondurma,Kenton Puding Çikolata Aşkı 2'li,"₺89,95",https://ardenmarket.com.tr/kenton-puding-cikolata-aski-2-li.html,https://ardenmarket.com.tr/media/catalog/product/cache/af204314a7b8c0f9bb1d3072a30a2454/k/e/kenton-2li.jpg
Dondurma,Neon Lüx Dondurma Kaşığı,"₺34,95",https://ardenmarket.com.tr/neon-lux-dondurma-kasigi-sc-320.html,https://ardenmarket.com.tr/media/catalog/product/cache/af204314a7b8c0f9bb1d3072a30a2454/d/o/dondurma-kasigi.jpg
Dondurma,Kenton Puding Çikolata Aşkı Çikolatalı 3'lü,"₺94,95",https://ardenmarket.com.tr/kenton-puding-cik-ask-cikolatali-3-lu.html,https://ardenmarket.com.tr/media/catalog/product/cache/af204314a7b8c0f9bb1d3072a30a2454/k/e/kenton_puding_ikolata_a_k_ikolatal_3_l_.jpg
Dondurma,Dr.Oetker Bitter Çikolatalı Puding 111 g,"₺51,00",https://ardenmarket.com.tr/dr-oetker-puding-111gr-bitter-cikolatali.html,https://ardenmarket.com.tr/media/catalog/product/cache/af204314a7b8c0f9bb1d3072a30a2454/d/r/dr.oetker_puding_bitter_ikolatal_111_g.jpg
Dondurma,Dr.Oetker Kakaolu Puding 147 g,"₺51,00",https://ardenmarket.com.tr/dr-oetker-puding-147gr-kakaolu.html,https://ardenmarket.com.tr/media/catalog/product/cache/af204314a7b8c0f9bb1d3072a30a2454/d/r/dr._oetker_puding_kakaolu_147_g.jpg
Dondurma,Kenton Puding Çikolatalı 100 g,"₺47,50",https://ardenmarket.com.tr/kenton-puding-cikolatali-100gr.html,https://ardenmarket.com.tr/media/catalog/product/cache/af204314a7b8c0f9bb1d3072a30a2454/k/e/kenton_puding_ikolatal_100_g.jpg
Dondurma,Kenton Puding Kakaolu 120 g,"₺47,50",https://ardenmarket.com.tr/kenton-puding-kakaolu-120gr.html,https://ardenmarket.com.tr/media/catalog/product/cache/af204314a7b8c0f9bb1d3072a30a2454/k/e/kenton_puding_kakaolu_120_g.jpg
Dondurma,Pakmaya Puding Çilekli 125 g,"₺32,50",https://ardenmarket.com.tr/pakmaya-puding-cilekli-125-gr.html,https://ardenmarket.com.tr/media/catalog/product/cache/af204314a7b8c0f9bb1d3072a30a2454/p/a/pakmaya_puding_ilekli_125_g.jpg
Dondurma,Pakmaya Puding Çikolatalı 106 g,"₺42,50",https://ardenmarket.com.tr/pakmaya-puding-cikolatali-106-gr.html,https://ardenmarket.com.tr/media/catalog/product/cache/af204314a7b8c0f9bb1d3072a30a2454/p/a/pakmaya_puding_ikolatal_106_g.jpg
Dondurma,Pakmaya Puding Kakaolu 145 g,"₺42,50",https://ardenmarket.com.tr/pakmaya-puding-kakaolu-145-gr.html,https://ardenmarket.com.tr/media/catalog/product/cache/af204314a7b8c0f9bb1d3072a30a2454/p/a/pakmaya_puding_kakaolu_145_g.jpg
Dondurma,Bizim Mutfak Kakaolu Toz Puding 150 g,"₺45,00",https://ardenmarket.com.tr/bizim-puding-kakaolu-150gr-6353-01.html,https://ardenmarket.com.tr/media/catalog/product/cache/af204314a7b8c0f9bb1d3072a30a2454/b/i/bizim_mutfak_kakaolu_toz_puding_150_g.jpg
Dondurma,Pesotti Profiterol Topları 100 Gr,"₺59,95",https://ardenmarket.com.tr/pesotti-profiterol-toplari-100-gr.html,https://ardenmarket.com.tr/media/catalog/product/cache/af204314a7b8c0f9bb1d3072a30a2454/2/4/245554414_1707718745108_org_tnpgt4byemswf8wu.jpg
Dondurma,Dr. Oetker Creme Ole Vanilya Aromalı 110 Gr,"₺36,95",https://ardenmarket.com.tr/dr-oetker-creme-ole-vanilya-aromali-110-gr.html,https://ardenmarket.com.tr/media/catalog/product/cache/af204314a7b8c0f9bb1d3072a30a2454/d/r/dr._oetker_creme_ole_vanilya_aromal_110_gr.jpg
Atistirmalik,Doritos Nacho Peynirli Mısır Cipsi Parti Boy 185 Gr,"₺82,00",https://ardenmarket.com.tr/doritos-nacho-peynirli-misir-cipsi-parti-boy-185-gr.html,https://ardenmarket.com.tr/media/catalog/product/cache/af204314a7b8c0f9bb1d3072a30a2454/2/4/245838115_1738907354842_org_yuseoup4l4lj7ujq.jpg
Atistirmalik,Doritos Hot Corn Acı Biberli Mısır Cipsi Süper Boy 130 Gr,"₺67,00",https://ardenmarket.com.tr/doritos-hot-corn-aci-biberli-misir-cipsi-super-boy-130-gr.html,https://ardenmarket.com.tr/media/catalog/product/cache/af204314a7b8c0f9bb1d3072a30a2454/2/4/245838116_1738907419618_org_bdwytjonfjhi1nvj.jpg
Atistirmalik,Ülker Coco Pops Gevrek Çikolata Jumbos 700 Gr,"₺259,95",https://ardenmarket.com.tr/ulker-coco-pops-gevrek-cikolata-jumbos-700-gr.html,https://ardenmarket.com.tr/media/catalog/product/cache/af204314a7b8c0f9bb1d3072a30a2454/2/4/245521066_1707331929077_org_rtw8b9spa0suxanl.jpg
Atistirmalik,Abdurrahman Tatlıcı Antep Fıstıklı Beyaz Lokum 200 gr,"₺149,95",https://ardenmarket.com.tr/abdurrahman-tatlici-antep-fistikli-beyaz-lokum-200-gr.html,https://ardenmarket.com.tr/media/catalog/product/cache/af204314a7b8c0f9bb1d3072a30a2454/3/6/36509463_1707336606728_org_lt5t70izk1kxpi9c.jpg
Atistirmalik,Dovido Kuru Domates 100 Gr,"₺79,95",https://ardenmarket.com.tr/dovido-kuru-domates-100-gr.html,https://ardenmarket.com.tr/media/catalog/product/cache/af204314a7b8c0f9bb1d3072a30a2454/w/h/whatsapp_image_2026-09-23_at_10.36.09.jpeg
Icecekler,Avşar Doğal Maden Suyu Karadut & Frenk Üzümü 6'lı 6x200 ml,"₺89,95",https://ardenmarket.com.tr/avsar-dogal-maden-suyu-karadut-frenk-uzumu-6-li-6x200-ml.html,https://ardenmarket.com.tr/media/catalog/product/cache/af204314a7b8c0f9bb1d3072a30a2454/a/v/avsar-sade-frenk-6li.jpg
Icecekler,Uludağ Limonata Şekersiz 1 lt,"₺52,95",https://ardenmarket.com.tr/uludag-limonata-sekersiz-1-l-pet.html,https://ardenmarket.com.tr/media/catalog/product/cache/af204314a7b8c0f9bb1d3072a30a2454/u/l/uludag_limonata_sekersiz_1_l_pet.jpg
Icecekler,Beypazarı Soda Maden Suyu 6x200 ml,"₺69,95",https://ardenmarket.com.tr/beypazari-soda-6x200-ml.html,https://ardenmarket.com.tr/media/catalog/product/cache/af204314a7b8c0f9bb1d3072a30a2454/b/e/beypazar_6l__1.png
Icecekler,Dimes Meyve Suyu Karpuz Çilek 200 Ml,"₺18,95",https://ardenmarket.com.tr/dimes-meyve-suyu-karpuz-cilek-200-ml.html,https://ardenmarket.com.tr/media/catalog/product/cache/af204314a7b8c0f9bb1d3072a30a2454/2/4/245012361_1707329412293_org_1ffnzsufcuddbhmv.jpg
Icecekler,Damla Gazlı İçecek Minera Karpuz Çilek 200 Ml,"₺18,50",https://ardenmarket.com.tr/damla-gazli-icecek-minera-karpuz-cilek-200-ml.html,https://ardenmarket.com.tr/media/catalog/product/cache/af204314a7b8c0f9bb1d3072a30a2454/5/8/58665325_1723188871680_org_tobw0nvyplpwn6mh.jpg
Icecekler,Damla Maden Suyu 200 Ml,"₺15,00",https://ardenmarket.com.tr/damla-maden-suyu-200-ml.html,https://ardenmarket.com.tr/media/catalog/product/cache/af204314a7b8c0f9bb1d3072a30a2454/4/3/43497474_1707333489961_org_zuhpdwy0x7cf2omm.jpg
Icecekler,Cappy Meyve Suyu Elma Karışık 1 Lt,"₺109,95",https://ardenmarket.com.tr/cappy-meyve-suyu-elma-karisik-1-lt.html,https://ardenmarket.com.tr/media/catalog/product/cache/af204314a7b8c0f9bb1d3072a30a2454/4/2/42428452_1707335513673_org_aeumygqjh7bp7orl.jpg
Icecekler,Cappy Meyve Suyu Ekşi Elma 1 Lt,"₺79,95",https://ardenmarket.com.tr/cappy-meyve-suyu-eksi-elma-1-lt.html,https://ardenmarket.com.tr/media/catalog/product/cache/af204314a7b8c0f9bb1d3072a30a2454/7/2/72979548_1707343383783_org_4zqegwaqdprjenwn.jpg
Icecekler,Aysu Su Pet Şişe 5 Lt,"₺39,95",https://ardenmarket.com.tr/aysu-su-pet-sise-5-lt.html,https://ardenmarket.com.tr/media/catalog/product/cache/af204314a7b8c0f9bb1d3072a30a2454/2/3/232058441_1707333982039_org_ga1w6prpdspb5dhi.jpg
Icecekler,Aysu Su Pet Şişe 500 Ml,"₺7,95",https://ardenmarket.com.tr/aysu-su-pet-sise-500-ml.html,https://ardenmarket.com.tr/media/catalog/product/cache/af204314a7b8c0f9bb1d3072a30a2454/6/6/66952388_1707331199658_org_imz6dbfbtnnauw9a.jpg
Icecekler,Aysu Su Pet Şişe 1.5 Lt,"₺14,50",https://ardenmarket.com.tr/aysu-su-pet-sise-1-5-lt.html,https://ardenmarket.com.tr/media/catalog/product/cache/af204314a7b8c0f9bb1d3072a30a2454/5/5/55429995_1707334078505_org_jqaacsyy3pjsdqas.jpg
Icecekler,Aroma Tropikal Prizma Kayısı 1 Lt,"₺29,95",https://ardenmarket.com.tr/aroma-tropikal-prizma-kayisi-1-lt.html,https://ardenmarket.com.tr/media/catalog/product/cache/af204314a7b8c0f9bb1d3072a30a2454/4/3/43497463_1719507004917_org_m4f29r6ywfksyric.jpg
Icecekler,Aroma Tropikal Prizma Karışık 1 lt,"₺29,95",https://ardenmarket.com.tr/aroma-tropikal-prizma-karisik-1-lt.html,https://ardenmarket.com.tr/media/catalog/product/cache/af204314a7b8c0f9bb1d3072a30a2454/4/3/43497365_1707332220759_org_oxi1bik0nkjcvakl.jpg
Icecekler,Ancora Üzüm Şırası 1 lt,"₺104,95",https://ardenmarket.com.tr/ancora-uzum-sirasi-1-lt.html,https://ardenmarket.com.tr/media/catalog/product/cache/af204314a7b8c0f9bb1d3072a30a2454/w/h/whatsapp_image_2026-02-16_at_09.37.17.jpeg
Icecekler,Ancora Demirhindi Şerbeti 1 Lt,"₺104,95",https://ardenmarket.com.tr/ancora-demirhindi-serbeti-1-lt.html,https://ardenmarket.com.tr/media/catalog/product/cache/af204314a7b8c0f9bb1d3072a30a2454/a/n/ancora-demirhindi-serbeti-1-lt-f.png
Icecekler,Ancora Orman Perisi Meyve Suyu %100 1 lt,"₺104,95",https://ardenmarket.com.tr/ancora-karisik-meyve-suyu-100-1-lt.html,https://ardenmarket.com.tr/media/catalog/product/cache/af204314a7b8c0f9bb1d3072a30a2454/a/n/anc-karisikmeyve-ormanperisi-100.png
Icecekler,Ancora Sıkma %100 Nar Suyu,"₺104,95",https://ardenmarket.com.tr/ancora-sikma-100-nar-suyu.html,https://ardenmarket.com.tr/media/catalog/product/cache/af204314a7b8c0f9bb1d3072a30a2454/1/_/1_org_zoom_47_.png
Icecekler,Didi Soğuk Çay Şeftali 330 Ml,"₺29,95",https://ardenmarket.com.tr/didi-soguk-cay-seftali-330-ml.html,https://ardenmarket.com.tr/media/catalog/product/cache/af204314a7b8c0f9bb1d3072a30a2454/8/0/8050818-5d0c63-1650x1650.png
Icecekler,Didi Soğuk Çay Limon 330 Ml,"₺29,95",https://ardenmarket.com.tr/didi-soguk-cay-limon-330-ml.html,https://ardenmarket.com.tr/media/catalog/product/cache/af204314a7b8c0f9bb1d3072a30a2454/8/0/8050819-82695f-1650x1650.png
Icecekler,Didi Soğuk Çay Bergamot 330 Ml,"₺29,95",https://ardenmarket.com.tr/didi-soguk-cay-bergamot-330-ml.html,https://ardenmarket.com.tr/media/catalog/product/cache/af204314a7b8c0f9bb1d3072a30a2454/8/0/8050820-c1a79f-1650x1650.png
Icecekler,Fuska Su Cam 750 Ml,"₺39,95",https://ardenmarket.com.tr/fuska-su-cam-750-ml.html,https://ardenmarket.com.tr/media/catalog/product/cache/af204314a7b8c0f9bb1d3072a30a2454/1/1/110000067510199.png
Icecekler,Erikli Su Premium Pet Şişe 750 Ml,"₺42,50",https://ardenmarket.com.tr/erikli-su-premium-pet-sise-750-ml.html,https://ardenmarket.com.tr/media/catalog/product/cache/af204314a7b8c0f9bb1d3072a30a2454/0/8/08060047_yan-9c1d4d-1650x1650.png
Icecekler,Erikli Su Premium Pet Şişe 330 Ml,"₺29,95",https://ardenmarket.com.tr/erikli-su-premium-pet-sise-330-ml.html,https://ardenmarket.com.tr/media/catalog/product/cache/af204314a7b8c0f9bb1d3072a30a2454/0/8/08060048-fac0d5.png
Icecekler,Erikli Su 1 Lt,"₺38,75",https://ardenmarket.com.tr/erikli-su-1-lt.html,https://ardenmarket.com.tr/media/catalog/product/cache/af204314a7b8c0f9bb1d3072a30a2454/8/0/8062202-009b58-1650x1650.png
Icecekler,Erikli Su Şişe Cam750 Ml,"₺74,95",https://ardenmarket.com.tr/erikli-su-sise-cam750-ml.html,https://ardenmarket.com.tr/media/catalog/product/cache/af204314a7b8c0f9bb1d3072a30a2454/0/8/08065172-efefe6-1650x1650_1.png
Icecekler,Erikli Su Cam Şişe 330 Ml,"₺44,95",https://ardenmarket.com.tr/erikli-su-cam-sise-330-ml.html,https://ardenmarket.com.tr/media/catalog/product/cache/af204314a7b8c0f9bb1d3072a30a2454/0/8/08065171-cf1513-1650x1650.png
Icecekler,Mahmood Coffee Gold 2 Gr,"₺5,00",https://ardenmarket.com.tr/mahmood-coffee-gold-2-gr.html,https://ardenmarket.com.tr/media/catalog/product/cache/af204314a7b8c0f9bb1d3072a30a2454/2/0/206627.png
Icecekler,Doğuş Elma Çayı 20 li Poşet,"₺79,95",https://ardenmarket.com.tr/dogus-elma-cayi-20-li-poset.html,https://ardenmarket.com.tr/media/catalog/product/cache/af204314a7b8c0f9bb1d3072a30a2454/d/o/dogus_bitk._elma_cayi_20_li_poset.png
Icecekler,Mahmood Coffee 3'ü1 Arada 10'lu Paket 180 gr,"₺54,95",https://ardenmarket.com.tr/mahmood-coffee-3-u-1-arada-original-10-lu.html,https://ardenmarket.com.tr/media/catalog/product/cache/af204314a7b8c0f9bb1d3072a30a2454/m/a/mahmood_coffee_3_1_arada_original_10_lu.png
Icecekler,Mahmood Hazır Türk Kahvesi 8 gr Orta,"₺12,95",https://ardenmarket.com.tr/mahmood-turk-kahvesi-sade-tekli-8-gr.html,https://ardenmarket.com.tr/media/catalog/product/cache/af204314a7b8c0f9bb1d3072a30a2454/m/a/mahmood_t_rk_kahvesi_sade_tekli_8_gr.png
Icecekler,Mahmood Hazır Türk Kahvesi 6 gr Sade,"₺12,95",https://ardenmarket.com.tr/mahmood-hazir-turk-kahvesi-sade-stick-6-gr.html,https://ardenmarket.com.tr/media/catalog/product/cache/af204314a7b8c0f9bb1d3072a30a2454/m/a/mahmood_haz_r_t_rk_kahvesi_sade_stick_6_gr.png
Icecekler,Mahmood Coffee 3'ü1 Arada Sütlü Köpüklü 18 gr,"₺9,00",https://ardenmarket.com.tr/mahmood-kahve-3-u-1-arada-sutlu-18-gr.html,https://ardenmarket.com.tr/media/catalog/product/cache/af204314a7b8c0f9bb1d3072a30a2454/m/a/mahmood_kahve_3_1_arada_s_tl_18_gr.png
Icecekler,Mahmood Coffee 2'si 1 Arada Şekersiz 10 gr,"₺9,00",https://ardenmarket.com.tr/mahmood-coffee-2-i-1-arada-stick-10-gr.html,https://ardenmarket.com.tr/media/catalog/product/cache/af204314a7b8c0f9bb1d3072a30a2454/m/a/mahmood_coffee_2_i_1_arada_stick_10_gr.png
Icecekler,Mahmood Coffee 3'ü1 Arada Sütlü Köpüklü 10'lu 180 gr,"₺54,95",https://ardenmarket.com.tr/mahmood-coffee-3-u-1-arada-sutu-kopuklu-10-lu.html,https://ardenmarket.com.tr/media/catalog/product/cache/af204314a7b8c0f9bb1d3072a30a2454/m/a/mahmood_coffee_3_1_arada_s_t_k_p_kl_10_lu.png
Icecekler,Mahmood Coffee 3'ü1 Arada Original 18 gr,"₺9,00",https://ardenmarket.com.tr/mahmood-coffee-3-u-1-arada-stick-18-gr.html,https://ardenmarket.com.tr/media/catalog/product/cache/af204314a7b8c0f9bb1d3072a30a2454/m/a/mahmood_coffee_3_1_arada_stick_18_gr.png
Icecekler,Mahmood Coffee 3'ü1 Arada 42'li Kavanoz 756 gr,"₺249,95",https://ardenmarket.com.tr/mahmood-coffee-3-u-1-arada-hazir-kahve-36-adet-ve-fincan.html,https://ardenmarket.com.tr/media/catalog/product/cache/af204314a7b8c0f9bb1d3072a30a2454/0/1/0183167_mahmood-coffee-3u1-arada_1.png
Icecekler,Happy Life Organik Şalgam Suyu 1 Lt,"₺64,95",https://ardenmarket.com.tr/happy-life-organik-salgam-suyu-1-lt.html,https://ardenmarket.com.tr/media/catalog/product/cache/af204314a7b8c0f9bb1d3072a30a2454/h/a/happy_life_organik_salgam_suyu_sade_1000_gr.png
Icecekler,Happy Life Organik Şalgam Suyu Acılı 1000 gr,"₺64,95",https://ardenmarket.com.tr/happy-life-organik-salgam-suyu-acili-1000-gr.html,https://ardenmarket.com.tr/media/catalog/product/cache/af204314a7b8c0f9bb1d3072a30a2454/h/a/happy_life_organik_salgam_suyu_acili_1000_gr.png
Icecekler,Hakkı Efendi Osmanlı Kahvesi 200 gr,"₺72,95",https://ardenmarket.com.tr/hakki-efendi-osmanli-kahvesi-200-gr.html,https://ardenmarket.com.tr/media/catalog/product/cache/af204314a7b8c0f9bb1d3072a30a2454/o/k/ok200_17466fa0-923e-4dc8-9465-32.png
Icecekler,Hakkı Efendi Dibek Kahvesi 200 gr,"₺72,95",https://ardenmarket.com.tr/hakki-efendi-dibek-kahvesi-200-gr.html,https://ardenmarket.com.tr/media/catalog/product/cache/af204314a7b8c0f9bb1d3072a30a2454/h/a/hakk_efendi_dibek_kahvesi_200_gr_1.png
Icecekler,Hakkı Efendi Menengiç Kahvesi 200 gr,"₺72,95",https://ardenmarket.com.tr/hakki-efendi-menengic-kahvesi-200-gr.html,https://ardenmarket.com.tr/media/catalog/product/cache/af204314a7b8c0f9bb1d3072a30a2454/h/a/hakk_efendi_menengi_kahvesi_200_gr.jpg
Icecekler,Hakkı Efendi Kahve Kreması 200 gr,"₺59,95",https://ardenmarket.com.tr/hakki-efendi-kahve-kremasi-200-gr.html,https://ardenmarket.com.tr/media/catalog/product/cache/af204314a7b8c0f9bb1d3072a30a2454/h/a/hakk_efendi_kahve_kremas_200_gr.jpg
Icecekler,Hakkı Efendi Türk Kahvesi Çikolata 200 gr,"₺89,95",https://ardenmarket.com.tr/hakki-efendi-cikolatali-turk-kahvesi-200-gr.html,https://ardenmarket.com.tr/media/catalog/product/cache/af204314a7b8c0f9bb1d3072a30a2454/h/a/hakk_efendi_ikolatal_t_rk_kahvesi_200_gr.jpg
Icecekler,Hakkı Efendi Kayseri Filtre Kahve 200 gr,"₺169,95",https://ardenmarket.com.tr/hakki-efendi-kayseri-filtre-kahve-200-gr.html,https://ardenmarket.com.tr/media/catalog/product/cache/af204314a7b8c0f9bb1d3072a30a2454/f/k/fk200_2284b756-dff2-4ec0-9647-65.png
Icecekler,Ben Organik Organik Kayısı-Şeftali-Elma Suyu 946 Ml,"₺199,95",https://ardenmarket.com.tr/ben-organik-kayisi-seftali-elma-suyu-946-ml.html,https://ardenmarket.com.tr/media/catalog/product/cache/af204314a7b8c0f9bb1d3072a30a2454/b/e/ben_organik_organik_kay_s_-_eftali-elma_suyu_946_ml.png
Icecekler,Ancora Sıkma %100 Erik Suyu 1 L,"₺104,95",https://ardenmarket.com.tr/ancora-sikma-100-erik-suyu-1-l.html,https://ardenmarket.com.tr/media/catalog/product/cache/af204314a7b8c0f9bb1d3072a30a2454/s/_/s_kma_100_erik_suyu_1_l.png
Icecekler,Avoya Maden Suyu Sade 200 Ml,"₺12,00",https://ardenmarket.com.tr/avoya-maden-suyu-sade-200-ml.html,https://ardenmarket.com.tr/media/catalog/product/cache/af204314a7b8c0f9bb1d3072a30a2454/a/v/avoya_maden_suyu_sade_200_ml_1_1.png
Icecekler,Avoya Maden Suyu Sade 6X200 ml,"₺59,95",https://ardenmarket.com.tr/avoya-maden-suyu-6x200-ml.html,https://ardenmarket.com.tr/media/catalog/product/cache/af204314a7b8c0f9bb1d3072a30a2454/a/v/avoya_maden_suyu_6x200_ml_1.png
Icecekler,Ancora Sıkma %100 Şeftali Suyu 1 lt,"₺104,95",https://ardenmarket.com.tr/ancora-life-sikma-seftali-suyu-100-1-lt.html,https://ardenmarket.com.tr/media/catalog/product/cache/af204314a7b8c0f9bb1d3072a30a2454/a/n/ancora_life_s_kma_eftali_suyu_100_1_lt_1.png
Icecekler,Ancora Sıkma %100 Karadut Suyu 1 L,"₺104,95",https://ardenmarket.com.tr/ancora-life-sikma-100-karadut-suyu-1-l.html,https://ardenmarket.com.tr/media/catalog/product/cache/af204314a7b8c0f9bb1d3072a30a2454/a/n/ancora_life_s_kma_100_karadut_suyu_1_l.png
Icecekler,Ancora Sıkma %100 Vişne Suyu 1 Lt,"₺104,95",https://ardenmarket.com.tr/ancora-life-sikma-100-visne-suyu-1-lt.html,https://ardenmarket.com.tr/media/catalog/product/cache/af204314a7b8c0f9bb1d3072a30a2454/a/n/ancora-sikma-visne-suyu-1-litre_2.png
Temizlik Urunleri,Sleepy Yüzey Temizleme Havlusu Beyaz Sabun Kokulu 100'lü,"₺169,95",https://ardenmarket.com.tr/sleepy-yuzey-temizleme-havlusu-beyaz-sabun-kokulu-100-lu.html,https://ardenmarket.com.tr/media/catalog/product/cache/af204314a7b8c0f9bb1d3072a30a2454/2/0/204906.jpg
Temizlik Urunleri,Abc Çamasır Sodası (Soda Matik) 500 Gr,"₺49,95",https://ardenmarket.com.tr/abc-camasir-sodasi-soda-matik-500-gr.html,https://ardenmarket.com.tr/media/catalog/product/cache/af204314a7b8c0f9bb1d3072a30a2454/a/b/abc_amas_r_sodas_soda_matik_500_gr.jpg
Temizlik Urunleri,ABC Sıvı Arap Sabunu 900 Ml,"₺89,95",https://ardenmarket.com.tr/abc-sivi-arap-sabunu-900-ml.html,https://ardenmarket.com.tr/media/catalog/product/cache/af204314a7b8c0f9bb1d3072a30a2454/a/b/abc_s_v_arap_sabunu.png
Temizlik Urunleri,Asperox Sarı Güç Sprey 1 lt,"₺149,95",https://ardenmarket.com.tr/asperox-sari-guc-sprey-1-lt.html,https://ardenmarket.com.tr/media/catalog/product/cache/af204314a7b8c0f9bb1d3072a30a2454/a/s/asperox-sari-guc.jpg
Temizlik Urunleri,Domestos Çamaşır Suyu Kar Beyazı 3240 ml,"₺279,95",https://ardenmarket.com.tr/domestos-camasir-suyu-kar-beyazi-3240-ml.html,https://ardenmarket.com.tr/media/catalog/product/cache/af204314a7b8c0f9bb1d3072a30a2454/d/o/domestos_ama_r_suyu_kar_beyaz_3240_ml.png
Temizlik Urunleri,Domestos Çamaşır Suyu Okyanus Ferahlığı 3240 ml,"₺279,95",https://ardenmarket.com.tr/domestos-camasir-suyu-okaliptus-3240-ml.html,https://ardenmarket.com.tr/media/catalog/product/cache/af204314a7b8c0f9bb1d3072a30a2454/d/o/domestos-okyanus-ferahligi-3240.png
Temizlik Urunleri,Domestos Çamaşır Suyu Çam Ferahlığı 3240 ml,"₺279,95",https://ardenmarket.com.tr/domestos-camasir-suyu-dag-esintisi-3240-ml.html,https://ardenmarket.com.tr/media/catalog/product/cache/af204314a7b8c0f9bb1d3072a30a2454/8/8/8836725538866_1681134382269_1.png
Temizlik Urunleri,Tex Baby Islak Mendil Yaz Çiçeği 100'lü,"₺39,95",https://ardenmarket.com.tr/tex-baby-islak-havlu-yaz-cicegi-100-lu.html,https://ardenmarket.com.tr/media/catalog/product/cache/af204314a7b8c0f9bb1d3072a30a2454/t/e/tex_slk.png
Temizlik Urunleri,Tex Ultra Çamaşır Suyu 4 lt,"₺159,95",https://ardenmarket.com.tr/tex-ultra-camasir-suyu-4-lt.html,https://ardenmarket.com.tr/media/catalog/product/cache/af204314a7b8c0f9bb1d3072a30a2454/1/_/1_org_zoom_10_.png
Temizlik Urunleri,Tex Çamaşır Suyu Parfümsüz 4 lt,"₺119,95",https://ardenmarket.com.tr/tex-camasir-suyu-parfumsuz-4-lt.html,https://ardenmarket.com.tr/media/catalog/product/cache/af204314a7b8c0f9bb1d3072a30a2454/t/e/tex_ama_r_suyu_parf_ms_z_4_lt.jpg
Temizlik Urunleri,Yumoş Extra Yabani Orkide Yasemin 1440 ml,"₺269,95",https://ardenmarket.com.tr/yumos-extra-1440-ml-yabani-orkide-yasemin.html,https://ardenmarket.com.tr/media/catalog/product/cache/af204314a7b8c0f9bb1d3072a30a2454/y/u/yumos-4_1.jpg
Temizlik Urunleri,Yumoş Extra Lilyum Lotus Çiçeği 1440 ml,"₺269,95",https://ardenmarket.com.tr/yumos-extra-1440-ml-lilyum-lotus-cicegi.html,https://ardenmarket.com.tr/media/catalog/product/cache/af204314a7b8c0f9bb1d3072a30a2454/y/u/yumos-deterjan1_1.jpg
Temizlik Urunleri,Koroplast Çöp Torbası Orta Boy (55x60),"₺79,95",https://ardenmarket.com.tr/koroplast-cop-torbasi-orta-55x60.html,https://ardenmarket.com.tr/media/catalog/product/cache/af204314a7b8c0f9bb1d3072a30a2454/k/o/koroplast_p_torbas_orta_55x60__1.jpg
Temizlik Urunleri,Koroplast Çöp Torbası Battal Boy (72x95),"₺199,95",https://ardenmarket.com.tr/koroplast-cop-torbasi-battal-72-95.html,https://ardenmarket.com.tr/media/catalog/product/cache/af204314a7b8c0f9bb1d3072a30a2454/_/p/_p_po_eti_profesyonel_battal_boy_7_li.png
Temizlik Urunleri,Pril Üçlü Güç Limon Bulaşık Deterjanı 4 Kg,"₺269,95",https://ardenmarket.com.tr/pril-4kg-limon-kokulu.html,https://ardenmarket.com.tr/media/catalog/product/cache/af204314a7b8c0f9bb1d3072a30a2454/p/r/pril4kg_1.jpg
Temizlik Urunleri,Perwoll Geliştirilmiş Siyah Sıvı Çamaşır Deterjanı 50 Yıkama 3 lt,"₺299,95",https://ardenmarket.com.tr/perwoll-gelistirilmis-siyah-50-yikama-3-l.html,https://ardenmarket.com.tr/media/catalog/product/cache/af204314a7b8c0f9bb1d3072a30a2454/p/e/perwol3_1.jpg
Temizlik Urunleri,Perwoll Geliştirilmiş Renkli Sıvı Çamaşır Deterjanı 50 Yıkama 3 lt,"₺299,95",https://ardenmarket.com.tr/perwoll-gelistirilmis-renkli-50-yikama-3-l.html,https://ardenmarket.com.tr/media/catalog/product/cache/af204314a7b8c0f9bb1d3072a30a2454/p/e/perwol2_1.jpg
Temizlik Urunleri,Solo Yuzey Temizleme Havlusu Dogal Guc Sakura 100 Lu,"₺99,95",https://ardenmarket.com.tr/solo-yuzey-temizleme-havlusu-dogal-guc-sakura-100-lu.html,https://ardenmarket.com.tr/media/catalog/product/cache/af204314a7b8c0f9bb1d3072a30a2454/2/4/246127112_1764165672382_org_12kywppmalssmj56.jpg
Temizlik Urunleri,Sitil Special Likit Tup Boya K.kahve 80 Ml,"₺89,95",https://ardenmarket.com.tr/sitil-special-likit-tup-boya-k-kahve-80-ml.html,https://ardenmarket.com.tr/media/catalog/product/cache/af204314a7b8c0f9bb1d3072a30a2454/3/4/34046745_1707334096063_org_accv1can1vyis53t.jpg
Temizlik Urunleri,Solo Havlu Islak Okyanus Ferahliği 90'li,"₺64,95",https://ardenmarket.com.tr/solo-havlu-islak-okyanus-ferahligi-90-li.html,https://ardenmarket.com.tr/media/catalog/product/cache/af204314a7b8c0f9bb1d3072a30a2454/2/3/239361953_1707332801115_org_bulpn96bxipkjt67.jpg
Temizlik Urunleri,Highgenic Aktif Köpük Banyo 750 Ml,"₺79,95",https://ardenmarket.com.tr/highgenic-aktif-kopuk-banyo-750-ml.html,https://ardenmarket.com.tr/media/catalog/product/cache/af204314a7b8c0f9bb1d3072a30a2454/8/6/86781589_1707396045304_org_2qks5mgyahiojdf7.jpg
Temizlik Urunleri,Domestos Köpük Gücü Çamaşır Suyu Çam Ferahlığı 450 Ml,"₺129,95",https://ardenmarket.com.tr/domestos-kopuk-gucu-camasir-suyu-cam-ferahligi-450-ml.html,https://ardenmarket.com.tr/media/catalog/product/cache/af204314a7b8c0f9bb1d3072a30a2454/2/4/245659394_1726138611156_org_77vdlojyjbmbrvgu.jpg
Temizlik Urunleri,Domestos Köpük Gücü Çamaşır Suyu 450 Ml,"₺129,95",https://ardenmarket.com.tr/domestos-kopuk-gucu-camasir-suyu-450-ml.html,https://ardenmarket.com.tr/media/catalog/product/cache/af204314a7b8c0f9bb1d3072a30a2454/2/4/245659386_1733209979378_org_8t4bg35kto2c9z3q.jpg
Temizlik Urunleri,Detan Karınca Yemi 250 Ml,"₺219,95",https://ardenmarket.com.tr/detan-karinca-yemi-250-ml.html,https://ardenmarket.com.tr/media/catalog/product/cache/af204314a7b8c0f9bb1d3072a30a2454/d/e/detan_kar_nca_yemi_250_ml_1.png
Temizlik Urunleri,Familia Aile Ekonomisi Kağıt Havlu 2 Katlı 12'li,"₺189,95",https://ardenmarket.com.tr/familia-aile-ekonomisi-kagit-havlu-2-katli-12-li.html,https://ardenmarket.com.tr/media/catalog/product/cache/af204314a7b8c0f9bb1d3072a30a2454/1/9/199827.png
Temizlik Urunleri,Clonet Banyo Kireç Sökücü Sprey 750 ml,"₺99,95",https://ardenmarket.com.tr/clonet-banyo-kirec-sokucu-sprey-750-ml.html,https://ardenmarket.com.tr/media/catalog/product/cache/af204314a7b8c0f9bb1d3072a30a2454/2/0/205821.jpg
Temizlik Urunleri,Clonet Mutfak Yağ Sökücü Sprey 750 ml,"₺99,95",https://ardenmarket.com.tr/clonet-mutfak-yag-sokucu-sprey-750-ml.html,https://ardenmarket.com.tr/media/catalog/product/cache/af204314a7b8c0f9bb1d3072a30a2454/2/0/205822.jpg
Temizlik Urunleri,Borline Toz Matik Bahar Esintisi 4 Kg,"₺199,95",https://ardenmarket.com.tr/borline-toz-matik-bahar-esintisi-4-kg.html,https://ardenmarket.com.tr/media/catalog/product/cache/af204314a7b8c0f9bb1d3072a30a2454/2/0/204560.jpg
Temizlik Urunleri,Cif Sprey Ultra Hijyen Çamaşır Suyu 750 Ml,"₺129,95",https://ardenmarket.com.tr/cif-sprey-ultra-hijyen-camasir-suyu-750-ml.html,https://ardenmarket.com.tr/media/catalog/product/cache/af204314a7b8c0f9bb1d3072a30a2454/c/_/c_f_sprey_ultra_h_jyen_750_ml.jpg
Temizlik Urunleri,Bref Power Aktif Okyanus Katı Blok 51 Gr,"₺79,95",https://ardenmarket.com.tr/bref-power-aktif-okyanus-kati-blok-51-gr.html,https://ardenmarket.com.tr/media/catalog/product/cache/af204314a7b8c0f9bb1d3072a30a2454/b/r/bref_power_aktiv_okyanus_kat_blok_51_gr.jpg
Temizlik Urunleri,Familia Plus Coconut Özlü Tuvalet Kağıdı 16'lı,"₺199,95",https://ardenmarket.com.tr/familia-plus-coconut-ozlu-tuvalet-kagidi-16-li.html,https://ardenmarket.com.tr/media/catalog/product/cache/af204314a7b8c0f9bb1d3072a30a2454/f/a/familia-h._zl_.16l_.jpg
Temizlik Urunleri,Finish Quantum Bulaşık Makinesi Tableti 80'li,"₺489,95",https://ardenmarket.com.tr/finish-quantum-bulasik-makinesi-tableti-80-li.html,https://ardenmarket.com.tr/media/catalog/product/cache/af204314a7b8c0f9bb1d3072a30a2454/f/i/finish80litablet.jpg
Temizlik Urunleri,Fairy 650 ml Sıvı Bulaşık Deterjanı Nar,"₺89,95",https://ardenmarket.com.tr/fairy-nar-sivi-bulasik-deterjani-650-ml.html,https://ardenmarket.com.tr/media/catalog/product/cache/af204314a7b8c0f9bb1d3072a30a2454/f/a/fairy-nar-1.jpg
Temizlik Urunleri,Mikrofiber Bez 4'lü,"₺27,95",https://ardenmarket.com.tr/mikrofiber-bez-4-lu.html,https://ardenmarket.com.tr/media/catalog/product/cache/af204314a7b8c0f9bb1d3072a30a2454/m/i/mikrofiber-bez.jpg
Temizlik Urunleri,Domestos Pembe Güç 750 ml,"₺79,95",https://ardenmarket.com.tr/domestos-pembe-guc-750-ml.html,https://ardenmarket.com.tr/media/catalog/product/cache/af204314a7b8c0f9bb1d3072a30a2454/d/o/domestos-camasir-suyu-pembe-guc-810-gr.jpg
Bebek,Hipp 2 Organik Keçi Sütü Bazlı Devam Sütü 400 Gr,"₺679,95",https://ardenmarket.com.tr/hipp-2-organik-keci-sutu-bazli-devam-sutu-400-gr.html,https://ardenmarket.com.tr/media/catalog/product/cache/af204314a7b8c0f9bb1d3072a30a2454/1/_/1_org_zoom_8__1.png
Bebek,Hipp Organik Sütlaç 125 Gr,"₺79,95",https://ardenmarket.com.tr/hipp-organik-sutlac-125-gr.html,https://ardenmarket.com.tr/media/catalog/product/cache/af204314a7b8c0f9bb1d3072a30a2454/o/r/organik-sutlac-125-gr_9062300126_1.png
Bebek,Hipp Organik Kayısı Püresi 125 Gr,"₺89,95",https://ardenmarket.com.tr/bebek/bebek-beslenme/hipp-organik-kayisi-puresi-125-gr.html,https://ardenmarket.com.tr/media/catalog/product/cache/af204314a7b8c0f9bb1d3072a30a2454/h/i/hipp_organik_kayisi_puresi_125_gr.jpg
Bebek,Bebem Natural Fırsat Paket Maxi 52'li,"₺289,95",https://ardenmarket.com.tr/bebem-natural-firsat-paket-maxi-52-li.html,https://ardenmarket.com.tr/media/catalog/product/cache/af204314a7b8c0f9bb1d3072a30a2454/b/e/bebek-bezibebem-natural50000575bebem-n-4-8219_1_.png
Bebek,Sleepy Bio Natural 2 Numara Mini 48'li Bebek Bezi,"₺259,95",https://ardenmarket.com.tr/sleepy-bio-natural-2-numara-mini-48-li-bebek-bezi.html,https://ardenmarket.com.tr/media/catalog/product/cache/af204314a7b8c0f9bb1d3072a30a2454/s/l/sleepy_natural_double_soft_firsat_paket_mini.png
Bebek,Sleepy Natural Double Soft 3 Numara Midi 42'li Bebek Bezi,"₺259,95",https://ardenmarket.com.tr/sleepy-natural-double-soft-3-numara-midi-42-li-bebek-bezi.html,https://ardenmarket.com.tr/media/catalog/product/cache/af204314a7b8c0f9bb1d3072a30a2454/s/l/sleepy_natural_double_soft_firsat_paket.png
Bebek,Bebem Natural Bebek Bezi Yenidoğan 1 Beden Fırsat Paketi 64 Adet,"₺289,95",https://ardenmarket.com.tr/bebem-natural-bebek-bezi-yenidogan-1-beden-firsat-paketi-64-adet.html,https://ardenmarket.com.tr/media/catalog/product/cache/af204314a7b8c0f9bb1d3072a30a2454/b/e/bebem_natural_firsat_paket.png
Bebek,Hero Baby Muzlu Yoğurtlu Kavanoz Maması 120 Gr,"₺44,95",https://ardenmarket.com.tr/hero-baby-muzlu-yogurtlu-kavanoz-mamasi-120-gr.html,https://ardenmarket.com.tr/media/catalog/product/cache/af204314a7b8c0f9bb1d3072a30a2454/6/5/6581528_1707330590302_org_gylagb5wioth2mmy.jpg
Bebek,Hero Baby Mama Kavanoz Sütlaç 120 Gr,"₺44,95",https://ardenmarket.com.tr/hero-baby-mama-kavanoz-sutlac-120-gr.html,https://ardenmarket.com.tr/media/catalog/product/cache/af204314a7b8c0f9bb1d3072a30a2454/4/0/4039629_1707334589396_org_vsqxpkej7oyqcooj.jpg
Bebek,Hero Baby Plus+ Muzlu Yoğurtlu Kavanoz Mama 120 Gr,"₺69,95",https://ardenmarket.com.tr/hero-baby-plus-muzlu-yogurtlu-kavanoz-mama-120-gr.html,https://ardenmarket.com.tr/media/catalog/product/cache/af204314a7b8c0f9bb1d3072a30a2454/2/4/245775110_1734599926910_org_pe8jshicbmyllr0j.jpg
Bebek,Hero Baby Maması Kavanoz Mandalina Muz Ve Armut Aromalı,"₺44,95",https://ardenmarket.com.tr/hero-baby-mamasi-kavanoz-mandalina-muz-ve-armut-aromali.html,https://ardenmarket.com.tr/media/catalog/product/cache/af204314a7b8c0f9bb1d3072a30a2454/4/0/4066291_1707335997203_org_lf2e1o3omjzx83w1.jpg
Bebek,Aptamil Devam Sütü 5 Numara 350 Gr,"₺599,95",https://ardenmarket.com.tr/aptamil-devam-sutu-5-numara-350-gr.html,https://ardenmarket.com.tr/media/catalog/product/cache/af204314a7b8c0f9bb1d3072a30a2454/4/9/4959897_1729848860967_org_v32xcowfgjf8lg7l.jpg
Bebek,Hipp Organik Mangolu Yoğurtlu Muzlu Şeftali Püresi 100 Gr,"₺129,95",https://ardenmarket.com.tr/hipp-organik-mangolu-yogurtlu-muzlu-seftali-puresi-100-gr.html,https://ardenmarket.com.tr/media/catalog/product/cache/af204314a7b8c0f9bb1d3072a30a2454/2/4/245661020_1722433729594_org_hraqukxtkhycqd8t.jpg
Bebek,Hipp Organik Karışık Meyve Suyu 200 Ml,"₺109,95",https://ardenmarket.com.tr/hipp-organik-karisik-meyve-suyu-200-ml.html,https://ardenmarket.com.tr/media/catalog/product/cache/af204314a7b8c0f9bb1d3072a30a2454/2/4/245653095_1721734915281_org_7gqfyx9rpamoovsf.jpg
Bebek,Hipp Organik Çarkıfelek Karışık Meyve Püresi 100 Gr,"₺129,95",https://ardenmarket.com.tr/hipp-organik-carkifelek-karisik-meyve-puresi-100-gr.html,https://ardenmarket.com.tr/media/catalog/product/cache/af204314a7b8c0f9bb1d3072a30a2454/2/4/245644315_1720609007565_org_jhbyawi0vl6jwr6w.jpg
Bebek,Hipp Organik Ahududulu Elmalı Muzlu Meyve Barı 23 Gr,"₺74,95",https://ardenmarket.com.tr/hipp-organik-ahududulu-elmali-muzlu-meyve-bari-23-gr.html,https://ardenmarket.com.tr/media/catalog/product/cache/af204314a7b8c0f9bb1d3072a30a2454/2/4/245557182_1707898176656_org_i0xxjxyuz28lraai.jpg
Bebek,Hipp Meyve Barı Seftalı Ve Elmalı 20 Gr,"₺74,95",https://ardenmarket.com.tr/hipp-meyve-bari-seftali-ve-elmali-20-gr.html,https://ardenmarket.com.tr/media/catalog/product/cache/af204314a7b8c0f9bb1d3072a30a2454/2/4/245418373_1707336932271_org_qebc5pz1uh7iu2wg.jpg
Bebek,Hipp Meyve Barı Organik Yulaﬂı Elmalı Muzlu 23 Gr,"₺74,95",https://ardenmarket.com.tr/hipp-meyve-bari-organik-yula-i-elmali-muzlu-23-gr.html,https://ardenmarket.com.tr/media/catalog/product/cache/af204314a7b8c0f9bb1d3072a30a2454/2/4/245556955_1707896462078_org_gc0rakztl1ue6orf.jpg
Bebek,Hipp Bebek Gofreti Organik Yaban Mersinli Ve Pirinçli 30 Gr,"₺84,95",https://ardenmarket.com.tr/hipp-bebek-gofreti-organik-yaban-mersinli-ve-pirincli-30-gr.html,https://ardenmarket.com.tr/media/catalog/product/cache/af204314a7b8c0f9bb1d3072a30a2454/2/3/234056319_1707334099412_org_ftfsbyarmtbk0wzw.jpg
Bebek,Hipp Bebek Gofreti Organik Pirinçli Elmalı 35 Gr,"₺84,95",https://ardenmarket.com.tr/hipp-bebek-gofreti-organik-pirincli-elmali-35-gr.html,https://ardenmarket.com.tr/media/catalog/product/cache/af204314a7b8c0f9bb1d3072a30a2454/2/4/245009717_1707336931522_org_cw4qrzickhg6zj3a.jpg
Bebek,Bebivita Çocuk Devam Sütü No:3 1 Yaş+ 400 Gr,"₺279,95",https://ardenmarket.com.tr/bebivita-cocuk-devam-sutu-no-3-1-yas-400-gr.html,https://ardenmarket.com.tr/media/catalog/product/cache/af204314a7b8c0f9bb1d3072a30a2454/2/4/245870065_1741945682736_org_6w7cj3j2jkc0xqmi.jpg
Bebek,Bebivita Biberon Maması 1 400 Gr,"₺279,95",https://ardenmarket.com.tr/bebivita-biberon-mamasi-1-400-gr.html,https://ardenmarket.com.tr/media/catalog/product/cache/af204314a7b8c0f9bb1d3072a30a2454/b/b/bbvta-401001_4018852034780_01.png
Bebek,Bebivita Bebek Devam Sütü No: 2 6 Ay+ 400 Gr,"₺279,95",https://ardenmarket.com.tr/bebivita-bebek-devam-sutu-no-2-6-ay-400-gr.html,https://ardenmarket.com.tr/media/catalog/product/cache/af204314a7b8c0f9bb1d3072a30a2454/2/4/245870068_1741945690528_org_hsafdjifjvgzasrn.jpg
Bebek,Bebem Natural No:5 Junior 40 Adet Bebek Bezi,"₺289,95",https://ardenmarket.com.tr/bebem-natural-no-5-junior-40-adet-bebek-bezi.html,https://ardenmarket.com.tr/media/catalog/product/cache/af204314a7b8c0f9bb1d3072a30a2454/b/e/bebem-natural-no5-junior-40-adet.png
Bebek,Sleepy Yüzey Temizlik Havlusu Karanfil Tarçın Bio Çözünür 50'li,"₺229,95",https://ardenmarket.com.tr/sleepy-yuzey-temizlik-havlusu-karanfil-tarcin-bio-cozunur-50-li.html,https://ardenmarket.com.tr/media/catalog/product/cache/af204314a7b8c0f9bb1d3072a30a2454/2/4/245635182_1722602373219_org_4wzwhm6w13qqmsrb.jpg
Bebek,Sleepy Sensıtıve Islak Havlu 25 Li,"₺29,95",https://ardenmarket.com.tr/sleepy-sensitive-islak-havlu-25-li.html,https://ardenmarket.com.tr/media/catalog/product/cache/af204314a7b8c0f9bb1d3072a30a2454/0/2/0288191_sleepy-sensitive-islak-b.png
Bebek,Sleepy Bebek Islak Havlusu Doğal Zeytinyağı Ve Pamuksu Lifler 12x25'li,"₺29,95",https://ardenmarket.com.tr/sleepy-bebek-islak-havlusu-dogal-zeytinyagi-ve-pamuksu-lifler-12x25-li.html,https://ardenmarket.com.tr/media/catalog/product/cache/af204314a7b8c0f9bb1d3072a30a2454/2/4/245495634_1707331809452_org_dscrenpvo8dyj08k.jpg
Bebek,Hünnap hünnap bebe bisküvisi 200 gr,"₺59,95",https://ardenmarket.com.tr/hunnap-hunnap-bebe-biskuvisi-200-gr.html,https://ardenmarket.com.tr/media/catalog/product/cache/af204314a7b8c0f9bb1d3072a30a2454/3/0/3079441_1707334392524_org_9tqalvylgekzuoba.jpg
Bebek,Hipp Organik Püre Organik Kivi Muz Armut 100 Gr,"₺129,95",https://ardenmarket.com.tr/hipp-organik-pure-organik-kivi-muz-armut-100-gr.html,https://ardenmarket.com.tr/media/catalog/product/cache/af204314a7b8c0f9bb1d3072a30a2454/2/4/245178733_1707332295733_org_ldja82oqqek7iin1.jpg
Bebek,Hipp Organik Elmalı İçecek 200 Ml,"₺109,95",https://ardenmarket.com.tr/hipp-organik-elmali-icecek-200-ml.html,https://ardenmarket.com.tr/media/catalog/product/cache/af204314a7b8c0f9bb1d3072a30a2454/2/3/2306024_1707335886118_org_atrbi3ula8lxmhts.jpg
Bebek,Hipp Meyve Püresi Organik Çilekli Muzlu Elmalı 100 Gr,"₺129,95",https://ardenmarket.com.tr/hipp-meyve-puresi-organik-cilekli-muzlu-elmali-100-gr.html,https://ardenmarket.com.tr/media/catalog/product/cache/af204314a7b8c0f9bb1d3072a30a2454/2/4/245178705_1707332607959_org_wkudssodluo5e8aa.jpg
Bebek,Hipp Elma Püresi Organik Orman Meyveleri Şeftalili 100 Gr,"₺129,95",https://ardenmarket.com.tr/hipp-elma-puresi-organik-orman-meyveleri-seftalili-100-gr.html,https://ardenmarket.com.tr/media/catalog/product/cache/af204314a7b8c0f9bb1d3072a30a2454/2/4/245178694_1707334007682_org_5suiehfbbxlmjxqm.jpg
Bebek,Hipp Püre Organik Şeftali Mango Elma 100 Gr,"₺129,95",https://ardenmarket.com.tr/hipp-pure-organik-seftali-mango-elma-100-gr.html,https://ardenmarket.com.tr/media/catalog/product/cache/af204314a7b8c0f9bb1d3072a30a2454/2/4/245178754_1707330418607_org_savujwohjcb8lpfs.jpg
Bebek,Hipp Meyve Püresi Organik Muzlu Elmalı Armutlu 100 Gr,"₺129,95",https://ardenmarket.com.tr/hipp-meyve-puresi-organik-muzlu-elmali-armutlu-100-gr.html,https://ardenmarket.com.tr/media/catalog/product/cache/af204314a7b8c0f9bb1d3072a30a2454/2/4/245178712_1707341240461_org_xahtx3u1boimegov.jpg
Bebek,Hipp Organik Elmalı Havuç Püresi Kavanoz Maması 125 Gr,"₺79,95",https://ardenmarket.com.tr/hipp-organik-elmali-havuc-puresi-kavanoz-mamasi-125-gr.html,https://ardenmarket.com.tr/media/catalog/product/cache/af204314a7b8c0f9bb1d3072a30a2454/1/1/1143058_1707336493599_org_awqnsjvvpkjhwiew.jpg
Bebek,Hipp Erik Püresi Organik 125 Gr,"₺94,95",https://ardenmarket.com.tr/hipp-erik-puresi-organik-125-gr.html,https://ardenmarket.com.tr/media/catalog/product/cache/af204314a7b8c0f9bb1d3072a30a2454/1/1/1141199_1707333013047_org_cej5tocsd7msui6q.jpg
Bebek,Hipp Mama Kavanoz Organik Sebzeli Ve Tavuklu Pirinç 125 Gr,"₺89,95",https://ardenmarket.com.tr/hipp-mama-kavanoz-organik-sebzeli-ve-tavuklu-pirinc-125-gr.html,https://ardenmarket.com.tr/media/catalog/product/cache/af204314a7b8c0f9bb1d3072a30a2454/2/5/2586655_1707332607578_org_udezdztxxxlph6n0.jpg
Bebek,Bebelac Çocuk Devam Sütü No 3 800 Gr,"₺729,95",https://ardenmarket.com.tr/bebelac-cocuk-devam-sutu-no-3-800-gr.html,https://ardenmarket.com.tr/media/catalog/product/cache/af204314a7b8c0f9bb1d3072a30a2454/2/4/245006825_1707330678969_org_jh8hnrqrdtp2ato2.jpg
Bebek,Sleepy Natural Bebek Bezi Maxi 4 Numara 52 adet,"₺219,95",https://ardenmarket.com.tr/sleepy-natural-bebek-bezi-maxi-4-numara-52-li.html,https://ardenmarket.com.tr/media/catalog/product/cache/af204314a7b8c0f9bb1d3072a30a2454/s/l/sleepy-natural-no4-maxi-52-adet_1.png
Bebek,Hipp Organik 3 Numara Combiotic Devam Sütü 600 Gr,"₺959,95",https://ardenmarket.com.tr/hipp-organik-3-numara-combiotic-devam-sutu-600-gr.html,https://ardenmarket.com.tr/media/catalog/product/cache/af204314a7b8c0f9bb1d3072a30a2454/h/i/hipp_organik_3_numara_combiotic_devam_s_t_600_gr.jpg
Bebek,Hipp Organik Bebek Sütü 1 Numara Organik 600 Gr,"₺959,95",https://ardenmarket.com.tr/hipp-organik-bebek-sutu-1-numara-organik-600-gr.html,https://ardenmarket.com.tr/media/catalog/product/cache/af204314a7b8c0f9bb1d3072a30a2454/h/i/hipp_organik_bebek_s_t_1_numara_organik_600_gr.jpg
Bebek,Hipp Organik 2 Numara Organik Devam Sütü 600 Gr,"₺959,95",https://ardenmarket.com.tr/hipp-organik-2-numara-organik-devam-sutu-600-gr.html,https://ardenmarket.com.tr/media/catalog/product/cache/af204314a7b8c0f9bb1d3072a30a2454/h/i/hipp_organik_2_numara_organik_devam_s_t_600_gr.jpg
Bebek,Sleepy Çocuk Bezi Gross Paket 4 Maxi 100'lü,"₺429,95",https://ardenmarket.com.tr/sleepy-cocuk-bezi-gross-paket-4-maxi-100-lu.html,https://ardenmarket.com.tr/media/catalog/product/cache/af204314a7b8c0f9bb1d3072a30a2454/s/l/sleepy_ocuk_bezi_gross_paket_4_maxi_100_l_.jpg
Bebek,Sleepy Çocuk Bezi Gross Paket 7 Xxlarge 100'lü,"₺759,95",https://ardenmarket.com.tr/sleepy-cocuk-bezi-gross-paket-7-xxlarge-100-lu.html,https://ardenmarket.com.tr/media/catalog/product/cache/af204314a7b8c0f9bb1d3072a30a2454/0/3/0322953_sleepy-natural-gross-pak.png
Bebek,Sleepy Çocuk Bezi Gross Paket 6 Large 100'lü,"₺659,95",https://ardenmarket.com.tr/sleepy-cocuk-bezi-gross-paket-6-large-100-lu.html,https://ardenmarket.com.tr/media/catalog/product/cache/af204314a7b8c0f9bb1d3072a30a2454/s/l/sleepy_ocuk_bezi_gross_paket_6_large_100_l_.jpg
Bebek,Sleepy Çocuk Bezi Gross Paket 2 Mini 100'lü,"₺339,95",https://ardenmarket.com.tr/sleepy-cocuk-bezi-gross-paket-2-mini-100-lu.html,https://ardenmarket.com.tr/media/catalog/product/cache/af204314a7b8c0f9bb1d3072a30a2454/s/l/sleepy_ocuk_bezi_gross_paket_2_mini_100_l_.jpg
Bebek,Sleepy Çocuk Bezi Gross Paket 1 Yenidoğan 100'lü,"₺329,95",https://ardenmarket.com.tr/sleepy-cocuk-bezi-gross-paket-1-yenidogan-100-lu.html,https://ardenmarket.com.tr/media/catalog/product/cache/af204314a7b8c0f9bb1d3072a30a2454/s/l/sleepy_ocuk_bezi_gross_paket_1_yenido_an_100_l_.jpg
Bebek,Sleepy Çocuk Bezi Gross Paket 5 Junior 100'lü,"₺529,95",https://ardenmarket.com.tr/sleepy-cocuk-bezi-gross-paket-5-junior-100-lu.html,https://ardenmarket.com.tr/media/catalog/product/cache/af204314a7b8c0f9bb1d3072a30a2454/s/l/sleepy_ocuk_bezi_gross_paket_5_junior_100_l_.jpg
Bebek,Wee Baby Biberon Kulplu 270 ml 745,"₺359,95",https://ardenmarket.com.tr/wee-baby-biberon-kulplu-270-ml-745.html,https://ardenmarket.com.tr/media/catalog/product/cache/af204314a7b8c0f9bb1d3072a30a2454/w/e/wee_baby_biberon_kulplu_270_ml_745.png
Bebek,Wee Baby Meyve Süzgeci Kod 207,"₺299,95",https://ardenmarket.com.tr/wee-baby-meyve-suzgeci-kod-207.html,https://ardenmarket.com.tr/media/catalog/product/cache/af204314a7b8c0f9bb1d3072a30a2454/w/e/wee_baby_meyve_s_zgeci_kod_207.png
Bebek,Wee Baby Silikon Uçlu Desenli Cam Biberon 250 cc,"₺339,95",https://ardenmarket.com.tr/wee-baby-silikon-uclu-desenli-cam-biberon-250-cc.html,https://ardenmarket.com.tr/media/catalog/product/cache/af204314a7b8c0f9bb1d3072a30a2454/w/e/wee_baby_silikon_u_lu_desenli_cam_biberon_250_cc.png
Bebek,Wee Baby Kiraz Uçlu Cam Biberon 125 ml,"₺299,95",https://ardenmarket.com.tr/wee-baby-kiraz-uclu-cam-biberon-125-ml.html,https://ardenmarket.com.tr/media/catalog/product/cache/af204314a7b8c0f9bb1d3072a30a2454/w/e/wee_baby_kiraz_u_lu_cam_biberon_125_ml.png
Bebek,Wee Kulplu Biberon 150 ml,"₺309,95",https://ardenmarket.com.tr/wee-kulplu-biberon-150-ml.html,https://ardenmarket.com.tr/media/catalog/product/cache/af204314a7b8c0f9bb1d3072a30a2454/w/e/wee_kulplu_biberon_150_ml.png
Bebek,Wee Baby Yuvarlak Uçlu Silikon Biberon Emziği 6-18 Ay Normal Akış No 2,"₺169,95",https://ardenmarket.com.tr/wee-baby-yuvarlak-uclu-silikon-biberon-emzigi-6-18-ay-normal-akis-no-2.html,https://ardenmarket.com.tr/media/catalog/product/cache/af204314a7b8c0f9bb1d3072a30a2454/w/e/wee_baby_yuvarlak_u_lu_silikon_biberon_emzi_i_6-18_ay_normal_ak_no_2.png
Bebek,Wee Baby Klasik Uçlu Biberon,"₺269,95",https://ardenmarket.com.tr/wee-baby-klasik-uclu-biberon.html,https://ardenmarket.com.tr/media/catalog/product/cache/af204314a7b8c0f9bb1d3072a30a2454/w/e/wee_baby_klasik_u_lu_biberon.png
Bebek,Wee Baby Silikon Şeffaf Desenli Damaklı Emzik No 1 Askılı Kod 836,"₺199,95",https://ardenmarket.com.tr/wee-baby-silikon-seffaf-desenli-damakli-emzik-no-1-askili-kod-836.html,https://ardenmarket.com.tr/media/catalog/product/cache/af204314a7b8c0f9bb1d3072a30a2454/w/e/wee_baby_silikon_effaf_desenli_damakl_emzik_no_1_ask_l_kod_836.png
Bebek,Wee Baby Full Silikon Emzik No 1 561,"₺149,95",https://ardenmarket.com.tr/wee-baby-full-silikon-emzik-no-1-561.html,https://ardenmarket.com.tr/media/catalog/product/cache/af204314a7b8c0f9bb1d3072a30a2454/w/e/wee_baby_full_silikon_emzik_no_1_561.png
Bebek,Wee Baby Cool Yuvarlak Uçlu Emzik No 2 18+Ay,"₺249,95",https://ardenmarket.com.tr/wee-baby-cool-yuvarlak-uclu-emzik-no-2-18-ay.html,https://ardenmarket.com.tr/media/catalog/product/cache/af204314a7b8c0f9bb1d3072a30a2454/w/e/wee_baby_cool_yuvarlak_u_lu_emzik_no_2_18_ay.png
Bebek,Wee Baby Mavi Zoo Emzik Bandı,"₺239,95",https://ardenmarket.com.tr/wee-baby-mavi-zoo-emzik-bandi.html,https://ardenmarket.com.tr/media/catalog/product/cache/af204314a7b8c0f9bb1d3072a30a2454/w/e/wee_baby_mavi_zoo_emzik_band_.png
Bebek,Wee Baby 2'li Silikon Mama Kaşığı Kırmızı Yeşil,"₺329,95",https://ardenmarket.com.tr/wee-baby-2-li-silikon-mama-kasigi-kirmizi-yesil.html,https://ardenmarket.com.tr/media/catalog/product/cache/af204314a7b8c0f9bb1d3072a30a2454/w/e/wee_baby_2_li_silikon_mama_ka_k_rm_z_ye_il.png
Bebek,Wee Baby Cool Yuvarlak Uçlu Silikon Emzik No 1 0-6 Ay,"₺249,95",https://ardenmarket.com.tr/wee-baby-cool-yuvarlak-uclu-silikon-emzik-no-1-0-6-ay.html,https://ardenmarket.com.tr/media/catalog/product/cache/af204314a7b8c0f9bb1d3072a30a2454/w/e/wee_baby_cool_yuvarlak_u_lu_silikon_emzik_no_1_0-6_ay.png
Bebek,Wee Baby Çıt Çıt Tırnak Makası,"₺179,95",https://ardenmarket.com.tr/wee-baby-cit-cit-tirnak-makasi.html,https://ardenmarket.com.tr/media/catalog/product/cache/af204314a7b8c0f9bb1d3072a30a2454/w/e/wee_baby_t_t_t_rnak_makas_.png
Bebek,Molfix Fırsat Paketi Mini 80'li,"₺389,95",https://ardenmarket.com.tr/molfix-firsat-paketi-mini-80-li.html,https://ardenmarket.com.tr/media/catalog/product/cache/af204314a7b8c0f9bb1d3072a30a2454/m/o/molfix_f_rsat_paketi_mini_80_li.png
Bebek,Molfix Fırsat Paketi Midi 68'li,"₺389,95",https://ardenmarket.com.tr/molfix-firsat-paketi-midi-68-li.html,https://ardenmarket.com.tr/media/catalog/product/cache/af204314a7b8c0f9bb1d3072a30a2454/m/o/molfix_f_rsat_paketi_midi_68_li.png
Bebek,Molfix Fırsat Paketi Maxi 62'li,"₺389,95",https://ardenmarket.com.tr/molfix-firsat-paketi-maxi-62-li.html,https://ardenmarket.com.tr/media/catalog/product/cache/af204314a7b8c0f9bb1d3072a30a2454/m/o/molfix_f_rsat_paketi_maxi_62_li.png
Bebek,Molfix Fırsat Paketi Junior 48'li,"₺389,95",https://ardenmarket.com.tr/molfix-firsat-paketi-junior-48-li.html,https://ardenmarket.com.tr/media/catalog/product/cache/af204314a7b8c0f9bb1d3072a30a2454/m/o/molfix_f_rsat_paketi_junior_48_li.png
Bebek,Molfix Fırsat Paketi Ekstra Large 38'li,"₺389,95",https://ardenmarket.com.tr/molfix-firsat-paketi-ekstra-large-38-li.html,https://ardenmarket.com.tr/media/catalog/product/cache/af204314a7b8c0f9bb1d3072a30a2454/m/o/molfix_f_rsat_paketi_ekstra_large_38_li.png
Bebek,SMA Optipro Probiyotikli 3 800 gr 1-3 Yaş Devam Sütü,"₺1.199,95",https://ardenmarket.com.tr/catalog/product/view/id/7414/s/sma-optipro-probiyotikli-3-800-gr-1-3-yas-devam-sutu/category/27/,https://ardenmarket.com.tr/media/catalog/product/cache/af204314a7b8c0f9bb1d3072a30a2454/2/0/205788..jpg
Bebek,SMA Optipro Probiyotikli 3 400 gr 1-3 Yaş Devam Sütü,"₺649,95",https://ardenmarket.com.tr/sma-optipro-probiyotikli-3-400-gr-1-3-yas-devam-sutu.html,https://ardenmarket.com.tr/media/catalog/product/cache/af204314a7b8c0f9bb1d3072a30a2454/2/0/203373..jpg
Bebek,SMA Optipro Probiyotikli 2 800 gr 6-12 Ay Devam Sütü,"₺1.199,95",https://ardenmarket.com.tr/catalog/product/view/id/7412/s/sma-optipro-probiyotikli-2-800-gr-6-12-ay-devam-sutu/category/27/,https://ardenmarket.com.tr/media/catalog/product/cache/af204314a7b8c0f9bb1d3072a30a2454/2/0/204525..jpg
Bebek,SMA Optipro 2 6-12 Ay Bebek Sütü 400 gr,"₺649,95",https://ardenmarket.com.tr/catalog/product/view/id/7411/s/sma-optipro-2-6-12-ay-bebek-sutu-400-gr/category/27/,https://ardenmarket.com.tr/media/catalog/product/cache/af204314a7b8c0f9bb1d3072a30a2454/2/0/203372.jpg
Bebek,SMA OptiPro Probiyotik 1 Bebek Sütü 800 gr 0-6 Ay,"₺1.199,95",https://ardenmarket.com.tr/catalog/product/view/id/7410/s/sma-optipro-probiyotik-1-bebek-sutu-800-gr-0-6-ay/category/27/,https://ardenmarket.com.tr/media/catalog/product/cache/af204314a7b8c0f9bb1d3072a30a2454/2/0/204524_1.jpg
Bebek,SMA Optipro 1 0-6 Ay Probiyotik Bebek Sütü 400 gr,"₺649,95",https://ardenmarket.com.tr/catalog/product/view/id/7409/s/sma-1-optipro-400-gr/category/27/,https://ardenmarket.com.tr/media/catalog/product/cache/af204314a7b8c0f9bb1d3072a30a2454/5/0/5040595-e60ad9-1650x1650.jpg
Bebek,Fibril Islak Mendil Bebek 90'lı,"₺29,95",https://ardenmarket.com.tr/fibril-islak-mendil-bebek-90-li.html,https://ardenmarket.com.tr/media/catalog/product/cache/af204314a7b8c0f9bb1d3072a30a2454/2/0/203509.jpg
Bebek,Fibril Islak Mendil Gül 90'lı,"₺29,95",https://ardenmarket.com.tr/fibril-islak-mendil-gul-90-li.html,https://ardenmarket.com.tr/media/catalog/product/cache/af204314a7b8c0f9bb1d3072a30a2454/2/0/203657.jpg
Bebek,Uni Baby Bebek Şampuanı 900 Ml,"₺249,95",https://ardenmarket.com.tr/uni-baby-bebek-sampuani-900-ml.html,https://ardenmarket.com.tr/media/catalog/product/cache/af204314a7b8c0f9bb1d3072a30a2454/2/0/203169.jpg
Bebek,Bebem Natural Bebek Bezi Junıor 80'li,"₺519,95",https://ardenmarket.com.tr/bebem-natural-bebek-bezi-junior-80-li.html,https://ardenmarket.com.tr/media/catalog/product/cache/af204314a7b8c0f9bb1d3072a30a2454/2/0/205062.jpg
Bebek,Ultra Fırsat Paket 4 No 104'lü,"₺519,95",https://ardenmarket.com.tr/bebem-natural-ultra-firsat-paket-4-no-104-lu.html,https://ardenmarket.com.tr/media/catalog/product/cache/af204314a7b8c0f9bb1d3072a30a2454/2/0/205061.jpg
Bebek,Bez Bebek No:6 Ekstra Large 64'lü,"₺519,95",https://ardenmarket.com.tr/bebem-natural-bebek-bezi-no-6-ekstra-large-64-lu.html,https://ardenmarket.com.tr/media/catalog/product/cache/af204314a7b8c0f9bb1d3072a30a2454/2/0/205063.jpg
Bebek,Happy Life Organik İrmik Unu 300 Gr,"₺54,95",https://ardenmarket.com.tr/happy-life-organik-bebek-irmigi-300-gr.html,https://ardenmarket.com.tr/media/catalog/product/cache/af204314a7b8c0f9bb1d3072a30a2454/f/o/formatwebp_12_.png
Bebek,Arı Mama 12 Vitaminli 6 Mineralli Sütlü Pirinç Unu 500 Gr,"₺159,95",https://ardenmarket.com.tr/ari-mama-12-vitaminli-6-mineralli-sutlu-pirinc-unu-500-gr.html,https://ardenmarket.com.tr/media/catalog/product/cache/af204314a7b8c0f9bb1d3072a30a2454/a/r/ar_mama_12_vitaminli_6_mineralli_s_tl_pirin_unu_500_gr.png
Bebek,Bebelac Ballı Ve Irmikli Kaşık Maması 250 Gr,"₺179,95",https://ardenmarket.com.tr/bebelac-balli-ve-irmikli-kasik-mamasi-250-gr.html,https://ardenmarket.com.tr/media/catalog/product/cache/af204314a7b8c0f9bb1d3072a30a2454/1/1/110956-1.jpg
Bebek,Dalin Kremli Şampuan 200 Ml,"₺129,95",https://ardenmarket.com.tr/dalin-kremli-sampuan-200-ml.html,https://ardenmarket.com.tr/media/catalog/product/cache/af204314a7b8c0f9bb1d3072a30a2454/1/0/100719-1.jpg
Bebek,Dalin Bebek Sabunu 100 Gr,"₺64,95",https://ardenmarket.com.tr/dalin-bebek-sabunu-100-gr.html,https://ardenmarket.com.tr/media/catalog/product/cache/af204314a7b8c0f9bb1d3072a30a2454/1/0/100717-1.jpg
Bebek,Dalin Klasik Şampuan 500 Ml,"₺189,95",https://ardenmarket.com.tr/dalin-klasik-sampuan-500-ml.html,https://ardenmarket.com.tr/media/catalog/product/cache/af204314a7b8c0f9bb1d3072a30a2454/1/0/100707-1.jpg
Bebek,Wee Baby Wee Silikon Burun Aspiratörü,"₺229,95",https://ardenmarket.com.tr/wee-baby-wee-silikon-burun-aspiratoru.html,https://ardenmarket.com.tr/media/catalog/product/cache/af204314a7b8c0f9bb1d3072a30a2454/1/0/101194-1.jpg
Bebek,Bebem Bebek Bezi Natural Fırsat Paketi Beden:6 (15+Kg) Ekstra Large 32 Adet,"₺289,95",https://ardenmarket.com.tr/bebem-bebek-bezi-natural-firsat-paketi-beden-6-15-kg-ekstra-large-32-adet.html,https://ardenmarket.com.tr/media/catalog/product/cache/af204314a7b8c0f9bb1d3072a30a2454/8/6/8690536831982.png
Bebek,Bebem Bebek Bezi Natural Fırsat Paketi Beden:4 (7-14Kg) Maxi 48 Adet,"₺289,95",https://ardenmarket.com.tr/bebem-bebek-bezi-natural-firsat-paketi-beden-4-7-14kg-maxi-48-adet.html,https://ardenmarket.com.tr/media/catalog/product/cache/af204314a7b8c0f9bb1d3072a30a2454/b/e/bebem_natural_firsat_paket_maxi_48_li.jpg
Bebek,Bebem Bebek Bezi Natural Fırsat Paketi Beden:3 (4-9Kg) Midi 56 Adet,"₺289,95",https://ardenmarket.com.tr/bebem-bebek-bezi-natural-firsat-paketi-beden-3-4-9kg-midi-56-adet.html,https://ardenmarket.com.tr/media/catalog/product/cache/af204314a7b8c0f9bb1d3072a30a2454/b/e/bebem_natural_firsat_paket_midi_56_li.jpg
Bebek,Bebem Natural Fırsat Paketi Mini 68 Adet 2 Numara,"₺289,95",https://ardenmarket.com.tr/bebem-natural-firsat-paketi-mini-68-adet-2-numara.html,https://ardenmarket.com.tr/media/catalog/product/cache/af204314a7b8c0f9bb1d3072a30a2454/b/e/bebem_natural_f_rsat_paketi_mini_68_adet_2_numara.png
Bebek,Ülker Bebek Bisküvisi 172 Gr,"₺45,00",https://ardenmarket.com.tr/ulker-bebek-biskuvisi-172-gr.html,https://ardenmarket.com.tr/media/catalog/product/cache/af204314a7b8c0f9bb1d3072a30a2454/_/l/_lker_bebek_bisk_visi_172_gr.jpg
Bebek,Ülker Bebek Bisküvisi 400 Gr,"₺89,00",https://ardenmarket.com.tr/ulker-bebek-biskuvisi-400-gr.html,https://ardenmarket.com.tr/media/catalog/product/cache/af204314a7b8c0f9bb1d3072a30a2454/_/l/_lker_bebek_bisk_visi_400_gr.jpg
Bebek,Sleepy Naturel İkili Jumbo Midi (1) Yeni Doğan 64 lü,"₺219,95",https://ardenmarket.com.tr/sleepy-naturel-ikili-jumbo-midi-1.html,https://ardenmarket.com.tr/media/catalog/product/cache/af204314a7b8c0f9bb1d3072a30a2454/1/9/196033.jpg
Bebek,Prima Premcare Yenidoğan Paket 33 Lu,"₺499,95",https://ardenmarket.com.tr/prima-premcare-yenidogan-paket-43-lu.html,https://ardenmarket.com.tr/media/catalog/product/cache/af204314a7b8c0f9bb1d3072a30a2454/p/r/prima-bebek-bezi-premium-care-1.png
Bebek,Prima Premcare Mini No:2 30 lu,"₺499,95",https://ardenmarket.com.tr/prima-premcare-mini-37-li.html,https://ardenmarket.com.tr/media/catalog/product/cache/af204314a7b8c0f9bb1d3072a30a2454/e/f/ef559d35eb4aa5f8ea87a883322b4bf7.png
Bebek,Prima Premcare Midi No:3 26 lı,"₺499,95",https://ardenmarket.com.tr/prima-premcare-midi-32-li.html,https://ardenmarket.com.tr/media/catalog/product/cache/af204314a7b8c0f9bb1d3072a30a2454/8/2/826d5972304682e2a7b7b4f17dd93732.png
Bebek,Prima Premcare Maxi 4 No 23 lü,"₺499,95",https://ardenmarket.com.tr/prima-premcare-maxi-28-li.html,https://ardenmarket.com.tr/media/catalog/product/cache/af204314a7b8c0f9bb1d3072a30a2454/p/r/prima-premium-care-4-numara-maxi.png
Bebek,Prima Premcare Junior Paket 5 No 19 lu,"₺499,95",https://ardenmarket.com.tr/prima-premcare-junior-paket.html,https://ardenmarket.com.tr/media/catalog/product/cache/af204314a7b8c0f9bb1d3072a30a2454/p/r/prima-bebek-bezi-premium-care-5.png
Bebek,Prima Fırsat Paketi 8 Numara,"₺799,95",https://ardenmarket.com.tr/prima-firsat-paketi-8-numara.html,https://ardenmarket.com.tr/media/catalog/product/cache/af204314a7b8c0f9bb1d3072a30a2454/1/9/195624.jpg
Bebek,Molfix Ultra Fırsat Midi 112'li,"₺549,95",https://ardenmarket.com.tr/bebek/bebek-bezi/molfix-ultra-firsat-midi-112-li.html,https://ardenmarket.com.tr/media/catalog/product/cache/af204314a7b8c0f9bb1d3072a30a2454/m/o/molfix_ultra_firsat_midi_112_li.jpg
Bebek,Molfix Ultra Fırsat Maxi 100'lü,"₺549,95",https://ardenmarket.com.tr/bebek/bebek-bezi/molfix-ultra-firsat-maxi-100-lu.html,https://ardenmarket.com.tr/media/catalog/product/cache/af204314a7b8c0f9bb1d3072a30a2454/m/o/molfix_ultra_f_rsat_maxi_100_l_.jpg
Bebek,Molfix Ultra Fırsat Junior Bebek Bezi 5 Numara 78 'lİ,"₺549,95",https://ardenmarket.com.tr/bebek/bebek-bezi/molfix-ultra-firsat-junior-bebek-bezi-5-numara-78-li.html,https://ardenmarket.com.tr/media/catalog/product/cache/af204314a7b8c0f9bb1d3072a30a2454/m/o/molfix_ultra_f_rsat_junior_bebek_bezi_5_numara_78_l_.jpg
Bebek,Molfix Extra Large Ultra Fırsat 6 Numara 62 Adet Bebek Bezi,"₺549,95",https://ardenmarket.com.tr/molfix-extra-large-ultra-firsat-6-numara-62-adet-bebek-bezi.html,https://ardenmarket.com.tr/media/catalog/product/cache/af204314a7b8c0f9bb1d3072a30a2454/m/o/molfix_extra_large_6_numara_62_adet_bebek_bezi.jpg
Bebek,Bebelac Gold 3 350 Gr,"₺489,90",https://ardenmarket.com.tr/bebek/bebek-beslenme/bebelac-gold-3-350-gr.html,https://ardenmarket.com.tr/media/catalog/product/cache/af204314a7b8c0f9bb1d3072a30a2454/b/e/bebelac_gold_3_350_gr.jpg
Bebek,Bebelac 2 Devam Sütü 400 Gr,"₺399,95",https://ardenmarket.com.tr/bebek/bebek-beslenme/bebelac-2-devam-sutu-400-gr.html,https://ardenmarket.com.tr/media/catalog/product/cache/af204314a7b8c0f9bb1d3072a30a2454/b/e/bebelac_2_devam_s_t_400_gr.jpg
Bebek,Bebelac Gold 2 350 Gr Devam Sütü,"₺489,90",https://ardenmarket.com.tr/bebek/bebek-beslenme/bebelac-gold-2-350-gr-devam-sutu.html,https://ardenmarket.com.tr/media/catalog/product/cache/af204314a7b8c0f9bb1d3072a30a2454/b/e/bebelac_gold_2_350_gr.jpg
Bebek,Bebelac 1 Devam Sütü 400 Gr 0-6 Ay,"₺399,95",https://ardenmarket.com.tr/bebek/bebek-beslenme/bebelac-1-devam-sutu-400-gr-0-6-ay.html,https://ardenmarket.com.tr/media/catalog/product/cache/af204314a7b8c0f9bb1d3072a30a2454/b/e/bebelac_1_400_gr.jpg
Bebek,Bebelac Devam Sütü 3 400 Gr,"₺399,95",https://ardenmarket.com.tr/bebek/bebek-beslenme/bebelac-devam-sutu-3-400-gr.html,https://ardenmarket.com.tr/media/catalog/product/cache/af204314a7b8c0f9bb1d3072a30a2454/b/e/bebelac_devam_s_t_3_400_gr.jpg
Bebek,Bebelac 4 Devam Sütü 400 Gr,"₺399,95",https://ardenmarket.com.tr/bebek/bebek-beslenme/bebelac-4-devam-sutu-400-gr.html,https://ardenmarket.com.tr/media/catalog/product/cache/af204314a7b8c0f9bb1d3072a30a2454/b/e/bebelac_4_devam_s_t_400_gr.jpg
Bebek,Bebelac Gold 1 Bebek Sütü 350 Gr 0-6 Ay,"₺489,90",https://ardenmarket.com.tr/bebek/bebek-beslenme/bebelac-gold-1-bebek-sutu-350-gr-0-6-ay.html,https://ardenmarket.com.tr/media/catalog/product/cache/af204314a7b8c0f9bb1d3072a30a2454/b/e/bebelac_gold_1_bebek_s_t_350_gr_0-6_ay.jpg
Bebek,Hipp 1 Organik Keçi Sütü Bazlı Bebek Sütü 400 Gr,"₺679,95",https://ardenmarket.com.tr/hipp-1-organik-keci-sutu-bazli-bebek-sutu-400-gr.html,https://ardenmarket.com.tr/media/catalog/product/cache/af204314a7b8c0f9bb1d3072a30a2454/h/_/h_pp_1_organ_k_kec_sutu_bazl_bebek_sutu_400_gr.jpg
Bebek,Hipp 1 Organik Combiotic Bebek Sütü 350 Gr,"₺629,95",https://ardenmarket.com.tr/bebek/bebek-beslenme/hipp-1-organik-combiotic-bebek-sutu-350-gr.html,https://ardenmarket.com.tr/media/catalog/product/cache/af204314a7b8c0f9bb1d3072a30a2454/h/_/h_pp_1_organ_k_comb_ot_c_bebek_sutu_350_gr.jpg
Bebek,Hipp 2 Organik Combiotic Devam Sütü 350 Gr,"₺629,95",https://ardenmarket.com.tr/hipp-2-organik-combiotic-devam-sutu-350-gr.html,https://ardenmarket.com.tr/media/catalog/product/cache/af204314a7b8c0f9bb1d3072a30a2454/h/_/h_pp_2_organ_k_comb_ot_c_devam_sutu_350_gr.jpg
Bebek,Hipp 3 Organic Combiotic Devam Sütü 350 Gr,"₺629,95",https://ardenmarket.com.tr/hipp-3-organic-combiotic-devam-sutu-350-gr.html,https://ardenmarket.com.tr/media/catalog/product/cache/af204314a7b8c0f9bb1d3072a30a2454/h/i/hipp_3_organic_combiotic_devam_s_t_350_gr.jpg
Bebek,Hipp Organik İyi Geceler Sütlü Yulaf Elma Tahıl Bazlı Ek Gıda 250 Gr,"₺199,95",https://ardenmarket.com.tr/hipp-organik-iyi-geceler-sutlu-yulaf-elma-tahil-bazli-ek-gida-250-gr.html,https://ardenmarket.com.tr/media/catalog/product/cache/af204314a7b8c0f9bb1d3072a30a2454/h/i/hipp-organik-iyi-geceler-yulaf-elma-250-gr-900x900.jpg
Bebek,Hipp Organik İyi Geceler Yulaflı Elmalı Ek Gıda 250 Gr,"₺199,95",https://ardenmarket.com.tr/hipp-organik-iyi-geceler-yulafli-elmali-ek-gida-250-gr.html,https://ardenmarket.com.tr/media/catalog/product/cache/af204314a7b8c0f9bb1d3072a30a2454/h/_/h_pp_organ_k_iy_geceler_sutlu_elmal_tah_l_bazl_ek_g_da_250_gr.jpg
Bebek,Hipp Organik Pirinçli Tahıl Bazlı Ek Gıda 200 Gr,"₺179,95",https://ardenmarket.com.tr/hipp-organik-pirincli-tahil-bazli-ek-gida-200-gr.html,https://ardenmarket.com.tr/media/catalog/product/cache/af204314a7b8c0f9bb1d3072a30a2454/h/i/hipp_organik_pirin_li_tah_l_bazl_ek_g_da_200_gr.jpg
Bebek,Hipp Organik 5 Tahıllı Kaşık Maması 200 Gr,"₺179,95",https://ardenmarket.com.tr/hipp-organik-5-tahilli-kasik-mamasi-200-gr.html,https://ardenmarket.com.tr/media/catalog/product/cache/af204314a7b8c0f9bb1d3072a30a2454/h/i/hipp_organik_5_tah_ll_ka_k_mamas_200_g.jpg
Bebek,Hipp Organik Elma Ve Muz Püresi 190 Gr,"₺99,95",https://ardenmarket.com.tr/hipp-organik-elma-ve-muz-puresi-190-gr.html,https://ardenmarket.com.tr/media/catalog/product/cache/af204314a7b8c0f9bb1d3072a30a2454/h/i/hipp_organik_elma_ve_muz_p_resi_190_g.jpg
Bebek,Hipp Organik Sebze Karışımı 125 Gr,"₺89,95",https://ardenmarket.com.tr/hipp-organik-sebze-karisimi-125-gr.html,https://ardenmarket.com.tr/media/catalog/product/cache/af204314a7b8c0f9bb1d3072a30a2454/h/i/hipp_organik_sebze_kar_m_125_gr.jpg
Bebek,Hipp Organik Yabanmersinli Elma Püresı 125 Gr,"₺79,95",https://ardenmarket.com.tr/hipp-organik-yabanmersinli-elma-puresi-125-gr.html,https://ardenmarket.com.tr/media/catalog/product/cache/af204314a7b8c0f9bb1d3072a30a2454/d/c/dcd2afde92_hipp-organik-yaban-me.png
Bebek,Aptamil 1 Akıllı Kutu Bebek Sütü 350 Gr,"₺599,95",https://ardenmarket.com.tr/bebek/bebek-beslenme/aptamil-1-akilli-kutu-bebek-sutu-350-gr.html,https://ardenmarket.com.tr/media/catalog/product/cache/af204314a7b8c0f9bb1d3072a30a2454/a/p/aptamil_1_ak_ll_kutu_bebek_s_t_350_gr.jpg
Bebek,Aptamil 4 Akıllı Kutu Bebek Sütü 350 Gr,"₺599,95",https://ardenmarket.com.tr/bebek/bebek-beslenme/aptamil-4-akilli-kutu-bebek-sutu-350-gr.html,https://ardenmarket.com.tr/media/catalog/product/cache/af204314a7b8c0f9bb1d3072a30a2454/a/p/aptamil_4_ak_ll_kutu_bebek_s_t_350_gr.jpg
Bebek,Aptamil 2 Akıllı Kutu Bebek Sütü 350 Gr,"₺599,95",https://ardenmarket.com.tr/bebek/bebek-beslenme/aptamil-2-akilli-kutu-bebek-sutu-350-gr.html,https://ardenmarket.com.tr/media/catalog/product/cache/af204314a7b8c0f9bb1d3072a30a2454/a/p/aptamil_2_ak_ll_kutu_bebek_s_t_350_gr.jpg
Bebek,Aptamil 3 Akıllı Kutu Bebek Sütü 350 Gr,"₺599,95",https://ardenmarket.com.tr/bebek/bebek-beslenme/aptamil-3-akilli-kutu-bebek-sutu-350-gr.html,https://ardenmarket.com.tr/media/catalog/product/cache/af204314a7b8c0f9bb1d3072a30a2454/a/p/aptamil_3_ak_ll_kutu_bebek_s_t_350_gr.jpg
Bebek,Afia Bebe Bisküvisi Vitamin Katkılı 150 Gr,"₺60,00",https://ardenmarket.com.tr/afia-bebe-biskuvisi-vitamin-katkili-150-gr.html,https://ardenmarket.com.tr/media/catalog/product/cache/af204314a7b8c0f9bb1d3072a30a2454/a/f/afia_bebe_bisk_visi_vitamin_katk_l_150_gr_1.jpg
Bebek,Bebem Naturel Ultra Advantage 4 No Maxi 7-14 Kg 90 Adet,"₺499,95",https://ardenmarket.com.tr/bebem-naturel-ultra-advantage-4-no-maxi-7-14-kg-90-adet.html,https://ardenmarket.com.tr/media/catalog/product/cache/af204314a7b8c0f9bb1d3072a30a2454/1/_/1_org_zoom_4__1.png
Bebek,Eti Cicibebe Bisküvi 700 Gr,"₺165,50",https://ardenmarket.com.tr/eti-cicibebe-biskuvi-700-gr.html,https://ardenmarket.com.tr/media/catalog/product/cache/af204314a7b8c0f9bb1d3072a30a2454/7/0/7010274-897adf-1650x1650.png
Bebek,Mendix Islak Mendil Kapaklı 90'lı,"₺29,95",https://ardenmarket.com.tr/mendix-islak-mendil-kapakli-90-li.html,https://ardenmarket.com.tr/media/catalog/product/cache/af204314a7b8c0f9bb1d3072a30a2454/m/e/mendix-islak.jpg
Bebek,Hero Baby Sütlü Peynirli Pekmezli 8 Tahıllı 200 g,"₺154,95",https://ardenmarket.com.tr/bebek/bebek-beslenme/hero-baby-sutlu-peynirli-pekmezli-8-tahilli-200-g.html,https://ardenmarket.com.tr/media/catalog/product/cache/af204314a7b8c0f9bb1d3072a30a2454/h/e/hero-baby-peynir-pekmez.jpg
Bebek,Barbie Oyun Hamuru 4x100 g,"₺149,95",https://ardenmarket.com.tr/barbie-oyun-hamuru-4x100-g.html,https://ardenmarket.com.tr/media/catalog/product/cache/af204314a7b8c0f9bb1d3072a30a2454/b/a/barbie-oyunhamuru.jpg
Bebek,Fisher Price Oyun Hamuru 4x100 g,"₺149,95",https://ardenmarket.com.tr/fisher-price-oyun-hamuru-4x100-g.html,https://ardenmarket.com.tr/media/catalog/product/cache/af204314a7b8c0f9bb1d3072a30a2454/f/i/fisherprice-oyunhamuru.jpg
Bebek,Hot Wheels Oyun Hamuru 4x100 g,"₺149,95",https://ardenmarket.com.tr/hot-wheels-oyun-hamuru-4x100-g.html,https://ardenmarket.com.tr/media/catalog/product/cache/af204314a7b8c0f9bb1d3072a30a2454/h/o/hotwheels-oyunhamuru.jpg
Bebek,Hünnap Keçi Sütlü Bebe Bisküvisi 400 g,"₺149,95",https://ardenmarket.com.tr/hunnap-keci-sutlu-bebe-biskuvisi-400-g.html,https://ardenmarket.com.tr/media/catalog/product/cache/af204314a7b8c0f9bb1d3072a30a2454/h/u/hunnap-bebe.jpg
Bebek,Agarta Doğal Şampuan Kız Çocuklarına Özel Bakım 400 ml,"₺199,95",https://ardenmarket.com.tr/agarta-dogal-sampuan-kiz-cocuklarina-ozel-bakim-400-ml.html,https://ardenmarket.com.tr/media/catalog/product/cache/af204314a7b8c0f9bb1d3072a30a2454/a/g/agarta-kiz.jpg
Bebek,Molfix İzotonik Sulu Mendil Yenidoğan 3x50'li,"₺179,95",https://ardenmarket.com.tr/molfix-izotonik-sulu-mendil-yenidogan-3x50-li.html,https://ardenmarket.com.tr/media/catalog/product/cache/af204314a7b8c0f9bb1d3072a30a2454/m/o/molfix-yenidogan-islak.jpg
Bebek,Molfix İzotonik Sulu Ferah Temizlik Islak Mendil 3x60'lı,"₺179,95",https://ardenmarket.com.tr/molfix-izotonik-sulu-ferah-temizlik-islak-mendil-3x60-adet.html,https://ardenmarket.com.tr/media/catalog/product/cache/af204314a7b8c0f9bb1d3072a30a2454/m/o/molfix-izotonik-3x60.jpg
Bebek,Dalin Sıvı Çamaşır Deterjanı 1500 ml,"₺379,95",https://ardenmarket.com.tr/dalin-sivi-camasir-deterjani-1500-ml.html,https://ardenmarket.com.tr/media/catalog/product/cache/af204314a7b8c0f9bb1d3072a30a2454/1/_/1_org_zoom_2__2.png
Bebek,Molfix Bebek Bakım Örtüsü 10'lu 60x60 cm,"₺179,95",https://ardenmarket.com.tr/molfix-bebek-bakim-ortusu-10-lu-60x60-cm.html,https://ardenmarket.com.tr/media/catalog/product/cache/af204314a7b8c0f9bb1d3072a30a2454/m/o/molfix-bebek-bezi.jpg
Bebek,Canbebe Bebek Bakım Örtüsü 10'lu 60x60 cm,"₺119,95",https://ardenmarket.com.tr/canbebe-bebek-bakim-ortusu-10-lu.html,https://ardenmarket.com.tr/media/catalog/product/cache/af204314a7b8c0f9bb1d3072a30a2454/c/a/canbebe-bakim-ortusu.jpg
Bebek,Zet Zeka Surakarta Zeka Oyunu,"₺720,00",https://ardenmarket.com.tr/zet-zeka-surakarta-zeka-oyunu.html,https://ardenmarket.com.tr/media/catalog/product/cache/af204314a7b8c0f9bb1d3072a30a2454/z/e/zetzeka-surakarta.jpg
Bebek,Sleepy Sensitive Kapaklı Islak Mendil/Havlu 90’lı,"₺49,95",https://ardenmarket.com.tr/sleepy-sensitive-kapakli-islak-mendil-havlu-90-li.html,https://ardenmarket.com.tr/media/catalog/product/cache/af204314a7b8c0f9bb1d3072a30a2454/s/l/sleepy-islak.jpg
Bebek,Barbie Baseball Mini Figürler,"₺149,95",https://ardenmarket.com.tr/barbie-baseball-mini-figurler.html,https://ardenmarket.com.tr/media/catalog/product/cache/af204314a7b8c0f9bb1d3072a30a2454/b/a/barbie-baseboll.jpg
Bebek,Hot Wheels Tekli Metal Araba,"₺159,95",https://ardenmarket.com.tr/hot-wheels-49-merc-tekli-metal-araba.html,https://ardenmarket.com.tr/media/catalog/product/cache/af204314a7b8c0f9bb1d3072a30a2454/h/o/hotwheels-1.png
Bebek,Arı Mama Kahvaltı 12 Vitaminli 250 g,"₺84,95",https://ardenmarket.com.tr/ari-mama-12-vitaminli-kahvalti-250-g.html,https://ardenmarket.com.tr/media/catalog/product/cache/af204314a7b8c0f9bb1d3072a30a2454/a/r/ari-mama-2.jpg
Bebek,Arı Mama Gece 12 Vitaminli 250 g,"₺84,95",https://ardenmarket.com.tr/ari-mama-12-vitaminli-gece-250-g.html,https://ardenmarket.com.tr/media/catalog/product/cache/af204314a7b8c0f9bb1d3072a30a2454/a/r/ari-mama.jpg
Bebek,Aptamil 4 Bebek Devam Sütü 800 g,"₺1.199,95",https://ardenmarket.com.tr/aptamil-4-bebek-devam-sutu-800-g.html,https://ardenmarket.com.tr/media/catalog/product/cache/af204314a7b8c0f9bb1d3072a30a2454/a/p/aptamil-4-bebek-sutu.jpg
Bebek,Aptamil 3 Bebek Devam Sütü 800 g,"₺1.199,95",https://ardenmarket.com.tr/aptamil-3-bebek-devam-sutu-800-g.html,https://ardenmarket.com.tr/media/catalog/product/cache/af204314a7b8c0f9bb1d3072a30a2454/a/p/aptamil-3-bebek-sutu.jpg
Bebek,Aptamil 2 Bebek Devam Sütü 800 g,"₺1.199,95",https://ardenmarket.com.tr/aptamil-2-bebek-devam-sutu-800-g.html,https://ardenmarket.com.tr/media/catalog/product/cache/af204314a7b8c0f9bb1d3072a30a2454/a/p/aptamil-2-bebek-sutu.jpg
Bebek,Aptamil 1 Bebek Sütü 800 g,"₺1.199,95",https://ardenmarket.com.tr/aptamil-1-bebek-sutu-800-g.html,https://ardenmarket.com.tr/media/catalog/product/cache/af204314a7b8c0f9bb1d3072a30a2454/a/p/aptamil-1-bebek-sutu.jpg
Bebek,Prima Bebek Bezi Yeni Bebek 2 Beden 72 Adet Yenidoğan Fırsat Paketi,"₺599,95",https://ardenmarket.com.tr/prima-yenidogan-firsat-paketi-72-li.html,https://ardenmarket.com.tr/media/catalog/product/cache/af204314a7b8c0f9bb1d3072a30a2454/p/r/prima-yenidogan72.jpg
Bebek,Prima Bebek Bezi Aktif Bebek 3 Beden 70 Adet Midi Fırsat Paketi,"₺799,95",https://ardenmarket.com.tr/prima-midi-3-firsat-paketi-bebek-bezi-aktif-bebek-70-li.html,https://ardenmarket.com.tr/media/catalog/product/cache/af204314a7b8c0f9bb1d3072a30a2454/p/r/prima_bebek_bezi_aktif_bebek_3_beden_62_adet_midi_f_rsat_paketi.png
Bebek,Uni Baby Bebek Şampuanı 700 ml,"₺199,95",https://ardenmarket.com.tr/uni-baby-sampuan-700-ml.html,https://ardenmarket.com.tr/media/catalog/product/cache/af204314a7b8c0f9bb1d3072a30a2454/u/n/uni-baby_1.jpg
Bebek,Dalin Sıvı Yumuşatıcı Düş Bahçesi 1500 ml,"₺219,95",https://ardenmarket.com.tr/dalin-sivi-yumusatici-dus-bahcesi-1500-ml.html,https://ardenmarket.com.tr/media/catalog/product/cache/af204314a7b8c0f9bb1d3072a30a2454/d/a/dalin-yumusatici.jpg
Bebek,Activex Antibakteriyel Islak Havlu Hassas 3x15'li,"₺69,95",https://ardenmarket.com.tr/activex-antibakteriyel-islak-havlu-hassas-3x15-li.html,https://ardenmarket.com.tr/media/catalog/product/cache/af204314a7b8c0f9bb1d3072a30a2454/a/x/axtivex-islak-havlu.jpg
Bebek,Molfix İzotonik Sulu Islak Mendil Ferah Temizlik 60'lı,"₺69,95",https://ardenmarket.com.tr/molfix-izotonik-sulu-islak-mendil-ferah-temizlik-60-adet.html,https://ardenmarket.com.tr/media/catalog/product/cache/af204314a7b8c0f9bb1d3072a30a2454/m/o/molfix-izotonik2.jpg
Bebek,Molfix İzotonik Sulu Islak Mendil Yenidoğan 50'li,"₺69,95",https://ardenmarket.com.tr/molfix-izotonik-sulu-islak-mendil-yenidogan-50-li.html,https://ardenmarket.com.tr/media/catalog/product/cache/af204314a7b8c0f9bb1d3072a30a2454/m/o/molfix-izotonik.jpg
Bebek,Dalin Daisy Bebek Kolonyası 150 ml,"₺129,95",https://ardenmarket.com.tr/dalin-daisy-bebek-kolonyasi-150-ml.html,https://ardenmarket.com.tr/media/catalog/product/cache/af204314a7b8c0f9bb1d3072a30a2454/d/a/dalin-kolonya-1.jpg
Bebek,Uni Baby Yenidoğan Islak Pamuk Mendil 3'lü,"₺219,95",https://ardenmarket.com.tr/uni-baby-yenidogan-islak-pamuk-mendil-3-lu.html,https://ardenmarket.com.tr/media/catalog/product/cache/af204314a7b8c0f9bb1d3072a30a2454/u/n/uni-baby.jpg
Bebek,Happy Life Organik Baharatsız Tarhana 250 g,"₺129,95",https://ardenmarket.com.tr/happy-life-organik-bebek-tarhanasi-250-g.html,https://ardenmarket.com.tr/media/catalog/product/cache/af204314a7b8c0f9bb1d3072a30a2454/1/_/1_org_zoom_66_.png
Bebek,Milupa Organik Sütlaç Kavanoz 125 g,"₺84,95",https://ardenmarket.com.tr/milupa-organik-sutlac-kavanoz-125-g.html,https://ardenmarket.com.tr/media/catalog/product/cache/af204314a7b8c0f9bb1d3072a30a2454/m/i/milupa-4.jpg
Bebek,Milupa Organik Şeftali Elma Kavanoz 125 g,"₺84,95",https://ardenmarket.com.tr/milupa-organik-seftali-elma-kavanoz-125-g.html,https://ardenmarket.com.tr/media/catalog/product/cache/af204314a7b8c0f9bb1d3072a30a2454/m/i/milupa-3.jpg
Bebek,Milupa Organik Kayısı Muz Kavanoz 125 g,"₺84,95",https://ardenmarket.com.tr/milupa-organik-kayisi-muz-kavanoz-125-g.html,https://ardenmarket.com.tr/media/catalog/product/cache/af204314a7b8c0f9bb1d3072a30a2454/m/i/milupa-2.jpg
Bebek,Bebelac Sültaç Kavanoz 125 g,"₺59,95",https://ardenmarket.com.tr/bebelac-sultac-kavanoz-125-g.html,https://ardenmarket.com.tr/media/catalog/product/cache/af204314a7b8c0f9bb1d3072a30a2454/b/e/bebelac-6.jpg
Bebek,Bebelac Şeftali Elma Püresi Kavanoz 125 g,"₺59,95",https://ardenmarket.com.tr/bebelac-seftali-elma-puresi-kavanoz-125-g.html,https://ardenmarket.com.tr/media/catalog/product/cache/af204314a7b8c0f9bb1d3072a30a2454/b/e/bebelac-5.jpg
Bebek,Bebelac Havuç Elma Püresi Kavanoz 125 g,"₺59,95",https://ardenmarket.com.tr/bebelac-havuc-elma-puresi-kavanoz-125-g.html,https://ardenmarket.com.tr/media/catalog/product/cache/af204314a7b8c0f9bb1d3072a30a2454/b/e/bebelac-3.jpg
Bebek,Bebelac Elma Armut Püresi Kavanoz 125 g,"₺59,95",https://ardenmarket.com.tr/bebelac-elma-armut-puresi-kavanoz-125-g.html,https://ardenmarket.com.tr/media/catalog/product/cache/af204314a7b8c0f9bb1d3072a30a2454/b/e/bebelac-2.jpg
Bebek,Agarta Doğal Bakım Çocuk Şampuanı 400 ml,"₺199,95",https://ardenmarket.com.tr/agarta-dogal-bakim-cocuk-sampuani-400-ml.html,https://ardenmarket.com.tr/media/catalog/product/cache/af204314a7b8c0f9bb1d3072a30a2454/a/g/agarta_dogal_bakim_cocuk_sampuani_400_ml.jpg
Bebek,Prima Islak Havlu Temiz ve Ferah 52 Yaprak Tekli Paket,"₺159,95",https://ardenmarket.com.tr/prima-islak-havlu-pampers-52-li-fresh.html,https://ardenmarket.com.tr/media/catalog/product/placeholder/default/ardenmarket_placeholder.jpg
Bebek,Arı Sütlü Muzlu Mama 12 Vitaminli 250 g,"₺84,95",https://ardenmarket.com.tr/ari-mama-12-vitaminli-250-gr-muzlu.html,https://ardenmarket.com.tr/media/catalog/product/cache/af204314a7b8c0f9bb1d3072a30a2454/a/r/ar_s_tl_muzlu_mama_250_g.jpg
Bebek,Arı Sütlü Mama 12 Vitaminli Sade 250 g,"₺84,95",https://ardenmarket.com.tr/ari-mama-12-vitaminli-250-gr-sade.html,https://ardenmarket.com.tr/media/catalog/product/cache/af204314a7b8c0f9bb1d3072a30a2454/a/r/ar_s_tl_mama_250_g.jpg
Bebek,Eti Cicibebe Vitaminli Bisküvi 172 g,"₺52,00",https://ardenmarket.com.tr/eti-cicibebe-172-gr-vitaminli.html,https://ardenmarket.com.tr/media/catalog/product/cache/af204314a7b8c0f9bb1d3072a30a2454/e/t/eti_cicibebe_vitaminli_bisk_vi_172_g.jpg
Bebek,Eti Cicibebe Bisküvi Ekonomik Paket 400 g,"₺96,50",https://ardenmarket.com.tr/eti-cicibebe-400gr-eko.html,https://ardenmarket.com.tr/media/catalog/product/cache/af204314a7b8c0f9bb1d3072a30a2454/e/t/eti_cicibebe_bisk_vi_ekonomik_paket_400_g_1.jpg
Bebek,Dalin Şampuan Klasik 100 ml,"₺69,95",https://ardenmarket.com.tr/dalin-sampuan-100-ml.html,https://ardenmarket.com.tr/media/catalog/product/cache/af204314a7b8c0f9bb1d3072a30a2454/d/a/dalin_ampuan_klasik_100_ml.jpg
Bebek,Agarta Bebek Sabunu 150 g,"₺109,95",https://ardenmarket.com.tr/agarta-bebek-sabunu-150-g.html,https://ardenmarket.com.tr/media/catalog/product/cache/af204314a7b8c0f9bb1d3072a30a2454/a/g/agarta_dogal_cilt_bak.sabunu_150_gr_bebek.png
Bebek,Agarta Diş Macunu Çocuk 75 ml,"₺179,95",https://ardenmarket.com.tr/agarta-dis-macunu-cocuk-75-ml.html,https://ardenmarket.com.tr/media/catalog/product/cache/af204314a7b8c0f9bb1d3072a30a2454/d/o/dogal-cocuk-dis-macunu-cilekli-7.png
Bebek,Dalin Şampuan 700 ml,"₺219,95",https://ardenmarket.com.tr/dalin-sampuan-700-ml.html,https://ardenmarket.com.tr/media/catalog/product/cache/af204314a7b8c0f9bb1d3072a30a2454/d/a/dal_n_ampuan_700_ml.jpg
Bebek,Dalin Bebek Şampuanı 200 ml,"₺119,95",https://ardenmarket.com.tr/dalin-sampuan-200-ml.html,https://ardenmarket.com.tr/media/catalog/product/cache/af204314a7b8c0f9bb1d3072a30a2454/d/a/dal_n_ampuan_200_ml.jpg
Bebek,Ülker Bebe Sütlü Bisküvi 800 g,"₺170,00",https://ardenmarket.com.tr/ulker-bebe-800-g.html,https://ardenmarket.com.tr/media/catalog/product/cache/af204314a7b8c0f9bb1d3072a30a2454/u/l/ulker_cicibebe.png
Bebek,Dalin Bebek Şampuanı 900 ml,"₺269,95",https://ardenmarket.com.tr/dalin-sampuan-900-ml.html,https://ardenmarket.com.tr/media/catalog/product/cache/af204314a7b8c0f9bb1d3072a30a2454/d/a/dalin-900ml_1.jpg
Bebek,Prima Bebek Bezi Aktif Bebek 7 Beden 34 Adet XX Large Fırsat Paketi,"₺799,95",https://ardenmarket.com.tr/prima-firsat-paketi-extra-large-7.html,https://ardenmarket.com.tr/media/catalog/product/cache/af204314a7b8c0f9bb1d3072a30a2454/p/r/prima-54lu-5.jpg
Bebek,Prima Bebek Bezi Aktif Bebek 6 Beden 40 Adet Ekstra Large Fırsat Paketi,"₺799,95",https://ardenmarket.com.tr/prima-firsat-paketi-extra-large-6.html,https://ardenmarket.com.tr/media/catalog/product/cache/af204314a7b8c0f9bb1d3072a30a2454/p/r/prima-54lu-3.jpg
Bebek,Prima Bebek Bezi Aktif Bebek 4 Beden 54 Adet Maxi Fırsat Paketi,"₺799,95",https://ardenmarket.com.tr/prima-firsat-paketi-maxi-4.html,https://ardenmarket.com.tr/media/catalog/product/cache/af204314a7b8c0f9bb1d3072a30a2454/p/r/prima-54lu.jpg
Bebek,Prima Bebek Bezi Aktif Bebek 5 Beden 46 Adet Junior Fırsat Paketi,"₺799,95",https://ardenmarket.com.tr/prima-firsat-paketi-junior-5.html,https://ardenmarket.com.tr/media/catalog/product/cache/af204314a7b8c0f9bb1d3072a30a2454/p/r/prima5beden46.jpg
Bebek,Hero Baby Maması Kavanoz Karışık Meyve Ve Yulaflı 120 Gr,"₺49,95",https://ardenmarket.com.tr/hero-baby-mamasi-kavanoz-karisik-meyve-ve-yulafli-120-gr.html,https://ardenmarket.com.tr/media/catalog/product/cache/af204314a7b8c0f9bb1d3072a30a2454/2/4/245170879_1707334660626_org_iwztykfwshrd5jgy.jpg
Bebek,Hero Baby Organik Şeftali Muz Püreli Kavanoz Maması 125 Gr,"₺49,95",https://ardenmarket.com.tr/hero-baby-organik-seftali-muz-pureli-kavanoz-mamasi-125-gr.html,https://ardenmarket.com.tr/media/catalog/product/cache/af204314a7b8c0f9bb1d3072a30a2454/4/4/4489454_1707336700404_org_namo1zvgn0m49x2y.jpg
Bebek,Uni Baby Bebek Bakım Yağı 200 ml,"₺179,95",https://ardenmarket.com.tr/uni-baby-bebek-bakim-yagi-200-ml.html,https://ardenmarket.com.tr/media/catalog/product/cache/af204314a7b8c0f9bb1d3072a30a2454/8/7/8796508454962_1565336904915.png
Bebek,Sleepy Natural Bebek Bezi 5 Numara Jumbo Junior 40'ıi,"₺219,95",https://ardenmarket.com.tr/sleepy-natural-bebek-bezi-5-numara-jumbo-junior-48-li.html,https://ardenmarket.com.tr/media/catalog/product/cache/af204314a7b8c0f9bb1d3072a30a2454/8/8/8841921364018_1655123360765_1.png
Bebek,Wee Baby Klasik Plus Geniş Ağızlı Kulplu Biberon 250 ml,"₺179,95",https://ardenmarket.com.tr/wee-baby-klasik-plus-genis-agizli-kulplu-biberon-250-ml.html,https://ardenmarket.com.tr/media/catalog/product/cache/af204314a7b8c0f9bb1d3072a30a2454/w/e/wee_baby_klasik_plus_geni_a_zl_kulplu_biberon_250_ml.png
Bebek,Wee Baby Mini Bardak Set,"₺219,95",https://ardenmarket.com.tr/wee-baby-mini-bardak-set.html,https://ardenmarket.com.tr/media/catalog/product/cache/af204314a7b8c0f9bb1d3072a30a2454/w/e/wee_baby_mini_bardak_set.png
Bebek,Wee Baby Silikon Yoğun Akış Biberon Emziği,"₺169,95",https://ardenmarket.com.tr/wee-baby-silikon-yogun-akis-biberon-emzigi.html,https://ardenmarket.com.tr/media/catalog/product/cache/af204314a7b8c0f9bb1d3072a30a2454/w/e/wee_baby_silikon_yo_un_ak_biberon_emzi_i.png
Bebek,Wee Baby Klasik Plus Geniş Ağızlı Kulplu Pp Biberon 150 ml,"₺169,95",https://ardenmarket.com.tr/wee-baby-klasik-plus-genis-agizli-kulplu-pp-biberon-150-ml.html,https://ardenmarket.com.tr/media/catalog/product/cache/af204314a7b8c0f9bb1d3072a30a2454/w/e/wee_baby_klasik_plus_geni_a_zl_kulplu_pp_biberon_150_ml.png
Bebek,Wee Baby Silikon Biberon Emziği Yoğun Akış No 3,"₺169,95",https://ardenmarket.com.tr/wee-baby-silikon-biberon-emzigi-yogun-akis-no-3.html,https://ardenmarket.com.tr/media/catalog/product/cache/af204314a7b8c0f9bb1d3072a30a2454/w/e/wee_baby_silikon_biberon_emzi_i_yo_un_ak_no_3.png
Bebek,Wee Baby Geniş Ağızlı Biberon Emziği 6-18ay,"₺169,95",https://ardenmarket.com.tr/wee-baby-genis-agizli-biberon-emzigi-6-18ay.html,https://ardenmarket.com.tr/media/catalog/product/cache/af204314a7b8c0f9bb1d3072a30a2454/w/e/wee_baby_geni_a_zl_biberon_emzi_i_6-18ay.png
Bebek,Can Toys Oyuncak Resimli Aks.Kova /,"₺129,95",https://ardenmarket.com.tr/can-toys-oyuncak-resimli-aks-kova.html,https://ardenmarket.com.tr/media/catalog/product/cache/af204314a7b8c0f9bb1d3072a30a2454/c/a/can_toys_oyuncak_resimli_aks.kova.png
Bebek,Sleepy Natural Bebek Bezi 3 Numara Midi 68'li,"₺219,95",https://ardenmarket.com.tr/sleepy-natural-bebek-bezi-3-numara-midi-56-li.html,https://ardenmarket.com.tr/media/catalog/product/cache/af204314a7b8c0f9bb1d3072a30a2454/1/9/195523.jpg
Bebek,Hero Baby Elmalı Şeftalili Organik 120 g,"₺69,95",https://ardenmarket.com.tr/hero-baby-organik-elma-seftali-120-gr.html,https://ardenmarket.com.tr/media/catalog/product/cache/af204314a7b8c0f9bb1d3072a30a2454/_/l/_lker_hero_baby_elmal_eftalili_organik_120_g.jpg
Evcil Hayvan Urunleri,Beaks 3'lü Meyveli Muhabbet Krakeri,"₺49,95",https://ardenmarket.com.tr/beaks-3-lu-meyveli-muhabbet-krakeri.html,https://ardenmarket.com.tr/media/catalog/product/cache/af204314a7b8c0f9bb1d3072a30a2454/b/e/beaks_3_l_meyveli_muhabbet_krakeri.png
Evcil Hayvan Urunleri,Beaks Ballı Muhabbet Krakeri 3'lü,"₺49,95",https://ardenmarket.com.tr/beaks-balli-muhabbet-krakeri-3-lu.html,https://ardenmarket.com.tr/media/catalog/product/cache/af204314a7b8c0f9bb1d3072a30a2454/b/e/beaks_ball_muhabbet_krakeri_3_l_.jpg
Evcil Hayvan Urunleri,Beaks Eco Feeder Profesyonel Akıllı Yemlik,"₺99,95",https://ardenmarket.com.tr/beaks-eco-feeder-profesyonel-akilli-yemlik.html,https://ardenmarket.com.tr/media/catalog/product/cache/af204314a7b8c0f9bb1d3072a30a2454/b/e/beak_s_eco_feeder_profesyonel_ak_ll_yemlik.jpg
Evcil Hayvan Urunleri,Beaks Kalsiyumlu Gaga Taşı 2'Li,"₺44,95",https://ardenmarket.com.tr/beaks-kalsiyumlu-gaga-tasi-2-li.html,https://ardenmarket.com.tr/media/catalog/product/cache/af204314a7b8c0f9bb1d3072a30a2454/b/e/beaks_kalsiyumlu_gaga_ta_2_li.jpg
Evcil Hayvan Urunleri,Beaks Karışık Muhabbet Kuşu Yemi 750 Gr,"₺134,95",https://ardenmarket.com.tr/beaks-karisik-muhabbet-kusu-yemi-750-gr.html,https://ardenmarket.com.tr/media/catalog/product/cache/af204314a7b8c0f9bb1d3072a30a2454/b/e/beaks_kar_k_muhabbet_ku_u_yemi_750_gr.jpg
Evcil Hayvan Urunleri,Beaks Kumlu Kuş Tüneği,"₺49,95",https://ardenmarket.com.tr/beaks-kumlu-kus-tunegi.html,https://ardenmarket.com.tr/media/catalog/product/cache/af204314a7b8c0f9bb1d3072a30a2454/b/e/beaks_kumlu_ku_t_ne_i.jpg
Evcil Hayvan Urunleri,Beaks Kuş Kumu Grit 200 Gr,"₺74,95",https://ardenmarket.com.tr/beaks-kus-kumu-grit-200-gr.html,https://ardenmarket.com.tr/media/catalog/product/cache/af204314a7b8c0f9bb1d3072a30a2454/2/4/245662276_1722524873083_org_jg8f6a9z9z4f7jte.jpg
Evcil Hayvan Urunleri,Beaks Meyveli Muhabbet Krakeri 10'lu,"₺89,95",https://ardenmarket.com.tr/beaks-meyveli-muhabbet-krakeri-10-lu.html,https://ardenmarket.com.tr/media/catalog/product/cache/af204314a7b8c0f9bb1d3072a30a2454/b/e/beaks_meyveli_muhabbet_krakeri_10_lu.jpg
Evcil Hayvan Urunleri,Beaks Meyveli Muhabbet Yemi 400 Gr,"₺69,95",https://ardenmarket.com.tr/beaks-meyveli-muhabbet-yemi-400-gr.html,https://ardenmarket.com.tr/media/catalog/product/cache/af204314a7b8c0f9bb1d3072a30a2454/b/e/beaks_meyveli_muhabbet_yemi_400_gr.jpg
Evcil Hayvan Urunleri,Beaks Muhabbet Ballı Kraker 10'lu,"₺99,95",https://ardenmarket.com.tr/beaks-muhabbet-balli-kraker-10-lu.html,https://ardenmarket.com.tr/media/catalog/product/cache/af204314a7b8c0f9bb1d3072a30a2454/b/e/beaks_muhabbet_ball_kraker_10_lu.jpg
Evcil Hayvan Urunleri,Beaks Muhabbet Kuşları İçin Ballı Kraker 90 Gr 3 Lü,"₺59,95",https://ardenmarket.com.tr/beaks-muhabbet-kuslari-icin-balli-kraker-90-gr-3-lu.html,https://ardenmarket.com.tr/media/catalog/product/cache/af204314a7b8c0f9bb1d3072a30a2454/2/4/245245054_1707335539507_org_r5hzvccu44kkxkm7.jpg
Evcil Hayvan Urunleri,Beaks Muhabbet Kuşları İçin Meyve Aromalı Kraker 90 Gr 3 Lü,"₺59,95",https://ardenmarket.com.tr/beaks-muhabbet-kuslari-icin-meyve-aromali-kraker-90-gr-3-lu.html,https://ardenmarket.com.tr/media/catalog/product/cache/af204314a7b8c0f9bb1d3072a30a2454/2/4/245245057_1707332223934_org_44hs6uksv1ge7kou.jpg
Evcil Hayvan Urunleri,Beaks Muhabbet Kuşu Yemi 750 Gr,"₺134,95",https://ardenmarket.com.tr/beaks-muhabbet-kusu-yemi-750-gr.html,https://ardenmarket.com.tr/media/catalog/product/cache/af204314a7b8c0f9bb1d3072a30a2454/b/e/beaks_muhabbet_ku_u_yemi_750_gr.jpg
Evcil Hayvan Urunleri,Beaks Muhabbet Yemi 400 Gr,"₺69,95",https://ardenmarket.com.tr/beaks-muhabbet-yemi-400-gr.html,https://ardenmarket.com.tr/media/catalog/product/cache/af204314a7b8c0f9bb1d3072a30a2454/b/e/beaks_muhabbet_yemi_400_gr.jpg
Evcil Hayvan Urunleri,Beaks Paraket Yemi 500 Gr,"₺79,95",https://ardenmarket.com.tr/beaks-paraket-yemi-500-gr.html,https://ardenmarket.com.tr/media/catalog/product/cache/af204314a7b8c0f9bb1d3072a30a2454/b/e/beaks_paraket_yemi_500_gr.jpg
Evcil Hayvan Urunleri,Bird Lover Mix Muhabbet Kuş Yemi 300 Gr,"₺39,95",https://ardenmarket.com.tr/bird-lover-mix-muhabbet-kus-yemi-300-gr.html,https://ardenmarket.com.tr/media/catalog/product/cache/af204314a7b8c0f9bb1d3072a30a2454/b/i/bird_lover_mix_muhabbet_ku_yemi.png
Evcil Hayvan Urunleri,Bird Muhabbet Kuş Yemi 300 gr,"₺39,95",https://ardenmarket.com.tr/bird-muhabbet-kus-yemi-300-gr.html,https://ardenmarket.com.tr/media/catalog/product/cache/af204314a7b8c0f9bb1d3072a30a2454/b/i/bird_muhabbet_ku_yemi_300_gr_1.png
Evcil Hayvan Urunleri,Catty Bistro Healthy 60 Gr,"₺59,95",https://ardenmarket.com.tr/catty-bistro-healthy-60-gr.html,https://ardenmarket.com.tr/media/catalog/product/cache/af204314a7b8c0f9bb1d3072a30a2454/2/4/245987658_1754989798615_org_mzqjuhbj5a3zuxtx.jpg
Evcil Hayvan Urunleri,Catty Bistro Sakinleşme Etkili Kuzu Etli Ve Kızılcıklı 60 Gr,"₺59,95",https://ardenmarket.com.tr/catty-bistro-sakinlesme-etkili-kuzu-etli-ve-kizilcikli-60-gr.html,https://ardenmarket.com.tr/media/catalog/product/cache/af204314a7b8c0f9bb1d3072a30a2454/2/4/246116459_1763394965382_org_du6txciwjixry188.jpg
Evcil Hayvan Urunleri,Catty Bistro Sakinleşme Kuzulu Kızılcıklı Calmness 60 Gr,"₺59,95",https://ardenmarket.com.tr/catty-bistro-sakinlesme-kuzulu-kizilcikli-calmness-60-gr.html,https://ardenmarket.com.tr/media/catalog/product/cache/af204314a7b8c0f9bb1d3072a30a2454/2/4/246065646_1760104484188_org_mcquqrlblis8jxjn.jpg
Evcil Hayvan Urunleri,Catty Bistro Strılısed 60 Gr,"₺59,95",https://ardenmarket.com.tr/catty-bistro-strilised-60-gr.html,https://ardenmarket.com.tr/media/catalog/product/cache/af204314a7b8c0f9bb1d3072a30a2454/2/4/245987657_1754989894956_org_5oocoblsxfzbymtv.jpg
Evcil Hayvan Urunleri,Catty Catty Sterilised Somonlu Kısırlaştırılmış Kedi Maması 1.5 Kg,"₺349,95",https://ardenmarket.com.tr/catty-catty-sterilised-somonlu-kisirlastirilmis-kedi-mamasi-1-5-kg.html,https://ardenmarket.com.tr/media/catalog/product/cache/af204314a7b8c0f9bb1d3072a30a2454/2/4/245911797_1746186625846_org_ntj6qe4vl83uq10l.jpg
Evcil Hayvan Urunleri,Catty Kedı Kumu Aktif Karbonlu 5 Lt,"₺159,95",https://ardenmarket.com.tr/catty-kedi-kumu-aktif-karbonlu-5-lt.html,https://ardenmarket.com.tr/media/catalog/product/cache/af204314a7b8c0f9bb1d3072a30a2454/2/4/245870665_1741961974832_org_83ojbajxwrjxmanh.jpg
Evcil Hayvan Urunleri,Catty Kedi Kumu Baby Powder 5 Lt,"₺139,95",https://ardenmarket.com.tr/catty-kedi-kumu-baby-powder-5-lt.html,https://ardenmarket.com.tr/media/catalog/product/cache/af204314a7b8c0f9bb1d3072a30a2454/2/4/245870676_1741962002934_org_c2jlfebhzvw4izrz.jpg
Evcil Hayvan Urunleri,Catty Kedi Kumu Lavanta Kokulu 5 Lt,"₺139,95",https://ardenmarket.com.tr/catty-kedi-kumu-lavanta-kokulu-5-lt.html,https://ardenmarket.com.tr/media/catalog/product/cache/af204314a7b8c0f9bb1d3072a30a2454/2/4/245870685_1741961986335_org_uvgvzoyg8nlmlfap.jpg
Evcil Hayvan Urunleri,Catty Kedi Kumu Marsılya Sabun Kokulu 5 Lt,"₺139,95",https://ardenmarket.com.tr/catty-kedi-kumu-marsilya-sabun-kokulu-5-lt.html,https://ardenmarket.com.tr/media/catalog/product/cache/af204314a7b8c0f9bb1d3072a30a2454/2/4/245870681_1741961981807_org_akwanylle1ifkpfa.jpg
Evcil Hayvan Urunleri,Catty Kedi Maması Kısırlaştırılmış Somonlu 500 Gr,"₺139,95",https://ardenmarket.com.tr/catty-kedi-mamasi-kisirlastirilmis-somonlu-500-gr.html,https://ardenmarket.com.tr/media/catalog/product/cache/af204314a7b8c0f9bb1d3072a30a2454/2/4/245870967_1741965231754_org_6ojeaz8yygzwrasc.jpg
Evcil Hayvan Urunleri,Catty Kedı Maması Kısırlaştırılmış Tavuklu 1.5 Kg,"₺349,95",https://ardenmarket.com.tr/catty-kedi-mamasi-kisirlastirilmis-tavuklu-1-5-kg.html,https://ardenmarket.com.tr/media/catalog/product/cache/af204314a7b8c0f9bb1d3072a30a2454/2/4/245871178_1741968157567_org_273z8w8cowi4sal3.jpg
Evcil Hayvan Urunleri,Catty Kedi Maması Yavru Tavuklu 1.5 Kg,"₺409,95",https://ardenmarket.com.tr/catty-kedi-mamasi-yavru-tavuklu-1-5-kg.html,https://ardenmarket.com.tr/media/catalog/product/cache/af204314a7b8c0f9bb1d3072a30a2454/2/4/245871176_1741967973872_org_bpws2rqicfhmuf5v.jpg
Evcil Hayvan Urunleri,Catty Kedi Maması Yavru Tavuklu 500 Gr,"₺159,95",https://ardenmarket.com.tr/catty-kedi-mamasi-yavru-tavuklu-500-gr.html,https://ardenmarket.com.tr/media/catalog/product/cache/af204314a7b8c0f9bb1d3072a30a2454/2/4/245870966_1741965239242_org_lk7q7x3avhiagz0r.jpg
Evcil Hayvan Urunleri,"Catty Kedı Maması Yetıskın Kuzu Etli 1,5 Kg","₺349,95",https://ardenmarket.com.tr/catty-kedi-mamasi-yetiskin-kuzu-etli-1-5-kg.html,https://ardenmarket.com.tr/media/catalog/product/cache/af204314a7b8c0f9bb1d3072a30a2454/2/4/245871218_1742191205694_org_vkkpoblrjik1rufp.jpg
Evcil Hayvan Urunleri,Catty Kedi Maması Yetişkin Kuzu Etli 500 Gr,"₺139,95",https://ardenmarket.com.tr/catty-kedi-mamasi-yetiskin-kuzu-etli-500-gr.html,https://ardenmarket.com.tr/media/catalog/product/cache/af204314a7b8c0f9bb1d3072a30a2454/2/4/245870970_1741965235231_org_mkkwdf71m5cyzpgs.jpg
Evcil Hayvan Urunleri,Catty Kedi Maması Yetişkin Somonlu 500 Gr,"₺139,95",https://ardenmarket.com.tr/catty-kedi-mamasi-yetiskin-somonlu-500-gr.html,https://ardenmarket.com.tr/media/catalog/product/cache/af204314a7b8c0f9bb1d3072a30a2454/2/4/245870717_1741962254486_org_np6yfei8fz51yyn8.jpg
Evcil Hayvan Urunleri,"Catty Kedı Maması Yetıskın Tavuklu 1,5 Kg","₺349,95",https://ardenmarket.com.tr/catty-kedi-mamasi-yetiskin-tavuklu-1-5-kg.html,https://ardenmarket.com.tr/media/catalog/product/cache/af204314a7b8c0f9bb1d3072a30a2454/2/4/245871217_1742191207504_org_0dmulfdscgwxlkbz.jpg
Evcil Hayvan Urunleri,Catty Kedi Maması Yetişkin Tavuklu 500 Gr,"₺139,95",https://ardenmarket.com.tr/catty-kedi-mamasi-yetiskin-tavuklu-500-gr.html,https://ardenmarket.com.tr/media/catalog/product/cache/af204314a7b8c0f9bb1d3072a30a2454/2/4/245870722_1741962369835_org_wugpavor4ijoj2jt.jpg
Evcil Hayvan Urunleri,Catty Tavuklu Yavru Kedi Maması 1 Kg,"₺169,95",https://ardenmarket.com.tr/catty-tavuklu-yavru-kedi-mamasi-1-kg.html,https://ardenmarket.com.tr/media/catalog/product/cache/af204314a7b8c0f9bb1d3072a30a2454/c/a/catty_tavuklu_yavru_kedi_mamas_1.png
Evcil Hayvan Urunleri,Chuck Balıklı Kedi Yaş Mama 100 Gr,"₺34,95",https://ardenmarket.com.tr/chuck-balikli-kedi-yas-mama-100-gr.html,https://ardenmarket.com.tr/media/catalog/product/cache/af204314a7b8c0f9bb1d3072a30a2454/c/h/chuck_bal_kl_kedi_ya_mama_100_gr.png
Evcil Hayvan Urunleri,Chuck Biftekli Kedi Yaş Mama 100 Gr,"₺34,95",https://ardenmarket.com.tr/chuck-biftekli-kedi-yas-mama-100-gr.html,https://ardenmarket.com.tr/media/catalog/product/cache/af204314a7b8c0f9bb1d3072a30a2454/c/h/chuck_biftekli_kedi_ya_mama_100_gr.png
Evcil Hayvan Urunleri,Chuck Hindi Etli Kısır Kedi Yaş Mama 100 Gr,"₺34,95",https://ardenmarket.com.tr/chuck-hindi-etli-kisir-kedi-yas-mama-100-gr.html,https://ardenmarket.com.tr/media/catalog/product/cache/af204314a7b8c0f9bb1d3072a30a2454/c/h/chuck_hindi_etli_k_s_r_kedi_ya_mama_100_gr.png
Evcil Hayvan Urunleri,Chuck Kuzu Etli Kedi Yaş Mama 100 Gr,"₺34,95",https://ardenmarket.com.tr/chuck-kuzu-etli-kedi-yas-mama-100-gr.html,https://ardenmarket.com.tr/media/catalog/product/cache/af204314a7b8c0f9bb1d3072a30a2454/c/h/chuck_kuzu_etli_kedi_ya_mama_100_gr.png
Evcil Hayvan Urunleri,Chuck Tavuklu Kedi Yaş Maması 100 Gr,"₺34,95",https://ardenmarket.com.tr/chuck-tavuklu-kedi-yas-mamasi-100-gr.html,https://ardenmarket.com.tr/media/catalog/product/cache/af204314a7b8c0f9bb1d3072a30a2454/2/4/245401322_1707334264078_org.png
Evcil Hayvan Urunleri,Chuck Tavuklu Yavru Kedi Yaş Mama 100 Gr,"₺34,95",https://ardenmarket.com.tr/chuck-tavuklu-yavru-kedi-yas-mama-100-gr.html,https://ardenmarket.com.tr/media/catalog/product/cache/af204314a7b8c0f9bb1d3072a30a2454/c/h/chuck_tavuklu_yavru_kedi_ya_mama_100_gr.png
Evcil Hayvan Urunleri,Dreamies Kıtır Ödül Tavuklu 60 Gr Turuncu,"₺79,95",https://ardenmarket.com.tr/dreamies-kitir-odul-tavuklu-60-gr-turuncu.html,https://ardenmarket.com.tr/media/catalog/product/cache/af204314a7b8c0f9bb1d3072a30a2454/d/r/dreamies_k_t_r_d_l_tavuklu_60_gr_turuncu.png
Evcil Hayvan Urunleri,Dreamies Biftek Somon Mix 60 Gr,"₺79,95",https://ardenmarket.com.tr/dreamies-biftek-somon-mix-60-gr.html,https://ardenmarket.com.tr/media/catalog/product/cache/af204314a7b8c0f9bb1d3072a30a2454/1/9/196289.jpg
Evcil Hayvan Urunleri,Dreamies Ödül Maması Ördekli 60 Gr,"₺79,95",https://ardenmarket.com.tr/dreamies-odul-mamasi-ordekli-60-gr.html,https://ardenmarket.com.tr/media/catalog/product/cache/af204314a7b8c0f9bb1d3072a30a2454/1/9/199860.jpg
Evcil Hayvan Urunleri,Dreamies Ödül Maması Peynirli 60 Gr,"₺79,95",https://ardenmarket.com.tr/dreamies-odul-mamasi-peynirli-60-gr.html,https://ardenmarket.com.tr/media/catalog/product/cache/af204314a7b8c0f9bb1d3072a30a2454/1/9/199859.jpg
Evcil Hayvan Urunleri,Dreamies Ödül Maması Somonlu Peynirli 60 Gr,"₺79,95",https://ardenmarket.com.tr/dreamies-odul-mamasi-somonlu-peynirli-60-gr.html,https://ardenmarket.com.tr/media/catalog/product/cache/af204314a7b8c0f9bb1d3072a30a2454/1/9/199861.jpg
Evcil Hayvan Urunleri,Dreamies Somonlu Kedi Ödül Maması 60 g,"₺79,95",https://ardenmarket.com.tr/dreamies-somonlu-kedi-odul-mamasi-60-g.html,https://ardenmarket.com.tr/media/catalog/product/cache/af204314a7b8c0f9bb1d3072a30a2454/s/o/somonl_kedimamasi.jpg
Evcil Hayvan Urunleri,Felix Kuzu Etli Kedi Maması 85 Gr,"₺37,95",https://ardenmarket.com.tr/felix-kuzu-etli-kedi-mamasi-85-gr.html,https://ardenmarket.com.tr/media/catalog/product/cache/af204314a7b8c0f9bb1d3072a30a2454/f/e/felix_kuzu_etli_kedi_mamas_85_gr.jpg
Evcil Hayvan Urunleri,Felix Maması Sensations Sığır Etli Pouch 85 Gr,"₺37,95",https://ardenmarket.com.tr/felix-mamasi-sensations-sigir-etli-pouch-85-gr.html,https://ardenmarket.com.tr/media/catalog/product/cache/af204314a7b8c0f9bb1d3072a30a2454/2/4/245010042_1707332386614_org_rkpm3lidaxrrbcbr.jpg
Evcil Hayvan Urunleri,Felix Sensations Tavuklu Havuçlu Pouch Yaş Mama 85 Gr,"₺37,95",https://ardenmarket.com.tr/felix-sensations-tavuklu-havuclu-pouch-yas-mama-85-gr.html,https://ardenmarket.com.tr/media/catalog/product/cache/af204314a7b8c0f9bb1d3072a30a2454/f/e/felix_sensations_tavuklu_havu_lu_pouch_ya_mama_85_gr.jpg
Evcil Hayvan Urunleri,Felix Ton Balıklı Kedi Yaş Mama 85 Gr,"₺37,95",https://ardenmarket.com.tr/felix-ton-balikli-kedi-yas-mama-85-gr.html,https://ardenmarket.com.tr/media/catalog/product/cache/af204314a7b8c0f9bb1d3072a30a2454/f/e/felix-tonlu-kedi-yas-mama-85-gr-e12-5e.jpg
Evcil Hayvan Urunleri,Felix Yaş Kedi Maması Sensation Somon & Karidesli 85 Gr,"₺37,95",https://ardenmarket.com.tr/felix-yas-kedi-mamasi-sensation-somon-karidesli-85-gr.html,https://ardenmarket.com.tr/media/catalog/product/cache/af204314a7b8c0f9bb1d3072a30a2454/2/4/245006824_1723636195385_org_uhocgad1groszodc.jpg
Evcil Hayvan Urunleri,Felix Yaş Kedi Maması Tavuk Etli 85 Gr,"₺37,95",https://ardenmarket.com.tr/felix-yas-kedi-mamasi-tavuk-etli-85-gr.html,https://ardenmarket.com.tr/media/catalog/product/cache/af204314a7b8c0f9bb1d3072a30a2454/f/e/felix_ya_kedi_mamas_tavuk_etli_8.png
Evcil Hayvan Urunleri,Felix Yavru Tavuk Etli Kedi Yaş Mama 85 Gr,"₺37,95",https://ardenmarket.com.tr/felix-yavru-tavuk-etli-kedi-yas-mama-85-gr.html,https://ardenmarket.com.tr/media/catalog/product/cache/af204314a7b8c0f9bb1d3072a30a2454/f/e/felix-yavru-tavuk-etli-kedi-yas.png
Evcil Hayvan Urunleri,Floki Kedı Maması Yetıskın Chıcken Tavuklu 1 Kg,"₺209,95",https://ardenmarket.com.tr/floki-kedi-mamasi-yetiskin-chicken-tavuklu-1-kg.html,https://ardenmarket.com.tr/media/catalog/product/cache/af204314a7b8c0f9bb1d3072a30a2454/f/l/floki_ked_mamas_yet_sk_n_ch_cken_tavuklu_1_kg.png
Evcil Hayvan Urunleri,Floki Kedı Maması Yetıskın Chıcken Tavuklu 500 Gr,"₺114,95",https://ardenmarket.com.tr/floki-kedi-mamasi-yetiskin-chicken-tavuklu-500-gr.html,https://ardenmarket.com.tr/media/catalog/product/cache/af204314a7b8c0f9bb1d3072a30a2454/f/l/floki_ked_mamas_yet_sk_n_ch_cken_tavuklu_500_gr.png
Evcil Hayvan Urunleri,Floki Kedı Maması Yetıskın Salmon Somonlu 1 Kg,"₺209,95",https://ardenmarket.com.tr/floki-kedi-mamasi-yetiskin-salmon-somonlu-1-kg.html,https://ardenmarket.com.tr/media/catalog/product/cache/af204314a7b8c0f9bb1d3072a30a2454/f/l/floki_ked_mamas_yet_sk_n_salmon_somonlu_1_kg.png
Evcil Hayvan Urunleri,Floki Kedı Maması Yetişkin Salmon Somonlu 500 Gr,"₺114,95",https://ardenmarket.com.tr/floki-kedi-mamasi-yetiskin-salmon-somonlu-500-gr.html,https://ardenmarket.com.tr/media/catalog/product/cache/af204314a7b8c0f9bb1d3072a30a2454/f/l/floki_ked_mamas_yeti_kin_salmon_somonlu_500_gr.png
Evcil Hayvan Urunleri,Floki Kitten Tavuklu Yavru Kedi Maması 1 Kg,"₺209,95",https://ardenmarket.com.tr/floki-kitten-tavuklu-yavru-kedi-mamasi-1-kg.html,https://ardenmarket.com.tr/media/catalog/product/cache/af204314a7b8c0f9bb1d3072a30a2454/f/l/floki_kitten_tavuklu_yavru_kedi_mamas_1_kg.png
Evcil Hayvan Urunleri,Floki Kitten Yavru Kedi Maması Tavuklu 500 Gr,"₺114,95",https://ardenmarket.com.tr/floki-kitten-yavru-kedi-mamasi-tavuklu-500-gr.html,https://ardenmarket.com.tr/media/catalog/product/cache/af204314a7b8c0f9bb1d3072a30a2454/f/l/floki_kitten_yavru_kedi_mamas_tavuklu_500_gr.png
Evcil Hayvan Urunleri,Floki Kuzulu Ve Pirinçli Yetişkin Köpek Maması 1 Kg,"₺144,95",https://ardenmarket.com.tr/floki-kuzulu-ve-pirincli-yetiskin-kopek-mamasi-1-kg.html,https://ardenmarket.com.tr/media/catalog/product/cache/af204314a7b8c0f9bb1d3072a30a2454/2/4/245848940_1748615446461_org_pozsqymdlwh0f2te.jpg
Evcil Hayvan Urunleri,Friskies Kedi Maması Somonlu 85 Gr,"₺34,95",https://ardenmarket.com.tr/friskies-kedi-mamasi-somonlu-85-gr.html,https://ardenmarket.com.tr/media/catalog/product/cache/af204314a7b8c0f9bb1d3072a30a2454/f/r/friskies_kedi_mamas_somonlu_85_gr.jpg
Evcil Hayvan Urunleri,Friskies Sığır Etli Pouch Kedi Yaş Mama 85 Gr,"₺34,95",https://ardenmarket.com.tr/friskies-sigir-etli-pouch-kedi-yas-mama-85-gr.html,https://ardenmarket.com.tr/media/catalog/product/cache/af204314a7b8c0f9bb1d3072a30a2454/f/r/friskies_s_r_etli_pouch_kedi_ya_mama_85_gr.jpg
Evcil Hayvan Urunleri,Friskies Tavuklu Kedi Maması 85 Gr,"₺34,95",https://ardenmarket.com.tr/friskies-tavuklu-kedi-mamasi-85-gr.html,https://ardenmarket.com.tr/media/catalog/product/cache/af204314a7b8c0f9bb1d3072a30a2454/f/r/friskies_tavuklu_kedi_mamas_85_gr.jpg
Evcil Hayvan Urunleri,Friskies Tavuklu Soslu Yaş Yavru Kedi Maması 85 Gr,"₺34,95",https://ardenmarket.com.tr/friskies-tavuklu-soslu-yas-yavru-kedi-mamasi-85-gr.html,https://ardenmarket.com.tr/media/catalog/product/cache/af204314a7b8c0f9bb1d3072a30a2454/f/r/friskies_tavuklu_soslu_ya_yavru_kedi_mamas_85_gr.jpg
Evcil Hayvan Urunleri,K.p Floki Yavru Kedi Sos Icinde Tavuklu 400 Gr,"₺64,95",https://ardenmarket.com.tr/k-p-floki-yavru-kedi-sos-icinde-tavuklu-400-gr.html,https://ardenmarket.com.tr/media/catalog/product/cache/af204314a7b8c0f9bb1d3072a30a2454/2/4/246104030_1762766163422_org_r9ybplzvo2b98lg7.jpg
Evcil Hayvan Urunleri,K.p Floki Yetiskin Kedi Sos Icinde Kuzu Eti 400 Gr,"₺64,95",https://ardenmarket.com.tr/k-p-floki-yetiskin-kedi-sos-icinde-kuzu-eti-400-gr.html,https://ardenmarket.com.tr/media/catalog/product/cache/af204314a7b8c0f9bb1d3072a30a2454/2/4/246104031_1762766168625_org_mor1xagclm3jdzew.jpg
Evcil Hayvan Urunleri,K.p Floki Yetiskin Kedi Sos Icinde Somonlu 400 Gr,"₺64,95",https://ardenmarket.com.tr/k-p-floki-yetiskin-kedi-sos-icinde-somonlu-400-gr.html,https://ardenmarket.com.tr/media/catalog/product/cache/af204314a7b8c0f9bb1d3072a30a2454/2/4/246104046_1762766399386_org_sxyaum5nexaow2d5.jpg
Evcil Hayvan Urunleri,K.p Floki Yetiskin Kedi Sos Icinde Tavuklu 400 Gr,"₺64,95",https://ardenmarket.com.tr/k-p-floki-yetiskin-kedi-sos-icinde-tavuklu-400-gr.html,https://ardenmarket.com.tr/media/catalog/product/cache/af204314a7b8c0f9bb1d3072a30a2454/2/4/246104032_1762766174362_org_x0mc5peywbj38lv4.jpg
Evcil Hayvan Urunleri,K.p Floki Yetiskin Kopek Sos Icinde Dana Eti 400 Gr,"₺64,95",https://ardenmarket.com.tr/k-p-floki-yetiskin-kopek-sos-icinde-dana-eti-400-gr.html,https://ardenmarket.com.tr/media/catalog/product/cache/af204314a7b8c0f9bb1d3072a30a2454/2/4/246119437_1763633552693_org_8dj0ijfhcvu1kmo0.jpg
Evcil Hayvan Urunleri,K.p Floki Yetiskin Kopek Sos Icinde Kuzu Eti 400 Gr,"₺64,95",https://ardenmarket.com.tr/k-p-floki-yetiskin-kopek-sos-icinde-kuzu-eti-400-gr.html,https://ardenmarket.com.tr/media/catalog/product/cache/af204314a7b8c0f9bb1d3072a30a2454/2/4/246102224_1762502065569_org_xs1bb8fqywigvrln.jpg
Evcil Hayvan Urunleri,Kum Kuzu Etli Kedi Maması 500 Gr,"₺89,95",https://ardenmarket.com.tr/kum-kuzu-etli-kedi-mamasi-500-gr.html,https://ardenmarket.com.tr/media/catalog/product/cache/af204314a7b8c0f9bb1d3072a30a2454/k/u/kum_kuzu_etli_kedi_mamas_500_gr.png
Evcil Hayvan Urunleri,Mio 1 kg Tavuklu Kedi Maması,"₺229,95",https://ardenmarket.com.tr/mio-1-kg-tavuklu-kedi-mamasi.html,https://ardenmarket.com.tr/media/catalog/product/cache/af204314a7b8c0f9bb1d3072a30a2454/m/i/mio_1_kg_tavuklu_kedi_mamas_.jpg
Evcil Hayvan Urunleri,Mio Bentonit Marsilya Sabunlu Kalın Taneli Kedi Kumu 10 Lt,"₺259,95",https://ardenmarket.com.tr/mio-bentonit-marsilya-sabunlu-kalin-taneli-kedi-kumu-10-lt.html,https://ardenmarket.com.tr/media/catalog/product/cache/af204314a7b8c0f9bb1d3072a30a2454/m/i/mio_bentonit_marsilya_sabunlu_kal_n_taneli_kedi_kumu_10_lt.jpg
Evcil Hayvan Urunleri,Mio Bentonit Pudralı Kalın Kedi Kumu 10 Lt,"₺259,95",https://ardenmarket.com.tr/mio-bentonit-pudrali-kalin-kedi-kumu-10-lt.html,https://ardenmarket.com.tr/media/catalog/product/cache/af204314a7b8c0f9bb1d3072a30a2454/m/i/mio-10-lt-pudra-kokulu-kalin-tan.png
Evcil Hayvan Urunleri,Mio Bentonit Pudralı Kedi Kumu 5 Lt,"₺144,95",https://ardenmarket.com.tr/mio-bentonit-pudrali-kedi-kumu-5-lt.html,https://ardenmarket.com.tr/media/catalog/product/cache/af204314a7b8c0f9bb1d3072a30a2454/k/e/kedi_kumu_mio_5_lt_1.png
Evcil Hayvan Urunleri,Mio Cat Dana Etli Ciğerli Kedi Konservesi 85 Gr,"₺54,95",https://ardenmarket.com.tr/mio-cat-dana-etli-cigerli-kedi-konservesi-85-gr.html,https://ardenmarket.com.tr/media/catalog/product/cache/af204314a7b8c0f9bb1d3072a30a2454/m/i/mio_cat_dana_etli_ci_erli_kedi_konservesi_85_gr.png
Evcil Hayvan Urunleri,Mio Cat Grass Kedi Çimi,"₺59,95",https://ardenmarket.com.tr/mio-cat-grass-kedi-cimi.html,https://ardenmarket.com.tr/media/catalog/product/cache/af204314a7b8c0f9bb1d3072a30a2454/k/_/k.p_mio_kedi_cimi.jpg
Evcil Hayvan Urunleri,Mio Dana Etli Kedi Yaş Maması 100 Gr,"₺34,95",https://ardenmarket.com.tr/mio-dana-etli-kedi-yas-mamasi-100-gr.html,https://ardenmarket.com.tr/media/catalog/product/cache/af204314a7b8c0f9bb1d3072a30a2454/m/i/mio_dana_etli_kedi_ya_mamas_100_gr.png
Evcil Hayvan Urunleri,Mio Dana Etli Püre Kedi Yaş Mama 100 Gr,"₺54,95",https://ardenmarket.com.tr/mio-dana-etli-pure-kedi-yas-mama-100-gr.html,https://ardenmarket.com.tr/media/catalog/product/cache/af204314a7b8c0f9bb1d3072a30a2454/m/i/mio_dana_etli_p_re_kedi_ya_mama_100_gr.png
Evcil Hayvan Urunleri,Mio Dana Etli Yetişkin Köpek Konservesi 415 Gr,"₺79,95",https://ardenmarket.com.tr/mio-dana-etli-yetiskin-kopek-konservesi-415-gr.html,https://ardenmarket.com.tr/media/catalog/product/cache/af204314a7b8c0f9bb1d3072a30a2454/m/i/mio_dana_etli_yeti_kin_k_pek_konservesi_415_gr.jpg
Evcil Hayvan Urunleri,Mio İkili Mama Kabı Büyük,"₺59,95",https://ardenmarket.com.tr/mio-ikili-mama-kabi-buyuk.html,https://ardenmarket.com.tr/media/catalog/product/cache/af204314a7b8c0f9bb1d3072a30a2454/m/i/mio_kili_mama_kab_b_y_k.jpg
Evcil Hayvan Urunleri,Mio İkili Plastik Mama Kabı Küçük,"₺44,95",https://ardenmarket.com.tr/mio-ikili-plastik-mama-kabi-kucuk.html,https://ardenmarket.com.tr/media/catalog/product/cache/af204314a7b8c0f9bb1d3072a30a2454/m/i/mio_kili_plastik_mama_kab_k_k.jpg
Evcil Hayvan Urunleri,Mio İşkembe Ve Kuzu Etli Püre Kedi Konservesi 85 Gr,"₺54,95",https://ardenmarket.com.tr/mio-iskembe-ve-kuzu-etli-pure-kedi-konservesi-85-gr.html,https://ardenmarket.com.tr/media/catalog/product/cache/af204314a7b8c0f9bb1d3072a30a2454/m/i/mio_kembe_ve_kuzu_etli_p_re_kedi_konservesi_85_gr.png
Evcil Hayvan Urunleri,Mio İşkembe Ve Kuzulu Yetişkin Kedi Konservesi 85 gr,"₺54,95",https://ardenmarket.com.tr/mio-iskembe-ve-kuzulu-yetiskin-kedi-konservesi-85-gr.html,https://ardenmarket.com.tr/media/catalog/product/cache/af204314a7b8c0f9bb1d3072a30a2454/m/i/mio_kembe_ve_kuzulu_yeti_kin_kedi_konservesi_85_gr.png
Evcil Hayvan Urunleri,Mio Kase Püre Balıklı Kedi Maması 100 Gr,"₺54,95",https://ardenmarket.com.tr/mio-kase-pure-balikli-kedi-mamasi-100-gr.html,https://ardenmarket.com.tr/media/catalog/product/cache/af204314a7b8c0f9bb1d3072a30a2454/m/i/mio_kase_p_re_bal_kl_kedi_mamas_100_gr.png
Evcil Hayvan Urunleri,Mio Kase Püre Kuzu Kedi Maması 100 Gr,"₺54,95",https://ardenmarket.com.tr/mio-kase-pure-kuzu-kedi-mamasi-100-gr.html,https://ardenmarket.com.tr/media/catalog/product/cache/af204314a7b8c0f9bb1d3072a30a2454/m/i/mio_kase_p_re_kuzu_kedi_mamas_100_gr_1.png
Evcil Hayvan Urunleri,Mio Kase Püre Tavuklu 100 Gr,"₺54,95",https://ardenmarket.com.tr/mio-kase-pure-tavuklu-100-gr.html,https://ardenmarket.com.tr/media/catalog/product/cache/af204314a7b8c0f9bb1d3072a30a2454/m/i/mio_kase_p_re_tavuklu_100_gr.png
Evcil Hayvan Urunleri,Mio Kedi Konserve Ciğer 415 Gr,"₺79,95",https://ardenmarket.com.tr/mio-kedi-konserve-ciger-415-gr.html,https://ardenmarket.com.tr/media/catalog/product/cache/af204314a7b8c0f9bb1d3072a30a2454/m/i/mio_kedi_konserve_ci_er_415_gr.jpg
Evcil Hayvan Urunleri,Mio Kedi Kulak Figürlü Kedi Mama Kabı,"₺29,95",https://ardenmarket.com.tr/mio-kedi-kulak-figurlu-kedi-mama-kabi.html,https://ardenmarket.com.tr/media/catalog/product/cache/af204314a7b8c0f9bb1d3072a30a2454/k/_/k.p_mio_kedi_kulakli_mama_kabi.jpg
Evcil Hayvan Urunleri,Mio Kedi Mama Kabı Tekli Yuvarlak Medium,"₺74,95",https://ardenmarket.com.tr/mio-kedi-mama-kabi-tekli-yuvarlak-medium.html,https://ardenmarket.com.tr/media/catalog/product/cache/af204314a7b8c0f9bb1d3072a30a2454/m/i/mio_kedi_mama_kab_tekli_yuvarlak_medium.jpg
Evcil Hayvan Urunleri,Mio Kedi Maması Kuzu Etli 1 Kg,"₺244,95",https://ardenmarket.com.tr/mio-kedi-mamasi-kuzu-etli-1-kg.html,https://ardenmarket.com.tr/media/catalog/product/cache/af204314a7b8c0f9bb1d3072a30a2454/m/i/mio_kedi_mamas_kuzu_etli_1_kg.jpg
Evcil Hayvan Urunleri,Mio Kedi Ödül Krema - Multivitamin Tavuklu 4x15 Gr,"₺79,95",https://ardenmarket.com.tr/mio-kedi-odul-krema-multivitamin-tavuklu-4x15-gr.html,https://ardenmarket.com.tr/media/catalog/product/cache/af204314a7b8c0f9bb1d3072a30a2454/m/i/mio_kedi_d_l_krema_-_multivitami.png
Evcil Hayvan Urunleri,Mio Kedi Ödül Krema - Somonlu 4x15 Gr,"₺79,95",https://ardenmarket.com.tr/mio-kedi-odul-krema-somonlu-4x15-gr.html,https://ardenmarket.com.tr/media/catalog/product/cache/af204314a7b8c0f9bb1d3072a30a2454/1/1/110000699355779_1.png
Evcil Hayvan Urunleri,Mio Kedi Ödül Krema Ciğerli 4x15 Gr,"₺79,95",https://ardenmarket.com.tr/mio-kedi-odul-krema-cigerli-4x15-gr.html,https://ardenmarket.com.tr/media/catalog/product/cache/af204314a7b8c0f9bb1d3072a30a2454/2/4/245611326_1715326352964_org.png
Evcil Hayvan Urunleri,Mio Kedi Ödülü Krema Tavuklu 4x15 Gr,"₺79,95",https://ardenmarket.com.tr/mio-kedi-odulu-krema-tavuklu-4x15-gr.html,https://ardenmarket.com.tr/media/catalog/product/cache/af204314a7b8c0f9bb1d3072a30a2454/1/1/110000699355780.png
Evcil Hayvan Urunleri,Mio Kitten Yavru Kedi Maması 415 Gr,"₺94,95",https://ardenmarket.com.tr/mio-kitten-yavru-kedi-mamasi-415-gr.html,https://ardenmarket.com.tr/media/catalog/product/cache/af204314a7b8c0f9bb1d3072a30a2454/m/i/mio-kedi-konserve-kitten-415-gr.png
Evcil Hayvan Urunleri,Mio Köpek Maması Kuzu Etli ve Pirinçli 1 Kg,"₺149,95",https://ardenmarket.com.tr/mio-kopek-mamasi-kuzu-etli-ve-pirincli-1-kg.html,https://ardenmarket.com.tr/media/catalog/product/cache/af204314a7b8c0f9bb1d3072a30a2454/m/i/mio_k_pek_mamas_kuzu_etli_ve_pirin_li_1_kg.jpg
Evcil Hayvan Urunleri,Mio Kuzu Etli Kedi Konservesi 415 Gr,"₺79,95",https://ardenmarket.com.tr/mio-kuzu-etli-kedi-konservesi-415-gr.html,https://ardenmarket.com.tr/media/catalog/product/cache/af204314a7b8c0f9bb1d3072a30a2454/m/i/mio_kuzu_etli_kedi_konservesi_415_gr.jpg
Evcil Hayvan Urunleri,Mio Kuzu Etli Kedi Yaş Mama 100 Gr,"₺34,95",https://ardenmarket.com.tr/mio-kuzu-etli-kedi-yas-mama-100-gr.html,https://ardenmarket.com.tr/media/catalog/product/cache/af204314a7b8c0f9bb1d3072a30a2454/m/i/mio_kuzu_etli_kedi_ya_mama_100_gr.png
Evcil Hayvan Urunleri,"Mio Kuzu Etli ve Pirinçli Yetişkin 2,5 Kg","₺369,95",https://ardenmarket.com.tr/mio-kuzu-etli-ve-pirincli-yetiskin-2-5-kg.html,https://ardenmarket.com.tr/media/catalog/product/cache/af204314a7b8c0f9bb1d3072a30a2454/m/i/mio_kuzu_etli_ve_pirin_li_k_pek_mamas_2_5_kg.jpg
Evcil Hayvan Urunleri,Mio Lavanta Bentonit Kedi Kumu 5 Lt,"₺144,95",https://ardenmarket.com.tr/mio-lavanta-bentonit-kedi-kumu-5-lt.html,https://ardenmarket.com.tr/media/catalog/product/cache/af204314a7b8c0f9bb1d3072a30a2454/m/i/mio_lavanta_bentonit_kedi_kumu_5_lt.jpg
Evcil Hayvan Urunleri,Mio Lavanta Kokulu Bentonit Kedi Kumu 10 Lt,"₺259,95",https://ardenmarket.com.tr/mio-lavanta-kokulu-bentonit-kedi-kumu-10-lt.html,https://ardenmarket.com.tr/media/catalog/product/cache/af204314a7b8c0f9bb1d3072a30a2454/m/i/mio_lavanta_kokulu_bentonit_kedi_kumu_10_lt.jpg
Evcil Hayvan Urunleri,Mio Puppy Tavuklu & Hindili Yavru Köpek Konserve Maması 415 Gr,"₺79,95",https://ardenmarket.com.tr/mio-puppy-tavuklu-hindili-yavru-kopek-konserve-mamasi-415-gr.html,https://ardenmarket.com.tr/media/catalog/product/cache/af204314a7b8c0f9bb1d3072a30a2454/m/i/mio-puppy-tavuk-ve-hindili-yavru.png
Evcil Hayvan Urunleri,Mio Somonlu Kedi Yaş Mama 100 Gr,"₺34,95",https://ardenmarket.com.tr/mio-somonlu-kedi-yas-mama-100-gr.html,https://ardenmarket.com.tr/media/catalog/product/cache/af204314a7b8c0f9bb1d3072a30a2454/m/i/mio_somonlu_kedi_ya_mama_100_gr.png
Evcil Hayvan Urunleri,Mio Steril (Kısır) Kedi Maması 1 Kg Balık,"₺264,95",https://ardenmarket.com.tr/mio-steril-kisir-kedi-mamasi-1-kg-balik.html,https://ardenmarket.com.tr/media/catalog/product/cache/af204314a7b8c0f9bb1d3072a30a2454/1/9/197877.jpg
Evcil Hayvan Urunleri,Mio Sterilised Tavşanlı 415 gr Kedi Konservesi,"₺89,95",https://ardenmarket.com.tr/mio-sterilised-tavsanli-415-gr-kedi-konservesi.html,https://ardenmarket.com.tr/media/catalog/product/cache/af204314a7b8c0f9bb1d3072a30a2454/m/i/mio_sterilised_tav_anl_415_gr_kedi_konservesi.jpg
Evcil Hayvan Urunleri,Mio Tavuklu Kedi Konservesi 415 Gr,"₺79,95",https://ardenmarket.com.tr/mio-tavuklu-kedi-konservesi-415-gr.html,https://ardenmarket.com.tr/media/catalog/product/cache/af204314a7b8c0f9bb1d3072a30a2454/m/i/mio_tavuklu_kedi_konservesi_415_gr.jpg
Evcil Hayvan Urunleri,Mio Tavuklu Ve Hindili Püre Kedi Konservesi 85 Gr,"₺54,95",https://ardenmarket.com.tr/mio-tavuklu-ve-hindili-pure-kedi-konservesi-85-gr.html,https://ardenmarket.com.tr/media/catalog/product/cache/af204314a7b8c0f9bb1d3072a30a2454/m/i/mio_tavuklu_ve_hindili_p_re_kedi_konservesi_85_gr.png
Evcil Hayvan Urunleri,Mio Tavuklu Yavru Kedi Maması 1 Kg,"₺264,95",https://ardenmarket.com.tr/mio-tavuklu-yavru-kedi-mamasi-1-kg.html,https://ardenmarket.com.tr/media/catalog/product/cache/af204314a7b8c0f9bb1d3072a30a2454/m/i/mio_tavuklu_yavru_kedi_mamas_1_kg.jpg
Evcil Hayvan Urunleri,Mio Tavuklu Yavru Kedi Yaş Mama 100 Gr,"₺34,95",https://ardenmarket.com.tr/mio-tavuklu-yavru-kedi-yas-mama-100-gr.html,https://ardenmarket.com.tr/media/catalog/product/cache/af204314a7b8c0f9bb1d3072a30a2454/m/i/mio_tavuklu_yavru_kedi_ya_mama_100_gr.png
Evcil Hayvan Urunleri,Mio Tavuklu Yetişkin Kedi Yaş Maması 100 Gr,"₺34,95",https://ardenmarket.com.tr/mio-tavuklu-yetiskin-kedi-yas-mamasi-100-gr.html,https://ardenmarket.com.tr/media/catalog/product/cache/af204314a7b8c0f9bb1d3072a30a2454/m/i/mio_tavuklu_yeti_kin_kedi_ya_mamas_100_gr.png
Evcil Hayvan Urunleri,Mio Ton Balıklı Kedi Yaş Mama 100 Gr,"₺34,95",https://ardenmarket.com.tr/mio-ton-balikli-kedi-yas-mama-100-gr.html,https://ardenmarket.com.tr/media/catalog/product/cache/af204314a7b8c0f9bb1d3072a30a2454/m/i/mio_ton_bal_kl_kedi_ya_mama_100_gr.png
Evcil Hayvan Urunleri,Mio Ton Ve Deniz Balığı Püre Kedi Konservesi 85 Gr,"₺54,95",https://ardenmarket.com.tr/mio-ton-ve-deniz-baligi-pure-kedi-konservesi-85-gr.html,https://ardenmarket.com.tr/media/catalog/product/cache/af204314a7b8c0f9bb1d3072a30a2454/m/i/mio_ton_ve_deniz_bal_p_re_kedi_konservesi_85_gr.png
Evcil Hayvan Urunleri,Mio Tüy Toplayıcı Rulo,"₺64,95",https://ardenmarket.com.tr/mio-tuy-toplayici-rulo.html,https://ardenmarket.com.tr/media/catalog/product/cache/af204314a7b8c0f9bb1d3072a30a2454/m/i/mio_t_y_toplay_c_rulo.png
Evcil Hayvan Urunleri,Mio Yuvarlak Mama Kabı,"₺89,95",https://ardenmarket.com.tr/mio-yuvarlak-mama-kabi.html,https://ardenmarket.com.tr/media/catalog/product/cache/af204314a7b8c0f9bb1d3072a30a2454/m/i/mio_yuvarlak_mama_kab_.jpg
Evcil Hayvan Urunleri,Mio Yuvarlak Tekli Mama/Su Kabı,"₺29,95",https://ardenmarket.com.tr/mio-yuvarlak-tekli-mama-su-kabi.html,https://ardenmarket.com.tr/media/catalog/product/cache/af204314a7b8c0f9bb1d3072a30a2454/m/i/mio_yuvarlak_tekli_mama_su_kab_.jpg
Evcil Hayvan Urunleri,Mio Dana Etli Kedi Konservesi 415 Gr,"₺79,95",https://ardenmarket.com.tr/mio-dana-etli-kedi-konservesi-415-gr.html,https://ardenmarket.com.tr/media/catalog/product/cache/af204314a7b8c0f9bb1d3072a30a2454/m/i/mio-konserve-kedi-dana-415g.png
Evcil Hayvan Urunleri,Mio Köpek Konservesi Kuzu Etli 415 Gr,"₺79,95",https://ardenmarket.com.tr/mio-kopek-konservesi-kuzu-etli-415-gr.html,https://ardenmarket.com.tr/media/catalog/product/cache/af204314a7b8c0f9bb1d3072a30a2454/m/i/mio-kedi-konservesi-kuzu-etli-41.png
Evcil Hayvan Urunleri,Mio Somonlu Kedi Maması 1 Kg,"₺244,95",https://ardenmarket.com.tr/mio-somonlu-kedi-mamasi-1-kg.html,https://ardenmarket.com.tr/media/catalog/product/cache/af204314a7b8c0f9bb1d3072a30a2454/m/i/mio_somonlu_kedi_mamas_1_kg.jpg
Evcil Hayvan Urunleri,Nerox Kedi Köpek Tüy Toplama Rulosu 60 Yaprak,"₺54,95",https://ardenmarket.com.tr/nerox-kedi-kopek-tuy-toplama-rulosu-60-yaprak.html,https://ardenmarket.com.tr/media/catalog/product/cache/af204314a7b8c0f9bb1d3072a30a2454/5/3/53594118_1707333080418_org_ypjeljtcvaynhabf.jpg
Evcil Hayvan Urunleri,"Pedigree Biftekli Kümes Hayvanlı Kuru Mama 2,6 Kg","₺799,95",https://ardenmarket.com.tr/pedigree-biftekli-kumes-hayvanli-kuru-mama-2-6-kg.html,https://ardenmarket.com.tr/media/catalog/product/cache/af204314a7b8c0f9bb1d3072a30a2454/p/e/pedigree-kumes.png
Evcil Hayvan Urunleri,Pedigree Köpek Maması Konserve Jöle Içinde Tavuklu Yavru 400 Gr,"₺84,95",https://ardenmarket.com.tr/pedigree-kopek-mamasi-konserve-jole-icinde-tavuklu-yavru-400-gr.html,https://ardenmarket.com.tr/media/catalog/product/cache/af204314a7b8c0f9bb1d3072a30a2454/p/e/pedigree_k_pek_mamas_konserve_j_le_i_inde_tavuklu_yavru_400_gr.png
Evcil Hayvan Urunleri,Pedigree Ödül Maması Biscrock 200 Gr,"₺124,95",https://ardenmarket.com.tr/pedigree-odul-mamasi-biscrock-200-gr.html,https://ardenmarket.com.tr/media/catalog/product/cache/af204314a7b8c0f9bb1d3072a30a2454/1/9/199863.jpg
Evcil Hayvan Urunleri,Pedigree Ödül Maması Dentastix Small 110 Gr,"₺129,95",https://ardenmarket.com.tr/pedigree-odul-mamasi-dentastix-small-110-gr.html,https://ardenmarket.com.tr/media/catalog/product/cache/af204314a7b8c0f9bb1d3072a30a2454/1/9/199864.jpg
Evcil Hayvan Urunleri,Pedigree Ödül Maması Jumbone Mini 160 Gr,"₺119,95",https://ardenmarket.com.tr/pedigree-odul-mamasi-jumbone-mini-160-gr.html,https://ardenmarket.com.tr/media/catalog/product/cache/af204314a7b8c0f9bb1d3072a30a2454/1/9/199862.jpg
Evcil Hayvan Urunleri,Pedigree Pouch Biftekli 100 Gr,"₺59,95",https://ardenmarket.com.tr/pedigree-pouch-biftekli-100-gr.html,https://ardenmarket.com.tr/media/catalog/product/cache/af204314a7b8c0f9bb1d3072a30a2454/1/9/199856.jpg
Evcil Hayvan Urunleri,Pedigree Rodeo Biftekli Köpek Ödülü 70 g,"₺99,95",https://ardenmarket.com.tr/pedigree-rodeo-biftekli-kopek-odulu-70-g.html,https://ardenmarket.com.tr/media/catalog/product/cache/af204314a7b8c0f9bb1d3072a30a2454/p/e/pedigree-rodeo.jpg
Evcil Hayvan Urunleri,Pedigree Sığırlı Konserve Erişkin Yaş Mama 400 g,"₺179,95",https://ardenmarket.com.tr/pedigree-sigirli-konserve-eriskin-yas-mama-400-g.html,https://ardenmarket.com.tr/media/catalog/product/cache/af204314a7b8c0f9bb1d3072a30a2454/p/e/pedigree-sigirli-400g.jpg
Evcil Hayvan Urunleri,Perfect Fit Kısır Yetişkin Sığırlı Kuru Mama 750 Gr,"₺399,95",https://ardenmarket.com.tr/perfect-fit-kisir-yetiskin-sigirli-kuru-mama-750-gr.html,https://ardenmarket.com.tr/media/catalog/product/cache/af204314a7b8c0f9bb1d3072a30a2454/2/4/245474687_1707335140200_org_nes0m5dres0vo1kb.jpg
Evcil Hayvan Urunleri,Perfect Fit Yetişkin Kedi Sığır Etli Kuru Mama 750 Gr,"₺399,95",https://ardenmarket.com.tr/perfect-fit-yetiskin-kedi-sigir-etli-kuru-mama-750-gr.html,https://ardenmarket.com.tr/media/catalog/product/cache/af204314a7b8c0f9bb1d3072a30a2454/2/4/245628296_1745263748953_org_9cjm9c7uzn4vf2ri.jpg
Evcil Hayvan Urunleri,Purina Gourmet Mama Kıyılmış Hindi Etli Kedi Konservesi 85 Gr,"₺69,95",https://ardenmarket.com.tr/purina-gourmet-gold-hindi-85-gr.html,https://ardenmarket.com.tr/media/catalog/product/cache/af204314a7b8c0f9bb1d3072a30a2454/2/0/205469.jpg
Evcil Hayvan Urunleri,Purina Gourmet Mama Kıyılmış Sığır Etli Kedi Konservesi 85 Gr,"₺69,95",https://ardenmarket.com.tr/purina-gourmet-gold-dana-eti-85-gr.html,https://ardenmarket.com.tr/media/catalog/product/cache/af204314a7b8c0f9bb1d3072a30a2454/2/0/205466.jpg
Evcil Hayvan Urunleri,Purina Mama Gourmet Gold Kıyılmış Tavuklu Kedi Konservesi 85 Gr,"₺69,95",https://ardenmarket.com.tr/purina-gourmet-gold-tavuk-85-gr.html,https://ardenmarket.com.tr/media/catalog/product/cache/af204314a7b8c0f9bb1d3072a30a2454/2/0/205467.jpg
Evcil Hayvan Urunleri,Purina Mama Gourmet Gold Kıyılmış Ton Balıklı Kedi Konservesi 85 Gr,"₺69,95",https://ardenmarket.com.tr/purina-gourmet-gold-ton-baligi-85-gr.html,https://ardenmarket.com.tr/media/catalog/product/cache/af204314a7b8c0f9bb1d3072a30a2454/2/0/205468.jpg
Evcil Hayvan Urunleri,Purina One Mama Sığır Etli Yetişkin Kedi 800 Gr,"₺499,95",https://ardenmarket.com.tr/purina-one-mama-sigir-etli-yetiskin-kedi-800-gr.html,https://ardenmarket.com.tr/media/catalog/product/cache/af204314a7b8c0f9bb1d3072a30a2454/1/1/119327592_1712221515342_org_vt3poejwhi3el41q.jpg
Evcil Hayvan Urunleri,Purina One Mama Tavuklu Yetişkin Kedi 800 Gr,"₺499,95",https://ardenmarket.com.tr/purina-one-mama-tavuklu-yetiskin-kedi-800-gr.html,https://ardenmarket.com.tr/media/catalog/product/cache/af204314a7b8c0f9bb1d3072a30a2454/2/4/245309601_1738595426566_org_adqbk3vwacdoreof.jpg
Evcil Hayvan Urunleri,Sera Tüy Toplayıcı 60 Yaprak 1 Adet,"₺109,95",https://ardenmarket.com.tr/sera-tuy-toplayici-60-yaprak-1-adet.html,https://ardenmarket.com.tr/media/catalog/product/cache/af204314a7b8c0f9bb1d3072a30a2454/s/e/sera_t_y_toplay_c_60_yaprak_1_adet.png
Evcil Hayvan Urunleri,Sheba Pouch Somon Balıklı 85 Gr,"₺58,95",https://ardenmarket.com.tr/sheba-pouch-somon-balikli-85-gr.html,https://ardenmarket.com.tr/media/catalog/product/cache/af204314a7b8c0f9bb1d3072a30a2454/1/9/199858.jpg
Evcil Hayvan Urunleri,Sheba Pouch Tavuklu 85 Gr,"₺62,50",https://ardenmarket.com.tr/sheba-pouch-tavuklu-85-gr.html,https://ardenmarket.com.tr/media/catalog/product/cache/af204314a7b8c0f9bb1d3072a30a2454/1/9/199857.jpg
Evcil Hayvan Urunleri,Sholk 60x90 Yavru Köpek Eğitim Pedi 10'lu,"₺129,95",https://ardenmarket.com.tr/sholk-60x90-yavru-kopek-egitim-pedi-10-lu.html,https://ardenmarket.com.tr/media/catalog/product/cache/af204314a7b8c0f9bb1d3072a30a2454/s/h/sholk_60x90_yavru_k_pek_e_itim_pedi_10_lu.png
Evcil Hayvan Urunleri,Sholk Leke ve Kötü Koku Giderici Hijyenik Sprey Temizleyici 750 ml,"₺69,95",https://ardenmarket.com.tr/sholk-leke-ve-kotu-koku-giderici-hijyenik-sprey-temizleyici-750-ml.html,https://ardenmarket.com.tr/media/catalog/product/cache/af204314a7b8c0f9bb1d3072a30a2454/s/h/sholk_leke_ve_k_t_koku_giderici_hijyenik_sprey_temizleyici_750_ml.png
Evcil Hayvan Urunleri,Whiskas Balık Favorileri Poşet Yaş Mama 340 Gr,"₺134,95",https://ardenmarket.com.tr/whiskas-balik-favorileri-poset-yas-mama-340-gr.html,https://ardenmarket.com.tr/media/catalog/product/cache/af204314a7b8c0f9bb1d3072a30a2454/1/9/199866.jpg
Evcil Hayvan Urunleri,Whiskas Biftek Havuç Yetişkin Kuru Kedi Maması 300 g,"₺129,95",https://ardenmarket.com.tr/whiskas-biftek-havuc-kuru-mama-300-g.html,https://ardenmarket.com.tr/media/catalog/product/cache/af204314a7b8c0f9bb1d3072a30a2454/k/e/kedi-mamasi-havuc.jpg
Evcil Hayvan Urunleri,Whiskas Biftekli Konserve Kedi Maması 400 g,"₺175,95",https://ardenmarket.com.tr/whiskas-kons-erisk-biftekli-400gr.html,https://ardenmarket.com.tr/media/catalog/product/cache/af204314a7b8c0f9bb1d3072a30a2454/w/h/whiskas_biftekli_konserve_kedi_mamas_400_g.jpg
Evcil Hayvan Urunleri,Whiskas Klasik Öğünler Poşet Yaş Mama 340 Gr,"₺134,95",https://ardenmarket.com.tr/whiskas-klasik-ogunler-poset-yas-mama-340-gr.html,https://ardenmarket.com.tr/media/catalog/product/cache/af204314a7b8c0f9bb1d3072a30a2454/1/9/199867.jpg
Evcil Hayvan Urunleri,Whiskas Konserve Erişkin Tavuklu Kedi Maması 400 g,"₺175,95",https://ardenmarket.com.tr/whiskas-konserve-eriskin-tavuklu-kedi-mamasi-400-g.html,https://ardenmarket.com.tr/media/catalog/product/cache/af204314a7b8c0f9bb1d3072a30a2454/k/e/kedi-mamasi-konserve.jpg
Evcil Hayvan Urunleri,Whiskas Kümes Hayvanları Ziyafeti Poşet Yaş Mama 340 Gr,"₺134,95",https://ardenmarket.com.tr/whiskas-kumes-hayvanlari-ziyafeti-poset-yas-mama-340-gr.html,https://ardenmarket.com.tr/media/catalog/product/cache/af204314a7b8c0f9bb1d3072a30a2454/1/9/199868.jpg
Evcil Hayvan Urunleri,Whiskas Kuzulu Poşet Yaş Mama 85 Gr,"₺39,95",https://ardenmarket.com.tr/whiskas-kuzulu-poset-yas-mama-85-gr.html,https://ardenmarket.com.tr/media/catalog/product/cache/af204314a7b8c0f9bb1d3072a30a2454/1/9/199849.jpg
Evcil Hayvan Urunleri,Whiskas Pure Delight Sığırlı Poşet Yaş Mama 85 Gr,"₺39,95",https://ardenmarket.com.tr/whiskas-pure-delight-sigirli-poset-yas-mama-85-gr.html,https://ardenmarket.com.tr/media/catalog/product/cache/af204314a7b8c0f9bb1d3072a30a2454/1/9/199851.jpg
Evcil Hayvan Urunleri,Whiskas Pure Delight Tavuklu Poşet Yaş Mama 85 Gr,"₺39,95",https://ardenmarket.com.tr/whiskas-pure-delight-tavuklu-poset-yas-mama-85-gr.html,https://ardenmarket.com.tr/media/catalog/product/cache/af204314a7b8c0f9bb1d3072a30a2454/1/9/199850.jpg
Evcil Hayvan Urunleri,Whiskas Pure Delight Yavru Tavuklu Poşet Yaş Mama 85 Gr,"₺39,95",https://ardenmarket.com.tr/whiskas-pure-delight-yavru-tavuklu-poset-yas-mama-85-gr.html,https://ardenmarket.com.tr/media/catalog/product/cache/af204314a7b8c0f9bb1d3072a30a2454/1/9/199852.jpg
Evcil Hayvan Urunleri,"Whiskas Sığırlı Kuru Mama 1,4 Kg","₺549,95",https://ardenmarket.com.tr/whiskas-sigirli-kuru-mama-1-4-kg.html,https://ardenmarket.com.tr/media/catalog/product/cache/af204314a7b8c0f9bb1d3072a30a2454/1/9/199871.jpg
Evcil Hayvan Urunleri,Whiskas Sığırlı Poşet Yaş Mama 85 Gr,"₺39,95",https://ardenmarket.com.tr/whiskas-sigirli-poset-yas-mama-85-gr.html,https://ardenmarket.com.tr/media/catalog/product/cache/af204314a7b8c0f9bb1d3072a30a2454/1/9/199844.jpg
Evcil Hayvan Urunleri,Whiskas Somonlu Poşet Yaş Mama 85 Gr,"₺39,95",https://ardenmarket.com.tr/whiskas-somonlu-poset-yas-mama-85-gr.html,https://ardenmarket.com.tr/media/catalog/product/cache/af204314a7b8c0f9bb1d3072a30a2454/1/9/199845.jpg
Evcil Hayvan Urunleri,Whiskas Tasty Mix Kuzulu Tavuklu Ve Havuçlu Poşet Yaş Mama 85 Gr,"₺39,95",https://ardenmarket.com.tr/whiskas-tasty-mix-kuzulu-tavuklu-ve-havuclu-poset-yas-mama-85-gr.html,https://ardenmarket.com.tr/media/catalog/product/cache/af204314a7b8c0f9bb1d3072a30a2454/1/9/199853.jpg
Evcil Hayvan Urunleri,Whiskas Tasty Mix Kuzulu Ve Hindili Poşet Yaş Mama 85 Gr,"₺39,95",https://ardenmarket.com.tr/whiskas-tasty-mix-kuzulu-ve-hindili-poset-yas-mama-85-gr.html,https://ardenmarket.com.tr/media/catalog/product/cache/af204314a7b8c0f9bb1d3072a30a2454/1/9/199854.jpg
Evcil Hayvan Urunleri,Whiskas Tasty Mix Somonlu Ve Havuçlu Poşet Yaş Mama 85 Gr,"₺39,95",https://ardenmarket.com.tr/whiskas-tasty-mix-somonlu-ve-havuclu-poset-yas-mama-85-gr.html,https://ardenmarket.com.tr/media/catalog/product/cache/af204314a7b8c0f9bb1d3072a30a2454/1/9/199855.jpg
Evcil Hayvan Urunleri,"Whiskas Tavuklu Kısır Kuru Mama 1,4 Kg","₺549,95",https://ardenmarket.com.tr/whiskas-tavuklu-kisir-kuru-mama-1-4-kg.html,https://ardenmarket.com.tr/media/catalog/product/cache/af204314a7b8c0f9bb1d3072a30a2454/w/h/whiskas_tavuklu_k_s_r_kuru_mama_1_4_kg.jpg
Evcil Hayvan Urunleri,"Whiskas Tavuklu Kuru Mama 1,4 Kg","₺549,95",https://ardenmarket.com.tr/whiskas-tavuklu-kuru-mama-1-4-kg.html,https://ardenmarket.com.tr/media/catalog/product/cache/af204314a7b8c0f9bb1d3072a30a2454/1/9/199872.jpg
Evcil Hayvan Urunleri,Whiskas Tavuklu Kuru Yavru Kedi Maması 300 g,"₺129,95",https://ardenmarket.com.tr/whiskas-tavuklu-kuru-yavru-kedi-mamasi-300-g.html,https://ardenmarket.com.tr/media/catalog/product/cache/af204314a7b8c0f9bb1d3072a30a2454/k/e/kedi-mamasi-yavru.jpg
Evcil Hayvan Urunleri,Whiskas Tavuklu Poşet Yaş Mama 85 Gr,"₺39,95",https://ardenmarket.com.tr/whiskas-tavuklu-poset-yas-mama-85-gr.html,https://ardenmarket.com.tr/media/catalog/product/cache/af204314a7b8c0f9bb1d3072a30a2454/1/9/199847.jpg
Evcil Hayvan Urunleri,Whiskas Tavuklu Sebze Kuru Yetişkin Kedi Maması 300 g,"₺129,95",https://ardenmarket.com.tr/whiskas-tavuklu-sebze-kuru-yetiskin-kedi-mamasi-300-g.html,https://ardenmarket.com.tr/media/catalog/product/cache/af204314a7b8c0f9bb1d3072a30a2454/k/e/kedi-mamasi-sebzeli.jpg
Evcil Hayvan Urunleri,Whiskas Ton Balıklı Konserve Yaş Kedi Maması 400 g,"₺175,95",https://ardenmarket.com.tr/whiskas-ton-balikli-konserve-yas-mama-400-g.html,https://ardenmarket.com.tr/media/catalog/product/cache/af204314a7b8c0f9bb1d3072a30a2454/k/e/kedi-mamasi-ton.jpg
Evcil Hayvan Urunleri,"Whiskas Ton Balıklı Kuru Mama 1,4 Kg","₺549,95",https://ardenmarket.com.tr/whiskas-ton-balikli-kuru-mama-1-4-kg.html,https://ardenmarket.com.tr/media/catalog/product/cache/af204314a7b8c0f9bb1d3072a30a2454/1/9/199873.jpg
Evcil Hayvan Urunleri,Whiskas Ton Balıklı Poşet Yaş Mama 85 Gr,"₺39,95",https://ardenmarket.com.tr/whiskas-ton-balikli-poset-yas-mama-85-gr.html,https://ardenmarket.com.tr/media/catalog/product/cache/af204314a7b8c0f9bb1d3072a30a2454/1/9/199848.jpg
Evcil Hayvan Urunleri,Whiskas Ton Balıklı Sebzeli Kuru Kedi Maması 300 g,"₺129,95",https://ardenmarket.com.tr/whiskas-ton-balikli-sebzeli-kuru-kedi-mamasi-300-g.html,https://ardenmarket.com.tr/media/catalog/product/cache/af204314a7b8c0f9bb1d3072a30a2454/k/e/kedi-mamasi-kuru-ton.jpg
Evcil Hayvan Urunleri,Whiskas Yavru Klasik Öğünler Poşet Yaş Mama 340 Gr,"₺134,95",https://ardenmarket.com.tr/whiskas-yavru-klasik-ogunler-poset-yas-mama-340-gr.html,https://ardenmarket.com.tr/media/catalog/product/cache/af204314a7b8c0f9bb1d3072a30a2454/1/9/199865.jpg
Evcil Hayvan Urunleri,Whiskas Yavru Kümes Hayvanlı Poşet Yaş Mama 85 Gr,"₺39,95",https://ardenmarket.com.tr/whiskas-yavru-kumes-hayvanli-poset-yas-mama-85-gr.html,https://ardenmarket.com.tr/media/catalog/product/cache/af204314a7b8c0f9bb1d3072a30a2454/1/9/199846.jpg
Ev Yasam Oyuncak,İdeal Büzgülü Beyaz Sabun Kokulu Çöp Poşeti Büyük Boy 65x70 Cm,"₺59,95",https://ardenmarket.com.tr/ideal-buzgulu-beyaz-sabun-kokulu-cop-poseti-buyuk-boy-65x70-cm.html,https://ardenmarket.com.tr/media/catalog/product/cache/af204314a7b8c0f9bb1d3072a30a2454/_/d/_deal_b_zg_l_beyaz_sabun_kokulu_p_po_eti_b_y_k_boy_65x70_cm.png
Ev Yasam Oyuncak,Piknik Jelatinli Körüklü Pipet 40 Adet,"₺94,95",https://ardenmarket.com.tr/piknik-jelatinli-koruklu-pipet-40-adet.html,https://ardenmarket.com.tr/media/catalog/product/cache/af204314a7b8c0f9bb1d3072a30a2454/2/0/205066.jpg
Ev Yasam Oyuncak,Magic Saver Bag Tekli Vakumlu Poşet - XL - 55x90 cm,"₺84,95",https://ardenmarket.com.tr/magic-saver-bag-tekli-vakumlu-poset-xl-55x90-cm.html,https://ardenmarket.com.tr/media/catalog/product/cache/af204314a7b8c0f9bb1d3072a30a2454/3/8/38938882_1740753825103_org.png
Ofis Ve Teknoloji,Bic Kurşun Kalem 4'lü,"₺49,95",https://ardenmarket.com.tr/bic-kursun-kalem-4-lu.html,https://ardenmarket.com.tr/media/catalog/product/cache/af204314a7b8c0f9bb1d3072a30a2454/b/i/bic_kur_un_kalem_4_l_.png
Ofis Ve Teknoloji,BIC Fix Strong Süper Güçlü Japon Yapıştırıcısı 3 gr 1’li Blister,"₺59,95",https://ardenmarket.com.tr/bic-fix-strong-super-guclu-japon-yapistiricisi-3-gr-1-li-blister-901758.html,https://ardenmarket.com.tr/media/catalog/product/cache/af204314a7b8c0f9bb1d3072a30a2454/k/r/krt._f_x_strong_super_guclu_japon_yap_st_r_c_s_3_gr_1_l_bl_ster.jpg
Ofis Ve Teknoloji,BIC Kids Evolution Üçgen Jumbo İlk Yazım Kalemi 2'li Blister,"₺59,95",https://ardenmarket.com.tr/bic-kids-evolution-ucgen-jumbo-ilk-yazim-kalemi-2-li-blister.html,https://ardenmarket.com.tr/media/catalog/product/cache/af204314a7b8c0f9bb1d3072a30a2454/k/r/krt._k_ds_evolut_on_ucgen_jumbo_kursun_kalem_2_l_bl_ster.jpg
Ofis Ve Teknoloji,BIC Intensity Fine Liner Keçe Uçlu Kalem 4'lü Blister Klasik Renkler,"₺139,95",https://ardenmarket.com.tr/bic-intensity-fine-liner-kece-uclu-kalem-4-lu-blister-klasik-renkler.html,https://ardenmarket.com.tr/media/catalog/product/cache/af204314a7b8c0f9bb1d3072a30a2454/k/r/krt._intens_ty_f_ne_l_ner_4_lu_b.png
Ofis Ve Teknoloji,BIC Kids Evolution Üçgen Jumbo Kuru Boya Kalemi 12'li Kutu,"₺229,95",https://ardenmarket.com.tr/bic-kids-evolution-ucgen-jumbo-kuru-boya-kalemi-12-li-kutu.html,https://ardenmarket.com.tr/media/catalog/product/cache/af204314a7b8c0f9bb1d3072a30a2454/b/i/bic_kids_evolution_gen_jumbo_kuru_boya_kalemi_12_li_kutu.jpg
Ofis Ve Teknoloji,Energizer Max ALK D BP2 D Boy Pil 2'li,"₺459,95",https://ardenmarket.com.tr/energizer-max-alk-d-bp2-d-boy-pil-2-li.html,https://ardenmarket.com.tr/media/catalog/product/cache/af204314a7b8c0f9bb1d3072a30a2454/e/n/energizer-alk-max-d2.jpg
Ofis Ve Teknoloji,Energizer Lithium Düğme Pil,"₺89,95",https://ardenmarket.com.tr/energizer-lithium-dugme-pil-cr-2032-bp1.html,https://ardenmarket.com.tr/media/catalog/product/cache/af204314a7b8c0f9bb1d3072a30a2454/e/n/energizer-cr2032pil.jpg
Ofis Ve Teknoloji,Duracell Düğme Pil 2032 2'li 3 Volt,"₺199,95",https://ardenmarket.com.tr/duracell-dugme-pil-2032-2-li-3-volt.html,https://ardenmarket.com.tr/media/catalog/product/cache/af204314a7b8c0f9bb1d3072a30a2454/d/u/duracell-dugme-2032.jpg
Ofis Ve Teknoloji,Duracell Kalem Pil AA 4'lü,"₺259,95",https://ardenmarket.com.tr/duracell-kalem-pil-aa-4-lu.html,https://ardenmarket.com.tr/media/catalog/product/cache/af204314a7b8c0f9bb1d3072a30a2454/d/u/duracell-kalem-pil-aaa.jpg
Ofis Ve Teknoloji,Duracell İnce Kalem Pil AAA 4'lü,"₺259,95",https://ardenmarket.com.tr/duracell-ince-kalem-pil-aaa-4-lu.html,https://ardenmarket.com.tr/media/catalog/product/cache/af204314a7b8c0f9bb1d3072a30a2454/d/u/duracell-ince-kalem-pil-aaa.jpg
Ofis Ve Teknoloji,Orbus Led Ampul Sarı Işık 9 Watt 800 lm E27,"₺49,95",https://ardenmarket.com.tr/orbus-led-ampul-sari-isik-9-watt-800-lm-e27.html,https://ardenmarket.com.tr/media/catalog/product/cache/af204314a7b8c0f9bb1d3072a30a2454/o/r/orbus.jpg
Ofis Ve Teknoloji,Karaoke Bluetooth Mikrofon Speaker,"₺264,95",https://ardenmarket.com.tr/karaoke-bluetooth-mikrofon-speaker.html,https://ardenmarket.com.tr/media/catalog/product/cache/af204314a7b8c0f9bb1d3072a30a2454/m/i/mikrofon-karaoke.jpg
Ofis Ve Teknoloji,Stereo Kablolu Kulaklık,"₺219,95",https://ardenmarket.com.tr/stereo-kablolu-kulaklik.html,https://ardenmarket.com.tr/media/catalog/product/cache/af204314a7b8c0f9bb1d3072a30a2454/k/a/kablolu-kulaklik1_3.jpg
Ofis Ve Teknoloji,Osram 5 Watt Enerji Tasarruflu Led Buji Ampul Beyaz Işık E14,"₺59,95",https://ardenmarket.com.tr/osram-5-watt-enerji-tasarruflu-led-buji-ampul-beyaz-isik-e14.html,https://ardenmarket.com.tr/media/catalog/product/cache/af204314a7b8c0f9bb1d3072a30a2454/o/s/osram-5w.jpg
Ofis Ve Teknoloji,Orbus Led Ampul 5 WATT 425 LM E14,"₺44,95",https://ardenmarket.com.tr/orbus-led-ampul-5-watt-425-lm-e14.html,https://ardenmarket.com.tr/media/catalog/product/cache/af204314a7b8c0f9bb1d3072a30a2454/o/r/orbus_led_ampul_5_watt_425_lm_e14.jpg
Ofis Ve Teknoloji,Energizer Max Alkaline AAA BP6 4+2 Pil,"₺224,95",https://ardenmarket.com.tr/energizer-max-alkaline-aaa-bp6-4-2-pil.html,https://ardenmarket.com.tr/media/catalog/product/cache/af204314a7b8c0f9bb1d3072a30a2454/3/1/31200352-df1e23-1650x1650.png
Ofis Ve Teknoloji,Energizer Max Alkaline AA BP6 4+2 Pil,"₺224,95",https://ardenmarket.com.tr/energizer-max-alkaline-aa-bp6-4-2-pil.html,https://ardenmarket.com.tr/media/catalog/product/cache/af204314a7b8c0f9bb1d3072a30a2454/i/m/image_29_.png
Ofis Ve Teknoloji,Telefon Duvar Priz Askısı,"₺29,95",https://ardenmarket.com.tr/telefon-duvar-priz-askisi.html,https://ardenmarket.com.tr/media/catalog/product/cache/af204314a7b8c0f9bb1d3072a30a2454/2/4/245535215_1707332231849_org_ha3ozrgyhdj5h01w.jpg
Ofis Ve Teknoloji,Euro Flora Köpük Baloncuk Niloya 2'li Paket,"₺99,95",https://ardenmarket.com.tr/euro-flora-kopuk-baloncuk-niloya-2-li-paket.html,https://ardenmarket.com.tr/media/catalog/product/cache/af204314a7b8c0f9bb1d3072a30a2454/4/3/4387468_1707330325284_org_jwatoibggafriwpj.jpg
Ofis Ve Teknoloji,Uninote College Dikişli Pp Kapak A4 60 Yaprak,"₺49,95",https://ardenmarket.com.tr/uninote-college-dikisli-pp-kapak-a4-60-yaprak.html,https://ardenmarket.com.tr/media/catalog/product/cache/af204314a7b8c0f9bb1d3072a30a2454/k/r/krt._college_d_k_sl_pp_kapak_a4_60_yp._c_zg_l_.jpg
Ofis Ve Teknoloji,BIC Cristal Medium 1.0mm Tükenmez Kalem Mavi 10'lu,"₺109,59",https://ardenmarket.com.tr/bic-cristal-medium-1-0mm-tukenmez-kalem-mavi-10-lu.html,https://ardenmarket.com.tr/media/catalog/product/cache/af204314a7b8c0f9bb1d3072a30a2454/k/r/krt._cr_stal_med_um_tukenmez_kal_1.png
Ofis Ve Teknoloji,P47 Kulak Üstü Kulaklık Bluetooth/Wireless,"₺319,95",https://ardenmarket.com.tr/p47-kulak-ustu-kulaklik-bluetooth-wireless.html,https://ardenmarket.com.tr/media/catalog/product/cache/af204314a7b8c0f9bb1d3072a30a2454/s/i/siyah-mavi-kablosuz-kulaklik2-2.jpg
Firsat Urunleri,Dimes Obsesso Cappuccino 250 ml,"₺59,95",https://ardenmarket.com.tr/dimes-obesso-cappuccino-250-ml.html,https://ardenmarket.com.tr/media/catalog/product/cache/af204314a7b8c0f9bb1d3072a30a2454/d/i/dimes_obesso_cappuccino_250_ml.png
Firsat Urunleri,Ekici Peynir Çubukları 200 gr,"₺149,95",https://ardenmarket.com.tr/ekici-peynir-cubuklari-200-gr.html,https://ardenmarket.com.tr/media/catalog/product/cache/af204314a7b8c0f9bb1d3072a30a2454/e/k/ekici_peynir_cubuklari_200_gr.jpg
Firsat Urunleri,Arko Nem Krem Naturel Klasik 250 ml,"₺249,95",https://ardenmarket.com.tr/arko-nem-krem-naturel-klasik-250-ml.html,https://ardenmarket.com.tr/media/catalog/product/cache/af204314a7b8c0f9bb1d3072a30a2454/n/e/nem_krem_naturel_klasik_250_ml.png
Firsat Urunleri,Porçöz Lavabo Açıcı Granül 2x50 gr Poşet,"₺69,95",https://ardenmarket.com.tr/porcoz-lavabo-acici-granul-2x50-gr-poset.html,https://ardenmarket.com.tr/media/catalog/product/cache/af204314a7b8c0f9bb1d3072a30a2454/p/o/por_z-100g-ekstra-g_l_-gran_l-lavabo-a_c_.jpg
Firsat Urunleri,Sugar House Mikrofiber Havlu Cam Bezi Temizlik Bezi 3'lü 30x30 Cm,"₺169,95",https://ardenmarket.com.tr/sugar-house-mikrofiber-havlu-cam-bezi-temizlik-bezi-3-lu-30x30-cm.html,https://ardenmarket.com.tr/media/catalog/product/cache/af204314a7b8c0f9bb1d3072a30a2454/2/0/205771.jpg
Firsat Urunleri,Komili Mısırözü Yağı 1 lt,"₺154,95",https://ardenmarket.com.tr/komili-misirozu-yagi-1-lt.html,https://ardenmarket.com.tr/media/catalog/product/cache/af204314a7b8c0f9bb1d3072a30a2454/1/1/114533.jpg
Firsat Urunleri,Züber Yer Fıstıklı Granola Bar 25 G,"₺44,95",https://ardenmarket.com.tr/zuber-yer-fistikli-granola-bar-25-g.html,https://ardenmarket.com.tr/media/catalog/product/cache/af204314a7b8c0f9bb1d3072a30a2454/2/0/205624.jpg
Firsat Urunleri,Züber Orman Meyveli Granola Bar 25 Gr,"₺44,95",https://ardenmarket.com.tr/zuber-orman-meyveli-granola-bar-25-gr.html,https://ardenmarket.com.tr/media/catalog/product/cache/af204314a7b8c0f9bb1d3072a30a2454/2/0/205623.jpg
Firsat Urunleri,Züber Granola Bar Antep Fıstıklı 25 Gr,"₺54,95",https://ardenmarket.com.tr/zuber-granola-bar-antep-fistikli-25-gr.html,https://ardenmarket.com.tr/media/catalog/product/cache/af204314a7b8c0f9bb1d3072a30a2454/2/0/205622.jpg
Firsat Urunleri,Züber Badem Ezmeli Hi-protein Bar 45 Gr,"₺114,50",https://ardenmarket.com.tr/zuber-badem-ezmeli-hi-protein-bar-45-gr.html,https://ardenmarket.com.tr/media/catalog/product/cache/af204314a7b8c0f9bb1d3072a30a2454/2/0/205619.jpg
Firsat Urunleri,Züber Fıstık Ezmeli Hi Protein Bar 45 Gr,"₺114,50",https://ardenmarket.com.tr/zuber-fistik-ezmeli-hi-protein-bar-45-gr.html,https://ardenmarket.com.tr/media/catalog/product/cache/af204314a7b8c0f9bb1d3072a30a2454/2/0/205618.jpg
Firsat Urunleri,Züber Kakaolu Hi Protein Bar 45 Gr,"₺114,50",https://ardenmarket.com.tr/zuber-kakaolu-hi-protein-bar-45-gr.html,https://ardenmarket.com.tr/media/catalog/product/cache/af204314a7b8c0f9bb1d3072a30a2454/2/0/205617.jpg
Firsat Urunleri,Ünal Peynir 4 Dilim Klasik İnek 450 Gr,"₺359,95",https://ardenmarket.com.tr/peynir-4-dilim-klasik-inek-450-gr.html,https://ardenmarket.com.tr/media/catalog/product/cache/af204314a7b8c0f9bb1d3072a30a2454/2/0/203160.jpg
Firsat Urunleri,Ünal Klasik İnek Peynir 500 Gr,"₺359,95",https://ardenmarket.com.tr/klasik-inek-peynir-500-gr.html,https://ardenmarket.com.tr/media/catalog/product/cache/af204314a7b8c0f9bb1d3072a30a2454/2/0/203165.jpg
Firsat Urunleri,Odunpazarı Elma Sirkesi 750 Ml,"₺34,95",https://ardenmarket.com.tr/odunpazari-elma-sirkesi-750-ml.html,https://ardenmarket.com.tr/media/catalog/product/cache/af204314a7b8c0f9bb1d3072a30a2454/2/0/205613.jpg
Firsat Urunleri,Hakkı Efendi+C29 Türk Kahvesi 100 Gr,"₺79,95",https://ardenmarket.com.tr/hakki-efendi-c29-turk-kahvesi-100-gr.html,https://ardenmarket.com.tr/media/catalog/product/cache/af204314a7b8c0f9bb1d3072a30a2454/1/9/197557.jpg
Firsat Urunleri,Renax Bulaşık Makine Kapsülü 22'li,"₺129,95",https://ardenmarket.com.tr/renax-bulasik-makine-kapsulu-22-li.html,https://ardenmarket.com.tr/media/catalog/product/cache/af204314a7b8c0f9bb1d3072a30a2454/2/0/205662.jpg
Firsat Urunleri,Selpak Kağıt Havlu Dev Rulo 1=2,"₺64,95",https://ardenmarket.com.tr/selpak-kagit-havlu-dev-rulo-1-2.html,https://ardenmarket.com.tr/media/catalog/product/cache/af204314a7b8c0f9bb1d3072a30a2454/1/9/199588.jpg
Firsat Urunleri,İçim Krema Şef Peynirli 200 Ml,"₺61,95",https://ardenmarket.com.tr/icim-sef-krema-yemek-sosu-peynirli-200-ml.html,https://ardenmarket.com.tr/media/catalog/product/cache/af204314a7b8c0f9bb1d3072a30a2454/2/0/205540.jpg
Firsat Urunleri,İçim Yemek Sosu Şef Mantarlı 200 Ml,"₺61,95",https://ardenmarket.com.tr/icim-sef-krema-yemek-sosu-mantarli-200-ml.html,https://ardenmarket.com.tr/media/catalog/product/cache/af204314a7b8c0f9bb1d3072a30a2454/2/0/205542.jpg
Firsat Urunleri,Hasata Gönen Baldo Pirinç 2 Kg,"₺289,95",https://ardenmarket.com.tr/hasata-gonen-baldo-pirinc-2-kg.html,https://ardenmarket.com.tr/media/catalog/product/cache/af204314a7b8c0f9bb1d3072a30a2454/g/o/gonen-baldo-pirinc-2-kg-pirinc-hasata-42-25-b.jpg
Firsat Urunleri,Ahsaf Zeytinyağı Riviera 1 Lt Pet,"₺359,95",https://ardenmarket.com.tr/ahsaf-riviera-zeytinyagi-1-lt-pet.html,https://ardenmarket.com.tr/media/catalog/product/cache/af204314a7b8c0f9bb1d3072a30a2454/2/0/205391.jpg
Firsat Urunleri,SuperFresh Mısır Konserve 3x200 Gr,"₺139,95",https://ardenmarket.com.tr/superfresh-misir-konserve-3x200-gr.html,https://ardenmarket.com.tr/media/catalog/product/cache/af204314a7b8c0f9bb1d3072a30a2454/2/4/245326736_1691774464586_org_5utntfwdddhnpso3.jpg
Firsat Urunleri,Canped Emici Külot Extra Large 8'Li,"₺329,95",https://ardenmarket.com.tr/canped-emici-kulot-extra-large-8-li.html,https://ardenmarket.com.tr/media/catalog/product/cache/af204314a7b8c0f9bb1d3072a30a2454/1/0/107852-1.jpg
Firsat Urunleri,Dr. Oetker Supangle 135 Gr,"₺51,00",https://ardenmarket.com.tr/dr-oetker-supangle-143-gr.html,https://ardenmarket.com.tr/media/catalog/product/cache/af204314a7b8c0f9bb1d3072a30a2454/d/r/dr._oetker_supangle_143_gr.jpg
Firsat Urunleri,Dr. Oetker Sade Muhallebi 210 Gr,"₺45,00",https://ardenmarket.com.tr/dr-oetker-sade-muhallebi-210-gr.html,https://ardenmarket.com.tr/media/catalog/product/cache/af204314a7b8c0f9bb1d3072a30a2454/d/r/dr._oetker_sade_muhallebi_210_gr.png
Firsat Urunleri,Dr. Oetker Süsleme Glazürü 76 Gr,"₺119,95",https://ardenmarket.com.tr/dr-oetker-susleme-glazuru-76-gr.html,https://ardenmarket.com.tr/media/catalog/product/cache/af204314a7b8c0f9bb1d3072a30a2454/8/7/8796843474994_1601817679335.png
Firsat Urunleri,Dr. Oetker Kakaolu Pasta Kreması 156 Gr,"₺79,95",https://ardenmarket.com.tr/dr-oetker-kakaolu-pasta-kremasi-156-gr.html,https://ardenmarket.com.tr/media/catalog/product/cache/af204314a7b8c0f9bb1d3072a30a2454/d/r/dr._oetker_kakaolu_pasta_kremas_156_gr.png
Firsat Urunleri,Dr. Oetker Vanilinli Pasta Kreması 130 Gr,"₺79,95",https://ardenmarket.com.tr/dr-oetker-vanilinli-pasta-kremasi-136-gr.html,https://ardenmarket.com.tr/media/catalog/product/cache/af204314a7b8c0f9bb1d3072a30a2454/d/r/dr._oetker_vanilinli_pasta_kremas_136_gr.png
Firsat Urunleri,Dr. Oetker Krem Şanti Çikolatalı 80 Gr,"₺44,95",https://ardenmarket.com.tr/dr-oetker-krem-santi-cikolatali-80-gr.html,https://ardenmarket.com.tr/media/catalog/product/cache/af204314a7b8c0f9bb1d3072a30a2454/8/7/8796356935730_1601817670414.png
Firsat Urunleri,Dr.Oetker Krem Şanti 75 Gr,"₺48,50",https://ardenmarket.com.tr/dr-oetker-krem-santi-75-gr.html,https://ardenmarket.com.tr/media/catalog/product/cache/af204314a7b8c0f9bb1d3072a30a2454/d/r/dr.oetker_krem_anti_75_gr.png
Firsat Urunleri,Dr. Oetker Köstebek Pasta 450 Gr,"₺194,95",https://ardenmarket.com.tr/dr-oetker-kostebek-pasta-450-gr.html,https://ardenmarket.com.tr/media/catalog/product/cache/af204314a7b8c0f9bb1d3072a30a2454/d/r/dr._oetker_k_stebek_pasta_450_gr.png
Firsat Urunleri,Dr. Oetker Kakaolu Kek Karışımı 350 Gr,"₺97,50",https://ardenmarket.com.tr/dr-oetker-kakaolu-kek-karisimi-350-gr.html,https://ardenmarket.com.tr/media/catalog/product/cache/af204314a7b8c0f9bb1d3072a30a2454/d/r/dr._oetker_kakaolu_kek_kar_m_350_gr.png
Firsat Urunleri,Dr. Oetker Sade Kek Karışımı 450 Gr,"₺67,95",https://ardenmarket.com.tr/dr-oetker-sade-kek-karisimi-450-gr.html,https://ardenmarket.com.tr/media/catalog/product/cache/af204314a7b8c0f9bb1d3072a30a2454/d/r/dr._oetker_sade_kek_kar_m_450_gr.png
Firsat Urunleri,Dr. Oetker Kakao Kilitli Ambalaj 100 Gr,"₺129,95",https://ardenmarket.com.tr/dr-oetker-kakao-kilitli-ambalaj-100-gr.html,https://ardenmarket.com.tr/media/catalog/product/cache/af204314a7b8c0f9bb1d3072a30a2454/d/r/dr._oetker_kakao_kilitli_ambalaj_100_gr.png
Firsat Urunleri,Dr. Oetker Böğürtlen Soslu Trileçe 315 Gr,"₺119,95",https://ardenmarket.com.tr/dr-oetker-bogurtlen-soslu-trilece-315-gr.html,https://ardenmarket.com.tr/media/catalog/product/cache/af204314a7b8c0f9bb1d3072a30a2454/8/8/8801016086578_1601817692818.png
Firsat Urunleri,Dr. Oetker Trileçe Karamel Soslu 315 Gr,"₺119,95",https://ardenmarket.com.tr/dr-oetker-trilece-karamel-soslu-315-gr.html,https://ardenmarket.com.tr/media/catalog/product/cache/af204314a7b8c0f9bb1d3072a30a2454/8/7/8797137272882_1601817691228.png
Firsat Urunleri,Dr. Oetker Wolke Limonlu Kek Karışımı 430 Gr,"₺134,95",https://ardenmarket.com.tr/dr-oetker-wolke-limonlu-kek-karisimi-430-gr.html,https://ardenmarket.com.tr/media/catalog/product/cache/af204314a7b8c0f9bb1d3072a30a2454/8/7/8796475293746_1601817671950.png
Firsat Urunleri,Dr. Oetker Poğaça Unu 252 Gr,"₺62,50",https://ardenmarket.com.tr/dr-oetker-pogaca-unu-252-gr.html,https://ardenmarket.com.tr/media/catalog/product/cache/af204314a7b8c0f9bb1d3072a30a2454/d/r/dr._oetker_po_a_a_unu_252_gr.jpg
Firsat Urunleri,Dr. Oetker Pirinç Unu 175 Gr,"₺55,00",https://ardenmarket.com.tr/dr-oetker-pirinc-unu-175-gr.html,https://ardenmarket.com.tr/media/catalog/product/cache/af204314a7b8c0f9bb1d3072a30a2454/1/5/1500x1500_thumb_8690629310943.png
Firsat Urunleri,Dr. Oetker Çilek Jel Aromalı 100 Gr,"₺46,50",https://ardenmarket.com.tr/dr-oetker-cilek-jel-aromali-100-gr.html,https://ardenmarket.com.tr/media/catalog/product/cache/af204314a7b8c0f9bb1d3072a30a2454/d/r/dr._oetker_ilek_jel_aromal_100_gr.png
Firsat Urunleri,Şölen Nutymax Antep Fıstıklı Kremalı Gofret 44 Gr,"₺40,00",https://ardenmarket.com.tr/solen-nutymax-antep-fistikli-kremali-gofret-44-gr.html,https://ardenmarket.com.tr/media/catalog/product/cache/af204314a7b8c0f9bb1d3072a30a2454/_/l/_len_nutymax_antep_f_st_kl_kremal_gofret_44_gr_1.png
4463,Eker Çırpılmış Yoğurt 500 G,"₺94,95",https://ardenmarket.com.tr/eker-cirpilmis-yogurt-500-g.html,https://ardenmarket.com.tr/media/catalog/product/cache/af204314a7b8c0f9bb1d3072a30a2454/1/2/12501168_1-c845e7-1650x1650.png
4463,Sütaş Beyaz Peynir Klasik 500 Gr,"₺329,00",https://ardenmarket.com.tr/sutas-beyaz-peynir-klasik-500-gr.html,https://ardenmarket.com.tr/media/catalog/product/cache/af204314a7b8c0f9bb1d3072a30a2454/6/3/638610553430374202.png
4463,Pınar Peynir Kahvaltı Keyfi 800 Gr,"₺329,95",https://ardenmarket.com.tr/pinar-peynir-kahvalti-keyfi-800-gr.html,https://ardenmarket.com.tr/media/catalog/product/cache/af204314a7b8c0f9bb1d3072a30a2454/6/9/69611699_1707332586530_org_noon8jgmxxxgsn4k.jpg
4463,Muratbey Kaşar Peyniri Kg,"₺789,95",https://ardenmarket.com.tr/muratbey-kasar-peyniri-kg.html,https://ardenmarket.com.tr/media/catalog/product/cache/af204314a7b8c0f9bb1d3072a30a2454/1/0/10101064-d23ea2-1650x1650.png
4463,Ünal Anadolu Eski Kaşar Kg,"₺679,99",https://ardenmarket.com.tr/unal-anadolu-eski-kasar-kg.html,https://ardenmarket.com.tr/media/catalog/product/cache/af204314a7b8c0f9bb1d3072a30a2454/i/m/image_15_.png
4463,Altınkılıç Ezine Klasik İnek Peyniri 500 Gr,"₺379,95",https://ardenmarket.com.tr/altinkilic-ezine-klasik-inek-peyniri-500-gr.html,https://ardenmarket.com.tr/media/catalog/product/cache/af204314a7b8c0f9bb1d3072a30a2454/8/8/8823751409714_1640870731638.png
4463,Balparmak Süzme Çiçek Yayla ve Ova Balı 850 g,"₺699,90",https://ardenmarket.com.tr/balparmak-yayla-ova-cicek-bali-850-gr.html,https://ardenmarket.com.tr/media/catalog/product/cache/af204314a7b8c0f9bb1d3072a30a2454/b/a/balparmak_s_zme_i_ek_yayla_ve_ova_bal_850_g_1.png
4463,Ünal Tam Yağlı Ekstra Açık Peynir Kg,"₺599,99",https://ardenmarket.com.tr/pey-unal-tam-yagli-ekstra-kg-18.html,https://ardenmarket.com.tr/media/catalog/product/cache/af204314a7b8c0f9bb1d3072a30a2454/_/n/_nal_tam_ya_l_ekstra_a_k_peynir_kg.png
4463,Ekici Beyaz Peynir Keçi 300 gr,"₺169,95",https://ardenmarket.com.tr/ekici-beyaz-peynir-keci-300-gr.html,https://ardenmarket.com.tr/media/catalog/product/cache/af204314a7b8c0f9bb1d3072a30a2454/4/9/49047993_1707330840570_org_ckkiat2erjubxnxw.jpg
