Product Title,Category,Monthly Inflation(%)
% 100 PAMUK BASKILI TİŞÖRT,Men,0.0
%100 KETEN CROP DUBLE PAÇA YAZLIK KUMAŞ PANTOLON,Men,0.0
%100 KETEN GÖMLEK ERKEK ÇOCUK,Kids-Baby,-30.40030400304004
%100 KETEN PANTOLON ERKEK ÇOCUK,Kids-Baby,0.0
%100 KETEN RELAX FİT APAŞ YAKA KISA KOLLU GÖMLEK,Men,0.0
%100 KETEN RELAX FİT BERMUDA ŞORT,Men,0.0
%100 KETEN RELAX FİT DÜZ PAÇA YAZLIK BEYAZ PANTOLON,Men,0.0
%100 KETEN RELAX FİT DÜZ PAÇA YAZLIK PANTOLON,Men,0.0
%100 KETEN RELAX FİT PANTOLON,Men,0.0
%100 KETEN RELAX FİT UZUN KOLLU GÖMLEK,Men,0.0
%100 KETEN RELAX FİT ÜÇ CEPLİ GENİŞ PAÇA PANTOLON,Men,0.0
%100 KETEN YAZLIK BASİC UZUN KOLLU GÖMLEK,Men,0.0
%100 KETEN YAZLIK BERMUDA ŞORT,Men,0.0
%100 KETEN YAZLIK UZUN KOLLU BEYAZ GÖMLEK,Men,0.0
%100 KETEN YAZLIK UZUN KOLLU GÖMLEK,Men,0.0
%100 KETEN YAZLIK UZUN KOLLU SİYAH GÖMLEK,Men,0.0
%100 PAMUK %100 PAMUK LOOSE FIT ÇİZGİLİ SWEATSHİRT,Women,0.0
%100 PAMUK 90'S WIDE LEG JEAN PANTOLON,Women,0.0
%100 PAMUK 90'S WIDE LEG YÜKSEK BEL JEAN PANTOLON,Women,-11.727183910815405
%100 PAMUK 90'S WIDE LEG YÜKSEK BEL KESİK UÇ PAÇA UZUN JEAN PANTOLON,Women,0.0
%100 PAMUK 90'S WIDE LEG YÜKSEK BEL UZUN JEAN PANTOLON,Women,-16.000160001600015
%100 PAMUK 90'S WİDE LEG YÜKSEK BEL JEAN PANTOLON,Women,0.0
%100 PAMUK A KESİM NORMAL BEL MÜSLİN ŞORT,Women,0.0
%100 PAMUK A KESİM PENYE MİNİ ELBİSE,Women,0.0
%100 PAMUK AFRA X DEFACTO KARE YAKA VUAL DESENLİ ASKILI BLUZ,Women,0.0
%100 PAMUK APAŞ YAKA POPLİN KISA KOLLU GÖMLEK,Men,0.0
%100 PAMUK ART HOKUSAİ SIRT BASKILI TİŞÖRT,Men,0.0
%100 PAMUK ASİMETRİK BİSİKLET YAKA ÇİZGİLİ TİŞÖRT,Women,0.0
%100 PAMUK ASİMETRİK KARELİ FLANEL ETEK,Women,0.0
%100 PAMUK ATATÜRK BASKILI TİŞÖRT,Men,0.0
%100 PAMUK ATLET,Men,0.0
%100 PAMUK ATLET,Women,0.0
%100 PAMUK AVATAR THE LAST AIRBENDER BASKILI TİŞÖRT,Men,0.0
%100 PAMUK AVATAR THE LAST AİRBENDER BOXY FİT SIRT BASKILI TİŞÖRT,Men,0.0
%100 PAMUK AVATAR THE LAST AİRBENDER SIRT BASKILI TİŞÖRT,Men,0.0
%100 PAMUK AĞIR KUMAŞ TİŞÖRT,Men,-13.333777792593086
%100 PAMUK BAGGY FIT GABARDİN PANTOLON CEPLİ NORMAL BEL,Women,0.0
%100 PAMUK BAGGY FIT JEAN PANTOLON,Women,0.0
%100 PAMUK BAGGY FIT LEOPAR DESENLİ NORMAL BEL GABARDİN PANTOLON,Women,0.0
%100 PAMUK BAGGY FIT NORMAL BEL GABARDİN PANTOLON,Women,-43.846491126854815
%100 PAMUK BAGGY FIT YÜKSEK BEL JEAN PANTOLON,Women,-27.912302622108076
%100 PAMUK BAGGY FIT YÜKSEK BEL KATLAMALI PAÇA JEAN PANTOLON,Women,0.0
%100 PAMUK BAGGY FİT BELİ BAĞCIKLI DÜZ PAÇA ŞORT,Men,0.0
%100 PAMUK BAGGY FİT PANTOLON,Men,-21.052816252774146
%100 PAMUK BARREL FIT NORMAL BEL JEAN PANTOLON,Women,-33.46179585996815
%100 PAMUK BARREL FIT NORMAL BEL KİRAZ CHARMLI GABARDİN PANTOLON,Women,0.0
%100 PAMUK BARREL FIT NORMAL BEL POPLİN PANTOLON,Women,0.0
%100 PAMUK BARREL FIT YÜKSEK BEL JEAN PANTOLON,Women,-20.659499578568177
%100 PAMUK BARREL FIT YÜKSEK BEL KATLAMALI PAÇA JEAN PANTOLON,Women,0.0
%100 PAMUK BARREL FIT YÜKSEK BEL UZUN JEAN PANTOLON,Women,0.0
%100 PAMUK BASIC DÜZ TİŞÖRT,Women,0.0
%100 PAMUK BASIC FLAMLI TİŞÖRT,Women,0.0
%100 PAMUK BASIC GÖMLEK,Women,-1.624120883464278e-14
%100 PAMUK BASIC KETEN KARIŞIMLI GÖMLEK,Women,0.0
%100 PAMUK BASIC PREMIUM TİŞÖRT,Women,0.0
%100 PAMUK BASIC PREMİUM TİŞÖRT,Women,0.0
%100 PAMUK BASIC TİŞÖRT,Women,0.0
%100 PAMUK BASKILI ATLET,Men,0.0
%100 PAMUK BASKILI GÖMLEK,Men,0.0
%100 PAMUK BASKILI KISA KOLLU PİJAMA ÜSTÜ,Women,-40.00080001600032
%100 PAMUK BASKILI PENYE TİŞÖRT,Women,0.0
%100 PAMUK BASKILI POPLİN UZUN KOLLU ELBİSE,Women,0.0
%100 PAMUK BASKILI TİŞÖRT,Men,-38.09796805438819
%100 PAMUK BASKILI TİŞÖRT,Women,0.0
%100 PAMUK BASKILI TİŞÖRT TUNİK,Women,0.0
%100 PAMUK BATMAN 85 BOXY FİT SIRT BASKILI TİŞÖRT,Men,0.0
%100 PAMUK BATMAN BOXY FİT SIRT BASKILI TİŞÖRT,Men,0.0
%100 PAMUK BAĞCIKLI FLAMLI GÖMLEK,Women,0.0
%100 PAMUK BAĞLAMALI CEKET YAKA KOLSUZ BLUZ,Women,0.0
%100 PAMUK BELİ LASTİKLİ BAĞCIKLI ŞORT,Women,0.0
%100 PAMUK BELİ LASTİKLİ BERMUDA ŞORT,Women,0.0
%100 PAMUK BELİ LASTİKLİ CEPLİ ŞORT,Women,0.0
%100 PAMUK BELİ LASTİKLİ DANTEL PLAJ PANTOLONU,Women,0.0
%100 PAMUK BODYCON VÜCUDU SARAN YUVARLAK YAKA RİBANA MİNİ ELBİSE,Women,0.0
%100 PAMUK BOXY FIT BASIC PENYETİŞÖRT,Women,0.0
%100 PAMUK BOXY FIT BASKILI ATLET,Men,0.0
%100 PAMUK BOXY FIT BASKILI TİŞÖRT,Men,2.3077514808072004
%100 PAMUK BOXY FIT PİKE TİŞÖRT,Men,0.0
%100 PAMUK BOXY FIT SLOGAN DESENLİ ATLET,Men,0.0
%100 PAMUK BOXY FIT TİŞÖRT,Men,15.000300006000119
%100 PAMUK BOXY FIT ÇİZGİLİ PENYE TİŞÖRT,Women,0.0
%100 PAMUK BOXY FIT ÇİZGİLİ TİŞÖRT,Men,0.0
%100 PAMUK BOXY FİT ATLET,Men,0.0
%100 PAMUK BOXY FİT BASKILI ATLET,Men,0.0
%100 PAMUK BOXY FİT BASKILI TİŞÖRT,Men,-9.972424598886926
%100 PAMUK BOXY FİT BASİC KISA KOLLU SİYAH TİŞÖRT,Men,0.0
%100 PAMUK BOXY FİT BASİC TİŞÖRT,Men,0.0
%100 PAMUK BOXY FİT BASİC WAFFLE TİŞÖRT,Men,0.0
%100 PAMUK BOXY FİT DESENLİ TİŞÖRT,Men,0.0
%100 PAMUK BOXY FİT GÖMLEK,Men,-5.97021162907673
%100 PAMUK BOXY FİT POLO YAKA ÇİZGİLİ TİŞÖRT,Men,0.0
%100 PAMUK BOXY FİT SIRT BASKILI ATLET,Men,0.0
%100 PAMUK BOXY FİT SIRT BASKILI TİŞÖRT,Men,-31.05944471830612
%100 PAMUK BOXY FİT TİŞÖRT,Men,-10.210025825770794
%100 PAMUK BOXY FİT V YAKA BASKILI TİŞÖRT,Men,0.0
%100 PAMUK BOXY FİT ÇİZGİLİ TİŞÖRT,Men,0.0
%100 PAMUK BOYFRIEND YÜKSEK BEL JEAN ŞORT,Women,0.0
%100 PAMUK BRODE GÖMLEK,Women,0.0
%100 PAMUK BRODE PLAJ GÖMLEĞİ,Women,0.0
%100 PAMUK BÜYÜK BEDEN BOXY FIT BASKILI T-SHIRT,Men,0.0
%100 PAMUK BÜYÜK BEDEN BOXY FIT T-SHIRT,Men,0.0
%100 PAMUK BÜYÜK BEDEN GÖMLEK,Men,0.0
%100 PAMUK BÜYÜK BEDEN POLO TİŞÖRT,Men,-8.57155102215746
%100 PAMUK BÜYÜK BEDEN T-SHIRT,Men,0.0
%100 PAMUK BÜYÜK BEDEN TİŞÖRT,Men,-6.000120002400059
%100 PAMUK BİSİKLET YAKA BAĞCIKLI BRODE BLAZER YELEK,Women,0.0
%100 PAMUK BİSİKLET YAKA FLAMLI TİŞÖRT,Women,0.0
%100 PAMUK BİSİKLET YAKA KETEN GÖRÜNÜMLÜ KOLSUZ BLUZ,Women,0.0
%100 PAMUK BİSİKLET YAKA TİŞÖRT,Women,0.0
%100 PAMUK BİSİKLET YAKA ÜST KIZ ÇOCUK,Kids-Baby,0.0
%100 PAMUK CEPLİ BEYAZ GABARDİN ŞORT,Women,0.0
%100 PAMUK COMFORT FİT BASKILI TİŞÖRT,Men,0.0
%100 PAMUK COMFORT FİT SIRT BASKILI TİŞÖRT,Men,0.0
%100 PAMUK COMFORT STRAIGHT YÜKSEK BEL JEAN PANTOLON,Women,0.0
%100 PAMUK CROP DÜĞMELİ DENİM CEKET,Women,0.0
%100 PAMUK CROPPED FIT CEPLİ JEAN GÖMLEK,Women,0.0
%100 PAMUK CROPPED FIT KESİK UÇLU YUMUŞAK JEAN GÖMLEK,Women,0.0
%100 PAMUK DANTEL DETAYLI BRAZİLİAN KÜLOT,Women,0.0
%100 PAMUK DANTELLİ BELİ LASTİKLİ BEYAZ PLAJ PANTOLONU,Women,0.0
%100 PAMUK DEADPOOL TİŞÖRT,Men,0.0
%100 PAMUK DESENLİ ÖNDEN BAĞLAMALI BLUZ,Women,0.0
%100 PAMUK DRAGON BALL BOXY FİT SIRT BASKILI TİŞÖRT,Men,0.0
%100 PAMUK DÜZ PAÇA ŞORT,Men,0.0
%100 PAMUK DÜĞMELİ CEP DETAYLI DENİM CEKET,Women,0.0
%100 PAMUK DÜŞÜK BEL JEAN PANTOLON,Women,0.0
%100 PAMUK DİK YAKA YAZLIK KISA KOLLU GÖMLEK,Men,0.0
%100 PAMUK ESNEK KUMAŞ BOXY FİT GÖMLEK,Men,0.0
%100 PAMUK FASHİON FIT KOLSUZ YUMUŞAK JEAN ELBİSE,Women,0.0
%100 PAMUK FAST & FURİOUS BOXY FIT TİŞÖRT,Men,0.0
%100 PAMUK FAST & FURİOUS TİŞÖRT,Men,0.0
%100 PAMUK FITTED BASKILI RİBANA TİŞÖRT,Women,0.0
%100 PAMUK FITTED CEKET YAKA POPLİN GÖMLEK,Women,0.0
%100 PAMUK FITTED CROP DESENLİ ÖNDEN BAĞLAMALI BLUZ,Women,0.0
%100 PAMUK FITTED CROP TİŞÖRT,Women,0.0
%100 PAMUK FITTED KAYIK YAKA SLOGAN BASKILI RİBANA TİŞÖRT,Women,0.0
%100 PAMUK FITTED POPLİN GÖMLEK,Women,0.0
%100 PAMUK FITTED POPLİN KISA KOLLU BEYAZ GÖMLEK,Women,0.0
%100 PAMUK FITTED U YAKA ÇİÇEK DESENLİ TİŞÖRT,Women,0.0
%100 PAMUK FITTED V YAKA ÖNDEN BAĞLAMALI POPLİN BLUZ,Women,0.0
%100 PAMUK FITTED ÖNDEN BAĞLAMALI POPLİN BLUZ,Women,0.0
%100 PAMUK FLARE FIT POPLİN KOLSUZ MİDİ ELBİSE,Women,0.0
%100 PAMUK FORD MOTOR COMPANY BOXY FIT BASKILI TİŞÖRT,Men,0.0
%100 PAMUK FORD MOTOR COMPANY BOXY FİT SIRT BASKILI TİŞÖRT,Men,0.0
%100 PAMUK FORD MOTOR COMPANY LOOSE FİT V YAKA SIRT BASKILI TİŞÖRT,Men,0.0
%100 PAMUK FORD MOTOR COMPANY OVERSIZE SIRT BASKILI TİŞÖRT,Women,0.0
%100 PAMUK FORD MOTOR COMPANY OVERSIZE TİŞÖRT,Women,0.0
%100 PAMUK FORD MOTOR COMPANY OVERSIZE V YAKA TİŞÖRT,Women,0.0
%100 PAMUK FORD MOTOR COMPANY TİŞÖRT,Men,0.0
%100 PAMUK GABARDİN GÖMLEK,Men,0.0
%100 PAMUK GABARDİN PALAZZO PANTOLON WİDE LEG YÜKSEK BEL GENİŞ BOL PAÇA,Women,0.0
%100 PAMUK GÖMLEK,Men,2.272750516766655
%100 PAMUK HELLO KİTTY OVERSIZE SIRT BASKILI TİŞÖRT,Women,0.0
%100 PAMUK HOT WHEELS BASKILI TİŞÖRT,Men,0.0
%100 PAMUK HOT WHEELS BOXY FİT SIRT BASKILI TİŞÖRT,Men,0.0
%100 PAMUK HOT WHEELS BOXY FİT TİŞÖRT,Men,0.0
%100 PAMUK HOUSE OF THE DRAGON BOXY FIT BASKILI TİŞÖRT,Men,0.0
%100 PAMUK I LOVE NY OVERSIZE SIRT BASKILI TİŞÖRT,Women,0.0
%100 PAMUK INITIAL D BOXY FIT BASKILI TİŞÖRT,Men,0.0
%100 PAMUK INİTİAL D BOXY FİT SIRT BASKILI TİŞÖRT,Men,0.0
%100 PAMUK INİTİAL D BOXY FİT TİŞÖRT,Men,0.0
%100 PAMUK INİTİAL D LOOSE FIT TİŞÖRT,Men,0.0
%100 PAMUK JAKARLI KISA KOLLU GÖMLEK,Men,0.0
%100 PAMUK JOGGER FIT PANTOLON,Women,0.0
%100 PAMUK JUSTICE LEAGUE BOXY FIT SIRT BASKILI TİŞÖRT,Men,0.0
%100 PAMUK KALP BASKILI KISA KOLLU KIRMIZI TİŞÖRT,Men,0.0
%100 PAMUK KALP BASKILI TİŞÖRT,Men,0.0
%100 PAMUK KARE YAKA KETEN GÖRÜNÜMLÜ GİPELİ ASKILI MİDİ ELBİSE,Women,0.0
%100 PAMUK KEMERLİ KOLSUZ MİDİ ELBİSE,Women,0.0
%100 PAMUK KETEN GÖRÜNÜMLÜ BLUZ,Women,0.0
%100 PAMUK KETEN GÖRÜNÜMLÜ YAZLIK KISA KOLLU GÖMLEK,Men,0.0
%100 PAMUK KISA KOLLU AĞIR KUMAŞ TİŞÖRT,Men,0.0
%100 PAMUK KISA KOLLU BASİC BEYAZ PİKE TİŞÖRT,Men,0.0
%100 PAMUK KISA KOLLU BASİC PİKE TİŞÖRT,Men,0.0
%100 PAMUK KISA KOLLU DOKULU BASKILI JAKARLI TİŞÖRT,Men,0.0
%100 PAMUK KISA KOLLU GÖMLEK,Men,0.0
%100 PAMUK KISA KOLLU HAVLU KUMAŞ TİŞÖRT,Men,0.0
%100 PAMUK KISA KOLLU PİKE TİŞÖRT,Men,0.0
%100 PAMUK KISA KOLLU ÇİZGİLİ GÖMLEK,Men,0.0
%100 PAMUK KISA KOLLU ÇİZGİLİ TİŞÖRT,Men,0.0
%100 PAMUK KISA YÜKSEK BEL CROP JEAN PANTOLON,Women,0.0
%100 PAMUK KRİNKIL KUMAŞ TUNİK,Women,0.0
%100 PAMUK KUROMİ OVERSIZE TİŞÖRT,Women,0.0
%100 PAMUK KUŞAKLI YUMUŞAK JEAN MİDİ ELBİSE,Women,0.0
%100 PAMUK LEONARDO DA VINCI BOXY FIT SLOGAN DESENLİ TİŞÖRT,Men,0.0
%100 PAMUK LONG FIT JEAN ETEK,Women,0.0
%100 PAMUK LONG FIT JEAN UZUN BOY ETEK,Women,0.0
%100 PAMUK LONG FIT MİDİ JEAN ETEK,Women,0.0
%100 PAMUK LOONEY TUNES BOXY FİT SIRT BASKILI TİŞÖRT,Men,0.0
%100 PAMUK LOOSE FIT BASKILI TİŞÖRT,Men,0.0
%100 PAMUK LOOSE FIT POLO TİŞÖRT,Men,0.0
%100 PAMUK LOOSE FIT POLO YAKA TİŞÖRT,Men,0.0
%100 PAMUK LOOSE FIT POLO YAKA ÇİZGİLİ TİŞÖRT,Women,0.0
%100 PAMUK LOOSE FIT RENK BLOKLU SWEATSHİRT,Women,-20.00020000200002
%100 PAMUK LOOSE FIT SIRT BASKILI SWEATSHİRT,Women,0.0
%100 PAMUK LOOSE FIT SIRT BASKILI TİŞÖRT,Women,0.0
%100 PAMUK LOOSE FIT SLOGAN BASKILI SWEATSHİRT KUMAŞI POLO YAKA TİŞÖRT,Men,0.0
%100 PAMUK LOOSE FIT TUNİK,Women,1.0101163148936543
%100 PAMUK LOOSE FIT TİŞÖRT,Women,0.0
%100 PAMUK LOOSE FIT ÇİZGİLİ SWEATSHİRT,Women,-15.78963989094622
%100 PAMUK LOOSE FİT BASKILI TİŞÖRT,Men,-25.41709028483808
%100 PAMUK LOOSE FİT SIRT BASKILI TİŞÖRT,Men,0.0
%100 PAMUK LOOSE FİT ÇİZGİLİ SWEATSHİRT,Women,0.0
%100 PAMUK LOW RISE WIDELEG DÜŞÜK BEL UZUN JEAN PANTOLON,Women,0.0
%100 PAMUK MARVEL AVENGERS BOXY FİT SIRT BASKILI TİŞÖRT,Men,0.0
%100 PAMUK MARVEL BOXY FİT SIRT BASKILI TİŞÖRT,Men,0.0
%100 PAMUK MARVEL LOGO ONLY TİŞÖRT,Men,0.0
%100 PAMUK MODERN FİT ÇİZGİLİ UZUN KOLLU GÖMLEK,Men,0.0
%100 PAMUK MOM FIT YÜKSEK BEL JEAN PANTOLON,Women,0.0
%100 PAMUK MOM FIT YÜKSEK BEL JEAN ŞORT,Women,0.0
%100 PAMUK MOM FIT YÜKSEK BEL PAÇA UCU KESİK JEAN ŞORT,Women,0.0
%100 PAMUK MÜSLİN BASIC BAĞCIKLI TUNİK,Women,0.0
%100 PAMUK NBA BOSTON CELTİCS OVERSIZE NAKIŞ BASKI TİŞÖRT,Women,0.0
%100 PAMUK NBA BROOKLYN NETS CROPPED FIT TİŞÖRT,Women,0.0
%100 PAMUK NBA BROOKLYN NETS OVERSIZE SPORCU TİŞÖRT,Women,0.0
%100 PAMUK NBA CHİCAGO BULLS CROP BİSİKLET YAKA SPORCU TİŞÖRT,Women,0.0
%100 PAMUK NBA CHİCAGO BULLS OVERSIZE NAKIŞLI TİŞÖRT,Women,0.0
%100 PAMUK NBA LOS ANGELES LAKERS OVERSIZE TİŞÖRT,Women,0.0
%100 PAMUK NBA MİAMİ HEAT OVERSIZE TİŞÖRT,Women,0.0
%100 PAMUK NBA NEW YORK KNİCKS OVERSIZE TİŞÖRT,Women,0.0
%100 PAMUK NBA WORDMARK BOXY FIT TİŞÖRT,Women,0.0
%100 PAMUK NBA WORDMARK OVERSIZE NAKIŞ BASKI SPORCU TİŞÖRT,Women,0.0
%100 PAMUK NBA WORDMARK OVERSIZE TİŞÖRT,Women,0.0
%100 PAMUK NEFES ALABİLEN BOXY FİT TİŞÖRT,Men,0.0
%100 PAMUK NEFES ALABİLEN LOOSE FİT TİŞÖRT,Men,0.0
%100 PAMUK NORMAL BEL DESENLİ KISA PAÇA ŞORT,Women,0.0
%100 PAMUK NORMAL BEL GABARDİN MİNİ ETEK,Women,0.0
%100 PAMUK NORMAL BEL GABARDİN ŞORT,Women,0.0
%100 PAMUK NORMAL BEL KISA PAÇA BRODE ŞORT,Women,0.0
%100 PAMUK NORMAL BEL KISA PAÇA GABARDİN BERMUDA ŞORT,Women,0.0
%100 PAMUK NORMAL BEL LEOPAR DESENLİ KISA PAÇA GABARDİN ŞORT,Women,0.0
%100 PAMUK ONE PIECE BASKILI BOXY FIT TİŞÖRT,Men,0.0
%100 PAMUK ONE PIECE BOXY FIT BASKILI TİŞÖRT,Men,0.0
%100 PAMUK ONE PIECE BOXY FIT TİŞÖRT,Men,0.0
%100 PAMUK ONE PİECE BOXY FİT SIRT BASKILI TİŞÖRT,Men,0.0
%100 PAMUK ONE PİECE LOOSE FIT TİŞÖRT,Men,0.0
%100 PAMUK ONE PİECE LOOSE FİT SIRT BASKILI TİŞÖRT,Men,0.0
%100 PAMUK ONE PİECE OVERSİZE SIRT BASKILI TİŞÖRT,Men,0.0
%100 PAMUK OVERSHIRT FIT SIRT BASKILI TİŞÖRT,Women,0.0
%100 PAMUK OVERSHİRT FIT KARELİ GÖMLEK,Women,0.0
%100 PAMUK OVERSIZE AYICIKLI TİŞÖRT,Women,0.0
%100 PAMUK OVERSIZE BASIC OXFORD GÖMLEK,Women,0.0
%100 PAMUK OVERSIZE BASIC TİŞÖRT,Women,0.0
%100 PAMUK OVERSIZE BASKILI SWEATSHİRT,Women,-30.00042857755111
%100 PAMUK OVERSIZE BASKILI TİŞÖRT,Women,0.0
%100 PAMUK OVERSIZE BRODE GÖMLEK,Women,0.0
%100 PAMUK OVERSIZE CEPLİ OXFORD GÖMLEK,Women,0.0
%100 PAMUK OVERSIZE DESENLİ GÖMLEK,Women,0.0
%100 PAMUK OVERSIZE DESENLİ VUAL GÖMLEK,Women,0.0
%100 PAMUK OVERSIZE FULAR YAKA POPLİN GÖMLEK,Women,0.0
%100 PAMUK OVERSIZE GÖMLEK,Women,0.0
%100 PAMUK OVERSIZE GÖMLEK YAKA ÇİZGİLİ OXFORD GÖMLEK,Women,0.0
%100 PAMUK OVERSIZE KARELİ POPLİN GÖMLEK,Women,-40.00040000400004
%100 PAMUK OVERSIZE KAYIK YAKA AJUR TRİKO KAZAK,Women,0.0
%100 PAMUK OVERSIZE POLO YAKA SWEATSHİRT,Women,0.0
%100 PAMUK OVERSIZE SIRT BASKILI TİŞÖRT,Women,0.0
%100 PAMUK OVERSIZE SPOR BASKILI TİŞÖRT,Women,0.0
%100 PAMUK OVERSIZE TEK CEPLİ POPLİN GÖMLEK,Women,0.0
%100 PAMUK OVERSIZE TİŞÖRT,Women,0.0
%100 PAMUK OVERSIZE ÇİZGİLİ POPLİN GÖMLEK,Women,0.0
%100 PAMUK OVERSİZE BASKILI TİŞÖRT,Men,0.0
%100 PAMUK OVERSİZE BASİC BEYAZ TİŞÖRT,Men,0.0
%100 PAMUK OVERSİZE BASİC TİŞÖRT,Men,0.0
%100 PAMUK OVERSİZE SIRT BASKILI TİŞÖRT,Men,0.0
%100 PAMUK PAPERBAG BELİ LASTİKLİ JEAN PANTOLON,Women,0.0
%100 PAMUK PAPERBAG GABARDİN KUMAŞ PANTOLON,Women,0.0
%100 PAMUK PAPERBAG YÜKSEK BEL JEAN ŞORT,Women,0.0
%100 PAMUK PAPERBAG YÜKSEK BEL KATLAMALI PAÇA KEMERLİ JEAN ŞORT,Women,0.0
%100 PAMUK POLO YAKA BASKILI NAKIŞLI TİŞÖRT,Men,0.0
%100 PAMUK POLO YAKA BASİC UZUN KOLLU GÖMLEK,Men,0.0
%100 PAMUK POLO YAKA BLOKLU TİŞÖRT,Men,0.0
%100 PAMUK POLO YAKA DÜĞMELİ KUŞAKLI KISA KOLLU MİNİ JEAN ELBİSE,Women,0.0
%100 PAMUK POLO YAKA KISA KOLLU BASİC PİKE KUMAŞ SİYAH TİŞÖRT,Men,0.0
%100 PAMUK POLO YAKA KISA KOLLU BASİC PİKE KUMAŞ TİŞÖRT,Men,0.0
%100 PAMUK POLO YAKA KISA KOLLU BEYAZ GÖMLEK,Men,0.0
%100 PAMUK POLO YAKA KISA KOLLU GÖMLEK,Men,0.0
%100 PAMUK POLO YAKA KISA KOLLU ÇİZGİLİ NAKIŞLI PİKE TİŞÖRT,Men,0.0
%100 PAMUK POLO YAKA KISA KOLLU ÇİZGİLİ TİŞÖRT,Men,0.0
%100 PAMUK POLO YAKA NAKIŞLI YARIM FERMUARLI SWEATSHİRT TUNİK,Women,0.0
%100 PAMUK POLO YAKA TİŞÖRT,Men,0.0
%100 PAMUK POLO YAKA UZUN KOLLU KETEN GÖRÜNÜMLÜ GÖMLEK,Men,0.0
%100 PAMUK POLO YAKA WAFFLE KISA KOLLU GÖMLEK,Men,0.0
%100 PAMUK POLO YAKA ÇİZGİLİ TİŞÖRT,Men,0.0
%100 PAMUK POPLİN BAĞLAMALI GÖMLEK TUNİK,Women,0.0
%100 PAMUK POPLİN BOYUNDAN BAĞLAMALI BLUZ,Women,0.0
%100 PAMUK POPLİN GÖMLEK TUNİK,Women,0.0
%100 PAMUK POPLİN ÇİZGİLİ MİDİ ELBİSE,Women,0.0
%100 PAMUK POWERPUFF GİRLS REGULAR FIT RİBANA TİŞÖRT,Women,0.0
%100 PAMUK PUANTİYELİ POPLİN TUNİK,Women,0.0
%100 PAMUK PİKE TİŞÖRT,Men,0.0
%100 PAMUK REGULAR FIT APAŞ YAKA BASIC GÖMLEK,Women,0.0
%100 PAMUK REGULAR FIT APAŞ YAKA FLAMLI GÖMLEK,Women,0.0
%100 PAMUK REGULAR FIT APAŞ YAKA FLAMLI KISA KOLLU BLUZ,Women,0.0
%100 PAMUK REGULAR FIT APAŞ YAKA FLAMLI YARIM KOLLU BEYAZ GÖMLEK,Women,0.0
%100 PAMUK REGULAR FIT APLİKE BASKILI PENYE TİŞÖRT,Women,0.0
%100 PAMUK REGULAR FIT ATATÜRK BASKILI TİŞÖRT,Women,0.0
%100 PAMUK REGULAR FIT BASKILI GECELİK,Women,-40.00080001600032
%100 PAMUK REGULAR FIT BASKILI PENYE TİŞÖRT,Women,0.0
%100 PAMUK REGULAR FIT BASKILI TİŞÖRT,Women,0.0
%100 PAMUK REGULAR FIT BASKILI UZUN KOLLU PİJAMA ÜSTÜ,Women,0.0
%100 PAMUK REGULAR FIT BAĞLAMA DETAYLI POPLİN GÖMLEK,Women,0.0
%100 PAMUK REGULAR FIT BAĞLAMALI UZUN KOLLU TUNİK,Women,0.0
%100 PAMUK REGULAR FIT BRODE BOYUNDAN BAĞLAMALI BLUZ,Women,0.0
%100 PAMUK REGULAR FIT BRODE GÖMLEK,Women,0.0
%100 PAMUK REGULAR FIT BRODE PLAJ PANTOLONU,Women,0.0
%100 PAMUK REGULAR FIT BRODE ÖNDEN BAĞLAMALI BEYAZ PLAJ ÜSTÜ,Women,0.0
%100 PAMUK REGULAR FIT BRODE ÖNDEN BAĞLAMALI PLAJ ÜSTÜ,Women,0.0
%100 PAMUK REGULAR FIT DANTEL DETAYLI PLAJ GÖMLEĞİ,Women,0.0
%100 PAMUK REGULAR FIT DANTELLİ HIRKA,Women,-40.00036363966945
%100 PAMUK REGULAR FIT DESENLİ KUŞAKLI KİMONO,Women,0.0
%100 PAMUK REGULAR FIT DESENLİ MİDİ PLAJ ELBİSESİ-FALL İN LOVE,Women,0.0
%100 PAMUK REGULAR FIT DOKULU ÖNDEN BAĞLAMALI FIRFIRLI BLUZ,Women,0.0
%100 PAMUK REGULAR FIT FLAMLI BLUZ,Women,0.0
%100 PAMUK REGULAR FIT FLAMLI GÖMLEK,Women,0.0
%100 PAMUK REGULAR FIT FLAMLI KISA KOLLU BLUZ,Women,0.0
%100 PAMUK REGULAR FIT FLAMLI TİŞÖRT,Women,0.0
%100 PAMUK REGULAR FIT FLAMLI UZUN KOLLU TUNİK,Women,0.0
%100 PAMUK REGULAR FIT FİYONKLU POPLİN GÖMLEK TUNİK,Women,0.0
%100 PAMUK REGULAR FIT GENİŞ YAKALI POPLİN GÖMLEK TUNİK,Women,0.0
%100 PAMUK REGULAR FIT GÖMLEK YAKA KREP KOLSUZ BLUZ,Women,0.0
%100 PAMUK REGULAR FIT GÖMLEK YAKA POPLİN UZUN KOLLU TUNİK,Women,0.0
%100 PAMUK REGULAR FIT KEMERLİ KOLSUZ MİDİ ELBİSE,Women,0.0
%100 PAMUK REGULAR FIT KONTRAST YAKALI FERMUARLI CEPLİ CEKET MONT,Women,0.0
%100 PAMUK REGULAR FIT MÜSLİN GÖMLEK,Women,0.0
%100 PAMUK REGULAR FIT MÜSLİN PLAJ GÖMLEĞİ,Women,0.0
%100 PAMUK REGULAR FIT MÜSLİN PLAJ ŞORTU,Women,0.0
%100 PAMUK REGULAR FIT NAKIŞ DETAYLI PENYE ATLET,Women,0.0
%100 PAMUK REGULAR FIT PENYE TİŞÖRT,Women,0.0
%100 PAMUK REGULAR FIT POLO YAKA SWEATSHİRT TUNİK,Women,0.0
%100 PAMUK REGULAR FIT POLO YAKA ÇİZGİLİ SWEATSHİRT TUNİK,Women,0.0
%100 PAMUK REGULAR FIT POPLİN KISA KOLLU BEYAZ GÖMLEK,Women,0.0
%100 PAMUK REGULAR FIT POPLİN MİDİ ELBİSE,Women,0.0
%100 PAMUK REGULAR FIT SWEATSHİRT TUNİK,Women,-30.00030000300003
%100 PAMUK REGULAR FIT TİŞÖRT,Women,0.0
%100 PAMUK REGULAR FIT TİŞÖRT TUNİK,Women,-20.417006950115834
%100 PAMUK REGULAR FIT U YAKA BASKILI KOLSUZ GECELİK,Women,0.0
%100 PAMUK REGULAR FIT UZUN KOLLU TUNİK,Women,0.0
%100 PAMUK REGULAR FIT V YAKA BASIC PENYE TİŞÖRT,Women,0.0
%100 PAMUK REGULAR FIT V YAKA MÜSLİN ÖNDEN BAĞLAMALI UZUN KOLLU TUNİK,Women,0.0
%100 PAMUK REGULAR FIT V YAKA POPLİN BLUZ TUNİK,Women,0.0
%100 PAMUK REGULAR FIT ÇİZGİLİ TUNİK,Women,0.0
%100 PAMUK RELAX FIT BASIC KISA KOLLU NAKIŞLI TESETTÜR TİŞÖRT TUNİK,Women,0.0
%100 PAMUK RELAX FIT BASIC POPLİN GÖMLEK TUNİK,Women,0.0
%100 PAMUK RELAX FIT BASKILI FLAMLI ÇİZGİLİ GÖMLEK TUNİK,Women,0.0
%100 PAMUK RELAX FIT BASKILI PENYE TİŞÖRT,Women,0.0
%100 PAMUK RELAX FIT BAĞCIKLI MÜSLİN GÖMLEK TUNİK,Women,0.0
%100 PAMUK RELAX FIT BİSİKLET YAKA APLİKE BASKILI PENYE TİŞÖRT,Women,0.0
%100 PAMUK RELAX FIT BİSİKLET YAKA ÇİÇEKLİ POPLİN BAĞCIKLI UZUN KOLLU MAXİ ELBİSE,Women,0.0
%100 PAMUK RELAX FIT BİSİKLET YAKA İŞLEMELİ PENYE TİŞÖRT,Women,0.0
%100 PAMUK RELAX FIT GÖMLEK YAKA FLAMLI GÖMLEK,Women,0.0
%100 PAMUK RELAX FIT JEAN PANTOLON,Women,-30.66687111247408
%100 PAMUK RELAX FIT KAYIK YAKA PREMİUM TİŞÖRT,Women,-40.00057143673481
%100 PAMUK RELAX FIT KAYIK YAKA PREMİUM ÇİZGİLİ TİŞÖRT,Women,-40.00057143673481
%100 PAMUK RELAX FIT MÜSLİN UZUN KOLLU TUNİK,Women,0.0
%100 PAMUK RELAX FIT POPLİN BASIC GÖMLEK TUNİK,Women,0.0
%100 PAMUK RELAX FIT POPLİN GÖMLEK TUNİK,Women,0.0
%100 PAMUK RELAX FIT V YAKA ÇİZGİLİ TİŞÖRT,Women,0.0
%100 PAMUK RELAX FIT YARIM BALIKÇI YAKA PREMİUM TİŞÖRT,Women,-40.00057143673481
%100 PAMUK RELAX FIT YÜKSEK BEL KISA PAÇA BEYAZ MÜSLİN ŞORT,Women,0.0
%100 PAMUK RELAX FIT ÇİZGİLİ FLAMLI GÖMLEK TUNİK,Women,0.0
%100 PAMUK RELAX FIT ÇİÇEK DESENLİ VUAL GÖMLEK TUNİK,Women,0.0
%100 PAMUK RELAX FİT BASKILI TİŞÖRT,Men,0.0
%100 PAMUK RELAX FİT CEKET YAKA YAZLIK MÜSLİN KISA KOLLU GÖMLEK,Men,0.0
%100 PAMUK RELAX FİT GÖMLEK,Men,-20.00020000200001
%100 PAMUK RELAX FİT KISA KOLLU BASİC BEYAZ TİŞÖRT,Men,0.0
%100 PAMUK RELAX FİT KISA KOLLU BASİC TİŞÖRT,Men,0.0
%100 PAMUK RELAX FİT POLO YAKA YAZLIK KISA KOLLU GÖMLEK,Men,0.0
%100 PAMUK RELAX FİT YAZLIK CEPLİ KISA KOLLU GÖMLEK,Men,0.0
%100 PAMUK RELAX FİT YAZLIK CEPLİ KISA KOLLU SİYAH GÖMLEK,Men,0.0
%100 PAMUK RELAX FİT ÇAPRAZ DOKUMA DOKULU CEPLİ ŞORT,Men,0.0
%100 PAMUK RELAX FİT ÇİZGİLİ YAZLIK KISA KOLLU GÖMLEK,Men,0.0
%100 PAMUK RICK AND MORTY BOXY FIT BASKILI TİŞÖRT,Men,0.0
%100 PAMUK RICK AND MORTY BOXY FIT TİŞÖRT,Men,0.0
%100 PAMUK RİCK AND MORTY BOXY FİT SIRT BASKILI ATLET,Men,0.0
%100 PAMUK RİCK AND MORTY BOXY FİT SIRT BASKILI TİŞÖRT,Men,0.0
%100 PAMUK RİCK AND MORTY SIRT BASKILI TİŞÖRT,Men,0.0
%100 PAMUK RİCK AND MORTY TİŞÖRT,Men,0.0
%100 PAMUK SIRT BASKILI TİŞÖRT,Men,0.0
%100 PAMUK SIRT BASKILI TİŞÖRT,Women,0.0
%100 PAMUK SLIM FIT BASIC RİBANA TİŞÖRT,Women,0.0
%100 PAMUK SLIM FIT FITİLLİ KAŞKORSE TİŞÖRT,Women,-10.00020000400008
%100 PAMUK SLIM FIT KAYIK YAKA RİBANA TİŞÖRT,Women,-20.00040000800016
%100 PAMUK SLIM FIT POLO YAKA RİBANA ATLET,Women,0.0
%100 PAMUK SLIM FIT RİBANA ATLET,Women,0.0
%100 PAMUK SLIM FIT RİBANA TİŞÖRT,Men,0.0
%100 PAMUK SLIM FIT RİBANA TİŞÖRT,Women,0.0
%100 PAMUK SLIM FIT UZUN KOLLU TUNİK,Women,0.0
%100 PAMUK SLIM FIT V YAKA FITİLLİ KAŞKORSE TİŞÖRT,Women,0.0
%100 PAMUK SLİM FIT DAR KESİM BİSİKLET YAKA ÖNDEN BAĞLAMALI DOKULU KOLSUZ BLUZ,Women,0.0
%100 PAMUK SLİM FIT DAR KESİM POLO YAKA DÜĞMELİ KROŞE HIRKA,Women,0.0
%100 PAMUK SLİM FIT DAR KESİM YARIM BALIKÇI YAKA BLUZ,Women,0.0
%100 PAMUK SLİM FIT RİBANA TİŞÖRT,Women,0.0
%100 PAMUK SLİM FIT SPORCU ŞORT,Women,0.0
%100 PAMUK SLİM FİT BASKILI TİŞÖRT,Men,0.0
%100 PAMUK SLİM FİT BASİC KISA KOLLU GÖMLEK,Men,0.0
%100 PAMUK SLİM FİT DAR PAÇA CEPLİ BASİC ŞORT,Men,0.0
%100 PAMUK SLİM FİT POLO TİŞÖRT,Men,0.0
%100 PAMUK SLİM FİT POLO YAKA NAKIŞLI TİŞÖRT,Men,0.0
%100 PAMUK SLİM FİT POLO YAKA TİŞÖRT,Men,0.0
%100 PAMUK SLİM FİT RİBANA ATLET,Men,0.0
%100 PAMUK SLİM FİT V YAKA BASİC BEYAZ TİŞÖRT,Men,0.0
%100 PAMUK SLİM FİT V YAKA BASİC SİYAH TİŞÖRT,Men,0.0
%100 PAMUK SLİM FİT V YAKA BASİC TİŞÖRT,Men,0.0
%100 PAMUK STANDART FIT BASKILI SPORCU KISA KOLLU MİNİ TİŞÖRT ELBİSE,Women,0.0
%100 PAMUK STANDART FIT SPORCU TİŞÖRT,Women,0.0
%100 PAMUK STAR WARS BOXY FIT BASKILI TİŞÖRT,Men,0.0
%100 PAMUK STAR WARS BOXY FİT SIRT BASKILI TİŞÖRT,Men,0.0
%100 PAMUK STAR WARS BOXY FİT TİŞÖRT,Men,0.0
%100 PAMUK STRAIGHT FIT NORMAL BEL GABARDİN PANTOLON,Women,0.0
%100 PAMUK STRAIGHT FIT YÜKSEK BEL JEAN PANTOLON,Women,-6.0870094522561065
%100 PAMUK STRAIGHT FIT YÜKSEK BEL PAÇA UCU KESİK JEAN PANTOLON,Women,0.0
%100 PAMUK STRAIGHT WIDE FIT YÜKSEK BEL JEAN PANTOLON,Women,0.0
%100 PAMUK STRAIGHT WIDE JEAN PANTOLON,Women,-20.000153847337288
%100 PAMUK STRAIGHT WIDE YIRTIK DETAYLI YÜKSEK BEL UZUN JEAN PANTOLON,Women,0.0
%100 PAMUK STRAIGHT WIDE YÜKSEK BEL DÜZ PAÇA UZUN JEAN PANTOLON,Women,0.0
%100 PAMUK STRAIGHT WIDE YÜKSEK BEL GENİŞ PAÇA JEAN KAR YIKAMALI PANTOLON,Women,0.0
%100 PAMUK STRAIGHT WIDE YÜKSEK BEL JEAN PANTOLON,Women,-15.713192236127268
%100 PAMUK STRAİGHT FIT DESENLİ ÜÇ CEPLİ NORMAL BEL STANDART BOY PAMUK PANTOLON,Women,0.0
%100 PAMUK STRAİGHT FIT GABARDİN PANTOLON YÜKSEK BEL,Women,0.0
%100 PAMUK STRAİGHT FIT GABARDİN PANTOLON ZEBRA DESENLİ NORMAL BEL STANDART BOY,Women,0.0
%100 PAMUK SU GEÇİRMEZ RELAX FIT FERMUARLI MONT,Women,0.0
%100 PAMUK SWEATSHİRT TUNİK,Women,-40.00040000400004
%100 PAMUK TAPERED FIT YÜKSEK BEL UZUN BOY MÜSLİN PANTOLON,Women,0.0
%100 PAMUK TOM & JERRY BOXY FİT SIRT BASKILI TİŞÖRT,Men,0.0
%100 PAMUK TOM & JERRY OVERSİZE SIRT BASKILI TİŞÖRT,Men,0.0
%100 PAMUK TOM & JERRY SIRT BASKILI TİŞÖRT,Men,0.0
%100 PAMUK TROPİKAL DESENLİ VUAL PLAJ ELBİSESİ,Women,0.0
%100 PAMUK TRİKO POLO TİŞÖRT,Men,0.0
%100 PAMUK TİŞÖRT,Men,-9.600192003840089
%100 PAMUK UZUN BOY POPLİN PİJAMA ALTI,Women,0.0
%100 PAMUK UZUN KOLLU GÖMLEK,Men,0.0
%100 PAMUK UZUN KOLLU TUNİK,Women,0.0
%100 PAMUK V YAKA BASIC PENYE TİŞÖRT,Women,0.0
%100 PAMUK V YAKA BASIC TİŞÖRT,Women,0.0
%100 PAMUK V YAKA POPLİN ASKILI MİDİ ELBİSE,Women,0.0
%100 PAMUK V YAKA POPLİN ÖNDEN BAĞLAMALI UZUN KOLLUMAXİ ELBİSE,Women,0.0
%100 PAMUK V YAKA ÖNDEN BAĞLAMALI BLUZ,Women,0.0
%100 PAMUK VAN GOGH BOXY FIT SLOGAN DESENLİ TİŞÖRT,Men,0.0
%100 PAMUK VAN GOGH OVERSİZE SIRT BASKILI TİŞÖRT,Men,0.0
%100 PAMUK VAN GOGH SIRT BASKILI TİŞÖRT,Men,0.0
%100 PAMUK VIKINGS BASKILI TİŞÖRT,Men,0.0
%100 PAMUK VIKINGS BOXY FIT SIRT BASKILI TİŞÖRT,Men,0.0
%100 PAMUK VIKINGS VALHALLA BOXY FIT BASKILI TİŞÖRT,Men,0.0
%100 PAMUK VIKINGS VALHALLA BOXY FIT TİŞÖRT,Men,0.0
%100 PAMUK VİKİNGS COMFORT RAHAT KALIP SIRT BASKILI TİŞÖRT,Men,0.0
%100 PAMUK VİKİNGS VALHALLA BOXY FİT RAHAT KALIP SIRT BASKILI TİŞÖRT,Men,0.0
%100 PAMUK VİKİNGS VALHALLA BOXY FİT SIRT BASKILI ATLET,Men,0.0
%100 PAMUK VİKİNGS VALHALLA BOXY FİT SIRT BASKILI TİŞÖRT,Men,0.0
%100 PAMUK VİKİNGS VALHALLA OVERSİZE SIRT BASKILI TİŞÖRT,Men,0.0
%100 PAMUK VİKİNGS VALHALLA RAHAT KALIP SIRT BASKILI TİŞÖRT,Men,0.0
%100 PAMUK VİKİNGS VALHALLA TİŞÖRT,Men,0.0
%100 PAMUK WAFFLE ŞORT,Men,0.0
%100 PAMUK WIDE LEG BAĞCIKLI BEL UZUN JEAN PANTOLON,Women,0.0
%100 PAMUK WIDE LEG JEAN PANTOLON,Women,-30.000200001333344
%100 PAMUK WIDE LEG NORMAL BEL GABARDİN PANTOLON,Women,-30.00030000300003
%100 PAMUK WIDE LEG NORMAL BEL JEAN PANTOLON,Women,-20.000153847337288
%100 PAMUK WIDE LEG YÜKSEK BEL UZUN JEAN PANTOLON,Women,0.0
%100 PAMUK WİDE LEG BASIC GENİŞ PAÇA PREMİUM PANTOLON,Women,0.0
%100 PAMUK WİDE LEG GENİŞ BOL PAÇA PANTOLON,Women,0.0
%100 PAMUK WİDE LEG NORMAL BEL MÜSLİN PANTOLON,Women,0.0
%100 PAMUK WİDE LEG POPLİN KUMAŞ PALAZZO PANTOLON,Women,0.0
%100 PAMUK WİDE LEG ÇİFT CEPLİ BELİ LASTİKLİ STANDART BOY BRODE PANTOLON,Women,0.0
%100 PAMUK YAZLIK BASİC KISA KOLLU GÖMLEK,Men,0.0
%100 PAMUK YAZLIK KARELİ KISA KOLLU GÖMLEK,Men,0.0
%100 PAMUK YAZLIK KETEN GÖRÜNÜMLÜ ÇİZGİLİ KISA KOLLU GÖMLEK,Men,0.0
%100 PAMUK YAZLIK KISA KOLLU BEYAZ GÖMLEK,Men,0.0
%100 PAMUK YAZLIK KISA KOLLU GÖMLEK,Men,0.0
%100 PAMUK YAZLIK KISA KOLLU SİYAH GÖMLEK,Men,0.0
%100 PAMUK YAZLIK V YAKA KISA KOLLU GÖMLEK,Men,0.0
%100 PAMUK YIKAMALI SOLUK EFEKTLİ YUMUŞAK JEAN YELEK,Women,0.0
%100 PAMUK YÜKSEK BEL BELİ LASTİKLİ BAĞCIKLI YUMUŞAK JEAN ŞORT,Women,0.0
%100 PAMUK YÜKSEK BEL BEYAZ JEAN BERMUDA ŞORT,Women,0.0
%100 PAMUK YÜKSEK BEL CEPLİ JEAN BERMUDA ŞORT,Women,0.0
%100 PAMUK YÜKSEK BEL DÜZ PAÇA YUMUŞAK JEAN BERMUDA,Women,0.0
%100 PAMUK YÜKSEK BEL JEAN BERMUDA ŞORT,Women,0.0
%100 PAMUK YÜKSEK BEL JEAN PANTOLON,Women,0.0
%100 PAMUK YÜKSEK BEL JEAN ŞORT ETEK,Women,0.0
%100 PAMUK YÜKSEK BEL PAÇA UCU KESİK JEAN ŞORT,Women,0.0
%100 PAMUK YÜKSEK BEL YIKAMALI CEPLİ JEAN ŞORT ETEK,Women,0.0
%100 PAMUK YÜKSEK BEL YUMUŞAK JEAN BERMUDA ŞORT,Women,0.0
%100 PAMUK ÇİZGİLİ KISA KOLLU GÖMLEK,Men,0.0
%100 PAMUK ÇİZGİLİ PİJAMA YAKA POPLİN PİJAMA ÜSTÜ,Women,0.0
%100 PAMUK ÇİZGİLİ TRİKO POLO TİŞÖRT,Men,0.0
%100 PAMUK ÇİZGİLİ TİŞÖRT,Men,-23.000460009200182
%100 PAMUK ÇİZGİLİ UZUN KOLLU GÖMLEK,Men,0.0
%100 PAMUK ÇİÇEK DESENLİ KETEN GÖRÜNÜMLÜ ASKILI MİDİ YAZLIK ELBİSE,Women,0.0
%100 PAMUK ÇİÇEKLİ BOXER,Women,0.0
%100 PAMUK ÖNDEN BAĞLAMALI PLAJ GÖMLEĞİ,Women,0.0
%100 PAMUK ÖRGÜ GÖRÜNÜMLÜ GÖMLEK,Men,0.0
%100 PAMUK İNCE POLO YAKA UZUN KOLLU GÖMLEK,Men,0.0
%100 PAMUKLU 101 DALMATIANS BELİ LASTİKLİ PİJAMA TAKIMI KIZ BEBEK,Kids-Baby,0.0
%100 PAMUKLU 2'Lİ ATLET ERKEK ÇOCUK,Kids-Baby,-7.272925625244329
%100 PAMUKLU 2'Lİ ATLET KIZ ÇOCUK,Kids-Baby,0.0
%100 PAMUKLU 2'Lİ PİJAMA TAKIMI ERKEK ÇOCUK,Kids-Baby,0.0
%100 PAMUKLU 2'Lİ PİJAMA TAKIMI KIZ ÇOCUK,Kids-Baby,0.0
%100 PAMUKLU 2'Lİ TAKIM BRA SLİP KÜLOT KIZ ÇOCUK,Kids-Baby,0.0
%100 PAMUKLU 3'LÜ SLİP KÜLOT KIZ ÇOCUK,Kids-Baby,0.0
%100 PAMUKLU 5'Lİ ATLET ERKEK ÇOCUK,Kids-Baby,0.0
%100 PAMUKLU 5'Lİ ATLET KIZ ÇOCUK,Kids-Baby,0.0
%100 PAMUKLU ANIME BASKILI BELİ LASTİKLİ PİJAMA TAKIMI KIZ BEBEK,Kids-Baby,0.0
%100 PAMUKLU ANİME BASKILI BELİ LASTİKLİ PİJAMA TAKIMI KIZ ÇOCUK,Kids-Baby,0.0
%100 PAMUKLU ANİME BASKILI GECELİK KIZ ÇOCUK,Kids-Baby,0.0
%100 PAMUKLU ANİME BASKILI PİJAMA TAKIMI KIZ ÇOCUK,Kids-Baby,0.0
%100 PAMUKLU ARAÇ BASKILI 2'Lİ PİJAMA TAKIMI ERKEK BEBEK,Kids-Baby,0.0
%100 PAMUKLU ARAÇ BASKILI BELİ LASTİKLİ 4'LÜ PİJAMA TAKIMI ERKEK BEBEK,Kids-Baby,0.0
%100 PAMUKLU ARAÇ BASKILI BELİ LASTİKLİ PİJAMA TAKIMI ERKEK BEBEK,Kids-Baby,0.0
%100 PAMUKLU ARAÇ BASKILI PİJAMA TAKIMI ERKEK BEBEK,Kids-Baby,0.0
%100 PAMUKLU ARİSTOCATS PİJAMA TAKIMI KIZ BEBEK,Kids-Baby,0.0
%100 PAMUKLU ASLAN BASKILI BELİ LASTİKLİ PİJAMA TAKIMI ERKEK BEBEK,Kids-Baby,0.0
%100 PAMUKLU AYI BASKILI BELİ LASTİKLİ PİJAMA TAKIMI ERKEK BEBEK,Kids-Baby,0.0
%100 PAMUKLU AYICIK BASKILI BELİ LASTİKLİ PİJAMA TAKIMI KIZ ÇOCUK,Kids-Baby,0.0
%100 PAMUKLU AYICIK BASKILI GECELİK KIZ ÇOCUK,Kids-Baby,0.0
%100 PAMUKLU BALLOON FİT PANTOLON ERKEK ÇOCUK,Kids-Baby,0.0
%100 PAMUKLU BASKILI 2'Lİ ATLET ERKEK ÇOCUK,Kids-Baby,0.0
%100 PAMUKLU BASKILI 2'Lİ PİJAMA TAKIMI ERKEK BEBEK,Kids-Baby,0.0
%100 PAMUKLU BASKILI 5'Lİ ATLET ERKEK ÇOCUK,Kids-Baby,0.0
%100 PAMUKLU BASKILI BELİ LASTİKLİ PİJAMA TAKIMI ERKEK BEBEK,Kids-Baby,-36.40072801456029
%100 PAMUKLU BASKILI BELİ LASTİKLİ PİJAMA TAKIMI ERKEK ÇOCUK,Kids-Baby,0.0
%100 PAMUKLU BASKILI BELİ LASTİKLİ PİJAMA TAKIMI KIZ ÇOCUK,Kids-Baby,0.0
%100 PAMUKLU BASKILI ELBİSE KIZ ÇOCUK,Kids-Baby,0.0
%100 PAMUKLU BASKILI FİTİLLİ KAŞKORSE PİJAMA TAKIMI KIZ ÇOCUK,Kids-Baby,0.0
%100 PAMUKLU BASKILI GECELİK KIZ ÇOCUK,Kids-Baby,0.0
%100 PAMUKLU BASKILI PİJAMA TAKIMI ERKEK BEBEK,Kids-Baby,0.0
%100 PAMUKLU BASKILI PİJAMA TAKIMI ERKEK ÇOCUK,Kids-Baby,0.0
%100 PAMUKLU BASKILI PİJAMA TAKIMI KIZ ÇOCUK,Kids-Baby,0.0
%100 PAMUKLU BELİ LASTİKLİ 4'LÜ PİJAMA TAKIMI ERKEK BEBEK,Kids-Baby,0.0
%100 PAMUKLU BELİ LASTİKLİ PİJAMA TAKIMI KIZ BEBEK,Kids-Baby,0.0
%100 PAMUKLU BLUZ KIZ ÇOCUK,Kids-Baby,0.0
%100 PAMUKLU BİSİKLET YAKA TİŞÖRT ERKEK BEBEK,Kids-Baby,0.0
%100 PAMUKLU CINNAMOROLL BELİ LASTİKLİ PİJAMA TAKIMI KIZ ÇOCUK,Kids-Baby,0.0
%100 PAMUKLU DENİZ BASKILI BELİ LASTİKLİ PİJAMA TAKIMI KIZ BEBEK,Kids-Baby,0.0
%100 PAMUKLU DESENLİ 2'Lİ ATLET ERKEK ÇOCUK,Kids-Baby,0.0
%100 PAMUKLU DESENLİ 2'Lİ ATLET KIZ ÇOCUK,Kids-Baby,0.0
%100 PAMUKLU DESENLİ 2'Lİ PİJAMA TAKIMI ERKEK BEBEK,Kids-Baby,0.0
%100 PAMUKLU DESENLİ 2'Lİ PİJAMA TAKIMI KIZ BEBEK,Kids-Baby,0.0
%100 PAMUKLU DESENLİ 3'LÜ SLİP KÜLOT KIZ ÇOCUK,Kids-Baby,0.0
%100 PAMUKLU DESENLİ BELİ LASTİKLİ PİJAMA TAKIMI ERKEK BEBEK,Kids-Baby,-28.667240011466895
%100 PAMUKLU DESENLİ BELİ LASTİKLİ PİJAMA TAKIMI ERKEK ÇOCUK,Kids-Baby,0.0
%100 PAMUKLU DESENLİ BELİ LASTİKLİ PİJAMA TAKIMI KIZ BEBEK,Kids-Baby,0.0
%100 PAMUKLU DESENLİ BELİ LASTİKLİ PİJAMA TAKIMI KIZ ÇOCUK,Kids-Baby,0.0
%100 PAMUKLU DESENLİ FLANEL BELİ LASTİKLİ PİJAMA TAKIMI ERKEK ÇOCUK,Kids-Baby,0.0
%100 PAMUKLU DESENLİ PENYE PİJAMA TAKIMI ERKEK BEBEK,Kids-Baby,0.0
%100 PAMUKLU DESENLİ PİJAMA TAKIMI ERKEK BEBEK,Kids-Baby,0.0
%100 PAMUKLU DESENLİ PİJAMA TAKIMI KIZ BEBEK,Kids-Baby,0.0
%100 PAMUKLU DISNEY LILO & STITCH BELİ LASTİKLİ PİJAMA TAKIMI KIZ BEBEK,Kids-Baby,0.0
%100 PAMUKLU DISNEY LION KING BELİ LASTİKLİ PİJAMA TAKIMI ERKEK BEBEK,Kids-Baby,0.0
%100 PAMUKLU DISNEY MICKEY & MINNIE BELİ LASTİKLİ PİJAMA TAKIMI ERKEK BEBEK,Kids-Baby,0.0
%100 PAMUKLU DISNEY MICKEY & MINNIE BELİ LASTİKLİ PİJAMA TAKIMI KIZ BEBEK,Kids-Baby,0.0
%100 PAMUKLU DISNEY PRENSES GECELİK KIZ BEBEK,Kids-Baby,0.0
%100 PAMUKLU DISNEY WINNIE BELİ LASTİKLİ PİJAMA TAKIMI ERKEK BEBEK,Kids-Baby,0.0
%100 PAMUKLU DISNEY WINNIE THE POOH BELİ LASTİKLİ PİJAMA TAKIMI KIZ BEBEK,Kids-Baby,0.0
%100 PAMUKLU DRAGON BALL BASKILI BELİ LASTİKLİ PİJAMA TAKIMI ERKEK ÇOCUK,Kids-Baby,0.0
%100 PAMUKLU DİNOZOR BASKILI 2'Lİ PİJAMA TAKIMI ERKEK BEBEK,Kids-Baby,0.0
%100 PAMUKLU DİNOZOR BASKILI BELİ LASTİKLİ PİJAMA TAKIMI ERKEK BEBEK,Kids-Baby,0.0
%100 PAMUKLU DİNOZOR BASKILI BELİ LASTİKLİ PİJAMA TAKIMI ERKEK ÇOCUK,Kids-Baby,0.0
%100 PAMUKLU DİNOZOR BASKILI PİJAMA TAKIMI KIZ BEBEK,Kids-Baby,0.0
%100 PAMUKLU DİNOZOR DESENLİ BELİ LASTİKLİ PİJAMA TAKIMI ERKEK BEBEK,Kids-Baby,-30.000600012000238
%100 PAMUKLU DİSNEY WINNIE THE POOH BELİ LASTİKLİ PİJAMA TAKIMI ERKEK BEBEK,Kids-Baby,0.0
%100 PAMUKLU ELBİSE KIZ ÇOCUK,Kids-Baby,0.0
%100 PAMUKLU FLANEL BELİ LASTİKLİ PİJAMA TAKIMI ERKEK ÇOCUK,Kids-Baby,0.0
%100 PAMUKLU FİTİLLİ KAŞKORSE 2'Lİ PİJAMA TAKIMI KIZ ÇOCUK,Kids-Baby,0.0
%100 PAMUKLU FİTİLLİ KAŞKORSE DESENLİ PİJAMA TAKIMI KIZ BEBEK,Kids-Baby,0.0
%100 PAMUKLU GARFIELD BASKILI PENYE BELİ LASTİKLİ PİJAMA TAKIMI ERKEK BEBEK,Kids-Baby,0.0
%100 PAMUKLU GÖKKUŞAĞI BASKILI PİJAMA TAKIMI KIZ BEBEK,Kids-Baby,0.0
%100 PAMUKLU GÖMLEK ERKEK ÇOCUK,Kids-Baby,0.0
%100 PAMUKLU HAYVAN DESENLİ BELİ LASTİKLİ 4'LÜ PİJAMA TAKIMI KIZ BEBEK,Kids-Baby,0.0
%100 PAMUKLU HAYVAN DESENLİ BELİ LASTİKLİ PİJAMA TAKIMI ERKEK BEBEK,Kids-Baby,0.0
%100 PAMUKLU HELLO KITTY 2'Lİ PİJAMA TAKIMI KIZ ÇOCUK,Kids-Baby,0.0
%100 PAMUKLU KALP DESENLİ 3'LÜ SLİP KÜLOT KIZ ÇOCUK,Kids-Baby,0.0
%100 PAMUKLU KALP DESENLİ BELİ LASTİKLİ PİJAMA TAKIMI KIZ BEBEK,Kids-Baby,0.0
%100 PAMUKLU KAPLAN DESENLİ 2'Lİ PİJAMA TAKIMI ERKEK BEBEK,Kids-Baby,0.0
%100 PAMUKLU KARELİ AYICIKLI PİJAMA TAKIMI KIZ BEBEK,Kids-Baby,0.0
%100 PAMUKLU KEDİ BASKILI GECELİK KIZ ÇOCUK,Kids-Baby,0.0
%100 PAMUKLU KELEBEK DESENLİ BELİ LASTİKLİ PİJAMA TAKIMI KIZ BEBEK,Kids-Baby,0.0
%100 PAMUKLU KUROMI BELİ LASTİKLİ PİJAMA TAKIMI KIZ ÇOCUK,Kids-Baby,0.0
%100 PAMUKLU LOOSE FİT PANTOLON ERKEK ÇOCUK,Kids-Baby,0.0
%100 PAMUKLU MARVEL COMICS BASKILI BELİ LASTİKLİ PİJAMA TAKIMI ERKEK ÇOCUK,Kids-Baby,0.0
%100 PAMUKLU MARVEL COMICS BELİ LASTİKLİ PİJAMA TAKIMI ERKEK BEBEK,Kids-Baby,0.0
%100 PAMUKLU MARVEL COMICS BELİ LASTİKLİ PİJAMA TAKIMI ERKEK ÇOCUK,Kids-Baby,0.0
%100 PAMUKLU MARVEL SPIDERMAN BASKILI BELİ LASTİKLİ PİJAMA TAKIMI ERKEK ÇOCUK,Kids-Baby,0.0
%100 PAMUKLU MEYVE DESENLİ BELİ LASTİKLİ 4'LÜ PİJAMA TAKIMI KIZ BEBEK,Kids-Baby,0.0
%100 PAMUKLU MEYVE DESENLİ BELİ LASTİKLİ PİJAMA TAKIMI ERKEK BEBEK,Kids-Baby,0.0
%100 PAMUKLU MEYVE DESENLİ BELİ LASTİKLİ PİJAMA TAKIMI KIZ BEBEK,Kids-Baby,0.0
%100 PAMUKLU MIFFY 2'Lİ PİJAMA TAKIMI KIZ ÇOCUK,Kids-Baby,0.0
%100 PAMUKLU MINECRAFT 2'Lİ PİJAMA TAKIMI ERKEK ÇOCUK,Kids-Baby,0.0
%100 PAMUKLU MINECRAFT BASKILI BELİ LASTİKLİ PİJAMA TAKIMI ERKEK ÇOCUK,Kids-Baby,0.0
%100 PAMUKLU NAKIŞLI PİJAMA TAKIMI KIZ ÇOCUK,Kids-Baby,0.0
%100 PAMUKLU NBA CURRENT TEAMS BELİ LASTİKLİ PİJAMA TAKIMI ERKEK ÇOCUK,Kids-Baby,0.0
%100 PAMUKLU NINJA TURTLES-RETRO BELİ LASTİKLİ PİJAMA TAKIMI ERKEK ÇOCUK,Kids-Baby,0.0
%100 PAMUKLU PAW PATROL BELİ LASTİKLİ PİJAMA TAKIMI KIZ BEBEK,Kids-Baby,0.0
%100 PAMUKLU POWERPUFF GIRLS BELİ LASTİKLİ PİJAMA TAKIMI KIZ ÇOCUK,Kids-Baby,0.0
%100 PAMUKLU PİJAMA TAKIMI KIZ BEBEK,Kids-Baby,0.0
%100 PAMUKLU REGULAR FIT BASKILI BELİ LASTİKLİ PİJAMA TAKIMI ERKEK ÇOCUK,Kids-Baby,0.0
%100 PAMUKLU REGULAR FIT BASKLI BELİ LASTİKLİ PİJAMA TAKIMI ERKEK ÇOCUK,Kids-Baby,0.0
%100 PAMUKLU REGULAR FIT DESENLİ BELİ LASTİKLİ PİJAMA TAKIMI ERKEK ÇOCUK,Kids-Baby,0.0
%100 PAMUKLU SAFARİ BASKILI PİJAMA TAKIMI ERKEK BEBEK,Kids-Baby,0.0
%100 PAMUKLU SPOR BASKILI BELİ LASTİKLİ PİJAMA TAKIMI ERKEK ÇOCUK,Kids-Baby,-10.000142859183702
%100 PAMUKLU STUMBLE GUYS 2'Lİ PİJAMA TAKIMI ERKEK ÇOCUK,Kids-Baby,0.0
%100 PAMUKLU SUPERMAN BELİ LASTİKLİ PİJAMA TAKIMI ERKEK BEBEK,Kids-Baby,0.0
%100 PAMUKLU TAVŞAN DESENLİ BELİ LASTİKLİ PİJAMA TAKIMI KIZ BEBEK,Kids-Baby,0.0
%100 PAMUKLU TEENAGE MUTANT NINJA TURTLES:MUTANT MAYHEM PİJAMA TAKIMI ERKEK ÇOCUK,Kids-Baby,0.0
%100 PAMUKLU TİŞÖRT ERKEK BEBEK,Kids-Baby,0.0
%100 PAMUKLU UNICORN BASKILI 2'Lİ ATLET KIZ ÇOCUK,Kids-Baby,0.0
%100 PAMUKLU UNICORN BASKILI PENYE 3'LÜ SLİP KÜLOT KIZ ÇOCUK,Kids-Baby,0.0
%100 PAMUKLU UNICORN BASKILI PİJAMA TAKIMI KIZ BEBEK,Kids-Baby,0.0
%100 PAMUKLU UNICORN DESENLİ BELİ LASTİKLİ 4'LÜ PİJAMA TAKIMI KIZ BEBEK,Kids-Baby,0.0
%100 PAMUKLU UNICORN DESENLİ BELİ LASTİKLİ PİJAMA TAKIMI KIZ BEBEK,Kids-Baby,0.0
%100 PAMUKLU UZAY BASKILI BELİ LASTİKLİ PİJAMA TAKIMI ERKEK BEBEK,Kids-Baby,0.0
%100 PAMUKLU XBOX BASKILI BELİ LASTİKLİ PİJAMA TAKIMI ERKEK ÇOCUK,Kids-Baby,0.0
%100 PAMUKLU YILBAŞI TEMALI PENYE SLİP KÜLOT KIZ ÇOCUK,Kids-Baby,0.0
%100 PAMUKLU YILDIZ DESENLİ 2'Lİ PİJAMA TAKIMI ERKEK BEBEK,Kids-Baby,0.0
%100 PAMUKLU YILDIZ DESENLİ BELİ LASTİKLİ 4'LÜ PİJAMA TAKIMI KIZ BEBEK,Kids-Baby,0.0
%100 PAMUKLU YILDIZ DESENLİ BELİ LASTİKLİ PİJAMA TAKIMI ERKEK BEBEK,Kids-Baby,0.0
%100 PAMUKLU ZÜRAFA BASKILI PİJAMA TAKIMI ERKEK BEBEK,Kids-Baby,0.0
%100 PAMUKLU ÇİZGİLİ PİJAMA TAKIMI ERKEK BEBEK,Kids-Baby,0.0
%100 PAMUKLU ÇİÇEK DESENLİ ELBİSE KIZ BEBEK,Kids-Baby,-30.00037500468756
%100 PAMUKLU ÇİÇEKLİ 2'Lİ ATLET KIZ ÇOCUK,Kids-Baby,0.0
%100 PAMUKLU ÇİÇEKLİ BELİ LASTİKLİ PİJAMA TAKIMI KIZ BEBEK,Kids-Baby,0.0
%100 PAMUKLU ÇİÇEKLİ ELBİSE KIZ BEBEK,Kids-Baby,0.0
%100 PAMUKLU ÇİÇEKLİ GÖMLEK KIZ BEBEK,Kids-Baby,-50.00083334722245
%100 PAMUKLU ÇİÇEKLİ PİJAMA TAKIMI KIZ BEBEK,Kids-Baby,0.0
1 LT,Women,0.0
1 TOG ELYAF DESENLİ PENYE UZUN KOLLU TULUM ERKEK BEBEK YENİDOĞAN,Kids-Baby,0.0
1 TOG ELYAF TULUM ERKEK BEBEK,Kids-Baby,-20.00020000200002
"1,6 TOG ELYAF DESENLİ TULUM KIZ BEBEK",Kids-Baby,-20.00020000200002
10'LU PAMUKLU PATİK ÇORAP,Men,0.0
150 ML,Women,0.0
2'Lİ,Women,0.0
2'Lİ ATLET ERKEK ÇOCUK,Kids-Baby,0.0
2'Lİ BAMBU BAMBU ÇORAP,Men,0.0
2'Lİ BAMBU UZUN ÇORAP,Men,0.0
2'Lİ BASIC TİŞÖRT TUNİK,Women,0.0
2'Lİ BİKİNİ KIZ ÇOCUK,Kids-Baby,0.0
2'Lİ CAP ŞAPKA ERKEK ÇOCUK,Kids-Baby,0.0
2'Lİ DİNOZOR BASKILI TİŞÖRT ERKEK BEBEK,Kids-Baby,-20.000333338888982
2'Lİ DİZ ALTI ÇORAP,Women,0.0
2'Lİ DİZ ALTI ÇORAP KIZ ÇOCUK,Kids-Baby,0.0
2'Lİ EV ÇORABI,Women,0.0
2'Lİ HİPSTER KÜLOT,Women,0.0
2'Lİ KIRMIZI KURDELE TOKA KIZ ÇOCUK,Kids-Baby,0.0
2'Lİ KIZ ÇOCUK BİKİNİ,Kids-Baby,0.0
2'Lİ KIŞLIK ÇORAP,Men,0.0
2'Lİ KIŞLIK ÇORAP,Women,0.0
2'Lİ KURDELE SAÇ TOKASI KIZ ÇOCUK,Kids-Baby,0.0
2'Lİ KÜLOTLU OKUL ÇORABI KIZ ÇOCUK,Kids-Baby,0.0
2'Lİ MAYO,Kids-Baby,0.0
2'Lİ OXFORD GÖMLEK KIZ ÇOCUK,Kids-Baby,0.0
2'Lİ PAMUK AKRİLİK UZUN ÇORAP,Women,0.0
2'Lİ PAMUKLU DİZ ALTI OKUL ÇORABI KIZ ÇOCUK,Kids-Baby,0.0
2'Lİ PAMUKLU DİZ ALTI ÇORAP,Kids-Baby,0.0
2'Lİ PAMUKLU DİZ ALTI ÇORAP,Women,0.0
2'Lİ PAMUKLU HAVLU SPOR ÇORAP,Men,0.0
2'Lİ PAMUKLU HAVLU ÇORAP,Men,0.0
2'Lİ PAMUKLU HAVLU ÇORAP,Women,0.0
2'Lİ PAMUKLU KIŞLIK ÇORAP,Men,0.0
2'Lİ PAMUKLU KIŞLIK ÇORAP,Women,0.0
2'Lİ PAMUKLU KÜLOTLU ÇORAP KIZ ÇOCUK,Kids-Baby,0.0
2'Lİ PAMUKLU PİLATES ÇORABI,Women,0.0
2'Lİ PAMUKLU SOKET ÇORAP,Women,0.0
2'Lİ PAMUKLU TOZLUK,Women,0.0
2'Lİ PAMUKLU UZUN ÇORAP,Men,0.0
2'Lİ PAMUKLU UZUN ÇORAP,Women,0.0
2'Lİ PAMUKLU UZUN ÇORAP ERKEK ÇOCUK,Kids-Baby,0.0
2'Lİ PAMUKLU UZUN ÇORAP KIZ BEBEK,Kids-Baby,0.0
2'Lİ PAMUKLU UZUN ÇORAP KIZ ÇOCUK,Kids-Baby,0.0
2'Lİ PİJAMA TAKIM,Women,0.0
2'Lİ PİJAMA TAKIMI ERKEK ÇOCUK,Kids-Baby,-10.000142859183702
2'Lİ PİJAMA TAKIMI KIZ BEBEK,Kids-Baby,0.0
2'Lİ SAÇ AKSESUARI KIZ ÇOCUK,Kids-Baby,0.0
2'Lİ SLİP KÜLOT,Women,0.0
2'Lİ TAKIM,Kids-Baby,0.0
2'Lİ TAKIM,Men,0.0
2'Lİ TAKIM,Women,0.0
2'Lİ TAKIM AJURLU TRİKO KAZAK ALT KIZ BEBEK,Kids-Baby,0.0
2'Lİ TAKIM ASLAN BASKILI KISA KOLLU TİŞÖRT BELİ LASTİKLİ ŞORT ERKEK BEBEK,Kids-Baby,0.0
2'Lİ TAKIM AYI BASKILI KISA KOLLU TİŞÖRT BELİ LASTİKLİ EŞOFMAN ALTI ERKEK BEBEK,Kids-Baby,0.0
2'Lİ TAKIM AYI BASKILI SWEATSHİRT EŞOFMAN ALTI ERKEK BEBEK,Kids-Baby,0.0
2'Lİ TAKIM AYI BASKILI TRİKO DÜĞMELİ HIRKA ÇİZGİLİ ALT KIZ BEBEK,Kids-Baby,0.0
2'Lİ TAKIM AYI BASKILI TRİKO KAZAK ALT ERKEK BEBEK,Kids-Baby,0.0
2'Lİ TAKIM BASKILI ATLET BELİ LASTİKLİ ŞORT ERKEK BEBEK,Kids-Baby,0.0
2'Lİ TAKIM BASKILI ATLET BELİ LASTİKLİ ŞORT ERKEK ÇOCUK,Kids-Baby,0.0
2'Lİ TAKIM BASKILI ATLET BELİ LASTİKLİ ŞORT KIZ ÇOCUK,Kids-Baby,0.0
2'Lİ TAKIM BASKILI ATLET DENİZ ŞORTU ERKEK ÇOCUK,Kids-Baby,0.0
2'Lİ TAKIM BASKILI ATLET KETEN GÖRÜNÜMLÜ ŞORT KIZ ÇOCUK,Kids-Baby,0.0
2'Lİ TAKIM BASKILI ATLET ŞORT KIZ ÇOCUK,Kids-Baby,0.0
2'Lİ TAKIM BASKILI FİTİLLİ KAŞKORSE KISA KOLLU ÇITÇITLI BODY ŞORT ERKEK BEBEK,Kids-Baby,0.0
2'Lİ TAKIM BASKILI KAPÜŞONLU KISA KOLLU SWEATSHİRT EŞOFMAN ALTI ERKEK BEBEK,Kids-Baby,0.0
2'Lİ TAKIM BASKILI KAPÜŞONLU SWEATSHİRT EŞOFMAN ALTI ERKEK ÇOCUK,Kids-Baby,0.0
2'Lİ TAKIM BASKILI KAPÜŞONLU SWEATSHİRT EŞOFMAN ALTI KIZ ÇOCUK,Kids-Baby,0.0
2'Lİ TAKIM BASKILI KAPÜŞONLU SWEATSHİRT JOGGER EŞOFMAN ALTI ERKEK ÇOCUK,Kids-Baby,0.0
2'Lİ TAKIM BASKILI KISA KOLLU FİTİLLİ KAŞKORSE TİŞÖRT BELİ LASTİKLİ ALT KIZ BEBEK,Kids-Baby,0.0
2'Lİ TAKIM BASKILI KISA KOLLU FİTİLLİ KAŞKORSE TİŞÖRT BELİ LASTİKLİ ŞORT KIZ BEBEK,Kids-Baby,0.0
2'Lİ TAKIM BASKILI KISA KOLLU POLO TİŞÖRT BELİ LASTİKLİ ŞORT ERKEK BEBEK,Kids-Baby,0.0
2'Lİ TAKIM BASKILI KISA KOLLU TİŞÖRT BELİ LASTİKLİ EŞOFMAN ALTI ERKEK ÇOCUK,Kids-Baby,0.0
2'Lİ TAKIM BASKILI KISA KOLLU TİŞÖRT BELİ LASTİKLİ EŞOFMAN ALTI KIZ ÇOCUK,Kids-Baby,0.0
2'Lİ TAKIM BASKILI KISA KOLLU TİŞÖRT BELİ LASTİKLİ ŞORT ERKEK BEBEK,Kids-Baby,0.0
2'Lİ TAKIM BASKILI KISA KOLLU TİŞÖRT BELİ LASTİKLİ ŞORT ERKEK ÇOCUK,Kids-Baby,0.0
2'Lİ TAKIM BASKILI KISA KOLLU TİŞÖRT BELİ LASTİKLİ ŞORT KIZ ÇOCUK,Kids-Baby,0.0
2'Lİ TAKIM BASKILI KISA KOLLU TİŞÖRT BELİ PAÇASI LASTİKLİ EŞOFMAN ALTI KIZ ÇOCUK,Kids-Baby,0.0
2'Lİ TAKIM BASKILI KISA KOLLU TİŞÖRT BİKER TAYT KIZ ÇOCUK,Kids-Baby,0.0
2'Lİ TAKIM BASKILI KISA KOLLU TİŞÖRT EŞOFMAN ALTI ERKEK ÇOCUK,Kids-Baby,0.0
2'Lİ TAKIM BASKILI KISA KOLLU TİŞÖRT EŞOFMAN ALTI KIZ ÇOCUK,Kids-Baby,0.0
2'Lİ TAKIM BASKILI KISA KOLLU TİŞÖRT JEAN PANTOLON ERKEK BEBEK,Kids-Baby,0.0
2'Lİ TAKIM BASKILI KISA KOLLU TİŞÖRT SALOPET TULUM ERKEK BEBEK,Kids-Baby,0.0
2'Lİ TAKIM BASKILI KISA KOLLU TİŞÖRT TÜTÜ ETEK KIZ BEBEK,Kids-Baby,0.0
2'Lİ TAKIM BASKILI KISA KOLLU TİŞÖRT UZUN TAYT KIZ ÇOCUK,Kids-Baby,0.0
2'Lİ TAKIM BASKILI KISA KOLLU TİŞÖRT ÇİÇEKLİ ŞORT ETEK KIZ ÇOCUK,Kids-Baby,0.0
2'Lİ TAKIM BASKILI KISA KOLLU TİŞÖRT ŞORT ERKEK BEBEK,Kids-Baby,0.0
2'Lİ TAKIM BASKILI KISA KOLLU TİŞÖRT ŞORT ERKEK ÇOCUK,Kids-Baby,0.0
2'Lİ TAKIM BASKILI KISA KOLLU TİŞÖRT ŞORT ETEK KIZ ÇOCUK,Kids-Baby,0.0
2'Lİ TAKIM BASKILI KISA KOLLU TİŞÖRT ŞORT KIZ ÇOCUK,Kids-Baby,0.0
2'Lİ TAKIM BASKILI KISA KOLLU WAFFLE TİŞÖRT BELİ LASTİKLİ ALT ERKEK BEBEK,Kids-Baby,0.0
2'Lİ TAKIM BASKILI KOLSUZ TİŞÖRT ŞORT ETEK KIZ ÇOCUK,Kids-Baby,0.0
2'Lİ TAKIM BASKILI KOLSUZ TİŞÖRT ŞORT KIZ ÇOCUK,Kids-Baby,0.0
2'Lİ TAKIM BASKILI SWEATSHİRT BELİ LASTİKLİ EŞOFMAN ALTI ERKEK BEBEK,Kids-Baby,0.0
2'Lİ TAKIM BASKILI SWEATSHİRT EŞOFMAN ALTI ERKEK BEBEK,Kids-Baby,-35.937949224365305
2'Lİ TAKIM BASKILI SWEATSHİRT EŞOFMAN ALTI ERKEK ÇOCUK,Kids-Baby,0.0
2'Lİ TAKIM BASKILI SWEATSHİRT EŞOFMAN ALTI KIZ BEBEK,Kids-Baby,0.0
2'Lİ TAKIM BASKILI SWEATSHİRT EŞOFMAN ALTI KIZ ÇOCUK,Kids-Baby,0.0
2'Lİ TAKIM BASKILI SWEATSHİRT JEAN PANTOLON ERKEK BEBEK,Kids-Baby,0.0
2'Lİ TAKIM BASKILI SWEATSHİRT JEAN PANTOLON ERKEK ÇOCUK,Kids-Baby,0.0
2'Lİ TAKIM BASKILI SWEATSHİRT PANTOLON ERKEK BEBEK,Kids-Baby,0.0
2'Lİ TAKIM BASKILI SWEATSHİRT SÜET PANTOLON KIZ BEBEK,Kids-Baby,0.0
2'Lİ TAKIM BASKILI SWEATSHİRT TAYT KIZ BEBEK,Kids-Baby,-30.000333337037077
2'Lİ TAKIM BASKILI SWEATSHİRT ŞORT ETEK KIZ ÇOCUK,Kids-Baby,0.0
2'Lİ TAKIM BASKILI TİŞÖRT ALT ERKEK BEBEK,Kids-Baby,-30.00037500468756
2'Lİ TAKIM BASKILI UZUN KOLLU TİŞÖRT EŞOFMAN ALTI ERKEK ÇOCUK,Kids-Baby,0.0
2'Lİ TAKIM BASKILI UZUN KOLLU TİŞÖRT EŞOFMAN ALTI KIZ ÇOCUK,Kids-Baby,0.0
2'Lİ TAKIM BASKILI YARIM FERMUARLI SWEATSHİRT EŞOFMAN ALTI ERKEK BEBEK,Kids-Baby,0.0
2'Lİ TAKIM BASİC DÜZ KISA KOLLU TİŞÖRT PARAŞÜT ELBİSE KIZ BEBEK,Kids-Baby,0.0
2'Lİ TAKIM BASİC DÜZ KOLSUZ TİŞÖRT PANTOLON KIZ ÇOCUK,Kids-Baby,0.0
2'Lİ TAKIM BASİC DÜZ SWEATSHİRT EŞOFMAN ALTI KIZ BEBEK,Kids-Baby,0.0
2'Lİ TAKIM BOMBER CEKET EŞOFMAN ALTI ERKEK ÇOCUK,Kids-Baby,0.0
2'Lİ TAKIM BRODE KISA KOLLU TİŞÖRT PANTOLON KIZ ÇOCUK,Kids-Baby,0.0
2'Lİ TAKIM BRODE KOLSUZ BLUZ GENİŞ PAÇA PANTOLON KIZ ÇOCUK,Kids-Baby,0.0
2'Lİ TAKIM BÜYÜK YAKA SWEATSHİRT ETEK KIZ BEBEK,Kids-Baby,0.0
2'Lİ TAKIM BİSİKLET YAKA BASKILI KISA KOLLU TİŞÖRT BELİ PAÇASI LASTİKLİ EŞOFMAN ALTI KIZ ÇOCUK,Kids-Baby,0.0
2'Lİ TAKIM BİSİKLET YAKA BASKILI KISA KOLLU TİŞÖRT ETEK KIZ ÇOCUK,Kids-Baby,0.0
2'Lİ TAKIM BİSİKLET YAKA SWEATSHİRT BELİ LASTİKLİ İSPANYOL PAÇA ALT KIZ BEBEK,Kids-Baby,0.0
2'Lİ TAKIM BİSİKLET YAKA TİŞÖRT FİTİLLİ KAŞKORSE YAZLIK ELBİSE KIZ ÇOCUK,Kids-Baby,0.0
2'Lİ TAKIM CROP BİSİKLET YAKA BASKILI SWEATSHİRT ATLET KIZ ÇOCUK,Kids-Baby,0.0
2'Lİ TAKIM CROP KAPÜŞONLU BASKILI SWEATSHİRT ATLET KIZ ÇOCUK,Kids-Baby,0.0
2'Lİ TAKIM DENİZ BASKILI ATLET BELİ LASTİKLİ ŞORT ERKEK BEBEK,Kids-Baby,0.0
2'Lİ TAKIM DESENLİ FİTİLLİ KAŞKORSE KISA KOLLU TİŞÖRT ŞORT KIZ BEBEK,Kids-Baby,0.0
2'Lİ TAKIM DESENLİ FİTİLLİ KAŞKORSE KISA KOLLU ÇITÇITLI BODY BELİ LASTİKLİ ŞORT KIZ BEBEK,Kids-Baby,0.0
2'Lİ TAKIM DESENLİ GÖMLEK PANTOLON ERKEK BEBEK,Kids-Baby,-23.077100593081486
2'Lİ TAKIM DESENLİ KISA KOLLU TİŞÖRT BELİ LASTİKLİ ŞORT KIZ BEBEK,Kids-Baby,0.0
2'Lİ TAKIM DESENLİ KISA KOLLU TİŞÖRT ŞORT ERKEK BEBEK,Kids-Baby,0.0
2'Lİ TAKIM DESENLİ SWEATSHİRT ALT ERKEK BEBEK,Kids-Baby,0.0
2'Lİ TAKIM DESENLİ SWEATSHİRT ALT KIZ BEBEK,Kids-Baby,-30.000333337037077
2'Lİ TAKIM DOKULU KUMAŞ GÖMLEK PANTOLON ERKEK BEBEK,Kids-Baby,-20.00020000200002
2'Lİ TAKIM DİNOZOR BASKILI FİTİLLİ KAŞKORSE KISA KOLLU ÇITÇITLI BODY ŞORT ERKEK BEBEK,Kids-Baby,0.0
2'Lİ TAKIM DİNOZOR BASKILI KISA KOLLU FİTİLLİ KAŞKORSE ÇITÇITLI BODY BELİ LASTİKLİ ŞORT ERKEK BEBEK,Kids-Baby,0.0
2'Lİ TAKIM DİNOZOR BASKILI KISA KOLLU TİŞÖRT BELİ LASTİKLİ ŞORT ERKEK BEBEK,Kids-Baby,0.0
2'Lİ TAKIM DİNOZOR BASKILI KISA KOLLU TİŞÖRT ŞORT ERKEK BEBEK,Kids-Baby,0.0
2'Lİ TAKIM DİNOZOR BASKILI SWEATSHİRT ALT ERKEK BEBEK,Kids-Baby,0.0
2'Lİ TAKIM DİNOZOR BASKILI SWEATSHİRT BELİ LASTİKLİ EŞOFMAN ALTI ERKEK BEBEK,Kids-Baby,0.0
2'Lİ TAKIM DİNOZOR BASKILI SWEATSHİRT EŞOFMAN ALTI ERKEK BEBEK,Kids-Baby,0.0
2'Lİ TAKIM DİSNEY MİCKEY & MİNNİE KISA KOLLU TİŞÖRT BELİ LASTİKLİ ŞORT ERKEK BEBEK,Kids-Baby,0.0
2'Lİ TAKIM ERKEK BEBEK,Kids-Baby,-20.000153847337288
2'Lİ TAKIM ERKEK ÇOCUK,Kids-Baby,-25.56690529111606
2'Lİ TAKIM FERMUARLI SWEATSHİRT EŞOFMAN ALTI ERKEK BEBEK,Kids-Baby,0.0
2'Lİ TAKIM FLAMLI PAMUK KISA KOLLU GÖMLEK ŞORT ERKEK BEBEK,Kids-Baby,0.0
2'Lİ TAKIM FİTİLLİ KAŞKORSE ATLET ŞORT KIZ ÇOCUK,Kids-Baby,0.0
2'Lİ TAKIM FİTİLLİ KAŞKORSE BASKILI KISA KOLLU TİŞÖRT BELİ LASTİKLİ ŞORT KIZ ÇOCUK,Kids-Baby,0.0
2'Lİ TAKIM FİTİLLİ KAŞKORSE BASKILI KISA KOLLU TİŞÖRT WİDE LEG GENİŞ BOL PAÇA PANTOLON KIZ ÇOCUK,Kids-Baby,0.0
2'Lİ TAKIM FİTİLLİ KAŞKORSE ELBİSE BASKILI KISA KOLLU TİŞÖRT KIZ ÇOCUK,Kids-Baby,0.0
2'Lİ TAKIM FİTİLLİ KAŞKORSE KISA KOLLU TİŞÖRT BELİ LASTİKLİ ŞORT KIZ BEBEK,Kids-Baby,0.0
2'Lİ TAKIM FİTİLLİ KAŞKORSE UZUN KOLLU TİŞÖRT EŞOFMAN ALTI ERKEK BEBEK,Kids-Baby,0.0
2'Lİ TAKIM FİTİLLİ KAŞKORSE UZUN KOLLU TİŞÖRT EŞOFMAN ALTI KIZ ÇOCUK,Kids-Baby,0.0
2'Lİ TAKIM GÖKKUŞAĞI BASKILI FİTİLLİ KAŞKORSE KISA KOLLU ÇITÇITLI BODY BELİ LASTİKLİ ŞORT KIZ BEBEK,Kids-Baby,0.0
2'Lİ TAKIM GÖMLEK PANTOLON ERKEK ÇOCUK,Kids-Baby,0.0
2'Lİ TAKIM GÖMLEK ŞORT ERKEK BEBEK,Kids-Baby,0.0
2'Lİ TAKIM HAYVAN DESENLİ FİTİLLİ KAŞKORSE KISA KOLLU ELBİSE KÜLOT KIZ BEBEK,Kids-Baby,0.0
2'Lİ TAKIM KALP DESENLİ DOKULU SWEATSHİRT PANTOLON KIZ BEBEK,Kids-Baby,-20.00020000200002
2'Lİ TAKIM KALP DESENLİ SWEATSHİRT İSPANYOL PAÇA TAYT KIZ BEBEK,Kids-Baby,0.0
2'Lİ TAKIM KALP DESENLİ TRİKO KAZAK ALT KIZ BEBEK,Kids-Baby,0.0
2'Lİ TAKIM KAPLAN BASKILI KAPÜŞONLU SWEATSHİRT EŞOFMAN ALTI ERKEK ÇOCUK,Kids-Baby,0.0
2'Lİ TAKIM KAPLAN BASKILI KISA KOLLU TİŞÖRT BELİ LASTİKLİ ŞORT ERKEK BEBEK,Kids-Baby,0.0
2'Lİ TAKIM KAPÜŞONLU BASKILI KISA KOLLU TİŞÖRT BELİ LASTİKLİ ŞORT ERKEK ÇOCUK,Kids-Baby,0.0
2'Lİ TAKIM KAPÜŞONLU BASKILI SWEATSHİRT BELİ LASTİKLİ EŞOFMAN ALTI ERKEK ÇOCUK,Kids-Baby,0.0
2'Lİ TAKIM KAPÜŞONLU BASKILI SWEATSHİRT BELİ PAÇASI LASTİKLİ EŞOFMAN ALTI KIZ ÇOCUK,Kids-Baby,0.0
2'Lİ TAKIM KAPÜŞONLU BASKILI SWEATSHİRT EŞOFMAN ALTI ERKEK ÇOCUK,Kids-Baby,-41.66698718195268
2'Lİ TAKIM KAPÜŞONLU KARELİ GÖMLEK PANTOLON ERKEK ÇOCUK,Kids-Baby,0.0
2'Lİ TAKIM KAPÜŞONLU SWEATSHİRT EŞOFMAN ALTI KIZ ÇOCUK,Kids-Baby,0.0
2'Lİ TAKIM KARELİ FLANEL GÖMLEK PANTOLON ERKEK BEBEK,Kids-Baby,0.0
2'Lİ TAKIM KARELİ GÖMLEK PANTOLON ERKEK ÇOCUK,Kids-Baby,0.0
2'Lİ TAKIM KAYKAY BASKILI KISA KOLLU TİŞÖRT BELİ LASTİKLİ EŞOFMAN ALTI ERKEK BEBEK,Kids-Baby,0.0
2'Lİ TAKIM KAYKAY BASKILI KISA KOLLU TİŞÖRT BELİ LASTİKLİ ŞORT ERKEK BEBEK,Kids-Baby,0.0
2'Lİ TAKIM KETEN GÖRÜNÜMLÜ DESENLİ KOLSUZ BLUZ PANTOLON KIZ ÇOCUK,Kids-Baby,0.0
2'Lİ TAKIM KISA KOLLU BASKILI TİŞÖRT BELİ LASTİKLİ EŞOFMAN ALTI ERKEK ÇOCUK,Kids-Baby,0.0
2'Lİ TAKIM KISA KOLLU BASKILI TİŞÖRT BELİ LASTİKLİ ŞORT ERKEK ÇOCUK,Kids-Baby,0.0
2'Lİ TAKIM KISA KOLLU BASKILI TİŞÖRT EŞOFMAN ALTI KIZ ÇOCUK,Kids-Baby,0.0
2'Lİ TAKIM KISA KOLLU BASKILI TİŞÖRT TAYT KIZ ÇOCUK,Kids-Baby,0.0
2'Lİ TAKIM KISA KOLLU GÖMLEK ŞORT ERKEK BEBEK,Kids-Baby,0.0
2'Lİ TAKIM KISA KOLLU TİŞÖRT AYARLANABİLİR ASKILI SALOPET ELBİSE KIZ BEBEK,Kids-Baby,0.0
2'Lİ TAKIM KISA KOLLU TİŞÖRT BELİ LASTİKLİ ÇİÇEKLİ ŞORT KIZ BEBEK,Kids-Baby,0.0
2'Lİ TAKIM KISA KOLLU TİŞÖRT BELİ LASTİKLİ ŞORT ERKEK BEBEK,Kids-Baby,0.0
2'Lİ TAKIM KISA KOLLU TİŞÖRT BELİ LASTİKLİ ŞORT KIZ ÇOCUK,Kids-Baby,0.0
2'Lİ TAKIM KISA KOLLU TİŞÖRT DESENLİ BELİ LASTİKLİ ŞORT ETEK KIZ ÇOCUK,Kids-Baby,0.0
2'Lİ TAKIM KISA KOLLU TİŞÖRT ÇİZGİLİ BELİ LASTİKLİ ŞORT ERKEK BEBEK,Kids-Baby,0.0
2'Lİ TAKIM KISA KOLLU TİŞÖRT ÇİÇEKLİ KRİNKIL VİSKON PANTOLON KIZ BEBEK,Kids-Baby,0.0
2'Lİ TAKIM KIZ BEBEK,Kids-Baby,-15.096944642923393
2'Lİ TAKIM KIZ ÇOCUK,Kids-Baby,-26.26091943560176
2'Lİ TAKIM KOLSUZ BLUZ GENİŞ BOL PAÇA PANTOLON KIZ ÇOCUK,Kids-Baby,0.0
2'Lİ TAKIM KOLSUZ TİŞÖRT BELİ LASTİKLİ ALT KIZ BEBEK,Kids-Baby,0.0
2'Lİ TAKIM LEOPAR DESENLİ KISA KOLLU TİŞÖRT BELİ LASTİKLİ ALT KIZ BEBEK,Kids-Baby,0.0
2'Lİ TAKIM LEOPAR DESENLİ KISA KOLLU TİŞÖRT BELİ LASTİKLİ ŞORT KIZ BEBEK,Kids-Baby,0.0
2'Lİ TAKIM MEYVE DESENLİ SWEATSHİRT BELİ LASTİKLİ EŞOFMAN ALTI KIZ BEBEK,Kids-Baby,0.0
2'Lİ TAKIM MÜSLİN KISA KOLLU GÖMLEK BELİ LASTİKLİ ŞORT ERKEK BEBEK,Kids-Baby,0.0
2'Lİ TAKIM MÜSLİN UZUN KOLLU GÖMLEK BELİ LASTİKLİ ALT ERKEK BEBEK,Kids-Baby,0.0
2'Lİ TAKIM MİNECRAFT KISA KOLLU TİŞÖRT BELİ LASTİKLİ ŞORT ALT ERKEK ÇOCUK,Kids-Baby,0.0
2'Lİ TAKIM NAKIŞLI POLAR DİK YAKA DÜĞMELİ SWEATSHİRT EŞOFMAN ALTI ERKEK BEBEK,Kids-Baby,0.0
2'Lİ TAKIM OKUL BASKILI SWEATSHİRT EŞOFMAN ALTI ERKEK BEBEK,Kids-Baby,0.0
2'Lİ TAKIM OKUL OXFORD UZUN KOLLU GÖMLEK TİŞÖRT KIZ ÇOCUK,Kids-Baby,0.0
2'Lİ TAKIM OMZU AÇIK BLUZ GENİŞ BOL PAÇA PANTOLON KIZ ÇOCUK,Kids-Baby,0.0
2'Lİ TAKIM PALMİYE BASKILI KISA KOLLU TİŞÖRT BELİ LASTİKLİ ŞORT ALT ERKEK BEBEK,Kids-Baby,0.0
2'Lİ TAKIM PALMİYE BASKILI KISA KOLLU TİŞÖRT BELİ LASTİKLİ ŞORT ERKEK BEBEK,Kids-Baby,0.0
2'Lİ TAKIM PALMİYE DESENLİ ATLET BELİ LASTİKLİ ŞORT ERKEK BEBEK,Kids-Baby,0.0
2'Lİ TAKIM PALMİYE DESENLİ KISA KOLLU KETEN ÇITÇITLI BODY BELİ LASTİKLİ ŞORT ERKEK BEBEK,Kids-Baby,0.0
2'Lİ TAKIM PALMİYE DESENLİ KISA KOLLU POLO TİŞÖRT BELİ LASTİKLİ ŞORT ERKEK BEBEK,Kids-Baby,0.0
2'Lİ TAKIM PALMİYE DESENLİ KISA KOLLU TİŞÖRT BELİ LASTİKLİ ŞORT ERKEK BEBEK,Kids-Baby,0.0
2'Lİ TAKIM PALMİYE DESENLİ KISA KOLLU TİŞÖRT BELİ LASTİKLİ ŞORT KIZ BEBEK,Kids-Baby,0.0
2'Lİ TAKIM POLAR YARIM FERMUARLI SWEATSHİRT EŞOFMAN ALTI ERKEK BEBEK,Kids-Baby,0.0
2'Lİ TAKIM POLO YAKA BASKILI KISA KOLLU TİŞÖRT BELİ LASTİKLİ ŞORT ERKEK ÇOCUK,Kids-Baby,0.0
2'Lİ TAKIM POPLİN GÖMLEK TİŞÖRT KIZ ÇOCUK,Kids-Baby,0.0
2'Lİ TAKIM PUANTİYELİ KADİFE TULUM UZUN KOLLU TİŞÖRT KIZ BEBEK,Kids-Baby,0.0
2'Lİ TAKIM RELAX FİT BİSİKLET YAKA BASKILI SWEATSHİRT ATLET KIZ ÇOCUK,Kids-Baby,0.0
2'Lİ TAKIM RİBANA HIRKA ATLET KIZ ÇOCUK,Kids-Baby,0.0
2'Lİ TAKIM SAFARİ BASKILI UZUN KOLLU TİŞÖRT EŞOFMAN ALTI ERKEK BEBEK,Kids-Baby,0.0
2'Lİ TAKIM SWEATSHİRT ALT ERKEK BEBEK,Kids-Baby,-14.285918370262433
2'Lİ TAKIM SWEATSHİRT ALT KIZ BEBEK,Kids-Baby,0.0
2'Lİ TAKIM SWEATSHİRT EŞOFMAN ALTI ERKEK ÇOCUK,Kids-Baby,0.0
2'Lİ TAKIM SWEATSHİRT UNİCORN BASKILI BELİ LASTİKLİ ALT KIZ BEBEK,Kids-Baby,0.0
2'Lİ TAKIM SÜVETER ÇİÇEK DESENLİ UZUN KOLLU ELBİSE KIZ BEBEK,Kids-Baby,0.0
2'Lİ TAKIM TIŞÖRT NAKIŞLI ELBİSE KIZ BEBEK,Kids-Baby,-30.000333337037077
2'Lİ TAKIM TROPİKAL DESENLİ FLAMLI POPLİN KISA KOLLU GÖMLEK BELİ LASTİKLİ ŞORT ERKEK BEBEK,Kids-Baby,0.0
2'Lİ TAKIM TROPİKAL DESENLİ KISA KOLLU GÖMLEK BELİ LASTİKLİ ŞORT ERKEK BEBEK,Kids-Baby,0.0
2'Lİ TAKIM TRİKO DÜĞMELİ HIRKA ALT KIZ BEBEK,Kids-Baby,0.0
2'Lİ TAKIM TRİKO KAZAK ALT ERKEK BEBEK,Kids-Baby,0.0
2'Lİ TAKIM TRİKO ÇİZGİLİ KAZAK ALT ERKEK BEBEK,Kids-Baby,0.0
2'Lİ TAKIM UZUN KOLLU BLUZ ŞORT ETEK KIZ ÇOCUK,Kids-Baby,0.0
2'Lİ TAKIM UZUN KOLLU TİŞÖRT KARELİ ELBİSE KIZ BEBEK,Kids-Baby,0.0
2'Lİ TAKIM UZUN KOLLU ÜST ASKILI SALOPET ELBİSE KIZ BEBEK,Kids-Baby,0.0
2'Lİ TAKIM V YAKA KOLSUZ ELBİSE UZUN KOLLU TİŞÖRT KIZ ÇOCUK,Kids-Baby,0.0
2'Lİ TAKIM WAFFLE BASKILI SWEATSHİRT BELİ LASTİKLİ EŞOFMAN ALTI KIZ BEBEK,Kids-Baby,0.0
2'Lİ TAKIM WAFFLE KOLSUZ ÜST BELİ LASTİKLİ ŞORT ALT KIZ ÇOCUK,Kids-Baby,0.0
2'Lİ TAKIM YARIM FERMUARLI BASKILI SWEATSHİRT EŞOFMAN ALTI ERKEK ÇOCUK,Kids-Baby,0.0
2'Lİ TAKIM YENGEÇ BASKILI KISA KOLLU TİŞÖRT BELİ LASTİKLİ DENİZ ŞORTU ERKEK BEBEK,Kids-Baby,0.0
2'Lİ TAKIM YILBAŞI TEMALI TRİKO KAZAK ALT KIZ BEBEK,Kids-Baby,0.0
2'Lİ TAKIM YILBAŞI TEMALI UZUN KOLLU TULUM BERE ERKEK BEBEK YENİDOĞAN,Kids-Baby,0.0
2'Lİ TAKIM ÇIKARILABİLİR KAPÜŞONLU KARELİ GÖMLEK EŞOFMAN ALTI ERKEK ÇOCUK,Kids-Baby,0.0
2'Lİ TAKIM ÇITÇITLI UZUN KOLLU BODY KALP DESENLİ ELBİSE KIZ BEBEK,Kids-Baby,0.0
2'Lİ TAKIM ÇİZGİLİ KISA KOLLU POLO TİŞÖRT BELİ LASTİKLİ ŞORT ERKEK ÇOCUK,Kids-Baby,0.0
2'Lİ TAKIM ÇİZGİLİ KISA KOLLU TİŞÖRT JEAN SALOPET TULUM ERKEK BEBEK,Kids-Baby,0.0
2'Lİ TAKIM ÇİZGİLİ KISA KOLLU TİŞÖRT ŞORT ERKEK BEBEK,Kids-Baby,0.0
2'Lİ TAKIM ÇİZGİLİ KISA KOLLU WAFFLE TİŞÖRT BELİ LASTİKLİ ŞORT ERKEK BEBEK,Kids-Baby,0.0
2'Lİ TAKIM ÇİZGİLİ POLO YAKA TRİKO KAZAK İSPANYOL PAÇA TRİKO TAYT KIZ BEBEK,Kids-Baby,0.0
2'Lİ TAKIM ÇİZGİLİ SWEATSHİRT JEAN PANTOLON ERKEK ÇOCUK,Kids-Baby,0.0
2'Lİ TAKIM ÇİZGİLİ SWEATSHİRT PANTOLON ERKEK BEBEK,Kids-Baby,-10.000111112345692
2'Lİ TAKIM ÇİZGİLİ TRİKO KAZAK EŞOFMAN ALTI ERKEK BEBEK,Kids-Baby,0.0
2'Lİ TAKIM ÇİZGİLİ TİŞÖRT ALT ERKEK BEBEK,Kids-Baby,-20.00020000200002
2'Lİ TAKIM ÇİÇEKLİ DESENLİ SWEATSHİRT TAYT KIZ BEBEK,Kids-Baby,0.0
2'Lİ TAKIM ÇİÇEKLİ FLAMLI POPLİN KISA KOLLU BLUZ BELİ LASTİKLİ ŞORT KIZ BEBEK,Kids-Baby,0.0
2'Lİ TAKIM ÇİÇEKLİ KAZAK TAYT KIZ BEBEK,Kids-Baby,0.0
2'Lİ TAKIM ÇİÇEKLİ KISA KOLLU BLUZ BELİ LASTİKLİ PANTOLON KIZ BEBEK,Kids-Baby,0.0
2'Lİ TAKIM ÇİÇEKLİ PENYE KISA KOLLU TULUM SAÇ BANDI KIZ BEBEK YENİDOĞAN,Kids-Baby,0.0
2'Lİ TAKIM ÇİÇEKLİ PENYE KISA KOLLU TİŞÖRT SALOPET KIZ BEBEK,Kids-Baby,0.0
2'Lİ TAKIM ÇİÇEKLİ SWEATSHİRT EŞOFMAN ALTI KIZ BEBEK,Kids-Baby,0.0
2'Lİ TAKIM ÇİÇEKLİ UZUN KOLLU FİTİLLİ KAŞKORSE TİŞÖRT TAYT KIZ BEBEK,Kids-Baby,0.0
2'Lİ TAKIM İÇİ YUMUŞAK TÜYLÜ BASKILI SWEATSHİRT EŞOFMAN ALTI KIZ BEBEK,Kids-Baby,0.0
2'Lİ TAKIM İÇİ YUMUŞAK TÜYLÜ SWEATSHİRT EŞOFMAN ALTI KIZ BEBEK,Kids-Baby,0.0
2'Lİ TAKIMI BASKILI ASKILI FİTİLLİ KAŞKORSE ATLET BELİ LASTİKLİ TAYT KIZ BEBEK,Kids-Baby,0.0
2'Lİ TAYT KIZ ÇOCUK,Kids-Baby,0.0
2'Lİ TERMAL KIŞLIK ÇORAP,Women,0.0
2'Lİ UZUN ÇORAP,Men,0.0
2'Lİ UZUN ÇORAP,Women,0.0
2'Lİ YÜN AKRİLİK KIŞLIK ÇORAP,Men,0.0
2'Lİ YÜN KIŞLIK ÇORAP,Men,0.0
2'Lİ YÜN KIŞLIK ÇORAP,Women,0.0
2'Lİ YÜN UZUN ÇORAP,Men,0.0
23 NİSAN ÇOCUK BAYRAMI REGULAR FIT BİSİKLET YAKA KISA KOLLU TİŞÖRT ERKEK ÇOCUK,Kids-Baby,0.0
3'LÜ,Women,-12.916989591406455
3'LÜ BAMBU BAMBU ÇORAP,Men,0.0
3'LÜ BAMBU PATİK ÇORAP,Men,0.0
3'LÜ BAMBU PATİK ÇORAP,Women,0.0
3'LÜ BAMBU SNEAKER ÇORAP,Men,0.0
3'LÜ BAMBU SOKET ÇORAP,Men,0.0
3'LÜ BAMBU SOKET ÇORAP,Women,0.0
3'LÜ BAMBU UZUN ÇORAP,Men,0.0
3'LÜ BAMBU UZUN ÇORAP,Women,0.0
3'LÜ BRAZİLİAN KÜLOT,Women,0.0
3'LÜ BRİEF,Women,0.0
3'LÜ HİPSTER KÜLOT,Women,0.0
3'LÜ KALPLİ SAÇ AKSESUARI KIZ ÇOCUK,Kids-Baby,0.0
3'LÜ KURDELE TOKA KIZ ÇOCUK,Kids-Baby,0.0
3'LÜ KÜLOT SET,Women,0.0
3'LÜ KÜPE,Women,0.0
3'LÜ MODAL HAVLU ÇORAP,Men,0.0
3'LÜ PAMUK AKRİLİK PATİK ÇORAP,Women,0.0
3'LÜ PAMUK AKRİLİK UZUN ÇORAP,Men,0.0
3'LÜ PAMUK AKRİLİK UZUN ÇORAP,Women,0.0
3'LÜ PAMUKLU BABET ÇORAP,Men,0.0
3'LÜ PAMUKLU BABET ÇORAP,Women,0.0
3'LÜ PAMUKLU ERKEK ÇOCUK,Kids-Baby,0.0
3'LÜ PAMUKLU HAVLU SPOR ÇORAP,Men,0.0
3'LÜ PAMUKLU HAVLU SPOR ÇORAP,Women,0.0
3'LÜ PAMUKLU HAVLU SPOR ÇORAP ERKEK ÇOCUK,Kids-Baby,0.0
3'LÜ PAMUKLU HAVLU ÇORAP,Men,0.0
3'LÜ PAMUKLU HAVLU ÇORAP,Women,0.0
3'LÜ PAMUKLU HAVLU ÇORAP ERKEK BEBEK,Kids-Baby,0.0
3'LÜ PAMUKLU HAVLU ÇORAP ERKEK ÇOCUK,Kids-Baby,0.0
3'LÜ PAMUKLU PATİK ÇORAP,Men,0.0
3'LÜ PAMUKLU PATİK ÇORAP,Women,0.0
3'LÜ PAMUKLU PATİK ÇORAP KIZ ÇOCUK,Kids-Baby,-25.00125006250312
3'LÜ PAMUKLU SNEAKER ÇORAP,Men,0.0
3'LÜ PAMUKLU SNEAKER ÇORAP,Women,0.0
3'LÜ PAMUKLU SOKET ÇORAP,Men,0.0
3'LÜ PAMUKLU SOKET ÇORAP,Women,0.0
3'LÜ PAMUKLU SOKET ÇORAP KIZ ÇOCUK,Kids-Baby,-20.0010000500025
3'LÜ PAMUKLU UZUN OKUL ÇORABI KIZ ÇOCUK,Kids-Baby,0.0
3'LÜ PAMUKLU UZUN ÇORAP,Men,0.0
3'LÜ PAMUKLU UZUN ÇORAP,Women,0.0
3'LÜ PAMUKLU UZUN ÇORAP ERKEK BEBEK,Kids-Baby,0.0
3'LÜ PAMUKLU UZUN ÇORAP ERKEK ÇOCUK,Kids-Baby,-28.57333346032594
3'LÜ PAMUKLU UZUN ÇORAP KIZ ÇOCUK,Kids-Baby,0.0
3'LÜ PATİK ÇORAP,Women,0.0
3'LÜ PİJAMA TAKIMI KIZ ÇOCUK,Kids-Baby,-30.00037500468756
3'LÜ SAÇ AKSESUARI KIZ ÇOCUK,Kids-Baby,0.0
3'LÜ SLİP KÜLOT,Women,-21.250531263281594
3'LÜ TAKIM,Women,0.0
3'LÜ TAKIM FİTİLLİ KAŞKORSE BASKILI KISA KOLLU TİŞÖRT BELİ LASTİKLİ ALT SAÇ BANDI KIZ BEBEK,Kids-Baby,0.0
3'LÜ TAKIM KISA KOLLU TİŞÖRT BASKILI KOLSUZ ÜST BELİ LASTİKLİ ETEK KIZ ÇOCUK,Kids-Baby,0.0
3'LÜ TAKIM KISA KOLLU TİŞÖRT SWEATSHİRT EŞOFMAN ALTI ERKEK ÇOCUK,Kids-Baby,-20.000153847337288
3'LÜ TAKIM MEYVE DESENLİ KISA KOLLU TİŞÖRT YUMUŞAK JEAN ŞORT SAÇ BANDI KIZ BEBEK,Kids-Baby,0.0
3'LÜ TAKIM TRİKO YELEK UZUN KOLLU ÇITÇITLI BODY PANTOLON ERKEK BEBEK,Kids-Baby,0.0
3'LÜ TAKIM ÇİÇEK DESENLİ FİTİLLİ KAŞKORSE UZUN KOLLU TİŞÖRT KADİFE ETEK KÜLOTLU ÇORAP KIZ BEBEK,Kids-Baby,0.0
3'LÜ TAKMA KİRPİK,Women,0.0
3'LÜ YÜN KIŞLIK ÇORAP,Men,0.0
3D CAP ŞAPKA KIZ ÇOCUK,Kids-Baby,0.0
3D ETKİLİ DOĞAL GÖRÜNÜMLÜ İPEK TAKMA KİRPİK,Women,0.0
3D PAMUKLU CAP ŞAPKA KIZ ÇOCUK,Kids-Baby,0.0
3D PELÜŞ KULAKLIK ERKEK ÇOCUK,Kids-Baby,0.0
3D PELÜŞ KULAKLIK KIZ ÇOCUK,Kids-Baby,0.0
3D PENYE TİŞÖRT KIZ BEBEK,Kids-Baby,0.0
3D SİMLİ KUMAŞ CAP ŞAPKA KIZ ÇOCUK,Kids-Baby,0.0
3D TRİKO BERE KIZ ÇOCUK,Kids-Baby,0.0
3’LÜ BRİEF KÜLOT,Women,-50.00125003125078
4'LÜ HIZLI KURUYAN BURKİNİ TESETTÜR BASIC MAYO TAKIM,Women,0.0
4'LÜ KÜPE,Women,0.0
4'LÜ PİJAMA TAKIMI ARAÇ BASKILI UZUN KOLLU ÜST UZUN ALT ERKEK BEBEK,Kids-Baby,0.0
4'LÜ PİJAMA TAKIMI BASKILI UZUN KOLLU ÜST UZUN ALT KIZ BEBEK,Kids-Baby,0.0
4'LÜ PİJAMA TAKIMI SAFARİ BASKILI UZUN KOLLU PENYE ÜST UZUN ALT ERKEK BEBEK,Kids-Baby,0.0
4'LÜ PİJAMA TAKIMI UÇAK BASKILI UZUN KOLLU PENYE ÜST UZUN ALT ERKEK BEBEK,Kids-Baby,0.0
5'Lİ ATLET KIZ ÇOCUK,Kids-Baby,0.0
5'Lİ BAMBU PATİK ÇORAP,Men,0.0
5'Lİ BAMBU UZUN ÇORAP,Men,0.0
5'Lİ BOXER ERKEK ÇOCUK,Kids-Baby,0.0
5'Lİ PAMUKLU CİZGİLİ VE FLAMİNGO BASKILI PATİK ÇORAP KIZ ÇOCUK,Kids-Baby,0.0
5'Lİ PAMUKLU KİRAZ VE ÇİÇEK DESENLİ PATİK ÇORAP KIZ ÇOCUK,Kids-Baby,0.0
5'Lİ PAMUKLU PATİK ÇORAP,Men,0.0
5'Lİ PAMUKLU PATİK ÇORAP,Women,0.0
5'Lİ PAMUKLU PATİK ÇORAP ERKEK ÇOCUK,Kids-Baby,-18.445182251734515
5'Lİ PAMUKLU PATİK ÇORAP KIZ ÇOCUK,Kids-Baby,-24.667653372801574
5'Lİ PAMUKLU SNEAKER ÇORAP,Men,0.0
5'Lİ PAMUKLU SNEAKER ÇORAP,Women,0.0
5'Lİ PAMUKLU SOKET ÇORAP,Men,0.0
5'Lİ PAMUKLU SOKET ÇORAP,Women,0.0
5'Lİ PAMUKLU SOKET ÇORAP ERKEK ÇOCUK,Kids-Baby,0.0
5'Lİ PAMUKLU UZUN ÇORAP,Men,0.0
5'Lİ PAMUKLU UZUN ÇORAP,Women,0.0
5'Lİ PAMUKLU UZUN ÇORAP ERKEK ÇOCUK,Kids-Baby,-40.00160006400256
5'Lİ PAMUKLU UZUN ÇORAP KIZ BEBEK,Kids-Baby,0.0
5'Lİ PAMUKLU UZUN ÇORAP KIZ ÇOCUK,Kids-Baby,0.0
5'Lİ PAMUKLU ÇİZGİLİ PATİK ÇORAP ERKEK ÇOCUK,Kids-Baby,0.0
5'Lİ PATİK ÇORAP,Women,0.0
5'Lİ UZUN ÇORAP,Women,0.0
5'Lİ YÜZÜK,Women,0.0
550 ML,Women,0.0
600 ML,Women,0.0
650 ML,Men,0.0
650 ML,Women,0.0
7'Lİ PAMUKLU PATİK ÇORAP,Men,0.0
7'Lİ PAMUKLU PATİK ÇORAP,Women,0.0
7'Lİ PAMUKLU PATİK ÇORAP ERKEK ÇOCUK,Kids-Baby,0.0
7'Lİ PAMUKLU PATİK ÇORAP KIZ ÇOCUK,Kids-Baby,0.0
7'Lİ PAMUKLU SNEAKER ÇORAP,Women,0.0
7'Lİ PAMUKLU UZUN ÇORAP,Men,0.0
7'Lİ PAMUKLU UZUN ÇORAP,Women,0.0
7'Lİ PAMUKLU UZUN ÇORAP ERKEK ÇOCUK,Kids-Baby,0.0
7'Lİ PAMUKLU ÇİÇEKLİ ÇORAP,Kids-Baby,0.0
7'Lİ PATİK ÇORAP,Men,0.0
7'Lİ PATİK ÇORAP,Women,0.0
7'Lİ SNEAKER ÇORAP,Men,0.0
7'Lİ SNEAKER ÇORAP,Women,0.0
7'Lİ UZUN ÇORAP,Men,0.0
750 ML,Women,0.0
8'Lİ YÜZÜK,Women,0.0
9'LU KÜPE,Women,0.0
90'S SLIM FIT PANTOLON,Men,-33.48442046839274
90'S WIDE LEG GABARDİN PANTOLON KIZ ÇOCUK,Kids-Baby,-30.00037500468756
90'S WIDE LEG GENİŞ PAÇA JEAN PANTOLON KIZ ÇOCUK,Kids-Baby,-30.00037500468756
90'S WIDE LEG JEAN PANTOLON KIZ ÇOCUK,Kids-Baby,-30.00037500468756
90'S WIDE LEG YÜKSEK BEL DÜZ PAÇA UZUN JEAN PANTOLON,Women,4.000032000256002
90'S WIDE LEG YÜKSEK BEL JEAN PANTOLON,Women,0.0
90'S WIDE LEG YÜKSEK BEL JEAN YIKAMALI PANTOLON,Women,0.0
90'S WIDE LEG YÜKSEK BEL UZUN JEAN PANTOLON,Women,0.0
90'S WIDE LEG İSPANYOL PAÇA GABARDİN PANTOLON KIZ ÇOCUK,Kids-Baby,-30.00037500468756
90'S WİDE LEG GABARDİN PANTOLON KIZ ÇOCUK,Kids-Baby,0.0
90'S WİDE LEG GENİŞ PAÇA JEAN PANTOLON KIZ ÇOCUK,Kids-Baby,0.0
90'S WİDE LEG GENİŞ PAÇA OKUL JEAN PANTOLON KIZ ÇOCUK,Kids-Baby,0.0
A FORM MAXİ ETEK,Women,0.0
A FORM MİDİ ETEK,Women,0.0
A FORM PUANTİYELİ DÜĞMELİ NORMAL BEL MİDİ ETEK,Women,0.0
A KESİM AKIŞKAN KUMAŞ MAXİ ETEK,Women,0.0
A KESİM ATLET,Women,0.0
A KESİM BASIC POPLİN MAXİ TESETTÜR ETEK,Women,0.0
A KESİM BASIC SATEN MAXİ ETEK,Women,0.0
A KESİM DANTEL MİDİ ELBİSE,Women,-30.000200001333344
A KESİM DESENLİ MİDİ ELBİSE,Women,0.0
A KESİM DİK YAKA DANTEL MİDİ ELBİSE,Women,0.0
A KESİM ETEK,Women,-6.4468433031766095
A KESİM FLAMLI PAMUK ŞORT,Women,0.0
A KESİM GÖMLEK YAKA POPLİN MİDİ ELBİSE,Women,0.0
A KESİM KARELİ MİDİ ETEK,Women,0.0
A KESİM KARELİ NORMAL BEL ÇAPRAZ DOKUMA MİDİ ETEK,Women,0.0
A KESİM KETEN KARIŞIMLI ETEK,Women,0.0
A KESİM KETEN KARIŞIMLI ŞORT,Women,0.0
A KESİM MAXİ ETEK,Women,-25.40312581159049
A KESİM MÜSLİN ŞORT,Women,0.0
A KESİM MİDİ ETEK,Women,-8.582470839714317
A KESİM MİNİ ETEK,Women,-31.032090832755276
A KESİM NORMAL BEL ASTARLI DANTEL MAXİ ETEK,Women,0.0
A KESİM NORMAL BEL BASIC KLOŞ MAXİ ETEK,Women,0.0
A KESİM NORMAL BEL DANTELLİ MİNİ ETEK,Women,-40.000307694674575
A KESİM NORMAL BEL SATEN ETEK,Women,0.0
A KESİM PAMUKLU ASKILI YAZLIK ELBİSE KIZ ÇOCUK,Kids-Baby,0.0
A KESİM PAMUKLU KOLSUZ YAZLIK ELBİSE KIZ ÇOCUK,Kids-Baby,0.0
A KESİM PAMUKLU MİDİ ELBİSE,Women,0.0
A KESİM POPLİN ELBİSE,Women,0.0
A KESİM POPLİN MİDİ ELBİSE,Women,0.0
A KESİM PUANTİYELİ SATEN MAXİ ETEK,Women,0.0
A KESİM SATEN ETEK,Women,0.0
A KESİM TERRY COTTON MİDİ ELBİSE,Women,0.0
A KESİM UZUN BOY ETEK,Women,0.0
A KESİM YÜKSEK BEL BASIC TWEED MİNİ ETEK,Women,0.0
A KESİM ŞORT,Women,0.0
AEROBİN ELBİSE,Women,0.0
AEROBİN MİDİ ELBİSE,Women,0.0
AFRA X DEFACTO %100 PAMUK DÜŞÜK BEL JEAN PANTOLON,Women,0.0
AFRA X DEFACTO A KESİM NORMAL BEL GABARDİN MİNİ ETEK,Women,0.0
AFRA X DEFACTO A KESİM NORMAL BEL MİNİ ETEK,Women,0.0
AFRA X DEFACTO A KESİM NORMAL BEL POPLİN MİDİ ETEK,Women,0.0
AFRA X DEFACTO BAGGY FIT CEPLİ NORMAL BEL GABARDİN PANTOLON,Women,0.0
AFRA X DEFACTO BALLOON FIT POPLİN KOLSUZ BLUZ,Women,0.0
AFRA X DEFACTO BALLOON FIT RİBANA PANTOLON,Women,0.0
AFRA X DEFACTO BALLOON FIT YÜKSEK BEL JEAN YIKAMALI PANTOLON,Women,0.0
AFRA X DEFACTO COMFORT STRAIGHT YÜKSEK BEL JEAN YIKAMALI PANTOLON,Women,0.0
AFRA X DEFACTO CROP FLARE FIT NORMAL BEL JEAN PANTOLON,Women,0.0
AFRA X DEFACTO FITTED BAĞCIKLI BLUZ,Women,0.0
AFRA X DEFACTO FITTED DİK YAKA ATLET,Women,0.0
AFRA X DEFACTO FITTED FİTİLLİ KAŞKORSE ATLET,Women,0.0
AFRA X DEFACTO FITTED GÖMLEK YAKA GABARDİN BLAZER CEKET,Women,0.0
AFRA X DEFACTO FITTED KAYIK YAKA KREP BLUZ,Women,0.0
AFRA X DEFACTO LOOSE FIT OMZU AÇIK TİŞÖRT,Women,0.0
AFRA X DEFACTO LOW RISE WIDELEG DÜŞÜK BEL JEAN PANTOLON,Women,0.0
AFRA X DEFACTO NORMAL BEL GABARDİN BERMUDA,Women,0.0
AFRA X DEFACTO NORMAL BEL SATEN KAPRİ,Women,0.0
AFRA X DEFACTO NORMAL BEL TENCEL ŞORT,Women,0.0
AFRA X DEFACTO OVERSIZE BASKILI SWEATSHİRT,Women,0.0
AFRA X DEFACTO OVERSIZE NAKIŞLI POPLİN KOLLU GÖMLEK,Women,0.0
AFRA X DEFACTO OVERSİZE GENİŞ KALIP AKIŞKAN KUMAŞ BLAZER CEKET,Women,0.0
AFRA X DEFACTO PUANTİYELİ HAKİM YAKA TAFTA POPLİN CEKET,Women,0.0
AFRA X DEFACTO PİLİSE NORMAL BEL POPLİN MİNİ ETEK,Women,0.0
AFRA X DEFACTO REGULAR FIT JEAN MİNİ ETEK,Women,0.0
AFRA X DEFACTO RELAX FIT HALTER YAKA KOLSUZ MİNİ ELBİSE,Women,0.0
AFRA X DEFACTO RELAX FİT SUNİ DERİ MONT,Women,0.0
AFRA X DEFACTO SLIM FIT HALTER YAKA ATLET,Women,0.0
AFRA X DEFACTO SLIM FIT HALTER YAKA BASIC ÇITÇITLI BODY,Women,0.0
AFRA X DEFACTO SLIM FIT HALTER YAKA BLUZ,Women,0.0
AFRA X DEFACTO SLIM FIT STRAPLEZ BÜRÜMCÜK BLUZ,Women,0.0
AFRA X DEFACTO SLIM FIT YARIM BALIKÇI YAKA TİŞÖRT,Women,0.0
AFRA X DEFACTO SLİM FİT BASİC FİTİLLİ KAŞKORSE ATLET,Women,0.0
AFRA X DEFACTO STRAIGHT FIT FERMUARLI NORMAL BEL PANTOLON,Women,0.0
AFRA X DEFACTO STRAIGHT WIDE YIRTIK DETAYLI YÜKSEK BEL JEAN YIKAMALI PANTOLON,Women,0.0
AFRA X DEFACTO V YAKA FLORAL POPLİN KOLSUZ MİNİ ELBİSE,Women,0.0
AFRA X DEFACTO V YAKA PUANTİYE ŞİFON MİNİ ELBİSE,Women,0.0
AFRA X DEFACTO WİDE LEG AKIŞKAN KUMAŞ YÜKSEK BEL PALAZZO PANTOLON,Women,0.0
AIRTECH FLARE FIT BELİ SARAN SPORCU PANTOLON,Women,0.0
AIRTECH FLARE FİT TOPARLAYICI YÜKSEK BEL İSPANYOL PAÇA SOFT TOUCH SPORCU PANTOLON,Women,-10.000142859183716
AIRTECH FLARE FİT İSPANYOL PAÇA SOFT TOUCH PREMİUM SPORCU PANTOLON,Women,0.0
AIRTECH LONG FİT DİK YAKA MODAL HIRKA,Women,-40.000307694674575
AIRTECH NBA BOSTON CELTİCS OVERSİZE GENİŞ KALIP YARIM FERMUARLI SWEATSHİRT,Women,0.0
AIRTECH NBA BOSTON CELTİCS WİDE LEG CEPLİ GENİŞ PAÇA STANDART BOY EŞOFMAN ALTI,Women,0.0
AIRTECH NBA BOSTON CELTİCS WİDE LEG CEPLİ GENİŞ PAÇA STANDART BOY MODAL SPORCU PANTOLON,Women,0.0
AIRTECH NBA BROOKLYN NETS FLARE FIT İSPANYOL PAÇA STANDART BOY PANTOLON,Women,0.0
AIRTECH NBA CHICAGO BULLS WIDE LEG DOKUMA PANTOLON,Women,-30.000333337037077
AIRTECH NBA LOS ANGELES LAKERS WİDE LEG EŞOFMAN ALTI,Women,0.0
AIRTECH NBA MIAMI HEAT STRAIGHT FIT CEPLİ PANTOLON,Women,0.0
AIRTECH NBA NEW YORK KNICKS STRAIGHT FIT PANTOLON,Women,0.0
AIRTECH STANDART FIT GENİŞ PAÇA DOKUMA SPORCU PANTOLON,Women,0.0
AIRTECH STRAIGHT FIT MODAL SPORCU PANTOLON,Women,0.0
AIRTECH WİDE LEG CEPLİ GENİŞ PAÇA UZUN SPORCU PANTOLON,Women,0.0
AJURLU HALTER YAKA BASIC MAXİ ELBİSE,Women,0.0
AJURLU HIRKA KIZ ÇOCUK,Kids-Baby,-30.00037500468756
AJURLU KISA KOLLU HIRKA,Women,-30.000333337037077
AJURLU SÜVETER KIZ ÇOCUK,Kids-Baby,-10.000142859183702
AKIŞKAN KUMAŞ GÖMLEK ERKEK ÇOCUK,Kids-Baby,0.0
AKIŞKAN KUMAŞ GÖMLEK KIZ ÇOCUK,Kids-Baby,0.0
AKIŞKAN KUMAŞLI TULUM KIZ BEBEK,Kids-Baby,0.0
AKSESUAR DETAYLI BÜRÜMCÜK TİŞÖRT,Women,0.0
ALT,Women,0.0
ALTEREGO ITALY CUREGO NOURİSH YIPRANMIŞ SAÇLAR İÇİN BESLEYİCİ ŞAMPUAN 300 ML,Women,0.0
ANANAS TEMALI BLOK SET,Women,0.0
ANTRASİT OVERSİZE GENİŞ KALIP BİSİKLET YAKA BASKILI SWEATSHİRT KIZ ÇOCUK,Kids-Baby,0.0
ANTRASİT TRİKO REGULAR FİT KAZAK.,Women,0.0
ANUA - HEARTLEAF 77% CLEAR PAD (GÖZENEK VE SİYAH NOKTA KARŞITI ASİTLİ TONİK PED) 160ML,Women,0.0
ANUA AZELAİK ASİT 10 HYALURON KIZARIKLIK YATIŞTIRICI SERUM 30ML,Women,0.0
ANUA AİRY SUN CREAM SPF50+ PA++++ CENTELLA VE MUGWORT ÖZLÜ GÜNEŞ KREMİ 50ML,Women,0.0
ANUA HEARTLEAF %70 GÜNLÜK LOSYON 200ML,Women,0.0
ANUA HEARTLEAF GÖZENEK KONTROL TEMİZLEME YAĞI 200ML,Women,0.0
ANUA HEARTLEAF PORE CONTROL SOFT CLEANSİNG OİL 200ML – GÖZENEK SIKILAŞTIRICI & HASSAS TEMİZLEYİCİ,Women,0.0
ANUA PDRN HYALURONİK ASİT KAPSÜL SERUM 100ML,Women,0.0
ANUA PEACH 70% NİACİNAMİD SERUM 30ML,Women,0.0
ANUA PEACH 77% NİACİN CARE MİLK 150ML – AYDINLATICI & NEMLENDİRİCİ BAKIM SÜTÜ,Women,0.0
APAŞ YAKA BASIC BLUZ,Women,0.0
APAŞ YAKA BASIC BÜRÜMCÜK MİDİ ELBİSE,Women,0.0
APAŞ YAKA BASIC BÜRÜMCÜK MİDİ YAZLIK ELBİSE,Women,0.0
APAŞ YAKA BASIC BÜRÜMCÜK TİŞÖRT,Women,0.0
APAŞ YAKA BASIC KRİNKIL KUMAŞ BLUZ,Women,0.0
APAŞ YAKA DESENLİ KISA KOLLU TİŞÖRT ERKEK ÇOCUK,Kids-Baby,0.0
APAŞ YAKA GÖMLEK ERKEK ÇOCUK,Kids-Baby,0.0
APAŞ YAKA KISA KOLLU TİŞÖRT ERKEK ÇOCUK,Kids-Baby,0.0
APAŞ YAKA SWEATSHİRT ERKEK ÇOCUK,Kids-Baby,0.0
APLİKE 2'Lİ TAKIM SWEATSHİRT EŞOFMAN ALTI KIZ BEBEK,Kids-Baby,-40.00057143673481
APLİKE TIRTIKLI TABAN CIRT CIRTLI EVA SANDALET ERKEK ÇOCUK,Kids-Baby,0.0
ARAÇ BASKILI 2'Lİ TAKIM ERKEK BEBEK,Kids-Baby,8.333472224537076
ARAÇ BASKILI 3'LÜ ATLET ERKEK ÇOCUK,Kids-Baby,0.0
ARAÇ BASKILI BİSİKLET YAKA KISA KOLLU TİŞÖRT ERKEK BEBEK,Kids-Baby,0.0
ARAÇ BASKILI PENYE 3'LÜ SLİP KÜLOT ERKEK ÇOCUK,Kids-Baby,0.0
ARAÇ BASKILI PENYE KISA KOLLU TULUM ERKEK BEBEK YENİDOĞAN,Kids-Baby,0.0
ARAÇ BASKILI TİŞÖRT ŞORT 2'Lİ TAKIM ERKEK BEBEK,Kids-Baby,0.0
ARAÇ BASKILI UZUN KOLLU WAFFLE TULUM ERKEK BEBEK YENİDOĞAN,Kids-Baby,0.0
ASKILI AKIŞKAN KUMAŞ YELEK,Women,0.0
ASKILI BLUZ KIZ ÇOCUK,Kids-Baby,0.0
ASKILI GABARDİN SALOPET ELBİSE KIZ ÇOCUK,Kids-Baby,0.0
ASKILI JEAN ELBİSE KIZ BEBEK,Kids-Baby,0.0
ASKILI MİDİ ELBİSE,Women,-29.514093847873944
ASKILI POPLİN TULUM KIZ ÇOCUK,Kids-Baby,0.0
ASKILI PUANTİYELİ POPLİN ELBİSE KIZ ÇOCUK,Kids-Baby,0.0
ASKILI ÇİÇEK DESENLİ YAZLIK ELBİSE KIZ ÇOCUK,Kids-Baby,0.0
ASİMETRİK BÜRÜMCÜK ATLET,Women,0.0
ASİMETRİK BÜRÜMCÜK KISA KOLLU TİŞÖRT,Women,0.0
ASİMETRİK ETEK,Women,0.0
ASİMETRİK KARE YAKA PUANTİYELİ KOLSUZ BLUZ,Women,0.0
ASİMETRİK KAYIK YAKA BÜRÜMCÜK TİŞÖRT,Women,0.0
ASİMETRİK KREP ATLET,Women,0.0
ASİMETRİK MİDİ ETEK,Women,0.0
ASİMETRİK MİNİ ETEK,Women,0.0
ASİMETRİK NORMAL BEL DANTELLİ MİDİ ETEK,Women,-40.000307694674575
ASİMETRİK NORMAL BEL KREP MİDİ ETEK,Women,0.0
ASİMETRİK PİKE HIRKA,Women,0.0
ASİMETRİK RENK BLOKLU TÜL ASKILI MİDİ ELBİSE,Women,0.0
ASİMETRİK ÇİÇEKLİ NORMAL BEL PENYE ASTAR TÜL ETEK,Women,0.0
ATATÜRK BASKILI TİŞÖRT ERKEK ÇOCUK,Kids-Baby,0.0
ATATÜRK BASKILI TİŞÖRT KIZ ÇOCUK,Kids-Baby,0.0
ATATÜRK NAKIŞLI KIRMIZI TİŞÖRT FİYONK TOKA 2'Lİ TAKIM KIZ ÇOCUK,Kids-Baby,0.0
ATATÜRK İMZALI NAKIŞLI PAMUKLU CAP ŞAPKA ERKEK ÇOCUK,Kids-Baby,-18.75046876171904
ATATÜRK İMZALI PAMUKLU CAP ŞAPKA KIZ ÇOCUK,Kids-Baby,0.0
ATKILI TRİKO HIRKA,Women,0.0
ATKILI TRİKO KAZAK,Women,-30.00025000208335
ATLET,Women,24.524510224101633
ATLET ŞORT 2'Lİ TAKIM ERKEK BEBEK,Kids-Baby,0.0
ATOLYEWOLF X DEFACTO ERKEK KROKO DESENLİ SUNİ DERİ CÜZDAN,Men,0.0
AVATAR THE LAST AİRBENDER BİSİKLET YAKA KISA KOLLU TİŞÖRT ERKEK ÇOCUK,Kids-Baby,0.0
AYI BASKILI 2'Lİ ATLET KIZ ÇOCUK,Kids-Baby,0.0
AYI BASKILI BİSİKLET YAKA HIRKA KIZ BEBEK,Kids-Baby,0.0
AYI BASKILI PENYE 3'LÜ BOXER ERKEK ÇOCUK,Kids-Baby,0.0
AYI BASKILI POLO TİŞÖRT ERKEK ÇOCUK,Kids-Baby,0.0
AYI BASKILI TRİKO KAZAK ERKEK BEBEK,Kids-Baby,0.0
AYICIKLI 2'Lİ TAKIM KIZ BEBEK,Kids-Baby,0.0
AYICIKLI 3'LÜ PAMUKLU HAVLU ÇORAP KIZ ÇOCUK,Kids-Baby,0.0
AYICIKLI 3'LÜ PAMUKLU UZUN ÇORAP ERKEK ÇOCUK,Kids-Baby,-40.002000100005006
AYICIKLI 5'Lİ PAMUKLU PATİK ÇORAP ERKEK ÇOCUK,Kids-Baby,0.0
AYICIKLI 5'Lİ PAMUKLU UZUN ÇORAP ERKEK ÇOCUK,Kids-Baby,0.0
AYICIKLI CHARM ANAHTARLIK,Women,0.0
AYICIKLI DÜZ TABAN PANDUF KIZ ÇOCUK,Kids-Baby,0.0
AYICIKLI ELBİSE KIZ BEBEK,Kids-Baby,0.0
AYICIKLI GÖMLEK KIZ BEBEK,Kids-Baby,0.0
AYICIKLI JEAN TULUM ERKEK BEBEK,Kids-Baby,0.0
AYICIKLI KISA KOLLU TİŞÖRT ERKEK ÇOCUK,Kids-Baby,0.0
AYICIKLI KOLSUZ JEAN ELBİSE KIZ BEBEK,Kids-Baby,0.0
AYICIKLI PAMUKLU ELBİSE KIZ ÇOCUK,Kids-Baby,0.0
AYICIKLI POLO TİŞÖRT KIZ ÇOCUK,Kids-Baby,0.0
AYICIKLI POPLİN GÖMLEK ERKEK BEBEK,Kids-Baby,0.0
AYICIKLI PİJAMA TAKIMI,Women,-20.00025000312504
AYICIKLI PİKE 2'Lİ TAKIM ERKEK BEBEK,Kids-Baby,0.0
AYICIKLI TİŞÖRT ERKEK BEBEK,Kids-Baby,0.0
AYICIKLI TİŞÖRT KIZ ÇOCUK,Kids-Baby,0.0
AYICIKLI ÇİZGİLİ POPLİN GÖMLEK ERKEK ÇOCUK,Kids-Baby,0.0
AYÇİÇEĞİ GÜL VE PAPATYA BUKETİ BLOK SET,Women,0.0
AÇIK PEMBE BİSİKLET YAKA BASİC DÜZ TRİKO KAZAK KIZ BEBEK,Kids-Baby,0.0
BABET ÇORAP,Women,0.0
BAGET ÇANTA,Women,0.0
BAGGY BERMUDA ŞORT,Men,0.0
BAGGY FIT BELİ LASTİKLİ ŞORT,Men,0.0
BAGGY FIT BERMUDA,Men,0.0
BAGGY FIT BÜYÜK BEDEN ŞORT,Men,0.0
BAGGY FIT DÜZ PAÇA CEPLİ PANTOLON,Men,0.0
BAGGY FIT GABARDİN PANTOLON KIZ ÇOCUK,Kids-Baby,-10.00010000100001
BAGGY FIT GENİŞ PAÇA JEAN PANTOLON KIZ ÇOCUK,Kids-Baby,-20.00020000200002
BAGGY FIT GENİŞ PAÇA PANTOLON,Men,0.0
BAGGY FIT JEAN BERMUDA,Men,0.0
BAGGY FIT JEAN PANTOLON,Kids-Baby,0.0
BAGGY FIT JEAN PANTOLON KIZ ÇOCUK,Kids-Baby,-17.68131317083916
BAGGY FIT JOGGER,Men,-10.000066667111113
BAGGY FIT NORMAL BEL AKIŞKAN KUMAŞ PANTOLON,Women,0.0
BAGGY FIT NORMAL BEL GABARDİN PANTOLON,Women,-40.000307694674575
BAGGY FIT PAMUKLU PANTOLON KIZ BEBEK,Kids-Baby,-30.00037500468756
BAGGY FIT PANTOLON,Men,-11.15064155662957
BAGGY FIT PANTOLON,Women,0.0
BAGGY FIT POPLİN PANTOLON KIZ ÇOCUK,Kids-Baby,-20.00020000200002
BAGGY FIT SKUBA DALGIÇ KUMAŞ PANTOLON,Women,0.0
BAGGY FIT SWEATSHİRT KUMAŞI ALT,Men,-10.000166669444491
BAGGY FIT YÜKSEK BEL DÜZ PAÇA UZUN JEAN PANTOLON,Women,-10.000066667111113
BAGGY FIT YÜKSEK BEL KATLAMALI PAÇA JEAN PANTOLON,Women,0.0
BAGGY FIT YÜKSEK BEL UZUN JEAN PANTOLON,Women,-5.000033333555557
BAGGY FIT ÇİFT CEPLİ NORMAL BEL STANDART BOY AKIŞKAN KUMAŞ PANTOLON,Women,0.0
BAGGY FIT ŞORT,Men,0.0
BAGGY FİT CHARM DETAYLI GENİŞ PAÇA GABARDİN PANTOLON KIZ ÇOCUK,Kids-Baby,0.0
BAGGY FİT GENİŞ BOL PAÇA GABARDİN PANTOLON KIZ ÇOCUK,Kids-Baby,0.0
BAGGY FİT GENİŞ PAÇA JEAN PANTOLON KIZ ÇOCUK,Kids-Baby,0.0
BAGGY FİT GENİŞ PAÇA TAŞLI JEAN PANTOLON KIZ ÇOCUK,Kids-Baby,0.0
BAGGY FİT LEOPAR FULAR DETAYLI GABARDİN PANTOLON KIZ ÇOCUK,Kids-Baby,0.0
BAGGY FİT PANTOLON KIZ ÇOCUK,Kids-Baby,0.0
BAGGY FİT STANDART PAÇA GABARDİN PANTOLON ERKEK ÇOCUK,Kids-Baby,0.0
BAGGY JEAN PANTOLON,Men,0.0
BAGGY KARGO CEPLİ PANTOLON,Men,0.0
BAGGY PANTOLON,Men,0.0
BAKLAVA DESENLİ HIRKA,Women,-30.00030000300003
BALIKÇI YAKA MONT KIZ ÇOCUK,Kids-Baby,0.0
BALIKÇI YAKA TRİKO KAZAK KIZ ÇOCUK,Kids-Baby,0.0
BALLOON FIT BASIC EŞOFMAN ALTI,Women,0.0
BALLOON FIT BELİ LASTİKLİ MODAL PANTOLON,Women,0.0
BALLOON FIT BİSİKLET YAKA TİŞÖRT KIZ BEBEK,Kids-Baby,-60.001200024000475
BALLOON FIT DİK YAKA POPLİN CEKET,Women,0.0
BALLOON FIT ESNEK BANTLI PAÇA KETEN KARIŞIMLI PANTOLON KIZ BEBEK,Kids-Baby,0.0
BALLOON FIT GABARDİN PANTOLON ERKEK BEBEK,Kids-Baby,-40.00050000625008
BALLOON FIT JEAN PANTOLON,Women,-30.000187501171883
BALLOON FIT JEAN PANTOLON KIZ ÇOCUK,Kids-Baby,-20.00020000200002
BALLOON FIT KAYIK YAKA MİNİ ELBİSE,Women,0.0
BALLOON FIT KISA KOLLU TİŞÖRT,Women,0.0
BALLOON FIT MİDİ ETEK,Women,0.0
BALLOON FIT MİNİ ETEK,Women,0.0
BALLOON FIT NORMAL BEL DÜZ PAÇA PANTOLON,Women,0.0
BALLOON FIT NORMAL BEL MÜSLİN PANTOLON,Women,0.0
BALLOON FIT NORMAL BEL MİNİ ETEK,Women,-30.000333337037077
BALLOON FIT NORMAL BEL PANTOLON,Women,0.0
BALLOON FIT NORMAL BEL POPLİN PANTOLON,Women,0.0
BALLOON FIT PANTOLON,Kids-Baby,0.0
BALLOON FIT PANTOLON,Men,0.0
BALLOON FIT PANTOLON,Women,-16.000160001600015
BALLOON FIT POPLİN BLAZER CEKET,Women,0.0
BALLOON FIT POPLİN GÖMLEK,Women,0.0
BALLOON FIT SU GEÇİRMEZ MONT,Women,0.0
BALLOON FIT TİŞÖRT KIZ BEBEK,Kids-Baby,-20.00040000800016
BALLOON FIT UZUN ETEK,Women,0.0
BALLOON FIT YARI ELASTİK BANTLI BEL PANTOLON,Women,0.0
BALLOON FIT YÜKSEK BEL PANTOLON,Women,0.0
BALLOON FIT ÇİZGİLİ POPLİN GÖMLEK,Women,0.0
BALLOON FİT BELİ LASTİKLİ DÜZ PAÇA JEAN PANTOLON ERKEK BEBEK,Kids-Baby,0.0
BALLOON FİT DÜZ PAÇA JEAN PANTOLON ERKEK ÇOCUK,Kids-Baby,0.0
BALLOON FİT ESNEK BANTLI PAÇA PANTOLON KIZ ÇOCUK,Kids-Baby,-30.00037500468756
BALLOON FİT GENİŞ PAÇA JEAN PANTOLON KIZ ÇOCUK,Kids-Baby,0.0
BALLOON FİT OVAL PAÇA GABARDİN OKUL PANTOLONU KIZ ÇOCUK,Kids-Baby,0.0
BALLOON FİT PAMUKLU PANTOLON,Women,0.0
BALLOON FİT POPLİN BLUZ,Women,0.0
BALON ETEK KIZ ÇOCUK,Kids-Baby,0.0
BALON KOL DÜĞMELİ KAZAK,Women,-30.000187501171883
BAMBU 3'LÜ PATİK ÇORAP,Men,0.0
BAMBU 3'LÜ PATİK ÇORAP,Women,0.0
BAMBU 5'Lİ BABET,Men,0.0
BANOBAGİ ALPHA RADİANCE 10 HYA AYDINLATICI LEKE BAKIMII TONİK 120ML,Women,0.0
BANOBAGİ ALPHA RADİANCE LEKE GİDERİCİ KREM 50ML,Women,0.0
BANOBAGİ ALPHA RADİANCE NAZİK PEELİNG KÖPÜK 120ML,Women,0.0
BANOBAGİ BOOSTER LİNE BABY FACE INJECTİON MASK 10ML – CİLT YENİLEYİCİ & ELASTİKİYET ARTIRICI YÜZ MASKESİ,Women,0.0
BANOBAGİ CİLT YATIŞTIRICI JEL MASKE 10ML – VİTA GENİC CİCA ONARICI & KIZARIKLIK KARŞITI MASKE,Women,0.0
BANOBAGİ DX ANTİ SEBUM PORE MİNİMİZİNG MASK 10ML – SEBUM KONTROLÜ & GÖZENEK SIKILAŞTIRICI MASKE,Women,0.0
BANOBAGİ GOLD PROPOLİS INJECTİON MASK 10ML – BESLEYİCİ & IŞILTI VEREN YÜZ MASKESİ,Women,0.0
BANOBAGİ MİLK THİSTLE ONARICI CİCA GÜNEŞ KREMİ PLUS SPF45 PA+++ 50ML,Women,0.0
BANOBAGİ MİLK THİSTLE ONARICI CİCA PLUS KÖPÜK TEMİZLEYİCİ 120ML,Women,0.0
BANOBAGİ MİLK THİSTLE ONARICI CİCA PLUS MASKE 350GR,Women,0.0
BANOBAGİ MİLK THİSTLE ONARICI KREM 50ML,Women,0.0
BANOBAGİ MİLK THİSTLE ONARICI SERUM 30ML,Women,0.0
BANOBAGİ MİLK THİSTLE ONARICI TONİK 200ML,Women,0.0
BANOBAGİ VİTA COCKTAİL FOİL AQUA MASK 10ML – YOĞUN NEMLENDİRİCİ & CANLANDIRICI FOLYO YÜZ MASKESİ,Women,0.0
BANOBAGİ VİTA COCKTAİL FOİL BRİGHTENİNG MASK 10ML – AYDINLATICI & CANLANDIRICI FOLYO YÜZ MASKESİ,Women,0.0
BANOBAGİ VİTA GENİC HYDRATİNG GEL MASK 10ML – YOĞUN NEMLENDİRİCİ & CİLT CANLANDIRICI YÜZ MASKESİ,Women,0.0
BANOBAGİ VİTA GENİC PORE TİGHTENİNG GEL MASK 10ML – GÖZENEK SIKILAŞTIRICI & SEBUM DENGELEYİCİ YÜZ MASKESİ,Women,0.0
BARBİE 2'Lİ TAKIM KISA KOLLU TİŞÖRT BELİ LASTİKLİ ŞORT KIZ BEBEK,Kids-Baby,0.0
BARBİE BASKILI KIZ ÇOCUK TİŞÖRT,Women,0.0
BARBİE BİKİNİ TAKIMI KIZ ÇOCUK,Kids-Baby,0.0
BARBİE BİSİKLET YAKA ATLET KIZ ÇOCUK,Kids-Baby,0.0
BARBİE BİSİKLET YAKA FİTİLLİ KAŞKORSE KISA KOLLU TİŞÖRT KIZ BEBEK,Kids-Baby,0.0
BARBİE BİSİKLET YAKA KISA KOLLU TİŞÖRT KIZ BEBEK,Kids-Baby,0.0
BARBİE BİSİKLET YAKA SWEATSHİRT KIZ BEBEK,Kids-Baby,0.0
BARBİE FİTTED BİSİKLET YAKA RİBANA KISA KOLLU TİŞÖRT KIZ ÇOCUK,Kids-Baby,0.0
BARBİE KISA KOLLU YAZLIK TÜL ELBİSE KIZ BEBEK,Kids-Baby,0.0
BARBİE PENYE 2'Lİ BOXER KIZ ÇOCUK,Kids-Baby,0.0
BARBİE PİJAMA TAKIMI KISA KOLLU FİTİLLİ KAŞKORSE ÜST BELİ LASTİKLİ ŞORT KIZ BEBEK,Kids-Baby,0.0
BARBİE RELAX FİT BİSİKLET YAKA KISA KOLLU TİŞÖRT KIZ ÇOCUK,Kids-Baby,0.0
BARREL FIT DÜZ PAÇA GABARDİN PANTOLON ERKEK ÇOCUK,Kids-Baby,-44.00044000440004
BARREL FIT JEAN PANTOLON ERKEK ÇOCUK,Kids-Baby,0.0
BARREL FIT KALIN KUMAŞ PANTOLON,Women,0.0
BARREL FIT PANTOLON,Men,-10.000076923668644
BARREL FIT PANTOLON,Women,0.0
BARREL FIT SKUBA DALGIÇ KUMAŞ SPORCU PANTOLON,Women,0.0
BARREL FIT YÜKSEK BEL BİLEK BOY JEAN YIKAMALI PANTOLON,Women,0.0
BARREL FIT YÜKSEK BEL KATLAMALI PAÇA JEAN PANTOLON,Women,0.0
BARREL FİT BELİ LASTİKLİ BİLEK BOY CEPLİ YUMUŞAK JEAN PANTOLON,Women,0.0
BARREL FİT BELİ LASTİKLİ EŞOFMAN ALTI KIZ ÇOCUK,Kids-Baby,0.0
BARREL FİT DÜZ PAÇA JEAN PANTOLON ERKEK ÇOCUK,Kids-Baby,-26.00026000260001
BARREL FİT GENİŞ PAÇA JEAN PANTOLON KIZ ÇOCUK,Kids-Baby,-20.00020000200002
BARREL FİT LEOPAR DESENLİ PANTOLON KIZ ÇOCUK,Kids-Baby,0.0
BARREL FİT NORMAL BEL BİLEK BOY BEYAZ JEAN PANTOLON,Women,0.0
BARREL FİT NORMAL BEL PANTOLON,Women,0.0
BARREL FİT PANTOLON KIZ ÇOCUK,Kids-Baby,0.0
BASIC 2'Lİ BRİEF KÜLOT,Women,0.0
BASIC 3'LÜ KÜLOT,Women,0.0
BASIC AEROBİN MAXİ ELBİSE,Women,0.0
BASIC AKIŞKAN KUMAŞ UZUN KOLLU GÖMLEK,Men,0.0
BASIC ASKILI BEYAZ BODY,Women,0.0
BASIC ASKILI BODY,Women,0.0
BASIC ASKILI SİYAH BODY,Women,0.0
BASIC ATLET,Women,0.0
BASIC BERMUDA ŞORT,Women,0.0
BASIC BEYAZ ATLET,Women,0.0
BASIC BEYAZ TİŞÖRT,Women,0.0
BASIC BORDO TRİKO KAZAK,Women,0.0
BASIC BRA,Women,0.0
BASIC BÜRÜMCÜK MİDİ ELBİSE,Women,0.0
BASIC BÜRÜMCÜK MİDİ YAZLIK ELBİSE,Women,0.0
BASIC BÜRÜMCÜK TİŞÖRT,Women,0.0
BASIC BİSİKLET YAKA ATLET,Women,0.0
BASIC CEPLİ BELİ BAĞCIKLI KALIN JOGGER EŞOFMAN ALTI,Women,0.0
BASIC CEPLİ MÜSLİN HAREM PANTOLON,Women,0.0
BASIC CEPLİ NORMAL BEL KALIN JOGGER EŞOFMAN ALTI,Women,0.0
BASIC DÜZ 7'Lİ PAMUKLU PATİK ÇORAP KIZ ÇOCUK,Kids-Baby,0.0
BASIC DÜZ KAYDIRMAZ TABAN 7'Lİ PAMUKLU UZUN ÇORAP ERKEK BEBEK,Kids-Baby,0.0
BASIC DÜZ KRAVAT,Women,0.0
BASIC DÜĞMELİ SOFT TOUCH YUMUŞAK TRİKO HIRKA,Women,0.0
BASIC DÜĞMELİ TRİKO HIRKA,Women,0.0
BASIC DİKİŞSİZ TRİKO KAZAK,Women,0.0
BASIC FERMUARLI HIRKA,Women,0.0
BASIC FİTİLLİ KAŞKORSE MİNİ YAZLIK ELBİSE,Women,0.0
BASIC GÖMLEK,Women,13.11707050360459
BASIC GÖMLEK TUNİK,Women,0.0
BASIC JOGGER EŞOFMAN ALTI,Women,0.0
BASIC KALIN TİŞÖRT,Women,0.0
BASIC KAZAK TUNİK,Women,0.0
BASIC KETEN KARIŞIMLI TUNİK,Women,0.0
BASIC KIRMIZI ATLET,Women,0.0
BASIC KISA KOLLU TİŞÖRT,Women,0.0
BASIC KOLSUZ TUNİK,Women,0.0
BASIC MODAL TİŞÖRT,Women,0.0
BASIC MİDİ ELBİSE,Women,0.0
BASIC MİDİ ETEK,Women,0.0
BASIC MİDİ YAZLIK ELBİSE,Women,0.0
BASIC MİNİ YAZLIK ELBİSE,Women,0.0
BASIC PEMBE TİŞÖRT,Women,0.0
BASIC PENYE TİŞÖRT,Women,0.0
BASIC PİJAMA TAKIMI ÜST ALT,Women,-11.818289257175065
BASIC PİKE POLO TİŞÖRT ERKEK ÇOCUK,Kids-Baby,0.0
BASIC RİBANA TİŞÖRT,Women,0.0
BASIC SELANİK KUMAŞ MİDİ ELBİSE,Women,0.0
BASIC SOFT TOUCH YUMUŞAK TRİKO KAZAK,Women,0.0
BASIC SİYAH ATLET,Women,0.0
BASIC SİYAH TRİKO KAZAK,Women,0.0
BASIC TESETTÜR GÖMLEK TUNİK,Women,0.0
BASIC TRİKO HIRKA,Women,0.0
BASIC TRİKO KAZAK,Women,-45.800458004580044
BASIC TRİKO KIRMIZI KAZAK,Women,0.0
BASIC TRİKO SÜVETER,Women,0.0
BASIC TİŞÖRT,Women,0.0
BASIC UZUN CEPLİ SÜVETER,Women,0.0
BASIC VOLANLI KETEN MİNİ ETEK,Women,0.0
BASIC VİSKON GÖMLEK,Women,0.0
BASIC VİSKON GÖMLEK TUNİK,Women,0.0
BASIC YANLARI BAĞCIKLI TESETTÜR GÖMLEK TUNİK,Women,0.0
BASIC YARIM KOLLU GÖMLEK,Women,0.0
BASIC YARIM KOLLU ÇITÇITLI BODY,Women,0.0
BASIC YUMUŞAK DOKULU MİNİ ETEK,Women,0.0
BASIC YUVARLAK YAKA ATLET,Women,0.0
BASIC YUVARLAK YAKA BASIC ATLET,Women,0.0
BASIC YUVARLAK YAKA SİYAH ATLET,Women,0.0
BASIC ÇİFT CEPLİ GÖMLEK,Women,0.0
BASIC ÜST,Women,0.0
BASKILI 2'Lİ ERKEK BEBEK TAKIM,Kids-Baby,0.0
BASKILI 2'Lİ TAKIM ERKEK BEBEK,Kids-Baby,6.617744378593803
BASKILI 2'Lİ TAKIM KIZ BEBEK,Kids-Baby,0.0
BASKILI 2'Lİ UZUN KOLLU TİŞÖRT ERKEK BEBEK,Kids-Baby,-30.000500008333468
BASKILI 40 DENYE KÜLOTLU ÇORAP KIZ BEBEK,Kids-Baby,0.0
BASKILI 5'Lİ PAMUKLU HAVLU ÇORAP ERKEK ÇOCUK,Kids-Baby,0.0
BASKILI 5'Lİ PAMUKLU PATİK ÇORAP ERKEK ÇOCUK,Kids-Baby,0.0
BASKILI 5'Lİ PAMUKLU UZUN ÇORAP ERKEK ÇOCUK,Kids-Baby,-37.5015000600024
BASKILI 7'Lİ PAMUKLU PATİK ÇORAP ERKEK ÇOCUK,Kids-Baby,0.0
BASKILI 7'Lİ PAMUKLU UZUN ÇORAP ERKEK ÇOCUK,Kids-Baby,-50.001428612246066
BASKILI BELİ LASTİKLİ 2'Lİ ŞORT KIZ ÇOCUK,Kids-Baby,0.0
BASKILI BELİ LASTİKLİ ŞORT ERKEK BEBEK,Kids-Baby,0.0
BASKILI BELİ LASTİKLİ ŞORT KIZ ÇOCUK,Kids-Baby,0.0
BASKILI BELİ PAÇASI LASTİKLİ EŞOFMAN ALTI ERKEK ÇOCUK,Kids-Baby,-10.00012500156252
BASKILI BUCKET KIZ ÇOCUK ŞAPKA,Kids-Baby,0.0
BASKILI BİKER TAYT KIZ ÇOCUK,Kids-Baby,0.0
BASKILI BİKİNİ TAKIMI KIZ ÇOCUK,Kids-Baby,0.0
BASKILI BİSİKLET YAKA SKUBA DALGIÇ KUMAŞ FERMUARLI HIRKA KIZ ÇOCUK,Kids-Baby,0.0
BASKILI CAP ŞAPKA ERKEK ÇOCUK,Kids-Baby,0.0
BASKILI CAP ŞAPKA KIZ ÇOCUK,Kids-Baby,0.0
BASKILI DENİZ ŞORTU,Men,0.0
BASKILI DENİZ ŞORTU ERKEK BEBEK,Kids-Baby,0.0
BASKILI DÜĞMELİ POLAR SWEATSHİRT ERKEK BEBEK,Kids-Baby,0.0
BASKILI DİKİŞSİZ 3'LÜ PAMUKLU UZUN ÇORAP ERKEK BEBEK,Kids-Baby,0.0
BASKILI EŞOFMAN ALTI ERKEK ÇOCUK,Kids-Baby,-30.00042857755111
BASKILI FERMUARLI SWEATSHİRT ERKEK ÇOCUK,Kids-Baby,0.0
BASKILI FİTİLLİ KAŞKORSE KISA KOLLU TULUM KIZ BEBEK YENİDOĞAN,Kids-Baby,0.0
BASKILI FİTİLLİ KAŞKORSE KISA KOLLU YAZLIK ELBİSE KIZ ÇOCUK,Kids-Baby,0.0
BASKILI FİTİLLİ KAŞKORSE KOLSUZ YAZLIK ELBİSE KIZ ÇOCUK,Kids-Baby,0.0
BASKILI FİTİLLİ KAŞKORSE TİŞÖRT KIZ ÇOCUK,Kids-Baby,8.333541671875125
BASKILI HAKİM YAKA FERMUARLI HIRKA ERKEK BEBEK,Kids-Baby,0.0
BASKILI HIRKA ERKEK ÇOCUK,Kids-Baby,-40.000307694674575
BASKILI KAPÜŞONLU FERMUARLI SWEATSHİRT ERKEK ÇOCUK,Kids-Baby,0.0
BASKILI KAPÜŞONLU SKUBA DALGIÇ KUMAŞ FERMUARLI HIRKA ERKEK ÇOCUK,Kids-Baby,-20.00020000200002
BASKILI KAPÜŞONLU SİYAH SWEATSHİRT ERKEK ÇOCUK,Kids-Baby,0.0
BASKILI KAPÜŞONLU İÇİ YUMUŞAK TÜYLÜ OKUL SWEATSHİRT ERKEK ÇOCUK,Kids-Baby,0.0
BASKILI KAYDIRMAZ TABAN 3'LÜ PAMUKLU UZUN ÇORAP ERKEK BEBEK,Kids-Baby,0.0
BASKILI KISA KOLLU GECELİK,Women,0.0
BASKILI KISA KOLLU TİŞÖRT,Women,0.0
BASKILI KISA KOLLU TİŞÖRT ERKEK BEBEK,Kids-Baby,0.0
BASKILI KISA KOLLU YAZLIK TÜL ELBİSE KIZ BEBEK,Kids-Baby,0.0
BASKILI KOLEJ YAKA BOMBER CEKET ERKEK ÇOCUK,Kids-Baby,0.0
BASKILI KOLEJ YAKA BOMBER CEKET KIZ ÇOCUK,Kids-Baby,0.0
BASKILI KOLEJ YAKA BOMBER HIRKA ERKEK ÇOCUK,Kids-Baby,0.0
BASKILI KOLEJ YAKA BOMBER OKUL HIRKASI KIZ ÇOCUK,Kids-Baby,0.0
BASKILI KOLEJ YAKA İÇİ YUMUŞAK TÜYLÜ BOMBER CEKET KIZ BEBEK,Kids-Baby,0.0
BASKILI MAXİ ETEK,Women,0.0
BASKILI MAYO KIZ ÇOCUK,Kids-Baby,0.0
BASKILI OKUL SIRT ÇANTASI KIZ ÇOCUK,Kids-Baby,0.0
BASKILI OVERSIZE KISA KOLLU TİŞÖRT,Kids-Baby,0.0
BASKILI OVERSİZE KIZ ÇOCUK TİŞÖRT,Women,0.0
BASKILI OXFORD OKUL SIRT ÇANTASI ERKEK ÇOCUK,Kids-Baby,0.0
BASKILI PAMUKLU BERE KIZ ÇOCUK,Kids-Baby,0.0
BASKILI PAMUKLU CAP ŞAPKA KIZ BEBEK,Kids-Baby,0.0
BASKILI PAMUKLU PLAJ HAVLUSU,Men,0.0
BASKILI PENYE 3'LÜ BOXER ERKEK ÇOCUK,Kids-Baby,0.0
BASKILI PENYE 3'LÜ SLİP KÜLOT KIZ ÇOCUK,Kids-Baby,0.0
BASKILI PENYE KISA KOLLU TİŞÖRT,Women,0.0
BASKILI PLAJ HAVLUSU ERKEK ÇOCUK,Kids-Baby,0.0
BASKILI POPLİN GÖMLEK KIZ ÇOCUK,Kids-Baby,-30.00037500468756
BASKILI PİJAMA TAKIMI ERKEK BEBEK,Kids-Baby,0.0
BASKILI PİKE TİŞÖRT ERKEK ÇOCUK,Kids-Baby,0.0
BASKILI RİBANA TİŞÖRT KIZ ÇOCUK,Kids-Baby,-22.000440008800176
BASKILI SIRT ÇANTASI KIZ ÇOCUK,Kids-Baby,0.0
BASKILI SWEATSHIRT HIRKA KIZ ÇOCUK,Kids-Baby,-55.55617284636496
BASKILI SWEATSHIRT KIZ ÇOCUK,Kids-Baby,-50.00083334722245
BASKILI SWEATSHIRT TİŞÖRT KIZ ÇOCUK,Kids-Baby,-50.00083334722245
BASKILI SWEATSHİRT ERKEK BEBEK,Kids-Baby,0.0
BASKILI TİŞÖRT,Men,50.00125003125078
BASKILI TİŞÖRT ERKEK BEBEK,Kids-Baby,-30.00085716734764
BASKILI TİŞÖRT ERKEK ÇOCUK,Kids-Baby,0.0
BASKILI TİŞÖRT ETEK 2'Lİ TAKIM KIZ ÇOCUK,Kids-Baby,0.0
BASKILI TİŞÖRT KIZ BEBEK,Kids-Baby,0.0
BASKILI TİŞÖRT KIZ ÇOCUK,Kids-Baby,0.0
BASKILI UZUN KOLLU BLUZ,Women,0.0
BASKILI UZUN KOLLU GÖMLEK KIZ ÇOCUK,Kids-Baby,0.0
BASKILI UZUN KOLLU SWEATSHİRT ELBİSE KIZ BEBEK,Kids-Baby,0.0
BASKILI UZUN KOLLU TÜL ELBİSE KIZ BEBEK,Kids-Baby,0.0
BASKILI WAFFLE SWEATSHİRT ERKEK BEBEK,Kids-Baby,-20.00040000800016
BASKILI ŞORT ERKEK BEBEK,Kids-Baby,0.0
BASKILI ŞORT ERKEK ÇOCUK,Kids-Baby,6.666800002666727
BASKILI ŞORTLU BİKİNİ TAKIMI KIZ ÇOCUK,Kids-Baby,0.0
BASİC CEPLİ DENİZ ŞORTU,Men,0.0
BASİC DENİZ ŞORTU,Men,0.0
BASİC DÜZ BELİ BAĞCIKLI JEAN ŞORT ERKEK BEBEK,Kids-Baby,0.0
BASİC DÜZ BELİ LASTİKLİ JEAN ŞORT ERKEK BEBEK,Kids-Baby,0.0
BASİC DÜZ BEYAZ JEAN PANTOLON ERKEK BEBEK,Kids-Baby,0.0
BASİC DÜZ DENİZ ŞORTU ERKEK ÇOCUK,Kids-Baby,0.0
BASİC DÜZ JEAN ŞORT ERKEK BEBEK,Kids-Baby,0.0
BASİC DÜZ KAPÜŞONLU FERMUARLI SWEATSHİRT ERKEK ÇOCUK,Kids-Baby,0.0
BASİC DÜZ KAPÜŞONLU OKUL FERMUARLI SWEATSHİRT ERKEK ÇOCUK,Kids-Baby,0.0
BASİC DÜZ KAPÜŞONLU OKUL FERMUARLI SWEATSHİRT KIZ ÇOCUK,Kids-Baby,0.0
BASİC DÜZ KAPÜŞONLU OKUL SWEATSHİRT ERKEK ÇOCUK,Kids-Baby,0.0
BASİC DÜZ KAPÜŞONLU SWEATSHİRT ERKEK ÇOCUK,Kids-Baby,0.0
BASİC DÜZ KISA KOLLU FLAMLI POPLİN YAZLIK ELBİSE KIZ BEBEK,Kids-Baby,0.0
BASİC KISA KOLLU TİŞÖRT,Women,0.0
BASİC MAXİ ETEK,Women,0.0
BASİC ŞORT,Women,0.0
BATMAN 2'Lİ ATLET ERKEK ÇOCUK,Kids-Baby,0.0
BATMAN 3'LÜ BOXER ERKEK ÇOCUK,Kids-Baby,0.0
BATMAN BİSİKLET YAKA SIRT BASKILI KISA KOLLU TİŞÖRT ERKEK ÇOCUK,Kids-Baby,0.0
BATMAN NAKIŞLI PAMUKLU CAP ŞAPKA ERKEK ÇOCUK,Kids-Baby,0.0
BATMAN OXFORD OKUL SIRT ÇANTASI ERKEK ÇOCUK,Kids-Baby,0.0
BATMAN PAMUKLU 3'LÜ PATİK ÇORAP ERKEK ÇOCUK,Kids-Baby,0.0
BATMAN PAMUKLU CAP ŞAPKA ERKEK ÇOCUK,Kids-Baby,0.0
BATMAN TRİKO BERE ERKEK ÇOCUK,Kids-Baby,0.0
BATİK DESENLİ BİKİNİ TAKIMI KIZ ÇOCUK,Kids-Baby,0.0
BATİK DESENLİ FİTİLLİ KAŞKORSE KOLSUZ YAZLIK ELBİSE KIZ ÇOCUK,Kids-Baby,0.0
BATİK DESENLİ MAYO KIZ ÇOCUK,Kids-Baby,0.0
BATİK DESENLİ PLAJ ELBİSESİ KIZ ÇOCUK,Kids-Baby,0.0
BATİK FİTİLLİ KAŞKORSE TİŞÖRT KIZ BEBEK,Kids-Baby,-20.00040000800016
BATİK MAYO KIZ ÇOCUK,Kids-Baby,0.0
BAĞCIKLI DANTELLİ SLİP KÜLOT,Women,0.0
BAĞCIKLI PİJAMA ALTI,Women,0.0
BAĞLAMALI BASIC TRİKO BORDO HIRKA,Women,0.0
BAĞLAMALI BASIC TRİKO HIRKA,Women,0.0
BAĞLAMALI KISA KOLLU GÖMLEK KIZ BEBEK,Kids-Baby,0.0
BAĞLAMALI PAMUKLU KOLSUZ KISA TULUM KIZ ÇOCUK,Kids-Baby,0.0
BAĞLAMALI POPLİN GÖMLEK TUNİK,Women,0.0
BAĞLAMALI UZUN KOLLU TİŞÖRT,Women,0.0
BAĞLAMALI UZUN KOLLU ÜST,Women,0.0
BEBE YAKA DOKULU GÖMLEK,Women,0.0
BEBE YAKA DÜĞMELİ PELÜŞ HIRKA KIZ BEBEK,Kids-Baby,0.0
BEBE YAKA KARELİ KISA KOLLU POPLİN YAZLIK ELBİSE KIZ BEBEK,Kids-Baby,0.0
BEBE YAKA PENYE TİŞÖRT KIZ BEBEK,Kids-Baby,0.0
BEBE YAKA SIRT BASKILI SWEATSHİRT,Women,-30.00030000300003
BEBE YAKA UZUN KOLLU FLANEL ELBİSE KIZ BEBEK,Kids-Baby,0.0
BEBE YAKA ÇİÇEKLİ MÜSLİN UZUN KOLLU BLUZ KIZ BEBEK,Kids-Baby,0.0
BEBE YAKA ÇİÇEKLİ UZUN KOLLU TWİLL ELBİSE KIZ BEBEK,Kids-Baby,0.0
BEDENE OTURAN KISA KOLLU TİŞÖRT,Women,0.0
BEL ÇANTASI,Men,0.0
BEL ÇANTASI ERKEK ÇOCUK,Kids-Baby,-20.00040000800016
BELMANDO KAPRİ,Women,0.0
BELMANDO ŞORT,Women,0.0
BELİ BAĞCIKLI BASIC BERMUDA ŞORT,Women,0.0
BELİ BAĞCIKLI JEAN PANTOLON ERKEK BEBEK,Kids-Baby,0.0
BELİ BAĞCIKLI LASTİKLİ PAÇA CEPLİ BASİC DÜZ JOGGER GABARDİN PANTOLON ERKEK ÇOCUK,Kids-Baby,0.0
BELİ BAĞCIKLI ŞORT KIZ ÇOCUK,Kids-Baby,0.0
BELİ KATLAMALI EŞOFMAN ALTI,Women,0.0
BELİ LASTİKLİ %100 PAMUKLU ETEK KIZ ÇOCUK,Kids-Baby,0.0
BELİ LASTİKLİ 2'Lİ EŞOFMAN ALTI ERKEK BEBEK,Kids-Baby,0.0
BELİ LASTİKLİ 2'Lİ EŞOFMAN ALTI KIZ ÇOCUK,Kids-Baby,0.0
BELİ LASTİKLİ 2'Lİ ŞORT ERKEK BEBEK,Kids-Baby,0.0
BELİ LASTİKLİ ALT ERKEK BEBEK,Kids-Baby,0.0
BELİ LASTİKLİ BAGGY FIT PANTOLON,Women,0.0
BELİ LASTİKLİ BASIC BÜRÜMCÜK PANTOLON,Women,0.0
BELİ LASTİKLİ BASIC CEPLİ KAPRİ,Women,0.0
BELİ LASTİKLİ BASIC HAREM PANTOLON,Women,0.0
BELİ LASTİKLİ BASIC MODAL HAREM PANTOLON,Women,0.0
BELİ LASTİKLİ BASIC PİLİSE AEROBİN MİDİ ETEK,Women,0.0
BELİ LASTİKLİ BASIC ŞORT,Women,0.0
BELİ LASTİKLİ BASKILI 2'Lİ ŞORT ERKEK BEBEK,Kids-Baby,0.0
BELİ LASTİKLİ BASKILI 2'Lİ ŞORT KIZ ÇOCUK,Kids-Baby,0.0
BELİ LASTİKLİ BASKILI EŞOFMAN ALTI ERKEK BEBEK,Kids-Baby,0.0
BELİ LASTİKLİ BASKILI EŞOFMAN ALTI ERKEK ÇOCUK,Kids-Baby,-28.572000011428795
BELİ LASTİKLİ BASKILI JOGGER EŞOFMAN ALTI KIZ ÇOCUK,Kids-Baby,0.0
BELİ LASTİKLİ BASKILI ŞORT ERKEK BEBEK,Kids-Baby,-10.000333344444815
BELİ LASTİKLİ BASKILI ŞORT ERKEK ÇOCUK,Kids-Baby,0.0
BELİ LASTİKLİ BASKILI ŞORT KIZ ÇOCUK,Kids-Baby,0.0
BELİ LASTİKLİ BASİC DÜZ 2'Lİ EŞOFMAN ALTI ERKEK BEBEK,Kids-Baby,0.0
BELİ LASTİKLİ BASİC DÜZ BERMUDA ŞORT ERKEK ÇOCUK,Kids-Baby,0.0
BELİ LASTİKLİ BASİC DÜZ EŞOFMAN ALTI ERKEK ÇOCUK,Kids-Baby,0.0
BELİ LASTİKLİ BASİC DÜZ OKUL JOGGER EŞOFMAN ALTI KIZ ÇOCUK,Kids-Baby,0.0
BELİ LASTİKLİ BASİC DÜZ PİKE ŞORT ERKEK BEBEK,Kids-Baby,0.0
BELİ LASTİKLİ BASİC DÜZ ŞORT ERKEK BEBEK,Kids-Baby,0.0
BELİ LASTİKLİ BASİC DÜZ ŞORT ERKEK ÇOCUK,Kids-Baby,0.0
BELİ LASTİKLİ BASİC DÜZ ŞORT KIZ BEBEK,Kids-Baby,0.0
BELİ LASTİKLİ BASİC DÜZ ŞORT KIZ ÇOCUK,Kids-Baby,0.0
BELİ LASTİKLİ BEYAZ ŞORT KIZ ÇOCUK,Kids-Baby,0.0
BELİ LASTİKLİ CEPLİ BASKILI JEAN PANTOLON ERKEK BEBEK,Kids-Baby,0.0
BELİ LASTİKLİ CEPLİ EŞOFMAN ALTI ERKEK BEBEK,Kids-Baby,0.0
BELİ LASTİKLİ CEPLİ GABARDİN ŞORT ERKEK ÇOCUK,Kids-Baby,0.0
BELİ LASTİKLİ CEPLİ JEAN ŞORT ERKEK BEBEK,Kids-Baby,0.0
BELİ LASTİKLİ CEPLİ JEAN ŞORT KIZ ÇOCUK,Kids-Baby,0.0
BELİ LASTİKLİ CEPLİ JOGGER EŞOFMAN ALTI KIZ ÇOCUK,Kids-Baby,0.0
BELİ LASTİKLİ CEPLİ PİKE ŞORT ERKEK ÇOCUK,Kids-Baby,0.0
BELİ LASTİKLİ CEPLİ ŞORT ERKEK BEBEK,Kids-Baby,0.0
BELİ LASTİKLİ CEPLİ ŞORT KIZ ÇOCUK,Kids-Baby,0.0
BELİ LASTİKLİ DESENLİ PAMUKLU ŞORT KIZ ÇOCUK,Kids-Baby,0.0
BELİ LASTİKLİ DESENLİ ŞORT KIZ ÇOCUK,Kids-Baby,0.0
BELİ LASTİKLİ DOKULU ŞORT ERKEK ÇOCUK,Kids-Baby,0.0
BELİ LASTİKLİ DÜZ PAÇA BASİC DÜZ EŞOFMAN ALTI ERKEK ÇOCUK,Kids-Baby,0.0
BELİ LASTİKLİ DÜZ PAÇA BASİC DÜZ JEAN PANTOLON ERKEK BEBEK,Kids-Baby,0.0
BELİ LASTİKLİ DÜZ PAÇA EŞOFMAN ALTI ERKEK ÇOCUK,Kids-Baby,0.0
BELİ LASTİKLİ DÜZ PAÇA GABARDİN PANTOLON ERKEK BEBEK,Kids-Baby,-33.3338888981483
BELİ LASTİKLİ DÜZ PAÇA JEAN PANTOLON ERKEK ÇOCUK,Kids-Baby,0.0
BELİ LASTİKLİ DÜZ PAÇA PARAŞÜT PANTOLON KIZ ÇOCUK,Kids-Baby,0.0
BELİ LASTİKLİ DÜZ PAÇA PİKE EŞOFMAN ALTI ERKEK ÇOCUK,Kids-Baby,0.0
BELİ LASTİKLİ EŞOFMAN ALTI ERKEK BEBEK,Kids-Baby,0.0
BELİ LASTİKLİ EŞOFMAN ALTI ERKEK ÇOCUK,Kids-Baby,-30.417173619560327
BELİ LASTİKLİ EŞOFMAN ALTI KIZ BEBEK,Kids-Baby,0.0
BELİ LASTİKLİ EŞOFMAN ALTI KIZ ÇOCUK,Kids-Baby,0.0
BELİ LASTİKLİ FLARE FIT PANTOLON,Women,0.0
BELİ LASTİKLİ FLARE FİT TRİKO PANTOLON KIZ ÇOCUK,Kids-Baby,0.0
BELİ LASTİKLİ FİTİLLİ KADİFE PANTOLON ERKEK BEBEK,Kids-Baby,0.0
BELİ LASTİKLİ FİTİLLİ KAŞKORSE BASİC DÜZ TAYT ERKEK BEBEK,Kids-Baby,0.0
BELİ LASTİKLİ FİTİLLİ KAŞKORSE TAYT KIZ BEBEK,Kids-Baby,0.0
BELİ LASTİKLİ FİTİLLİ KAŞKORSE ŞORT KIZ BEBEK,Kids-Baby,0.0
BELİ LASTİKLİ FİTİLLİ WİDE LEGGENİŞ PAÇA PANTOLON KIZ ÇOCUK,Kids-Baby,0.0
BELİ LASTİKLİ GABARDİN PANTOLON ERKEK ÇOCUK,Kids-Baby,0.0
BELİ LASTİKLİ GABARDİN ŞORT ERKEK ÇOCUK,Kids-Baby,0.0
BELİ LASTİKLİ GÖMLEK YAKA FERMUARLI CEPLİ PARAŞÜT YAĞMURLUK KIZ BEBEK,Kids-Baby,0.0
BELİ LASTİKLİ JEAN PANTOLON ERKEK BEBEK,Kids-Baby,-28.50035625445319
BELİ LASTİKLİ JEAN PANTOLON KIZ BEBEK,Kids-Baby,0.0
BELİ LASTİKLİ JEAN ŞORT ERKEK BEBEK,Kids-Baby,0.0
BELİ LASTİKLİ JEAN ŞORT ERKEK ÇOCUK,Kids-Baby,0.0
BELİ LASTİKLİ JEAN ŞORT ETEK KIZ BEBEK,Kids-Baby,0.0
BELİ LASTİKLİ JEAN ŞORT KIZ BEBEK,Kids-Baby,0.0
BELİ LASTİKLİ JEAN ŞORT KIZ ÇOCUK,Kids-Baby,0.0
BELİ LASTİKLİ JOGGER EŞOFMAN ALTI ERKEK ÇOCUK,Kids-Baby,0.0
BELİ LASTİKLİ JOGGER EŞOFMAN ALTI KIZ ÇOCUK,Kids-Baby,0.0
BELİ LASTİKLİ JOGGER FİT JEAN PANTOLON ERKEK BEBEK,Kids-Baby,0.0
BELİ LASTİKLİ KALIN EŞOFMAN ALTI ERKEK ÇOCUK,Kids-Baby,0.0
BELİ LASTİKLİ KARGO CEPLİ DÜZ PAÇA JEAN PANTOLON ERKEK ÇOCUK,Kids-Baby,0.0
BELİ LASTİKLİ KARGO CEPLİ EŞOFMAN ALTI KIZ ÇOCUK,Kids-Baby,0.0
BELİ LASTİKLİ KARGO CEPLİ JOGGER EŞOFMAN ALTI ERKEK ÇOCUK,Kids-Baby,-40.00050000625008
BELİ LASTİKLİ KARGO CEPLİ ŞORT ERKEK ÇOCUK,Kids-Baby,0.0
BELİ LASTİKLİ KARGO CEPLİ ŞORT KIZ ÇOCUK,Kids-Baby,0.0
BELİ LASTİKLİ KARGO EŞOFMAN ALTI ERKEK BEBEK,Kids-Baby,0.0
BELİ LASTİKLİ KARGO EŞOFMAN ALTI ERKEK ÇOCUK,Kids-Baby,0.0
BELİ LASTİKLİ KARGO JOGGER EŞOFMAN ALTI KIZ ÇOCUK,Kids-Baby,0.0
BELİ LASTİKLİ MODAL ŞORT ERKEK ÇOCUK,Kids-Baby,0.0
BELİ LASTİKLİ MÜSLİN ŞORT ERKEK BEBEK,Kids-Baby,0.0
BELİ LASTİKLİ MÜSLİN ŞORT ERKEK ÇOCUK,Kids-Baby,0.0
BELİ LASTİKLİ OKUL JEAN PANTOLON ERKEK BEBEK,Kids-Baby,0.0
BELİ LASTİKLİ OKUL JOGGER EŞOFMAN ALTI ERKEK ÇOCUK,Kids-Baby,0.0
BELİ LASTİKLİ PAMUKLU ŞORT KIZ ÇOCUK,Kids-Baby,0.0
BELİ LASTİKLİ PANTOLON,Men,0.0
BELİ LASTİKLİ PANTOLON ERKEK BEBEK,Kids-Baby,0.0
BELİ LASTİKLİ PANTOLON KIZ BEBEK,Kids-Baby,0.0
BELİ LASTİKLİ PİKE EŞOFMAN ALTI ERKEK BEBEK,Kids-Baby,-30.000750018750466
BELİ LASTİKLİ PİKE ŞORT ERKEK ÇOCUK,Kids-Baby,0.0
BELİ LASTİKLİ PİKE ŞORT KIZ BEBEK,Kids-Baby,0.0
BELİ LASTİKLİ PİLELİ JEAN ŞORT ETEK KIZ BEBEK,Kids-Baby,0.0
BELİ LASTİKLİ RELAX FIT PANTOLON,Women,0.0
BELİ LASTİKLİ STANDART PAÇA PANTOLON ERKEK ÇOCUK,Kids-Baby,0.0
BELİ LASTİKLİ STRAIGHT FIT PANTOLON,Women,0.0
BELİ LASTİKLİ TRİKO ŞORT KIZ ÇOCUK,Kids-Baby,0.0
BELİ LASTİKLİ UZUN KOLLU GÖMLEK,Women,0.0
BELİ LASTİKLİ VİSKON ŞORT KIZ ÇOCUK,Kids-Baby,0.0
BELİ LASTİKLİ WAFFLE ŞORT ERKEK BEBEK,Kids-Baby,0.0
BELİ LASTİKLİ WAFFLE ŞORT KIZ BEBEK,Kids-Baby,0.0
BELİ LASTİKLİ WIDE LEG PANTOLON,Women,0.0
BELİ LASTİKLİ WİDE LEG DÜZ PAÇA KADİFE PANTOLON KIZ BEBEK,Kids-Baby,0.0
BELİ LASTİKLİ WİDE LEG GENİŞ BOL PAÇA EŞOFMAN ALTI KIZ BEBEK,Kids-Baby,0.0
BELİ LASTİKLİ WİDE LEG GENİŞ BOL PAÇA PAMUKLU PANTOLON KIZ ÇOCUK,Kids-Baby,0.0
BELİ LASTİKLİ WİDE LEG GENİŞ PAÇA EŞOFMAN ALTI KIZ ÇOCUK,Kids-Baby,0.0
BELİ LASTİKLİ WİDE LEG GENİŞ PAÇA PANTOLON KIZ ÇOCUK,Kids-Baby,0.0
BELİ LASTİKLİ WİDE LEG KARGO EŞOFMAN ALTI KIZ ÇOCUK,Kids-Baby,0.0
BELİ LASTİKLİ WİDE LEG PANTOLON KIZ ÇOCUK,Kids-Baby,0.0
BELİ LASTİKLİ WİDE LEG TRİKO PANTOLON KIZ ÇOCUK,Kids-Baby,0.0
BELİ LASTİKLİ ÇİZGİLİ ŞORT KIZ ÇOCUK,Kids-Baby,0.0
BELİ LASTİKLİ ÇİÇEKLİ MÜSLİN PANTOLON KIZ BEBEK,Kids-Baby,0.0
BELİ LASTİKLİ ŞORT ERKEK BEBEK,Kids-Baby,0.0
BELİ LASTİKLİ ŞORT ERKEK ÇOCUK,Kids-Baby,0.0
BELİ LASTİKLİ ŞORT KIZ ÇOCUK,Kids-Baby,0.0
BELİ PAÇASI LASTİKLİ BASKILI JOGGER EŞOFMAN ALTI KIZ ÇOCUK,Kids-Baby,0.0
BELİ PAÇASI LASTİKLİ BASİC DÜZ PİKE EŞOFMAN ALTI ERKEK ÇOCUK,Kids-Baby,-20.000333338888982
BELİ PAÇASI LASTİKLİ CEPLİ EŞOFMAN ALTI ERKEK BEBEK,Kids-Baby,0.0
BELİ PAÇASI LASTİKLİ CEPLİ JOGGER EŞOFMAN ALTI ERKEK ÇOCUK,Kids-Baby,0.0
BELİ PAÇASI LASTİKLİ CEPLİ JOGGER OKUL EŞOFMAN ALTI ERKEK ÇOCUK,Kids-Baby,0.0
BELİ PAÇASI LASTİKLİ JOGGER EŞOFMAN ALTI ERKEK ÇOCUK,Kids-Baby,0.0
BELİ PAÇASI LASTİKLİ OKUL EŞOFMAN ALTI ERKEK ÇOCUK,Kids-Baby,0.0
BELİ PAÇASI LASTİKLİ PİKE EŞOFMAN ALTI ERKEK BEBEK,Kids-Baby,0.0
BELİ SARAN FLARE FIT PANTOLON,Women,0.0
BELİ SARAN SPORCU BİKER,Women,0.0
BELİ SARAN SPORCU TAYT,Women,-7.647186276634022
BELİ SARAN TAYT,Women,0.0
BELİ SARAN WIDE LEG PANTOLON,Women,0.0
BENGALİN ELBİSE,Women,0.0
BENGALİN MİNİ ELBİSE,Women,0.0
BERE KIZ ÇOCUK,Kids-Baby,0.0
BERMUDA,Women,0.0
BERMUDA ŞORT,Men,0.0
BIKER BELİ SARAN SPORCU TAYT,Women,0.0
BIKER FİTİLLİ KAŞKORSE ŞORT KIZ BEBEK,Kids-Baby,0.0
BLACK SHİNE KADIN PARFÜM 100 ML,Women,0.0
BLAZER CEKET,Women,0.0
BLOK SET,Women,0.0
BLUZ KIZ ÇOCUK,Kids-Baby,0.0
BODYCON MAXİ ELBİSE,Women,0.0
BODYCON VÜCUDU SARAN ASKILI MAXİ ELBİSE,Women,0.0
BODYCON VÜCUDU SARAN BALIKÇI YAKA BASIC TOKALI MİDİ ABİYE ELBİSE,Women,0.0
BODYCON VÜCUDU SARAN BASIC FİTİLLİ KAŞKORSE MİDİ ELBİSE,Women,0.0
BODYCON VÜCUDU SARAN BASIC RİBANA MİDİ ELBİSE,Women,0.0
BODYCON VÜCUDU SARAN BASIC RİBANA MİNİ ELBİSE,Women,0.0
BODYCON VÜCUDU SARAN BASIC SATEN MAXİ SİYAH ABİYE ELBİSE,Women,0.0
BODYCON VÜCUDU SARAN DİK YAKA BASIC MAXİ ABİYE ELBİSE,Women,0.0
BODYCON VÜCUDU SARAN KALP YAKA PUANTİYELİ MAROKEN ASKILI MİDİ ELBİSE,Women,0.0
BODYCON VÜCUDU SARAN KARE YAKA BASIC FİTİLLİ KAŞKORSE ASKILI MİDİ SİYAH YAZLIK ELBİSE,Women,0.0
BODYCON VÜCUDU SARAN KARE YAKA YIRTMAÇLI BASIC BÜRÜMCÜK YARIM KOL SİYAH MİDİ ELBİSE,Women,0.0
BODYCON VÜCUDU SARAN MAXİ ELBİSE,Women,0.0
BODYCON VÜCUDU SARAN MODAL MAXİ ELBİSE,Women,0.0
BODYCON VÜCUDU SARAN MİNİ ELBİSE,Women,-8.695727788937296
BODYCON VÜCUDU SARAN POLO YAKA BASIC FİTİLLİ KAŞKORSE MİDİ ELBİSE,Women,0.0
BODYCON VÜCUDU SARAN POLO YAKA BASIC FİTİLLİ KAŞKORSE YARIM KOLLU MİDİ ELBİSE,Women,0.0
BODYCON VÜCUDU SARAN RİBANA MİNİ ELBİSE,Women,0.0
BODYCON VÜCUDU SARAN YARIM BALIKÇI YAKA BASIC TÜL MAXİ ABİYE ELBİSE,Women,0.0
BODYCON VÜCUDU SARAN YUVARLAK YAKA BASIC TÜL MİDİ ABİYE ELBİSE,Women,0.0
BODYSUİT,Women,0.0
BODYSUİT KORSE,Women,0.0
BOL RAHAT KESİM WİDE LEG ÜÇ CEPLİ GENİŞ PAÇA YAZLIK AKIŞKAN KUMAŞ PANTOLON,Men,0.0
BOMBER CEKET,Women,0.0
BOMBER HIRKA ERKEK ÇOCUK,Kids-Baby,-12.500156251953149
BOMBER HIRKA KIZ BEBEK,Kids-Baby,0.0
BOXER,Women,50.00250012500624
BOXER PAMUKLU SLİP KÜLOT,Women,0.0
BOXY FIT,Men,0.0
BOXY FIT ATLET,Men,0.0
BOXY FIT BASKILI POPLİN GÖMLEK,Men,0.0
BOXY FIT BASKILI TİŞÖRT,Men,-7.407544584158966
BOXY FIT BASKILI UZUN KOLLU GÖMLEK,Men,0.0
BOXY FIT BASKILI ÇİZGİLİ KISA KOLLU GÖMLEK,Men,0.0
BOXY FIT BELMANDO,Women,0.0
BOXY FIT BLAZER CEKET,Women,0.0
BOXY FIT BÜRÜMCÜK ATLET,Women,0.0
BOXY FIT BÜYÜK BEDEN PİKE SWEATSHİRT,Men,0.0
BOXY FIT BİSİKLET YAKA YELEK,Women,0.0
BOXY FIT DOKULU,Men,0.0
BOXY FIT DOKULU KETEN KARIŞIMLI TİŞÖRT,Men,0.0
BOXY FIT DOKUMA,Men,0.0
BOXY FIT FLANEL,Men,0.0
BOXY FIT GÖMLEK CEKET,Men,0.0
BOXY FIT HIRKA,Men,0.0
BOXY FIT HIRKA,Women,0.0
BOXY FIT KADİFE SWEATSHİRT,Men,0.0
BOXY FIT KALIN SWEATSHİRT KUMAŞI SWEATSHİRT,Men,0.0
BOXY FIT KETEN KARIŞIMLI,Women,0.0
BOXY FIT KETEN KARIŞIMLI GÖMLEK,Women,0.0
BOXY FIT KISA KOL POLO TİŞÖRT,Men,0.0
BOXY FIT KISA KOLLU 2'Lİ TAKIM,Men,11.111234569272991
BOXY FIT KISA KOLLU POLO TİŞÖRT,Men,0.0
BOXY FIT KISA KOLLU TİŞÖRT,Men,-22.770122250113207
BOXY FIT KISA KOLLU TİŞÖRT,Women,0.0
BOXY FIT KRİNKIL,Men,0.0
BOXY FIT KRİNKIL KUMAŞ,Men,0.0
BOXY FIT MODAL SWEATSHİRT,Men,0.0
BOXY FIT MONT,Men,0.0
BOXY FIT PAMUKLU,Men,0.0
BOXY FIT PENYE,Men,0.0
BOXY FIT PENYE KISA KOLLU TİŞÖRT,Women,0.0
BOXY FIT PİKE,Men,0.0
BOXY FIT PİKE SWEATSHİRT,Men,-24.28601786093755
BOXY FIT SIRT BASKILI TİŞÖRT,Men,0.0
BOXY FIT SKUBA DALGIÇ KUMAŞ SWEATSHİRT,Men,0.0
BOXY FIT SWEATSHİRT,Men,-28.257395470964507
BOXY FIT SWEATSHİRT KUMAŞI KISA KOLLU TİŞÖRT,Men,0.0
BOXY FIT SWEATSHİRT KUMAŞI SWEATSHİRT,Men,0.0
BOXY FIT UZUN KOLLU TİŞÖRT,Men,0.0
BOXY FIT WAFFLE KISA KOLLU TİŞÖRT,Men,0.0
BOXY FIT WAFFLE SWEATSHİRT,Men,0.0
BOXY FIT ÇİZGİLİ,Men,0.0
BOXY FIT ÇİZGİLİ KISA KOLLU TİŞÖRT,Men,0.0
BOXY FIT ÇİZGİLİ SWEATSHİRT,Men,0.0
BOXY FIT ÜST,Men,0.0
BOXY FİT BASIC GÖMLEK,Women,0.0
BOXY FİT BASIC SWEATSHİRT,Women,0.0
BOXY FİT BİSİKLET YAKA BASKILI KISA KOLLU TİŞÖRT KIZ ÇOCUK,Kids-Baby,0.0
BOXY FİT BİSİKLET YAKA BASİC DÜZ KISA KOLLU TİŞÖRT KIZ ÇOCUK,Kids-Baby,0.0
BOXY FİT KISA KOLLU TİŞÖRT,Men,0.0
BOXY FİT POLO TİŞÖRT,Men,0.0
BOXY FİT POLO YAKA BASKILI KISA KOLLU TİŞÖRT KIZ ÇOCUK,Kids-Baby,0.0
BOXY FİT TİŞÖRT,Men,0.0
BOXY FİT UZUN KOLLU GÖMLEK,Men,0.0
BOYFRIEND JEAN ŞORT,Women,0.0
BOYUN YASTIĞI,Men,0.0
BOYUN YASTIĞI,Women,0.0
BOZUK PARA ÇANTASI,Women,0.0
BRA,Kids-Baby,0.0
BRA,Women,0.0
BRALET,Women,0.0
BRAWL STARS NEW REGULAR FIT TİŞÖRT,Kids-Baby,0.0
BRAZİLİAN KÜLOT,Women,0.0
BRAZİLİAN KÜLOT SLİP KÜLOT,Women,0.0
BRODE MİDİ ELBİSE,Women,0.0
BRODE MİNİ ELBİSE,Women,0.0
BRODE SLİP KÜLOT,Women,0.0
BRODE YAKA UZUN KOLLU JEAN ELBİSE KIZ BEBEK,Kids-Baby,0.0
BRİEF,Women,0.0
BURKİNİ,Women,0.0
BÜRÜMCÜK 2'Lİ TAKIM,Women,0.0
BÜRÜMCÜK 2'Lİ TAKIM KISA KOLLU TİŞÖRT İSPANYOL PAÇA TAYT KIZ ÇOCUK,Kids-Baby,0.0
BÜRÜMCÜK 2'Lİ TAKIM KIZ ÇOCUK,Kids-Baby,-20.000153847337288
BÜRÜMCÜK ATLET KIZ ÇOCUK,Kids-Baby,0.0
BÜRÜMCÜK ELBİSE,Women,0.0
BÜRÜMCÜK KISA KOLLU TİŞÖRT,Women,0.0
BÜRÜMCÜK KOLSUZ BLUZ KIZ ÇOCUK,Kids-Baby,0.0
BÜRÜMCÜK MİDİ ELBİSE,Women,0.0
BÜRÜMCÜK MİNİ ELBİSE,Women,0.0
BÜRÜMCÜK PANTOLON,Women,0.0
BÜRÜMCÜK V YAKA ATLET,Women,0.0
BÜYÜK BEDEN BOXY FIT T-SHIRT,Men,0.0
BÜYÜK BEDEN ESNEK KUMAŞ TİŞÖRT,Men,0.0
BÜYÜK BEDEN KAPÜŞONLU FERMUARLI SWEATSHİRT,Men,0.0
BÜYÜK BEDEN LASTİKLİ EŞOFMAN ALTI,Men,0.0
BÜYÜK BEDEN SÜTYEN,Women,0.0
BÜYÜK YAKA AYI BASKILI TRİKO KAZAK KIZ BEBEK,Kids-Baby,0.0
BÜYÜK YAKA BASKILI DÜĞMELİ OKUL HIRKASI KIZ BEBEK,Kids-Baby,0.0
BÜYÜK YAKA NAKIŞLI SWEATSHİRT KIZ BEBEK,Kids-Baby,0.0
BÜYÜK YAKA TRİKO KAZAK KIZ BEBEK,Kids-Baby,0.0
BÜYÜK YAKA ÇİÇEKLİ WAFFLE UZUN KOLLU TİŞÖRT KIZ BEBEK,Kids-Baby,0.0
BÜYÜK YAKA İÇİ YUMUŞAK TÜYLÜ HIRKA,Women,0.0
BÜYÜLEYİCİ KADIN GOURMAND 100 ML PARFÜM,Women,0.0
BÜYÜLEYİCİ KADIN VANİLLA - FLORAL 50 ML PARFÜM,Women,0.0
BİKER BELİ SARAN SPORCU TAYT,Women,0.0
BİKER PENYE 2'Lİ TAYT KIZ ÇOCUK,Kids-Baby,0.0
BİKER TAYT KIZ ÇOCUK,Kids-Baby,0.0
BİKER ÇİÇEKLİ FİTİLLİ KAŞKORSE ŞORT KIZ BEBEK,Kids-Baby,0.0
BİKİNİ ALT,Women,0.0
BİKİNİ TAKIMI KIZ ÇOCUK,Kids-Baby,0.0
BİKİNİ ÜSTÜ,Women,0.0
BİLEK BOY ELBİSE,Women,0.0
BİLEK BOY ETEK,Women,0.0
BİLEKLİK,Women,0.0
BİODANCE CERA NOL GEL TONER ANINDA NEMLENDİRİCİ VE SERİNLETİCİ BUZUL SULU JEL TONİK PED 60LI,Women,-10.000066667111113
BİODANCE COLLAGEN GEL TONER GENİŞ GÖZENEK KARŞITI KOLAJEN SULU JEL TONİK PED 60LI,Women,0.0
BİODANCE COLLAGEN MASK TO FOAM YÜZ TEMİZLEME KÖPÜĞÜ 150 ML,Women,0.0
BİODANCE HYDRO CERA-NOL YATIŞTIRICI VE NEMLENDİRİCİ SERUM 30 ML,Women,-10.0000555558642
BİODANCE PORE PERFECTİNG KOLAJEN PEPTİDE SERUM 30 ML,Women,-10.0000555558642
BİODANCE RADİANT VİTA NİACİNAMİDE LEKE KARŞITI KUSURSUZLAŞTIRICI SERUM 30 ML,Women,-10.0000555558642
BİODANCE RADİANT VİTA NİACİNAMİDE REAL DEEP MASKE 34GR – KOYU LEKE KARŞITI & CİLT PARLATICI YÜZ MASKESİ,Women,0.0
BİODANCE REAL DEEP MASK * HYDRO CERA-NOL KIZARIKLIK KARŞITI 5 ÇEŞİT SERAMİDLİ ŞEFFAFLAŞAN MASKE,Women,0.0
BİODANCE REFRESHİNG SEA KELP REAL DEEP MASK 34GR – NEMLENDİRİCİ & CANLANDIRICI DENİZ YOSUNU MASKESİ,Women,0.0
BİODANCE REFRESHİNG SEA KELP YATIŞTIRICI SERUM 30 ML,Women,-10.0000555558642
BİODANCE REJUVENATİNG CAVİAR PDRN REAL DEEP MASK- CİLT YENİLEYİCİ & SIKILAŞTIRICI MASKE,Women,0.0
BİODANCE SEA KELP GEL TONER YATIŞTIRICI TONİK PED 60 ADET,Women,0.0
BİODANCE VİTA NİACİNAMİDE LEKE KARŞITI JEL PED 60 ADET,Women,0.0
BİSİKLET YAKA 2'Lİ ATLET KIZ ÇOCUK,Kids-Baby,0.0
BİSİKLET YAKA 2'Lİ UZUN KOLLU TİŞÖRT KIZ ÇOCUK,Kids-Baby,0.0
BİSİKLET YAKA A KESİM BASİC DÜZ FİTİLLİ KAŞKORSE KISA KOLLU YAZLIK ELBİSE KIZ ÇOCUK,Kids-Baby,0.0
BİSİKLET YAKA ANİME BASKILI KISA KOLLU TİŞÖRT ERKEK ÇOCUK,Kids-Baby,0.0
BİSİKLET YAKA ANİME BASKILI KISA KOLLU TİŞÖRT KIZ ÇOCUK,Kids-Baby,0.0
BİSİKLET YAKA ARAÇ BASKILI KISA KOLLU TİŞÖRT ERKEK BEBEK,Kids-Baby,0.0
BİSİKLET YAKA ASKILI YAZLIK ELBİSE KIZ ÇOCUK,Kids-Baby,0.0
BİSİKLET YAKA ASLAN BASKILI UZUN KOLLU TİŞÖRT ERKEK BEBEK,Kids-Baby,0.0
BİSİKLET YAKA ATLET ERKEK ÇOCUK,Kids-Baby,0.0
BİSİKLET YAKA ATLET KIZ ÇOCUK,Kids-Baby,0.0
BİSİKLET YAKA AYI BASKILI TRİKO KAZAK ERKEK BEBEK,Kids-Baby,0.0
BİSİKLET YAKA AYI BASKILI TRİKO KAZAK KIZ ÇOCUK,Kids-Baby,0.0
BİSİKLET YAKA AYI BASKILI UZUN KOLLU TİŞÖRT KIZ BEBEK,Kids-Baby,0.0
BİSİKLET YAKA AYI BASKILI İÇİ YUMUŞAK TÜYLÜ SWEATSHİRT ERKEK BEBEK,Kids-Baby,0.0
BİSİKLET YAKA AYICIK BASKILI TRİKO KAZAK ERKEK ÇOCUK,Kids-Baby,0.0
BİSİKLET YAKA BALERİN BASKILI FİTİLLİ KAŞKORSE UZUN KOLLU TİŞÖRT KIZ BEBEK,Kids-Baby,0.0
BİSİKLET YAKA BALERİN BASKILI KISA KOLLU TİŞÖRT KIZ BEBEK,Kids-Baby,0.0
BİSİKLET YAKA BALERİN BASKILI İÇİ YUMUŞAK TÜYLÜ SWEATSHİRT KIZ BEBEK,Kids-Baby,0.0
BİSİKLET YAKA BASKILI 2'Lİ ATLET ERKEK BEBEK,Kids-Baby,0.0
BİSİKLET YAKA BASKILI 2'Lİ SWEATSHİRT ERKEK BEBEK,Kids-Baby,0.0
BİSİKLET YAKA BASKILI 2'Lİ SWEATSHİRT KIZ ÇOCUK,Kids-Baby,0.0
BİSİKLET YAKA BASKILI ATLET ERKEK BEBEK,Kids-Baby,0.0
BİSİKLET YAKA BASKILI ATLET ERKEK ÇOCUK,Kids-Baby,0.0
BİSİKLET YAKA BASKILI ATLET KIZ ÇOCUK,Kids-Baby,0.0
BİSİKLET YAKA BASKILI CROP ATLET KIZ ÇOCUK,Kids-Baby,0.0
BİSİKLET YAKA BASKILI FİTİLLİ KAŞKORSE UZUN KOLLU TİŞÖRT KIZ BEBEK,Kids-Baby,0.0
BİSİKLET YAKA BASKILI FİTİLLİ KAŞKORSE UZUN KOLLU TİŞÖRT KIZ ÇOCUK,Kids-Baby,0.0
BİSİKLET YAKA BASKILI KAŞKORSE UZUN KOLLU TİŞÖRT KIZ ÇOCUK,Kids-Baby,0.0
BİSİKLET YAKA BASKILI KISA KOLLU TİŞÖRT ERKEK BEBEK,Kids-Baby,-30.1830255028383
BİSİKLET YAKA BASKILI KISA KOLLU TİŞÖRT ERKEK ÇOCUK,Kids-Baby,0.0
BİSİKLET YAKA BASKILI KISA KOLLU TİŞÖRT KIZ BEBEK,Kids-Baby,0.0
BİSİKLET YAKA BASKILI KISA KOLLU TİŞÖRT KIZ ÇOCUK,Kids-Baby,0.0
BİSİKLET YAKA BASKILI PENYE 2'Lİ KISA KOLLU TİŞÖRT ERKEK BEBEK YENİDOĞAN,Kids-Baby,0.0
BİSİKLET YAKA BASKILI PENYE 2'Lİ KISA KOLLU TİŞÖRT KIZ BEBEK YENİDOĞAN,Kids-Baby,0.0
BİSİKLET YAKA BASKILI PENYE 2'Lİ UZUN KOLLU TİŞÖRT KIZ BEBEK YENİDOĞAN,Kids-Baby,0.0
BİSİKLET YAKA BASKILI PİKE KISA KOLLU TİŞÖRT ERKEK ÇOCUK,Kids-Baby,0.0
BİSİKLET YAKA BASKILI RİBANA KISA KOLLU TİŞÖRT KIZ ÇOCUK,Kids-Baby,0.0
BİSİKLET YAKA BASKILI RİBANA KISA KOLLU ÇITÇITLI BODY ERKEK BEBEK YENİDOĞAN,Kids-Baby,0.0
BİSİKLET YAKA BASKILI RİBANA KISA KOLLU ÇITÇITLI BODY KIZ BEBEK YENİDOĞAN,Kids-Baby,0.0
BİSİKLET YAKA BASKILI SWEATSHİRT ERKEK BEBEK,Kids-Baby,-49.83433001993373
BİSİKLET YAKA BASKILI SWEATSHİRT ERKEK ÇOCUK,Kids-Baby,0.0
BİSİKLET YAKA BASKILI SWEATSHİRT KIZ BEBEK,Kids-Baby,0.0
BİSİKLET YAKA BASKILI TRİKO KAZAK ERKEK BEBEK,Kids-Baby,0.0
BİSİKLET YAKA BASKILI TRİKO KAZAK KIZ BEBEK,Kids-Baby,0.0
BİSİKLET YAKA BASKILI TRİKO KAZAK KIZ ÇOCUK,Kids-Baby,0.0
BİSİKLET YAKA BASKILI TİŞÖRT KIZ ÇOCUK,Kids-Baby,0.0
BİSİKLET YAKA BASKILI UZUN KOLLU OKUL TİŞÖRTÜ ERKEK ÇOCUK,Kids-Baby,0.0
BİSİKLET YAKA BASKILI UZUN KOLLU TİŞÖRT ERKEK BEBEK,Kids-Baby,0.0
BİSİKLET YAKA BASKILI UZUN KOLLU TİŞÖRT ERKEK ÇOCUK,Kids-Baby,-40.715303596875636
BİSİKLET YAKA BASKILI UZUN KOLLU TİŞÖRT KIZ BEBEK,Kids-Baby,0.0
BİSİKLET YAKA BASKILI İÇİ YUMUŞAK TÜYLÜ 2'Lİ SWEATSHİRT ERKEK BEBEK,Kids-Baby,0.0
BİSİKLET YAKA BASKILI İÇİ YUMUŞAK TÜYLÜ OKUL SWEATSHİRT KIZ BEBEK,Kids-Baby,0.0
BİSİKLET YAKA BASKILI İÇİ YUMUŞAK TÜYLÜ SWEATSHİRT ERKEK ÇOCUK,Kids-Baby,0.0
BİSİKLET YAKA BASKILI İÇİ YUMUŞAK TÜYLÜ SWEATSHİRT KIZ BEBEK,Kids-Baby,0.0
BİSİKLET YAKA BASİC DÜZ ATLET ERKEK ÇOCUK,Kids-Baby,0.0
BİSİKLET YAKA BASİC DÜZ ATLET KIZ ÇOCUK,Kids-Baby,0.0
BİSİKLET YAKA BASİC DÜZ FİTİLLİ KAŞKORSE UZUN KOLLU OKUL TİŞÖRTÜ KIZ ÇOCUK,Kids-Baby,0.0
BİSİKLET YAKA BASİC DÜZ KISA KOLLU OKUL TİŞÖRTÜ ERKEK ÇOCUK,Kids-Baby,0.0
BİSİKLET YAKA BASİC DÜZ KISA KOLLU TİŞÖRT ERKEK BEBEK,Kids-Baby,-20.0010000500025
BİSİKLET YAKA BASİC DÜZ KISA KOLLU TİŞÖRT ERKEK ÇOCUK,Kids-Baby,0.0
BİSİKLET YAKA BASİC DÜZ KISA KOLLU TİŞÖRT KIZ BEBEK,Kids-Baby,0.0
BİSİKLET YAKA BASİC DÜZ KISA KOLLU TİŞÖRT KIZ ÇOCUK,Kids-Baby,0.0
BİSİKLET YAKA BASİC DÜZ KOLSUZ YAZLIK ELBİSE KIZ ÇOCUK,Kids-Baby,0.0
BİSİKLET YAKA BASİC DÜZ OKUL SWEATSHİRT ERKEK ÇOCUK,Kids-Baby,0.0
BİSİKLET YAKA BASİC DÜZ SWEATSHİRT ERKEK BEBEK,Kids-Baby,-40.00100002500062
BİSİKLET YAKA BASİC DÜZ UZUN KOLLU OKUL TİŞÖRTÜ ERKEK ÇOCUK,Kids-Baby,0.0
BİSİKLET YAKA BASİC DÜZ UZUN KOLLU OKUL TİŞÖRTÜ KIZ ÇOCUK,Kids-Baby,0.0
BİSİKLET YAKA BASİC DÜZ UZUN KOLLU TİŞÖRT ERKEK BEBEK,Kids-Baby,0.0
BİSİKLET YAKA BASİC DÜZ WAFFLE UZUN KOLLU OKUL TİŞÖRTÜ ERKEK ÇOCUK,Kids-Baby,0.0
BİSİKLET YAKA BRA,Women,0.0
BİSİKLET YAKA CROP BEYAZ ATLET KIZ ÇOCUK,Kids-Baby,0.0
BİSİKLET YAKA DEGRADE BASKILI KISA KOLLU TİŞÖRT ERKEK ÇOCUK,Kids-Baby,0.0
BİSİKLET YAKA DESENLİ KISA KOLLU TİŞÖRT ERKEK BEBEK,Kids-Baby,0.0
BİSİKLET YAKA DESENLİ KISA KOLLU TİŞÖRT ERKEK ÇOCUK,Kids-Baby,0.0
BİSİKLET YAKA DESENLİ KISA KOLLU TİŞÖRT KIZ BEBEK,Kids-Baby,0.0
BİSİKLET YAKA DESENLİ KISA KOLLU YAZLIK ELBİSE KIZ ÇOCUK,Kids-Baby,0.0
BİSİKLET YAKA DESENLİ KOLSUZ BLUZ KIZ ÇOCUK,Kids-Baby,0.0
BİSİKLET YAKA DESENLİ KOLSUZ YAZLIK ELBİSE KIZ ÇOCUK,Kids-Baby,0.0
BİSİKLET YAKA DESENLİ TRİKO KAZAK ERKEK BEBEK,Kids-Baby,0.0
BİSİKLET YAKA DESENLİ TRİKO KAZAK KIZ BEBEK,Kids-Baby,0.0
BİSİKLET YAKA DESENLİ TRİKO KAZAK KIZ ÇOCUK,Kids-Baby,0.0
BİSİKLET YAKA DESENLİ UZUN KOLLU TİŞÖRT KIZ BEBEK,Kids-Baby,0.0
BİSİKLET YAKA DÜĞMELİ HIRKA KIZ ÇOCUK,Kids-Baby,0.0
BİSİKLET YAKA DÜĞMELİ OKUL TRİKO HIRKA KIZ ÇOCUK,Kids-Baby,0.0
BİSİKLET YAKA DÜĞMELİ SÜVETER KIZ ÇOCUK,Kids-Baby,0.0
BİSİKLET YAKA DÜĞMELİ TRİKO HIRKA ERKEK BEBEK,Kids-Baby,0.0
BİSİKLET YAKA DÜĞMELİ TRİKO HIRKA KIZ ÇOCUK,Kids-Baby,0.0
BİSİKLET YAKA DİNOZOR BASKILI ATLET ERKEK BEBEK,Kids-Baby,0.0
BİSİKLET YAKA DİNOZOR BASKILI KISA KOLLU TİŞÖRT ERKEK BEBEK,Kids-Baby,0.0
BİSİKLET YAKA DİNOZOR BASKILI PENYE 2'Lİ KISA KOLLU TİŞÖRT ERKEK BEBEK YENİDOĞAN,Kids-Baby,0.0
BİSİKLET YAKA DİNOZOR BASKILI PENYE 2'Lİ UZUN KOLLU TİŞÖRT KIZ BEBEK YENİDOĞAN,Kids-Baby,0.0
BİSİKLET YAKA DİNOZOR BASKILI RİBANA KISA KOLLU ÇITÇITLI BODY ERKEK BEBEK YENİDOĞAN,Kids-Baby,0.0
BİSİKLET YAKA DİNOZOR BASKILI SWEATSHİRT ERKEK BEBEK,Kids-Baby,0.0
BİSİKLET YAKA DİNOZOR BASKILI UZUN KOLLU TİŞÖRT ERKEK BEBEK,Kids-Baby,0.0
BİSİKLET YAKA DİNOZOR BASKILI İÇİ YUMUŞAK TÜYLÜ SWEATSHİRT ERKEK BEBEK,Kids-Baby,0.0
BİSİKLET YAKA ETEK UCU DETAYLI TRİKO KAZAK KIZ ÇOCUK,Kids-Baby,0.0
BİSİKLET YAKA FLAMLI POPLİN KISA KOLLU BLUZ KIZ BEBEK,Kids-Baby,0.0
BİSİKLET YAKA FLORAL FİTİLLİ KAŞKORSE UZUN KOLLU TİŞÖRT KIZ BEBEK,Kids-Baby,0.0
BİSİKLET YAKA FİTİLLİ KAŞKORSE DESENLİ UZUN KOLLU TİŞÖRT KIZ BEBEK,Kids-Baby,0.0
BİSİKLET YAKA FİTİLLİ KAŞKORSE KISA KOLLU TİŞÖRT KIZ ÇOCUK,Kids-Baby,0.0
BİSİKLET YAKA FİTİLLİ KAŞKORSE KISA KOLLU YAZLIK ELBİSE KIZ ÇOCUK,Kids-Baby,0.0
BİSİKLET YAKA FİTİLLİ KAŞKORSE KISA KOLLU ÇİZGİLİ YAZLIK ELBİSE KIZ ÇOCUK,Kids-Baby,0.0
BİSİKLET YAKA FİTİLLİ KAŞKORSE UZUN KOLLU TİŞÖRT KIZ ÇOCUK,Kids-Baby,0.0
BİSİKLET YAKA FİTİLLİ KAŞKORSE ÇİZGİLİ KISA KOLLU TİŞÖRT KIZ BEBEK,Kids-Baby,0.0
BİSİKLET YAKA FİYONKLU DÜĞMELİ HIRKA KIZ ÇOCUK,Kids-Baby,0.0
BİSİKLET YAKA FİYONKLU TRİKO KAZAK KIZ BEBEK,Kids-Baby,0.0
BİSİKLET YAKA GOFRE DOKULU KISA KOLLU GÖMLEK KIZ BEBEK,Kids-Baby,0.0
BİSİKLET YAKA GÖKKUŞAĞI BASKILI UZUN KOLLU ÇITÇITLI BODY KIZ BEBEK YENİDOĞAN,Kids-Baby,0.0
BİSİKLET YAKA GÖKKUŞAĞI BASKILI WAFFLE UZUN KOLLU ÇITÇITLI BODY KIZ BEBEK YENİDOĞAN,Kids-Baby,0.0
BİSİKLET YAKA HAYVAN DESENLİ FİTİLLİ KAŞKORSE KISA KOLLU ÇITÇITLI BODY KIZ BEBEK YENİDOĞAN,Kids-Baby,0.0
BİSİKLET YAKA HIRKA KIZ BEBEK,Kids-Baby,-30.000500008333468
BİSİKLET YAKA HIRKA KIZ ÇOCUK,Kids-Baby,-37.77819753552817
BİSİKLET YAKA KADİFE UZUN KOLLU ELBİSE KIZ ÇOCUK,Kids-Baby,0.0
BİSİKLET YAKA KALP DESENLİ 2'Lİ UZUN KOLLU TİŞÖRT KIZ BEBEK,Kids-Baby,0.0
BİSİKLET YAKA KALP DESENLİ FİTİLLİ KAŞKORSE KISA KOLLU TİŞÖRT KIZ BEBEK,Kids-Baby,0.0
BİSİKLET YAKA KALP DESENLİ KISA KOLLU TİŞÖRT KIZ BEBEK,Kids-Baby,0.0
BİSİKLET YAKA KALP DESENLİ TRİKO KAZAK KIZ BEBEK,Kids-Baby,0.0
BİSİKLET YAKA KALP DESENLİ İÇİ YUMUŞAK TÜYLÜ WELSOFT PELÜŞ SWEATSHİRT KIZ BEBEK,Kids-Baby,0.0
BİSİKLET YAKA KAPLAN BASKILI ÇİZGİLİ TRİKO KAZAK ERKEK BEBEK,Kids-Baby,0.0
BİSİKLET YAKA KAPİTONE DÜĞMELİ YELEK KIZ BEBEK,Kids-Baby,0.0
BİSİKLET YAKA KARELİ KOLSUZ YAZLIK ELBİSE KIZ ÇOCUK,Kids-Baby,0.0
BİSİKLET YAKA KAYKAY BASKILI KISA KOLLU TİŞÖRT ERKEK ÇOCUK,Kids-Baby,0.0
BİSİKLET YAKA KELEBEK DESENLİ UZUN KOLLU TİŞÖRT KIZ BEBEK,Kids-Baby,0.0
BİSİKLET YAKA KISA KOLLU TİŞÖRT ERKEK ÇOCUK,Kids-Baby,0.0
BİSİKLET YAKA KISA KOLLU ÇITÇITLI BODY KIZ BEBEK YENİDOĞAN,Kids-Baby,0.0
BİSİKLET YAKA KOLSUZ YAZLIK ELBİSE KIZ BEBEK,Kids-Baby,0.0
BİSİKLET YAKA KOLSUZ YAZLIK ELBİSE KIZ ÇOCUK,Kids-Baby,0.0
BİSİKLET YAKA KURDELE BASKILI KISA KOLLU TİŞÖRT KIZ BEBEK,Kids-Baby,0.0
BİSİKLET YAKA LEOPAR DESENLİ FİTİLLİ KAŞKORSE 2'Lİ UZUN KOLLU TİŞÖRT KIZ BEBEK,Kids-Baby,0.0
BİSİKLET YAKA LEOPAR DESENLİ TRİKO KAZAK KIZ BEBEK,Kids-Baby,0.0
BİSİKLET YAKA MONT KIZ BEBEK,Kids-Baby,-40.000307694674575
BİSİKLET YAKA NAKIŞLI CEP BASKILI KISA KOLLU TİŞÖRT ERKEK ÇOCUK,Kids-Baby,0.0
BİSİKLET YAKA NAKIŞLI KAZAK KIZ ÇOCUK,Kids-Baby,0.0
BİSİKLET YAKA NAKIŞLI KISA KOLLU TİŞÖRT ERKEK ÇOCUK,Kids-Baby,0.0
BİSİKLET YAKA NAKIŞLI TRİKO KAZAK KIZ BEBEK,Kids-Baby,0.0
BİSİKLET YAKA NAKIŞLI TRİKO KAZAK KIZ ÇOCUK,Kids-Baby,0.0
BİSİKLET YAKA PALMİYE DESENLİ ATLET ERKEK BEBEK,Kids-Baby,0.0
BİSİKLET YAKA PALMİYE DESENLİ KISA KOLLU TİŞÖRT ERKEK BEBEK,Kids-Baby,0.0
BİSİKLET YAKA PAMUKLU HIRKA KIZ BEBEK,Kids-Baby,-16.66694444907415
BİSİKLET YAKA PAMUKLU KISA KOLLU KIRMIZI YAZLIK ELBİSE KIZ ÇOCUK,Kids-Baby,0.0
BİSİKLET YAKA PAMUKLU KISA KOLLU YAZLIK ELBİSE KIZ ÇOCUK,Kids-Baby,0.0
BİSİKLET YAKA PEDLİ İÇ GÖSTERMEZ ESNEK KUMAŞ UZUN SPORCU SÜTYENİ,Women,0.0
BİSİKLET YAKA RENK BLOKLU KISA KOLLU TİŞÖRT ERKEK BEBEK,Kids-Baby,0.0
BİSİKLET YAKA RENK BLOKLU PİKE KISA KOLLU TİŞÖRT ERKEK ÇOCUK,Kids-Baby,0.0
BİSİKLET YAKA RENK BLOKLU TRİKO KAZAK ERKEK BEBEK,Kids-Baby,0.0
BİSİKLET YAKA SAÇ ÖRGÜLÜ TRİKO KAZAK KIZ BEBEK,Kids-Baby,0.0
BİSİKLET YAKA SIRT BASKILI KISA KOLLU TİŞÖRT ERKEK ÇOCUK,Kids-Baby,-37.38188692812559
BİSİKLET YAKA SIRT BASKILI KISA KOLLU TİŞÖRT KIZ ÇOCUK,Kids-Baby,0.0
BİSİKLET YAKA SLOGAN BASKILI WAFFLE UZUN KOLLU TİŞÖRT KIZ BEBEK,Kids-Baby,0.0
BİSİKLET YAKA SPORCU BRA,Women,0.0
BİSİKLET YAKA SPORCU SÜTYENİ,Women,0.0
BİSİKLET YAKA TAVŞAN BASKILI TRİKO KAZAK KIZ BEBEK,Kids-Baby,0.0
BİSİKLET YAKA TAŞ BASKILI TİŞÖRT,Women,0.0
BİSİKLET YAKA TRİKO KAZAK,Women,11.111234569272991
BİSİKLET YAKA TRİKO KAZAK ERKEK BEBEK,Kids-Baby,0.0
BİSİKLET YAKA TRİKO KAZAK ERKEK ÇOCUK,Kids-Baby,0.0
BİSİKLET YAKA TRİKO KAZAK KIZ BEBEK,Kids-Baby,0.0
BİSİKLET YAKA TRİKO KAZAK KIZ ÇOCUK,Kids-Baby,0.0
BİSİKLET YAKA TRİKO SÜVETER KIZ ÇOCUK,Kids-Baby,0.0
BİSİKLET YAKA TİŞÖRT ERKEK BEBEK,Kids-Baby,-30.000750018750466
BİSİKLET YAKA TİŞÖRT ERKEK ÇOCUK,Kids-Baby,0.0
BİSİKLET YAKA TİŞÖRT KIZ ÇOCUK,Kids-Baby,0.0
BİSİKLET YAKA UZUN KOLLU ELBİSE KIZ ÇOCUK,Kids-Baby,0.0
BİSİKLET YAKA UZUN KOLLU TİŞÖRT ERKEK ÇOCUK,Kids-Baby,0.0
BİSİKLET YAKA UZUN KOLLU TİŞÖRT KIZ BEBEK,Kids-Baby,0.0
BİSİKLET YAKA UZUN KOLLU ÜST,Women,-6.666833337500108
BİSİKLET YAKA UÇAK BASKILI 2'Lİ ATLET KIZ ÇOCUK,Kids-Baby,0.0
BİSİKLET YAKA VOLANLI TRİKO KAZAK KIZ ÇOCUK,Kids-Baby,0.0
BİSİKLET YAKA WAFFLE KISA KOLLU TİŞÖRT ERKEK BEBEK,Kids-Baby,0.0
BİSİKLET YAKA YELEK,Women,0.0
BİSİKLET YAKA YILBAŞI TEMALI UZUN KOLLU TİŞÖRT KIZ BEBEK,Kids-Baby,0.0
BİSİKLET YAKA ÇAPRAZ DOKUMA KISA KOLLU TİŞÖRT,Men,0.0
BİSİKLET YAKA ÇAPRAZ DOKUMA TİŞÖRT,Men,0.0
BİSİKLET YAKA ÇİZGİLİ AJURLU TRİKO KAZAK KIZ ÇOCUK,Kids-Baby,0.0
BİSİKLET YAKA ÇİZGİLİ ATLET KIZ ÇOCUK,Kids-Baby,0.0
BİSİKLET YAKA ÇİZGİLİ KISA KOLLU TİŞÖRT ERKEK BEBEK,Kids-Baby,0.0
BİSİKLET YAKA ÇİZGİLİ KISA KOLLU TİŞÖRT ERKEK ÇOCUK,Kids-Baby,0.0
BİSİKLET YAKA ÇİZGİLİ KISA KOLLU TİŞÖRT KIZ BEBEK,Kids-Baby,0.0
BİSİKLET YAKA ÇİZGİLİ KISA KOLLU TİŞÖRT KIZ ÇOCUK,Kids-Baby,0.0
BİSİKLET YAKA ÇİZGİLİ KOLSUZ YAZLIK ELBİSE KIZ ÇOCUK,Kids-Baby,0.0
BİSİKLET YAKA ÇİZGİLİ PİKE UZUN KOLLU TİŞÖRT ERKEK BEBEK,Kids-Baby,0.0
BİSİKLET YAKA ÇİZGİLİ SWEATSHİRT ERKEK BEBEK,Kids-Baby,-30.000600012000238
BİSİKLET YAKA ÇİZGİLİ SWEATSHİRT ERKEK ÇOCUK,Kids-Baby,0.0
BİSİKLET YAKA ÇİZGİLİ SWEATSHİRT KIZ BEBEK,Kids-Baby,0.0
BİSİKLET YAKA ÇİZGİLİ TRİKO KAZAK ERKEK BEBEK,Kids-Baby,0.0
BİSİKLET YAKA ÇİZGİLİ TRİKO KAZAK ERKEK ÇOCUK,Kids-Baby,0.0
BİSİKLET YAKA ÇİZGİLİ TRİKO KAZAK KIZ ÇOCUK,Kids-Baby,0.0
BİSİKLET YAKA ÇİZGİLİ TRİKO TİŞÖRT,Men,0.0
BİSİKLET YAKA ÇİZGİLİ UZUN KOLLU TİŞÖRT ERKEK BEBEK,Kids-Baby,-30.000750018750466
BİSİKLET YAKA ÇİÇEK DESENLİ KOLSUZ YAZLIK ELBİSE KIZ ÇOCUK,Kids-Baby,0.0
BİSİKLET YAKA ÇİÇEKLİ FİTİLLİ FIRFIRLI KAŞKORSE UZUN KOLLU TİŞÖRT KIZ BEBEK,Kids-Baby,0.0
BİSİKLET YAKA ÇİÇEKLİ FİTİLLİ KAŞKORSE KISA KOLLU TİŞÖRT KIZ BEBEK,Kids-Baby,0.0
BİSİKLET YAKA ÇİÇEKLİ FİTİLLİ KAŞKORSE UZUN KOLLU OKUL TİŞÖRTÜ KIZ BEBEK,Kids-Baby,0.0
BİSİKLET YAKA ÇİÇEKLİ FİTİLLİ KAŞKORSE UZUN KOLLU TİŞÖRT KIZ BEBEK,Kids-Baby,0.0
BİSİKLET YAKA ÇİÇEKLİ KISA KOLLU TİŞÖRT,Women,-2.7027903607684514
BİSİKLET YAKA ÇİÇEKLİ KISA KOLLU TİŞÖRT KIZ BEBEK,Kids-Baby,0.0
BİSİKLET YAKA ÇİÇEKLİ PAMUK AKRİLİK TRİKO KAZAK KIZ BEBEK,Kids-Baby,0.0
BİSİKLET YAKA ÇİÇEKLİ PENYE 2'Lİ KISA KOLLU ÇITÇITLI BODY KIZ BEBEK YENİDOĞAN,Kids-Baby,0.0
BİSİKLET YAKA ÇİÇEKLİ SWEATSHİRT KIZ BEBEK,Kids-Baby,0.0
BİSİKLET YAKA ÇİÇEKLİ TRİKO KAZAK KIZ BEBEK,Kids-Baby,0.0
BİSİKLET YAKA ÇİÇEKLİ TİŞÖRT,Women,0.0
BİSİKLET YAKA ÇİÇEKLİ UZUN KOLLU TİŞÖRT KIZ BEBEK,Kids-Baby,0.0
BİSİKLET YAKA İÇİ YUMUŞAK TÜYLÜ BASKILI SWEATSHİRT KIZ BEBEK,Kids-Baby,0.0
BİSİKLET YAKA İŞLEMELİ TRİKO KAZAK KIZ ÇOCUK,Kids-Baby,0.0
BİSİKLET YAKA ŞÖNİL TRİKO KAZAK KIZ ÇOCUK,Kids-Baby,0.0
CAP ŞAPKA KIZ ÇOCUK,Kids-Baby,0.0
CARLO SKINNY FIT NORMAL BEL DAR PAÇA PANTOLON,Men,0.0
CARMEN YAKA SLOGAN BASKILI UZUN KOLLU TİŞÖRT KIZ ÇOCUK,Kids-Baby,-44.00088001760035
CARMEN YAKA SWEATSHİRT KIZ ÇOCUK,Kids-Baby,-47.50059375742197
CARPENTER FIT JEAN PANTOLON ERKEK ÇOCUK,Kids-Baby,-20.00020000200002
CARROT FIT DÜZ PAÇA PANTOLON,Women,0.0
CARROT FIT GABARDİN PANTOLON ERKEK ÇOCUK,Kids-Baby,0.0
CARROT FIT PANTOLON,Men,0.0
CARROT FIT PANTOLON,Women,0.0
CARROT FIT STANDART PAÇA GABARDİN PANTOLON ERKEK ÇOCUK,Kids-Baby,0.0
CARROT FIT YÜKSEK BEL CROP PANTOLON,Women,0.0
CARROT FIT YÜKSEK BEL KREP PANTOLON,Women,0.0
CARROT FIT YÜKSEK BEL PANTOLON,Women,0.0
CARROT FİT KEMERLİ KLASİK PANTOLON YÜKSEK BEL DAR PAÇA PİLİSELİ BASIC KISA PAÇA,Women,0.0
CARROT FİT KUMAŞ PANTOLON ÇİFT CEPLİ YÜKSEK BEL BASIC DAR PAÇA,Women,0.0
CARROT FİT STANDART PAÇA KETEN GÖRÜNÜMLÜ PANTOLON ERKEK ÇOCUK,Kids-Baby,0.0
CARS 2'Lİ TAKIM KISA KOLLU TİŞÖRT BELİ LASTİKLİ ŞORT ERKEK BEBEK,Kids-Baby,0.0
CARS 3'LÜ PAMUKLU PATİK ÇORAP ERKEK ÇOCUK,Kids-Baby,0.0
CARS BASKILI LACİVERT OVERSİZE KISA KOLLU TİŞÖRT.,Women,0.0
CEKET,Men,26.66684444562964
CEKET,Women,0.0
CEKET YAKA DÜĞMELİ KAŞE MONT KIZ ÇOCUK,Kids-Baby,0.0
CEKET YAKA DÜĞMELİ PARKA KIZ ÇOCUK,Kids-Baby,0.0
CEKET YAKA DÜĞMELİ SÜET MONT KIZ ÇOCUK,Kids-Baby,0.0
CEKET YAKA PELÜŞ ASTAR MONT KIZ ÇOCUK,Kids-Baby,0.0
CEKET YAKA YELEK,Women,0.0
CELİMAX THE-A RETİNAL SHOT TİGHTENİNG BOOSTER 15ML KREM,Women,0.0
CEP DETAYLI JOGGER PANTOLON,Men,0.0
CEPLİ BASIC KETEN KARIŞIMLI MAXİ YAZLIK ELBİSE,Women,0.0
CEPLİ BASİC DÜZ GABARDİN ŞORT ERKEK ÇOCUK,Kids-Baby,0.0
CEPLİ JEAN PANTOLON ERKEK BEBEK,Kids-Baby,0.0
CEPLİ ÇITÇITLI DENİM GÖMLEK,Women,0.0
CHARM DETAYLI ÇAPRAZ ÇANTA KIZ ÇOCUK,Kids-Baby,0.0
CHOİCE KADIN PARFÜM 100 ML,Women,0.0
CINNAMOROLL OVERSIZE PENYE TİŞÖRT KIZ BEBEK,Kids-Baby,0.0
CINNAMOROLL OVERSIZE SWEATSHIRT KIZ ÇOCUK,Kids-Baby,0.0
CINNAMOROLL OVERSIZE TİŞÖRT KIZ ÇOCUK,Kids-Baby,0.0
CINNAMOROLL RELAX FIT TİŞÖRT KIZ ÇOCUK,Kids-Baby,-20.00040000800016
CINNAMOROLL ÇİZGİLİ POLO TİŞÖRT KIZ ÇOCUK,Kids-Baby,0.0
CIRT CIRTLI DÜZ TABAN EVA SANDALET ERKEK ÇOCUK,Kids-Baby,0.0
CIRT CIRTLI DÜZ TABAN SANDALET ERKEK ÇOCUK,Kids-Baby,0.0
CIRT CIRTLI DÜZ TABAN SANDALET KIZ ÇOCUK,Kids-Baby,0.0
COMFORT FIT KALIN SWEATSHİRT KUMAŞI SWEATSHİRT,Men,0.0
COMFORT FIT KISA KOLLU TİŞÖRT,Men,0.0
COMFORT FIT KISA KOLLU TİŞÖRT,Women,0.0
COMFORT FIT SPORCU TİŞÖRT,Women,0.0
COMFORT FIT SWEATSHİRT,Men,0.0
COMFORT FIT WAFFLE KISA KOLLU TİŞÖRT,Men,0.0
COMFORT FIT ŞİFON,Women,0.0
COMFORT FİT GÖMLEK YAKA BASIC BLUZ,Women,0.0
COMFORT MOM YÜKSEK BEL BİLEK BOY JEAN PANTOLON,Women,0.0
COMFORT MOM YÜKSEK BEL KISA PAÇA JEAN PANTOLON,Women,0.0
COMFORT PEDLİ,Women,0.0
COMFORT PEDLİ BRA,Women,0.0
COMFORT STRAIGHT NORMAL BEL JEAN YIKAMALI PANTOLON,Women,0.0
COMFORT STRAIGHT NORMAL BEL UZUN JEAN YIKAMALI PANTOLON,Women,0.0
COMFORT STRAIGHT PANTOLON,Women,0.0
COOOL FITTED BASIC RİBANA TİŞÖRT,Women,0.0
COOOL FITTED BASIC TİŞÖRT,Women,0.0
COSRX - ACNE PİMPLE MASTER PATCH (AKNE SÖNDÜRÜCÜ ŞEFFAF BANT) 24'LÜ,Women,0.0
"COSRX - AHA 7 WHİTEHEAD POWER LİQUİD (BEYAZ NOKTA, PÜRÜZ VE KOMEDON ÖNLEYİCİ %7 ASİTLİ TONİK) 100ML",Women,0.0
COSRX - FULL FİT PROPOLİS LİGHT AMPULE (GÜÇLENDİRİCİ VE BESLEYİCİ PROPOLİS AMPUL) 30ML,Women,0.0
COSRX ADVANCED SNAİL MUCİN POWER GEL CLEANSER – 150ML SALYANGOZ ÖZLÜ TEMİZLEYİCİ JEL,Women,0.0
COSRX CERAMİDE SKİN BARRİER NEMLENDİRİCİ 80ML,Women,0.0
COSRX GÜNLÜK TEMİZLEYİCİ JEL 150ML,Women,0.0
COSRX- ALOE VERALI GÜNEŞ KORUYUCU 50ML,Women,0.0
CROP AKIŞKAN KUMAŞ KISA KOLLU GÖMLEK,Women,0.0
CROP BASIC SPORCU TİŞÖRT,Women,0.0
CROP BAĞLAMA DETAYLI KISA KOLLU GÖMLEK KIZ ÇOCUK,Kids-Baby,0.0
CROP BÜYÜK YAKA ÇİZGİLİ KAZAK,Women,-15.000150001500016
CROP BİSİKLET YAKA 2'Lİ KISA KOLLU TİŞÖRT KIZ ÇOCUK,Kids-Baby,0.0
CROP BİSİKLET YAKA AJURLU TRİKO KAZAK KIZ ÇOCUK,Kids-Baby,0.0
CROP BİSİKLET YAKA BASKILI KISA KOLLU TİŞÖRT KIZ ÇOCUK,Kids-Baby,0.0
CROP BİSİKLET YAKA BASKILI SWEATSHİRT KIZ ÇOCUK,Kids-Baby,0.0
CROP BİSİKLET YAKA DÜĞMELİ BASKILI KISA KOLLU TİŞÖRT KIZ ÇOCUK,Kids-Baby,0.0
CROP CEPLİ AKIŞKAN KUMAŞ KISA KOLLU GÖMLEK,Women,0.0
CROP DESENLİ BAĞLAMA DETAYLI KISA KOLLU GÖMLEK KIZ ÇOCUK,Kids-Baby,0.0
CROP DESENLİ PAMUKLU KISA KOLLU GÖMLEK KIZ ÇOCUK,Kids-Baby,0.0
CROP FLARE FIT NORMAL BEL GABARDİN PANTOLON,Women,0.0
CROP FLARE FIT YÜKSEK BEL JEAN PANTOLON,Women,0.0
CROP FLARE FIT YÜKSEK BEL JEAN YIKAMALI PANTOLON,Women,0.0
CROP KISA KOLLU BEYAZ GÖMLEK,Women,0.0
CROP KLASİK KUMAŞ PANTOLON CARROT FİT FERMUARLI YÜKSEK BEL BASIC DAR PAÇA,Women,0.0
CROP PAMUKLU DESENLİ ÖNDEN BAĞLAMALI KISA KOLLU GÖMLEK KIZ ÇOCUK,Kids-Baby,0.0
CROP PAMUKLU KOLSUZ GÖMLEK KIZ ÇOCUK,Kids-Baby,0.0
CROP PAMUKLU UZUN KOLLU GÖMLEK CEKET KIZ ÇOCUK,Kids-Baby,0.0
CROP PAMUKLU ÇİÇEKLİ KISA KOLLU GÖMLEK KIZ ÇOCUK,Kids-Baby,0.0
CROP SPORCU ATLET,Women,0.0
CROP TOP ATLET,Women,0.0
CROP TOP FİTİLLİ KAŞKORSE ATLET,Women,0.0
CROP TOP KISA KOLLU TİŞÖRT,Women,0.0
CROP TOP MODAL ATLET,Women,0.0
CROP TOP RİBANA ATLET,Women,0.0
CROP TOP TRİKO ATLET,Women,0.0
CROP ÖNDEN BAĞLAMALI PAMUKLU KISA KOLLU GÖMLEK KIZ ÇOCUK,Kids-Baby,0.0
CROPPED FIT AKIŞKAN KUMAŞ GÖMLEK,Women,0.0
CROPPED FIT ATLET,Women,0.0
CROPPED FIT CEKET YAKA AKIŞKAN KUMAŞ BLAZER CEKET,Women,0.0
CROPPED FIT CEKET YAKA YELEK,Women,0.0
CROPPED FIT GÖMLEK,Women,-30.00030000300003
CROPPED FIT KALIN KUMAŞ HIRKA,Women,0.0
CROPPED FIT KALIN KUMAŞ SWEATSHİRT,Women,0.0
CROPPED FIT KAZAK,Women,0.0
CROPPED FIT KETEN GÖRÜNÜMLÜ KISA KOLLU BLUZ,Women,0.0
CROPPED FIT KISA KOLLU TİŞÖRT,Women,0.0
CROPPED FIT POPLİN UZUN KOLLU TUNİK,Women,0.0
CROPPED FIT TENCEL KISA KOLLU GÖMLEK,Women,0.0
CROPPED FIT TWİLL TRENÇKOT,Women,-20.000080000319993
CROPPED FIT TÜL KISA KOLLU POLO TİŞÖRT,Women,0.0
CROPPED FIT V YAKA YELEK,Women,0.0
CROPPED FİT BİSİKLET YAKA RİBANA KISA KOLLU TİŞÖRT KIZ ÇOCUK,Kids-Baby,0.0
CROPPED FİT BİSİKLET YAKA ÇİZGİLİ KISA KOLLU TRİKO KAZAK KIZ ÇOCUK,Kids-Baby,0.0
CROPPED FİT KETEN KISA KOLLU GÖMLEK KIZ ÇOCUK,Kids-Baby,0.0
CROPPED FİT KISA KOLLU GÖMLEK KIZ ÇOCUK,Kids-Baby,0.0
CROPPED FİT MÜSLİN KISA KOLLU GÖMLEK KIZ ÇOCUK,Kids-Baby,0.0
CROPPED FİT OXFORD UZUN KOLLU GÖMLEK KIZ ÇOCUK,Kids-Baby,0.0
CROPPED FİT PAMUKLU KISA KOLLU GÖMLEK KIZ ÇOCUK,Kids-Baby,0.0
CROPPED FİT PAMUKLU SIRT BASKILI KISA KOLLU GÖMLEK KIZ ÇOCUK,Kids-Baby,0.0
CROPPED FİT POLO YAKA TRİKO KAZAK KIZ ÇOCUK,Kids-Baby,0.0
CULOTTE BASKILI JEAN PANTOLON KIZ BEBEK,Kids-Baby,-30.000333337037077
CULOTTE BELİ LASTİKLİ KISA PAÇA BİLEK BOY JEAN PANTOLON,Women,0.0
CULOTTE GENİŞ PAÇA JEAN PANTOLON KIZ ÇOCUK,Kids-Baby,0.0
CULOTTE GENİŞ PAÇA VİSKON KAPRİ KIZ ÇOCUK,Kids-Baby,0.0
CULOTTE JEAN PANTOLON KIZ BEBEK,Kids-Baby,-30.000333337037077
CULOTTE KRİNKIL VİSKON KAPRİ,Women,0.0
CULOTTE YÜKSEK BEL GABARDİN PANTOLON,Women,0.0
CULOTTE YÜKSEK BEL JEAN KAR YIKAMALI PANTOLON,Women,0.0
CULOTTE YÜKSEK BEL JEAN PANTOLON,Women,0.0
CULOTTE YÜKSEK BEL JEAN YIKAMALI PANTOLON,Women,0.0
CULOTTE YÜKSEK BEL PANTOLON,Women,0.0
DAD FIT SUNİ DERİ MONT,Women,0.0
DAD FİT SUNİ DERİ CEKET,Women,0.0
DAD FİT SUNİ DERİ MONT,Women,0.0
DANTEL,Women,0.0
DANTEL BRAZİLİAN KÜLOT,Women,0.0
DANTEL DETAYLI 2'Lİ TANGA,Women,0.0
DANTEL DETAYLI 3'LÜ KÜLOT,Women,-10.000250006250155
DANTEL DETAYLI ASKILI SATEN BLUZ,Women,0.0
DANTEL DETAYLI ATLET,Women,0.0
DANTEL DETAYLI BRAZİLİAN KÜLOT,Women,5.8825605609609815
DANTEL DETAYLI GÖMLEK KIZ BEBEK,Kids-Baby,-30.000500008333468
DANTEL DETAYLI HIRKA,Women,-30.00025000208335
DANTEL DETAYLI KAPLI PEDLİ STRAPLEZ SÜTYEN,Women,0.0
DANTEL DETAYLI KAPLI YARIM DOLGULU BALENLİ STRAPLEZ SÜTYEN,Women,0.0
DANTEL DETAYLI KISA KOLLU HIRKA,Women,0.0
DANTEL DETAYLI PAMUKLU TANGA,Women,0.0
DANTEL DETAYLI RİBANA ÇIKARILABİLİR PEDLİ BALENSİZ BRALET,Women,0.0
DANTEL DETAYLI SATEN KAPSIZ PEDSİZ BALENSİZ BRALET,Women,-20.00050001250031
DANTEL DETAYLI ÇIKARILABİLİR PEDLİ BALENSİZ BRALET,Women,0.0
DANTEL DETAYLI ÇIKARILABİLİR PEDLİ BALENSİZ TİŞÖRT BRA,Women,0.0
DANTEL HASIR ŞAPKA KIZ ÇOCUK,Kids-Baby,0.0
DANTEL HİPSTER KÜLOT,Women,0.0
DANTEL KAPLI YARIM DOLGULU BALENLİ TİŞÖRT BRA,Women,0.0
DANTEL MAXİ ELBİSE,Women,0.0
DANTEL MİDİ ELBİSE,Women,-17.500087500437502
DANTEL MİNİ ELBİSE,Women,0.0
DANTEL SLİP KÜLOT,Women,0.0
DANTEL TANGA,Women,0.0
DANTEL YAKA ATLET KIZ BEBEK,Kids-Baby,0.0
DANTEL YAKA DETAYLI ÇİÇEKLİ SWEATSHIRT KIZ BEBEK,Kids-Baby,-50.00083334722245
DANTEL YAKA DÜĞMELİ HIRKA KIZ BEBEK,Kids-Baby,0.0
DANTEL YAKA FLAMLI POPLİN KISA KOLLU GÖMLEK KIZ BEBEK,Kids-Baby,0.0
DANTEL YAKA KISA KOLLU TİŞÖRT KIZ BEBEK,Kids-Baby,0.0
DANTEL İNCE ASKILI ÇITÇITLI BODY,Women,0.0
DANTELLİ DANTEL KAPLI PEDLİ,Women,0.0
DANTELLİ KAPLI PEDLİ BALENLİ TİŞÖRT BRA,Women,0.0
DANTELLİ KAPSIZ PEDSİZ BALENLİ BALKONET SÜTYEN,Women,0.0
DANTELLİ KAPSIZ PEDSİZ BALENSİZ BRALET,Women,0.0
DANTELLİ PİJAMA TAKIMI TÜL ÜST ALT,Women,-20.000153847337288
DANTELLİ SATEN ÜST,Women,0.0
DANTELLİ ÇITÇITLI TOKA KIZ ÇOCUK,Kids-Baby,0.0
DANTELLİ ŞORT PİJAMA ALTI,Women,0.0
DCEY X DEFACTO KADIN 2'Lİ TAŞLI BİLEKLİK,Women,0.0
DCEY X DEFACTO KADIN 2'Lİ TAŞLI GOLD KÜPE,Women,0.0
DCEY X DEFACTO KADIN 2'Lİ TAŞLI KÜPE,Women,0.0
DCEY X DEFACTO KADIN 3'LÜ PEMBE TAŞLI GOLD KÜPE,Women,0.0
DCEY X DEFACTO KADIN 3'LÜ TAŞLI KÜPE,Women,0.0
DCEY X DEFACTO KADIN DÜZ TABAN TERLİK,Women,0.0
DCEY X DEFACTO KADIN DÜZ TABAN ÇİFT BANTLI HASIR TERLİK,Women,0.0
DCEY X DEFACTO KADIN KALP DETAYLI TOPUKLU AYAKKABI,Women,0.0
DCEY X DEFACTO KADIN KALP TAŞLI SALLANTILI KÜPE,Women,0.0
DCEY X DEFACTO KADIN KEDİ GÖZÜ FORMUNDA BEJ GÜNEŞ GÖZLÜĞÜ,Women,0.0
DCEY X DEFACTO KADIN KEDİ GÖZÜ FORMUNDA BEYAZ GÜNEŞ GÖZLÜĞÜ,Women,0.0
DCEY X DEFACTO KADIN KEDİ GÖZÜ FORMUNDA LEOPAR GÜNEŞ GÖZLÜĞÜ,Women,0.0
DCEY X DEFACTO KADIN KEDİ GÖZÜ FORMUNDA SİYAH GÜNEŞ GÖZLÜĞÜ,Women,0.0
DCEY X DEFACTO KADIN KEDİ GÖZÜ FORMUNDA ŞEFFAF GÜNEŞ GÖZLÜĞÜ,Women,0.0
DCEY X DEFACTO KADIN KÜPE,Women,0.0
DCEY X DEFACTO KADIN METAL ÇERÇEVELİ OVAL CAM GÜNEŞ GÖZLÜĞÜ,Women,0.0
DCEY X DEFACTO KADIN METAL ÇERÇEVELİ YUVARLAK CAM GÜNEŞ GÖZLÜĞÜ,Women,0.0
DCEY X DEFACTO KADIN PEMBE TAŞLI KOLYE KÜPE SETİ,Women,0.0
DCEY X DEFACTO KADIN TAŞLI DÜZ TABAN SUNİ DERİ İP SANDALET,Women,0.0
DCEY X DEFACTO KADIN TAŞLI FİYONK DETAYLI TOPUKLU AYAKKABI,Women,0.0
DCEY X DEFACTO KADIN TAŞLI GOLD Y KOLYE,Women,0.0
DCEY X DEFACTO KADIN TAŞLI KOLYE,Women,0.0
DCEY X DEFACTO KADIN TAŞLI KOLYE KÜPE BİLEKLİK SETİ,Women,0.0
DCEY X DEFACTO KADIN TAŞLI KÜPE,Women,0.0
DCEY X DEFACTO KADIN TAŞLI SALLANTILI KÜPE,Women,0.0
DCEY X DEFACTO KADIN TAŞLI Y KOLYE,Women,0.0
DCEY X DEFACTO KADIN TAŞLI Y KOLYE KÜPE SETİ,Women,0.0
DCEY X DEFACTO KADIN TOPUKLU GOLD AYAKKABI,Women,0.0
DCEY X DEFACTO KADIN TOPUKLU SİLVER AYAKKABI,Women,0.0
DCEY X DEFACTO KADIN Y KOLYE,Women,0.0
DCEY X DEFACTO KADIN ÇİFT BANTLI DÜZ TABAN HASIR BABET,Women,0.0
DCEY X DEFACTO KADIN ÇİFT BANTLI DÜZ TABAN HASIR TERLİK,Women,0.0
DCEY X DEFACTO KADIN ÇİÇEKLİ TAŞLI GOLD KÜPE,Women,0.0
DCEY X DEFACTO KADIN İNCİ DETAYLI ÇİÇEKLİ KOLYE,Women,0.0
DEGAJE YAKA BASIC KREP YARIM KOLLU TİŞÖRT,Women,0.0
DEGAJE YAKA PUANTİYELİ ŞİFON MİDİ ELBİSE,Women,-30.000200001333344
DEGRADE BASKILI DENİZ ŞORTU ERKEK ÇOCUK,Kids-Baby,0.0
DEGRADE BASKILI MAYO KIZ ÇOCUK,Kids-Baby,0.0
DENİM CEKET KIZ ÇOCUK,Kids-Baby,0.0
DENİM JEAN PANTOLON,Women,0.0
DENİM PANTOLON,Women,0.0
DENİZ BASKILI FLAMLI POPLİN KISA KOLLU GÖMLEK ERKEK BEBEK,Kids-Baby,0.0
DENİZ ŞORTU,Women,0.0
DENİZ ŞORTU ERKEK ÇOCUK,Kids-Baby,0.0
DERİ PARFÜM,Women,0.0
DESENLİ 2'Lİ PİJAMA TAKIMI ERKEK BEBEK,Kids-Baby,0.0
DESENLİ 5'Lİ PAMUKLU PATİK ÇORAP ERKEK ÇOCUK,Kids-Baby,0.0
DESENLİ 5'Lİ PATİK ÇORAP ERKEK ÇOCUK,Kids-Baby,0.0
DESENLİ ASKILI BLUZ KIZ ÇOCUK,Kids-Baby,0.0
DESENLİ ASKILI TULUM KIZ BEBEK,Kids-Baby,0.0
DESENLİ ASKILI TULUM KIZ ÇOCUK,Kids-Baby,0.0
DESENLİ BELİ LASTİKLİ VİSKON ETEK KIZ ÇOCUK,Kids-Baby,0.0
DESENLİ BELİ LASTİKLİ ŞORT KIZ ÇOCUK,Kids-Baby,0.0
DESENLİ BİKİNİ TAKIMI KIZ BEBEK,Kids-Baby,0.0
DESENLİ BİKİNİ TAKIMI KIZ ÇOCUK,Kids-Baby,0.0
DESENLİ BİSİKLET YAKA KOLSUZ BLUZ KIZ ÇOCUK,Kids-Baby,0.0
DESENLİ CAP ŞAPKA KIZ ÇOCUK,Kids-Baby,0.0
DESENLİ CROP KISA KOLLU GÖMLEK KIZ ÇOCUK,Kids-Baby,0.0
DESENLİ DENİZ ŞORTU,Men,0.0
DESENLİ DENİZ ŞORTU ERKEK BEBEK,Kids-Baby,0.0
DESENLİ DENİZ ŞORTU ERKEK ÇOCUK,Kids-Baby,0.0
DESENLİ DOKUMA CAP ŞAPKA ERKEK ÇOCUK,Kids-Baby,0.0
DESENLİ DÜZ PAÇA FİTİLLİ KAŞKORSE TAYT KIZ BEBEK,Kids-Baby,0.0
DESENLİ ELBİSE KIZ BEBEK,Kids-Baby,-10.000166669444491
DESENLİ ELBİSE KIZ ÇOCUK,Kids-Baby,0.0
DESENLİ FERMUARLI CEKET,Women,0.0
DESENLİ FLAMLI POPLİN KISA KOLLU GÖMLEK ERKEK BEBEK,Kids-Baby,0.0
DESENLİ FLAMLI POPLİN UZUN KOLLU GÖMLEK ERKEK BEBEK,Kids-Baby,0.0
DESENLİ FİTİLLİ KAŞKORSE 2'Lİ TAKIM KIZ BEBEK,Kids-Baby,0.0
DESENLİ FİTİLLİ KAŞKORSE TİŞÖRT KIZ ÇOCUK,Kids-Baby,0.0
DESENLİ FİTİLLİ KAŞKORSE UZUN KOLLU TULUM ERKEK BEBEK YENİDOĞAN,Kids-Baby,0.0
DESENLİ JEAN PANTOLON,Women,-30.000176471626304
DESENLİ KISA KOLLU 2'Lİ YAZLIK ELBİSE KIZ BEBEK,Kids-Baby,0.0
DESENLİ KISA KOLLU BLUZ KIZ ÇOCUK,Kids-Baby,0.0
DESENLİ KISA KOLLU ELBİSE KIZ BEBEK,Kids-Baby,0.0
DESENLİ KISA KOLLU FLAMLI POPLİN ELBİSE KIZ BEBEK,Kids-Baby,0.0
DESENLİ KISA KOLLU FLAMLI POPLİN YAZLIK ELBİSE KIZ BEBEK,Kids-Baby,0.0
DESENLİ KISA KOLLU KRİNKIL VİSKON YAZLIK ELBİSE KIZ BEBEK,Kids-Baby,0.0
DESENLİ KISA KOLLU YAZLIK ELBİSE KIZ BEBEK,Kids-Baby,0.0
DESENLİ KOLSUZ BLUZ KIZ ÇOCUK,Kids-Baby,0.0
DESENLİ KOLSUZ TULUM KIZ ÇOCUK,Kids-Baby,0.0
DESENLİ KOLSUZ VİSKON YAZLIK ELBİSE KIZ ÇOCUK,Kids-Baby,0.0
DESENLİ KOLSUZ YAZLIK ELBİSE KIZ BEBEK,Kids-Baby,0.0
DESENLİ KRAVAT,Women,0.0
DESENLİ MAYO ERKEK ÇOCUK,Kids-Baby,0.0
DESENLİ MAYO KIZ BEBEK,Kids-Baby,0.0
DESENLİ MAYO KIZ ÇOCUK,Kids-Baby,0.0
DESENLİ MÜSLİN ELBİSE KIZ BEBEK,Kids-Baby,-30.00037500468756
DESENLİ MİCRO DENİZ ŞORTU ERKEK BEBEK,Kids-Baby,0.0
DESENLİ PALAZZO GENİŞ BOL PAÇA PANTOLON KIZ ÇOCUK,Kids-Baby,0.0
DESENLİ PAMUKLU ASKILI ELBİSE KIZ ÇOCUK,Kids-Baby,0.0
DESENLİ PAMUKLU BANDANA,Women,0.0
DESENLİ PAMUKLU ELBİSE KIZ ÇOCUK,Kids-Baby,-63.90063900639006
DESENLİ PAMUKLU KISA KOLLU YAZLIK ELBİSE KIZ ÇOCUK,Kids-Baby,0.0
DESENLİ PAMUKLU KOLSUZ ELBİSE KIZ ÇOCUK,Kids-Baby,0.0
DESENLİ PAMUKLU PLAJ HAVLUSU,Women,0.0
DESENLİ PARAŞÜT ŞORT ERKEK ÇOCUK,Kids-Baby,0.0
DESENLİ PENYE 2'Lİ SLİP KÜLOT ERKEK ÇOCUK,Kids-Baby,0.0
DESENLİ PENYE 3'LÜ BOXER ERKEK ÇOCUK,Kids-Baby,0.0
DESENLİ PENYE 3'LÜ SLİP KÜLOT KIZ ÇOCUK,Kids-Baby,0.0
DESENLİ PENYE 5'Lİ BOXER ERKEK ÇOCUK,Kids-Baby,0.0
DESENLİ PENYE KISA KOLLU 2'Lİ TULUM KIZ BEBEK YENİDOĞAN,Kids-Baby,0.0
DESENLİ PENYE TİŞÖRT KIZ ÇOCUK,Kids-Baby,-44.00088001760035
DESENLİ POLO TİŞÖRT,Men,0.0
DESENLİ POPLİN KOLSUZ YAZLIK ELBİSE KIZ ÇOCUK,Kids-Baby,0.0
DESENLİ PİJAMA TAKIMI,Women,0.0
DESENLİ PİJAMA TAKIMI ÜST ALT,Women,-30.00023077100593
DESENLİ PİJAMA ÜSTÜ,Women,0.0
DESENLİ RİBANA 3'LÜ SLİP KÜLOT KIZ ÇOCUK,Kids-Baby,0.0
DESENLİ SATEN FULAR KIZ ÇOCUK,Kids-Baby,2.000080003200128
DESENLİ SATEN PAREO,Women,0.0
DESENLİ SOFTSHELL PİJAMA TAKIMI,Women,0.0
DESENLİ TRİKO KAZAK,Women,-30.00023077100593
DESENLİ TRİKO KAZAK KIZ ÇOCUK,Kids-Baby,0.0
DESENLİ TİŞÖRT ERKEK ÇOCUK,Kids-Baby,0.0
DESENLİ UZUN KOLLU BLUZ,Women,0.0
DESENLİ UZUN KOLLU MAXİ ELBİSE,Women,0.0
DESENLİ VİSKON ASKILI YAZLIK ELBİSE KIZ ÇOCUK,Kids-Baby,0.0
DESENLİ VİSKON KISA KOLLU YAZLIK ELBİSE KIZ ÇOCUK,Kids-Baby,0.0
DESENLİ VİSKON KOLSUZ YAZLIK ELBİSE KIZ ÇOCUK,Kids-Baby,0.0
DESENLİ WİDE LEG GENİŞ PAÇA PAMUKLU PANTOLON KIZ ÇOCUK,Kids-Baby,0.0
DESENLİ YÜKSEK TABAN TERLİK ERKEK ÇOCUK,Kids-Baby,0.0
DESENLİ ŞORT PİJAMA ALTI,Women,0.0
DESENLİ ŞİFON PAREO,Women,0.0
DISNEY LILO & STITCH %100 PAMUKLU BASKILI BELİ LASTİKLİ PİJAMA TAKIMI KIZ ÇOCUK,Kids-Baby,0.0
DISNEY LILO & STITCH 2'Lİ TAKIM KIZ BEBEK,Kids-Baby,-10.526426593964148
DISNEY LILO & STITCH 2'Lİ TAKIM KIZ ÇOCUK,Kids-Baby,0.0
DISNEY LILO & STITCH OVERSIZE SIRT BASKILI TİŞÖRT,Women,0.0
DISNEY LILO & STITCH OVERSIZE TİŞÖRT KIZ ÇOCUK,Kids-Baby,0.0
DISNEY LILO & STITCH PAMUKLU CAP ŞAPKA KIZ ÇOCUK,Kids-Baby,0.0
DISNEY LILO & STITCH RELAX FIT BİSİKLET YAKA KISA KOLLU TİŞÖRT KIZ ÇOCUK,Kids-Baby,0.0
DISNEY LILO & STITCH TİŞÖRT KIZ ÇOCUK,Kids-Baby,3.0303581277235274
DISNEY MICKEY & MINNIE 2'Lİ TAKIM ERKEK BEBEK,Kids-Baby,0.0
DISNEY MICKEY & MINNIE DESENLİ JEAN CAP ŞAPKA KIZ ÇOCUK,Kids-Baby,0.0
DISNEY MICKEY & MINNIE FITTED NAKIŞLI TİŞÖRT,Women,0.0
DISNEY MICKEY & MINNIE FİTİLLİ KAŞKORSE 2'Lİ PİJAMA TAKIMI KIZ ÇOCUK,Kids-Baby,0.0
DOKULU ÇİZGİLİ ŞORT ERKEK ÇOCUK,Kids-Baby,0.0
DOKULU ŞORT ERKEK ÇOCUK,Kids-Baby,0.0
DOKUMA 2'Lİ DOKUMA PİJAMA KIZ BEBEK,Kids-Baby,0.0
DOKUMA ATKI KIZ ÇOCUK,Kids-Baby,0.0
DOKUMA ETİKETLİ BELİ LASTİKLİ EŞOFMAN ALTI ERKEK BEBEK,Kids-Baby,0.0
DOKUMA ETİKETLİ BERE KIZ ÇOCUK,Kids-Baby,0.0
DOKUMA ETİKETLİ KULAKLI TRİKO BERE ERKEK BEBEK,Kids-Baby,0.0
DOKUMA ETİKETLİ KULAKLI TRİKO BERE KIZ BEBEK,Kids-Baby,0.0
DOKUMA ETİKETLİ MÜSLİN UZUN KOLLU GÖMLEK ERKEK BEBEK,Kids-Baby,0.0
DOKUMA ETİKETLİ TRİKO BERE ERKEK BEBEK,Kids-Baby,0.0
DOKUMA ETİKETLİ TRİKO BERE ERKEK ÇOCUK,Kids-Baby,0.0
DOKUMA ETİKETLİ TRİKO BERE KIZ BEBEK,Kids-Baby,0.0
DOKUMA ETİKETLİ TRİKO KAZAK,Women,-30.000272729752087
DOKUMA KIZ ÇOCUK,Kids-Baby,0.0
DOKUMA PANTOLON,Men,0.0
DOKUMA UZUN BOY ELBİSE,Women,0.0
DOKUMA ŞORT,Women,0.0
DOLGULU YARIM DOLGULU TİŞÖRT BRA,Women,0.0
DONDURMA DESENLİ PENYE KISA KOLLU TULUM KIZ BEBEK YENİDOĞAN,Kids-Baby,0.0
DR ALTHEA 345 AKNE SONRASI BAKIM YAPAN BESLEYİCİ YÜZ KREMİ 50ML,Women,0.0
DR ALTHEA PRE REFRESHİNG CLEANSİNG BALM TEMİZLEME BALMI,Women,12.500156251953149
DR. ALTHEA - 15% CALAMİNE SPOT POWDER,Women,0.0
DR. ALTHEA - SOFT MELTİNG LİP BALM,Women,0.0
DR. ALTHEA GENTLE PORE VEGAN CLEANSİNG OİL TEMİZLEME YAĞI,Women,0.0
DRAGON BALL BİSİKLET YAKA SIRT BASKILI KISA KOLLU TİŞÖRT ERKEK ÇOCUK,Kids-Baby,0.0
DRAGON BALL BİSİKLET YAKA SIRT BASKILI UZUN KOLLU TİŞÖRT ERKEK ÇOCUK,Kids-Baby,0.0
DUBLE PAÇA EŞOFMAN ALTI ERKEK BEBEK,Kids-Baby,0.0
DUBLE PAÇA JEAN PANTOLON KIZ BEBEK,Kids-Baby,0.0
DUBLE PAÇA PANTOLON ERKEK ÇOCUK,Kids-Baby,-20.000333338888982
DÜZ PAÇA AKIŞKAN KUMAŞ PANTOLON ERKEK ÇOCUK,Kids-Baby,0.0
DÜZ PAÇA BASİC DÜZ GABARDİN PANTOLON ERKEK ÇOCUK,Kids-Baby,-18.97986297763436
DÜZ PAÇA BASİC DÜZ JEAN PANTOLON ERKEK BEBEK,Kids-Baby,-10.000166669444491
DÜZ PAÇA BELİ LASTİKLİ BASİC DÜZ JEAN PANTOLON ERKEK BEBEK,Kids-Baby,-35.000583343055716
DÜZ PAÇA FİTİLLİ KADİFE TAYT KIZ BEBEK,Kids-Baby,0.0
DÜZ PAÇA FİTİLLİ KAŞKORSE BASİC DÜZ TAYT KIZ BEBEK,Kids-Baby,0.0
DÜZ PAÇA GABARDİN OKUL PANTOLONU ERKEK ÇOCUK,Kids-Baby,0.0
DÜZ PAÇA GABARDİN PANTOLON ERKEK ÇOCUK,Kids-Baby,-33.478697548228894
DÜZ PAÇA JEAN PANTOLON ERKEK BEBEK,Kids-Baby,-32.50040625507819
DÜZ PAÇA JEAN PANTOLON ERKEK ÇOCUK,Kids-Baby,-10.00010000100001
DÜZ PAÇA KETEN KARIŞIMLI KAPRİ,Women,0.0
DÜZ PAÇA PANTOLON ERKEK BEBEK,Kids-Baby,-20.000333338888982
DÜZ PAÇA PANTOLON ERKEK ÇOCUK,Kids-Baby,-30.00037500468756
DÜZ PAÇA TWİLL PANTOLON ERKEK ÇOCUK,Kids-Baby,0.0
DÜZ TABAN BABET KIZ ÇOCUK,Kids-Baby,0.0
DÜZ TABAN CIRT CIRTLI SPOR AYAKKABI ERKEK ÇOCUK,Kids-Baby,0.0
DÜZ TABAN EVA SANDALET ERKEK ÇOCUK,Kids-Baby,0.0
DÜZ TABAN EVA TERLİK ERKEK ÇOCUK,Kids-Baby,0.0
DÜZ TABAN PANDUF ERKEK ÇOCUK,Kids-Baby,0.0
DÜZ TABAN PANDUF KIZ ÇOCUK,Kids-Baby,0.0
DÜZ TABAN PELÜŞ EV TERLİĞİ ERKEK ÇOCUK,Kids-Baby,0.0
DÜZ TABAN SUNİ DERİ KIRMIZI RUGAN BABET KIZ ÇOCUK,Kids-Baby,0.0
DÜZ TABAN SUNİ DERİ SANDALET ERKEK ÇOCUK,Kids-Baby,0.0
DÜZ TABAN SUNİ DERİ SİYAH RUGAN BABET KIZ ÇOCUK,Kids-Baby,0.0
DÜZ TABAN TEK BANTLI EVA TERLİK KIZ ÇOCUK,Kids-Baby,0.0
DÜZ TABAN TERLİK ERKEK ÇOCUK,Kids-Baby,0.0
DÜZ TABAN TERLİK KIZ ÇOCUK,Kids-Baby,0.0
DÜZ TABAN ÇİFT BANTLI EVA TERLİK ERKEK ÇOCUK,Kids-Baby,0.0
DÜĞME DETAYLI MİNİ ELBİSE,Women,-20.00011764775087
DÜĞMELİ DENİM CEKET KIZ ÇOCUK,Kids-Baby,0.0
DÜĞMELİ HIRKA KIZ ÇOCUK,Kids-Baby,0.0
DÜĞMELİ KOLSUZ BLUZ KIZ ÇOCUK,Kids-Baby,0.0
DÜĞMELİ MONT,Men,0.0
DÜĞMELİ PARKA,Men,0.0
DÜĞMELİ RİBANALI MONT,Men,0.0
DÜĞMELİ TRİKO HIRKA ERKEK BEBEK,Kids-Baby,0.0
DÜĞMELİ TRİKO HIRKA KIZ ÇOCUK,Kids-Baby,0.0
DÜĞMELİ ÇİZGİLİ TRİKO POLO TİŞÖRT,Men,0.0
DÜŞÜK BEL CROP FLARE FIT PANTOLON,Women,0.0
DÜŞÜK BEL JEAN PANTOLON,Women,0.0
DÜŞÜK BEL JEAN YIKAMALI PANTOLON,Women,-9.565300567831024
DÜŞÜK BEL LOW RISE WIDELEG PANTOLON,Women,0.0
DÜŞÜK BEL PANTOLON,Women,0.0
DİAGO COMFORT FİT YÜKSEK BEL GENİŞ PAÇA PANTOLON,Men,0.0
DİK YAKA CEKET,Women,5.5555864199245555
DİK YAKA FERMUARLI BASKILI OKUL SWEATSHİRT ERKEK ÇOCUK,Kids-Baby,0.0
DİK YAKA FERMUARLI POLAR HIRKA KIZ ÇOCUK,Kids-Baby,0.0
DİK YAKA FERMUARLI SUNİ KÜRK MONT KIZ ÇOCUK,Kids-Baby,0.0
DİK YAKA FERMUARLI ÇİZGİLİ TRİKO KAZAK ERKEK BEBEK,Kids-Baby,0.0
DİK YAKA FERMUARLI ŞİŞME MONT KIZ ÇOCUK,Kids-Baby,0.0
DİK YAKA GÖMLEK ERKEK ÇOCUK,Kids-Baby,-30.00037500468756
DİK YAKA KETEN GÖRÜNÜMLÜ UZUN KOLLU BASİC DÜZ GÖMLEK ERKEK ÇOCUK,Kids-Baby,0.0
DİK YAKA KETEN GÖRÜNÜMLÜ UZUN KOLLU GÖMLEK ERKEK ÇOCUK,Kids-Baby,0.0
DİK YAKA MONT,Women,-30.000130435349714
DİK YAKA SÜET MONT ERKEK ÇOCUK,Kids-Baby,-40.000250001562506
DİK YAKA TRENÇKOT,Women,0.0
DİK YAKA ÇİZGİLİ GÖMLEK ERKEK ÇOCUK,Kids-Baby,-30.00037500468756
DİKDÖRTGEN TOKA SUNİ DERİ GÜNLÜK KEMER ERKEK ÇOCUK,Kids-Baby,0.0
DİKDÖRTGEN ÇERÇEVELİ GÜNEŞ GÖZLÜĞÜ,Women,0.0
DİKLEŞTİRİCİ GÖGÜS UCU KABI,Women,0.0
DİKİŞ DETAYLI GABARDIN PANTOLON ERKEK ÇOCUK,Kids-Baby,-44.00044000440004
DİKİŞSİZ 2'Lİ PAMUKLU KÜLOTLU ÇORAP KIZ BEBEK,Kids-Baby,0.0
DİKİŞSİZ 2'Lİ PAMUKLU UZUN ÇORAP ERKEK BEBEK,Kids-Baby,0.0
DİKİŞSİZ 2'Lİ PAMUKLU UZUN ÇORAP KIZ BEBEK,Kids-Baby,0.0
DİKİŞSİZ 3'LÜ MODAL HAVLU ÇORAP ERKEK ÇOCUK,Kids-Baby,-25.001666777785186
DİKİŞSİZ 3'LÜ PAMUKLU HAVLU ÇORAP KIZ BEBEK,Kids-Baby,0.0
DİKİŞSİZ 3'LÜ PAMUKLU UZUN ÇORAP ERKEK BEBEK,Kids-Baby,0.0
DİKİŞSİZ 3'LÜ PAMUKLU UZUN ÇORAP KIZ BEBEK,Kids-Baby,0.0
DİKİŞSİZ 4'LÜ PAMUKLU UZUN ÇORAP ERKEK BEBEK,Kids-Baby,0.0
DİKİŞSİZ 4'LÜ PAMUKLU UZUN ÇORAP ERKEK ÇOCUK,Kids-Baby,-25.00125006250312
DİKİŞSİZ 4'LÜ PAMUKLU UZUN ÇORAP KIZ BEBEK,Kids-Baby,0.0
DİKİŞSİZ 5'Lİ MODAL HAVLU ÇORAP ERKEK ÇOCUK,Kids-Baby,-20.00080003200128
DİKİŞSİZ 5'Lİ PAMUKLU UZUN ÇORAP ERKEK BEBEK,Kids-Baby,0.0
DİKİŞSİZ PAMUKLU HAVLU ÇORAP KIZ BEBEK,Kids-Baby,-10.00050002500125
DİKİŞSİZ SEAMLESS 2'Lİ BOXER KIZ ÇOCUK,Kids-Baby,0.0
DİNAZOR BASKILI 7'Lİ PAMUKLU PATİK ÇORAP ERKEK ÇOCUK,Kids-Baby,0.0
DİNAZOR BASKILI SU GEÇİRMEZ YAĞMURLUK ERKEK BEBEK,Kids-Baby,-20.00020000200002
DİNAZOR DESENLİ PAMUKLU CAP ŞAPKA ERKEK ÇOCUK,Kids-Baby,0.0
DİNOZOR BASKILI 2'Lİ TAKIM ERKEK BEBEK,Kids-Baby,0.0
DİNOZOR BASKILI GABARDİN PANTOLON ERKEK BEBEK,Kids-Baby,-20.000333338888982
DİNOZOR BASKILI KETEN GÖRÜNÜMLÜ UZUN KOLLU GÖMLEK ERKEK BEBEK,Kids-Baby,0.0
DİNOZOR BASKILI KISA KOLLU TİŞÖRT ERKEK BEBEK,Kids-Baby,-16.66722224074136
DİNOZOR BASKILI PENYE 2'Lİ KISA KOLLU TULUM KIZ BEBEK YENİDOĞAN,Kids-Baby,0.0
DİNOZOR BASKILI PENYE 3'LÜ BOXER ERKEK ÇOCUK,Kids-Baby,0.0
DİNOZOR BASKILI PENYE KISA KOLLU TULUM ERKEK BEBEK YENİDOĞAN,Kids-Baby,0.0
DİNOZOR BASKILI TRİKO KAZAK ERKEK BEBEK,Kids-Baby,0.0
DİNOZOR BASKILI TİŞÖRT ERKEK BEBEK,Kids-Baby,0.0
DİNOZOR BASKILI WAFFLE KISA KOLLU TULUM ERKEK BEBEK YENİDOĞAN,Kids-Baby,0.0
DİNOZOR BASKILI ÇITÇITLI PENYE UZUN KOLLU TULUM ERKEK BEBEK YENİDOĞAN,Kids-Baby,0.0
DİNOZOR DESENLİ MAYO ERKEK BEBEK,Kids-Baby,0.0
DİNOZOR DESENLİ SWEATSHİRT ERKEK BEBEK,Kids-Baby,-20.00040000800016
DİSNEY LİLO & STİTCH 2'Lİ TAKIM KISA KOLLU TİŞÖRT BELİ LASTİKLİ ŞORT ERKEK BEBEK,Kids-Baby,0.0
DİSNEY LİLO & STİTCH 2'Lİ TAKIM KISA KOLLU TİŞÖRT FİTİLLİ KAŞKORSE İSPANYOL PAÇA TAYT KIZ BEBEK,Kids-Baby,0.0
DİSNEY LİLO & STİTCH 3'LÜ PAMUKLU PATİK ÇORAP KIZ ÇOCUK,Kids-Baby,0.0
DİSNEY LİLO & STİTCH 3'LÜ PAMUKLU UZUN ÇORAP KIZ ÇOCUK,Kids-Baby,0.0
DİSNEY LİLO & STİTCH BİSİKLET YAKA ATLET KIZ ÇOCUK,Kids-Baby,0.0
DİSNEY LİLO & STİTCH BİSİKLET YAKA KISA KOLLU TİŞÖRT KIZ BEBEK,Kids-Baby,0.0
DİSNEY LİLO & STİTCH BİSİKLET YAKA KISA KOLLU TİŞÖRT KIZ ÇOCUK,Kids-Baby,0.0
DİSNEY LİLO & STİTCH BİSİKLET YAKA SIRT BASKILI KISA KOLLU TİŞÖRT KIZ ÇOCUK,Kids-Baby,0.0
DİSNEY LİLO & STİTCH BİSİKLET YAKA SWEATSHİRT KIZ BEBEK,Kids-Baby,0.0
DİSNEY LİLO & STİTCH ERKEK BEBEK TİŞÖRT,Kids-Baby,0.0
DİSNEY LİLO & STİTCH OVERSİZE GENİŞ KALIP KAPÜŞONLU İÇİ YUMUŞAK TÜYLÜ SWEATSHİRT KIZ ÇOCUK,Kids-Baby,0.0
DİSNEY LİLO & STİTCH OVERSİZE GENİŞ KALIP POLO YAKA İÇİ YUMUŞAK TÜYLÜ SWEATSHİRT KIZ ÇOCUK,Kids-Baby,0.0
DİSNEY LİLO & STİTCH RELAX FİT BİSİKLET YAKA KISA KOLLU TİŞÖRT KIZ ÇOCUK,Kids-Baby,0.0
DİSNEY LİLO & STİTCH RELAX FİT BİSİKLET YAKA SWEATSHİRT KIZ ÇOCUK,Kids-Baby,0.0
DİSNEY LİON KİNG 2'Lİ TAKIM KISA KOLLU TİŞÖRT BELİ LASTİKLİ ŞORT ERKEK BEBEK,Kids-Baby,0.0
DİSNEY MİCKEY & MİNNİE 2'Lİ TAKIM KISA KOLLU TİŞÖRT BELİ LASTİKLİ ŞORT ERKEK BEBEK,Kids-Baby,0.0
DİSNEY MİCKEY & MİNNİE 2'Lİ TAKIM KISA KOLLU TİŞÖRT FİTİLLİ KAŞKORSE BELİ LASTİKLİ TAYT KIZ BEBEK,Kids-Baby,0.0
DİSNEY MİCKEY & MİNNİE 2'Lİ TAKIM SWEATSHİRT TAYT KIZ BEBEK,Kids-Baby,0.0
DİSNEY MİCKEY & MİNNİE BİSİKLET YAKA ATLET KIZ ÇOCUK,Kids-Baby,0.0
DİSNEY MİCKEY & MİNNİE FİTTED BİSİKLET YAKA KISA KOLLU TİŞÖRT KIZ ÇOCUK,Kids-Baby,0.0
DİSNEY MİCKEY & MİNNİE KAYDIRMAZ TABAN 3'LÜ PAMUKLU UZUN ÇORAP ERKEK BEBEK,Kids-Baby,0.0
DİSNEY MİCKEY & MİNNİE KULAKLI NAKIŞLI BERE KIZ ÇOCUK,Kids-Baby,0.0
DİSNEY MİCKEY & MİNNİE OVERSİZE GENİŞ KALIP BİSİKLET YAKA KISA KOLLU TİŞÖRT KIZ ÇOCUK,Kids-Baby,0.0
DİSNEY MİCKEY & MİNNİE OVERSİZE GENİŞ KALIP KAPÜŞONLU SWEATSHİRT KIZ ÇOCUK,Kids-Baby,0.0
DİSNEY MİCKEY & MİNNİE PELÜŞ KULAKLIK KIZ ÇOCUK,Kids-Baby,0.0
DİSNEY MİCKEY & MİNNİE PİJAMA TAKIMI FİTİLLİ KAŞKORSE KISA KOLLU ÜST BELİ LASTİKLİ UZUN ALT KIZ BEBEK,Kids-Baby,0.0
DİSNEY MİCKEY & MİNNİE SALOPET JEAN ELBİSE KIZ BEBEK,Kids-Baby,0.0
DİSNEY MİCKEY MOUSE &FRİENDS RELAX FİT BİSİKLET YAKA KISA KOLLU TİŞÖRT KIZ ÇOCUK,Kids-Baby,0.0
DİSNEY PRENSES BİSİKLET YAKA KISA KOLLU TİŞÖRT KIZ BEBEK,Kids-Baby,0.0
DİSNEY PRENSES RELAX FİT BİSİKLET YAKA KISA KOLLU TİŞÖRT KIZ ÇOCUK,Kids-Baby,0.0
DİSNEY WİNNİE THE POOH PENYE KISA KOLLU TULUM ERKEK BEBEK YENİDOĞAN,Kids-Baby,0.0
DİZ BOYU ELBİSE,Women,0.0
EKOSE ASTAR DETAYLI SU İTİCİ MONT ERKEK ÇOCUK,Kids-Baby,-20.000125000781253
EKOSE DESENLİ FLANEL UZUN KOLLU GÖMLEK ERKEK BEBEK,Kids-Baby,0.0
EKRU TRİKO KAZAK,Women,0.0
EKSTRA DOLGULU FULL PUSH UP TİŞÖRT BRA,Women,0.0
EL ÇANTASI,Women,0.0
EL ÇANTASI KIZ ÇOCUK,Kids-Baby,0.0
ELBİSE,Women,0.0
ELBİSE KIZ BEBEK,Kids-Baby,0.0
ELBİSE KIZ ÇOCUK,Kids-Baby,2.2222469138545984
ELDİVEN KIZ ÇOCUK,Kids-Baby,0.0
EQQUALBERRY - BAKUCHİOL PLUMPİNG KIRIŞIKLIK VE GENİŞ GÖZENEK ÖNLEYİCİ 13 ÇEŞİT PEPTİTLİ BAKUCHİOL SERUM 30ML,Women,-10.000066667111113
EQQUALBERRY ALOE PDRN CALMİNG SERUM CİLT BARİYERİNİ DESTEKLEYİCİ KURULUK KAYNAKLI KIZARIKLIK VE STRES KARŞITI ALOE PDRN SERUM 30ML,Women,0.0
EQQUALBERRY ALOE PDRN CALMİNG TONER BARİYER DESTEKLEYİCİ KURULUK KAYNAKLI KIZARIKLIK VE STRES KARŞITI TONİK,Women,0.0
EQQUALBERRY BAKUCHİOL PLUMPİNG CAPSULE CREAM GENİŞ GÖZENEK VE SARKMA KARŞITI KREM 50ML,Women,0.0
"EQQUALBERRY BAKUCHİOL PLUMPİNG CAPSULE TONER 150 ML-HYALURONİK ASİT,MADECASSOSİDE VE SERAMİD İÇERİKLİ TONİK",Women,0.0
EQQUALBERRY HYALTOİN FLOODİNG SERUM ANINDA SOĞUTMA ETKİLİ NEM KİLİTLEYİCİ HYALURONİK ASİT KOMPLEKSİ SERUM 30ML,Women,-10.000066667111113
EQQUALBERRY HYALTOİN FLOODİNG TONER – YOĞUN NEMLENDİRİCİ VE SERİNLETİCİ BARİYER GÜÇLENDİRİCİ TONİK,Women,0.0
EQQUALBERRY NAD+ PEPTİDE BOOSTİNG CREAM ELASTİKİYET VE SIKILIK KORUYUCU NAD+ VE PEPTİTLİ KREM,Women,0.0
EQQUALBERRY NAD+ PEPTİDE BOOSTİNG TONER CANLILIK VE ENERJİ VERİCİ ELASTİKİYET KORUYUCU TONİK,Women,0.0
EQQUALBERRY NAD+ PEPTİDE BOOSTİNG İNCE ÇİZGİ VE ELASTİKİYET KAYBI ÖNLEYİCİ NAD+ PEPTİT DESTEKLİ YAŞLANMA ENGELLEYİCİ SERUM 30ML,Women,-10.000066667111113
EQQUALBERRY PURPLE PDRN PORE MİNİMİZİNG GENİŞ GÖZENEK ÖNLEYİCİ VE ELASTİKİYET KORUYUCU MOR PİRİNÇLİ SERUM 30ML,Women,0.0
EQQUALBERRY PURPLE RİCE PORE PURİFYİNG PACK GENİŞ GÖZENEK ÖNLEYİCİ VE ÖLÜ DERİ ARINDIRICI MOR PİRİNÇLİ TEMİZLEYİCİ 130GR,Women,0.0
EQQUALBERRY PURPLE RİCE PORE PURİFYİNG PACK GÖZENEK ÖNLEYİCİ VE ARINDIRICI MOR PİRİNÇLİ TEMİZLEYİCİ 130GR,Women,0.0
EQQUALBERRY VİTAMİN ILLUMİNATİNG CREAM PARLATICI VE LEKE ÖNLEYİCİ %5 NİACİNAMİDE VE SERAMİD KAPSÜLLÜ KREM,Women,0.0
EQQUALBERRY VİTAMİN ILLUMİNATİNG SERUM KOYU LEKE ÖNLEYİCİ VE PARLATICI ASEROLALI C VİTAMİNİ SERUMU,Women,0.0
EQQUALBERRY VİTAMİN ILLUMİNATİNG TONER PARLATICI VE PÜRÜZLÜ DOKU KARŞITI C VİTAMİNLİ TONİK,Women,0.0
ERKEK ALTIGEN BORDO METAL ÇERÇEVE SİYAH CAM UV GÜNEŞ GÖZLÜĞÜ,Men,0.0
ERKEK ALTIGEN METAL ÇERÇEVE DEGRADE CAM UV GÜNEŞ GÖZLÜĞÜ,Men,0.0
ERKEK ALTIGEN YEŞİL METAL ÇERÇEVE FÜME CAM UV GÜNEŞ GÖZLÜĞÜ,Men,0.0
ERKEK AMBER - AROMATİC 50 ML PARFÜM,Men,0.0
ERKEK AMBER - SPİCY 50 ML PARFÜM,Men,0.0
ERKEK AMBER 100 ML PARFÜM,Men,0.0
ERKEK AROMATİK 100 ML PARFÜM,Men,0.0
ERKEK ATKI,Men,0.0
ERKEK AYICIKLI UZUN ÇORAP PARFÜM SETİ,Men,0.0
ERKEK BASIC DÜZ KAŞE CAP ŞAPKA,Men,-40.001142889796846
ERKEK BASIC DÜZ KETEN KARIŞIMLI CAP ŞAPKA,Men,0.0
ERKEK BASKILI BEYZBOL BASKETBOL ŞAPKASI,Men,0.0
ERKEK BASKILI PAMUKLU PLAJ HAVLUSU,Men,0.0
ERKEK BASKILI SUNİ DERİ CÜZDAN,Men,0.0
ERKEK BASKILI TRİKO BERE,Men,0.0
ERKEK BASİC DÜZ TRİKO BERE,Men,0.0
ERKEK BEBEK 2'Lİ TAKIM,Kids-Baby,0.0
ERKEK BEBEK 2'Lİ TAKIM BASKILI SWEATSHİRT BELİ LASTİKLİ EŞOFMAN ALTI,Kids-Baby,0.0
ERKEK BEBEK 2'Lİ TAKIM BASKILI SWEATSHİRT EŞOFMAN ALTI,Kids-Baby,0.0
ERKEK BEBEK 2'Lİ TAKIM DESENLİ SWEATSHİRT EŞOFMAN ALTI,Kids-Baby,0.0
ERKEK BEBEK 2'Lİ TAKIM KARELİ TWİLL KAPÜŞONLU GÖMLEK PANTOLON,Kids-Baby,0.0
"ERKEK BEBEK 2,5 TOG ELYAF SAFARİ BASKILI TULUM",Kids-Baby,0.0
"ERKEK BEBEK 2,5 TOG ELYAF SÜT BASKILI TULUM",Kids-Baby,0.0
ERKEK BEBEK BELİ PAÇASI LASTİKLİ JEAN PANTOLON,Kids-Baby,0.0
ERKEK BEBEK BİSİKLET YAKA TRİKO KAZAK,Kids-Baby,0.0
ERKEK BEBEK BİSİKLET YAKA İÇİ YUMUŞAK TÜYLÜ 2'Lİ SWEATSHİRT,Kids-Baby,0.0
ERKEK BEBEK BİSİKLET YAKA İÇİ YUMUŞAK TÜYLÜ BASİC DÜZ SWEATSHİRT,Kids-Baby,0.0
ERKEK BEBEK DOKUMA ETİKETLİ KULAKLI TRİKO BERE,Kids-Baby,0.0
ERKEK BEBEK DİKİŞSİZ 2'Lİ PAMUKLU KÜLOTLU ÇORAP,Kids-Baby,0.0
ERKEK BEBEK DİKİŞSİZ 3'LÜ PAMUKLU UZUN ÇORAP,Kids-Baby,0.0
ERKEK BEBEK DİKİŞSİZ 5'Lİ PAMUKLU UZUN ÇORAP,Kids-Baby,0.0
ERKEK BEBEK GÖMLEK YAKA TRİKO GÖRÜNÜMLÜ SWEATSHİRT,Kids-Baby,0.0
ERKEK BEBEK HASIR ŞAPKA,Kids-Baby,0.0
ERKEK BEBEK JEAN TULUM,Kids-Baby,-20.00020000200002
ERKEK BEBEK KAPÜŞONLU FERMUARLI KAPİTONELİ MONT,Kids-Baby,0.0
ERKEK BEBEK KAPÜŞONLU FERMUARLI MONT,Kids-Baby,0.0
ERKEK BEBEK KAPÜŞONLU FERMUARLI SWEATSHİRT,Kids-Baby,0.0
ERKEK BEBEK KAYDIRMAZ TABAN 3'LÜ PAMUKLU HAVLU ÇORAP,Kids-Baby,0.0
ERKEK BEBEK KAYDIRMAZ TABAN 3'LÜ PAMUKLU UZUN ÇORAP,Kids-Baby,0.0
ERKEK BEBEK KAYDIRMAZ TABAN 4'LÜ PAMUKLU PATİK ÇORAP,Kids-Baby,0.0
ERKEK BEBEK KAYDIRMAZ TABAN 5'Lİ PAMUKLU UZUN ÇORAP,Kids-Baby,0.0
ERKEK BEBEK KOLEJ YAKA BOMBER CEKET,Kids-Baby,0.0
ERKEK BEBEK PALMİYE BASKILI KISA KOLLU TULUM,Kids-Baby,0.0
ERKEK BEBEK PİJAMA DOKUMA KARELİ UZUN KOLLU FLANEL ÜST UZUN ALT,Kids-Baby,0.0
ERKEK BEBEK SU GEÇİRMEZ KAPÜŞONLU PELÜŞ ASTAR MONT,Kids-Baby,0.0
ERKEK BEBEK SU GEÇİRMEZ KAPÜŞONLU ÇITÇITLI FONKSİYONEL CEPLİ MONT,Kids-Baby,0.0
ERKEK BEBEK SU GEÇİRMEZ KOLEJ YAKA NAKIŞLI CEPLİ ÇITÇITLI BOMBER MONT,Kids-Baby,0.0
ERKEK BEBEK TRİKO 3'LÜ ELDİVEN,Kids-Baby,0.0
ERKEK BEBEK TULUM,Kids-Baby,0.0
ERKEK BEBEK UZUN KOLLU GÖMLEK,Kids-Baby,-20.000333338888982
ERKEK BEBEK YENİDOĞAN SAFARİ BASKILI UZUN KOLLU ÇITÇITLI TULUM,Kids-Baby,0.0
ERKEK BEBEK YILBAŞI TEMALI BİSİKLET YAKA TRİKO KAZAK,Kids-Baby,0.0
ERKEK BEBEK İÇİ SUNİ YÜNLÜ ELDİVEN,Kids-Baby,0.0
ERKEK BERE,Men,0.0
ERKEK BOĞA TEMALI DÜZ TABAN PANDUF,Men,0.0
ERKEK CACAO DARK 100 ML PARFÜM,Men,0.0
ERKEK COLD BREW 100 ML PARFÜM,Men,0.0
ERKEK COMFORT HAFİF TABAN İÇİ ASTARLI EV TERLİĞİ,Men,0.0
ERKEK CÜZDAN,Men,0.0
ERKEK DANA DERİSİ CÜZDAN,Men,0.0
ERKEK DANA DERİSİ CÜZDAN,Women,0.0
ERKEK DARK WOOD 85 ML PARFÜM,Men,0.0
ERKEK DEEP SANTAL 15 ML PARFÜM,Men,0.0
ERKEK DEFACTO BLACK AROMATİK 50 ML PARFÜM,Men,0.0
ERKEK DEFACTO BLUE AROMATİK 50 ML PARFÜM,Men,0.0
ERKEK DEFACTO CLASSIC AROMATİK 100 ML PARFÜM,Men,0.0
ERKEK DEFACTO DARK LANDS AROMATİK 100 ML PARFÜM,Men,0.0
ERKEK DEFACTO DARK NİGHT AROMATİK 50 ML PARFÜM,Men,0.0
ERKEK DEFACTO DEEP OCEAN AROMATİK 100 ML PARFÜM,Men,0.0
ERKEK DEFACTO DEEP SKY AROMATİK 100 ML PARFÜM,Men,0.0
ERKEK DEFACTO DUSK BLUE TURUNÇGİL 100 ML PARFÜM,Men,0.0
ERKEK DEFACTO DUSK RED TURUNÇGİL 100 ML PARFÜM,Men,0.0
ERKEK DEFACTO GOLD AMBER 100 ML PARFÜM,Men,0.0
ERKEK DEFACTO GOLD BREEZE AROMATİK 200 ML PARFÜM,Men,0.0
ERKEK DEFACTO GREEN SAGE AROMATİK 100 ML PARFÜM,Men,0.0
ERKEK DEFACTO GREY AROMATİK 50 ML PARFÜM,Men,0.0
ERKEK DEFACTO LEATHER AROMATİK 100 ML PARFÜM,Men,0.0
ERKEK DEFACTO MIDNIGHT SKY AROMATİK 100 ML PARFÜM,Men,0.0
ERKEK DEFACTO MİDNİGHT BLUE AROMATİK 50 ML PARFÜM,Men,0.0
ERKEK DEFACTO NAVY AROMATİK 50 ML PARFÜM,Men,0.0
ERKEK DEFACTO OCEAN AQUA AROMATİK 100 ML PARFÜM,Men,0.0
ERKEK DEFACTO SAN FRANCISCO AROMATİK 100 ML PARFÜM,Men,0.0
ERKEK DEFACTO SILVER BREEZE AROMATİK 200 ML PARFÜM,Men,0.0
ERKEK DEFACTO SPİCY WOOD AROMATİK 75 ML PARFÜM,Men,0.0
ERKEK DEFACTO SUENO MAN BAHARATLI 75 ML PARFÜM,Men,0.0
ERKEK DEFACTO SİLVER AMBER 100 ML PARFÜM,Men,0.0
ERKEK DEFACTO İNTENSE LEATHER AROMATİK 50 ML PARFÜM,Men,0.0
ERKEK DEFACTO İRON GREY AMBER 100 ML PARFÜM,Men,0.0
ERKEK DESENLİ PAMUKLU CAP ŞAPKA,Men,0.0
ERKEK DESERT STONE 15 ML PARFÜM,Men,0.0
ERKEK DOKUMA ATKI,Men,0.0
ERKEK DOKUMA ELDİVEN,Men,0.0
ERKEK DOKUMA ETİKETLİ BERE,Men,0.0
ERKEK DOKUMA ETİKETLİ TRİKO BERE,Men,0.0
ERKEK DÜZ TABAN ESPADRİL,Men,0.0
ERKEK DÜZ TABAN EV TERLİĞİ,Men,0.0
ERKEK DÜZ TABAN EVA PARMAK ARASI TERLİK,Men,0.0
ERKEK DÜZ TABAN EVA SANDALET,Men,0.0
ERKEK DÜZ TABAN EVA TERLİK,Men,0.0
ERKEK DÜZ TABAN PANDUF,Men,0.0
ERKEK DÜZ TABAN PELÜŞ EV PATİĞİ,Men,0.0
ERKEK DÜZ TABAN SUNİ DERİ TERLİK,Men,0.0
ERKEK DÜZ TABAN SÜET EV TERLİĞİ,Men,0.0
ERKEK DÜZ TABAN TEK BANTLI EVA TERLİK,Men,0.0
ERKEK DÜZ TABAN TEK BANTLI PANDUF,Men,0.0
ERKEK DÜZ TABAN TEK BANTLI SUNİ DERİ TERLİK,Men,0.0
ERKEK DÜZ TABAN TEK BANTLI TERLİK,Men,0.0
ERKEK DÜZ TABAN TERLİK,Men,0.0
ERKEK DÜZ TABAN ÇİFT BANTLI EVA TERLİK,Men,0.0
ERKEK DÜZ TABAN ÇİFT BANTLI SUNİ DERİ TERLİK,Men,0.0
ERKEK DİKDÖRTGEN TOKA DERİ GÖRÜNÜMLÜ KEMER,Men,0.0
ERKEK DİKDÖRTGEN TOKA GÜNLÜK KEMER,Men,0.0
ERKEK DİKDÖRTGEN TOKA JEAN KEMERİ,Men,0.0
ERKEK DİKDÖRTGEN TOKA SUNİ DERİ 2'Lİ KLASİK KEMER,Men,0.0
ERKEK DİKDÖRTGEN TOKA SUNİ DERİ GÜNLÜK KEMER,Men,0.0
ERKEK DİKDÖRTGEN TOKA SUNİ DERİ JEAN KEMERİ,Men,0.0
ERKEK DİKDÖRTGEN TOKA SUNİ DERİ KEMER,Men,0.0
ERKEK DİKDÖRTGEN TOKA SUNİ DERİ KLASİK KEMER,Men,0.0
ERKEK DİVİNE VALLEY 50 ML PARFÜM,Men,0.0
ERKEK ETİKET BASKILI 2'Lİ BERE,Men,0.0
ERKEK ETİKET BASKILI BEYZBOL BASKETBOL ŞAPKASI,Men,0.0
ERKEK ETİKET BASKILI DOKUMA BEYZBOL BASKETBOL ŞAPKASI,Men,0.0
ERKEK ETİKET BASKILI JEAN BEYZBOL BASKETBOL ŞAPKASI,Men,0.0
ERKEK ETİKET BASKILI JEAN CAP ŞAPKA,Men,0.0
ERKEK ETİKET BASKILI PAMUKLU CAP ŞAPKA,Men,0.0
ERKEK ETİKET BASKILI SÜET CAP ŞAPKA,Men,0.0
ERKEK ETİKET BASKILI TRİKO BERE,Men,0.0
ERKEK ETİKET BASKILI İÇİ POLARLI BERE,Men,0.0
ERKEK ETİKET DETAYLI DOKUMA ATKI,Men,0.0
ERKEK EVA CAP ŞAPKA,Men,-30.000750018750466
ERKEK FOUGERE 100 ML PARFÜM,Men,0.0
ERKEK FİTİLLİ ÖRGÜ BERE,Men,0.0
ERKEK GOLD AROMATİK 100 ML PARFÜM,Men,0.0
ERKEK GUARDA BAHARATLI 75 ML PARFÜM,Men,0.0
ERKEK GÜNEŞ GÖZLÜĞÜ,Men,0.0
ERKEK HASIR ŞAPKA,Men,0.0
ERKEK IRON GREY AROMATİK 100 ML PARFÜM,Men,0.0
ERKEK JEAN CÜZDAN,Men,0.0
ERKEK KALIN TABAN PANDUF,Men,0.0
ERKEK KALIN TABAN ÇİFT BANTLI EVA TERLİK,Men,0.0
ERKEK KARE GÜNEŞ GÖZLÜĞÜ,Men,0.0
ERKEK KARE SİYAH PLASTİK ÇERÇEVE SİYAH CAM POLARİZE GÜNEŞ GÖZLÜĞÜ,Men,0.0
ERKEK KARE TOKA SUNİ DERİ JEAN KEMERİ,Men,0.0
ERKEK KARELİ DOKUMA ATKI,Men,0.0
ERKEK KARTLIK,Men,0.0
ERKEK KESİK PARMAKLI TRİKO ELDİVEN,Men,0.0
ERKEK KLASİK KAHVE PLASTİK ÇERÇEVE KAHVE CAM POLARİZE GÜNEŞ GÖZLÜĞÜ,Men,0.0
ERKEK KLASİK KARE KAHVE METAL ÇERÇEVE KAHVE CAM POLARİZE GÜNEŞ GÖZLÜĞÜ,Men,0.0
ERKEK KLASİK KARE SİYAH METAL ÇERÇEVE MAVİ CAM POLARİZE GÜNEŞ GÖZLÜĞÜ,Men,0.0
ERKEK KLASİK KARE SİYAH METAL ÇERÇEVE TURUNCU CAM UV GÜNEŞ GÖZLÜĞÜ,Men,0.0
ERKEK KLASİK SİYAH PLASTİK ÇERÇEVE SİYAH CAM POLARİZE GÜNEŞ GÖZLÜĞÜ,Men,0.0
ERKEK KRAVAT,Men,0.0
ERKEK KURT DÜZ TABAN PANDUF,Men,0.0
ERKEK KURT TEMALI DÜZ TABAN PANDUF,Men,0.0
ERKEK KÖPEK BALIĞI TEMALI DÜZ TABAN PANDUF,Men,0.0
ERKEK KÖPEK BALIĞI TEMALI KALIN TABAN PANDUF,Men,0.0
ERKEK KÖPEK TEMALI DÜZ TABAN PANDUF,Men,0.0
ERKEK KÜÇÜK OVAL BEJ METAL ÇERÇEVE KAHVE CAM UV GÜNEŞ GÖZLÜĞÜ,Men,0.0
ERKEK KÜÇÜK OVAL GRİ METAL ÇERÇEVE FÜME CAM UV GÜNEŞ GÖZLÜĞÜ,Men,0.0
ERKEK KÜÇÜK OVAL SİYAH METAL ÇERÇEVE SİYAH CAM UV GÜNEŞ GÖZLÜĞÜ,Men,0.0
ERKEK MARVEL AVENGERS ETİKET BASKILI DOKUMA BEYZBOL BASKETBOL ŞAPKASI,Men,0.0
ERKEK NAKIŞLI DOKUMA CAP ŞAPKA,Men,0.0
ERKEK NAKIŞLI FITİLLİ KADİFE CAP ŞAPKA,Men,-30.000750018750466
ERKEK NAKIŞLI GABARDİN CAP ŞAPKA,Men,0.0
ERKEK NAKIŞLI KETEN KARIŞIMLI CAP ŞAPKA,Men,0.0
ERKEK NAKIŞLI NAKIŞ JEAN BEYZBOL BASKETBOL ŞAPKASI,Men,0.0
ERKEK NAKIŞLI PAMUKLU CAP ŞAPKA,Men,-8.48761963026752
ERKEK NOİR MOCHA 100 ML PARFÜM,Men,0.0
ERKEK OCEANİC TİDE 15 ML PARFÜM,Men,0.0
ERKEK ODUNSU 100 ML PARFÜM,Men,0.0
ERKEK OUD WHİSPER 50 ML PARFÜM,Men,0.0
ERKEK OUTDOOR BERE,Men,0.0
ERKEK OVAL BÜYÜK KAHVE PLASTİK ÇERÇEVE KAHVE CAM POLARİZE GÜNEŞ GÖZLÜĞÜ,Men,0.0
ERKEK OVAL BÜYÜK RENKLİ METAL ÇERÇEVE DEGRADE CAM POLARİZE GÜNEŞ GÖZLÜĞÜ,Men,0.0
ERKEK OVAL BÜYÜK SİYAH METAL ÇERÇEVE SİYAH CAM POLARİZE GÜNEŞ GÖZLÜĞÜ,Men,0.0
ERKEK OVAL BÜYÜK SİYAH PLASTİK ÇERÇEVE SİYAH CAM POLARİZE GÜNEŞ GÖZLÜĞÜ,Men,0.0
ERKEK OVAL BÜYÜK ŞEFFAF PLASTİK ÇERÇEVE KAHVE CAM POLARİZE GÜNEŞ GÖZLÜĞÜ,Men,0.0
ERKEK OVAL GÜNEŞ GÖZLÜĞÜ,Men,0.0
ERKEK OVAL MAVİ PLASTİK ÇERÇEVE MAVİ CAM POLARİZE GÜNEŞ GÖZLÜĞÜ,Men,0.0
ERKEK OVAL METAL GÜNEŞ GÖZLÜĞÜ,Men,0.0
ERKEK OVAL PLASTİK KAHVE ÇERÇEVE KAHVE CAM UV GÜNEŞ GÖZLÜĞÜ,Men,0.0
ERKEK OVAL PLASTİK ŞEFFAF ÇERÇEVE ŞEFFAF CAM UV GÜNEŞ GÖZLÜĞÜ,Men,0.0
ERKEK OVAL SİYAH METAL ÇERÇEVE MAVİ CAM UV GÜNEŞ GÖZLÜĞÜ,Men,0.0
ERKEK OVAL SİYAH METAL ÇERÇEVE SİYAH CAM UV GÜNEŞ GÖZLÜĞÜ,Men,0.0
ERKEK OVAL SİYAH PLASTİK ÇERÇEVE SİYAH CAM POLARİZE GÜNEŞ GÖZLÜĞÜ,Men,0.0
ERKEK OVAL TOKA SUNİ DERİ 2'Lİ KLASİK KEMER,Men,0.0
ERKEK OVAL TOKA SUNİ DERİ GÜNLÜK KEMER,Men,0.0
ERKEK OVAL TOKA SUNİ DERİ JEAN KEMERİ,Men,0.0
ERKEK OVAL YEŞİL METAL ÇERÇEVE KAHVE CAM UV GÜNEŞ GÖZLÜĞÜ,Men,0.0
ERKEK PAMUKLU BERE,Men,0.0
ERKEK PAMUKLU CAP ŞAPKA,Men,-14.460081788905915
ERKEK PAMUKLU PLAJ HAVLUSU,Men,0.0
ERKEK PARFÜM,Men,0.0
ERKEK PARFÜM,Women,0.0
ERKEK PELÜŞ KULAKLIK,Men,0.0
ERKEK POLAR BERE,Men,0.0
ERKEK POLAR BERE VE BOYUNLUK,Men,0.0
ERKEK POLAR ELDİVEN,Men,0.0
ERKEK POLAR KULAKLIK,Men,0.0
ERKEK RENK BLOKLU PAMUKLU CAP ŞAPKA,Men,0.0
ERKEK RİCK AND MORTY ETİKET BASKILI DOKUMA BEYZBOL BASKETBOL ŞAPKASI,Men,0.0
ERKEK SAPPHİRE WOOD ODUNSU 85 ML PARFÜM,Men,0.0
ERKEK SIĞIR DERİSİ GÜNLÜK KEMER,Men,0.0
ERKEK STAR WARS CAP ŞAPKA,Men,0.0
ERKEK SUNİ DERİ 120 CM KEMER,Men,0.0
ERKEK SUNİ DERİ CÜZDAN,Men,0.0
ERKEK SUNİ DERİ ELDİVEN,Men,0.0
ERKEK SUNİ DERİ GENİŞ JEAN KEMERİ,Men,0.0
ERKEK SUNİ DERİ GÜNLÜK KEMER,Men,0.0
ERKEK SUNİ DERİ JEAN KEMERİ,Men,0.0
ERKEK SUNİ DERİ KLASİK KEMER,Men,0.0
ERKEK SUNİ DERİ YÜKSEK CÜZDAN,Men,0.0
ERKEK SUNİ DERİ ÇAPRAZ ÇANTA,Men,0.0
ERKEK SÜET BEYZBOL BASKETBOL ŞAPKASI,Men,0.0
ERKEK SÜET CAP ŞAPKA,Men,-30.000750018750466
ERKEK SÜET CÜZDAN,Men,0.0
ERKEK SÜET ELDİVEN,Men,0.0
ERKEK SİLENT PASSAGE 15 ML PARFÜM,Men,0.0
ERKEK SİLVER AROMATİK 100 ML PARFÜM,Men,0.0
ERKEK TEK BANTLI YÜKSEK TABAN EVA SANDALET,Men,0.0
ERKEK TRİKO ATKI,Men,-30.000750018750466
ERKEK TRİKO BERE,Men,0.0
ERKEK TRİKO ELDİVEN,Men,0.0
ERKEK WİLD TİDE 15 ML PARFÜM,Men,0.0
ERKEK YENİ YIL BASKILI TRİKO BERE,Men,0.0
ERKEK YILBAŞI TEMALI DÜZ TABAN PANDUF,Men,0.0
ERKEK YUVARLAK BEJ METAL ÇERÇEVE KAHVE CAM UV GÜNEŞ GÖZLÜĞÜ,Men,0.0
ERKEK YUVARLAK DESENLİ PLASTİK ÇERÇEVE SİYAH CAM POLARİZE GÜNEŞ GÖZLÜĞÜ,Men,0.0
ERKEK YUVARLAK FÜME METAL ÇERÇEVE FÜME CAM UV GÜNEŞ GÖZLÜĞÜ,Men,0.0
ERKEK YUVARLAK GRİ PLASTİK ÇERÇEVE SİYAH CAM POLARİZE GÜNEŞ GÖZLÜĞÜ,Men,0.0
ERKEK YUVARLAK GÜNEŞ GÖZLÜĞÜ,Men,0.0
ERKEK YUVARLAK KAHVE PLASTİK ÇERÇEVE KAHVE CAM POLARİZE GÜNEŞ GÖZLÜĞÜ,Men,0.0
ERKEK YUVARLAK SİYAH METAL ÇERÇEVE SİYAH CAM UV GÜNEŞ GÖZLÜĞÜ,Men,0.0
ERKEK YUVARLAK SİYAH PLASTİK ÇERÇEVE SİYAH CAM POLARİZE GÜNEŞ GÖZLÜĞÜ,Men,0.0
ERKEK YUVARLAK ŞEFFAF PLASTİK ÇERÇEVE ŞEFFAF CAM POLARİZE GÜNEŞ GÖZLÜĞÜ,Men,0.0
ERKEK YÜKSEK TABAN EVA TERLİK,Men,0.0
ERKEK YÜKSEK TABAN TEK BANTLI EVA TERLİK,Men,0.0
ERKEK YÜKSEK TABAN ÇİFT BANTLI EVA TERLİK,Men,0.0
ERKEK ÇAPRAZ DOKUMA KARTLIK,Men,0.0
ERKEK ÇIKARILABİLİR TOKALI ÇİFT TARAFLI KOLON KEMER,Men,0.0
ERKEK ÇOCUJK BİSİKLET YAKA BASİC DÜZ ATLET,Kids-Baby,0.0
ERKEK ÇOCUK 2'Lİ PAMUKLU UZUN ÇORAP,Kids-Baby,0.0
ERKEK ÇOCUK 2'Lİ TAKIM BASKILI YARIM FERMUARLI SWEATSHİRT EŞOFMAN ALTI,Kids-Baby,0.0
ERKEK ÇOCUK 2'Lİ TAKIM KOLEJ YAKA FERMUARLI BOMBER CEKET BELİ LASTİKLİ EŞOFMAN ALTI,Kids-Baby,0.0
ERKEK ÇOCUK 2'Lİ TAKIM RENK BLOKLU SWEATSHİRT EŞOFMAN ALTI,Kids-Baby,0.0
ERKEK ÇOCUK 3'LÜ ELDİVEN,Kids-Baby,0.0
ERKEK ÇOCUK 3'LÜ PAMUKLU HAVLU SPOR ÇORAP,Kids-Baby,0.0
ERKEK ÇOCUK 3'LÜ PAMUKLU PATİK ÇORAP,Kids-Baby,0.0
ERKEK ÇOCUK 3'LÜ PAMUKLU UZUN ÇORAP,Kids-Baby,0.0
ERKEK ÇOCUK 3D PELÜŞ KULAKLIK,Kids-Baby,0.0
ERKEK ÇOCUK 5'Lİ PAMUKLU DOKUMA ETİKETLİ PATİK ÇORAP,Kids-Baby,0.0
ERKEK ÇOCUK 5'Lİ PAMUKLU PATİK ÇORAP,Kids-Baby,0.0
ERKEK ÇOCUK 5'Lİ PAMUKLU UZUN ÇORAP,Kids-Baby,0.0
ERKEK ÇOCUK 5'Lİ PAMUKLU ÇEMBER DESENLİ UZUN ÇORAP,Kids-Baby,0.0
ERKEK ÇOCUK 7'Lİ PAMUKLU UZUN ÇORAP,Kids-Baby,0.0
ERKEK ÇOCUK BASKILI 3'LÜ BOXER,Kids-Baby,0.0
ERKEK ÇOCUK BASKILI DENİZ AYAKKABISI,Kids-Baby,0.0
ERKEK ÇOCUK BASKILI PLAJ HAVLUSU,Kids-Baby,0.0
ERKEK ÇOCUK BATMAN BASKILI PLAJ HAVLUSU,Kids-Baby,0.0
ERKEK ÇOCUK BATMAN PAMUKLU PANÇO HAVLU,Kids-Baby,0.0
ERKEK ÇOCUK BEJ BALIKÇI YAKA BASİC DÜZ TRİKO KAZAK,Kids-Baby,0.0
ERKEK ÇOCUK BELİ LASTİKLİ BASKILI SKUBA DALGIÇ KUMAŞ EŞOFMAN ALTI,Kids-Baby,-10.00012500156252
ERKEK ÇOCUK BELİ LASTİKLİ JOGGER EŞOFMAN ALTI,Kids-Baby,0.0
ERKEK ÇOCUK BİSİKLET YAKA BASKILI İÇİ YUMUŞAK TÜYLÜ SWEATSHİRT,Kids-Baby,0.0
ERKEK ÇOCUK BİSİKLET YAKA BASİC DÜZ KISA KOLLU OKUL TİŞÖRTÜ,Kids-Baby,0.0
ERKEK ÇOCUK BİSİKLET YAKA BASİC DÜZ TRİKO KAZAK,Kids-Baby,0.0
ERKEK ÇOCUK BİSİKLET YAKA BASİC DÜZ İÇİ YUMUŞAK TÜYLÜ SWEATSHİRT,Kids-Baby,0.0
ERKEK ÇOCUK BİSİKLET YAKA ÇİZGİLİ UZUN KOLLU TİŞÖRT,Kids-Baby,0.0
ERKEK ÇOCUK CIRT CIRTLI DÜZ TABAN SANDALET,Kids-Baby,0.0
ERKEK ÇOCUK DESENLİ PAMUKLU PANÇO HAVLU,Kids-Baby,0.0
ERKEK ÇOCUK DOKUMA ETİKETLİ FİTİLLİ ÖRGÜ BERE,Kids-Baby,0.0
ERKEK ÇOCUK DOKUMA ETİKETLİ TRİKO BERE,Kids-Baby,0.0
ERKEK ÇOCUK DOKUMA PLAJ HAVLUSU,Kids-Baby,0.0
ERKEK ÇOCUK DÜZ PAÇA GABARDİN PANTOLON,Kids-Baby,0.0
ERKEK ÇOCUK DÜZ TABAN EVA SANDALET,Kids-Baby,0.0
ERKEK ÇOCUK DÜZ TABAN ÇİFT BANTLI SUNİ DERİ TERLİK,Kids-Baby,0.0
ERKEK ÇOCUK EKOSE DESENLİ FLANEL UZUN KOLLU GÖMLEK,Kids-Baby,0.0
ERKEK ÇOCUK GÜNEŞ GÖZLÜĞÜ,Kids-Baby,0.0
ERKEK ÇOCUK JOGGER FIT GABARDİN PANTOLON,Kids-Baby,-31.42902041457735
ERKEK ÇOCUK KAPLUMBAĞA TEMALI DÜZ TABAN PANDUF,Kids-Baby,0.0
ERKEK ÇOCUK KAPÜŞONLU ÇITÇITLI FERMUARLI PELÜŞ MONT,Kids-Baby,0.0
ERKEK ÇOCUK KARELİ ATKI,Kids-Baby,0.0
ERKEK ÇOCUK KÖPEK BALIĞI DESENLİ PAMUKLU PANÇO HAVLU,Kids-Baby,0.0
ERKEK ÇOCUK MARVEL AVENGERS BASKILI ELDİVEN,Kids-Baby,0.0
ERKEK ÇOCUK MARVEL AVENGERS ETİKET BASKILI PAMUKLU CAP ŞAPKA,Kids-Baby,0.0
ERKEK ÇOCUK MARVEL SPİDERMAN BERE,Kids-Baby,0.0
ERKEK ÇOCUK MARVEL SPİDERMAN CAP ŞAPKA,Kids-Baby,0.0
ERKEK ÇOCUK MARVEL SPİDERMAN PAMUKLU 3'LÜ PATİK ÇORAP,Kids-Baby,0.0
ERKEK ÇOCUK NAKIŞLI KETEN KARIŞIMLI CAP ŞAPKA,Kids-Baby,0.0
ERKEK ÇOCUK NAKIŞLI PAMUKLU CAP ŞAPKA,Kids-Baby,0.0
ERKEK ÇOCUK NAKIŞLI PELÜŞ KULAKLIK,Kids-Baby,0.0
ERKEK ÇOCUK NBA CHİCAGO BULLS BELİ LASTİKLİ JOGGER EŞOFMAN ALTI,Kids-Baby,0.0
ERKEK ÇOCUK NBA CHİCAGO BULLS KAPÜŞONLU SWEATSHİRT,Kids-Baby,0.0
ERKEK ÇOCUK OVERSHİRT FİT POLO YAKA KARELİ UZUN KOLLU GÖMLEK,Kids-Baby,0.0
ERKEK ÇOCUK OVERSİZE GENİŞ KALIP BİSİKLET YAKA BASKILI UZUN KOLLU TİŞÖRT,Kids-Baby,0.0
ERKEK ÇOCUK PAMUKLU CAP ŞAPKA,Kids-Baby,0.0
ERKEK ÇOCUK PAMUKLU FUTBOL TOPU DESENLİ KIŞLIK ÇORAP,Kids-Baby,0.0
ERKEK ÇOCUK PAMUKLU PEŞTEMAL,Kids-Baby,0.0
ERKEK ÇOCUK PAW PATROL PAMUKLU 3'LÜ PATİK ÇORAP,Kids-Baby,0.0
ERKEK ÇOCUK POLAR ELDİVEN,Kids-Baby,0.0
ERKEK ÇOCUK POLO YAKA RENK BLOKLU SWEATSHİRT,Kids-Baby,0.0
ERKEK ÇOCUK RENK BLOKLU DOKUMA ELDİVEN,Kids-Baby,0.0
ERKEK ÇOCUK SIRT ÇANTASI,Kids-Baby,0.0
ERKEK ÇOCUK SU GEÇİRMEZ KAPÜŞONLU MONT,Kids-Baby,0.0
ERKEK ÇOCUK SU GEÇİRMEZ KAPÜŞONLU POLAR ASTARLI FERMUARLI ŞİŞME YELEK,Kids-Baby,0.0
ERKEK ÇOCUK TRİKO BERE,Kids-Baby,0.0
ERKEK ÇOCUK V YAKA TRİKO OKUL SÜVETERİ,Kids-Baby,0.0
ERKEK ÇOCUK YARIM FERMUARLI AYI BASKILI TRİKO KAZAK,Kids-Baby,0.0
ERKEK ÇOCUK YILBAŞI TEMALI 2'Lİ PAMUKLU UZUN ÇORAP,Kids-Baby,0.0
ERKEK ÇOCUK YILBAŞI TEMALI PAMUKLU UZUN ÇORAP,Kids-Baby,0.0
ERKEK ÇOCUK YÜKSEK TABAN ÇİFT BANTLI EVA TERLİK,Kids-Baby,0.0
ERKEK ÇOCUK ÇİZGİLİ CAP ŞAPKA,Kids-Baby,0.0
ERKEK ÇOCUK ÇİZGİLİ GÖMLEK,Kids-Baby,-30.00037500468756
ERKEK ÇİFT TARAFLI SUNİ DERİ JEAN KEMERİ,Men,0.0
ERKEK ÇİFT TARAFLI TOKA SUNİ DERİ GÜNLÜK KEMER,Men,0.0
ERKEK ÇİFT TARAFLI TOKA SUNİ DERİ JEAN KEMERİ,Men,0.0
ERKEK ÇİFT TARAFLI TOKA SUNİ DERİ KLASİK KEMER,Men,0.0
ERKEK İÇİ SUNİ YÜNLÜ ATKI,Men,0.0
ESNEK KIRIŞMAZ SLIM FIT POLO TİŞÖRT,Men,0.0
ESNEK KUMAŞ BÜYÜK BEDEN TİŞÖRT,Men,0.0
ESNEK KUMAŞ ÇAPRAZ DOKUMA GÖMLEK,Men,-24.28590110033813
ESNEK SLİM FIT KOLEJ YAKA MONT,Men,-30.000150000750004
ESNEK TAILORED FIT PANTOLON,Men,0.0
ETEK,Women,0.0
ETİKET BASKILI GABARDİN BEYZBOL BASKETBOL ŞAPKASI ERKEK ÇOCUK,Kids-Baby,0.0
ETİKET BASKILI GABARDİN PANTOLON ERKEK BEBEK,Kids-Baby,0.0
ETİKET BASKILI JEAN BUCKET ŞAPKA ERKEK ÇOCUK,Kids-Baby,0.0
EVA ÇİFT BANTLI TOKALI TERLİK KIZ ÇOCUK,Kids-Baby,0.0
EŞOFMAN ALTI,Women,0.0
EŞOFMAN ALTI ERKEK ÇOCUK,Kids-Baby,-31.905217693586096
EŞOFMAN ALTI KIZ ÇOCUK,Kids-Baby,0.0
FASHION FIT KREP UZUN KOLLU BLUZ,Women,0.0
FASHİON FİT AKIŞKAN KUMAŞ İNCE ASKILI MAXİ ELBİSE,Women,0.0
FAST & FURİOUS BİSİKLET YAKA KISA KOLLU TİŞÖRT ERKEK ÇOCUK,Kids-Baby,0.0
FERAH KADIN GOURMAND 100 ML PARFÜM,Women,0.0
FERMUARLI 2'Lİ TAKIM KIZ ÇOCUK,Kids-Baby,-20.000153847337288
FERMUARLI BELİ LASTİKLİ MONT,Men,0.0
FERMUARLI CEPLİ PELÜŞ MONT KIZ ÇOCUK,Kids-Baby,0.0
FERMUARLI CEPLİ TAFTA CEKET,Women,0.0
FERMUARLI HIRKA KIZ ÇOCUK,Kids-Baby,-36.66727778796313
FERMUARLI KAŞE MONT,Women,0.0
FERMUARLI KETEN KARIŞIMLI MONT,Men,0.0
FERMUARLI KISA MONT,Women,-30.000200001333344
FERMUARLI KISA PAMUKLU MONT,Women,0.0
FERMUARLI MODAL HIRKA KIZ ÇOCUK,Kids-Baby,-47.500593757421974
FERMUARLI MONT,Men,0.0
FERMUARLI MONT,Women,0.0
FERMUARLI NAKIŞ VE BASKILI TAFTA MONT ERKEK ÇOCUK,Kids-Baby,-20.000125000781253
FERMUARLI NAKIŞLI DENIM CEKET ERKEK BEBEK,Kids-Baby,0.0
FERMUARLI PELÜŞ YELEK ERKEK BEBEK,Kids-Baby,0.0
FERMUARLI YAKA NAKIŞLI PELÜŞ SWEATSHİRT ERKEK ÇOCUK,Kids-Baby,0.0
FERMUARLI YELEK,Men,0.0
FERMUARLI YELEK ERKEK BEBEK,Kids-Baby,0.0
FERMUARLI ŞİŞME MONT KIZ ÇOCUK,Kids-Baby,0.0
FERMUARLI ŞİŞME YELEK KIZ ÇOCUK,Kids-Baby,0.0
FIRFIR DETAYLI OVERSIZE ÇİÇEKLİ SWEATSHIRT KIZ BEBEK,Kids-Baby,-50.00083334722245
FIRFIR DETAYLI ÇİÇEKLİ SWEATSHIRT KIZ BEBEK,Kids-Baby,-50.00083334722245
FIRFIRLI 3'LÜ PAMUKLU UZUN ÇORAP KIZ ÇOCUK,Kids-Baby,0.0
FIRFIRLI WIDE LEG PAMUKLU PANTOLON KIZ BEBEK,Kids-Baby,-30.00037500468756
FIRFIRLI YAKA FİTİLLİ KAŞKORSE TİŞÖRT KIZ BEBEK,Kids-Baby,-47.501187529688245
FIRFIRLI YAKA TRİKO HIRKA KIZ BEBEK,Kids-Baby,0.0
FITTED,Women,0.0
FITTED ATLET,Women,-30.000500008333468
FITTED AÇIK OMUZ BASKILI TİŞÖRT,Women,0.0
FITTED BASIC BEYAZ TİŞÖRT,Women,0.0
FITTED BASIC BÜRÜMCÜK ASKILI ATLET,Women,0.0
FITTED BASIC BÜRÜMCÜK CROP GÖMLEK,Women,0.0
FITTED BASIC CROP TİŞÖRT,Women,0.0
FITTED BASIC FİTİLLİ KAŞKORSE ATLET,Women,0.0
FITTED BASIC FİTİLLİ KAŞKORSE BEYAZ TİŞÖRT,Women,0.0
FITTED BASIC FİTİLLİ KAŞKORSE SİYAH TİŞÖRT,Women,0.0
FITTED BASIC FİTİLLİ KAŞKORSE TİŞÖRT,Women,0.0
FITTED BASIC HALTER YAKA ATLET,Women,0.0
FITTED BASIC MODAL BEYAZ TİŞÖRT,Women,0.0
FITTED BASIC MODAL TİŞÖRT,Women,0.0
FITTED BASIC POPLİN GÖMLEK,Women,0.0
FITTED BASIC RİBANA ATLET,Women,0.0
FITTED BASIC RİBANA BEYAZ ATLET,Women,0.0
FITTED BASIC RİBANA KIRMIZI TİŞÖRT,Women,0.0
FITTED BASIC RİBANA SİYAH ATLET,Women,0.0
FITTED BASIC RİBANA TİŞÖRT,Women,0.0
FITTED BASIC STRAPLEZ BLUZ,Women,0.0
FITTED BASIC SİYAH TRİKO KAZAK,Women,0.0
FITTED BASIC SİYAH TİŞÖRT,Women,0.0
FITTED BASIC TEK OMUZLU BLUZ,Women,0.0
FITTED BASIC TEK OMUZLU SİYAH BLUZ,Women,0.0
FITTED BASIC TİŞÖRT,Women,-3.3058752842019667
FITTED BASKILI RİBANA TİŞÖRT,Women,-10.96795421846875
FITTED BASKILI TİŞÖRT,Women,0.0
FITTED BAĞLAMALI DANTEL BLUZ,Women,0.0
FITTED BEBE YAKA KISA KOLLU GÖMLEK,Women,0.0
FITTED BENGALİN,Women,0.0
FITTED BENGALİN DOKUMA BASIC BEYAZ GÖMLEK,Women,0.0
FITTED BENGALİN GÖMLEK,Women,-14.285873017636701
FITTED BENGALİN KLASİK GÖMLEK,Women,0.0
FITTED BLAZER CEKET,Women,-30.83348750077083
FITTED BRODE UZUN KOLLU BLUZ,Women,0.0
FITTED BÜRÜMCÜK,Women,0.0
FITTED BÜRÜMCÜK ATLET,Women,0.0
FITTED BÜRÜMCÜK GÖMLEK,Women,-30.00037500468756
FITTED BÜRÜMCÜK UZUN KOLLU BLUZ,Women,0.0
FITTED BİSİKLET YAKA YELEK,Women,-9.134685651428088
FITTED CEKET YAKA YELEK,Women,0.0
FITTED CROP BASIC KIRMIZI TİŞÖRT,Women,0.0
FITTED CROP BASIC TİŞÖRT,Women,0.0
FITTED DANTEL ATLET,Women,0.0
FITTED DANTEL BLUZ,Women,-28.571836740524866
FITTED DANTEL DETAYLI BLUZ,Women,0.0
FITTED DANTEL HIRKA,Women,0.0
FITTED DANTEL KISA KOLLU TİŞÖRT,Women,0.0
FITTED DANTEL MAXİ ELBİSE,Women,0.0
FITTED DANTEL TİŞÖRT,Women,-30.00042857755111
FITTED DANTEL UZUN KOLLU BLUZ,Women,-11.200112001120011
FITTED DANTEL UZUN KOLLU TİŞÖRT,Women,0.0
FITTED DANTEL YAKA RİBANA TİŞÖRT,Women,0.0
FITTED DESENLİ POPLİN BLUZ,Women,0.0
FITTED DOKULU,Women,0.0
FITTED DOKULU KISA KOLLU BLUZ,Women,0.0
FITTED DOKULU KOLSUZ BLUZ,Women,0.0
FITTED DÜĞMELİ BLUZ,Women,0.0
FITTED FLANEL KISA KOLLU BLUZ,Women,0.0
FITTED FİTİLLİ KAŞKORSE ATLET,Women,-11.765051913291567
FITTED FİTİLLİ KAŞKORSE BASIC TİŞÖRT,Women,0.0
FITTED FİTİLLİ KAŞKORSE HIRKA,Women,0.0
FITTED FİTİLLİ KAŞKORSE KISA KOLLU TİŞÖRT,Women,0.0
FITTED FİTİLLİ KAŞKORSE UZUN KOLLU TİŞÖRT,Women,0.0
FITTED HALTER YAKA BASIC ATLET,Women,0.0
FITTED HALTER YAKA FİTİLLİ KAŞKORSE TİŞÖRT,Women,0.0
FITTED HIRKA,Women,0.0
FITTED KADİFE ATLET,Women,0.0
FITTED KALIN SWEATSHİRT KUMAŞI HIRKA,Women,0.0
FITTED KARE YAKA BASIC ASKILI BEYAZ ATLET,Women,0.0
FITTED KARE YAKA KREP ASKILI BLUZ,Women,0.0
FITTED KARELİ PAMUKLU GÖMLEK,Women,0.0
FITTED KAYIK YAKA BLUZ,Women,0.0
FITTED KAYIK YAKA DANTEL BLUZ,Women,0.0
FITTED KAYIK YAKA FİTİLLİ KAŞKORSE TİŞÖRT,Women,0.0
FITTED KAYIK YAKA KAŞKORSE TİŞÖRT,Women,0.0
FITTED KAZAK,Women,0.0
FITTED KETEN KARIŞIMLI,Women,0.0
FITTED KETEN KARIŞIMLI YELEK,Women,0.0
FITTED KISA KOLLU BLUZ,Women,0.0
FITTED KISA KOLLU GÖMLEK,Women,0.0
FITTED KISA KOLLU TİŞÖRT,Women,0.0
FITTED KOLSUZ BLUZ,Women,0.0
FITTED KREP BLAZER CEKET,Women,-20.0001000005
FITTED KREP UZUN KOLLU BLUZ,Women,0.0
FITTED KRİNKIL VİSKON BLUZ,Women,0.0
FITTED MAROKEN KISA KOLLU BLUZ,Women,0.0
FITTED MODAL,Women,0.0
FITTED MODAL KISA KOLLU TİŞÖRT,Women,0.0
FITTED MODAL TUNİK,Women,0.0
FITTED MODAL UZUN KOLLU TİŞÖRT,Women,0.0
FITTED MÜSLİN KISA KOLLU BLUZ,Women,0.0
FITTED MÜSLİN KOLSUZ BLUZ,Women,0.0
FITTED OMZU AÇIK DANTEL TİŞÖRT,Women,0.0
FITTED OMZU AÇIK TÜL TİŞÖRT,Women,0.0
FITTED PAMUKLU,Women,0.0
FITTED PAMUKLU KISA KOLLU BLUZ,Women,0.0
FITTED PAMUKLU KISA KOLLU TİŞÖRT,Women,0.0
FITTED PANTOLON,Women,0.0
FITTED POLO YAKA BASIC FİTİLLİ KAŞKORSE BEYAZ TİŞÖRT,Women,0.0
FITTED POLO YAKA BASIC FİTİLLİ KAŞKORSE TİŞÖRT,Women,0.0
FITTED POLO YAKA BASIC MODAL BEYAZ TİŞÖRT,Women,0.0
FITTED POLO YAKA RİBANA TİŞÖRT,Women,0.0
FITTED POPLİN,Women,0.0
FITTED POPLİN GÖMLEK,Women,0.0
FITTED POPLİN KISA KOLLU BLUZ,Women,0.0
FITTED POPLİN KLASİK GÖMLEK,Women,0.0
FITTED POPLİN KOLSUZ BLUZ,Women,0.0
FITTED PUANTİYELİ BELMANDO BLUZ,Women,0.0
FITTED PUANTİYELİ BÜRÜMCÜK ATLET,Women,0.0
FITTED RİBANA ATLET,Women,0.0
FITTED RİBANA HIRKA,Women,0.0
FITTED RİBANA KISA KOLLU TİŞÖRT,Women,0.0
FITTED RİBANA TİŞÖRT,Women,-3.0304132271476467
FITTED RİBANA UZUN KOLLU TİŞÖRT,Women,0.0
FITTED RİBANA ÇİZGİLİ TİŞÖRT,Women,0.0
FITTED RİBANA ÜST,Women,0.0
FITTED SEAMLESS ATLET,Women,0.0
FITTED SUNİ DERİ BLAZER CEKET,Women,0.0
FITTED SÜET KOLSUZ BLUZ,Women,0.0
FITTED TRİKO ATLET,Women,0.0
FITTED TRİKO HIRKA,Women,0.0
FITTED TRİKO KAZAK,Women,0.0
FITTED TÜL ATLET,Women,0.0
FITTED TÜL KISA KOLLU BLUZ,Women,0.0
FITTED TÜL KISA KOLLU TİŞÖRT,Women,0.0
FITTED TÜL UZUN KOLLU TİŞÖRT,Women,0.0
FITTED U YAKA BASIC FİTİLLİ KAŞKORSE ATLET,Women,0.0
FITTED U YAKA BASIC TİŞÖRT,Women,0.0
FITTED UZUN KOLLU TİŞÖRT,Women,0.0
FITTED V YAKA BASIC DÜĞMELİ YELEK,Women,0.0
FITTED V YAKA KREP BLAZER CEKET,Women,0.0
FITTED VÜCUDA OTURAN BASIC TİŞÖRT,Women,0.0
FITTED VÜCUDA OTURAN FİTİLLİ KAŞKORSE BASIC ATLET,Women,0.0
FITTED VÜCUDU SARAN YIRTMAÇLI BASIC FİTİLLİ KAŞKORSE SİYAH MİDİ ETEK,Women,0.0
FITTED VİSKON KISA KOLLU TİŞÖRT,Women,0.0
FITTED VİSKON TİŞÖRT,Women,0.0
FITTED YARIM BALIKÇI YAKA HIRKA,Women,-30.00037500468756
FITTED YARIM BALIKÇI YAKA TİŞÖRT,Women,-30.000500008333468
FITTED YUVARLAK YAKA BASIC BEYAZ TİŞÖRT,Women,0.0
FITTED YUVARLAK YAKA BASIC TİŞÖRT,Women,0.0
FITTED ÇAPRAZ DOKUMA MİDİ ETEK,Women,0.0
FITTED ÇİZGİLİ FİTİLLİ KAŞKORSE TİŞÖRT,Women,0.0
FITTED ÇİZGİLİ POPLİN GÖMLEK,Women,0.0
FITTED ÖNDEN BAĞLAMALI BÜRÜMCÜK BLUZ,Women,-30.000333337037077
FITTED ÖNDEN BAĞLAMALI DOKULU BLUZ,Women,0.0
FITTED İÇİ YUMUŞAK TÜYLÜ BAĞLAMALI HIRKA,Women,0.0
FITTED ŞAL YAKA BAKLAVA DESENLİ SÜVETER,Women,-20.000222224691385
FITTED ŞORT,Women,0.0
FLAMLI PAMUK KISA KOLLU TİŞÖRT,Women,0.0
FLAMLI PAMUK UZUN KOLLU GÖMLEK,Women,0.0
FLAMLI PAMUK UZUN KOLLU TUNİK,Women,0.0
FLAMLI POPLİN ELBİSE KIZ BEBEK,Kids-Baby,0.0
FLAMLI POPLİN GÖMLEK ERKEK BEBEK,Kids-Baby,-30.000750018750466
FLAMLI POPLİN KISA KOLLU GÖMLEK ERKEK BEBEK,Kids-Baby,0.0
FLAMLI POPLİN UZUN KOLLU ÇİZGİLİ GÖMLEK ERKEK BEBEK,Kids-Baby,0.0
FLANEL 2'Lİ TAKIM,Men,0.0
FLANEL 2'Lİ TAKIM,Women,0.0
FLANEL ELBİSE,Women,0.0
FLANEL KIZ ÇOCUK,Kids-Baby,0.0
FLARE FIT ALT,Women,0.0
FLARE FIT BÜRÜMCÜK UZUN KOLLU TİŞÖRT,Women,0.0
FLARE FIT DANTEL UZUN KOLLU TİŞÖRT,Women,0.0
FLARE FIT FERMUARLI NORMAL BEL BENGALİN PANTOLON,Women,0.0
FLARE FIT FİTİLLİ KAŞKORSE TAYT KIZ BEBEK,Kids-Baby,-30.000750018750466
FLARE FIT JEAN PANTOLON KIZ ÇOCUK,Kids-Baby,0.0
FLARE FIT MODAL PANTOLON,Women,-30.00037500468756
FLARE FIT PANTOLON,Men,0.0
FLARE FIT PANTOLON,Women,-33.08862457205379
FLARE FIT PANTOLON KIZ ÇOCUK,Kids-Baby,-20.00040000800016
FLARE FIT POPLİN KOLSUZ BLUZ,Women,0.0
FLARE FIT RİBANA PANTOLON,Women,-1.4211032353106416e-14
FLARE FIT İSPANYOL PAÇA SPORCU PANTOLON,Women,0.0
FLARE FİT JEAN PANTOLON KIZ BEBEK,Kids-Baby,0.0
FLARE FİT LEOPAR DESENLİ GABARDİN UZUN KOLLU GÖMLEK KIZ ÇOCUK,Kids-Baby,0.0
FLARE FİT YIRTMAÇLI PANTOLON KIZ ÇOCUK,Kids-Baby,0.0
FLARE FİT İSPANYOL PAÇA GABARDİN PANTOLON KIZ BEBEK,Kids-Baby,0.0
FLARE FİT İSPANYOL PAÇA JEAN PANTOLON KIZ ÇOCUK,Kids-Baby,0.0
FLARE FİT İSPANYOL PAÇA PAMUKLU JEAN PANTOLON KIZ ÇOCUK,Kids-Baby,0.0
FLORAL 2'Lİ BİKİNİ KIZ ÇOCUK,Kids-Baby,0.0
FLORAL FİTİLLİ KAŞKORSE 2'Lİ TAKIM KIZ BEBEK,Kids-Baby,-20.00020000200002
FLORAL MAYO ERKEK ÇOCUK,Kids-Baby,0.0
FLORAL MAYO KIZ ÇOCUK,Kids-Baby,0.0
FLORAL SWEATSHİRT KUMAŞI 2'Lİ TAKIM KIZ BEBEK,Kids-Baby,-30.00037500468756
FLORIDA YÜKSEK BEL BELMANDO PANTOLON,Women,0.0
FRAME ERKEK ODUNSU PARFÜM 85 ML,Men,0.0
FRAME ERKEK PARFÜM 85 ML,Men,0.0
FREE UP CREAM LİKE MOİST PAD 10'LU KİT 8ML – YOĞUN NEMLENDİRİCİ & RAHATLATICI TEKLİ PEDLER,Women,0.0
FREE UP CREAM LİKE MOİST PAD 210ML – YOĞUN NEMLENDİRİCİ VE RAHATLATICI PAMUK PED,Women,0.0
FREE UP FİNE PLAY CLEANSİNG PAD 10'LU KİT 8ML – HASSAS TEMİZLEYİCİ & ARINDIRICI TEKLİ PAMUK PEDLER,Women,0.0
FREE UP FİNE PLAY CLEANSİNG PAD 200ML – HASSAS TEMİZLEYİCİ & ARINDIRICI PAMUK PED,Women,0.0
FREE UP PEACEFUL SKİN SOOTHİNG 10'LU KİT 7ML – YATIŞTIRICI & RAHATLATICI TEKLİ CİLT PEDLERİ,Women,0.0
FREE UP PEACEFUL SKİN SOOTHİNG PAD 180ML – YATIŞTIRICI & RAHATLATICI CİLT PEDİ,Women,0.0
FREE UP VİCTORY BLEMİSH CLEAR PAD 10'LU KİT 8ML,Women,-40.000666677777964
FREE UP VİCTORY BLEMİSH CLEAR PAD 200ML,Women,-30.00030000300003
FROZEN 2'Lİ TAKIM KAPÜŞONLU SWEATSHİRT EŞOFMAN ALTI KIZ BEBEK,Kids-Baby,0.0
FROZEN 2'Lİ TAKIM KISA KOLLU TİŞÖRT BELİ LASTİKLİ ŞORT KIZ BEBEK,Kids-Baby,0.0
FROZEN BİSİKLET YAKA UZUN KOLLU TİŞÖRT KIZ BEBEK,Kids-Baby,0.0
FROZEN KISA KOLLU TÜTÜLÜ YAZLIK ELBİSE KIZ BEBEK,Kids-Baby,0.0
FROZEN MAYO KIZ BEBEK,Kids-Baby,0.0
FROZEN RELAX FİT BİSİKLET YAKA KISA KOLLU TİŞÖRT KIZ ÇOCUK,Kids-Baby,0.0
FROZEN UZUN KOLLU TÜL ELBİSE KIZ BEBEK,Kids-Baby,0.0
FULARLI BLAZER CEKET,Women,0.0
FUNGOOFUN X DEFACTO ALTIN KÜLÇE FORMLU MAKYAJ ÇANTASI,Women,0.0
FUNGOOFUN X DEFACTO AY TASARIMLI KADIN OMUZ ÇANTASI,Women,0.0
FUNGOOFUN X DEFACTO AY TASARIMLI OMUZ ÇANTASI,Women,0.0
FUNGOOFUN X DEFACTO KADIN OMUZ VE NOTEBOOK ÇANTASI,Women,0.0
FUNGOOFUN X DEFACTO KADIN OMUZ ÇANTA,Women,0.0
FUNGOOFUN X DEFACTO KADIN ÇANTA,Women,0.0
FUNGOOFUN X DEFACTO KAJU TASARIMLI KADIN KOL ÇANTASI,Women,0.0
FUNGOOFUN X DEFACTO KOZMETİK ORGANİZER ÇANTA,Women,0.0
FUNGOOFUN X DEFACTO MUZ FİGÜRLÜ CHARM VE KATLANABİLİR BEZ KOL ÇANTASI,Women,0.0
FUNGOOFUN X DEFACTO MUZ TASARIMLI KADIN ÇAPRAZ ÇANTA,Women,0.0
FUNGOOFUN X DEFACTO MUZ TASARIMLI ÇAPRAZ ÇANTA,Women,0.0
FUNGOOFUN X DEFACTO SIRT ÇANTASI,Kids-Baby,0.0
FUNGOOFUN X DEFACTO ZİNCİR DETAYLI KADIN ÇAPRAZ ÇANTA,Women,0.0
FUNGOOFUN X DEFACTO ÇANTA CHARMI,Women,0.0
FUNGOOFUN X DEFACTO ÇIKARTILABİLİR ASKILI BALON TASARIMLI KADIN OMUZ ÇANTASI,Women,0.0
FUNGOOFUN X DEFACTO ÇIKARTILABİLİR ASKILI BALON TASARIMLI OMUZ ÇANTASI,Women,0.0
FUNGOOFUN X DEFACTO ÇIKARTILABİLİR ASKILI KADIN OMUZ ÇANTASI,Women,0.0
FUNGOOFUN X DEFACTO ÇIKARTILABİLİR ASKILI OMUZ ÇANTASI,Women,0.0
FUNGOOFUN X DEFACTO ÇIKARTILABİLİR ASKILI RENKLİ ŞEKER KADIN OMUZ,Women,0.0
FUNGOOFUN X DEFACTO ÇIKARTILABİLİR ASKILI RENKLİ ŞEKER OMUZ,Women,0.0
FUNGOOFUN X DEFACTO ÇIKARTILABİLİR EL ÇANTASI,Women,0.0
FUNGOOFUN X DEFACTO ÇIKARTILABİLİR KADIN EL ÇANTASI,Women,0.0
FUNGOOFUN X DEFACTO İKON TASARIMLI KADIN ÇAPRAZ ÇANTA,Women,0.0
FUNGOOFUN X DEFACTO İKON TASARIMLI ÇAPRAZ ÇANTA,Women,0.0
FUNGOOFUN X DEFACTO ŞEKER KÜPÜ MAKYAJ ÇANTASI,Women,0.0
FİL TEMALI DÜZ TABAN PANDUF ERKEK ÇOCUK,Kids-Baby,0.0
FİLE ASTARLI DENİZ ŞORTU,Men,0.0
FİT RELAX FIT GENİŞ PAÇA KAPRİ,Women,0.0
FİTTED BİSİKLET YAKA BASKILI FİTİLLİ KAŞKORSE KISA KOLLU TİŞÖRT KIZ ÇOCUK,Kids-Baby,0.0
FİTTED BİSİKLET YAKA BASKILI KISA KOLLU TİŞÖRT KIZ ÇOCUK,Kids-Baby,0.0
FİTTED BİSİKLET YAKA BASKILI RİBANA KISA KOLLU TİŞÖRT KIZ ÇOCUK,Kids-Baby,0.0
FİTTED BİSİKLET YAKA BÜRÜMCÜK UZUN KOLLU TİŞÖRT KIZ ÇOCUK,Kids-Baby,0.0
FİTTED BİSİKLET YAKA FİTİLLİ KAŞKORSE KOLSUZ YAZLIK ELBİSE KIZ ÇOCUK,Kids-Baby,0.0
FİTTED BİSİKLET YAKA TRİKO KAZAK KIZ ÇOCUK,Kids-Baby,0.0
FİTTED BİSİKLET YAKA UZUN KOLLU TİŞÖRT KIZ ÇOCUK,Kids-Baby,0.0
FİTTED DANTEL BODYSUİT,Women,0.0
FİTTED DİK YAKA FERMUARLI BASKILI FİTİLLİ KAŞKORSE UZUN KOLLU TİŞÖRT KIZ ÇOCUK,Kids-Baby,0.0
FİTTED KAYIK YAKA RİBANA KISA KOLLU TİŞÖRT KIZ ÇOCUK,Kids-Baby,0.0
FİTTED KAŞKORSE ATLET,Women,0.0
FİTTED POLO YAKA ÇİZGİLİ UZUN KOLLU TİŞÖRT KIZ ÇOCUK,Kids-Baby,0.0
FİTTED RİBANA ATLET,Women,0.0
FİTTED RİBANA BASKILI TİŞÖRT,Women,0.0
FİTTED RİBANA TİŞÖRT,Women,-23.07763315794332
FİTTED STRAPLEZ ÇAPRAZ DOKUMA BLUZ,Women,0.0
FİTTED V YAKA KAŞKORSE TİŞÖRT,Women,0.0
FİTTED V YAKA YELEK,Women,0.0
FİTİLLİ KADİFE UZUN KOLLU GÖMLEK ERKEK BEBEK,Kids-Baby,0.0
FİTİLLİ KAŞKORSE 2'Lİ ELBİSE KIZ ÇOCUK,Kids-Baby,0.0
FİTİLLİ KAŞKORSE 2'Lİ PİJAMA TAKIM,Kids-Baby,0.0
FİTİLLİ KAŞKORSE 2'Lİ TAKIM BASKILI KISA KOLLU TİŞÖRT GENİŞ BOL PAÇA PANTOLON KIZ ÇOCUK,Kids-Baby,0.0
FİTİLLİ KAŞKORSE 2'Lİ TAKIM KIZ BEBEK,Kids-Baby,0.0
FİTİLLİ KAŞKORSE 2'Lİ TAYT ERKEK BEBEK,Kids-Baby,0.0
FİTİLLİ KAŞKORSE ALT ERKEK BEBEK,Kids-Baby,0.0
FİTİLLİ KAŞKORSE ALT KIZ BEBEK,Kids-Baby,0.0
FİTİLLİ KAŞKORSE ATLET,Women,0.0
FİTİLLİ KAŞKORSE BALON KOLLU TİŞÖRT KIZ ÇOCUK,Kids-Baby,0.0
FİTİLLİ KAŞKORSE BASIC TİŞÖRT,Women,0.0
FİTİLLİ KAŞKORSE BELİ LASTİKLİ ŞORT KIZ BEBEK,Kids-Baby,0.0
FİTİLLİ KAŞKORSE KISA KOLLU TİŞÖRT,Women,0.0
FİTİLLİ KAŞKORSE KIZ ÇOCUK ATLET.,Kids-Baby,0.0
FİTİLLİ KAŞKORSE MAXİ ELBİSE,Women,0.0
FİTİLLİ KAŞKORSE MİDİ ELBİSE,Women,0.0
FİTİLLİ KAŞKORSE MİNİ ELBİSE,Women,0.0
FİTİLLİ KAŞKORSE POLO TİŞÖRT,Women,0.0
FİTİLLİ KAŞKORSE TAYT KIZ BEBEK,Kids-Baby,-37.50093752343808
FİTİLLİ KAŞKORSE TİŞÖRT KIZ BEBEK,Kids-Baby,-47.501187529688245
FİTİLLİ KAŞKORSE TİŞÖRT KIZ ÇOCUK,Kids-Baby,-5.116386156919566
FİTİLLİ KAŞKORSE UZUN KOLLU TUNİK,Women,0.0
FİTİLLİ KAŞKORSE UZUN KOLLU TİŞÖRT,Women,0.0
FİTİLLİ KAŞKORSE UZUN TAYT KIZ ÇOCUK,Kids-Baby,0.0
FİTİLLİ KAŞKORSE ZIMBA DETAYLI TİŞÖRT KIZ ÇOCUK,Kids-Baby,0.0
FİTİLLİ KAŞKORSE İSPANYOL PAÇA TAYT KIZ ÇOCUK,Kids-Baby,0.0
FİYONK BASKILI FİTİLLİ KAŞKORSE TİŞÖRT KIZ ÇOCUK,Kids-Baby,0.0
FİYONK DESENLİ UZUN KOLLU TWİLL ELBİSE KIZ BEBEK,Kids-Baby,0.0
FİYONK DETAYLI 2'Lİ TAKIM KIZ BEBEK,Kids-Baby,-40.00050000625008
FİYONK DETAYLI BLUZ,Women,-30.000272729752087
FİYONK DETAYLI HIRKA KIZ BEBEK,Kids-Baby,-50.00083334722245
FİYONK DETAYLI MİNİ ELBİSE,Women,-30.00021428724491
FİYONK DETAYLI TİŞÖRT KIZ BEBEK,Kids-Baby,-60.001200024000475
FİYONK NAKIŞLI HIRKA KIZ BEBEK,Kids-Baby,-30.00042857755111
FİYONK İŞLEMELİ TİŞÖRT KIZ BEBEK,Kids-Baby,-30.001000033334446
FİYONKLU BLUZ KIZ ÇOCUK,Kids-Baby,0.0
FİYONKLU ELBİSE KIZ BEBEK,Kids-Baby,0.0
FİYONKLU KISA KOLLU KAZAK,Women,-16.66683333500001
GABARDİN 2'Lİ TAKIM ERKEK BEBEK,Kids-Baby,-23.684397508401382
GABARDİN 2'Lİ TAKIM ERKEK ÇOCUK,Kids-Baby,-30.66687111247408
GABARDİN BERMUDA,Women,0.0
GABARDİN BERMUDA ŞORT,Women,0.0
GABARDİN CEPLİ DÜĞMELİ KISA KOLLU YAZLIK ELBİSE KIZ ÇOCUK,Kids-Baby,0.0
GABARDİN DANTEL YAKA ELBİSE KIZ BEBEK,Kids-Baby,-30.000333337037077
GABARDİN ELBİSE KIZ ÇOCUK,Kids-Baby,0.0
GABARDİN GÖMLEK ERKEK BEBEK,Kids-Baby,-40.00040000400004
GABARDİN GÖMLEK KIZ ÇOCUK,Kids-Baby,-37.00037000370004
GABARDİN KISA KOLLU TULUM KIZ ÇOCUK,Kids-Baby,0.0
GABARDİN KIZ ÇOCUK,Kids-Baby,0.0
GABARDİN PANTOLON ERKEK BEBEK,Kids-Baby,-14.285918370262433
GABARDİN PANTOLON ERKEK ÇOCUK,Kids-Baby,-21.905022678841416
GABARDİN PANTOLON KIZ BEBEK,Kids-Baby,-30.00037500468756
GABARDİN SALOPET TULUM ERKEK BEBEK,Kids-Baby,0.0
GABARDİN TULUM ERKEK BEBEK,Kids-Baby,-40.00040000400004
GABARDİN TULUM KIZ ÇOCUK,Kids-Baby,0.0
GABARDİN UZUN KOLLU GÖMLEK ERKEK BEBEK,Kids-Baby,-20.00020000200002
GABARDİN ŞORT ERKEK BEBEK,Kids-Baby,0.0
GABARDİN ŞORT ERKEK ÇOCUK,Kids-Baby,-7.500125002083367
GABARDİN ŞORT KIZ BEBEK,Kids-Baby,0.0
GABARDİN ŞORT KIZ ÇOCUK,Kids-Baby,0.0
GARFİELD BİSİKLET YAKA KISA KOLLU TİŞÖRT ERKEK ÇOCUK,Kids-Baby,0.0
GARFİELD PİJAMA TAKIMI KISA KOLLU ÜST BELİ LASTİKLİ UZUN ALT KIZ ÇOCUK,Kids-Baby,0.0
GENİŞ BOL PAÇA BRODE PANTOLON KIZ ÇOCUK,Kids-Baby,0.0
GENİŞ CEPLİ JEAN CEKET,Women,0.0
GENİŞ DANTEL YAKALI KISA KOLLU YAZLIK JEAN ELBİSE KIZ BEBEK,Kids-Baby,0.0
GENİŞ PAÇA JEAN PANTOLON KIZ ÇOCUK,Kids-Baby,-20.00025000312504
GENİŞ PAÇA PANTOLON,Men,55.172984548116
GENİŞ PAÇA PANTOLON,Women,0.0
GLOWIN VANİLYA VE BADEM ÖZLÜ NEMLENDİRİCİ EL KREMİ – ÇİFT ETKİLİ BESLEYİCİ & ONARICI FORMÜL (75ML),Women,0.0
GOFRE DOKULU 2'Lİ TAKIM,Women,0.0
GOFRE DOKULU BLUZ,Women,0.0
GOFRE DOKULU ELBİSE,Women,0.0
GOFRE DOKULU KIZ BEBEK,Kids-Baby,0.0
GOFRE DOKULU MİDİ ELBİSE,Women,0.0
GOURMAND - FRUİTY VÜCUT SPREYİ,Women,0.0
GOURMAND 100 PARFÜM,Women,0.0
GREMLİNS OVERSİZE GENİŞ KALIP BİSİKLET YAKA KISA KOLLU TİŞÖRT KIZ ÇOCUK,Kids-Baby,0.0
GÖKKUŞAĞI BASKILI KISA KOLLU PENYE TULUM KIZ BEBEK YENİDOĞAN,Kids-Baby,0.0
GÖKKUŞAĞI BASKILI PENYE KISA KOLLU TULUM KIZ BEBEK YENİDOĞAN,Kids-Baby,0.0
GÖMLEK ERKEK ÇOCUK,Kids-Baby,-30.00037500468756
GÖMLEK KIZ ÇOCUK,Kids-Baby,0.0
GÖMLEK YAKA ASTARLI SÜET MONT,Women,0.0
GÖMLEK YAKA BASIC DÜĞMELİ BELİ BÜZGÜLÜ BENGALİN YARIM KOLLU ELBİSE,Women,0.0
GÖMLEK YAKA BASIC DÜĞMELİ BELİ BÜZGÜLÜ MAXİ ELBİSE,Women,0.0
GÖMLEK YAKA DÜĞMELİ HIRKA ERKEK ÇOCUK,Kids-Baby,0.0
GÖMLEK YAKA DÜĞMELİ KARELİ KAŞE MONT KIZ ÇOCUK,Kids-Baby,0.0
GÖMLEK YAKA DÜĞMELİ SÜET CEKET MONT KIZ BEBEK,Kids-Baby,0.0
GÖMLEK YAKA FERMUARLI HIRKA ERKEK BEBEK,Kids-Baby,0.0
GÖMLEK YAKA KISA KOLLU PAMUKLU YAZLIK JEAN ELBİSE KIZ ÇOCUK,Kids-Baby,0.0
GÖMLEK YAKA MAXİ ELBİSE,Women,0.0
GÖMLEK YAKA PAMUKLU KISA KOLLU YAZLIK ELBİSE KIZ ÇOCUK,Kids-Baby,0.0
GÖMLEK YAKA TRENÇKOT KIZ ÇOCUK,Kids-Baby,0.0
GÖMLEK YAKA TİŞÖRT ERKEK BEBEK,Kids-Baby,-40.00080001600032
GÖMLEK YAKA UZUN KOLLU ELBİSE KIZ BEBEK,Kids-Baby,0.0
GÖZLÜK İPİ,Women,0.0
GÖĞÜS DOLGU PEDİ,Women,0.0
GÖĞÜS UCU GİZLEYİCİ,Women,0.0
GÖĞÜS ŞEKİLLENDİRİCİ BANT,Women,0.0
GÜNEŞ GÖZLÜĞÜ,Women,0.0
GÜNEŞ GÖZLÜĞÜ ERKEK ÇOCUK,Kids-Baby,0.0
GÜNEŞ GÖZLÜĞÜ KIZ ÇOCUK,Kids-Baby,0.0
HAKİM YAKA BASKILI SWEATSHİRT ERKEK BEBEK,Kids-Baby,0.0
HAKİM YAKA KISA KOLLU GÖMLEK ERKEK ÇOCUK,Kids-Baby,0.0
HAKİM YAKA KISA KOLLU TİŞÖRT ERKEK ÇOCUK,Kids-Baby,0.0
HAKİM YAKA PİKE KISA KOLLU TİŞÖRT ERKEK ÇOCUK,Kids-Baby,0.0
HAKİM YAKA TİŞÖRT ERKEK ÇOCUK,Kids-Baby,-10.00020000400008
HAKİM YAKA ÇİZGİLİ KISA KOLLU TİŞÖRT ERKEK ÇOCUK,Kids-Baby,0.0
HALTER YAKA DANTELLİ KREP BLUZ,Women,0.0
HAREM BASIC PAÇA PANTOLON,Women,0.0
HAREM BELMANDO KUMAŞ PANTOLON CEPLİ NORMAL BEL BASIC PAÇA,Women,0.0
HAREM KETEN KARIŞIMLI PANTOLON,Women,0.0
HAREM PANTOLON,Women,0.0
HARRY POTTER OVERSIZE KAPÜŞONLU FERMUARLI SWEATSHİRT,Women,-20.00020000200002
HARRY POTTER OVERSİZE GENİŞ KALIP BİSİKLET YAKA KISA KOLLU TİŞÖRT KIZ ÇOCUK,Kids-Baby,0.0
HARRY POTTER OVERSİZE GENİŞ KALIP V YAKA İÇİ YUMUŞAK TÜYLÜ SWEATSHİRT KIZ ÇOCUK,Kids-Baby,0.0
HARRY POTTER RELAX FİT BİSİKLET YAKA KISA KOLLU TİŞÖRT KIZ ÇOCUK,Kids-Baby,0.0
HASIR BAGET ÇANTA,Women,0.0
HASIR CLUTCH,Women,0.0
HASIR EL ÇANTASI,Women,0.0
HASIR OMUZ ÇANTASI,Women,0.0
HASIR PLAJ ÇANTASI,Women,0.0
HASIR ÇAPRAZ ÇANTA,Women,0.0
HASIR ŞAPKA,Kids-Baby,0.0
HASIR ŞAPKA ERKEK ÇOCUK,Kids-Baby,0.0
HASIR ŞAPKA KIZ ÇOCUK,Kids-Baby,0.0
HASTANE ÇIKIŞI 4'LÜ TAKIM DESENLİ UZUN KOLLU TİŞÖRT ÇITÇITLI KISA KOLLU BODY BELİ LASTİKLİ ALT BERE KIZ BEBEK,Kids-Baby,0.0
HAYVAN BASKILI 2'Lİ TAKIM ERKEK BEBEK,Kids-Baby,1.1368797460136203e-14
HAYVAN BASKILI 2'Lİ TAKIM KIZ BEBEK,Kids-Baby,0.0
HAYVAN BASKILI PENYE 3'LÜ SLİP KÜLOT KIZ ÇOCUK,Kids-Baby,0.0
HAYVAN DESENLİ 2'Lİ PİJAMA TAKIMI ERKEK BEBEK,Kids-Baby,0.0
HAYVAN DESENLİ 2'Lİ TAKIM ERKEK BEBEK,Kids-Baby,0.0
HAYVAN DESENLİ 5'Lİ ALT KIZ ÇOCUK,Kids-Baby,0.0
HAYVAN DESENLİ 5'Lİ PAMUKLU UZUN ÇORAP ERKEK ÇOCUK,Kids-Baby,0.0
HAYVAN DESENLİ 7'Lİ BOXER ERKEK ÇOCUK,Kids-Baby,0.0
HAYVAN DESENLİ FİTİLLİ KAŞKORSE PANTOLON KIZ BEBEK,Kids-Baby,0.0
HAYVAN DESENLİ KAYDIRMAZ TABAN 4'LÜ PAMUKLU UZUN ÇORAP ERKEK BEBEK,Kids-Baby,0.0
HAYVAN DESENLİ MİCRO DENİZ ŞORTU ERKEK BEBEK,Kids-Baby,0.0
HAYVAN DESENLİ PAMUKLU 2'Lİ TAKIM ERKEK BEBEK,Kids-Baby,0.0
HAYVAN DESENLİ PENYE 2'Lİ KISA KOLLU TULUM ERKEK BEBEK YENİDOĞAN,Kids-Baby,0.0
HAYVAN DESENLİ PENYE 3'LÜ BOXER ERKEK ÇOCUK,Kids-Baby,0.0
HAYVAN DESENLİ PENYE 3'LÜ SLİP KÜLOT KIZ ÇOCUK,Kids-Baby,0.0
HAYVAN DESENLİ PENYE KISA KOLLU TULUM ERKEK BEBEK YENİDOĞAN,Kids-Baby,0.0
HAYVAN DESENLİ PENYE KISA KOLLU TULUM KIZ BEBEK YENİDOĞAN,Kids-Baby,0.0
HAYVAN DESENLİ TRİKO TULUM ERKEK BEBEK YENİDOĞAN,Kids-Baby,0.0
HEARTLEAF SİLKY MOİSTURE SUN CREAM CİLDİ SAKİN TUTAN IPEKSİ DOKULU GÜNEŞ KREMİ 50ML,Women,0.0
HELLO KITTY FITTED RİBANA TİŞÖRT KIZ ÇOCUK,Kids-Baby,0.0
HELLO KITTY FİTİLLİ KAŞKORSE ELBİSE KIZ BEBEK,Kids-Baby,0.0
HELLO KITTY OVERSIZE TİŞÖRT KIZ ÇOCUK,Kids-Baby,0.0
HELLO KITTY PAMUKLU KÜLOTLU ÇORAP KIZ ÇOCUK,Kids-Baby,0.0
HELLO KITTY TİŞÖRT KIZ ÇOCUK,Kids-Baby,0.0
HELLO KİTTY 2'Lİ TAKIM KAPÜŞONLU SWEATSHİRT TAYT KIZ BEBEK,Kids-Baby,0.0
HELLO KİTTY 2'Lİ TAKIM KIZ BEBEK,Kids-Baby,-20.00020000200002
HELLO KİTTY 2'Lİ TAKIM KIZ ÇOCUK,Kids-Baby,0.0
HELLO KİTTY 2'Lİ TAKIM SWEATSHİRT EŞOFMAN ALTI KIZ BEBEK,Kids-Baby,0.0
HELLO KİTTY 3'LÜ PAMUKLU UZUN ÇORAP KIZ ÇOCUK,Kids-Baby,0.0
HELLO KİTTY 60 DENYE KÜLOTLU ÇORAP KIZ ÇOCUK,Kids-Baby,0.0
HELLO KİTTY ATLET KIZ ÇOCUK,Kids-Baby,0.0
HELLO KİTTY BİSİKLET YAKA UZUN KOLLU TİŞÖRT KIZ ÇOCUK,Kids-Baby,-50.00083334722245
HELLO KİTTY KAYDIRMAZ TABAN 3'LÜ PAMUKLU UZUN ÇORAP KIZ BEBEK,Kids-Baby,0.0
HELLO KİTTY OVERSHİRT FİT BİSİKLET YAKA SWEATSHİRT KIZ ÇOCUK,Kids-Baby,0.0
HELLO KİTTY OVERSIZE SIRT BASKILI TİŞÖRT,Women,0.0
HELLO KİTTY OVERSIZE TİŞÖRT KIZ BEBEK,Kids-Baby,0.0
HELLO KİTTY OVERSIZE TİŞÖRT KIZ ÇOCUK,Kids-Baby,0.0
HELLO KİTTY OVERSİZE GENİŞ KALIP KAPÜŞONLU SIRT BASKILI İÇİ YUMUŞAK TÜYLÜ SWEATSHİRT KIZ ÇOCUK,Kids-Baby,0.0
HELLO KİTTY PİJAMA TAKIMI WİDE LEG FİTİLLİ KAŞKORSE UZUN KOLLU ÜST UZUN ALT KIZ ÇOCUK,Kids-Baby,0.0
HELLO KİTTY RELAX FİT BİSİKLET YAKA KISA KOLLU TİŞÖRT KIZ ÇOCUK,Kids-Baby,0.0
HELLO KİTTY RELAX FİT BİSİKLET YAKA SIRT BASKILI KISA KOLLU TİŞÖRT KIZ ÇOCUK,Kids-Baby,0.0
HELLO KİTTY RELAX FİT KISA KOLLU TİŞÖRT KIZ ÇOCUK,Kids-Baby,0.0
HELLO KİTTY SWEATSHİRT KIZ ÇOCUK,Kids-Baby,-47.50059375742197
HELLO KİTTY UZUN KOLLU FİTİLLİ KAŞKORSE ELBİSE KIZ BEBEK,Kids-Baby,0.0
HER YÖNE ESNEYEN PANTOLON ERKEK ÇOCUK,Kids-Baby,-30.00037500468756
HEİMİSH - BULGARİAN ROSE WATER HYDROGEL EYE PATCH 60'LI,Women,0.0
HIRKA,Women,0.0
HOT WHEELS 2'Lİ TAKIM ERKEK BEBEK,Kids-Baby,0.0
HOT WHEELS 2'Lİ TAKIM KISA KOLLU TİŞÖRT BELİ LASTİKLİ ŞORT ERKEK BEBEK,Kids-Baby,0.0
HOT WHEELS 2'Lİ TAKIM SWEATSHİRT EŞOFMAN ALTI ERKEK BEBEK,Kids-Baby,0.0
HOT WHEELS BİSİKLET YAKA KISA KOLLU TİŞÖRT ERKEK BEBEK,Kids-Baby,0.0
HOT WHEELS BİSİKLET YAKA KISA KOLLU TİŞÖRT ERKEK ÇOCUK,Kids-Baby,0.0
HOT WHEELS TİŞÖRT ERKEK BEBEK,Kids-Baby,0.0
HUNTER ŞAPKA ERKEK BEBEK,Kids-Baby,0.0
HİPSTER KÜLOT,Women,0.0
I LOVE ME PLAJ HAVLUSU,Women,0.0
I LOVE NY OVERSIZE TİŞÖRT KIZ ÇOCUK,Kids-Baby,0.0
INSİDE OUT RELAX FİT BİSİKLET YAKA KISA KOLLU TİŞÖRT KIZ ÇOCUK,Kids-Baby,0.0
JEAN BERMUDA,Men,0.0
JEAN BERMUDA,Women,0.0
JEAN BERMUDA ŞORT,Women,0.0
JEAN BLAZER YELEK,Women,0.0
JEAN BUCKET ŞAPKA ERKEK ÇOCUK,Kids-Baby,0.0
JEAN CEKET ERKEK ÇOCUK,Kids-Baby,0.0
JEAN CEKET KIZ ÇOCUK,Kids-Baby,-20.000153847337288
JEAN EL ÇANTASI,Women,0.0
JEAN GÖRÜNÜMLÜ CAP ŞAPKA KIZ ÇOCUK,Kids-Baby,0.0
JEAN KAPRİ,Women,0.0
JEAN KIZ ÇOCUK,Kids-Baby,0.0
JEAN MICHEL BASQUIAT OVERSIZE SIRT BASKILI TİŞÖRT,Women,0.0
JEAN OMUZ ÇANTASI,Women,0.0
JEAN OMUZ ÇANTASI KIZ ÇOCUK,Kids-Baby,0.0
JEAN PANTOLON ERKEK BEBEK,Kids-Baby,0.0
JEAN PANTOLON ERKEK ÇOCUK,Kids-Baby,-10.00010000100001
JEAN SALOPET TULUM ERKEK BEBEK,Kids-Baby,0.0
JEAN TULUM ERKEK BEBEK,Kids-Baby,-24.000240002400027
JEAN ÇAPRAZ ÇANTA,Women,0.0
JEAN ŞORT,Kids-Baby,0.0
JEAN ŞORT,Women,0.0
JEAN ŞORT ERKEK BEBEK,Kids-Baby,0.0
JEAN ŞORT ERKEK ÇOCUK,Kids-Baby,-20.937761722021524
JEAN ŞORT ETEK,Kids-Baby,0.0
JEAN ŞORT ETEK,Women,0.0
JEAN ŞORT ETEK KIZ ÇOCUK,Kids-Baby,1.263201121363749e-14
JEAN ŞORT KIZ BEBEK,Kids-Baby,0.0
JEAN ŞORT KIZ ÇOCUK,Kids-Baby,-24.90225375200492
JEGGİNG YÜKSEK BEL BİLEK BOY DAR PAÇA BASIC JEAN PANTOLON,Women,0.0
JOGGER EŞOFMAN ALTI KIZ ÇOCUK,Kids-Baby,-35.88298617034418
JOGGER FIT BASIC EŞOFMAN ALTI,Women,0.0
JOGGER FIT EŞOFMAN ALTI,Women,-20.00020000200002
JOGGER FIT GABARDİN PANTOLON ERKEK ÇOCUK,Kids-Baby,-31.42902041457735
JOGGER FIT HER YÖNE ESNEYEN PANTOLON,Men,0.0
JOGGER FIT JEAN PANTOLON ERKEK BEBEK,Kids-Baby,-30.00037500468756
JOGGER FIT JEAN PANTOLON ERKEK ÇOCUK,Kids-Baby,-10.00010000100001
JOGGER FIT KALIN KUMAŞ PANTOLON,Women,0.0
JOGGER FIT KALIN SWEATSHİRT KUMAŞI PANTOLON,Women,0.0
JOGGER FIT MODAL PANTOLON ERKEK ÇOCUK,Kids-Baby,-10.00012500156252
JOGGER FIT PANTOLON,Men,0.0
JOGGER FIT PANTOLON,Women,0.0
JOGGER FIT PANTOLON ERKEK ÇOCUK,Kids-Baby,-30.00037500468756
JOGGER FIT PENYE PANTOLON KIZ ÇOCUK,Kids-Baby,-40.00080001600032
JOGGER FIT SKUBA DALGIÇ KUMAŞ PANTOLON,Women,0.0
JOGGER FIT YUMUŞAK DOKULU PANTOLON,Men,0.0
JOGGER FIT YÜKSEK BEL UZUN PANTOLON,Women,-30.00021428724491
JOGGER FİT BASIC CEPLİ EŞOFMAN ALTI,Women,0.0
JOGGER FİT BELİ LASTİKLİ JEAN PANTOLON ERKEK ÇOCUK,Kids-Baby,0.0
JOGGER FİT ESNEK BANTLI PAÇA GABARDİN OKUL PANTOLONU ERKEK BEBEK,Kids-Baby,0.0
JOGGER FİT ESNEK BANTLI PAÇA JEAN PANTOLON ERKEK ÇOCUK,Kids-Baby,0.0
JOGGER FİT GABARDİN PANTOLON ERKEK ÇOCUK,Kids-Baby,0.0
JOGGER FİT JEAN PANTOLON ERKEK BEBEK,Kids-Baby,0.0
JOGGER FİT JEAN PANTOLON ERKEK ÇOCUK,Kids-Baby,0.0
JOGGER FİT KAMUFLAJ DESENLİ GABARDİN PANTOLON ERKEK ÇOCUK,Kids-Baby,0.0
JOGGER FİT KARGO PARAŞÜT PANTOLON ERKEK ÇOCUK,Kids-Baby,0.0
JOGGER FİT STANDART PAÇA GABARDİN PANTOLON ERKEK ÇOCUK,Kids-Baby,0.0
JOGGER FİT STANDART PAÇA PARAŞÜT PANTOLON ERKEK ÇOCUK,Kids-Baby,0.0
JOGGER PAÇA GABARDİN PANTOLON ERKEK BEBEK,Kids-Baby,0.0
JOGGER PAÇA PANTOLON ERKEK ÇOCUK,Kids-Baby,0.0
JOGGER SLİM FİT PANTOLON,Men,0.0
JURASSİC WORLD 2'Lİ TAKIM KISA KOLLU TİŞÖRT BELİ LASTİKLİ ŞORT ERKEK BEBEK,Kids-Baby,0.0
JURASSİC WORLD BİSİKLET YAKA SIRT BASKILI KISA KOLLU TİŞÖRT ERKEK ÇOCUK,Kids-Baby,0.0
KADIN,Women,-9.091090912727342
KADIN 10'LU SAÇ AKSESUARI,Women,-5.0003333555570375
KADIN 12'Lİ KÜPE,Women,-5.000125003125078
KADIN 15'Lİ YÜZÜK,Women,0.0
KADIN 2'Lİ BİLEKLİK,Women,-5.409056671852771
KADIN 2'Lİ DESENLİ FULAR,Women,0.0
KADIN 2'Lİ ELDİVEN,Women,0.0
KADIN 2'Lİ GOLD KÜPE,Women,0.0
KADIN 2'Lİ KOLYE,Women,-1.1828300391516748
KADIN 2'Lİ KÜPE,Women,-4.019276791749475
KADIN 2'Lİ LEOPAR DESENLİ KÜPE,Women,0.0
KADIN 2'Lİ MARTENİÇKA BİLEKLİK,Women,-40.00200010000501
KADIN 2'Lİ PAMUKLU BAKLAVA DESENLİ ÇORAP,Women,-40.0026668444563
KADIN 2'Lİ PAMUKLU TOZLUK,Women,-40.002000100005006
KADIN 2'Lİ SALLANTILI GOLD SİLVER KOLYE,Women,0.0
KADIN 2'Lİ SAÇ AKSESUARI,Women,-5.300956478019462
KADIN 2'Lİ SAÇ TOKASI,Women,-3.6364958725771848
KADIN 2'Lİ SİLVER KÜPE,Women,0.0
KADIN 2'Lİ TAKI SETİ,Women,0.0
KADIN 2'Lİ YÜZÜK,Women,0.0
KADIN 2'Lİ ÇİÇEKLİ KÜPE,Women,0.0
KADIN 2'Lİ ÇİÇEKLİ İNCİLİ KÜPE,Women,0.0
KADIN 20'Lİ SAÇ AKSESUARI,Women,0.0
KADIN 3'LÜ BİLEKLİK,Women,8.33361112037068
KADIN 3'LÜ GOLD KÜPE,Women,0.0
KADIN 3'LÜ KOLYE,Women,-15.752340951357665
KADIN 3'LÜ KÜPE,Women,-2.7778769876702127
KADIN 3'LÜ SAÇ AKSESUARI,Women,-18.11375437749064
KADIN 3'LÜ SAÇ TOKASI,Women,0.0
KADIN 3'LÜ TAŞLI GOLD YÜZÜK,Women,0.0
KADIN 3'LÜ YÜZÜK,Women,-1.785778063502268
KADIN 3D BANDANA,Women,-20.00040000800016
KADIN 3D VİZÖR ŞAPKA,Women,0.0
KADIN 4'LÜ BİLEKLİK,Women,-12.500312507812694
KADIN 4'LÜ KÜPE,Women,11.111481493827565
KADIN 4'LÜ SAÇ AKSESUARI,Women,-12.500416680556018
KADIN 4'LÜ YÜZÜK,Women,0.0
KADIN 5'Lİ BİLEKLİK,Women,-10.000333344444815
KADIN 5'Lİ GOLD YÜZÜK,Women,0.0
KADIN 5'Lİ PAMUKLU PATİK ÇORAP,Women,0.0
KADIN 5'Lİ PAMUKLU PUANTİYELİ ÇİZGİLİ PATİK ÇORAP,Women,0.0
KADIN 5'Lİ YÜZÜK,Women,-6.060826454295314
KADIN 6'LI BİLEKLİK,Women,-20.00066668888963
KADIN 6'LI KÜPE,Women,-19.000475011875295
KADIN 6'LI SAÇ AKSESUARI,Women,0.0
KADIN 6'LI YILBAŞI TEMALI KÜPE,Women,0.0
KADIN 6'LI YÜZÜK,Women,-3.0304132271476467
KADIN 7'Lİ PAMUKLU PATİK ÇORAP,Women,0.0
KADIN 7'Lİ YÜZÜK,Women,-2.941280280480481
KADIN 8'Lİ TAŞLI GOLD YÜZÜK,Women,0.0
KADIN 8'Lİ YÜZÜK,Women,3.6364958725771848
KADIN 9'LU BİLEKLİK,Women,0.0
KADIN 9'LU KÜPE,Women,0.0
KADIN 9'LU YÜZÜK,Women,0.0
KADIN AKSESUAR,Women,0.0
KADIN ALTIGEN METAL GÜNEŞ GÖZLÜĞÜ,Women,0.0
KADIN AMBER - AROMATİC 100 ML PARFÜM,Women,0.0
KADIN ANAHTARLIK,Women,0.0
KADIN APLİKE PAMUKLU CAP ŞAPKA,Women,0.0
KADIN AROMATİC - FRUİTY 100 ML PARFÜM,Women,0.0
KADIN ATKI,Women,-24.52647523084629
KADIN AYICIKLI DÜZ TABAN EV TERLİĞİ,Women,0.0
KADIN AYICIKLI UZUN ÇORAP PARFÜM SETİ,Women,0.0
KADIN BAKLAVA DESENLİ ATKI,Women,0.0
KADIN BAKLAVA DESENLİ BERE,Women,0.0
KADIN BALİNA CHARM ANAHTARLIK,Women,0.0
KADIN BASKILI PAMUKLU PLAJ HAVLUSU,Women,0.0
KADIN BASKILI SUNİ DERİ CÜZDAN,Women,0.0
KADIN BAĞCIKLI YÜKSEK TABAN SUNİ DERİ TOPUKLU SANDALET,Women,0.0
KADIN BERE,Women,0.0
KADIN BEYAZ ÇİÇEKLİ KÜPE,Women,0.0
KADIN BEYAZ ÇİÇEKLİ SALLANTILI KÜPE,Women,0.0
KADIN BOXER,Women,0.0
KADIN BOZUK PARA ÇANTASI,Women,-37.46555954331019
KADIN BÜRÜMCÜK TESETTÜR ŞAL,Women,0.0
KADIN BÜYÜK KAHVE PLASTİK ÇERÇEVE KAHVE CAM UV GÜNEŞ GÖZLÜĞÜ,Women,0.0
KADIN BÜYÜK TOKA SUNİ DERİ GÜNLÜK KEMER,Women,0.0
KADIN BÜYÜK TOKA SUNİ DERİ JEAN KEMERİ,Women,0.0
KADIN BÜYÜK ÇERÇEVE GÜNEŞ GÖZLÜĞÜ,Women,0.0
KADIN BİLEKLİK,Women,-19.788412531635586
KADIN CARAMEL MUSE 100 ML PARFÜM,Women,0.0
KADIN CHARM ANAHTARLIK,Women,-14.286122460641732
KADIN CHARMLI GOLD KOLYE,Women,0.0
KADIN CHARMLI SİLVER BİLEKLİK,Women,0.0
KADIN CROCO CÜZDAN,Women,0.0
KADIN CÜZDAN,Women,-64.33462002573384
KADIN CİTY OF CALİFORNİA CUTE BEAR 50 ML PARFÜM,Women,-20.00040000800016
KADIN CİTY OF CALİFORNİA SWEET BEAR 50 ML PARFÜM,Women,-20.00040000800016
KADIN DAMA DESENLİ SUNİ DERİ CÜZDAN,Women,0.0
KADIN DAİRE GÜNEŞ GÖZLÜĞÜ,Women,0.0
KADIN DEFACTO COLD OCEAN ÇİÇEKSİ 100 ML PARFÜM,Women,0.0
KADIN DEFACTO GARDEN OF DREAMS AROMATİK 100 ML PARFÜM,Women,0.0
KADIN DEFACTO GOLD SPARKLE AROMATİK 50 ML PARFÜM,Women,0.0
KADIN DEFACTO GOLDEN DAWN AROMATİK 100 ML PARFÜM,Women,0.0
KADIN DEFACTO GREY ROSE MEYVEMSİ 100 ML PARFÜM,Women,0.0
KADIN DEFACTO GUARDIAN INTUTION AROMATİK 200 ML VÜCUT SPREYİ,Women,0.0
KADIN DEFACTO GUIDE OF SERENITY AROMATİK 200 ML VÜCUT SPREYİ,Women,0.0
KADIN DEFACTO LİLAC AROMATİK 50 ML PARFÜM,Women,0.0
KADIN DEFACTO MALACHITE TONE AROMATİK 50 ML PARFÜM,Women,0.0
KADIN DEFACTO MYSTIC AURA AROMATİK 100 ML PARFÜM,Women,0.0
KADIN DEFACTO MYSTİC NİGHT AROMATİK 100 ML PARFÜM,Women,0.0
KADIN DEFACTO NAR ÇİÇEĞİ ÇİÇEKSİ 50 ML PARFÜM,Women,0.0
KADIN DEFACTO PAMUK BAHÇESİ ÇİÇEKSİ 50 ML PARFÜM,Women,0.0
KADIN DEFACTO PORTAKAL AĞACI ÇİÇEKSİ 50 ML PARFÜM,Women,0.0
KADIN DEFACTO PRAGUE ODUNSU 50 ML PARFÜM,Women,0.0
KADIN DEFACTO PİNK AROMATİK 50 ML PARFÜM,Women,0.0
KADIN DEFACTO ROSE AROMATİK 50 ML PARFÜM,Women,0.0
KADIN DEFACTO ROSE SPARKLE AROMATİK 50 ML PARFÜM,Women,0.0
KADIN DEFACTO SCARLET KİSS AROMATİK 100 ML PARFÜM,Women,0.0
KADIN DEFACTO SHIMMER CLASS AROMATİK 100 ML PARILTILI VÜCUT YAĞI,Women,0.0
KADIN DEFACTO SHIMMER ROMANCE FLORAL - FRUİTY 100 ML PARILTILI VÜCUT YAĞI,Women,0.0
KADIN DEFACTO SILVER SPARKLE AROMATİK 50 ML PARFÜM,Women,0.0
KADIN DEFACTO STAR CRUSH MEYVEMSİ 75 ML PARFÜM,Women,0.0
KADIN DEFACTO TRUE GLAM AROMATİK 50 ML PARFÜM,Women,0.0
KADIN DEFACTO VELVET LUXE AROMATİK 100 ML PARFÜM,Women,0.0
KADIN DEFACTO WHİTE AROMATİK 50 ML PARFÜM,Women,0.0
KADIN DESENLİ 2'Lİ FULAR,Women,0.0
KADIN DESENLİ 5'Lİ PAMUKLU PATİK ÇORAP,Women,0.0
KADIN DESENLİ ATKI,Women,0.0
KADIN DESENLİ BERE,Women,0.0
KADIN DESENLİ DÜZ TABAN PANDUF,Women,0.0
KADIN DESENLİ FULAR,Women,-17.14342859047682
KADIN DESENLİ PAMUKLU BANDANA,Women,-4.285857147619198
KADIN DESENLİ PAMUKLU PLAJ HAVLUSU,Women,0.0
KADIN DESENLİ SATEN FULAR,Women,-6.785932404970152
KADIN DESENLİ SATEN UZUN PAREO,Women,0.0
KADIN DESENLİ SATEN ŞAL,Women,0.0
KADIN DESENLİ SUNİ DERİ CÜZDAN,Women,0.0
KADIN DESENLİ VUAL TESETTÜR ŞAL,Women,0.0
KADIN DESENLİ ŞAL,Women,-28.889370378395203
KADIN DOKUMA ETİKETLİ ATKI,Women,0.0
KADIN DOKUMA ETİKETLİ BERE,Women,0.0
KADIN DOKUMA ETİKETLİ KIŞLIK BERE,Women,0.0
KADIN DOKUMA ETİKETLİ TRİKO BERE,Women,0.0
KADIN DÜZ TABAN BABET,Women,0.0
KADIN DÜZ TABAN BALERİN SANDALET,Women,0.0
KADIN DÜZ TABAN BOOTİE,Women,0.0
KADIN DÜZ TABAN EV TERLİĞİ,Women,0.0
KADIN DÜZ TABAN EVA PARMAK ARASI TERLİK,Women,0.0
KADIN DÜZ TABAN EVA SANDALET,Women,0.0
KADIN DÜZ TABAN EVA TERLİK,Women,0.0
KADIN DÜZ TABAN FİLE BABET,Women,0.0
KADIN DÜZ TABAN JEAN TERLİK,Women,0.0
KADIN DÜZ TABAN LEOPAR DESENLİ TEK BANTLI EVA TERLİK,Women,0.0
KADIN DÜZ TABAN PANDUF,Women,0.0
KADIN DÜZ TABAN PARMAK ARASI TERLİK,Women,0.0
KADIN DÜZ TABAN SANDALET,Women,0.0
KADIN DÜZ TABAN SUNİ DERİ BABET,Women,0.0
KADIN DÜZ TABAN SUNİ DERİ BALERİN AYAKKABISI,Women,0.0
KADIN DÜZ TABAN SUNİ DERİ ESPADRİL,Women,0.0
KADIN DÜZ TABAN SUNİ DERİ SANDALET,Women,0.0
KADIN DÜZ TABAN SUNİ DERİ TERLİK,Women,0.0
KADIN DÜZ TABAN TEK BANTLI BABET,Women,0.0
KADIN DÜZ TABAN TEK BANTLI EVA TERLİK,Women,0.0
KADIN DÜZ TABAN TEK BANTLI SUNİ DERİ TERLİK,Women,0.0
KADIN DÜZ TABAN TEK BANTLI TERLİK,Women,0.0
KADIN DÜZ TABAN TERLİK,Women,0.0
KADIN DÜZ TABAN ÇİFT BANTLI EVA TERLİK,Women,0.0
KADIN DÜZ TABAN ÇİFT BANTLI JEAN TERLİK,Women,0.0
KADIN DÜZ TABAN ÇİFT BANTLI SUNİ DERİ TERLİK,Women,0.0
KADIN DİKDÖRTGEN GÜNEŞ GÖZLÜĞÜ,Women,0.0
KADIN DİKDÖRTGEN TOKA 2'Lİ SUNİ DERİ KEMER,Women,0.0
KADIN DİKDÖRTGEN TOKA SUNİ DERİ 2'Lİ GÜNLÜK KEMER,Women,0.0
KADIN DİKDÖRTGEN TOKA SUNİ DERİ 2'Lİ KLASİK KEMER,Women,0.0
KADIN DİKDÖRTGEN TOKA SUNİ DERİ 3'LÜ KLASİK KEMER,Women,0.0
KADIN DİKDÖRTGEN TOKA SUNİ DERİ GÜNLÜK KEMER,Women,-22.64776934178327
KADIN DİKDÖRTGEN TOKA SUNİ DERİ JEAN KEMERİ,Women,0.0
KADIN DİKDÖRTGEN TOKA SUNİ DERİ KEMER,Women,0.0
KADIN DİKDÖRTGEN TOKA SUNİ DERİ KLASİK KEMER,Women,0.0
KADIN DİKİŞ DESENLİ SUNİ DERİ CÜZDAN,Women,0.0
KADIN EL ÇANTASI,Women,-30.55576774838714
KADIN ELDİVEN,Women,0.0
KADIN ETNİK DESENLİ FULAR,Women,0.0
KADIN ETİKET BASKILI DOKUMA BEYZBOL BASKETBOL ŞAPKASI,Women,-66.25165629140727
KADIN ETİKET BASKILI DOKUMA CAP ŞAPKA,Women,0.0
KADIN ETİKET BASKILI DOKUMA VİZÖR ŞAPKA,Women,0.0
KADIN FERMUARLI SUNİ DERİ CÜZDAN,Women,0.0
KADIN FLORAL - FRUİTY 100 ML PARFÜM,Women,0.0
KADIN FLORAL - FRUİTY 15 ML PARFÜM,Women,0.0
KADIN FLORAL - GOURMAND 100 ML PARFÜM,Women,0.0
KADIN FLORAL 100 ML PARFÜM,Women,0.0
KADIN FLORAL 15 ML PARFÜM,Women,0.0
KADIN FONKSİYONEL TRİKO ELDİVEN,Women,0.0
KADIN FRUİTY - FLORAL 15 ML PARFÜM,Women,0.0
KADIN FULAR,Women,0.0
KADIN FULARLI SUNİ DERİ CÜZDAN,Women,0.0
KADIN FÜME METAL ÇERÇEVE FÜME CAM PİLOT UV GÜNEŞ GÖZLÜĞÜ,Women,0.0
KADIN FİYONK DETAYLI TRİKO BERE,Women,0.0
KADIN GARDEN OF ROME 100 ML PARFÜM,Women,0.0
KADIN GOFRE DOKULU CÜZDAN,Women,0.0
KADIN GOLD 2'Lİ KOLYE,Women,0.0
KADIN GOLD 2'Lİ ÇELİK KOLYE,Women,0.0
KADIN GOLD DETAYLI KÜPE,Women,0.0
KADIN GOLD KOLYE,Women,0.0
KADIN GOLD KÜPE,Women,0.0
KADIN GOLD PARLAK DESENLİ METAL ZİNCİR KEMER,Women,0.0
KADIN GOLD TAŞLI KOLYE,Women,0.0
KADIN GOLD YUVARLAK DESENLİ METAL ZİNCİR KEMER,Women,0.0
KADIN GOLDEN SPİCE 50 ML PARFÜM,Women,0.0
KADIN GOURMAND - FRUİTY 100 ML PARFÜM,Women,0.0
KADIN GOURMAND - FRUİTY 90 ML VÜCUT SPREYİ,Women,0.0
KADIN GOURMAND 100 ML PARFÜM,Women,0.0
KADIN GOURMAND 15 ML PARFÜM,Women,0.0
KADIN GÖZ DETAYLI ŞAHMERAN,Women,0.0
KADIN GÜNEŞ GÖZLÜĞÜ,Women,-4.925468492208279
KADIN GÜNEŞ GÖZLÜĞÜ ASKISI,Women,0.0
KADIN GÜNEŞ GÖZLÜĞÜ KILIFI,Women,0.0
KADIN GÜNEŞ GÖZLÜĞÜ ZİNCİRİ,Women,0.0
KADIN HASIR DESENLİ TOKALI CÜZDAN,Women,0.0
KADIN HASIR DETAYLI SALLANTILI KÜPE,Women,0.0
KADIN HASIR GÜNLÜK KEMER,Women,0.0
KADIN HASIR OMUZ ÇANTASI,Women,0.0
KADIN HASIR ÇAPRAZ ÇANTA,Women,0.0
KADIN HASIR ŞAPKA,Women,0.0
KADIN HAYVAN BASKILI BÜYÜK TOKA SUNİ DERİ GÜNLÜK KEMER,Women,0.0
KADIN HAYVAN BASKILI OVAL TOKA SUNİ DERİ GÜNLÜK KEMER,Women,0.0
KADIN JAKARLI TESETTÜR ŞAL,Women,1.421120999545189e-14
KADIN JEAN CÜZDAN,Women,0.0
KADIN JEAN GÖRÜNÜMLÜ CAP ŞAPKA,Women,0.0
KADIN JEL NEMLENDİRİCİ,Women,0.0
KADIN KALIN TABAN EVA TERLİK,Women,0.0
KADIN KALIN TABAN SUNİ DERİ KLASİK AYAKKABI,Women,0.0
KADIN KALP DESENLİ 3'LÜ YÜZÜK,Women,0.0
KADIN KALP DESENLİ KATLANIR ŞEMSİYE,Women,0.0
KADIN KALP DESENLİ SUNİ DERİ CÜZDAN,Women,0.0
KADIN KALP DESENLİ SUNİ DERİ PASAPORTLUK VE VALİZ İSİMLİĞİ SET,Women,0.0
KADIN KALP DETAYLI KOLYE,Women,0.0
KADIN KANVAS BÜYÜK CÜZDAN,Women,0.0
KADIN KANVAS CAP ŞAPKA,Women,0.0
KADIN KAPİTONE DESENLİ SUNİ DERİ CÜZDAN,Women,0.0
KADIN KAPİTONE SUNİ DERİ CÜZDAN,Women,0.0
KADIN KAPİTONE SUNİ DERİ NAKIŞ CÜZDAN,Women,0.0
KADIN KAPİTONE SUNİ DERİ NAKIŞLI CÜZDAN,Women,0.0
KADIN KARE DESENLİ GÖZLÜK,Women,0.0
KADIN KARE GÜNEŞ GÖZLÜĞÜ,Women,0.0
KADIN KARE KAHVE METAL ÇERÇEVE KAHVE CAM UV GÜNEŞ GÖZLÜĞÜ,Women,0.0
KADIN KARE KAHVE PLASTİK ÇERÇEVE KAHVE CAM UV GÜNEŞ GÖZLÜĞÜ,Women,0.0
KADIN KARE LEOPAR PLASTİK ÇERÇEVE YEŞİL CAM UV GÜNEŞ GÖZLÜĞÜ,Women,0.0
KADIN KARE SİYAH METAL ÇERÇEVE SİYAH CAM UV GÜNEŞ GÖZLÜĞÜ,Women,0.0
KADIN KARE TOKA SUNİ DERİ JEAN KEMERİ,Women,0.0
KADIN KARE TOKALI HASIR KEMER,Women,0.0
KADIN KARELİ ATKI,Women,0.0
KADIN KARMA METAL ÇERÇEVE DEGRADE CAM PİLOT UV GÜNEŞ GÖZLÜĞÜ,Women,0.0
KADIN KARTLIK,Women,0.0
KADIN KATLANIR ŞEMSİYE,Women,0.0
KADIN KEDİ DESENLİ SUNİ DERİ CÜZDAN,Women,0.0
KADIN KEDİ GÖZÜ GÜNEŞ GÖZLÜĞÜ,Women,0.0
KADIN KEDİ TEMALI PELÜŞ EV ÇORABI,Women,0.0
KADIN KEDİ TEMALI PELÜŞ PADUF,Women,0.0
KADIN KELEBEK BASKILI SUNİ DERİ CÜZDAN,Women,0.0
KADIN KIRMIZI DETAYLI GİYDİRİLEBİLİR CHARM ANAHTARLIK KOSTÜMÜ,Women,0.0
KADIN KIŞLIK BERE,Women,0.0
KADIN KLASİK KAHVE METAL ÇERÇEVE KAHVE CAM UV GÜNEŞ GÖZLÜĞÜ,Women,0.0
KADIN KLASİK SİYAH METAL ÇERÇEVE SİYAH CAM UV GÜNEŞ GÖZLÜĞÜ,Women,0.0
KADIN KOLYE,Women,-6.195807069089774
KADIN KONYA TEMALI FULAR,Women,0.0
KADIN KRAVAT,Women,0.0
KADIN KRAŞ TESETTÜR ŞAL,Women,0.0
KADIN KREM AYDINLATICI,Women,0.0
KADIN KREM GÖZENEK SIKILAŞTIRICI,Women,0.0
KADIN KREM GÜNEŞ KORUMA,Women,0.0
KADIN KREM GÜNEŞ KORUMA 50,Women,0.0
KADIN KREM LEKE KARŞITI BAKIM,Women,0.0
KADIN KREM NEMLENDİRİCİ,Women,-7.692366864360495
KADIN KREM ONARICI,Women,0.0
KADIN KREM SIKILAŞTIRICI,Women,0.0
KADIN KREM YAŞLANMA KARŞITI BAKIM,Women,5.5556172846364955
KADIN KROKO DESENLİ SUNİ DERİ CÜZDAN,Women,0.0
KADIN KURDELE GOLD KÜPE,Women,0.0
KADIN KURDELELİ TRİKO BERE,Women,0.0
KADIN KÖPÜK ARINDIRICI,Women,0.0
KADIN KÜPE,Women,-3.391428700211758
KADIN KİRAZ DESENLİ SUNİ DERİ CÜZDAN,Women,0.0
KADIN LAVENDER MATCHA 50 ML PARFÜM,Women,0.0
KADIN LEOPAR DESENLİ ATKI,Women,0.0
KADIN LEOPAR DESENLİ BERE,Women,0.0
KADIN LEOPAR DESENLİ BUCKET ŞAPKA,Women,0.0
KADIN LEOPAR DESENLİ DÜZ TABAN SUNİ DERİ BABET,Women,0.0
KADIN LEOPAR DESENLİ DÜZ TABAN TEK BANTLI SUNİ DERİ TERLİK,Women,0.0
KADIN LEOPAR DESENLİ DİKDÖRTGEN GÜNEŞ GÖZLÜĞÜ,Women,0.0
KADIN LEOPAR DESENLİ KARE GÜNEŞ GÖZLÜĞÜ,Women,0.0
KADIN LEOPAR DESENLİ PAMUKLU PLAJ HAVLUSU,Women,0.0
KADIN LEOPAR DESENLİ SUNİ DERİ CÜZDAN,Women,0.0
KADIN LEOPAR DESENLİ SUNİ DERİ GÜNLÜK KEMER,Women,0.0
KADIN LEOPAR DESENLİ SUNİ DERİ PASAPORTLUK VE VALİZ İSİMLİĞİ SET,Women,0.0
KADIN LEOPAR DESENLİ TEK BANTLI DÜZ TABAN BABET,Women,0.0
KADIN LEOPAR DESENLİ YÜKSEK TABAN SUNİ DERİ SANDALET,Women,0.0
KADIN LEOPAR DESENLİ YÜKSEK TABAN TOPUKLU TERLİK,Women,0.0
KADIN LEOPAR DESENLİ ÇİFT BANTLI DÜZ TABAN TERLİK,Women,0.0
KADIN LEOPAR PLASTİK ÇERÇEVE SİYAH CAM KLASİK UV GÜNEŞ GÖZLÜĞÜ,Women,0.0
KADIN LUNA SHADOW VÜCUT SPREYİ,Women,0.0
KADIN LUXE LATTE 100 ML PARFÜM,Women,0.0
KADIN MATCHA CHERRY VELVET 50 ML PARFÜM,Women,0.0
KADIN MATCHA GREEN 50 ML PARFÜM,Women,0.0
KADIN MAVİ CAM BORDO ÇERÇEVELİ GÖZLÜK,Women,0.0
KADIN MAVİ CAM KAHVERENGİ LEOPAR ÇERÇEVELİ GÖZLÜK,Women,0.0
KADIN MAVİ CAM SİYAH ÇERÇEVELİ GÖZLÜK,Women,0.0
KADIN MAVİ DETAYLI GİYDİRİLEBİLİR CHARM ANAHTARLIK KOSTÜMÜ,Women,0.0
KADIN MAVİ TAKI KUTUSU,Women,0.0
KADIN MAVİ TAŞLI ÇİÇEKLİ SİLVER BEL ZİNCİRİ,Women,0.0
KADIN MERMER BASKILI SUNİ DERİ CÜZDAN,Women,0.0
KADIN METAL SİYAH ÇERÇEVE SİYAH CAM PİLOT UV GÜNEŞ GÖZLÜĞÜ,Women,0.0
KADIN METAL ÇERÇEVELİ YUVARLAK CAM GÜNEŞ GÖZLÜĞÜ,Women,0.0
KADIN MEYVE BASKILI SUNİ DERİ CÜZDAN,Women,0.0
KADIN MEYVEMSİ 15 ML PARFÜM,Women,0.0
KADIN MOONLIT GRACE VÜCUT SPREYİ,Women,0.0
KADIN MÜRDÜM KÜPE,Women,0.0
KADIN NAKIŞ JEAN CAP ŞAPKA,Women,0.0
KADIN NAKIŞ PAMUKLU CAP ŞAPKA,Women,0.0
KADIN NAKIŞLI BANDANA,Women,-20.00040000800016
KADIN NAKIŞLI BERE,Women,0.0
KADIN NAKIŞLI JEAN GÖRÜNÜMLÜ CAP ŞAPKA,Women,0.0
KADIN NAKIŞLI KADİFE CAP ŞAPKA,Women,-30.000750018750466
KADIN NAKIŞLI KETEN CAP ŞAPKA,Women,0.0
KADIN NAKIŞLI PAMUKLU CAP ŞAPKA,Women,0.0
KADIN NAKIŞLI TRİKO BERE,Women,0.0
KADIN OMUZ ÇANTASI,Women,15.473424908500485
KADIN OUD DELİGHT 50 ML PARFÜM,Women,0.0
KADIN OVAL AÇIK KAHVE PLASTİK ÇERÇEVE AÇIK KAHVE CAM UV GÜNEŞ GÖZLÜĞÜ,Women,0.0
KADIN OVAL BEYAZ TRANSPARAN PLASTİK ÇERÇEVE PEMBE CAM UV GÜNEŞ GÖZLÜĞÜ,Women,0.0
KADIN OVAL GÜNEŞ GÖZLÜĞÜ,Women,0.0
KADIN OVAL LEOPAR PLASTİK ÇERÇEVE KAHVE CAM UV GÜNEŞ GÖZLÜĞÜ,Women,0.0
KADIN OVAL METAL GÜNEŞ GÖZLÜĞÜ,Women,0.0
KADIN OVAL SİYAH PLASTİK ÇERÇEVE SİYAH CAM UV GÜNEŞ GÖZLÜĞÜ,Women,0.0
KADIN OVAL TOKA 2'Lİ JEAN KEMERİ,Women,0.0
KADIN OVAL TOKA 2'Lİ SUNİ DERİ KEMER,Women,0.0
KADIN OVAL TOKA 3'LÜ JEAN KEMERİ,Women,0.0
KADIN OVAL TOKA SUNİ DERİ 2'Lİ GÜNLÜK KEMER,Women,0.0
KADIN OVAL TOKA SUNİ DERİ 2'Lİ JEAN KEMERİ,Women,0.0
KADIN OVAL TOKA SUNİ DERİ 3'LÜ GÜNLÜK KEMER,Women,0.0
KADIN OVAL TOKA SUNİ DERİ ELBİSE KEMERİ,Women,-50.00083334722245
KADIN OVAL TOKA SUNİ DERİ GÜNLÜK KEMER,Women,-28.714527307041564
KADIN OVAL TOKA SUNİ DERİ JEAN KEMERİ,Women,0.0
KADIN OVAL TOKA SUNİ DERİ KLASİK KEMER,Women,-51.35916600615816
KADIN PAMUKLU BERE,Women,0.0
KADIN PAMUKLU BUCKET ŞAPKA,Women,-36.96520984453183
KADIN PAMUKLU CAP ŞAPKA,Women,-39.16759922855305
KADIN PAMUKLU PELÜŞ ŞAPKA,Women,0.0
KADIN PAMUKLU ŞAPKA,Women,0.0
KADIN PAPATYA DESENLİ SUNİ DERİ CÜZDAN,Women,0.0
KADIN PELÜŞ BUCKET ŞAPKA,Women,0.0
KADIN PELÜŞ DÜZ TABAN EV TERLİĞİ,Women,0.0
KADIN PELÜŞ KULAKLIK,Women,0.0
KADIN PEMBE LİMON MOTİFLİ CHARM ANAHTARLIK,Women,0.0
KADIN PEMBE METAL ÇERÇEVE DEGRADE CAM PİLOT UV GÜNEŞ GÖZLÜĞÜ,Women,0.0
KADIN PONPONLU BERE,Women,0.0
KADIN PUANTİYELİ SATEN FULAR,Women,0.0
KADIN PUANTİYELİ TERMAL KÜLOTLU ÇORAP,Women,0.0
KADIN PUANTİYELİ ŞAL,Women,0.0
KADIN RENK BLOKLU ATKI,Women,0.0
KADIN SALLANTILI HASIR DETAYLI KÜPE,Women,0.0
KADIN SATEN FULAR,Women,0.0
KADIN SATEN ŞAL,Women,0.0
KADIN SAÇ AKSESUARI,Women,-0.9868784639434143
KADIN SAÇ TOKASI,Women,-24.445530912484998
KADIN SERUM AYDINLATICI,Women,0.0
KADIN SERUM NEMLENDİRİCİ,Women,0.0
KADIN SERUM SIKILAŞTIRICI,Women,0.0
KADIN SERUM YAŞLANMA KARŞITI BAKIM,Women,18.181983472577024
KADIN SERUM YENİLEYİCİ,Women,0.0
KADIN SOFT KRAŞLI TESETTÜR ŞAL,Women,0.0
KADIN STİCK GÜNEŞ KORUMA 50,Women,0.0
KADIN SUNSET OF BARCELONA 100 ML PARFÜM,Women,0.0
KADIN SUNİ DERİ 2'Lİ ELBİSE KEMERİ,Women,0.0
KADIN SUNİ DERİ 2'Lİ GÜNLÜK KEMER,Women,0.0
KADIN SUNİ DERİ 2'Lİ JEAN KEMERİ,Women,0.0
KADIN SUNİ DERİ 3'LÜ GÜNLÜK KEMER,Women,0.0
KADIN SUNİ DERİ 3'LÜ JEAN KEMERİ,Women,0.0
KADIN SUNİ DERİ BAGET ÇANTA,Women,0.0
KADIN SUNİ DERİ BOZUK PARA ÇANTASI,Women,0.0
KADIN SUNİ DERİ CROCO CÜZDAN,Women,0.0
KADIN SUNİ DERİ CÜZDAN,Women,-33.82184937058614
KADIN SUNİ DERİ DESENLİ CÜZDAN,Women,0.0
KADIN SUNİ DERİ ELBİSE KEMERİ,Women,0.0
KADIN SUNİ DERİ ELDİVEN,Women,0.0
KADIN SUNİ DERİ FERMUARLI CÜZDAN,Women,0.0
KADIN SUNİ DERİ GÜNEŞ GÖZLÜĞÜ KILIFI,Women,0.0
KADIN SUNİ DERİ GÜNLÜK KEMER,Women,-64.00128002560052
KADIN SUNİ DERİ JEAN KEMERİ,Women,-26.04737987390278
KADIN SUNİ DERİ KARTLIK,Women,20.834412258253842
KADIN SUNİ DERİ KEMER,Women,0.0
KADIN SUNİ DERİ KLASİK KEMER,Women,0.0
KADIN SUNİ DERİ ÇANTA,Women,0.0
KADIN SUNİ KÜRK ATKI,Women,0.0
KADIN SUNİ KÜRK BUCKET ŞAPKA,Women,-26.667111118518644
KADIN SWEET CANDY 50 ML PARFÜM,Women,0.0
KADIN SÜET CÜZDAN,Women,0.0
KADIN SÜET ELDİVEN,Women,0.0
KADIN SİLVER 2'Lİ ÇELİK KOLYE,Women,0.0
KADIN SİLVER PARLAK DESENLİ METAL ZİNCİR KEMER,Women,0.0
KADIN SİMLİ BERE,Women,0.0
KADIN SİNCAP TEMALI CHARM ANAHTARLIK,Women,0.0
KADIN SİYAH KURDELELİ GOLD CHARM ANAHTARLIK,Women,0.0
KADIN SİYAH METAL ÇERÇEVE DEGRADE CAM PİLOT UV GÜNEŞ GÖZLÜĞÜ,Women,0.0
KADIN SİYAH METAL ÇERÇEVE SİYAH CAM PİLOT UV GÜNEŞ GÖZLÜĞÜ,Women,0.0
KADIN SİYAH SALLANTILI KÜPE,Women,-30.000750018750466
KADIN TAVŞAN TEMALI DÜZ TABAN PANDUF,Women,0.0
KADIN TAŞLI DÜZ TABAN SUNİ DERİ BABET,Women,0.0
KADIN TAŞLI DÜZ TABAN SUNİ DERİ SANDALET,Women,0.0
KADIN TAŞLI TEK BANTLI DÜZ TABAN TERLİK,Women,0.0
KADIN TEK BANTLI DÜZ TABAN BABET,Women,0.0
KADIN TEK BANTLI DÜZ TABAN TERLİK,Women,0.0
KADIN TEK BANTLI YÜKSEK TABAN SUNİ DERİ SANDALET,Women,0.0
KADIN TEK BANTLI YÜKSEK TABAN TOPUKLU AYAKKABI,Women,0.0
KADIN TESETTÜR ŞAL,Women,0.0
KADIN TOKA DETAYLI KROKO DESENLİ SUNİ DERİ CÜZDAN,Women,0.0
KADIN TOKA DETAYLI SUNİ DERİ CÜZDAN,Women,0.0
KADIN TONİK ARINDIRICI,Women,0.0
KADIN TONİK GÖZENEK SIKILAŞTIRICI,Women,0.0
KADIN TONİK NEMLENDİRİCİ,Women,0.0
KADIN TONİK SİYAH NOKTA ÖNLEYİCİ,Women,0.0
KADIN TONİK YAŞLANMA KARŞITI BAKIM,Women,0.0
KADIN TONİK YENİLEYİCİ,Women,0.0
KADIN TRİKO 2'Lİ ELDİVEN,Women,0.0
KADIN TRİKO ATKI,Women,0.0
KADIN TRİKO BERE,Women,0.0
KADIN TRİKO BOYUNLUK,Women,0.0
KADIN TRİKO BUCKET ŞAPKA,Women,0.0
KADIN TRİKO ELDİVEN,Women,0.0
KADIN TURUNCU İP DETAYLI GOLD KÜPE,Women,0.0
KADIN UZAY BASKILI SUNİ DERİ CÜZDAN,Women,0.0
KADIN UZUN PAREO,Women,0.0
KADIN VANİLLA - FLORAL 100 ML PARFÜM,Women,0.0
KADIN VANİLLA - FLORAL PARFÜM,Women,0.0
KADIN VELVET HEART 100 ML PARFÜM,Women,0.0
KADIN VELVET PARIS 100 ML PARFÜM,Women,0.0
KADIN VUAL TESETTÜR ŞAL,Women,0.0
KADIN VİZÖR ŞAPKA,Women,0.0
KADIN WAFFLE CREAM 100 ML PARFÜM,Women,0.0
KADIN WHISPERS OF AMSTERDAM 100 ML PARFÜM,Women,0.0
KADIN WOVEN MOCHA 100 ML PARFÜM,Women,0.0
KADIN YAPIŞKANLI GÖĞÜS TOPARLAYICI,Women,0.0
KADIN YAPRAK DESENLİ SUNİ DERİ CÜZDAN,Women,0.0
KADIN YEŞİL FİL CHARM ANAHTARLIK,Women,0.0
KADIN YEŞİL PLASTİK ÇERÇEVE YEŞİL CAM OVAL UV GÜNEŞ GÖZLÜĞÜ,Women,0.0
KADIN YEŞİL TAKI KUTUSU,Women,0.0
KADIN YEŞİL İPLİ GOLD BİLEKLİK,Women,0.0
KADIN YILAN DERİSİ DESENLİ GÜNEŞ GÖZLÜĞÜ KILIFI,Women,0.0
KADIN YILBAŞI AĞACI TEMALI KÜPE,Women,0.0
KADIN YILBAŞI AĞAÇ TEMALI TAÇ,Women,0.0
KADIN YILBAŞI BASTON ŞEKER TEMALI TAÇ,Women,0.0
KADIN YILBAŞI GEYİK TEMALI MANDAL TOKA,Women,0.0
KADIN YILBAŞI GEYİK TEMALI TAÇ,Women,0.0
KADIN YILBAŞI KARDAN ADAM TEMALI 3'LÜ MANDAL TOKA,Women,0.0
KADIN YILBAŞI TEMALI 2'Lİ LASTİK TOKA,Women,0.0
KADIN YILBAŞI TEMALI 3'LÜ KÜPE,Women,0.0
KADIN YILBAŞI TEMALI 3'LÜ LASTİK TOKA,Women,0.0
KADIN YILBAŞI TEMALI 3'LÜ SİLVER KÜPE,Women,0.0
KADIN YILBAŞI TEMALI 6'LI KÜPE,Women,0.0
KADIN YILBAŞI TEMALI 9'LU KÜPE,Women,0.0
KADIN YILBAŞI TEMALI BASTON ŞEKER FİGÜRLÜ 2'Lİ ÇITÇITLI TOKA,Women,0.0
KADIN YILBAŞI TEMALI DEFACTO CASHMERE ELEGANCE AROMATİK 125 ML MUMLUK,Women,0.0
KADIN YILBAŞI TEMALI DEFACTO VELVET AMBER AROMATİK 125 ML MUMLUK,Women,0.0
KADIN YILBAŞI TEMALI DOKUMA ATKI,Women,0.0
KADIN YILBAŞI TEMALI DÜZ TABAN EV TERLİĞİ,Women,0.0
KADIN YILBAŞI TEMALI DÜZ TABAN PANDUF,Women,0.0
KADIN YILBAŞI TEMALI KIRMIZI FİYONK TOKA,Women,0.0
KADIN YILBAŞI TEMALI KIRMIZI MANDAL TOKA,Women,0.0
KADIN YILBAŞI TEMALI PARILTILI FİYONK 3'LÜ TOKA,Women,0.0
KADIN YILBAŞI TEMALI PARILTILI MANDAL TOKA,Women,0.0
KADIN YILBAŞI TEMALI PELÜŞ MANDAL TOKA,Women,0.0
KADIN YILBAŞI TEMALI TAÇ,Women,0.0
KADIN YILBAŞI TEMALI YEŞİL PULLU FİYONK TOKA,Women,0.0
KADIN YILBAŞI TEMALI ÇITÇITLI 2'Lİ TOKA,Women,0.0
KADIN YILBAŞI ÇAM AĞAÇI TEMALI TAÇ,Women,0.0
KADIN YILBAŞI ŞAPKA TEMALI TAÇ,Women,0.0
KADIN YILBAŞI ŞAPKALI TAÇ,Women,0.0
KADIN YUVARLAK DESENLİ GÖZLÜK,Women,0.0
KADIN YUVARLAK GÜNEŞ GÖZLÜĞÜ,Women,0.0
KADIN YUVARLAK KREM PLASTİK ÇERÇEVE KAHVE CAM UV GÜNEŞ GÖZLÜĞÜ,Women,0.0
KADIN YUVARLAK LEOPAR ÇERÇEVE KAHVE CAM UV GÜNEŞ GÖZLÜĞÜ,Women,0.0
KADIN YUVARLAK MAVİ PLASTİK ÇERÇEVE DEGRADE CAM UV GÜNEŞ GÖZLÜĞÜ,Women,0.0
KADIN YUVARLAK PEMBE PLASTİK ÇERÇEVE PEMBE CAM UV GÜNEŞ GÖZLÜĞÜ,Women,0.0
KADIN YUVARLAK SİYAH PLASTİK ÇERÇEVE SİYAH CAM UV GÜNEŞ GÖZLÜĞÜ,Women,0.0
KADIN YUVARLAK TURUNCU PLASTİK ÇERÇEVE KAHVE CAM UV GÜNEŞ GÖZLÜĞÜ,Women,0.0
KADIN YUVARLAK ŞEFFAF METAL ÇERÇEVE DEGRADE CAM UV GÜNEŞ GÖZLÜĞÜ,Women,0.0
KADIN YUVARLAK ŞEFFAF METAL ÇERÇEVE KAHVE CAMUV GÜNEŞ GÖZLÜĞÜ,Women,0.0
KADIN YUVARLAK ŞEFFAF PLASTİK ÇERÇEVE DEGRADE CAM UV GÜNEŞ GÖZLÜĞÜ,Women,0.0
KADIN YUVARLAK ŞEFFAF PLASTİK ÇERÇEVE KAHVE CAM UV GÜNEŞ GÖZLÜĞÜ,Women,0.0
KADIN YÜKSEK TABAN EVA PARMAK ARASI TERLİK,Women,0.0
KADIN YÜKSEK TABAN EVA TERLİK,Women,0.0
KADIN YÜKSEK TABAN JEAN TOPUKLU SANDALET,Women,0.0
KADIN YÜKSEK TABAN PLASTİK TERLİK,Women,0.0
KADIN YÜKSEK TABAN SUNİ DERİ SANDALET,Women,0.0
KADIN YÜKSEK TABAN SUNİ DERİ TOPUKLU SANDALET,Women,0.0
KADIN YÜKSEK TABAN SUNİ DERİ TOPUKLU TERLİK,Women,0.0
KADIN YÜKSEK TABAN TEK BANTLI TERLİK,Women,0.0
KADIN YÜKSEK TABAN TOPUKLU SANDALET,Women,0.0
KADIN YÜKSEK TABAN ÇİFT BANTLI EVA TERLİK,Women,0.0
KADIN YİLBAŞI TEMALI MANDAL TOKA,Women,0.0
KADIN ZEBRA DESENLİ PAMUKLU PLAJ HAVLUSU,Women,0.0
KADIN ZEBRA DESENLİ SATEN FULAR,Women,0.0
KADIN ZEBRA DESENLİ SUNİ DERİ CÜZDAN,Women,0.0
KADIN ZEBRA DESENLİ UZUN PAREO,Women,0.0
KADIN ZIMBA DETAYLI SUNİ DERİ CÜZDAN,Women,0.0
KADIN ZÜRAFA TEMALI DÜZ TABAN EV TERLİĞİ,Women,0.0
KADIN ZİNCİR DETAYLI SUNİ DERİ KEMER,Women,0.0
KADIN ÇANTA,Women,0.0
KADIN ÇAPRAZ ÇANTA,Women,-36.413399696301376
KADIN ÇİFT BANTLI DÜZ TABAN TERLİK,Women,0.0
KADIN ÇİFT BANTLI YÜKSEK TABAN SUNİ DERİ TOPUKLU SANDALET,Women,0.0
KADIN ÇİFT TARAFLI TOKA SUNİ DERİ GÜNLÜK KEMER,Women,-20.00040000800016
KADIN ÇİZGİLİ BANDANA,Women,-20.00040000800016
KADIN ÇİZGİLİ KRAVAT,Women,0.0
KADIN ÇİZGİLİ SATEN FULAR,Women,0.0
KADIN ÇİÇEK DESENLİ PAMUKLU PLAJ HAVLUSU,Women,0.0
KADIN ÇİÇEK DESENLİ SUNİ DERİ CÜZDAN,Women,0.0
KADIN ÇİÇEK MOTİFLİ MANDAL TOKA,Women,0.0
KADIN ÇİÇEKLİ DESENLİ SUNİ DERİ CÜZDAN,Women,0.0
KADIN ÇİÇEKLİ DÜZ TABAN SUNİ DERİ TERLİK,Women,0.0
KADIN ÇİÇEKLİ FULAR,Women,0.0
KADIN ÇİÇEKLİ GOLD KÜPE,Women,0.0
KADIN ÇİÇEKLİ SUNİ DERİ PASAPORTLUK VE VALİZ İSİMLİĞİ SET,Women,0.0
KADIN ÇİÇEKLİ TESETTÜR ŞAL,Women,0.0
KADIN ÖRGÜ DESENLİ GÜNEŞ GÖZLÜĞÜ KILIFI,Women,0.0
KADIN ÖRME BUCKET ŞAPKA,Women,0.0
KADIN İNCİ DETAYLI DÜZ TABAN TERLİK,Women,0.0
KADIN İNCİ DETAYLI TEK BANTLI DÜZ TABAN TERLİK,Women,0.0
KADIN İNCİLİ 3'LÜ GOLD KÜPE,Women,0.0
KADIN İNCİLİ TEK BANTLI DÜZ TABAN TERLİK,Women,0.0
KADIN ŞAL,Women,-7.500125002083367
KADIN ŞAL DESENLİ ATKI,Women,-24.000342862040885
KADIN ŞAL DESENLİ SATEN ŞAL,Women,0.0
KADIN ŞEMSİYE,Women,0.0
KADIN ŞÖNİL ELDİVEN,Women,0.0
KADİFE,Women,0.0
KADİFE ELBİSE,Women,0.0
KADİFE FERMUARLI CEKET KIZ ÇOCUK,Kids-Baby,-35.384887576058276
KADİFE MİNİ ELBİSE,Women,0.0
KADİFE YAKA MONT,Women,0.0
KADİFE YAKA MONT ERKEK ÇOCUK,Kids-Baby,-18.750117188232426
KADİN YILBAŞI PANDA TEMALI MANDAL TOKA,Women,0.0
KAKTÜSLÜ BLOK SET,Women,0.0
KALEM ETEK,Women,0.0
KALEM FLORAL TÜL ETEK,Women,0.0
KALEM MAXİ ETEK,Women,0.0
KALEM MİDİ ETEK,Women,0.0
KALEM MİNİ ETEK,Women,0.0
KALEM PUANTİYELİ NORMAL BEL BÜRÜMCÜK MİDİ ETEK,Women,0.0
KALIN BASIC SWEATSHİRT,Women,0.0
KALIN KUMAŞ 2'Lİ TAKIM,Men,0.0
KALIN KUMAŞ 2'Lİ TAKIM,Women,0.0
KALIN KUMAŞ SWEATSHİRT,Women,0.0
KALP CEPLİ DENİM CEKET KIZ BEBEK,Kids-Baby,0.0
KALP DESENLİ 2'Lİ ATLET KIZ ÇOCUK,Kids-Baby,0.0
KALP DESENLİ FİTİLLİ KAŞKORSE 2'Lİ TAKIM KIZ BEBEK,Kids-Baby,-40.00050000625008
KALP DESENLİ FİTİLLİ KAŞKORSE KISA KOLLU TİŞÖRT KIZ BEBEK,Kids-Baby,0.0
KALP DESENLİ KAPÜŞONLU FERMUARLI SWEATSHİRT KIZ BEBEK,Kids-Baby,0.0
KALP DESENLİ KAYDIRMAZ TABAN 40 DENYE KÜLOTLU ÇORAP KIZ BEBEK,Kids-Baby,0.0
KALP DESENLİ KISA KOLLU YAZLIK ELBİSE KIZ BEBEK,Kids-Baby,0.0
KALP DESENLİ MAYO KIZ BEBEK,Kids-Baby,0.0
KALP DESENLİ PAMUKLU CAP ŞAPKA KIZ ÇOCUK,Kids-Baby,0.0
KALP DESENLİ PENYE 2'Lİ BOXER KIZ ÇOCUK,Kids-Baby,0.0
KALP DESENLİ RİBANA SLİP KÜLOT KIZ ÇOCUK,Kids-Baby,0.0
KALP DESENLİ TİŞÖRT KIZ BEBEK,Kids-Baby,0.0
KALP PATCHLİ PAMUKLU PANTOLON KIZ BEBEK,Kids-Baby,-20.00020000200002
KALP YAKA PUANTİYELİ BÜRÜMCÜK ASKILI MAXİ ELBİSE,Women,0.0
KALPLİ FİTİLLİ KAŞKORSE TİŞÖRT KIZ ÇOCUK,Kids-Baby,0.0
KALPLİ JEAN SALOPET TULUM KIZ BEBEK,Kids-Baby,0.0
KALPLİ PENYE TİŞÖRT KIZ BEBEK,Kids-Baby,0.0
KALPLİ PİJAMA TAKIMI,Women,0.0
KALPLİ SWEATSHIRT ÇİZİLİ ALT 2'Lİ TAKIM KIZ BEBEK,Kids-Baby,-30.00037500468756
KAMUFLAJ DESENLİ GABARDİN ŞORT ERKEK ÇOCUK,Kids-Baby,0.0
KANVAS BEL ÇANTASI,Men,0.0
KANVAS BEL ÇANTASI ERKEK ÇOCUK,Kids-Baby,-20.00040000800016
KANVAS OMUZ ÇANTASI,Women,0.0
KANVAS PLAJ ÇANTASI,Women,0.0
KAPLAN BASKILI UZUN KOLLU TULUM ERKEK BEBEK YENİDOĞAN,Kids-Baby,0.0
KAPLI DOLGULU BRALET,Women,0.0
KAPLI DOLGUSUZ BRALET,Women,0.0
KAPLI DOLGUSUZ TİŞÖRT BRA,Women,0.0
KAPLI FULL PUSH UP TİŞÖRT BRA,Women,0.0
KAPLI PEDLİ BRA,Women,0.0
KAPLI PEDLİ BRALET,Women,0.0
KAPLI PEDLİ SEAMLES BRA,Women,0.0
KAPLI PEDLİ STRAPLEZ SÜTYEN,Women,0.0
KAPLI PEDLİ TİŞÖRT BRA,Women,0.0
KAPLI PEDSİZ BALKONET SÜTYEN,Women,0.0
KAPLI PEDSİZ TİŞÖRT BRA,Women,0.0
KAPLI PUSH UP BÜYÜK BEDEN SÜTYEN,Women,0.0
KAPLI YARIM DOLGULU BALKONET SÜTYEN,Women,0.0
KAPLI YARIM DOLGULU BRA,Women,0.0
KAPLI YARIM DOLGULU STRAPLEZ SÜTYEN,Women,0.0
KAPLI YARIM DOLGULU TİŞÖRT BRA,Women,0.0
KAPRİ,Women,0.0
KAPSIZ BRA,Kids-Baby,0.0
KAPSIZ PEDSİZ BALKONET SÜTYEN,Women,0.0
KAPSIZ PEDSİZ BRALET,Women,0.0
KAPSIZ PEDSİZ TRİANGLE BRA,Women,0.0
KAPSIZ PEDSİZ TİŞÖRT BRA,Women,0.0
KAPÜŞONLU 2'Lİ SWEATSHIRT ERKEK BEBEK,Kids-Baby,-12.500156251953149
KAPÜŞONLU BASIC FERMUARLI TRİKO HIRKA,Women,0.0
KAPÜŞONLU BASKILI ATLET ERKEK ÇOCUK,Kids-Baby,0.0
KAPÜŞONLU BASKILI FERMUARLI SWEATSHİRT,Women,0.0
KAPÜŞONLU BASKILI OKUL SWEATSHİRT ERKEK ÇOCUK,Kids-Baby,0.0
KAPÜŞONLU BASKILI SKUBA DALGIÇ KUMAŞ KOLSUZ SWEATSHİRT ERKEK ÇOCUK,Kids-Baby,-16.66694444907415
KAPÜŞONLU BASKILI SWEATSHIRT KIZ ÇOCUK,Kids-Baby,-47.50059375742197
KAPÜŞONLU BASKILI SWEATSHİRT ERKEK ÇOCUK,Kids-Baby,0.0
KAPÜŞONLU BASKILI UZUN KOLLU TİŞÖRT ERKEK ÇOCUK,Kids-Baby,0.0
KAPÜŞONLU BASKILI İÇİ YUMUŞAK TÜYLÜ OKUL SWEATSHİRT ERKEK ÇOCUK,Kids-Baby,0.0
KAPÜŞONLU BASKILI İÇİ YUMUŞAK TÜYLÜ SWEATSHİRT ERKEK ÇOCUK,Kids-Baby,0.0
KAPÜŞONLU BASİC DÜZ CEPLİ OKUL FERMUARLI SWEATSHİRT KIZ ÇOCUK,Kids-Baby,0.0
KAPÜŞONLU BASİC DÜZ OKUL FERMUARLI SWEATSHİRT ERKEK ÇOCUK,Kids-Baby,0.0
KAPÜŞONLU BATİK DESENLİ SWEATSHİRT ERKEK ÇOCUK,Kids-Baby,0.0
KAPÜŞONLU CEPLİ KAŞE PARKA KIZ ÇOCUK,Kids-Baby,0.0
KAPÜŞONLU CEPLİ ÇITÇITLI FERMUARLI ŞİŞME MONT KIZ BEBEK,Kids-Baby,0.0
KAPÜŞONLU DENİM CEKET KIZ BEBEK,Kids-Baby,0.0
KAPÜŞONLU DÜĞMELİ DENİM CEKET ERKEK BEBEK,Kids-Baby,0.0
KAPÜŞONLU FERMUARLI KAPİTONELİ ŞİŞME MONT KIZ BEBEK,Kids-Baby,0.0
KAPÜŞONLU FERMUARLI MONT ERKEK BEBEK,Kids-Baby,0.0
KAPÜŞONLU FERMUARLI PARKA KIZ ÇOCUK,Kids-Baby,0.0
KAPÜŞONLU FERMUARLI SWEATSHİRT ERKEK ÇOCUK,Kids-Baby,0.0
KAPÜŞONLU FERMUARLI SWEATSHİRT KIZ ÇOCUK,Kids-Baby,0.0
KAPÜŞONLU FERMUARLI YAĞMURLUK KIZ ÇOCUK,Kids-Baby,-10.000066667111113
KAPÜŞONLU FERMUARLI ÇITÇITLI KAPİTONELİ MONT KIZ ÇOCUK,Kids-Baby,0.0
KAPÜŞONLU FERMUARLI ÇITÇITLI ŞİŞME MONT KIZ BEBEK,Kids-Baby,0.0
KAPÜŞONLU FERMUARLI ÇOK RENKLİ ÇITÇITLI FERMUARLI ŞİŞME MONT KIZ BEBEK,Kids-Baby,0.0
KAPÜŞONLU FERMUARLI ŞİŞME MONT KIZ ÇOCUK,Kids-Baby,0.0
KAPÜŞONLU JEAN CEKET ERKEK ÇOCUK,Kids-Baby,0.0
KAPÜŞONLU KANGURU CEPLİ BASKILI SWEATSHİRT ERKEK ÇOCUK,Kids-Baby,0.0
KAPÜŞONLU KARELİ CEKET,Women,0.0
KAPÜŞONLU LEOPAR DESENLİ FERMUARLI PELÜŞ MONT KIZ BEBEK,Kids-Baby,0.0
KAPÜŞONLU NAKIŞLI KOLSUZ SWEATSHİRT ERKEK ÇOCUK,Kids-Baby,0.0
KAPÜŞONLU OKUL FERMUARLI SWEATSHİRT ERKEK ÇOCUK,Kids-Baby,0.0
KAPÜŞONLU POLAR PELERİN KOSTÜM ERKEK ÇOCUK,Kids-Baby,0.0
KAPÜŞONLU POLAR PELERİN KOSTÜM KIZ ÇOCUK,Kids-Baby,0.0
KAPÜŞONLU PİKE FERMUARLI SWEATSHİRT ERKEK ÇOCUK,Kids-Baby,0.0
KAPÜŞONLU SIRT BASKILI İÇİ YUMUŞAK TÜYLÜ SWEATSHİRT ERKEK ÇOCUK,Kids-Baby,0.0
KAPÜŞONLU SUNİ DERİ MONT KIZ ÇOCUK,Kids-Baby,-10.000066667111113
KAPÜŞONLU TRİKO HIRKA KIZ BEBEK,Kids-Baby,0.0
KAPÜŞONLU YAĞMURLUK KIZ ÇOCUK,Kids-Baby,-10.000066667111113
KAPÜŞONLU ÇITÇITLI CEPLİ MONT KIZ BEBEK,Kids-Baby,0.0
KAPÜŞONLU ÇITÇITLI MONT KIZ BEBEK,Kids-Baby,0.0
KAPÜŞONLU İÇİ YUMUŞAK TÜYLÜ BASKILI SWEATSHİRT ERKEK ÇOCUK,Kids-Baby,0.0
KAPÜŞONLU İÇİ YUMUŞAK TÜYLÜ FERMUARLI SWEATSHİRT KIZ ÇOCUK,Kids-Baby,0.0
KAPÜŞONLU ŞİŞME YELEK KIZ BEBEK,Kids-Baby,0.0
KAPÜŞONU YASTIK OLABİLEN KADİFE PİJAMA ELBİSE KIZ ÇOCUK,Kids-Baby,0.0
KARE YAKA BASIC YIRTMAÇLI ASKILI MİDİ SİYAH ELBİSE,Women,0.0
KARE YAKA BASIC ÇITÇITLI BODY,Women,0.0
KARE YAKA BODYSUİT,Women,0.0
KARE YAKA PAMUKLU GÖMLEK KIZ BEBEK,Kids-Baby,0.0
KARE YAKA PUANTİYELİ DESENLİ KOLSUZ MİDİ ELBİSE,Women,0.0
KARELİ ATKI ERKEK ÇOCUK,Kids-Baby,0.0
KARELİ ATKI KIZ ÇOCUK,Kids-Baby,0.0
KARELİ DOKUMA ATKI ERKEK ÇOCUK,Kids-Baby,0.0
KARELİ DOKUMA ATKI KIZ ÇOCUK,Kids-Baby,0.0
KARELİ ELBİSE KIZ BEBEK,Kids-Baby,0.0
KARELİ FLANEL UZUN KOLLU GÖMLEK ERKEK BEBEK,Kids-Baby,-38.33397223287054
KARELİ GOFRE DOKULU BLUZ,Women,-30.00030000300003
KARELİ GOFRE DOKULU UZUN KOLLU GÖMLEK ERKEK BEBEK,Kids-Baby,0.0
KARELİ KEMERLİ KOLSUZ ELBİSE KIZ ÇOCUK,Kids-Baby,0.0
KARELİ UZUN KOLLU GÖMLEK KIZ ÇOCUK,Kids-Baby,0.0
KARELİ ŞORT PİJAMA ALTI,Women,0.0
KARGO CEP ŞORT KIZ ÇOCUK,Kids-Baby,0.0
KARGO CEPLİ ESNEK BANTLI JOGGER PAÇA JEAN PANTOLON ERKEK ÇOCUK,Kids-Baby,0.0
KARGO CEPLİ JOGGER FİT PANTOLON ERKEK ÇOCUK,Kids-Baby,0.0
KARGO CEPLİ JOGGER PAÇA PARAŞÜT PANTOLON ERKEK ÇOCUK,Kids-Baby,0.0
KARGO CEPLİ STANDART PAÇA GABARDİN JOGGER PANTOLON ERKEK ÇOCUK,Kids-Baby,0.0
KARGO FIT GABARDİN BERMUDA,Men,0.0
KARGO FIT JEAN BERMUDA,Men,0.0
KARGO FIT PANTOLON ERKEK BEBEK,Kids-Baby,-20.00040000800016
KARGO FİT BASKILI EŞOFMAN ALTI ERKEK BEBEK,Kids-Baby,-30.000750018750466
KARGO FİT BELİ LASTKLİ BASKILI EŞOFMAN ALTI ERKEK ÇOCUK,Kids-Baby,0.0
KARGO FİT BELİ LASTİKLİ BASKILI EŞOFMAN ALTI ERKEK ÇOCUK,Kids-Baby,0.0
KARGO FİT BELİ LASTİKLİ EŞOFMAN ALTI ERKEK ÇOCUK,Kids-Baby,0.0
KARGO FİT BELİ LASTİKLİ JEAN PANTOLON ERKEK ÇOCUK,Kids-Baby,-20.00020000200002
KARGO FİT JOGGER PAÇA GABARDİN PANTOLON ERKEK BEBEK,Kids-Baby,-30.00037500468756
KARGO FİT PAMUKLU PANTOLON KIZ ÇOCUK,Kids-Baby,0.0
KARGO FİT PARAŞÜT ŞORT ERKEK ÇOCUK,Kids-Baby,0.0
KARGO GABARDİN JOGGER PANTOLON ERKEK ÇOCUK,Kids-Baby,0.0
KARGO GABARDİN PANTOLON ERKEK ÇOCUK,Kids-Baby,-44.00044000440004
KARGO JOGGER ESNEK BANTLI PAÇA JEAN PANTOLON ERKEK ÇOCUK,Kids-Baby,0.0
KARGO JOGGER GABARDİN PANTOLON ERKEK ÇOCUK,Kids-Baby,-20.00020000200002
KARGO JOGGER PANTOLON,Men,0.0
KARGO JOGGER PAÇA GABARDİN OKUL PANTOLONU ERKEK ÇOCUK,Kids-Baby,0.0
KARGO JOGGER STANDART PAÇA GABARDİN PANTOLON ERKEK ÇOCUK,Kids-Baby,0.0
KARPUZ DESENLİ MAYO KIZ BEBEK,Kids-Baby,0.0
KATLAMALI PAÇA JEAN PANTOLON,Women,-30.00021428724491
KAYDIRMAZ TABAN 3'LÜ PAMUKLU HAVLU ÇORAP ERKEK BEBEK,Kids-Baby,0.0
KAYDIRMAZ TABAN 3'LÜ PAMUKLU HAVLU ÇORAP KIZ BEBEK,Kids-Baby,0.0
KAYDIRMAZ TABAN 3'LÜ PAMUKLU UZUN ÇORAP ERKEK BEBEK,Kids-Baby,0.0
KAYDIRMAZ TABAN 3'LÜ PAMUKLU UZUN ÇORAP KIZ BEBEK,Kids-Baby,0.0
KAYDIRMAZ TABAN 5'Lİ PAMUKLU HAVLU ÇORAP ERKEK BEBEK,Kids-Baby,0.0
KAYDIRMAZ TABAN 5'Lİ PAMUKLU PATİK ÇORAP ERKEK BEBEK,Kids-Baby,0.0
KAYDIRMAZ TABAN 5'Lİ PAMUKLU UZUN ÇORAP ERKEK BEBEK,Kids-Baby,0.0
KAYDIRMAZ TABAN 5'Lİ PAMUKLU UZUN ÇORAP KIZ BEBEK,Kids-Baby,0.0
KAYDIRMAZ TABAN 7'Lİ PAMUKLU UZUN ÇORAP ERKEK BEBEK,Kids-Baby,0.0
KAYIK TİŞÖRT,Women,0.0
KAYIK YAKA BASIC MİNİ ABİYE ELBİSE,Women,0.0
KAYIK YAKA BASIC MİNİ ELBİSE,Women,0.0
KAYIK YAKA BASIC TRİKO KAZAK,Women,0.0
KAYIK YAKA KOLSUZ MİNİ ELBİSE,Women,0.0
KAYIK YAKA MİNİ ELBİSE,Women,0.0
KAYIK YAKA PENYE TİŞÖRT KIZ ÇOCUK,Kids-Baby,-44.00088001760035
KAYIK YAKA RİBANA TİŞÖRT KIZ ÇOCUK,Kids-Baby,0.0
KAYIK YAKA TRİKO KAZAK,Women,-25.000312503906297
KAYIK YAKA UZUN KOLLU TİŞÖRT,Women,-7.69242603732365
KAYIK YAKA YARIM KOLLU TİŞÖRT,Women,-20.00025000312504
KAYIK YAKA ÇİÇEKLİ TRİKO KAZAK,Women,0.0
KAYKAY BASKILI 2'Lİ TAKIM ERKEK BEBEK,Kids-Baby,-5.00006250078126
KAYKAY BASKILI TİŞÖRT ERKEK BEBEK,Kids-Baby,0.0
KAZAK,Women,-17.89492520973905
KAZAK ERKEK ÇOCUK,Kids-Baby,-30.00042857755111
KAÇIK YAKA BASIC YARIM KOLLU BLUZ,Women,0.0
KAÇIK YAKA YARIM KOL ELBİSE,Women,0.0
KAŞE,Women,0.0
KAŞE KARELİ UZUN KOLLU GÖMLEK KIZ ÇOCUK,Kids-Baby,0.0
KAŞE MONT KIZ ÇOCUK,Kids-Baby,-20.000125000781253
KAŞKORSE KISA KOLLU TİŞÖRT,Women,0.0
KELEBEK DESENLİ KISA KOLLU YAZLIK ELBİSE KIZ BEBEK,Kids-Baby,0.0
KEMER DETAYLI TULUM KIZ ÇOCUK,Kids-Baby,0.0
KEMERLİ BLAZER CEKET,Women,0.0
KEMERLİ JEAN ŞORT ETEK KIZ ÇOCUK,Kids-Baby,0.0
KEMERLİ ŞORT ETEK,Women,0.0
KETEN 2'Lİ TAKIM,Women,0.0
KETEN GÖMLEK,Men,0.0
KETEN GÖRÜNÜMLÜ 2'Lİ TAKIM KIZ BEBEK,Kids-Baby,-20.00020000200002
KETEN GÖRÜNÜMLÜ ELBİSE,Kids-Baby,0.0
KETEN GÖRÜNÜMLÜ GÖMLEK ERKEK BEBEK,Kids-Baby,0.0
KETEN GÖRÜNÜMLÜ GÖMLEK ERKEK ÇOCUK,Kids-Baby,0.0
KETEN GÖRÜNÜMLÜ KIZ ÇOCUK,Kids-Baby,0.0
KETEN GÖRÜNÜMLÜ MAXİ ELBİSE,Women,0.0
KETEN GÖRÜNÜMLÜ MİNİ ELBİSE,Women,0.0
KETEN KARIŞIMLI BASIC KISA PAÇA HAREM PANTOLON,Women,0.0
KETEN KARIŞIMLI ELBİSE,Women,0.0
KETEN KARIŞIMLI GÖMLEK,Men,0.0
KETEN KARIŞIMLI KAPRİ,Women,0.0
KETEN KARIŞIMLI KISA KOLLU GÖMLEK,Men,0.0
KETEN KARIŞIMLI KISA KOLLU GÖMLEK KIZ BEBEK,Kids-Baby,0.0
KETEN KARIŞIMLI KUŞAKLI MAXİ ELBİSE,Women,0.0
KETEN KARIŞIMLI MAXİ ELBİSE,Women,0.0
KETEN KARIŞIMLI MİDİ ELBİSE,Women,0.0
KETEN KARIŞIMLI MİNİ ELBİSE,Women,0.0
KETEN KARIŞIMLI PALAZZO PANTOLON WİDE LEG ÜÇ CEPLİ NORMAL BEL BASIC STANDART BOY,Women,0.0
KETEN KARIŞIMLI PANTOLON ERKEK ÇOCUK,Kids-Baby,-20.00020000200002
KETEN KARIŞIMLI PANTOLON WİDE LEG CEPLİ BASIC NORMAL BEL STANDART BOY,Women,0.0
KETEN KARIŞIMLI PANTOLON WİDE LEG ÜÇ CEPLİ NORMAL BEL BASIC STANDART BOY,Women,0.0
KETEN KARIŞIMLI TUNİK,Women,0.0
KETEN KARIŞIMLI UZUN KOLLU TUNİK,Women,-5.128244576240318
KETEN KARIŞIMLI ŞORT,Women,0.0
KETEN MAXİ ELBİSE,Women,0.0
KETEN MİDİ ELBİSE,Women,0.0
KIRIŞMAZ FERMUARLI POLO YAKA TİŞÖRT,Men,-10.00012500156252
KISA BOY PENYE 2'Lİ TAYT KIZ ÇOCUK,Kids-Baby,0.0
KISA BOY TAYT KIZ ÇOCUK,Kids-Baby,-6.6670000166675045
KISA BOYTAYT KIZ ÇOCUK,Kids-Baby,0.0
KISA FERMUARLI MONT,Women,-30.00015789556787
KISA KAŞE KABAN,Women,-10.000043478449907
KISA KAŞE MONT,Women,0.0
KISA KOLLU BASKILI TİŞÖRT,Women,0.0
KISA KOLLU BLUZ,Kids-Baby,0.0
KISA KOLLU BLUZ,Women,0.0
KISA KOLLU BLUZ KIZ ÇOCUK,Kids-Baby,0.0
KISA KOLLU BÜRÜMCÜK YAZLIK ELBİSE KIZ BEBEK,Kids-Baby,0.0
KISA KOLLU ERKEK BEBEK TİŞÖRT,Kids-Baby,0.0
KISA KOLLU FİTİLLİ KAŞKORSE KALP DESENLİ TÜTÜ ETEKLİ ELBİSE KIZ BEBEK,Kids-Baby,0.0
KISA KOLLU FİTİLLİ KAŞKORSE YAZLIK ELBİSE KIZ BEBEK,Kids-Baby,0.0
KISA KOLLU GECELİK,Women,0.0
KISA KOLLU GÖMLEK,Women,0.0
KISA KOLLU HAMİLE ÜSTÜ,Women,0.0
KISA KOLLU POLO TİŞÖRT,Men,3.8461982253641294
KISA KOLLU POLO TİŞÖRT,Women,0.0
KISA KOLLU POLO TİŞÖRT ERKEK ÇOCUK,Kids-Baby,0.0
KISA KOLLU PİJAMA ÜSTÜ,Women,0.0
KISA KOLLU TUNİK,Women,0.0
KISA KOLLU TİŞÖRT,Men,-50.00078126220722
KISA KOLLU TİŞÖRT,Women,-12.37039495002166
KISA KOLLU TİŞÖRT KIZ ÇOCUK,Kids-Baby,0.0
KISA KOLLU YAZLIK JEAN ELBİSE KIZ BEBEK,Kids-Baby,0.0
KISA KOLLU ÇİZGİLİ VİSKON TULUM KIZ ÇOCUK,Kids-Baby,0.0
KISA KOLLU ÇİÇEK DESENLİ MAROKEN YAZLIK ELBİSE KIZ ÇOCUK,Kids-Baby,0.0
KISA KOLLU ÜST,Women,-13.333666675000202
KISA TAYT,Women,0.0
KISA YÜKSEK BEL BİLEK BOY JEAN PANTOLON,Women,0.0
KIZ BEBEK,Kids-Baby,0.0
"KIZ BEBEK 1,6 TOG ELYAF DESENLİ TULUM",Kids-Baby,0.0
"KIZ BEBEK 1,6 TOG ELYAF DESENLİ UZUN KOLLU FERMUARLI TULUM",Kids-Baby,0.0
KIZ BEBEK 2'Lİ 60 DENYE KÜLOTLU ÇORAP,Kids-Baby,0.0
KIZ BEBEK 2'Lİ TAKIM,Kids-Baby,0.0
KIZ BEBEK 2'Lİ TAKIM BASKILI SWEATSHİRT İSPANYOL PAÇA TAYT,Kids-Baby,0.0
KIZ BEBEK 2'Lİ TAKIM ÇİÇEKLİ FİTİLLİ KAŞKORSE SWEATSHİRT İSPANYOL PAÇA TAYT,Kids-Baby,0.0
KIZ BEBEK 2'Lİ TAKIM ÇİÇEKLİ UZUN KOLLU FİTİLLİ KAŞKORSE TİŞÖRT TAYT,Kids-Baby,0.0
KIZ BEBEK 2'Lİ TAKIM İÇİ YUMUŞAK TÜYLÜ BASKILI SWEATSHİRT EŞOFMAN ALTI,Kids-Baby,0.0
KIZ BEBEK 40 DENYE KÜLOTLU ÇORAP,Kids-Baby,0.0
KIZ BEBEK BASKILI PAMUKLU CAP ŞAPKA,Kids-Baby,0.0
KIZ BEBEK BÜYÜK YAKA DÜĞMELİ TRİKO HIRKA,Kids-Baby,0.0
KIZ BEBEK BİSİKLET YAKA BASKILI SWEATSHİRT,Kids-Baby,0.0
KIZ BEBEK BİSİKLET YAKA BASKILI İÇİ YUMUŞAK TÜYLÜ SWEATSHİRT,Kids-Baby,0.0
KIZ BEBEK BİSİKLET YAKA BASİC DÜZ UZUN KOLLU TİŞÖRT,Kids-Baby,0.0
KIZ BEBEK BİSİKLET YAKA TRİKO KAZAK,Kids-Baby,0.0
KIZ BEBEK BİSİKLET YAKA TRİKO SÜVETER,Kids-Baby,0.0
KIZ BEBEK BİSİKLET YAKA UZUN KOLLU TİŞÖRT,Kids-Baby,0.0
KIZ BEBEK BİSİKLET YAKA YANDAN BAĞLAMALI TRİKO SÜVETER,Kids-Baby,0.0
KIZ BEBEK BİSİKLET YAKA YILBAŞI TEMALI TRİKO KAZAK,Kids-Baby,0.0
KIZ BEBEK DİKİŞSİZ 2'Lİ PAMUKLU KÜLOTLU ÇORAP,Kids-Baby,0.0
KIZ BEBEK DİKİŞSİZ 3'LÜ PAMUKLU UZUN ÇORAP,Kids-Baby,0.0
KIZ BEBEK DİKİŞSİZ 5'Lİ PAMUKLU UZUN ÇORAP,Kids-Baby,0.0
KIZ BEBEK DİKİŞSİZ PAMUKLU KÜLOTLU ÇORAP,Kids-Baby,0.0
KIZ BEBEK KAPÜŞONLU SU İTİCİ İÇİ YUMUŞAK TÜYLÜ CEPLİ ÇITÇITLI FERMUARLI ŞİŞME MONT,Kids-Baby,0.0
KIZ BEBEK KAPÜŞONLU İÇİ YUMUŞAK TÜYLÜ FERMUARLI SWEATSHİRT,Kids-Baby,0.0
KIZ BEBEK KAYDIRMAZ TABAN 2'Lİ PAMUKLU UZUN ÇORAP,Kids-Baby,0.0
KIZ BEBEK KAYDIRMAZ TABAN 3'LÜ PAMUKLU HAVLU ÇORAP,Kids-Baby,0.0
KIZ BEBEK KAYDIRMAZ TABAN 3'LÜ PAMUKLU UZUN ÇORAP,Kids-Baby,0.0
KIZ BEBEK KULAKLI TRİKO BERE,Kids-Baby,0.0
KIZ BEBEK KULAKLI ÖRGÜ BERE,Kids-Baby,0.0
KIZ BEBEK KURDELE 2'Lİ PAMUKLU UZUN ÇORAP,Kids-Baby,0.0
KIZ BEBEK LEOPAR DESENLİ BERE,Kids-Baby,0.0
KIZ BEBEK NAKIŞLI ENSE KORUMALI PAMUKLU CAP ŞAPKA,Kids-Baby,0.0
KIZ BEBEK NAKIŞLI KETEN KARIŞIMLI CAP ŞAPKA,Kids-Baby,0.0
KIZ BEBEK PAMUKLU KAYDIRMAZ TABANLI 5'Lİ UZUN ÇORAP,Kids-Baby,0.0
KIZ BEBEK PAMUKLU TULUM,Kids-Baby,-20.000153847337288
KIZ BEBEK PİJAMA TAKIMI DİNOZOR BASKILI UZUN KOLLU PENYE ÜST UZUN ALT,Kids-Baby,0.0
KIZ BEBEK RÜZGAR GEÇİRMEZ SU GEÇİRMEZ GÖMLEK YAKA PELÜŞ ASTAR FERMUARLI CEPLİ SUNİ DERİ MONT,Kids-Baby,0.0
KIZ BEBEK RÜZGAR GEÇİRMEZ SU GEÇİRMEZ KAPÜŞONLU FERMUARLI MONT,Kids-Baby,0.0
KIZ BEBEK RÜZGAR GEÇİRMEZ SU GEÇİRMEZ KAPÜŞONLU SUNİ KÜRK ASTARLI MONT,Kids-Baby,0.0
KIZ BEBEK TRİKO 3'LÜ ELDİVEN,Kids-Baby,0.0
KIZ BEBEK YENİDOĞAN 1 TOG ELYAF DESENLİ FERMUARLI PENYE UZUN KOLLU TULUM,Kids-Baby,0.0
KIZ BEBEK YENİDOĞAN DESENLİ FERMUARLI UZUN KOLLU TULUM,Kids-Baby,0.0
KIZ BEBEK ÇİÇEKLİ GABARDİN ŞORT ETEK,Kids-Baby,0.0
KIZ BEBEK İSPANYOL PAÇA JEAN PANTOLON,Kids-Baby,0.0
KIZ BEBEK İÇİ POLARLI TRİKO BOYUNLUK,Kids-Baby,0.0
KIZ BEBEK İÇİ SUNİ YÜNLÜ PENYE ELDİVEN,Kids-Baby,0.0
KIZ BEBEK ŞORT,Kids-Baby,0.0
KIZ ÇOCUK,Kids-Baby,0.0
KIZ ÇOCUK 2'Lİ 40 DENYE KÜLOTLU OKUL ÇORABI,Kids-Baby,0.0
KIZ ÇOCUK 2'Lİ BORDO KURDELE LASTİK TOKA,Kids-Baby,0.0
KIZ ÇOCUK 2'Lİ KURDELELİ KIRMIZI BEYAZ TAÇ,Kids-Baby,0.0
KIZ ÇOCUK 2'Lİ PİJAMA TAKIMI,Kids-Baby,0.0
KIZ ÇOCUK 2'Lİ TAKIM BASKILI SWEATSHİRT BELİ LASTİKLİ GENİŞ PAÇA EŞOFMAN ALTI,Kids-Baby,0.0
KIZ ÇOCUK 3'LÜ PAMUKLU HAVLU ÇORAP,Kids-Baby,0.0
KIZ ÇOCUK 3'LÜ PAMUKLU PATİK OKUL ÇORABI,Kids-Baby,0.0
KIZ ÇOCUK 3'LÜ PAMUKLU UZUN OKUL ÇORABI,Kids-Baby,0.0
KIZ ÇOCUK 3'LÜ PAMUKLU UZUN ÇORAP,Kids-Baby,0.0
KIZ ÇOCUK 3'LÜ TOKA SETİ,Kids-Baby,0.0
KIZ ÇOCUK 3D PELÜŞ KULAKLIK,Kids-Baby,0.0
KIZ ÇOCUK 5'Lİ PAMUKLU PATİK ÇORAP,Kids-Baby,0.0
KIZ ÇOCUK 6'LI SAÇ AKSESUARI,Kids-Baby,0.0
KIZ ÇOCUK 7'Lİ PAMUKLU GÜN DETAYLI PATİK ÇORAP,Kids-Baby,0.0
KIZ ÇOCUK 7'Lİ PAMUKLU PATİK ÇORAP,Kids-Baby,0.0
KIZ ÇOCUK BARBİE NAKIŞLI PAMUKLU CAP ŞAPKA,Kids-Baby,0.0
KIZ ÇOCUK BASKILI DENİZ AYAKKABISI,Kids-Baby,0.0
KIZ ÇOCUK BASKILI HASIR ŞAPKA,Kids-Baby,0.0
KIZ ÇOCUK BASKILI PAMUKLU BERE,Kids-Baby,0.0
KIZ ÇOCUK BASKILI PAMUKLU CAP ŞAPKA,Kids-Baby,0.0
KIZ ÇOCUK BASKILI PAMUKLU PLAJ HAVLUSU,Kids-Baby,0.0
KIZ ÇOCUK BASKILI SIRT ÇANTASI,Kids-Baby,0.0
KIZ ÇOCUK BORDO KURDELE DESENLİ ÇITÇITLI TOKA,Kids-Baby,0.0
KIZ ÇOCUK DEFACTO SHINY PRINCESS AROMATİK 100 ML PARFÜM,Kids-Baby,0.0
KIZ ÇOCUK DEGRADE BASKILI JEAN BUCKET ŞAPKA,Kids-Baby,0.0
KIZ ÇOCUK DESENLİ PAMUKLU BERE,Kids-Baby,0.0
KIZ ÇOCUK DESENLİ PAMUKLU BUCKET ŞAPKA,Kids-Baby,0.0
KIZ ÇOCUK DESENLİ PAMUKLU PANÇO HAVLU,Kids-Baby,0.0
KIZ ÇOCUK DESENLİ PLAJ HAVLUSU,Kids-Baby,0.0
KIZ ÇOCUK DOKUMA PLAJ HAVLUSU,Kids-Baby,0.0
KIZ ÇOCUK DÜZ TABAN BABET,Kids-Baby,0.0
KIZ ÇOCUK DÜZ TABAN EVA SANDALET,Kids-Baby,0.0
KIZ ÇOCUK DÜZ TABAN EVA TERLİK,Kids-Baby,0.0
KIZ ÇOCUK DÜZ TABAN PELÜŞ EV TERLİĞİ,Kids-Baby,0.0
KIZ ÇOCUK DÜZ TABAN SNEAKER,Kids-Baby,0.0
KIZ ÇOCUK DÜZ TABAN SUNİ DERİ SANDALET,Kids-Baby,0.0
KIZ ÇOCUK DÜZ TABAN TERLİK,Kids-Baby,0.0
KIZ ÇOCUK DİSNEY MİCKEY & MİNNİE PAMUKLU HAVLU ÇORAP,Kids-Baby,0.0
KIZ ÇOCUK EVA ÇİFT BANTLI TOKALI TERLİK,Kids-Baby,0.0
KIZ ÇOCUK FIRFIRLI 3'LÜ PAMUKLU PATİK ÇORAP,Kids-Baby,0.0
KIZ ÇOCUK FROZEN PAMUKLU KIŞLIK ÇORAP,Kids-Baby,0.0
KIZ ÇOCUK GÜNEŞ GÖZLÜĞÜ,Kids-Baby,0.0
KIZ ÇOCUK HASIR ŞAPKA,Kids-Baby,0.0
KIZ ÇOCUK HELLO KİTTY 60 DENYE KÜLOTLU ÇORAP,Kids-Baby,0.0
KIZ ÇOCUK KALIN TABAN EVA SANDALET,Kids-Baby,0.0
KIZ ÇOCUK KALP DESENLİ MUZ KÜLOTLU OKUL ÇORABI,Kids-Baby,0.0
KIZ ÇOCUK KALPLİ JEAN BUCKET ŞAPKA,Kids-Baby,0.0
KIZ ÇOCUK KELEBEK DESENLİ KÜLOTLU OKUL ÇORABI,Kids-Baby,0.0
KIZ ÇOCUK KUTULU YILBAŞI TEMALI 2'Lİ PAMUKLU UZUN ÇORAP,Kids-Baby,0.0
KIZ ÇOCUK LEOPAR DESENLİ TRİKO ELDİVEN,Kids-Baby,0.0
KIZ ÇOCUK MAYO,Kids-Baby,0.0
KIZ ÇOCUK MUZ KÜLOTLU OKUL ÇORABI,Kids-Baby,0.0
KIZ ÇOCUK NAKIŞLI JEAN CAP ŞAPKA,Kids-Baby,0.0
KIZ ÇOCUK NAKIŞLI JEAN GÖRÜNÜMLÜ CAP ŞAPKA,Kids-Baby,0.0
KIZ ÇOCUK NAKIŞLI PAMUKLU CAP ŞAPKA,Kids-Baby,0.0
KIZ ÇOCUK OVERSİZE GENİŞ KALIP BİSİKLET YAKA BASKILI KISA KOLLU OKUL TİŞÖRTÜ,Kids-Baby,0.0
KIZ ÇOCUK PAMUKLU BUCKET ŞAPKA,Kids-Baby,0.0
KIZ ÇOCUK PAMUKLU CAP ŞAPKA,Kids-Baby,0.0
KIZ ÇOCUK PAMUKLU PEŞTEMAL,Kids-Baby,0.0
KIZ ÇOCUK PAMUKLU TERMAL UZUN ÇORAP,Kids-Baby,0.0
KIZ ÇOCUK PELÜŞ KULAKLIK,Kids-Baby,0.0
KIZ ÇOCUK POLAR ELDİVEN,Kids-Baby,0.0
KIZ ÇOCUK RENK BLOKLU ELDİVEN,Kids-Baby,0.0
KIZ ÇOCUK SIRT ÇANTASI,Kids-Baby,0.0
KIZ ÇOCUK SİYAH KURDELE DESENLİ ÇITÇITLI TOKA,Kids-Baby,0.0
KIZ ÇOCUK TERMAL KÜLOTLU ÇORAP,Kids-Baby,0.0
KIZ ÇOCUK TRİKO 2'Lİ ELDİVEN,Kids-Baby,0.0
KIZ ÇOCUK TRİKO 3'LÜ ELDİVEN,Kids-Baby,0.0
KIZ ÇOCUK TRİKO BERE,Kids-Baby,0.0
KIZ ÇOCUK WİDE LEG BELİ LASTİKLİ GENİŞ PAÇA EŞOFMAN ALTI,Kids-Baby,0.0
KIZ ÇOCUK WİDE LEG JEAN PANTOLON YIRTIK DETAYLI CEPLİ GENİŞ BOL PAÇA,Kids-Baby,0.0
KIZ ÇOCUK YILBAŞI GEYİK TEMALI 3'LÜ ÇITÇITLI TOKA,Women,0.0
KIZ ÇOCUK YILBAŞI TEMALI 2'LÜ ÇITÇITLI TOKA,Women,0.0
KIZ ÇOCUK YILBAŞI TEMALI 2'Lİ PAMUKLU UZUN ÇORAP,Kids-Baby,0.0
KIZ ÇOCUK YILBAŞI TEMALI PAMUKLU 3'LÜ UZUN ÇORAP,Kids-Baby,0.0
KIZ ÇOCUK YILBAŞI TEMALI PAMUKLU UZUN ÇORAP,Kids-Baby,0.0
KIZ ÇOCUK YÜKSEK TABAN TEK BANTLI EVA TERLİK,Kids-Baby,0.0
KIZ ÇOCUK YÜKSEK TABAN ÇİFT BANTLI EVA TERLİK,Kids-Baby,0.0
KIZ ÇOCUK ÇAPRAZ ÇANTA,Kids-Baby,0.0
KIZ ÇOCUK ÇIKARILABİLİR SUNİ KÜRK YAKA KAPÜŞONLU POLAR ASTARLI FERMUARLI ŞİŞME KAYAK MONTU,Kids-Baby,0.0
KIZ ÇOCUK ÇİZGİLİ PAMUKLU PLAJ HAVLUSU,Kids-Baby,0.0
KIZ ÇOCUK ÇİÇEKLİ LASTİK TOKA,Kids-Baby,0.0
KLASİK CHİNO KUMAŞ PANTOLON NORMAL BEL BASIC CEPLİ BİLEK BOY,Women,0.0
KLASİK KESİM GENİŞ PAÇA PANTOLON,Men,0.0
KOLAY ÜTÜLENEBİLİR SLIM FIT BASIC GÖMLEK,Men,0.0
KOLEJ YAKA BASIC FERMUARLI BOMBER HIRKA,Women,0.0
KOLEJ YAKA BASKILI BOMBER CEKET KIZ ÇOCUK,Kids-Baby,0.0
KOLEJ YAKA BOMBER CEKET ERKEK ÇOCUK,Kids-Baby,0.0
KOLEJ YAKA BOMBER HIRKA ERKEK ÇOCUK,Kids-Baby,-10.000142859183702
KOLEJ YAKA BOMBER JEAN CEKET ERKEK ÇOCUK,Kids-Baby,0.0
KOLEJ YAKA BOMBER MONT CEKET BASIC ÇITÇITLI SÜET,Women,0.0
KOLEJ YAKA BOMBER MONT KIZ ÇOCUK,Kids-Baby,-20.000125000781253
KOLEJ YAKA BOMBER NAKIŞLI MONT ERKEK ÇOCUK,Kids-Baby,-40.000250001562506
KOLEJ YAKA BOMBER OKUL HIRKASI ERKEK ÇOCUK,Kids-Baby,0.0
KOLEJ YAKA FERMUARLI BOMBER CEKET ERKEK ÇOCUK,Kids-Baby,0.0
KOLEJ YAKA FERMUARLI BOMBER MONT ERKEK ÇOCUK,Kids-Baby,0.0
KOLEJ YAKA NAKIŞ DETAYLI BOMBER MONT ERKEK ÇOCUK,Kids-Baby,-20.000153847337288
KOLEJ YAKA PİKE HIRKA ERKEK BEBEK,Kids-Baby,-40.00080001600032
KOLEJ YAKA SIRT BASKILI BOMBER CEKET KIZ ÇOCUK,Kids-Baby,0.0
KOLEJ YAKA SIRT BASKILI BOMBER MONT KIZ ÇOCUK,Kids-Baby,0.0
KOLEJ YAKA SIRT BASKILI ÇITÇITLI BOMBER MONT ERKEK ÇOCUK,Kids-Baby,0.0
KOLSUZ BLUZ,Women,0.0
KOLSUZ BLUZ KIZ ÇOCUK,Kids-Baby,0.0
KOLSUZ JEAN BLUZ KIZ ÇOCUK,Kids-Baby,0.0
KOLSUZ JEAN ELBİSE KIZ BEBEK,Kids-Baby,-20.00020000200002
KOLSUZ KETEN ELBİSE,Women,0.0
KOLSUZ POPLİN YAZLIK ELBİSE KIZ BEBEK,Kids-Baby,0.0
KOLSUZ YAZLIK JEAN ELBİSE KIZ ÇOCUK,Kids-Baby,0.0
KONFORLU JEAN ŞORT KIZ ÇOCUK,Kids-Baby,0.0
KONTRAST GÖMLEK YAKA GABARDİN CEKET ERKEK ÇOCUK,Kids-Baby,-23.077100593081486
KONTRAST KADİFE YAKA MONT ERKEK BEBEK,Kids-Baby,-18.750117188232426
KONTRAST YAKA CEKET,Women,-30.000200001333344
KORSE,Women,0.0
KPOP - DEMON HUNTERS FITTED RİBANA TİŞÖRT,Women,-11.111358030178447
KPOP - DEMON HUNTERS OVERSIZE BİSİKLET YAKA KISA KOLLU TİŞÖRT KIZ ÇOCUK,Kids-Baby,0.0
KPOP - DEMON HUNTERS OVERSIZE KAPÜŞONLU SWEATSHİRT,Women,-30.000333337037077
KPOP - DEMON HUNTERS OVERSIZE SIRT BASKILI TİŞÖRT,Women,0.0
KPOP - DEMON HUNTERS OVERSIZE TİŞÖRT,Women,-20.00040000800016
KPOP - DEMON HUNTERS OVERSIZE TİŞÖRT KIZ ÇOCUK,Kids-Baby,0.0
KPOP - DEMON HUNTERS RELAX FIT SWEATSHIRT KIZ ÇOCUK,Kids-Baby,-40.00057143673481
KPOP - DEMON HUNTERS RELAX FIT TİŞÖRT KIZ ÇOCUK,Kids-Baby,0.0
KPOP - DEMON HUNTERS RİBANA TİŞÖRT KIZ ÇOCUK,Kids-Baby,0.0
KPOP - DEMON HUNTERS SLIM FIT TİŞÖRT KIZ ÇOCUK,Kids-Baby,-50.00083334722245
KREP ELBİSE,Women,0.0
KREP KISA BOY ELBİSE,Women,0.0
KREP MİDİ ELBİSE,Women,0.0
KREP MİNİ ELBİSE,Women,0.0
KRİNKIL 2'Lİ TAKIM KIZ BEBEK,Kids-Baby,0.0
KRİNKIL GÖMLEK,Men,0.0
KRİNKIL KUMAŞ ELBİSE,Women,0.0
KRİNKIL KUMAŞ MAXİ ELBİSE,Women,-40.00023529550174
KRİNKIL KUMAŞ MİDİ ELBİSE,Women,0.0
KRİNKIL KUMAŞ MİNİ ELBİSE,Women,0.0
KRİNKIL KUMAŞ TUNİK,Women,-30.00025000208335
KRİNKIL KUMAŞ UZUN BOY ELBİSE,Women,0.0
KRİNKIL KUMAŞ UZUN KOLLU TUNİK,Women,0.0
KRİNKIL PUANTİYELİ 2'Lİ TAKIM KIZ BEBEK,Kids-Baby,0.0
KRİNKIL TİŞÖRT KIZ BEBEK,Kids-Baby,0.0
KRİNKIL VİSKON 2'Lİ TAKIM KISA KOLLU TİŞÖRT BELİ LASTİKLİ ÇİÇEKLİ PANTOLON KIZ BEBEK,Kids-Baby,0.0
KRİNKIL VİSKON KARELİ ASKILI ELBİSE KIZ ÇOCUK,Kids-Baby,0.0
KRİNKIL VİSKON KOLSUZ BLUZ,Women,0.0
KRİNKIL VİSKON MİDİ ELBİSE,Women,0.0
KRİNKIL VİSKON MİNİ ETEK,Women,0.0
KRİNKIL VİSKON UZUN KOLLU TUNİK,Women,0.0
KRİNKIL VİSKON ŞORT,Women,0.0
KRİNKIL ÇİÇEK DESENLİ PANTOLON KIZ BEBEK,Kids-Baby,0.0
KURDELE 2'Lİ PAMUKLU UZUN ÇORAP KIZ ÇOCUK,Kids-Baby,0.0
KURDELE SAÇ TOKASI KIZ ÇOCUK,Kids-Baby,0.0
KURDELE TOKA KIZ ÇOCUK,Kids-Baby,0.0
KUROMI OVERSIZE TİŞÖRT KIZ ÇOCUK,Kids-Baby,0.0
KUROMİ BİSİKLET YAKA KISA KOLLU TİŞÖRT KIZ ÇOCUK,Kids-Baby,0.0
KUROMİ CROPPED FİT BİSİKLET YAKA RİBANA KISA KOLLU TİŞÖRT KIZ ÇOCUK,Kids-Baby,0.0
KUROMİ DESENLİ SATEN ŞAL KIZ ÇOCUK,Kids-Baby,0.0
KUROMİ OVERSİZE GENİŞ KALIP BİSİKLET YAKA SWEATSHİRT KIZ ÇOCUK,Kids-Baby,0.0
KUROMİ PAMUKLU KÜLOTLU ÇORAP KIZ ÇOCUK,Kids-Baby,-50.00200008000321
KUTULU YILBAŞI TEMALI 2'Lİ PAMUKLU UZUN ÇORAP ERKEK ÇOCUK,Kids-Baby,0.0
KUŞAKLI KETEN KARIŞIMLI MAXİ ELBİSE,Women,0.0
KUŞAKLI KISA TRENÇKOT,Women,-10.0000555558642
KUŞAKLI UZUN KOLLU TİŞÖRT,Women,0.0
KÖPEK BALIĞI BASKILI KISA KOLLU WAFFLE TULUM ERKEK BEBEK YENİDOĞAN,Kids-Baby,0.0
KÖPEK BALIĞI DESENLİ DENİZ ŞORTU ERKEK ÇOCUK,Kids-Baby,0.0
KÖPEK BALIĞI DESENLİ MAYO ERKEK BEBEK,Kids-Baby,0.0
KÖPEK TEMALI DÜZ TABAN PANDUF ERKEK ÇOCUK,Kids-Baby,0.0
KÖPEK TEMALI DÜZ TABAN PANDUF KIZ ÇOCUK,Kids-Baby,0.0
KÜLOTLU ÇORAP,Women,0.0
KÜPE,Women,0.0
KİRAZLI MANDAL TOKA,Women,0.0
LASTİKLİ BEL BAĞCIKLI BASIC PAÇA JOGGER PANTOLON,Women,0.0
LASTİKLİ PAÇA BASİC DÜZ GABARDİN JOGGER PANTOLON ERKEK ÇOCUK,Kids-Baby,0.0
LAZER KESİM NEFES ALABİLEN KUMAŞ AYARLANABİLİR ASKILI SPORCU SÜTYENİ,Women,0.0
LE MABELLE X DEFACTO 3'LÜ TAKIM DESENLİ TÜL PELERİN TAÇ ASA KIZ BEBEK,Kids-Baby,0.0
LE MABELLE X DEFACTO ASKILI TÜTÜ ETEKLİ ELBİSE KIZ BEBEK,Kids-Baby,0.0
LE MABELLE X DEFACTO DESENLİ ASKILI TÜL ELBİSE KIZ BEBEK,Kids-Baby,0.0
LE MABELLE X DEFACTO KALP DESENLİ TÜL KISA KOLLU TİŞÖRT KIZ BEBEK,Kids-Baby,0.0
LE MABELLE X DEFACTO KOLSUZ RENKLİ TÜL ELBİSE KIZ BEBEK,Kids-Baby,0.0
LEOPAR DESENLİ DÜZ TABAN TERLİK KIZ ÇOCUK,Kids-Baby,0.0
LEOPAR DESENLİ DÜĞMELİ HIRKA KIZ ÇOCUK,Kids-Baby,0.0
LEOPAR DESENLİ FİTİLLİ KAŞKORSE 2'Lİ TAYT KIZ BEBEK,Kids-Baby,0.0
LEOPAR DESENLİ GABARDİN ŞORT KIZ ÇOCUK,Kids-Baby,0.0
LEOPAR DESENLİ PELÜŞ KULAKLIK KIZ ÇOCUK,Kids-Baby,0.0
LEOPAR DESENLİ PONPONLU TRİKO BERE KIZ ÇOCUK,Kids-Baby,0.0
LEOPAR DESENLİ SATEN PAREO,Women,0.0
LEOPAR DESENLİ SLİP ON DÜZ TABAN BABET KIZ ÇOCUK,Kids-Baby,0.0
LEOPAR DESENLİ TRİKO HIRKA,Women,-30.00023077100593
LONG BİSİKLET TİŞÖRT,Women,0.0
LONG FIT MODAL HIRKA,Women,0.0
LONG FIT MODAL SWEATSHİRT,Women,0.0
LONG FIT PENYE KISA KOLLU TİŞÖRT,Women,0.0
LONG FİT DENİZ ŞORTU,Men,0.0
LONG MUSCLE FİT KISA KOLLU TİŞÖRT,Men,0.0
LOONEY TUNES 2'Lİ TAKIM ERKEK BEBEK,Kids-Baby,0.0
LOONEY TUNES BİSİKLET YAKA KISA KOLLU TİŞÖRT ERKEK ÇOCUK,Kids-Baby,0.0
LOONEY TUNES BİSİKLET YAKA UZUN KOLLU TİŞÖRT ERKEK BEBEK,Kids-Baby,0.0
LOONEY TUNES CROPPED FIT RİBANA TİŞÖRT KIZ ÇOCUK,Kids-Baby,0.0
LOONEY TUNES OVERSIZE SIRT BASKILI TİŞÖRT,Women,0.0
LOONEY TUNES OVERSIZE TİŞÖRT KIZ ÇOCUK,Kids-Baby,0.0
LOONEY TUNES OVERSİZE GENİŞ KALIP BİSİKLET YAKA KISA KOLLU TİŞÖRT KIZ ÇOCUK,Kids-Baby,0.0
LOONEY TUNES OVERSİZE GENİŞ KALIP BİSİKLET YAKA SWEATSHİRT KIZ ÇOCUK,Kids-Baby,0.0
LOONEY TUNES PİJAMA TAKIMI NAKIŞLI PELÜŞ UZUN KOLLU ÜST UZUN ALT KIZ ÇOCUK,Kids-Baby,0.0
LOONEY TUNES RELAX FİT BİSİKLET YAKA KISA KOLLU TİŞÖRT KIZ ÇOCUK,Kids-Baby,0.0
LOONEY TUNES RELAX FİT V YAKA KISA KOLLU TİŞÖRT KIZ ÇOCUK,Kids-Baby,0.0
LOOSE AÇIK OMUZLU TİŞÖRT,Women,0.0
LOOSE FIT,Women,0.0
LOOSE FIT AKIŞKAN KUMAŞ GÖMLEK,Women,0.0
LOOSE FIT ATLET,Women,0.0
LOOSE FIT BÜRÜMCÜK ŞORT,Women,0.0
LOOSE FIT DESENLİ GÖMLEK TUNİK,Women,0.0
LOOSE FIT DİK YAKA FERMUARLI SWEATSHİRT,Women,-20.00020000200002
LOOSE FIT GABARDİN TRENÇKOT,Women,0.0
LOOSE FIT HIRKA,Women,0.0
LOOSE FIT JEAN BERMUDA,Men,0.0
LOOSE FIT KALIN KUMAŞ SWEATSHİRT,Women,0.0
LOOSE FIT KALIN KUMAŞ UZUN KOLLU TİŞÖRT,Women,0.0
LOOSE FIT KALIN SWEATSHİRT KUMAŞI HIRKA,Women,0.0
LOOSE FIT KETEN KARIŞIMLI,Women,0.0
LOOSE FIT KISA KOLLU POLO TİŞÖRT,Men,0.0
LOOSE FIT KISA KOLLU TİŞÖRT,Men,0.0
LOOSE FIT KISA KOLLU TİŞÖRT,Women,0.0
LOOSE FIT KISA KOLLU TİŞÖRT.,Women,0.0
LOOSE FIT MODAL,Women,0.0
LOOSE FIT MODAL HIRKA,Women,0.0
LOOSE FIT NEFES ALABİLEN KUMAŞ TİŞÖRT,Men,0.0
LOOSE FIT PAMUKLU PANTOLON ERKEK BEBEK,Kids-Baby,-25.000312503906297
LOOSE FIT PANTOLON,Men,-30.00023077100593
LOOSE FIT PARAŞÜT TRENÇKOT,Women,0.0
LOOSE FIT POPLİN,Women,0.0
LOOSE FIT SLOGAN BASKILI POLO TİŞÖRT,Men,0.0
LOOSE FIT SWEATSHİRT,Women,0.0
LOOSE FIT SWEATSHİRT KUMAŞI KISA KOLLU POLO TİŞÖRT,Men,0.0
LOOSE FIT TRİKO ATLET,Women,0.0
LOOSE FIT TRİKO GÖRÜNÜMLÜ ATLET,Women,0.0
LOOSE FIT TRİKO TUNİK,Women,0.0
LOOSE FIT UZUN KOLLU TUNİK,Women,-18.00018000180003
LOOSE FIT UZUN KOLLU TİŞÖRT,Women,0.0
LOOSE FIT ÇİZGİLİ RİBANA TİŞÖRT,Women,0.0
LOOSE FIT ÇİZGİLİ TUNİK,Women,0.0
LOOSE FİT BASKILI POLO TİŞÖRT,Men,0.0
LOOSE FİT BASKILI TİŞÖRT,Men,0.0
LOOSE FİT BELİ LASTİKLİ EŞOFMAN ALTI ERKEK BEBEK,Kids-Baby,-20.00040000800016
LOOSE FİT BELİ LASTİKLİ EŞOFMAN ALTI ERKEK ÇOCUK,Kids-Baby,0.0
LOOSE FİT BİSİKLET YAKA BASKILI UZUN KOLLU TİŞÖRT KIZ ÇOCUK,Kids-Baby,0.0
LOOSE FİT BİSİKLET YAKA TRİKO KAZAK KIZ ÇOCUK,Kids-Baby,0.0
LOOSE FİT DÜZ PAÇA BASİC DÜZ JEAN PANTOLON ERKEK ÇOCUK,Kids-Baby,0.0
LOOSE FİT DÜZ PAÇA JEAN PANTOLON ERKEK ÇOCUK,Kids-Baby,0.0
LOOSE FİT KARGO CEPLİ BELİ LASTİKLİ EŞOFMAN ALTI ERKEK ÇOCUK,Kids-Baby,0.0
LOOSE FİT PENYE TİŞÖRT,Women,0.0
LOOSE FİT STANDART PAÇA GABARDİN PANTOLON ERKEK ÇOCUK,Kids-Baby,0.0
LOOSE FİT STANDART PAÇA GOFRE DOKULU PANTOLON ERKEK ÇOCUK,Kids-Baby,0.0
LOOSE FİT YIRTIK DETAYLI DÜZ PAÇA JEAN PANTOLON ERKEK ÇOCUK,Kids-Baby,-36.000360003600036
LOW RISE PANTOLON,Women,0.0
LOW RISE WIDELEG DÜŞÜK BEL JEAN PANTOLON,Women,0.0
LUG VON SİGA X DEFACTO DESENLİ SAÇ TOKASI,Women,0.0
LİSANSLI BASKILI ATLET,Men,0.0
LİSANSLI BASKILI TİŞÖRT,Men,0.0
MANDAL TOKA,Women,0.0
MANUKA X DEFACTO MÜSLİN BASIC TUNİK,Women,0.0
MAROKEN MİDİ ELBİSE,Women,0.0
MAROKEN MİNİ ELBİSE,Women,0.0
MARVEL AVENGERS 2'Lİ TAKIM KISA KOLLU TİŞÖRT ŞORT ERKEK ÇOCUK,Kids-Baby,0.0
MARVEL AVENGERS 3'LÜ PAMUKLU PATİK ÇORAP ERKEK ÇOCUK,Kids-Baby,0.0
MARVEL AVENGERS BASKILI CAP ŞAPKA ERKEK ÇOCUK,Kids-Baby,0.0
MARVEL AVENGERS BASKILI PAMUKLU CAP ŞAPKA ERKEK ÇOCUK,Kids-Baby,0.0
MARVEL AVENGERS BERE ERKEK ÇOCUK,Kids-Baby,0.0
MARVEL AVENGERS BİSİKLET YAKA KISA KOLLU TİŞÖRT ERKEK BEBEK,Kids-Baby,0.0
MARVEL AVENGERS BİSİKLET YAKA KISA KOLLU TİŞÖRT ERKEK ÇOCUK,Kids-Baby,0.0
MARVEL AVENGERS BİSİKLET YAKA SIRT BASKILI KISA KOLLU TİŞÖRT ERKEK ÇOCUK,Kids-Baby,0.0
MARVEL AVENGERS DENİZ ŞORTU ERKEK ÇOCUK,Kids-Baby,0.0
MARVEL AVENGERS KAPÜŞONLU İÇİ YUMUŞAK TÜYLÜ SWEATSHİRT ERKEK ÇOCUK,Kids-Baby,0.0
MARVEL AVENGERS TİŞÖRT ŞORT 2'Lİ TAKIM ERKEK ÇOCUK,Kids-Baby,0.0
MARVEL COMICS TİŞÖRT ERKEK BEBEK,Kids-Baby,0.0
MARVEL COMİCS 2'Lİ TAKIM ATLET DENİZ ŞORTU ERKEK ÇOCUK,Kids-Baby,0.0
MARVEL COMİCS 2'Lİ TAKIM SWEATSHİRT EŞOFMAN ALTI ERKEK BEBEK,Kids-Baby,-30.00037500468756
MARVEL COMİCS DENİZ ŞORTU ERKEK ÇOCUK,Kids-Baby,0.0
MARVEL COMİCS MİCRO DENİZ ŞORTU ERKEK BEBEK,Kids-Baby,0.0
MARVEL GAMES SPİDERMAN BİSİKLET YAKA KISA KOLLU TİŞÖRT ERKEK ÇOCUK,Kids-Baby,0.0
MARVEL GAMES SPİDERMAN BİSİKLET YAKA UZUN KOLLU TİŞÖRT ERKEK ÇOCUK,Kids-Baby,0.0
MARVEL SPIDERMAN 2'Lİ PAMUKLU KIŞLIK ÇORAP ERKEK ÇOCUK,Kids-Baby,0.0
MARVEL SPIDERMAN PAMUKLU CAP ŞAPKA ERKEK ÇOCUK,Kids-Baby,0.0
MARVEL SPIDERMAN TRİKO BERE ERKEK ÇOCUK,Kids-Baby,0.0
MARVEL SPIDERMAN TİŞÖRT ERKEK BEBEK,Kids-Baby,0.0
MARVEL SPİDERMAN 2'Lİ PAMUKLU UZUN ÇORAP ERKEK ÇOCUK,Kids-Baby,0.0
MARVEL SPİDERMAN BİSİKLET YAKA KISA KOLLU TİŞÖRT ERKEK ÇOCUK,Kids-Baby,0.0
MARVEL SPİDERMAN DENİZ ŞORTU ERKEK ÇOCUK,Kids-Baby,0.0
MARVEL SPİDERMAN DESENLİ 2'Lİ ELDİVEN ERKEK ÇOCUK,Kids-Baby,0.0
MARVEL SPİDERMAN DESENLİ DOKUMA CAP ŞAPKA ERKEK ÇOCUK,Kids-Baby,0.0
MARVEL SPİDERMAN MAYO ERKEK BEBEK,Kids-Baby,0.0
MARVEL SPİDERMAN OVERSİZE GENİŞ KALIP BİSİKLET YAKA SWEATSHİRT ERKEK ÇOCUK,Kids-Baby,0.0
MARVEL SPİDERMAN TRİKO ELDİVEN ERKEK ÇOCUK,Kids-Baby,0.0
MARY VINTAGE STRAİGHT FİT YÜKSEK BEL BİLEK BOY JEAN PANTOLON,Women,0.0
MARİA NİLA QUİCK DRY HEAT SPRAY HIZLI KURUTUCU SPREY,Women,0.0
MARİA NİLA STYLİNG MOUSSE ŞEKİLLENDİRİCİ KÖPÜK 100 ML,Women,0.0
MASKE,Women,0.0
MAVİ BEYAZ ÇİÇEKLİ BLOK SET,Women,0.0
MAXİ ELBİSE,Women,0.0
MAXİ ETEK,Women,0.0
MAYO,Women,0.0
MAYO KIZ BEBEK,Kids-Baby,0.0
MAYO KIZ ÇOCUK,Kids-Baby,4.28577551107873
MEDİCUBE - AGE R BOOSTER PRO (4 FARKLI MODLU KORE CAM CİLT BAKIM CİHAZI),Women,0.0
MEDİCUBE - AGE-R BOOSTER PRO MİNİ PİNK CİLT BAKIM CİHAZI,Women,0.0
MEDİCUBE - AGE-R BOOSTER PRO MİNİ WHİTE CİLT BAKIM CİHAZI,Women,0.0
MEDİCUBE - DEEP PEPTİDE RADİANCE MASK KIRIŞIKLIK KARŞITI-AYDINLATICI MASKE,Women,0.0
MEDİCUBE AGE-R GLUTATHİONE GLOW CAPSULE YÜZ KREMİ 50ML,Women,0.0
MEDİCUBE COLLAGEN GLOW BOOSTER PARLATICI VE ELASTİKİYET KAYBI KARŞITI PDRN & %1 SÜT PROTEİNLİ SERUM 15ML,Women,0.0
MEDİCUBE COLLAGEN NİGHT MASK 75ML – YOĞUN ONARICI & NEMLENDİRİCİ GECE MASKESİ,Women,0.0
MEDİCUBE GLUTATHİONE PARLAKLIK SERUMU 30ML,Women,0.0
MEDİCUBE KOLAJEN JEL KREM 50ML,Women,0.0
MEDİCUBE PDRN BOOSTER GEL 300ML – CİLT YENİLEYİCİ & ONARICI JEL,Women,0.0
MEDİCUBE PDRN PEMBE CİCA YATIŞTIRICI TONİK 250ML,Women,0.0
MEDİCUBE PDRN PİNK PEPTİDE SERUM 30ML – İNCE ÇİZGİ ÖNLEYİCİ & ELASTİKİYET ARTIRICI CİLT SERUMU,Women,0.0
MEDİCUBE PDRN PİNK VİTA COATİNG MASK NEMLENDİRİCİ VE BESLEYİCİ SOMON PDRN VE PEMBE B12 VİTAMİNLİ KAĞIT MASKE,Women,0.0
MEDİCUBE RED ERASİNG CREAM KIZARIKLIK KARŞITI NEMLENDİRİCİ KREM,Women,0.0
MEDİCUBE RED FOAM CLEANSER 2020 EDİTİON 120ML – GÖZENEK TEMİZLEYİCİ & CİLT ARINDIRICI KÖPÜK,Women,0.0
MEDİCUBE SUPER CICA CALMING MASK SAKİNLEŞTİRİCİ MASKE,Women,0.0
MEDİCUBE TRİPLE COLLAGEN SERUM- FİRMİNG FACİAL SERUM- ÜÇLÜ KOLAJEN SERUMU- 55ML,Women,0.0
MEDİCUBE TXA NİACİNAMİDE 15 SERUM 30ML – LEKE KARŞITI & CİLT TONU DENGELEYİCİ SERUM,Women,0.0
MEDİCUBE ZERO FOAM CLEANSER 120GR – GENİŞ GÖZENEK VE MİKRO TOZ KARŞITI ARINDIRICI YÜZ TEMİZLEME KÖPÜĞÜ,Women,0.0
MEDİCUBE ZERO PORE SOĞUTUCU MASKE,Women,0.0
MEDİCUBE ZERO PORE TONER GÖZENEK KARŞITI TONİK,Women,0.0
MEDİTHERAPY ARBUTİN SKİN BOOSTER SERUM & BOOSTER CAP LEKE KARŞITI AYDINLATICI CİLT SERUMU VE CİHAZI 150 ML,Women,0.0
MEDİTHERAPY BLUE LAYER MİST AMPOULE JET NEMLENDİRİCİ CANLANDIRICI CİLT BAKIM CİHAZI,Women,0.0
MEDİTHERAPY HYALURONİC ACİD FİRST SKİN BOOSTER NEMLENDİRİCİ CİLT SERUMU,Women,0.0
MEDİTHERAPY PDRN SKİN BOOSTER CAP CİLT BAKIM CİHAZI,Women,0.0
MEDİTHERAPY SHUMAGE GOLD SEAL LİFTİNG CREAM & EMS DEVİCE SIKILAŞTIRICI NEMLENDİRİCİ CİLT BAKIM CİHAZI,Women,0.0
MEDİTHERAPY SHUMAGE GOLD SEAL WRAPPİNG MASK ELASTİKİYET VE SIKILIK KORUYUCU KIRIŞIKLIK ÖNLEYİCİ ALTIN İPLİKLİ MASKE,Women,0.0
MEDİTHERAPY SHUMAGE RETİNOL 550 DEEP SHOT PATCH (4 PARÇA) KIRIŞIKLIK ÖNLEYİCİ 550 MİKRO SPİKÜL VE RETİNOLLÜ CİLT BAKIM BANTI,Women,0.0
MEDİTHERAPY TRANEXAMİC ACİD SKİN BOOSTER CREAM & BOOSTER CAP LEKE KARŞITI NEMLENDİRİCİ YÜZ KREMİ VE CİHAZI 100 ML,Women,0.0
MEYVE BASKILI 2'Lİ TAKIM KIZ BEBEK,Kids-Baby,0.0
MEYVE BASKILI 3'LÜ PAMUKLU UZUN ÇORAP KIZ ÇOCUK,Kids-Baby,0.0
MEYVE BASKILI 5'Lİ PAMUKLU PATİK ÇORAP KIZ ÇOCUK,Kids-Baby,0.0
MEYVE BASKILI 7'Lİ PAMUKLU PATİK ÇORAP KIZ ÇOCUK,Kids-Baby,0.0
MEYVE BASKILI KAYDIRMAZ TABAN 5'Lİ PAMUKLU UZUN ÇORAP KIZ BEBEK,Kids-Baby,0.0
MEYVE BASKILI TİŞÖRT KIZ ÇOCUK,Kids-Baby,0.0
MEYVE DESENLİ 2'Lİ TAKIM KIZ BEBEK,Kids-Baby,0.0
MEYVE DESENLİ KAPLI PEDLİ,Women,0.0
MEYVE DESENLİ PENYE 3'LÜ SLİP KÜLOT KIZ ÇOCUK,Kids-Baby,0.0
MEYVE DESENLİ PENYE KISA KOLLU TULUM KIZ BEBEK YENİDOĞAN,Kids-Baby,0.0
MEYVE DESENLİ RİBANA TİŞÖRT KIZ ÇOCUK,Kids-Baby,0.0
MIA FLARE FIT NORMAL BEL DÜZ PAÇA UZUN JEAN PANTOLON,Women,0.0
MIA FLARE FIT NORMAL BEL UZUN JEAN PANTOLON,Women,0.0
MIA FLARE FIT NORMAL BEL İSPANYOL PAÇA UZUN JEAN PANTOLON,Women,0.0
MIA FLARE FIT YÜKSEK BEL JEAN PANTOLON,Women,0.0
MIA FLARE FİT JEAN PANTOLON,Women,0.0
MIA FLARE FİT NORMAL BEL İSPANYOL PAÇA UZUN JEAN PANTOLON,Women,0.0
MINECRAFT BASKILI 2'Lİ PAMUKLU ERKEK ÇOCUK,Kids-Baby,-40.0026668444563
MINECRAFT OVERSIZE TİŞÖRT ERKEK ÇOCUK,Kids-Baby,0.0
MINECRAFT TİŞÖRT ERKEK ÇOCUK,Kids-Baby,0.0
MINECRAFT TİŞÖRT ŞORT 2'Lİ TAKIM ERKEK ÇOCUK,Kids-Baby,0.0
MLS OVERSIZE POLO YAKA TİŞÖRT,Women,0.0
MLS OVERSIZE V YAKA TİŞÖRT,Women,0.0
MODAL 2'Lİ TAKIM,Men,0.0
MODAL BAĞLAMA DETAYLI SWEATSHİRT,Women,0.0
MODAL BODYSUİT,Women,0.0
MODAL DİK YAKA YARIM FERMUARLI SWEATSHİRT,Women,0.0
MODAL ELBİSE,Women,0.0
MODAL EŞOFMAN ALTI,Women,0.0
MODAL FLARE PANTOLON,Women,0.0
MODAL HIRKA,Women,0.0
MODAL JOGGER EŞOFMAN ALTI,Women,0.0
MODAL KISA KOLLU TİŞÖRT,Women,0.0
MODAL KISA KOLLU ÜST,Women,0.0
MODAL KOLSUZ BLUZ,Women,0.0
MODAL KUŞAKLI SWEATSHİRT,Women,0.0
MODAL KÜLOTLU ÇORAP,Women,0.0
MODAL KÜLOTLU ÇORAP KIZ ÇOCUK,Kids-Baby,0.0
MODAL KİMONO CEKET,Women,0.0
MODAL MAXİ ELBİSE,Women,0.0
MODAL MİDİ ELBİSE,Women,0.0
MODAL MİNİ ELBİSE,Women,0.0
MODAL NERVÜRLÜ GENİŞ PAÇA EŞOFMAN ALTI,Women,0.0
MODAL SWEATSHİRT,Women,0.0
MODAL TULUM,Women,0.0
MODAL TİŞÖRT KIZ ÇOCUK,Kids-Baby,0.0
MODAL UZUN KOLLU GÖMLEK,Women,0.0
MODAL ŞORT,Women,0.0
MODERN FIT,Men,0.0
MODERN FIT AEROBİN,Men,0.0
MODERN FIT BLAZER CEKET,Men,0.0
MODERN FIT DOKUMA GÜNLÜK,Men,0.0
MODERN FIT KRİNKIL BLAZER CEKET,Men,0.0
MODERN FIT PAMUKLU,Men,0.0
MODERN FIT PENYE,Men,0.0
MODERN FIT PENYE BLAZER CEKET,Men,0.0
MODERN FIT TRİKO KISA KOLLU POLO TİŞÖRT,Men,0.0
MODERN OVERSIZE BİSİKLET YAKA KELEBEK DESENLİ KISA KOLLU TİŞÖRT,Women,0.0
MOFUSAND OVERSIZE TİŞÖRT,Women,0.0
MOM FIT GENİŞ PAÇA JEAN PANTOLON KIZ ÇOCUK,Kids-Baby,-30.00037500468756
MOM FIT JEAN ŞORT,Women,0.0
MOM FİT JEAN PANTOLON KIZ BEBEK,Kids-Baby,-30.00042857755111
MOM FİT STANDART PAÇA JEAN PANTOLON KIZ ÇOCUK,Kids-Baby,0.0
MONCHHİCHİ KIZ BEBEK 2'Lİ TAKIM,Kids-Baby,0.0
MONT,Men,0.0
MONT,Women,-37.46893734468672
MONT KIZ ÇOCUK,Kids-Baby,-33.57160841933082
MUM,Women,0.0
MÜSLİN 2'Lİ TAKIM ERKEK BEBEK,Kids-Baby,0.0
MÜSLİN 2'Lİ TAKIM ERKEK ÇOCUK,Kids-Baby,-33.333555557037045
MÜSLİN 2'Lİ TAKIM GÖMLEK PANTOLON ERKEK BEBEK,Kids-Baby,-20.000153847337288
MÜSLİN 2'Lİ TAKIM KIZ BEBEK,Kids-Baby,-20.00020000200002
MÜSLİN ELBİSE,Women,0.0
MÜSLİN ELBİSE KIZ BEBEK,Kids-Baby,-15.00018750234378
MÜSLİN ETEK,Kids-Baby,0.0
MÜSLİN GÖMLEK ERKEK BEBEK,Kids-Baby,0.0
MÜSLİN KISA KOLLU GÖMLEK ERKEK BEBEK,Kids-Baby,0.0
MÜSLİN KIZ BEBEK,Kids-Baby,0.0
MÜSLİN TULUM ERKEK BEBEK YENİDOĞAN,Kids-Baby,0.0
MÜSLİN TULUM KIZ BEBEK YENİDOĞAN,Kids-Baby,0.0
MÜSLİN ŞORT,Women,0.0
MÜSLİN ŞORT ERKEK BEBEK,Kids-Baby,0.0
MÜSLİN ŞORT ERKEK ÇOCUK,Kids-Baby,0.0
MİA FLARE FIT NORMAL BEL İSPANYOL PAÇA UZUN JEAN PANTOLON,Women,0.0
MİCRO,Women,0.0
MİCRO 2'Lİ,Women,-31.250781269531736
MİCRO 2'Lİ BOXER,Women,0.0
MİCRO 2'Lİ HİPSTER KÜLOT,Women,0.0
MİCRO 2'Lİ SLİP KÜLOT,Women,-20.00050001250031
MİCRO 3'LÜ,Women,0.0
MİCRO 3'LÜ BRAZİLİAN KÜLOT,Women,0.0
MİCRO 3'LÜ HİPSTER KÜLOT,Women,0.0
MİCRO ALT,Women,0.0
MİCRO BRAZİLİAN KÜLOT,Women,0.0
MİCRO KAPLI DOLGUSUZ BALENSİZ BRALET,Women,-20.00040000800016
MİCRO KAPLI TİŞÖRT,Women,0.0
MİCRO SLİP KÜLOT,Women,0.0
MİCRO ŞORT KORSE,Women,0.0
MİDİ ELBİSE,Women,0.0
MİDİ ETEK,Women,0.0
MİDİ TAYT KIZ ÇOCUK,Kids-Baby,0.0
MİFFY PENYE TİŞÖRT KIZ BEBEK,Kids-Baby,0.0
MİFFY TİŞÖRT ALT 2'Lİ TAKIM KIZ BEBEK,Kids-Baby,0.0
MİNECRAFT BİSİKLET YAKA KISA KOLLU TİŞÖRT ERKEK ÇOCUK,Kids-Baby,0.0
MİNECRAFT KAPÜŞONLU SWEATSHİRT ERKEK ÇOCUK,Kids-Baby,0.0
MİNECRAFT KAPÜŞONLU İÇİ YUMUŞAK TÜYLÜ SWEATSHİRT ERKEK ÇOCUK,Kids-Baby,0.0
MİNECRAFT KISA KOLLU TİŞÖRT ERKEK ÇOCUK,Kids-Baby,0.0
MİNİ ELBİSE,Women,0.0
MİNİ ETEK,Women,0.0
MİZON 7 VEGAN PEPTİDE BOOSTER SIKILAŞTIRICI CİLT SERUMU 150 ML,Women,0.0
MİZON ALL IN ONE SNAİL REPAİR CREAM - SALYANGOZ ÖZLÜ HEPSİ BİR ARADA BAKIM KREMİ 75 G,Women,0.0
MİZON ALL IN ONE SNAİL REPAİR CREAM TUBE NEMLENDİRİCİ SALYANGOZ ÖZLÜ BAKIM KREMİ 35 GR,Women,0.0
MİZON COLLAGEN POWER FİRMİNG ENRİCHED CREAM YAŞLANMA KARŞITI NEMLENDİRİCİ YÜZ KREMİ 50 ML,Women,-20.000125000781253
MİZON COLLAGEN POWER LİFTİNG TONER NEMLENDİRİCİ CİLT TONİĞİ 120 ML,Women,0.0
MİZON COLLAGENİC AQUA VOLUME LİP ESSENCE NEMLENDİRİCİ HACİMLENDİRİCİ RUJ 10 ML,Women,0.0
MİZON GOOD BYE BLEMİSH FRESH TONER SİVİLCE KARŞITI YÜZ TONİĞİ 120 ML,Women,0.0
MİZON HYALUGEN DOUBLE LAYER MİST NEMLENDİRİCİ YÜZ MİSTİ 100 ML,Women,0.0
MİZON HYALUGEN GEL TO FOAM CLEANSER NEMLENDİRİCİ YÜZ TEMİZLEYİCİ JEL 100 ML,Women,0.0
MİZON INOUT DAİLY SOOTHİNG SUNSCREEN SPF50+ PA++++ NEMLENDİRİCİ YATIŞTIRICI GÜNEŞ KREMİ 50 ML,Women,0.0
MİZON REAL VİTAMİN C AMPOULE CANLANDIRICI CİLT SERUMU 15 ML,Women,0.0
MİZON SNAİL REPAİR INTENSİVE AMPOULE YAŞLANMA KARŞITI ÖZEL BAKIM AMPULÜ 30 ML,Women,0.0
MİZON SNAİL REPAİR PERFECT CREAM SALYANGOZ ÖZLÜ NEMLENDİRİCİ YÜZ KREMİ 50 ML,Women,0.0
MİZON SNAİL REPAİR YAŞLANMA KARŞITI ALTIN VE SALYANGOZ EKSTRELİ GÖZ MASKESİ 60 ADET,Women,0.0
MİZON SİYAH COLLAGEN CURLİNG FİX KIVIRMA VE BELİRGİNLEŞTİRME ETKİLİ KOLAJEN MASKARA,Women,0.0
MİZON WHİTE FLOWER SNOW CREAM - BEYAZLATICI & IŞILTI ARTIRICI KREM,Women,0.0
NAKIŞ 3'LÜ PAMUKLU UZUN ÇORAP KIZ ÇOCUK,Kids-Baby,0.0
NAKIŞLI BÜYÜK YAKA HIRKA KIZ BEBEK,Kids-Baby,-38.75048438105476
NAKIŞLI BİSİKLET YAKA HIRKA KIZ ÇOCUK,Kids-Baby,-45.556061734019266
NAKIŞLI DANTEL DETAYLI TÜL TANGA,Women,0.0
NAKIŞLI FİTİLLİ KADİFE CAP ŞAPKA ERKEK ÇOCUK,Kids-Baby,-30.001000033334446
NAKIŞLI FİTİLLİ KADİFE CAP ŞAPKA KIZ ÇOCUK,Kids-Baby,-30.001000033334446
NAKIŞLI GOFRE DOKULU UZUN KOLLU GÖMLEK KIZ BEBEK,Kids-Baby,0.0
NAKIŞLI HIRKA KIZ BEBEK,Kids-Baby,-40.00057143673481
NAKIŞLI JEAN BUCKET ŞAPKA KIZ ÇOCUK,Kids-Baby,0.0
NAKIŞLI JEAN CAP ŞAPKA ERKEK ÇOCUK,Kids-Baby,0.0
NAKIŞLI JEAN CAP ŞAPKA KIZ ÇOCUK,Kids-Baby,0.0
NAKIŞLI JEAN TULUM ERKEK BEBEK,Kids-Baby,-20.00020000200002
NAKIŞLI KAPÜŞONLU FERMUARLI PELÜŞ HIRKA ERKEK BEBEK,Kids-Baby,0.0
NAKIŞLI MÜSLİN UZUN KOLLU GÖMLEK ERKEK BEBEK,Kids-Baby,0.0
NAKIŞLI PAMUKLU CAP ŞAPKA,Women,0.0
NAKIŞLI PAMUKLU CAP ŞAPKA ERKEK ÇOCUK,Kids-Baby,0.0
NAKIŞLI PAMUKLU CAP ŞAPKA KIZ ÇOCUK,Kids-Baby,-7.143061230320866
NAKIŞLI PAMUKLU DENİM CAP ŞAPKA ERKEK ÇOCUK,Kids-Baby,-20.000571444898423
NAKIŞLI PENYE TİŞÖRT,Women,0.0
NAKIŞLI SALOPET JEAN ELBİSE KIZ BEBEK,Kids-Baby,-20.00020000200002
NAKIŞLI SALOPET JEAN TULUM KIZ BEBEK,Kids-Baby,-20.000153847337288
NAKIŞLI SİMLİ KUMAŞ CAP ŞAPKA KIZ ÇOCUK,Kids-Baby,0.0
NAKIŞLI TRİKO BERE ERKEK BEBEK,Kids-Baby,0.0
NAKIŞLI TİŞÖRT ERKEK ÇOCUK,Kids-Baby,0.0
NAKIŞLI UZUN KOLLU GÖMLEK ERKEK ÇOCUK,Kids-Baby,0.0
NATURE REPUBLİC CRYO ICİNG CANLANDIRICI YÜZ MASKESİ 27ML,Women,0.0
NATURE REPUBLİC CRYO ICİNG FİRMİNG FACE MASK 27ML – SIKILAŞTIRICI & CANLANDIRICI YÜZ MASKESİ,Women,0.0
NATURE REPUBLİC CRYO ICİNG GÖZENEK TEMİZLEYİCİ YÜZ MASKESİ 27ML,Women,0.0
NATURE REPUBLİC CRYO ICİNG MOİSTURİZİNG FACE MASK 27ML – NEMLENDİRİCİ & FERAHLATICI YÜZ MASKESİ,Women,0.0
NATURE REPUBLİC CRYO ICİNG POWER BOOSTİNG FACE MASK 27ML – GÜÇLENDİRİCİ & CANLANDIRICI YÜZ MASKESİ,Women,0.0
NATURE REPUBLİC CRYO ICİNG SAKİNLEŞTİRİCİ YÜZ MASKESİ 27ML,Women,0.0
NAVY BLUE ERKEK100 ML PARFÜM,Men,0.0
NBA BOSTON CELTICS NEW REGULAR FIT TİŞÖRT,Kids-Baby,0.0
NBA BOSTON CELTICS SLIM FIT TİŞÖRT,Women,0.0
NBA BOSTON CELTİCS BİSİKLET YAKA KISA KOLLU TİŞÖRT ERKEK ÇOCUK,Kids-Baby,0.0
NBA BOSTON ŞORT,Men,0.0
NBA BROOKLYN NETS BİSİKLET YAKA SIRT BASKILI KISA KOLLU TİŞÖRT ERKEK ÇOCUK,Kids-Baby,0.0
NBA BROOKLYN NETS KISA KOLLU TİŞÖRT,Men,0.0
NBA BROOKLYN NETS OVERSİZE GENİŞ KALIP BİSİKLET YAKA SWEATSHİRT KIZ ÇOCUK,Kids-Baby,0.0
NBA BROOKLYN ŞORT,Men,0.0
NBA CHICAGO BULLS BOMBER HIRKA ERKEK ÇOCUK,Kids-Baby,0.0
NBA CHICAGO BULLS PANTOLON ERKEK ÇOCUK,Kids-Baby,-10.00012500156252
NBA CHICAGO BULLS TİŞÖRT ERKEK ÇOCUK,Kids-Baby,0.0
NBA CHİCAGO BULLS 2'Lİ TAKIM KAPÜŞONLU KOLSUZ TİŞÖRT BELİ LASTİKLİ ŞORT ERKEK ÇOCUK,Kids-Baby,0.0
NBA CHİCAGO BULLS BELİ PAÇASI LASTİKLİ CEPLİ EŞOFMAN ALTI ERKEK ÇOCUK,Kids-Baby,0.0
NBA CHİCAGO BULLS BİSİKLET YAKA ATLET ERKEK ÇOCUK,Kids-Baby,0.0
NBA CHİCAGO BULLS BİSİKLET YAKA KISA KOLLU TİŞÖRT ERKEK ÇOCUK,Kids-Baby,0.0
NBA CHİCAGO BULLS DENİZ ŞORTU ERKEK ÇOCUK,Kids-Baby,0.0
NBA CHİCAGO BULLS KAPÜŞONLU SWEATSHİRT ERKEK ÇOCUK,Kids-Baby,0.0
NBA CHİCAGO BULLS V YAKA SIRT BASKILI KISA KOLLU TİŞÖRT ERKEK ÇOCUK,Kids-Baby,0.0
NBA CURRENT TEAMS KOLEJ YAKA SIRT BASKILI BOMBER CEKET ERKEK ÇOCUK,Kids-Baby,0.0
NBA ERKEK CHİCAGO BULLS BAHARATLI 100 ML PARFÜM,Men,0.0
NBA EŞOFMAN ALTI ERKEK ÇOCUK,Kids-Baby,-10.00012500156252
NBA HOUSTON ROCKETS TİŞÖRT ERKEK ÇOCUK,Kids-Baby,0.0
NBA LOS ANGELES BASKILITİŞÖRT,Women,0.0
NBA LOS ANGELES LAKERS BİSİKLET YAKA ATLET ERKEK ÇOCUK,Kids-Baby,0.0
NBA LOS ANGELES LAKERS BİSİKLET YAKA KISA KOLLU TİŞÖRT KIZ ÇOCUK,Kids-Baby,0.0
NBA LOS ANGELES LAKERS KALIN KUMAŞ PANTOLON ERKEK ÇOCUK,Kids-Baby,-10.00012500156252
NBA LOS ANGELES LAKERS KAPÜŞONLU SWEATSHİRT ERKEK ÇOCUK,Kids-Baby,0.0
NBA LOS ANGELES LAKERS KISA KOLLU TİŞÖRT,Men,0.0
NBA LOS ANGELES LAKERS LOOSE FİT BİSİKLET YAKA KISA KOLLU TİŞÖRT KIZ ÇOCUK,Kids-Baby,0.0
NBA LOS ANGELES LAKERS NEW REGULAR FIT BİSİKLET YAKA KISA KOLLU TİŞÖRT ERKEK ÇOCUK,Kids-Baby,0.0
NBA LOS ANGELES LAKERS RELAX FİT POLO YAKA SWEATSHİRT KIZ ÇOCUK,Kids-Baby,0.0
NBA LOS ANGELES LAKERS TÜL ŞORT ERKEK ÇOCUK,Kids-Baby,0.0
NBA LOS ANGELES LAKERS ŞORT KIZ ÇOCUK,Kids-Baby,0.0
NBA MEMPHIS GRIZZLIES TİŞÖRT ERKEK ÇOCUK,Kids-Baby,0.0
NBA MIAMI HEAT SLIM FIT POLO YAKA POLO TİŞÖRT,Women,0.0
NBA MILWAUKEE BUCKS TİŞÖRT ERKEK ÇOCUK,Kids-Baby,0.0
NBA MİAMİ HEAT BELİ LASTİKLİ ŞORT KIZ ÇOCUK,Kids-Baby,0.0
NBA MİAMİ HEAT BİSİKLET YAKA KISA KOLLU TİŞÖRT ERKEK ÇOCUK,Kids-Baby,0.0
NBA MİLWAUKEE BUCKS BİSİKLET YAKA KISA KOLLU TİŞÖRT ERKEK ÇOCUK,Kids-Baby,0.0
NBA NEW YORK KNICKS OVERSIZE POLO YAKA TİŞÖRT,Women,0.0
NBA NEW YORK KNİCKS BİSİKLET YAKA KISA KOLLU TİŞÖRT ERKEK ÇOCUK,Kids-Baby,0.0
NBA ORLANDO MAGİC BİSİKLET YAKA KISA KOLLU TİŞÖRT ERKEK ÇOCUK,Kids-Baby,0.0
NBA OVERSİZE GENİŞ KALIP BİSİKLET YAKA SWEATSHİRT KIZ ÇOCUK,Kids-Baby,0.0
NBA TİŞÖRT ERKEK ÇOCUK,Kids-Baby,0.0
NBA WORDMARK BELİ LASTİKLİ ŞORT ERKEK ÇOCUK,Kids-Baby,0.0
NBA WORDMARK BİSİKLET YAKA KISA KOLLU TİŞÖRT ERKEK ÇOCUK,Kids-Baby,0.0
NBA WORDMARK FİTTED BİSİKLET YAKA RİBANA KISA KOLLU TİŞÖRT KIZ ÇOCUK,Kids-Baby,0.0
NBA WORDMARK OVERSIZE POLO YAKA TİŞÖRT,Women,0.0
NBA WORDMARK OVERSIZE SIRT BASKILI TİŞÖRT,Women,0.0
NBA WORDMARK OVERSİZE GENİŞ KALIP BİSİKLET YAKA KISA KOLLU TİŞÖRT KIZ ÇOCUK,Kids-Baby,0.0
NBA WORDMARK OVERSİZE GENİŞ KALIP BİSİKLET YAKA SWEATSHİRT KIZ ÇOCUK,Kids-Baby,0.0
NBA WORDMARK RELAX FIT TİŞÖRT,Women,0.0
NBA WORDMARK V YAKA ATLET ERKEK ÇOCUK,Kids-Baby,0.0
NEFES ALABİLEN LOOSE FİT BASKILI TİŞÖRT,Men,0.0
NEFES ALABİLEN OVERSİZE TİŞÖRT,Men,0.0
NEW REGULAR FIT,Men,0.0
NEW REGULAR FIT %100 PAMUK BASİC TİŞÖRT,Men,0.0
NEW REGULAR FIT APAŞ YAKA SLOGAN BASKILI UZUN KOLLU POLO TİŞÖRT ERKEK ÇOCUK,Kids-Baby,-30.00042857755111
NEW REGULAR FIT BİSİKLET YAKA BASKILI KISA KOLLU TİŞÖRT ERKEK ÇOCUK,Kids-Baby,0.0
NEW REGULAR FIT BİSİKLET YAKA FLORAL KISA KOLLU TİŞÖRT ERKEK ÇOCUK,Kids-Baby,0.0
NEW REGULAR FIT BİSİKLET YAKA KISA KOLLU TİŞÖRT ERKEK ÇOCUK,Kids-Baby,33.33444448148272
NEW REGULAR FIT BİSİKLET YAKA SLOGAN BASKILI UZUN KOLLU TİŞÖRT ERKEK ÇOCUK,Kids-Baby,-20.00040000800016
NEW REGULAR FIT ESNEK KUMAŞ BASİC TİŞÖRT,Men,0.0
NEW REGULAR FIT JAKARLI KISA KOLLU TİŞÖRT,Men,0.0
NEW REGULAR FIT KISA KOLLU POLO TİŞÖRT,Men,0.0
NEW REGULAR FIT KISA KOLLU TİŞÖRT,Men,0.0
NEW REGULAR FIT PİKE KISA KOLLU POLO TİŞÖRT,Men,0.0
NEW REGULAR FIT PİKE UZUN KOLLU BODY,Men,0.0
NEW REGULAR FIT WAFFLE KISA KOLLU POLO TİŞÖRT,Men,0.0
NINJA TURTLES-RETRO NEW REGULAR FIT BİSİKLET YAKA KISA KOLLU TİŞÖRT ERKEK ÇOCUK,Kids-Baby,0.0
NORMAL BEL BAGGY FIT PANTOLON,Women,0.0
NORMAL BEL BALLOON FIT PANTOLON,Women,0.0
NORMAL BEL BARREL FIT PANTOLON,Women,0.0
NORMAL BEL BASIC KETEN GÖRÜNÜMLÜ VOLANLI MİNİ ETEK,Women,0.0
NORMAL BEL BASIC ŞORT ETEK,Women,0.0
NORMAL BEL BORU PAÇA PANTOLON,Men,0.0
NORMAL BEL BİLEK BOY PANTOLON,Women,0.0
NORMAL BEL CARROT FIT PANTOLON,Women,0.0
NORMAL BEL COMFORT STRAIGHT PANTOLON,Women,0.0
NORMAL BEL CROP FİT GABARDİN PANTOLON,Women,0.0
NORMAL BEL DANTELLİ SATEN MİDİ ETEK,Women,-20.000153847337288
NORMAL BEL FLARE FIT PANTOLON,Women,0.0
NORMAL BEL KARGO FIT PANTOLON,Women,0.0
NORMAL BEL KATLAMALI JEAN ŞORT,Women,0.0
NORMAL BEL KISA BASIC ŞORT,Women,0.0
NORMAL BEL PALAZZO PANTOLON,Women,0.0
NORMAL BEL PANTOLON,Women,0.0
NORMAL BEL PARAŞÜT PANTOLON,Women,0.0
NORMAL BEL REGULAR FIT PANTOLON,Women,0.0
NORMAL BEL RELAX FIT PANTOLON,Women,0.0
NORMAL BEL SATEN ŞORT,Women,-20.00025000312504
NORMAL BEL STRAIGHT FIT PANTOLON,Women,0.0
NORMAL BEL SİGARET PANTOLON,Women,0.0
NORMAL BEL WIDE LEG PANTOLON,Women,0.0
NORMAL BEL ŞORT ETEK,Women,0.0
NORMAL GABARDİN BERMUDA ŞORT,Women,0.0
NORMAL KATLAMALI BERMUDA,Women,0.0
NORMAL KATLAMALI BERMUDA ŞORT,Women,0.0
OCEAN AQUA ERKEK PARFÜM 100 ML,Men,0.0
OKUL ASKILI ELBİSE KIZ ÇOCUK,Kids-Baby,0.0
OKUL BALLOON FİT GENİŞ PAÇA JEAN PANTOLON KIZ ÇOCUK,Kids-Baby,0.0
OKUL BASİC DÜZ BİSİKLET YAKA TRİKO KAZAK ERKEK ÇOCUK,Kids-Baby,0.0
OKUL BİSİKLET YAKA TRİKO KAZAK ERKEK BEBEK,Kids-Baby,0.0
OKUL GABARDİN FERMUARLI CROP CEKET KIZ ÇOCUK,Kids-Baby,0.0
OKUL KAPÜŞONLU ŞİŞME YELEK KIZ BEBEK,Kids-Baby,0.0
OKUL KOLEJ YAKA BASKILI BOMBER CEKET ERKEK ÇOCUK,Kids-Baby,0.0
OKUL KONTRAST YAKALI GABARDİN CEKET KIZ ÇOCUK,Kids-Baby,0.0
OKUL POLO YAKA KAZAK ERKEK ÇOCUK,Kids-Baby,0.0
OKUL POLO YAKA TRİKO KAZAK ERKEK ÇOCUK,Kids-Baby,0.0
OKUL SIRT ÇANTASI ERKEK ÇOCUK,Kids-Baby,0.0
OKUL SIRT ÇANTASI KIZ ÇOCUK,Kids-Baby,0.0
OKUL SLİM FİT DAR KESİM DÜZ PAÇA JEAN PANTOLON ERKEK ÇOCUK,Kids-Baby,0.0
OKUL STANDART BOY TAYT KIZ ÇOCUK,Kids-Baby,0.0
OKUL STANDART FİT BİSİKLET YAKA TRİKO KAZAK KIZ ÇOCUK,Kids-Baby,0.0
OKUL UZUN BOY TAYT KIZ ÇOCUK,Kids-Baby,0.0
OKUL V YAKA TRİKO KAZAK ERKEK ÇOCUK,Kids-Baby,0.0
OKUL YARIM BALIKÇI YAKA TRİKO KAZAK ERKEK ÇOCUK,Kids-Baby,0.0
OKULA DÖNÜŞ STANDART FİT TRİKO SÜVETER KIZ ÇOCUK,Kids-Baby,0.0
OMUZ DÜĞMELİ AYICIKLI KIZ TİŞÖRT,Kids-Baby,0.0
OMUZ ÇANTASI,Women,0.0
OMZU AÇIK BASKILI TİŞÖRT KIZ ÇOCUK,Kids-Baby,0.0
OMZU AÇIK KAZAK,Women,-30.000333337037077
OMZU AÇIK TRİKO KAZAK KIZ ÇOCUK,Kids-Baby,0.0
ONE PIECE OVERSIZE TİŞÖRT ERKEK ÇOCUK,Kids-Baby,0.0
ONE PİECE KAPÜŞONLU İÇİ YUMUŞAK TÜYLÜ SIRT BASKILI SWEATSHİRT ERKEK ÇOCUK,Kids-Baby,0.0
ONLY ONE EYE CREAM FOR FACE AYDINLATICI GÖZ ÇEVRESİ BAKIM KREMİ 30 ML,Women,0.0
OVERSHIRT FIT,Women,0.0
OVERSHIRT FIT BASKILI TİŞÖRT,Kids-Baby,0.0
OVERSHIRT FIT FLANEL,Women,0.0
OVERSHIRT FIT FULAR YAKA SİMLİ ÇAPRAZ DOKUMA BLUZ,Women,0.0
OVERSHIRT FIT HIRKA,Women,-30.000120000479995
OVERSHIRT FIT KALIN KUMAŞ SWEATSHİRT,Women,0.0
OVERSHIRT FIT KISA KOLLU GÖMLEK,Women,0.0
OVERSHIRT FIT MODAL GÖMLEK,Women,0.0
OVERSHIRT FIT MODAL KISA KOLLU TİŞÖRT,Women,0.0
OVERSHIRT FIT POPLİN,Women,0.0
OVERSHIRT FIT SLOGAN BASKILI KISA KOLLU TİŞÖRT ERKEK BEBEK,Kids-Baby,0.0
OVERSHIRT GÖMLEK CEKET,Men,0.0
OVERSHİRT FİT BASKILI İÇİ YUMUŞAK TÜYLÜ SWEATSHİRT KIZ ÇOCUK,Kids-Baby,0.0
OVERSHİRT FİT BİSİKLET YAKA BASKILI UZUN KOLLU TİŞÖRT KIZ ÇOCUK,Kids-Baby,-47.50059375742197
OVERSHİRT FİT BİSİKLET YAKA BRODE KISA KOLLU TİŞÖRT KIZ ÇOCUK,Kids-Baby,0.0
OVERSHİRT FİT BİSİKLET YAKA ÇİÇEKLİ İÇİ YUMUŞAK TÜYLÜ SWEATSHİRT KIZ BEBEK,Kids-Baby,0.0
OVERSHİRT FİT POLO YAKA BASKILI UZUN KOLLU GÖMLEK ERKEK ÇOCUK,Kids-Baby,0.0
OVERSHİRT FİT POLO YAKA EKOSE DESENLİ FLANEL UZUN KOLLU GÖMLEK ERKEK ÇOCUK,Kids-Baby,0.0
OVERSHİRT FİT POLO YAKA KARELİ FLANEL UZUN KOLLU GÖMLEK ERKEK ÇOCUK,Kids-Baby,0.0
OVERSHİRT FİT SIRT BASKILI İÇİ YUMUŞAK TÜYLÜ SWEATSHİRT KIZ ÇOCUK,Kids-Baby,0.0
OVERSHİRT FİT TAŞLI İÇİ YUMUŞAK TÜYLÜ SWEATSHİRT KIZ ÇOCUK,Kids-Baby,0.0
OVERSHİRT NBA FİT TİŞÖRT,Men,0.0
OVERSIZE,Men,0.0
OVERSIZE,Women,0.0
OVERSIZE %100 KETEN GÖMLEK,Women,0.0
OVERSIZE ATLET,Men,0.0
OVERSIZE ATLET,Women,0.0
OVERSIZE AYICIKLI TİŞÖRT,Women,0.0
OVERSIZE BASIC BEYAZ GÖMLEK,Women,0.0
OVERSIZE BASIC BLAZER CEKET,Women,0.0
OVERSIZE BASIC CEPLİ OXFORD CROP GÖMLEK,Women,0.0
OVERSIZE BASIC GÖMLEK,Women,0.0
OVERSIZE BASIC KALIN SWEATSHİRT,Women,0.0
OVERSIZE BASIC KIRMIZI GÖMLEK,Women,0.0
OVERSIZE BASIC MODAL GÖMLEK,Women,0.0
OVERSIZE BASIC PARAŞÜT BEYAZ GÖMLEK,Women,0.0
OVERSIZE BASIC PENYE TİŞÖRT,Women,0.0
OVERSIZE BASIC SWEATSHİRT,Women,0.0
OVERSIZE BASIC SİYAH TİŞÖRT,Women,0.0
OVERSIZE BASIC TRİKO KAZAK,Women,0.0
OVERSIZE BASIC TİŞÖRT,Women,0.0
OVERSIZE BASKILI KISA KOLLU TİŞÖRT,Kids-Baby,0.0
OVERSIZE BASKILI KISA KOLLU TİŞÖRT,Women,12.00019200307205
OVERSIZE BASKILI KISA KOLLU TİŞÖRT ERKEK BEBEK,Kids-Baby,0.0
OVERSIZE BASKILI KISA KOLLU TİŞÖRT ERKEK ÇOCUK,Kids-Baby,0.0
OVERSIZE BASKILI POLO TİŞÖRT ERKEK ÇOCUK,Kids-Baby,-16.154094678379668
OVERSIZE BASKILI SWEATSHIRT TİŞÖRT KIZ ÇOCUK,Kids-Baby,0.0
OVERSIZE BASKILI SWEATSHİRT,Women,-8.57155102215746
OVERSIZE BASKILI SWEATSHİRT KUMAŞ TİŞÖRT,Kids-Baby,0.0
OVERSIZE BASKILI TİŞÖRT,Kids-Baby,0.0
OVERSIZE BASKILI TİŞÖRT,Women,2.167225436724943
OVERSIZE BASKILI TİŞÖRT ERKEK BEBEK,Kids-Baby,4.1668154815052985
OVERSIZE BASKILI TİŞÖRT ERKEK ÇOCUK,Kids-Baby,0.0
OVERSIZE BASKILI TİŞÖRT KIZ ÇOCUK,Kids-Baby,-2.5000750022500617
OVERSIZE BASKILI ŞORT,Kids-Baby,0.0
OVERSIZE BASKILI ŞORT ERKEK ÇOCUK,Kids-Baby,0.0
OVERSIZE BENGALİN,Women,0.0
OVERSIZE BLAZER CEKET,Women,-20.2899432896085
OVERSIZE BRODE,Women,0.0
OVERSIZE BRODE GÜNLÜK,Women,0.0
OVERSIZE BİSİKLET YAKA KISA KOLLU TİŞÖRT ERKEK ÇOCUK,Kids-Baby,0.0
OVERSIZE BİSİKLET YAKA KISA KOLLU TİŞÖRT KIZ ÇOCUK,Kids-Baby,0.0
OVERSIZE BİSİKLET YAKA SLOGAN BASKILI KISA KOLLU TİŞÖRT KIZ ÇOCUK,Kids-Baby,0.0
OVERSIZE BİSİKLET YAKA SLOGAN BASKILI MODAL KISA KOLLU TİŞÖRT ERKEK ÇOCUK,Kids-Baby,0.0
OVERSIZE BİSİKLET YAKA YELEK,Women,0.0
OVERSIZE CEKET YAKA BASIC BLAZER CEKET,Women,0.0
OVERSIZE DANTEL KISA KOLLU TİŞÖRT,Women,0.0
OVERSIZE DESENLİ GÖMLEK ERKEK ÇOCUK,Kids-Baby,0.0
OVERSIZE DESENLİ KISA KOLLU TİŞÖRT ERKEK ÇOCUK,Kids-Baby,0.0
OVERSIZE DESENLİ SWEATSHIRT KIZ BEBEK,Kids-Baby,-47.27358679248714
OVERSIZE DOKULU,Women,0.0
OVERSIZE DİNOZOR BASKILI TİŞÖRT ERKEK BEBEK,Kids-Baby,0.0
OVERSIZE FIT YAKA DETAYLI MONT,Men,0.0
OVERSIZE FLANEL,Women,0.0
OVERSIZE FULAR YAKA KARELİ POPLİN GÖMLEK,Women,0.0
OVERSIZE GÖMLEK ERKEK ÇOCUK,Kids-Baby,0.0
OVERSIZE GÜNLÜK,Women,0.0
OVERSIZE HAKİM YAKA BLAZER CEKET,Women,0.0
OVERSIZE HAYVAN DESENLİ TİŞÖRT KIZ ÇOCUK,Kids-Baby,0.0
OVERSIZE HIRKA,Men,0.0
OVERSIZE HIRKA,Women,0.0
OVERSIZE K-POP LİSANSLI TİŞÖRT,Women,0.0
OVERSIZE KALIN KUMAŞ HIRKA,Women,0.0
OVERSIZE KALIN KUMAŞ KISA KOLLU TİŞÖRT,Women,0.0
OVERSIZE KALIN KUMAŞ SWEATSHİRT,Men,0.0
OVERSIZE KALIN KUMAŞ SWEATSHİRT,Women,0.0
OVERSIZE KALIN KUMAŞ UZUN KOLLU TİŞÖRT,Women,0.0
OVERSIZE KALIN SWEATSHİRT KUMAŞI SWEATSHİRT,Men,0.0
OVERSIZE KALIN SWEATSHİRT KUMAŞI SWEATSHİRT,Women,0.0
OVERSIZE KAPİTONELİ MONT,Women,0.0
OVERSIZE KARELİ FLANEL GÖMLEK,Women,0.0
OVERSIZE KAYIK YAKA BASKILI SWEATSHİRT,Women,-40.00057143673481
OVERSIZE KAYIK YAKA KAZAK,Women,-30.00025000208335
OVERSIZE KAZAK,Women,0.0
OVERSIZE KETEN,Women,0.0
OVERSIZE KETEN GÖRÜNÜMLÜ,Women,0.0
OVERSIZE KETEN KARIŞIMLI,Women,0.0
OVERSIZE KETEN KARIŞIMLI BLAZER CEKET,Women,0.0
OVERSIZE KETEN KARIŞIMLI GÖMLEK,Women,0.0
OVERSIZE KETEN KARIŞIMLI GÜNLÜK,Women,0.0
OVERSIZE KISA KOLLU BASİC TİŞÖRT,Men,0.0
OVERSIZE KISA KOLLU BLUZ,Women,0.0
OVERSIZE KISA KOLLU TİŞÖRT,Men,0.0
OVERSIZE KISA KOLLU TİŞÖRT,Women,0.0
OVERSIZE KISA TRENÇKOT,Women,0.0
OVERSIZE KRİNKIL KUMAŞ,Women,0.0
OVERSIZE MAROKEN,Women,0.0
OVERSIZE MODAL,Women,0.0
OVERSIZE MODAL HIRKA,Women,0.0
OVERSIZE MODAL KISA KOLLU TİŞÖRT,Women,0.0
OVERSIZE MODAL PANTOLON,Women,0.0
OVERSIZE MODAL SWEATSHİRT,Men,0.0
OVERSIZE MODAL SWEATSHİRT,Women,0.0
OVERSIZE MODAL UZUN KOLLU BLUZ,Women,0.0
OVERSIZE MUSLİN GÖMLEK,Kids-Baby,0.0
OVERSIZE MÜSLİN,Women,0.0
OVERSIZE MÜSLİN GÖMLEK,Kids-Baby,0.0
OVERSIZE MÜSLİN GÖMLEK,Women,0.0
OVERSIZE MÜSLİN GÜNLÜK,Women,0.0
OVERSIZE MÜSLİN UZUN KOLLU BLUZ,Women,0.0
OVERSIZE MÜSLİN UZUN KOLLU GÖMLEK,Women,0.0
OVERSIZE NAKIŞLI SWEATSHIRT KIZ BEBEK,Kids-Baby,-50.00083334722245
OVERSIZE NAKIŞLI YAKA BASKILI TİŞÖRT ERKEK ÇOCUK,Kids-Baby,0.0
OVERSIZE OXFORD,Women,0.0
OVERSIZE PALMİYE DESENLİ KISA KOLLU TİŞÖRT ERKEK BEBEK,Kids-Baby,0.0
OVERSIZE PAMUKLU,Women,0.0
OVERSIZE PAMUKLU GÖMLEK,Women,-30.000272729752087
OVERSIZE PAMUKLU KISA KOLLU TİŞÖRT,Women,0.0
OVERSIZE PAMUKLU UZUN KOLLU BLUZ,Women,0.0
OVERSIZE PAMUKLU ÇİZGİLİ TİŞÖRT,Women,0.0
OVERSIZE PANTOLON,Women,0.0
OVERSIZE PANTOLON ERKEK ÇOCUK,Kids-Baby,0.0
OVERSIZE PATCH DETAYLI TİŞÖRT ERKEK ÇOCUK,Kids-Baby,0.0
OVERSIZE PENYE KISA KOLLU TİŞÖRT,Women,0.0
OVERSIZE POLAR SWEATSHİRT,Women,0.0
OVERSIZE POLO TİŞÖRT,Kids-Baby,0.0
OVERSIZE POLO TİŞÖRT ERKEK BEBEK,Kids-Baby,0.0
OVERSIZE POLO TİŞÖRT ERKEK ÇOCUK,Kids-Baby,0.0
OVERSIZE POLO YAKA BASKILI TİŞÖRT,Women,0.0
OVERSIZE POLO YAKA FLANEL UZUN KOLLU GÖMLEK ERKEK ÇOCUK,Kids-Baby,0.0
OVERSIZE POLO YAKA GÖMLEK,Kids-Baby,0.0
OVERSIZE POLO YAKA GÖMLEK,Women,0.0
OVERSIZE POLO YAKA GÖMLEK ERKEK ÇOCUK,Kids-Baby,0.0
OVERSIZE POLO YAKA KADİFE UZUN KOLLU GÖMLEK ERKEK ÇOCUK,Kids-Baby,0.0
OVERSIZE POLO YAKA KISA KOLLU POLO TİŞÖRT ERKEK ÇOCUK,Kids-Baby,0.0
OVERSIZE POLO YAKA MÜSLİN KISA KOLLU GÖMLEK ERKEK ÇOCUK,Kids-Baby,0.0
OVERSIZE POLO YAKA SLOGAN BASKILI KISA KOLLU POLO TİŞÖRT ERKEK ÇOCUK,Kids-Baby,0.0
OVERSIZE POLO YAKA TWİLL UZUN KOLLU GÖMLEK ERKEK ÇOCUK,Kids-Baby,0.0
OVERSIZE POLO YAKA TİŞÖRT,Kids-Baby,0.0
OVERSIZE POPLİN,Women,0.0
OVERSIZE POPLİN GÖMLEK,Women,0.0
OVERSIZE POPLİN UZUN KOLLU GÖMLEK,Women,0.0
OVERSIZE POPLİN UZUN KOLLU TUNİK,Women,0.0
OVERSIZE PİKE KISA KOLLU TİŞÖRT,Men,0.0
OVERSIZE PİKE KISA KOLLU TİŞÖRT,Women,0.0
OVERSIZE PİKE POLO TİŞÖRT,Kids-Baby,0.0
OVERSIZE SATEN,Women,0.0
OVERSIZE SATEN GÖMLEK,Women,-30.00030000300003
OVERSIZE SIRT BASKILI TİŞÖRT,Women,10.769479295676046
OVERSIZE SKUBA DALGIÇ KUMAŞ HIRKA,Women,0.0
OVERSIZE SKUBA DALGIÇ KUMAŞ SWEATSHİRT,Men,0.0
OVERSIZE SPORCU MODAL TİŞÖRT,Women,0.0
OVERSIZE SWEATSHİRT,Women,0.0
OVERSIZE SWEATSHİRT KUMAŞI KISA KOLLU TİŞÖRT,Women,0.0
OVERSIZE SÜET BLAZER CEKET,Women,0.0
OVERSIZE TENCEL BLAZER CEKET,Women,0.0
OVERSIZE TRİKO HIRKA,Women,0.0
OVERSIZE TRİKO KAZAK,Men,0.0
OVERSIZE TRİKO KAZAK,Women,0.0
OVERSIZE TRİKO POLO TİŞÖRT,Men,0.0
OVERSIZE TRİKO PÜSKÜLLÜ YELEK,Women,0.0
OVERSIZE TÜL KISA KOLLU TİŞÖRT,Women,0.0
OVERSIZE TİŞÖRT,Kids-Baby,0.0
OVERSIZE TİŞÖRT ERKEK ÇOCUK,Kids-Baby,-5.724044488620607
OVERSIZE TİŞÖRT KIZ ÇOCUK,Kids-Baby,11.111481493827565
OVERSIZE UZUN KOLLU TUNİK,Women,0.0
OVERSIZE UZUN KOLLU TİŞÖRT,Women,0.0
OVERSIZE VUAL GÖMLEK,Women,0.0
OVERSIZE WAFFLE KISA KOLLU TİŞÖRT,Men,0.0
OVERSIZE WELSOFT PELÜŞ HIRKA,Women,0.0
OVERSIZE ÇİZGİLİ AKIŞKAN KUMAŞ GÖMLEK,Women,0.0
OVERSIZE ÇİZGİLİ KAZAK,Women,-16.000160001600026
OVERSIZE ÇİZGİLİ KETEN GÖRÜNÜMLÜ UZUN KOLLU GÖMLEK,Women,0.0
OVERSIZE ÇİZGİLİ OXFORD GÖMLEK,Women,0.0
OVERSIZE ÇİZGİLİ POPLİN GÖMLEK,Women,-6.666733334000003
OVERSIZE ÇİZGİLİ POPLİN GÖMLEK ERKEK ÇOCUK,Kids-Baby,-25.000312503906297
OVERSIZE ÇİZGİLİ TİŞÖRT,Women,0.0
OVERSIZE ÇİZGİLİ TİŞÖRT KIZ ÇOCUK,Kids-Baby,0.0
OVERSIZE ÇİÇEKLİ TİŞÖRT,Women,0.0
OVERSIZE ÇİÇEKLİ TİŞÖRT KIZ ÇOCUK,Kids-Baby,0.0
OVERSIZE ŞORT,Kids-Baby,0.0
OVERSIZE ŞORT,Men,0.0
OVERSIZE ŞORT,Women,0.0
OVERSİZE BASKILI 2'Lİ UZUN KOLLU TİŞÖRT ERKEK BEBEK,Kids-Baby,-20.000333338888982
OVERSİZE BASKILI PİKE TİŞÖRT ERKEK BEBEK,Kids-Baby,0.0
OVERSİZE BASKILI SWEATSHİRT ERKEK BEBEK,Kids-Baby,-25.00062501562539
OVERSİZE BASKILI SWEATSHİRT KIZ BEBEK,Kids-Baby,-47.501187529688245
OVERSİZE BASKILI TİŞÖRT,Women,0.0
OVERSİZE BASKILI TİŞÖRT ERKEK ÇOCUK,Kids-Baby,0.0
OVERSİZE DANTEL BASKILI TİŞÖRT,Women,0.0
OVERSİZE DİK YAKA KAŞE KABAN,Women,0.0
OVERSİZE FITTED BİSİKLET YAKA DANTEL KISA KOLLU MAXİ ELBİSE,Women,0.0
OVERSİZE GENİŞ KALIP AYI NAKIŞLI POLO YAKA FLANEL UZUN KOLLU GÖMLEK ERKEK ÇOCUK,Kids-Baby,0.0
OVERSİZE GENİŞ KALIP BASKILI 2'Lİ EŞOFMAN ALTI ERKEK BEBEK,Kids-Baby,-30.00037500468756
OVERSİZE GENİŞ KALIP BASKILI BİSİKLET YAKA KISA KOLLU TİŞÖRT KIZ ÇOCUK,Kids-Baby,0.0
OVERSİZE GENİŞ KALIP BASKILI SWEATSHİRT ERKEK ÇOCUK,Kids-Baby,-33.3338888981483
OVERSİZE GENİŞ KALIP BASKILI İÇİ YUMUŞAK TÜYLÜ SWEATSHİRT KIZ ÇOCUK,Kids-Baby,0.0
OVERSİZE GENİŞ KALIP BELİ LASTİKLİ BASKILI EŞOFMAN ALTI ERKEK ÇOCUK,Kids-Baby,0.0
OVERSİZE GENİŞ KALIP BELİ LASTİKLİ EŞOFMAN ALTI ERKEK ÇOCUK,Kids-Baby,0.0
OVERSİZE GENİŞ KALIP BÜYÜK YAKA ÇİÇEKLİ İÇİ YUMUŞAK TÜYLÜ SWEATSHİRT KIZ BEBEK,Kids-Baby,0.0
OVERSİZE GENİŞ KALIP BİSİKLET YAKA APLİKE WAFFLE UZUN KOLLU TİŞÖRT ERKEK ÇOCUK,Kids-Baby,0.0
OVERSİZE GENİŞ KALIP BİSİKLET YAKA BAKLAVA DESENLİ TRİKO KAZAK KIZ ÇOCUK,Kids-Baby,0.0
OVERSİZE GENİŞ KALIP BİSİKLET YAKA BASKILI 2'Lİ SWEATSHİRT ERKEK BEBEK,Kids-Baby,-30.00037500468756
OVERSİZE GENİŞ KALIP BİSİKLET YAKA BASKILI KISA KOLLU TİŞÖRT ERKEK ÇOCUK,Kids-Baby,-35.71517859375055
OVERSİZE GENİŞ KALIP BİSİKLET YAKA BASKILI KISA KOLLU TİŞÖRT KIZ ÇOCUK,Kids-Baby,0.0
OVERSİZE GENİŞ KALIP BİSİKLET YAKA BASKILI KISA KOLLU YAZLIK ELBİSE KIZ ÇOCUK,Kids-Baby,0.0
OVERSİZE GENİŞ KALIP BİSİKLET YAKA BASKILI OKUL SWEATSHİRT ERKEK ÇOCUK,Kids-Baby,0.0
OVERSİZE GENİŞ KALIP BİSİKLET YAKA BASKILI SKUBA DALGIÇ KUMAŞ SWEATSHİRT ERKEK ÇOCUK,Kids-Baby,-30.00042857755111
OVERSİZE GENİŞ KALIP BİSİKLET YAKA BASKILI SWEATSHİRT KIZ ÇOCUK,Kids-Baby,0.0
OVERSİZE GENİŞ KALIP BİSİKLET YAKA BASKILI UZUN KOLLU OKUL TİŞÖRTÜ KIZ ÇOCUK,Kids-Baby,0.0
OVERSİZE GENİŞ KALIP BİSİKLET YAKA BASKILI UZUN KOLLU TİŞÖRT ERKEK BEBEK,Kids-Baby,-25.455239688355146
OVERSİZE GENİŞ KALIP BİSİKLET YAKA BASKILI UZUN KOLLU TİŞÖRT ERKEK ÇOCUK,Kids-Baby,-34.51242363074063
OVERSİZE GENİŞ KALIP BİSİKLET YAKA BASKILI UZUN KOLLU TİŞÖRT KIZ ÇOCUK,Kids-Baby,0.0
OVERSİZE GENİŞ KALIP BİSİKLET YAKA BASİC DÜZ KISA KOLLU TİŞÖRT ERKEK ÇOCUK,Kids-Baby,0.0
OVERSİZE GENİŞ KALIP BİSİKLET YAKA DÜĞMELİ SWEATSHİRT KIZ ÇOCUK,Kids-Baby,0.0
OVERSİZE GENİŞ KALIP BİSİKLET YAKA KISA KOLLU BASKILI SWEATSHİRT KIZ ÇOCUK,Kids-Baby,0.0
OVERSİZE GENİŞ KALIP BİSİKLET YAKA KISA KOLLU TİŞÖRT ERKEK ÇOCUK,Kids-Baby,0.0
OVERSİZE GENİŞ KALIP BİSİKLET YAKA KISA KOLLU TİŞÖRT KIZ ÇOCUK,Kids-Baby,0.0
OVERSİZE GENİŞ KALIP BİSİKLET YAKA NAKIŞLI SWEATSHİRT ERKEK ÇOCUK,Kids-Baby,0.0
OVERSİZE GENİŞ KALIP BİSİKLET YAKA RENK BLOKLU BASKILI KISA KOLLU TİŞÖRT ERKEK ÇOCUK,Kids-Baby,0.0
OVERSİZE GENİŞ KALIP BİSİKLET YAKA SIRT BASKILI KISA KOLLU TİŞÖRT ERKEK ÇOCUK,Kids-Baby,0.0
OVERSİZE GENİŞ KALIP BİSİKLET YAKA SIRT BASKILI KISA KOLLU TİŞÖRT KIZ ÇOCUK,Kids-Baby,0.0
OVERSİZE GENİŞ KALIP BİSİKLET YAKA SIRT BASKILI SWEATSHİRT ERKEK ÇOCUK,Kids-Baby,0.0
OVERSİZE GENİŞ KALIP BİSİKLET YAKA SIRT BASKILI SWEATSHİRT KIZ ÇOCUK,Kids-Baby,0.0
OVERSİZE GENİŞ KALIP BİSİKLET YAKA SIRT BASKILI UZUN KOLLU TİŞÖRT ERKEK ÇOCUK,Kids-Baby,0.0
OVERSİZE GENİŞ KALIP BİSİKLET YAKA SIRT BASKILI YIKAMALI SOLUK EFEKTLİ SWEATSHİRT ERKEK ÇOCUK,Kids-Baby,0.0
OVERSİZE GENİŞ KALIP BİSİKLET YAKA SIRT BASKILI İÇİ YUMUŞAK TÜYLÜ SWEATSHİRT KIZ ÇOCUK,Kids-Baby,0.0
OVERSİZE GENİŞ KALIP BİSİKLET YAKA TAŞLI SWEATSHİRT KIZ ÇOCUK,Kids-Baby,0.0
OVERSİZE GENİŞ KALIP BİSİKLET YAKA TRİKO KAZAK KIZ ÇOCUK,Kids-Baby,0.0
OVERSİZE GENİŞ KALIP BİSİKLET YAKA UZUN KOLLU TİŞÖRT ERKEK ÇOCUK,Kids-Baby,0.0
OVERSİZE GENİŞ KALIP BİSİKLET YAKA ÇİZGİLİ SWEATSHİRT ERKEK ÇOCUK,Kids-Baby,0.0
OVERSİZE GENİŞ KALIP BİSİKLET YAKA ÇİÇEKLİ NAKIŞLI İÇİ YUMUŞAK TÜYLÜ SWEATSHİRT KIZ BEBEK,Kids-Baby,0.0
OVERSİZE GENİŞ KALIP BİSİKLET YAKA ÇİÇEKLİ UZUN KOLLU TİŞÖRT KIZ BEBEK,Kids-Baby,0.0
OVERSİZE GENİŞ KALIP DESENLİ KISA KOLLU GÖMLEK ERKEK ÇOCUK,Kids-Baby,0.0
OVERSİZE GENİŞ KALIP DİK YAKA UZUN KOLLU FERMUARLI GÖMLEK CEKET ERKEK ÇOCUK,Kids-Baby,0.0
OVERSİZE GENİŞ KALIP GABARDİN UZUN KOLLU GÖMLEK KIZ ÇOCUK,Kids-Baby,0.0
OVERSİZE GENİŞ KALIP KAPÜŞONLU BASKILI SWEATSHİRT ERKEK ÇOCUK,Kids-Baby,0.0
OVERSİZE GENİŞ KALIP KAPÜŞONLU BASKILI İÇİ YUMUŞAK TÜYLÜ SWEATSHİRT ERKEK ÇOCUK,Kids-Baby,0.0
OVERSİZE GENİŞ KALIP KAPÜŞONLU EKOSE DESENLİ FLANEL UZUN KOLLU GÖMLEK ERKEK ÇOCUK,Kids-Baby,0.0
OVERSİZE GENİŞ KALIP KAPÜŞONLU NAKIŞLI SWEATSHİRT ERKEK ÇOCUK,Kids-Baby,0.0
OVERSİZE GENİŞ KALIP KAPÜŞONLU OKUL SWEATSHİRT ERKEK ÇOCUK,Kids-Baby,0.0
OVERSİZE GENİŞ KALIP KAPÜŞONLU SIRT BASKILI SWEATSHİRT ERKEK ÇOCUK,Kids-Baby,0.0
OVERSİZE GENİŞ KALIP KAPÜŞONLU SIRT BASKILI SWEATSHİRT KIZ ÇOCUK,Kids-Baby,0.0
OVERSİZE GENİŞ KALIP KARELİ FLANEL UZUN KOLLU GÖMLEK ERKEK ÇOCUK,Kids-Baby,-25.000312503906297
OVERSİZE GENİŞ KALIP KISA KOLLU TİŞÖRT ERKEK BEBEK,Kids-Baby,0.0
OVERSİZE GENİŞ KALIP KISA KOLLU YAZLIK ELBİSE KIZ ÇOCUK,Kids-Baby,0.0
OVERSİZE GENİŞ KALIP MÜSLİN UZUN KOLLU BLUZ KIZ ÇOCUK,Kids-Baby,0.0
OVERSİZE GENİŞ KALIP OXFORD UZUN KOLLU GÖMLEK KIZ ÇOCUK,Kids-Baby,0.0
OVERSİZE GENİŞ KALIP OXFORD UZUN KOLLU OKUL GÖMLEĞİ KIZ ÇOCUK,Kids-Baby,0.0
OVERSİZE GENİŞ KALIP POLO YAKA BASKILI KISA KOLLU TİŞÖRT ERKEK ÇOCUK,Kids-Baby,0.0
OVERSİZE GENİŞ KALIP POLO YAKA BASKILI POPLİN KISA KOLLU GÖMLEK ERKEK ÇOCUK,Kids-Baby,0.0
OVERSİZE GENİŞ KALIP POLO YAKA BASKILI SELANİK KUMAŞ SWEATSHİRT ERKEK ÇOCUK,Kids-Baby,0.0
OVERSİZE GENİŞ KALIP POLO YAKA BASKILI UZUN KOLLU TİŞÖRT ERKEK ÇOCUK,Kids-Baby,-29.286132659037982
OVERSİZE GENİŞ KALIP POLO YAKA BASKILI İÇİ YUMUŞAK TÜYLÜ SWEATSHİRT ERKEK ÇOCUK,Kids-Baby,0.0
OVERSİZE GENİŞ KALIP POLO YAKA BASKILI İÇİ YUMUŞAK TÜYLÜ SWEATSHİRT KIZ ÇOCUK,Kids-Baby,0.0
OVERSİZE GENİŞ KALIP POLO YAKA BRODE KISA KOLLU GÖMLEK ERKEK ÇOCUK,Kids-Baby,0.0
OVERSİZE GENİŞ KALIP POLO YAKA DESENLİ KISA KOLLU GÖMLEK ERKEK ÇOCUK,Kids-Baby,0.0
OVERSİZE GENİŞ KALIP POLO YAKA DESENLİ PAMUKLU KISA KOLLU GÖMLEK ERKEK ÇOCUK,Kids-Baby,0.0
OVERSİZE GENİŞ KALIP POLO YAKA DESENLİ VİSKON KISA KOLLU GÖMLEK ERKEK ÇOCUK,Kids-Baby,0.0
OVERSİZE GENİŞ KALIP POLO YAKA EKOSE DESENLİ FLANEL UZUN KOLLU GÖMLEK ERKEK ÇOCUK,Kids-Baby,0.0
OVERSİZE GENİŞ KALIP POLO YAKA GABARDİN UZUN KOLLU OKUL GÖMLEĞİ ERKEK ÇOCUK,Kids-Baby,0.0
OVERSİZE GENİŞ KALIP POLO YAKA KAMUFLAJ DESENLİ GABARDİN UZUN KOLLU GÖMLEK ERKEK ÇOCUK,Kids-Baby,0.0
OVERSİZE GENİŞ KALIP POLO YAKA KARELİ FLANEL UZUN KOLLU GÖMLEK ERKEK ÇOCUK,Kids-Baby,0.0
OVERSİZE GENİŞ KALIP POLO YAKA KARELİ UZUN KOLLU GÖMLEK ERKEK ÇOCUK,Kids-Baby,0.0
OVERSİZE GENİŞ KALIP POLO YAKA KETEN GÖRÜNÜMLÜ KISA KOLLU GÖMLEK ERKEK ÇOCUK,Kids-Baby,0.0
OVERSİZE GENİŞ KALIP POLO YAKA KISA KOLLU GÖMLEK ERKEK ÇOCUK,Kids-Baby,0.0
OVERSİZE GENİŞ KALIP POLO YAKA MÜSLİN KISA KOLLU GÖMLEK ERKEK ÇOCUK,Kids-Baby,0.0
OVERSİZE GENİŞ KALIP POLO YAKA NAKIŞLI UZUN KOLLU OKUL TİŞÖRTÜ ERKEK ÇOCUK,Kids-Baby,0.0
OVERSİZE GENİŞ KALIP POLO YAKA PALMİYE DESENLİ KISA KOLLU GÖMLEK ERKEK ÇOCUK,Kids-Baby,0.0
OVERSİZE GENİŞ KALIP POLO YAKA PARAŞÜT KISA KOLLU GÖMLEK ERKEK ÇOCUK,Kids-Baby,0.0
OVERSİZE GENİŞ KALIP POLO YAKA PARAŞÜT UZUN KOLLU GÖMLEK ERKEK ÇOCUK,Kids-Baby,0.0
OVERSİZE GENİŞ KALIP POLO YAKA POPLİN KISA KOLLU GÖMLEK ERKEK ÇOCUK,Kids-Baby,0.0
OVERSİZE GENİŞ KALIP POLO YAKA UZUN KOLLU GÖMLEK ERKEK ÇOCUK,Kids-Baby,0.0
OVERSİZE GENİŞ KALIP POLO YAKA VİSKON DESENLİ KISA KOLLU GÖMLEK ERKEK ÇOCUK,Kids-Baby,0.0
OVERSİZE GENİŞ KALIP POLO YAKA WAFFLE UZUN KOLLU GÖMLEK ERKEK ÇOCUK,Kids-Baby,0.0
OVERSİZE GENİŞ KALIP POLO YAKA YARIM FERMUARLI BASKILI POLAR SWEATSHİRT ERKEK ÇOCUK,Kids-Baby,0.0
OVERSİZE GENİŞ KALIP POLO YAKA ÇİZGİLİ KISA KOLLU GÖMLEK ERKEK ÇOCUK,Kids-Baby,0.0
OVERSİZE GENİŞ KALIP POLO YAKA ÇİZGİLİ UZUN KOLLU GÖMLEK ERKEK ÇOCUK,Kids-Baby,-30.00037500468756
OVERSİZE GENİŞ KALIP V YAKA BASKILI KISA KOLLU TİŞÖRT ERKEK ÇOCUK,Kids-Baby,0.0
OVERSİZE GENİŞ KALIP V YAKA BASKILI KISA KOLLU TİŞÖRT KIZ ÇOCUK,Kids-Baby,0.0
OVERSİZE GENİŞ KALIP V YAKA BASKILI OKUL SWEATSHİRT KIZ ÇOCUK,Kids-Baby,0.0
OVERSİZE GENİŞ KALIP V YAKA BASKILI PARAŞÜT UZUN KOLLU TİŞÖRT ERKEK ÇOCUK,Kids-Baby,0.0
OVERSİZE GENİŞ KALIP V YAKA BASKILI TÜL KISA KOLLU TİŞÖRT ERKEK ÇOCUK,Kids-Baby,0.0
OVERSİZE GENİŞ KALIP V YAKA BASKILI UZUN KOLLU TİŞÖRT ERKEK ÇOCUK,Kids-Baby,0.0
OVERSİZE GENİŞ KALIP V YAKA NAKIŞLI TÜL KISA KOLLU TİŞÖRT ERKEK ÇOCUK,Kids-Baby,0.0
OVERSİZE GENİŞ KALIP V YAKA TRİKO SÜVETER KIZ ÇOCUK,Kids-Baby,0.0
OVERSİZE GENİŞ KALIP YARIM BALIKÇI YAKA FERMUARLI PARAŞÜT BOMBER CEKET ERKEK ÇOCUK,Kids-Baby,0.0
OVERSİZE GENİŞ KALIP YARIM FERMUARLI BASKILI JAKARLI SWEATSHİRT ERKEK ÇOCUK,Kids-Baby,0.0
OVERSİZE GENİŞ KALIP YUVARLAK YAKA KISA KOLLU TİŞÖRT ERKEK ÇOCUK,Kids-Baby,0.0
OVERSİZE GENİŞ KALIP ÇITÇITLI SWEATSHİRT KIZ ÇOCUK,Kids-Baby,0.0
OVERSİZE GENİŞ KALIP ÇİZGİLİ BASKILI KISA KOLLU POLO TİŞÖRT ERKEK ÇOCUK,Kids-Baby,0.0
OVERSİZE KALIN KUMAŞ TİŞÖRT ERKEK ÇOCUK,Kids-Baby,0.0
OVERSİZE KAPÜŞONLU BASKILI SWEATSHİRT ERKEK ÇOCUK,Kids-Baby,-40.00050000625008
OVERSİZE KETEN ÇİZGİLİ GÖMLEK,Women,0.0
OVERSİZE LOONEY TUNES BASKILI TİŞÖRT,Women,0.0
OVERSİZE LİSANSLI BASKILI TİŞÖRT,Women,0.0
OVERSİZE NBA BASKILI ATLET,Men,0.0
OVERSİZE NBA TİŞÖRT,Men,0.0
OVERSİZE POLO TİŞÖRT ERKEK BEBEK,Kids-Baby,0.0
OVERSİZE SIRT BASKILI SWEATSHİRT ERKEK BEBEK,Kids-Baby,-20.00040000800016
OVERSİZE TİŞÖRT ERKEK BEBEK,Kids-Baby,0.0
OVERSİZE UZUN KOLLU KETEN GÖMLEK,Women,0.0
OVERSİZE ÇİZGİLİ GÖMLEK,Women,0.0
OVERSİZE ÇİZGİLİ TİŞÖRT ERKEK BEBEK,Kids-Baby,-30.000750018750466
OXFORD 2'Lİ GÖMLEK KIZ ÇOCUK,Kids-Baby,0.0
OXFORD 2'Lİ TAKIM KOLSUZ BLUZ ŞORT KIZ ÇOCUK,Kids-Baby,0.0
OXFORD 2'Lİ UZUN KOLLU GÖMLEK KIZ ÇOCUK,Kids-Baby,0.0
OXFORD GÖMLEK TİŞÖRT 2'Lİ TAKIM KIZ ÇOCUK,Kids-Baby,-5.5556172846364955
OXFORD KARELİ UZUN KOLLU GÖMLEK KIZ ÇOCUK,Kids-Baby,0.0
OXFORD SIRT ÇANTASI ERKEK ÇOCUK,Kids-Baby,0.0
OXFORD UZUN KOLLU GÖMLEK ERKEK BEBEK,Kids-Baby,-27.500687517187927
PALAZZO GENİŞ BOL PAÇA DESENLİ PANTOLON KIZ ÇOCUK,Kids-Baby,0.0
PALAZZO GENİŞ BOL PAÇA ÇİÇEK DESENLİ PANTOLON KIZ ÇOCUK,Kids-Baby,0.0
PAMUK ASTARLI ÇAPRAZ DOKUMA TRENÇKOT,Women,-20.000071428826534
PAMUK BASKILI TİŞÖRT,Men,0.0
PAMUKLU 2'Lİ HİPSTER KÜLOT,Women,0.0
PAMUKLU 2'Lİ TAKIM BASKILI KISA KOLLU TİŞÖRT BELİ LASTİKLİ ŞORT KIZ ÇOCUK,Kids-Baby,0.0
PAMUKLU 2'Lİ TAKIM BASKILI KISA KOLLU TİŞÖRT BİKER TAYT KIZ ÇOCUK,Kids-Baby,0.0
PAMUKLU 2'Lİ ÇORAP ERKEK ÇOCUK,Kids-Baby,0.0
PAMUKLU 3'LÜ ÇORAP KIZ BEBEK,Kids-Baby,0.0
PAMUKLU 5'Lİ BABET,Men,0.0
PAMUKLU ATLET,Women,0.0
PAMUKLU BRİEF HAMİLE KÜLODU,Women,0.0
PAMUKLU BUCKET ŞAPKA KIZ ÇOCUK,Kids-Baby,0.0
PAMUKLU CAP ŞAPKA ERKEK ÇOCUK,Kids-Baby,10.00040001600064
PAMUKLU CAP ŞAPKA KIZ ÇOCUK,Kids-Baby,0.0
PAMUKLU DENİM ELBİSE KIZ BEBEK,Kids-Baby,5.000050000500005
PAMUKLU DENİM ŞORT ERKEK BEBEK,Kids-Baby,0.0
PAMUKLU DESENLİ KISA KOLLU YAZLIK ELBİSE KIZ ÇOCUK,Kids-Baby,0.0
PAMUKLU DÜĞMELİ JEAN YELEK KIZ ÇOCUK,Kids-Baby,0.0
PAMUKLU ELBİSE,Women,0.0
PAMUKLU ELBİSE KIZ BEBEK,Kids-Baby,-20.000153847337288
PAMUKLU ELBİSE KIZ ÇOCUK,Kids-Baby,0.0
PAMUKLU ETEK KIZ ÇOCUK,Kids-Baby,7.69242603732365
PAMUKLU EĞLENCELİ ÇORAPLAR,Women,0.0
PAMUKLU FERMUARLI DENİM CEKET KIZ ÇOCUK,Kids-Baby,0.0
PAMUKLU GÖMLEK ERKEK BEBEK,Kids-Baby,-30.000500008333468
PAMUKLU HAMİLE KÜLODU,Women,0.0
PAMUKLU HAVLU ÇORAP,Men,0.0
PAMUKLU HIRKA,Women,0.0
PAMUKLU JEAN ŞORT ETEK KIZ ÇOCUK,Kids-Baby,0.0
PAMUKLU KAPLI PEDLİ BALENLİ 2'Lİ TİŞÖRT BRA,Women,0.0
PAMUKLU KAPLI PEDLİ BALENSİZ BRA,Women,0.0
PAMUKLU KAPSIZ PEDSİZ BALENSİZ,Women,0.0
PAMUKLU KISA KOLLU BASİC DÜZ POLO TİŞÖRT KIZ ÇOCUK,Kids-Baby,0.0
PAMUKLU KISA KOLLU TULUM KIZ ÇOCUK,Kids-Baby,0.0
PAMUKLU KIZ BEBEK ELBİSE,Kids-Baby,0.0
PAMUKLU KIZ ÇOCUK,Kids-Baby,0.0
PAMUKLU KIŞLIK ÇORAP KIZ ÇOCUK,Kids-Baby,0.0
PAMUKLU KOLSUZ BLUZ,Women,0.0
PAMUKLU KOLSUZ KISA TULUM KIZ ÇOCUK,Kids-Baby,0.0
PAMUKLU KÜLOTLU ÇORAP KIZ ÇOCUK,Kids-Baby,0.0
PAMUKLU MAXİ ELBİSE,Women,0.0
PAMUKLU MİDİ ELBİSE,Women,0.0
PAMUKLU MİNİ ELBİSE,Women,0.0
PAMUKLU PANTOLON KIZ BEBEK,Kids-Baby,0.0
PAMUKLU PAPERBAG ŞORT,Kids-Baby,0.0
PAMUKLU PAPYON PANTOLON ASKISI 2'Lİ ERKEK ÇOCUK,Kids-Baby,0.0
PAMUKLU PEŞTEMAL KIZ ÇOCUK,Kids-Baby,0.0
PAMUKLU PLAJ HAVLUSU,Men,0.0
PAMUKLU SLİP KÜLOT,Women,0.0
PAMUKLU SOKET ÇORAP,Women,0.0
PAMUKLU TULUM ERKEK BEBEK,Kids-Baby,-20.00020000200002
PAMUKLU UZUN KOLLU GÖMLEK,Women,0.0
PAMUKLU UZUN ÇORAP,Men,0.0
PAMUKLU UZUN ÇORAP,Women,0.0
PAMUKLU ŞORT ERKEK BEBEK,Kids-Baby,0.0
PAMUKLU ŞORT KIZ ÇOCUK,Kids-Baby,0.0
PANDA TEMALI DÜZ TABAN PANDUF ERKEK ÇOCUK,Kids-Baby,0.0
PANTOLON,Men,-10.162272024562427
PANTOLON,Women,-32.300323003230034
PANTOLON ASKILI JEAN ŞORT ERKEK BEBEK,Kids-Baby,0.0
PANTOLON ERKEK BEBEK,Kids-Baby,-12.727504136438844
PANTOLON ERKEK ÇOCUK,Kids-Baby,-13.529650523244522
PAPERBAG AKIŞKAN KUMAŞ PANTOLON KIZ BEBEK,Kids-Baby,0.0
PAPERBAG BEL PAPERBAG PANTOLON,Women,0.0
PAPERBAG BEL WIDE LEG PANTOLON,Women,0.0
PAPERBAG BELMANDO ŞORT,Women,0.0
PAPERBAG BELİ LASTİKLİ BİLEK BOY JEAN PANTOLON,Women,0.0
PAPERBAG DÜZ PAÇA JEAN PANTOLON KIZ BEBEK,Kids-Baby,0.0
PAPERBAG GABARDİN KUMAŞ PANTOLON YÜKSEK BEL CEPLİ BASIC STANDART PAÇA,Women,0.0
PAPERBAG GABARDİN ŞORT KIZ BEBEK,Kids-Baby,0.0
PAPERBAG JEAN PANTOLON KIZ BEBEK,Kids-Baby,-30.00037500468756
PAPERBAG JEAN PANTOLON KIZ ÇOCUK,Kids-Baby,-30.00037500468756
PAPERBAG JEAN ŞORT KIZ BEBEK,Kids-Baby,0.0
PAPERBAG JEAN ŞORT KIZ ÇOCUK,Kids-Baby,0.0
PAPERBAG JOGGER PAÇA PAMUKLU JEAN PANTOLON KIZ ÇOCUK,Kids-Baby,0.0
PAPERBAG KARGO GENİŞ PAÇA JEAN PANTOLON KIZ ÇOCUK,Kids-Baby,0.0
PAPERBAG PAMUKLU ŞORT,Kids-Baby,0.0
PAPERBAG ÇİÇEKLİ JEAN PANTOLON KIZ BEBEK,Kids-Baby,0.0
PAPERBAG ŞORT,Kids-Baby,0.0
PAPERBAG ŞORT KIZ ÇOCUK,Kids-Baby,0.0
PARAŞÜT CEKET,Women,0.0
PARAŞÜT JEAN PANTOLON ERKEK ÇOCUK,Kids-Baby,0.0
PARAŞÜT JOGGER PAÇA PAMUKLU PANTOLON KIZ ÇOCUK,Kids-Baby,0.0
PARAŞÜT JOGGER PAÇA PANTOLON KIZ ÇOCUK,Kids-Baby,0.0
PARAŞÜT KARGO CEPLİ JOGGER PAÇA PANTOLON KIZ ÇOCUK,Kids-Baby,0.0
PARAŞÜT KARGO JOGGER PAÇA PAMUKLU PANTOLON KIZ ÇOCUK,Kids-Baby,0.0
PARAŞÜT KARGO JOGGER PAÇA PANTOLON KIZ ÇOCUK,Kids-Baby,0.0
PARAŞÜT KIZ BEBEK,Kids-Baby,0.0
PARAŞÜT ÇAPRAZ ÇANTA,Men,0.0
PAREO KIZ ÇOCUK,Kids-Baby,0.0
PARKA,Men,0.0
PARKA,Women,0.0
PARKA MONT ÇIKARILABİLİR SUNİ KÜRK YAKA KAPÜŞONLU PELÜŞ ASTAR ERKEK ÇOCUK,Kids-Baby,0.0
PARLAK KUMAŞ MAYO KIZ ÇOCUK,Kids-Baby,0.0
PATCHLI NAKIŞLI JEAN ELBİSE KIZ ÇOCUK,Kids-Baby,-20.000153847337288
PAW PATROL 2'Lİ TAKIM SWEATSHİRT EŞOFMAN ALTI ERKEK BEBEK,Kids-Baby,0.0
PAW PATROL BİSİKLET YAKA KISA KOLLU TİŞÖRT ERKEK BEBEK,Kids-Baby,0.0
PAW PATROL LİSANSLI TİŞÖRT,Kids-Baby,0.0
PAW PATROL MAYO ERKEK BEBEK,Kids-Baby,0.0
PAYETLİ KUMAŞ MİNİ ELBİSE,Women,0.0
PDRN PİNK COLLAGEN GEL MASK 28GR – ELASTİKİYET KORUYUCU & BESLEYİCİ KOLAJENLİ JEL YÜZ MASKESİ,Women,0.0
PEDRO SLIM FIT PANTOLON,Men,-26.237208061683642
PEDSİZ SÜTYEN DESTEKLİ ATLET,Women,0.0
PELÜŞ ASTAR FERMUARLI CEPLİ MONT KIZ ÇOCUK,Kids-Baby,0.0
PELÜŞ ASTAR FERMUARLI MONT KIZ ÇOCUK,Kids-Baby,0.0
PELÜŞ ASTAR FERMUARLI ŞİŞME MONT KIZ ÇOCUK,Kids-Baby,0.0
PELÜŞ EL ÇANTASI,Women,0.0
PELÜŞ EV TERLİĞİ ERKEK ÇOCUK,Kids-Baby,0.0
PELÜŞ KULAKLIK ERKEK ÇOCUK,Kids-Baby,0.0
PELÜŞ KULAKLIK KIZ ÇOCUK,Kids-Baby,0.0
PELÜŞ YAKALI FERMUARLI MONT KIZ ÇOCUK,Kids-Baby,0.0
PELÜŞ ÇAPRAZ ÇANTA,Women,0.0
PENYE 2'Lİ BOXER ERKEK ÇOCUK,Kids-Baby,0.0
PENYE 2'Lİ KISA KOLLU TULUM KIZ BEBEK YENİDOĞAN,Kids-Baby,0.0
PENYE 3'LÜ BOXER ERKEK ÇOCUK,Kids-Baby,-13.333714296598956
PENYE 3'LÜ SLİP KÜLOT ERKEK ÇOCUK,Kids-Baby,0.0
PENYE 3'LÜ SLİP KÜLOT KIZ ÇOCUK,Kids-Baby,0.0
PENYE ELBİSE,Women,0.0
PENYE ELBİSE KIZ ÇOCUK,Kids-Baby,0.0
PENYE ETEK,Kids-Baby,0.0
PENYE KAPLI 2'Lİ BRA,Kids-Baby,0.0
PENYE KISA KOLLU TİŞÖRT,Women,0.0
PENYE KUMAŞ BASKILI TİŞÖRT,Women,0.0
PENYE MİDİ ELBİSE,Women,0.0
PENYE TİŞÖRT KIZ BEBEK,Kids-Baby,0.0
PENYE TİŞÖRT KIZ ÇOCUK,Kids-Baby,-16.923467464633795
PENYE UZUN KOLLU TİŞÖRT KIZ BEBEK,Kids-Baby,0.0
PENYE ŞORT KIZ BEBEK,Kids-Baby,0.0
PEPTIDE-132 BONDİNG TREATMENT 120ML,Women,0.0
PEPTIDE-132 ULTRA BONDİNG SHAMPOO 200ML,Women,0.0
PEPTIDE-132 ULTRA PERFECT HAİR BONDİNG OİL SERUM,Women,0.0
PLAJ ELBİSESİ KIZ ÇOCUK,Kids-Baby,0.0
PLAJ ETEĞİ KIZ ÇOCUK,Kids-Baby,0.0
PLAJ KIYAFETİ,Women,0.0
PLAJ KIYAFETİ KIZ ÇOCUK,Kids-Baby,0.0
PLAJ ÇANTASI,Women,0.0
PLAYSTATION 3'LÜ PAMUKLU UZUN ÇORAP ERKEK ÇOCUK,Kids-Baby,0.0
PLAYSTATİON BASKILI ELDİVEN ERKEK ÇOCUK,Kids-Baby,0.0
PLAYSTATİON KAPÜŞONLU SWEATSHİRT ERKEK ÇOCUK,Kids-Baby,0.0
POCHACCO OVERSIZE KIZ ÇOCUK TİŞÖRT,Kids-Baby,0.0
POLAR 2'Lİ TAKIM,Men,0.0
POLAR 2'Lİ TAKIM YARIM FERMUARLI SWEATSHİRT EŞOFMAN ALTI ERKEK ÇOCUK,Kids-Baby,0.0
POLO GÖMLEK,Men,0.0
POLO TİŞÖRT ERKEK ÇOCUK,Kids-Baby,-9.091074383170602
POLO TİŞÖRT GABARDİN PANTOLON 2'Lİ TAKIM ERKEK ÇOCUK,Kids-Baby,-23.077100593081486
POLO TİŞÖRT KIZ ÇOCUK,Kids-Baby,-60.00085715510222
POLO YAKA AJURLU KAZAK,Women,-30.00023077100593
POLO YAKA BASKILI FİTİLLİ KAŞKORSE KOLSUZ ELBİSE KIZ ÇOCUK,Kids-Baby,0.0
POLO YAKA BASKILI FİTİLLİ KAŞKORSE KOLSUZ YAZLIK ELBİSE KIZ ÇOCUK,Kids-Baby,0.0
POLO YAKA BASKILI KISA KOLLU ELBİSE KIZ ÇOCUK,Kids-Baby,0.0
POLO YAKA BASKILI KISA KOLLU YAZLIK ELBİSE KIZ ÇOCUK,Kids-Baby,0.0
POLO YAKA BASKILI PİKE KISA KOLLU TİŞÖRT ERKEK BEBEK,Kids-Baby,0.0
POLO YAKA BASKILI SWEATSHIRT KIZ ÇOCUK,Kids-Baby,-40.00057143673481
POLO YAKA BASKILI SWEATSHİRT KIZ ÇOCUK,Kids-Baby,-47.50059375742197
POLO YAKA BASKILI TİŞÖRT ERKEK ÇOCUK,Kids-Baby,-30.00042857755111
POLO YAKA BASKILI TİŞÖRT KIZ ÇOCUK,Kids-Baby,-50.00083334722245
POLO YAKA BASKILI İÇİ YUMUŞAK TÜYLÜ SWEATSHİRT ERKEK ÇOCUK,Kids-Baby,0.0
POLO YAKA BASİC DÜZ KISA KOLLU TİŞÖRT ERKEK ÇOCUK,Kids-Baby,0.0
POLO YAKA BASİC DÜZ PAMUKLU KISA KOLLU OKUL TİŞÖRTÜ KIZ ÇOCUK,Kids-Baby,0.0
POLO YAKA BASİC DÜZ PİKE KISA KOLLU TİŞÖRT ERKEK ÇOCUK,Kids-Baby,0.0
POLO YAKA BASİC DÜZ PİKE OKUL TİŞÖRTÜ ERKEK ÇOCUK,Kids-Baby,0.0
POLO YAKA CEKET ERKEK ÇOCUK,Kids-Baby,0.0
POLO YAKA CEKET KIZ BEBEK,Kids-Baby,0.0
POLO YAKA CEPLİ BASIC SÜET CEKET MONT,Women,0.0
POLO YAKA DENİZ BASKILI PİKE KISA KOLLU TİŞÖRT ERKEK BEBEK,Kids-Baby,0.0
POLO YAKA DOKULU KISA KOLLU GÖMLEK ERKEK ÇOCUK,Kids-Baby,0.0
POLO YAKA DOKULU PAMUKLU KAZAK ERKEK ÇOCUK,Kids-Baby,-30.00042857755111
POLO YAKA DOKULU TRİKO KAZAK ERKEK ÇOCUK,Kids-Baby,-30.00042857755111
POLO YAKA DOKULU UZUN KOLLU GÖMLEK ERKEK ÇOCUK,Kids-Baby,0.0
POLO YAKA DİNOZOR DESENLİ KISA KOLLU TİŞÖRT ERKEK BEBEK,Kids-Baby,0.0
POLO YAKA EKOSE DESENLİ FERMUARLI FLANEL CEKET ERKEK ÇOCUK,Kids-Baby,0.0
POLO YAKA FERMUARLI BOMBER MONT KIZ ÇOCUK,Kids-Baby,0.0
POLO YAKA FERMUARLI KAŞE CEKET KIZ ÇOCUK,Kids-Baby,0.0
POLO YAKA FERMUARLI KISA KAŞE MONT KIZ ÇOCUK,Kids-Baby,0.0
POLO YAKA FİTİLLİ KADİFE UZUN KOLLU GÖMLEK ERKEK ÇOCUK,Kids-Baby,0.0
POLO YAKA GÖMLEK,Women,0.0
POLO YAKA HIRKA ERKEK ÇOCUK,Kids-Baby,-40.000307694674575
POLO YAKA JAKARLI UZUN KOLLU GÖMLEK ERKEK ÇOCUK,Kids-Baby,0.0
POLO YAKA JEAN CEKET ERKEK ÇOCUK,Kids-Baby,0.0
POLO YAKA KAZAK KIZ ÇOCUK,Kids-Baby,-25.62532031650396
POLO YAKA KAŞKORSE TİŞÖRT,Women,0.0
POLO YAKA KETEN GÖRÜNÜMLÜ BASİC DÜZ KISA KOLLU GÖMLEK ERKEK ÇOCUK,Kids-Baby,0.0
POLO YAKA KETEN GÖRÜNÜMLÜ KISA KOLLU BASİC DÜZ GÖMLEK ERKEK ÇOCUK,Kids-Baby,0.0
POLO YAKA KETEN GÖRÜNÜMLÜ UZUN KOLLU BASİC DÜZ GÖMLEK ERKEK ÇOCUK,Kids-Baby,0.0
POLO YAKA KETEN GÖRÜNÜMLÜ UZUN KOLLU GÖMLEK ERKEK ÇOCUK,Kids-Baby,0.0
POLO YAKA KETEN KARIŞIMLI UZUN KOLLU GÖMLEK ERKEK ÇOCUK,Kids-Baby,0.0
POLO YAKA KISA KOLLU AJURLU TRİKO KAZAK,Women,0.0
POLO YAKA MONT KIZ ÇOCUK,Kids-Baby,0.0
POLO YAKA MÜSLİN UZUN KOLLU GÖMLEK ERKEK BEBEK,Kids-Baby,-30.000500008333468
POLO YAKA NAKIŞLI KISA KOLLU TİŞÖRT ERKEK ÇOCUK,Kids-Baby,0.0
POLO YAKA NAKIŞLI PİKE KISA KOLLU TİŞÖRT ERKEK ÇOCUK,Kids-Baby,0.0
POLO YAKA NAKIŞLI TRİKO KAZAK KIZ ÇOCUK,Kids-Baby,0.0
POLO YAKA OXFORD UZUN KOLLU BASİC DÜZ GÖMLEK ERKEK ÇOCUK,Kids-Baby,-10.000166669444491
POLO YAKA OXFORD UZUN KOLLU BASİC DÜZ OKUL GÖMLEĞİ ERKEK ÇOCUK,Kids-Baby,0.0
POLO YAKA OXFORD UZUN KOLLU GÖMLEK ERKEK ÇOCUK,Kids-Baby,0.0
POLO YAKA OXFORD UZUN KOLLU OKUL GÖMLEĞİ ERKEK ÇOCUK,Kids-Baby,0.0
POLO YAKA PALMİYE DESENLİ KISA KOLLU TULUM ERKEK BEBEK,Kids-Baby,0.0
POLO YAKA PALMİYE DESENLİ KISA KOLLU TİŞÖRT ERKEK BEBEK,Kids-Baby,0.0
POLO YAKA PAMUKLU FERMUARLI KAZAK ERKEK ÇOCUK,Kids-Baby,-30.00042857755111
POLO YAKA PAMUKLU KISA KOLLU OKUL GÖMLEĞİ ERKEK ÇOCUK,Kids-Baby,0.0
POLO YAKA PELÜŞ ASTAR FERMUARLI MONT ERKEK ÇOCUK,Kids-Baby,0.0
POLO YAKA POPLİN KISA KOLLU BASİC DÜZ BEYAZ OKUL GÖMLEĞİ ERKEK ÇOCUK,Kids-Baby,0.0
POLO YAKA POPLİN KISA KOLLU OKUL GÖMLEĞİ ERKEK ÇOCUK,Kids-Baby,0.0
POLO YAKA POPLİN UZUN KOLLU GÖMLEK ERKEK ÇOCUK,Kids-Baby,0.0
POLO YAKA POPLİN UZUN KOLLU OKUL GÖMLEĞİ ERKEK ÇOCUK,Kids-Baby,0.0
POLO YAKA PİKE KISA KOLLU BASİC DÜZ TİŞÖRT ERKEK ÇOCUK,Kids-Baby,0.0
POLO YAKA PİKE KISA KOLLU TİŞÖRT ERKEK BEBEK,Kids-Baby,0.0
POLO YAKA PİKE KISA KOLLU TİŞÖRT ERKEK ÇOCUK,Kids-Baby,0.0
POLO YAKA PİKE UZUN KOLLU OKUL TİŞÖRTÜ ERKEK ÇOCUK,Kids-Baby,0.0
POLO YAKA RENK BLOKLU PİKE KISA KOLLU TİŞÖRT ERKEK BEBEK,Kids-Baby,0.0
POLO YAKA RENK BLOKLU PİKE KISA KOLLU TİŞÖRT ERKEK ÇOCUK,Kids-Baby,0.0
POLO YAKA RENK BLOKLU TRİKO KAZAK ERKEK ÇOCUK,Kids-Baby,0.0
POLO YAKA RENK BLOKLU TRİKO KAZAK KIZ ÇOCUK,Kids-Baby,0.0
POLO YAKA RENK BLOKLU UZUN KOLLU TİŞÖRT ERKEK ÇOCUK,Kids-Baby,0.0
POLO YAKA RİBANA UZUN KOLLU BASİC DÜZ TİŞÖRT KIZ ÇOCUK,Kids-Baby,0.0
POLO YAKA SUNİ DERİ MONT,Women,0.0
POLO YAKA SWEATSHİRT ERKEK ÇOCUK,Kids-Baby,0.0
POLO YAKA TRİKO KAZAK ERKEK BEBEK,Kids-Baby,0.0
POLO YAKA TRİKO KAZAK KIZ ÇOCUK,Kids-Baby,0.0
POLO YAKA UZUN KOLLU TİŞÖRT ERKEK ÇOCUK,Kids-Baby,0.0
POLO YAKA ÇITÇITLI MONT ERKEK ÇOCUK,Kids-Baby,0.0
POLO YAKA ÇİZGİLİ KETEN KARIŞIMLI UZUN KOLLU GÖMLEK ERKEK ÇOCUK,Kids-Baby,0.0
POLO YAKA ÇİZGİLİ PİKE KISA KOLLU TİŞÖRT ERKEK BEBEK,Kids-Baby,0.0
POLO YAKA ÇİZGİLİ PİKE KISA KOLLU TİŞÖRT ERKEK ÇOCUK,Kids-Baby,0.0
POLO YAKA ÇİZGİLİ SWEATSHİRT ERKEK ÇOCUK,Kids-Baby,0.0
POLO YAKA ÇİZGİLİ TRİKO KAZAK ERKEK BEBEK,Kids-Baby,0.0
POLO YAKA ÇİZGİLİ TİŞÖRT ERKEK ÇOCUK,Kids-Baby,0.0
POLO YAKA ÇİZGİLİ UZUN KOLLU GÖMLEK ERKEK ÇOCUK,Kids-Baby,0.0
PONPONLU BERE KIZ ÇOCUK,Kids-Baby,0.0
PONPONLU TRİKO BERE KIZ ÇOCUK,Kids-Baby,0.0
POPLİN,Men,0.0
POPLİN 2'Lİ TAKIM,Kids-Baby,0.0
POPLİN 2'Lİ TAKIM ÇİZGİLİ GÖMLEK PANTOLON ERKEK BEBEK,Kids-Baby,-23.077100593081486
POPLİN ASKILI MİNİ PUANTİYELİ ELBİSE,Women,0.0
POPLİN BLUZ KIZ ÇOCUK,Kids-Baby,-42.8577551107873
POPLİN ELBİSE,Kids-Baby,0.0
POPLİN ELBİSE,Women,0.0
POPLİN ETEK,Women,0.0
POPLİN ETEK KIZ BEBEK,Kids-Baby,0.0
POPLİN GÖMLEK KIZ ÇOCUK,Kids-Baby,-20.00025000312504
POPLİN KISA KOLLU BLUZ,Women,0.0
POPLİN KISA KOLLU OKUL GÖMLEĞİ KIZ ÇOCUK,Kids-Baby,0.0
POPLİN KIZ BEBEK,Kids-Baby,0.0
POPLİN KIZ ÇOCUK,Kids-Baby,0.0
POPLİN MAXİ ELBİSE,Women,0.0
POPLİN MİDİ ELBİSE,Women,0.0
POPLİN MİNİ ELBİSE,Women,0.0
POPLİN UZUN KOLLU GÖMLEK KIZ ÇOCUK,Kids-Baby,-35.00043750546882
POPLİN V YAKA BLUZ,Women,0.0
POPLİN ŞORT,Women,0.0
POPLİN ŞORT ERKEK BEBEK,Kids-Baby,0.0
PORTAKAL TEMALI BLOK SET,Women,0.0
POWERPUFF GİRLS BİSİKLET YAKA ATLET KIZ ÇOCUK,Kids-Baby,0.0
POWERPUFF GİRLS CROPPED FİT BİSİKLET YAKA FİTİLLİ KAŞKORSE KISA KOLLU TİŞÖRT KIZ ÇOCUK,Kids-Baby,0.0
POWERPUFF GİRLS OVERSİZE GENİŞ KALIP BİSİKLET YAKA KISA KOLLU TİŞÖRT KIZ ÇOCUK,Kids-Baby,0.0
POWERPUFF GİRLS OVERSİZE GENİŞ KALIP BİSİKLET YAKA SIRT BASKILI KISA KOLLU TİŞÖRT KIZ ÇOCUK,Kids-Baby,0.0
POWERPUFF GİRLS OVERSİZE GENİŞ KALIP BİSİKLET YAKA SWEATSHİRT KIZ ÇOCUK,Kids-Baby,0.0
PREMIUM BASKILI TİŞÖRT ERKEK ÇOCUK,Kids-Baby,0.0
PREMIUM OVERSIZE KALIN TİŞÖRT ERKEK ÇOCUK,Kids-Baby,0.0
PREMIUM OVERSIZE MONT,Men,0.0
PREMIUM REGULAR FIT MONT,Men,0.0
PREMİUM AKIŞKAN KUMAŞ PANTOLON,Men,0.0
PREMİUM DÜZ PAÇA PANTOLON,Men,0.0
PREMİUM KADIN GOURMAND 100 ML PARFÜM,Women,0.0
PREMİUM MASKE,Women,0.0
PROMANİ YÜZ TEMİZLEME VE MASAJ FIRÇASI,Women,0.0
PUANTİYELİ A KESİM NORMAL BEL SATEN ETEK,Women,0.0
PUANTİYELİ BAĞLAMALI YAKA KEMERLİ KOLSUZ MİDİ ELBİSE,Women,0.0
PUANTİYELİ BÜRÜMCÜK TİŞÖRT,Women,0.0
PUANTİYELİ FITTED KAYIK YAKA BLUZ,Women,0.0
PUANTİYELİ KISA KOLLU BLUZ,Women,0.0
PUANTİYELİ KISA KOLLU YAZLIK ELBİSE KIZ BEBEK,Kids-Baby,0.0
PUANTİYELİ KRİNKIL KUMAŞ KOLSUZ BLUZ,Women,0.0
PUANTİYELİ KUŞAKLI KISA KOLLU MİDİ ELBİSE,Women,0.0
PUANTİYELİ NORMAL BEL KREP MİDİ ETEK,Women,0.0
PUANTİYELİ PENYE KISA KOLLU TİŞÖRT,Women,0.0
PUANTİYELİ PENYE TİŞÖRT,Women,0.0
PUANTİYELİ POPLİN MİDİ ELBİSE,Women,0.0
PUANTİYELİ PİJAMA TAKIMI UZUN KOLLU ÜST ALT,Women,-30.000200001333344
PUANTİYELİ REGLAN KOL POPLİN UZUN KOLLU GÖMLEK KIZ BEBEK,Kids-Baby,0.0
PUANTİYELİ SATEN ASKILI YIRTMAÇLI MİDİ ELBİSE,Women,0.0
PUANTİYELİ SATEN PİJAMA TAKIMI ÜST ŞORT,Women,-30.00023077100593
PUANTİYELİ SATEN UZUN KOLLU GÖMLEK,Women,0.0
PUANTİYELİ SOFTSHELL PİJAMA TAKIMI,Women,0.0
PUANTİYELİ UZUN KOLLU MİNİ ELBİSE,Women,0.0
PUANTİYELİ YANDAN BÜZGÜLÜ MAYO,Women,0.0
PUANTİYELİ ŞİFON MİDİ ETEK,Women,0.0
PULL ON CARROT FİT YÜKSEK BEL BİLEK BOY AKIŞKAN KUMAŞ YIKAMALI PANTOLON,Women,0.0
PULL ON CARROT FİT YÜKSEK BEL CROP FİT YUMUŞAK JEAN PANTOLON,Women,0.0
PULL ON CULOTTE YÜKSEK BELİ LASTİKLİ AKIŞKAN KUMAŞ YIKAMALI PANTOLON,Women,0.0
PULL ON CULOTTE YÜKSEK BELİ LASTİKLİ AKIŞKAN KUMAŞ YIKAMALI İNCE JEAN PANTOLON,Women,0.0
PULL ON PAPERBAG YÜKSEK BEL DÜZ PAÇA UZUN YUMUŞAK JEAN PANTOLON,Women,0.0
PULL ON WİDE LEG YÜKSEK BEL UZUN AKIŞKAN KUMAŞ YIKAMALI PANTOLON,Women,0.0
PURE KOREAN COLLAGEN PATCH FOREHEAD (10ML),Women,0.0
PURE KOREAN FOOT MOİSTURİZİNG MASK- NEMLENDİRİCİ AYAK MASKESİ (10ML),Women,0.0
PURE KOREAN HYDROGEL LİP MASK- NEMLENDİRİCİ DUDAK MASKESİ (10ML),Women,0.0
PÖTİKARELİ GOFRE DOKULU ELBİSE KIZ BEBEK,Kids-Baby,0.0
PÖTİKARELİ POPLİN GÖMLEK KIZ BEBEK,Kids-Baby,-40.00057143673481
PÜSKÜLLÜ TRİKO HIRKA,Women,-26.666920637339402
PİJAMA TAKIMI ARAÇ BASKILI UZUN KOLLU ÜST UZUN ALT ERKEK BEBEK,Kids-Baby,0.0
PİJAMA TAKIMI AYICIKLI ÜST ALT,Women,0.0
PİJAMA TAKIMI BASKILI KISA KOLLU ÜST BELİ LASTİKLİ KISA ŞORT KIZ ÇOCUK,Kids-Baby,0.0
PİJAMA TAKIMI BASKILI KISA KOLLU ÜST UZUN ALT KIZ ÇOCUK,Kids-Baby,0.0
PİJAMA TAKIMI BASKILI UZUN KOLLU PENYE ÜST BELİ LASTİKLİ UZUN ALT KIZ BEBEK,Kids-Baby,0.0
PİJAMA TAKIMI BASKILI ÜST ALT,Women,0.0
PİJAMA TAKIMI BULUT BASKILI UZUN KOLLU WELSOFT PELÜŞ ÜST UZUN ALT KIZ BEBEK,Kids-Baby,0.0
PİJAMA TAKIMI BİSİKLET YAKA BASKILI KISA KOLLU ÜST BELİ LASTİKLİ DESENLİ ALT KIZ ÇOCUK,Kids-Baby,0.0
PİJAMA TAKIMI DESENLİ KISA KOLLU FİTİLLİ KAŞKORSE ÜST BELİ LASTİKLİ UZUN ALT KIZ BEBEK,Kids-Baby,0.0
PİJAMA TAKIMI DESENLİ KISA KOLLU PENYE ÜST BELİ LASTİKLİ ŞORT ERKEK BEBEK,Kids-Baby,0.0
PİJAMA TAKIMI DESENLİ ÜST ALT,Women,-10.00010000100001
PİJAMA TAKIMI DİNOZOR BASKILI UZUN KOLLU WELSOFT PELÜŞ ÜST UZUN ALT ERKEK BEBEK,Kids-Baby,0.0
PİJAMA TAKIMI FİTİLLİ KAŞKORSE DİNOZOR BASKILI UZUN KOLLU ÜST BELİ LASTİKLİ UZUN ALT ERKEK BEBEK,Kids-Baby,0.0
PİJAMA TAKIMI KADİFE BASKILI UZUN KOLLU ÜST UZUN ALT ERKEK ÇOCUK,Kids-Baby,0.0
PİJAMA TAKIMI KÖPEK BASKILI UZUN KOLLU ÜST DESENLİ UZUN ALT KIZ ÇOCUK,Kids-Baby,0.0
PİJAMA TAKIMI MEYVE BASKILI FİTİLLİ KAŞKORSE KISA KOLLU ÜST BELİ LASTİKLİ UZUN ALT KIZ BEBEK,Kids-Baby,0.0
PİJAMA TAKIMI PELÜŞ BASKILI UZUN KOLLU ÜST DESENLİ UZUN ALT KIZ ÇOCUK,Kids-Baby,0.0
PİJAMA TAKIMI POLAR UZUN KOLLU ÜST UZUN ALT KIZ ÇOCUK,Kids-Baby,0.0
PİJAMA TAKIMI POLAR UZUN KOLLU ÜST ÇİZGİLİ UZUN ALT KIZ ÇOCUK,Kids-Baby,0.0
PİJAMA TAKIMI REGULAR FİT AYICIKLI POİNTEL KUMAŞ UZUN KOLLU ÜST UZUN ALT,Women,0.0
PİJAMA TAKIMI REGULAR FİT POİNTEL KUMAŞ UZUN KOLLU ÜST UZUN ALT,Women,0.0
PİJAMA TAKIMI SATEN PUANTİYELİ ÜST UZUN ALT,Women,0.0
PİJAMA TAKIMI TAVŞAN BASKILI UZUN KOLLU VELUR ÜST ÇİZGİLİ UZUN ALT KIZ BEBEK,Kids-Baby,0.0
PİJAMA TAKIMI UZAY BASKILI UZUN KOLLU ÜST BELİ LASTİKLİ UZUN ALT ERKEK BEBEK,Kids-Baby,0.0
PİJAMA TAKIMI UZUN KOLLU ÜST ÇİZGİLİ UZUN ALT KIZ ÇOCUK,Kids-Baby,0.0
PİJAMA TAKIMI WAFFLE KISA KOLLU ÜST BELİ LASTİKLİ ŞORT ERKEK ÇOCUK,Kids-Baby,0.0
PİJAMA TAKIMI WAFFLE UZUN KOLLU ÜST BELİ LASTİKLİ UZUN ALT ERKEK ÇOCUK,Kids-Baby,0.0
PİJAMA TAKIMI YILBAŞI TEMALI UZUN KOLLU VELUR ÜST UZUN ALT ERKEK BEBEK,Kids-Baby,0.0
PİJAMA TAKIMI ÇİÇEKLİ UZUN KOLLU JAKARLI ÜST UZUN ALT KIZ BEBEK,Kids-Baby,0.0
PİJAMA TAKIMI ÜST ALT,Women,2.7778086423182478
PİJAMA TAKIMI ÜST DESENLİ ALT,Women,0.0
PİJAMA TAKIMI ÜST KARELİ ALT,Women,1.9608073820476408
PİJAMA TAKIMI ÜST ŞORT ALT,Women,0.0
PİKE 2'Lİ TAKIM,Men,0.0
PİKE BERMUDA,Men,0.0
PİKE ELBİSE,Women,0.0
PİKE GÖMLEK ERKEK ÇOCUK,Kids-Baby,-30.00037500468756
PİKE KISA KOLLU BASİC DÜZ POLO TİŞÖRT ERKEK ÇOCUK,Kids-Baby,0.0
PİKE KISA KOLLU POLO BASİC DÜZ TİŞÖRT ERKEK BEBEK,Kids-Baby,0.0
PİKE KISA KOLLU POLO TİŞÖRT,Men,0.0
PİKE KISA KOLLU TİŞÖRT,Women,0.0
PİKE POLO TİŞÖRT ERKEK ÇOCUK,Kids-Baby,0.0
PİKE POLO TİŞÖRT ŞORT 2'Lİ TAKIM ERKEK BEBEK,Kids-Baby,0.0
PİKE TİŞÖRT ERKEK ÇOCUK,Kids-Baby,0.0
PİKE ŞORT ERKEK BEBEK,Kids-Baby,0.0
PİKE ŞORT ERKEK ÇOCUK,Kids-Baby,0.0
PİLELİ ASKILI YAZLIK ELBİSE KIZ ÇOCUK,Kids-Baby,0.0
PİLELİ BERMUDA ŞORT,Women,0.0
PİLELİ ETEK KIZ ÇOCUK,Kids-Baby,0.0
PİLELİ JEAN ŞORT ETEK KIZ BEBEK,Kids-Baby,0.0
PİLİSE ELBİSE,Women,0.0
PİLİSE MAXİ ETEK,Women,0.0
RAHAT LASTİKLİ 3'LÜ PAMUKLU UZUN ÇORAP KIZ ÇOCUK,Kids-Baby,0.0
RAHAT LASTİKLİ 5'Lİ PAMUKLU PATİK ÇORAP KIZ ÇOCUK,Kids-Baby,0.0
RATATOUİLLE OVERSIZE SIRT BASKILI TİŞÖRT,Women,0.0
REGULAR ALT BİKİNİ,Women,0.0
REGULAR FIT,Men,0.0
REGULAR FIT,Women,0.0
REGULAR FIT %100 KETEN GÖMLEK,Men,0.0
REGULAR FIT %100 PAMUK BASKILI TİŞÖRT,Men,0.0
REGULAR FIT %100 PAMUK BASİC GÖMLEK,Men,0.0
REGULAR FIT %100 PAMUK BASİC SWEATSHİRT,Men,0.0
REGULAR FIT %100 PAMUK BASİC TİŞÖRT,Men,0.0
REGULAR FIT %100 PAMUK BERMUDA ŞORT,Men,0.0
REGULAR FIT %100 PAMUK DOKULU GÖMLEK,Men,0.0
REGULAR FIT %100 PAMUK DÜĞMELİ SWEATSHİRT,Men,0.0
REGULAR FIT %100 PAMUK FERMUARLI MONT,Men,0.0
REGULAR FIT %100 PAMUK FLANEL GÖMLEK,Men,0.0
REGULAR FIT %100 PAMUK GÖMLEK,Men,0.0
REGULAR FIT %100 PAMUK KADİFE GÖMLEK,Men,0.0
REGULAR FIT %100 PAMUK KARELİ GÖMLEK,Men,0.0
REGULAR FIT %100 PAMUK MONT,Men,0.0
REGULAR FIT %100 PAMUK MÜSLİN GÖMLEK,Men,0.0
REGULAR FIT %100 PAMUK OXFORD GÖMLEK,Men,0.0
REGULAR FIT %100 PAMUK PANTOLON,Men,0.0
REGULAR FIT %100 PAMUK POLO TİŞÖRT,Men,0.0
REGULAR FIT %100 PAMUK TİŞÖRT,Men,0.0
REGULAR FIT %100 PAMUK ÇİZGİLİ GÖMLEK,Men,0.0
REGULAR FIT %100 PAMUK ÇİZGİLİ SWEATSHİRT,Men,0.0
REGULAR FIT %100 PAMUK ÇİZGİLİ TİŞÖRT,Men,0.0
REGULAR FIT 2'Lİ BOXER,Men,0.0
REGULAR FIT 2'Lİ PİJAMA TAKIM,Kids-Baby,0.0
REGULAR FIT 3'LÜ,Men,0.0
REGULAR FIT 3'LÜ BOXER,Men,10.847728820339151
REGULAR FIT 3'LÜ BOXER SET,Men,0.0
REGULAR FIT 5'Lİ BOXER,Men,1.6241208834642785e-14
REGULAR FIT 7'Lİ BOXER,Men,0.0
REGULAR FIT AJURLU HIRKA,Women,-40.00036363966945
REGULAR FIT AJURLU TRİKO HIRKA,Women,0.0
REGULAR FIT AJURLU TRİKO YELEK,Women,0.0
REGULAR FIT AKIŞKAN KUMAŞ GÖMLEK,Men,0.0
REGULAR FIT AKIŞKAN KUMAŞ KISA KOLLU GÖMLEK,Men,0.0
REGULAR FIT AKIŞKAN KUMAŞ YELEK,Women,0.0
REGULAR FIT ALT,Men,0.0
REGULAR FIT ALT,Women,17.684564217600144
REGULAR FIT ASTARLI FERMUARLI MONT,Men,0.0
REGULAR FIT ASTARLI FERMUARLI YÜN MONT,Men,0.0
REGULAR FIT ATLET,Women,25.647828258377164
REGULAR FIT AYICIKLI KISA KOLLU TİŞÖRT,Kids-Baby,0.0
REGULAR FIT BASIC DÜZ KISA KOLLU TİŞÖRT,Women,0.0
REGULAR FIT BASIC FİTİLLİ KAŞKORSE TİŞÖRT,Women,0.0
REGULAR FIT BASIC PENYE TİŞÖRT,Women,0.0
REGULAR FIT BASIC PREMIUM TİŞÖRT,Women,0.0
REGULAR FIT BASIC TİŞÖRT,Women,0.0
REGULAR FIT BASIC YUMUŞAK TRİKO KAZAK,Women,-20.000285718367405
REGULAR FIT BASKILI KISA KOLLU TİŞÖRT,Men,0.0
REGULAR FIT BASKILI KISA KOLLU TİŞÖRT,Women,0.0
REGULAR FIT BASKILI KISA TİŞÖRT,Kids-Baby,0.0
REGULAR FIT BASKILI PENYE TİŞÖRT,Women,0.0
REGULAR FIT BASKILI RİBANA TİŞÖRT,Women,14.286122460641732
REGULAR FIT BASKILI TİŞÖRT,Kids-Baby,0.0
REGULAR FIT BASKILI TİŞÖRT,Men,0.0
REGULAR FIT BASKILI TİŞÖRT,Women,28.88965927980301
REGULAR FIT BASKILI TİŞÖRT ERKEK ÇOCUK,Kids-Baby,0.0
REGULAR FIT BASİC KISA KOLLU TİŞÖRT,Men,0.0
REGULAR FIT BASİC POLO TİŞÖRT,Men,0.0
REGULAR FIT BASİC T-SHİRT,Men,0.0
REGULAR FIT BASİC TİŞÖRT,Kids-Baby,0.0
REGULAR FIT BENGALİN,Women,0.0
REGULAR FIT BERMUDA,Men,0.0
REGULAR FIT BERMUDA,Women,0.0
REGULAR FIT BLAZER CEKET,Men,-11.800047200188802
REGULAR FIT BLAZER CEKET,Women,1.944457407493833
REGULAR FIT BOXER,Men,0.0
REGULAR FIT BOXER SET,Men,0.0
REGULAR FIT BRODE,Women,0.0
REGULAR FIT BRODE KOLSUZ BLUZ,Women,0.0
REGULAR FIT BRODE UZUN KOLLU TUNİK,Women,-3.3333611113425947
REGULAR FIT BUBBLE KISA KOLLU POLO TİŞÖRT,Men,0.0
REGULAR FIT BÜRÜMCÜK ATLET,Women,15.000375009375219
REGULAR FIT BÜRÜMCÜK KISA KOLLU BLUZ,Women,0.0
REGULAR FIT BÜRÜMCÜK KISA KOLLU TİŞÖRT,Women,0.0
REGULAR FIT BÜRÜMCÜK PANTOLON,Women,0.0
REGULAR FIT BÜRÜMCÜK TİŞÖRT,Women,0.0
REGULAR FIT BÜRÜMCÜK UZUN KOLLU BLUZ,Women,0.0
REGULAR FIT BÜRÜMCÜK UZUN KOLLU TUNİK,Women,0.0
REGULAR FIT BÜRÜMCÜK UZUN KOLLU TİŞÖRT,Women,0.0
REGULAR FIT BÜRÜMCÜK ŞORT,Women,0.0
REGULAR FIT BÜYÜK BEDEN PANTOLON,Men,0.0
REGULAR FIT BÜYÜK BEDEN POLO T-SHİRT,Men,0.0
REGULAR FIT BİKİNİ ALTI,Women,0.0
REGULAR FIT BİKİNİ ÜSTÜ,Women,0.0
REGULAR FIT BİSİKLET YAKA AYICIKLI KISA KOLLU TİŞÖRT,Kids-Baby,0.0
REGULAR FIT BİSİKLET YAKA BASIC DÜZ KISA KOLLU TİŞÖRT,Women,5.263268700393692
REGULAR FIT BİSİKLET YAKA BASKILI KISA KOLLU TİŞÖRT ERKEK ÇOCUK,Kids-Baby,0.0
REGULAR FIT BİSİKLET YAKA KISA KOLLU BLUZ,Women,0.0
REGULAR FIT BİSİKLET YAKA KISA KOLLU TİŞÖRT ERKEK BEBEK,Kids-Baby,0.0
REGULAR FIT BİSİKLET YAKA KISA KOLLU TİŞÖRT ERKEK ÇOCUK,Kids-Baby,0.0
REGULAR FIT BİSİKLET YAKA POPLİN UZUN KOLLU GÖMLEK,Women,0.0
REGULAR FIT BİSİKLET YAKA SLOGAN BASKILI KISA KOLLU TİŞÖRT ERKEK ÇOCUK,Kids-Baby,0.0
REGULAR FIT BİSİKLET YAKA UZUN KOLLU TİŞÖRT ERKEK ÇOCUK,Kids-Baby,0.0
REGULAR FIT BİSİKLET YAKA UZUN KOLLU TİŞÖRT KIZ ÇOCUK,Kids-Baby,0.0
REGULAR FIT BİSİKLET YAKA YELEK,Women,0.0
REGULAR FIT BİSİKLET YAKA ÇAPRAZ DOKUMA KISA KOLLU TİŞÖRT,Men,0.0
REGULAR FIT BİSİKLET YAKA ÇİÇEKLİ KISA KOLLU TİŞÖRT,Women,-16.66722224074136
REGULAR FIT BİSİKLET YAKA ÇİÇEKLİ PENYE UZUN KOLLU TİŞÖRT KIZ BEBEK,Kids-Baby,-33.33444448148272
REGULAR FIT CEKET YAKA YELEK,Women,0.0
REGULAR FIT CEP DETAYLI GÖMLEK CEKET,Men,0.0
REGULAR FIT CHINO KANVAS PANTOLON,Men,0.0
REGULAR FIT DANTEL DETAYLI TUNİK,Women,0.0
REGULAR FIT DERİ BLAZER CEKET,Women,0.0
REGULAR FIT DESENLİ KISA KOLLU TİŞÖRT ERKEK BEBEK,Kids-Baby,0.0
REGULAR FIT DOKULU,Men,0.0
REGULAR FIT DOKULU,Women,0.0
REGULAR FIT DOKULU BERMUDA,Men,0.0
REGULAR FIT DOKULU EŞOFMAN ALTI,Men,0.0
REGULAR FIT DOKULU KISA KOLLU BLUZ,Women,0.0
REGULAR FIT DOKULU KOLSUZ BLUZ,Women,0.0
REGULAR FIT DOKULU UZUN KOLLU BLUZ,Women,0.0
REGULAR FIT DOKUMA,Men,0.0
REGULAR FIT DÜZ PAÇA EŞOFMAN ALTI,Men,0.0
REGULAR FIT DÜZ PAÇA GABARDİN PANTOLON ERKEK ÇOCUK,Kids-Baby,0.0
REGULAR FIT DÜZ PAÇA PAMUKLU PANTOLON,Kids-Baby,0.0
REGULAR FIT DÜZ PAÇA PAMUKLU PANTOLON,Men,0.0
REGULAR FIT DÜZ PAÇA PANTOLON,Men,-10.333436667700003
REGULAR FIT DÜZ PAÇA PANTOLON ERKEK BEBEK,Kids-Baby,-20.000333338888982
REGULAR FIT DİK YAKA FERMUARLI HIRKA,Men,0.0
REGULAR FIT DİK YAKA FERMUARLI MONT,Men,-28.750143750718753
REGULAR FIT DİK YAKA HIRKA,Women,0.0
REGULAR FIT DİK YAKA NAKIŞLI KAZAK KIZ ÇOCUK,Kids-Baby,-30.00037500468756
REGULAR FIT DİK YAKA YELEK,Men,0.0
REGULAR FIT DİNOZOR BASKILI KISA KOLLU TİŞÖRT ERKEK BEBEK,Kids-Baby,0.0
REGULAR FIT EMZİRME ATLETİ,Women,0.0
REGULAR FIT ERKEK BASİC TİŞÖRT,Men,0.0
REGULAR FIT ERKEK CHİNO KANVAS PANTOLON,Men,0.0
REGULAR FIT ERKEK DOKULU EŞOFMAN ALTI,Men,0.0
REGULAR FIT ERKEK PAMUKLU SMART-CASUAL PANTOLON,Men,0.0
REGULAR FIT ETEK,Women,0.0
REGULAR FIT ETNİK DESENLİ BOXER,Men,0.0
REGULAR FIT FERMUAR CEPLİ PANTOLON,Men,-20.000222224691385
REGULAR FIT FERMUAR YAKA POLO TİŞÖRT,Men,0.0
REGULAR FIT FERMUARLI CEPLİ MONT,Men,0.0
REGULAR FIT FERMUARLI YAKA POLO TİŞÖRT,Men,0.0
REGULAR FIT FLAMLI PAMUK,Men,0.0
REGULAR FIT FLAMLI PAMUK,Women,0.0
REGULAR FIT FLAMLI PAMUK TUNİK,Women,0.0
REGULAR FIT FLANEL,Men,0.0
REGULAR FIT FLANEL ALT,Women,-14.285918370262433
REGULAR FIT FLANEL DESENLİ GÖMLEK,Men,0.0
REGULAR FIT FLANEL KISA KOLLU BLUZ,Women,0.0
REGULAR FIT FLANEL ÇİZGİLİ GÖMLEK,Men,0.0
REGULAR FIT FİTİLLİ KADİFE,Men,0.0
REGULAR FIT FİTİLLİ KADİFE GÖMLEK CEKET,Men,0.0
REGULAR FIT FİTİLLİ KADİFE SWEATSHİRT,Men,0.0
REGULAR FIT FİTİLLİ KAŞKORSE ATLET,Women,0.0
REGULAR FIT FİTİLLİ KAŞKORSE KISA KOLLU POLO TİŞÖRT,Women,0.0
REGULAR FIT FİTİLLİ KAŞKORSE KISA KOLLU TİŞÖRT,Women,0.0
REGULAR FIT GABARDİN,Men,0.0
REGULAR FIT GABARDİN BERMUDA,Men,0.0
REGULAR FIT GABARDİN BLAZER CEKET,Women,0.0
REGULAR FIT GABARDİN TRENÇKOT,Women,0.0
REGULAR FIT GABARDİN ŞORT,Women,0.0
REGULAR FIT GENİŞ PAÇA PANTOLON,Women,0.0
REGULAR FIT GOFRE DOKULU,Women,0.0
REGULAR FIT GOFRE DOKULU GÖMLEK,Women,0.0
REGULAR FIT GOFRE DOKULU PANTOLON,Women,0.0
REGULAR FIT GOFRE DOKULU TUNİK,Women,-40.00033333611113
REGULAR FIT GOFRE DOKULU UZUN KOLLU BLUZ,Women,0.0
REGULAR FIT GOFRE DOKULU UZUN KOLLU TUNİK,Women,0.0
REGULAR FIT GÖMLEK,Kids-Baby,0.0
REGULAR FIT GÖMLEK CEKET,Men,0.0
REGULAR FIT GÖMLEK YAKA CEKET,Women,0.0
REGULAR FIT GÖMLEK YAKA FERMUARLI MONT,Men,0.0
REGULAR FIT GÖMLEK YAKA GOFRE DOKULU UZUN KOLLU GÖMLEK,Women,0.0
REGULAR FIT GÖMLEK YAKA TWİLL TRENÇKOT,Women,0.0
REGULAR FIT GÜNLÜK,Men,0.0
REGULAR FIT HAMİLE ALTI,Women,0.0
REGULAR FIT HIRKA,Men,15.38473372872099
REGULAR FIT HIRKA,Women,-57.84821455743888
REGULAR FIT HIZLI KURUYAN PANTOLON,Men,0.0
REGULAR FIT JAKARLI,Men,0.0
REGULAR FIT JAKARLI BERMUDA,Men,0.0
REGULAR FIT JAKARLI KISA KOLLU POLO TİŞÖRT ERKEK BEBEK,Kids-Baby,0.0
REGULAR FIT JAKARLI UZUN KOLLU BLUZ,Women,0.0
REGULAR FIT JEAN,Women,0.0
REGULAR FIT JEAN BERMUDA,Men,0.0
REGULAR FIT JEAN GÖMLEK,Women,13.33342222281482
REGULAR FIT JEAN ŞORT,Women,0.0
REGULAR FIT JEAN ŞORT ERKEK ÇOCUK,Kids-Baby,0.0
REGULAR FIT JOGGER PANTOLON,Men,0.0
REGULAR FIT KALIN KUMAŞ SWEATSHİRT,Men,0.0
REGULAR FIT KALIN KUMAŞ SWEATSHİRT,Women,0.0
REGULAR FIT KALIN KUMAŞ ŞORT,Women,0.0
REGULAR FIT KALIN SWEATSHİRT KUMAŞI SWEATSHİRT,Men,0.0
REGULAR FIT KALIN SWEATSHİRT KUMAŞI SWEATSHİRT,Women,0.0
REGULAR FIT KALIN SWEATSHİRT KUMAŞI UZUN KOLLU TUNİK,Women,0.0
REGULAR FIT KAPÜŞONLU FERMUARLI SWEATSHİRT,Men,0.0
REGULAR FIT KAPÜŞONLU YELEK,Men,0.0
REGULAR FIT KARELİ KAŞE KABAN,Women,-30.000100000333337
REGULAR FIT KARELİ MODAL KOLSUZ BLUZ,Women,0.0
REGULAR FIT KARELİ POLAR GÖMLEK,Men,0.0
REGULAR FIT KARGO CEPLİ JOGGER PANTOLON,Men,0.0
REGULAR FIT KAYIK YAKA RİBANA TİŞÖRT,Women,0.0
REGULAR FIT KAZAK,Women,-17.096262967691107
REGULAR FIT KETEN,Men,0.0
REGULAR FIT KETEN GÖMLEK,Men,0.0
REGULAR FIT KETEN KARIŞIMLI,Men,0.0
REGULAR FIT KETEN KARIŞIMLI,Women,0.0
REGULAR FIT KETEN KARIŞIMLI BERMUDA,Men,0.0
REGULAR FIT KETEN KARIŞIMLI FERMUARLI MONT,Men,0.0
REGULAR FIT KETEN KARIŞIMLI GÖMLEK,Men,0.0
REGULAR FIT KETEN KARIŞIMLI GÖMLEK,Women,0.0
REGULAR FIT KETEN KARIŞIMLI KISA KOLLU BLUZ,Women,0.0
REGULAR FIT KETEN KARIŞIMLI TUNİK,Women,0.0
REGULAR FIT KETEN KARIŞIMLI UZUN KOLLU BLUZ,Women,0.0
REGULAR FIT KETEN KARIŞIMLI UZUN KOLLU TUNİK,Women,-15.151652893814182
REGULAR FIT KETEN KARIŞIMLI ŞORT,Women,0.0
REGULAR FIT KETEN UZUN KOLLU TUNİK,Women,0.0
REGULAR FIT KEÇE HIRKA,Women,0.0
REGULAR FIT KISA BOY ETEK,Women,0.0
REGULAR FIT KISA KOLLU BLUZ,Women,0.0
REGULAR FIT KISA KOLLU GÖMLEK,Men,0.0
REGULAR FIT KISA KOLLU GÖMLEK,Women,0.0
REGULAR FIT KISA KOLLU KAZAK,Women,0.0
REGULAR FIT KISA KOLLU POLO TİŞÖRT,Kids-Baby,0.0
REGULAR FIT KISA KOLLU POLO TİŞÖRT,Men,-2.197608115262736
REGULAR FIT KISA KOLLU TAKIM,Women,0.0
REGULAR FIT KISA KOLLU TUNİK,Women,0.0
REGULAR FIT KISA KOLLU TİŞÖRT,Men,-24.034792114260107
REGULAR FIT KISA KOLLU TİŞÖRT,Women,-26.180851485882183
REGULAR FIT KISA KOLLU TİŞÖRT ERKEK BEBEK,Kids-Baby,0.0
REGULAR FIT KISA KOLLU TİŞÖRT TUNİK,Women,0.0
REGULAR FIT KLASİK GÖMLEK,Men,0.0
REGULAR FIT KOLSUZ BLUZ,Women,0.0
REGULAR FIT KREP KISA KOLLU TİŞÖRT,Women,0.0
REGULAR FIT KREP KOLSUZ BLUZ,Women,0.0
REGULAR FIT KRİNKIL,Men,0.0
REGULAR FIT KRİNKIL BERMUDA,Men,0.0
REGULAR FIT KRİNKIL KISA KOLLU POLO TİŞÖRT,Men,0.0
REGULAR FIT KRİNKIL KUMAŞ,Women,0.0
REGULAR FIT KRİNKIL KUMAŞ BLAZER CEKET,Women,0.0
REGULAR FIT KRİNKIL KUMAŞ KISA KOLLU BLUZ,Women,0.0
REGULAR FIT KRİNKIL KUMAŞ KOLSUZ BLUZ,Women,0.0
REGULAR FIT KRİNKIL KUMAŞ UZUN KOLLU BLUZ,Women,0.0
REGULAR FIT KRİNKIL KUMAŞ UZUN KOLLU TUNİK,Women,0.0
REGULAR FIT KRİNKIL VİSKON,Women,0.0
REGULAR FIT KRİNKIL VİSKON UZUN KOLLU BLUZ,Women,0.0
REGULAR FIT KUŞAKLI BLAZER CEKET,Women,0.0
REGULAR FIT MAROKEN,Women,0.0
REGULAR FIT MAROKEN UZUN KOLLU BLUZ,Women,0.0
REGULAR FIT MAYO,Women,0.0
REGULAR FIT MEYVE DESENLİ,Men,0.0
REGULAR FIT MODAL,Women,0.0
REGULAR FIT MODAL KISA KOLLU BLUZ,Women,0.0
REGULAR FIT MODAL KOLSUZ BLUZ,Women,0.0
REGULAR FIT MODAL PANTOLON,Women,0.0
REGULAR FIT MODAL UZUN KOLLU BLUZ,Women,0.0
REGULAR FIT MODAL UZUN KOLLU TUNİK,Women,0.0
REGULAR FIT MODAL ŞORT,Women,0.0
REGULAR FIT MÜSLİN,Women,0.0
REGULAR FIT MÜSLİN TUNİK,Women,0.0
REGULAR FIT MÜSLİN ÜST,Women,0.0
REGULAR FIT NEFES ALABİLEN POLO TİŞÖRT,Men,0.0
REGULAR FIT NORMAL BEL DÜZ PAÇA BERMUDA ŞORT,Women,0.0
REGULAR FIT ODUNCU,Men,0.0
REGULAR FIT OXFORD,Men,0.0
REGULAR FIT OXFORD UZUN KOLLU TUNİK,Women,0.0
REGULAR FIT PAMUKLU,Men,0.0
REGULAR FIT PAMUKLU ATLET,Women,-21.569304135031686
REGULAR FIT PAMUKLU BERMUDA,Men,0.0
REGULAR FIT PAMUKLU KAPRİ,Men,0.0
REGULAR FIT PAMUKLU PANTOLON,Men,0.0
REGULAR FIT PAMUKLU PLAJ KIYAFETİ,Women,0.0
REGULAR FIT PAMUKLU SMART-CASUAL PANTOLON,Men,0.0
REGULAR FIT PAMUKLU TUNİK,Women,0.0
REGULAR FIT PAMUKLU UZUN KOLLU BLUZ,Women,0.0
REGULAR FIT PAMUKLU ŞORT KIZ BEBEK,Kids-Baby,0.0
REGULAR FIT PANTOLON,Men,-15.91851542615204
REGULAR FIT PANTOLON,Women,-10.641836428022152
REGULAR FIT PARAŞÜT PANTOLON,Women,0.0
REGULAR FIT PENYE,Men,0.0
REGULAR FIT PENYE ATLET,Women,0.0
REGULAR FIT PENYE KISA KOLLU TİŞÖRT,Women,0.0
REGULAR FIT POLAR SWEATSHİRT,Men,0.0
REGULAR FIT POLAR ÜST,Men,0.0
REGULAR FIT POLO YAKA BASIC DÜZ PİKE KISA KOLLU POLO TİŞÖRT ERKEK ÇOCUK,Kids-Baby,0.0
REGULAR FIT POLO YAKA FLANEL GÖMLEK,Men,0.0
REGULAR FIT POLO YAKA KAZAK,Women,-30.00030000300003
REGULAR FIT POLO YAKA KISA KOLLU POLO TİŞÖRT ERKEK ÇOCUK,Kids-Baby,0.0
REGULAR FIT POLO YAKA MONT,Men,0.0
REGULAR FIT POLO YAKA PAMUKLU GÖMLEK,Men,0.0
REGULAR FIT POLO YAKA TRİKO TİŞÖRT,Women,0.0
REGULAR FIT POLO YAKA TİŞÖRT,Men,0.0
REGULAR FIT POLO YAKA ÇAPRAZ DOKUMA GÖMLEK,Men,0.0
REGULAR FIT POLO YAKA ÇITÇITLI MONT,Men,-40.000200001
REGULAR FIT POPLİN,Women,0.0
REGULAR FIT POPLİN KISA KOLLU BLUZ,Women,0.0
REGULAR FIT POPLİN UZUN KOLLU TUNİK,Women,-21.48779864940921
REGULAR FIT PREMİUM KISA KOLLU TİŞÖRT,Women,0.0
REGULAR FIT PREMİUM TWİLL GÖMLEK,Men,0.0
REGULAR FIT PİJAMA ALTI,Women,0.0
REGULAR FIT PİKE ATLET,Women,0.0
REGULAR FIT PİKE HIRKA,Women,0.0
REGULAR FIT PİKE KISA KOLLU POLO TİŞÖRT,Men,0.0
REGULAR FIT PİKE SWEATSHİRT,Men,0.0
REGULAR FIT PİKE UZUN KOLLU TİŞÖRT,Women,0.0
REGULAR FIT PİKE ŞORT ERKEK ÇOCUK,Kids-Baby,0.0
REGULAR FIT PİLİSE KISA KOLLU POLO TİŞÖRT,Men,-12.000150001875024
REGULAR FIT REGULAR JOGGER PANTOLON,Men,0.0
REGULAR FIT RİBANA ALT,Women,-40.00050000625008
REGULAR FIT RİBANA ATLET,Women,0.0
REGULAR FIT RİBANA BASKILI TİŞÖRT,Women,0.0
REGULAR FIT RİBANA KAZAK,Kids-Baby,0.0
REGULAR FIT RİBANA KISA KOLLU TİŞÖRT,Women,0.0
REGULAR FIT RİBANA TİŞÖRT,Kids-Baby,0.0
REGULAR FIT RİBANA TİŞÖRT,Women,0.0
REGULAR FIT RİBANA ÜST,Women,0.0
REGULAR FIT SATEN,Women,0.0
REGULAR FIT SATEN KISA KOLLU BLUZ,Women,0.0
REGULAR FIT SATEN KISA KOLLU TUNİK,Women,0.0
REGULAR FIT SATEN KOLSUZ BLUZ,Women,0.0
REGULAR FIT SATEN UZUN KOLLU BLUZ,Women,0.0
REGULAR FIT SATEN ÜST,Women,0.0
REGULAR FIT SELANİK KUMAŞ UZUN KOLLU TUNİK,Women,0.0
REGULAR FIT SLOGAN DESENLİ KISA KOLLU TİŞÖRT ERKEK BEBEK,Kids-Baby,0.0
REGULAR FIT SOFTSHELL ALT,Women,0.0
REGULAR FIT SOFTSHELL ÜST,Women,0.0
REGULAR FIT SU GEÇİRMEZ KAPÜŞONLU MONT,Men,0.0
REGULAR FIT SU GEÇİRMEZ MONT,Men,0.0
REGULAR FIT SU GEÇİRMEZ PANTOLON,Men,0.0
REGULAR FIT SU İTİCİ FERMUARLI MONT,Men,0.0
REGULAR FIT SU İTİCİ KAPÜŞONLU MONT,Men,0.0
REGULAR FIT SU İTİCİ KAPÜŞONLU YAĞMURLUK,Men,0.0
REGULAR FIT SU İTİCİ MONT,Men,0.0
REGULAR FIT SWEATSHİRT,Men,-42.00042000420005
REGULAR FIT SWEATSHİRT,Women,0.0
REGULAR FIT SWEATSHİRT KUMAŞI PANTOLON ERKEK ÇOCUK,Kids-Baby,-20.00040000800016
REGULAR FIT SWEATSHİRT KUMAŞI SWEATSHİRT TUNİK,Women,0.0
REGULAR FIT SWEATSHİRT KUMAŞI ŞORT,Men,0.0
REGULAR FIT SWEATSHİRT KUMAŞI ŞORT ERKEK ÇOCUK,Kids-Baby,0.0
REGULAR FIT SWEATSHİRT TUNİK,Women,0.0
REGULAR FIT SÜET,Women,0.0
REGULAR FIT SÜET BLAZER CEKET,Women,0.0
REGULAR FIT SÜET GÖMLEK CEKET,Men,0.0
REGULAR FIT SÜVETER,Women,0.0
REGULAR FIT SİMLİ KUMAŞ,Women,0.0
REGULAR FIT SİMLİ KUMAŞ UZUN KOLLU BLUZ,Women,0.0
REGULAR FIT TAŞ BASKILI TİŞÖRT,Women,0.0
REGULAR FIT TRENÇKOT,Women,-28.205272847553054
REGULAR FIT TRİKO ATLET,Women,0.0
REGULAR FIT TRİKO GÖMLEK,Women,0.0
REGULAR FIT TRİKO HIRKA,Women,-32.76624237065521
REGULAR FIT TRİKO KAZAK,Men,0.0
REGULAR FIT TRİKO KAZAK,Women,0.0
REGULAR FIT TRİKO KISA KOLLU POLO TİŞÖRT,Men,0.0
REGULAR FIT TRİKO TUNİK,Women,-34.80796006123124
REGULAR FIT TULUM,Women,0.0
REGULAR FIT TUNİK,Women,0.0
REGULAR FIT TWEED BLAZER CEKET,Women,0.0
REGULAR FIT TWİLL,Men,0.0
REGULAR FIT TWİLL KISA KOLLU TİŞÖRT,Men,0.0
REGULAR FIT TWİLL TRENÇKOT,Women,-10.000040000160002
REGULAR FIT TÜL ALT,Women,0.0
REGULAR FIT TÜL ÜST,Women,0.0
REGULAR FIT UZUN ETEK,Women,0.0
REGULAR FIT UZUN KOLLU 2'Lİ TAKIM,Women,-7.142930029898265
REGULAR FIT UZUN KOLLU BLUZ,Women,0.0
REGULAR FIT UZUN KOLLU BODY,Men,0.0
REGULAR FIT UZUN KOLLU GÖMLEK,Women,-7.828371787053139
REGULAR FIT UZUN KOLLU GÖMLEK TUNİK,Women,0.0
REGULAR FIT UZUN KOLLU TUNİK,Women,-16.40718825626885
REGULAR FIT UZUN KOLLU TİŞÖRT,Women,-9.833530003933417
REGULAR FIT V YAKA BLAZER CEKET,Women,0.0
REGULAR FIT V YAKA KISA KOLLU TİŞÖRT ERKEK ÇOCUK,Kids-Baby,0.0
REGULAR FIT V YAKA UZUN KOLLU GÖMLEK,Women,0.0
REGULAR FIT V YAKA YELEK,Women,0.0
REGULAR FIT V YAKA ŞİFON ASKILI TULUM,Women,-30.00037500468756
REGULAR FIT VUAL KOLSUZ BLUZ,Women,0.0
REGULAR FIT VİSKON,Women,0.0
REGULAR FIT VİSKON GÜNLÜK,Women,0.0
REGULAR FIT VİSKON KOLSUZ BLUZ,Women,0.0
REGULAR FIT WAFFLE 2'Lİ PİJAMA TAKIMI ERKEK ÇOCUK,Kids-Baby,0.0
REGULAR FIT WAFFLE KISA KOLLU POLO TİŞÖRT,Men,0.0
REGULAR FIT WAFFLE ÜST,Women,0.0
REGULAR FIT WAFFLE ŞORT,Men,0.0
REGULAR FIT WRAP YAKA SOFTSHELL SABAHLIK,Women,0.0
REGULAR FIT YARIM BALIKÇI YAKA YELEK,Men,0.0
REGULAR FIT YARIM FERMUARLI SWEATSHİRT,Men,0.0
REGULAR FIT YARIM KOLLU MİDİ ELBİSE,Women,0.0
REGULAR FIT YELEK,Men,-60.00040000266669
REGULAR FIT YELEK,Women,-60.76969822844791
REGULAR FIT YUMUŞAK TUŞE GÖMLEK,Men,0.0
REGULAR FIT YUMUŞAK TUŞE KADİFE GÖMLEK,Men,0.0
REGULAR FIT YUMUŞAK TUŞE KADİFE SWEATSHİRT,Men,0.0
REGULAR FIT YÜKSEK BEL GENİŞ PAÇA OXFORD PANTOLON,Women,0.0
REGULAR FIT YÜKSEK BEL KETEN GÖRÜNÜMLÜ PANTOLON,Women,0.0
REGULAR FIT YÜN GÖRÜNÜMLÜ,Men,0.0
REGULAR FIT ÇAPRAZ DOKUMA BASİC TİŞÖRT,Men,0.0
REGULAR FIT ÇITÇIT KAPAMALI HIRKA,Men,0.0
REGULAR FIT ÇİZGİLİ,Men,0.0
REGULAR FIT ÇİZGİLİ POLO TİŞÖRT,Men,0.0
REGULAR FIT ÇİZGİLİ RİBANA TİŞÖRT,Women,-30.000600012000238
REGULAR FIT ÇİZGİLİ TİŞÖRT,Women,0.0
REGULAR FIT ÇİÇEKLİ GÖMLEK TUNİK,Women,0.0
REGULAR FIT ÇİÇEKLİ TİŞÖRT,Women,0.0
REGULAR FIT ÖRGÜ GÖRÜNÜMLÜ KISA KOLLU POLO TİŞÖRT,Men,0.0
REGULAR FIT ÜST,Women,0.0
REGULAR FIT İNCE SWEATSHİRT KUMAŞI ALT,Men,0.0
REGULAR FIT İNCE SWEATSHİRT KUMAŞI BERMUDA,Women,0.0
REGULAR FIT İŞLEMELİ PENYE TİŞÖRT,Women,0.0
REGULAR FIT ŞAL YAKA YELEK,Women,0.0
REGULAR FIT ŞORT,Kids-Baby,0.0
REGULAR FIT ŞORT,Men,-10.028121611664515
REGULAR FIT ŞORT,Women,0.0
REGULAR FIT ŞORT KIZ BEBEK,Kids-Baby,0.0
REGULAR FIT ŞİFON,Women,0.0
REGULAR FIT ŞİFON KOLSUZ BLUZ,Women,0.0
REGULAR FIT ŞİFON TULUM,Women,0.0
REGULAR FIT ŞİFON UZUN KOLLU BLUZ,Women,0.0
REGULAR FİT 2'Lİ TAKIM,Men,0.0
REGULAR FİT BASİC AKIŞKAN KUMAŞ UZUN KOLLU GÖMLEK,Men,0.0
REGULAR FİT BASİC DÜZ AKIŞKAN KUMAŞ UZUN KOLLU GÖMLEK,Men,0.0
REGULAR FİT BELİ LASTİKLİ AKIŞKAN KUMAŞ CEKET,Women,0.0
REGULAR FİT BELİ LASTİKLİ AKIŞKAN KUMAŞ İNCE CEKET,Women,0.0
REGULAR FİT BÜRÜMCÜK TİŞÖRT,Women,0.0
REGULAR FİT BİKİNİ,Women,0.0
REGULAR FİT BİSİKLET YAKA DOKULU BASİC DÜZ KISA KOLLU ÇAPRAZ DOKUMA TİŞÖRT,Men,0.0
REGULAR FİT BİSİKLET YAKA KISA KOLLU DOKULU ÇAPRAZ DOKUMA TİŞÖRT,Men,0.0
REGULAR FİT CEKET YAKA AKIŞKAN KUMAŞ BLAZER YELEK,Women,0.0
REGULAR FİT DANTEL ATLET,Women,0.0
REGULAR FİT GÖMLEK,Men,0.0
REGULAR FİT KISA KOLLU KAZAK,Women,0.0
REGULAR FİT PENYE TİŞÖRT,Women,0.0
REGULAR FİT POLO TİŞÖRT,Men,0.0
REGULAR FİT POPLİN TUNİK,Women,0.0
REGULAR FİT TRİKO KAZAK,Kids-Baby,0.0
REGULAR FİT V YAKA TİŞÖRT,Women,0.0
REGULAR FİT V YAKA ÇAPRAZ DÜĞMELİ AKIŞKAN KUMAŞ BLAZER YELEK,Women,0.0
REGULAR FİT V YAKA ÇİÇEK DESENLİ YARIM KOLLU MİDİ ELBİSE,Women,0.0
REGULAR FİT ÇİÇEK DESENLİ TİŞÖRT,Women,0.0
REGULAR FİT ŞİFON 2'Lİ TAKIM,Women,0.0
REGULAR JOGGER PANTOLON,Men,26.071707911156196
REGULAR KARGO JOGGER PANTOLON,Men,0.0
REGULAR KARGO PAMUKLU BERMUDA,Men,0.0
REGULER FİT BASKILI TİŞÖRT,Men,0.0
RELAX BİSİKLET YAKA TİŞÖRT,Women,0.0
RELAX FIT,Men,0.0
RELAX FIT,Women,0.0
RELAX FIT %100 KETEN PANTOLON,Men,0.0
RELAX FIT %100 PAMUK BERMUDA ŞORT,Men,0.0
RELAX FIT %100 PAMUK FERMUARLI SWEATSHİRT,Men,0.0
RELAX FIT AEROBİN,Men,0.0
RELAX FIT AEROBİN BERMUDA,Men,0.0
RELAX FIT ATLET,Women,0.0
RELAX FIT BALIKÇI YAKA ÇAPRAZ DOKUMA KOLSUZ BLUZ,Women,0.0
RELAX FIT BASIC DÜZ SWEATSHİRT,Women,0.0
RELAX FIT BASIC GÖMLEK,Women,0.0
RELAX FIT BASIC SWEATSHİRT,Women,0.0
RELAX FIT BASKILI PENYE TİŞÖRT,Women,0.0
RELAX FIT BASKILI SWEATSHIRT KIZ ÇOCUK,Kids-Baby,-46.66753088020148
RELAX FIT BASKILI TİŞÖRT,Women,0.0
RELAX FIT BASKILI TİŞÖRT KIZ ÇOCUK,Kids-Baby,0.0
RELAX FIT BAĞLAMALI SÜVETER,Women,0.0
RELAX FIT BAĞLAMALI TİŞÖRT,Women,0.0
RELAX FIT BELİ LASTİKLİ UZUN ÇAPRAZ DOKUMA PANTOLON,Women,0.0
RELAX FIT BERMUDA,Men,0.0
RELAX FIT BERMUDA,Women,0.0
RELAX FIT BLAZER CEKET,Women,0.0
RELAX FIT BÜRÜMCÜK KISA KOLLU TİŞÖRT,Women,0.0
RELAX FIT BÜRÜMCÜK MİDİ ELBİSE,Women,-20.000153847337288
RELAX FIT BÜRÜMCÜK PANTOLON,Women,0.0
RELAX FIT BÜRÜMCÜK UZUN KOLLU TİŞÖRT,Women,0.0
RELAX FIT BİLEK BOY ETEK,Women,0.0
RELAX FIT BİSİKLET YAKA BASKILI SWEATSHİRT KIZ ÇOCUK,Kids-Baby,-50.00083334722245
RELAX FIT BİSİKLET YAKA KISA KOLLU TİŞÖRT KIZ ÇOCUK,Kids-Baby,0.0
RELAX FIT BİSİKLET YAKA KIZ ÇOCUK TİŞÖRT,Kids-Baby,0.0
RELAX FIT BİSİKLET YAKA TİŞÖRT,Kids-Baby,0.0
RELAX FIT CEKET YAKA TRENÇKOT,Women,-20.000086956899803
RELAX FIT DANTEL DETAYLI PREMİUM TİŞÖRT,Women,0.0
RELAX FIT DESENLİ PENYE TİŞÖRT,Women,0.0
RELAX FIT DOKUMA,Men,0.0
RELAX FIT DOKUMA,Women,0.0
RELAX FIT DOKUMA BLAZER CEKET,Women,0.0
RELAX FIT DOKUMA GÖMLEK,Women,0.0
RELAX FIT ETEK,Women,0.0
RELAX FIT FLAMLI PAMUK,Women,0.0
RELAX FIT FLANEL,Men,0.0
RELAX FIT FİTİLLİ KAŞKORSE UZUN KOLLU TİŞÖRT,Women,0.0
RELAX FIT GABARDİN BERMUDA,Men,0.0
RELAX FIT GABARDİN TRENÇKOT,Women,0.0
RELAX FIT GOFRE DOKULU UZUN KOLLU BLUZ,Women,0.0
RELAX FIT GOFRE DOKULU UZUN KOLLU TUNİK,Women,0.0
RELAX FIT GÖMLEK CEKET,Men,0.0
RELAX FIT GÖMLEK YAKA POPLİN TUNİK,Women,0.0
RELAX FIT GÖMLEK YAKA POPLİN UZUN KOLLU GÖMLEK,Women,0.0
RELAX FIT HIRKA,Men,0.0
RELAX FIT HIRKA,Women,0.0
RELAX FIT JAKARLI JOGGER,Men,0.0
RELAX FIT JAKARLI SWEATSHİRT,Men,0.0
RELAX FIT JEAN,Men,0.0
RELAX FIT JEAN BERMUDA,Men,0.0
RELAX FIT JEAN PANTOLON KIZ ÇOCUK,Kids-Baby,-20.00020000200002
RELAX FIT JOGGER,Men,-18.055706019772384
RELAX FIT KALIN SWEATSHİRT KUMAŞI HIRKA,Women,0.0
RELAX FIT KALIN SWEATSHİRT KUMAŞI SWEATSHİRT,Men,0.0
RELAX FIT KALIN SWEATSHİRT KUMAŞI SWEATSHİRT,Women,0.0
RELAX FIT KAPRİ,Women,0.0
RELAX FIT KAPÜŞONLU KRİNKIL KUMAŞ YELEK,Women,0.0
RELAX FIT KAPÜŞONLU İÇİ YUMUŞAK TÜYLÜ KALIN KUMAŞ FERMUARLI SWEATSHİRT,Men,0.0
RELAX FIT KAYIK YAKA BASIC TİŞÖRT,Women,0.0
RELAX FIT KAZAK,Women,0.0
RELAX FIT KAÇIK YAKA BLUZ,Women,0.0
RELAX FIT KETEN BLAZER CEKET,Women,0.0
RELAX FIT KETEN GÖRÜNÜMLÜ,Women,0.0
RELAX FIT KETEN KARIŞIMLI,Women,0.0
RELAX FIT KETEN KARIŞIMLI FERMUARLI GÖMLEK,Women,0.0
RELAX FIT KETEN KARIŞIMLI UZUN KOLLU TUNİK,Women,0.0
RELAX FIT KISA KOLLU BLUZ,Women,0.0
RELAX FIT KISA KOLLU POLO TİŞÖRT,Men,0.0
RELAX FIT KISA KOLLU TİŞÖRT,Men,0.0
RELAX FIT KISA KOLLU TİŞÖRT,Women,11.458619798828298
RELAX FIT KRİNKIL KUMAŞ GÖMLEK,Women,0.0
RELAX FIT KRİNKIL KUMAŞ UZUN KOLLU BLUZ,Women,0.0
RELAX FIT KRİNKIL KUMAŞ UZUN KOLLU TUNİK,Women,0.0
RELAX FIT MODAL,Women,0.0
RELAX FIT MODAL JOGGER,Men,0.0
RELAX FIT MODAL KISA KOLLU TİŞÖRT,Women,0.0
RELAX FIT MODAL PANTOLON,Women,0.0
RELAX FIT MODAL SWEATSHİRT,Men,0.0
RELAX FIT MODAL SWEATSHİRT,Women,0.0
RELAX FIT MODAL TİŞÖRT,Women,0.0
RELAX FIT MODAL UZUN KOLLU TUNİK,Women,0.0
RELAX FIT MÜSLİN UZUN KOLLU TUNİK,Women,0.0
RELAX FIT MÜSLİN ŞORT,Women,0.0
RELAX FIT NAKIŞLI ÇİZGİLİ GÖMLEK,Women,0.0
RELAX FIT OXFORD UZUN KOLLU TUNİK,Women,0.0
RELAX FIT PAMUK ASTARLI ÇAPRAZ DOKUMA BLAZER CEKET,Men,0.0
RELAX FIT PAMUKLU,Men,0.0
RELAX FIT PAMUKLU BERMUDA,Men,0.0
RELAX FIT PAMUKLU GÖMLEK,Men,0.0
RELAX FIT PAMUKLU KETEN PANTOLON,Men,0.0
RELAX FIT PAMUKLU MÜSLİN GÖMLEK,Men,0.0
RELAX FIT PANTOLON,Men,-15.889717172678003
RELAX FIT PANTOLON,Women,0.0
RELAX FIT PENYE,Men,0.0
RELAX FIT PENYE KISA KOLLU POLO TİŞÖRT,Women,0.0
RELAX FIT PENYE KISA KOLLU TİŞÖRT,Women,0.0
RELAX FIT PENYE TİŞÖRT,Women,0.0
RELAX FIT POLAR HIRKA,Men,0.0
RELAX FIT POLO YAKA AKIŞKAN KUMAŞ KISA KOLLU GÖMLEK,Men,0.0
RELAX FIT POLO YAKA BASKILI SWEATSHIRT KIZ ÇOCUK,Kids-Baby,-40.00057143673481
RELAX FIT POPLİN UZUN KOLLU TUNİK,Women,0.0
RELAX FIT PREMİUM BELİ LASTİKLİ PANTOLON,Men,0.0
RELAX FIT PREMİUM KISA KOLLU TİŞÖRT,Women,0.0
RELAX FIT RİBANA SWEATSHİRT,Women,0.0
RELAX FIT SKUBA DALGIÇ KUMAŞ HIRKA,Women,0.0
RELAX FIT SKUBA DALGIÇ KUMAŞ JOGGER,Men,-8.000080000800008
RELAX FIT SKUBA DALGIÇ KUMAŞ SWEATSHİRT,Men,0.0
RELAX FIT SUNİ DERİ MONT,Women,0.0
RELAX FIT SWEATSHİRT KUMAŞI,Men,0.0
RELAX FIT SWEATSHİRT KUMAŞI KISA KOLLU TİŞÖRT,Men,0.0
RELAX FIT SWEATSHİRT KUMAŞI UZUN ŞORT,Men,1.6241208834642785e-14
RELAX FIT SÜET UZUN KOLLU BLUZ,Women,0.0
RELAX FIT SİMLİ KUMAŞ KISA KOLLU TİŞÖRT,Women,0.0
RELAX FIT SİMLİ KUMAŞ UZUN KOLLU TUNİK,Women,0.0
RELAX FIT TERRY COTTON TUNİK,Women,0.0
RELAX FIT TRİKO,Men,0.0
RELAX FIT TRİKO HIRKA,Men,0.0
RELAX FIT TRİKO HIRKA,Women,0.0
RELAX FIT TRİKO KAZAK,Men,0.0
RELAX FIT TRİKO KAZAK,Women,0.0
RELAX FIT TRİKO TUNİK,Women,0.0
RELAX FIT TUNİK,Women,0.0
RELAX FIT TİŞÖRT,Women,0.0
RELAX FIT UZUN BOY ETEK,Women,0.0
RELAX FIT UZUN KOLLU BLUZ,Women,-16.250203127539095
RELAX FIT UZUN KOLLU GÖMLEK,Women,0.0
RELAX FIT UZUN KOLLU TUNİK,Women,0.0
RELAX FIT UZUN KOLLU TİŞÖRT,Women,0.0
RELAX FIT V YAKA UZUN KOLLU TİŞÖRT,Women,0.0
RELAX FIT VİSKON UZUN KOLLU TUNİK,Women,0.0
RELAX FIT WAFFLE HIRKA,Men,0.0
RELAX FIT WELSOFT PELÜŞ HIRKA,Women,0.0
RELAX FIT YELEK,Women,0.0
RELAX FIT YUMUŞAK TUŞE TRİKO KAZAK,Men,0.0
RELAX FIT YÜKSEK BEL PANTOLON,Women,-30.000176471626304
RELAX FIT ÇİZGİLİ BERMUDA ŞORT,Men,0.0
RELAX FIT ÇİZGİLİ FLAMLI PAMUK TUNİK,Women,0.0
RELAX FIT ÇİZGİLİ GÖMLEK TUNİK,Women,0.0
RELAX FIT ÇİZGİLİ TİŞÖRT,Women,0.0
RELAX FIT İNCE SWEATSHİRT KUMAŞI ALT,Men,-10.000166669444491
RELAX FIT ŞORT,Men,0.0
RELAX FİT AKIŞKAN KUMAŞ BERMUDA ŞORT,Men,0.0
RELAX FİT BASIC BÜRÜMCÜK SİYAH TİŞÖRT,Women,0.0
RELAX FİT BASIC BÜRÜMCÜK TİŞÖRT,Women,0.0
RELAX FİT BASIC GÖMLEK,Women,0.0
RELAX FİT BASIC GÖMLEK TUNİK,Women,0.0
RELAX FİT BASIC KETEN KARIŞIMLI TESETTÜR GÖMLEK TUNİK,Women,0.0
RELAX FİT BASIC MİDİ KİMONO,Women,0.0
RELAX FİT BASIC OXFORD GÖMLEK TUNİK,Women,0.0
RELAX FİT BASIC POLO YAKA MAXİ TRİKO ELBİSE,Women,0.0
RELAX FİT BASIC POPLİN GÖMLEK TUNİK,Women,0.0
RELAX FİT BASIC POPLİN TESETTÜR GÖMLEK TUNİK,Women,0.0
RELAX FİT BASIC SİMLİ KUMAŞ TESETTÜR GÖMLEK TUNİK,Women,0.0
RELAX FİT BASIC TRİKO KAZAK,Women,0.0
RELAX FİT BASIC TRİKO TUNİK KAZAK,Women,0.0
RELAX FİT BASIC TİŞÖRT,Women,0.0
RELAX FİT BASKILI BİSİKLET YAKA KISA KOLLU TİŞÖRT KIZ ÇOCUK,Kids-Baby,0.0
RELAX FİT BELİ LASTİKLİ BASİC DÜZ ŞORT KIZ ÇOCUK,Kids-Baby,0.0
RELAX FİT BİSİKLET YAKA 2'Lİ KISA KOLLU TİŞÖRT KIZ ÇOCUK,Kids-Baby,0.0
RELAX FİT BİSİKLET YAKA ANİME BASKILI 2'Lİ KISA KOLLU TİŞÖRT KIZ ÇOCUK,Kids-Baby,0.0
RELAX FİT BİSİKLET YAKA ANİME BASKILI SWEATSHİRT KIZ ÇOCUK,Kids-Baby,0.0
RELAX FİT BİSİKLET YAKA BASKILI 2'Lİ KISA KOLLU TİŞÖRT KIZ ÇOCUK,Kids-Baby,0.0
RELAX FİT BİSİKLET YAKA BASKILI 2'Lİ SWEATSHİRT KIZ ÇOCUK,Kids-Baby,0.0
RELAX FİT BİSİKLET YAKA BASKILI KISA KOLLU TİŞÖRT KIZ ÇOCUK,Kids-Baby,0.0
RELAX FİT BİSİKLET YAKA BASKILI MODAL SWEATSHİRT KIZ ÇOCUK,Kids-Baby,0.0
RELAX FİT BİSİKLET YAKA BASKILI SWEATSHİRT KIZ ÇOCUK,Kids-Baby,0.0
RELAX FİT BİSİKLET YAKA BASKILI İÇİ YUMUŞAK TÜYLÜ SWEATSHİRT KIZ ÇOCUK,Kids-Baby,0.0
RELAX FİT BİSİKLET YAKA BASİC DÜZ 2'Lİ KISA KOLLU TİŞÖRT KIZ ÇOCUK,Kids-Baby,0.0
RELAX FİT BİSİKLET YAKA BASİC DÜZ KISA KOLLU TİŞÖRT KIZ ÇOCUK,Kids-Baby,0.0
RELAX FİT BİSİKLET YAKA BASİC DÜZ OKUL SWEATSHİRT KIZ ÇOCUK,Kids-Baby,0.0
RELAX FİT BİSİKLET YAKA BÜRÜMCÜK KISA KOLLU BLUZ KIZ ÇOCUK,Kids-Baby,0.0
RELAX FİT BİSİKLET YAKA KISA KOLLU OKUL TİŞÖRTÜ KIZ ÇOCUK,Kids-Baby,0.0
RELAX FİT BİSİKLET YAKA OKUL UZUN KOLLU TİŞÖRTÜ KIZ ÇOCUK,Kids-Baby,0.0
RELAX FİT BİSİKLET YAKA SIRT BASKILI KISA KOLLU TİŞÖRT KIZ ÇOCUK,Kids-Baby,0.0
RELAX FİT BİSİKLET YAKA SIRT BASKILI SWEATSHİRT KIZ ÇOCUK,Kids-Baby,0.0
RELAX FİT BİSİKLET YAKA SRT BASKILI KISA KOLLU TİŞÖRT KIZ ÇOCUK,Kids-Baby,0.0
RELAX FİT BİSİKLET YAKA SWEATSHİRT KIZ ÇOCUK,Kids-Baby,0.0
RELAX FİT BİSİKLET YAKA UZUN KOLLU OKUL TİŞÖRTÜ KIZ ÇOCUK,Kids-Baby,0.0
RELAX FİT BİSİKLET YAKA ÇİZGİLİ KISA KOLLU TİŞÖRT KIZ ÇOCUK,Kids-Baby,0.0
RELAX FİT BİSİKLET YAKA ÇİZGİLİ SWEATSHİRT KIZ ÇOCUK,Kids-Baby,0.0
RELAX FİT DAR PAÇA KETEN KARIŞIMLI YAZLIK PANTOLON,Men,0.0
RELAX FİT GÖMLEK YAKA CEPLİ BASIC MAXİ TESETTÜR ELBİSE,Women,0.0
RELAX FİT HAKİM YAKA BASIC GÖMLEK TUNİK,Women,0.0
RELAX FİT HAKİM YAKA BASIC TESETTÜR GÖMLEK TUNİK,Women,0.0
RELAX FİT KAPÜŞONLU BASIC KALIN FERMUARLI SWEATSHİRT,Women,0.0
RELAX FİT KAPÜŞONLU BASIC KALIN SWEATSHİRT,Women,0.0
RELAX FİT KAPÜŞONLU BASIC POPLİN BEYAZ TESETTÜR GÖMLEK TUNİK,Women,0.0
RELAX FİT KAPÜŞONLU BASKILI SWEATSHİRT KIZ ÇOCUK,Kids-Baby,0.0
RELAX FİT KAPÜŞONLU BASİC DÜZ SWEATSHİRT KIZ ÇOCUK,Kids-Baby,0.0
RELAX FİT KAPÜŞONLU CEPLİ BASIC FERMUARLI SWEATSHİRT,Women,0.0
RELAX FİT KETEN GÖRÜNÜMLÜ PANTOLON,Men,0.0
RELAX FİT KETEN KARIŞIMLI PAMUKLU UZUN KOLLU GÖMLEK,Men,0.0
RELAX FİT KETEN KARIŞIMLI YAZLIK BERMUDA ŞORT,Men,0.0
RELAX FİT KETEN PANTOLON,Men,0.0
RELAX FİT PALMİYE BASKILI BİSİKLET YAKA KISA KOLLU TİŞÖRT KIZ ÇOCUK,Kids-Baby,0.0
RELAX FİT PAMUKLU AKIŞKAN KUMAŞ KISA KOLLU GÖMLEK,Men,0.0
RELAX FİT POLO YAKA BASIC AJUR TRİKO KAZAK,Women,0.0
RELAX FİT POLO YAKA BASIC TİŞÖRT,Women,0.0
RELAX FİT POLO YAKA BASKILI OKUL SWEATSHİRT KIZ ÇOCUK,Kids-Baby,0.0
RELAX FİT POLO YAKA BASKILI SWEATSHİRT KIZ ÇOCUK,Kids-Baby,0.0
RELAX FİT POLO YAKA BASİC DÜZ SELANİK KUMAŞ KISA KOLLU GÖMLEK KIZ ÇOCUK,Kids-Baby,0.0
RELAX FİT POLO YAKA ÇİZGİLİ KISA KOLLU TİŞÖRT KIZ ÇOCUK,Kids-Baby,0.0
RELAX FİT POLO YAKA ÇİZGİLİ UZUN KOLLU OKUL TİŞÖRTÜ KIZ ÇOCUK,Kids-Baby,0.0
RELAX FİT RİBANA KISA KOLLU TİŞÖRT KIZ ÇOCUK,Kids-Baby,0.0
RELAX FİT SIRT BASKILI BİSİKLET YAKA KISA KOLLU TİŞÖRT KIZ ÇOCUK,Kids-Baby,0.0
RELAX FİT SKUBA DALGIÇ KUMAŞ PANTOLON KIZ ÇOCUK,Kids-Baby,0.0
RELAX FİT TRİKO PANTOLON BASIC BELİ LASTİKLİ GENİŞ PAÇA,Women,0.0
RELAX FİT UZUN KOLLU TİŞÖRT KIZ ÇOCUK,Kids-Baby,0.0
RELAX FİT YAZLIK KETEN KARIŞIMLI BASİC KISA KOLLU GÖMLEK,Men,0.0
RELAX FİT YAZLIK KETEN KARIŞIMLI KISA KOLLU GÖMLEK,Men,0.0
RELAX FİT YAZLIK KETEN KARIŞIMLI ŞORT,Men,0.0
RELAX FİT ÇİZGİLİ KISA KOLLU POLO TİŞÖRT KIZ ÇOCUK,Kids-Baby,0.0
RELAX FİT ÇİZGİLİ YAZLIK KETEN KARIŞIMLI KISA KOLLU GÖMLEK,Men,0.0
RELAX TAPERED FIT PANTOLON,Men,0.0
RELAXED FİT %100 PAMUK GÖMLEK,Men,0.0
RELAXED FİT BASKILI GÖMLEK,Women,0.0
RELAXED FİT BERMUDA ŞORT,Men,0.0
RELAXED FİT KETEN GÖMLEK,Women,0.0
RELAXED FİT KETEN PANTOLON,Men,0.0
RELAXED FİT PAMUKLU BERMUDA,Men,0.0
RELAXED SLOUCHY FIT PANTOLON,Men,0.0
RENK BLOKLU DOKUMA ATKI KIZ ÇOCUK,Kids-Baby,0.0
RENK BLOKLU DİK YAKA FERMUARLI TRİKO HIRKA ERKEK BEBEK,Kids-Baby,0.0
RENK BLOKLU POLO YAKA UZUN KOLLU TİŞÖRT ERKEK ÇOCUK,Kids-Baby,-30.00042857755111
RENKLİ ÇİÇEK BUKETİ BLOK SET,Women,0.0
RENKLİ ÇİÇEKLİ BLOK SET,Women,0.0
REİS X DEFACTO 14 AYAR ALTIN KAPLAMA ESSENZA DUO KADIN 2'Lİ TAŞLI GOLD YÜZÜK,Women,0.0
REİS X DEFACTO 14 AYAR ALTIN KAPLAMA FİORA CHAİN KADIN ÇİÇEKLİ VE YILDIZLI GOLD KOLYE,Women,0.0
REİS X DEFACTO 14 AYAR ALTIN KAPLAMA LUCE Dİ CUBO KADIN TAŞLI GOLD BİLEKLİK,Women,0.0
REİS X DEFACTO 14 AYAR ALTIN KAPLAMA LUCE TOUCH KADIN TAŞLI GOLD BİLEKLİK,Women,0.0
REİS X DEFACTO 14 AYAR ALTIN KAPLAMA PİSTACCHİO GLOW KADIN 2'Lİ YEŞİL GOLD YÜZÜK,Women,0.0
REİS X DEFACTO 14 AYAR ALTIN KAPLAMA SANGRİA MİNİ KADIN TAŞLI GOLD BİLEKLİK,Women,0.0
REİS X DEFACTO 14 AYAR ALTIN KAPLAMA SOLE MARE KADIN NAZAR GÖZ TEMALI GOLD KOLYE KÜPE SETİ,Women,0.0
REİS X DEFACTO 14 AYAR ALTIN KAPLAMA SPİRALE DUO KADIN 2'Lİ SONSUZLUK TEMALI GOLD YÜZÜK,Women,0.0
REİS X DEFACTO 14 AYAR ALTIN KAPLAMA TRİANGOLO KADIN TAŞLI GOLD ŞAHMERAN,Women,0.0
REİS X DEFACTO 2'Lİ GOLD KÜPE,Women,0.0
REİS X DEFACTO 2'Lİ GOLD YÜZÜK,Women,0.0
REİS X DEFACTO DENİZ KABUĞU DESENLİ GOLD KOLYE,Women,0.0
REİS X DEFACTO DİKTÖRTGEN DESENLİ GOLD BİLEKLİK,Women,0.0
REİS X DEFACTO KARE FİGÜRLÜ GOLD BİLEKLİK,Women,0.0
REİS X DEFACTO KARTANESİ DESENLİ GOLD BİLEKLİK,Women,0.0
REİS X DEFACTO MADALYON GOLD KOLYE,Women,0.0
REİS X DEFACTO MAVİ TAŞLI GOLD KOLYE KÜPE SET,Women,0.0
REİS X DEFACTO SARMAL GOLD BİLEKLİK,Women,0.0
REİS X DEFACTO TAŞLI GOLD BİLEKLİK,Women,0.0
REİS X DEFACTO TAŞLI GOLD KOLYE,Women,0.0
REİS X DEFACTO TAŞLI GOLD ŞAHMERAN,Women,0.0
REİS X DEFACTO YILDIZ FİGÜRLÜ GOLD BİLEKLİK,Women,0.0
REİS X DEFACTO YILDIZ FİGÜRLÜ GOLD KOLYE,Women,0.0
REİS X DEFACTO ZİNCİR DESENLİ GOLD KOLYE,Women,0.0
REİS X DEFACTO ÜÇGEN FİGÜRLÜ GOLD BİLEKLİK,Women,0.0
ROUND LAB - 1025 DOKDO DENİZ SULU VE SERAMİDLİ TEMİZLEYİCİ KÖPÜK 150ML,Women,0.0
ROUND LAB - BİRCH JUİCE NEMLE DOLGUN TUTAN KURULUK VE ÇATLAMA ÖNLEYİCİ PARLATICI DUDAK BALMI SETİ,Women,0.0
ROUND LAB - BİRCH JUİCE TON EŞİTLEYİCİ GÜNEŞ KREMİ,Women,0.0
ROUND LAB - DOKDO EYE CREAM (KIRIŞIKLIK KARŞITI AYDINLATICI DENİZ SULU GÖZ KREMİ) 30ML,Women,0.0
ROUND LAB - DOKDO GENİŞ GÖZENEK KARŞITI NEMLENDİRİCİ DENİZ SULU TEMİZLİK BALMI,Women,0.0
ROUND LAB - MUGWORT CALMİNG CREAM (NEM VE HİDRASYON YÜKSELTEN KIZARIKLIK KARŞITI MUGWORTLU KREM) 80ML,Women,0.0
ROUND LAB - SERİNLETİCİ VE NEMLENDİRİCİ YÜKSEK UV KORUMALI STİCK GÜNEŞ KREMİ 19 GR,Women,0.0
ROUND LAB - VİTA NİACİNAMİDE DARK SPOT SERUM (KOYU LEKE KARŞITI PARLATICI VİTAMİN SERUMU) 30ML,Women,0.0
RÜZGAR GEÇİRMEZ FERMUARLI MONT,Men,0.0
RÜZGAR GEÇİRMEZ KAPÜŞONLU FERMUARLI PELÜŞ MONT ERKEK BEBEK,Kids-Baby,0.0
RÜZGAR GEÇİRMEZ KAPÜŞONLU FERMUARLI ŞİŞME MONT KIZ BEBEK,Kids-Baby,0.0
RÜZGAR GEÇİRMEZ KAPÜŞONLU POLAR ASTARLI MONT ERKEK ÇOCUK,Kids-Baby,-40.000250001562506
RÜZGAR GEÇİRMEZ MONT,Men,0.0
RÜZGAR GEÇİRMEZ MONT,Women,0.0
RÜZGAR GEÇİRMEZ SU GEÇİRMEZ FERMUARLI MONT,Women,0.0
RÜZGAR GEÇİRMEZ SU GEÇİRMEZ KAPÜŞONLU DESENLİ FERMUARLI ŞİŞME MONT KIZ BEBEK,Kids-Baby,0.0
RÜZGAR GEÇİRMEZ SU GEÇİRMEZ KAPÜŞONLU DESENLİ ŞİŞME YELEK KIZ BEBEK,Kids-Baby,0.0
RÜZGAR GEÇİRMEZ SU GEÇİRMEZ KAPÜŞONLU FERMUARLI CEPLİ ŞİŞME MONT KIZ BEBEK,Kids-Baby,0.0
RÜZGAR GEÇİRMEZ SU GEÇİRMEZ KAPÜŞONLU FERMUARLI ŞİŞME MONT KIZ BEBEK,Kids-Baby,0.0
RÜZGAR GEÇİRMEZ SU GEÇİRMEZ KAPÜŞONLU KAPİTONELİ FERMUARLI MONT KIZ BEBEK,Kids-Baby,0.0
RÜZGAR GEÇİRMEZ SU GEÇİRMEZ KAPÜŞONLU SUNİ KÜRK ASTARLI MONT KIZ BEBEK,Kids-Baby,0.0
RÜZGAR GEÇİRMEZ SU GEÇİRMEZ KAPİTONELİ KAPÜŞONLU ÇITÇITLI ŞİŞME MONT KIZ BEBEK,Kids-Baby,0.0
RÜZGAR GEÇİRMEZ SU GEÇİRMEZ MONT,Women,0.0
RÜZGAR GEÇİRMEZ SU GEÇİRMEZ PARKA,Women,0.0
RÜZGAR GEÇİRMEZ SU İTİCİ FERMUARLI MONT,Men,0.0
RÜZGAR GEÇİRMEZ SU İTİCİ KAPÜŞONLU FERMUARLI YAĞMURLUK,Women,-43.33347777825926
RİBANA 2'Lİ BRAZİLİAN KÜLOT,Women,0.0
RİBANA 2'Lİ BRİEF,Women,-13.333714296598956
RİBANA 2'Lİ TAKIM,Men,0.0
RİBANA 2'Lİ TAKIM,Women,0.0
RİBANA 2'Lİ TAKIM KIZ BEBEK,Kids-Baby,0.0
RİBANA 2'Lİ TAYT KIZ BEBEK,Kids-Baby,0.0
RİBANA 3'LÜ,Women,0.0
RİBANA 3'LÜ BOXER ERKEK ÇOCUK,Kids-Baby,0.0
RİBANA 3'LÜ BRAZİLİAN KÜLOT,Women,0.0
RİBANA 3'LÜ BRİEF,Women,0.0
RİBANA 3'LÜ HİPSTER KÜLOT,Women,0.0
RİBANA 3'LÜ KÜLOT,Women,0.0
RİBANA 3'LÜ SLİP KÜLOT KIZ ÇOCUK,Kids-Baby,0.0
RİBANA 5'Lİ BRİEF,Women,0.0
RİBANA 5'Lİ BRİEF KÜLOT,Women,0.0
RİBANA 5'Lİ SLİP KÜLOT,Women,0.0
RİBANA 7'Lİ BRİEF,Women,0.0
RİBANA ATLET,Women,0.01976344734602774
RİBANA BASKILI TİŞÖRT,Women,0.0
RİBANA BOXER,Women,0.0
RİBANA ELBİSE,Women,0.0
RİBANA HIRKA,Women,0.0
RİBANA KISA KOLLU TİŞÖRT,Women,0.0
RİBANA KIZ ÇOCUK KAZAK,Kids-Baby,0.0
RİBANA KURDELA DETAYLI TİŞÖRT KIZ BEBEK,Kids-Baby,0.0
RİBANA MİDİ ELBİSE,Women,0.0
RİBANA MİNİ ELBİSE,Women,0.0
RİBANA TİŞÖRT,Women,0.0
RİBANA UZUN KOLLU TİŞÖRT,Women,0.0
RİBANA UZUN TAYT KIZ ÇOCUK,Kids-Baby,0.0
RİCE ENZYME BRİGHTENİNG CLEANSİNG POWDER 40G – PİRİNÇ ENZİMLİ LEKE VE PÜRÜZ KARŞITI PARLATICI TEMİZLİK TOZU,Women,0.0
RİLAKKUMA OVERSIZE SIRT BASKILI TİŞÖRT,Women,-16.66694444907415
SADE SLIM FIT BİSİKLET YAKA BASIC DÜZ FİTİLLİ KAŞKORSE KISA KOLLU TİŞÖRT,Women,0.0
SADE SLIM FIT RİBANA ATLET,Women,0.0
SAFARİ BASKILI UZUN KOLLU TULUM ERKEK BEBEK YENİDOĞAN,Kids-Baby,0.0
SARI POLO YAKA DETAYINA SAHİP TRİKO YELEK,Women,0.0
SARJ KABLOLU TELEFON ASKISI,Women,-21.42928573809603
SATEN,Women,0.0
SATEN 2'Lİ TAKIM,Women,0.0
SATEN BAGET ÇANTA,Women,0.0
SATEN BRAZİLİAN KÜLOT,Women,0.0
SATEN DANTELLİ ÜST,Women,0.0
SATEN DESENLİ ŞORTLU PİJAMA TAKIMI,Women,0.0
SATEN ELBİSE,Women,0.0
SATEN KOLSUZ BLUZ,Women,0.0
SATEN MAXİ ELBİSE,Women,0.0
SATEN MİDİ ELBİSE,Women,0.0
SATEN MİNİ ELBİSE,Women,0.0
SATEN SABAHLIK,Women,0.0
SATEN ÜST,Women,0.0
SATEN ŞORT,Women,0.0
SCOOBY DOO OVERSİZE GENİŞ KALIP BİSİKLET YAKA KISA KOLLU TİŞÖRT KIZ ÇOCUK,Kids-Baby,0.0
SEA AQUA ERKEK 100 ML PARFÜM,Men,0.0
SEAMLES BRA,Women,0.0
SEAMLESS 2'Lİ BRİEF,Women,0.0
SELANİK KUMAŞ 2'Lİ TAKIM POLO YAKA SWEATSHİRT PANTOLON ERKEK BEBEK,Kids-Baby,-20.00020000200002
SELANİK KUMAŞ BASIC TRİKO KAZAK,Women,0.0
SELANİK KUMAŞ ELBİSE,Women,0.0
SELANİK KUMAŞ ELBİSE KIZ BEBEK,Kids-Baby,-30.000500008333468
SERGIO -REGULAR FIT POLARLI SERGİO JEAN PANTOLON,Men,0.0
SERGİO NORMAL PANTOLON,Men,0.0
SERGİO REGULAR FIT NORMAL BEL BORU PAÇA BERMUDA,Men,0.0
SERGİO REGULAR FIT NORMAL BEL BORU PAÇA PANTOLON,Men,-10.243037941223223
SIRT ÇANTASI,Kids-Baby,0.0
SIRT ÇANTASI,Men,0.0
SIRT ÇANTASI,Women,0.0
SIRT ÇANTASI ERKEK ÇOCUK,Kids-Baby,0.0
SIRT ÇANTASI KIZ ÇOCUK,Kids-Baby,0.0
SKATER FIT PANTOLON,Men,0.0
SKINNY FIT JEAN PANTOLON KIZ ÇOCUK,Kids-Baby,-30.00037500468756
SKINNY FIT YÜKSEK BEL BİLEK BOY JEAN PANTOLON,Women,0.0
SKUBA DALGIÇ KUMAŞ EŞOFMAN ALTI ERKEK ÇOCUK,Kids-Baby,-10.00012500156252
SKUBA DALGIÇ KUMAŞ MİNİ ELBİSE,Women,0.0
SKUBA DALGIÇ KUMAŞ ŞORT,Men,0.0
SKİNNY FİT DAR PAÇA JEAN PANTOLON KIZ ÇOCUK,Kids-Baby,0.0
SLIM FIT,Men,0.0
SLIM FIT AKSESUAR DETAYLI RİBANA TİŞÖRT,Women,0.0
SLIM FIT ATLET,Men,0.0
SLIM FIT ATLET,Women,0.0
SLIM FIT AYICIKLI ÇİZGİLİ KAZAK,Women,-10.00010000100001
SLIM FIT BASIC ASİMETRİK KESİM DRAPELİ ATLET,Women,0.0
SLIM FIT BASIC BEYAZ TİŞÖRT,Women,0.0
SLIM FIT BASIC BÜRÜMCÜK TİŞÖRT,Women,0.0
SLIM FIT BASIC DÜZ ATLET,Women,0.0
SLIM FIT BASIC FİTİLLİ KAŞKORSE ATLET,Women,25.000781274414823
SLIM FIT BASIC FİTİLLİ KAŞKORSE BEYAZ TİŞÖRT,Women,0.0
SLIM FIT BASIC FİTİLLİ KAŞKORSE SİYAH TİŞÖRT,Women,0.0
SLIM FIT BASIC FİTİLLİ KAŞKORSE TİŞÖRT,Women,3.333416668750047
SLIM FIT BASIC HALTER YAKA FİTİLLİ KAŞKORSE PEDLİ ATLET,Women,0.0
SLIM FIT BASIC KAŞKORSE TİŞÖRT,Women,0.0
SLIM FIT BASIC KIRMIZI ATLET,Women,0.0
SLIM FIT BASIC KIRMIZI SPORCU ATLET,Women,0.0
SLIM FIT BASIC KISA KOLLU TİŞÖRT,Women,0.0
SLIM FIT BASIC MODAL TİŞÖRT,Women,-28.081318650238085
SLIM FIT BASIC RİBANA ATLET,Women,0.0
SLIM FIT BASIC RİBANA PEMBE TİŞÖRT,Women,0.0
SLIM FIT BASIC RİBANA TİŞÖRT,Women,-13.513805703907112
SLIM FIT BASIC SPORCU ATLET,Women,0.0
SLIM FIT BASIC TİŞÖRT,Women,-41.482172851029006
SLIM FIT BASIC YUVARLAK YAKA ATLET,Women,0.0
SLIM FIT BASKILI FİTİLLİ KAŞKORSE TİŞÖRT KIZ ÇOCUK,Kids-Baby,0.0
SLIM FIT BASKILI POLO TİŞÖRT KIZ ÇOCUK,Kids-Baby,0.0
SLIM FIT BLAZER CEKET,Men,0.0
SLIM FIT BODYSUİT,Women,0.0
SLIM FIT BÜRÜMCÜK ATLET,Women,0.0
SLIM FIT BÜRÜMCÜK KISA KOLLU TİŞÖRT,Women,0.0
SLIM FIT BÜRÜMCÜK TİŞÖRT,Women,0.0
SLIM FIT BÜYÜK BEDEN PANTOLON,Men,0.0
SLIM FIT BİSİKLET YAKA ATLET,Women,-20.000285718367405
SLIM FIT BİSİKLET YAKA RİBANA ATLET,Men,0.0
SLIM FIT BİSİKLET YAKA YELEK,Women,0.0
SLIM FIT DANTEL ATLET,Women,0.0
SLIM FIT DANTEL KISA KOLLU TİŞÖRT,Women,0.0
SLIM FIT DANTEL UZUN KOLLU TİŞÖRT,Women,0.0
SLIM FIT DAR KESİM PANTOLON,Men,0.0
SLIM FIT DESENLİ FİTİLLİ KAŞKORSE TİŞÖRT KIZ ÇOCUK,Kids-Baby,0.0
SLIM FIT DOKULU,Men,0.0
SLIM FIT DOKULU KOLSUZ BLUZ,Women,0.0
SLIM FIT DOKUMA JOGGER,Men,-18.000180001800018
SLIM FIT DOKUMA PANTOLON,Men,0.0
SLIM FIT DOKUMA ŞORT,Men,0.0
SLIM FIT DÜZ PAÇA JEAN PANTOLON ERKEK ÇOCUK,Kids-Baby,0.0
SLIM FIT DÜĞMELİ KOLSUZ BLUZ,Women,-20.000285718367405
SLIM FIT ETEK,Women,0.0
SLIM FIT FİTİLLİ KAŞKORSE ATLET,Women,-25.70783122979533
SLIM FIT FİTİLLİ KAŞKORSE BASIC TİŞÖRT,Women,0.0
SLIM FIT FİTİLLİ KAŞKORSE KISA KOLLU POLO TİŞÖRT,Men,0.0
SLIM FIT FİTİLLİ KAŞKORSE KISA KOLLU POLO TİŞÖRT,Women,0.0
SLIM FIT FİTİLLİ KAŞKORSE KISA KOLLU TİŞÖRT,Women,0.0
SLIM FIT FİTİLLİ KAŞKORSE POLO TİŞÖRT,Women,0.0
SLIM FIT FİTİLLİ KAŞKORSE TUNİK,Women,0.0
SLIM FIT FİTİLLİ KAŞKORSE TİŞÖRT,Women,0.0
SLIM FIT FİTİLLİ KAŞKORSE UZUN KOLLU TUNİK,Women,0.0
SLIM FIT FİTİLLİ KAŞKORSE UZUN KOLLU TİŞÖRT,Women,0.0
SLIM FIT FİTİLLİ KAŞKORSE ÇİZGİLİ POLO TİŞÖRT,Women,0.0
SLIM FIT FİTİLLİ ÇİZGİLİ KAŞKORSE POLO TİŞÖRT KIZ ÇOCUK,Kids-Baby,-44.00088001760035
SLIM FIT HALTER YAKA BASIC FİTİLLİ KAŞKORSE ATLET,Women,0.0
SLIM FIT HALTER YAKA BLUZ,Women,0.0
SLIM FIT HALTER YAKA FİTİLLİ KAŞKORSE ATLET,Women,0.0
SLIM FIT HALTER YAKA PUANTİYELİ ATLET,Women,0.0
SLIM FIT HIRKA,Men,0.0
SLIM FIT HIRKA,Women,-45.95036760294082
SLIM FIT JEAN BERMUDA,Men,0.0
SLIM FIT JOGGER,Men,-38.15413964722806
SLIM FIT KARE YAKA PUANTİYELİ ASKILI BLUZ,Women,0.0
SLIM FIT KAYIK YAKA BASIC FİTİLLİ KAŞKORSE TİŞÖRT,Women,0.0
SLIM FIT KAYIK YAKA BASKILI TİŞÖRT,Women,0.0
SLIM FIT KAYIK YAKA RİBANA TİŞÖRT,Women,-20.000333338888982
SLIM FIT KAYIK YAKA SOFT TOUCH TİŞÖRT,Women,0.0
SLIM FIT KAYIK YAKA TOKA DETAYLI TİŞÖRT,Women,0.0
SLIM FIT KAYIK YAKA TİŞÖRT,Women,-30.000600012000238
SLIM FIT KAYIK YAKA ŞAL DETAYLI TİŞÖRT,Women,-15.000250004166734
SLIM FIT KAZAK,Men,0.0
SLIM FIT KAZAK,Women,0.0
SLIM FIT KAŞKORSE ATLET,Men,0.0
SLIM FIT KAŞKORSE POLO TİŞÖRT,Women,0.0
SLIM FIT KEÇE HIRKA,Women,0.0
SLIM FIT KISA KOLLU GÖMLEK,Men,0.0
SLIM FIT KISA KOLLU POLO TİŞÖRT,Men,-28.2225044472667
SLIM FIT KISA KOLLU POLO TİŞÖRT,Women,0.0
SLIM FIT KISA KOLLU TUNİK,Women,0.0
SLIM FIT KISA KOLLU TİŞÖRT,Men,-23.840476809536188
SLIM FIT KISA KOLLU TİŞÖRT,Women,0.0
SLIM FIT KREP KISA KOLLU TİŞÖRT,Women,0.0
SLIM FIT KRİNKIL KISA KOLLU POLO TİŞÖRT,Men,0.0
SLIM FIT KRİNKIL KISA KOLLU TİŞÖRT,Men,0.0
SLIM FIT MODAL ATLET,Women,0.0
SLIM FIT MODAL HIRKA,Women,0.0
SLIM FIT MODAL KISA KOLLU TİŞÖRT,Women,0.0
SLIM FIT MODAL UZUN KOLLU TUNİK,Women,0.0
SLIM FIT MODAL UZUN KOLLU TİŞÖRT,Women,0.0
SLIM FIT MODAL ÜST,Men,0.0
SLIM FIT NAKIŞLI FİTİLLİ KAŞKORSE TİŞÖRT,Women,0.0
SLIM FIT OXFORD GÜNLÜK,Men,0.0
SLIM FIT PAMUKLU,Men,0.0
SLIM FIT PAMUKLU KISA KOLLU TİŞÖRT,Men,0.0
SLIM FIT PAMUKLU KISA KOLLU TİŞÖRT,Women,0.0
SLIM FIT PAMUKLU TUNİK,Women,0.0
SLIM FIT PANTOLON,Men,-32.336431077959865
SLIM FIT PENYE,Men,0.0
SLIM FIT PENYE BLAZER CEKET,Men,0.0
SLIM FIT PENYE ŞORT,Men,0.0
SLIM FIT POLO YAKA BASKILI TİŞÖRT KIZ ÇOCUK,Kids-Baby,0.0
SLIM FIT POLO YAKA FİTİLLİ KAŞKORSE TİŞÖRT,Women,2.857191837574352
SLIM FIT POLO YAKA FİTİLLİ KAŞKORSE TİŞÖRT KIZ ÇOCUK,Kids-Baby,-44.00088001760035
SLIM FIT POLO YAKA YELEK,Women,0.0
SLIM FIT POPLİN,Men,0.0
SLIM FIT POPLİN KOLSUZ BLUZ,Women,0.0
SLIM FIT PREMİUM KISA KOLLU TİŞÖRT,Men,0.0
SLIM FIT PREMİUM KISA KOLLU TİŞÖRT,Women,0.0
SLIM FIT PUANTİYELİ KOLSUZ BLUZ,Women,0.0
SLIM FIT PUANTİYELİ V YAKA BÜRÜMCÜK ASKILI BLUZ,Women,0.0
SLIM FIT PİKE,Men,0.0
SLIM FIT PİKE KISA KOLLU POLO TİŞÖRT,Men,0.0
SLIM FIT PİKE KISA KOLLU POLO TİŞÖRT,Women,0.0
SLIM FIT RİBANA ATLET,Men,0.0
SLIM FIT RİBANA ATLET,Women,0.0
SLIM FIT RİBANA KISA KOLLU POLO TİŞÖRT,Women,0.0
SLIM FIT RİBANA KISA KOLLU TİŞÖRT,Women,0.0
SLIM FIT RİBANA TİŞÖRT,Women,-18.82386159755761
SLIM FIT RİBANA TİŞÖRT KIZ ÇOCUK,Kids-Baby,0.0
SLIM FIT RİBANA UZUN KOLLU TİŞÖRT,Women,0.0
SLIM FIT SEAMLESS KISA KOLLU TİŞÖRT,Men,0.0
SLIM FIT SKUBA DALGIÇ KUMAŞ HIRKA,Men,0.0
SLIM FIT SKUBA DALGIÇ KUMAŞ JOGGER,Men,0.0
SLIM FIT STRAPLEZ BÜRÜMCÜK ATLET,Women,0.0
SLIM FIT STRAPLEZ BÜRÜMCÜK BLUZ,Women,0.0
SLIM FIT SWEATSHİRT,Men,0.0
SLIM FIT SWEATSHİRT KUMAŞI ŞORT,Men,0.0
SLIM FIT TEK OMUZLU ATLET,Women,0.0
SLIM FIT TEK OMUZLU BÜRÜMCÜK TİŞÖRT,Women,0.0
SLIM FIT TEK OMUZLU RİBANA TİŞÖRT,Women,-6.250156253906347
SLIM FIT TEK OMUZLU TİŞÖRT,Women,0.0
SLIM FIT TRİKO KAZAK,Men,0.0
SLIM FIT TRİKO KAZAK,Women,0.0
SLIM FIT TRİKO KISA KOLLU POLO TİŞÖRT,Men,0.0
SLIM FIT TULUM,Women,0.0
SLIM FIT TÜL ATLET,Women,0.0
SLIM FIT TÜL UZUN KOLLU TİŞÖRT,Women,0.0
SLIM FIT TİŞÖRT TUNİK,Women,0.0
SLIM FIT U YAKA BASIC RİBANA ATLET,Women,0.0
SLIM FIT U YAKA BÜRÜMCÜK ATLET,Women,0.0
SLIM FIT U YAKA RİBANA BASIC ATLET,Women,0.0
SLIM FIT UZUN KOLLU BODY,Men,0.0
SLIM FIT UZUN KOLLU GÖMLEK,Men,-50.00033333555557
SLIM FIT UZUN KOLLU TUNİK,Women,-5.961676038677812
SLIM FIT UZUN KOLLU TİŞÖRT,Women,0.0
SLIM FIT V YAKA FİTİLLİ KAŞKORSE ATLET,Women,0.0
SLIM FIT V YAKA PUANTİYELİ BÜRÜMCÜK TİŞÖRT,Women,0.0
SLIM FIT V YAKA RİBANA TİŞÖRT,Women,0.0
SLIM FIT V YAKA YELEK,Women,0.0
SLIM FIT WAFFLE KISA KOLLU POLO TİŞÖRT,Men,0.0
SLIM FIT YARIM BALIKÇI YAKA BASIC FİTİLLİ KAŞKORSE TİŞÖRT,Women,0.0
SLIM FIT YARIM BALIKÇI YAKA FİTİLLİ KAŞKORSE TUNİK,Women,0.0
SLIM FIT YARIM BALIKÇI YAKA KREP TİŞÖRT,Women,0.0
SLIM FIT YARIM BALIKÇI YAKA TİŞÖRT,Women,-15.625292974243274
SLIM FIT YIRTIK DETAYLI DÜŞÜK BEL JEAN,Women,0.0
SLIM FIT YUVARLAK YAKA BASIC FİTİLLİ KAŞKORSE BEYAZ TİŞÖRT,Women,0.0
SLIM FIT YUVARLAK YAKA BASIC FİTİLLİ KAŞKORSE TİŞÖRT,Women,0.0
SLIM FIT YUVARLAK YAKA BASIC FİTİLLİ KAŞKORSE ÇITÇITLI TİŞÖRT,Women,0.0
SLIM FIT YÜKSEK BEL JOGGER PAÇA PANTOLON,Women,0.0
SLIM FIT ÇİFT KATMANLI RİBANA TİŞÖRT,Women,0.0
SLIM FIT ÜST,Men,0.0
SLIM FIT ŞORT,Men,0.0
SLIM FIT ŞORT,Women,0.0
SLIM FITBASIC MODAL TİŞÖRT,Women,0.0
SLIM FITBASIC YUVARLAK YAKA ATLET,Women,0.0
SLIM TAPERED FIT PANTOLON,Men,0.0
SLOGAN BASKILI SWEATSHİRT KUMAŞI 2'Lİ TAKIM ERKEK BEBEK,Kids-Baby,-15.555728396982188
SLİM CROP FİT KISA KOLLU TİŞÖRT,Women,0.0
SLİM FIT AYICIKLI ÇİZGİLİ KAZAK,Women,-10.00010000100001
SLİM FLARE YÜKSEK BEL DÜZ PAÇA UZUN JEAN PANTOLON,Women,0.0
SLİM FİT ATLET,Women,0.0
SLİM FİT AYICIKLI KAZAK,Women,-10.00010000100001
SLİM FİT BERMUDA ŞORT,Men,0.0
SLİM FİT DAR KESİM BENGALİN UZUN KOLLU OKUL GÖMLEĞİ KIZ ÇOCUK,Kids-Baby,0.0
SLİM FİT DAR KESİM BİSİKLET YAKA BASKILI FİTİLLİ KAŞKORSE KISA KOLLU TİŞÖRT KIZ ÇOCUK,Kids-Baby,0.0
SLİM FİT DAR KESİM BİSİKLET YAKA BASKILI FİTİLLİ KAŞKORSE UZUN KOLLU TİŞÖRT KIZ ÇOCUK,Kids-Baby,0.0
SLİM FİT DAR KESİM BİSİKLET YAKA BASKILI KISA KOLLU TİŞÖRT KIZ ÇOCUK,Kids-Baby,0.0
SLİM FİT DAR KESİM BİSİKLET YAKA BASKILI RİBANA KISA KOLLU TİŞÖRT KIZ ÇOCUK,Kids-Baby,0.0
SLİM FİT DAR KESİM BİSİKLET YAKA BASKILI RİBANA UZUN KOLLU OKUL TİŞÖRTÜ KIZ ÇOCUK,Kids-Baby,0.0
SLİM FİT DAR KESİM BİSİKLET YAKA BASKILI RİBANA UZUN KOLLU TİŞÖRT KIZ ÇOCUK,Kids-Baby,0.0
SLİM FİT DAR KESİM BİSİKLET YAKA BASKILI UZUN KOLLU TİŞÖRT KIZ ÇOCUK,Kids-Baby,0.0
SLİM FİT DAR KESİM BİSİKLET YAKA BASİC DÜZ FİTİLLİ KAŞKORSE KISA KOLLU TİŞÖRT KIZ ÇOCUK,Kids-Baby,0.0
SLİM FİT DAR KESİM BİSİKLET YAKA BASİC DÜZ RİBANA KISA KOLLU TİŞÖRT KIZ ÇOCUK,Kids-Baby,0.0
SLİM FİT DAR KESİM BİSİKLET YAKA FİTİLLİ KAŞKORSE BASKILI KISA KOLLU TİŞÖRT KIZ ÇOCUK,Kids-Baby,0.0
SLİM FİT DAR KESİM BİSİKLET YAKA FİTİLLİ KAŞKORSE KISA KOLLU TİŞÖRT KIZ ÇOCUK,Kids-Baby,0.0
SLİM FİT DAR KESİM BİSİKLET YAKA FİTİLLİ KAŞKORSE UZUN KOLLU TİŞÖRT KIZ ÇOCUK,Kids-Baby,0.0
SLİM FİT DAR KESİM BİSİKLET YAKA KALP DESENLİ RİBANA KISA KOLLU TİŞÖRT KIZ ÇOCUK,Kids-Baby,0.0
SLİM FİT DAR KESİM BİSİKLET YAKA KISA KOLLU TİŞÖRT KIZ ÇOCUK,Kids-Baby,0.0
SLİM FİT DAR KESİM BİSİKLET YAKA NAKIŞLI TRİKO KAZAK KIZ ÇOCUK,Kids-Baby,0.0
SLİM FİT DAR KESİM BİSİKLET YAKA RİBANA BASİC DÜZ KISA KOLLU TİŞÖRT KIZ ÇOCUK,Kids-Baby,0.0
SLİM FİT DAR KESİM BİSİKLET YAKA RİBANA KISA KOLLU TİŞÖRT KIZ ÇOCUK,Kids-Baby,0.0
SLİM FİT DAR KESİM BİSİKLET YAKA UZUN KOLLU TİŞÖRT KIZ ÇOCUK,Kids-Baby,0.0
SLİM FİT DAR KESİM BİSİKLET YAKA İŞLEMELİ FİTİLLİ KAŞKORSE KISA KOLLU TİŞÖRT KIZ ÇOCUK,Kids-Baby,0.0
SLİM FİT DAR KESİM DANTEL DETAYLI FİTİLLİ KAŞKORSE UZUN KOLLU TİŞÖRT KIZ ÇOCUK,Kids-Baby,0.0
SLİM FİT DAR KESİM DÜZ PAÇA BASİC DÜZ JEAN PANTOLON ERKEK ÇOCUK,Kids-Baby,0.0
SLİM FİT DAR KESİM KAÇIK YAKA BASKILI FİTİLLİ KAŞKORSE UZUN KOLLU TİŞÖRT KIZ ÇOCUK,Kids-Baby,0.0
SLİM FİT DAR KESİM KAÇIK YAKA UZUN KOLLU TİŞÖRT KIZ ÇOCUK,Kids-Baby,0.0
SLİM FİT DAR KESİM OMZU AÇIK YAKA BASKILI RİBANA KISA KOLLU TİŞÖRT KIZ ÇOCUK,Kids-Baby,0.0
SLİM FİT DAR KESİM OMZU AÇIK YILDIZ DESENLİ RİBANA KISA KOLLU TİŞÖRT KIZ ÇOCUK,Kids-Baby,0.0
SLİM FİT DAR KESİM PANTOLON KIZ ÇOCUK,Kids-Baby,0.0
SLİM FİT DAR KESİM POLO YAKA BASKILI KISA KOLLU TİŞÖRT KIZ ÇOCUK,Kids-Baby,0.0
SLİM FİT DAR KESİM POLO YAKA BASİC DÜZ FİTİLLİ KAŞKORSE KISA KOLLU TİŞÖRT KIZ ÇOCUK,Kids-Baby,0.0
SLİM FİT DAR KESİM POLO YAKA FİTİLLİ KAŞKORSE KISA KOLLU TİŞÖRT KIZ ÇOCUK,Kids-Baby,0.0
SLİM FİT DAR KESİM POLO YAKA ÇİZGİLİ RİBANA UZUN KOLLU TİŞÖRT KIZ ÇOCUK,Kids-Baby,0.0
SLİM FİT DAR KESİM TAŞLI YAKA FİTİLLİ KAŞKORSE UZUN KOLLU TİŞÖRT KIZ ÇOCUK,Kids-Baby,0.0
SLİM FİT DAR KESİM YILDIZLI FİTİLLİ KAŞKORSE UZUN KOLLU TİŞÖRT KIZ ÇOCUK,Kids-Baby,0.0
SLİM FİT DAR KESİM ÇİÇEKLİ BÜRÜMCÜK UZUN KOLLU TİŞÖRT KIZ ÇOCUK,Kids-Baby,0.0
SLİM FİT FİTİLLİ KAŞKORSE ATLET,Women,0.0
SLİM FİT FİTİLLİ KAŞKORSE KISA KOLLU TİŞÖRT,Women,0.0
SLİM FİT JEAN PANTOLON,Men,0.0
SLİM FİT KAŞKORSE TİŞÖRT,Women,0.0
SLİM FİT KISA KOLLU TUNİK,Women,0.0
SLİM FİT KISA KOLLU TİŞÖRT,Women,0.0
SLİM FİT OMZU AÇIK RİBANA TİŞÖRT,Women,-40.00057143673481
SLİM FİT POLO TİŞÖRT,Men,0.0
SLİM FİT RİBANA ATLET,Women,0.0
SLİM FİT RİBANA KISA KOLLU TİŞÖRT,Women,0.0
SLİM FİT RİBANA TİŞÖRT,Women,-28.571836740524866
SLİM FİT ÇİFT KATMANLI RİBANA TİŞÖRT,Women,0.0
SMOKİN YAKA PAMUKLU TRENÇKOT,Women,0.0
SMOKİN YAKA SÜET TRENÇKOT,Women,0.0
SNAİL MİNİATURE SET CANLANDIRICI NEMLENDİRİCİ ONARICI 4'LÜ CİLT BAKIM SETİ,Women,0.0
SNOOPY 2'Lİ PİJAMA TAKIMI,Kids-Baby,0.0
SNOOPY 2'Lİ PİJAMA ÜSTÜ,Women,-20.000285718367405
SNOOPY 2'Lİ TAKIM ERKEK BEBEK,Kids-Baby,-10.00012500156252
SNOOPY 2'Lİ TAKIM KISA KOLLU TİŞÖRT BELİ LASTİKLİ ŞORT ERKEK BEBEK,Kids-Baby,0.0
SNOOPY BASKILI PAMUKLU CAP ŞAPKA KIZ ÇOCUK,Kids-Baby,0.0
SNOOPY BASKILI PENYE 3'LÜ SLİP KÜLOT,Kids-Baby,0.0
SNOOPY BİSİKLET YAKA KISA KOLLU TİŞÖRT ERKEK ÇOCUK,Kids-Baby,0.0
SNOOPY BİSİKLET YAKA KISA KOLLU TİŞÖRT KIZ ÇOCUK,Kids-Baby,0.0
SNOOPY CROP BİSİKLET YAKA KAŞKORSE KISA KOLLU TİŞÖRT KIZ ÇOCUK,Kids-Baby,0.0
SNOOPY HAYVAN DESENLİ 2'Lİ ATLET KIZ ÇOCUK,Kids-Baby,0.0
SNOOPY OVERSİZE GENİŞ KALIP BİSİKLET YAKA KISA KOLLU TİŞÖRT KIZ ÇOCUK,Kids-Baby,0.0
SNOOPY OVERSİZE GENİŞ KALIP BİSİKLET YAKA SIRT BASKILI KISA KOLLU TİŞÖRT KIZ ÇOCUK,Kids-Baby,0.0
SNOOPY OVERSİZE GENİŞ KALIP BİSİKLET YAKA SWEATSHİRT KIZ ÇOCUK,Kids-Baby,0.0
SNOOPY OVERSİZE GENİŞ KALIP BİSİKLET YAKA İÇİ YUMUŞAK TÜYLÜ SWEATSHİRT KIZ ÇOCUK,Kids-Baby,0.0
SNOOPY PENYE KISA KOLLU TULUM ERKEK BEBEK YENİDOĞAN,Kids-Baby,0.0
SNOOPY PİJAMA TAKIMI UZUN KOLLU ÜST UZUN ALT ERKEK ÇOCUK,Kids-Baby,0.0
SNOOPY PİJAMA TAKIMI ÜST ALT,Women,0.0
SNOOPY RELAX FIT TİŞÖRT KIZ ÇOCUK,Kids-Baby,0.0
SNOOPY RELAX FİT BİSİKLET YAKA KISA KOLLU TİŞÖRT KIZ ÇOCUK,Kids-Baby,0.0
SOFTSHELL 2'Lİ TAKIM,Women,0.0
SOFTSHELL AYICIKLI PİJAMA TAKIMI ÜST ALT,Women,0.0
SOFTSHELL PUANTİYELİ PİJAMA TAKIMI,Women,-10.000076923668644
SOFTSHELL PİJAMA TAKIMI ÜST ALT,Women,0.0
SOFTSHELL ÇİZGİLİ ASKILI GECELİK,Women,0.0
SONIC THE HEDGEDOG: MODERN TRİKO BERE ERKEK ÇOCUK,Kids-Baby,0.0
SPIDERMAN 2'Lİ PİJAMA TAKIMI,Kids-Baby,0.0
SPONGEBOB OVERSIZE SIRT BASKILI TİŞÖRT,Women,0.0
SPONGEBOB OVERSİZE GENİŞ KALIP BİSİKLET YAKA KISA KOLLU TİŞÖRT KIZ ÇOCUK,Kids-Baby,0.0
SPONGEBOB RELAX FİT BİSİKLET YAKA SIRT BASKILI KISA KOLLU TİŞÖRT KIZ ÇOCUK,Kids-Baby,0.0
SPOR VE SEYAHAT ÇANTASI,Men,0.0
SPOR VE SEYAHAT ÇANTASI,Women,0.0
SPORCU SÜTYENİ,Women,0.0
SPORCU TAYT,Women,0.0
STANDART BOY KRİNKIL TAYT KIZ ÇOCUK,Kids-Baby,0.0
STANDART BOY TAYT KIZ ÇOCUK,Kids-Baby,-18.333638893981565
STANDART FIT,Men,0.0
STANDART FIT %100 PAMUK POLO TİŞÖRT,Men,0.0
STANDART FIT ATLET,Men,0.0
STANDART FIT ATLET,Women,0.0
STANDART FIT BAKLAVA DESENLİ TRİKO KAZAK,Men,0.0
STANDART FIT BALIKÇI YAKA FERMUARLI TRİKO HIRKA,Men,0.0
STANDART FIT BALIKÇI YAKA TRİKO HIRKA,Men,0.0
STANDART FIT BALIKÇI YAKA TRİKO KAZAK,Men,0.0
STANDART FIT BASKILI KISA KOLLU TİŞÖRT,Men,0.0
STANDART FIT DOKUMA ETEK,Women,0.0
STANDART FIT DOKUMA JOGGER,Men,-39.538765682812944
STANDART FIT DOKUMA PANTOLON,Men,0.0
STANDART FIT DOKUMA ŞORT,Men,0.0
STANDART FIT DOKUMA ŞORT,Women,0.0
STANDART FIT DİK YAKA SKUBA DALGIÇ KUMAŞ FERMUARLI SWEATSHİRT,Women,0.0
STANDART FIT DİK YAKA SPORCU MODAL KISA KOLLU TİŞÖRT,Women,0.0
STANDART FIT DİKİŞSİZ FERMUARLI TRİKO KAZAK,Men,0.0
STANDART FIT ETEK,Women,0.0
STANDART FIT FERMUARLI YAKA TRİKO KAZAK,Men,0.0
STANDART FIT FİTİLLİ KAŞKORSE ATLET,Women,0.0
STANDART FIT FİTİLLİ KAŞKORSE KISA KOLLU TİŞÖRT,Women,0.0
STANDART FIT HIRKA,Men,0.0
STANDART FIT HIRKA,Women,-30.000200001333344
STANDART FIT JAKARLI SWEATSHİRT,Men,0.0
STANDART FIT JOGGER,Men,-29.166909724247702
STANDART FIT JOGGER SPORCU PANTOLON,Women,0.0
STANDART FIT KALIN SWEATSHİRT KUMAŞI JOGGER,Men,0.0
STANDART FIT KAPÜŞONLU FERMUARLI SWEATSHİRT,Men,0.0
STANDART FIT KAPÜŞONLU MODAL SPORCU SWEATSHİRT,Women,-20.000153847337288
STANDART FIT KAZAK,Men,0.0
STANDART FIT KISA BOY DENİZ ETEĞİ,Women,0.0
STANDART FIT KISA KOLLU POLO TİŞÖRT,Men,-17.57591040976114
STANDART FIT KISA KOLLU POLO TİŞÖRT,Women,0.0
STANDART FIT KISA KOLLU TİŞÖRT,Men,0.0
STANDART FIT KISA KOLLU TİŞÖRT,Women,0.0
STANDART FIT KRİNKIL KUMAŞ ŞORT,Women,0.0
STANDART FIT MODAL ATLET,Women,0.0
STANDART FIT MODAL HIRKA,Women,0.0
STANDART FIT MODAL JOGGER,Men,0.0
STANDART FIT MODAL KISA KOLLU POLO TİŞÖRT,Men,0.0
STANDART FIT MODAL KISA KOLLU TİŞÖRT,Women,0.0
STANDART FIT MODAL SWEATSHİRT,Men,0.0
STANDART FIT MODAL ŞORT,Men,0.0
STANDART FIT MODAL ŞORT,Women,0.0
STANDART FIT PAMUKLU KAZAK,Men,0.0
STANDART FIT PAMUKLU KISA KOLLU TİŞÖRT,Women,0.0
STANDART FIT PANTOLON,Men,-5.55559829092702
STANDART FIT PANTOLON,Women,0.0
STANDART FIT POLAR PANTOLON,Women,0.0
STANDART FIT POLO YAKA SPORCU TİŞÖRT,Women,0.0
STANDART FIT PİKE HIRKA,Women,0.0
STANDART FIT PİKE ŞORT,Women,0.0
STANDART FIT RİBANA ATLET,Women,0.0
STANDART FIT RİBANA PEDLİ SPORCU ATLET,Women,0.0
STANDART FIT RİBANA ŞORT,Women,0.0
STANDART FIT SKUBA DALGIÇ KUMAŞ FERMUARLI SWEATSHİRT,Women,0.0
STANDART FIT SKUBA DALGIÇ KUMAŞ HIRKA,Men,0.0
STANDART FIT SKUBA DALGIÇ KUMAŞ HIRKA,Women,-6.666717949112417
STANDART FIT SKUBA DALGIÇ KUMAŞ JOGGER,Men,-12.800128001280012
STANDART FIT SKUBA DALGIÇ KUMAŞ KISA KOLLU TİŞÖRT,Men,0.0
STANDART FIT SKUBA DALGIÇ KUMAŞ SWEATSHİRT,Men,0.0
STANDART FIT SKUBA DALGIÇ KUMAŞ ŞORT,Men,0.0
STANDART FIT SPORCU ATLET,Women,0.0
STANDART FIT SPORCU MODAL TİŞÖRT,Women,0.0
STANDART FIT SPORCU TİŞÖRT,Women,0.0
STANDART FIT SPORCU ŞORT,Men,28.571836740524866
STANDART FIT SWEATSHİRT,Men,0.0
STANDART FIT SWEATSHİRT KUMAŞ ŞORT,Women,0.0
STANDART FIT SWEATSHİRT KUMAŞI JOGGER,Men,-30.00030000300003
STANDART FIT SWEATSHİRT KUMAŞI SWEATSHİRT,Men,0.0
STANDART FIT SWEATSHİRT KUMAŞI ŞORT,Men,0.0
STANDART FIT SWEATSHİRT KUMAŞI ŞORT,Women,0.0
STANDART FIT SÜET MONT,Women,-5.000025000125
STANDART FIT TRİKO,Men,0.0
STANDART FIT TRİKO HIRKA,Men,0.0
STANDART FIT TRİKO KAZAK,Men,0.0
STANDART FIT TRİKO KISA KOLLU POLO TİŞÖRT,Men,0.0
STANDART FIT UZUN KOLLU GÖMLEK,Men,0.0
STANDART FIT UZUN KOLLU POLO TİŞÖRT,Men,0.0
STANDART FIT UZUN KOLLU TİŞÖRT,Women,0.0
STANDART FIT V YAKA YELEK,Men,0.0
STANDART FIT WAFFLE ŞORT,Men,0.0
STANDART FIT WAFFLE ŞORT,Women,0.0
STANDART FIT YAN BASKILI SPORCU TİŞÖRT,Men,0.0
STANDART FIT ÇİFT CEPLİ JOGGER SPORCU PANTOLON,Women,0.0
STANDART FIT İÇİ POLARLI PANTOLON,Men,0.0
STANDART FIT ŞORT,Men,0.0
STANDART FIT ŞORT,Women,0.0
STANDART FİT BASIC CEPLİ MODAL KISA TULUM,Women,0.0
STANDART FİT BASIC SPORCU TİŞÖRT,Women,0.0
STANDART FİT BASİC DÜZ BELİ LASTİKLİ OKUL JOGGER EŞOFMAN ALTI KIZ ÇOCUK,Kids-Baby,0.0
STANDART FİT BÜYÜK YAKA BASKILI SWEATSHİRT KIZ BEBEK,Kids-Baby,0.0
STANDART FİT BİSİKLET YAKA BASİC DÜZ TRİKO KAZAK KIZ ÇOCUK,Kids-Baby,0.0
STANDART FİT BİSİKLET YAKA TRİKO KAZAK KIZ ÇOCUK,Kids-Baby,0.0
STANDART FİT BİSİKLET YAKA ÇİZGİLİ TRİKO KAZAK KIZ ÇOCUK,Kids-Baby,0.0
STANDART FİT CEPLİ JOGGER PAÇA STANDART FİT BASIC MODAL PANTOLON,Women,0.0
STANDART FİT POLO YAKA TRİKO KAZAK KIZ ÇOCUK,Kids-Baby,0.0
STANDART FİT POLO YAKA ÇİZGİLİ TRİKO KAZAK KIZ ÇOCUK,Kids-Baby,0.0
STANDART FİT SPORCU BASIC BEYAZ TİŞÖRT,Women,0.0
STANDART FİT SPORCU BASIC TİŞÖRT,Women,0.0
STANDART FİT SPORCU KISA PAÇA BASIC KIRMIZI ŞORT,Women,0.0
STANDART FİT SPORCU KISA PAÇA BASIC ŞORT,Women,0.0
STANDART FİT V YAKA GABARDİN KISA KOLLU ELBİSE KIZ ÇOCUK,Kids-Baby,0.0
STANDART FİT V YAKA OKUL TRİKO SÜVETERİ KIZ ÇOCUK,Kids-Baby,0.0
STANDART JOGGER PAÇA GABARDİN PANTOLON ERKEK ÇOCUK,Kids-Baby,0.0
STANDART MODAL POLO TİŞÖRT,Men,0.0
STANDART PAÇA FİTİLLİ KADİFE PANTOLON ERKEK ÇOCUK,Kids-Baby,0.0
STANDART PAÇA GABARDİN BEYAZ PANTOLON ERKEK ÇOCUK,Kids-Baby,0.0
STANDART PAÇA GABARDİN PANTOLON ERKEK ÇOCUK,Kids-Baby,0.0
STANDART PAÇA KADİFE PANTOLON ERKEK ÇOCUK,Kids-Baby,0.0
STANDART PAÇA KETEN KARIŞIMLI PANTOLON ERKEK ÇOCUK,Kids-Baby,0.0
STANDART PAÇA PANTOLON ERKEK ÇOCUK,Kids-Baby,0.0
STANDART PAÇA PELÜŞ ASTAR JOGGER PANTOLON ERKEK ÇOCUK,Kids-Baby,0.0
STANDART PAÇA PELÜŞ ASTAR PANTOLON ERKEK ÇOCUK,Kids-Baby,0.0
STANDART POLO TİŞÖRT,Men,0.0
STAR WARS BASKILI TİŞÖRT,Men,0.0
STAR WARS BİSİKLET YAKA KISA KOLLU TİŞÖRT ERKEK ÇOCUK,Kids-Baby,0.0
STAR WARS BİSİKLET YAKA SWEATSHİRT ERKEK ÇOCUK,Kids-Baby,0.0
STAR WARS OVERSIZE SIRT BASKILI TİŞÖRT,Women,0.0
STAR WARS OVERSIZE TİŞÖRT,Kids-Baby,0.0
STAR WARS REGULAR FIT 2'Lİ PİJAMA TAKIMI ERKEK ÇOCUK,Kids-Baby,0.0
STAR WARS-MANDALORİAN 2'Lİ PAMUKLU UZUN ÇORAP ERKEK ÇOCUK,Kids-Baby,0.0
STAR WARS-MANDALORİAN BİSİKLET YAKA KISA KOLLU TİŞÖRT ERKEK ÇOCUK,Kids-Baby,0.0
STAR WARS-MANDALORİAN OVERSİZE GENİŞ KALIP BİSİKLET YAKA KISA KOLLU TİŞÖRT KIZ ÇOCUK,Kids-Baby,0.0
STAR WARS-MANDALORİAN RELAX FİT BİSİKLET YAKA KISA KOLLU TİŞÖRT KIZ ÇOCUK,Kids-Baby,0.0
STAR WARS-MANDALORİAN RELAX FİT BİSİKLET YAKA RİBANA KISA KOLLU TİŞÖRT KIZ ÇOCUK,Kids-Baby,0.0
STRAIGHT FIT AEROBİN PANTOLON,Women,0.0
STRAIGHT FIT BASIC EŞOFMAN ALTI,Women,0.0
STRAIGHT FIT BASİC DÜZ JEAN PANTOLON ERKEK ÇOCUK,Kids-Baby,0.0
STRAIGHT FIT BERMUDA,Men,0.0
STRAIGHT FIT BÜRÜMCÜK PANTOLON,Women,-33.39333419048843
STRAIGHT FIT CEPLİ YÜKSEK BEL UZUN AKIŞKAN KUMAŞ PANTOLON,Women,0.0
STRAIGHT FIT DÜZ PAÇA BASİC DÜZ JEAN PANTOLON ERKEK ÇOCUK,Kids-Baby,0.0
STRAIGHT FIT DÜZ PAÇA JEAN PANTOLON ERKEK ÇOCUK,Kids-Baby,-33.17499811505692
STRAIGHT FIT DÜZ PAÇA JEAN POLAR ASTARLI PANTOLON ERKEK ÇOCUK,Kids-Baby,0.0
STRAIGHT FIT DÜZ PAÇA PANTOLON,Women,1.960807382047627
STRAIGHT FIT EŞOFMAN ALTI,Women,-6.666755556740757
STRAIGHT FIT FERMUARLI NORMAL BEL MODAL PANTOLON,Women,0.0
STRAIGHT FIT GABARDİN PANTOLON KIZ ÇOCUK,Kids-Baby,0.0
STRAIGHT FIT GENİŞ BOL PAÇA CEPLİ PAMUKLU OKUL PANTOLONU KIZ ÇOCUK,Kids-Baby,0.0
STRAIGHT FIT GENİŞ PAÇA GABARDİN PANTOLON KIZ ÇOCUK,Kids-Baby,0.0
STRAIGHT FIT GENİŞ PAÇA JEAN PANTOLON KIZ ÇOCUK,Kids-Baby,0.0
STRAIGHT FIT GENİŞ PAÇA KETEN KARIŞIMLI PANTOLON,Women,0.0
STRAIGHT FIT JEAN BERMUDA,Men,0.0
STRAIGHT FIT JEAN PANTOLON,Women,0.0
STRAIGHT FIT JEAN PANTOLON ERKEK ÇOCUK,Kids-Baby,-10.00010000100001
STRAIGHT FIT JEAN PANTOLON KIZ BEBEK,Kids-Baby,0.0
STRAIGHT FIT KALIN KUMAŞ PANTOLON,Women,0.0
STRAIGHT FIT KALIN SWEATSHİRT KUMAŞI PANTOLON,Women,0.0
STRAIGHT FIT KETEN PANTOLON,Women,0.0
STRAIGHT FIT KREP PANTOLON,Women,-31.87539844248053
STRAIGHT FIT KRİNKIL KUMAŞ PANTOLON,Women,0.0
STRAIGHT FIT MODAL PANTOLON,Women,0.0
STRAIGHT FIT MODAL SPORCU PANTOLON,Women,0.0
STRAIGHT FIT NORMAL BEL DÜZ PAÇA PANTOLON,Women,0.0
STRAIGHT FIT NORMAL BEL GABARDİN PANTOLON,Women,0.0
STRAIGHT FIT PANTOLON,Men,-9.204314834252052
STRAIGHT FIT PANTOLON,Women,0.0
STRAIGHT FIT PANTOLON KIZ BEBEK,Kids-Baby,0.0
STRAIGHT FIT PİKE PANTOLON,Women,0.0
STRAIGHT FIT SELANİK KUMAŞ PANTOLON,Women,0.0
STRAIGHT FIT STANDART PAÇA BASİC DÜZ JEAN PANTOLON ERKEK ÇOCUK,Kids-Baby,0.0
STRAIGHT FIT YÜKSEK BEL GABARDİN PANTOLON,Women,0.0
STRAIGHT FIT YÜKSEK BEL KETEN KARIŞIMLI PANTOLON,Women,0.0
STRAIGHT WIDE DUBLE PAÇA JEAN PANTOLON KIZ ÇOCUK,Kids-Baby,-20.00020000200002
STRAIGHT WIDE GENİŞ PAÇA JEAN PANTOLON KIZ ÇOCUK,Kids-Baby,-30.00037500468756
STRAIGHT WIDE JEAN PANTOLON KIZ ÇOCUK,Kids-Baby,-22.857387757725967
STRAIGHT WIDE KETEN KARIŞIMLI PANTOLON,Women,0.0
STRAIGHT WIDE KREP PANTOLON,Women,0.0
STRAIGHT WIDE KRİNKIL PANTOLON KIZ ÇOCUK,Kids-Baby,0.0
STRAIGHT WIDE NORMAL BEL JEAN KAR YIKAMALI PANTOLON,Women,0.0
STRAIGHT WIDE PANTOLON,Women,0.0
STRAIGHT WIDE SÜET PANTOLON,Women,0.0
STRAIGHT WIDE YÜKSEK BEL JEAN PANTOLON,Women,0.0
STRAIGHT WIDE YÜKSEK BEL JEAN YIKAMALI PANTOLON,Women,0.0
STRAIGHT WIDE YÜKSEK BEL UZUN JEAN PANTOLON,Women,-53.846568050523466
STRAIGHT WIDE YÜKSEK BEL UZUN JEAN YIKAMALI PANTOLON,Women,-25.714469389067062
STRAIGHT WIDE ÇİÇEK BASKILI JEAN PANTOLON KIZ ÇOCUK,Kids-Baby,-20.00020000200002
STRAIGHT WIDE İSPANYOL PAÇA GABARDİN PANTOLON KIZ ÇOCUK,Kids-Baby,-30.000333337037077
STRAPLEZ BASIC MİNİ ELBİSE,Women,0.0
STRAPLEZ YELEK,Women,0.0
STRAİGHT FİT BASIC CEPLİ EŞOFMAN ALTI,Women,0.0
STRAİGHT FİT BASIC CEPLİ YÜKSEK BEL EŞOFMAN ALTI,Women,-8.000114287346962
STRAİGHT FİT BASIC EŞOFMAN ALTI,Women,0.0
STRAİGHT FİT BASIC YÜKSEK BEL KALIN EŞOFMAN ALTI,Women,-40.00057143673481
STRAİGHT FİT BELİ BAĞCIKLI BASIC EŞOFMAN ALTI,Women,0.0
STRAİGHT FİT BELİ LASTİKLİ BASIC BÜRÜMCÜK PANTOLON,Women,0.0
STRAİGHT FİT BELİ LASTİKLİ BASIC CEPLİ EŞOFMAN ALTI,Women,0.0
STRAİGHT FİT BELİ LASTİKLİ EŞOFMAN ALTI,Women,0.0
STRAİGHT FİT BELİ LASTİKLİ EŞOFMAN ALTI YÜKSEK BEL CEPLİ KALIN BASIC,Women,0.0
STRAİGHT FİT BERMUDA ŞORT,Men,0.0
STRAİGHT FİT CEPLİ BASIC AEROBİN PANTOLON,Women,0.0
STRAİGHT FİT DÜZ PAÇA JEAN PANTOLON ERKEK ÇOCUK,Kids-Baby,0.0
STRAİGHT FİT DÜZ PAÇA JEAN PANTOLON KIZ BEBEK,Kids-Baby,0.0
STRAİGHT FİT GABARDİN PANTOLON KIZ ÇOCUK,Kids-Baby,0.0
STRAİGHT FİT KALIN KIŞLIK EŞOFMAN ALTI BELİ LASTİKLİ CEPLİ YÜKSEK BEL BASIC,Women,0.0
STRAİGHT FİT YÜKSEK BEL UZUN JEAN PANTOLON,Women,0.0
STRAİGHT FİT YÜKSEK BEL ÇAPRAZ DOKUMA PANTOLON,Women,-40.000307694674575
STRAİGHT WİDE BASIC PANTOLON,Women,0.0
STRAİGHT WİDE FİT GENİŞ PAÇA JEAN PANTOLON KIZ ÇOCUK,Kids-Baby,0.0
STRAİGHT WİDE GENİŞ BOL PAÇA PANTOLON KIZ ÇOCUK,Kids-Baby,0.0
STRAİGHT WİDE GENİŞ PAÇA JEAN PANTOLON KIZ ÇOCUK,Kids-Baby,0.0
STRAİGHT WİDE JEAN PANTOLON KIZ ÇOCUK,Kids-Baby,0.0
STRAİGHT WİDE STANDART PAÇA JEAN PANTOLON KIZ ÇOCUK,Kids-Baby,0.0
STUMBLE GUYS TİŞÖRT,Kids-Baby,0.0
STUMBLE GUYS TİŞÖRT ERKEK ÇOCUK,Kids-Baby,0.0
STUMBLE GUYS ŞORT ERKEK ÇOCUK,Kids-Baby,0.0
SU GEÇİRMEZ BALLOON FIT MONT,Women,0.0
SU GEÇİRMEZ BOMBER MONT ERKEK BEBEK,Kids-Baby,-40.000307694674575
SU GEÇİRMEZ BÜYÜK YAKA PELÜŞ ASTAR MONT KIZ ÇOCUK,Kids-Baby,0.0
SU GEÇİRMEZ DAD FIT SUNİ DERİ MONT,Women,0.0
SU GEÇİRMEZ DİK YAKA FERMUARLI CEPLİ ŞİŞME YELEK KIZ ÇOCUK,Kids-Baby,0.0
SU GEÇİRMEZ DİK YAKA PAMUKLU MONT,Women,-20.000086956899803
SU GEÇİRMEZ FERMUARLI CEPLİ BASİC DÜZ ŞİŞME MONT ERKEK ÇOCUK,Kids-Baby,0.0
SU GEÇİRMEZ FERMUARLI DİK YAKA ŞİŞME YELEK ERKEK ÇOCUK,Kids-Baby,0.0
SU GEÇİRMEZ FERMUARLI KAYAK KIYAFETİ,Women,0.0
SU GEÇİRMEZ FERMUARLI MONT,Men,0.0
SU GEÇİRMEZ FERMUARLI MONT,Women,0.0
SU GEÇİRMEZ FERMUARLI SUNİ DERİ CEKET MONT KIZ ÇOCUK,Kids-Baby,0.0
SU GEÇİRMEZ FERMUARLI YELEK,Women,0.0
SU GEÇİRMEZ FERMUARLI ÇİFT CEPLİ SUNİ DERİ CEKET MONT KIZ ÇOCUK,Kids-Baby,0.0
SU GEÇİRMEZ FERMUARLI ŞİŞME MONT KIZ ÇOCUK,Kids-Baby,0.0
SU GEÇİRMEZ FERMUARLI ŞİŞME YELEK KIZ ÇOCUK,Kids-Baby,0.0
SU GEÇİRMEZ HAFİF ŞİŞME MONT KAPÜŞONLU KAPİTONELİ FERMUARLI CEPLİ BASIC MEVSİMLİK,Women,0.0
SU GEÇİRMEZ KAPÜŞONLU DOKUMA MONT,Women,0.0
SU GEÇİRMEZ KAPÜŞONLU FERMUARLI CEPLİ MONT KIZ ÇOCUK,Kids-Baby,0.0
SU GEÇİRMEZ KAPÜŞONLU FERMUARLI CEPLİ YAĞMURLUK KIZ ÇOCUK,Kids-Baby,0.0
SU GEÇİRMEZ KAPÜŞONLU FERMUARLI MONT ERKEK ÇOCUK,Kids-Baby,0.0
SU GEÇİRMEZ KAPÜŞONLU FERMUARLI MONT KIZ ÇOCUK,Kids-Baby,0.0
SU GEÇİRMEZ KAPÜŞONLU FERMUARLI PARKA ERKEK ÇOCUK,Kids-Baby,0.0
SU GEÇİRMEZ KAPÜŞONLU FERMUARLI PARKA KIZ ÇOCUK,Kids-Baby,0.0
SU GEÇİRMEZ KAPÜŞONLU FERMUARLI TAFTA ŞİŞME YELEK ERKEK BEBEK,Kids-Baby,0.0
SU GEÇİRMEZ KAPÜŞONLU FERMUARLI YELEK ERKEK ÇOCUK,Kids-Baby,0.0
SU GEÇİRMEZ KAPÜŞONLU FERMUARLI YELEK KIZ ÇOCUK,Kids-Baby,0.0
SU GEÇİRMEZ KAPÜŞONLU FERMUARLI ÇITÇITLI MONT ERKEK BEBEK,Kids-Baby,0.0
SU GEÇİRMEZ KAPÜŞONLU FERMUARLI ÇITÇITLI MONT ERKEK ÇOCUK,Kids-Baby,0.0
SU GEÇİRMEZ KAPÜŞONLU FERMUARLI ŞİŞME MONT ERKEK BEBEK,Kids-Baby,0.0
SU GEÇİRMEZ KAPÜŞONLU FERMUARLI ŞİŞME MONT ERKEK ÇOCUK,Kids-Baby,0.0
SU GEÇİRMEZ KAPÜŞONLU FERMUARLI ŞİŞME MONT KIZ ÇOCUK,Kids-Baby,0.0
SU GEÇİRMEZ KAPÜŞONLU FERMUARLI ŞİŞME YELEK ERKEK ÇOCUK,Kids-Baby,0.0
SU GEÇİRMEZ KAPÜŞONLU FERMUARLI ŞİŞME YELEK KIZ BEBEK,Kids-Baby,0.0
SU GEÇİRMEZ KAPÜŞONLU FERMUARLI ŞİŞME YELEK KIZ ÇOCUK,Kids-Baby,0.0
SU GEÇİRMEZ KAPÜŞONLU PARKA KIZ ÇOCUK,Kids-Baby,0.0
SU GEÇİRMEZ KAPÜŞONLU PELÜŞ ASTAR FERMUARLI MONT ERKEK BEBEK,Kids-Baby,0.0
SU GEÇİRMEZ KAPÜŞONLU PELÜŞ ASTAR MONT ERKEK BEBEK,Kids-Baby,0.0
SU GEÇİRMEZ KAPÜŞONLU PELÜŞ ASTAR YAĞMURLUK ERKEK ÇOCUK,Kids-Baby,0.0
SU GEÇİRMEZ KAPÜŞONLU POLAR ASTARLI FERMUARLI ŞİŞME MONT ERKEK ÇOCUK,Kids-Baby,0.0
SU GEÇİRMEZ KAPÜŞONLU POLAR ASTARLI MONT ERKEK ÇOCUK,Kids-Baby,0.0
SU GEÇİRMEZ KAPÜŞONLU POLAR ASTARLI PARKA ERKEK ÇOCUK,Kids-Baby,0.0
SU GEÇİRMEZ KAPÜŞONLU SIRT BASKILI FERMUARLI ŞİŞME MONT ERKEK ÇOCUK,Kids-Baby,0.0
SU GEÇİRMEZ KAPÜŞONLU TAFTA FERMUARLI CEPLİ ŞİŞME MONT ERKEK BEBEK,Kids-Baby,0.0
SU GEÇİRMEZ KAPÜŞONLU YAĞMURLUK ERKEK BEBEK,Kids-Baby,-20.00020000200002
SU GEÇİRMEZ KAPÜŞONLU YAĞMURLUK KIZ BEBEK,Kids-Baby,-45.35746683904885
SU GEÇİRMEZ KAPÜŞONLU ÇITÇITLI KAPİTONELİ MONT ERKEK BEBEK,Kids-Baby,0.0
SU GEÇİRMEZ KAPİTONELİ FERMUARLI ÇITÇITLI MONT KIZ ÇOCUK,Kids-Baby,0.0
SU GEÇİRMEZ KOLEJ YAKA BOMBER MONT KIZ ÇOCUK,Kids-Baby,0.0
SU GEÇİRMEZ KOLEJ YAKA FERMUARLI BOMBER MONT KIZ ÇOCUK,Kids-Baby,0.0
SU GEÇİRMEZ KONTRAST YAKALI ÇITÇITLI MONT ERKEK BEBEK,Kids-Baby,0.0
SU GEÇİRMEZ MONT,Women,0.0
SU GEÇİRMEZ MONT ERKEK BEBEK,Kids-Baby,-20.00020000200002
SU GEÇİRMEZ PARKA,Women,0.0
SU GEÇİRMEZ POLAR ASTARLI FERMUARLI ŞİŞME MONT KIZ ÇOCUK,Kids-Baby,0.0
SU GEÇİRMEZ POLAR ASTARLI KAPÜŞONLU ŞİŞME YELEK ERKEK BEBEK,Kids-Baby,0.0
SU GEÇİRMEZ POLO YAKA PELÜŞ ASTAR MONT ERKEK ÇOCUK,Kids-Baby,0.0
SU GEÇİRMEZ RELAX FIT TRENÇKOT,Women,-25.0001388896605
SU GEÇİRMEZ SIRT BASKILI FERMUARLI KAPİTONELİ MONT KIZ ÇOCUK,Kids-Baby,0.0
SU GEÇİRMEZ SLIM FIT DİK YAKA ESNEK MONT,Men,-30.000150000750004
SU GEÇİRMEZ TRENÇKOT,Women,0.0
SU GEÇİRMEZ YAĞMURLUK,Women,0.0
SU GEÇİRMEZ YELEK,Women,0.0
SU GEÇİRMEZ ÇOK RENKLİ CEPLİ ŞİŞME MONT ERKEK BEBEK,Kids-Baby,0.0
SU GEÇİRMEZ İNCE PARKA,Women,0.0
SU GEÇİRMEZ ŞİŞME BOMBER MONT KAPÜŞONLU KOLEJ YAKA NAKIŞLI CEPLİ KIZ ÇOCUK,Kids-Baby,0.0
SU İTİCİ BASKI DETAYLI YELEK ERKEK ÇOCUK,Kids-Baby,-40.000307694674575
SU İTİCİ BOMBER NAKIŞLI MONT ERKEK ÇOCUK,Kids-Baby,-40.000250001562506
SU İTİCİ CEKET YAKA PELÜŞ ASTAR SUNİ DERİ CEKET MONT KIZ ÇOCUK,Kids-Baby,0.0
SU İTİCİ DİK YAKA MONT KIZ ÇOCUK,Kids-Baby,-18.750117188232426
SU İTİCİ DİK YAKA ŞİŞME ÇİFT TARAFLI FERMUARLI KAPİTONE ŞİŞME YELEK KIZ ÇOCUK,Kids-Baby,0.0
SU İTİCİ FERMUARLI KAYAK KIYAFETİ,Men,0.0
SU İTİCİ FERMUARLI KAYAK KIYAFETİ,Women,0.0
SU İTİCİ FERMUARLI MONT,Men,-6.785753061446065
SU İTİCİ FERMUARLI MONT,Women,0.0
SU İTİCİ FERMUARLI PARKA,Men,0.0
SU İTİCİ FERMUARLI YAKA PELÜŞ ASTAR SUNİ DERİ MONT ERKEK ÇOCUK,Kids-Baby,0.0
SU İTİCİ FERMUARLI YAĞMURLUK,Men,0.0
SU İTİCİ FERMUARLI YAĞMURLUK,Women,0.0
SU İTİCİ FERMUARLI YELEK,Women,0.0
SU İTİCİ KADİFE YAKA MONT ERKEK ÇOCUK,Kids-Baby,-18.750117188232426
SU İTİCİ KAPÜŞONLU CEP DETAYLI YELEK ERKEK ÇOCUK,Kids-Baby,-38.46183432180247
SU İTİCİ KAPÜŞONLU FERMUARLI CEPLİ MONT ERKEK ÇOCUK,Kids-Baby,0.0
SU İTİCİ KAPÜŞONLU FERMUARLI CEPLİ YAĞMURLUK ERKEK ÇOCUK,Kids-Baby,0.0
SU İTİCİ KAPÜŞONLU FERMUARLI MONT,Women,-10.000040000160002
SU İTİCİ KAPÜŞONLU FERMUARLI MONT ERKEK ÇOCUK,Kids-Baby,0.0
SU İTİCİ KAPÜŞONLU FERMUARLI YAĞMURLUK ERKEK ÇOCUK,Kids-Baby,0.0
SU İTİCİ KAPÜŞONLU FERMUARLI YAĞMURLUK KIZ ÇOCUK,Kids-Baby,0.0
SU İTİCİ KAPÜŞONLU FERMUARLI ÇITÇIT KAPAMALI CEPLİ ŞİŞME PARKA ERKEK ÇOCUK,Kids-Baby,0.0
SU İTİCİ KAPÜŞONLU FERMUARLI ÇITÇITLI CEPLİ YAĞMURLUK KIZ ÇOCUK,Kids-Baby,0.0
SU İTİCİ KAPÜŞONLU FERMUARLI ŞİŞME MONT ERKEK ÇOCUK,Kids-Baby,0.0
SU İTİCİ KAPÜŞONLU FERMUARLI ŞİŞME YELEK ERKEK ÇOCUK,Kids-Baby,0.0
SU İTİCİ KAPÜŞONLU FERMUARLI ŞİŞME YELEK KIZ ÇOCUK,Kids-Baby,0.0
SU İTİCİ KAPÜŞONLU MONT ERKEK ÇOCUK,Kids-Baby,-15.897558186345012
SU İTİCİ KAPÜŞONLU MONT KIZ ÇOCUK,Kids-Baby,-23.077100593081486
SU İTİCİ KAPÜŞONLU POLAR ASTARLI FERMUARLI YAĞMURLUK ERKEK ÇOCUK,Kids-Baby,0.0
SU İTİCİ KAPÜŞONLU POLAR ASTARLI FERMUARLI ŞİŞME MONT ERKEK ÇOCUK,Kids-Baby,0.0
SU İTİCİ KAPÜŞONLU POLAR ASTARLI MONT ERKEK ÇOCUK,Kids-Baby,0.0
SU İTİCİ KAPÜŞONLU POLAR ASTARLI PARKA ERKEK ÇOCUK,Kids-Baby,0.0
SU İTİCİ KAPÜŞONLU POLAR ASTARLI YAĞMURLUK ERKEK ÇOCUK,Kids-Baby,0.0
SU İTİCİ KAPÜŞONLU POLAR ASTARLI ŞİŞME MONT ERKEK ÇOCUK,Kids-Baby,0.0
SU İTİCİ KAPÜŞONLU YAĞMURLUK KIZ BEBEK,Kids-Baby,-50.00033333555557
SU İTİCİ KAPÜŞONLU YAĞMURLUK KIZ ÇOCUK,Kids-Baby,-4.102595660992258
SU İTİCİ KAPÜŞONLU YELEK ERKEK ÇOCUK,Kids-Baby,-20.00020000200002
SU İTİCİ KIRINKIL KAPÜŞONLU YAĞMURLUK KIZ ÇOCUK,Kids-Baby,-20.000153847337288
SU İTİCİ KONTRAST KADİFE YAKA MONT ERKEK ÇOCUK,Kids-Baby,-30.000166667592598
SU İTİCİ KUMAŞ SIRT ÇANTASI,Men,0.0
SU İTİCİ MONT,Men,0.0
SU İTİCİ PARKA,Women,0.0
SU İTİCİ SLIM FIT KAPÜŞONLU FERMUARLI SOFTSHELL MONT,Women,-20.000080000319993
SU İTİCİ SUNİ DERİ MONT ERKEK ÇOCUK,Kids-Baby,-40.000307694674575
SU İTİCİ YELEK,Women,0.0
SU İTİCİ ÇITÇITLI MONT,Men,0.0
SUNNİCORN MELTİNG COLLAGEN FACE MASK 35ML – KOLAJEN BAKIMI & CİLT YENİLEYİCİ MASKE,Women,0.0
SUNİ DERİ BAGET ÇANTA,Women,0.0
SUNİ DERİ BEL ÇANTASI,Men,0.0
SUNİ DERİ BOZUK PARA ÇANTASI,Women,0.0
SUNİ DERİ CEKET KIZ ÇOCUK,Kids-Baby,-20.000142858163272
SUNİ DERİ CÜZDAN,Women,0.0
SUNİ DERİ CÜZDAN VE KARTLIK SET,Women,0.0
SUNİ DERİ EL ÇANTASI,Men,0.0
SUNİ DERİ EL ÇANTASI,Women,0.0
SUNİ DERİ ELBİSE KEMERİ,Women,0.0
SUNİ DERİ KEMER,Men,0.0
SUNİ DERİ KEMER,Women,0.0
SUNİ DERİ OMUZ ÇANTASI,Women,0.0
SUNİ DERİ SIRT ÇANTASI,Men,0.0
SUNİ DERİ SIRT ÇANTASI,Women,0.0
SUNİ DERİ SPOR VE SEYAHAT ÇANTASI,Men,0.0
SUNİ DERİ TRENÇKOT,Women,0.0
SUNİ DERİ ÇAPRAZ ÇANTA,Men,0.0
SUNİ DERİ ÇAPRAZ ÇANTA,Women,0.0
SUNİ DERİ ÇAPRAZ ÇANTA ERKEK ÇOCUK,Kids-Baby,0.0
SUNİ DERİ ÇAPRAZ ÇANTA KIZ ÇOCUK,Kids-Baby,0.0
SUNİ DERİ ŞORT,Women,0.0
SUNİ KÜRK,Women,0.0
SUNİ KÜRK ASTARLI FERMUARLI MONT KIZ ÇOCUK,Kids-Baby,0.0
SUNİ KÜRK ELDİVEN KIZ ÇOCUK,Kids-Baby,0.0
SUPER BAGGY FIT PANTOLON,Men,0.0
SUPERMAN BİSİKLET YAKA KISA KOLLU TİŞÖRT ERKEK ÇOCUK,Kids-Baby,0.0
SUPERMAN BİSİKLET YAKA UZUN KOLLU TİŞÖRT ERKEK ÇOCUK,Kids-Baby,0.0
SWEATSHIRT ETEK 2'Lİ TAKIM KIZ BEBEK,Kids-Baby,-10.00010000100001
SWEATSHIRT KARELİ 2'Lİ TAKIM KIZ BEBEK,Kids-Baby,0.0
SWEATSHIRT KUMAŞI ŞORT ERKEK ÇOCUK,Kids-Baby,0.0
SWEATSHİRT,Women,0.0
SWEATSHİRT KUMAŞI 2'Lİ TAKIM ERKEK ÇOCUK,Kids-Baby,0.0
SWEATSHİRT KUMAŞI KIZ ÇOCUK,Kids-Baby,0.0
SÜET ATLET,Women,0.0
SÜET CEKET,Women,0.0
SÜET CÜZDAN,Women,0.0
SÜET EL ÇANTASI,Women,0.0
SÜET EL ÇANTASI KIZ ÇOCUK,Kids-Baby,-40.000307694674575
SÜET ELBİSE,Women,0.0
SÜET KIZ ÇOCUK,Kids-Baby,0.0
SÜET MONT KIZ ÇOCUK,Kids-Baby,-10.000066667111113
SÜET OMUZ ÇANTASI,Women,0.0
SÜET ÇAPRAZ ÇANTA,Women,0.0
SÜET ÇAPRAZ ÇANTA KIZ ÇOCUK,Kids-Baby,-40.000307694674575
SÜET ŞORT,Women,0.0
SİGARET SATEN KUMAŞ PANTOLON BORDO NORMAL BEL BASIC BELİ LASTİKLİ,Women,0.0
SİGARET SATEN KUMAŞ PANTOLON LACİVERT NORMAL BEL BASIC BELİ LASTİKLİ,Women,0.0
SİGARET SATEN KUMAŞ PANTOLON NORMAL BEL BASIC BELİ LASTİKLİ,Women,0.0
SİGARET SATEN PANTOLON NORMAL BEL BELİ LASTİKLİ BASIC,Women,0.0
SİLİKON YAPIŞKANLI KAP,Women,0.0
SİMLİ 3D PAMUKLU CAP ŞAPKA KIZ ÇOCUK,Kids-Baby,0.0
SİMLİ BASIC TRİKO KAZAK,Women,0.0
SİMLİ DANTEL BRAZİLİAN KÜLOT,Women,0.0
SİMLİ FİTİLLİ KAŞKORSE TÜTÜLÜ ELBİSE KIZ BEBEK,Kids-Baby,0.0
SİMLİ KIZ ÇOCUK MAYO,Kids-Baby,0.0
SİMLİ PARILTILI KÜLOTLU ÇORAP KIZ ÇOCUK,Kids-Baby,0.0
SİYAH YÜKSEK BEL BELİ SARAN BİKER ESNEK KISA BASIC SPORCU TAYT,Women,0.0
TABLET ÇANTASI,Women,0.0
TAFTA POPLİN CEKET,Women,0.0
TAILORED FIT PANTOLON,Men,-13.36548742682636
TAILORED FİT PANTOLON,Men,0.0
TAKIM,Men,0.0
TANKİNİ,Women,0.0
TAPERED FIT PANTOLON,Men,-24.28590110033813
TAPERED PANTOLON,Men,0.0
TAPERED WIDE LEG FIT PANTOLON,Men,-30.00023077100593
TARAK,Women,0.0
TAVŞAN DÜZ TABAN PANDUF KIZ ÇOCUK,Kids-Baby,0.0
TAVŞAN TEMALI DÜZ TABAN PANDUF KIZ ÇOCUK,Kids-Baby,0.0
TAYT,Women,0.0
TAYT KIZ BEBEK,Kids-Baby,-30.000750018750466
TAYT KIZ ÇOCUK,Kids-Baby,-50.00083334722245
TAÇ KIZ ÇOCUK,Kids-Baby,0.0
TAİLORED REGULAR FİT PANTOLON,Men,0.0
TAŞ BASKILI ATLET KIZ ÇOCUK,Kids-Baby,0.0
TAŞ DETAYLI ASKILI ELBİSE KIZ ÇOCUK,Kids-Baby,-20.000153847337288
TAŞ DETAYLI JEAN PANTOLON,Women,-30.000200001333344
TAŞ DÜĞME DETAYLI KAZAK KIZ ÇOCUK,Kids-Baby,-30.00037500468756
TAŞLI POPLİN GÖMLEK KIZ ÇOCUK,Kids-Baby,-30.00037500468756
TEDDY BEAR BASKILI KIZ ÇOCUK TİŞÖRT,Women,0.0
TEENAGE MUTANT NİNJA TURTLES BİSİKLET YAKA KISA KOLLU TİŞÖRT ERKEK ÇOCUK,Kids-Baby,0.0
TEENAGE MUTANT NİNJA TURTLES:MUTANT MAYHEM BİSİKLET YAKA SIRT BASKILI UZUN KOLLU TİŞÖRT ERKEK ÇOCUK,Kids-Baby,0.0
TEK BANTLI DÜZ TABAN EVA TERLİK ERKEK ÇOCUK,Kids-Baby,0.0
TEK BANTLI YÜKSEK TABAN EVA TERLİK KIZ ÇOCUK,Kids-Baby,0.0
TEK OMUZLU ATLET KIZ ÇOCUK,Kids-Baby,0.0
TEK OMUZLU BÜRÜMCÜK ATLET,Women,0.0
TEK OMUZLU KALIN SWEATSHİRT,Women,0.0
TEKNİK REGULAR FIT KISA BOY GOFRE DOKULU ŞORT,Women,0.0
TEKNİK V YAKA YELEK,Women,0.0
TELEFON ASKISI,Women,-21.42928573809603
TENİSÇİ MİNİ ŞORT ETEK,Women,0.0
TERMAL KÜLOTLU ÇORAP,Women,0.0
TERMAL TERMAL ÇORAP,Women,0.0
TERMAL ÇORAP,Men,0.0
TERRY COTTON MİDİ ELBİSE,Women,0.0
TERRY COTTON UZUN BOY ELBİSE,Women,0.0
TERRY COTTON UZUN KOLLU TUNİK,Women,0.0
TIRTIKLI TABAN EVA TERLİK ERKEK ÇOCUK,Kids-Baby,0.0
TOM & JERRY CROPPED FİT BİSİKLET YAKA KISA KOLLU TİŞÖRT KIZ ÇOCUK,Kids-Baby,0.0
TOM & JERRY OVERSIZE SIRT BASKILI TİŞÖRT,Women,0.0
TOPARLAYICI YÜKSEK BEL ESNEK KUMAŞ BASIC SPORCU TAYT,Women,0.0
TOY STORY BASKILI TİŞÖRT,Kids-Baby,0.0
TOY STORY RELAX FİT BİSİKLET YAKA KISA KOLLU TİŞÖRT KIZ ÇOCUK,Kids-Baby,0.0
TRENÇKOT,Women,0.0
TRENÇKOT KIZ BEBEK,Kids-Baby,-40.0002222234568
TRENÇKOT KIZ ÇOCUK,Kids-Baby,0.0
TROPİKAL DESENLİ FLAMLI POPLİN KISA KOLLU GÖMLEK ERKEK BEBEK,Kids-Baby,0.0
TROPİKAL DESENLİ FLAMLI POPLİN UZUN KOLLU GÖMLEK ERKEK BEBEK,Kids-Baby,0.0
TROPİKAL DESENLİ GÖMLEK ERKEK BEBEK,Kids-Baby,0.0
TRİKO ATLET,Women,0.0
TRİKO ATLET KIZ ÇOCUK,Kids-Baby,0.0
TRİKO BERE ERKEK ÇOCUK,Kids-Baby,0.0
TRİKO BERE KIZ ÇOCUK,Kids-Baby,0.0
TRİKO ELBİSE,Women,0.0
TRİKO ELDİVEN KIZ ÇOCUK,Kids-Baby,0.0
TRİKO GÖRÜNÜMLÜ 2'Lİ TAKIM ERKEK BEBEK,Kids-Baby,-20.00020000200002
TRİKO GÖRÜNÜMLÜ ŞORT,Women,0.0
TRİKO HIRKA KIZ ÇOCUK,Kids-Baby,-38.75048438105476
TRİKO KAPÜŞONLU HARF NAKIŞLI DÜĞMELİ HIRKA ERKEK BEBEK,Kids-Baby,0.0
TRİKO KAZAK,Men,0.0
TRİKO KAZAK,Women,0.0
TRİKO KISA KOLLU POLO TİŞÖRT,Men,0.0
TRİKO SÜVETER KIZ ÇOCUK,Kids-Baby,0.0
TRİKO TAYT KIZ BEBEK,Kids-Baby,0.0
TRİKO UZUN KOLLU TULUM KIZ BEBEK YENİDOĞAN,Kids-Baby,0.0
TRİKO YELEK ERKEK ÇOCUK,Kids-Baby,-16.66694444907415
TULUM,Women,0.0
TWEED BLAZER CEKET,Women,0.0
TWEED MİDİ ELBİSE,Women,0.0
TWEED SALOPET ELBİSE KIZ BEBEK,Kids-Baby,0.0
TWILL CEKET KIZ ÇOCUK,Kids-Baby,-20.000153847337288
TWILL ELBİSE KIZ ÇOCUK,Kids-Baby,0.0
TWILL NAKIŞ DETAYLI TULUM KIZ BEBEK,Kids-Baby,-30.000333337037077
TWİLL BİLEK BOY ELBİSE,Women,0.0
TÜL ALT,Women,-20.00040000800016
TÜL ATLET,Women,0.0
TÜL BRAZİLİAN KÜLOT,Women,-36.66813339200234
TÜL BRİEF,Women,0.0
TÜL ELBİSE,Women,0.0
TÜL KISA KOLLU TİŞÖRT,Women,0.0
TÜL KIZ BEBEK,Kids-Baby,0.0
TÜL KIZ ÇOCUK,Kids-Baby,0.0
TÜL KOLSUZ MİDİ ELBİSE,Women,-20.000153847337288
TÜL MAXİ ELBİSE,Women,0.0
TÜL MİDİ ELBİSE,Women,0.0
TÜL MİNİ ELBİSE,Women,0.0
TÜL ÜST,Women,-20.000333338888982
TİŞÖRT ALT 2'Lİ PİJAMA TAKIMI KIZ ÇOCUK,Kids-Baby,0.0
TİŞÖRT BRA,Women,0.0
TİŞÖRT ERKEK BEBEK,Kids-Baby,0.0
TİŞÖRT ERKEK ÇOCUK,Kids-Baby,6.400204806553809
TİŞÖRT ETEK 2'Lİ TAKIM KIZ ÇOCUK,Kids-Baby,0.0
TİŞÖRT EŞOFMAN ALTI 2'Lİ TAKIM ERKEK ÇOCUK,Kids-Baby,-10.00010000100001
TİŞÖRT EŞOFMAN ALTI 2'Lİ TAKIM KIZ ÇOCUK,Kids-Baby,-10.000111112345692
TİŞÖRT KIZ BEBEK,Kids-Baby,-30.001000033334446
TİŞÖRT KIZ ÇOCUK,Kids-Baby,-3.6000720014400405
TİŞÖRT PANTOLON 2'Lİ TAKIM ERKEK ÇOCUK,Kids-Baby,-20.00020000200002
TİŞÖRT TAYT 2'Lİ TAKIM KIZ BEBEK,Kids-Baby,0.0
TİŞÖRT ŞORT 2'Lİ TAKIM ERKEK ÇOCUK,Kids-Baby,-6.666733334000003
TİŞÖRT ŞORT 2'Lİ TAKIM KIZ ÇOCUK,Kids-Baby,0.0
TİŞÖRT ŞORT WAFFLE 2'Lİ PİJAMA TAKIMI ERKEK ÇOCUK,Kids-Baby,0.0
U YAKA BASIC CROP ATLET,Women,0.0
U YAKA KETEN KARIŞIMLI BASIC ATLET,Women,0.0
U YAKA PUANTİYELİ BÜRÜMCÜK ASKILI MAXİ ELBİSE,Women,0.0
U YAKA RİBANA ATLET,Women,0.0
U YAKA TRİKO ATLET,Women,0.0
UNİCORN BASKILI KISA KOLLU YAZLIK TÜL ELBİSE KIZ BEBEK,Kids-Baby,0.0
UNİCORN BASKILI PENYE 2'Lİ KISA KOLLU TULUM KIZ BEBEK YENİDOĞAN,Kids-Baby,0.0
UNİCORN BASKILI UZUN KOLLU TÜL ELBİSE KIZ BEBEK,Kids-Baby,0.0
UNİCORN TEMALI DÜZ TABAN TERLİK KIZ ÇOCUK,Kids-Baby,0.0
UNİSEX AMBER - AQUATİC 100 ML PARFÜM,Men,0.0
UNİSEX AMBER - LEATHER 100 ML PARFÜM,Men,0.0
UNİSEX AMBER - SANDALWOOD 100 ML PARFÜM,Men,0.0
UNİSEX AMBER - VANİLLA 100 ML PARFÜM,Men,0.0
UNİSEX AMBER - WARM SPİCY 100 ML PARFÜM,Men,0.0
UNİSEX AQUATİC MUSK 100 ML PARFÜM,Women,0.0
UNİSEX FRESH 100 ML PARFÜM,Women,0.0
UNİSEX FRUİTY 100 ML PARFÜM,Women,0.0
UNİSEX GÜNEŞ GÖZLÜĞÜ,Women,0.0
UNİSEX JEAN BEYZBOL BASKETBOL ŞAPKASI,Men,0.0
UNİSEX MATARA,Women,0.0
UNİSEX OKUL SIRT ÇANTASI,Kids-Baby,0.0
UNİSEX SERT KAPAKLI BÜYÜK BOY VALİZ,Men,0.0
UNİSEX SERT KAPAKLI BÜYÜK BOY VALİZ,Women,0.0
UNİSEX SERT KAPAKLI BÜYÜK VALİZ,Men,0.0
UNİSEX SERT KAPAKLI BÜYÜK VALİZ,Women,0.0
UNİSEX SERT KAPAKLI KÜÇÜK BOY VALİZ,Men,0.0
UNİSEX SERT KAPAKLI KÜÇÜK BOY VALİZ,Women,0.0
UNİSEX SERT KAPAKLI KÜÇÜK VALİZ,Men,0.0
UNİSEX SERT KAPAKLI KÜÇÜK VALİZ,Women,0.0
UNİSEX SERT KAPAKLI ORTA BOY VALİZ,Men,0.0
UNİSEX SERT KAPAKLI ORTA BOY VALİZ,Women,0.0
UNİSEX SERT KAPAKLI ORTA VALİZ,Men,0.0
UNİSEX SERT KAPAKLI ORTA VALİZ,Women,0.0
UNİSEX SERT KAPAKLI ÇEKÇEKLİ BÜYÜK BOY VALİZ,Men,0.0
UNİSEX SERT KAPAKLI ÇEKÇEKLİ BÜYÜK BOY VALİZ,Women,0.0
UNİSEX SERT KAPAKLI ÇEKÇEKLİ BÜYÜK VALİZ,Men,0.0
UNİSEX SERT KAPAKLI ÇEKÇEKLİ BÜYÜK VALİZ,Women,0.0
UNİSEX SERT KAPAKLI ÇEKÇEKLİ KÜÇÜK BOY VALİZ,Men,0.0
UNİSEX SERT KAPAKLI ÇEKÇEKLİ KÜÇÜK BOY VALİZ,Women,0.0
UNİSEX SERT KAPAKLI ÇEKÇEKLİ KÜÇÜK VALİZ,Men,0.0
UNİSEX SERT KAPAKLI ÇEKÇEKLİ KÜÇÜK VALİZ,Women,0.0
UNİSEX SERT KAPAKLI ÇEKÇEKLİ ORTA BOY VALİZ,Men,0.0
UNİSEX SERT KAPAKLI ÇEKÇEKLİ ORTA BOY VALİZ,Women,0.0
UNİSEX SERT KAPAKLI ÇEKÇEKLİ ORTA VALİZ,Men,0.0
UNİSEX SERT KAPAKLI ÇEKÇEKLİ ORTA VALİZ,Women,0.0
UNİSEX SUNİ DERİ GÜNEŞ GÖZLÜĞÜ KILIFI,Women,0.0
UNİSEX SWEET AMBER 100 ML PARFÜM,Women,0.0
UNİSEX WHİTE FLOWER 100 ML PARFÜM,Women,0.0
UNİSEX YILBAŞI GEYİK TEMALI GÖZLÜK,Women,0.0
UNİSEX YILBAŞI TEMALI GÖZLÜK,Women,0.0
UNİSEX ÇOCUK BASKILI OXFORD OKUL SIRT ÇANTASI,Kids-Baby,0.0
UNİSEX ÇOCUK DESENLİ OXFORD OKUL ÇANTASI,Kids-Baby,0.0
UNİSEX ÇOCUK OKUL SIRT ÇANTASI,Kids-Baby,0.0
UZUN BOY ELBİSE,Women,0.0
UZUN KOLLU DÜĞMELİ TRİKO TULUM KIZ BEBEK YENİDOĞAN,Kids-Baby,0.0
UZUN KOLLU ELBİSE KIZ BEBEK,Kids-Baby,0.0
UZUN KOLLU FİTİLLİ KAŞKORSE BALON ETEKLİ ELBİSE KIZ BEBEK,Kids-Baby,0.0
UZUN KOLLU GÖMLEK,Men,0.0
UZUN KOLLU GÖMLEK KIZ ÇOCUK,Kids-Baby,0.0
UZUN KOLLU GÖMLEK TUNİK,Women,0.0
UZUN KOLLU HAMİLE ÜSTÜ,Women,0.0
UZUN KOLLU JEAN ELBİSE KIZ BEBEK,Kids-Baby,-20.000153847337288
UZUN KOLLU KETEN GÖMLEK,Men,0.0
UZUN KOLLU PAMUKLU ELBİSE KIZ BEBEK,Kids-Baby,-20.000153847337288
UZUN KOLLU PELÜŞ GÖMLEK KIZ ÇOCUK,Kids-Baby,0.0
UZUN KOLLU TUNİK,Women,0.0
UZUN KOLLU TİŞÖRT,Women,-18.571800007428717
UZUN KOLLU ÇITÇITLI GÖMLEK CEKET KIZ ÇOCUK,Kids-Baby,0.0
UZUN TAYT KIZ ÇOCUK,Kids-Baby,-16.66722224074136
V YAKA AĞIR KUMAŞ SPORCU BRA,Women,0.0
V YAKA BASIC TİŞÖRT,Women,0.0
V YAKA BASKILI KISA KOLLU YAZLIK ELBİSE KIZ ÇOCUK,Kids-Baby,0.0
V YAKA BASKILI OKUL SÜVETERİ ERKEK ÇOCUK,Kids-Baby,0.0
V YAKA BAĞCIKLI BASIC BLAZER YELEK,Women,0.0
V YAKA BAĞCIKLI BASIC YELEK,Women,0.0
V YAKA BÜZGÜLÜ KOLSUZ BLUZ,Women,0.0
V YAKA DÜĞMELİ OKUL TRİKO HIRKASI ERKEK ÇOCUK,Kids-Baby,0.0
V YAKA DÜĞMELİ OKUL TRİKO HIRKASI KIZ ÇOCUK,Kids-Baby,0.0
V YAKA DÜĞMELİ TRİKO HIRKA KIZ BEBEK,Kids-Baby,0.0
V YAKA DÜĞMELİ TRİKO HIRKA KIZ ÇOCUK,Kids-Baby,0.0
V YAKA DÜĞMELİ TÜL KOLSUZ BLUZ KIZ BEBEK,Kids-Baby,0.0
V YAKA DÜĞMELİ UZUN KOLLU BLUZ,Women,0.0
V YAKA FİYONK DÜĞMELİ HIRKA KIZ ÇOCUK,Kids-Baby,-37.77819753552817
V YAKA GOFRE DOKULU KOLSUZ ELBİSE,Women,0.0
V YAKA HIRKA KIZ ÇOCUK,Kids-Baby,-37.77819753552817
V YAKA KEMERLİ ÇAPRAZ DOKUMA TESETTÜR KLASİK YELEK,Women,0.0
V YAKA KISA KOLLU BÜZGÜ DETAYLI GÖMLEK,Women,0.0
V YAKA MODAL VOLANLI BLUZ,Women,0.0
V YAKA MONT KIZ ÇOCUK,Kids-Baby,-20.000125000781253
V YAKA NAKIŞLI TRİKO SÜVETER KIZ ÇOCUK,Kids-Baby,0.0
V YAKA POPLİN MAXİ ELBİSE,Women,0.0
V YAKA SATEN PUANTİYELİ KISA KOLLU MİDİ ELBİSE,Women,0.0
V YAKA SPORCU BRA,Women,0.0
V YAKA TRİKO SÜVETER KIZ ÇOCUK,Kids-Baby,0.0
V YAKA TİŞÖRT ERKEK ÇOCUK,Kids-Baby,0.0
V YAKA UZUN KOLLU GÖMLEK,Women,0.0
V YAKA VİSKON UZUN KOLLU BLUZ,Women,0.0
V YAKA YELEK,Women,0.0
V YAKA YIKAMALI SÜVETER ERKEK ÇOCUK,Kids-Baby,0.0
V YAKA ÇİZGİLİ HIRKA KIZ ÇOCUK,Kids-Baby,-38.75048438105476
V YAKA ÖNDEN BAĞLAMALI TRİKO HIRKA KIZ ÇOCUK,Kids-Baby,0.0
VALİZ KILIFI,Men,0.0
VALİZ KILIFI,Women,0.0
VELUR 2'Lİ TAKIM,Women,0.0
VIKINGS VALHALLA BASKILI TİŞÖRT,Men,0.0
VOLANLI AÇIK OMUZLU KISA KOLLU BLUZ KIZ ÇOCUK,Kids-Baby,0.0
VOLANLI MODAL BLUZ,Women,0.0
VUAL 2'Lİ TAKIM,Women,0.0
VUAL ELBİSE,Women,0.0
VUAL MİNİ ELBİSE,Women,0.0
VUAL UZUN KOLLU TUNİK,Women,0.0
VÜCUDU SARAN STRAPLEZ BASIC BLUZ,Women,0.0
VİSKON 2'Lİ TAKIM,Men,0.0
VİSKON 2'Lİ TAKIM,Women,0.0
VİSKON ASKILI TULUM KIZ ÇOCUK,Kids-Baby,0.0
VİSKON ATLET,Women,0.0
VİSKON ETEK,Women,0.0
VİSKON KAPRİ,Women,0.0
VİSKON KIZ ÇOCUK,Kids-Baby,0.0
VİSKON MİNİ ELBİSE,Women,0.0
VİSKON ŞORT,Women,0.0
WAFFLE 2'Lİ TAKIM ERKEK BEBEK,Kids-Baby,-20.000153847337288
WAFFLE KISA KOLLU POLO TİŞÖRT,Women,0.0
WAFFLE PİJAMA TAKIMI KISA KOLLU ÜST BELİ LASTİKLİ ŞORT ERKEK ÇOCUK,Kids-Baby,0.0
WAFFLE SWEATSHİRT,Men,0.0
WAFFLE TAYT KIZ BEBEK,Kids-Baby,0.0
WAFFLE ŞORT,Kids-Baby,0.0
WAFFLE ŞORT ERKEK ÇOCUK,Kids-Baby,0.0
WARMTECH BOXY FIT FERMUARLI PELÜŞ MONT,Women,0.0
WARMTECH FERMUARLI PELÜŞ YELEK,Women,0.0
WARMTECH FLARE FİT BELİ SARAN SPORCU PANTOLON,Women,0.0
WARMTECH MODAL SPORCU SWEATSHİRT,Women,-15.000150001500016
WARMTECH SLİM FİT DAR KESİM DİK YAKA İÇİ YUMUŞAK TÜYLÜ HIRKA,Women,0.0
WARMTECH SLİM FİT DAR KESİM DİK YAKA İÇİ ŞARDONLU SPORCU UZUN KOLLU TİŞÖRT,Women,0.0
WARMTECH STANDART FİT DİK YAKA FERMUARLI MODAL HIRKA,Women,0.0
WARMTECH STANDART FİT DİK YAKA FERMUARLI İÇİ YUMUŞAK TÜYLÜ SPORCU UZUN KOLLU TİŞÖRT,Women,0.0
WARMTECH STANDART FİT DİK YAKA İÇİ YUMUŞAK TÜYLÜ FERMUARLI HIRKA,Women,0.0
WARMTECH STANDART FİT FERMUARLI İÇİ YUMUŞAK TÜYLÜ MODAL HIRKA,Women,0.0
WARMTECH SU İTİCİ SLIM FIT FERMUARLI MONT,Women,0.0
WARMTECH SU İTİCİ USB ISITICILI KAPÜŞONLU FERMUARLI MONT,Women,0.0
WARMTECH TOPARLAYICI YÜKSEK BEL İÇİ YUMUŞAK TÜYLÜ BELİ SARAN BASIC SPORCU TAYT,Women,0.0
WARMTECH WIDE LEG CEPLİ MODAL EŞOFMAN ALTI,Women,0.0
WARMTECH WİDE LEG GENİŞ PAÇA CEPLİ BİYELİ STANDART BOY İÇİ YUMUŞAK TÜYLÜ SPORCU PANTOLON,Women,0.0
WE BARE BEARS BİSİKLET YAKA KISA KOLLU TİŞÖRT KIZ ÇOCUK,Kids-Baby,0.0
WELSOFT PELÜŞ 2'Lİ TAKIM,Men,0.0
WIDE BAGGY FIT GABARDİN PANTOLON KIZ ÇOCUK,Kids-Baby,0.0
WIDE BAGGY FIT JEAN PANTOLON,Women,0.0
WIDE LEG AEROBİN PANTOLON,Women,0.0
WIDE LEG AKIŞKAN KUMAŞ PANTOLON KIZ BEBEK,Kids-Baby,0.0
WIDE LEG AKIŞKAN KUMAŞ PANTOLON KIZ ÇOCUK,Kids-Baby,0.0
WIDE LEG AKSESUAR DETAYLI PANTOLON,Women,0.0
WIDE LEG ALT,Women,0.0
WIDE LEG BATİK FİTİLLİ KAŞKORSE PANTOLON KIZ BEBEK,Kids-Baby,-30.000500008333468
WIDE LEG BAĞCIKLI UZUN JEAN PANTOLON,Women,0.0
WIDE LEG BELİ LASTİKLİ BASKILI EŞOFMAN ALTI ERKEK ÇOCUK,Kids-Baby,-14.285918370262433
WIDE LEG BELİ LASTİKLİ KETEN KARIŞIMLI PANTOLON,Women,0.0
WIDE LEG BELİ LASTİKLİ PANTOLON,Women,-30.000272729752087
WIDE LEG BÜRÜMCÜK PANTOLON,Kids-Baby,0.0
WIDE LEG BÜRÜMCÜK PANTOLON,Women,-8.441679036973275
WIDE LEG CEP DETAYLI NORMAL BEL DÜZ PAÇA UZUN BOY AKIŞKAN KUMAŞ PANTOLON,Women,0.0
WIDE LEG CEPLİ JEAN PANTOLON ERKEK ÇOCUK,Kids-Baby,-20.00020000200002
WIDE LEG CEPLİ YÜKSEK BEL KETEN KARIŞIMLI PANTOLON,Women,0.0
WIDE LEG DÜZ PAÇA GABARDİN PANTOLON KIZ ÇOCUK,Kids-Baby,0.0
WIDE LEG DÜZ PAÇA JEAN PANTOLON ERKEK ÇOCUK,Kids-Baby,0.0
WIDE LEG EŞOFMAN ALTI KIZ BEBEK,Kids-Baby,-40.00080001600032
WIDE LEG EŞOFMAN ALTI KIZ ÇOCUK,Kids-Baby,-1.1111296299382705
WIDE LEG FERMUARLI NORMAL BEL PANTOLON,Women,0.0
WIDE LEG FERMUARLI YÜKSEK BEL PANTOLON,Women,0.0
WIDE LEG FIRFIRLI ÇİÇEKLİ PANTOLON KIZ BEBEK,Kids-Baby,-40.00080001600032
WIDE LEG FİYONK NAKIŞLI GABARDİN PANTOLON KIZ BEBEK,Kids-Baby,-30.00037500468756
WIDE LEG GABARDİN PANTOLON KIZ ÇOCUK,Kids-Baby,-4.8649174585671195
WIDE LEG GENİŞ PAÇA JEAN PANTOLON KIZ ÇOCUK,Kids-Baby,-48.61575858275833
WIDE LEG GENİŞ PAÇA PANTOLON KIZ ÇOCUK,Kids-Baby,0.0
WIDE LEG GENİŞ PAÇA UZUN BOY AKIŞKAN KUMAŞ PANTOLON,Women,0.0
WIDE LEG JAKARLI PANTOLON KIZ BEBEK,Kids-Baby,-40.00080001600032
WIDE LEG JEAN GÖRÜNÜMLÜ PANTOLON KIZ ÇOCUK,Kids-Baby,0.0
WIDE LEG JEAN PANTOLON,Kids-Baby,0.0
WIDE LEG JEAN PANTOLON ERKEK ÇOCUK,Kids-Baby,-15.00018750234378
WIDE LEG JEAN PANTOLON KIZ BEBEK,Kids-Baby,-30.00037500468756
WIDE LEG JEAN PANTOLON KIZ ÇOCUK,Kids-Baby,-11.428685715428575
WIDE LEG KALIN KUMAŞ PANTOLON,Women,0.0
WIDE LEG KETEN KARIŞIMLI PANTOLON,Kids-Baby,0.0
WIDE LEG KETEN KARIŞIMLI PANTOLON,Women,-5.656628507993532
WIDE LEG KIZ BEBEK PANTOLON,Kids-Baby,0.0
WIDE LEG KREP PANTOLON,Women,0.0
WIDE LEG KRİNKIL KUMAŞ PANTOLON,Women,0.0
WIDE LEG KRİNKIL KUMAŞ PANTOLON KIZ ÇOCUK,Kids-Baby,0.0
WIDE LEG KRİNKIL PANTOLON KIZ ÇOCUK,Kids-Baby,0.0
WIDE LEG KRİNKIL PUANTİYELİ PANTOLON KIZ BEBEK,Kids-Baby,0.0
WIDE LEG KUMAŞ PANTOLON,Men,0.0
WIDE LEG MODAL EŞOFMAN ALTI KIZ ÇOCUK,Kids-Baby,0.0
WIDE LEG MODAL PANTOLON,Women,0.0
WIDE LEG MODAL PANTOLON KIZ ÇOCUK,Kids-Baby,-22.50028125351567
WIDE LEG NAKIŞLI JEAN PANTOLON KIZ BEBEK,Kids-Baby,-30.00037500468756
WIDE LEG NAKIŞLI PANTOLON,Kids-Baby,0.0
WIDE LEG NORMAL BEL PANTOLON,Women,0.0
WIDE LEG NORMAL BEL POPLİN PANTOLON,Women,0.0
WIDE LEG PAMUKLU PANTOLON KIZ BEBEK,Kids-Baby,-30.000413798811014
WIDE LEG PAMUKLU PANTOLON KIZ ÇOCUK,Kids-Baby,0.0
WIDE LEG PANTOLON,Men,-18.238625156131256
WIDE LEG PANTOLON,Women,-12.586869553194191
WIDE LEG PANTOLON KIZ BEBEK,Kids-Baby,-40.00080001600032
WIDE LEG PANTOLON KIZ ÇOCUK,Kids-Baby,-20.36725276035909
WIDE LEG PUANTİYELİ YÜKSEK BEL VİSKON PANTOLON,Women,0.0
WIDE LEG PİKE PANTOLON,Women,0.0
WIDE LEG SATEN PANTOLON,Women,0.0
WIDE LEG SKUBA DALGIÇ KUMAŞ SPORCU PANTOLON,Women,0.0
WIDE LEG STANDART BOY PANTOLON,Women,0.0
WIDE LEG TENCEL PANTOLON,Women,0.0
WIDE LEG UZUN JEAN PANTOLON,Women,0.0
WIDE LEG VİSKON PANTOLON,Women,0.0
WIDE LEG WAFFLE PANTOLON KIZ ÇOCUK,Kids-Baby,-40.00080001600032
WIDE LEG YÜKSEK BEL DÜZ PAÇA PANTOLON,Women,0.0
WIDE LEG YÜKSEK BEL KETEN KARIŞIMLI PANTOLON,Women,0.0
WIDE LEG YÜKSEK BEL MODAL PANTOLON,Women,0.0
WIDE LEG YÜKSEK BEL MÜSLİN PANTOLON,Women,0.0
WIDE LEG YÜKSEK BEL PANTOLON,Women,0.0
WIDE LEG YÜKSEK BEL UZUN YUMUŞAK JEAN PANTOLON,Women,0.0
WIDE LEG ÇİFT CEPLİ YÜKSEK BEL PANTOLON,Women,0.0
WIDE LEG İNCE SWEATSHİRT KUMAŞI PANTOLON,Women,0.0
WIDE STRAIGHT KETEN KARIŞIMLI PANTOLON,Women,0.0
WIDE STRAIGHT PANTOLON,Men,0.0
WIDE STRAIGHT PANTOLON,Women,0.0
WRAP YAKA AKSESUAR DETAYLI BLUZ,Women,-40.00044444938277
WRAP YAKA KEMERLİ HIRKA,Women,-30.000300003000035
WİDE BAGGY FİT BELİ LASTİKLİ JEAN PANTOLON KIZ ÇOCUK,Kids-Baby,0.0
WİDE BAGGY FİT FİTİLLİ KADİFE PANTOLON KIZ BEBEK,Kids-Baby,0.0
WİDE LEG BASIC PALAZZO PANTOLON,Women,0.0
WİDE LEG BASIC PANTOLON,Women,0.0
WİDE LEG BASIC PİKE PANTOLON,Women,0.0
WİDE LEG BASKILI SWEATSHİRT ERKEK BEBEK,Kids-Baby,0.0
WİDE LEG BELİ LASTİKLİ BASIC BÜRÜMCÜK PANTOLON,Women,0.0
WİDE LEG BELİ LASTİKLİ BAĞCIKLI BASIC PALAZZO PANTOLON,Women,0.0
WİDE LEG BELİ LASTİKLİ EŞOFMAN ALTI ERKEK BEBEK,Kids-Baby,-20.00040000800016
WİDE LEG BELİ LASTİKLİ GENİŞ BOL PAÇA EŞOFMAN ALTI KIZ ÇOCUK,Kids-Baby,0.0
WİDE LEG BELİ LASTİKLİ GENİŞ PAÇA PANTOLON KIZ ÇOCUK,Kids-Baby,0.0
WİDE LEG BELİ LASTİKLİ JEAN PANTOLON KIZ BEBEK,Kids-Baby,0.0
WİDE LEG BELİ LASTİKLİ ÇİÇEKLİ PANTOLON KIZ BEBEK,Kids-Baby,0.0
WİDE LEG BÜRÜMCÜK PANTOLON,Women,0.0
WİDE LEG CEPLİ GENİŞ PAÇA PANTOLON KIZ ÇOCUK,Kids-Baby,0.0
WİDE LEG DÜZ PAÇA JEAN PANTOLON ERKEK ÇOCUK,Kids-Baby,-30.00037500468756
WİDE LEG DÜZ PAÇA PANTOLON KIZ BEBEK,Kids-Baby,0.0
WİDE LEG ESNEK BANTLI PAÇA PARAŞÜT PANTOLON KIZ ÇOCUK,Kids-Baby,0.0
WİDE LEG EŞOFMAN ALTI BELİ LASTİKLİ BASIC,Women,0.0
WİDE LEG EŞOFMAN ALTI BELİ LASTİKLİ BAĞCIKLI BASIC,Women,0.0
WİDE LEG EŞOFMAN ALTI BELİ LASTİKLİ CEPLİ BASIC,Women,0.0
WİDE LEG EŞOFMAN ALTI NORMAL BEL FİTİLLİ KAŞKORSE KUMAŞ BASIC,Women,0.0
WİDE LEG FİTİLLİ KADİFE PANTOLON KIZ ÇOCUK,Kids-Baby,0.0
WİDE LEG GABARDİN PANTOLON KIZ ÇOCUK,Kids-Baby,0.0
WİDE LEG GENİŞ BOL PAÇA BELİ LASTİKLİ EŞOFMAN ALTI KIZ ÇOCUK,Kids-Baby,0.0
WİDE LEG GENİŞ BOL PAÇA FİTİLLİ KAŞKORSE PANTOLON KIZ BEBEK,Kids-Baby,0.0
WİDE LEG GENİŞ BOL PAÇA JEAN PANTOLON KIZ ÇOCUK,Kids-Baby,0.0
WİDE LEG GENİŞ BOL PAÇA PAMUKLU PANTOLON KIZ ÇOCUK,Kids-Baby,0.0
WİDE LEG GENİŞ PAÇA CEPLİ EŞOFMAN ALTI KIZ ÇOCUK,Kids-Baby,0.0
WİDE LEG GENİŞ PAÇA DESENLİ BELİ LASTİKLİ PAMUKLU PANTOLON KIZ ÇOCUK,Kids-Baby,0.0
WİDE LEG GENİŞ PAÇA GABARDİN PANTOLON KIZ ÇOCUK,Kids-Baby,-20.00020000200002
WİDE LEG GENİŞ PAÇA JEAN PANTOLON ERKEK ÇOCUK,Kids-Baby,0.0
WİDE LEG GENİŞ PAÇA JEAN PANTOLON KIZ ÇOCUK,Kids-Baby,-42.16708833755004
WİDE LEG GENİŞ PAÇA OKUL EŞOFMAN ALTI KIZ ÇOCUK,Kids-Baby,0.0
WİDE LEG GENİŞ PAÇA OKUL PANTOLONU KIZ ÇOCUK,Kids-Baby,0.0
WİDE LEG GENİŞ PAÇA PAMUKLU OKUL PANTOLONU KIZ ÇOCUK,Kids-Baby,0.0
WİDE LEG GENİŞ PAÇA PAMUKLU PANTOLON KIZ ÇOCUK,Kids-Baby,0.0
WİDE LEG GENİŞ PAÇA PANTOLON ERKEK ÇOCUK,Kids-Baby,0.0
WİDE LEG GENİŞ PAÇA PANTOLON KIZ ÇOCUK,Kids-Baby,-52.000650008125106
WİDE LEG GENİŞ PAÇA ÇİZGİLİ PANTOLON KIZ ÇOCUK,Kids-Baby,-20.00020000200002
WİDE LEG JEAN GÖRÜNÜMLÜ PANTOLON KIZ BEBEK,Kids-Baby,0.0
WİDE LEG JEAN PANTOLON KIZ BEBEK,Kids-Baby,0.0
WİDE LEG JEAN PANTOLON KIZ ÇOCUK,Kids-Baby,0.0
WİDE LEG KADİFE EŞOFMAN ALTI KIZ ÇOCUK,Kids-Baby,0.0
WİDE LEG KARGO GENİŞ BOL PAÇA JEAN PANTOLON KIZ ÇOCUK,Kids-Baby,0.0
WİDE LEG KARGO GENİŞ BOL PAÇA PAMUKLU JEAN PANTOLON KIZ ÇOCUK,Kids-Baby,0.0
WİDE LEG KARGO GENİŞ PAÇA JEAN PANTOLON KIZ ÇOCUK,Kids-Baby,0.0
WİDE LEG KARGO GENİŞ PAÇA PAMUKLU JEAN PANTOLON KIZ ÇOCUK,Kids-Baby,0.0
WİDE LEG KARGO GENİŞ PAÇA PAMUKLU PANTOLON KIZ ÇOCUK,Kids-Baby,0.0
WİDE LEG KISA PAÇA PANTOLON KIZ ÇOCUK,Kids-Baby,0.0
WİDE LEG NAKIŞLI ESNEK BANTLI PAÇA GABARDİN PANTOLON KIZ BEBEK,Kids-Baby,-30.00037500468756
WİDE LEG PANTOLON,Women,50.00050000500005
WİDE LEG PANTOLON KIZ ÇOCUK,Kids-Baby,-30.00037500468756
WİDE LEG PENSLİ KLASİK PALAZZO PANTOLON BASIC UZUN BOY YÜKSEK BEL CEPLİ,Women,0.0
WİDE LEG PUANTİYELİ DÜZ PAÇA POPLİN PANTOLON KIZ BEBEK,Kids-Baby,0.0
WİDE LEG PİLE DETAYLI PANTOLON,Men,0.0
WİDE LEG SKUBA DALGIÇ KUMAŞ SPORCU PANTOLON,Women,0.0
WİDE LEG STANDART BOY BASIC EŞOFMAN ALTI,Women,0.0
WİDE LEG STANDART PAÇA GABARDİN PANTOLON ERKEK ÇOCUK,Kids-Baby,0.0
WİDE LEG WAFFLE CEPLİ GENİŞ PAÇA PANTOLON KIZ ÇOCUK,Kids-Baby,0.0
WİDE LEG YIRTIK DETAYLI GENİŞ PAÇA JEAN PANTOLON KIZ ÇOCUK,Kids-Baby,0.0
XBOX 2'Lİ TAKIM KISA KOLLU TİŞÖRT BELİ LASTİKLİ ŞORT ERKEK ÇOCUK,Kids-Baby,0.0
XBOX BİSİKLET YAKA KISA KOLLU TİŞÖRT ERKEK ÇOCUK,Kids-Baby,0.0
XBOX BİSİKLET YAKA SIRT BASKILI KISA KOLLU TİŞÖRT ERKEK ÇOCUK,Kids-Baby,0.0
YAKA DETAYLI ÇİÇEKLİ SWEATSHIRT KIZ BEBEK,Kids-Baby,-50.00083334722245
YAKASI SUNİ KÜRKLÜ FERMUARLI MONT KIZ ÇOCUK,Kids-Baby,0.0
YANLARI BAĞCIKLI BASIC DOKUMA SÜVETER,Women,0.0
YAPIŞKANLI 2'Lİ SİLİKONLU OMUZ PEDİ-FALL İN LOVE,Women,0.0
YARASA KOLLU MİDİ ELBİSE,Women,0.0
YARIM BALIKÇI YAKA BASIC MAXİ ELBİSE,Women,0.0
YARIM BALIKÇI YAKA DANTEL TİŞÖRT,Women,0.0
YARIM BALIKÇI YAKA FERMUARLI NAKIŞLI İÇİ YUMUŞAK TÜYLÜ POLAR SWEATSHİRT ERKEK ÇOCUK,Kids-Baby,0.0
YARIM BALIKÇI YAKA FERMUARLI TRİKO HIRKA ERKEK ÇOCUK,Kids-Baby,0.0
YARIM BALIKÇI YAKA RİBANA TİŞÖRT KIZ ÇOCUK,Kids-Baby,-44.00088001760035
YARIM BALIKÇI YAKA SMART FİTİLLİ KAŞKORSE BASIC TİŞÖRT,Women,0.0
YARIM FERMUARLI BALIKÇI YAKA BASIC SWEATSHİRT,Women,0.0
YARIM FERMUARLI BASKILI POLAR SWEATSHİRT ERKEK ÇOCUK,Kids-Baby,0.0
YARIM FERMUARLI DİK YAKA SIRT BASKILI SWEATSHİRT ERKEK ÇOCUK,Kids-Baby,0.0
YARIM FERMUARLI HIRKA ERKEK ÇOCUK,Kids-Baby,0.0
YARIM FERMUARLI TRİKO KAZAK ERKEK ÇOCUK,Kids-Baby,0.0
YARIM FERMUARLI ÇİZGİLİ TRİKO KAZAK ERKEK ÇOCUK,Kids-Baby,0.0
YARIM FERMUARLI İÇİ YUMUŞAK TÜYLÜ BASKILI SWEATSHİRT ERKEK ÇOCUK,Kids-Baby,0.0
YARIM FERMUARLI İÇİ YUMUŞAK TÜYLÜ SWEATSHİRT ERKEK ÇOCUK,Kids-Baby,0.0
YARIM KOLLU GECELİK,Women,0.0
YAZI BASKILI BİSİKLET YAKA TRİKO KAZAK KIZ BEBEK,Kids-Baby,0.0
YAĞMURLUK,Women,0.0
YELEK,Men,0.0
YELEK,Women,0.0
YELEK ERKEK ÇOCUK,Kids-Baby,0.0
YENİDOĞAN 2'Lİ PAMUKLU BERE,Kids-Baby,0.0
YILBAŞI TEMALI 2'Lİ PAMUKLU UZUN ÇORAP ERKEK ÇOCUK,Kids-Baby,0.0
YILBAŞI TEMALI 2'Lİ PAMUKLU UZUN ÇORAP KIZ ÇOCUK,Kids-Baby,0.0
YILBAŞI TEMALI 2'Lİ TAKIM DESENLİ GÖMLEK PANTOLON ERKEK BEBEK,Kids-Baby,0.0
YILBAŞI TEMALI 2'Lİ TAKIM FİYONKLU SWEATSHİRT ETEK KIZ BEBEK,Kids-Baby,0.0
YILBAŞI TEMALI 2'Lİ TAKIM SWEATSHİRT EŞOFMAN ALTI ERKEK BEBEK,Kids-Baby,0.0
YILBAŞI TEMALI 2'Lİ TAKIM SİMLİ KUMAŞ OMZU AÇIK BLUZ PANTOLON KIZ ÇOCUK,Kids-Baby,0.0
YILBAŞI TEMALI 2'Lİ TAKIM TRİKO KAZAK ALT KIZ BEBEK,Kids-Baby,0.0
YILBAŞI TEMALI 2'Lİ TAKIM TULUM TİŞÖRT KIZ BEBEK,Kids-Baby,0.0
YILBAŞI TEMALI 2'Lİ TAKIM UZUN KOLLU TÜL BLUZ KADİFE ASKILI ELBİSE KIZ ÇOCUK,Kids-Baby,0.0
YILBAŞI TEMALI 2'Lİ TAKIM UZUN KOLLU TİŞÖRT PAYETLİ KOLSUZ ELBİSE KIZ ÇOCUK,Kids-Baby,0.0
YILBAŞI TEMALI 3'LÜ PAMUKLU UZUN ÇORAP ERKEK ÇOCUK,Kids-Baby,0.0
YILBAŞI TEMALI ADVENT CALENDAR,Women,0.0
YILBAŞI TEMALI BİSİKLET YAKA FİYONK DETAYLI FİTİLLİ KAŞKORSE UZUN KOLLU TİŞÖRT KIZ BEBEK,Kids-Baby,0.0
YILBAŞI TEMALI BİSİKLET YAKA TRİKO KAZAK ERKEK ÇOCUK,Kids-Baby,0.0
YILBAŞI TEMALI BİSİKLET YAKA TRİKO KAZAK KIZ BEBEK,Kids-Baby,0.0
YILBAŞI TEMALI BİSİKLET YAKA TRİKO KAZAK KIZ ÇOCUK,Kids-Baby,0.0
YILBAŞI TEMALI DÜZ PAÇA JEAN PANTOLON KIZ ÇOCUK,Kids-Baby,0.0
YILBAŞI TEMALI DÜZ PAÇA TAŞLI JEAN PANTOLON KIZ ÇOCUK,Kids-Baby,0.0
YILBAŞI TEMALI DÜZ TABAN PANDUF KIZ ÇOCUK,Kids-Baby,0.0
YILBAŞI TEMALI DİKİŞSİZ 2'Lİ PAMUKLU UZUN ÇORAP ERKEK BEBEK,Kids-Baby,0.0
YILBAŞI TEMALI DİKİŞSİZ 2'Lİ PAMUKLU UZUN ÇORAP KIZ BEBEK,Kids-Baby,0.0
YILBAŞI TEMALI KADIN 2'Lİ KÜPE,Women,0.0
YILBAŞI TEMALI KADIN 3'LÜ KÜPE,Women,0.0
YILBAŞI TEMALI KADIN 6'LI KÜPE,Women,0.0
YILBAŞI TEMALI KADIN DEFACTO TRUE GLAM AROMATİK 50 ML PARFÜM,Women,0.0
YILBAŞI TEMALI KAYDIRMAZ TABAN 2'Lİ PAMUKLU UZUN ÇORAP ERKEK BEBEK,Kids-Baby,0.0
YILBAŞI TEMALI KAYDIRMAZ TABAN 3'LÜ PAMUKLU UZUN ÇORAP ERKEK BEBEK,Kids-Baby,0.0
YILBAŞI TEMALI MEYVEMSİ 120 ML MUMLUK,Women,0.0
YILBAŞI TEMALI OVERSİZE GENİŞ KALIP BİSİKLET YAKA KAZAK KIZ ÇOCUK,Kids-Baby,0.0
YILBAŞI TEMALI PAMUKLU 2'Lİ UZUN KUTULU ÇORAP ERKEK ÇOCUK,Kids-Baby,0.0
YILBAŞI TEMALI PENYE BOXER ERKEK ÇOCUK,Kids-Baby,0.0
YILBAŞI TEMALI PİJAMA TAKIMI KADİFE UZUN KOLLU ÜST UZUN ALT KIZ ÇOCUK,Kids-Baby,0.0
YILBAŞI TEMALI PİJAMA TAKIMI UZUN KOLLU ÜST UZUN ALT ERKEK ÇOCUK,Kids-Baby,0.0
YILBAŞI TEMALI REN GEYİĞİ FİGÜRLÜ TAÇ,Women,0.0
YILBAŞI TEMALI SLİM FİT DAR KESİM TAŞLI FİTİLLİ KAŞKORSE UZUN KOLLU TİŞÖRT KIZ ÇOCUK,Kids-Baby,0.0
YILBAŞI TEMALI TRİKO KAZAK ERKEK BEBEK,Kids-Baby,0.0
YILBAŞI TEMALI UNİSEX LOVE & JOY MUM,Women,0.0
YILBAŞI TEMALI UNİSEX PURE LİGHT MUM,Women,0.0
YILBAŞI TEMALI UNİSEX SOFT GLOW MUM,Women,0.0
YILBAŞI TEMALI UZUN KOLLU KADİFE TÜL ELBİSE KIZ BEBEK,Kids-Baby,0.0
YILBAŞI TEMALI UZUN KOLLU TİŞÖRT KIZ ÇOCUK,Kids-Baby,0.0
YILBAŞI TEMALI YENİ YIL BASKILI DİKİŞSİZ 2'Lİ PAMUKLU UZUN ÇORAP ERKEK BEBEK,Kids-Baby,0.0
YILBAŞI TEMALI YENİ YIL BASKILI DİKİŞSİZ 2'Lİ PAMUKLU UZUN ÇORAP KIZ BEBEK,Kids-Baby,0.0
YILBAŞI TEMALI YUMUŞAK DOKULU FİYONK DÜĞMELİ HIRKA KIZ ÇOCUK,Kids-Baby,0.0
YILBAŞI TEMALI ÇAM AĞACI FİGÜRLÜ TAÇ,Women,0.0
YILDIZ DESENLİ 5'Lİ PAMUKLU PATİK ÇORAP KIZ ÇOCUK,Kids-Baby,0.0
YILDIZ DESENLİ FİTİLLİ KAŞKORSE TİŞÖRT KIZ ÇOCUK,Kids-Baby,0.0
YILDIZ DESENLİ KÜLOTLU OKUL ÇORABI KIZ ÇOCUK,Kids-Baby,0.0
YILDIZ DESENLİ RİBANA TİŞÖRT KIZ ÇOCUK,Kids-Baby,0.0
YILDIZ NAKIŞLI YAZLIK SALOPET ELBİSE KIZ BEBEK,Kids-Baby,0.0
YIRTIK DETAYLI PAMUKLU JEAN ŞORT KIZ ÇOCUK,Kids-Baby,0.0
YIRTIK DETAYLI PAMUKLU ŞORT KIZ ÇOCUK,Kids-Baby,0.0
YIRTMAÇ DETAYLI PANTOLON,Women,-30.00023077100593
YIRTMAÇLI BASIC TRİKO KAZAK TUNİK,Women,0.0
YUMUŞAK DOKULU İSPANYOL PAÇA PANTOLON,Women,0.0
YUMUŞAK JEAN ŞORT,Women,0.0
YUMUŞAK TUŞE KÖPEK BASKILI PENYE TİŞÖRT KIZ BEBEK,Kids-Baby,-33.33444448148272
YUVARLAK AÇIK MAVİ PLASTİK ÇERÇEVE SİYAH CAM POLARİZE GÜNEŞ GÖZLÜĞÜ KIZ ÇOCUK,Kids-Baby,0.0
YUVARLAK AÇIK TURUNCU PLASTİK ÇERÇEVE SİYAH CAM POLARİZE GÜNEŞ GÖZLÜĞÜ KIZ ÇOCUK,Kids-Baby,0.0
YUVARLAK BEYAZ PLASTİK ÇERÇEVE SİYAH CAM POLARİZE GÜNEŞ GÖZLÜĞÜ KIZ ÇOCUK,Kids-Baby,0.0
YUVARLAK BORDO PLASTİK ÇERÇEVE SİYAH CAM POLARİZE GÜNEŞ GÖZLÜĞÜ ERKEK ÇOCUK,Kids-Baby,0.0
YUVARLAK BORDO PLASTİK ÇERÇEVE SİYAH CAM POLARİZE GÜNEŞ GÖZLÜĞÜ KIZ ÇOCUK,Kids-Baby,-20.00066668888963
YUVARLAK FUŞYA PLASTİK ÇERÇEVE SİYAH CAM POLARİZE GÜNEŞ GÖZLÜĞÜ KIZ ÇOCUK,Kids-Baby,0.0
YUVARLAK GRİ PLASTİK ÇERÇEVE SİYAH CAM POLARİZE GÜNEŞ GÖZLÜĞÜ ERKEK ÇOCUK,Kids-Baby,0.0
YUVARLAK KAHVE PLASTİK ÇERÇEVE SİYAH CAM POLARİZE GÜNEŞ GÖZLÜĞÜ KIZ ÇOCUK,Kids-Baby,0.0
YUVARLAK KIRMIZI PLASTİK ÇERÇEVE SİYAH CAM POLARİZE GÜNEŞ GÖZLÜĞÜ KIZ ÇOCUK,Kids-Baby,0.0
YUVARLAK KIRMIZI VE PEMBE PLASTİK ÇERÇEVE SİYAH CAM POLARİZE GÜNEŞ GÖZLÜĞÜ KIZ ÇOCUK,Kids-Baby,0.0
YUVARLAK LACİVERT PLASTİK ÇERÇEVE SİYAH CAM POLARİZE GÜNEŞ GÖZLÜĞÜ ERKEK ÇOCUK,Kids-Baby,0.0
YUVARLAK LİLA PLASTİK ÇERÇEVE SİYAH CAM POLARİZE GÜNEŞ GÖZLÜĞÜ KIZ ÇOCUK,Kids-Baby,0.0
YUVARLAK MAVİ PLASTİK ÇERÇEVE SİYAH CAM POLARİZE GÜNEŞ GÖZLÜĞÜ ERKEK ÇOCUK,Kids-Baby,0.0
YUVARLAK MAVİ PLASTİK ÇERÇEVE SİYAH CAM POLARİZE GÜNEŞ GÖZLÜĞÜ KIZ ÇOCUK,Kids-Baby,0.0
YUVARLAK PEMBE PLASTİK ÇERÇEVE SİYAH CAM POLARİZE GÜNEŞ GÖZLÜĞÜ KIZ ÇOCUK,Kids-Baby,0.0
YUVARLAK RENKLİ PLASTİK ÇERÇEVE SİYAH CAM POLARİZE GÜNEŞ GÖZLÜĞÜ ERKEK ÇOCUK,Kids-Baby,0.0
YUVARLAK SARI PLASTİK ÇERÇEVE SİYAH CAM POLARİZE GÜNEŞ GÖZLÜĞÜ KIZ ÇOCUK,Kids-Baby,0.0
YUVARLAK SİYAH PLASTİK ÇERÇEVE SİYAH CAM POLARİZE GÜNEŞ GÖZLÜĞÜ ERKEK ÇOCUK,Kids-Baby,0.0
YUVARLAK SİYAH PLASTİK ÇERÇEVE SİYAH CAM POLARİZE GÜNEŞ GÖZLÜĞÜ KIZ ÇOCUK,Kids-Baby,0.0
YUVARLAK TURUNCU PLASTİK ÇERÇEVE SİYAH CAM POLARİZE GÜNEŞ GÖZLÜĞÜ KIZ ÇOCUK,Kids-Baby,0.0
YUVARLAK YAKA BASIC BÜRÜMCÜK TİŞÖRT,Women,0.0
YUVARLAK YAKA BASIC TİŞÖRT,Women,0.0
YUVARLAK YAKA DRAPELİ BASIC BLUZ,Women,0.0
YUVARLAK YAKA FİTİLLİ KAŞKORSE KISA KOLLU ÇITÇITLI BODY,Women,0.0
YUVARLAK YAKA KISA KOLLU BLUZ KIZ ÇOCUK,Kids-Baby,0.0
YUVARLAK YAKA KISA KOLLU SİYAH BLUZ KIZ ÇOCUK,Kids-Baby,0.0
YUVARLAK YAKA PUANTİYELİ ÖNDEN BAĞLAMALI POPLİN KISA KOLLU BLUZ,Women,0.0
YUVARLAK YAKA SPORCU BRA,Women,0.0
YUVARLAK YAKA VOLANLI PAMUKLU KOLSUZ YAZLIK ELBİSE KIZ ÇOCUK,Kids-Baby,0.0
YUVARLAK ŞEFFAF PLASTİK ÇERÇEVE SİYAH CAM POLARİZE GÜNEŞ GÖZLÜĞÜ KIZ ÇOCUK,Kids-Baby,0.0
YÜKSEK BEL 90'S WIDE LEG PANTOLON,Women,0.0
YÜKSEK BEL AKIŞKAN KUMAŞ KAPRİ,Women,0.0
YÜKSEK BEL AKIŞKAN KUMAŞ ŞORT,Women,0.0
YÜKSEK BEL BAGGY FIT PANTOLON,Women,0.0
YÜKSEK BEL BALLOON FIT PANTOLON,Women,0.0
YÜKSEK BEL BALLOON FİT PANTOLON,Women,0.0
YÜKSEK BEL BARREL FIT PANTOLON,Women,0.0
YÜKSEK BEL BELİ SARAN ESNEK BASIC SPORCU TAYT,Women,0.0
YÜKSEK BEL BOYFRIEND HAMİLE PANTOLON,Women,0.0
YÜKSEK BEL BİKER ESNEK KISA BASIC SPORCU TAYT,Women,0.0
YÜKSEK BEL CARROT FIT PANTOLON,Women,0.0
YÜKSEK BEL CEPLİ JEAN PANTOLON,Women,0.0
YÜKSEK BEL COMFORT MOM PANTOLON,Women,0.0
YÜKSEK BEL COMFORT STRAIGHT PANTOLON,Women,0.0
YÜKSEK BEL CROP FLARE FIT PANTOLON,Women,0.0
YÜKSEK BEL CROP JEAN PANTOLON,Women,0.0
YÜKSEK BEL CULOTTE PANTOLON,Women,0.0
YÜKSEK BEL DÜZ PAÇA JEAN PANTOLON,Women,0.0
YÜKSEK BEL FLARE FIT PANTOLON,Women,0.0
YÜKSEK BEL FLORIDA PANTOLON,Women,0.0
YÜKSEK BEL FİTİLLİ KAŞKORSE BASIC MAXİ KAHVE ETEK,Women,0.0
YÜKSEK BEL FİTİLLİ KAŞKORSE BASIC MAXİ SİYAH KALEM ETEK,Women,0.0
YÜKSEK BEL GENİŞ PAÇA BELMANDO PANTOLON,Women,0.0
YÜKSEK BEL GENİŞ PAÇA OXFORD PANTOLON,Women,0.0
YÜKSEK BEL GENİŞ PAÇA UZUN JEAN PANTOLON,Women,0.0
YÜKSEK BEL HAREM PANTOLON,Women,0.0
YÜKSEK BEL JOGGER FIT PANTOLON,Women,0.0
YÜKSEK BEL KATLAMALI PAÇA JEAN PANTOLON,Women,0.0
YÜKSEK BEL KEMERLİ MİDİ ETEK,Women,-30.00021428724491
YÜKSEK BEL KEMERLİ ŞORT ETEK,Women,0.0
YÜKSEK BEL KETEN GÖRÜNÜMLÜ PANTOLON,Women,0.0
YÜKSEK BEL KISA GENİŞ PAÇA PANTOLON,Women,0.0
YÜKSEK BEL PANTOLON,Women,0.0
YÜKSEK BEL REGULAR FIT PANTOLON,Women,0.0
YÜKSEK BEL REGULAR FIT ÇİZGİLİ PANTOLON,Women,0.0
YÜKSEK BEL RELAX FIT PANTOLON,Women,0.0
YÜKSEK BEL SKINNY FIT PANTOLON,Women,0.0
YÜKSEK BEL SLIM FIT PANTOLON,Women,0.0
YÜKSEK BEL SLIM FLARE PANTOLON,Women,0.0
YÜKSEK BEL SPORCU TAYT,Women,-17.14310204431492
YÜKSEK BEL STRAIGHT FIT PANTOLON,Women,0.0
YÜKSEK BEL STRAIGHT WIDE PANTOLON,Women,0.0
YÜKSEK BEL TAYT,Women,0.0
YÜKSEK BEL UZUN AKIŞKAN KUMAŞ YIKAMALI PANTOLON,Women,0.0
YÜKSEK BEL VİNTAGE STRAİGHT FİT PANTOLON,Women,0.0
YÜKSEK BEL WIDE LEG PANTOLON,Women,0.0
YÜKSEK BELİ LASTİKLİ AKIŞKAN KUMAŞ ŞORT,Women,0.0
YÜKSEK BELİ LASTİKLİ CEPLİ AKIŞKAN KUMAŞ ŞORT,Women,0.0
YÜKSEK TABAN EVA TERLİK KIZ ÇOCUK,Kids-Baby,0.0
YÜKSEK TABAN JEAN TERLİK ERKEK ÇOCUK,Kids-Baby,0.0
YÜKSEK TABAN TEK BANTLI EVA TERLİK ERKEK ÇOCUK,Kids-Baby,0.0
YÜKSEK TABAN TEK BANTLI EVA TERLİK KIZ ÇOCUK,Kids-Baby,0.0
YÜKSEK TABAN TERLİK ERKEK ÇOCUK,Kids-Baby,0.0
YÜKSEK TABAN TERLİK KIZ ÇOCUK,Kids-Baby,0.0
YÜN AKRİLİK HAVLU SPOR ÇORAP,Men,0.0
YİYECEK BASKILI PENYE 5'Lİ BOXER ERKEK ÇOCUK,Kids-Baby,0.0
ZEYTİN DERİSİ EL ÇANTASI,Women,0.0
ZIMBA DETAYLI FİTİLLİ KAŞKORSE TİŞÖRT KIZ ÇOCUK,Kids-Baby,0.0
ZIMBALI FİTİLLİ KAŞKORSE TİŞÖRT KIZ ÇOCUK,Kids-Baby,0.0
ÇABUK KURUYAN İNCE POLO YAKA GÖMLEK CEKET,Men,0.0
ÇANTA,Women,0.0
ÇAPRAZ DOKUMA CHİNO KUMAŞ PANTOLON SLİM FİT DAR KESİM DAR PAÇA BASİC DÜZ CEPLİ,Men,0.0
ÇAPRAZ DOKUMA CHİNO PANTOLON SLİM FİT DAR KESİM DAR PAÇA BASİC DÜZ CEPLİ,Men,0.0
ÇAPRAZ DOKUMA KISA KOLLU TİŞÖRT,Men,0.0
ÇAPRAZ ÇANTA,Men,0.0
ÇAPRAZ ÇANTA,Women,0.0
ÇAPRAZ ÇANTA ERKEK ÇOCUK,Kids-Baby,-20.00040000800016
ÇAPRAZ ÇANTA KIZ ÇOCUK,Kids-Baby,-15.90311498895542
ÇIKARILABİLİR KAP PEDLİ TİŞÖRT BRA,Women,0.0
ÇIKARILABİLİR KAP PEDSİZ BALENSİZ SEAMLES BRA,Women,0.0
ÇIKARILABİLİR KAP ÇIKARILABİLİR PEDLİ BRALET,Women,0.0
ÇIKARILABİLİR KAP ÇIKARILABİLİR PEDLİ GÖRÜNMEZ SÜTYEN,Women,0.0
ÇIKARILABİLİR KAPÜŞON MONT,Women,0.0
ÇIKARILABİLİR KAPÜŞONLU FERMUARLI MONT KIZ ÇOCUK,Kids-Baby,0.0
ÇIKARILABİLİR PEDLİ BALENSİZ GÖRÜNMEZ SÜTYEN,Women,0.0
ÇIKARILABİLİR PEDLİ PEDLİ,Women,0.0
ÇIKARILABİLİR PEDLİ STRAPLEZ SÜTYEN,Women,0.0
ÇIKARILABİLİR SUNİ KÜRK YAKA KAPÜŞONLU PARKA KIZ ÇOCUK,Kids-Baby,0.0
ÇIKARILABİLİR SUNİ KÜRK YAKA KAPÜŞONLU POLAR ASTARLI FERMUARLI ŞİŞME KAYAK MONTU KIZ BEBEK,Kids-Baby,0.0
ÇIKARILABİLİR SUNİ KÜRK YAKA KAPÜŞONLU POLAR ASTARLI MONT ERKEK ÇOCUK,Kids-Baby,0.0
ÇIKARILABİLİR SUNİ KÜRK YAKA KAŞE,Women,0.0
ÇIKARILABİLİR SUNİ KÜRK YAKA MONT,Women,0.0
ÇITÇITLI CEPLİ ŞİŞME MONT KIZ ÇOCUK,Kids-Baby,0.0
ÇITÇITLI MONT,Men,0.0
ÇITÇITLI UZUN KOLLU TULUM KIZ BEBEK YENİDOĞAN,Kids-Baby,0.0
ÇOCUK SERT KAPAKLI ÇEKÇEKLİ KÜÇÜK BOY VALİZ,Kids-Baby,0.0
ÇİFT KATMANLI GOFRE DOKULU GÖMLEK KIZ ÇOCUK,Kids-Baby,0.0
ÇİFT TARAFLI KAPÜŞONLU MONT KIZ ÇOCUK,Kids-Baby,0.0
ÇİFT TARAFLI MONT,Women,0.0
ÇİZGİLİ 2'Lİ BİKİNİ KIZ ÇOCUK,Kids-Baby,0.0
ÇİZGİLİ ASKILI GOFRE DOKULU ELBİSE KIZ BEBEK,Kids-Baby,0.0
ÇİZGİLİ BASKILI TİŞÖRT ERKEK ÇOCUK,Kids-Baby,-20.00040000800016
ÇİZGİLİ BEBEK ATLET,Kids-Baby,0.0
ÇİZGİLİ BENGALİN GÖMLEK,Women,0.0
ÇİZGİLİ BLAZER CEKET,Women,0.0
ÇİZGİLİ BLUZ KIZ ÇOCUK,Kids-Baby,0.0
ÇİZGİLİ BİKİNİ TAKIMI KIZ ÇOCUK,Kids-Baby,0.0
ÇİZGİLİ BİSİKLET YAKA TRİKO KAZAK ERKEK ÇOCUK,Kids-Baby,0.0
ÇİZGİLİ CAP ŞAPKA KIZ ÇOCUK,Kids-Baby,0.0
ÇİZGİLİ DENİZ ŞORTU,Men,0.0
ÇİZGİLİ DÜĞMELİ TRİKO HIRKA ERKEK BEBEK,Kids-Baby,0.0
ÇİZGİLİ ELBİSE KIZ BEBEK,Kids-Baby,0.0
ÇİZGİLİ FIRFIR DETAYLI MAYO KIZ ÇOCUK,Kids-Baby,0.0
ÇİZGİLİ HARF NAKIŞLI DÜĞMELİ TRİKO HIRKA ERKEK BEBEK,Kids-Baby,0.0
ÇİZGİLİ HASIR ŞAPKA KIZ ÇOCUK,Kids-Baby,0.0
ÇİZGİLİ KAZAK KIZ ÇOCUK,Kids-Baby,-21.250265628320353
ÇİZGİLİ KEMERLİ ŞORT ETEK,Women,0.0
ÇİZGİLİ KETEN KARIŞIMLI GÖMLEK ERKEK BEBEK,Kids-Baby,-30.000500008333468
ÇİZGİLİ KETEN KARIŞIMLI YELEK,Women,0.0
ÇİZGİLİ KISA KOLLU TİŞÖRT,Women,17.647474058213135
ÇİZGİLİ KISA KOLLU TİŞÖRT ERKEK BEBEK,Kids-Baby,0.0
ÇİZGİLİ KOLSUZ TULUM KIZ BEBEK,Kids-Baby,0.0
ÇİZGİLİ KRAVAT,Women,0.0
ÇİZGİLİ MAYO KIZ ÇOCUK,Kids-Baby,0.0
ÇİZGİLİ NORMAL BEL RİBANA MİNİ ETEK,Women,0.0
ÇİZGİLİ OVERSIZE POLO TİŞÖRT ERKEK ÇOCUK,Kids-Baby,0.0
ÇİZGİLİ PAMUKLU ELBİSE,Kids-Baby,0.0
ÇİZGİLİ PENYE 5'Lİ BOXER ERKEK ÇOCUK,Kids-Baby,0.0
ÇİZGİLİ PENYE TİŞÖRT KIZ BEBEK,Kids-Baby,0.0
ÇİZGİLİ POLO TİŞÖRT ERKEK BEBEK,Kids-Baby,0.0
ÇİZGİLİ POLO TİŞÖRT ERKEK ÇOCUK,Kids-Baby,0.0
ÇİZGİLİ PİJAMA TAKIMI,Women,0.0
ÇİZGİLİ RİBANA BOXER,Women,0.0
ÇİZGİLİ SATEN PİJAMA TAKIMI ÜST ALT,Women,-30.00023077100593
ÇİZGİLİ SİMLİ KUMAŞ GÖMLEK,Women,0.0
ÇİZGİLİ TRİKO ATLET KIZ ÇOCUK,Kids-Baby,0.0
ÇİZGİLİ TRİKO KAZAK ERKEK ÇOCUK,Kids-Baby,-14.285918370262433
ÇİZGİLİ TULUM KIZ BEBEK,Kids-Baby,0.0
ÇİZGİLİ TİŞÖRT ERKEK ÇOCUK,Kids-Baby,9.0911570315554
ÇİZGİLİ TİŞÖRT EŞOFMAN ALTI 2'Lİ TAKIM ERKEK ÇOCUK,Kids-Baby,0.0
ÇİZGİLİ TİŞÖRT KIZ BEBEK,Kids-Baby,-60.001200024000475
ÇİZGİLİ TİŞÖRT PANTOLON 2'Lİ TAKIM ERKEK ÇOCUK,Kids-Baby,-20.000153847337288
ÇİZGİLİ TİŞÖRT PANTOLON 2'Lİ TAKIM KIZ BEBEK,Kids-Baby,-20.00020000200002
ÇİZGİLİ TİŞÖRT ŞORT 2'Lİ TAKIM ERKEK BEBEK,Kids-Baby,0.0
ÇİZGİLİ UZUN KOLLU GÖMLEK,Women,0.0
ÇİZGİLİ UZUN KOLLU GÖMLEK ERKEK BEBEK,Kids-Baby,0.0
ÇİZGİLİ UZUN KOLLU TİŞÖRT,Women,0.0
ÇİZGİLİ YARIM KOLLU GÖMLEK,Women,0.0
ÇİZGİLİ ŞORT,Women,0.0
ÇİZGİLİ ŞORT KIZ ÇOCUK,Kids-Baby,0.0
ÇİZGİLİ ŞORT PİJAMA ALTI,Women,0.0
ÇİÇEK APLİKELİ TİŞÖRT KIZ ÇOCUK,Kids-Baby,0.0
ÇİÇEK DESENLİ ASKILI ELBİSE KIZ ÇOCUK,Kids-Baby,0.0
ÇİÇEK DESENLİ ATLET KIZ ÇOCUK,Kids-Baby,0.0
ÇİÇEK DESENLİ BLOK SET,Women,0.0
ÇİÇEK DESENLİ KISA KOLLU ELBİSE KIZ BEBEK,Kids-Baby,0.0
ÇİÇEK DESENLİ KISA KOLLU YAZLIK ELBİSE KIZ BEBEK,Kids-Baby,0.0
ÇİÇEK DESENLİ KOLSUZ YAZLIK ELBİSE KIZ BEBEK,Kids-Baby,0.0
ÇİÇEK DESENLİ MEVSİMLİK MONT,Women,0.0
ÇİÇEK DESENLİ MÜSLİN TULUM KIZ BEBEK YENİDOĞAN,Kids-Baby,0.0
ÇİÇEK DESENLİ OXFORD UZUN KOLLU BLUZ KIZ ÇOCUK,Kids-Baby,0.0
ÇİÇEK DESENLİ POPLİN ETEK KIZ ÇOCUK,Kids-Baby,0.0
ÇİÇEK DESENLİ VİSKON ŞORT KIZ ÇOCUK,Kids-Baby,0.0
ÇİÇEK İŞLEMELİ MÜSLİN BLUZ KIZ ÇOCUK,Kids-Baby,-30.00037500468756
ÇİÇEKLİ 2'Lİ TAKIM KIZ BEBEK,Kids-Baby,0.0
ÇİÇEKLİ 2'Lİ TOKA SETİ KIZ ÇOCUK,Kids-Baby,0.0
ÇİÇEKLİ ASKILI ELBİSE KIZ BEBEK,Kids-Baby,0.0
ÇİÇEKLİ ASKILI KETEN BLUZ KIZ ÇOCUK,Kids-Baby,0.0
ÇİÇEKLİ ASKILI WAFFLE YAZLIK ELBİSE KIZ BEBEK,Kids-Baby,0.0
ÇİÇEKLİ ATLET,Women,0.0
ÇİÇEKLİ BAĞCIKLI PAMUKLU BOXER,Women,0.0
ÇİÇEKLİ BİKİNİ TAKIMI KIZ ÇOCUK,Kids-Baby,0.0
ÇİÇEKLİ FLAMLI POPLİN UZUN KOLLU GÖMLEK KIZ BEBEK,Kids-Baby,0.0
ÇİÇEKLİ FİTİLLİ KAŞKORSE KISA KOLLU TİŞÖRT KIZ BEBEK,Kids-Baby,0.0
ÇİÇEKLİ FİTİLLİ KAŞKORSE TAYT KIZ BEBEK,Kids-Baby,-38.75096877421935
ÇİÇEKLİ FİTİLLİ KAŞKORSE TİŞÖRT KIZ BEBEK,Kids-Baby,-22.857795937026772
ÇİÇEKLİ FİTİLLİ KAŞKORSE TİŞÖRT KIZ ÇOCUK,Kids-Baby,-44.00088001760035
ÇİÇEKLİ KISA KOLLU ELBİSE KIZ BEBEK,Kids-Baby,0.0
ÇİÇEKLİ KISA KOLLU FİTİLLİ KAŞKORSE ELBİSE KIZ BEBEK,Kids-Baby,0.0
ÇİÇEKLİ KISA KOLLU KRİNKIL VİSKON YAZLIK ELBİSE KIZ BEBEK,Kids-Baby,0.0
ÇİÇEKLİ KISA KOLLU TİŞÖRT,Women,0.0
ÇİÇEKLİ KISA KOLLU YAZLIK ELBİSE KIZ BEBEK,Kids-Baby,0.0
ÇİÇEKLİ MAYO KIZ ÇOCUK,Kids-Baby,0.0
ÇİÇEKLİ MÜSLİN 2'Lİ TAKIM KIZ BEBEK,Kids-Baby,-13.333466668000005
ÇİÇEKLİ MÜSLİN NAKIŞ YAKALI ELBİSE KIZ BEBEK,Kids-Baby,-30.00037500468756
ÇİÇEKLİ PAMUKLU ELBİSE KIZ ÇOCUK,Kids-Baby,-38.46183432180247
ÇİÇEKLİ PENYE 2'Lİ KISA KOLLU TULUM KIZ BEBEK YENİDOĞAN,Kids-Baby,0.0
ÇİÇEKLİ PENYE 3'LÜ SLİP KÜLOT KIZ ÇOCUK,Kids-Baby,0.0
ÇİÇEKLİ PİJAMA ALTI,Women,0.0
ÇİÇEKLİ PİJAMA TAKIMI ÜST ALT,Women,0.0
ÇİÇEKLİ SWEATSHIRT TAYT 2'Lİ TAKIM KIZ BEBEK,Kids-Baby,-30.000333337037077
ÇİÇEKLİ TULUM KIZ BEBEK,Kids-Baby,0.0
ÇİÇEKLİ TİŞÖRT KARELİ PANTOLON 2'Lİ TAKIM KIZ BEBEK,Kids-Baby,0.0
ÇİÇEKLİ TİŞÖRT KIZ BEBEK,Kids-Baby,-30.001000033334446
ÇİÇEKLİ UZUN KOLLU ELBİSE KIZ BEBEK,Kids-Baby,0.0
ÇİÇEKLİ UZUN KOLLU FİTİLLİ KAŞKORSE ELBİSE KIZ BEBEK,Kids-Baby,0.0
ÇİÇEKLİ UZUN KOLLU JEAN ELBİSE KIZ BEBEK,Kids-Baby,0.0
ÇİÇEKLİ UZUN KOLLU KRİNKIL ELBİSE KIZ BEBEK,Kids-Baby,0.0
ÇİÇEKLİ UZUN KOLLU MÜSLİN ELBİSE KIZ BEBEK,Kids-Baby,0.0
ÇİÇEKLİ UZUN KOLLU TRİKO TULUM KIZ BEBEK YENİDOĞAN,Kids-Baby,0.0
ÇİÇEKLİ UZUN KOLLU TÜL ELBİSE KIZ BEBEK,Kids-Baby,0.0
ÇİÇEKLİ UZUN KOLLU WAFFLE ELBİSE KIZ BEBEK,Kids-Baby,0.0
ÇİÇEKLİ İŞLEMELİ TİŞÖRT KIZ ÇOCUK,Kids-Baby,0.0
ÇİÇEKLİ ŞORT ETEK KIZ BEBEK,Kids-Baby,0.0
ÇİÇEKSİ-MEYVEMSİ 90 ML VÜCUT SPREYİ,Women,0.0
ÖNDEN BAĞLAMALI DESENLİ UZUN KOLLU BLUZ KIZ ÇOCUK,Kids-Baby,0.0
ÖNDEN BAĞLAMALI KISA KOLLU BLUZ KIZ ÇOCUK,Kids-Baby,0.0
ÖRME PANTOLON,Women,0.0
ÜST,Women,0.0
İNCE ASKILI BASIC ÇITÇITLI BODY,Women,0.0
İNEK TEMALI DÜZ TABAN EV TERLİĞİ KIZ ÇOCUK,Kids-Baby,0.0
İP ASKILI KAPLI PAMUKLU ATLET,Women,0.0
İSPANYOL PAÇA FİTİLLİ KAŞKORSE TAYT KIZ BEBEK,Kids-Baby,-55.626390659766486
İSPANYOL PAÇA GABARDİN PANTOLON KIZ ÇOCUK,Kids-Baby,-20.000222224691385
İSPANYOL PAÇA HAMİLE ALTI,Women,0.0
İSPANYOL PAÇA TAYT KIZ ÇOCUK,Kids-Baby,0.0
İSPANYOL PAÇA TAYT PANTOLON,Women,0.0
İÇİ ASTARLI TRİKO BOYUNLUK ERKEK BEBEK,Kids-Baby,0.0
İÇİ ASTARLI TRİKO BOYUNLUK KIZ BEBEK,Kids-Baby,0.0
İÇİ POLARLI PENYE BOYUNLUK ERKEK ÇOCUK,Kids-Baby,0.0
İÇİ POLARLI WELSOFT PELÜŞ BOYUNLUK KIZ ÇOCUK,Kids-Baby,0.0
İÇİ SUNİ YÜNLÜ TRİKO BOYUNLUK ERKEK ÇOCUK,Kids-Baby,0.0
İÇİ SUNİ YÜNLÜ TRİKO BOYUNLUK KIZ ÇOCUK,Kids-Baby,0.0
İŞLEMELİ ELBİSE KIZ BEBEK,Kids-Baby,-30.00042857755111
İŞLEMELİ KISA KOLLU TİŞÖRT,Women,0.0
İŞLEMELİ UZUN KOLLU FİTİLLİ KAŞKORSE ELBİSE KIZ BEBEK,Kids-Baby,0.0
İŞLEMELİ UZUN KOLLU SELANİK KUMAŞ ELBİSE KIZ BEBEK,Kids-Baby,-30.000500008333468
ŞAL DETAYLI RİBANA SÜVETER,Women,-20.000222224691385
ŞAL DETAYLI TRİKO HIRKA,Women,-20.000153847337288
ŞAL YAKA DESENLİ GÖMLEK,Women,0.0
ŞAL YAKA KRİNKIL KUMAŞ BLUZ,Women,0.0
ŞERİT DETAYLI DENİZ ŞORTU,Men,0.0
ŞERİTLİ CULOTTE JEAN PANTOLON KIZ BEBEK,Kids-Baby,-30.000333337037077
ŞORT,Men,-41.667187506510494
ŞORT,Women,0.0
ŞORT ERKEK ÇOCUK,Kids-Baby,0.0
ŞORT ETEK KIZ ÇOCUK,Kids-Baby,0.0
ŞORT KIZ BEBEK,Kids-Baby,0.0
ŞORT KIZ ÇOCUK,Kids-Baby,0.0
ŞORT ÇOCUK JEAN,Kids-Baby,0.0
ŞİFON 2'Lİ TAKIM,Women,0.0
ŞİFON KISA BOY ELBİSE,Women,0.0
ŞİFON MAXİ ELBİSE,Women,0.0
ŞİFON MİDİ ELBİSE,Women,0.0
ŞİFON MİNİ ELBİSE,Women,0.0
ŞİFON PAREO,Women,0.0
ŞİFON PİJAMA TAKIMI ASKILI ÜST ALT,Women,0.0
ŞİFON UZUN KOLLU TİŞÖRT,Women,0.0
