product_name,price
Seyhan / Yeşilyurt - Stüdyo (1+0),9000
Seyhan / Yeşilyurt - Stüdyo (1+0),10000
Seyhan / Yenibaraj - Stüdyo (1+0),9000
Kozan / Merkez - 2+1,9000
Sarıçam / Sofulu - 1+1,10500
Sarıçam - 1+1,9350
Kozan / Şevkiye - 2+1,10000
Sarıçam - 2+1,8750
Kozan / Merkez - 3+1,9000
Sarıçam / Sofulu - 1+1,9000
Kozan / Merkez - 2+1,10000
Kozan / Merkez - 2+1,9000
Sarıçam / Sofulu - 1+1,10000
Sarıçam / Sofulu - 1+1,7250
Sarıçam / Sofulu - 1+1,8500
Seyhan / Yeşilyurt - Stüdyo (1+0),9000
Seyhan / Yeşilyurt - 2+1,10500
Sarıçam - 2+1,7950
Seyhan / Ziyapaşa - Stüdyo (1+0),5500
Sarıçam - 1+1,10000
Sarıçam / Sofulu - 1+1,10500
Sarıçam - 1+1,9500
Seyhan / Ziyapaşa - Stüdyo (1+0),9000
Sarıçam - 1+1,9000
Çukurova / Beyazevler - Stüdyo (1+0),7500
Sarıçam / Sofulu - 1+1,9000
Sarıçam / Köyler - 1+1,8000
Sarıçam - 1+1,10500
Yüreğir / Yavuzlar - 3+1,10000
Sarıçam / Mehmet Akif Ersoy - 1+1,10000
Seyhan / Ziyapaşa - Stüdyo (1+0),8900
Sarıçam / Sofulu - 1+1,10000
Kozan / Mahmutlu - 3+1,8500
Sarıçam / Sofulu - 1+1,10000
Sarıçam - 3+1,10000
Kozan / Merkez - 2+1,10000
Sarıçam - 3+1,10000
Sarıçam / Mehmet Akif Ersoy - 1+1,9000
Seyhan / Yenibaraj - 1+1,9000
Seyhan / Yeşilyurt - Stüdyo (1+0),10000
Sarıçam / Sofulu - 1+1,6250
Sarıçam / Sofulu - 1+1,8500
Kozan / Köyler - 1+1,9500
Seyhan / Yeşilyurt - Stüdyo (1+0),8500
Kozan / Şevkiye - 2+1,10000
Seyhan / Yenibaraj - 1+1,10000
Seyhan / Yeşilyurt - Stüdyo (1+0),7500
Sarıçam - 2+1,8999
Kozan / Çarşı - 2+1,10000
Sarıçam / Sofulu - 1+1,9000
Sarıçam / Sofulu - 1+1,7000
Sarıçam / Sofulu - 1+1,6750
Kozan / Merkez - 3+1,6000
Kozan / Merkez - 2+1,10000
Sarıçam / Yıldırım Beyazıt - 2+1,10500
Sarıçam - 1+1,8000
Yüreğir / Pttevleri - 2+1,7000
Sarıçam - 1+1,8000
Seyhan / Köyler - 3+1,10750
Sarıçam / Sofulu - 1+1,10000
Sarıçam - 2+1,9500
Sarıçam / Sofulu - 1+1,9000
Sarıçam - 1+1,10000
Sarıçam / Sofulu - 2+1,10500
Seyhan / Yeşilyurt - Stüdyo (1+0),9000
Sarıçam - 2+1,10000
Sarıçam - 3+1,10500
Sarıçam / Sofulu - 1+1,6500
Seyhan / Fevzipaşa - 2+1,8000
Sarıçam - 2+1,10000
Çukurova / Beyazevler - Stüdyo (1+0),9750
Sarıçam / Mehmet Akif Ersoy - 2+1,10000
Sarıçam / Sofulu - 2+1,10000
Sarıçam / Mehmet Akif Ersoy - 1+1,10500
Kozan / Şevkiye - 3+1,8900
Sarıçam / Sofulu - 2+1,10750
Sarıçam - 1+1,8000
Kozan / Şevkiye - 3+1,8000
Kozan / Merkez - 3+1,9500
Seyhan / Yeşilyurt - Stüdyo (1+0),8500
Yüreğir / Keresteciler - 2+1,9500
Sarıçam / Sofulu - 1+1,10500
Sarıçam / Sofulu - 1+1,7000
Seyhan / Ziyapaşa - Stüdyo (1+0),8500
Çukurova / Beyazevler - Stüdyo (1+0),7000
Seyhan / Yeşilyurt - 1+1,10000
Sarıçam / Sofulu - 2+1,10000
Sarıçam / Sofulu - 1+1,9500
Seyhan / Yeşilyurt - Stüdyo (1+0),10000
Sarıçam / Sofulu - 2+1,10000
Sarıçam / Sofulu - 1+1,7750
Kozan / Merkez - 3+1,10000
Sarıçam / Sofulu - 1+1,8000
Seyhan / Yenibaraj - Stüdyo (1+0),10500
Çukurova / Mahfesığmaz - Stüdyo (1+0),9250
Sarıçam / Sofulu - 1+1,7500
Sarıçam / Köyler - 2+1,10000
Kozan / Merkez - 3+1,8500
Kozan / Merkez - 3+1,10500
Sarıçam / Sofulu - 1+1,9250
Sarıçam / Sofulu - 2+1,10000
Seyhan / Ziyapaşa - Stüdyo (1+0),7500
Sarıçam / Köyler - 1+1,10000
Seyhan / Ziyapaşa - 1+1,8000
Sarıçam / Sofulu - 1+1,10000
Sarıçam / Köyler - 1+1,10000
Kozan / Merkez - 3+1,7000
Çukurova / Beyazevler - Stüdyo (1+0),7500
Seyhan / Yenibaraj - Stüdyo (1+0),8500
Sarıçam - 1+1,7000
Sarıçam - 1+1,10000
Seyhan / Yeşilyurt - Stüdyo (1+0),7500
Seyhan / Yeşilyurt - Stüdyo (1+0),8000
Çukurova / Beyazevler - Stüdyo (1+0),10000
Seyhan / Kuruköprü - 1+1,7999
Seyhan / Yenibaraj - Stüdyo (1+0),9500
Kozan / Köyler - 2+1,7000
Sarıçam / Sofulu - 1+1,8000
Sarıçam / Sofulu - 1+1,7000
Seyhan / Yeşilyurt - Stüdyo (1+0),10000
Kozan / Merkez - 3+1,10000
Sarıçam - 2+1,9000
İmamoğlu - 3+1,8000
Seyhan / Köyler - 3+1,10000
Sarıçam - 2+1,10000
Seyhan / Gazipaşa - Stüdyo (1+0),4100
İmamoğlu - 2+1,8999
Sarıçam - 1+1,7500
Seyhan / Ziyapaşa - Stüdyo (1+0),6000
Çukurova / Merkez - 2+1,8000
Seyhan / Hükümet - Stüdyo (1+0),3250
Çukurova / Mahfesığmaz - Stüdyo (1+0),8500
Seyhan / Ziyapaşa - Stüdyo (1+0),10250
Sarıçam / Sofulu - 1+1,8000
Sarıçam - 2+1,8000
Yumurtalık - 2+1,2000
Kozan / Çarşı - 2+1,10000
Seyhan / Emek - 3+1,10000
Sarıçam / Sofulu - 1+1,7000
Sarıçam - 2+1,9500
Sarıçam / Sofulu - 1+1,9000
İmamoğlu - 2+1,8300
Kozan / Merkez - 2+1,8000
Sarıçam / Sofulu - 1+1,10500
Sarıçam - 1+1,8000
Seyhan / Yenibaraj - Stüdyo (1+0),6000
Seyhan / Ziyapaşa - 3+1,10500
Çukurova / Beyazevler - Stüdyo (1+0),10000
Kozan / Merkez - 2+1,8800
Sarıçam / Sofulu - 1+1,7500
Sarıçam / Sofulu - 1+1,10000
Sarıçam / Sofulu - 1+1,7500
Sarıçam / Sofulu - 1+1,7750
Kozan / Merkez - 2+1,10000
Kozan / Merkez - 2+1,9000
Kozan / Merkez - 2+1,10000
Sarıçam - 1+1,9000
Kozan / Şevkiye - 2+1,7000
Kozan / Merkez - 3+1,10000
Sarıçam - 1+1,8000
Çukurova / Beyazevler - Stüdyo (1+0),7000
Sarıçam / Sofulu - 1+1,8000
Sarıçam / Sofulu - 1+1,8500
Seyhan / Ziyapaşa - 2+1,10500
Sarıçam - 1+1,8000
Sarıçam / Sofulu - 1+1,6999
Sarıçam / Köyler - 1+1,8000
Seyhan / Yeşilyurt - Stüdyo (1+0),10000
Yumurtalık - 1+1,2000
Sarıçam / Mehmet Akif Ersoy - 1+1,7500
Sarıçam / Sofulu - 1+1,10000
Sarıçam - 1+1,9000
Seyhan / Yeşilyurt - Stüdyo (1+0),6500
Sarıçam / Sofulu - 1+1,7900
Sarıçam - 1+1,8000
Sarıçam / Sofulu - 1+1,7000
Sarıçam / Sofulu - 1+1,9000
İmamoğlu - 2+1,9200
Sarıçam / Sofulu - 1+1,8250
Çukurova / Beyazevler - Stüdyo (1+0),10500
Seyhan / Yenibaraj - Stüdyo (1+0),9000
Sarıçam / Köyler - 1+1,8500
Sarıçam / Yıldırım Beyazıt - 3+1,10000
Sarıçam / Sofulu - 1+1,8000
Seyhan / Yeşilyurt - Stüdyo (1+0),7000
Sarıçam - 1+1,10000
Seyhan / Yeşilyurt - Stüdyo (1+0),10000
Çukurova / Beyazevler - Stüdyo (1+0),7500
Sarıçam - 2+1,9000
Çukurova / Yurt - 1+1,10000
Sarıçam / Sofulu - 1+1,8500
Sarıçam - 1+1,8000
Çukurova / Mahfesığmaz - Stüdyo (1+0),8500
Sarıçam - 1+1,8000
Sarıçam - 2+1,10000
Yumurtalık - 2+1,2000
Kozan / Çarşı - 2+1,8500
Kozan / Çarşı - 3+1,10000
Yüreğir / Pttevleri - 3+1,10000
Sarıçam - 1+1,8500
Sarıçam - 1+1,8900
Çukurova / Beyazevler - Stüdyo (1+0),10000
Sarıçam / Sofulu - 1+1,9500
Kozan / Şevkiye - 3+1,10000
Çukurova / Beyazevler - Stüdyo (1+0),9000
Sarıçam / Sofulu - 1+1,7500
Sarıçam - 1+1,7700
Seyhan / Yenibaraj - Stüdyo (1+0),9500
Yumurtalık - 3+1,10000
Sarıçam / Sofulu - 1+1,6500
Seyhan / Yeşilyurt - Stüdyo (1+0),8500
Sarıçam / Sofulu - 1+1,8000
Çukurova / Beyazevler - Stüdyo (1+0),10000
Sarıçam / Sofulu - 1+1,8750
Sarıçam - 3+1,9999
Sarıçam / Sofulu - 1+1,10500
Sarıçam / Köyler - 2+1,10000
Sarıçam / Sofulu - 1+1,8000
Seyhan / Yeşilyurt - 2+1,7999
Sarıçam / Sofulu - 1+1,9750
Sarıçam - 1+1,10000
Sarıçam - 1+1,8500
Sarıçam / Sofulu - 2+1,10000
Çukurova / Beyazevler - Stüdyo (1+0),10000
Sarıçam - 2+1,8000
Çukurova / Beyazevler - Stüdyo (1+0),10500
Kozan / Köyler - 4+1,10000
Sarıçam / Sofulu - 1+1,10000
Çukurova / Beyazevler - Stüdyo (1+0),9500
Seyhan / Yeşilyurt - Stüdyo (1+0),8000
Sarıçam / Mehmet Akif Ersoy - 1.5+1,10500
Sarıçam / Mehmet Akif Ersoy - 1+1,7900
Kozan / Merkez - 3+1,10000
Sarıçam / Köyler - 2+1,10000
Sarıçam - 1+1,7750
Sarıçam - 3+1,9200
Çukurova / Mahfesığmaz - Stüdyo (1+0),8500
Çukurova / Mahfesığmaz - Stüdyo (1+0),7000
Sarıçam / Sofulu - 1+1,7000
Seyhan / Yeşilyurt - Stüdyo (1+0),10000
Sarıçam / Sofulu - 1+1,9000
Kozan / Merkez - 2+1,10000
Seyhan / Ziyapaşa - Stüdyo (1+0),7000
Sarıçam / Sofulu - 1+1,10000
Çukurova / Beyazevler - Stüdyo (1+0),9000
Kozan / Şevkiye - 2+1,10000
Çukurova / Beyazevler - Stüdyo (1+0),9000
Çukurova / Beyazevler - Stüdyo (1+0),8500
Yüreğir / Pttevleri - 3+1,10500
Sarıçam / Sofulu - 1+1,7000
Sarıçam / Sofulu - 1+1,9000
Çukurova / Merkez - 2+1,10500
Sarıçam / Sofulu - 1+1,8500
Yumurtalık - 2+1,2000
Seyhan / Yeşilyurt - Stüdyo (1+0),10000
Seyhan / Yenibaraj - Stüdyo (1+0),8500
Sarıçam / Sofulu - 1+1,7000
Çukurova / Beyazevler - Stüdyo (1+0),7500
Seyhan / Yeşilyurt - Stüdyo (1+0),10000
Sarıçam - 1+1,10000
Kozan / Merkez - 3+1,10500
Sarıçam / Sofulu - 2+1,9000
Sarıçam / Sofulu - 1+1,9500
Seyhan / Yeşilyurt - Stüdyo (1+0),8500
Sarıçam - 1+1,7000
Seyhan / Yeşilyurt - Stüdyo (1+0),10000
Seyhan / Mavibulvar/Yurt - 2+1,10750
Çukurova / Beyazevler - Stüdyo (1+0),9500
Çukurova / Köyler - 2+1,10500
Sarıçam - 1+1,8000
Sarıçam / Sofulu - 2+1,10000
Sarıçam / Sofulu - 1+1,8000
Çukurova / Köyler - 2+1,9000
Sarıçam - 1+1,10000
Sarıçam - 1+1,7000
Sarıçam / Sofulu - 1+1,10500
Seyhan / Yenibaraj - Stüdyo (1+0),9000
Seyhan / Ziyapaşa - 2+1,8000
Seyhan / Kuruköprü - 2+1,10000
Çukurova / Mahfesığmaz - Stüdyo (1+0),10000
Sarıçam / Sofulu - 2+1,10500
Sarıçam / Sofulu - 1+1,9000
Seyhan / Denizli - 2+1,10000
Sarıçam - 1+1,8000
Seyhan / Denizli - 2+1,9500
Sarıçam / Sofulu - 2+1,9000
Kozan / Merkez - 2+1,8000
Seyhan / Ziyapaşa - 1+1,9500
Sarıçam / Mehmet Akif Ersoy - 1+1,9500
Sarıçam - 1+1,8000
Sarıçam - 2+1,10500
Seyhan / Yeşilyurt - 2+1,10500
Sarıçam - 2+1,9500
Çukurova / Beyazevler - Stüdyo (1+0),7500
Seyhan / Denizli - 2.5+1,10000
Çukurova / Mahfesığmaz - Stüdyo (1+0),8000
Sarıçam / Sofulu - 1+1,10000
Seyhan / Ziyapaşa - Stüdyo (1+0),6000
Seyhan / Emek - 2+1,9500
Seyhan / Yenibaraj - Stüdyo (1+0),10000
Sarıçam - 1+1,7999
Sarıçam / Sofulu - 1+1,7500
Sarıçam / Sofulu - 1+1,7500
Seyhan / Yenibaraj - Stüdyo (1+0),10000
Sarıçam - 1+1,7000
Seyhan / Köyler - 3+1,10000
Feke / Köyler - 2+1,7000
Sarıçam - 1+1,8500
Sarıçam - 2+1,10000
Sarıçam / Sofulu - 1+1,7250
Seyhan / Yenibaraj - 1+1,10500
Seyhan / Köyler - 3+1,9800
Sarıçam - 2+1,10000
Sarıçam / Sofulu - 1+1,7500
Seyhan / Yeşilyurt - Stüdyo (1+0),10500
Seyhan / Ziyapaşa - 1+1,7000
Seyhan / Ziyapaşa - Stüdyo (1+0),9000
Kozan / Merkez - 3+1,9500
Sarıçam - 1+1,8000
Çukurova / Beyazevler - Stüdyo (1+0),10000
Sarıçam - 1+1,9000
Sarıçam / Sofulu - 2+1,10000
Sarıçam / Sofulu - 2+1,10500
Çukurova / Köyler - 2+1,10000
Kozan / Merkez - 2+1,9000
Sarıçam / Sofulu - 1+1,8000
Sarıçam - 1+1,10000
Sarıçam / Sofulu - 1+1,9500
Seyhan / 2000 Evler - 2+1,8750
Seyhan / Yeşilyurt - 2+1,9000
Sarıçam / Sofulu - 1+1,7000
Kozan / Merkez - 1+1,7900
Sarıçam / Köyler - 1+1,8500
Seyhan / Yenibaraj - Stüdyo (1+0),10500
Seyhan / Yeşilyurt - Stüdyo (1+0),10000
Sarıçam / Köyler - 1+1,7500
Kozan / Aslanpaşa - 3+1,8000
Sarıçam / Sofulu - 1+1,7000
Yumurtalık - 2+1,2500
Sarıçam - 1+1,7750
Sarıçam / Köyler - 1+1,8000
Seyhan / Ziyapaşa - Stüdyo (1+0),8000
Kozan / Merkez - 2+1,9000
Sarıçam - 2+1,9000
Sarıçam / Sofulu - 1+1,8000
Seyhan / Yeşilyurt - Stüdyo (1+0),10000
Sarıçam / Mehmet Akif Ersoy - 1+1,10000
Sarıçam / Sofulu - 1+1,10000
Sarıçam - 1+1,9000
Sarıçam / Mehmet Akif Ersoy - 1+1,8000
Sarıçam / Sofulu - 1+1,9000
Seyhan / Yeşilyurt - 1+1,7000
Seyhan / Ziyapaşa - Stüdyo (1+0),8000
Sarıçam - 2+1,10000
Çukurova / Mahfesığmaz - Stüdyo (1+0),10000
Sarıçam - 1+1,10000
Sarıçam / Sofulu - 1+1,6500
Sarıçam / Sofulu - 1+1,9000
Sarıçam / Sofulu - 1+1,7500
Sarıçam / Mehmet Akif Ersoy - 1+1,10000
Sarıçam / Sofulu - 2+1,10000
Sarıçam / Sofulu - 1+1,9000
Yüreğir / Yavuzlar - 2+1,10750
Sarıçam / Sofulu - 1+1,7000
Seyhan / Yenibaraj - 3+1,5750
Sarıçam - 1+1,10000
Sarıçam - 3+1,10000
Seyhan / Yeşilyurt - Stüdyo (1+0),8000
Çukurova / Beyazevler - 1+1,10000
Sarıçam / Sofulu - 1+1,9500
Çukurova / Mahfesığmaz - Stüdyo (1+0),8000
Ceyhan / Emek - 1+1,6000
Çukurova / Beyazevler - Stüdyo (1+0),8000
Sarıçam - 1+1,7000
Sarıçam / Sofulu - 1+1,10000
Sarıçam - 2+1,9000
Sarıçam / Sofulu - 2+1,9000
Seyhan / Yenibaraj - Stüdyo (1+0),10000
Çukurova / Beyazevler - Stüdyo (1+0),10000
Sarıçam / Sofulu - 1+1,9250
Sarıçam / Mehmet Akif Ersoy - 1+1,9000
Sarıçam / Sofulu - 1+1,8000
Seyhan / Yenibaraj - 1+1,10000
Sarıçam / Sofulu - 1+1,8000
Seyhan / Ziyapaşa - Stüdyo (1+0),9500
Seyhan / Yeşilyurt - Stüdyo (1+0),9000
Yüreğir / Yavuzlar - 1+1,8000
Çukurova / Beyazevler - Stüdyo (1+0),10000
Sarıçam / Sofulu - 1+1,6500
Çukurova / Merkez - 2+1,9000
Seyhan / Yenibaraj - Stüdyo (1+0),7000
Seyhan / Yenibaraj - 1+1,9000
Sarıçam / Sofulu - 1+1,10000
Seyhan / Yeşilyurt - Stüdyo (1+0),10000
Sarıçam - 2+1,10000
Sarıçam / Sofulu - 1+1,8750
Yüreğir / Keresteciler - 3+1,10000
Seyhan / Yeşilyurt - Stüdyo (1+0),7500
Sarıçam / Sofulu - 1+1,8500
Sarıçam / Sofulu - 1+1,9000
Seyhan / Yeşilyurt - Stüdyo (1+0),10000
Sarıçam / Sofulu - 1+1,9000
Sarıçam - 1+1,6000
Seyhan / Yeşilyurt - Stüdyo (1+0),9000
Seyhan / Ziyapaşa - 2+1,9000
Sarıçam / Sofulu - 1+1,7000
Sarıçam / Sofulu - 2+1,10000
Sarıçam / Köyler - 2+1,9500
Sarıçam - 2+1,10000
Sarıçam / Sofulu - 1+1,9000
Sarıçam / Yıldırım Beyazıt - 2+1,10000
Sarıçam - 2+1,9500
Seyhan / Ziyapaşa - 1+1,10000
Çukurova / Beyazevler - Stüdyo (1+0),9000
Sarıçam / Sofulu - 1+1,8500
Seyhan / Yeşilyurt - Stüdyo (1+0),7500
Sarıçam / Sofulu - 1+1,7000
Seyhan / Yenibaraj - 1+1,10000
Sarıçam - 2+1,10000
Seyhan / Ziyapaşa - Stüdyo (1+0),8000
Seyhan / Ziyapaşa - 1+1,9000
Sarıçam / Sofulu - 1+1,8500
Sarıçam / Sofulu - 1+1,8000
Seyhan / Yeşilyurt - Stüdyo (1+0),9000
Seyhan / Denizli - 3+1,10000
Çukurova / Merkez - 3+1,9998
Sarıçam - 1+1,8500
Sarıçam - 1+1,6250
Sarıçam / Sofulu - 2+1,10000
Sarıçam / Köyler - 4+1,9500
Sarıçam / Köyler - 1+1,6000
Sarıçam - 1+1,10000
Seyhan / Yeşilyurt - Stüdyo (1+0),10000
Seyhan / Yeşilyurt - Stüdyo (1+0),10000
Sarıçam / Sofulu - 1+1,8500
Yumurtalık - 4+1,2000
Çukurova / Merkez - 2+1,8250
Yüreğir / Yavuzlar - 2+1,10000
Çukurova / Beyazevler - Stüdyo (1+0),9500
Seyhan / Fevzipaşa - 2+1,10000
Seyhan / Denizli - 2+1,10000
Çukurova / Beyazevler - Stüdyo (1+0),7999
Sarıçam - 2+1,10000
Sarıçam / Sofulu - 1+1,9000
Sarıçam / Sofulu - 1+1,9250
Sarıçam - 1+1,10000
Sarıçam - 1+1,7750
Sarıçam / Sofulu - 1+1,7500
Sarıçam / Sofulu - 1+1,7500
Sarıçam / Sofulu - 1+1,8000
Sarıçam - 1+1,9000
Sarıçam / Köyler - 1+1,10000
Sarıçam - 1+1,8500
Sarıçam / Sofulu - 1+1,7000
Seyhan / Denizli - 3+0,10000
Sarıçam / Sofulu - 1+1,10000
Sarıçam / Sofulu - 1+1,8000
Sarıçam / Sofulu - 1+1,10800
Sarıçam / Sofulu - 1+1,10000
Sarıçam - 2+1,9750
Sarıçam / Sofulu - 1+1,10000
Sarıçam / Sofulu - 1+1,9000
Yüreğir / Yavuzlar - 3+1,10000
Sarıçam / Köyler - 1+1,6000
Sarıçam - 1+1,8000
Sarıçam / Sofulu - 1+1,9000
Seyhan / Yeşilyurt - Stüdyo (1+0),8000
Sarıçam - 2+1,10000
Sarıçam - 3+1,10000
Sarıçam / Sofulu - 1+1,7000
Seyhan / Ziyapaşa - 1+1,7500
Sarıçam - 1+1,10000
Yüreğir / Anadolu - 2+1,9500
Sarıçam / Sofulu - 1+1,8000
Seyhan / Yenibaraj - Stüdyo (1+0),10000
Seyhan / Yenibaraj - 1+1,9000
Seyhan / Ziyapaşa - Stüdyo (1+0),8000
Sarıçam - 2+1,10000
Seyhan / Yeşilyurt - Stüdyo (1+0),9000
Sarıçam - 2+1,10000
Sarıçam - 1+1,10000
Sarıçam / Sofulu - 1+1,6499
Seyhan / Yağcami - 1+1,8000
Seyhan / Yağcami - Stüdyo (1+0),10000
Sarıçam / Sofulu - 1+1,9000
İmamoğlu - 2+1,7500
Sarıçam / Sofulu - 1+1,10500
Sarıçam - 1+1,8000
Sarıçam - 2+1,10000
Seyhan / Yenibaraj - Stüdyo (1+0),10000
Sarıçam / Sofulu - 1+1,9000
Sarıçam / Sofulu - 1+1,8250
Çukurova / Beyazevler - Stüdyo (1+0),8000
Çukurova / Beyazevler - Stüdyo (1+0),10000
Sarıçam - 1+1,9000
Seyhan / Yenibaraj - Stüdyo (1+0),9500
Sarıçam - 2+1,10000
Çukurova / Beyazevler - Stüdyo (1+0),8000
Sarıçam / Sofulu - 2+1,9000
Sarıçam / Sofulu - 1+1,10000
Seyhan / Köyler - 3+1,9000
Sarıçam / Sofulu - 1+1,7999
Sarıçam / Sofulu - 1+1,10000
Sarıçam / Sofulu - 1+1,8000
Sarıçam / Sofulu - 1+1,8000
Sarıçam / Sofulu - 1+1,10000
Sarıçam / Sofulu - 1+1,8500
Sarıçam / Sofulu - 1+1,8500
Sarıçam / Sofulu - 1+1,10000
Sarıçam / Sofulu - 1+1,9000
Sarıçam / Sofulu - 1+1,10000
Sarıçam / Sofulu - 2+1,10000
Seyhan / Ziyapaşa - 2+0,9500
Seyhan / Ziyapaşa - 1+1,7000
Seyhan / Ziyapaşa - 1+1,7000
Seyhan / Ziyapaşa - 1+1,7500
Çukurova / Beyazevler - Stüdyo (1+0),12500
Kozan / Merkez - 3+1,11000
Sarıçam - 1+1,11000
Sarıçam / Sofulu - 1+1,12000
Sarıçam - 1+1,11000
Kozan / Merkez - 4+1,12000
Kozan / Çarşı - 2+1,12000
Sarıçam - 1+1,12000
Sarıçam / Sofulu - 1+1,12500
Kozan / Merkez - 2+1,12000
Sarıçam / Sofulu - 1+1,12500
Sarıçam / Sofulu - 2+1,11750
Sarıçam / Sofulu - 1+1,12500
Sarıçam - 1+1,12500
Kozan / Çarşı - 3+1,11000
Sarıçam - 2+1,12000
Sarıçam / Sofulu - 2+1,11000
Seyhan / Ziyapaşa - 2+1,12500
Kozan / Şevkiye - 3+1,12500
Sarıçam - 1+1,12000
Sarıçam / Sofulu - 1+1,12000
Sarıçam - 2+1,11000
Sarıçam - 2+1,11000
Seyhan / 2000 Evler - 2+1,11000
Sarıçam - 2.5+1,12000
Çukurova / Köyler - 2+1,11000
Sarıçam / Sofulu - 1+1,12000
Seyhan / Köyler - 3+1,12000
Sarıçam / Köyler - 1+1,12000
Seyhan / Köyler - 3+1,12500
Sarıçam - 2+1,12000
Sarıçam / Sofulu - 2+1,12000
Yüreğir / Kazım Karabekir - 1+1,11500
Sarıçam / Sofulu - 1+1,12750
İmamoğlu - 2+1,11000
Kozan / Merkez - 2+1,12000
Sarıçam - 1+1,11000
Yüreğir / Yavuzlar - 2+1,12000
Çukurova / Mahfesığmaz - Stüdyo (1+0),12000
Sarıçam / Sofulu - 1+1,12000
Çukurova / Merkez - 1+1,11000
Seyhan / Merkez - 2+1,12000
Kozan / Merkez - 2+1,11500
Sarıçam - 2+1,12000
Seyhan / Denizli - 2+1,12500
Seyhan / Gazipaşa - 3+1,12000
Sarıçam - 2+1,12500
Çukurova / Mahfesığmaz - Stüdyo (1+0),12500
Sarıçam / Sofulu - 2+1,12500
Sarıçam - 2+1,11500
Sarıçam / Mehmet Akif Ersoy - 2+1,12000
Sarıçam / Sofulu - 1+1,12000
Sarıçam / Sofulu - 1+1,11000
Sarıçam - 3+1,12500
Yüreğir / Yavuzlar - 2+1,12000
Sarıçam - 1+1,12500
Çukurova / Köyler - 2+1,11000
Seyhan / Kuruköprü - Stüdyo (1+0),12000
Sarıçam - 1+1,12700
Sarıçam / Sofulu - 3+1,12000
Yüreğir / Anadolu - 2+1,12000
Sarıçam - 2+1,12500
Sarıçam - 2+1,11000
Sarıçam / Köyler - 2+1,12000
Sarıçam - 1+1,12000
Sarıçam / Sofulu - 1+1,12000
Sarıçam / Sofulu - 2+1,11500
Sarıçam / Sofulu - 1+1,11750
Sarıçam / Sofulu - 1+1,12000
Seyhan / Yeşilyurt - 2+1,11000
Kozan / Aslanpaşa - 2+1,12500
Sarıçam / Köyler - 4+1,12000
Kozan / Merkez - 3+1,12500
Sarıçam - 2+1,12000
Sarıçam - 1+1,11000
Sarıçam / Sofulu - 2+1,11000
Sarıçam / Yıldırım Beyazıt - 2+1,11500
Sarıçam / Sofulu - 1+1,12500
Sarıçam - 1+1,12999
Sarıçam / Sofulu - 1+1,11000
Seyhan / Gazipaşa - Stüdyo (1+0),12500
Sarıçam / Sofulu - 3+1,11000
Sarıçam / Sofulu - 1+1,12000
Seyhan / Kuruköprü - Stüdyo (1+0),12500
Sarıçam - 3+1,12000
Seyhan / Zincirlibağlar - 3+1,12000
Seyhan / Merkez - 3+1,12500
Sarıçam - 1+1,11000
Seyhan / Köyler - 3+1,12000
Ceyhan / Çarşı - 2+1,12500
Çukurova / Mahfesığmaz - 1+1,12000
Sarıçam / Sofulu - 2+1,12000
Sarıçam / Sofulu - 1+1,12500
Kozan / Çarşı - 3+1,11500
Sarıçam - 2+1,11000
Seyhan / Kuruköprü - 1+1,12000
Yüreğir / Yavuzlar - 2+1,12500
Sarıçam - 1+1,11000
Sarıçam - 1+1,12500
Sarıçam / Sofulu - 1+1,12500
Sarıçam - 4+1,12500
Seyhan / Köyler - 3+1,12500
Çukurova / Köyler - 3+1,12000
Kozan / Merkez - 2+1,12000
Sarıçam / Sofulu - 2+1,12000
Seyhan / Denizli - 2+1,11000
Çukurova / Beyazevler - Stüdyo (1+0),11000
Seyhan / Ziyapaşa - Stüdyo (1+0),11000
Seyhan / Yeşilyurt - 1+1,11000
Sarıçam - 1+1,12000
Çukurova / Köyler - 3+1,11500
Sarıçam - 1+1,12000
Sarıçam / Sofulu - 1+1,12500
Sarıçam - 2+1,12500
Çukurova / Mahfesığmaz - 1+1,11500
Çukurova / Beyazevler - Stüdyo (1+0),12000
Sarıçam / Sofulu - 3+1,11000
Sarıçam - 1+1,12000
Sarıçam / Sofulu - 1+1,12000
Yüreğir / Pttevleri - 2+1,12500
Sarıçam / Mehmet Akif Ersoy - 2+1,11000
Sarıçam / Sofulu - 1+1,12750
Çukurova / Beyazevler - Stüdyo (1+0),12000
Çukurova / Köyler - 3+1,12000
Seyhan / Merkez - 2+1,12000
Seyhan / Denizli - 3+1,11500
Seyhan / Yeşilyurt - 2+1,11500
Sarıçam - 2+1,11000
Sarıçam / Sofulu - 1+1,12500
Sarıçam - 1+1,12000
Seyhan / Ziyapaşa - 2+1,12000
Sarıçam / Sofulu - 2+1,12000
Sarıçam / Mehmet Akif Ersoy - 2+1,12000
Sarıçam - 2+1,11500
Sarıçam / Sofulu - 2+1,11499
Sarıçam / Sofulu - 1+1,12500
Çukurova / Beyazevler - Stüdyo (1+0),11000
Seyhan / Mavibulvar/Yurt - 2+1,11000
Yüreğir / Kazım Karabekir - 3+1,11000
Sarıçam / Köyler - 2+1,12000
Çukurova / Mahfesığmaz - Stüdyo (1+0),12000
Sarıçam - 1+1,11000
Seyhan / Yeşilyurt - 3+1,12000
Seyhan / Köyler - 3+1,11500
Sarıçam / Sofulu - 2+1,12500
Seyhan / Yeşilyurt - Stüdyo (1+0),12000
Yüreğir / Yavuzlar - 2+1,12500
Seyhan / Köyler - 3+1,11000
Sarıçam - 1+1,11000
Sarıçam / Sofulu - 2+1,12000
Kozan / Aslanpaşa - 2+1,11000
Yüreğir / Pttevleri - 2+1,11000
Sarıçam / Sofulu - 2+1,12000
Yüreğir / Keresteciler - 2+1,11000
Sarıçam / Sofulu - 3+1,12000
Kozan / Merkez - 2+1,12000
Seyhan / Fevzipaşa - 2+1,11000
Sarıçam / Sofulu - 2+1,11000
Seyhan / Yeşilyurt - 2+1,12000
Sarıçam - 2+1,11000
Sarıçam / Sofulu - 1+1,11000
Sarıçam / Sofulu - 1+1,11500
Seyhan / Yağcami - Stüdyo (1+0),12000
Sarıçam / Sofulu - 1+1,12000
Çukurova / Köyler - 3+1,11999
Çukurova / Mahfesığmaz - Stüdyo (1+0),11500
Sarıçam - 2+1,12000
Kozan / Merkez - 2+1,12000
Sarıçam - 2+1,11000
Çukurova / Mahfesığmaz - Stüdyo (1+0),12000
Kozan / Köyler - 2+1,11000
Çukurova / Mahfesığmaz - 1+1,12500
Kozan / Çarşı - 3+1,12000
Sarıçam / Sofulu - 1+1,12000
Çukurova / Mahfesığmaz - Stüdyo (1+0),12000
Çukurova / Beyazevler - Stüdyo (1+0),11000
Seyhan / Yeşilyurt - Stüdyo (1+0),12000
Sarıçam - 1+1,11500
Çukurova / Köyler - 3+1,12000
Sarıçam - 1+1,12500
Yüreğir / Kazım Karabekir - 2+1,12000
Sarıçam - 3+1,12500
Sarıçam / Sofulu - 3+1,12000
Çukurova / Beyazevler - 1+1,12000
Yüreğir / Pttevleri - 1+1,12000
Kozan / Merkez - 3+1,11000
Sarıçam / Sofulu - 1+1,12500
Kozan / Merkez - 2+1,12500
Çukurova / Beyazevler - 2+1,12000
Sarıçam / Sofulu - 1+1,11500
Çukurova / Köyler - 2+1,11250
Yüreğir / Yavuzlar - 3+1,11000
Sarıçam / Mehmet Akif Ersoy - 1+1,12000
Seyhan / Yenibaraj - Stüdyo (1+0),12500
Sarıçam / Sofulu - 1+1,12500
Sarıçam - 1+1,11000
Seyhan / Denizli - 2+1,12000
Sarıçam - 2+1,12500
Yüreğir / Kiremithane - 2+1,11000
Sarıçam - 3+1,12000
Çukurova / Mahfesığmaz - Stüdyo (1+0),12000
Sarıçam / Yıldırım Beyazıt - 2+1,12000
Çukurova / Beyazevler - Stüdyo (1+0),12000
Sarıçam - 2+1,12500
Sarıçam / Köyler - 1+1,12000
Sarıçam / Sofulu - 2+1,12000
Çukurova / Merkez - 2+1,12000
Sarıçam / Sofulu - 1+1,11099
Seyhan / Ziyapaşa - 1+1,11500
Kozan / Şevkiye - 2+1,12000
Çukurova / Mahfesığmaz - Stüdyo (1+0),12000
Seyhan / Köyler - 3+1,11500
Sarıçam - 2+1,12500
Sarıçam - 1+1,12000
Seyhan / Mavibulvar/Yurt - 1+1,11000
Seyhan / Köyler - 3+1,11500
Seyhan / Ziyapaşa - 2+1,11000
Sarıçam - 2+1,12000
Sarıçam / Sofulu - 1+1,11000
Seyhan / Yeşilyurt - 2+1,11000
Sarıçam / Mehmet Akif Ersoy - 2+1,12500
Sarıçam / Sofulu - 1+1,12000
Sarıçam - 2+1,12000
Kozan / Aslanpaşa - 2+1,11000
Sarıçam / Sofulu - 1+1,12500
Sarıçam - 2+1,11000
Sarıçam - 2+1,12450
Seyhan / Fevzipaşa - 2+1,11000
Kozan / Merkez - 3+1,11500
Sarıçam / Sofulu - 1+1,11000
Sarıçam / Sofulu - 2+1,11000
Çukurova / Merkez - 2+1,12000
Yüreğir / Yavuzlar - 2+1,12000
Kozan / Çarşı - 3+0,12000
Ceyhan / Namıkkemal - 2+1,11000
Çukurova / Beyazevler - Stüdyo (1+0),12000
Seyhan / Ziyapaşa - Stüdyo (1+0),11000
Sarıçam / Köyler - 3+1,12000
Sarıçam / Sofulu - 1+1,12500
Seyhan / Köyler - 3+1,11000
Sarıçam / Sofulu - 2+1,12000
Seyhan / Gazipaşa - Stüdyo (1+0),12000
Sarıçam / Sofulu - 2+1,11000
Sarıçam - 2+1,11500
Yüreğir / Yavuzlar - 4+1,11250
Seyhan / Köyler - 3+1,12500
Sarıçam - 1+1,12000
Sarıçam / Sofulu - 2+1,12500
Sarıçam - 2+1,12000
Seyhan / Ziyapaşa - 1+1,12500
Kozan / Merkez - 3+1,12500
Kozan / Merkez - 3+0,11000
Kozan / Merkez - 3+0,11000
Sarıçam / Yıldırım Beyazıt - 3+1,11000
Seyhan / Yeşilyurt - Stüdyo (1+0),12500
Sarıçam - 2+1,12000
Sarıçam - 3+1,11500
Sarıçam - 1+1,12000
Sarıçam - 2.5+1,12000
Sarıçam / Köyler - 1+1,12000
Sarıçam / Sofulu - 1+1,12750
Kozan / Merkez - 3+1,11000
Çukurova / Köyler - 3+1,11000
Seyhan / Köyler - 3+1,11000
Seyhan / Köyler - 3+1,12000
Sarıçam / Sofulu - 1+1,12000
Sarıçam - 2+1,12000
Sarıçam - 1+1,12000
Seyhan / Yeşilyurt - 2+1,12850
Çukurova / Beyazevler - Stüdyo (1+0),12000
Sarıçam / Sofulu - 1+1,11000
Sarıçam / Sofulu - 1+1,12000
Kozan / Köyler - 3+1,12000
Sarıçam / Sofulu - 1+1,12999
Seyhan / Ziyapaşa - 1+1,11000
Sarıçam / Mehmet Akif Ersoy - 1+1,11500
Sarıçam / Sofulu - 1+1,12999
Seyhan / Akkapı - 2+1,12000
Seyhan / Ziyapaşa - Stüdyo (1+0),12000
Seyhan / Yenibaraj - Stüdyo (1+0),11000
Sarıçam - 1+1,11500
Çukurova / Merkez - 1+1,12000
İmamoğlu - 3+1,12500
Çukurova / Köyler - 2+1,11500
Sarıçam - 2+1,12000
Sarıçam / Sofulu - 1+1,12000
Çukurova / Mahfesığmaz - Stüdyo (1+0),11000
Sarıçam - 2+1,12500
Sarıçam / Köyler - 1+1,11000
Seyhan / Yeşilyurt - Stüdyo (1+0),12000
Seyhan / Ziyapaşa - 3+1,11500
Seyhan / Ziyapaşa - Stüdyo (1+0),11000
Sarıçam / Sofulu - 2+1,12500
Çukurova / Beyazevler - Stüdyo (1+0),11500
Sarıçam / Yıldırım Beyazıt - 2+1,11500
Sarıçam / Sofulu - 3+1,12500
Sarıçam / Sofulu - 1+1,12000
Sarıçam / Sofulu - 2+1,12800
Sarıçam - 1+1,12500
Sarıçam / Köyler - 1+1,12000
Sarıçam - 1+1,12500
Sarıçam - 2+1,11000
Seyhan / Yeşilevler - 3+1,12000
Çukurova / Köyler - 2+1,11000
Sarıçam / Köyler - 1+1,11500
Yüreğir / Kazım Karabekir - 2+1,11500
Sarıçam - 2+1,11500
Sarıçam / Yıldırım Beyazıt - 2+1,11000
Sarıçam - 2+1,11000
Sarıçam / Yıldırım Beyazıt - 2+1,12500
Seyhan / Saydam - 2+1,12000
Sarıçam - 2+1,12000
Sarıçam / Sofulu - 2+1,12500
Sarıçam - 1+1,12500
Sarıçam - 1+1,11500
Sarıçam - 1+1,12000
Sarıçam / Sofulu - 3+1,12000
Seyhan / Yeşilyurt - Stüdyo (1+0),12000
Seyhan / Yeşilyurt - Stüdyo (1+0),11000
Çukurova / Köyler - 3+1,12500
Sarıçam / Sofulu - 1+1,12500
Çukurova / Köyler - 3+1,12500
Sarıçam / Sofulu - 1+1,11000
Sarıçam / Sofulu - 1+1,12000
Seyhan / Merkez - 2+1,12000
Çukurova / Mahfesığmaz - Stüdyo (1+0),11000
Sarıçam - 1+1,11500
Seyhan / Köyler - 2+1,12000
Seyhan / Denizli - 3+1,12000
Sarıçam - 2+1,12000
Sarıçam - 2+1,12000
Seyhan / Yeşilyurt - 2+1,11500
Çukurova / Köyler - 3+1,11000
Çukurova / Köyler - 2+1,12500
Seyhan / Yeşilyurt - Stüdyo (1+0),11000
Sarıçam / Sofulu - 1+1,12000
Sarıçam - 2+1,12000
Sarıçam / Mehmet Akif Ersoy - 2+1,12000
Yüreğir / Yavuzlar - 2+1,12500
Seyhan / Yenibaraj - 1+1,12900
Sarıçam / Sofulu - 1+1,12000
Seyhan / Ziyapaşa - 2+1,11500
Seyhan / Kuruköprü - 3+1,12500
Seyhan / Yeşilyurt - Stüdyo (1+0),11000
Seyhan / Yağcami - Stüdyo (1+0),12000
Seyhan / Mavibulvar/Yurt - 2+1,11000
Sarıçam - 1+1,11000
Sarıçam - 2+1,11000
Seyhan / Yeşilyurt - 2+1,11000
Çukurova / Köyler - 3+1,12000
Sarıçam / Sofulu - 1+1,11000
Seyhan / Merkez - 2+1,11000
Sarıçam / Mehmet Akif Ersoy - 2+1,12000
Sarıçam - 1+1,12000
Seyhan / Denizli - 2+1,11000
Çukurova / Huzurevleri - 1+1,12000
Sarıçam / Köyler - 2+1,12000
Seyhan / Fevzipaşa - 2+1,11500
Sarıçam / Sofulu - 2+1,11000
Sarıçam / Sofulu - 1+1,12500
Seyhan / Köyler - 3+1,12500
Kozan / Aslanpaşa - 3+1,12000
Sarıçam - 2+1,12000
Sarıçam - 2+1,12000
Sarıçam / Sofulu - 3+1,12400
Çukurova / Köyler - 3+1,12000
Seyhan / Saydam - 2+1,11500
Sarıçam - 1+1,12000
Seyhan / Köyler - 2+1,12000
Çukurova / Mahfesığmaz - 2+1,11000
Yumurtalık - 1+1,11000
Sarıçam - 1+1,11000
Seyhan / Yeşilyurt - 1+1,11000
Sarıçam / Köyler - 2+1,11000
Sarıçam / Sofulu - 1+1,11500
Sarıçam - 1+1,12000
Seyhan / Yeşilevler - 3+0,12500
Sarıçam / Sofulu - 2+1,12000
Yumurtalık - 1+1,12000
Seyhan / Yağcami - 1+1,12500
Sarıçam / Köyler - 2+1,11500
Sarıçam / Sofulu - 1+1,12000
Yüreğir / Kiremithane - 3+1,12000
Sarıçam - 2+1,12000
Çukurova / Beyazevler - Stüdyo (1+0),12000
Seyhan / Yeşilyurt - Stüdyo (1+0),12000
Sarıçam / Sofulu - 1+1,11000
Seyhan / Yeşilyurt - 1+1,12500
Sarıçam / Sofulu - 1+1,12500
Sarıçam / Sofulu - 1+1,12999
Seyhan / Yağcami - Stüdyo (1+0),12000
Sarıçam - 1+1,12500
Sarıçam - 2+1,11000
Çukurova / Beyazevler - Stüdyo (1+0),12000
Seyhan / Köyler - 3+1,12000
Seyhan / Köyler - 3+1,12000
Sarıçam / Sofulu - 2+1,12000
Sarıçam / Sofulu - 1+1,12999
Sarıçam / Sofulu - 1+1,11000
Sarıçam / Sofulu - 1+1,12500
Çukurova / Beyazevler - Stüdyo (1+0),11950
Seyhan / Köyler - 3+1,12000
Sarıçam / Sofulu - 1+1,11999
Seyhan / Köyler - 3+1,12000
Seyhan / Köyler - 3+1,12000
Seyhan / Köyler - 3+1,12000
Sarıçam / Sofulu - 2+1,11000
Sarıçam / Sofulu - 1+1,11000
Sarıçam / Sofulu - 1+1,11500
Çukurova / Beyazevler - 1+1,12000
Sarıçam / Mehmet Akif Ersoy - 2+1,12500
Çukurova / Beyazevler - Stüdyo (1+0),12000
Sarıçam / Sofulu - 1+1,12000
Çukurova / Beyazevler - Stüdyo (1+0),12000
Sarıçam / Sofulu - 1+1,11000
Sarıçam - 2+1,14000
Sarıçam - 2+1,14500
Sarıçam / Sofulu - 2+1,14500
Sarıçam - 1+1,13000
Sarıçam / Sofulu - 1+1,13500
Sarıçam - 1+1,14500
Sarıçam - 1+1,13500
Sarıçam - 2+1,13500
Çukurova / Merkez - 2+1,14000
Sarıçam - 2+1,13500
Sarıçam - 1+1,13500
Çukurova / Mahfesığmaz - 1+1,13000
Sarıçam - 2+1,14000
Kozan / Merkez - 3+1,14000
Seyhan / Ziyapaşa - 3+1,13000
Sarıçam - 1+1,14500
Sarıçam / Mehmet Akif Ersoy - 2+1,14500
Seyhan / Köyler - 3+1,14000
Sarıçam / Sofulu - 1+1,13000
Sarıçam / Yıldırım Beyazıt - 2+1,14000
Sarıçam / Sofulu - 1+1,14500
Yüreğir / Yavuzlar - 3+1,13000
Sarıçam / Sofulu - 2+1,13000
Sarıçam - 3+1,13000
Sarıçam / Mehmet Akif Ersoy - 2+1,13500
Ceyhan / Sanayi - 3+1,14000
Sarıçam - 2+1,13500
Çukurova / Merkez - 3+1,14000
Sarıçam / Sofulu - 2+1,13000
Çukurova / Merkez - 2+1,13500
Seyhan / Yeşilyurt - 1+1,14000
Sarıçam - 2+1,13750
Çukurova / Köyler - 3+1,13000
Kozan / Şevkiye - 2+1,13000
Sarıçam / Sofulu - 1+1,13000
Çukurova / Merkez - 2+1,14500
Sarıçam - 1+1,13000
Sarıçam / Sofulu - 1+1,13000
Sarıçam - 1+1,13000
Sarıçam / Köyler - 2+1,13500
Sarıçam / Mehmet Akif Ersoy - 2+1,13500
Sarıçam / Sofulu - 1+1,13000
Sarıçam / Sofulu - 1+1,14500
Seyhan / Köyler - 3+1,13000
Sarıçam / Sofulu - 1+1,13000
Sarıçam / Sofulu - 1+1,13000
Sarıçam - 2+1,13000
Sarıçam / Sofulu - 1+1,13000
Çukurova / Mahfesığmaz - Stüdyo (1+0),13500
Sarıçam / Köyler - 2+1,13500
Seyhan / Gürselpaşa - 1+1,14000
Sarıçam - 1+1,14000
Sarıçam - 3+1,13000
Ceyhan / Namıkkemal - 3+1,14750
Sarıçam - 1+1,13500
Çukurova / Mahfesığmaz - 1+1,13750
Sarıçam - 1+1,14000
Sarıçam / Sofulu - 1+1,13500
Seyhan / Yeşilyurt - 2+1,13000
Sarıçam - 1+1,13000
Sarıçam - 2+1,14000
Yumurtalık - 3+1,13000
Çukurova / Köyler - 3+1,14000
Sarıçam / Sofulu - 1+1,14000
Sarıçam - 2+1,14000
Sarıçam / Sofulu - 1+1,13000
Kozan / Merkez - 3+1,13000
Sarıçam - 1+1,13500
Sarıçam - 1+1,13000
Çukurova / Mahfesığmaz - 1+1,13000
Sarıçam / Sofulu - 2+1,13500
Sarıçam - 1+1,14000
Çukurova / Mahfesığmaz - Stüdyo (1+0),14000
Sarıçam - 2+1,13000
Sarıçam / Sofulu - 2+1,14000
Sarıçam / Sofulu - 1+1,13500
Sarıçam - 3+1,14000
Seyhan / Ziyapaşa - 3+1,14500
Sarıçam - 1+1,14000
Çukurova / Mahfesığmaz - Stüdyo (1+0),13500
Sarıçam / Sofulu - 1+1,14500
Sarıçam / Sofulu - 1+1,13000
Sarıçam - 3+1,14999
Sarıçam - 1+1,14000
Sarıçam / Sofulu - 1+1,14000
Ceyhan / Sanayi - 3+1,13500
Kozan / Çarşı - 2+1,13000
Seyhan / Yeşilyurt - 2+1,14500
Çukurova / Mahfesığmaz - Stüdyo (1+0),14000
Seyhan / Mavibulvar/Yurt - 3+1,13000
Sarıçam / Sofulu - 2+1,14500
Seyhan / Yeşilyurt - 2+1,13000
Çukurova / Köyler - 3+1,14000
Çukurova / Mahfesığmaz - 1+1,13000
Seyhan / Köyler - 3+1,13000
Sarıçam - 2+1,13500
Kozan / Merkez - 3+1,13000
Sarıçam / Sofulu - 1+1,14500
Sarıçam / Sofulu - 2+1,14000
Sarıçam / Sofulu - 1+1,13000
Çukurova / Merkez - 3+1,14000
Çukurova / Merkez - 3+1,14750
Seyhan / Gürselpaşa - 2+1,13000
Sarıçam / Sofulu - 1+1,14000
Çukurova / Köyler - 3+1,13000
Sarıçam / Sofulu - 1+1,13000
Seyhan / Yeşilyurt - 1+1,13000
Kozan / Aslanpaşa - 4+0,14500
Sarıçam / Sofulu - 1+1,13000
Sarıçam / Sofulu - 2+1,13000
Sarıçam / Sofulu - 1+1,14500
Sarıçam / Sofulu - 1+1,13750
Çukurova / Mahfesığmaz - Stüdyo (1+0),14500
Sarıçam / Sofulu - 1+1,14000
Sarıçam / Sofulu - 1+1,14000
Sarıçam / Sofulu - 1+1,13999
Sarıçam - 1+1,14000
Seyhan / Mavibulvar/Yurt - 1+1,13000
Sarıçam / Sofulu - 1+1,13500
Yüreğir / Havutlu - 2+1,13000
Sarıçam / Sofulu - 1+1,14500
Sarıçam / Sofulu - 1+1,13500
Seyhan / Yenibaraj - 2+1,13500
Sarıçam / Sofulu - 1+1,13000
Çukurova / Köyler - 2+1,13000
Seyhan / Yeşilyurt - 1+1,13000
Sarıçam / Sofulu - 1+1,13500
Seyhan / Denizli - 1.5+1,13000
Sarıçam / Sofulu - 1+1,13000
Sarıçam / Sofulu - 1+1,13500
Sarıçam / Sofulu - 1+1,13000
Sarıçam / Mehmet Akif Ersoy - 1+1,13000
Sarıçam / Sofulu - 1+1,14000
Çukurova / Beyazevler - 1+1,14000
Sarıçam / Sofulu - 1+1,14750
Sarıçam / Sofulu - 2+1,13600
Sarıçam / Sofulu - 1+1,14250
Sarıçam / Sofulu - 1+1,13750
Ceyhan / Türlübaş - 2+1,14000
Sarıçam / Sofulu - 3+1,14000
Sarıçam - 2+1,13000
Sarıçam / Sofulu - 1+1,14000
Seyhan / Gürselpaşa - 2+1,13500
Sarıçam / Sofulu - 2+1,14000
Seyhan / Fevzipaşa - 2+1,13000
Sarıçam / Köyler - 2+1,13500
Sarıçam / Sofulu - 2+1,13000
Çukurova / Merkez - 2+1,13500
Sarıçam - 2+1,13000
Çukurova / Beyazevler - 1+1,14000
Sarıçam / Sofulu - 1+1,14900
Kozan / Merkez - 4+1,14500
Sarıçam / Mehmet Akif Ersoy - 3+1,14500
Sarıçam / Sofulu - 2+1,13000
Çukurova / Köyler - 3+1,13000
Seyhan / Yenibaraj - Stüdyo (1+0),14000
Sarıçam / Sofulu - 2+1,14500
Seyhan / Gazipaşa - Stüdyo (1+0),13500
Sarıçam / Sofulu - 1+1,13500
Seyhan / Yeşilyurt - 2+1,13000
Sarıçam / Sofulu - 1+1,14000
Kozan / Merkez - 3+1,13000
Çukurova / Köyler - 1+1,13500
Seyhan / Yeşilyurt - 1+1,13500
Sarıçam / Sofulu - 1+1,14000
Kozan / Şevkiye - 3+1,13000
Sarıçam - 1+1,13000
Sarıçam / Sofulu - 2+1,14750
Çukurova / Köyler - 3+1,13000
Sarıçam / Sofulu - 2+1,14500
Çukurova / Beyazevler - 1+1,13500
Çukurova / Mahfesığmaz - 3+1,14000
Sarıçam / Köyler - 3+1,13500
Sarıçam / Sofulu - 2+1,13750
Seyhan / Yeşilyurt - 3+1,13000
Sarıçam / Sofulu - 2+1,14000
Sarıçam - 2+1,13500
Seyhan / Zincirlibağlar - 3+1,14500
Sarıçam / Sofulu - 2+1,13500
Sarıçam / Sofulu - 1+1,13750
Çukurova / Mahfesığmaz - 1+1,14500
Seyhan / Yağcami - 2+1,14000
Sarıçam - 1+1,13500
Sarıçam - 2+1,14000
Yumurtalık - 2+1,13000
Sarıçam / Sofulu - 2+1,13000
Seyhan / Ziyapaşa - 1+1,13000
Sarıçam / Köyler - 1+1,14000
Sarıçam / Köyler - 2+1,13750
Sarıçam - 2+1,13000
Ceyhan / Namıkkemal - 2+1,13000
Çukurova / Mahfesığmaz - 1+1,14500
Sarıçam / Sofulu - 1+1,13000
Seyhan / Merkez - 2+1,13500
Seyhan / Yeşilyurt - 1+1,13500
Sarıçam / Sofulu - 2+1,14000
Seyhan / Yeşilyurt - Stüdyo (1+0),14000
Sarıçam / Sofulu - 3+1,13500
Sarıçam / Yıldırım Beyazıt - 2+1,13000
Çukurova / Köyler - 3+1,13000
Sarıçam / Sofulu - 3+1,14000
Seyhan / Köyler - 3+1,13000
Sarıçam - 2+1,13500
Çukurova / Merkez - 2+1,13250
Çukurova / Köyler - 3+1,13000
Sarıçam - 1+1,14500
Sarıçam / Sofulu - 1+1,14000
Kozan / Şevkiye - 3+1,14000
Sarıçam - 1+1,13000
Sarıçam / Sofulu - 1+1,14000
Çukurova / Mahfesığmaz - 1+1,14500
Sarıçam - 2+1,13500
Seyhan / Yeşilyurt - 2+1,13500
Sarıçam - 1+1,14000
Kozan / Merkez - 3+1,13500
Sarıçam / Sofulu - 3+1,13200
Seyhan / Yeşilyurt - 1+1,13000
Sarıçam - 1+1,13000
Sarıçam - 2+1,13000
Sarıçam / Sofulu - 1+1,14500
Seyhan / Yeşilyurt - 3+1,14500
Yüreğir / Kazım Karabekir - 2+1,13000
Sarıçam - 1+1,13000
Çukurova / Mahfesığmaz - 3+1,14500
Sarıçam - 2+1,14000
Kozan / Çarşı - 1+1,13000
Sarıçam - 1+1,14500
Seyhan / Köyler - 3+1,14000
Seyhan / Ziyapaşa - 1+1,14500
Kozan / Köyler - 2+1,13000
Sarıçam - 1+1,13499
Seyhan / Yenibaraj - 1+1,13000
Sarıçam - 2+1,13000
Kozan / Çarşı - 2+1,14000
Seyhan / Ziyapaşa - 1+1,13000
Seyhan / Yenibaraj - 1+1,14000
Sarıçam / Sofulu - 1+1,14500
Sarıçam / Sofulu - 1+1,13500
Sarıçam / Sofulu - 1+1,14000
Seyhan / Yeşilyurt - 2+1,14000
Sarıçam / Sofulu - 2+1,14000
Yüreğir / Pttevleri - 2+1,14000
Seyhan / Yeşilyurt - 2+1,13000
Sarıçam - 2+1,13000
Seyhan / Mavibulvar/Yurt - 1+1,14000
Çukurova / Beyazevler - 1+1,14500
Sarıçam / Mehmet Akif Ersoy - 2+1,14000
Sarıçam / Sofulu - 3+1,13000
Sarıçam / Sofulu - 1+1,13000
Seyhan / Saydam - 3+1,13000
Seyhan / Yeşilyurt - 1+1,13000
Sarıçam - 2+1,13000
Sarıçam - 2+1,13500
Seyhan / Merkez - 2+1,13500
Sarıçam / Sofulu - 1+1,14000
Seyhan / Ziyapaşa - 1+1,13000
Sarıçam / Sofulu - 1+1,13000
Kozan / Çarşı - 3+1,14500
Sarıçam - 1+1,14250
Sarıçam - 2+1,13000
Kozan / Aslanpaşa - 3+1,13000
Çukurova / Mahfesığmaz - Stüdyo (1+0),14500
Sarıçam - 2+1,13500
Yüreğir / Yavuzlar - 2+1,13000
Sarıçam / Sofulu - 1+1,14000
Sarıçam - 2+1,13000
Çukurova / Merkez - 3+1,14000
Sarıçam / Sofulu - 1+1,13000
Seyhan / Yeşilyurt - 3+1,14000
Seyhan / Köyler - 3+1,14000
Sarıçam / Sofulu - 2+1,14750
Sarıçam - 3+1,13500
Sarıçam / Sofulu - 2+1,14900
Sarıçam - 1+1,14350
Sarıçam / Sofulu - 3+1,13000
Çukurova / Beyazevler - 1+1,14500
Sarıçam / Sofulu - 1+1,13000
Sarıçam / Sofulu - 1+1,13000
Sarıçam / Sofulu - 1+1,13000
Sarıçam - 1+1,14000
Kozan / Merkez - 2+1,13000
Çukurova / Mahfesığmaz - Stüdyo (1+0),14000
Sarıçam / Sofulu - 2+1,14500
Kozan / Çarşı - 1+1,13000
Seyhan / Gürselpaşa - 3+1,14000
Sarıçam / Sofulu - 1+1,13250
Sarıçam / Sofulu - 1+1,14250
Çukurova / Köyler - 3.5+1,13000
Sarıçam - 3+1,14000
Sarıçam / Mehmet Akif Ersoy - 3+1,13500
Sarıçam / Sofulu - 2+1,13500
Sarıçam - 2+1,13000
Seyhan / Mavibulvar/Yurt - 3+1,13000
Sarıçam / Sofulu - 1+1,13000
Sarıçam / Sofulu - 1+1,13500
Sarıçam / Sofulu - 2+1,14500
Sarıçam - 1+1,14000
Çukurova / Mahfesığmaz - 3+1,14000
Kozan / Çarşı - 3+1,13500
Seyhan / Yeşilyurt - 2+1,14000
Çukurova / Mahfesığmaz - Stüdyo (1+0),13500
Seyhan / Ziyapaşa - 2+1,14000
Sarıçam - 2+1,14500
Sarıçam - 2+1,14000
Sarıçam / Sofulu - 1+1,13580
Sarıçam / Sofulu - 2+1,13500
Sarıçam / Köyler - Stüdyo (1+0),13000
Kozan / Merkez - 3+1,13000
Sarıçam / Sofulu - 1+1,14000
Yüreğir / Karşıyaka - 2+1,14950
Seyhan / Yenibaraj - Stüdyo (1+0),14000
Sarıçam / Mehmet Akif Ersoy - 1+1,14000
Çukurova / Mahfesığmaz - Stüdyo (1+0),13000
Sarıçam / Sofulu - 1+1,14500
Sarıçam / Mehmet Akif Ersoy - 3+1,14000
Çukurova / Mahfesığmaz - Stüdyo (1+0),14500
Sarıçam / Köyler - 1+1,13000
Sarıçam - 1+1,13950
Sarıçam / Sofulu - 1+1,14000
Seyhan / Merkez - 2+1,14750
Çukurova / Mahfesığmaz - 1+1,13000
Sarıçam / Mehmet Akif Ersoy - 2+1,13500
Sarıçam / Sofulu - 1+1,13250
Sarıçam / Sofulu - 1+1,13000
Sarıçam / Köyler - 3+1,13000
Seyhan / Köyler - 3+1,13000
Sarıçam - 2+1,14000
Çukurova / Köyler - 3+1,14000
Sarıçam - 1+1,13990
Çukurova / Köyler - 3+1,14000
Sarıçam / Sofulu - 1+1,13550
Kozan / Köyler - 3+1,14000
Sarıçam - 1+1,13000
Seyhan / Mavibulvar/Yurt - 2+1,13500
Sarıçam / Sofulu - 1+1,14750
Sarıçam / Sofulu - 2+1,13500
Seyhan / Gürselpaşa - 3+1,14500
Çukurova / Mahfesığmaz - Stüdyo (1+0),13000
Sarıçam - 2+1,13700
Sarıçam / Köyler - 3+1,13000
Sarıçam - 2+1,14500
Sarıçam - 2+1,13000
Sarıçam / Sofulu - 1+1,14500
Sarıçam / Sofulu - 1+1,14000
Sarıçam / Sofulu - 2+1,14750
Sarıçam - 2+1,14000
Ceyhan / Emek - 3+1,13000
Sarıçam / Sofulu - 1+1,14000
Sarıçam - 1+1,13000
Seyhan / Yeşilyurt - 2+1,13000
Sarıçam - 1+1,14000
Sarıçam / Sofulu - 2+1,13000
Sarıçam / Sofulu - 1+1,13500
Sarıçam / Sofulu - 1+1,14500
Çukurova / Mahfesığmaz - Stüdyo (1+0),13000
Sarıçam - 2+1,13000
Çukurova / Merkez - 3+1,14400
Sarıçam - 1+1,14000
Seyhan / Yenibaraj - 1+1,14500
Sarıçam / Sofulu - 1+1,14500
Sarıçam / Sofulu - 1+1,14750
Sarıçam / Sofulu - 2+1,14000
Sarıçam / Sofulu - 1+1,13500
Seyhan / Ziyapaşa - 3+1,13000
Sarıçam / Sofulu - 1+1,13000
Sarıçam / Mehmet Akif Ersoy - 2+1,13000
Sarıçam / Sofulu - 1+1,13000
Sarıçam - 1+1,14000
Sarıçam / Sofulu - 2+1,13500
Sarıçam - 3+1,13500
Sarıçam / Köyler - 1+1,13000
Sarıçam / Sofulu - 1+1,13500
Sarıçam / Sofulu - 1+1,14000
Sarıçam / Sofulu - 1+1,13000
Seyhan / Yeşilyurt - 1+1,14000
Sarıçam / Sofulu - 1+1,14000
Sarıçam / Mehmet Akif Ersoy - 2+1,13500
Sarıçam / Sofulu - 1+1,14250
Çukurova / Mahfesığmaz - 1+1,14000
Sarıçam / Sofulu - 1+1,14000
Çukurova / Mahfesığmaz - 1+1,13000
Seyhan / Kuruköprü - 2+1,13500
Sarıçam - 1+1,13500
Sarıçam - 1+1,13000
Sarıçam / Mehmet Akif Ersoy - 2+1,14500
Kozan / Merkez - 1+1,13500
Sarıçam / Sofulu - 1+1,14000
Kozan / Merkez - 4+1,14000
Sarıçam / Sofulu - 1+1,14000
Çukurova / Beyazevler - Stüdyo (1+0),14000
Sarıçam / Mehmet Akif Ersoy - 1+1,14500
Sarıçam - 1+1,13500
Sarıçam / Mehmet Akif Ersoy - 1+1,13500
Sarıçam - 2+1,13000
Çukurova / Beyazevler - Stüdyo (1+0),13000
Sarıçam / Sofulu - 2+1,13500
Sarıçam / Sofulu - 2+1,13750
Seyhan / Köyler - 3+1,13000
Çukurova / Merkez - 3+1,14500
Sarıçam / Sofulu - 2.5+1,13000
Sarıçam / Mehmet Akif Ersoy - 1+1,14000
Çukurova / Merkez - 3+1,14000
Çukurova / Mahfesığmaz - 3+1,14000
Sarıçam - 1+1,14000
Çukurova / Mahfesığmaz - Stüdyo (1+0),13000
Sarıçam / Sofulu - 1+1,14000
Sarıçam / Sofulu - 1+1,13000
Sarıçam / Sofulu - 2+1,14500
Sarıçam / Sofulu - 1+1,14500
Sarıçam / Sofulu - 1+1,14000
Sarıçam - 2+1,13000
Sarıçam - 1+1,13000
Sarıçam - 1+1,14000
Pozantı - 1+1,14500
Çukurova / Mahfesığmaz - 2+1,13750
Seyhan / Yeşilyurt - 2+1,14500
Seyhan / Denizli - 2+1,14500
Sarıçam / Köyler - 3+1,13000
Çukurova / Beyazevler - Stüdyo (1+0),13000
Sarıçam / Sofulu - 1+1,14500
Sarıçam / Sofulu - 2+1,14000
Çukurova / Köyler - 3+1,13000
Sarıçam / Sofulu - 1+1,13500
Çukurova / Mahfesığmaz - Stüdyo (1+0),13000
Sarıçam - 2+1,13500
Sarıçam / Yıldırım Beyazıt - 3+1,14000
Çukurova / Merkez - 2+1,13500
Sarıçam / Sofulu - 1+1,14000
Sarıçam - 1+1,14000
Sarıçam / Sofulu - 3+1,14000
Sarıçam - 2+1,14500
Sarıçam - 2+1,13000
Sarıçam / Sofulu - 1+1,14500
Çukurova / Köyler - 3+1,13000
Sarıçam - 1+1,14000
Sarıçam / Sofulu - 1+1,13000
Sarıçam / Sofulu - 1+1,13500
Sarıçam - 1+1,13000
Kozan / Merkez - 4+1,14000
Sarıçam - 1+1,14000
Seyhan / Ziyapaşa - 1+1,14000
Sarıçam / Sofulu - 3+1,13000
Yumurtalık - 2+1,14750
Sarıçam / Sofulu - 1+1,13500
Sarıçam - 1+1,14500
Sarıçam - 2+1,13500
Çukurova / Merkez - 2+1,14500
Sarıçam / Mehmet Akif Ersoy - 2+1,13000
Sarıçam / Köyler - 2+1,13000
Sarıçam / Sofulu - 2+1,13000
Sarıçam - 1+1,13000
Sarıçam - 1+1,13000
Yüreğir / Yavuzlar - 2+1,13000
Sarıçam / Mehmet Akif Ersoy - 1+1,13500
Sarıçam / Sofulu - 2+1,13500
Sarıçam / Sofulu - 4+1,13000
Seyhan / Gürselpaşa - 3+1,13500
Sarıçam - 1+1,13000
Sarıçam / Sofulu - 3+1,13750
Çukurova / Köyler - 3+1,14000
Sarıçam / Sofulu - 1+1,14250
Sarıçam - 2+1,13000
Seyhan / Yeşilyurt - 1.5+1,14500
Çukurova / Beyazevler - 1+1,14500
Sarıçam / Sofulu - 1+1,14000
Çukurova / Merkez - 3+1,14250
Sarıçam - 2.5+1,13000
Sarıçam / Sofulu - 2+1,13500
Sarıçam - 2+1,13000
Sarıçam / Sofulu - 1+1,14000
Çukurova / Beyazevler - 1+1,14500
Sarıçam / Sofulu - 1+1,14000
Ceyhan / Emek - 2+1,13000
Çukurova / Mahfesığmaz - 1+1,14500
Sarıçam - 1+1,13500
Sarıçam - 2.5+1,13500
Sarıçam - 1+1,14500
Sarıçam / Sofulu - 1+1,14000
Sarıçam / Sofulu - 1+1,14750
Sarıçam / Sofulu - 2+1,13500
Sarıçam / Sofulu - 1+1,14000
Sarıçam - 3+1,13000
Sarıçam / Sofulu - 1+1,13000
Seyhan / Yeşilyurt - 3+1,13500
Sarıçam - 1+1,13000
Sarıçam / Mehmet Akif Ersoy - 2+1,13000
Seyhan / Yenibaraj - 1+1,13000
Sarıçam / Mehmet Akif Ersoy - 1+1,13500
Seyhan / Mavibulvar/Yurt - 2+1,14500
Yüreğir / Karşıyaka - 1+1,14900
Çukurova / Beyazevler - Stüdyo (1+0),14000
Sarıçam / Sofulu - 2+1,14999
Çukurova / Mahfesığmaz - 1+1,13750
Sarıçam / Sofulu - 1+1,14000
Sarıçam - 2+1,13000
Yüreğir / Yavuzlar - 3+1,14500
Çukurova / Köyler - 3+1,13000
Sarıçam / Sofulu - 1+1,13800
Sarıçam / Sofulu - 1+1,14000
Sarıçam / Sofulu - 2+1,13000
Sarıçam / Mehmet Akif Ersoy - 2+1,13750
Sarıçam / Sofulu - 3+1,14000
Yumurtalık - 2+1,14000
Seyhan / Emek - 3+1,13000
Sarıçam - 2+1,13000
Sarıçam / Sofulu - 2+1,13500
Sarıçam / Sofulu - 1+1,14000
Sarıçam - 1+1,14500
Yüreğir / Yavuzlar - 2+1,13000
Sarıçam / Mehmet Akif Ersoy - 2+1,14000
Seyhan / Ziyapaşa - 2+1,14000
Çukurova / Köyler - 3+1,13000
Sarıçam / Sofulu - 1+1,13500
Seyhan / Ziyapaşa - 1+1,13500
Sarıçam / Sofulu - 1+1,14000
Sarıçam / Sofulu - 1+1,14000
Sarıçam / Sofulu - 1+1,13000
Kozan / Merkez - 3+1,13000
Sarıçam / Sofulu - 2+1,14500
Çukurova / Beyazevler - 1+1,14950
Sarıçam - 2+1,13500
Seyhan / Köyler - 3+1,13000
Sarıçam - 1+1,14900
Sarıçam / Sofulu - 1+1,13000
Sarıçam - 2+1,13000
Seyhan / Zincirlibağlar - 2+1,14000
Sarıçam / Sofulu - 1+1,13000
Sarıçam / Sofulu - 1+1,13000
Sarıçam / Sofulu - 1+1,13000
Seyhan / Köyler - 3+1,13000
Seyhan / Yenibaraj - 1+1,14000
Sarıçam - 2+1,13000
Sarıçam / Sofulu - 3+1,13000
Seyhan / Köyler - 3+1,14000
Seyhan / Yenibaraj - 1+1,14000
Sarıçam / Sofulu - 1+1,14000
Sarıçam / Sofulu - 3+1,13000
Sarıçam / Sofulu - 1+1,13000
Sarıçam / Sofulu - 2+1,13500
Sarıçam / Sofulu - 1+1,13500
Sarıçam / Sofulu - 1+1,13000
Çukurova / Beyazevler - 1+1,13500
Sarıçam / Sofulu - 2+1,14000
Sarıçam / Mehmet Akif Ersoy - 2+1,13500
Sarıçam / Sofulu - 1+1,13000
Sarıçam - 1+1,13000
Seyhan / Yenibaraj - 1+1,13000
Sarıçam / Sofulu - 2+1,14000
Ceyhan / Namıkkemal - 3+1,14000
Sarıçam / Sofulu - 1+1,13750
Sarıçam - 3+1,13000
Sarıçam - 1+1,14999
Çukurova / Beyazevler - 1+1,14950
Sarıçam / Sofulu - 1+1,13500
Sarıçam - 2+1,13500
Sarıçam / Sofulu - 1+1,13500
Sarıçam / Sofulu - 1+1,13750
Sarıçam / Sofulu - 2+1,14995
Sarıçam / Sofulu - 1+1,13000
Sarıçam / Sofulu - 1+1,13000
Seyhan / Yenibaraj - 1+1,13000
Seyhan / Yenibaraj - 1+1,13000
Sarıçam / Sofulu - 1+1,14000
Sarıçam - 2+1,14000
Sarıçam - 1+1,14000
Sarıçam - 1+1,13500
Sarıçam / Sofulu - 2+1,13250
Sarıçam / Sofulu - 1+1,14500
Sarıçam / Sofulu - 1+1,13750
Sarıçam / Sofulu - 3+1,14500
Sarıçam / Sofulu - 1+1,14000
Sarıçam / Sofulu - 1+1,14000
Sarıçam / Sofulu - 1+1,13500
Sarıçam / Sofulu - 1+1,13000
Sarıçam / Sofulu - 1+1,14000
Sarıçam / Sofulu - 2+1,14000
Sarıçam / Sofulu - 1+1,14500
Sarıçam / Sofulu - 1+1,13000
Sarıçam / Mehmet Akif Ersoy - 1+1,14500
Seyhan / Ziyapaşa - 1+1,13500
Sarıçam / Sofulu - 1+1,13500
Sarıçam - 1+1,14500
Sarıçam / Sofulu - 1+1,13750
Sarıçam / Sofulu - 1+1,13500
Seyhan / Yeşilyurt - 1+1,16000
Kozan / Merkez - 3+1,16000
Sarıçam / Sofulu - 1+1,16500
Sarıçam / Sofulu - 1+1,16000
Sarıçam - 1+1,16750
Seyhan / Gürselpaşa - 2+1,15000
Sarıçam - 2+1,15000
Sarıçam - 1+1,15000
Sarıçam - 2+1,15500
Sarıçam / Sofulu - 1+1,15000
Sarıçam - 1+1,16000
Sarıçam / Sofulu - 1+1,16500
Kozan / Çarşı - 3+1,15000
Kozan / Köyler - 3+1,15000
Sarıçam - 1+1,16000
Sarıçam - 2+1,16750
Sarıçam / Mehmet Akif Ersoy - 2+1,16500
Sarıçam / Yıldırım Beyazıt - 3+1,15000
Seyhan / Merkez - 2+1,15000
Seyhan / Denizli - 2+1,16500
Seyhan / Merkez - 1+1,16000
Sarıçam / Köyler - 1+1,15000
Seyhan / Yenibaraj - 1+1,16500
Sarıçam - 1+1,16500
Çukurova / Merkez - 2+1,16000
Sarıçam - 3+1,15000
Sarıçam - 1+1,15000
Sarıçam / Sofulu - 1+1,15000
Seyhan / 2000 Evler - 1+1,16500
Sarıçam - 2+1,16000
Kozan / Merkez - 4+1,15000
Sarıçam / Sofulu - 1+1,15500
Kozan / Merkez - 1+1,16000
Sarıçam / Sofulu - 2+1,15000
Sarıçam / Sofulu - 2+1,16000
Sarıçam - 2+1,15500
Sarıçam - 2+1,16000
Sarıçam - 2+1,15000
Sarıçam - 1+1,16000
Ceyhan / Çarşı - 2+1,15000
Sarıçam - 1+1,15000
Sarıçam / Mehmet Akif Ersoy - 2+1,16000
Sarıçam / Sofulu - 2+1,16500
Sarıçam - 3+1,16500
Sarıçam / Mehmet Akif Ersoy - 2+1,16000
Seyhan / 2000 Evler - 2+1,15000
Sarıçam / Sofulu - 3+1,15000
Sarıçam - 1+1,15000
Çukurova / Mahfesığmaz - 2+1,16000
Seyhan / Mavibulvar/Yurt - 1+1,16000
Kozan / Şevkiye - 4+0,15000
Sarıçam - 3+1,15000
Seyhan / Yenibaraj - 1+1,15000
Sarıçam / Mehmet Akif Ersoy - 1+1,15000
Seyhan / Kuruköprü - 3+1,16000
Sarıçam / Sofulu - 1+1,15750
Sarıçam / Sofulu - 1+1,15000
Çukurova / Merkez - 1+1,15500
Sarıçam / Sofulu - 1+1,16000
Kozan / Çarşı - 4+0,15000
Seyhan / Yeşilyurt - 2+1,15000
Seyhan / Yenibaraj - 1+1,15000
Çukurova / Beyazevler - 1+1,15000
Sarıçam / Köyler - 3+1,15500
Sarıçam - 1+1,15000
Kozan / Mahmutlu - 4+0,15000
Sarıçam / Sofulu - 2+1,15000
Sarıçam - 2+1,15000
Sarıçam - 2+1,15000
Sarıçam - 1+1,15500
Seyhan / Yenibaraj - 1+1,15000
Seyhan / Yeşilyurt - 1+1,16000
Seyhan / Merkez - 2+1,15000
Kozan / Köyler - 4+1,15000
Çukurova / Mahfesığmaz - 1+1,15000
Sarıçam / Mehmet Akif Ersoy - 2+1,16500
Seyhan / Emek - 3+1,15000
Sarıçam / Mehmet Akif Ersoy - 2+1,16000
Sarıçam / Sofulu - 1+1,16000
Kozan / Merkez - 3+1,15000
Yüreğir / Kazım Karabekir - 2+1,15000
Çukurova / Mahfesığmaz - 1+1,16500
Ceyhan / Namıkkemal - 3+1,15000
Sarıçam - 2+1,15000
Sarıçam / Sofulu - 1+1,15500
Seyhan / Yenibaraj - 3+1,16000
Seyhan / Mavibulvar/Yurt - 1+1,16000
Sarıçam / Sofulu - 1+1,15000
Sarıçam - 1+1,16000
Sarıçam / Sofulu - 1+1,15000
Sarıçam - 1+1,16900
Kozan / Merkez - 2+1,16000
Seyhan / 2000 Evler - 1+1,15000
Sarıçam / Mehmet Akif Ersoy - 2+1,15000
Sarıçam - 1+1,15000
Sarıçam / Mehmet Akif Ersoy - 1+1,15500
Sarıçam / Sofulu - 1+1,15000
Sarıçam - 1+1,16000
Sarıçam / Sofulu - 4+1,15500
Sarıçam / Sofulu - 1+1,15000
Çukurova / Huzurevleri - 1+1,15000
Sarıçam / Mehmet Akif Ersoy - 2+1,15500
Seyhan / Kuruköprü - 2+1,16500
Sarıçam - 1+1,16000
Kozan / Köyler - 3+1,15000
Sarıçam / Sofulu - 2+1,16000
Sarıçam / Sofulu - 1+1,16000
Sarıçam / Sofulu - 2+1,15500
Seyhan / Merkez - 3+1,15000
Sarıçam / Köyler - 1+1,15000
Sarıçam / Mehmet Akif Ersoy - 2+1,15500
Yüreğir / Kazım Karabekir - 4+1,15000
Seyhan / Yeşilyurt - 2+1,15000
Sarıçam - 2+1,15000
Seyhan / Yeşilyurt - 1+1,16000
Sarıçam / Sofulu - 1+1,15000
Seyhan / Ziyapaşa - 2+1,16000
Sarıçam / Mehmet Akif Ersoy - 2+1,15000
Sarıçam - 1+1,16000
Çukurova / Mahfesığmaz - 1+1,16000
Sarıçam / Mehmet Akif Ersoy - 2+1,15500
Sarıçam - 1+1,16000
Yüreğir / Yavuzlar - 2+1,15000
Çukurova / Beyazevler - 1+1,15000
Sarıçam / Sofulu - 2+1,15000
Sarıçam - 3+1,15000
Sarıçam - 2+1,15000
Sarıçam / Sofulu - 1+1,15000
Kozan / Çarşı - 3+1,15000
Sarıçam / Sofulu - 1+1,15000
Sarıçam / Mehmet Akif Ersoy - 2+1,15500
Sarıçam / Sofulu - 1+1,15000
Sarıçam / Mehmet Akif Ersoy - 1+1,15000
Yüreğir / Pttevleri - 2+1,16500
Sarıçam / Sofulu - 1+1,15000
Sarıçam / Sofulu - 1+1,15500
Kozan / Merkez - 3+1,15000
Sarıçam / Sofulu - 1+1,15000
Sarıçam / Sofulu - 1+1,15000
Sarıçam - 2+1,15000
Seyhan / Mavibulvar/Yurt - 2+1,15000
Sarıçam / Sofulu - 1+1,16000
Sarıçam / Sofulu - 1+1,15000
Sarıçam / Sofulu - 2+1,15000
Ceyhan / Sanayi - 2+1,16000
Ceyhan / Namıkkemal - 2+1,15000
Çukurova / Köyler - 3+1,16000
Sarıçam / Köyler - 3+1,15000
Sarıçam / Sofulu - 3+1,15500
Yüreğir / Keresteciler - 2+1,16750
Seyhan / Mavibulvar/Yurt - 1+1,16000
Seyhan / Mavibulvar/Yurt - 1+1,16000
Sarıçam / Mehmet Akif Ersoy - 1+1,15000
Sarıçam - 2+1,15500
Sarıçam / Sofulu - 2+1,16000
Çukurova / Beyazevler - 1+1,15000
Sarıçam / Sofulu - 3+1,16000
Ceyhan / Türlübaş - 3+1,16000
Seyhan / Ziyapaşa - 1+1,16500
Sarıçam - 1+1,16000
Sarıçam - 1+1,16000
Yüreğir / Pttevleri - 2+1,15000
Sarıçam - 2.5+1,15500
Seyhan / Yeşilyurt - 3+1,16500
Seyhan / Yeşilyurt - 3+1,15000
Seyhan / Mavibulvar/Yurt - 2+1,15000
Seyhan / Merkez - 1+1,15000
Sarıçam / Sofulu - 2+1,15000
Seyhan / Gürselpaşa - 2+1,15000
Sarıçam - 2+1,15500
Seyhan / Yeşilyurt - 1+1,16500
Çukurova / Köyler - 2+1,16000
Ceyhan / Namıkkemal - 3+1,15000
Seyhan / Ziyapaşa - 1+1,15000
Çukurova / Beyazevler - 1+1,15000
Sarıçam - 1+1,16500
Sarıçam - 1+1,15000
Sarıçam / Yıldırım Beyazıt - 2+1,15000
Seyhan / Yenibaraj - 1+1,15000
Sarıçam / Sofulu - 1+1,15000
Seyhan / Yeşilyurt - 1+1,16000
Kozan / Merkez - 2+1,15000
Sarıçam / Köyler - 1+1,16000
Sarıçam / Sofulu - 1+1,15000
Seyhan / Yeşilyurt - 2+1,15000
Seyhan / Yeşilevler - 2+1,16000
Sarıçam / Sofulu - 1+1,15000
Sarıçam - 2+1,15000
Seyhan / Yeşilyurt - 3+1,16500
Sarıçam / Sofulu - 1+1,16400
Sarıçam / Sofulu - 1+1,15500
Seyhan / Yağcami - 3+1,16500
Sarıçam - 1+1,15000
Seyhan / Merkez - 1+1,16000
Sarıçam - 2+1,15000
Ceyhan / Çarşı - 2+1,15000
Çukurova / Köyler - 3+1,15000
Sarıçam / Sofulu - 1+1,16000
Sarıçam / Köyler - 1+1,15500
Sarıçam - 1+1,15200
Sarıçam - 1+1,15500
Sarıçam - 1+1,15500
Kozan / Merkez - 3+1,15000
Sarıçam / Mehmet Akif Ersoy - 2+1,15500
Sarıçam - 1+1,16000
Seyhan / Merkez - 3+1,15000
Seyhan / 2000 Evler - 1+1,15000
Çukurova / Mahfesığmaz - 1+1,15500
Seyhan / Merkez - 2+1,16000
Çukurova / Köyler - 3+1,15000
Seyhan / Ziyapaşa - 2+1,15000
Çukurova / Köyler - 3+1,16000
Yüreğir / Pttevleri - 3+1,15500
Sarıçam / Köyler - 2+1,15000
Sarıçam - 2+1,15500
Çukurova / Beyazevler - 1+1,15000
Seyhan / Ziyapaşa - 1+1,15000
Sarıçam - 1+1,16000
Sarıçam - 2+1,15000
Ceyhan / Emek - 2+1,15500
Sarıçam / Mehmet Akif Ersoy - 2+1,16000
Sarıçam / Mehmet Akif Ersoy - 1+1,15500
Çukurova / Beyazevler - 1+1,15500
Sarıçam / Sofulu - 2+1,15000
Sarıçam / Mehmet Akif Ersoy - 2+1,16500
Seyhan / Mavibulvar/Yurt - 2+1,16000
Çukurova / Merkez - 2+1,15000
Seyhan / Yenibaraj - 1+1,16000
Sarıçam / Sofulu - 1+1,15500
Sarıçam - 1+1,15500
Sarıçam / Sofulu - 3+1,16500
Sarıçam - 1+1,15500
Sarıçam - 1+1,16500
Çukurova / Beyazevler - 3+1,16000
Çukurova / Mahfesığmaz - 2+1,15000
Seyhan / Ziyapaşa - 1+1,16000
İmamoğlu - 3+1,16500
Seyhan / Yenibaraj - 1+1,16000
Seyhan / Ziyapaşa - 2+1,16000
Çukurova / Merkez - 1+1,15500
Yüreğir / Yavuzlar - 2+1,16500
Yüreğir / Yavuzlar - 2+1,15000
Yüreğir / Yavuzlar - 2+1,15000
Seyhan / Kuruköprü - 1+1,15000
Sarıçam / Mehmet Akif Ersoy - 3+1,15500
Sarıçam / Köyler - 3+1,15250
Sarıçam / Sofulu - 2+1,16500
Çukurova / Yurt - 1+1,15000
Sarıçam / Sofulu - 1+1,15000
Çukurova / Huzurevleri - 1+1,15500
Sarıçam - 1+1,16000
Sarıçam - 2+1,16000
Sarıçam / Mehmet Akif Ersoy - 3+1,16000
Seyhan / Merkez - 3+1,15000
Sarıçam / Sofulu - 2+1,15000
Çukurova / Mahfesığmaz - 1+1,16900
Sarıçam - 1+1,16500
Sarıçam / Mehmet Akif Ersoy - 1+1,15000
Sarıçam - 1+1,15000
Sarıçam / Mehmet Akif Ersoy - 3+1,15500
Sarıçam / Mehmet Akif Ersoy - 1+1,15000
Yumurtalık - 2+1,15000
Yumurtalık - 2+1,15000
Sarıçam / Sofulu - 1+1,16000
Sarıçam / Sofulu - 3+1,15000
Sarıçam / Sofulu - 1+1,16000
Çukurova / Merkez - 2+1,16000
Çukurova / Mahfesığmaz - 1+1,15500
Sarıçam / Sofulu - 2+1,15250
Sarıçam - 2+1,16000
Sarıçam / Sofulu - 2+1,15000
Sarıçam / Sofulu - 1+1,15000
Kozan / Köyler - 3+1,16000
Seyhan / Merkez - 2+1,16750
Seyhan / Mavibulvar/Yurt - 3+1,15500
Çukurova / Merkez - 2+1,15000
Sarıçam - 1+1,15500
Sarıçam / Sofulu - 2+1,16000
Sarıçam - 1+1,15500
Sarıçam / Sofulu - 1+1,16500
Sarıçam - 1+1,15500
Sarıçam / Sofulu - 1+1,16000
Yüreğir / Kiremithane - 3+1,15000
Sarıçam / Sofulu - 2+1,16000
Seyhan / Mavibulvar/Yurt - 3+1,16000
Sarıçam / Sofulu - 2+1,15000
Çukurova / Beyazevler - 1+1,16500
Sarıçam - 1+1,15000
Sarıçam / Sofulu - 1+1,15000
Ceyhan / Türlübaş - 2+1,15500
Çukurova / Merkez - 2+1,16000
Sarıçam / Sofulu - 1+1,16000
Sarıçam / Sofulu - 1+1,15000
Seyhan / Ziyapaşa - 1+1,15000
Seyhan / Yenibaraj - 3+1,16000
Çukurova / Merkez - 1+1,15000
Sarıçam / Sofulu - 1+1,16500
Sarıçam / Yıldırım Beyazıt - 3+1,15000
Sarıçam - 1+1,16500
Seyhan / Merkez - 3+1,15750
Sarıçam / Mehmet Akif Ersoy - 1+1,15000
Sarıçam / Sofulu - 1+1,15000
Sarıçam - 1+1,16000
Sarıçam / Sofulu - 1+1,16000
Sarıçam / Sofulu - 2+1,15000
Çukurova / Mahfesığmaz - 2+1,16000
Çukurova / Mahfesığmaz - 1+1,16000
Sarıçam / Sofulu - 1+1,15000
Sarıçam / Sofulu - 1+1,16000
Seyhan / Kuruköprü - 1+1,15000
Çukurova / Mahfesığmaz - 1+1,15000
Çukurova / Mahfesığmaz - 1+1,15500
Seyhan / 2000 Evler - 2+1,15000
Sarıçam - 1+1,16000
Sarıçam - 1+1,15000
Sarıçam / Sofulu - 1+1,16650
Seyhan / Ziyapaşa - 1+1,15000
Seyhan / Ziyapaşa - 3+1,15999
Sarıçam / Sofulu - 1+1,15500
Çukurova / Köyler - 3+1,16000
Seyhan / Mavibulvar/Yurt - 1+1,15000
Çukurova / Mahfesığmaz - 2+1,15000
Kozan / Mahmutlu - 2+1,15000
Çukurova / Huzurevleri - 1+1,15000
Sarıçam / Sofulu - 3+1,15000
Ceyhan / Türlübaş - 2+1,15500
Sarıçam / Sofulu - 2+1,16500
Çukurova / Beyazevler - 1+1,15500
Seyhan / Ziyapaşa - 1+1,15000
Sarıçam / Sofulu - 2+1,16500
Seyhan / Yeşilyurt - 1+1,15000
Kozan / Şevkiye - 2+1,16000
Sarıçam / Sofulu - 1+1,15000
Seyhan / Denizli - 1+1,16000
Sarıçam - 1+1,15000
Çukurova / Merkez - 1+1,15500
Sarıçam - 2+1,15000
Yumurtalık - 3+1,15000
Sarıçam / Mehmet Akif Ersoy - 2+1,16750
Seyhan / Fevzipaşa - 2+1,16000
Sarıçam / Köyler - 2+1,15500
Sarıçam / Sofulu - 2+1,15000
Sarıçam - 1+1,15000
Sarıçam - 3+1,15000
Sarıçam / Sofulu - 2+1,16000
Sarıçam / Mehmet Akif Ersoy - 2+1,15500
Yumurtalık - 3+1,15000
Çukurova / Merkez - 1+1,16500
Sarıçam / Sofulu - 1+1,16000
Sarıçam - 2+1,15000
Yumurtalık - 1+1,15000
Sarıçam / Mehmet Akif Ersoy - 2+1,15000
Kozan / Çarşı - 3+1,15000
Kozan / Köyler - 3+1,15000
Seyhan / Emekevler - 2+1,15000
Çukurova / Köyler - 3+1,15500
Sarıçam / Mehmet Akif Ersoy - 2+1,15500
Seyhan / Merkez - 2+1,15000
Sarıçam - 1+1,15000
Sarıçam / Sofulu - 2+1,15000
Kozan / Köyler - 4+0,15500
Sarıçam / Sofulu - 1+1,15000
Seyhan / Yeşilyurt - 1+1,16000
Sarıçam / Sofulu - 3+1,15000
Yüreğir / Pttevleri - 3+1,16000
Seyhan / Yeşilyurt - 2+1,15500
Sarıçam / Sofulu - 1+1,16000
Sarıçam / Sofulu - 1+1,15000
Çukurova / Merkez - 2+1,16000
Sarıçam - 3+1,16000
Sarıçam / Mehmet Akif Ersoy - 2+1,15000
Sarıçam - 3+1,15000
Sarıçam / Sofulu - 3+1,16500
Sarıçam - 2+1,15000
Seyhan / Yeşilevler - 2+1,16000
Çukurova / Merkez - 2+1,16000
Seyhan / Yeşilyurt - 1+1,16000
Sarıçam - 3+1,15000
Çukurova / Mahfesığmaz - 1+1,15000
Çukurova / Merkez - 2+1,16500
Çukurova / Köyler - 3+1,15000
Sarıçam / Mehmet Akif Ersoy - 1+1,15000
Yumurtalık - 2+1,15000
Sarıçam - 1+1,16500
Seyhan / Gazipaşa - 1+1,16500
Sarıçam / Sofulu - 1+1,16000
Sarıçam / Sofulu - 1+1,15000
Sarıçam / Sofulu - 2+1,16000
Seyhan / Yenibaraj - 1+1,16000
Seyhan / Mavibulvar/Yurt - 1+1,16000
Sarıçam / Sofulu - 2+1,16000
Seyhan / Mavibulvar/Yurt - 1+1,16000
Ceyhan / Türlübaş - 3+1,15000
Sarıçam - 3+1,15000
Sarıçam / Sofulu - 1+1,15000
Sarıçam - 1+1,16000
Sarıçam / Sofulu - 1+1,16000
Sarıçam / Mehmet Akif Ersoy - 2+1,15500
Seyhan / Ziyapaşa - 1+1,15000
Sarıçam / Sofulu - 1+1,16500
Sarıçam / Sofulu - 2+1,16000
Sarıçam / Sofulu - 3+1,15000
Sarıçam - 3+1,15000
Sarıçam / Sofulu - 1+1,15000
Seyhan / Yeşilyurt - 1+1,15500
Sarıçam / Sofulu - 1+1,15000
Sarıçam / Yıldırım Beyazıt - 2+1,15000
Ceyhan / Türlübaş - 3+1,16239
Sarıçam / Sofulu - 1+1,16000
Çukurova / Mahfesığmaz - Stüdyo (1+0),15000
Ceyhan / Namıkkemal - 3+1,16000
Çukurova / Mahfesığmaz - 1+1,15500
Sarıçam - 1+1,15000
Çukurova / Mahfesığmaz - 1+1,15000
Çukurova / Merkez - 2+1,15000
Sarıçam - 3+1,15000
Sarıçam - 1+1,15000
Kozan / Şevkiye - 2+1,15000
Çukurova / Beyazevler - 1+1,15400
Sarıçam - 1+1,16000
Sarıçam - 3+1,15000
Sarıçam / Köyler - 1+1,15000
Sarıçam - 1+1,15000
Sarıçam / Mehmet Akif Ersoy - 2+1,16000
Sarıçam / Sofulu - 2+1,15000
Çukurova / Mahfesığmaz - 1+1,15500
Sarıçam / Sofulu - 1+1,16000
Seyhan / Yenibaraj - 1+1,16500
Seyhan / Yenibaraj - 1+1,15000
Seyhan / Denizli - 3+1,16000
Çukurova / Beyazevler - 1+1,15000
Sarıçam - 1+1,15000
Sarıçam / Sofulu - 1+1,15000
Sarıçam - 2+1,15000
Sarıçam / Mehmet Akif Ersoy - 1+1,15000
Sarıçam / Sofulu - 1+1,15000
Sarıçam - 3+1,16000
Seyhan / Yeşilyurt - 2+1,16000
Çukurova / Mahfesığmaz - 1+1,16000
Sarıçam - 1+1,15000
Çukurova / Beyazevler - 1+1,16500
Sarıçam / Sofulu - 1+1,15000
Sarıçam / Sofulu - 1+1,16000
Sarıçam / Köyler - 2+1,15000
Sarıçam / Sofulu - 2+1,15000
Seyhan / Yenibaraj - 1+1,15500
Sarıçam - 1+1,15000
Çukurova / Merkez - 3+1,15000
Sarıçam / Sofulu - 1+1,15000
Sarıçam - 1+1,15000
Seyhan / Köyler - 3+1,15000
Çukurova / Mahfesığmaz - 1+1,15000
Seyhan / Ziyapaşa - 2+1,15000
Yumurtalık - 2+1,15000
Sarıçam / Sofulu - 3+1,15000
Sarıçam / Sofulu - 3+1,16000
Seyhan / Kuruköprü - 3+1,16000
Sarıçam - 2+1,15000
Sarıçam / Sofulu - 2+1,15000
Sarıçam - 1+1,15000
Ceyhan / Emek - 2+1,15000
Ceyhan / Emek - 2+1,15000
Yüreğir / Karşıyaka - 2+1,15000
Çukurova / Köyler - 2+1,16000
Sarıçam - 1+1,15500
Çukurova / Köyler - 1+1,15000
Çukurova / Beyazevler - 1+1,16000
Sarıçam / Sofulu - 2+1,15000
Sarıçam / Mehmet Akif Ersoy - 3+1,15000
Seyhan / Gürselpaşa - 1+1,15000
Sarıçam / Yıldırım Beyazıt - 2+1,16000
Seyhan / Mavibulvar/Yurt - 2+1,15500
Sarıçam / Sofulu - 2+1,15000
Sarıçam / Sofulu - 1+1,16000
Sarıçam - 1+1,16000
Sarıçam / Sofulu - 1+1,16000
Yumurtalık - 2+1,15000
Seyhan / Yeşilyurt - 3+1,15000
Sarıçam - 1+1,15000
Seyhan / Yeşilevler - 3+1,15500
Sarıçam / Sofulu - 1+1,15000
Seyhan / Yeşilyurt - 1+1,16000
Seyhan / Yeşilyurt - 1+1,16000
Sarıçam - 1+1,15000
Sarıçam / Sofulu - 2+1,15000
Sarıçam / Sofulu - 1+1,15500
Sarıçam / Mehmet Akif Ersoy - 3+1,16000
Sarıçam / Sofulu - 1+1,16000
Kozan / Merkez - 3+1,15000
Ceyhan / Türlübaş - 4+1,15000
Çukurova / Huzurevleri - 1+1,15000
Çukurova / Huzurevleri - 1+1,16000
Sarıçam - 1+1,16000
Seyhan / Yeşilyurt - 2+1,16500
Sarıçam / Sofulu - 1+1,15500
Sarıçam - 3+1,15000
Sarıçam - 2+1,15000
Seyhan / Ziyapaşa - 1+1,15000
Sarıçam - 1+1,15500
Sarıçam / Sofulu - 1+1,16000
Sarıçam / Sofulu - 1+1,16000
Sarıçam / Sofulu - 1+1,15500
Seyhan / Yenibaraj - 1+1,15000
Sarıçam / Sofulu - 1+1,16000
Seyhan / Gürselpaşa - 3+1,15500
Seyhan / Gürselpaşa - 2+1,16000
Çukurova / Beyazevler - 1+1,16000
Sarıçam - 2+1,15500
Seyhan / Yeşilyurt - 2+1,16500
Ceyhan / Namıkkemal - 3+1,15000
Sarıçam - 1+1,15500
Sarıçam / Sofulu - 1+1,16700
Çukurova / Merkez - 1+1,15500
Sarıçam / Sofulu - 2+1,15000
Kozan / Merkez - 3+1,15000
Sarıçam - 1+1,15000
Sarıçam - 3+1,15000
Çukurova / Mahfesığmaz - 2+1,16500
Çukurova / Köyler - 3+1,15500
Çukurova / Beyazevler - 1+1,15500
Sarıçam - 1+1,15500
Ceyhan / Namıkkemal - 2+1,16000
Seyhan / Merkez - 1+1,16900
Seyhan / Denizli - 3+1,15000
Ceyhan / Emek - 3+1,15000
Sarıçam / Mehmet Akif Ersoy - 2+1,16000
Sarıçam / Sofulu - 1+1,15000
Çukurova / Merkez - 1+1,16000
Sarıçam / Sofulu - 3+1,15000
Sarıçam / Mehmet Akif Ersoy - 2+1,15000
Sarıçam - 2.5+1,15000
Sarıçam - 1+1,15000
Kozan / Köyler - 3+1,15350
Çukurova / Beyazevler - 1+1,15250
Sarıçam - 2+1,15000
Sarıçam / Sofulu - 1+1,15000
Sarıçam / Mehmet Akif Ersoy - 1+1,15000
Sarıçam - 3+1,16000
Sarıçam / Sofulu - 1+1,15000
Sarıçam - 1+1,15000
Sarıçam / Köyler - 4+1,15000
Seyhan / Yeşilyurt - 1+1,15000
Seyhan / Kuruköprü - 2+1,15000
Çukurova / Köyler - 3+1,15250
Seyhan / Gürselpaşa - 2+1,15000
Çukurova / Beyazevler - 1+1,15000
Çukurova / Merkez - 3+1,16999
Sarıçam / Sofulu - 3+1,16500
Seyhan / Yenibaraj - 1+1,16500
Sarıçam / Mehmet Akif Ersoy - 2+1,15750
Sarıçam - 1+1,15500
Ceyhan / Çarşı - 3+1,16500
Sarıçam - 2+1,15000
Sarıçam / Sofulu - 1+1,15000
Seyhan / Yenibaraj - 3+1,15000
Sarıçam - 2+1,16500
Sarıçam / Sofulu - 2+1,16000
Sarıçam / Sofulu - 1+1,16900
Yüreğir / Yavuzlar - 1+1,15000
Sarıçam / Yıldırım Beyazıt - 3+1,15500
Seyhan / Yeşilyurt - 1+1,16750
Seyhan / 2000 Evler - 1+1,15000
Seyhan / Yeşilyurt - 3+1,16000
Çukurova / Köyler - 3+1,16500
Seyhan / Emek - 1+1,15000
Seyhan / Ziyapaşa - 1+1,15500
Çukurova / Merkez - 1+1,15500
Sarıçam / Sofulu - 1+1,15000
Sarıçam / Sofulu - 1+1,15000
Seyhan / Gürselpaşa - 3+1,15000
Yumurtalık - 2+1,15000
Sarıçam - 1+1,16000
Sarıçam / Sofulu - 1+1,15000
Sarıçam / Sofulu - 1+1,15750
Sarıçam - 1+1,15000
Sarıçam - 1+1,16500
Sarıçam / Sofulu - 3+1,16500
Sarıçam / Sofulu - 1+1,15500
Sarıçam - 2+1,15750
Sarıçam / Sofulu - 1+1,16000
Sarıçam / Mehmet Akif Ersoy - 2+1,16000
Sarıçam / Sofulu - 1+1,15000
Yüreğir / Kiremithane - 2+1,16000
Sarıçam - 2+1,15000
Sarıçam - 1+1,16500
Sarıçam / Yıldırım Beyazıt - 2+1,16500
Sarıçam - 1+1,15950
Sarıçam / Sofulu - 1+1,15000
Sarıçam / Mehmet Akif Ersoy - 1+1,15000
Sarıçam / Sofulu - 3+1,15000
Sarıçam - 1+1,16000
Sarıçam / Sofulu - 1+1,16750
Seyhan / Yenibaraj - 1+1,16500
Sarıçam / Mehmet Akif Ersoy - 2+1,15000
Seyhan / Emek - 2+1,15000
Sarıçam / Sofulu - 1+1,15000
Seyhan / Yeşilevler - 3+1,15000
Sarıçam / Sofulu - 1+1,16000
Seyhan / Yenibaraj - 1+1,16500
Seyhan / Köyler - 3+1,15000
Sarıçam - 1+1,16000
Sarıçam / Sofulu - 1+1,15000
Sarıçam - 1+1,15000
Çukurova / Mahfesığmaz - 1+1,15000
Sarıçam / Sofulu - 1+1,15000
Sarıçam - 1+1,16500
Sarıçam / Sofulu - 1+1,15000
Ceyhan / Namıkkemal - 2+1,16000
Sarıçam - 2+1,16000
Sarıçam / Sofulu - 2+1,15500
Çukurova / Köyler - 3+1,16000
Sarıçam - 3+1,15250
Sarıçam / Sofulu - 1+1,15000
Ceyhan / Namıkkemal - 3+1,16000
Çukurova / Beyazevler - 1+1,15500
Sarıçam - 1+1,15000
Sarıçam / Sofulu - 1+1,15000
Sarıçam / Sofulu - 2+1,15500
Sarıçam / Mehmet Akif Ersoy - 2+1,15500
Çukurova / Beyazevler - 1+1,15000
Sarıçam / Sofulu - 2+1,15000
Sarıçam / Sofulu - 1+1,15000
Sarıçam / Sofulu - 2+1,16500
Seyhan / Yenibaraj - 1+1,16500
Sarıçam / Sofulu - 1+1,15000
Sarıçam / Sofulu - 1+1,15000
Sarıçam - 1+1,16000
Seyhan / Köyler - 3+1,15000
Sarıçam - 1+1,16000
Sarıçam / Sofulu - 3+1,15000
Sarıçam / Sofulu - 3+1,16995
Çukurova / Beyazevler - 1+1,16950
Sarıçam / Sofulu - 2+1,16000
Sarıçam / Sofulu - 1+1,15250
Sarıçam - 2+1,15000
Sarıçam / Mehmet Akif Ersoy - 2+1,15000
Sarıçam - 1+1,15000
Sarıçam - 1+1,16999
Sarıçam / Sofulu - 1+1,15000
Sarıçam / Sofulu - 1+1,16000
Sarıçam / Sofulu - 1+1,15000
Çukurova / Beyazevler - 1+1,16950
Sarıçam / Mehmet Akif Ersoy - 1+1,15000
Sarıçam / Sofulu - 1+1,15000
Sarıçam / Sofulu - 1+1,15000
Sarıçam / Sofulu - 1+1,15000
Sarıçam / Sofulu - 1+1,15000
Seyhan / Yenibaraj - 1+1,18500
Çukurova / Merkez - 2+1,17000
Sarıçam - 1+1,17500
Sarıçam / Sofulu - 1+1,18000
Sarıçam / Mehmet Akif Ersoy - 3+1,17500
Sarıçam - 1+1,17999
Sarıçam - 2+1,17000
Sarıçam / Mehmet Akif Ersoy - 2+1,18500
Sarıçam / Mehmet Akif Ersoy - 2+1,18500
Kozan / Çarşı - 3+1,17000
Sarıçam / Mehmet Akif Ersoy - 2+1,18000
Sarıçam - 1+1,17000
Sarıçam - 1+1,17500
Sarıçam / Sofulu - 1+1,17500
Seyhan / Merkez - 1+1,17500
Sarıçam - 2+1,17000
Seyhan / Ziyapaşa - 2+1,18000
Çukurova / Mahfesığmaz - 2+1,18250
Sarıçam / Köyler - 4+1,18000
Sarıçam / Mehmet Akif Ersoy - 1+1,18000
Çukurova / Merkez - 2+1,18500
Seyhan / Zincirlibağlar - 1+1,17500
Seyhan / Zincirlibağlar - 1+1,17000
Sarıçam / Mehmet Akif Ersoy - 2+1,17000
Çukurova / Huzurevleri - 2+1,18500
Yüreğir / Keresteciler - 2+1,18000
Sarıçam - 2+1,18000
Seyhan / Yenibaraj - 1+1,18000
Seyhan / Ziyapaşa - 1+1,17000
Ceyhan / Namıkkemal - 2+1,18000
Sarıçam - 2+1,18000
Seyhan / Ziyapaşa - 2+1,17000
Seyhan / Merkez - 2+1,18000
Sarıçam / Mehmet Akif Ersoy - 2+1,17000
Çukurova / Beyazevler - 1+1,18000
Sarıçam / Mehmet Akif Ersoy - 3+1,18000
Sarıçam - 1+1,18000
Seyhan / Yenibaraj - 3+1,17000
Sarıçam / Sofulu - 3+1,18000
Sarıçam - 2+1,18000
Çukurova / Beyazevler - 1+1,18950
Çukurova / Merkez - 3+1,17500
Sarıçam - 1+1,18000
Sarıçam / Sofulu - 3+1,18000
Seyhan / Zincirlibağlar - 3+1,18000
Seyhan / Yenibaraj - 3+1,17000
Seyhan / Yeşilyurt - 3+1,17500
Çukurova / Mahfesığmaz - 1+1,17500
Seyhan / Yenibaraj - 1+1,17500
Seyhan / Merkez - 2+1,17000
Kozan / Şevkiye - 3+1,17000
Seyhan / Emekevler - 2+1,18900
Sarıçam - 2+1,18000
Çukurova / Beyazevler - 1+1,18500
Sarıçam - 1+1,18000
Ceyhan / Namıkkemal - 2+1,17000
Yüreğir / Kiremithane - 3+1,17000
Sarıçam / Mehmet Akif Ersoy - 2+1,17000
Seyhan / Ziyapaşa - 1+1,18500
Sarıçam / Mehmet Akif Ersoy - 2+1,17250
Kozan / Çarşı - 3+1,17000
Yüreğir / Keresteciler - 3+1,18500
Seyhan / Yeşilevler - 3+1,17500
Çukurova / Beyazevler - 1+1,18500
Sarıçam / Sofulu - 1+1,18500
Çukurova / Mahfesığmaz - 2+1,18000
Sarıçam - 3+1,18000
Çukurova / Köyler - 3+1,17000
Sarıçam / Köyler - 3+1,17000
Yüreğir / Pttevleri - 2+1,17500
Sarıçam / Mehmet Akif Ersoy - 2+1,17000
Sarıçam - 2+1,18000
Sarıçam / Sofulu - 1+1,17500
Sarıçam - 1+1,17500
Sarıçam / Mehmet Akif Ersoy - 3+1,17500
Sarıçam / Sofulu - 2+1,18000
Sarıçam - 2+1,18500
Sarıçam - 2+1,18000
Çukurova / Mahfesığmaz - 1+1,18000
Seyhan / Denizli - 1+1,18500
Seyhan / Yenibaraj - 1+1,17000
Seyhan / Yağcami - 1+1,18500
Seyhan / Ziyapaşa - 2+1,18000
Sarıçam / Sofulu - 1+1,18000
Seyhan / Yeşilyurt - 1+1,17000
Kozan / Köyler - 2+0,17000
Seyhan / Yenibaraj - 1+1,17500
Seyhan / Yeşilyurt - 3+1,17500
Sarıçam / Sofulu - 1+1,17500
Sarıçam - 2+1,17500
Seyhan / Mavibulvar/Yurt - 1+1,17000
Çukurova / Mahfesığmaz - 1+1,17000
Sarıçam - 1+1,17250
Sarıçam - 1+1,18500
Sarıçam - 1+1,18500
Çukurova / Merkez - 3+1,18500
Sarıçam - 3+1,18000
Seyhan / Yeşilyurt - 2+1,17500
Çukurova / Mahfesığmaz - 1+1,17500
Çukurova / Merkez - 1+1,18500
Çukurova / Beyazevler - 1+1,17950
Sarıçam - 3+1,17500
Yüreğir / Pttevleri - 3+1,17000
Sarıçam / Sofulu - 3+1,18000
Sarıçam - 3+1,18000
Seyhan / Gürselpaşa - 3+1,18000
Çukurova / Mahfesığmaz - 1+1,17500
Seyhan / Merkez - 2+1,17000
Yüreğir / Kiremithane - 2+1,17000
Ceyhan / Türlübaş - 3+1,18750
Çukurova / Mahfesığmaz - 1+1,17500
Kozan / Çarşı - 3+1,18000
Sarıçam / Sofulu - 1+1,17000
Sarıçam - 1+1,17000
Sarıçam - 2+1,18000
Sarıçam - 1+1,17500
Seyhan / Yeşilyurt - 1+1,17500
Seyhan / Ziyapaşa - 1+1,18000
Çukurova / Beyazevler - 1+1,18500
Sarıçam / Sofulu - 1+1,18000
Çukurova / Mahfesığmaz - 1+1,17000
Sarıçam / Mehmet Akif Ersoy - 3+1,17500
Çukurova / Mahfesığmaz - 3+1,17000
Sarıçam - 1+1,18000
Sarıçam / Sofulu - 1+1,18000
Kozan / Şevkiye - 4+1,18000
Sarıçam / Sofulu - 1+1,17000
Sarıçam - 1+1,17000
Seyhan / Yenibaraj - 1+1,17000
Seyhan / Yeşilyurt - 3+1,18000
Sarıçam - 1+1,17500
Seyhan / Ziyapaşa - 3+1,18000
Sarıçam / Sofulu - 3+1,17500
Sarıçam / Mehmet Akif Ersoy - 3+1,18500
Sarıçam - 1+1,17000
Seyhan / Yenibaraj - 3+1,18000
Ceyhan / Namıkkemal - 3+1,17500
Sarıçam / Sofulu - 3+1,18500
Sarıçam - 1+1,17000
Yumurtalık / Köyler - 3+1,18000
Seyhan / Fevzipaşa - 2+1,17000
Sarıçam / Sofulu - 3+1,18500
Sarıçam / Sofulu - 3+1,18000
Çukurova / Merkez - 2+1,18000
Çukurova / Beyazevler - 1+1,18000
Sarıçam - 1+1,17500
Sarıçam - 1+1,17000
Seyhan / Yeşilyurt - 3+1,18350
Seyhan / Yenibaraj - 1+1,18000
Sarıçam - 1+1,18000
Çukurova / Mahfesığmaz - 1+1,18950
Sarıçam / Sofulu - 1+1,17250
Sarıçam / Sofulu - 1+1,17000
Seyhan / Yenibaraj - 1+1,18000
Seyhan / Yeşilevler - 3+1,18500
Sarıçam / Sofulu - 3+1,18500
Sarıçam / Mehmet Akif Ersoy - 2+1,18500
Kozan / Şevkiye - 4+1,17500
Yüreğir / Kiremithane - 3+1,18000
Seyhan / Emekevler - 3+1,17500
Çukurova / Beyazevler - 1+1,18000
Sarıçam / Mehmet Akif Ersoy - 2+1,18500
Sarıçam / Sofulu - 1+1,18000
Sarıçam - 1+1,17000
Sarıçam / Sofulu - 4+1,18000
Seyhan / Yenibaraj - 1+1,18000
Çukurova / Beyazevler - 3+1,18500
Sarıçam / Mehmet Akif Ersoy - 2+1,18500
Sarıçam - 2+1,18500
Sarıçam / Sofulu - 1+1,18500
Seyhan / Denizli - 2+1,17000
Ceyhan / Namıkkemal - 2+1,17500
Sarıçam - 1+1,17000
Seyhan / Merkez - 3+1,18000
Sarıçam / Sofulu - 2+1,18500
Sarıçam - 1+1,18000
Çukurova / Beyazevler - 1+1,18500
Sarıçam / Sofulu - 3+1,18000
Sarıçam / Mehmet Akif Ersoy - 1+1,18000
Sarıçam - 3+1,18000
Seyhan / Ziyapaşa - 2+1,18000
Seyhan / Ziyapaşa - 2+1,17000
Kozan / Şevkiye - 1+1,17000
Çukurova / Köyler - 2+1,17000
Çukurova / Beyazevler - 1+1,17000
Seyhan / Ziyapaşa - 1+1,17000
İmamoğlu - 1+1,17950
Sarıçam / Sofulu - 1+1,18000
Sarıçam / Sofulu - 1+1,18000
Sarıçam / Sofulu - 1+1,18500
Yüreğir / Karacaoğlan - 2+1,18000
Çukurova / Köyler - 3+1,17500
Seyhan / Denizli - 3+1,18000
Çukurova / Mahfesığmaz - 1+1,18000
Seyhan / Yenibaraj - 1+1,17000
Çukurova / Huzurevleri - 2+1,17000
Sarıçam - 2+1,18000
Sarıçam / Mehmet Akif Ersoy - 2+1,18000
Seyhan / Ziyapaşa - 1+1,17000
Yumurtalık - 2+0,18000
Sarıçam / Mehmet Akif Ersoy - 3+1,17000
Sarıçam - 2+1,18000
Sarıçam / Mehmet Akif Ersoy - 1+1,17499
Sarıçam - 2+1,17000
Kozan / Merkez - 2+1,17000
Çukurova / Beyazevler - 1+1,18500
Çukurova / Beyazevler - 1+1,18000
Çukurova / Köyler - 2+1,18500
Kozan / Köyler - 3+1,17000
Yüreğir / Kazım Karabekir - 3+1,17000
Sarıçam / Sofulu - 1+1,17000
Çukurova / Mahfesığmaz - 1+1,18000
Sarıçam / Sofulu - 3+1,18500
Kozan / Çarşı - 3+1,17000
Çukurova / Huzurevleri - 2+1,18500
Sarıçam - 2+1,17250
Çukurova / Beyazevler - 1+1,18000
Çukurova / Beyazevler - 1+1,17500
Seyhan / Yenibaraj - 1+1,18500
Seyhan / Merkez - 3+1,17000
Sarıçam / Mehmet Akif Ersoy - 3+1,18500
Seyhan / Ziyapaşa - 3+1,17000
Sarıçam / Mehmet Akif Ersoy - 2+1,18000
Sarıçam - 1+1,18000
Sarıçam - 1+1,17000
Çukurova / Beyazevler - 1.5+1,18000
Seyhan / Gazipaşa - 1+1,17900
Sarıçam / Mehmet Akif Ersoy - 4+1,17500
Seyhan / Merkez - 2+1,18000
Seyhan / Emek - 3+1,18000
Seyhan / Mavibulvar/Yurt - 3+1,17750
Çukurova / Merkez - 2+1,17500
Çukurova / Beyazevler - 1+1,18000
Seyhan / Gazipaşa - 2+1,18500
Seyhan / Ziyapaşa - 1+1,18000
Kozan / Şevkiye - 4+1,17000
Sarıçam - 1+1,17500
Seyhan / Yenibaraj - 1.5+1,17500
Seyhan / Gazipaşa - 3+1,17750
Çukurova / Huzurevleri - 1+1,17000
Sarıçam - 2+1,18000
Seyhan / Zincirlibağlar - 1+1,18000
Seyhan / Gürselpaşa - 2+1,17000
Kozan / Köyler - 3+1,18000
Seyhan / Mavibulvar/Yurt - 3+1,18500
Sarıçam - 3+1,18000
Çukurova / Beyazevler - 3+1,17500
Sarıçam / Mehmet Akif Ersoy - 3+1,18500
Seyhan / Gürselpaşa - 3+1,18000
Sarıçam - 3+1,18499
Sarıçam / Sofulu - 2+1,17000
Seyhan / Fevzipaşa - 3+1,18000
Sarıçam / Mehmet Akif Ersoy - 2+1,18000
Sarıçam / Sofulu - 1+1,18500
Seyhan / Merkez - 2+1,17000
Seyhan / Ziyapaşa - 3+1,18500
Çukurova / Huzurevleri - 2+1,18000
Çukurova / Merkez - 1+1,17500
Sarıçam - 3+1,18000
Çukurova / Merkez - 3+1,17500
Sarıçam / Sofulu - 1+1,17000
Seyhan / Ziyapaşa - 1+1,17150
Seyhan / Yeşilyurt - 1+1,18000
Çukurova / Huzurevleri - 2+1,18000
Çukurova / Mahfesığmaz - 2+1,18000
Sarıçam / Sofulu - 1+1,17000
Seyhan / Denizli - 3+1,18500
Sarıçam / Sofulu - 2+1,18000
Sarıçam / Sofulu - 3+1,18000
Çukurova / Beyazevler - 1+1,17000
Seyhan / Denizli - 2+1,17900
Seyhan / Merkez - 2+1,18000
Yüreğir / Yavuzlar - 3+1,18000
Çukurova / Mahfesığmaz - 3+1,18000
Seyhan / Ziyapaşa - 1+1,17000
Seyhan / Mavibulvar/Yurt - 1+1,17000
Sarıçam / Sofulu - 1+1,18000
Sarıçam - 1+1,18000
Çukurova / Mahfesığmaz - 2+1,17500
Seyhan / Yeşilyurt - 3+1,18500
Çukurova / Merkez - 1+1,17250
Sarıçam - 1+1,17500
Sarıçam - 2+1,17000
Ceyhan / Namıkkemal - 2+1,17000
Sarıçam - 3+1,17500
Sarıçam / Sofulu - 2+1,18000
Seyhan / Merkez - 3+1,17000
Sarıçam - 1+1,18000
Seyhan / Yenibaraj - 1+1,17000
Seyhan / Denizli - 1+1,18500
Sarıçam / Mehmet Akif Ersoy - 2+1,18000
Sarıçam - 1+1,18000
Seyhan / Denizli - 1+1,17500
Seyhan / Mavibulvar/Yurt - 1+1,18000
Seyhan / Mavibulvar/Yurt - 2+1,17000
Sarıçam - 2+1,17000
Çukurova / Mahfesığmaz - 2+1,18000
Sarıçam / Mehmet Akif Ersoy - 2+1,18500
Çukurova / Beyazevler - 1+1,17500
Seyhan / Zincirlibağlar - 2+1,17500
Sarıçam - 2+1,18000
Sarıçam / Mehmet Akif Ersoy - 1+1,17750
Çukurova / Beyazevler - 1+1,18500
Sarıçam - 3+1,17000
Sarıçam - 1+1,17500
Sarıçam - 2+1,18500
Seyhan / Kuruköprü - 1+1,17900
Yumurtalık - 3+1,17000
Seyhan / Denizli - 2+1,18750
Seyhan / Yenibaraj - 1+1,18000
Ceyhan / Namıkkemal - 2+1,18000
Seyhan / Ziyapaşa - 1+1,17000
Seyhan / Zincirlibağlar - 2+1,17500
Sarıçam / Sofulu - 1+1,17500
Sarıçam - 1+1,17000
Sarıçam - 1+1,17500
Sarıçam / Mehmet Akif Ersoy - 2+1,17500
Sarıçam - 1+1,17000
Sarıçam / Mehmet Akif Ersoy - 2+1,17000
Çukurova / Merkez - 3+1,18000
Sarıçam - 1+1,17000
Çukurova / Mahfesığmaz - 2.5+1,18000
Seyhan / Mavibulvar/Yurt - 2+1,18000
Seyhan / Mavibulvar/Yurt - 3+1,18000
İmamoğlu - 4+2,17000
Seyhan / Yenibaraj - 1+1,18000
Seyhan / Yenibaraj - 1+1,17500
Sarıçam / Sofulu - 1+1,17000
Yüreğir / Pttevleri - 2+1,17250
Sarıçam / Sofulu - 1+1,17000
Seyhan / Merkez - 1+1,17000
Seyhan / Yenibaraj - 1+1,18000
Seyhan / Yenibaraj - 3+1,18500
Seyhan / Yeşilyurt - 3+1,18500
Çukurova / Beyazevler - 1+1,18500
Seyhan / Yeşilyurt - 1+1,18000
Sarıçam - 1+1,17000
Yüreğir / Keresteciler - 2+1,17000
Sarıçam - 3+1,18500
Sarıçam - 1+1,17500
Sarıçam - 2+1,17800
Seyhan / Yenibaraj - 1+1,18000
Sarıçam / Sofulu - 1+1,17000
Seyhan / Gürselpaşa - 1+1,17000
Seyhan / Ziyapaşa - 1+1,18000
Sarıçam / Mehmet Akif Ersoy - 2+1,18500
Sarıçam / Mehmet Akif Ersoy - 2+1,17000
Seyhan / Ziyapaşa - 1+1,18000
Ceyhan / Namıkkemal - 1+1,18250
Çukurova / Beyazevler - 1+1,17500
Sarıçam - 1+1,17000
Çukurova / Beyazevler - 1+1,18500
Seyhan / Yeşilyurt - 1+1,17000
Yüreğir / Karacaoğlan - 3+1,17500
Sarıçam - 2+1,17000
Sarıçam - 2+1,18500
Ceyhan / Namıkkemal - 2+1,18500
Seyhan / Ziyapaşa - 1+1,17000
Çukurova / Mahfesığmaz - 1+1,18000
Sarıçam - 1+1,18500
Çukurova / Merkez - 3+1,17500
Çukurova / Beyazevler - 1+1,17000
Çukurova / Beyazevler - 1+1,18500
Seyhan / Ziyapaşa - 1+1,18000
Sarıçam / Sofulu - 2+1,18000
Çukurova / Mahfesığmaz - 2+1,17500
Çukurova / Beyazevler - 1+1,18500
Sarıçam - 1+1,17500
Seyhan / Yenibaraj - 3+1,18500
Sarıçam - 1+1,18000
Sarıçam - 3+1,18000
Sarıçam / Köyler - 4+1,18000
Seyhan / Yenibaraj - 1+1,18999
Seyhan / Gürselpaşa - 2+1,17000
Sarıçam - 1+1,17000
Sarıçam / Mehmet Akif Ersoy - 3+1,18000
Sarıçam - 1+1,18000
Sarıçam / Sofulu - 3+1,17500
Sarıçam / Sofulu - 3+1,18000
Yumurtalık - 3+1,18000
Ceyhan / Namıkkemal - 3+1,18999
Seyhan / Ziyapaşa - 2+1,18800
Ceyhan / Namıkkemal - 3+1,17000
Çukurova / Beyazevler - 1+1,18500
Çukurova / Beyazevler - 2+1,18500
Seyhan / Yenibaraj - 1+1,18500
Çukurova / Köyler - 3+1,18000
Sarıçam / Mehmet Akif Ersoy - 3+1,17000
Çukurova / Mahfesığmaz - 1+1,18500
Çukurova / Beyazevler - 1+1,17000
Sarıçam / Sofulu - 1+1,18500
Sarıçam / Mehmet Akif Ersoy - 2+1,17500
Sarıçam / Mehmet Akif Ersoy - 2+1,18500
Sarıçam / Mehmet Akif Ersoy - 3+1,18000
Sarıçam - 2+1,17500
Çukurova / Mahfesığmaz - 1+1,17000
Çukurova / Beyazevler - 1+1,17000
Çukurova / Köyler - 3+1,18500
Çukurova / Köyler - 3+1,18000
Sarıçam - 1+1,18000
Seyhan / Emekevler - 1+1,17000
Çukurova / Köyler - 2+1,18000
Seyhan / Yeşilyurt - 1+1,17000
Çukurova / Beyazevler - 1+1,18000
Ceyhan / Namıkkemal - 3+1,18000
Sarıçam / Sofulu - 1+1,17000
Yüreğir / Kiremithane - 3+1,17500
Seyhan / Zincirlibağlar - 1+1,18000
Seyhan / Yenibaraj - 1+1,18500
Seyhan / Yenibaraj - 1+1,18500
Çukurova / Beyazevler - 1+1,18000
Seyhan / Yenibaraj - 1+1,18500
Sarıçam - 3+1,18000
Seyhan / Yenibaraj - 1+1,18000
Seyhan / Yenibaraj - 1+1,17500
Seyhan / Yenibaraj - 1+1,18000
Seyhan / Yenibaraj - 1+1,17500
Çukurova / Merkez - 1+1,17500
Sarıçam / Mehmet Akif Ersoy - 3+1,18500
Sarıçam - 3+1,18500
Çukurova / Beyazevler - 3+1,17000
Çukurova / Merkez - 2+1,18000
Sarıçam - 1+1,17999
Sarıçam - 1+1,17500
Çukurova / Merkez - 3+1,17500
Çukurova / Beyazevler - 1+1,17000
Sarıçam - 1+1,17000
Çukurova / Beyazevler - 3+1,17000
Çukurova / Beyazevler - 1+1,18000
Çukurova / Köyler - 3+1,17000
Sarıçam / Sofulu - 2+1,17000
Çukurova / Beyazevler - 1+1,18950
Sarıçam - 1+1,18500
Sarıçam / Mehmet Akif Ersoy - 3+1,17500
Sarıçam / Mehmet Akif Ersoy - 2+1,18000
Çukurova / Beyazevler - 1+1,17950
Seyhan / Yenibaraj - 1+1,17000
Sarıçam / Sofulu - 1+1,18000
Sarıçam / Mehmet Akif Ersoy - 3+1,17500
Sarıçam - 1+1,17999
Sarıçam - 1+1,17000
Sarıçam / Sofulu - 1+1,18000
Sarıçam / Sofulu - 1+1,17000
Sarıçam / Sofulu - 1+1,17000
Sarıçam / Sofulu - 1+1,18000
Sarıçam / Sofulu - 2+1,17000
Sarıçam / Sofulu - 2+1,18000
Çukurova / Beyazevler - 1+1,18000
Ceyhan / Namıkkemal - 2+1,18000
Çukurova / Beyazevler - 1+1,17950
Yumurtalık - 3+1,17000
Yüreğir / Keresteciler - 3+1,17000
Sarıçam - 3+1,19000
Sarıçam / Sofulu - 3+1,20250
Sarıçam / Mehmet Akif Ersoy - 2+1,20000
Sarıçam / Sofulu - 1+1,19000
Yüreğir / Pttevleri - 2+1,19000
Sarıçam / Sofulu - 3+1,20000
Çukurova / Merkez - 3+1,20500
Sarıçam / Mehmet Akif Ersoy - 2+1,19500
Sarıçam - 2+1,19999
Seyhan / Yeşilyurt - 2+1,20000
Sarıçam - 1+1,19750
Kozan / Şevkiye - 3+1,19000
Sarıçam / Sofulu - 2+1,20000
Sarıçam / Sofulu - 2+1,20000
Sarıçam / Sofulu - 2+1,20000
Seyhan / Yenibaraj - 2+1,19999
Seyhan / Yenibaraj - 1+1,20000
Seyhan / Yenibaraj - 1+1,20000
Seyhan / Kuruköprü - 3+1,20000
Çukurova / Mahfesığmaz - 1+1,20000
Seyhan / Ziyapaşa - 1+1,19000
Yumurtalık - 3+1,20000
Sarıçam - 1+1,20000
Çukurova / Mahfesığmaz - 3+1,20000
Çukurova / Köyler - 2+1,20000
Sarıçam - 3+1,20000
Seyhan / Gazipaşa - 3+1,20000
Sarıçam / Mehmet Akif Ersoy - 3+1,20500
Çukurova / Merkez - 2+1,20000
Çukurova / Huzurevleri - 2+1,19000
Çukurova / Köyler - 3+1,20000
Seyhan / Gürselpaşa - 2+1,19000
Yüreğir / Kiremithane - 3+1,19000
Çukurova / Huzurevleri - 1+1,20000
Seyhan / Mavibulvar/Yurt - 2+1,20000
Çukurova / Huzurevleri - 1+1,20000
Sarıçam - 3+1,20000
Seyhan / Mavibulvar/Yurt - 2+1,20000
Çukurova / Köyler - 3+1,20000
Çukurova / Mahfesığmaz - 1+1,20000
Seyhan / Yenibaraj - 3+1,20000
Seyhan / Mavibulvar/Yurt - 2+1,20500
Sarıçam - 2+1,20000
Kozan / Köyler - 2+1,20000
Ceyhan / Türlübaş - 3+1,20000
Sarıçam - 3+1,19000
Sarıçam / Sofulu - 3+1,20000
Seyhan / Yeşilevler - 2+1,19000
Çukurova / Huzurevleri - 3+1,20000
Seyhan / Denizli - 2+1,19000
Sarıçam / Sofulu - 3+1,20000
Sarıçam / Mehmet Akif Ersoy - 2+1,20000
Seyhan / Mavibulvar/Yurt - 1+1,20000
Sarıçam / Sofulu - 1+1,20000
Ceyhan / Emek - 4+1,19500
Seyhan / Yenibaraj - 1+1,20000
Seyhan / Ziyapaşa - 1+1,19990
Seyhan / Yenibaraj - 2+1,20500
Çukurova / Beyazevler - 1+1,20000
Sarıçam / Mehmet Akif Ersoy - 2+1,20500
Çukurova / Merkez - 1+1,19500
Çukurova / Merkez - 3+1,20000
Seyhan / Gürselpaşa - Stüdyo (1+0),19000
Çukurova / Beyazevler - 1+1,19000
Çukurova / Köyler - 3+1,19000
Seyhan / 2000 Evler - 3+1,19000
Çukurova / Beyazevler - 1+1,20000
Çukurova / Beyazevler - 2+1,20000
Çukurova / Huzurevleri - 2+1,20000
Yumurtalık - 1+1,20000
Seyhan / Fevzipaşa - 2+1,20000
Seyhan / Emek - 2+1,20000
Kozan / Merkez - 4+1,20000
Sarıçam - 3+1,19999
Çukurova / Huzurevleri - 2+1,20500
Sarıçam / Sofulu - 3+1,20500
Seyhan / Mavibulvar/Yurt - 3+1,19500
Seyhan / Denizli - 2+1,20000
Sarıçam / Sofulu - 1+1,20000
Çukurova / Beyazevler - 1+1,19000
Sarıçam / Sofulu - 1+1,19800
Sarıçam / Mehmet Akif Ersoy - 1+1,19000
Sarıçam - 2+1,20000
Seyhan / Yeşilyurt - 2+1,20000
Sarıçam / Yıldırım Beyazıt - 3+1,20000
Çukurova / Köyler - 3+1,19000
Seyhan / Gürselpaşa - 2+1,20000
Seyhan / Ziyapaşa - 3+1,20000
Çukurova / Mahfesığmaz - 3+1,20750
Seyhan / Mavibulvar/Yurt - 1+1,20000
Sarıçam - 2+1,20300
Ceyhan / Namıkkemal - 3+1,20000
Ceyhan / Emek - 3+1,20000
Sarıçam - 3+1,20000
Çukurova / Merkez - 3+1,20500
Seyhan / Yeşilyurt - 1+1,20000
Sarıçam - 4+1,20000
Kozan / Merkez - 2+1,20000
Seyhan / Gazipaşa - 1+1,20000
Çukurova / Yurt - 1+1,20000
Çukurova / Beyazevler - 1+1,19500
Seyhan / Merkez - 3+1,20500
Ceyhan / Namıkkemal - 3+1,20000
Çukurova / Beyazevler - 3+1,20000
Sarıçam - 1+1,20000
Kozan / Çarşı - 3+1,19000
Seyhan / Yeşilyurt - 3+1,20000
Çukurova / Yurt - 3+1,20000
Seyhan / Gürselpaşa - 1+1,19500
Sarıçam / Mehmet Akif Ersoy - 2+1,20000
Sarıçam / Mehmet Akif Ersoy - 1+1,20500
Sarıçam - 3+1,20000
Çukurova / Merkez - 3+1,20000
Seyhan / Gürselpaşa - 1+1,19500
Yüreğir / Kiremithane - 3+1,20000
Sarıçam / Sofulu - 1+1,20000
Sarıçam / Sofulu - 1+1,19000
Seyhan / Ziyapaşa - 1+1,20000
Seyhan / Yeşilyurt - 1+1,19500
Seyhan / Zincirlibağlar - 3+1,20000
Seyhan / Gazipaşa - 1+1,20000
Sarıçam / Köyler - 1+1,19000
Çukurova / Merkez - 3+1,20000
Seyhan / Yeşilyurt - 1+1,19000
Çukurova / Mahfesığmaz - 3+1,20000
Çukurova / Beyazevler - 3+1,20000
Sarıçam - 2+1,20000
Seyhan / Hükümet - 3+1,20000
Seyhan / Mavibulvar/Yurt - 1+1,20500
Çukurova / Mahfesığmaz - 1+1,20000
Çukurova / Merkez - 3+0,20000
Sarıçam - 2+1,19500
Seyhan / Zincirlibağlar - 3+1,20000
Çukurova / Mahfesığmaz - 2+1,19000
Çukurova / Beyazevler - 1+1,20000
Sarıçam - 1+1,20000
Çukurova / Huzurevleri - 2+1,20000
Yumurtalık - 3+1,19000
Çukurova / Köyler - 2+1,19500
Çukurova / Merkez - 2+1,19000
Çukurova / Huzurevleri - 1+1,19000
Sarıçam / Yıldırım Beyazıt - 3+1,20000
Seyhan / Yenibaraj - 1+1,19950
Seyhan / Mavibulvar/Yurt - 3+1,20000
Çukurova / Merkez - 1+1,20500
Sarıçam - 1+1,20000
Sarıçam - 1+1,20000
Çukurova / Huzurevleri - 2+1,20000
Seyhan / Yeşilyurt - 3+1,19000
Sarıçam / Mehmet Akif Ersoy - 3+1,20000
Çukurova / Mahfesığmaz - 1+1,19950
Seyhan / Ziyapaşa - 1+1,19250
Çukurova / Merkez - 1+1,19000
Seyhan / Ziyapaşa - 2+1,20000
Çukurova / Mahfesığmaz - 1+1,19000
Sarıçam - 2+1,20000
Çukurova / Mahfesığmaz - 3+1,20000
Sarıçam / Sofulu - 1+1,20000
Çukurova / Huzurevleri - 2+1,20000
Seyhan / Gazipaşa - 2+1,19000
Seyhan / Mavibulvar/Yurt - 3+1,19000
Çukurova / Huzurevleri - 3+1,20500
Seyhan / Zincirlibağlar - 1+1,20000
Sarıçam / Mehmet Akif Ersoy - 2+1,20000
Sarıçam / Mehmet Akif Ersoy - 2+1,20000
Sarıçam / Sofulu - 3+1,19000
Sarıçam / Sofulu - 1+1,20000
Kozan / Köyler - 4+1,20000
Çukurova / Huzurevleri - 2+1,20000
Seyhan / Ziyapaşa - 1+1,19000
Seyhan / Ziyapaşa - 1+1,20000
Sarıçam / Mehmet Akif Ersoy - 2+1,19500
Seyhan / Yeşilyurt - 1+1,19000
Seyhan / Denizli - 2+1,20000
Sarıçam - 1+1,20000
Sarıçam - 2+1,20000
Sarıçam - 1+1,20000
Sarıçam / Yıldırım Beyazıt - 2+1,19000
Çukurova / Beyazevler - 3+1,19000
Seyhan / Ziyapaşa - 3+1,20000
Seyhan / Gürselpaşa - 1+1,19400
Çukurova / Mahfesığmaz - 3+1,19000
Çukurova / Beyazevler - 2+1,20000
Sarıçam / Mehmet Akif Ersoy - 1+1,19000
Seyhan / Zincirlibağlar - 3+1,19500
Seyhan / Yenibaraj - 3+1,20000
Çukurova / Merkez - 2+1,20000
Sarıçam - 2+1,20500
Çukurova / Merkez - 3+1,19500
Sarıçam - 1+1,20000
Çukurova / Beyazevler - 1+1,19000
Seyhan / Mavibulvar/Yurt - 3+1,19950
Seyhan / Zincirlibağlar - 3+1,20000
Seyhan / Ziyapaşa - 3+1,19500
Sarıçam - 2+1,20000
Kozan / Köyler - 4+1,20000
Seyhan / Zincirlibağlar - 2+1,20000
Çukurova / Mahfesığmaz - 1+1,20000
Yüreğir / Kiremithane - 3+1,20000
Sarıçam / Sofulu - 2+1,20000
Yumurtalık - 2+1,20000
Seyhan / Ziyapaşa - 3+1,19000
Sarıçam / Köyler - 4+1,20000
Sarıçam - 1+1,20000
Seyhan / Ziyapaşa - 1+1,20000
Sarıçam / Mehmet Akif Ersoy - 1+1,20000
Seyhan / Zincirlibağlar - 2+1,20000
Çukurova / Huzurevleri - 3+1,19500
Seyhan / Yeşilyurt - 1+1,19500
Sarıçam - 1+1,20500
Çukurova / Köyler - 2+1,20000
Çukurova / Mahfesığmaz - 1+1,19000
Sarıçam - 1+1,20000
Seyhan / Ziyapaşa - 1+1,20000
Sarıçam / Mehmet Akif Ersoy - 3+1,19500
Seyhan / Merkez - 2+1,20000
Sarıçam - 1+1,20000
Çukurova / Köyler - 3+1,19000
Çukurova / Huzurevleri - 2+1,20500
Çukurova / Beyazevler - 1+1,20000
Kozan / Çarşı - 3+1,19500
Sarıçam / Mehmet Akif Ersoy - 1+1,19000
Yüreğir / Havutlu - 3+1,19000
Seyhan / Ziyapaşa - 2+1,19000
Çukurova / Beyazevler - 3+1,19000
Sarıçam - 1+1,20000
Yüreğir / Kiremithane - 2+1,20000
Seyhan / Yeşilyurt - 1+1,19500
Sarıçam / Mehmet Akif Ersoy - 3+1,20000
Çukurova / Yurt - 3+1,20000
Çukurova / Mahfesığmaz - 2+1,20000
Seyhan / Ziyapaşa - 1+1,20000
Çukurova / Beyazevler - 1+1,20000
Çukurova / Merkez - 3+1,20000
Seyhan / Mavibulvar/Yurt - 1.5+1,19500
Seyhan / Yeşilevler - 4+1,19000
Seyhan / Mavibulvar/Yurt - 3+1,19000
Çukurova / Merkez - 3+1,20000
Yüreğir / Pttevleri - 2+1,20000
Çukurova / Mahfesığmaz - 1+1,20000
Seyhan / Yenibaraj - 1+1,20000
Çukurova / Merkez - 2+1,20500
Seyhan / Yeşilevler - 2+1,19000
Çukurova / Beyazevler - 1+1,19000
Çukurova / Huzurevleri - 2+1,20000
Çukurova / Mahfesığmaz - 3+1,19000
Kozan / Merkez - 2+1,20000
Sarıçam / Sofulu - 3+1,19999
Çukurova / Köyler - 3+1,19000
Çukurova / Beyazevler - 1+1,19500
Sarıçam - 2+1,20000
Sarıçam / Sofulu - 1+1,19950
Sarıçam / Mehmet Akif Ersoy - 2+1,19500
Sarıçam - 1+1,20000
Çukurova / Beyazevler - 1+1,20000
Seyhan / Yenibaraj - 1+1,20000
Seyhan / Emekevler - 2+1,19000
Seyhan / Ziyapaşa - 1+1,19000
Çukurova / Mahfesığmaz - 3+1,20500
Çukurova / Merkez - 2+1,20000
Sarıçam / Köyler - 2+1,20000
Seyhan / Yenibaraj - 1+1,19500
Seyhan / Denizli - 1+1,19000
Çukurova / Yurt - 3+1,20500
Çukurova / Beyazevler - 1+1,19950
Çukurova / Mahfesığmaz - 3+1,20000
Seyhan / Ziyapaşa - 1+1,20000
Çukurova / Huzurevleri - 2+1,20000
Sarıçam / Sofulu - 3+1,20000
Sarıçam / Mehmet Akif Ersoy - 3+1,19500
Seyhan / 2000 Evler - 3+1,20000
Çukurova / Merkez - 3+1,20000
Çukurova / Huzurevleri - 3+1,20000
Sarıçam - 2+1,19000
Seyhan / Gürselpaşa - 3+1,20000
Seyhan / Mavibulvar/Yurt - 2+1,20000
Seyhan / Mavibulvar/Yurt - 1+1,19000
Sarıçam / Mehmet Akif Ersoy - 1+1,19000
Sarıçam / Sofulu - 2+1,19000
Ceyhan / Namıkkemal - 4+1,19500
Sarıçam - 3+1,19000
Seyhan / Ziyapaşa - 3+1,19000
Çukurova / Merkez - 2+1,20000
Seyhan / Ziyapaşa - 3+1,20000
Seyhan / Emekevler - 2+1,20000
Ceyhan / Türlübaş - 3+1,20000
Seyhan / Denizli - 3+1,20000
Sarıçam - 3+1,19000
Sarıçam / Sofulu - 2+1,20000
Seyhan / Yeşilyurt - 3+1,19000
Sarıçam / Sofulu - 3+1,20500
Çukurova / Merkez - 3+1,20000
Ceyhan / Namıkkemal - 3+1,19000
Sarıçam / Sofulu - 1+1,19250
Çukurova / Beyazevler - 1+1,19000
Seyhan / Yeşilyurt - 3+1,19500
Seyhan / Gürselpaşa - 1+1,19000
Seyhan / Yenibaraj - 1+1,20000
Sarıçam - 4+1,19000
Ceyhan / Emek - 3+1,20000
Çukurova / Huzurevleri - 1+1,20000
Seyhan / Mavibulvar/Yurt - 3+1,20000
Seyhan / Ziyapaşa - 3+1,20500
Seyhan / Yenibaraj - 1+1,20000
Seyhan / Mavibulvar/Yurt - 2+1,19000
Sarıçam - 1+1,20000
Sarıçam / Mehmet Akif Ersoy - 3+1,20000
Sarıçam - 1+1,19000
Seyhan / Yenibaraj - 2+1,20000
Seyhan / Yeşilyurt - 3+1,20000
Sarıçam / Sofulu - 2+1,20000
Çukurova / Mahfesığmaz - 3+1,20000
Seyhan / Yeşilyurt - 2+1,19250
Sarıçam - 2+1,19000
Sarıçam / Sofulu - 1+1,20500
Ceyhan / Namıkkemal - 2+1,20000
Seyhan / Mavibulvar/Yurt - 2+1,20000
Çukurova / Mahfesığmaz - 1+1,20000
Seyhan / Yenibaraj - 1+1,19000
Çukurova / Mahfesığmaz - 3+1,20000
Seyhan / Yeşilyurt - 1+1,20000
Seyhan / Gazipaşa - 1+1,20000
Ceyhan / Namıkkemal - 3+1,19500
Seyhan / Ziyapaşa - 2+1,19000
Sarıçam / Sofulu - 3+1,20500
Sarıçam - 2+1,20000
Sarıçam - 1+1,19000
Çukurova / Mahfesığmaz - 1+1,20000
Seyhan / Denizli - 2+1,20000
Ceyhan / Namıkkemal - 2+1,19500
Sarıçam / Sofulu - 3+1,20000
Seyhan / Denizli - 2+1,20500
Seyhan / Mavibulvar/Yurt - 3+1,20000
Seyhan / Gürselpaşa - 1+1,19500
Çukurova / Huzurevleri - 1+1,19500
Yumurtalık - 2+1,20000
Seyhan / Yeşilyurt - 2+1,20500
Çukurova / Beyazevler - 1+1,19000
Çukurova / Mahfesığmaz - 2+1,19000
Çukurova / Beyazevler - 2+1,20000
Çukurova / Huzurevleri - 2+1,20000
Çukurova / Köyler - 2+1,20000
Yüreğir / Karşıyaka - 2+1,19000
Çukurova / Beyazevler - 1+1,19000
Seyhan / Yenibaraj - 1+1,20000
Sarıçam - 2+1,19000
Sarıçam - 1+1,20000
Sarıçam - 4+1,20000
Sarıçam / Mehmet Akif Ersoy - 1+1,19000
Sarıçam / Sofulu - 3+1,20500
Çukurova / Huzurevleri - 2+1,20500
Yüreğir / Kazım Karabekir - 2+1,19000
Çukurova / Mahfesığmaz - 1+1,20500
Sarıçam / Sofulu - 3+1,20000
Çukurova / Merkez - 3+1,20500
Sarıçam - 2+1,20000
Çukurova / Köyler - 2+1,20000
Seyhan / Fevzipaşa - 3+1,20000
Çukurova / Beyazevler - 1+1,19000
Çukurova / Beyazevler - 1+1,19000
Sarıçam - 3+1,19000
Çukurova / Beyazevler - 2.5+1,19500
Çukurova / Huzurevleri - 2+1,20500
Sarıçam - 4+1,20000
Çukurova / Mahfesığmaz - 2+1,20500
Sarıçam / Sofulu - 2+1,20000
Seyhan / Denizli - 2+1,19000
Sarıçam - 2+1,20000
Seyhan / Merkez - 3+1,19000
Sarıçam - 4+1,19995
Seyhan / Ziyapaşa - 1+1,20000
Seyhan / Gürselpaşa - 1+1,20000
Çukurova / Mahfesığmaz - 1+1,20500
Çukurova / Mahfesığmaz - 3+1,19500
Seyhan / Zincirlibağlar - 2+1,20000
Sarıçam / Sofulu - 1+1,20000
Sarıçam / Sofulu - 1+1,20000
Seyhan / Mavibulvar/Yurt - 3+1,19000
Seyhan / Yeşilyurt - 3+1,20000
Çukurova / Beyazevler - 1+1,20000
Yüreğir / Yavuzlar - 2+1,19000
Seyhan / Yeşilyurt - 1+1,20000
Çukurova / Mahfesığmaz - 3+1,20000
Yumurtalık - 2+1,20000
Çukurova / Beyazevler - 1+1,20950
Yumurtalık - 3+1,19000
Sarıçam / Sofulu - 1+1,20000
Sarıçam / Mehmet Akif Ersoy - 3+1,19000
Sarıçam / Mehmet Akif Ersoy - 2+1,19500
Sarıçam - 2+1,19000
Sarıçam - 3+1,20500
Seyhan / Yenibaraj - 1+1,19000
Sarıçam / Sofulu - 1+1,20000
Sarıçam - 3+1,20000
Sarıçam - 1+1,19999
Çukurova / Beyazevler - 1+1,20000
Sarıçam - 1+1,19500
Çukurova / Beyazevler - 1+1,19950
Çukurova / Beyazevler - 1+1,19000
Seyhan / Yenibaraj - 1+1,20000
Yüreğir / Pttevleri - 2+1,19000
Seyhan / Yenibaraj - 1+1,19000
Seyhan / Yenibaraj - 1+1,19000
Sarıçam / Sofulu - 2.5+1,20000
Sarıçam - 1+1,20000
Sarıçam - 1+1,19995
Sarıçam / Sofulu - 1+1,20000
Sarıçam - 3+1,19500
Çukurova / Beyazevler - 1+1,19950
Sarıçam - 1+1,19000
Seyhan / Ziyapaşa - 1+1,19950
Sarıçam - 1+1,20000
Sarıçam - 1+1,20000
Seyhan / Ziyapaşa - 1+1,19000
Çukurova / Mahfesığmaz - 1+1,22500
Seyhan / Yenibaraj - 1+1,22000
Çukurova / Beyazevler - 1+1,22000
Sarıçam - 3+1,23750
Çukurova / Merkez - 2+1,23000
Yüreğir / Pttevleri - 2+1,22500
Sarıçam / Sofulu - 1+1,23000
Seyhan / Gürselpaşa - 2+1,23500
Seyhan / Fevzipaşa - 2+1,23000
Çukurova / Merkez - 3+1,23500
Sarıçam - 3+1,23000
Seyhan / Denizli - 1+1,22500
Çukurova / Beyazevler - 1+1,23000
Sarıçam - 2+1,21000
Seyhan / 2000 Evler - 1+1,22000
Seyhan / Ziyapaşa - 2+1,21000
Seyhan / Mavibulvar/Yurt - 3+1,22000
Çukurova / Huzurevleri - 2+1,22500
Çukurova / Huzurevleri - 2+1,21999
Çukurova / Mahfesığmaz - 1+1,21000
Çukurova / Mahfesığmaz - 1+1,22000
Yüreğir / Yavuzlar - 3+1,21000
Çukurova / Merkez - 3+1,22500
Seyhan / Mavibulvar/Yurt - 3+1,22000
Seyhan / Yeşilyurt - 3+1,21000
Çukurova / Mahfesığmaz - 3+1,21000
Seyhan / Mavibulvar/Yurt - 2+1,22000
Seyhan / Zincirlibağlar - 1+1,22500
Çukurova / Huzurevleri - 2+1,22000
Seyhan / Denizli - 2+1,23000
Çukurova / Merkez - 1+1,23750
Sarıçam / Mehmet Akif Ersoy - 2+1,23000
Sarıçam - 3+1,21000
Sarıçam / Mehmet Akif Ersoy - 3+1,22000
Sarıçam / Sofulu - 3+1,22000
Çukurova / Beyazevler - 1+1,23000
Sarıçam / Sofulu - 1+1,22500
Sarıçam / Sofulu - 3+1,23000
Seyhan / Gazipaşa - 3+1,23000
Seyhan / Emekevler - 2+1,21000
Seyhan / Yenibaraj - 1+1,23950
Seyhan / Gürselpaşa - 3+1,22500
Yüreğir / Pttevleri - 3+1,22000
Sarıçam - 2+1,21000
Çukurova / Beyazevler - 1+1,22000
Çukurova / Mahfesığmaz - 2+1,23000
Çukurova / Huzurevleri - 2+1,21000
Çukurova / Merkez - 2+1,23500
Çukurova / Mahfesığmaz - 2+1,23000
Ceyhan / Sanayi - 3+1,22500
Seyhan / Gürselpaşa - 3+1,21000
Seyhan / Yeşilyurt - 2+1,21000
Sarıçam / Sofulu - 3+1,21500
Sarıçam / Yıldırım Beyazıt - 3+1,22500
Çukurova / Beyazevler - 1+1,23000
Çukurova / Köyler - 3+1,21000
Sarıçam - 3+1,23000
Seyhan / Denizli - 2+1,21000
Yumurtalık - 3+1,21000
Sarıçam - 2+1,22500
Çukurova / Merkez - 2+1,22000
Çukurova / Mahfesığmaz - 1+1,22000
Çukurova / Merkez - 3+1,23000
Seyhan / Yeşilyurt - 2+1,22000
Çukurova / Merkez - 3+1,23500
Ceyhan / Namıkkemal - 3+1,23500
Çukurova / Beyazevler - 1+1,21000
Çukurova / Huzurevleri - 3+1,23000
Çukurova / Mahfesığmaz - 2+1,23000
Çukurova / Beyazevler - 1+1,21000
Seyhan / Gazipaşa - 2+1,23500
Seyhan / Gürselpaşa - 2+1,21000
Seyhan / Mavibulvar/Yurt - 3+1,22000
Seyhan / Yeşilyurt - 3+1,21000
Seyhan / Emekevler - 2+1,22000
Sarıçam / Mehmet Akif Ersoy - 2+1,22000
Yüreğir / Yavuzlar - 1+1,22000
Sarıçam / Mehmet Akif Ersoy - 3+1,22000
Sarıçam - 1+1,22000
Seyhan / Gürselpaşa - 3+1,21000
Çukurova / Huzurevleri - 1+1,23000
Sarıçam - 1+1,22500
Seyhan / Yenibaraj - 1+1,22000
Sarıçam / Mehmet Akif Ersoy - 3+1,22000
Yüreğir / Pttevleri - 2+1,22000
Çukurova / Beyazevler - 1+1,22500
Seyhan / Yeşilyurt - 3+1,22000
Sarıçam / Köyler - 3+1,23000
Sarıçam - 4+1,23000
Sarıçam - 2+1,21000
Çukurova / Mahfesığmaz - 3+1,22500
Çukurova / Huzurevleri - 2+1,23000
Seyhan / Merkez - 2+1,22000
Sarıçam / Sofulu - 2+1,22000
Seyhan / Denizli - 1+1,21500
Seyhan / Emek - 4+1,22000
Sarıçam - 3+1,21000
Çukurova / Beyazevler - 1+1,22000
Seyhan / Gazipaşa - 1+1,22000
Çukurova / Mahfesığmaz - 1+1,22750
Çukurova / Huzurevleri - 2+1,23500
Yüreğir / Pttevleri - 2+1,23000
Ceyhan / Emek - 1+1,21000
Yüreğir / Keresteciler - 3+1,22000
Sarıçam - 1+1,22249
Seyhan / Gürselpaşa - 1+1,23500
Seyhan / 2000 Evler - 1+1,21500
Çukurova / Beyazevler - 1+1,22500
Sarıçam / Sofulu - 3+1,22000
Çukurova / Köyler - 2+1,22500
Sarıçam / Sofulu - 1+1,21000
Ceyhan / Çarşı - 2+1,21000
Çukurova / Mahfesığmaz - 1+1,22000
Seyhan / Mavibulvar/Yurt - 1+1,22500
Seyhan / Gürselpaşa - 3+1,23000
Seyhan / Denizli - 1+1,21000
Çukurova / Huzurevleri - 2+1,21000
Seyhan / 2000 Evler - 1+1,22500
Çukurova / Beyazevler - 3+1,23000
Sarıçam - 1+1,22000
Sarıçam / Mehmet Akif Ersoy - 3+1,21000
Seyhan / Fevzipaşa - 2+1,22000
Yüreğir / Keresteciler - 3+1,23000
Çukurova / Merkez - 2+1,22500
Çukurova / Huzurevleri - 1+1,21500
Yüreğir / Pttevleri - 2+1,22000
Çukurova / Merkez - 4+1,21000
Seyhan / Mavibulvar/Yurt - 1+1,22000
Karataş - 3+1,22000
Çukurova / Mahfesığmaz - 1+1,22500
Seyhan / Mavibulvar/Yurt - 2+1,23500
Seyhan / Yeşilevler - 2+1,22500
Sarıçam - 1+1,22000
Sarıçam - 3+1,21000
Çukurova / Merkez - 2+1,22000
Sarıçam / Mehmet Akif Ersoy - 3+1,23500
Sarıçam - 3+1,21000
Seyhan / Mavibulvar/Yurt - 3+1,23000
Çukurova / Huzurevleri - 2+1,21000
Sarıçam - 2+1,23000
Ceyhan / Emek - 2+1,22000
Seyhan / Mavibulvar/Yurt - 1+1,23000
Sarıçam - 1+1,23000
Çukurova / Huzurevleri - 2+1,22500
Çukurova / Beyazevler - 3+1,23000
Sarıçam / Köyler - 4+1,22000
Seyhan / Denizli - 2+1,22950
Seyhan / Gürselpaşa - 2+1,21500
Çukurova / Mahfesığmaz - 3+1,21500
Seyhan / Ziyapaşa - 2+1,21750
Çukurova / Köyler - 2+1,22500
Çukurova / Merkez - 2+1,23000
Seyhan / Fevzipaşa - 2+1,23000
Çukurova / Mahfesığmaz - 3+1,23000
Sarıçam - 1+1,21000
Seyhan / Merkez - 2+1,21000
Yüreğir / Pttevleri - 2+1,22000
Seyhan / Ziyapaşa - 3+1,23000
Çukurova / Huzurevleri - 2+1,22000
Seyhan / Yeşilyurt - 2+1,22000
Ceyhan / Türlübaş - 2+1,21000
Çukurova / Merkez - 3+1,22500
Çukurova / Mahfesığmaz - 3+1,23500
Seyhan / Gürselpaşa - 2+1,23000
Çukurova / Mahfesığmaz - 3+1,23500
Seyhan / Denizli - 2+1,23000
Seyhan / Gürselpaşa - 2+1,23000
Çukurova / Merkez - 2+1,22000
Çukurova / Mahfesığmaz - 3+1,23000
Çukurova / Beyazevler - 1+1,23000
Seyhan / Mavibulvar/Yurt - 2+1,22000
Çukurova / Mahfesığmaz - 1+1,22000
Sarıçam / Sofulu - 1+1,21000
Çukurova / Huzurevleri - 2+1,23000
Seyhan / Mavibulvar/Yurt - 1+1,21999
Seyhan / Yeşilevler - 2+1,22000
Çukurova / Merkez - 3+1,22000
Seyhan / Yenibaraj - 2+1,21000
Çukurova / Mahfesığmaz - 1+1,23000
Sarıçam / Sofulu - 3+1,22000
Seyhan / Mavibulvar/Yurt - 3+1,23000
Seyhan / Gürselpaşa - 2+1,21000
Çukurova / Merkez - 3+1,21000
Çukurova / Huzurevleri - 2+1,21000
Sarıçam / Mehmet Akif Ersoy - 2+1,23000
Seyhan / Yenibaraj - 3+1,23000
Çukurova / Huzurevleri - 2+1,22500
Seyhan / Zincirlibağlar - 2+1,23500
Yüreğir / Yavuzlar - 2+1,22000
Seyhan / Denizli - 3+1,21000
Seyhan / Zincirlibağlar - 2+1,23000
Çukurova / Mahfesığmaz - 3+1,21000
Sarıçam - 1+1,22000
Çukurova / Huzurevleri - 3+1,23000
Seyhan / Yeşilyurt - 3+1,22750
Seyhan / Yenibaraj - 3+1,23000
Seyhan / Mavibulvar/Yurt - 1+1,21000
Seyhan / Gürselpaşa - 2+1,23000
Sarıçam / Yıldırım Beyazıt - 3+1,21000
Sarıçam - 3+1,23000
Sarıçam - 1+1,22000
Ceyhan / Namıkkemal - 2+1,23000
Sarıçam - 4+1,21750
Çukurova / Mahfesığmaz - 3+1,22950
Sarıçam / Sofulu - 3+1,21500
Çukurova / Beyazevler - 1+1,22000
Seyhan / Denizli - 3+1,22000
Çukurova / Huzurevleri - 2+1,23500
Sarıçam / Mehmet Akif Ersoy - 3+1,21000
Çukurova / Beyazevler - 3+1,23000
Çukurova / Mahfesığmaz - 2+1,23000
Seyhan / 2000 Evler - 3+1,21000
Çukurova / Mahfesığmaz - 1+1,22000
Seyhan / Yeşilevler - 2+1,22500
Yüreğir / Pttevleri - 2+1,21000
Çukurova / Huzurevleri - 2+1,23500
Sarıçam / Sofulu - 4+1,22000
Yüreğir / Pttevleri - 3+1,22500
Çukurova / Huzurevleri - 2+1,23000
Seyhan / Mavibulvar/Yurt - 1+1,23000
Seyhan / Gürselpaşa - 2+1,22500
Seyhan / Gürselpaşa - 2+1,22999
Yumurtalık - 3+1,23000
Çukurova / Merkez - 3+1,22000
Sarıçam / Sofulu - 1+1,22000
Sarıçam - 1+1,22000
Çukurova / Huzurevleri - 3+1,21000
Sarıçam - 3+1,23000
Çukurova / Mahfesığmaz - 1+1,23500
Çukurova / Huzurevleri - 3+1,23999
Seyhan / Yeşilyurt - 2+1,21500
Çukurova / Beyazevler - 1+1,21000
Seyhan / Gürselpaşa - 1+1,22000
Seyhan / Denizli - 2+1,22000
Seyhan / Yeşilevler - 2+1,23000
Seyhan / Mavibulvar/Yurt - 2+1,23000
Seyhan / Mavibulvar/Yurt - 2+1,22500
Seyhan / 2000 Evler - 1+1,23000
Seyhan / Yenibaraj - 1+1,23000
Yüreğir / Yavuzlar - 3+1,22000
Sarıçam / Mehmet Akif Ersoy - 1+1,22000
Çukurova / Huzurevleri - 2+1,23000
Çukurova / Yurt - 3+1,23000
Yumurtalık - 3+1,22000
Yüreğir / Yavuzlar - 2+1,22500
Çukurova / Mahfesığmaz - 3+1,23000
Çukurova / Yurt - 1+1,22000
Seyhan / Denizli - 3+1,21500
Çukurova / Merkez - 1+1,21500
Çukurova / Merkez - 3+1,23000
Çukurova / Merkez - 3+1,21500
Çukurova / Merkez - 3+1,21999
Çukurova / Huzurevleri - 2+1,23000
Seyhan / Yeşilyurt - 2+1,22000
Yüreğir / Pttevleri - 3+1,23000
Seyhan / Mavibulvar/Yurt - 3+1,23500
Çukurova / Mahfesığmaz - 3+1,22500
Çukurova / Mahfesığmaz - 1+1,23000
Seyhan / Denizli - 2+1,23000
Seyhan / Yeşilyurt - 1+1,21250
Çukurova / Mahfesığmaz - 1+1,23500
Seyhan / Yenibaraj - 1+1,23750
Çukurova / Beyazevler - 1+1,22000
Sarıçam / Sofulu - 1+1,22000
Çukurova / Merkez - 3+1,22750
Yüreğir / Keresteciler - 2+1,21000
Sarıçam - 1+1,22000
Çukurova / Mahfesığmaz - 3+1,21000
Çukurova / Merkez - 2+1,23000
Çukurova / Mahfesığmaz - 1+1,21000
Sarıçam - 3+1,23990
Çukurova / Mahfesığmaz - 3+1,23000
Seyhan / Yeşilyurt - 1+1,21250
Seyhan / Merkez - 1+1,22000
Çukurova / Beyazevler - 1+1,23000
Çukurova / Huzurevleri - 2+1,22000
Seyhan / Gürselpaşa - 1+1,22500
Çukurova / Beyazevler - 1+1,23000
Seyhan / Ziyapaşa - 3+1,22500
Çukurova / Köyler - 3+1,22000
Çukurova / Beyazevler - 1+1,23000
Sarıçam - 3+1,23000
Çukurova / Merkez - 2+1,21000
Çukurova / Huzurevleri - 2+1,23000
Sarıçam / Mehmet Akif Ersoy - 3+1,21000
Çukurova / Huzurevleri - 3+1,22000
Çukurova / Merkez - 2+1,22000
Çukurova / Beyazevler - 1+1,22000
Seyhan / Zincirlibağlar - 3+1,22000
Çukurova / Merkez - 2+1,21500
Çukurova / Mahfesığmaz - 3+1,21750
Seyhan / Gürselpaşa - 1+1,22000
Seyhan / Yenibaraj - 1+1,23000
Sarıçam - 3+1,23500
Sarıçam - 3+1,22500
Seyhan / Merkez - 2+1,21000
Sarıçam / Mehmet Akif Ersoy - 3+1,22000
Çukurova / Mahfesığmaz - 3+1,22000
Çukurova / Beyazevler - 1+1,23000
Çukurova / Huzurevleri - 2+1,21000
Sarıçam / Mehmet Akif Ersoy - 2+1,22000
Sarıçam / Sofulu - 3+1,23000
Çukurova / Mahfesığmaz - 2+1,23000
Seyhan / Zincirlibağlar - 3+1,22000
Sarıçam - 2+1,23000
Çukurova / Beyazevler - 1+1,21000
Ceyhan / Sanayi - 4+1,21000
Çukurova / Mahfesığmaz - 1+1,23000
Seyhan / Yeşilyurt - 3+1,22500
Yumurtalık - 1+1,21000
Sarıçam - 1+1,22000
Çukurova / Köyler - 2+1,22500
Çukurova / Huzurevleri - 2+1,21000
Çukurova / Köyler - 2+1,22000
Seyhan / Zincirlibağlar - 3+1,22500
Çukurova / Merkez - 3+1,22000
Sarıçam - 2+1,22500
Ceyhan / Sanayi - 3+1,23000
Sarıçam - 3+1,22000
Sarıçam / Sofulu - 3+1,21000
Seyhan / Mavibulvar/Yurt - 3+1,23000
Seyhan / Gürselpaşa - 2+1,23000
Seyhan / Yenibaraj - 2+1,23000
Seyhan / Gazipaşa - 2+1,22000
Çukurova / Huzurevleri - 3+1,22000
Çukurova / Köyler - 2+1,22000
Seyhan / Mavibulvar/Yurt - 2+1,22000
Seyhan / Denizli - 2+1,23000
Seyhan / Merkez - 1+1,22000
Çukurova / Mahfesığmaz - 1+1,22000
Seyhan / Zincirlibağlar - 3+1,23000
Çukurova / Beyazevler - 1+1,22500
Seyhan / Gazipaşa - 2+1,22500
Seyhan / Mavibulvar/Yurt - 3+1,21000
Çukurova / Huzurevleri - 4+1,21250
Seyhan / Merkez - 1+1,21500
Sarıçam - 1+1,22000
Sarıçam / Sofulu - 2+1,23000
Çukurova / Merkez - 3+1,21500
Çukurova / Mahfesığmaz - 3+1,21000
Çukurova / Mahfesığmaz - 1+1,22000
Çukurova / Mahfesığmaz - 1.5+1,21500
Çukurova / Merkez - 3+1,21500
Sarıçam / Mehmet Akif Ersoy - 3+1,21000
Sarıçam / Mehmet Akif Ersoy - 3+1,23000
Çukurova / Huzurevleri - 1+1,21000
Seyhan / Ziyapaşa - 3+1,21000
Seyhan / Emekevler - 2+1,21000
Çukurova / Mahfesığmaz - 3+1,23000
Seyhan / Yenibaraj - 3+1,23000
Seyhan / Zincirlibağlar - 1+1,23000
Seyhan / Ziyapaşa - 3+1,22000
Seyhan / Mavibulvar/Yurt - 2+1,23000
Sarıçam / Sofulu - 3+1,21250
Çukurova / Beyazevler - 1+1,22500
Çukurova / Huzurevleri - 2+1,22000
Çukurova / Huzurevleri - 2+1,23500
Ceyhan / Türlübaş - 1+1,21000
Seyhan / 2000 Evler - 1+1,23000
Seyhan / Yenibaraj - 1+1,22000
Seyhan / Yenibaraj - 1+1,21000
Sarıçam - 1+1,22000
Seyhan / Denizli - 1+1,22500
Çukurova / Huzurevleri - 3+1,22000
Çukurova / Huzurevleri - 1+1,22500
Seyhan / Zincirlibağlar - 3+1,23000
Çukurova / Mahfesığmaz - 1+1,22000
Sarıçam / Mehmet Akif Ersoy - 3+1,23000
Seyhan / Denizli - 2+1,23000
Çukurova / Merkez - 3+1,21000
Çukurova / Mahfesığmaz - 2+1,22500
Çukurova / Köyler - 2+1,21000
Sarıçam - 2+1,21000
Çukurova / Mahfesığmaz - 3+1,22000
Çukurova / Beyazevler - 3+1,23000
Seyhan / Yenibaraj - 2+1,22950
Seyhan / Gürselpaşa - 1+1,22000
Seyhan / Gürselpaşa - 2+1,23999
Seyhan / Yenibaraj - 1+1,21000
Sarıçam / Mehmet Akif Ersoy - 3+1,21000
Sarıçam - 2+1,22000
Seyhan / Mavibulvar/Yurt - 2+1,22000
Seyhan / Gürselpaşa - 2+1,22000
Çukurova / Mahfesığmaz - 3+1,23000
Çukurova / Huzurevleri - 3+1,23500
Seyhan / Mavibulvar/Yurt - 2+1,22000
Seyhan / Yenibaraj - 1+1,23000
Çukurova / Huzurevleri - 3+1,21000
Çukurova / Mahfesığmaz - 1+1,22750
Çukurova / Beyazevler - 3+1,22500
Seyhan / 2000 Evler - 3+1,23000
Çukurova / Mahfesığmaz - 1+1,22000
Sarıçam / Mehmet Akif Ersoy - 3+1,21000
Seyhan / Mavibulvar/Yurt - 1+1,22500
Seyhan / Denizli - 3+1,21000
Seyhan / 2000 Evler - 2+1,23500
Çukurova / Merkez - 3+1,22000
Seyhan / Zincirlibağlar - 2+1,23500
Sarıçam / Mehmet Akif Ersoy - 3+1,22000
Sarıçam / Sofulu - 2+1,23000
Çukurova / Mahfesığmaz - 2+1,23500
Seyhan / Gazipaşa - 3+1,23000
Çukurova / Huzurevleri - 3+1,22500
Seyhan / Gürselpaşa - 2+1,23000
Çukurova / Yurt - 3+1,23000
Çukurova / Merkez - 3+1,22000
Çukurova / Mahfesığmaz - 2+1,21000
Çukurova / Beyazevler - 3+1,23000
Seyhan / Merkez - 2+1,22000
Çukurova / Beyazevler - 1+1,22000
Sarıçam - 1+1,22500
Sarıçam - 1+1,22000
Yüreğir / Pttevleri - 3+1,23250
Seyhan / Yenibaraj - 2+1,23500
Çukurova / Mahfesığmaz - 3+1,23750
Seyhan / Zincirlibağlar - 1+1,23000
Çukurova / Mahfesığmaz - 1+1,23000
Seyhan / Mavibulvar/Yurt - 3+1,23500
Çukurova / Beyazevler - 1+1,23000
Seyhan / Yenibaraj - 1+1,23500
Sarıçam / Mehmet Akif Ersoy - 3+1,23000
Sarıçam - 3+1,21750
Sarıçam / Mehmet Akif Ersoy - 3+1,23500
Kozan / Çarşı - 4+1,23000
Çukurova / Merkez - 2+1,21000
Seyhan / Gürselpaşa - 1+1,21000
Seyhan / Denizli - 1+1,21000
Çukurova / Köyler - 3+1,23500
Seyhan / Yenibaraj - 1+1,23250
Kozan / Çarşı - 2+1,22000
Seyhan / Yeşilyurt - 2+1,23000
Çukurova / Huzurevleri - 3+1,21000
Çukurova / Beyazevler - 1+1,21000
Seyhan / Yeşilyurt - 3+1,23000
Sarıçam / Mehmet Akif Ersoy - 3+1,21000
Çukurova / Beyazevler - 1+1,23000
Sarıçam / Mehmet Akif Ersoy - 3+1,21000
Seyhan / Yenibaraj - 1+1,22000
Sarıçam / Mehmet Akif Ersoy - 3+1,21500
Sarıçam / Mehmet Akif Ersoy - 3+1,23000
Sarıçam - 3+1,23000
Çukurova / Beyazevler - 2+1,22950
Seyhan / Yenibaraj - 1+1,23000
Seyhan / Yenibaraj - 1+1,22500
Sarıçam / Sofulu - 1+1,21000
Çukurova / Beyazevler - 2+1,22950
Çukurova / Beyazevler - 1+1,22000
Çukurova / Beyazevler - 1+1,23500
Sarıçam / Sofulu - 3+1,23995
Sarıçam / Mehmet Akif Ersoy - 2+1,22000
Seyhan / Gürselpaşa - 1+1,23000
Sarıçam / Mehmet Akif Ersoy - 3+1,23000
Sarıçam - 3+1,23000
Sarıçam - 3+1,22500
Sarıçam / Mehmet Akif Ersoy - 3+1,21000
Sarıçam / Mehmet Akif Ersoy - 3+1,23000
Çukurova / Mahfesığmaz - 1+1,25000
Seyhan / Zincirlibağlar - 3+1,25000
Çukurova / Mahfesığmaz - 3+1,25000
Seyhan / Yeşilevler - 2+1,24500
Yüreğir / Pttevleri - 3+1,25000
Seyhan / Emekevler - 1+1,24500
Çukurova / Beyazevler - 1+1,24999
Sarıçam / Mehmet Akif Ersoy - 3+1,25000
Seyhan / Yenibaraj - 1+1,26000
Seyhan / Emek - 4+1,24000
Seyhan / Emekevler - 1+1,26000
Seyhan / Gürselpaşa - 2+1,25000
Çukurova / Merkez - 3+1,25000
Çukurova / Mahfesığmaz - 3+1,26000
Seyhan / Gürselpaşa - 2+1,26500
Sarıçam / Mehmet Akif Ersoy - 2+1,24000
Seyhan / Yeşilevler - 2+1,24000
Çukurova / Mahfesığmaz - 1+1,25000
Seyhan / Denizli - 2+1,25000
Çukurova / Köyler - 3+1,26500
Çukurova / Beyazevler - 1+1,26000
Yumurtalık - 3+1,25000
Seyhan / Gazipaşa - 3+1,25000
Seyhan / Mavibulvar/Yurt - 2+1,25000
Çukurova / Merkez - 3+1,24000
Çukurova / Mahfesığmaz - 3+1,24000
Yüreğir / Yavuzlar - 1+1,24000
Seyhan / Gazipaşa - 3+1,25000
Yüreğir / Pttevleri - 2+1,25000
Çukurova / Köyler - 3+1,26000
Çukurova / Merkez - 3+1,26000
Ceyhan / Namıkkemal - 3+1,25000
Sarıçam - 3+1,26000
Çukurova / Yurt - 3+1,26000
Çukurova / Köyler - 3+1,25000
Çukurova / Yurt - 3+1,25000
Sarıçam - 3+1,25000
Çukurova / Beyazevler - 2+1,25000
Seyhan / Yeşilyurt - 2+1,25000
Çukurova / Huzurevleri - 3+1,26000
Seyhan / Denizli - 2+1,24750
Seyhan / Yeşilyurt - 2+1,24000
Seyhan / Gazipaşa - 2+1,25000
Seyhan / Gürselpaşa - 2+1,26000
Seyhan / 2000 Evler - 2+1,25000
Çukurova / Mahfesığmaz - 3+1,24000
Çukurova / Merkez - 3+1,25500
Seyhan / 2000 Evler - 3+1,24000
Yüreğir / Yavuzlar - 2+1,24000
Sarıçam / Köyler - 1+1,24900
Sarıçam / Mehmet Akif Ersoy - 3+1,26000
Çukurova / Köyler - 2+1,24500
Çukurova / Beyazevler - 1+1,25000
Çukurova / Beyazevler - 1+1,25000
Seyhan / Fevzipaşa - 2+1,25500
Çukurova / Huzurevleri - 3+1,25000
Seyhan / Yenibaraj - 1+1,25000
Ceyhan / Emek - 2+1,26500
Çukurova / Huzurevleri - 3+1,25500
Çukurova / Mahfesığmaz - 3+1,25500
Çukurova / Merkez - 3+1,25000
Çukurova / Beyazevler - 1+1,26000
Seyhan / Mavibulvar/Yurt - 3+1,26450
Seyhan / Ziyapaşa - 3+1,26000
Seyhan / Emekevler - 1+1,26000
Çukurova / Mahfesığmaz - 1+1,25000
Seyhan / Gazipaşa - 4+1,25500
Çukurova / Mahfesığmaz - 1+1,24000
Çukurova / Merkez - 3+1,25000
Seyhan / Ziyapaşa - 3+1,25000
Çukurova / Mahfesığmaz - 3+1,26000
Çukurova / Beyazevler - 1+1,25000
Seyhan / Gürselpaşa - 2+1,26000
Seyhan / Yeşilyurt - 2+1,26500
Seyhan / Yenibaraj - 1+1,25000
Sarıçam / Mehmet Akif Ersoy - 3+1,25500
Çukurova / Merkez - 3+1,25000
Çukurova / Mahfesığmaz - 1+1,25000
Çukurova / Beyazevler - 1+1,25000
Çukurova / Merkez - 2+1,24500
Yumurtalık - 1+1,25000
Çukurova / Huzurevleri - 2+1,25000
Çukurova / Merkez - 3+1,24000
Seyhan / Zincirlibağlar - 1+1,24000
Sarıçam / Köyler - 1+1,25500
Seyhan / Gazipaşa - 2+1,24000
Sarıçam / Köyler - 1+1,25000
Çukurova / Huzurevleri - 3+1,26000
Çukurova / Köyler - 3+1,26500
Sarıçam - 3+1,24000
Yüreğir / Keresteciler - 3+1,24000
Seyhan / Gürselpaşa - 2+1,24000
Çukurova / Mahfesığmaz - 3+1,24500
Çukurova / Beyazevler - 1+1,25000
Seyhan / Mavibulvar/Yurt - 2+1,26500
Seyhan / Ziyapaşa - 3+1,25000
Çukurova / Huzurevleri - 2+1,25000
Çukurova / Mahfesığmaz - 2+1,24500
Çukurova / Merkez - 1+1,24000
Yüreğir / Pttevleri - 3+1,24500
Çukurova / Merkez - 3+1,26000
Çukurova / Merkez - 3+1,25000
Seyhan / Ziyapaşa - 2+1,25500
Seyhan / Yenibaraj - 1+1,25000
Sarıçam / Mehmet Akif Ersoy - 3+1,24000
Sarıçam - 3+1,25000
Çukurova / Huzurevleri - 2+1,25000
Çukurova / Huzurevleri - 2+1,24000
Yüreğir / Pttevleri - 4+1,25000
Seyhan / Gürselpaşa - 2+1,25000
Çukurova / Mahfesığmaz - 3+1,25000
Kozan / Çarşı - 4+1,25000
Çukurova / Huzurevleri - 2+1,24000
Seyhan / Gürselpaşa - 2+1,25500
Seyhan / Ziyapaşa - 3+1,25000
Seyhan / Yeşilyurt - 3+1,24000
Çukurova / Beyazevler - 2+1,25000
Çukurova / Mahfesığmaz - 1+1,25500
Yüreğir / Keresteciler - 3+1,25000
Çukurova / Huzurevleri - 3+1,24000
Seyhan / Mavibulvar/Yurt - 3+1,25000
Çukurova / Mahfesığmaz - 1+1,24000
Seyhan / Mavibulvar/Yurt - 3+1,25500
Seyhan / Yenibaraj - 1+1,25000
Çukurova / Beyazevler - 1+1,25000
Seyhan / Mavibulvar/Yurt - 3+1,25000
Seyhan / Yeşilevler - 2+1,25000
Seyhan / Yeşilyurt - 3+1,26500
Seyhan / Merkez - 2+1,24000
Çukurova / Mahfesığmaz - 1+1,25000
Çukurova / Mahfesığmaz - 3+1,25000
Çukurova / Mahfesığmaz - 1+1,24000
Çukurova / Huzurevleri - 3+1,25500
Çukurova / Mahfesığmaz - 3+1,25000
Sarıçam - 3+1,25000
Çukurova / Merkez - 3+1,24000
Sarıçam / Sofulu - 4+1,25000
Seyhan / Mavibulvar/Yurt - 1+1,26500
Seyhan / Mavibulvar/Yurt - 1+1,24000
Seyhan / Yeşilevler - 2+1,26000
Çukurova / Mahfesığmaz - 3+1,25000
Seyhan / Mavibulvar/Yurt - 3+1,25000
Çukurova / Mahfesığmaz - 3+1,26000
Çukurova / Köyler - 3+1,25000
Seyhan / Yenibaraj - 1+1,26000
Çukurova / Huzurevleri - 3+1,24000
Çukurova / Huzurevleri - 2+1,24000
Seyhan / Akkapı - 2+1,26000
Çukurova / Yurt - 3+1,25000
Çukurova / Mahfesığmaz - 3+1,24000
Çukurova / Mahfesığmaz - 3+1,24000
Çukurova / Huzurevleri - 2+1,26000
Çukurova / Yurt - 3+1,26500
Çukurova / Beyazevler - 1+1,25000
Yumurtalık - 2+1,25000
Çukurova / Huzurevleri - 3+1,25000
Çukurova / Mahfesığmaz - 1+1,25000
Çukurova / Huzurevleri - 2+1,25000
Sarıçam / Sofulu - 3+1,25000
Sarıçam - 3+1,25000
Sarıçam / Mehmet Akif Ersoy - 2+1,25000
Seyhan / Mavibulvar/Yurt - 3+1,24000
Seyhan / Denizli - 2+1,24000
Yüreğir / Kazım Karabekir - 3+1,25000
Çukurova / Mahfesığmaz - 1+1,25000
Sarıçam / Mehmet Akif Ersoy - 3+1,26000
Seyhan / Denizli - 3+1,25000
Seyhan / Mavibulvar/Yurt - 3+1,25000
Çukurova / Huzurevleri - 1+1,25000
Seyhan / Yenibaraj - 1+1,24250
Çukurova / Mahfesığmaz - 2+1,25000
Seyhan / Gürselpaşa - 3+1,26000
Sarıçam / Mehmet Akif Ersoy - 2+1,25000
Çukurova / Yurt - 3+1,25999
Seyhan / Gürselpaşa - 2+1,26000
Seyhan / Yenibaraj - 1+1,25000
Çukurova / Mahfesığmaz - 1+1,24000
Seyhan / Yenibaraj - 2+1,25000
Çukurova / Mahfesığmaz - 3+1,25000
Çukurova / Huzurevleri - 3+1,24000
Seyhan / Emekevler - 2+1,24980
Çukurova / Yurt - 3+1,26500
Çukurova / Mahfesığmaz - 3+1,24000
Çukurova / Mahfesığmaz - 3+1,24500
Seyhan / Gürselpaşa - 2+1,24000
Çukurova / Mahfesığmaz - 3+1,25000
Çukurova / Yurt - 3+1,25000
Çukurova / Mahfesığmaz - 1+1,24750
Çukurova / Huzurevleri - 2+1,25000
Çukurova / Mahfesığmaz - 3+1,25000
Çukurova / Mahfesığmaz - 4+1,26500
Çukurova / Huzurevleri - 2+1,25000
Çukurova / Huzurevleri - 2+1,25000
Seyhan / Yenibaraj - 1+1,25000
Çukurova / Yurt - 3+1,25000
Sarıçam / Mehmet Akif Ersoy - 3+1,26000
Yüreğir / Yavuzlar - 2+1,26000
Çukurova / Mahfesığmaz - 3+1,25000
Çukurova / Merkez - 1+1,26500
Çukurova / Merkez - 2+1,25000
Çukurova / Beyazevler - 3+1,26999
Çukurova / Mahfesığmaz - 1+1,24000
Sarıçam / Mehmet Akif Ersoy - 3+1,25000
Çukurova / Huzurevleri - 3+1,24000
Seyhan / Yenibaraj - 1+1,25000
Çukurova / Mahfesığmaz - 3+1,25000
Seyhan / Denizli - 2+1,26000
Seyhan / Mavibulvar/Yurt - 2+1,25250
Sarıçam / Mehmet Akif Ersoy - 3+1,25000
Çukurova / Merkez - 3+1,25000
Çukurova / Yurt - 3+1,26000
Yüreğir / Pttevleri - 2+1,25000
Seyhan / Denizli - 2+1,26000
Seyhan / Gürselpaşa - 2+1,25000
Çukurova / Mahfesığmaz - 1+1,25000
Çukurova / Merkez - 2+1,26990
Çukurova / Mahfesığmaz - 3+1,24500
Yumurtalık - 2+1,25000
Seyhan / Mavibulvar/Yurt - 2+1,25000
Çukurova / Mahfesığmaz - 3+1,25000
Çukurova / Huzurevleri - 2+1,25000
Çukurova / Mahfesığmaz - 3+1,26500
Çukurova / Köyler - 2+1,24000
Çukurova / Merkez - 2+1,24000
Çukurova / Köyler - 2+1,25500
Kozan / Şevkiye - 4+1,26500
Çukurova / Beyazevler - 1+1,25000
Sarıçam / Sofulu - 1+1,25000
Kozan / Çarşı - 4+1,24000
Çukurova / Huzurevleri - 2+1,25000
Seyhan / Mavibulvar/Yurt - 1+1,24000
Ceyhan / Namıkkemal - 2+1,26500
Seyhan / Gürselpaşa - 3+1,24500
Seyhan / Mavibulvar/Yurt - 1+1,26500
Çukurova / Merkez - 3+1,25000
Sarıçam / Mehmet Akif Ersoy - 3+1,26000
Çukurova / Yurt - 3+1,25000
Seyhan / Denizli - 2+1,25000
Çukurova / Huzurevleri - 3+1,24500
Seyhan / Ziyapaşa - 3+1,24000
Seyhan / Merkez - 2+1,24000
Çukurova / Merkez - 2+1,26500
Çukurova / Mahfesığmaz - 3+1,25000
Seyhan / Yenibaraj - 1+1,25000
Çukurova / Merkez - 2+1,24750
Çukurova / Köyler - 3+1,26000
Çukurova / Merkez - 2+1,24000
Sarıçam - 2+1,25000
Seyhan / Yeşilevler - 2+1,24000
Çukurova / Mahfesığmaz - 3+1,24000
Seyhan / Ziyapaşa - 3+1,25000
Yüreğir / Pttevleri - 3+1,25000
Seyhan / Gazipaşa - 3+1,25000
Çukurova / Köyler - 3+1,25000
Çukurova / Beyazevler - 3+1,25500
Seyhan / Denizli - 2+1,24000
Çukurova / Yurt - 3+1,25000
Çukurova / Merkez - 3+1,25000
Çukurova / Huzurevleri - 1+1,25000
Çukurova / Merkez - 1+1,26000
Çukurova / Merkez - 3+1,25000
Çukurova / Yurt - 3+1,24000
Çukurova / Beyazevler - 1+1,25800
Seyhan / Gürselpaşa - 2+1,24000
Yumurtalık - 3+1,25000
Çukurova / Huzurevleri - 2+1,24000
Çukurova / Merkez - 2+1,25000
Seyhan / Mavibulvar/Yurt - 3+1,24000
Çukurova / Mahfesığmaz - 2+1,24000
Sarıçam / Yıldırım Beyazıt - 4+1,25000
Seyhan / Mavibulvar/Yurt - 1+1,26000
Çukurova / Mahfesığmaz - 4+1,26000
Çukurova / Mahfesığmaz - 3+1,25000
Seyhan / Yenibaraj - 1+1,25000
Seyhan / Gürselpaşa - 2+1,25750
Yüreğir / Yavuzlar - 3+1,25000
Çukurova / Mahfesığmaz - 1+1,24000
Yüreğir / Pttevleri - 2+1,25000
Seyhan / Denizli - 3+1,26500
Seyhan / Gürselpaşa - 1+1,25000
Çukurova / Yurt - 3+1,25000
Seyhan / Yenibaraj - 1+1,25000
Seyhan / Mavibulvar/Yurt - 1+1,24150
Çukurova / Huzurevleri - 2+1,24000
Seyhan / Mavibulvar/Yurt - 2+1,26000
Seyhan / Yenibaraj - 3+1,25000
Çukurova / Mahfesığmaz - 2+1,26000
Çukurova / Merkez - 2+1,25500
Seyhan / Yenibaraj - 1+1,24000
Seyhan / Zincirlibağlar - 3+1,25000
Seyhan / Ziyapaşa - 3+1,25000
Çukurova / Yurt - 4+1,26000
Seyhan / Yenibaraj - 2+1,25000
Seyhan / Denizli - 3+1,25000
Yumurtalık - 2+1,25000
Çukurova / Merkez - 2+1,26000
Çukurova / Mahfesığmaz - 1+1,24000
Sarıçam - 3+1,24000
Sarıçam / Mehmet Akif Ersoy - 3+1,25000
Çukurova / Mahfesığmaz - 3+1,24500
Seyhan / Mavibulvar/Yurt - 3+1,26000
Seyhan / Mavibulvar/Yurt - 3+1,26500
Seyhan / Gazipaşa - 1+1,25000
Çukurova / Yurt - 3.5+1,24000
Çukurova / Huzurevleri - 2+1,25000
Çukurova / Huzurevleri - 3+1,24750
Seyhan / Mavibulvar/Yurt - 3+1,26000
Seyhan / Gürselpaşa - 2+1,26000
Çukurova / Mahfesığmaz - 1+1,25000
Seyhan / Gazipaşa - 3+1,26000
Seyhan / Gazipaşa - 3+1,25000
Sarıçam / Mehmet Akif Ersoy - 3+1,24000
Seyhan / Emekevler - 1+1,24900
Çukurova / Beyazevler - 1+1,24800
Çukurova / Mahfesığmaz - 3+1,24000
Çukurova / Merkez - 3+1,25000
Seyhan / Yenibaraj - 1+1,25000
Çukurova / Huzurevleri - 2+1,24500
Seyhan / Yenibaraj - 1+1,25000
Seyhan / Emekevler - 2+1,26500
Sarıçam / Sofulu - 3+1,25000
Seyhan / Yenibaraj - 3+1,26000
Ceyhan / Namıkkemal - 2+1,25000
Çukurova / Merkez - 2+1,24000
Çukurova / Merkez - 3+1,25000
Seyhan / Denizli - 2+1,26000
Çukurova / Mahfesığmaz - 1+1,24000
Ceyhan / Namıkkemal - 4+1,25000
Çukurova / Mahfesığmaz - 3+1,25750
Seyhan / Yenibaraj - 1+1,25000
Çukurova / Mahfesığmaz - 1+1,26000
Seyhan / Zincirlibağlar - 3+1,25000
Seyhan / 2000 Evler - 2+1,25000
Seyhan / 2000 Evler - 3+1,26000
Seyhan / Mavibulvar/Yurt - 3+1,26000
Seyhan / Yeşilyurt - 3+1,25500
Sarıçam - 3+1,25000
Çukurova / Merkez - 3+1,26500
Seyhan / Merkez - 2+1,24000
Seyhan / Mavibulvar/Yurt - 1+1,25000
Çukurova / Mahfesığmaz - 3+1,24500
Seyhan / Ziyapaşa - 3+1,26000
Seyhan / Denizli - 2+1,25500
Seyhan / Yeşilyurt - 2+1,25000
Seyhan / Ziyapaşa - 3+1,26000
Seyhan / Gürselpaşa - 1+1,25000
Çukurova / Huzurevleri - 3+1,24999
Çukurova / Huzurevleri - 1+1,25000
Seyhan / Ziyapaşa - 3+1,25000
Çukurova / Yurt - 3+1,26000
Seyhan / Ziyapaşa - 3+1,24000
Çukurova / Merkez - 2+1,26000
Çukurova / Beyazevler - 2+1,25000
Çukurova / Merkez - 1+1,25000
Seyhan / Denizli - 2+1,25000
Seyhan / Ziyapaşa - 2+1,25000
Çukurova / Huzurevleri - 2+1,25000
Sarıçam / Mehmet Akif Ersoy - 3+1,25000
Seyhan / Denizli - 3+1,25500
Çukurova / Beyazevler - 2+1,26750
Çukurova / Merkez - 2+1,24500
Seyhan / Emekevler - 3+1,26000
Çukurova / Yurt - 3+1,25000
Seyhan / Mavibulvar/Yurt - 2+1,25000
Çukurova / Yurt - 3+1,26990
Çukurova / Beyazevler - 1+1,25000
Seyhan / Yenibaraj - 1+1,25000
Seyhan / Gazipaşa - 2+1,25000
Seyhan / Yeşilyurt - 3+1,24000
Çukurova / Huzurevleri - 2+1,25500
Çukurova / Yurt - 3+1,26000
Çukurova / Yurt - 3+1,25000
Sarıçam - 3+1,25000
Çukurova / Merkez - 3+1,25000
Çukurova / Mahfesığmaz - 1+1,26000
Sarıçam - 1+1,25000
Çukurova / Huzurevleri - 2+1,25000
Karataş - 2+1,25000
Seyhan / Ziyapaşa - 2+1,25500
Sarıçam - 3+1,25000
Seyhan / Denizli - 2+1,25000
Çukurova / Merkez - 2+1,26000
Çukurova / Merkez - 2+1,25500
Seyhan / Merkez - 3+1,25000
Çukurova / Huzurevleri - 2+1,24000
Seyhan / Kuruköprü - 1+1,25000
Çukurova / Yurt - 3+1,25750
Seyhan / Gazipaşa - 2+1,25000
Çukurova / Merkez - 2+1,26500
Çukurova / Köyler - 3+1,25000
Ceyhan / Namıkkemal - 4+1,25000
Sarıçam / Mehmet Akif Ersoy - 3+1,26000
Seyhan / Yeşilyurt - 3+1,25000
Yüreğir / Kazım Karabekir - 3+1,25000
Sarıçam / Mehmet Akif Ersoy - 3+1,25000
Çukurova / Yurt - 3+1,25250
Yumurtalık - 2+1,25000
Seyhan / Mavibulvar/Yurt - 2+1,25000
Çukurova / Huzurevleri - 2+1,25000
Çukurova / Mahfesığmaz - 3+1,25000
Çukurova / Mahfesığmaz - 3+1,25000
Çukurova / Yurt - 3+1,25000
Çukurova / Yurt - 3+1,26950
Çukurova / Merkez - 2+1,25000
Çukurova / Huzurevleri - 3+1,25000
Çukurova / Mahfesığmaz - 3+1,26000
Seyhan / Gürselpaşa - 2+1,26000
Çukurova / Merkez - 3+1,25500
Çukurova / Huzurevleri - 3+1,24500
Çukurova / Beyazevler - 3+1,26000
Seyhan / Yenibaraj - 1+1,25000
Çukurova / Huzurevleri - 1+1,25000
Çukurova / Mahfesığmaz - 2+1,25250
Seyhan / Gürselpaşa - 1+1,25000
Seyhan / Mavibulvar/Yurt - 3+1,25000
Yumurtalık - 2+1,25000
Yüreğir / Yamaçlı - 2+1,25000
Seyhan / Mavibulvar/Yurt - 2+1,26500
Çukurova / Yurt - 3+1,26500
Seyhan / Mavibulvar/Yurt - 3+1,24000
Çukurova / Mahfesığmaz - 3+1,26000
Çukurova / Mahfesığmaz - 3+1,25250
Seyhan / Mavibulvar/Yurt - 3+1,26000
Çukurova / Beyazevler - 1+1,25000
Çukurova / Mahfesığmaz - 3+1,25500
Çukurova / Beyazevler - 2+1,25500
Sarıçam - 3+1,25000
Yüreğir / Yamaçlı - 3+1,25750
Kozan / Köyler - 4+1,25000
Sarıçam - 3+1,25000
Çukurova / Merkez - 1+1,25000
Çukurova / Yurt - 3+1,25000
Çukurova / Mahfesığmaz - 3+1,25500
Çukurova / Köyler - 3+1,24500
Seyhan / Gürselpaşa - 2+1,25000
Seyhan / Yeşilyurt - 3+1,25000
Çukurova / Mahfesığmaz - 3+1,26000
Seyhan / Gürselpaşa - 2+1,24000
Seyhan / Gürselpaşa - 1+1,25500
Sarıçam - 3+1,25500
Seyhan / Gürselpaşa - 1+1,25500
Çukurova / Merkez - 2+1,25500
Çukurova / Huzurevleri - 3+1,25750
Çukurova / Huzurevleri - 3+1,24000
Yüreğir / Yavuzlar - 3+1,26500
Sarıçam / Mehmet Akif Ersoy - 3+1,25000
Seyhan / Gürselpaşa - 2+1,24000
Çukurova / Huzurevleri - 2+1,25000
Çukurova / Mahfesığmaz - 3+1,25500
Çukurova / Beyazevler - 1+1,25000
Seyhan / Denizli - 2+1,26000
Çukurova / Mahfesığmaz - 3+1,25000
Çukurova / Köyler - 2+1,24000
Çukurova / Merkez - 3+1,26000
Çukurova / Merkez - 3+1,25000
Seyhan / 2000 Evler - 2+1,25000
Seyhan / Yeşilyurt - 3+1,25000
Seyhan / Gazipaşa - 3+1,26000
Seyhan / Mavibulvar/Yurt - 3+1,26500
Çukurova / Huzurevleri - 2+1,25000
Çukurova / Köyler - 3+1,25500
Seyhan / Yenibaraj - 2+1,26000
Çukurova / Huzurevleri - 3+1,24000
Seyhan / Zincirlibağlar - 1+1,26000
Çukurova / Mahfesığmaz - 3+1,25500
Seyhan / Fevzipaşa - 3+1,26000
Ceyhan / Namıkkemal - 3+1,25000
Çukurova / Mahfesığmaz - 3+1,26500
Çukurova / Huzurevleri - 3+1,26000
Çukurova / Merkez - 3+1,26000
Seyhan / Mavibulvar/Yurt - 2+1,25000
Seyhan / Gürselpaşa - 2+1,25000
Çukurova / Huzurevleri - 2+1,26000
Seyhan / Kuruköprü - 3+1,25000
Çukurova / Huzurevleri - 2+1,25000
Çukurova / Merkez - 3+1,24500
Seyhan / Mavibulvar/Yurt - 2+1,25500
Sarıçam / Sofulu - 2+1,25000
Sarıçam / Mehmet Akif Ersoy - 3+1,25000
Yumurtalık - 3+1,26000
Seyhan / Mavibulvar/Yurt - 2+1,25000
Seyhan / Yenibaraj - 1+1,25000
Çukurova / Mahfesığmaz - 1+1,24000
Sarıçam - 2+1,25000
Seyhan / Gürselpaşa - 1+1,25000
Çukurova / Mahfesığmaz - 3+1,25000
Çukurova / Huzurevleri - 3+1,25000
Çukurova / Mahfesığmaz - 2+1,25000
Seyhan / Gürselpaşa - 2+1,26000
Seyhan / Gürselpaşa - 3+1,25000
Seyhan / Mavibulvar/Yurt - 2+1,24000
Çukurova / Huzurevleri - 2+1,26000
Ceyhan / Namıkkemal - 2+1,26000
Çukurova / Beyazevler - 2+1,25000
Çukurova / Beyazevler - 2+1,25000
Çukurova / Mahfesığmaz - 3+1,25000
Seyhan / Yenibaraj - 3+1,26000
Çukurova / Huzurevleri - 2+1,25000
Çukurova / Mahfesığmaz - 2+1,24000
Çukurova / Mahfesığmaz - 3+1,26000
Çukurova / Mahfesığmaz - 3+1,26500
Seyhan / Yenibaraj - 1+1,25000
Seyhan / Gürselpaşa - 2+1,25000
Çukurova / Merkez - 3+1,25000
Seyhan / Gürselpaşa - 1+1,26000
Çukurova / Mahfesığmaz - 1+1,24000
Çukurova / Merkez - 3+1,24000
Çukurova / Köyler - 2+1,25500
Sarıçam / Mehmet Akif Ersoy - 3+1,25000
Seyhan / Gürselpaşa - 1+1,26000
Çukurova / Mahfesığmaz - 3+1,24500
Seyhan / Gürselpaşa - 2+1,26250
Seyhan / Gürselpaşa - 2+1,24000
Çukurova / Huzurevleri - 2+1,25000
Çukurova / Köyler - 3+1,25000
Çukurova / Mahfesığmaz - 3+1,25000
Seyhan / Denizli - 3+1,26500
Çukurova / Mahfesığmaz - 3+1,24500
Çukurova / Beyazevler - 1+1,26000
Seyhan / Yeşilyurt - 3+1,25500
Seyhan / Gürselpaşa - 2+1,26000
Seyhan / Emekevler - 1+1,24000
Çukurova / Yurt - 1+1,25000
Çukurova / Yurt - 3+1,25450
Yüreğir / Kiremithane - 3+1,25000
Çukurova / Mahfesığmaz - 3+1,26000
Çukurova / Mahfesığmaz - 3+1,25000
Çukurova / Mahfesığmaz - 3+1,25500
Ceyhan / Namıkkemal - 4+1,25000
Çukurova / Mahfesığmaz - 3+1,24000
Seyhan / Mavibulvar/Yurt - 2+1,26500
Çukurova / Merkez - 2+1,24500
Çukurova / Huzurevleri - 3+1,25000
Sarıçam - 3+1,24999
Çukurova / Merkez - 3+1,25000
Çukurova / Huzurevleri - 1+1,25000
Sarıçam / Mehmet Akif Ersoy - 4+1,25500
Seyhan / Zincirlibağlar - 3+1,25000
Seyhan / Gürselpaşa - 1+1,26500
Çukurova / Yurt - 3+1,25000
Çukurova / Huzurevleri - 4+1,24000
Ceyhan / Namıkkemal - 3+1,25000
Ceyhan / Namıkkemal - 3+1,26500
Çukurova / Mahfesığmaz - 4+1,26000
Seyhan / Merkez - 3+1,25000
Çukurova / Mahfesığmaz - 4+1,26000
Çukurova / Yurt - 3+1,25500
Seyhan / Gürselpaşa - 1+1,25000
Çukurova / Mahfesığmaz - 4+1,25000
Seyhan / Gürselpaşa - 2+1,26000
Çukurova / Merkez - 3+1,25000
Seyhan / Mavibulvar/Yurt - 3+1,26500
Çukurova / Yurt - 3+1,24500
Seyhan / Gürselpaşa - 1+1,25000
Yumurtalık - 2+1,25000
Çukurova / Huzurevleri - 2+1,24500
Çukurova / Beyazevler - 2+1,25500
Yumurtalık - 2+1,25000
Seyhan / Gürselpaşa - 1+1,26500
Seyhan / Merkez - 1+1,26000
Çukurova / Yurt - 3+1,25500
Çukurova / Mahfesığmaz - 4+1,25000
Seyhan / Yenibaraj - 1+1,25000
Çukurova / Merkez - 2+1,25000
Çukurova / Merkez - 3+1,25000
Seyhan / Zincirlibağlar - 1+1,26000
Çukurova / Huzurevleri - 3+1,26000
Sarıçam - 3+1,25000
Seyhan / Mavibulvar/Yurt - 3+1,26000
Çukurova / Beyazevler - 1+1,24900
Çukurova / Huzurevleri - 1+1,25500
Çukurova / Mahfesığmaz - 3+1,26000
Çukurova / Beyazevler - 2+1,24000
Çukurova / Yurt - 4+1,26000
Çukurova / Merkez - 3+1,25500
Çukurova / Yurt - 4+1,26000
Seyhan / Yenibaraj - 3+1,25000
Çukurova / Mahfesığmaz - 3+1,24750
Seyhan / Kuruköprü - 3+1,25500
Seyhan / Yeşilyurt - 3+1,24000
Seyhan / Zincirlibağlar - 2+1,25000
Seyhan / Zincirlibağlar - 2+1,26000
Seyhan / Merkez - 2+1,24000
Ceyhan / Namıkkemal - 2+1,25000
Çukurova / Mahfesığmaz - 1+1,24000
Çukurova / Beyazevler - 1+1,25000
Seyhan / Ziyapaşa - 3+1,25000
Seyhan / Denizli - 2+1,25000
Seyhan / Ziyapaşa - 3+1,25500
Seyhan / Mavibulvar/Yurt - 3+1,24000
Seyhan / Denizli - 1+1,25550
Seyhan / Gürselpaşa - 2+1,25500
Seyhan / Gazipaşa - 2+1,25000
Yüreğir / Keresteciler - 3+1,25000
Seyhan / Mavibulvar/Yurt - 1+1,26000
Çukurova / Mahfesığmaz - 3+1,25500
Seyhan / Gürselpaşa - 1+1,26750
Çukurova / Yurt - 3+1,24000
Seyhan / Gazipaşa - 2+1,25250
Çukurova / Yurt - 4+1,26000
Seyhan / Gürselpaşa - 2+1,25000
Çukurova / Huzurevleri - 2+1,25000
Çukurova / Beyazevler - 3+1,25000
Çukurova / Huzurevleri - 1+1,25000
Çukurova / Beyazevler - 3+1,25500
Seyhan / Mavibulvar/Yurt - 2+1,25500
Seyhan / Gürselpaşa - 1+1,25000
Seyhan / Gürselpaşa - 2+1,24000
Seyhan / Gazipaşa - 4+1,25000
Çukurova / Yurt - 3+1,25000
Seyhan / Yenibaraj - 2+1,25000
Seyhan / Yenibaraj - 2+1,25000
Çukurova / Beyazevler - 1+1,25000
Çukurova / Mahfesığmaz - 3+1,24500
Çukurova / Mahfesığmaz - 3+1,24000
Sarıçam / Mehmet Akif Ersoy - 3+1,24000
Çukurova / Beyazevler - 2+1,25000
Çukurova / Merkez - 2+1,25000
Çukurova / Beyazevler - 2+1,24000
Sarıçam - 2+1,25000
Çukurova / Beyazevler - 3+1,26000
Seyhan / Yenibaraj - 1+1,26000
Sarıçam / Sofulu - 3+1,25000
Çukurova / Beyazevler - 1+1,25000
Çukurova / Beyazevler - 1+1,25000
Sarıçam / Sofulu - 3+1,25000
Seyhan / Gürselpaşa - 2+1,25000
Sarıçam / Mehmet Akif Ersoy - 3+1,24000
Seyhan / Yenibaraj - 3+1,28000
Çukurova / Beyazevler - 1+1,28000
Seyhan / Yeşilevler - 2+1,30500
Sarıçam / Sofulu - 3+1,30000
Çukurova / Yurt - 3+1,27000
Çukurova / Mahfesığmaz - 2+1,28500
Çukurova / Mahfesığmaz - 2+1,30000
Çukurova / Merkez - 3+1,27900
Çukurova / Huzurevleri - 4+1,27000
Çukurova / Köyler - 4+1,29500
Sarıçam - 3+1,30000
Çukurova / Mahfesığmaz - 3+1,27000
Çukurova / Beyazevler - 1+1,28000
Çukurova / Huzurevleri - 4+1,30000
Çukurova / Yurt - 3+1,29500
Çukurova / Mahfesığmaz - 4+1,30000
Çukurova / Merkez - 3+1,28000
Sarıçam - 3+1,27000
Sarıçam / Mehmet Akif Ersoy - 3+1,28000
Seyhan / Denizli - 2+1,29000
Çukurova / Merkez - 3+1,30000
Seyhan / Mavibulvar/Yurt - 3+1,27000
Çukurova / Mahfesığmaz - 3+1,30000
Çukurova / Merkez - 3+1,30000
Seyhan / Gürselpaşa - 1+1,27500
Seyhan / Gürselpaşa - 1+1,28000
Çukurova / Mahfesığmaz - 3+1,28500
Yumurtalık - 2+1,27000
Çukurova / Merkez - 2+1,27000
Çukurova / Mahfesığmaz - 1+1,27000
Seyhan / Gazipaşa - 2+1,27000
Seyhan / Emekevler - 2+1,30000
Çukurova / Mahfesığmaz - 3+1,30000
Çukurova / Mahfesığmaz - 3+1,30000
Seyhan / Kuruköprü - 4+1,30000
Seyhan / Gürselpaşa - 2+1,29000
Seyhan / Yeşilyurt - 3+1,30000
Yüreğir / Kiremithane - 3+1,30000
Çukurova / Mahfesığmaz - 2+1,30750
Seyhan / Gazipaşa - 1+1,27000
Çukurova / Mahfesığmaz - 3+1,27500
Seyhan / Yenibaraj - 2+1,29000
Çukurova / Merkez - 3+1,30000
Seyhan / Gazipaşa - 2+1,27000
Çukurova / Mahfesığmaz - 1+1,29000
Çukurova / Yurt - 4+1,30500
Çukurova / Merkez - 3+1,27500
Yüreğir / Yamaçlı - 3+1,28000
Seyhan / Gürselpaşa - 3+1,29500
Çukurova / Merkez - 3+1,30000
Seyhan / Denizli - 2+1,28500
Çukurova / Huzurevleri - 1+1,30000
Çukurova / Mahfesığmaz - 3+1,30000
Çukurova / Mahfesığmaz - 3+1,29000
Seyhan / Yeşilyurt - 3+1,27500
Seyhan / Yenibaraj - 1+1,28000
Çukurova / Beyazevler - 1+1,30000
Seyhan / Fevzipaşa - 3+1,28000
Seyhan / Gürselpaşa - 1+1,28000
Çukurova / Mahfesığmaz - 4+1,30500
Çukurova / Mahfesığmaz - 3+1,27000
Çukurova / Mahfesığmaz - 1.5+1,30000
Çukurova / Mahfesığmaz - 2+1,30000
Çukurova / Mahfesığmaz - 3+1,29000
Çukurova / Köyler - 3+1,29000
Seyhan / Yenibaraj - 1+1,30000
Çukurova / Mahfesığmaz - 3+1,27500
Çukurova / Mahfesığmaz - 3+1,27500
Sarıçam - 2+1,28500
Seyhan / Gürselpaşa - 3+1,27000
Çukurova / Merkez - 4+1,30000
Çukurova / Mahfesığmaz - 3+1,27500
Çukurova / Merkez - 2+1,30000
Yüreğir / Pttevleri - 1+1,30000
Çukurova / Mahfesığmaz - 2+1,28300
Seyhan / Ziyapaşa - 3+1,28000
Seyhan / Gürselpaşa - 3+1,30750
Çukurova / Mahfesığmaz - 1+1,29000
Çukurova / Mahfesığmaz - 2+1,30000
Seyhan / Gürselpaşa - 3+1,28000
Seyhan / Denizli - 3+1,28500
Seyhan / Gazipaşa - 1+1,30000
Çukurova / Köyler - 3+1,30000
Seyhan / Yenibaraj - 2+1,27500
Çukurova / Yurt - 3+1,30000
Seyhan / Yenibaraj - 2+1,29000
Seyhan / Mavibulvar/Yurt - 3+1,29000
Çukurova / Huzurevleri - 1+1,27000
Seyhan / Kuruköprü - 1+1,30000
Sarıçam / Köyler - 4+1,30000
Seyhan / Gürselpaşa - 2+1,27000
Seyhan / Mavibulvar/Yurt - 2+1,27500
Seyhan / Gürselpaşa - 3+1,27500
Çukurova / Mahfesığmaz - 3+1,28000
Çukurova / Merkez - 3+1,27500
Çukurova / Huzurevleri - 1+1,30500
Seyhan / Gürselpaşa - 1+1,29000
Çukurova / Beyazevler - 1+1,30000
Seyhan / Mavibulvar/Yurt - 3+1,28500
Yumurtalık - 3+1,30000
Çukurova / Mahfesığmaz - 1+1,28000
Çukurova / Mahfesığmaz - 3+1,28500
Seyhan / Yenibaraj - 2+1,27500
Seyhan / Gürselpaşa - 2+1,28000
Çukurova / Mahfesığmaz - 2+1,28500
Seyhan / Gürselpaşa - 3+1,28500
Seyhan / Gürselpaşa - 1+1,29000
Seyhan / Gürselpaşa - 1+1,29000
Çukurova / Yurt - 3+1,27500
Çukurova / Mahfesığmaz - 2+1,28500
Seyhan / Gazipaşa - 2+1,28000
Seyhan / Mavibulvar/Yurt - 3+1,30000
Sarıçam - 3+1,28000
Seyhan / Zincirlibağlar - 2+1,27000
Çukurova / Mahfesığmaz - 4+1,30000
Seyhan / Ziyapaşa - 4+1,27500
Çukurova / Yurt - 3+1,30000
Çukurova / Huzurevleri - 1+1,29000
Seyhan / Gürselpaşa - 1+1,27000
Sarıçam / Sofulu - 2+1,28000
Çukurova / Yurt - 3+1,28250
Yumurtalık - 1+1,30000
Seyhan / Ziyapaşa - 3+1,28000
Çukurova / Mahfesığmaz - 4+1,30000
Çukurova / Beyazevler - 3+1,27500
Çukurova / Huzurevleri - 4+1,27000
Çukurova / Merkez - 1+1,30000
Çukurova / Yurt - 4+1,30000
Seyhan / Denizli - 3+1,27000
Seyhan / Yenibaraj - 3+1,30000
Yüreğir / Pttevleri - 1+1,30000
Çukurova / Beyazevler - 2+1,28000
Seyhan / Gürselpaşa - 1+1,28000
Seyhan / 2000 Evler - 3+1,30000
Çukurova / Mahfesığmaz - 3+1,30000
Sarıçam / Mehmet Akif Ersoy - 3+1,28000
Seyhan / Mavibulvar/Yurt - 3+1,30000
Seyhan / Yenibaraj - 2+1,28500
Seyhan / Emekevler - 3+1,30000
Çukurova / Mahfesığmaz - 2+1,28000
Çukurova / Yurt - 3+1,30500
Çukurova / Beyazevler - 1+1,28000
Seyhan / Denizli - 2+1,28000
Yumurtalık - 3+1,30000
Seyhan / 2000 Evler - 3+1,28000
Çukurova / Yurt - 3+1,29500
Çukurova / Mahfesığmaz - 3+1,30000
Çukurova / Huzurevleri - 3+1,30500
Seyhan / Gazipaşa - 3+1,27000
Çukurova / Beyazevler - 1+1,27500
Çukurova / Huzurevleri - 3+1,28000
Çukurova / Huzurevleri - 3+1,30000
Seyhan / Mavibulvar/Yurt - 3+1,30000
Çukurova / Huzurevleri - 3+1,27000
Çukurova / Mahfesığmaz - 1+1,28000
Seyhan / Mavibulvar/Yurt - 3+1,30000
Çukurova / Merkez - 1+1,30000
Çukurova / Mahfesığmaz - 3+1,28000
Seyhan / Denizli - 2+1,30000
Çukurova / Mahfesığmaz - 2+1,30750
Seyhan / Denizli - 3+1,30000
Yüreğir / Yavuzlar - 3+1,30000
Çukurova / Mahfesığmaz - 3+1,28000
Çukurova / Mahfesığmaz - 3+1,30000
Çukurova / Beyazevler - 1+1,27000
Yüreğir / Kazım Karabekir - 3+1,30000
Çukurova / Mahfesığmaz - 3+1,29000
Seyhan / Ziyapaşa - 3+1,29000
Çukurova / Mahfesığmaz - 2+1,27000
Çukurova / Köyler - 3+1,27000
Seyhan / Gazipaşa - 2+1,27500
Çukurova / Köyler - 3+1,28000
Seyhan / Mavibulvar/Yurt - 2+1,30000
Yumurtalık - 3+1,30000
Çukurova / Merkez - 3+1,30500
Çukurova / Merkez - 2.5+1,29000
Seyhan / Gürselpaşa - 1+1,27500
Sarıçam / Sofulu - 1+1,27000
Seyhan / Gazipaşa - 2+1,30000
Çukurova / Mahfesığmaz - 1+1,27500
Çukurova / Mahfesığmaz - 2+1,30000
Seyhan / Mavibulvar/Yurt - 1+1,28500
Çukurova / Merkez - 3+1,30000
Çukurova / Mahfesığmaz - 4+1,27000
Seyhan / Gazipaşa - 1+1,27000
Seyhan / 2000 Evler - 3+1,28500
Çukurova / Huzurevleri - 3+1,27500
Çukurova / Huzurevleri - 3+1,30000
Çukurova / Köyler - 3+1,29000
Çukurova / Mahfesığmaz - 2+1,27000
Seyhan / Yenibaraj - 1+1,30000
Çukurova / Mahfesığmaz - 1+1,29500
Seyhan / Gürselpaşa - 2+1,29000
Çukurova / Merkez - 3+1,30000
Çukurova / Merkez - 3+1,30000
Seyhan / Gürselpaşa - 1+1,30000
Seyhan / Emekevler - 3+1,30000
Yüreğir / Yavuzlar - 3+1,30000
Seyhan / Ziyapaşa - 2+1,30000
Seyhan / Mavibulvar/Yurt - 3+1,27250
Karataş / Bahçe - 2+1,30000
Seyhan / Gazipaşa - 2+1,27000
Çukurova / Mahfesığmaz - 3+1,28000
Çukurova / Mahfesığmaz - 3+1,28000
Sarıçam / Köyler - 4+1,28000
Çukurova / Mahfesığmaz - 3+1,28000
Çukurova / Beyazevler - 2+1,29000
Seyhan / Gürselpaşa - 1+1,28000
Seyhan / Mavibulvar/Yurt - 2+1,27000
Çukurova / Köyler - 3+1,27000
Çukurova / Mahfesığmaz - 2+1,27000
Çukurova / Huzurevleri - 3+1,30000
Seyhan / Mavibulvar/Yurt - 3+1,30000
Seyhan / Gürselpaşa - 2+1,28000
Çukurova / Mahfesığmaz - 1+1,30000
Çukurova / Köyler - 3+1,30000
Çukurova / Mahfesığmaz - 3+1,30000
Seyhan / Zincirlibağlar - 3+1,27500
Seyhan / Emekevler - 2+1,28000
Seyhan / Yeşilyurt - 4+1,29000
Sarıçam / Sofulu - 3+1,29999
Çukurova / Merkez - 3+1,30000
Çukurova / Köyler - 3+1,30000
Seyhan / Gazipaşa - 2+1,29000
Çukurova / Yurt - 3+1,27500
Çukurova / Köyler - 3+1,27000
Seyhan / Kuruköprü - 1+1,30000
Çukurova / Mahfesığmaz - 3+1,29500
Seyhan / Yenibaraj - 1+1,29000
Seyhan / Mavibulvar/Yurt - 1+1,30000
Çukurova / Merkez - 3+1,30500
Sarıçam - 2+1,27500
Çukurova / Köyler - 3+1,30000
Sarıçam / Yıldırım Beyazıt - 3+1,30000
Seyhan / Mavibulvar/Yurt - 3+1,29000
Seyhan / Mavibulvar/Yurt - 3+1,27500
Seyhan / Gürselpaşa - 3+1,30500
Seyhan / Denizli - 3+1,29999
Pozantı - 1+1,30000
Çukurova / Yurt - 3+1,30000
Çukurova / Huzurevleri - 3+1,30000
Seyhan / Yenibaraj - 1+1,28000
Çukurova / Merkez - 3+1,27500
Çukurova / Mahfesığmaz - 3+1,28000
Seyhan / Mavibulvar/Yurt - 3+1,29000
Seyhan / Gazipaşa - 3+1,30000
Seyhan / Mavibulvar/Yurt - 3+1,30000
Çukurova / Huzurevleri - 3+1,29000
Seyhan / Gürselpaşa - 1+1,27500
Seyhan / Denizli - 2+1,28000
Seyhan / Denizli - 1+1,29500
Çukurova / Mahfesığmaz - 3+1,30000
Seyhan / Emekevler - 3+1,28500
Çukurova / Merkez - 2+1,28000
Sarıçam - 3+1,27000
Çukurova / Huzurevleri - 3+1,29000
Seyhan / Gazipaşa - 2+1,27000
Seyhan / Yenibaraj - 3+1,27000
Çukurova / Merkez - 3+1,27500
Çukurova / Mahfesığmaz - 2+1,30000
Seyhan / Kuruköprü - 1+1,28000
Çukurova / Mahfesığmaz - 4+1,27000
Çukurova / Mahfesığmaz - 2+1,27500
Çukurova / Huzurevleri - 1+1,27000
Seyhan / Mavibulvar/Yurt - 1+1,27500
Seyhan / Yenibaraj - 4+1,28000
Çukurova / Mahfesığmaz - 3+1,30000
Çukurova / Huzurevleri - 2+1,29000
Seyhan / Kuruköprü - 1+1,30000
Seyhan / Gürselpaşa - 2+1,30000
Seyhan / Gazipaşa - 3+1,28000
Yumurtalık - 1+1,27000
Çukurova / Mahfesığmaz - 1+1,27000
Çukurova / Merkez - 3+1,27000
Çukurova / Mahfesığmaz - 2+1,30000
Çukurova / Merkez - 3+1,29000
Çukurova / Beyazevler - 1+1,27000
Seyhan / Mavibulvar/Yurt - 2+1,30000
Çukurova / Mahfesığmaz - 3+1,27500
Çukurova / Yurt - 4+1,29000
Çukurova / Huzurevleri - 3+1,27000
Çukurova / Köyler - 3+1,30000
Seyhan / Gürselpaşa - 2+1,28500
Seyhan / Yenibaraj - 2+1,28000
Çukurova / Huzurevleri - 2+1,28000
Seyhan / Mavibulvar/Yurt - 3+1,30000
Seyhan / Yeşilyurt - 3+1,30500
Çukurova / Mahfesığmaz - 1+1,29000
Çukurova / Mahfesığmaz - 3+1,30000
Seyhan / Zincirlibağlar - 3+1,28000
Seyhan / Gazipaşa - 3+1,27000
Seyhan / Mavibulvar/Yurt - 3+1,29000
Seyhan / Mavibulvar/Yurt - 3+1,29000
Seyhan / Yeşilyurt - 3+1,28000
Çukurova / Mahfesığmaz - 3+1,30000
Seyhan / Gürselpaşa - 3+1,29000
Çukurova / Mahfesığmaz - 2+1,27000
Çukurova / Huzurevleri - 4+1,30000
Çukurova / Merkez - 3+1,29500
Çukurova / Yurt - 3+1,28000
Seyhan / Mavibulvar/Yurt - 4+1,30000
Seyhan / Gürselpaşa - 1+1,29000
Seyhan / Yeşilyurt - 3+1,28000
Seyhan / Gürselpaşa - 1+1,30000
Seyhan / Yenibaraj - 2+1,29900
Çukurova / Beyazevler - 1+1,30000
Seyhan / Zincirlibağlar - 3+1,27000
Seyhan / Gürselpaşa - 1+1,27000
Seyhan / Gürselpaşa - 1+1,28000
Seyhan / Yeşilevler - 2+1,30000
Çukurova / Merkez - 3+1,30000
Çukurova / Mahfesığmaz - 2+1,29500
Seyhan / Mavibulvar/Yurt - 3+1,27500
Çukurova / Huzurevleri - 2+1,30000
Seyhan / Gürselpaşa - 2+1,30000
Çukurova / Merkez - 3+1,30000
Çukurova / Huzurevleri - 3+1,29900
Seyhan / Mavibulvar/Yurt - 3+1,29000
Çukurova / Merkez - 3+1,29000
Çukurova / Yurt - 2+1,27000
Seyhan / Gürselpaşa - 2+1,28000
Çukurova / Köyler - 3+1,27000
Seyhan / Gürselpaşa - 1+1,29000
Yüreğir / Pttevleri - 3+1,30000
Seyhan / Gürselpaşa - 2+1,30000
Çukurova / Merkez - 3+1,28500
Seyhan / Yenibaraj - 3+1,30000
Çukurova / Mahfesığmaz - 2+1,30000
Seyhan / Gürselpaşa - 2+1,29000
Çukurova / Mahfesığmaz - 3+1,30000
Seyhan / Kuruköprü - 2+1,30000
Seyhan / Gazipaşa - 1+1,28000
Seyhan / Kuruköprü - 4+1,28000
Seyhan / Gürselpaşa - 3+1,29000
Seyhan / Gürselpaşa - 3+1,27500
Çukurova / Mahfesığmaz - 3+1,30000
Çukurova / Mahfesığmaz - 2+1,27500
Yüreğir / Pttevleri - 1+1,30000
Çukurova / Mahfesığmaz - 3+1,30000
Seyhan / Denizli - 2+1,28500
Seyhan / Yeşilevler - 2+1,30000
Seyhan / Ziyapaşa - 3+1,27000
Seyhan / Yenibaraj - 3+1,29000
Seyhan / Yeşilyurt - 3+1,29000
Çukurova / Beyazevler - 1+1,28500
Seyhan / Gürselpaşa - 1+1,27500
Çukurova / Mahfesığmaz - 1+1,29000
Çukurova / Huzurevleri - 4+1,30000
Çukurova / Yurt - 3+1,27500
Seyhan / Yenibaraj - 3+1,30000
Seyhan / Gürselpaşa - 3+1,27500
Çukurova / Beyazevler - 3+1,27500
Seyhan / Yenibaraj - 3+1,28000
Seyhan / Gazipaşa - 2+1,29000
Çukurova / Huzurevleri - 3+1,30000
Seyhan / Mavibulvar/Yurt - 3+1,27000
Seyhan / Ziyapaşa - 4+1,30000
Seyhan / Gazipaşa - 1.5+1,30000
Çukurova / Mahfesığmaz - 3+1,30000
Çukurova / Mahfesığmaz - 2+1,29000
Seyhan / Gürselpaşa - 2+1,29500
Seyhan / Gürselpaşa - 2+1,29500
Seyhan / Mavibulvar/Yurt - 2+1,30000
Çukurova / Beyazevler - 3+1,30000
Çukurova / Yurt - 3+1,27500
Sarıçam / Sofulu - 2+1,28000
Seyhan / Zincirlibağlar - 3+1,27000
Seyhan / Yeşilyurt - 3+1,29500
Seyhan / Gürselpaşa - 1+1,30000
Çukurova / Mahfesığmaz - 4+1,28000
Çukurova / Mahfesığmaz - 1+1,30000
Seyhan / Gürselpaşa - 2+1,30000
Çukurova / Yurt - 2+1,27500
Seyhan / Yeşilyurt - 3+1,28000
Çukurova / Huzurevleri - 2+1,27000
Sarıçam / Mehmet Akif Ersoy - 4+1,30000
Seyhan / Gazipaşa - 4+1,30000
Seyhan / Gürselpaşa - 1+1,28000
Çukurova / Mahfesığmaz - 3+1,30000
Seyhan / Ziyapaşa - 4+1,27000
Yüreğir / Yavuzlar - 2+1,30000
Çukurova / Mahfesığmaz - 3+1,27000
Seyhan / Gürselpaşa - 3+1,27000
Yüreğir / Pttevleri - 3+1,28000
Sarıçam / Mehmet Akif Ersoy - 3+1,28000
Seyhan / Gürselpaşa - 3+1,29000
Çukurova / Merkez - 3+1,28000
Seyhan / Mavibulvar/Yurt - 3+1,27000
Seyhan / Gürselpaşa - 2+1,28000
Çukurova / Mahfesığmaz - 3+1,28000
Çukurova / Beyazevler - 1+1,29000
Seyhan / Yenibaraj - 3+1,30000
Çukurova / Beyazevler - 1+1,27000
Seyhan / Gürselpaşa - 1+1,29000
Çukurova / Yurt - 4+1,30000
Çukurova / Mahfesığmaz - 2+1,28500
Çukurova / Yurt - 4+1,30000
Çukurova / Huzurevleri - 3+1,30000
Seyhan / Yenibaraj - 3+1,30000
Seyhan / Zincirlibağlar - 2+1,28000
Seyhan / Mavibulvar/Yurt - 3+1,28000
Çukurova / Huzurevleri - 3+1,30000
Seyhan / Gürselpaşa - 1+1,27500
Çukurova / Beyazevler - 2+1,27500
Seyhan / Yenibaraj - 1+1,30000
Çukurova / Mahfesığmaz - 3+1,27000
Çukurova / Mahfesığmaz - 2+1,29000
Seyhan / Gazipaşa - 3+1,30000
Çukurova / Beyazevler - 1+1,29000
Çukurova / Mahfesığmaz - 3+1,28000
Çukurova / Merkez - 3+1,30000
Seyhan / Mavibulvar/Yurt - 1+1,27000
Seyhan / Yenibaraj - 2+1,30000
Seyhan / Gürselpaşa - 1+1,28000
Seyhan / Gürselpaşa - 1+1,27000
Seyhan / Mavibulvar/Yurt - 3+1,28000
Seyhan / Gazipaşa - 3+1,30000
Yumurtalık - 2+1,30000
Seyhan / Emekevler - 2+1,27000
Seyhan / Yenibaraj - 1+1,30000
Seyhan / Zincirlibağlar - 3+1,28000
Çukurova / Huzurevleri - 3+1,30000
Seyhan / Yenibaraj - 3+1,28000
Çukurova / Merkez - 3+1,30000
Çukurova / Mahfesığmaz - 3+1,29000
Seyhan / Kuruköprü - 2+1,30000
Çukurova / Mahfesığmaz - 2+1,27000
Seyhan / Gazipaşa - 2+1,28500
Yumurtalık - 3+1,27500
Çukurova / Huzurevleri - 2+1,30000
Seyhan / Yenibaraj - 3+1,30000
Çukurova / Mahfesığmaz - 2+1,29000
Yumurtalık - 1+1,29000
Çukurova / Köyler - 3+1,29500
Çukurova / Mahfesığmaz - 1+1,29500
Seyhan / Gürselpaşa - 3+1,28999
Çukurova / Merkez - 3+1,30000
Seyhan / Kuruköprü - 1+1,28000
Seyhan / Denizli - 1+1,30000
Seyhan / 2000 Evler - 3+1,29750
Seyhan / Gürselpaşa - 1+1,28500
Seyhan / Mavibulvar/Yurt - 2+1,28000
Çukurova / Yurt - 3+1,30000
Çukurova / Mahfesığmaz - 3+1,28000
Seyhan / Gürselpaşa - 1+1,27000
Seyhan / Kuruköprü - 3+1,29000
Çukurova / Mahfesığmaz - 3+1,30000
Çukurova / Mahfesığmaz - 3+1,27000
Çukurova / Yurt - 3+1,30600
Çukurova / Mahfesığmaz - 3+1,27000
Seyhan / Zincirlibağlar - 2+1,28000
Çukurova / Köyler - 3+1,30000
Seyhan / Mavibulvar/Yurt - 3+1,28000
Çukurova / Huzurevleri - 3+1,28500
Çukurova / Huzurevleri - 3+1,28000
Çukurova / Mahfesığmaz - 1+1,27400
Çukurova / Beyazevler - 1+1,28000
Çukurova / Mahfesığmaz - 2+1,30000
Seyhan / Yeşilyurt - 3+1,29000
Yumurtalık - 3+1,30000
Çukurova / Yurt - 4+1,30000
Seyhan / Yenibaraj - 3+1,29500
Çukurova / Huzurevleri - 3+1,29000
Seyhan / Denizli - 3+1,28000
Seyhan / Denizli - 2+1,27500
Çukurova / Yurt - 3+1,30000
Seyhan / Gürselpaşa - 1+1,27000
Çukurova / Beyazevler - 1+1,28000
Seyhan / Mavibulvar/Yurt - 1+1,29000
Seyhan / Kuruköprü - 2+1,30000
Çukurova / Köyler - 3+1,30000
Çukurova / Yurt - 3+1,30500
Seyhan / Yenibaraj - 3+1,30000
Çukurova / Huzurevleri - 3+1,27000
Sarıçam / Yıldırım Beyazıt - 3+1,27000
Çukurova / Mahfesığmaz - 3+1,28500
Çukurova / Huzurevleri - 4+1,27000
Çukurova / Mahfesığmaz - 3+1,30000
Çukurova / Mahfesığmaz - 3+1,30000
Seyhan / Mavibulvar/Yurt - 3+1,28500
Çukurova / Köyler - 3+1,30000
Çukurova / Huzurevleri - 4+1,28000
Seyhan / Gürselpaşa - 1+1,27000
Çukurova / Merkez - 3+1,30000
Seyhan / Gürselpaşa - 3+1,29500
Çukurova / Mahfesığmaz - 3+1,30000
Seyhan / Mavibulvar/Yurt - 3+1,27500
Çukurova / Beyazevler - 1+1,27500
Çukurova / Beyazevler - 1+1,29950
Seyhan / Gürselpaşa - 1+1,27000
Çukurova / Mahfesığmaz - 3+1,30000
Çukurova / Huzurevleri - 1+1,29000
Çukurova / Yurt - 3+1,28500
Seyhan / Gürselpaşa - 2+1,28000
Seyhan / Yenibaraj - 2+1,27500
Çukurova / Huzurevleri - 3+1,28000
Çukurova / Yurt - 3+1,27000
Çukurova / Huzurevleri - 3+1,30000
Seyhan / Gürselpaşa - 2+1,27500
Çukurova / Yurt - 3+1,28000
Çukurova / Huzurevleri - 4.5+1,29500
Seyhan / Mavibulvar/Yurt - 4+1,28000
Seyhan / Gürselpaşa - 3+1,30750
Seyhan / Yenibaraj - 2+1,27000
Seyhan / Gürselpaşa - 1+1,28000
Çukurova / Beyazevler - 1+1,28000
Çukurova / Merkez - 3+1,27000
Çukurova / Beyazevler - 1+1,29000
Seyhan / Gürselpaşa - 2+1,28500
Seyhan / Gürselpaşa - 1+1,28000
Seyhan / Yenibaraj - 4+1,30000
Seyhan / Yenibaraj - 3+1,29000
Seyhan / Yenibaraj - 3+1,30000
Seyhan / Gürselpaşa - 1+1,27000
Çukurova / Huzurevleri - 4+1,30000
Seyhan / Ziyapaşa - 3+1,28000
Seyhan / Kuruköprü - 2+1,30000
Seyhan / Kuruköprü - 2+1,30000
Seyhan / Gürselpaşa - 2+1,27000
Çukurova / Mahfesığmaz - 3+1,30500
Çukurova / Mahfesığmaz - 3+1,30000
Çukurova / Mahfesığmaz - 3+1,30000
Seyhan / Gürselpaşa - 2+1,27000
Seyhan / Denizli - 3+1,35000
Seyhan / Yenibaraj - 2+1,33000
Çukurova / Mahfesığmaz - 1+1,34000
Sarıçam - 4+1,32000
Çukurova / Huzurevleri - 3+1,33000
Seyhan / Yenibaraj - 3+1,35000
Seyhan / Gazipaşa - 3+1,35500
Seyhan / Kuruköprü - 3+1,35000
Çukurova / Yurt - 3+1,35000
Seyhan / Emekevler - 3+1,35000
Çukurova / Merkez - 2+1,31000
Çukurova / Beyazevler - 1+1,32000
Çukurova / Beyazevler - 1+1,32000
Seyhan / Yenibaraj - 2+1,31000
Çukurova / Merkez - 2+1,31500
Seyhan / Mavibulvar/Yurt - 4+1,35000
Seyhan / Denizli - 3+1,33000
Seyhan / Gazipaşa - 2+1,33500
Çukurova / Mahfesığmaz - 3+1,35000
Çukurova / Yurt - 4+1,33000
Çukurova / Mahfesığmaz - 3+1,31000
Seyhan / Gürselpaşa - 1+1,32500
Seyhan / Yenibaraj - 3+1,35000
Seyhan / Yenibaraj - 3+1,35500
Çukurova / Mahfesığmaz - 1+1,31000
Seyhan / Gazipaşa - 3+1,34000
Seyhan / Gazipaşa - 2+1,35000
Seyhan / Mavibulvar/Yurt - 3+1,34000
Çukurova / Beyazevler - 2+1,32000
Seyhan / Ziyapaşa - 3+1,35000
Seyhan / Gürselpaşa - 3+1,31000
Çukurova / Yurt - 2+1,32000
Seyhan / Gazipaşa - 2+1,32000
Çukurova / Yurt - 3+1,31000
Çukurova / Yurt - 3+1,31000
Çukurova / Köyler - 3+1,35000
Çukurova / Huzurevleri - 3+1,35500
Çukurova / Mahfesığmaz - 3+1,31000
Yumurtalık - 3+1,35000
Çukurova / Mahfesığmaz - 3+1,35500
Seyhan / Yenibaraj - 2+1,34000
Çukurova / Mahfesığmaz - 3+1,32000
Çukurova / Mahfesığmaz - 3+1,33000
Çukurova / Mahfesığmaz - 3+1,35000
Seyhan / Gazipaşa - 1+1,33000
Seyhan / Yeşilyurt - 4+1,32000
Seyhan / Gazipaşa - 3+1,35000
Seyhan / Gazipaşa - 1+1,31000
Seyhan / Gazipaşa - 3+1,33000
Çukurova / Mahfesığmaz - 2+1,35000
Seyhan / Gazipaşa - 2+1,31000
Yüreğir / Yavuzlar - 3+1,33000
Seyhan / Gürselpaşa - 3+1,32000
Çukurova / Mahfesığmaz - 3+1,35000
Seyhan / Mavibulvar/Yurt - 3+1,35000
Çukurova / Yurt - 3+1,33000
Çukurova / Mahfesığmaz - 3+1,33000
Çukurova / Merkez - 2+1,31000
Çukurova / Mahfesığmaz - 2+1,32000
Çukurova / Mahfesığmaz - 2+1,35000
Seyhan / Gazipaşa - 3+1,35000
Seyhan / Kuruköprü - 1+1,33000
Çukurova / Merkez - 3+1,34000
Seyhan / Mavibulvar/Yurt - 3+1,32000
Çukurova / Mahfesığmaz - 3+1,35000
Çukurova / Beyazevler - 1+1,35000
Çukurova / Merkez - 2+1,32000
Seyhan / Gazipaşa - 3+1,34000
Çukurova / Merkez - 2+1,35000
Çukurova / Yurt - 4+1,32000
Seyhan / Gazipaşa - 3+1,35000
Çukurova / Yurt - 2+1,32500
Çukurova / Mahfesığmaz - 2+1,35000
Çukurova / Mahfesığmaz - 3+1,35000
Seyhan / Mavibulvar/Yurt - 3+1,33000
Çukurova / Beyazevler - 1+1,31000
Seyhan / Gazipaşa - 2+1,32000
Seyhan / Gürselpaşa - 2+1,32000
Çukurova / Yurt - 3+1,32000
Çukurova / Mahfesığmaz - 1+1,32500
Çukurova / Merkez - 3+1,33500
Çukurova / Mahfesığmaz - 3+1,32000
Çukurova / Mahfesığmaz - 2+1,34500
Çukurova / Mahfesığmaz - 3+1,34000
Çukurova / Huzurevleri - 3+1,33000
Seyhan / Gürselpaşa - 2+1,31500
Çukurova / Merkez - 3+1,31000
Seyhan / Mavibulvar/Yurt - 4+1,32000
Seyhan / Gürselpaşa - 3+1,34000
Seyhan / Gazipaşa - 2+1,35000
Seyhan / Gazipaşa - 2+1,32000
Çukurova / Mahfesığmaz - 3+1,35000
Seyhan / Kuruköprü - 2+1,35000
Seyhan / Yenibaraj - 3+1,33000
Seyhan / Gazipaşa - 2+1,35000
Seyhan / Denizli - 1+1,31000
Çukurova / Mahfesığmaz - 2+1,34500
Seyhan / Gazipaşa - 3+1,35000
Seyhan / Mavibulvar/Yurt - 3+1,32000
Seyhan / Gürselpaşa - 1+1,31000
Seyhan / Gazipaşa - 2+1,32000
Çukurova / Mahfesığmaz - 1+1,32000
Çukurova / Mahfesığmaz - 3+1,32000
Seyhan / Kuruköprü - 1+1,33000
Seyhan / Gazipaşa - 2+1,33000
Çukurova / Mahfesığmaz - 1+1,35000
Çukurova / Mahfesığmaz - 3+1,33000
Seyhan / Gürselpaşa - 2+1,32000
Çukurova / Köyler - 3+1,31000
Seyhan / 2000 Evler - 3+1,32000
Çukurova / Merkez - 3+1,32000
Seyhan / Gürselpaşa - 3+1,32000
Sarıçam / Mehmet Akif Ersoy - 3+1,31000
Çukurova / Mahfesığmaz - 2+1,32000
Seyhan / Mavibulvar/Yurt - 3+1,33000
Çukurova / Mahfesığmaz - 4+1,34000
Çukurova / Huzurevleri - 3+1,35000
Seyhan / Mavibulvar/Yurt - 4+1,35000
Seyhan / Mavibulvar/Yurt - 4+1,32000
Sarıçam / Mehmet Akif Ersoy - 3+1,32000
Çukurova / Köyler - 3+1,32500
Çukurova / Mahfesığmaz - 3+1,33000
Çukurova / Mahfesığmaz - 3+1,32000
Çukurova / Huzurevleri - 3+1,35000
Çukurova / Beyazevler - 1+1,32500
Çukurova / Mahfesığmaz - 2+1,31000
Çukurova / Mahfesığmaz - 3+1,31000
Seyhan / Merkez - 4+1,35000
Çukurova / Beyazevler - 2+1,33000
Çukurova / Mahfesığmaz - 1+1,35000
Çukurova / Huzurevleri - 4+1,32500
Seyhan / Gazipaşa - 4+1,33000
Seyhan / Gürselpaşa - 3+1,34000
Çukurova / Merkez - 2+1,32000
Seyhan / Gazipaşa - 1+1,32000
Seyhan / Ziyapaşa - 3+1,32500
Çukurova / Mahfesığmaz - 2+1,33000
Seyhan / Mavibulvar/Yurt - 3+1,33500
Seyhan / Gürselpaşa - 2+1,31000
Çukurova / Mahfesığmaz - 3+1,35000
Seyhan / Ziyapaşa - 3+1,34000
Çukurova / Mahfesığmaz - 4+1,35000
Çukurova / Mahfesığmaz - 3+1,33000
Yüreğir / Yamaçlı - 3+1,33500
Seyhan / Gürselpaşa - 4+1,35000
Seyhan / Gazipaşa - 2+1,35000
Seyhan / Yenibaraj - 3+1,35000
Seyhan / Mavibulvar/Yurt - 3+1,35000
Çukurova / Mahfesığmaz - 3+1,33500
Ceyhan / Namıkkemal - 4+1,35000
Seyhan / Mavibulvar/Yurt - 4+1,33500
Seyhan / Gazipaşa - 2+1,33000
Kozan / Köyler - 2+1,35000
Seyhan / Denizli - 3+1,35500
Seyhan / Gürselpaşa - 3+1,33000
Yüreğir / Yavuzlar - 3+1,32000
Seyhan / Kuruköprü - 2+1,35000
Seyhan / Denizli - 3+1,35000
Seyhan / Ziyapaşa - 4+1,34000
Seyhan / Gazipaşa - 2+1,35000
Seyhan / Yenibaraj - 3+1,35000
Seyhan / Gazipaşa - 3+1,35000
Seyhan / Gürselpaşa - 3+1,33000
Seyhan / Mavibulvar/Yurt - 2+1,31500
Çukurova / Mahfesığmaz - 3+1,35000
Seyhan / Yenibaraj - 3+1,34950
Çukurova / Yurt - 3+1,31000
Seyhan / Gürselpaşa - 3+1,35000
Sarıçam / Yıldırım Beyazıt - 3+1,35000
Çukurova / Yurt - 4+1,35000
Seyhan / Emekevler - 2+1,31250
Çukurova / Beyazevler - 1+1,35000
Çukurova / Mahfesığmaz - 3+1,33500
Seyhan / Gazipaşa - 3+1,35000
Çukurova / Beyazevler - 1+1,32950
Seyhan / Gazipaşa - 3+1,33000
Seyhan / Mavibulvar/Yurt - 3+1,33500
Seyhan / Yenibaraj - 3+1,32000
Seyhan / Gürselpaşa - 2+1,32000
Seyhan / Gazipaşa - 3+1,32000
Seyhan / Gazipaşa - 1+1,32000
Seyhan / Gürselpaşa - 3+1,32000
Seyhan / Gürselpaşa - 3+1,32000
Seyhan / Kuruköprü - 1+1,35000
Seyhan / Yenibaraj - 2+1,32000
Çukurova / Huzurevleri - 3+1,33999
Çukurova / Mahfesığmaz - 3+1,35000
Çukurova / Mahfesığmaz - 1+1,32000
Seyhan / Gürselpaşa - 3+1,33500
Çukurova / Mahfesığmaz - 2+1,35000
Seyhan / Yenibaraj - 3+1,33000
Seyhan / Emekevler - 3+1,31000
Çukurova / Huzurevleri - 3+1,32000
Çukurova / Köyler - 3+1,32000
Seyhan / Mavibulvar/Yurt - 3+1,32000
Çukurova / Mahfesığmaz - 3+1,32000
Seyhan / Gürselpaşa - 2+1,33500
Çukurova / Köyler - 3.5+1,35000
Seyhan / Yeşilyurt - 3+1,33000
Seyhan / Gürselpaşa - 3+1,31000
Çukurova / Merkez - 3+1,34000
Seyhan / Gürselpaşa - 4+1,34000
Çukurova / Merkez - 3+1,35000
Çukurova / Mahfesığmaz - 2+1,33000
Seyhan / Gürselpaşa - 3+1,31000
Seyhan / Gazipaşa - 2+1,35000
Çukurova / Mahfesığmaz - 3+1,35000
Seyhan / Gürselpaşa - 2+1,33000
Seyhan / Yeşilyurt - 3+1,31000
Çukurova / Merkez - 4+1,35000
Çukurova / Köyler - 4+1,35000
Çukurova / Mahfesığmaz - 3+1,35000
Sarıçam - 3+1,35000
Çukurova / Beyazevler - 3+1,32000
Seyhan / Gürselpaşa - 2+1,32000
Çukurova / Merkez - 3+1,32000
Seyhan / Gürselpaşa - 1+1,33000
Çukurova / Beyazevler - 1+1,32000
Çukurova / Mahfesığmaz - 2+1,35000
Çukurova / Huzurevleri - 1+1,35000
Çukurova / Huzurevleri - 1+1,32000
Seyhan / Gürselpaşa - 3+1,35000
Çukurova / Mahfesığmaz - 1+1,34000
Çukurova / Huzurevleri - 2+1,35000
Çukurova / Merkez - 2+1,35000
Seyhan / Gürselpaşa - 3+1,34000
Çukurova / Huzurevleri - 1+1,31000
Çukurova / Mahfesığmaz - 3+1,32500
Seyhan / Mavibulvar/Yurt - 3+1,35999
Çukurova / Mahfesığmaz - 2+1,32000
Ceyhan / Namıkkemal - 4+1,35000
Çukurova / Huzurevleri - 1+1,32000
Çukurova / Yurt - 3+1,35000
Çukurova / Mahfesığmaz - 3+1,32000
Seyhan / Gürselpaşa - 3+1,31000
Çukurova / Mahfesığmaz - 3+1,35000
Çukurova / Huzurevleri - 3+1,31500
Seyhan / Yenibaraj - 3+1,33000
Çukurova / Mahfesığmaz - 3+1,33000
Seyhan / Gürselpaşa - 1+1,35000
Seyhan / Gazipaşa - 1+1,33000
Çukurova / Yurt - 4+1,35000
Seyhan / Gazipaşa - 3+1,35000
Seyhan / Gazipaşa - 3+1,32000
Seyhan / Kuruköprü - 2+1,32000
Çukurova / Mahfesığmaz - 4+1,31000
Seyhan / Yenibaraj - 3+1,31500
Seyhan / Gazipaşa - 1+1,32000
Seyhan / Emekevler - 2+1,31000
Çukurova / Beyazevler - 3+1,32000
Çukurova / Merkez - 3+1,31000
Seyhan / Yenibaraj - 2+1,33000
Çukurova / Mahfesığmaz - 3+1,35500
Çukurova / Mahfesığmaz - 2+1,35000
Yumurtalık - 3+1,31000
Seyhan / Gazipaşa - 2.5+1,32000
Çukurova / Mahfesığmaz - 4+1,35000
Seyhan / Mavibulvar/Yurt - 3+1,35000
Seyhan / Gürselpaşa - 1+1,32500
Çukurova / Beyazevler - 2+1,32000
Çukurova / Yurt - 3+1,35000
Çukurova / Mahfesığmaz - 3+1,35000
Çukurova / Yurt - 2+1,31500
Çukurova / Mahfesığmaz - 3+1,32000
Çukurova / Yurt - 3+1,32000
Seyhan / Emekevler - 3+1,35000
Seyhan / Gürselpaşa - 4+1,35000
Seyhan / Mavibulvar/Yurt - 3+1,35000
Çukurova / Mahfesığmaz - 4+1,34900
Çukurova / Mahfesığmaz - 2+1,32000
Seyhan / Yeşilevler - 4+1,34000
Çukurova / Yurt - 2+1,35000
Çukurova / Köyler - 3+1,35000
Seyhan / Gürselpaşa - 2+1,31000
Seyhan / Gürselpaşa - 2+1,33000
Çukurova / Merkez - 2+1,35000
Seyhan / Mavibulvar/Yurt - 3+1,33000
Çukurova / Beyazevler - 1+1,32000
Çukurova / Huzurevleri - 3+1,32000
Çukurova / Merkez - 3+1,31500
Çukurova / Merkez - 3+1,34000
Seyhan / Zincirlibağlar - 3+1,33000
Seyhan / Gürselpaşa - 1+1,35000
Seyhan / Ziyapaşa - 3+1,35500
Seyhan / Yenibaraj - 3+1,33000
Seyhan / Yenibaraj - 3+1,35000
Çukurova / Yurt - 3+1,33000
Çukurova / Mahfesığmaz - 3+1,35000
Çukurova / Mahfesığmaz - 3+1,33500
Seyhan / Gürselpaşa - 4+1,34000
Çukurova / Huzurevleri - 3+1,35999
Seyhan / Yenibaraj - 2+1,33950
Yüreğir / Yavuzlar - 3+1,31000
Seyhan / Gazipaşa - 2+1,32000
Çukurova / Huzurevleri - 3+1,32500
Çukurova / Huzurevleri - 1+1,31950
Seyhan / Yenibaraj - 3+1,35000
Çukurova / Merkez - 3+1,32500
Seyhan / Emekevler - 2+1,35000
Çukurova / Merkez - 3+1,32000
Seyhan / Emekevler - 3+1,34000
Çukurova / Huzurevleri - 3+1,33000
Seyhan / Mavibulvar/Yurt - 3+1,35000
Seyhan / Yeşilyurt - 4+1,33000
Çukurova / Merkez - 3+1,33000
Çukurova / Köyler - 3+1,31000
Çukurova / Mahfesığmaz - 3+1,32000
Çukurova / Köyler - 4+1,35000
Seyhan / Zincirlibağlar - 2+1,35000
Çukurova / Mahfesığmaz - 1+1,31000
Çukurova / Huzurevleri - 1+1,34000
Seyhan / Gazipaşa - 3+1,35500
Çukurova / Huzurevleri - 4+1,35000
Seyhan / Emekevler - 3+1,34750
Seyhan / Gazipaşa - 1+1,31900
Çukurova / Huzurevleri - 3+1,32000
Seyhan / Zincirlibağlar - 3+1,33000
Seyhan / Yenibaraj - 3+1,32000
Çukurova / Mahfesığmaz - 3+1,35000
Seyhan / Gazipaşa - 3+1,35000
Sarıçam - 3+1,35000
Çukurova / Mahfesığmaz - 3+1,32000
Seyhan / Yenibaraj - 2+1,31000
Seyhan / Yenibaraj - 3+1,35000
Seyhan / Yenibaraj - 3+1,35000
Seyhan / Yenibaraj - 3+1,35000
Seyhan / Yenibaraj - 3+1,35000
Çukurova / Merkez - 3+1,33500
Seyhan / Gürselpaşa - 3+1,42000
Çukurova / Mahfesığmaz - 1+1,40000
Seyhan / Mavibulvar/Yurt - 4+1,42500
Seyhan / Gürselpaşa - 3+1,40000
Seyhan / Gürselpaşa - 3+1,36000
Seyhan / Gürselpaşa - 3+1,43000
Seyhan / Yeşilevler - 3+1,42000
Seyhan / Emekevler - 3+1,37000
Çukurova / Mahfesığmaz - 3+1,40000
Seyhan / Yenibaraj - 4+1,38500
Seyhan / Kuruköprü - 1+1,41000
Seyhan / Gazipaşa - 4+1,39000
Çukurova / Huzurevleri - 2+1,36500
Seyhan / Yeşilevler - 3+1,40000
Seyhan / Gazipaşa - 3+1,36000
Çukurova / Huzurevleri - 3+1,36000
Seyhan / Yeşilevler - 3+1,42000
Seyhan / Gazipaşa - 3+1,40000
Çukurova / Mahfesığmaz - 3+1,36000
Çukurova / Mahfesığmaz - 1+1,37000
Çukurova / Mahfesığmaz - 4+1,38000
Çukurova / Mahfesığmaz - 4+1,42000
Çukurova / Mahfesığmaz - 4+1,37250
Çukurova / Mahfesığmaz - 4+1,40000
Seyhan / Gürselpaşa - 2+1,41000
Çukurova / Mahfesığmaz - 3+1,36000
Çukurova / Huzurevleri - 1+1,36000
Çukurova / Huzurevleri - 5+1,44000
Çukurova / Beyazevler - 5+1,39000
Seyhan / Gazipaşa - 3+1,37000
Yüreğir / Yavuzlar - 5+1,37500
Çukurova / Mahfesığmaz - 4+1,42000
Sarıçam / Köyler - 4.5+1,41000
Yüreğir / Kazım Karabekir - 3+1,36000
Çukurova / Huzurevleri - 3+1,38000
Seyhan / Yeşilevler - 3+1,43000
Seyhan / Emekevler - 4+1,36000
Seyhan / Yenibaraj - 3+1,36500
Seyhan / 2000 Evler - 3+1,39000
Çukurova / Mahfesığmaz - 2+1,42000
Seyhan / Gazipaşa - 2+1,42000
Seyhan / Gürselpaşa - 4+1,42000
Çukurova / Huzurevleri - 4+1,39000
Çukurova / Huzurevleri - 4+1,36000
Seyhan / Yenibaraj - 3+1,37000
Seyhan / 2000 Evler - 3+1,37500
Seyhan / Gürselpaşa - 4+1,40000
Seyhan / Gürselpaşa - 4+1,40000
Seyhan / Gürselpaşa - 4+1,40000
Seyhan / Emekevler - 4+1,36000
Seyhan / Gürselpaşa - 3+1,38000
Çukurova / Huzurevleri - 1+1,36500
Seyhan / Gazipaşa - 2+1,40000
Çukurova / Huzurevleri - 4+1,40000
Seyhan / Gazipaşa - 3+1,39500
Çukurova / Mahfesığmaz - 4+1,36000
Çukurova / Mahfesığmaz - 3+1,36000
Seyhan / Gazipaşa - 2+1,37500
Seyhan / Mavibulvar/Yurt - 3+1,36000
Seyhan / Yenibaraj - 4+1,39000
Seyhan / Emekevler - 3+1,37000
Seyhan / Gazipaşa - 3+1,41000
Seyhan / Gürselpaşa - 3+1,39500
Seyhan / Yeşilevler - 3+1,42000
Seyhan / Yenibaraj - 3+1,37000
Çukurova / Huzurevleri - 3+1,36000
Çukurova / Huzurevleri - 4+1,40000
Sarıçam / Mehmet Akif Ersoy - 3+1,42000
Çukurova / Köyler - 5+1,42000
Seyhan / Emekevler - 3+1,40000
Çukurova / Mahfesığmaz - 3+1,36000
Çukurova / Mahfesığmaz - 4+1,37000
Seyhan / Emekevler - 3+1,36000
Seyhan / Gürselpaşa - 2+1,40000
Seyhan / Gürselpaşa - 3+1,39500
Çukurova / Yurt - 4+1,40000
Seyhan / Yeşilevler - 3+1,40750
Seyhan / Gazipaşa - 3+1,37000
Seyhan / Yenibaraj - 4+1,40000
Seyhan / Gürselpaşa - 2+1,36500
Seyhan / Mavibulvar/Yurt - 4+1,41000
Çukurova / Beyazevler - 3+1,39000
Çukurova / Beyazevler - 3+1,39000
Seyhan / Gürselpaşa - 4+1,40000
Seyhan / Gürselpaşa - 3+1,36000
Çukurova / Yurt - 4+1,36000
Seyhan / Emekevler - 4+1,43000
Çukurova / Mahfesığmaz - 3+1,36000
Seyhan / Yeşilevler - 2+1,36000
Çukurova / Mahfesığmaz - 4+1,39000
Karataş - 3+1,42000
Çukurova / Mahfesığmaz - 4+1,38000
Seyhan / Mavibulvar/Yurt - 2+1,42000
Seyhan / Emekevler - 4+1,40500
Seyhan / Gürselpaşa - 2+1,36000
Çukurova / Köyler - 3+1,40000
Çukurova / Mahfesığmaz - 4+1,38000
Çukurova / Mahfesığmaz - 2+1,37000
Çukurova / Mahfesığmaz - 3+1,36000
Çukurova / Huzurevleri - 3+1,40000
Çukurova / Mahfesığmaz - 3+1,40000
Çukurova / Beyazevler - 3+1,40000
Çukurova / Mahfesığmaz - 3+1,40000
Seyhan / Emekevler - 3+1,36000
Seyhan / Emekevler - 3+1,36999
Seyhan / Mavibulvar/Yurt - 3.5+1,44000
Çukurova / Huzurevleri - 3+1,39000
Seyhan / Gazipaşa - 4+1,40000
Çukurova / Mahfesığmaz - 3+1,37000
Çukurova / Mahfesığmaz - 3+1,38000
Çukurova / Mahfesığmaz - 3+1,40000
Seyhan / Yeşilevler - 3+1,36000
Seyhan / Yeşilyurt - 3+1,38000
Seyhan / Yeşilevler - 3+1,44000
Seyhan / Gürselpaşa - 2+1,39500
Çukurova / Mahfesığmaz - 4+1,39500
Seyhan / Yeşilevler - 3+1,42000
Seyhan / Gazipaşa - 3+1,40000
Çukurova / Merkez - 4+1,40000
Seyhan / Yeşilyurt - 4+1,42500
Seyhan / Emekevler - 3+1,37500
Çukurova / Mahfesığmaz - 4+1,36000
Seyhan / Gürselpaşa - 4+1,38000
Seyhan / Mavibulvar/Yurt - 3+1,40000
Seyhan / Gazipaşa - 3+1,37000
Seyhan / Emekevler - 3+1,37500
Çukurova / Merkez - 3+1,40000
Seyhan / Yeşilyurt - 4+1,39000
Seyhan / Yenibaraj - 3+1,37000
Seyhan / Mavibulvar/Yurt - 4+1,40000
Seyhan / Gazipaşa - 2+1,36000
Seyhan / Gürselpaşa - 3+1,36000
Seyhan / Gazipaşa - 3+1,40000
Seyhan / Gazipaşa - 2+1,38000
Çukurova / Mahfesığmaz - 3+1,37500
Çukurova / Huzurevleri - 4+1,41000
Çukurova / Köyler - 5+1,41000
Seyhan / 2000 Evler - 4+1,42000
Çukurova / Merkez - 3+1,40750
Seyhan / Mavibulvar/Yurt - 4+1,40000
Seyhan / Gazipaşa - 3+1,42000
Çukurova / Yurt - 4+1,42000
Çukurova / Mahfesığmaz - 3+1,38000
Seyhan / Gürselpaşa - 3+1,37000
Çukurova / Mahfesığmaz - 3+1,39000
Çukurova / Mahfesığmaz - 4+1,40000
Çukurova / Mahfesığmaz - 4+1,36000
Seyhan / Emekevler - 3+1,37000
Seyhan / Gürselpaşa - 4+1,40000
Seyhan / Gazipaşa - 2+1,38000
Seyhan / Gürselpaşa - 3+1,36500
Seyhan / Yeşilevler - 3+1,43000
Seyhan / Kuruköprü - 3+1,44000
Seyhan / Yenibaraj - 3+1,36500
Seyhan / Emekevler - 3+1,37500
Seyhan / Gazipaşa - 3+1,43000
Sarıçam / Mehmet Akif Ersoy - 5+2,44000
Seyhan / Gürselpaşa - 3+1,39000
Seyhan / Gürselpaşa - 3+1,36000
Çukurova / Huzurevleri - 4+1,38000
Seyhan / Mavibulvar/Yurt - 4+1,36000
Seyhan / Gürselpaşa - 3+1,40000
Seyhan / Mavibulvar/Yurt - 3+1,36000
Seyhan / Gazipaşa - 2+1,37000
Seyhan / Emekevler - 3+1,37500
Seyhan / Mavibulvar/Yurt - 3+1,36500
Seyhan / Gürselpaşa - 5.5+1,37500
Seyhan / Gazipaşa - 2+1,39000
Seyhan / Emekevler - 3+1,37500
Sarıçam / Köyler - 3+1,40500
Çukurova / Mahfesığmaz - 4+1,38500
Çukurova / Beyazevler - 4+1,37000
Seyhan / Yeşilyurt - 2+1,37000
Seyhan / 2000 Evler - 3+1,37500
Seyhan / Emekevler - 3+1,40000
Seyhan / Emekevler - 3+1,37500
Çukurova / Mahfesığmaz - 3+1,38000
Seyhan / Mavibulvar/Yurt - 4+1,36000
Çukurova / Merkez - 2+1,38000
Seyhan / Gürselpaşa - 3+1,40000
Çukurova / Merkez - 4+1,42000
Seyhan / Yeşilyurt - 4+1,40000
Seyhan / Gürselpaşa - 3+1,40000
Seyhan / 2000 Evler - 4+1,38000
Yumurtalık - 2+1,40000
Seyhan / Mavibulvar/Yurt - 4+1,42000
Seyhan / Gazipaşa - 2+1,38000
Çukurova / Huzurevleri - 3+1,37500
Seyhan / Yenibaraj - 4+1,39000
Seyhan / Gürselpaşa - 5+1,43000
Çukurova / Köyler - 3+1,39000
Seyhan / Gürselpaşa - 4+1,37500
Çukurova / Mahfesığmaz - 3+1,42000
Seyhan / Gazipaşa - 3+1,36000
Seyhan / Mavibulvar/Yurt - 4+1,38000
Seyhan / Emekevler - 3+1,36500
Çukurova / Huzurevleri - 1+1,40000
Çukurova / Huzurevleri - 4+1,40000
Çukurova / Mahfesığmaz - 4+1,38000
Seyhan / Yenibaraj - 3+1,40000
Seyhan / Mavibulvar/Yurt - 4+1,36000
Çukurova / Mahfesığmaz - 3+1,40000
Sarıçam / Mehmet Akif Ersoy - 3+1,40000
Çukurova / Köyler - 5+1,40000
Seyhan / Emekevler - 3+1,40000
Çukurova / Mahfesığmaz - 4+1,42000
Seyhan / Mavibulvar/Yurt - 3+1,43000
Seyhan / Yenibaraj - 4+1,36000
Seyhan / Gazipaşa - 3+1,36000
Seyhan / Yeşilyurt - 4+1,39000
Çukurova / Mahfesığmaz - 3+1,42500
Çukurova / Mahfesığmaz - 2+1,40000
Çukurova / Mahfesığmaz - 2+1,36000
Seyhan / Gürselpaşa - 3+1,42000
Seyhan / Gazipaşa - 2+1,40000
Çukurova / Yurt - 2.5+1,40000
Seyhan / Emekevler - 3+1,40000
Çukurova / Mahfesığmaz - 3+1,44000
Seyhan / Gürselpaşa - 3+1,40000
Seyhan / Ziyapaşa - 4+1,40000
Çukurova / Merkez - 4+1,37000
Çukurova / Merkez - 3+1,43000
Çukurova / Mahfesığmaz - 3+1,40250
Seyhan / Yenibaraj - 4+1,39000
Seyhan / Yenibaraj - 3+1,36000
Seyhan / Mavibulvar/Yurt - 3+1,40000
Seyhan / Ziyapaşa - 4+1,40000
Seyhan / Yeşilevler - 2+1,36000
Seyhan / Gürselpaşa - 3+1,45000
Çukurova / Mahfesığmaz - 2+1,55000
Seyhan / Ziyapaşa - 5+1,55000
Çukurova / Mahfesığmaz - 5+1,50000
Yüreğir / Kazım Karabekir - 4+1,50000
Çukurova / Merkez - 2+1,45000
Çukurova / Köyler - 5+1,47500
Seyhan / Gürselpaşa - 4+1,48000
Seyhan / Ziyapaşa - 3+1,55000
Çukurova / Mahfesığmaz - 3+1,45000
Sarıçam / Köyler - 4+1,50000
Çukurova / Mahfesığmaz - 3+1,50000
Çukurova / Merkez - 5+1,55000
Çukurova / Köyler - 4+1,58000
Sarıçam / Mehmet Akif Ersoy - 5+1,55000
Seyhan / Gazipaşa - 3+1,46000
Çukurova / Merkez - 5+1,55000
Seyhan / Mavibulvar/Yurt - 4+1,55000
Çukurova / Mahfesığmaz - 4+1,45000
Seyhan / Gürselpaşa - 4+1,47000
Seyhan / Kuruköprü - 2+1,49000
Sarıçam / Köyler - 5+1,45000
Seyhan / Gazipaşa - 2+1,50000
Seyhan / Gazipaşa - 3+1,45000
Seyhan / Gürselpaşa - 4+1,55000
Seyhan / Gürselpaşa - 4+1,55000
Seyhan / Gürselpaşa - 4+1,45000
Seyhan / 2000 Evler - 3+1,45000
Çukurova / Köyler - 4+1,55000
Seyhan / 2000 Evler - 3+1,45000
Çukurova / Merkez - 4+1,55000
Seyhan / Gazipaşa - 3+1,48000
Seyhan / Gazipaşa - 2+1,50000
Sarıçam / Mehmet Akif Ersoy - 3+1,50000
Çukurova / Merkez - 3+1,48000
Çukurova / Huzurevleri - 4+1,54000
Seyhan / Gazipaşa - 3+1,50000
Çukurova / Merkez - 3+1,45000
Seyhan / Yenibaraj - 4+1,50000
Çukurova / Mahfesığmaz - 4+1,45000
Seyhan / Mavibulvar/Yurt - 4+1,55000
Seyhan / 2000 Evler - 4.5+1,47400
Seyhan / Gazipaşa - 5+1,55000
Seyhan / Gazipaşa - 5+1,50000
Seyhan / Gazipaşa - 3+1,50000
Çukurova / Mahfesığmaz - 4+1,55000
Sarıçam / Köyler - 5+1,45000
Çukurova / Köyler - 4+1,55000
Seyhan / 2000 Evler - 4+1,51000
Sarıçam / Köyler - 5+1,45000
Seyhan / Gürselpaşa - 4+1,53000
Yumurtalık - 2+1,55000
Çukurova / Huzurevleri - 1+1,45000
Çukurova / Mahfesığmaz - 3+1,48500
Seyhan / Gürselpaşa - 4+1,45500
Seyhan / Gazipaşa - 4+1,55000
Çukurova / Mahfesığmaz - 4+1,50000
Seyhan / 2000 Evler - 3+1,45000
Çukurova / Mahfesığmaz - 4+1,50000
Seyhan / Yenibaraj - 4+1,52000
Çukurova / Huzurevleri - 4+1,48000
Seyhan / Ziyapaşa - 4+1,55000
Çukurova / Huzurevleri - 1+1,50000
Seyhan / Ziyapaşa - 4+1,55000
Seyhan / Gazipaşa - 4+1,55000
Seyhan / Kuruköprü - 2+1,46000
Çukurova / Merkez - 4+1,47000
Çukurova / Mahfesığmaz - 2+1,55000
Seyhan / Gürselpaşa - 3+1,52500
Sarıçam / Mehmet Akif Ersoy - 4+1,54000
Seyhan / Emekevler - 2+1,50000
Çukurova / Mahfesığmaz - 3+1,50000
Yüreğir / Kazım Karabekir - 4+1,50000
Çukurova / Mahfesığmaz - 3+1,51750
Seyhan / Gürselpaşa - 3+1,47000
Çukurova / Mahfesığmaz - 3+1,45500
Çukurova / Köyler - 4+1,45000
Çukurova / Mahfesığmaz - 4+1,59500
Çukurova / Mahfesığmaz - 3+1,50000
Seyhan / Yenibaraj - 3+1,45000
Çukurova / Köyler - 5+1,45000
Çukurova / Huzurevleri - 4+1,50000
Çukurova / Merkez - 4+1,50000
Yüreğir / Kazım Karabekir - 4+1,55000
Seyhan / Gazipaşa - 2+1,53500
Çukurova / Mahfesığmaz - 2+1,45000
Seyhan / Gazipaşa - 2+1,50000
Çukurova / Mahfesığmaz - 5+1,53000
Sarıçam / Mehmet Akif Ersoy - 5+1,55000
Çukurova / Mahfesığmaz - 3+1,48500
Seyhan / Emekevler - 3+1,45000
Seyhan / Gürselpaşa - 5+1,45000
Çukurova / Merkez - 4+1,51000
Seyhan / Gürselpaşa - 4+1,46000
Çukurova / Yurt - 4+1,57000
Çukurova / Merkez - 4+1,45500
Seyhan / Merkez - 4+1,55000
Seyhan / Gürselpaşa - 4+1,45000
Seyhan / Gürselpaşa - 4+1,54000
Çukurova / Mahfesığmaz - 4+1,55000
Çukurova / Yurt - 6+2,45000
Çukurova / Merkez - 4+1,59000
Çukurova / Yurt - 5+1,45000
Çukurova / Mahfesığmaz - 4+1,45000
Seyhan / Gürselpaşa - 4+1,45000
Çukurova / Huzurevleri - 4+1,45500
Çukurova / Yurt - 5+1,45000
Çukurova / Huzurevleri - 1+1,49000
Seyhan / Mavibulvar/Yurt - 4+1,52000
Seyhan / 2000 Evler - 4+1,45000
Seyhan / Gürselpaşa - 4+1,50000
Seyhan / Gazipaşa - 2+1,45000
Çukurova / Mahfesığmaz - 3+1,58000
Seyhan / Mavibulvar/Yurt - 4+1,46000
Çukurova / Mahfesığmaz - 3+1,58000
Seyhan / Mavibulvar/Yurt - 4+1,45000
Seyhan / Ziyapaşa - 5+1,55000
Seyhan / Gürselpaşa - 4+1,50000
Seyhan / Gürselpaşa - 4+1,50000
Seyhan / Gazipaşa - 2+1,45000
Seyhan / Gazipaşa - 5+1,55000
Seyhan / Emekevler - 2+1,52000
Çukurova / Huzurevleri - 1+1,50000
Seyhan / Gazipaşa - 2+1,45000
Çukurova / Köyler - 4+1,50000
Seyhan / Mavibulvar/Yurt - 3+1,45000
Çukurova / Mahfesığmaz - 4+1,55000
Seyhan / Gazipaşa - 4+1,52000
Seyhan / Gazipaşa - 2+1,50000
Seyhan / Gürselpaşa - 4+1,45000
Seyhan / Kuruköprü - 4+1,55000
Çukurova / Köyler - 4+1,55000
Çukurova / Mahfesığmaz - 4+1,55000
Seyhan / Gazipaşa - 4+1,55000
Çukurova / Mahfesığmaz - 4+1,50000
Seyhan / 2000 Evler - 4+1,55000
Yüreğir / Kazım Karabekir - 3+1,50000
Çukurova / Mahfesığmaz - 4+1,45000
Çukurova / Merkez - 4+1,45900
Seyhan / Gürselpaşa - 4+1,54000
Seyhan / Gürselpaşa - 4+1,50000
Çukurova / Mahfesığmaz - 3+1,50000
Çukurova / Merkez - 5+2,53500
Seyhan / Gürselpaşa - 4+1,48000
Seyhan / Zincirlibağlar - 3+1,47000
Seyhan / Gazipaşa - 4+1,45000
Seyhan / Kuruköprü - 2+1,50000
Seyhan / Gazipaşa - 2+1,55000
Çukurova / Merkez - 3+1,52000
Çukurova / Merkez - 4+1,47000
Seyhan / Mavibulvar/Yurt - 2+1,50000
Seyhan / Mavibulvar/Yurt - 3+1,47000
Seyhan / Gazipaşa - 5+1,55000
Çukurova / Merkez - 5+1,59000
Seyhan / Gürselpaşa - 4+1,52500
Çukurova / Mahfesığmaz - 4+1,45000
Çukurova / Mahfesığmaz - 5+1,55000
Yüreğir / Yavuzlar - 4+1,66000
Çukurova / Köyler - 5+1,100000
Çukurova / Merkez - 2+1,210000
Çukurova / Köyler - 5+1,90000
Sarıçam / Köyler - 5+2,115000
Seyhan / 2000 Evler - 3+1,360000
Seyhan / Gürselpaşa - 3+1,385000
Çukurova / Yurt - 2+1,340000
Seyhan / Gürselpaşa - 3+1,310000
Seyhan / Gazipaşa - 2+1,300000
Yumurtalık - 1+1,200000
Seyhan / Gürselpaşa - 2+1,310000
Seyhan / Mavibulvar/Yurt - 4+1,415000
Seyhan / Gürselpaşa - 4+1,499000
Çukurova / Yurt - 3+1,240000
Seyhan / Gazipaşa - 2+1,400000
Çukurova / Huzurevleri - 4+1,300000
Seyhan / Emek - 2+1,160000
Yüreğir / Yavuzlar - 2+1,130000
Çukurova / Mahfesığmaz - 2+1,280000
Çukurova / Mahfesığmaz - 3+1,308000
Sarıçam / Sofulu - 2+1,100000
Sarıçam / Sofulu - 1+1,195000
Seyhan / Gürselpaşa - 4+1,850000
Sarıçam / Sofulu - 2+1,125000
Seyhan / Ziyapaşa - 3+1,240000
Seyhan / Gürselpaşa - 4+1,600000
Seyhan / Yenibaraj - 2+1,275000
Çukurova / Köyler - 4+1,110000
Çukurova / Mahfesığmaz - 4+1,60000
Sarıçam - 2+1,110000
Çukurova / Merkez - 3+1,135000
Pozantı - 3+1,180000
Çukurova / Merkez - 2+1,235000
Çukurova / Yurt - 3+1,355000
Çukurova / Köyler - 2+1,195000
Seyhan / Yeşilyurt - 3+1,195000
Yüreğir / Yavuzlar - 2+1,150000
Seyhan / Gazipaşa - 3+1,235000
Seyhan / Gazipaşa - 4+1,475000
Seyhan / Gazipaşa - 2+1,330000
Çukurova / Köyler - 3+1,130000
Seyhan / Fevzipaşa - 2+1,260000
Yüreğir / Kazım Karabekir - 3+1,400000
Seyhan / Gazipaşa - 2+1,310000
Seyhan / Gürselpaşa - 3+1,335000
Çukurova / Köyler - 3+1,700000
Çukurova / Mahfesığmaz - 3+1,250000
Seyhan / Gazipaşa - 2+1,395000
Çukurova / Huzurevleri - 3+1,225000
Çukurova / Mahfesığmaz - 3+1,225000
Seyhan / Gürselpaşa - 4+1,67000
Çukurova / Mahfesığmaz - 4+1,400000
Seyhan / Mavibulvar/Yurt - 3+1,185000
Yüreğir / Yamaçlı - 3+1,250000
Yüreğir / Haydaroğlu - 3+1,180000
Seyhan / Gürselpaşa - 2.5+1,450000
Seyhan / Zincirlibağlar - 2+1,160000
Çukurova / Köyler - 5+1,85000
Seyhan / Denizli - 2+1,160000
Seyhan / Gürselpaşa - 3+1,300000
Seyhan / Gazipaşa - 3+1,320000
Seyhan / Merkez - 3+1,235000
Seyhan / Gazipaşa - 3+1,320000
Seyhan / Denizli - 2+1,110000
Seyhan / Gürselpaşa - 4+1,67500
Çukurova / Köyler - 4+1,105000
Sarıçam / Sofulu - 2+1,160000
Sarıçam / Mehmet Akif Ersoy - 3+1,260000
Sarıçam / Mehmet Akif Ersoy - 3+1,240000
Yüreğir / Yavuzlar - 3+1,175000
Çukurova / Mahfesığmaz - 3+1,250000
Çukurova / Huzurevleri - 3+1,335000
Ceyhan / Namıkkemal - 3+1,300000
Çukurova / Merkez - 3+1,520000
Kozan / Merkez - 3+1,180000
Seyhan / Gürselpaşa - 2+1,315000
Yüreğir / Keresteciler - 3+1,205000
Çukurova / Merkez - 2+1,169000
Sarıçam / Mehmet Akif Ersoy - 5+1,75000
Sarıçam / Mehmet Akif Ersoy - 6+1,80000
Seyhan / Denizli - 2+1,123000
Sarıçam - 2+1,125000
Yüreğir / Havutlu - 2+1,230000
Seyhan / Ziyapaşa - 4+1,312000
Sarıçam / Mehmet Akif Ersoy - 2+1,120000
Sarıçam / Mehmet Akif Ersoy - 4+2,900000
Çukurova / Köyler - 3+1,350000
Seyhan / Gazipaşa - 2+1,400000
Çukurova / Mahfesığmaz - 4+1,66000
Seyhan / Saydam - 3+1,215000
Çukurova / Mahfesığmaz - 3+1,360000
Seyhan / Gürselpaşa - 4+1,70000
Seyhan / Gürselpaşa - 3+1,140000
Çukurova / Mahfesığmaz - 3+1,180000
Seyhan / Gürselpaşa - 2+1,168000
Çukurova / Yurt - 3+1,230000
Çukurova / Mahfesığmaz - 3+1,219999
Seyhan / Mavibulvar/Yurt - 3+1,280000
Seyhan / Gazipaşa - 3+1,65000
Seyhan / Gazipaşa - 2+1,300000
Çukurova / Köyler - 5+2,825000
Çukurova / Merkez - 3+1,220000
Sarıçam / Köyler - 4+1,280000
Seyhan / Ziyapaşa - 3+1,249000
Seyhan / Denizli - 3+1,370000
Seyhan / Mavibulvar/Yurt - 3+1,375000
Yumurtalık - 1+1,150000
Çukurova / Mahfesığmaz - 6+2,129000
Çukurova / Mahfesığmaz - 4+1,112000
Çukurova / Köyler - 4+1,450000
Sarıçam / Sofulu - 3+1,150000
Karataş / Bahçe - 2+1,425000
Çukurova / Merkez - 2+1,215000
Sarıçam - 2+1,170000
Çukurova / Mahfesığmaz - 2+1,375000
Seyhan / Gürselpaşa - 3+1,350000
Çukurova / Köyler - 4+1,600000
Çukurova / Huzurevleri - 4+1,375000
Seyhan / Gürselpaşa - 4+1,550000
Seyhan / Mavibulvar/Yurt - 3+1,350000
Ceyhan / Namıkkemal - 3+1,250000
Kozan / Çarşı - 3+1,200000
Çukurova / Mahfesığmaz - 4+1,390000
Sarıçam / Sofulu - 3+1,165000
Çukurova / Mahfesığmaz - 3+1,248000
Seyhan / Mavibulvar/Yurt - 3+1,280000
Sarıçam / Mehmet Akif Ersoy - 2+1,135000
Çukurova / Huzurevleri - 3+1,350000
Çukurova / Yurt - 3+1,300000
Çukurova / Yurt - 3+1,300000
Çukurova / Mahfesığmaz - 2+1,204000
Çukurova / Merkez - 2+1,250000
Çukurova / Huzurevleri - 4+1,475000
Çukurova / Merkez - 3+1,325000
Sarıçam / Mehmet Akif Ersoy - 3+1,300000
Seyhan / Mavibulvar/Yurt - 4+1,360000
Çukurova / Mahfesığmaz - 3+1,1250000
Seyhan / Akkapı - 4+1,340000
Çukurova / Huzurevleri - 3+1,225000
Çukurova / Merkez - 4+1,550000
Çukurova / Merkez - 5+1,61000
Çukurova / Huzurevleri - 2+1,225000
Sarıçam / Mehmet Akif Ersoy - 2+1,195000
Seyhan / Merkez - 1+1,190000
Sarıçam / Köyler - 2+1,170000
Çukurova / Mahfesığmaz - 3+1,60000
Seyhan / Emek - 3+1,125000
Seyhan / Emek - 2+1,135000
Seyhan / Mavibulvar/Yurt - 2+1,320000
Çukurova / Yurt - 3+1,360000
Çukurova / Yurt - 3+1,360000
Çukurova / Mahfesığmaz - 4+1,390000
Seyhan / Mavibulvar/Yurt - 3+1,305000
Seyhan / Denizli - 2+1,230000
Yüreğir / Keresteciler - 2+1,145000
Çukurova / Huzurevleri - 4+1,320000
Seyhan / Mavibulvar/Yurt - 3+1,420000
Seyhan / Gazipaşa - 2+1,350000
Sarıçam / Köyler - 2+1,125000
Çukurova / Mahfesığmaz - 3+1,750000
Yüreğir / Yavuzlar - 2+1,260000
Çukurova / Mahfesığmaz - 5+1,75000
Çukurova / Mahfesığmaz - 2+1,320000
Çukurova / Mahfesığmaz - 5+2,1000000
Yüreğir / Kazım Karabekir - 3+1,60000
Çukurova / Mahfesığmaz - 7+1,1600000
Kozan / Merkez - 3+1,130000
Karataş - 2+1,95000
Çukurova / Mahfesığmaz - 3+1,465000
Yüreğir / Kiremithane - 3+1,219000
Seyhan / Gürselpaşa - 2+1,205000
Çukurova / Huzurevleri - 4+1,450000
Seyhan / Gazipaşa - 3+1,250000
Çukurova / Merkez - 3+1,60000
Seyhan / Ziyapaşa - 3+1,250000
Sarıçam / Sofulu - 3+1,220000
Çukurova / Yurt - 4+1,310000
Seyhan / Yeşilevler - 2+1,145000
Seyhan / Denizli - 3+1,250000
Çukurova / Mahfesığmaz - 2+1,204000
Çukurova / Yurt - 3+1,300000
Çukurova / Huzurevleri - 3+1,420000
Pozantı - 2+1,150000
Yüreğir / Kazım Karabekir - 3+1,320000
Seyhan / Yenibaraj - 3+1,320000
Çukurova / Yurt - 3+1,450000
Çukurova / Huzurevleri - 3+1,250000
Sarıçam - 2+1,130000
Çukurova / Mahfesığmaz - 4+1,78000
Karataş - 3.5+1,250000
Seyhan / Mavibulvar/Yurt - 2+1,320000
Seyhan / Mavibulvar/Yurt - 3+1,350000
Çukurova / Merkez - 5+1,60000
Seyhan / Merkez - 2+1,120000
Çukurova / Merkez - 2+1,115000
Sarıçam - 2+1,270000
Çukurova / Yurt - 4+1,370000
Seyhan / Emekevler - 4+1,100000
Seyhan / Emekevler - 3+1,340000
Çukurova / Yurt - 4+1,365000
Çukurova / Köyler - 4+1,67000
Seyhan / Merkez - 4+1,200000
Çukurova / Merkez - 4+1,99000
Yüreğir / Yavuzlar - 2+1,110000
Sarıçam / Sofulu - 3+1,180000
Sarıçam / Köyler - 8+2,62000
Çukurova / Yurt - 4+1,300000
Sarıçam / Mehmet Akif Ersoy - 3+1,240000
Seyhan / Yeşilevler - 2+1,250000
Seyhan / Zincirlibağlar - 3+1,250000
Seyhan / Mavibulvar/Yurt - 2+1,295000
Çukurova / Mahfesığmaz - 2+1,460000
Seyhan / Mavibulvar/Yurt - 3+1,350000
Çukurova / Merkez - 4+1,65000
Seyhan / Zincirlibağlar - 2+1,160000
Karataş - 2+1,210000
Çukurova / Mahfesığmaz - 3+1,390000
Çukurova / Merkez - 1+1,260000
Çukurova / Mahfesığmaz - 4+1,250000
Seyhan / Gazipaşa - 3+1,300000
Sarıçam / Köyler,70000
Çukurova / Mahfesığmaz - 3+1,280000
Seyhan / Mavibulvar/Yurt - 2+1,185000
Seyhan / Meydan - 3+1,80000
Çukurova / Merkez - 3+1,545000
Çukurova / Merkez - 2+1,75000
Çukurova / Merkez - 2+1,185000
Çukurova / Mahfesığmaz - 4+1,320000
Yüreğir / Yavuzlar - 4+1,100000
Seyhan / Mavibulvar/Yurt - 4+1,350000
Seyhan / Mavibulvar/Yurt - 2+1,189000
Seyhan / Gürselpaşa - 3+1,495000
Seyhan / Yağcami - 2+1,110000
Çukurova / Merkez - 3+1,230000
Sarıçam / Yıldırım Beyazıt - 2+1,155000
Çukurova / Merkez - 4+1,65000
Seyhan / Mavibulvar/Yurt - 3+1,280000
Çukurova / Mahfesığmaz - 3+1,320000
Çukurova / Yurt - 2+1,350000
Seyhan / Gürselpaşa - 2+1,190000
Çukurova / Mahfesığmaz - 3+1,62500
Çukurova / Merkez - 3+1,215000
Sarıçam / Yıldırım Beyazıt - 2+1,110000
Çukurova / Mahfesığmaz - 4+1,69500
Seyhan / Yeşilevler - 2+1,175000
Seyhan / Merkez - 2+1,160000
Sarıçam - 2+1,90000
Sarıçam / Sofulu - 3+1,175000
Seyhan / Yenibaraj - 4+1,315000
Çukurova / Mahfesığmaz - 3+1,300000
Çukurova / Köyler - 3+1,320000
Çukurova / Köyler - 3+1,320000
Çukurova / Merkez - 3+1,300000
Çukurova / Mahfesığmaz - 4+1,64000
Seyhan / Yenibaraj - 3+1,280000
Seyhan / Gazipaşa - 2+1,430000
Çukurova / Merkez - 4+1,60000
Çukurova / Mahfesığmaz - 4+1,65000
Sarıçam - 1+1,190000
Çukurova / Köyler - 4+2,60000
Seyhan / Gürselpaşa - 3+1,160000
Çukurova / Mahfesığmaz - 4+1,520000
Çukurova / Merkez - 3+1,385000
Sarıçam / Mehmet Akif Ersoy - 3+1,250000
Seyhan / Gürselpaşa - 4+1,850000
Çukurova / Mahfesığmaz - 10 Üzeri,3950000
Seyhan / Merkez - 2+1,140000
Seyhan / Mavibulvar/Yurt - 3+1,175000
Seyhan / Gürselpaşa - 4+1,72500
Seyhan / Kuruköprü - 2+1,165000
Seyhan / Gazipaşa - 4+1,65000
Yüreğir / Kazım Karabekir - 4+1,500000
Çukurova / Mahfesığmaz - 5+1,665000
Seyhan / Ziyapaşa - 3+1,150000
Çukurova / Merkez - 5+1,410000
Yüreğir / Keresteciler - 3+1,210000
Seyhan / Merkez - 3+1,250000
Çukurova / Köyler - 3+1,325000
Seyhan / Yeşilyurt - 3+1,450000
Seyhan / Gürselpaşa - 2+1,137000
Seyhan / Merkez - 2+1,217000
Ceyhan / Türlübaş - 3+1,170000
Çukurova / Merkez - 3+1,385000
Seyhan / Denizli - 2+1,130000
Yüreğir / Yavuzlar - 2+1,125000
Seyhan / Gürselpaşa - 4+1,550000
Çukurova / Köyler - 4+1,650000
Çukurova / Mahfesığmaz - 3+1,360000
Seyhan / Merkez - 2+1,125000
Seyhan / Meydan - 3+1,140000
Çukurova / Mahfesığmaz - 3+1,265000
Çukurova / Merkez - 6+1,600000
Seyhan / Gülbahçesi - 3+1,140000
Yüreğir / Yavuzlar - 3+1,350000
Çukurova / Köyler - 5+1,93999
Seyhan / Gürselpaşa - 3+1,255000
Seyhan / 2000 Evler - 3+1,360000
Sarıçam / Köyler - 8+3,95000
Seyhan / Mavibulvar/Yurt - 3+1,350000
Seyhan / Yenibaraj - 3+1,400000
Seyhan / Yeşilevler - 2+1,225000
Seyhan / Denizli - 3+1,350000
Seyhan / Kuruköprü - 3+1,280000
Pozantı - 1+1,75000
Seyhan / Mavibulvar/Yurt - 3+1,350000
Çukurova / Merkez - 3+1,160000
Sarıçam / Sofulu - 3+1,105000
Sarıçam / Sofulu - 2+1,90000
Ceyhan / Sanayi - 4+1,233000
Seyhan / Mavibulvar/Yurt - 2+1,210000
Pozantı - 3+1,175000
Çukurova / Mahfesığmaz - 4+1,64000
Seyhan / Gürselpaşa - 3+1,310000
Seyhan / Mavibulvar/Yurt - 4+1,268000
Çukurova / Merkez - 2+1,180000
Pozantı / Kamışlı,150000
Seyhan / Denizli - 2+1,200000
Seyhan / Gazipaşa - 3+1,450000
Seyhan / Gürselpaşa - 5+1,550000
Seyhan / Gazipaşa - 3+1,410000
Çukurova / Yurt - 4+1,350000
Seyhan / Zincirlibağlar - 3+1,195000
Çukurova / Merkez - 3+1,310000
Seyhan / 2000 Evler - 3+1,300000
Sarıçam / Sofulu - 2+1,135000
Seyhan / 2000 Evler - 4+1,400000
Kozan / Merkez - 3+1,130000
Sarıçam / Sofulu - 2+1,200000
Seyhan / Gürselpaşa - 4+1,660000
Çukurova / Köyler - 4+1,475000
Seyhan / Gürselpaşa - 3+1,375000
Seyhan / Akkapı - 2+1,130000
Seyhan / Merkez - 2+1,160000
Sarıçam - 5+1,75000
Kozan / Çarşı - 3+1,125000
Çukurova / Merkez - 3+1,360000
Seyhan / Saydam - 2+1,140000
Yüreğir / Pttevleri - 2+1,246000
Çukurova / Merkez - 3+1,170000
Seyhan / Emek - 3+1,180000
Seyhan / Gürselpaşa - 2+1,190000
Seyhan / Gazipaşa - 3+1,420000
Çukurova / Mahfesığmaz - 3+1,230000
Seyhan / Mavibulvar/Yurt - 2+1,215000
Çukurova / Merkez - 3+1,500000
Çukurova / Mahfesığmaz - 4+1,500000
Çukurova / Mahfesığmaz - 3+1,250000
Seyhan / Gürselpaşa - 4+1,360000
Sarıçam - 3+1,145000
Seyhan / Merkez - 2+1,210000
Yüreğir / Yavuzlar - 3+1,140000
Çukurova / Merkez - 3+1,260000
Yüreğir / Yavuzlar - 3+1,300000
Seyhan / Mavibulvar/Yurt - 2+1,215000
Çukurova / Merkez - 5+1,65000
Yüreğir / Kiremithane - 4+1,125000
Seyhan / Gürselpaşa - 6+1,80000
Seyhan / Gürselpaşa - 2+1,300000
Yüreğir / Havutlu - 3+1,185000
Sarıçam / Mehmet Akif Ersoy - 4+1,85000
Çukurova / Köyler - 5.5+1,750000
Yüreğir / Keresteciler - 3+1,200000
Seyhan / Yeşilevler - 3+1,170000
Seyhan / Mavibulvar/Yurt - 2+1,168000
Çukurova / Mahfesığmaz - 3+1,235000
Çukurova / Mahfesığmaz - 3+1,235000
Seyhan / Gazipaşa - 3+1,290000
Seyhan / Yenibaraj - 2+1,140000
Yüreğir / Kazım Karabekir - 4+1,660000
Sarıçam / Mehmet Akif Ersoy - 5+1,100000
Seyhan / Gürselpaşa - 2+1,240000
Çukurova / Mahfesığmaz - 4+1,60000
Seyhan / Denizli - 2+1,105000
Seyhan / Meydan - 3+1,120000
Seyhan / Gazipaşa - 2+1,325000
Çukurova / Merkez - 3+1,280000
Seyhan / Yeşilevler - 2+1,250000
Seyhan / Gazipaşa - 4+1,95000
Çukurova / Yurt - 3+1,320000
Çukurova / Huzurevleri - 2+1,250000
Seyhan / Gürselpaşa - 3+1,335000
Çukurova / Merkez - 3+1,70000
Çukurova / Merkez - 3+1,385000
Çukurova / Mahfesığmaz - 2+1,130000
Çukurova / Huzurevleri - 3+1,300000
Çukurova / Yurt - 3+1,255000
Seyhan / 2000 Evler - 2+1,130000
Seyhan / Merkez - 2+1,140000
Çukurova / Mahfesığmaz - 3+1,235000
Sarıçam / Sofulu - 1+1,110000
Çukurova / Merkez - 5.5+1,100000
Seyhan / Gazipaşa - 4+1,500000
Çukurova / Merkez - 3+1,295000
Yüreğir / Kazım Karabekir - 3+1,420000
Seyhan / Gürselpaşa - 4+1,890000
Çukurova / Merkez - 2+1,220000
Çukurova / Merkez - 5+1,65000
Seyhan / Gazipaşa - 5+1,110000
Seyhan / Gürselpaşa - 3+1,365000
Seyhan / Denizli - 3+1,264000
Çukurova / Merkez - 3+1,280000
Yüreğir / Yavuzlar - 3+1,320000
Çukurova / Mahfesığmaz - 2+1,250000
Çukurova / Mahfesığmaz - 4+1,375000
Seyhan / Mavibulvar/Yurt - 3+1,310000
Seyhan / Gürselpaşa - 4+1,650000
Seyhan / Gürselpaşa - 4+1,395000
Seyhan / Gürselpaşa - 3+1,295000
Çukurova / Merkez - 3+1,349999
Seyhan / 2000 Evler - 4+1,350000
Çukurova / Merkez - 4+1,550000
Seyhan / Gürselpaşa - 4+1,480000
Sarıçam / Yıldırım Beyazıt - 3+1,130000
Seyhan / Mavibulvar/Yurt - 4+1,300000
Seyhan / Gürselpaşa - 2+1,275000
Çukurova / Yurt - 3+1,210000
Çukurova / Merkez - 5+1,900000
Çukurova / Huzurevleri - 3+1,240000
Seyhan / Gazipaşa - 2+1,445000
Çukurova / Mahfesığmaz - 3+1,295000
Seyhan / 2000 Evler - 4+1,365000
Seyhan / Gazipaşa - 2+1,300000
Sarıçam - 2+1,120000
Seyhan / Akkapı - 3+1,225000
Sarıçam / Sofulu - 3+1,125000
Kozan / Köyler - 4+1,105000
Seyhan / Saydam - 4+1,260000
Çukurova / Huzurevleri - 3+1,180000
Çukurova / Yurt - 3+1,265000
Seyhan / Yeşilyurt - 2+1,122500
Seyhan / Mavibulvar/Yurt - 4+1,305000
Sarıçam / Sofulu - 3+1,160000
Çukurova / Merkez - 1+1,180000
Seyhan / Gürselpaşa - 2+1,155000
Seyhan / Gazipaşa - 4+1,590000
Seyhan / Yeşilyurt - 3+1,120000
Seyhan / Gazipaşa - 4+1,500000
Seyhan / Gürselpaşa - 2+1,265000
Yüreğir / Pttevleri - 3+1,150000
Seyhan / Gürselpaşa - 3+1,430000
Yüreğir / Keresteciler - 2+1,150000
Seyhan / Gazipaşa - 3+1,625000
Seyhan / Emekevler - 3+1,300000
Çukurova / Köyler - 5+1,110000
Seyhan / Gürselpaşa - 3+1,332000
Seyhan / Yenibaraj - 3+1,400000
Çukurova / Yurt - 3+1,310000
Sarıçam / Köyler - 3+1,440000
Çukurova / Merkez - 4+1,105000
Sarıçam / Mehmet Akif Ersoy - 2+1,93000
Seyhan / Mavibulvar/Yurt - 2+1,165500
Çukurova / Yurt - 3+1,175000
Sarıçam / Mehmet Akif Ersoy - 5+1,60000
Yüreğir / Haydaroğlu - 3+1,230000
Yüreğir / Karşıyaka - 3+1,205000
Sarıçam / Mehmet Akif Ersoy - 3+1,250000
Çukurova / Huzurevleri - 3+1,340000
Çukurova / Merkez - 3+1,295000
Seyhan / Yeşilyurt - 3+1,210000
Seyhan / Zincirlibağlar - 2+1,150000
Çukurova / Köyler - 3+2,650000
Yüreğir / Keresteciler - 2+1,190000
Seyhan / Ziyapaşa - 3+1,150000
Çukurova / Köyler - 4+1,1200000
Seyhan / Fevzipaşa - 3+1,80000
Seyhan / Mavibulvar/Yurt - 2+1,250000
Çukurova / Mahfesığmaz - 4+1,420000
Çukurova / Yurt - 2+1,325000
Seyhan / Mavibulvar/Yurt - 3+1,550000
Seyhan / Yenibaraj - 3+1,375000
Çukurova / Yurt - 4+1,450000
Yüreğir / Yavuzlar - 2+1,120000
Seyhan / Gürselpaşa - 5+1,1950000
Seyhan / Kuruköprü - 3+1,290000
Çukurova / Huzurevleri - 4+1,500000
Sarıçam / Köyler - 3+1,150000
Sarıçam / Yıldırım Beyazıt - 2+1,110000
Çukurova / Merkez - 4+1,60000
Çukurova / Mahfesığmaz - 3+1,450000
Seyhan / Gürselpaşa - 2+1,149000
Çukurova / Mahfesığmaz - 3+1,65000
Seyhan / Akkapı - 5+1,330000
Seyhan / Yeşilyurt - 3+1,130000
Sarıçam / Sofulu - 3+1,160000
Seyhan / Zincirlibağlar - 2+1,175000
Çukurova / Mahfesığmaz - 4+1,79000
Çukurova / Mahfesığmaz - 10 Üzeri,3000000
Çukurova / Köyler - 3+1,230000
Sarıçam - 1+1,130000
Karataş - 2+1,420000
Çukurova / Köyler - 7+2,125000
Çukurova / Mahfesığmaz - 4+1,500000
Çukurova / Huzurevleri - 2+1,185000
Seyhan / Yeşilyurt - 3+1,300000
Seyhan / Gazipaşa - 3+1,320000
Seyhan / Denizli - 3+1,153000
Çukurova / Merkez - 2+1,250000
Çukurova / Mahfesığmaz - 3+1,375000
Seyhan / Gürselpaşa - 3+1,300000
Seyhan / Kuruköprü - 4+1,350000
Çukurova / Merkez - 2+1,200000
Seyhan / Gürselpaşa - 4+1,525000
Çukurova / Mahfesığmaz - 3+1,274000
Çukurova / Köyler - 4+1,125000
Seyhan / Gürselpaşa - 3+1,160000
Yüreğir / Yavuzlar - 3+1,330000
Seyhan / Gazipaşa - 4+1,65000
Seyhan / Gazipaşa - 5+1,500000
Sarıçam / Köyler - 6+1,120000
Çukurova / Mahfesığmaz - 4+1,495000
Yüreğir / Keresteciler - 2+1,149000
Yüreğir / Pttevleri - 3+1,270000
Çukurova / Mahfesığmaz - 2+1,300000
Çukurova / Merkez - 4+1,65000
Seyhan / Gürselpaşa - 5+1,1100000
Sarıçam / Sofulu - 3+1,150000
Seyhan / Mavibulvar/Yurt - 1+1,280000
Sarıçam - 3+1,155000
Seyhan / Mavibulvar/Yurt - 2+1,310000
Çukurova / Merkez - 3+1,300000
Seyhan / Gazipaşa - 3+1,260000
Çukurova / Mahfesığmaz - 3+1,1170000
Sarıçam / Sofulu - 2+1,135000
Seyhan / Mavibulvar/Yurt - 3+1,360000
Sarıçam / Mehmet Akif Ersoy - 4+1,95000
Ceyhan / Namıkkemal - 2+1,260000
Seyhan / Gazipaşa - 2+1,280000
Seyhan / Gazipaşa - 3+1,230000
Sarıçam / Sofulu - 2+1,120000
Çukurova / Köyler - 4+1,60000
Seyhan / Gürselpaşa - 3+1,335000
Çukurova / Mahfesığmaz - 2+1,300000
Seyhan / Ziyapaşa - 3+1,250000
Çukurova / Mahfesığmaz - 3+1,510000
Seyhan / Yenibaraj - 2+1,335000
Seyhan / 2000 Evler - 4+1,360000
Çukurova / Huzurevleri - 4+1,590000
Seyhan / Zincirlibağlar - 2+1,300000
Sarıçam - 1+1,125000
Yüreğir / Yavuzlar - 1+1,105000
Çukurova / Mahfesığmaz - 2+1,300000
Çukurova / Köyler - 3+1,210000
Sarıçam - 2+1,125000
Yüreğir / Haydaroğlu - 4+1,350000
Seyhan / Gürselpaşa - 4+1,770000
Seyhan / Gürselpaşa - 4+1,450000
Pozantı - 2+1,150000
Yüreğir / Pttevleri - 2+1,120000
Sarıçam / Mehmet Akif Ersoy - 5+1,755000
Yüreğir / Pttevleri - 2+1,115000
Karataş / Bahçe - 4+1,85000
Çukurova / Merkez - 5+1,900000
Çukurova / Yurt - 5+1,900000
Seyhan / Gürselpaşa - 4+1,600000
Seyhan / Gazipaşa - 2+1,310000
Çukurova / Mahfesığmaz - 3+1,550000
Seyhan / Mavibulvar/Yurt - 3+1,295000
Çukurova / Huzurevleri - 2+1,219000
Çukurova / Yurt - 4+1,300000
Seyhan / Gazipaşa - 3+1,450000
Çukurova / Merkez - 3+1,200000
Çukurova / Merkez - 4+1,650000
Seyhan / Gürselpaşa - 2+1,220000
Çukurova / Merkez - 3+1,155000
Çukurova / Mahfesığmaz - 4+1,645000
Seyhan / Gürselpaşa - 2+1,250000
Çukurova / Huzurevleri - 4+1,350000
Seyhan / Gürselpaşa - 3+1,205000
Çukurova / Mahfesığmaz - 4+1,600000
Seyhan / Mavibulvar/Yurt - 3+1,280000
Çukurova / Mahfesığmaz - 3+1,400000
Yüreğir / Yavuzlar - 2+1,105000
Kozan / Merkez - 4+1,135000
Çukurova / Merkez - 3+1,550000
Çukurova / Köyler - 5+1,110000
Sarıçam / Sofulu - 1+1,125000
Seyhan / Gazipaşa - 3+1,375000
Seyhan / Saydam - 2+1,170000
Seyhan / Gürselpaşa - 4+1,495000
Çukurova / Merkez - 2+1,330000
Çukurova / Mahfesığmaz - 4+1,1000000
Çukurova / Merkez - 3+1,305000
Çukurova / Mahfesığmaz - 2+1,510000
Seyhan / Gazipaşa - 3+1,220000
Seyhan / Ziyapaşa - 4+1,390000
Seyhan / Gürselpaşa - 1+1,250000
Seyhan / 2000 Evler - 4+1,390000
Çukurova / Merkez - 3+1,500000
Çukurova / Huzurevleri - 3.5+1,300000
Seyhan / Gürselpaşa - 5+1,68000
Yüreğir / Kiremithane - 3+1,165000
Seyhan / Emekevler - 2+1,530000
Sarıçam / Yıldırım Beyazıt - 3+1,120000
Çukurova / Köyler - 4+1,630000
Çukurova / Köyler - 4+1,1200000
Çukurova / Yurt - 4+1,600000
Seyhan / Emek - 3+1,190000
Çukurova / Merkez - 1+1,200000
Çukurova / Mahfesığmaz - 2+1,200000
Seyhan / Emekevler - 3+1,375000
Seyhan / Mavibulvar/Yurt - 3+1,370000
Seyhan / Mavibulvar/Yurt - 2+1,275000
Sarıçam / Sofulu - 1+1,90000
Sarıçam / Sofulu - 1+1,125000
Çukurova / Merkez - 4+1,400000
Çukurova / Merkez - 4+1,400000
Seyhan / Mavibulvar/Yurt - 4+1,300000
Çukurova / Merkez - 3+1,230000
Ceyhan / Namıkkemal - 4+1,400000
Seyhan / Meydan - 3+1,120000
Çukurova / Mahfesığmaz - 3+1,395000
Çukurova / Mahfesığmaz - 2+1,60000
Çukurova / Mahfesığmaz - 4+1,600000
Çukurova / Merkez - 3+1,2395000
Çukurova / Mahfesığmaz - 4+1,590000
Çukurova / Merkez - 2+1,95000
Çukurova / Merkez - 4+1,60000
Yüreğir / Pttevleri - 3+1,240000
Çukurova / Merkez - 3+1,240000
Çukurova / Köyler - 3+1,650000
Çukurova / Merkez - 3+1,300000
Çukurova / Köyler - 3+1,320000
Çukurova / Merkez - 2+1,290000
Seyhan / 2000 Evler - 3+1,425000
Karataş / Tuzla - 1+1,110000
Çukurova / Köyler - 4+1,1200000
Seyhan / Fevzipaşa - 1+1,145000
Yüreğir / Kiremithane - 2+1,114000
Seyhan / Zincirlibağlar - 4+1,245000
Çukurova / Yurt - 4+1,500000
Seyhan / Yenibaraj - 2+1,320000
Seyhan / 2000 Evler - 4+1,365000
Çukurova / Beyazevler - 3+1,350000
Seyhan / Zincirlibağlar - 3+1,280000
Seyhan / Gürselpaşa - 4+1,850000
Çukurova / Merkez - 3+1,330000
Çukurova / Mahfesığmaz - 3+1,215000
Sarıçam / Mehmet Akif Ersoy - 3+1,265000
Çukurova / Merkez - 3+1,275000
Çukurova / Merkez - 3+1,360000
Seyhan / Gürselpaşa - 4+1,850000
Seyhan / Ziyapaşa - 4+1,320000
Seyhan / Gürselpaşa - 2+1,325000
Yüreğir / Keresteciler - 2+1,170000
Ceyhan / Namıkkemal - 5+1,480000
Seyhan / Gazipaşa - 3+1,210000
Seyhan / Gazipaşa - 3+1,500000
Çukurova / Huzurevleri - 2+1,250000
Çukurova / Merkez - 3+1,205000
Seyhan / Mavibulvar/Yurt - 2+1,450000
Çukurova / Mahfesığmaz - 3+1,350000
Çukurova / Mahfesığmaz - 3+1,305000
Çukurova / Mahfesığmaz - 3+1,285000
Çukurova / Köyler - 2+1,210000
Yüreğir / Haydaroğlu - 4+1,380000
Çukurova / Merkez - 10 Üzeri,2395000
Seyhan / Mavibulvar/Yurt - 3+1,330000
Çukurova / Köyler - 4+1,480000
Seyhan / Gürselpaşa - 2+1,320000
Kozan / Merkez - 2+1,125000
Çukurova / Huzurevleri - 4+1,485000
Sarıçam / Sofulu - 2+1,90000
Çukurova / Mahfesığmaz - 3+1,230000
Seyhan / Emek - 2+1,150000
Çukurova / Huzurevleri - 3+1,360000
Çukurova / Köyler - 3+1,650000
Çukurova / Merkez - 3+1,230000
Çukurova / Merkez - 2+1,245000
Çukurova / Yurt - 3+1,198000
Seyhan / Saydam - 3+1,110000
Seyhan / Gürselpaşa - 4+1,990000
Seyhan / Gürselpaşa - 4+1,390000
Seyhan / Yeşilevler - 4+1,280000
Çukurova / Mahfesığmaz - 2+1,280000
Seyhan / Yeşilyurt - 3+1,250000
Seyhan / Gürselpaşa - 4+1,480000
Seyhan / Gürselpaşa - 2+1,190000
Çukurova / Merkez - 4+1,400000
Çukurova / Merkez - 2+1,140000
Seyhan / Gürselpaşa - 4+1,590000
Sarıçam / Mehmet Akif Ersoy - 3+1,290000
Seyhan / Gazipaşa - 1+1,420000
Çukurova / Merkez - 3+1,300000
Seyhan / Gürselpaşa - 2+1,300000
Seyhan / Zincirlibağlar - 2+1,165000
Seyhan / Gürselpaşa - 4+1,548000
Çukurova / Huzurevleri - 3+1,280000
Çukurova / Köyler - 4+1,550000
Sarıçam / Mehmet Akif Ersoy - 4+1,850000
Seyhan / Saydam - 2+1,160000
Çukurova / Yurt - 3+1,320000
Çukurova / Huzurevleri - 4+1,75000
Sarıçam / Sofulu - 3+1,155000
Çukurova / Merkez - 3+1,330000
Seyhan / Fevzipaşa - 2+1,170000
Sarıçam / Sofulu - 3+1,70000
Seyhan / Yenibaraj - 3+1,350000
Seyhan / Mavibulvar/Yurt - 3+1,248500
Çukurova / Mahfesığmaz - 4+1,60000
Seyhan / Mavibulvar/Yurt - 4+1,420000
Çukurova / Mahfesığmaz - 3+1,375000
Çukurova / Mahfesığmaz - 3+1,278000
Çukurova / Merkez - 3+1,60000
Çukurova / Köyler - 5+1,420000
Çukurova / Köyler - 3+1,75000
Seyhan / Yenibaraj - 4+1,395000
Çukurova / Huzurevleri - 3+1,285000
Çukurova / Merkez - 4+1,65000
Çukurova / Huzurevleri - 3+1,180000
Çukurova / Merkez - 3+1,279000
Seyhan / Gürselpaşa - 7+2,67000
Çukurova / Merkez - 3+1,300000
Çukurova / Huzurevleri - 2+1,255000
Seyhan / Zincirlibağlar - 3+1,230000
Çukurova / Mahfesığmaz - 2+1,220000
Çukurova / Mahfesığmaz - 3+1,350000
Seyhan / Gürselpaşa - 2+1,310000
Sarıçam / Sofulu - 2+1,240000
Çukurova / Mahfesığmaz - 3+1,640000
Yüreğir / Bahçelievler - 3+1,145000
Çukurova / Merkez - 3+1,290000
Seyhan / Gürselpaşa - 4+1,640000
Seyhan / Gazipaşa - 2+1,240000
Seyhan / Yenibaraj - 4+1,350000
Sarıçam / Sofulu - 3+1,165000
Çukurova / Mahfesığmaz - 4+1,66000
Çukurova / Mahfesığmaz - 3+1,575000
Çukurova / Merkez - 3+1,330000
Sarıçam / Köyler - 6+2,94000
Çukurova / Merkez - 4+1,65000
Sarıçam / Mehmet Akif Ersoy - 5+2,70000
Sarıçam / Sofulu - 1+1,100000
Sarıçam / Mehmet Akif Ersoy - 2+1,135000
Seyhan / Gazipaşa - 5.5+1,800000
Sarıçam / Sofulu - 3+1,200000
Çukurova / Mahfesığmaz - 3+1,500000
Seyhan / Merkez - 3+1,390000
Seyhan / Gazipaşa - 2+1,400000
Yüreğir / Yamaçlı - 3+1,180000
Çukurova / Köyler - 4+2,95000
Çukurova / Mahfesığmaz - 3+1,62500
Sarıçam / Sofulu - 1+1,190000
Çukurova / Mahfesığmaz - 4+1,70000
Çukurova / Yurt - 2+1,350000
Seyhan / Gazipaşa - 4+1,500000
Çukurova / Merkez - 3+1,215000
Sarıçam - 3+1,165000
Ceyhan / Emek - 3+1,180000
Çukurova / Köyler - 5+1,110000
Seyhan / Yeşilyurt - 2+1,120000
Seyhan / Gürselpaşa - 3+2,80000
Seyhan / Gürselpaşa - 4+1,700000
Çukurova / Merkez - 3+1,165000
Çukurova / Huzurevleri - 4+1,530000
Seyhan / Denizli - 3+1,310000
Çukurova / Mahfesığmaz - 4+1,69000
Seyhan / Yeşilevler - 3+1,195000
Çukurova / Yurt - 3+1,450000
Çukurova / Merkez - 3+1,310000
Çukurova / Huzurevleri - 4+1,450000
Çukurova / Mahfesığmaz - 3+1,465000
Sarıçam / Mehmet Akif Ersoy - 3+1,900000
Pozantı / Köyler - 3+1,225000
Seyhan / Mavibulvar/Yurt - 2+1,185000
Çukurova / Mahfesığmaz - 2+1,660000
Seyhan / Gazipaşa - 3+1,65000
Seyhan / Emek - 2+1,135000
Seyhan / Gürselpaşa - 2+1,275000
Çukurova / Merkez - 4+1,390000
Seyhan / Gürselpaşa - 3+1,410000
Çukurova / Merkez - 3+1,360000
Çukurova / Merkez - 3+1,420000
Seyhan / Akkapı - 2+1,170000
Seyhan / Gazipaşa - 1+1,160000
Çukurova / Merkez - 2+1,280000
Sarıçam - 4+1,165000
Sarıçam / Mehmet Akif Ersoy - 4+1,1050000
Seyhan / Yenibaraj - 3+1,480000
Çukurova / Mahfesığmaz - 2+1,188000
Çukurova / Merkez - 6+1,110000
Seyhan / Gazipaşa - 3+1,465000
Seyhan / Gazipaşa - 1+1,145000
Çukurova / Mahfesığmaz - 3+1,245000
Seyhan / Merkez - 2.5+1,120000
Çukurova / Mahfesığmaz - 3+1,230000
Sarıçam / Sofulu - 3+1,230000
Çukurova / Mahfesığmaz - 5+1,65500
Seyhan / Yenibaraj - 2+1,320000
Çukurova / Merkez - 3+1,230000
Seyhan / Gürselpaşa - 2+1,275000
Seyhan / Denizli - 3+1,250000
Çukurova / Mahfesığmaz - 4+1,75000
Seyhan / Yeşilyurt - 3+1,300000
Çukurova / Merkez - 6+1,750000
Çukurova / Mahfesığmaz - 4+1,390000
Seyhan / Mavibulvar/Yurt - 2+1,320000
Ceyhan / Sanayi - 3+1,158000
Seyhan / Yeşilyurt - 2+1,120000
Yüreğir / Yavuzlar - 2+1,110000
Ceyhan / Emek - 3+1,225000
Çukurova / Mahfesığmaz - 4+1,60000
Seyhan / Fevzipaşa - 3+1,310000
Çukurova / Mahfesığmaz - 4+1,1250000
Çukurova / Mahfesığmaz - 3+1,60000
Çukurova / Beyazevler - 3+1,350000
Çukurova / Merkez - 4+1,650000
Çukurova / Mahfesığmaz - 4+1,370000
Çukurova / Huzurevleri - 3+1,350000
Seyhan / Gürselpaşa - 3+1,290000
Seyhan / Yeşilevler - 2+1,175000
Çukurova / Huzurevleri - 3+1,210000
Yüreğir / Bahçelievler - 3+1,220000
Seyhan / Gazipaşa - 3+1,360000
Seyhan / Mavibulvar/Yurt - 4+1,370000
Seyhan / Emek - 2+1,110000
Çukurova / Huzurevleri - 4+1,460000
Çukurova / Yurt - 3+1,285000
Seyhan / Gürselpaşa - 4+1,550000
Sarıçam / Sofulu - 3+1,135000
Sarıçam - 3+1,125000
Çukurova / Mahfesığmaz - 4+1,500000
Çukurova / Merkez - 3+1,300000
Yüreğir / Kazım Karabekir - 4+1,590000
Seyhan / Gürselpaşa - 2+1,180000
Ceyhan / Sanayi - 2+1,160000
Seyhan / Gürselpaşa - 3+1,160000
Kozan / Merkez - 2+1,105000
Seyhan / Köyler - 3+1,120000
Seyhan / Kuruköprü - 2+1,120000
Seyhan / Denizli - 2+1,110000
Seyhan / Yenibaraj - 3+1,240000
Çukurova / Mahfesığmaz - 4+1,60000
Çukurova / Merkez - 4+1,420000
Seyhan / Gürselpaşa - 4+1,390000
Seyhan / Merkez - 2+1,217000
Yumurtalık - 4+1,310000
Çukurova / Huzurevleri - 2+1,270000
Seyhan / Yeşilyurt - 3+1,305000
Seyhan / Mavibulvar/Yurt - 3+1,365000
Seyhan / Gürselpaşa - 4+1,470000
Sarıçam - 3+1,175000
Seyhan / 2000 Evler - 2+1,150000
Çukurova / Yurt - 4+1,330000
Seyhan / Gürselpaşa - 3+1,125000
İmamoğlu - 3+1,75000
Çukurova / Merkez - 2+1,255000
Seyhan / Fevzipaşa - 3+1,120000
Seyhan / Gürselpaşa - 4+1,640000
Seyhan / Gürselpaşa - 4+1,425000
Seyhan / Gürselpaşa - 2+1,275000
Çukurova / Mahfesığmaz - 5+1,65000
Çukurova / Yurt - 4+1,297000
Seyhan / Zincirlibağlar - 2+1,230000
Seyhan / Mavibulvar/Yurt - 2+1,295000
Çukurova / Huzurevleri - 4+1,440000
Sarıçam - 3+1,240000
Seyhan / Mavibulvar/Yurt - 3+1,230000
Seyhan / Köyler - 3+1,95000
Seyhan / Yenibaraj - 3+1,375000
Çukurova / Merkez - 3+1,550000
Seyhan / Yenibaraj - 2+1,335000
Seyhan / Mavibulvar/Yurt - 4+1,380000
Yumurtalık - 2+1,100000
Karataş - 2+1,420000
Çukurova / Mahfesığmaz - 2+1,510000
